timestamp,temperature_C,humidity,pir_motion
2026-01-12T00:00:00.629198,18.3,50.9,0
2026-01-12T00:00:02.883395,18.3,50.9,0
2026-01-12T00:00:05.137998,18.3,50.9,1
2026-01-12T00:00:07.392646,18.3,50.9,1
2026-01-12T00:00:09.646841,18.3,50.9,1
2026-01-12T00:00:11.901584,18.3,50.9,1
2026-01-12T00:00:14.156239,18.3,50.9,1
2026-01-12T00:00:16.410870,18.3,50.9,1
2026-01-12T00:00:18.665691,18.3,50.9,1
2026-01-12T00:00:20.920320,18.3,50.9,1
2026-01-12T00:00:23.174932,18.3,51.0,1
2026-01-12T00:00:25.429648,18.3,51.0,1
2026-01-12T00:00:27.684254,18.3,51.0,1
2026-01-12T00:00:29.938839,18.3,51.0,1
2026-01-12T00:00:32.193607,18.3,51.0,1
2026-01-12T00:00:34.448276,18.3,51.1,1
2026-01-12T00:00:36.702501,18.3,51.1,1
2026-01-12T00:00:38.957081,18.3,51.0,1
2026-01-12T00:00:41.213800,18.3,51.0,1
2026-01-12T00:00:43.468341,18.3,51.0,1
2026-01-12T00:00:45.723216,18.3,51.0,0
2026-01-12T00:00:47.977835,18.3,51.0,0
2026-01-12T00:00:50.232306,18.3,50.9,0
2026-01-12T00:00:52.487156,18.3,50.9,0
2026-01-12T00:00:54.741852,18.3,50.9,0
2026-01-12T00:00:56.996468,18.3,50.9,0
2026-01-12T00:00:59.251294,18.3,50.8,0
2026-01-12T00:01:01.505936,18.3,50.8,1
2026-01-12T00:01:03.760589,18.3,50.8,1
2026-01-12T00:01:06.015472,18.3,50.8,1
2026-01-12T00:01:08.270052,18.3,50.8,1
2026-01-12T00:01:10.524212,18.3,50.8,1
2026-01-12T00:01:12.778975,18.3,50.8,1
2026-01-12T00:01:15.033630,18.3,50.8,1
2026-01-12T00:01:17.287557,18.3,50.8,1
2026-01-12T00:01:19.542408,18.3,50.8,1
2026-01-12T00:01:21.796648,18.3,50.8,1
2026-01-12T00:01:24.051238,18.3,50.8,1
2026-01-12T00:01:26.305786,18.3,50.8,1
2026-01-12T00:01:28.562588,18.3,50.8,1
2026-01-12T00:01:30.817132,18.3,50.8,1
2026-01-12T00:01:33.071319,18.3,50.8,1
2026-01-12T00:01:35.325760,18.3,50.8,1
2026-01-12T00:01:37.579860,18.3,50.8,1
2026-01-12T00:01:39.834584,18.3,50.8,1
2026-01-12T00:01:42.089075,18.3,50.8,1
2026-01-12T00:01:44.343280,18.3,50.8,0
2026-01-12T00:01:46.597703,18.3,50.8,0
2026-01-12T00:01:48.851736,18.3,50.8,0
2026-01-12T00:01:51.106169,18.3,50.8,0
2026-01-12T00:01:53.360567,18.3,50.8,0
2026-01-12T00:01:55.615074,18.3,50.8,0
2026-01-12T00:01:57.869476,18.3,50.8,1
2026-01-12T00:02:00.124000,18.3,50.8,1
2026-01-12T00:02:02.378627,18.3,50.8,1
2026-01-12T00:02:04.633200,18.3,50.9,1
2026-01-12T00:02:06.887497,18.3,50.9,1
2026-01-12T00:02:09.141923,18.3,50.9,1
2026-01-12T00:02:11.396156,18.3,50.9,1
2026-01-12T00:02:13.651087,18.3,50.9,1
2026-01-12T00:02:15.905677,18.3,50.9,1
2026-01-12T00:02:18.159789,18.3,50.9,1
2026-01-12T00:02:20.414533,18.3,50.9,1
2026-01-12T00:02:22.668733,18.3,50.9,1
2026-01-12T00:02:24.922748,18.3,50.8,1
2026-01-12T00:02:27.177335,18.3,50.8,1
2026-01-12T00:02:29.431475,18.3,50.8,1
2026-01-12T00:02:31.686038,18.3,50.8,1
2026-01-12T00:02:33.940232,18.3,50.8,1
2026-01-12T00:02:36.194797,18.3,50.8,1
2026-01-12T00:02:38.449239,18.3,50.8,1
2026-01-12T00:02:40.704205,18.3,50.9,0
2026-01-12T00:02:42.958658,18.3,50.9,0
2026-01-12T00:02:45.213223,18.3,50.9,0
2026-01-12T00:02:47.467909,18.3,50.9,0
2026-01-12T00:02:49.722617,18.3,50.9,0
2026-01-12T00:02:51.977066,18.3,50.9,0
2026-01-12T00:02:54.231752,18.3,50.9,1
2026-01-12T00:02:56.486344,18.3,51.0,1
2026-01-12T00:02:58.741002,18.3,51.0,1
2026-01-12T00:03:00.995485,18.3,51.0,1
2026-01-12T00:03:03.250106,18.3,51.0,1
2026-01-12T00:03:05.504627,18.3,51.1,1
2026-01-12T00:03:07.759495,18.3,51.1,1
2026-01-12T00:03:10.014121,18.3,51.1,1
2026-01-12T00:03:12.268393,18.3,51.2,1
2026-01-12T00:03:14.523352,18.3,51.2,1
2026-01-12T00:03:16.778043,18.3,51.3,1
2026-01-12T00:03:19.032525,18.3,51.2,1
2026-01-12T00:03:21.287325,18.3,51.2,1
2026-01-12T00:03:23.542008,18.3,51.1,1
2026-01-12T00:03:25.796469,18.3,51.1,1
2026-01-12T00:03:28.051247,18.3,51.1,1
2026-01-12T00:03:30.305833,18.3,51.1,1
2026-01-12T00:03:32.560399,18.3,51.0,1
2026-01-12T00:03:34.815260,18.3,51.0,1
2026-01-12T00:03:37.069692,18.3,50.9,0
2026-01-12T00:03:39.324236,18.3,50.9,0
2026-01-12T00:03:41.579230,18.3,51.0,0
2026-01-12T00:03:43.833737,18.3,50.9,0
2026-01-12T00:03:46.088292,18.3,50.9,0
2026-01-12T00:03:48.343122,18.3,50.9,0
2026-01-12T00:03:50.597701,18.3,50.9,0
2026-01-12T00:03:52.852157,18.3,50.8,1
2026-01-12T00:03:55.106872,18.3,50.8,1
2026-01-12T00:03:57.361562,18.3,50.9,1
2026-01-12T00:03:59.616219,18.3,50.9,1
2026-01-12T00:04:01.870968,18.3,50.8,1
2026-01-12T00:04:04.125565,18.3,50.9,1
2026-01-12T00:04:06.380102,18.3,50.8,1
2026-01-12T00:04:08.634989,18.3,50.9,1
2026-01-12T00:04:10.889593,18.3,50.9,1
2026-01-12T00:04:13.143872,18.3,50.9,1
2026-01-12T00:04:15.398587,18.3,50.9,1
2026-01-12T00:04:17.652821,18.3,50.9,1
2026-01-12T00:04:19.907351,18.3,50.9,1
2026-01-12T00:04:22.162111,18.3,51.0,1
2026-01-12T00:04:24.416282,18.3,51.0,1
2026-01-12T00:04:26.670915,18.3,51.0,1
2026-01-12T00:04:28.925655,18.3,51.1,1
2026-01-12T00:04:31.179980,18.3,51.1,1
2026-01-12T00:04:33.434503,18.3,51.1,0
2026-01-12T00:04:35.688956,18.3,51.2,0
2026-01-12T00:04:37.943287,18.3,51.2,0
2026-01-12T00:04:40.197753,18.3,51.3,0
2026-01-12T00:04:42.452284,18.3,51.3,0
2026-01-12T00:04:44.707001,18.3,51.3,0
2026-01-12T00:04:46.961296,18.3,51.3,0
2026-01-12T00:04:49.215735,18.3,51.2,1
2026-01-12T00:04:51.470460,18.3,51.2,1
2026-01-12T00:04:53.724692,18.3,51.3,1
2026-01-12T00:04:55.978832,18.3,51.3,1
2026-01-12T00:04:58.233403,18.3,51.3,1
2026-01-12T00:05:00.487906,18.3,51.3,1
2026-01-12T00:05:02.742781,18.3,51.2,1
2026-01-12T00:05:04.997404,18.3,51.2,1
2026-01-12T00:05:07.251828,18.3,51.2,1
2026-01-12T00:05:09.506465,18.3,51.2,1
2026-01-12T00:05:11.760837,18.3,51.2,1
2026-01-12T00:05:14.015401,18.3,51.1,1
2026-01-12T00:05:16.270077,18.3,51.2,1
2026-01-12T00:05:18.524681,18.3,51.1,1
2026-01-12T00:05:20.778808,18.3,51.2,1
2026-01-12T00:05:23.033451,18.3,51.2,1
2026-01-12T00:05:25.287950,18.3,51.2,1
2026-01-12T00:05:27.542674,18.3,51.2,1
2026-01-12T00:05:29.796958,18.3,51.1,0
2026-01-12T00:05:32.051529,18.3,51.2,0
2026-01-12T00:05:34.306030,18.3,51.2,0
2026-01-12T00:05:36.560675,18.3,51.2,0
2026-01-12T00:05:38.814826,18.3,51.2,0
2026-01-12T00:05:41.069360,18.3,51.3,0
2026-01-12T00:05:43.323662,18.3,51.2,0
2026-01-12T00:05:45.578393,18.3,51.3,1
2026-01-12T00:05:47.832887,18.3,51.2,1
2026-01-12T00:05:50.087669,18.3,51.1,1
2026-01-12T00:05:52.342289,18.3,51.2,1
2026-01-12T00:05:54.596589,18.3,51.1,1
2026-01-12T00:05:56.851359,18.3,51.1,1
2026-01-12T00:05:59.105998,18.3,51.1,1
2026-01-12T00:06:01.360190,18.3,51.1,1
2026-01-12T00:06:03.615116,18.3,51.1,1
2026-01-12T00:06:05.869386,18.3,51.1,1
2026-01-12T00:06:08.123889,18.3,51.1,1
2026-01-12T00:06:10.378010,18.3,51.1,1
2026-01-12T00:06:12.632539,18.3,51.1,1
2026-01-12T00:06:14.887143,18.3,51.2,1
2026-01-12T00:06:17.141584,18.3,51.2,1
2026-01-12T00:06:19.395850,18.3,51.2,1
2026-01-12T00:06:21.650531,18.3,51.2,1
2026-01-12T00:06:23.904771,18.3,51.3,1
2026-01-12T00:06:26.159373,18.3,51.2,0
2026-01-12T00:06:28.413563,18.3,51.3,0
2026-01-12T00:06:30.668361,18.3,51.2,0
2026-01-12T00:06:32.922983,18.3,51.3,0
2026-01-12T00:06:35.177521,18.3,51.2,0
2026-01-12T00:06:37.431750,18.3,51.2,0
2026-01-12T00:06:39.686468,18.3,51.2,0
2026-01-12T00:06:41.940502,18.3,51.2,1
2026-01-12T00:06:44.195297,18.3,51.2,1
2026-01-12T00:06:46.449692,18.3,51.3,1
2026-01-12T00:06:48.704386,18.3,51.3,1
2026-01-12T00:06:50.958786,18.3,51.3,1
2026-01-12T00:06:53.213271,18.3,51.3,1
2026-01-12T00:06:55.467563,18.3,51.3,1
2026-01-12T00:06:57.722328,18.3,51.3,1
2026-01-12T00:06:59.976543,18.3,51.3,1
2026-01-12T00:07:02.230619,18.3,51.3,1
2026-01-12T00:07:04.484976,18.3,51.3,1
2026-01-12T00:07:06.739603,18.3,51.3,1
2026-01-12T00:07:08.993954,18.3,51.3,1
2026-01-12T00:07:11.248339,18.3,51.2,1
2026-01-12T00:07:13.502547,18.3,51.2,1
2026-01-12T00:07:15.756570,18.3,51.1,1
2026-01-12T00:07:18.011246,18.3,51.2,1
2026-01-12T00:07:20.265828,18.3,51.1,1
2026-01-12T00:07:22.520980,18.3,51.2,0
2026-01-12T00:07:24.775381,18.3,51.1,0
2026-01-12T00:07:27.029811,18.3,51.1,0
2026-01-12T00:07:29.284083,18.3,51.1,0
2026-01-12T00:07:31.538989,18.3,51.2,0
2026-01-12T00:07:33.793641,18.3,51.1,0
2026-01-12T00:07:36.047902,18.3,51.2,0
2026-01-12T00:07:38.302585,18.3,51.2,1
2026-01-12T00:07:40.557432,18.3,51.1,1
2026-01-12T00:07:42.811872,18.3,51.1,1
2026-01-12T00:07:45.066523,18.3,51.1,1
2026-01-12T00:07:47.322181,18.3,51.0,1
2026-01-12T00:07:49.576391,18.3,51.0,1
2026-01-12T00:07:51.830580,18.3,51.0,1
2026-01-12T00:07:54.084754,18.3,51.0,1
2026-01-12T00:07:56.338965,18.3,51.0,1
2026-01-12T00:07:58.593495,18.3,51.0,1
2026-01-12T00:08:00.849724,18.3,51.0,1
2026-01-12T00:08:03.104128,18.3,51.0,1
2026-01-12T00:08:05.359010,18.3,51.0,1
2026-01-12T00:08:07.613708,18.3,50.9,1
2026-01-12T00:08:09.867864,18.3,50.9,1
2026-01-12T00:08:12.122439,18.3,51.0,1
2026-01-12T00:08:14.376795,18.3,51.0,1
2026-01-12T00:08:16.631481,18.3,51.0,1
2026-01-12T00:08:18.886213,18.3,51.0,0
2026-01-12T00:08:21.140428,18.3,51.0,0
2026-01-12T00:08:23.395049,18.3,51.0,0
2026-01-12T00:08:25.649623,18.3,51.0,0
2026-01-12T00:08:27.906246,18.3,51.0,0
2026-01-12T00:08:30.160498,18.3,51.0,0
2026-01-12T00:08:32.414980,18.3,51.0,0
2026-01-12T00:08:34.669636,18.3,51.1,1
2026-01-12T00:08:36.923725,18.3,51.1,1
2026-01-12T00:08:39.178352,18.3,51.1,1
2026-01-12T00:08:41.432834,18.3,51.2,1
2026-01-12T00:08:43.686917,18.3,51.2,1
2026-01-12T00:08:45.941387,18.3,51.3,1
2026-01-12T00:08:48.195631,18.3,51.3,1
2026-01-12T00:08:50.450151,18.3,51.3,1
2026-01-12T00:08:52.704988,18.3,51.3,1
2026-01-12T00:08:54.959138,18.3,51.3,1
2026-01-12T00:08:57.213490,18.3,51.3,1
2026-01-12T00:08:59.468087,18.3,51.3,1
2026-01-12T00:09:01.722731,18.3,51.3,1
2026-01-12T00:09:03.976853,18.3,51.2,1
2026-01-12T00:09:06.231052,18.3,51.2,1
2026-01-12T00:09:08.485590,18.3,51.2,1
2026-01-12T00:09:10.740169,18.3,51.2,1
2026-01-12T00:09:12.994818,18.3,51.2,1
2026-01-12T00:09:15.249271,18.3,51.2,1
2026-01-12T00:09:17.503388,18.3,51.2,0
2026-01-12T00:09:19.758155,18.3,51.1,0
2026-01-12T00:09:22.012272,18.3,51.2,0
2026-01-12T00:09:24.266870,18.3,51.1,0
2026-01-12T00:09:26.521575,18.3,51.1,0
2026-01-12T00:09:28.777049,18.3,51.1,0
2026-01-12T00:09:31.031402,18.3,51.1,1
2026-01-12T00:09:33.286047,18.3,51.1,1
2026-01-12T00:09:35.540401,18.3,51.1,1
2026-01-12T00:09:37.795012,18.3,51.1,1
2026-01-12T00:09:40.049761,18.3,51.1,1
2026-01-12T00:09:42.304051,18.3,51.1,1
2026-01-12T00:09:44.558671,18.3,51.1,1
2026-01-12T00:09:46.812928,18.3,51.1,1
2026-01-12T00:09:49.067591,18.3,51.1,1
2026-01-12T00:09:51.322042,18.3,51.0,1
2026-01-12T00:09:53.576472,18.3,51.0,1
2026-01-12T00:09:55.831193,18.3,51.0,1
2026-01-12T00:09:58.085425,18.3,51.0,1
2026-01-12T00:10:00.339682,18.3,51.0,1
2026-01-12T00:10:02.594385,18.3,51.0,1
2026-01-12T00:10:04.848647,18.3,50.9,1
2026-01-12T00:10:07.103388,18.3,50.9,1
2026-01-12T00:10:09.357850,18.3,51.0,1
2026-01-12T00:10:11.612226,18.3,51.0,1
2026-01-12T00:10:13.866453,18.3,51.0,0
2026-01-12T00:10:16.120498,18.3,51.0,0
2026-01-12T00:10:18.375081,18.3,51.0,0
2026-01-12T00:10:20.629707,18.3,51.0,0
2026-01-12T00:10:22.883951,18.3,51.0,0
2026-01-12T00:10:25.137929,18.3,51.0,0
2026-01-12T00:10:27.392200,18.3,51.0,0
2026-01-12T00:10:29.646853,18.3,51.1,1
2026-01-12T00:10:31.901439,18.3,51.1,1
2026-01-12T00:10:34.155753,18.3,51.1,1
2026-01-12T00:10:36.410342,18.3,51.1,1
2026-01-12T00:10:38.664517,18.3,51.2,1
2026-01-12T00:10:40.919282,18.3,51.1,1
2026-01-12T00:10:43.173697,18.3,51.1,1
2026-01-12T00:10:45.427772,18.3,51.1,1
2026-01-12T00:10:47.682279,18.3,51.1,1
2026-01-12T00:10:49.936321,18.3,51.1,1
2026-01-12T00:10:52.190820,18.3,51.0,1
2026-01-12T00:10:54.445178,18.3,51.0,1
2026-01-12T00:10:56.699317,18.3,51.0,1
2026-01-12T00:10:58.953269,18.3,51.0,1
2026-01-12T00:11:01.207410,18.3,51.0,1
2026-01-12T00:11:03.461545,18.3,51.0,1
2026-01-12T00:11:05.715850,18.3,51.0,1
2026-01-12T00:11:07.970539,18.3,50.9,1
2026-01-12T00:11:10.224847,18.3,50.9,0
2026-01-12T00:11:12.479027,18.3,50.9,0
2026-01-12T00:11:14.733642,18.3,50.9,0
2026-01-12T00:11:16.987783,18.3,50.9,0
2026-01-12T00:11:19.241800,18.3,50.9,0
2026-01-12T00:11:21.496096,18.3,50.8,0
2026-01-12T00:11:23.750700,18.3,50.9,0
2026-01-12T00:11:26.004710,18.3,50.8,1
2026-01-12T00:11:28.259519,18.3,50.8,1
2026-01-12T00:11:30.514051,18.3,50.8,1
2026-01-12T00:11:32.768173,18.3,50.8,1
2026-01-12T00:11:35.022975,18.3,50.8,1
2026-01-12T00:11:37.277316,18.3,50.8,1
2026-01-12T00:11:39.531509,18.3,50.8,1
2026-01-12T00:11:41.786110,18.3,50.8,1
2026-01-12T00:11:44.040296,18.3,50.8,1
2026-01-12T00:11:46.294823,18.3,50.8,1
2026-01-12T00:11:48.549487,18.3,50.8,1
2026-01-12T00:11:50.803717,18.3,50.8,1
2026-01-12T00:11:53.058235,18.3,50.8,1
2026-01-12T00:11:55.312475,18.3,50.8,1
2026-01-12T00:11:57.567118,18.3,50.8,1
2026-01-12T00:11:59.821557,18.3,50.8,1
2026-01-12T00:12:02.075796,18.3,50.8,1
2026-01-12T00:12:04.330344,18.3,50.8,1
2026-01-12T00:12:06.584546,18.3,50.8,0
2026-01-12T00:12:08.839349,18.3,50.8,0
2026-01-12T00:12:11.093752,18.3,50.8,0
2026-01-12T00:12:13.347904,18.3,50.8,0
2026-01-12T00:12:15.602183,18.3,50.9,0
2026-01-12T00:12:17.856393,18.3,50.9,0
2026-01-12T00:12:20.110967,18.3,50.9,0
2026-01-12T00:12:22.365643,18.3,50.9,1
2026-01-12T00:12:24.620234,18.3,50.9,1
2026-01-12T00:12:26.874767,18.3,50.9,1
2026-01-12T00:12:29.129007,18.3,50.9,1
2026-01-12T00:12:31.382995,18.3,51.0,1
2026-01-12T00:12:33.637315,18.3,51.0,1
2026-01-12T00:12:35.891599,18.3,51.0,1
2026-01-12T00:12:38.146129,18.3,51.1,1
2026-01-12T00:12:40.400410,18.3,51.1,1
2026-01-12T00:12:42.655331,18.3,51.1,1
2026-01-12T00:12:44.909750,18.3,51.1,1
2026-01-12T00:12:47.163826,18.3,51.1,1
2026-01-12T00:12:49.418451,18.3,51.2,1
2026-01-12T00:12:51.672684,18.3,51.2,1
2026-01-12T00:12:53.927309,18.3,51.2,1
2026-01-12T00:12:56.181805,18.3,51.2,1
2026-01-12T00:12:58.435906,18.3,51.2,1
2026-01-12T00:13:00.690508,18.3,51.2,1
2026-01-12T00:13:02.944726,18.3,51.3,0
2026-01-12T00:13:05.198773,18.3,51.3,0
2026-01-12T00:13:07.452924,18.3,51.3,0
2026-01-12T00:13:09.707794,18.3,51.3,0
2026-01-12T00:13:11.962472,18.3,51.3,0
2026-01-12T00:13:14.216673,18.3,51.3,0
2026-01-12T00:13:16.471467,18.3,51.4,0
2026-01-12T00:13:18.726205,18.3,51.4,1
2026-01-12T00:13:20.980750,18.3,51.4,1
2026-01-12T00:13:23.235088,18.3,51.4,1
2026-01-12T00:13:25.489588,18.3,51.4,1
2026-01-12T00:13:27.744190,18.3,51.4,1
2026-01-12T00:13:29.999071,18.3,51.4,1
2026-01-12T00:13:32.253684,18.3,51.4,1
2026-01-12T00:13:34.508012,18.3,51.4,1
2026-01-12T00:13:36.762567,18.3,51.4,1
2026-01-12T00:13:39.017126,18.3,51.4,1
2026-01-12T00:13:41.271306,18.3,51.4,1
2026-01-12T00:13:43.526156,18.3,51.4,1
2026-01-12T00:13:45.780476,18.3,51.4,1
2026-01-12T00:13:48.035029,18.3,51.4,1
2026-01-12T00:13:50.289695,18.3,51.4,1
2026-01-12T00:13:52.544144,18.3,51.4,1
2026-01-12T00:13:54.798696,18.3,51.3,1
2026-01-12T00:13:57.053358,18.3,51.3,1
2026-01-12T00:13:59.307680,18.3,51.3,0
2026-01-12T00:14:01.562249,18.3,51.3,0
2026-01-12T00:14:03.816488,18.3,51.3,0
2026-01-12T00:14:06.071237,18.3,51.3,0
2026-01-12T00:14:08.325694,18.3,51.3,0
2026-01-12T00:14:10.580335,18.3,51.3,0
2026-01-12T00:14:12.834811,18.3,51.3,0
2026-01-12T00:14:15.089342,18.3,51.4,1
2026-01-12T00:14:17.343909,18.3,51.3,1
2026-01-12T00:14:19.598225,18.3,51.3,1
2026-01-12T00:14:21.852616,18.3,51.2,1
2026-01-12T00:14:24.107480,18.3,51.1,1
2026-01-12T00:14:26.363906,18.3,51.1,1
2026-01-12T00:14:28.618598,18.3,51.0,1
2026-01-12T00:14:30.873090,18.3,51.0,1
2026-01-12T00:14:33.127683,18.3,50.9,1
2026-01-12T00:14:35.382114,18.3,50.9,1
2026-01-12T00:14:37.636835,18.3,50.9,1
2026-01-12T00:14:39.891446,18.3,50.8,1
2026-01-12T00:14:42.146024,18.3,50.8,1
2026-01-12T00:14:44.400702,18.3,50.8,1
2026-01-12T00:14:46.655324,18.3,50.8,1
2026-01-12T00:14:48.909844,18.3,50.8,1
2026-01-12T00:14:51.164479,18.3,50.8,1
2026-01-12T00:14:53.419120,18.3,50.8,1
2026-01-12T00:14:55.673681,18.3,50.8,0
2026-01-12T00:14:57.928309,18.3,50.8,0
2026-01-12T00:15:00.182797,18.3,50.8,0
2026-01-12T00:15:02.437190,18.3,50.8,0
2026-01-12T00:15:04.691771,18.3,50.8,0
2026-01-12T00:15:06.946222,18.3,50.8,0
2026-01-12T00:15:09.200524,18.3,50.8,0
2026-01-12T00:15:11.455327,18.3,50.8,1
2026-01-12T00:15:13.710043,18.3,50.8,1
2026-01-12T00:15:15.964387,18.3,50.8,1
2026-01-12T00:15:18.219221,18.3,50.9,1
2026-01-12T00:15:20.473853,18.3,50.9,1
2026-01-12T00:15:22.728423,18.3,50.9,1
2026-01-12T00:15:24.983231,18.3,51.0,1
2026-01-12T00:15:27.237882,18.3,51.0,1
2026-01-12T00:15:29.491925,18.3,51.0,1
2026-01-12T00:15:31.746702,18.3,51.0,1
2026-01-12T00:15:34.001205,18.3,51.0,1
2026-01-12T00:15:36.255581,18.3,51.0,1
2026-01-12T00:15:38.510314,18.3,51.0,1
2026-01-12T00:15:40.764902,18.3,51.0,1
2026-01-12T00:15:43.019110,18.3,51.0,1
2026-01-12T00:15:45.273879,18.3,51.0,1
2026-01-12T00:15:47.528503,18.3,50.9,1
2026-01-12T00:15:49.783083,18.3,50.9,1
2026-01-12T00:15:52.037819,18.3,50.9,0
2026-01-12T00:15:54.292409,18.3,50.9,0
2026-01-12T00:15:56.546941,18.3,50.9,0
2026-01-12T00:15:58.801643,18.3,50.8,0
2026-01-12T00:16:01.056269,18.3,50.8,0
2026-01-12T00:16:03.310845,18.3,50.9,0
2026-01-12T00:16:05.565529,18.3,50.9,0
2026-01-12T00:16:07.820045,18.3,50.9,1
2026-01-12T00:16:10.074514,18.3,50.9,1
2026-01-12T00:16:12.329103,18.3,51.0,1
2026-01-12T00:16:14.583623,18.3,51.0,1
2026-01-12T00:16:16.838001,18.3,51.0,1
2026-01-12T00:16:19.092542,18.3,51.1,1
2026-01-12T00:16:21.347151,18.3,51.1,1
2026-01-12T00:16:23.601412,18.3,51.1,1
2026-01-12T00:16:25.855849,18.3,51.1,1
2026-01-12T00:16:28.110398,18.3,51.1,1
2026-01-12T00:16:30.364815,18.3,51.1,1
2026-01-12T00:16:32.619531,18.3,51.1,1
2026-01-12T00:16:34.874078,18.3,51.1,1
2026-01-12T00:16:37.128159,18.3,51.1,1
2026-01-12T00:16:39.382852,18.3,51.1,1
2026-01-12T00:16:41.637373,18.3,51.1,1
2026-01-12T00:16:43.891787,18.3,51.1,1
2026-01-12T00:16:46.146475,18.3,51.1,1
2026-01-12T00:16:48.400961,18.3,51.1,1
2026-01-12T00:16:50.655307,18.3,51.1,0
2026-01-12T00:16:52.909941,18.3,51.0,0
2026-01-12T00:16:55.164342,18.3,51.0,0
2026-01-12T00:16:57.418876,18.3,51.0,0
2026-01-12T00:16:59.673635,18.3,51.0,0
2026-01-12T00:17:01.928029,18.3,51.0,0
2026-01-12T00:17:04.182616,18.3,50.9,1
2026-01-12T00:17:06.437228,18.3,50.9,1
2026-01-12T00:17:08.691833,18.3,50.9,1
2026-01-12T00:17:10.946067,18.3,50.8,1
2026-01-12T00:17:13.200717,18.3,50.8,1
2026-01-12T00:17:15.455359,18.3,50.8,1
2026-01-12T00:17:17.709909,18.3,50.8,1
2026-01-12T00:17:19.964555,18.3,50.8,1
2026-01-12T00:17:22.219250,18.3,50.8,1
2026-01-12T00:17:24.473767,18.3,50.8,1
2026-01-12T00:17:26.728441,18.3,50.8,1
2026-01-12T00:17:28.983132,18.3,50.8,1
2026-01-12T00:17:31.237573,18.3,50.9,1
2026-01-12T00:17:33.491939,18.3,50.9,1
2026-01-12T00:17:35.746671,18.3,50.9,1
2026-01-12T00:17:38.001083,18.3,50.9,1
2026-01-12T00:17:40.255665,18.3,50.9,1
2026-01-12T00:17:42.510305,18.3,50.9,1
2026-01-12T00:17:44.764633,18.3,50.9,1
2026-01-12T00:17:47.019447,18.3,50.9,0
2026-01-12T00:17:49.274013,18.3,50.9,0
2026-01-12T00:17:51.528397,18.3,50.9,0
2026-01-12T00:17:53.783130,18.3,50.9,0
2026-01-12T00:17:56.037643,18.3,50.9,0
2026-01-12T00:17:58.291957,18.3,50.8,0
2026-01-12T00:18:00.546733,18.3,50.9,1
2026-01-12T00:18:02.801255,18.3,50.9,1
2026-01-12T00:18:05.055782,18.3,50.9,1
2026-01-12T00:18:07.310326,18.3,51.0,1
2026-01-12T00:18:09.564948,18.3,50.9,1
2026-01-12T00:18:11.819366,18.3,50.9,1
2026-01-12T00:18:14.074002,18.3,51.0,1
2026-01-12T00:18:16.328495,18.3,51.0,1
2026-01-12T00:18:18.583120,18.3,51.0,1
2026-01-12T00:18:20.837752,18.3,51.0,1
2026-01-12T00:18:23.092247,18.3,51.0,1
2026-01-12T00:18:25.346750,18.3,51.0,1
2026-01-12T00:18:27.601042,18.3,51.0,1
2026-01-12T00:18:29.857070,18.3,51.0,1
2026-01-12T00:18:32.111478,18.3,51.0,1
2026-01-12T00:18:34.366130,18.3,51.0,1
2026-01-12T00:18:36.620836,18.3,51.0,1
2026-01-12T00:18:38.875172,18.3,51.0,1
2026-01-12T00:18:41.129811,18.3,51.1,1
2026-01-12T00:18:43.384318,18.3,51.1,0
2026-01-12T00:18:45.639046,18.3,51.0,0
2026-01-12T00:18:47.893746,18.3,51.1,0
2026-01-12T00:18:50.148252,18.3,51.1,0
2026-01-12T00:18:52.402731,18.3,51.1,0
2026-01-12T00:18:54.657298,18.3,51.1,0
2026-01-12T00:18:56.911728,18.3,51.0,0
2026-01-12T00:18:59.166222,18.3,51.0,1
2026-01-12T00:19:01.420763,18.3,51.0,1
2026-01-12T00:19:03.675362,18.3,51.0,1
2026-01-12T00:19:05.929841,18.3,51.0,1
2026-01-12T00:19:08.184468,18.3,51.0,1
2026-01-12T00:19:10.441065,18.3,51.0,1
2026-01-12T00:19:12.695646,18.3,51.0,1
2026-01-12T00:19:14.950308,18.3,51.0,1
2026-01-12T00:19:17.204748,18.3,51.0,1
2026-01-12T00:19:19.459077,18.3,51.0,1
2026-01-12T00:19:21.713913,18.3,51.0,1
2026-01-12T00:19:23.968516,18.3,51.0,1
2026-01-12T00:19:26.222717,18.3,51.0,1
2026-01-12T00:19:28.477223,18.3,51.0,1
2026-01-12T00:19:30.731734,18.3,51.0,1
2026-01-12T00:19:32.986231,18.3,51.0,1
2026-01-12T00:19:35.240736,18.3,51.0,1
2026-01-12T00:19:37.495102,18.3,51.0,1
2026-01-12T00:19:39.749660,18.3,51.0,0
2026-01-12T00:19:42.004053,18.3,51.1,0
2026-01-12T00:19:44.258602,18.3,51.1,0
2026-01-12T00:19:46.512935,18.3,51.1,0
2026-01-12T00:19:48.767522,18.3,51.1,0
2026-01-12T00:19:51.022105,18.3,51.1,0
2026-01-12T00:19:53.276505,18.3,51.1,0
2026-01-12T00:19:55.531333,18.3,51.0,1
2026-01-12T00:19:57.785850,18.3,51.1,1
2026-01-12T00:20:00.040299,18.3,51.1,1
2026-01-12T00:20:02.295046,18.3,51.1,1
2026-01-12T00:20:04.549652,18.3,51.0,1
2026-01-12T00:20:06.804083,18.3,51.0,1
2026-01-12T00:20:09.058784,18.3,51.0,1
2026-01-12T00:20:11.313361,18.3,51.0,1
2026-01-12T00:20:13.567932,18.3,51.0,1
2026-01-12T00:20:15.822662,18.3,51.0,1
2026-01-12T00:20:18.077049,18.3,51.0,1
2026-01-12T00:20:20.331495,18.3,51.0,1
2026-01-12T00:20:22.586138,18.3,51.0,1
2026-01-12T00:20:24.840651,18.3,51.0,1
2026-01-12T00:20:27.095216,18.3,51.0,1
2026-01-12T00:20:29.349915,18.3,50.9,1
2026-01-12T00:20:31.604206,18.3,50.9,1
2026-01-12T00:20:33.858640,18.3,50.8,1
2026-01-12T00:20:36.113232,18.3,50.8,0
2026-01-12T00:20:38.367704,18.3,50.8,0
2026-01-12T00:20:40.622293,18.3,50.7,0
2026-01-12T00:20:42.876953,18.3,50.8,0
2026-01-12T00:20:45.131004,18.3,50.7,0
2026-01-12T00:20:47.385477,18.3,50.7,0
2026-01-12T00:20:49.640227,18.3,50.7,0
2026-01-12T00:20:51.894803,18.3,50.7,1
2026-01-12T00:20:54.149235,18.3,50.7,1
2026-01-12T00:20:56.403802,18.3,50.6,1
2026-01-12T00:20:58.658456,18.3,50.7,1
2026-01-12T00:21:00.912687,18.3,50.7,1
2026-01-12T00:21:03.166876,18.3,50.7,1
2026-01-12T00:21:05.421430,18.3,50.7,1
2026-01-12T00:21:07.676004,18.3,50.8,1
2026-01-12T00:21:09.930649,18.3,50.7,1
2026-01-12T00:21:12.185180,18.3,50.8,1
2026-01-12T00:21:14.439625,18.3,50.8,1
2026-01-12T00:21:16.694377,18.3,50.9,1
2026-01-12T00:21:18.948876,18.3,50.9,1
2026-01-12T00:21:21.203358,18.3,50.9,1
2026-01-12T00:21:23.458033,18.3,50.9,1
2026-01-12T00:21:25.712631,18.3,50.8,1
2026-01-12T00:21:27.967145,18.3,50.9,1
2026-01-12T00:21:30.221634,18.3,50.9,1
2026-01-12T00:21:32.476135,18.3,50.9,0
2026-01-12T00:21:34.730710,18.3,50.9,0
2026-01-12T00:21:36.985350,18.3,50.9,0
2026-01-12T00:21:39.239848,18.3,50.8,0
2026-01-12T00:21:41.494227,18.3,50.9,0
2026-01-12T00:21:43.748983,18.3,50.9,0
2026-01-12T00:21:46.003427,18.3,51.0,0
2026-01-12T00:21:48.257794,18.3,51.0,1
2026-01-12T00:21:50.512099,18.3,51.0,1
2026-01-12T00:21:52.766614,18.3,51.0,1
2026-01-12T00:21:55.020640,18.3,51.1,1
2026-01-12T00:21:57.275346,18.3,51.0,1
2026-01-12T00:21:59.529997,18.3,51.1,1
2026-01-12T00:22:01.784191,18.3,51.1,1
2026-01-12T00:22:04.038837,18.3,51.1,1
2026-01-12T00:22:06.293431,18.3,51.1,1
2026-01-12T00:22:08.547925,18.3,51.1,1
2026-01-12T00:22:10.802409,18.3,51.1,1
2026-01-12T00:22:13.056949,18.3,51.2,1
2026-01-12T00:22:15.311343,18.3,51.2,1
2026-01-12T00:22:17.566092,18.3,51.2,1
2026-01-12T00:22:19.820638,18.3,51.3,1
2026-01-12T00:22:22.075133,18.3,51.3,1
2026-01-12T00:22:24.329492,18.3,51.3,1
2026-01-12T00:22:26.584035,18.3,51.2,1
2026-01-12T00:22:28.838442,18.3,51.3,0
2026-01-12T00:22:31.093050,18.3,51.2,0
2026-01-12T00:22:33.347528,18.3,51.1,0
2026-01-12T00:22:35.601607,18.3,51.1,0
2026-01-12T00:22:37.856008,18.3,51.0,0
2026-01-12T00:22:40.110522,18.3,51.0,0
2026-01-12T00:22:42.364849,18.3,50.9,0
2026-01-12T00:22:44.619552,18.3,50.8,1
2026-01-12T00:22:46.874166,18.3,50.8,1
2026-01-12T00:22:49.128396,18.3,50.8,1
2026-01-12T00:22:51.383158,18.3,50.8,1
2026-01-12T00:22:53.637873,18.3,50.8,1
2026-01-12T00:22:55.892211,18.3,50.7,1
2026-01-12T00:22:58.146860,18.3,50.7,1
2026-01-12T00:23:00.401432,18.3,50.8,1
2026-01-12T00:23:02.655957,18.3,50.7,1
2026-01-12T00:23:04.910608,18.3,50.7,1
2026-01-12T00:23:07.165220,18.3,50.7,1
2026-01-12T00:23:09.419683,18.3,50.7,1
2026-01-12T00:23:11.674165,18.3,50.7,1
2026-01-12T00:23:13.928597,18.3,50.7,1
2026-01-12T00:23:16.183138,18.3,50.7,1
2026-01-12T00:23:18.437796,18.3,50.7,1
2026-01-12T00:23:20.692307,18.3,50.7,1
2026-01-12T00:23:22.946468,18.3,50.8,1
2026-01-12T00:23:25.200992,18.3,50.8,0
2026-01-12T00:23:27.455494,18.3,50.9,0
2026-01-12T00:23:29.710021,18.3,50.9,0
2026-01-12T00:23:31.964616,18.3,51.0,0
2026-01-12T00:23:34.219146,18.3,51.1,0
2026-01-12T00:23:36.473524,18.3,51.1,0
2026-01-12T00:23:38.728126,18.3,51.1,0
2026-01-12T00:23:40.982682,18.3,51.1,1
2026-01-12T00:23:43.237145,18.3,51.1,1
2026-01-12T00:23:45.491506,18.3,51.0,1
2026-01-12T00:23:47.746083,18.3,51.0,1
2026-01-12T00:23:50.000371,18.3,50.9,1
2026-01-12T00:23:52.255130,18.3,50.8,1
2026-01-12T00:23:54.509711,18.3,50.8,1
2026-01-12T00:23:56.763852,18.3,50.8,1
2026-01-12T00:23:59.018541,18.3,50.8,1
2026-01-12T00:24:01.273053,18.3,50.8,1
2026-01-12T00:24:03.527625,18.3,50.7,1
2026-01-12T00:24:05.782316,18.3,50.7,1
2026-01-12T00:24:08.036609,18.3,50.7,1
2026-01-12T00:24:10.291173,18.3,50.7,1
2026-01-12T00:24:12.545856,18.3,50.6,1
2026-01-12T00:24:14.800150,18.3,50.7,1
2026-01-12T00:24:17.054669,18.3,50.7,1
2026-01-12T00:24:19.309077,18.3,50.7,1
2026-01-12T00:24:21.563592,18.3,50.7,0
2026-01-12T00:24:23.818067,18.3,50.7,0
2026-01-12T00:24:26.072477,18.3,50.8,0
2026-01-12T00:24:28.327065,18.3,50.8,0
2026-01-12T00:24:30.581514,18.3,50.8,0
2026-01-12T00:24:32.836121,18.3,50.8,0
2026-01-12T00:24:35.090620,18.3,50.9,0
2026-01-12T00:24:37.345064,18.3,50.9,1
2026-01-12T00:24:39.599332,18.3,50.9,1
2026-01-12T00:24:41.853869,18.3,51.0,1
2026-01-12T00:24:44.108075,18.3,51.0,1
2026-01-12T00:24:46.362756,18.2,50.9,1
2026-01-12T00:24:48.617414,18.3,51.0,1
2026-01-12T00:24:50.871757,18.3,51.0,1
2026-01-12T00:24:53.126410,18.3,51.0,1
2026-01-12T00:24:55.380883,18.3,51.0,1
2026-01-12T00:24:57.635340,18.3,50.9,1
2026-01-12T00:24:59.889970,18.3,50.9,1
2026-01-12T00:25:02.144572,18.3,50.8,1
2026-01-12T00:25:04.399089,18.3,50.8,1
2026-01-12T00:25:06.653869,18.3,50.7,1
2026-01-12T00:25:08.908443,18.3,50.8,1
2026-01-12T00:25:11.162932,18.3,50.7,1
2026-01-12T00:25:13.417319,18.3,50.7,1
2026-01-12T00:25:15.671875,18.3,50.7,1
2026-01-12T00:25:17.926393,18.3,50.8,1
2026-01-12T00:25:20.180776,18.3,50.8,0
2026-01-12T00:25:22.435289,18.3,50.7,0
2026-01-12T00:25:24.689800,18.3,50.8,0
2026-01-12T00:25:26.944333,18.3,50.8,0
2026-01-12T00:25:29.198519,18.3,50.8,0
2026-01-12T00:25:31.452985,18.3,50.8,0
2026-01-12T00:25:33.707682,18.3,50.8,1
2026-01-12T00:25:35.962250,18.3,50.8,1
2026-01-12T00:25:38.216401,18.3,50.8,1
2026-01-12T00:25:40.471210,18.3,50.8,1
2026-01-12T00:25:42.725809,18.3,50.8,1
2026-01-12T00:25:44.980204,18.3,50.8,1
2026-01-12T00:25:47.234837,18.3,50.8,1
2026-01-12T00:25:49.489328,18.3,50.8,1
2026-01-12T00:25:51.743733,18.3,50.7,1
2026-01-12T00:25:53.998376,18.3,50.7,1
2026-01-12T00:25:56.252776,18.3,50.7,1
2026-01-12T00:25:58.507226,18.3,50.7,1
2026-01-12T00:26:00.761846,18.3,50.6,1
2026-01-12T00:26:03.016332,18.3,50.7,1
2026-01-12T00:26:05.270847,18.3,50.6,1
2026-01-12T00:26:07.525659,18.3,50.6,1
2026-01-12T00:26:09.780233,18.3,50.6,1
2026-01-12T00:26:12.034712,18.3,50.6,1
2026-01-12T00:26:14.289483,18.3,50.7,1
2026-01-12T00:26:16.544056,18.3,50.7,0
2026-01-12T00:26:18.798582,18.3,50.7,0
2026-01-12T00:26:21.053291,18.3,50.7,0
2026-01-12T00:26:23.307329,18.3,50.7,0
2026-01-12T00:26:25.561913,18.3,50.7,0
2026-01-12T00:26:27.816445,18.3,50.7,0
2026-01-12T00:26:30.071041,18.3,50.7,1
2026-01-12T00:26:32.325439,18.3,50.7,1
2026-01-12T00:26:34.580053,18.3,50.8,1
2026-01-12T00:26:36.834709,18.3,50.8,1
2026-01-12T00:26:39.089060,18.3,50.7,1
2026-01-12T00:26:41.343517,18.3,50.8,1
2026-01-12T00:26:43.597676,18.3,50.8,1
2026-01-12T00:26:45.852132,18.3,50.8,1
2026-01-12T00:26:48.106864,18.3,50.8,1
2026-01-12T00:26:50.361446,18.3,50.8,1
2026-01-12T00:26:52.616018,18.3,50.9,1
2026-01-12T00:26:54.870813,18.3,51.0,1
2026-01-12T00:26:57.125258,18.3,51.0,1
2026-01-12T00:26:59.379537,18.3,51.0,1
2026-01-12T00:27:01.634276,18.3,51.0,1
2026-01-12T00:27:03.888853,18.3,51.0,1
2026-01-12T00:27:06.143405,18.3,51.0,1
2026-01-12T00:27:08.397937,18.3,50.9,1
2026-01-12T00:27:10.652560,18.3,51.0,1
2026-01-12T00:27:12.907092,18.3,50.9,0
2026-01-12T00:27:15.161787,18.3,50.9,0
2026-01-12T00:27:17.416254,18.3,50.9,0
2026-01-12T00:27:19.670647,18.3,50.9,0
2026-01-12T00:27:21.925235,18.3,50.9,0
2026-01-12T00:27:24.179761,18.3,50.9,0
2026-01-12T00:27:26.434262,18.3,50.8,0
2026-01-12T00:27:28.688966,18.3,50.8,1
2026-01-12T00:27:30.943253,18.3,50.8,1
2026-01-12T00:27:33.197745,18.3,50.8,1
2026-01-12T00:27:35.452225,18.3,50.8,1
2026-01-12T00:27:37.706837,18.2,50.6,1
2026-01-12T00:27:39.961274,18.3,50.7,1
2026-01-12T00:27:42.215624,18.3,50.7,1
2026-01-12T00:27:44.470181,18.3,50.7,1
2026-01-12T00:27:46.724746,18.3,50.6,1
2026-01-12T00:27:48.979205,18.3,50.6,1
2026-01-12T00:27:51.233729,18.3,50.6,1
2026-01-12T00:27:53.488032,18.3,50.6,1
2026-01-12T00:27:55.742809,18.3,50.6,1
2026-01-12T00:27:57.997388,18.3,50.6,1
2026-01-12T00:28:00.251815,18.3,50.6,1
2026-01-12T00:28:02.506520,18.3,50.6,1
2026-01-12T00:28:04.762691,18.2,50.5,1
2026-01-12T00:28:07.017116,18.3,50.6,1
2026-01-12T00:28:09.271769,18.3,50.6,0
2026-01-12T00:28:11.526416,18.3,50.6,0
2026-01-12T00:28:13.780880,18.2,50.5,0
2026-01-12T00:28:16.035405,18.3,50.6,0
2026-01-12T00:28:18.289978,18.3,50.6,0
2026-01-12T00:28:20.544497,18.3,50.6,0
2026-01-12T00:28:22.799314,18.3,50.6,0
2026-01-12T00:28:25.053824,18.3,50.6,1
2026-01-12T00:28:27.308145,18.3,50.6,1
2026-01-12T00:28:29.563014,18.3,50.6,1
2026-01-12T00:28:31.817590,18.3,50.5,1
2026-01-12T00:28:34.072017,18.3,50.6,1
2026-01-12T00:28:36.326773,18.3,50.5,1
2026-01-12T00:28:38.581427,18.3,50.6,1
2026-01-12T00:28:40.836286,18.3,50.6,1
2026-01-12T00:28:43.091085,18.3,50.6,1
2026-01-12T00:28:45.345465,18.3,50.6,1
2026-01-12T00:28:47.599475,18.3,50.5,1
2026-01-12T00:28:49.853861,18.3,50.6,1
2026-01-12T00:28:52.108177,18.3,50.6,1
2026-01-12T00:28:54.362712,18.3,50.6,1
2026-01-12T00:28:56.617420,18.3,50.6,1
2026-01-12T00:28:58.871890,18.3,50.6,1
2026-01-12T00:29:01.126426,18.3,50.6,1
2026-01-12T00:29:03.381127,18.3,50.6,1
2026-01-12T00:29:05.635343,18.3,50.5,0
2026-01-12T00:29:07.889719,18.3,50.6,0
2026-01-12T00:29:10.144387,18.3,50.5,0
2026-01-12T00:29:12.398712,18.3,50.5,0
2026-01-12T00:29:14.652930,18.3,50.6,0
2026-01-12T00:29:16.907315,18.3,50.5,0
2026-01-12T00:29:19.161738,18.3,50.5,0
2026-01-12T00:29:21.415905,18.3,50.6,1
2026-01-12T00:29:23.670328,18.3,50.6,1
2026-01-12T00:29:25.924554,18.3,50.6,1
2026-01-12T00:29:28.179126,18.3,50.7,1
2026-01-12T00:29:30.433683,18.3,50.7,1
2026-01-12T00:29:32.687801,18.3,50.7,1
2026-01-12T00:29:34.941772,18.3,50.7,1
2026-01-12T00:29:37.195939,18.3,50.7,1
2026-01-12T00:29:39.450523,18.3,50.6,1
2026-01-12T00:29:41.705045,18.3,50.6,1
2026-01-12T00:29:43.959466,18.3,50.6,1
2026-01-12T00:29:46.213522,18.3,50.6,1
2026-01-12T00:29:48.467640,18.3,50.5,1
2026-01-12T00:29:50.722354,18.2,50.5,1
2026-01-12T00:29:52.976817,18.3,50.5,1
2026-01-12T00:29:55.231370,18.3,50.5,1
2026-01-12T00:29:57.485816,18.3,50.5,1
2026-01-12T00:29:59.740088,18.3,50.5,1
2026-01-12T00:30:01.994637,18.3,50.5,0
2026-01-12T00:30:04.249189,18.3,50.5,0
2026-01-12T00:30:06.503603,18.3,50.5,0
2026-01-12T00:30:08.757860,18.3,50.5,0
2026-01-12T00:30:11.012604,18.3,50.5,0
2026-01-12T00:30:13.267255,18.3,50.6,0
2026-01-12T00:30:15.521830,18.3,50.6,0
2026-01-12T00:30:17.776094,18.3,50.6,1
2026-01-12T00:30:20.030778,18.3,50.6,1
2026-01-12T00:30:22.284774,18.3,50.6,1
2026-01-12T00:30:24.539616,18.3,50.6,1
2026-01-12T00:30:26.794173,18.3,50.6,1
2026-01-12T00:30:29.048429,18.3,50.6,1
2026-01-12T00:30:31.302835,18.3,50.6,1
2026-01-12T00:30:33.557488,18.3,50.7,1
2026-01-12T00:30:35.811642,18.3,50.7,1
2026-01-12T00:30:38.066403,18.3,50.7,1
2026-01-12T00:30:40.322838,18.3,50.7,1
2026-01-12T00:30:42.577172,18.3,50.7,1
2026-01-12T00:30:44.831871,18.3,50.7,1
2026-01-12T00:30:47.086602,18.3,50.8,1
2026-01-12T00:30:49.341031,18.3,50.8,1
2026-01-12T00:30:51.595898,18.3,50.8,1
2026-01-12T00:30:53.851782,18.3,50.8,1
2026-01-12T00:30:56.106368,18.3,50.8,1
2026-01-12T00:30:58.360902,18.3,50.8,0
2026-01-12T00:31:00.615455,18.3,50.8,0
2026-01-12T00:31:02.869968,18.3,50.7,0
2026-01-12T00:31:05.124727,18.3,50.7,0
2026-01-12T00:31:07.379080,18.3,50.7,0
2026-01-12T00:31:09.633607,18.2,50.6,0
2026-01-12T00:31:11.888333,18.3,50.7,0
2026-01-12T00:31:14.142928,18.3,50.7,1
2026-01-12T00:31:16.397462,18.3,50.7,1
2026-01-12T00:31:18.652262,18.3,50.7,1
2026-01-12T00:31:20.906966,18.3,50.7,1
2026-01-12T00:31:23.161398,18.3,50.7,1
2026-01-12T00:31:25.416110,18.3,50.8,1
2026-01-12T00:31:27.670370,18.3,50.7,1
2026-01-12T00:31:29.924628,18.3,50.7,1
2026-01-12T00:31:32.179418,18.2,50.7,1
2026-01-12T00:31:34.434018,18.3,50.8,1
2026-01-12T00:31:36.688589,18.3,50.8,1
2026-01-12T00:31:38.943275,18.3,50.8,1
2026-01-12T00:31:41.197871,18.3,50.8,1
2026-01-12T00:31:43.452357,18.2,50.7,1
2026-01-12T00:31:45.707292,18.2,50.7,1
2026-01-12T00:31:47.961907,18.3,50.8,1
2026-01-12T00:31:50.216240,18.3,50.8,1
2026-01-12T00:31:52.471111,18.2,50.7,1
2026-01-12T00:31:54.725681,18.3,50.7,0
2026-01-12T00:31:56.980153,18.3,50.7,0
2026-01-12T00:31:59.234995,18.3,50.7,0
2026-01-12T00:32:01.489621,18.3,50.7,0
2026-01-12T00:32:03.743956,18.3,50.6,0
2026-01-12T00:32:05.998572,18.3,50.7,0
2026-01-12T00:32:08.253111,18.3,50.7,0
2026-01-12T00:32:10.507930,18.3,50.6,1
2026-01-12T00:32:12.762630,18.3,50.6,1
2026-01-12T00:32:15.016771,18.3,50.6,1
2026-01-12T00:32:17.271520,18.3,50.6,1
2026-01-12T00:32:19.526290,18.3,50.6,1
2026-01-12T00:32:21.780846,18.3,50.6,1
2026-01-12T00:32:24.035470,18.3,50.6,1
2026-01-12T00:32:26.290093,18.3,50.6,1
2026-01-12T00:32:28.544737,18.3,50.6,1
2026-01-12T00:32:30.799457,18.3,50.6,1
2026-01-12T00:32:33.054129,18.3,50.6,1
2026-01-12T00:32:35.308516,18.3,50.6,1
2026-01-12T00:32:37.563401,18.3,50.6,1
2026-01-12T00:32:39.817981,18.3,50.7,1
2026-01-12T00:32:42.072473,18.3,50.6,1
2026-01-12T00:32:44.327295,18.3,50.7,1
2026-01-12T00:32:46.581761,18.2,50.6,1
2026-01-12T00:32:48.836237,18.3,50.6,1
2026-01-12T00:32:51.090976,18.3,50.7,0
2026-01-12T00:32:53.345538,18.3,50.8,0
2026-01-12T00:32:55.599663,18.3,50.8,0
2026-01-12T00:32:57.854189,18.3,50.8,0
2026-01-12T00:33:00.108778,18.3,50.8,0
2026-01-12T00:33:02.363269,18.3,50.8,0
2026-01-12T00:33:04.618149,18.3,50.8,0
2026-01-12T00:33:06.872674,18.3,50.8,1
2026-01-12T00:33:09.126980,18.2,50.7,1
2026-01-12T00:33:11.381747,18.3,50.7,1
2026-01-12T00:33:13.636372,18.3,50.7,1
2026-01-12T00:33:15.890932,18.3,50.7,1
2026-01-12T00:33:18.145646,18.3,50.6,1
2026-01-12T00:33:20.400261,18.3,50.6,1
2026-01-12T00:33:22.654954,18.3,50.6,1
2026-01-12T00:33:24.909769,18.3,50.6,1
2026-01-12T00:33:27.164252,18.3,50.6,1
2026-01-12T00:33:29.418814,18.3,50.6,1
2026-01-12T00:33:31.673546,18.3,50.6,1
2026-01-12T00:33:33.928102,18.3,50.6,1
2026-01-12T00:33:36.182613,18.3,50.6,1
2026-01-12T00:33:38.437267,18.3,50.6,1
2026-01-12T00:33:40.691914,18.3,50.6,1
2026-01-12T00:33:42.946377,18.3,50.6,1
2026-01-12T00:33:45.200989,18.3,50.6,1
2026-01-12T00:33:47.455495,18.3,50.6,0
2026-01-12T00:33:49.710139,18.3,50.6,0
2026-01-12T00:33:51.964865,18.3,50.6,0
2026-01-12T00:33:54.219413,18.3,50.6,0
2026-01-12T00:33:56.473932,18.3,50.6,0
2026-01-12T00:33:58.728609,18.3,50.6,0
2026-01-12T00:34:00.983214,18.3,50.6,0
2026-01-12T00:34:03.237765,18.2,50.6,1
2026-01-12T00:34:05.492364,18.2,50.6,1
2026-01-12T00:34:07.747050,18.3,50.7,1
2026-01-12T00:34:10.001462,18.3,50.6,1
2026-01-12T00:34:12.256128,18.2,50.5,1
2026-01-12T00:34:14.510673,18.3,50.7,1
2026-01-12T00:34:16.764995,18.3,50.6,1
2026-01-12T00:34:19.019196,18.2,50.6,1
2026-01-12T00:34:21.273873,18.3,50.7,1
2026-01-12T00:34:23.528428,18.3,50.6,1
2026-01-12T00:34:25.783137,18.3,50.7,1
2026-01-12T00:34:28.037714,18.3,50.7,1
2026-01-12T00:34:30.292008,18.2,50.6,1
2026-01-12T00:34:32.546788,18.3,50.7,1
2026-01-12T00:34:34.801395,18.3,50.7,1
2026-01-12T00:34:37.055990,18.3,50.7,1
2026-01-12T00:34:39.310388,18.3,50.7,1
2026-01-12T00:34:41.565012,18.3,50.7,1
2026-01-12T00:34:43.819524,18.3,50.7,1
2026-01-12T00:34:46.074221,18.3,50.7,0
2026-01-12T00:34:48.328564,18.3,50.7,0
2026-01-12T00:34:50.583164,18.3,50.7,0
2026-01-12T00:34:52.837838,18.3,50.7,0
2026-01-12T00:34:55.092178,18.3,50.7,0
2026-01-12T00:34:57.346726,18.3,50.6,0
2026-01-12T00:34:59.601132,18.3,50.6,1
2026-01-12T00:35:01.857624,18.3,50.6,1
2026-01-12T00:35:04.112182,18.3,50.6,1
2026-01-12T00:35:06.366978,18.3,50.6,1
2026-01-12T00:35:08.621623,18.3,50.6,1
2026-01-12T00:35:10.876093,18.3,50.6,1
2026-01-12T00:35:13.130594,18.2,50.5,1
2026-01-12T00:35:15.385181,18.3,50.6,1
2026-01-12T00:35:17.639740,18.3,50.6,1
2026-01-12T00:35:19.894429,18.2,50.5,1
2026-01-12T00:35:22.148971,18.3,50.6,1
2026-01-12T00:35:24.403234,18.3,50.6,1
2026-01-12T00:35:26.658106,18.3,50.6,1
2026-01-12T00:35:28.912441,18.3,50.5,1
2026-01-12T00:35:31.166915,18.3,50.6,1
2026-01-12T00:35:33.421658,18.3,50.6,1
2026-01-12T00:35:35.676146,18.3,50.6,1
2026-01-12T00:35:37.930236,18.3,50.7,1
2026-01-12T00:35:40.184960,18.3,50.7,1
2026-01-12T00:35:42.439486,18.3,50.7,0
2026-01-12T00:35:44.694161,18.2,50.7,0
2026-01-12T00:35:46.948528,18.3,50.7,0
2026-01-12T00:35:49.203115,18.3,50.7,0
2026-01-12T00:35:51.457624,18.3,50.7,0
2026-01-12T00:35:53.712387,18.3,50.8,0
2026-01-12T00:35:55.966971,18.2,50.7,0
2026-01-12T00:35:58.221348,18.3,50.8,1
2026-01-12T00:36:00.476063,18.3,50.8,1
2026-01-12T00:36:02.730700,18.3,50.8,1
2026-01-12T00:36:04.985166,18.3,50.7,1
2026-01-12T00:36:07.239823,18.2,50.6,1
2026-01-12T00:36:09.494398,18.3,50.7,1
2026-01-12T00:36:11.749033,18.3,50.7,1
2026-01-12T00:36:14.003717,18.3,50.6,1
2026-01-12T00:36:16.258280,18.3,50.6,1
2026-01-12T00:36:18.512767,18.2,50.6,1
2026-01-12T00:36:20.767618,18.3,50.6,1
2026-01-12T00:36:23.022260,18.2,50.6,1
2026-01-12T00:36:25.276761,18.2,50.6,1
2026-01-12T00:36:27.531469,18.3,50.6,1
2026-01-12T00:36:29.787928,18.3,50.7,1
2026-01-12T00:36:32.042270,18.2,50.6,1
2026-01-12T00:36:34.296932,18.3,50.7,1
2026-01-12T00:36:36.551497,18.3,50.7,1
2026-01-12T00:36:38.806022,18.3,50.7,0
2026-01-12T00:36:41.060605,18.3,50.7,0
2026-01-12T00:36:43.315221,18.2,50.7,0
2026-01-12T00:36:45.569835,18.3,50.7,0
2026-01-12T00:36:47.824434,18.3,50.8,0
2026-01-12T00:36:50.079026,18.2,50.7,0
2026-01-12T00:36:52.333276,18.2,50.7,0
2026-01-12T00:36:54.587726,18.2,50.7,1
2026-01-12T00:36:56.842296,18.3,50.8,1
2026-01-12T00:36:59.096736,18.3,50.8,1
2026-01-12T00:37:01.351102,18.3,50.8,1
2026-01-12T00:37:03.605380,18.3,50.8,1
2026-01-12T00:37:05.859582,18.3,50.8,1
2026-01-12T00:37:08.114292,18.3,50.8,1
2026-01-12T00:37:10.368837,18.3,50.8,1
2026-01-12T00:37:12.623408,18.3,50.9,1
2026-01-12T00:37:14.878129,18.3,50.9,1
2026-01-12T00:37:17.132658,18.3,50.9,1
2026-01-12T00:37:19.387158,18.2,50.8,1
2026-01-12T00:37:21.641986,18.3,50.9,1
2026-01-12T00:37:23.896639,18.2,50.8,1
2026-01-12T00:37:26.151158,18.3,50.8,1
2026-01-12T00:37:28.405798,18.3,50.8,1
2026-01-12T00:37:30.660149,18.3,50.8,1
2026-01-12T00:37:32.914672,18.3,50.8,1
2026-01-12T00:37:35.169364,18.3,50.7,0
2026-01-12T00:37:37.423898,18.2,50.7,0
2026-01-12T00:37:39.678192,18.3,50.7,0
2026-01-12T00:37:41.932596,18.3,50.7,0
2026-01-12T00:37:44.187215,18.2,50.7,0
2026-01-12T00:37:46.441731,18.2,50.7,0
2026-01-12T00:37:48.696500,18.3,50.7,0
2026-01-12T00:37:50.951087,18.3,50.7,1
2026-01-12T00:37:53.205552,18.2,50.6,1
2026-01-12T00:37:55.460216,18.3,50.7,1
2026-01-12T00:37:57.714865,18.3,50.7,1
2026-01-12T00:37:59.969409,18.2,50.6,1
2026-01-12T00:38:02.224038,18.3,50.7,1
2026-01-12T00:38:04.478602,18.3,50.7,1
2026-01-12T00:38:06.733158,18.2,50.6,1
2026-01-12T00:38:08.987834,18.2,50.6,1
2026-01-12T00:38:11.242393,18.2,50.6,1
2026-01-12T00:38:13.496582,18.2,50.5,1
2026-01-12T00:38:15.751365,18.3,50.6,1
2026-01-12T00:38:18.005922,18.2,50.5,1
2026-01-12T00:38:20.260209,18.3,50.6,1
2026-01-12T00:38:22.514974,18.3,50.5,1
2026-01-12T00:38:24.769664,18.3,50.6,1
2026-01-12T00:38:27.024213,18.2,50.6,1
2026-01-12T00:38:29.279035,18.3,50.7,1
2026-01-12T00:38:31.533220,18.3,50.8,0
2026-01-12T00:38:33.787804,18.2,50.8,0
2026-01-12T00:38:36.042568,18.2,50.9,0
2026-01-12T00:38:38.297114,18.2,50.9,0
2026-01-12T00:38:40.551686,18.3,51.0,0
2026-01-12T00:38:42.806398,18.2,50.9,0
2026-01-12T00:38:45.060691,18.2,51.0,0
2026-01-12T00:38:47.315196,18.2,51.0,1
2026-01-12T00:38:49.570010,18.2,51.0,1
2026-01-12T00:38:51.824570,18.2,51.0,1
2026-01-12T00:38:54.079103,18.2,51.1,1
2026-01-12T00:38:56.333794,18.2,51.1,1
2026-01-12T00:38:58.588918,18.2,51.1,1
2026-01-12T00:39:00.842879,18.2,51.1,1
2026-01-12T00:39:03.097723,18.2,51.1,1
2026-01-12T00:39:05.352221,18.2,51.1,1
2026-01-12T00:39:07.606781,18.2,51.1,1
2026-01-12T00:39:09.861423,18.3,51.2,1
2026-01-12T00:39:12.115986,18.2,51.1,1
2026-01-12T00:39:14.370490,18.3,51.2,1
2026-01-12T00:39:16.625212,18.2,51.1,1
2026-01-12T00:39:18.879721,18.3,51.2,1
2026-01-12T00:39:21.134236,18.3,51.1,1
2026-01-12T00:39:23.388771,18.2,51.1,1
2026-01-12T00:39:25.643473,18.3,51.1,1
2026-01-12T00:39:27.897974,18.2,51.1,0
2026-01-12T00:39:30.152487,18.2,51.1,0
2026-01-12T00:39:32.407074,18.2,51.0,0
2026-01-12T00:39:34.661675,18.3,51.1,0
2026-01-12T00:39:36.916372,18.2,51.0,0
2026-01-12T00:39:39.171036,18.2,50.9,0
2026-01-12T00:39:41.425499,18.3,51.0,0
2026-01-12T00:39:43.680309,18.2,50.9,1
2026-01-12T00:39:45.934839,18.2,50.8,1
2026-01-12T00:39:48.189368,18.2,50.7,1
2026-01-12T00:39:50.443984,18.3,50.8,1
2026-01-12T00:39:52.698628,18.3,50.7,1
2026-01-12T00:39:54.952884,18.2,50.6,1
2026-01-12T00:39:57.207578,18.2,50.6,1
2026-01-12T00:39:59.462140,18.3,50.7,1
2026-01-12T00:40:01.716732,18.2,50.6,1
2026-01-12T00:40:03.971227,18.2,50.5,1
2026-01-12T00:40:06.225772,18.2,50.6,1
2026-01-12T00:40:08.480129,18.3,50.6,1
2026-01-12T00:40:10.735082,18.3,50.6,1
2026-01-12T00:40:12.989668,18.2,50.5,1
2026-01-12T00:40:15.244214,18.2,50.5,1
2026-01-12T00:40:17.499005,18.3,50.6,1
2026-01-12T00:40:19.753477,18.3,50.6,1
2026-01-12T00:40:22.007919,18.2,50.5,1
2026-01-12T00:40:24.262655,18.2,50.5,0
2026-01-12T00:40:26.518178,18.3,50.6,0
2026-01-12T00:40:28.772736,18.3,50.6,0
2026-01-12T00:40:31.027230,18.2,50.5,0
2026-01-12T00:40:33.281798,18.2,50.5,0
2026-01-12T00:40:35.536427,18.2,50.5,0
2026-01-12T00:40:37.791205,18.3,50.6,0
2026-01-12T00:40:40.045782,18.2,50.5,1
2026-01-12T00:40:42.300066,18.3,50.6,1
2026-01-12T00:40:44.554858,18.2,50.6,1
2026-01-12T00:40:46.809496,18.3,50.6,1
2026-01-12T00:40:49.064019,18.2,50.6,1
2026-01-12T00:40:51.318752,18.2,50.6,1
2026-01-12T00:40:53.573458,18.3,50.7,1
2026-01-12T00:40:55.827943,18.2,50.7,1
2026-01-12T00:40:58.082733,18.2,50.6,1
2026-01-12T00:41:00.337311,18.2,50.6,1
2026-01-12T00:41:02.591966,18.2,50.7,1
2026-01-12T00:41:04.846786,18.3,50.7,1
2026-01-12T00:41:07.101424,18.2,50.7,1
2026-01-12T00:41:09.355448,18.3,50.7,1
2026-01-12T00:41:11.610194,18.2,50.6,1
2026-01-12T00:41:13.864750,18.3,50.7,1
2026-01-12T00:41:16.119264,18.2,50.6,1
2026-01-12T00:41:18.373973,18.2,50.6,1
2026-01-12T00:41:20.628596,18.3,50.6,0
2026-01-12T00:41:22.883122,18.2,50.6,0
2026-01-12T00:41:25.137849,18.2,50.6,0
2026-01-12T00:41:27.392378,18.2,50.5,0
2026-01-12T00:41:29.647047,18.3,50.6,0
2026-01-12T00:41:31.901684,18.2,50.6,0
2026-01-12T00:41:34.156221,18.3,50.7,0
2026-01-12T00:41:36.410708,18.2,50.5,1
2026-01-12T00:41:38.665539,18.3,50.6,1
2026-01-12T00:41:40.920064,18.2,50.6,1
2026-01-12T00:41:43.174560,18.2,50.5,1
2026-01-12T00:41:45.429288,18.3,50.6,1
2026-01-12T00:41:47.683935,18.2,50.5,1
2026-01-12T00:41:49.938385,18.2,50.6,1
2026-01-12T00:41:52.193129,18.3,50.6,1
2026-01-12T00:41:54.447724,18.3,50.6,1
2026-01-12T00:41:56.702314,18.3,50.7,1
2026-01-12T00:41:58.957036,18.3,50.7,1
2026-01-12T00:42:01.211555,18.2,50.6,1
2026-01-12T00:42:03.465717,18.3,50.7,1
2026-01-12T00:42:05.720355,18.3,50.7,1
2026-01-12T00:42:07.974977,18.3,50.7,1
2026-01-12T00:42:10.229450,18.3,50.7,1
2026-01-12T00:42:12.484166,18.3,50.7,1
2026-01-12T00:42:14.740874,18.2,50.6,1
2026-01-12T00:42:16.995401,18.2,50.6,1
2026-01-12T00:42:19.250117,18.2,50.6,0
2026-01-12T00:42:21.504645,18.2,50.6,0
2026-01-12T00:42:23.759248,18.3,50.6,0
2026-01-12T00:42:26.013955,18.3,50.6,0
2026-01-12T00:42:28.268372,18.3,50.6,0
2026-01-12T00:42:30.523001,18.2,50.5,0
2026-01-12T00:42:32.777711,18.2,50.5,1
2026-01-12T00:42:35.032256,18.3,50.6,1
2026-01-12T00:42:37.286771,18.2,50.6,1
2026-01-12T00:42:39.541087,18.2,50.5,1
2026-01-12T00:42:41.795661,18.2,50.5,1
2026-01-12T00:42:44.050140,18.2,50.5,1
2026-01-12T00:42:46.304681,18.3,50.6,1
2026-01-12T00:42:48.559318,18.2,50.5,1
2026-01-12T00:42:50.813829,18.2,50.6,1
2026-01-12T00:42:53.068513,18.3,50.6,1
2026-01-12T00:42:55.323155,18.3,50.6,1
2026-01-12T00:42:57.577745,18.3,50.7,1
2026-01-12T00:42:59.832423,18.2,50.6,1
2026-01-12T00:43:02.087006,18.3,50.6,1
2026-01-12T00:43:04.341489,18.2,50.6,1
2026-01-12T00:43:06.596250,18.3,50.6,1
2026-01-12T00:43:08.850880,18.3,50.6,1
2026-01-12T00:43:11.105384,18.2,50.5,1
2026-01-12T00:43:13.360044,18.2,50.5,1
2026-01-12T00:43:15.614695,18.3,50.6,0
2026-01-12T00:43:17.869207,18.2,50.5,0
2026-01-12T00:43:20.124020,18.3,50.6,0
2026-01-12T00:43:22.378600,18.3,50.6,0
2026-01-12T00:43:24.633229,18.3,50.6,0
2026-01-12T00:43:26.887902,18.2,50.6,0
2026-01-12T00:43:29.142558,18.3,50.7,0
2026-01-12T00:43:31.397018,18.3,50.6,1
2026-01-12T00:43:33.651825,18.3,50.7,1
2026-01-12T00:43:35.906352,18.3,50.7,1
2026-01-12T00:43:38.160903,18.3,50.7,1
2026-01-12T00:43:40.415587,18.3,50.7,1
2026-01-12T00:43:42.670259,18.3,50.6,1
2026-01-12T00:43:44.924775,18.3,50.6,1
2026-01-12T00:43:47.179481,18.3,50.6,1
2026-01-12T00:43:49.434067,18.3,50.7,1
2026-01-12T00:43:51.688600,18.2,50.6,1
2026-01-12T00:43:53.943343,18.3,50.7,1
2026-01-12T00:43:56.197968,18.3,50.7,1
2026-01-12T00:43:58.452520,18.3,50.7,1
2026-01-12T00:44:00.707336,18.2,50.6,1
2026-01-12T00:44:02.961942,18.3,50.6,1
2026-01-12T00:44:05.216460,18.3,50.7,1
2026-01-12T00:44:07.471226,18.3,50.7,1
2026-01-12T00:44:09.725839,18.3,50.6,1
2026-01-12T00:44:11.979891,18.3,50.7,0
2026-01-12T00:44:14.234597,18.2,50.6,0
2026-01-12T00:44:16.489120,18.3,50.7,0
2026-01-12T00:44:18.743653,18.3,50.7,0
2026-01-12T00:44:20.998415,18.3,50.7,0
2026-01-12T00:44:23.253001,18.3,50.7,0
2026-01-12T00:44:25.507490,18.3,50.7,0
2026-01-12T00:44:27.762288,18.3,50.7,1
2026-01-12T00:44:30.016836,18.3,50.7,1
2026-01-12T00:44:32.271339,18.3,50.7,1
2026-01-12T00:44:34.526098,18.3,50.7,1
2026-01-12T00:44:36.780718,18.2,50.6,1
2026-01-12T00:44:39.035255,18.3,50.7,1
2026-01-12T00:44:41.289980,18.3,50.7,1
2026-01-12T00:44:43.544624,18.3,50.7,1
2026-01-12T00:44:45.799132,18.3,50.7,1
2026-01-12T00:44:48.053847,18.3,50.6,1
2026-01-12T00:44:50.308272,18.3,50.7,1
2026-01-12T00:44:52.562866,18.3,50.6,1
2026-01-12T00:44:54.817659,18.3,50.6,1
2026-01-12T00:44:57.072239,18.3,50.6,1
2026-01-12T00:44:59.326747,18.3,50.6,1
2026-01-12T00:45:01.581502,18.3,50.6,1
2026-01-12T00:45:03.836033,18.3,50.6,1
2026-01-12T00:45:06.090548,18.3,50.6,1
2026-01-12T00:45:08.345265,18.3,50.6,0
2026-01-12T00:45:10.599968,18.3,50.5,0
2026-01-12T00:45:12.854480,18.3,50.5,0
2026-01-12T00:45:15.109150,18.3,50.5,0
2026-01-12T00:45:17.363701,18.3,50.5,0
2026-01-12T00:45:19.618274,18.3,50.5,0
2026-01-12T00:45:21.872972,18.3,50.5,0
2026-01-12T00:45:24.127539,18.3,50.5,1
2026-01-12T00:45:26.381885,18.3,50.5,1
2026-01-12T00:45:28.636518,18.3,50.5,1
2026-01-12T00:45:30.891123,18.3,50.6,1
2026-01-12T00:45:33.145710,18.3,50.6,1
2026-01-12T00:45:35.400400,18.3,50.6,1
2026-01-12T00:45:37.655038,18.3,50.6,1
2026-01-12T00:45:39.909528,18.3,50.6,1
2026-01-12T00:45:42.164232,18.3,50.7,1
2026-01-12T00:45:44.418805,18.3,50.6,1
2026-01-12T00:45:46.673380,18.3,50.7,1
2026-01-12T00:45:48.928124,18.3,50.6,1
2026-01-12T00:45:51.182730,18.3,50.6,1
2026-01-12T00:45:53.437225,18.3,50.7,1
2026-01-12T00:45:55.691983,18.3,50.7,1
2026-01-12T00:45:57.946613,18.3,50.7,1
2026-01-12T00:46:00.201108,18.3,50.7,1
2026-01-12T00:46:02.455811,18.3,50.7,1
2026-01-12T00:46:04.710603,18.3,50.7,0
2026-01-12T00:46:06.965076,18.3,50.7,0
2026-01-12T00:46:09.219820,18.3,50.7,0
2026-01-12T00:46:11.474484,18.3,50.7,0
2026-01-12T00:46:13.728939,18.3,50.7,0
2026-01-12T00:46:15.983706,18.3,50.6,0
2026-01-12T00:46:18.238320,18.3,50.7,0
2026-01-12T00:46:20.492480,18.3,50.7,1
2026-01-12T00:46:22.747338,18.3,50.7,1
2026-01-12T00:46:25.001901,18.3,50.7,1
2026-01-12T00:46:27.256367,18.3,50.7,1
2026-01-12T00:46:29.511141,18.3,50.7,1
2026-01-12T00:46:31.765687,18.3,50.7,1
2026-01-12T00:46:34.020155,18.3,50.7,1
2026-01-12T00:46:36.274867,18.3,50.7,1
2026-01-12T00:46:38.529609,18.3,50.7,1
2026-01-12T00:46:40.784166,18.3,50.7,1
2026-01-12T00:46:43.038943,18.3,50.7,1
2026-01-12T00:46:45.293530,18.3,50.7,1
2026-01-12T00:46:47.548126,18.3,50.8,1
2026-01-12T00:46:49.802979,18.3,50.7,1
2026-01-12T00:46:52.057537,18.3,50.7,1
2026-01-12T00:46:54.312059,18.3,50.7,1
2026-01-12T00:46:56.566844,18.3,50.7,1
2026-01-12T00:46:58.821478,18.3,50.8,1
2026-01-12T00:47:01.075979,18.3,50.7,0
2026-01-12T00:47:03.330707,18.3,50.7,0
2026-01-12T00:47:05.585321,18.3,50.7,0
2026-01-12T00:47:07.839819,18.3,50.7,0
2026-01-12T00:47:10.094593,18.3,50.8,0
2026-01-12T00:47:12.349151,18.3,50.8,0
2026-01-12T00:47:14.603774,18.3,50.7,0
2026-01-12T00:47:16.858445,18.3,50.8,1
2026-01-12T00:47:19.112976,18.3,50.7,1
2026-01-12T00:47:21.367462,18.3,50.8,1
2026-01-12T00:47:23.622353,18.3,50.6,1
2026-01-12T00:47:25.876874,18.3,50.7,1
2026-01-12T00:47:28.131280,18.3,50.7,1
2026-01-12T00:47:30.385997,18.3,50.7,1
2026-01-12T00:47:32.640673,18.3,50.7,1
2026-01-12T00:47:34.895174,18.3,50.7,1
2026-01-12T00:47:37.149852,18.3,50.7,1
2026-01-12T00:47:39.404395,18.3,50.8,1
2026-01-12T00:47:41.659034,18.3,50.7,1
2026-01-12T00:47:43.913746,18.3,50.7,1
2026-01-12T00:47:46.168307,18.3,50.7,1
2026-01-12T00:47:48.422870,18.3,50.7,1
2026-01-12T00:47:50.677684,18.3,50.7,1
2026-01-12T00:47:52.932243,18.3,50.7,1
2026-01-12T00:47:55.186806,18.3,50.7,1
2026-01-12T00:47:57.441318,18.3,50.7,0
2026-01-12T00:47:59.696005,18.3,50.7,0
2026-01-12T00:48:01.950502,18.3,50.8,0
2026-01-12T00:48:04.205225,18.3,50.7,0
2026-01-12T00:48:06.459578,18.3,50.7,0
2026-01-12T00:48:08.714171,18.3,50.8,0
2026-01-12T00:48:10.968987,18.3,50.7,0
2026-01-12T00:48:13.223530,18.3,50.8,1
2026-01-12T00:48:15.477960,18.3,50.8,1
2026-01-12T00:48:17.732758,18.3,50.8,1
2026-01-12T00:48:19.987289,18.3,50.7,1
2026-01-12T00:48:22.241811,18.3,50.8,1
2026-01-12T00:48:24.496555,18.3,50.7,1
2026-01-12T00:48:26.751252,18.3,50.8,1
2026-01-12T00:48:29.005544,18.3,50.8,1
2026-01-12T00:48:31.260186,18.3,50.7,1
2026-01-12T00:48:33.514742,18.3,50.7,1
2026-01-12T00:48:35.769294,18.3,50.7,1
2026-01-12T00:48:38.024012,18.3,50.7,1
2026-01-12T00:48:40.278570,18.3,50.7,1
2026-01-12T00:48:42.533081,18.3,50.8,1
2026-01-12T00:48:44.787733,18.3,50.8,1
2026-01-12T00:48:47.042333,18.3,50.7,1
2026-01-12T00:48:49.296844,18.3,50.8,1
2026-01-12T00:48:51.551553,18.3,50.8,1
2026-01-12T00:48:53.805932,18.3,50.8,0
2026-01-12T00:48:56.060367,18.3,50.9,0
2026-01-12T00:48:58.315108,18.3,50.9,0
2026-01-12T00:49:00.569679,18.3,50.8,0
2026-01-12T00:49:02.824149,18.3,50.9,0
2026-01-12T00:49:05.079004,18.3,50.9,0
2026-01-12T00:49:07.333538,18.3,50.9,0
2026-01-12T00:49:09.588111,18.3,50.9,1
2026-01-12T00:49:11.842810,18.3,50.9,1
2026-01-12T00:49:14.097402,18.3,50.9,1
2026-01-12T00:49:16.351893,18.3,50.9,1
2026-01-12T00:49:18.606684,18.3,50.9,1
2026-01-12T00:49:20.863399,18.3,50.9,1
2026-01-12T00:49:23.117874,18.3,50.9,1
2026-01-12T00:49:25.372628,18.3,50.9,1
2026-01-12T00:49:27.627125,18.3,50.9,1
2026-01-12T00:49:29.881617,18.3,50.9,1
2026-01-12T00:49:32.136235,18.3,50.9,1
2026-01-12T00:49:34.390869,18.3,50.9,1
2026-01-12T00:49:36.645469,18.3,50.9,1
2026-01-12T00:49:38.900277,18.3,50.8,1
2026-01-12T00:49:41.154860,18.3,50.8,1
2026-01-12T00:49:43.409406,18.3,50.8,1
2026-01-12T00:49:45.664193,18.3,50.8,1
2026-01-12T00:49:47.918819,18.3,50.8,1
2026-01-12T00:49:50.173315,18.3,50.8,0
2026-01-12T00:49:52.428010,18.3,50.8,0
2026-01-12T00:49:54.682525,18.3,50.8,0
2026-01-12T00:49:56.937082,18.3,50.8,0
2026-01-12T00:49:59.191796,18.3,50.8,0
2026-01-12T00:50:01.446422,18.3,50.8,0
2026-01-12T00:50:03.701058,18.3,50.8,0
2026-01-12T00:50:05.955735,18.3,50.8,1
2026-01-12T00:50:08.210176,18.3,50.8,1
2026-01-12T00:50:10.545754,18.3,50.8,1
2026-01-12T00:50:12.881394,18.3,50.8,1
2026-01-12T00:50:15.217066,18.3,50.8,1
2026-01-12T00:50:17.481234,18.3,50.8,1
2026-01-12T00:50:19.736066,18.3,50.9,1
2026-01-12T00:50:21.990744,18.3,50.9,1
2026-01-12T00:50:24.245321,18.3,50.9,1
2026-01-12T00:50:26.500102,18.3,50.9,1
2026-01-12T00:50:28.754774,18.3,50.9,1
2026-01-12T00:50:31.009338,18.3,50.9,1
2026-01-12T00:50:33.264143,18.3,50.9,1
2026-01-12T00:50:35.519969,18.3,50.9,1
2026-01-12T00:50:37.774556,18.3,50.8,1
2026-01-12T00:50:40.029257,18.3,50.8,1
2026-01-12T00:50:42.283905,18.3,50.8,1
2026-01-12T00:50:44.538591,18.3,50.8,1
2026-01-12T00:50:46.793166,18.3,50.8,1
2026-01-12T00:50:49.047785,18.3,50.8,0
2026-01-12T00:50:51.302292,18.3,50.8,0
2026-01-12T00:50:53.557055,18.3,50.8,0
2026-01-12T00:50:55.811667,18.3,50.8,0
2026-01-12T00:50:58.066253,18.3,50.8,0
2026-01-12T00:51:00.321054,18.3,50.8,0
2026-01-12T00:51:02.575813,18.3,50.8,1
2026-01-12T00:51:04.830344,18.3,50.8,1
2026-01-12T00:51:07.085146,18.3,50.8,1
2026-01-12T00:51:09.339790,18.3,50.8,1
2026-01-12T00:51:11.593863,18.3,50.8,1
2026-01-12T00:51:13.848459,18.3,50.8,1
2026-01-12T00:51:16.103070,18.3,50.8,1
2026-01-12T00:51:18.357596,18.3,50.8,1
2026-01-12T00:51:20.612463,18.3,50.8,1
2026-01-12T00:51:22.867095,18.3,50.8,1
2026-01-12T00:51:25.121687,18.3,50.7,1
2026-01-12T00:51:27.376431,18.3,50.8,1
2026-01-12T00:51:29.631170,18.3,50.8,1
2026-01-12T00:51:31.885705,18.3,50.8,1
2026-01-12T00:51:34.140448,18.3,50.8,1
2026-01-12T00:51:36.395037,18.3,50.8,1
2026-01-12T00:51:38.649602,18.3,50.8,1
2026-01-12T00:51:40.904329,18.3,50.8,1
2026-01-12T00:51:43.158943,18.3,50.8,1
2026-01-12T00:51:45.413537,18.3,50.8,0
2026-01-12T00:51:47.668462,18.3,50.9,0
2026-01-12T00:51:49.923114,18.3,50.9,0
2026-01-12T00:51:52.177615,18.3,50.9,0
2026-01-12T00:51:54.432379,18.3,50.9,0
2026-01-12T00:51:56.687136,18.3,50.9,0
2026-01-12T00:51:58.941785,18.3,50.9,1
2026-01-12T00:52:01.196415,18.3,50.9,1
2026-01-12T00:52:03.450997,18.3,50.9,1
2026-01-12T00:52:05.705589,18.3,50.9,1
2026-01-12T00:52:07.960358,18.3,50.9,1
2026-01-12T00:52:10.215057,18.3,50.9,1
2026-01-12T00:52:12.469632,18.3,51.0,1
2026-01-12T00:52:14.724508,18.3,50.9,1
2026-01-12T00:52:16.979062,18.3,50.9,1
2026-01-12T00:52:19.233649,18.3,50.9,1
2026-01-12T00:52:21.488486,18.3,50.9,1
2026-01-12T00:52:23.743213,18.3,50.9,1
2026-01-12T00:52:25.997782,18.3,50.9,1
2026-01-12T00:52:28.252569,18.3,50.9,1
2026-01-12T00:52:30.507132,18.3,50.9,1
2026-01-12T00:52:32.761735,18.3,50.9,1
2026-01-12T00:52:35.016475,18.3,50.8,1
2026-01-12T00:52:37.271117,18.3,50.8,1
2026-01-12T00:52:39.525675,18.3,50.8,1
2026-01-12T00:52:41.780480,18.3,50.8,0
2026-01-12T00:52:44.037295,18.3,50.8,0
2026-01-12T00:52:46.291698,18.3,50.8,0
2026-01-12T00:52:48.546543,18.3,50.8,0
2026-01-12T00:52:50.803352,18.3,50.8,0
2026-01-12T00:52:53.057953,18.3,50.8,0
2026-01-12T00:52:55.312712,18.3,50.8,0
2026-01-12T00:52:57.567405,18.3,50.9,1
2026-01-12T00:52:59.821937,18.3,50.9,1
2026-01-12T00:53:02.076761,18.3,50.8,1
2026-01-12T00:53:04.331343,18.3,50.8,1
2026-01-12T00:53:06.586012,18.3,50.9,1
2026-01-12T00:53:08.840768,18.3,50.9,1
2026-01-12T00:53:11.095388,18.3,50.9,1
2026-01-12T00:53:13.349957,18.3,50.9,1
2026-01-12T00:53:15.604317,18.3,50.9,1
2026-01-12T00:53:17.858949,18.3,50.9,1
2026-01-12T00:53:20.113511,18.3,50.8,1
2026-01-12T00:53:22.368266,18.3,50.9,1
2026-01-12T00:53:24.622992,18.3,50.8,1
2026-01-12T00:53:26.877497,18.3,50.8,1
2026-01-12T00:53:29.132007,18.3,50.8,1
2026-01-12T00:53:31.386714,18.3,50.8,1
2026-01-12T00:53:33.641317,18.3,50.9,1
2026-01-12T00:53:35.896028,18.3,50.9,1
2026-01-12T00:53:38.150664,18.3,50.9,0
2026-01-12T00:53:40.405149,18.3,50.9,0
2026-01-12T00:53:42.659996,18.3,50.9,0
2026-01-12T00:53:44.914675,18.3,50.9,0
2026-01-12T00:53:47.169262,18.3,50.8,0
2026-01-12T00:53:49.424042,18.3,50.8,0
2026-01-12T00:53:51.678723,18.3,50.9,0
2026-01-12T00:53:53.932945,18.3,50.9,1
2026-01-12T00:53:56.187733,18.3,50.9,1
2026-01-12T00:53:58.442335,18.3,50.9,1
2026-01-12T00:54:00.696999,18.3,50.9,1
2026-01-12T00:54:02.951543,18.3,50.9,1
2026-01-12T00:54:05.208106,18.3,50.8,1
2026-01-12T00:54:07.462721,18.3,50.8,1
2026-01-12T00:54:09.717272,18.3,50.8,1
2026-01-12T00:54:11.971945,18.3,50.8,1
2026-01-12T00:54:14.226540,18.3,50.8,1
2026-01-12T00:54:16.481278,18.3,50.8,1
2026-01-12T00:54:18.735983,18.3,50.8,1
2026-01-12T00:54:20.990559,18.3,50.8,1
2026-01-12T00:54:23.245294,18.3,50.8,1
2026-01-12T00:54:25.499927,18.3,50.8,1
2026-01-12T00:54:27.754506,18.3,50.8,1
2026-01-12T00:54:30.009223,18.3,50.8,1
2026-01-12T00:54:32.263827,18.3,50.8,1
2026-01-12T00:54:34.518305,18.3,50.8,0
2026-01-12T00:54:36.772785,18.3,50.8,0
2026-01-12T00:54:39.027420,18.3,50.8,0
2026-01-12T00:54:41.281922,18.3,50.8,0
2026-01-12T00:54:43.536787,18.3,50.8,0
2026-01-12T00:54:45.791448,18.3,50.8,0
2026-01-12T00:54:48.046023,18.3,50.8,0
2026-01-12T00:54:50.300802,18.3,50.8,1
2026-01-12T00:54:52.557602,18.3,50.8,1
2026-01-12T00:54:54.812178,18.3,50.8,1
2026-01-12T00:54:57.066467,18.3,50.8,1
2026-01-12T00:54:59.321152,18.3,50.8,1
2026-01-12T00:55:01.575835,18.3,50.8,1
2026-01-12T00:55:03.830633,18.3,50.8,1
2026-01-12T00:55:06.085283,18.3,50.8,1
2026-01-12T00:55:08.339853,18.3,50.8,1
2026-01-12T00:55:10.594753,18.3,50.8,1
2026-01-12T00:55:12.851572,18.3,50.9,1
2026-01-12T00:55:15.106212,18.3,50.9,1
2026-01-12T00:55:17.360842,18.3,50.8,1
2026-01-12T00:55:19.615541,18.3,50.8,1
2026-01-12T00:55:21.870160,18.3,50.8,1
2026-01-12T00:55:24.124941,18.3,50.8,1
2026-01-12T00:55:26.379571,18.3,50.8,1
2026-01-12T00:55:28.633933,18.3,50.8,1
2026-01-12T00:55:30.888727,18.3,50.8,0
2026-01-12T00:55:33.143358,18.3,50.8,0
2026-01-12T00:55:35.397929,18.3,50.8,0
2026-01-12T00:55:37.652665,18.3,50.7,0
2026-01-12T00:55:39.907298,18.3,50.7,0
2026-01-12T00:55:42.161876,18.3,50.7,0
2026-01-12T00:55:44.416688,18.3,50.8,0
2026-01-12T00:55:46.671387,18.3,50.7,1
2026-01-12T00:55:48.925964,18.3,50.7,1
2026-01-12T00:55:51.180771,18.3,50.7,1
2026-01-12T00:55:53.435340,18.3,50.8,1
2026-01-12T00:55:55.690027,18.3,50.8,1
2026-01-12T00:55:57.944784,18.3,50.7,1
2026-01-12T00:56:00.199430,18.3,50.8,1
2026-01-12T00:56:02.454043,18.3,50.7,1
2026-01-12T00:56:04.708908,18.3,50.7,1
2026-01-12T00:56:06.963558,18.3,50.7,1
2026-01-12T00:56:09.218186,18.3,50.8,1
2026-01-12T00:56:11.472956,18.3,50.7,1
2026-01-12T00:56:13.727664,18.3,50.7,1
2026-01-12T00:56:15.982209,18.3,50.7,1
2026-01-12T00:56:18.236909,18.2,50.7,1
2026-01-12T00:56:20.491478,18.3,50.7,1
2026-01-12T00:56:22.746126,18.3,50.7,1
2026-01-12T00:56:25.000883,18.3,50.7,1
2026-01-12T00:56:27.255488,18.3,50.7,0
2026-01-12T00:56:29.510072,18.3,50.7,0
2026-01-12T00:56:31.764790,18.3,50.7,0
2026-01-12T00:56:34.019443,18.3,50.7,0
2026-01-12T00:56:36.274013,18.3,50.7,0
2026-01-12T00:56:38.528890,18.3,50.7,0
2026-01-12T00:56:40.783524,18.3,50.7,0
2026-01-12T00:56:43.038071,18.3,50.7,1
2026-01-12T00:56:45.292664,18.3,50.7,1
2026-01-12T00:56:47.547390,18.3,50.7,1
2026-01-12T00:56:49.801614,18.3,50.7,1
2026-01-12T00:56:52.056206,18.3,50.7,1
2026-01-12T00:56:54.310866,18.3,50.7,1
2026-01-12T00:56:56.565562,18.3,50.7,1
2026-01-12T00:56:58.820162,18.3,50.7,1
2026-01-12T00:57:01.074853,18.3,50.7,1
2026-01-12T00:57:03.329305,18.3,50.7,1
2026-01-12T00:57:05.584156,18.3,50.7,1
2026-01-12T00:57:07.838787,18.3,50.7,1
2026-01-12T00:57:10.093208,18.3,50.7,1
2026-01-12T00:57:12.347960,18.3,50.7,1
2026-01-12T00:57:14.602692,18.3,50.8,1
2026-01-12T00:57:16.857269,18.3,50.8,1
2026-01-12T00:57:19.112061,18.3,50.8,1
2026-01-12T00:57:21.366743,18.3,50.8,1
2026-01-12T00:57:23.621418,18.3,50.8,0
2026-01-12T00:57:25.876180,18.3,50.7,0
2026-01-12T00:57:28.130801,18.3,50.7,0
2026-01-12T00:57:30.385395,18.3,50.8,0
2026-01-12T00:57:32.640243,18.3,50.7,0
2026-01-12T00:57:34.894813,18.3,50.7,0
2026-01-12T00:57:37.149242,18.3,50.7,0
2026-01-12T00:57:39.403951,18.3,50.8,1
2026-01-12T00:57:41.658725,18.3,50.7,1
2026-01-12T00:57:43.913290,18.3,50.7,1
2026-01-12T00:57:46.167949,18.3,50.7,1
2026-01-12T00:57:48.422615,18.3,50.7,1
2026-01-12T00:57:50.677311,18.3,50.7,1
2026-01-12T00:57:52.932016,18.3,50.7,1
2026-01-12T00:57:55.186694,18.3,50.6,1
2026-01-12T00:57:57.441341,18.3,50.7,1
2026-01-12T00:57:59.696140,18.3,50.7,1
2026-01-12T00:58:01.950791,18.3,50.7,1
2026-01-12T00:58:04.205376,18.3,50.7,1
2026-01-12T00:58:06.460157,18.3,50.7,1
2026-01-12T00:58:08.714925,18.3,50.7,1
2026-01-12T00:58:10.969489,18.3,50.7,1
2026-01-12T00:58:13.224280,18.3,50.7,1
2026-01-12T00:58:15.478956,18.3,50.7,1
2026-01-12T00:58:17.733615,18.3,50.7,1
2026-01-12T00:58:19.988296,18.3,50.7,0
2026-01-12T00:58:22.242832,18.3,50.7,0
2026-01-12T00:58:24.497445,18.3,50.7,0
2026-01-12T00:58:26.752264,18.3,50.7,0
2026-01-12T00:58:29.006968,18.3,50.7,0
2026-01-12T00:58:31.261518,18.3,50.7,0
2026-01-12T00:58:33.516157,18.3,50.7,0
2026-01-12T00:58:35.770925,18.3,50.7,1
2026-01-12T00:58:38.025540,18.3,50.7,1
2026-01-12T00:58:40.280313,18.3,50.7,1
2026-01-12T00:58:42.535109,18.3,50.7,1
2026-01-12T00:58:44.789655,18.3,50.7,1
2026-01-12T00:58:47.044388,18.3,50.7,1
2026-01-12T00:58:49.299111,18.3,50.7,1
2026-01-12T00:58:51.553672,18.3,50.6,1
2026-01-12T00:58:53.808448,18.3,50.7,1
2026-01-12T00:58:56.063068,18.3,50.7,1
2026-01-12T00:58:58.317630,18.3,50.7,1
2026-01-12T00:59:00.572490,18.3,50.7,1
2026-01-12T00:59:02.827152,18.3,50.7,1
2026-01-12T00:59:05.081704,18.3,50.7,1
2026-01-12T00:59:07.336162,18.3,50.7,1
2026-01-12T00:59:09.590918,18.3,50.7,1
2026-01-12T00:59:11.845517,18.3,50.7,1
2026-01-12T00:59:14.100269,18.3,50.7,1
2026-01-12T00:59:16.355018,18.3,50.7,0
2026-01-12T00:59:18.609697,18.3,50.7,0
2026-01-12T00:59:20.864493,18.3,50.7,0
2026-01-12T00:59:23.119175,18.3,50.7,0
2026-01-12T00:59:25.373735,18.3,50.7,0
2026-01-12T00:59:27.628538,18.3,50.7,0
2026-01-12T00:59:29.883238,18.3,50.7,0
2026-01-12T00:59:32.137827,18.3,50.7,1
2026-01-12T00:59:34.392606,18.3,50.7,1
2026-01-12T00:59:36.647367,18.3,50.7,1
2026-01-12T00:59:38.901990,18.3,50.7,1
2026-01-12T00:59:41.156661,18.3,50.7,1
2026-01-12T00:59:43.411285,18.3,50.7,1
2026-01-12T00:59:45.666020,18.3,50.7,1
2026-01-12T00:59:47.920834,18.3,50.7,1
2026-01-12T00:59:50.175496,18.3,50.7,1
2026-01-12T00:59:52.430130,18.3,50.7,1
2026-01-12T00:59:54.684967,18.3,50.7,1
2026-01-12T00:59:56.939641,18.3,50.7,1
2026-01-12T00:59:59.194242,18.3,50.7,1
2026-01-12T01:00:01.448974,18.3,50.7,1
2026-01-12T01:00:03.703703,18.3,50.7,1
2026-01-12T01:00:05.958093,18.3,50.7,1
2026-01-12T01:00:08.293698,18.3,50.7,1
2026-01-12T01:00:10.629507,18.3,50.7,1
2026-01-12T01:00:12.964968,18.3,50.7,0
2026-01-12T01:00:15.237678,18.3,50.7,0
2026-01-12T01:00:17.492286,18.3,50.7,0
2026-01-12T01:00:19.747019,18.3,50.7,0
2026-01-12T01:00:22.001739,18.3,50.8,0
2026-01-12T01:00:24.256339,18.3,50.7,0
2026-01-12T01:00:26.510878,18.3,50.7,0
2026-01-12T01:00:28.765560,18.3,50.7,1
2026-01-12T01:00:31.019724,18.3,50.7,1
2026-01-12T01:00:33.274293,18.3,50.7,1
2026-01-12T01:00:35.529128,18.3,50.7,1
2026-01-12T01:00:37.783641,18.3,50.8,1
2026-01-12T01:00:40.038239,18.3,50.7,1
2026-01-12T01:00:42.293026,18.3,50.7,1
2026-01-12T01:00:44.547706,18.3,50.7,1
2026-01-12T01:00:46.802327,18.3,50.7,1
2026-01-12T01:00:49.057092,18.3,50.7,1
2026-01-12T01:00:51.311614,18.3,50.7,1
2026-01-12T01:00:53.566240,18.3,50.7,1
2026-01-12T01:00:55.821000,18.3,50.8,1
2026-01-12T01:00:58.075619,18.3,50.8,1
2026-01-12T01:01:00.329822,18.3,50.8,1
2026-01-12T01:01:02.584405,18.3,50.8,1
2026-01-12T01:01:04.840972,18.3,50.8,1
2026-01-12T01:01:07.095524,18.3,50.8,1
2026-01-12T01:01:09.350250,18.3,50.8,0
2026-01-12T01:01:11.604932,18.3,50.8,0
2026-01-12T01:01:13.859564,18.3,50.8,0
2026-01-12T01:01:16.114365,18.3,50.8,0
2026-01-12T01:01:18.369020,18.3,50.8,0
2026-01-12T01:01:20.623637,18.3,50.8,0
2026-01-12T01:01:22.878368,18.3,50.8,0
2026-01-12T01:01:25.132982,18.3,50.8,1
2026-01-12T01:01:27.387590,18.3,50.8,1
2026-01-12T01:01:29.642510,18.3,50.8,1
2026-01-12T01:01:31.897139,18.3,50.8,1
2026-01-12T01:01:34.151744,18.3,50.8,1
2026-01-12T01:01:36.406520,18.3,50.8,1
2026-01-12T01:01:38.661229,18.3,50.8,1
2026-01-12T01:01:40.915791,18.3,50.8,1
2026-01-12T01:01:43.170381,18.3,50.8,1
2026-01-12T01:01:45.424965,18.3,50.8,1
2026-01-12T01:01:47.679647,18.3,50.8,1
2026-01-12T01:01:49.934496,18.3,50.8,1
2026-01-12T01:01:52.189105,18.3,50.8,1
2026-01-12T01:01:54.443660,18.3,50.8,1
2026-01-12T01:01:56.698481,18.3,50.8,1
2026-01-12T01:01:58.953156,18.3,50.8,1
2026-01-12T01:02:01.207769,18.3,50.8,1
2026-01-12T01:02:03.462617,18.3,50.8,1
2026-01-12T01:02:05.717272,18.3,50.8,1
2026-01-12T01:02:07.971855,18.3,50.8,0
2026-01-12T01:02:10.226554,18.3,50.8,0
2026-01-12T01:02:12.481181,18.3,50.8,0
2026-01-12T01:02:14.735908,18.3,50.8,0
2026-01-12T01:02:16.990540,18.3,50.7,0
2026-01-12T01:02:19.245136,18.3,50.8,0
2026-01-12T01:02:21.499703,18.3,50.8,1
2026-01-12T01:02:23.754599,18.3,50.8,1
2026-01-12T01:02:26.009255,18.3,50.8,1
2026-01-12T01:02:28.263665,18.3,50.8,1
2026-01-12T01:02:30.519314,18.3,50.8,1
2026-01-12T01:02:32.854964,18.3,50.7,1
2026-01-12T01:02:35.190389,18.3,50.8,1
2026-01-12T01:02:37.526175,18.3,50.8,1
2026-01-12T01:02:39.781460,18.3,50.8,1
2026-01-12T01:02:42.036021,18.3,50.8,1
2026-01-12T01:02:44.290818,18.3,50.7,1
2026-01-12T01:02:46.545603,18.3,50.8,1
2026-01-12T01:02:48.800263,18.3,50.8,1
2026-01-12T01:02:51.054774,18.3,50.7,1
2026-01-12T01:02:53.309485,18.3,50.7,1
2026-01-12T01:02:55.564160,18.3,50.7,1
2026-01-12T01:02:57.819033,18.3,50.7,1
2026-01-12T01:03:00.073751,18.3,50.7,1
2026-01-12T01:03:02.327959,18.3,50.7,1
2026-01-12T01:03:04.582509,18.3,50.7,0
2026-01-12T01:03:06.837042,18.3,50.7,0
2026-01-12T01:03:09.091642,18.3,50.7,0
2026-01-12T01:03:11.346440,18.3,50.7,0
2026-01-12T01:03:13.600903,18.3,50.8,0
2026-01-12T01:03:15.855528,18.3,50.7,0
2026-01-12T01:03:18.110229,18.3,50.7,1
2026-01-12T01:03:20.364510,18.3,50.7,1
2026-01-12T01:03:22.619153,18.3,50.8,1
2026-01-12T01:03:24.873662,18.3,50.8,1
2026-01-12T01:03:27.128239,18.3,50.7,1
2026-01-12T01:03:29.382798,18.3,50.7,1
2026-01-12T01:03:31.637471,18.3,50.7,1
2026-01-12T01:03:33.892044,18.3,50.7,1
2026-01-12T01:03:36.146522,18.3,50.8,1
2026-01-12T01:03:38.401289,18.3,50.7,1
2026-01-12T01:03:40.655968,18.3,50.7,1
2026-01-12T01:03:42.910471,18.3,50.7,1
2026-01-12T01:03:45.165174,18.3,50.8,1
2026-01-12T01:03:47.419714,18.3,50.8,1
2026-01-12T01:03:49.674359,18.3,50.7,1
2026-01-12T01:03:51.929018,18.3,50.7,1
2026-01-12T01:03:54.183577,18.3,50.7,1
2026-01-12T01:03:56.438152,18.3,50.7,1
2026-01-12T01:03:58.692889,18.3,50.7,1
2026-01-12T01:04:00.947471,18.3,50.7,0
2026-01-12T01:04:03.202034,18.3,50.7,0
2026-01-12T01:04:05.456724,18.3,50.7,0
2026-01-12T01:04:07.711371,18.3,50.7,0
2026-01-12T01:04:09.965792,18.3,50.7,0
2026-01-12T01:04:12.220511,18.3,50.8,0
2026-01-12T01:04:14.474630,18.3,50.7,1
2026-01-12T01:04:16.729230,18.3,50.7,1
2026-01-12T01:04:18.983873,18.3,50.7,1
2026-01-12T01:04:21.238521,18.3,50.8,1
2026-01-12T01:04:23.492985,18.3,50.8,1
2026-01-12T01:04:25.747799,18.3,50.7,1
2026-01-12T01:04:28.002272,18.3,50.7,1
2026-01-12T01:04:30.256726,18.3,50.8,1
2026-01-12T01:04:32.511367,18.3,50.7,1
2026-01-12T01:04:34.765831,18.3,50.8,1
2026-01-12T01:04:37.020323,18.3,50.7,1
2026-01-12T01:04:39.275119,18.3,50.8,1
2026-01-12T01:04:41.529789,18.3,50.8,1
2026-01-12T01:04:43.784042,18.3,50.7,1
2026-01-12T01:04:46.038831,18.3,50.7,1
2026-01-12T01:04:48.293447,18.3,50.7,1
2026-01-12T01:04:50.548087,18.3,50.7,1
2026-01-12T01:04:52.802840,18.3,50.7,1
2026-01-12T01:04:55.057484,18.3,50.7,1
2026-01-12T01:04:57.312019,18.3,50.7,0
2026-01-12T01:04:59.566810,18.3,50.7,0
2026-01-12T01:05:01.821343,18.3,50.7,0
2026-01-12T01:05:04.075807,18.3,50.7,0
2026-01-12T01:05:06.330429,18.3,50.6,0
2026-01-12T01:05:08.584605,18.3,50.7,0
2026-01-12T01:05:10.839157,18.3,50.7,0
2026-01-12T01:05:13.093899,18.3,50.7,1
2026-01-12T01:05:15.348436,18.3,50.7,1
2026-01-12T01:05:17.603007,18.3,50.7,1
2026-01-12T01:05:19.857748,18.3,50.7,1
2026-01-12T01:05:22.112230,18.3,50.7,1
2026-01-12T01:05:24.366873,18.3,50.7,1
2026-01-12T01:05:26.621645,18.3,50.7,1
2026-01-12T01:05:28.876079,18.3,50.7,1
2026-01-12T01:05:31.130597,18.3,50.7,1
2026-01-12T01:05:33.385270,18.3,50.7,1
2026-01-12T01:05:35.639912,18.3,50.7,1
2026-01-12T01:05:37.894509,18.3,50.7,1
2026-01-12T01:05:40.149174,18.3,50.7,1
2026-01-12T01:05:42.403746,18.3,50.7,1
2026-01-12T01:05:44.658399,18.3,50.7,1
2026-01-12T01:05:46.913203,18.3,50.7,1
2026-01-12T01:05:49.167782,18.3,50.8,1
2026-01-12T01:05:51.422239,18.3,50.8,1
2026-01-12T01:05:53.677019,18.3,50.7,0
2026-01-12T01:05:55.931548,18.3,50.7,0
2026-01-12T01:05:58.186061,18.3,50.7,0
2026-01-12T01:06:00.440749,18.3,50.7,0
2026-01-12T01:06:02.695389,18.3,50.7,0
2026-01-12T01:06:04.949939,18.3,50.7,0
2026-01-12T01:06:07.204644,18.3,50.7,0
2026-01-12T01:06:09.459294,18.3,50.8,1
2026-01-12T01:06:11.713893,18.3,50.8,1
2026-01-12T01:06:13.968633,18.3,50.8,1
2026-01-12T01:06:16.223305,18.3,50.8,1
2026-01-12T01:06:18.477814,18.3,50.8,1
2026-01-12T01:06:20.732637,18.3,50.8,1
2026-01-12T01:06:22.987320,18.3,50.8,1
2026-01-12T01:06:25.241823,18.3,50.8,1
2026-01-12T01:06:27.496582,18.3,50.8,1
2026-01-12T01:06:29.751291,18.3,50.8,1
2026-01-12T01:06:32.005819,18.3,50.8,1
2026-01-12T01:06:34.260616,18.3,50.8,1
2026-01-12T01:06:36.515144,18.3,50.9,1
2026-01-12T01:06:38.769763,18.3,50.8,1
2026-01-12T01:06:41.024479,18.3,50.9,1
2026-01-12T01:06:43.279137,18.3,50.8,1
2026-01-12T01:06:45.533717,18.3,50.8,1
2026-01-12T01:06:47.788439,18.3,50.8,1
2026-01-12T01:06:50.045117,18.3,50.8,0
2026-01-12T01:06:52.299629,18.3,50.8,0
2026-01-12T01:06:54.554448,18.3,50.8,0
2026-01-12T01:06:56.809002,18.3,50.8,0
2026-01-12T01:06:59.063477,18.3,50.8,0
2026-01-12T01:07:01.318280,18.3,50.7,0
2026-01-12T01:07:03.572821,18.3,50.7,0
2026-01-12T01:07:05.827380,18.3,50.7,1
2026-01-12T01:07:08.082066,18.3,50.7,1
2026-01-12T01:07:10.336639,18.3,50.7,1
2026-01-12T01:07:12.590710,18.3,50.7,1
2026-01-12T01:07:14.845446,18.3,50.7,1
2026-01-12T01:07:17.099994,18.3,50.7,1
2026-01-12T01:07:19.354516,18.3,50.7,1
2026-01-12T01:07:21.609098,18.3,50.7,1
2026-01-12T01:07:23.863685,18.3,50.7,1
2026-01-12T01:07:26.118223,18.3,50.7,1
2026-01-12T01:07:28.372939,18.3,50.7,1
2026-01-12T01:07:30.627565,18.3,50.8,1
2026-01-12T01:07:32.882132,18.3,50.7,1
2026-01-12T01:07:35.136942,18.3,50.8,1
2026-01-12T01:07:37.391505,18.3,50.7,1
2026-01-12T01:07:39.646114,18.3,50.7,1
2026-01-12T01:07:41.900693,18.3,50.7,1
2026-01-12T01:07:44.157521,18.3,50.7,1
2026-01-12T01:07:46.411649,18.3,50.7,0
2026-01-12T01:07:48.666559,18.3,50.7,0
2026-01-12T01:07:50.920866,18.3,50.7,0
2026-01-12T01:07:53.175460,18.3,50.6,0
2026-01-12T01:07:55.430268,18.3,50.6,0
2026-01-12T01:07:57.684974,18.3,50.6,0
2026-01-12T01:07:59.939561,18.3,50.6,0
2026-01-12T01:08:02.194292,18.3,50.6,1
2026-01-12T01:08:04.448913,18.3,50.6,1
2026-01-12T01:08:06.703570,18.3,50.6,1
2026-01-12T01:08:08.958270,18.3,50.7,1
2026-01-12T01:08:11.212878,18.3,50.7,1
2026-01-12T01:08:13.467394,18.3,50.6,1
2026-01-12T01:08:15.722242,18.3,50.7,1
2026-01-12T01:08:17.976873,18.3,50.7,1
2026-01-12T01:08:20.231431,18.3,50.7,1
2026-01-12T01:08:22.486254,18.3,50.7,1
2026-01-12T01:08:24.740915,18.3,50.7,1
2026-01-12T01:08:26.995486,18.3,50.7,1
2026-01-12T01:08:29.250312,18.3,50.7,1
2026-01-12T01:08:31.504936,18.3,50.7,1
2026-01-12T01:08:33.759337,18.3,50.7,1
2026-01-12T01:08:36.014117,18.3,50.7,1
2026-01-12T01:08:38.268814,18.3,50.7,1
2026-01-12T01:08:40.523518,18.3,50.6,1
2026-01-12T01:08:42.778249,18.3,50.7,0
2026-01-12T01:08:45.032913,18.3,50.7,0
2026-01-12T01:08:47.287473,18.3,50.6,0
2026-01-12T01:08:49.542399,18.3,50.7,0
2026-01-12T01:08:51.798220,18.3,50.7,0
2026-01-12T01:08:54.052778,18.3,50.7,0
2026-01-12T01:08:56.307546,18.3,50.7,0
2026-01-12T01:08:58.562243,18.3,50.6,1
2026-01-12T01:09:00.816697,18.3,50.7,1
2026-01-12T01:09:03.071535,18.3,50.7,1
2026-01-12T01:09:05.327726,18.3,50.7,1
2026-01-12T01:09:07.582304,18.3,50.7,1
2026-01-12T01:09:09.837007,18.3,50.7,1
2026-01-12T01:09:12.091650,18.3,50.7,1
2026-01-12T01:09:14.346232,18.3,50.7,1
2026-01-12T01:09:16.601057,18.3,50.7,1
2026-01-12T01:09:18.855673,18.3,50.7,1
2026-01-12T01:09:21.110203,18.3,50.7,1
2026-01-12T01:09:23.364865,18.3,50.7,1
2026-01-12T01:09:25.619585,18.3,50.7,1
2026-01-12T01:09:27.874253,18.3,50.7,1
2026-01-12T01:09:30.129060,18.3,50.7,1
2026-01-12T01:09:32.383720,18.3,50.7,1
2026-01-12T01:09:34.638347,18.3,50.7,1
2026-01-12T01:09:36.893132,18.3,50.7,1
2026-01-12T01:09:39.147824,18.3,50.7,0
2026-01-12T01:09:41.402378,18.3,50.7,0
2026-01-12T01:09:43.657302,18.3,50.7,0
2026-01-12T01:09:45.911965,18.3,50.6,0
2026-01-12T01:09:48.166581,18.3,50.7,0
2026-01-12T01:09:50.421359,18.3,50.6,0
2026-01-12T01:09:52.676038,18.3,50.6,0
2026-01-12T01:09:54.930626,18.3,50.7,1
2026-01-12T01:09:57.187254,18.3,50.7,1
2026-01-12T01:09:59.441981,18.3,50.7,1
2026-01-12T01:10:01.696649,18.3,50.7,1
2026-01-12T01:10:03.951492,18.3,50.7,1
2026-01-12T01:10:06.206146,18.3,50.7,1
2026-01-12T01:10:08.460733,18.3,50.7,1
2026-01-12T01:10:10.715535,18.3,50.7,1
2026-01-12T01:10:12.969833,18.3,50.6,1
2026-01-12T01:10:15.224313,18.3,50.7,1
2026-01-12T01:10:17.479262,18.3,50.6,1
2026-01-12T01:10:19.733928,18.3,50.6,1
2026-01-12T01:10:21.988486,18.3,50.6,1
2026-01-12T01:10:24.243233,18.3,50.6,1
2026-01-12T01:10:26.497789,18.3,50.6,1
2026-01-12T01:10:28.752457,18.3,50.7,1
2026-01-12T01:10:31.007339,18.3,50.6,1
2026-01-12T01:10:33.261952,18.3,50.6,1
2026-01-12T01:10:35.517581,18.3,50.7,0
2026-01-12T01:10:37.772377,18.3,50.7,0
2026-01-12T01:10:40.027084,18.3,50.7,0
2026-01-12T01:10:42.281625,18.3,50.7,0
2026-01-12T01:10:44.536484,18.3,50.7,0
2026-01-12T01:10:46.790686,18.3,50.7,0
2026-01-12T01:10:49.045143,18.3,50.7,0
2026-01-12T01:10:51.299960,18.3,50.7,1
2026-01-12T01:10:53.554696,18.3,50.7,1
2026-01-12T01:10:55.809322,18.3,50.6,1
2026-01-12T01:10:58.064005,18.3,50.7,1
2026-01-12T01:11:00.318618,18.3,50.6,1
2026-01-12T01:11:02.573281,18.3,50.6,1
2026-01-12T01:11:04.828051,18.3,50.6,1
2026-01-12T01:11:07.082687,18.3,50.7,1
2026-01-12T01:11:09.337269,18.3,50.6,1
2026-01-12T01:11:11.591821,18.3,50.6,1
2026-01-12T01:11:13.846415,18.3,50.6,1
2026-01-12T01:11:16.100922,18.3,50.6,1
2026-01-12T01:11:18.355659,18.3,50.6,1
2026-01-12T01:11:20.610366,18.3,50.6,1
2026-01-12T01:11:22.864909,18.3,50.6,1
2026-01-12T01:11:25.119653,18.3,50.6,1
2026-01-12T01:11:27.374210,18.3,50.6,1
2026-01-12T01:11:29.628847,18.3,50.6,1
2026-01-12T01:11:31.883639,18.3,50.6,0
2026-01-12T01:11:34.138334,18.3,50.6,0
2026-01-12T01:11:36.392893,18.3,50.6,0
2026-01-12T01:11:38.647641,18.3,50.6,0
2026-01-12T01:11:40.902260,18.3,50.7,0
2026-01-12T01:11:43.156661,18.3,50.6,0
2026-01-12T01:11:45.411456,18.3,50.6,0
2026-01-12T01:11:47.666230,18.3,50.6,1
2026-01-12T01:11:49.920774,18.3,50.6,1
2026-01-12T01:11:52.175510,18.3,50.7,1
2026-01-12T01:11:54.430115,18.3,50.6,1
2026-01-12T01:11:56.684717,18.3,50.7,1
2026-01-12T01:11:58.939445,18.3,50.6,1
2026-01-12T01:12:01.194009,18.3,50.6,1
2026-01-12T01:12:03.448501,18.3,50.6,1
2026-01-12T01:12:05.703417,18.3,50.6,1
2026-01-12T01:12:07.958075,18.3,50.6,1
2026-01-12T01:12:10.212604,18.3,50.7,1
2026-01-12T01:12:12.467490,18.3,50.6,1
2026-01-12T01:12:14.722277,18.3,50.6,1
2026-01-12T01:12:16.976748,18.3,50.7,1
2026-01-12T01:12:19.231370,18.3,50.6,1
2026-01-12T01:12:21.486060,18.3,50.6,1
2026-01-12T01:12:23.740697,18.3,50.6,1
2026-01-12T01:12:25.994951,18.3,50.6,1
2026-01-12T01:12:28.249592,18.3,50.7,1
2026-01-12T01:12:30.504112,18.3,50.6,0
2026-01-12T01:12:32.759106,18.3,50.7,0
2026-01-12T01:12:35.013749,18.3,50.6,0
2026-01-12T01:12:37.268307,18.3,50.6,0
2026-01-12T01:12:39.523226,18.3,50.6,0
2026-01-12T01:12:41.777865,18.3,50.7,0
2026-01-12T01:12:44.032421,18.3,50.6,1
2026-01-12T01:12:46.287196,18.3,50.6,1
2026-01-12T01:12:48.541910,18.3,50.6,1
2026-01-12T01:12:50.796338,18.3,50.6,1
2026-01-12T01:12:53.051124,18.3,50.6,1
2026-01-12T01:12:55.305747,18.3,50.7,1
2026-01-12T01:12:57.560417,18.3,50.7,1
2026-01-12T01:12:59.815255,18.3,50.7,1
2026-01-12T01:13:02.069891,18.3,50.6,1
2026-01-12T01:13:04.324454,18.3,50.6,1
2026-01-12T01:13:06.579426,18.3,50.7,1
2026-01-12T01:13:08.834077,18.3,50.6,1
2026-01-12T01:13:11.088573,18.3,50.7,1
2026-01-12T01:13:13.343322,18.3,50.6,1
2026-01-12T01:13:15.597907,18.3,50.7,1
2026-01-12T01:13:17.852389,18.3,50.7,1
2026-01-12T01:13:20.107241,18.3,50.7,1
2026-01-12T01:13:22.361784,18.3,50.7,1
2026-01-12T01:13:24.616413,18.3,50.7,1
2026-01-12T01:13:26.871246,18.3,50.7,0
2026-01-12T01:13:29.125898,18.3,50.7,0
2026-01-12T01:13:31.380422,18.3,50.7,0
2026-01-12T01:13:33.635316,18.3,50.7,0
2026-01-12T01:13:35.889964,18.3,50.7,0
2026-01-12T01:13:38.144555,18.3,50.7,0
2026-01-12T01:13:40.399394,18.3,50.6,0
2026-01-12T01:13:42.654150,18.3,50.7,1
2026-01-12T01:13:44.908764,18.3,50.6,1
2026-01-12T01:13:47.163612,18.3,50.7,1
2026-01-12T01:13:49.418313,18.3,50.6,1
2026-01-12T01:13:51.672898,18.3,50.6,1
2026-01-12T01:13:53.927645,18.3,50.6,1
2026-01-12T01:13:56.182308,18.3,50.6,1
2026-01-12T01:13:58.436881,18.3,50.6,1
2026-01-12T01:14:00.691776,18.3,50.6,1
2026-01-12T01:14:02.946397,18.3,50.6,1
2026-01-12T01:14:05.201005,18.3,50.6,1
2026-01-12T01:14:07.455656,18.3,50.6,1
2026-01-12T01:14:09.710437,18.3,50.6,1
2026-01-12T01:14:11.964995,18.3,50.6,1
2026-01-12T01:14:14.219771,18.3,50.6,1
2026-01-12T01:14:16.474413,18.3,50.6,1
2026-01-12T01:14:18.729123,18.3,50.6,1
2026-01-12T01:14:20.983898,18.3,50.6,1
2026-01-12T01:14:23.238561,18.3,50.6,0
2026-01-12T01:14:25.493024,18.3,50.6,0
2026-01-12T01:14:27.747902,18.3,50.6,0
2026-01-12T01:14:30.002670,18.3,50.6,0
2026-01-12T01:14:32.257271,18.3,50.6,0
2026-01-12T01:14:34.511733,18.3,50.6,0
2026-01-12T01:14:36.766521,18.3,50.6,0
2026-01-12T01:14:39.021103,18.3,50.6,1
2026-01-12T01:14:41.275843,18.3,50.7,1
2026-01-12T01:14:43.530403,18.3,50.7,1
2026-01-12T01:14:45.785947,18.3,50.6,1
2026-01-12T01:14:48.040733,18.3,50.6,1
2026-01-12T01:14:50.295325,18.3,50.7,1
2026-01-12T01:14:52.549953,18.3,50.6,1
2026-01-12T01:14:54.804759,18.3,50.6,1
2026-01-12T01:14:57.061549,18.3,50.6,1
2026-01-12T01:14:59.316053,18.3,50.6,1
2026-01-12T01:15:01.571010,18.3,50.6,1
2026-01-12T01:15:03.825672,18.3,50.6,1
2026-01-12T01:15:06.080252,18.3,50.6,1
2026-01-12T01:15:08.335142,18.3,50.6,1
2026-01-12T01:15:10.589987,18.3,50.6,1
2026-01-12T01:15:12.909425,18.3,50.7,1
2026-01-12T01:15:15.164151,18.3,50.7,1
2026-01-12T01:15:17.418840,18.3,50.6,1
2026-01-12T01:15:19.673523,18.3,50.6,0
2026-01-12T01:15:21.928296,18.3,50.7,0
2026-01-12T01:15:24.182999,18.3,50.7,0
2026-01-12T01:15:26.437568,18.3,50.6,0
2026-01-12T01:15:28.692456,18.3,50.7,0
2026-01-12T01:15:30.947110,18.3,50.6,0
2026-01-12T01:15:33.201707,18.3,50.6,0
2026-01-12T01:15:35.456536,18.3,50.6,1
2026-01-12T01:15:37.711271,18.3,50.7,1
2026-01-12T01:15:39.965871,18.3,50.6,1
2026-01-12T01:15:42.220576,18.3,50.6,1
2026-01-12T01:15:44.475297,18.3,50.6,1
2026-01-12T01:15:46.729991,18.3,50.6,1
2026-01-12T01:15:48.984703,18.3,50.6,1
2026-01-12T01:15:51.239384,18.3,50.6,1
2026-01-12T01:15:53.493941,18.3,50.6,1
2026-01-12T01:15:55.748629,18.3,50.6,1
2026-01-12T01:15:58.003295,18.3,50.6,1
2026-01-12T01:16:00.257869,18.3,50.6,1
2026-01-12T01:16:02.512687,18.3,50.6,1
2026-01-12T01:16:04.767422,18.3,50.6,1
2026-01-12T01:16:07.022029,18.3,50.7,1
2026-01-12T01:16:09.276800,18.3,50.6,1
2026-01-12T01:16:11.531539,18.3,50.6,1
2026-01-12T01:16:13.786090,18.3,50.7,1
2026-01-12T01:16:16.040781,18.3,50.6,0
2026-01-12T01:16:18.297515,18.3,50.7,0
2026-01-12T01:16:20.552184,18.3,50.6,0
2026-01-12T01:16:22.807019,18.3,50.6,0
2026-01-12T01:16:25.061635,18.3,50.6,0
2026-01-12T01:16:27.316147,18.3,50.6,0
2026-01-12T01:16:29.571096,18.3,50.7,0
2026-01-12T01:16:31.825767,18.3,50.7,1
2026-01-12T01:16:34.080355,18.3,50.7,1
2026-01-12T01:16:36.335234,18.3,50.7,1
2026-01-12T01:16:38.589949,18.3,50.7,1
2026-01-12T01:16:40.844409,18.3,50.7,1
2026-01-12T01:16:43.099228,18.3,50.7,1
2026-01-12T01:16:45.353848,18.3,50.6,1
2026-01-12T01:16:47.608493,18.3,50.7,1
2026-01-12T01:16:49.863300,18.3,50.7,1
2026-01-12T01:16:52.117851,18.3,50.6,1
2026-01-12T01:16:54.372338,18.3,50.7,1
2026-01-12T01:16:56.627481,18.3,50.7,1
2026-01-12T01:16:58.882159,18.3,50.7,1
2026-01-12T01:17:01.136629,18.3,50.6,1
2026-01-12T01:17:03.391423,18.3,50.6,1
2026-01-12T01:17:05.646143,18.3,50.6,1
2026-01-12T01:17:07.900731,18.3,50.7,1
2026-01-12T01:17:10.155361,18.3,50.7,1
2026-01-12T01:17:12.410020,18.3,50.7,0
2026-01-12T01:17:14.664727,18.3,50.7,0
2026-01-12T01:17:16.919547,18.3,50.6,0
2026-01-12T01:17:19.174215,18.3,50.7,0
2026-01-12T01:17:21.428804,18.3,50.6,0
2026-01-12T01:17:23.683608,18.3,50.6,0
2026-01-12T01:17:25.938235,18.3,50.7,0
2026-01-12T01:17:28.192806,18.3,50.7,1
2026-01-12T01:17:30.447564,18.3,50.7,1
2026-01-12T01:17:32.702232,18.3,50.6,1
2026-01-12T01:17:34.956676,18.3,50.6,1
2026-01-12T01:17:37.211510,18.3,50.7,1
2026-01-12T01:17:39.466039,18.3,50.6,1
2026-01-12T01:17:41.720698,18.3,50.7,1
2026-01-12T01:17:43.975498,18.3,50.6,1
2026-01-12T01:17:46.230163,18.3,50.6,1
2026-01-12T01:17:48.484768,18.3,50.6,1
2026-01-12T01:17:50.739605,18.3,50.6,1
2026-01-12T01:17:52.994260,18.3,50.6,1
2026-01-12T01:17:55.248776,18.3,50.6,1
2026-01-12T01:17:57.503254,18.3,50.6,1
2026-01-12T01:17:59.757988,18.3,50.6,1
2026-01-12T01:18:02.012518,18.3,50.6,1
2026-01-12T01:18:04.267343,18.3,50.6,1
2026-01-12T01:18:06.522129,18.3,50.7,1
2026-01-12T01:18:08.776760,18.3,50.7,0
2026-01-12T01:18:11.031583,18.3,50.6,0
2026-01-12T01:18:13.286268,18.3,50.7,0
2026-01-12T01:18:15.540991,18.3,50.7,0
2026-01-12T01:18:17.795780,18.3,50.7,0
2026-01-12T01:18:20.050415,18.3,50.7,0
2026-01-12T01:18:22.304989,18.3,50.7,0
2026-01-12T01:18:24.559855,18.3,50.7,1
2026-01-12T01:18:26.814504,18.3,50.7,1
2026-01-12T01:18:29.069095,18.3,50.7,1
2026-01-12T01:18:31.323533,18.3,50.7,1
2026-01-12T01:18:33.578313,18.3,50.7,1
2026-01-12T01:18:35.832586,18.3,50.7,1
2026-01-12T01:18:38.087355,18.3,50.7,1
2026-01-12T01:18:40.341707,18.3,50.7,1
2026-01-12T01:18:42.596292,18.3,50.7,1
2026-01-12T01:18:44.851145,18.3,50.7,1
2026-01-12T01:18:47.105798,18.3,50.7,1
2026-01-12T01:18:49.360315,18.3,50.7,1
2026-01-12T01:18:51.615263,18.3,50.7,1
2026-01-12T01:18:53.871762,18.3,50.7,1
2026-01-12T01:18:56.126325,18.3,50.7,1
2026-01-12T01:18:58.381104,18.3,50.7,1
2026-01-12T01:19:00.635795,18.3,50.7,1
2026-01-12T01:19:02.890431,18.3,50.7,1
2026-01-12T01:19:05.144953,18.3,50.7,0
2026-01-12T01:19:07.399581,18.3,50.7,0
2026-01-12T01:19:09.654203,18.3,50.6,0
2026-01-12T01:19:11.908965,18.3,50.7,0
2026-01-12T01:19:14.163600,18.3,50.7,0
2026-01-12T01:19:16.418113,18.3,50.7,0
2026-01-12T01:19:18.672922,18.3,50.6,0
2026-01-12T01:19:20.927575,18.3,50.6,1
2026-01-12T01:19:23.182174,18.3,50.6,1
2026-01-12T01:19:25.436962,18.3,50.7,1
2026-01-12T01:19:27.691634,18.3,50.7,1
2026-01-12T01:19:29.946198,18.3,50.6,1
2026-01-12T01:19:32.200984,18.3,50.7,1
2026-01-12T01:19:34.455703,18.3,50.7,1
2026-01-12T01:19:36.710321,18.3,50.7,1
2026-01-12T01:19:38.965207,18.3,50.6,1
2026-01-12T01:19:41.219810,18.3,50.7,1
2026-01-12T01:19:43.474371,18.3,50.6,1
2026-01-12T01:19:45.729209,18.3,50.6,1
2026-01-12T01:19:47.983856,18.3,50.6,1
2026-01-12T01:19:50.238406,18.3,50.6,1
2026-01-12T01:19:52.493069,18.3,50.6,1
2026-01-12T01:19:54.747763,18.3,50.6,1
2026-01-12T01:19:57.002362,18.3,50.6,1
2026-01-12T01:19:59.257125,18.3,50.6,1
2026-01-12T01:20:01.511737,18.3,50.6,0
2026-01-12T01:20:03.766379,18.3,50.6,0
2026-01-12T01:20:06.021175,18.3,50.6,0
2026-01-12T01:20:08.275837,18.3,50.6,0
2026-01-12T01:20:10.530556,18.3,50.6,0
2026-01-12T01:20:12.785354,18.3,50.7,0
2026-01-12T01:20:15.040005,18.3,50.7,0
2026-01-12T01:20:17.294579,18.3,50.7,1
2026-01-12T01:20:19.549404,18.3,50.7,1
2026-01-12T01:20:21.804044,18.3,50.7,1
2026-01-12T01:20:24.058675,18.3,50.7,1
2026-01-12T01:20:26.313435,18.3,50.7,1
2026-01-12T01:20:28.568154,18.3,50.7,1
2026-01-12T01:20:30.822717,18.3,50.7,1
2026-01-12T01:20:33.077512,18.3,50.7,1
2026-01-12T01:20:35.332157,18.3,50.7,1
2026-01-12T01:20:37.586847,18.3,50.7,1
2026-01-12T01:20:39.841650,18.3,50.7,1
2026-01-12T01:20:42.096236,18.3,50.7,1
2026-01-12T01:20:44.350764,18.3,50.7,1
2026-01-12T01:20:46.605569,18.3,50.6,1
2026-01-12T01:20:48.860225,18.3,50.7,1
2026-01-12T01:20:51.114795,18.3,50.7,1
2026-01-12T01:20:53.369562,18.3,50.7,1
2026-01-12T01:20:55.624131,18.3,50.7,1
2026-01-12T01:20:57.878689,18.3,50.7,0
2026-01-12T01:21:00.133458,18.3,50.7,0
2026-01-12T01:21:02.387937,18.3,50.6,0
2026-01-12T01:21:04.642581,18.3,50.6,0
2026-01-12T01:21:06.897331,18.3,50.7,0
2026-01-12T01:21:09.151975,18.3,50.6,0
2026-01-12T01:21:11.406593,18.3,50.7,0
2026-01-12T01:21:13.661454,18.3,50.7,1
2026-01-12T01:21:15.916066,18.3,50.7,1
2026-01-12T01:21:18.170679,18.3,50.6,1
2026-01-12T01:21:20.425199,18.3,50.7,1
2026-01-12T01:21:22.679939,18.3,50.7,1
2026-01-12T01:21:24.934482,18.3,50.7,1
2026-01-12T01:21:27.189256,18.3,50.6,1
2026-01-12T01:21:29.443952,18.3,50.7,1
2026-01-12T01:21:31.698602,18.3,50.6,1
2026-01-12T01:21:33.953366,18.3,50.6,1
2026-01-12T01:21:36.208012,18.3,50.6,1
2026-01-12T01:21:38.462669,18.3,50.6,1
2026-01-12T01:21:40.717533,18.3,50.6,1
2026-01-12T01:21:42.972111,18.3,50.6,1
2026-01-12T01:21:45.226214,18.3,50.6,1
2026-01-12T01:21:47.480997,18.3,50.6,1
2026-01-12T01:21:49.737977,18.3,50.6,1
2026-01-12T01:21:51.992450,18.3,50.6,1
2026-01-12T01:21:54.247310,18.3,50.6,1
2026-01-12T01:21:56.501844,18.3,50.6,0
2026-01-12T01:21:58.756326,18.3,50.6,0
2026-01-12T01:22:01.011171,18.3,50.6,0
2026-01-12T01:22:03.265834,18.3,50.6,0
2026-01-12T01:22:05.520431,18.3,50.6,0
2026-01-12T01:22:07.774990,18.3,50.6,0
2026-01-12T01:22:10.029649,18.3,50.6,1
2026-01-12T01:22:12.284227,18.3,50.6,1
2026-01-12T01:22:14.539106,18.3,50.6,1
2026-01-12T01:22:16.793804,18.3,50.6,1
2026-01-12T01:22:19.048149,18.3,50.6,1
2026-01-12T01:22:21.302943,18.3,50.6,1
2026-01-12T01:22:23.557699,18.3,50.6,1
2026-01-12T01:22:25.812264,18.3,50.6,1
2026-01-12T01:22:28.067100,18.3,50.6,1
2026-01-12T01:22:30.321719,18.3,50.6,1
2026-01-12T01:22:32.576199,18.3,50.6,1
2026-01-12T01:22:34.831034,18.3,50.6,1
2026-01-12T01:22:37.085703,18.3,50.6,1
2026-01-12T01:22:39.340238,18.3,50.6,1
2026-01-12T01:22:41.594638,18.3,50.6,1
2026-01-12T01:22:43.848752,18.3,50.6,1
2026-01-12T01:22:46.103380,18.3,50.6,1
2026-01-12T01:22:48.358173,18.3,50.6,1
2026-01-12T01:22:50.612715,18.3,50.6,1
2026-01-12T01:22:52.867360,18.3,50.6,0
2026-01-12T01:22:55.122056,18.3,50.6,0
2026-01-12T01:22:57.376676,18.2,50.5,0
2026-01-12T01:22:59.630952,18.3,50.6,0
2026-01-12T01:23:01.885671,18.3,50.6,0
2026-01-12T01:23:04.140269,18.3,50.6,0
2026-01-12T01:23:06.394620,18.3,50.6,0
2026-01-12T01:23:08.657693,18.3,50.5,1
2026-01-12T01:23:10.912157,18.3,50.6,1
2026-01-12T01:23:13.166782,18.3,50.6,1
2026-01-12T01:23:15.421222,18.3,50.6,1
2026-01-12T01:23:17.675959,18.3,50.6,1
2026-01-12T01:23:19.930502,18.3,50.6,1
2026-01-12T01:23:22.185122,18.3,50.5,1
2026-01-12T01:23:24.439730,18.3,50.5,1
2026-01-12T01:23:26.693955,18.3,50.6,1
2026-01-12T01:23:28.948362,18.3,50.5,1
2026-01-12T01:23:31.203054,18.3,50.6,1
2026-01-12T01:23:33.457469,18.3,50.5,1
2026-01-12T01:23:35.712089,18.3,50.6,1
2026-01-12T01:23:37.966429,18.3,50.6,1
2026-01-12T01:23:40.220817,18.3,50.6,1
2026-01-12T01:23:42.475577,18.3,50.5,1
2026-01-12T01:23:44.730314,18.3,50.6,1
2026-01-12T01:23:46.984672,18.3,50.6,1
2026-01-12T01:23:49.239308,18.3,50.6,0
2026-01-12T01:23:51.493612,18.3,50.6,0
2026-01-12T01:23:53.748270,18.3,50.6,0
2026-01-12T01:23:56.003156,18.3,50.6,0
2026-01-12T01:23:58.257837,18.3,50.6,0
2026-01-12T01:24:00.512226,18.3,50.5,0
2026-01-12T01:24:02.767166,18.3,50.6,0
2026-01-12T01:24:05.021836,18.3,50.5,1
2026-01-12T01:24:07.276046,18.3,50.6,1
2026-01-12T01:24:09.531039,18.3,50.5,1
2026-01-12T01:24:11.785263,18.3,50.5,1
2026-01-12T01:24:14.039840,18.3,50.6,1
2026-01-12T01:24:16.294607,18.3,50.6,1
2026-01-12T01:24:18.549302,18.3,50.6,1
2026-01-12T01:24:20.803893,18.3,50.5,1
2026-01-12T01:24:23.058393,18.3,50.6,1
2026-01-12T01:24:25.315142,18.3,50.6,1
2026-01-12T01:24:27.569797,18.3,50.6,1
2026-01-12T01:24:29.824492,18.3,50.6,1
2026-01-12T01:24:32.079208,18.3,50.6,1
2026-01-12T01:24:34.333421,18.3,50.6,1
2026-01-12T01:24:36.587679,18.3,50.6,1
2026-01-12T01:24:38.842627,18.3,50.6,1
2026-01-12T01:24:41.096845,18.3,50.6,1
2026-01-12T01:24:43.351608,18.3,50.6,1
2026-01-12T01:24:45.606267,18.3,50.6,0
2026-01-12T01:24:47.860781,18.3,50.6,0
2026-01-12T01:24:50.115521,18.3,50.6,0
2026-01-12T01:24:52.370257,18.3,50.6,0
2026-01-12T01:24:54.624933,18.3,50.6,0
2026-01-12T01:24:56.879420,18.3,50.6,0
2026-01-12T01:24:59.134067,18.3,50.6,0
2026-01-12T01:25:01.388280,18.3,50.6,1
2026-01-12T01:25:03.643199,18.3,50.6,1
2026-01-12T01:25:05.897468,18.3,50.6,1
2026-01-12T01:25:08.152017,18.3,50.6,1
2026-01-12T01:25:10.406857,18.3,50.6,1
2026-01-12T01:25:12.661768,18.3,50.5,1
2026-01-12T01:25:14.915878,18.3,50.5,1
2026-01-12T01:25:17.170633,18.3,50.5,1
2026-01-12T01:25:19.425009,18.3,50.6,1
2026-01-12T01:25:21.679682,18.3,50.5,1
2026-01-12T01:25:23.934492,18.3,50.5,1
2026-01-12T01:25:26.189066,18.3,50.5,1
2026-01-12T01:25:28.443637,18.3,50.5,1
2026-01-12T01:25:30.698452,18.3,50.6,1
2026-01-12T01:25:32.953062,18.3,50.5,1
2026-01-12T01:25:35.207584,18.3,50.5,1
2026-01-12T01:25:37.462412,18.3,50.5,1
2026-01-12T01:25:39.717084,18.3,50.5,1
2026-01-12T01:25:41.971529,18.3,50.5,0
2026-01-12T01:25:44.226301,18.3,50.5,0
2026-01-12T01:25:46.480920,18.3,50.5,0
2026-01-12T01:25:48.735564,18.3,50.5,0
2026-01-12T01:25:50.990382,18.3,50.5,0
2026-01-12T01:25:53.244829,18.3,50.5,0
2026-01-12T01:25:55.499424,18.3,50.5,0
2026-01-12T01:25:57.754216,18.3,50.5,1
2026-01-12T01:26:00.008802,18.3,50.5,1
2026-01-12T01:26:02.263412,18.3,50.5,1
2026-01-12T01:26:04.517986,18.3,50.5,1
2026-01-12T01:26:06.772649,18.3,50.5,1
2026-01-12T01:26:09.027298,18.3,50.5,1
2026-01-12T01:26:11.282060,18.3,50.5,1
2026-01-12T01:26:13.536885,18.3,50.5,1
2026-01-12T01:26:15.791242,18.3,50.5,1
2026-01-12T01:26:18.045994,18.3,50.5,1
2026-01-12T01:26:20.300640,18.3,50.5,1
2026-01-12T01:26:22.555399,18.3,50.5,1
2026-01-12T01:26:24.810195,18.3,50.5,1
2026-01-12T01:26:27.064809,18.3,50.6,1
2026-01-12T01:26:29.319380,18.3,50.5,1
2026-01-12T01:26:31.574023,18.3,50.5,1
2026-01-12T01:26:33.829403,18.3,50.5,1
2026-01-12T01:26:36.083960,18.3,50.5,1
2026-01-12T01:26:38.338565,18.3,50.5,0
2026-01-12T01:26:40.592664,18.3,50.5,0
2026-01-12T01:26:42.847283,18.3,50.5,0
2026-01-12T01:26:45.102029,18.3,50.5,0
2026-01-12T01:26:47.356673,18.3,50.5,0
2026-01-12T01:26:49.611270,18.3,50.5,0
2026-01-12T01:26:51.866049,18.3,50.5,0
2026-01-12T01:26:54.120650,18.3,50.5,1
2026-01-12T01:26:56.375274,18.3,50.5,1
2026-01-12T01:26:58.630101,18.3,50.5,1
2026-01-12T01:27:00.884730,18.3,50.5,1
2026-01-12T01:27:03.138961,18.2,50.4,1
2026-01-12T01:27:05.393742,18.3,50.5,1
2026-01-12T01:27:07.648236,18.3,50.5,1
2026-01-12T01:27:09.902788,18.3,50.5,1
2026-01-12T01:27:12.157270,18.3,50.5,1
2026-01-12T01:27:14.411954,18.3,50.5,1
2026-01-12T01:27:16.666360,18.3,50.5,1
2026-01-12T01:27:18.920880,18.3,50.5,1
2026-01-12T01:27:21.175451,18.3,50.5,1
2026-01-12T01:27:23.429750,18.3,50.5,1
2026-01-12T01:27:25.684596,18.3,50.5,1
2026-01-12T01:27:27.938997,18.3,50.5,1
2026-01-12T01:27:30.274419,18.3,50.5,1
2026-01-12T01:27:32.553709,18.3,50.5,1
2026-01-12T01:27:34.808425,18.3,50.5,0
2026-01-12T01:27:37.063043,18.3,50.5,0
2026-01-12T01:27:39.317814,18.3,50.5,0
2026-01-12T01:27:41.572534,18.3,50.5,0
2026-01-12T01:27:43.826979,18.3,50.5,0
2026-01-12T01:27:46.081751,18.3,50.5,0
2026-01-12T01:27:48.336379,18.3,50.4,0
2026-01-12T01:27:50.590832,18.3,50.5,1
2026-01-12T01:27:52.845594,18.3,50.5,1
2026-01-12T01:27:55.100313,18.3,50.5,1
2026-01-12T01:27:57.354782,18.3,50.5,1
2026-01-12T01:27:59.609470,18.3,50.5,1
2026-01-12T01:28:01.864089,18.3,50.5,1
2026-01-12T01:28:04.118581,18.3,50.4,1
2026-01-12T01:28:06.373407,18.3,50.5,1
2026-01-12T01:28:08.628108,18.3,50.5,1
2026-01-12T01:28:10.882710,18.3,50.5,1
2026-01-12T01:28:13.137532,18.3,50.5,1
2026-01-12T01:28:15.392190,18.3,50.5,1
2026-01-12T01:28:17.646908,18.3,50.4,1
2026-01-12T01:28:19.901265,18.3,50.4,1
2026-01-12T01:28:22.155930,18.3,50.4,1
2026-01-12T01:28:24.410541,18.3,50.4,1
2026-01-12T01:28:26.665418,18.3,50.4,1
2026-01-12T01:28:28.920100,18.3,50.3,1
2026-01-12T01:28:31.174656,18.3,50.4,0
2026-01-12T01:28:33.429470,18.3,50.4,0
2026-01-12T01:28:35.684124,18.3,50.4,0
2026-01-12T01:28:37.938720,18.3,50.3,0
2026-01-12T01:28:40.193400,18.3,50.4,0
2026-01-12T01:28:42.448028,18.3,50.3,0
2026-01-12T01:28:44.702661,18.3,50.3,0
2026-01-12T01:28:46.957348,18.3,50.3,1
2026-01-12T01:28:49.211956,18.3,50.3,1
2026-01-12T01:28:51.466580,18.3,50.3,1
2026-01-12T01:28:53.721401,18.3,50.3,1
2026-01-12T01:28:55.976024,18.3,50.3,1
2026-01-12T01:28:58.230670,18.3,50.3,1
2026-01-12T01:29:00.485397,18.3,50.4,1
2026-01-12T01:29:02.740152,18.3,50.4,1
2026-01-12T01:29:04.994735,18.3,50.4,1
2026-01-12T01:29:07.249448,18.3,50.4,1
2026-01-12T01:29:09.503970,18.3,50.4,1
2026-01-12T01:29:11.758623,18.3,50.4,1
2026-01-12T01:29:14.013363,18.3,50.5,1
2026-01-12T01:29:16.267947,18.3,50.4,1
2026-01-12T01:29:18.522632,18.3,50.4,1
2026-01-12T01:29:20.777356,18.2,50.4,1
2026-01-12T01:29:23.031869,18.3,50.5,1
2026-01-12T01:29:25.286465,18.3,50.5,1
2026-01-12T01:29:27.541213,18.3,50.5,0
2026-01-12T01:29:29.795835,18.3,50.5,0
2026-01-12T01:29:32.050439,18.3,50.5,0
2026-01-12T01:29:34.305210,18.3,50.5,0
2026-01-12T01:29:36.559939,18.3,50.5,0
2026-01-12T01:29:38.814476,18.3,50.5,0
2026-01-12T01:29:41.068997,18.3,50.4,0
2026-01-12T01:29:43.323592,18.3,50.5,1
2026-01-12T01:29:45.578253,18.3,50.5,1
2026-01-12T01:29:47.833037,18.2,50.4,1
2026-01-12T01:29:50.087644,18.3,50.5,1
2026-01-12T01:29:52.342227,18.3,50.5,1
2026-01-12T01:29:54.596943,18.3,50.5,1
2026-01-12T01:29:56.851585,18.3,50.5,1
2026-01-12T01:29:59.106163,18.3,50.5,1
2026-01-12T01:30:01.360892,18.3,50.5,1
2026-01-12T01:30:03.615484,18.3,50.5,1
2026-01-12T01:30:05.870059,18.3,50.5,1
2026-01-12T01:30:08.124819,18.3,50.5,1
2026-01-12T01:30:10.379443,18.3,50.5,1
2026-01-12T01:30:12.634115,18.3,50.5,1
2026-01-12T01:30:14.888899,18.3,50.5,1
2026-01-12T01:30:17.143561,18.3,50.5,1
2026-01-12T01:30:19.398194,18.3,50.5,1
2026-01-12T01:30:21.652652,18.3,50.5,1
2026-01-12T01:30:23.907376,18.3,50.5,0
2026-01-12T01:30:26.161701,18.3,50.5,0
2026-01-12T01:30:28.416326,18.3,50.4,0
2026-01-12T01:30:30.671109,18.3,50.4,0
2026-01-12T01:30:32.925629,18.3,50.3,0
2026-01-12T01:30:35.179842,18.3,50.2,0
2026-01-12T01:30:37.434472,18.3,50.2,0
2026-01-12T01:30:39.688983,18.3,50.1,1
2026-01-12T01:30:41.943645,18.3,50.2,1
2026-01-12T01:30:44.198250,18.3,50.2,1
2026-01-12T01:30:46.452749,18.3,50.2,1
2026-01-12T01:30:48.707156,18.3,50.2,1
2026-01-12T01:30:50.961772,18.3,50.3,1
2026-01-12T01:30:53.216101,18.3,50.3,1
2026-01-12T01:30:55.470953,18.3,50.3,1
2026-01-12T01:30:57.725645,18.3,50.3,1
2026-01-12T01:30:59.979796,18.3,50.3,1
2026-01-12T01:31:02.234531,18.3,50.3,1
2026-01-12T01:31:04.488958,18.3,50.3,1
2026-01-12T01:31:06.743595,18.2,50.1,1
2026-01-12T01:31:08.998317,18.3,50.2,1
2026-01-12T01:31:11.252784,18.3,50.2,1
2026-01-12T01:31:13.507302,18.3,50.2,1
2026-01-12T01:31:15.761990,18.3,50.1,1
2026-01-12T01:31:18.016486,18.3,50.2,1
2026-01-12T01:31:20.270844,18.3,50.2,0
2026-01-12T01:31:22.525639,18.3,50.2,0
2026-01-12T01:31:24.780059,18.3,50.2,0
2026-01-12T01:31:27.034593,18.3,50.2,0
2026-01-12T01:31:29.289138,18.3,50.3,0
2026-01-12T01:31:31.543831,18.3,50.3,0
2026-01-12T01:31:33.797926,18.3,50.3,0
2026-01-12T01:31:36.052537,18.3,50.3,1
2026-01-12T01:31:38.307129,18.3,50.3,1
2026-01-12T01:31:40.561743,18.3,50.3,1
2026-01-12T01:31:42.816458,18.3,50.3,1
2026-01-12T01:31:45.070677,18.3,50.4,1
2026-01-12T01:31:47.325031,18.3,50.4,1
2026-01-12T01:31:49.579847,18.3,50.4,1
2026-01-12T01:31:51.834492,18.3,50.4,1
2026-01-12T01:31:54.088799,18.3,50.4,1
2026-01-12T01:31:56.343234,18.3,50.4,1
2026-01-12T01:31:58.597917,18.3,50.4,1
2026-01-12T01:32:00.852108,18.3,50.4,1
2026-01-12T01:32:03.106879,18.3,50.4,1
2026-01-12T01:32:05.361565,18.3,50.4,1
2026-01-12T01:32:07.616174,18.3,50.5,1
2026-01-12T01:32:09.870998,18.3,50.5,1
2026-01-12T01:32:12.125636,18.3,50.5,1
2026-01-12T01:32:14.379994,18.3,50.5,1
2026-01-12T01:32:16.634796,18.3,50.4,1
2026-01-12T01:32:18.889486,18.3,50.5,0
2026-01-12T01:32:21.143953,18.3,50.5,0
2026-01-12T01:32:23.398708,18.3,50.5,0
2026-01-12T01:32:25.653367,18.3,50.5,0
2026-01-12T01:32:27.907736,18.3,50.4,0
2026-01-12T01:32:30.162249,18.2,50.4,0
2026-01-12T01:32:32.416654,18.3,50.4,1
2026-01-12T01:32:34.671247,18.3,50.3,1
2026-01-12T01:32:36.925983,18.3,50.3,1
2026-01-12T01:32:39.180205,18.3,50.3,1
2026-01-12T01:32:41.434669,18.3,50.2,1
2026-01-12T01:32:43.689394,18.3,50.2,1
2026-01-12T01:32:45.943907,18.3,50.2,1
2026-01-12T01:32:48.198486,18.3,50.1,1
2026-01-12T01:32:50.453181,18.3,50.1,1
2026-01-12T01:32:52.707797,18.3,50.1,1
2026-01-12T01:32:54.962250,18.3,50.1,1
2026-01-12T01:32:57.216980,18.3,50.1,1
2026-01-12T01:32:59.471572,18.3,50.1,1
2026-01-12T01:33:01.726210,18.3,50.3,1
2026-01-12T01:33:03.980585,18.3,50.3,1
2026-01-12T01:33:06.235287,18.3,50.4,1
2026-01-12T01:33:08.489800,18.3,50.5,1
2026-01-12T01:33:10.744640,18.3,50.5,1
2026-01-12T01:33:12.999240,18.3,50.5,1
2026-01-12T01:33:15.253556,18.3,50.5,0
2026-01-12T01:33:17.508175,18.3,50.5,0
2026-01-12T01:33:19.762843,18.3,50.5,0
2026-01-12T01:33:22.017346,18.3,50.5,0
2026-01-12T01:33:24.272074,18.3,50.6,0
2026-01-12T01:33:26.526752,18.3,50.6,0
2026-01-12T01:33:28.781135,18.3,50.6,1
2026-01-12T01:33:31.035769,18.2,50.6,1
2026-01-12T01:33:33.290357,18.3,50.6,1
2026-01-12T01:33:35.545094,18.3,50.6,1
2026-01-12T01:33:37.799425,18.3,50.6,1
2026-01-12T01:33:40.054047,18.3,50.6,1
2026-01-12T01:33:42.308220,18.3,50.6,1
2026-01-12T01:33:44.563138,18.3,50.6,1
2026-01-12T01:33:46.817472,18.3,50.6,1
2026-01-12T01:33:49.071536,18.3,50.6,1
2026-01-12T01:33:51.326303,18.3,50.6,1
2026-01-12T01:33:53.580878,18.3,50.5,1
2026-01-12T01:33:55.835311,18.3,50.5,1
2026-01-12T01:33:58.089809,18.3,50.5,1
2026-01-12T01:34:00.343931,18.3,50.5,1
2026-01-12T01:34:02.598595,18.3,50.4,1
2026-01-12T01:34:04.852954,18.3,50.4,1
2026-01-12T01:34:07.107109,18.3,50.3,1
2026-01-12T01:34:09.361716,18.3,50.3,1
2026-01-12T01:34:11.616481,18.3,50.3,0
2026-01-12T01:34:13.871150,18.3,50.3,0
2026-01-12T01:34:16.125695,18.3,50.3,0
2026-01-12T01:34:18.380391,18.2,50.2,0
2026-01-12T01:34:20.635154,18.3,50.3,0
2026-01-12T01:34:22.889300,18.3,50.3,0
2026-01-12T01:34:25.143915,18.3,50.3,0
2026-01-12T01:34:27.398533,18.3,50.2,1
2026-01-12T01:34:29.653093,18.3,50.3,1
2026-01-12T01:34:31.907862,18.3,50.3,1
2026-01-12T01:34:34.162137,18.3,50.3,1
2026-01-12T01:34:36.416507,18.3,50.3,1
2026-01-12T01:34:38.671434,18.3,50.4,1
2026-01-12T01:34:40.926061,18.3,50.4,1
2026-01-12T01:34:43.180142,18.3,50.4,1
2026-01-12T01:34:45.434599,18.3,50.5,1
2026-01-12T01:34:47.689050,18.3,50.5,1
2026-01-12T01:34:49.943079,18.3,50.5,1
2026-01-12T01:34:52.197715,18.3,50.5,1
2026-01-12T01:34:54.452146,18.3,50.5,1
2026-01-12T01:34:56.706549,18.2,50.4,1
2026-01-12T01:34:58.961183,18.3,50.5,1
2026-01-12T01:35:01.215740,18.3,50.5,1
2026-01-12T01:35:03.470216,18.2,50.4,1
2026-01-12T01:35:05.725064,18.3,50.4,1
2026-01-12T01:35:07.979683,18.3,50.3,0
2026-01-12T01:35:10.234312,18.3,50.3,0
2026-01-12T01:35:12.489028,18.2,50.2,0
2026-01-12T01:35:14.743699,18.3,50.3,0
2026-01-12T01:35:16.998243,18.3,50.3,0
2026-01-12T01:35:19.252944,18.2,50.1,0
2026-01-12T01:35:21.507524,18.3,50.2,0
2026-01-12T01:35:23.761958,18.3,50.2,1
2026-01-12T01:35:26.016737,18.3,50.2,1
2026-01-12T01:35:28.271416,18.3,50.2,1
2026-01-12T01:35:30.525965,18.3,50.2,1
2026-01-12T01:35:32.780256,18.3,50.2,1
2026-01-12T01:35:35.034945,18.3,50.2,1
2026-01-12T01:35:37.289533,18.3,50.2,1
2026-01-12T01:35:39.544359,18.3,50.2,1
2026-01-12T01:35:41.799077,18.2,50.0,1
2026-01-12T01:35:44.053574,18.3,50.1,1
2026-01-12T01:35:46.308252,18.3,50.1,1
2026-01-12T01:35:48.563034,18.3,50.1,1
2026-01-12T01:35:50.817568,18.3,50.1,1
2026-01-12T01:35:53.072125,18.3,50.1,1
2026-01-12T01:35:55.326767,18.3,50.1,1
2026-01-12T01:35:57.581384,18.3,50.1,1
2026-01-12T01:35:59.836180,18.3,50.1,1
2026-01-12T01:36:02.090767,18.3,50.2,1
2026-01-12T01:36:04.345155,18.3,50.2,0
2026-01-12T01:36:06.600023,18.3,50.2,0
2026-01-12T01:36:08.854690,18.3,50.2,0
2026-01-12T01:36:11.109121,18.3,50.2,0
2026-01-12T01:36:13.363852,18.3,50.2,0
2026-01-12T01:36:15.618450,18.3,50.3,0
2026-01-12T01:36:17.872978,18.3,50.3,0
2026-01-12T01:36:20.127774,18.3,50.3,1
2026-01-12T01:36:22.382387,18.3,50.3,1
2026-01-12T01:36:24.637032,18.3,50.3,1
2026-01-12T01:36:26.891627,18.2,50.3,1
2026-01-12T01:36:29.146177,18.3,50.3,1
2026-01-12T01:36:31.400743,18.3,50.4,1
2026-01-12T01:36:33.655573,18.3,50.4,1
2026-01-12T01:36:35.910238,18.3,50.4,1
2026-01-12T01:36:38.164773,18.3,50.3,1
2026-01-12T01:36:40.419465,18.3,50.3,1
2026-01-12T01:36:42.674228,18.3,50.3,1
2026-01-12T01:36:44.928807,18.3,50.3,1
2026-01-12T01:36:47.183566,18.3,50.2,1
2026-01-12T01:36:49.438206,18.3,50.3,1
2026-01-12T01:36:51.692808,18.3,50.2,1
2026-01-12T01:36:53.947583,18.3,50.2,1
2026-01-12T01:36:56.202188,18.3,50.2,1
2026-01-12T01:36:58.456744,18.3,50.2,1
2026-01-12T01:37:00.711577,18.3,50.2,0
2026-01-12T01:37:02.966221,18.3,50.2,0
2026-01-12T01:37:05.220785,18.3,50.2,0
2026-01-12T01:37:07.475545,18.3,50.2,0
2026-01-12T01:37:09.730290,18.3,50.2,0
2026-01-12T01:37:11.984736,18.3,50.2,0
2026-01-12T01:37:14.239496,18.3,50.3,0
2026-01-12T01:37:16.494048,18.3,50.2,1
2026-01-12T01:37:18.748711,18.2,50.2,1
2026-01-12T01:37:21.003502,18.3,50.3,1
2026-01-12T01:37:23.258159,18.3,50.3,1
2026-01-12T01:37:25.512578,18.3,50.2,1
2026-01-12T01:37:27.767353,18.3,50.3,1
2026-01-12T01:37:30.022015,18.3,50.2,1
2026-01-12T01:37:32.276556,18.3,50.2,1
2026-01-12T01:37:34.531347,18.3,50.3,1
2026-01-12T01:37:36.786061,18.3,50.2,1
2026-01-12T01:37:39.040648,18.3,50.3,1
2026-01-12T01:37:41.295201,18.3,50.2,1
2026-01-12T01:37:43.630995,18.3,50.3,1
2026-01-12T01:37:45.937355,18.2,50.2,1
2026-01-12T01:37:48.192016,18.3,50.2,1
2026-01-12T01:37:50.446550,18.3,50.2,1
2026-01-12T01:37:52.701168,18.3,50.2,1
2026-01-12T01:37:54.955882,18.3,50.3,1
2026-01-12T01:37:57.210442,18.3,50.3,0
2026-01-12T01:37:59.464918,18.3,50.3,0
2026-01-12T01:38:01.719636,18.3,50.3,0
2026-01-12T01:38:03.974112,18.2,50.2,0
2026-01-12T01:38:06.228600,18.3,50.3,0
2026-01-12T01:38:08.483320,18.3,50.3,0
2026-01-12T01:38:10.737972,18.3,50.3,0
2026-01-12T01:38:12.992430,18.3,50.3,1
2026-01-12T01:38:15.247180,18.3,50.2,1
2026-01-12T01:38:17.501753,18.3,50.3,1
2026-01-12T01:38:19.756312,18.3,50.3,1
2026-01-12T01:38:22.011065,18.3,50.2,1
2026-01-12T01:38:24.265689,18.3,50.2,1
2026-01-12T01:38:26.520251,18.3,50.3,1
2026-01-12T01:38:28.775109,18.3,50.3,1
2026-01-12T01:38:31.029687,18.3,50.2,1
2026-01-12T01:38:33.284172,18.3,50.3,1
2026-01-12T01:38:35.539021,18.3,50.2,1
2026-01-12T01:38:37.793290,18.3,50.3,1
2026-01-12T01:38:40.047803,18.3,50.2,1
2026-01-12T01:38:42.302508,18.3,50.3,1
2026-01-12T01:38:44.557117,18.3,50.2,1
2026-01-12T01:38:46.811267,18.3,50.2,1
2026-01-12T01:38:49.065984,18.3,50.2,1
2026-01-12T01:38:51.320511,18.3,50.2,1
2026-01-12T01:38:53.575130,18.3,50.3,0
2026-01-12T01:38:55.829861,18.3,50.3,0
2026-01-12T01:38:58.084398,18.3,50.2,0
2026-01-12T01:39:00.338981,18.3,50.2,0
2026-01-12T01:39:02.593823,18.3,50.2,0
2026-01-12T01:39:04.850935,18.3,50.3,0
2026-01-12T01:39:07.105515,18.3,50.3,0
2026-01-12T01:39:09.360257,18.3,50.3,1
2026-01-12T01:39:11.614925,18.3,50.2,1
2026-01-12T01:39:13.869466,18.3,50.3,1
2026-01-12T01:39:16.124025,18.2,50.2,1
2026-01-12T01:39:18.378608,18.3,50.2,1
2026-01-12T01:39:20.633073,18.3,50.2,1
2026-01-12T01:39:22.887722,18.3,50.2,1
2026-01-12T01:39:25.142290,18.3,50.3,1
2026-01-12T01:39:27.396617,18.3,50.2,1
2026-01-12T01:39:29.651362,18.3,50.2,1
2026-01-12T01:39:31.905918,18.3,50.2,1
2026-01-12T01:39:34.160283,18.3,50.2,1
2026-01-12T01:39:36.415025,18.3,50.2,1
2026-01-12T01:39:38.669681,18.3,50.3,1
2026-01-12T01:39:40.924187,18.3,50.2,1
2026-01-12T01:39:43.178872,18.3,50.2,1
2026-01-12T01:39:45.433456,18.3,50.2,1
2026-01-12T01:39:47.687980,18.3,50.2,1
2026-01-12T01:39:49.942569,18.3,50.2,0
2026-01-12T01:39:52.197110,18.3,50.2,0
2026-01-12T01:39:54.451554,18.3,50.2,0
2026-01-12T01:39:56.706324,18.3,50.2,0
2026-01-12T01:39:58.960896,18.3,50.2,0
2026-01-12T01:40:01.215227,18.3,50.2,0
2026-01-12T01:40:03.469956,18.3,50.2,0
2026-01-12T01:40:05.724641,18.3,50.2,1
2026-01-12T01:40:07.979239,18.3,50.1,1
2026-01-12T01:40:10.234031,18.3,50.1,1
2026-01-12T01:40:12.488709,18.3,50.1,1
2026-01-12T01:40:14.743308,18.3,50.1,1
2026-01-12T01:40:16.998076,18.3,50.1,1
2026-01-12T01:40:19.252622,18.3,50.1,1
2026-01-12T01:40:21.507163,18.3,50.1,1
2026-01-12T01:40:23.761765,18.3,50.1,1
2026-01-12T01:40:26.016035,18.3,50.1,1
2026-01-12T01:40:28.270632,18.3,50.0,1
2026-01-12T01:40:30.525467,18.3,50.0,1
2026-01-12T01:40:32.779928,18.3,49.9,1
2026-01-12T01:40:35.034447,18.2,49.8,1
2026-01-12T01:40:37.289131,18.3,49.8,1
2026-01-12T01:40:39.543779,18.3,49.8,1
2026-01-12T01:40:41.798316,18.3,49.9,1
2026-01-12T01:40:44.053035,18.3,49.9,1
2026-01-12T01:40:46.307599,18.3,49.9,0
2026-01-12T01:40:48.562249,18.3,49.9,0
2026-01-12T01:40:50.816956,18.3,49.9,0
2026-01-12T01:40:53.071526,18.3,50.0,0
2026-01-12T01:40:55.326002,18.3,50.0,0
2026-01-12T01:40:57.580742,18.3,50.0,0
2026-01-12T01:40:59.835289,18.3,50.0,0
2026-01-12T01:41:02.089759,18.3,50.0,1
2026-01-12T01:41:04.344498,18.3,50.1,1
2026-01-12T01:41:06.599241,18.3,50.1,1
2026-01-12T01:41:08.853573,18.3,50.1,1
2026-01-12T01:41:11.108209,18.3,50.1,1
2026-01-12T01:41:13.362782,18.3,50.1,1
2026-01-12T01:41:15.617305,18.3,50.1,1
2026-01-12T01:41:17.872038,18.3,50.1,1
2026-01-12T01:41:20.126667,18.3,50.0,1
2026-01-12T01:41:22.381071,18.3,50.0,1
2026-01-12T01:41:24.635840,18.3,49.9,1
2026-01-12T01:41:26.890511,18.3,49.9,1
2026-01-12T01:41:29.145089,18.3,49.9,1
2026-01-12T01:41:31.399633,18.3,49.9,1
2026-01-12T01:41:33.654281,18.2,49.8,1
2026-01-12T01:41:35.908697,18.3,50.0,1
2026-01-12T01:41:38.163130,18.3,50.0,1
2026-01-12T01:41:40.417662,18.3,50.0,1
2026-01-12T01:41:42.672201,18.3,50.0,0
2026-01-12T01:41:44.926988,18.3,50.0,0
2026-01-12T01:41:47.183604,18.3,50.0,0
2026-01-12T01:41:49.438078,18.3,50.0,0
2026-01-12T01:41:51.692874,18.3,50.0,0
2026-01-12T01:41:53.947526,18.3,50.0,0
2026-01-12T01:41:56.202034,18.3,50.0,0
2026-01-12T01:41:58.456721,18.3,50.0,1
2026-01-12T01:42:00.711344,18.3,50.0,1
2026-01-12T01:42:02.965874,18.3,50.0,1
2026-01-12T01:42:05.220311,18.3,50.0,1
2026-01-12T01:42:07.474952,18.3,50.0,1
2026-01-12T01:42:09.729590,18.3,50.0,1
2026-01-12T01:42:11.984257,18.3,50.0,1
2026-01-12T01:42:14.238791,18.3,50.0,1
2026-01-12T01:42:16.493278,18.3,50.0,1
2026-01-12T01:42:18.748071,18.3,49.9,1
2026-01-12T01:42:21.002688,18.3,49.9,1
2026-01-12T01:42:23.257140,18.3,49.9,1
2026-01-12T01:42:25.511835,18.3,49.8,1
2026-01-12T01:42:27.766483,18.3,49.8,1
2026-01-12T01:42:30.021053,18.3,49.8,1
2026-01-12T01:42:32.275699,18.3,49.8,1
2026-01-12T01:42:34.530355,18.3,49.8,1
2026-01-12T01:42:36.784859,18.3,49.8,1
2026-01-12T01:42:39.039355,18.3,49.8,0
2026-01-12T01:42:41.293944,18.3,49.8,0
2026-01-12T01:42:43.548575,18.3,49.8,0
2026-01-12T01:42:45.803386,18.3,49.8,0
2026-01-12T01:42:48.058053,18.3,49.8,0
2026-01-12T01:42:50.312413,18.3,49.7,0
2026-01-12T01:42:52.567109,18.2,49.6,0
2026-01-12T01:42:54.902738,18.3,49.6,1
2026-01-12T01:42:57.238195,18.3,49.6,1
2026-01-12T01:42:59.573978,18.3,49.5,1
2026-01-12T01:43:01.829510,18.3,49.5,1
2026-01-12T01:43:04.084004,18.3,49.4,1
2026-01-12T01:43:06.338801,18.3,49.4,1
2026-01-12T01:43:08.595404,18.3,49.5,1
2026-01-12T01:43:10.849946,18.3,49.5,1
2026-01-12T01:43:13.104766,18.3,49.5,1
2026-01-12T01:43:15.359382,18.3,49.5,1
2026-01-12T01:43:17.614030,18.3,49.5,1
2026-01-12T01:43:19.868720,18.3,49.5,1
2026-01-12T01:43:22.123326,18.3,49.5,1
2026-01-12T01:43:24.377935,18.3,49.5,1
2026-01-12T01:43:26.632532,18.3,49.5,1
2026-01-12T01:43:28.889112,18.3,49.5,1
2026-01-12T01:43:31.143591,18.3,49.5,1
2026-01-12T01:43:33.398339,18.3,49.5,1
2026-01-12T01:43:35.653057,18.3,49.4,0
2026-01-12T01:43:37.907595,18.3,49.4,0
2026-01-12T01:43:40.162294,18.3,49.4,0
2026-01-12T01:43:42.416711,18.3,49.4,0
2026-01-12T01:43:44.671329,18.3,49.4,0
2026-01-12T01:43:46.926102,18.3,49.4,0
2026-01-12T01:43:49.180640,18.3,49.4,0
2026-01-12T01:43:51.435182,18.3,49.4,1
2026-01-12T01:43:53.690091,18.3,49.4,1
2026-01-12T01:43:55.944737,18.2,49.4,1
2026-01-12T01:43:58.199338,18.3,49.6,1
2026-01-12T01:44:00.454132,18.3,49.6,1
2026-01-12T01:44:02.708778,18.3,49.7,1
2026-01-12T01:44:04.963382,18.3,49.7,1
2026-01-12T01:44:07.218178,18.3,49.8,1
2026-01-12T01:44:09.475121,18.3,49.8,1
2026-01-12T01:44:11.729818,18.3,49.8,1
2026-01-12T01:44:13.984579,18.3,49.8,1
2026-01-12T01:44:16.241403,18.3,49.8,1
2026-01-12T01:44:18.496041,18.3,49.8,1
2026-01-12T01:44:20.750834,18.3,49.8,1
2026-01-12T01:44:23.005533,18.3,49.7,1
2026-01-12T01:44:25.260148,18.3,49.7,1
2026-01-12T01:44:27.514965,18.3,49.6,1
2026-01-12T01:44:29.769396,18.3,49.7,1
2026-01-12T01:44:32.023967,18.3,49.7,1
2026-01-12T01:44:34.278713,18.2,49.6,0
2026-01-12T01:44:36.533451,18.3,49.7,0
2026-01-12T01:44:38.788048,18.3,49.8,0
2026-01-12T01:44:41.042825,18.3,49.8,0
2026-01-12T01:44:43.299640,18.3,49.8,0
2026-01-12T01:44:45.554338,18.3,49.8,0
2026-01-12T01:44:47.809141,18.3,49.8,1
2026-01-12T01:44:50.063749,18.3,49.8,1
2026-01-12T01:44:52.318251,18.3,49.8,1
2026-01-12T01:44:54.573091,18.3,49.7,1
2026-01-12T01:44:56.827752,18.3,49.7,1
2026-01-12T01:44:59.082222,18.3,49.7,1
2026-01-12T01:45:01.336972,18.3,49.6,1
2026-01-12T01:45:03.591125,18.3,49.6,1
2026-01-12T01:45:05.845597,18.2,49.5,1
2026-01-12T01:45:08.100330,18.3,49.6,1
2026-01-12T01:45:10.354878,18.3,49.6,1
2026-01-12T01:45:12.609552,18.3,49.6,1
2026-01-12T01:45:14.864244,18.3,49.6,1
2026-01-12T01:45:17.118763,18.3,49.6,1
2026-01-12T01:45:19.373306,18.3,49.7,1
2026-01-12T01:45:21.628025,18.2,49.7,1
2026-01-12T01:45:23.882574,18.3,49.8,1
2026-01-12T01:45:26.137163,18.3,49.9,1
2026-01-12T01:45:28.391910,18.3,49.9,1
2026-01-12T01:45:30.648735,18.3,49.8,0
2026-01-12T01:45:32.903061,18.3,49.8,0
2026-01-12T01:45:35.157768,18.3,49.7,0
2026-01-12T01:45:37.412379,18.2,49.6,0
2026-01-12T01:45:39.666997,18.3,49.7,0
2026-01-12T01:45:41.921773,18.3,49.6,0
2026-01-12T01:45:44.176378,18.3,49.6,1
2026-01-12T01:45:46.430873,18.3,49.5,1
2026-01-12T01:45:48.685511,18.3,49.6,1
2026-01-12T01:45:50.940124,18.3,49.5,1
2026-01-12T01:45:53.194729,18.3,49.5,1
2026-01-12T01:45:55.449443,18.3,49.5,1
2026-01-12T01:45:57.704148,18.3,49.5,1
2026-01-12T01:45:59.958724,18.3,49.4,1
2026-01-12T01:46:02.213170,18.3,49.5,1
2026-01-12T01:46:04.467686,18.3,49.5,1
2026-01-12T01:46:06.722424,18.3,49.6,1
2026-01-12T01:46:08.977189,18.3,49.6,1
2026-01-12T01:46:11.231820,18.3,49.6,1
2026-01-12T01:46:13.486335,18.3,49.6,1
2026-01-12T01:46:15.741102,18.2,49.5,1
2026-01-12T01:46:17.995165,18.3,49.7,1
2026-01-12T01:46:20.249749,18.3,49.7,1
2026-01-12T01:46:22.504451,18.3,49.7,1
2026-01-12T01:46:24.759172,18.3,49.7,1
2026-01-12T01:46:27.013694,18.3,49.7,0
2026-01-12T01:46:29.268430,18.3,49.8,0
2026-01-12T01:46:31.523229,18.3,49.9,0
2026-01-12T01:46:33.777832,18.3,49.9,0
2026-01-12T01:46:36.032601,18.3,49.8,0
2026-01-12T01:46:38.287275,18.3,49.8,0
2026-01-12T01:46:40.541861,18.3,49.8,0
2026-01-12T01:46:42.796416,18.3,49.8,1
2026-01-12T01:46:45.051073,18.2,49.8,1
2026-01-12T01:46:47.305670,18.3,49.9,1
2026-01-12T01:46:49.560564,18.3,49.9,1
2026-01-12T01:46:51.815133,18.3,50.0,1
2026-01-12T01:46:54.069699,18.2,50.0,1
2026-01-12T01:46:56.324453,18.3,50.1,1
2026-01-12T01:46:58.579168,18.3,50.1,1
2026-01-12T01:47:00.833748,18.2,50.0,1
2026-01-12T01:47:03.088407,18.3,50.2,1
2026-01-12T01:47:05.343066,18.3,50.2,1
2026-01-12T01:47:07.597457,18.2,50.2,1
2026-01-12T01:47:09.852046,18.3,50.2,1
2026-01-12T01:47:12.106683,18.3,50.2,1
2026-01-12T01:47:14.361214,18.3,50.3,1
2026-01-12T01:47:16.616129,18.3,50.3,1
2026-01-12T01:47:18.870724,18.2,50.2,1
2026-01-12T01:47:21.125087,18.3,50.3,1
2026-01-12T01:47:23.379764,18.3,50.2,0
2026-01-12T01:47:25.634518,18.3,50.2,0
2026-01-12T01:47:27.888923,18.3,50.2,0
2026-01-12T01:47:30.143701,18.3,50.3,0
2026-01-12T01:47:32.398234,18.3,50.3,0
2026-01-12T01:47:34.652783,18.3,50.3,0
2026-01-12T01:47:36.907581,18.3,50.4,0
2026-01-12T01:47:39.162229,18.3,50.3,1
2026-01-12T01:47:41.416723,18.3,50.3,1
2026-01-12T01:47:43.671435,18.3,50.3,1
2026-01-12T01:47:45.926132,18.3,50.3,1
2026-01-12T01:47:48.180714,18.3,50.3,1
2026-01-12T01:47:50.435483,18.3,50.3,1
2026-01-12T01:47:52.690239,18.3,50.2,1
2026-01-12T01:47:54.944795,18.3,50.2,1
2026-01-12T01:47:57.199556,18.3,50.2,1
2026-01-12T01:47:59.454250,18.2,50.1,1
2026-01-12T01:48:01.708846,18.3,50.1,1
2026-01-12T01:48:03.963536,18.3,50.2,1
2026-01-12T01:48:06.218235,18.3,50.2,1
2026-01-12T01:48:08.472781,18.2,50.2,1
2026-01-12T01:48:10.727608,18.2,50.2,1
2026-01-12T01:48:12.982289,18.2,50.2,1
2026-01-12T01:48:15.236865,18.3,50.3,1
2026-01-12T01:48:17.491429,18.3,50.3,1
2026-01-12T01:48:19.746206,18.2,50.2,0
2026-01-12T01:48:22.000811,18.3,50.2,0
2026-01-12T01:48:24.255606,18.3,50.1,0
2026-01-12T01:48:26.510251,18.3,50.1,0
2026-01-12T01:48:28.764786,18.2,50.0,0
2026-01-12T01:48:31.019555,18.3,50.1,0
2026-01-12T01:48:33.274251,18.3,50.0,0
2026-01-12T01:48:35.528962,18.2,49.9,1
2026-01-12T01:48:37.783707,18.3,50.0,1
2026-01-12T01:48:40.038345,18.3,49.9,1
2026-01-12T01:48:42.292675,18.2,49.8,1
2026-01-12T01:48:44.547598,18.2,49.7,1
2026-01-12T01:48:46.802254,18.3,49.8,1
2026-01-12T01:48:49.056855,18.2,49.7,1
2026-01-12T01:48:51.311371,18.3,49.8,1
2026-01-12T01:48:53.575168,18.3,49.7,1
2026-01-12T01:48:55.833557,18.3,49.8,1
2026-01-12T01:48:58.088334,18.3,49.8,1
2026-01-12T01:49:00.342955,18.2,49.7,1
2026-01-12T01:49:02.597596,18.3,49.8,1
2026-01-12T01:49:04.852383,18.3,49.7,1
2026-01-12T01:49:07.107111,18.2,49.7,1
2026-01-12T01:49:09.361682,18.3,49.8,1
2026-01-12T01:49:11.616519,18.3,49.8,1
2026-01-12T01:49:13.871220,18.2,49.7,1
2026-01-12T01:49:16.125700,18.3,49.9,0
2026-01-12T01:49:18.380436,18.2,49.8,0
2026-01-12T01:49:20.635215,18.2,49.9,0
2026-01-12T01:49:22.889866,18.2,49.9,0
2026-01-12T01:49:25.144430,18.2,49.9,0
2026-01-12T01:49:27.399089,18.2,50.0,0
2026-01-12T01:49:29.653728,18.3,50.0,0
2026-01-12T01:49:31.908475,18.2,49.9,1
2026-01-12T01:49:34.163128,18.2,49.8,1
2026-01-12T01:49:36.417575,18.2,49.8,1
2026-01-12T01:49:38.672369,18.3,49.8,1
2026-01-12T01:49:40.927095,18.3,49.8,1
2026-01-12T01:49:43.181654,18.3,49.8,1
2026-01-12T01:49:45.436354,18.2,49.8,1
2026-01-12T01:49:47.691079,18.2,49.7,1
2026-01-12T01:49:49.945632,18.3,49.8,1
2026-01-12T01:49:52.200326,18.3,49.8,1
2026-01-12T01:49:54.455047,18.2,49.7,1
2026-01-12T01:49:56.709713,18.2,49.8,1
2026-01-12T01:49:58.964169,18.2,49.7,1
2026-01-12T01:50:01.218817,18.3,49.8,1
2026-01-12T01:50:03.473441,18.3,49.8,1
2026-01-12T01:50:05.728289,18.2,49.7,1
2026-01-12T01:50:07.982969,18.2,49.7,1
2026-01-12T01:50:10.237468,18.2,49.7,1
2026-01-12T01:50:12.491574,18.2,49.6,0
2026-01-12T01:50:14.746247,18.2,49.6,0
2026-01-12T01:50:17.000599,18.3,49.6,0
2026-01-12T01:50:19.255411,18.2,49.6,0
2026-01-12T01:50:21.509867,18.3,49.6,0
2026-01-12T01:50:23.764429,18.2,49.6,0
2026-01-12T01:50:26.019236,18.2,49.6,0
2026-01-12T01:50:28.273766,18.2,49.6,1
2026-01-12T01:50:30.528411,18.2,49.6,1
2026-01-12T01:50:32.782808,18.2,49.6,1
2026-01-12T01:50:35.037435,18.2,49.6,1
2026-01-12T01:50:37.291961,18.2,49.6,1
2026-01-12T01:50:39.546804,18.2,49.6,1
2026-01-12T01:50:41.801542,18.2,49.6,1
2026-01-12T01:50:44.056019,18.2,49.7,1
2026-01-12T01:50:46.310756,18.2,49.6,1
2026-01-12T01:50:48.565494,18.2,49.7,1
2026-01-12T01:50:50.820048,18.2,49.6,1
2026-01-12T01:50:53.074734,18.2,49.6,1
2026-01-12T01:50:55.329341,18.2,49.5,1
2026-01-12T01:50:57.583952,18.3,49.6,1
2026-01-12T01:50:59.838759,18.2,49.5,1
2026-01-12T01:51:02.093253,18.2,49.5,1
2026-01-12T01:51:04.347839,18.2,49.4,1
2026-01-12T01:51:06.602163,18.2,49.4,1
2026-01-12T01:51:08.856675,18.2,49.4,0
2026-01-12T01:51:11.111301,18.2,49.4,0
2026-01-12T01:51:13.366078,18.2,49.4,0
2026-01-12T01:51:15.620786,18.2,49.4,0
2026-01-12T01:51:17.874933,18.2,49.5,0
2026-01-12T01:51:20.129699,18.3,49.6,0
2026-01-12T01:51:22.384257,18.3,49.5,0
2026-01-12T01:51:24.638933,18.2,49.5,1
2026-01-12T01:51:26.893688,18.2,49.5,1
2026-01-12T01:51:29.147836,18.2,49.5,1
2026-01-12T01:51:31.402426,18.2,49.5,1
2026-01-12T01:51:33.657141,18.2,49.5,1
2026-01-12T01:51:35.911706,18.2,49.5,1
2026-01-12T01:51:38.166247,18.2,49.5,1
2026-01-12T01:51:40.420765,18.2,49.4,1
2026-01-12T01:51:42.675426,18.2,49.4,1
2026-01-12T01:51:44.930009,18.2,49.4,1
2026-01-12T01:51:47.184555,18.3,49.4,1
2026-01-12T01:51:49.439244,18.3,49.4,1
2026-01-12T01:51:51.693814,18.3,49.5,1
2026-01-12T01:51:53.948277,18.3,49.4,1
2026-01-12T01:51:56.207050,18.3,49.4,1
2026-01-12T01:51:58.461544,18.2,49.4,1
2026-01-12T01:52:00.715897,18.3,49.4,1
2026-01-12T01:52:02.970403,18.2,49.4,1
2026-01-12T01:52:05.224894,18.3,49.4,0
2026-01-12T01:52:07.479486,18.3,49.4,0
2026-01-12T01:52:09.734212,18.2,49.4,0
2026-01-12T01:52:11.988671,18.2,49.4,0
2026-01-12T01:52:14.243060,18.3,49.5,0
2026-01-12T01:52:16.497643,18.3,49.4,0
2026-01-12T01:52:18.752246,18.3,49.5,0
2026-01-12T01:52:21.006743,18.3,49.5,1
2026-01-12T01:52:23.342475,18.3,49.6,1
2026-01-12T01:52:25.676520,18.2,49.5,1
2026-01-12T01:52:27.931366,18.3,49.6,1
2026-01-12T01:52:30.187942,18.2,49.5,1
2026-01-12T01:52:32.442520,18.2,49.6,1
2026-01-12T01:52:34.697421,18.3,49.6,1
2026-01-12T01:52:36.951782,18.2,49.6,1
2026-01-12T01:52:39.206277,18.3,49.7,1
2026-01-12T01:52:41.460920,18.2,49.6,1
2026-01-12T01:52:43.715614,18.3,49.6,1
2026-01-12T01:52:45.970194,18.2,49.6,1
2026-01-12T01:52:48.224924,18.2,49.6,1
2026-01-12T01:52:50.479528,18.2,49.6,1
2026-01-12T01:52:52.734176,18.2,49.6,1
2026-01-12T01:52:54.988761,18.3,49.6,1
2026-01-12T01:52:57.243362,18.3,49.6,1
2026-01-12T01:52:59.497955,18.3,49.6,1
2026-01-12T01:53:01.752790,18.2,49.5,0
2026-01-12T01:53:04.007421,18.2,49.5,0
2026-01-12T01:53:06.261970,18.3,49.5,0
2026-01-12T01:53:08.517863,18.3,49.6,0
2026-01-12T01:53:10.772484,18.3,49.5,0
2026-01-12T01:53:13.027134,18.3,49.5,0
2026-01-12T01:53:15.281837,18.3,49.5,0
2026-01-12T01:53:17.536480,18.3,49.6,1
2026-01-12T01:53:19.791135,18.2,49.4,1
2026-01-12T01:53:22.045609,18.2,49.4,1
2026-01-12T01:53:24.300221,18.2,49.4,1
2026-01-12T01:53:26.554871,18.3,49.4,1
2026-01-12T01:53:28.809450,18.2,49.4,1
2026-01-12T01:53:31.064063,18.3,49.5,1
2026-01-12T01:53:33.318260,18.3,49.4,1
2026-01-12T01:53:35.573152,18.2,49.4,1
2026-01-12T01:53:37.827814,18.3,49.5,1
2026-01-12T01:53:40.082424,18.2,49.4,1
2026-01-12T01:53:42.337258,18.3,49.4,1
2026-01-12T01:53:44.591350,18.2,49.4,1
2026-01-12T01:53:46.845963,18.2,49.5,1
2026-01-12T01:53:49.100351,18.3,49.5,1
2026-01-12T01:53:51.355033,18.3,49.6,1
2026-01-12T01:53:53.609639,18.3,49.6,1
2026-01-12T01:53:55.864163,18.3,49.6,1
2026-01-12T01:53:58.118805,18.2,49.5,0
2026-01-12T01:54:00.373374,18.3,49.6,0
2026-01-12T01:54:02.628144,18.2,49.5,0
2026-01-12T01:54:04.882812,18.3,49.6,0
2026-01-12T01:54:07.137422,18.3,49.6,0
2026-01-12T01:54:09.392103,18.2,49.5,0
2026-01-12T01:54:11.646862,18.2,49.5,0
2026-01-12T01:54:13.901368,18.3,49.5,1
2026-01-12T01:54:16.156111,18.2,49.4,1
2026-01-12T01:54:18.410845,18.3,49.5,1
2026-01-12T01:54:20.665549,18.3,49.5,1
2026-01-12T01:54:22.920295,18.3,49.5,1
2026-01-12T01:54:25.174974,18.3,49.5,1
2026-01-12T01:54:27.429553,18.2,49.5,1
2026-01-12T01:54:29.684366,18.3,49.5,1
2026-01-12T01:54:31.939123,18.3,49.6,1
2026-01-12T01:54:34.193698,18.3,49.5,1
2026-01-12T01:54:36.448462,18.3,49.6,1
2026-01-12T01:54:38.703217,18.2,49.5,1
2026-01-12T01:54:40.957777,18.2,49.5,1
2026-01-12T01:54:43.212060,18.2,49.5,1
2026-01-12T01:54:45.466734,18.3,49.5,1
2026-01-12T01:54:47.721286,18.3,49.5,1
2026-01-12T01:54:49.976022,18.3,49.6,1
2026-01-12T01:54:52.230703,18.2,49.5,1
2026-01-12T01:54:54.485060,18.3,49.6,1
2026-01-12T01:54:56.739823,18.2,49.5,0
2026-01-12T01:54:58.994497,18.2,49.5,0
2026-01-12T01:55:01.248977,18.3,49.5,0
2026-01-12T01:55:03.503648,18.3,49.5,0
2026-01-12T01:55:05.758371,18.3,49.5,0
2026-01-12T01:55:08.012813,18.2,49.5,0
2026-01-12T01:55:10.267335,18.3,49.5,1
2026-01-12T01:55:12.521786,18.3,49.5,1
2026-01-12T01:55:14.776107,18.3,49.5,1
2026-01-12T01:55:17.030886,18.3,49.5,1
2026-01-12T01:55:19.285606,18.3,49.5,1
2026-01-12T01:55:21.540256,18.3,49.5,1
2026-01-12T01:55:23.795137,18.3,49.5,1
2026-01-12T01:55:26.049763,18.3,49.5,1
2026-01-12T01:55:28.304024,18.3,49.5,1
2026-01-12T01:55:30.558955,18.2,49.4,1
2026-01-12T01:55:32.813632,18.3,49.5,1
2026-01-12T01:55:35.068166,18.3,49.4,1
2026-01-12T01:55:37.322974,18.3,49.5,1
2026-01-12T01:55:39.577556,18.3,49.5,1
2026-01-12T01:55:41.832009,18.2,49.4,1
2026-01-12T01:55:44.086743,18.3,49.5,1
2026-01-12T01:55:46.341390,18.2,49.4,1
2026-01-12T01:55:48.595400,18.2,49.4,1
2026-01-12T01:55:50.849866,18.3,49.5,1
2026-01-12T01:55:53.104494,18.3,49.5,0
2026-01-12T01:55:55.359113,18.2,49.4,0
2026-01-12T01:55:57.613960,18.2,49.4,0
2026-01-12T01:55:59.868393,18.3,49.5,0
2026-01-12T01:56:02.122987,18.2,49.5,0
2026-01-12T01:56:04.377720,18.2,49.5,0
2026-01-12T01:56:06.632095,18.3,49.5,1
2026-01-12T01:56:08.886660,18.2,49.5,1
2026-01-12T01:56:11.141226,18.2,49.5,1
2026-01-12T01:56:13.395584,18.3,49.5,1
2026-01-12T01:56:15.650256,18.3,49.6,1
2026-01-12T01:56:17.904918,18.2,49.5,1
2026-01-12T01:56:20.159544,18.2,49.5,1
2026-01-12T01:56:22.414103,18.3,49.6,1
2026-01-12T01:56:24.668932,18.2,49.5,1
2026-01-12T01:56:26.923551,18.2,49.5,1
2026-01-12T01:56:29.178122,18.2,49.5,1
2026-01-12T01:56:31.432855,18.2,49.5,1
2026-01-12T01:56:33.689694,18.3,49.6,1
2026-01-12T01:56:35.944326,18.2,49.5,1
2026-01-12T01:56:38.198706,18.3,49.6,1
2026-01-12T01:56:40.452926,18.2,49.5,1
2026-01-12T01:56:42.707557,18.2,49.5,1
2026-01-12T01:56:44.962300,18.2,49.5,1
2026-01-12T01:56:47.216918,18.2,49.6,1
2026-01-12T01:56:49.471436,18.2,49.6,0
2026-01-12T01:56:51.726318,18.3,49.7,0
2026-01-12T01:56:53.980797,18.3,49.6,0
2026-01-12T01:56:56.235358,18.2,49.6,0
2026-01-12T01:56:58.490153,18.2,49.7,0
2026-01-12T01:57:00.744731,18.3,49.7,0
2026-01-12T01:57:02.998974,18.3,49.7,0
2026-01-12T01:57:05.253758,18.3,49.6,1
2026-01-12T01:57:07.508260,18.2,49.6,1
2026-01-12T01:57:09.762929,18.2,49.6,1
2026-01-12T01:57:12.017316,18.2,49.6,1
2026-01-12T01:57:14.271950,18.2,49.6,1
2026-01-12T01:57:16.526626,18.2,49.6,1
2026-01-12T01:57:18.781405,18.3,49.6,1
2026-01-12T01:57:21.036074,18.2,49.6,1
2026-01-12T01:57:23.290641,18.2,49.5,1
2026-01-12T01:57:25.545440,18.3,49.6,1
2026-01-12T01:57:27.800111,18.2,49.6,1
2026-01-12T01:57:30.054674,18.3,49.6,1
2026-01-12T01:57:32.309439,18.2,49.5,1
2026-01-12T01:57:34.564209,18.2,49.5,1
2026-01-12T01:57:36.818612,18.3,49.6,1
2026-01-12T01:57:39.073279,18.3,49.6,1
2026-01-12T01:57:41.327872,18.2,49.5,1
2026-01-12T01:57:43.582337,18.3,49.6,1
2026-01-12T01:57:45.837068,18.3,49.6,0
2026-01-12T01:57:48.091689,18.3,49.6,0
2026-01-12T01:57:50.346288,18.3,49.6,0
2026-01-12T01:57:52.600536,18.3,49.6,0
2026-01-12T01:57:54.855206,18.2,49.5,0
2026-01-12T01:57:57.109803,18.2,49.6,0
2026-01-12T01:57:59.364577,18.3,49.6,0
2026-01-12T01:58:01.619469,18.2,49.5,1
2026-01-12T01:58:03.874083,18.3,49.6,1
2026-01-12T01:58:06.128831,18.3,49.6,1
2026-01-12T01:58:08.383471,18.3,49.6,1
2026-01-12T01:58:10.638171,18.3,49.6,1
2026-01-12T01:58:12.892822,18.3,49.6,1
2026-01-12T01:58:15.147468,18.3,49.6,1
2026-01-12T01:58:17.402022,18.3,49.6,1
2026-01-12T01:58:19.656792,18.3,49.6,1
2026-01-12T01:58:21.911418,18.3,49.6,1
2026-01-12T01:58:24.166012,18.2,49.5,1
2026-01-12T01:58:26.420750,18.3,49.6,1
2026-01-12T01:58:28.675259,18.2,49.5,1
2026-01-12T01:58:30.929650,18.3,49.6,1
2026-01-12T01:58:33.184418,18.2,49.6,1
2026-01-12T01:58:35.439129,18.3,49.7,1
2026-01-12T01:58:37.693774,18.3,49.7,1
2026-01-12T01:58:39.948537,18.2,49.6,1
2026-01-12T01:58:42.203120,18.2,49.6,0
2026-01-12T01:58:44.457691,18.2,49.7,0
2026-01-12T01:58:46.712506,18.3,49.8,0
2026-01-12T01:58:48.967184,18.2,49.7,0
2026-01-12T01:58:51.221786,18.3,49.7,0
2026-01-12T01:58:53.476535,18.2,49.7,0
2026-01-12T01:58:55.731335,18.3,49.7,0
2026-01-12T01:58:57.985922,18.3,49.7,1
2026-01-12T01:59:00.240616,18.2,49.6,1
2026-01-12T01:59:02.495001,18.3,49.7,1
2026-01-12T01:59:04.817838,18.2,49.6,1
2026-01-12T01:59:07.072422,18.2,49.6,1
2026-01-12T01:59:09.327132,18.3,49.6,1
2026-01-12T01:59:11.581759,18.3,49.7,1
2026-01-12T01:59:13.836545,18.3,49.7,1
2026-01-12T01:59:16.091210,18.2,49.6,1
2026-01-12T01:59:18.346072,18.2,49.5,1
2026-01-12T01:59:20.600351,18.3,49.7,1
2026-01-12T01:59:22.855045,18.2,49.6,1
2026-01-12T01:59:25.109638,18.2,49.6,1
2026-01-12T01:59:27.364176,18.3,49.6,1
2026-01-12T01:59:29.619001,18.2,49.6,1
2026-01-12T01:59:31.873567,18.2,49.5,1
2026-01-12T01:59:34.128219,18.2,49.5,1
2026-01-12T01:59:36.382867,18.3,49.6,1
2026-01-12T01:59:38.637603,18.2,49.5,0
2026-01-12T01:59:40.892281,18.2,49.5,0
2026-01-12T01:59:43.146434,18.2,49.5,0
2026-01-12T01:59:45.400958,18.2,49.5,0
2026-01-12T01:59:47.655891,18.2,49.5,0
2026-01-12T01:59:49.910580,18.2,49.5,0
2026-01-12T01:59:52.164932,18.2,49.5,0
2026-01-12T01:59:54.419789,18.2,49.5,1
2026-01-12T01:59:56.674560,18.3,49.6,1
2026-01-12T01:59:58.929006,18.3,49.6,1
2026-01-12T02:00:01.183856,18.2,49.5,1
2026-01-12T02:00:03.438550,18.3,49.6,1
2026-01-12T02:00:05.693220,18.2,49.5,1
2026-01-12T02:00:07.948034,18.2,49.6,1
2026-01-12T02:00:10.202683,18.2,49.6,1
2026-01-12T02:00:12.457296,18.3,49.6,1
2026-01-12T02:00:14.712143,18.2,49.5,1
2026-01-12T02:00:16.966822,18.2,49.5,1
2026-01-12T02:00:19.221420,18.2,49.5,1
2026-01-12T02:00:21.476209,18.2,49.5,1
2026-01-12T02:00:23.731045,18.2,49.5,1
2026-01-12T02:00:25.985391,18.3,49.5,1
2026-01-12T02:00:28.240162,18.3,49.5,1
2026-01-12T02:00:30.494799,18.2,49.4,1
2026-01-12T02:00:32.749460,18.3,49.5,1
2026-01-12T02:00:35.004207,18.2,49.5,0
2026-01-12T02:00:37.258907,18.2,49.5,0
2026-01-12T02:00:39.513484,18.2,49.5,0
2026-01-12T02:00:41.768333,18.2,49.4,0
2026-01-12T02:00:44.023036,18.3,49.6,0
2026-01-12T02:00:46.277609,18.3,49.6,0
2026-01-12T02:00:48.532428,18.2,49.5,0
2026-01-12T02:00:50.787092,18.2,49.5,1
2026-01-12T02:00:53.041686,18.2,49.5,1
2026-01-12T02:00:55.296465,18.2,49.5,1
2026-01-12T02:00:57.551249,18.2,49.5,1
2026-01-12T02:00:59.805823,18.2,49.5,1
2026-01-12T02:01:02.060538,18.2,49.5,1
2026-01-12T02:01:04.315171,18.2,49.5,1
2026-01-12T02:01:06.569900,18.2,49.5,1
2026-01-12T02:01:08.824677,18.2,49.5,1
2026-01-12T02:01:11.079301,18.2,49.5,1
2026-01-12T02:01:13.333904,18.2,49.5,1
2026-01-12T02:01:15.588204,18.3,49.6,1
2026-01-12T02:01:17.842801,18.2,49.6,1
2026-01-12T02:01:20.097432,18.2,49.6,1
2026-01-12T02:01:22.352197,18.2,49.6,1
2026-01-12T02:01:24.606924,18.2,49.7,1
2026-01-12T02:01:26.861498,18.2,49.7,1
2026-01-12T02:01:29.116291,18.2,49.7,1
2026-01-12T02:01:31.370880,18.2,49.7,0
2026-01-12T02:01:33.625516,18.2,49.7,0
2026-01-12T02:01:35.880238,18.2,49.7,0
2026-01-12T02:01:38.134809,18.3,49.8,0
2026-01-12T02:01:40.389376,18.2,49.7,0
2026-01-12T02:01:42.644155,18.2,49.7,0
2026-01-12T02:01:44.898843,18.2,49.6,0
2026-01-12T02:01:47.153363,18.2,49.6,1
2026-01-12T02:01:49.408147,18.2,49.6,1
2026-01-12T02:01:51.665022,18.2,49.6,1
2026-01-12T02:01:53.919521,18.2,49.5,1
2026-01-12T02:01:56.174274,18.2,49.5,1
2026-01-12T02:01:58.428852,18.2,49.5,1
2026-01-12T02:02:00.683460,18.2,49.5,1
2026-01-12T02:02:02.938174,18.3,49.6,1
2026-01-12T02:02:05.192631,18.2,49.5,1
2026-01-12T02:02:07.447132,18.2,49.5,1
2026-01-12T02:02:09.701910,18.2,49.5,1
2026-01-12T02:02:11.956487,18.2,49.5,1
2026-01-12T02:02:14.211024,18.2,49.5,1
2026-01-12T02:02:16.465710,18.2,49.5,1
2026-01-12T02:02:18.720413,18.2,49.5,1
2026-01-12T02:02:20.975024,18.2,49.5,1
2026-01-12T02:02:23.229710,18.2,49.5,1
2026-01-12T02:02:25.484265,18.2,49.5,1
2026-01-12T02:02:27.738837,18.2,49.5,0
2026-01-12T02:02:29.993562,18.2,49.5,0
2026-01-12T02:02:32.248133,18.2,49.5,0
2026-01-12T02:02:34.502633,18.3,49.5,0
2026-01-12T02:02:36.757447,18.2,49.5,0
2026-01-12T02:02:39.012012,18.2,49.5,0
2026-01-12T02:02:41.266550,18.2,49.5,0
2026-01-12T02:02:43.521251,18.2,49.5,1
2026-01-12T02:02:45.856916,18.2,49.4,1
2026-01-12T02:02:48.192346,18.2,49.5,1
2026-01-12T02:02:50.449685,18.2,49.5,1
2026-01-12T02:02:52.704391,18.2,49.5,1
2026-01-12T02:02:54.959054,18.3,49.5,1
2026-01-12T02:02:57.213783,18.2,49.5,1
2026-01-12T02:02:59.468467,18.2,49.4,1
2026-01-12T02:03:01.723088,18.2,49.5,1
2026-01-12T02:03:03.977765,18.2,49.5,1
2026-01-12T02:03:06.232388,18.2,49.5,1
2026-01-12T02:03:08.487000,18.2,49.5,1
2026-01-12T02:03:10.741895,18.2,49.5,1
2026-01-12T02:03:12.996522,18.2,49.5,1
2026-01-12T02:03:15.251067,18.3,49.5,1
2026-01-12T02:03:17.505762,18.2,49.5,1
2026-01-12T02:03:19.760426,18.2,49.5,1
2026-01-12T02:03:22.014963,18.2,49.5,1
2026-01-12T02:03:24.269640,18.2,49.4,0
2026-01-12T02:03:26.524266,18.3,49.6,0
2026-01-12T02:03:28.779253,18.2,49.5,0
2026-01-12T02:03:31.034027,18.2,49.5,0
2026-01-12T02:03:33.288665,18.2,49.5,0
2026-01-12T02:03:35.543422,18.2,49.5,0
2026-01-12T02:03:37.797834,18.2,49.5,0
2026-01-12T02:03:40.052438,18.2,49.5,1
2026-01-12T02:03:42.307028,18.2,49.5,1
2026-01-12T02:03:44.561841,18.2,49.5,1
2026-01-12T02:03:46.816535,18.2,49.6,1
2026-01-12T02:03:49.070962,18.2,49.5,1
2026-01-12T02:03:51.325689,18.3,49.6,1
2026-01-12T02:03:53.580195,18.3,49.6,1
2026-01-12T02:03:55.834795,18.2,49.6,1
2026-01-12T02:03:58.089270,18.2,49.5,1
2026-01-12T02:04:00.343909,18.2,49.5,1
2026-01-12T02:04:02.598547,18.2,49.5,1
2026-01-12T02:04:04.853094,18.2,49.5,1
2026-01-12T02:04:07.107680,18.2,49.5,1
2026-01-12T02:04:09.362223,18.2,49.5,1
2026-01-12T02:04:11.617053,18.3,49.6,1
2026-01-12T02:04:13.871520,18.3,49.6,1
2026-01-12T02:04:16.126056,18.2,49.5,1
2026-01-12T02:04:18.380310,18.2,49.5,1
2026-01-12T02:04:20.634988,18.2,49.5,0
2026-01-12T02:04:22.889403,18.2,49.5,0
2026-01-12T02:04:25.143977,18.2,49.5,0
2026-01-12T02:04:27.398567,18.3,49.5,0
2026-01-12T02:04:29.653117,18.2,49.5,0
2026-01-12T02:04:31.907807,18.2,49.5,0
2026-01-12T02:04:34.162140,18.3,49.6,0
2026-01-12T02:04:36.416526,18.2,49.5,1
2026-01-12T02:04:38.671318,18.2,49.5,1
2026-01-12T02:04:40.925878,18.2,49.5,1
2026-01-12T02:04:43.179809,18.2,49.5,1
2026-01-12T02:04:45.434527,18.2,49.5,1
2026-01-12T02:04:47.688802,18.2,49.5,1
2026-01-12T02:04:49.943231,18.2,49.5,1
2026-01-12T02:04:52.197902,18.2,49.5,1
2026-01-12T02:04:54.452388,18.2,49.5,1
2026-01-12T02:04:56.706978,18.2,49.6,1
2026-01-12T02:04:58.961571,18.3,49.6,1
2026-01-12T02:05:01.215883,18.2,49.6,1
2026-01-12T02:05:03.470337,18.2,49.6,1
2026-01-12T02:05:05.725115,18.3,49.6,1
2026-01-12T02:05:07.979627,18.3,49.6,1
2026-01-12T02:05:10.234113,18.2,49.5,1
2026-01-12T02:05:12.488678,18.3,49.7,1
2026-01-12T02:05:14.743112,18.2,49.6,1
2026-01-12T02:05:16.997574,18.3,49.6,0
2026-01-12T02:05:19.252083,18.2,49.6,0
2026-01-12T02:05:21.506601,18.3,49.7,0
2026-01-12T02:05:23.760869,18.2,49.5,0
2026-01-12T02:05:26.015414,18.2,49.6,0
2026-01-12T02:05:28.269934,18.2,49.6,0
2026-01-12T02:05:30.524424,18.2,49.6,0
2026-01-12T02:05:32.779179,18.2,49.5,1
2026-01-12T02:05:35.033768,18.2,49.6,1
2026-01-12T02:05:37.288177,18.2,49.6,1
2026-01-12T02:05:39.543082,18.2,49.6,1
2026-01-12T02:05:41.797442,18.2,49.6,1
2026-01-12T02:05:44.051781,18.2,49.6,1
2026-01-12T02:05:46.306555,18.3,49.7,1
2026-01-12T02:05:48.561125,18.2,49.6,1
2026-01-12T02:05:50.815648,18.3,49.7,1
2026-01-12T02:05:53.070181,18.2,49.6,1
2026-01-12T02:05:55.324642,18.2,49.7,1
2026-01-12T02:05:57.579334,18.2,49.6,1
2026-01-12T02:05:59.833925,18.2,49.6,1
2026-01-12T02:06:02.088107,18.2,49.6,1
2026-01-12T02:06:04.342678,18.3,49.6,1
2026-01-12T02:06:06.597433,18.2,49.6,1
2026-01-12T02:06:08.851613,18.2,49.6,1
2026-01-12T02:06:11.105887,18.2,49.6,1
2026-01-12T02:06:13.360347,18.2,49.6,1
2026-01-12T02:06:15.615048,18.2,49.6,0
2026-01-12T02:06:17.869496,18.2,49.6,0
2026-01-12T02:06:20.124056,18.3,49.6,0
2026-01-12T02:06:22.378611,18.3,49.6,0
2026-01-12T02:06:24.633099,18.2,49.5,0
2026-01-12T02:06:26.887748,18.2,49.6,0
2026-01-12T02:06:29.142404,18.2,49.6,1
2026-01-12T02:06:31.396682,18.2,49.5,1
2026-01-12T02:06:33.651548,18.2,49.6,1
2026-01-12T02:06:35.906256,18.2,49.5,1
2026-01-12T02:06:38.160365,18.2,49.5,1
2026-01-12T02:06:40.415152,18.2,49.6,1
2026-01-12T02:06:42.669761,18.2,49.5,1
2026-01-12T02:06:44.923921,18.2,49.5,1
2026-01-12T02:06:47.178554,18.2,49.5,1
2026-01-12T02:06:49.432853,18.2,49.6,1
2026-01-12T02:06:51.687433,18.2,49.5,1
2026-01-12T02:06:53.942123,18.2,49.6,1
2026-01-12T02:06:56.196662,18.2,49.6,1
2026-01-12T02:06:58.451292,18.3,49.6,1
2026-01-12T02:07:00.706125,18.2,49.6,1
2026-01-12T02:07:02.960616,18.2,49.5,1
2026-01-12T02:07:05.215238,18.2,49.6,1
2026-01-12T02:07:07.469973,18.2,49.6,1
2026-01-12T02:07:09.726220,18.2,49.6,1
2026-01-12T02:07:11.980274,18.3,49.6,0
2026-01-12T02:07:14.235046,18.2,49.6,0
2026-01-12T02:07:16.489612,18.3,49.6,0
2026-01-12T02:07:18.744103,18.2,49.6,0
2026-01-12T02:07:20.998932,18.3,49.6,0
2026-01-12T02:07:23.253516,18.2,49.6,0
2026-01-12T02:07:25.507489,18.2,49.6,1
2026-01-12T02:07:27.762339,18.3,49.6,1
2026-01-12T02:07:30.016645,18.3,49.6,1
2026-01-12T02:07:32.271239,18.3,49.6,1
2026-01-12T02:07:34.525805,18.3,49.6,1
2026-01-12T02:07:36.779899,18.3,49.6,1
2026-01-12T02:07:39.034456,18.3,49.6,1
2026-01-12T02:07:41.289054,18.3,49.6,1
2026-01-12T02:07:43.543574,18.3,49.6,1
2026-01-12T02:07:45.797656,18.2,49.6,1
2026-01-12T02:07:48.052167,18.3,49.6,1
2026-01-12T02:07:50.306799,18.3,49.6,1
2026-01-12T02:07:52.561333,18.3,49.6,1
2026-01-12T02:07:54.816149,18.3,49.6,1
2026-01-12T02:07:57.070762,18.3,49.6,1
2026-01-12T02:07:59.325223,18.2,49.5,1
2026-01-12T02:08:01.579859,18.3,49.6,1
2026-01-12T02:08:03.834523,18.3,49.6,1
2026-01-12T02:08:06.088841,18.2,49.5,1
2026-01-12T02:08:08.343416,18.2,49.5,0
2026-01-12T02:08:10.598036,18.2,49.6,0
2026-01-12T02:08:12.852293,18.3,49.6,0
2026-01-12T02:08:15.107048,18.2,49.5,0
2026-01-12T02:08:17.361687,18.3,49.6,0
2026-01-12T02:08:19.615973,18.3,49.6,0
2026-01-12T02:08:21.870683,18.2,49.5,1
2026-01-12T02:08:24.125277,18.3,49.6,1
2026-01-12T02:08:26.379694,18.2,49.5,1
2026-01-12T02:08:28.634451,18.2,49.6,1
2026-01-12T02:08:30.888884,18.2,49.5,1
2026-01-12T02:08:33.143009,18.2,49.5,1
2026-01-12T02:08:35.397759,18.2,49.5,1
2026-01-12T02:08:37.652199,18.3,49.6,1
2026-01-12T02:08:39.906779,18.2,49.5,1
2026-01-12T02:08:42.160895,18.2,49.5,1
2026-01-12T02:08:44.415328,18.2,49.5,1
2026-01-12T02:08:46.669912,18.2,49.5,1
2026-01-12T02:08:48.924600,18.2,49.5,1
2026-01-12T02:08:51.179143,18.3,49.6,1
2026-01-12T02:08:53.433284,18.3,49.6,1
2026-01-12T02:08:55.687945,18.3,49.6,1
2026-01-12T02:08:57.942590,18.3,49.6,1
2026-01-12T02:09:00.197053,18.2,49.6,1
2026-01-12T02:09:02.451714,18.2,49.5,1
2026-01-12T02:09:04.706240,18.2,49.5,0
2026-01-12T02:09:06.960730,18.2,49.5,0
2026-01-12T02:09:09.215092,18.2,49.5,0
2026-01-12T02:09:11.469616,18.3,49.6,0
2026-01-12T02:09:13.723934,18.2,49.6,0
2026-01-12T02:09:15.978303,18.3,49.7,0
2026-01-12T02:09:18.232644,18.2,49.6,0
2026-01-12T02:09:20.487276,18.2,49.6,1
2026-01-12T02:09:22.741910,18.3,49.6,1
2026-01-12T02:09:24.996433,18.3,49.6,1
2026-01-12T02:09:27.250729,18.2,49.6,1
2026-01-12T02:09:29.505276,18.2,49.6,1
2026-01-12T02:09:31.759646,18.2,49.6,1
2026-01-12T02:09:34.014173,18.2,49.5,1
2026-01-12T02:09:36.268861,18.2,49.6,1
2026-01-12T02:09:38.523097,18.2,49.5,1
2026-01-12T02:09:40.777602,18.2,49.5,1
2026-01-12T02:09:43.032214,18.2,49.6,1
2026-01-12T02:09:45.286741,18.2,49.6,1
2026-01-12T02:09:47.541302,18.2,49.6,1
2026-01-12T02:09:49.796098,18.2,49.6,1
2026-01-12T02:09:52.050705,18.3,49.6,1
2026-01-12T02:09:54.305282,18.3,49.6,1
2026-01-12T02:09:56.559953,18.2,49.6,1
2026-01-12T02:09:58.814089,18.2,49.6,1
2026-01-12T02:10:01.068602,18.2,49.6,0
2026-01-12T02:10:03.323339,18.3,49.6,0
2026-01-12T02:10:05.580056,18.2,49.6,0
2026-01-12T02:10:07.834651,18.2,49.5,0
2026-01-12T02:10:10.089114,18.2,49.6,0
2026-01-12T02:10:12.343715,18.2,49.6,0
2026-01-12T02:10:14.598219,18.2,49.6,0
2026-01-12T02:10:16.852959,18.2,49.6,1
2026-01-12T02:10:19.107450,18.2,49.6,1
2026-01-12T02:10:21.362000,18.3,49.7,1
2026-01-12T02:10:23.616753,18.2,49.6,1
2026-01-12T02:10:25.871069,18.3,49.6,1
2026-01-12T02:10:28.125585,18.2,49.6,1
2026-01-12T02:10:30.379784,18.3,49.6,1
2026-01-12T02:10:32.634506,18.2,49.6,1
2026-01-12T02:10:34.888803,18.2,49.6,1
2026-01-12T02:10:37.143442,18.2,49.6,1
2026-01-12T02:10:39.397945,18.2,49.6,1
2026-01-12T02:10:41.652061,18.2,49.5,1
2026-01-12T02:10:43.906763,18.2,49.6,1
2026-01-12T02:10:46.161344,18.2,49.6,1
2026-01-12T02:10:48.415670,18.3,49.6,1
2026-01-12T02:10:50.670575,18.2,49.6,1
2026-01-12T02:10:52.924980,18.2,49.6,1
2026-01-12T02:10:55.179227,18.3,49.6,1
2026-01-12T02:10:57.433807,18.2,49.5,0
2026-01-12T02:10:59.688362,18.2,49.5,0
2026-01-12T02:11:01.942948,18.2,49.6,0
2026-01-12T02:11:04.197536,18.3,49.6,0
2026-01-12T02:11:06.451844,18.2,49.6,0
2026-01-12T02:11:08.706352,18.2,49.5,0
2026-01-12T02:11:10.960673,18.2,49.5,0
2026-01-12T02:11:13.214775,18.2,49.5,1
2026-01-12T02:11:15.468995,18.2,49.5,1
2026-01-12T02:11:17.723504,18.2,49.6,1
2026-01-12T02:11:19.978048,18.2,49.5,1
2026-01-12T02:11:22.232406,18.2,49.5,1
2026-01-12T02:11:24.487323,18.2,49.5,1
2026-01-12T02:11:26.741798,18.2,49.6,1
2026-01-12T02:11:28.996221,18.3,49.6,1
2026-01-12T02:11:31.251024,18.2,49.5,1
2026-01-12T02:11:33.505574,18.2,49.6,1
2026-01-12T02:11:35.760093,18.2,49.6,1
2026-01-12T02:11:38.014776,18.2,49.6,1
2026-01-12T02:11:40.269330,18.2,49.6,1
2026-01-12T02:11:42.523570,18.2,49.6,1
2026-01-12T02:11:44.778193,18.2,49.6,1
2026-01-12T02:11:47.032342,18.3,49.7,1
2026-01-12T02:11:49.286870,18.2,49.7,1
2026-01-12T02:11:51.541442,18.2,49.7,1
2026-01-12T02:11:53.796055,18.2,49.7,0
2026-01-12T02:11:56.050599,18.2,49.6,0
2026-01-12T02:11:58.305280,18.2,49.7,0
2026-01-12T02:12:00.559950,18.2,49.7,0
2026-01-12T02:12:02.814483,18.2,49.7,0
2026-01-12T02:12:05.069270,18.2,49.7,0
2026-01-12T02:12:07.323848,18.2,49.7,0
2026-01-12T02:12:09.578529,18.2,49.7,1
2026-01-12T02:12:11.833264,18.2,49.7,1
2026-01-12T02:12:14.089956,18.2,49.7,1
2026-01-12T02:12:16.344473,18.2,49.7,1
2026-01-12T02:12:18.599344,18.2,49.6,1
2026-01-12T02:12:20.853997,18.2,49.6,1
2026-01-12T02:12:23.108473,18.2,49.7,1
2026-01-12T02:12:25.362745,18.2,49.7,1
2026-01-12T02:12:27.617417,18.2,49.6,1
2026-01-12T02:12:29.871645,18.3,49.7,1
2026-01-12T02:12:32.126277,18.2,49.7,1
2026-01-12T02:12:34.380838,18.2,49.6,1
2026-01-12T02:12:36.635459,18.2,49.6,1
2026-01-12T02:12:38.890230,18.2,49.6,1
2026-01-12T02:12:41.144710,18.2,49.6,1
2026-01-12T02:12:43.399252,18.2,49.6,1
2026-01-12T02:12:45.654065,18.2,49.6,1
2026-01-12T02:12:47.908646,18.2,49.6,1
2026-01-12T02:12:50.163053,18.2,49.6,0
2026-01-12T02:12:52.417679,18.2,49.6,0
2026-01-12T02:12:54.672009,18.2,49.6,0
2026-01-12T02:12:56.926539,18.2,49.6,0
2026-01-12T02:12:59.181119,18.2,49.6,0
2026-01-12T02:13:01.435413,18.2,49.6,0
2026-01-12T02:13:03.689725,18.2,49.6,0
2026-01-12T02:13:05.944442,18.2,49.7,1
2026-01-12T02:13:08.199105,18.2,49.7,1
2026-01-12T02:13:10.453666,18.2,49.7,1
2026-01-12T02:13:12.708413,18.2,49.7,1
2026-01-12T02:13:14.963066,18.2,49.7,1
2026-01-12T02:13:17.217591,18.2,49.7,1
2026-01-12T02:13:19.472336,18.2,49.7,1
2026-01-12T02:13:21.727114,18.2,49.7,1
2026-01-12T02:13:23.981660,18.2,49.7,1
2026-01-12T02:13:26.236334,18.2,49.7,1
2026-01-12T02:13:28.490989,18.2,49.7,1
2026-01-12T02:13:30.745563,18.2,49.7,1
2026-01-12T02:13:33.000298,18.2,49.7,1
2026-01-12T02:13:35.256855,18.2,49.7,1
2026-01-12T02:13:37.511252,18.2,49.7,1
2026-01-12T02:13:39.766119,18.2,49.7,1
2026-01-12T02:13:42.020748,18.2,49.7,1
2026-01-12T02:13:44.275304,18.3,49.7,1
2026-01-12T02:13:46.530121,18.2,49.6,0
2026-01-12T02:13:48.784617,18.2,49.6,0
2026-01-12T02:13:51.039251,18.2,49.6,0
2026-01-12T02:13:53.293761,18.2,49.6,0
2026-01-12T02:13:55.548390,18.2,49.7,0
2026-01-12T02:13:57.803025,18.2,49.6,0
2026-01-12T02:14:00.057793,18.2,49.6,0
2026-01-12T02:14:02.312122,18.2,49.7,1
2026-01-12T02:14:04.566711,18.2,49.7,1
2026-01-12T02:14:06.821478,18.2,49.7,1
2026-01-12T02:14:09.076105,18.2,49.7,1
2026-01-12T02:14:11.330542,18.2,49.7,1
2026-01-12T02:14:13.585229,18.2,49.7,1
2026-01-12T02:14:15.839826,18.2,49.7,1
2026-01-12T02:14:18.094373,18.2,49.7,1
2026-01-12T02:14:20.349111,18.2,49.7,1
2026-01-12T02:14:22.603860,18.2,49.7,1
2026-01-12T02:14:24.858397,18.2,49.7,1
2026-01-12T02:14:27.113173,18.2,49.7,1
2026-01-12T02:14:29.367715,18.2,49.6,1
2026-01-12T02:14:31.622368,18.2,49.6,1
2026-01-12T02:14:33.877033,18.2,49.7,1
2026-01-12T02:14:36.131598,18.2,49.6,1
2026-01-12T02:14:38.386078,18.2,49.6,1
2026-01-12T02:14:40.640666,18.2,49.7,1
2026-01-12T02:14:42.894995,18.2,49.7,0
2026-01-12T02:14:45.149497,18.2,49.7,0
2026-01-12T02:14:47.404195,18.2,49.7,0
2026-01-12T02:14:49.658963,18.2,49.8,0
2026-01-12T02:14:51.913533,18.2,49.7,0
2026-01-12T02:14:54.168274,18.2,49.8,0
2026-01-12T02:14:56.422924,18.2,49.8,0
2026-01-12T02:14:58.677534,18.2,49.8,1
2026-01-12T02:15:00.932154,18.2,49.8,1
2026-01-12T02:15:03.186803,18.2,49.8,1
2026-01-12T02:15:05.441492,18.2,49.8,1
2026-01-12T02:15:07.696354,18.2,49.8,1
2026-01-12T02:15:09.951064,18.2,49.8,1
2026-01-12T02:15:12.205330,18.2,49.8,1
2026-01-12T02:15:14.460061,18.2,49.8,1
2026-01-12T02:15:16.714809,18.2,49.8,1
2026-01-12T02:15:18.969085,18.2,49.8,1
2026-01-12T02:15:21.223791,18.2,49.8,1
2026-01-12T02:15:23.478337,18.2,49.8,1
2026-01-12T02:15:25.732910,18.2,49.8,1
2026-01-12T02:15:27.987592,18.2,49.8,1
2026-01-12T02:15:30.244323,18.2,49.7,1
2026-01-12T02:15:32.498802,18.2,49.7,1
2026-01-12T02:15:34.753661,18.2,49.8,1
2026-01-12T02:15:37.008191,18.2,49.8,1
2026-01-12T02:15:39.262776,18.2,49.7,0
2026-01-12T02:15:41.518238,18.2,49.8,0
2026-01-12T02:15:43.772895,18.2,49.8,0
2026-01-12T02:15:46.026808,18.2,49.7,0
2026-01-12T02:15:48.281527,18.2,49.7,0
2026-01-12T02:15:50.536199,18.2,49.7,0
2026-01-12T02:15:52.790560,18.2,49.7,0
2026-01-12T02:15:55.045229,18.2,49.7,1
2026-01-12T02:15:57.299847,18.2,49.7,1
2026-01-12T02:15:59.554504,18.2,49.6,1
2026-01-12T02:16:01.809322,18.2,49.6,1
2026-01-12T02:16:04.063654,18.2,49.6,1
2026-01-12T02:16:06.318282,18.2,49.6,1
2026-01-12T02:16:08.572962,18.2,49.6,1
2026-01-12T02:16:10.827685,18.2,49.7,1
2026-01-12T02:16:13.082182,18.2,49.6,1
2026-01-12T02:16:15.336675,18.2,49.6,1
2026-01-12T02:16:17.591361,18.2,49.7,1
2026-01-12T02:16:19.845882,18.2,49.7,1
2026-01-12T02:16:22.100398,18.2,49.7,1
2026-01-12T02:16:24.355074,18.2,49.7,1
2026-01-12T02:16:26.609669,18.2,49.7,1
2026-01-12T02:16:28.864328,18.2,49.7,1
2026-01-12T02:16:31.118965,18.2,49.7,1
2026-01-12T02:16:33.373377,18.2,49.7,1
2026-01-12T02:16:35.627631,18.2,49.7,0
2026-01-12T02:16:37.881977,18.2,49.7,0
2026-01-12T02:16:40.136390,18.2,49.7,0
2026-01-12T02:16:42.391203,18.2,49.6,0
2026-01-12T02:16:44.645708,18.2,49.7,0
2026-01-12T02:16:46.900019,18.2,49.7,0
2026-01-12T02:16:49.154235,18.2,49.6,0
2026-01-12T02:16:51.408620,18.2,49.6,1
2026-01-12T02:16:53.663343,18.2,49.6,1
2026-01-12T02:16:55.918111,18.2,49.7,1
2026-01-12T02:16:58.172602,18.2,49.6,1
2026-01-12T02:17:00.426845,18.2,49.6,1
2026-01-12T02:17:02.681496,18.2,49.7,1
2026-01-12T02:17:04.935939,18.2,49.6,1
2026-01-12T02:17:07.190506,18.2,49.6,1
2026-01-12T02:17:09.445253,18.2,49.6,1
2026-01-12T02:17:11.699969,18.2,49.6,1
2026-01-12T02:17:13.954559,18.2,49.6,1
2026-01-12T02:17:16.209319,18.2,49.6,1
2026-01-12T02:17:18.463925,18.2,49.6,1
2026-01-12T02:17:20.718658,18.2,49.6,1
2026-01-12T02:17:22.973399,18.2,49.6,1
2026-01-12T02:17:25.227905,18.2,49.7,1
2026-01-12T02:17:27.482419,18.2,49.7,1
2026-01-12T02:17:29.737192,18.2,49.7,1
2026-01-12T02:17:31.991796,18.2,49.7,1
2026-01-12T02:17:34.246070,18.2,49.7,0
2026-01-12T02:17:36.500791,18.2,49.7,0
2026-01-12T02:17:38.755504,18.2,49.6,0
2026-01-12T02:17:41.009961,18.2,49.7,0
2026-01-12T02:17:43.264806,18.2,49.6,0
2026-01-12T02:17:45.520560,18.2,49.7,0
2026-01-12T02:17:47.775087,18.2,49.6,1
2026-01-12T02:17:50.029832,18.2,49.6,1
2026-01-12T02:17:52.284106,18.2,49.7,1
2026-01-12T02:17:54.538764,18.2,49.7,1
2026-01-12T02:17:56.793091,18.2,49.6,1
2026-01-12T02:17:59.047397,18.2,49.7,1
2026-01-12T02:18:01.301855,18.2,49.6,1
2026-01-12T02:18:03.556617,18.2,49.6,1
2026-01-12T02:18:05.811358,18.2,49.6,1
2026-01-12T02:18:08.065707,18.2,49.6,1
2026-01-12T02:18:10.320395,18.2,49.6,1
2026-01-12T02:18:12.575131,18.2,49.7,1
2026-01-12T02:18:14.829627,18.2,49.7,1
2026-01-12T02:18:17.084413,18.2,49.7,1
2026-01-12T02:18:19.338727,18.2,49.6,1
2026-01-12T02:18:21.593029,18.2,49.7,1
2026-01-12T02:18:23.847731,18.2,49.7,1
2026-01-12T02:18:26.102376,18.2,49.6,1
2026-01-12T02:18:28.356929,18.2,49.7,1
2026-01-12T02:18:30.611477,18.2,49.7,0
2026-01-12T02:18:32.866034,18.2,49.7,0
2026-01-12T02:18:35.120302,18.2,49.6,0
2026-01-12T02:18:37.375065,18.2,49.7,0
2026-01-12T02:18:39.629749,18.2,49.7,0
2026-01-12T02:18:41.884030,18.2,49.7,0
2026-01-12T02:18:44.138744,18.2,49.7,1
2026-01-12T02:18:46.393374,18.2,49.6,1
2026-01-12T02:18:48.647905,18.2,49.7,1
2026-01-12T02:18:50.902661,18.2,49.7,1
2026-01-12T02:18:53.157143,18.2,49.7,1
2026-01-12T02:18:55.411640,18.2,49.6,1
2026-01-12T02:18:57.666472,18.2,49.6,1
2026-01-12T02:18:59.921070,18.2,49.7,1
2026-01-12T02:19:02.175609,18.2,49.6,1
2026-01-12T02:19:04.429920,18.2,49.7,1
2026-01-12T02:19:06.684576,18.2,49.7,1
2026-01-12T02:19:08.939232,18.2,49.6,1
2026-01-12T02:19:11.193921,18.2,49.6,1
2026-01-12T02:19:13.448417,18.2,49.6,1
2026-01-12T02:19:15.702727,18.2,49.6,1
2026-01-12T02:19:17.957470,18.2,49.7,1
2026-01-12T02:19:20.212064,18.2,49.7,1
2026-01-12T02:19:22.466552,18.2,49.6,1
2026-01-12T02:19:24.721368,18.2,49.7,1
2026-01-12T02:19:26.975666,18.2,49.6,0
2026-01-12T02:19:29.230240,18.3,49.7,0
2026-01-12T02:19:31.484927,18.2,49.7,0
2026-01-12T02:19:33.741708,18.2,49.7,0
2026-01-12T02:19:35.996229,18.2,49.7,0
2026-01-12T02:19:38.250832,18.2,49.7,0
2026-01-12T02:19:40.505517,18.2,49.7,1
2026-01-12T02:19:42.760072,18.2,49.7,1
2026-01-12T02:19:45.014937,18.2,49.7,1
2026-01-12T02:19:47.269587,18.2,49.7,1
2026-01-12T02:19:49.524001,18.2,49.7,1
2026-01-12T02:19:51.778655,18.2,49.7,1
2026-01-12T02:19:54.033248,18.2,49.7,1
2026-01-12T02:19:56.287789,18.2,49.7,1
2026-01-12T02:19:58.542571,18.2,49.7,1
2026-01-12T02:20:00.797195,18.2,49.6,1
2026-01-12T02:20:03.051646,18.2,49.7,1
2026-01-12T02:20:05.306470,18.2,49.6,1
2026-01-12T02:20:07.561074,18.2,49.7,1
2026-01-12T02:20:09.815494,18.2,49.7,1
2026-01-12T02:20:12.070062,18.2,49.7,1
2026-01-12T02:20:14.324615,18.2,49.7,1
2026-01-12T02:20:16.579112,18.3,49.7,1
2026-01-12T02:20:18.833796,18.2,49.7,1
2026-01-12T02:20:21.088143,18.2,49.7,1
2026-01-12T02:20:23.342453,18.2,49.7,0
2026-01-12T02:20:25.597112,18.2,49.7,0
2026-01-12T02:20:27.851521,18.2,49.7,0
2026-01-12T02:20:30.106094,18.2,49.7,0
2026-01-12T02:20:32.360640,18.2,49.7,0
2026-01-12T02:20:34.615367,18.2,49.7,0
2026-01-12T02:20:36.869806,18.2,49.7,0
2026-01-12T02:20:39.124304,18.2,49.7,1
2026-01-12T02:20:41.379048,18.2,49.7,1
2026-01-12T02:20:43.633745,18.2,49.7,1
2026-01-12T02:20:45.888274,18.2,49.7,1
2026-01-12T02:20:48.143000,18.2,49.7,1
2026-01-12T02:20:50.397523,18.2,49.7,1
2026-01-12T02:20:52.652162,18.2,49.7,1
2026-01-12T02:20:54.906738,18.2,49.7,1
2026-01-12T02:20:57.161200,18.2,49.7,1
2026-01-12T02:20:59.415977,18.2,49.7,1
2026-01-12T02:21:01.670677,18.2,49.7,1
2026-01-12T02:21:03.925126,18.2,49.7,1
2026-01-12T02:21:06.179726,18.2,49.7,1
2026-01-12T02:21:08.434390,18.2,49.7,1
2026-01-12T02:21:10.688857,18.2,49.7,1
2026-01-12T02:21:12.943569,18.2,49.7,1
2026-01-12T02:21:15.198193,18.2,49.7,1
2026-01-12T02:21:17.452642,18.2,49.7,1
2026-01-12T02:21:19.707246,18.2,49.7,0
2026-01-12T02:21:21.961800,18.2,49.7,0
2026-01-12T02:21:24.216311,18.2,49.7,0
2026-01-12T02:21:26.471185,18.2,49.7,0
2026-01-12T02:21:28.725919,18.2,49.7,0
2026-01-12T02:21:30.980333,18.2,49.7,0
2026-01-12T02:21:33.234884,18.2,49.7,0
2026-01-12T02:21:35.489513,18.2,49.7,1
2026-01-12T02:21:37.743803,18.2,49.7,1
2026-01-12T02:21:39.998533,18.2,49.7,1
2026-01-12T02:21:42.252943,18.2,49.7,1
2026-01-12T02:21:44.507547,18.2,49.7,1
2026-01-12T02:21:46.762395,18.2,49.7,1
2026-01-12T02:21:49.016938,18.2,49.7,1
2026-01-12T02:21:51.271128,18.2,49.7,1
2026-01-12T02:21:53.525837,18.2,49.7,1
2026-01-12T02:21:55.781307,18.2,49.7,1
2026-01-12T02:21:58.035558,18.2,49.7,1
2026-01-12T02:22:00.290326,18.2,49.7,1
2026-01-12T02:22:02.544855,18.2,49.7,1
2026-01-12T02:22:04.799259,18.2,49.7,1
2026-01-12T02:22:07.053995,18.2,49.7,1
2026-01-12T02:22:09.308203,18.2,49.7,1
2026-01-12T02:22:11.562760,18.3,49.8,1
2026-01-12T02:22:13.817245,18.2,49.7,1
2026-01-12T02:22:16.071853,18.2,49.7,0
2026-01-12T02:22:18.326372,18.2,49.7,0
2026-01-12T02:22:20.580969,18.2,49.7,0
2026-01-12T02:22:22.835573,18.2,49.7,0
2026-01-12T02:22:25.090078,18.2,49.7,0
2026-01-12T02:22:27.344612,18.2,49.7,0
2026-01-12T02:22:29.599378,18.2,49.7,0
2026-01-12T02:22:31.853557,18.2,49.7,1
2026-01-12T02:22:34.108287,18.2,49.7,1
2026-01-12T02:22:36.362941,18.2,49.7,1
2026-01-12T02:22:38.617498,18.2,49.7,1
2026-01-12T02:22:40.872098,18.2,49.7,1
2026-01-12T02:22:43.126712,18.2,49.7,1
2026-01-12T02:22:45.381092,18.2,49.7,1
2026-01-12T02:22:47.635912,18.2,49.7,1
2026-01-12T02:22:49.890541,18.2,49.7,1
2026-01-12T02:22:52.144972,18.2,49.7,1
2026-01-12T02:22:54.399526,18.2,49.7,1
2026-01-12T02:22:56.653725,18.2,49.7,1
2026-01-12T02:22:58.908076,18.2,49.7,1
2026-01-12T02:23:01.162812,18.2,49.7,1
2026-01-12T02:23:03.417422,18.2,49.7,1
2026-01-12T02:23:05.671641,18.2,49.7,1
2026-01-12T02:23:07.926318,18.2,49.7,1
2026-01-12T02:23:10.180810,18.2,49.7,1
2026-01-12T02:23:12.434873,18.2,49.7,0
2026-01-12T02:23:14.689486,18.2,49.7,0
2026-01-12T02:23:16.943725,18.2,49.7,0
2026-01-12T02:23:19.198230,18.2,49.7,0
2026-01-12T02:23:21.452555,18.2,49.7,0
2026-01-12T02:23:23.707280,18.2,49.7,0
2026-01-12T02:23:25.961613,18.2,49.7,0
2026-01-12T02:23:28.215979,18.2,49.7,1
2026-01-12T02:23:30.470574,18.2,49.7,1
2026-01-12T02:23:32.724733,18.2,49.7,1
2026-01-12T02:23:34.979007,18.2,49.7,1
2026-01-12T02:23:37.233457,18.2,49.7,1
2026-01-12T02:23:39.487511,18.2,49.7,1
2026-01-12T02:23:41.742293,18.2,49.7,1
2026-01-12T02:23:43.996641,18.2,49.7,1
2026-01-12T02:23:46.251210,18.2,49.7,1
2026-01-12T02:23:48.505981,18.2,49.7,1
2026-01-12T02:23:50.760462,18.2,49.7,1
2026-01-12T02:23:53.015061,18.2,49.7,1
2026-01-12T02:23:55.269666,18.2,49.8,1
2026-01-12T02:23:57.523969,18.2,49.7,1
2026-01-12T02:23:59.778548,18.2,49.7,1
2026-01-12T02:24:02.032772,18.2,49.7,1
2026-01-12T02:24:04.287336,18.2,49.7,1
2026-01-12T02:24:06.541884,18.2,49.7,1
2026-01-12T02:24:08.796436,18.2,49.8,0
2026-01-12T02:24:11.051088,18.2,49.7,0
2026-01-12T02:24:13.305183,18.2,49.7,0
2026-01-12T02:24:15.559730,18.2,49.7,0
2026-01-12T02:24:17.814319,18.2,49.7,0
2026-01-12T02:24:20.068848,18.2,49.7,0
2026-01-12T02:24:22.323531,18.2,49.7,0
2026-01-12T02:24:24.578058,18.2,49.7,1
2026-01-12T02:24:26.832291,18.2,49.7,1
2026-01-12T02:24:29.087094,18.2,49.7,1
2026-01-12T02:24:31.341693,18.2,49.7,1
2026-01-12T02:24:33.596143,18.2,49.7,1
2026-01-12T02:24:35.850971,18.2,49.7,1
2026-01-12T02:24:38.105493,18.2,49.8,1
2026-01-12T02:24:40.360062,18.2,49.7,1
2026-01-12T02:24:42.614990,18.2,49.8,1
2026-01-12T02:24:44.869602,18.2,49.9,1
2026-01-12T02:24:47.123806,18.2,49.8,1
2026-01-12T02:24:49.378543,18.2,49.9,1
2026-01-12T02:24:51.632920,18.2,49.9,1
2026-01-12T02:24:53.887354,18.2,49.9,1
2026-01-12T02:24:56.142133,18.2,49.9,1
2026-01-12T02:24:58.396684,18.2,49.9,1
2026-01-12T02:25:00.651350,18.2,49.9,1
2026-01-12T02:25:02.906055,18.2,49.9,1
2026-01-12T02:25:05.160485,18.2,49.9,0
2026-01-12T02:25:07.415081,18.2,49.9,0
2026-01-12T02:25:09.669869,18.2,49.9,0
2026-01-12T02:25:11.924464,18.2,49.9,0
2026-01-12T02:25:14.179053,18.2,49.9,0
2026-01-12T02:25:16.433733,18.2,49.9,0
2026-01-12T02:25:18.688055,18.2,49.9,0
2026-01-12T02:25:20.942565,18.2,49.8,1
2026-01-12T02:25:23.196966,18.2,49.8,1
2026-01-12T02:25:25.451522,18.2,49.9,1
2026-01-12T02:25:27.706149,18.2,49.8,1
2026-01-12T02:25:29.960646,18.2,49.8,1
2026-01-12T02:25:32.215330,18.2,49.9,1
2026-01-12T02:25:34.469601,18.2,49.8,1
2026-01-12T02:25:36.724357,18.2,49.8,1
2026-01-12T02:25:38.978955,18.2,49.8,1
2026-01-12T02:25:41.233283,18.2,49.8,1
2026-01-12T02:25:43.488103,18.2,49.8,1
2026-01-12T02:25:45.742375,18.2,49.7,1
2026-01-12T02:25:47.996759,18.2,49.7,1
2026-01-12T02:25:50.250944,18.2,49.7,1
2026-01-12T02:25:52.505552,18.2,49.7,1
2026-01-12T02:25:54.759788,18.2,49.7,1
2026-01-12T02:25:57.014570,18.2,49.7,1
2026-01-12T02:25:59.269056,18.2,49.7,1
2026-01-12T02:26:01.523658,18.2,49.7,0
2026-01-12T02:26:03.778481,18.2,49.7,0
2026-01-12T02:26:06.033122,18.2,49.7,0
2026-01-12T02:26:08.287460,18.2,49.7,0
2026-01-12T02:26:10.542338,18.2,49.7,0
2026-01-12T02:26:12.796878,18.2,49.7,0
2026-01-12T02:26:15.051344,18.2,49.7,0
2026-01-12T02:26:17.306100,18.2,49.7,1
2026-01-12T02:26:19.560717,18.2,49.7,1
2026-01-12T02:26:21.815298,18.2,49.8,1
2026-01-12T02:26:24.070091,18.2,49.8,1
2026-01-12T02:26:26.324363,18.2,49.8,1
2026-01-12T02:26:28.578959,18.2,49.8,1
2026-01-12T02:26:30.833639,18.2,49.8,1
2026-01-12T02:26:33.088027,18.2,49.9,1
2026-01-12T02:26:35.342538,18.2,49.8,1
2026-01-12T02:26:37.596893,18.2,49.8,1
2026-01-12T02:26:39.850862,18.2,49.9,1
2026-01-12T02:26:42.105102,18.2,49.9,1
2026-01-12T02:26:44.359832,18.2,49.9,1
2026-01-12T02:26:46.614576,18.2,49.9,1
2026-01-12T02:26:48.868722,18.2,49.9,1
2026-01-12T02:26:51.123550,18.2,49.9,1
2026-01-12T02:26:53.378199,18.2,49.9,1
2026-01-12T02:26:55.632520,18.2,49.9,1
2026-01-12T02:26:57.887313,18.2,49.9,0
2026-01-12T02:27:00.141951,18.2,49.9,0
2026-01-12T02:27:02.396480,18.2,49.9,0
2026-01-12T02:27:04.651146,18.2,49.9,0
2026-01-12T02:27:06.905544,18.2,49.9,0
2026-01-12T02:27:09.160103,18.2,49.9,0
2026-01-12T02:27:11.414872,18.2,49.9,0
2026-01-12T02:27:13.669537,18.2,49.9,1
2026-01-12T02:27:15.923825,18.2,49.8,1
2026-01-12T02:27:18.178585,18.2,49.9,1
2026-01-12T02:27:20.434942,18.2,49.9,1
2026-01-12T02:27:22.689518,18.2,49.9,1
2026-01-12T02:27:24.944102,18.2,49.9,1
2026-01-12T02:27:27.198536,18.2,49.8,1
2026-01-12T02:27:29.452642,18.2,49.9,1
2026-01-12T02:27:31.707553,18.2,49.9,1
2026-01-12T02:27:33.962151,18.2,49.9,1
2026-01-12T02:27:36.216670,18.2,49.9,1
2026-01-12T02:27:38.470995,18.2,49.9,1
2026-01-12T02:27:40.725709,18.2,49.9,1
2026-01-12T02:27:42.980068,18.2,49.9,1
2026-01-12T02:27:45.234815,18.2,49.9,1
2026-01-12T02:27:47.489495,18.2,49.9,1
2026-01-12T02:27:49.744020,18.2,49.8,1
2026-01-12T02:27:51.998821,18.2,49.8,1
2026-01-12T02:27:54.253479,18.2,49.8,0
2026-01-12T02:27:56.507822,18.2,49.8,0
2026-01-12T02:27:58.762224,18.2,49.8,0
2026-01-12T02:28:01.016706,18.2,49.8,0
2026-01-12T02:28:03.271322,18.2,49.8,0
2026-01-12T02:28:05.526090,18.2,49.8,0
2026-01-12T02:28:07.780339,18.2,49.8,0
2026-01-12T02:28:10.034984,18.2,49.8,1
2026-01-12T02:28:12.289615,18.2,49.7,1
2026-01-12T02:28:14.544099,18.2,49.8,1
2026-01-12T02:28:16.798456,18.2,49.7,1
2026-01-12T02:28:19.052957,18.2,49.7,1
2026-01-12T02:28:21.307559,18.2,49.7,1
2026-01-12T02:28:23.561857,18.2,49.8,1
2026-01-12T02:28:25.816465,18.2,49.8,1
2026-01-12T02:28:28.071114,18.2,49.8,1
2026-01-12T02:28:30.325655,18.2,49.8,1
2026-01-12T02:28:32.580399,18.2,49.8,1
2026-01-12T02:28:34.834927,18.2,49.8,1
2026-01-12T02:28:37.089322,18.2,49.9,1
2026-01-12T02:28:39.343972,18.2,49.8,1
2026-01-12T02:28:41.598700,18.2,49.8,1
2026-01-12T02:28:43.852914,18.2,49.8,1
2026-01-12T02:28:46.107404,18.2,49.8,1
2026-01-12T02:28:48.361957,18.2,49.9,1
2026-01-12T02:28:50.616159,18.2,49.8,0
2026-01-12T02:28:52.870987,18.2,49.9,0
2026-01-12T02:28:55.125579,18.2,49.9,0
2026-01-12T02:28:57.379643,18.2,49.8,0
2026-01-12T02:28:59.634416,18.2,49.9,0
2026-01-12T02:29:01.892161,18.2,49.8,0
2026-01-12T02:29:04.146707,18.2,49.8,0
2026-01-12T02:29:06.401420,18.2,49.8,1
2026-01-12T02:29:08.655898,18.2,49.8,1
2026-01-12T02:29:10.910396,18.2,49.7,1
2026-01-12T02:29:13.164615,18.2,49.8,1
2026-01-12T02:29:15.419238,18.2,49.8,1
2026-01-12T02:29:17.673406,18.2,49.8,1
2026-01-12T02:29:19.927793,18.2,49.7,1
2026-01-12T02:29:22.182381,18.2,49.7,1
2026-01-12T02:29:24.436790,18.2,49.8,1
2026-01-12T02:29:26.691384,18.2,49.7,1
2026-01-12T02:29:28.945946,18.2,49.8,1
2026-01-12T02:29:31.200053,18.2,49.8,1
2026-01-12T02:29:33.454782,18.2,49.8,1
2026-01-12T02:29:35.709439,18.2,49.8,1
2026-01-12T02:29:37.963702,18.2,49.8,1
2026-01-12T02:29:40.218364,18.2,49.8,1
2026-01-12T02:29:42.472907,18.2,49.7,1
2026-01-12T02:29:44.727478,18.2,49.8,1
2026-01-12T02:29:46.982261,18.2,49.8,1
2026-01-12T02:29:49.236713,18.2,49.8,0
2026-01-12T02:29:51.491179,18.2,49.7,0
2026-01-12T02:29:53.745938,18.2,49.8,0
2026-01-12T02:29:56.000566,18.2,49.8,0
2026-01-12T02:29:58.255136,18.2,49.8,0
2026-01-12T02:30:00.509703,18.2,49.8,0
2026-01-12T02:30:02.764208,18.2,49.7,1
2026-01-12T02:30:05.018522,18.2,49.8,1
2026-01-12T02:30:07.273024,18.2,49.8,1
2026-01-12T02:30:09.527691,18.2,49.8,1
2026-01-12T02:30:11.782251,18.2,49.7,1
2026-01-12T02:30:14.036974,18.2,49.7,1
2026-01-12T02:30:16.291567,18.2,49.8,1
2026-01-12T02:30:18.546186,18.2,49.7,1
2026-01-12T02:30:20.800817,18.2,49.8,1
2026-01-12T02:30:23.055320,18.2,49.7,1
2026-01-12T02:30:25.309870,18.2,49.7,1
2026-01-12T02:30:27.564418,18.2,49.7,1
2026-01-12T02:30:29.819026,18.2,49.7,1
2026-01-12T02:30:32.073563,18.2,49.7,1
2026-01-12T02:30:34.328001,18.2,49.7,1
2026-01-12T02:30:36.582384,18.2,49.7,1
2026-01-12T02:30:38.836784,18.2,49.7,1
2026-01-12T02:30:41.091288,18.2,49.7,1
2026-01-12T02:30:43.345620,18.2,49.7,1
2026-01-12T02:30:45.600273,18.2,49.7,0
2026-01-12T02:30:47.855115,18.2,49.7,0
2026-01-12T02:30:50.109602,18.2,49.7,0
2026-01-12T02:30:52.364115,18.2,49.7,0
2026-01-12T02:30:54.618994,18.2,49.8,0
2026-01-12T02:30:56.873574,18.2,49.8,0
2026-01-12T02:30:59.127988,18.2,49.8,1
2026-01-12T02:31:01.382291,18.2,49.8,1
2026-01-12T02:31:03.636973,18.2,49.8,1
2026-01-12T02:31:05.891125,18.2,49.8,1
2026-01-12T02:31:08.145842,18.2,49.8,1
2026-01-12T02:31:10.400470,18.2,49.8,1
2026-01-12T02:31:12.654811,18.2,49.8,1
2026-01-12T02:31:14.909472,18.2,49.8,1
2026-01-12T02:31:17.163994,18.2,49.9,1
2026-01-12T02:31:19.418554,18.2,49.8,1
2026-01-12T02:31:21.673335,18.2,49.8,1
2026-01-12T02:31:23.927922,18.2,49.8,1
2026-01-12T02:31:26.182518,18.2,49.8,1
2026-01-12T02:31:28.437180,18.2,49.8,1
2026-01-12T02:31:30.691837,18.2,49.7,1
2026-01-12T02:31:32.946345,18.2,49.7,1
2026-01-12T02:31:35.200635,18.2,49.8,1
2026-01-12T02:31:37.455312,18.2,49.7,1
2026-01-12T02:31:39.709938,18.2,49.8,1
2026-01-12T02:31:41.964719,18.2,49.8,0
2026-01-12T02:31:44.219178,18.2,49.8,0
2026-01-12T02:31:46.473388,18.2,49.8,0
2026-01-12T02:31:48.728133,18.2,49.8,0
2026-01-12T02:31:50.982731,18.2,49.8,0
2026-01-12T02:31:53.236847,18.2,49.8,0
2026-01-12T02:31:55.491412,18.2,49.9,1
2026-01-12T02:31:57.746030,18.2,49.8,1
2026-01-12T02:32:00.000459,18.2,49.8,1
2026-01-12T02:32:02.255278,18.2,49.9,1
2026-01-12T02:32:04.509861,18.2,49.9,1
2026-01-12T02:32:06.764474,18.2,49.9,1
2026-01-12T02:32:09.018970,18.2,49.9,1
2026-01-12T02:32:11.273553,18.2,49.9,1
2026-01-12T02:32:13.527974,18.2,49.8,1
2026-01-12T02:32:15.782777,18.2,49.8,1
2026-01-12T02:32:18.037463,18.2,49.8,1
2026-01-12T02:32:20.291764,18.2,49.8,1
2026-01-12T02:32:22.546584,18.2,49.8,1
2026-01-12T02:32:24.800864,18.2,49.9,1
2026-01-12T02:32:27.055171,18.2,49.9,1
2026-01-12T02:32:29.309740,18.2,49.9,1
2026-01-12T02:32:31.564341,18.2,49.8,1
2026-01-12T02:32:33.818865,18.2,49.8,1
2026-01-12T02:32:36.073501,18.2,49.9,1
2026-01-12T02:32:38.327800,18.2,49.8,0
2026-01-12T02:32:40.581947,18.2,49.8,0
2026-01-12T02:32:42.836293,18.2,49.9,0
2026-01-12T02:32:45.090513,18.2,49.8,0
2026-01-12T02:32:47.344769,18.2,49.8,0
2026-01-12T02:32:49.599415,18.2,49.9,0
2026-01-12T02:32:51.855884,18.2,49.9,0
2026-01-12T02:32:54.110456,18.2,49.8,1
2026-01-12T02:32:56.364809,18.2,49.8,1
2026-01-12T02:32:58.619421,18.2,49.8,1
2026-01-12T02:33:00.873998,18.2,49.8,1
2026-01-12T02:33:03.128569,18.2,49.7,1
2026-01-12T02:33:05.382818,18.2,49.8,1
2026-01-12T02:33:07.637361,18.2,49.8,1
2026-01-12T02:33:09.891868,18.2,49.8,1
2026-01-12T02:33:12.146223,18.2,49.8,1
2026-01-12T02:33:14.400479,18.2,49.8,1
2026-01-12T02:33:16.654814,18.2,49.7,1
2026-01-12T02:33:18.909386,18.2,49.8,1
2026-01-12T02:33:21.163837,18.2,49.8,1
2026-01-12T02:33:23.418438,18.2,49.8,1
2026-01-12T02:33:25.672937,18.2,49.7,1
2026-01-12T02:33:27.927395,18.2,49.7,1
2026-01-12T02:33:30.181897,18.2,49.8,1
2026-01-12T02:33:32.436266,18.2,49.8,1
2026-01-12T02:33:34.690952,18.2,49.7,0
2026-01-12T02:33:36.945694,18.2,49.7,0
2026-01-12T02:33:39.200141,18.2,49.7,0
2026-01-12T02:33:41.454559,18.2,49.7,0
2026-01-12T02:33:43.709031,18.2,49.7,0
2026-01-12T02:33:45.963031,18.2,49.7,0
2026-01-12T02:33:48.217409,18.2,49.7,0
2026-01-12T02:33:50.471558,18.2,49.7,1
2026-01-12T02:33:52.726170,18.2,49.7,1
2026-01-12T02:33:54.980355,18.2,49.6,1
2026-01-12T02:33:57.235188,18.2,49.7,1
2026-01-12T02:33:59.489762,18.2,49.7,1
2026-01-12T02:34:01.743885,18.2,49.7,1
2026-01-12T02:34:03.998548,18.2,49.7,1
2026-01-12T02:34:06.252887,18.2,49.7,1
2026-01-12T02:34:08.507342,18.2,49.7,1
2026-01-12T02:34:10.762077,18.2,49.7,1
2026-01-12T02:34:13.016489,18.2,49.7,1
2026-01-12T02:34:15.271019,18.2,49.7,1
2026-01-12T02:34:17.525685,18.2,49.7,1
2026-01-12T02:34:19.781835,18.2,49.7,1
2026-01-12T02:34:22.036224,18.2,49.7,1
2026-01-12T02:34:24.291056,18.2,49.8,1
2026-01-12T02:34:26.545601,18.2,49.7,1
2026-01-12T02:34:28.799630,18.2,49.7,1
2026-01-12T02:34:31.054363,18.2,49.7,0
2026-01-12T02:34:33.308419,18.2,49.8,0
2026-01-12T02:34:35.562785,18.2,49.7,0
2026-01-12T02:34:37.817027,18.2,49.8,0
2026-01-12T02:34:40.071218,18.2,49.7,0
2026-01-12T02:34:42.325747,18.2,49.7,0
2026-01-12T02:34:44.580233,18.2,49.7,0
2026-01-12T02:34:46.834958,18.2,49.7,1
2026-01-12T02:34:49.089312,18.2,49.7,1
2026-01-12T02:34:51.343475,18.2,49.8,1
2026-01-12T02:34:53.597664,18.2,49.7,1
2026-01-12T02:34:55.852288,18.2,49.7,1
2026-01-12T02:34:58.107081,18.2,49.8,1
2026-01-12T02:35:00.361720,18.2,49.8,1
2026-01-12T02:35:02.616067,18.2,49.7,1
2026-01-12T02:35:04.870834,18.2,49.8,1
2026-01-12T02:35:07.125519,18.2,49.8,1
2026-01-12T02:35:09.379489,18.2,49.7,1
2026-01-12T02:35:11.633804,18.2,49.8,1
2026-01-12T02:35:13.888279,18.2,49.8,1
2026-01-12T02:35:16.142850,18.2,49.7,1
2026-01-12T02:35:18.397648,18.2,49.8,1
2026-01-12T02:35:20.652101,18.2,49.8,1
2026-01-12T02:35:22.906578,18.2,49.8,1
2026-01-12T02:35:25.160880,18.2,49.8,1
2026-01-12T02:35:27.415027,18.2,49.8,0
2026-01-12T02:35:29.669562,18.2,49.8,0
2026-01-12T02:35:31.923943,18.2,49.8,0
2026-01-12T02:35:34.178535,18.2,49.8,0
2026-01-12T02:35:36.432782,18.2,49.8,0
2026-01-12T02:35:38.687277,18.2,49.8,0
2026-01-12T02:35:40.941879,18.2,49.8,0
2026-01-12T02:35:43.196407,18.2,49.8,1
2026-01-12T02:35:45.451216,18.2,49.8,1
2026-01-12T02:35:47.705326,18.2,49.8,1
2026-01-12T02:35:49.959769,18.2,49.8,1
2026-01-12T02:35:52.214464,18.2,49.8,1
2026-01-12T02:35:54.468627,18.2,49.8,1
2026-01-12T02:35:56.723180,18.2,49.8,1
2026-01-12T02:35:58.977664,18.2,49.8,1
2026-01-12T02:36:01.231985,18.2,49.8,1
2026-01-12T02:36:03.486468,18.2,49.8,1
2026-01-12T02:36:05.740671,18.2,49.7,1
2026-01-12T02:36:07.995361,18.2,49.8,1
2026-01-12T02:36:10.249825,18.2,49.8,1
2026-01-12T02:36:12.504223,18.2,49.8,1
2026-01-12T02:36:14.758879,18.2,49.9,1
2026-01-12T02:36:17.013010,18.2,49.8,1
2026-01-12T02:36:19.267483,18.2,49.9,1
2026-01-12T02:36:21.522216,18.2,49.8,1
2026-01-12T02:36:23.776264,18.2,49.9,0
2026-01-12T02:36:26.031096,18.2,49.8,0
2026-01-12T02:36:28.285502,18.2,49.8,0
2026-01-12T02:36:30.539896,18.2,49.8,0
2026-01-12T02:36:32.794604,18.2,49.8,0
2026-01-12T02:36:35.048946,18.2,49.9,0
2026-01-12T02:36:37.303232,18.2,49.8,0
2026-01-12T02:36:39.557490,18.2,49.8,1
2026-01-12T02:36:41.811721,18.2,49.8,1
2026-01-12T02:36:44.066233,18.2,49.9,1
2026-01-12T02:36:46.320642,18.2,49.8,1
2026-01-12T02:36:48.575343,18.2,49.8,1
2026-01-12T02:36:50.829801,18.2,49.9,1
2026-01-12T02:36:53.083956,18.2,49.9,1
2026-01-12T02:36:55.337979,18.2,49.8,1
2026-01-12T02:36:57.592369,18.2,49.9,1
2026-01-12T02:36:59.847184,18.2,49.9,1
2026-01-12T02:37:02.101615,18.2,49.8,1
2026-01-12T02:37:04.355892,18.2,49.9,1
2026-01-12T02:37:06.610694,18.2,49.9,1
2026-01-12T02:37:08.864872,18.2,49.9,1
2026-01-12T02:37:11.119077,18.2,49.8,1
2026-01-12T02:37:13.373594,18.2,49.9,1
2026-01-12T02:37:15.627889,18.2,49.9,1
2026-01-12T02:37:17.882399,18.2,49.9,1
2026-01-12T02:37:20.136828,18.2,49.9,0
2026-01-12T02:37:22.391126,18.2,49.9,0
2026-01-12T02:37:24.645665,18.2,50.0,0
2026-01-12T02:37:26.900089,18.2,50.0,0
2026-01-12T02:37:29.154710,18.2,50.0,0
2026-01-12T02:37:31.408994,18.2,50.0,0
2026-01-12T02:37:33.663875,18.2,50.0,0
2026-01-12T02:37:35.918045,18.2,50.0,1
2026-01-12T02:37:38.172246,18.2,50.0,1
2026-01-12T02:37:40.427025,18.2,50.0,1
2026-01-12T02:37:42.681611,18.2,50.0,1
2026-01-12T02:37:44.935764,18.2,50.0,1
2026-01-12T02:37:47.189982,18.2,50.0,1
2026-01-12T02:37:49.444038,18.2,49.9,1
2026-01-12T02:37:51.698579,18.2,50.0,1
2026-01-12T02:37:53.952875,18.2,49.9,1
2026-01-12T02:37:56.207273,18.2,49.9,1
2026-01-12T02:37:58.461735,18.2,49.9,1
2026-01-12T02:38:00.716136,18.2,49.9,1
2026-01-12T02:38:02.970532,18.2,49.9,1
2026-01-12T02:38:05.224884,18.2,49.9,1
2026-01-12T02:38:07.479232,18.2,49.9,1
2026-01-12T02:38:09.733609,18.2,49.9,1
2026-01-12T02:38:11.987740,18.2,49.9,1
2026-01-12T02:38:14.242375,18.2,49.9,1
2026-01-12T02:38:16.496749,18.2,49.9,0
2026-01-12T02:38:18.751461,18.2,49.9,0
2026-01-12T02:38:21.006106,18.2,49.9,0
2026-01-12T02:38:23.260254,18.2,49.9,0
2026-01-12T02:38:25.514861,18.2,49.9,0
2026-01-12T02:38:27.769561,18.2,49.9,0
2026-01-12T02:38:30.023994,18.2,49.9,0
2026-01-12T02:38:32.278357,18.2,49.9,1
2026-01-12T02:38:34.533094,18.2,49.9,1
2026-01-12T02:38:36.789775,18.2,49.8,1
2026-01-12T02:38:39.043811,18.2,49.9,1
2026-01-12T02:38:41.298219,18.2,49.8,1
2026-01-12T02:38:43.552799,18.2,49.9,1
2026-01-12T02:38:45.807003,18.2,49.8,1
2026-01-12T02:38:48.061600,18.2,49.9,1
2026-01-12T02:38:50.315693,18.2,49.9,1
2026-01-12T02:38:52.570293,18.2,49.9,1
2026-01-12T02:38:54.824555,18.2,49.8,1
2026-01-12T02:38:57.080919,18.2,49.9,1
2026-01-12T02:38:59.335121,18.2,49.9,1
2026-01-12T02:39:01.589673,18.2,49.9,1
2026-01-12T02:39:03.844083,18.2,49.8,1
2026-01-12T02:39:06.098568,18.2,49.9,1
2026-01-12T02:39:08.353052,18.2,49.9,1
2026-01-12T02:39:10.607678,18.2,49.9,1
2026-01-12T02:39:12.862124,18.2,49.9,0
2026-01-12T02:39:15.116334,18.2,49.9,0
2026-01-12T02:39:17.370734,18.2,49.9,0
2026-01-12T02:39:19.625256,18.2,49.8,0
2026-01-12T02:39:21.879570,18.2,49.9,0
2026-01-12T02:39:24.134194,18.2,49.9,0
2026-01-12T02:39:26.388359,18.2,49.9,0
2026-01-12T02:39:28.643218,18.2,49.8,1
2026-01-12T02:39:30.897720,18.2,49.8,1
2026-01-12T02:39:33.151934,18.2,49.8,1
2026-01-12T02:39:35.406631,18.2,49.8,1
2026-01-12T02:39:37.660938,18.2,49.8,1
2026-01-12T02:39:39.915539,18.2,49.8,1
2026-01-12T02:39:42.170315,18.2,49.8,1
2026-01-12T02:39:44.424698,18.2,49.8,1
2026-01-12T02:39:46.678886,18.2,49.8,1
2026-01-12T02:39:48.933638,18.2,49.8,1
2026-01-12T02:39:51.188263,18.2,49.8,1
2026-01-12T02:39:53.442791,18.2,49.8,1
2026-01-12T02:39:55.697463,18.2,49.8,1
2026-01-12T02:39:57.951782,18.2,49.8,1
2026-01-12T02:40:00.206283,18.2,49.8,1
2026-01-12T02:40:02.460645,18.2,49.8,1
2026-01-12T02:40:04.714923,18.2,49.8,1
2026-01-12T02:40:06.969196,18.2,49.8,1
2026-01-12T02:40:09.223466,18.2,49.8,0
2026-01-12T02:40:11.478003,18.2,49.8,0
2026-01-12T02:40:13.732362,18.2,49.8,0
2026-01-12T02:40:15.987183,18.2,49.8,0
2026-01-12T02:40:18.241829,18.2,49.8,0
2026-01-12T02:40:20.495972,18.2,49.8,0
2026-01-12T02:40:22.750826,18.2,49.8,0
2026-01-12T02:40:25.005510,18.2,49.9,1
2026-01-12T02:40:27.259737,18.2,49.8,1
2026-01-12T02:40:29.514290,18.2,49.9,1
2026-01-12T02:40:31.768411,18.2,49.9,1
2026-01-12T02:40:34.023012,18.2,49.9,1
2026-01-12T02:40:36.277234,18.2,49.9,1
2026-01-12T02:40:38.531595,18.2,49.9,1
2026-01-12T02:40:40.786157,18.2,49.9,1
2026-01-12T02:40:43.040360,18.2,49.8,1
2026-01-12T02:40:45.294948,18.2,49.9,1
2026-01-12T02:40:47.549285,18.2,49.9,1
2026-01-12T02:40:49.803933,18.2,49.9,1
2026-01-12T02:40:52.060439,18.2,49.9,1
2026-01-12T02:40:54.314982,18.2,49.9,1
2026-01-12T02:40:56.569626,18.2,49.9,1
2026-01-12T02:40:58.823937,18.2,49.9,1
2026-01-12T02:41:01.078326,18.2,49.9,1
2026-01-12T02:41:03.332868,18.2,49.9,1
2026-01-12T02:41:05.587308,18.2,49.8,0
2026-01-12T02:41:07.841932,18.2,49.8,0
2026-01-12T02:41:10.096163,18.2,49.9,0
2026-01-12T02:41:12.350800,18.2,49.8,0
2026-01-12T02:41:14.605479,18.2,49.8,0
2026-01-12T02:41:16.860117,18.2,49.9,0
2026-01-12T02:41:19.114744,18.2,49.9,0
2026-01-12T02:41:21.368953,18.2,49.8,1
2026-01-12T02:41:23.623455,18.2,49.9,1
2026-01-12T02:41:25.878093,18.2,49.9,1
2026-01-12T02:41:28.132551,18.2,49.9,1
2026-01-12T02:41:30.387343,18.2,49.9,1
2026-01-12T02:41:32.641597,18.2,49.8,1
2026-01-12T02:41:34.896009,18.2,49.8,1
2026-01-12T02:41:37.150773,18.2,49.8,1
2026-01-12T02:41:39.405400,18.2,49.7,1
2026-01-12T02:41:41.659875,18.2,49.7,1
2026-01-12T02:41:43.914421,18.2,49.7,1
2026-01-12T02:41:46.168968,18.2,49.7,1
2026-01-12T02:41:48.423526,18.2,49.7,1
2026-01-12T02:41:50.678350,18.2,49.8,1
2026-01-12T02:41:52.933844,18.2,49.8,1
2026-01-12T02:41:55.187947,18.2,49.8,1
2026-01-12T02:41:57.442759,18.2,49.8,1
2026-01-12T02:41:59.697383,18.2,49.8,1
2026-01-12T02:42:01.951875,18.2,49.8,1
2026-01-12T02:42:04.206604,18.2,49.8,0
2026-01-12T02:42:06.460946,18.2,49.8,0
2026-01-12T02:42:08.715475,18.2,49.8,0
2026-01-12T02:42:10.970237,18.2,49.8,0
2026-01-12T02:42:13.224546,18.2,49.8,0
2026-01-12T02:42:15.479184,18.2,49.8,0
2026-01-12T02:42:17.733470,18.2,49.8,1
2026-01-12T02:42:19.987978,18.2,49.8,1
2026-01-12T02:42:22.242540,18.2,49.8,1
2026-01-12T02:42:24.497217,18.2,49.8,1
2026-01-12T02:42:26.751931,18.2,49.8,1
2026-01-12T02:42:29.006373,18.2,49.8,1
2026-01-12T02:42:31.261011,18.2,49.8,1
2026-01-12T02:42:33.515417,18.2,49.8,1
2026-01-12T02:42:35.769967,18.2,49.8,1
2026-01-12T02:42:38.024603,18.2,49.8,1
2026-01-12T02:42:40.279106,18.2,49.8,1
2026-01-12T02:42:42.533690,18.2,49.8,1
2026-01-12T02:42:44.788308,18.2,49.9,1
2026-01-12T02:42:47.043013,18.2,49.9,1
2026-01-12T02:42:49.297508,18.2,49.9,1
2026-01-12T02:42:51.552210,18.2,49.9,1
2026-01-12T02:42:53.806817,18.2,49.8,1
2026-01-12T02:42:56.061353,18.2,49.8,1
2026-01-12T02:42:58.315906,18.2,49.8,1
2026-01-12T02:43:00.570560,18.2,49.8,0
2026-01-12T02:43:02.824878,18.2,49.8,0
2026-01-12T02:43:05.079440,18.2,49.8,0
2026-01-12T02:43:07.334023,18.2,49.8,0
2026-01-12T02:43:09.588561,18.2,49.8,0
2026-01-12T02:43:11.843356,18.2,49.8,0
2026-01-12T02:43:14.097891,18.2,49.8,1
2026-01-12T02:43:16.352234,18.2,49.8,1
2026-01-12T02:43:18.607152,18.2,49.8,1
2026-01-12T02:43:20.861257,18.2,49.8,1
2026-01-12T02:43:23.115155,18.2,49.8,1
2026-01-12T02:43:25.369839,18.2,49.8,1
2026-01-12T02:43:27.624365,18.2,49.8,1
2026-01-12T02:43:29.878633,18.2,49.8,1
2026-01-12T02:43:32.133221,18.2,49.8,1
2026-01-12T02:43:34.387821,18.2,49.8,1
2026-01-12T02:43:36.642445,18.2,49.8,1
2026-01-12T02:43:38.897019,18.2,49.8,1
2026-01-12T02:43:41.151474,18.2,49.8,1
2026-01-12T02:43:43.406039,18.2,49.7,1
2026-01-12T02:43:45.660746,18.2,49.8,1
2026-01-12T02:43:47.915310,18.2,49.8,1
2026-01-12T02:43:50.169843,18.2,49.8,1
2026-01-12T02:43:52.424404,18.2,49.8,1
2026-01-12T02:43:54.679123,18.2,49.7,1
2026-01-12T02:43:56.933601,18.2,49.8,0
2026-01-12T02:43:59.188065,18.2,49.8,0
2026-01-12T02:44:01.442645,18.2,49.8,0
2026-01-12T02:44:03.697043,18.2,49.8,0
2026-01-12T02:44:05.951478,18.2,49.8,0
2026-01-12T02:44:08.206145,18.2,49.8,0
2026-01-12T02:44:10.460430,18.2,49.8,1
2026-01-12T02:44:12.715358,18.2,49.7,1
2026-01-12T02:44:14.969942,18.2,49.7,1
2026-01-12T02:44:17.224274,18.2,49.7,1
2026-01-12T02:44:19.479076,18.2,49.7,1
2026-01-12T02:44:21.733774,18.2,49.7,1
2026-01-12T02:44:23.988185,18.2,49.7,1
2026-01-12T02:44:26.242953,18.2,49.7,1
2026-01-12T02:44:28.497524,18.2,49.7,1
2026-01-12T02:44:30.752176,18.2,49.6,1
2026-01-12T02:44:33.006776,18.2,49.6,1
2026-01-12T02:44:35.261398,18.2,49.6,1
2026-01-12T02:44:37.515854,18.2,49.6,1
2026-01-12T02:44:39.770724,18.2,49.6,1
2026-01-12T02:44:42.025219,18.2,49.6,1
2026-01-12T02:44:44.279830,18.2,49.6,1
2026-01-12T02:44:46.534584,18.2,49.6,1
2026-01-12T02:44:48.788951,18.2,49.7,1
2026-01-12T02:44:51.043293,18.2,49.7,1
2026-01-12T02:44:53.297712,18.2,49.7,0
2026-01-12T02:44:55.552458,18.2,49.7,0
2026-01-12T02:44:57.806730,18.2,49.7,0
2026-01-12T02:45:00.061368,18.2,49.7,0
2026-01-12T02:45:02.315895,18.2,49.7,0
2026-01-12T02:45:04.570468,18.2,49.7,0
2026-01-12T02:45:06.825145,18.2,49.7,0
2026-01-12T02:45:09.079676,18.2,49.7,1
2026-01-12T02:45:11.334218,18.2,49.7,1
2026-01-12T02:45:13.588886,18.2,49.7,1
2026-01-12T02:45:15.843494,18.2,49.7,1
2026-01-12T02:45:18.097691,18.2,49.6,1
2026-01-12T02:45:20.352278,18.2,49.6,1
2026-01-12T02:45:22.606722,18.2,49.6,1
2026-01-12T02:45:24.861103,18.2,49.6,1
2026-01-12T02:45:27.115517,18.2,49.5,1
2026-01-12T02:45:29.370122,18.2,49.5,1
2026-01-12T02:45:31.624490,18.2,49.5,1
2026-01-12T02:45:33.879303,18.2,49.5,1
2026-01-12T02:45:36.133942,18.2,49.5,1
2026-01-12T02:45:38.388272,18.2,49.5,1
2026-01-12T02:45:40.643215,18.2,49.5,1
2026-01-12T02:45:42.897745,18.2,49.5,1
2026-01-12T02:45:45.152071,18.2,49.4,1
2026-01-12T02:45:47.406836,18.2,49.4,1
2026-01-12T02:45:49.661585,18.2,49.4,0
2026-01-12T02:45:51.916050,18.2,49.3,0
2026-01-12T02:45:54.170452,18.2,49.4,0
2026-01-12T02:45:56.425045,18.2,49.4,0
2026-01-12T02:45:58.679499,18.2,49.3,0
2026-01-12T02:46:00.934234,18.2,49.4,0
2026-01-12T02:46:03.188602,18.2,49.4,0
2026-01-12T02:46:05.442785,18.2,49.4,1
2026-01-12T02:46:07.697234,18.2,49.4,1
2026-01-12T02:46:09.951783,18.2,49.4,1
2026-01-12T02:46:12.206338,18.2,49.4,1
2026-01-12T02:46:14.461047,18.2,49.3,1
2026-01-12T02:46:16.715481,18.2,49.2,1
2026-01-12T02:46:18.970036,18.2,49.2,1
2026-01-12T02:46:21.224687,18.2,49.2,1
2026-01-12T02:46:23.479164,18.2,49.2,1
2026-01-12T02:46:25.733741,18.2,49.2,1
2026-01-12T02:46:27.988390,18.2,49.2,1
2026-01-12T02:46:30.243051,18.2,49.3,1
2026-01-12T02:46:32.497584,18.2,49.2,1
2026-01-12T02:46:34.752244,18.2,49.3,1
2026-01-12T02:46:37.006930,18.2,49.3,1
2026-01-12T02:46:39.261410,18.2,49.3,1
2026-01-12T02:46:41.516007,18.2,49.3,1
2026-01-12T02:46:43.770672,18.2,49.4,1
2026-01-12T02:46:46.025192,18.2,49.4,0
2026-01-12T02:46:48.279710,18.2,49.4,0
2026-01-12T02:46:50.534460,18.2,49.4,0
2026-01-12T02:46:52.788656,18.2,49.5,0
2026-01-12T02:46:55.043501,18.2,49.5,0
2026-01-12T02:46:57.297595,18.2,49.5,0
2026-01-12T02:46:59.552280,18.2,49.5,0
2026-01-12T02:47:01.806663,18.2,49.5,1
2026-01-12T02:47:04.063378,18.2,49.5,1
2026-01-12T02:47:06.317800,18.2,49.5,1
2026-01-12T02:47:08.572425,18.2,49.5,1
2026-01-12T02:47:10.827171,18.2,49.5,1
2026-01-12T02:47:13.081501,18.2,49.5,1
2026-01-12T02:47:15.335736,18.2,49.5,1
2026-01-12T02:47:17.590285,18.2,49.5,1
2026-01-12T02:47:19.925717,18.2,49.5,1
2026-01-12T02:47:22.261495,18.2,49.5,1
2026-01-12T02:47:24.557329,18.2,49.6,1
2026-01-12T02:47:26.811808,18.2,49.5,1
2026-01-12T02:47:29.066559,18.2,49.5,1
2026-01-12T02:47:31.321054,18.2,49.5,1
2026-01-12T02:47:33.575639,18.2,49.5,1
2026-01-12T02:47:35.830359,18.2,49.5,1
2026-01-12T02:47:38.084754,18.2,49.5,1
2026-01-12T02:47:40.339221,18.2,49.5,1
2026-01-12T02:47:42.593977,18.2,49.5,0
2026-01-12T02:47:44.848478,18.2,49.5,0
2026-01-12T02:47:47.102876,18.2,49.5,0
2026-01-12T02:47:49.357345,18.2,49.6,0
2026-01-12T02:47:51.611958,18.2,49.6,0
2026-01-12T02:47:53.866435,18.2,49.6,0
2026-01-12T02:47:56.121062,18.2,49.6,0
2026-01-12T02:47:58.375572,18.2,49.6,1
2026-01-12T02:48:00.630146,18.2,49.7,1
2026-01-12T02:48:02.884833,18.2,49.6,1
2026-01-12T02:48:05.139247,18.2,49.7,1
2026-01-12T02:48:07.393812,18.2,49.7,1
2026-01-12T02:48:09.648295,18.2,49.7,1
2026-01-12T02:48:11.902820,18.2,49.7,1
2026-01-12T02:48:14.157121,18.2,49.7,1
2026-01-12T02:48:16.411746,18.2,49.7,1
2026-01-12T02:48:18.666332,18.2,49.7,1
2026-01-12T02:48:20.920568,18.2,49.7,1
2026-01-12T02:48:23.175299,18.2,49.7,1
2026-01-12T02:48:25.429823,18.2,49.7,1
2026-01-12T02:48:27.684344,18.2,49.7,1
2026-01-12T02:48:29.939096,18.2,49.7,1
2026-01-12T02:48:32.193507,18.2,49.7,1
2026-01-12T02:48:34.447911,18.2,49.7,1
2026-01-12T02:48:36.702657,18.2,49.7,1
2026-01-12T02:48:38.957118,18.2,49.7,0
2026-01-12T02:48:41.211379,18.2,49.7,0
2026-01-12T02:48:43.465778,18.2,49.7,0
2026-01-12T02:48:45.720352,18.2,49.7,0
2026-01-12T02:48:47.974848,18.2,49.7,0
2026-01-12T02:48:50.229548,18.2,49.7,0
2026-01-12T02:48:52.484048,18.2,49.7,0
2026-01-12T02:48:54.738609,18.2,49.7,1
2026-01-12T02:48:56.993255,18.2,49.7,1
2026-01-12T02:48:59.247771,18.2,49.8,1
2026-01-12T02:49:01.502244,18.2,49.7,1
2026-01-12T02:49:03.756760,18.2,49.8,1
2026-01-12T02:49:06.011135,18.2,49.8,1
2026-01-12T02:49:08.265538,18.2,49.8,1
2026-01-12T02:49:10.521262,18.2,49.8,1
2026-01-12T02:49:12.837379,18.2,49.8,1
2026-01-12T02:49:15.091881,18.2,49.8,1
2026-01-12T02:49:17.346574,18.2,49.8,1
2026-01-12T02:49:19.601220,18.2,49.8,1
2026-01-12T02:49:21.855614,18.2,49.7,1
2026-01-12T02:49:24.110362,18.2,49.7,1
2026-01-12T02:49:26.364680,18.2,49.8,1
2026-01-12T02:49:28.619384,18.2,49.8,1
2026-01-12T02:49:30.874157,18.2,49.7,1
2026-01-12T02:49:33.128474,18.2,49.8,1
2026-01-12T02:49:35.383018,18.2,49.8,0
2026-01-12T02:49:37.637889,18.2,49.8,0
2026-01-12T02:49:39.892466,18.2,49.8,0
2026-01-12T02:49:42.146954,18.2,49.8,0
2026-01-12T02:49:44.401646,18.2,49.8,0
2026-01-12T02:49:46.656275,18.2,49.8,0
2026-01-12T02:49:48.910816,18.2,49.8,0
2026-01-12T02:49:51.165485,18.2,49.7,1
2026-01-12T02:49:53.419560,18.2,49.8,1
2026-01-12T02:49:55.674140,18.2,49.7,1
2026-01-12T02:49:57.928605,18.2,49.7,1
2026-01-12T02:50:00.183167,18.2,49.8,1
2026-01-12T02:50:02.437595,18.2,49.7,1
2026-01-12T02:50:04.692358,18.2,49.7,1
2026-01-12T02:50:06.946965,18.2,49.7,1
2026-01-12T02:50:09.201434,18.2,49.7,1
2026-01-12T02:50:11.456140,18.2,49.7,1
2026-01-12T02:50:13.710810,18.2,49.8,1
2026-01-12T02:50:15.965171,18.2,49.7,1
2026-01-12T02:50:18.219697,18.2,49.7,1
2026-01-12T02:50:20.474254,18.2,49.7,1
2026-01-12T02:50:22.729082,18.2,49.7,1
2026-01-12T02:50:24.983846,18.2,49.7,1
2026-01-12T02:50:27.238326,18.2,49.7,1
2026-01-12T02:50:29.492644,18.2,49.7,1
2026-01-12T02:50:31.747429,18.2,49.7,0
2026-01-12T02:50:34.001975,18.2,49.7,0
2026-01-12T02:50:36.256481,18.2,49.7,0
2026-01-12T02:50:38.511125,18.2,49.7,0
2026-01-12T02:50:40.765626,18.2,49.7,0
2026-01-12T02:50:43.019883,18.2,49.7,0
2026-01-12T02:50:45.274611,18.2,49.7,0
2026-01-12T02:50:47.528994,18.2,49.7,1
2026-01-12T02:50:49.783503,18.2,49.7,1
2026-01-12T02:50:52.038335,18.2,49.7,1
2026-01-12T02:50:54.292892,18.2,49.7,1
2026-01-12T02:50:56.547468,18.2,49.7,1
2026-01-12T02:50:58.802282,18.2,49.7,1
2026-01-12T02:51:01.058797,18.2,49.7,1
2026-01-12T02:51:03.313382,18.2,49.7,1
2026-01-12T02:51:05.568225,18.2,49.7,1
2026-01-12T02:51:07.822802,18.2,49.7,1
2026-01-12T02:51:10.077330,18.2,49.7,1
2026-01-12T02:51:12.331981,18.2,49.7,1
2026-01-12T02:51:14.588571,18.2,49.7,1
2026-01-12T02:51:16.843180,18.2,49.7,1
2026-01-12T02:51:19.097853,18.2,49.7,1
2026-01-12T02:51:21.352468,18.2,49.7,1
2026-01-12T02:51:23.607122,18.2,49.7,1
2026-01-12T02:51:25.861790,18.2,49.7,1
2026-01-12T02:51:28.116391,18.2,49.7,0
2026-01-12T02:51:30.370871,18.2,49.7,0
2026-01-12T02:51:32.625642,18.2,49.7,0
2026-01-12T02:51:34.880163,18.2,49.7,0
2026-01-12T02:51:37.134765,18.2,49.6,0
2026-01-12T02:51:39.389426,18.2,49.7,0
2026-01-12T02:51:41.645895,18.2,49.7,0
2026-01-12T02:51:43.900356,18.2,49.7,1
2026-01-12T02:51:46.154852,18.2,49.7,1
2026-01-12T02:51:48.409418,18.2,49.7,1
2026-01-12T02:51:50.663920,18.2,49.7,1
2026-01-12T02:51:52.918617,18.2,49.7,1
2026-01-12T02:51:55.173141,18.2,49.7,1
2026-01-12T02:51:57.427419,18.2,49.7,1
2026-01-12T02:51:59.682229,18.2,49.6,1
2026-01-12T02:52:01.936573,18.2,49.7,1
2026-01-12T02:52:04.191052,18.2,49.7,1
2026-01-12T02:52:06.445663,18.2,49.7,1
2026-01-12T02:52:08.700238,18.2,49.6,1
2026-01-12T02:52:10.954836,18.2,49.7,1
2026-01-12T02:52:13.209450,18.2,49.7,1
2026-01-12T02:52:15.463957,18.2,49.7,1
2026-01-12T02:52:17.718395,18.2,49.7,1
2026-01-12T02:52:19.973096,18.2,49.7,1
2026-01-12T02:52:22.227693,18.2,49.7,1
2026-01-12T02:52:24.482142,18.2,49.7,0
2026-01-12T02:52:26.736879,18.2,49.7,0
2026-01-12T02:52:28.991459,18.2,49.7,0
2026-01-12T02:52:31.245752,18.2,49.8,0
2026-01-12T02:52:33.500428,18.2,49.7,0
2026-01-12T02:52:35.755027,18.2,49.8,0
2026-01-12T02:52:38.009431,18.2,49.8,0
2026-01-12T02:52:40.264026,18.2,49.8,1
2026-01-12T02:52:42.519510,18.2,49.7,1
2026-01-12T02:52:44.809304,18.2,49.7,1
2026-01-12T02:52:47.064043,18.2,49.7,1
2026-01-12T02:52:49.318705,18.2,49.7,1
2026-01-12T02:52:51.573352,18.2,49.7,1
2026-01-12T02:52:53.827990,18.2,49.7,1
2026-01-12T02:52:56.082545,18.2,49.7,1
2026-01-12T02:52:58.336818,18.2,49.7,1
2026-01-12T02:53:00.591080,18.2,49.7,1
2026-01-12T02:53:02.845671,18.2,49.7,1
2026-01-12T02:53:05.099933,18.2,49.7,1
2026-01-12T02:53:07.354602,18.2,49.7,1
2026-01-12T02:53:09.609236,18.2,49.7,1
2026-01-12T02:53:11.863797,18.2,49.7,1
2026-01-12T02:53:14.118523,18.2,49.7,1
2026-01-12T02:53:16.373088,18.2,49.7,1
2026-01-12T02:53:18.627605,18.2,49.7,1
2026-01-12T02:53:20.882297,18.2,49.7,0
2026-01-12T02:53:23.136814,18.2,49.7,0
2026-01-12T02:53:25.391164,18.2,49.7,0
2026-01-12T02:53:27.645854,18.2,49.7,0
2026-01-12T02:53:29.900380,18.2,49.7,0
2026-01-12T02:53:32.154944,18.2,49.7,0
2026-01-12T02:53:34.409606,18.2,49.7,0
2026-01-12T02:53:36.664189,18.2,49.6,1
2026-01-12T02:53:38.918439,18.2,49.6,1
2026-01-12T02:53:41.173037,18.2,49.6,1
2026-01-12T02:53:43.427404,18.2,49.6,1
2026-01-12T02:53:45.681974,18.2,49.6,1
2026-01-12T02:53:47.936694,18.2,49.6,1
2026-01-12T02:53:50.191264,18.2,49.6,1
2026-01-12T02:53:52.445659,18.2,49.6,1
2026-01-12T02:53:54.700394,18.2,49.6,1
2026-01-12T02:53:56.955002,18.2,49.6,1
2026-01-12T02:53:59.209532,18.2,49.7,1
2026-01-12T02:54:01.464026,18.2,49.7,1
2026-01-12T02:54:03.718673,18.2,49.7,1
2026-01-12T02:54:05.973042,18.2,49.7,1
2026-01-12T02:54:08.227718,18.2,49.7,1
2026-01-12T02:54:10.482278,18.2,49.7,1
2026-01-12T02:54:12.736847,18.2,49.7,1
2026-01-12T02:54:14.991463,18.2,49.7,1
2026-01-12T02:54:17.246047,18.2,49.7,0
2026-01-12T02:54:19.500416,18.2,49.7,0
2026-01-12T02:54:21.755268,18.2,49.7,0
2026-01-12T02:54:24.009681,18.2,49.7,0
2026-01-12T02:54:26.264155,18.2,49.7,0
2026-01-12T02:54:28.519844,18.2,49.7,0
2026-01-12T02:54:30.855459,18.2,49.8,0
2026-01-12T02:54:33.190964,18.2,49.8,1
2026-01-12T02:54:35.473230,18.2,49.8,1
2026-01-12T02:54:37.727745,18.2,49.8,1
2026-01-12T02:54:39.982237,18.2,49.8,1
2026-01-12T02:54:42.236684,18.2,49.8,1
2026-01-12T02:54:44.490764,18.2,49.8,1
2026-01-12T02:54:46.745276,18.2,49.8,1
2026-01-12T02:54:48.999869,18.2,49.7,1
2026-01-12T02:54:51.254420,18.2,49.7,1
2026-01-12T02:54:53.508819,18.2,49.7,1
2026-01-12T02:54:55.763331,18.2,49.7,1
2026-01-12T02:54:58.017738,18.2,49.7,1
2026-01-12T02:55:00.272196,18.2,49.7,1
2026-01-12T02:55:02.527011,18.2,49.7,1
2026-01-12T02:55:04.781357,18.2,49.7,1
2026-01-12T02:55:07.035871,18.2,49.7,1
2026-01-12T02:55:09.290463,18.2,49.7,1
2026-01-12T02:55:11.545057,18.2,49.7,1
2026-01-12T02:55:13.799381,18.2,49.7,0
2026-01-12T02:55:16.054049,18.2,49.7,0
2026-01-12T02:55:18.308328,18.2,49.7,0
2026-01-12T02:55:20.562879,18.2,49.7,0
2026-01-12T02:55:22.817440,18.2,49.7,0
2026-01-12T02:55:25.071934,18.2,49.7,0
2026-01-12T02:55:27.326454,18.2,49.7,0
2026-01-12T02:55:29.581139,18.2,49.6,1
2026-01-12T02:55:31.835357,18.2,49.6,1
2026-01-12T02:55:34.089842,18.2,49.5,1
2026-01-12T02:55:36.344551,18.2,49.6,1
2026-01-12T02:55:38.599050,18.2,49.6,1
2026-01-12T02:55:40.853475,18.2,49.5,1
2026-01-12T02:55:43.108105,18.2,49.5,1
2026-01-12T02:55:45.362654,18.2,49.5,1
2026-01-12T02:55:47.617186,18.2,49.5,1
2026-01-12T02:55:49.871500,18.2,49.5,1
2026-01-12T02:55:52.126081,18.2,49.5,1
2026-01-12T02:55:54.380489,18.2,49.6,1
2026-01-12T02:55:56.635288,18.2,49.6,1
2026-01-12T02:55:58.891566,18.2,49.5,1
2026-01-12T02:56:01.146053,18.2,49.5,1
2026-01-12T02:56:03.400645,18.2,49.6,1
2026-01-12T02:56:05.655291,18.2,49.6,1
2026-01-12T02:56:07.909735,18.2,49.6,1
2026-01-12T02:56:10.164232,18.2,49.6,0
2026-01-12T02:56:12.418885,18.2,49.6,0
2026-01-12T02:56:14.673494,18.2,49.6,0
2026-01-12T02:56:16.928097,18.2,49.6,0
2026-01-12T02:56:19.182591,18.2,49.6,0
2026-01-12T02:56:21.436792,18.2,49.6,0
2026-01-12T02:56:23.691148,18.2,49.7,0
2026-01-12T02:56:25.947426,18.2,49.7,1
2026-01-12T02:56:28.201941,18.2,49.7,1
2026-01-12T02:56:30.456201,18.2,49.6,1
2026-01-12T02:56:32.710862,18.2,49.6,1
2026-01-12T02:56:34.965363,18.2,49.6,1
2026-01-12T02:56:37.220035,18.2,49.6,1
2026-01-12T02:56:39.474602,18.2,49.6,1
2026-01-12T02:56:41.728874,18.2,49.5,1
2026-01-12T02:56:43.983558,18.2,49.6,1
2026-01-12T02:56:46.238131,18.2,49.5,1
2026-01-12T02:56:48.492609,18.2,49.5,1
2026-01-12T02:56:50.747427,18.2,49.5,1
2026-01-12T02:56:53.001987,18.2,49.5,1
2026-01-12T02:56:55.256425,18.2,49.5,1
2026-01-12T02:56:57.511230,18.2,49.5,1
2026-01-12T02:56:59.765863,18.2,49.4,1
2026-01-12T02:57:02.020274,18.2,49.4,1
2026-01-12T02:57:04.275109,18.2,49.4,1
2026-01-12T02:57:06.529767,18.2,49.4,0
2026-01-12T02:57:08.784200,18.2,49.4,0
2026-01-12T02:57:11.039042,18.2,49.3,0
2026-01-12T02:57:13.293357,18.2,49.3,0
2026-01-12T02:57:15.547966,18.2,49.3,0
2026-01-12T02:57:17.802749,18.2,49.3,0
2026-01-12T02:57:20.057346,18.2,49.3,0
2026-01-12T02:57:22.311791,18.2,49.3,1
2026-01-12T02:57:24.566390,18.2,49.3,1
2026-01-12T02:57:26.820860,18.2,49.2,1
2026-01-12T02:57:29.075279,18.2,49.2,1
2026-01-12T02:57:31.330049,18.2,49.3,1
2026-01-12T02:57:33.584610,18.2,49.3,1
2026-01-12T02:57:35.839078,18.2,49.3,1
2026-01-12T02:57:38.093819,18.2,49.4,1
2026-01-12T02:57:40.348342,18.2,49.4,1
2026-01-12T02:57:42.602913,18.2,49.4,1
2026-01-12T02:57:44.857611,18.2,49.4,1
2026-01-12T02:57:47.112126,18.2,49.4,1
2026-01-12T02:57:49.366633,18.2,49.4,1
2026-01-12T02:57:51.621361,18.2,49.4,1
2026-01-12T02:57:53.875892,18.2,49.4,1
2026-01-12T02:57:56.130401,18.2,49.4,1
2026-01-12T02:57:58.385188,18.2,49.4,1
2026-01-12T02:58:00.639646,18.2,49.4,1
2026-01-12T02:58:02.894147,18.2,49.4,0
2026-01-12T02:58:05.148804,18.2,49.4,0
2026-01-12T02:58:07.403332,18.2,49.4,0
2026-01-12T02:58:09.657652,18.2,49.4,0
2026-01-12T02:58:11.912237,18.2,49.4,0
2026-01-12T02:58:14.166827,18.2,49.5,0
2026-01-12T02:58:16.421324,18.2,49.4,0
2026-01-12T02:58:18.675961,18.2,49.4,1
2026-01-12T02:58:20.930421,18.2,49.4,1
2026-01-12T02:58:23.184835,18.2,49.4,1
2026-01-12T02:58:25.439508,18.2,49.4,1
2026-01-12T02:58:27.694057,18.2,49.4,1
2026-01-12T02:58:29.948430,18.2,49.4,1
2026-01-12T02:58:32.202693,18.2,49.4,1
2026-01-12T02:58:34.457163,18.2,49.4,1
2026-01-12T02:58:36.711513,18.2,49.4,1
2026-01-12T02:58:38.966205,18.2,49.4,1
2026-01-12T02:58:41.220582,18.2,49.4,1
2026-01-12T02:58:43.474855,18.2,49.3,1
2026-01-12T02:58:45.729639,18.2,49.4,1
2026-01-12T02:58:47.984116,18.2,49.3,1
2026-01-12T02:58:50.238492,18.2,49.3,1
2026-01-12T02:58:52.492798,18.2,49.3,1
2026-01-12T02:58:54.747357,18.2,49.3,1
2026-01-12T02:58:57.001797,18.2,49.3,1
2026-01-12T02:58:59.256445,18.2,49.3,0
2026-01-12T02:59:01.510978,18.2,49.3,0
2026-01-12T02:59:03.765532,18.2,49.3,0
2026-01-12T02:59:06.019972,18.2,49.4,0
2026-01-12T02:59:08.274521,18.2,49.3,0
2026-01-12T02:59:10.529061,18.2,49.4,0
2026-01-12T02:59:12.783582,18.2,49.4,0
2026-01-12T02:59:15.038099,18.2,49.4,1
2026-01-12T02:59:17.292154,18.2,49.4,1
2026-01-12T02:59:19.546975,18.2,49.4,1
2026-01-12T02:59:21.801156,18.2,49.4,1
2026-01-12T02:59:24.055588,18.2,49.4,1
2026-01-12T02:59:26.310256,18.2,49.4,1
2026-01-12T02:59:28.564842,18.2,49.4,1
2026-01-12T02:59:30.819201,18.2,49.4,1
2026-01-12T02:59:33.073951,18.2,49.4,1
2026-01-12T02:59:35.328400,18.2,49.4,1
2026-01-12T02:59:37.583031,18.2,49.4,1
2026-01-12T02:59:39.837443,18.2,49.4,1
2026-01-12T02:59:42.091885,18.2,49.4,1
2026-01-12T02:59:44.346401,18.2,49.4,1
2026-01-12T02:59:46.601209,18.2,49.4,1
2026-01-12T02:59:48.855590,18.2,49.4,1
2026-01-12T02:59:51.109796,18.2,49.4,1
2026-01-12T02:59:53.364399,18.2,49.4,1
2026-01-12T02:59:55.619027,18.2,49.4,0
2026-01-12T02:59:57.873406,18.2,49.4,0
2026-01-12T03:00:00.128118,18.2,49.5,0
2026-01-12T03:00:02.384470,18.2,49.4,0
2026-01-12T03:00:04.639245,18.2,49.4,0
2026-01-12T03:00:06.893830,18.2,49.4,0
2026-01-12T03:00:09.148148,18.2,49.4,0
2026-01-12T03:00:11.402227,18.2,49.4,1
2026-01-12T03:00:13.656779,18.2,49.4,1
2026-01-12T03:00:15.911300,18.2,49.4,1
2026-01-12T03:00:18.165815,18.2,49.4,1
2026-01-12T03:00:20.420531,18.2,49.4,1
2026-01-12T03:00:22.675274,18.2,49.4,1
2026-01-12T03:00:24.929720,18.2,49.4,1
2026-01-12T03:00:27.184362,18.2,49.4,1
2026-01-12T03:00:29.439036,18.2,49.4,1
2026-01-12T03:00:31.693626,18.2,49.4,1
2026-01-12T03:00:33.948245,18.2,49.4,1
2026-01-12T03:00:36.202927,18.2,49.4,1
2026-01-12T03:00:38.457224,18.2,49.4,1
2026-01-12T03:00:40.711875,18.2,49.4,1
2026-01-12T03:00:42.966398,18.2,49.4,1
2026-01-12T03:00:45.220795,18.2,49.4,1
2026-01-12T03:00:47.475325,18.2,49.4,1
2026-01-12T03:00:49.729979,18.2,49.4,1
2026-01-12T03:00:51.984383,18.2,49.4,0
2026-01-12T03:00:54.239214,18.2,49.4,0
2026-01-12T03:00:56.493844,18.2,49.5,0
2026-01-12T03:00:58.748035,18.2,49.5,0
2026-01-12T03:01:01.002276,18.2,49.5,0
2026-01-12T03:01:03.256567,18.2,49.5,0
2026-01-12T03:01:05.511149,18.2,49.5,0
2026-01-12T03:01:07.765815,18.2,49.5,1
2026-01-12T03:01:10.020067,18.2,49.5,1
2026-01-12T03:01:12.274550,18.2,49.5,1
2026-01-12T03:01:14.528991,18.2,49.5,1
2026-01-12T03:01:16.783434,18.2,49.5,1
2026-01-12T03:01:19.037875,18.2,49.5,1
2026-01-12T03:01:21.292136,18.2,49.5,1
2026-01-12T03:01:23.546819,18.2,49.5,1
2026-01-12T03:01:25.801202,18.2,49.5,1
2026-01-12T03:01:28.055710,18.2,49.5,1
2026-01-12T03:01:30.310189,18.2,49.5,1
2026-01-12T03:01:32.564460,18.2,49.5,1
2026-01-12T03:01:34.818873,18.2,49.5,1
2026-01-12T03:01:37.073285,18.2,49.5,1
2026-01-12T03:01:39.327679,18.2,49.5,1
2026-01-12T03:01:41.582442,18.2,49.5,1
2026-01-12T03:01:43.836937,18.2,49.5,1
2026-01-12T03:01:46.091307,18.2,49.5,1
2026-01-12T03:01:48.346024,18.2,49.5,1
2026-01-12T03:01:50.600538,18.2,49.5,0
2026-01-12T03:01:52.855096,18.2,49.5,0
2026-01-12T03:01:55.109468,18.2,49.5,0
2026-01-12T03:01:57.363740,18.2,49.5,0
2026-01-12T03:01:59.618404,18.2,49.5,0
2026-01-12T03:02:01.873153,18.2,49.5,0
2026-01-12T03:02:04.127813,18.2,49.6,1
2026-01-12T03:02:06.381868,18.2,49.6,1
2026-01-12T03:02:08.636652,18.2,49.6,1
2026-01-12T03:02:10.893415,18.2,49.6,1
2026-01-12T03:02:13.147631,18.2,49.6,1
2026-01-12T03:02:15.402307,18.2,49.6,1
2026-01-12T03:02:17.656862,18.2,49.6,1
2026-01-12T03:02:19.911321,18.2,49.5,1
2026-01-12T03:02:22.165941,18.2,49.5,1
2026-01-12T03:02:24.420449,18.2,49.5,1
2026-01-12T03:02:26.674990,18.2,49.6,1
2026-01-12T03:02:28.929391,18.2,49.5,1
2026-01-12T03:02:31.183901,18.2,49.5,1
2026-01-12T03:02:33.438436,18.2,49.5,1
2026-01-12T03:02:35.693145,18.2,49.5,1
2026-01-12T03:02:37.947488,18.2,49.5,1
2026-01-12T03:02:40.201701,18.2,49.5,1
2026-01-12T03:02:42.456298,18.2,49.5,1
2026-01-12T03:02:44.710938,18.2,49.5,1
2026-01-12T03:02:46.965390,18.2,49.5,0
2026-01-12T03:02:49.220092,18.2,49.5,0
2026-01-12T03:02:51.474605,18.2,49.5,0
2026-01-12T03:02:53.728947,18.2,49.5,0
2026-01-12T03:02:55.983563,18.2,49.6,0
2026-01-12T03:02:58.238114,18.2,49.6,0
2026-01-12T03:03:00.492405,18.2,49.5,1
2026-01-12T03:03:02.746877,18.2,49.5,1
2026-01-12T03:03:05.001455,18.2,49.5,1
2026-01-12T03:03:07.255827,18.2,49.5,1
2026-01-12T03:03:09.510539,18.2,49.4,1
2026-01-12T03:03:11.765125,18.2,49.5,1
2026-01-12T03:03:14.019385,18.2,49.5,1
2026-01-12T03:03:16.274074,18.2,49.5,1
2026-01-12T03:03:18.530860,18.2,49.5,1
2026-01-12T03:03:20.785366,18.2,49.5,1
2026-01-12T03:03:23.040046,18.2,49.5,1
2026-01-12T03:03:25.296491,18.2,49.5,1
2026-01-12T03:03:27.551117,18.2,49.5,1
2026-01-12T03:03:29.805726,18.2,49.5,1
2026-01-12T03:03:32.060261,18.2,49.5,1
2026-01-12T03:03:34.314728,18.2,49.5,1
2026-01-12T03:03:36.569281,18.2,49.5,1
2026-01-12T03:03:38.823682,18.2,49.5,1
2026-01-12T03:03:41.078150,18.2,49.5,1
2026-01-12T03:03:43.332817,18.2,49.5,0
2026-01-12T03:03:45.587398,18.2,49.5,0
2026-01-12T03:03:47.841709,18.2,49.5,0
2026-01-12T03:03:50.096355,18.2,49.5,0
2026-01-12T03:03:52.350941,18.2,49.5,0
2026-01-12T03:03:54.605438,18.2,49.5,0
2026-01-12T03:03:56.859708,18.2,49.5,1
2026-01-12T03:03:59.114207,18.2,49.5,1
2026-01-12T03:04:01.368284,18.2,49.5,1
2026-01-12T03:04:03.623184,18.2,49.5,1
2026-01-12T03:04:05.877651,18.2,49.5,1
2026-01-12T03:04:08.132206,18.2,49.5,1
2026-01-12T03:04:10.386812,18.2,49.5,1
2026-01-12T03:04:12.641432,18.2,49.5,1
2026-01-12T03:04:14.895814,18.2,49.4,1
2026-01-12T03:04:17.150507,18.2,49.5,1
2026-01-12T03:04:19.404851,18.2,49.5,1
2026-01-12T03:04:21.659297,18.2,49.4,1
2026-01-12T03:04:23.914042,18.2,49.4,1
2026-01-12T03:04:26.168464,18.2,49.5,1
2026-01-12T03:04:28.422964,18.2,49.4,1
2026-01-12T03:04:30.677747,18.2,49.4,1
2026-01-12T03:04:32.932238,18.2,49.4,1
2026-01-12T03:04:35.186718,18.2,49.4,1
2026-01-12T03:04:37.441131,18.2,49.4,1
2026-01-12T03:04:39.695684,18.2,49.4,0
2026-01-12T03:04:41.950170,18.2,49.4,0
2026-01-12T03:04:44.204953,18.2,49.5,0
2026-01-12T03:04:46.459285,18.2,49.4,0
2026-01-12T03:04:48.713787,18.2,49.4,0
2026-01-12T03:04:50.968521,18.2,49.4,0
2026-01-12T03:04:53.223158,18.2,49.4,1
2026-01-12T03:04:55.477216,18.2,49.4,1
2026-01-12T03:04:57.731922,18.2,49.4,1
2026-01-12T03:04:59.986535,18.2,49.5,1
2026-01-12T03:05:02.240978,18.2,49.4,1
2026-01-12T03:05:04.495323,18.2,49.4,1
2026-01-12T03:05:06.749933,18.2,49.4,1
2026-01-12T03:05:09.004115,18.2,49.4,1
2026-01-12T03:05:11.258781,18.2,49.4,1
2026-01-12T03:05:13.513388,18.2,49.4,1
2026-01-12T03:05:15.767973,18.2,49.4,1
2026-01-12T03:05:18.022579,18.2,49.5,1
2026-01-12T03:05:20.276887,18.2,49.5,1
2026-01-12T03:05:22.531181,18.2,49.5,1
2026-01-12T03:05:24.785773,18.2,49.4,1
2026-01-12T03:05:27.040322,18.2,49.5,1
2026-01-12T03:05:29.294624,18.2,49.5,1
2026-01-12T03:05:31.548929,18.2,49.5,1
2026-01-12T03:05:33.803356,18.2,49.5,1
2026-01-12T03:05:36.057804,18.2,49.5,0
2026-01-12T03:05:38.312484,18.2,49.5,0
2026-01-12T03:05:40.566932,18.2,49.5,0
2026-01-12T03:05:42.821402,18.2,49.5,0
2026-01-12T03:05:45.075968,18.2,49.5,0
2026-01-12T03:05:47.330505,18.2,49.5,0
2026-01-12T03:05:49.584866,18.2,49.5,1
2026-01-12T03:05:51.839325,18.2,49.5,1
2026-01-12T03:05:54.093737,18.2,49.5,1
2026-01-12T03:05:56.348200,18.2,49.5,1
2026-01-12T03:05:58.602699,18.2,49.5,1
2026-01-12T03:06:00.858698,18.2,49.5,1
2026-01-12T03:06:03.112876,18.2,49.5,1
2026-01-12T03:06:05.367347,18.2,49.5,1
2026-01-12T03:06:07.621908,18.2,49.5,1
2026-01-12T03:06:09.876031,18.2,49.5,1
2026-01-12T03:06:12.130695,18.2,49.5,1
2026-01-12T03:06:14.384827,18.2,49.5,1
2026-01-12T03:06:16.639178,18.2,49.5,1
2026-01-12T03:06:18.893846,18.2,49.5,1
2026-01-12T03:06:21.148283,18.2,49.5,1
2026-01-12T03:06:23.402713,18.2,49.5,1
2026-01-12T03:06:25.657283,18.2,49.4,1
2026-01-12T03:06:27.911800,18.2,49.5,1
2026-01-12T03:06:30.166286,18.2,49.5,1
2026-01-12T03:06:32.420983,18.2,49.5,0
2026-01-12T03:06:34.675233,18.2,49.5,0
2026-01-12T03:06:36.929481,18.2,49.5,0
2026-01-12T03:06:39.184129,18.2,49.5,0
2026-01-12T03:06:41.438672,18.2,49.4,0
2026-01-12T03:06:43.692929,18.2,49.4,0
2026-01-12T03:06:45.947527,18.2,49.5,0
2026-01-12T03:06:48.201748,18.2,49.4,1
2026-01-12T03:06:50.456203,18.2,49.5,1
2026-01-12T03:06:52.711093,18.2,49.5,1
2026-01-12T03:06:54.965610,18.2,49.4,1
2026-01-12T03:06:57.219936,18.2,49.4,1
2026-01-12T03:06:59.474723,18.2,49.4,1
2026-01-12T03:07:01.731368,18.2,49.4,1
2026-01-12T03:07:03.985835,18.2,49.5,1
2026-01-12T03:07:06.240349,18.2,49.5,1
2026-01-12T03:07:08.494921,18.2,49.5,1
2026-01-12T03:07:10.749092,18.2,49.5,1
2026-01-12T03:07:13.003715,18.2,49.5,1
2026-01-12T03:07:15.258304,18.2,49.6,1
2026-01-12T03:07:17.512681,18.2,49.6,1
2026-01-12T03:07:19.767437,18.2,49.7,1
2026-01-12T03:07:22.021769,18.2,49.7,1
2026-01-12T03:07:24.276097,18.2,49.6,1
2026-01-12T03:07:26.530881,18.2,49.6,1
2026-01-12T03:07:28.785435,18.2,49.7,0
2026-01-12T03:07:31.039929,18.2,49.7,0
2026-01-12T03:07:33.294445,18.2,49.7,0
2026-01-12T03:07:35.549050,18.2,49.7,0
2026-01-12T03:07:37.803523,18.2,49.7,0
2026-01-12T03:07:40.058162,18.2,49.6,0
2026-01-12T03:07:42.312629,18.2,49.6,0
2026-01-12T03:07:44.567157,18.2,49.6,1
2026-01-12T03:07:46.821876,18.2,49.6,1
2026-01-12T03:07:49.076305,18.2,49.5,1
2026-01-12T03:07:51.330862,18.2,49.5,1
2026-01-12T03:07:53.585623,18.2,49.5,1
2026-01-12T03:07:55.840124,18.2,49.5,1
2026-01-12T03:07:58.094610,18.2,49.5,1
2026-01-12T03:08:00.349266,18.2,49.5,1
2026-01-12T03:08:02.603738,18.2,49.5,1
2026-01-12T03:08:04.858107,18.2,49.5,1
2026-01-12T03:08:07.112815,18.2,49.5,1
2026-01-12T03:08:09.367275,18.2,49.5,1
2026-01-12T03:08:11.621823,18.2,49.5,1
2026-01-12T03:08:13.876171,18.2,49.5,1
2026-01-12T03:08:16.130731,18.2,49.5,1
2026-01-12T03:08:18.384809,18.2,49.5,1
2026-01-12T03:08:20.639529,18.2,49.5,1
2026-01-12T03:08:22.894054,18.2,49.5,1
2026-01-12T03:08:25.148521,18.2,49.5,0
2026-01-12T03:08:27.403310,18.2,49.5,0
2026-01-12T03:08:29.657881,18.2,49.5,0
2026-01-12T03:08:31.911966,18.2,49.5,0
2026-01-12T03:08:34.166680,18.2,49.5,0
2026-01-12T03:08:36.421308,18.2,49.5,0
2026-01-12T03:08:38.675810,18.2,49.5,0
2026-01-12T03:08:40.930560,18.2,49.5,1
2026-01-12T03:08:43.185040,18.2,49.5,1
2026-01-12T03:08:45.439455,18.2,49.5,1
2026-01-12T03:08:47.694181,18.2,49.5,1
2026-01-12T03:08:49.948644,18.2,49.5,1
2026-01-12T03:08:52.202975,18.2,49.6,1
2026-01-12T03:08:54.457531,18.2,49.6,1
2026-01-12T03:08:56.712046,18.2,49.6,1
2026-01-12T03:08:58.966541,18.2,49.6,1
2026-01-12T03:09:01.221202,18.2,49.6,1
2026-01-12T03:09:03.475732,18.2,49.6,1
2026-01-12T03:09:05.730289,18.2,49.6,1
2026-01-12T03:09:07.984917,18.2,49.6,1
2026-01-12T03:09:10.239409,18.2,49.6,1
2026-01-12T03:09:12.493903,18.2,49.5,1
2026-01-12T03:09:14.748414,18.2,49.6,1
2026-01-12T03:09:17.002575,18.2,49.5,1
2026-01-12T03:09:19.257004,18.2,49.5,1
2026-01-12T03:09:21.511613,18.2,49.5,0
2026-01-12T03:09:23.766213,18.2,49.5,0
2026-01-12T03:09:26.020536,18.2,49.5,0
2026-01-12T03:09:28.275264,18.2,49.5,0
2026-01-12T03:09:30.529876,18.2,49.5,0
2026-01-12T03:09:32.784089,18.2,49.5,0
2026-01-12T03:09:35.038796,18.2,49.5,0
2026-01-12T03:09:37.293501,18.2,49.5,1
2026-01-12T03:09:39.548006,18.2,49.5,1
2026-01-12T03:09:41.802762,18.2,49.5,1
2026-01-12T03:09:44.057415,18.2,49.5,1
2026-01-12T03:09:46.311849,18.2,49.5,1
2026-01-12T03:09:48.566486,18.2,49.5,1
2026-01-12T03:09:50.820979,18.2,49.5,1
2026-01-12T03:09:53.075312,18.2,49.5,1
2026-01-12T03:09:55.329938,18.2,49.5,1
2026-01-12T03:09:57.584463,18.2,49.5,1
2026-01-12T03:09:59.839048,18.2,49.5,1
2026-01-12T03:10:02.093511,18.2,49.5,1
2026-01-12T03:10:04.348006,18.2,49.5,1
2026-01-12T03:10:06.602647,18.2,49.5,1
2026-01-12T03:10:08.857334,18.2,49.5,1
2026-01-12T03:10:11.111684,18.2,49.5,1
2026-01-12T03:10:13.366197,18.2,49.4,1
2026-01-12T03:10:15.621012,18.2,49.5,1
2026-01-12T03:10:17.875486,18.2,49.5,0
2026-01-12T03:10:20.130072,18.2,49.5,0
2026-01-12T03:10:22.384493,18.2,49.5,0
2026-01-12T03:10:24.639135,18.2,49.5,0
2026-01-12T03:10:26.893619,18.2,49.5,0
2026-01-12T03:10:29.148079,18.2,49.4,0
2026-01-12T03:10:31.402615,18.2,49.5,0
2026-01-12T03:10:33.656824,18.2,49.4,1
2026-01-12T03:10:35.911497,18.2,49.4,1
2026-01-12T03:10:38.166022,18.2,49.5,1
2026-01-12T03:10:40.420453,18.2,49.4,1
2026-01-12T03:10:42.675102,18.2,49.5,1
2026-01-12T03:10:44.929486,18.2,49.4,1
2026-01-12T03:10:47.183994,18.2,49.4,1
2026-01-12T03:10:49.438679,18.2,49.5,1
2026-01-12T03:10:51.693244,18.2,49.4,1
2026-01-12T03:10:53.947631,18.1,49.3,1
2026-01-12T03:10:56.202105,18.2,49.5,1
2026-01-12T03:10:58.456455,18.2,49.4,1
2026-01-12T03:11:00.711068,18.2,49.4,1
2026-01-12T03:11:02.965797,18.2,49.4,1
2026-01-12T03:11:05.220207,18.2,49.4,1
2026-01-12T03:11:07.474714,18.2,49.4,1
2026-01-12T03:11:09.729431,18.2,49.4,1
2026-01-12T03:11:11.983989,18.2,49.4,1
2026-01-12T03:11:14.238424,18.1,49.3,0
2026-01-12T03:11:16.493088,18.2,49.4,0
2026-01-12T03:11:18.747671,18.2,49.4,0
2026-01-12T03:11:21.002267,18.2,49.4,0
2026-01-12T03:11:23.256940,18.2,49.4,0
2026-01-12T03:11:25.511472,18.2,49.4,0
2026-01-12T03:11:27.765942,18.2,49.4,0
2026-01-12T03:11:30.020191,18.2,49.4,1
2026-01-12T03:11:32.274688,18.2,49.4,1
2026-01-12T03:11:34.529242,18.2,49.4,1
2026-01-12T03:11:36.783846,18.2,49.4,1
2026-01-12T03:11:39.038389,18.2,49.4,1
2026-01-12T03:11:41.292637,18.2,49.4,1
2026-01-12T03:11:43.547420,18.2,49.4,1
2026-01-12T03:11:45.801981,18.2,49.4,1
2026-01-12T03:11:48.056464,18.2,49.4,1
2026-01-12T03:11:50.311279,18.2,49.4,1
2026-01-12T03:11:52.565783,18.2,49.4,1
2026-01-12T03:11:54.820045,18.2,49.4,1
2026-01-12T03:11:57.074718,18.2,49.4,1
2026-01-12T03:11:59.329262,18.2,49.4,1
2026-01-12T03:12:01.583809,18.2,49.4,1
2026-01-12T03:12:03.838547,18.2,49.4,1
2026-01-12T03:12:06.093066,18.2,49.4,1
2026-01-12T03:12:08.347489,18.2,49.4,1
2026-01-12T03:12:10.602388,18.2,49.4,0
2026-01-12T03:12:12.856902,18.2,49.4,0
2026-01-12T03:12:15.111182,18.2,49.4,0
2026-01-12T03:12:17.365886,18.2,49.4,0
2026-01-12T03:12:19.620459,18.2,49.4,0
2026-01-12T03:12:21.874996,18.2,49.4,0
2026-01-12T03:12:24.129745,18.2,49.4,0
2026-01-12T03:12:26.384033,18.2,49.4,1
2026-01-12T03:12:28.638632,18.2,49.4,1
2026-01-12T03:12:30.893169,18.2,49.4,1
2026-01-12T03:12:33.147689,18.2,49.4,1
2026-01-12T03:12:35.402257,18.2,49.4,1
2026-01-12T03:12:37.657114,18.2,49.4,1
2026-01-12T03:12:39.911695,18.2,49.4,1
2026-01-12T03:12:42.166215,18.2,49.4,1
2026-01-12T03:12:44.420953,18.2,49.4,1
2026-01-12T03:12:46.675657,18.2,49.4,1
2026-01-12T03:12:48.930247,18.2,49.4,1
2026-01-12T03:12:51.184991,18.2,49.4,1
2026-01-12T03:12:53.439338,18.2,49.4,1
2026-01-12T03:12:55.693994,18.2,49.4,1
2026-01-12T03:12:57.948520,18.2,49.4,1
2026-01-12T03:13:00.203205,18.2,49.3,1
2026-01-12T03:13:02.457649,18.2,49.4,1
2026-01-12T03:13:04.712234,18.2,49.4,1
2026-01-12T03:13:06.966780,18.2,49.4,0
2026-01-12T03:13:09.221258,18.2,49.4,0
2026-01-12T03:13:11.475636,18.2,49.4,0
2026-01-12T03:13:13.730260,18.2,49.4,0
2026-01-12T03:13:15.984722,18.2,49.4,0
2026-01-12T03:13:18.239184,18.2,49.4,0
2026-01-12T03:13:20.495667,18.2,49.4,0
2026-01-12T03:13:22.750053,18.2,49.4,1
2026-01-12T03:13:25.004695,18.2,49.4,1
2026-01-12T03:13:27.259242,18.2,49.4,1
2026-01-12T03:13:29.513671,18.2,49.5,1
2026-01-12T03:13:31.768473,18.2,49.5,1
2026-01-12T03:13:34.022976,18.2,49.5,1
2026-01-12T03:13:36.277475,18.2,49.4,1
2026-01-12T03:13:38.532200,18.2,49.5,1
2026-01-12T03:13:40.786633,18.2,49.5,1
2026-01-12T03:13:43.041112,18.2,49.5,1
2026-01-12T03:13:45.295679,18.2,49.5,1
2026-01-12T03:13:47.550334,18.2,49.5,1
2026-01-12T03:13:49.804560,18.2,49.5,1
2026-01-12T03:13:52.059369,18.2,49.5,1
2026-01-12T03:13:54.313622,18.2,49.5,1
2026-01-12T03:13:56.568185,18.2,49.5,1
2026-01-12T03:13:58.822998,18.2,49.5,1
2026-01-12T03:14:01.077553,18.2,49.5,1
2026-01-12T03:14:03.332102,18.2,49.5,0
2026-01-12T03:14:05.587052,18.2,49.5,0
2026-01-12T03:14:07.841700,18.2,49.5,0
2026-01-12T03:14:10.096075,18.2,49.5,0
2026-01-12T03:14:12.350923,18.2,49.5,0
2026-01-12T03:14:14.605611,18.2,49.4,0
2026-01-12T03:14:16.860203,18.2,49.5,0
2026-01-12T03:14:19.115039,18.2,49.4,1
2026-01-12T03:14:21.369640,18.2,49.4,1
2026-01-12T03:14:23.624271,18.2,49.5,1
2026-01-12T03:14:25.879099,18.2,49.4,1
2026-01-12T03:14:28.133719,18.2,49.4,1
2026-01-12T03:14:30.388264,18.2,49.4,1
2026-01-12T03:14:32.643207,18.2,49.4,1
2026-01-12T03:14:34.897628,18.2,49.5,1
2026-01-12T03:14:37.152160,18.2,49.4,1
2026-01-12T03:14:39.407036,18.2,49.4,1
2026-01-12T03:14:41.661610,18.2,49.4,1
2026-01-12T03:14:43.916066,18.2,49.4,1
2026-01-12T03:14:46.170728,18.2,49.4,1
2026-01-12T03:14:48.425276,18.2,49.5,1
2026-01-12T03:14:50.679927,18.2,49.4,1
2026-01-12T03:14:52.934378,18.2,49.4,1
2026-01-12T03:14:55.188698,18.2,49.4,1
2026-01-12T03:14:57.443226,18.2,49.4,1
2026-01-12T03:14:59.697916,18.2,49.4,0
2026-01-12T03:15:01.952484,18.2,49.4,0
2026-01-12T03:15:04.206732,18.2,49.4,0
2026-01-12T03:15:06.461384,18.2,49.4,0
2026-01-12T03:15:08.715954,18.2,49.4,0
2026-01-12T03:15:10.970474,18.2,49.4,0
2026-01-12T03:15:13.225016,18.2,49.4,0
2026-01-12T03:15:15.479530,18.2,49.4,1
2026-01-12T03:15:17.734034,18.2,49.4,1
2026-01-12T03:15:19.988705,18.2,49.4,1
2026-01-12T03:15:22.243139,18.2,49.4,1
2026-01-12T03:15:24.497599,18.2,49.4,1
2026-01-12T03:15:26.752287,18.2,49.4,1
2026-01-12T03:15:29.006999,18.2,49.4,1
2026-01-12T03:15:31.261453,18.1,49.4,1
2026-01-12T03:15:33.515759,18.2,49.4,1
2026-01-12T03:15:35.770375,18.2,49.5,1
2026-01-12T03:15:38.024553,18.2,49.4,1
2026-01-12T03:15:40.279308,18.2,49.4,1
2026-01-12T03:15:42.533916,18.2,49.4,1
2026-01-12T03:15:44.788234,18.2,49.4,1
2026-01-12T03:15:47.042962,18.1,49.3,1
2026-01-12T03:15:49.297467,18.2,49.4,1
2026-01-12T03:15:51.552016,18.2,49.4,1
2026-01-12T03:15:53.806691,18.2,49.4,1
2026-01-12T03:15:56.061205,18.2,49.4,0
2026-01-12T03:15:58.315654,18.2,49.4,0
2026-01-12T03:16:00.570356,18.2,49.4,0
2026-01-12T03:16:02.824752,18.2,49.4,0
2026-01-12T03:16:05.078984,18.2,49.4,0
2026-01-12T03:16:07.333699,18.2,49.4,0
2026-01-12T03:16:09.588225,18.2,49.4,0
2026-01-12T03:16:11.842803,18.2,49.4,1
2026-01-12T03:16:14.097445,18.2,49.4,1
2026-01-12T03:16:16.352025,18.2,49.4,1
2026-01-12T03:16:18.606655,18.2,49.4,1
2026-01-12T03:16:20.861419,18.2,49.4,1
2026-01-12T03:16:23.115927,18.2,49.4,1
2026-01-12T03:16:25.370429,18.2,49.4,1
2026-01-12T03:16:27.625217,18.2,49.4,1
2026-01-12T03:16:29.879566,18.2,49.4,1
2026-01-12T03:16:32.134112,18.2,49.5,1
2026-01-12T03:16:34.388717,18.2,49.5,1
2026-01-12T03:16:36.643361,18.2,49.5,1
2026-01-12T03:16:38.897835,18.2,49.4,1
2026-01-12T03:16:41.152497,18.2,49.5,1
2026-01-12T03:16:43.407156,18.2,49.5,1
2026-01-12T03:16:45.661773,18.2,49.5,1
2026-01-12T03:16:47.916166,18.2,49.5,1
2026-01-12T03:16:50.170776,18.2,49.5,1
2026-01-12T03:16:52.425350,18.2,49.5,1
2026-01-12T03:16:54.680183,18.2,49.5,0
2026-01-12T03:16:56.934772,18.2,49.5,0
2026-01-12T03:16:59.189215,18.2,49.5,0
2026-01-12T03:17:01.443775,18.2,49.5,0
2026-01-12T03:17:03.698583,18.2,49.5,0
2026-01-12T03:17:05.953186,18.2,49.5,0
2026-01-12T03:17:08.207885,18.2,49.4,1
2026-01-12T03:17:10.462290,18.2,49.5,1
2026-01-12T03:17:12.716944,18.1,49.4,1
2026-01-12T03:17:14.971679,18.2,49.5,1
2026-01-12T03:17:17.226254,18.2,49.4,1
2026-01-12T03:17:19.480786,18.2,49.4,1
2026-01-12T03:17:21.735579,18.2,49.4,1
2026-01-12T03:17:23.990166,18.2,49.4,1
2026-01-12T03:17:26.244726,18.2,49.4,1
2026-01-12T03:17:28.499321,18.2,49.4,1
2026-01-12T03:17:30.753960,18.2,49.5,1
2026-01-12T03:17:33.008408,18.2,49.4,1
2026-01-12T03:17:35.263217,18.2,49.4,1
2026-01-12T03:17:37.518941,18.2,49.5,1
2026-01-12T03:17:39.773428,18.2,49.5,1
2026-01-12T03:17:42.027605,18.2,49.5,1
2026-01-12T03:17:44.282150,18.2,49.5,1
2026-01-12T03:17:46.536706,18.2,49.4,1
2026-01-12T03:17:48.791555,18.2,49.4,1
2026-01-12T03:17:51.046134,18.2,49.5,0
2026-01-12T03:17:53.300664,18.2,49.5,0
2026-01-12T03:17:55.555468,18.2,49.5,0
2026-01-12T03:17:57.810039,18.2,49.5,0
2026-01-12T03:18:00.064548,18.2,49.4,0
2026-01-12T03:18:02.319300,18.2,49.5,0
2026-01-12T03:18:04.573919,18.2,49.4,1
2026-01-12T03:18:06.828127,18.2,49.5,1
2026-01-12T03:18:09.082846,18.2,49.5,1
2026-01-12T03:18:11.337427,18.2,49.5,1
2026-01-12T03:18:13.591944,18.2,49.5,1
2026-01-12T03:18:15.846613,18.2,49.5,1
2026-01-12T03:18:18.101132,18.1,49.4,1
2026-01-12T03:18:20.355591,18.2,49.5,1
2026-01-12T03:18:22.610371,18.2,49.5,1
2026-01-12T03:18:24.867074,18.2,49.5,1
2026-01-12T03:18:27.121547,18.2,49.5,1
2026-01-12T03:18:29.376187,18.2,49.5,1
2026-01-12T03:18:31.630830,18.2,49.4,1
2026-01-12T03:18:33.885190,18.2,49.5,1
2026-01-12T03:18:36.139850,18.2,49.5,1
2026-01-12T03:18:38.394365,18.2,49.5,1
2026-01-12T03:18:40.648530,18.2,49.5,1
2026-01-12T03:18:42.903217,18.1,49.4,1
2026-01-12T03:18:45.157746,18.2,49.5,1
2026-01-12T03:18:47.412143,18.2,49.5,0
2026-01-12T03:18:49.666949,18.2,49.5,0
2026-01-12T03:18:51.921428,18.2,49.5,0
2026-01-12T03:18:54.175568,18.2,49.4,0
2026-01-12T03:18:56.430244,18.2,49.5,0
2026-01-12T03:18:58.684555,18.2,49.5,0
2026-01-12T03:19:00.939030,18.2,49.5,1
2026-01-12T03:19:03.193666,18.2,49.4,1
2026-01-12T03:19:05.448225,18.2,49.5,1
2026-01-12T03:19:07.702816,18.2,49.4,1
2026-01-12T03:19:09.957498,18.2,49.4,1
2026-01-12T03:19:12.211993,18.2,49.4,1
2026-01-12T03:19:14.466484,18.2,49.5,1
2026-01-12T03:19:16.721146,18.2,49.5,1
2026-01-12T03:19:18.975559,18.2,49.5,1
2026-01-12T03:19:21.230029,18.2,49.5,1
2026-01-12T03:19:23.484398,18.2,49.5,1
2026-01-12T03:19:25.739006,18.2,49.5,1
2026-01-12T03:19:27.993452,18.2,49.4,1
2026-01-12T03:19:30.247866,18.2,49.4,1
2026-01-12T03:19:32.502385,18.2,49.5,1
2026-01-12T03:19:34.756743,18.2,49.5,1
2026-01-12T03:19:37.011321,18.2,49.5,1
2026-01-12T03:19:39.265878,18.2,49.4,1
2026-01-12T03:19:41.520356,18.2,49.4,1
2026-01-12T03:19:43.775127,18.2,49.4,0
2026-01-12T03:19:46.029690,18.2,49.4,0
2026-01-12T03:19:48.283980,18.2,49.4,0
2026-01-12T03:19:50.538740,18.2,49.4,0
2026-01-12T03:19:52.793172,18.2,49.4,0
2026-01-12T03:19:55.047530,18.2,49.4,0
2026-01-12T03:19:57.302063,18.2,49.4,1
2026-01-12T03:19:59.556653,18.2,49.4,1
2026-01-12T03:20:01.811135,18.2,49.4,1
2026-01-12T03:20:04.065812,18.2,49.5,1
2026-01-12T03:20:06.320152,18.2,49.5,1
2026-01-12T03:20:08.574539,18.2,49.5,1
2026-01-12T03:20:10.829136,18.2,49.5,1
2026-01-12T03:20:13.083775,18.2,49.4,1
2026-01-12T03:20:15.338344,18.2,49.5,1
2026-01-12T03:20:17.593219,18.2,49.5,1
2026-01-12T03:20:19.847406,18.2,49.5,1
2026-01-12T03:20:22.101998,18.2,49.5,1
2026-01-12T03:20:24.356574,18.2,49.5,1
2026-01-12T03:20:26.611348,18.2,49.5,1
2026-01-12T03:20:28.865935,18.2,49.5,1
2026-01-12T03:20:31.120543,18.2,49.5,1
2026-01-12T03:20:33.375084,18.2,49.5,1
2026-01-12T03:20:35.629592,18.2,49.5,1
2026-01-12T03:20:37.883717,18.2,49.5,1
2026-01-12T03:20:40.138273,18.2,49.5,0
2026-01-12T03:20:42.392305,18.2,49.5,0
2026-01-12T03:20:44.647223,18.2,49.5,0
2026-01-12T03:20:46.901268,18.2,49.5,0
2026-01-12T03:20:49.155376,18.2,49.5,0
2026-01-12T03:20:51.409923,18.2,49.5,0
2026-01-12T03:20:53.664145,18.2,49.5,0
2026-01-12T03:20:55.918643,18.2,49.5,1
2026-01-12T03:20:58.173028,18.2,49.5,1
2026-01-12T03:21:00.427492,18.2,49.5,1
2026-01-12T03:21:02.682084,18.2,49.5,1
2026-01-12T03:21:04.936245,18.2,49.5,1
2026-01-12T03:21:07.190868,18.2,49.5,1
2026-01-12T03:21:09.445227,18.2,49.5,1
2026-01-12T03:21:11.699878,18.2,49.5,1
2026-01-12T03:21:13.954407,18.2,49.5,1
2026-01-12T03:21:16.208761,18.2,49.5,1
2026-01-12T03:21:18.463344,18.2,49.5,1
2026-01-12T03:21:20.718020,18.2,49.5,1
2026-01-12T03:21:22.972140,18.2,49.5,1
2026-01-12T03:21:25.226870,18.1,49.4,1
2026-01-12T03:21:27.481199,18.2,49.5,1
2026-01-12T03:21:29.735694,18.2,49.5,1
2026-01-12T03:21:31.990364,18.1,49.4,1
2026-01-12T03:21:34.245002,18.1,49.4,1
2026-01-12T03:21:36.499375,18.2,49.4,0
2026-01-12T03:21:38.754201,18.2,49.5,0
2026-01-12T03:21:41.008463,18.2,49.5,0
2026-01-12T03:21:43.263033,18.2,49.5,0
2026-01-12T03:21:45.518662,18.2,49.5,0
2026-01-12T03:21:47.773229,18.2,49.5,0
2026-01-12T03:21:50.027438,18.2,49.5,0
2026-01-12T03:21:52.282143,18.2,49.5,1
2026-01-12T03:21:54.536876,18.2,49.5,1
2026-01-12T03:21:56.791355,18.2,49.5,1
2026-01-12T03:21:59.045969,18.2,49.5,1
2026-01-12T03:22:01.300470,18.2,49.5,1
2026-01-12T03:22:03.555059,18.2,49.5,1
2026-01-12T03:22:05.809850,18.2,49.5,1
2026-01-12T03:22:08.064343,18.2,49.5,1
2026-01-12T03:22:10.318835,18.2,49.5,1
2026-01-12T03:22:12.573698,18.2,49.5,1
2026-01-12T03:22:14.828219,18.2,49.5,1
2026-01-12T03:22:17.082683,18.2,49.4,1
2026-01-12T03:22:19.337178,18.2,49.5,1
2026-01-12T03:22:21.591743,18.2,49.5,1
2026-01-12T03:22:23.846252,18.2,49.5,1
2026-01-12T03:22:26.100906,18.2,49.5,1
2026-01-12T03:22:28.355431,18.2,49.5,1
2026-01-12T03:22:30.610115,18.2,49.5,1
2026-01-12T03:22:32.864826,18.2,49.4,0
2026-01-12T03:22:35.119356,18.2,49.4,0
2026-01-12T03:22:37.373787,18.2,49.4,0
2026-01-12T03:22:39.628556,18.2,49.4,0
2026-01-12T03:22:41.883136,18.2,49.4,0
2026-01-12T03:22:44.137601,18.2,49.4,0
2026-01-12T03:22:46.392080,18.2,49.4,0
2026-01-12T03:22:48.646710,18.2,49.4,1
2026-01-12T03:22:50.901078,18.2,49.4,1
2026-01-12T03:22:53.155510,18.2,49.4,1
2026-01-12T03:22:55.409981,18.2,49.4,1
2026-01-12T03:22:57.664273,18.2,49.4,1
2026-01-12T03:22:59.919063,18.2,49.4,1
2026-01-12T03:23:02.173546,18.2,49.4,1
2026-01-12T03:23:04.427964,18.2,49.3,1
2026-01-12T03:23:06.682715,18.2,49.4,1
2026-01-12T03:23:08.936993,18.2,49.4,1
2026-01-12T03:23:11.191118,18.2,49.3,1
2026-01-12T03:23:13.445836,18.2,49.4,1
2026-01-12T03:23:15.700304,18.2,49.4,1
2026-01-12T03:23:17.954791,18.2,49.3,1
2026-01-12T03:23:20.209314,18.2,49.4,1
2026-01-12T03:23:22.463683,18.2,49.4,1
2026-01-12T03:23:24.718160,18.2,49.4,1
2026-01-12T03:23:26.972832,18.2,49.4,1
2026-01-12T03:23:29.227396,18.2,49.4,0
2026-01-12T03:23:31.481681,18.2,49.4,0
2026-01-12T03:23:33.736084,18.2,49.4,0
2026-01-12T03:23:35.990606,18.2,49.4,0
2026-01-12T03:23:38.245258,18.2,49.4,0
2026-01-12T03:23:40.499939,18.1,49.4,0
2026-01-12T03:23:42.754569,18.2,49.4,0
2026-01-12T03:23:45.009256,18.2,49.4,1
2026-01-12T03:23:47.263854,18.2,49.4,1
2026-01-12T03:23:49.519643,18.1,49.3,1
2026-01-12T03:23:51.774437,18.2,49.4,1
2026-01-12T03:23:54.029073,18.2,49.4,1
2026-01-12T03:23:56.283528,18.2,49.4,1
2026-01-12T03:23:58.538447,18.2,49.4,1
2026-01-12T03:24:00.793082,18.2,49.4,1
2026-01-12T03:24:03.047594,18.2,49.4,1
2026-01-12T03:24:05.301944,18.2,49.4,1
2026-01-12T03:24:07.556648,18.2,49.4,1
2026-01-12T03:24:09.811231,18.2,49.4,1
2026-01-12T03:24:12.065755,18.2,49.4,1
2026-01-12T03:24:14.320314,18.2,49.4,1
2026-01-12T03:24:16.575026,18.2,49.4,1
2026-01-12T03:24:18.829813,18.2,49.4,1
2026-01-12T03:24:21.084344,18.2,49.4,1
2026-01-12T03:24:23.338933,18.1,49.3,1
2026-01-12T03:24:25.593770,18.2,49.3,0
2026-01-12T03:24:27.848402,18.2,49.3,0
2026-01-12T03:24:30.102936,18.2,49.3,0
2026-01-12T03:24:32.357625,18.2,49.3,0
2026-01-12T03:24:34.612310,18.2,49.3,0
2026-01-12T03:24:36.866821,18.2,49.3,0
2026-01-12T03:24:39.121340,18.2,49.3,0
2026-01-12T03:24:41.375828,18.2,49.3,1
2026-01-12T03:24:43.630376,18.1,49.3,1
2026-01-12T03:24:45.885043,18.2,49.4,1
2026-01-12T03:24:48.139564,18.2,49.3,1
2026-01-12T03:24:50.393710,18.2,49.4,1
2026-01-12T03:24:52.648443,18.1,49.3,1
2026-01-12T03:24:54.903054,18.2,49.3,1
2026-01-12T03:24:57.157494,18.2,49.4,1
2026-01-12T03:24:59.412055,18.2,49.3,1
2026-01-12T03:25:01.666489,18.1,49.3,1
2026-01-12T03:25:03.920876,18.2,49.4,1
2026-01-12T03:25:06.175477,18.2,49.3,1
2026-01-12T03:25:08.430032,18.2,49.3,1
2026-01-12T03:25:10.684567,18.2,49.3,1
2026-01-12T03:25:12.939343,18.2,49.3,1
2026-01-12T03:25:15.193860,18.1,49.3,1
2026-01-12T03:25:17.448241,18.1,49.3,1
2026-01-12T03:25:19.703075,18.2,49.3,1
2026-01-12T03:25:21.957633,18.2,49.3,0
2026-01-12T03:25:24.211900,18.1,49.2,0
2026-01-12T03:25:26.466602,18.1,49.3,0
2026-01-12T03:25:28.721241,18.2,49.3,0
2026-01-12T03:25:30.975709,18.2,49.3,0
2026-01-12T03:25:33.230397,18.1,49.3,0
2026-01-12T03:25:35.484802,18.2,49.3,0
2026-01-12T03:25:37.738869,18.1,49.3,1
2026-01-12T03:25:39.993573,18.2,49.3,1
2026-01-12T03:25:42.248132,18.2,49.3,1
2026-01-12T03:25:44.502592,18.1,49.2,1
2026-01-12T03:25:46.757310,18.1,49.3,1
2026-01-12T03:25:49.013961,18.2,49.3,1
2026-01-12T03:25:51.268417,18.2,49.3,1
2026-01-12T03:25:53.523281,18.1,49.3,1
2026-01-12T03:25:55.777860,18.2,49.3,1
2026-01-12T03:25:58.031974,18.2,49.3,1
2026-01-12T03:26:00.286672,18.2,49.3,1
2026-01-12T03:26:02.541292,18.2,49.3,1
2026-01-12T03:26:04.795791,18.1,49.3,1
2026-01-12T03:26:07.050523,18.2,49.3,1
2026-01-12T03:26:09.305096,18.2,49.3,1
2026-01-12T03:26:11.559669,18.1,49.2,1
2026-01-12T03:26:13.814466,18.2,49.3,1
2026-01-12T03:26:16.069070,18.2,49.3,1
2026-01-12T03:26:18.323615,18.1,49.2,0
2026-01-12T03:26:20.578303,18.2,49.2,0
2026-01-12T03:26:22.832969,18.2,49.2,0
2026-01-12T03:26:25.087390,18.2,49.2,0
2026-01-12T03:26:27.342184,18.2,49.2,0
2026-01-12T03:26:29.596850,18.2,49.1,0
2026-01-12T03:26:31.851315,18.2,49.2,0
2026-01-12T03:26:34.106082,18.1,49.1,1
2026-01-12T03:26:36.360709,18.2,49.2,1
2026-01-12T03:26:38.615296,18.2,49.2,1
2026-01-12T03:26:40.870093,18.2,49.2,1
2026-01-12T03:26:43.126476,18.2,49.2,1
2026-01-12T03:26:45.380958,18.2,49.2,1
2026-01-12T03:26:47.635411,18.2,49.2,1
2026-01-12T03:26:49.890104,18.2,49.2,1
2026-01-12T03:26:52.144665,18.1,49.2,1
2026-01-12T03:26:54.399334,18.2,49.2,1
2026-01-12T03:26:56.654075,18.2,49.2,1
2026-01-12T03:26:58.908630,18.2,49.2,1
2026-01-12T03:27:01.163502,18.2,49.2,1
2026-01-12T03:27:03.418205,18.2,49.3,1
2026-01-12T03:27:05.672407,18.2,49.3,1
2026-01-12T03:27:07.927314,18.2,49.3,1
2026-01-12T03:27:10.181919,18.2,49.3,1
2026-01-12T03:27:12.436483,18.2,49.3,1
2026-01-12T03:27:14.691343,18.1,49.3,0
2026-01-12T03:27:16.945999,18.2,49.3,0
2026-01-12T03:27:19.200554,18.2,49.3,0
2026-01-12T03:27:21.455382,18.2,49.4,0
2026-01-12T03:27:23.710165,18.2,49.3,0
2026-01-12T03:27:25.964715,18.2,49.3,0
2026-01-12T03:27:28.219354,18.2,49.3,0
2026-01-12T03:27:30.473959,18.1,49.2,1
2026-01-12T03:27:32.728375,18.1,49.2,1
2026-01-12T03:27:34.983228,18.2,49.3,1
2026-01-12T03:27:37.237883,18.2,49.3,1
2026-01-12T03:27:39.492434,18.2,49.3,1
2026-01-12T03:27:41.747328,18.2,49.3,1
2026-01-12T03:27:44.001882,18.1,49.3,1
2026-01-12T03:27:46.256341,18.2,49.3,1
2026-01-12T03:27:48.511137,18.2,49.3,1
2026-01-12T03:27:50.765862,18.2,49.4,1
2026-01-12T03:27:53.020429,18.2,49.4,1
2026-01-12T03:27:55.275300,18.2,49.3,1
2026-01-12T03:27:57.530084,18.2,49.2,1
2026-01-12T03:27:59.784353,18.2,49.3,1
2026-01-12T03:28:02.039181,18.2,49.3,1
2026-01-12T03:28:04.293818,18.2,49.2,1
2026-01-12T03:28:06.548432,18.2,49.3,1
2026-01-12T03:28:08.803265,18.2,49.3,1
2026-01-12T03:28:11.057890,18.2,49.3,0
2026-01-12T03:28:13.312497,18.1,49.2,0
2026-01-12T03:28:15.567343,18.2,49.3,0
2026-01-12T03:28:17.821634,18.2,49.3,0
2026-01-12T03:28:20.076176,18.1,49.2,0
2026-01-12T03:28:22.330978,18.2,49.3,0
2026-01-12T03:28:24.585171,18.1,49.3,0
2026-01-12T03:28:26.839775,18.1,49.3,1
2026-01-12T03:28:29.094588,18.2,49.3,1
2026-01-12T03:28:31.349195,18.1,49.3,1
2026-01-12T03:28:33.603870,18.1,49.3,1
2026-01-12T03:28:35.858632,18.2,49.3,1
2026-01-12T03:28:38.113276,18.2,49.3,1
2026-01-12T03:28:40.367852,18.1,49.3,1
2026-01-12T03:28:42.622788,18.2,49.4,1
2026-01-12T03:28:44.877412,18.2,49.4,1
2026-01-12T03:28:47.131978,18.1,49.3,1
2026-01-12T03:28:49.386557,18.1,49.3,1
2026-01-12T03:28:51.641299,18.1,49.3,1
2026-01-12T03:28:53.895818,18.2,49.4,1
2026-01-12T03:28:56.150416,18.2,49.4,1
2026-01-12T03:28:58.407238,18.2,49.4,1
2026-01-12T03:29:00.661899,18.2,49.4,1
2026-01-12T03:29:02.916680,18.2,49.4,1
2026-01-12T03:29:05.171289,18.2,49.4,1
2026-01-12T03:29:07.425793,18.1,49.3,0
2026-01-12T03:29:09.680701,18.2,49.4,0
2026-01-12T03:29:11.935359,18.2,49.4,0
2026-01-12T03:29:14.189911,18.2,49.3,0
2026-01-12T03:29:16.444642,18.1,49.3,0
2026-01-12T03:29:18.699340,18.1,49.3,0
2026-01-12T03:29:20.953896,18.2,49.4,0
2026-01-12T03:29:23.208659,18.2,49.3,1
2026-01-12T03:29:25.463317,18.2,49.4,1
2026-01-12T03:29:27.717970,18.1,49.3,1
2026-01-12T03:29:29.972766,18.1,49.3,1
2026-01-12T03:29:32.227403,18.1,49.3,1
2026-01-12T03:29:34.481949,18.2,49.3,1
2026-01-12T03:29:36.736820,18.1,49.2,1
2026-01-12T03:29:38.991380,18.2,49.3,1
2026-01-12T03:29:41.245908,18.2,49.2,1
2026-01-12T03:29:43.500170,18.1,49.2,1
2026-01-12T03:29:45.754857,18.1,49.2,1
2026-01-12T03:29:48.009479,18.1,49.2,1
2026-01-12T03:29:50.264269,18.1,49.2,1
2026-01-12T03:29:52.519950,18.2,49.3,1
2026-01-12T03:29:54.774458,18.2,49.3,1
2026-01-12T03:29:57.028942,18.1,49.2,1
2026-01-12T03:29:59.283608,18.2,49.2,1
2026-01-12T03:30:01.538100,18.1,49.1,1
2026-01-12T03:30:03.873723,18.1,49.1,0
2026-01-12T03:30:06.129555,18.1,49.1,0
2026-01-12T03:30:08.384045,18.1,49.1,0
2026-01-12T03:30:10.638847,18.2,49.2,0
2026-01-12T03:30:12.893552,18.2,49.2,0
2026-01-12T03:30:15.148119,18.1,49.1,0
2026-01-12T03:30:17.403052,18.1,49.2,0
2026-01-12T03:30:19.657772,18.2,49.2,1
2026-01-12T03:30:21.912359,18.1,49.3,1
2026-01-12T03:30:24.167204,18.1,49.3,1
2026-01-12T03:30:26.421889,18.1,49.3,1
2026-01-12T03:30:28.676532,18.1,49.4,1
2026-01-12T03:30:30.931136,18.1,49.4,1
2026-01-12T03:30:33.185782,18.2,49.5,1
2026-01-12T03:30:35.440271,18.1,49.4,1
2026-01-12T03:30:37.695170,18.1,49.4,1
2026-01-12T03:30:39.949840,18.1,49.4,1
2026-01-12T03:30:42.204243,18.1,49.4,1
2026-01-12T03:30:44.459056,18.2,49.4,1
2026-01-12T03:30:46.713727,18.2,49.4,1
2026-01-12T03:30:48.968104,18.1,49.3,1
2026-01-12T03:30:51.222972,18.2,49.3,1
2026-01-12T03:30:53.477606,18.1,49.2,1
2026-01-12T03:30:55.732251,18.2,49.3,1
2026-01-12T03:30:57.987102,18.1,49.2,1
2026-01-12T03:31:00.241789,18.2,49.2,0
2026-01-12T03:31:02.496343,18.1,49.2,0
2026-01-12T03:31:04.751122,18.1,49.2,0
2026-01-12T03:31:07.005766,18.1,49.2,0
2026-01-12T03:31:09.259952,18.1,49.2,0
2026-01-12T03:31:11.514739,18.2,49.2,0
2026-01-12T03:31:13.769173,18.2,49.2,0
2026-01-12T03:31:16.023598,18.1,49.2,1
2026-01-12T03:31:18.278402,18.1,49.1,1
2026-01-12T03:31:20.533065,18.1,49.2,1
2026-01-12T03:31:22.787616,18.1,49.2,1
2026-01-12T03:31:25.042340,18.1,49.2,1
2026-01-12T03:31:27.298686,18.2,49.3,1
2026-01-12T03:31:29.553316,18.1,49.2,1
2026-01-12T03:31:31.808124,18.2,49.2,1
2026-01-12T03:31:34.062781,18.2,49.3,1
2026-01-12T03:31:36.317360,18.1,49.2,1
2026-01-12T03:31:38.572017,18.1,49.2,1
2026-01-12T03:31:40.826697,18.1,49.2,1
2026-01-12T03:31:43.081231,18.1,49.1,1
2026-01-12T03:31:45.335956,18.1,49.2,1
2026-01-12T03:31:47.590199,18.1,49.2,1
2026-01-12T03:31:49.844420,18.1,49.1,1
2026-01-12T03:31:52.099227,18.1,49.2,1
2026-01-12T03:31:54.353898,18.2,49.2,1
2026-01-12T03:31:56.608526,18.1,49.2,0
2026-01-12T03:31:58.863295,18.1,49.1,0
2026-01-12T03:32:01.117882,18.1,49.2,0
2026-01-12T03:32:03.372153,18.1,49.1,0
2026-01-12T03:32:05.627095,18.1,49.1,0
2026-01-12T03:32:07.881359,18.1,49.2,0
2026-01-12T03:32:10.135895,18.1,49.2,0
2026-01-12T03:32:12.390641,18.1,49.2,1
2026-01-12T03:32:14.645381,18.1,49.2,1
2026-01-12T03:32:16.899945,18.1,49.2,1
2026-01-12T03:32:19.154703,18.1,49.2,1
2026-01-12T03:32:21.409349,18.1,49.2,1
2026-01-12T03:32:23.663908,18.2,49.2,1
2026-01-12T03:32:25.918699,18.1,49.2,1
2026-01-12T03:32:28.173205,18.1,49.2,1
2026-01-12T03:32:30.427759,18.1,49.2,1
2026-01-12T03:32:32.682530,18.1,49.2,1
2026-01-12T03:32:34.937166,18.1,49.2,1
2026-01-12T03:32:37.191637,18.1,49.1,1
2026-01-12T03:32:39.446371,18.2,49.2,1
2026-01-12T03:32:41.701063,18.1,49.2,1
2026-01-12T03:32:43.955618,18.1,49.1,1
2026-01-12T03:32:46.210385,18.1,49.2,1
2026-01-12T03:32:48.465064,18.1,49.2,1
2026-01-12T03:32:50.719678,18.1,49.1,1
2026-01-12T03:32:52.974409,18.1,49.2,0
2026-01-12T03:32:55.229047,18.1,49.2,0
2026-01-12T03:32:57.483615,18.1,49.1,0
2026-01-12T03:32:59.738382,18.1,49.2,0
2026-01-12T03:33:01.994631,18.1,49.2,0
2026-01-12T03:33:04.249182,18.1,49.2,0
2026-01-12T03:33:06.503967,18.1,49.2,0
2026-01-12T03:33:08.758653,18.1,49.2,1
2026-01-12T03:33:11.013260,18.1,49.2,1
2026-01-12T03:33:13.268073,18.1,49.2,1
2026-01-12T03:33:15.522818,18.2,49.3,1
2026-01-12T03:33:17.777330,18.1,49.2,1
2026-01-12T03:33:20.032126,18.1,49.2,1
2026-01-12T03:33:22.286810,18.1,49.2,1
2026-01-12T03:33:24.541464,18.1,49.2,1
2026-01-12T03:33:26.796283,18.1,49.2,1
2026-01-12T03:33:29.051047,18.1,49.2,1
2026-01-12T03:33:31.305630,18.1,49.2,1
2026-01-12T03:33:33.560516,18.1,49.2,1
2026-01-12T03:33:35.817280,18.1,49.1,1
2026-01-12T03:33:38.071812,18.1,49.1,1
2026-01-12T03:33:40.326603,18.1,49.2,1
2026-01-12T03:33:42.581230,18.1,49.2,1
2026-01-12T03:33:44.835835,18.1,49.2,1
2026-01-12T03:33:47.090572,18.1,49.2,1
2026-01-12T03:33:49.345218,18.1,49.2,0
2026-01-12T03:33:51.599348,18.1,49.1,0
2026-01-12T03:33:53.854158,18.1,49.1,0
2026-01-12T03:33:56.108761,18.1,49.1,0
2026-01-12T03:33:58.363385,18.1,49.2,0
2026-01-12T03:34:00.618251,18.1,49.2,0
2026-01-12T03:34:02.872933,18.1,49.2,0
2026-01-12T03:34:05.127511,18.1,49.1,1
2026-01-12T03:34:07.382268,18.1,49.1,1
2026-01-12T03:34:09.636993,18.1,49.2,1
2026-01-12T03:34:11.891621,18.1,49.2,1
2026-01-12T03:34:14.146458,18.1,49.2,1
2026-01-12T03:34:16.401045,18.1,49.2,1
2026-01-12T03:34:18.655765,18.1,49.2,1
2026-01-12T03:34:20.910544,18.1,49.3,1
2026-01-12T03:34:23.167345,18.1,49.3,1
2026-01-12T03:34:25.421935,18.1,49.2,1
2026-01-12T03:34:27.676787,18.1,49.2,1
2026-01-12T03:34:29.931270,18.1,49.3,1
2026-01-12T03:34:32.185899,18.1,49.3,1
2026-01-12T03:34:34.440674,18.1,49.3,1
2026-01-12T03:34:36.695447,18.1,49.3,1
2026-01-12T03:34:38.950031,18.1,49.3,1
2026-01-12T03:34:41.204816,18.1,49.3,1
2026-01-12T03:34:43.459446,18.1,49.3,1
2026-01-12T03:34:45.714129,18.1,49.3,1
2026-01-12T03:34:47.968982,18.1,49.2,0
2026-01-12T03:34:50.223670,18.1,49.3,0
2026-01-12T03:34:52.478276,18.1,49.2,0
2026-01-12T03:34:54.733147,18.1,49.2,0
2026-01-12T03:34:56.987800,18.1,49.2,0
2026-01-12T03:34:59.242383,18.1,49.2,0
2026-01-12T03:35:01.497166,18.1,49.2,1
2026-01-12T03:35:03.751872,18.1,49.2,1
2026-01-12T03:35:06.006424,18.1,49.2,1
2026-01-12T03:35:08.261240,18.1,49.2,1
2026-01-12T03:35:10.515938,18.1,49.2,1
2026-01-12T03:35:12.770381,18.1,49.1,1
2026-01-12T03:35:15.025201,18.1,49.2,1
2026-01-12T03:35:17.279903,18.1,49.2,1
2026-01-12T03:35:19.534513,18.1,49.2,1
2026-01-12T03:35:21.789312,18.1,49.2,1
2026-01-12T03:35:24.043976,18.1,49.2,1
2026-01-12T03:35:26.298565,18.1,49.2,1
2026-01-12T03:35:28.553412,18.1,49.2,1
2026-01-12T03:35:30.808108,18.1,49.3,1
2026-01-12T03:35:33.062697,18.1,49.2,1
2026-01-12T03:35:35.317265,18.1,49.3,1
2026-01-12T03:35:37.572015,18.1,49.3,1
2026-01-12T03:35:39.826639,18.1,49.3,1
2026-01-12T03:35:42.081415,18.1,49.3,1
2026-01-12T03:35:44.336067,18.1,49.3,0
2026-01-12T03:35:46.590822,18.1,49.3,0
2026-01-12T03:35:48.845629,18.1,49.2,0
2026-01-12T03:35:51.100198,18.1,49.2,0
2026-01-12T03:35:53.354723,18.1,49.2,0
2026-01-12T03:35:55.609564,18.1,49.1,0
2026-01-12T03:35:57.864190,18.1,49.1,1
2026-01-12T03:36:00.118802,18.1,49.2,1
2026-01-12T03:36:02.373601,18.1,49.1,1
2026-01-12T03:36:04.628298,18.1,49.1,1
2026-01-12T03:36:06.882936,18.1,49.1,1
2026-01-12T03:36:09.137678,18.1,49.1,1
2026-01-12T03:36:11.392306,18.1,49.1,1
2026-01-12T03:36:13.646990,18.1,49.1,1
2026-01-12T03:36:15.901732,18.1,49.1,1
2026-01-12T03:36:18.156387,18.1,49.1,1
2026-01-12T03:36:20.411061,18.1,49.1,1
2026-01-12T03:36:22.665913,18.1,49.1,1
2026-01-12T03:36:24.920573,18.1,49.1,1
2026-01-12T03:36:27.175123,18.1,49.1,1
2026-01-12T03:36:29.429845,18.1,49.1,1
2026-01-12T03:36:31.684595,18.1,49.1,1
2026-01-12T03:36:33.939129,18.1,49.1,1
2026-01-12T03:36:36.193928,18.1,49.1,1
2026-01-12T03:36:38.448624,18.1,49.1,1
2026-01-12T03:36:40.703331,18.1,49.1,0
2026-01-12T03:36:42.958111,18.1,49.1,0
2026-01-12T03:36:45.212748,18.1,49.1,0
2026-01-12T03:36:47.467324,18.1,49.1,0
2026-01-12T03:36:49.722213,18.1,49.1,0
2026-01-12T03:36:51.976855,18.1,49.1,0
2026-01-12T03:36:54.231468,18.1,49.1,1
2026-01-12T03:36:56.486272,18.1,49.1,1
2026-01-12T03:36:58.741018,18.1,49.2,1
2026-01-12T03:37:00.995560,18.1,49.1,1
2026-01-12T03:37:03.250353,18.1,49.2,1
2026-01-12T03:37:05.504959,18.1,49.1,1
2026-01-12T03:37:07.759601,18.1,49.1,1
2026-01-12T03:37:10.014303,18.1,49.1,1
2026-01-12T03:37:12.268965,18.1,49.1,1
2026-01-12T03:37:14.523606,18.1,49.1,1
2026-01-12T03:37:16.778076,18.1,49.1,1
2026-01-12T03:37:19.032757,18.1,49.1,1
2026-01-12T03:37:21.287331,18.1,49.1,1
2026-01-12T03:37:23.542233,18.1,49.1,1
2026-01-12T03:37:25.796932,18.1,49.1,1
2026-01-12T03:37:28.051509,18.1,49.1,1
2026-01-12T03:37:30.306319,18.1,49.1,1
2026-01-12T03:37:32.561083,18.1,49.1,1
2026-01-12T03:37:34.816117,18.1,49.1,1
2026-01-12T03:37:37.070968,18.1,49.0,0
2026-01-12T03:37:39.325687,18.1,48.9,0
2026-01-12T03:37:41.580308,18.1,49.0,0
2026-01-12T03:37:43.835195,18.1,48.9,0
2026-01-12T03:37:46.089776,18.1,48.9,0
2026-01-12T03:37:48.344401,18.1,48.9,0
2026-01-12T03:37:50.599266,18.1,48.9,1
2026-01-12T03:37:52.853869,18.1,48.9,1
2026-01-12T03:37:55.108461,18.1,48.9,1
2026-01-12T03:37:57.363304,18.1,48.9,1
2026-01-12T03:37:59.618013,18.1,48.9,1
2026-01-12T03:38:01.872573,18.1,48.9,1
2026-01-12T03:38:04.127358,18.1,48.8,1
2026-01-12T03:38:06.382048,18.1,48.8,1
2026-01-12T03:38:08.636733,18.1,48.8,1
2026-01-12T03:38:10.891268,18.1,48.8,1
2026-01-12T03:38:13.145940,18.1,48.7,1
2026-01-12T03:38:15.400502,18.1,48.8,1
2026-01-12T03:38:17.655328,18.1,48.7,1
2026-01-12T03:38:19.910046,18.1,48.7,1
2026-01-12T03:38:22.164653,18.1,48.6,1
2026-01-12T03:38:24.419450,18.1,48.7,1
2026-01-12T03:38:26.674206,18.1,48.6,1
2026-01-12T03:38:28.928780,18.1,48.6,1
2026-01-12T03:38:31.183541,18.1,48.6,1
2026-01-12T03:38:33.438190,18.1,48.6,0
2026-01-12T03:38:35.692835,18.1,48.6,0
2026-01-12T03:38:37.947618,18.1,48.6,0
2026-01-12T03:38:40.202276,18.1,48.6,0
2026-01-12T03:38:42.456869,18.2,48.6,0
2026-01-12T03:38:44.711731,18.1,48.5,0
2026-01-12T03:38:46.966468,18.1,48.6,1
2026-01-12T03:38:49.221050,18.1,48.6,1
2026-01-12T03:38:51.475750,18.1,48.6,1
2026-01-12T03:38:53.730230,18.1,48.6,1
2026-01-12T03:38:55.984752,18.1,48.6,1
2026-01-12T03:38:58.239352,18.1,48.5,1
2026-01-12T03:39:00.493923,18.1,48.6,1
2026-01-12T03:39:02.748519,18.1,48.6,1
2026-01-12T03:39:05.003318,18.1,48.6,1
2026-01-12T03:39:07.257989,18.1,48.6,1
2026-01-12T03:39:09.512574,18.1,48.6,1
2026-01-12T03:39:11.767465,18.1,48.6,1
2026-01-12T03:39:14.022141,18.1,48.6,1
2026-01-12T03:39:16.276623,18.1,48.6,1
2026-01-12T03:39:18.531587,18.1,48.6,1
2026-01-12T03:39:20.788407,18.1,48.6,1
2026-01-12T03:39:23.043022,18.1,48.5,1
2026-01-12T03:39:25.297801,18.1,48.5,1
2026-01-12T03:39:27.552552,18.1,48.5,1
2026-01-12T03:39:29.807163,18.1,48.5,0
2026-01-12T03:39:32.061989,18.1,48.5,0
2026-01-12T03:39:34.316622,18.1,48.5,0
2026-01-12T03:39:36.571289,18.1,48.6,0
2026-01-12T03:39:38.826061,18.1,48.5,0
2026-01-12T03:39:41.080685,18.1,48.6,0
2026-01-12T03:39:43.335263,18.1,48.6,1
2026-01-12T03:39:45.590181,18.1,48.6,1
2026-01-12T03:39:47.844784,18.1,48.7,1
2026-01-12T03:39:50.099342,18.2,48.7,1
2026-01-12T03:39:52.354181,18.1,48.6,1
2026-01-12T03:39:54.608911,18.1,48.6,1
2026-01-12T03:39:56.863525,18.1,48.6,1
2026-01-12T03:39:59.118187,18.1,48.6,1
2026-01-12T03:40:01.374440,18.1,48.6,1
2026-01-12T03:40:03.629076,18.1,48.7,1
2026-01-12T03:40:05.883928,18.1,48.6,1
2026-01-12T03:40:08.138602,18.1,48.6,1
2026-01-12T03:40:10.393157,18.1,48.6,1
2026-01-12T03:40:12.647993,18.1,48.6,1
2026-01-12T03:40:14.904696,18.1,48.7,1
2026-01-12T03:40:17.159242,18.1,48.7,1
2026-01-12T03:40:19.414117,18.1,48.8,1
2026-01-12T03:40:21.670961,18.1,48.8,1
2026-01-12T03:40:23.925532,18.1,48.8,1
2026-01-12T03:40:26.180320,18.1,48.8,0
2026-01-12T03:40:28.434498,18.1,48.8,0
2026-01-12T03:40:30.689056,18.1,48.8,0
2026-01-12T03:40:32.943847,18.1,48.8,0
2026-01-12T03:40:35.198523,18.1,48.8,0
2026-01-12T03:40:37.453163,18.1,48.8,0
2026-01-12T03:40:39.708063,18.1,48.8,1
2026-01-12T03:40:41.962711,18.1,48.8,1
2026-01-12T03:40:44.217229,18.1,48.8,1
2026-01-12T03:40:46.472022,18.1,48.8,1
2026-01-12T03:40:48.726765,18.1,48.8,1
2026-01-12T03:40:50.981384,18.1,48.8,1
2026-01-12T03:40:53.236104,18.1,48.8,1
2026-01-12T03:40:55.490783,18.1,48.8,1
2026-01-12T03:40:57.745426,18.1,48.8,1
2026-01-12T03:41:00.000200,18.1,48.8,1
2026-01-12T03:41:02.254813,18.1,48.8,1
2026-01-12T03:41:04.509342,18.1,48.7,1
2026-01-12T03:41:06.764229,18.1,48.7,1
2026-01-12T03:41:09.018926,18.1,48.7,1
2026-01-12T03:41:11.273204,18.1,48.6,1
2026-01-12T03:41:13.528107,18.1,48.6,1
2026-01-12T03:41:15.782797,18.1,48.6,1
2026-01-12T03:41:18.037312,18.1,48.6,1
2026-01-12T03:41:20.292081,18.1,48.6,1
2026-01-12T03:41:22.546742,18.1,48.6,0
2026-01-12T03:41:24.801354,18.1,48.6,0
2026-01-12T03:41:27.056140,18.1,48.6,0
2026-01-12T03:41:29.310830,18.1,48.6,0
2026-01-12T03:41:31.565500,18.1,48.6,0
2026-01-12T03:41:33.820321,18.1,48.6,0
2026-01-12T03:41:36.074501,18.2,48.6,0
2026-01-12T03:41:38.329107,18.1,48.6,1
2026-01-12T03:41:40.583591,18.1,48.6,1
2026-01-12T03:41:42.838299,18.1,48.6,1
2026-01-12T03:41:45.092816,18.1,48.7,1
2026-01-12T03:41:47.347562,18.1,48.7,1
2026-01-12T03:41:49.602334,18.1,48.8,1
2026-01-12T03:41:51.856897,18.1,48.8,1
2026-01-12T03:41:54.111663,18.1,48.9,1
2026-01-12T03:41:56.368419,18.1,48.8,1
2026-01-12T03:41:58.623126,18.1,48.9,1
2026-01-12T03:42:00.877914,18.1,48.9,1
2026-01-12T03:42:03.132317,18.1,48.9,1
2026-01-12T03:42:05.386846,18.1,48.9,1
2026-01-12T03:42:07.641800,18.1,48.9,1
2026-01-12T03:42:09.896441,18.1,48.9,1
2026-01-12T03:42:12.151068,18.1,48.9,1
2026-01-12T03:42:14.405858,18.1,48.9,1
2026-01-12T03:42:16.660875,18.1,48.8,1
2026-01-12T03:42:18.915444,18.1,48.8,0
2026-01-12T03:42:21.170269,18.1,48.8,0
2026-01-12T03:42:23.424940,18.1,48.8,0
2026-01-12T03:42:25.679621,18.1,48.8,0
2026-01-12T03:42:27.934429,18.1,48.8,0
2026-01-12T03:42:30.189068,18.1,48.8,0
2026-01-12T03:42:32.443631,18.1,48.8,0
2026-01-12T03:42:34.698561,18.1,48.7,1
2026-01-12T03:42:36.953247,18.1,48.7,1
2026-01-12T03:42:39.207868,18.1,48.7,1
2026-01-12T03:42:41.462619,18.1,48.7,1
2026-01-12T03:42:43.717347,18.1,48.7,1
2026-01-12T03:42:45.971921,18.1,48.8,1
2026-01-12T03:42:48.226703,18.1,48.8,1
2026-01-12T03:42:50.481325,18.1,48.8,1
2026-01-12T03:42:52.735909,18.1,48.8,1
2026-01-12T03:42:54.990611,18.1,48.8,1
2026-01-12T03:42:57.245258,18.1,48.8,1
2026-01-12T03:42:59.499753,18.1,48.9,1
2026-01-12T03:43:01.754504,18.1,48.9,1
2026-01-12T03:43:04.009046,18.1,48.8,1
2026-01-12T03:43:06.263506,18.1,48.8,1
2026-01-12T03:43:08.518224,18.1,48.8,1
2026-01-12T03:43:10.772830,18.1,48.8,1
2026-01-12T03:43:13.027389,18.1,48.8,1
2026-01-12T03:43:15.282131,18.1,48.8,0
2026-01-12T03:43:17.536798,18.1,48.8,0
2026-01-12T03:43:19.791325,18.1,48.8,0
2026-01-12T03:43:22.046020,18.1,48.8,0
2026-01-12T03:43:24.300546,18.1,48.8,0
2026-01-12T03:43:26.555140,18.1,48.8,0
2026-01-12T03:43:28.809991,18.1,48.8,0
2026-01-12T03:43:31.064367,18.1,48.8,1
2026-01-12T03:43:33.318930,18.1,48.8,1
2026-01-12T03:43:35.573892,18.1,48.8,1
2026-01-12T03:43:37.828448,18.1,48.8,1
2026-01-12T03:43:40.082938,18.1,48.8,1
2026-01-12T03:43:42.337575,18.1,48.8,1
2026-01-12T03:43:44.591736,18.1,48.8,1
2026-01-12T03:43:46.846283,18.1,48.8,1
2026-01-12T03:43:49.100857,18.1,48.8,1
2026-01-12T03:43:51.355423,18.1,48.8,1
2026-01-12T03:43:53.609806,18.1,48.9,1
2026-01-12T03:43:55.864456,18.1,48.8,1
2026-01-12T03:43:58.119040,18.1,48.8,1
2026-01-12T03:44:00.373509,18.1,48.9,1
2026-01-12T03:44:02.628371,18.1,48.9,1
2026-01-12T03:44:04.882942,18.1,48.9,1
2026-01-12T03:44:07.137436,18.1,48.8,1
2026-01-12T03:44:09.392139,18.1,48.9,1
2026-01-12T03:44:11.646817,18.1,48.9,0
2026-01-12T03:44:13.901306,18.1,48.9,0
2026-01-12T03:44:16.155856,18.1,48.9,0
2026-01-12T03:44:18.410414,18.1,48.9,0
2026-01-12T03:44:20.665019,18.1,48.9,0
2026-01-12T03:44:22.919707,18.1,48.9,0
2026-01-12T03:44:25.174252,18.1,48.9,0
2026-01-12T03:44:27.428531,18.1,48.9,1
2026-01-12T03:44:29.683359,18.1,48.9,1
2026-01-12T03:44:31.937908,18.1,48.9,1
2026-01-12T03:44:34.192391,18.1,48.8,1
2026-01-12T03:44:36.447116,18.1,48.9,1
2026-01-12T03:44:38.701588,18.1,48.8,1
2026-01-12T03:44:40.956082,18.1,48.9,1
2026-01-12T03:44:43.210773,18.1,48.9,1
2026-01-12T03:44:45.465385,18.1,48.8,1
2026-01-12T03:44:47.720042,18.1,48.9,1
2026-01-12T03:44:49.974745,18.1,48.9,1
2026-01-12T03:44:52.229302,18.1,48.9,1
2026-01-12T03:44:54.483757,18.1,48.8,1
2026-01-12T03:44:56.738590,18.1,48.8,1
2026-01-12T03:44:58.993199,18.1,48.9,1
2026-01-12T03:45:01.247543,18.1,48.9,1
2026-01-12T03:45:03.502277,18.1,48.9,1
2026-01-12T03:45:05.756892,18.1,48.9,1
2026-01-12T03:45:08.011398,18.1,48.9,0
2026-01-12T03:45:10.266106,18.1,48.9,0
2026-01-12T03:45:12.520741,18.1,48.9,0
2026-01-12T03:45:14.775291,18.1,48.9,0
2026-01-12T03:45:17.030076,18.1,48.9,0
2026-01-12T03:45:19.284649,18.1,48.9,0
2026-01-12T03:45:21.539281,18.1,48.9,0
2026-01-12T03:45:23.794093,18.1,48.9,1
2026-01-12T03:45:26.048635,18.1,48.9,1
2026-01-12T03:45:28.303144,18.1,48.9,1
2026-01-12T03:45:30.557909,18.1,48.9,1
2026-01-12T03:45:32.812557,18.1,48.9,1
2026-01-12T03:45:35.067082,18.1,48.9,1
2026-01-12T03:45:37.321831,18.1,48.9,1
2026-01-12T03:45:39.576402,18.1,48.9,1
2026-01-12T03:45:41.830953,18.1,48.9,1
2026-01-12T03:45:44.085670,18.1,48.9,1
2026-01-12T03:45:46.340171,18.1,48.9,1
2026-01-12T03:45:48.594541,18.1,48.9,1
2026-01-12T03:45:50.857574,18.1,48.9,1
2026-01-12T03:45:53.112131,18.1,48.9,1
2026-01-12T03:45:55.366691,18.1,48.9,1
2026-01-12T03:45:57.621509,18.1,48.9,1
2026-01-12T03:45:59.876070,18.1,48.9,1
2026-01-12T03:46:02.130538,18.1,48.9,1
2026-01-12T03:46:04.385145,18.1,48.9,0
2026-01-12T03:46:06.639839,18.1,48.9,0
2026-01-12T03:46:08.894389,18.1,48.9,0
2026-01-12T03:46:11.149094,18.1,48.9,0
2026-01-12T03:46:13.403649,18.1,48.9,0
2026-01-12T03:46:15.658222,18.1,48.9,0
2026-01-12T03:46:17.912994,18.1,48.9,0
2026-01-12T03:46:20.167549,18.1,49.0,1
2026-01-12T03:46:22.422059,18.1,49.0,1
2026-01-12T03:46:24.676772,18.1,49.1,1
2026-01-12T03:46:26.931316,18.1,49.0,1
2026-01-12T03:46:29.185766,18.1,49.0,1
2026-01-12T03:46:31.440507,18.1,49.0,1
2026-01-12T03:46:33.695200,18.1,49.0,1
2026-01-12T03:46:35.949710,18.1,49.0,1
2026-01-12T03:46:38.204322,18.1,49.0,1
2026-01-12T03:46:40.458827,18.1,49.0,1
2026-01-12T03:46:42.713256,18.1,49.0,1
2026-01-12T03:46:44.968047,18.1,48.9,1
2026-01-12T03:46:47.222622,18.1,48.9,1
2026-01-12T03:46:49.477084,18.1,48.9,1
2026-01-12T03:46:51.731878,18.1,48.8,1
2026-01-12T03:46:53.988556,18.1,48.9,1
2026-01-12T03:46:56.243137,18.1,48.9,1
2026-01-12T03:46:58.497776,18.1,48.9,1
2026-01-12T03:47:00.752368,18.1,48.9,0
2026-01-12T03:47:03.006902,18.1,48.9,0
2026-01-12T03:47:05.261618,18.1,48.9,0
2026-01-12T03:47:07.516866,18.1,48.9,0
2026-01-12T03:47:09.771468,18.1,48.9,0
2026-01-12T03:47:12.026182,18.1,48.9,0
2026-01-12T03:47:14.280591,18.1,48.9,0
2026-01-12T03:47:16.535082,18.1,48.9,1
2026-01-12T03:47:18.789792,18.1,48.9,1
2026-01-12T03:47:21.044367,18.1,48.9,1
2026-01-12T03:47:23.298875,18.1,48.9,1
2026-01-12T03:47:25.553673,18.1,48.8,1
2026-01-12T03:47:27.808022,18.1,48.8,1
2026-01-12T03:47:30.062536,18.1,48.8,1
2026-01-12T03:47:32.317197,18.1,48.9,1
2026-01-12T03:47:34.571910,18.1,48.9,1
2026-01-12T03:47:36.826509,18.1,48.8,1
2026-01-12T03:47:39.081010,18.1,48.9,1
2026-01-12T03:47:41.335680,18.1,48.9,1
2026-01-12T03:47:43.589867,18.1,48.9,1
2026-01-12T03:47:45.844541,18.1,48.9,1
2026-01-12T03:47:48.099075,18.1,48.9,1
2026-01-12T03:47:50.353578,18.1,48.9,1
2026-01-12T03:47:52.608370,18.1,48.9,1
2026-01-12T03:47:54.865144,18.1,48.9,1
2026-01-12T03:47:57.119656,18.1,48.9,0
2026-01-12T03:47:59.374396,18.1,48.9,0
2026-01-12T03:48:01.630513,18.1,48.9,0
2026-01-12T03:48:03.884899,18.1,48.9,0
2026-01-12T03:48:06.139610,18.1,48.9,0
2026-01-12T03:48:08.394191,18.1,48.9,0
2026-01-12T03:48:10.648779,18.1,48.9,0
2026-01-12T03:48:12.903496,18.1,48.9,1
2026-01-12T03:48:15.158061,18.1,48.9,1
2026-01-12T03:48:17.412213,18.1,48.9,1
2026-01-12T03:48:19.667065,18.1,48.9,1
2026-01-12T03:48:21.921634,18.1,48.9,1
2026-01-12T03:48:24.176046,18.1,48.9,1
2026-01-12T03:48:26.430732,18.1,48.9,1
2026-01-12T03:48:28.684844,18.1,48.9,1
2026-01-12T03:48:30.939412,18.1,48.9,1
2026-01-12T03:48:33.194128,18.1,48.9,1
2026-01-12T03:48:35.448684,18.1,48.9,1
2026-01-12T03:48:37.703221,18.1,48.9,1
2026-01-12T03:48:39.957932,18.1,48.9,1
2026-01-12T03:48:42.212495,18.1,48.9,1
2026-01-12T03:48:44.467016,18.1,48.9,1
2026-01-12T03:48:46.721746,18.1,48.9,1
2026-01-12T03:48:48.976287,18.1,48.9,1
2026-01-12T03:48:51.230855,18.1,48.9,1
2026-01-12T03:48:53.485589,18.1,48.9,0
2026-01-12T03:48:55.740138,18.1,48.9,0
2026-01-12T03:48:57.994587,18.1,48.9,0
2026-01-12T03:49:00.249267,18.1,48.9,0
2026-01-12T03:49:02.503819,18.1,48.9,0
2026-01-12T03:49:04.758344,18.1,48.9,0
2026-01-12T03:49:07.013081,18.1,48.9,0
2026-01-12T03:49:09.267704,18.1,48.9,1
2026-01-12T03:49:11.522392,18.1,48.9,1
2026-01-12T03:49:13.776990,18.1,48.9,1
2026-01-12T03:49:16.031569,18.1,48.9,1
2026-01-12T03:49:18.286099,18.1,48.9,1
2026-01-12T03:49:20.540798,18.1,48.9,1
2026-01-12T03:49:22.794954,18.1,48.9,1
2026-01-12T03:49:25.049491,18.1,48.9,1
2026-01-12T03:49:27.304130,18.1,49.0,1
2026-01-12T03:49:29.558828,18.1,49.0,1
2026-01-12T03:49:31.813382,18.1,49.1,1
2026-01-12T03:49:34.068088,18.1,49.1,1
2026-01-12T03:49:36.322667,18.1,49.1,1
2026-01-12T03:49:38.577317,18.1,49.1,1
2026-01-12T03:49:40.832148,18.1,49.1,1
2026-01-12T03:49:43.086665,18.1,49.1,1
2026-01-12T03:49:45.341143,18.1,49.1,1
2026-01-12T03:49:47.595758,18.1,49.1,1
2026-01-12T03:49:49.850351,18.1,49.0,0
2026-01-12T03:49:52.104614,18.1,49.0,0
2026-01-12T03:49:54.359275,18.1,49.0,0
2026-01-12T03:49:56.613839,18.1,49.0,0
2026-01-12T03:49:58.868234,18.1,49.0,0
2026-01-12T03:50:01.123035,18.1,49.0,0
2026-01-12T03:50:03.377605,18.1,49.0,0
2026-01-12T03:50:05.632092,18.1,48.9,1
2026-01-12T03:50:07.886969,18.1,48.9,1
2026-01-12T03:50:10.141502,18.1,48.9,1
2026-01-12T03:50:12.396022,18.1,48.9,1
2026-01-12T03:50:14.651040,18.1,48.9,1
2026-01-12T03:50:16.905646,18.1,48.9,1
2026-01-12T03:50:19.159942,18.1,48.9,1
2026-01-12T03:50:21.414750,18.1,48.9,1
2026-01-12T03:50:23.669344,18.1,48.9,1
2026-01-12T03:50:25.923757,18.1,48.9,1
2026-01-12T03:50:28.178497,18.1,48.9,1
2026-01-12T03:50:30.433055,18.1,48.9,1
2026-01-12T03:50:32.687412,18.1,48.9,1
2026-01-12T03:50:34.942105,18.1,48.9,1
2026-01-12T03:50:37.196371,18.1,48.9,1
2026-01-12T03:50:39.450936,18.1,48.9,1
2026-01-12T03:50:41.705580,18.1,48.9,1
2026-01-12T03:50:43.960148,18.1,48.9,1
2026-01-12T03:50:46.214697,18.1,48.9,0
2026-01-12T03:50:48.469242,18.1,48.9,0
2026-01-12T03:50:50.723860,18.1,48.9,0
2026-01-12T03:50:52.978449,18.1,48.9,0
2026-01-12T03:50:55.233130,18.1,48.9,0
2026-01-12T03:50:57.487772,18.1,48.9,0
2026-01-12T03:50:59.742369,18.1,48.9,0
2026-01-12T03:51:01.996722,18.1,48.9,1
2026-01-12T03:51:04.251290,18.1,48.9,1
2026-01-12T03:51:06.505760,18.1,48.9,1
2026-01-12T03:51:08.760493,18.1,48.9,1
2026-01-12T03:51:11.015127,18.1,48.9,1
2026-01-12T03:51:13.269416,18.1,48.9,1
2026-01-12T03:51:15.524242,18.1,48.9,1
2026-01-12T03:51:17.778847,18.1,48.9,1
2026-01-12T03:51:20.033399,18.1,48.9,1
2026-01-12T03:51:22.288018,18.1,48.9,1
2026-01-12T03:51:24.542675,18.1,48.9,1
2026-01-12T03:51:26.796803,18.1,48.9,1
2026-01-12T03:51:29.051389,18.1,48.9,1
2026-01-12T03:51:31.305540,18.1,48.9,1
2026-01-12T03:51:33.559999,18.1,48.9,1
2026-01-12T03:51:35.814698,18.1,48.9,1
2026-01-12T03:51:38.068864,18.1,48.9,1
2026-01-12T03:51:40.323135,18.1,48.9,1
2026-01-12T03:51:42.577862,18.1,48.9,0
2026-01-12T03:51:44.832413,18.1,48.9,0
2026-01-12T03:51:47.086972,18.1,48.9,0
2026-01-12T03:51:49.341547,18.2,49.0,0
2026-01-12T03:51:51.595763,18.1,48.9,0
2026-01-12T03:51:53.850201,18.1,48.9,0
2026-01-12T03:51:56.104747,18.1,48.9,0
2026-01-12T03:51:58.359129,18.1,48.9,1
2026-01-12T03:52:00.613621,18.1,48.9,1
2026-01-12T03:52:02.868264,18.1,48.9,1
2026-01-12T03:52:05.122833,18.2,49.0,1
2026-01-12T03:52:07.377254,18.1,48.9,1
2026-01-12T03:52:09.631972,18.1,48.9,1
2026-01-12T03:52:11.886522,18.1,48.9,1
2026-01-12T03:52:14.140967,18.1,48.9,1
2026-01-12T03:52:16.395578,18.1,48.9,1
2026-01-12T03:52:18.650236,18.1,48.9,1
2026-01-12T03:52:20.904438,18.1,48.9,1
2026-01-12T03:52:23.159176,18.1,48.9,1
2026-01-12T03:52:25.413678,18.1,48.9,1
2026-01-12T03:52:27.668214,18.1,48.9,1
2026-01-12T03:52:29.922949,18.1,48.9,1
2026-01-12T03:52:32.177487,18.1,48.9,1
2026-01-12T03:52:34.431819,18.2,49.0,1
2026-01-12T03:52:36.686602,18.1,48.9,1
2026-01-12T03:52:38.940989,18.1,48.9,0
2026-01-12T03:52:41.195455,18.1,48.9,0
2026-01-12T03:52:43.449946,18.1,48.9,0
2026-01-12T03:52:45.704512,18.1,48.9,0
2026-01-12T03:52:47.958966,18.1,48.9,0
2026-01-12T03:52:50.213536,18.1,48.9,0
2026-01-12T03:52:52.468032,18.1,48.9,0
2026-01-12T03:52:54.722485,18.1,48.9,1
2026-01-12T03:52:56.976706,18.1,48.9,1
2026-01-12T03:52:59.231276,18.1,48.9,1
2026-01-12T03:53:01.485733,18.1,48.9,1
2026-01-12T03:53:03.740202,18.1,48.9,1
2026-01-12T03:53:05.994702,18.1,48.9,1
2026-01-12T03:53:08.249174,18.1,48.9,1
2026-01-12T03:53:10.503689,18.1,48.9,1
2026-01-12T03:53:12.758336,18.1,48.9,1
2026-01-12T03:53:15.012734,18.1,48.9,1
2026-01-12T03:53:17.267385,18.1,48.9,1
2026-01-12T03:53:19.522058,18.1,48.9,1
2026-01-12T03:53:21.776408,18.1,48.9,1
2026-01-12T03:53:24.031185,18.1,48.9,1
2026-01-12T03:53:26.285706,18.1,48.9,1
2026-01-12T03:53:28.540206,18.1,48.9,1
2026-01-12T03:53:30.794980,18.1,48.9,1
2026-01-12T03:53:33.049474,18.1,48.9,1
2026-01-12T03:53:35.303772,18.1,48.9,0
2026-01-12T03:53:37.558484,18.1,48.9,0
2026-01-12T03:53:39.812837,18.1,48.9,0
2026-01-12T03:53:42.067327,18.1,48.9,0
2026-01-12T03:53:44.321987,18.1,48.9,0
2026-01-12T03:53:46.576535,18.1,48.9,0
2026-01-12T03:53:48.831079,18.1,48.9,0
2026-01-12T03:53:51.085356,18.1,48.9,1
2026-01-12T03:53:53.339824,18.1,48.9,1
2026-01-12T03:53:55.594054,18.1,48.9,1
2026-01-12T03:53:57.848619,18.1,48.9,1
2026-01-12T03:54:00.103140,18.1,48.9,1
2026-01-12T03:54:02.357348,18.1,48.8,1
2026-01-12T03:54:04.612074,18.1,48.9,1
2026-01-12T03:54:06.866593,18.2,49.0,1
2026-01-12T03:54:09.120896,18.1,48.9,1
2026-01-12T03:54:11.375457,18.1,48.9,1
2026-01-12T03:54:13.630069,18.1,48.9,1
2026-01-12T03:54:15.884496,18.1,48.9,1
2026-01-12T03:54:18.139313,18.1,48.9,1
2026-01-12T03:54:20.393888,18.1,48.9,1
2026-01-12T03:54:22.648305,18.1,48.9,1
2026-01-12T03:54:24.902799,18.1,49.0,1
2026-01-12T03:54:27.157354,18.2,49.0,1
2026-01-12T03:54:29.411789,18.1,48.9,1
2026-01-12T03:54:31.666591,18.1,49.0,1
2026-01-12T03:54:33.921158,18.1,48.9,0
2026-01-12T03:54:36.175385,18.2,49.0,0
2026-01-12T03:54:38.430075,18.1,48.9,0
2026-01-12T03:54:40.684354,18.1,48.9,0
2026-01-12T03:54:42.938963,18.1,49.0,0
2026-01-12T03:54:45.193671,18.1,48.9,0
2026-01-12T03:54:47.448267,18.1,48.9,1
2026-01-12T03:54:49.702966,18.1,48.9,1
2026-01-12T03:54:51.957598,18.1,49.0,1
2026-01-12T03:54:54.212079,18.2,49.0,1
2026-01-12T03:54:56.466605,18.1,48.9,1
2026-01-12T03:54:58.721263,18.1,48.9,1
2026-01-12T03:55:00.975741,18.1,48.9,1
2026-01-12T03:55:03.230178,18.1,49.0,1
2026-01-12T03:55:05.484833,18.1,49.0,1
2026-01-12T03:55:07.739310,18.1,49.0,1
2026-01-12T03:55:09.993767,18.1,49.0,1
2026-01-12T03:55:12.248309,18.1,49.0,1
2026-01-12T03:55:14.502910,18.1,49.0,1
2026-01-12T03:55:16.757029,18.1,49.0,1
2026-01-12T03:55:19.011694,18.1,48.9,1
2026-01-12T03:55:21.266072,18.1,49.0,1
2026-01-12T03:55:23.520585,18.1,48.9,1
2026-01-12T03:55:25.775337,18.1,48.9,1
2026-01-12T03:55:28.029896,18.1,48.9,1
2026-01-12T03:55:30.284143,18.1,48.9,0
2026-01-12T03:55:32.538402,18.1,49.0,0
2026-01-12T03:55:34.792911,18.1,49.0,0
2026-01-12T03:55:37.047269,18.1,49.0,0
2026-01-12T03:55:39.301952,18.1,49.0,0
2026-01-12T03:55:41.556560,18.1,49.0,0
2026-01-12T03:55:43.810987,18.1,49.0,1
2026-01-12T03:55:46.065626,18.1,48.9,1
2026-01-12T03:55:48.320138,18.1,48.9,1
2026-01-12T03:55:50.574733,18.1,49.0,1
2026-01-12T03:55:52.829233,18.1,49.0,1
2026-01-12T03:55:55.083721,18.1,49.0,1
2026-01-12T03:55:57.338191,18.1,49.0,1
2026-01-12T03:55:59.592476,18.1,49.0,1
2026-01-12T03:56:01.847025,18.1,49.1,1
2026-01-12T03:56:04.101490,18.1,49.0,1
2026-01-12T03:56:06.355896,18.1,49.0,1
2026-01-12T03:56:08.610559,18.1,49.1,1
2026-01-12T03:56:10.864912,18.1,49.0,1
2026-01-12T03:56:13.119469,18.1,49.0,1
2026-01-12T03:56:15.374051,18.1,49.1,1
2026-01-12T03:56:17.628598,18.1,49.0,1
2026-01-12T03:56:19.883368,18.1,49.0,1
2026-01-12T03:56:22.137910,18.1,49.0,1
2026-01-12T03:56:24.392280,18.1,49.0,1
2026-01-12T03:56:26.647226,18.1,49.0,0
2026-01-12T03:56:28.901735,18.1,49.0,0
2026-01-12T03:56:31.156203,18.1,49.0,0
2026-01-12T03:56:33.410997,18.1,49.0,0
2026-01-12T03:56:35.665441,18.1,49.0,0
2026-01-12T03:56:37.919985,18.1,48.9,0
2026-01-12T03:56:40.174428,18.1,48.9,1
2026-01-12T03:56:42.428972,18.1,49.0,1
2026-01-12T03:56:44.683008,18.1,48.9,1
2026-01-12T03:56:46.937663,18.1,49.0,1
2026-01-12T03:56:49.192138,18.1,49.0,1
2026-01-12T03:56:51.446232,18.1,49.0,1
2026-01-12T03:56:53.700614,18.1,49.0,1
2026-01-12T03:56:55.955121,18.1,49.0,1
2026-01-12T03:56:58.209338,18.1,49.0,1
2026-01-12T03:57:00.463874,18.1,49.0,1
2026-01-12T03:57:02.718522,18.1,49.0,1
2026-01-12T03:57:04.972854,18.1,49.0,1
2026-01-12T03:57:07.227487,18.1,49.0,1
2026-01-12T03:57:09.481962,18.1,49.0,1
2026-01-12T03:57:11.736308,18.1,49.0,1
2026-01-12T03:57:13.990730,18.1,49.0,1
2026-01-12T03:57:16.245242,18.1,49.0,1
2026-01-12T03:57:18.499627,18.1,49.0,1
2026-01-12T03:57:20.754412,18.1,49.0,1
2026-01-12T03:57:23.008921,18.1,49.0,0
2026-01-12T03:57:25.263159,18.1,49.0,0
2026-01-12T03:57:27.517734,18.1,49.0,0
2026-01-12T03:57:29.771979,18.1,49.0,0
2026-01-12T03:57:32.026408,18.1,49.0,0
2026-01-12T03:57:34.281093,18.1,49.0,0
2026-01-12T03:57:36.535605,18.1,49.0,1
2026-01-12T03:57:38.790090,18.1,49.0,1
2026-01-12T03:57:41.044620,18.1,49.0,1
2026-01-12T03:57:43.299223,18.1,48.9,1
2026-01-12T03:57:45.553793,18.1,48.9,1
2026-01-12T03:57:47.808169,18.1,49.0,1
2026-01-12T03:57:50.062725,18.1,49.0,1
2026-01-12T03:57:52.317214,18.1,49.0,1
2026-01-12T03:57:54.571807,18.1,49.0,1
2026-01-12T03:57:56.826366,18.1,49.0,1
2026-01-12T03:57:59.080507,18.1,49.0,1
2026-01-12T03:58:01.335255,18.1,49.1,1
2026-01-12T03:58:03.589402,18.1,49.0,1
2026-01-12T03:58:05.843846,18.1,49.1,1
2026-01-12T03:58:08.098473,18.1,49.0,1
2026-01-12T03:58:10.352599,18.1,49.0,1
2026-01-12T03:58:12.607195,18.1,49.0,1
2026-01-12T03:58:14.861868,18.1,49.0,1
2026-01-12T03:58:17.116365,18.1,49.1,1
2026-01-12T03:58:19.370334,18.1,49.0,0
2026-01-12T03:58:21.624692,18.1,49.1,0
2026-01-12T03:58:23.879241,18.1,49.0,0
2026-01-12T03:58:26.133458,18.1,49.1,0
2026-01-12T03:58:28.388095,18.1,49.1,0
2026-01-12T03:58:30.642679,18.1,49.1,0
2026-01-12T03:58:32.896814,18.1,49.1,1
2026-01-12T03:58:35.151205,18.1,49.1,1
2026-01-12T03:58:37.405817,18.1,49.0,1
2026-01-12T03:58:39.660301,18.1,49.1,1
2026-01-12T03:58:41.915100,18.1,49.0,1
2026-01-12T03:58:44.169442,18.1,49.0,1
2026-01-12T03:58:46.423746,18.1,49.1,1
2026-01-12T03:58:48.678572,18.1,49.0,1
2026-01-12T03:58:50.933118,18.1,49.0,1
2026-01-12T03:58:53.187540,18.1,49.0,1
2026-01-12T03:58:55.442158,18.1,49.0,1
2026-01-12T03:58:57.696468,18.1,49.0,1
2026-01-12T03:58:59.950971,18.1,49.0,1
2026-01-12T03:59:02.205564,18.1,49.0,1
2026-01-12T03:59:04.459566,18.1,49.0,1
2026-01-12T03:59:06.713860,18.1,49.0,1
2026-01-12T03:59:08.968348,18.1,49.0,1
2026-01-12T03:59:11.222879,18.1,49.0,1
2026-01-12T03:59:13.477384,18.1,49.0,1
2026-01-12T03:59:15.732100,18.1,49.0,0
2026-01-12T03:59:17.986616,18.1,49.0,0
2026-01-12T03:59:20.241015,18.1,49.0,0
2026-01-12T03:59:22.495639,18.1,49.0,0
2026-01-12T03:59:24.750224,18.1,49.0,0
2026-01-12T03:59:27.004705,18.1,49.0,0
2026-01-12T03:59:29.259016,18.1,49.0,1
2026-01-12T03:59:31.513469,18.1,49.0,1
2026-01-12T03:59:33.767918,18.1,49.0,1
2026-01-12T03:59:36.022614,18.1,49.0,1
2026-01-12T03:59:38.277160,18.1,49.0,1
2026-01-12T03:59:40.531451,18.1,49.0,1
2026-01-12T03:59:42.786090,18.1,49.0,1
2026-01-12T03:59:45.040274,18.1,49.0,1
2026-01-12T03:59:47.294765,18.1,49.0,1
2026-01-12T03:59:49.549395,18.1,49.0,1
2026-01-12T03:59:51.803790,18.1,49.0,1
2026-01-12T03:59:54.058267,18.1,49.0,1
2026-01-12T03:59:56.312843,18.1,49.0,1
2026-01-12T03:59:58.567335,18.1,49.0,1
2026-01-12T04:00:00.821834,18.1,49.0,1
2026-01-12T04:00:03.076202,18.1,49.0,1
2026-01-12T04:00:05.330826,18.1,49.1,1
2026-01-12T04:00:07.585101,18.1,49.0,1
2026-01-12T04:00:09.839703,18.1,49.0,1
2026-01-12T04:00:12.094346,18.1,49.0,0
2026-01-12T04:00:14.348238,18.1,49.0,0
2026-01-12T04:00:16.603135,18.1,49.0,0
2026-01-12T04:00:18.857676,18.1,49.0,0
2026-01-12T04:00:21.112075,18.1,49.0,0
2026-01-12T04:00:23.366762,18.1,49.0,0
2026-01-12T04:00:25.621454,18.1,49.0,0
2026-01-12T04:00:27.875969,18.1,49.0,1
2026-01-12T04:00:30.130717,18.1,49.0,1
2026-01-12T04:00:32.385253,18.1,49.0,1
2026-01-12T04:00:34.639862,18.1,49.0,1
2026-01-12T04:00:36.894234,18.1,49.0,1
2026-01-12T04:00:39.148418,18.1,49.0,1
2026-01-12T04:00:41.402832,18.1,49.0,1
2026-01-12T04:00:43.657633,18.1,49.0,1
2026-01-12T04:00:45.912058,18.1,49.0,1
2026-01-12T04:00:48.166274,18.1,49.0,1
2026-01-12T04:00:50.420811,18.1,49.0,1
2026-01-12T04:00:52.675294,18.1,49.1,1
2026-01-12T04:00:54.929681,18.1,49.1,1
2026-01-12T04:00:57.184370,18.1,49.0,1
2026-01-12T04:00:59.438852,18.1,49.1,1
2026-01-12T04:01:01.693423,18.1,49.1,1
2026-01-12T04:01:03.947948,18.1,49.1,1
2026-01-12T04:01:06.202407,18.1,49.1,1
2026-01-12T04:01:08.456582,18.1,49.1,0
2026-01-12T04:01:10.711363,18.1,49.0,0
2026-01-12T04:01:12.965979,18.1,49.1,0
2026-01-12T04:01:15.220327,18.1,49.0,0
2026-01-12T04:01:17.475107,18.1,49.0,0
2026-01-12T04:01:19.729820,18.1,49.0,0
2026-01-12T04:01:21.984056,18.1,49.1,0
2026-01-12T04:01:24.238703,18.1,49.0,1
2026-01-12T04:01:26.493099,18.1,49.1,1
2026-01-12T04:01:28.747495,18.1,49.1,1
2026-01-12T04:01:31.002227,18.1,49.0,1
2026-01-12T04:01:33.256722,18.1,49.1,1
2026-01-12T04:01:35.511172,18.1,49.0,1
2026-01-12T04:01:37.765930,18.1,49.0,1
2026-01-12T04:01:40.020285,18.1,49.1,1
2026-01-12T04:01:42.274813,18.1,49.1,1
2026-01-12T04:01:44.529598,18.1,49.0,1
2026-01-12T04:01:46.784244,18.1,49.1,1
2026-01-12T04:01:49.038758,18.1,49.0,1
2026-01-12T04:01:51.293479,18.1,49.1,1
2026-01-12T04:01:53.548133,18.1,49.0,1
2026-01-12T04:01:55.802610,18.1,49.0,1
2026-01-12T04:01:58.057282,18.1,49.0,1
2026-01-12T04:02:00.311574,18.1,49.1,1
2026-01-12T04:02:02.566110,18.1,49.0,1
2026-01-12T04:02:04.820892,18.1,49.1,0
2026-01-12T04:02:07.075294,18.1,49.0,0
2026-01-12T04:02:09.329776,18.1,49.0,0
2026-01-12T04:02:11.584116,18.1,49.0,0
2026-01-12T04:02:13.840782,18.1,49.1,0
2026-01-12T04:02:16.095308,18.1,49.1,0
2026-01-12T04:02:18.349683,18.1,49.0,0
2026-01-12T04:02:20.603781,18.1,49.0,1
2026-01-12T04:02:22.858245,18.1,49.0,1
2026-01-12T04:02:25.112584,18.1,49.0,1
2026-01-12T04:02:27.367209,18.1,49.1,1
2026-01-12T04:02:29.621495,18.1,49.0,1
2026-01-12T04:02:31.876243,18.1,49.0,1
2026-01-12T04:02:34.130773,18.1,49.1,1
2026-01-12T04:02:36.385232,18.1,49.1,1
2026-01-12T04:02:38.639854,18.1,49.0,1
2026-01-12T04:02:40.894115,18.1,49.1,1
2026-01-12T04:02:43.148289,18.1,49.1,1
2026-01-12T04:02:45.403021,18.1,49.0,1
2026-01-12T04:02:47.657318,18.1,49.1,1
2026-01-12T04:02:49.911440,18.1,49.0,1
2026-01-12T04:02:52.165981,18.1,49.1,1
2026-01-12T04:02:54.420219,18.1,49.1,1
2026-01-12T04:02:56.674913,18.1,49.0,1
2026-01-12T04:02:58.929647,18.1,49.1,1
2026-01-12T04:03:01.184215,18.1,49.0,0
2026-01-12T04:03:03.438661,18.1,49.1,0
2026-01-12T04:03:05.693208,18.1,49.1,0
2026-01-12T04:03:07.947709,18.1,49.0,0
2026-01-12T04:03:10.202023,18.1,49.0,0
2026-01-12T04:03:12.456535,18.1,49.1,0
2026-01-12T04:03:14.711225,18.1,49.1,0
2026-01-12T04:03:16.965717,18.1,49.1,1
2026-01-12T04:03:19.220323,18.1,49.0,1
2026-01-12T04:03:21.474910,18.1,49.1,1
2026-01-12T04:03:23.729436,18.1,49.1,1
2026-01-12T04:03:25.983853,18.1,49.0,1
2026-01-12T04:03:28.238470,18.1,49.0,1
2026-01-12T04:03:30.492988,18.1,49.1,1
2026-01-12T04:03:32.747296,18.1,49.1,1
2026-01-12T04:03:35.001841,18.1,49.0,1
2026-01-12T04:03:37.256112,18.1,49.1,1
2026-01-12T04:03:39.510867,18.1,49.0,1
2026-01-12T04:03:41.765404,18.1,49.1,1
2026-01-12T04:03:44.019833,18.1,49.0,1
2026-01-12T04:03:46.274528,18.1,49.1,1
2026-01-12T04:03:48.529116,18.1,49.1,1
2026-01-12T04:03:50.783475,18.1,49.1,1
2026-01-12T04:03:53.038109,18.1,49.0,1
2026-01-12T04:03:55.292561,18.1,49.1,1
2026-01-12T04:03:57.546585,18.1,49.1,0
2026-01-12T04:03:59.801112,18.1,49.0,0
2026-01-12T04:04:02.055657,18.1,49.1,0
2026-01-12T04:04:04.310151,18.1,49.0,0
2026-01-12T04:04:06.564850,18.1,49.1,0
2026-01-12T04:04:08.819456,18.1,49.1,0
2026-01-12T04:04:11.073851,18.1,49.1,0
2026-01-12T04:04:13.328406,18.1,49.1,1
2026-01-12T04:04:15.582856,18.1,49.1,1
2026-01-12T04:04:17.837263,18.1,49.1,1
2026-01-12T04:04:20.091974,18.1,49.1,1
2026-01-12T04:04:22.346450,18.1,49.1,1
2026-01-12T04:04:24.600501,18.1,49.1,1
2026-01-12T04:04:26.855284,18.1,49.1,1
2026-01-12T04:04:29.109886,18.1,49.1,1
2026-01-12T04:04:31.363970,18.1,49.1,1
2026-01-12T04:04:33.618791,18.1,49.0,1
2026-01-12T04:04:35.873401,18.1,49.1,1
2026-01-12T04:04:38.127880,18.1,49.0,1
2026-01-12T04:04:40.382590,18.1,49.0,1
2026-01-12T04:04:42.637204,18.1,49.1,1
2026-01-12T04:04:44.891565,18.1,49.0,1
2026-01-12T04:04:47.146251,18.1,49.0,1
2026-01-12T04:04:49.400698,18.1,49.1,1
2026-01-12T04:04:51.655271,18.1,49.0,1
2026-01-12T04:04:53.909921,18.1,49.0,0
2026-01-12T04:04:56.164486,18.1,49.1,0
2026-01-12T04:04:58.418946,18.1,49.1,0
2026-01-12T04:05:00.673762,18.1,49.1,0
2026-01-12T04:05:02.928225,18.1,49.0,0
2026-01-12T04:05:05.182767,18.1,49.1,0
2026-01-12T04:05:07.437101,18.1,49.1,0
2026-01-12T04:05:09.691726,18.1,49.0,1
2026-01-12T04:05:11.946233,18.1,49.0,1
2026-01-12T04:05:14.200892,18.1,49.0,1
2026-01-12T04:05:16.455451,18.1,49.0,1
2026-01-12T04:05:18.710043,18.1,49.0,1
2026-01-12T04:05:20.964616,18.1,49.0,1
2026-01-12T04:05:23.219232,18.1,49.0,1
2026-01-12T04:05:25.473609,18.1,49.0,1
2026-01-12T04:05:27.728428,18.1,49.0,1
2026-01-12T04:05:29.982961,18.1,49.0,1
2026-01-12T04:05:32.237458,18.1,49.0,1
2026-01-12T04:05:34.492009,18.1,49.0,1
2026-01-12T04:05:36.746669,18.1,49.0,1
2026-01-12T04:05:39.001155,18.1,49.0,1
2026-01-12T04:05:41.255634,18.1,49.0,1
2026-01-12T04:05:43.510133,18.1,49.0,1
2026-01-12T04:05:45.764690,18.1,49.0,1
2026-01-12T04:05:48.019485,18.1,49.0,1
2026-01-12T04:05:50.274038,18.1,49.1,0
2026-01-12T04:05:52.528503,18.1,49.1,0
2026-01-12T04:05:54.783279,18.1,49.0,0
2026-01-12T04:05:57.037812,18.1,49.1,0
2026-01-12T04:05:59.292239,18.1,49.0,0
2026-01-12T04:06:01.547051,18.1,49.1,0
2026-01-12T04:06:03.801589,18.1,49.0,0
2026-01-12T04:06:06.056047,18.1,49.0,1
2026-01-12T04:06:08.310746,18.1,49.0,1
2026-01-12T04:06:10.565446,18.1,49.1,1
2026-01-12T04:06:12.819959,18.1,49.1,1
2026-01-12T04:06:15.074678,18.1,49.1,1
2026-01-12T04:06:17.329268,18.1,49.1,1
2026-01-12T04:06:19.583411,18.1,49.1,1
2026-01-12T04:06:21.838164,18.1,49.1,1
2026-01-12T04:06:24.092737,18.1,49.1,1
2026-01-12T04:06:26.347306,18.1,49.1,1
2026-01-12T04:06:28.601599,18.1,49.1,1
2026-01-12T04:06:30.856144,18.1,49.1,1
2026-01-12T04:06:33.110698,18.1,49.1,1
2026-01-12T04:06:35.365392,18.1,49.1,1
2026-01-12T04:06:37.619986,18.1,49.1,1
2026-01-12T04:06:39.874504,18.1,49.1,1
2026-01-12T04:06:42.129091,18.1,49.1,1
2026-01-12T04:06:44.383662,18.1,49.1,1
2026-01-12T04:06:46.638200,18.1,49.1,0
2026-01-12T04:06:48.892858,18.1,49.1,0
2026-01-12T04:06:51.147368,18.1,49.1,0
2026-01-12T04:06:53.401909,18.1,49.1,0
2026-01-12T04:06:55.656487,18.1,49.1,0
2026-01-12T04:06:57.911118,18.1,49.1,0
2026-01-12T04:07:00.165581,18.1,49.1,0
2026-01-12T04:07:02.420186,18.1,49.1,1
2026-01-12T04:07:04.674816,18.1,49.1,1
2026-01-12T04:07:06.929321,18.1,49.1,1
2026-01-12T04:07:09.184037,18.1,49.1,1
2026-01-12T04:07:11.438270,18.1,49.1,1
2026-01-12T04:07:13.692813,18.1,49.1,1
2026-01-12T04:07:15.947091,18.1,49.1,1
2026-01-12T04:07:18.201631,18.1,49.1,1
2026-01-12T04:07:20.456078,18.1,49.1,1
2026-01-12T04:07:22.710817,18.1,49.1,1
2026-01-12T04:07:24.965380,18.1,49.1,1
2026-01-12T04:07:27.219757,18.1,49.1,1
2026-01-12T04:07:29.474395,18.1,49.1,1
2026-01-12T04:07:31.728993,18.1,49.1,1
2026-01-12T04:07:33.983454,18.1,49.1,1
2026-01-12T04:07:36.238071,18.1,49.1,1
2026-01-12T04:07:38.492439,18.1,49.1,1
2026-01-12T04:07:40.747082,18.1,49.1,1
2026-01-12T04:07:43.001723,18.1,49.1,0
2026-01-12T04:07:45.256058,18.1,49.1,0
2026-01-12T04:07:47.510484,18.1,49.1,0
2026-01-12T04:07:49.764972,18.1,49.1,0
2026-01-12T04:07:52.019515,18.1,49.1,0
2026-01-12T04:07:54.273976,18.1,49.1,0
2026-01-12T04:07:56.528683,18.1,49.1,0
2026-01-12T04:07:58.783271,18.1,49.1,1
2026-01-12T04:08:01.037709,18.1,49.1,1
2026-01-12T04:08:03.292344,18.1,49.1,1
2026-01-12T04:08:05.547057,18.1,49.1,1
2026-01-12T04:08:07.801376,18.1,49.1,1
2026-01-12T04:08:10.056123,18.1,49.1,1
2026-01-12T04:08:12.310734,18.1,49.1,1
2026-01-12T04:08:14.565279,18.1,49.1,1
2026-01-12T04:08:16.819940,18.1,49.1,1
2026-01-12T04:08:19.074483,18.1,49.1,1
2026-01-12T04:08:21.328914,18.1,49.1,1
2026-01-12T04:08:23.583330,18.1,49.1,1
2026-01-12T04:08:25.837888,18.1,49.1,1
2026-01-12T04:08:28.092360,18.1,49.1,1
2026-01-12T04:08:30.347165,18.1,49.1,1
2026-01-12T04:08:32.601270,18.1,49.1,1
2026-01-12T04:08:34.855635,18.1,49.1,1
2026-01-12T04:08:37.110277,18.1,49.1,1
2026-01-12T04:08:39.364744,18.1,49.1,0
2026-01-12T04:08:41.619031,18.1,49.1,0
2026-01-12T04:08:43.873731,18.1,49.1,0
2026-01-12T04:08:46.128256,18.1,49.1,0
2026-01-12T04:08:48.382784,18.1,49.1,0
2026-01-12T04:08:50.637367,18.1,49.1,0
2026-01-12T04:08:52.891508,18.1,49.1,0
2026-01-12T04:08:55.145972,18.1,49.1,1
2026-01-12T04:08:57.400612,18.1,49.1,1
2026-01-12T04:08:59.655333,18.1,49.1,1
2026-01-12T04:09:01.909740,18.1,49.1,1
2026-01-12T04:09:04.164260,18.1,49.1,1
2026-01-12T04:09:06.418858,18.1,49.1,1
2026-01-12T04:09:08.673409,18.1,49.1,1
2026-01-12T04:09:10.927960,18.1,49.1,1
2026-01-12T04:09:13.182478,18.1,49.1,1
2026-01-12T04:09:15.436724,18.1,49.1,1
2026-01-12T04:09:17.691439,18.1,49.1,1
2026-01-12T04:09:19.945626,18.1,49.1,1
2026-01-12T04:09:22.200000,18.1,49.2,1
2026-01-12T04:09:24.454689,18.1,49.1,1
2026-01-12T04:09:26.709314,18.1,49.2,1
2026-01-12T04:09:28.963654,18.1,49.2,1
2026-01-12T04:09:31.218296,18.1,49.2,1
2026-01-12T04:09:33.472637,18.1,49.2,1
2026-01-12T04:09:35.727269,18.1,49.1,0
2026-01-12T04:09:37.981843,18.1,49.2,0
2026-01-12T04:09:40.236385,18.1,49.2,0
2026-01-12T04:09:42.490855,18.1,49.2,0
2026-01-12T04:09:44.745564,18.1,49.1,0
2026-01-12T04:09:47.000213,18.1,49.2,0
2026-01-12T04:09:49.254240,18.1,49.2,0
2026-01-12T04:09:51.508920,18.1,49.1,1
2026-01-12T04:09:53.763510,18.1,49.1,1
2026-01-12T04:09:56.017994,18.1,49.1,1
2026-01-12T04:09:58.272652,18.1,49.2,1
2026-01-12T04:10:00.527306,18.1,49.1,1
2026-01-12T04:10:02.781818,18.1,49.1,1
2026-01-12T04:10:05.036307,18.1,49.1,1
2026-01-12T04:10:07.290910,18.1,49.1,1
2026-01-12T04:10:09.545516,18.1,49.1,1
2026-01-12T04:10:11.800133,18.1,49.1,1
2026-01-12T04:10:14.054619,18.1,49.2,1
2026-01-12T04:10:16.309099,18.1,49.1,1
2026-01-12T04:10:18.563843,18.1,49.2,1
2026-01-12T04:10:20.818384,18.1,49.1,1
2026-01-12T04:10:23.072504,18.1,49.1,1
2026-01-12T04:10:25.327197,18.1,49.1,1
2026-01-12T04:10:27.581483,18.1,49.1,1
2026-01-12T04:10:29.835908,18.1,49.2,1
2026-01-12T04:10:32.090695,18.1,49.1,0
2026-01-12T04:10:34.345200,18.1,49.1,0
2026-01-12T04:10:36.599244,18.1,49.1,0
2026-01-12T04:10:38.853622,18.1,49.1,0
2026-01-12T04:10:41.107895,18.1,49.1,0
2026-01-12T04:10:43.362349,18.1,49.1,0
2026-01-12T04:10:45.616783,18.1,49.1,0
2026-01-12T04:10:47.871301,18.1,49.1,1
2026-01-12T04:10:50.125437,18.1,49.1,1
2026-01-12T04:10:52.380059,18.1,49.1,1
2026-01-12T04:10:54.634594,18.1,49.1,1
2026-01-12T04:10:56.889089,18.1,49.1,1
2026-01-12T04:10:59.143636,18.1,49.1,1
2026-01-12T04:11:01.398204,18.1,49.1,1
2026-01-12T04:11:03.652587,18.1,49.1,1
2026-01-12T04:11:05.907428,18.1,49.1,1
2026-01-12T04:11:08.161945,18.1,49.1,1
2026-01-12T04:11:10.416396,18.1,49.1,1
2026-01-12T04:11:12.671267,18.1,49.1,1
2026-01-12T04:11:14.925791,18.1,49.1,1
2026-01-12T04:11:17.180245,18.1,49.1,1
2026-01-12T04:11:19.434971,18.1,49.1,1
2026-01-12T04:11:21.689620,18.1,49.1,1
2026-01-12T04:11:23.943928,18.1,49.2,1
2026-01-12T04:11:26.198646,18.1,49.1,1
2026-01-12T04:11:28.453195,18.1,49.2,0
2026-01-12T04:11:30.707389,18.1,49.1,0
2026-01-12T04:11:32.962097,18.1,49.1,0
2026-01-12T04:11:35.216144,18.1,49.2,0
2026-01-12T04:11:37.470586,18.1,49.1,0
2026-01-12T04:11:39.724888,18.1,49.2,0
2026-01-12T04:11:41.979439,18.1,49.2,0
2026-01-12T04:11:44.233551,18.1,49.1,1
2026-01-12T04:11:46.488363,18.1,49.2,1
2026-01-12T04:11:48.743079,18.1,49.2,1
2026-01-12T04:11:50.997547,18.1,49.2,1
2026-01-12T04:11:53.252036,18.1,49.2,1
2026-01-12T04:11:55.506629,18.1,49.2,1
2026-01-12T04:11:57.761209,18.1,49.1,1
2026-01-12T04:12:00.015632,18.1,49.2,1
2026-01-12T04:12:02.270195,18.1,49.1,1
2026-01-12T04:12:04.524759,18.1,49.1,1
2026-01-12T04:12:06.779480,18.1,49.1,1
2026-01-12T04:12:09.034070,18.1,49.1,1
2026-01-12T04:12:11.288008,18.1,49.1,1
2026-01-12T04:12:13.542855,18.1,49.1,1
2026-01-12T04:12:15.797396,18.1,49.1,1
2026-01-12T04:12:18.051949,18.1,49.1,1
2026-01-12T04:12:20.306705,18.1,49.1,1
2026-01-12T04:12:22.561132,18.1,49.1,1
2026-01-12T04:12:24.815673,18.1,49.1,1
2026-01-12T04:12:27.070407,18.1,49.1,0
2026-01-12T04:12:29.324920,18.1,49.1,0
2026-01-12T04:12:31.579459,18.1,49.1,0
2026-01-12T04:12:33.834101,18.1,49.1,0
2026-01-12T04:12:36.088265,18.1,49.1,0
2026-01-12T04:12:38.342765,18.1,49.1,0
2026-01-12T04:12:40.597015,18.1,49.1,1
2026-01-12T04:12:42.851509,18.1,49.1,1
2026-01-12T04:12:45.105669,18.1,49.1,1
2026-01-12T04:12:47.360311,18.1,49.1,1
2026-01-12T04:12:49.615011,18.1,49.1,1
2026-01-12T04:12:51.869469,18.1,49.1,1
2026-01-12T04:12:54.124207,18.1,49.1,1
2026-01-12T04:12:56.378760,18.1,49.1,1
2026-01-12T04:12:58.633546,18.1,49.1,1
2026-01-12T04:13:00.888029,18.1,49.1,1
2026-01-12T04:13:03.142641,18.1,49.1,1
2026-01-12T04:13:05.396814,18.1,49.1,1
2026-01-12T04:13:07.651599,18.1,49.1,1
2026-01-12T04:13:09.905882,18.1,49.1,1
2026-01-12T04:13:12.160348,18.1,49.1,1
2026-01-12T04:13:14.415069,18.1,49.1,1
2026-01-12T04:13:16.669733,18.1,49.1,1
2026-01-12T04:13:18.924139,18.1,49.1,1
2026-01-12T04:13:21.178885,18.1,49.1,1
2026-01-12T04:13:23.433436,18.1,49.1,0
2026-01-12T04:13:25.687937,18.1,49.1,0
2026-01-12T04:13:27.942575,18.1,49.1,0
2026-01-12T04:13:30.196968,18.1,49.1,0
2026-01-12T04:13:32.451438,18.1,49.1,0
2026-01-12T04:13:34.706289,18.1,49.1,0
2026-01-12T04:13:36.962839,18.1,49.1,1
2026-01-12T04:13:39.217293,18.1,49.1,1
2026-01-12T04:13:41.471964,18.1,49.1,1
2026-01-12T04:13:43.726641,18.1,49.1,1
2026-01-12T04:13:45.980913,18.1,49.1,1
2026-01-12T04:13:48.235085,18.1,49.1,1
2026-01-12T04:13:50.489540,18.1,49.1,1
2026-01-12T04:13:52.743980,18.1,49.1,1
2026-01-12T04:13:54.998585,18.1,49.1,1
2026-01-12T04:13:57.253080,18.1,49.1,1
2026-01-12T04:13:59.507552,18.1,49.1,1
2026-01-12T04:14:01.762291,18.1,49.1,1
2026-01-12T04:14:04.016585,18.1,49.1,1
2026-01-12T04:14:06.271103,18.1,49.1,1
2026-01-12T04:14:08.525877,18.1,49.1,1
2026-01-12T04:14:10.780204,18.1,49.1,1
2026-01-12T04:14:13.034625,18.1,49.1,1
2026-01-12T04:14:15.289278,18.1,49.1,1
2026-01-12T04:14:17.543854,18.1,49.1,1
2026-01-12T04:14:19.798374,18.1,49.1,0
2026-01-12T04:14:22.053022,18.1,49.1,0
2026-01-12T04:14:24.307430,18.1,49.1,0
2026-01-12T04:14:26.561973,18.1,49.1,0
2026-01-12T04:14:28.816361,18.1,49.1,0
2026-01-12T04:14:31.070975,18.1,49.1,0
2026-01-12T04:14:33.325442,18.1,49.1,1
2026-01-12T04:14:35.580088,18.1,49.1,1
2026-01-12T04:14:37.834488,18.1,49.1,1
2026-01-12T04:14:40.088775,18.1,49.1,1
2026-01-12T04:14:42.343302,18.1,49.1,1
2026-01-12T04:14:44.597748,18.1,49.1,1
2026-01-12T04:14:46.852107,18.1,49.1,1
2026-01-12T04:14:49.106860,18.1,49.0,1
2026-01-12T04:14:51.361329,18.1,49.0,1
2026-01-12T04:14:53.615892,18.1,49.0,1
2026-01-12T04:14:55.870578,18.1,49.0,1
2026-01-12T04:14:58.125101,18.1,49.0,1
2026-01-12T04:15:00.379454,18.1,48.9,1
2026-01-12T04:15:02.634204,18.1,49.0,1
2026-01-12T04:15:04.888653,18.1,49.0,1
2026-01-12T04:15:07.143207,18.1,49.0,1
2026-01-12T04:15:09.397942,18.1,49.1,1
2026-01-12T04:15:11.652402,18.1,49.1,1
2026-01-12T04:15:13.906733,18.1,49.0,1
2026-01-12T04:15:16.161402,18.1,49.1,0
2026-01-12T04:15:18.415753,18.1,49.1,0
2026-01-12T04:15:20.670281,18.1,49.1,0
2026-01-12T04:15:22.924561,18.1,49.2,0
2026-01-12T04:15:25.179147,18.1,49.2,0
2026-01-12T04:15:27.433589,18.1,49.1,0
2026-01-12T04:15:29.688143,18.1,49.1,1
2026-01-12T04:15:31.942689,18.1,49.1,1
2026-01-12T04:15:34.197043,18.1,49.1,1
2026-01-12T04:15:36.451720,18.1,49.1,1
2026-01-12T04:15:38.706354,18.1,49.0,1
2026-01-12T04:15:40.960734,18.1,49.0,1
2026-01-12T04:15:43.215273,18.1,49.0,1
2026-01-12T04:15:45.469807,18.1,49.0,1
2026-01-12T04:15:47.724056,18.1,49.0,1
2026-01-12T04:15:49.978703,18.1,49.0,1
2026-01-12T04:15:52.233175,18.1,49.1,1
2026-01-12T04:15:54.487482,18.1,49.0,1
2026-01-12T04:15:56.742366,18.1,49.0,1
2026-01-12T04:15:58.996606,18.1,49.0,1
2026-01-12T04:16:01.251125,18.1,49.1,1
2026-01-12T04:16:03.505744,18.1,49.1,1
2026-01-12T04:16:05.760362,18.0,49.0,1
2026-01-12T04:16:08.014791,18.1,49.0,1
2026-01-12T04:16:10.269122,18.1,49.0,1
2026-01-12T04:16:12.525914,18.1,49.0,0
2026-01-12T04:16:14.780124,18.1,49.0,0
2026-01-12T04:16:17.034861,18.1,49.0,0
2026-01-12T04:16:19.289463,18.1,49.0,0
2026-01-12T04:16:21.544044,18.1,49.0,0
2026-01-12T04:16:23.798761,18.1,49.0,0
2026-01-12T04:16:26.053308,18.1,49.0,0
2026-01-12T04:16:28.307450,18.1,49.0,1
2026-01-12T04:16:30.562235,18.1,49.1,1
2026-01-12T04:16:32.816610,18.1,49.1,1
2026-01-12T04:16:35.071086,18.1,49.1,1
2026-01-12T04:16:37.325691,18.1,49.1,1
2026-01-12T04:16:39.580176,18.1,49.1,1
2026-01-12T04:16:41.834674,18.1,49.1,1
2026-01-12T04:16:44.089358,18.1,49.1,1
2026-01-12T04:16:46.343854,18.1,49.1,1
2026-01-12T04:16:48.598336,18.1,49.1,1
2026-01-12T04:16:50.852545,18.1,49.1,1
2026-01-12T04:16:53.107104,18.1,49.1,1
2026-01-12T04:16:55.361496,18.1,49.1,1
2026-01-12T04:16:57.616122,18.1,49.1,1
2026-01-12T04:16:59.870620,18.1,49.1,1
2026-01-12T04:17:02.124912,18.1,49.1,1
2026-01-12T04:17:04.379612,18.1,49.1,1
2026-01-12T04:17:06.634330,18.1,49.1,1
2026-01-12T04:17:08.888755,18.1,49.1,0
2026-01-12T04:17:11.143443,18.1,49.0,0
2026-01-12T04:17:13.397988,18.1,49.1,0
2026-01-12T04:17:15.652569,18.1,49.0,0
2026-01-12T04:17:17.907369,18.1,49.1,0
2026-01-12T04:17:20.161983,18.1,49.1,0
2026-01-12T04:17:22.416499,18.1,49.1,0
2026-01-12T04:17:24.671385,18.1,49.0,1
2026-01-12T04:17:26.925646,18.1,49.0,1
2026-01-12T04:17:29.180134,18.1,49.1,1
2026-01-12T04:17:31.434955,18.1,49.1,1
2026-01-12T04:17:33.689642,18.1,49.0,1
2026-01-12T04:17:35.944222,18.1,49.0,1
2026-01-12T04:17:38.198788,18.1,49.1,1
2026-01-12T04:17:40.453375,18.1,49.0,1
2026-01-12T04:17:42.707903,18.1,49.0,1
2026-01-12T04:17:44.962650,18.1,49.0,1
2026-01-12T04:17:47.217190,18.1,49.0,1
2026-01-12T04:17:49.471463,18.1,49.0,1
2026-01-12T04:17:51.726321,18.1,49.0,1
2026-01-12T04:17:53.980792,18.1,49.0,1
2026-01-12T04:17:56.235140,18.1,49.0,1
2026-01-12T04:17:58.489817,18.1,49.0,1
2026-01-12T04:18:00.744201,18.1,49.0,1
2026-01-12T04:18:02.998744,18.1,49.0,1
2026-01-12T04:18:05.253479,18.1,49.0,0
2026-01-12T04:18:07.508005,18.1,49.0,0
2026-01-12T04:18:09.762578,18.1,49.0,0
2026-01-12T04:18:12.017367,18.1,49.0,0
2026-01-12T04:18:14.271846,18.1,49.1,0
2026-01-12T04:18:16.526339,18.1,49.0,0
2026-01-12T04:18:18.780819,18.1,49.1,0
2026-01-12T04:18:21.035216,18.1,49.0,1
2026-01-12T04:18:23.289672,18.1,49.0,1
2026-01-12T04:18:25.544417,18.1,49.0,1
2026-01-12T04:18:27.798810,18.1,49.1,1
2026-01-12T04:18:30.053262,18.1,49.0,1
2026-01-12T04:18:32.307883,18.1,49.0,1
2026-01-12T04:18:34.562513,18.1,49.1,1
2026-01-12T04:18:36.816691,18.1,49.1,1
2026-01-12T04:18:39.071433,18.1,49.1,1
2026-01-12T04:18:41.325970,18.1,49.1,1
2026-01-12T04:18:43.580427,18.1,49.0,1
2026-01-12T04:18:45.835233,18.1,49.1,1
2026-01-12T04:18:48.089787,18.1,49.1,1
2026-01-12T04:18:50.344220,18.1,49.1,1
2026-01-12T04:18:52.598560,18.1,49.0,1
2026-01-12T04:18:54.853056,18.1,49.1,1
2026-01-12T04:18:57.107384,18.1,49.1,1
2026-01-12T04:18:59.362083,18.1,49.0,1
2026-01-12T04:19:01.616586,18.1,49.0,0
2026-01-12T04:19:03.871131,18.1,49.1,0
2026-01-12T04:19:06.125636,18.1,49.0,0
2026-01-12T04:19:08.379994,18.1,49.1,0
2026-01-12T04:19:10.634566,18.1,49.1,0
2026-01-12T04:19:12.889229,18.1,49.1,0
2026-01-12T04:19:15.143739,18.1,49.1,0
2026-01-12T04:19:17.398232,18.1,49.1,1
2026-01-12T04:19:19.652711,18.1,49.1,1
2026-01-12T04:19:21.907262,18.1,49.1,1
2026-01-12T04:19:24.161697,18.1,49.1,1
2026-01-12T04:19:26.416358,18.1,49.1,1
2026-01-12T04:19:28.671023,18.1,49.1,1
2026-01-12T04:19:30.925194,18.1,49.1,1
2026-01-12T04:19:33.179811,18.1,49.0,1
2026-01-12T04:19:35.434360,18.1,49.1,1
2026-01-12T04:19:37.688883,18.1,49.1,1
2026-01-12T04:19:39.943499,18.1,49.1,1
2026-01-12T04:19:42.198019,18.1,49.0,1
2026-01-12T04:19:44.452475,18.1,49.1,1
2026-01-12T04:19:46.707284,18.1,49.1,1
2026-01-12T04:19:48.961882,18.1,49.1,1
2026-01-12T04:19:51.216357,18.1,49.1,1
2026-01-12T04:19:53.471001,18.1,49.1,1
2026-01-12T04:19:55.725616,18.1,49.1,1
2026-01-12T04:19:57.980071,18.1,49.1,0
2026-01-12T04:20:00.234768,18.1,49.1,0
2026-01-12T04:20:02.489354,18.1,49.1,0
2026-01-12T04:20:04.743610,18.1,49.1,0
2026-01-12T04:20:06.998312,18.1,49.1,0
2026-01-12T04:20:09.252840,18.1,49.1,0
2026-01-12T04:20:11.507335,18.1,49.1,0
2026-01-12T04:20:13.762122,18.1,49.1,1
2026-01-12T04:20:16.016676,18.1,49.1,1
2026-01-12T04:20:18.271166,18.1,49.1,1
2026-01-12T04:20:20.525974,18.1,49.1,1
2026-01-12T04:20:22.780204,18.1,49.0,1
2026-01-12T04:20:25.034711,18.1,49.0,1
2026-01-12T04:20:27.289118,18.1,49.1,1
2026-01-12T04:20:29.543797,18.1,49.1,1
2026-01-12T04:20:31.798289,18.1,49.0,1
2026-01-12T04:20:34.052970,18.1,49.0,1
2026-01-12T04:20:36.307437,18.1,49.0,1
2026-01-12T04:20:38.562035,18.1,49.0,1
2026-01-12T04:20:40.816728,18.1,49.1,1
2026-01-12T04:20:43.071225,18.1,49.0,1
2026-01-12T04:20:45.325688,18.1,49.0,1
2026-01-12T04:20:47.580342,18.1,49.1,1
2026-01-12T04:20:49.834483,18.1,49.1,1
2026-01-12T04:20:52.088950,18.1,49.1,1
2026-01-12T04:20:54.343418,18.1,49.1,0
2026-01-12T04:20:56.597754,18.1,49.1,0
2026-01-12T04:20:58.852199,18.1,49.1,0
2026-01-12T04:21:01.106950,18.1,49.1,0
2026-01-12T04:21:03.361565,18.1,49.1,0
2026-01-12T04:21:05.616083,18.1,49.1,0
2026-01-12T04:21:07.870794,18.1,49.1,0
2026-01-12T04:21:10.125168,18.1,49.1,1
2026-01-12T04:21:12.379099,18.1,49.1,1
2026-01-12T04:21:14.633786,18.1,49.0,1
2026-01-12T04:21:16.887931,18.1,49.1,1
2026-01-12T04:21:19.142411,18.1,49.1,1
2026-01-12T04:21:21.397059,18.1,49.1,1
2026-01-12T04:21:23.651674,18.1,49.1,1
2026-01-12T04:21:25.906168,18.1,49.0,1
2026-01-12T04:21:28.160801,18.1,49.1,1
2026-01-12T04:21:30.415250,18.1,49.1,1
2026-01-12T04:21:32.669736,18.1,49.0,1
2026-01-12T04:21:34.924010,18.1,49.1,1
2026-01-12T04:21:37.178631,18.1,49.1,1
2026-01-12T04:21:39.433174,18.1,49.1,1
2026-01-12T04:21:41.688002,18.1,49.1,1
2026-01-12T04:21:43.942609,18.1,49.1,1
2026-01-12T04:21:46.196807,18.1,49.1,1
2026-01-12T04:21:48.451172,18.1,49.1,1
2026-01-12T04:21:50.705780,18.1,49.1,0
2026-01-12T04:21:52.960042,18.1,49.0,0
2026-01-12T04:21:55.214720,18.1,49.1,0
2026-01-12T04:21:57.469247,18.1,49.0,0
2026-01-12T04:21:59.723774,18.1,49.1,0
2026-01-12T04:22:01.978393,18.1,49.1,0
2026-01-12T04:22:04.232928,18.1,49.1,0
2026-01-12T04:22:06.487382,18.1,49.0,1
2026-01-12T04:22:08.742134,18.1,49.1,1
2026-01-12T04:22:10.996653,18.1,49.1,1
2026-01-12T04:22:13.251126,18.1,49.1,1
2026-01-12T04:22:15.505861,18.1,49.0,1
2026-01-12T04:22:17.760492,18.1,49.1,1
2026-01-12T04:22:20.014746,18.1,49.0,1
2026-01-12T04:22:22.269402,18.1,49.0,1
2026-01-12T04:22:24.523992,18.1,49.1,1
2026-01-12T04:22:26.778506,18.1,49.1,1
2026-01-12T04:22:29.033189,18.1,49.1,1
2026-01-12T04:22:31.287499,18.1,49.1,1
2026-01-12T04:22:33.542096,18.1,49.0,1
2026-01-12T04:22:35.796802,18.1,49.0,1
2026-01-12T04:22:38.051113,18.1,49.0,1
2026-01-12T04:22:40.305603,18.1,49.1,1
2026-01-12T04:22:42.560052,18.1,49.1,1
2026-01-12T04:22:44.814635,18.1,49.0,1
2026-01-12T04:22:47.068952,18.1,49.0,0
2026-01-12T04:22:49.323605,18.1,48.9,0
2026-01-12T04:22:51.578296,18.1,48.9,0
2026-01-12T04:22:53.832521,18.1,48.9,0
2026-01-12T04:22:56.087261,18.1,48.9,0
2026-01-12T04:22:58.341795,18.1,48.9,0
2026-01-12T04:23:00.595850,18.1,48.9,0
2026-01-12T04:23:02.850560,18.1,48.9,1
2026-01-12T04:23:05.105080,18.1,48.9,1
2026-01-12T04:23:07.359471,18.1,48.9,1
2026-01-12T04:23:09.614214,18.1,48.9,1
2026-01-12T04:23:11.868631,18.1,48.9,1
2026-01-12T04:23:14.122661,18.1,48.9,1
2026-01-12T04:23:16.376915,18.1,48.8,1
2026-01-12T04:23:18.631412,18.1,48.9,1
2026-01-12T04:23:20.885907,18.1,48.8,1
2026-01-12T04:23:23.140551,18.1,48.9,1
2026-01-12T04:23:25.395164,18.1,48.9,1
2026-01-12T04:23:27.649703,18.1,48.9,1
2026-01-12T04:23:29.904319,18.1,48.9,1
2026-01-12T04:23:32.158951,18.1,48.9,1
2026-01-12T04:23:34.413439,18.1,48.9,1
2026-01-12T04:23:36.668219,18.1,48.8,1
2026-01-12T04:23:38.922727,18.1,48.9,1
2026-01-12T04:23:41.177176,18.1,48.9,1
2026-01-12T04:23:43.431809,18.1,48.9,0
2026-01-12T04:23:45.686459,18.1,48.9,0
2026-01-12T04:23:47.940866,18.1,48.8,0
2026-01-12T04:23:50.195306,18.1,48.8,0
2026-01-12T04:23:52.449872,18.1,48.9,0
2026-01-12T04:23:54.704086,18.1,48.8,0
2026-01-12T04:23:56.958813,18.1,48.8,0
2026-01-12T04:23:59.213359,18.1,48.9,1
2026-01-12T04:24:01.467560,18.1,48.9,1
2026-01-12T04:24:03.722407,18.1,48.8,1
2026-01-12T04:24:05.976798,18.1,48.9,1
2026-01-12T04:24:08.231113,18.1,48.9,1
2026-01-12T04:24:10.485791,18.1,48.8,1
2026-01-12T04:24:12.740086,18.1,48.9,1
2026-01-12T04:24:14.994577,18.1,48.9,1
2026-01-12T04:24:17.249012,18.1,48.9,1
2026-01-12T04:24:19.503494,18.1,48.9,1
2026-01-12T04:24:21.758067,18.1,48.9,1
2026-01-12T04:24:24.012449,18.1,48.9,1
2026-01-12T04:24:26.267097,18.1,48.9,1
2026-01-12T04:24:28.521783,18.1,48.9,1
2026-01-12T04:24:30.776464,18.1,48.9,1
2026-01-12T04:24:33.031112,18.1,48.9,1
2026-01-12T04:24:35.285703,18.1,48.9,1
2026-01-12T04:24:37.540560,18.1,48.9,1
2026-01-12T04:24:39.795151,18.1,48.9,0
2026-01-12T04:24:42.049667,18.1,48.9,0
2026-01-12T04:24:44.304323,18.1,48.9,0
2026-01-12T04:24:46.558880,18.1,48.9,0
2026-01-12T04:24:48.813245,18.1,48.9,0
2026-01-12T04:24:51.067727,18.1,48.9,0
2026-01-12T04:24:53.321906,18.1,48.9,0
2026-01-12T04:24:55.576261,18.1,48.9,1
2026-01-12T04:24:57.831017,18.1,49.0,1
2026-01-12T04:25:00.085557,18.1,48.9,1
2026-01-12T04:25:02.339724,18.1,48.9,1
2026-01-12T04:25:04.594123,18.1,48.9,1
2026-01-12T04:25:06.848560,18.1,48.9,1
2026-01-12T04:25:09.103089,18.1,48.9,1
2026-01-12T04:25:11.357803,18.1,48.9,1
2026-01-12T04:25:13.612382,18.1,48.9,1
2026-01-12T04:25:15.866920,18.1,48.9,1
2026-01-12T04:25:18.121534,18.1,48.9,1
2026-01-12T04:25:20.376037,18.1,48.9,1
2026-01-12T04:25:22.630529,18.1,48.8,1
2026-01-12T04:25:24.885025,18.1,48.9,1
2026-01-12T04:25:27.139551,18.1,48.8,1
2026-01-12T04:25:29.394037,18.1,48.8,1
2026-01-12T04:25:31.648501,18.1,48.9,1
2026-01-12T04:25:33.903220,18.1,48.9,1
2026-01-12T04:25:36.157629,18.1,48.9,0
2026-01-12T04:25:38.412401,18.1,48.9,0
2026-01-12T04:25:40.667130,18.1,48.9,0
2026-01-12T04:25:42.921515,18.1,48.9,0
2026-01-12T04:25:45.176163,18.1,48.9,0
2026-01-12T04:25:47.430676,18.1,48.9,0
2026-01-12T04:25:49.685232,18.1,48.9,0
2026-01-12T04:25:51.939774,18.1,48.9,1
2026-01-12T04:25:54.194307,18.1,48.9,1
2026-01-12T04:25:56.448840,18.1,48.8,1
2026-01-12T04:25:58.703536,18.1,48.9,1
2026-01-12T04:26:00.958073,18.1,48.9,1
2026-01-12T04:26:03.212559,18.1,48.9,1
2026-01-12T04:26:05.467319,18.1,48.9,1
2026-01-12T04:26:07.721996,18.1,49.0,1
2026-01-12T04:26:09.976163,18.1,49.0,1
2026-01-12T04:26:12.230874,18.1,49.0,1
2026-01-12T04:26:14.485415,18.1,49.0,1
2026-01-12T04:26:16.739996,18.1,49.0,1
2026-01-12T04:26:18.994687,18.1,49.1,1
2026-01-12T04:26:21.249176,18.1,49.1,1
2026-01-12T04:26:23.503490,18.1,49.1,1
2026-01-12T04:26:25.758299,18.1,49.0,1
2026-01-12T04:26:28.012729,18.1,49.0,1
2026-01-12T04:26:30.266869,18.1,48.9,1
2026-01-12T04:26:32.521806,18.1,48.9,0
2026-01-12T04:26:34.776248,18.1,49.0,0
2026-01-12T04:26:37.030775,18.1,48.9,0
2026-01-12T04:26:39.285406,18.1,48.9,0
2026-01-12T04:26:41.539955,18.1,48.9,0
2026-01-12T04:26:43.794524,18.1,48.9,0
2026-01-12T04:26:46.049289,18.1,48.9,0
2026-01-12T04:26:48.303869,18.1,48.9,1
2026-01-12T04:26:50.558519,18.1,48.9,1
2026-01-12T04:26:52.812993,18.1,48.9,1
2026-01-12T04:26:55.067524,18.1,48.9,1
2026-01-12T04:26:57.324034,18.1,48.9,1
2026-01-12T04:26:59.578885,18.1,48.9,1
2026-01-12T04:27:01.833117,18.1,48.9,1
2026-01-12T04:27:04.087622,18.1,48.9,1
2026-01-12T04:27:06.342359,18.1,48.9,1
2026-01-12T04:27:08.596507,18.1,48.9,1
2026-01-12T04:27:10.851063,18.1,48.9,1
2026-01-12T04:27:13.105709,18.1,48.9,1
2026-01-12T04:27:15.360311,18.1,48.9,1
2026-01-12T04:27:17.614995,18.1,48.9,1
2026-01-12T04:27:19.869732,18.1,48.9,1
2026-01-12T04:27:22.124303,18.1,48.9,1
2026-01-12T04:27:24.378934,18.1,48.9,1
2026-01-12T04:27:26.633568,18.1,48.9,1
2026-01-12T04:27:28.888172,18.1,48.9,0
2026-01-12T04:27:31.142423,18.1,48.9,0
2026-01-12T04:27:33.396793,18.1,48.9,0
2026-01-12T04:27:35.651434,18.1,48.9,0
2026-01-12T04:27:37.906066,18.1,48.8,0
2026-01-12T04:27:40.160836,18.1,48.9,0
2026-01-12T04:27:42.415489,18.1,48.9,0
2026-01-12T04:27:44.670155,18.1,48.8,1
2026-01-12T04:27:46.924870,18.1,48.8,1
2026-01-12T04:27:49.179413,18.1,48.8,1
2026-01-12T04:27:51.433951,18.1,48.8,1
2026-01-12T04:27:53.688374,18.1,48.8,1
2026-01-12T04:27:55.943047,18.0,48.7,1
2026-01-12T04:27:58.197602,18.1,48.7,1
2026-01-12T04:28:00.452304,18.1,48.7,1
2026-01-12T04:28:02.706961,18.1,48.8,1
2026-01-12T04:28:04.961329,18.1,48.7,1
2026-01-12T04:28:07.215971,18.1,48.8,1
2026-01-12T04:28:09.470571,18.1,48.8,1
2026-01-12T04:28:11.724852,18.1,48.8,1
2026-01-12T04:28:13.979489,18.1,48.8,1
2026-01-12T04:28:16.233833,18.1,48.8,1
2026-01-12T04:28:18.488391,18.1,48.8,1
2026-01-12T04:28:20.743217,18.1,48.8,1
2026-01-12T04:28:22.999645,18.0,48.7,1
2026-01-12T04:28:25.254149,18.1,48.8,0
2026-01-12T04:28:27.508867,18.1,48.8,0
2026-01-12T04:28:29.763498,18.1,48.8,0
2026-01-12T04:28:32.018071,18.1,48.8,0
2026-01-12T04:28:34.272777,18.1,48.7,0
2026-01-12T04:28:36.527556,18.1,48.8,0
2026-01-12T04:28:38.782142,18.1,48.7,0
2026-01-12T04:28:41.036600,18.1,48.7,1
2026-01-12T04:28:43.291245,18.1,48.7,1
2026-01-12T04:28:45.545897,18.1,48.7,1
2026-01-12T04:28:47.800600,18.1,48.7,1
2026-01-12T04:28:50.055292,18.1,48.7,1
2026-01-12T04:28:52.309608,18.1,48.8,1
2026-01-12T04:28:54.564320,18.1,48.7,1
2026-01-12T04:28:56.818707,18.1,48.8,1
2026-01-12T04:28:59.073281,18.1,48.8,1
2026-01-12T04:29:01.327769,18.1,48.7,1
2026-01-12T04:29:03.582119,18.1,48.8,1
2026-01-12T04:29:05.836657,18.1,48.7,1
2026-01-12T04:29:08.091440,18.1,48.8,1
2026-01-12T04:29:10.345989,18.1,48.8,1
2026-01-12T04:29:12.600181,18.1,48.7,1
2026-01-12T04:29:14.854604,18.1,48.8,1
2026-01-12T04:29:17.109250,18.1,48.8,1
2026-01-12T04:29:19.363744,18.0,48.7,1
2026-01-12T04:29:21.618668,18.1,48.8,0
2026-01-12T04:29:23.875422,18.1,48.8,0
2026-01-12T04:29:26.129909,18.1,48.8,0
2026-01-12T04:29:28.384569,18.1,48.8,0
2026-01-12T04:29:30.639362,18.1,48.8,0
2026-01-12T04:29:32.893962,18.1,48.8,0
2026-01-12T04:29:35.148611,18.1,48.8,0
2026-01-12T04:29:37.403320,18.1,48.8,1
2026-01-12T04:29:39.657589,18.1,48.8,1
2026-01-12T04:29:41.912172,18.1,48.8,1
2026-01-12T04:29:44.166804,18.1,48.8,1
2026-01-12T04:29:46.421322,18.1,48.8,1
2026-01-12T04:29:48.676164,18.0,48.8,1
2026-01-12T04:29:50.930800,18.1,48.9,1
2026-01-12T04:29:53.185318,18.1,48.8,1
2026-01-12T04:29:55.439987,18.1,48.9,1
2026-01-12T04:29:57.694666,18.1,48.9,1
2026-01-12T04:29:59.948835,18.1,48.9,1
2026-01-12T04:30:02.203502,18.1,48.8,1
2026-01-12T04:30:04.460038,18.1,48.9,1
2026-01-12T04:30:06.714646,18.1,48.9,1
2026-01-12T04:30:08.969325,18.1,48.9,1
2026-01-12T04:30:11.223874,18.1,48.9,1
2026-01-12T04:30:13.478437,18.1,48.9,1
2026-01-12T04:30:15.733202,18.1,48.9,1
2026-01-12T04:30:17.987634,18.1,48.9,1
2026-01-12T04:30:20.242097,18.1,48.9,0
2026-01-12T04:30:22.496788,18.1,48.9,0
2026-01-12T04:30:24.751497,18.1,48.9,0
2026-01-12T04:30:27.005996,18.1,48.8,0
2026-01-12T04:30:29.260326,18.1,48.9,0
2026-01-12T04:30:31.516827,18.1,48.9,0
2026-01-12T04:30:33.771360,18.1,48.9,1
2026-01-12T04:30:36.026106,18.1,48.9,1
2026-01-12T04:30:38.280682,18.1,48.9,1
2026-01-12T04:30:40.535305,18.1,48.9,1
2026-01-12T04:30:42.790009,18.0,48.8,1
2026-01-12T04:30:45.044652,18.1,48.9,1
2026-01-12T04:30:47.299237,18.1,48.9,1
2026-01-12T04:30:49.554075,18.1,48.9,1
2026-01-12T04:30:51.808632,18.1,48.9,1
2026-01-12T04:30:54.063255,18.1,48.9,1
2026-01-12T04:30:56.317981,18.1,48.9,1
2026-01-12T04:30:58.572730,18.1,48.9,1
2026-01-12T04:31:00.826768,18.1,48.9,1
2026-01-12T04:31:03.081494,18.1,48.9,1
2026-01-12T04:31:05.335963,18.1,48.9,1
2026-01-12T04:31:07.590278,18.1,48.9,1
2026-01-12T04:31:09.844956,18.1,48.9,1
2026-01-12T04:31:12.099600,18.1,48.9,1
2026-01-12T04:31:14.354153,18.1,48.9,1
2026-01-12T04:31:16.609040,18.1,48.9,0
2026-01-12T04:31:18.863656,18.1,48.9,0
2026-01-12T04:31:21.118257,18.1,48.9,0
2026-01-12T04:31:23.372972,18.1,49.0,0
2026-01-12T04:31:25.627579,18.1,49.0,0
2026-01-12T04:31:27.881675,18.1,48.9,0
2026-01-12T04:31:30.136193,18.1,48.9,1
2026-01-12T04:31:32.390785,18.1,48.9,1
2026-01-12T04:31:34.645073,18.1,48.9,1
2026-01-12T04:31:36.899613,18.1,48.9,1
2026-01-12T04:31:39.154212,18.1,48.9,1
2026-01-12T04:31:41.408612,18.1,48.9,1
2026-01-12T04:31:43.663533,18.1,48.9,1
2026-01-12T04:31:45.918212,18.1,48.9,1
2026-01-12T04:31:48.172768,18.1,48.9,1
2026-01-12T04:31:50.427453,18.1,48.9,1
2026-01-12T04:31:52.684193,18.1,48.9,1
2026-01-12T04:31:54.938711,18.1,48.9,1
2026-01-12T04:31:57.193348,18.1,48.9,1
2026-01-12T04:31:59.447928,18.1,48.9,1
2026-01-12T04:32:01.702572,18.1,48.9,1
2026-01-12T04:32:03.957241,18.1,48.9,1
2026-01-12T04:32:06.211773,18.1,48.9,1
2026-01-12T04:32:08.466307,18.1,48.9,1
2026-01-12T04:32:10.721056,18.1,48.9,1
2026-01-12T04:32:12.975573,18.1,48.9,0
2026-01-12T04:32:15.230087,18.1,48.9,0
2026-01-12T04:32:17.484780,18.1,48.9,0
2026-01-12T04:32:19.741488,18.1,48.9,0
2026-01-12T04:32:21.995961,18.1,48.9,0
2026-01-12T04:32:24.250647,18.1,48.9,0
2026-01-12T04:32:26.504847,18.1,48.9,1
2026-01-12T04:32:28.758830,18.1,48.9,1
2026-01-12T04:32:31.013446,18.1,48.9,1
2026-01-12T04:32:33.267777,18.1,48.9,1
2026-01-12T04:32:35.522298,18.1,48.9,1
2026-01-12T04:32:37.785221,18.1,48.9,1
2026-01-12T04:32:40.039822,18.1,48.9,1
2026-01-12T04:32:42.294405,18.1,48.9,1
2026-01-12T04:32:44.549249,18.1,48.9,1
2026-01-12T04:32:46.803663,18.1,48.9,1
2026-01-12T04:32:49.058049,18.1,48.9,1
2026-01-12T04:32:51.312460,18.1,48.9,1
2026-01-12T04:32:53.567243,18.1,48.9,1
2026-01-12T04:32:55.821842,18.1,48.9,1
2026-01-12T04:32:58.076175,18.1,48.9,1
2026-01-12T04:33:00.330638,18.1,48.9,1
2026-01-12T04:33:02.584973,18.1,48.9,1
2026-01-12T04:33:04.839296,18.1,48.9,1
2026-01-12T04:33:07.093928,18.1,48.9,1
2026-01-12T04:33:09.347805,18.1,48.9,0
2026-01-12T04:33:11.602048,18.1,48.9,0
2026-01-12T04:33:13.856197,18.1,48.9,0
2026-01-12T04:33:16.110758,18.1,48.9,0
2026-01-12T04:33:18.364953,18.1,48.9,0
2026-01-12T04:33:20.619627,18.1,48.9,0
2026-01-12T04:33:22.873850,18.1,48.9,1
2026-01-12T04:33:25.128281,18.1,48.9,1
2026-01-12T04:33:27.382963,18.1,48.9,1
2026-01-12T04:33:29.637596,18.1,48.9,1
2026-01-12T04:33:31.892261,18.1,48.9,1
2026-01-12T04:33:34.146876,18.1,48.9,1
2026-01-12T04:33:36.401382,18.1,48.9,1
2026-01-12T04:33:38.656239,18.1,48.9,1
2026-01-12T04:33:40.910856,18.1,48.9,1
2026-01-12T04:33:43.165420,18.1,48.9,1
2026-01-12T04:33:45.419965,18.1,48.9,1
2026-01-12T04:33:47.674733,18.1,48.9,1
2026-01-12T04:33:49.929161,18.1,48.9,1
2026-01-12T04:33:52.183961,18.1,48.9,1
2026-01-12T04:33:54.438574,18.1,48.9,1
2026-01-12T04:33:56.692845,18.1,48.9,1
2026-01-12T04:33:58.947300,18.1,48.9,1
2026-01-12T04:34:01.201724,18.1,48.9,1
2026-01-12T04:34:03.456238,18.1,48.9,1
2026-01-12T04:34:05.711159,18.1,48.9,0
2026-01-12T04:34:07.966940,18.1,48.9,0
2026-01-12T04:34:10.221253,18.1,48.9,0
2026-01-12T04:34:12.475823,18.1,48.9,0
2026-01-12T04:34:14.730566,18.1,48.9,0
2026-01-12T04:34:16.984891,18.1,48.9,0
2026-01-12T04:34:19.239503,18.1,48.9,1
2026-01-12T04:34:21.494020,18.1,48.9,1
2026-01-12T04:34:23.748574,18.1,48.9,1
2026-01-12T04:34:26.003320,18.1,48.9,1
2026-01-12T04:34:28.257961,18.1,48.9,1
2026-01-12T04:34:30.512433,18.1,48.9,1
2026-01-12T04:34:32.767256,18.1,48.9,1
2026-01-12T04:34:35.023603,18.1,48.9,1
2026-01-12T04:34:37.278097,18.1,48.9,1
2026-01-12T04:34:39.532769,18.1,48.9,1
2026-01-12T04:34:41.787323,18.1,48.9,1
2026-01-12T04:34:44.041808,18.1,48.9,1
2026-01-12T04:34:46.296300,18.1,48.9,1
2026-01-12T04:34:48.551076,18.1,48.9,1
2026-01-12T04:34:50.805615,18.1,48.9,1
2026-01-12T04:34:53.060021,18.1,48.9,1
2026-01-12T04:34:55.314655,18.1,48.9,1
2026-01-12T04:34:57.569008,18.1,48.9,1
2026-01-12T04:34:59.823436,18.1,48.9,1
2026-01-12T04:35:02.077974,18.1,48.9,0
2026-01-12T04:35:04.332458,18.1,48.9,0
2026-01-12T04:35:06.587403,18.1,48.9,0
2026-01-12T04:35:08.842010,18.1,48.9,0
2026-01-12T04:35:11.096512,18.1,48.9,0
2026-01-12T04:35:13.351335,18.1,48.9,0
2026-01-12T04:35:15.606040,18.1,48.9,1
2026-01-12T04:35:17.860101,18.1,48.9,1
2026-01-12T04:35:20.114875,18.1,48.9,1
2026-01-12T04:35:22.369369,18.1,48.9,1
2026-01-12T04:35:24.623959,18.1,48.9,1
2026-01-12T04:35:26.878480,18.1,48.9,1
2026-01-12T04:35:29.132663,18.1,48.9,1
2026-01-12T04:35:31.387281,18.1,48.9,1
2026-01-12T04:35:33.641900,18.1,48.9,1
2026-01-12T04:35:35.896445,18.1,48.9,1
2026-01-12T04:35:38.150770,18.1,48.9,1
2026-01-12T04:35:40.405338,18.1,49.0,1
2026-01-12T04:35:42.660044,18.1,49.0,1
2026-01-12T04:35:44.914608,18.1,49.0,1
2026-01-12T04:35:47.169381,18.1,48.9,1
2026-01-12T04:35:49.423957,18.1,49.0,1
2026-01-12T04:35:51.678527,18.1,49.0,1
2026-01-12T04:35:53.933132,18.1,49.0,1
2026-01-12T04:35:56.187690,18.1,49.0,1
2026-01-12T04:35:58.442322,18.1,49.0,0
2026-01-12T04:36:00.697158,18.0,48.9,0
2026-01-12T04:36:02.951750,18.1,48.9,0
2026-01-12T04:36:05.206167,18.1,48.9,0
2026-01-12T04:36:07.460791,18.1,48.9,0
2026-01-12T04:36:09.715398,18.1,48.9,0
2026-01-12T04:36:11.969931,18.1,48.9,0
2026-01-12T04:36:14.224535,18.1,48.9,1
2026-01-12T04:36:16.479282,18.1,48.9,1
2026-01-12T04:36:18.733898,18.1,48.9,1
2026-01-12T04:36:20.988288,18.1,48.9,1
2026-01-12T04:36:23.242942,18.1,48.9,1
2026-01-12T04:36:25.497280,18.1,48.9,1
2026-01-12T04:36:27.752011,18.1,48.9,1
2026-01-12T04:36:30.008420,18.1,48.9,1
2026-01-12T04:36:32.263003,18.1,48.9,1
2026-01-12T04:36:34.518708,18.0,48.8,1
2026-01-12T04:36:36.775306,18.1,48.8,1
2026-01-12T04:36:39.029783,18.1,48.8,1
2026-01-12T04:36:41.284274,18.1,48.8,1
2026-01-12T04:36:43.538969,18.1,48.8,1
2026-01-12T04:36:45.793503,18.1,48.8,1
2026-01-12T04:36:48.048087,18.1,48.8,1
2026-01-12T04:36:50.302622,18.1,48.8,1
2026-01-12T04:36:52.556961,18.1,48.8,1
2026-01-12T04:36:54.811348,18.1,48.8,0
2026-01-12T04:36:57.066004,18.1,48.8,0
2026-01-12T04:36:59.320384,18.1,48.7,0
2026-01-12T04:37:01.575082,18.1,48.7,0
2026-01-12T04:37:03.911008,18.1,48.7,0
2026-01-12T04:37:06.246515,18.1,48.7,0
2026-01-12T04:37:08.509663,18.1,48.6,0
2026-01-12T04:37:10.764318,18.1,48.6,1
2026-01-12T04:37:13.018964,18.1,48.6,1
2026-01-12T04:37:15.273476,18.1,48.5,1
2026-01-12T04:37:17.528181,18.1,48.5,1
2026-01-12T04:37:19.782758,18.1,48.6,1
2026-01-12T04:37:22.037442,18.1,48.5,1
2026-01-12T04:37:24.292068,18.1,48.6,1
2026-01-12T04:37:26.546789,18.1,48.6,1
2026-01-12T04:37:28.801660,18.1,48.6,1
2026-01-12T04:37:31.056267,18.1,48.6,1
2026-01-12T04:37:33.310848,18.1,48.6,1
2026-01-12T04:37:35.565723,18.1,48.6,1
2026-01-12T04:37:37.820336,18.1,48.6,1
2026-01-12T04:37:40.074953,18.1,48.6,1
2026-01-12T04:37:42.329731,18.1,48.6,1
2026-01-12T04:37:44.584044,18.1,48.6,1
2026-01-12T04:37:46.838443,18.1,48.7,1
2026-01-12T04:37:49.093017,18.1,48.6,1
2026-01-12T04:37:51.347616,18.1,48.7,0
2026-01-12T04:37:53.602184,18.1,48.7,0
2026-01-12T04:37:55.856871,18.1,48.7,0
2026-01-12T04:37:58.111270,18.1,48.7,0
2026-01-12T04:38:00.365849,18.1,48.7,0
2026-01-12T04:38:02.620648,18.1,48.7,0
2026-01-12T04:38:04.875102,18.1,48.7,0
2026-01-12T04:38:07.129519,18.1,48.8,1
2026-01-12T04:38:09.384020,18.1,48.8,1
2026-01-12T04:38:11.638779,18.1,48.8,1
2026-01-12T04:38:13.893351,18.1,48.8,1
2026-01-12T04:38:16.147747,18.0,48.7,1
2026-01-12T04:38:18.402364,18.1,48.8,1
2026-01-12T04:38:20.656453,18.1,48.8,1
2026-01-12T04:38:22.911233,18.1,48.8,1
2026-01-12T04:38:25.165646,18.1,48.8,1
2026-01-12T04:38:27.419833,18.1,48.8,1
2026-01-12T04:38:29.674620,18.0,48.7,1
2026-01-12T04:38:31.929254,18.1,48.8,1
2026-01-12T04:38:34.183210,18.1,48.8,1
2026-01-12T04:38:36.437899,18.0,48.7,1
2026-01-12T04:38:38.692332,18.0,48.7,1
2026-01-12T04:38:40.946865,18.0,48.7,1
2026-01-12T04:38:43.201483,18.1,48.8,1
2026-01-12T04:38:45.455883,18.1,48.8,1
2026-01-12T04:38:47.710518,18.0,48.8,0
2026-01-12T04:38:49.964806,18.1,48.8,0
2026-01-12T04:38:52.219378,18.1,48.8,0
2026-01-12T04:38:54.473966,18.1,48.9,0
2026-01-12T04:38:56.737663,18.1,48.9,0
2026-01-12T04:38:58.992345,18.1,48.9,0
2026-01-12T04:39:01.246932,18.1,48.8,0
2026-01-12T04:39:03.501665,18.0,48.8,1
2026-01-12T04:39:05.756253,18.1,48.9,1
2026-01-12T04:39:08.010882,18.1,48.9,1
2026-01-12T04:39:10.265633,18.0,48.8,1
2026-01-12T04:39:12.520914,18.1,48.9,1
2026-01-12T04:39:14.785285,18.1,48.9,1
2026-01-12T04:39:17.039949,18.1,48.9,1
2026-01-12T04:39:19.294577,18.1,48.9,1
2026-01-12T04:39:21.549263,18.1,48.9,1
2026-01-12T04:39:23.803919,18.0,48.8,1
2026-01-12T04:39:26.058041,18.0,48.8,1
2026-01-12T04:39:28.312601,18.1,48.9,1
2026-01-12T04:39:30.567490,18.1,48.9,1
2026-01-12T04:39:32.822208,18.0,48.8,1
2026-01-12T04:39:35.076773,18.1,48.8,1
2026-01-12T04:39:37.331234,18.1,48.8,1
2026-01-12T04:39:39.585470,18.1,48.8,1
2026-01-12T04:39:41.839931,18.0,48.8,1
2026-01-12T04:39:44.094766,18.1,48.8,0
2026-01-12T04:39:46.349123,18.0,48.8,0
2026-01-12T04:39:48.603707,18.1,48.9,0
2026-01-12T04:39:50.858308,18.1,48.9,0
2026-01-12T04:39:53.112878,18.0,48.8,0
2026-01-12T04:39:55.367202,18.1,48.9,0
2026-01-12T04:39:57.621634,18.0,48.9,0
2026-01-12T04:39:59.875985,18.0,48.9,1
2026-01-12T04:40:02.130418,18.1,48.9,1
2026-01-12T04:40:04.384906,18.1,49.0,1
2026-01-12T04:40:06.639141,18.0,48.9,1
2026-01-12T04:40:08.893682,18.1,49.0,1
2026-01-12T04:40:11.148380,18.0,48.9,1
2026-01-12T04:40:13.403048,18.1,49.0,1
2026-01-12T04:40:15.657185,18.1,49.0,1
2026-01-12T04:40:17.911691,18.0,49.0,1
2026-01-12T04:40:20.166226,18.1,49.1,1
2026-01-12T04:40:22.420385,18.0,49.0,1
2026-01-12T04:40:24.675251,18.0,49.0,1
2026-01-12T04:40:26.929806,18.0,49.0,1
2026-01-12T04:40:29.184358,18.1,49.1,1
2026-01-12T04:40:31.438532,18.0,49.0,1
2026-01-12T04:40:33.692869,18.0,49.0,1
2026-01-12T04:40:35.946951,18.0,48.9,1
2026-01-12T04:40:38.201518,18.0,48.9,1
2026-01-12T04:40:40.455641,18.1,48.9,0
2026-01-12T04:40:42.709818,18.0,48.9,0
2026-01-12T04:40:44.964023,18.0,48.9,0
2026-01-12T04:40:47.218598,18.0,48.9,0
2026-01-12T04:40:49.472599,18.0,48.9,0
2026-01-12T04:40:51.727413,18.0,48.9,0
2026-01-12T04:40:53.983835,18.0,48.9,0
2026-01-12T04:40:56.238267,18.1,49.0,1
2026-01-12T04:40:58.492648,18.1,48.9,1
2026-01-12T04:41:00.747388,18.0,48.9,1
2026-01-12T04:41:03.001828,18.1,48.9,1
2026-01-12T04:41:05.256069,18.0,48.8,1
2026-01-12T04:41:07.510752,18.0,48.8,1
2026-01-12T04:41:09.764832,18.0,48.8,1
2026-01-12T04:41:12.019252,18.0,48.8,1
2026-01-12T04:41:14.273761,18.0,48.8,1
2026-01-12T04:41:16.527895,18.0,48.8,1
2026-01-12T04:41:18.782594,18.0,48.8,1
2026-01-12T04:41:21.037090,18.0,48.8,1
2026-01-12T04:41:23.291527,18.0,48.8,1
2026-01-12T04:41:25.546286,18.0,48.8,1
2026-01-12T04:41:27.800432,18.0,48.8,1
2026-01-12T04:41:30.054996,18.1,48.9,1
2026-01-12T04:41:32.309620,18.1,48.9,1
2026-01-12T04:41:34.564067,18.0,48.8,1
2026-01-12T04:41:36.818213,18.0,48.9,0
2026-01-12T04:41:39.072544,18.0,48.8,0
2026-01-12T04:41:41.327154,18.1,48.9,0
2026-01-12T04:41:43.581437,18.1,48.9,0
2026-01-12T04:41:45.835520,18.1,48.8,0
2026-01-12T04:41:48.090138,18.0,48.8,0
2026-01-12T04:41:50.344255,18.0,48.8,0
2026-01-12T04:41:52.599150,18.0,48.8,1
2026-01-12T04:41:54.853433,18.0,48.8,1
2026-01-12T04:41:57.107613,18.0,48.8,1
2026-01-12T04:41:59.362378,18.0,48.8,1
2026-01-12T04:42:01.618627,18.0,48.8,1
2026-01-12T04:42:03.873078,18.0,48.7,1
2026-01-12T04:42:06.127515,18.0,48.7,1
2026-01-12T04:42:08.384112,18.1,48.8,1
2026-01-12T04:42:10.638703,18.0,48.7,1
2026-01-12T04:42:12.892834,18.0,48.7,1
2026-01-12T04:42:15.146734,18.1,48.8,1
2026-01-12T04:42:17.401259,18.0,48.7,1
2026-01-12T04:42:19.655854,18.0,48.7,1
2026-01-12T04:42:21.910321,18.1,48.7,1
2026-01-12T04:42:24.164400,18.0,48.7,1
2026-01-12T04:42:26.419218,18.0,48.6,1
2026-01-12T04:42:28.673583,18.0,48.7,1
2026-01-12T04:42:30.927996,18.0,48.6,1
2026-01-12T04:42:33.182635,18.0,48.6,0
2026-01-12T04:42:35.437111,18.0,48.6,0
2026-01-12T04:42:37.691361,18.0,48.6,0
2026-01-12T04:42:39.945995,18.1,48.7,0
2026-01-12T04:42:42.200304,18.0,48.6,0
2026-01-12T04:42:44.454939,18.1,48.7,0
2026-01-12T04:42:46.709796,18.0,48.6,0
2026-01-12T04:42:48.964121,18.0,48.6,1
2026-01-12T04:42:51.218683,18.0,48.6,1
2026-01-12T04:42:53.473174,18.0,48.6,1
2026-01-12T04:42:55.727888,18.0,48.5,1
2026-01-12T04:42:57.982433,18.0,48.5,1
2026-01-12T04:43:00.236870,18.0,48.4,1
2026-01-12T04:43:02.491069,18.0,48.4,1
2026-01-12T04:43:04.745377,18.0,48.3,1
2026-01-12T04:43:06.999713,18.0,48.3,1
2026-01-12T04:43:09.254169,18.0,48.3,1
2026-01-12T04:43:11.508368,18.1,48.4,1
2026-01-12T04:43:13.763205,18.0,48.3,1
2026-01-12T04:43:16.017708,18.0,48.3,1
2026-01-12T04:43:18.272240,18.0,48.3,1
2026-01-12T04:43:20.527013,18.1,48.4,1
2026-01-12T04:43:22.781168,18.0,48.3,1
2026-01-12T04:43:25.035355,18.0,48.4,1
2026-01-12T04:43:27.289868,18.1,48.4,1
2026-01-12T04:43:29.544263,18.0,48.3,0
2026-01-12T04:43:31.798751,18.0,48.3,0
2026-01-12T04:43:34.053152,18.1,48.4,0
2026-01-12T04:43:36.307605,18.0,48.3,0
2026-01-12T04:43:38.562179,18.1,48.4,0
2026-01-12T04:43:40.816877,18.0,48.3,0
2026-01-12T04:43:43.073446,18.0,48.3,0
2026-01-12T04:43:45.327802,18.0,48.3,1
2026-01-12T04:43:47.582102,18.0,48.3,1
2026-01-12T04:43:49.836521,18.0,48.3,1
2026-01-12T04:43:52.091030,18.0,48.3,1
2026-01-12T04:43:54.345728,18.1,48.4,1
2026-01-12T04:43:56.599966,18.1,48.4,1
2026-01-12T04:43:58.854562,18.0,48.2,1
2026-01-12T04:44:01.108820,18.1,48.4,1
2026-01-12T04:44:03.363058,18.0,48.3,1
2026-01-12T04:44:05.617544,18.1,48.4,1
2026-01-12T04:44:07.872220,18.0,48.3,1
2026-01-12T04:44:10.126360,18.0,48.3,1
2026-01-12T04:44:12.380878,18.1,48.4,1
2026-01-12T04:44:14.635177,18.1,48.4,1
2026-01-12T04:44:16.889459,18.0,48.3,1
2026-01-12T04:44:19.143525,18.0,48.3,1
2026-01-12T04:44:21.398058,18.1,48.4,1
2026-01-12T04:44:23.652569,18.0,48.4,1
2026-01-12T04:44:25.907191,18.1,48.4,0
2026-01-12T04:44:28.161771,18.0,48.4,0
2026-01-12T04:44:30.415946,18.0,48.4,0
2026-01-12T04:44:32.670643,18.0,48.4,0
2026-01-12T04:44:34.925188,18.0,48.5,0
2026-01-12T04:44:37.181688,18.0,48.5,0
2026-01-12T04:44:39.435936,18.1,48.6,0
2026-01-12T04:44:41.690389,18.1,48.6,1
2026-01-12T04:44:43.944748,18.1,48.6,1
2026-01-12T04:44:46.199016,18.0,48.6,1
2026-01-12T04:44:48.453721,18.0,48.6,1
2026-01-12T04:44:50.708202,18.1,48.7,1
2026-01-12T04:44:52.962772,18.1,48.6,1
2026-01-12T04:44:55.217286,18.1,48.6,1
2026-01-12T04:44:57.471635,18.1,48.7,1
2026-01-12T04:44:59.726176,18.1,48.7,1
2026-01-12T04:45:01.980685,18.1,48.7,1
2026-01-12T04:45:04.235024,18.1,48.7,1
2026-01-12T04:45:06.489474,18.1,48.7,1
2026-01-12T04:45:08.744019,18.1,48.6,1
2026-01-12T04:45:10.998576,18.1,48.7,1
2026-01-12T04:45:13.252904,18.1,48.7,1
2026-01-12T04:45:15.507113,18.0,48.6,1
2026-01-12T04:45:17.761633,18.0,48.7,1
2026-01-12T04:45:20.016026,18.1,48.7,1
2026-01-12T04:45:22.270689,18.0,48.7,0
2026-01-12T04:45:24.525377,18.0,48.7,0
2026-01-12T04:45:26.779575,18.1,48.7,0
2026-01-12T04:45:29.034145,18.1,48.8,0
2026-01-12T04:45:31.288599,18.0,48.7,0
2026-01-12T04:45:33.543254,18.0,48.6,0
2026-01-12T04:45:35.797629,18.1,48.7,0
2026-01-12T04:45:38.052156,18.0,48.7,1
2026-01-12T04:45:40.306593,18.1,48.7,1
2026-01-12T04:45:42.561224,18.1,48.7,1
2026-01-12T04:45:44.815633,18.1,48.7,1
2026-01-12T04:45:47.070115,18.0,48.7,1
2026-01-12T04:45:49.324322,18.1,48.7,1
2026-01-12T04:45:51.580694,18.0,48.6,1
2026-01-12T04:45:53.835309,18.0,48.6,1
2026-01-12T04:45:56.089994,18.1,48.7,1
2026-01-12T04:45:58.344344,18.1,48.7,1
2026-01-12T04:46:00.599018,18.0,48.6,1
2026-01-12T04:46:02.853798,18.1,48.7,1
2026-01-12T04:46:05.108392,18.1,48.7,1
2026-01-12T04:46:07.363110,18.1,48.7,1
2026-01-12T04:46:09.617595,18.1,48.7,1
2026-01-12T04:46:11.872192,18.1,48.7,1
2026-01-12T04:46:14.126768,18.1,48.7,1
2026-01-12T04:46:16.381456,18.0,48.7,1
2026-01-12T04:46:18.635967,18.1,48.7,0
2026-01-12T04:46:20.890409,18.1,48.7,0
2026-01-12T04:46:23.145041,18.0,48.6,0
2026-01-12T04:46:25.399515,18.0,48.7,0
2026-01-12T04:46:27.654112,18.1,48.7,0
2026-01-12T04:46:29.908728,18.1,48.7,0
2026-01-12T04:46:32.162843,18.1,48.8,0
2026-01-12T04:46:34.417274,18.0,48.7,1
2026-01-12T04:46:36.671901,18.1,48.7,1
2026-01-12T04:46:38.926471,18.1,48.7,1
2026-01-12T04:46:41.180720,18.1,48.7,1
2026-01-12T04:46:43.435042,18.0,48.7,1
2026-01-12T04:46:45.691476,18.1,48.7,1
2026-01-12T04:46:47.946030,18.1,48.7,1
2026-01-12T04:46:50.200654,18.1,48.7,1
2026-01-12T04:46:52.455336,18.0,48.7,1
2026-01-12T04:46:54.709824,18.1,48.8,1
2026-01-12T04:46:56.964097,18.1,48.7,1
2026-01-12T04:46:59.218612,18.1,48.7,1
2026-01-12T04:47:01.473096,18.1,48.7,1
2026-01-12T04:47:03.727978,18.0,48.7,1
2026-01-12T04:47:05.982545,18.1,48.8,1
2026-01-12T04:47:08.236763,18.0,48.7,1
2026-01-12T04:47:10.491410,18.1,48.7,1
2026-01-12T04:47:12.746124,18.1,48.7,1
2026-01-12T04:47:15.000613,18.1,48.7,0
2026-01-12T04:47:17.254844,18.1,48.7,0
2026-01-12T04:47:19.509233,18.0,48.7,0
2026-01-12T04:47:21.763444,18.1,48.7,0
2026-01-12T04:47:24.018199,18.1,48.8,0
2026-01-12T04:47:26.272849,18.1,48.7,0
2026-01-12T04:47:28.527374,18.1,48.7,0
2026-01-12T04:47:30.781880,18.1,48.7,1
2026-01-12T04:47:33.038265,18.1,48.7,1
2026-01-12T04:47:35.292223,18.1,48.7,1
2026-01-12T04:47:37.546469,18.1,48.8,1
2026-01-12T04:47:39.800750,18.1,48.7,1
2026-01-12T04:47:42.055304,18.1,48.7,1
2026-01-12T04:47:44.309794,18.1,48.8,1
2026-01-12T04:47:46.564047,18.1,48.7,1
2026-01-12T04:47:48.818536,18.1,48.7,1
2026-01-12T04:47:51.073212,18.1,48.7,1
2026-01-12T04:47:53.327256,18.1,48.7,1
2026-01-12T04:47:55.581306,18.0,48.7,1
2026-01-12T04:47:57.835563,18.1,48.7,1
2026-01-12T04:48:00.090099,18.1,48.7,1
2026-01-12T04:48:02.344075,18.1,48.7,1
2026-01-12T04:48:04.598777,18.1,48.8,1
2026-01-12T04:48:06.853199,18.1,48.7,1
2026-01-12T04:48:09.107379,18.1,48.8,1
2026-01-12T04:48:11.361897,18.1,48.8,0
2026-01-12T04:48:13.616070,18.0,48.7,0
2026-01-12T04:48:15.870533,18.1,48.8,0
2026-01-12T04:48:18.124786,18.1,48.8,0
2026-01-12T04:48:20.378724,18.0,48.7,0
2026-01-12T04:48:22.632923,18.1,48.8,0
2026-01-12T04:48:24.887726,18.1,48.7,0
2026-01-12T04:48:27.141787,18.1,48.7,1
2026-01-12T04:48:29.396027,18.1,48.7,1
2026-01-12T04:48:31.650765,18.1,48.7,1
2026-01-12T04:48:33.905182,18.1,48.7,1
2026-01-12T04:48:36.159795,18.1,48.6,1
2026-01-12T04:48:38.414228,18.1,48.6,1
2026-01-12T04:48:40.668591,18.1,48.6,1
2026-01-12T04:48:42.923189,18.1,48.6,1
2026-01-12T04:48:45.177700,18.1,48.5,1
2026-01-12T04:48:47.431892,18.1,48.5,1
2026-01-12T04:48:49.686228,18.1,48.6,1
2026-01-12T04:48:51.940436,18.1,48.5,1
2026-01-12T04:48:54.194514,18.1,48.5,1
2026-01-12T04:48:56.448697,18.1,48.5,1
2026-01-12T04:48:58.703006,18.1,48.4,1
2026-01-12T04:49:00.957020,18.1,48.5,1
2026-01-12T04:49:03.211077,18.1,48.4,1
2026-01-12T04:49:05.465359,18.1,48.4,1
2026-01-12T04:49:07.719395,18.1,48.4,0
2026-01-12T04:49:09.973646,18.1,48.5,0
2026-01-12T04:49:12.227852,18.1,48.5,0
2026-01-12T04:49:14.482461,18.1,48.6,0
2026-01-12T04:49:16.736515,18.1,48.6,0
2026-01-12T04:49:18.991318,18.1,48.7,0
2026-01-12T04:49:21.245858,18.1,48.7,0
2026-01-12T04:49:23.500404,18.1,48.8,1
2026-01-12T04:49:25.755338,18.1,48.8,1
2026-01-12T04:49:28.009914,18.1,48.8,1
2026-01-12T04:49:30.264385,18.1,48.9,1
2026-01-12T04:49:32.520092,18.1,48.9,1
2026-01-12T04:49:34.833368,18.1,48.9,1
2026-01-12T04:49:37.087380,18.1,48.8,1
2026-01-12T04:49:39.342067,18.1,48.8,1
2026-01-12T04:49:41.596521,18.1,48.8,1
2026-01-12T04:49:43.851120,18.1,48.7,1
2026-01-12T04:49:46.105729,18.1,48.7,1
2026-01-12T04:49:48.360292,18.1,48.7,1
2026-01-12T04:49:50.614532,18.1,48.7,1
2026-01-12T04:49:52.868910,18.1,48.7,1
2026-01-12T04:49:55.123268,18.1,48.7,1
2026-01-12T04:49:57.377288,18.0,48.6,1
2026-01-12T04:49:59.631662,18.1,48.6,1
2026-01-12T04:50:01.886204,18.0,48.6,1
2026-01-12T04:50:04.140283,18.1,48.6,0
2026-01-12T04:50:06.395085,18.1,48.6,0
2026-01-12T04:50:08.649635,18.1,48.7,0
2026-01-12T04:50:10.904051,18.1,48.6,0
2026-01-12T04:50:13.158721,18.1,48.7,0
2026-01-12T04:50:15.413081,18.1,48.6,0
2026-01-12T04:50:17.667171,18.1,48.6,0
2026-01-12T04:50:19.921913,18.0,48.6,1
2026-01-12T04:50:22.176257,18.1,48.6,1
2026-01-12T04:50:24.430868,18.0,48.6,1
2026-01-12T04:50:26.685609,18.1,48.7,1
2026-01-12T04:50:28.939682,18.1,48.7,1
2026-01-12T04:50:31.193755,18.0,48.6,1
2026-01-12T04:50:33.447986,18.1,48.6,1
2026-01-12T04:50:35.702647,18.0,48.5,1
2026-01-12T04:50:37.956764,18.1,48.6,1
2026-01-12T04:50:40.211062,18.1,48.6,1
2026-01-12T04:50:42.465427,18.1,48.6,1
2026-01-12T04:50:44.719750,18.1,48.6,1
2026-01-12T04:50:46.974319,18.1,48.6,1
2026-01-12T04:50:49.228759,18.0,48.6,1
2026-01-12T04:50:51.483303,18.1,48.6,1
2026-01-12T04:50:53.737943,18.0,48.6,1
2026-01-12T04:50:55.992464,18.0,48.6,1
2026-01-12T04:50:58.247073,18.1,48.7,1
2026-01-12T04:51:00.501713,18.0,48.6,0
2026-01-12T04:51:02.756236,18.1,48.7,0
2026-01-12T04:51:05.010249,18.1,48.7,0
2026-01-12T04:51:07.264798,18.1,48.7,0
2026-01-12T04:51:09.519334,18.1,48.7,0
2026-01-12T04:51:11.773799,18.0,48.7,0
2026-01-12T04:51:14.028113,18.0,48.6,0
2026-01-12T04:51:16.282317,18.1,48.7,1
2026-01-12T04:51:18.536594,18.1,48.7,1
2026-01-12T04:51:20.791320,18.0,48.6,1
2026-01-12T04:51:23.045788,18.1,48.7,1
2026-01-12T04:51:25.299726,18.0,48.6,1
2026-01-12T04:51:27.554359,18.1,48.7,1
2026-01-12T04:51:29.808491,18.0,48.6,1
2026-01-12T04:51:32.063097,18.0,48.6,1
2026-01-12T04:51:34.317610,18.1,48.7,1
2026-01-12T04:51:36.572243,18.0,48.6,1
2026-01-12T04:51:38.826714,18.0,48.6,1
2026-01-12T04:51:41.080985,18.1,48.7,1
2026-01-12T04:51:43.335552,18.0,48.6,1
2026-01-12T04:51:45.590210,18.1,48.7,1
2026-01-12T04:51:47.844751,18.0,48.6,1
2026-01-12T04:51:50.098968,18.0,48.6,1
2026-01-12T04:51:52.353455,18.0,48.6,1
2026-01-12T04:51:54.608165,18.0,48.6,1
2026-01-12T04:51:56.862833,18.0,48.5,1
2026-01-12T04:51:59.117310,18.1,48.6,0
2026-01-12T04:52:01.371443,18.0,48.6,0
2026-01-12T04:52:03.626029,18.1,48.6,0
2026-01-12T04:52:05.880274,18.1,48.6,0
2026-01-12T04:52:08.135120,18.1,48.6,0
2026-01-12T04:52:10.389630,18.0,48.5,0
2026-01-12T04:52:12.644240,18.1,48.5,1
2026-01-12T04:52:14.898574,18.1,48.5,1
2026-01-12T04:52:17.154815,18.0,48.4,1
2026-01-12T04:52:19.409191,18.1,48.4,1
2026-01-12T04:52:21.664039,18.0,48.4,1
2026-01-12T04:52:23.918309,18.0,48.3,1
2026-01-12T04:52:26.172580,18.0,48.3,1
2026-01-12T04:52:28.427333,18.0,48.3,1
2026-01-12T04:52:30.681910,18.0,48.4,1
2026-01-12T04:52:32.936120,18.1,48.4,1
2026-01-12T04:52:35.190503,18.0,48.4,1
2026-01-12T04:52:37.444513,18.0,48.5,1
2026-01-12T04:52:39.699119,18.0,48.4,1
2026-01-12T04:52:41.953587,18.0,48.5,1
2026-01-12T04:52:44.208036,18.0,48.5,1
2026-01-12T04:52:46.462446,18.1,48.6,1
2026-01-12T04:52:48.716866,18.0,48.5,1
2026-01-12T04:52:50.971138,18.0,48.5,1
2026-01-12T04:52:53.225535,18.0,48.5,1
2026-01-12T04:52:55.479729,18.0,48.6,0
2026-01-12T04:52:57.733978,18.0,48.6,0
2026-01-12T04:52:59.988478,18.0,48.5,0
2026-01-12T04:53:02.243267,18.0,48.6,0
2026-01-12T04:53:04.497861,18.0,48.6,0
2026-01-12T04:53:06.752503,18.0,48.6,0
2026-01-12T04:53:09.007138,18.0,48.6,1
2026-01-12T04:53:11.261592,18.0,48.6,1
2026-01-12T04:53:13.515856,18.0,48.6,1
2026-01-12T04:53:15.770697,18.0,48.5,1
2026-01-12T04:53:18.025243,18.0,48.5,1
2026-01-12T04:53:20.279695,18.0,48.5,1
2026-01-12T04:53:22.534548,18.0,48.5,1
2026-01-12T04:53:24.789030,18.0,48.5,1
2026-01-12T04:53:27.043501,18.0,48.5,1
2026-01-12T04:53:29.298090,18.0,48.5,1
2026-01-12T04:53:31.554831,18.0,48.5,1
2026-01-12T04:53:33.809322,18.0,48.4,1
2026-01-12T04:53:36.063967,18.1,48.5,1
2026-01-12T04:53:38.318567,18.0,48.5,1
2026-01-12T04:53:40.573184,18.0,48.5,1
2026-01-12T04:53:42.827313,18.0,48.5,1
2026-01-12T04:53:45.081798,18.0,48.5,1
2026-01-12T04:53:47.336184,18.0,48.5,1
2026-01-12T04:53:49.590871,18.0,48.5,1
2026-01-12T04:53:51.845480,18.0,48.5,0
2026-01-12T04:53:54.099767,18.0,48.6,0
2026-01-12T04:53:56.354526,18.0,48.5,0
2026-01-12T04:53:58.608729,18.0,48.6,0
2026-01-12T04:54:00.862706,18.0,48.5,0
2026-01-12T04:54:03.117350,18.0,48.5,0
2026-01-12T04:54:05.371635,18.0,48.5,1
2026-01-12T04:54:07.626191,18.0,48.6,1
2026-01-12T04:54:09.880700,18.0,48.6,1
2026-01-12T04:54:12.135249,18.0,48.6,1
2026-01-12T04:54:14.389710,18.0,48.6,1
2026-01-12T04:54:16.644255,18.0,48.6,1
2026-01-12T04:54:18.898775,18.0,48.6,1
2026-01-12T04:54:21.153217,18.0,48.6,1
2026-01-12T04:54:23.407822,18.1,48.7,1
2026-01-12T04:54:25.662386,18.0,48.6,1
2026-01-12T04:54:27.916913,18.0,48.6,1
2026-01-12T04:54:30.171429,18.0,48.6,1
2026-01-12T04:54:32.425953,18.0,48.5,1
2026-01-12T04:54:34.680107,18.0,48.5,1
2026-01-12T04:54:36.934842,18.0,48.5,1
2026-01-12T04:54:39.189480,18.0,48.5,1
2026-01-12T04:54:41.443602,18.0,48.5,1
2026-01-12T04:54:43.698299,18.0,48.5,1
2026-01-12T04:54:45.952779,18.1,48.5,1
2026-01-12T04:54:48.207007,18.0,48.4,0
2026-01-12T04:54:50.461512,18.0,48.4,0
2026-01-12T04:54:52.715817,18.0,48.3,0
2026-01-12T04:54:54.970290,18.0,48.3,0
2026-01-12T04:54:57.224715,18.0,48.3,0
2026-01-12T04:54:59.479044,18.0,48.4,0
2026-01-12T04:55:01.733538,18.0,48.4,1
2026-01-12T04:55:03.988083,18.0,48.3,1
2026-01-12T04:55:06.242616,18.0,48.4,1
2026-01-12T04:55:08.497155,18.0,48.4,1
2026-01-12T04:55:10.751939,18.0,48.4,1
2026-01-12T04:55:13.006462,18.0,48.5,1
2026-01-12T04:55:15.260694,18.0,48.5,1
2026-01-12T04:55:17.515439,18.0,48.5,1
2026-01-12T04:55:19.770103,18.0,48.6,1
2026-01-12T04:55:22.024373,18.0,48.7,1
2026-01-12T04:55:24.278800,18.0,48.7,1
2026-01-12T04:55:26.533448,18.0,48.7,1
2026-01-12T04:55:28.787667,18.0,48.7,1
2026-01-12T04:55:31.042305,18.0,48.7,1
2026-01-12T04:55:33.296585,18.0,48.7,1
2026-01-12T04:55:35.551135,18.0,48.6,1
2026-01-12T04:55:37.805696,18.0,48.7,1
2026-01-12T04:55:40.060153,18.0,48.6,1
2026-01-12T04:55:42.314618,18.0,48.6,1
2026-01-12T04:55:44.569339,18.0,48.6,0
2026-01-12T04:55:46.823489,18.0,48.6,0
2026-01-12T04:55:49.077993,18.0,48.6,0
2026-01-12T04:55:51.332637,18.0,48.6,0
2026-01-12T04:55:53.586717,18.0,48.6,0
2026-01-12T04:55:55.840902,18.0,48.5,0
2026-01-12T04:55:58.095354,18.0,48.6,0
2026-01-12T04:56:00.349676,18.1,48.7,1
2026-01-12T04:56:02.604118,18.0,48.6,1
2026-01-12T04:56:04.858451,18.0,48.6,1
2026-01-12T04:56:07.112970,18.0,48.6,1
2026-01-12T04:56:09.367175,18.0,48.6,1
2026-01-12T04:56:11.621918,18.0,48.6,1
2026-01-12T04:56:13.876396,18.0,48.5,1
2026-01-12T04:56:16.130985,18.0,48.5,1
2026-01-12T04:56:18.385674,18.0,48.5,1
2026-01-12T04:56:20.640064,18.1,48.5,1
2026-01-12T04:56:22.894523,18.0,48.5,1
2026-01-12T04:56:25.149189,18.0,48.5,1
2026-01-12T04:56:27.403567,18.0,48.4,1
2026-01-12T04:56:29.658180,18.0,48.5,1
2026-01-12T04:56:31.912456,18.0,48.5,1
2026-01-12T04:56:34.167033,18.0,48.5,1
2026-01-12T04:56:36.421532,18.0,48.4,1
2026-01-12T04:56:38.676106,18.0,48.4,1
2026-01-12T04:56:40.930669,18.0,48.4,0
2026-01-12T04:56:43.184883,18.0,48.4,0
2026-01-12T04:56:45.439359,18.0,48.3,0
2026-01-12T04:56:47.693774,18.0,48.3,0
2026-01-12T04:56:49.947767,18.0,48.3,0
2026-01-12T04:56:52.202477,18.0,48.3,0
2026-01-12T04:56:54.456960,18.0,48.3,0
2026-01-12T04:56:56.711493,18.0,48.3,1
2026-01-12T04:56:58.966268,18.0,48.3,1
2026-01-12T04:57:01.220775,18.0,48.3,1
2026-01-12T04:57:03.475173,18.0,48.3,1
2026-01-12T04:57:05.729465,18.0,48.3,1
2026-01-12T04:57:07.983949,18.0,48.3,1
2026-01-12T04:57:10.238479,18.0,48.3,1
2026-01-12T04:57:12.492763,18.0,48.3,1
2026-01-12T04:57:14.747352,18.0,48.2,1
2026-01-12T04:57:17.001569,18.0,48.2,1
2026-01-12T04:57:19.256150,18.0,48.2,1
2026-01-12T04:57:21.510577,18.0,48.2,1
2026-01-12T04:57:23.764913,18.0,48.2,1
2026-01-12T04:57:26.019534,18.0,48.2,1
2026-01-12T04:57:28.274046,18.0,48.2,1
2026-01-12T04:57:30.528529,18.0,48.1,1
2026-01-12T04:57:32.783331,18.0,48.1,1
2026-01-12T04:57:35.037849,18.0,48.0,1
2026-01-12T04:57:37.292213,18.0,48.0,0
2026-01-12T04:57:39.547049,18.0,48.0,0
2026-01-12T04:57:41.801583,18.0,47.9,0
2026-01-12T04:57:44.056004,18.0,47.9,0
2026-01-12T04:57:46.310661,18.0,47.9,0
2026-01-12T04:57:48.565272,18.0,47.9,0
2026-01-12T04:57:50.819496,18.0,48.0,0
2026-01-12T04:57:53.074039,18.0,48.0,1
2026-01-12T04:57:55.328364,18.0,48.0,1
2026-01-12T04:57:57.582990,18.0,48.0,1
2026-01-12T04:57:59.837680,18.0,48.0,1
2026-01-12T04:58:02.092069,18.0,48.0,1
2026-01-12T04:58:04.346684,18.0,48.0,1
2026-01-12T04:58:06.601384,18.0,48.1,1
2026-01-12T04:58:08.855894,18.0,48.0,1
2026-01-12T04:58:11.110354,18.0,48.1,1
2026-01-12T04:58:13.364840,18.0,48.2,1
2026-01-12T04:58:15.621584,18.0,48.2,1
2026-01-12T04:58:17.875899,18.0,48.2,1
2026-01-12T04:58:20.130572,18.0,48.2,1
2026-01-12T04:58:22.385092,18.0,48.2,1
2026-01-12T04:58:24.639329,18.0,48.2,1
2026-01-12T04:58:26.894054,18.0,48.2,1
2026-01-12T04:58:29.148252,18.0,48.2,1
2026-01-12T04:58:31.402727,18.0,48.2,1
2026-01-12T04:58:33.657304,18.0,48.3,0
2026-01-12T04:58:35.911953,18.0,48.3,0
2026-01-12T04:58:38.166481,18.0,48.3,0
2026-01-12T04:58:40.421303,18.0,48.3,0
2026-01-12T04:58:42.675878,18.0,48.3,0
2026-01-12T04:58:44.930422,18.0,48.3,0
2026-01-12T04:58:47.184691,18.0,48.3,0
2026-01-12T04:58:49.439274,18.0,48.2,1
2026-01-12T04:58:51.693809,18.0,48.2,1
2026-01-12T04:58:53.948266,18.0,48.2,1
2026-01-12T04:58:56.202826,18.0,48.2,1
2026-01-12T04:58:58.457227,18.0,48.2,1
2026-01-12T04:59:00.711944,18.0,48.2,1
2026-01-12T04:59:02.966468,18.0,48.2,1
2026-01-12T04:59:05.220809,18.0,48.2,1
2026-01-12T04:59:07.475482,18.0,48.2,1
2026-01-12T04:59:09.729970,18.0,48.1,1
2026-01-12T04:59:11.984510,18.0,48.1,1
2026-01-12T04:59:14.239270,18.0,48.1,1
2026-01-12T04:59:16.493754,18.0,48.0,1
2026-01-12T04:59:18.748412,18.0,48.0,1
2026-01-12T04:59:21.002884,18.0,48.1,1
2026-01-12T04:59:23.257442,18.0,48.1,1
2026-01-12T04:59:25.511923,18.0,48.1,1
2026-01-12T04:59:27.766628,18.0,48.1,1
2026-01-12T04:59:30.021125,18.0,48.1,0
2026-01-12T04:59:32.275361,18.0,48.1,0
2026-01-12T04:59:34.530141,18.0,48.1,0
2026-01-12T04:59:36.784495,18.0,48.1,0
2026-01-12T04:59:39.039039,18.0,48.1,0
2026-01-12T04:59:41.293709,18.0,48.1,0
2026-01-12T04:59:43.548416,18.0,48.1,0
2026-01-12T04:59:45.802971,18.0,48.1,1
2026-01-12T04:59:48.057649,18.0,48.1,1
2026-01-12T04:59:50.312013,18.0,48.2,1
2026-01-12T04:59:52.566653,18.0,48.2,1
2026-01-12T04:59:54.821100,18.0,48.2,1
2026-01-12T04:59:57.075528,18.0,48.2,1
2026-01-12T04:59:59.330096,18.0,48.3,1
2026-01-12T05:00:01.584905,18.0,48.3,1
2026-01-12T05:00:03.839405,18.0,48.3,1
2026-01-12T05:00:06.093957,18.0,48.3,1
2026-01-12T05:00:08.348655,18.0,48.4,1
2026-01-12T05:00:10.603320,18.0,48.4,1
2026-01-12T05:00:12.857893,18.0,48.4,1
2026-01-12T05:00:15.112629,18.0,48.4,1
2026-01-12T05:00:17.367013,18.0,48.4,1
2026-01-12T05:00:19.621639,18.0,48.5,1
2026-01-12T05:00:21.876170,18.0,48.4,1
2026-01-12T05:00:24.130796,18.0,48.4,1
2026-01-12T05:00:26.385300,18.0,48.4,0
2026-01-12T05:00:28.640102,18.0,48.4,0
2026-01-12T05:00:30.894782,18.0,48.4,0
2026-01-12T05:00:33.149239,18.0,48.4,0
2026-01-12T05:00:35.403853,18.0,48.4,0
2026-01-12T05:00:37.658455,18.0,48.3,0
2026-01-12T05:00:39.912840,18.0,48.3,0
2026-01-12T05:00:42.167338,18.0,48.4,1
2026-01-12T05:00:44.421832,18.0,48.3,1
2026-01-12T05:00:46.676219,18.0,48.4,1
2026-01-12T05:00:48.930955,18.0,48.4,1
2026-01-12T05:00:51.185371,18.0,48.4,1
2026-01-12T05:00:53.439856,18.0,48.4,1
2026-01-12T05:00:55.694725,18.0,48.4,1
2026-01-12T05:00:57.949330,18.0,48.4,1
2026-01-12T05:01:00.203871,18.0,48.4,1
2026-01-12T05:01:02.458491,18.0,48.4,1
2026-01-12T05:01:04.712894,18.0,48.4,1
2026-01-12T05:01:06.967049,18.0,48.4,1
2026-01-12T05:01:09.221831,18.0,48.4,1
2026-01-12T05:01:11.476424,18.0,48.4,1
2026-01-12T05:01:13.730861,18.0,48.4,1
2026-01-12T05:01:15.985557,18.0,48.4,1
2026-01-12T05:01:18.240052,18.0,48.5,1
2026-01-12T05:01:20.494601,18.0,48.4,1
2026-01-12T05:01:22.749283,18.0,48.4,0
2026-01-12T05:01:25.003603,18.0,48.5,0
2026-01-12T05:01:27.258063,18.0,48.5,0
2026-01-12T05:01:29.512701,18.0,48.4,0
2026-01-12T05:01:31.767392,18.0,48.5,0
2026-01-12T05:01:34.021938,18.0,48.5,0
2026-01-12T05:01:36.276394,18.0,48.4,0
2026-01-12T05:01:38.531155,18.0,48.4,1
2026-01-12T05:01:40.785690,18.0,48.5,1
2026-01-12T05:01:43.040300,18.0,48.4,1
2026-01-12T05:01:45.296783,18.0,48.4,1
2026-01-12T05:01:47.550979,18.0,48.4,1
2026-01-12T05:01:49.805707,18.0,48.4,1
2026-01-12T05:01:52.060314,18.0,48.4,1
2026-01-12T05:01:54.314851,18.0,48.4,1
2026-01-12T05:01:56.569606,18.0,48.4,1
2026-01-12T05:01:58.824184,18.0,48.3,1
2026-01-12T05:02:01.078678,18.0,48.3,1
2026-01-12T05:02:03.333108,18.0,48.3,1
2026-01-12T05:02:05.587674,18.0,48.3,1
2026-01-12T05:02:07.842240,18.0,48.3,1
2026-01-12T05:02:10.096684,18.0,48.3,1
2026-01-12T05:02:12.351237,18.0,48.4,1
2026-01-12T05:02:14.605850,18.0,48.4,1
2026-01-12T05:02:16.860498,18.0,48.3,1
2026-01-12T05:02:19.115137,18.0,48.4,0
2026-01-12T05:02:21.369515,18.0,48.4,0
2026-01-12T05:02:23.624255,18.0,48.4,0
2026-01-12T05:02:25.880688,18.0,48.4,0
2026-01-12T05:02:28.135229,18.0,48.4,0
2026-01-12T05:02:30.389924,18.0,48.3,0
2026-01-12T05:02:32.644585,18.0,48.4,0
2026-01-12T05:02:34.899131,18.0,48.3,1
2026-01-12T05:02:37.153836,18.0,48.3,1
2026-01-12T05:02:39.408359,18.0,48.4,1
2026-01-12T05:02:41.663009,18.0,48.3,1
2026-01-12T05:02:43.917594,18.0,48.3,1
2026-01-12T05:02:46.171998,18.0,48.3,1
2026-01-12T05:02:48.426509,18.0,48.3,1
2026-01-12T05:02:50.681266,18.0,48.3,1
2026-01-12T05:02:52.935810,18.0,48.3,1
2026-01-12T05:02:55.190130,18.0,48.3,1
2026-01-12T05:02:57.444799,18.0,48.3,1
2026-01-12T05:02:59.699299,18.0,48.2,1
2026-01-12T05:03:01.953812,18.0,48.2,1
2026-01-12T05:03:04.208436,18.0,48.2,1
2026-01-12T05:03:06.462961,18.1,48.2,1
2026-01-12T05:03:08.717524,18.0,48.2,1
2026-01-12T05:03:10.972183,18.0,48.2,1
2026-01-12T05:03:13.226300,18.0,48.2,1
2026-01-12T05:03:15.480766,18.0,48.2,0
2026-01-12T05:03:17.735285,18.0,48.2,0
2026-01-12T05:03:19.989845,18.0,48.2,0
2026-01-12T05:03:22.244168,18.0,48.3,0
2026-01-12T05:03:24.498833,18.0,48.3,0
2026-01-12T05:03:26.753554,18.0,48.3,0
2026-01-12T05:03:29.007934,18.0,48.3,0
2026-01-12T05:03:31.262590,18.0,48.3,1
2026-01-12T05:03:33.518025,18.0,48.3,1
2026-01-12T05:03:35.772578,18.0,48.3,1
2026-01-12T05:03:38.027372,18.0,48.3,1
2026-01-12T05:03:40.281979,18.0,48.4,1
2026-01-12T05:03:42.536620,18.0,48.4,1
2026-01-12T05:03:44.791323,18.0,48.4,1
2026-01-12T05:03:47.045868,18.0,48.4,1
2026-01-12T05:03:49.300356,18.0,48.4,1
2026-01-12T05:03:51.555299,18.0,48.4,1
2026-01-12T05:03:53.809501,18.0,48.4,1
2026-01-12T05:03:56.063712,18.0,48.3,1
2026-01-12T05:03:58.318237,18.0,48.4,1
2026-01-12T05:04:00.572979,18.0,48.4,1
2026-01-12T05:04:02.827384,18.0,48.4,1
2026-01-12T05:04:05.082139,18.0,48.3,1
2026-01-12T05:04:07.336619,18.0,48.4,1
2026-01-12T05:04:09.591337,18.0,48.3,1
2026-01-12T05:04:11.846154,18.0,48.3,0
2026-01-12T05:04:14.100806,18.0,48.4,0
2026-01-12T05:04:16.355286,18.0,48.4,0
2026-01-12T05:04:18.610059,18.0,48.3,0
2026-01-12T05:04:20.866444,18.0,48.3,0
2026-01-12T05:04:23.120807,18.0,48.3,0
2026-01-12T05:04:25.375565,18.0,48.3,0
2026-01-12T05:04:27.630185,18.0,48.3,1
2026-01-12T05:04:29.884393,18.0,48.3,1
2026-01-12T05:04:32.139099,18.0,48.3,1
2026-01-12T05:04:34.393583,18.0,48.3,1
2026-01-12T05:04:36.648047,18.0,48.3,1
2026-01-12T05:04:38.902738,18.0,48.3,1
2026-01-12T05:04:41.157132,18.0,48.3,1
2026-01-12T05:04:43.411245,18.0,48.3,1
2026-01-12T05:04:45.666017,18.0,48.3,1
2026-01-12T05:04:47.922343,18.0,48.3,1
2026-01-12T05:04:50.176893,18.0,48.3,1
2026-01-12T05:04:52.431379,18.0,48.3,1
2026-01-12T05:04:54.686091,18.0,48.4,1
2026-01-12T05:04:56.940688,18.0,48.3,1
2026-01-12T05:04:59.195477,18.0,48.3,1
2026-01-12T05:05:01.450070,18.0,48.4,1
2026-01-12T05:05:03.704411,18.0,48.4,1
2026-01-12T05:05:05.959201,18.0,48.4,1
2026-01-12T05:05:08.213813,18.0,48.4,0
2026-01-12T05:05:10.468124,18.0,48.4,0
2026-01-12T05:05:12.723036,18.0,48.4,0
2026-01-12T05:05:14.977481,18.0,48.4,0
2026-01-12T05:05:17.231953,18.0,48.4,0
2026-01-12T05:05:19.486746,18.0,48.3,0
2026-01-12T05:05:21.741108,18.0,48.4,0
2026-01-12T05:05:23.995375,18.0,48.3,1
2026-01-12T05:05:26.250117,18.0,48.3,1
2026-01-12T05:05:28.504629,18.0,48.4,1
2026-01-12T05:05:30.759299,18.0,48.3,1
2026-01-12T05:05:33.013972,18.0,48.3,1
2026-01-12T05:05:35.268441,18.0,48.3,1
2026-01-12T05:05:37.523138,18.0,48.3,1
2026-01-12T05:05:39.777825,18.0,48.3,1
2026-01-12T05:05:42.032409,18.0,48.3,1
2026-01-12T05:05:44.286971,18.0,48.3,1
2026-01-12T05:05:46.541779,18.0,48.3,1
2026-01-12T05:05:48.796219,18.0,48.3,1
2026-01-12T05:05:51.050811,18.0,48.3,1
2026-01-12T05:05:53.305566,18.0,48.3,1
2026-01-12T05:05:55.560280,18.0,48.3,1
2026-01-12T05:05:57.814987,18.0,48.3,1
2026-01-12T05:06:00.069668,18.0,48.3,1
2026-01-12T05:06:02.324286,18.0,48.4,1
2026-01-12T05:06:04.578751,18.0,48.4,0
2026-01-12T05:06:06.833117,18.0,48.4,0
2026-01-12T05:06:09.087492,18.0,48.3,0
2026-01-12T05:06:11.342073,18.0,48.3,0
2026-01-12T05:06:13.596554,18.0,48.4,0
2026-01-12T05:06:15.850610,18.0,48.3,0
2026-01-12T05:06:18.105090,18.0,48.4,0
2026-01-12T05:06:20.359700,18.0,48.4,1
2026-01-12T05:06:22.614412,18.0,48.4,1
2026-01-12T05:06:24.868882,18.0,48.4,1
2026-01-12T05:06:27.123437,18.0,48.4,1
2026-01-12T05:06:29.378050,18.0,48.4,1
2026-01-12T05:06:31.632556,18.0,48.3,1
2026-01-12T05:06:33.887340,18.0,48.3,1
2026-01-12T05:06:36.141915,18.0,48.4,1
2026-01-12T05:06:38.396423,18.0,48.4,1
2026-01-12T05:06:40.651274,18.0,48.4,1
2026-01-12T05:06:42.905914,18.0,48.3,1
2026-01-12T05:06:45.160282,18.0,48.4,1
2026-01-12T05:06:47.415148,18.0,48.4,1
2026-01-12T05:06:49.669760,18.0,48.4,1
2026-01-12T05:06:51.924045,18.0,48.4,1
2026-01-12T05:06:54.178943,18.0,48.4,1
2026-01-12T05:06:56.433558,18.0,48.4,1
2026-01-12T05:06:58.687999,18.0,48.4,1
2026-01-12T05:07:00.942741,18.0,48.5,0
2026-01-12T05:07:03.197305,18.0,48.4,0
2026-01-12T05:07:05.451833,18.0,48.4,0
2026-01-12T05:07:07.706672,18.0,48.5,0
2026-01-12T05:07:09.961230,18.0,48.4,0
2026-01-12T05:07:12.215732,18.0,48.4,0
2026-01-12T05:07:14.470174,18.0,48.5,0
2026-01-12T05:07:16.724818,18.0,48.5,1
2026-01-12T05:07:18.979239,18.0,48.5,1
2026-01-12T05:07:21.233918,18.0,48.5,1
2026-01-12T05:07:23.488465,18.0,48.5,1
2026-01-12T05:07:25.743161,18.0,48.5,1
2026-01-12T05:07:27.997919,18.0,48.5,1
2026-01-12T05:07:30.252428,18.0,48.5,1
2026-01-12T05:07:32.507022,18.0,48.5,1
2026-01-12T05:07:34.761813,18.0,48.5,1
2026-01-12T05:07:37.016403,18.0,48.4,1
2026-01-12T05:07:39.270955,18.0,48.4,1
2026-01-12T05:07:41.525746,18.0,48.4,1
2026-01-12T05:07:43.780099,18.0,48.4,1
2026-01-12T05:07:46.034603,18.0,48.4,1
2026-01-12T05:07:48.288973,18.0,48.4,1
2026-01-12T05:07:50.543704,18.0,48.3,1
2026-01-12T05:07:52.798249,18.0,48.3,1
2026-01-12T05:07:55.052655,18.0,48.4,1
2026-01-12T05:07:57.307307,18.0,48.3,0
2026-01-12T05:07:59.561891,18.0,48.3,0
2026-01-12T05:08:01.816481,18.0,48.3,0
2026-01-12T05:08:04.071153,18.0,48.3,0
2026-01-12T05:08:06.325667,18.0,48.4,0
2026-01-12T05:08:08.580457,18.0,48.3,0
2026-01-12T05:08:10.835167,18.0,48.3,0
2026-01-12T05:08:13.089699,18.0,48.3,1
2026-01-12T05:08:15.344262,18.0,48.3,1
2026-01-12T05:08:17.598844,18.0,48.3,1
2026-01-12T05:08:19.853185,18.0,48.3,1
2026-01-12T05:08:22.107583,18.0,48.3,1
2026-01-12T05:08:24.362198,18.0,48.3,1
2026-01-12T05:08:26.616876,18.0,48.3,1
2026-01-12T05:08:28.871460,18.0,48.3,1
2026-01-12T05:08:31.126016,18.0,48.3,1
2026-01-12T05:08:33.380304,18.0,48.3,1
2026-01-12T05:08:35.635010,18.0,48.3,1
2026-01-12T05:08:37.970716,18.0,48.3,1
2026-01-12T05:08:40.306161,18.0,48.3,1
2026-01-12T05:08:42.641943,18.0,48.3,1
2026-01-12T05:08:44.937183,18.0,48.3,1
2026-01-12T05:08:47.191539,18.0,48.3,1
2026-01-12T05:08:49.446257,18.0,48.3,1
2026-01-12T05:08:51.700782,18.0,48.3,1
2026-01-12T05:08:53.955328,18.0,48.3,0
2026-01-12T05:08:56.209770,18.0,48.3,0
2026-01-12T05:08:58.464191,18.0,48.3,0
2026-01-12T05:09:00.718563,18.0,48.4,0
2026-01-12T05:09:02.973248,18.0,48.4,0
2026-01-12T05:09:05.227674,18.0,48.5,0
2026-01-12T05:09:07.482167,18.0,48.5,0
2026-01-12T05:09:09.736725,18.0,48.5,1
2026-01-12T05:09:11.991288,18.0,48.5,1
2026-01-12T05:09:14.245677,18.0,48.4,1
2026-01-12T05:09:16.500340,18.0,48.4,1
2026-01-12T05:09:18.754797,18.0,48.4,1
2026-01-12T05:09:21.009141,18.0,48.4,1
2026-01-12T05:09:23.263702,18.0,48.4,1
2026-01-12T05:09:25.518237,18.0,48.4,1
2026-01-12T05:09:27.772717,18.0,48.4,1
2026-01-12T05:09:30.027391,18.0,48.4,1
2026-01-12T05:09:32.281859,18.0,48.4,1
2026-01-12T05:09:34.536334,18.0,48.4,1
2026-01-12T05:09:36.791121,18.0,48.3,1
2026-01-12T05:09:39.045758,18.0,48.3,1
2026-01-12T05:09:41.300039,18.0,48.4,1
2026-01-12T05:09:43.554760,18.0,48.3,1
2026-01-12T05:09:45.809229,18.0,48.4,1
2026-01-12T05:09:48.063682,18.0,48.3,1
2026-01-12T05:09:50.318331,18.0,48.3,0
2026-01-12T05:09:52.572968,18.0,48.3,0
2026-01-12T05:09:54.827295,18.0,48.3,0
2026-01-12T05:09:57.081974,18.0,48.3,0
2026-01-12T05:09:59.336341,18.0,48.3,0
2026-01-12T05:10:01.590944,18.0,48.4,0
2026-01-12T05:10:03.845620,18.0,48.3,0
2026-01-12T05:10:06.099894,18.0,48.4,1
2026-01-12T05:10:08.354386,18.0,48.4,1
2026-01-12T05:10:10.608868,18.0,48.4,1
2026-01-12T05:10:12.863476,18.0,48.4,1
2026-01-12T05:10:15.118039,18.0,48.3,1
2026-01-12T05:10:17.372409,18.0,48.3,1
2026-01-12T05:10:19.627111,18.0,48.4,1
2026-01-12T05:10:21.881594,18.0,48.4,1
2026-01-12T05:10:24.136108,18.0,48.4,1
2026-01-12T05:10:26.390484,18.0,48.4,1
2026-01-12T05:10:28.644558,18.0,48.3,1
2026-01-12T05:10:30.899288,18.0,48.4,1
2026-01-12T05:10:33.153765,18.0,48.4,1
2026-01-12T05:10:35.407724,18.0,48.3,1
2026-01-12T05:10:37.662398,18.0,48.3,1
2026-01-12T05:10:39.916765,18.0,48.3,1
2026-01-12T05:10:42.171023,18.0,48.3,1
2026-01-12T05:10:44.425659,18.0,48.3,1
2026-01-12T05:10:46.681568,18.0,48.4,0
2026-01-12T05:10:48.935667,18.0,48.3,0
2026-01-12T05:10:51.190343,18.0,48.3,0
2026-01-12T05:10:53.444861,18.0,48.3,0
2026-01-12T05:10:55.699437,18.0,48.3,0
2026-01-12T05:10:57.954193,18.0,48.4,0
2026-01-12T05:11:00.210665,18.0,48.4,0
2026-01-12T05:11:02.464967,18.0,48.4,1
2026-01-12T05:11:04.719640,18.1,48.4,1
2026-01-12T05:11:06.974141,18.0,48.4,1
2026-01-12T05:11:09.228509,18.0,48.3,1
2026-01-12T05:11:11.483198,18.0,48.3,1
2026-01-12T05:11:13.737740,18.0,48.4,1
2026-01-12T05:11:15.992129,18.0,48.4,1
2026-01-12T05:11:18.246827,18.0,48.4,1
2026-01-12T05:11:20.501446,18.0,48.3,1
2026-01-12T05:11:22.756042,18.1,48.4,1
2026-01-12T05:11:25.010508,18.0,48.4,1
2026-01-12T05:11:27.265056,18.0,48.4,1
2026-01-12T05:11:29.519361,18.0,48.4,1
2026-01-12T05:11:31.773993,18.0,48.4,1
2026-01-12T05:11:34.028330,18.0,48.4,1
2026-01-12T05:11:36.282911,18.1,48.4,1
2026-01-12T05:11:38.537734,18.0,48.4,1
2026-01-12T05:11:40.792030,18.0,48.4,1
2026-01-12T05:11:43.046534,18.0,48.4,0
2026-01-12T05:11:45.301274,18.1,48.4,0
2026-01-12T05:11:47.555845,18.0,48.4,0
2026-01-12T05:11:49.810279,18.0,48.3,0
2026-01-12T05:11:52.064959,18.0,48.4,0
2026-01-12T05:11:54.319518,18.0,48.4,0
2026-01-12T05:11:56.574028,18.0,48.3,0
2026-01-12T05:11:58.828457,18.0,48.4,1
2026-01-12T05:12:01.083092,18.0,48.4,1
2026-01-12T05:12:03.337561,18.0,48.4,1
2026-01-12T05:12:05.592120,18.0,48.4,1
2026-01-12T05:12:07.846710,18.0,48.4,1
2026-01-12T05:12:10.100998,18.0,48.4,1
2026-01-12T05:12:12.355536,18.0,48.3,1
2026-01-12T05:12:14.610245,18.0,48.4,1
2026-01-12T05:12:16.864842,18.0,48.4,1
2026-01-12T05:12:19.119250,18.0,48.4,1
2026-01-12T05:12:21.373514,18.0,48.4,1
2026-01-12T05:12:23.628032,18.0,48.4,1
2026-01-12T05:12:25.882738,18.0,48.4,1
2026-01-12T05:12:28.137298,18.0,48.4,1
2026-01-12T05:12:30.391669,18.0,48.4,1
2026-01-12T05:12:32.646507,18.0,48.4,1
2026-01-12T05:12:34.901008,18.0,48.5,1
2026-01-12T05:12:37.155264,18.0,48.4,1
2026-01-12T05:12:39.410031,18.1,48.4,0
2026-01-12T05:12:41.666445,18.0,48.5,0
2026-01-12T05:12:43.920592,18.0,48.4,0
2026-01-12T05:12:46.175340,18.0,48.4,0
2026-01-12T05:12:48.429945,18.0,48.5,0
2026-01-12T05:12:50.684499,18.0,48.5,0
2026-01-12T05:12:52.938878,18.0,48.5,0
2026-01-12T05:12:55.193414,18.0,48.5,1
2026-01-12T05:12:57.447764,18.0,48.5,1
2026-01-12T05:12:59.702606,18.0,48.5,1
2026-01-12T05:13:01.957036,18.0,48.5,1
2026-01-12T05:13:04.211380,18.0,48.5,1
2026-01-12T05:13:06.466017,18.0,48.5,1
2026-01-12T05:13:08.720587,18.0,48.5,1
2026-01-12T05:13:10.975142,18.0,48.5,1
2026-01-12T05:13:13.229847,18.0,48.5,1
2026-01-12T05:13:15.484309,18.0,48.5,1
2026-01-12T05:13:17.738856,18.0,48.5,1
2026-01-12T05:13:19.993633,18.0,48.5,1
2026-01-12T05:13:22.248101,18.0,48.5,1
2026-01-12T05:13:24.502560,18.0,48.5,1
2026-01-12T05:13:26.757012,18.0,48.5,1
2026-01-12T05:13:29.011594,18.0,48.4,1
2026-01-12T05:13:31.266054,18.0,48.5,1
2026-01-12T05:13:33.520765,18.0,48.5,1
2026-01-12T05:13:35.775401,18.0,48.5,0
2026-01-12T05:13:38.029682,18.0,48.5,0
2026-01-12T05:13:40.284329,18.0,48.4,0
2026-01-12T05:13:42.539017,18.0,48.5,0
2026-01-12T05:13:44.793497,18.0,48.5,0
2026-01-12T05:13:47.048129,18.0,48.5,0
2026-01-12T05:13:49.302325,18.0,48.5,0
2026-01-12T05:13:51.556838,18.0,48.5,1
2026-01-12T05:13:53.811492,18.0,48.5,1
2026-01-12T05:13:56.066165,18.0,48.5,1
2026-01-12T05:13:58.320380,18.0,48.5,1
2026-01-12T05:14:00.575185,18.0,48.5,1
2026-01-12T05:14:02.829783,18.0,48.5,1
2026-01-12T05:14:05.084246,18.0,48.5,1
2026-01-12T05:14:07.338960,18.0,48.5,1
2026-01-12T05:14:09.593581,18.0,48.5,1
2026-01-12T05:14:11.847800,18.0,48.5,1
2026-01-12T05:14:14.102457,18.0,48.5,1
2026-01-12T05:14:16.356884,18.0,48.5,1
2026-01-12T05:14:18.611410,18.0,48.5,1
2026-01-12T05:14:20.866134,18.0,48.5,1
2026-01-12T05:14:23.120633,18.0,48.5,1
2026-01-12T05:14:25.375146,18.0,48.5,1
2026-01-12T05:14:27.629917,18.0,48.5,1
2026-01-12T05:14:29.884338,18.0,48.5,1
2026-01-12T05:14:32.138872,18.0,48.5,0
2026-01-12T05:14:34.393117,18.0,48.5,0
2026-01-12T05:14:36.647706,18.0,48.5,0
2026-01-12T05:14:38.902199,18.0,48.5,0
2026-01-12T05:14:41.156858,18.0,48.5,0
2026-01-12T05:14:43.411353,18.0,48.5,0
2026-01-12T05:14:45.665930,18.0,48.5,0
2026-01-12T05:14:47.920598,18.0,48.5,1
2026-01-12T05:14:50.175339,18.0,48.5,1
2026-01-12T05:14:52.429887,18.0,48.5,1
2026-01-12T05:14:54.684644,18.0,48.5,1
2026-01-12T05:14:56.939172,18.0,48.5,1
2026-01-12T05:14:59.193711,18.0,48.5,1
2026-01-12T05:15:01.448199,18.0,48.5,1
2026-01-12T05:15:03.702804,18.0,48.5,1
2026-01-12T05:15:05.957249,18.0,48.5,1
2026-01-12T05:15:08.211778,18.0,48.5,1
2026-01-12T05:15:10.466415,18.0,48.5,1
2026-01-12T05:15:12.720728,18.0,48.5,1
2026-01-12T05:15:14.975276,18.0,48.5,1
2026-01-12T05:15:17.229869,18.0,48.6,1
2026-01-12T05:15:19.484009,18.0,48.5,1
2026-01-12T05:15:21.738853,18.0,48.5,1
2026-01-12T05:15:23.993485,18.0,48.5,1
2026-01-12T05:15:26.247977,18.0,48.5,1
2026-01-12T05:15:28.502693,18.0,48.5,0
2026-01-12T05:15:30.757090,18.0,48.5,0
2026-01-12T05:15:33.011508,18.0,48.5,0
2026-01-12T05:15:35.266245,18.0,48.5,0
2026-01-12T05:15:37.520886,18.0,48.5,0
2026-01-12T05:15:39.775476,18.0,48.5,0
2026-01-12T05:15:42.030282,18.0,48.5,0
2026-01-12T05:15:44.284914,18.0,48.5,1
2026-01-12T05:15:46.539489,18.0,48.5,1
2026-01-12T05:15:48.794175,18.0,48.5,1
2026-01-12T05:15:51.048537,18.0,48.5,1
2026-01-12T05:15:53.302656,18.0,48.5,1
2026-01-12T05:15:55.557282,18.0,48.5,1
2026-01-12T05:15:57.811788,18.0,48.6,1
2026-01-12T05:16:00.066283,18.0,48.5,1
2026-01-12T05:16:02.320928,18.0,48.6,1
2026-01-12T05:16:04.577421,18.0,48.5,1
2026-01-12T05:16:06.831689,18.0,48.5,1
2026-01-12T05:16:09.086288,18.0,48.6,1
2026-01-12T05:16:11.341658,18.0,48.5,1
2026-01-12T05:16:13.596050,18.0,48.5,1
2026-01-12T05:16:15.850451,18.0,48.5,1
2026-01-12T05:16:18.104941,18.0,48.5,1
2026-01-12T05:16:20.359397,18.0,48.6,1
2026-01-12T05:16:22.614124,18.0,48.5,1
2026-01-12T05:16:24.868669,18.0,48.5,0
2026-01-12T05:16:27.123155,18.0,48.5,0
2026-01-12T05:16:29.377789,18.0,48.5,0
2026-01-12T05:16:31.632323,18.0,48.5,0
2026-01-12T05:16:33.886850,18.0,48.5,0
2026-01-12T05:16:36.141326,18.0,48.5,0
2026-01-12T05:16:38.395649,18.0,48.5,0
2026-01-12T05:16:40.650149,18.0,48.6,1
2026-01-12T05:16:42.904799,18.0,48.6,1
2026-01-12T05:16:45.159103,18.0,48.6,1
2026-01-12T05:16:47.413591,18.0,48.6,1
2026-01-12T05:16:49.668340,18.0,48.6,1
2026-01-12T05:16:51.922885,18.0,48.6,1
2026-01-12T05:16:54.177273,18.0,48.5,1
2026-01-12T05:16:56.431929,18.0,48.6,1
2026-01-12T05:16:58.686536,18.0,48.6,1
2026-01-12T05:17:00.941132,18.0,48.6,1
2026-01-12T05:17:03.195858,18.0,48.5,1
2026-01-12T05:17:05.450501,18.0,48.5,1
2026-01-12T05:17:07.705056,18.0,48.5,1
2026-01-12T05:17:09.959671,18.0,48.5,1
2026-01-12T05:17:12.214313,18.0,48.6,1
2026-01-12T05:17:14.468558,18.0,48.6,1
2026-01-12T05:17:16.723365,18.0,48.5,1
2026-01-12T05:17:18.978033,18.0,48.5,1
2026-01-12T05:17:21.232272,18.0,48.5,1
2026-01-12T05:17:23.486767,18.0,48.5,0
2026-01-12T05:17:25.741511,18.0,48.5,0
2026-01-12T05:17:27.996063,18.0,48.6,0
2026-01-12T05:17:30.250858,18.0,48.6,0
2026-01-12T05:17:32.505525,18.0,48.6,0
2026-01-12T05:17:34.759806,18.0,48.5,0
2026-01-12T05:17:37.014540,18.0,48.6,1
2026-01-12T05:17:39.268999,18.0,48.6,1
2026-01-12T05:17:41.523491,18.0,48.6,1
2026-01-12T05:17:43.778257,18.0,48.6,1
2026-01-12T05:17:46.032820,18.0,48.6,1
2026-01-12T05:17:48.287287,18.0,48.6,1
2026-01-12T05:17:50.542069,18.0,48.6,1
2026-01-12T05:17:52.796765,18.0,48.6,1
2026-01-12T05:17:55.051317,18.0,48.6,1
2026-01-12T05:17:57.305767,18.0,48.6,1
2026-01-12T05:17:59.560439,18.0,48.6,1
2026-01-12T05:18:01.814967,18.0,48.7,1
2026-01-12T05:18:04.069582,18.0,48.6,1
2026-01-12T05:18:06.323962,18.0,48.6,1
2026-01-12T05:18:08.578299,18.0,48.7,1
2026-01-12T05:18:10.832950,18.0,48.6,1
2026-01-12T05:18:13.087331,18.0,48.6,1
2026-01-12T05:18:15.341772,18.0,48.6,1
2026-01-12T05:18:17.596510,18.0,48.6,1
2026-01-12T05:18:19.851076,18.0,48.6,0
2026-01-12T05:18:22.105449,18.0,48.6,0
2026-01-12T05:18:24.360101,18.0,48.6,0
2026-01-12T05:18:26.614769,18.0,48.6,0
2026-01-12T05:18:28.869238,18.0,48.6,0
2026-01-12T05:18:31.123870,18.0,48.6,0
2026-01-12T05:18:33.378479,18.0,48.6,1
2026-01-12T05:18:35.632891,18.0,48.6,1
2026-01-12T05:18:37.887574,18.0,48.5,1
2026-01-12T05:18:40.142222,18.0,48.6,1
2026-01-12T05:18:42.396307,18.0,48.6,1
2026-01-12T05:18:44.650597,18.0,48.6,1
2026-01-12T05:18:46.905076,18.0,48.5,1
2026-01-12T05:18:49.159510,18.0,48.6,1
2026-01-12T05:18:51.414157,18.0,48.6,1
2026-01-12T05:18:53.668715,18.0,48.6,1
2026-01-12T05:18:55.923363,18.0,48.6,1
2026-01-12T05:18:58.178129,18.0,48.6,1
2026-01-12T05:19:00.432681,18.0,48.6,1
2026-01-12T05:19:02.686919,18.0,48.6,1
2026-01-12T05:19:04.941335,18.0,48.6,1
2026-01-12T05:19:07.195956,18.0,48.7,1
2026-01-12T05:19:09.450529,18.0,48.7,1
2026-01-12T05:19:11.705204,18.0,48.7,1
2026-01-12T05:19:13.959684,18.0,48.6,1
2026-01-12T05:19:16.213890,18.0,48.7,0
2026-01-12T05:19:18.468480,18.0,48.7,0
2026-01-12T05:19:20.723229,18.0,48.6,0
2026-01-12T05:19:22.977670,18.0,48.6,0
2026-01-12T05:19:25.232273,18.0,48.6,0
2026-01-12T05:19:27.486666,18.0,48.6,0
2026-01-12T05:19:29.741085,18.0,48.6,1
2026-01-12T05:19:31.995612,18.0,48.6,1
2026-01-12T05:19:34.250235,18.0,48.6,1
2026-01-12T05:19:36.504554,18.0,48.6,1
2026-01-12T05:19:38.759216,18.0,48.6,1
2026-01-12T05:19:41.013851,18.0,48.6,1
2026-01-12T05:19:43.268192,18.0,48.6,1
2026-01-12T05:19:45.522987,18.0,48.6,1
2026-01-12T05:19:47.777577,18.0,48.5,1
2026-01-12T05:19:50.031635,18.0,48.5,1
2026-01-12T05:19:52.286305,18.0,48.6,1
2026-01-12T05:19:54.540828,18.0,48.6,1
2026-01-12T05:19:56.795218,18.0,48.6,1
2026-01-12T05:19:59.049537,18.0,48.6,1
2026-01-12T05:20:01.304070,18.0,48.6,1
2026-01-12T05:20:03.558484,18.0,48.6,1
2026-01-12T05:20:05.894107,18.0,48.6,1
2026-01-12T05:20:08.229728,18.0,48.5,1
2026-01-12T05:20:10.509354,18.0,48.6,1
2026-01-12T05:20:12.763972,18.0,48.6,0
2026-01-12T05:20:15.020414,18.0,48.7,0
2026-01-12T05:20:17.274878,18.0,48.7,0
2026-01-12T05:20:19.529360,18.0,48.7,0
2026-01-12T05:20:21.783850,18.0,48.7,0
2026-01-12T05:20:24.038331,18.0,48.7,0
2026-01-12T05:20:26.292923,18.0,48.8,1
2026-01-12T05:20:28.547536,18.0,48.8,1
2026-01-12T05:20:30.801945,18.0,48.8,1
2026-01-12T05:20:33.056681,18.0,48.8,1
2026-01-12T05:20:35.311199,18.0,48.7,1
2026-01-12T05:20:37.565781,18.0,48.7,1
2026-01-12T05:20:39.820467,18.0,48.7,1
2026-01-12T05:20:42.075083,18.0,48.7,1
2026-01-12T05:20:44.329264,18.0,48.7,1
2026-01-12T05:20:46.583630,18.0,48.7,1
2026-01-12T05:20:48.838236,18.0,48.7,1
2026-01-12T05:20:51.092704,18.0,48.7,1
2026-01-12T05:20:53.347424,18.0,48.7,1
2026-01-12T05:20:55.602175,18.0,48.7,1
2026-01-12T05:20:57.856304,18.0,48.7,1
2026-01-12T05:21:00.111099,18.0,48.6,1
2026-01-12T05:21:02.365634,18.0,48.6,1
2026-01-12T05:21:04.620157,18.0,48.6,1
2026-01-12T05:21:06.874973,18.0,48.6,1
2026-01-12T05:21:09.129305,18.0,48.7,0
2026-01-12T05:21:11.383778,18.0,48.6,0
2026-01-12T05:21:13.638617,18.0,48.6,0
2026-01-12T05:21:15.892815,18.0,48.6,0
2026-01-12T05:21:18.147094,18.0,48.6,0
2026-01-12T05:21:20.401785,18.0,48.6,0
2026-01-12T05:21:22.655957,18.0,48.6,1
2026-01-12T05:21:24.910461,18.0,48.7,1
2026-01-12T05:21:27.165074,18.0,48.6,1
2026-01-12T05:21:29.419130,18.0,48.6,1
2026-01-12T05:21:31.673819,18.0,48.6,1
2026-01-12T05:21:33.928178,18.0,48.6,1
2026-01-12T05:21:36.182771,18.0,48.6,1
2026-01-12T05:21:38.437015,18.0,48.6,1
2026-01-12T05:21:40.691594,18.0,48.6,1
2026-01-12T05:21:42.946159,18.0,48.6,1
2026-01-12T05:21:45.200424,18.0,48.5,1
2026-01-12T05:21:47.455172,18.0,48.5,1
2026-01-12T05:21:49.709875,18.0,48.6,1
2026-01-12T05:21:51.964359,18.0,48.6,1
2026-01-12T05:21:54.219156,18.0,48.6,1
2026-01-12T05:21:56.473753,18.0,48.5,1
2026-01-12T05:21:58.728219,18.0,48.6,1
2026-01-12T05:22:00.982944,18.0,48.6,1
2026-01-12T05:22:03.237482,18.0,48.6,1
2026-01-12T05:22:05.491883,18.0,48.5,0
2026-01-12T05:22:07.746680,18.0,48.5,0
2026-01-12T05:22:10.000922,18.0,48.5,0
2026-01-12T05:22:12.255412,18.0,48.5,0
2026-01-12T05:22:14.510116,18.0,48.5,0
2026-01-12T05:22:16.764626,18.0,48.5,0
2026-01-12T05:22:19.019103,18.0,48.5,0
2026-01-12T05:22:21.273792,18.0,48.5,1
2026-01-12T05:22:23.528421,18.0,48.5,1
2026-01-12T05:22:25.782800,18.0,48.5,1
2026-01-12T05:22:28.037387,18.0,48.5,1
2026-01-12T05:22:30.291812,18.0,48.6,1
2026-01-12T05:22:32.546367,18.0,48.5,1
2026-01-12T05:22:34.801028,18.0,48.5,1
2026-01-12T05:22:37.055456,18.0,48.5,1
2026-01-12T05:22:39.309963,18.0,48.5,1
2026-01-12T05:22:41.564691,18.0,48.6,1
2026-01-12T05:22:43.819287,18.0,48.5,1
2026-01-12T05:22:46.073609,18.0,48.6,1
2026-01-12T05:22:48.328263,18.0,48.5,1
2026-01-12T05:22:50.582984,18.0,48.6,1
2026-01-12T05:22:52.837454,18.0,48.6,1
2026-01-12T05:22:55.091928,18.0,48.5,1
2026-01-12T05:22:57.346440,18.0,48.5,1
2026-01-12T05:22:59.600724,18.0,48.5,1
2026-01-12T05:23:01.854865,18.0,48.6,0
2026-01-12T05:23:04.109455,18.0,48.5,0
2026-01-12T05:23:06.363863,18.0,48.6,0
2026-01-12T05:23:08.618634,18.0,48.6,0
2026-01-12T05:23:10.873230,18.0,48.5,0
2026-01-12T05:23:13.127171,18.0,48.5,0
2026-01-12T05:23:15.381691,18.0,48.6,0
2026-01-12T05:23:17.635792,18.0,48.6,1
2026-01-12T05:23:19.890306,18.0,48.6,1
2026-01-12T05:23:22.144626,18.0,48.6,1
2026-01-12T05:23:24.399148,18.0,48.6,1
2026-01-12T05:23:26.653711,18.0,48.6,1
2026-01-12T05:23:28.908190,18.0,48.7,1
2026-01-12T05:23:31.162715,18.0,48.7,1
2026-01-12T05:23:33.416752,18.0,48.7,1
2026-01-12T05:23:35.671232,18.0,48.7,1
2026-01-12T05:23:37.925659,18.0,48.7,1
2026-01-12T05:23:40.179925,18.0,48.7,1
2026-01-12T05:23:42.434517,18.0,48.7,1
2026-01-12T05:23:44.688603,18.0,48.7,1
2026-01-12T05:23:46.943240,18.0,48.7,1
2026-01-12T05:23:49.197966,18.0,48.7,1
2026-01-12T05:23:51.452319,18.0,48.7,1
2026-01-12T05:23:53.706400,18.0,48.6,1
2026-01-12T05:23:55.960856,18.0,48.7,1
2026-01-12T05:23:58.215010,18.0,48.7,0
2026-01-12T05:24:00.469337,18.0,48.6,0
2026-01-12T05:24:02.723840,18.0,48.7,0
2026-01-12T05:24:04.978375,18.0,48.7,0
2026-01-12T05:24:07.232434,18.0,48.7,0
2026-01-12T05:24:09.487207,18.0,48.6,0
2026-01-12T05:24:11.741888,18.0,48.6,0
2026-01-12T05:24:13.996207,18.0,48.6,1
2026-01-12T05:24:16.251023,18.0,48.6,1
2026-01-12T05:24:18.505439,18.0,48.6,1
2026-01-12T05:24:20.759869,18.0,48.6,1
2026-01-12T05:24:23.014444,18.0,48.6,1
2026-01-12T05:24:25.268598,17.9,48.5,1
2026-01-12T05:24:27.523180,18.0,48.6,1
2026-01-12T05:24:29.777645,18.0,48.6,1
2026-01-12T05:24:32.031753,18.0,48.6,1
2026-01-12T05:24:34.286066,18.0,48.6,1
2026-01-12T05:24:36.540349,18.0,48.6,1
2026-01-12T05:24:38.794962,18.0,48.6,1
2026-01-12T05:24:41.049266,18.0,48.5,1
2026-01-12T05:24:43.303550,18.0,48.6,1
2026-01-12T05:24:45.558092,18.0,48.6,1
2026-01-12T05:24:47.812538,18.0,48.6,1
2026-01-12T05:24:50.067364,18.0,48.5,1
2026-01-12T05:24:52.321833,18.0,48.6,1
2026-01-12T05:24:54.576058,18.0,48.6,0
2026-01-12T05:24:56.830661,18.0,48.6,0
2026-01-12T05:24:59.085098,18.0,48.6,0
2026-01-12T05:25:01.339401,18.0,48.6,0
2026-01-12T05:25:03.593600,18.0,48.5,0
2026-01-12T05:25:05.847644,18.0,48.5,0
2026-01-12T05:25:08.102120,18.0,48.5,0
2026-01-12T05:25:10.356524,18.0,48.5,1
2026-01-12T05:25:12.611141,18.0,48.5,1
2026-01-12T05:25:14.865349,18.0,48.5,1
2026-01-12T05:25:17.119656,18.0,48.5,1
2026-01-12T05:25:19.374122,18.0,48.5,1
2026-01-12T05:25:21.628356,18.0,48.5,1
2026-01-12T05:25:23.882458,18.0,48.5,1
2026-01-12T05:25:26.136532,18.0,48.5,1
2026-01-12T05:25:28.391047,18.0,48.5,1
2026-01-12T05:25:30.645579,18.0,48.5,1
2026-01-12T05:25:32.900160,18.0,48.5,1
2026-01-12T05:25:35.154638,18.0,48.5,1
2026-01-12T05:25:37.409017,18.0,48.5,1
2026-01-12T05:25:39.663597,18.0,48.5,1
2026-01-12T05:25:41.917960,18.0,48.5,1
2026-01-12T05:25:44.172611,18.0,48.5,1
2026-01-12T05:25:46.427162,18.0,48.5,1
2026-01-12T05:25:48.681564,18.0,48.5,1
2026-01-12T05:25:50.936190,18.0,48.5,0
2026-01-12T05:25:53.190783,18.0,48.5,0
2026-01-12T05:25:55.444738,18.0,48.6,0
2026-01-12T05:25:57.699370,18.0,48.6,0
2026-01-12T05:25:59.953925,18.0,48.6,0
2026-01-12T05:26:02.208407,18.0,48.6,0
2026-01-12T05:26:04.463167,18.0,48.6,0
2026-01-12T05:26:06.717879,18.0,48.6,1
2026-01-12T05:26:08.971974,18.0,48.6,1
2026-01-12T05:26:11.226615,18.0,48.5,1
2026-01-12T05:26:13.480705,18.0,48.5,1
2026-01-12T05:26:15.735174,18.0,48.5,1
2026-01-12T05:26:17.989793,18.0,48.5,1
2026-01-12T05:26:20.244285,18.0,48.5,1
2026-01-12T05:26:22.498829,18.0,48.4,1
2026-01-12T05:26:24.753574,18.0,48.3,1
2026-01-12T05:26:27.007624,18.0,48.3,1
2026-01-12T05:26:29.262108,18.0,48.3,1
2026-01-12T05:26:31.518089,18.0,48.3,1
2026-01-12T05:26:33.772245,18.0,48.3,1
2026-01-12T05:26:36.026713,18.0,48.3,1
2026-01-12T05:26:38.281296,18.0,48.3,1
2026-01-12T05:26:40.535888,18.0,48.3,1
2026-01-12T05:26:42.790444,18.0,48.3,1
2026-01-12T05:26:45.044777,18.0,48.3,1
2026-01-12T05:26:47.299258,18.0,48.3,0
2026-01-12T05:26:49.553779,18.0,48.3,0
2026-01-12T05:26:51.808453,18.0,48.3,0
2026-01-12T05:26:54.063075,18.0,48.2,0
2026-01-12T05:26:56.317545,18.0,48.2,0
2026-01-12T05:26:58.571923,18.0,48.1,0
2026-01-12T05:27:00.826483,18.0,48.1,0
2026-01-12T05:27:03.080463,18.0,48.1,1
2026-01-12T05:27:05.335204,18.0,48.1,1
2026-01-12T05:27:07.589237,18.0,48.1,1
2026-01-12T05:27:09.843473,18.0,48.1,1
2026-01-12T05:27:12.098037,18.0,48.2,1
2026-01-12T05:27:14.352531,18.0,48.2,1
2026-01-12T05:27:16.607178,18.0,48.2,1
2026-01-12T05:27:18.861924,18.0,48.2,1
2026-01-12T05:27:21.116008,18.0,48.2,1
2026-01-12T05:27:23.370393,18.0,48.2,1
2026-01-12T05:27:25.624778,18.0,48.2,1
2026-01-12T05:27:27.879227,18.0,48.3,1
2026-01-12T05:27:30.133576,18.0,48.3,1
2026-01-12T05:27:32.388084,18.0,48.3,1
2026-01-12T05:27:34.642265,18.0,48.3,1
2026-01-12T05:27:36.896373,18.0,48.3,1
2026-01-12T05:27:39.151086,18.0,48.3,1
2026-01-12T05:27:41.405648,18.0,48.3,1
2026-01-12T05:27:43.660027,18.0,48.2,0
2026-01-12T05:27:45.914746,18.0,48.2,0
2026-01-12T05:27:48.169245,18.0,48.2,0
2026-01-12T05:27:50.423671,18.0,48.2,0
2026-01-12T05:27:52.678323,18.0,48.2,0
2026-01-12T05:27:54.932848,18.0,48.2,0
2026-01-12T05:27:57.187220,18.0,48.1,0
2026-01-12T05:27:59.441927,18.0,48.2,1
2026-01-12T05:28:01.696216,18.0,48.2,1
2026-01-12T05:28:03.950724,18.0,48.1,1
2026-01-12T05:28:06.204954,18.0,48.1,1
2026-01-12T05:28:08.459409,18.0,48.1,1
2026-01-12T05:28:10.713873,18.0,48.2,1
2026-01-12T05:28:12.968343,18.0,48.1,1
2026-01-12T05:28:15.224808,18.0,48.2,1
2026-01-12T05:28:17.479135,18.0,48.2,1
2026-01-12T05:28:19.733949,18.0,48.2,1
2026-01-12T05:28:21.988436,18.0,48.2,1
2026-01-12T05:28:24.242912,18.0,48.2,1
2026-01-12T05:28:26.497569,18.0,48.3,1
2026-01-12T05:28:28.754264,18.0,48.3,1
2026-01-12T05:28:31.008742,18.0,48.2,1
2026-01-12T05:28:33.263130,18.0,48.2,1
2026-01-12T05:28:35.518523,18.0,48.2,1
2026-01-12T05:28:37.772666,18.0,48.2,1
2026-01-12T05:28:40.027433,18.0,48.2,0
2026-01-12T05:28:42.281427,18.0,48.2,0
2026-01-12T05:28:44.535686,18.0,48.2,0
2026-01-12T05:28:46.790396,18.0,48.2,0
2026-01-12T05:28:49.044764,18.0,48.2,0
2026-01-12T05:28:51.299116,18.0,48.2,0
2026-01-12T05:28:53.553911,18.0,48.2,0
2026-01-12T05:28:55.810604,18.0,48.2,1
2026-01-12T05:28:58.064766,18.0,48.2,1
2026-01-12T05:29:00.319162,18.0,48.2,1
2026-01-12T05:29:02.573567,17.9,48.1,1
2026-01-12T05:29:04.827977,18.0,48.2,1
2026-01-12T05:29:07.082634,18.0,48.2,1
2026-01-12T05:29:09.336950,17.9,48.1,1
2026-01-12T05:29:11.590963,18.0,48.2,1
2026-01-12T05:29:13.845432,18.0,48.2,1
2026-01-12T05:29:16.101787,18.0,48.2,1
2026-01-12T05:29:18.355864,18.0,48.3,1
2026-01-12T05:29:20.610662,18.0,48.3,1
2026-01-12T05:29:22.865110,18.0,48.3,1
2026-01-12T05:29:25.119519,18.0,48.3,1
2026-01-12T05:29:27.374173,17.9,48.2,1
2026-01-12T05:29:29.628828,18.0,48.3,1
2026-01-12T05:29:31.883302,18.0,48.3,1
2026-01-12T05:29:34.137864,18.0,48.3,1
2026-01-12T05:29:36.392344,18.0,48.3,0
2026-01-12T05:29:38.646920,18.0,48.3,0
2026-01-12T05:29:40.901503,18.0,48.3,0
2026-01-12T05:29:43.155898,18.0,48.4,0
2026-01-12T05:29:45.410362,18.0,48.4,0
2026-01-12T05:29:47.665084,18.0,48.4,0
2026-01-12T05:29:49.919413,18.0,48.4,0
2026-01-12T05:29:52.173867,18.0,48.4,1
2026-01-12T05:29:54.428246,18.0,48.5,1
2026-01-12T05:29:56.684694,18.0,48.5,1
2026-01-12T05:29:58.939140,18.0,48.5,1
2026-01-12T05:30:01.193540,18.0,48.5,1
2026-01-12T05:30:03.447856,17.9,48.4,1
2026-01-12T05:30:05.702446,18.0,48.5,1
2026-01-12T05:30:07.956960,18.0,48.5,1
2026-01-12T05:30:10.211387,17.9,48.4,1
2026-01-12T05:30:12.465628,18.0,48.5,1
2026-01-12T05:30:14.720434,18.0,48.5,1
2026-01-12T05:30:16.975035,18.0,48.5,1
2026-01-12T05:30:19.229257,18.0,48.4,1
2026-01-12T05:30:21.483818,18.0,48.4,1
2026-01-12T05:30:23.738427,18.0,48.4,1
2026-01-12T05:30:25.992798,17.9,48.2,1
2026-01-12T05:30:28.247464,17.9,48.3,1
2026-01-12T05:30:30.501928,18.0,48.4,1
2026-01-12T05:30:32.756473,17.9,48.2,0
2026-01-12T05:30:35.011236,18.0,48.3,0
2026-01-12T05:30:37.265805,18.0,48.3,0
2026-01-12T05:30:39.521106,18.0,48.3,0
2026-01-12T05:30:41.775648,18.0,48.3,0
2026-01-12T05:30:44.030101,18.0,48.2,0
2026-01-12T05:30:46.284276,18.0,48.2,0
2026-01-12T05:30:48.539036,18.0,48.2,1
2026-01-12T05:30:50.793243,17.9,48.2,1
2026-01-12T05:30:53.047414,18.0,48.3,1
2026-01-12T05:30:55.302027,18.0,48.3,1
2026-01-12T05:30:57.556575,17.9,48.2,1
2026-01-12T05:30:59.811200,18.0,48.2,1
2026-01-12T05:31:02.065793,18.0,48.2,1
2026-01-12T05:31:04.320252,17.9,48.1,1
2026-01-12T05:31:06.574712,17.9,48.1,1
2026-01-12T05:31:08.829228,18.0,48.2,1
2026-01-12T05:31:11.083242,17.9,48.1,1
2026-01-12T05:31:13.337682,17.9,48.2,1
2026-01-12T05:31:15.591917,18.0,48.3,1
2026-01-12T05:31:17.846432,18.0,48.3,1
2026-01-12T05:31:20.100665,18.0,48.3,1
2026-01-12T05:31:22.355354,17.9,48.2,1
2026-01-12T05:31:24.610009,17.9,48.3,1
2026-01-12T05:31:26.864466,17.9,48.3,1
2026-01-12T05:31:29.119253,17.9,48.3,0
2026-01-12T05:31:31.373645,17.9,48.3,0
2026-01-12T05:31:33.627959,17.9,48.3,0
2026-01-12T05:31:35.882631,17.9,48.2,0
2026-01-12T05:31:38.137059,17.9,48.2,0
2026-01-12T05:31:40.391482,17.9,48.2,0
2026-01-12T05:31:42.646333,18.0,48.3,0
2026-01-12T05:31:44.900748,17.9,48.3,1
2026-01-12T05:31:47.154982,18.0,48.3,1
2026-01-12T05:31:49.409516,18.0,48.3,1
2026-01-12T05:31:51.664158,17.9,48.2,1
2026-01-12T05:31:53.918648,18.0,48.3,1
2026-01-12T05:31:56.173334,18.0,48.3,1
2026-01-12T05:31:58.427811,18.0,48.3,1
2026-01-12T05:32:00.682330,17.9,48.2,1
2026-01-12T05:32:02.937025,17.9,48.2,1
2026-01-12T05:32:05.191155,17.9,48.2,1
2026-01-12T05:32:07.445537,17.9,48.2,1
2026-01-12T05:32:09.700073,17.9,48.3,1
2026-01-12T05:32:11.954541,17.9,48.2,1
2026-01-12T05:32:14.208736,18.0,48.3,1
2026-01-12T05:32:16.463345,18.0,48.3,1
2026-01-12T05:32:18.717920,17.9,48.2,1
2026-01-12T05:32:20.972274,17.9,48.2,1
2026-01-12T05:32:23.226947,17.9,48.2,1
2026-01-12T05:32:25.481266,18.0,48.3,0
2026-01-12T05:32:27.735590,17.9,48.2,0
2026-01-12T05:32:29.990197,18.0,48.3,0
2026-01-12T05:32:32.244646,18.0,48.3,0
2026-01-12T05:32:34.499177,18.0,48.3,0
2026-01-12T05:32:36.753898,18.0,48.3,0
2026-01-12T05:32:39.008294,17.9,48.3,0
2026-01-12T05:32:41.262308,17.9,48.2,1
2026-01-12T05:32:43.518258,17.9,48.2,1
2026-01-12T05:32:45.772657,18.0,48.3,1
2026-01-12T05:32:48.027123,17.9,48.2,1
2026-01-12T05:32:50.281292,17.9,48.2,1
2026-01-12T05:32:52.535776,17.9,48.3,1
2026-01-12T05:32:54.790177,17.9,48.2,1
2026-01-12T05:32:57.044723,17.9,48.2,1
2026-01-12T05:32:59.298929,17.9,48.2,1
2026-01-12T05:33:01.553539,18.0,48.3,1
2026-01-12T05:33:03.808236,17.9,48.2,1
2026-01-12T05:33:06.062557,17.9,48.2,1
2026-01-12T05:33:08.316653,17.9,48.2,1
2026-01-12T05:33:10.571020,17.9,48.2,1
2026-01-12T05:33:12.825324,17.9,48.1,1
2026-01-12T05:33:15.079685,17.9,48.1,1
2026-01-12T05:33:17.334274,17.9,48.1,1
2026-01-12T05:33:19.588355,18.0,48.1,1
2026-01-12T05:33:21.842841,17.9,48.1,0
2026-01-12T05:33:24.097489,17.9,48.1,0
2026-01-12T05:33:26.351677,17.9,48.2,0
2026-01-12T05:33:28.606253,17.9,48.2,0
2026-01-12T05:33:30.860378,17.9,48.3,0
2026-01-12T05:33:33.114961,17.9,48.3,0
2026-01-12T05:33:35.369334,17.9,48.4,0
2026-01-12T05:33:37.623829,17.9,48.3,1
2026-01-12T05:33:39.878347,18.0,48.4,1
2026-01-12T05:33:42.132621,17.9,48.3,1
2026-01-12T05:33:44.387337,17.9,48.3,1
2026-01-12T05:33:46.641857,17.9,48.3,1
2026-01-12T05:33:48.896011,18.0,48.4,1
2026-01-12T05:33:51.150623,17.9,48.3,1
2026-01-12T05:33:53.405088,17.9,48.4,1
2026-01-12T05:33:55.659515,17.9,48.4,1
2026-01-12T05:33:57.914155,18.0,48.3,1
2026-01-12T05:34:00.168733,18.0,48.3,1
2026-01-12T05:34:02.423301,17.9,48.2,1
2026-01-12T05:34:04.677747,17.9,48.2,1
2026-01-12T05:34:06.932199,17.9,48.2,1
2026-01-12T05:34:09.186717,18.0,48.2,1
2026-01-12T05:34:11.441312,17.9,48.1,1
2026-01-12T05:34:13.695717,18.0,48.2,1
2026-01-12T05:34:15.950171,17.9,48.2,1
2026-01-12T05:34:18.204796,18.0,48.3,0
2026-01-12T05:34:20.459325,17.9,48.2,0
2026-01-12T05:34:22.713746,17.9,48.3,0
2026-01-12T05:34:24.968253,17.9,48.2,0
2026-01-12T05:34:27.222806,17.9,48.2,0
2026-01-12T05:34:29.477083,17.9,48.2,0
2026-01-12T05:34:31.731841,17.9,48.2,0
2026-01-12T05:34:33.986435,18.0,48.2,1
2026-01-12T05:34:36.240677,17.9,48.1,1
2026-01-12T05:34:38.495335,17.9,48.1,1
2026-01-12T05:34:40.750005,17.9,48.1,1
2026-01-12T05:34:43.004362,17.9,48.1,1
2026-01-12T05:34:45.259163,17.9,48.1,1
2026-01-12T05:34:47.513684,17.9,48.1,1
2026-01-12T05:34:49.767972,17.9,48.1,1
2026-01-12T05:34:52.022535,17.9,48.1,1
2026-01-12T05:34:54.276985,18.0,48.2,1
2026-01-12T05:34:56.531495,18.0,48.2,1
2026-01-12T05:34:58.786108,17.9,48.1,1
2026-01-12T05:35:01.040553,17.9,48.1,1
2026-01-12T05:35:03.295092,17.9,48.1,1
2026-01-12T05:35:05.549809,17.9,48.2,1
2026-01-12T05:35:07.804225,17.9,48.2,1
2026-01-12T05:35:10.058683,17.9,48.2,1
2026-01-12T05:35:12.313148,17.9,48.2,1
2026-01-12T05:35:14.567743,18.0,48.2,0
2026-01-12T05:35:16.822226,18.0,48.3,0
2026-01-12T05:35:19.076853,17.9,48.2,0
2026-01-12T05:35:21.331241,17.9,48.2,0
2026-01-12T05:35:23.585221,17.9,48.3,0
2026-01-12T05:35:25.839748,18.0,48.3,0
2026-01-12T05:35:28.094223,18.0,48.3,0
2026-01-12T05:35:30.348297,17.9,48.2,1
2026-01-12T05:35:32.603133,17.9,48.3,1
2026-01-12T05:35:34.857700,17.9,48.3,1
2026-01-12T05:35:37.112047,17.9,48.3,1
2026-01-12T05:35:39.366716,18.0,48.4,1
2026-01-12T05:35:41.621155,17.9,48.3,1
2026-01-12T05:35:43.875431,18.0,48.4,1
2026-01-12T05:35:46.129907,17.9,48.3,1
2026-01-12T05:35:48.384346,18.0,48.4,1
2026-01-12T05:35:50.638756,17.9,48.4,1
2026-01-12T05:35:52.897054,17.9,48.3,1
2026-01-12T05:35:55.151110,18.0,48.4,1
2026-01-12T05:35:57.405440,18.0,48.4,1
2026-01-12T05:35:59.659637,17.9,48.3,1
2026-01-12T05:36:01.914138,18.0,48.4,1
2026-01-12T05:36:04.168221,17.9,48.3,1
2026-01-12T05:36:06.423004,17.9,48.3,1
2026-01-12T05:36:08.677431,18.0,48.3,1
2026-01-12T05:36:10.931460,17.9,48.2,0
2026-01-12T05:36:13.186001,18.0,48.3,0
2026-01-12T05:36:15.440010,17.9,48.2,0
2026-01-12T05:36:17.694001,17.9,48.2,0
2026-01-12T05:36:19.948107,17.9,48.2,0
2026-01-12T05:36:22.203633,18.0,48.2,0
2026-01-12T05:36:24.458087,17.9,48.2,0
2026-01-12T05:36:26.712258,17.9,48.1,1
2026-01-12T05:36:28.966817,17.9,48.1,1
2026-01-12T05:36:31.220987,18.0,48.2,1
2026-01-12T05:36:33.475127,17.9,48.1,1
2026-01-12T05:36:35.729557,18.0,48.2,1
2026-01-12T05:36:37.983513,18.0,48.2,1
2026-01-12T05:36:40.238131,18.0,48.2,1
2026-01-12T05:36:42.492586,18.0,48.2,1
2026-01-12T05:36:44.747260,17.9,48.1,1
2026-01-12T05:36:47.001740,18.0,48.2,1
2026-01-12T05:36:49.255766,17.9,48.1,1
2026-01-12T05:36:51.510211,17.9,48.1,1
2026-01-12T05:36:53.764464,17.9,48.2,1
2026-01-12T05:36:56.019101,17.9,48.2,1
2026-01-12T05:36:58.273421,18.0,48.2,1
2026-01-12T05:37:00.527835,17.9,48.1,1
2026-01-12T05:37:02.781874,17.9,48.2,1
2026-01-12T05:37:05.035980,18.0,48.2,1
2026-01-12T05:37:07.290605,17.9,48.2,0
2026-01-12T05:37:09.544880,17.9,48.2,0
2026-01-12T05:37:11.799024,17.9,48.2,0
2026-01-12T05:37:14.053621,17.9,48.2,0
2026-01-12T05:37:16.307798,18.0,48.3,0
2026-01-12T05:37:18.562351,18.0,48.4,0
2026-01-12T05:37:20.816522,17.9,48.3,0
2026-01-12T05:37:23.071141,17.9,48.3,1
2026-01-12T05:37:25.325309,18.0,48.3,1
2026-01-12T05:37:27.579620,18.0,48.4,1
2026-01-12T05:37:29.834186,18.0,48.3,1
2026-01-12T05:37:32.088226,18.0,48.3,1
2026-01-12T05:37:34.342338,17.9,48.3,1
2026-01-12T05:37:36.596562,17.9,48.3,1
2026-01-12T05:37:38.851186,18.0,48.4,1
2026-01-12T05:37:41.105691,17.9,48.3,1
2026-01-12T05:37:43.359639,18.0,48.3,1
2026-01-12T05:37:45.614308,18.0,48.4,1
2026-01-12T05:37:47.868415,17.9,48.3,1
2026-01-12T05:37:50.122360,17.9,48.3,1
2026-01-12T05:37:52.376295,18.0,48.4,1
2026-01-12T05:37:54.631224,17.9,48.4,1
2026-01-12T05:37:56.885465,17.9,48.3,1
2026-01-12T05:37:59.139434,17.9,48.4,1
2026-01-12T05:38:01.393989,18.0,48.4,1
2026-01-12T05:38:03.648096,18.0,48.4,1
2026-01-12T05:38:05.902495,17.9,48.3,0
2026-01-12T05:38:08.156609,17.9,48.3,0
2026-01-12T05:38:10.411317,18.0,48.3,0
2026-01-12T05:38:12.665773,17.9,48.2,0
2026-01-12T05:38:14.919902,17.9,48.2,0
2026-01-12T05:38:17.174453,18.0,48.3,0
2026-01-12T05:38:19.428352,18.0,48.3,1
2026-01-12T05:38:21.683290,17.9,48.2,1
2026-01-12T05:38:23.937684,17.9,48.2,1
2026-01-12T05:38:26.191612,17.9,48.2,1
2026-01-12T05:38:28.446185,17.9,48.2,1
2026-01-12T05:38:30.700617,18.0,48.3,1
2026-01-12T05:38:32.955258,17.9,48.2,1
2026-01-12T05:38:35.209769,18.0,48.3,1
2026-01-12T05:38:37.464043,17.9,48.2,1
2026-01-12T05:38:39.718713,17.9,48.2,1
2026-01-12T05:38:41.973357,18.0,48.3,1
2026-01-12T05:38:44.227737,18.0,48.3,1
2026-01-12T05:38:46.482170,17.9,48.2,1
2026-01-12T05:38:48.736660,18.0,48.3,1
2026-01-12T05:38:50.990698,18.0,48.3,1
2026-01-12T05:38:53.244700,18.0,48.3,1
2026-01-12T05:38:55.498855,17.9,48.2,1
2026-01-12T05:38:57.753316,18.0,48.2,1
2026-01-12T05:39:00.007237,18.0,48.2,1
2026-01-12T05:39:02.261914,17.9,48.1,0
2026-01-12T05:39:04.517454,18.0,48.2,0
2026-01-12T05:39:06.771860,18.0,48.1,0
2026-01-12T05:39:09.026540,17.9,48.1,0
2026-01-12T05:39:11.280758,17.9,48.1,0
2026-01-12T05:39:13.534820,17.9,48.0,0
2026-01-12T05:39:15.789298,18.0,48.1,1
2026-01-12T05:39:18.043452,18.0,48.1,1
2026-01-12T05:39:20.297863,17.9,48.0,1
2026-01-12T05:39:22.552321,17.9,48.1,1
2026-01-12T05:39:24.806732,18.0,48.1,1
2026-01-12T05:39:27.060643,18.0,48.1,1
2026-01-12T05:39:29.315421,17.9,48.0,1
2026-01-12T05:39:31.570021,18.0,48.0,1
2026-01-12T05:39:33.824254,18.0,48.0,1
2026-01-12T05:39:36.078470,18.0,48.0,1
2026-01-12T05:39:38.332884,17.9,48.0,1
2026-01-12T05:39:40.588161,17.9,48.0,1
2026-01-12T05:39:42.842843,17.9,48.0,1
2026-01-12T05:39:45.097174,17.9,48.0,1
2026-01-12T05:39:47.351358,17.9,48.0,1
2026-01-12T05:39:49.605964,17.9,48.0,1
2026-01-12T05:39:51.860418,17.9,48.0,1
2026-01-12T05:39:54.114861,17.9,47.9,1
2026-01-12T05:39:56.369549,17.9,47.9,1
2026-01-12T05:39:58.623688,17.9,47.9,0
2026-01-12T05:40:00.878233,17.9,47.9,0
2026-01-12T05:40:03.132498,17.9,47.9,0
2026-01-12T05:40:05.387089,17.9,47.8,0
2026-01-12T05:40:07.641562,17.9,47.9,0
2026-01-12T05:40:09.895897,18.0,47.9,0
2026-01-12T05:40:12.150413,17.9,47.9,1
2026-01-12T05:40:14.404723,17.9,47.9,1
2026-01-12T05:40:16.659165,17.9,47.9,1
2026-01-12T05:40:18.913573,17.9,47.9,1
2026-01-12T05:40:21.167574,17.9,47.9,1
2026-01-12T05:40:23.422172,17.9,47.9,1
2026-01-12T05:40:25.676299,17.9,47.9,1
2026-01-12T05:40:27.930830,17.9,48.0,1
2026-01-12T05:40:30.185295,17.9,48.0,1
2026-01-12T05:40:32.439672,17.9,48.0,1
2026-01-12T05:40:34.694210,17.9,48.0,1
2026-01-12T05:40:36.948780,17.9,48.1,1
2026-01-12T05:40:39.203318,18.0,48.1,1
2026-01-12T05:40:41.457811,17.9,48.1,1
2026-01-12T05:40:43.712500,17.9,48.1,1
2026-01-12T05:40:45.967078,18.0,48.1,1
2026-01-12T05:40:48.221623,17.9,48.1,1
2026-01-12T05:40:50.476232,17.9,48.1,1
2026-01-12T05:40:52.730633,17.9,48.1,1
2026-01-12T05:40:54.984721,17.9,48.1,0
2026-01-12T05:40:57.239273,17.9,48.1,0
2026-01-12T05:40:59.493728,17.9,47.9,0
2026-01-12T05:41:01.748003,18.0,48.0,0
2026-01-12T05:41:04.002788,18.0,48.0,0
2026-01-12T05:41:06.257206,17.9,47.9,0
2026-01-12T05:41:08.511768,18.0,48.0,1
2026-01-12T05:41:10.766606,17.9,47.9,1
2026-01-12T05:41:13.020997,17.9,47.9,1
2026-01-12T05:41:15.275503,17.9,47.9,1
2026-01-12T05:41:17.530231,18.0,48.0,1
2026-01-12T05:41:19.784360,17.9,48.0,1
2026-01-12T05:41:22.038926,17.9,48.0,1
2026-01-12T05:41:24.293551,18.0,48.1,1
2026-01-12T05:41:26.548174,17.9,48.1,1
2026-01-12T05:41:28.802746,17.9,48.0,1
2026-01-12T05:41:31.057336,17.9,48.1,1
2026-01-12T05:41:33.311506,17.9,48.1,1
2026-01-12T05:41:35.565886,17.9,48.1,1
2026-01-12T05:41:37.820083,17.9,48.1,1
2026-01-12T05:41:40.074632,18.0,48.2,1
2026-01-12T05:41:42.329046,18.0,48.2,1
2026-01-12T05:41:44.583257,17.9,48.1,1
2026-01-12T05:41:46.837719,18.0,48.2,1
2026-01-12T05:41:49.092202,18.0,48.1,1
2026-01-12T05:41:51.346826,18.0,48.1,0
2026-01-12T05:41:53.601434,18.0,48.1,0
2026-01-12T05:41:55.855843,17.9,47.9,0
2026-01-12T05:41:58.110494,17.9,47.9,0
2026-01-12T05:42:00.364986,17.9,47.9,0
2026-01-12T05:42:02.619344,18.0,47.9,0
2026-01-12T05:42:04.873952,17.9,47.8,1
2026-01-12T05:42:07.128439,17.9,47.8,1
2026-01-12T05:42:09.382955,17.9,47.8,1
2026-01-12T05:42:11.637438,18.0,47.8,1
2026-01-12T05:42:13.891647,17.9,47.7,1
2026-01-12T05:42:16.146175,18.0,47.8,1
2026-01-12T05:42:18.400397,18.0,47.7,1
2026-01-12T05:42:20.655119,17.9,47.7,1
2026-01-12T05:42:22.909461,17.9,47.7,1
2026-01-12T05:42:25.163776,17.9,47.7,1
2026-01-12T05:42:27.418220,18.0,47.8,1
2026-01-12T05:42:29.672398,18.0,47.8,1
2026-01-12T05:42:31.927202,17.9,47.7,1
2026-01-12T05:42:34.181278,18.0,47.8,1
2026-01-12T05:42:36.435685,17.9,47.8,1
2026-01-12T05:42:38.690370,17.9,47.8,1
2026-01-12T05:42:40.944394,17.9,47.9,1
2026-01-12T05:42:43.198916,17.9,47.9,1
2026-01-12T05:42:45.453184,18.0,48.1,1
2026-01-12T05:42:47.707760,17.9,48.1,0
2026-01-12T05:42:49.962175,17.9,48.1,0
2026-01-12T05:42:52.216797,17.9,48.2,0
2026-01-12T05:42:54.470781,18.0,48.2,0
2026-01-12T05:42:56.725043,17.9,48.2,0
2026-01-12T05:42:58.979480,18.0,48.3,0
2026-01-12T05:43:01.234025,17.9,48.2,1
2026-01-12T05:43:03.488337,17.9,48.2,1
2026-01-12T05:43:05.743181,18.0,48.3,1
2026-01-12T05:43:07.998837,18.0,48.3,1
2026-01-12T05:43:10.253349,17.9,48.2,1
2026-01-12T05:43:12.507741,18.0,48.2,1
2026-01-12T05:43:14.762301,17.9,48.1,1
2026-01-12T05:43:17.016268,18.0,48.2,1
2026-01-12T05:43:19.270963,17.9,48.1,1
2026-01-12T05:43:21.525529,17.9,48.1,1
2026-01-12T05:43:23.779635,17.9,48.1,1
2026-01-12T05:43:26.034135,18.0,48.2,1
2026-01-12T05:43:28.288569,18.0,48.2,1
2026-01-12T05:43:30.543137,18.0,48.2,1
2026-01-12T05:43:32.797733,17.9,48.1,1
2026-01-12T05:43:35.051739,17.9,48.1,1
2026-01-12T05:43:37.306177,17.9,48.1,1
2026-01-12T05:43:39.560856,17.9,48.1,1
2026-01-12T05:43:41.815163,17.9,48.2,1
2026-01-12T05:43:44.069680,17.9,48.1,0
2026-01-12T05:43:46.324279,17.9,48.1,0
2026-01-12T05:43:48.578914,17.9,48.1,0
2026-01-12T05:43:50.833298,17.9,48.1,0
2026-01-12T05:43:53.087427,18.0,48.2,0
2026-01-12T05:43:55.341699,18.0,48.2,0
2026-01-12T05:43:57.595711,17.9,48.1,1
2026-01-12T05:43:59.850443,18.0,48.2,1
2026-01-12T05:44:02.104706,17.9,48.1,1
2026-01-12T05:44:04.359183,18.0,48.1,1
2026-01-12T05:44:06.613791,18.0,48.2,1
2026-01-12T05:44:08.867909,17.9,48.1,1
2026-01-12T05:44:11.122317,18.0,48.1,1
2026-01-12T05:44:13.376937,17.9,48.1,1
2026-01-12T05:44:15.631306,17.9,48.0,1
2026-01-12T05:44:17.885732,17.9,48.1,1
2026-01-12T05:44:20.140016,17.9,48.1,1
2026-01-12T05:44:22.394585,17.9,48.2,1
2026-01-12T05:44:24.648749,17.9,48.2,1
2026-01-12T05:44:26.903162,17.9,48.2,1
2026-01-12T05:44:29.157431,17.9,48.2,1
2026-01-12T05:44:31.411572,17.9,48.3,1
2026-01-12T05:44:33.666131,18.0,48.3,1
2026-01-12T05:44:35.920220,18.0,48.4,1
2026-01-12T05:44:38.174716,17.9,48.2,1
2026-01-12T05:44:40.429015,17.9,48.3,0
2026-01-12T05:44:42.683233,17.9,48.3,0
2026-01-12T05:44:44.937513,17.9,48.3,0
2026-01-12T05:44:47.191779,18.0,48.3,0
2026-01-12T05:44:49.446278,17.9,48.2,0
2026-01-12T05:44:51.700949,17.9,48.2,0
2026-01-12T05:44:53.955334,17.9,48.2,1
2026-01-12T05:44:56.209819,18.0,48.3,1
2026-01-12T05:44:58.463786,17.9,48.2,1
2026-01-12T05:45:00.718567,17.9,48.2,1
2026-01-12T05:45:02.975274,18.0,48.2,1
2026-01-12T05:45:05.229712,17.9,48.1,1
2026-01-12T05:45:07.484285,17.9,48.1,1
2026-01-12T05:45:09.738851,17.9,48.1,1
2026-01-12T05:45:11.993148,18.0,48.2,1
2026-01-12T05:45:14.247759,18.0,48.2,1
2026-01-12T05:45:16.502251,17.9,48.1,1
2026-01-12T05:45:18.756507,17.9,48.1,1
2026-01-12T05:45:21.011289,17.9,48.1,1
2026-01-12T05:45:23.265688,17.9,48.1,1
2026-01-12T05:45:25.521347,17.9,48.1,1
2026-01-12T05:45:27.775654,18.0,48.2,1
2026-01-12T05:45:30.030079,18.0,48.2,1
2026-01-12T05:45:32.284632,17.9,48.1,1
2026-01-12T05:45:34.539454,18.0,48.2,1
2026-01-12T05:45:36.793930,17.9,48.1,0
2026-01-12T05:45:39.048263,17.9,48.1,0
2026-01-12T05:45:41.302648,17.9,48.1,0
2026-01-12T05:45:43.557229,17.9,48.1,0
2026-01-12T05:45:45.811407,17.9,48.1,0
2026-01-12T05:45:48.066036,17.9,48.1,0
2026-01-12T05:45:50.320065,17.9,48.1,1
2026-01-12T05:45:52.574603,18.0,48.3,1
2026-01-12T05:45:54.829080,17.9,48.2,1
2026-01-12T05:45:57.083419,17.9,48.3,1
2026-01-12T05:45:59.337908,18.0,48.4,1
2026-01-12T05:46:01.592406,17.9,48.4,1
2026-01-12T05:46:03.847017,18.0,48.5,1
2026-01-12T05:46:06.101312,18.0,48.5,1
2026-01-12T05:46:08.355909,18.0,48.5,1
2026-01-12T05:46:10.610551,18.0,48.4,1
2026-01-12T05:46:12.864513,17.9,48.4,1
2026-01-12T05:46:15.119256,17.9,48.4,1
2026-01-12T05:46:17.373670,17.9,48.3,1
2026-01-12T05:46:19.628263,17.9,48.3,1
2026-01-12T05:46:21.883026,17.9,48.3,1
2026-01-12T05:46:24.139333,17.9,48.3,1
2026-01-12T05:46:26.393691,17.9,48.3,1
2026-01-12T05:46:28.648319,17.9,48.3,1
2026-01-12T05:46:30.904772,18.0,48.3,1
2026-01-12T05:46:33.159132,17.9,48.2,0
2026-01-12T05:46:35.413778,17.9,48.2,0
2026-01-12T05:46:37.670476,17.9,48.2,0
2026-01-12T05:46:39.925027,18.0,48.3,0
2026-01-12T05:46:42.179486,17.9,48.2,0
2026-01-12T05:46:44.434080,18.0,48.2,0
2026-01-12T05:46:46.688634,18.0,48.2,1
2026-01-12T05:46:48.943345,17.9,48.1,1
2026-01-12T05:46:51.197822,18.0,48.2,1
2026-01-12T05:46:53.451784,17.9,48.1,1
2026-01-12T05:46:55.706544,18.0,48.2,1
2026-01-12T05:46:57.960955,17.9,48.1,1
2026-01-12T05:47:00.215336,17.9,48.1,1
2026-01-12T05:47:02.469670,17.9,48.1,1
2026-01-12T05:47:04.724151,17.9,48.1,1
2026-01-12T05:47:06.978664,18.0,48.2,1
2026-01-12T05:47:09.233076,17.9,48.1,1
2026-01-12T05:47:11.489554,17.9,48.1,1
2026-01-12T05:47:13.743928,17.9,48.1,1
2026-01-12T05:47:15.998510,17.9,48.1,1
2026-01-12T05:47:18.253033,17.9,48.1,1
2026-01-12T05:47:20.507457,17.9,48.0,1
2026-01-12T05:47:22.761845,17.9,48.0,1
2026-01-12T05:47:25.016156,17.9,48.0,1
2026-01-12T05:47:27.270598,17.9,48.0,1
2026-01-12T05:47:29.525358,18.0,48.0,0
2026-01-12T05:47:31.779931,17.9,48.0,0
2026-01-12T05:47:34.034216,18.0,48.0,0
2026-01-12T05:47:36.288839,17.9,48.0,0
2026-01-12T05:47:38.543359,18.0,48.1,0
2026-01-12T05:47:40.797859,17.9,48.0,0
2026-01-12T05:47:43.052195,17.9,48.0,1
2026-01-12T05:47:45.306783,17.9,48.1,1
2026-01-12T05:47:47.561123,18.0,48.1,1
2026-01-12T05:47:49.815534,17.9,48.1,1
2026-01-12T05:47:52.069958,17.9,48.1,1
2026-01-12T05:47:54.324382,18.0,48.2,1
2026-01-12T05:47:56.579144,17.9,48.2,1
2026-01-12T05:47:58.833690,17.9,48.2,1
2026-01-12T05:48:01.088072,18.0,48.2,1
2026-01-12T05:48:03.342789,17.9,48.1,1
2026-01-12T05:48:05.597513,17.9,48.1,1
2026-01-12T05:48:07.852052,17.9,48.1,1
2026-01-12T05:48:10.106653,18.0,48.1,1
2026-01-12T05:48:12.361048,17.9,48.0,1
2026-01-12T05:48:14.615619,17.9,48.0,1
2026-01-12T05:48:16.870325,17.9,47.9,1
2026-01-12T05:48:19.124747,18.0,48.0,1
2026-01-12T05:48:21.379092,17.9,47.9,1
2026-01-12T05:48:23.633890,17.9,47.9,1
2026-01-12T05:48:25.890313,17.9,47.9,0
2026-01-12T05:48:28.144413,17.9,47.9,0
2026-01-12T05:48:30.398970,18.0,47.9,0
2026-01-12T05:48:32.653645,17.9,47.9,0
2026-01-12T05:48:34.908147,17.9,47.9,0
2026-01-12T05:48:37.162958,18.0,48.0,0
2026-01-12T05:48:39.417495,17.9,47.9,0
2026-01-12T05:48:41.671788,17.9,47.9,1
2026-01-12T05:48:43.926529,18.0,48.0,1
2026-01-12T05:48:46.180596,17.9,47.9,1
2026-01-12T05:48:48.435181,17.9,47.9,1
2026-01-12T05:48:50.689931,17.9,47.9,1
2026-01-12T05:48:52.944302,17.9,47.9,1
2026-01-12T05:48:55.198831,17.9,47.9,1
2026-01-12T05:48:57.453443,18.0,47.9,1
2026-01-12T05:48:59.708021,17.9,47.9,1
2026-01-12T05:49:01.962545,18.0,48.0,1
2026-01-12T05:49:04.216807,18.0,48.0,1
2026-01-12T05:49:06.471073,17.9,47.9,1
2026-01-12T05:49:08.725693,17.9,47.9,1
2026-01-12T05:49:10.980377,17.9,47.9,1
2026-01-12T05:49:13.234985,18.0,48.0,1
2026-01-12T05:49:15.489515,17.9,47.9,1
2026-01-12T05:49:17.744159,17.9,48.0,1
2026-01-12T05:49:19.998766,17.9,47.9,1
2026-01-12T05:49:22.253158,17.9,48.0,0
2026-01-12T05:49:24.507766,18.0,48.0,0
2026-01-12T05:49:26.762281,17.9,47.9,0
2026-01-12T05:49:29.016555,17.9,48.0,0
2026-01-12T05:49:31.271252,17.9,48.0,0
2026-01-12T05:49:33.525852,17.9,48.0,0
2026-01-12T05:49:35.780340,17.9,48.0,0
2026-01-12T05:49:38.035195,18.0,48.1,1
2026-01-12T05:49:40.289579,17.9,48.0,1
2026-01-12T05:49:42.544191,18.0,48.1,1
2026-01-12T05:49:44.798862,17.9,48.0,1
2026-01-12T05:49:47.053452,17.9,48.1,1
2026-01-12T05:49:49.307783,17.9,48.0,1
2026-01-12T05:49:51.562564,17.9,48.1,1
2026-01-12T05:49:53.816922,18.0,48.1,1
2026-01-12T05:49:56.071349,17.9,48.1,1
2026-01-12T05:49:58.325972,17.9,48.1,1
2026-01-12T05:50:00.580506,17.9,48.1,1
2026-01-12T05:50:02.835073,17.9,48.0,1
2026-01-12T05:50:05.089747,17.9,48.1,1
2026-01-12T05:50:07.344121,17.9,48.1,1
2026-01-12T05:50:09.598655,18.0,48.1,1
2026-01-12T05:50:11.853411,17.9,48.0,1
2026-01-12T05:50:14.107954,17.9,48.1,1
2026-01-12T05:50:16.362431,17.9,48.1,1
2026-01-12T05:50:18.616960,18.0,48.1,0
2026-01-12T05:50:20.871397,17.9,48.1,0
2026-01-12T05:50:23.125831,17.9,48.0,0
2026-01-12T05:50:25.380416,17.9,48.0,0
2026-01-12T05:50:27.635098,17.9,48.1,0
2026-01-12T05:50:29.889438,18.0,48.1,0
2026-01-12T05:50:32.144035,18.0,48.2,0
2026-01-12T05:50:34.398486,18.0,48.1,1
2026-01-12T05:50:36.653153,17.9,48.1,1
2026-01-12T05:50:38.907830,17.9,48.0,1
2026-01-12T05:50:41.161874,18.0,48.1,1
2026-01-12T05:50:43.416361,17.9,48.1,1
2026-01-12T05:50:45.670999,17.9,48.1,1
2026-01-12T05:50:48.006638,17.9,48.0,1
2026-01-12T05:50:50.269388,17.9,48.0,1
2026-01-12T05:50:52.524265,17.9,48.1,1
2026-01-12T05:50:54.778922,17.9,48.1,1
2026-01-12T05:50:57.033310,17.9,48.1,1
2026-01-12T05:50:59.287909,18.0,48.1,1
2026-01-12T05:51:01.542598,17.9,48.0,1
2026-01-12T05:51:03.797091,18.0,48.1,1
2026-01-12T05:51:06.051767,18.0,48.1,1
2026-01-12T05:51:08.308199,17.9,48.0,1
2026-01-12T05:51:10.562830,18.0,48.1,1
2026-01-12T05:51:12.817594,17.9,48.1,1
2026-01-12T05:51:15.071970,18.0,48.1,0
2026-01-12T05:51:17.326453,17.9,48.1,0
2026-01-12T05:51:19.580743,17.9,48.0,0
2026-01-12T05:51:21.835289,18.0,48.1,0
2026-01-12T05:51:24.089787,17.9,48.0,0
2026-01-12T05:51:26.344161,17.9,48.0,0
2026-01-12T05:51:28.598334,17.9,48.0,0
2026-01-12T05:51:30.852838,17.9,48.0,1
2026-01-12T05:51:33.107323,18.0,48.1,1
2026-01-12T05:51:35.361768,17.9,48.0,1
2026-01-12T05:51:37.616163,18.0,48.1,1
2026-01-12T05:51:39.870936,17.9,48.0,1
2026-01-12T05:51:42.125565,18.0,48.1,1
2026-01-12T05:51:44.380120,17.9,48.0,1
2026-01-12T05:51:46.634781,18.0,48.1,1
2026-01-12T05:51:48.889359,18.0,48.1,1
2026-01-12T05:51:51.143642,17.9,48.1,1
2026-01-12T05:51:53.398399,17.9,48.0,1
2026-01-12T05:51:55.653044,18.0,48.1,1
2026-01-12T05:51:57.907444,17.9,48.1,1
2026-01-12T05:52:00.162164,17.9,48.1,1
2026-01-12T05:52:02.416684,17.9,48.1,1
2026-01-12T05:52:04.671448,18.0,48.1,1
2026-01-12T05:52:06.926210,18.0,48.1,1
2026-01-12T05:52:09.180531,18.0,48.1,1
2026-01-12T05:52:11.434456,17.9,48.0,0
2026-01-12T05:52:13.688913,17.9,48.1,0
2026-01-12T05:52:15.945476,17.9,48.1,0
2026-01-12T05:52:18.199802,17.9,48.0,0
2026-01-12T05:52:20.454550,17.9,48.1,0
2026-01-12T05:52:22.709081,17.9,48.1,0
2026-01-12T05:52:24.963568,17.9,48.1,0
2026-01-12T05:52:27.218242,17.9,48.0,1
2026-01-12T05:52:29.472747,17.9,48.1,1
2026-01-12T05:52:31.727371,17.9,48.0,1
2026-01-12T05:52:33.982055,17.9,48.0,1
2026-01-12T05:52:36.236653,17.9,48.0,1
2026-01-12T05:52:38.491002,17.9,48.0,1
2026-01-12T05:52:40.826747,17.9,48.0,1
2026-01-12T05:52:43.109152,17.9,48.0,1
2026-01-12T05:52:45.363125,17.9,48.1,1
2026-01-12T05:52:47.617907,17.9,48.0,1
2026-01-12T05:52:49.872184,17.9,48.0,1
2026-01-12T05:52:52.126794,17.9,48.1,1
2026-01-12T05:52:54.381211,17.9,48.0,1
2026-01-12T05:52:56.635707,17.9,48.0,1
2026-01-12T05:52:58.890143,18.0,48.0,1
2026-01-12T05:53:01.144838,17.9,47.9,1
2026-01-12T05:53:03.399016,18.0,48.0,1
2026-01-12T05:53:05.653468,17.9,47.9,1
2026-01-12T05:53:07.908138,17.9,48.0,0
2026-01-12T05:53:10.162493,17.9,47.9,0
2026-01-12T05:53:12.416939,18.0,48.0,0
2026-01-12T05:53:14.671687,17.9,48.0,0
2026-01-12T05:53:16.926067,17.9,48.1,0
2026-01-12T05:53:19.180252,17.9,48.1,0
2026-01-12T05:53:21.435067,17.9,48.1,0
2026-01-12T05:53:23.689420,17.9,48.1,1
2026-01-12T05:53:25.943497,17.9,48.1,1
2026-01-12T05:53:28.198200,17.9,48.1,1
2026-01-12T05:53:30.452297,17.9,48.0,1
2026-01-12T05:53:32.707045,17.9,48.0,1
2026-01-12T05:53:34.961481,18.0,48.0,1
2026-01-12T05:53:37.215518,17.9,47.9,1
2026-01-12T05:53:39.469859,18.0,47.9,1
2026-01-12T05:53:41.724206,17.9,47.9,1
2026-01-12T05:53:43.978792,17.9,47.9,1
2026-01-12T05:53:46.232941,17.9,47.9,1
2026-01-12T05:53:48.487112,17.9,47.9,1
2026-01-12T05:53:50.741685,18.0,48.0,1
2026-01-12T05:53:52.995764,17.9,47.9,1
2026-01-12T05:53:55.250495,17.9,48.0,1
2026-01-12T05:53:57.504653,18.0,48.1,1
2026-01-12T05:53:59.759307,18.0,48.1,1
2026-01-12T05:54:02.013915,17.9,48.1,1
2026-01-12T05:54:04.268462,17.9,48.0,0
2026-01-12T05:54:06.523145,17.9,48.1,0
2026-01-12T05:54:08.777415,17.9,48.1,0
2026-01-12T05:54:11.031751,17.9,48.0,0
2026-01-12T05:54:13.286272,17.9,48.0,0
2026-01-12T05:54:15.541000,17.9,48.0,0
2026-01-12T05:54:17.795202,17.9,48.0,0
2026-01-12T05:54:20.049683,17.9,48.0,1
2026-01-12T05:54:22.304307,17.9,48.0,1
2026-01-12T05:54:24.559023,18.0,48.0,1
2026-01-12T05:54:26.813566,17.9,48.0,1
2026-01-12T05:54:29.067890,,,1
2026-01-12T05:54:31.322494,17.9,47.9,1
2026-01-12T05:54:33.576965,17.9,47.9,1
2026-01-12T05:54:35.831630,17.9,47.9,1
2026-01-12T05:54:38.086126,18.0,48.0,1
2026-01-12T05:54:40.340403,18.0,48.0,1
2026-01-12T05:54:42.595265,17.9,48.0,1
2026-01-12T05:54:44.849890,17.9,47.9,1
2026-01-12T05:54:47.104137,17.9,47.9,1
2026-01-12T05:54:49.358875,17.9,48.0,1
2026-01-12T05:54:51.614761,18.0,48.0,1
2026-01-12T05:54:53.868920,18.0,48.0,1
2026-01-12T05:54:56.123283,17.9,47.9,1
2026-01-12T05:54:58.377770,17.9,47.9,1
2026-01-12T05:55:00.632216,17.9,48.0,0
2026-01-12T05:55:02.887008,18.0,48.0,0
2026-01-12T05:55:05.141512,17.9,48.0,0
2026-01-12T05:55:07.395881,18.0,48.0,0
2026-01-12T05:55:09.650725,18.0,48.0,0
2026-01-12T05:55:11.905296,17.9,47.9,0
2026-01-12T05:55:14.159638,17.9,48.0,0
2026-01-12T05:55:16.414216,17.9,48.0,1
2026-01-12T05:55:18.668853,18.0,48.0,1
2026-01-12T05:55:20.923356,17.9,48.0,1
2026-01-12T05:55:23.178011,18.0,48.0,1
2026-01-12T05:55:25.432265,17.9,48.0,1
2026-01-12T05:55:27.686929,17.9,48.0,1
2026-01-12T05:55:29.941702,17.9,48.0,1
2026-01-12T05:55:32.196006,17.9,48.0,1
2026-01-12T05:55:34.450496,18.0,48.0,1
2026-01-12T05:55:36.704814,17.9,48.0,1
2026-01-12T05:55:38.959259,17.9,48.0,1
2026-01-12T05:55:41.213642,17.9,48.0,1
2026-01-12T05:55:43.468235,17.9,48.0,1
2026-01-12T05:55:45.722834,17.9,48.0,1
2026-01-12T05:55:47.977263,17.9,48.0,1
2026-01-12T05:55:50.231531,17.9,48.0,1
2026-01-12T05:55:52.486039,17.9,48.0,1
2026-01-12T05:55:54.740496,17.9,48.0,1
2026-01-12T05:55:56.995310,17.9,48.1,0
2026-01-12T05:55:59.249884,17.9,48.1,0
2026-01-12T05:56:01.503984,17.9,48.2,0
2026-01-12T05:56:03.758868,17.9,48.2,0
2026-01-12T05:56:06.013310,17.9,48.2,0
2026-01-12T05:56:08.267724,17.9,48.2,0
2026-01-12T05:56:10.522584,17.9,48.3,0
2026-01-12T05:56:12.777047,17.9,48.3,1
2026-01-12T05:56:15.031320,18.0,48.4,1
2026-01-12T05:56:17.285758,18.0,48.3,1
2026-01-12T05:56:19.540347,17.9,48.2,1
2026-01-12T05:56:21.794873,17.9,48.2,1
2026-01-12T05:56:24.049516,17.9,48.1,1
2026-01-12T05:56:26.303962,18.0,48.2,1
2026-01-12T05:56:28.558565,17.9,48.1,1
2026-01-12T05:56:30.813309,17.9,48.1,1
2026-01-12T05:56:33.067390,18.0,48.2,1
2026-01-12T05:56:35.321937,17.9,48.1,1
2026-01-12T05:56:37.576484,18.0,48.2,1
2026-01-12T05:56:39.831078,18.0,48.2,1
2026-01-12T05:56:42.085390,18.0,48.2,1
2026-01-12T05:56:44.339915,18.0,48.2,1
2026-01-12T05:56:46.594490,17.9,48.1,1
2026-01-12T05:56:48.848574,17.9,48.1,1
2026-01-12T05:56:51.103020,18.0,48.2,1
2026-01-12T05:56:53.357387,18.0,48.2,0
2026-01-12T05:56:55.611763,17.9,48.1,0
2026-01-12T05:56:57.866516,17.9,48.1,0
2026-01-12T05:57:00.120708,17.9,48.1,0
2026-01-12T05:57:02.375235,17.9,48.1,0
2026-01-12T05:57:04.629952,17.9,48.1,0
2026-01-12T05:57:06.884110,17.9,48.1,0
2026-01-12T05:57:09.138600,18.0,48.1,1
2026-01-12T05:57:11.392963,17.9,48.1,1
2026-01-12T05:57:13.647433,17.9,48.1,1
2026-01-12T05:57:15.901879,18.0,48.2,1
2026-01-12T05:57:18.156008,17.9,48.1,1
2026-01-12T05:57:20.410573,18.0,48.2,1
2026-01-12T05:57:22.664795,18.0,48.2,1
2026-01-12T05:57:24.919163,17.9,48.2,1
2026-01-12T05:57:27.173769,18.0,48.3,1
2026-01-12T05:57:29.428105,17.9,48.2,1
2026-01-12T05:57:31.682952,17.9,48.2,1
2026-01-12T05:57:33.937317,17.9,48.2,1
2026-01-12T05:57:36.191602,17.9,48.1,1
2026-01-12T05:57:38.446365,18.0,48.2,1
2026-01-12T05:57:40.700988,18.0,48.2,1
2026-01-12T05:57:42.955509,17.9,48.1,1
2026-01-12T05:57:45.210223,17.9,48.1,1
2026-01-12T05:57:47.464569,17.9,48.1,1
2026-01-12T05:57:49.719261,18.0,48.2,0
2026-01-12T05:57:51.973850,18.0,48.2,0
2026-01-12T05:57:54.228399,17.9,48.1,0
2026-01-12T05:57:56.482939,18.0,48.2,0
2026-01-12T05:57:58.737485,17.9,48.1,0
2026-01-12T05:58:00.991707,17.9,48.1,0
2026-01-12T05:58:03.246153,17.9,48.1,0
2026-01-12T05:58:05.500561,17.9,48.2,1
2026-01-12T05:58:07.755302,17.9,48.2,1
2026-01-12T05:58:10.009624,17.9,48.2,1
2026-01-12T05:58:12.264320,17.9,48.2,1
2026-01-12T05:58:14.520924,17.9,48.2,1
2026-01-12T05:58:16.856437,17.9,48.2,1
2026-01-12T05:58:19.152985,18.0,48.3,1
2026-01-12T05:58:21.407009,18.0,48.3,1
2026-01-12T05:58:23.661309,17.9,48.2,1
2026-01-12T05:58:25.915487,17.9,48.2,1
2026-01-12T05:58:28.169588,17.9,48.2,1
2026-01-12T05:58:30.423545,17.9,48.2,1
2026-01-12T05:58:32.678240,17.9,48.2,1
2026-01-12T05:58:34.932228,17.9,48.2,1
2026-01-12T05:58:37.186754,17.9,48.2,1
2026-01-12T05:58:39.440887,17.9,48.2,1
2026-01-12T05:58:41.694942,18.0,48.2,1
2026-01-12T05:58:43.949249,17.9,48.2,1
2026-01-12T05:58:46.203351,18.0,48.2,0
2026-01-12T05:58:48.457380,17.9,48.2,0
2026-01-12T05:58:50.711373,18.0,48.2,0
2026-01-12T05:58:52.965941,17.9,48.2,0
2026-01-12T05:58:55.219992,17.9,48.1,0
2026-01-12T05:58:57.474502,17.9,48.2,0
2026-01-12T05:58:59.729147,17.9,48.2,0
2026-01-12T05:59:01.983686,17.9,48.2,1
2026-01-12T05:59:04.238089,18.0,48.2,1
2026-01-12T05:59:06.492559,17.9,48.1,1
2026-01-12T05:59:08.747164,17.9,48.0,1
2026-01-12T05:59:11.001364,17.9,48.0,1
2026-01-12T05:59:13.255549,17.9,47.9,1
2026-01-12T05:59:15.510094,17.9,47.9,1
2026-01-12T05:59:17.764488,17.9,47.9,1
2026-01-12T05:59:20.019334,17.9,47.9,1
2026-01-12T05:59:22.273772,17.9,47.9,1
2026-01-12T05:59:24.528349,18.0,48.0,1
2026-01-12T05:59:26.783144,17.9,47.9,1
2026-01-12T05:59:29.037622,17.9,47.9,1
2026-01-12T05:59:31.291760,17.9,47.9,1
2026-01-12T05:59:33.546469,17.9,47.9,1
2026-01-12T05:59:35.800776,17.9,47.9,1
2026-01-12T05:59:38.054792,17.9,48.0,1
2026-01-12T05:59:40.309001,17.9,48.0,1
2026-01-12T05:59:42.563623,17.9,48.0,0
2026-01-12T05:59:44.818077,17.9,48.0,0
2026-01-12T05:59:47.072233,17.9,47.9,0
2026-01-12T05:59:49.326953,17.9,47.9,0
2026-01-12T05:59:51.581132,17.9,48.0,0
2026-01-12T05:59:53.835306,17.9,48.0,0
2026-01-12T05:59:56.089688,17.9,48.0,0
2026-01-12T05:59:58.343586,17.9,48.0,1
2026-01-12T06:00:00.597798,17.9,48.0,1
2026-01-12T06:00:02.851806,17.9,48.0,1
2026-01-12T06:00:05.106268,17.9,48.0,1
2026-01-12T06:00:07.360427,18.0,48.0,1
2026-01-12T06:00:09.615211,17.9,47.9,1
2026-01-12T06:00:11.869560,17.9,47.9,1
2026-01-12T06:00:14.123778,17.9,47.9,1
2026-01-12T06:00:16.378427,17.9,48.0,1
2026-01-12T06:00:18.632902,17.9,47.9,1
2026-01-12T06:00:20.887665,17.9,47.9,1
2026-01-12T06:00:23.142253,17.9,47.9,1
2026-01-12T06:00:25.396803,17.9,48.0,1
2026-01-12T06:00:27.651531,18.0,48.0,1
2026-01-12T06:00:29.906185,17.9,48.0,1
2026-01-12T06:00:32.160271,17.9,48.0,1
2026-01-12T06:00:34.415089,17.9,48.0,1
2026-01-12T06:00:36.669773,17.9,48.0,1
2026-01-12T06:00:38.923835,17.9,48.0,0
2026-01-12T06:00:41.178569,17.9,47.9,0
2026-01-12T06:00:43.433072,17.9,48.0,0
2026-01-12T06:00:45.687419,17.9,48.0,0
2026-01-12T06:00:47.942115,17.9,48.0,0
2026-01-12T06:00:50.196626,17.9,48.0,0
2026-01-12T06:00:52.451047,17.9,48.0,0
2026-01-12T06:00:54.705687,17.9,48.1,1
2026-01-12T06:00:56.959938,17.9,48.1,1
2026-01-12T06:00:59.214359,17.9,48.1,1
2026-01-12T06:01:01.468662,18.0,48.1,1
2026-01-12T06:01:03.722977,17.9,48.1,1
2026-01-12T06:01:05.977228,17.9,48.1,1
2026-01-12T06:01:08.231776,17.9,48.1,1
2026-01-12T06:01:10.486297,17.9,48.1,1
2026-01-12T06:01:12.740719,17.9,48.1,1
2026-01-12T06:01:14.995554,17.9,48.2,1
2026-01-12T06:01:17.250028,17.9,48.2,1
2026-01-12T06:01:19.504276,17.9,48.2,1
2026-01-12T06:01:21.759209,17.9,48.1,1
2026-01-12T06:01:24.013607,17.9,48.2,1
2026-01-12T06:01:26.267519,17.9,48.2,1
2026-01-12T06:01:28.522391,17.9,48.2,1
2026-01-12T06:01:30.776744,17.9,48.1,1
2026-01-12T06:01:33.030835,17.9,48.1,1
2026-01-12T06:01:35.285545,17.9,48.1,0
2026-01-12T06:01:37.539720,17.9,48.1,0
2026-01-12T06:01:39.794326,17.9,48.1,0
2026-01-12T06:01:42.048603,17.9,48.1,0
2026-01-12T06:01:44.303354,17.9,48.1,0
2026-01-12T06:01:46.557993,17.9,48.1,0
2026-01-12T06:01:48.812450,18.0,48.2,0
2026-01-12T06:01:51.067140,17.9,48.1,1
2026-01-12T06:01:53.321571,17.9,48.1,1
2026-01-12T06:01:55.575825,17.9,48.1,1
2026-01-12T06:01:57.830338,17.9,48.1,1
2026-01-12T06:02:00.084384,17.9,48.1,1
2026-01-12T06:02:02.339189,17.9,48.1,1
2026-01-12T06:02:04.593262,17.9,48.1,1
2026-01-12T06:02:06.847161,17.9,48.1,1
2026-01-12T06:02:09.101952,17.9,48.1,1
2026-01-12T06:02:11.355983,17.9,48.1,1
2026-01-12T06:02:13.610480,17.9,48.1,1
2026-01-12T06:02:15.865096,17.9,48.1,1
2026-01-12T06:02:18.119073,18.0,48.1,1
2026-01-12T06:02:20.373380,17.9,48.1,1
2026-01-12T06:02:22.627702,17.9,48.1,1
2026-01-12T06:02:24.882190,17.9,48.1,1
2026-01-12T06:02:27.136251,17.9,48.1,1
2026-01-12T06:02:29.391016,17.9,48.1,1
2026-01-12T06:02:31.645455,18.0,48.2,0
2026-01-12T06:02:33.899348,17.9,48.1,0
2026-01-12T06:02:36.153801,17.9,48.1,0
2026-01-12T06:02:38.408018,17.9,48.1,0
2026-01-12T06:02:40.662584,17.9,48.1,0
2026-01-12T06:02:42.917097,17.9,48.1,0
2026-01-12T06:02:45.171111,17.9,48.1,0
2026-01-12T06:02:47.425425,17.9,48.1,1
2026-01-12T06:02:49.679750,17.9,48.1,1
2026-01-12T06:02:51.934323,18.0,48.2,1
2026-01-12T06:02:54.188264,18.0,48.2,1
2026-01-12T06:02:56.442549,17.9,48.1,1
2026-01-12T06:02:58.696845,17.9,48.2,1
2026-01-12T06:03:00.950985,17.9,48.2,1
2026-01-12T06:03:03.205535,17.9,48.2,1
2026-01-12T06:03:05.459668,17.9,48.1,1
2026-01-12T06:03:07.714149,17.9,48.2,1
2026-01-12T06:03:09.968624,17.9,48.2,1
2026-01-12T06:03:12.224618,17.9,48.2,1
2026-01-12T06:03:14.479128,18.0,48.2,1
2026-01-12T06:03:16.733671,17.9,48.1,1
2026-01-12T06:03:18.988104,18.0,48.2,1
2026-01-12T06:03:21.242647,17.9,48.1,1
2026-01-12T06:03:23.497095,17.9,48.1,1
2026-01-12T06:03:25.751181,17.9,48.2,1
2026-01-12T06:03:28.005616,17.9,48.1,0
2026-01-12T06:03:30.260020,17.9,48.1,0
2026-01-12T06:03:32.514549,18.0,48.2,0
2026-01-12T06:03:34.768644,18.0,48.2,0
2026-01-12T06:03:37.023446,17.9,48.1,0
2026-01-12T06:03:39.278117,17.9,48.1,0
2026-01-12T06:03:41.532647,17.9,48.1,0
2026-01-12T06:03:43.787523,17.9,48.1,1
2026-01-12T06:03:46.041856,17.9,48.1,1
2026-01-12T06:03:48.295766,17.9,48.1,1
2026-01-12T06:03:50.550419,17.9,48.1,1
2026-01-12T06:03:52.808865,17.9,48.1,1
2026-01-12T06:03:55.062839,17.9,48.1,1
2026-01-12T06:03:57.317194,17.9,48.1,1
2026-01-12T06:03:59.571313,17.9,48.1,1
2026-01-12T06:04:01.825601,18.0,48.2,1
2026-01-12T06:04:04.080301,17.9,48.1,1
2026-01-12T06:04:06.334775,17.9,48.0,1
2026-01-12T06:04:08.588764,18.0,48.1,1
2026-01-12T06:04:10.842955,17.9,48.0,1
2026-01-12T06:04:13.097455,17.9,47.9,1
2026-01-12T06:04:15.351359,17.9,47.9,1
2026-01-12T06:04:17.606128,17.9,47.9,1
2026-01-12T06:04:19.862052,17.9,47.9,1
2026-01-12T06:04:22.116207,17.9,47.9,1
2026-01-12T06:04:24.370980,18.0,47.9,0
2026-01-12T06:04:26.625528,18.0,47.9,0
2026-01-12T06:04:28.879444,17.9,47.8,0
2026-01-12T06:04:31.134056,17.9,47.8,0
2026-01-12T06:04:33.388199,18.0,47.9,0
2026-01-12T06:04:35.642302,17.9,47.9,0
2026-01-12T06:04:37.896913,18.0,48.0,0
2026-01-12T06:04:40.151434,17.9,47.9,1
2026-01-12T06:04:42.405956,17.9,47.9,1
2026-01-12T06:04:44.660342,17.9,47.9,1
2026-01-12T06:04:46.915084,18.0,48.0,1
2026-01-12T06:04:49.169512,17.9,47.9,1
2026-01-12T06:04:51.423804,17.9,47.9,1
2026-01-12T06:04:53.678499,18.0,48.0,1
2026-01-12T06:04:55.932802,17.9,47.9,1
2026-01-12T06:04:58.187588,18.0,48.0,1
2026-01-12T06:05:00.442132,18.0,48.0,1
2026-01-12T06:05:02.696757,17.9,47.9,1
2026-01-12T06:05:04.951117,17.9,47.9,1
2026-01-12T06:05:07.205598,18.0,48.0,1
2026-01-12T06:05:09.459846,18.0,48.0,1
2026-01-12T06:05:11.714687,18.0,48.0,1
2026-01-12T06:05:13.968930,17.9,47.9,1
2026-01-12T06:05:16.223340,17.9,47.9,1
2026-01-12T06:05:18.478034,18.0,48.0,1
2026-01-12T06:05:20.732783,17.9,47.9,0
2026-01-12T06:05:22.987132,17.9,47.9,0
2026-01-12T06:05:25.241957,17.9,47.9,0
2026-01-12T06:05:27.496402,17.9,47.9,0
2026-01-12T06:05:29.751031,17.9,48.0,0
2026-01-12T06:05:32.005716,18.0,48.0,0
2026-01-12T06:05:34.260245,17.9,48.0,0
2026-01-12T06:05:36.514957,17.9,47.9,1
2026-01-12T06:05:38.769751,17.9,47.9,1
2026-01-12T06:05:41.024044,17.9,48.0,1
2026-01-12T06:05:43.278632,17.9,47.9,1
2026-01-12T06:05:45.533438,17.9,48.0,1
2026-01-12T06:05:47.787455,17.9,48.0,1
2026-01-12T06:05:50.041940,17.9,48.0,1
2026-01-12T06:05:52.296489,17.9,47.9,1
2026-01-12T06:05:54.551282,18.0,48.0,1
2026-01-12T06:05:56.805792,17.9,47.9,1
2026-01-12T06:05:59.060106,17.9,47.9,1
2026-01-12T06:06:01.314764,17.9,47.9,1
2026-01-12T06:06:03.569280,17.9,47.9,1
2026-01-12T06:06:05.823638,17.9,47.9,1
2026-01-12T06:06:08.078271,18.0,47.9,1
2026-01-12T06:06:10.332701,17.9,47.8,1
2026-01-12T06:06:12.587218,17.9,47.8,1
2026-01-12T06:06:14.841558,17.9,47.8,1
2026-01-12T06:06:17.095897,17.9,47.8,0
2026-01-12T06:06:19.350670,17.9,47.9,0
2026-01-12T06:06:21.605241,18.0,47.9,0
2026-01-12T06:06:23.859365,18.0,47.9,0
2026-01-12T06:06:26.113989,17.9,47.9,0
2026-01-12T06:06:28.368553,17.9,47.9,0
2026-01-12T06:06:30.623290,17.9,47.9,0
2026-01-12T06:06:32.878107,17.9,48.0,1
2026-01-12T06:06:35.132200,17.9,48.1,1
2026-01-12T06:06:37.386786,17.9,48.1,1
2026-01-12T06:06:39.641573,17.9,48.1,1
2026-01-12T06:06:41.895998,17.9,48.1,1
2026-01-12T06:06:44.150456,18.0,48.1,1
2026-01-12T06:06:46.404723,17.9,48.1,1
2026-01-12T06:06:48.659151,17.9,48.0,1
2026-01-12T06:06:50.913568,17.9,48.0,1
2026-01-12T06:06:53.168262,17.9,48.0,1
2026-01-12T06:06:55.422663,17.9,47.9,1
2026-01-12T06:06:57.745229,17.9,47.9,1
2026-01-12T06:06:59.999815,17.9,48.0,1
2026-01-12T06:07:02.254329,17.9,48.0,1
2026-01-12T06:07:04.508443,17.9,48.0,1
2026-01-12T06:07:06.763285,17.9,48.0,1
2026-01-12T06:07:09.017781,17.9,48.0,1
2026-01-12T06:07:11.272169,17.9,48.0,1
2026-01-12T06:07:13.527053,17.9,48.0,0
2026-01-12T06:07:15.781643,17.9,48.0,0
2026-01-12T06:07:18.036008,17.9,48.0,0
2026-01-12T06:07:20.290661,17.9,48.0,0
2026-01-12T06:07:22.545334,17.9,48.0,0
2026-01-12T06:07:24.799621,17.9,48.0,0
2026-01-12T06:07:27.054234,17.9,48.0,0
2026-01-12T06:07:29.308615,17.9,48.0,1
2026-01-12T06:07:31.563225,17.9,48.0,1
2026-01-12T06:07:33.817923,18.0,48.1,1
2026-01-12T06:07:36.072427,17.9,48.0,1
2026-01-12T06:07:38.326885,17.9,48.0,1
2026-01-12T06:07:40.581163,17.9,48.1,1
2026-01-12T06:07:42.835708,17.9,48.1,1
2026-01-12T06:07:45.090159,17.9,48.0,1
2026-01-12T06:07:47.344740,17.9,48.0,1
2026-01-12T06:07:49.599361,17.9,48.1,1
2026-01-12T06:07:51.853849,17.9,48.0,1
2026-01-12T06:07:54.108359,17.9,48.0,1
2026-01-12T06:07:56.362948,17.9,48.0,1
2026-01-12T06:07:58.617499,17.9,48.0,1
2026-01-12T06:08:00.872010,17.9,47.9,1
2026-01-12T06:08:03.126585,18.0,48.0,1
2026-01-12T06:08:05.380796,17.9,47.9,1
2026-01-12T06:08:07.635513,17.9,47.9,1
2026-01-12T06:08:09.890014,17.9,47.9,0
2026-01-12T06:08:12.144438,17.9,47.9,0
2026-01-12T06:08:14.399138,17.9,48.0,0
2026-01-12T06:08:16.653762,17.9,48.0,0
2026-01-12T06:08:18.908235,17.9,47.9,0
2026-01-12T06:08:21.163110,17.9,47.9,0
2026-01-12T06:08:23.417617,17.9,48.0,0
2026-01-12T06:08:25.671967,17.9,48.0,1
2026-01-12T06:08:27.926664,17.9,48.0,1
2026-01-12T06:08:30.181128,17.9,48.0,1
2026-01-12T06:08:32.435525,17.9,48.0,1
2026-01-12T06:08:34.690234,17.9,48.0,1
2026-01-12T06:08:36.944592,17.9,47.9,1
2026-01-12T06:08:39.199133,17.9,48.0,1
2026-01-12T06:08:41.453769,17.9,48.0,1
2026-01-12T06:08:43.708050,17.9,47.9,1
2026-01-12T06:08:45.962558,17.9,48.0,1
2026-01-12T06:08:48.217242,17.9,47.9,1
2026-01-12T06:08:50.471715,17.9,47.9,1
2026-01-12T06:08:52.726380,17.9,47.9,1
2026-01-12T06:08:54.980841,17.9,47.9,1
2026-01-12T06:08:57.235320,17.9,47.9,1
2026-01-12T06:08:59.489810,17.9,47.9,1
2026-01-12T06:09:01.744664,17.9,47.9,1
2026-01-12T06:09:03.999328,17.9,47.9,1
2026-01-12T06:09:06.253800,17.9,47.9,0
2026-01-12T06:09:08.508364,17.9,47.9,0
2026-01-12T06:09:10.762994,17.9,47.9,0
2026-01-12T06:09:13.017549,17.9,47.8,0
2026-01-12T06:09:15.272115,17.9,47.8,0
2026-01-12T06:09:17.526795,17.9,47.8,0
2026-01-12T06:09:19.781254,17.9,47.8,0
2026-01-12T06:09:22.035964,17.9,47.8,1
2026-01-12T06:09:24.290571,17.9,47.8,1
2026-01-12T06:09:26.544765,17.9,47.9,1
2026-01-12T06:09:28.799354,17.9,47.8,1
2026-01-12T06:09:31.053692,17.9,47.9,1
2026-01-12T06:09:33.307855,17.9,47.9,1
2026-01-12T06:09:35.562562,17.9,47.9,1
2026-01-12T06:09:37.816994,17.9,47.9,1
2026-01-12T06:09:40.071264,17.9,47.9,1
2026-01-12T06:09:42.325891,17.9,47.9,1
2026-01-12T06:09:44.580132,17.9,47.9,1
2026-01-12T06:09:46.834673,17.9,47.8,1
2026-01-12T06:09:49.089265,17.9,47.8,1
2026-01-12T06:09:51.343726,17.9,47.8,1
2026-01-12T06:09:53.598360,17.9,47.8,1
2026-01-12T06:09:55.852878,17.9,47.9,1
2026-01-12T06:09:58.107242,17.9,47.9,1
2026-01-12T06:10:00.361764,17.9,48.0,1
2026-01-12T06:10:02.616430,17.9,48.0,0
2026-01-12T06:10:04.872839,17.9,48.0,0
2026-01-12T06:10:07.127259,17.9,48.0,0
2026-01-12T06:10:09.381889,17.9,48.0,0
2026-01-12T06:10:11.636399,17.9,48.0,0
2026-01-12T06:10:13.890956,17.9,47.9,0
2026-01-12T06:10:16.145580,17.9,47.9,0
2026-01-12T06:10:18.400057,17.9,47.8,1
2026-01-12T06:10:20.654566,17.9,47.7,1
2026-01-12T06:10:22.909344,17.9,47.7,1
2026-01-12T06:10:25.163702,17.9,47.7,1
2026-01-12T06:10:27.418183,17.9,47.7,1
2026-01-12T06:10:29.672485,17.9,47.7,1
2026-01-12T06:10:31.927173,17.9,47.7,1
2026-01-12T06:10:34.181629,17.9,47.6,1
2026-01-12T06:10:36.436212,17.9,47.7,1
2026-01-12T06:10:38.692535,17.9,47.7,1
2026-01-12T06:10:40.947131,17.9,47.7,1
2026-01-12T06:10:43.201786,17.9,47.7,1
2026-01-12T06:10:45.456210,17.9,47.7,1
2026-01-12T06:10:47.710340,17.9,47.6,1
2026-01-12T06:10:49.964771,17.9,47.6,1
2026-01-12T06:10:52.219160,17.9,47.6,1
2026-01-12T06:10:54.473510,17.9,47.5,1
2026-01-12T06:10:56.727918,17.9,47.5,1
2026-01-12T06:10:58.982532,17.9,47.5,0
2026-01-12T06:11:01.236641,17.9,47.5,0
2026-01-12T06:11:03.491408,17.9,47.6,0
2026-01-12T06:11:05.745853,17.9,47.6,0
2026-01-12T06:11:08.000227,17.9,47.6,0
2026-01-12T06:11:10.254943,17.9,47.6,0
2026-01-12T06:11:12.509409,17.9,47.6,0
2026-01-12T06:11:14.763739,17.9,47.6,1
2026-01-12T06:11:17.018506,17.9,47.7,1
2026-01-12T06:11:19.275173,17.9,47.7,1
2026-01-12T06:11:21.529758,17.9,47.7,1
2026-01-12T06:11:23.784493,17.9,47.7,1
2026-01-12T06:11:26.041018,17.9,47.9,1
2026-01-12T06:11:28.295360,17.9,47.9,1
2026-01-12T06:11:30.549990,17.9,47.9,1
2026-01-12T06:11:32.804146,17.9,47.9,1
2026-01-12T06:11:35.058623,17.9,47.9,1
2026-01-12T06:11:37.312771,17.9,47.9,1
2026-01-12T06:11:39.567144,17.9,47.9,1
2026-01-12T06:11:41.821522,17.9,47.9,1
2026-01-12T06:11:44.076109,17.9,47.9,1
2026-01-12T06:11:46.330765,17.9,47.9,1
2026-01-12T06:11:48.585504,17.9,47.9,1
2026-01-12T06:11:50.840032,17.9,47.8,1
2026-01-12T06:11:53.094671,17.9,47.8,1
2026-01-12T06:11:55.348910,17.9,47.8,0
2026-01-12T06:11:57.603403,17.9,47.8,0
2026-01-12T06:11:59.857966,17.9,47.7,0
2026-01-12T06:12:02.111981,17.9,47.7,0
2026-01-12T06:12:04.366720,17.9,47.7,0
2026-01-12T06:12:06.621224,17.9,47.7,0
2026-01-12T06:12:08.875423,17.9,47.7,0
2026-01-12T06:12:11.130186,17.9,47.7,1
2026-01-12T06:12:13.384576,17.9,47.7,1
2026-01-12T06:12:15.639259,17.9,47.7,1
2026-01-12T06:12:17.893778,17.9,47.7,1
2026-01-12T06:12:20.148378,17.9,47.7,1
2026-01-12T06:12:22.402940,17.9,47.7,1
2026-01-12T06:12:24.657805,17.9,47.7,1
2026-01-12T06:12:26.912257,17.9,47.7,1
2026-01-12T06:12:29.166830,17.9,47.7,1
2026-01-12T06:12:31.421409,17.9,47.7,1
2026-01-12T06:12:33.675926,17.9,47.7,1
2026-01-12T06:12:35.930414,17.9,47.7,1
2026-01-12T06:12:38.184858,17.9,47.7,1
2026-01-12T06:12:40.439258,17.9,47.7,1
2026-01-12T06:12:42.693890,17.9,47.7,1
2026-01-12T06:12:44.948393,17.9,47.7,1
2026-01-12T06:12:47.202938,17.9,47.7,1
2026-01-12T06:12:49.457284,17.9,47.8,1
2026-01-12T06:12:51.712087,17.9,47.8,0
2026-01-12T06:12:53.966747,17.9,47.9,0
2026-01-12T06:12:56.221126,17.9,47.9,0
2026-01-12T06:12:58.475531,17.9,47.9,0
2026-01-12T06:13:00.730247,17.9,47.9,0
2026-01-12T06:13:02.984391,17.9,48.0,0
2026-01-12T06:13:05.239121,17.9,48.0,0
2026-01-12T06:13:07.493649,17.9,48.0,1
2026-01-12T06:13:09.747959,17.9,48.0,1
2026-01-12T06:13:12.002691,17.9,47.9,1
2026-01-12T06:13:14.256966,17.9,47.9,1
2026-01-12T06:13:16.511402,17.9,47.9,1
2026-01-12T06:13:18.766187,17.9,47.8,1
2026-01-12T06:13:21.020784,17.9,47.8,1
2026-01-12T06:13:23.275229,17.9,47.8,1
2026-01-12T06:13:25.529825,17.9,47.8,1
2026-01-12T06:13:27.784397,17.9,47.7,1
2026-01-12T06:13:30.038997,17.9,47.7,1
2026-01-12T06:13:32.293514,17.9,47.7,1
2026-01-12T06:13:34.548092,17.9,47.7,1
2026-01-12T06:13:36.802582,17.9,47.7,1
2026-01-12T06:13:39.056859,17.9,47.7,1
2026-01-12T06:13:41.311258,17.9,47.7,1
2026-01-12T06:13:43.565776,17.9,47.7,1
2026-01-12T06:13:45.820073,17.9,47.7,1
2026-01-12T06:13:48.074696,17.9,47.8,0
2026-01-12T06:13:50.328720,17.9,47.8,0
2026-01-12T06:13:52.583673,17.9,47.8,0
2026-01-12T06:13:54.838236,17.9,47.8,0
2026-01-12T06:13:57.092534,17.9,47.8,0
2026-01-12T06:13:59.347256,17.9,47.8,0
2026-01-12T06:14:01.601793,17.9,47.8,0
2026-01-12T06:14:03.856318,17.9,47.8,1
2026-01-12T06:14:06.111094,17.9,47.8,1
2026-01-12T06:14:08.365623,17.9,47.8,1
2026-01-12T06:14:10.620064,17.9,47.8,1
2026-01-12T06:14:12.874672,17.9,47.8,1
2026-01-12T06:14:15.128903,17.9,47.7,1
2026-01-12T06:14:17.383131,17.9,47.8,1
2026-01-12T06:14:19.637879,17.9,47.7,1
2026-01-12T06:14:21.892381,17.9,47.7,1
2026-01-12T06:14:24.147000,17.9,47.7,1
2026-01-12T06:14:26.401267,17.9,47.7,1
2026-01-12T06:14:28.655412,17.9,47.7,1
2026-01-12T06:14:30.909960,17.9,47.7,1
2026-01-12T06:14:33.164052,17.9,47.7,1
2026-01-12T06:14:35.418605,17.9,47.7,1
2026-01-12T06:14:37.672913,17.9,47.7,1
2026-01-12T06:14:39.927409,17.9,47.7,1
2026-01-12T06:14:42.182025,17.9,47.6,1
2026-01-12T06:14:44.436226,17.9,47.6,0
2026-01-12T06:14:46.691073,17.9,47.6,0
2026-01-12T06:14:48.945535,17.9,47.6,0
2026-01-12T06:14:51.199799,17.9,47.5,0
2026-01-12T06:14:53.454535,17.9,47.4,0
2026-01-12T06:14:55.708802,17.9,47.4,0
2026-01-12T06:14:57.962880,17.9,47.4,0
2026-01-12T06:15:00.217664,17.9,47.4,1
2026-01-12T06:15:02.471872,17.9,47.4,1
2026-01-12T06:15:04.726391,17.9,47.4,1
2026-01-12T06:15:06.980748,17.9,47.4,1
2026-01-12T06:15:09.234814,17.9,47.5,1
2026-01-12T06:15:11.489320,17.9,47.5,1
2026-01-12T06:15:13.743681,17.9,47.5,1
2026-01-12T06:15:15.998316,17.9,47.5,1
2026-01-12T06:15:18.252479,17.9,47.5,1
2026-01-12T06:15:20.507261,17.9,47.5,1
2026-01-12T06:15:22.761933,17.9,47.5,1
2026-01-12T06:15:25.016051,17.9,47.5,1
2026-01-12T06:15:27.270584,17.9,47.5,1
2026-01-12T06:15:29.525301,17.9,47.6,1
2026-01-12T06:15:31.779805,17.9,47.6,1
2026-01-12T06:15:34.034552,17.9,47.5,1
2026-01-12T06:15:36.288728,17.9,47.6,1
2026-01-12T06:15:38.543109,17.9,47.6,1
2026-01-12T06:15:40.797809,17.9,47.7,0
2026-01-12T06:15:43.052385,17.9,47.7,0
2026-01-12T06:15:45.307033,17.9,47.8,0
2026-01-12T06:15:47.561685,17.9,47.8,0
2026-01-12T06:15:49.816020,17.9,47.8,0
2026-01-12T06:15:52.070606,17.9,47.7,0
2026-01-12T06:15:54.325072,17.9,47.7,0
2026-01-12T06:15:56.579317,17.9,47.7,1
2026-01-12T06:15:58.833718,17.9,47.7,1
2026-01-12T06:16:01.088114,17.9,47.7,1
2026-01-12T06:16:03.342734,17.9,47.7,1
2026-01-12T06:16:05.597128,17.9,47.7,1
2026-01-12T06:16:07.851697,17.9,47.7,1
2026-01-12T06:16:10.106167,17.9,47.7,1
2026-01-12T06:16:12.360657,17.9,47.7,1
2026-01-12T06:16:14.615489,17.9,47.7,1
2026-01-12T06:16:16.871824,17.9,47.7,1
2026-01-12T06:16:19.126236,17.9,47.7,1
2026-01-12T06:16:21.380886,17.9,47.7,1
2026-01-12T06:16:23.637654,17.9,47.6,1
2026-01-12T06:16:25.891943,17.9,47.6,1
2026-01-12T06:16:28.146558,17.9,47.7,1
2026-01-12T06:16:30.400859,17.9,47.7,1
2026-01-12T06:16:32.655161,17.9,47.7,1
2026-01-12T06:16:34.909596,17.9,47.7,1
2026-01-12T06:16:37.163975,17.9,47.7,0
2026-01-12T06:16:39.418473,17.9,47.7,0
2026-01-12T06:16:41.672992,17.9,47.7,0
2026-01-12T06:16:43.927383,17.9,47.6,0
2026-01-12T06:16:46.181710,17.9,47.7,0
2026-01-12T06:16:48.436382,17.9,47.6,0
2026-01-12T06:16:50.691092,17.9,47.5,0
2026-01-12T06:16:52.945458,17.9,47.5,1
2026-01-12T06:16:55.199998,17.9,47.5,1
2026-01-12T06:16:57.454548,17.9,47.4,1
2026-01-12T06:16:59.709110,17.9,47.5,1
2026-01-12T06:17:01.963513,17.9,47.4,1
2026-01-12T06:17:04.218095,17.9,47.5,1
2026-01-12T06:17:06.472395,17.9,47.4,1
2026-01-12T06:17:08.727337,17.9,47.4,1
2026-01-12T06:17:10.981947,17.9,47.4,1
2026-01-12T06:17:13.236494,17.9,47.4,1
2026-01-12T06:17:15.491306,17.9,47.4,1
2026-01-12T06:17:17.745938,17.9,47.4,1
2026-01-12T06:17:20.000292,17.9,47.5,1
2026-01-12T06:17:22.255065,17.9,47.4,1
2026-01-12T06:17:24.510752,17.9,47.4,1
2026-01-12T06:17:26.765268,17.9,47.5,1
2026-01-12T06:17:29.019645,17.9,47.5,1
2026-01-12T06:17:31.274181,17.9,47.5,1
2026-01-12T06:17:33.528695,17.9,47.5,0
2026-01-12T06:17:35.783439,17.9,47.5,0
2026-01-12T06:17:38.038010,17.9,47.5,0
2026-01-12T06:17:40.292266,17.9,47.6,0
2026-01-12T06:17:42.547177,17.9,47.6,0
2026-01-12T06:17:44.801682,17.9,47.6,0
2026-01-12T06:17:47.055951,17.9,47.6,0
2026-01-12T06:17:49.310677,17.9,47.6,1
2026-01-12T06:17:51.565250,17.9,47.6,1
2026-01-12T06:17:53.819641,17.9,47.6,1
2026-01-12T06:17:56.074303,17.9,47.6,1
2026-01-12T06:17:58.328513,17.9,47.6,1
2026-01-12T06:18:00.582653,17.9,47.6,1
2026-01-12T06:18:02.837259,17.9,47.6,1
2026-01-12T06:18:05.091692,17.9,47.6,1
2026-01-12T06:18:07.346192,17.9,47.5,1
2026-01-12T06:18:09.600840,17.9,47.5,1
2026-01-12T06:18:11.855363,17.9,47.5,1
2026-01-12T06:18:14.109746,17.9,47.4,1
2026-01-12T06:18:16.363949,17.9,47.4,1
2026-01-12T06:18:18.618625,17.9,47.4,1
2026-01-12T06:18:20.873021,17.9,47.4,1
2026-01-12T06:18:23.127670,17.9,47.3,1
2026-01-12T06:18:25.382223,17.9,47.2,1
2026-01-12T06:18:27.636527,17.9,47.2,1
2026-01-12T06:18:29.891195,17.9,47.2,0
2026-01-12T06:18:32.145779,17.9,47.2,0
2026-01-12T06:18:34.400183,17.9,47.2,0
2026-01-12T06:18:36.654961,17.9,47.1,0
2026-01-12T06:18:38.909593,17.9,47.1,0
2026-01-12T06:18:41.163562,17.9,47.1,0
2026-01-12T06:18:43.418296,17.9,47.1,0
2026-01-12T06:18:45.672460,17.9,47.1,1
2026-01-12T06:18:47.927006,17.9,47.1,1
2026-01-12T06:18:50.181643,17.9,47.0,1
2026-01-12T06:18:52.435765,17.9,47.0,1
2026-01-12T06:18:54.690336,17.9,47.0,1
2026-01-12T06:18:56.944791,17.9,47.0,1
2026-01-12T06:18:59.198928,17.9,47.0,1
2026-01-12T06:19:01.453108,17.9,47.0,1
2026-01-12T06:19:03.707631,17.9,47.0,1
2026-01-12T06:19:05.962155,17.9,47.0,1
2026-01-12T06:19:08.216608,17.9,47.0,1
2026-01-12T06:19:10.471331,17.9,47.0,1
2026-01-12T06:19:12.725815,17.9,47.0,1
2026-01-12T06:19:14.980277,17.9,47.0,1
2026-01-12T06:19:17.234981,17.9,47.0,1
2026-01-12T06:19:19.489567,17.9,47.0,1
2026-01-12T06:19:21.743968,17.9,47.0,1
2026-01-12T06:19:23.998700,17.9,47.0,1
2026-01-12T06:19:26.252851,17.9,47.0,0
2026-01-12T06:19:28.507252,17.9,47.0,0
2026-01-12T06:19:30.761611,17.9,47.0,0
2026-01-12T06:19:33.016040,17.9,47.0,0
2026-01-12T06:19:35.270529,17.9,47.0,0
2026-01-12T06:19:37.525187,17.9,46.9,0
2026-01-12T06:19:39.779517,17.9,47.0,0
2026-01-12T06:19:42.033988,17.9,47.0,1
2026-01-12T06:19:44.288644,17.9,47.0,1
2026-01-12T06:19:46.543276,17.9,47.0,1
2026-01-12T06:19:48.797671,17.9,47.1,1
2026-01-12T06:19:51.052327,17.9,47.1,1
2026-01-12T06:19:53.306833,17.9,47.2,1
2026-01-12T06:19:55.561352,17.9,47.2,1
2026-01-12T06:19:57.815949,17.9,47.2,1
2026-01-12T06:20:00.070520,17.9,47.2,1
2026-01-12T06:20:02.324808,17.9,47.2,1
2026-01-12T06:20:04.579195,17.9,47.2,1
2026-01-12T06:20:06.833693,17.9,47.2,1
2026-01-12T06:20:09.088071,17.9,47.2,1
2026-01-12T06:20:11.342732,17.9,47.2,1
2026-01-12T06:20:13.598624,17.9,47.2,1
2026-01-12T06:20:15.852819,17.9,47.2,1
2026-01-12T06:20:18.107489,17.9,47.2,1
2026-01-12T06:20:20.361970,17.9,47.2,1
2026-01-12T06:20:22.616513,17.9,47.2,1
2026-01-12T06:20:24.871248,17.9,47.2,0
2026-01-12T06:20:27.126868,17.9,47.2,0
2026-01-12T06:20:29.381089,17.9,47.2,0
2026-01-12T06:20:31.635838,17.9,47.3,0
2026-01-12T06:20:33.890431,17.9,47.3,0
2026-01-12T06:20:36.144928,17.9,47.3,0
2026-01-12T06:20:38.399432,17.9,47.3,1
2026-01-12T06:20:40.653921,17.9,47.3,1
2026-01-12T06:20:42.908351,17.9,47.3,1
2026-01-12T06:20:45.163025,17.9,47.3,1
2026-01-12T06:20:47.417482,17.9,47.4,1
2026-01-12T06:20:49.671846,17.9,47.4,1
2026-01-12T06:20:51.926549,17.9,47.4,1
2026-01-12T06:20:54.181053,17.9,47.4,1
2026-01-12T06:20:56.435432,17.9,47.4,1
2026-01-12T06:20:58.690070,17.9,47.4,1
2026-01-12T06:21:00.944367,17.9,47.4,1
2026-01-12T06:21:03.198863,17.9,47.5,1
2026-01-12T06:21:05.453333,17.9,47.5,1
2026-01-12T06:21:07.707937,17.9,47.5,1
2026-01-12T06:21:09.962050,17.9,47.5,1
2026-01-12T06:21:12.216608,17.9,47.5,1
2026-01-12T06:21:14.471256,17.9,47.6,1
2026-01-12T06:21:16.725691,17.9,47.5,1
2026-01-12T06:21:18.980240,17.9,47.5,1
2026-01-12T06:21:21.234839,17.9,47.5,0
2026-01-12T06:21:23.489340,17.9,47.4,0
2026-01-12T06:21:25.744003,17.9,47.5,0
2026-01-12T06:21:27.998566,17.9,47.5,0
2026-01-12T06:21:30.253006,17.9,47.4,0
2026-01-12T06:21:32.507421,17.9,47.5,0
2026-01-12T06:21:34.762137,17.9,47.5,1
2026-01-12T06:21:37.016145,17.9,47.5,1
2026-01-12T06:21:39.270984,17.9,47.5,1
2026-01-12T06:21:41.525721,17.9,47.5,1
2026-01-12T06:21:43.780063,17.9,47.5,1
2026-01-12T06:21:46.034751,17.9,47.5,1
2026-01-12T06:21:48.289345,17.9,47.5,1
2026-01-12T06:21:50.543757,17.9,47.5,1
2026-01-12T06:21:52.798474,17.9,47.5,1
2026-01-12T06:21:55.052914,17.9,47.5,1
2026-01-12T06:21:57.307120,17.9,47.5,1
2026-01-12T06:21:59.561785,17.9,47.5,1
2026-01-12T06:22:01.815965,17.9,47.5,1
2026-01-12T06:22:04.070365,17.9,47.4,1
2026-01-12T06:22:06.325012,17.9,47.4,1
2026-01-12T06:22:08.579233,17.9,47.4,1
2026-01-12T06:22:10.833769,17.9,47.4,1
2026-01-12T06:22:13.087967,17.9,47.3,1
2026-01-12T06:22:15.342520,17.9,47.3,1
2026-01-12T06:22:17.596755,17.9,47.3,0
2026-01-12T06:22:19.851443,17.9,47.3,0
2026-01-12T06:22:22.105970,17.9,47.4,0
2026-01-12T06:22:24.360219,17.9,47.4,0
2026-01-12T06:22:26.615158,17.9,47.4,0
2026-01-12T06:22:28.869403,17.9,47.4,0
2026-01-12T06:22:31.123611,17.9,47.5,1
2026-01-12T06:22:33.378276,17.9,47.5,1
2026-01-12T06:22:35.632570,17.9,47.5,1
2026-01-12T06:22:37.887102,17.9,47.4,1
2026-01-12T06:22:40.141656,17.9,47.5,1
2026-01-12T06:22:42.395993,17.9,47.6,1
2026-01-12T06:22:44.650666,17.9,47.5,1
2026-01-12T06:22:46.905179,17.9,47.5,1
2026-01-12T06:22:49.159483,17.9,47.5,1
2026-01-12T06:22:51.413887,17.9,47.5,1
2026-01-12T06:22:53.668128,17.9,47.4,1
2026-01-12T06:22:55.922775,17.9,47.5,1
2026-01-12T06:22:58.176858,17.9,47.4,1
2026-01-12T06:23:00.431476,17.9,47.4,1
2026-01-12T06:23:02.686090,17.9,47.5,1
2026-01-12T06:23:04.940491,17.9,47.4,1
2026-01-12T06:23:07.195282,17.9,47.4,1
2026-01-12T06:23:09.449750,17.9,47.4,1
2026-01-12T06:23:11.704276,17.9,47.4,1
2026-01-12T06:23:13.959137,17.9,47.4,0
2026-01-12T06:23:16.215490,17.9,47.4,0
2026-01-12T06:23:18.470007,17.9,47.4,0
2026-01-12T06:23:20.724269,17.9,47.4,0
2026-01-12T06:23:22.978787,17.9,47.5,0
2026-01-12T06:23:25.232858,17.9,47.4,0
2026-01-12T06:23:27.487475,17.9,47.4,1
2026-01-12T06:23:29.742114,17.9,47.4,1
2026-01-12T06:23:31.996406,17.9,47.4,1
2026-01-12T06:23:34.251113,17.9,47.4,1
2026-01-12T06:23:36.505758,17.9,47.5,1
2026-01-12T06:23:38.759988,17.9,47.5,1
2026-01-12T06:23:41.014667,17.9,47.5,1
2026-01-12T06:23:43.268807,17.9,47.5,1
2026-01-12T06:23:45.522971,17.9,47.4,1
2026-01-12T06:23:47.777683,17.9,47.5,1
2026-01-12T06:23:50.031980,17.9,47.5,1
2026-01-12T06:23:52.286475,17.9,47.5,1
2026-01-12T06:23:54.541027,17.9,47.5,1
2026-01-12T06:23:56.795317,17.9,47.5,1
2026-01-12T06:23:59.049740,17.9,47.5,1
2026-01-12T06:24:01.304189,17.9,47.4,1
2026-01-12T06:24:03.558858,17.9,47.4,1
2026-01-12T06:24:05.813094,17.9,47.4,1
2026-01-12T06:24:08.067687,17.9,47.4,1
2026-01-12T06:24:10.322267,17.9,47.4,0
2026-01-12T06:24:12.576490,17.9,47.4,0
2026-01-12T06:24:14.831252,17.9,47.4,0
2026-01-12T06:24:17.085500,17.9,47.4,0
2026-01-12T06:24:19.339902,17.9,47.5,0
2026-01-12T06:24:21.594580,17.9,47.4,0
2026-01-12T06:24:23.850501,17.9,47.4,1
2026-01-12T06:24:26.104793,17.9,47.4,1
2026-01-12T06:24:28.359332,17.9,47.4,1
2026-01-12T06:24:30.614027,17.9,47.4,1
2026-01-12T06:24:32.868265,17.9,47.4,1
2026-01-12T06:24:35.123018,17.9,47.3,1
2026-01-12T06:24:37.377349,17.9,47.4,1
2026-01-12T06:24:39.631841,17.9,47.4,1
2026-01-12T06:24:41.886428,17.9,47.3,1
2026-01-12T06:24:44.140504,17.9,47.3,1
2026-01-12T06:24:46.395046,17.9,47.3,1
2026-01-12T06:24:48.649452,17.9,47.3,1
2026-01-12T06:24:50.903731,17.9,47.3,1
2026-01-12T06:24:53.158226,17.9,47.2,1
2026-01-12T06:24:55.412668,17.9,47.2,1
2026-01-12T06:24:57.667162,17.9,47.1,1
2026-01-12T06:24:59.921584,17.9,47.1,1
2026-01-12T06:25:02.176251,17.9,47.2,1
2026-01-12T06:25:04.430944,17.9,47.2,1
2026-01-12T06:25:06.685548,17.9,47.1,0
2026-01-12T06:25:08.940012,17.9,47.2,0
2026-01-12T06:25:11.196549,17.9,47.2,0
2026-01-12T06:25:13.451045,17.9,47.2,0
2026-01-12T06:25:15.705808,17.8,47.1,0
2026-01-12T06:25:17.960512,17.9,47.2,0
2026-01-12T06:25:20.215138,17.8,47.2,1
2026-01-12T06:25:22.469797,17.9,47.3,1
2026-01-12T06:25:24.724507,17.9,47.2,1
2026-01-12T06:25:26.979125,17.9,47.2,1
2026-01-12T06:25:29.233857,17.9,47.2,1
2026-01-12T06:25:31.488374,17.9,47.2,1
2026-01-12T06:25:33.743049,17.9,47.1,1
2026-01-12T06:25:35.997702,17.9,47.1,1
2026-01-12T06:25:38.254375,17.9,47.1,1
2026-01-12T06:25:40.508882,17.9,47.0,1
2026-01-12T06:25:42.763654,17.9,47.0,1
2026-01-12T06:25:45.018071,17.9,47.0,1
2026-01-12T06:25:47.272474,17.9,47.0,1
2026-01-12T06:25:49.527332,17.9,47.0,1
2026-01-12T06:25:51.781885,17.9,47.0,1
2026-01-12T06:25:54.036391,17.9,47.0,1
2026-01-12T06:25:56.291246,17.9,47.0,1
2026-01-12T06:25:58.545882,17.9,46.9,1
2026-01-12T06:26:00.800483,17.8,46.9,1
2026-01-12T06:26:03.055223,17.9,47.0,0
2026-01-12T06:26:05.309668,17.9,47.1,0
2026-01-12T06:26:07.564158,17.9,47.1,0
2026-01-12T06:26:09.818848,17.9,47.1,0
2026-01-12T06:26:12.073367,17.9,47.2,0
2026-01-12T06:26:14.327537,17.9,47.2,0
2026-01-12T06:26:16.582137,17.9,47.2,1
2026-01-12T06:26:18.836737,17.9,47.1,1
2026-01-12T06:26:21.090677,17.9,47.2,1
2026-01-12T06:26:23.345359,17.9,47.2,1
2026-01-12T06:26:25.599551,17.9,47.2,1
2026-01-12T06:26:27.854037,17.8,47.1,1
2026-01-12T06:26:30.108424,17.9,47.2,1
2026-01-12T06:26:32.363073,17.9,47.2,1
2026-01-12T06:26:34.617636,17.9,47.2,1
2026-01-12T06:26:36.872378,17.9,47.2,1
2026-01-12T06:26:39.127050,17.9,47.2,1
2026-01-12T06:26:41.381484,17.9,47.2,1
2026-01-12T06:26:43.636183,17.9,47.2,1
2026-01-12T06:26:45.890790,17.9,47.2,1
2026-01-12T06:26:48.145115,17.9,47.2,1
2026-01-12T06:26:50.399719,17.8,47.2,1
2026-01-12T06:26:52.654329,17.8,47.1,1
2026-01-12T06:26:54.908767,17.9,47.2,1
2026-01-12T06:26:57.162841,17.9,47.2,1
2026-01-12T06:26:59.417326,17.9,47.2,0
2026-01-12T06:27:01.671481,17.9,47.2,0
2026-01-12T06:27:03.926244,17.9,47.3,0
2026-01-12T06:27:06.180219,17.9,47.2,0
2026-01-12T06:27:08.434752,17.9,47.2,0
2026-01-12T06:27:10.689286,17.9,47.2,0
2026-01-12T06:27:12.943701,17.9,47.1,0
2026-01-12T06:27:15.198097,17.9,47.0,1
2026-01-12T06:27:17.452345,17.8,47.0,1
2026-01-12T06:27:19.707065,17.9,47.0,1
2026-01-12T06:27:21.961543,17.9,46.9,1
2026-01-12T06:27:24.215831,17.9,46.9,1
2026-01-12T06:27:26.470395,17.8,46.9,1
2026-01-12T06:27:28.724456,17.8,46.9,1
2026-01-12T06:27:30.979257,17.9,46.9,1
2026-01-12T06:27:33.233772,17.9,46.9,1
2026-01-12T06:27:35.488142,17.9,46.9,1
2026-01-12T06:27:37.742880,17.9,46.9,1
2026-01-12T06:27:39.997523,17.8,46.9,1
2026-01-12T06:27:42.251448,17.9,46.9,1
2026-01-12T06:27:44.506230,17.8,46.9,1
2026-01-12T06:27:46.760796,17.9,47.0,1
2026-01-12T06:27:49.015214,17.9,47.0,1
2026-01-12T06:27:51.269810,17.8,46.9,1
2026-01-12T06:27:53.524349,17.9,47.0,1
2026-01-12T06:27:55.778969,17.9,47.0,0
2026-01-12T06:27:58.033597,17.8,46.9,0
2026-01-12T06:28:00.288136,17.9,47.0,0
2026-01-12T06:28:02.542734,17.9,47.0,0
2026-01-12T06:28:04.797264,17.9,47.0,0
2026-01-12T06:28:07.051675,17.9,47.0,0
2026-01-12T06:28:09.306175,17.9,47.0,0
2026-01-12T06:28:11.560787,17.9,47.0,1
2026-01-12T06:28:13.815068,17.9,47.0,1
2026-01-12T06:28:16.069556,17.8,47.0,1
2026-01-12T06:28:18.323929,17.8,46.9,1
2026-01-12T06:28:20.578563,17.9,47.0,1
2026-01-12T06:28:22.832948,17.8,46.9,1
2026-01-12T06:28:25.087681,17.8,46.9,1
2026-01-12T06:28:27.342264,17.9,47.0,1
2026-01-12T06:28:29.596569,17.8,47.0,1
2026-01-12T06:28:31.851186,17.9,47.0,1
2026-01-12T06:28:34.105668,17.9,47.0,1
2026-01-12T06:28:36.360116,17.9,47.0,1
2026-01-12T06:28:38.614770,17.9,47.0,1
2026-01-12T06:28:40.871127,17.8,47.0,1
2026-01-12T06:28:43.125653,17.9,47.0,1
2026-01-12T06:28:45.379922,17.9,47.0,1
2026-01-12T06:28:47.634615,17.8,47.0,1
2026-01-12T06:28:49.888914,17.9,47.0,1
2026-01-12T06:28:52.143607,17.9,47.0,0
2026-01-12T06:28:54.398204,17.9,47.0,0
2026-01-12T06:28:56.652331,17.9,47.0,0
2026-01-12T06:28:58.907004,17.9,47.0,0
2026-01-12T06:29:01.161176,17.8,47.0,0
2026-01-12T06:29:03.415416,17.9,47.0,0
2026-01-12T06:29:05.669955,17.9,47.1,0
2026-01-12T06:29:07.924367,17.9,47.1,1
2026-01-12T06:29:10.178988,17.8,47.0,1
2026-01-12T06:29:12.433573,17.9,47.1,1
2026-01-12T06:29:14.688163,17.8,47.0,1
2026-01-12T06:29:16.942588,17.8,47.0,1
2026-01-12T06:29:19.197069,17.9,47.0,1
2026-01-12T06:29:21.451257,17.9,47.1,1
2026-01-12T06:29:23.705749,17.8,47.1,1
2026-01-12T06:29:25.960369,17.8,47.0,1
2026-01-12T06:29:28.215035,17.9,47.1,1
2026-01-12T06:29:30.469378,17.9,47.1,1
2026-01-12T06:29:32.723753,17.9,47.1,1
2026-01-12T06:29:34.980198,17.8,47.0,1
2026-01-12T06:29:37.234710,17.9,47.0,1
2026-01-12T06:29:39.489126,17.9,47.1,1
2026-01-12T06:29:41.743581,17.9,47.1,1
2026-01-12T06:29:43.998098,17.8,47.0,1
2026-01-12T06:29:46.252670,17.9,47.1,1
2026-01-12T06:29:48.508643,17.8,47.1,0
2026-01-12T06:29:50.763278,17.9,47.1,0
2026-01-12T06:29:53.017923,17.9,47.1,0
2026-01-12T06:29:55.272503,17.8,47.0,0
2026-01-12T06:29:57.527129,17.9,47.1,0
2026-01-12T06:29:59.781907,17.8,47.0,0
2026-01-12T06:30:02.036440,17.9,47.1,0
2026-01-12T06:30:04.291013,17.8,47.0,1
2026-01-12T06:30:06.545787,17.8,47.0,1
2026-01-12T06:30:08.800197,17.8,47.0,1
2026-01-12T06:30:11.054725,17.8,47.0,1
2026-01-12T06:30:13.309404,17.9,47.1,1
2026-01-12T06:30:15.564098,17.9,47.1,1
2026-01-12T06:30:17.818640,17.9,47.1,1
2026-01-12T06:30:20.073374,17.8,47.1,1
2026-01-12T06:30:22.327816,17.8,47.1,1
2026-01-12T06:30:24.581930,17.9,47.1,1
2026-01-12T06:30:26.836451,17.9,47.2,1
2026-01-12T06:30:29.091134,17.8,47.1,1
2026-01-12T06:30:31.345596,17.8,47.1,1
2026-01-12T06:30:33.600129,17.8,47.1,1
2026-01-12T06:30:35.854778,17.9,47.1,1
2026-01-12T06:30:38.109253,17.8,47.1,1
2026-01-12T06:30:40.363939,17.9,47.2,1
2026-01-12T06:30:42.619805,17.9,47.2,1
2026-01-12T06:30:44.874371,17.9,47.2,0
2026-01-12T06:30:47.129025,17.9,47.2,0
2026-01-12T06:30:49.383136,17.9,47.1,0
2026-01-12T06:30:51.637689,17.9,47.2,0
2026-01-12T06:30:53.892181,17.9,47.2,0
2026-01-12T06:30:56.146700,17.9,47.2,0
2026-01-12T06:30:58.401156,17.9,47.2,0
2026-01-12T06:31:00.655558,17.9,47.2,1
2026-01-12T06:31:02.910183,17.8,47.2,1
2026-01-12T06:31:05.164174,17.9,47.2,1
2026-01-12T06:31:07.418987,17.8,47.1,1
2026-01-12T06:31:09.673097,17.8,47.1,1
2026-01-12T06:31:11.927138,17.8,47.2,1
2026-01-12T06:31:14.181804,17.9,47.2,1
2026-01-12T06:31:16.436113,17.8,47.1,1
2026-01-12T06:31:18.690713,17.9,47.2,1
2026-01-12T06:31:20.944871,17.9,47.2,1
2026-01-12T06:31:23.199091,17.8,47.2,1
2026-01-12T06:31:25.453348,17.8,47.2,1
2026-01-12T06:31:27.707685,17.9,47.2,1
2026-01-12T06:31:29.962210,17.9,47.2,1
2026-01-12T06:31:32.216209,17.8,47.2,1
2026-01-12T06:31:34.470953,17.8,47.2,1
2026-01-12T06:31:36.725445,17.8,47.1,1
2026-01-12T06:31:38.979368,17.9,47.2,1
2026-01-12T06:31:41.233858,17.9,47.2,0
2026-01-12T06:31:43.487983,17.9,47.2,0
2026-01-12T06:31:45.742597,17.9,47.2,0
2026-01-12T06:31:47.997340,17.9,47.2,0
2026-01-12T06:31:50.251997,17.9,47.2,0
2026-01-12T06:31:52.506520,17.9,47.2,0
2026-01-12T06:31:54.760811,17.9,47.2,0
2026-01-12T06:31:57.014842,17.8,47.2,1
2026-01-12T06:31:59.269076,17.8,47.2,1
2026-01-12T06:32:01.523345,17.8,47.1,1
2026-01-12T06:32:03.777828,17.9,47.2,1
2026-01-12T06:32:06.032205,17.9,47.2,1
2026-01-12T06:32:08.286963,17.8,47.1,1
2026-01-12T06:32:10.541586,17.9,47.2,1
2026-01-12T06:32:12.795519,17.9,47.2,1
2026-01-12T06:32:15.050140,17.9,47.2,1
2026-01-12T06:32:17.304292,17.9,47.2,1
2026-01-12T06:32:19.558862,17.8,47.2,1
2026-01-12T06:32:21.813438,17.9,47.2,1
2026-01-12T06:32:24.067614,17.9,47.2,1
2026-01-12T06:32:26.322078,17.9,47.2,1
2026-01-12T06:32:28.576703,17.9,47.2,1
2026-01-12T06:32:30.830957,17.9,47.2,1
2026-01-12T06:32:33.085234,17.9,47.2,1
2026-01-12T06:32:35.339571,17.9,47.2,1
2026-01-12T06:32:37.594287,17.9,47.2,0
2026-01-12T06:32:39.848236,17.9,47.2,0
2026-01-12T06:32:42.103053,17.9,47.2,0
2026-01-12T06:32:44.357641,17.9,47.2,0
2026-01-12T06:32:46.612015,17.8,47.1,0
2026-01-12T06:32:48.866744,17.9,47.2,0
2026-01-12T06:32:51.121196,17.9,47.2,0
2026-01-12T06:32:53.375457,17.8,47.1,1
2026-01-12T06:32:55.630231,17.9,47.2,1
2026-01-12T06:32:57.884349,17.9,47.2,1
2026-01-12T06:33:00.138937,17.8,47.1,1
2026-01-12T06:33:02.393458,17.8,47.1,1
2026-01-12T06:33:04.648185,17.8,47.1,1
2026-01-12T06:33:06.902690,17.9,47.2,1
2026-01-12T06:33:09.157055,17.9,47.2,1
2026-01-12T06:33:11.411257,17.8,47.1,1
2026-01-12T06:33:13.665867,17.9,47.2,1
2026-01-12T06:33:15.920315,17.9,47.2,1
2026-01-12T06:33:18.174987,17.9,47.1,1
2026-01-12T06:33:20.429362,17.8,47.0,1
2026-01-12T06:33:22.683845,17.8,47.0,1
2026-01-12T06:33:24.938434,17.9,47.0,1
2026-01-12T06:33:27.192848,17.9,47.0,1
2026-01-12T06:33:29.447009,17.9,46.9,1
2026-01-12T06:33:31.701618,17.8,46.9,1
2026-01-12T06:33:33.955568,17.8,46.9,0
2026-01-12T06:33:36.210181,17.9,46.9,0
2026-01-12T06:33:38.464300,17.9,46.9,0
2026-01-12T06:33:40.719074,17.9,46.9,0
2026-01-12T06:33:42.973599,17.8,46.9,0
2026-01-12T06:33:45.228018,17.9,47.0,0
2026-01-12T06:33:47.482597,17.9,46.9,0
2026-01-12T06:33:49.736922,17.9,46.9,1
2026-01-12T06:33:51.991414,17.8,47.0,1
2026-01-12T06:33:54.245796,17.8,46.9,1
2026-01-12T06:33:56.500041,17.8,46.9,1
2026-01-12T06:33:58.754740,17.9,47.0,1
2026-01-12T06:34:01.008841,17.8,47.0,1
2026-01-12T06:34:03.263363,17.9,47.0,1
2026-01-12T06:34:05.517485,17.9,47.0,1
2026-01-12T06:34:07.771862,17.9,47.0,1
2026-01-12T06:34:10.026463,17.9,47.0,1
2026-01-12T06:34:12.281072,17.9,47.0,1
2026-01-12T06:34:14.535617,17.9,47.1,1
2026-01-12T06:34:16.790274,17.9,47.1,1
2026-01-12T06:34:19.044393,17.9,47.1,1
2026-01-12T06:34:21.299000,17.8,47.1,1
2026-01-12T06:34:23.553576,17.8,47.1,1
2026-01-12T06:34:25.808113,17.9,47.0,1
2026-01-12T06:34:28.062578,17.9,47.0,1
2026-01-12T06:34:30.317151,17.8,47.0,0
2026-01-12T06:34:32.571587,17.9,47.0,0
2026-01-12T06:34:34.826086,17.9,47.0,0
2026-01-12T06:34:37.080686,17.8,47.0,0
2026-01-12T06:34:39.334974,17.8,46.9,0
2026-01-12T06:34:41.589377,17.9,47.0,0
2026-01-12T06:34:43.843623,17.9,47.0,0
2026-01-12T06:34:46.098069,17.8,46.9,1
2026-01-12T06:34:48.352206,17.8,46.9,1
2026-01-12T06:34:50.607051,17.9,46.9,1
2026-01-12T06:34:52.861419,17.9,46.9,1
2026-01-12T06:34:55.115741,17.9,46.9,1
2026-01-12T06:34:57.370391,17.9,46.9,1
2026-01-12T06:34:59.625002,17.9,47.0,1
2026-01-12T06:35:01.879288,17.9,46.9,1
2026-01-12T06:35:04.134007,17.9,47.0,1
2026-01-12T06:35:06.388486,17.8,47.0,1
2026-01-12T06:35:08.643114,17.9,47.0,1
2026-01-12T06:35:10.897846,17.9,47.0,1
2026-01-12T06:35:13.152161,17.8,46.9,1
2026-01-12T06:35:15.406721,17.8,46.9,1
2026-01-12T06:35:17.661236,17.8,46.9,1
2026-01-12T06:35:19.915650,17.9,46.9,1
2026-01-12T06:35:22.170066,17.9,46.9,1
2026-01-12T06:35:24.424604,17.9,46.9,1
2026-01-12T06:35:26.681170,17.9,46.9,0
2026-01-12T06:35:28.935278,17.8,46.9,0
2026-01-12T06:35:31.189926,17.9,46.9,0
2026-01-12T06:35:33.444265,17.9,46.9,0
2026-01-12T06:35:35.698817,17.9,47.0,0
2026-01-12T06:35:37.953457,17.9,47.0,0
2026-01-12T06:35:40.207960,17.9,47.0,0
2026-01-12T06:35:42.462520,17.8,46.9,1
2026-01-12T06:35:44.716885,17.9,47.0,1
2026-01-12T06:35:46.971460,17.9,47.0,1
2026-01-12T06:35:49.225940,17.9,47.0,1
2026-01-12T06:35:51.480577,17.8,47.0,1
2026-01-12T06:35:53.735280,17.9,47.1,1
2026-01-12T06:35:55.989760,17.8,47.0,1
2026-01-12T06:35:58.244099,17.9,47.1,1
2026-01-12T06:36:00.498733,17.9,47.1,1
2026-01-12T06:36:02.753092,17.9,47.1,1
2026-01-12T06:36:05.007431,17.8,47.0,1
2026-01-12T06:36:07.261922,17.9,47.1,1
2026-01-12T06:36:09.515974,17.8,47.0,1
2026-01-12T06:36:11.770741,17.9,47.0,1
2026-01-12T06:36:14.025206,17.9,47.1,1
2026-01-12T06:36:16.279434,17.9,47.1,1
2026-01-12T06:36:18.534233,17.8,47.0,1
2026-01-12T06:36:20.788580,17.9,47.1,1
2026-01-12T06:36:23.043093,17.9,47.1,0
2026-01-12T06:36:25.297819,17.9,47.0,0
2026-01-12T06:36:27.552412,17.8,47.1,0
2026-01-12T06:36:29.806996,17.8,47.1,0
2026-01-12T06:36:32.061639,17.8,47.1,0
2026-01-12T06:36:34.315776,17.9,47.2,0
2026-01-12T06:36:36.570275,17.9,47.2,0
2026-01-12T06:36:38.824948,17.8,47.2,1
2026-01-12T06:36:41.079350,17.8,47.2,1
2026-01-12T06:36:43.333749,17.9,47.2,1
2026-01-12T06:36:45.588244,17.9,47.2,1
2026-01-12T06:36:47.842971,17.9,47.2,1
2026-01-12T06:36:50.097457,17.8,47.2,1
2026-01-12T06:36:52.352152,17.8,47.2,1
2026-01-12T06:36:54.606929,17.8,47.1,1
2026-01-12T06:36:56.861481,17.8,47.2,1
2026-01-12T06:36:59.115721,17.9,47.2,1
2026-01-12T06:37:01.370241,17.9,47.2,1
2026-01-12T06:37:03.624803,17.9,47.2,1
2026-01-12T06:37:05.879116,17.8,47.1,1
2026-01-12T06:37:08.133729,17.8,47.1,1
2026-01-12T06:37:10.387811,17.9,47.2,1
2026-01-12T06:37:12.642599,17.9,47.2,1
2026-01-12T06:37:14.897170,17.9,47.2,1
2026-01-12T06:37:17.151353,17.9,47.2,1
2026-01-12T06:37:19.405922,17.9,47.1,0
2026-01-12T06:37:21.660350,17.8,47.1,0
2026-01-12T06:37:23.914931,17.8,47.1,0
2026-01-12T06:37:26.169449,17.9,47.1,0
2026-01-12T06:37:28.423822,17.8,47.1,0
2026-01-12T06:37:30.678434,17.9,47.2,0
2026-01-12T06:37:32.932620,17.8,47.1,0
2026-01-12T06:37:35.187240,17.9,47.1,1
2026-01-12T06:37:37.441702,17.9,47.2,1
2026-01-12T06:37:39.696387,17.9,47.2,1
2026-01-12T06:37:41.951048,17.9,47.2,1
2026-01-12T06:37:44.205593,17.9,47.2,1
2026-01-12T06:37:46.460078,17.9,47.2,1
2026-01-12T06:37:48.714779,17.9,47.2,1
2026-01-12T06:37:50.969025,17.8,47.1,1
2026-01-12T06:37:53.223479,17.8,47.1,1
2026-01-12T06:37:55.477956,17.8,47.1,1
2026-01-12T06:37:57.732230,17.9,47.2,1
2026-01-12T06:37:59.987066,17.9,47.2,1
2026-01-12T06:38:02.241637,17.8,47.1,1
2026-01-12T06:38:04.495964,17.9,47.2,1
2026-01-12T06:38:06.750738,17.8,47.1,1
2026-01-12T06:38:09.006999,17.8,47.1,1
2026-01-12T06:38:11.261410,17.8,47.1,1
2026-01-12T06:38:13.515635,17.8,47.1,1
2026-01-12T06:38:15.770242,17.8,47.1,0
2026-01-12T06:38:18.024233,17.8,47.1,0
2026-01-12T06:38:20.278935,17.8,47.1,0
2026-01-12T06:38:22.533480,17.9,47.2,0
2026-01-12T06:38:24.788018,17.8,47.0,0
2026-01-12T06:38:27.042711,17.9,47.1,0
2026-01-12T06:38:29.297193,17.9,47.1,0
2026-01-12T06:38:31.551750,17.9,47.1,1
2026-01-12T06:38:33.806349,17.9,47.0,1
2026-01-12T06:38:36.060752,17.9,47.1,1
2026-01-12T06:38:38.315236,17.9,47.1,1
2026-01-12T06:38:40.569789,17.8,47.0,1
2026-01-12T06:38:42.824250,17.9,47.1,1
2026-01-12T06:38:45.078788,17.9,47.1,1
2026-01-12T06:38:47.333502,17.9,47.0,1
2026-01-12T06:38:49.587819,17.8,47.0,1
2026-01-12T06:38:51.842206,17.8,47.0,1
2026-01-12T06:38:54.096716,17.8,47.0,1
2026-01-12T06:38:56.351011,17.9,47.0,1
2026-01-12T06:38:58.605378,17.8,46.9,1
2026-01-12T06:39:00.860091,17.8,46.8,1
2026-01-12T06:39:03.116608,17.9,46.9,1
2026-01-12T06:39:05.371140,17.9,46.9,1
2026-01-12T06:39:07.625659,17.9,46.8,1
2026-01-12T06:39:09.880220,17.8,46.8,1
2026-01-12T06:39:12.134732,17.8,46.8,0
2026-01-12T06:39:14.388864,17.9,46.9,0
2026-01-12T06:39:16.643088,17.8,46.8,0
2026-01-12T06:39:18.897328,17.8,46.8,0
2026-01-12T06:39:21.151460,17.9,46.9,0
2026-01-12T06:39:23.406101,17.8,46.8,0
2026-01-12T06:39:25.660108,17.9,46.9,0
2026-01-12T06:39:27.914963,17.8,46.9,1
2026-01-12T06:39:30.169334,17.8,46.9,1
2026-01-12T06:39:32.423521,17.8,46.9,1
2026-01-12T06:39:34.677821,17.8,46.9,1
2026-01-12T06:39:36.931873,17.9,46.9,1
2026-01-12T06:39:39.186332,17.8,46.9,1
2026-01-12T06:39:41.440433,17.8,46.8,1
2026-01-12T06:39:43.694561,17.8,46.8,1
2026-01-12T06:39:45.948739,17.9,46.8,1
2026-01-12T06:39:48.202885,17.9,46.8,1
2026-01-12T06:39:50.457412,17.8,46.7,1
2026-01-12T06:39:52.711440,17.9,46.7,1
2026-01-12T06:39:54.966199,17.9,46.8,1
2026-01-12T06:39:57.220236,17.9,46.8,1
2026-01-12T06:39:59.474650,17.9,46.8,1
2026-01-12T06:40:01.728924,17.8,46.7,1
2026-01-12T06:40:03.983350,17.9,46.8,1
2026-01-12T06:40:06.237570,17.9,46.7,1
2026-01-12T06:40:08.492223,17.9,46.7,0
2026-01-12T06:40:10.746885,17.8,46.7,0
2026-01-12T06:40:13.000889,17.8,46.7,0
2026-01-12T06:40:15.255333,17.9,46.7,0
2026-01-12T06:40:17.509754,17.9,46.8,0
2026-01-12T06:40:19.764019,17.8,46.7,0
2026-01-12T06:40:22.018571,17.9,46.8,0
2026-01-12T06:40:24.272862,17.8,46.8,1
2026-01-12T06:40:26.527442,17.8,46.8,1
2026-01-12T06:40:28.781939,17.8,46.8,1
2026-01-12T06:40:31.036042,17.9,46.9,1
2026-01-12T06:40:33.290490,17.8,46.8,1
2026-01-12T06:40:35.545173,17.8,46.8,1
2026-01-12T06:40:37.799230,17.8,46.8,1
2026-01-12T06:40:40.053668,17.8,46.8,1
2026-01-12T06:40:42.307868,17.8,46.8,1
2026-01-12T06:40:44.562510,17.9,46.9,1
2026-01-12T06:40:46.816950,17.9,46.9,1
2026-01-12T06:40:49.071277,17.8,46.8,1
2026-01-12T06:40:51.325647,17.8,46.8,1
2026-01-12T06:40:53.580061,17.9,46.9,1
2026-01-12T06:40:55.834780,17.9,46.9,1
2026-01-12T06:40:58.088947,17.8,46.8,1
2026-01-12T06:41:00.343204,17.9,46.9,1
2026-01-12T06:41:02.597895,17.9,46.9,1
2026-01-12T06:41:04.852114,17.9,46.9,0
2026-01-12T06:41:07.106622,17.8,46.8,0
2026-01-12T06:41:09.361137,17.8,46.8,0
2026-01-12T06:41:11.615722,17.9,46.9,0
2026-01-12T06:41:13.870094,17.9,47.0,0
2026-01-12T06:41:16.124426,17.9,47.0,0
2026-01-12T06:41:18.378994,17.9,47.0,0
2026-01-12T06:41:20.633665,17.9,47.0,1
2026-01-12T06:41:22.887962,17.8,47.0,1
2026-01-12T06:41:25.142486,17.8,46.9,1
2026-01-12T06:41:27.396715,17.8,47.0,1
2026-01-12T06:41:29.651315,17.9,47.0,1
2026-01-12T06:41:31.905836,17.9,47.0,1
2026-01-12T06:41:34.160005,17.9,47.0,1
2026-01-12T06:41:36.414687,17.8,47.0,1
2026-01-12T06:41:38.669291,17.9,47.1,1
2026-01-12T06:41:40.923588,17.8,47.0,1
2026-01-12T06:41:43.178246,17.9,47.0,1
2026-01-12T06:41:45.432614,17.9,47.0,1
2026-01-12T06:41:47.687253,17.8,47.0,1
2026-01-12T06:41:49.941854,17.8,47.0,1
2026-01-12T06:41:52.195846,17.8,47.0,1
2026-01-12T06:41:54.450379,17.9,47.0,1
2026-01-12T06:41:56.704757,17.9,47.0,1
2026-01-12T06:41:58.961462,17.8,47.0,1
2026-01-12T06:42:01.215838,17.8,46.9,0
2026-01-12T06:42:03.470497,17.8,46.9,0
2026-01-12T06:42:05.725161,17.8,46.9,0
2026-01-12T06:42:07.979309,17.9,47.0,0
2026-01-12T06:42:10.233904,17.8,46.9,0
2026-01-12T06:42:12.488449,17.8,46.9,0
2026-01-12T06:42:14.743024,17.9,46.9,0
2026-01-12T06:42:16.997445,17.8,46.9,1
2026-01-12T06:42:19.251601,17.8,46.9,1
2026-01-12T06:42:21.506031,17.8,46.8,1
2026-01-12T06:42:23.760762,17.8,46.8,1
2026-01-12T06:42:26.015371,17.9,46.9,1
2026-01-12T06:42:28.269810,17.8,46.8,1
2026-01-12T06:42:30.524505,17.9,46.8,1
2026-01-12T06:42:32.779161,17.9,46.8,1
2026-01-12T06:42:35.033499,17.8,46.7,1
2026-01-12T06:42:37.287624,17.9,46.8,1
2026-01-12T06:42:39.542206,17.8,46.7,1
2026-01-12T06:42:41.796633,17.9,46.7,1
2026-01-12T06:42:44.051413,17.9,46.7,1
2026-01-12T06:42:46.307045,17.9,46.8,1
2026-01-12T06:42:48.561547,17.9,46.8,1
2026-01-12T06:42:50.815813,17.9,46.8,1
2026-01-12T06:42:53.070368,17.8,46.8,1
2026-01-12T06:42:55.324808,17.9,46.9,1
2026-01-12T06:42:57.579161,17.8,46.8,0
2026-01-12T06:42:59.833691,17.8,46.9,0
2026-01-12T06:43:02.087800,17.9,47.0,0
2026-01-12T06:43:04.342473,17.8,46.9,0
2026-01-12T06:43:06.596870,17.8,46.9,0
2026-01-12T06:43:08.850866,17.9,47.0,0
2026-01-12T06:43:11.105167,17.8,46.9,0
2026-01-12T06:43:13.359349,17.9,47.0,1
2026-01-12T06:43:15.614027,17.8,47.0,1
2026-01-12T06:43:17.868730,17.9,47.0,1
2026-01-12T06:43:20.122713,17.8,47.0,1
2026-01-12T06:43:22.376849,17.9,47.0,1
2026-01-12T06:43:24.631307,17.8,47.0,1
2026-01-12T06:43:26.885786,17.8,47.0,1
2026-01-12T06:43:29.139900,17.9,47.0,1
2026-01-12T06:43:31.394661,17.8,47.0,1
2026-01-12T06:43:33.649131,17.9,47.0,1
2026-01-12T06:43:35.903665,17.8,47.0,1
2026-01-12T06:43:38.158386,17.8,47.0,1
2026-01-12T06:43:40.412792,17.9,47.1,1
2026-01-12T06:43:42.666833,17.9,47.1,1
2026-01-12T06:43:44.921473,17.8,47.0,1
2026-01-12T06:43:47.175477,17.8,47.1,1
2026-01-12T06:43:49.429949,17.9,47.1,1
2026-01-12T06:43:51.684481,17.9,47.1,1
2026-01-12T06:43:53.939128,17.8,47.1,0
2026-01-12T06:43:56.193386,17.9,47.1,0
2026-01-12T06:43:58.447614,17.9,47.1,0
2026-01-12T06:44:00.702195,17.9,47.1,0
2026-01-12T06:44:02.956249,17.8,47.0,0
2026-01-12T06:44:05.210863,17.9,47.1,0
2026-01-12T06:44:07.465245,17.8,47.0,0
2026-01-12T06:44:09.719500,17.8,47.0,1
2026-01-12T06:44:11.974007,17.8,47.0,1
2026-01-12T06:44:14.227977,17.9,47.0,1
2026-01-12T06:44:16.482234,17.8,47.0,1
2026-01-12T06:44:18.736402,17.8,47.0,1
2026-01-12T06:44:20.991033,17.8,47.0,1
2026-01-12T06:44:23.245394,17.9,47.0,1
2026-01-12T06:44:25.499554,17.8,47.0,1
2026-01-12T06:44:27.753936,17.8,47.0,1
2026-01-12T06:44:30.008317,17.9,47.0,1
2026-01-12T06:44:32.263058,17.9,47.1,1
2026-01-12T06:44:34.517415,17.9,47.0,1
2026-01-12T06:44:36.771602,17.9,47.0,1
2026-01-12T06:44:39.026308,17.9,47.0,1
2026-01-12T06:44:41.282802,17.9,47.1,1
2026-01-12T06:44:43.537435,17.8,47.0,1
2026-01-12T06:44:45.791641,17.8,47.0,1
2026-01-12T06:44:48.046170,17.8,47.0,1
2026-01-12T06:44:50.300092,17.9,47.1,0
2026-01-12T06:44:52.554847,17.8,47.0,0
2026-01-12T06:44:54.809276,17.9,47.1,0
2026-01-12T06:44:57.063260,17.8,47.0,0
2026-01-12T06:44:59.317822,17.8,47.0,0
2026-01-12T06:45:01.571918,17.8,47.0,0
2026-01-12T06:45:03.826483,17.9,47.0,0
2026-01-12T06:45:06.081000,17.9,47.1,1
2026-01-12T06:45:08.335032,17.9,47.1,1
2026-01-12T06:45:10.590625,17.8,47.0,1
2026-01-12T06:45:12.844743,17.9,47.0,1
2026-01-12T06:45:15.098803,17.9,47.0,1
2026-01-12T06:45:17.352953,17.9,47.0,1
2026-01-12T06:45:19.607479,17.9,47.0,1
2026-01-12T06:45:21.861857,17.9,47.0,1
2026-01-12T06:45:24.115867,17.9,47.0,1
2026-01-12T06:45:26.370526,17.9,47.0,1
2026-01-12T06:45:28.624666,17.8,47.0,1
2026-01-12T06:45:30.879277,17.8,47.0,1
2026-01-12T06:45:33.133708,17.8,47.0,1
2026-01-12T06:45:35.387685,17.9,47.0,1
2026-01-12T06:45:37.641820,17.9,46.9,1
2026-01-12T06:45:39.896139,17.9,46.9,1
2026-01-12T06:45:42.150774,17.9,46.9,1
2026-01-12T06:45:44.404834,17.8,46.8,1
2026-01-12T06:45:46.659344,17.9,46.8,0
2026-01-12T06:45:48.913818,17.8,46.7,0
2026-01-12T06:45:51.167976,17.8,46.7,0
2026-01-12T06:45:53.422662,17.9,46.7,0
2026-01-12T06:45:55.676848,17.9,46.7,0
2026-01-12T06:45:57.930880,17.8,46.6,0
2026-01-12T06:46:00.185524,17.8,46.7,0
2026-01-12T06:46:02.439721,17.9,46.8,1
2026-01-12T06:46:04.694236,17.9,46.7,1
2026-01-12T06:46:06.948558,17.8,46.7,1
2026-01-12T06:46:09.203164,17.9,46.7,1
2026-01-12T06:46:11.457402,17.8,46.6,1
2026-01-12T06:46:13.711577,17.8,46.6,1
2026-01-12T06:46:15.967236,17.9,46.7,1
2026-01-12T06:46:18.221817,17.8,46.6,1
2026-01-12T06:46:20.476049,17.8,46.6,1
2026-01-12T06:46:22.730127,17.9,46.6,1
2026-01-12T06:46:24.984084,17.8,46.5,1
2026-01-12T06:46:27.238859,17.9,46.6,1
2026-01-12T06:46:29.493457,17.8,46.5,1
2026-01-12T06:46:31.747809,17.9,46.6,1
2026-01-12T06:46:34.002480,17.9,46.7,1
2026-01-12T06:46:36.258976,17.8,46.6,1
2026-01-12T06:46:38.513387,17.8,46.6,1
2026-01-12T06:46:40.767721,17.9,46.7,1
2026-01-12T06:46:43.022192,17.8,46.6,0
2026-01-12T06:46:45.276697,17.9,46.7,0
2026-01-12T06:46:47.530981,17.8,46.6,0
2026-01-12T06:46:49.785433,17.8,46.6,0
2026-01-12T06:46:52.039908,17.9,46.7,0
2026-01-12T06:46:54.294494,17.9,46.6,0
2026-01-12T06:46:56.548706,17.8,46.6,0
2026-01-12T06:46:58.803305,17.8,46.6,1
2026-01-12T06:47:01.057767,17.9,46.7,1
2026-01-12T06:47:03.311801,17.9,46.8,1
2026-01-12T06:47:05.566186,17.9,46.9,1
2026-01-12T06:47:07.901680,17.9,46.9,1
2026-01-12T06:47:10.157912,17.8,46.9,1
2026-01-12T06:47:12.412387,17.9,47.0,1
2026-01-12T06:47:14.667287,17.9,47.0,1
2026-01-12T06:47:16.921679,17.9,46.9,1
2026-01-12T06:47:19.175634,17.9,47.0,1
2026-01-12T06:47:21.430195,17.8,47.0,1
2026-01-12T06:47:23.684310,17.9,47.0,1
2026-01-12T06:47:25.938878,17.8,47.0,1
2026-01-12T06:47:28.193260,17.9,47.0,1
2026-01-12T06:47:30.447266,17.8,47.0,1
2026-01-12T06:47:32.701729,17.9,47.0,1
2026-01-12T06:47:34.955876,17.9,46.9,1
2026-01-12T06:47:37.210469,17.8,46.8,1
2026-01-12T06:47:39.464642,17.8,46.8,0
2026-01-12T06:47:41.719313,17.8,46.8,0
2026-01-12T06:47:43.973876,17.8,46.7,0
2026-01-12T06:47:46.228177,17.8,46.8,0
2026-01-12T06:47:48.482992,17.8,46.8,0
2026-01-12T06:47:50.737492,17.8,46.8,0
2026-01-12T06:47:52.991464,17.9,46.9,0
2026-01-12T06:47:55.245927,17.9,46.9,1
2026-01-12T06:47:57.500555,17.8,46.8,1
2026-01-12T06:47:59.755207,17.8,46.8,1
2026-01-12T06:48:02.009795,17.8,46.8,1
2026-01-12T06:48:04.266053,17.8,46.8,1
2026-01-12T06:48:06.520288,17.8,46.8,1
2026-01-12T06:48:08.775012,17.8,46.8,1
2026-01-12T06:48:11.029271,17.8,46.8,1
2026-01-12T06:48:13.283787,17.9,46.9,1
2026-01-12T06:48:15.538485,17.8,46.8,1
2026-01-12T06:48:17.792488,17.8,46.9,1
2026-01-12T06:48:20.047134,17.9,46.9,1
2026-01-12T06:48:22.301801,17.9,46.9,1
2026-01-12T06:48:24.555908,17.9,47.0,1
2026-01-12T06:48:26.810216,17.9,47.0,1
2026-01-12T06:48:29.064428,17.9,47.0,1
2026-01-12T06:48:31.319053,17.9,47.0,1
2026-01-12T06:48:33.573653,17.8,47.1,1
2026-01-12T06:48:35.828044,17.8,47.1,0
2026-01-12T06:48:38.082641,17.9,47.2,0
2026-01-12T06:48:40.336760,17.9,47.2,0
2026-01-12T06:48:42.591482,17.9,47.2,0
2026-01-12T06:48:44.845909,17.8,47.1,0
2026-01-12T06:48:47.099820,17.9,47.2,0
2026-01-12T06:48:49.354469,17.8,47.1,0
2026-01-12T06:48:51.608977,17.8,47.1,1
2026-01-12T06:48:53.863094,17.8,47.1,1
2026-01-12T06:48:56.117648,17.8,47.1,1
2026-01-12T06:48:58.372027,17.8,47.1,1
2026-01-12T06:49:00.626642,17.8,47.1,1
2026-01-12T06:49:02.880797,17.9,47.2,1
2026-01-12T06:49:05.135008,17.9,47.3,1
2026-01-12T06:49:07.389076,17.8,47.2,1
2026-01-12T06:49:09.643263,17.8,47.3,1
2026-01-12T06:49:11.897643,17.8,47.2,1
2026-01-12T06:49:14.151738,17.8,47.3,1
2026-01-12T06:49:16.406446,17.8,47.3,1
2026-01-12T06:49:18.660676,17.8,47.2,1
2026-01-12T06:49:20.915187,17.8,47.2,1
2026-01-12T06:49:23.169652,17.8,47.1,1
2026-01-12T06:49:25.423631,17.8,47.1,1
2026-01-12T06:49:27.678110,17.9,47.1,1
2026-01-12T06:49:29.932262,17.8,47.0,1
2026-01-12T06:49:32.186771,17.9,47.0,0
2026-01-12T06:49:34.440740,17.9,47.0,0
2026-01-12T06:49:36.695352,17.8,46.9,0
2026-01-12T06:49:38.949841,17.9,47.0,0
2026-01-12T06:49:41.203857,17.9,47.0,0
2026-01-12T06:49:43.458513,17.8,46.9,0
2026-01-12T06:49:45.712676,17.8,46.9,0
2026-01-12T06:49:47.967280,17.8,46.9,1
2026-01-12T06:49:50.221909,17.8,46.9,1
2026-01-12T06:49:52.476241,17.9,46.9,1
2026-01-12T06:49:54.731006,17.8,46.8,1
2026-01-12T06:49:56.985498,17.9,46.9,1
2026-01-12T06:49:59.239543,17.8,46.8,1
2026-01-12T06:50:01.493452,17.8,46.9,1
2026-01-12T06:50:03.748026,17.8,46.9,1
2026-01-12T06:50:06.002683,17.8,46.8,1
2026-01-12T06:50:08.256850,17.8,46.9,1
2026-01-12T06:50:10.511155,17.8,47.0,1
2026-01-12T06:50:12.765592,17.8,47.0,1
2026-01-12T06:50:15.019541,17.8,47.0,1
2026-01-12T06:50:17.274152,17.8,47.1,1
2026-01-12T06:50:19.528319,17.8,47.1,1
2026-01-12T06:50:21.782861,17.8,47.1,1
2026-01-12T06:50:24.037262,17.8,47.1,1
2026-01-12T06:50:26.291489,17.8,47.1,1
2026-01-12T06:50:28.546106,17.8,47.1,0
2026-01-12T06:50:30.800414,17.8,47.1,0
2026-01-12T06:50:33.055086,17.8,47.1,0
2026-01-12T06:50:35.309597,17.8,47.1,0
2026-01-12T06:50:37.564184,17.8,47.1,0
2026-01-12T06:50:39.818754,17.8,47.1,0
2026-01-12T06:50:42.073229,17.8,47.1,0
2026-01-12T06:50:44.327448,17.8,47.1,1
2026-01-12T06:50:46.581928,17.8,47.1,1
2026-01-12T06:50:48.836528,17.8,47.1,1
2026-01-12T06:50:51.091126,17.8,47.0,1
2026-01-12T06:50:53.345456,17.8,47.0,1
2026-01-12T06:50:55.599613,17.8,47.0,1
2026-01-12T06:50:57.854366,17.8,47.1,1
2026-01-12T06:51:00.108523,17.8,47.1,1
2026-01-12T06:51:02.362834,17.9,47.1,1
2026-01-12T06:51:04.617792,17.8,47.1,1
2026-01-12T06:51:06.872333,17.8,47.0,1
2026-01-12T06:51:09.126904,17.8,47.0,1
2026-01-12T06:51:11.381400,17.8,47.0,1
2026-01-12T06:51:13.637298,17.8,47.0,1
2026-01-12T06:51:15.891747,17.8,47.0,1
2026-01-12T06:51:18.146211,17.8,47.0,1
2026-01-12T06:51:20.400753,17.8,47.0,1
2026-01-12T06:51:22.655261,17.8,47.0,1
2026-01-12T06:51:24.910019,17.8,47.0,0
2026-01-12T06:51:27.164461,17.8,47.0,0
2026-01-12T06:51:29.418953,17.8,47.0,0
2026-01-12T06:51:31.673659,17.8,47.0,0
2026-01-12T06:51:33.927974,17.8,47.0,0
2026-01-12T06:51:36.182441,17.8,47.0,0
2026-01-12T06:51:38.437045,17.8,47.0,0
2026-01-12T06:51:40.691273,17.8,47.0,1
2026-01-12T06:51:42.945691,17.8,47.0,1
2026-01-12T06:51:45.199803,17.8,47.0,1
2026-01-12T06:51:47.454439,17.8,47.0,1
2026-01-12T06:51:49.708721,17.8,47.0,1
2026-01-12T06:51:51.963464,17.8,47.0,1
2026-01-12T06:51:54.219563,17.8,47.0,1
2026-01-12T06:51:56.473885,17.8,47.0,1
2026-01-12T06:51:58.728093,17.8,47.1,1
2026-01-12T06:52:00.982669,17.8,47.1,1
2026-01-12T06:52:03.236679,17.8,47.1,1
2026-01-12T06:52:05.491315,17.8,47.1,1
2026-01-12T06:52:07.745581,17.8,47.1,1
2026-01-12T06:52:09.999858,17.8,47.1,1
2026-01-12T06:52:12.254509,17.9,47.2,1
2026-01-12T06:52:14.508728,17.8,47.1,1
2026-01-12T06:52:16.762724,17.8,47.1,1
2026-01-12T06:52:19.017120,17.8,47.1,1
2026-01-12T06:52:21.271065,17.8,47.1,0
2026-01-12T06:52:23.525457,17.8,47.1,0
2026-01-12T06:52:25.779862,17.8,47.1,0
2026-01-12T06:52:28.034414,17.8,47.1,0
2026-01-12T06:52:30.288354,17.8,47.1,0
2026-01-12T06:52:32.543215,17.8,47.1,0
2026-01-12T06:52:34.797665,17.9,47.0,0
2026-01-12T06:52:37.052192,17.8,47.0,1
2026-01-12T06:52:39.306991,17.8,47.0,1
2026-01-12T06:52:41.561557,17.8,47.0,1
2026-01-12T06:52:43.815599,17.8,46.9,1
2026-01-12T06:52:46.070333,17.8,46.9,1
2026-01-12T06:52:48.324507,17.8,47.0,1
2026-01-12T06:52:50.579195,17.8,46.9,1
2026-01-12T06:52:52.833930,17.8,46.9,1
2026-01-12T06:52:55.088259,17.8,46.9,1
2026-01-12T06:52:57.342625,17.8,46.9,1
2026-01-12T06:52:59.596956,17.8,46.9,1
2026-01-12T06:53:01.850977,17.8,46.9,1
2026-01-12T06:53:04.105446,17.9,46.9,1
2026-01-12T06:53:06.360180,17.8,46.8,1
2026-01-12T06:53:08.614929,17.8,46.8,1
2026-01-12T06:53:10.869431,17.8,46.8,1
2026-01-12T06:53:13.124143,17.8,46.8,1
2026-01-12T06:53:15.378589,17.8,46.8,1
2026-01-12T06:53:17.632695,17.8,46.8,0
2026-01-12T06:53:19.887507,17.8,46.7,0
2026-01-12T06:53:22.142043,17.8,46.7,0
2026-01-12T06:53:24.396138,17.8,46.7,0
2026-01-12T06:53:26.650947,17.8,46.7,0
2026-01-12T06:53:28.905337,17.8,46.6,0
2026-01-12T06:53:31.159320,17.8,46.7,0
2026-01-12T06:53:33.413913,17.8,46.7,1
2026-01-12T06:53:35.668280,17.8,46.7,1
2026-01-12T06:53:37.922806,17.8,46.6,1
2026-01-12T06:53:40.177383,17.8,46.6,1
2026-01-12T06:53:42.431946,17.8,46.7,1
2026-01-12T06:53:44.686517,17.8,46.6,1
2026-01-12T06:53:46.940812,17.8,46.6,1
2026-01-12T06:53:49.194928,17.8,46.6,1
2026-01-12T06:53:51.449138,17.8,46.6,1
2026-01-12T06:53:53.703829,17.8,46.6,1
2026-01-12T06:53:55.958352,17.8,46.6,1
2026-01-12T06:53:58.212524,17.8,46.6,1
2026-01-12T06:54:00.467247,17.8,46.6,1
2026-01-12T06:54:02.721701,17.8,46.5,1
2026-01-12T06:54:04.975690,17.8,46.5,1
2026-01-12T06:54:07.230362,17.8,46.5,1
2026-01-12T06:54:09.484641,17.8,46.5,1
2026-01-12T06:54:11.739319,17.8,46.5,1
2026-01-12T06:54:13.994070,17.8,46.6,0
2026-01-12T06:54:16.248644,17.8,46.6,0
2026-01-12T06:54:18.503222,17.8,46.6,0
2026-01-12T06:54:20.757695,17.8,46.6,0
2026-01-12T06:54:23.011844,17.8,46.6,0
2026-01-12T06:54:25.266422,17.8,46.6,0
2026-01-12T06:54:27.520765,17.8,46.6,0
2026-01-12T06:54:29.775335,17.8,46.6,1
2026-01-12T06:54:32.029547,17.8,46.6,1
2026-01-12T06:54:34.284149,17.8,46.6,1
2026-01-12T06:54:36.538796,17.8,46.6,1
2026-01-12T06:54:38.793201,17.8,46.6,1
2026-01-12T06:54:41.047623,17.8,46.7,1
2026-01-12T06:54:43.302149,17.8,46.7,1
2026-01-12T06:54:45.556363,17.8,46.7,1
2026-01-12T06:54:47.811192,17.8,46.7,1
2026-01-12T06:54:50.065562,17.8,46.7,1
2026-01-12T06:54:52.320097,17.8,46.7,1
2026-01-12T06:54:54.574985,17.8,46.7,1
2026-01-12T06:54:56.829323,17.8,46.7,1
2026-01-12T06:54:59.083258,17.8,46.7,1
2026-01-12T06:55:01.337882,17.8,46.7,1
2026-01-12T06:55:03.591919,17.8,46.8,1
2026-01-12T06:55:05.846381,17.8,46.7,1
2026-01-12T06:55:08.100763,17.8,46.8,1
2026-01-12T06:55:10.355008,17.8,46.8,0
2026-01-12T06:55:12.609352,17.8,46.8,0
2026-01-12T06:55:14.863878,17.8,46.8,0
2026-01-12T06:55:17.118433,17.8,46.8,0
2026-01-12T06:55:19.372501,17.8,46.8,0
2026-01-12T06:55:21.627289,17.8,46.8,0
2026-01-12T06:55:23.881757,17.8,46.8,0
2026-01-12T06:55:26.136095,17.8,46.9,1
2026-01-12T06:55:28.390704,17.8,46.8,1
2026-01-12T06:55:30.645066,17.8,46.9,1
2026-01-12T06:55:32.899063,17.8,46.9,1
2026-01-12T06:55:35.153554,17.8,46.9,1
2026-01-12T06:55:37.407869,17.8,46.9,1
2026-01-12T06:55:39.662467,17.8,47.0,1
2026-01-12T06:55:41.916696,17.8,47.0,1
2026-01-12T06:55:44.173127,17.8,47.0,1
2026-01-12T06:55:46.427489,17.8,47.0,1
2026-01-12T06:55:48.681721,17.8,47.0,1
2026-01-12T06:55:50.936120,17.8,47.0,1
2026-01-12T06:55:53.190493,17.8,47.0,1
2026-01-12T06:55:55.445167,17.8,47.0,1
2026-01-12T06:55:57.699443,17.8,47.0,1
2026-01-12T06:55:59.954049,17.8,47.0,1
2026-01-12T06:56:02.208434,17.8,47.0,1
2026-01-12T06:56:04.464971,17.8,47.0,1
2026-01-12T06:56:06.719369,17.8,47.0,0
2026-01-12T06:56:08.973994,17.8,47.0,0
2026-01-12T06:56:11.228500,17.8,47.0,0
2026-01-12T06:56:13.483135,17.8,47.0,0
2026-01-12T06:56:15.737939,17.8,47.0,0
2026-01-12T06:56:17.992361,17.8,47.0,0
2026-01-12T06:56:20.246703,17.8,47.0,0
2026-01-12T06:56:22.501421,17.8,47.0,1
2026-01-12T06:56:24.755549,17.8,47.0,1
2026-01-12T06:56:27.009994,17.8,47.0,1
2026-01-12T06:56:29.264279,17.8,47.0,1
2026-01-12T06:56:31.518741,17.8,47.0,1
2026-01-12T06:56:33.772824,17.8,47.0,1
2026-01-12T06:56:36.027558,17.8,47.0,1
2026-01-12T06:56:38.282045,17.8,47.0,1
2026-01-12T06:56:40.536592,17.8,47.0,1
2026-01-12T06:56:42.791429,17.8,47.0,1
2026-01-12T06:56:45.045913,17.8,47.1,1
2026-01-12T06:56:47.299822,17.8,47.1,1
2026-01-12T06:56:49.554580,17.8,47.1,1
2026-01-12T06:56:51.808724,17.8,47.1,1
2026-01-12T06:56:54.062767,17.8,47.1,1
2026-01-12T06:56:56.316977,17.8,47.1,1
2026-01-12T06:56:58.571535,17.8,47.1,1
2026-01-12T06:57:00.825714,17.8,47.1,1
2026-01-12T06:57:03.079931,17.9,47.2,0
2026-01-12T06:57:05.336129,17.9,47.1,0
2026-01-12T06:57:07.590089,17.8,47.0,0
2026-01-12T06:57:09.844487,17.8,47.0,0
2026-01-12T06:57:12.099149,17.8,47.0,0
2026-01-12T06:57:14.353355,17.8,47.0,0
2026-01-12T06:57:16.607828,17.8,47.0,0
2026-01-12T06:57:18.864431,17.8,47.0,1
2026-01-12T06:57:21.119021,17.8,47.0,1
2026-01-12T06:57:23.373543,17.8,47.0,1
2026-01-12T06:57:25.628087,17.8,47.0,1
2026-01-12T06:57:27.882068,17.8,47.0,1
2026-01-12T06:57:30.136614,17.8,47.0,1
2026-01-12T06:57:32.391318,17.8,47.0,1
2026-01-12T06:57:34.645863,17.8,47.0,1
2026-01-12T06:57:36.900143,17.8,47.0,1
2026-01-12T06:57:39.154745,17.8,47.0,1
2026-01-12T06:57:41.409042,17.8,47.0,1
2026-01-12T06:57:43.663473,17.8,47.0,1
2026-01-12T06:57:45.917912,17.8,47.0,1
2026-01-12T06:57:48.172078,17.8,47.0,1
2026-01-12T06:57:50.426814,17.8,47.0,1
2026-01-12T06:57:52.681323,17.8,47.0,1
2026-01-12T06:57:54.935373,17.8,47.0,1
2026-01-12T06:57:57.189979,17.8,47.0,1
2026-01-12T06:57:59.444030,17.8,47.0,0
2026-01-12T06:58:01.698693,17.8,47.0,0
2026-01-12T06:58:03.952851,17.8,47.0,0
2026-01-12T06:58:06.206879,17.8,47.0,0
2026-01-12T06:58:08.461348,17.8,47.0,0
2026-01-12T06:58:10.715688,17.8,47.0,0
2026-01-12T06:58:12.972007,17.8,47.0,0
2026-01-12T06:58:15.226574,17.8,47.0,1
2026-01-12T06:58:17.480960,17.8,47.0,1
2026-01-12T06:58:19.735290,17.8,47.0,1
2026-01-12T06:58:21.989706,17.8,47.0,1
2026-01-12T06:58:24.244358,17.8,47.0,1
2026-01-12T06:58:26.498965,17.8,47.0,1
2026-01-12T06:58:28.753457,17.8,47.0,1
2026-01-12T06:58:31.007581,17.8,47.0,1
2026-01-12T06:58:33.262118,17.8,47.0,1
2026-01-12T06:58:35.516233,17.8,47.0,1
2026-01-12T06:58:37.771092,17.8,47.0,1
2026-01-12T06:58:40.025645,17.8,47.0,1
2026-01-12T06:58:42.279850,17.8,47.0,1
2026-01-12T06:58:44.534520,17.8,47.0,1
2026-01-12T06:58:46.788539,17.8,47.0,1
2026-01-12T06:58:49.043126,17.9,47.0,1
2026-01-12T06:58:51.297726,17.8,47.0,1
2026-01-12T06:58:53.551820,17.8,47.0,1
2026-01-12T06:58:55.806397,17.8,47.0,0
2026-01-12T06:58:58.060763,17.8,46.9,0
2026-01-12T06:59:00.317456,17.9,46.9,0
2026-01-12T06:59:02.571447,17.8,46.9,0
2026-01-12T06:59:04.826016,17.8,46.9,0
2026-01-12T06:59:07.080139,17.8,46.9,0
2026-01-12T06:59:09.334577,17.8,46.8,0
2026-01-12T06:59:11.588734,17.8,46.9,1
2026-01-12T06:59:13.842744,17.8,46.8,1
2026-01-12T06:59:16.096781,17.8,46.9,1
2026-01-12T06:59:18.351010,17.8,46.8,1
2026-01-12T06:59:20.607332,17.8,46.8,1
2026-01-12T06:59:22.861626,17.8,46.8,1
2026-01-12T06:59:25.115858,17.8,46.8,1
2026-01-12T06:59:27.370409,17.9,46.8,1
2026-01-12T06:59:29.624780,17.8,46.7,1
2026-01-12T06:59:31.879211,17.8,46.7,1
2026-01-12T06:59:34.133600,17.8,46.7,1
2026-01-12T06:59:36.387635,17.8,46.7,1
2026-01-12T06:59:38.642267,17.8,46.7,1
2026-01-12T06:59:40.896454,17.8,46.6,1
2026-01-12T06:59:43.150717,17.8,46.7,1
2026-01-12T06:59:45.421292,17.8,46.6,1
2026-01-12T06:59:47.675404,17.8,46.6,1
2026-01-12T06:59:49.929892,17.8,46.6,1
2026-01-12T06:59:52.184147,17.8,46.6,0
2026-01-12T06:59:54.438762,17.8,46.6,0
2026-01-12T06:59:56.692958,17.8,46.6,0
2026-01-12T06:59:58.947652,17.8,46.6,0
2026-01-12T07:00:01.202000,17.9,46.7,0
2026-01-12T07:00:03.456539,17.8,46.6,0
2026-01-12T07:00:05.711228,17.8,46.6,0
2026-01-12T07:00:07.965917,17.8,46.6,1
2026-01-12T07:00:10.220483,17.8,46.6,1
2026-01-12T07:00:12.475346,17.8,46.6,1
2026-01-12T07:00:14.729908,17.8,46.6,1
2026-01-12T07:00:16.984335,17.8,46.6,1
2026-01-12T07:00:19.239175,17.8,46.6,1
2026-01-12T07:00:21.493638,17.8,46.6,1
2026-01-12T07:00:23.748065,17.8,46.6,1
2026-01-12T07:00:26.002820,17.8,46.6,1
2026-01-12T07:00:28.257465,17.8,46.7,1
2026-01-12T07:00:30.511861,17.8,46.7,1
2026-01-12T07:00:32.766403,17.8,46.7,1
2026-01-12T07:00:35.021013,17.8,46.7,1
2026-01-12T07:00:37.275506,17.8,46.7,1
2026-01-12T07:00:39.530359,17.8,46.8,1
2026-01-12T07:00:41.784881,17.8,46.7,1
2026-01-12T07:00:44.039226,17.8,46.7,1
2026-01-12T07:00:46.293858,17.8,46.7,1
2026-01-12T07:00:48.548370,17.8,46.7,1
2026-01-12T07:00:50.802834,17.8,46.7,0
2026-01-12T07:00:53.057446,17.8,46.7,0
2026-01-12T07:00:55.311594,17.8,46.7,0
2026-01-12T07:00:57.566157,17.8,46.7,0
2026-01-12T07:00:59.820611,17.8,46.7,0
2026-01-12T07:01:02.075189,17.8,46.8,0
2026-01-12T07:01:04.329197,17.8,46.8,1
2026-01-12T07:01:06.583958,17.8,46.8,1
2026-01-12T07:01:08.838548,17.8,46.8,1
2026-01-12T07:01:11.092945,17.8,46.8,1
2026-01-12T07:01:13.347147,17.8,46.8,1
2026-01-12T07:01:15.601239,17.8,46.8,1
2026-01-12T07:01:17.855259,17.8,46.8,1
2026-01-12T07:01:20.109979,17.8,46.8,1
2026-01-12T07:01:22.364039,17.8,46.8,1
2026-01-12T07:01:24.618573,17.8,46.8,1
2026-01-12T07:01:26.872931,17.8,46.8,1
2026-01-12T07:01:29.127468,17.8,46.8,1
2026-01-12T07:01:31.381751,17.8,46.8,1
2026-01-12T07:01:33.636223,17.8,46.8,1
2026-01-12T07:01:35.890794,17.8,46.8,1
2026-01-12T07:01:38.145266,17.8,46.8,1
2026-01-12T07:01:40.399976,17.8,46.9,1
2026-01-12T07:01:42.654623,17.8,46.9,1
2026-01-12T07:01:44.909119,17.8,47.0,0
2026-01-12T07:01:47.163710,17.8,47.0,0
2026-01-12T07:01:49.417730,17.8,47.0,0
2026-01-12T07:01:51.672208,17.8,47.0,0
2026-01-12T07:01:53.926871,17.8,47.0,0
2026-01-12T07:01:56.181341,17.8,47.0,0
2026-01-12T07:01:58.435380,17.8,47.0,0
2026-01-12T07:02:00.689924,17.8,47.0,1
2026-01-12T07:02:02.946408,17.8,47.1,1
2026-01-12T07:02:05.200876,17.8,47.0,1
2026-01-12T07:02:07.455277,17.8,47.0,1
2026-01-12T07:02:09.709898,17.8,47.0,1
2026-01-12T07:02:11.964261,17.8,47.0,1
2026-01-12T07:02:14.218957,17.8,47.0,1
2026-01-12T07:02:16.473300,17.8,47.0,1
2026-01-12T07:02:18.727664,17.8,47.0,1
2026-01-12T07:02:20.982334,17.8,47.0,1
2026-01-12T07:02:23.236660,17.8,46.9,1
2026-01-12T07:02:25.491199,17.8,47.0,1
2026-01-12T07:02:27.745909,17.8,47.0,1
2026-01-12T07:02:30.000367,17.8,47.0,1
2026-01-12T07:02:32.254829,17.8,46.9,1
2026-01-12T07:02:34.509490,17.8,46.9,1
2026-01-12T07:02:36.764139,17.8,46.9,1
2026-01-12T07:02:39.018601,17.8,46.9,1
2026-01-12T07:02:41.273300,17.8,47.0,0
2026-01-12T07:02:43.527542,17.8,47.0,0
2026-01-12T07:02:45.782019,17.8,47.0,0
2026-01-12T07:02:48.036642,17.8,47.0,0
2026-01-12T07:02:50.291200,17.8,47.0,0
2026-01-12T07:02:52.545493,17.8,47.0,0
2026-01-12T07:02:54.799973,17.8,47.1,0
2026-01-12T07:02:57.054572,17.8,47.0,1
2026-01-12T07:02:59.308838,17.8,47.0,1
2026-01-12T07:03:01.563125,17.8,47.0,1
2026-01-12T07:03:03.817681,17.8,47.0,1
2026-01-12T07:03:06.071690,17.8,47.0,1
2026-01-12T07:03:08.326279,17.8,47.0,1
2026-01-12T07:03:10.581923,17.8,46.9,1
2026-01-12T07:03:12.836195,17.8,47.0,1
2026-01-12T07:03:15.090846,17.8,46.9,1
2026-01-12T07:03:17.345176,17.8,47.0,1
2026-01-12T07:03:19.599154,17.8,47.0,1
2026-01-12T07:03:21.853911,17.8,47.0,1
2026-01-12T07:03:24.108488,17.8,47.0,1
2026-01-12T07:03:26.363092,17.8,47.0,1
2026-01-12T07:03:28.618005,17.8,47.0,1
2026-01-12T07:03:30.872153,17.8,47.0,1
2026-01-12T07:03:33.126654,17.8,46.9,1
2026-01-12T07:03:35.381093,17.8,47.0,1
2026-01-12T07:03:37.635560,17.8,47.0,1
2026-01-12T07:03:39.889940,17.8,47.0,0
2026-01-12T07:03:42.144383,17.8,47.0,0
2026-01-12T07:03:44.399001,17.8,47.0,0
2026-01-12T07:03:46.653332,17.8,46.9,0
2026-01-12T07:03:48.907504,17.8,47.0,0
2026-01-12T07:03:51.161981,17.8,47.0,0
2026-01-12T07:03:53.416013,17.8,47.0,1
2026-01-12T07:03:55.670686,17.8,47.0,1
2026-01-12T07:03:57.924898,17.8,47.0,1
2026-01-12T07:04:00.179246,17.8,47.0,1
2026-01-12T07:04:02.433970,17.8,47.0,1
2026-01-12T07:04:04.688648,17.8,47.1,1
2026-01-12T07:04:06.943203,17.8,47.0,1
2026-01-12T07:04:09.197888,17.8,47.0,1
2026-01-12T07:04:11.452316,17.8,47.1,1
2026-01-12T07:04:13.706853,17.8,47.1,1
2026-01-12T07:04:15.961325,17.8,47.0,1
2026-01-12T07:04:18.215421,17.8,47.0,1
2026-01-12T07:04:20.469844,17.8,47.0,1
2026-01-12T07:04:22.724128,17.8,47.0,1
2026-01-12T07:04:24.978618,17.8,47.0,1
2026-01-12T07:04:27.233000,17.8,47.0,1
2026-01-12T07:04:29.487694,17.8,47.0,1
2026-01-12T07:04:31.742213,17.8,47.0,1
2026-01-12T07:04:33.996371,17.8,47.0,1
2026-01-12T07:04:36.251151,17.8,47.0,0
2026-01-12T07:04:38.505691,17.8,47.0,0
2026-01-12T07:04:40.759955,17.8,47.0,0
2026-01-12T07:04:43.014648,17.8,47.0,0
2026-01-12T07:04:45.268818,17.8,47.0,0
2026-01-12T07:04:47.523147,17.8,46.9,0
2026-01-12T07:04:49.777790,17.8,46.9,1
2026-01-12T07:04:52.034207,17.8,46.9,1
2026-01-12T07:04:54.288139,17.8,46.8,1
2026-01-12T07:04:56.543052,17.8,46.8,1
2026-01-12T07:04:58.797446,17.8,46.8,1
2026-01-12T07:05:01.051497,17.8,46.8,1
2026-01-12T07:05:03.305959,17.8,46.8,1
2026-01-12T07:05:05.560671,17.8,46.8,1
2026-01-12T07:05:07.815285,17.8,46.8,1
2026-01-12T07:05:10.069963,17.8,46.8,1
2026-01-12T07:05:12.324252,17.8,46.8,1
2026-01-12T07:05:14.578768,17.8,46.8,1
2026-01-12T07:05:16.833338,17.8,46.9,1
2026-01-12T07:05:19.087505,17.8,46.8,1
2026-01-12T07:05:21.341861,17.8,46.8,1
2026-01-12T07:05:23.596038,17.8,46.8,1
2026-01-12T07:05:25.850615,17.8,46.9,1
2026-01-12T07:05:28.105101,17.8,46.9,1
2026-01-12T07:05:30.359344,17.8,46.8,1
2026-01-12T07:05:32.614003,17.8,46.9,0
2026-01-12T07:05:34.868276,17.8,46.9,0
2026-01-12T07:05:37.123126,17.8,46.8,0
2026-01-12T07:05:39.377409,17.8,46.9,0
2026-01-12T07:05:41.631776,17.8,46.8,0
2026-01-12T07:05:43.886507,17.8,46.8,0
2026-01-12T07:05:46.141079,17.8,46.9,1
2026-01-12T07:05:48.395277,17.8,46.8,1
2026-01-12T07:05:50.650028,17.8,46.8,1
2026-01-12T07:05:52.904429,17.8,46.8,1
2026-01-12T07:05:55.158990,17.8,46.8,1
2026-01-12T07:05:57.413545,17.8,46.7,1
2026-01-12T07:05:59.667963,17.8,46.7,1
2026-01-12T07:06:01.922334,17.8,46.7,1
2026-01-12T07:06:04.176766,17.8,46.7,1
2026-01-12T07:06:06.431107,17.8,46.7,1
2026-01-12T07:06:08.685703,17.8,46.7,1
2026-01-12T07:06:10.939897,17.8,46.7,1
2026-01-12T07:06:13.193966,17.8,46.7,1
2026-01-12T07:06:15.448037,17.8,46.7,1
2026-01-12T07:06:17.702699,17.8,46.6,1
2026-01-12T07:06:19.956681,17.8,46.6,1
2026-01-12T07:06:22.211209,17.8,46.7,1
2026-01-12T07:06:24.465625,17.8,46.7,1
2026-01-12T07:06:26.719964,17.8,46.7,1
2026-01-12T07:06:28.974088,17.8,46.7,0
2026-01-12T07:06:31.228250,17.8,46.7,0
2026-01-12T07:06:33.482618,17.8,46.8,0
2026-01-12T07:06:35.736889,17.8,46.8,0
2026-01-12T07:06:37.991285,17.8,46.8,0
2026-01-12T07:06:40.245689,17.8,46.8,0
2026-01-12T07:06:42.500199,17.8,46.8,1
2026-01-12T07:06:44.754721,17.8,46.8,1
2026-01-12T07:06:47.008747,17.8,46.8,1
2026-01-12T07:06:49.262904,17.8,46.8,1
2026-01-12T07:06:51.517188,17.8,46.7,1
2026-01-12T07:06:53.771726,17.8,46.7,1
2026-01-12T07:06:56.026273,17.8,46.7,1
2026-01-12T07:06:58.280792,17.8,46.7,1
2026-01-12T07:07:00.534942,17.8,46.7,1
2026-01-12T07:07:02.789202,17.8,46.6,1
2026-01-12T07:07:05.043292,17.8,46.7,1
2026-01-12T07:07:07.297744,17.8,46.6,1
2026-01-12T07:07:09.551805,17.8,46.6,1
2026-01-12T07:07:11.806465,17.8,46.6,1
2026-01-12T07:07:14.060517,17.8,46.5,1
2026-01-12T07:07:16.315084,17.8,46.5,1
2026-01-12T07:07:18.569812,17.8,46.5,1
2026-01-12T07:07:20.824220,17.8,46.5,1
2026-01-12T07:07:23.078725,17.8,46.5,1
2026-01-12T07:07:25.332935,17.8,46.5,0
2026-01-12T07:07:27.586972,17.8,46.5,0
2026-01-12T07:07:29.841345,17.8,46.6,0
2026-01-12T07:07:32.095623,17.8,46.6,0
2026-01-12T07:07:34.350173,17.8,46.6,0
2026-01-12T07:07:36.604299,17.8,46.6,0
2026-01-12T07:07:38.859108,17.8,46.6,1
2026-01-12T07:07:41.113620,17.8,46.6,1
2026-01-12T07:07:43.367654,17.8,46.6,1
2026-01-12T07:07:45.622436,17.8,46.6,1
2026-01-12T07:07:47.876838,17.8,46.6,1
2026-01-12T07:07:50.130832,17.8,46.6,1
2026-01-12T07:07:52.385480,17.8,46.6,1
2026-01-12T07:07:54.639891,17.8,46.5,1
2026-01-12T07:07:56.894469,17.8,46.4,1
2026-01-12T07:07:59.148720,17.8,46.4,1
2026-01-12T07:08:01.402721,17.8,46.3,1
2026-01-12T07:08:03.656882,17.8,46.3,1
2026-01-12T07:08:05.911182,17.8,46.3,1
2026-01-12T07:08:08.165622,17.8,46.3,1
2026-01-12T07:08:10.419524,17.8,46.3,1
2026-01-12T07:08:12.674146,17.8,46.4,1
2026-01-12T07:08:14.928691,17.8,46.4,1
2026-01-12T07:08:17.183300,17.8,46.4,1
2026-01-12T07:08:19.437963,17.8,46.4,1
2026-01-12T07:08:21.692463,17.8,46.4,0
2026-01-12T07:08:23.947061,17.8,46.4,0
2026-01-12T07:08:26.201457,17.8,46.4,0
2026-01-12T07:08:28.455948,17.8,46.5,0
2026-01-12T07:08:30.710491,17.8,46.5,0
2026-01-12T07:08:32.964771,17.8,46.5,0
2026-01-12T07:08:35.221264,17.8,46.5,1
2026-01-12T07:08:37.475703,17.8,46.6,1
2026-01-12T07:08:39.730444,17.8,46.6,1
2026-01-12T07:08:41.985005,17.8,46.6,1
2026-01-12T07:08:44.239226,17.8,46.6,1
2026-01-12T07:08:46.493731,17.8,46.6,1
2026-01-12T07:08:48.748029,17.8,46.6,1
2026-01-12T07:08:51.002540,17.8,46.6,1
2026-01-12T07:08:53.257103,17.8,46.7,1
2026-01-12T07:08:55.511337,17.8,46.7,1
2026-01-12T07:08:57.765606,17.8,46.7,1
2026-01-12T07:09:00.019971,17.8,46.7,1
2026-01-12T07:09:02.274361,17.8,46.7,1
2026-01-12T07:09:04.528927,17.8,46.7,1
2026-01-12T07:09:06.783105,17.8,46.7,1
2026-01-12T07:09:09.037721,17.8,46.7,1
2026-01-12T07:09:11.292075,17.8,46.8,1
2026-01-12T07:09:13.546786,17.8,46.8,1
2026-01-12T07:09:15.801193,17.8,46.8,1
2026-01-12T07:09:18.055286,17.8,46.8,0
2026-01-12T07:09:20.309763,17.8,46.8,0
2026-01-12T07:09:22.564280,17.8,46.8,0
2026-01-12T07:09:24.818854,17.8,46.8,0
2026-01-12T07:09:27.073424,17.8,46.8,0
2026-01-12T07:09:29.327512,17.8,46.8,0
2026-01-12T07:09:31.581638,17.8,46.8,0
2026-01-12T07:09:33.835754,17.8,46.8,1
2026-01-12T07:09:36.090350,17.8,46.8,1
2026-01-12T07:09:38.344252,17.8,46.8,1
2026-01-12T07:09:40.598449,17.8,46.8,1
2026-01-12T07:09:42.852637,17.8,46.8,1
2026-01-12T07:09:45.107277,17.8,46.8,1
2026-01-12T07:09:47.361929,17.8,46.8,1
2026-01-12T07:09:49.616065,17.8,46.8,1
2026-01-12T07:09:51.870571,17.8,46.8,1
2026-01-12T07:09:54.125157,17.8,46.8,1
2026-01-12T07:09:56.379390,17.8,46.8,1
2026-01-12T07:09:58.633888,17.8,46.8,1
2026-01-12T07:10:00.888282,17.8,46.8,1
2026-01-12T07:10:03.142923,17.8,46.8,1
2026-01-12T07:10:05.397309,17.8,46.8,1
2026-01-12T07:10:07.651986,17.8,46.8,1
2026-01-12T07:10:09.906528,17.8,46.8,1
2026-01-12T07:10:12.161065,17.8,46.8,1
2026-01-12T07:10:14.415332,17.8,46.8,0
2026-01-12T07:10:16.669893,17.8,46.8,0
2026-01-12T07:10:18.923951,17.8,46.8,0
2026-01-12T07:10:21.178550,17.8,46.8,0
2026-01-12T07:10:23.432910,17.8,46.8,0
2026-01-12T07:10:25.687150,17.8,46.7,0
2026-01-12T07:10:27.941675,17.8,46.7,0
2026-01-12T07:10:30.195988,17.8,46.7,1
2026-01-12T07:10:32.450456,17.8,46.7,1
2026-01-12T07:10:34.705134,17.8,46.6,1
2026-01-12T07:10:36.959132,17.8,46.6,1
2026-01-12T07:10:39.213409,17.8,46.6,1
2026-01-12T07:10:41.467574,17.8,46.6,1
2026-01-12T07:10:43.722225,17.8,46.5,1
2026-01-12T07:10:45.976358,17.8,46.5,1
2026-01-12T07:10:48.231172,17.8,46.5,1
2026-01-12T07:10:50.485546,17.8,46.5,1
2026-01-12T07:10:52.739593,17.8,46.6,1
2026-01-12T07:10:54.994303,17.8,46.6,1
2026-01-12T07:10:57.248492,17.8,46.6,1
2026-01-12T07:10:59.503123,17.8,46.6,1
2026-01-12T07:11:01.757769,17.8,46.6,1
2026-01-12T07:11:04.012255,17.8,46.7,1
2026-01-12T07:11:06.266853,17.8,46.7,1
2026-01-12T07:11:08.521367,17.8,46.7,1
2026-01-12T07:11:10.775565,17.8,46.7,0
2026-01-12T07:11:13.029929,17.8,46.7,0
2026-01-12T07:11:15.284390,17.8,46.7,0
2026-01-12T07:11:17.540749,17.8,46.7,0
2026-01-12T07:11:19.795116,17.8,46.7,0
2026-01-12T07:11:22.049707,17.8,46.7,0
2026-01-12T07:11:24.304304,17.8,46.7,0
2026-01-12T07:11:26.558935,17.8,46.8,1
2026-01-12T07:11:28.813721,17.8,46.8,1
2026-01-12T07:11:31.068077,17.8,46.8,1
2026-01-12T07:11:33.322609,17.8,46.8,1
2026-01-12T07:11:35.577325,17.8,46.8,1
2026-01-12T07:11:37.831422,17.8,46.8,1
2026-01-12T07:11:40.085867,17.8,46.7,1
2026-01-12T07:11:42.340495,17.8,46.8,1
2026-01-12T07:11:44.594979,17.8,46.8,1
2026-01-12T07:11:46.930480,17.8,46.7,1
2026-01-12T07:11:49.193479,17.8,46.7,1
2026-01-12T07:11:51.448074,17.8,46.7,1
2026-01-12T07:11:53.702479,17.8,46.7,1
2026-01-12T07:11:55.957139,17.8,46.7,1
2026-01-12T07:11:58.211500,17.8,46.7,1
2026-01-12T07:12:00.466055,17.8,46.6,1
2026-01-12T07:12:02.720540,17.8,46.6,1
2026-01-12T07:12:04.975077,17.8,46.5,1
2026-01-12T07:12:07.229569,17.8,46.4,0
2026-01-12T07:12:09.483802,17.8,46.4,0
2026-01-12T07:12:11.738376,17.8,46.4,0
2026-01-12T07:12:13.992800,17.8,46.4,0
2026-01-12T07:12:16.247460,17.8,46.4,0
2026-01-12T07:12:18.502076,17.8,46.4,0
2026-01-12T07:12:20.756536,17.8,46.4,0
2026-01-12T07:12:23.011299,17.8,46.4,1
2026-01-12T07:12:25.265686,17.8,46.4,1
2026-01-12T07:12:27.520002,17.8,46.4,1
2026-01-12T07:12:29.774741,17.8,46.4,1
2026-01-12T07:12:32.029251,17.8,46.4,1
2026-01-12T07:12:34.283647,17.8,46.4,1
2026-01-12T07:12:36.538471,17.8,46.4,1
2026-01-12T07:12:38.792562,17.8,46.5,1
2026-01-12T07:12:41.047066,17.8,46.4,1
2026-01-12T07:12:43.301471,17.8,46.4,1
2026-01-12T07:12:45.555620,17.8,46.4,1
2026-01-12T07:12:47.810084,17.8,46.4,1
2026-01-12T07:12:50.064633,17.8,46.4,1
2026-01-12T07:12:52.319270,17.8,46.4,1
2026-01-12T07:12:54.573847,17.8,46.5,1
2026-01-12T07:12:56.828054,17.8,46.5,1
2026-01-12T07:12:59.082710,17.8,46.5,1
2026-01-12T07:13:01.337124,17.8,46.6,1
2026-01-12T07:13:03.591330,17.8,46.6,0
2026-01-12T07:13:05.845942,17.8,46.7,0
2026-01-12T07:13:08.100437,17.8,46.7,0
2026-01-12T07:13:10.355136,17.8,46.7,0
2026-01-12T07:13:12.609826,17.8,46.7,0
2026-01-12T07:13:14.864273,17.8,46.6,0
2026-01-12T07:13:17.119089,17.8,46.6,1
2026-01-12T07:13:19.373619,17.8,46.6,1
2026-01-12T07:13:21.627986,17.8,46.6,1
2026-01-12T07:13:23.882195,17.8,46.6,1
2026-01-12T07:13:26.136373,17.8,46.7,1
2026-01-12T07:13:28.390839,17.8,46.6,1
2026-01-12T07:13:30.645587,17.8,46.7,1
2026-01-12T07:13:32.899796,17.8,46.6,1
2026-01-12T07:13:35.154230,17.8,46.7,1
2026-01-12T07:13:37.408373,17.8,46.7,1
2026-01-12T07:13:39.663054,17.8,46.7,1
2026-01-12T07:13:41.917309,17.8,46.6,1
2026-01-12T07:13:44.171674,17.8,46.7,1
2026-01-12T07:13:46.426264,17.8,46.7,1
2026-01-12T07:13:48.680682,17.8,46.7,1
2026-01-12T07:13:50.935494,17.8,46.7,1
2026-01-12T07:13:53.190010,17.8,46.7,1
2026-01-12T07:13:55.444193,17.8,46.7,1
2026-01-12T07:13:57.699063,17.8,46.7,1
2026-01-12T07:13:59.953559,17.8,46.7,0
2026-01-12T07:14:02.207728,17.8,46.7,0
2026-01-12T07:14:04.462161,17.8,46.7,0
2026-01-12T07:14:06.716623,17.8,46.7,0
2026-01-12T07:14:08.971113,17.8,46.6,0
2026-01-12T07:14:11.225641,17.8,46.7,0
2026-01-12T07:14:13.480156,17.8,46.7,1
2026-01-12T07:14:15.734663,17.8,46.7,1
2026-01-12T07:14:17.988978,17.8,46.7,1
2026-01-12T07:14:20.243548,17.8,46.7,1
2026-01-12T07:14:22.497953,17.8,46.7,1
2026-01-12T07:14:24.752794,17.8,46.7,1
2026-01-12T07:14:27.007218,17.8,46.7,1
2026-01-12T07:14:29.261577,17.8,46.8,1
2026-01-12T07:14:31.516020,17.8,46.7,1
2026-01-12T07:14:33.770618,17.8,46.8,1
2026-01-12T07:14:36.025120,17.8,46.8,1
2026-01-12T07:14:38.279345,17.8,46.7,1
2026-01-12T07:14:40.533878,17.8,46.8,1
2026-01-12T07:14:42.788362,17.8,46.8,1
2026-01-12T07:14:45.043118,17.8,46.7,1
2026-01-12T07:14:47.299401,17.8,46.7,1
2026-01-12T07:14:49.553737,17.8,46.7,1
2026-01-12T07:14:51.808517,17.8,46.7,1
2026-01-12T07:14:54.063195,17.8,46.7,1
2026-01-12T07:14:56.317586,17.8,46.7,0
2026-01-12T07:14:58.572235,17.8,46.7,0
2026-01-12T07:15:00.826836,17.8,46.7,0
2026-01-12T07:15:03.081035,17.8,46.7,0
2026-01-12T07:15:05.335363,17.8,46.7,0
2026-01-12T07:15:07.589410,17.8,46.7,0
2026-01-12T07:15:09.843923,17.8,46.7,1
2026-01-12T07:15:12.098682,17.8,46.7,1
2026-01-12T07:15:14.353114,17.8,46.8,1
2026-01-12T07:15:16.607706,17.8,46.8,1
2026-01-12T07:15:18.862468,17.8,46.8,1
2026-01-12T07:15:21.116813,17.8,46.9,1
2026-01-12T07:15:23.371042,17.8,46.9,1
2026-01-12T07:15:25.625651,17.8,47.0,1
2026-01-12T07:15:27.880234,17.8,47.0,1
2026-01-12T07:15:30.134766,17.8,46.9,1
2026-01-12T07:15:32.389466,17.8,46.9,1
2026-01-12T07:15:34.643776,17.8,46.9,1
2026-01-12T07:15:36.898233,17.8,46.8,1
2026-01-12T07:15:39.152640,17.8,46.8,1
2026-01-12T07:15:41.407250,17.8,46.9,1
2026-01-12T07:15:43.661804,17.8,46.8,1
2026-01-12T07:15:45.916477,17.8,46.8,1
2026-01-12T07:15:48.170443,17.8,46.8,1
2026-01-12T07:15:50.424740,17.8,46.8,1
2026-01-12T07:15:52.679303,17.8,46.7,0
2026-01-12T07:15:54.933837,17.8,46.7,0
2026-01-12T07:15:57.187897,17.8,46.7,0
2026-01-12T07:15:59.442535,17.8,46.6,0
2026-01-12T07:16:01.699242,17.8,46.6,0
2026-01-12T07:16:03.953719,17.8,46.6,0
2026-01-12T07:16:06.207958,17.8,46.6,0
2026-01-12T07:16:08.462545,17.8,46.6,1
2026-01-12T07:16:10.717135,17.8,46.6,1
2026-01-12T07:16:12.971594,17.8,46.6,1
2026-01-12T07:16:15.226188,17.8,46.6,1
2026-01-12T07:16:17.480428,17.8,46.7,1
2026-01-12T07:16:19.735313,17.8,46.6,1
2026-01-12T07:16:21.989838,17.8,46.7,1
2026-01-12T07:16:24.244302,17.8,46.7,1
2026-01-12T07:16:26.498759,17.8,46.7,1
2026-01-12T07:16:28.753070,17.8,46.8,1
2026-01-12T07:16:31.007381,17.8,46.8,1
2026-01-12T07:16:33.262129,17.8,46.8,1
2026-01-12T07:16:35.516470,17.8,46.8,1
2026-01-12T07:16:37.771128,17.8,46.8,1
2026-01-12T07:16:40.025886,17.8,46.8,1
2026-01-12T07:16:42.280292,17.8,46.8,1
2026-01-12T07:16:44.534921,17.8,46.7,1
2026-01-12T07:16:46.789470,17.8,46.8,1
2026-01-12T07:16:49.043435,17.8,46.8,0
2026-01-12T07:16:51.297810,17.8,46.8,0
2026-01-12T07:16:53.552056,17.8,46.8,0
2026-01-12T07:16:55.806556,17.8,46.8,0
2026-01-12T07:16:58.060649,17.8,46.8,0
2026-01-12T07:17:00.315445,17.8,46.8,0
2026-01-12T07:17:02.571851,17.8,46.9,1
2026-01-12T07:17:04.826447,17.8,46.8,1
2026-01-12T07:17:07.081094,17.8,46.8,1
2026-01-12T07:17:09.335242,17.8,46.8,1
2026-01-12T07:17:11.589219,17.8,46.8,1
2026-01-12T07:17:13.843671,17.8,46.8,1
2026-01-12T07:17:16.098297,17.8,46.8,1
2026-01-12T07:17:18.352237,17.8,46.8,1
2026-01-12T07:17:20.607115,17.8,46.8,1
2026-01-12T07:17:22.861569,17.8,46.8,1
2026-01-12T07:17:25.115733,17.8,46.8,1
2026-01-12T07:17:27.370475,17.8,46.8,1
2026-01-12T07:17:29.624737,17.8,46.7,1
2026-01-12T07:17:31.879174,17.8,46.6,1
2026-01-12T07:17:34.133855,17.8,46.5,1
2026-01-12T07:17:36.388302,17.8,46.5,1
2026-01-12T07:17:38.642841,17.8,46.4,1
2026-01-12T07:17:40.897307,17.8,46.4,1
2026-01-12T07:17:43.151650,17.8,46.4,1
2026-01-12T07:17:45.406059,17.8,46.4,0
2026-01-12T07:17:47.660700,17.8,46.4,0
2026-01-12T07:17:49.917115,17.8,46.3,0
2026-01-12T07:17:52.171039,17.8,46.3,0
2026-01-12T07:17:54.425545,17.8,46.3,0
2026-01-12T07:17:56.679805,17.8,46.3,0
2026-01-12T07:17:58.934255,17.8,46.3,0
2026-01-12T07:18:01.188451,17.8,46.4,1
2026-01-12T07:18:03.442982,17.8,46.3,1
2026-01-12T07:18:05.697326,17.8,46.4,1
2026-01-12T07:18:07.951582,17.8,46.4,1
2026-01-12T07:18:10.205983,17.8,46.4,1
2026-01-12T07:18:12.459968,17.8,46.4,1
2026-01-12T07:18:14.714663,17.8,46.4,1
2026-01-12T07:18:16.968843,17.8,46.4,1
2026-01-12T07:18:19.223095,17.8,46.5,1
2026-01-12T07:18:21.477339,17.8,46.5,1
2026-01-12T07:18:23.731431,17.8,46.5,1
2026-01-12T07:18:25.985718,17.8,46.5,1
2026-01-12T07:18:28.240181,17.8,46.5,1
2026-01-12T07:18:30.494766,17.8,46.5,1
2026-01-12T07:18:32.748784,17.8,46.5,1
2026-01-12T07:18:35.003266,17.8,46.5,1
2026-01-12T07:18:37.257548,17.8,46.5,1
2026-01-12T07:18:39.511465,17.8,46.5,1
2026-01-12T07:18:41.766155,17.8,46.5,0
2026-01-12T07:18:44.021459,17.8,46.5,0
2026-01-12T07:18:46.275420,17.7,46.4,0
2026-01-12T07:18:48.530059,17.8,46.4,0
2026-01-12T07:18:50.786000,17.7,46.4,0
2026-01-12T07:18:53.039918,17.8,46.4,0
2026-01-12T07:18:55.294534,17.8,46.3,0
2026-01-12T07:18:57.548591,17.8,46.4,1
2026-01-12T07:18:59.803148,17.8,46.4,1
2026-01-12T07:19:02.057597,17.7,46.4,1
2026-01-12T07:19:04.311932,17.8,46.4,1
2026-01-12T07:19:06.566524,17.8,46.4,1
2026-01-12T07:19:08.820646,17.8,46.4,1
2026-01-12T07:19:11.075259,17.7,46.4,1
2026-01-12T07:19:13.329588,17.8,46.4,1
2026-01-12T07:19:15.583800,17.8,46.5,1
2026-01-12T07:19:17.837842,17.8,46.4,1
2026-01-12T07:19:20.091806,17.8,46.4,1
2026-01-12T07:19:22.346391,17.8,46.4,1
2026-01-12T07:19:24.600523,17.8,46.4,1
2026-01-12T07:19:26.855089,17.7,46.3,1
2026-01-12T07:19:29.109552,17.8,46.3,1
2026-01-12T07:19:31.363900,17.8,46.4,1
2026-01-12T07:19:33.618397,17.8,46.3,1
2026-01-12T07:19:35.872710,17.7,46.3,1
2026-01-12T07:19:38.126726,17.8,46.3,0
2026-01-12T07:19:40.381076,17.8,46.2,0
2026-01-12T07:19:42.635345,17.7,46.1,0
2026-01-12T07:19:44.889718,17.8,46.1,0
2026-01-12T07:19:47.143816,17.8,46.1,0
2026-01-12T07:19:49.398404,17.8,46.1,0
2026-01-12T07:19:51.652741,17.8,46.2,0
2026-01-12T07:19:53.906829,17.8,46.1,1
2026-01-12T07:19:56.161093,17.8,46.1,1
2026-01-12T07:19:58.415275,17.8,46.1,1
2026-01-12T07:20:00.669454,17.8,46.2,1
2026-01-12T07:20:02.923620,17.7,46.1,1
2026-01-12T07:20:05.178071,17.8,46.2,1
2026-01-12T07:20:07.432589,17.8,46.2,1
2026-01-12T07:20:09.687342,17.8,46.2,1
2026-01-12T07:20:11.941877,17.8,46.2,1
2026-01-12T07:20:14.196086,17.8,46.1,1
2026-01-12T07:20:16.450716,17.8,46.1,1
2026-01-12T07:20:18.705054,17.8,46.1,1
2026-01-12T07:20:20.959412,17.8,46.1,1
2026-01-12T07:20:23.214042,17.8,46.1,1
2026-01-12T07:20:25.468406,17.7,45.9,1
2026-01-12T07:20:27.722523,17.8,46.1,1
2026-01-12T07:20:29.976869,17.8,46.0,1
2026-01-12T07:20:32.231124,17.8,46.1,1
2026-01-12T07:20:34.485497,17.8,46.0,0
2026-01-12T07:20:36.739838,17.8,46.1,0
2026-01-12T07:20:38.994351,17.8,46.0,0
2026-01-12T07:20:41.248309,17.8,45.9,0
2026-01-12T07:20:43.503173,17.8,45.9,0
2026-01-12T07:20:45.757817,17.8,45.9,0
2026-01-12T07:20:48.011967,17.7,45.8,0
2026-01-12T07:20:50.266583,17.8,46.0,1
2026-01-12T07:20:52.521298,17.8,45.9,1
2026-01-12T07:20:54.775334,17.8,45.9,1
2026-01-12T07:20:57.029970,17.8,45.9,1
2026-01-12T07:20:59.284120,17.8,45.9,1
2026-01-12T07:21:01.538778,17.7,45.9,1
2026-01-12T07:21:03.793490,17.8,45.9,1
2026-01-12T07:21:06.047868,17.8,46.0,1
2026-01-12T07:21:08.302355,17.8,46.0,1
2026-01-12T07:21:10.557024,17.8,46.0,1
2026-01-12T07:21:12.813709,17.8,46.1,1
2026-01-12T07:21:15.068150,17.8,46.1,1
2026-01-12T07:21:17.322819,17.8,46.1,1
2026-01-12T07:21:19.577515,17.8,46.2,1
2026-01-12T07:21:21.831648,17.7,46.1,1
2026-01-12T07:21:24.086423,17.7,46.2,1
2026-01-12T07:21:26.340371,17.8,46.3,1
2026-01-12T07:21:28.594757,17.8,46.3,1
2026-01-12T07:21:30.929444,17.8,46.3,0
2026-01-12T07:21:33.183736,17.8,46.3,0
2026-01-12T07:21:35.438104,17.7,46.3,0
2026-01-12T07:21:37.692665,17.7,46.3,0
2026-01-12T07:21:39.946742,17.8,46.4,0
2026-01-12T07:21:42.200817,17.8,46.4,0
2026-01-12T07:21:44.455351,17.8,46.4,1
2026-01-12T07:21:46.710008,17.8,46.4,1
2026-01-12T07:21:48.964052,17.8,46.4,1
2026-01-12T07:21:51.218806,17.8,46.4,1
2026-01-12T07:21:53.473330,17.8,46.5,1
2026-01-12T07:21:55.727735,17.8,46.5,1
2026-01-12T07:21:57.982427,17.8,46.4,1
2026-01-12T07:22:00.237026,17.7,46.4,1
2026-01-12T07:22:02.491118,17.8,46.5,1
2026-01-12T07:22:04.745807,17.7,46.4,1
2026-01-12T07:22:07.000139,17.8,46.5,1
2026-01-12T07:22:09.254425,17.8,46.5,1
2026-01-12T07:22:11.508616,17.8,46.5,1
2026-01-12T07:22:13.763396,17.7,46.5,1
2026-01-12T07:22:16.017835,17.8,46.5,1
2026-01-12T07:22:18.272224,17.8,46.5,1
2026-01-12T07:22:20.526862,17.8,46.6,1
2026-01-12T07:22:22.781245,17.8,46.6,1
2026-01-12T07:22:25.035402,17.8,46.6,1
2026-01-12T07:22:27.289863,17.7,46.5,0
2026-01-12T07:22:29.543946,17.8,46.6,0
2026-01-12T07:22:31.798606,17.8,46.6,0
2026-01-12T07:22:34.053089,17.8,46.6,0
2026-01-12T07:22:36.307578,17.8,46.6,0
2026-01-12T07:22:38.562245,17.8,46.6,0
2026-01-12T07:22:40.816752,17.8,46.5,1
2026-01-12T07:22:43.070799,17.8,46.5,1
2026-01-12T07:22:45.325393,17.8,46.5,1
2026-01-12T07:22:47.579502,17.8,46.5,1
2026-01-12T07:22:49.833944,17.8,46.5,1
2026-01-12T07:22:52.088521,17.8,46.5,1
2026-01-12T07:22:54.343145,17.8,46.5,1
2026-01-12T07:22:56.597356,17.8,46.5,1
2026-01-12T07:22:58.851702,17.8,46.4,1
2026-01-12T07:23:01.106210,17.8,46.5,1
2026-01-12T07:23:03.360274,17.8,46.5,1
2026-01-12T07:23:05.615049,17.8,46.4,1
2026-01-12T07:23:07.871790,17.8,46.4,1
2026-01-12T07:23:10.126184,17.8,46.5,1
2026-01-12T07:23:12.380799,17.8,46.5,1
2026-01-12T07:23:14.634845,17.8,46.5,1
2026-01-12T07:23:16.889088,17.7,46.4,1
2026-01-12T07:23:19.143588,17.8,46.5,1
2026-01-12T07:23:21.398102,17.8,46.5,1
2026-01-12T07:23:23.652426,17.8,46.5,0
2026-01-12T07:23:25.907239,17.8,46.5,0
2026-01-12T07:23:28.161640,17.8,46.5,0
2026-01-12T07:23:30.415870,17.8,46.5,0
2026-01-12T07:23:32.670471,17.8,46.5,0
2026-01-12T07:23:34.925067,17.8,46.5,0
2026-01-12T07:23:37.179380,17.8,46.5,1
2026-01-12T07:23:39.433922,17.8,46.6,1
2026-01-12T07:23:41.688191,17.8,46.6,1
2026-01-12T07:23:43.942738,17.8,46.5,1
2026-01-12T07:23:46.197110,17.8,46.5,1
2026-01-12T07:23:48.451723,17.8,46.5,1
2026-01-12T07:23:50.706239,17.8,46.5,1
2026-01-12T07:23:52.960805,17.8,46.5,1
2026-01-12T07:23:55.215155,17.8,46.5,1
2026-01-12T07:23:57.469686,17.8,46.5,1
2026-01-12T07:23:59.724440,17.8,46.5,1
2026-01-12T07:24:01.979120,17.8,46.5,1
2026-01-12T07:24:04.233489,17.8,46.4,1
2026-01-12T07:24:06.487868,17.8,46.5,1
2026-01-12T07:24:08.742551,17.8,46.5,1
2026-01-12T07:24:10.997028,17.8,46.5,1
2026-01-12T07:24:13.251313,17.8,46.5,1
2026-01-12T07:24:15.505819,17.8,46.4,1
2026-01-12T07:24:17.759829,17.8,46.5,1
2026-01-12T07:24:20.014571,17.8,46.5,0
2026-01-12T07:24:22.268881,17.8,46.5,0
2026-01-12T07:24:24.523107,17.8,46.4,0
2026-01-12T07:24:26.777807,17.8,46.5,0
2026-01-12T07:24:29.031995,17.8,46.5,0
2026-01-12T07:24:31.286439,17.8,46.4,0
2026-01-12T07:24:33.540765,17.8,46.5,1
2026-01-12T07:24:35.794954,17.8,46.5,1
2026-01-12T07:24:38.049257,17.8,46.4,1
2026-01-12T07:24:40.303818,17.8,46.5,1
2026-01-12T07:24:42.558344,17.8,46.5,1
2026-01-12T07:24:44.812518,17.8,46.4,1
2026-01-12T07:24:47.067304,17.8,46.5,1
2026-01-12T07:24:49.321815,17.8,46.5,1
2026-01-12T07:24:51.576422,17.8,46.5,1
2026-01-12T07:24:53.831269,17.8,46.4,1
2026-01-12T07:24:56.085858,17.8,46.4,1
2026-01-12T07:24:58.340022,17.8,46.4,1
2026-01-12T07:25:00.594259,17.8,46.4,1
2026-01-12T07:25:02.848409,17.8,46.4,1
2026-01-12T07:25:05.102968,17.8,46.4,1
2026-01-12T07:25:07.357439,17.8,46.4,1
2026-01-12T07:25:09.611607,17.8,46.4,1
2026-01-12T07:25:11.865941,17.8,46.4,1
2026-01-12T07:25:14.120293,17.8,46.4,1
2026-01-12T07:25:16.374944,17.8,46.5,0
2026-01-12T07:25:18.629421,17.7,46.4,0
2026-01-12T07:25:20.883647,17.7,46.5,0
2026-01-12T07:25:23.138088,17.8,46.5,0
2026-01-12T07:25:25.392310,17.8,46.6,0
2026-01-12T07:25:27.647165,17.8,46.6,0
2026-01-12T07:25:29.901463,17.8,46.5,1
2026-01-12T07:25:32.155492,17.8,46.6,1
2026-01-12T07:25:34.409594,17.7,46.5,1
2026-01-12T07:25:36.663899,17.8,46.6,1
2026-01-12T07:25:38.918367,17.8,46.6,1
2026-01-12T07:25:41.172745,17.8,46.5,1
2026-01-12T07:25:43.426834,17.8,46.6,1
2026-01-12T07:25:45.681302,17.8,46.6,1
2026-01-12T07:25:47.935716,17.8,46.5,1
2026-01-12T07:25:50.190287,17.8,46.5,1
2026-01-12T07:25:52.444656,17.8,46.6,1
2026-01-12T07:25:54.699534,17.7,46.5,1
2026-01-12T07:25:56.953976,17.8,46.5,1
2026-01-12T07:25:59.208521,17.8,46.5,1
2026-01-12T07:26:01.463346,17.8,46.5,1
2026-01-12T07:26:03.717963,17.8,46.5,1
2026-01-12T07:26:05.972118,17.8,46.5,1
2026-01-12T07:26:08.226882,17.8,46.5,1
2026-01-12T07:26:10.481383,17.8,46.5,1
2026-01-12T07:26:12.735767,17.8,46.5,0
2026-01-12T07:26:14.990400,17.7,46.4,0
2026-01-12T07:26:17.244680,17.8,46.5,0
2026-01-12T07:26:19.499230,17.8,46.4,0
2026-01-12T07:26:21.753856,17.8,46.4,0
2026-01-12T07:26:24.008132,17.8,46.5,0
2026-01-12T07:26:26.262704,17.8,46.5,0
2026-01-12T07:26:28.517208,17.8,46.4,1
2026-01-12T07:26:30.771795,17.8,46.5,1
2026-01-12T07:26:33.026120,17.7,46.4,1
2026-01-12T07:26:35.280723,17.8,46.4,1
2026-01-12T07:26:37.535262,17.7,46.4,1
2026-01-12T07:26:39.789752,17.8,46.5,1
2026-01-12T07:26:42.044169,17.7,46.4,1
2026-01-12T07:26:44.299616,17.8,46.5,1
2026-01-12T07:26:46.554134,17.8,46.4,1
2026-01-12T07:26:48.808662,17.8,46.3,1
2026-01-12T07:26:51.063208,17.8,46.3,1
2026-01-12T07:26:53.317423,17.7,46.2,1
2026-01-12T07:26:55.571920,17.8,46.2,1
2026-01-12T07:26:57.826559,17.8,46.2,1
2026-01-12T07:27:00.081045,17.8,46.2,1
2026-01-12T07:27:02.335703,17.7,46.1,1
2026-01-12T07:27:04.589805,17.8,46.1,1
2026-01-12T07:27:06.844257,17.7,46.1,1
2026-01-12T07:27:09.099005,17.8,46.2,0
2026-01-12T07:27:11.353441,17.8,46.1,0
2026-01-12T07:27:13.607833,17.8,46.1,0
2026-01-12T07:27:15.862493,17.8,46.1,0
2026-01-12T07:27:18.117023,17.8,46.1,0
2026-01-12T07:27:20.371497,17.8,46.1,0
2026-01-12T07:27:22.626232,17.8,46.2,0
2026-01-12T07:27:24.880480,17.8,46.2,1
2026-01-12T07:27:27.135015,17.7,46.1,1
2026-01-12T07:27:29.389659,17.7,46.1,1
2026-01-12T07:27:31.644126,17.8,44.1,1
2026-01-12T07:27:33.898527,17.8,46.3,1
2026-01-12T07:27:36.152845,17.7,46.2,1
2026-01-12T07:27:38.407248,17.7,46.2,1
2026-01-12T07:27:40.661832,17.8,46.3,1
2026-01-12T07:27:42.916095,17.8,46.3,1
2026-01-12T07:27:45.170584,17.8,46.3,1
2026-01-12T07:27:47.424810,17.7,46.3,1
2026-01-12T07:27:49.679058,17.8,46.3,1
2026-01-12T07:27:51.933600,17.8,46.3,1
2026-01-12T07:27:54.187472,17.8,46.3,1
2026-01-12T07:27:56.442140,17.8,46.3,1
2026-01-12T07:27:58.696292,17.8,46.3,1
2026-01-12T07:28:00.950761,17.8,46.3,1
2026-01-12T07:28:03.205255,17.8,46.3,1
2026-01-12T07:28:05.459636,17.8,46.2,0
2026-01-12T07:28:07.714251,17.7,46.2,0
2026-01-12T07:28:09.968883,17.8,46.1,0
2026-01-12T07:28:12.222927,17.7,46.0,0
2026-01-12T07:28:14.477185,17.7,46.0,0
2026-01-12T07:28:16.731540,17.7,45.9,0
2026-01-12T07:28:18.986025,17.7,45.9,0
2026-01-12T07:28:21.240015,17.8,45.9,1
2026-01-12T07:28:23.494774,17.8,45.8,1
2026-01-12T07:28:25.749250,17.7,45.8,1
2026-01-12T07:28:28.003625,17.7,45.7,1
2026-01-12T07:28:30.258212,17.8,45.8,1
2026-01-12T07:28:32.512821,17.7,45.8,1
2026-01-12T07:28:34.767049,17.8,45.8,1
2026-01-12T07:28:37.021434,17.8,45.9,1
2026-01-12T07:28:39.275973,17.7,45.9,1
2026-01-12T07:28:41.530467,17.8,45.9,1
2026-01-12T07:28:43.784896,17.8,45.9,1
2026-01-12T07:28:46.039051,17.8,46.0,1
2026-01-12T07:28:48.293007,17.7,45.9,1
2026-01-12T07:28:50.547282,17.8,46.0,1
2026-01-12T07:28:52.801759,17.7,45.9,1
2026-01-12T07:28:55.055749,17.7,45.9,1
2026-01-12T07:28:57.310338,17.8,46.0,1
2026-01-12T07:28:59.564831,17.7,45.9,1
2026-01-12T07:29:01.818827,17.7,45.9,0
2026-01-12T07:29:04.073408,17.8,46.0,0
2026-01-12T07:29:06.327385,17.8,46.0,0
2026-01-12T07:29:08.581563,17.8,46.1,0
2026-01-12T07:29:10.835965,17.7,46.0,0
2026-01-12T07:29:13.090249,17.7,46.1,0
2026-01-12T07:29:15.344584,17.7,46.0,0
2026-01-12T07:29:17.599336,17.7,45.9,1
2026-01-12T07:29:19.853829,17.7,45.9,1
2026-01-12T07:29:22.108259,17.7,45.9,1
2026-01-12T07:29:24.363028,17.7,45.9,1
2026-01-12T07:29:26.617591,17.7,45.9,1
2026-01-12T07:29:28.871552,17.7,46.0,1
2026-01-12T07:29:31.126169,17.7,45.9,1
2026-01-12T07:29:33.380214,17.8,46.0,1
2026-01-12T07:29:35.634838,17.8,46.1,1
2026-01-12T07:29:37.889312,17.7,46.0,1
2026-01-12T07:29:40.143437,17.8,46.1,1
2026-01-12T07:29:42.397862,17.7,46.1,1
2026-01-12T07:29:44.652501,17.7,46.2,1
2026-01-12T07:29:46.907071,17.7,46.2,1
2026-01-12T07:29:49.161497,17.8,46.3,1
2026-01-12T07:29:51.415889,17.7,46.3,1
2026-01-12T07:29:53.670445,17.8,46.3,1
2026-01-12T07:29:55.924700,17.7,46.3,1
2026-01-12T07:29:58.179462,17.8,46.4,0
2026-01-12T07:30:00.434093,17.7,46.4,0
2026-01-12T07:30:02.688629,17.8,46.4,0
2026-01-12T07:30:04.943246,17.7,46.4,0
2026-01-12T07:30:07.197667,17.7,46.5,0
2026-01-12T07:30:09.451907,17.7,46.5,0
2026-01-12T07:30:11.706696,17.7,46.5,0
2026-01-12T07:30:13.961228,17.7,46.5,1
2026-01-12T07:30:16.215624,17.7,46.6,1
2026-01-12T07:30:18.470241,17.7,46.6,1
2026-01-12T07:30:20.724620,17.7,46.6,1
2026-01-12T07:30:22.979132,17.7,46.6,1
2026-01-12T07:30:25.233366,17.7,46.7,1
2026-01-12T07:30:27.487442,17.7,46.6,1
2026-01-12T07:30:29.741992,17.7,46.7,1
2026-01-12T07:30:31.996570,17.7,46.6,1
2026-01-12T07:30:34.250542,17.8,46.6,1
2026-01-12T07:30:36.504624,17.8,46.6,1
2026-01-12T07:30:38.759523,17.7,46.6,1
2026-01-12T07:30:41.015790,17.7,46.6,1
2026-01-12T07:30:43.270245,17.7,46.6,1
2026-01-12T07:30:45.524505,17.8,46.6,1
2026-01-12T07:30:47.779193,17.7,46.5,1
2026-01-12T07:30:50.033513,17.7,46.6,1
2026-01-12T07:30:52.287650,17.8,46.7,1
2026-01-12T07:30:54.542453,17.8,46.7,0
2026-01-12T07:30:56.796640,17.7,46.7,0
2026-01-12T07:30:59.051289,17.7,46.7,0
2026-01-12T07:31:01.305768,17.7,46.7,0
2026-01-12T07:31:03.559997,17.7,46.7,0
2026-01-12T07:31:05.814714,17.7,46.7,0
2026-01-12T07:31:08.068789,17.7,46.7,0
2026-01-12T07:31:10.322998,17.7,46.7,1
2026-01-12T07:31:12.577559,17.7,46.7,1
2026-01-12T07:31:14.831907,17.8,46.7,1
2026-01-12T07:31:17.086390,17.7,46.6,1
2026-01-12T07:31:19.340666,17.7,46.6,1
2026-01-12T07:31:21.594847,17.7,46.5,1
2026-01-12T07:31:23.849290,17.7,46.5,1
2026-01-12T07:31:26.103667,17.7,46.4,1
2026-01-12T07:31:28.358231,17.7,46.4,1
2026-01-12T07:31:30.612638,17.7,46.5,1
2026-01-12T07:31:32.867398,17.7,46.4,1
2026-01-12T07:31:35.121858,17.7,46.5,1
2026-01-12T07:31:37.375791,17.7,46.4,1
2026-01-12T07:31:39.630438,17.7,46.4,1
2026-01-12T07:31:41.884627,17.7,46.5,1
2026-01-12T07:31:44.139251,17.7,46.5,1
2026-01-12T07:31:46.393926,17.7,46.5,1
2026-01-12T07:31:48.648238,17.7,46.6,1
2026-01-12T07:31:50.902839,17.7,46.6,0
2026-01-12T07:31:53.157268,17.8,46.7,0
2026-01-12T07:31:55.411647,17.8,46.7,0
2026-01-12T07:31:57.666200,17.7,46.6,0
2026-01-12T07:31:59.920974,17.7,46.6,0
2026-01-12T07:32:02.175045,17.7,46.6,0
2026-01-12T07:32:04.429480,17.7,46.5,1
2026-01-12T07:32:06.684161,17.7,46.4,1
2026-01-12T07:32:08.938880,17.7,46.4,1
2026-01-12T07:32:11.193152,17.7,46.4,1
2026-01-12T07:32:13.447413,17.7,46.4,1
2026-01-12T07:32:15.701717,17.7,46.4,1
2026-01-12T07:32:17.955841,17.7,46.4,1
2026-01-12T07:32:20.210478,17.7,46.4,1
2026-01-12T07:32:22.465001,17.7,46.3,1
2026-01-12T07:32:24.719412,17.7,46.4,1
2026-01-12T07:32:26.974163,17.7,46.3,1
2026-01-12T07:32:29.228338,17.8,46.3,1
2026-01-12T07:32:31.482908,17.7,46.3,1
2026-01-12T07:32:33.737591,17.7,46.3,1
2026-01-12T07:32:35.992204,17.7,46.3,1
2026-01-12T07:32:38.246521,17.8,46.3,1
2026-01-12T07:32:40.500779,17.7,46.3,1
2026-01-12T07:32:42.755457,17.7,46.2,1
2026-01-12T07:32:45.010014,17.7,46.1,1
2026-01-12T07:32:47.264455,17.7,46.2,0
2026-01-12T07:32:49.518993,17.7,46.1,0
2026-01-12T07:32:51.785269,17.7,46.1,0
2026-01-12T07:32:54.039786,17.7,46.1,0
2026-01-12T07:32:56.294267,17.7,46.1,0
2026-01-12T07:32:58.548895,17.7,46.1,0
2026-01-12T07:33:00.803649,17.7,46.1,1
2026-01-12T07:33:03.058177,17.7,46.1,1
2026-01-12T07:33:05.312433,17.7,46.1,1
2026-01-12T07:33:07.567322,17.8,46.1,1
2026-01-12T07:33:09.821900,17.7,46.1,1
2026-01-12T07:33:12.076450,17.7,46.1,1
2026-01-12T07:33:14.331219,17.7,46.1,1
2026-01-12T07:33:16.586299,17.7,46.1,1
2026-01-12T07:33:18.840622,17.7,46.1,1
2026-01-12T07:33:21.095491,17.7,46.0,1
2026-01-12T07:33:23.350049,17.7,46.1,1
2026-01-12T07:33:25.604722,17.8,46.1,1
2026-01-12T07:33:27.859510,17.7,46.0,1
2026-01-12T07:33:30.114122,17.7,46.0,1
2026-01-12T07:33:32.368558,17.8,46.0,1
2026-01-12T07:33:34.623429,17.8,46.1,1
2026-01-12T07:33:36.877920,17.8,46.0,1
2026-01-12T07:33:39.132265,17.7,46.0,1
2026-01-12T07:33:41.386842,17.7,46.1,1
2026-01-12T07:33:43.641517,17.7,46.1,0
2026-01-12T07:33:45.895845,17.7,46.1,0
2026-01-12T07:33:48.150606,17.7,46.2,0
2026-01-12T07:33:50.405022,17.8,46.3,0
2026-01-12T07:33:52.659258,17.7,46.2,0
2026-01-12T07:33:54.914055,17.8,46.3,0
2026-01-12T07:33:57.168421,17.8,46.3,1
2026-01-12T07:33:59.422910,17.7,46.3,1
2026-01-12T07:34:01.677515,17.7,46.3,1
2026-01-12T07:34:03.932100,17.7,46.3,1
2026-01-12T07:34:06.186637,17.7,46.3,1
2026-01-12T07:34:08.441333,17.7,46.3,1
2026-01-12T07:34:10.695963,17.7,46.3,1
2026-01-12T07:34:12.950542,17.7,46.3,1
2026-01-12T07:34:15.205182,17.8,46.3,1
2026-01-12T07:34:17.459589,17.7,46.3,1
2026-01-12T07:34:19.714226,17.7,46.3,1
2026-01-12T07:34:21.968794,17.7,46.3,1
2026-01-12T07:34:24.223331,17.8,46.3,1
2026-01-12T07:34:26.477630,17.7,46.3,1
2026-01-12T07:34:28.732203,17.7,46.3,1
2026-01-12T07:34:30.986830,17.8,46.3,1
2026-01-12T07:34:33.241232,17.7,46.2,1
2026-01-12T07:34:35.495880,17.7,46.2,1
2026-01-12T07:34:37.750521,17.8,46.2,1
2026-01-12T07:34:40.005007,17.8,46.2,0
2026-01-12T07:34:42.259361,17.7,46.1,0
2026-01-12T07:34:44.513690,17.7,46.1,0
2026-01-12T07:34:46.768221,17.7,46.1,0
2026-01-12T07:34:49.023000,17.7,46.1,0
2026-01-12T07:34:51.277630,17.8,46.1,0
2026-01-12T07:34:53.532209,17.8,46.1,1
2026-01-12T07:34:55.787149,17.7,46.1,1
2026-01-12T07:34:58.041570,17.7,46.1,1
2026-01-12T07:35:00.295955,17.7,46.1,1
2026-01-12T07:35:02.550749,17.7,46.1,1
2026-01-12T07:35:04.807119,17.7,46.1,1
2026-01-12T07:35:07.061535,17.7,46.1,1
2026-01-12T07:35:09.316149,17.7,46.1,1
2026-01-12T07:35:11.570823,17.8,46.1,1
2026-01-12T07:35:13.825400,17.8,46.2,1
2026-01-12T07:35:16.080019,17.8,46.2,1
2026-01-12T07:35:18.334667,17.7,46.2,1
2026-01-12T07:35:20.588732,17.8,46.2,1
2026-01-12T07:35:22.842942,17.7,46.1,1
2026-01-12T07:35:25.097458,17.8,46.2,1
2026-01-12T07:35:27.351913,17.7,46.2,1
2026-01-12T07:35:29.606606,17.7,46.2,1
2026-01-12T07:35:31.861052,17.8,46.2,1
2026-01-12T07:35:34.115497,17.8,46.3,1
2026-01-12T07:35:36.370252,17.8,46.3,0
2026-01-12T07:35:38.626633,17.8,46.2,0
2026-01-12T07:35:40.880753,17.8,46.3,0
2026-01-12T07:35:43.135111,17.7,46.3,0
2026-01-12T07:35:45.389671,17.7,46.3,0
2026-01-12T07:35:47.644307,17.8,46.3,0
2026-01-12T07:35:49.899040,17.7,46.3,1
2026-01-12T07:35:52.153340,17.8,46.3,1
2026-01-12T07:35:54.407501,17.7,46.3,1
2026-01-12T07:35:56.662141,17.7,46.3,1
2026-01-12T07:35:58.916571,17.7,46.2,1
2026-01-12T07:36:01.171024,17.7,46.1,1
2026-01-12T07:36:03.425786,17.7,46.0,1
2026-01-12T07:36:05.680276,17.7,45.9,1
2026-01-12T07:36:07.934849,17.7,45.9,1
2026-01-12T07:36:10.189296,17.8,46.0,1
2026-01-12T07:36:12.443721,17.8,46.0,1
2026-01-12T07:36:14.698348,17.7,45.9,1
2026-01-12T07:36:16.952884,17.7,45.8,1
2026-01-12T07:36:19.207145,17.7,45.8,1
2026-01-12T07:36:21.461690,17.8,45.8,1
2026-01-12T07:36:23.716394,17.7,45.8,1
2026-01-12T07:36:25.971045,17.8,45.8,1
2026-01-12T07:36:28.225425,17.7,45.7,1
2026-01-12T07:36:30.479992,17.7,45.7,1
2026-01-12T07:36:32.734668,17.7,45.7,0
2026-01-12T07:36:34.989162,17.7,45.7,0
2026-01-12T07:36:37.243629,17.7,45.7,0
2026-01-12T07:36:39.498181,17.7,45.7,0
2026-01-12T07:36:41.752543,17.7,45.8,0
2026-01-12T07:36:44.007309,17.7,45.8,0
2026-01-12T07:36:46.261695,17.7,45.8,1
2026-01-12T07:36:48.517012,17.7,45.8,1
2026-01-12T07:36:50.771520,17.7,45.8,1
2026-01-12T07:36:53.026107,17.8,45.8,1
2026-01-12T07:36:55.280321,17.8,45.8,1
2026-01-12T07:36:57.535165,17.7,45.8,1
2026-01-12T07:36:59.789580,17.7,45.8,1
2026-01-12T07:37:02.044076,17.8,45.8,1
2026-01-12T07:37:04.298873,17.7,45.8,1
2026-01-12T07:37:06.553631,17.7,45.7,1
2026-01-12T07:37:08.807902,17.7,45.7,1
2026-01-12T07:37:11.062530,17.7,45.7,1
2026-01-12T07:37:13.316816,17.8,45.8,1
2026-01-12T07:37:15.571383,17.7,45.7,1
2026-01-12T07:37:17.826103,17.7,45.7,1
2026-01-12T07:37:20.080264,17.7,45.7,1
2026-01-12T07:37:22.334736,17.7,45.7,1
2026-01-12T07:37:24.588968,17.7,45.8,1
2026-01-12T07:37:26.843151,17.7,45.8,1
2026-01-12T07:37:29.097294,17.7,45.9,0
2026-01-12T07:37:31.351687,17.7,46.0,0
2026-01-12T07:37:33.606335,17.7,46.0,0
2026-01-12T07:37:35.860364,17.7,46.1,0
2026-01-12T07:37:38.115075,17.7,46.1,0
2026-01-12T07:37:40.369681,17.7,46.1,0
2026-01-12T07:37:42.624276,17.7,46.1,0
2026-01-12T07:37:44.879069,17.7,46.1,1
2026-01-12T07:37:47.133596,17.7,46.1,1
2026-01-12T07:37:49.388218,17.7,46.0,1
2026-01-12T07:37:51.643071,17.7,46.0,1
2026-01-12T07:37:53.897464,17.7,46.0,1
2026-01-12T07:37:56.151984,17.7,46.0,1
2026-01-12T07:37:58.406633,17.7,46.0,1
2026-01-12T07:38:00.661093,17.7,46.1,1
2026-01-12T07:38:02.915633,17.7,46.1,1
2026-01-12T07:38:05.170252,17.7,46.1,1
2026-01-12T07:38:07.424460,17.7,46.0,1
2026-01-12T07:38:09.679134,17.7,46.0,1
2026-01-12T07:38:11.933674,17.7,46.0,1
2026-01-12T07:38:14.188303,17.7,46.0,1
2026-01-12T07:38:16.442831,17.7,46.0,1
2026-01-12T07:38:18.697634,17.7,46.1,1
2026-01-12T07:38:20.951680,17.7,46.0,1
2026-01-12T07:38:23.206124,17.7,45.9,1
2026-01-12T07:38:25.460834,17.7,46.0,0
2026-01-12T07:38:27.715370,17.7,45.9,0
2026-01-12T07:38:29.969759,17.7,45.9,0
2026-01-12T07:38:32.224496,17.7,45.9,0
2026-01-12T07:38:34.479070,17.7,45.9,0
2026-01-12T07:38:36.733647,17.7,45.8,0
2026-01-12T07:38:38.988188,17.7,45.8,1
2026-01-12T07:38:41.242785,17.8,45.8,1
2026-01-12T07:38:43.497108,17.7,45.7,1
2026-01-12T07:38:45.751846,17.7,45.7,1
2026-01-12T07:38:48.006502,17.7,45.7,1
2026-01-12T07:38:50.260795,17.7,45.7,1
2026-01-12T07:38:52.515332,17.7,45.7,1
2026-01-12T07:38:54.770016,17.7,45.7,1
2026-01-12T07:38:57.024016,17.7,45.7,1
2026-01-12T07:38:59.278838,17.7,45.7,1
2026-01-12T07:39:01.533477,17.7,45.7,1
2026-01-12T07:39:03.787995,17.7,45.8,1
2026-01-12T07:39:06.042712,17.7,45.8,1
2026-01-12T07:39:08.297233,17.7,45.8,1
2026-01-12T07:39:10.551839,17.7,45.8,1
2026-01-12T07:39:12.806613,17.7,45.8,1
2026-01-12T07:39:15.060742,17.7,45.8,1
2026-01-12T07:39:17.314789,17.7,45.8,1
2026-01-12T07:39:19.569534,17.7,45.8,1
2026-01-12T07:39:21.823691,17.7,45.9,0
2026-01-12T07:39:24.078162,17.7,45.9,0
2026-01-12T07:39:26.332413,17.7,45.9,0
2026-01-12T07:39:28.586747,17.7,45.9,0
2026-01-12T07:39:30.841168,17.7,45.9,0
2026-01-12T07:39:33.095292,17.7,45.9,0
2026-01-12T07:39:35.349808,17.7,46.0,1
2026-01-12T07:39:37.603993,17.7,46.0,1
2026-01-12T07:39:39.858741,17.7,46.0,1
2026-01-12T07:39:42.113044,17.7,46.0,1
2026-01-12T07:39:44.367407,17.7,45.9,1
2026-01-12T07:39:46.622154,17.7,46.0,1
2026-01-12T07:39:48.876549,17.7,46.0,1
2026-01-12T07:39:51.131078,17.7,46.1,1
2026-01-12T07:39:53.385319,17.7,46.1,1
2026-01-12T07:39:55.639996,17.7,46.0,1
2026-01-12T07:39:57.894442,17.7,46.1,1
2026-01-12T07:40:00.148912,17.7,46.1,1
2026-01-12T07:40:02.402996,17.7,46.0,1
2026-01-12T07:40:04.657448,17.7,46.1,1
2026-01-12T07:40:06.912167,17.7,46.1,1
2026-01-12T07:40:09.166744,17.7,46.0,1
2026-01-12T07:40:11.421037,17.7,45.9,1
2026-01-12T07:40:13.675598,17.7,46.0,1
2026-01-12T07:40:15.931884,17.7,45.9,1
2026-01-12T07:40:18.186277,17.7,45.9,0
2026-01-12T07:40:20.440886,17.7,45.9,0
2026-01-12T07:40:22.695464,17.7,45.9,0
2026-01-12T07:40:24.949610,17.7,45.8,0
2026-01-12T07:40:27.203790,17.7,45.8,0
2026-01-12T07:40:29.458413,17.7,45.9,0
2026-01-12T07:40:31.712842,17.7,45.9,0
2026-01-12T07:40:33.967450,17.7,45.9,1
2026-01-12T07:40:36.221878,17.7,45.9,1
2026-01-12T07:40:38.476291,17.7,45.8,1
2026-01-12T07:40:40.731219,17.7,45.9,1
2026-01-12T07:40:42.985768,17.7,45.9,1
2026-01-12T07:40:45.240044,17.7,46.0,1
2026-01-12T07:40:47.494768,17.7,45.9,1
2026-01-12T07:40:49.749289,17.7,45.9,1
2026-01-12T07:40:52.003778,17.7,45.9,1
2026-01-12T07:40:54.258518,17.7,46.0,1
2026-01-12T07:40:56.513006,17.7,45.9,1
2026-01-12T07:40:58.767354,17.7,45.9,1
2026-01-12T07:41:01.021933,17.7,45.8,1
2026-01-12T07:41:03.276569,17.7,45.8,1
2026-01-12T07:41:05.531246,17.7,45.8,1
2026-01-12T07:41:07.785984,17.7,45.8,1
2026-01-12T07:41:10.040354,17.7,45.7,1
2026-01-12T07:41:12.294869,17.7,45.7,1
2026-01-12T07:41:14.549607,17.7,45.8,0
2026-01-12T07:41:16.804393,17.7,45.8,0
2026-01-12T07:41:19.058917,17.7,45.8,0
2026-01-12T07:41:21.313452,17.7,45.8,0
2026-01-12T07:41:23.567926,17.7,45.8,0
2026-01-12T07:41:25.822498,17.7,45.8,0
2026-01-12T07:41:28.077146,17.7,45.8,0
2026-01-12T07:41:30.331721,17.7,45.9,1
2026-01-12T07:41:32.585834,17.7,45.9,1
2026-01-12T07:41:34.840515,17.7,45.9,1
2026-01-12T07:41:37.095207,17.7,46.0,1
2026-01-12T07:41:39.349725,17.7,46.1,1
2026-01-12T07:41:41.604408,17.7,46.1,1
2026-01-12T07:41:43.859077,17.7,46.2,1
2026-01-12T07:41:46.113618,17.7,46.2,1
2026-01-12T07:41:48.368256,17.7,46.3,1
2026-01-12T07:41:50.623033,17.7,46.2,1
2026-01-12T07:41:52.877468,17.7,46.2,1
2026-01-12T07:41:55.132205,17.7,46.2,1
2026-01-12T07:41:57.386390,17.7,46.2,1
2026-01-12T07:41:59.640915,17.7,46.1,1
2026-01-12T07:42:01.895358,17.7,46.1,1
2026-01-12T07:42:04.149795,17.7,46.1,1
2026-01-12T07:42:06.404114,17.7,46.1,1
2026-01-12T07:42:08.659011,17.7,46.0,1
2026-01-12T07:42:10.913544,17.7,46.0,0
2026-01-12T07:42:13.167972,17.7,46.0,0
2026-01-12T07:42:15.422626,17.7,45.9,0
2026-01-12T07:42:17.676767,17.7,45.9,0
2026-01-12T07:42:19.931141,17.7,46.0,0
2026-01-12T07:42:22.185762,17.7,46.1,0
2026-01-12T07:42:24.440219,17.7,46.1,0
2026-01-12T07:42:26.694943,17.7,46.1,1
2026-01-12T07:42:28.949441,17.7,46.1,1
2026-01-12T07:42:31.203770,17.7,46.1,1
2026-01-12T07:42:33.458202,17.7,46.1,1
2026-01-12T07:42:35.712829,17.7,46.1,1
2026-01-12T07:42:37.966952,17.7,46.0,1
2026-01-12T07:42:40.221466,17.7,46.0,1
2026-01-12T07:42:42.475617,17.7,45.9,1
2026-01-12T07:42:44.730359,17.7,45.9,1
2026-01-12T07:42:46.984652,17.7,45.8,1
2026-01-12T07:42:49.239472,17.7,45.8,1
2026-01-12T07:42:51.494090,17.7,45.8,1
2026-01-12T07:42:53.748379,17.7,45.8,1
2026-01-12T07:42:56.003259,17.7,45.8,1
2026-01-12T07:42:58.257846,17.7,45.9,1
2026-01-12T07:43:00.512328,17.7,45.9,1
2026-01-12T07:43:02.767269,17.7,46.0,1
2026-01-12T07:43:05.021768,17.7,46.1,1
2026-01-12T07:43:07.275788,17.7,46.1,0
2026-01-12T07:43:09.530607,17.7,46.1,0
2026-01-12T07:43:11.784965,17.7,46.2,0
2026-01-12T07:43:14.039013,17.7,46.3,0
2026-01-12T07:43:16.293791,17.7,46.2,0
2026-01-12T07:43:18.548370,17.7,46.2,0
2026-01-12T07:43:20.802958,17.7,46.2,0
2026-01-12T07:43:23.057323,17.7,46.2,1
2026-01-12T07:43:25.311573,17.7,46.3,1
2026-01-12T07:43:27.565969,17.7,46.1,1
2026-01-12T07:43:29.820531,17.7,46.1,1
2026-01-12T07:43:32.075169,17.7,46.1,1
2026-01-12T07:43:34.329534,17.7,46.1,1
2026-01-12T07:43:36.583765,17.7,46.0,1
2026-01-12T07:43:38.838369,17.7,46.0,1
2026-01-12T07:43:41.092494,17.7,46.1,1
2026-01-12T07:43:43.347322,17.7,46.1,1
2026-01-12T07:43:45.601791,17.7,46.1,1
2026-01-12T07:43:47.856299,17.7,46.1,1
2026-01-12T07:43:50.111027,17.7,46.1,1
2026-01-12T07:43:52.365551,17.7,46.1,1
2026-01-12T07:43:54.619665,17.7,46.2,1
2026-01-12T07:43:56.874162,17.7,46.3,1
2026-01-12T07:43:59.128401,17.7,46.3,1
2026-01-12T07:44:01.383012,17.7,46.3,1
2026-01-12T07:44:03.637773,17.7,46.3,0
2026-01-12T07:44:05.892300,17.7,46.3,0
2026-01-12T07:44:08.146857,17.7,46.3,0
2026-01-12T07:44:10.401670,17.7,46.3,0
2026-01-12T07:44:12.655943,17.7,46.2,0
2026-01-12T07:44:14.910543,17.7,46.2,0
2026-01-12T07:44:17.164938,17.7,46.1,0
2026-01-12T07:44:19.419475,17.7,46.1,1
2026-01-12T07:44:21.673980,17.7,46.1,1
2026-01-12T07:44:23.928774,17.7,46.1,1
2026-01-12T07:44:26.185333,17.7,46.1,1
2026-01-12T07:44:28.439724,17.7,46.0,1
2026-01-12T07:44:30.694522,17.7,46.0,1
2026-01-12T07:44:32.948878,17.7,45.9,1
2026-01-12T07:44:35.203086,17.7,45.9,1
2026-01-12T07:44:37.457836,17.7,45.9,1
2026-01-12T07:44:39.712432,17.7,45.8,1
2026-01-12T07:44:41.966994,17.7,45.8,1
2026-01-12T07:44:44.221671,17.7,45.8,1
2026-01-12T07:44:46.476061,17.7,45.8,1
2026-01-12T07:44:48.730687,17.7,45.8,1
2026-01-12T07:44:50.985338,17.7,45.8,1
2026-01-12T07:44:53.239444,17.7,45.8,1
2026-01-12T07:44:55.493939,17.7,45.8,1
2026-01-12T07:44:57.748642,17.7,45.9,1
2026-01-12T07:45:00.002872,17.7,45.9,0
2026-01-12T07:45:02.257247,17.7,46.0,0
2026-01-12T07:45:04.511912,17.7,46.1,0
2026-01-12T07:45:06.766603,17.7,46.1,0
2026-01-12T07:45:09.020811,17.7,46.1,0
2026-01-12T07:45:11.275260,17.7,46.1,0
2026-01-12T07:45:13.529934,17.7,46.1,0
2026-01-12T07:45:15.784290,17.7,46.0,1
2026-01-12T07:45:18.039028,17.7,46.1,1
2026-01-12T07:45:20.293669,17.7,46.1,1
2026-01-12T07:45:22.548311,17.7,46.1,1
2026-01-12T07:45:24.803205,17.7,46.0,1
2026-01-12T07:45:27.057864,17.7,46.0,1
2026-01-12T07:45:29.312086,17.7,46.0,1
2026-01-12T07:45:31.566707,17.7,45.9,1
2026-01-12T07:45:33.905460,17.7,45.9,1
2026-01-12T07:45:36.169186,17.7,45.9,1
2026-01-12T07:45:38.423510,17.7,45.8,1
2026-01-12T07:45:40.678152,17.7,45.7,1
2026-01-12T07:45:42.932441,17.7,45.6,1
2026-01-12T07:45:45.187244,17.7,45.7,1
2026-01-12T07:45:47.441864,17.7,45.7,1
2026-01-12T07:45:49.696433,17.7,45.7,1
2026-01-12T07:45:51.951276,17.7,45.6,1
2026-01-12T07:45:54.205717,17.7,45.7,1
2026-01-12T07:45:56.459949,17.7,45.7,0
2026-01-12T07:45:58.714655,17.7,45.7,0
2026-01-12T07:46:00.969232,17.7,45.7,0
2026-01-12T07:46:03.223678,17.7,45.7,0
2026-01-12T07:46:05.478420,17.7,45.7,0
2026-01-12T07:46:07.732845,17.7,45.7,0
2026-01-12T07:46:09.986984,17.7,45.8,0
2026-01-12T07:46:12.241579,17.7,45.7,1
2026-01-12T07:46:14.495948,17.7,45.8,1
2026-01-12T07:46:16.750598,17.7,45.8,1
2026-01-12T07:46:19.005053,17.7,45.8,1
2026-01-12T07:46:21.259385,17.7,45.8,1
2026-01-12T07:46:23.513796,17.7,45.8,1
2026-01-12T07:46:25.768431,17.7,45.8,1
2026-01-12T07:46:28.022550,17.7,45.8,1
2026-01-12T07:46:30.276900,17.7,45.8,1
2026-01-12T07:46:32.531266,17.7,45.8,1
2026-01-12T07:46:34.785881,17.7,45.8,1
2026-01-12T07:46:37.040193,17.7,45.9,1
2026-01-12T07:46:39.294861,17.7,45.9,1
2026-01-12T07:46:41.549282,17.7,45.9,1
2026-01-12T07:46:43.803752,17.7,45.9,1
2026-01-12T07:46:46.058381,17.7,45.9,1
2026-01-12T07:46:48.312808,17.7,45.8,1
2026-01-12T07:46:50.567038,17.7,45.9,1
2026-01-12T07:46:52.821643,17.7,45.9,0
2026-01-12T07:46:55.076164,17.7,45.9,0
2026-01-12T07:46:57.330710,17.7,45.9,0
2026-01-12T07:46:59.584970,17.7,45.8,0
2026-01-12T07:47:01.839240,17.7,45.8,0
2026-01-12T07:47:04.093829,17.7,45.8,0
2026-01-12T07:47:06.348581,17.7,45.8,0
2026-01-12T07:47:08.605037,17.7,45.7,1
2026-01-12T07:47:10.859296,17.7,45.8,1
2026-01-12T07:47:13.113987,17.7,45.8,1
2026-01-12T07:47:15.368568,17.7,45.8,1
2026-01-12T07:47:17.623135,17.7,45.8,1
2026-01-12T07:47:19.877877,17.7,45.8,1
2026-01-12T07:47:22.132226,17.7,45.8,1
2026-01-12T07:47:24.386728,17.7,45.8,1
2026-01-12T07:47:26.641405,17.7,45.7,1
2026-01-12T07:47:28.895892,17.7,45.8,1
2026-01-12T07:47:31.150420,17.7,45.8,1
2026-01-12T07:47:33.404795,17.7,45.8,1
2026-01-12T07:47:35.659389,17.7,45.8,1
2026-01-12T07:47:37.913905,17.7,45.8,1
2026-01-12T07:47:40.168361,17.7,45.8,1
2026-01-12T07:47:42.423059,17.7,45.7,1
2026-01-12T07:47:44.677600,17.7,45.8,1
2026-01-12T07:47:46.932305,17.7,45.8,1
2026-01-12T07:47:49.186983,17.7,45.7,0
2026-01-12T07:47:51.441542,17.7,45.8,0
2026-01-12T07:47:53.696284,17.7,45.8,0
2026-01-12T07:47:55.950953,17.7,45.8,0
2026-01-12T07:47:58.205365,17.7,45.9,0
2026-01-12T07:48:00.459882,17.7,45.9,0
2026-01-12T07:48:02.714534,17.7,46.0,0
2026-01-12T07:48:04.968930,17.7,46.1,1
2026-01-12T07:48:07.223329,17.7,46.1,1
2026-01-12T07:48:09.477728,17.7,46.1,1
2026-01-12T07:48:11.731952,17.7,46.0,1
2026-01-12T07:48:13.986771,17.7,45.9,1
2026-01-12T07:48:16.241453,17.7,45.9,1
2026-01-12T07:48:18.495827,17.7,45.8,1
2026-01-12T07:48:20.750530,17.7,45.8,1
2026-01-12T07:48:23.005011,17.7,45.8,1
2026-01-12T07:48:25.259127,17.7,45.8,1
2026-01-12T07:48:27.513875,17.7,45.9,1
2026-01-12T07:48:29.768489,17.7,45.8,1
2026-01-12T07:48:32.023075,17.7,45.9,1
2026-01-12T07:48:34.277411,17.7,45.8,1
2026-01-12T07:48:36.531918,17.7,45.8,1
2026-01-12T07:48:38.786461,17.7,45.7,1
2026-01-12T07:48:41.041076,17.7,45.7,1
2026-01-12T07:48:43.295684,17.7,45.7,1
2026-01-12T07:48:45.550265,17.7,45.7,0
2026-01-12T07:48:47.804933,17.7,45.7,0
2026-01-12T07:48:50.059290,17.7,45.7,0
2026-01-12T07:48:52.313775,17.7,45.7,0
2026-01-12T07:48:54.568498,17.7,45.7,0
2026-01-12T07:48:56.823143,17.7,45.7,0
2026-01-12T07:48:59.077581,17.7,45.6,1
2026-01-12T07:49:01.332309,17.7,45.7,1
2026-01-12T07:49:03.586400,17.7,45.7,1
2026-01-12T07:49:05.840729,17.7,45.7,1
2026-01-12T07:49:08.095439,17.7,45.7,1
2026-01-12T07:49:10.350078,17.7,45.7,1
2026-01-12T07:49:12.604279,17.7,45.7,1
2026-01-12T07:49:14.858969,17.7,45.7,1
2026-01-12T07:49:17.113443,17.7,45.7,1
2026-01-12T07:49:19.367762,17.7,45.7,1
2026-01-12T07:49:21.622495,17.7,45.7,1
2026-01-12T07:49:23.876986,17.7,45.7,1
2026-01-12T07:49:26.131469,17.7,45.7,1
2026-01-12T07:49:28.386219,17.7,45.7,1
2026-01-12T07:49:30.640857,17.7,45.8,1
2026-01-12T07:49:32.895068,17.7,45.8,1
2026-01-12T07:49:35.149798,17.7,45.8,1
2026-01-12T07:49:37.404025,17.7,45.8,1
2026-01-12T07:49:39.658501,17.7,45.8,1
2026-01-12T07:49:41.912876,17.7,45.9,0
2026-01-12T07:49:44.169531,17.7,45.9,0
2026-01-12T07:49:46.423751,17.7,45.9,0
2026-01-12T07:49:48.678589,17.7,45.9,0
2026-01-12T07:49:50.932943,17.7,45.9,0
2026-01-12T07:49:53.187444,17.7,45.9,0
2026-01-12T07:49:55.442120,17.7,45.9,1
2026-01-12T07:49:57.696551,17.7,46.0,1
2026-01-12T07:49:59.950872,17.7,45.9,1
2026-01-12T07:50:02.205586,17.7,46.0,1
2026-01-12T07:50:04.460231,17.7,46.0,1
2026-01-12T07:50:06.714854,17.7,46.0,1
2026-01-12T07:50:08.969554,17.7,46.1,1
2026-01-12T07:50:11.224013,17.7,46.1,1
2026-01-12T07:50:13.478543,17.7,46.1,1
2026-01-12T07:50:15.733357,17.7,46.1,1
2026-01-12T07:50:17.987699,17.7,46.1,1
2026-01-12T07:50:20.242318,17.7,46.1,1
2026-01-12T07:50:22.497012,17.7,46.2,1
2026-01-12T07:50:24.751506,17.7,46.1,1
2026-01-12T07:50:27.006032,17.7,46.1,1
2026-01-12T07:50:29.260458,17.7,46.1,1
2026-01-12T07:50:31.515048,17.7,46.1,1
2026-01-12T07:50:33.769672,17.7,46.1,1
2026-01-12T07:50:36.024247,17.7,46.1,1
2026-01-12T07:50:38.278865,17.7,46.1,0
2026-01-12T07:50:40.533380,17.7,46.1,0
2026-01-12T07:50:42.788082,17.7,46.2,0
2026-01-12T07:50:45.042489,17.7,46.1,0
2026-01-12T07:50:47.296965,17.7,46.1,0
2026-01-12T07:50:49.551752,17.7,46.1,0
2026-01-12T07:50:51.806277,17.7,46.1,1
2026-01-12T07:50:54.060437,17.7,46.1,1
2026-01-12T07:50:56.315238,17.7,46.0,1
2026-01-12T07:50:58.569689,17.7,46.0,1
2026-01-12T07:51:00.824224,17.8,46.0,1
2026-01-12T07:51:03.079070,17.7,45.9,1
2026-01-12T07:51:05.333705,17.7,46.0,1
2026-01-12T07:51:07.587694,17.7,46.0,1
2026-01-12T07:51:09.842471,17.7,46.1,1
2026-01-12T07:51:12.096684,17.7,46.1,1
2026-01-12T07:51:14.351253,17.7,46.1,1
2026-01-12T07:51:16.605763,17.7,46.0,1
2026-01-12T07:51:18.860168,17.7,46.0,1
2026-01-12T07:51:21.114685,17.7,46.0,1
2026-01-12T07:51:23.369428,17.7,45.9,1
2026-01-12T07:51:25.623686,17.7,45.9,1
2026-01-12T07:51:27.878270,17.7,45.9,1
2026-01-12T07:51:30.132789,17.7,46.0,1
2026-01-12T07:51:32.387383,17.7,46.0,1
2026-01-12T07:51:34.641856,17.7,46.1,0
2026-01-12T07:51:36.896421,17.7,46.1,0
2026-01-12T07:51:39.151085,17.7,46.1,0
2026-01-12T07:51:41.405585,17.7,46.2,0
2026-01-12T07:51:43.660061,17.7,46.2,0
2026-01-12T07:51:45.914562,17.7,46.2,0
2026-01-12T07:51:48.168700,17.7,46.3,1
2026-01-12T07:51:50.423554,17.7,46.2,1
2026-01-12T07:51:52.678162,17.7,46.2,1
2026-01-12T07:51:54.932598,17.7,46.2,1
2026-01-12T07:51:57.187448,17.7,46.2,1
2026-01-12T07:51:59.442090,17.7,46.2,1
2026-01-12T07:52:01.696272,17.7,46.2,1
2026-01-12T07:52:03.951108,17.7,46.2,1
2026-01-12T07:52:06.205643,17.7,46.1,1
2026-01-12T07:52:08.459606,17.7,46.2,1
2026-01-12T07:52:10.714466,17.7,46.1,1
2026-01-12T07:52:12.969026,17.7,46.1,1
2026-01-12T07:52:15.223525,17.7,46.1,1
2026-01-12T07:52:17.478143,17.7,46.1,1
2026-01-12T07:52:19.732758,17.7,46.1,1
2026-01-12T07:52:21.987282,17.7,46.2,1
2026-01-12T07:52:24.241951,17.7,46.1,1
2026-01-12T07:52:26.498620,17.7,46.1,1
2026-01-12T07:52:28.753179,17.7,46.1,1
2026-01-12T07:52:31.007896,17.7,46.2,0
2026-01-12T07:52:33.262315,17.7,46.2,0
2026-01-12T07:52:35.517868,17.7,46.2,0
2026-01-12T07:52:37.772418,17.7,46.2,0
2026-01-12T07:52:40.027085,17.7,46.3,0
2026-01-12T07:52:42.281514,17.7,46.3,0
2026-01-12T07:52:44.536279,17.7,46.2,1
2026-01-12T07:52:46.790479,17.7,46.2,1
2026-01-12T07:52:49.044965,17.7,46.2,1
2026-01-12T07:52:51.299344,17.7,46.2,1
2026-01-12T07:52:53.553933,17.7,46.2,1
2026-01-12T07:52:55.808455,17.7,46.2,1
2026-01-12T07:52:58.063240,17.7,46.2,1
2026-01-12T07:53:00.317729,17.7,46.2,1
2026-01-12T07:53:02.571898,17.7,46.2,1
2026-01-12T07:53:04.826723,17.7,46.2,1
2026-01-12T07:53:07.081256,17.7,46.2,1
2026-01-12T07:53:09.335547,17.7,46.2,1
2026-01-12T07:53:11.589776,17.7,46.3,1
2026-01-12T07:53:13.844270,17.7,46.3,1
2026-01-12T07:53:16.098778,17.7,46.3,1
2026-01-12T07:53:18.353415,17.7,46.3,1
2026-01-12T07:53:20.609720,17.7,46.3,1
2026-01-12T07:53:22.864051,17.7,46.2,1
2026-01-12T07:53:25.118806,17.7,46.3,1
2026-01-12T07:53:27.373199,17.7,46.3,0
2026-01-12T07:53:29.627729,17.7,46.3,0
2026-01-12T07:53:31.881984,17.7,46.3,0
2026-01-12T07:53:34.136359,17.7,46.3,0
2026-01-12T07:53:36.390977,17.7,46.3,0
2026-01-12T07:53:38.645792,17.7,46.3,0
2026-01-12T07:53:40.900156,17.7,46.3,1
2026-01-12T07:53:43.154660,17.7,46.3,1
2026-01-12T07:53:45.408931,17.7,46.3,1
2026-01-12T07:53:47.663644,17.7,46.3,1
2026-01-12T07:53:49.918239,17.7,46.3,1
2026-01-12T07:53:52.172994,17.7,46.3,1
2026-01-12T07:53:54.427496,17.7,46.2,1
2026-01-12T07:53:56.682123,17.7,46.3,1
2026-01-12T07:53:58.936686,17.7,46.3,1
2026-01-12T07:54:01.191051,17.7,46.3,1
2026-01-12T07:54:03.445506,17.7,46.3,1
2026-01-12T07:54:05.700224,17.7,46.3,1
2026-01-12T07:54:07.954813,17.7,46.3,1
2026-01-12T07:54:10.209176,17.7,46.3,1
2026-01-12T07:54:12.463610,17.7,46.3,1
2026-01-12T07:54:14.720119,17.7,46.3,1
2026-01-12T07:54:16.974528,17.7,46.3,1
2026-01-12T07:54:19.229252,17.7,46.3,1
2026-01-12T07:54:21.483611,17.7,46.2,1
2026-01-12T07:54:23.738247,17.7,46.2,0
2026-01-12T07:54:25.992498,17.7,46.2,0
2026-01-12T07:54:28.247014,17.7,46.1,0
2026-01-12T07:54:30.501500,17.7,46.2,0
2026-01-12T07:54:32.756031,17.7,46.1,0
2026-01-12T07:54:35.010623,17.7,46.1,0
2026-01-12T07:54:37.264831,17.7,46.1,1
2026-01-12T07:54:39.520343,17.7,46.1,1
2026-01-12T07:54:41.785126,17.7,46.1,1
2026-01-12T07:54:44.039486,17.7,46.2,1
2026-01-12T07:54:46.294157,17.7,46.2,1
2026-01-12T07:54:48.548855,17.7,46.2,1
2026-01-12T07:54:50.803303,17.7,46.2,1
2026-01-12T07:54:53.057878,17.7,46.2,1
2026-01-12T07:54:55.312312,17.7,46.2,1
2026-01-12T07:54:57.566914,17.7,46.3,1
2026-01-12T07:54:59.821685,17.7,46.3,1
2026-01-12T07:55:02.075968,17.7,46.4,1
2026-01-12T07:55:04.330474,17.7,46.4,1
2026-01-12T07:55:06.584792,17.7,46.4,1
2026-01-12T07:55:08.839031,17.7,46.4,1
2026-01-12T07:55:11.093495,17.7,46.4,1
2026-01-12T07:55:13.348109,17.7,46.4,1
2026-01-12T07:55:15.602772,17.7,46.4,1
2026-01-12T07:55:17.857231,17.7,46.3,1
2026-01-12T07:55:20.111728,17.7,46.4,0
2026-01-12T07:55:22.366384,17.7,46.3,0
2026-01-12T07:55:24.620962,17.7,46.3,0
2026-01-12T07:55:26.875634,17.7,46.3,0
2026-01-12T07:55:29.129743,17.7,46.3,0
2026-01-12T07:55:31.384168,17.7,46.3,0
2026-01-12T07:55:33.639041,17.7,46.3,1
2026-01-12T07:55:35.893496,17.7,46.3,1
2026-01-12T07:55:38.147550,17.7,46.3,1
2026-01-12T07:55:40.402204,17.7,46.2,1
2026-01-12T07:55:42.658886,17.7,46.2,1
2026-01-12T07:55:44.913290,17.7,46.2,1
2026-01-12T07:55:47.167949,17.7,46.2,1
2026-01-12T07:55:49.422613,17.7,46.2,1
2026-01-12T07:55:51.677168,17.7,46.2,1
2026-01-12T07:55:53.931669,17.7,46.2,1
2026-01-12T07:55:56.186206,17.7,46.2,1
2026-01-12T07:55:58.440676,17.7,46.1,1
2026-01-12T07:56:00.695559,17.7,46.2,1
2026-01-12T07:56:02.950063,17.7,46.2,1
2026-01-12T07:56:05.204166,17.7,46.2,1
2026-01-12T07:56:07.459047,17.7,46.2,1
2026-01-12T07:56:09.713586,17.7,46.2,1
2026-01-12T07:56:11.967993,17.7,46.3,1
2026-01-12T07:56:14.222619,17.7,46.3,1
2026-01-12T07:56:16.476848,17.7,46.3,0
2026-01-12T07:56:18.731132,17.7,46.3,0
2026-01-12T07:56:20.985767,17.7,46.3,0
2026-01-12T07:56:23.240116,17.7,46.4,0
2026-01-12T07:56:25.494650,17.7,46.4,0
2026-01-12T07:56:27.749463,17.7,46.4,0
2026-01-12T07:56:30.003977,17.7,46.4,1
2026-01-12T07:56:32.258438,17.7,46.3,1
2026-01-12T07:56:34.513153,17.7,46.3,1
2026-01-12T07:56:36.767503,17.7,46.3,1
2026-01-12T07:56:39.022039,17.7,46.3,1
2026-01-12T07:56:41.276453,17.7,46.3,1
2026-01-12T07:56:43.531150,17.7,46.3,1
2026-01-12T07:56:45.785583,17.7,46.3,1
2026-01-12T07:56:48.040232,17.7,46.3,1
2026-01-12T07:56:50.294727,17.7,46.3,1
2026-01-12T07:56:52.549223,17.7,46.3,1
2026-01-12T07:56:54.803807,17.7,46.3,1
2026-01-12T07:56:57.058331,17.7,46.3,1
2026-01-12T07:56:59.312486,17.7,46.3,1
2026-01-12T07:57:01.567325,17.7,46.2,1
2026-01-12T07:57:03.821892,17.7,46.2,1
2026-01-12T07:57:06.076344,17.7,46.2,1
2026-01-12T07:57:08.331104,17.7,46.2,1
2026-01-12T07:57:10.585553,17.7,46.1,1
2026-01-12T07:57:12.839484,17.7,46.1,0
2026-01-12T07:57:15.094139,17.7,46.0,0
2026-01-12T07:57:17.348547,17.7,46.0,0
2026-01-12T07:57:19.603264,17.7,45.9,0
2026-01-12T07:57:21.857902,17.7,45.9,0
2026-01-12T07:57:24.112392,17.7,45.8,0
2026-01-12T07:57:26.366995,17.7,45.8,1
2026-01-12T07:57:28.621791,17.7,45.8,1
2026-01-12T07:57:30.875816,17.7,45.8,1
2026-01-12T07:57:33.130317,17.7,45.8,1
2026-01-12T07:57:35.384895,17.7,45.9,1
2026-01-12T07:57:37.639454,17.7,45.9,1
2026-01-12T07:57:39.893815,17.7,46.0,1
2026-01-12T07:57:42.148281,17.7,46.0,1
2026-01-12T07:57:44.402740,17.7,46.0,1
2026-01-12T07:57:46.657342,17.7,46.1,1
2026-01-12T07:57:48.911516,17.7,46.1,1
2026-01-12T07:57:51.166138,17.7,46.1,1
2026-01-12T07:57:53.420210,17.7,46.1,1
2026-01-12T07:57:55.675052,17.7,46.1,1
2026-01-12T07:57:57.929577,17.7,46.1,1
2026-01-12T07:58:00.184121,17.7,46.2,1
2026-01-12T07:58:02.438823,17.7,46.2,1
2026-01-12T07:58:04.693485,17.7,46.2,1
2026-01-12T07:58:06.947553,17.7,46.2,0
2026-01-12T07:58:09.202251,17.7,46.2,0
2026-01-12T07:58:11.459027,17.7,46.2,0
2026-01-12T07:58:13.713378,17.7,46.3,0
2026-01-12T07:58:15.968073,17.7,46.3,0
2026-01-12T07:58:18.222657,17.7,46.3,0
2026-01-12T07:58:20.476818,17.7,46.3,0
2026-01-12T07:58:22.731072,17.7,46.3,1
2026-01-12T07:58:24.985497,17.7,46.4,1
2026-01-12T07:58:27.239978,17.7,46.3,1
2026-01-12T07:58:29.494639,17.7,46.4,1
2026-01-12T07:58:31.749148,17.7,46.4,1
2026-01-12T07:58:34.003571,17.7,46.4,1
2026-01-12T07:58:36.258336,17.7,46.4,1
2026-01-12T07:58:38.512885,17.7,46.4,1
2026-01-12T07:58:40.766953,17.7,46.3,1
2026-01-12T07:58:43.021420,17.7,46.3,1
2026-01-12T07:58:45.275927,17.7,46.3,1
2026-01-12T07:58:47.530430,17.7,46.3,1
2026-01-12T07:58:49.784609,17.7,46.3,1
2026-01-12T07:58:52.039293,17.7,46.2,1
2026-01-12T07:58:54.293647,17.7,46.2,1
2026-01-12T07:58:56.548044,17.7,46.2,1
2026-01-12T07:58:58.802583,17.7,46.2,1
2026-01-12T07:59:01.056600,17.7,46.1,1
2026-01-12T07:59:03.311330,17.7,46.1,0
2026-01-12T07:59:05.565835,17.7,46.1,0
2026-01-12T07:59:07.820035,17.7,46.1,0
2026-01-12T07:59:10.074785,17.7,46.1,0
2026-01-12T07:59:12.329192,17.7,46.1,0
2026-01-12T07:59:14.583515,17.7,46.1,0
2026-01-12T07:59:16.838152,17.7,46.1,0
2026-01-12T07:59:19.094594,17.7,46.1,1
2026-01-12T07:59:21.348666,17.7,46.1,1
2026-01-12T07:59:23.603511,17.7,46.1,1
2026-01-12T07:59:25.859258,17.7,46.1,1
2026-01-12T07:59:28.113676,17.7,46.0,1
2026-01-12T07:59:30.368291,17.7,46.1,1
2026-01-12T07:59:32.623002,17.7,46.0,1
2026-01-12T07:59:34.877430,17.7,45.9,1
2026-01-12T07:59:37.131717,17.7,45.9,1
2026-01-12T07:59:39.386207,17.7,45.9,1
2026-01-12T07:59:41.640381,17.7,45.9,1
2026-01-12T07:59:43.895006,17.7,45.9,1
2026-01-12T07:59:46.149160,17.7,45.9,1
2026-01-12T07:59:48.403230,17.7,45.9,1
2026-01-12T07:59:50.657931,17.7,45.9,1
2026-01-12T07:59:52.912020,17.7,45.9,1
2026-01-12T07:59:55.166155,17.7,45.9,1
2026-01-12T07:59:57.420346,17.7,46.0,1
2026-01-12T07:59:59.675062,17.7,46.0,0
2026-01-12T08:00:01.929437,17.7,46.0,0
2026-01-12T08:00:04.183658,17.7,46.0,0
2026-01-12T08:00:06.438327,17.7,46.1,0
2026-01-12T08:00:08.692779,17.7,46.1,0
2026-01-12T08:00:10.947465,17.7,46.1,0
2026-01-12T08:00:13.202012,17.7,46.1,0
2026-01-12T08:00:15.456624,17.7,46.1,1
2026-01-12T08:00:17.711524,17.7,46.1,1
2026-01-12T08:00:19.966141,17.7,46.1,1
2026-01-12T08:00:22.220596,17.7,46.1,1
2026-01-12T08:00:24.475446,17.7,46.2,1
2026-01-12T08:00:26.730202,17.7,46.2,1
2026-01-12T08:00:28.984666,17.7,46.2,1
2026-01-12T08:00:31.239406,17.7,46.2,1
2026-01-12T08:00:33.494021,17.7,46.2,1
2026-01-12T08:00:35.748642,17.7,46.2,1
2026-01-12T08:00:38.003505,17.7,46.2,1
2026-01-12T08:00:40.258076,17.7,46.2,1
2026-01-12T08:00:42.512444,17.7,46.2,1
2026-01-12T08:00:44.767056,17.7,46.2,1
2026-01-12T08:00:47.021612,17.7,46.2,1
2026-01-12T08:00:49.275692,17.7,46.2,1
2026-01-12T08:00:51.530469,17.7,46.2,1
2026-01-12T08:00:53.785043,17.7,46.2,1
2026-01-12T08:00:56.039450,17.7,46.2,0
2026-01-12T08:00:58.294087,17.7,46.2,0
2026-01-12T08:01:00.548640,17.7,46.2,0
2026-01-12T08:01:02.803171,17.7,46.3,0
2026-01-12T08:01:05.057961,17.7,46.3,0
2026-01-12T08:01:07.312326,17.7,46.3,0
2026-01-12T08:01:09.566975,17.7,46.3,0
2026-01-12T08:01:11.821610,17.7,46.2,1
2026-01-12T08:01:14.076051,17.7,46.2,1
2026-01-12T08:01:16.330572,17.7,46.3,1
2026-01-12T08:01:18.585292,17.7,46.3,1
2026-01-12T08:01:20.839582,17.7,46.3,1
2026-01-12T08:01:23.094145,17.7,46.3,1
2026-01-12T08:01:25.348747,17.7,46.3,1
2026-01-12T08:01:27.603313,17.7,46.3,1
2026-01-12T08:01:29.857682,17.7,46.3,1
2026-01-12T08:01:32.112234,17.7,46.3,1
2026-01-12T08:01:34.366949,17.7,46.3,1
2026-01-12T08:01:36.621325,17.7,46.3,1
2026-01-12T08:01:38.875694,17.7,46.3,1
2026-01-12T08:01:41.130242,17.7,46.3,1
2026-01-12T08:01:43.384683,17.7,46.3,1
2026-01-12T08:01:45.639462,17.7,46.3,1
2026-01-12T08:01:47.893791,17.7,46.3,1
2026-01-12T08:01:50.148234,17.7,46.3,1
2026-01-12T08:01:52.402957,17.7,46.3,0
2026-01-12T08:01:54.657604,17.7,46.3,0
2026-01-12T08:01:56.911982,17.7,46.3,0
2026-01-12T08:01:59.166683,17.7,46.3,0
2026-01-12T08:02:01.421165,17.7,46.3,0
2026-01-12T08:02:03.675752,17.7,46.3,0
2026-01-12T08:02:05.929959,17.7,46.3,0
2026-01-12T08:02:08.184300,17.7,46.3,1
2026-01-12T08:02:10.438769,17.7,46.2,1
2026-01-12T08:02:12.693096,17.7,46.2,1
2026-01-12T08:02:14.947592,17.7,46.3,1
2026-01-12T08:02:17.201992,17.7,46.3,1
2026-01-12T08:02:19.456504,17.7,46.2,1
2026-01-12T08:02:21.711154,17.7,46.2,1
2026-01-12T08:02:23.965613,17.7,46.3,1
2026-01-12T08:02:26.220129,17.7,46.2,1
2026-01-12T08:02:28.474653,17.7,46.2,1
2026-01-12T08:02:30.729222,17.7,46.2,1
2026-01-12T08:02:32.983632,17.7,46.3,1
2026-01-12T08:02:35.238147,17.7,46.2,1
2026-01-12T08:02:37.492383,17.7,46.3,1
2026-01-12T08:02:39.747235,17.7,46.2,1
2026-01-12T08:02:42.001737,17.7,46.2,1
2026-01-12T08:02:44.256061,17.7,46.2,1
2026-01-12T08:02:46.510758,17.7,46.2,1
2026-01-12T08:02:48.767534,17.7,46.2,0
2026-01-12T08:02:51.021838,17.7,46.2,0
2026-01-12T08:02:53.276483,17.7,46.1,0
2026-01-12T08:02:55.531142,17.7,46.1,0
2026-01-12T08:02:57.785660,17.7,46.1,0
2026-01-12T08:03:00.040293,17.7,46.1,0
2026-01-12T08:03:02.294803,17.7,46.0,0
2026-01-12T08:03:04.548948,17.7,46.0,1
2026-01-12T08:03:06.803331,17.7,45.9,1
2026-01-12T08:03:09.057657,17.7,46.0,1
2026-01-12T08:03:11.312011,17.7,45.9,1
2026-01-12T08:03:13.566830,17.7,45.9,1
2026-01-12T08:03:15.821453,17.7,45.9,1
2026-01-12T08:03:18.075677,17.7,45.9,1
2026-01-12T08:03:20.330463,17.7,45.9,1
2026-01-12T08:03:22.584646,17.7,46.0,1
2026-01-12T08:03:24.839224,17.7,45.9,1
2026-01-12T08:03:27.093942,17.7,45.9,1
2026-01-12T08:03:29.348471,17.7,45.9,1
2026-01-12T08:03:31.603136,17.7,45.9,1
2026-01-12T08:03:33.857806,17.7,45.9,1
2026-01-12T08:03:36.112148,17.7,45.9,1
2026-01-12T08:03:38.366626,17.7,45.9,1
2026-01-12T08:03:40.620914,17.7,45.9,1
2026-01-12T08:03:42.875266,17.7,45.9,1
2026-01-12T08:03:45.129627,17.7,45.9,0
2026-01-12T08:03:47.384251,17.7,45.9,0
2026-01-12T08:03:49.639031,17.7,45.9,0
2026-01-12T08:03:51.893483,17.7,45.9,0
2026-01-12T08:03:54.148019,17.7,45.9,0
2026-01-12T08:03:56.402620,17.7,46.0,0
2026-01-12T08:03:58.656966,17.7,46.0,0
2026-01-12T08:04:00.911618,17.7,46.0,1
2026-01-12T08:04:03.166107,17.7,46.0,1
2026-01-12T08:04:05.420620,17.7,46.0,1
2026-01-12T08:04:07.675422,17.7,46.1,1
2026-01-12T08:04:09.929553,17.7,46.1,1
2026-01-12T08:04:12.183880,17.7,46.1,1
2026-01-12T08:04:14.438611,17.7,46.1,1
2026-01-12T08:04:16.693193,17.7,46.1,1
2026-01-12T08:04:18.947614,17.7,46.1,1
2026-01-12T08:04:21.202247,17.7,46.2,1
2026-01-12T08:04:23.456746,17.7,46.2,1
2026-01-12T08:04:25.710872,17.7,46.3,1
2026-01-12T08:04:27.965443,17.7,46.3,1
2026-01-12T08:04:30.219535,17.7,46.4,1
2026-01-12T08:04:32.474012,17.7,46.5,1
2026-01-12T08:04:34.729197,17.7,46.6,1
2026-01-12T08:04:36.983710,17.7,46.6,1
2026-01-12T08:04:39.238153,17.7,46.8,1
2026-01-12T08:04:41.492725,17.7,46.8,0
2026-01-12T08:04:43.747253,17.7,46.8,0
2026-01-12T08:04:46.001703,17.7,46.8,0
2026-01-12T08:04:48.255974,17.7,46.8,0
2026-01-12T08:04:50.510448,17.7,46.9,0
2026-01-12T08:04:52.764684,17.7,46.9,0
2026-01-12T08:04:55.019455,17.7,46.9,0
2026-01-12T08:04:57.274949,17.7,46.9,1
2026-01-12T08:04:59.529175,17.7,46.9,1
2026-01-12T08:05:01.783316,17.7,46.8,1
2026-01-12T08:05:04.037717,17.7,46.8,1
2026-01-12T08:05:06.291809,17.7,46.8,1
2026-01-12T08:05:08.546570,17.7,46.8,1
2026-01-12T08:05:10.800946,17.7,46.8,1
2026-01-12T08:05:13.055103,17.7,46.8,1
2026-01-12T08:05:15.309556,17.7,46.8,1
2026-01-12T08:05:17.563809,17.7,46.7,1
2026-01-12T08:05:19.818265,17.7,46.7,1
2026-01-12T08:05:22.072888,17.7,46.7,1
2026-01-12T08:05:24.326913,17.7,46.7,1
2026-01-12T08:05:26.581233,17.7,46.7,1
2026-01-12T08:05:28.835385,17.7,46.7,1
2026-01-12T08:05:31.089925,17.7,46.7,1
2026-01-12T08:05:33.343974,17.7,46.8,1
2026-01-12T08:05:35.598121,17.7,46.7,1
2026-01-12T08:05:37.852124,17.7,46.8,0
2026-01-12T08:05:40.106554,17.7,46.7,0
2026-01-12T08:05:42.360927,17.7,46.6,0
2026-01-12T08:05:44.615093,17.7,46.6,0
2026-01-12T08:05:46.869533,17.7,46.6,0
2026-01-12T08:05:49.124028,17.7,46.7,0
2026-01-12T08:05:51.378576,17.7,46.7,0
2026-01-12T08:05:53.632932,17.7,46.7,1
2026-01-12T08:05:55.887169,17.7,46.7,1
2026-01-12T08:05:58.141483,17.7,46.7,1
2026-01-12T08:06:00.395554,17.7,46.6,1
2026-01-12T08:06:02.650266,17.7,46.7,1
2026-01-12T08:06:04.904588,17.7,46.7,1
2026-01-12T08:06:07.159142,17.7,46.8,1
2026-01-12T08:06:09.413697,17.7,46.8,1
2026-01-12T08:06:11.668120,17.7,46.9,1
2026-01-12T08:06:13.922601,17.7,47.0,1
2026-01-12T08:06:16.177009,17.7,47.1,1
2026-01-12T08:06:18.431200,17.7,47.1,1
2026-01-12T08:06:20.685508,17.7,47.1,1
2026-01-12T08:06:22.939871,17.7,47.1,1
2026-01-12T08:06:25.196136,17.7,47.1,1
2026-01-12T08:06:27.450424,17.7,47.2,1
2026-01-12T08:06:29.704750,17.7,47.2,1
2026-01-12T08:06:31.958790,17.7,47.2,1
2026-01-12T08:06:34.212895,17.7,47.2,0
2026-01-12T08:06:36.467114,17.7,47.2,0
2026-01-12T08:06:38.721642,17.7,47.3,0
2026-01-12T08:06:40.975709,17.7,47.3,0
2026-01-12T08:06:43.230317,17.7,47.4,0
2026-01-12T08:06:45.484336,17.7,47.5,0
2026-01-12T08:06:47.738589,17.7,47.5,0
2026-01-12T08:06:49.992740,17.7,47.5,1
2026-01-12T08:06:52.246991,17.7,47.4,1
2026-01-12T08:06:54.501231,17.7,47.5,1
2026-01-12T08:06:56.755678,17.7,47.4,1
2026-01-12T08:06:59.010018,17.7,47.4,1
2026-01-12T08:07:01.264067,17.7,47.5,1
2026-01-12T08:07:03.518602,17.7,47.5,1
2026-01-12T08:07:05.772773,17.7,47.5,1
2026-01-12T08:07:08.026780,17.7,47.6,1
2026-01-12T08:07:10.281136,17.7,47.6,1
2026-01-12T08:07:12.535332,17.7,47.7,1
2026-01-12T08:07:14.789749,17.7,47.7,1
2026-01-12T08:07:17.043994,17.7,47.7,1
2026-01-12T08:07:19.298426,17.7,47.8,1
2026-01-12T08:07:21.552741,17.7,47.7,1
2026-01-12T08:07:23.807178,17.7,47.7,1
2026-01-12T08:07:26.061469,17.7,47.8,1
2026-01-12T08:07:28.315632,17.7,47.8,1
2026-01-12T08:07:30.569871,17.7,47.8,0
2026-01-12T08:07:32.824017,17.7,47.8,0
2026-01-12T08:07:35.078447,17.7,47.9,0
2026-01-12T08:07:37.333083,17.7,47.9,0
2026-01-12T08:07:39.587134,17.7,47.9,0
2026-01-12T08:07:41.841520,17.7,47.8,0
2026-01-12T08:07:44.096035,17.7,47.8,0
2026-01-12T08:07:46.350364,17.7,47.8,1
2026-01-12T08:07:48.604500,17.7,47.8,1
2026-01-12T08:07:50.859266,17.7,47.8,1
2026-01-12T08:07:53.113607,17.7,47.9,1
2026-01-12T08:07:55.367914,17.7,47.8,1
2026-01-12T08:07:57.622660,17.7,47.8,1
2026-01-12T08:07:59.876871,17.7,47.9,1
2026-01-12T08:08:02.130925,17.7,47.9,1
2026-01-12T08:08:04.385360,17.7,47.9,1
2026-01-12T08:08:06.639727,17.7,48.0,1
2026-01-12T08:08:08.894181,17.7,48.0,1
2026-01-12T08:08:11.148497,17.7,48.0,1
2026-01-12T08:08:13.403064,17.7,48.0,1
2026-01-12T08:08:15.657590,17.7,48.1,1
2026-01-12T08:08:17.911841,17.7,48.1,1
2026-01-12T08:08:20.166256,17.7,48.0,1
2026-01-12T08:08:22.420640,17.7,48.1,1
2026-01-12T08:08:24.675438,17.7,48.1,1
2026-01-12T08:08:26.929905,17.7,48.2,0
2026-01-12T08:08:29.184006,17.7,48.2,0
2026-01-12T08:08:31.438632,17.7,48.3,0
2026-01-12T08:08:33.692891,17.7,48.3,0
2026-01-12T08:08:35.947233,17.7,48.3,0
2026-01-12T08:08:38.201669,17.7,48.3,0
2026-01-12T08:08:40.455875,17.7,48.4,0
2026-01-12T08:08:42.710363,17.7,48.4,1
2026-01-12T08:08:44.964877,17.7,48.5,1
2026-01-12T08:08:47.219121,17.7,48.5,1
2026-01-12T08:08:49.473539,17.7,48.6,1
2026-01-12T08:08:51.728135,17.7,48.7,1
2026-01-12T08:08:53.982644,17.7,48.7,1
2026-01-12T08:08:56.236885,17.7,48.7,1
2026-01-12T08:08:58.491322,17.7,48.8,1
2026-01-12T08:09:00.745916,17.7,48.8,1
2026-01-12T08:09:03.000139,17.7,48.9,1
2026-01-12T08:09:05.254794,17.7,49.0,1
2026-01-12T08:09:07.509275,17.7,49.0,1
2026-01-12T08:09:09.763616,17.7,49.0,1
2026-01-12T08:09:12.018263,17.7,49.1,1
2026-01-12T08:09:14.274495,17.7,49.1,1
2026-01-12T08:09:16.528820,17.7,49.1,1
2026-01-12T08:09:18.783192,17.7,49.1,1
2026-01-12T08:09:21.037549,17.7,49.0,1
2026-01-12T08:09:23.291648,17.7,49.0,0
2026-01-12T08:09:25.546470,17.7,49.0,0
2026-01-12T08:09:27.800516,17.7,49.1,0
2026-01-12T08:09:30.055127,17.7,49.0,0
2026-01-12T08:09:32.309473,17.7,49.0,0
2026-01-12T08:09:34.563806,17.7,49.0,0
2026-01-12T08:09:36.818256,17.7,48.9,0
2026-01-12T08:09:39.072774,17.7,48.9,1
2026-01-12T08:09:41.326991,17.7,48.9,1
2026-01-12T08:09:43.581073,17.7,48.9,1
2026-01-12T08:09:45.835755,17.7,48.9,1
2026-01-12T08:09:48.090116,17.7,48.9,1
2026-01-12T08:09:50.344505,17.7,49.0,1
2026-01-12T08:09:52.598671,17.7,49.0,1
2026-01-12T08:09:54.852744,17.7,48.9,1
2026-01-12T08:09:57.106658,17.7,49.0,1
2026-01-12T08:09:59.360869,17.7,49.0,1
2026-01-12T08:10:01.615323,17.7,49.0,1
2026-01-12T08:10:03.869682,17.7,48.9,1
2026-01-12T08:10:06.124155,17.7,49.0,1
2026-01-12T08:10:08.378654,17.7,48.9,1
2026-01-12T08:10:10.633070,17.7,49.0,1
2026-01-12T08:10:12.887226,17.7,49.0,1
2026-01-12T08:10:15.141716,17.7,49.0,1
2026-01-12T08:10:17.395832,17.7,49.0,1
2026-01-12T08:10:19.650533,17.7,49.0,0
2026-01-12T08:10:21.904587,17.7,49.0,0
2026-01-12T08:10:24.159057,17.7,49.0,0
2026-01-12T08:10:26.413689,17.7,49.0,0
2026-01-12T08:10:28.668169,17.7,49.0,0
2026-01-12T08:10:30.922655,17.7,49.1,0
2026-01-12T08:10:33.177093,17.7,49.1,0
2026-01-12T08:10:35.431348,17.7,49.0,1
2026-01-12T08:10:37.685838,17.7,49.1,1
2026-01-12T08:10:39.940071,17.7,49.1,1
2026-01-12T08:10:42.194553,17.7,49.1,1
2026-01-12T08:10:44.448578,17.7,49.1,1
2026-01-12T08:10:46.703232,17.7,49.0,1
2026-01-12T08:10:48.957625,17.7,49.1,1
2026-01-12T08:10:51.212135,17.7,49.0,1
2026-01-12T08:10:53.466740,17.7,49.0,1
2026-01-12T08:10:55.721158,17.7,49.0,1
2026-01-12T08:10:57.975120,17.7,49.0,1
2026-01-12T08:11:00.229502,17.7,49.0,1
2026-01-12T08:11:02.483780,17.7,49.0,1
2026-01-12T08:11:04.738284,17.7,49.0,1
2026-01-12T08:11:06.992758,17.7,49.0,1
2026-01-12T08:11:09.247000,17.7,49.1,1
2026-01-12T08:11:11.501352,17.7,49.1,1
2026-01-12T08:11:13.755844,17.7,49.0,1
2026-01-12T08:11:16.010285,17.7,49.0,0
2026-01-12T08:11:18.264503,17.7,49.0,0
2026-01-12T08:11:20.519031,17.7,49.0,0
2026-01-12T08:11:22.773617,17.7,49.0,0
2026-01-12T08:11:25.027663,17.7,49.0,0
2026-01-12T08:11:27.282338,17.7,49.0,0
2026-01-12T08:11:29.536487,17.7,49.0,0
2026-01-12T08:11:31.791004,17.7,49.1,1
2026-01-12T08:11:34.045435,17.7,49.1,1
2026-01-12T08:11:36.299917,17.7,49.2,1
2026-01-12T08:11:38.554277,17.7,49.2,1
2026-01-12T08:11:40.808751,17.7,49.1,1
2026-01-12T08:11:43.063123,17.7,49.2,1
2026-01-12T08:11:45.317619,17.7,49.2,1
2026-01-12T08:11:47.572292,17.7,49.2,1
2026-01-12T08:11:49.826809,17.7,49.3,1
2026-01-12T08:11:52.081273,17.7,49.3,1
2026-01-12T08:11:54.335559,17.7,49.3,1
2026-01-12T08:11:56.589601,17.7,49.4,1
2026-01-12T08:11:58.843988,17.7,49.4,1
2026-01-12T08:12:01.098622,17.7,49.4,1
2026-01-12T08:12:03.352984,17.7,49.4,1
2026-01-12T08:12:05.607019,17.7,49.4,1
2026-01-12T08:12:07.861630,17.7,49.4,1
2026-01-12T08:12:10.115789,17.7,49.4,1
2026-01-12T08:12:12.370162,17.7,49.4,0
2026-01-12T08:12:14.624666,17.7,49.4,0
2026-01-12T08:12:16.879172,17.7,49.5,0
2026-01-12T08:12:19.133649,17.7,49.5,0
2026-01-12T08:12:21.387821,17.7,49.5,0
2026-01-12T08:12:23.642418,17.7,49.5,0
2026-01-12T08:12:25.896896,17.7,49.6,0
2026-01-12T08:12:28.151276,17.7,49.6,1
2026-01-12T08:12:30.405812,17.7,49.6,1
2026-01-12T08:12:32.660098,17.7,49.6,1
2026-01-12T08:12:34.914947,17.7,49.6,1
2026-01-12T08:12:37.169499,17.7,49.6,1
2026-01-12T08:12:39.423807,17.7,49.7,1
2026-01-12T08:12:41.678453,17.7,49.7,1
2026-01-12T08:12:43.932860,17.7,49.7,1
2026-01-12T08:12:46.186760,17.7,49.7,1
2026-01-12T08:12:48.441270,17.7,49.7,1
2026-01-12T08:12:50.695608,17.7,49.7,1
2026-01-12T08:12:52.949922,17.7,49.7,1
2026-01-12T08:12:55.204542,17.7,49.7,1
2026-01-12T08:12:57.459063,17.7,49.7,1
2026-01-12T08:12:59.713395,17.7,49.8,1
2026-01-12T08:13:01.967993,17.7,49.8,1
2026-01-12T08:13:04.222454,17.7,49.8,1
2026-01-12T08:13:06.476763,17.7,49.8,1
2026-01-12T08:13:08.731107,17.7,49.8,1
2026-01-12T08:13:10.985657,17.7,49.7,0
2026-01-12T08:13:13.239807,17.7,49.8,0
2026-01-12T08:13:15.494473,17.7,49.8,0
2026-01-12T08:13:17.749048,17.7,49.8,0
2026-01-12T08:13:20.003433,17.7,49.8,0
2026-01-12T08:13:22.258027,17.7,49.8,0
2026-01-12T08:13:24.512552,17.7,49.8,1
2026-01-12T08:13:26.767122,17.7,49.8,1
2026-01-12T08:13:29.021836,17.7,49.8,1
2026-01-12T08:13:31.275849,17.7,49.8,1
2026-01-12T08:13:33.530425,17.7,49.8,1
2026-01-12T08:13:35.784722,17.7,49.8,1
2026-01-12T08:13:38.039134,17.7,49.8,1
2026-01-12T08:13:40.293550,17.7,49.8,1
2026-01-12T08:13:42.548285,17.7,49.7,1
2026-01-12T08:13:44.802844,17.7,49.8,1
2026-01-12T08:13:47.057305,17.7,49.8,1
2026-01-12T08:13:49.311949,17.7,49.8,1
2026-01-12T08:13:51.566573,17.7,49.8,1
2026-01-12T08:13:53.821009,17.7,49.8,1
2026-01-12T08:13:56.075504,17.7,49.8,1
2026-01-12T08:13:58.330002,17.7,49.7,1
2026-01-12T08:14:00.584120,17.7,49.8,1
2026-01-12T08:14:02.838806,17.7,49.8,1
2026-01-12T08:14:05.093414,17.7,49.7,1
2026-01-12T08:14:07.347825,17.7,49.7,0
2026-01-12T08:14:09.602590,17.7,49.7,0
2026-01-12T08:14:11.857074,17.7,49.7,0
2026-01-12T08:14:14.111555,17.7,49.7,0
2026-01-12T08:14:16.366194,17.7,49.7,0
2026-01-12T08:14:18.620681,17.7,49.7,0
2026-01-12T08:14:20.875255,17.7,49.7,1
2026-01-12T08:14:23.129950,17.7,49.7,1
2026-01-12T08:14:25.384429,17.7,49.7,1
2026-01-12T08:14:27.639084,17.7,49.7,1
2026-01-12T08:14:29.893746,17.7,49.7,1
2026-01-12T08:14:32.148056,17.7,49.7,1
2026-01-12T08:14:34.402488,17.7,49.7,1
2026-01-12T08:14:36.657228,17.7,49.7,1
2026-01-12T08:14:38.911759,17.7,49.7,1
2026-01-12T08:14:41.166145,17.7,49.7,1
2026-01-12T08:14:43.420728,17.7,49.8,1
2026-01-12T08:14:45.675246,17.7,49.8,1
2026-01-12T08:14:47.929640,17.7,49.8,1
2026-01-12T08:14:50.184276,17.7,49.8,1
2026-01-12T08:14:52.438840,17.7,49.8,1
2026-01-12T08:14:54.693431,17.7,49.8,1
2026-01-12T08:14:56.947753,17.7,49.8,1
2026-01-12T08:14:59.202242,17.7,49.8,1
2026-01-12T08:15:01.456649,17.7,49.8,1
2026-01-12T08:15:03.711358,17.7,49.8,0
2026-01-12T08:15:05.965820,17.7,49.8,0
2026-01-12T08:15:08.220234,17.7,49.8,0
2026-01-12T08:15:10.474860,17.7,49.8,0
2026-01-12T08:15:12.729525,17.7,49.8,0
2026-01-12T08:15:14.983893,17.7,49.8,0
2026-01-12T08:15:17.238611,17.7,49.8,1
2026-01-12T08:15:19.493161,17.7,49.8,1
2026-01-12T08:15:21.747504,17.7,49.8,1
2026-01-12T08:15:24.002189,17.7,49.8,1
2026-01-12T08:15:26.256702,17.7,49.8,1
2026-01-12T08:15:28.511227,17.7,49.7,1
2026-01-12T08:15:30.765930,17.7,49.8,1
2026-01-12T08:15:33.020478,17.7,49.8,1
2026-01-12T08:15:35.275005,17.7,49.8,1
2026-01-12T08:15:37.529770,17.7,49.7,1
2026-01-12T08:15:39.784036,17.7,49.8,1
2026-01-12T08:15:42.038473,17.7,49.8,1
2026-01-12T08:15:44.293091,17.7,49.8,1
2026-01-12T08:15:46.547667,17.7,49.8,1
2026-01-12T08:15:48.802112,17.7,49.8,1
2026-01-12T08:15:51.056784,17.7,49.7,1
2026-01-12T08:15:53.311442,17.7,49.8,1
2026-01-12T08:15:55.566002,17.7,49.7,1
2026-01-12T08:15:57.820672,17.7,49.8,1
2026-01-12T08:16:00.074781,17.7,49.7,0
2026-01-12T08:16:02.329233,17.7,49.7,0
2026-01-12T08:16:04.583604,17.7,49.7,0
2026-01-12T08:16:06.838116,17.7,49.8,0
2026-01-12T08:16:09.092088,17.7,49.8,0
2026-01-12T08:16:11.346680,17.7,49.7,0
2026-01-12T08:16:13.601312,17.7,49.7,1
2026-01-12T08:16:15.855487,17.7,49.7,1
2026-01-12T08:16:18.110162,17.7,49.7,1
2026-01-12T08:16:20.364617,17.7,49.7,1
2026-01-12T08:16:22.619211,17.7,49.6,1
2026-01-12T08:16:24.873605,17.7,49.6,1
2026-01-12T08:16:27.128217,17.7,49.6,1
2026-01-12T08:16:29.382785,17.7,49.5,1
2026-01-12T08:16:31.637520,17.7,49.5,1
2026-01-12T08:16:33.892009,17.7,49.6,1
2026-01-12T08:16:36.146488,17.7,49.5,1
2026-01-12T08:16:38.401155,17.7,49.5,1
2026-01-12T08:16:40.655400,17.7,49.5,1
2026-01-12T08:16:42.909852,17.7,49.5,1
2026-01-12T08:16:45.164340,17.7,49.5,1
2026-01-12T08:16:47.418874,17.7,49.5,1
2026-01-12T08:16:49.673150,17.7,49.5,1
2026-01-12T08:16:51.927761,17.7,49.5,1
2026-01-12T08:16:54.182281,17.7,49.6,1
2026-01-12T08:16:56.436700,17.7,49.6,0
2026-01-12T08:16:58.691319,17.7,49.5,0
2026-01-12T08:17:00.945923,17.7,49.5,0
2026-01-12T08:17:03.199978,17.7,49.5,0
2026-01-12T08:17:05.454800,17.7,49.6,0
2026-01-12T08:17:07.709618,17.8,49.6,0
2026-01-12T08:17:09.964090,17.7,49.5,1
2026-01-12T08:17:12.218884,17.7,49.5,1
2026-01-12T08:17:14.473520,17.7,49.5,1
2026-01-12T08:17:16.727859,17.7,49.5,1
2026-01-12T08:17:18.982709,17.7,49.5,1
2026-01-12T08:17:21.238838,17.7,49.4,1
2026-01-12T08:17:23.493393,17.7,49.4,1
2026-01-12T08:17:25.748201,17.7,49.4,1
2026-01-12T08:17:28.002884,17.7,49.4,1
2026-01-12T08:17:30.257402,17.7,49.4,1
2026-01-12T08:17:32.512229,17.7,49.4,1
2026-01-12T08:17:34.766946,17.7,49.4,1
2026-01-12T08:17:37.021540,17.7,49.4,1
2026-01-12T08:17:39.276192,17.7,49.4,1
2026-01-12T08:17:41.530946,17.7,49.4,1
2026-01-12T08:17:43.785452,17.7,49.5,1
2026-01-12T08:17:46.040115,17.7,49.5,1
2026-01-12T08:17:48.294719,17.7,49.5,1
2026-01-12T08:17:50.549302,17.7,49.4,1
2026-01-12T08:17:52.803898,17.7,49.5,0
2026-01-12T08:17:55.058458,17.7,49.5,0
2026-01-12T08:17:57.312853,17.7,49.5,0
2026-01-12T08:17:59.567672,17.7,49.5,0
2026-01-12T08:18:01.822225,17.7,49.5,0
2026-01-12T08:18:04.076596,17.7,49.5,0
2026-01-12T08:18:06.331293,17.7,49.5,1
2026-01-12T08:18:08.585580,17.7,49.5,1
2026-01-12T08:18:10.840017,17.7,49.5,1
2026-01-12T08:18:13.094736,17.7,49.5,1
2026-01-12T08:18:15.349234,17.7,49.5,1
2026-01-12T08:18:17.603691,17.7,49.5,1
2026-01-12T08:18:19.858353,17.7,49.6,1
2026-01-12T08:18:22.112800,17.7,49.6,1
2026-01-12T08:18:24.367233,17.7,49.6,1
2026-01-12T08:18:26.621793,17.7,49.6,1
2026-01-12T08:18:28.875817,17.7,49.6,1
2026-01-12T08:18:31.130330,17.7,49.6,1
2026-01-12T08:18:33.384881,17.7,49.7,1
2026-01-12T08:18:35.639459,17.7,49.7,1
2026-01-12T08:18:37.893826,17.7,49.7,1
2026-01-12T08:18:40.148496,17.7,49.7,1
2026-01-12T08:18:42.403069,17.7,49.7,1
2026-01-12T08:18:44.657613,17.7,49.7,1
2026-01-12T08:18:46.911933,17.7,49.7,1
2026-01-12T08:18:49.166522,17.7,49.7,0
2026-01-12T08:18:51.420788,17.7,49.7,0
2026-01-12T08:18:53.675555,17.7,49.7,0
2026-01-12T08:18:55.930013,17.7,49.7,0
2026-01-12T08:18:58.184187,17.7,49.7,0
2026-01-12T08:19:00.438874,17.7,49.7,0
2026-01-12T08:19:02.693573,17.7,49.7,1
2026-01-12T08:19:04.947721,17.7,49.7,1
2026-01-12T08:19:07.202403,17.7,49.7,1
2026-01-12T08:19:09.456858,17.7,49.7,1
2026-01-12T08:19:11.711287,17.7,49.7,1
2026-01-12T08:19:13.965841,17.7,49.7,1
2026-01-12T08:19:16.220367,17.7,49.7,1
2026-01-12T08:19:18.474845,17.7,49.7,1
2026-01-12T08:19:20.729703,17.7,49.7,1
2026-01-12T08:19:22.984023,17.7,49.7,1
2026-01-12T08:19:25.238555,17.7,49.7,1
2026-01-12T08:19:27.493159,17.7,49.7,1
2026-01-12T08:19:29.747495,17.7,49.7,1
2026-01-12T08:19:32.001823,17.7,49.7,1
2026-01-12T08:19:34.256244,17.7,49.7,1
2026-01-12T08:19:36.510776,17.7,49.7,1
2026-01-12T08:19:38.765327,17.7,49.7,1
2026-01-12T08:19:41.019483,17.7,49.7,1
2026-01-12T08:19:43.274021,17.7,49.7,1
2026-01-12T08:19:45.528574,17.7,49.7,0
2026-01-12T08:19:47.783351,17.7,49.7,0
2026-01-12T08:19:50.037791,17.7,49.7,0
2026-01-12T08:19:52.292240,17.7,49.7,0
2026-01-12T08:19:54.547056,17.7,49.7,0
2026-01-12T08:19:56.803312,17.7,49.8,0
2026-01-12T08:19:59.057674,17.7,49.7,1
2026-01-12T08:20:01.312125,17.7,49.8,1
2026-01-12T08:20:03.566661,17.7,49.7,1
2026-01-12T08:20:05.821067,17.7,49.7,1
2026-01-12T08:20:08.075210,17.7,49.8,1
2026-01-12T08:20:10.329520,17.7,49.8,1
2026-01-12T08:20:12.583602,17.7,49.8,1
2026-01-12T08:20:14.838242,17.7,49.8,1
2026-01-12T08:20:17.092667,17.7,49.9,1
2026-01-12T08:20:19.347216,17.7,49.8,1
2026-01-12T08:20:21.601894,17.7,49.8,1
2026-01-12T08:20:23.856217,17.7,49.8,1
2026-01-12T08:20:26.110573,17.7,49.8,1
2026-01-12T08:20:28.364972,17.7,49.8,1
2026-01-12T08:20:30.621624,17.7,49.8,1
2026-01-12T08:20:32.875912,17.7,49.8,1
2026-01-12T08:20:35.130579,17.7,49.8,1
2026-01-12T08:20:37.384659,17.7,49.8,1
2026-01-12T08:20:39.639265,17.7,49.8,1
2026-01-12T08:20:41.893906,17.7,49.8,0
2026-01-12T08:20:44.148281,17.7,49.8,0
2026-01-12T08:20:46.402746,17.7,49.8,0
2026-01-12T08:20:48.657372,17.7,49.8,0
2026-01-12T08:20:50.911831,17.7,49.8,0
2026-01-12T08:20:53.166313,17.7,49.8,0
2026-01-12T08:20:55.420871,17.7,49.8,1
2026-01-12T08:20:57.675305,17.7,49.8,1
2026-01-12T08:20:59.929786,17.7,49.8,1
2026-01-12T08:21:02.184386,17.7,49.9,1
2026-01-12T08:21:04.438914,17.7,49.8,1
2026-01-12T08:21:06.693430,17.7,49.9,1
2026-01-12T08:21:08.947924,17.7,49.8,1
2026-01-12T08:21:11.202497,17.7,49.8,1
2026-01-12T08:21:13.456788,17.7,49.9,1
2026-01-12T08:21:15.711172,17.7,49.9,1
2026-01-12T08:21:17.965438,17.7,49.9,1
2026-01-12T08:21:20.219652,17.7,49.9,1
2026-01-12T08:21:22.474345,17.7,49.9,1
2026-01-12T08:21:24.728812,17.7,49.9,1
2026-01-12T08:21:26.982948,17.7,49.9,1
2026-01-12T08:21:29.237469,17.7,49.9,1
2026-01-12T08:21:31.493464,17.7,49.9,1
2026-01-12T08:21:33.747671,17.7,49.9,1
2026-01-12T08:21:36.002362,17.7,49.9,1
2026-01-12T08:21:38.256650,17.7,49.9,0
2026-01-12T08:21:40.511120,17.7,49.9,0
2026-01-12T08:21:42.765858,17.7,49.9,0
2026-01-12T08:21:45.020076,17.7,49.8,0
2026-01-12T08:21:47.274505,17.7,49.8,0
2026-01-12T08:21:49.529169,17.7,49.8,0
2026-01-12T08:21:51.783552,17.7,49.8,1
2026-01-12T08:21:54.037909,17.7,49.8,1
2026-01-12T08:21:56.292264,17.7,49.8,1
2026-01-12T08:21:58.546823,17.7,49.9,1
2026-01-12T08:22:00.801297,17.7,49.8,1
2026-01-12T08:22:03.055929,17.7,49.8,1
2026-01-12T08:22:05.310438,17.7,49.8,1
2026-01-12T08:22:07.564944,17.7,49.8,1
2026-01-12T08:22:09.819377,17.7,49.8,1
2026-01-12T08:22:12.073835,17.7,49.8,1
2026-01-12T08:22:14.327937,17.7,49.8,1
2026-01-12T08:22:16.582247,17.7,49.8,1
2026-01-12T08:22:18.836371,17.7,49.8,1
2026-01-12T08:22:21.090849,17.7,49.8,1
2026-01-12T08:22:23.345351,17.7,49.8,1
2026-01-12T08:22:25.599850,17.7,49.8,1
2026-01-12T08:22:27.854298,17.7,49.8,1
2026-01-12T08:22:30.108849,17.7,49.8,1
2026-01-12T08:22:32.363038,17.7,49.8,1
2026-01-12T08:22:34.617595,17.7,49.8,0
2026-01-12T08:22:36.872009,17.7,49.8,0
2026-01-12T08:22:39.126563,17.7,49.8,0
2026-01-12T08:22:41.380882,17.7,49.7,0
2026-01-12T08:22:43.635350,17.7,49.8,0
2026-01-12T08:22:45.889854,17.7,49.7,0
2026-01-12T08:22:48.144135,17.7,49.8,1
2026-01-12T08:22:50.398740,17.7,49.8,1
2026-01-12T08:22:52.653137,17.7,49.8,1
2026-01-12T08:22:54.907481,17.7,49.8,1
2026-01-12T08:22:57.162135,17.7,49.8,1
2026-01-12T08:22:59.416364,17.7,49.8,1
2026-01-12T08:23:01.670971,17.7,49.7,1
2026-01-12T08:23:03.925710,17.7,49.7,1
2026-01-12T08:23:06.180072,17.7,49.8,1
2026-01-12T08:23:08.434564,17.7,49.7,1
2026-01-12T08:23:10.689259,17.7,49.8,1
2026-01-12T08:23:12.943706,17.7,49.7,1
2026-01-12T08:23:15.198143,17.7,49.7,1
2026-01-12T08:23:17.452570,17.7,49.7,1
2026-01-12T08:23:19.707174,17.7,49.7,1
2026-01-12T08:23:21.961259,17.7,49.7,1
2026-01-12T08:23:24.215932,17.7,49.7,1
2026-01-12T08:23:26.470442,17.7,49.7,1
2026-01-12T08:23:28.724760,17.7,49.7,1
2026-01-12T08:23:30.979366,17.7,49.7,0
2026-01-12T08:23:33.233815,17.7,49.7,0
2026-01-12T08:23:35.488258,17.7,49.7,0
2026-01-12T08:23:37.743045,17.7,49.7,0
2026-01-12T08:23:39.997495,17.7,49.7,0
2026-01-12T08:23:42.251881,17.7,49.7,0
2026-01-12T08:23:44.506481,17.7,49.7,1
2026-01-12T08:23:46.760678,17.7,49.7,1
2026-01-12T08:23:49.015232,17.7,49.7,1
2026-01-12T08:23:51.269923,17.7,49.7,1
2026-01-12T08:23:53.524490,17.7,49.7,1
2026-01-12T08:23:55.779048,17.7,49.7,1
2026-01-12T08:23:58.033658,17.7,49.7,1
2026-01-12T08:24:00.288169,17.7,49.7,1
2026-01-12T08:24:02.542715,17.7,49.7,1
2026-01-12T08:24:04.797299,17.7,49.7,1
2026-01-12T08:24:07.051758,17.7,49.7,1
2026-01-12T08:24:09.306268,17.7,49.7,1
2026-01-12T08:24:11.561047,17.7,49.7,1
2026-01-12T08:24:13.815563,17.7,49.7,1
2026-01-12T08:24:16.069887,17.7,49.7,1
2026-01-12T08:24:18.324544,17.7,49.7,1
2026-01-12T08:24:20.579260,17.7,49.7,1
2026-01-12T08:24:22.833701,17.7,49.7,1
2026-01-12T08:24:25.088130,17.7,49.7,1
2026-01-12T08:24:27.342733,17.7,49.7,0
2026-01-12T08:24:29.597000,17.7,49.7,0
2026-01-12T08:24:31.851492,17.7,49.7,0
2026-01-12T08:24:34.108078,17.7,49.7,0
2026-01-12T08:24:36.362485,17.7,49.7,0
2026-01-12T08:24:38.617015,17.7,49.7,0
2026-01-12T08:24:40.871335,17.7,49.7,1
2026-01-12T08:24:43.125820,17.7,49.7,1
2026-01-12T08:24:45.380469,17.7,49.7,1
2026-01-12T08:24:47.635010,17.7,49.8,1
2026-01-12T08:24:49.889479,17.7,49.7,1
2026-01-12T08:24:52.143851,17.7,49.7,1
2026-01-12T08:24:54.398371,17.7,49.8,1
2026-01-12T08:24:56.652560,17.7,49.8,1
2026-01-12T08:24:58.907294,17.7,49.7,1
2026-01-12T08:25:01.161737,17.7,49.7,1
2026-01-12T08:25:03.416201,17.7,49.8,1
2026-01-12T08:25:05.670746,17.7,49.7,1
2026-01-12T08:25:07.925202,17.7,49.7,1
2026-01-12T08:25:10.179442,17.7,49.7,1
2026-01-12T08:25:12.434100,17.7,49.7,1
2026-01-12T08:25:14.688416,17.7,49.7,1
2026-01-12T08:25:16.942933,17.7,49.7,1
2026-01-12T08:25:19.197470,17.7,49.8,1
2026-01-12T08:25:21.451456,17.7,49.7,1
2026-01-12T08:25:23.705922,17.7,49.7,0
2026-01-12T08:25:25.960087,17.7,49.7,0
2026-01-12T08:25:28.214654,17.7,49.7,0
2026-01-12T08:25:30.468987,17.7,49.7,0
2026-01-12T08:25:32.723692,17.7,49.7,0
2026-01-12T08:25:34.978145,17.7,49.7,0
2026-01-12T08:25:37.232107,17.7,49.7,1
2026-01-12T08:25:39.486775,17.7,49.7,1
2026-01-12T08:25:41.741282,17.7,49.7,1
2026-01-12T08:25:43.995277,17.7,49.7,1
2026-01-12T08:25:46.249426,17.7,49.7,1
2026-01-12T08:25:48.503902,17.7,49.7,1
2026-01-12T08:25:50.758408,17.7,49.7,1
2026-01-12T08:25:53.012548,17.7,49.7,1
2026-01-12T08:25:55.267136,17.7,49.7,1
2026-01-12T08:25:57.521654,17.7,49.7,1
2026-01-12T08:25:59.775946,17.7,49.7,1
2026-01-12T08:26:02.030578,17.7,49.7,1
2026-01-12T08:26:04.284497,17.7,49.7,1
2026-01-12T08:26:06.539314,17.7,49.7,1
2026-01-12T08:26:08.793715,17.7,49.7,1
2026-01-12T08:26:11.047796,17.7,49.7,1
2026-01-12T08:26:13.302299,17.7,49.7,1
2026-01-12T08:26:15.556791,17.7,49.7,1
2026-01-12T08:26:17.811129,17.7,49.7,1
2026-01-12T08:26:20.065807,17.7,49.7,0
2026-01-12T08:26:22.319851,17.7,49.7,0
2026-01-12T08:26:24.574361,17.7,49.7,0
2026-01-12T08:26:26.828608,17.7,49.7,0
2026-01-12T08:26:29.083155,17.7,49.7,0
2026-01-12T08:26:31.337440,17.7,49.7,0
2026-01-12T08:26:33.591902,17.7,49.6,1
2026-01-12T08:26:35.846395,17.7,49.7,1
2026-01-12T08:26:38.100402,17.7,49.7,1
2026-01-12T08:26:40.355157,17.7,49.7,1
2026-01-12T08:26:42.609560,17.7,49.7,1
2026-01-12T08:26:44.863478,17.7,49.6,1
2026-01-12T08:26:47.118033,17.7,49.7,1
2026-01-12T08:26:49.372057,17.7,49.7,1
2026-01-12T08:26:51.626619,17.7,49.6,1
2026-01-12T08:26:53.880794,17.7,49.6,1
2026-01-12T08:26:56.134974,17.7,49.7,1
2026-01-12T08:26:58.389277,17.7,49.6,1
2026-01-12T08:27:00.643575,17.7,49.6,1
2026-01-12T08:27:02.897561,17.7,49.7,1
2026-01-12T08:27:05.151585,17.7,49.6,1
2026-01-12T08:27:07.406228,17.7,49.6,1
2026-01-12T08:27:09.662620,17.7,49.6,1
2026-01-12T08:27:11.916636,17.7,49.6,1
2026-01-12T08:27:14.171472,17.7,49.6,1
2026-01-12T08:27:16.425953,17.7,49.6,0
2026-01-12T08:27:18.680009,17.7,49.6,0
2026-01-12T08:27:20.934697,17.7,49.6,0
2026-01-12T08:27:23.189620,17.7,49.6,0
2026-01-12T08:27:25.443605,17.7,49.6,0
2026-01-12T08:27:27.698242,17.7,49.6,0
2026-01-12T08:27:29.952237,17.7,49.6,1
2026-01-12T08:27:32.206808,17.7,49.6,1
2026-01-12T08:27:34.461283,17.7,49.6,1
2026-01-12T08:27:36.715461,17.7,49.6,1
2026-01-12T08:27:38.970024,17.7,49.6,1
2026-01-12T08:27:41.224200,17.7,49.6,1
2026-01-12T08:27:43.478867,17.7,49.6,1
2026-01-12T08:27:45.733268,17.7,49.6,1
2026-01-12T08:27:47.987595,17.7,49.6,1
2026-01-12T08:27:50.242115,17.7,49.6,1
2026-01-12T08:27:52.496143,17.7,49.6,1
2026-01-12T08:27:54.751023,17.7,49.6,1
2026-01-12T08:27:57.005398,17.7,49.5,1
2026-01-12T08:27:59.259308,17.7,49.5,1
2026-01-12T08:28:01.513845,17.7,49.5,1
2026-01-12T08:28:03.768500,17.7,49.5,1
2026-01-12T08:28:06.023134,17.7,49.5,1
2026-01-12T08:28:08.277770,17.7,49.6,1
2026-01-12T08:28:10.531914,17.7,49.6,1
2026-01-12T08:28:12.786364,17.7,49.5,0
2026-01-12T08:28:15.040619,17.7,49.5,0
2026-01-12T08:28:17.295276,17.7,49.5,0
2026-01-12T08:28:19.549839,17.7,49.5,0
2026-01-12T08:28:21.804369,17.7,49.5,0
2026-01-12T08:28:24.060191,17.7,49.5,0
2026-01-12T08:28:26.314117,17.7,49.5,1
2026-01-12T08:28:28.568790,17.7,49.5,1
2026-01-12T08:28:30.823133,17.7,49.5,1
2026-01-12T08:28:33.077509,17.7,49.5,1
2026-01-12T08:28:35.331752,17.7,49.5,1
2026-01-12T08:28:37.586291,17.7,49.5,1
2026-01-12T08:28:39.840678,17.7,49.5,1
2026-01-12T08:28:42.095548,17.7,49.5,1
2026-01-12T08:28:44.350175,17.7,49.5,1
2026-01-12T08:28:46.606059,17.7,49.5,1
2026-01-12T08:28:48.860396,17.7,49.5,1
2026-01-12T08:28:51.115074,17.7,49.5,1
2026-01-12T08:28:53.369418,17.7,49.5,1
2026-01-12T08:28:55.623673,17.7,49.5,1
2026-01-12T08:28:57.878058,17.7,49.5,1
2026-01-12T08:29:00.132083,17.7,49.5,1
2026-01-12T08:29:02.386511,17.7,49.5,1
2026-01-12T08:29:04.640596,17.7,49.5,1
2026-01-12T08:29:06.895237,17.7,49.5,1
2026-01-12T08:29:09.149814,17.7,49.5,0
2026-01-12T08:29:11.403841,17.7,49.5,0
2026-01-12T08:29:13.658416,17.7,49.5,0
2026-01-12T08:29:15.912790,17.7,49.5,0
2026-01-12T08:29:18.166758,17.7,49.5,0
2026-01-12T08:29:20.420776,17.7,49.4,0
2026-01-12T08:29:22.675006,17.7,49.5,1
2026-01-12T08:29:24.931142,17.7,49.5,1
2026-01-12T08:29:27.185354,17.7,49.5,1
2026-01-12T08:29:29.439470,17.7,49.5,1
2026-01-12T08:29:31.693664,17.7,49.5,1
2026-01-12T08:29:33.947613,17.7,49.5,1
2026-01-12T08:29:36.202147,17.7,49.5,1
2026-01-12T08:29:38.456190,17.7,49.5,1
2026-01-12T08:29:40.710788,17.7,49.5,1
2026-01-12T08:29:42.964997,17.7,49.5,1
2026-01-12T08:29:45.219073,17.7,49.5,1
2026-01-12T08:29:47.473384,17.7,49.5,1
2026-01-12T08:29:49.727560,17.7,49.5,1
2026-01-12T08:29:51.982029,17.7,49.5,1
2026-01-12T08:29:54.236011,17.7,49.5,1
2026-01-12T08:29:56.490166,17.7,49.5,1
2026-01-12T08:29:58.744299,17.7,49.5,1
2026-01-12T08:30:00.998864,17.7,49.5,1
2026-01-12T08:30:03.253169,17.7,49.5,1
2026-01-12T08:30:05.507222,17.7,49.5,0
2026-01-12T08:30:07.761548,17.7,49.5,0
2026-01-12T08:30:10.015776,17.7,49.5,0
2026-01-12T08:30:12.270312,17.7,49.5,0
2026-01-12T08:30:14.524436,17.7,49.5,0
2026-01-12T08:30:16.778656,17.7,49.5,0
2026-01-12T08:30:19.035239,17.7,49.5,1
2026-01-12T08:30:21.289620,17.7,49.5,1
2026-01-12T08:30:23.543982,17.7,49.5,1
2026-01-12T08:30:25.798510,17.7,49.5,1
2026-01-12T08:30:28.052567,17.7,49.5,1
2026-01-12T08:30:30.307353,17.7,49.5,1
2026-01-12T08:30:32.561901,17.7,49.6,1
2026-01-12T08:30:34.816061,17.7,49.5,1
2026-01-12T08:30:37.070810,17.7,49.5,1
2026-01-12T08:30:39.325210,17.7,49.5,1
2026-01-12T08:30:41.579399,17.7,49.5,1
2026-01-12T08:30:43.834014,17.7,49.5,1
2026-01-12T08:30:46.088200,17.7,49.5,1
2026-01-12T08:30:48.342198,17.7,49.5,1
2026-01-12T08:30:50.596449,17.7,49.5,1
2026-01-12T08:30:52.852250,17.7,49.5,1
2026-01-12T08:30:55.106767,17.7,49.5,1
2026-01-12T08:30:57.360950,17.7,49.5,1
2026-01-12T08:30:59.615072,17.7,49.5,1
2026-01-12T08:31:01.869371,17.7,49.5,0
2026-01-12T08:31:04.123950,17.7,49.5,0
2026-01-12T08:31:06.377996,17.7,49.5,0
2026-01-12T08:31:08.632174,17.7,49.5,0
2026-01-12T08:31:10.887000,17.7,49.5,0
2026-01-12T08:31:13.141373,17.7,49.5,0
2026-01-12T08:31:15.395513,17.7,49.5,0
2026-01-12T08:31:17.650276,17.7,49.5,1
2026-01-12T08:31:19.904506,17.7,49.5,1
2026-01-12T08:31:22.159085,17.7,49.5,1
2026-01-12T08:31:24.413597,17.7,49.5,1
2026-01-12T08:31:26.667690,17.7,49.5,1
2026-01-12T08:31:28.922106,17.7,49.5,1
2026-01-12T08:31:31.176268,17.7,49.5,1
2026-01-12T08:31:33.430289,17.7,49.5,1
2026-01-12T08:31:35.684325,17.7,49.5,1
2026-01-12T08:31:37.939133,17.7,49.5,1
2026-01-12T08:31:40.193258,17.7,49.5,1
2026-01-12T08:31:42.447209,17.7,49.5,1
2026-01-12T08:31:44.701803,17.7,49.5,1
2026-01-12T08:31:46.955889,17.7,49.5,1
2026-01-12T08:31:49.210311,17.7,49.5,1
2026-01-12T08:31:51.464747,17.7,49.6,1
2026-01-12T08:31:53.719161,17.7,49.5,1
2026-01-12T08:31:55.973612,17.7,49.5,1
2026-01-12T08:31:58.228127,17.7,49.6,0
2026-01-12T08:32:00.482744,17.7,49.5,0
2026-01-12T08:32:02.737127,17.7,49.5,0
2026-01-12T08:32:04.991439,17.7,49.5,0
2026-01-12T08:32:07.245948,17.7,49.5,0
2026-01-12T08:32:09.499997,17.7,49.5,0
2026-01-12T08:32:11.754802,17.7,49.5,0
2026-01-12T08:32:14.009275,17.7,49.5,1
2026-01-12T08:32:16.263615,17.7,49.5,1
2026-01-12T08:32:18.519429,17.7,49.5,1
2026-01-12T08:32:20.773915,17.7,49.5,1
2026-01-12T08:32:23.027917,17.7,49.5,1
2026-01-12T08:32:25.282602,17.7,49.5,1
2026-01-12T08:32:27.538457,17.7,49.5,1
2026-01-12T08:32:29.792749,17.7,49.5,1
2026-01-12T08:32:32.047248,17.7,49.5,1
2026-01-12T08:32:34.301788,17.7,49.5,1
2026-01-12T08:32:36.555857,17.7,49.5,1
2026-01-12T08:32:38.810600,17.7,49.5,1
2026-01-12T08:32:41.064759,17.7,49.6,1
2026-01-12T08:32:43.318878,17.7,49.5,1
2026-01-12T08:32:45.573481,17.7,49.5,1
2026-01-12T08:32:47.827513,17.7,49.5,1
2026-01-12T08:32:50.081798,17.7,49.5,1
2026-01-12T08:32:52.336265,17.7,49.5,1
2026-01-12T08:32:54.591012,17.7,49.5,0
2026-01-12T08:32:56.845426,17.7,49.5,0
2026-01-12T08:32:59.099628,17.7,49.5,0
2026-01-12T08:33:01.355272,17.7,49.5,0
2026-01-12T08:33:03.609842,17.7,49.5,0
2026-01-12T08:33:05.864057,17.7,49.5,0
2026-01-12T08:33:08.118616,17.7,49.5,0
2026-01-12T08:33:10.372608,17.7,49.5,1
2026-01-12T08:33:12.627221,17.7,49.5,1
2026-01-12T08:33:14.881668,17.7,49.5,1
2026-01-12T08:33:17.135675,17.7,49.5,1
2026-01-12T08:33:19.390282,17.7,49.5,1
2026-01-12T08:33:21.644473,17.7,49.4,1
2026-01-12T08:33:23.899118,17.7,49.4,1
2026-01-12T08:33:26.153574,,,1
2026-01-12T08:33:28.407662,17.7,49.5,1
2026-01-12T08:33:30.662151,17.7,49.4,1
2026-01-12T08:33:32.916424,17.7,49.4,1
2026-01-12T08:33:35.171100,17.7,49.4,1
2026-01-12T08:33:37.425456,17.7,49.4,1
2026-01-12T08:33:39.679840,17.7,49.4,1
2026-01-12T08:33:41.934465,17.7,49.4,1
2026-01-12T08:33:44.188428,17.7,49.4,1
2026-01-12T08:33:46.443212,17.7,49.4,1
2026-01-12T08:33:48.697715,17.7,49.4,1
2026-01-12T08:33:50.951823,17.7,49.4,0
2026-01-12T08:33:53.206507,17.7,49.4,0
2026-01-12T08:33:55.460714,17.7,49.4,0
2026-01-12T08:33:57.714908,17.7,49.4,0
2026-01-12T08:33:59.969438,17.7,49.4,0
2026-01-12T08:34:02.223431,17.7,49.4,0
2026-01-12T08:34:04.477972,17.7,49.4,0
2026-01-12T08:34:06.732332,17.7,49.4,1
2026-01-12T08:34:08.986986,17.7,49.4,1
2026-01-12T08:34:11.241217,17.7,49.4,1
2026-01-12T08:34:13.495644,17.7,49.4,1
2026-01-12T08:34:15.750184,17.7,49.5,1
2026-01-12T08:34:18.004383,17.7,49.4,1
2026-01-12T08:34:20.259222,17.7,49.4,1
2026-01-12T08:34:22.513778,17.7,49.5,1
2026-01-12T08:34:24.767866,17.7,49.4,1
2026-01-12T08:34:27.022595,17.7,49.4,1
2026-01-12T08:34:29.276672,17.7,49.5,1
2026-01-12T08:34:31.531471,17.7,49.5,1
2026-01-12T08:34:33.786126,17.7,49.4,1
2026-01-12T08:34:36.040181,17.7,49.5,1
2026-01-12T08:34:38.294701,17.7,49.5,1
2026-01-12T08:34:40.549083,17.7,49.5,1
2026-01-12T08:34:42.803139,17.7,49.4,1
2026-01-12T08:34:45.057507,17.7,49.4,1
2026-01-12T08:34:47.311717,17.7,49.4,0
2026-01-12T08:34:49.566242,17.7,49.4,0
2026-01-12T08:34:51.820262,17.7,49.5,0
2026-01-12T08:34:54.074789,17.7,49.4,0
2026-01-12T08:34:56.329154,17.7,49.4,0
2026-01-12T08:34:58.584079,17.7,49.4,0
2026-01-12T08:35:00.838848,17.7,49.5,0
2026-01-12T08:35:03.093303,17.7,49.4,1
2026-01-12T08:35:05.347321,17.7,49.4,1
2026-01-12T08:35:07.602032,17.7,49.4,1
2026-01-12T08:35:09.856090,17.7,49.4,1
2026-01-12T08:35:12.110625,17.7,49.4,1
2026-01-12T08:35:14.364760,17.7,49.4,1
2026-01-12T08:35:16.618925,17.7,49.4,1
2026-01-12T08:35:18.873150,17.7,49.5,1
2026-01-12T08:35:21.127387,17.7,49.4,1
2026-01-12T08:35:23.381778,17.7,49.4,1
2026-01-12T08:35:25.635901,17.7,49.4,1
2026-01-12T08:35:27.890653,17.7,49.4,1
2026-01-12T08:35:30.144925,17.7,49.5,1
2026-01-12T08:35:32.399052,17.7,49.5,1
2026-01-12T08:35:34.653675,17.7,49.5,1
2026-01-12T08:35:36.907700,17.7,49.5,1
2026-01-12T08:35:39.161674,17.7,49.5,1
2026-01-12T08:35:41.415812,17.7,49.5,1
2026-01-12T08:35:43.670386,17.7,49.4,0
2026-01-12T08:35:45.924404,17.7,49.4,0
2026-01-12T08:35:48.179240,17.7,49.5,0
2026-01-12T08:35:50.433501,17.7,49.5,0
2026-01-12T08:35:52.687513,17.7,49.5,0
2026-01-12T08:35:54.942011,17.7,49.5,0
2026-01-12T08:35:57.196545,17.7,49.5,0
2026-01-12T08:35:59.451138,17.7,49.4,1
2026-01-12T08:36:01.705657,17.7,49.5,1
2026-01-12T08:36:03.959861,17.7,49.5,1
2026-01-12T08:36:06.214336,17.7,49.5,1
2026-01-12T08:36:08.468512,17.7,49.5,1
2026-01-12T08:36:10.723250,17.7,49.5,1
2026-01-12T08:36:12.977656,17.7,49.5,1
2026-01-12T08:36:15.231887,17.7,49.5,1
2026-01-12T08:36:17.486458,17.7,49.5,1
2026-01-12T08:36:19.740940,17.7,49.5,1
2026-01-12T08:36:21.995166,17.7,49.5,1
2026-01-12T08:36:24.250637,17.7,49.5,1
2026-01-12T08:36:26.504639,17.7,49.5,1
2026-01-12T08:36:28.759640,17.7,49.5,1
2026-01-12T08:36:31.014122,17.7,49.5,1
2026-01-12T08:36:33.268151,17.7,49.5,1
2026-01-12T08:36:35.523168,17.7,49.5,1
2026-01-12T08:36:37.777661,17.7,49.5,1
2026-01-12T08:36:40.031816,17.7,49.5,0
2026-01-12T08:36:42.286574,17.7,49.5,0
2026-01-12T08:36:44.540653,17.7,49.5,0
2026-01-12T08:36:46.795285,17.7,49.5,0
2026-01-12T08:36:49.049778,17.7,49.5,0
2026-01-12T08:36:51.303831,17.7,49.5,0
2026-01-12T08:36:53.558366,17.7,49.5,0
2026-01-12T08:36:55.812540,17.7,49.4,1
2026-01-12T08:36:58.067216,17.7,49.5,1
2026-01-12T08:37:00.321720,17.7,49.5,1
2026-01-12T08:37:02.576073,17.7,49.5,1
2026-01-12T08:37:04.830771,17.7,49.5,1
2026-01-12T08:37:07.084729,17.7,49.5,1
2026-01-12T08:37:09.338983,17.7,49.5,1
2026-01-12T08:37:11.593062,17.7,49.5,1
2026-01-12T08:37:13.846979,17.7,49.4,1
2026-01-12T08:37:16.101388,17.7,49.5,1
2026-01-12T08:37:18.355389,17.7,49.5,1
2026-01-12T08:37:20.609905,17.7,49.5,1
2026-01-12T08:37:22.864084,17.7,49.5,1
2026-01-12T08:37:25.118649,17.7,49.4,1
2026-01-12T08:37:27.372590,17.7,49.5,1
2026-01-12T08:37:29.626994,17.7,49.5,1
2026-01-12T08:37:31.881407,17.7,49.5,1
2026-01-12T08:37:34.135352,17.7,49.5,1
2026-01-12T08:37:36.389692,17.7,49.5,0
2026-01-12T08:37:38.643811,17.7,49.5,0
2026-01-12T08:37:40.898187,17.7,49.5,0
2026-01-12T08:37:43.152322,17.7,49.5,0
2026-01-12T08:37:45.406973,17.7,49.5,0
2026-01-12T08:37:47.661382,17.7,49.4,0
2026-01-12T08:37:49.915875,17.7,49.5,0
2026-01-12T08:37:52.170481,17.7,49.5,1
2026-01-12T08:37:54.424439,17.7,49.5,1
2026-01-12T08:37:56.679188,17.7,49.5,1
2026-01-12T08:37:58.933578,17.7,49.5,1
2026-01-12T08:38:01.187803,17.7,49.5,1
2026-01-12T08:38:03.442495,17.7,49.4,1
2026-01-12T08:38:05.698792,17.7,49.4,1
2026-01-12T08:38:07.952905,17.7,49.5,1
2026-01-12T08:38:10.207129,17.7,49.5,1
2026-01-12T08:38:12.461512,17.7,49.5,1
2026-01-12T08:38:14.715550,17.7,49.4,1
2026-01-12T08:38:16.970148,17.7,49.4,1
2026-01-12T08:38:19.224165,17.7,49.4,1
2026-01-12T08:38:21.478735,17.7,49.5,1
2026-01-12T08:38:23.733038,17.7,49.4,1
2026-01-12T08:38:25.987182,17.7,49.4,1
2026-01-12T08:38:28.241102,17.7,49.4,1
2026-01-12T08:38:30.495418,17.7,49.4,1
2026-01-12T08:38:32.749914,17.7,49.4,0
2026-01-12T08:38:35.004059,17.7,49.4,0
2026-01-12T08:38:37.258683,17.7,49.4,0
2026-01-12T08:38:39.512729,17.7,49.4,0
2026-01-12T08:38:41.766924,17.7,49.4,0
2026-01-12T08:38:44.021578,17.7,49.4,0
2026-01-12T08:38:46.275690,17.7,49.4,0
2026-01-12T08:38:48.530144,17.7,49.4,1
2026-01-12T08:38:50.784298,17.7,49.4,1
2026-01-12T08:38:53.038811,17.7,49.4,1
2026-01-12T08:38:55.292804,17.7,49.4,1
2026-01-12T08:38:57.547691,17.7,49.4,1
2026-01-12T08:38:59.802086,17.7,49.4,1
2026-01-12T08:39:02.056062,17.7,49.4,1
2026-01-12T08:39:04.310729,17.7,49.3,1
2026-01-12T08:39:06.565048,17.7,49.4,1
2026-01-12T08:39:08.819057,17.7,49.4,1
2026-01-12T08:39:11.073548,17.7,49.3,1
2026-01-12T08:39:13.327917,17.7,49.3,1
2026-01-12T08:39:15.582049,17.7,49.2,1
2026-01-12T08:39:17.836315,17.7,49.2,1
2026-01-12T08:39:20.090861,17.7,49.2,1
2026-01-12T08:39:22.344828,17.7,49.2,1
2026-01-12T08:39:24.599148,17.7,49.2,1
2026-01-12T08:39:26.853469,17.7,49.2,1
2026-01-12T08:39:29.107687,17.7,49.2,0
2026-01-12T08:39:31.362384,17.7,49.3,0
2026-01-12T08:39:33.616692,17.7,49.3,0
2026-01-12T08:39:35.871382,17.7,49.3,0
2026-01-12T08:39:38.125866,17.7,49.3,0
2026-01-12T08:39:40.379900,17.7,49.3,0
2026-01-12T08:39:42.634421,17.7,49.3,0
2026-01-12T08:39:44.888579,17.7,49.3,1
2026-01-12T08:39:47.143292,17.7,49.3,1
2026-01-12T08:39:49.397683,17.7,49.3,1
2026-01-12T08:39:51.652044,17.7,49.3,1
2026-01-12T08:39:53.906331,17.7,49.3,1
2026-01-12T08:39:56.160288,17.7,49.3,1
2026-01-12T08:39:58.414486,17.7,49.3,1
2026-01-12T08:40:00.668834,17.7,49.3,1
2026-01-12T08:40:02.922723,17.7,49.3,1
2026-01-12T08:40:05.177305,17.7,49.3,1
2026-01-12T08:40:07.431387,17.7,49.3,1
2026-01-12T08:40:09.685990,17.7,49.3,1
2026-01-12T08:40:11.940220,17.7,49.2,1
2026-01-12T08:40:14.194812,17.7,49.2,1
2026-01-12T08:40:16.449045,17.7,49.2,1
2026-01-12T08:40:18.703320,17.7,49.3,1
2026-01-12T08:40:20.957766,17.7,49.2,1
2026-01-12T08:40:23.211900,17.7,49.3,1
2026-01-12T08:40:25.466624,17.7,49.3,0
2026-01-12T08:40:27.720816,17.7,49.3,0
2026-01-12T08:40:29.974970,17.7,49.2,0
2026-01-12T08:40:32.229589,17.7,49.2,0
2026-01-12T08:40:34.483955,17.7,49.3,0
2026-01-12T08:40:36.738591,17.7,49.2,0
2026-01-12T08:40:38.992742,17.7,49.2,0
2026-01-12T08:40:41.246754,17.7,49.2,1
2026-01-12T08:40:43.500707,17.7,49.2,1
2026-01-12T08:40:45.755065,17.7,49.2,1
2026-01-12T08:40:48.009310,17.7,49.2,1
2026-01-12T08:40:50.263434,17.7,49.2,1
2026-01-12T08:40:52.519085,17.7,49.2,1
2026-01-12T08:40:54.833313,17.7,49.2,1
2026-01-12T08:40:57.087279,17.7,49.2,1
2026-01-12T08:40:59.341890,17.7,49.2,1
2026-01-12T08:41:01.596042,17.7,49.2,1
2026-01-12T08:41:03.850528,17.7,49.1,1
2026-01-12T08:41:06.104809,17.7,49.2,1
2026-01-12T08:41:08.359349,17.7,49.2,1
2026-01-12T08:41:10.613770,17.7,49.2,1
2026-01-12T08:41:12.868298,17.7,49.1,1
2026-01-12T08:41:15.122824,17.7,49.0,1
2026-01-12T08:41:17.377344,17.7,49.1,1
2026-01-12T08:41:19.631915,17.7,49.0,1
2026-01-12T08:41:21.888371,17.7,49.0,0
2026-01-12T08:41:24.142699,17.7,49.0,0
2026-01-12T08:41:26.397036,17.7,49.0,0
2026-01-12T08:41:28.651151,17.7,49.0,0
2026-01-12T08:41:30.905660,17.7,49.0,0
2026-01-12T08:41:33.159942,17.7,49.0,0
2026-01-12T08:41:35.414444,17.7,49.0,0
2026-01-12T08:41:37.668467,17.7,49.0,1
2026-01-12T08:41:39.923271,17.7,49.0,1
2026-01-12T08:41:42.177545,17.7,49.1,1
2026-01-12T08:41:44.431904,17.7,49.0,1
2026-01-12T08:41:46.686041,17.7,49.0,1
2026-01-12T08:41:48.940042,17.7,49.0,1
2026-01-12T08:41:51.194479,17.7,48.9,1
2026-01-12T08:41:53.448707,17.7,48.9,1
2026-01-12T08:41:55.702943,17.7,48.9,1
2026-01-12T08:41:57.957300,17.7,48.8,1
2026-01-12T08:42:00.211590,17.7,48.8,1
2026-01-12T08:42:02.466067,17.7,48.8,1
2026-01-12T08:42:04.720302,17.7,48.8,1
2026-01-12T08:42:06.975018,17.7,48.7,1
2026-01-12T08:42:09.229362,17.7,48.8,1
2026-01-12T08:42:11.483488,17.7,48.7,1
2026-01-12T08:42:13.738085,17.7,48.7,1
2026-01-12T08:42:15.992457,17.7,48.7,1
2026-01-12T08:42:18.246840,17.7,48.7,0
2026-01-12T08:42:20.501485,17.7,48.7,0
2026-01-12T08:42:22.755923,17.7,48.7,0
2026-01-12T08:42:25.010357,17.7,48.7,0
2026-01-12T08:42:27.264896,17.7,48.7,0
2026-01-12T08:42:29.519052,17.7,48.7,0
2026-01-12T08:42:31.773470,17.7,48.8,0
2026-01-12T08:42:34.027845,17.7,48.8,1
2026-01-12T08:42:36.282353,17.7,48.7,1
2026-01-12T08:42:38.536509,17.7,48.8,1
2026-01-12T08:42:40.791366,17.7,48.8,1
2026-01-12T08:42:43.045807,17.7,48.8,1
2026-01-12T08:42:45.299715,17.7,48.8,1
2026-01-12T08:42:47.554319,17.7,48.8,1
2026-01-12T08:42:49.808475,17.7,48.8,1
2026-01-12T08:42:52.063004,17.7,48.8,1
2026-01-12T08:42:54.317411,17.7,48.8,1
2026-01-12T08:42:56.571948,17.7,48.8,1
2026-01-12T08:42:58.826333,17.7,48.9,1
2026-01-12T08:43:01.080657,17.7,48.8,1
2026-01-12T08:43:03.335248,17.7,48.8,1
2026-01-12T08:43:05.589708,17.7,48.8,1
2026-01-12T08:43:07.844201,17.7,48.8,1
2026-01-12T08:43:10.098357,17.7,48.8,1
2026-01-12T08:43:12.352569,17.7,48.8,1
2026-01-12T08:43:14.607353,17.7,48.8,0
2026-01-12T08:43:16.863851,17.7,48.8,0
2026-01-12T08:43:19.118225,17.7,48.8,0
2026-01-12T08:43:21.372411,17.7,48.8,0
2026-01-12T08:43:23.627136,17.7,48.8,0
2026-01-12T08:43:25.881447,17.7,48.8,0
2026-01-12T08:43:28.135624,17.7,48.9,0
2026-01-12T08:43:30.390110,17.7,49.0,1
2026-01-12T08:43:32.644508,17.7,49.0,1
2026-01-12T08:43:34.899257,17.7,49.0,1
2026-01-12T08:43:37.153433,17.7,49.0,1
2026-01-12T08:43:39.407451,17.7,49.0,1
2026-01-12T08:43:41.662067,17.7,49.0,1
2026-01-12T08:43:43.916090,17.7,49.0,1
2026-01-12T08:43:46.170418,17.7,48.9,1
2026-01-12T08:43:48.424582,17.7,48.9,1
2026-01-12T08:43:50.679280,17.7,48.9,1
2026-01-12T08:43:52.933753,17.7,48.8,1
2026-01-12T08:43:55.188179,17.7,48.8,1
2026-01-12T08:43:57.442665,17.7,48.8,1
2026-01-12T08:43:59.697016,17.7,48.8,1
2026-01-12T08:44:01.951613,17.7,48.9,1
2026-01-12T08:44:04.206121,17.7,48.9,1
2026-01-12T08:44:06.460561,17.7,48.8,1
2026-01-12T08:44:08.715334,17.7,48.9,1
2026-01-12T08:44:10.969817,17.7,48.8,0
2026-01-12T08:44:13.224191,17.7,48.8,0
2026-01-12T08:44:15.478978,17.7,48.9,0
2026-01-12T08:44:17.733457,17.7,48.9,0
2026-01-12T08:44:19.987575,17.7,48.9,0
2026-01-12T08:44:22.242198,17.7,48.9,0
2026-01-12T08:44:24.496523,17.7,48.9,0
2026-01-12T08:44:26.751127,17.7,48.9,1
2026-01-12T08:44:29.005566,17.7,48.9,1
2026-01-12T08:44:31.259883,17.7,49.0,1
2026-01-12T08:44:33.514239,17.7,48.9,1
2026-01-12T08:44:35.768787,17.7,49.0,1
2026-01-12T08:44:38.022748,17.7,48.9,1
2026-01-12T08:44:40.276831,17.7,48.9,1
2026-01-12T08:44:42.531075,17.7,49.0,1
2026-01-12T08:44:44.787427,17.7,49.0,1
2026-01-12T08:44:47.041879,17.7,48.9,1
2026-01-12T08:44:49.296179,17.7,49.0,1
2026-01-12T08:44:51.550804,17.7,49.0,1
2026-01-12T08:44:53.805091,17.7,49.0,1
2026-01-12T08:44:56.059307,17.7,49.0,1
2026-01-12T08:44:58.313619,17.7,49.0,1
2026-01-12T08:45:00.567807,17.7,49.0,1
2026-01-12T08:45:02.822478,17.7,49.0,1
2026-01-12T08:45:05.076504,17.7,49.0,1
2026-01-12T08:45:07.330984,17.7,49.0,0
2026-01-12T08:45:09.585395,17.7,49.0,0
2026-01-12T08:45:11.839753,17.7,49.0,0
2026-01-12T08:45:14.094089,17.7,49.0,0
2026-01-12T08:45:16.348530,17.7,49.0,0
2026-01-12T08:45:18.603192,17.7,49.0,0
2026-01-12T08:45:20.857481,17.7,49.0,0
2026-01-12T08:45:23.111661,17.7,49.0,1
2026-01-12T08:45:25.366061,17.7,49.0,1
2026-01-12T08:45:27.620350,17.7,49.0,1
2026-01-12T08:45:29.875004,17.7,49.0,1
2026-01-12T08:45:32.129279,17.7,49.0,1
2026-01-12T08:45:34.383234,17.7,49.0,1
2026-01-12T08:45:36.637792,17.7,49.0,1
2026-01-12T08:45:38.892044,17.7,49.0,1
2026-01-12T08:45:41.146456,17.7,49.0,1
2026-01-12T08:45:43.400710,17.7,49.0,1
2026-01-12T08:45:45.654849,17.7,49.0,1
2026-01-12T08:45:47.909307,17.7,49.0,1
2026-01-12T08:45:50.163844,17.7,49.0,1
2026-01-12T08:45:52.418420,17.7,49.0,1
2026-01-12T08:45:54.672979,17.7,49.0,1
2026-01-12T08:45:56.927660,17.7,49.0,1
2026-01-12T08:45:59.182197,17.7,49.0,1
2026-01-12T08:46:01.436239,17.7,49.0,1
2026-01-12T08:46:03.691009,17.7,49.0,0
2026-01-12T08:46:05.945316,17.7,49.0,0
2026-01-12T08:46:08.199405,17.7,49.0,0
2026-01-12T08:46:10.453793,17.7,49.0,0
2026-01-12T08:46:12.708075,17.7,49.0,0
2026-01-12T08:46:14.962522,17.7,49.0,0
2026-01-12T08:46:17.216877,17.7,49.0,0
2026-01-12T08:46:19.471310,17.7,49.0,1
2026-01-12T08:46:21.725659,17.7,49.0,1
2026-01-12T08:46:23.980328,17.7,49.0,1
2026-01-12T08:46:26.234930,17.7,49.0,1
2026-01-12T08:46:28.489281,17.7,49.0,1
2026-01-12T08:46:30.743500,17.7,49.0,1
2026-01-12T08:46:32.998017,17.7,49.0,1
2026-01-12T08:46:35.252122,17.7,49.0,1
2026-01-12T08:46:37.506782,17.7,49.0,1
2026-01-12T08:46:39.761312,17.7,49.0,1
2026-01-12T08:46:42.015649,17.7,49.0,1
2026-01-12T08:46:44.270280,17.7,49.0,1
2026-01-12T08:46:46.524678,17.7,49.0,1
2026-01-12T08:46:48.778590,17.7,49.0,1
2026-01-12T08:46:51.032883,17.7,49.0,1
2026-01-12T08:46:53.286883,17.7,49.0,1
2026-01-12T08:46:55.541255,17.7,49.0,1
2026-01-12T08:46:57.795412,17.6,48.9,1
2026-01-12T08:47:00.049885,17.7,49.0,0
2026-01-12T08:47:02.303871,17.7,49.0,0
2026-01-12T08:47:04.558521,17.7,49.0,0
2026-01-12T08:47:06.812611,17.7,49.0,0
2026-01-12T08:47:09.067096,17.7,49.0,0
2026-01-12T08:47:11.321509,17.7,49.0,0
2026-01-12T08:47:13.575785,17.7,49.0,0
2026-01-12T08:47:15.830258,17.7,49.0,1
2026-01-12T08:47:18.084818,17.7,49.0,1
2026-01-12T08:47:20.339242,17.7,49.0,1
2026-01-12T08:47:22.593305,17.7,49.0,1
2026-01-12T08:47:24.847430,17.7,49.0,1
2026-01-12T08:47:27.101942,17.7,49.0,1
2026-01-12T08:47:29.355900,17.7,49.0,1
2026-01-12T08:47:31.610731,17.7,49.0,1
2026-01-12T08:47:33.864915,17.7,49.0,1
2026-01-12T08:47:36.119256,17.7,48.9,1
2026-01-12T08:47:38.373734,17.7,48.9,1
2026-01-12T08:47:40.627846,17.7,49.0,1
2026-01-12T08:47:42.882188,17.7,49.0,1
2026-01-12T08:47:45.136474,17.7,48.9,1
2026-01-12T08:47:47.391046,17.7,49.0,1
2026-01-12T08:47:49.645744,17.7,48.9,1
2026-01-12T08:47:51.899962,17.7,48.9,1
2026-01-12T08:47:54.154431,17.7,49.0,1
2026-01-12T08:47:56.408371,17.7,49.0,0
2026-01-12T08:47:58.663177,17.7,49.0,0
2026-01-12T08:48:00.917499,17.7,49.0,0
2026-01-12T08:48:03.171505,17.7,49.0,0
2026-01-12T08:48:05.425997,17.7,49.0,0
2026-01-12T08:48:07.680141,17.7,49.0,0
2026-01-12T08:48:09.934618,17.7,49.0,0
2026-01-12T08:48:12.188991,17.6,48.9,1
2026-01-12T08:48:14.442988,17.7,49.0,1
2026-01-12T08:48:16.697374,17.7,48.9,1
2026-01-12T08:48:18.951819,17.7,49.0,1
2026-01-12T08:48:21.206324,17.7,49.0,1
2026-01-12T08:48:23.460286,17.7,49.0,1
2026-01-12T08:48:25.715045,17.7,48.9,1
2026-01-12T08:48:27.969396,17.7,48.9,1
2026-01-12T08:48:30.223737,17.7,48.9,1
2026-01-12T08:48:32.478305,17.7,48.9,1
2026-01-12T08:48:34.732352,17.7,48.9,1
2026-01-12T08:48:36.986594,17.7,48.9,1
2026-01-12T08:48:39.241232,17.7,48.9,1
2026-01-12T08:48:41.495534,17.7,48.9,1
2026-01-12T08:48:43.750098,17.7,48.9,1
2026-01-12T08:48:46.004272,17.7,48.9,1
2026-01-12T08:48:48.258842,17.7,48.9,1
2026-01-12T08:48:50.513225,17.7,48.8,1
2026-01-12T08:48:52.767841,17.7,48.9,0
2026-01-12T08:48:55.022408,17.7,48.8,0
2026-01-12T08:48:57.276860,17.7,48.8,0
2026-01-12T08:48:59.531548,17.7,48.8,0
2026-01-12T08:49:01.787817,17.7,48.8,0
2026-01-12T08:49:04.042277,17.7,48.8,0
2026-01-12T08:49:06.296899,17.6,48.8,0
2026-01-12T08:49:08.551097,17.7,48.8,1
2026-01-12T08:49:10.805607,17.7,48.8,1
2026-01-12T08:49:13.060226,17.7,48.8,1
2026-01-12T08:49:15.314909,17.7,48.8,1
2026-01-12T08:49:17.569526,17.7,48.8,1
2026-01-12T08:49:19.824298,17.7,48.8,1
2026-01-12T08:49:22.078861,17.7,48.7,1
2026-01-12T08:49:24.333290,17.7,48.7,1
2026-01-12T08:49:26.587805,17.7,48.6,1
2026-01-12T08:49:28.844084,17.7,48.6,1
2026-01-12T08:49:31.098586,17.7,48.6,1
2026-01-12T08:49:33.352892,17.7,48.6,1
2026-01-12T08:49:35.607307,17.7,48.6,1
2026-01-12T08:49:37.861478,17.7,48.6,1
2026-01-12T08:49:40.115674,17.7,48.6,1
2026-01-12T08:49:42.370227,17.7,48.6,1
2026-01-12T08:49:44.624786,17.7,48.5,1
2026-01-12T08:49:46.879329,17.7,48.5,1
2026-01-12T08:49:49.133822,17.7,48.5,0
2026-01-12T08:49:51.388252,17.7,48.6,0
2026-01-12T08:49:53.642416,17.7,48.6,0
2026-01-12T08:49:55.896691,17.7,48.6,0
2026-01-12T08:49:58.151205,17.7,48.7,0
2026-01-12T08:50:00.405882,17.7,48.7,0
2026-01-12T08:50:02.660529,17.7,48.7,0
2026-01-12T08:50:04.915023,17.7,48.7,1
2026-01-12T08:50:07.169627,17.7,48.7,1
2026-01-12T08:50:09.424029,17.7,48.7,1
2026-01-12T08:50:11.678230,17.7,48.7,1
2026-01-12T08:50:13.932531,17.7,48.7,1
2026-01-12T08:50:16.187170,17.7,48.8,1
2026-01-12T08:50:18.441685,17.7,48.8,1
2026-01-12T08:50:20.696202,17.7,48.7,1
2026-01-12T08:50:22.951912,17.7,48.7,1
2026-01-12T08:50:25.206379,17.7,48.7,1
2026-01-12T08:50:27.461107,17.7,48.7,1
2026-01-12T08:50:29.715260,17.7,48.7,1
2026-01-12T08:50:31.969693,17.7,48.7,1
2026-01-12T08:50:34.223874,17.7,48.7,1
2026-01-12T08:50:36.478473,17.7,48.6,1
2026-01-12T08:50:38.732943,17.7,48.7,1
2026-01-12T08:50:40.987409,17.7,48.7,1
2026-01-12T08:50:43.241488,17.7,48.7,1
2026-01-12T08:50:45.495927,17.7,48.6,0
2026-01-12T08:50:47.750656,17.7,48.6,0
2026-01-12T08:50:50.005140,17.7,48.5,0
2026-01-12T08:50:52.259144,17.7,48.5,0
2026-01-12T08:50:54.513787,17.7,48.5,0
2026-01-12T08:50:56.767953,17.7,48.5,0
2026-01-12T08:50:59.022461,17.7,48.5,0
2026-01-12T08:51:01.276710,17.7,48.5,1
2026-01-12T08:51:03.530943,17.7,48.5,1
2026-01-12T08:51:05.785217,17.7,48.5,1
2026-01-12T08:51:08.039493,17.7,48.6,1
2026-01-12T08:51:10.293639,17.7,48.6,1
2026-01-12T08:51:12.548182,17.7,48.6,1
2026-01-12T08:51:14.802709,17.7,48.7,1
2026-01-12T08:51:17.057184,17.7,48.7,1
2026-01-12T08:51:19.311337,17.7,48.7,1
2026-01-12T08:51:21.565933,17.7,48.7,1
2026-01-12T08:51:23.819923,17.7,48.7,1
2026-01-12T08:51:26.074408,17.7,48.7,1
2026-01-12T08:51:28.328770,17.7,48.7,1
2026-01-12T08:51:30.582937,17.7,48.7,1
2026-01-12T08:51:32.837065,17.7,48.7,1
2026-01-12T08:51:35.091459,17.7,48.7,1
2026-01-12T08:51:37.345842,17.7,48.7,1
2026-01-12T08:51:39.599961,17.7,48.7,1
2026-01-12T08:51:41.854547,17.7,48.7,0
2026-01-12T08:51:44.108548,17.7,48.7,0
2026-01-12T08:51:46.363042,17.7,48.7,0
2026-01-12T08:51:48.617605,17.7,48.6,0
2026-01-12T08:51:50.871738,17.7,48.7,0
2026-01-12T08:51:53.126151,17.7,48.7,0
2026-01-12T08:51:55.380623,17.7,48.7,0
2026-01-12T08:51:57.635336,17.7,48.7,1
2026-01-12T08:51:59.889855,17.7,48.7,1
2026-01-12T08:52:02.144053,17.7,48.7,1
2026-01-12T08:52:04.398540,17.7,48.7,1
2026-01-12T08:52:06.652910,17.7,48.7,1
2026-01-12T08:52:08.907080,17.7,48.7,1
2026-01-12T08:52:11.161649,17.7,48.7,1
2026-01-12T08:52:13.415887,17.7,48.7,1
2026-01-12T08:52:15.670639,17.7,48.7,1
2026-01-12T08:52:17.924868,17.7,48.7,1
2026-01-12T08:52:20.179305,17.7,48.7,1
2026-01-12T08:52:22.433938,17.7,48.7,1
2026-01-12T08:52:24.688529,17.7,48.7,1
2026-01-12T08:52:26.943104,17.7,48.7,1
2026-01-12T08:52:29.197583,17.7,48.7,1
2026-01-12T08:52:31.452130,17.7,48.7,1
2026-01-12T08:52:33.706791,17.7,48.7,1
2026-01-12T08:52:35.961077,17.7,48.7,1
2026-01-12T08:52:38.215254,17.7,48.7,0
2026-01-12T08:52:40.469737,17.7,48.7,0
2026-01-12T08:52:42.724479,17.7,48.6,0
2026-01-12T08:52:44.979080,17.7,48.6,0
2026-01-12T08:52:47.233514,17.7,48.6,0
2026-01-12T08:52:49.487784,17.7,48.6,0
2026-01-12T08:52:51.742430,17.7,48.6,0
2026-01-12T08:52:53.996471,17.7,48.6,1
2026-01-12T08:52:56.251243,17.7,48.6,1
2026-01-12T08:52:58.505245,17.7,48.6,1
2026-01-12T08:53:00.759627,17.7,48.6,1
2026-01-12T08:53:03.014289,17.7,48.6,1
2026-01-12T08:53:05.268598,17.7,48.6,1
2026-01-12T08:53:07.523194,17.7,48.7,1
2026-01-12T08:53:09.777890,17.7,48.6,1
2026-01-12T08:53:12.032043,17.7,48.6,1
2026-01-12T08:53:14.286529,17.7,48.6,1
2026-01-12T08:53:16.541143,17.7,48.6,1
2026-01-12T08:53:18.797746,17.7,48.6,1
2026-01-12T08:53:21.051913,17.7,48.6,1
2026-01-12T08:53:23.306459,17.7,48.6,1
2026-01-12T08:53:25.560792,17.7,48.6,1
2026-01-12T08:53:27.815161,17.7,48.6,1
2026-01-12T08:53:30.069685,17.7,48.6,1
2026-01-12T08:53:32.324168,17.7,48.6,1
2026-01-12T08:53:34.578795,17.7,48.6,0
2026-01-12T08:53:36.833424,17.7,48.6,0
2026-01-12T08:53:39.087543,17.7,48.6,0
2026-01-12T08:53:41.341988,17.7,48.6,0
2026-01-12T08:53:43.596226,17.7,48.6,0
2026-01-12T08:53:45.850774,17.7,48.6,0
2026-01-12T08:53:48.105010,17.7,48.6,0
2026-01-12T08:53:50.359539,17.7,48.6,1
2026-01-12T08:53:52.614078,17.7,48.6,1
2026-01-12T08:53:54.868523,17.7,48.6,1
2026-01-12T08:53:57.123332,17.7,48.6,1
2026-01-12T08:53:59.377862,17.7,48.6,1
2026-01-12T08:54:01.632196,17.7,48.6,1
2026-01-12T08:54:03.886784,17.7,48.6,1
2026-01-12T08:54:06.141265,17.7,48.6,1
2026-01-12T08:54:08.395626,17.7,48.6,1
2026-01-12T08:54:10.650309,17.7,48.6,1
2026-01-12T08:54:12.904683,17.7,48.6,1
2026-01-12T08:54:15.159181,17.7,48.6,1
2026-01-12T08:54:17.413512,17.7,48.6,1
2026-01-12T08:54:19.668119,17.7,48.6,1
2026-01-12T08:54:21.922641,17.7,48.6,1
2026-01-12T08:54:24.177260,17.7,48.6,1
2026-01-12T08:54:26.431545,17.7,48.6,1
2026-01-12T08:54:28.685984,17.7,48.6,1
2026-01-12T08:54:30.940651,17.7,48.6,0
2026-01-12T08:54:33.194610,17.7,48.6,0
2026-01-12T08:54:35.449020,17.7,48.6,0
2026-01-12T08:54:37.703434,17.7,48.5,0
2026-01-12T08:54:39.957994,17.7,48.5,0
2026-01-12T08:54:42.212109,17.7,48.5,0
2026-01-12T08:54:44.466798,17.7,48.5,0
2026-01-12T08:54:46.721398,17.7,48.5,1
2026-01-12T08:54:48.975653,17.7,48.5,1
2026-01-12T08:54:51.230384,17.7,48.5,1
2026-01-12T08:54:53.484775,17.7,48.5,1
2026-01-12T08:54:55.739090,17.7,48.5,1
2026-01-12T08:54:57.993743,17.7,48.5,1
2026-01-12T08:55:00.247805,17.7,48.5,1
2026-01-12T08:55:02.502202,17.7,48.5,1
2026-01-12T08:55:04.756551,17.7,48.5,1
2026-01-12T08:55:07.011105,17.7,48.5,1
2026-01-12T08:55:09.265402,17.7,48.5,1
2026-01-12T08:55:11.521258,17.7,48.6,1
2026-01-12T08:55:13.775372,17.7,48.5,1
2026-01-12T08:55:16.029839,17.7,48.6,1
2026-01-12T08:55:18.284298,17.7,48.5,1
2026-01-12T08:55:20.539037,17.7,48.6,1
2026-01-12T08:55:22.793479,17.7,48.5,1
2026-01-12T08:55:25.047905,17.7,48.5,1
2026-01-12T08:55:27.301931,17.7,48.5,0
2026-01-12T08:55:29.556143,17.7,48.5,0
2026-01-12T08:55:31.810718,17.7,48.5,0
2026-01-12T08:55:34.064933,17.7,48.5,0
2026-01-12T08:55:36.318940,17.7,48.5,0
2026-01-12T08:55:38.573538,17.7,48.5,0
2026-01-12T08:55:40.828074,17.7,48.5,0
2026-01-12T08:55:43.082544,17.7,48.5,1
2026-01-12T08:55:45.336927,17.7,48.5,1
2026-01-12T08:55:47.591008,17.7,48.5,1
2026-01-12T08:55:49.845293,17.7,48.5,1
2026-01-12T08:55:52.099790,17.7,48.5,1
2026-01-12T08:55:54.354159,17.7,48.5,1
2026-01-12T08:55:56.608735,17.7,48.5,1
2026-01-12T08:55:58.862939,17.7,48.5,1
2026-01-12T08:56:01.117351,17.7,48.5,1
2026-01-12T08:56:03.371769,17.7,48.5,1
2026-01-12T08:56:05.626564,17.7,48.5,1
2026-01-12T08:56:07.880964,17.7,48.5,1
2026-01-12T08:56:10.135437,17.7,48.5,1
2026-01-12T08:56:12.390144,17.7,48.5,1
2026-01-12T08:56:14.644722,17.7,48.5,1
2026-01-12T08:56:16.898842,17.7,48.5,1
2026-01-12T08:56:19.153444,17.7,48.5,1
2026-01-12T08:56:21.407579,17.7,48.5,1
2026-01-12T08:56:23.662088,17.7,48.5,0
2026-01-12T08:56:25.916489,17.7,48.5,0
2026-01-12T08:56:28.171071,17.7,48.5,0
2026-01-12T08:56:30.425235,17.7,48.5,0
2026-01-12T08:56:32.679688,17.7,48.5,0
2026-01-12T08:56:34.935893,17.7,48.5,0
2026-01-12T08:56:37.190387,17.7,48.5,0
2026-01-12T08:56:39.444523,17.7,48.4,1
2026-01-12T08:56:41.699206,17.7,48.5,1
2026-01-12T08:56:43.953456,17.7,48.4,1
2026-01-12T08:56:46.207874,17.7,48.4,1
2026-01-12T08:56:48.462404,17.7,48.4,1
2026-01-12T08:56:50.716867,17.7,48.4,1
2026-01-12T08:56:52.971030,17.7,48.4,1
2026-01-12T08:56:55.225525,17.7,48.4,1
2026-01-12T08:56:57.479647,17.7,48.4,1
2026-01-12T08:56:59.734325,17.7,48.4,1
2026-01-12T08:57:01.990458,17.7,48.5,1
2026-01-12T08:57:04.244879,17.7,48.4,1
2026-01-12T08:57:06.499172,17.7,48.4,1
2026-01-12T08:57:08.753689,17.7,48.4,1
2026-01-12T08:57:11.007752,17.7,48.4,1
2026-01-12T08:57:13.262296,17.7,48.5,1
2026-01-12T08:57:15.516687,17.7,48.5,1
2026-01-12T08:57:17.771296,17.7,48.4,1
2026-01-12T08:57:20.025717,17.7,48.4,0
2026-01-12T08:57:22.279860,17.7,48.4,0
2026-01-12T08:57:24.534373,17.7,48.4,0
2026-01-12T08:57:26.788696,17.7,48.4,0
2026-01-12T08:57:29.042633,17.7,48.5,0
2026-01-12T08:57:31.296793,17.7,48.4,0
2026-01-12T08:57:33.551072,17.7,48.5,0
2026-01-12T08:57:35.805543,17.7,48.5,1
2026-01-12T08:57:38.059480,17.7,48.5,1
2026-01-12T08:57:40.313988,17.7,48.4,1
2026-01-12T08:57:42.568021,17.7,48.4,1
2026-01-12T08:57:44.822472,17.7,48.4,1
2026-01-12T08:57:47.076755,17.7,48.4,1
2026-01-12T08:57:49.331112,17.7,48.4,1
2026-01-12T08:57:51.585112,17.7,48.4,1
2026-01-12T08:57:53.839356,17.7,48.4,1
2026-01-12T08:57:56.095025,17.7,48.4,1
2026-01-12T08:57:58.349321,17.7,48.4,1
2026-01-12T08:58:00.603475,17.7,48.4,1
2026-01-12T08:58:02.859284,17.7,48.4,1
2026-01-12T08:58:05.113238,17.7,48.5,1
2026-01-12T08:58:07.367629,17.7,48.4,1
2026-01-12T08:58:09.623780,17.7,48.4,1
2026-01-12T08:58:11.878252,17.7,48.4,1
2026-01-12T08:58:14.132487,17.7,48.4,1
2026-01-12T08:58:16.386786,17.7,48.4,0
2026-01-12T08:58:18.640947,17.7,48.4,0
2026-01-12T08:58:20.895143,17.7,48.4,0
2026-01-12T08:58:23.149434,17.7,48.4,0
2026-01-12T08:58:25.403401,17.7,48.4,0
2026-01-12T08:58:27.658009,17.7,48.4,0
2026-01-12T08:58:29.912311,17.7,48.4,0
2026-01-12T08:58:32.166814,17.7,48.4,1
2026-01-12T08:58:34.421388,17.7,48.4,1
2026-01-12T08:58:36.675533,17.7,48.4,1
2026-01-12T08:58:38.930078,17.7,48.4,1
2026-01-12T08:58:41.184152,17.7,48.4,1
2026-01-12T08:58:43.438716,17.7,48.4,1
2026-01-12T08:58:45.692840,17.7,48.4,1
2026-01-12T08:58:47.947332,17.7,48.4,1
2026-01-12T08:58:50.201536,17.7,48.4,1
2026-01-12T08:58:52.455946,17.7,48.3,1
2026-01-12T08:58:54.710604,17.7,48.3,1
2026-01-12T08:58:56.964634,17.7,48.3,1
2026-01-12T08:58:59.218816,17.7,48.3,1
2026-01-12T08:59:01.473438,17.7,48.3,1
2026-01-12T08:59:03.727977,17.7,48.3,1
2026-01-12T08:59:05.982361,17.7,48.3,1
2026-01-12T08:59:08.236996,17.7,48.3,1
2026-01-12T08:59:10.491055,17.7,48.3,1
2026-01-12T08:59:12.745012,17.7,48.3,0
2026-01-12T08:59:14.999535,17.7,48.4,0
2026-01-12T08:59:17.253914,17.7,48.4,0
2026-01-12T08:59:19.508224,17.7,48.3,0
2026-01-12T08:59:21.763023,17.7,48.3,0
2026-01-12T08:59:24.017436,17.7,48.3,0
2026-01-12T08:59:26.271641,17.7,48.3,0
2026-01-12T08:59:28.526333,17.7,48.3,1
2026-01-12T08:59:30.780613,17.7,48.3,1
2026-01-12T08:59:33.035139,17.7,48.3,1
2026-01-12T08:59:35.289757,17.7,48.3,1
2026-01-12T08:59:37.544338,17.7,48.3,1
2026-01-12T08:59:39.798808,17.7,48.3,1
2026-01-12T08:59:42.053426,17.7,48.3,1
2026-01-12T08:59:44.307814,17.7,48.3,1
2026-01-12T08:59:46.562494,17.7,48.2,1
2026-01-12T08:59:48.816848,17.7,48.3,1
2026-01-12T08:59:51.071153,17.7,48.2,1
2026-01-12T08:59:53.325521,17.7,48.2,1
2026-01-12T08:59:55.579788,17.7,48.2,1
2026-01-12T08:59:57.834203,17.7,48.2,1
2026-01-12T09:00:00.088528,17.7,48.2,1
2026-01-12T09:00:02.343181,17.7,48.2,1
2026-01-12T09:00:04.597258,17.7,48.2,1
2026-01-12T09:00:06.851861,17.7,48.2,1
2026-01-12T09:00:09.106675,17.7,48.2,0
2026-01-12T09:00:11.361326,17.7,48.2,0
2026-01-12T09:00:13.615992,17.7,48.2,0
2026-01-12T09:00:15.870733,17.7,48.2,0
2026-01-12T09:00:18.125392,17.7,48.2,0
2026-01-12T09:00:20.379922,17.7,48.2,0
2026-01-12T09:00:22.634805,17.7,48.1,0
2026-01-12T09:00:24.889441,17.7,48.1,1
2026-01-12T09:00:27.143938,17.7,48.1,1
2026-01-12T09:00:29.398763,17.7,48.0,1
2026-01-12T09:00:31.653572,17.7,48.0,1
2026-01-12T09:00:33.907947,17.7,48.0,1
2026-01-12T09:00:36.162705,17.7,47.9,1
2026-01-12T09:00:38.417281,17.7,47.9,1
2026-01-12T09:00:40.671949,17.7,47.8,1
2026-01-12T09:00:42.926695,17.7,47.8,1
2026-01-12T09:00:45.181304,17.7,47.8,1
2026-01-12T09:00:47.435703,17.7,47.8,1
2026-01-12T09:00:49.690457,17.7,47.8,1
2026-01-12T09:00:51.944784,17.7,47.8,1
2026-01-12T09:00:54.199221,17.7,47.7,1
2026-01-12T09:00:56.453925,17.7,47.7,1
2026-01-12T09:00:58.708452,17.7,47.7,1
2026-01-12T09:01:00.963026,17.7,47.6,1
2026-01-12T09:01:03.217769,17.7,47.6,1
2026-01-12T09:01:05.472293,17.7,47.6,1
2026-01-12T09:01:07.727004,17.7,47.6,0
2026-01-12T09:01:09.981628,17.7,47.7,0
2026-01-12T09:01:12.236242,17.7,47.7,0
2026-01-12T09:01:14.490808,17.7,47.7,0
2026-01-12T09:01:16.745296,17.7,47.8,0
2026-01-12T09:01:18.999630,17.7,47.8,0
2026-01-12T09:01:21.254141,17.7,47.8,1
2026-01-12T09:01:23.508700,17.7,47.8,1
2026-01-12T09:01:25.763242,17.7,47.8,1
2026-01-12T09:01:28.017663,17.7,47.8,1
2026-01-12T09:01:30.272274,17.7,47.9,1
2026-01-12T09:01:32.526930,17.7,48.0,1
2026-01-12T09:01:34.781459,17.7,48.0,1
2026-01-12T09:01:37.036197,17.7,48.0,1
2026-01-12T09:01:39.292832,17.7,48.0,1
2026-01-12T09:01:41.547311,17.7,48.0,1
2026-01-12T09:01:43.801944,17.7,48.0,1
2026-01-12T09:01:46.056528,17.7,48.0,1
2026-01-12T09:01:48.311119,17.7,48.0,1
2026-01-12T09:01:50.565788,17.7,48.0,1
2026-01-12T09:01:52.820370,17.7,48.0,1
2026-01-12T09:01:55.074840,17.7,48.0,1
2026-01-12T09:01:57.329533,17.7,48.0,1
2026-01-12T09:01:59.583602,17.7,48.1,1
2026-01-12T09:02:01.838000,17.7,48.1,0
2026-01-12T09:02:04.092457,17.7,48.1,0
2026-01-12T09:02:06.347014,17.7,48.1,0
2026-01-12T09:02:08.601541,17.7,48.0,0
2026-01-12T09:02:10.856126,17.7,48.1,0
2026-01-12T09:02:13.110701,17.7,48.1,0
2026-01-12T09:02:15.365096,17.7,48.1,0
2026-01-12T09:02:17.619861,17.7,48.1,1
2026-01-12T09:02:19.874458,17.7,48.1,1
2026-01-12T09:02:22.128744,17.7,48.1,1
2026-01-12T09:02:24.383518,17.7,48.1,1
2026-01-12T09:02:26.638165,17.7,48.2,1
2026-01-12T09:02:28.892673,17.7,48.2,1
2026-01-12T09:02:31.147376,17.7,48.2,1
2026-01-12T09:02:33.403333,17.7,48.2,1
2026-01-12T09:02:35.657537,17.7,48.2,1
2026-01-12T09:02:37.912079,17.7,48.2,1
2026-01-12T09:02:40.166576,17.7,48.2,1
2026-01-12T09:02:42.420921,17.7,48.2,1
2026-01-12T09:02:44.675627,17.7,48.2,1
2026-01-12T09:02:46.930213,17.7,48.2,1
2026-01-12T09:02:49.184484,17.7,48.2,1
2026-01-12T09:02:51.439249,17.7,48.2,1
2026-01-12T09:02:53.693758,17.7,48.2,1
2026-01-12T09:02:55.948266,17.7,48.2,1
2026-01-12T09:02:58.203013,17.7,48.2,0
2026-01-12T09:03:00.457585,17.7,48.2,0
2026-01-12T09:03:02.712195,17.7,48.2,0
2026-01-12T09:03:04.966977,17.7,48.1,0
2026-01-12T09:03:07.221466,17.7,48.2,0
2026-01-12T09:03:09.475836,17.7,48.1,0
2026-01-12T09:03:11.730571,17.7,48.0,0
2026-01-12T09:03:13.987124,17.7,48.1,1
2026-01-12T09:03:16.241563,17.7,48.0,1
2026-01-12T09:03:18.496160,17.7,48.0,1
2026-01-12T09:03:20.750823,17.7,48.1,1
2026-01-12T09:03:23.005327,17.7,48.1,1
2026-01-12T09:03:25.260033,17.7,48.1,1
2026-01-12T09:03:27.514501,17.7,48.1,1
2026-01-12T09:03:29.768694,17.7,48.1,1
2026-01-12T09:03:32.023342,17.7,48.0,1
2026-01-12T09:03:34.277620,17.7,48.1,1
2026-01-12T09:03:36.532161,17.7,48.1,1
2026-01-12T09:03:38.786873,17.7,48.0,1
2026-01-12T09:03:41.043269,17.7,48.1,1
2026-01-12T09:03:43.297677,17.7,48.0,1
2026-01-12T09:03:45.552347,17.7,48.1,1
2026-01-12T09:03:47.806639,17.7,48.0,1
2026-01-12T09:03:50.060900,17.7,48.0,1
2026-01-12T09:03:52.315426,17.7,48.0,1
2026-01-12T09:03:54.569741,17.7,48.0,1
2026-01-12T09:03:56.824006,17.7,48.1,0
2026-01-12T09:03:59.078765,17.7,48.1,0
2026-01-12T09:04:01.333178,17.7,48.2,0
2026-01-12T09:04:03.587151,17.7,48.2,0
2026-01-12T09:04:05.841843,17.7,48.2,0
2026-01-12T09:04:08.096393,17.7,48.2,0
2026-01-12T09:04:10.350824,17.7,48.2,1
2026-01-12T09:04:12.605486,17.7,48.1,1
2026-01-12T09:04:14.859943,17.7,48.2,1
2026-01-12T09:04:17.114418,17.7,48.2,1
2026-01-12T09:04:19.368927,17.7,48.1,1
2026-01-12T09:04:21.623506,17.7,48.2,1
2026-01-12T09:04:23.877947,17.7,48.1,1
2026-01-12T09:04:26.132569,17.7,48.1,1
2026-01-12T09:04:28.387119,17.7,48.1,1
2026-01-12T09:04:30.641548,17.7,48.1,1
2026-01-12T09:04:32.896107,17.7,48.0,1
2026-01-12T09:04:35.152608,17.6,48.0,1
2026-01-12T09:04:37.407179,17.7,48.1,1
2026-01-12T09:04:39.661959,17.7,48.1,1
2026-01-12T09:04:41.916194,17.7,48.1,1
2026-01-12T09:04:44.170656,17.7,48.1,1
2026-01-12T09:04:46.425220,17.6,48.0,1
2026-01-12T09:04:48.679769,17.7,48.1,1
2026-01-12T09:04:50.934349,17.7,48.1,1
2026-01-12T09:04:53.188967,17.7,48.1,0
2026-01-12T09:04:55.443504,17.7,48.1,0
2026-01-12T09:04:57.698069,17.7,48.1,0
2026-01-12T09:04:59.952559,17.7,48.1,0
2026-01-12T09:05:02.207049,17.7,48.2,0
2026-01-12T09:05:04.461503,17.7,48.2,0
2026-01-12T09:05:06.716207,17.6,48.1,1
2026-01-12T09:05:08.970761,17.7,48.0,1
2026-01-12T09:05:11.225044,17.7,48.0,1
2026-01-12T09:05:13.479470,17.7,48.0,1
2026-01-12T09:05:15.734048,17.7,48.0,1
2026-01-12T09:05:17.988165,17.7,48.0,1
2026-01-12T09:05:20.242796,17.7,48.1,1
2026-01-12T09:05:22.497448,17.7,48.1,1
2026-01-12T09:05:24.751736,17.7,48.1,1
2026-01-12T09:05:27.006398,17.7,48.1,1
2026-01-12T09:05:29.260734,17.7,48.1,1
2026-01-12T09:05:31.514745,17.6,48.1,1
2026-01-12T09:05:33.769057,17.6,48.0,1
2026-01-12T09:05:36.023429,17.7,48.1,1
2026-01-12T09:05:38.277806,17.7,48.1,1
2026-01-12T09:05:40.532539,17.7,48.1,1
2026-01-12T09:05:42.786698,17.6,48.0,1
2026-01-12T09:05:45.040713,17.7,48.1,1
2026-01-12T09:05:47.295340,17.7,48.0,1
2026-01-12T09:05:49.549585,17.6,48.0,0
2026-01-12T09:05:51.803961,17.6,48.0,0
2026-01-12T09:05:54.058613,17.7,48.0,0
2026-01-12T09:05:56.313143,17.7,48.1,0
2026-01-12T09:05:58.567697,17.7,48.0,0
2026-01-12T09:06:00.822419,17.7,48.1,0
2026-01-12T09:06:03.076811,17.7,48.0,1
2026-01-12T09:06:05.330994,17.6,48.0,1
2026-01-12T09:06:07.585232,17.7,48.1,1
2026-01-12T09:06:09.839464,17.7,48.2,1
2026-01-12T09:06:12.093843,17.6,48.1,1
2026-01-12T09:06:14.348072,17.7,48.2,1
2026-01-12T09:06:16.602671,17.7,48.2,1
2026-01-12T09:06:18.856757,17.6,48.2,1
2026-01-12T09:06:21.111192,17.6,48.2,1
2026-01-12T09:06:23.365770,17.7,48.3,1
2026-01-12T09:06:25.620035,17.6,48.2,1
2026-01-12T09:06:27.874692,17.7,48.3,1
2026-01-12T09:06:30.129223,17.7,48.3,1
2026-01-12T09:06:32.383511,17.6,48.2,1
2026-01-12T09:06:34.638177,17.7,48.3,1
2026-01-12T09:06:36.892568,17.6,48.2,1
2026-01-12T09:06:39.147151,17.7,48.2,1
2026-01-12T09:06:41.401883,17.6,48.2,1
2026-01-12T09:06:43.656279,17.6,48.1,1
2026-01-12T09:06:45.910666,17.7,48.2,0
2026-01-12T09:06:48.164926,17.6,48.1,0
2026-01-12T09:06:50.419115,17.6,48.1,0
2026-01-12T09:06:52.673535,17.6,48.1,0
2026-01-12T09:06:54.928240,17.6,48.1,0
2026-01-12T09:06:57.182884,17.7,48.2,0
2026-01-12T09:06:59.437390,17.7,48.1,1
2026-01-12T09:07:01.691815,17.7,48.2,1
2026-01-12T09:07:03.946422,17.6,48.1,1
2026-01-12T09:07:06.200524,17.7,48.2,1
2026-01-12T09:07:08.455300,17.6,48.1,1
2026-01-12T09:07:10.709942,17.6,48.1,1
2026-01-12T09:07:12.963939,17.6,48.1,1
2026-01-12T09:07:15.218627,17.6,48.1,1
2026-01-12T09:07:17.472713,17.7,48.1,1
2026-01-12T09:07:19.726811,17.6,48.1,1
2026-01-12T09:07:21.981390,17.7,48.2,1
2026-01-12T09:07:24.235543,17.7,48.2,1
2026-01-12T09:07:26.490038,17.7,48.2,1
2026-01-12T09:07:28.744988,17.7,48.2,1
2026-01-12T09:07:30.999353,17.6,48.1,1
2026-01-12T09:07:33.253746,17.6,48.1,1
2026-01-12T09:07:35.508463,17.6,48.1,1
2026-01-12T09:07:37.763256,17.6,48.1,1
2026-01-12T09:07:40.017748,17.7,48.2,1
2026-01-12T09:07:42.272312,17.6,48.1,0
2026-01-12T09:07:44.526977,17.7,48.2,0
2026-01-12T09:07:46.780962,17.7,48.2,0
2026-01-12T09:07:49.035377,17.6,48.1,0
2026-01-12T09:07:51.289897,17.7,48.2,0
2026-01-12T09:07:53.544407,17.7,48.2,0
2026-01-12T09:07:55.799237,17.7,48.2,1
2026-01-12T09:07:58.053726,17.7,48.2,1
2026-01-12T09:08:00.307864,17.7,48.2,1
2026-01-12T09:08:02.562647,17.7,48.2,1
2026-01-12T09:08:04.816706,17.6,48.1,1
2026-01-12T09:08:07.070723,17.7,48.2,1
2026-01-12T09:08:09.325121,17.7,48.1,1
2026-01-12T09:08:11.579279,17.6,48.1,1
2026-01-12T09:08:13.833684,17.7,48.1,1
2026-01-12T09:08:16.088274,17.7,48.2,1
2026-01-12T09:08:18.342849,17.7,48.2,1
2026-01-12T09:08:20.597141,17.7,48.1,1
2026-01-12T09:08:22.851668,17.7,48.2,1
2026-01-12T09:08:25.107945,17.6,48.1,1
2026-01-12T09:08:27.362379,17.6,48.1,1
2026-01-12T09:08:29.616989,17.6,48.1,1
2026-01-12T09:08:31.871407,17.7,48.2,1
2026-01-12T09:08:34.125763,17.7,48.2,1
2026-01-12T09:08:36.380129,17.7,48.1,1
2026-01-12T09:08:38.634718,17.7,48.1,0
2026-01-12T09:08:40.888908,17.7,48.1,0
2026-01-12T09:08:43.143520,17.7,48.1,0
2026-01-12T09:08:45.398065,17.7,48.1,0
2026-01-12T09:08:47.652562,17.7,48.1,0
2026-01-12T09:08:49.907318,17.7,48.1,0
2026-01-12T09:08:52.161824,17.7,48.1,1
2026-01-12T09:08:54.415835,17.7,48.1,1
2026-01-12T09:08:56.670569,17.6,48.0,1
2026-01-12T09:08:58.924786,17.6,48.1,1
2026-01-12T09:09:01.178972,17.7,48.1,1
2026-01-12T09:09:03.433549,17.7,48.1,1
2026-01-12T09:09:05.688087,17.7,48.1,1
2026-01-12T09:09:07.942635,17.6,48.0,1
2026-01-12T09:09:10.197007,17.7,48.0,1
2026-01-12T09:09:12.451137,17.7,48.1,1
2026-01-12T09:09:14.705680,17.7,48.1,1
2026-01-12T09:09:16.959944,17.7,48.1,1
2026-01-12T09:09:19.214520,17.7,48.1,1
2026-01-12T09:09:21.468595,17.7,48.1,1
2026-01-12T09:09:23.723408,17.7,48.1,1
2026-01-12T09:09:25.977872,17.6,48.0,1
2026-01-12T09:09:28.232344,17.7,48.1,1
2026-01-12T09:09:30.487052,17.7,48.0,1
2026-01-12T09:09:32.741692,17.7,48.0,0
2026-01-12T09:09:34.995852,17.7,48.0,0
2026-01-12T09:09:37.250568,17.7,48.0,0
2026-01-12T09:09:39.505046,17.7,48.0,0
2026-01-12T09:09:41.759271,17.6,48.0,0
2026-01-12T09:09:44.013981,17.7,48.0,0
2026-01-12T09:09:46.268513,17.7,48.1,0
2026-01-12T09:09:48.523154,17.7,48.0,1
2026-01-12T09:09:50.777882,17.7,48.0,1
2026-01-12T09:09:53.032224,17.7,48.0,1
2026-01-12T09:09:55.286738,17.7,48.1,1
2026-01-12T09:09:57.541440,17.6,47.9,1
2026-01-12T09:09:59.795971,17.7,48.0,1
2026-01-12T09:10:02.050343,17.7,48.0,1
2026-01-12T09:10:04.305023,17.7,48.0,1
2026-01-12T09:10:06.559511,17.7,48.0,1
2026-01-12T09:10:08.813977,17.7,48.0,1
2026-01-12T09:10:11.068441,17.7,48.0,1
2026-01-12T09:10:13.322542,17.7,48.0,1
2026-01-12T09:10:15.577037,17.7,48.0,1
2026-01-12T09:10:17.831613,17.7,48.0,1
2026-01-12T09:10:20.086226,17.7,48.0,1
2026-01-12T09:10:22.340612,17.7,48.0,1
2026-01-12T09:10:24.594870,17.7,48.0,1
2026-01-12T09:10:26.849507,17.6,47.9,1
2026-01-12T09:10:29.103712,17.7,48.0,0
2026-01-12T09:10:31.358412,17.7,48.0,0
2026-01-12T09:10:33.612761,17.7,48.0,0
2026-01-12T09:10:35.867223,17.7,48.0,0
2026-01-12T09:10:38.121753,17.7,48.0,0
2026-01-12T09:10:40.376185,17.7,48.0,0
2026-01-12T09:10:42.630665,17.7,48.0,0
2026-01-12T09:10:44.885233,17.7,48.0,1
2026-01-12T09:10:47.139763,17.7,48.0,1
2026-01-12T09:10:49.394209,17.7,48.0,1
2026-01-12T09:10:51.648862,17.7,48.0,1
2026-01-12T09:10:53.903450,17.7,48.0,1
2026-01-12T09:10:56.157809,17.7,48.0,1
2026-01-12T09:10:58.412372,17.7,48.0,1
2026-01-12T09:11:00.667047,17.7,48.0,1
2026-01-12T09:11:02.921548,17.7,48.0,1
2026-01-12T09:11:05.175767,17.7,48.0,1
2026-01-12T09:11:07.430289,17.7,48.0,1
2026-01-12T09:11:09.684610,17.7,48.0,1
2026-01-12T09:11:11.939320,17.7,48.0,1
2026-01-12T09:11:14.193656,17.7,48.0,1
2026-01-12T09:11:16.448095,17.7,48.0,1
2026-01-12T09:11:18.702830,17.7,48.0,1
2026-01-12T09:11:20.957404,17.7,48.0,1
2026-01-12T09:11:23.211504,17.7,48.0,1
2026-01-12T09:11:25.466095,17.7,48.0,0
2026-01-12T09:11:27.720675,17.7,48.0,0
2026-01-12T09:11:29.975166,17.7,48.0,0
2026-01-12T09:11:32.229652,17.7,48.0,0
2026-01-12T09:11:34.483990,17.7,48.0,0
2026-01-12T09:11:36.738369,17.7,48.0,0
2026-01-12T09:11:38.993051,17.7,48.0,0
2026-01-12T09:11:41.247207,17.7,48.0,1
2026-01-12T09:11:43.501513,17.7,48.0,1
2026-01-12T09:11:45.756148,17.7,48.0,1
2026-01-12T09:11:48.012661,17.7,48.0,1
2026-01-12T09:11:50.267260,17.7,48.0,1
2026-01-12T09:11:52.522124,17.7,48.0,1
2026-01-12T09:11:54.776504,17.7,48.0,1
2026-01-12T09:11:57.031072,17.7,48.0,1
2026-01-12T09:11:59.285847,17.7,48.0,1
2026-01-12T09:12:01.539971,17.7,48.0,1
2026-01-12T09:12:03.794399,17.7,48.0,1
2026-01-12T09:12:06.049008,17.7,48.0,1
2026-01-12T09:12:08.303449,17.7,47.9,1
2026-01-12T09:12:10.557814,17.7,48.0,1
2026-01-12T09:12:12.812193,17.7,48.0,1
2026-01-12T09:12:15.066809,17.7,47.9,1
2026-01-12T09:12:17.321312,17.7,48.0,1
2026-01-12T09:12:19.576095,17.7,48.0,1
2026-01-12T09:12:21.830536,17.7,47.9,1
2026-01-12T09:12:24.085020,17.7,48.0,0
2026-01-12T09:12:26.339321,17.7,48.0,0
2026-01-12T09:12:28.593665,17.7,48.0,0
2026-01-12T09:12:30.848122,17.6,47.9,0
2026-01-12T09:12:33.102934,17.7,47.9,0
2026-01-12T09:12:35.357550,17.7,48.0,0
2026-01-12T09:12:37.611857,17.7,47.9,1
2026-01-12T09:12:39.866549,17.6,47.9,1
2026-01-12T09:12:42.121007,17.7,48.0,1
2026-01-12T09:12:44.375533,17.7,48.0,1
2026-01-12T09:12:46.630303,17.7,47.9,1
2026-01-12T09:12:48.884479,17.7,48.0,1
2026-01-12T09:12:51.139074,17.7,48.0,1
2026-01-12T09:12:53.393610,17.7,47.9,1
2026-01-12T09:12:55.650434,17.7,48.0,1
2026-01-12T09:12:57.904898,17.7,47.9,1
2026-01-12T09:13:00.159599,17.7,47.9,1
2026-01-12T09:13:02.413936,17.7,47.9,1
2026-01-12T09:13:04.668306,17.7,47.9,1
2026-01-12T09:13:06.923157,17.7,47.9,1
2026-01-12T09:13:09.177217,17.7,47.9,1
2026-01-12T09:13:11.431725,17.7,47.9,1
2026-01-12T09:13:13.686552,17.6,47.9,1
2026-01-12T09:13:15.940878,17.7,47.9,1
2026-01-12T09:13:18.195367,17.7,47.9,1
2026-01-12T09:13:20.450105,17.7,47.9,0
2026-01-12T09:13:22.704382,17.7,48.0,0
2026-01-12T09:13:24.959018,17.7,47.9,0
2026-01-12T09:13:27.213691,17.6,47.9,0
2026-01-12T09:13:29.467991,17.7,47.9,0
2026-01-12T09:13:31.722682,17.6,47.9,0
2026-01-12T09:13:33.977308,17.7,47.8,1
2026-01-12T09:13:36.231904,17.7,48.0,1
2026-01-12T09:13:38.486328,17.7,47.9,1
2026-01-12T09:13:40.740981,17.7,47.9,1
2026-01-12T09:13:42.995431,17.7,47.9,1
2026-01-12T09:13:45.249942,17.7,47.9,1
2026-01-12T09:13:47.504637,17.7,47.9,1
2026-01-12T09:13:49.759002,17.7,47.9,1
2026-01-12T09:13:52.013511,17.6,47.9,1
2026-01-12T09:13:54.268012,17.7,47.9,1
2026-01-12T09:13:56.522735,17.7,47.9,1
2026-01-12T09:13:58.777227,17.7,47.9,1
2026-01-12T09:14:01.031906,17.7,47.9,1
2026-01-12T09:14:03.286553,17.6,47.9,1
2026-01-12T09:14:05.541184,17.7,47.9,1
2026-01-12T09:14:07.795881,17.6,47.8,1
2026-01-12T09:14:10.050475,17.7,47.9,1
2026-01-12T09:14:12.304611,17.6,47.8,1
2026-01-12T09:14:14.559523,17.6,47.8,1
2026-01-12T09:14:16.814183,17.7,47.8,0
2026-01-12T09:14:19.068612,17.6,47.8,0
2026-01-12T09:14:21.323345,17.7,47.8,0
2026-01-12T09:14:23.579638,17.6,47.8,0
2026-01-12T09:14:25.834109,17.7,47.8,0
2026-01-12T09:14:28.088850,17.7,47.8,0
2026-01-12T09:14:30.343142,17.7,47.9,1
2026-01-12T09:14:32.597510,17.7,47.9,1
2026-01-12T09:14:34.852124,17.6,47.8,1
2026-01-12T09:14:37.106715,17.7,47.9,1
2026-01-12T09:14:39.361249,17.7,47.9,1
2026-01-12T09:14:41.615683,17.7,47.9,1
2026-01-12T09:14:43.870218,17.7,47.9,1
2026-01-12T09:14:46.124420,17.6,47.8,1
2026-01-12T09:14:48.379273,17.6,47.8,1
2026-01-12T09:14:50.633855,17.7,47.9,1
2026-01-12T09:14:52.888091,17.7,47.9,1
2026-01-12T09:14:55.142870,17.7,47.9,1
2026-01-12T09:14:57.397473,17.7,47.9,1
2026-01-12T09:14:59.652085,17.7,47.8,1
2026-01-12T09:15:01.906782,17.6,47.8,1
2026-01-12T09:15:04.161452,17.7,47.8,1
2026-01-12T09:15:06.415908,17.7,47.8,1
2026-01-12T09:15:08.670705,17.6,47.8,1
2026-01-12T09:15:10.925167,17.6,47.7,1
2026-01-12T09:15:13.179365,17.7,47.8,0
2026-01-12T09:15:15.434010,17.6,47.7,0
2026-01-12T09:15:17.688443,17.7,47.8,0
2026-01-12T09:15:19.943022,17.7,47.8,0
2026-01-12T09:15:22.197749,17.6,47.7,0
2026-01-12T09:15:24.452293,17.6,47.7,0
2026-01-12T09:15:26.706937,17.7,47.8,1
2026-01-12T09:15:28.961642,17.7,47.8,1
2026-01-12T09:15:31.216184,17.7,47.7,1
2026-01-12T09:15:33.470807,17.7,47.8,1
2026-01-12T09:15:35.725582,17.7,47.8,1
2026-01-12T09:15:37.980001,17.7,47.8,1
2026-01-12T09:15:40.234540,17.7,47.7,1
2026-01-12T09:15:42.489226,17.7,47.8,1
2026-01-12T09:15:44.743553,17.7,47.8,1
2026-01-12T09:15:46.998092,17.7,47.7,1
2026-01-12T09:15:49.252461,17.6,47.7,1
2026-01-12T09:15:51.506956,17.7,47.7,1
2026-01-12T09:15:53.761445,17.6,47.7,1
2026-01-12T09:15:56.016069,17.6,47.7,1
2026-01-12T09:15:58.270560,17.7,47.8,1
2026-01-12T09:16:00.525184,17.6,47.7,1
2026-01-12T09:16:02.779735,17.7,47.8,1
2026-01-12T09:16:05.033825,17.6,47.7,1
2026-01-12T09:16:07.287873,17.6,47.7,1
2026-01-12T09:16:09.542718,17.7,47.8,0
2026-01-12T09:16:11.799016,17.7,47.8,0
2026-01-12T09:16:14.053496,17.7,47.8,0
2026-01-12T09:16:16.308172,17.7,47.8,0
2026-01-12T09:16:18.562969,17.6,47.7,0
2026-01-12T09:16:20.817375,17.6,47.6,0
2026-01-12T09:16:23.071744,17.7,47.7,1
2026-01-12T09:16:25.326276,17.6,47.6,1
2026-01-12T09:16:27.580397,17.7,47.6,1
2026-01-12T09:16:29.835244,17.7,47.5,1
2026-01-12T09:16:32.089862,17.6,47.5,1
2026-01-12T09:16:34.344102,17.6,47.5,1
2026-01-12T09:16:36.598341,17.6,47.5,1
2026-01-12T09:16:38.852911,17.7,47.5,1
2026-01-12T09:16:41.107259,17.7,47.6,1
2026-01-12T09:16:43.361988,17.7,47.6,1
2026-01-12T09:16:45.616597,17.6,47.6,1
2026-01-12T09:16:47.870822,17.7,47.6,1
2026-01-12T09:16:50.125714,17.6,47.6,1
2026-01-12T09:16:52.380084,17.6,47.6,1
2026-01-12T09:16:54.634682,17.7,47.6,1
2026-01-12T09:16:56.889135,17.7,47.7,1
2026-01-12T09:16:59.143737,17.6,47.6,1
2026-01-12T09:17:01.398242,17.6,47.7,1
2026-01-12T09:17:03.653062,17.6,47.7,1
2026-01-12T09:17:05.907344,17.6,47.6,0
2026-01-12T09:17:08.161973,17.7,47.7,0
2026-01-12T09:17:10.416628,17.7,47.7,0
2026-01-12T09:17:12.671163,17.6,47.7,0
2026-01-12T09:17:14.925681,17.6,47.6,0
2026-01-12T09:17:17.180320,17.6,47.6,0
2026-01-12T09:17:19.435008,17.7,47.8,1
2026-01-12T09:17:21.689599,17.6,47.7,1
2026-01-12T09:17:23.944225,17.6,47.7,1
2026-01-12T09:17:26.198944,17.6,47.7,1
2026-01-12T09:17:28.453463,17.6,47.7,1
2026-01-12T09:17:30.708278,17.6,47.7,1
2026-01-12T09:17:32.962973,17.7,47.8,1
2026-01-12T09:17:35.217480,17.6,47.7,1
2026-01-12T09:17:37.472152,17.7,47.8,1
2026-01-12T09:17:39.726791,17.6,47.8,1
2026-01-12T09:17:41.981142,17.7,47.8,1
2026-01-12T09:17:44.235876,17.7,47.8,1
2026-01-12T09:17:46.492125,17.6,47.8,1
2026-01-12T09:17:48.746767,17.6,47.7,1
2026-01-12T09:17:51.001388,17.6,47.8,1
2026-01-12T09:17:53.255856,17.6,47.8,1
2026-01-12T09:17:55.510386,17.6,47.8,1
2026-01-12T09:17:57.765098,17.6,47.8,1
2026-01-12T09:18:00.019297,17.6,47.8,1
2026-01-12T09:18:02.273735,17.6,47.8,0
2026-01-12T09:18:04.528458,17.6,47.8,0
2026-01-12T09:18:06.783121,17.6,47.8,0
2026-01-12T09:18:09.037441,17.6,47.8,0
2026-01-12T09:18:11.292061,17.7,47.9,0
2026-01-12T09:18:13.546719,17.6,47.9,0
2026-01-12T09:18:15.800945,17.6,47.9,1
2026-01-12T09:18:18.055372,17.7,48.0,1
2026-01-12T09:18:20.309937,17.7,48.0,1
2026-01-12T09:18:22.564179,17.6,47.9,1
2026-01-12T09:18:24.819050,17.6,47.9,1
2026-01-12T09:18:27.073582,17.6,47.9,1
2026-01-12T09:18:29.328075,17.6,47.8,1
2026-01-12T09:18:31.582677,17.6,47.9,1
2026-01-12T09:18:33.905335,17.6,47.9,1
2026-01-12T09:18:36.159858,17.6,47.8,1
2026-01-12T09:18:38.414643,17.6,47.8,1
2026-01-12T09:18:40.669009,17.6,47.8,1
2026-01-12T09:18:42.923471,17.6,47.8,1
2026-01-12T09:18:45.178098,17.6,47.8,1
2026-01-12T09:18:47.432640,17.6,47.8,1
2026-01-12T09:18:49.687371,17.7,47.8,1
2026-01-12T09:18:51.942093,17.6,47.8,1
2026-01-12T09:18:54.196398,17.6,47.8,1
2026-01-12T09:18:56.450932,17.7,47.8,1
2026-01-12T09:18:58.705689,17.6,47.8,0
2026-01-12T09:19:00.960043,17.6,47.8,0
2026-01-12T09:19:03.214611,17.6,47.8,0
2026-01-12T09:19:05.469022,17.6,47.8,0
2026-01-12T09:19:07.725775,17.6,47.8,0
2026-01-12T09:19:09.980273,17.6,47.7,0
2026-01-12T09:19:12.234431,17.6,47.7,1
2026-01-12T09:19:14.488853,17.7,47.7,1
2026-01-12T09:19:16.743095,17.7,47.7,1
2026-01-12T09:19:18.997867,17.6,47.6,1
2026-01-12T09:19:21.252020,17.6,47.6,1
2026-01-12T09:19:23.506564,17.7,47.7,1
2026-01-12T09:19:25.760856,17.7,47.6,1
2026-01-12T09:19:28.015376,17.6,47.6,1
2026-01-12T09:19:30.269806,17.6,47.6,1
2026-01-12T09:19:32.524111,17.6,47.6,1
2026-01-12T09:19:34.780644,17.6,47.6,1
2026-01-12T09:19:37.035286,17.7,47.6,1
2026-01-12T09:19:39.290039,17.6,47.6,1
2026-01-12T09:19:41.544588,17.6,47.6,1
2026-01-12T09:19:43.799178,17.6,47.6,1
2026-01-12T09:19:46.053904,17.6,47.6,1
2026-01-12T09:19:48.308171,17.6,47.6,1
2026-01-12T09:19:50.562677,17.7,47.7,1
2026-01-12T09:19:52.817061,17.6,47.7,1
2026-01-12T09:19:55.071484,17.6,47.7,0
2026-01-12T09:19:57.325901,17.7,47.8,0
2026-01-12T09:19:59.580188,17.6,47.7,0
2026-01-12T09:20:01.834171,17.6,47.7,0
2026-01-12T09:20:04.088597,17.7,47.7,0
2026-01-12T09:20:06.343314,17.7,47.7,0
2026-01-12T09:20:08.597442,17.7,47.8,1
2026-01-12T09:20:10.851842,17.7,47.8,1
2026-01-12T09:20:13.106511,17.7,47.7,1
2026-01-12T09:20:15.361127,17.7,47.8,1
2026-01-12T09:20:17.615486,17.6,47.7,1
2026-01-12T09:20:19.870081,17.6,47.6,1
2026-01-12T09:20:22.124041,17.6,47.7,1
2026-01-12T09:20:24.378535,17.7,47.8,1
2026-01-12T09:20:26.632959,17.7,47.8,1
2026-01-12T09:20:28.887068,17.6,47.7,1
2026-01-12T09:20:31.141590,17.7,47.8,1
2026-01-12T09:20:33.395750,17.6,47.8,1
2026-01-12T09:20:35.650449,17.6,47.7,1
2026-01-12T09:20:37.904630,17.6,47.7,1
2026-01-12T09:20:40.159326,17.7,47.8,1
2026-01-12T09:20:42.413779,17.6,47.7,1
2026-01-12T09:20:44.668293,17.7,47.8,1
2026-01-12T09:20:46.922995,17.6,47.7,1
2026-01-12T09:20:49.177329,17.7,47.8,1
2026-01-12T09:20:51.431525,17.6,47.7,0
2026-01-12T09:20:53.686241,17.6,47.7,0
2026-01-12T09:20:55.940519,17.6,47.7,0
2026-01-12T09:20:58.195085,17.6,47.7,0
2026-01-12T09:21:00.449663,17.6,47.7,0
2026-01-12T09:21:02.703824,17.7,47.8,0
2026-01-12T09:21:04.958253,17.6,47.7,1
2026-01-12T09:21:07.212946,17.6,47.7,1
2026-01-12T09:21:09.467032,17.6,47.7,1
2026-01-12T09:21:11.721262,17.6,47.7,1
2026-01-12T09:21:13.975359,17.6,47.7,1
2026-01-12T09:21:16.229934,17.6,47.7,1
2026-01-12T09:21:18.484033,17.6,47.7,1
2026-01-12T09:21:20.738875,17.6,47.7,1
2026-01-12T09:21:22.993493,17.6,47.7,1
2026-01-12T09:21:25.247861,17.7,47.7,1
2026-01-12T09:21:27.502559,,,1
2026-01-12T09:21:29.757203,17.6,47.7,1
2026-01-12T09:21:32.011793,17.6,47.7,1
2026-01-12T09:21:34.266525,17.7,47.8,1
2026-01-12T09:21:36.520874,17.6,47.7,1
2026-01-12T09:21:38.775134,17.6,47.7,1
2026-01-12T09:21:41.029667,17.6,47.7,1
2026-01-12T09:21:43.284229,17.6,47.7,1
2026-01-12T09:21:45.538886,17.7,47.8,1
2026-01-12T09:21:47.793593,17.6,47.7,0
2026-01-12T09:21:50.047662,17.7,47.8,0
2026-01-12T09:21:52.302171,17.6,47.7,0
2026-01-12T09:21:54.556862,17.6,47.7,0
2026-01-12T09:21:56.811085,17.6,47.7,0
2026-01-12T09:21:59.065474,17.6,47.7,0
2026-01-12T09:22:01.319825,17.6,47.7,1
2026-01-12T09:22:03.574483,17.7,47.8,1
2026-01-12T09:22:05.828630,17.6,47.7,1
2026-01-12T09:22:08.083346,17.7,47.7,1
2026-01-12T09:22:10.337869,17.6,47.7,1
2026-01-12T09:22:12.591992,17.7,47.7,1
2026-01-12T09:22:14.846615,17.7,47.7,1
2026-01-12T09:22:17.102664,17.6,47.7,1
2026-01-12T09:22:19.357066,17.7,47.7,1
2026-01-12T09:22:21.611489,17.6,47.7,1
2026-01-12T09:22:23.866099,17.7,47.7,1
2026-01-12T09:22:26.119986,17.6,47.7,1
2026-01-12T09:22:28.374700,17.6,47.7,1
2026-01-12T09:22:30.628765,17.6,47.7,1
2026-01-12T09:22:32.882793,17.6,47.7,1
2026-01-12T09:22:35.137257,17.6,47.7,1
2026-01-12T09:22:37.391522,17.6,47.7,1
2026-01-12T09:22:39.646113,17.7,47.7,1
2026-01-12T09:22:41.900755,17.6,47.7,0
2026-01-12T09:22:44.154862,17.6,47.7,0
2026-01-12T09:22:46.409368,17.6,47.7,0
2026-01-12T09:22:48.663604,17.6,47.7,0
2026-01-12T09:22:50.918104,17.7,47.7,0
2026-01-12T09:22:53.172061,17.7,47.7,0
2026-01-12T09:22:55.426839,17.6,47.7,0
2026-01-12T09:22:57.681392,17.6,47.7,1
2026-01-12T09:22:59.939404,17.6,47.7,1
2026-01-12T09:23:02.275113,17.6,47.7,1
2026-01-12T09:23:04.557545,17.6,47.7,1
2026-01-12T09:23:06.812049,17.7,47.8,1
2026-01-12T09:23:09.066799,17.6,47.8,1
2026-01-12T09:23:11.321135,17.6,47.8,1
2026-01-12T09:23:13.575770,17.7,47.8,1
2026-01-12T09:23:15.830520,17.6,47.7,1
2026-01-12T09:23:18.085036,17.6,47.7,1
2026-01-12T09:23:20.339550,17.6,47.7,1
2026-01-12T09:23:22.594839,17.6,47.7,1
2026-01-12T09:23:24.850575,17.6,47.7,1
2026-01-12T09:23:27.105138,17.6,47.7,1
2026-01-12T09:23:29.359837,17.6,47.7,1
2026-01-12T09:23:31.614562,17.6,47.7,1
2026-01-12T09:23:33.868724,17.7,47.8,1
2026-01-12T09:23:36.123439,17.6,47.7,1
2026-01-12T09:23:38.377951,17.6,47.7,0
2026-01-12T09:23:40.632442,17.6,47.7,0
2026-01-12T09:23:42.887259,17.6,47.7,0
2026-01-12T09:23:45.141836,17.6,47.7,0
2026-01-12T09:23:47.396310,17.6,47.7,0
2026-01-12T09:23:49.651248,17.6,47.6,0
2026-01-12T09:23:51.905797,17.6,47.6,0
2026-01-12T09:23:54.160324,17.7,47.7,1
2026-01-12T09:23:56.415118,17.7,47.7,1
2026-01-12T09:23:58.669525,17.6,47.6,1
2026-01-12T09:24:00.923736,17.6,47.6,1
2026-01-12T09:24:03.178393,17.6,47.6,1
2026-01-12T09:24:05.432758,17.6,47.6,1
2026-01-12T09:24:07.687315,17.6,47.6,1
2026-01-12T09:24:09.941841,17.7,47.7,1
2026-01-12T09:24:12.196403,17.6,47.7,1
2026-01-12T09:24:14.450952,17.6,47.6,1
2026-01-12T09:24:16.705728,17.6,47.6,1
2026-01-12T09:24:18.960032,17.6,47.6,1
2026-01-12T09:24:21.214454,17.6,47.6,1
2026-01-12T09:24:23.468996,17.6,47.6,1
2026-01-12T09:24:25.723550,17.7,47.7,1
2026-01-12T09:24:27.978087,17.6,47.6,1
2026-01-12T09:24:30.232713,17.6,47.6,1
2026-01-12T09:24:32.487053,17.6,47.6,1
2026-01-12T09:24:34.741707,17.6,47.6,0
2026-01-12T09:24:36.996238,17.6,47.6,0
2026-01-12T09:24:39.250923,17.6,47.6,0
2026-01-12T09:24:41.505476,17.6,47.6,0
2026-01-12T09:24:43.760323,17.6,47.6,0
2026-01-12T09:24:46.014927,17.7,47.6,0
2026-01-12T09:24:48.269424,17.7,47.6,0
2026-01-12T09:24:50.524300,17.6,47.6,1
2026-01-12T09:24:52.778973,17.6,47.6,1
2026-01-12T09:24:55.033477,17.7,47.7,1
2026-01-12T09:24:57.287854,17.6,47.6,1
2026-01-12T09:24:59.542511,17.6,47.6,1
2026-01-12T09:25:01.796790,17.6,47.6,1
2026-01-12T09:25:04.051443,17.6,47.6,1
2026-01-12T09:25:06.306016,17.6,47.6,1
2026-01-12T09:25:08.560504,17.6,47.6,1
2026-01-12T09:25:10.815292,17.6,47.6,1
2026-01-12T09:25:13.069693,17.6,47.6,1
2026-01-12T09:25:15.323936,17.6,47.6,1
2026-01-12T09:25:17.578749,17.7,47.7,1
2026-01-12T09:25:19.833318,17.7,47.7,1
2026-01-12T09:25:22.087539,17.6,47.6,1
2026-01-12T09:25:24.342245,17.6,47.6,1
2026-01-12T09:25:26.596555,17.6,47.6,1
2026-01-12T09:25:28.851116,17.6,47.6,1
2026-01-12T09:25:31.105773,17.6,47.6,0
2026-01-12T09:25:33.362242,17.6,47.6,0
2026-01-12T09:25:35.616783,17.6,47.6,0
2026-01-12T09:25:37.871286,17.6,47.6,0
2026-01-12T09:25:40.125896,17.6,47.6,0
2026-01-12T09:25:42.380435,17.6,47.6,0
2026-01-12T09:25:44.635358,17.7,47.7,0
2026-01-12T09:25:46.889720,17.7,47.7,1
2026-01-12T09:25:49.143746,17.6,47.6,1
2026-01-12T09:25:51.398098,17.6,47.6,1
2026-01-12T09:25:53.652590,17.7,47.7,1
2026-01-12T09:25:55.907222,17.6,47.6,1
2026-01-12T09:25:58.161882,17.6,47.7,1
2026-01-12T09:26:00.416056,17.6,47.7,1
2026-01-12T09:26:02.670605,17.6,47.7,1
2026-01-12T09:26:04.925225,17.7,47.7,1
2026-01-12T09:26:07.179280,17.6,47.7,1
2026-01-12T09:26:09.433682,17.6,47.6,1
2026-01-12T09:26:11.688514,17.6,47.6,1
2026-01-12T09:26:13.943146,17.6,47.6,1
2026-01-12T09:26:16.197466,17.6,47.6,1
2026-01-12T09:26:18.451768,17.6,47.6,1
2026-01-12T09:26:20.706458,17.6,47.6,1
2026-01-12T09:26:22.960825,17.6,47.6,1
2026-01-12T09:26:25.215060,17.6,47.6,1
2026-01-12T09:26:27.469590,17.6,47.6,0
2026-01-12T09:26:29.724002,17.7,47.6,0
2026-01-12T09:26:31.978745,17.6,47.6,0
2026-01-12T09:26:34.232904,17.6,47.6,0
2026-01-12T09:26:36.487316,17.6,47.6,0
2026-01-12T09:26:38.742104,17.6,47.6,0
2026-01-12T09:26:40.996510,17.6,47.7,0
2026-01-12T09:26:43.251095,17.6,47.7,1
2026-01-12T09:26:45.505739,17.6,47.6,1
2026-01-12T09:26:47.760166,17.6,47.6,1
2026-01-12T09:26:50.014671,17.6,47.6,1
2026-01-12T09:26:52.268786,17.6,47.6,1
2026-01-12T09:26:54.525433,17.6,47.6,1
2026-01-12T09:26:56.779654,17.6,47.6,1
2026-01-12T09:26:59.034188,17.6,47.6,1
2026-01-12T09:27:01.288550,17.6,47.6,1
2026-01-12T09:27:03.543164,17.6,47.6,1
2026-01-12T09:27:05.797861,17.6,47.6,1
2026-01-12T09:27:08.052305,17.6,47.6,1
2026-01-12T09:27:10.306794,17.6,47.6,1
2026-01-12T09:27:12.561400,17.6,47.6,1
2026-01-12T09:27:14.815820,17.6,47.6,1
2026-01-12T09:27:17.070373,17.6,47.6,1
2026-01-12T09:27:19.324805,17.6,47.6,1
2026-01-12T09:27:21.579418,17.6,47.6,1
2026-01-12T09:27:23.833924,17.6,47.6,0
2026-01-12T09:27:26.088634,17.6,47.6,0
2026-01-12T09:27:28.343312,17.6,47.6,0
2026-01-12T09:27:30.597916,17.6,47.6,0
2026-01-12T09:27:32.852195,17.6,47.6,0
2026-01-12T09:27:35.106810,17.6,47.7,0
2026-01-12T09:27:37.361344,17.6,47.6,0
2026-01-12T09:27:39.615970,17.6,47.7,1
2026-01-12T09:27:41.872431,17.6,47.7,1
2026-01-12T09:27:44.127028,17.6,47.7,1
2026-01-12T09:27:46.381630,17.6,47.7,1
2026-01-12T09:27:48.636061,17.6,47.8,1
2026-01-12T09:27:50.890512,17.6,47.8,1
2026-01-12T09:27:53.144999,17.6,47.7,1
2026-01-12T09:27:55.399140,17.6,47.7,1
2026-01-12T09:27:57.653735,17.6,47.7,1
2026-01-12T09:27:59.907944,17.6,47.7,1
2026-01-12T09:28:02.162528,17.6,47.7,1
2026-01-12T09:28:04.417065,17.6,47.7,1
2026-01-12T09:28:06.671814,17.6,47.7,1
2026-01-12T09:28:08.926286,17.6,47.7,1
2026-01-12T09:28:11.180670,17.6,47.7,1
2026-01-12T09:28:13.435473,17.6,47.7,1
2026-01-12T09:28:15.689702,17.6,47.7,1
2026-01-12T09:28:17.943702,17.6,47.7,1
2026-01-12T09:28:20.198467,17.6,47.7,0
2026-01-12T09:28:22.452995,17.6,47.7,0
2026-01-12T09:28:24.707301,17.6,47.7,0
2026-01-12T09:28:26.961887,17.6,47.7,0
2026-01-12T09:28:29.216251,17.6,47.6,0
2026-01-12T09:28:31.470872,17.6,47.7,0
2026-01-12T09:28:33.725631,17.6,47.6,0
2026-01-12T09:28:35.980192,17.6,47.6,1
2026-01-12T09:28:38.234767,17.6,47.6,1
2026-01-12T09:28:40.489262,17.6,47.6,1
2026-01-12T09:28:42.743881,17.6,47.6,1
2026-01-12T09:28:44.998281,17.6,47.6,1
2026-01-12T09:28:47.252645,17.6,47.6,1
2026-01-12T09:28:49.507267,17.6,47.6,1
2026-01-12T09:28:51.761779,17.6,47.6,1
2026-01-12T09:28:54.016049,17.6,47.6,1
2026-01-12T09:28:56.270674,17.6,47.7,1
2026-01-12T09:28:58.524764,17.6,47.6,1
2026-01-12T09:29:00.778935,17.6,47.7,1
2026-01-12T09:29:03.033386,17.6,47.7,1
2026-01-12T09:29:05.287684,17.6,47.7,1
2026-01-12T09:29:07.542458,17.6,47.8,1
2026-01-12T09:29:09.796820,17.6,47.8,1
2026-01-12T09:29:12.051221,17.6,47.8,1
2026-01-12T09:29:14.305790,17.6,47.8,1
2026-01-12T09:29:16.560084,17.6,47.7,0
2026-01-12T09:29:18.814617,17.6,47.7,0
2026-01-12T09:29:21.069365,17.6,47.7,0
2026-01-12T09:29:23.323990,17.6,47.7,0
2026-01-12T09:29:25.578588,17.6,47.7,0
2026-01-12T09:29:27.833203,17.6,47.7,0
2026-01-12T09:29:30.087460,17.6,47.6,0
2026-01-12T09:29:32.341997,17.6,47.7,1
2026-01-12T09:29:34.596836,17.6,47.6,1
2026-01-12T09:29:36.852544,17.6,47.6,1
2026-01-12T09:29:39.107139,17.6,47.6,1
2026-01-12T09:29:41.361825,17.6,47.5,1
2026-01-12T09:29:43.616294,17.6,47.5,1
2026-01-12T09:29:45.870858,17.6,47.4,1
2026-01-12T09:29:48.125441,17.6,47.5,1
2026-01-12T09:29:50.379868,17.6,47.4,1
2026-01-12T09:29:52.634378,17.6,47.4,1
2026-01-12T09:29:54.888815,17.6,47.4,1
2026-01-12T09:29:57.143223,17.6,47.4,1
2026-01-12T09:29:59.397501,17.6,47.4,1
2026-01-12T09:30:01.651747,17.6,47.4,1
2026-01-12T09:30:03.906328,17.6,47.4,1
2026-01-12T09:30:06.160325,17.6,47.4,1
2026-01-12T09:30:08.415187,17.6,47.4,1
2026-01-12T09:30:10.669733,17.6,47.4,1
2026-01-12T09:30:12.923911,17.6,47.4,0
2026-01-12T09:30:15.178572,17.6,47.4,0
2026-01-12T09:30:17.432717,17.6,47.4,0
2026-01-12T09:30:19.686744,17.6,47.4,0
2026-01-12T09:30:21.941391,17.6,47.4,0
2026-01-12T09:30:24.195564,17.6,47.5,0
2026-01-12T09:30:26.450015,17.6,47.5,0
2026-01-12T09:30:28.704290,17.6,47.5,1
2026-01-12T09:30:30.958844,17.6,47.4,1
2026-01-12T09:30:33.213372,17.6,47.4,1
2026-01-12T09:30:35.468138,17.6,47.5,1
2026-01-12T09:30:37.722844,17.6,47.5,1
2026-01-12T09:30:39.977401,17.6,47.5,1
2026-01-12T09:30:42.231550,17.6,47.5,1
2026-01-12T09:30:44.486056,17.6,47.5,1
2026-01-12T09:30:46.740512,17.6,47.5,1
2026-01-12T09:30:48.995373,17.6,47.5,1
2026-01-12T09:30:51.257203,17.6,47.6,1
2026-01-12T09:30:53.511524,17.6,47.6,1
2026-01-12T09:30:55.765756,17.6,47.6,1
2026-01-12T09:30:58.020009,17.6,47.6,1
2026-01-12T09:31:00.274517,17.6,47.6,1
2026-01-12T09:31:02.529184,17.6,47.6,1
2026-01-12T09:31:04.783457,17.6,47.6,1
2026-01-12T09:31:07.037821,17.6,47.6,1
2026-01-12T09:31:09.291917,17.6,47.6,1
2026-01-12T09:31:11.546583,17.6,47.6,0
2026-01-12T09:31:13.800518,17.6,47.6,0
2026-01-12T09:31:16.055259,17.6,47.6,0
2026-01-12T09:31:18.309761,17.6,47.6,0
2026-01-12T09:31:20.564252,17.6,47.6,0
2026-01-12T09:31:22.819008,17.6,47.6,0
2026-01-12T09:31:25.075151,17.6,47.6,1
2026-01-12T09:31:27.329448,17.6,47.6,1
2026-01-12T09:31:29.584190,17.6,47.6,1
2026-01-12T09:31:31.838750,17.6,47.6,1
2026-01-12T09:31:34.092780,17.6,47.6,1
2026-01-12T09:31:36.347320,17.6,47.6,1
2026-01-12T09:31:38.602058,17.6,47.6,1
2026-01-12T09:31:40.856272,17.6,47.6,1
2026-01-12T09:31:43.111031,17.6,47.6,1
2026-01-12T09:31:45.365393,17.6,47.7,1
2026-01-12T09:31:47.619411,17.6,47.7,1
2026-01-12T09:31:49.873956,17.6,47.7,1
2026-01-12T09:31:52.128420,17.6,47.6,1
2026-01-12T09:31:54.383030,17.6,47.6,1
2026-01-12T09:31:56.637798,17.6,47.6,1
2026-01-12T09:31:58.891787,17.6,47.6,1
2026-01-12T09:32:01.146325,17.6,47.7,1
2026-01-12T09:32:03.400481,17.6,47.6,1
2026-01-12T09:32:05.655255,17.6,47.6,0
2026-01-12T09:32:07.909346,17.6,47.6,0
2026-01-12T09:32:10.163719,17.6,47.6,0
2026-01-12T09:32:12.418328,17.6,47.7,0
2026-01-12T09:32:14.672805,17.6,47.6,0
2026-01-12T09:32:16.927354,17.6,47.7,0
2026-01-12T09:32:19.181827,17.6,47.6,0
2026-01-12T09:32:21.435811,17.6,47.6,1
2026-01-12T09:32:23.690099,17.6,47.6,1
2026-01-12T09:32:25.944264,17.6,47.6,1
2026-01-12T09:32:28.198826,17.6,47.6,1
2026-01-12T09:32:30.453160,17.6,47.6,1
2026-01-12T09:32:32.707528,17.6,47.7,1
2026-01-12T09:32:34.961937,17.6,47.6,1
2026-01-12T09:32:37.216199,17.6,47.6,1
2026-01-12T09:32:39.470876,17.6,47.6,1
2026-01-12T09:32:41.725252,17.6,47.6,1
2026-01-12T09:32:43.979614,17.6,47.6,1
2026-01-12T09:32:46.234099,17.6,47.6,1
2026-01-12T09:32:48.488433,17.6,47.6,1
2026-01-12T09:32:50.743292,17.6,47.6,1
2026-01-12T09:32:52.997674,17.6,47.6,1
2026-01-12T09:32:55.251927,17.6,47.6,1
2026-01-12T09:32:57.506583,17.6,47.6,1
2026-01-12T09:32:59.761169,17.6,47.6,1
2026-01-12T09:33:02.015416,17.6,47.6,0
2026-01-12T09:33:04.270166,17.6,47.6,0
2026-01-12T09:33:06.524803,17.6,47.6,0
2026-01-12T09:33:08.779152,17.6,47.6,0
2026-01-12T09:33:11.033756,17.6,47.6,0
2026-01-12T09:33:13.288324,17.6,47.6,0
2026-01-12T09:33:15.542998,17.6,47.6,0
2026-01-12T09:33:17.797668,17.6,47.6,1
2026-01-12T09:33:20.051802,17.6,47.6,1
2026-01-12T09:33:22.306342,17.6,47.6,1
2026-01-12T09:33:24.560970,17.6,47.6,1
2026-01-12T09:33:26.815506,17.6,47.6,1
2026-01-12T09:33:29.070094,17.6,47.6,1
2026-01-12T09:33:31.324394,17.6,47.6,1
2026-01-12T09:33:33.579178,17.6,47.6,1
2026-01-12T09:33:35.833743,17.6,47.6,1
2026-01-12T09:33:38.087963,17.6,47.6,1
2026-01-12T09:33:40.342523,17.6,47.6,1
2026-01-12T09:33:42.596887,17.6,47.6,1
2026-01-12T09:33:44.851234,17.6,47.6,1
2026-01-12T09:33:47.105579,17.6,47.6,1
2026-01-12T09:33:49.359792,17.6,47.6,1
2026-01-12T09:33:51.614586,17.6,47.6,1
2026-01-12T09:33:53.868980,17.6,47.6,1
2026-01-12T09:33:56.123144,17.6,47.6,1
2026-01-12T09:33:58.377863,17.6,47.6,0
2026-01-12T09:34:00.632209,17.6,47.6,0
2026-01-12T09:34:02.886807,17.6,47.6,0
2026-01-12T09:34:05.141435,17.6,47.6,0
2026-01-12T09:34:07.395491,17.6,47.6,0
2026-01-12T09:34:09.650139,17.6,47.6,0
2026-01-12T09:34:11.904861,17.6,47.5,0
2026-01-12T09:34:14.159254,17.6,47.6,1
2026-01-12T09:34:16.413835,17.6,47.6,1
2026-01-12T09:34:18.668253,17.6,47.6,1
2026-01-12T09:34:20.922846,17.6,47.5,1
2026-01-12T09:34:23.177195,17.6,47.6,1
2026-01-12T09:34:25.431879,17.6,47.6,1
2026-01-12T09:34:27.686463,17.6,47.6,1
2026-01-12T09:34:29.940741,17.6,47.6,1
2026-01-12T09:34:32.195133,17.6,47.6,1
2026-01-12T09:34:34.449671,17.6,47.6,1
2026-01-12T09:34:36.704033,17.6,47.6,1
2026-01-12T09:34:38.958765,17.6,47.6,1
2026-01-12T09:34:41.213294,17.6,47.6,1
2026-01-12T09:34:43.467646,17.6,47.6,1
2026-01-12T09:34:45.722444,17.6,47.6,1
2026-01-12T09:34:47.976592,17.6,47.6,1
2026-01-12T09:34:50.231215,17.6,47.6,1
2026-01-12T09:34:52.485755,17.6,47.6,1
2026-01-12T09:34:54.739916,17.6,47.6,0
2026-01-12T09:34:56.994511,17.6,47.5,0
2026-01-12T09:34:59.248743,17.6,47.6,0
2026-01-12T09:35:01.502811,17.6,47.6,0
2026-01-12T09:35:03.757102,17.6,47.5,0
2026-01-12T09:35:06.011323,17.6,47.6,0
2026-01-12T09:35:08.265507,17.6,47.6,0
2026-01-12T09:35:10.519771,17.6,47.5,1
2026-01-12T09:35:12.774109,17.6,47.5,1
2026-01-12T09:35:15.028406,17.6,47.6,1
2026-01-12T09:35:17.283042,17.6,47.6,1
2026-01-12T09:35:19.537872,17.6,47.5,1
2026-01-12T09:35:21.791998,17.6,47.5,1
2026-01-12T09:35:24.046554,17.6,47.5,1
2026-01-12T09:35:26.301098,17.6,47.5,1
2026-01-12T09:35:28.555152,17.6,47.5,1
2026-01-12T09:35:30.809676,17.6,47.5,1
2026-01-12T09:35:33.064193,17.6,47.5,1
2026-01-12T09:35:35.320659,17.6,47.5,1
2026-01-12T09:35:37.575102,17.6,47.5,1
2026-01-12T09:35:39.829770,17.6,47.5,1
2026-01-12T09:35:42.085644,17.6,47.5,1
2026-01-12T09:35:44.339919,17.6,47.5,1
2026-01-12T09:35:46.594742,17.6,47.5,1
2026-01-12T09:35:48.851072,17.6,47.5,1
2026-01-12T09:35:51.105482,17.6,47.5,0
2026-01-12T09:35:53.360015,17.6,47.5,0
2026-01-12T09:35:55.614724,17.6,47.5,0
2026-01-12T09:35:57.868917,17.6,47.5,0
2026-01-12T09:36:00.123585,17.6,47.5,0
2026-01-12T09:36:02.377619,17.6,47.5,0
2026-01-12T09:36:04.631894,17.6,47.5,0
2026-01-12T09:36:06.886664,17.6,47.5,1
2026-01-12T09:36:09.141251,17.6,47.5,1
2026-01-12T09:36:11.395353,17.6,47.5,1
2026-01-12T09:36:13.650020,17.6,47.5,1
2026-01-12T09:36:15.904265,17.6,47.5,1
2026-01-12T09:36:18.158824,17.6,47.5,1
2026-01-12T09:36:20.413298,17.6,47.5,1
2026-01-12T09:36:22.668106,17.6,47.5,1
2026-01-12T09:36:24.922607,17.6,47.5,1
2026-01-12T09:36:27.177340,17.6,47.5,1
2026-01-12T09:36:29.431841,17.6,47.5,1
2026-01-12T09:36:31.686436,17.6,47.5,1
2026-01-12T09:36:33.940565,17.6,47.5,1
2026-01-12T09:36:36.195239,17.6,47.5,1
2026-01-12T09:36:38.449813,17.6,47.5,1
2026-01-12T09:36:40.704559,17.6,47.5,1
2026-01-12T09:36:42.959255,17.6,47.6,1
2026-01-12T09:36:45.213749,17.6,47.5,1
2026-01-12T09:36:47.467959,17.6,47.5,0
2026-01-12T09:36:49.722651,17.6,47.5,0
2026-01-12T09:36:51.976858,17.6,47.5,0
2026-01-12T09:36:54.231489,17.6,47.6,0
2026-01-12T09:36:56.486044,17.6,47.5,0
2026-01-12T09:36:58.740252,17.6,47.5,0
2026-01-12T09:37:00.994420,17.6,47.5,0
2026-01-12T09:37:03.248920,17.6,47.5,1
2026-01-12T09:37:05.503139,17.6,47.5,1
2026-01-12T09:37:07.757484,17.6,47.5,1
2026-01-12T09:37:10.013712,17.6,47.5,1
2026-01-12T09:37:12.267785,17.6,47.5,1
2026-01-12T09:37:14.522580,17.6,47.5,1
2026-01-12T09:37:16.777313,17.6,47.5,1
2026-01-12T09:37:19.031469,17.6,47.5,1
2026-01-12T09:37:21.286199,17.6,47.5,1
2026-01-12T09:37:23.540618,17.6,47.5,1
2026-01-12T09:37:25.795201,17.6,47.5,1
2026-01-12T09:37:28.049874,17.6,47.5,1
2026-01-12T09:37:30.304305,17.6,47.5,1
2026-01-12T09:37:32.558872,17.6,47.5,1
2026-01-12T09:37:34.813653,17.6,47.5,1
2026-01-12T09:37:37.068027,17.6,47.5,1
2026-01-12T09:37:39.322616,17.6,47.5,1
2026-01-12T09:37:41.577332,17.6,47.5,1
2026-01-12T09:37:43.831696,17.6,47.5,0
2026-01-12T09:37:46.086104,17.6,47.5,0
2026-01-12T09:37:48.340697,17.6,47.5,0
2026-01-12T09:37:50.594969,17.6,47.5,0
2026-01-12T09:37:52.849300,17.6,47.5,0
2026-01-12T09:37:55.103516,17.6,47.5,0
2026-01-12T09:37:57.358174,17.6,47.5,0
2026-01-12T09:37:59.612261,17.6,47.5,1
2026-01-12T09:38:01.867070,17.6,47.5,1
2026-01-12T09:38:04.121590,17.6,47.5,1
2026-01-12T09:38:06.375884,17.6,47.5,1
2026-01-12T09:38:08.630571,17.6,47.4,1
2026-01-12T09:38:10.884757,17.6,47.4,1
2026-01-12T09:38:13.138835,17.6,47.4,1
2026-01-12T09:38:15.393636,17.6,47.4,1
2026-01-12T09:38:17.648325,17.6,47.4,1
2026-01-12T09:38:19.902932,17.6,47.4,1
2026-01-12T09:38:22.157430,17.6,47.4,1
2026-01-12T09:38:24.411893,17.6,47.4,1
2026-01-12T09:38:26.666437,17.6,47.4,1
2026-01-12T09:38:28.921098,17.6,47.4,1
2026-01-12T09:38:31.175052,17.6,47.4,1
2026-01-12T09:38:33.429149,17.6,47.5,1
2026-01-12T09:38:35.683715,17.6,47.4,1
2026-01-12T09:38:37.938267,17.6,47.4,1
2026-01-12T09:38:40.192266,17.6,47.4,0
2026-01-12T09:38:42.447043,17.6,47.4,0
2026-01-12T09:38:44.701508,17.6,47.4,0
2026-01-12T09:38:46.955947,17.6,47.4,0
2026-01-12T09:38:49.210482,17.6,47.4,0
2026-01-12T09:38:51.464689,17.6,47.4,0
2026-01-12T09:38:53.719072,17.6,47.4,0
2026-01-12T09:38:55.973599,17.6,47.5,1
2026-01-12T09:38:58.227600,17.6,47.4,1
2026-01-12T09:39:00.482047,17.6,47.5,1
2026-01-12T09:39:02.736378,17.6,47.4,1
2026-01-12T09:39:04.990952,17.6,47.5,1
2026-01-12T09:39:07.245158,17.6,47.5,1
2026-01-12T09:39:09.499395,,,1
2026-01-12T09:39:11.753577,17.6,47.4,1
2026-01-12T09:39:14.007996,17.6,47.4,1
2026-01-12T09:39:16.262643,17.6,47.4,1
2026-01-12T09:39:18.516801,17.6,47.4,1
2026-01-12T09:39:20.770975,17.6,47.4,1
2026-01-12T09:39:23.025337,17.6,47.4,1
2026-01-12T09:39:25.279470,17.6,47.5,1
2026-01-12T09:39:27.533759,17.6,47.5,1
2026-01-12T09:39:29.788378,17.6,47.5,1
2026-01-12T09:39:32.042935,17.6,47.5,1
2026-01-12T09:39:34.297358,17.6,47.5,1
2026-01-12T09:39:36.551941,17.6,47.5,0
2026-01-12T09:39:38.806148,17.6,47.4,0
2026-01-12T09:39:41.060167,17.6,47.5,0
2026-01-12T09:39:43.314762,17.6,47.5,0
2026-01-12T09:39:45.569227,17.6,47.4,0
2026-01-12T09:39:47.823397,17.6,47.4,0
2026-01-12T09:39:50.077987,17.6,47.5,0
2026-01-12T09:39:52.331978,17.6,47.4,1
2026-01-12T09:39:54.586584,17.6,47.4,1
2026-01-12T09:39:56.840725,17.6,47.5,1
2026-01-12T09:39:59.094987,17.6,47.4,1
2026-01-12T09:40:01.349029,17.6,47.5,1
2026-01-12T09:40:03.603341,17.6,47.4,1
2026-01-12T09:40:05.857741,17.6,47.4,1
2026-01-12T09:40:08.111868,17.6,47.5,1
2026-01-12T09:40:10.366508,17.6,47.4,1
2026-01-12T09:40:12.621070,17.6,47.4,1
2026-01-12T09:40:14.875231,17.6,47.5,1
2026-01-12T09:40:17.129858,17.6,47.5,1
2026-01-12T09:40:19.384021,17.6,47.5,1
2026-01-12T09:40:21.638528,17.6,47.5,1
2026-01-12T09:40:23.892807,17.6,47.5,1
2026-01-12T09:40:26.146753,17.6,47.5,1
2026-01-12T09:40:28.400685,17.6,47.4,1
2026-01-12T09:40:30.654976,17.6,47.5,1
2026-01-12T09:40:32.909265,17.6,47.4,0
2026-01-12T09:40:35.163687,17.6,47.5,0
2026-01-12T09:40:37.418355,17.6,47.5,0
2026-01-12T09:40:39.674476,17.7,47.5,0
2026-01-12T09:40:41.928695,17.6,47.5,0
2026-01-12T09:40:44.183345,17.6,47.4,0
2026-01-12T09:40:46.437816,17.6,47.5,0
2026-01-12T09:40:48.691826,17.6,47.4,1
2026-01-12T09:40:50.946483,17.6,47.5,1
2026-01-12T09:40:53.200581,17.6,47.5,1
2026-01-12T09:40:55.455120,17.6,47.5,1
2026-01-12T09:40:57.709564,17.6,47.4,1
2026-01-12T09:40:59.965731,17.6,47.5,1
2026-01-12T09:41:02.219658,17.6,47.5,1
2026-01-12T09:41:04.473792,17.6,47.5,1
2026-01-12T09:41:06.728346,17.6,47.5,1
2026-01-12T09:41:08.982522,17.6,47.5,1
2026-01-12T09:41:11.236673,17.6,47.5,1
2026-01-12T09:41:13.490723,17.6,47.4,1
2026-01-12T09:41:15.745203,17.6,47.5,1
2026-01-12T09:41:17.999500,17.6,47.4,1
2026-01-12T09:41:20.253505,17.6,47.5,1
2026-01-12T09:41:22.507447,17.6,47.5,1
2026-01-12T09:41:24.762104,17.6,47.4,1
2026-01-12T09:41:27.016605,17.6,47.5,1
2026-01-12T09:41:29.271237,17.6,47.5,0
2026-01-12T09:41:31.525652,17.6,47.5,0
2026-01-12T09:41:33.779729,17.6,47.4,0
2026-01-12T09:41:36.034140,17.6,47.5,0
2026-01-12T09:41:38.288296,17.6,47.5,0
2026-01-12T09:41:40.542559,17.6,47.5,0
2026-01-12T09:41:42.797035,17.6,47.5,0
2026-01-12T09:41:45.051369,17.6,47.5,1
2026-01-12T09:41:47.305399,17.6,47.5,1
2026-01-12T09:41:49.559685,17.6,47.5,1
2026-01-12T09:41:51.814297,17.6,47.5,1
2026-01-12T09:41:54.068364,17.6,47.5,1
2026-01-12T09:41:56.322856,17.6,47.5,1
2026-01-12T09:41:58.577394,17.6,47.5,1
2026-01-12T09:42:00.831435,17.6,47.5,1
2026-01-12T09:42:03.085800,17.6,47.6,1
2026-01-12T09:42:05.340052,17.6,47.5,1
2026-01-12T09:42:07.594108,17.7,47.6,1
2026-01-12T09:42:09.848255,17.6,47.6,1
2026-01-12T09:42:12.103046,17.6,47.5,1
2026-01-12T09:42:14.357501,17.6,47.5,1
2026-01-12T09:42:16.611647,17.6,47.5,1
2026-01-12T09:42:18.866141,17.6,47.5,1
2026-01-12T09:42:21.120649,17.6,47.5,1
2026-01-12T09:42:23.375204,17.6,47.5,1
2026-01-12T09:42:25.629934,17.6,47.5,0
2026-01-12T09:42:27.884324,17.7,47.6,0
2026-01-12T09:42:30.138876,17.6,47.5,0
2026-01-12T09:42:32.393180,17.6,47.5,0
2026-01-12T09:42:34.647765,17.6,47.6,0
2026-01-12T09:42:36.902288,17.6,47.5,0
2026-01-12T09:42:39.156839,17.6,47.5,0
2026-01-12T09:42:41.411122,17.6,47.6,1
2026-01-12T09:42:43.665714,17.6,47.6,1
2026-01-12T09:42:45.920452,17.6,47.5,1
2026-01-12T09:42:48.175106,17.6,47.6,1
2026-01-12T09:42:50.429313,17.6,47.6,1
2026-01-12T09:42:52.683535,17.6,47.6,1
2026-01-12T09:42:54.937769,17.6,47.6,1
2026-01-12T09:42:57.191841,17.6,47.6,1
2026-01-12T09:42:59.446552,17.6,47.6,1
2026-01-12T09:43:01.700681,17.7,47.6,1
2026-01-12T09:43:03.955235,17.6,47.6,1
2026-01-12T09:43:06.209531,17.6,47.6,1
2026-01-12T09:43:08.463904,17.6,47.6,1
2026-01-12T09:43:10.718338,17.7,47.7,1
2026-01-12T09:43:12.973068,17.6,47.6,1
2026-01-12T09:43:15.227238,17.6,47.6,1
2026-01-12T09:43:17.481814,17.6,47.6,1
2026-01-12T09:43:19.736178,17.6,47.6,1
2026-01-12T09:43:21.990658,17.6,47.6,0
2026-01-12T09:43:24.244980,17.6,47.6,0
2026-01-12T09:43:26.499197,17.6,47.6,0
2026-01-12T09:43:28.753522,17.6,47.6,0
2026-01-12T09:43:31.007531,17.6,47.6,0
2026-01-12T09:43:33.262136,17.6,47.6,0
2026-01-12T09:43:35.516405,17.6,47.6,0
2026-01-12T09:43:37.771002,17.6,47.6,1
2026-01-12T09:43:40.025460,17.6,47.6,1
2026-01-12T09:43:42.279867,17.6,47.7,1
2026-01-12T09:43:44.534417,17.6,47.7,1
2026-01-12T09:43:46.788584,17.6,47.7,1
2026-01-12T09:43:49.043278,17.6,47.7,1
2026-01-12T09:43:51.297631,17.6,47.7,1
2026-01-12T09:43:53.552237,17.6,47.7,1
2026-01-12T09:43:55.806955,17.6,47.7,1
2026-01-12T09:43:58.061262,17.6,47.7,1
2026-01-12T09:44:00.315551,17.6,47.7,1
2026-01-12T09:44:02.570143,17.6,47.7,1
2026-01-12T09:44:04.824260,17.6,47.7,1
2026-01-12T09:44:07.079102,17.6,47.7,1
2026-01-12T09:44:09.333527,17.6,47.8,1
2026-01-12T09:44:11.587530,17.6,47.8,1
2026-01-12T09:44:13.841713,17.6,47.7,1
2026-01-12T09:44:16.096213,17.6,47.8,1
2026-01-12T09:44:18.350660,17.6,47.8,0
2026-01-12T09:44:20.604946,17.6,47.8,0
2026-01-12T09:44:22.859319,17.6,47.8,0
2026-01-12T09:44:25.113497,17.6,47.8,0
2026-01-12T09:44:27.367773,17.6,47.8,0
2026-01-12T09:44:29.622557,17.6,47.8,0
2026-01-12T09:44:31.876550,17.6,47.8,0
2026-01-12T09:44:34.131323,17.6,47.8,1
2026-01-12T09:44:36.385732,17.6,47.8,1
2026-01-12T09:44:38.640140,17.7,47.9,1
2026-01-12T09:44:40.894777,17.6,47.8,1
2026-01-12T09:44:43.149162,17.6,47.9,1
2026-01-12T09:44:45.403094,17.6,47.8,1
2026-01-12T09:44:47.657698,17.6,47.8,1
2026-01-12T09:44:49.911666,17.6,47.8,1
2026-01-12T09:44:52.166187,17.6,47.8,1
2026-01-12T09:44:54.420476,17.6,47.9,1
2026-01-12T09:44:56.674626,17.6,47.9,1
2026-01-12T09:44:58.928770,17.6,47.9,1
2026-01-12T09:45:01.183335,17.6,47.9,1
2026-01-12T09:45:03.437685,17.6,47.9,1
2026-01-12T09:45:05.691747,17.6,47.9,1
2026-01-12T09:45:07.946340,17.6,47.9,1
2026-01-12T09:45:10.200460,17.6,47.9,1
2026-01-12T09:45:12.455072,17.6,47.9,1
2026-01-12T09:45:14.709426,17.6,47.9,0
2026-01-12T09:45:16.963497,17.6,47.9,0
2026-01-12T09:45:19.217921,17.6,48.0,0
2026-01-12T09:45:21.472315,17.6,48.0,0
2026-01-12T09:45:23.726562,17.7,48.0,0
2026-01-12T09:45:25.980604,17.6,48.0,0
2026-01-12T09:45:28.235205,17.6,48.0,0
2026-01-12T09:45:30.489644,17.6,48.0,1
2026-01-12T09:45:32.744065,17.6,48.0,1
2026-01-12T09:45:34.998824,17.6,48.0,1
2026-01-12T09:45:37.253445,17.6,48.0,1
2026-01-12T09:45:39.507390,17.6,48.0,1
2026-01-12T09:45:41.762159,17.6,48.0,1
2026-01-12T09:45:44.016240,17.6,48.1,1
2026-01-12T09:45:46.270771,17.6,48.1,1
2026-01-12T09:45:48.525480,17.6,48.1,1
2026-01-12T09:45:50.779549,17.6,48.1,1
2026-01-12T09:45:53.034007,17.6,48.1,1
2026-01-12T09:45:55.288261,17.6,48.1,1
2026-01-12T09:45:57.543032,17.6,48.1,1
2026-01-12T09:45:59.797425,17.6,48.1,1
2026-01-12T09:46:02.051529,17.6,48.2,1
2026-01-12T09:46:04.306098,17.6,48.2,1
2026-01-12T09:46:06.560243,17.6,48.2,1
2026-01-12T09:46:08.815112,17.6,48.2,1
2026-01-12T09:46:11.069420,17.6,48.2,0
2026-01-12T09:46:13.323490,17.6,48.2,0
2026-01-12T09:46:15.578211,17.6,48.2,0
2026-01-12T09:46:17.832310,17.6,48.2,0
2026-01-12T09:46:20.086628,17.6,48.2,0
2026-01-12T09:46:22.340935,17.6,48.2,0
2026-01-12T09:46:24.595001,17.6,48.2,0
2026-01-12T09:46:26.849530,17.6,48.2,1
2026-01-12T09:46:29.103893,17.6,48.2,1
2026-01-12T09:46:31.358442,17.6,48.3,1
2026-01-12T09:46:33.612458,17.7,48.3,1
2026-01-12T09:46:35.867115,17.6,48.3,1
2026-01-12T09:46:38.121490,17.6,48.3,1
2026-01-12T09:46:40.375958,17.6,48.3,1
2026-01-12T09:46:42.630802,17.6,48.3,1
2026-01-12T09:46:44.885213,17.7,48.4,1
2026-01-12T09:46:47.139356,17.6,48.3,1
2026-01-12T09:46:49.393908,17.6,48.4,1
2026-01-12T09:46:51.648309,17.6,48.4,1
2026-01-12T09:46:53.902845,17.6,48.3,1
2026-01-12T09:46:56.157550,17.6,48.4,1
2026-01-12T09:46:58.411848,17.6,48.4,1
2026-01-12T09:47:00.666418,17.6,48.4,1
2026-01-12T09:47:02.920850,17.6,48.3,1
2026-01-12T09:47:05.177456,17.7,48.5,1
2026-01-12T09:47:07.431989,17.6,48.4,0
2026-01-12T09:47:09.686711,17.6,48.4,0
2026-01-12T09:47:11.942470,17.7,48.4,0
2026-01-12T09:47:14.196763,17.6,48.4,0
2026-01-12T09:47:16.451360,17.6,48.4,0
2026-01-12T09:47:18.705959,17.6,48.4,0
2026-01-12T09:47:20.960045,17.6,48.4,0
2026-01-12T09:47:23.214773,17.6,48.5,1
2026-01-12T09:47:25.469376,17.6,48.5,1
2026-01-12T09:47:27.723740,17.6,48.5,1
2026-01-12T09:47:29.978515,17.6,48.4,1
2026-01-12T09:47:32.232754,17.7,48.5,1
2026-01-12T09:47:34.486856,17.6,48.5,1
2026-01-12T09:47:36.741196,17.6,48.5,1
2026-01-12T09:47:38.995183,17.6,48.5,1
2026-01-12T09:47:41.249464,17.7,48.6,1
2026-01-12T09:47:43.503730,17.6,48.5,1
2026-01-12T09:47:45.758266,17.7,48.6,1
2026-01-12T09:47:48.012399,17.7,48.7,1
2026-01-12T09:47:50.267086,17.6,48.6,1
2026-01-12T09:47:52.523536,17.6,48.6,1
2026-01-12T09:47:54.777987,17.7,48.7,1
2026-01-12T09:47:57.032168,17.6,48.6,1
2026-01-12T09:47:59.286764,17.6,48.6,1
2026-01-12T09:48:01.540771,17.6,48.6,1
2026-01-12T09:48:03.795339,17.7,48.7,0
2026-01-12T09:48:06.049844,17.6,48.6,0
2026-01-12T09:48:08.303977,17.7,48.7,0
2026-01-12T09:48:10.558817,17.6,48.7,0
2026-01-12T09:48:12.813326,17.6,48.7,0
2026-01-12T09:48:15.067247,17.6,48.6,0
2026-01-12T09:48:17.321961,17.6,48.6,0
2026-01-12T09:48:19.576187,17.6,48.6,1
2026-01-12T09:48:21.830687,17.6,48.7,1
2026-01-12T09:48:24.085215,17.6,48.7,1
2026-01-12T09:48:26.339196,17.6,48.7,1
2026-01-12T09:48:28.593479,17.6,48.7,1
2026-01-12T09:48:30.847577,17.6,48.7,1
2026-01-12T09:48:33.102003,17.6,48.7,1
2026-01-12T09:48:35.355899,17.6,48.8,1
2026-01-12T09:48:37.610625,17.6,48.8,1
2026-01-12T09:48:39.865030,17.6,48.8,1
2026-01-12T09:48:42.119387,17.7,48.8,1
2026-01-12T09:48:44.373870,17.6,48.8,1
2026-01-12T09:48:46.628459,17.7,48.8,1
2026-01-12T09:48:48.883055,17.7,48.9,1
2026-01-12T09:48:51.137440,17.7,48.8,1
2026-01-12T09:48:53.391410,17.7,48.9,1
2026-01-12T09:48:55.645494,17.7,48.9,1
2026-01-12T09:48:57.899593,17.6,48.8,1
2026-01-12T09:49:00.154005,17.6,48.9,0
2026-01-12T09:49:02.407981,17.6,48.9,0
2026-01-12T09:49:04.662621,17.6,48.9,0
2026-01-12T09:49:06.916620,17.6,48.9,0
2026-01-12T09:49:09.171254,17.6,48.9,0
2026-01-12T09:49:11.425432,17.7,49.0,0
2026-01-12T09:49:13.679525,17.6,48.9,0
2026-01-12T09:49:15.933795,17.6,48.9,1
2026-01-12T09:49:18.188212,17.7,48.9,1
2026-01-12T09:49:20.442818,17.6,48.9,1
2026-01-12T09:49:22.697206,17.6,48.9,1
2026-01-12T09:49:24.951572,17.6,48.9,1
2026-01-12T09:49:27.205934,17.6,48.9,1
2026-01-12T09:49:29.459984,17.6,48.9,1
2026-01-12T09:49:31.714792,17.7,48.9,1
2026-01-12T09:49:33.969054,17.7,48.9,1
2026-01-12T09:49:36.223424,17.6,48.9,1
2026-01-12T09:49:38.478055,17.7,48.9,1
2026-01-12T09:49:40.732490,17.6,48.8,1
2026-01-12T09:49:42.987050,17.7,48.9,1
2026-01-12T09:49:45.241421,17.6,48.8,1
2026-01-12T09:49:47.495392,17.7,48.8,1
2026-01-12T09:49:49.749769,17.6,48.8,1
2026-01-12T09:49:52.003941,17.7,48.9,1
2026-01-12T09:49:54.258522,17.6,48.9,1
2026-01-12T09:49:56.512601,17.6,48.9,0
2026-01-12T09:49:58.767455,17.6,48.9,0
2026-01-12T09:50:01.021924,17.6,48.9,0
2026-01-12T09:50:03.276051,17.7,49.0,0
2026-01-12T09:50:05.530763,17.6,48.9,0
2026-01-12T09:50:07.787362,17.7,49.0,0
2026-01-12T09:50:10.041646,17.7,49.0,0
2026-01-12T09:50:12.295898,17.6,48.9,1
2026-01-12T09:50:14.552278,17.6,49.0,1
2026-01-12T09:50:16.806828,17.7,49.0,1
2026-01-12T09:50:19.060980,17.6,48.9,1
2026-01-12T09:50:21.315454,17.6,49.0,1
2026-01-12T09:50:23.570039,17.6,49.0,1
2026-01-12T09:50:25.824482,17.7,49.2,1
2026-01-12T09:50:28.079175,17.6,49.1,1
2026-01-12T09:50:30.333532,17.7,49.2,1
2026-01-12T09:50:32.588187,17.6,49.1,1
2026-01-12T09:50:34.842940,17.7,49.2,1
2026-01-12T09:50:37.097510,17.6,49.1,1
2026-01-12T09:50:39.351998,17.7,49.2,1
2026-01-12T09:50:41.606739,17.7,49.2,1
2026-01-12T09:50:43.861087,17.7,49.2,1
2026-01-12T09:50:46.115739,17.6,49.2,1
2026-01-12T09:50:48.370242,17.6,49.2,1
2026-01-12T09:50:50.624368,17.6,49.2,1
2026-01-12T09:50:52.879154,17.7,49.2,0
2026-01-12T09:50:55.134817,17.7,49.2,0
2026-01-12T09:50:57.389125,17.7,49.3,0
2026-01-12T09:50:59.643477,17.7,49.3,0
2026-01-12T09:51:01.898015,17.6,49.2,0
2026-01-12T09:51:04.152422,17.7,49.3,0
2026-01-12T09:51:06.407140,17.7,49.3,0
2026-01-12T09:51:08.661618,17.7,49.3,1
2026-01-12T09:51:10.916103,17.7,49.3,1
2026-01-12T09:51:13.170822,17.7,49.3,1
2026-01-12T09:51:15.425312,17.7,49.4,1
2026-01-12T09:51:17.679337,17.6,49.3,1
2026-01-12T09:51:19.934016,17.6,49.3,1
2026-01-12T09:51:22.188262,17.7,49.4,1
2026-01-12T09:51:24.442769,17.7,49.4,1
2026-01-12T09:51:26.697388,17.6,49.3,1
2026-01-12T09:51:28.951639,17.7,49.4,1
2026-01-12T09:51:31.206016,17.7,49.4,1
2026-01-12T09:51:33.460690,17.7,49.4,1
2026-01-12T09:51:35.715006,17.6,49.4,1
2026-01-12T09:51:37.969240,17.7,49.4,1
2026-01-12T09:51:40.223657,17.6,49.4,1
2026-01-12T09:51:42.478240,17.6,49.4,1
2026-01-12T09:51:44.732607,17.7,49.5,1
2026-01-12T09:51:46.987429,17.6,49.4,1
2026-01-12T09:51:49.241977,17.7,49.4,0
2026-01-12T09:51:51.496298,17.7,49.4,0
2026-01-12T09:51:53.751194,17.7,49.5,0
2026-01-12T09:51:56.005751,17.7,49.5,0
2026-01-12T09:51:58.259705,17.7,49.5,0
2026-01-12T09:52:00.514438,17.7,49.4,0
2026-01-12T09:52:02.768717,17.7,49.5,0
2026-01-12T09:52:05.022707,17.6,49.4,1
2026-01-12T09:52:07.276883,17.7,49.5,1
2026-01-12T09:52:09.531441,17.7,49.5,1
2026-01-12T09:52:11.785802,17.7,49.5,1
2026-01-12T09:52:14.040216,17.7,49.5,1
2026-01-12T09:52:16.294856,17.7,49.6,1
2026-01-12T09:52:18.549561,17.7,49.5,1
2026-01-12T09:52:20.803789,17.7,49.5,1
2026-01-12T09:52:23.058255,17.6,49.5,1
2026-01-12T09:52:25.312660,17.6,49.4,1
2026-01-12T09:52:27.567603,17.7,49.5,1
2026-01-12T09:52:29.822175,17.7,49.5,1
2026-01-12T09:52:32.076086,17.7,49.5,1
2026-01-12T09:52:34.330814,17.6,49.5,1
2026-01-12T09:52:36.585041,17.7,49.5,1
2026-01-12T09:52:38.839481,17.7,49.5,1
2026-01-12T09:52:41.094182,17.7,49.5,1
2026-01-12T09:52:43.348678,17.6,49.5,1
2026-01-12T09:52:45.603388,17.7,49.5,0
2026-01-12T09:52:47.857837,17.7,49.6,0
2026-01-12T09:52:50.114038,17.6,49.5,0
2026-01-12T09:52:52.368490,17.7,49.5,0
2026-01-12T09:52:54.623341,17.7,49.6,0
2026-01-12T09:52:56.877589,17.7,49.6,0
2026-01-12T09:52:59.132009,17.7,49.5,0
2026-01-12T09:53:01.386736,17.7,49.5,1
2026-01-12T09:53:03.641281,17.6,49.5,1
2026-01-12T09:53:05.895286,17.7,49.5,1
2026-01-12T09:53:08.149923,17.7,49.5,1
2026-01-12T09:53:10.404023,17.6,49.5,1
2026-01-12T09:53:12.658541,17.6,49.4,1
2026-01-12T09:53:14.912937,17.7,49.5,1
2026-01-12T09:53:17.167203,17.7,49.6,1
2026-01-12T09:53:19.421498,17.7,49.6,1
2026-01-12T09:53:21.676351,17.6,49.5,1
2026-01-12T09:53:23.930528,17.6,49.5,1
2026-01-12T09:53:26.184735,17.6,49.6,1
2026-01-12T09:53:28.438979,17.6,49.5,1
2026-01-12T09:53:30.693536,17.7,49.6,1
2026-01-12T09:53:32.947514,17.7,49.6,1
2026-01-12T09:53:35.202242,17.7,49.5,1
2026-01-12T09:53:37.456773,17.7,49.6,1
2026-01-12T09:53:39.711125,17.7,49.6,1
2026-01-12T09:53:41.965865,17.6,49.5,0
2026-01-12T09:53:44.220451,17.6,49.5,0
2026-01-12T09:53:46.475070,17.6,49.5,0
2026-01-12T09:53:48.729863,17.7,49.5,0
2026-01-12T09:53:50.984074,17.6,49.5,0
2026-01-12T09:53:53.238635,17.7,49.6,0
2026-01-12T09:53:55.493327,17.7,49.6,0
2026-01-12T09:53:57.747617,17.6,49.6,1
2026-01-12T09:54:00.002065,17.6,49.5,1
2026-01-12T09:54:02.256617,17.6,49.6,1
2026-01-12T09:54:04.510938,17.7,49.6,1
2026-01-12T09:54:06.765606,17.7,49.6,1
2026-01-12T09:54:09.019742,17.6,49.6,1
2026-01-12T09:54:11.273919,17.7,49.7,1
2026-01-12T09:54:13.528045,17.7,49.7,1
2026-01-12T09:54:15.782828,17.6,49.6,1
2026-01-12T09:54:18.037252,17.7,49.6,1
2026-01-12T09:54:20.291310,17.7,49.6,1
2026-01-12T09:54:22.545853,17.6,49.6,1
2026-01-12T09:54:24.800300,17.6,49.6,1
2026-01-12T09:54:27.054811,17.6,49.6,1
2026-01-12T09:54:29.309450,17.6,49.6,1
2026-01-12T09:54:31.563500,17.6,49.6,1
2026-01-12T09:54:33.817968,17.6,49.6,1
2026-01-12T09:54:36.072562,17.6,49.6,1
2026-01-12T09:54:38.327231,17.7,49.7,0
2026-01-12T09:54:40.581650,17.6,49.6,0
2026-01-12T09:54:42.836313,17.6,49.6,0
2026-01-12T09:54:45.090909,17.6,49.5,0
2026-01-12T09:54:47.345337,17.6,49.6,0
2026-01-12T09:54:49.599620,17.6,49.6,0
2026-01-12T09:54:51.855300,17.7,49.7,0
2026-01-12T09:54:54.109669,17.6,49.6,1
2026-01-12T09:54:56.364304,17.6,49.6,1
2026-01-12T09:54:58.619059,17.6,49.6,1
2026-01-12T09:55:00.873429,17.6,49.6,1
2026-01-12T09:55:03.127775,17.7,49.7,1
2026-01-12T09:55:05.382329,17.6,49.6,1
2026-01-12T09:55:07.636410,17.6,49.6,1
2026-01-12T09:55:09.891102,17.7,49.7,1
2026-01-12T09:55:12.145532,17.6,49.6,1
2026-01-12T09:55:14.399969,17.6,49.6,1
2026-01-12T09:55:16.654755,17.6,49.6,1
2026-01-12T09:55:18.909204,17.6,49.6,1
2026-01-12T09:55:21.163482,17.7,49.7,1
2026-01-12T09:55:23.417921,17.6,49.6,1
2026-01-12T09:55:25.674073,17.7,49.6,1
2026-01-12T09:55:27.928157,17.6,49.6,1
2026-01-12T09:55:30.182837,17.6,49.6,1
2026-01-12T09:55:32.437263,17.6,49.6,1
2026-01-12T09:55:34.691484,17.6,49.6,0
2026-01-12T09:55:36.946250,17.6,49.6,0
2026-01-12T09:55:39.202927,17.6,49.6,0
2026-01-12T09:55:41.457452,17.7,49.6,0
2026-01-12T09:55:43.712102,17.6,49.6,0
2026-01-12T09:55:45.967766,17.6,49.5,0
2026-01-12T09:55:48.222211,17.6,49.6,0
2026-01-12T09:55:50.476872,17.6,49.5,1
2026-01-12T09:55:52.731126,17.6,49.6,1
2026-01-12T09:55:54.985398,17.6,49.6,1
2026-01-12T09:55:57.239802,17.6,49.6,1
2026-01-12T09:55:59.496026,17.6,49.6,1
2026-01-12T09:56:01.750514,17.6,49.6,1
2026-01-12T09:56:04.004945,17.6,49.6,1
2026-01-12T09:56:06.259332,17.6,49.6,1
2026-01-12T09:56:08.513825,17.6,49.6,1
2026-01-12T09:56:10.768444,17.6,49.6,1
2026-01-12T09:56:13.023146,17.6,49.6,1
2026-01-12T09:56:15.277563,17.6,49.6,1
2026-01-12T09:56:17.532299,17.6,49.6,1
2026-01-12T09:56:19.788939,17.6,49.6,1
2026-01-12T09:56:22.043464,17.6,49.6,1
2026-01-12T09:56:24.297945,17.6,49.6,1
2026-01-12T09:56:26.552411,17.6,49.6,1
2026-01-12T09:56:28.807068,17.6,49.6,1
2026-01-12T09:56:31.061740,17.6,49.6,0
2026-01-12T09:56:33.318156,17.6,49.6,0
2026-01-12T09:56:35.572371,17.6,49.6,0
2026-01-12T09:56:37.827078,17.6,49.6,0
2026-01-12T09:56:40.081346,17.6,49.6,0
2026-01-12T09:56:42.335288,17.6,49.6,0
2026-01-12T09:56:44.589509,17.6,49.6,0
2026-01-12T09:56:46.843563,17.6,49.6,1
2026-01-12T09:56:49.097928,17.6,49.6,1
2026-01-12T09:56:51.352047,17.6,49.6,1
2026-01-12T09:56:53.606617,17.6,49.6,1
2026-01-12T09:56:55.860727,17.6,49.6,1
2026-01-12T09:56:58.115526,17.6,49.6,1
2026-01-12T09:57:00.369991,17.6,49.6,1
2026-01-12T09:57:02.624187,17.6,49.6,1
2026-01-12T09:57:04.879044,17.6,49.6,1
2026-01-12T09:57:07.133643,17.6,49.6,1
2026-01-12T09:57:09.387904,17.6,49.6,1
2026-01-12T09:57:11.642517,17.6,49.6,1
2026-01-12T09:57:13.896703,17.6,49.6,1
2026-01-12T09:57:16.151314,17.6,49.6,1
2026-01-12T09:57:18.405931,17.6,49.6,1
2026-01-12T09:57:20.660168,17.6,49.6,1
2026-01-12T09:57:22.914685,17.6,49.6,1
2026-01-12T09:57:25.168839,17.6,49.6,1
2026-01-12T09:57:27.423060,17.6,49.6,0
2026-01-12T09:57:29.677380,17.6,49.6,0
2026-01-12T09:57:31.931621,17.6,49.6,0
2026-01-12T09:57:34.186171,17.6,49.6,0
2026-01-12T09:57:36.440367,17.6,49.6,0
2026-01-12T09:57:38.695371,17.6,49.6,0
2026-01-12T09:57:40.949809,17.6,49.6,0
2026-01-12T09:57:43.203965,17.6,49.6,1
2026-01-12T09:57:45.458636,17.6,49.6,1
2026-01-12T09:57:47.713017,17.6,49.6,1
2026-01-12T09:57:49.967186,17.6,49.6,1
2026-01-12T09:57:52.221904,17.6,49.6,1
2026-01-12T09:57:54.475954,17.6,49.6,1
2026-01-12T09:57:56.730528,17.6,49.6,1
2026-01-12T09:57:58.984993,17.6,49.6,1
2026-01-12T09:58:01.239247,17.6,49.6,1
2026-01-12T09:58:03.493534,17.6,49.6,1
2026-01-12T09:58:05.748076,17.6,49.6,1
2026-01-12T09:58:08.002571,17.6,49.6,1
2026-01-12T09:58:10.256533,17.6,49.6,1
2026-01-12T09:58:12.511356,17.6,49.6,1
2026-01-12T09:58:14.765931,17.6,49.6,1
2026-01-12T09:58:17.020229,17.6,49.6,1
2026-01-12T09:58:19.274998,17.6,49.6,1
2026-01-12T09:58:21.529447,17.6,49.6,1
2026-01-12T09:58:23.783946,17.6,49.6,0
2026-01-12T09:58:26.038649,17.6,49.6,0
2026-01-12T09:58:28.293057,17.6,49.6,0
2026-01-12T09:58:30.547270,17.6,49.6,0
2026-01-12T09:58:32.801729,17.6,49.6,0
2026-01-12T09:58:35.055756,17.6,49.6,0
2026-01-12T09:58:37.310229,17.6,49.6,0
2026-01-12T09:58:39.564475,17.6,49.6,1
2026-01-12T09:58:41.819156,17.6,49.6,1
2026-01-12T09:58:44.073525,17.6,49.6,1
2026-01-12T09:58:46.328130,17.6,49.6,1
2026-01-12T09:58:48.582434,17.6,49.6,1
2026-01-12T09:58:50.836726,17.6,49.6,1
2026-01-12T09:58:53.091506,17.6,49.6,1
2026-01-12T09:58:55.345974,17.6,49.6,1
2026-01-12T09:58:57.600051,17.6,49.6,1
2026-01-12T09:58:59.854803,17.6,49.6,1
2026-01-12T09:59:02.109063,17.6,49.6,1
2026-01-12T09:59:04.363301,17.6,49.6,1
2026-01-12T09:59:06.618002,17.6,49.6,1
2026-01-12T09:59:08.872165,17.6,49.6,1
2026-01-12T09:59:11.126458,17.6,49.6,1
2026-01-12T09:59:13.381156,17.6,49.6,1
2026-01-12T09:59:15.635485,17.6,49.6,1
2026-01-12T09:59:17.890005,17.6,49.6,1
2026-01-12T09:59:20.144178,17.6,49.6,0
2026-01-12T09:59:22.398797,17.6,49.6,0
2026-01-12T09:59:24.653160,17.6,49.6,0
2026-01-12T09:59:26.907545,17.6,49.6,0
2026-01-12T09:59:29.162120,17.6,49.6,0
2026-01-12T09:59:31.416136,17.6,49.6,0
2026-01-12T09:59:33.671044,17.6,49.6,0
2026-01-12T09:59:35.925515,17.6,49.6,1
2026-01-12T09:59:38.179419,17.6,49.6,1
2026-01-12T09:59:40.434159,17.6,49.6,1
2026-01-12T09:59:42.688748,17.6,49.6,1
2026-01-12T09:59:44.942778,17.6,49.6,1
2026-01-12T09:59:47.197152,17.6,49.6,1
2026-01-12T09:59:49.451740,17.6,49.5,1
2026-01-12T09:59:51.706259,17.6,49.6,1
2026-01-12T09:59:53.960895,17.6,49.6,1
2026-01-12T09:59:56.215069,17.6,49.6,1
2026-01-12T09:59:58.469338,17.6,49.6,1
2026-01-12T10:00:00.723715,17.6,49.6,1
2026-01-12T10:00:02.977972,17.6,49.6,1
2026-01-12T10:00:05.232506,17.6,49.5,1
2026-01-12T10:00:07.487315,17.6,49.6,1
2026-01-12T10:00:09.741981,17.6,49.6,1
2026-01-12T10:00:11.996527,17.6,49.5,1
2026-01-12T10:00:14.251333,17.6,49.5,1
2026-01-12T10:00:16.505937,17.6,49.5,0
2026-01-12T10:00:18.760235,17.6,49.6,0
2026-01-12T10:00:21.015112,17.6,49.5,0
2026-01-12T10:00:23.269686,17.6,49.5,0
2026-01-12T10:00:25.524225,17.6,49.5,0
2026-01-12T10:00:27.779100,17.6,49.5,0
2026-01-12T10:00:30.033657,17.6,49.5,0
2026-01-12T10:00:32.288001,17.6,49.6,1
2026-01-12T10:00:34.542876,17.6,49.5,1
2026-01-12T10:00:36.797495,17.6,49.5,1
2026-01-12T10:00:39.052084,17.6,49.5,1
2026-01-12T10:00:41.306867,17.6,49.5,1
2026-01-12T10:00:43.561192,17.6,49.5,1
2026-01-12T10:00:45.815514,17.6,49.5,1
2026-01-12T10:00:48.070301,17.6,49.5,1
2026-01-12T10:00:50.324463,17.6,49.5,1
2026-01-12T10:00:52.579073,17.6,49.5,1
2026-01-12T10:00:54.833595,17.6,49.5,1
2026-01-12T10:00:57.088128,17.6,49.5,1
2026-01-12T10:00:59.342628,17.6,49.5,1
2026-01-12T10:01:01.597341,17.6,49.5,1
2026-01-12T10:01:03.851850,17.6,49.5,1
2026-01-12T10:01:06.106342,17.6,49.5,1
2026-01-12T10:01:08.360745,17.6,49.5,1
2026-01-12T10:01:10.615468,17.6,49.5,1
2026-01-12T10:01:12.869968,17.6,49.5,0
2026-01-12T10:01:15.124440,17.6,49.5,0
2026-01-12T10:01:17.379073,17.6,49.5,0
2026-01-12T10:01:19.633664,17.6,49.5,0
2026-01-12T10:01:21.888248,17.6,49.5,0
2026-01-12T10:01:24.142818,17.6,49.5,0
2026-01-12T10:01:26.397238,17.6,49.5,0
2026-01-12T10:01:28.651782,17.6,49.5,1
2026-01-12T10:01:30.906338,17.6,49.5,1
2026-01-12T10:01:33.160809,17.6,49.5,1
2026-01-12T10:01:35.415206,17.6,49.5,1
2026-01-12T10:01:37.669672,17.6,49.5,1
2026-01-12T10:01:39.924016,17.6,49.5,1
2026-01-12T10:01:42.178750,17.6,49.5,1
2026-01-12T10:01:44.433141,17.6,49.5,1
2026-01-12T10:01:46.687123,17.6,49.4,1
2026-01-12T10:01:48.941843,17.6,49.5,1
2026-01-12T10:01:51.196341,17.6,49.5,1
2026-01-12T10:01:53.450837,17.6,49.4,1
2026-01-12T10:01:55.705590,17.6,49.4,1
2026-01-12T10:01:57.959924,17.6,49.5,1
2026-01-12T10:02:00.214432,17.6,49.4,1
2026-01-12T10:02:02.468934,17.6,49.5,1
2026-01-12T10:02:04.723373,17.6,49.4,1
2026-01-12T10:02:06.977770,17.6,49.4,1
2026-01-12T10:02:09.232375,17.6,49.4,0
2026-01-12T10:02:11.486945,17.6,49.4,0
2026-01-12T10:02:13.741498,17.6,49.4,0
2026-01-12T10:02:15.996130,17.6,49.5,0
2026-01-12T10:02:18.250608,17.6,49.4,0
2026-01-12T10:02:20.504820,17.6,49.4,0
2026-01-12T10:02:22.759410,17.6,49.4,0
2026-01-12T10:02:25.013909,17.6,49.4,1
2026-01-12T10:02:27.268449,17.6,49.4,1
2026-01-12T10:02:29.523397,17.6,49.4,1
2026-01-12T10:02:31.778054,17.6,49.4,1
2026-01-12T10:02:34.032134,17.6,49.4,1
2026-01-12T10:02:36.286991,17.6,49.4,1
2026-01-12T10:02:38.541596,17.6,49.4,1
2026-01-12T10:02:40.796111,17.6,49.4,1
2026-01-12T10:02:43.050808,17.6,49.4,1
2026-01-12T10:02:45.305224,17.6,49.5,1
2026-01-12T10:02:47.559575,17.6,49.4,1
2026-01-12T10:02:49.814214,17.6,49.4,1
2026-01-12T10:02:52.068276,17.6,49.4,1
2026-01-12T10:02:54.322832,17.6,49.4,1
2026-01-12T10:02:56.577306,17.6,49.5,1
2026-01-12T10:02:58.831541,17.6,49.5,1
2026-01-12T10:03:01.086047,17.6,49.5,1
2026-01-12T10:03:03.340499,17.6,49.4,1
2026-01-12T10:03:05.594671,17.6,49.4,0
2026-01-12T10:03:07.849008,17.6,49.4,0
2026-01-12T10:03:10.103626,17.6,49.4,0
2026-01-12T10:03:12.358318,17.6,49.4,0
2026-01-12T10:03:14.612535,17.6,49.4,0
2026-01-12T10:03:16.867334,17.6,49.4,0
2026-01-12T10:03:19.121825,17.6,49.4,0
2026-01-12T10:03:21.376186,17.6,49.4,1
2026-01-12T10:03:23.630523,17.6,49.4,1
2026-01-12T10:03:25.884847,17.6,49.4,1
2026-01-12T10:03:28.139232,17.6,49.4,1
2026-01-12T10:03:30.393870,17.6,49.4,1
2026-01-12T10:03:32.648302,17.6,49.4,1
2026-01-12T10:03:34.902885,17.6,49.4,1
2026-01-12T10:03:37.157509,17.6,49.4,1
2026-01-12T10:03:39.412065,17.6,49.4,1
2026-01-12T10:03:41.666212,17.6,49.4,1
2026-01-12T10:03:43.920854,17.6,49.4,1
2026-01-12T10:03:46.175272,17.6,49.4,1
2026-01-12T10:03:48.429816,17.6,49.4,1
2026-01-12T10:03:50.684268,17.6,49.4,1
2026-01-12T10:03:52.938845,17.6,49.4,1
2026-01-12T10:03:55.193155,17.6,49.4,1
2026-01-12T10:03:57.447724,17.6,49.4,1
2026-01-12T10:03:59.702359,17.6,49.4,1
2026-01-12T10:04:01.956824,17.6,49.4,0
2026-01-12T10:04:04.211341,17.6,49.4,0
2026-01-12T10:04:06.465964,17.6,49.4,0
2026-01-12T10:04:08.720156,17.6,49.4,0
2026-01-12T10:04:10.974986,17.6,49.4,0
2026-01-12T10:04:13.229046,17.6,49.4,0
2026-01-12T10:04:15.483266,17.6,49.4,0
2026-01-12T10:04:17.737965,17.6,49.4,1
2026-01-12T10:04:19.992072,17.6,49.4,1
2026-01-12T10:04:22.246574,17.6,49.4,1
2026-01-12T10:04:24.501317,17.6,49.4,1
2026-01-12T10:04:26.755697,17.6,49.3,1
2026-01-12T10:04:29.010157,17.6,49.4,1
2026-01-12T10:04:31.264578,17.6,49.4,1
2026-01-12T10:04:33.518976,17.6,49.4,1
2026-01-12T10:04:35.773230,17.6,49.4,1
2026-01-12T10:04:38.027474,17.6,49.4,1
2026-01-12T10:04:40.281926,17.6,49.4,1
2026-01-12T10:04:42.536357,17.6,49.3,1
2026-01-12T10:04:44.791211,17.6,49.3,1
2026-01-12T10:04:47.045718,17.6,49.4,1
2026-01-12T10:04:49.299714,17.6,49.3,1
2026-01-12T10:04:51.554396,17.6,49.4,1
2026-01-12T10:04:53.808609,17.6,49.4,1
2026-01-12T10:04:56.063158,17.6,49.4,1
2026-01-12T10:04:58.317678,17.6,49.4,0
2026-01-12T10:05:00.572246,17.6,49.4,0
2026-01-12T10:05:02.826631,17.6,49.4,0
2026-01-12T10:05:05.080795,17.6,49.3,0
2026-01-12T10:05:07.335389,17.6,49.3,0
2026-01-12T10:05:09.589979,17.6,49.3,0
2026-01-12T10:05:11.844231,17.6,49.3,0
2026-01-12T10:05:14.098879,17.6,49.4,1
2026-01-12T10:05:16.353428,17.6,49.4,1
2026-01-12T10:05:18.608175,17.6,49.3,1
2026-01-12T10:05:20.862790,17.6,49.4,1
2026-01-12T10:05:23.117180,17.6,49.4,1
2026-01-12T10:05:25.371481,17.6,49.3,1
2026-01-12T10:05:27.626198,17.6,49.3,1
2026-01-12T10:05:29.880633,17.6,49.3,1
2026-01-12T10:05:32.135439,17.6,49.4,1
2026-01-12T10:05:34.390022,17.6,49.3,1
2026-01-12T10:05:36.644461,17.6,49.3,1
2026-01-12T10:05:38.899289,17.6,49.4,1
2026-01-12T10:05:41.153888,17.6,49.4,1
2026-01-12T10:05:43.407838,17.6,49.3,1
2026-01-12T10:05:45.662647,17.6,49.3,1
2026-01-12T10:05:47.917034,17.6,49.3,1
2026-01-12T10:05:50.171205,17.6,49.4,1
2026-01-12T10:05:52.425534,17.6,49.3,1
2026-01-12T10:05:54.679937,17.6,49.4,0
2026-01-12T10:05:56.934446,17.6,49.4,0
2026-01-12T10:05:59.189117,17.6,49.3,0
2026-01-12T10:06:01.443167,17.6,49.3,0
2026-01-12T10:06:03.697851,17.6,49.4,0
2026-01-12T10:06:05.951938,17.6,49.3,0
2026-01-12T10:06:08.206559,17.6,49.3,0
2026-01-12T10:06:10.460791,17.6,49.4,1
2026-01-12T10:06:12.715374,17.6,49.3,1
2026-01-12T10:06:14.969873,17.6,49.3,1
2026-01-12T10:06:17.224106,17.6,49.3,1
2026-01-12T10:06:19.478676,17.6,49.3,1
2026-01-12T10:06:21.733193,17.6,49.3,1
2026-01-12T10:06:23.987302,17.6,49.3,1
2026-01-12T10:06:26.242046,17.6,49.3,1
2026-01-12T10:06:28.496648,17.6,49.3,1
2026-01-12T10:06:30.751376,17.6,49.3,1
2026-01-12T10:06:33.005981,17.6,49.3,1
2026-01-12T10:06:35.260201,17.6,49.3,1
2026-01-12T10:06:37.514796,17.6,49.3,1
2026-01-12T10:06:39.769531,,,1
2026-01-12T10:06:42.023714,17.6,49.3,1
2026-01-12T10:06:44.278235,17.6,49.3,1
2026-01-12T10:06:46.532656,17.6,49.3,1
2026-01-12T10:06:48.787288,17.6,49.3,1
2026-01-12T10:06:51.041638,17.6,49.3,0
2026-01-12T10:06:53.296175,17.7,49.4,0
2026-01-12T10:06:55.550765,17.6,49.3,0
2026-01-12T10:06:57.805033,17.6,49.3,0
2026-01-12T10:07:00.059570,17.6,49.3,0
2026-01-12T10:07:02.314090,17.6,49.3,0
2026-01-12T10:07:04.568578,17.6,49.3,0
2026-01-12T10:07:06.823364,17.6,49.3,1
2026-01-12T10:07:09.077712,17.6,49.3,1
2026-01-12T10:07:11.332063,17.6,49.3,1
2026-01-12T10:07:13.586751,17.6,49.3,1
2026-01-12T10:07:15.841244,17.6,49.3,1
2026-01-12T10:07:18.095380,17.6,49.3,1
2026-01-12T10:07:20.350065,17.6,49.3,1
2026-01-12T10:07:22.604657,17.6,49.3,1
2026-01-12T10:07:24.859216,17.7,49.4,1
2026-01-12T10:07:27.113758,17.6,49.3,1
2026-01-12T10:07:29.368206,17.6,49.3,1
2026-01-12T10:07:31.622820,17.6,49.3,1
2026-01-12T10:07:33.877515,17.6,49.3,1
2026-01-12T10:07:36.132048,17.6,49.3,1
2026-01-12T10:07:38.386559,17.6,49.3,1
2026-01-12T10:07:40.641047,17.6,49.3,1
2026-01-12T10:07:42.895343,17.6,49.3,1
2026-01-12T10:07:45.149691,17.6,49.3,1
2026-01-12T10:07:47.404248,17.6,49.3,0
2026-01-12T10:07:49.658955,17.6,49.3,0
2026-01-12T10:07:51.913512,17.6,49.3,0
2026-01-12T10:07:54.167951,17.6,49.3,0
2026-01-12T10:07:56.422660,17.6,49.3,0
2026-01-12T10:07:58.677050,17.6,49.3,0
2026-01-12T10:08:00.931596,17.6,49.3,0
2026-01-12T10:08:03.186222,17.6,49.3,1
2026-01-12T10:08:05.440405,17.6,49.3,1
2026-01-12T10:08:07.695292,17.6,49.3,1
2026-01-12T10:08:09.949797,17.6,49.3,1
2026-01-12T10:08:12.204347,17.6,49.3,1
2026-01-12T10:08:14.459100,17.6,49.3,1
2026-01-12T10:08:16.713250,17.6,49.3,1
2026-01-12T10:08:18.967751,17.6,49.3,1
2026-01-12T10:08:21.222387,17.6,49.3,1
2026-01-12T10:08:23.476645,17.6,49.3,1
2026-01-12T10:08:25.730708,17.6,49.3,1
2026-01-12T10:08:27.985427,17.6,49.3,1
2026-01-12T10:08:30.241625,17.6,49.3,1
2026-01-12T10:08:32.495701,17.6,49.3,1
2026-01-12T10:08:34.750309,17.6,49.3,1
2026-01-12T10:08:37.004720,17.6,49.4,1
2026-01-12T10:08:39.259168,17.6,49.4,1
2026-01-12T10:08:41.513402,17.6,49.3,1
2026-01-12T10:08:43.767844,17.6,49.3,0
2026-01-12T10:08:46.022361,17.6,49.4,0
2026-01-12T10:08:48.276770,17.6,49.3,0
2026-01-12T10:08:50.531113,17.6,49.3,0
2026-01-12T10:08:52.785658,17.6,49.4,0
2026-01-12T10:08:55.040280,17.6,49.3,0
2026-01-12T10:08:57.294909,17.6,49.3,0
2026-01-12T10:08:59.549452,17.6,49.3,1
2026-01-12T10:09:01.804173,17.6,49.3,1
2026-01-12T10:09:04.058716,17.6,49.4,1
2026-01-12T10:09:06.313232,17.6,49.4,1
2026-01-12T10:09:08.567654,17.6,49.3,1
2026-01-12T10:09:10.822155,17.6,49.4,1
2026-01-12T10:09:13.076325,17.6,49.4,1
2026-01-12T10:09:15.331162,17.6,49.4,1
2026-01-12T10:09:17.585687,17.6,49.4,1
2026-01-12T10:09:19.839777,17.6,49.4,1
2026-01-12T10:09:22.094490,17.6,49.4,1
2026-01-12T10:09:24.350905,17.6,49.4,1
2026-01-12T10:09:26.605442,17.6,49.4,1
2026-01-12T10:09:28.859681,17.6,49.4,1
2026-01-12T10:09:31.114248,17.6,49.3,1
2026-01-12T10:09:33.368443,17.6,49.4,1
2026-01-12T10:09:35.623365,17.6,49.4,1
2026-01-12T10:09:37.877960,17.6,49.4,1
2026-01-12T10:09:40.132352,17.6,49.4,0
2026-01-12T10:09:42.387174,17.6,49.3,0
2026-01-12T10:09:44.641861,17.6,49.3,0
2026-01-12T10:09:46.896165,17.6,49.4,0
2026-01-12T10:09:49.150844,17.6,49.3,0
2026-01-12T10:09:51.405245,17.6,49.4,0
2026-01-12T10:09:53.659365,17.6,49.4,0
2026-01-12T10:09:55.913784,17.6,49.4,1
2026-01-12T10:09:58.168147,17.6,49.4,1
2026-01-12T10:10:00.422677,17.6,49.3,1
2026-01-12T10:10:02.677165,17.6,49.3,1
2026-01-12T10:10:04.933741,17.6,49.3,1
2026-01-12T10:10:07.188178,17.6,49.3,1
2026-01-12T10:10:09.442828,17.6,49.3,1
2026-01-12T10:10:11.697437,17.6,49.3,1
2026-01-12T10:10:13.951480,17.6,49.3,1
2026-01-12T10:10:16.206065,17.6,49.3,1
2026-01-12T10:10:18.460207,17.6,49.3,1
2026-01-12T10:10:20.714774,17.6,49.3,1
2026-01-12T10:10:22.969124,17.6,49.3,1
2026-01-12T10:10:25.223415,17.6,49.3,1
2026-01-12T10:10:27.477753,17.6,49.3,1
2026-01-12T10:10:29.732040,17.6,49.3,1
2026-01-12T10:10:31.986664,17.6,49.3,1
2026-01-12T10:10:34.240921,17.6,49.3,1
2026-01-12T10:10:36.495361,17.6,49.3,0
2026-01-12T10:10:38.750076,17.6,49.3,0
2026-01-12T10:10:41.004291,17.6,49.3,0
2026-01-12T10:10:43.259041,17.6,49.3,0
2026-01-12T10:10:45.513623,17.6,49.3,0
2026-01-12T10:10:47.767846,17.6,49.3,0
2026-01-12T10:10:50.022482,17.6,49.3,0
2026-01-12T10:10:52.276820,17.6,49.3,1
2026-01-12T10:10:54.531065,17.6,49.3,1
2026-01-12T10:10:56.785674,17.6,49.3,1
2026-01-12T10:10:59.039922,17.6,49.3,1
2026-01-12T10:11:01.294318,17.6,49.3,1
2026-01-12T10:11:03.548865,17.6,49.3,1
2026-01-12T10:11:05.802848,17.6,49.3,1
2026-01-12T10:11:08.057260,17.6,49.3,1
2026-01-12T10:11:10.311526,17.6,49.3,1
2026-01-12T10:11:12.566185,17.6,49.3,1
2026-01-12T10:11:14.820575,17.6,49.3,1
2026-01-12T10:11:17.075363,17.6,49.3,1
2026-01-12T10:11:19.329919,17.6,49.3,1
2026-01-12T10:11:21.584243,17.6,49.2,1
2026-01-12T10:11:23.839084,17.6,49.3,1
2026-01-12T10:11:26.093484,17.6,49.3,1
2026-01-12T10:11:28.347825,17.6,49.3,1
2026-01-12T10:11:30.602618,17.6,49.3,1
2026-01-12T10:11:32.856902,17.6,49.3,0
2026-01-12T10:11:35.111107,17.6,49.3,0
2026-01-12T10:11:37.365648,17.6,49.3,0
2026-01-12T10:11:39.619976,17.6,49.3,0
2026-01-12T10:11:41.874409,17.6,49.3,0
2026-01-12T10:11:44.129001,17.6,49.3,0
2026-01-12T10:11:46.383537,17.6,49.3,0
2026-01-12T10:11:48.638074,17.6,49.3,1
2026-01-12T10:11:50.892734,17.6,49.3,1
2026-01-12T10:11:53.146855,17.6,49.3,1
2026-01-12T10:11:55.401342,17.6,49.3,1
2026-01-12T10:11:57.656062,17.6,49.3,1
2026-01-12T10:11:59.910652,17.6,49.3,1
2026-01-12T10:12:02.164827,17.6,49.3,1
2026-01-12T10:12:04.419342,17.6,49.3,1
2026-01-12T10:12:06.674031,17.6,49.3,1
2026-01-12T10:12:08.928534,17.6,49.3,1
2026-01-12T10:12:11.183313,17.6,49.3,1
2026-01-12T10:12:13.437777,17.6,49.3,1
2026-01-12T10:12:15.692204,17.6,49.3,1
2026-01-12T10:12:17.946978,17.6,49.3,1
2026-01-12T10:12:20.201221,17.6,49.3,1
2026-01-12T10:12:22.455510,17.6,49.3,1
2026-01-12T10:12:24.710115,17.6,49.3,1
2026-01-12T10:12:26.964593,17.6,49.3,1
2026-01-12T10:12:29.219201,17.6,49.3,0
2026-01-12T10:12:31.473897,17.6,49.3,0
2026-01-12T10:12:33.728426,17.6,49.3,0
2026-01-12T10:12:35.983068,17.6,49.3,0
2026-01-12T10:12:38.237535,17.6,49.3,0
2026-01-12T10:12:40.492081,17.6,49.3,0
2026-01-12T10:12:42.746505,17.6,49.3,0
2026-01-12T10:12:45.001135,17.6,49.3,1
2026-01-12T10:12:47.255424,17.6,49.3,1
2026-01-12T10:12:49.509901,17.6,49.3,1
2026-01-12T10:12:51.764699,17.6,49.4,1
2026-01-12T10:12:54.018756,17.6,49.3,1
2026-01-12T10:12:56.272879,17.6,49.3,1
2026-01-12T10:12:58.527544,17.6,49.3,1
2026-01-12T10:13:00.782033,17.6,49.3,1
2026-01-12T10:13:03.036174,17.6,49.3,1
2026-01-12T10:13:05.290817,17.6,49.3,1
2026-01-12T10:13:07.545557,17.6,49.3,1
2026-01-12T10:13:09.799870,17.6,49.3,1
2026-01-12T10:13:12.054562,17.6,49.3,1
2026-01-12T10:13:14.310287,17.6,49.3,1
2026-01-12T10:13:16.564742,17.6,49.3,1
2026-01-12T10:13:18.818946,17.6,49.3,1
2026-01-12T10:13:21.073386,17.6,49.3,1
2026-01-12T10:13:23.327501,17.6,49.3,1
2026-01-12T10:13:25.582315,17.6,49.3,0
2026-01-12T10:13:27.836417,17.6,49.3,0
2026-01-12T10:13:30.091031,17.6,49.3,0
2026-01-12T10:13:32.345525,17.6,49.3,0
2026-01-12T10:13:34.600300,17.6,49.3,0
2026-01-12T10:13:36.854860,17.6,49.3,0
2026-01-12T10:13:39.109360,17.6,49.3,0
2026-01-12T10:13:41.363584,17.6,49.3,1
2026-01-12T10:13:43.618203,17.6,49.3,1
2026-01-12T10:13:45.872951,17.6,49.3,1
2026-01-12T10:13:48.127373,17.6,49.3,1
2026-01-12T10:13:50.381716,17.6,49.3,1
2026-01-12T10:13:52.636398,17.6,49.3,1
2026-01-12T10:13:54.891073,17.6,49.3,1
2026-01-12T10:13:57.145480,17.6,49.3,1
2026-01-12T10:13:59.399717,17.6,49.3,1
2026-01-12T10:14:01.654405,17.6,49.3,1
2026-01-12T10:14:03.908464,17.6,49.3,1
2026-01-12T10:14:06.163287,17.6,49.3,1
2026-01-12T10:14:08.417851,17.6,49.3,1
2026-01-12T10:14:10.672383,17.6,49.3,1
2026-01-12T10:14:12.927179,17.6,49.3,1
2026-01-12T10:14:15.181789,17.6,49.3,1
2026-01-12T10:14:17.436220,17.6,49.3,1
2026-01-12T10:14:19.691042,17.6,49.3,1
2026-01-12T10:14:21.945591,17.6,49.3,0
2026-01-12T10:14:24.199979,17.6,49.3,0
2026-01-12T10:14:26.454560,17.6,49.3,0
2026-01-12T10:14:28.708827,17.6,49.3,0
2026-01-12T10:14:30.963000,17.6,49.3,0
2026-01-12T10:14:33.217496,17.6,49.3,0
2026-01-12T10:14:35.472059,17.6,49.3,0
2026-01-12T10:14:37.726621,17.6,49.3,1
2026-01-12T10:14:39.981060,17.6,49.3,1
2026-01-12T10:14:42.235263,17.6,49.3,1
2026-01-12T10:14:44.489785,17.6,49.3,1
2026-01-12T10:14:46.744678,17.6,49.3,1
2026-01-12T10:14:48.998703,17.6,49.3,1
2026-01-12T10:14:51.253026,17.6,49.3,1
2026-01-12T10:14:53.507347,17.6,49.3,1
2026-01-12T10:14:55.762057,17.6,49.3,1
2026-01-12T10:14:58.016244,17.6,49.3,1
2026-01-12T10:15:00.271009,17.6,49.3,1
2026-01-12T10:15:02.525476,17.6,49.3,1
2026-01-12T10:15:04.779736,17.6,49.3,1
2026-01-12T10:15:07.034418,17.6,49.3,1
2026-01-12T10:15:09.288493,17.6,49.3,1
2026-01-12T10:15:11.543134,17.6,49.3,1
2026-01-12T10:15:13.797582,17.6,49.3,1
2026-01-12T10:15:16.052079,17.6,49.3,1
2026-01-12T10:15:18.306677,17.6,49.3,0
2026-01-12T10:15:20.561353,17.6,49.2,0
2026-01-12T10:15:22.816005,17.6,49.3,0
2026-01-12T10:15:25.070443,17.6,49.3,0
2026-01-12T10:15:27.325130,17.6,49.2,0
2026-01-12T10:15:29.579777,17.6,49.3,0
2026-01-12T10:15:31.834305,17.6,49.3,0
2026-01-12T10:15:34.088656,17.6,49.3,1
2026-01-12T10:15:36.343389,17.6,49.3,1
2026-01-12T10:15:38.597819,17.6,49.3,1
2026-01-12T10:15:40.852304,17.6,49.3,1
2026-01-12T10:15:43.106664,17.6,49.2,1
2026-01-12T10:15:45.360678,17.6,49.3,1
2026-01-12T10:15:47.615022,17.6,49.2,1
2026-01-12T10:15:49.871296,17.6,49.2,1
2026-01-12T10:15:52.125582,17.6,49.3,1
2026-01-12T10:15:54.379960,17.6,49.2,1
2026-01-12T10:15:56.634628,17.6,49.2,1
2026-01-12T10:15:58.888846,17.6,49.3,1
2026-01-12T10:16:01.143180,17.6,49.3,1
2026-01-12T10:16:03.397731,17.6,49.3,1
2026-01-12T10:16:05.651965,17.6,49.2,1
2026-01-12T10:16:07.906708,17.6,49.2,1
2026-01-12T10:16:10.160850,17.6,49.3,1
2026-01-12T10:16:12.415084,17.6,49.2,1
2026-01-12T10:16:14.669815,17.6,49.3,0
2026-01-12T10:16:16.924143,17.6,49.3,0
2026-01-12T10:16:19.178673,17.6,49.3,0
2026-01-12T10:16:21.433088,17.6,49.3,0
2026-01-12T10:16:23.687657,17.6,49.3,0
2026-01-12T10:16:25.942155,17.6,49.3,0
2026-01-12T10:16:28.196538,17.6,49.2,0
2026-01-12T10:16:30.451211,17.6,49.3,1
2026-01-12T10:16:32.705546,17.6,49.3,1
2026-01-12T10:16:34.960206,17.6,49.2,1
2026-01-12T10:16:37.214773,17.6,49.2,1
2026-01-12T10:16:39.469290,17.6,49.3,1
2026-01-12T10:16:41.723904,17.6,49.2,1
2026-01-12T10:16:43.978555,17.6,49.2,1
2026-01-12T10:16:46.232841,17.6,49.2,1
2026-01-12T10:16:48.487265,17.6,49.2,1
2026-01-12T10:16:50.743704,17.6,49.2,1
2026-01-12T10:16:52.998184,17.6,49.2,1
2026-01-12T10:16:55.252963,17.7,49.2,1
2026-01-12T10:16:57.507192,17.6,49.2,1
2026-01-12T10:16:59.761657,17.6,49.2,1
2026-01-12T10:17:02.016416,17.6,49.2,1
2026-01-12T10:17:04.271179,17.6,49.2,1
2026-01-12T10:17:06.525833,17.6,49.2,1
2026-01-12T10:17:08.780214,17.6,49.2,1
2026-01-12T10:17:11.034874,17.6,49.1,0
2026-01-12T10:17:13.289389,17.6,49.1,0
2026-01-12T10:17:15.544128,17.6,49.1,0
2026-01-12T10:17:17.798813,17.6,49.1,0
2026-01-12T10:17:20.053409,17.6,49.2,0
2026-01-12T10:17:22.308172,17.6,49.2,0
2026-01-12T10:17:24.562868,17.6,49.2,0
2026-01-12T10:17:26.817562,17.6,49.2,1
2026-01-12T10:17:29.072316,17.6,49.2,1
2026-01-12T10:17:31.326941,17.6,49.2,1
2026-01-12T10:17:33.581547,17.6,49.1,1
2026-01-12T10:17:35.836326,17.6,49.2,1
2026-01-12T10:17:38.091029,17.6,49.2,1
2026-01-12T10:17:40.345589,17.6,49.2,1
2026-01-12T10:17:42.600444,17.6,49.2,1
2026-01-12T10:17:44.855098,17.6,49.2,1
2026-01-12T10:17:47.109664,17.6,49.2,1
2026-01-12T10:17:49.364420,17.6,49.2,1
2026-01-12T10:17:51.619144,17.6,49.2,1
2026-01-12T10:17:53.873793,17.6,49.2,1
2026-01-12T10:17:56.128548,17.6,49.2,1
2026-01-12T10:17:58.383176,17.6,49.2,1
2026-01-12T10:18:00.637908,17.6,49.2,1
2026-01-12T10:18:02.892674,17.6,49.2,1
2026-01-12T10:18:05.147329,17.6,49.2,1
2026-01-12T10:18:07.401924,17.6,49.2,0
2026-01-12T10:18:09.656691,17.6,49.2,0
2026-01-12T10:18:11.911260,17.6,49.2,0
2026-01-12T10:18:14.165861,17.6,49.2,0
2026-01-12T10:18:16.420519,17.6,49.2,0
2026-01-12T10:18:18.675334,17.6,49.2,0
2026-01-12T10:18:20.929921,17.6,49.2,0
2026-01-12T10:18:23.184613,17.6,49.2,1
2026-01-12T10:18:25.439316,17.6,49.2,1
2026-01-12T10:18:27.693704,17.6,49.1,1
2026-01-12T10:18:29.948188,17.6,49.2,1
2026-01-12T10:18:32.202880,17.6,49.2,1
2026-01-12T10:18:34.457489,17.6,49.2,1
2026-01-12T10:18:36.712315,17.6,49.2,1
2026-01-12T10:18:38.967021,17.6,49.2,1
2026-01-12T10:18:41.221449,17.6,49.2,1
2026-01-12T10:18:43.476197,17.6,49.2,1
2026-01-12T10:18:45.730733,17.6,49.2,1
2026-01-12T10:18:47.984899,17.6,49.2,1
2026-01-12T10:18:50.239568,17.6,49.2,1
2026-01-12T10:18:52.494266,17.6,49.2,1
2026-01-12T10:18:54.748797,17.6,49.2,1
2026-01-12T10:18:57.003452,17.6,49.2,1
2026-01-12T10:18:59.260037,17.6,49.2,1
2026-01-12T10:19:01.514096,17.6,49.2,1
2026-01-12T10:19:03.768878,17.6,49.2,0
2026-01-12T10:19:06.023472,17.6,49.2,0
2026-01-12T10:19:08.278118,17.6,49.2,0
2026-01-12T10:19:10.532773,17.6,49.2,0
2026-01-12T10:19:12.787455,17.6,49.2,0
2026-01-12T10:19:15.042102,17.6,49.2,0
2026-01-12T10:19:17.296831,17.6,49.2,0
2026-01-12T10:19:19.551464,17.6,49.2,1
2026-01-12T10:19:21.806035,17.6,49.2,1
2026-01-12T10:19:24.060658,17.6,49.2,1
2026-01-12T10:19:26.315360,17.6,49.2,1
2026-01-12T10:19:28.569973,17.6,49.2,1
2026-01-12T10:19:30.824650,17.6,49.2,1
2026-01-12T10:19:33.078786,17.6,49.1,1
2026-01-12T10:19:35.333338,17.6,49.2,1
2026-01-12T10:19:37.588152,17.6,49.2,1
2026-01-12T10:19:39.842835,17.6,49.1,1
2026-01-12T10:19:42.097331,17.6,49.2,1
2026-01-12T10:19:44.352168,17.6,49.1,1
2026-01-12T10:19:46.608800,17.6,49.2,1
2026-01-12T10:19:48.944243,17.6,49.1,1
2026-01-12T10:19:51.279828,17.6,49.1,1
2026-01-12T10:19:53.615530,17.6,49.2,1
2026-01-12T10:19:55.950986,17.6,49.2,1
2026-01-12T10:19:58.286479,17.6,49.1,1
2026-01-12T10:20:00.541133,17.6,49.2,0
2026-01-12T10:20:02.795681,17.6,49.1,0
2026-01-12T10:20:05.050514,17.6,49.2,0
2026-01-12T10:20:07.305061,17.6,49.2,0
2026-01-12T10:20:09.559711,17.6,49.1,0
2026-01-12T10:20:11.814501,17.6,49.2,0
2026-01-12T10:20:14.068823,17.6,49.2,0
2026-01-12T10:20:16.323363,17.6,49.2,1
2026-01-12T10:20:18.578315,17.6,49.1,1
2026-01-12T10:20:20.832897,17.6,49.2,1
2026-01-12T10:20:23.087417,17.6,49.2,1
2026-01-12T10:20:25.342218,17.6,49.1,1
2026-01-12T10:20:27.596253,17.6,49.2,1
2026-01-12T10:20:29.850866,17.6,49.2,1
2026-01-12T10:20:32.105701,17.6,49.1,1
2026-01-12T10:20:34.360200,17.6,49.2,1
2026-01-12T10:20:36.614842,17.6,49.2,1
2026-01-12T10:20:38.869678,17.6,49.2,1
2026-01-12T10:20:41.124147,17.6,49.2,1
2026-01-12T10:20:43.378771,17.6,49.2,1
2026-01-12T10:20:45.633228,17.6,49.2,1
2026-01-12T10:20:47.887835,17.6,49.1,1
2026-01-12T10:20:50.142411,17.6,49.2,1
2026-01-12T10:20:52.397061,17.6,49.2,1
2026-01-12T10:20:54.651625,17.6,49.1,1
2026-01-12T10:20:56.906268,17.6,49.2,0
2026-01-12T10:20:59.160821,17.6,49.1,0
2026-01-12T10:21:01.415423,17.6,49.2,0
2026-01-12T10:21:03.670116,17.6,49.2,0
2026-01-12T10:21:05.924835,17.6,49.2,0
2026-01-12T10:21:08.179494,17.6,49.2,0
2026-01-12T10:21:10.434040,17.6,49.2,0
2026-01-12T10:21:12.688479,17.6,49.2,1
2026-01-12T10:21:14.943090,17.6,49.2,1
2026-01-12T10:21:17.197745,17.6,49.1,1
2026-01-12T10:21:19.452148,17.6,49.1,1
2026-01-12T10:21:21.706526,17.6,49.1,1
2026-01-12T10:21:23.961059,17.6,49.1,1
2026-01-12T10:21:26.215782,17.6,49.1,1
2026-01-12T10:21:28.470516,17.6,49.1,1
2026-01-12T10:21:30.725060,17.6,49.1,1
2026-01-12T10:21:32.979829,17.6,49.2,1
2026-01-12T10:21:35.234458,17.6,49.1,1
2026-01-12T10:21:37.488958,17.6,49.1,1
2026-01-12T10:21:39.743735,17.6,49.1,1
2026-01-12T10:21:41.998369,17.6,49.1,1
2026-01-12T10:21:44.252676,17.6,49.1,1
2026-01-12T10:21:46.507506,17.6,49.1,1
2026-01-12T10:21:48.761764,17.6,49.1,1
2026-01-12T10:21:51.016175,17.6,49.1,1
2026-01-12T10:21:53.270986,17.6,49.1,0
2026-01-12T10:21:55.525681,17.6,49.1,0
2026-01-12T10:21:57.780251,17.6,49.1,0
2026-01-12T10:22:00.035102,17.6,49.1,0
2026-01-12T10:22:02.289794,17.6,49.2,0
2026-01-12T10:22:04.544305,17.6,49.1,0
2026-01-12T10:22:06.799133,17.6,49.1,0
2026-01-12T10:22:09.053624,17.6,49.1,1
2026-01-12T10:22:11.308090,17.6,49.1,1
2026-01-12T10:22:13.563094,17.6,49.2,1
2026-01-12T10:22:15.817660,17.6,49.1,1
2026-01-12T10:22:18.072166,17.6,49.2,1
2026-01-12T10:22:20.326990,17.6,49.1,1
2026-01-12T10:22:22.581800,17.6,49.2,1
2026-01-12T10:22:24.836349,17.6,49.1,1
2026-01-12T10:22:27.091225,17.6,49.1,1
2026-01-12T10:22:29.345836,17.6,49.1,1
2026-01-12T10:22:31.600318,17.6,49.2,1
2026-01-12T10:22:33.855083,17.6,49.2,1
2026-01-12T10:22:36.109708,17.6,49.2,1
2026-01-12T10:22:38.364243,17.6,49.1,1
2026-01-12T10:22:40.619216,17.6,49.2,1
2026-01-12T10:22:42.873838,17.6,49.1,1
2026-01-12T10:22:45.128414,17.6,49.2,1
2026-01-12T10:22:47.383178,17.6,49.2,1
2026-01-12T10:22:49.637885,17.6,49.2,0
2026-01-12T10:22:51.892432,17.6,49.2,0
2026-01-12T10:22:54.147307,17.6,49.2,0
2026-01-12T10:22:56.401998,17.6,49.1,0
2026-01-12T10:22:58.656620,17.6,49.1,0
2026-01-12T10:23:00.911466,17.6,49.2,0
2026-01-12T10:23:03.166102,17.6,49.2,0
2026-01-12T10:23:05.420645,17.6,49.2,1
2026-01-12T10:23:07.675552,17.6,49.2,1
2026-01-12T10:23:09.930234,17.6,49.2,1
2026-01-12T10:23:12.184767,17.6,49.2,1
2026-01-12T10:23:14.439560,17.6,49.2,1
2026-01-12T10:23:16.694260,17.6,49.2,1
2026-01-12T10:23:18.948734,17.6,49.2,1
2026-01-12T10:23:21.203309,17.6,49.2,1
2026-01-12T10:23:23.457966,17.6,49.2,1
2026-01-12T10:23:25.712610,17.6,49.2,1
2026-01-12T10:23:27.967437,17.6,49.2,1
2026-01-12T10:23:30.221987,17.5,49.2,1
2026-01-12T10:23:32.476389,17.6,49.2,1
2026-01-12T10:23:34.731327,17.6,49.2,1
2026-01-12T10:23:36.985986,17.6,49.2,1
2026-01-12T10:23:39.240445,17.6,49.2,1
2026-01-12T10:23:41.495223,17.6,49.2,1
2026-01-12T10:23:43.749999,17.6,49.2,1
2026-01-12T10:23:46.004527,17.6,49.2,0
2026-01-12T10:23:48.259338,17.6,49.2,0
2026-01-12T10:23:50.516082,17.6,49.2,0
2026-01-12T10:23:52.770588,17.6,49.2,0
2026-01-12T10:23:55.025084,17.6,49.2,0
2026-01-12T10:23:57.279765,17.6,49.2,0
2026-01-12T10:23:59.534283,17.6,49.2,0
2026-01-12T10:24:01.789038,17.6,49.2,1
2026-01-12T10:24:04.043679,17.6,49.2,1
2026-01-12T10:24:06.298271,17.6,49.2,1
2026-01-12T10:24:08.553117,17.6,49.2,1
2026-01-12T10:24:10.807799,17.6,49.2,1
2026-01-12T10:24:13.062465,17.6,49.2,1
2026-01-12T10:24:15.317231,17.6,49.2,1
2026-01-12T10:24:17.571939,17.6,49.2,1
2026-01-12T10:24:19.826535,17.6,49.2,1
2026-01-12T10:24:22.081271,17.6,49.2,1
2026-01-12T10:24:24.335948,17.6,49.2,1
2026-01-12T10:24:26.590612,17.6,49.2,1
2026-01-12T10:24:28.845257,17.6,49.3,1
2026-01-12T10:24:31.099841,17.6,49.2,1
2026-01-12T10:24:33.354474,17.6,49.2,1
2026-01-12T10:24:35.609226,17.6,49.2,1
2026-01-12T10:24:37.863904,17.6,49.2,1
2026-01-12T10:24:40.118517,17.6,49.2,1
2026-01-12T10:24:42.373293,17.6,49.2,0
2026-01-12T10:24:44.627972,17.6,49.2,0
2026-01-12T10:24:46.882583,17.6,49.1,0
2026-01-12T10:24:49.137241,17.6,49.2,0
2026-01-12T10:24:51.391835,17.6,49.1,0
2026-01-12T10:24:53.646162,17.6,49.2,0
2026-01-12T10:24:55.900906,17.6,49.2,0
2026-01-12T10:24:58.155544,17.6,49.2,1
2026-01-12T10:25:00.410170,17.6,49.2,1
2026-01-12T10:25:02.664907,17.6,49.2,1
2026-01-12T10:25:04.919520,17.6,49.2,1
2026-01-12T10:25:07.174161,17.6,49.2,1
2026-01-12T10:25:09.428792,17.6,49.2,1
2026-01-12T10:25:11.683461,17.5,49.1,1
2026-01-12T10:25:13.938052,17.6,49.2,1
2026-01-12T10:25:16.192709,17.6,49.2,1
2026-01-12T10:25:18.447335,17.6,49.1,1
2026-01-12T10:25:20.702030,17.6,49.2,1
2026-01-12T10:25:22.956661,17.6,49.1,1
2026-01-12T10:25:25.211327,17.6,49.2,1
2026-01-12T10:25:27.465979,17.6,49.2,1
2026-01-12T10:25:29.720713,17.6,49.2,1
2026-01-12T10:25:31.975346,17.6,49.2,1
2026-01-12T10:25:34.229949,17.6,49.2,1
2026-01-12T10:25:36.484721,17.6,49.2,1
2026-01-12T10:25:38.739430,17.6,49.2,0
2026-01-12T10:25:40.993998,17.6,49.1,0
2026-01-12T10:25:43.248740,17.6,49.2,0
2026-01-12T10:25:45.503297,17.6,49.2,0
2026-01-12T10:25:47.757965,17.6,49.1,0
2026-01-12T10:25:50.012468,17.6,49.1,0
2026-01-12T10:25:52.267078,17.6,49.2,0
2026-01-12T10:25:54.521757,17.6,49.1,1
2026-01-12T10:25:56.776142,17.6,49.1,1
2026-01-12T10:25:59.030408,17.6,49.2,1
2026-01-12T10:26:01.284613,17.6,49.1,1
2026-01-12T10:26:03.539281,17.6,49.1,1
2026-01-12T10:26:05.861403,17.6,49.2,1
2026-01-12T10:26:08.115509,17.6,49.1,1
2026-01-12T10:26:10.370375,17.6,49.2,1
2026-01-12T10:26:12.625054,17.6,49.1,1
2026-01-12T10:26:14.879618,17.6,49.1,1
2026-01-12T10:26:17.134386,17.6,49.2,1
2026-01-12T10:26:19.388658,17.6,49.1,1
2026-01-12T10:26:21.643376,17.6,49.1,1
2026-01-12T10:26:23.898175,17.6,49.1,1
2026-01-12T10:26:26.152661,17.6,49.2,1
2026-01-12T10:26:28.407278,17.6,49.1,1
2026-01-12T10:26:30.661974,17.6,49.1,1
2026-01-12T10:26:32.916323,17.6,49.1,1
2026-01-12T10:26:35.170935,17.6,49.1,0
2026-01-12T10:26:37.425682,17.6,49.1,0
2026-01-12T10:26:39.680394,17.6,49.1,0
2026-01-12T10:26:41.935010,17.6,49.1,0
2026-01-12T10:26:44.189804,17.6,49.1,0
2026-01-12T10:26:46.444411,17.6,49.1,0
2026-01-12T10:26:48.699118,17.6,49.1,0
2026-01-12T10:26:50.953932,17.6,49.1,1
2026-01-12T10:26:53.208531,17.6,49.1,1
2026-01-12T10:26:55.463137,17.5,49.1,1
2026-01-12T10:26:57.718056,17.6,49.1,1
2026-01-12T10:26:59.972705,17.6,49.1,1
2026-01-12T10:27:02.227333,17.6,49.2,1
2026-01-12T10:27:04.481875,17.6,49.1,1
2026-01-12T10:27:06.736487,17.6,49.1,1
2026-01-12T10:27:08.991143,17.6,49.1,1
2026-01-12T10:27:11.245991,17.6,49.1,1
2026-01-12T10:27:13.500577,17.6,49.1,1
2026-01-12T10:27:15.755300,17.6,49.1,1
2026-01-12T10:27:18.010114,17.6,49.1,1
2026-01-12T10:27:20.264672,17.6,49.1,1
2026-01-12T10:27:22.520381,17.6,49.1,1
2026-01-12T10:27:24.775285,17.6,49.1,1
2026-01-12T10:27:27.029949,17.6,49.1,1
2026-01-12T10:27:29.284532,17.6,49.1,1
2026-01-12T10:27:31.539433,17.6,49.1,0
2026-01-12T10:27:33.794122,17.6,49.1,0
2026-01-12T10:27:36.048578,17.6,49.1,0
2026-01-12T10:27:38.303492,17.6,49.1,0
2026-01-12T10:27:40.558054,17.6,49.1,0
2026-01-12T10:27:42.821436,17.6,49.1,0
2026-01-12T10:27:45.076230,17.6,49.1,0
2026-01-12T10:27:47.330943,17.6,49.1,1
2026-01-12T10:27:49.585294,17.6,49.1,1
2026-01-12T10:27:51.840069,17.6,49.1,1
2026-01-12T10:27:54.094743,17.6,49.1,1
2026-01-12T10:27:56.349188,17.6,49.1,1
2026-01-12T10:27:58.603980,17.6,49.1,1
2026-01-12T10:28:00.858697,17.6,49.1,1
2026-01-12T10:28:03.113203,17.6,49.1,1
2026-01-12T10:28:05.367984,17.6,49.1,1
2026-01-12T10:28:07.622739,17.6,49.1,1
2026-01-12T10:28:09.877323,17.6,49.1,1
2026-01-12T10:28:12.132100,17.6,49.1,1
2026-01-12T10:28:14.386792,17.6,49.1,1
2026-01-12T10:28:16.640967,17.6,49.1,1
2026-01-12T10:28:18.895731,17.6,49.1,1
2026-01-12T10:28:21.150414,17.6,49.1,1
2026-01-12T10:28:23.404765,17.6,49.1,1
2026-01-12T10:28:25.659652,17.6,49.1,1
2026-01-12T10:28:27.915538,17.6,49.1,0
2026-01-12T10:28:30.170106,17.6,49.1,0
2026-01-12T10:28:32.424677,17.6,49.1,0
2026-01-12T10:28:34.679427,17.6,49.1,0
2026-01-12T10:28:36.934040,17.6,49.1,0
2026-01-12T10:28:39.188577,17.6,49.1,0
2026-01-12T10:28:41.443242,17.6,49.1,0
2026-01-12T10:28:43.697803,17.6,49.1,1
2026-01-12T10:28:45.952450,17.6,49.1,1
2026-01-12T10:28:48.207161,17.6,49.1,1
2026-01-12T10:28:50.461738,17.6,49.1,1
2026-01-12T10:28:52.716585,17.6,49.1,1
2026-01-12T10:28:54.971081,17.6,49.1,1
2026-01-12T10:28:57.225351,17.6,49.1,1
2026-01-12T10:28:59.480148,17.6,49.1,1
2026-01-12T10:29:01.734945,17.6,49.1,1
2026-01-12T10:29:03.989564,17.6,49.1,1
2026-01-12T10:29:06.244319,17.6,49.1,1
2026-01-12T10:29:08.499034,17.6,49.1,1
2026-01-12T10:29:10.753726,17.6,49.1,1
2026-01-12T10:29:13.008501,17.6,49.1,1
2026-01-12T10:29:15.263207,17.6,49.1,1
2026-01-12T10:29:17.517799,17.6,49.1,1
2026-01-12T10:29:19.772485,17.6,49.1,1
2026-01-12T10:29:22.027185,17.6,49.1,1
2026-01-12T10:29:24.281803,17.6,49.1,0
2026-01-12T10:29:26.536453,17.6,49.1,0
2026-01-12T10:29:28.790813,17.6,49.1,0
2026-01-12T10:29:31.045422,17.6,49.1,0
2026-01-12T10:29:33.300227,17.6,49.1,0
2026-01-12T10:29:35.555072,17.6,49.1,0
2026-01-12T10:29:37.809689,17.6,49.1,0
2026-01-12T10:29:40.064424,17.6,49.1,1
2026-01-12T10:29:42.319125,17.6,49.1,1
2026-01-12T10:29:44.573795,17.6,49.1,1
2026-01-12T10:29:46.828500,17.6,49.1,1
2026-01-12T10:29:49.083133,17.6,49.1,1
2026-01-12T10:29:51.337755,17.6,49.1,1
2026-01-12T10:29:53.592379,17.6,49.1,1
2026-01-12T10:29:55.846995,17.6,49.1,1
2026-01-12T10:29:58.101503,17.6,49.1,1
2026-01-12T10:30:00.356299,17.6,49.1,1
2026-01-12T10:30:02.611106,17.6,49.1,1
2026-01-12T10:30:04.865741,17.6,49.1,1
2026-01-12T10:30:07.120405,17.6,49.1,1
2026-01-12T10:30:09.374695,17.6,49.1,1
2026-01-12T10:30:11.629325,17.6,49.1,1
2026-01-12T10:30:13.884069,17.6,49.1,1
2026-01-12T10:30:16.138637,17.6,49.1,1
2026-01-12T10:30:18.392904,17.6,49.1,1
2026-01-12T10:30:20.647657,17.6,49.1,0
2026-01-12T10:30:22.902208,17.6,49.1,0
2026-01-12T10:30:25.156738,17.6,49.1,0
2026-01-12T10:30:27.411448,17.6,49.1,0
2026-01-12T10:30:29.666196,17.6,49.1,0
2026-01-12T10:30:31.920719,17.6,49.1,0
2026-01-12T10:30:34.175210,17.6,49.1,0
2026-01-12T10:30:36.429882,17.6,49.1,1
2026-01-12T10:30:38.684531,17.6,49.1,1
2026-01-12T10:30:40.938780,17.6,49.1,1
2026-01-12T10:30:43.193475,17.6,49.1,1
2026-01-12T10:30:45.448082,17.6,49.1,1
2026-01-12T10:30:47.702836,17.6,49.1,1
2026-01-12T10:30:49.957556,17.6,49.1,1
2026-01-12T10:30:52.212161,17.6,49.1,1
2026-01-12T10:30:54.467018,17.6,49.1,1
2026-01-12T10:30:56.721751,17.6,49.1,1
2026-01-12T10:30:58.976311,17.6,49.1,1
2026-01-12T10:31:01.231156,17.6,49.1,1
2026-01-12T10:31:03.485772,17.6,49.1,1
2026-01-12T10:31:05.740299,17.6,49.1,1
2026-01-12T10:31:07.995167,17.6,49.1,1
2026-01-12T10:31:10.249840,17.6,49.1,1
2026-01-12T10:31:12.504310,17.6,49.1,1
2026-01-12T10:31:14.759199,17.6,49.1,1
2026-01-12T10:31:17.013846,17.6,49.1,0
2026-01-12T10:31:19.268321,17.6,49.1,0
2026-01-12T10:31:21.523328,17.6,49.1,0
2026-01-12T10:31:23.778045,17.6,49.1,0
2026-01-12T10:31:26.032599,17.6,49.1,0
2026-01-12T10:31:28.287403,17.6,49.1,0
2026-01-12T10:31:30.542152,17.6,49.1,1
2026-01-12T10:31:32.796643,17.6,49.0,1
2026-01-12T10:31:35.051411,17.6,49.0,1
2026-01-12T10:31:37.305999,17.6,49.0,1
2026-01-12T10:31:39.560499,17.6,49.0,1
2026-01-12T10:31:41.815355,17.6,49.0,1
2026-01-12T10:31:44.069998,17.6,49.0,1
2026-01-12T10:31:46.324570,17.6,49.0,1
2026-01-12T10:31:48.579400,17.6,49.0,1
2026-01-12T10:31:50.834033,17.6,49.1,1
2026-01-12T10:31:53.088466,17.6,49.1,1
2026-01-12T10:31:55.343299,17.6,49.1,1
2026-01-12T10:31:57.598023,17.6,49.1,1
2026-01-12T10:31:59.852649,17.6,49.1,1
2026-01-12T10:32:02.107461,17.6,49.1,1
2026-01-12T10:32:04.362162,17.6,49.1,1
2026-01-12T10:32:06.616479,17.6,49.1,1
2026-01-12T10:32:08.871287,17.6,49.1,1
2026-01-12T10:32:11.125969,17.6,49.1,0
2026-01-12T10:32:13.380224,17.6,49.1,0
2026-01-12T10:32:15.635110,17.6,49.1,0
2026-01-12T10:32:17.889735,17.6,49.1,0
2026-01-12T10:32:20.144139,17.6,49.1,0
2026-01-12T10:32:22.398874,17.6,49.1,0
2026-01-12T10:32:24.653578,17.6,49.1,0
2026-01-12T10:32:26.908179,17.6,49.1,1
2026-01-12T10:32:29.163063,17.6,49.1,1
2026-01-12T10:32:31.417705,17.6,49.1,1
2026-01-12T10:32:33.672293,17.6,49.1,1
2026-01-12T10:32:35.927144,17.6,49.1,1
2026-01-12T10:32:38.181791,17.6,49.0,1
2026-01-12T10:32:40.436214,17.6,49.1,1
2026-01-12T10:32:42.691170,17.6,49.1,1
2026-01-12T10:32:44.945871,17.6,49.0,1
2026-01-12T10:32:47.200284,17.6,49.0,1
2026-01-12T10:32:49.455125,17.6,49.0,1
2026-01-12T10:32:51.709717,17.6,49.0,1
2026-01-12T10:32:53.964277,17.6,49.0,1
2026-01-12T10:32:56.219150,17.6,49.0,1
2026-01-12T10:32:58.473833,17.6,49.0,1
2026-01-12T10:33:00.728482,17.6,49.0,1
2026-01-12T10:33:02.983331,17.6,49.0,1
2026-01-12T10:33:05.237995,17.6,49.1,1
2026-01-12T10:33:07.492524,17.6,49.0,0
2026-01-12T10:33:09.747342,17.6,49.0,0
2026-01-12T10:33:12.002012,17.6,48.9,0
2026-01-12T10:33:14.256463,17.6,49.0,0
2026-01-12T10:33:16.511250,17.6,49.0,0
2026-01-12T10:33:18.765920,17.6,49.0,0
2026-01-12T10:33:21.020515,17.6,49.0,0
2026-01-12T10:33:23.275288,17.6,49.1,1
2026-01-12T10:33:25.530016,17.6,49.1,1
2026-01-12T10:33:27.784250,17.6,49.0,1
2026-01-12T10:33:30.039101,17.6,49.0,1
2026-01-12T10:33:32.293746,17.6,49.0,1
2026-01-12T10:33:34.548415,17.6,49.0,1
2026-01-12T10:33:36.803287,17.6,49.0,1
2026-01-12T10:33:39.057885,17.6,49.0,1
2026-01-12T10:33:41.312260,17.6,49.0,1
2026-01-12T10:33:43.567234,17.6,49.0,1
2026-01-12T10:33:45.821870,17.6,49.0,1
2026-01-12T10:33:48.076277,17.6,49.0,1
2026-01-12T10:33:50.331161,17.6,49.0,1
2026-01-12T10:33:52.585623,17.6,49.0,1
2026-01-12T10:33:54.840186,17.6,49.0,1
2026-01-12T10:33:57.094969,17.6,49.0,1
2026-01-12T10:33:59.351614,17.6,49.0,1
2026-01-12T10:34:01.606281,17.6,49.0,1
2026-01-12T10:34:03.860949,17.6,49.0,1
2026-01-12T10:34:06.115551,17.6,49.0,0
2026-01-12T10:34:08.370075,17.6,49.1,0
2026-01-12T10:34:10.624556,17.6,49.0,0
2026-01-12T10:34:12.879214,17.6,49.0,0
2026-01-12T10:34:15.133772,17.6,49.0,0
2026-01-12T10:34:17.388480,17.6,49.0,0
2026-01-12T10:34:19.643200,17.6,49.0,1
2026-01-12T10:34:21.897738,17.6,49.0,1
2026-01-12T10:34:24.152386,17.6,49.0,1
2026-01-12T10:34:26.407012,17.6,49.1,1
2026-01-12T10:34:28.661637,17.6,49.0,1
2026-01-12T10:34:30.916365,17.6,49.0,1
2026-01-12T10:34:33.172306,17.6,49.0,1
2026-01-12T10:34:35.426819,17.6,49.0,1
2026-01-12T10:34:37.681641,17.6,49.0,1
2026-01-12T10:34:39.936180,17.6,49.0,1
2026-01-12T10:34:42.190698,17.6,49.0,1
2026-01-12T10:34:44.445102,17.6,49.0,1
2026-01-12T10:34:46.699286,17.6,49.0,1
2026-01-12T10:34:48.953763,17.6,49.0,1
2026-01-12T10:34:51.208488,17.6,49.0,1
2026-01-12T10:34:53.463141,17.6,49.0,1
2026-01-12T10:34:55.717844,17.6,49.1,1
2026-01-12T10:34:57.972587,17.6,49.0,1
2026-01-12T10:35:00.227264,17.6,49.0,1
2026-01-12T10:35:02.481795,17.6,49.1,0
2026-01-12T10:35:04.736468,17.6,49.0,0
2026-01-12T10:35:06.991075,17.6,49.0,0
2026-01-12T10:35:09.245562,17.6,49.0,0
2026-01-12T10:35:11.500243,17.6,49.1,0
2026-01-12T10:35:13.754970,17.6,49.0,0
2026-01-12T10:35:16.009491,17.6,49.1,1
2026-01-12T10:35:18.264178,17.6,49.0,1
2026-01-12T10:35:20.519720,17.6,49.1,1
2026-01-12T10:35:22.783953,17.6,49.0,1
2026-01-12T10:35:25.038822,17.6,49.0,1
2026-01-12T10:35:27.293533,17.6,48.9,1
2026-01-12T10:35:29.548207,17.6,49.0,1
2026-01-12T10:35:31.803172,17.6,49.0,1
2026-01-12T10:35:34.057876,17.6,49.1,1
2026-01-12T10:35:36.312411,17.6,49.0,1
2026-01-12T10:35:38.567339,17.6,49.0,1
2026-01-12T10:35:40.822072,17.6,49.1,1
2026-01-12T10:35:43.076317,17.6,49.0,1
2026-01-12T10:35:45.331195,17.6,49.0,1
2026-01-12T10:35:47.585363,17.6,49.0,1
2026-01-12T10:35:49.839924,17.6,49.0,1
2026-01-12T10:35:52.094714,17.6,49.0,1
2026-01-12T10:35:54.349338,17.6,49.0,1
2026-01-12T10:35:56.603808,17.6,49.0,1
2026-01-12T10:35:58.858588,17.6,49.0,0
2026-01-12T10:36:01.112927,17.6,49.1,0
2026-01-12T10:36:03.367507,17.6,49.0,0
2026-01-12T10:36:05.622340,17.6,49.0,0
2026-01-12T10:36:07.876772,17.6,49.1,0
2026-01-12T10:36:10.131340,17.6,49.0,0
2026-01-12T10:36:12.386196,17.6,49.1,1
2026-01-12T10:36:14.640796,17.6,49.0,1
2026-01-12T10:36:16.895345,17.6,49.1,1
2026-01-12T10:36:19.150122,17.6,49.0,1
2026-01-12T10:36:21.404645,17.6,49.0,1
2026-01-12T10:36:23.659328,17.6,49.0,1
2026-01-12T10:36:25.914136,17.6,49.0,1
2026-01-12T10:36:28.168512,17.6,49.0,1
2026-01-12T10:36:30.423138,17.6,49.0,1
2026-01-12T10:36:32.677942,17.6,49.1,1
2026-01-12T10:36:34.932429,17.6,49.0,1
2026-01-12T10:36:37.187130,17.6,49.0,1
2026-01-12T10:36:39.441936,17.6,49.0,1
2026-01-12T10:36:41.696526,17.6,49.0,1
2026-01-12T10:36:43.951063,17.6,49.0,1
2026-01-12T10:36:46.205770,17.6,49.0,1
2026-01-12T10:36:48.460267,17.6,49.0,1
2026-01-12T10:36:50.714913,17.5,48.9,1
2026-01-12T10:36:52.969571,17.6,49.0,1
2026-01-12T10:36:55.224206,17.6,49.0,0
2026-01-12T10:36:57.478799,17.6,49.0,0
2026-01-12T10:36:59.733557,17.6,49.0,0
2026-01-12T10:37:01.988173,17.6,49.0,0
2026-01-12T10:37:04.242781,17.6,49.0,0
2026-01-12T10:37:06.497533,17.6,49.1,0
2026-01-12T10:37:08.752281,17.6,49.1,1
2026-01-12T10:37:11.006912,17.6,49.1,1
2026-01-12T10:37:13.261687,17.6,49.0,1
2026-01-12T10:37:15.517763,17.6,49.1,1
2026-01-12T10:37:17.772220,17.6,49.1,1
2026-01-12T10:37:20.027078,17.6,49.1,1
2026-01-12T10:37:22.283803,17.6,49.1,1
2026-01-12T10:37:24.538456,17.6,49.1,1
2026-01-12T10:37:26.793182,17.5,49.0,1
2026-01-12T10:37:29.047832,17.6,49.1,1
2026-01-12T10:37:31.302502,17.6,49.1,1
2026-01-12T10:37:33.557153,17.6,49.1,1
2026-01-12T10:37:35.811841,17.6,49.1,1
2026-01-12T10:37:38.066461,17.6,49.1,1
2026-01-12T10:37:40.321159,17.6,49.1,1
2026-01-12T10:37:42.575863,17.6,49.1,1
2026-01-12T10:37:44.830528,17.6,49.1,1
2026-01-12T10:37:47.085260,17.6,49.1,1
2026-01-12T10:37:49.339956,17.6,49.1,1
2026-01-12T10:37:51.594030,17.6,49.1,0
2026-01-12T10:37:53.848488,17.6,49.1,0
2026-01-12T10:37:56.103208,17.6,49.0,0
2026-01-12T10:37:58.357817,17.6,49.1,0
2026-01-12T10:38:00.612688,17.5,49.0,0
2026-01-12T10:38:02.867350,17.6,49.0,0
2026-01-12T10:38:05.121957,17.6,49.0,1
2026-01-12T10:38:07.376454,17.6,49.1,1
2026-01-12T10:38:09.631205,17.6,49.0,1
2026-01-12T10:38:11.885848,17.6,49.0,1
2026-01-12T10:38:14.140613,17.6,49.0,1
2026-01-12T10:38:16.395220,17.6,49.0,1
2026-01-12T10:38:18.649878,17.6,49.0,1
2026-01-12T10:38:20.904423,17.6,49.0,1
2026-01-12T10:38:23.159122,17.6,49.0,1
2026-01-12T10:38:25.413717,17.6,49.0,1
2026-01-12T10:38:27.668443,17.6,49.1,1
2026-01-12T10:38:29.923073,17.6,49.0,1
2026-01-12T10:38:32.177702,17.6,49.0,1
2026-01-12T10:38:34.432507,17.6,49.0,1
2026-01-12T10:38:36.687229,17.6,49.1,1
2026-01-12T10:38:38.941785,17.6,49.1,1
2026-01-12T10:38:41.196503,17.6,49.0,1
2026-01-12T10:38:43.451192,17.6,49.0,1
2026-01-12T10:38:45.705850,17.6,49.1,0
2026-01-12T10:38:47.960525,17.6,49.1,0
2026-01-12T10:38:50.215233,17.6,49.1,0
2026-01-12T10:38:52.469827,17.6,49.1,0
2026-01-12T10:38:54.724538,17.6,49.1,0
2026-01-12T10:38:56.979242,17.6,49.1,0
2026-01-12T10:38:59.233881,17.6,49.1,0
2026-01-12T10:39:01.488510,17.6,49.0,1
2026-01-12T10:39:03.743255,17.6,49.1,1
2026-01-12T10:39:05.997789,17.6,49.1,1
2026-01-12T10:39:08.252452,17.6,49.1,1
2026-01-12T10:39:10.507158,17.6,49.1,1
2026-01-12T10:39:12.761772,17.6,49.1,1
2026-01-12T10:39:15.016417,17.6,49.0,1
2026-01-12T10:39:17.270999,17.6,49.1,1
2026-01-12T10:39:19.525669,17.6,49.1,1
2026-01-12T10:39:21.780369,17.6,49.1,1
2026-01-12T10:39:24.035076,17.6,49.1,1
2026-01-12T10:39:26.289667,17.6,49.1,1
2026-01-12T10:39:28.544541,17.6,49.1,1
2026-01-12T10:39:30.799197,17.6,49.1,1
2026-01-12T10:39:33.053814,17.6,49.1,1
2026-01-12T10:39:35.308424,17.6,49.1,1
2026-01-12T10:39:37.563166,17.6,49.1,1
2026-01-12T10:39:39.817378,17.6,49.1,1
2026-01-12T10:39:42.072098,17.6,49.1,0
2026-01-12T10:39:44.326719,17.6,49.1,0
2026-01-12T10:39:46.581477,17.6,49.1,0
2026-01-12T10:39:48.836210,17.6,49.1,0
2026-01-12T10:39:51.090883,17.6,49.1,0
2026-01-12T10:39:53.345394,17.6,49.1,0
2026-01-12T10:39:55.600145,17.6,49.1,0
2026-01-12T10:39:57.854854,17.6,49.1,1
2026-01-12T10:40:00.109105,17.6,49.1,1
2026-01-12T10:40:02.363848,17.6,49.1,1
2026-01-12T10:40:04.618587,17.6,49.1,1
2026-01-12T10:40:06.873111,17.6,49.1,1
2026-01-12T10:40:09.127706,17.6,49.1,1
2026-01-12T10:40:11.382381,17.6,49.1,1
2026-01-12T10:40:13.636757,17.6,49.1,1
2026-01-12T10:40:15.891387,17.6,49.1,1
2026-01-12T10:40:18.145973,17.6,49.1,1
2026-01-12T10:40:20.400326,17.6,49.1,1
2026-01-12T10:40:22.655231,17.6,49.1,1
2026-01-12T10:40:24.909866,17.6,49.1,1
2026-01-12T10:40:27.164278,17.6,49.1,1
2026-01-12T10:40:29.419160,17.6,49.1,1
2026-01-12T10:40:31.673839,17.6,49.1,1
2026-01-12T10:40:33.928385,17.6,49.0,1
2026-01-12T10:40:36.183232,17.6,49.0,1
2026-01-12T10:40:38.439589,17.6,49.1,0
2026-01-12T10:40:40.694306,17.6,49.0,0
2026-01-12T10:40:42.949011,17.6,49.0,0
2026-01-12T10:40:45.203478,17.6,49.0,0
2026-01-12T10:40:47.458084,17.6,49.0,0
2026-01-12T10:40:49.712646,17.6,49.0,0
2026-01-12T10:40:51.967331,17.6,49.0,0
2026-01-12T10:40:54.221863,17.6,49.0,1
2026-01-12T10:40:56.476560,17.6,49.0,1
2026-01-12T10:40:58.731331,17.6,49.0,1
2026-01-12T10:41:00.985861,17.6,49.0,1
2026-01-12T10:41:03.240476,17.6,49.0,1
2026-01-12T10:41:05.495146,17.6,49.0,1
2026-01-12T10:41:07.749766,17.6,49.0,1
2026-01-12T10:41:10.004510,17.6,48.9,1
2026-01-12T10:41:12.259178,17.6,49.0,1
2026-01-12T10:41:14.513761,17.6,49.0,1
2026-01-12T10:41:16.768332,17.6,49.0,1
2026-01-12T10:41:19.022998,17.6,49.0,1
2026-01-12T10:41:21.277538,17.6,49.0,1
2026-01-12T10:41:23.532391,17.6,48.9,1
2026-01-12T10:41:25.789081,17.6,49.0,1
2026-01-12T10:41:28.043511,17.6,48.9,1
2026-01-12T10:41:30.298309,17.6,48.9,1
2026-01-12T10:41:32.552985,17.6,49.0,1
2026-01-12T10:41:34.807519,17.6,49.0,0
2026-01-12T10:41:37.062342,17.6,48.9,0
2026-01-12T10:41:39.316785,17.6,49.0,0
2026-01-12T10:41:41.571407,17.6,49.0,0
2026-01-12T10:41:43.826182,17.6,49.0,0
2026-01-12T10:41:46.080784,17.6,49.0,0
2026-01-12T10:41:48.335300,17.6,49.0,0
2026-01-12T10:41:50.590146,17.6,48.9,1
2026-01-12T10:41:52.844630,17.6,49.0,1
2026-01-12T10:41:55.099235,17.6,48.9,1
2026-01-12T10:41:57.353655,17.6,48.9,1
2026-01-12T10:41:59.608298,17.6,48.9,1
2026-01-12T10:42:01.862850,17.6,48.9,1
2026-01-12T10:42:04.117645,17.6,48.9,1
2026-01-12T10:42:06.372168,17.6,48.9,1
2026-01-12T10:42:08.626761,17.6,48.9,1
2026-01-12T10:42:10.881355,17.6,48.9,1
2026-01-12T10:42:13.135877,17.6,48.9,1
2026-01-12T10:42:15.390313,17.6,48.9,1
2026-01-12T10:42:17.645000,17.6,48.8,1
2026-01-12T10:42:19.899618,17.6,48.9,1
2026-01-12T10:42:22.154187,17.6,48.9,1
2026-01-12T10:42:24.408884,17.6,48.9,1
2026-01-12T10:42:26.663594,17.6,48.9,1
2026-01-12T10:42:28.918189,17.6,48.9,1
2026-01-12T10:42:31.172913,17.6,48.9,0
2026-01-12T10:42:33.427406,17.6,48.9,0
2026-01-12T10:42:35.681996,17.6,48.9,0
2026-01-12T10:42:37.936350,17.6,48.9,0
2026-01-12T10:42:40.191052,17.6,48.9,0
2026-01-12T10:42:42.445689,17.6,48.9,0
2026-01-12T10:42:44.700476,17.6,49.0,0
2026-01-12T10:42:46.954565,17.6,48.9,1
2026-01-12T10:42:49.208848,17.6,48.9,1
2026-01-12T10:42:51.463521,17.6,48.9,1
2026-01-12T10:42:53.718227,17.6,48.9,1
2026-01-12T10:42:55.972460,17.6,48.9,1
2026-01-12T10:42:58.227336,17.6,48.9,1
2026-01-12T10:43:00.481972,17.6,48.9,1
2026-01-12T10:43:02.736516,17.6,48.9,1
2026-01-12T10:43:04.991333,17.6,48.9,1
2026-01-12T10:43:07.245940,17.6,48.9,1
2026-01-12T10:43:09.500502,17.6,48.9,1
2026-01-12T10:43:11.755400,17.6,48.9,1
2026-01-12T10:43:14.010048,17.6,48.9,1
2026-01-12T10:43:16.264522,17.6,48.9,1
2026-01-12T10:43:18.519334,17.6,48.9,1
2026-01-12T10:43:20.774024,17.6,48.9,1
2026-01-12T10:43:23.028322,17.6,48.9,1
2026-01-12T10:43:25.283155,17.6,48.9,1
2026-01-12T10:43:27.537907,17.6,48.9,0
2026-01-12T10:43:29.792438,17.6,48.9,0
2026-01-12T10:43:32.047234,17.6,49.0,0
2026-01-12T10:43:34.301772,17.6,49.0,0
2026-01-12T10:43:36.556343,17.6,48.9,0
2026-01-12T10:43:38.811192,17.6,49.0,0
2026-01-12T10:43:41.065886,17.6,49.0,0
2026-01-12T10:43:43.320368,17.6,49.0,1
2026-01-12T10:43:45.575335,17.6,49.0,1
2026-01-12T10:43:47.830034,17.6,49.0,1
2026-01-12T10:43:50.084368,17.6,49.0,1
2026-01-12T10:43:52.339091,17.6,49.0,1
2026-01-12T10:43:54.593880,17.6,49.0,1
2026-01-12T10:43:56.848437,17.6,49.0,1
2026-01-12T10:43:59.103272,17.6,49.0,1
2026-01-12T10:44:01.357943,17.6,49.0,1
2026-01-12T10:44:03.612481,17.6,49.0,1
2026-01-12T10:44:05.866725,17.6,49.0,1
2026-01-12T10:44:08.123266,17.6,49.0,1
2026-01-12T10:44:10.377821,17.6,49.0,1
2026-01-12T10:44:12.632400,17.6,49.0,1
2026-01-12T10:44:14.888946,17.6,49.0,1
2026-01-12T10:44:17.143387,17.6,49.1,1
2026-01-12T10:44:19.398139,17.6,49.0,1
2026-01-12T10:44:21.652773,17.6,49.1,1
2026-01-12T10:44:23.907398,17.6,49.1,0
2026-01-12T10:44:26.162180,17.6,49.0,0
2026-01-12T10:44:28.416714,17.6,49.0,0
2026-01-12T10:44:30.671362,17.6,49.0,0
2026-01-12T10:44:32.926193,17.6,49.1,0
2026-01-12T10:44:35.180642,17.6,49.1,0
2026-01-12T10:44:37.435222,17.6,49.0,0
2026-01-12T10:44:39.690089,17.6,49.0,1
2026-01-12T10:44:41.944403,17.6,49.0,1
2026-01-12T10:44:44.199035,17.6,49.1,1
2026-01-12T10:44:46.453858,17.6,49.0,1
2026-01-12T10:44:48.708437,17.6,49.0,1
2026-01-12T10:44:50.963032,17.6,49.0,1
2026-01-12T10:44:53.217742,17.6,49.0,1
2026-01-12T10:44:55.472304,17.6,49.0,1
2026-01-12T10:44:57.726991,17.6,49.0,1
2026-01-12T10:44:59.981775,17.6,49.0,1
2026-01-12T10:45:02.236343,17.6,49.0,1
2026-01-12T10:45:04.490943,17.6,49.0,1
2026-01-12T10:45:06.745802,17.6,49.0,1
2026-01-12T10:45:09.000385,17.6,49.0,1
2026-01-12T10:45:11.255008,17.6,48.9,1
2026-01-12T10:45:13.509807,17.6,48.9,1
2026-01-12T10:45:15.764393,17.6,48.9,1
2026-01-12T10:45:18.019005,17.6,48.8,1
2026-01-12T10:45:20.273830,17.6,48.9,0
2026-01-12T10:45:22.528341,17.6,48.9,0
2026-01-12T10:45:24.782997,17.6,48.9,0
2026-01-12T10:45:27.037688,17.6,48.9,0
2026-01-12T10:45:29.292260,17.6,48.9,0
2026-01-12T10:45:31.546969,17.6,48.9,0
2026-01-12T10:45:33.801750,17.6,49.0,0
2026-01-12T10:45:36.056364,17.6,49.0,1
2026-01-12T10:45:38.310988,17.6,48.9,1
2026-01-12T10:45:40.565852,17.6,49.0,1
2026-01-12T10:45:42.820295,17.6,49.0,1
2026-01-12T10:45:45.074947,17.6,49.0,1
2026-01-12T10:45:47.329728,17.6,49.0,1
2026-01-12T10:45:49.584355,17.6,49.0,1
2026-01-12T10:45:51.838906,17.6,49.0,1
2026-01-12T10:45:54.093709,17.6,49.0,1
2026-01-12T10:45:56.348072,17.6,49.0,1
2026-01-12T10:45:58.602831,17.6,49.0,1
2026-01-12T10:46:00.857649,17.6,49.0,1
2026-01-12T10:46:03.113479,17.6,49.0,1
2026-01-12T10:46:05.368083,17.6,49.1,1
2026-01-12T10:46:07.623031,17.6,49.0,1
2026-01-12T10:46:09.877666,17.6,49.0,1
2026-01-12T10:46:12.132214,17.6,49.1,1
2026-01-12T10:46:14.386980,17.6,49.0,1
2026-01-12T10:46:16.641689,17.6,49.1,0
2026-01-12T10:46:18.896244,17.6,49.1,0
2026-01-12T10:46:21.151003,17.6,49.1,0
2026-01-12T10:46:23.405559,17.6,49.1,0
2026-01-12T10:46:25.660275,17.6,49.0,0
2026-01-12T10:46:27.915136,17.6,49.0,0
2026-01-12T10:46:30.169796,17.6,49.1,0
2026-01-12T10:46:32.424352,17.5,49.0,1
2026-01-12T10:46:34.679276,17.6,49.0,1
2026-01-12T10:46:36.933960,17.6,49.0,1
2026-01-12T10:46:39.188531,17.6,48.9,1
2026-01-12T10:46:41.443403,17.6,48.9,1
2026-01-12T10:46:43.698141,17.6,48.9,1
2026-01-12T10:46:45.952610,17.6,49.0,1
2026-01-12T10:46:48.207458,17.6,49.0,1
2026-01-12T10:46:50.463879,17.6,48.9,1
2026-01-12T10:46:52.718611,17.6,48.9,1
2026-01-12T10:46:54.973236,17.6,48.9,1
2026-01-12T10:46:57.227918,17.6,49.0,1
2026-01-12T10:46:59.482498,17.6,49.0,1
2026-01-12T10:47:01.737205,17.6,49.0,1
2026-01-12T10:47:03.991814,17.6,49.0,1
2026-01-12T10:47:06.246389,17.6,48.9,1
2026-01-12T10:47:08.500979,17.6,49.0,1
2026-01-12T10:47:10.755711,17.6,49.0,1
2026-01-12T10:47:13.010310,17.6,48.9,0
2026-01-12T10:47:15.265018,17.6,49.0,0
2026-01-12T10:47:17.519555,17.6,49.0,0
2026-01-12T10:47:19.774121,17.6,49.0,0
2026-01-12T10:47:22.028788,17.6,49.0,0
2026-01-12T10:47:24.283430,17.6,49.0,0
2026-01-12T10:47:26.537738,17.6,49.0,0
2026-01-12T10:47:28.792497,17.6,49.0,1
2026-01-12T10:47:31.047225,17.6,49.0,1
2026-01-12T10:47:33.301812,17.5,48.9,1
2026-01-12T10:47:35.556582,17.6,49.0,1
2026-01-12T10:47:37.811236,17.6,48.9,1
2026-01-12T10:47:40.065818,17.6,48.9,1
2026-01-12T10:47:42.320495,17.6,48.9,1
2026-01-12T10:47:44.575314,17.6,48.9,1
2026-01-12T10:47:46.829972,17.6,48.9,1
2026-01-12T10:47:49.084685,17.6,48.9,1
2026-01-12T10:47:51.339391,17.6,48.9,1
2026-01-12T10:47:53.594077,17.6,48.9,1
2026-01-12T10:47:55.848695,17.6,48.9,1
2026-01-12T10:47:58.103364,17.6,48.9,1
2026-01-12T10:48:00.357952,17.6,49.0,1
2026-01-12T10:48:02.612744,17.5,48.9,1
2026-01-12T10:48:04.867413,17.6,49.0,1
2026-01-12T10:48:07.122000,17.6,49.0,1
2026-01-12T10:48:09.376763,17.6,49.0,1
2026-01-12T10:48:11.631435,17.6,49.1,0
2026-01-12T10:48:13.886057,17.6,49.0,0
2026-01-12T10:48:16.140804,17.6,49.1,0
2026-01-12T10:48:18.395453,17.6,49.1,0
2026-01-12T10:48:20.650104,17.6,49.1,0
2026-01-12T10:48:22.904802,17.6,49.1,0
2026-01-12T10:48:25.159400,17.6,49.1,1
2026-01-12T10:48:27.414010,17.6,49.1,1
2026-01-12T10:48:29.668736,17.6,49.0,1
2026-01-12T10:48:31.923403,17.6,49.1,1
2026-01-12T10:48:34.177966,17.6,49.1,1
2026-01-12T10:48:36.432646,17.6,49.1,1
2026-01-12T10:48:38.687384,17.6,49.1,1
2026-01-12T10:48:40.941980,17.6,49.1,1
2026-01-12T10:48:43.196795,17.6,49.1,1
2026-01-12T10:48:45.451491,17.6,49.1,1
2026-01-12T10:48:47.706046,17.6,49.0,1
2026-01-12T10:48:49.960762,17.6,49.0,1
2026-01-12T10:48:52.215373,17.6,48.9,1
2026-01-12T10:48:54.469977,17.6,48.9,1
2026-01-12T10:48:56.724777,17.6,48.9,1
2026-01-12T10:48:58.979418,17.6,48.9,1
2026-01-12T10:49:01.234006,17.6,48.8,1
2026-01-12T10:49:03.488759,17.6,48.8,1
2026-01-12T10:49:05.743163,17.6,48.8,0
2026-01-12T10:49:07.997768,17.6,48.8,0
2026-01-12T10:49:10.252243,17.6,48.9,0
2026-01-12T10:49:12.507008,17.6,48.8,0
2026-01-12T10:49:14.761685,17.6,48.8,0
2026-01-12T10:49:17.016077,17.6,48.8,0
2026-01-12T10:49:19.270741,17.6,48.9,0
2026-01-12T10:49:21.525112,17.6,48.8,1
2026-01-12T10:49:23.779890,17.6,48.8,1
2026-01-12T10:49:26.034295,17.6,48.9,1
2026-01-12T10:49:28.288756,17.6,48.8,1
2026-01-12T10:49:30.543689,17.6,48.8,1
2026-01-12T10:49:32.797927,17.6,48.9,1
2026-01-12T10:49:35.052322,17.6,48.9,1
2026-01-12T10:49:37.307194,17.6,48.9,1
2026-01-12T10:49:39.561885,17.6,48.8,1
2026-01-12T10:49:41.816296,17.6,48.8,1
2026-01-12T10:49:44.071166,17.6,48.8,1
2026-01-12T10:49:46.325807,17.6,48.8,1
2026-01-12T10:49:48.580364,17.6,48.8,1
2026-01-12T10:49:50.835228,17.6,48.8,1
2026-01-12T10:49:53.089825,17.6,48.8,1
2026-01-12T10:49:55.343928,17.6,48.8,1
2026-01-12T10:49:57.598812,17.6,48.8,1
2026-01-12T10:49:59.853541,17.6,48.8,1
2026-01-12T10:50:02.108117,17.6,48.8,0
2026-01-12T10:50:04.362984,17.6,48.8,0
2026-01-12T10:50:06.617719,17.6,48.8,0
2026-01-12T10:50:08.872267,17.6,48.8,0
2026-01-12T10:50:11.127041,17.6,48.8,0
2026-01-12T10:50:13.381706,17.6,48.8,0
2026-01-12T10:50:15.636376,17.6,48.8,0
2026-01-12T10:50:17.891230,17.6,48.8,1
2026-01-12T10:50:20.145890,17.6,48.8,1
2026-01-12T10:50:22.400441,17.6,48.8,1
2026-01-12T10:50:24.655354,17.6,48.8,1
2026-01-12T10:50:26.910056,17.6,48.7,1
2026-01-12T10:50:29.164421,17.6,48.8,1
2026-01-12T10:50:31.419266,17.6,48.8,1
2026-01-12T10:50:33.673892,17.6,48.8,1
2026-01-12T10:50:35.927965,17.6,48.8,1
2026-01-12T10:50:38.182768,17.6,48.8,1
2026-01-12T10:50:40.437336,17.6,48.7,1
2026-01-12T10:50:42.692045,17.6,48.8,1
2026-01-12T10:50:44.946847,17.6,48.8,1
2026-01-12T10:50:47.201550,17.6,48.8,1
2026-01-12T10:50:49.456095,17.6,48.8,1
2026-01-12T10:50:51.711021,17.6,48.8,1
2026-01-12T10:50:53.965694,17.6,48.8,1
2026-01-12T10:50:56.220128,17.6,48.8,1
2026-01-12T10:50:58.475057,17.6,48.8,0
2026-01-12T10:51:00.729809,17.6,48.8,0
2026-01-12T10:51:02.984318,17.6,48.8,0
2026-01-12T10:51:05.239201,17.6,48.8,0
2026-01-12T10:51:07.493892,17.6,48.7,0
2026-01-12T10:51:09.748512,17.6,48.8,0
2026-01-12T10:51:12.003346,17.6,48.7,0
2026-01-12T10:51:14.258008,17.6,48.8,1
2026-01-12T10:51:16.512491,17.6,48.7,1
2026-01-12T10:51:18.767462,17.6,48.7,1
2026-01-12T10:51:21.022194,17.5,48.6,1
2026-01-12T10:51:23.276742,17.6,48.6,1
2026-01-12T10:51:25.531669,17.6,48.7,1
2026-01-12T10:51:27.786343,17.6,48.6,1
2026-01-12T10:51:30.040865,17.6,48.7,1
2026-01-12T10:51:32.295688,17.6,48.6,1
2026-01-12T10:51:34.550385,17.6,48.6,1
2026-01-12T10:51:36.804554,17.6,48.6,1
2026-01-12T10:51:39.059425,17.6,48.6,1
2026-01-12T10:51:41.314100,17.6,48.6,1
2026-01-12T10:51:43.568591,17.6,48.6,1
2026-01-12T10:51:45.823448,17.6,48.6,1
2026-01-12T10:51:48.078158,17.6,48.6,1
2026-01-12T10:51:50.332596,17.6,48.7,1
2026-01-12T10:51:52.588071,17.6,48.7,1
2026-01-12T10:51:54.842752,17.6,48.7,0
2026-01-12T10:51:57.097201,17.6,48.7,0
2026-01-12T10:51:59.351994,17.6,48.7,0
2026-01-12T10:52:01.606736,17.6,48.7,0
2026-01-12T10:52:03.861282,17.6,48.7,0
2026-01-12T10:52:06.116063,17.6,48.7,0
2026-01-12T10:52:08.370745,17.6,48.7,0
2026-01-12T10:52:10.625363,17.6,48.7,1
2026-01-12T10:52:12.880115,17.6,48.7,1
2026-01-12T10:52:15.134775,17.6,48.7,1
2026-01-12T10:52:17.389277,17.6,48.7,1
2026-01-12T10:52:19.644106,17.6,48.7,1
2026-01-12T10:52:21.898744,17.6,48.7,1
2026-01-12T10:52:24.153130,17.6,48.8,1
2026-01-12T10:52:26.407718,17.6,48.8,1
2026-01-12T10:52:28.662442,17.6,48.8,1
2026-01-12T10:52:30.916938,17.6,48.8,1
2026-01-12T10:52:33.171712,17.6,48.8,1
2026-01-12T10:52:35.426276,17.6,48.8,1
2026-01-12T10:52:37.680802,17.6,48.8,1
2026-01-12T10:52:39.935585,17.6,48.8,1
2026-01-12T10:52:42.190205,17.6,48.8,1
2026-01-12T10:52:44.444710,17.6,48.8,1
2026-01-12T10:52:46.699568,17.6,48.7,1
2026-01-12T10:52:48.954191,17.6,48.8,1
2026-01-12T10:52:51.208632,17.6,48.7,0
2026-01-12T10:52:53.463445,17.6,48.7,0
2026-01-12T10:52:55.718188,17.6,48.8,0
2026-01-12T10:52:57.972680,17.6,48.8,0
2026-01-12T10:53:00.227501,17.6,48.8,0
2026-01-12T10:53:02.482213,17.6,48.7,0
2026-01-12T10:53:04.736728,17.6,48.8,0
2026-01-12T10:53:06.991552,17.6,48.8,1
2026-01-12T10:53:09.248163,17.6,48.8,1
2026-01-12T10:53:11.502826,17.6,48.7,1
2026-01-12T10:53:13.757688,17.6,48.7,1
2026-01-12T10:53:16.012242,17.6,48.8,1
2026-01-12T10:53:18.266880,17.6,48.8,1
2026-01-12T10:53:20.521776,17.6,48.7,1
2026-01-12T10:53:22.776346,17.6,48.8,1
2026-01-12T10:53:25.031013,17.6,48.8,1
2026-01-12T10:53:27.285813,17.6,48.7,1
2026-01-12T10:53:29.540491,17.6,48.8,1
2026-01-12T10:53:31.795131,17.6,48.8,1
2026-01-12T10:53:34.049891,17.6,48.8,1
2026-01-12T10:53:36.304352,17.6,48.8,1
2026-01-12T10:53:38.559098,17.6,48.7,1
2026-01-12T10:53:40.814013,17.6,48.8,1
2026-01-12T10:53:43.068653,17.6,48.8,1
2026-01-12T10:53:45.323300,17.6,48.7,1
2026-01-12T10:53:47.578072,17.6,48.7,0
2026-01-12T10:53:49.832526,17.6,48.7,0
2026-01-12T10:53:52.087082,17.6,48.7,0
2026-01-12T10:53:54.341846,17.6,48.7,0
2026-01-12T10:53:56.596081,17.6,48.7,0
2026-01-12T10:53:58.850676,17.6,48.7,0
2026-01-12T10:54:01.105403,17.6,48.7,0
2026-01-12T10:54:03.360065,17.6,48.7,1
2026-01-12T10:54:05.614687,17.6,48.7,1
2026-01-12T10:54:07.869413,17.6,48.7,1
2026-01-12T10:54:10.123984,17.6,48.7,1
2026-01-12T10:54:12.378602,17.6,48.7,1
2026-01-12T10:54:14.633345,17.6,48.7,1
2026-01-12T10:54:16.887590,17.6,48.7,1
2026-01-12T10:54:19.142093,17.6,48.7,1
2026-01-12T10:54:21.396858,17.6,48.7,1
2026-01-12T10:54:23.651609,17.6,48.6,1
2026-01-12T10:54:25.906170,17.6,48.7,1
2026-01-12T10:54:28.161017,17.6,48.7,1
2026-01-12T10:54:30.415644,17.6,48.7,1
2026-01-12T10:54:32.670332,17.6,48.7,1
2026-01-12T10:54:34.924716,17.6,48.7,1
2026-01-12T10:54:37.179375,17.6,48.7,1
2026-01-12T10:54:39.433944,17.6,48.7,1
2026-01-12T10:54:41.688794,17.6,48.7,1
2026-01-12T10:54:43.943420,17.6,48.7,0
2026-01-12T10:54:46.197857,17.6,48.7,0
2026-01-12T10:54:48.452514,17.6,48.7,0
2026-01-12T10:54:50.707304,17.6,48.7,0
2026-01-12T10:54:52.961922,17.6,48.7,0
2026-01-12T10:54:55.216506,17.6,48.7,0
2026-01-12T10:54:57.471209,17.6,48.7,0
2026-01-12T10:54:59.725866,17.6,48.7,1
2026-01-12T10:55:01.980341,17.6,48.7,1
2026-01-12T10:55:04.235055,17.6,48.7,1
2026-01-12T10:55:06.489711,17.6,48.7,1
2026-01-12T10:55:08.744541,17.6,48.7,1
2026-01-12T10:55:10.999222,17.6,48.7,1
2026-01-12T10:55:13.253820,17.6,48.7,1
2026-01-12T10:55:15.508326,17.6,48.7,1
2026-01-12T10:55:17.763123,17.6,48.7,1
2026-01-12T10:55:20.017731,17.6,48.7,1
2026-01-12T10:55:22.272487,17.6,48.7,1
2026-01-12T10:55:24.526789,17.6,48.7,1
2026-01-12T10:55:26.781447,17.6,48.7,1
2026-01-12T10:55:29.036289,17.6,48.7,1
2026-01-12T10:55:31.290990,17.6,48.7,1
2026-01-12T10:55:33.545645,17.6,48.7,1
2026-01-12T10:55:35.800469,17.6,48.7,1
2026-01-12T10:55:38.055157,17.6,48.7,1
2026-01-12T10:55:40.309714,17.6,48.7,0
2026-01-12T10:55:42.564603,17.6,48.7,0
2026-01-12T10:55:44.819346,17.6,48.7,0
2026-01-12T10:55:47.073875,17.6,48.7,0
2026-01-12T10:55:49.328587,17.6,48.7,0
2026-01-12T10:55:51.582811,17.6,48.7,0
2026-01-12T10:55:53.837407,17.5,48.6,0
2026-01-12T10:55:56.092196,17.6,48.7,1
2026-01-12T10:55:58.346797,17.6,48.7,1
2026-01-12T10:56:00.600940,17.6,48.7,1
2026-01-12T10:56:02.855761,17.6,48.7,1
2026-01-12T10:56:05.110141,17.6,48.7,1
2026-01-12T10:56:07.364711,17.6,48.7,1
2026-01-12T10:56:09.619437,17.6,48.7,1
2026-01-12T10:56:11.874111,17.6,48.7,1
2026-01-12T10:56:14.128521,17.6,48.7,1
2026-01-12T10:56:16.383305,17.6,48.7,1
2026-01-12T10:56:18.638003,17.6,48.7,1
2026-01-12T10:56:20.892398,17.6,48.7,1
2026-01-12T10:56:23.147255,17.6,48.7,1
2026-01-12T10:56:25.401950,17.6,48.7,1
2026-01-12T10:56:27.656469,17.6,48.7,1
2026-01-12T10:56:29.911325,17.6,48.6,1
2026-01-12T10:56:32.165992,17.6,48.7,1
2026-01-12T10:56:34.420532,17.6,48.7,1
2026-01-12T10:56:36.675506,17.6,48.7,0
2026-01-12T10:56:38.930060,17.6,48.7,0
2026-01-12T10:56:41.184619,17.6,48.7,0
2026-01-12T10:56:43.439397,17.6,48.7,0
2026-01-12T10:56:45.694098,17.6,48.7,0
2026-01-12T10:56:47.948166,17.6,48.7,0
2026-01-12T10:56:50.202851,17.6,48.7,0
2026-01-12T10:56:52.457461,17.6,48.7,1
2026-01-12T10:56:54.712102,17.6,48.7,1
2026-01-12T10:56:56.966996,17.6,48.6,1
2026-01-12T10:56:59.221620,17.6,48.7,1
2026-01-12T10:57:01.476163,17.6,48.7,1
2026-01-12T10:57:03.731013,17.6,48.7,1
2026-01-12T10:57:05.985656,17.6,48.7,1
2026-01-12T10:57:08.240203,17.6,48.7,1
2026-01-12T10:57:10.495073,17.6,48.7,1
2026-01-12T10:57:12.749866,17.6,48.7,1
2026-01-12T10:57:15.003978,17.6,48.7,1
2026-01-12T10:57:17.258708,17.6,48.7,1
2026-01-12T10:57:19.513298,17.6,48.7,1
2026-01-12T10:57:21.767957,17.6,48.7,1
2026-01-12T10:57:24.022691,17.6,48.7,1
2026-01-12T10:57:26.277212,17.6,48.7,1
2026-01-12T10:57:28.531791,17.6,48.6,1
2026-01-12T10:57:30.786594,17.6,48.7,1
2026-01-12T10:57:33.041233,17.6,48.7,0
2026-01-12T10:57:35.295737,17.6,48.7,0
2026-01-12T10:57:37.550634,17.6,48.8,0
2026-01-12T10:57:39.805307,17.6,48.7,0
2026-01-12T10:57:42.059899,17.6,48.8,0
2026-01-12T10:57:44.314725,17.6,48.7,0
2026-01-12T10:57:46.569395,17.6,48.8,0
2026-01-12T10:57:48.823997,17.6,48.7,1
2026-01-12T10:57:51.078842,17.6,48.8,1
2026-01-12T10:57:53.333462,17.6,48.8,1
2026-01-12T10:57:55.587531,17.6,48.8,1
2026-01-12T10:57:57.842311,17.6,48.7,1
2026-01-12T10:58:00.099029,17.6,48.7,1
2026-01-12T10:58:02.353587,17.6,48.7,1
2026-01-12T10:58:04.608462,17.6,48.7,1
2026-01-12T10:58:06.863122,17.6,48.7,1
2026-01-12T10:58:09.117709,17.5,48.7,1
2026-01-12T10:58:11.372447,17.6,48.7,1
2026-01-12T10:58:13.627218,17.6,48.6,1
2026-01-12T10:58:15.881435,17.6,48.6,1
2026-01-12T10:58:18.136229,17.6,48.7,1
2026-01-12T10:58:20.390885,17.6,48.6,1
2026-01-12T10:58:22.645668,17.6,48.6,1
2026-01-12T10:58:24.900508,17.6,48.6,1
2026-01-12T10:58:27.155211,17.5,48.6,1
2026-01-12T10:58:29.409867,17.6,48.6,0
2026-01-12T10:58:31.664743,17.6,48.6,0
2026-01-12T10:58:33.919303,17.6,48.6,0
2026-01-12T10:58:36.173882,17.6,48.6,0
2026-01-12T10:58:38.428596,17.6,48.6,0
2026-01-12T10:58:40.683327,17.6,48.6,0
2026-01-12T10:58:42.937907,17.6,48.7,0
2026-01-12T10:58:45.192462,17.6,48.6,1
2026-01-12T10:58:47.447034,17.6,48.7,1
2026-01-12T10:58:49.701588,17.6,48.6,1
2026-01-12T10:58:51.956246,17.6,48.7,1
2026-01-12T10:58:54.210936,17.6,48.6,1
2026-01-12T10:58:56.465491,17.6,48.6,1
2026-01-12T10:58:58.720372,17.6,48.6,1
2026-01-12T10:59:00.975130,17.6,48.7,1
2026-01-12T10:59:03.229692,17.6,48.7,1
2026-01-12T10:59:05.484192,17.6,48.7,1
2026-01-12T10:59:07.738981,17.6,48.7,1
2026-01-12T10:59:09.993478,17.6,48.7,1
2026-01-12T10:59:12.248126,17.6,48.7,1
2026-01-12T10:59:14.502746,17.6,48.7,1
2026-01-12T10:59:16.757359,17.6,48.7,1
2026-01-12T10:59:19.011725,17.6,48.7,1
2026-01-12T10:59:21.266209,17.6,48.6,1
2026-01-12T10:59:23.521217,17.6,48.7,1
2026-01-12T10:59:25.775917,17.6,48.7,0
2026-01-12T10:59:28.030505,17.6,48.7,0
2026-01-12T10:59:30.284891,17.6,48.7,0
2026-01-12T10:59:32.539659,17.6,48.7,0
2026-01-12T10:59:34.793864,17.6,48.7,0
2026-01-12T10:59:37.048023,17.5,48.6,0
2026-01-12T10:59:39.302696,17.6,48.7,0
2026-01-12T10:59:41.557182,17.6,48.7,1
2026-01-12T10:59:43.811678,17.6,48.7,1
2026-01-12T10:59:46.066363,17.5,48.6,1
2026-01-12T10:59:48.320978,17.6,48.7,1
2026-01-12T10:59:50.575408,17.6,48.7,1
2026-01-12T10:59:52.830182,17.5,48.6,1
2026-01-12T10:59:55.084675,17.6,48.7,1
2026-01-12T10:59:57.339282,17.6,48.7,1
2026-01-12T10:59:59.593558,17.6,48.7,1
2026-01-12T11:00:01.848161,17.5,48.7,1
2026-01-12T11:00:04.102726,17.6,48.6,1
2026-01-12T11:00:06.357418,17.6,48.7,1
2026-01-12T11:00:08.612083,17.5,48.6,1
2026-01-12T11:00:10.866654,17.6,48.6,1
2026-01-12T11:00:13.121007,17.5,48.7,1
2026-01-12T11:00:15.375576,17.6,48.7,1
2026-01-12T11:00:17.630102,17.6,48.7,1
2026-01-12T11:00:19.884699,17.5,48.6,1
2026-01-12T11:00:22.139044,17.6,48.7,0
2026-01-12T11:00:24.393562,17.5,48.6,0
2026-01-12T11:00:26.648270,17.6,48.6,0
2026-01-12T11:00:28.902880,17.6,48.7,0
2026-01-12T11:00:31.157428,17.6,48.7,0
2026-01-12T11:00:33.412140,17.5,48.6,0
2026-01-12T11:00:35.666754,17.5,48.6,0
2026-01-12T11:00:37.921262,17.5,48.6,1
2026-01-12T11:00:40.176050,17.5,48.5,1
2026-01-12T11:00:42.430363,17.6,48.6,1
2026-01-12T11:00:44.684685,17.5,48.6,1
2026-01-12T11:00:46.939469,17.5,48.5,1
2026-01-12T11:00:49.194011,17.6,48.6,1
2026-01-12T11:00:51.448537,17.5,48.6,1
2026-01-12T11:00:53.703369,17.5,48.6,1
2026-01-12T11:00:55.957929,17.5,48.6,1
2026-01-12T11:00:58.212392,17.5,48.6,1
2026-01-12T11:01:00.467231,17.5,48.6,1
2026-01-12T11:01:02.721882,17.6,48.6,1
2026-01-12T11:01:04.976248,17.5,48.6,1
2026-01-12T11:01:07.230989,17.5,48.6,1
2026-01-12T11:01:09.485373,17.5,48.5,1
2026-01-12T11:01:11.739923,17.6,48.7,1
2026-01-12T11:01:13.994577,17.6,48.6,1
2026-01-12T11:01:16.249101,17.6,48.7,1
2026-01-12T11:01:18.503484,17.6,48.6,0
2026-01-12T11:01:20.757952,17.5,48.6,0
2026-01-12T11:01:23.012366,17.5,48.6,0
2026-01-12T11:01:25.266885,17.6,48.6,0
2026-01-12T11:01:27.521727,17.6,48.6,0
2026-01-12T11:01:29.776070,17.5,48.6,0
2026-01-12T11:01:32.030597,17.5,48.6,0
2026-01-12T11:01:34.284921,17.5,48.6,1
2026-01-12T11:01:36.539599,17.6,48.6,1
2026-01-12T11:01:38.794163,17.6,48.7,1
2026-01-12T11:01:41.048825,17.5,48.6,1
2026-01-12T11:01:43.303251,17.5,48.6,1
2026-01-12T11:01:45.557799,17.5,48.6,1
2026-01-12T11:01:47.812308,17.6,48.7,1
2026-01-12T11:01:50.066834,17.5,48.6,1
2026-01-12T11:01:52.321325,17.6,48.7,1
2026-01-12T11:01:54.576022,17.6,48.7,1
2026-01-12T11:01:56.830678,17.6,48.7,1
2026-01-12T11:01:59.085205,17.5,48.6,1
2026-01-12T11:02:01.339799,17.5,48.6,1
2026-01-12T11:02:03.593923,17.5,48.7,1
2026-01-12T11:02:05.848075,17.5,48.6,1
2026-01-12T11:02:08.102832,17.5,48.6,1
2026-01-12T11:02:10.357235,17.5,48.7,1
2026-01-12T11:02:12.611788,17.6,48.7,1
2026-01-12T11:02:14.866567,17.5,48.6,0
2026-01-12T11:02:17.120997,17.5,48.7,0
2026-01-12T11:02:19.375313,17.5,48.6,0
2026-01-12T11:02:21.630145,17.5,48.7,0
2026-01-12T11:02:23.884686,17.5,48.6,0
2026-01-12T11:02:26.139122,17.5,48.7,0
2026-01-12T11:02:28.393775,17.5,48.7,0
2026-01-12T11:02:30.648411,17.6,48.7,1
2026-01-12T11:02:32.902999,17.5,48.6,1
2026-01-12T11:02:35.157771,17.5,48.7,1
2026-01-12T11:02:37.412144,17.5,48.6,1
2026-01-12T11:02:39.666835,17.5,48.6,1
2026-01-12T11:02:41.921298,17.5,48.6,1
2026-01-12T11:02:44.175737,17.6,48.7,1
2026-01-12T11:02:46.430248,17.5,48.6,1
2026-01-12T11:02:48.685122,17.5,48.6,1
2026-01-12T11:02:50.939698,17.5,48.6,1
2026-01-12T11:02:53.194202,17.5,48.7,1
2026-01-12T11:02:55.448679,17.5,48.6,1
2026-01-12T11:02:57.703322,17.5,48.7,1
2026-01-12T11:02:59.957768,17.5,48.6,1
2026-01-12T11:03:02.212465,17.5,48.6,1
2026-01-12T11:03:04.467112,17.5,48.6,1
2026-01-12T11:03:06.721691,17.5,48.6,1
2026-01-12T11:03:08.976263,17.5,48.6,1
2026-01-12T11:03:11.230852,17.5,48.6,0
2026-01-12T11:03:13.485114,17.5,48.6,0
2026-01-12T11:03:15.739743,17.5,48.6,0
2026-01-12T11:03:17.994207,17.5,48.7,0
2026-01-12T11:03:20.248760,17.5,48.6,0
2026-01-12T11:03:22.503325,17.5,48.6,0
2026-01-12T11:03:24.757976,17.5,48.6,0
2026-01-12T11:03:27.012030,17.5,48.6,1
2026-01-12T11:03:29.266739,17.5,48.6,1
2026-01-12T11:03:31.523472,17.5,48.6,1
2026-01-12T11:03:33.777935,17.5,48.6,1
2026-01-12T11:03:36.032435,17.5,48.6,1
2026-01-12T11:03:38.287010,17.5,48.6,1
2026-01-12T11:03:40.541541,17.5,48.6,1
2026-01-12T11:03:42.796105,17.5,48.6,1
2026-01-12T11:03:45.050695,17.5,48.6,1
2026-01-12T11:03:47.305080,17.5,48.6,1
2026-01-12T11:03:49.559743,17.5,48.6,1
2026-01-12T11:03:51.814323,17.5,48.6,1
2026-01-12T11:03:54.068503,17.5,48.6,1
2026-01-12T11:03:56.323318,17.5,48.7,1
2026-01-12T11:03:58.577903,17.5,48.6,1
2026-01-12T11:04:00.832222,17.5,48.6,1
2026-01-12T11:04:03.087023,17.5,48.6,1
2026-01-12T11:04:05.341707,17.5,48.6,1
2026-01-12T11:04:07.595705,17.5,48.6,0
2026-01-12T11:04:09.850497,17.6,48.7,0
2026-01-12T11:04:12.104826,17.5,48.6,0
2026-01-12T11:04:14.359294,17.5,48.6,0
2026-01-12T11:04:16.613961,17.5,48.6,0
2026-01-12T11:04:18.868375,17.5,48.7,0
2026-01-12T11:04:21.122988,17.5,48.6,0
2026-01-12T11:04:23.377590,17.5,48.7,1
2026-01-12T11:04:25.634148,17.5,48.6,1
2026-01-12T11:04:27.888457,17.5,48.7,1
2026-01-12T11:04:30.143223,17.5,48.7,1
2026-01-12T11:04:32.397518,17.5,48.6,1
2026-01-12T11:04:34.651571,17.5,48.6,1
2026-01-12T11:04:36.906210,17.5,48.6,1
2026-01-12T11:04:39.160608,17.5,48.6,1
2026-01-12T11:04:41.415132,17.6,48.6,1
2026-01-12T11:04:43.669773,17.5,48.6,1
2026-01-12T11:04:45.924167,17.5,48.6,1
2026-01-12T11:04:48.178668,17.5,48.6,1
2026-01-12T11:04:50.433175,17.5,48.6,1
2026-01-12T11:04:52.687280,17.5,48.6,1
2026-01-12T11:04:54.941748,17.5,48.6,1
2026-01-12T11:04:57.196365,17.5,48.6,1
2026-01-12T11:04:59.450970,17.5,48.6,1
2026-01-12T11:05:01.705338,17.5,48.6,1
2026-01-12T11:05:03.959575,17.5,48.5,0
2026-01-12T11:05:06.214119,17.5,48.6,0
2026-01-12T11:05:08.468460,17.5,48.6,0
2026-01-12T11:05:10.723343,17.6,48.6,0
2026-01-12T11:05:12.977908,17.6,48.6,0
2026-01-12T11:05:15.232160,17.5,48.5,0
2026-01-12T11:05:17.486956,17.5,48.5,0
2026-01-12T11:05:19.741536,17.6,48.6,1
2026-01-12T11:05:21.995874,17.5,48.6,1
2026-01-12T11:05:24.250402,17.5,48.5,1
2026-01-12T11:05:26.505014,17.6,48.6,1
2026-01-12T11:05:28.759417,17.5,48.5,1
2026-01-12T11:05:31.014078,17.5,48.5,1
2026-01-12T11:05:33.268591,17.6,48.6,1
2026-01-12T11:05:35.523249,17.5,48.5,1
2026-01-12T11:05:37.777870,17.5,48.5,1
2026-01-12T11:05:40.032447,17.5,48.5,1
2026-01-12T11:05:42.287054,17.6,48.6,1
2026-01-12T11:05:44.541559,17.5,48.5,1
2026-01-12T11:05:46.795606,17.5,48.5,1
2026-01-12T11:05:49.050118,17.5,48.5,1
2026-01-12T11:05:51.304349,17.5,48.5,1
2026-01-12T11:05:53.559103,17.5,48.5,1
2026-01-12T11:05:55.813535,17.6,48.6,1
2026-01-12T11:05:58.068074,17.6,48.6,1
2026-01-12T11:06:00.322659,17.6,48.6,0
2026-01-12T11:06:02.576895,17.6,48.6,0
2026-01-12T11:06:04.831094,17.5,48.5,0
2026-01-12T11:06:07.085386,17.5,48.5,0
2026-01-12T11:06:09.339655,17.6,48.6,0
2026-01-12T11:06:11.593854,17.6,48.6,0
2026-01-12T11:06:13.848185,17.5,48.5,0
2026-01-12T11:06:16.102667,17.6,48.6,1
2026-01-12T11:06:18.357057,17.6,48.6,1
2026-01-12T11:06:20.611683,17.5,48.5,1
2026-01-12T11:06:22.866203,17.5,48.5,1
2026-01-12T11:06:25.120752,17.6,48.5,1
2026-01-12T11:06:27.374784,17.5,48.5,1
2026-01-12T11:06:29.629160,17.5,48.5,1
2026-01-12T11:06:31.883338,17.5,48.5,1
2026-01-12T11:06:34.137912,17.5,48.5,1
2026-01-12T11:06:36.392094,17.5,48.5,1
2026-01-12T11:06:38.646986,17.5,48.5,1
2026-01-12T11:06:40.901559,17.5,48.5,1
2026-01-12T11:06:43.155733,17.5,48.5,1
2026-01-12T11:06:45.410297,17.5,48.5,1
2026-01-12T11:06:47.664909,17.6,48.6,1
2026-01-12T11:06:49.918851,17.5,48.5,1
2026-01-12T11:06:52.173544,17.5,48.5,1
2026-01-12T11:06:54.427612,17.6,48.6,1
2026-01-12T11:06:56.681694,17.6,48.6,0
2026-01-12T11:06:58.936427,17.5,48.5,0
2026-01-12T11:07:01.191064,17.6,48.6,0
2026-01-12T11:07:03.445618,17.5,48.5,0
2026-01-12T11:07:05.700253,17.6,48.6,0
2026-01-12T11:07:07.954853,17.5,48.5,0
2026-01-12T11:07:10.209245,17.6,48.6,0
2026-01-12T11:07:12.463530,17.6,48.6,1
2026-01-12T11:07:14.718085,17.5,48.5,1
2026-01-12T11:07:16.972212,17.6,48.5,1
2026-01-12T11:07:19.227047,17.6,48.5,1
2026-01-12T11:07:21.481558,17.5,48.5,1
2026-01-12T11:07:23.735835,17.5,48.5,1
2026-01-12T11:07:25.990482,17.6,48.6,1
2026-01-12T11:07:28.245066,17.5,48.5,1
2026-01-12T11:07:30.499124,17.6,48.5,1
2026-01-12T11:07:32.753907,17.6,48.6,1
2026-01-12T11:07:35.007896,17.5,48.5,1
2026-01-12T11:07:37.262523,17.6,48.6,1
2026-01-12T11:07:39.516834,17.6,48.5,1
2026-01-12T11:07:41.771354,17.5,48.5,1
2026-01-12T11:07:44.025865,17.5,48.5,1
2026-01-12T11:07:46.280415,17.5,48.5,1
2026-01-12T11:07:48.536938,17.5,48.5,1
2026-01-12T11:07:50.791366,17.5,48.5,1
2026-01-12T11:07:53.045952,17.5,48.5,0
2026-01-12T11:07:55.300167,17.6,48.6,0
2026-01-12T11:07:57.554829,17.5,48.5,0
2026-01-12T11:07:59.809537,17.5,48.5,0
2026-01-12T11:08:02.063866,17.5,48.5,0
2026-01-12T11:08:04.318365,17.5,48.5,0
2026-01-12T11:08:06.572715,17.5,48.5,0
2026-01-12T11:08:08.827044,17.6,48.6,1
2026-01-12T11:08:11.081387,17.6,48.6,1
2026-01-12T11:08:13.335926,17.5,48.5,1
2026-01-12T11:08:15.589968,17.6,48.6,1
2026-01-12T11:08:17.844188,17.5,48.5,1
2026-01-12T11:08:20.098975,17.5,48.5,1
2026-01-12T11:08:22.353563,17.5,48.5,1
2026-01-12T11:08:24.607986,17.5,48.5,1
2026-01-12T11:08:26.862670,17.6,48.6,1
2026-01-12T11:08:29.116773,17.5,48.5,1
2026-01-12T11:08:31.371133,17.5,48.5,1
2026-01-12T11:08:33.625455,17.6,48.6,1
2026-01-12T11:08:35.879689,17.5,48.5,1
2026-01-12T11:08:38.134180,17.6,48.6,1
2026-01-12T11:08:40.388464,17.6,48.5,1
2026-01-12T11:08:42.643300,17.6,48.6,1
2026-01-12T11:08:44.897716,17.6,48.6,1
2026-01-12T11:08:47.152078,17.6,48.6,1
2026-01-12T11:08:49.406743,17.5,48.5,0
2026-01-12T11:08:51.661184,17.6,48.6,0
2026-01-12T11:08:53.915734,17.6,48.6,0
2026-01-12T11:08:56.170274,17.5,48.5,0
2026-01-12T11:08:58.424532,17.5,48.5,0
2026-01-12T11:09:00.679528,17.5,48.5,0
2026-01-12T11:09:02.934170,17.5,48.5,0
2026-01-12T11:09:05.188251,17.5,48.5,1
2026-01-12T11:09:07.443050,17.5,48.4,1
2026-01-12T11:09:09.697645,17.5,48.5,1
2026-01-12T11:09:11.952072,17.5,48.5,1
2026-01-12T11:09:14.206778,17.5,48.5,1
2026-01-12T11:09:16.461331,17.6,48.6,1
2026-01-12T11:09:18.715726,17.5,48.5,1
2026-01-12T11:09:20.970548,17.5,48.5,1
2026-01-12T11:09:23.224878,17.6,48.6,1
2026-01-12T11:09:25.479297,17.5,48.5,1
2026-01-12T11:09:27.734108,17.5,48.5,1
2026-01-12T11:09:29.988542,17.5,48.5,1
2026-01-12T11:09:32.243119,17.6,48.5,1
2026-01-12T11:09:34.497869,17.5,48.5,1
2026-01-12T11:09:36.752287,17.6,48.5,1
2026-01-12T11:09:39.006882,17.5,48.4,1
2026-01-12T11:09:41.261300,17.5,48.5,1
2026-01-12T11:09:43.515856,17.5,48.5,1
2026-01-12T11:09:45.769922,17.5,48.5,0
2026-01-12T11:09:48.024390,17.5,48.4,0
2026-01-12T11:09:50.279048,17.5,48.5,0
2026-01-12T11:09:52.533401,17.5,48.5,0
2026-01-12T11:09:54.787520,17.5,48.5,0
2026-01-12T11:09:57.041949,17.5,48.5,0
2026-01-12T11:09:59.295980,17.5,48.5,0
2026-01-12T11:10:01.550684,17.5,48.5,1
2026-01-12T11:10:03.804899,17.5,48.4,1
2026-01-12T11:10:06.059336,17.5,48.5,1
2026-01-12T11:10:08.313856,17.5,48.5,1
2026-01-12T11:10:10.568481,17.5,48.5,1
2026-01-12T11:10:12.823123,17.5,48.5,1
2026-01-12T11:10:15.077638,17.5,48.5,1
2026-01-12T11:10:17.331623,17.5,48.5,1
2026-01-12T11:10:19.585641,17.5,48.5,1
2026-01-12T11:10:21.839745,17.6,48.6,1
2026-01-12T11:10:24.094293,17.6,48.5,1
2026-01-12T11:10:26.348286,17.5,48.5,1
2026-01-12T11:10:28.602474,17.6,48.5,1
2026-01-12T11:10:30.856658,17.5,48.5,1
2026-01-12T11:10:33.111339,17.5,48.5,1
2026-01-12T11:10:35.365767,17.5,48.5,1
2026-01-12T11:10:37.620232,17.5,48.5,1
2026-01-12T11:10:39.874849,17.5,48.5,1
2026-01-12T11:10:42.129379,17.5,48.5,0
2026-01-12T11:10:44.383433,17.5,48.5,0
2026-01-12T11:10:46.637949,17.5,48.5,0
2026-01-12T11:10:48.892178,17.5,48.5,0
2026-01-12T11:10:51.146794,17.5,48.5,0
2026-01-12T11:10:53.401226,17.5,48.5,0
2026-01-12T11:10:55.655520,17.5,48.5,0
2026-01-12T11:10:57.909953,17.5,48.5,1
2026-01-12T11:11:00.164167,17.5,48.5,1
2026-01-12T11:11:02.418674,17.5,48.5,1
2026-01-12T11:11:04.754454,17.5,48.5,1
2026-01-12T11:11:07.056970,17.5,48.5,1
2026-01-12T11:11:09.311480,17.5,48.5,1
2026-01-12T11:11:11.566118,17.5,48.5,1
2026-01-12T11:11:13.820233,17.5,48.5,1
2026-01-12T11:11:16.075083,17.5,48.5,1
2026-01-12T11:11:18.329530,17.5,48.5,1
2026-01-12T11:11:20.583591,17.5,48.5,1
2026-01-12T11:11:22.838339,17.5,48.5,1
2026-01-12T11:11:25.092787,17.5,48.5,1
2026-01-12T11:11:27.346886,17.5,48.5,1
2026-01-12T11:11:29.601447,17.5,48.5,1
2026-01-12T11:11:31.857377,17.5,48.5,1
2026-01-12T11:11:34.111673,17.5,48.5,1
2026-01-12T11:11:36.366437,17.5,48.5,1
2026-01-12T11:11:38.621024,17.5,48.5,0
2026-01-12T11:11:40.875667,17.5,48.5,0
2026-01-12T11:11:43.130378,17.5,48.5,0
2026-01-12T11:11:45.384834,17.6,48.6,0
2026-01-12T11:11:47.639298,17.5,48.5,0
2026-01-12T11:11:49.893963,17.5,48.5,0
2026-01-12T11:11:52.148562,17.5,48.5,0
2026-01-12T11:11:54.403200,17.5,48.5,1
2026-01-12T11:11:56.658087,17.5,48.4,1
2026-01-12T11:11:58.912633,17.5,48.5,1
2026-01-12T11:12:01.167251,17.5,48.5,1
2026-01-12T11:12:03.422005,17.5,48.5,1
2026-01-12T11:12:05.676310,17.5,48.5,1
2026-01-12T11:12:07.930916,17.5,48.5,1
2026-01-12T11:12:10.185701,17.5,48.5,1
2026-01-12T11:12:12.440252,17.5,48.5,1
2026-01-12T11:12:14.694762,17.5,48.5,1
2026-01-12T11:12:16.949123,17.5,48.5,1
2026-01-12T11:12:19.203429,17.5,48.5,1
2026-01-12T11:12:21.457929,17.5,48.5,1
2026-01-12T11:12:23.712190,17.5,48.5,1
2026-01-12T11:12:25.966772,17.5,48.5,1
2026-01-12T11:12:28.220880,17.5,48.5,1
2026-01-12T11:12:30.475528,17.5,48.5,1
2026-01-12T11:12:32.730151,17.5,48.5,1
2026-01-12T11:12:34.984356,17.5,48.5,0
2026-01-12T11:12:37.239200,17.5,48.5,0
2026-01-12T11:12:39.493745,17.5,48.5,0
2026-01-12T11:12:41.748243,17.5,48.5,0
2026-01-12T11:12:44.002997,17.5,48.5,0
2026-01-12T11:12:46.257350,17.5,48.5,0
2026-01-12T11:12:48.511813,17.5,48.5,0
2026-01-12T11:12:50.766581,17.5,48.5,1
2026-01-12T11:12:53.021197,17.5,48.5,1
2026-01-12T11:12:55.275157,17.5,48.5,1
2026-01-12T11:12:57.529947,17.5,48.5,1
2026-01-12T11:12:59.784322,17.5,48.5,1
2026-01-12T11:13:02.038957,17.5,48.5,1
2026-01-12T11:13:04.293659,17.5,48.5,1
2026-01-12T11:13:06.548278,17.5,48.5,1
2026-01-12T11:13:08.802844,17.5,48.5,1
2026-01-12T11:13:11.057313,17.6,48.6,1
2026-01-12T11:13:13.311382,17.5,48.5,1
2026-01-12T11:13:15.565881,17.5,48.5,1
2026-01-12T11:13:17.820184,17.5,48.5,1
2026-01-12T11:13:20.074790,17.5,48.4,1
2026-01-12T11:13:22.328895,17.5,48.5,1
2026-01-12T11:13:24.583180,17.5,48.5,1
2026-01-12T11:13:26.837587,17.5,48.5,1
2026-01-12T11:13:29.091902,17.5,48.5,1
2026-01-12T11:13:31.346566,17.5,48.5,0
2026-01-12T11:13:33.600847,17.5,48.5,0
2026-01-12T11:13:35.855059,17.5,48.5,0
2026-01-12T11:13:38.109675,17.5,48.5,0
2026-01-12T11:13:40.366328,17.5,48.5,0
2026-01-12T11:13:42.620673,17.5,48.5,0
2026-01-12T11:13:44.874771,17.5,48.5,0
2026-01-12T11:13:47.129042,17.5,48.5,1
2026-01-12T11:13:49.383109,17.5,48.5,1
2026-01-12T11:13:51.637949,17.5,48.5,1
2026-01-12T11:13:53.892434,17.5,48.5,1
2026-01-12T11:13:56.147026,17.5,48.4,1
2026-01-12T11:13:58.401478,17.5,48.4,1
2026-01-12T11:14:00.656164,17.5,48.5,1
2026-01-12T11:14:02.910518,17.5,48.5,1
2026-01-12T11:14:05.164917,17.5,48.5,1
2026-01-12T11:14:07.419027,17.5,48.5,1
2026-01-12T11:14:09.673487,17.5,48.5,1
2026-01-12T11:14:11.927658,17.5,48.5,1
2026-01-12T11:14:14.182063,17.5,48.5,1
2026-01-12T11:14:16.436440,17.5,48.5,1
2026-01-12T11:14:18.691347,17.5,48.5,1
2026-01-12T11:14:20.945828,17.5,48.5,1
2026-01-12T11:14:23.200133,17.5,48.5,1
2026-01-12T11:14:25.454925,17.5,48.5,1
2026-01-12T11:14:27.709534,17.5,48.4,0
2026-01-12T11:14:29.963516,17.5,48.5,0
2026-01-12T11:14:32.218059,17.5,48.5,0
2026-01-12T11:14:34.472149,17.5,48.5,0
2026-01-12T11:14:36.726817,17.5,48.4,0
2026-01-12T11:14:38.981333,17.5,48.4,0
2026-01-12T11:14:41.235368,17.5,48.4,0
2026-01-12T11:14:43.489635,17.5,48.4,1
2026-01-12T11:14:45.744065,17.5,48.4,1
2026-01-12T11:14:47.998550,17.5,48.4,1
2026-01-12T11:14:50.252927,17.5,48.4,1
2026-01-12T11:14:52.507488,17.5,48.4,1
2026-01-12T11:14:54.762127,17.5,48.4,1
2026-01-12T11:14:57.016429,17.5,48.4,1
2026-01-12T11:14:59.271227,17.5,48.4,1
2026-01-12T11:15:01.525710,17.5,48.4,1
2026-01-12T11:15:03.780094,17.5,48.4,1
2026-01-12T11:15:06.034837,17.5,48.4,1
2026-01-12T11:15:08.289230,17.5,48.4,1
2026-01-12T11:15:10.543436,17.5,48.4,1
2026-01-12T11:15:12.798081,17.5,48.4,1
2026-01-12T11:15:15.052496,17.5,48.4,1
2026-01-12T11:15:17.307083,17.5,48.4,1
2026-01-12T11:15:19.561715,17.5,48.5,1
2026-01-12T11:15:21.816059,17.5,48.4,1
2026-01-12T11:15:24.070544,17.5,48.5,0
2026-01-12T11:15:26.324680,17.5,48.4,0
2026-01-12T11:15:28.578974,17.5,48.4,0
2026-01-12T11:15:30.833478,17.5,48.4,0
2026-01-12T11:15:33.087618,17.5,48.4,0
2026-01-12T11:15:35.342183,17.5,48.4,0
2026-01-12T11:15:37.596558,17.5,48.4,0
2026-01-12T11:15:39.851380,17.5,48.5,1
2026-01-12T11:15:42.105891,17.5,48.5,1
2026-01-12T11:15:44.359934,17.5,48.4,1
2026-01-12T11:15:46.614698,17.5,48.5,1
2026-01-12T11:15:48.868988,17.5,48.5,1
2026-01-12T11:15:51.123139,17.5,48.5,1
2026-01-12T11:15:53.377679,17.5,48.4,1
2026-01-12T11:15:55.631896,17.5,48.5,1
2026-01-12T11:15:57.886357,17.5,48.4,1
2026-01-12T11:16:00.140709,17.5,48.5,1
2026-01-12T11:16:02.394866,17.5,48.5,1
2026-01-12T11:16:04.649302,17.5,48.4,1
2026-01-12T11:16:06.903622,17.5,48.5,1
2026-01-12T11:16:09.158192,17.5,48.5,1
2026-01-12T11:16:11.412461,17.5,48.5,1
2026-01-12T11:16:13.667338,17.5,48.5,1
2026-01-12T11:16:15.921974,17.5,48.5,1
2026-01-12T11:16:18.176072,17.5,48.5,1
2026-01-12T11:16:20.430811,17.5,48.5,0
2026-01-12T11:16:22.685362,17.5,48.4,0
2026-01-12T11:16:24.939805,17.5,48.5,0
2026-01-12T11:16:27.194432,17.5,48.5,0
2026-01-12T11:16:29.448580,17.5,48.5,0
2026-01-12T11:16:31.703256,17.5,48.5,0
2026-01-12T11:16:33.957882,17.5,48.5,0
2026-01-12T11:16:36.211877,17.5,48.5,1
2026-01-12T11:16:38.466450,17.5,48.5,1
2026-01-12T11:16:40.720866,17.5,48.5,1
2026-01-12T11:16:42.975025,17.5,48.4,1
2026-01-12T11:16:45.229291,17.5,48.5,1
2026-01-12T11:16:47.483783,17.5,48.5,1
2026-01-12T11:16:49.738347,17.5,48.5,1
2026-01-12T11:16:51.992853,17.5,48.5,1
2026-01-12T11:16:54.247123,17.5,48.4,1
2026-01-12T11:16:56.501434,17.5,48.5,1
2026-01-12T11:16:58.755526,17.5,48.5,1
2026-01-12T11:17:01.010050,17.5,48.4,1
2026-01-12T11:17:03.264227,17.5,48.5,1
2026-01-12T11:17:05.518571,17.5,48.5,1
2026-01-12T11:17:07.772848,17.5,48.4,1
2026-01-12T11:17:10.027013,17.5,48.4,1
2026-01-12T11:17:12.281173,17.5,48.5,1
2026-01-12T11:17:14.535415,17.5,48.4,1
2026-01-12T11:17:16.789608,17.5,48.4,0
2026-01-12T11:17:19.043805,17.5,48.5,0
2026-01-12T11:17:21.298469,17.5,48.4,0
2026-01-12T11:17:23.552773,17.5,48.4,0
2026-01-12T11:17:25.806674,17.5,48.4,0
2026-01-12T11:17:28.061110,17.5,48.4,0
2026-01-12T11:17:30.315326,17.5,48.4,0
2026-01-12T11:17:32.569853,17.5,48.4,1
2026-01-12T11:17:34.824241,17.5,48.3,1
2026-01-12T11:17:37.078912,17.5,48.4,1
2026-01-12T11:17:39.333139,17.5,48.4,1
2026-01-12T11:17:41.587558,17.5,48.4,1
2026-01-12T11:17:43.842024,17.5,48.4,1
2026-01-12T11:17:46.096019,17.5,48.4,1
2026-01-12T11:17:48.350706,17.5,48.4,1
2026-01-12T11:17:50.604782,17.5,48.4,1
2026-01-12T11:17:52.858662,17.5,48.4,1
2026-01-12T11:17:55.112992,17.5,48.4,1
2026-01-12T11:17:57.367190,17.5,48.4,1
2026-01-12T11:17:59.621811,17.5,48.4,1
2026-01-12T11:18:01.876028,17.5,48.4,1
2026-01-12T11:18:04.130576,17.5,48.4,1
2026-01-12T11:18:06.384805,17.5,48.4,1
2026-01-12T11:18:08.639304,17.5,48.4,1
2026-01-12T11:18:10.893256,17.5,48.4,1
2026-01-12T11:18:13.147529,17.5,48.4,0
2026-01-12T11:18:15.402087,17.5,48.4,0
2026-01-12T11:18:17.656652,17.5,48.4,0
2026-01-12T11:18:19.911273,17.5,48.4,0
2026-01-12T11:18:22.165880,17.5,48.4,0
2026-01-12T11:18:24.420257,17.5,48.4,0
2026-01-12T11:18:26.674876,17.5,48.4,0
2026-01-12T11:18:28.929277,17.6,48.5,1
2026-01-12T11:18:31.183742,17.5,48.4,1
2026-01-12T11:18:33.438280,17.5,48.5,1
2026-01-12T11:18:35.692567,17.5,48.4,1
2026-01-12T11:18:37.948214,17.5,48.4,1
2026-01-12T11:18:40.202805,17.5,48.5,1
2026-01-12T11:18:42.457248,17.5,48.5,1
2026-01-12T11:18:44.711495,17.5,48.5,1
2026-01-12T11:18:46.965912,17.5,48.4,1
2026-01-12T11:18:49.220468,17.5,48.4,1
2026-01-12T11:18:51.475085,17.5,48.5,1
2026-01-12T11:18:53.729553,17.5,48.4,1
2026-01-12T11:18:55.983961,17.5,48.5,1
2026-01-12T11:18:58.238559,17.5,48.4,1
2026-01-12T11:19:00.492710,17.5,48.4,1
2026-01-12T11:19:02.747051,17.5,48.5,1
2026-01-12T11:19:05.001370,17.5,48.5,1
2026-01-12T11:19:07.255485,17.5,48.4,1
2026-01-12T11:19:09.510188,17.5,48.4,0
2026-01-12T11:19:11.764586,17.5,48.4,0
2026-01-12T11:19:14.019155,17.5,48.4,0
2026-01-12T11:19:16.273840,17.5,48.4,0
2026-01-12T11:19:18.528039,17.6,48.4,0
2026-01-12T11:19:20.782466,17.6,48.4,0
2026-01-12T11:19:23.036893,17.5,48.4,0
2026-01-12T11:19:25.291080,17.5,48.4,1
2026-01-12T11:19:27.545613,17.5,48.4,1
2026-01-12T11:19:29.799856,17.5,48.4,1
2026-01-12T11:19:32.054426,17.5,48.4,1
2026-01-12T11:19:34.308355,17.5,48.4,1
2026-01-12T11:19:36.563180,17.5,48.4,1
2026-01-12T11:19:38.817613,17.5,48.4,1
2026-01-12T11:19:41.071751,17.5,48.4,1
2026-01-12T11:19:43.326493,17.5,48.4,1
2026-01-12T11:19:45.581296,17.5,48.4,1
2026-01-12T11:19:47.835301,17.5,48.3,1
2026-01-12T11:19:50.089794,17.5,48.4,1
2026-01-12T11:19:52.343862,17.5,48.4,1
2026-01-12T11:19:54.598407,17.5,48.4,1
2026-01-12T11:19:56.852525,17.5,48.4,1
2026-01-12T11:19:59.107208,17.5,48.4,1
2026-01-12T11:20:01.361695,17.5,48.3,1
2026-01-12T11:20:03.615918,17.5,48.4,1
2026-01-12T11:20:05.870403,17.5,48.4,0
2026-01-12T11:20:08.124318,17.5,48.4,0
2026-01-12T11:20:10.379149,17.5,48.4,0
2026-01-12T11:20:12.635614,17.5,48.4,0
2026-01-12T11:20:14.890066,17.5,48.4,0
2026-01-12T11:20:17.144196,17.5,48.4,0
2026-01-12T11:20:19.398708,17.5,48.3,0
2026-01-12T11:20:21.652872,17.5,48.3,1
2026-01-12T11:20:23.907158,17.5,48.4,1
2026-01-12T11:20:26.161461,17.5,48.4,1
2026-01-12T11:20:28.415658,17.5,48.4,1
2026-01-12T11:20:30.670336,17.5,48.4,1
2026-01-12T11:20:32.924683,17.5,48.4,1
2026-01-12T11:20:35.179326,17.5,48.3,1
2026-01-12T11:20:37.434008,17.5,48.4,1
2026-01-12T11:20:39.688438,17.5,48.4,1
2026-01-12T11:20:41.942607,17.5,48.4,1
2026-01-12T11:20:44.197169,17.5,48.4,1
2026-01-12T11:20:46.451674,17.5,48.4,1
2026-01-12T11:20:48.706362,17.5,48.4,1
2026-01-12T11:20:50.961054,17.5,48.4,1
2026-01-12T11:20:53.215563,17.5,48.3,1
2026-01-12T11:20:55.470001,17.5,48.4,1
2026-01-12T11:20:57.724296,17.5,48.4,1
2026-01-12T11:20:59.978987,17.5,48.4,1
2026-01-12T11:21:02.233406,17.5,48.4,0
2026-01-12T11:21:04.488180,17.5,48.4,0
2026-01-12T11:21:06.742837,17.5,48.4,0
2026-01-12T11:21:08.997360,17.5,48.3,0
2026-01-12T11:21:11.251891,17.5,48.4,0
2026-01-12T11:21:13.506470,17.5,48.4,0
2026-01-12T11:21:15.760923,17.5,48.4,0
2026-01-12T11:21:18.015262,17.5,48.3,1
2026-01-12T11:21:20.269677,17.5,48.4,1
2026-01-12T11:21:22.524219,17.5,48.3,1
2026-01-12T11:21:24.778363,17.5,48.4,1
2026-01-12T11:21:27.032722,17.5,48.4,1
2026-01-12T11:21:29.287231,17.5,48.4,1
2026-01-12T11:21:31.541998,17.5,48.4,1
2026-01-12T11:21:33.796235,17.5,48.4,1
2026-01-12T11:21:36.050829,17.5,48.3,1
2026-01-12T11:21:38.305517,17.5,48.4,1
2026-01-12T11:21:40.560092,17.5,48.4,1
2026-01-12T11:21:42.814580,17.5,48.4,1
2026-01-12T11:21:45.068665,17.5,48.4,1
2026-01-12T11:21:47.323340,17.6,48.5,1
2026-01-12T11:21:49.577540,17.5,48.4,1
2026-01-12T11:21:51.832025,17.5,48.4,1
2026-01-12T11:21:54.086574,17.5,48.4,1
2026-01-12T11:21:56.340556,17.5,48.4,1
2026-01-12T11:21:58.595514,17.5,48.4,0
2026-01-12T11:22:00.849989,17.5,48.4,0
2026-01-12T11:22:03.104535,17.5,48.4,0
2026-01-12T11:22:05.359304,17.5,48.4,0
2026-01-12T11:22:07.613988,17.5,48.4,0
2026-01-12T11:22:09.868234,17.5,48.4,0
2026-01-12T11:22:12.123043,17.5,48.4,0
2026-01-12T11:22:14.377483,17.5,48.5,1
2026-01-12T11:22:16.632047,17.6,48.5,1
2026-01-12T11:22:18.886753,17.5,48.4,1
2026-01-12T11:22:21.141355,17.5,48.4,1
2026-01-12T11:22:23.395837,17.5,48.4,1
2026-01-12T11:22:25.650675,17.5,48.4,1
2026-01-12T11:22:27.905274,17.5,48.4,1
2026-01-12T11:22:30.159530,17.5,48.4,1
2026-01-12T11:22:32.414223,17.5,48.4,1
2026-01-12T11:22:34.668939,17.5,48.5,1
2026-01-12T11:22:36.923414,17.5,48.4,1
2026-01-12T11:22:39.178128,17.5,48.4,1
2026-01-12T11:22:41.432622,17.5,48.4,1
2026-01-12T11:22:43.687252,17.5,48.4,1
2026-01-12T11:22:45.941889,17.5,48.4,1
2026-01-12T11:22:48.196156,17.5,48.4,1
2026-01-12T11:22:50.450650,17.5,48.4,1
2026-01-12T11:22:52.704978,17.5,48.4,1
2026-01-12T11:22:54.959017,17.5,48.4,0
2026-01-12T11:22:57.213291,17.5,48.4,0
2026-01-12T11:22:59.467669,17.5,48.4,0
2026-01-12T11:23:01.723352,17.5,48.4,0
2026-01-12T11:23:03.977761,17.5,48.4,0
2026-01-12T11:23:06.231957,17.5,48.4,0
2026-01-12T11:23:08.486468,17.5,48.4,0
2026-01-12T11:23:10.740767,17.5,48.4,1
2026-01-12T11:23:12.994989,17.5,48.4,1
2026-01-12T11:23:15.249676,17.5,48.4,1
2026-01-12T11:23:17.508243,17.5,48.4,1
2026-01-12T11:23:19.762972,17.6,48.4,1
2026-01-12T11:23:22.017431,17.5,48.4,1
2026-01-12T11:23:24.271993,17.5,48.4,1
2026-01-12T11:23:26.527897,17.5,48.4,1
2026-01-12T11:23:28.782529,17.5,48.4,1
2026-01-12T11:23:31.037142,17.5,48.4,1
2026-01-12T11:23:33.291237,17.5,48.4,1
2026-01-12T11:23:35.545727,17.5,48.4,1
2026-01-12T11:23:37.800373,17.5,48.4,1
2026-01-12T11:23:40.055098,17.5,48.4,1
2026-01-12T11:23:42.309461,17.5,48.4,1
2026-01-12T11:23:44.564213,17.5,48.4,1
2026-01-12T11:23:46.818773,17.5,48.4,1
2026-01-12T11:23:49.073012,17.5,48.4,1
2026-01-12T11:23:51.327607,17.5,48.4,0
2026-01-12T11:23:53.582195,17.5,48.4,0
2026-01-12T11:23:55.836472,17.5,48.4,0
2026-01-12T11:23:58.091291,17.5,48.4,0
2026-01-12T11:24:00.345921,17.5,48.4,0
2026-01-12T11:24:02.600248,17.5,48.4,0
2026-01-12T11:24:04.855155,17.5,48.4,0
2026-01-12T11:24:07.109737,17.5,48.4,1
2026-01-12T11:24:09.364141,17.5,48.4,1
2026-01-12T11:24:11.619040,17.5,48.4,1
2026-01-12T11:24:13.873578,17.5,48.4,1
2026-01-12T11:24:16.127559,17.5,48.4,1
2026-01-12T11:24:18.382296,17.5,48.4,1
2026-01-12T11:24:20.636516,17.5,48.4,1
2026-01-12T11:24:22.891045,17.5,48.4,1
2026-01-12T11:24:25.145641,17.5,48.4,1
2026-01-12T11:24:27.399864,17.5,48.4,1
2026-01-12T11:24:29.654515,17.5,48.4,1
2026-01-12T11:24:31.908929,17.5,48.4,1
2026-01-12T11:24:34.163048,17.5,48.4,1
2026-01-12T11:24:36.417591,17.5,48.4,1
2026-01-12T11:24:38.672185,17.5,48.4,1
2026-01-12T11:24:40.926785,17.5,48.4,1
2026-01-12T11:24:43.180896,17.5,48.4,1
2026-01-12T11:24:45.435333,17.5,48.3,1
2026-01-12T11:24:47.690027,17.5,48.4,0
2026-01-12T11:24:49.944269,17.5,48.4,0
2026-01-12T11:24:52.199135,17.5,48.4,0
2026-01-12T11:24:54.453234,17.5,48.4,0
2026-01-12T11:24:56.707444,17.5,48.3,0
2026-01-12T11:24:58.962030,17.5,48.4,0
2026-01-12T11:25:01.216228,17.5,48.4,0
2026-01-12T11:25:03.470816,17.5,48.4,1
2026-01-12T11:25:05.725502,17.5,48.4,1
2026-01-12T11:25:07.980021,17.5,48.5,1
2026-01-12T11:25:10.234613,17.5,48.4,1
2026-01-12T11:25:12.489110,17.5,48.3,1
2026-01-12T11:25:14.743508,17.5,48.4,1
2026-01-12T11:25:16.998022,17.5,48.4,1
2026-01-12T11:25:19.252589,17.5,48.4,1
2026-01-12T11:25:21.507163,17.5,48.4,1
2026-01-12T11:25:23.761748,17.5,48.3,1
2026-01-12T11:25:26.016369,17.5,48.4,1
2026-01-12T11:25:28.271046,17.5,48.4,1
2026-01-12T11:25:30.525685,17.5,48.4,1
2026-01-12T11:25:32.780076,17.5,48.3,1
2026-01-12T11:25:35.034734,17.5,48.4,1
2026-01-12T11:25:37.288907,17.5,48.4,1
2026-01-12T11:25:39.543245,17.5,48.4,1
2026-01-12T11:25:41.797772,17.5,48.4,1
2026-01-12T11:25:44.052288,17.5,48.4,0
2026-01-12T11:25:46.307140,17.5,48.4,0
2026-01-12T11:25:48.561785,17.5,48.4,0
2026-01-12T11:25:50.815774,17.5,48.4,0
2026-01-12T11:25:53.070483,17.5,48.4,0
2026-01-12T11:25:55.324943,17.5,48.4,0
2026-01-12T11:25:57.579671,17.5,48.4,0
2026-01-12T11:25:59.834319,17.5,48.4,1
2026-01-12T11:26:02.088692,17.5,48.4,1
2026-01-12T11:26:04.343324,17.5,48.5,1
2026-01-12T11:26:06.598154,17.5,48.4,1
2026-01-12T11:26:08.854051,17.5,48.4,1
2026-01-12T11:26:11.108557,17.5,48.5,1
2026-01-12T11:26:13.363418,17.5,48.4,1
2026-01-12T11:26:15.618111,17.5,48.4,1
2026-01-12T11:26:17.872388,17.5,48.4,1
2026-01-12T11:26:20.127207,17.5,48.4,1
2026-01-12T11:26:22.381834,17.5,48.4,1
2026-01-12T11:26:24.636461,17.5,48.4,1
2026-01-12T11:26:26.891305,17.5,48.5,1
2026-01-12T11:26:29.145851,17.5,48.5,1
2026-01-12T11:26:31.400321,17.5,48.4,1
2026-01-12T11:26:33.655227,17.5,48.4,1
2026-01-12T11:26:35.910950,17.5,48.5,1
2026-01-12T11:26:38.165507,17.5,48.5,1
2026-01-12T11:26:40.420205,17.5,48.4,0
2026-01-12T11:26:42.674878,17.5,48.5,0
2026-01-12T11:26:44.929440,17.5,48.4,0
2026-01-12T11:26:47.184144,17.5,48.4,0
2026-01-12T11:26:49.438776,17.5,48.4,0
2026-01-12T11:26:51.693393,17.5,48.5,0
2026-01-12T11:26:53.948135,17.5,48.4,0
2026-01-12T11:26:56.202712,17.5,48.4,1
2026-01-12T11:26:58.457146,17.5,48.5,1
2026-01-12T11:27:00.711853,17.5,48.5,1
2026-01-12T11:27:02.966477,17.5,48.4,1
2026-01-12T11:27:05.220956,17.5,48.5,1
2026-01-12T11:27:07.475691,17.5,48.4,1
2026-01-12T11:27:09.730238,17.5,48.5,1
2026-01-12T11:27:11.984574,17.5,48.4,1
2026-01-12T11:27:14.239411,17.5,48.4,1
2026-01-12T11:27:16.493977,17.5,48.5,1
2026-01-12T11:27:18.748523,17.5,48.4,1
2026-01-12T11:27:21.003334,17.5,48.4,1
2026-01-12T11:27:23.257968,17.5,48.5,1
2026-01-12T11:27:25.512084,17.5,48.4,1
2026-01-12T11:27:27.766924,17.5,48.4,1
2026-01-12T11:27:30.021519,17.5,48.5,1
2026-01-12T11:27:32.275510,17.5,48.4,1
2026-01-12T11:27:34.530347,17.5,48.5,1
2026-01-12T11:27:36.784582,17.5,48.4,0
2026-01-12T11:27:39.039171,17.5,48.5,0
2026-01-12T11:27:41.293819,17.5,48.4,0
2026-01-12T11:27:43.548411,17.5,48.4,0
2026-01-12T11:27:45.803034,17.5,48.4,0
2026-01-12T11:27:48.057798,17.5,48.4,0
2026-01-12T11:27:50.312380,17.5,48.4,0
2026-01-12T11:27:52.567103,17.5,48.4,1
2026-01-12T11:27:54.821675,17.5,48.4,1
2026-01-12T11:27:57.076087,17.5,48.4,1
2026-01-12T11:27:59.330678,17.5,48.4,1
2026-01-12T11:28:01.585063,17.5,48.4,1
2026-01-12T11:28:03.839170,17.5,48.4,1
2026-01-12T11:28:06.093852,17.5,48.4,1
2026-01-12T11:28:08.348597,17.5,48.4,1
2026-01-12T11:28:10.603382,17.5,48.4,1
2026-01-12T11:28:12.857689,17.5,48.4,1
2026-01-12T11:28:15.112342,17.5,48.4,1
2026-01-12T11:28:17.367000,17.5,48.4,1
2026-01-12T11:28:19.621635,17.5,48.4,1
2026-01-12T11:28:21.876184,17.5,48.4,1
2026-01-12T11:28:24.130856,17.5,48.4,1
2026-01-12T11:28:26.385478,17.5,48.3,1
2026-01-12T11:28:28.639688,17.5,48.4,1
2026-01-12T11:28:30.894382,17.5,48.4,1
2026-01-12T11:28:33.148573,17.5,48.4,0
2026-01-12T11:28:35.403349,17.5,48.5,0
2026-01-12T11:28:37.657924,17.5,48.5,0
2026-01-12T11:28:39.912229,17.5,48.5,0
2026-01-12T11:28:42.167036,17.5,48.4,0
2026-01-12T11:28:44.421605,17.5,48.4,0
2026-01-12T11:28:46.675686,17.5,48.4,0
2026-01-12T11:28:48.930383,17.5,48.4,1
2026-01-12T11:28:51.184773,17.5,48.5,1
2026-01-12T11:28:53.439162,17.5,48.5,1
2026-01-12T11:28:55.694012,17.5,48.5,1
2026-01-12T11:28:57.948453,17.5,48.4,1
2026-01-12T11:29:00.203063,17.5,48.4,1
2026-01-12T11:29:02.457788,17.5,48.5,1
2026-01-12T11:29:04.712131,17.5,48.5,1
2026-01-12T11:29:06.966683,17.5,48.5,1
2026-01-12T11:29:09.221306,17.5,48.5,1
2026-01-12T11:29:11.475762,17.5,48.4,1
2026-01-12T11:29:13.730223,17.5,48.4,1
2026-01-12T11:29:15.984681,17.5,48.5,1
2026-01-12T11:29:18.238872,17.5,48.5,1
2026-01-12T11:29:20.493469,17.5,48.5,1
2026-01-12T11:29:22.747958,17.5,48.5,1
2026-01-12T11:29:25.002242,17.5,48.5,1
2026-01-12T11:29:27.256694,17.5,48.5,1
2026-01-12T11:29:29.511554,17.5,48.5,0
2026-01-12T11:29:31.766207,17.5,48.5,0
2026-01-12T11:29:34.020613,17.5,48.5,0
2026-01-12T11:29:36.275404,17.5,48.4,0
2026-01-12T11:29:38.529990,17.5,48.4,0
2026-01-12T11:29:40.784375,17.5,48.4,0
2026-01-12T11:29:43.039133,17.5,48.4,0
2026-01-12T11:29:45.293542,17.5,48.4,1
2026-01-12T11:29:47.547814,17.5,48.4,1
2026-01-12T11:29:49.802535,17.5,48.4,1
2026-01-12T11:29:52.056831,17.5,48.4,1
2026-01-12T11:29:54.310886,17.5,48.4,1
2026-01-12T11:29:56.565680,17.5,48.4,1
2026-01-12T11:29:58.819868,17.5,48.4,1
2026-01-12T11:30:01.074344,17.5,48.4,1
2026-01-12T11:30:03.328495,17.5,48.4,1
2026-01-12T11:30:05.583291,17.5,48.4,1
2026-01-12T11:30:07.837627,17.5,48.4,1
2026-01-12T11:30:10.092104,17.5,48.4,1
2026-01-12T11:30:12.346764,17.5,48.4,1
2026-01-12T11:30:14.601261,17.5,48.4,1
2026-01-12T11:30:16.855419,17.5,48.4,1
2026-01-12T11:30:19.109853,17.5,48.4,1
2026-01-12T11:30:21.363914,17.5,48.4,1
2026-01-12T11:30:23.618488,17.5,48.4,1
2026-01-12T11:30:25.872657,17.5,48.4,0
2026-01-12T11:30:28.127045,17.5,48.4,0
2026-01-12T11:30:30.381534,17.5,48.4,0
2026-01-12T11:30:32.635885,17.5,48.4,0
2026-01-12T11:30:34.890392,17.5,48.4,0
2026-01-12T11:30:37.144504,17.5,48.4,0
2026-01-12T11:30:39.399240,17.5,48.4,1
2026-01-12T11:30:41.653687,17.5,48.4,1
2026-01-12T11:30:43.907954,17.5,48.4,1
2026-01-12T11:30:46.162602,17.5,48.4,1
2026-01-12T11:30:48.416761,17.5,48.4,1
2026-01-12T11:30:50.671182,17.5,48.4,1
2026-01-12T11:30:52.925370,17.5,48.4,1
2026-01-12T11:30:55.179331,17.5,48.4,1
2026-01-12T11:30:57.433939,17.5,48.4,1
2026-01-12T11:30:59.688090,17.5,48.4,1
2026-01-12T11:31:01.942565,17.5,48.4,1
2026-01-12T11:31:04.196834,17.5,48.3,1
2026-01-12T11:31:06.450849,17.5,48.4,1
2026-01-12T11:31:08.705258,17.5,48.4,1
2026-01-12T11:31:10.959437,17.5,48.3,1
2026-01-12T11:31:13.213937,17.5,48.3,1
2026-01-12T11:31:15.467893,17.5,48.4,1
2026-01-12T11:31:17.722129,17.5,48.3,1
2026-01-12T11:31:19.976139,17.5,48.3,1
2026-01-12T11:31:22.230756,17.5,48.3,0
2026-01-12T11:31:24.484953,17.5,48.3,0
2026-01-12T11:31:26.739103,17.5,48.3,0
2026-01-12T11:31:28.993414,17.5,48.3,0
2026-01-12T11:31:31.247563,17.5,48.3,0
2026-01-12T11:31:33.501950,17.5,48.3,0
2026-01-12T11:31:35.755984,17.5,48.3,1
2026-01-12T11:31:38.010128,17.5,48.3,1
2026-01-12T11:31:40.264336,17.5,48.3,1
2026-01-12T11:31:42.518717,17.5,48.3,1
2026-01-12T11:31:44.773132,17.5,48.3,1
2026-01-12T11:31:47.027290,17.5,48.4,1
2026-01-12T11:31:49.281680,17.5,48.3,1
2026-01-12T11:31:51.536105,17.5,48.3,1
2026-01-12T11:31:53.790705,17.5,48.3,1
2026-01-12T11:31:56.044646,17.5,48.3,1
2026-01-12T11:31:58.299461,17.5,48.3,1
2026-01-12T11:32:00.554062,17.5,48.3,1
2026-01-12T11:32:02.808386,17.5,48.3,1
2026-01-12T11:32:05.063350,17.5,48.3,1
2026-01-12T11:32:07.317446,17.5,48.3,1
2026-01-12T11:32:09.571559,17.5,48.3,1
2026-01-12T11:32:11.826134,17.5,48.3,1
2026-01-12T11:32:14.080392,17.5,48.4,1
2026-01-12T11:32:16.334948,17.5,48.3,1
2026-01-12T11:32:18.589594,17.5,48.3,0
2026-01-12T11:32:20.843967,17.5,48.4,0
2026-01-12T11:32:23.098473,17.5,48.3,0
2026-01-12T11:32:25.352756,17.5,48.3,0
2026-01-12T11:32:27.607142,17.5,48.3,0
2026-01-12T11:32:29.861560,17.5,48.3,0
2026-01-12T11:32:32.116154,17.5,48.3,1
2026-01-12T11:32:34.370652,17.5,48.3,1
2026-01-12T11:32:36.624836,17.5,48.3,1
2026-01-12T11:32:38.879480,17.5,48.3,1
2026-01-12T11:32:41.134177,17.5,48.3,1
2026-01-12T11:32:43.388342,17.5,48.3,1
2026-01-12T11:32:45.643229,17.5,48.4,1
2026-01-12T11:32:47.897659,17.5,48.3,1
2026-01-12T11:32:50.151818,17.5,48.3,1
2026-01-12T11:32:52.406552,17.5,48.3,1
2026-01-12T11:32:54.661227,17.5,48.3,1
2026-01-12T11:32:56.915686,17.5,48.3,1
2026-01-12T11:32:59.170336,17.5,48.3,1
2026-01-12T11:33:01.424878,17.5,48.3,1
2026-01-12T11:33:03.679062,17.5,48.3,1
2026-01-12T11:33:05.933773,17.5,48.3,1
2026-01-12T11:33:08.187862,17.5,48.3,1
2026-01-12T11:33:10.442368,17.5,48.3,1
2026-01-12T11:33:12.697062,17.5,48.3,1
2026-01-12T11:33:14.951471,17.5,48.3,0
2026-01-12T11:33:17.205879,17.5,48.3,0
2026-01-12T11:33:19.460140,17.5,48.4,0
2026-01-12T11:33:21.714752,17.5,48.3,0
2026-01-12T11:33:23.969296,17.5,48.3,0
2026-01-12T11:33:26.224011,17.5,48.3,0
2026-01-12T11:33:28.478209,17.5,48.3,1
2026-01-12T11:33:30.732873,17.5,48.3,1
2026-01-12T11:33:32.987562,17.5,48.3,1
2026-01-12T11:33:35.241672,17.5,48.3,1
2026-01-12T11:33:37.496266,17.5,48.3,1
2026-01-12T11:33:39.751124,17.5,48.3,1
2026-01-12T11:33:42.005698,17.5,48.3,1
2026-01-12T11:33:44.260028,17.5,48.3,1
2026-01-12T11:33:46.514840,17.5,48.3,1
2026-01-12T11:33:48.769219,17.5,48.3,1
2026-01-12T11:33:51.023857,17.5,48.3,1
2026-01-12T11:33:53.278690,17.5,48.3,1
2026-01-12T11:33:55.533410,17.5,48.3,1
2026-01-12T11:33:57.787983,17.5,48.3,1
2026-01-12T11:34:00.042800,17.5,48.3,1
2026-01-12T11:34:02.297485,17.5,48.3,1
2026-01-12T11:34:04.552030,17.5,48.3,1
2026-01-12T11:34:06.806859,17.5,48.3,1
2026-01-12T11:34:09.061337,17.5,48.3,1
2026-01-12T11:34:11.316069,17.5,48.3,0
2026-01-12T11:34:13.571071,17.5,48.3,0
2026-01-12T11:34:15.825668,17.5,48.3,0
2026-01-12T11:34:18.079688,17.5,48.3,0
2026-01-12T11:34:20.334499,17.5,48.3,0
2026-01-12T11:34:22.589600,17.5,48.3,0
2026-01-12T11:34:24.845079,17.5,48.4,1
2026-01-12T11:34:27.099814,17.5,48.3,1
2026-01-12T11:34:29.354338,17.5,48.3,1
2026-01-12T11:34:31.608977,17.5,48.3,1
2026-01-12T11:34:33.863579,17.5,48.3,1
2026-01-12T11:34:36.118172,17.5,48.3,1
2026-01-12T11:34:38.372377,17.5,48.3,1
2026-01-12T11:34:40.627258,17.5,48.3,1
2026-01-12T11:34:42.881922,17.5,48.3,1
2026-01-12T11:34:45.136430,17.5,48.3,1
2026-01-12T11:34:47.391232,17.5,48.3,1
2026-01-12T11:34:49.645939,17.5,48.3,1
2026-01-12T11:34:51.900269,17.5,48.3,1
2026-01-12T11:34:54.155097,17.5,48.3,1
2026-01-12T11:34:56.409639,17.5,48.3,1
2026-01-12T11:34:58.663807,17.5,48.4,1
2026-01-12T11:35:00.918581,17.5,48.3,1
2026-01-12T11:35:03.173113,17.5,48.3,1
2026-01-12T11:35:05.427433,17.5,48.3,1
2026-01-12T11:35:07.682286,17.5,48.3,0
2026-01-12T11:35:09.936815,17.5,48.3,0
2026-01-12T11:35:12.191420,17.5,48.3,0
2026-01-12T11:35:14.446131,17.5,48.3,0
2026-01-12T11:35:16.700530,17.5,48.3,0
2026-01-12T11:35:18.955093,17.5,48.3,0
2026-01-12T11:35:21.209892,17.5,48.3,1
2026-01-12T11:35:23.464490,17.5,48.3,1
2026-01-12T11:35:25.719247,17.5,48.3,1
2026-01-12T11:35:27.973757,17.5,48.3,1
2026-01-12T11:35:30.228160,17.5,48.3,1
2026-01-12T11:35:32.482971,17.5,48.3,1
2026-01-12T11:35:34.737622,17.5,48.3,1
2026-01-12T11:35:36.991619,17.5,48.3,1
2026-01-12T11:35:39.246482,17.5,48.3,1
2026-01-12T11:35:41.501094,17.5,48.3,1
2026-01-12T11:35:43.755561,17.5,48.3,1
2026-01-12T11:35:46.010302,17.5,48.3,1
2026-01-12T11:35:48.264645,17.5,48.3,1
2026-01-12T11:35:50.520331,17.5,48.3,1
2026-01-12T11:35:52.785579,17.5,48.3,1
2026-01-12T11:35:55.039768,17.5,48.3,1
2026-01-12T11:35:57.294375,17.5,48.3,1
2026-01-12T11:35:59.549114,17.5,48.3,1
2026-01-12T11:36:01.803427,17.5,48.3,1
2026-01-12T11:36:04.057925,17.5,48.3,0
2026-01-12T11:36:06.312658,17.5,48.3,0
2026-01-12T11:36:08.567327,17.5,48.3,0
2026-01-12T11:36:10.821902,17.5,48.3,0
2026-01-12T11:36:13.076699,17.5,48.3,0
2026-01-12T11:36:15.331358,17.5,48.3,0
2026-01-12T11:36:17.586034,17.5,48.4,1
2026-01-12T11:36:19.840720,17.5,48.3,1
2026-01-12T11:36:22.095161,17.5,48.3,1
2026-01-12T11:36:24.349709,17.5,48.3,1
2026-01-12T11:36:26.604219,17.5,48.3,1
2026-01-12T11:36:28.860427,17.5,48.3,1
2026-01-12T11:36:31.115006,17.5,48.3,1
2026-01-12T11:36:33.369834,17.5,48.3,1
2026-01-12T11:36:35.623982,17.5,48.3,1
2026-01-12T11:36:37.878319,17.5,48.4,1
2026-01-12T11:36:40.132794,17.5,48.4,1
2026-01-12T11:36:42.387350,17.5,48.4,1
2026-01-12T11:36:44.641717,17.5,48.3,1
2026-01-12T11:36:46.896304,17.5,48.4,1
2026-01-12T11:36:49.150833,17.5,48.3,1
2026-01-12T11:36:51.405250,17.5,48.3,1
2026-01-12T11:36:53.659837,17.5,48.3,1
2026-01-12T11:36:55.914339,17.5,48.4,1
2026-01-12T11:36:58.168408,17.5,48.3,0
2026-01-12T11:37:00.423232,17.5,48.4,0
2026-01-12T11:37:02.679782,17.5,48.3,0
2026-01-12T11:37:04.934825,17.5,48.3,0
2026-01-12T11:37:07.270483,17.5,48.4,0
2026-01-12T11:37:09.549463,17.5,48.4,0
2026-01-12T11:37:11.803955,17.5,48.3,0
2026-01-12T11:37:14.058714,17.5,48.3,1
2026-01-12T11:37:16.315358,17.5,48.4,1
2026-01-12T11:37:18.569596,17.5,48.3,1
2026-01-12T11:37:20.824360,17.5,48.3,1
2026-01-12T11:37:23.079030,17.5,48.4,1
2026-01-12T11:37:25.333419,17.5,48.4,1
2026-01-12T11:37:27.587623,17.5,48.4,1
2026-01-12T11:37:29.842265,17.5,48.4,1
2026-01-12T11:37:32.096742,17.5,48.4,1
2026-01-12T11:37:34.351315,17.5,48.4,1
2026-01-12T11:37:36.606058,17.5,48.4,1
2026-01-12T11:37:38.860617,17.5,48.3,1
2026-01-12T11:37:41.115439,17.5,48.4,1
2026-01-12T11:37:43.370079,17.5,48.4,1
2026-01-12T11:37:45.624573,17.5,48.3,1
2026-01-12T11:37:47.879345,17.5,48.3,1
2026-01-12T11:37:50.133939,17.5,48.4,1
2026-01-12T11:37:52.388391,17.5,48.4,1
2026-01-12T11:37:54.643283,17.5,48.3,0
2026-01-12T11:37:56.897880,17.5,48.3,0
2026-01-12T11:37:59.152170,17.5,48.3,0
2026-01-12T11:38:01.406806,17.5,48.3,0
2026-01-12T11:38:03.661290,17.5,48.3,0
2026-01-12T11:38:05.915680,17.5,48.4,0
2026-01-12T11:38:08.170309,17.5,48.4,0
2026-01-12T11:38:10.424716,17.5,48.4,1
2026-01-12T11:38:12.679297,17.5,48.4,1
2026-01-12T11:38:14.933951,17.5,48.3,1
2026-01-12T11:38:17.188337,17.5,48.3,1
2026-01-12T11:38:19.442869,17.5,48.3,1
2026-01-12T11:38:21.697665,17.5,48.3,1
2026-01-12T11:38:23.952142,17.5,48.3,1
2026-01-12T11:38:26.206679,17.5,48.3,1
2026-01-12T11:38:28.461097,17.5,48.3,1
2026-01-12T11:38:30.715719,17.5,48.3,1
2026-01-12T11:38:32.969891,17.5,48.3,1
2026-01-12T11:38:35.224486,17.5,48.3,1
2026-01-12T11:38:37.478983,17.5,48.3,1
2026-01-12T11:38:39.733512,17.5,48.3,1
2026-01-12T11:38:41.987886,17.5,48.3,1
2026-01-12T11:38:44.242437,17.5,48.3,1
2026-01-12T11:38:46.496754,17.5,48.3,1
2026-01-12T11:38:48.751545,17.5,48.3,1
2026-01-12T11:38:51.005990,17.5,48.3,0
2026-01-12T11:38:53.260466,17.5,48.3,0
2026-01-12T11:38:55.515289,17.5,48.3,0
2026-01-12T11:38:57.769889,17.5,48.3,0
2026-01-12T11:39:00.024203,17.5,48.3,0
2026-01-12T11:39:02.279039,17.5,48.3,0
2026-01-12T11:39:04.533672,17.5,48.3,0
2026-01-12T11:39:06.788090,17.5,48.3,1
2026-01-12T11:39:09.042737,17.5,48.3,1
2026-01-12T11:39:11.297180,17.5,48.3,1
2026-01-12T11:39:13.551796,17.5,48.3,1
2026-01-12T11:39:15.806566,17.5,48.3,1
2026-01-12T11:39:18.060798,17.5,48.3,1
2026-01-12T11:39:20.315209,17.5,48.3,1
2026-01-12T11:39:22.569569,17.5,48.3,1
2026-01-12T11:39:24.824049,17.5,48.3,1
2026-01-12T11:39:27.078612,17.5,48.3,1
2026-01-12T11:39:29.333121,17.5,48.3,1
2026-01-12T11:39:31.587169,17.5,48.3,1
2026-01-12T11:39:33.841663,17.5,48.3,1
2026-01-12T11:39:36.096390,17.5,48.3,1
2026-01-12T11:39:38.351086,17.5,48.3,1
2026-01-12T11:39:40.605388,17.5,48.3,1
2026-01-12T11:39:42.860071,17.5,48.3,1
2026-01-12T11:39:45.114683,17.5,48.3,1
2026-01-12T11:39:47.368712,17.5,48.3,0
2026-01-12T11:39:49.623018,17.5,48.3,0
2026-01-12T11:39:51.877485,17.5,48.3,0
2026-01-12T11:39:54.131593,17.5,48.3,0
2026-01-12T11:39:56.386376,17.5,48.3,0
2026-01-12T11:39:58.640923,17.5,48.3,0
2026-01-12T11:40:00.895097,17.5,48.3,0
2026-01-12T11:40:03.149581,17.5,48.3,1
2026-01-12T11:40:05.404073,17.5,48.3,1
2026-01-12T11:40:07.658184,17.5,48.3,1
2026-01-12T11:40:09.912879,17.5,48.3,1
2026-01-12T11:40:12.167050,17.5,48.3,1
2026-01-12T11:40:14.421484,17.5,48.3,1
2026-01-12T11:40:16.676049,17.5,48.3,1
2026-01-12T11:40:18.930638,17.5,48.3,1
2026-01-12T11:40:21.184984,17.5,48.3,1
2026-01-12T11:40:23.439708,17.5,48.3,1
2026-01-12T11:40:25.694332,17.5,48.3,1
2026-01-12T11:40:27.948764,17.5,48.3,1
2026-01-12T11:40:30.203335,17.5,48.3,1
2026-01-12T11:40:32.457922,17.5,48.3,1
2026-01-12T11:40:34.712419,17.5,48.3,1
2026-01-12T11:40:36.967292,17.5,48.3,1
2026-01-12T11:40:39.221902,17.5,48.3,1
2026-01-12T11:40:41.476422,17.5,48.3,1
2026-01-12T11:40:43.731306,17.5,48.3,0
2026-01-12T11:40:45.985919,17.5,48.3,0
2026-01-12T11:40:48.240088,17.5,48.3,0
2026-01-12T11:40:50.494829,17.5,48.3,0
2026-01-12T11:40:52.749333,17.5,48.3,0
2026-01-12T11:40:55.003823,17.5,48.3,0
2026-01-12T11:40:57.258424,17.5,48.3,0
2026-01-12T11:40:59.512889,17.5,48.3,1
2026-01-12T11:41:01.767428,17.5,48.3,1
2026-01-12T11:41:04.022099,17.5,48.3,1
2026-01-12T11:41:06.276402,17.5,48.3,1
2026-01-12T11:41:08.531111,17.5,48.3,1
2026-01-12T11:41:10.785916,17.5,48.3,1
2026-01-12T11:41:13.040248,17.5,48.3,1
2026-01-12T11:41:15.294651,17.5,48.3,1
2026-01-12T11:41:17.549100,17.5,48.3,1
2026-01-12T11:41:19.803484,17.5,48.3,1
2026-01-12T11:41:22.058061,17.5,48.2,1
2026-01-12T11:41:24.312759,17.5,48.3,1
2026-01-12T11:41:26.567133,17.5,48.3,1
2026-01-12T11:41:28.821471,17.5,48.3,1
2026-01-12T11:41:31.076067,17.5,48.3,1
2026-01-12T11:41:33.330628,17.5,48.3,1
2026-01-12T11:41:35.584675,17.5,48.3,1
2026-01-12T11:41:37.839062,17.5,48.3,1
2026-01-12T11:41:40.093673,17.5,48.3,0
2026-01-12T11:41:42.348107,17.5,48.3,0
2026-01-12T11:41:44.602424,17.5,48.3,0
2026-01-12T11:41:46.856790,17.5,48.3,0
2026-01-12T11:41:49.111021,17.5,48.3,0
2026-01-12T11:41:51.365643,17.5,48.3,0
2026-01-12T11:41:53.620437,17.5,48.3,0
2026-01-12T11:41:55.875077,17.5,48.3,1
2026-01-12T11:41:58.129822,17.5,48.2,1
2026-01-12T11:42:00.383926,17.5,48.3,1
2026-01-12T11:42:02.638468,17.5,48.3,1
2026-01-12T11:42:04.893012,17.5,48.3,1
2026-01-12T11:42:07.146979,17.5,48.3,1
2026-01-12T11:42:09.401390,17.5,48.3,1
2026-01-12T11:42:11.656191,17.5,48.3,1
2026-01-12T11:42:13.910829,17.5,48.3,1
2026-01-12T11:42:16.165375,17.5,48.3,1
2026-01-12T11:42:18.420092,17.5,48.3,1
2026-01-12T11:42:20.674868,17.5,48.3,1
2026-01-12T11:42:22.929385,17.5,48.2,1
2026-01-12T11:42:25.184174,17.5,48.3,1
2026-01-12T11:42:27.438745,17.5,48.3,1
2026-01-12T11:42:29.693372,17.5,48.3,1
2026-01-12T11:42:31.948061,17.5,48.3,1
2026-01-12T11:42:34.202639,17.5,48.3,1
2026-01-12T11:42:36.457241,17.5,48.3,0
2026-01-12T11:42:38.712083,17.5,48.3,0
2026-01-12T11:42:40.967878,17.5,48.3,0
2026-01-12T11:42:43.222450,17.5,48.3,0
2026-01-12T11:42:45.477047,17.5,48.3,0
2026-01-12T11:42:47.731705,17.5,48.3,0
2026-01-12T11:42:49.986321,17.5,48.3,0
2026-01-12T11:42:52.240999,17.5,48.3,1
2026-01-12T11:42:54.495513,17.5,48.3,1
2026-01-12T11:42:56.750189,17.5,48.3,1
2026-01-12T11:42:59.004969,17.5,48.3,1
2026-01-12T11:43:01.259553,17.5,48.2,1
2026-01-12T11:43:03.514072,17.5,48.3,1
2026-01-12T11:43:05.768727,17.5,48.3,1
2026-01-12T11:43:08.023263,17.5,48.3,1
2026-01-12T11:43:10.277812,17.5,48.3,1
2026-01-12T11:43:12.532446,17.5,48.3,1
2026-01-12T11:43:14.787106,17.5,48.3,1
2026-01-12T11:43:17.041671,17.5,48.3,1
2026-01-12T11:43:19.296412,17.5,48.2,1
2026-01-12T11:43:21.551147,17.5,48.3,1
2026-01-12T11:43:23.805665,17.5,48.3,1
2026-01-12T11:43:26.060419,17.5,48.2,1
2026-01-12T11:43:28.316990,17.5,48.3,1
2026-01-12T11:43:30.571058,17.5,48.3,1
2026-01-12T11:43:32.825861,17.5,48.3,0
2026-01-12T11:43:35.080448,17.5,48.2,0
2026-01-12T11:43:37.335037,17.5,48.2,0
2026-01-12T11:43:39.589271,17.5,48.3,0
2026-01-12T11:43:41.843783,17.5,48.3,0
2026-01-12T11:43:44.098354,17.5,48.2,0
2026-01-12T11:43:46.353094,17.5,48.3,0
2026-01-12T11:43:48.607751,17.5,48.3,1
2026-01-12T11:43:50.862305,17.5,48.2,1
2026-01-12T11:43:53.116838,17.5,48.2,1
2026-01-12T11:43:55.371410,17.5,48.3,1
2026-01-12T11:43:57.625912,17.5,48.2,1
2026-01-12T11:43:59.880631,17.5,48.2,1
2026-01-12T11:44:02.135245,17.5,48.3,1
2026-01-12T11:44:04.389656,17.5,48.3,1
2026-01-12T11:44:06.644419,17.5,48.3,1
2026-01-12T11:44:08.899099,17.5,48.2,1
2026-01-12T11:44:11.153605,17.5,48.2,1
2026-01-12T11:44:13.408300,17.5,48.3,1
2026-01-12T11:44:15.663023,17.5,48.2,1
2026-01-12T11:44:17.917461,17.5,48.2,1
2026-01-12T11:44:20.172173,17.5,48.3,1
2026-01-12T11:44:22.426787,17.5,48.2,1
2026-01-12T11:44:24.681119,17.5,48.3,1
2026-01-12T11:44:26.935764,17.5,48.2,1
2026-01-12T11:44:29.190308,17.5,48.3,0
2026-01-12T11:44:31.444874,17.5,48.2,0
2026-01-12T11:44:33.699261,17.5,48.3,0
2026-01-12T11:44:35.953832,17.5,48.3,0
2026-01-12T11:44:38.208112,17.5,48.3,0
2026-01-12T11:44:40.462758,17.5,48.2,0
2026-01-12T11:44:42.717447,17.5,48.2,0
2026-01-12T11:44:44.971760,17.5,48.2,1
2026-01-12T11:44:47.226435,17.5,48.2,1
2026-01-12T11:44:49.481006,17.5,48.2,1
2026-01-12T11:44:51.735647,17.5,48.2,1
2026-01-12T11:44:53.990382,17.5,48.3,1
2026-01-12T11:44:56.244863,17.5,48.2,1
2026-01-12T11:44:58.499355,17.5,48.2,1
2026-01-12T11:45:00.754154,17.5,48.3,1
2026-01-12T11:45:03.010767,17.5,48.3,1
2026-01-12T11:45:05.265028,17.5,48.3,1
2026-01-12T11:45:07.520653,17.5,48.3,1
2026-01-12T11:45:09.856287,17.5,48.3,1
2026-01-12T11:45:12.191716,17.5,48.3,1
2026-01-12T11:45:14.481499,17.5,48.3,1
2026-01-12T11:45:16.735926,17.5,48.3,1
2026-01-12T11:45:18.990461,17.5,48.3,1
2026-01-12T11:45:21.244862,17.5,48.2,1
2026-01-12T11:45:23.499084,17.5,48.3,1
2026-01-12T11:45:25.753498,17.5,48.3,0
2026-01-12T11:45:28.008108,17.5,48.3,0
2026-01-12T11:45:30.262761,17.5,48.3,0
2026-01-12T11:45:32.518149,17.5,48.3,0
2026-01-12T11:45:34.772902,17.5,48.3,0
2026-01-12T11:45:37.027315,17.5,48.2,0
2026-01-12T11:45:39.281724,17.5,48.3,0
2026-01-12T11:45:41.536436,17.5,48.3,1
2026-01-12T11:45:43.791074,17.5,48.3,1
2026-01-12T11:45:46.045399,17.5,48.3,1
2026-01-12T11:45:48.300022,17.5,48.3,1
2026-01-12T11:45:50.554719,17.5,48.3,1
2026-01-12T11:45:52.809633,17.5,48.2,1
2026-01-12T11:45:55.064180,17.5,48.3,1
2026-01-12T11:45:57.318839,17.5,48.3,1
2026-01-12T11:45:59.573474,17.5,48.3,1
2026-01-12T11:46:01.828047,17.5,48.3,1
2026-01-12T11:46:04.082512,17.5,48.2,1
2026-01-12T11:46:06.336720,17.5,48.2,1
2026-01-12T11:46:08.591147,17.5,48.2,1
2026-01-12T11:46:10.845755,17.5,48.2,1
2026-01-12T11:46:13.100156,17.5,48.3,1
2026-01-12T11:46:15.354808,17.5,48.3,1
2026-01-12T11:46:17.609300,17.5,48.3,1
2026-01-12T11:46:19.863662,17.5,48.3,1
2026-01-12T11:46:22.118380,17.5,48.3,0
2026-01-12T11:46:24.372592,17.5,48.3,0
2026-01-12T11:46:26.627176,17.5,48.2,0
2026-01-12T11:46:28.881839,17.5,48.3,0
2026-01-12T11:46:31.136092,17.5,48.3,0
2026-01-12T11:46:33.390489,17.5,48.2,0
2026-01-12T11:46:35.644831,17.5,48.2,0
2026-01-12T11:46:37.899073,17.5,48.2,1
2026-01-12T11:46:40.153337,17.5,48.2,1
2026-01-12T11:46:42.407584,17.5,48.3,1
2026-01-12T11:46:44.662111,17.5,48.3,1
2026-01-12T11:46:46.916364,17.5,48.2,1
2026-01-12T11:46:49.171153,17.5,48.3,1
2026-01-12T11:46:51.425631,17.5,48.2,1
2026-01-12T11:46:53.680094,17.5,48.3,1
2026-01-12T11:46:55.934845,17.5,48.3,1
2026-01-12T11:46:58.189445,17.5,48.2,1
2026-01-12T11:47:00.443652,17.5,48.2,1
2026-01-12T11:47:02.698525,17.5,48.2,1
2026-01-12T11:47:04.953019,17.5,48.2,1
2026-01-12T11:47:07.207362,17.5,48.2,1
2026-01-12T11:47:09.461903,17.5,48.2,1
2026-01-12T11:47:11.716280,17.5,48.2,1
2026-01-12T11:47:13.970760,17.5,48.2,1
2026-01-12T11:47:16.225473,17.5,48.2,1
2026-01-12T11:47:18.483195,17.5,48.2,0
2026-01-12T11:47:20.739296,17.5,48.2,0
2026-01-12T11:47:23.074996,17.5,48.2,0
2026-01-12T11:47:25.405551,17.5,48.2,0
2026-01-12T11:47:27.659582,17.5,48.3,0
2026-01-12T11:47:29.914182,17.5,48.2,0
2026-01-12T11:47:32.168802,17.5,48.3,0
2026-01-12T11:47:34.423326,17.5,48.3,1
2026-01-12T11:47:36.678146,17.5,48.3,1
2026-01-12T11:47:38.932777,17.5,48.3,1
2026-01-12T11:47:41.187289,17.5,48.3,1
2026-01-12T11:47:43.442019,17.5,48.3,1
2026-01-12T11:47:45.696552,17.5,48.3,1
2026-01-12T11:47:47.951135,17.5,48.3,1
2026-01-12T11:47:50.205806,17.5,48.3,1
2026-01-12T11:47:52.460261,17.5,48.3,1
2026-01-12T11:47:54.714958,17.5,48.3,1
2026-01-12T11:47:56.969725,17.5,48.3,1
2026-01-12T11:47:59.224225,17.5,48.3,1
2026-01-12T11:48:01.478792,17.5,48.3,1
2026-01-12T11:48:03.733687,17.5,48.3,1
2026-01-12T11:48:05.987744,17.5,48.2,1
2026-01-12T11:48:08.242313,17.5,48.3,1
2026-01-12T11:48:10.496754,17.5,48.3,1
2026-01-12T11:48:12.751372,17.5,48.2,1
2026-01-12T11:48:15.005774,17.5,48.3,0
2026-01-12T11:48:17.259917,17.5,48.3,0
2026-01-12T11:48:19.514490,17.5,48.2,0
2026-01-12T11:48:21.768939,17.5,48.3,0
2026-01-12T11:48:24.023614,17.5,48.3,0
2026-01-12T11:48:26.278130,17.5,48.3,0
2026-01-12T11:48:28.532463,17.5,48.3,0
2026-01-12T11:48:30.787319,17.5,48.3,1
2026-01-12T11:48:33.041748,17.5,48.3,1
2026-01-12T11:48:35.296228,17.5,48.3,1
2026-01-12T11:48:37.551107,17.5,48.3,1
2026-01-12T11:48:39.805699,17.5,48.2,1
2026-01-12T11:48:42.059788,17.5,48.3,1
2026-01-12T11:48:44.314542,17.5,48.3,1
2026-01-12T11:48:46.569166,17.5,48.2,1
2026-01-12T11:48:48.823400,17.5,48.3,1
2026-01-12T11:48:51.078069,17.5,48.3,1
2026-01-12T11:48:53.332461,17.5,48.3,1
2026-01-12T11:48:55.586458,17.5,48.3,1
2026-01-12T11:48:57.841074,17.5,48.3,1
2026-01-12T11:49:00.095172,17.5,48.3,1
2026-01-12T11:49:02.349744,17.5,48.2,1
2026-01-12T11:49:04.604401,17.5,48.2,1
2026-01-12T11:49:06.858943,17.5,48.2,1
2026-01-12T11:49:09.113312,17.5,48.2,1
2026-01-12T11:49:11.367879,17.5,48.3,0
2026-01-12T11:49:13.622537,17.5,48.3,0
2026-01-12T11:49:15.877031,17.5,48.3,0
2026-01-12T11:49:18.131313,17.5,48.3,0
2026-01-12T11:49:20.385804,17.5,48.3,0
2026-01-12T11:49:22.640738,17.5,48.2,0
2026-01-12T11:49:24.895077,17.5,48.3,0
2026-01-12T11:49:27.149488,17.5,48.2,1
2026-01-12T11:49:29.403708,17.5,48.2,1
2026-01-12T11:49:31.658545,17.5,48.3,1
2026-01-12T11:49:33.913048,17.5,48.2,1
2026-01-12T11:49:36.167473,17.5,48.2,1
2026-01-12T11:49:38.422081,17.5,48.3,1
2026-01-12T11:49:40.676241,17.5,48.3,1
2026-01-12T11:49:42.930842,17.5,48.2,1
2026-01-12T11:49:45.185501,17.5,48.3,1
2026-01-12T11:49:47.439888,17.5,48.2,1
2026-01-12T11:49:49.694358,17.5,48.3,1
2026-01-12T11:49:51.948762,17.5,48.2,1
2026-01-12T11:49:54.203121,17.5,48.2,1
2026-01-12T11:49:56.457560,17.5,48.2,1
2026-01-12T11:49:58.712192,17.5,48.2,1
2026-01-12T11:50:00.966806,17.5,48.3,1
2026-01-12T11:50:03.221206,17.5,48.3,1
2026-01-12T11:50:05.475764,17.5,48.3,1
2026-01-12T11:50:07.730384,17.5,48.2,0
2026-01-12T11:50:09.984479,17.5,48.2,0
2026-01-12T11:50:12.239256,17.5,48.3,0
2026-01-12T11:50:14.493754,17.5,48.3,0
2026-01-12T11:50:16.748312,17.5,48.3,0
2026-01-12T11:50:19.003137,17.5,48.3,0
2026-01-12T11:50:21.257703,17.5,48.2,0
2026-01-12T11:50:23.512109,17.5,48.3,1
2026-01-12T11:50:25.766861,17.5,48.3,1
2026-01-12T11:50:28.021477,17.5,48.2,1
2026-01-12T11:50:30.275836,17.5,48.3,1
2026-01-12T11:50:32.530690,17.5,48.3,1
2026-01-12T11:50:34.784957,17.5,48.3,1
2026-01-12T11:50:37.039313,17.5,48.3,1
2026-01-12T11:50:39.293951,17.5,48.3,1
2026-01-12T11:50:41.548626,17.5,48.3,1
2026-01-12T11:50:43.803257,17.5,48.3,1
2026-01-12T11:50:46.058030,17.5,48.3,1
2026-01-12T11:50:48.312431,17.5,48.3,1
2026-01-12T11:50:50.567109,17.5,48.3,1
2026-01-12T11:50:52.821820,17.5,48.3,1
2026-01-12T11:50:55.076199,17.5,48.3,1
2026-01-12T11:50:57.330710,17.5,48.3,1
2026-01-12T11:50:59.584968,17.5,48.3,1
2026-01-12T11:51:01.839459,17.5,48.3,1
2026-01-12T11:51:04.094025,17.5,48.3,0
2026-01-12T11:51:06.348700,17.5,48.3,0
2026-01-12T11:51:08.603151,17.5,48.3,0
2026-01-12T11:51:10.861121,17.5,48.3,0
2026-01-12T11:51:13.115512,17.5,48.3,0
2026-01-12T11:51:15.370045,17.5,48.3,0
2026-01-12T11:51:17.624603,17.5,48.3,0
2026-01-12T11:51:19.879457,17.5,48.3,1
2026-01-12T11:51:22.133928,17.5,48.3,1
2026-01-12T11:51:24.387875,17.5,48.3,1
2026-01-12T11:51:26.642713,17.5,48.3,1
2026-01-12T11:51:28.896757,17.5,48.3,1
2026-01-12T11:51:31.151089,17.5,48.3,1
2026-01-12T11:51:33.405645,17.5,48.3,1
2026-01-12T11:51:35.660003,17.5,48.3,1
2026-01-12T11:51:37.914572,17.5,48.3,1
2026-01-12T11:51:40.168742,17.5,48.3,1
2026-01-12T11:51:42.423062,17.5,48.3,1
2026-01-12T11:51:44.677686,17.5,48.3,1
2026-01-12T11:51:46.931960,17.5,48.3,1
2026-01-12T11:51:49.186564,17.5,48.3,1
2026-01-12T11:51:51.440715,17.5,48.3,1
2026-01-12T11:51:53.695353,17.5,48.3,1
2026-01-12T11:51:55.950109,17.5,48.3,1
2026-01-12T11:51:58.204423,17.5,48.3,1
2026-01-12T11:52:00.459227,17.5,48.3,0
2026-01-12T11:52:02.713878,17.5,48.3,0
2026-01-12T11:52:04.967898,17.5,48.3,0
2026-01-12T11:52:07.222596,17.5,48.3,0
2026-01-12T11:52:09.476769,17.5,48.3,0
2026-01-12T11:52:11.731148,17.5,48.3,0
2026-01-12T11:52:13.985745,17.5,48.3,0
2026-01-12T11:52:16.239948,17.5,48.3,1
2026-01-12T11:52:18.494461,17.5,48.3,1
2026-01-12T11:52:20.749044,17.4,48.2,1
2026-01-12T11:52:23.003271,17.5,48.3,1
2026-01-12T11:52:25.257833,17.5,48.3,1
2026-01-12T11:52:27.512024,17.5,48.3,1
2026-01-12T11:52:29.766276,17.5,48.3,1
2026-01-12T11:52:32.020570,17.5,48.3,1
2026-01-12T11:52:34.275399,17.5,48.3,1
2026-01-12T11:52:36.530004,17.5,48.3,1
2026-01-12T11:52:38.784351,17.5,48.3,1
2026-01-12T11:52:41.039153,17.5,48.3,1
2026-01-12T11:52:43.293711,17.5,48.3,1
2026-01-12T11:52:45.547906,17.5,48.3,1
2026-01-12T11:52:47.802690,17.5,48.3,1
2026-01-12T11:52:50.056706,17.5,48.3,1
2026-01-12T11:52:52.311352,17.5,48.3,1
2026-01-12T11:52:54.566045,17.5,48.3,1
2026-01-12T11:52:56.820610,17.5,48.3,0
2026-01-12T11:52:59.075227,17.5,48.3,0
2026-01-12T11:53:01.329879,17.5,48.3,0
2026-01-12T11:53:03.584002,17.5,48.3,0
2026-01-12T11:53:05.838527,17.5,48.3,0
2026-01-12T11:53:08.092741,17.5,48.3,0
2026-01-12T11:53:10.346823,17.5,48.3,0
2026-01-12T11:53:12.601355,17.5,48.3,1
2026-01-12T11:53:14.855702,17.5,48.3,1
2026-01-12T11:53:17.109828,17.5,48.3,1
2026-01-12T11:53:19.363981,17.5,48.3,1
2026-01-12T11:53:21.618804,17.5,48.3,1
2026-01-12T11:53:23.873312,17.5,48.3,1
2026-01-12T11:53:26.127305,17.5,48.3,1
2026-01-12T11:53:28.382025,17.5,48.3,1
2026-01-12T11:53:30.636338,17.5,48.3,1
2026-01-12T11:53:32.890932,17.5,48.3,1
2026-01-12T11:53:35.145437,17.5,48.3,1
2026-01-12T11:53:37.399723,17.5,48.3,1
2026-01-12T11:53:39.654283,17.4,48.2,1
2026-01-12T11:53:41.908569,17.5,48.3,1
2026-01-12T11:53:44.163320,17.5,48.3,1
2026-01-12T11:53:46.417783,17.5,48.3,1
2026-01-12T11:53:48.672030,17.5,48.3,1
2026-01-12T11:53:50.926616,17.5,48.3,1
2026-01-12T11:53:53.180992,17.5,48.3,0
2026-01-12T11:53:55.435514,17.5,48.3,0
2026-01-12T11:53:57.690091,17.5,48.3,0
2026-01-12T11:53:59.944419,17.5,48.3,0
2026-01-12T11:54:02.198566,17.5,48.3,0
2026-01-12T11:54:04.452902,17.5,48.3,0
2026-01-12T11:54:06.707110,17.5,48.3,0
2026-01-12T11:54:08.961466,17.5,48.3,1
2026-01-12T11:54:11.215631,17.5,48.4,1
2026-01-12T11:54:13.470269,17.5,48.3,1
2026-01-12T11:54:15.724481,17.5,48.3,1
2026-01-12T11:54:17.979193,17.5,48.3,1
2026-01-12T11:54:20.233644,17.5,48.3,1
2026-01-12T11:54:22.487784,17.5,48.3,1
2026-01-12T11:54:24.742381,17.5,48.3,1
2026-01-12T11:54:26.996412,17.5,48.3,1
2026-01-12T11:54:29.251215,17.5,48.3,1
2026-01-12T11:54:31.505652,17.5,48.3,1
2026-01-12T11:54:33.760191,17.5,48.3,1
2026-01-12T11:54:36.015021,17.5,48.3,1
2026-01-12T11:54:38.269297,17.5,48.3,1
2026-01-12T11:54:40.523693,17.5,48.3,1
2026-01-12T11:54:42.778308,17.5,48.3,1
2026-01-12T11:54:45.032787,17.5,48.3,1
2026-01-12T11:54:47.286985,17.5,48.3,1
2026-01-12T11:54:49.541530,17.5,48.3,0
2026-01-12T11:54:51.795764,17.5,48.3,0
2026-01-12T11:54:54.050288,17.5,48.3,0
2026-01-12T11:54:56.304493,17.5,48.3,0
2026-01-12T11:54:58.559022,17.5,48.3,0
2026-01-12T11:55:00.813503,17.5,48.3,0
2026-01-12T11:55:03.067710,17.5,48.3,0
2026-01-12T11:55:05.322207,17.5,48.3,1
2026-01-12T11:55:07.576477,17.5,48.3,1
2026-01-12T11:55:09.831308,17.5,48.3,1
2026-01-12T11:55:12.085733,17.5,48.3,1
2026-01-12T11:55:14.339903,17.5,48.3,1
2026-01-12T11:55:16.594116,17.5,48.3,1
2026-01-12T11:55:18.848104,17.5,48.3,1
2026-01-12T11:55:21.102683,17.5,48.3,1
2026-01-12T11:55:23.356917,17.5,48.3,1
2026-01-12T11:55:25.611348,17.5,48.4,1
2026-01-12T11:55:27.865753,17.5,48.3,1
2026-01-12T11:55:30.120182,17.5,48.3,1
2026-01-12T11:55:32.374800,17.5,48.3,1
2026-01-12T11:55:34.629199,17.5,48.3,1
2026-01-12T11:55:36.883417,17.5,48.3,1
2026-01-12T11:55:39.137969,17.5,48.3,1
2026-01-12T11:55:41.392176,17.5,48.3,1
2026-01-12T11:55:43.647092,17.5,48.3,1
2026-01-12T11:55:45.901468,17.5,48.3,0
2026-01-12T11:55:48.155925,17.5,48.3,0
2026-01-12T11:55:50.410591,17.5,48.3,0
2026-01-12T11:55:52.665512,17.5,48.3,0
2026-01-12T11:55:54.919457,17.5,48.3,0
2026-01-12T11:55:57.174079,17.5,48.3,0
2026-01-12T11:55:59.428408,17.5,48.3,0
2026-01-12T11:56:01.683128,17.5,48.3,1
2026-01-12T11:56:03.937710,17.5,48.3,1
2026-01-12T11:56:06.192234,17.5,48.3,1
2026-01-12T11:56:08.446809,17.5,48.3,1
2026-01-12T11:56:10.701537,17.5,48.3,1
2026-01-12T11:56:12.955718,17.5,48.3,1
2026-01-12T11:56:15.210250,17.5,48.3,1
2026-01-12T11:56:17.464755,17.5,48.3,1
2026-01-12T11:56:19.719051,17.5,48.3,1
2026-01-12T11:56:21.973349,17.5,48.3,1
2026-01-12T11:56:24.227664,17.5,48.3,1
2026-01-12T11:56:26.482154,17.5,48.3,1
2026-01-12T11:56:28.736494,17.5,48.3,1
2026-01-12T11:56:30.991282,17.5,48.3,1
2026-01-12T11:56:33.245782,17.5,48.3,1
2026-01-12T11:56:35.499896,17.5,48.2,1
2026-01-12T11:56:37.754718,17.5,48.3,1
2026-01-12T11:56:40.009120,17.5,48.3,1
2026-01-12T11:56:42.263652,17.5,48.3,0
2026-01-12T11:56:44.518139,17.5,48.3,0
2026-01-12T11:56:46.772252,17.5,48.3,0
2026-01-12T11:56:49.026796,17.5,48.3,0
2026-01-12T11:56:51.281314,17.5,48.3,0
2026-01-12T11:56:53.535885,17.5,48.2,0
2026-01-12T11:56:55.790415,17.5,48.3,0
2026-01-12T11:56:58.044806,17.5,48.3,1
2026-01-12T11:57:00.299277,17.5,48.3,1
2026-01-12T11:57:02.553645,17.5,48.3,1
2026-01-12T11:57:04.808218,17.5,48.3,1
2026-01-12T11:57:07.062374,17.5,48.3,1
2026-01-12T11:57:09.316388,17.5,48.3,1
2026-01-12T11:57:11.571292,17.5,48.3,1
2026-01-12T11:57:13.825784,17.5,48.3,1
2026-01-12T11:57:16.080217,17.5,48.3,1
2026-01-12T11:57:18.335035,17.5,48.3,1
2026-01-12T11:57:20.589086,17.5,48.3,1
2026-01-12T11:57:22.843219,17.5,48.3,1
2026-01-12T11:57:25.097844,17.5,48.3,1
2026-01-12T11:57:27.352444,17.5,48.3,1
2026-01-12T11:57:29.607127,17.5,48.3,1
2026-01-12T11:57:31.861876,17.5,48.3,1
2026-01-12T11:57:34.116389,17.5,48.3,1
2026-01-12T11:57:36.371039,17.5,48.3,1
2026-01-12T11:57:38.625903,17.5,48.3,0
2026-01-12T11:57:40.880244,17.5,48.3,0
2026-01-12T11:57:43.134747,17.5,48.3,0
2026-01-12T11:57:45.389178,17.5,48.3,0
2026-01-12T11:57:47.643520,17.5,48.3,0
2026-01-12T11:57:49.897524,17.5,48.3,0
2026-01-12T11:57:52.151886,17.5,48.3,0
2026-01-12T11:57:54.406453,17.5,48.3,1
2026-01-12T11:57:56.660895,17.5,48.3,1
2026-01-12T11:57:58.915563,17.5,48.3,1
2026-01-12T11:58:01.171895,17.5,48.3,1
2026-01-12T11:58:03.426503,17.5,48.3,1
2026-01-12T11:58:05.680996,17.5,48.3,1
2026-01-12T11:58:07.935258,17.5,48.3,1
2026-01-12T11:58:10.189681,17.5,48.3,1
2026-01-12T11:58:12.444375,17.5,48.3,1
2026-01-12T11:58:14.699126,17.5,48.3,1
2026-01-12T11:58:16.953639,17.5,48.3,1
2026-01-12T11:58:19.207727,17.5,48.3,1
2026-01-12T11:58:21.462421,17.5,48.3,1
2026-01-12T11:58:23.716551,17.5,48.3,1
2026-01-12T11:58:25.971320,17.5,48.3,1
2026-01-12T11:58:28.225750,17.5,48.3,1
2026-01-12T11:58:30.480023,17.5,48.3,1
2026-01-12T11:58:32.734971,17.5,48.3,1
2026-01-12T11:58:34.989533,17.5,48.3,0
2026-01-12T11:58:37.243672,17.5,48.3,0
2026-01-12T11:58:39.498411,17.5,48.3,0
2026-01-12T11:58:41.752787,17.5,48.3,0
2026-01-12T11:58:44.007223,17.5,48.3,0
2026-01-12T11:58:46.261813,17.5,48.3,0
2026-01-12T11:58:48.515958,17.5,48.3,0
2026-01-12T11:58:50.770448,17.5,48.3,1
2026-01-12T11:58:53.024900,17.5,48.3,1
2026-01-12T11:58:55.278974,17.5,48.3,1
2026-01-12T11:58:57.533633,17.5,48.3,1
2026-01-12T11:58:59.788130,17.5,48.3,1
2026-01-12T11:59:02.042611,17.5,48.3,1
2026-01-12T11:59:04.296736,17.5,48.3,1
2026-01-12T11:59:06.551555,17.5,48.3,1
2026-01-12T11:59:08.806153,17.5,48.3,1
2026-01-12T11:59:11.060564,17.5,48.3,1
2026-01-12T11:59:13.315347,17.5,48.3,1
2026-01-12T11:59:15.569954,17.5,48.3,1
2026-01-12T11:59:17.823912,17.5,48.3,1
2026-01-12T11:59:20.078672,17.5,48.3,1
2026-01-12T11:59:22.332932,17.5,48.3,1
2026-01-12T11:59:24.587007,17.5,48.3,1
2026-01-12T11:59:26.841487,17.5,48.3,1
2026-01-12T11:59:29.095518,17.5,48.3,1
2026-01-12T11:59:31.349929,17.5,48.3,0
2026-01-12T11:59:33.604707,17.5,48.3,0
2026-01-12T11:59:35.858960,17.5,48.3,0
2026-01-12T11:59:38.113530,17.5,48.3,0
2026-01-12T11:59:40.367910,17.5,48.3,0
2026-01-12T11:59:42.622619,17.5,48.3,0
2026-01-12T11:59:44.876910,17.5,48.3,0
2026-01-12T11:59:47.131378,17.5,48.3,1
2026-01-12T11:59:49.385647,17.5,48.3,1
2026-01-12T11:59:51.640194,17.5,48.3,1
2026-01-12T11:59:53.894837,17.5,48.3,1
2026-01-12T11:59:56.150510,17.5,48.3,1
2026-01-12T11:59:58.404789,17.5,48.3,1
2026-01-12T12:00:00.659578,17.5,48.3,1
2026-01-12T12:00:02.914059,17.5,48.3,1
2026-01-12T12:00:05.168613,17.5,48.3,1
2026-01-12T12:00:07.423014,17.5,48.3,1
2026-01-12T12:00:09.677447,17.5,48.3,1
2026-01-12T12:00:11.931816,17.5,48.3,1
2026-01-12T12:00:14.186539,17.5,48.3,1
2026-01-12T12:00:16.441023,17.5,48.3,1
2026-01-12T12:00:18.695242,17.5,48.3,1
2026-01-12T12:00:20.949853,17.5,48.3,1
2026-01-12T12:00:23.203924,17.5,48.3,1
2026-01-12T12:00:25.458333,17.5,48.3,1
2026-01-12T12:00:27.712716,17.4,48.2,0
2026-01-12T12:00:29.966879,17.5,48.3,0
2026-01-12T12:00:32.221439,17.5,48.3,0
2026-01-12T12:00:34.475762,17.5,48.3,0
2026-01-12T12:00:36.730358,17.5,48.3,0
2026-01-12T12:00:38.984334,17.5,48.3,0
2026-01-12T12:00:41.239127,17.5,48.3,0
2026-01-12T12:00:43.493690,17.5,48.3,1
2026-01-12T12:00:45.747812,17.5,48.3,1
2026-01-12T12:00:48.002547,17.5,48.3,1
2026-01-12T12:00:50.256798,17.5,48.3,1
2026-01-12T12:00:52.510714,17.5,48.3,1
2026-01-12T12:00:54.765475,17.5,48.3,1
2026-01-12T12:00:57.019788,17.5,48.3,1
2026-01-12T12:00:59.274283,17.5,48.3,1
2026-01-12T12:01:01.528903,17.5,48.3,1
2026-01-12T12:01:03.783446,17.5,48.3,1
2026-01-12T12:01:06.037865,17.5,48.3,1
2026-01-12T12:01:08.292298,17.5,48.3,1
2026-01-12T12:01:10.546398,17.5,48.3,1
2026-01-12T12:01:12.800607,17.5,48.3,1
2026-01-12T12:01:15.055434,17.5,48.4,1
2026-01-12T12:01:17.310024,17.5,48.3,1
2026-01-12T12:01:19.564339,17.5,48.3,1
2026-01-12T12:01:21.819261,17.5,48.3,1
2026-01-12T12:01:24.073749,17.5,48.3,0
2026-01-12T12:01:26.327947,17.5,48.3,0
2026-01-12T12:01:28.582271,17.5,48.3,0
2026-01-12T12:01:30.836648,17.5,48.3,0
2026-01-12T12:01:33.091300,17.5,48.3,0
2026-01-12T12:01:35.345844,17.5,48.3,0
2026-01-12T12:01:37.599944,17.5,48.3,0
2026-01-12T12:01:39.854525,17.5,48.3,1
2026-01-12T12:01:42.108701,17.5,48.3,1
2026-01-12T12:01:44.363338,17.5,48.4,1
2026-01-12T12:01:46.617758,17.5,48.3,1
2026-01-12T12:01:48.872378,17.5,48.3,1
2026-01-12T12:01:51.127023,17.5,48.3,1
2026-01-12T12:01:53.381271,17.5,48.3,1
2026-01-12T12:01:55.635603,17.5,48.3,1
2026-01-12T12:01:57.889714,17.5,48.3,1
2026-01-12T12:02:00.143697,17.5,48.3,1
2026-01-12T12:02:02.398432,17.5,48.3,1
2026-01-12T12:02:04.652754,17.5,48.3,1
2026-01-12T12:02:06.907221,17.5,48.3,1
2026-01-12T12:02:09.161704,17.5,48.3,1
2026-01-12T12:02:11.416053,17.5,48.3,1
2026-01-12T12:02:13.670636,17.5,48.3,1
2026-01-12T12:02:15.925289,17.5,48.3,1
2026-01-12T12:02:18.179800,17.5,48.3,1
2026-01-12T12:02:20.434303,17.5,48.3,0
2026-01-12T12:02:22.688673,17.5,48.3,0
2026-01-12T12:02:24.943323,17.5,48.3,0
2026-01-12T12:02:27.197834,17.5,48.3,0
2026-01-12T12:02:29.452061,17.5,48.4,0
2026-01-12T12:02:31.706596,17.5,48.3,0
2026-01-12T12:02:33.960700,17.5,48.3,0
2026-01-12T12:02:36.215511,17.5,48.3,1
2026-01-12T12:02:38.470028,17.5,48.3,1
2026-01-12T12:02:40.724062,17.5,48.3,1
2026-01-12T12:02:42.978865,17.5,48.3,1
2026-01-12T12:02:45.233182,17.5,48.3,1
2026-01-12T12:02:47.487615,17.5,48.3,1
2026-01-12T12:02:49.742302,17.5,48.3,1
2026-01-12T12:02:51.996914,17.5,48.4,1
2026-01-12T12:02:54.250937,17.5,48.3,1
2026-01-12T12:02:56.505251,17.5,48.3,1
2026-01-12T12:02:58.759566,17.5,48.3,1
2026-01-12T12:03:01.014115,17.5,48.4,1
2026-01-12T12:03:03.268389,17.5,48.4,1
2026-01-12T12:03:05.523227,17.5,48.3,1
2026-01-12T12:03:07.777531,17.5,48.4,1
2026-01-12T12:03:10.031659,17.5,48.4,1
2026-01-12T12:03:12.286140,17.5,48.4,1
2026-01-12T12:03:14.540267,17.5,48.3,1
2026-01-12T12:03:16.795146,17.5,48.4,0
2026-01-12T12:03:19.049101,17.5,48.4,0
2026-01-12T12:03:21.303077,17.5,48.3,0
2026-01-12T12:03:23.557687,17.5,48.3,0
2026-01-12T12:03:25.811708,17.5,48.3,0
2026-01-12T12:03:28.066179,17.5,48.4,0
2026-01-12T12:03:30.320411,17.5,48.3,0
2026-01-12T12:03:32.575099,17.5,48.4,1
2026-01-12T12:03:34.829436,17.5,48.4,1
2026-01-12T12:03:37.083712,17.5,48.3,1
2026-01-12T12:03:39.338207,17.5,48.3,1
2026-01-12T12:03:41.592372,17.5,48.4,1
2026-01-12T12:03:43.847226,17.5,48.3,1
2026-01-12T12:03:46.101699,17.5,48.4,1
2026-01-12T12:03:48.355784,17.5,48.4,1
2026-01-12T12:03:50.610326,17.5,48.4,1
2026-01-12T12:03:52.864349,17.5,48.3,1
2026-01-12T12:03:55.118953,17.5,48.3,1
2026-01-12T12:03:57.373390,17.5,48.3,1
2026-01-12T12:03:59.627433,17.5,48.3,1
2026-01-12T12:04:01.881924,17.5,48.4,1
2026-01-12T12:04:04.136415,17.5,48.3,1
2026-01-12T12:04:06.390380,17.5,48.4,1
2026-01-12T12:04:08.644439,17.5,48.4,1
2026-01-12T12:04:10.899244,17.5,48.3,1
2026-01-12T12:04:13.153669,17.5,48.3,0
2026-01-12T12:04:15.407639,17.5,48.3,0
2026-01-12T12:04:17.662354,17.5,48.4,0
2026-01-12T12:04:19.918001,17.5,48.4,0
2026-01-12T12:04:22.171990,17.5,48.4,0
2026-01-12T12:04:24.426628,17.5,48.4,0
2026-01-12T12:04:26.680749,17.5,48.4,0
2026-01-12T12:04:28.934638,17.5,48.3,1
2026-01-12T12:04:31.188724,17.5,48.3,1
2026-01-12T12:04:33.442885,17.5,48.4,1
2026-01-12T12:04:35.697355,17.5,48.4,1
2026-01-12T12:04:37.951434,17.5,48.4,1
2026-01-12T12:04:40.205995,17.5,48.4,1
2026-01-12T12:04:42.459981,17.5,48.4,1
2026-01-12T12:04:44.714817,17.5,48.4,1
2026-01-12T12:04:46.970987,17.5,48.4,1
2026-01-12T12:04:49.225318,17.5,48.4,1
2026-01-12T12:04:51.479465,17.5,48.4,1
2026-01-12T12:04:53.733551,17.5,48.4,1
2026-01-12T12:04:55.987551,17.5,48.4,1
2026-01-12T12:04:58.241969,17.5,48.3,1
2026-01-12T12:05:00.496040,17.5,48.4,1
2026-01-12T12:05:02.750652,17.5,48.4,1
2026-01-12T12:05:05.004829,17.5,48.4,1
2026-01-12T12:05:07.261438,17.5,48.4,1
2026-01-12T12:05:09.515596,17.5,48.4,0
2026-01-12T12:05:11.770392,17.5,48.3,0
2026-01-12T12:05:14.026629,17.5,48.4,0
2026-01-12T12:05:16.281135,17.5,48.4,0
2026-01-12T12:05:18.535441,17.5,48.3,0
2026-01-12T12:05:20.790177,17.5,48.4,0
2026-01-12T12:05:23.044242,17.5,48.4,0
2026-01-12T12:05:25.298926,17.5,48.4,1
2026-01-12T12:05:27.553520,17.5,48.4,1
2026-01-12T12:05:29.807982,17.5,48.4,1
2026-01-12T12:05:32.062763,17.5,48.4,1
2026-01-12T12:05:34.317123,17.5,48.4,1
2026-01-12T12:05:36.571740,17.5,48.3,1
2026-01-12T12:05:38.826514,17.5,48.4,1
2026-01-12T12:05:41.081167,17.5,48.4,1
2026-01-12T12:05:43.335686,17.5,48.3,1
2026-01-12T12:05:45.590597,17.5,48.3,1
2026-01-12T12:05:47.845048,17.5,48.4,1
2026-01-12T12:05:50.099461,17.5,48.3,1
2026-01-12T12:05:52.354223,17.5,48.3,1
2026-01-12T12:05:54.608963,17.5,48.3,1
2026-01-12T12:05:56.863010,17.5,48.3,1
2026-01-12T12:05:59.117655,17.5,48.3,1
2026-01-12T12:06:01.372102,17.5,48.4,1
2026-01-12T12:06:03.626814,17.5,48.3,1
2026-01-12T12:06:05.881611,17.5,48.3,0
2026-01-12T12:06:08.135956,17.5,48.3,0
2026-01-12T12:06:10.390521,17.5,48.3,0
2026-01-12T12:06:12.644962,17.5,48.3,0
2026-01-12T12:06:14.899373,17.5,48.3,0
2026-01-12T12:06:17.153900,17.5,48.3,0
2026-01-12T12:06:19.408453,17.5,48.3,0
2026-01-12T12:06:21.663232,17.5,48.3,1
2026-01-12T12:06:23.917819,17.5,48.3,1
2026-01-12T12:06:26.172359,17.5,48.3,1
2026-01-12T12:06:28.427047,17.5,48.3,1
2026-01-12T12:06:30.681337,17.5,48.3,1
2026-01-12T12:06:32.936143,17.5,48.3,1
2026-01-12T12:06:35.190842,17.5,48.3,1
2026-01-12T12:06:37.445424,17.5,48.3,1
2026-01-12T12:06:39.700017,17.5,48.3,1
2026-01-12T12:06:41.954597,17.5,48.3,1
2026-01-12T12:06:44.208676,17.5,48.3,1
2026-01-12T12:06:46.463494,17.5,48.3,1
2026-01-12T12:06:48.718185,17.4,48.2,1
2026-01-12T12:06:50.972230,17.5,48.3,1
2026-01-12T12:06:53.226525,17.5,48.3,1
2026-01-12T12:06:55.481249,17.5,48.3,1
2026-01-12T12:06:57.735503,17.5,48.3,1
2026-01-12T12:06:59.990188,17.5,48.3,1
2026-01-12T12:07:02.246556,17.5,48.3,0
2026-01-12T12:07:04.500703,17.5,48.3,0
2026-01-12T12:07:06.755513,17.5,48.3,0
2026-01-12T12:07:09.010101,17.5,48.3,0
2026-01-12T12:07:11.264084,17.5,48.3,0
2026-01-12T12:07:13.518758,17.5,48.3,0
2026-01-12T12:07:15.773306,17.5,48.3,0
2026-01-12T12:07:18.027294,17.5,48.3,1
2026-01-12T12:07:20.282026,17.5,48.3,1
2026-01-12T12:07:22.536560,17.5,48.3,1
2026-01-12T12:07:24.791202,17.5,48.3,1
2026-01-12T12:07:27.045987,17.5,48.3,1
2026-01-12T12:07:29.300416,17.5,48.3,1
2026-01-12T12:07:31.554659,17.4,48.2,1
2026-01-12T12:07:33.809154,17.5,48.3,1
2026-01-12T12:07:36.063701,17.5,48.3,1
2026-01-12T12:07:38.318150,17.5,48.3,1
2026-01-12T12:07:40.572892,17.5,48.3,1
2026-01-12T12:07:42.827599,17.5,48.3,1
2026-01-12T12:07:45.082022,17.5,48.3,1
2026-01-12T12:07:47.336247,17.5,48.3,1
2026-01-12T12:07:49.590791,17.5,48.3,1
2026-01-12T12:07:51.844802,17.5,48.3,1
2026-01-12T12:07:54.099150,17.5,48.3,1
2026-01-12T12:07:56.353443,17.5,48.3,1
2026-01-12T12:07:58.607623,17.5,48.3,0
2026-01-12T12:08:00.862411,17.5,48.3,0
2026-01-12T12:08:03.116857,17.5,48.3,0
2026-01-12T12:08:05.371319,17.5,48.3,0
2026-01-12T12:08:07.626136,17.5,48.3,0
2026-01-12T12:08:09.880196,17.5,48.3,0
2026-01-12T12:08:12.134772,17.5,48.3,0
2026-01-12T12:08:14.389280,17.5,48.3,1
2026-01-12T12:08:16.643389,17.5,48.3,1
2026-01-12T12:08:18.897871,17.5,48.3,1
2026-01-12T12:08:21.152509,17.5,48.3,1
2026-01-12T12:08:23.406908,17.5,48.3,1
2026-01-12T12:08:25.742467,17.5,48.3,1
2026-01-12T12:08:27.996880,17.5,48.3,1
2026-01-12T12:08:30.251254,17.5,48.3,1
2026-01-12T12:08:32.505754,17.5,48.3,1
2026-01-12T12:08:34.760223,17.5,48.3,1
2026-01-12T12:08:37.014773,17.5,48.3,1
2026-01-12T12:08:39.269330,17.5,48.3,1
2026-01-12T12:08:41.524173,17.5,48.3,1
2026-01-12T12:08:43.778803,17.5,48.3,1
2026-01-12T12:08:46.032988,17.5,48.3,1
2026-01-12T12:08:48.287238,17.5,48.3,1
2026-01-12T12:08:50.541924,17.5,48.2,1
2026-01-12T12:08:52.796819,17.5,48.3,1
2026-01-12T12:08:55.051306,17.5,48.3,0
2026-01-12T12:08:57.305675,17.5,48.3,0
2026-01-12T12:08:59.560143,17.5,48.3,0
2026-01-12T12:09:01.814875,17.5,48.3,0
2026-01-12T12:09:04.069499,17.5,48.3,0
2026-01-12T12:09:06.323969,17.5,48.3,0
2026-01-12T12:09:08.578758,17.5,48.3,0
2026-01-12T12:09:10.833071,17.5,48.3,1
2026-01-12T12:09:13.086995,17.5,48.3,1
2026-01-12T12:09:15.341571,17.5,48.3,1
2026-01-12T12:09:17.595636,17.5,48.3,1
2026-01-12T12:09:19.850100,17.5,48.3,1
2026-01-12T12:09:22.104645,17.5,48.3,1
2026-01-12T12:09:24.359303,17.5,48.3,1
2026-01-12T12:09:26.613728,17.5,48.3,1
2026-01-12T12:09:28.868388,17.5,48.3,1
2026-01-12T12:09:31.122860,17.5,48.3,1
2026-01-12T12:09:33.377330,17.5,48.3,1
2026-01-12T12:09:35.631730,17.5,48.3,1
2026-01-12T12:09:37.886253,17.5,48.3,1
2026-01-12T12:09:40.140160,17.5,48.3,1
2026-01-12T12:09:42.394803,17.5,48.3,1
2026-01-12T12:09:44.648955,17.5,48.3,1
2026-01-12T12:09:46.903420,17.5,48.3,1
2026-01-12T12:09:49.158022,17.5,48.3,1
2026-01-12T12:09:51.412608,17.5,48.3,0
2026-01-12T12:09:53.667063,17.5,48.3,0
2026-01-12T12:09:55.921789,17.5,48.3,0
2026-01-12T12:09:58.178465,17.5,48.3,0
2026-01-12T12:10:00.432945,17.5,48.3,0
2026-01-12T12:10:02.687546,17.5,48.3,0
2026-01-12T12:10:04.942971,17.5,48.3,0
2026-01-12T12:10:07.197228,17.5,48.3,1
2026-01-12T12:10:09.451522,17.5,48.3,1
2026-01-12T12:10:11.706064,17.5,48.3,1
2026-01-12T12:10:13.960585,17.5,48.3,1
2026-01-12T12:10:16.215255,17.5,48.3,1
2026-01-12T12:10:18.469495,17.5,48.3,1
2026-01-12T12:10:20.723724,17.5,48.3,1
2026-01-12T12:10:22.978436,17.5,48.3,1
2026-01-12T12:10:25.232911,17.5,48.3,1
2026-01-12T12:10:27.487174,17.5,48.3,1
2026-01-12T12:10:29.741746,17.5,48.3,1
2026-01-12T12:10:31.996059,17.5,48.3,1
2026-01-12T12:10:34.250591,17.5,48.3,1
2026-01-12T12:10:36.504981,17.5,48.2,1
2026-01-12T12:10:38.759527,17.5,48.2,1
2026-01-12T12:10:41.013795,17.5,48.2,1
2026-01-12T12:10:43.268441,17.5,48.2,1
2026-01-12T12:10:45.523031,17.5,48.3,1
2026-01-12T12:10:47.777289,17.5,48.3,0
2026-01-12T12:10:50.031471,17.5,48.2,0
2026-01-12T12:10:52.286057,17.5,48.3,0
2026-01-12T12:10:54.540583,17.5,48.3,0
2026-01-12T12:10:56.795417,17.5,48.2,0
2026-01-12T12:10:59.049818,17.5,48.2,0
2026-01-12T12:11:01.303767,17.5,48.2,0
2026-01-12T12:11:03.558511,17.5,48.2,1
2026-01-12T12:11:05.812727,17.5,48.2,1
2026-01-12T12:11:08.067358,17.5,48.2,1
2026-01-12T12:11:10.321889,17.5,48.2,1
2026-01-12T12:11:12.576492,17.5,48.2,1
2026-01-12T12:11:14.831089,17.5,48.2,1
2026-01-12T12:11:17.085547,,,1
2026-01-12T12:11:19.339790,17.5,48.2,1
2026-01-12T12:11:21.594435,17.5,48.2,1
2026-01-12T12:11:23.848650,17.5,48.2,1
2026-01-12T12:11:26.103280,17.5,48.2,1
2026-01-12T12:11:28.357829,17.5,48.2,1
2026-01-12T12:11:30.612287,17.5,48.2,1
2026-01-12T12:11:32.866981,17.5,48.2,1
2026-01-12T12:11:35.121399,17.5,48.2,1
2026-01-12T12:11:37.376101,17.5,48.2,1
2026-01-12T12:11:39.630183,17.5,48.2,1
2026-01-12T12:11:41.884580,17.5,48.2,1
2026-01-12T12:11:44.139326,17.5,48.2,0
2026-01-12T12:11:46.393817,17.5,48.1,0
2026-01-12T12:11:48.648333,17.5,48.2,0
2026-01-12T12:11:50.902583,17.5,48.2,0
2026-01-12T12:11:53.158364,17.5,48.2,0
2026-01-12T12:11:55.412328,17.5,48.2,0
2026-01-12T12:11:57.667231,17.5,48.2,0
2026-01-12T12:11:59.923581,17.5,48.2,1
2026-01-12T12:12:02.178080,17.5,48.2,1
2026-01-12T12:12:04.432304,17.5,48.1,1
2026-01-12T12:12:06.686784,17.5,48.2,1
2026-01-12T12:12:08.940741,17.5,48.2,1
2026-01-12T12:12:11.195020,17.5,48.2,1
2026-01-12T12:12:13.449355,17.5,48.2,1
2026-01-12T12:12:15.703541,17.5,48.1,1
2026-01-12T12:12:17.958179,17.5,48.2,1
2026-01-12T12:12:20.212212,17.5,48.1,1
2026-01-12T12:12:22.466828,17.5,48.1,1
2026-01-12T12:12:24.721392,17.5,48.1,1
2026-01-12T12:12:26.975525,17.5,48.2,1
2026-01-12T12:12:29.230080,17.5,48.1,1
2026-01-12T12:12:31.484354,17.5,48.2,1
2026-01-12T12:12:33.738581,17.5,48.1,1
2026-01-12T12:12:35.992735,17.5,48.1,1
2026-01-12T12:12:38.246878,17.5,48.1,1
2026-01-12T12:12:40.501389,17.5,48.1,0
2026-01-12T12:12:42.755653,17.5,48.1,0
2026-01-12T12:12:45.010310,17.5,48.1,0
2026-01-12T12:12:47.264619,17.5,48.1,0
2026-01-12T12:12:49.520155,17.5,48.1,0
2026-01-12T12:12:51.774955,17.5,48.1,0
2026-01-12T12:12:54.029489,17.5,48.1,0
2026-01-12T12:12:56.283936,17.5,48.1,1
2026-01-12T12:12:58.538750,17.5,48.1,1
2026-01-12T12:13:00.793259,17.5,48.1,1
2026-01-12T12:13:03.047711,17.5,48.1,1
2026-01-12T12:13:05.302310,17.5,48.1,1
2026-01-12T12:13:07.556961,17.5,48.2,1
2026-01-12T12:13:09.811347,17.5,48.2,1
2026-01-12T12:13:12.065990,17.5,48.1,1
2026-01-12T12:13:14.320327,17.5,48.1,1
2026-01-12T12:13:16.575003,17.5,48.1,1
2026-01-12T12:13:18.829421,17.5,48.2,1
2026-01-12T12:13:21.083459,17.5,48.2,1
2026-01-12T12:13:23.337913,17.5,48.1,1
2026-01-12T12:13:25.592334,17.5,48.1,1
2026-01-12T12:13:27.846817,17.5,48.2,1
2026-01-12T12:13:30.101007,17.5,48.1,1
2026-01-12T12:13:32.355540,17.5,48.1,1
2026-01-12T12:13:34.610103,17.5,48.0,1
2026-01-12T12:13:36.864524,17.5,48.0,0
2026-01-12T12:13:39.119280,17.5,48.0,0
2026-01-12T12:13:41.373825,17.5,48.1,0
2026-01-12T12:13:43.627955,17.5,48.1,0
2026-01-12T12:13:45.882617,17.5,48.1,0
2026-01-12T12:13:48.136865,17.5,48.1,0
2026-01-12T12:13:50.391256,17.4,48.1,0
2026-01-12T12:13:52.645991,17.5,48.1,1
2026-01-12T12:13:54.900516,17.5,48.2,1
2026-01-12T12:13:57.154970,17.5,48.2,1
2026-01-12T12:13:59.409647,17.5,48.2,1
2026-01-12T12:14:01.664179,17.5,48.2,1
2026-01-12T12:14:03.918640,17.5,48.2,1
2026-01-12T12:14:06.173097,17.5,48.2,1
2026-01-12T12:14:08.427582,17.5,48.3,1
2026-01-12T12:14:10.682013,17.5,48.2,1
2026-01-12T12:14:12.936680,17.5,48.3,1
2026-01-12T12:14:15.191039,17.5,48.3,1
2026-01-12T12:14:17.445507,17.5,48.3,1
2026-01-12T12:14:19.700020,17.5,48.3,1
2026-01-12T12:14:21.954440,17.5,48.3,1
2026-01-12T12:14:24.208670,17.5,48.3,1
2026-01-12T12:14:26.463359,17.5,48.3,1
2026-01-12T12:14:28.717921,17.4,48.2,1
2026-01-12T12:14:30.972258,17.5,48.3,1
2026-01-12T12:14:33.226997,17.5,48.3,0
2026-01-12T12:14:35.481509,17.4,48.3,0
2026-01-12T12:14:37.735873,17.5,48.3,0
2026-01-12T12:14:39.990544,17.5,48.3,0
2026-01-12T12:14:42.245019,17.5,48.3,0
2026-01-12T12:14:44.499486,17.5,48.3,0
2026-01-12T12:14:46.753986,17.5,48.3,0
2026-01-12T12:14:49.008437,17.5,48.3,1
2026-01-12T12:14:51.262986,17.5,48.3,1
2026-01-12T12:14:53.518536,17.5,48.3,1
2026-01-12T12:14:55.773054,17.5,48.3,1
2026-01-12T12:14:58.027420,17.4,48.2,1
2026-01-12T12:15:00.282112,17.5,48.3,1
2026-01-12T12:15:02.536783,17.5,48.3,1
2026-01-12T12:15:04.791102,17.5,48.3,1
2026-01-12T12:15:07.045643,17.4,48.2,1
2026-01-12T12:15:09.301758,17.5,48.3,1
2026-01-12T12:15:11.556357,17.4,48.2,1
2026-01-12T12:15:13.811173,17.5,48.3,1
2026-01-12T12:15:16.065589,17.5,48.3,1
2026-01-12T12:15:18.319768,17.5,48.3,1
2026-01-12T12:15:20.574594,17.5,48.3,1
2026-01-12T12:15:22.829203,17.5,48.3,1
2026-01-12T12:15:25.083441,17.4,48.2,1
2026-01-12T12:15:27.337657,17.5,48.3,1
2026-01-12T12:15:29.591998,17.4,48.2,0
2026-01-12T12:15:31.846458,17.4,48.2,0
2026-01-12T12:15:34.101058,17.5,48.3,0
2026-01-12T12:15:36.355487,17.5,48.3,0
2026-01-12T12:15:38.610037,17.5,48.3,0
2026-01-12T12:15:40.864224,17.5,48.3,0
2026-01-12T12:15:43.118842,17.5,48.2,0
2026-01-12T12:15:45.373198,17.5,48.3,1
2026-01-12T12:15:47.627901,17.5,48.3,1
2026-01-12T12:15:49.884236,17.5,48.2,1
2026-01-12T12:15:52.138184,17.5,48.3,1
2026-01-12T12:15:54.392412,17.4,48.2,1
2026-01-12T12:15:56.647224,17.5,48.3,1
2026-01-12T12:15:58.901483,17.5,48.2,1
2026-01-12T12:16:01.155625,17.5,48.2,1
2026-01-12T12:16:03.410070,17.4,48.2,1
2026-01-12T12:16:05.664203,17.5,48.2,1
2026-01-12T12:16:07.919020,17.4,48.2,1
2026-01-12T12:16:10.173618,17.4,48.2,1
2026-01-12T12:16:12.428141,17.5,48.2,1
2026-01-12T12:16:14.682948,17.5,48.3,1
2026-01-12T12:16:16.937277,17.5,48.3,1
2026-01-12T12:16:19.191366,17.4,48.2,1
2026-01-12T12:16:21.445952,17.5,48.3,1
2026-01-12T12:16:23.700437,17.5,48.3,1
2026-01-12T12:16:25.955061,17.5,48.3,0
2026-01-12T12:16:28.209927,17.5,48.3,0
2026-01-12T12:16:30.464293,17.4,48.2,0
2026-01-12T12:16:32.718981,17.4,48.2,0
2026-01-12T12:16:34.973583,17.5,48.2,0
2026-01-12T12:16:37.228162,17.4,48.2,0
2026-01-12T12:16:39.482696,17.5,48.3,0
2026-01-12T12:16:41.737310,17.5,48.2,1
2026-01-12T12:16:43.991612,17.4,48.2,1
2026-01-12T12:16:46.246044,17.5,48.2,1
2026-01-12T12:16:48.500670,17.5,48.2,1
2026-01-12T12:16:50.755361,17.5,48.3,1
2026-01-12T12:16:53.009693,17.5,48.2,1
2026-01-12T12:16:55.264143,17.4,48.1,1
2026-01-12T12:16:57.519907,17.5,48.2,1
2026-01-12T12:16:59.855335,17.4,48.2,1
2026-01-12T12:17:02.121462,17.4,48.2,1
2026-01-12T12:17:04.375993,17.5,48.2,1
2026-01-12T12:17:06.630566,17.5,48.2,1
2026-01-12T12:17:08.884930,17.5,48.3,1
2026-01-12T12:17:11.139442,17.4,48.2,1
2026-01-12T12:17:13.393942,17.5,48.2,1
2026-01-12T12:17:15.648762,17.4,48.2,1
2026-01-12T12:17:17.903124,17.4,48.2,1
2026-01-12T12:17:20.157496,17.4,48.2,1
2026-01-12T12:17:22.412199,17.5,48.2,0
2026-01-12T12:17:24.666875,17.4,48.2,0
2026-01-12T12:17:26.921277,17.4,48.2,0
2026-01-12T12:17:29.175914,17.5,48.3,0
2026-01-12T12:17:31.430502,17.4,48.2,0
2026-01-12T12:17:33.684908,17.5,48.2,0
2026-01-12T12:17:35.939596,17.5,48.2,0
2026-01-12T12:17:38.194192,17.5,48.3,1
2026-01-12T12:17:40.448695,17.5,48.2,1
2026-01-12T12:17:42.703462,17.4,48.2,1
2026-01-12T12:17:44.958065,17.5,48.3,1
2026-01-12T12:17:47.212568,17.4,48.2,1
2026-01-12T12:17:49.467355,17.4,48.1,1
2026-01-12T12:17:51.721978,17.5,48.2,1
2026-01-12T12:17:53.976185,17.5,48.2,1
2026-01-12T12:17:56.231019,17.4,48.1,1
2026-01-12T12:17:58.485445,17.4,48.2,1
2026-01-12T12:18:00.739839,17.5,48.2,1
2026-01-12T12:18:02.994502,17.5,48.2,1
2026-01-12T12:18:05.250696,17.5,48.3,1
2026-01-12T12:18:07.504925,17.5,48.3,1
2026-01-12T12:18:09.759596,17.5,48.3,1
2026-01-12T12:18:12.014119,17.5,48.2,1
2026-01-12T12:18:14.268236,17.4,48.2,1
2026-01-12T12:18:16.523090,17.4,48.2,1
2026-01-12T12:18:18.777634,17.4,48.1,0
2026-01-12T12:18:21.031816,17.5,48.3,0
2026-01-12T12:18:23.286444,17.4,48.2,0
2026-01-12T12:18:25.541129,17.5,48.2,0
2026-01-12T12:18:27.795382,17.5,48.3,0
2026-01-12T12:18:30.049941,17.5,48.3,0
2026-01-12T12:18:32.304153,17.5,48.3,0
2026-01-12T12:18:34.558818,17.5,48.2,1
2026-01-12T12:18:36.813093,17.4,48.2,1
2026-01-12T12:18:39.067412,17.5,48.3,1
2026-01-12T12:18:41.321662,17.4,48.1,1
2026-01-12T12:18:43.576323,17.5,48.2,1
2026-01-12T12:18:45.831009,17.5,48.2,1
2026-01-12T12:18:48.085554,17.5,48.2,1
2026-01-12T12:18:50.339724,17.4,48.2,1
2026-01-12T12:18:52.593935,17.4,48.2,1
2026-01-12T12:18:54.847970,17.5,48.2,1
2026-01-12T12:18:57.102604,17.5,48.2,1
2026-01-12T12:18:59.356840,17.5,48.2,1
2026-01-12T12:19:01.611225,17.5,48.2,1
2026-01-12T12:19:03.865879,17.5,48.2,1
2026-01-12T12:19:06.120362,17.5,48.2,1
2026-01-12T12:19:08.374983,17.4,48.2,1
2026-01-12T12:19:10.629528,17.5,48.2,1
2026-01-12T12:19:12.883581,17.5,48.3,1
2026-01-12T12:19:15.138095,17.5,48.3,0
2026-01-12T12:19:17.392507,17.5,48.3,0
2026-01-12T12:19:19.646921,17.5,48.3,0
2026-01-12T12:19:21.901253,17.5,48.3,0
2026-01-12T12:19:24.155540,17.5,48.3,0
2026-01-12T12:19:26.409519,17.4,48.2,0
2026-01-12T12:19:28.663718,17.5,48.3,1
2026-01-12T12:19:30.918365,17.4,48.2,1
2026-01-12T12:19:33.172960,17.4,48.2,1
2026-01-12T12:19:35.427231,17.4,48.2,1
2026-01-12T12:19:37.682010,17.4,48.2,1
2026-01-12T12:19:39.936087,17.4,48.1,1
2026-01-12T12:19:42.190601,17.5,48.3,1
2026-01-12T12:19:44.445057,17.4,48.2,1
2026-01-12T12:19:46.699733,17.5,48.2,1
2026-01-12T12:19:48.954040,17.5,48.2,1
2026-01-12T12:19:51.208703,17.4,48.2,1
2026-01-12T12:19:53.465218,17.5,48.3,1
2026-01-12T12:19:55.719735,17.4,48.2,1
2026-01-12T12:19:57.974415,17.4,48.2,1
2026-01-12T12:20:00.229029,17.5,48.3,1
2026-01-12T12:20:02.483339,17.5,48.2,1
2026-01-12T12:20:04.738088,17.5,48.3,1
2026-01-12T12:20:06.993571,17.5,48.2,1
2026-01-12T12:20:09.248091,17.4,48.2,1
2026-01-12T12:20:11.502842,17.5,48.2,0
2026-01-12T12:20:13.757590,17.4,48.2,0
2026-01-12T12:20:16.012025,17.5,48.2,0
2026-01-12T12:20:18.266850,17.5,48.2,0
2026-01-12T12:20:20.521423,17.4,48.2,0
2026-01-12T12:20:22.857026,17.5,48.2,0
2026-01-12T12:20:25.169561,17.5,48.2,1
2026-01-12T12:20:27.424096,17.4,48.2,1
2026-01-12T12:20:29.678666,17.4,48.2,1
2026-01-12T12:20:31.933417,17.4,48.2,1
2026-01-12T12:20:34.187900,17.5,48.2,1
2026-01-12T12:20:36.442533,17.4,48.2,1
2026-01-12T12:20:38.697252,17.5,48.2,1
2026-01-12T12:20:40.951681,17.5,48.2,1
2026-01-12T12:20:43.206118,17.5,48.2,1
2026-01-12T12:20:45.460641,17.4,48.1,1
2026-01-12T12:20:47.715343,17.5,48.3,1
2026-01-12T12:20:49.969840,17.5,48.2,1
2026-01-12T12:20:52.224442,17.5,48.2,1
2026-01-12T12:20:54.478981,17.4,48.1,1
2026-01-12T12:20:56.733460,17.5,48.2,1
2026-01-12T12:20:58.988004,17.5,48.2,1
2026-01-12T12:21:01.242522,17.5,48.2,1
2026-01-12T12:21:03.496681,17.5,48.2,1
2026-01-12T12:21:05.751275,17.4,48.2,1
2026-01-12T12:21:08.005374,17.5,48.2,0
2026-01-12T12:21:10.259669,17.5,48.2,0
2026-01-12T12:21:12.514378,17.4,48.2,0
2026-01-12T12:21:14.768799,17.4,48.2,0
2026-01-12T12:21:17.022754,17.5,48.3,0
2026-01-12T12:21:19.277323,17.5,48.2,0
2026-01-12T12:21:21.532000,17.5,48.2,1
2026-01-12T12:21:23.786590,17.5,48.2,1
2026-01-12T12:21:26.041298,17.5,48.2,1
2026-01-12T12:21:28.295861,17.5,48.2,1
2026-01-12T12:21:30.550515,17.5,48.2,1
2026-01-12T12:21:32.804982,17.5,48.2,1
2026-01-12T12:21:35.059319,17.4,48.1,1
2026-01-12T12:21:37.313792,17.5,48.2,1
2026-01-12T12:21:39.568456,17.5,48.2,1
2026-01-12T12:21:41.823080,17.5,48.2,1
2026-01-12T12:21:44.077538,17.5,48.2,1
2026-01-12T12:21:46.332135,17.5,48.2,1
2026-01-12T12:21:48.586352,17.5,48.2,1
2026-01-12T12:21:50.840452,17.5,48.2,1
2026-01-12T12:21:53.095278,17.5,48.2,1
2026-01-12T12:21:55.349691,17.5,48.2,1
2026-01-12T12:21:57.603808,17.5,48.2,1
2026-01-12T12:21:59.858594,17.5,48.2,1
2026-01-12T12:22:02.112820,17.5,48.2,1
2026-01-12T12:22:04.367151,17.5,48.2,0
2026-01-12T12:22:06.621956,17.5,48.2,0
2026-01-12T12:22:08.876122,17.5,48.2,0
2026-01-12T12:22:11.130710,17.5,48.2,0
2026-01-12T12:22:13.384946,17.5,48.2,0
2026-01-12T12:22:15.641610,17.5,48.2,0
2026-01-12T12:22:17.895762,17.4,48.1,1
2026-01-12T12:22:20.150410,17.5,48.2,1
2026-01-12T12:22:22.404721,17.5,48.2,1
2026-01-12T12:22:24.659129,17.5,48.2,1
2026-01-12T12:22:26.913751,17.5,48.2,1
2026-01-12T12:22:29.167956,17.4,48.1,1
2026-01-12T12:22:31.422524,17.5,48.2,1
2026-01-12T12:22:33.677169,17.4,48.1,1
2026-01-12T12:22:35.933753,17.5,48.2,1
2026-01-12T12:22:38.188032,17.5,48.2,1
2026-01-12T12:22:40.442727,17.5,48.2,1
2026-01-12T12:22:42.697412,17.5,48.2,1
2026-01-12T12:22:44.951632,17.5,48.2,1
2026-01-12T12:22:47.206351,17.5,48.2,1
2026-01-12T12:22:49.460479,17.4,48.1,1
2026-01-12T12:22:51.715097,17.5,48.2,1
2026-01-12T12:22:53.969520,17.5,48.2,1
2026-01-12T12:22:56.223748,17.4,48.1,1
2026-01-12T12:22:58.478263,17.4,48.1,1
2026-01-12T12:23:00.732713,17.5,48.1,0
2026-01-12T12:23:02.986981,17.4,48.0,0
2026-01-12T12:23:05.241277,17.4,47.9,0
2026-01-12T12:23:07.495866,17.4,47.9,0
2026-01-12T12:23:09.750434,17.5,48.0,0
2026-01-12T12:23:12.004655,17.4,47.9,0
2026-01-12T12:23:14.259475,17.4,47.9,1
2026-01-12T12:23:16.513951,17.5,48.0,1
2026-01-12T12:23:18.768475,17.4,47.9,1
2026-01-12T12:23:21.023281,17.4,47.9,1
2026-01-12T12:23:23.277584,17.5,48.0,1
2026-01-12T12:23:25.531675,17.4,47.9,1
2026-01-12T12:23:27.786455,17.4,47.9,1
2026-01-12T12:23:30.040464,17.5,48.0,1
2026-01-12T12:23:32.295040,17.4,47.9,1
2026-01-12T12:23:34.549649,17.4,47.9,1
2026-01-12T12:23:36.803917,17.4,47.9,1
2026-01-12T12:23:39.058475,17.4,47.9,1
2026-01-12T12:23:41.312643,17.4,47.8,1
2026-01-12T12:23:43.567246,17.4,47.9,1
2026-01-12T12:23:45.821650,17.4,47.9,1
2026-01-12T12:23:48.076090,17.5,48.0,1
2026-01-12T12:23:50.330702,17.4,47.9,1
2026-01-12T12:23:52.584899,17.5,48.0,1
2026-01-12T12:23:54.839244,17.4,47.9,0
2026-01-12T12:23:57.093738,17.5,48.0,0
2026-01-12T12:23:59.348098,17.5,48.0,0
2026-01-12T12:24:01.603030,17.4,47.9,0
2026-01-12T12:24:03.857550,17.4,47.9,0
2026-01-12T12:24:06.111523,17.4,47.9,0
2026-01-12T12:24:08.366313,17.4,47.9,0
2026-01-12T12:24:10.620498,17.4,47.9,1
2026-01-12T12:24:12.875094,17.4,47.9,1
2026-01-12T12:24:15.129530,17.4,47.9,1
2026-01-12T12:24:17.384098,17.4,47.9,1
2026-01-12T12:24:19.638719,17.4,47.9,1
2026-01-12T12:24:21.893168,17.5,48.0,1
2026-01-12T12:24:24.147723,17.4,47.9,1
2026-01-12T12:24:26.402115,17.4,47.9,1
2026-01-12T12:24:28.656571,17.4,47.9,1
2026-01-12T12:24:30.911249,17.5,48.0,1
2026-01-12T12:24:33.165536,17.4,47.9,1
2026-01-12T12:24:35.420048,17.4,48.0,1
2026-01-12T12:24:37.674763,17.4,47.9,1
2026-01-12T12:24:39.929224,17.4,48.0,1
2026-01-12T12:24:42.183409,17.4,47.9,1
2026-01-12T12:24:44.437915,17.5,48.0,1
2026-01-12T12:24:46.692278,17.4,47.9,1
2026-01-12T12:24:48.947124,17.4,47.9,1
2026-01-12T12:24:51.201548,17.4,47.9,0
2026-01-12T12:24:53.455539,17.4,47.9,0
2026-01-12T12:24:55.710288,17.4,47.9,0
2026-01-12T12:24:57.964416,17.4,47.9,0
2026-01-12T12:25:00.219003,17.4,47.9,0
2026-01-12T12:25:02.473525,17.5,48.0,0
2026-01-12T12:25:04.729816,17.4,47.9,0
2026-01-12T12:25:06.984169,17.4,47.9,1
2026-01-12T12:25:09.238681,17.4,47.9,1
2026-01-12T12:25:11.492961,17.4,47.9,1
2026-01-12T12:25:13.747035,17.4,47.9,1
2026-01-12T12:25:16.001696,17.5,48.0,1
2026-01-12T12:25:18.256224,17.4,48.0,1
2026-01-12T12:25:20.510752,17.4,47.9,1
2026-01-12T12:25:22.765238,17.4,47.9,1
2026-01-12T12:25:25.021848,17.4,47.9,1
2026-01-12T12:25:27.275999,17.4,47.9,1
2026-01-12T12:25:29.530851,17.4,48.0,1
2026-01-12T12:25:31.787274,17.4,47.9,1
2026-01-12T12:25:34.041768,17.4,47.9,1
2026-01-12T12:25:36.296186,17.4,47.9,1
2026-01-12T12:25:38.550836,17.4,47.9,1
2026-01-12T12:25:40.805168,17.4,47.9,1
2026-01-12T12:25:43.059714,17.4,47.9,1
2026-01-12T12:25:45.314180,17.4,47.9,1
2026-01-12T12:25:47.568646,17.4,47.9,0
2026-01-12T12:25:49.823490,17.4,47.9,0
2026-01-12T12:25:52.078025,17.4,47.9,0
2026-01-12T12:25:54.332149,17.4,47.8,0
2026-01-12T12:25:56.586482,17.4,47.8,0
2026-01-12T12:25:58.840557,17.4,47.8,0
2026-01-12T12:26:01.095152,17.4,47.8,0
2026-01-12T12:26:03.349370,17.4,47.8,1
2026-01-12T12:26:05.603465,17.4,47.7,1
2026-01-12T12:26:07.857827,17.4,47.7,1
2026-01-12T12:26:10.112016,17.4,47.7,1
2026-01-12T12:26:12.366459,17.4,47.7,1
2026-01-12T12:26:14.620504,17.4,47.7,1
2026-01-12T12:26:16.875310,17.4,47.7,1
2026-01-12T12:26:19.129766,17.4,47.7,1
2026-01-12T12:26:21.383729,17.4,47.8,1
2026-01-12T12:26:23.638593,17.4,47.8,1
2026-01-12T12:26:25.892636,17.4,47.7,1
2026-01-12T12:26:28.147201,17.4,47.8,1
2026-01-12T12:26:30.401890,17.4,47.8,1
2026-01-12T12:26:32.656268,17.4,47.8,1
2026-01-12T12:26:34.910582,17.4,47.8,1
2026-01-12T12:26:37.164697,17.4,47.8,1
2026-01-12T12:26:39.418709,17.4,47.8,1
2026-01-12T12:26:41.672905,17.4,47.8,1
2026-01-12T12:26:43.927072,17.4,47.7,0
2026-01-12T12:26:46.183350,17.4,47.7,0
2026-01-12T12:26:48.437763,17.4,47.7,0
2026-01-12T12:26:50.692137,17.4,47.7,0
2026-01-12T12:26:52.946266,17.4,47.7,0
2026-01-12T12:26:55.200695,17.4,47.7,0
2026-01-12T12:26:57.455551,17.4,47.7,0
2026-01-12T12:26:59.710209,17.4,47.7,1
2026-01-12T12:27:01.964460,17.4,47.7,1
2026-01-12T12:27:04.219261,17.4,47.7,1
2026-01-12T12:27:06.473626,17.4,47.7,1
2026-01-12T12:27:08.728119,17.4,47.7,1
2026-01-12T12:27:10.982755,17.4,47.7,1
2026-01-12T12:27:13.237237,17.4,47.7,1
2026-01-12T12:27:15.491655,17.4,47.7,1
2026-01-12T12:27:17.746500,17.4,47.7,1
2026-01-12T12:27:20.000905,17.4,47.7,1
2026-01-12T12:27:22.255130,17.4,47.7,1
2026-01-12T12:27:24.509726,17.4,47.6,1
2026-01-12T12:27:26.764223,17.4,47.6,1
2026-01-12T12:27:29.018660,17.4,47.6,1
2026-01-12T12:27:31.273054,17.4,47.6,1
2026-01-12T12:27:33.527184,17.4,47.6,1
2026-01-12T12:27:35.781627,17.4,47.6,1
2026-01-12T12:27:38.035954,17.4,47.5,1
2026-01-12T12:27:40.290512,17.4,47.6,0
2026-01-12T12:27:42.544967,17.4,47.6,0
2026-01-12T12:27:44.799641,17.4,47.6,0
2026-01-12T12:27:47.054251,17.4,47.6,0
2026-01-12T12:27:49.308792,17.4,47.6,0
2026-01-12T12:27:51.563494,17.4,47.6,0
2026-01-12T12:27:53.818132,17.4,47.7,0
2026-01-12T12:27:56.072173,17.4,47.7,1
2026-01-12T12:27:58.326979,17.4,47.8,1
2026-01-12T12:28:00.581261,17.4,47.8,1
2026-01-12T12:28:02.835719,17.4,47.8,1
2026-01-12T12:28:05.090449,17.4,47.8,1
2026-01-12T12:28:07.344950,17.4,47.9,1
2026-01-12T12:28:09.599339,17.4,47.9,1
2026-01-12T12:28:11.854086,17.4,47.9,1
2026-01-12T12:28:14.108454,17.4,47.9,1
2026-01-12T12:28:16.363001,17.4,47.9,1
2026-01-12T12:28:18.617871,17.4,47.9,1
2026-01-12T12:28:20.872229,17.4,47.9,1
2026-01-12T12:28:23.126752,17.4,47.8,1
2026-01-12T12:28:25.381233,17.4,47.8,1
2026-01-12T12:28:27.635725,17.4,47.8,1
2026-01-12T12:28:29.890280,17.4,47.8,1
2026-01-12T12:28:32.145003,17.4,47.7,1
2026-01-12T12:28:34.399497,17.4,47.7,1
2026-01-12T12:28:36.654088,17.4,47.7,0
2026-01-12T12:28:38.908750,17.4,47.7,0
2026-01-12T12:28:41.163217,17.4,47.7,0
2026-01-12T12:28:43.417727,17.4,47.7,0
2026-01-12T12:28:45.672193,17.4,47.7,0
2026-01-12T12:28:47.926792,17.4,47.7,0
2026-01-12T12:28:50.181005,17.4,47.7,0
2026-01-12T12:28:52.435528,17.4,47.7,1
2026-01-12T12:28:54.690175,17.4,47.7,1
2026-01-12T12:28:56.944503,17.4,47.7,1
2026-01-12T12:28:59.199281,17.4,47.7,1
2026-01-12T12:29:01.453531,17.4,47.7,1
2026-01-12T12:29:03.707979,17.4,47.7,1
2026-01-12T12:29:05.962727,17.4,47.7,1
2026-01-12T12:29:08.217174,17.4,47.6,1
2026-01-12T12:29:10.471535,17.4,47.6,1
2026-01-12T12:29:12.726303,17.4,47.7,1
2026-01-12T12:29:14.980767,17.4,47.6,1
2026-01-12T12:29:17.235025,17.4,47.6,1
2026-01-12T12:29:19.489727,17.4,47.6,1
2026-01-12T12:29:21.744228,17.4,47.6,1
2026-01-12T12:29:23.998779,17.4,47.6,1
2026-01-12T12:29:26.253089,17.4,47.6,1
2026-01-12T12:29:28.509753,17.4,47.6,1
2026-01-12T12:29:30.764172,17.4,47.6,1
2026-01-12T12:29:33.018967,17.4,47.6,0
2026-01-12T12:29:35.273462,17.4,47.6,0
2026-01-12T12:29:37.528101,17.4,47.6,0
2026-01-12T12:29:39.782939,17.4,47.6,0
2026-01-12T12:29:42.037216,17.4,47.6,0
2026-01-12T12:29:44.291511,17.4,47.6,0
2026-01-12T12:29:46.546321,17.4,47.6,0
2026-01-12T12:29:48.800633,17.4,47.6,1
2026-01-12T12:29:51.055252,17.4,47.6,1
2026-01-12T12:29:53.309905,17.4,47.6,1
2026-01-12T12:29:55.566649,17.4,47.6,1
2026-01-12T12:29:57.820977,17.4,47.5,1
2026-01-12T12:30:00.075551,17.4,47.5,1
2026-01-12T12:30:02.330120,17.4,47.5,1
2026-01-12T12:30:04.584334,17.4,47.5,1
2026-01-12T12:30:06.839206,17.4,47.5,1
2026-01-12T12:30:09.093723,17.4,47.4,1
2026-01-12T12:30:11.347968,17.4,47.4,1
2026-01-12T12:30:13.602753,17.4,47.4,1
2026-01-12T12:30:15.858434,17.4,47.4,1
2026-01-12T12:30:18.112395,17.4,47.5,1
2026-01-12T12:30:20.367244,17.4,47.5,1
2026-01-12T12:30:22.621585,17.4,47.5,1
2026-01-12T12:30:24.875644,17.4,47.5,1
2026-01-12T12:30:27.130408,17.4,47.4,1
2026-01-12T12:30:29.384528,17.4,47.5,0
2026-01-12T12:30:31.639228,17.4,47.5,0
2026-01-12T12:30:33.893536,17.4,47.5,0
2026-01-12T12:30:36.148107,17.4,47.5,0
2026-01-12T12:30:38.402662,17.4,47.5,0
2026-01-12T12:30:40.657016,17.4,47.5,0
2026-01-12T12:30:42.911311,17.4,47.5,0
2026-01-12T12:30:45.165451,17.4,47.5,1
2026-01-12T12:30:47.419866,17.4,47.4,1
2026-01-12T12:30:49.674641,17.4,47.5,1
2026-01-12T12:30:51.928947,17.4,47.4,1
2026-01-12T12:30:54.183246,17.4,47.4,1
2026-01-12T12:30:56.437869,17.4,47.4,1
2026-01-12T12:30:58.692315,17.4,47.4,1
2026-01-12T12:31:00.947133,17.4,47.4,1
2026-01-12T12:31:03.201669,17.4,47.5,1
2026-01-12T12:31:05.455964,17.4,47.5,1
2026-01-12T12:31:07.710839,17.4,47.5,1
2026-01-12T12:31:09.965605,17.4,47.4,1
2026-01-12T12:31:12.219957,17.4,47.5,1
2026-01-12T12:31:14.474628,17.4,47.4,1
2026-01-12T12:31:16.728862,17.4,47.4,1
2026-01-12T12:31:18.982948,17.4,47.4,1
2026-01-12T12:31:21.237584,17.4,47.4,1
2026-01-12T12:31:23.492007,17.4,47.4,1
2026-01-12T12:31:25.746653,17.4,47.4,0
2026-01-12T12:31:28.001423,17.4,47.4,0
2026-01-12T12:31:30.255819,17.4,47.4,0
2026-01-12T12:31:32.510333,17.4,47.4,0
2026-01-12T12:31:34.765444,17.4,47.4,0
2026-01-12T12:31:37.019631,17.4,47.4,0
2026-01-12T12:31:39.274050,17.4,47.4,0
2026-01-12T12:31:41.528482,17.4,47.5,1
2026-01-12T12:31:43.783137,17.4,47.4,1
2026-01-12T12:31:46.037660,17.4,47.4,1
2026-01-12T12:31:48.292121,17.4,47.4,1
2026-01-12T12:31:50.546814,17.4,47.4,1
2026-01-12T12:31:52.801301,17.4,47.4,1
2026-01-12T12:31:55.055762,17.4,47.4,1
2026-01-12T12:31:57.310246,17.4,47.4,1
2026-01-12T12:31:59.564623,17.4,47.4,1
2026-01-12T12:32:01.819325,17.4,47.4,1
2026-01-12T12:32:04.073731,17.4,47.4,1
2026-01-12T12:32:06.328269,17.4,47.4,1
2026-01-12T12:32:08.582749,17.4,47.4,1
2026-01-12T12:32:10.837345,17.4,47.4,1
2026-01-12T12:32:13.091388,17.4,47.4,1
2026-01-12T12:32:15.345995,17.4,47.4,1
2026-01-12T12:32:17.600484,17.4,47.4,1
2026-01-12T12:32:19.855030,17.4,47.4,1
2026-01-12T12:32:22.109682,17.4,47.3,0
2026-01-12T12:32:24.364084,17.4,47.4,0
2026-01-12T12:32:26.618673,17.4,47.4,0
2026-01-12T12:32:28.873335,17.4,47.4,0
2026-01-12T12:32:31.129847,17.4,47.4,0
2026-01-12T12:32:33.384071,17.4,47.4,0
2026-01-12T12:32:35.638573,17.4,47.4,0
2026-01-12T12:32:37.895133,17.4,47.3,1
2026-01-12T12:32:40.149640,17.4,47.2,1
2026-01-12T12:32:42.404378,17.4,47.3,1
2026-01-12T12:32:44.658879,17.4,47.2,1
2026-01-12T12:32:46.913421,17.4,47.2,1
2026-01-12T12:32:49.167625,17.4,47.3,1
2026-01-12T12:32:51.422148,17.4,47.3,1
2026-01-12T12:32:53.676804,17.4,47.3,1
2026-01-12T12:32:55.931467,17.4,47.3,1
2026-01-12T12:32:58.185482,17.4,47.3,1
2026-01-12T12:33:00.439833,17.4,47.3,1
2026-01-12T12:33:02.694525,17.4,47.3,1
2026-01-12T12:33:04.948729,17.4,47.3,1
2026-01-12T12:33:07.203345,17.4,47.3,1
2026-01-12T12:33:09.457884,17.4,47.3,1
2026-01-12T12:33:11.712504,17.4,47.3,1
2026-01-12T12:33:13.967076,17.4,47.3,1
2026-01-12T12:33:16.221677,17.4,47.3,1
2026-01-12T12:33:18.476157,17.4,47.3,0
2026-01-12T12:33:20.730723,17.4,47.3,0
2026-01-12T12:33:22.985335,17.4,47.2,0
2026-01-12T12:33:25.239473,17.4,47.2,0
2026-01-12T12:33:27.493935,17.4,47.2,0
2026-01-12T12:33:29.748518,17.4,47.2,0
2026-01-12T12:33:32.003187,17.4,47.2,0
2026-01-12T12:33:34.257554,17.4,47.2,1
2026-01-12T12:33:36.512095,17.4,47.2,1
2026-01-12T12:33:38.766713,17.4,47.2,1
2026-01-12T12:33:41.020899,17.4,47.2,1
2026-01-12T12:33:43.275232,17.4,47.2,1
2026-01-12T12:33:45.529905,17.4,47.2,1
2026-01-12T12:33:47.784174,17.4,47.2,1
2026-01-12T12:33:50.039019,17.4,47.2,1
2026-01-12T12:33:52.293390,17.4,47.2,1
2026-01-12T12:33:54.547916,17.4,47.1,1
2026-01-12T12:33:56.802643,17.4,47.1,1
2026-01-12T12:33:59.057147,17.4,47.1,1
2026-01-12T12:34:01.311263,17.4,47.1,1
2026-01-12T12:34:03.565815,17.4,47.1,1
2026-01-12T12:34:05.820248,17.4,47.1,1
2026-01-12T12:34:08.074804,17.4,47.1,1
2026-01-12T12:34:10.329378,17.4,47.1,1
2026-01-12T12:34:12.583626,17.4,47.1,1
2026-01-12T12:34:14.838016,17.4,47.1,0
2026-01-12T12:34:17.092488,17.4,47.1,0
2026-01-12T12:34:19.347129,17.4,47.1,0
2026-01-12T12:34:21.601524,17.4,47.1,0
2026-01-12T12:34:23.856036,17.4,47.1,0
2026-01-12T12:34:26.110598,17.4,47.1,0
2026-01-12T12:34:28.364578,17.4,47.2,0
2026-01-12T12:34:30.619506,17.4,47.2,1
2026-01-12T12:34:32.874044,17.4,47.2,1
2026-01-12T12:34:35.128399,17.4,47.2,1
2026-01-12T12:34:37.383275,17.4,47.2,1
2026-01-12T12:34:39.637960,17.4,47.2,1
2026-01-12T12:34:41.892035,17.4,47.2,1
2026-01-12T12:34:44.146763,17.4,47.2,1
2026-01-12T12:34:46.401064,17.4,47.2,1
2026-01-12T12:34:48.655428,17.4,47.2,1
2026-01-12T12:34:50.909924,17.4,47.2,1
2026-01-12T12:34:53.164082,17.4,47.2,1
2026-01-12T12:34:55.418584,17.4,47.1,1
2026-01-12T12:34:57.673276,17.4,47.2,1
2026-01-12T12:34:59.927455,17.4,47.2,1
2026-01-12T12:35:02.181990,17.4,47.2,1
2026-01-12T12:35:04.436424,17.4,47.2,1
2026-01-12T12:35:06.691205,17.4,47.2,1
2026-01-12T12:35:08.945670,17.3,47.1,1
2026-01-12T12:35:11.200265,17.4,47.2,0
2026-01-12T12:35:13.454879,17.4,47.2,0
2026-01-12T12:35:15.709465,17.4,47.1,0
2026-01-12T12:35:17.963779,17.4,47.2,0
2026-01-12T12:35:20.218391,17.4,47.2,0
2026-01-12T12:35:22.472585,17.4,47.2,0
2026-01-12T12:35:24.727545,17.4,47.2,0
2026-01-12T12:35:26.982031,17.4,47.2,1
2026-01-12T12:35:29.236402,17.4,47.2,1
2026-01-12T12:35:31.491171,17.4,47.2,1
2026-01-12T12:35:33.745892,17.4,47.2,1
2026-01-12T12:35:36.000320,17.4,47.2,1
2026-01-12T12:35:38.255175,17.4,47.2,1
2026-01-12T12:35:40.509575,17.4,47.1,1
2026-01-12T12:35:42.764124,17.4,47.2,1
2026-01-12T12:35:45.018868,17.4,47.2,1
2026-01-12T12:35:47.273244,17.4,47.1,1
2026-01-12T12:35:49.527666,17.4,47.2,1
2026-01-12T12:35:51.782272,17.4,47.1,1
2026-01-12T12:35:54.036522,17.4,47.2,1
2026-01-12T12:35:56.291101,17.4,47.2,1
2026-01-12T12:35:58.545757,17.4,47.2,1
2026-01-12T12:36:00.800332,17.4,47.2,1
2026-01-12T12:36:03.054793,17.4,47.2,1
2026-01-12T12:36:05.309324,17.3,47.1,1
2026-01-12T12:36:07.563934,17.4,47.1,0
2026-01-12T12:36:09.818435,17.4,47.2,0
2026-01-12T12:36:12.072926,17.3,47.1,0
2026-01-12T12:36:14.327362,17.4,47.1,0
2026-01-12T12:36:16.581551,17.4,47.2,0
2026-01-12T12:36:18.836160,17.4,47.1,0
2026-01-12T12:36:21.090703,17.4,47.1,0
2026-01-12T12:36:23.345178,17.4,47.1,1
2026-01-12T12:36:25.599841,17.4,47.1,1
2026-01-12T12:36:27.856389,17.4,47.1,1
2026-01-12T12:36:30.110828,17.4,47.1,1
2026-01-12T12:36:32.365358,17.4,47.1,1
2026-01-12T12:36:34.619760,17.4,47.1,1
2026-01-12T12:36:36.874290,17.4,47.1,1
2026-01-12T12:36:39.128876,17.4,47.0,1
2026-01-12T12:36:41.383369,17.4,47.0,1
2026-01-12T12:36:43.637886,17.4,47.0,1
2026-01-12T12:36:45.892556,17.3,47.0,1
2026-01-12T12:36:48.147177,17.4,47.0,1
2026-01-12T12:36:50.401675,17.4,47.0,1
2026-01-12T12:36:52.656163,17.4,47.0,1
2026-01-12T12:36:54.910528,17.4,47.0,1
2026-01-12T12:36:57.164615,17.3,46.9,1
2026-01-12T12:36:59.419316,17.3,46.9,1
2026-01-12T12:37:01.673939,17.4,46.9,1
2026-01-12T12:37:03.928352,17.3,46.8,0
2026-01-12T12:37:06.183066,17.4,46.8,0
2026-01-12T12:37:08.439810,17.4,46.8,0
2026-01-12T12:37:10.694349,17.4,46.9,0
2026-01-12T12:37:12.948783,17.3,46.8,0
2026-01-12T12:37:15.203312,17.4,46.9,0
2026-01-12T12:37:17.457719,17.4,46.9,0
2026-01-12T12:37:19.712522,17.4,46.9,1
2026-01-12T12:37:21.967121,17.4,46.9,1
2026-01-12T12:37:24.221528,17.3,46.8,1
2026-01-12T12:37:26.476206,17.4,46.9,1
2026-01-12T12:37:28.730995,17.4,46.9,1
2026-01-12T12:37:30.985116,17.3,46.8,1
2026-01-12T12:37:33.239625,17.4,46.9,1
2026-01-12T12:37:35.494073,17.3,46.8,1
2026-01-12T12:37:37.748361,17.3,46.8,1
2026-01-12T12:37:40.003167,17.3,46.8,1
2026-01-12T12:37:42.257698,17.3,46.8,1
2026-01-12T12:37:44.512141,17.3,46.8,1
2026-01-12T12:37:46.766975,17.3,46.8,1
2026-01-12T12:37:49.021565,17.3,46.8,1
2026-01-12T12:37:51.275576,17.4,46.9,1
2026-01-12T12:37:53.530341,17.3,46.8,1
2026-01-12T12:37:55.784667,17.3,46.7,1
2026-01-12T12:37:58.039114,17.3,46.7,1
2026-01-12T12:38:00.293814,17.3,46.7,0
2026-01-12T12:38:02.548387,17.4,46.8,0
2026-01-12T12:38:04.802942,17.4,46.8,0
2026-01-12T12:38:07.057753,17.3,46.8,0
2026-01-12T12:38:09.312059,17.4,46.8,0
2026-01-12T12:38:11.566685,17.3,46.9,0
2026-01-12T12:38:13.821027,17.4,47.0,0
2026-01-12T12:38:16.075491,17.4,47.0,1
2026-01-12T12:38:18.330034,17.4,47.0,1
2026-01-12T12:38:20.584434,17.3,47.0,1
2026-01-12T12:38:22.839084,17.4,47.1,1
2026-01-12T12:38:25.093438,17.3,47.0,1
2026-01-12T12:38:27.347933,17.3,47.0,1
2026-01-12T12:38:29.602560,17.3,47.0,1
2026-01-12T12:38:31.857034,17.3,47.0,1
2026-01-12T12:38:34.111579,17.4,47.0,1
2026-01-12T12:38:36.366277,17.3,46.9,1
2026-01-12T12:38:38.620882,17.3,46.9,1
2026-01-12T12:38:40.875536,17.4,47.0,1
2026-01-12T12:38:43.130169,17.3,47.0,1
2026-01-12T12:38:45.384417,17.4,47.1,1
2026-01-12T12:38:47.639330,17.3,47.1,1
2026-01-12T12:38:49.893869,17.4,47.2,1
2026-01-12T12:38:52.148298,17.3,47.2,1
2026-01-12T12:38:54.403146,17.3,47.3,1
2026-01-12T12:38:56.657661,17.4,47.4,0
2026-01-12T12:38:58.912130,17.3,47.4,0
2026-01-12T12:39:01.166950,17.3,47.3,0
2026-01-12T12:39:03.421435,17.3,47.3,0
2026-01-12T12:39:05.676033,17.4,47.3,0
2026-01-12T12:39:07.930766,17.3,47.2,0
2026-01-12T12:39:10.185410,17.3,47.1,0
2026-01-12T12:39:12.439931,17.3,47.1,1
2026-01-12T12:39:14.694803,17.3,47.1,1
2026-01-12T12:39:16.949279,17.3,47.1,1
2026-01-12T12:39:19.203665,17.3,47.0,1
2026-01-12T12:39:21.458337,17.4,47.1,1
2026-01-12T12:39:23.713012,17.4,47.1,1
2026-01-12T12:39:25.967378,17.3,47.0,1
2026-01-12T12:39:28.222018,17.3,47.0,1
2026-01-12T12:39:30.476385,17.3,46.9,1
2026-01-12T12:39:32.731063,17.3,46.9,1
2026-01-12T12:39:34.985752,17.4,46.9,1
2026-01-12T12:39:37.240019,17.3,46.8,1
2026-01-12T12:39:39.494470,17.3,46.8,1
2026-01-12T12:39:41.749062,17.4,46.9,1
2026-01-12T12:39:44.003648,17.3,46.8,1
2026-01-12T12:39:46.258215,17.3,46.7,1
2026-01-12T12:39:48.512900,17.3,46.8,1
2026-01-12T12:39:50.767541,17.4,46.8,1
2026-01-12T12:39:53.021977,17.4,46.8,0
2026-01-12T12:39:55.276617,17.3,46.7,0
2026-01-12T12:39:57.531071,17.3,46.7,0
2026-01-12T12:39:59.785603,17.3,46.7,0
2026-01-12T12:40:02.040179,17.3,46.7,0
2026-01-12T12:40:04.294827,17.3,46.7,0
2026-01-12T12:40:06.549482,17.3,46.7,0
2026-01-12T12:40:08.804192,17.4,46.8,1
2026-01-12T12:40:11.058854,17.3,46.7,1
2026-01-12T12:40:13.313397,17.4,46.8,1
2026-01-12T12:40:15.567915,17.3,46.8,1
2026-01-12T12:40:17.822591,17.4,46.8,1
2026-01-12T12:40:20.077157,17.3,46.8,1
2026-01-12T12:40:22.331749,17.3,46.8,1
2026-01-12T12:40:24.585959,17.3,46.8,1
2026-01-12T12:40:26.840379,17.3,46.8,1
2026-01-12T12:40:29.095187,17.3,46.8,1
2026-01-12T12:40:31.349841,17.3,46.8,1
2026-01-12T12:40:33.604014,17.3,46.8,1
2026-01-12T12:40:35.858782,17.3,46.8,1
2026-01-12T12:40:38.113371,17.4,46.8,1
2026-01-12T12:40:40.367762,17.3,46.7,1
2026-01-12T12:40:42.622602,17.4,46.8,1
2026-01-12T12:40:44.877111,17.4,46.7,1
2026-01-12T12:40:47.131487,17.3,46.6,1
2026-01-12T12:40:49.386210,17.4,46.7,0
2026-01-12T12:40:51.640747,17.4,46.6,0
2026-01-12T12:40:53.895111,17.3,46.6,0
2026-01-12T12:40:56.149668,17.3,46.5,0
2026-01-12T12:40:58.404166,17.3,46.6,0
2026-01-12T12:41:00.658787,17.3,46.6,0
2026-01-12T12:41:02.913580,17.4,46.6,0
2026-01-12T12:41:05.167745,17.3,46.5,1
2026-01-12T12:41:07.422288,17.4,46.6,1
2026-01-12T12:41:09.676872,17.3,46.6,1
2026-01-12T12:41:11.931432,17.3,46.5,1
2026-01-12T12:41:14.185838,17.3,46.6,1
2026-01-12T12:41:16.440547,17.3,46.6,1
2026-01-12T12:41:18.695297,17.3,46.6,1
2026-01-12T12:41:20.949789,17.3,46.6,1
2026-01-12T12:41:23.204410,17.3,46.6,1
2026-01-12T12:41:25.459091,17.3,46.6,1
2026-01-12T12:41:27.713712,17.3,46.6,1
2026-01-12T12:41:29.968338,17.4,46.7,1
2026-01-12T12:41:32.222985,17.3,46.6,1
2026-01-12T12:41:34.477337,17.3,46.6,1
2026-01-12T12:41:36.732143,17.4,46.7,1
2026-01-12T12:41:38.986828,17.4,46.7,1
2026-01-12T12:41:41.241194,17.3,46.7,1
2026-01-12T12:41:43.495797,17.3,46.7,1
2026-01-12T12:41:45.750240,17.3,46.7,0
2026-01-12T12:41:48.004660,17.3,46.7,0
2026-01-12T12:41:50.259427,17.3,46.8,0
2026-01-12T12:41:52.514024,17.4,46.8,0
2026-01-12T12:41:54.768515,17.3,46.7,0
2026-01-12T12:41:57.023301,17.3,46.8,0
2026-01-12T12:41:59.277644,17.4,46.9,1
2026-01-12T12:42:01.532185,17.3,46.8,1
2026-01-12T12:42:03.786995,17.3,46.7,1
2026-01-12T12:42:06.041632,17.3,46.8,1
2026-01-12T12:42:08.295796,17.3,46.7,1
2026-01-12T12:42:10.550505,17.4,46.8,1
2026-01-12T12:42:12.804848,17.3,46.8,1
2026-01-12T12:42:15.059276,17.3,46.8,1
2026-01-12T12:42:17.313759,17.4,46.8,1
2026-01-12T12:42:19.568254,17.3,46.8,1
2026-01-12T12:42:21.822739,17.4,46.8,1
2026-01-12T12:42:24.077223,17.3,46.7,1
2026-01-12T12:42:26.331563,17.3,46.8,1
2026-01-12T12:42:28.585661,17.3,46.7,1
2026-01-12T12:42:30.840298,17.4,46.8,1
2026-01-12T12:42:33.094848,17.3,46.8,1
2026-01-12T12:42:35.349284,17.3,46.8,1
2026-01-12T12:42:37.603750,17.3,46.8,1
2026-01-12T12:42:39.857963,17.3,46.8,1
2026-01-12T12:42:42.112205,17.3,46.8,0
2026-01-12T12:42:44.366967,17.4,46.8,0
2026-01-12T12:42:46.621649,17.3,46.8,0
2026-01-12T12:42:48.876093,17.3,46.8,0
2026-01-12T12:42:51.130793,17.4,46.8,0
2026-01-12T12:42:53.385046,17.3,46.8,0
2026-01-12T12:42:55.639576,17.4,46.9,1
2026-01-12T12:42:57.894167,17.4,46.9,1
2026-01-12T12:43:00.148679,17.3,46.8,1
2026-01-12T12:43:02.403242,17.3,46.8,1
2026-01-12T12:43:04.657988,17.3,46.8,1
2026-01-12T12:43:06.914569,17.3,46.8,1
2026-01-12T12:43:09.169069,17.3,46.8,1
2026-01-12T12:43:11.423608,17.4,46.9,1
2026-01-12T12:43:13.678366,17.4,46.9,1
2026-01-12T12:43:15.932755,17.4,46.9,1
2026-01-12T12:43:18.187453,17.3,46.8,1
2026-01-12T12:43:20.444080,17.4,46.9,1
2026-01-12T12:43:22.698610,17.4,46.8,1
2026-01-12T12:43:24.953198,17.3,46.8,1
2026-01-12T12:43:27.207660,17.3,46.8,1
2026-01-12T12:43:29.462097,17.4,46.9,1
2026-01-12T12:43:31.716761,17.3,46.8,1
2026-01-12T12:43:33.971272,17.3,46.8,1
2026-01-12T12:43:36.225809,17.3,46.8,1
2026-01-12T12:43:38.480218,17.3,46.8,0
2026-01-12T12:43:40.734990,17.4,46.9,0
2026-01-12T12:43:42.989537,17.3,46.8,0
2026-01-12T12:43:45.244051,17.3,46.8,0
2026-01-12T12:43:47.498601,17.3,46.8,0
2026-01-12T12:43:49.753076,17.3,46.8,0
2026-01-12T12:43:52.007813,17.3,46.8,1
2026-01-12T12:43:54.262406,17.3,46.7,1
2026-01-12T12:43:56.517997,17.4,46.8,1
2026-01-12T12:43:58.853662,17.3,46.8,1
2026-01-12T12:44:01.116978,17.3,46.8,1
2026-01-12T12:44:03.371417,17.3,46.8,1
2026-01-12T12:44:05.626170,17.3,46.7,1
2026-01-12T12:44:07.880683,17.3,46.7,1
2026-01-12T12:44:10.135167,17.3,46.7,1
2026-01-12T12:44:12.389808,17.4,46.8,1
2026-01-12T12:44:14.644331,17.3,46.7,1
2026-01-12T12:44:16.898778,17.4,46.8,1
2026-01-12T12:44:19.153299,17.3,46.8,1
2026-01-12T12:44:21.407599,17.3,46.8,1
2026-01-12T12:44:23.662203,17.4,46.8,1
2026-01-12T12:44:25.916617,17.3,46.8,1
2026-01-12T12:44:28.171273,17.4,46.9,1
2026-01-12T12:44:30.425823,17.3,46.8,1
2026-01-12T12:44:32.680384,17.3,46.8,1
2026-01-12T12:44:34.934914,17.3,46.8,0
2026-01-12T12:44:37.189348,17.3,46.8,0
2026-01-12T12:44:39.444099,17.3,46.8,0
2026-01-12T12:44:41.698371,17.3,46.8,0
2026-01-12T12:44:43.952691,17.3,46.8,0
2026-01-12T12:44:46.207336,17.3,46.8,0
2026-01-12T12:44:48.461733,17.3,46.8,1
2026-01-12T12:44:50.716180,17.4,46.8,1
2026-01-12T12:44:52.971012,17.3,46.7,1
2026-01-12T12:44:55.226625,17.3,46.7,1
2026-01-12T12:44:57.481064,17.3,46.7,1
2026-01-12T12:44:59.735580,17.3,46.8,1
2026-01-12T12:45:01.990097,17.4,46.8,1
2026-01-12T12:45:04.244422,17.3,46.8,1
2026-01-12T12:45:06.499219,17.3,46.8,1
2026-01-12T12:45:08.753491,17.3,46.8,1
2026-01-12T12:45:11.007922,17.3,46.8,1
2026-01-12T12:45:13.262670,17.4,46.9,1
2026-01-12T12:45:15.518160,17.4,46.8,1
2026-01-12T12:45:17.772616,17.4,46.8,1
2026-01-12T12:45:20.027300,17.3,46.8,1
2026-01-12T12:45:22.281736,17.3,46.8,1
2026-01-12T12:45:24.536379,17.3,46.7,1
2026-01-12T12:45:26.791265,17.4,46.8,1
2026-01-12T12:45:29.045885,17.4,46.8,0
2026-01-12T12:45:31.300026,17.4,46.8,0
2026-01-12T12:45:33.554720,17.3,46.7,0
2026-01-12T12:45:35.809062,17.3,46.7,0
2026-01-12T12:45:38.063256,17.3,46.7,0
2026-01-12T12:45:40.317980,17.3,46.7,0
2026-01-12T12:45:42.575450,17.3,46.7,0
2026-01-12T12:45:44.829866,17.4,46.7,1
2026-01-12T12:45:47.084524,17.3,46.7,1
2026-01-12T12:45:49.339227,17.3,46.7,1
2026-01-12T12:45:51.593289,17.3,46.7,1
2026-01-12T12:45:53.847951,17.3,46.6,1
2026-01-12T12:45:56.102590,17.4,46.7,1
2026-01-12T12:45:58.356849,17.4,46.8,1
2026-01-12T12:46:00.611585,17.3,46.6,1
2026-01-12T12:46:02.866072,17.4,46.8,1
2026-01-12T12:46:05.120344,17.3,46.7,1
2026-01-12T12:46:07.375104,17.3,46.7,1
2026-01-12T12:46:09.629562,17.3,46.7,1
2026-01-12T12:46:11.884051,17.3,46.7,1
2026-01-12T12:46:14.138812,17.4,46.8,1
2026-01-12T12:46:16.393463,17.3,46.7,1
2026-01-12T12:46:18.648028,17.3,46.7,1
2026-01-12T12:46:20.902785,17.4,46.8,1
2026-01-12T12:46:23.157190,17.3,46.8,1
2026-01-12T12:46:25.411641,17.3,46.7,0
2026-01-12T12:46:27.666449,17.3,46.7,0
2026-01-12T12:46:29.922813,17.3,46.7,0
2026-01-12T12:46:32.177185,17.3,46.8,0
2026-01-12T12:46:34.431735,17.4,46.8,0
2026-01-12T12:46:36.686394,17.3,46.8,0
2026-01-12T12:46:38.940699,17.3,46.8,0
2026-01-12T12:46:41.195545,17.3,46.8,1
2026-01-12T12:46:43.450156,17.3,46.7,1
2026-01-12T12:46:45.704607,17.3,46.8,1
2026-01-12T12:46:47.959373,17.3,46.8,1
2026-01-12T12:46:50.213954,17.4,46.9,1
2026-01-12T12:46:52.468039,17.3,46.8,1
2026-01-12T12:46:54.723020,17.3,46.8,1
2026-01-12T12:46:56.977665,17.4,46.8,1
2026-01-12T12:46:59.231940,17.4,46.8,1
2026-01-12T12:47:01.486615,17.3,46.7,1
2026-01-12T12:47:03.741295,17.4,46.8,1
2026-01-12T12:47:05.995706,17.3,46.7,1
2026-01-12T12:47:08.250421,17.3,46.7,1
2026-01-12T12:47:10.504787,17.3,46.8,1
2026-01-12T12:47:12.759102,17.3,46.8,1
2026-01-12T12:47:15.013804,17.4,46.9,1
2026-01-12T12:47:17.268352,17.4,46.8,1
2026-01-12T12:47:19.523037,17.3,46.8,1
2026-01-12T12:47:21.777673,17.3,46.8,0
2026-01-12T12:47:24.034054,17.3,46.8,0
2026-01-12T12:47:26.288404,17.4,46.8,0
2026-01-12T12:47:28.543252,17.3,46.8,0
2026-01-12T12:47:30.797562,17.3,46.8,0
2026-01-12T12:47:33.051573,17.3,46.8,0
2026-01-12T12:47:35.306193,17.3,46.8,0
2026-01-12T12:47:37.560877,17.4,46.8,1
2026-01-12T12:47:39.815410,17.3,46.8,1
2026-01-12T12:47:42.070030,17.4,46.9,1
2026-01-12T12:47:44.324500,17.3,46.8,1
2026-01-12T12:47:46.579098,17.3,46.8,1
2026-01-12T12:47:48.833791,17.3,46.8,1
2026-01-12T12:47:51.088332,17.4,46.9,1
2026-01-12T12:47:53.342855,17.3,46.8,1
2026-01-12T12:47:55.597416,17.3,46.8,1
2026-01-12T12:47:57.851925,17.3,46.8,1
2026-01-12T12:48:00.106367,17.3,46.8,1
2026-01-12T12:48:02.360948,17.3,46.8,1
2026-01-12T12:48:04.615638,17.3,46.8,1
2026-01-12T12:48:06.870286,17.3,46.8,1
2026-01-12T12:48:09.124651,17.3,46.8,1
2026-01-12T12:48:11.378943,17.3,46.8,1
2026-01-12T12:48:13.633550,17.3,46.8,1
2026-01-12T12:48:15.888297,17.3,46.8,1
2026-01-12T12:48:18.142932,17.3,46.8,0
2026-01-12T12:48:20.397346,17.3,46.8,0
2026-01-12T12:48:22.652234,17.3,46.7,0
2026-01-12T12:48:24.906850,17.3,46.8,0
2026-01-12T12:48:27.161441,17.3,46.8,0
2026-01-12T12:48:29.416114,17.3,46.8,0
2026-01-12T12:48:31.670848,17.3,46.8,0
2026-01-12T12:48:33.925386,17.3,46.8,1
2026-01-12T12:48:36.180069,17.3,46.8,1
2026-01-12T12:48:38.434696,17.3,46.8,1
2026-01-12T12:48:40.688990,17.3,46.8,1
2026-01-12T12:48:42.943600,17.3,46.8,1
2026-01-12T12:48:45.198165,17.3,46.8,1
2026-01-12T12:48:47.452251,17.3,46.8,1
2026-01-12T12:48:49.707130,17.4,46.8,1
2026-01-12T12:48:51.963452,17.3,46.8,1
2026-01-12T12:48:54.217938,17.3,46.8,1
2026-01-12T12:48:56.472297,17.3,46.8,1
2026-01-12T12:48:58.727050,17.3,46.8,1
2026-01-12T12:49:00.981540,17.3,46.8,1
2026-01-12T12:49:03.236115,17.3,46.8,1
2026-01-12T12:49:05.490707,17.3,46.8,1
2026-01-12T12:49:07.744954,17.3,46.8,1
2026-01-12T12:49:09.999343,17.3,46.8,1
2026-01-12T12:49:12.253615,17.3,46.8,1
2026-01-12T12:49:14.507913,17.3,46.8,0
2026-01-12T12:49:16.762831,17.3,46.8,0
2026-01-12T12:49:19.017524,17.3,46.8,0
2026-01-12T12:49:21.271698,17.3,46.8,0
2026-01-12T12:49:23.526457,17.3,46.8,0
2026-01-12T12:49:25.780626,17.3,46.8,0
2026-01-12T12:49:28.035236,17.3,46.8,0
2026-01-12T12:49:30.289882,17.4,46.9,1
2026-01-12T12:49:32.544516,17.3,46.8,1
2026-01-12T12:49:34.798747,17.3,46.8,1
2026-01-12T12:49:37.053474,17.3,46.9,1
2026-01-12T12:49:39.307473,17.3,46.9,1
2026-01-12T12:49:41.562195,17.3,46.9,1
2026-01-12T12:49:43.816836,17.4,46.9,1
2026-01-12T12:49:46.071425,17.3,46.9,1
2026-01-12T12:49:48.325951,17.3,46.9,1
2026-01-12T12:49:50.580653,17.4,46.9,1
2026-01-12T12:49:52.834822,17.3,46.8,1
2026-01-12T12:49:55.089388,17.3,46.8,1
2026-01-12T12:49:57.343792,17.3,46.9,1
2026-01-12T12:49:59.597950,17.3,46.9,1
2026-01-12T12:50:01.852407,17.3,46.9,1
2026-01-12T12:50:04.107292,17.3,46.9,1
2026-01-12T12:50:06.361934,17.4,47.0,1
2026-01-12T12:50:08.616605,17.3,46.9,1
2026-01-12T12:50:10.871337,17.3,46.9,0
2026-01-12T12:50:13.125899,17.3,46.9,0
2026-01-12T12:50:15.380181,17.3,46.9,0
2026-01-12T12:50:17.635076,17.3,46.9,0
2026-01-12T12:50:19.889674,17.3,47.0,0
2026-01-12T12:50:22.144108,17.3,47.0,0
2026-01-12T12:50:24.398789,17.3,47.0,0
2026-01-12T12:50:26.653495,17.3,47.0,1
2026-01-12T12:50:28.907536,17.4,47.1,1
2026-01-12T12:50:31.162240,17.3,47.0,1
2026-01-12T12:50:33.416830,17.3,47.0,1
2026-01-12T12:50:35.671398,17.3,47.0,1
2026-01-12T12:50:37.926021,17.3,47.0,1
2026-01-12T12:50:40.180551,17.3,47.0,1
2026-01-12T12:50:42.435115,17.3,47.0,1
2026-01-12T12:50:44.689854,17.3,46.9,1
2026-01-12T12:50:46.944209,17.3,46.9,1
2026-01-12T12:50:49.198837,17.3,46.9,1
2026-01-12T12:50:51.453484,17.3,46.9,1
2026-01-12T12:50:53.708107,17.3,46.9,1
2026-01-12T12:50:55.962737,17.3,46.9,1
2026-01-12T12:50:58.217270,17.3,46.9,1
2026-01-12T12:51:00.471879,17.3,46.9,1
2026-01-12T12:51:02.726499,17.3,46.9,1
2026-01-12T12:51:04.981320,17.3,46.9,1
2026-01-12T12:51:07.235905,17.4,47.0,0
2026-01-12T12:51:09.490498,17.3,46.9,0
2026-01-12T12:51:11.745358,17.3,47.0,0
2026-01-12T12:51:13.999944,17.4,47.0,0
2026-01-12T12:51:16.254533,17.3,47.0,0
2026-01-12T12:51:18.509200,17.3,46.9,0
2026-01-12T12:51:20.763887,17.4,47.0,0
2026-01-12T12:51:23.018411,17.3,46.9,1
2026-01-12T12:51:25.273078,17.3,46.9,1
2026-01-12T12:51:27.527405,17.3,46.9,1
2026-01-12T12:51:29.781968,17.3,46.9,1
2026-01-12T12:51:32.036528,17.3,46.9,1
2026-01-12T12:51:34.291108,17.3,46.9,1
2026-01-12T12:51:36.545703,17.3,47.0,1
2026-01-12T12:51:38.800355,17.3,46.9,1
2026-01-12T12:51:41.054910,17.3,47.0,1
2026-01-12T12:51:43.309371,17.3,46.9,1
2026-01-12T12:51:45.564090,17.3,47.0,1
2026-01-12T12:51:47.818185,17.3,47.0,1
2026-01-12T12:51:50.072484,17.3,47.0,1
2026-01-12T12:51:52.327213,17.3,46.9,1
2026-01-12T12:51:54.581802,17.3,47.0,1
2026-01-12T12:51:56.836264,17.3,47.0,1
2026-01-12T12:51:59.090956,17.3,47.0,1
2026-01-12T12:52:01.345511,17.3,47.0,1
2026-01-12T12:52:03.600062,17.3,47.0,0
2026-01-12T12:52:05.854784,17.3,47.1,0
2026-01-12T12:52:08.109043,17.3,47.1,0
2026-01-12T12:52:10.363516,17.3,47.0,0
2026-01-12T12:52:12.618244,17.3,47.0,0
2026-01-12T12:52:14.872697,17.3,47.0,0
2026-01-12T12:52:17.127132,17.3,47.0,0
2026-01-12T12:52:19.381806,17.3,47.0,1
2026-01-12T12:52:21.636335,17.3,47.0,1
2026-01-12T12:52:23.890836,17.3,47.0,1
2026-01-12T12:52:26.145564,17.3,47.0,1
2026-01-12T12:52:28.400061,17.3,47.0,1
2026-01-12T12:52:30.654662,17.3,47.0,1
2026-01-12T12:52:32.909275,17.3,47.0,1
2026-01-12T12:52:35.163633,17.3,47.0,1
2026-01-12T12:52:37.418073,17.3,47.0,1
2026-01-12T12:52:39.672805,17.3,47.0,1
2026-01-12T12:52:41.927310,17.3,47.0,1
2026-01-12T12:52:44.181783,17.3,47.0,1
2026-01-12T12:52:46.436414,17.3,47.0,1
2026-01-12T12:52:48.691056,17.3,47.0,1
2026-01-12T12:52:50.945562,17.3,47.0,1
2026-01-12T12:52:53.200159,17.3,47.0,1
2026-01-12T12:52:55.454641,17.3,47.0,1
2026-01-12T12:52:57.708973,17.3,46.9,1
2026-01-12T12:52:59.963676,17.3,47.0,0
2026-01-12T12:53:02.217811,17.3,47.0,0
2026-01-12T12:53:04.472177,17.3,47.0,0
2026-01-12T12:53:06.727020,17.3,47.0,0
2026-01-12T12:53:08.981717,17.3,47.0,0
2026-01-12T12:53:11.236027,17.3,47.0,0
2026-01-12T12:53:13.490878,17.3,47.0,0
2026-01-12T12:53:15.745609,17.3,47.0,1
2026-01-12T12:53:18.000017,17.3,47.0,1
2026-01-12T12:53:20.254783,17.3,47.0,1
2026-01-12T12:53:22.509466,17.3,47.0,1
2026-01-12T12:53:24.763920,17.3,47.0,1
2026-01-12T12:53:27.018745,17.3,47.0,1
2026-01-12T12:53:29.275073,17.3,47.0,1
2026-01-12T12:53:31.529663,17.3,47.0,1
2026-01-12T12:53:33.784316,17.3,47.0,1
2026-01-12T12:53:36.038978,17.3,46.9,1
2026-01-12T12:53:38.293516,17.3,47.0,1
2026-01-12T12:53:40.548347,17.3,47.0,1
2026-01-12T12:53:42.802960,17.3,47.0,1
2026-01-12T12:53:45.057508,17.3,47.0,1
2026-01-12T12:53:47.312247,17.3,47.0,1
2026-01-12T12:53:49.566942,17.3,47.0,1
2026-01-12T12:53:51.821466,17.3,47.0,1
2026-01-12T12:53:54.076002,17.3,47.0,1
2026-01-12T12:53:56.330651,17.3,47.0,0
2026-01-12T12:53:58.584928,17.3,47.0,0
2026-01-12T12:54:00.839254,17.3,47.0,0
2026-01-12T12:54:03.093813,17.3,46.9,0
2026-01-12T12:54:05.348112,17.3,47.0,0
2026-01-12T12:54:07.602783,17.3,47.0,0
2026-01-12T12:54:09.857169,17.3,47.0,0
2026-01-12T12:54:12.111629,17.3,47.0,1
2026-01-12T12:54:14.366259,17.3,47.0,1
2026-01-12T12:54:16.620981,17.3,47.0,1
2026-01-12T12:54:18.875128,17.3,47.0,1
2026-01-12T12:54:21.129282,17.3,47.0,1
2026-01-12T12:54:23.383406,17.3,46.9,1
2026-01-12T12:54:25.637884,17.3,47.0,1
2026-01-12T12:54:27.892494,17.3,47.0,1
2026-01-12T12:54:30.147196,17.3,47.0,1
2026-01-12T12:54:32.401681,17.3,47.0,1
2026-01-12T12:54:34.656395,17.3,47.0,1
2026-01-12T12:54:36.911092,17.4,47.0,1
2026-01-12T12:54:39.165582,17.3,47.0,1
2026-01-12T12:54:41.419926,17.4,47.0,1
2026-01-12T12:54:43.674628,17.3,47.0,1
2026-01-12T12:54:45.928808,17.3,47.0,1
2026-01-12T12:54:48.183183,17.3,47.0,1
2026-01-12T12:54:50.437616,17.3,47.0,1
2026-01-12T12:54:52.691893,17.3,47.0,0
2026-01-12T12:54:54.946567,17.3,47.0,0
2026-01-12T12:54:57.200847,17.3,47.0,0
2026-01-12T12:54:59.454943,17.3,47.0,0
2026-01-12T12:55:01.709443,17.3,47.0,0
2026-01-12T12:55:03.963799,17.3,47.0,0
2026-01-12T12:55:06.218225,17.3,47.0,0
2026-01-12T12:55:08.472715,17.3,47.0,1
2026-01-12T12:55:10.727179,17.3,47.0,1
2026-01-12T12:55:12.981265,17.3,47.0,1
2026-01-12T12:55:15.235766,17.3,47.0,1
2026-01-12T12:55:17.490279,17.3,47.0,1
2026-01-12T12:55:19.744886,17.3,47.0,1
2026-01-12T12:55:21.999598,17.4,47.0,1
2026-01-12T12:55:24.255215,17.3,47.0,1
2026-01-12T12:55:26.509494,17.4,47.0,1
2026-01-12T12:55:28.764048,17.3,47.0,1
2026-01-12T12:55:31.018657,17.3,47.0,1
2026-01-12T12:55:33.272814,17.3,47.0,1
2026-01-12T12:55:35.527524,17.3,47.0,1
2026-01-12T12:55:37.781892,17.3,47.0,1
2026-01-12T12:55:40.036116,17.3,47.0,1
2026-01-12T12:55:42.290794,17.3,47.0,1
2026-01-12T12:55:44.545336,17.3,47.0,1
2026-01-12T12:55:46.799381,17.3,47.0,1
2026-01-12T12:55:49.054107,17.3,47.0,0
2026-01-12T12:55:51.308243,17.3,47.0,0
2026-01-12T12:55:53.562884,17.3,47.0,0
2026-01-12T12:55:55.817594,17.3,47.0,0
2026-01-12T12:55:58.071917,17.4,47.0,0
2026-01-12T12:56:00.326436,17.3,47.0,0
2026-01-12T12:56:02.580812,17.3,47.0,0
2026-01-12T12:56:04.835217,17.3,47.0,1
2026-01-12T12:56:06.078+03:00,17.3,47.0,1,0,none,none
2026-01-12T12:56:08.332+03:00,17.3,47.0,1,0,none,none
2026-01-12T12:56:10.589+03:00,17.3,47.0,1,0,none,none
2026-01-12T12:56:12.843+03:00,17.3,47.0,1,0,none,none
2026-01-12T12:56:15.098+03:00,17.4,47.0,1,0,none,none
2026-01-12T12:56:17.352+03:00,17.3,47.0,1,0,none,none
2026-01-12T12:56:19.607+03:00,17.3,47.0,1,0,none,none
2026-01-12T12:56:21.861+03:00,17.4,47.1,1,0,none,none
2026-01-12T12:56:24.115+03:00,17.3,47.0,1,0,none,none
2026-01-12T12:56:26.370+03:00,17.3,47.1,1,0,none,none
2026-01-12T12:56:28.624+03:00,17.3,47.0,1,0,none,none
2026-01-12T12:56:30.878+03:00,17.3,47.0,1,0,none,none
2026-01-12T12:56:33.133+03:00,17.3,47.0,1,0,none,none
2026-01-12T12:56:35.387+03:00,17.3,47.0,1,0,none,none
2026-01-12T12:56:37.642+03:00,17.3,47.0,1,0,none,none
2026-01-12T12:56:39.896+03:00,17.3,47.0,1,0,none,none
2026-01-12T12:56:42.151+03:00,17.3,47.0,1,0,none,none
2026-01-12T12:56:44.405+03:00,17.3,47.0,0,0,none,none
2026-01-12T12:56:46.660+03:00,17.4,47.1,0,0,none,none
2026-01-12T12:56:48.914+03:00,17.3,47.0,0,0,none,none
2026-01-12T12:56:51.169+03:00,17.3,47.0,0,0,none,none
2026-01-12T12:56:53.423+03:00,17.3,47.1,0,0,none,none
2026-01-12T12:56:55.677+03:00,17.3,47.0,0,0,none,none
2026-01-12T12:56:57.932+03:00,17.3,47.1,0,0,none,none
2026-01-12T12:57:00.186+03:00,17.3,47.1,1,0,none,none
2026-01-12T12:57:02.441+03:00,17.3,47.0,1,0,none,none
2026-01-12T12:57:04.695+03:00,17.3,47.1,1,0,none,none
2026-01-12T12:57:06.950+03:00,17.3,47.1,1,0,none,none
2026-01-12T12:57:09.204+03:00,17.3,47.0,1,0,none,none
2026-01-12T12:57:11.460+03:00,17.3,47.0,1,0,none,none
2026-01-12T12:57:13.715+03:00,17.3,47.1,1,0,none,none
2026-01-12T12:57:15.969+03:00,17.3,47.1,1,0,none,none
2026-01-12T12:57:18.223+03:00,17.3,47.0,1,0,none,none
2026-01-12T12:57:20.478+03:00,17.4,47.1,1,0,none,none
2026-01-12T12:57:22.732+03:00,17.3,47.1,1,0,none,none
2026-01-12T12:57:24.987+03:00,17.3,47.1,1,0,none,none
2026-01-12T12:57:27.241+03:00,17.3,47.1,1,0,none,none
2026-01-12T12:57:29.495+03:00,17.3,47.0,1,0,none,none
2026-01-12T12:57:31.750+03:00,17.4,47.1,1,0,none,none
2026-01-12T12:57:34.005+03:00,17.4,47.1,1,0,none,none
2026-01-12T12:57:36.259+03:00,17.3,47.0,1,0,none,none
2026-01-12T12:57:38.513+03:00,17.3,47.0,1,0,none,none
2026-01-12T12:57:40.767+03:00,17.4,47.1,0,0,none,none
2026-01-12T12:57:43.022+03:00,17.4,47.1,0,0,none,none
2026-01-12T12:57:45.276+03:00,17.3,47.0,0,0,none,none
2026-01-12T12:57:47.530+03:00,17.3,47.0,0,0,none,none
2026-01-12T12:57:49.785+03:00,17.3,47.0,0,0,none,none
2026-01-12T12:57:52.039+03:00,17.3,47.0,0,0,none,none
2026-01-12T12:57:54.293+03:00,17.3,47.1,0,0,none,none
2026-01-12T12:57:56.547+03:00,17.3,47.1,1,0,none,none
2026-01-12T12:57:58.802+03:00,17.3,47.0,1,0,none,none
2026-01-12T12:58:01.056+03:00,17.3,47.1,1,0,none,none
2026-01-12T12:58:03.310+03:00,17.3,47.1,1,0,none,none
2026-01-12T12:58:05.565+03:00,17.4,47.2,1,0,none,none
2026-01-12T12:58:07.819+03:00,17.3,47.0,1,0,none,none
2026-01-12T12:58:10.073+03:00,17.3,47.1,1,0,none,none
2026-01-12T12:58:12.328+03:00,17.3,47.1,1,0,none,none
2026-01-12T12:58:14.582+03:00,17.3,47.0,1,0,none,none
2026-01-12T12:58:16.837+03:00,17.3,47.1,1,0,none,none
2026-01-12T12:58:19.091+03:00,17.4,47.1,1,0,none,none
2026-01-12T12:58:21.345+03:00,17.3,47.1,1,0,none,none
2026-01-12T12:58:23.599+03:00,17.3,47.1,1,0,none,none
2026-01-12T12:58:25.854+03:00,17.4,47.1,1,0,none,none
2026-01-12T12:58:28.108+03:00,17.3,47.1,1,0,none,none
2026-01-12T12:58:30.362+03:00,17.3,47.0,1,0,none,none
2026-01-12T12:58:32.616+03:00,17.3,47.1,1,0,none,none
2026-01-12T12:58:34.870+03:00,17.3,47.0,1,0,none,none
2026-01-12T12:58:37.125+03:00,17.3,47.0,0,0,none,none
2026-01-12T12:58:39.379+03:00,17.3,47.1,0,0,none,none
2026-01-12T12:58:41.633+03:00,17.3,47.1,0,0,none,none
2026-01-12T12:58:43.887+03:00,17.3,47.1,0,0,none,none
2026-01-12T12:58:46.142+03:00,17.3,47.1,0,0,none,none
2026-01-12T12:58:48.396+03:00,17.3,47.1,0,0,none,none
2026-01-12T12:58:50.650+03:00,17.3,47.1,0,0,none,none
2026-01-12T12:58:52.905+03:00,17.4,47.1,1,0,none,none
2026-01-12T12:58:55.159+03:00,17.4,47.1,1,0,none,none
2026-01-12T12:58:57.414+03:00,17.3,47.0,1,0,none,none
2026-01-12T12:58:59.668+03:00,17.3,47.1,1,0,none,none
2026-01-12T12:59:01.923+03:00,17.3,47.1,1,0,none,none
2026-01-12T12:59:04.177+03:00,17.3,47.1,1,0,none,none
2026-01-12T12:59:06.431+03:00,17.3,47.0,1,0,none,none
2026-01-12T12:59:08.686+03:00,17.3,47.0,1,0,none,none
2026-01-12T12:59:10.940+03:00,17.3,47.1,1,0,none,none
2026-01-12T12:59:13.195+03:00,17.3,47.0,1,0,none,none
2026-01-12T12:59:15.449+03:00,17.3,47.0,1,0,none,none
2026-01-12T12:59:17.703+03:00,17.3,47.0,1,0,none,none
2026-01-12T12:59:19.958+03:00,17.4,47.1,1,0,none,none
2026-01-12T12:59:22.212+03:00,17.3,47.0,1,0,none,none
2026-01-12T12:59:24.467+03:00,17.3,47.0,1,0,none,none
2026-01-12T12:59:26.721+03:00,17.3,47.0,1,0,none,none
2026-01-12T12:59:28.975+03:00,17.4,47.1,1,0,none,none
2026-01-12T12:59:31.229+03:00,17.3,47.0,1,0,none,none
2026-01-12T12:59:33.484+03:00,17.3,47.0,0,0,none,none
2026-01-12T12:59:35.738+03:00,17.3,47.0,0,0,none,none
2026-01-12T12:59:37.992+03:00,17.3,47.0,0,0,none,none
2026-01-12T12:59:40.247+03:00,17.3,47.0,0,0,none,none
2026-01-12T12:59:42.501+03:00,17.3,47.0,0,0,none,none
2026-01-12T12:59:44.755+03:00,17.4,47.0,0,0,none,none
2026-01-12T12:59:47.010+03:00,17.3,47.0,0,0,none,none
2026-01-12T12:59:49.264+03:00,17.3,47.0,1,0,none,none
2026-01-12T12:59:51.518+03:00,17.3,47.0,1,0,none,none
2026-01-12T12:59:53.773+03:00,17.3,47.0,1,0,none,none
2026-01-12T12:59:56.027+03:00,17.3,47.0,1,0,none,none
2026-01-12T12:59:58.281+03:00,17.3,47.0,1,0,none,none
2026-01-12T13:00:00.536+03:00,17.4,47.1,1,0,none,none
2026-01-12T13:00:02.790+03:00,17.4,47.1,1,0,none,none
2026-01-12T13:00:05.045+03:00,17.4,47.0,1,0,none,none
2026-01-12T13:00:07.302+03:00,17.4,47.1,1,0,none,none
2026-01-12T13:00:09.557+03:00,17.3,47.0,1,0,none,none
2026-01-12T13:00:11.811+03:00,17.3,47.0,1,0,none,none
2026-01-12T13:00:14.066+03:00,17.3,47.1,1,0,none,none
2026-01-12T13:00:16.320+03:00,17.3,47.0,1,0,none,none
2026-01-12T13:00:18.575+03:00,17.3,47.0,1,0,none,none
2026-01-12T13:00:20.829+03:00,17.4,47.1,1,0,none,none
2026-01-12T13:00:23.083+03:00,17.3,47.0,1,0,none,none
2026-01-12T13:00:25.338+03:00,17.3,47.1,1,0,none,none
2026-01-12T13:00:27.592+03:00,17.3,47.1,1,0,none,none
2026-01-12T13:00:29.846+03:00,17.3,47.1,0,0,none,none
2026-01-12T13:00:32.101+03:00,17.3,47.1,0,0,none,none
2026-01-12T13:00:34.355+03:00,17.3,47.1,0,0,none,none
2026-01-12T13:00:36.609+03:00,17.3,47.1,0,0,none,none
2026-01-12T13:00:38.864+03:00,17.3,47.1,0,0,none,none
2026-01-12T13:00:41.118+03:00,17.3,47.1,0,0,none,none
2026-01-12T13:00:43.372+03:00,17.3,47.0,0,0,none,none
2026-01-12T13:00:45.626+03:00,17.3,47.1,1,0,none,none
2026-01-12T13:00:47.881+03:00,17.3,47.1,1,0,none,none
2026-01-12T13:00:50.135+03:00,17.3,47.1,1,0,none,none
2026-01-12T13:00:52.389+03:00,17.3,47.1,1,0,none,none
2026-01-12T13:00:54.644+03:00,17.3,47.1,1,0,none,none
2026-01-12T13:00:56.898+03:00,17.3,47.1,1,0,none,none
2026-01-12T13:00:59.152+03:00,17.3,47.1,1,0,none,none
2026-01-12T13:01:01.407+03:00,17.3,47.1,1,0,none,none
2026-01-12T13:01:03.742+03:00,17.3,47.1,1,0,none,none
2026-01-12T13:01:06.078+03:00,17.3,47.1,1,0,none,none
2026-01-12T13:01:08.413+03:00,17.4,47.1,1,0,none,none
2026-01-12T13:01:10.749+03:00,17.3,47.1,1,0,none,none
2026-01-12T13:01:13.085+03:00,17.3,47.1,1,0,none,none
2026-01-12T13:01:15.420+03:00,17.3,47.1,1,0,none,none
2026-01-12T13:01:17.685+03:00,17.4,47.1,1,0,none,none
2026-01-12T13:01:19.939+03:00,17.3,47.1,1,0,none,none
2026-01-12T13:01:22.193+03:00,17.3,47.1,1,0,none,none
2026-01-12T13:01:24.447+03:00,17.3,47.1,1,0,none,none
2026-01-12T13:01:26.702+03:00,17.3,47.1,0,0,none,none
2026-01-12T13:01:28.956+03:00,17.3,47.1,0,0,none,none
2026-01-12T13:01:31.210+03:00,17.3,47.1,0,0,none,none
2026-01-12T13:01:33.464+03:00,17.3,47.1,0,0,none,none
2026-01-12T13:01:35.718+03:00,17.3,47.1,0,0,none,none
2026-01-12T13:01:37.973+03:00,17.3,47.1,0,0,none,none
2026-01-12T13:01:40.227+03:00,17.3,47.1,1,0,none,none
2026-01-12T13:01:42.481+03:00,17.3,47.1,1,0,none,none
2026-01-12T13:01:44.735+03:00,17.3,47.2,1,0,none,none
2026-01-12T13:01:46.989+03:00,17.3,47.2,1,0,none,none
2026-01-12T13:01:49.244+03:00,17.3,47.2,1,0,none,none
2026-01-12T13:01:51.498+03:00,17.3,47.2,1,0,none,none
2026-01-12T13:01:53.752+03:00,17.3,47.2,1,0,none,none
2026-01-12T13:01:56.006+03:00,17.3,47.2,1,0,none,none
2026-01-12T13:01:58.260+03:00,17.3,47.2,1,0,none,none
2026-01-12T13:02:00.514+03:00,17.3,47.2,1,0,none,none
2026-01-12T13:02:02.769+03:00,17.3,47.2,1,0,none,none
2026-01-12T13:02:05.023+03:00,17.3,47.2,1,0,none,none
2026-01-12T13:02:07.278+03:00,17.3,47.2,1,0,none,none
2026-01-12T13:02:09.532+03:00,17.3,47.1,1,0,none,none
2026-01-12T13:02:11.787+03:00,17.3,47.2,1,0,none,none
2026-01-12T13:02:14.041+03:00,17.3,47.2,1,0,none,none
2026-01-12T13:02:16.295+03:00,17.3,47.2,1,0,none,none
2026-01-12T13:02:18.550+03:00,17.3,47.2,1,0,none,none
2026-01-12T13:02:20.804+03:00,17.3,47.2,1,0,none,none
2026-01-12T13:02:23.059+03:00,17.3,47.2,0,0,none,none
2026-01-12T13:02:25.312+03:00,17.3,47.2,0,0,none,none
2026-01-12T13:02:27.567+03:00,17.3,47.1,0,0,none,none
2026-01-12T13:02:29.821+03:00,17.3,47.2,0,0,none,none
2026-01-12T13:02:32.075+03:00,17.3,47.2,0,0,none,none
2026-01-12T13:02:34.329+03:00,17.3,47.1,0,0,none,none
2026-01-12T13:02:36.583+03:00,17.3,47.2,1,0,none,none
2026-01-12T13:02:38.838+03:00,17.3,47.2,1,0,none,none
