timestamp,temperature_C,humidity,mq_gas_detected
2025-12-14T17:50:10.975,19.2,60.9,0
2025-12-14T17:50:13.230,19.2,60.9,0
2025-12-14T17:50:15.484,19.2,61.0,0
2025-12-14T17:50:17.739,19.2,60.9,0
2025-12-14T17:50:19.994,19.2,60.8,0
2025-12-14T17:50:22.249,19.2,60.5,0
2025-12-14T17:50:24.503,19.2,60.4,0
2025-12-14T17:50:26.758,19.2,60.4,0
2025-12-14T17:50:29.013,19.2,60.3,0
2025-12-14T17:50:31.268,19.2,60.4,0
2025-12-14T17:50:33.522,19.2,60.4,0
2025-12-14T17:50:35.776,19.2,60.4,0
2025-12-14T17:50:38.031,19.2,60.4,0
2025-12-14T17:50:40.286,19.2,60.4,0
2025-12-14T17:50:42.541,19.2,60.4,0
2025-12-14T17:50:44.795,19.2,60.4,0
2025-12-14T17:50:47.050,19.2,60.4,0
2025-12-14T17:50:49.305,19.2,60.4,0
2025-12-14T17:50:51.560,19.2,60.4,0
2025-12-14T17:50:53.815,19.3,60.4,0
2025-12-14T17:50:56.069,19.2,60.4,0
2025-12-14T17:50:58.324,19.2,60.3,0
2025-12-14T17:51:00.579,19.2,60.2,0
2025-12-14T17:51:02.834,19.2,60.3,0
2025-12-14T17:51:05.089,19.2,60.3,0
2025-12-14T17:51:07.343,19.2,60.3,0
2025-12-14T17:51:09.598,19.2,60.2,0
2025-12-14T17:51:11.853,19.2,60.3,0
2025-12-14T17:51:14.108,19.3,60.3,0
2025-12-14T17:51:16.362,19.2,60.3,0
2025-12-14T17:51:18.617,19.2,60.2,0
2025-12-14T17:51:20.875,19.2,60.2,0
2025-12-14T17:51:23.131,19.2,60.2,0
2025-12-14T17:51:25.385,19.2,60.1,0
2025-12-14T17:51:27.643,19.2,60.0,0
2025-12-14T17:51:29.898,19.2,60.0,0
2025-12-14T17:51:32.155,19.2,59.6,0
2025-12-14T17:51:34.415,19.3,59.3,0
2025-12-14T17:51:36.675,19.2,59.1,0
2025-12-14T17:51:38.929,19.2,59.3,0
2025-12-14T17:51:41.184,19.2,59.5,0
2025-12-14T17:51:43.439,19.2,59.7,0
2025-12-14T17:51:45.693,19.2,59.9,0
2025-12-14T17:51:47.949,19.2,59.6,0
2025-12-14T17:51:50.204,19.2,59.4,0
2025-12-14T17:51:52.458,19.2,59.5,0
2025-12-14T17:51:54.713,19.2,59.7,0
2025-12-14T17:51:56.968,19.2,59.9,0
2025-12-14T17:51:59.223,19.2,60.0,0
2025-12-14T17:52:01.478,19.2,59.9,0
2025-12-14T17:52:03.733,19.2,60.0,0
2025-12-14T17:52:05.991,19.2,60.0,0
2025-12-14T17:52:08.251,19.2,60.0,0
2025-12-14T17:52:10.511,19.2,60.0,0
2025-12-14T17:52:12.771,,,0
2025-12-14T17:52:15.031,19.2,60.0,0
2025-12-14T17:52:17.286,19.2,60.0,0
2025-12-14T17:52:19.541,19.2,60.0,0
2025-12-14T17:52:21.796,19.2,60.0,0
2025-12-14T17:52:24.051,19.2,59.9,0
2025-12-14T17:52:26.305,19.2,60.0,0
2025-12-14T17:52:28.560,19.2,60.0,0
2025-12-14T17:52:30.815,19.2,60.0,0
2025-12-14T17:52:33.070,19.2,60.0,0
2025-12-14T17:52:35.325,19.2,60.1,0
2025-12-14T17:52:37.579,19.2,60.0,0
2025-12-14T17:52:39.834,19.2,60.1,0
2025-12-14T17:52:42.089,19.2,60.0,0
2025-12-14T17:52:44.344,19.2,60.1,0
2025-12-14T17:52:46.599,19.2,60.2,0
2025-12-14T17:52:48.853,19.2,60.1,0
2025-12-14T17:52:51.108,19.2,60.1,0
2025-12-14T17:52:53.367,19.2,60.1,0
2025-12-14T17:52:55.621,19.2,60.2,0
2025-12-14T17:52:57.879,19.2,60.1,0
2025-12-14T17:53:00.133,19.2,60.1,0
2025-12-14T17:53:02.388,19.2,60.0,0
2025-12-14T17:53:04.647,19.2,60.0,0
2025-12-14T17:53:06.907,19.2,60.0,0
2025-12-14T17:53:09.167,19.2,60.0,0
2025-12-14T17:53:11.422,19.3,60.0,0
2025-12-14T17:53:13.676,19.2,60.0,0
2025-12-14T17:53:15.931,19.2,60.0,0
2025-12-14T17:53:18.186,19.2,60.0,0
2025-12-14T17:53:20.440,19.2,59.9,0
2025-12-14T17:53:22.695,19.2,59.9,0
2025-12-14T17:53:24.955,19.2,59.8,0
2025-12-14T17:53:27.215,19.2,59.9,0
2025-12-14T17:53:29.469,19.2,59.8,0
2025-12-14T17:53:31.727,19.2,59.7,0
2025-12-14T17:53:33.981,19.2,59.6,0
2025-12-14T17:53:36.236,19.2,59.6,0
2025-12-14T17:53:38.490,19.2,59.7,0
2025-12-14T17:53:40.745,19.2,59.8,0
2025-12-14T17:53:42.999,19.2,60.0,0
2025-12-14T17:53:45.254,19.2,60.0,0
2025-12-14T17:53:47.511,19.2,60.0,0
2025-12-14T17:53:49.766,19.2,60.0,0
2025-12-14T17:53:52.020,19.2,60.0,0
2025-12-14T17:53:54.274,19.2,60.1,0
2025-12-14T17:53:56.531,19.2,60.2,0
2025-12-14T17:53:58.791,19.2,60.1,0
2025-12-14T17:54:01.051,19.2,60.0,0
2025-12-14T17:54:03.311,19.2,60.0,0
2025-12-14T17:54:05.566,19.2,60.0,0
2025-12-14T17:54:07.823,19.2,60.0,0
2025-12-14T17:54:10.083,19.2,60.0,0
2025-12-14T17:54:12.343,19.2,60.0,0
2025-12-14T17:54:14.597,19.2,60.0,0
2025-12-14T17:54:16.855,19.2,60.0,0
2025-12-14T17:54:19.110,19.3,60.0,0
2025-12-14T17:54:21.364,19.2,60.0,0
2025-12-14T17:54:23.619,19.2,60.0,0
2025-12-14T17:54:25.873,19.2,60.0,0
2025-12-14T17:54:28.131,19.2,60.0,0
2025-12-14T17:54:30.385,19.2,60.0,0
2025-12-14T17:54:32.643,19.2,59.7,0
2025-12-14T17:54:34.903,19.2,59.7,0
2025-12-14T17:54:37.163,19.2,59.8,0
2025-12-14T17:54:39.418,19.2,59.9,0
2025-12-14T17:54:41.672,19.2,59.9,0
2025-12-14T17:54:43.927,19.2,59.9,0
2025-12-14T17:54:46.181,19.2,59.9,0
2025-12-14T17:54:48.435,19.2,59.8,0
2025-12-14T17:54:50.690,19.2,59.6,0
2025-12-14T17:54:52.947,19.2,59.7,0
2025-12-14T17:54:55.201,19.2,59.8,0
2025-12-14T17:54:57.456,19.2,59.9,0
2025-12-14T17:54:59.715,19.2,60.0,0
2025-12-14T17:55:01.975,19.2,60.0,0
2025-12-14T17:55:04.235,19.2,60.0,0
2025-12-14T17:55:06.491,19.2,60.0,0
2025-12-14T17:55:08.746,19.2,60.0,0
2025-12-14T17:55:11.001,19.2,60.0,0
2025-12-14T17:55:13.256,19.2,60.0,0
2025-12-14T17:55:15.510,19.2,60.0,0
2025-12-14T17:55:17.765,19.2,60.1,0
2025-12-14T17:55:20.020,19.2,60.0,0
2025-12-14T17:55:22.275,19.2,60.0,0
2025-12-14T17:55:24.530,19.2,60.0,0
2025-12-14T17:55:26.785,19.2,60.0,0
2025-12-14T17:55:29.040,19.2,60.0,0
2025-12-14T17:55:31.294,19.2,60.0,0
2025-12-14T17:55:33.549,19.2,59.9,0
2025-12-14T17:55:35.804,19.2,59.7,0
2025-12-14T17:55:38.059,19.2,59.8,0
2025-12-14T17:55:40.313,19.2,59.7,0
2025-12-14T17:55:42.568,19.2,59.8,0
2025-12-14T17:55:44.823,19.2,59.8,0
2025-12-14T17:55:47.078,19.2,59.8,0
2025-12-14T17:55:49.332,19.2,59.8,0
2025-12-14T17:55:51.587,19.2,59.8,0
2025-12-14T17:55:53.842,19.2,59.8,0
2025-12-14T17:55:56.097,19.2,59.7,0
2025-12-14T17:55:58.352,19.2,59.6,0
2025-12-14T17:56:00.607,19.2,59.6,0
2025-12-14T17:56:02.861,19.2,59.6,0
2025-12-14T17:56:05.116,19.2,59.8,0
2025-12-14T17:56:07.371,19.2,59.8,0
2025-12-14T17:56:09.626,19.2,59.5,0
2025-12-14T17:56:11.880,19.2,59.5,0
2025-12-14T17:56:14.135,19.2,59.6,0
2025-12-14T17:56:16.390,19.2,59.8,0
2025-12-14T17:56:18.645,19.2,59.8,0
2025-12-14T17:56:20.900,19.2,59.9,0
2025-12-14T17:56:23.154,19.2,60.0,0
2025-12-14T17:56:25.409,19.2,60.0,0
2025-12-14T17:56:27.664,19.2,60.0,0
2025-12-14T17:56:29.919,19.2,60.0,0
2025-12-14T17:56:32.174,19.2,60.0,0
2025-12-14T17:56:34.429,19.2,60.0,0
2025-12-14T17:56:36.683,19.2,60.0,0
2025-12-14T17:56:38.938,19.2,60.0,0
2025-12-14T17:56:41.193,19.2,59.9,0
2025-12-14T17:56:43.448,19.2,59.8,0
2025-12-14T17:56:45.703,19.2,59.9,0
2025-12-14T17:56:47.958,19.2,59.8,0
2025-12-14T17:56:50.212,19.2,59.6,0
2025-12-14T17:56:52.467,19.2,59.5,0
2025-12-14T17:56:54.722,19.2,59.5,0
2025-12-14T17:56:56.977,19.2,59.5,0
2025-12-14T17:56:59.232,19.2,59.4,0
2025-12-14T17:57:01.486,19.2,59.0,0
2025-12-14T17:57:03.741,19.2,58.7,0
2025-12-14T17:57:05.996,19.2,58.6,0
2025-12-14T17:57:08.251,19.2,58.7,0
2025-12-14T17:57:10.506,19.2,58.7,0
2025-12-14T17:57:12.761,19.2,58.7,0
2025-12-14T17:57:15.015,19.2,58.8,0
2025-12-14T17:57:17.270,19.2,58.8,0
2025-12-14T17:57:19.525,19.2,58.9,0
2025-12-14T17:57:21.780,19.2,58.9,0
2025-12-14T17:57:24.035,19.2,58.9,0
2025-12-14T17:57:26.290,19.2,59.0,0
2025-12-14T17:57:28.544,19.2,59.0,0
2025-12-14T17:57:30.799,19.2,59.0,0
2025-12-14T17:57:33.054,19.2,58.8,0
2025-12-14T17:57:35.309,19.2,58.7,0
2025-12-14T17:57:37.564,19.2,58.6,0
2025-12-14T17:57:39.819,19.2,58.6,0
2025-12-14T17:57:42.073,19.2,58.5,0
2025-12-14T17:57:44.328,19.2,58.5,0
2025-12-14T17:57:46.583,19.2,58.7,0
2025-12-14T17:57:48.838,19.2,58.7,0
2025-12-14T17:57:51.093,19.2,58.8,0
2025-12-14T17:57:53.347,19.2,58.8,0
2025-12-14T17:57:55.602,19.2,58.7,0
2025-12-14T17:57:57.857,19.2,58.7,0
2025-12-14T17:58:00.112,19.2,58.7,0
2025-12-14T17:58:02.366,19.2,58.8,0
2025-12-14T17:58:04.621,19.2,58.8,0
2025-12-14T17:58:06.876,19.2,58.6,0
2025-12-14T17:58:09.131,19.2,58.7,0
2025-12-14T17:58:11.386,19.2,58.7,0
2025-12-14T17:58:13.641,19.2,58.4,0
2025-12-14T17:58:15.895,19.2,58.4,0
2025-12-14T17:58:18.150,19.2,58.2,0
2025-12-14T17:58:20.405,19.2,58.2,0
2025-12-14T17:58:22.660,19.2,58.3,0
2025-12-14T17:58:24.914,19.2,58.3,0
2025-12-14T17:58:27.169,19.2,58.4,0
2025-12-14T17:58:29.424,19.2,58.4,0
2025-12-14T17:58:31.679,19.2,58.4,0
2025-12-14T17:58:33.934,19.2,58.6,0
2025-12-14T17:58:36.188,19.2,58.6,0
2025-12-14T17:58:38.443,19.2,58.6,0
2025-12-14T17:58:40.698,19.2,58.6,0
2025-12-14T17:58:42.953,19.2,58.5,0
2025-12-14T17:58:45.207,19.2,58.5,0
2025-12-14T17:58:47.462,19.2,58.6,0
2025-12-14T17:58:49.717,19.2,58.8,0
2025-12-14T17:58:51.971,19.2,58.9,0
2025-12-14T17:58:54.226,19.2,58.8,0
2025-12-14T17:58:56.481,19.2,58.8,0
2025-12-14T17:58:58.736,19.2,58.7,0
2025-12-14T17:59:00.991,19.2,58.7,0
2025-12-14T17:59:03.246,19.2,58.7,0
2025-12-14T17:59:05.500,19.2,58.6,0
2025-12-14T17:59:07.755,19.2,58.7,0
2025-12-14T17:59:10.010,19.2,58.7,0
2025-12-14T17:59:12.264,19.2,58.6,0
2025-12-14T17:59:14.519,19.2,58.6,0
2025-12-14T17:59:16.774,19.2,58.7,0
2025-12-14T17:59:19.029,19.2,58.8,0
2025-12-14T17:59:21.284,19.2,58.9,0
2025-12-14T17:59:23.538,19.2,59.0,0
2025-12-14T17:59:25.793,19.2,59.0,0
2025-12-14T17:59:28.048,19.2,58.9,0
2025-12-14T17:59:30.302,19.2,58.6,0
2025-12-14T17:59:32.557,19.2,58.7,0
2025-12-14T17:59:34.812,19.2,58.8,0
2025-12-14T17:59:37.067,19.2,58.8,0
2025-12-14T17:59:39.321,19.2,58.8,0
2025-12-14T17:59:41.576,19.2,59.0,0
2025-12-14T17:59:43.831,19.2,59.0,0
2025-12-14T17:59:46.086,19.2,59.0,0
2025-12-14T17:59:48.341,19.2,58.9,0
2025-12-14T17:59:50.596,19.2,58.6,0
2025-12-14T17:59:52.850,19.2,58.7,0
2025-12-14T17:59:55.105,19.2,58.7,0
2025-12-14T17:59:57.360,19.2,58.7,0
2025-12-14T17:59:59.615,19.2,58.7,0
2025-12-14T18:00:01.869,19.2,58.6,0
2025-12-14T18:00:04.124,19.2,58.7,0
2025-12-14T18:00:06.379,19.2,58.8,0
2025-12-14T18:00:08.634,19.2,58.8,0
2025-12-14T18:00:10.889,19.2,59.0,0
2025-12-14T18:00:13.143,19.2,59.1,0
2025-12-14T18:00:15.398,19.2,59.1,0
2025-12-14T18:00:17.653,19.2,59.1,0
2025-12-14T18:00:19.907,19.2,58.9,0
2025-12-14T18:00:22.162,19.2,58.8,0
2025-12-14T18:00:24.417,19.2,58.9,0
2025-12-14T18:00:26.672,19.2,59.0,0
2025-12-14T18:00:28.927,19.2,58.9,0
2025-12-14T18:00:31.181,19.2,58.6,0
2025-12-14T18:00:33.436,19.2,58.3,0
2025-12-14T18:00:35.691,19.2,58.4,0
2025-12-14T18:00:37.946,19.2,58.5,0
2025-12-14T18:00:40.200,19.2,58.7,0
2025-12-14T18:00:42.455,19.2,58.8,0
2025-12-14T18:00:44.710,19.2,58.9,0
2025-12-14T18:00:46.965,19.2,59.0,0
2025-12-14T18:00:49.219,19.2,59.1,0
2025-12-14T18:00:51.474,19.2,59.3,0
2025-12-14T18:00:53.729,19.2,59.1,0
2025-12-14T18:00:55.984,19.2,59.1,0
2025-12-14T18:00:58.238,19.2,58.9,0
2025-12-14T18:01:00.493,19.2,58.8,0
2025-12-14T18:01:02.748,,,0
2025-12-14T18:01:05.003,19.2,58.9,0
2025-12-14T18:01:07.257,19.2,59.0,0
2025-12-14T18:01:09.512,19.2,59.1,0
2025-12-14T18:01:11.767,19.2,59.2,0
2025-12-14T18:01:14.021,19.2,59.2,0
2025-12-14T18:01:16.276,19.2,59.2,0
2025-12-14T18:01:18.535,19.2,59.2,0
2025-12-14T18:01:20.795,19.2,59.1,0
2025-12-14T18:01:23.049,19.2,59.1,0
2025-12-14T18:01:25.307,19.2,59.0,0
2025-12-14T18:01:27.567,19.2,59.1,0
2025-12-14T18:01:29.821,19.2,59.0,0
2025-12-14T18:01:32.079,19.2,58.7,0
2025-12-14T18:01:34.333,19.2,58.3,0
2025-12-14T18:01:36.588,19.2,58.2,0
2025-12-14T18:01:38.847,19.1,58.2,0
2025-12-14T18:01:41.107,19.2,58.4,0
2025-12-14T18:01:43.361,19.2,58.4,0
2025-12-14T18:01:45.616,19.2,58.6,0
2025-12-14T18:01:47.870,19.2,58.6,0
2025-12-14T18:01:50.125,19.2,58.6,0
2025-12-14T18:01:52.379,19.2,58.7,0
2025-12-14T18:01:54.633,19.2,58.7,0
2025-12-14T18:01:56.891,19.2,58.8,0
2025-12-14T18:01:59.146,19.2,58.9,0
2025-12-14T18:02:01.400,19.2,58.9,0
2025-12-14T18:02:03.654,19.2,58.8,0
2025-12-14T18:02:05.911,19.2,58.6,0
2025-12-14T18:02:08.165,19.2,58.6,0
2025-12-14T18:02:10.420,19.2,58.7,0
2025-12-14T18:02:12.674,19.2,58.8,0
2025-12-14T18:02:14.929,19.2,58.7,0
2025-12-14T18:02:17.183,19.2,58.7,0
2025-12-14T18:02:19.443,19.2,58.8,0
2025-12-14T18:02:21.697,19.2,58.9,0
2025-12-14T18:02:23.955,19.2,58.9,0
2025-12-14T18:02:26.215,19.2,59.1,0
2025-12-14T18:02:28.469,19.1,59.0,0
2025-12-14T18:02:30.724,19.2,59.0,0
2025-12-14T18:02:32.978,19.2,58.7,0
2025-12-14T18:02:35.233,19.2,58.3,0
2025-12-14T18:02:37.487,19.2,58.3,0
2025-12-14T18:02:39.747,19.2,58.3,0
2025-12-14T18:02:42.001,19.2,58.3,0
2025-12-14T18:02:44.256,19.1,58.4,0
2025-12-14T18:02:46.510,19.2,58.3,0
2025-12-14T18:02:48.765,19.2,58.2,0
2025-12-14T18:02:51.023,19.2,58.3,0
2025-12-14T18:02:53.283,19.2,58.5,0
2025-12-14T18:02:55.537,19.2,58.7,0
2025-12-14T18:02:57.792,19.2,58.7,0
2025-12-14T18:03:00.046,19.2,58.4,0
2025-12-14T18:03:02.300,19.2,58.4,0
2025-12-14T18:03:04.555,19.2,58.3,0
2025-12-14T18:03:06.810,19.2,58.2,0
2025-12-14T18:03:09.064,19.2,57.9,0
2025-12-14T18:03:11.318,19.1,57.7,0
2025-12-14T18:03:13.575,19.2,57.8,0
2025-12-14T18:03:15.829,19.2,58.0,0
2025-12-14T18:03:18.084,19.1,58.0,0
2025-12-14T18:03:20.338,19.2,58.3,0
2025-12-14T18:03:22.595,19.2,58.3,0
2025-12-14T18:03:24.850,19.2,58.2,0
2025-12-14T18:03:27.104,19.2,58.4,0
2025-12-14T18:03:29.358,19.2,58.4,0
2025-12-14T18:03:31.615,19.1,58.4,0
2025-12-14T18:03:33.875,19.2,58.6,0
2025-12-14T18:03:36.129,19.2,58.6,0
2025-12-14T18:03:38.384,19.2,58.7,0
2025-12-14T18:03:40.638,19.1,58.7,0
2025-12-14T18:03:42.893,19.2,58.7,0
2025-12-14T18:03:45.151,19.2,58.8,0
2025-12-14T18:03:47.411,19.2,58.9,0
2025-12-14T18:03:49.665,19.2,58.9,0
2025-12-14T18:03:51.923,19.2,59.0,0
2025-12-14T18:03:54.183,19.2,58.9,0
2025-12-14T18:03:56.443,19.1,58.9,0
2025-12-14T18:03:58.703,19.2,59.0,0
2025-12-14T18:04:00.963,19.1,59.0,0
2025-12-14T18:04:03.217,19.2,59.1,0
2025-12-14T18:04:05.475,19.2,59.1,0
2025-12-14T18:04:07.735,19.2,58.9,0
2025-12-14T18:04:09.995,19.2,58.6,0
2025-12-14T18:04:12.255,19.2,58.3,0
2025-12-14T18:04:14.515,19.2,58.3,0
2025-12-14T18:04:16.769,19.2,58.3,0
2025-12-14T18:04:19.024,19.2,58.3,0
2025-12-14T18:04:21.278,19.2,58.3,0
2025-12-14T18:04:23.535,19.2,58.0,0
2025-12-14T18:04:25.795,19.2,57.7,0
2025-12-14T18:04:28.055,19.2,57.7,0
2025-12-14T18:04:30.309,19.2,57.8,0
2025-12-14T18:04:32.564,19.2,57.9,0
2025-12-14T18:04:34.819,19.1,58.0,0
2025-12-14T18:04:37.074,19.2,58.0,0
2025-12-14T18:04:39.329,19.2,58.1,0
2025-12-14T18:04:41.583,19.2,58.3,0
2025-12-14T18:04:43.838,19.2,58.5,0
2025-12-14T18:04:46.093,19.2,58.3,0
2025-12-14T18:04:48.348,19.2,58.3,0
2025-12-14T18:04:50.602,19.2,58.3,0
2025-12-14T18:04:52.857,19.2,58.3,0
2025-12-14T18:04:55.112,19.2,58.2,0
2025-12-14T18:04:57.367,19.2,58.2,0
2025-12-14T18:04:59.622,19.2,58.1,0
2025-12-14T18:05:01.876,19.2,58.1,0
2025-12-14T18:05:04.131,19.2,58.1,0
2025-12-14T18:05:06.385,19.2,58.2,0
2025-12-14T18:05:08.640,19.2,58.3,0
2025-12-14T18:05:10.895,19.2,58.4,0
2025-12-14T18:05:13.150,19.2,58.4,0
2025-12-14T18:05:15.405,19.2,58.6,0
2025-12-14T18:05:17.659,19.2,58.4,0
2025-12-14T18:05:19.914,19.2,58.4,0
2025-12-14T18:05:22.169,19.2,58.6,0
2025-12-14T18:05:24.424,19.2,58.6,0
2025-12-14T18:05:26.679,19.2,58.4,0
2025-12-14T18:05:28.934,19.2,58.3,0
2025-12-14T18:05:31.188,19.2,58.4,0
2025-12-14T18:05:33.443,19.2,58.2,0
2025-12-14T18:05:35.698,19.2,58.2,0
2025-12-14T18:05:37.953,19.2,58.2,0
2025-12-14T18:05:40.208,19.2,58.2,0
2025-12-14T18:05:42.462,19.2,57.9,0
2025-12-14T18:05:44.717,19.2,57.8,0
2025-12-14T18:05:46.972,19.2,57.6,0
2025-12-14T18:05:49.227,19.2,57.4,0
2025-12-14T18:05:51.482,19.2,57.5,0
2025-12-14T18:05:53.737,19.2,57.7,0
2025-12-14T18:05:55.991,19.2,57.7,0
2025-12-14T18:05:58.246,19.2,57.9,0
2025-12-14T18:06:00.501,19.2,58.0,0
2025-12-14T18:06:02.756,19.2,58.2,0
2025-12-14T18:06:05.011,19.2,58.1,0
2025-12-14T18:06:07.266,19.2,57.9,0
2025-12-14T18:06:09.520,19.2,57.9,0
2025-12-14T18:06:11.775,19.2,58.0,0
2025-12-14T18:06:14.030,19.2,57.9,0
2025-12-14T18:06:16.285,19.2,57.8,0
2025-12-14T18:06:18.540,19.2,57.7,0
2025-12-14T18:06:20.794,19.2,57.5,0
2025-12-14T18:06:23.049,19.2,57.6,0
2025-12-14T18:06:25.304,19.2,57.8,0
2025-12-14T18:06:27.558,19.2,58.0,0
2025-12-14T18:06:29.813,19.2,58.0,0
2025-12-14T18:06:32.068,19.2,57.9,0
2025-12-14T18:06:34.323,19.2,57.8,0
2025-12-14T18:06:36.578,19.2,57.7,0
2025-12-14T18:06:38.832,19.2,57.6,0
2025-12-14T18:06:41.087,19.2,57.7,0
2025-12-14T18:06:43.342,19.2,57.6,0
2025-12-14T18:06:45.597,19.2,57.6,0
2025-12-14T18:06:47.852,19.2,57.5,0
2025-12-14T18:06:50.107,19.2,57.4,0
2025-12-14T18:06:52.361,19.2,57.4,0
2025-12-14T18:06:54.616,19.2,57.5,0
2025-12-14T18:06:56.871,19.2,57.4,0
2025-12-14T18:06:59.125,19.2,57.3,0
2025-12-14T18:07:01.380,19.2,57.2,0
2025-12-14T18:07:03.635,19.2,57.3,0
2025-12-14T18:07:05.889,19.2,57.4,0
2025-12-14T18:07:08.144,19.2,57.4,0
2025-12-14T18:07:10.399,19.2,57.5,0
2025-12-14T18:07:12.654,19.1,57.5,0
2025-12-14T18:07:14.908,19.2,57.6,0
2025-12-14T18:07:17.163,19.2,57.4,0
2025-12-14T18:07:19.418,19.2,57.5,0
2025-12-14T18:07:21.673,19.2,57.5,0
2025-12-14T18:07:23.928,19.2,57.5,0
2025-12-14T18:07:26.182,19.2,57.4,0
2025-12-14T18:07:28.437,19.2,57.3,0
2025-12-14T18:07:30.692,19.2,57.2,0
2025-12-14T18:07:32.947,19.2,57.2,0
2025-12-14T18:07:35.202,19.1,57.1,0
2025-12-14T18:07:37.456,19.2,57.2,0
2025-12-14T18:07:39.711,19.2,57.2,0
2025-12-14T18:07:41.966,19.1,57.4,0
2025-12-14T18:07:44.221,19.2,57.6,0
2025-12-14T18:07:46.475,19.2,57.6,0
2025-12-14T18:07:48.731,19.2,57.8,0
2025-12-14T18:07:50.991,19.1,57.8,0
2025-12-14T18:07:53.245,19.2,57.9,0
2025-12-14T18:07:55.503,19.1,58.0,0
2025-12-14T18:07:57.758,19.1,58.1,0
2025-12-14T18:08:00.012,19.2,58.1,0
2025-12-14T18:08:02.271,19.2,57.9,0
2025-12-14T18:08:04.531,19.2,57.8,0
2025-12-14T18:08:06.785,19.2,57.7,0
2025-12-14T18:08:09.040,19.2,57.5,0
2025-12-14T18:08:11.299,19.2,57.7,0
2025-12-14T18:08:13.559,19.1,57.7,0
2025-12-14T18:08:15.813,19.2,57.7,0
2025-12-14T18:08:18.071,19.2,57.8,0
2025-12-14T18:08:20.325,19.2,57.8,0
2025-12-14T18:08:22.580,19.2,57.6,0
2025-12-14T18:08:24.834,19.2,57.8,0
2025-12-14T18:08:27.091,19.1,57.8,0
2025-12-14T18:08:29.345,19.2,58.0,0
2025-12-14T18:08:31.600,19.1,58.1,0
2025-12-14T18:08:33.854,19.2,58.1,0
2025-12-14T18:08:36.109,19.2,58.2,0
2025-12-14T18:08:38.367,19.2,58.2,0
2025-12-14T18:08:40.627,19.2,58.2,0
2025-12-14T18:08:42.882,19.2,57.8,0
2025-12-14T18:08:45.139,19.2,57.8,0
2025-12-14T18:08:47.399,19.2,57.6,0
2025-12-14T18:08:49.659,19.2,57.7,0
2025-12-14T18:08:51.919,19.2,57.8,0
2025-12-14T18:08:54.179,19.2,57.6,0
2025-12-14T18:08:56.433,19.2,57.5,0
2025-12-14T18:08:58.688,19.2,57.6,0
2025-12-14T18:09:00.942,19.2,57.6,0
2025-12-14T18:09:03.197,19.1,57.6,0
2025-12-14T18:09:05.455,19.2,57.8,0
2025-12-14T18:09:07.709,19.2,57.8,0
2025-12-14T18:09:09.967,19.2,57.8,0
2025-12-14T18:09:12.222,19.2,57.6,0
2025-12-14T18:09:14.479,19.2,57.4,0
2025-12-14T18:09:16.739,19.2,57.2,0
2025-12-14T18:09:18.995,19.2,57.0,0
2025-12-14T18:09:21.255,19.2,56.9,0
2025-12-14T18:09:23.509,19.2,57.0,0
2025-12-14T18:09:25.764,19.2,56.8,0
2025-12-14T18:09:28.023,19.2,56.8,0
2025-12-14T18:09:30.279,19.2,56.6,0
2025-12-14T18:09:32.539,19.2,56.6,0
2025-12-14T18:09:34.794,19.2,56.6,0
2025-12-14T18:09:37.049,19.2,56.8,0
2025-12-14T18:09:39.303,19.2,56.8,0
2025-12-14T18:09:41.558,19.2,56.7,0
2025-12-14T18:09:43.812,19.1,56.6,0
2025-12-14T18:09:46.067,19.2,56.8,0
2025-12-14T18:09:48.321,19.1,56.7,0
2025-12-14T18:09:50.576,19.2,56.8,0
2025-12-14T18:09:52.831,19.1,56.9,0
2025-12-14T18:09:55.085,19.1,56.8,0
2025-12-14T18:09:57.340,19.2,57.0,0
2025-12-14T18:09:59.595,19.2,56.9,0
2025-12-14T18:10:01.849,19.2,56.7,0
2025-12-14T18:10:04.104,19.1,56.4,0
2025-12-14T18:10:06.359,19.1,56.4,0
2025-12-14T18:10:08.614,19.2,56.4,0
2025-12-14T18:10:10.868,19.1,56.2,0
2025-12-14T18:10:13.123,19.1,56.2,0
2025-12-14T18:10:15.378,19.2,56.4,0
2025-12-14T18:10:17.632,19.1,56.4,0
2025-12-14T18:10:19.887,19.1,56.4,0
2025-12-14T18:10:22.142,19.1,56.6,0
2025-12-14T18:10:24.396,19.1,56.7,0
2025-12-14T18:10:26.651,19.1,56.5,0
2025-12-14T18:10:28.906,19.2,56.4,0
2025-12-14T18:10:31.160,19.1,56.3,0
2025-12-14T18:10:33.415,19.1,56.4,0
2025-12-14T18:10:35.670,19.1,56.6,0
2025-12-14T18:10:37.924,19.1,56.8,0
2025-12-14T18:10:40.179,19.1,56.9,0
2025-12-14T18:10:42.434,19.1,56.9,0
2025-12-14T18:10:44.688,19.1,56.8,0
2025-12-14T18:10:46.943,19.1,56.9,0
2025-12-14T18:10:49.198,19.1,57.1,0
2025-12-14T18:10:51.452,19.2,57.0,0
2025-12-14T18:10:53.707,19.1,56.7,0
2025-12-14T18:10:55.962,19.1,56.5,0
2025-12-14T18:10:58.217,19.1,56.4,0
2025-12-14T18:11:00.471,19.1,56.3,0
2025-12-14T18:11:02.726,19.1,56.2,0
2025-12-14T18:11:04.981,19.2,56.2,0
2025-12-14T18:11:07.235,19.1,56.1,0
2025-12-14T18:11:09.490,19.2,56.0,0
2025-12-14T18:11:11.745,19.2,56.1,0
2025-12-14T18:11:13.999,19.2,56.2,0
2025-12-14T18:11:16.254,19.2,56.4,0
2025-12-14T18:11:18.509,19.2,56.5,0
2025-12-14T18:11:20.763,19.1,56.4,0
2025-12-14T18:11:23.018,19.1,56.5,0
2025-12-14T18:11:25.273,19.2,56.7,0
2025-12-14T18:11:27.528,19.1,56.5,0
2025-12-14T18:11:29.782,19.1,56.3,0
2025-12-14T18:11:32.037,19.1,56.2,0
2025-12-14T18:11:34.292,19.1,56.1,0
2025-12-14T18:11:36.546,19.1,56.2,0
2025-12-14T18:11:38.801,19.1,56.5,0
2025-12-14T18:11:41.056,19.1,56.6,0
2025-12-14T18:11:43.310,19.2,56.6,0
2025-12-14T18:11:45.565,19.1,56.2,0
2025-12-14T18:11:47.820,19.2,56.3,0
2025-12-14T18:11:50.074,19.2,56.4,0
2025-12-14T18:11:52.329,19.2,56.4,0
2025-12-14T18:11:54.584,19.1,56.4,0
2025-12-14T18:11:56.838,19.2,56.3,0
2025-12-14T18:11:59.093,19.1,56.2,0
2025-12-14T18:12:01.348,19.2,56.3,0
2025-12-14T18:12:03.602,19.2,56.3,0
2025-12-14T18:12:05.857,19.1,56.2,0
2025-12-14T18:12:08.112,19.1,56.2,0
2025-12-14T18:12:10.366,19.1,56.1,0
2025-12-14T18:12:12.621,19.1,56.1,0
2025-12-14T18:12:14.876,19.1,56.1,0
2025-12-14T18:12:17.131,19.1,56.1,0
2025-12-14T18:12:19.385,19.2,56.0,0
2025-12-14T18:12:21.640,19.2,55.9,0
2025-12-14T18:12:23.895,19.1,55.7,0
2025-12-14T18:12:26.149,19.1,55.6,0
2025-12-14T18:12:28.404,19.1,55.6,0
2025-12-14T18:12:30.659,19.1,55.5,0
2025-12-14T18:12:32.914,19.1,55.4,0
2025-12-14T18:12:35.168,19.1,55.3,0
2025-12-14T18:12:37.423,19.1,55.4,0
2025-12-14T18:12:39.677,19.1,55.5,0
2025-12-14T18:12:41.932,19.1,55.6,0
2025-12-14T18:12:44.187,19.1,55.6,0
2025-12-14T18:12:46.442,19.2,55.6,0
2025-12-14T18:12:48.696,19.1,55.4,0
2025-12-14T18:12:50.951,19.1,55.6,0
2025-12-14T18:12:53.206,19.1,55.6,0
2025-12-14T18:12:55.460,19.1,55.8,0
2025-12-14T18:12:57.715,19.1,55.6,0
2025-12-14T18:12:59.970,19.1,55.4,0
2025-12-14T18:13:02.224,19.1,55.4,0
2025-12-14T18:13:04.479,19.1,55.6,0
2025-12-14T18:13:06.734,19.1,55.8,0
2025-12-14T18:13:08.989,19.1,55.9,0
2025-12-14T18:13:11.243,19.1,55.8,0
2025-12-14T18:13:13.498,19.1,56.0,0
2025-12-14T18:13:15.753,19.1,56.0,0
2025-12-14T18:13:18.007,19.1,55.8,0
2025-12-14T18:13:20.262,19.1,56.0,0
2025-12-14T18:13:22.517,19.1,56.0,0
2025-12-14T18:13:24.771,19.1,56.0,0
2025-12-14T18:13:27.026,19.1,56.0,0
2025-12-14T18:13:29.280,19.1,56.1,0
2025-12-14T18:13:31.535,19.1,56.3,0
2025-12-14T18:13:33.790,19.1,56.5,0
2025-12-14T18:13:36.045,19.1,56.7,0
2025-12-14T18:13:38.299,19.1,56.8,0
2025-12-14T18:13:40.554,19.1,56.8,0
2025-12-14T18:13:42.809,19.1,56.9,0
2025-12-14T18:13:45.063,19.1,57.0,0
2025-12-14T18:13:47.318,19.1,57.0,0
2025-12-14T18:13:49.573,19.1,57.0,0
2025-12-14T18:13:51.827,19.2,57.0,0
2025-12-14T18:13:54.082,19.1,56.9,0
2025-12-14T18:13:56.337,19.1,56.7,0
2025-12-14T18:13:58.592,19.1,56.6,0
2025-12-14T18:14:00.846,19.1,56.6,0
2025-12-14T18:14:03.101,19.1,56.5,0
2025-12-14T18:14:05.356,19.1,56.4,0
2025-12-14T18:14:07.610,19.1,56.4,0
2025-12-14T18:14:09.865,19.1,56.4,0
2025-12-14T18:14:12.120,19.1,56.2,0
2025-12-14T18:14:14.375,19.1,56.1,0
2025-12-14T18:14:16.629,19.1,56.0,0
2025-12-14T18:14:18.884,19.1,55.9,0
2025-12-14T18:14:21.139,19.1,55.7,0
2025-12-14T18:14:23.393,19.2,55.8,0
2025-12-14T18:14:25.648,19.1,55.7,0
2025-12-14T18:14:27.903,19.1,55.6,0
2025-12-14T18:14:30.157,19.1,55.6,0
2025-12-14T18:14:32.412,19.1,55.7,0
2025-12-14T18:14:34.667,19.1,55.7,0
2025-12-14T18:14:36.921,19.1,55.6,0
2025-12-14T18:14:39.176,19.1,55.5,0
2025-12-14T18:14:41.431,19.1,55.4,0
2025-12-14T18:14:43.685,19.1,55.4,0
2025-12-14T18:14:45.940,19.1,55.5,0
2025-12-14T18:14:48.195,19.1,55.4,0
2025-12-14T18:14:50.449,19.1,55.5,0
2025-12-14T18:14:52.704,19.1,55.3,0
2025-12-14T18:14:54.959,19.2,55.4,0
2025-12-14T18:14:57.214,19.1,55.4,0
2025-12-14T18:14:59.468,19.1,55.6,0
2025-12-14T18:15:01.723,19.1,55.6,0
2025-12-14T18:15:03.978,19.1,55.7,0
2025-12-14T18:15:06.232,19.1,55.8,0
2025-12-14T18:15:08.487,19.1,55.8,0
2025-12-14T18:15:10.742,19.1,55.8,0
2025-12-14T18:15:12.997,19.1,55.8,0
2025-12-14T18:15:15.252,19.1,55.8,0
2025-12-14T18:15:17.506,19.1,56.0,0
2025-12-14T18:15:19.761,19.1,56.1,0
2025-12-14T18:15:22.016,19.1,56.1,0
2025-12-14T18:15:24.270,19.1,56.0,0
2025-12-14T18:15:26.525,19.1,56.0,0
2025-12-14T18:15:28.780,19.1,56.0,0
2025-12-14T18:15:31.034,19.1,55.9,0
2025-12-14T18:15:33.289,19.1,55.7,0
2025-12-14T18:15:35.544,19.1,55.7,0
2025-12-14T18:15:37.798,19.1,55.7,0
2025-12-14T18:15:40.053,19.1,55.7,0
2025-12-14T18:15:42.308,19.1,55.7,0
2025-12-14T18:15:44.563,19.1,55.6,0
2025-12-14T18:15:46.817,19.1,55.4,0
2025-12-14T18:15:49.072,19.1,55.3,0
2025-12-14T18:15:51.327,19.1,55.2,0
2025-12-14T18:15:53.581,19.1,55.3,0
2025-12-14T18:15:55.836,19.1,55.3,0
2025-12-14T18:15:58.091,19.1,55.4,0
2025-12-14T18:16:00.345,19.1,55.3,0
2025-12-14T18:16:02.600,19.1,55.3,0
2025-12-14T18:16:04.855,19.1,55.4,0
2025-12-14T18:16:07.109,19.1,55.4,0
2025-12-14T18:16:09.364,19.1,55.4,0
2025-12-14T18:16:11.619,19.1,55.4,0
2025-12-14T18:16:13.873,19.1,55.3,0
2025-12-14T18:16:16.128,19.1,55.3,0
2025-12-14T18:16:18.383,19.1,55.3,0
2025-12-14T18:16:20.637,19.1,55.2,0
2025-12-14T18:16:22.892,19.1,55.2,0
2025-12-14T18:16:25.147,19.1,55.3,0
2025-12-14T18:16:27.402,19.1,55.5,0
2025-12-14T18:16:29.656,19.1,55.5,0
2025-12-14T18:16:31.911,19.1,55.5,0
2025-12-14T18:16:34.166,19.1,55.4,0
2025-12-14T18:16:36.420,19.1,55.4,0
2025-12-14T18:16:38.675,19.1,55.3,0
2025-12-14T18:16:40.930,19.1,55.3,0
2025-12-14T18:16:43.184,19.1,55.2,0
2025-12-14T18:16:45.439,19.1,55.2,0
2025-12-14T18:16:47.694,19.1,55.2,0
2025-12-14T18:16:49.949,,,0
2025-12-14T18:16:52.203,19.1,55.1,0
2025-12-14T18:16:54.458,19.1,55.2,0
2025-12-14T18:16:56.713,19.1,55.2,0
2025-12-14T18:16:58.968,19.1,55.3,0
2025-12-14T18:17:01.223,19.1,55.5,0
2025-12-14T18:17:03.477,19.1,55.6,0
2025-12-14T18:17:05.732,19.1,55.7,0
2025-12-14T18:17:07.987,19.1,55.7,0
2025-12-14T18:17:10.242,19.1,55.6,0
2025-12-14T18:17:12.497,19.1,55.4,0
2025-12-14T18:17:14.751,19.1,55.4,0
2025-12-14T18:17:17.006,19.1,55.4,0
2025-12-14T18:17:19.261,19.1,55.6,0
2025-12-14T18:17:21.515,19.1,55.7,0
2025-12-14T18:17:23.770,19.1,55.8,0
2025-12-14T18:17:26.025,19.1,55.8,0
2025-12-14T18:17:28.280,19.1,55.6,0
2025-12-14T18:17:30.535,19.1,55.5,0
2025-12-14T18:17:32.789,19.1,55.3,0
2025-12-14T18:17:35.044,19.1,55.4,0
2025-12-14T18:17:37.299,19.1,55.6,0
2025-12-14T18:17:39.554,19.1,55.7,0
2025-12-14T18:17:41.808,19.1,55.7,0
2025-12-14T18:17:44.063,19.1,55.8,0
2025-12-14T18:17:46.318,19.1,55.8,0
2025-12-14T18:17:48.573,19.1,55.6,0
2025-12-14T18:17:50.828,19.1,55.5,0
2025-12-14T18:17:53.082,19.1,55.5,0
2025-12-14T18:17:55.337,19.1,55.6,0
2025-12-14T18:17:57.592,19.1,55.6,0
2025-12-14T18:17:59.847,19.1,55.5,0
2025-12-14T18:18:02.101,19.1,55.4,0
2025-12-14T18:18:04.356,19.1,55.3,0
2025-12-14T18:18:06.611,19.1,55.2,0
2025-12-14T18:18:08.866,19.1,55.3,0
2025-12-14T18:18:11.121,19.1,55.3,0
2025-12-14T18:18:13.375,19.1,55.1,0
2025-12-14T18:18:15.630,19.1,55.0,0
2025-12-14T18:18:17.885,19.1,55.0,0
2025-12-14T18:18:20.140,19.1,55.1,0
2025-12-14T18:18:22.394,19.1,55.1,0
2025-12-14T18:18:24.649,19.1,55.0,0
2025-12-14T18:18:26.904,19.1,55.0,0
2025-12-14T18:18:29.159,19.1,55.0,0
2025-12-14T18:18:31.414,19.1,55.1,0
2025-12-14T18:18:33.668,19.1,55.1,0
2025-12-14T18:18:35.923,19.1,55.0,0
2025-12-14T18:18:38.178,19.1,55.1,0
2025-12-14T18:18:40.433,19.1,55.2,0
2025-12-14T18:18:42.687,19.1,55.3,0
2025-12-14T18:18:44.942,19.1,55.2,0
2025-12-14T18:18:47.197,19.1,55.2,0
2025-12-14T18:18:49.452,19.1,55.1,0
2025-12-14T18:18:51.707,19.1,55.2,0
2025-12-14T18:18:53.962,19.1,55.3,0
2025-12-14T18:18:56.216,19.1,55.4,0
2025-12-14T18:18:58.471,19.1,55.4,0
2025-12-14T18:19:00.726,19.1,55.4,0
2025-12-14T18:19:02.981,19.1,55.6,0
2025-12-14T18:19:05.235,19.1,55.7,0
2025-12-14T18:19:07.490,19.1,55.8,0
2025-12-14T18:19:09.745,19.1,55.7,0
2025-12-14T18:19:12.000,19.1,55.5,0
2025-12-14T18:19:14.254,19.1,55.4,0
2025-12-14T18:19:16.509,19.1,55.3,0
2025-12-14T18:19:18.764,19.1,55.4,0
2025-12-14T18:19:21.019,19.1,55.4,0
2025-12-14T18:19:23.273,19.1,55.2,0
2025-12-14T18:19:25.528,19.1,55.1,0
2025-12-14T18:19:27.783,19.1,55.0,0
2025-12-14T18:19:30.038,19.1,55.0,0
2025-12-14T18:19:32.292,19.1,55.0,0
2025-12-14T18:19:34.547,19.1,55.3,0
2025-12-14T18:19:36.802,19.1,55.4,0
2025-12-14T18:19:39.057,19.1,55.7,0
2025-12-14T18:19:41.312,19.1,55.6,0
2025-12-14T18:19:43.566,19.1,55.5,0
2025-12-14T18:19:45.821,19.1,55.4,0
2025-12-14T18:19:48.076,19.1,55.4,0
2025-12-14T18:19:50.331,19.1,55.3,0
2025-12-14T18:19:52.586,19.1,55.2,0
2025-12-14T18:19:54.841,19.1,55.2,0
2025-12-14T18:19:57.095,19.1,55.3,0
2025-12-14T18:19:59.350,19.1,55.3,0
2025-12-14T18:20:01.605,19.1,55.3,0
2025-12-14T18:20:03.863,19.1,55.4,0
2025-12-14T18:20:06.118,19.1,55.4,0
2025-12-14T18:20:08.375,19.1,55.6,0
2025-12-14T18:20:10.629,19.1,55.6,0
2025-12-14T18:20:12.884,19.1,55.7,0
2025-12-14T18:20:15.143,19.1,55.7,0
2025-12-14T18:20:17.403,19.1,55.7,0
2025-12-14T18:20:19.657,19.1,55.6,0
2025-12-14T18:20:21.912,19.1,55.3,0
2025-12-14T18:20:24.166,19.1,55.4,0
2025-12-14T18:20:26.421,19.1,55.3,0
2025-12-14T18:20:28.679,19.1,55.2,0
2025-12-14T18:20:30.933,19.1,55.1,0
2025-12-14T18:20:33.188,19.1,55.2,0
2025-12-14T18:20:35.443,19.1,55.3,0
2025-12-14T18:20:37.698,19.1,55.4,0
2025-12-14T18:20:39.953,19.1,55.5,0
2025-12-14T18:20:42.207,19.1,55.7,0
2025-12-14T18:20:44.462,19.1,55.8,0
2025-12-14T18:20:46.717,19.1,56.0,0
2025-12-14T18:20:48.972,19.1,56.0,0
2025-12-14T18:20:51.227,19.1,56.1,0
2025-12-14T18:20:53.481,19.1,56.1,0
2025-12-14T18:20:55.736,19.1,56.1,0
2025-12-14T18:20:57.990,19.1,55.9,0
2025-12-14T18:21:00.245,19.1,56.0,0
2025-12-14T18:21:02.503,19.1,56.0,0
2025-12-14T18:21:04.763,19.1,55.8,0
2025-12-14T18:21:07.023,19.1,55.7,0
2025-12-14T18:21:09.283,19.1,55.6,0
2025-12-14T18:21:11.543,19.1,55.4,0
2025-12-14T18:21:13.803,19.1,55.2,0
2025-12-14T18:21:16.063,19.1,55.0,0
2025-12-14T18:21:18.323,19.1,55.0,0
2025-12-14T18:21:20.583,19.1,55.1,0
2025-12-14T18:21:22.843,19.1,55.2,0
2025-12-14T18:21:25.103,19.1,55.0,0
2025-12-14T18:21:27.357,19.1,55.0,0
2025-12-14T18:21:29.615,19.1,54.9,0
2025-12-14T18:21:31.870,19.1,55.1,0
2025-12-14T18:21:34.125,19.1,55.1,0
2025-12-14T18:21:36.379,19.1,55.1,0
2025-12-14T18:21:38.634,19.1,55.1,0
2025-12-14T18:21:40.889,19.1,55.0,0
2025-12-14T18:21:43.144,19.1,55.0,0
2025-12-14T18:21:45.398,19.1,55.1,0
2025-12-14T18:21:47.653,19.1,55.0,0
2025-12-14T18:21:49.908,19.1,54.9,0
2025-12-14T18:21:52.163,19.1,54.9,0
2025-12-14T18:21:54.418,19.1,55.0,0
2025-12-14T18:21:56.672,19.1,55.0,0
2025-12-14T18:21:58.927,19.1,55.2,0
2025-12-14T18:22:01.182,19.1,55.4,0
2025-12-14T18:22:03.436,19.1,55.4,0
2025-12-14T18:22:05.691,19.1,55.2,0
2025-12-14T18:22:07.946,19.1,55.3,0
2025-12-14T18:22:10.200,19.1,55.3,0
2025-12-14T18:22:12.455,19.1,55.3,0
2025-12-14T18:22:14.710,19.1,55.2,0
2025-12-14T18:22:16.967,19.1,55.3,0
2025-12-14T18:22:19.222,19.1,55.2,0
2025-12-14T18:22:21.476,19.1,55.2,0
2025-12-14T18:22:23.735,19.1,55.4,0
2025-12-14T18:22:25.990,19.1,55.4,0
2025-12-14T18:22:28.247,19.1,55.4,0
2025-12-14T18:22:30.507,19.1,55.4,0
2025-12-14T18:22:32.767,19.1,55.3,0
2025-12-14T18:22:35.027,19.1,55.3,0
2025-12-14T18:22:37.281,19.1,55.3,0
2025-12-14T18:22:39.536,19.1,55.2,0
2025-12-14T18:22:41.795,19.1,55.3,0
2025-12-14T18:22:44.049,19.1,55.4,0
2025-12-14T18:22:46.304,19.1,55.4,0
2025-12-14T18:22:48.559,19.1,55.3,0
2025-12-14T18:22:50.814,19.1,55.2,0
2025-12-14T18:22:53.069,19.1,55.2,0
2025-12-14T18:22:55.324,19.1,55.2,0
2025-12-14T18:22:57.578,19.1,55.1,0
2025-12-14T18:22:59.833,19.1,54.9,0
2025-12-14T18:23:02.088,19.1,54.8,0
2025-12-14T18:23:04.343,19.1,54.8,0
2025-12-14T18:23:06.597,19.1,54.9,0
2025-12-14T18:23:08.852,19.1,54.8,0
2025-12-14T18:23:11.106,19.1,54.8,0
2025-12-14T18:23:13.361,19.1,54.7,0
2025-12-14T18:23:15.616,19.1,54.6,0
2025-12-14T18:23:17.871,19.1,54.5,0
2025-12-14T18:23:20.126,19.1,54.4,0
2025-12-14T18:23:22.380,19.1,54.4,0
2025-12-14T18:23:24.635,19.1,54.5,0
2025-12-14T18:23:26.890,19.1,54.5,0
2025-12-14T18:23:29.144,19.1,54.5,0
2025-12-14T18:23:31.399,19.1,54.6,0
2025-12-14T18:23:33.654,19.1,54.6,0
2025-12-14T18:23:35.909,19.1,54.6,0
2025-12-14T18:23:38.163,19.1,54.6,0
2025-12-14T18:23:40.418,19.1,54.8,0
2025-12-14T18:23:42.673,19.1,54.7,0
2025-12-14T18:23:44.928,19.1,54.6,0
2025-12-14T18:23:47.182,19.1,54.9,0
2025-12-14T18:23:49.437,19.1,55.1,0
2025-12-14T18:23:51.692,19.1,55.3,0
2025-12-14T18:23:53.947,19.1,55.5,0
2025-12-14T18:23:56.201,19.1,55.6,0
2025-12-14T18:23:58.456,19.1,55.5,0
2025-12-14T18:24:00.711,19.1,55.4,0
2025-12-14T18:24:02.966,19.1,55.4,0
2025-12-14T18:24:05.220,19.1,55.3,0
2025-12-14T18:24:07.475,19.1,55.5,0
2025-12-14T18:24:09.730,19.1,55.6,0
2025-12-14T18:24:11.984,19.1,55.7,0
2025-12-14T18:24:14.243,19.1,55.7,0
2025-12-14T18:24:16.497,19.1,55.7,0
2025-12-14T18:24:18.752,19.1,55.7,0
2025-12-14T18:24:21.006,19.1,55.8,0
2025-12-14T18:24:23.267,19.1,55.8,0
2025-12-14T18:24:25.521,19.1,55.8,0
2025-12-14T18:24:27.776,19.1,55.8,0
2025-12-14T18:24:30.035,19.1,55.6,0
2025-12-14T18:24:32.289,19.1,55.3,0
2025-12-14T18:24:34.547,19.1,55.3,0
2025-12-14T18:24:36.802,19.1,55.1,0
2025-12-14T18:24:39.059,19.1,54.9,0
2025-12-14T18:24:41.313,19.1,54.9,0
2025-12-14T18:24:43.568,19.1,54.8,0
2025-12-14T18:24:45.827,19.1,55.0,0
2025-12-14T18:24:48.087,19.1,55.0,0
2025-12-14T18:24:50.343,19.1,55.2,0
2025-12-14T18:24:52.603,19.1,55.1,0
2025-12-14T18:24:54.863,19.1,55.2,0
2025-12-14T18:24:57.119,19.1,55.3,0
2025-12-14T18:24:59.373,19.1,55.4,0
2025-12-14T18:25:01.631,19.1,55.4,0
2025-12-14T18:25:03.891,19.1,55.7,0
2025-12-14T18:25:06.151,19.1,55.6,0
2025-12-14T18:25:08.405,19.1,55.6,0
2025-12-14T18:25:10.663,19.1,55.6,0
2025-12-14T18:25:12.917,19.1,55.6,0
2025-12-14T18:25:15.175,19.1,55.6,0
2025-12-14T18:25:17.429,19.1,55.4,0
2025-12-14T18:25:19.687,19.1,55.3,0
2025-12-14T18:25:21.947,,,0
2025-12-14T18:25:24.207,19.1,55.4,0
2025-12-14T18:25:26.467,19.1,55.4,0
2025-12-14T18:25:28.727,19.1,55.6,0
2025-12-14T18:25:30.982,19.1,55.7,0
2025-12-14T18:25:33.236,19.1,55.8,0
2025-12-14T18:25:35.495,19.1,55.8,0
2025-12-14T18:25:37.750,19.1,55.8,0
2025-12-14T18:25:40.007,19.1,55.8,0
2025-12-14T18:25:42.261,19.1,55.6,0
2025-12-14T18:25:44.519,19.1,55.6,0
2025-12-14T18:25:46.779,19.1,55.7,0
2025-12-14T18:25:49.034,19.1,55.8,0
2025-12-14T18:25:51.288,19.1,56.0,0
2025-12-14T18:25:53.542,19.1,56.0,0
2025-12-14T18:25:55.797,19.1,56.0,0
2025-12-14T18:25:58.055,19.1,56.0,0
2025-12-14T18:26:00.315,19.1,56.0,0
2025-12-14T18:26:02.569,19.1,55.9,0
2025-12-14T18:26:04.827,19.1,55.8,0
2025-12-14T18:26:07.087,19.1,55.8,0
2025-12-14T18:26:09.347,,,0
2025-12-14T18:26:11.607,19.1,56.0,0
2025-12-14T18:26:13.867,19.1,56.1,0
2025-12-14T18:26:16.127,19.1,56.2,0
2025-12-14T18:26:18.387,19.1,56.1,0
2025-12-14T18:26:20.642,19.1,56.1,0
2025-12-14T18:26:22.897,19.1,56.1,0
2025-12-14T18:26:25.151,19.1,56.1,0
2025-12-14T18:26:27.406,19.1,56.2,0
2025-12-14T18:26:29.660,19.1,56.2,0
2025-12-14T18:26:31.915,19.1,56.2,0
2025-12-14T18:26:34.170,19.1,56.1,0
2025-12-14T18:26:36.424,19.1,56.0,0
2025-12-14T18:26:38.679,19.1,56.0,0
2025-12-14T18:26:40.934,19.1,55.8,0
2025-12-14T18:26:43.189,19.1,55.8,0
2025-12-14T18:26:45.443,19.1,55.8,0
2025-12-14T18:26:47.698,19.1,55.7,0
2025-12-14T18:26:49.953,19.1,55.6,0
2025-12-14T18:26:52.207,19.1,55.4,0
2025-12-14T18:26:54.462,19.1,55.4,0
2025-12-14T18:26:56.717,19.2,55.4,0
2025-12-14T18:26:58.971,19.1,55.3,0
2025-12-14T18:27:01.226,19.1,55.3,0
2025-12-14T18:27:03.481,19.1,55.3,0
2025-12-14T18:27:05.736,19.1,55.4,0
2025-12-14T18:27:07.990,19.1,55.5,0
2025-12-14T18:27:10.245,19.1,55.6,0
2025-12-14T18:27:12.500,19.1,55.6,0
2025-12-14T18:27:14.754,19.1,55.4,0
2025-12-14T18:27:17.009,19.1,55.5,0
2025-12-14T18:27:19.264,19.1,55.6,0
2025-12-14T18:27:21.518,19.1,55.5,0
2025-12-14T18:27:23.773,19.1,55.4,0
2025-12-14T18:27:26.028,19.1,55.4,0
2025-12-14T18:27:28.282,19.1,55.3,0
2025-12-14T18:27:30.537,19.1,55.3,0
2025-12-14T18:27:32.792,19.1,55.3,0
2025-12-14T18:27:35.046,19.1,55.3,0
2025-12-14T18:27:37.303,19.1,55.4,0
2025-12-14T18:27:39.563,19.1,55.3,0
2025-12-14T18:27:41.818,19.1,55.4,0
2025-12-14T18:27:44.073,19.1,55.4,0
2025-12-14T18:27:46.328,19.1,55.3,0
2025-12-14T18:27:48.582,19.1,55.0,0
2025-12-14T18:27:50.837,19.1,55.1,0
2025-12-14T18:27:53.092,19.2,54.9,0
2025-12-14T18:27:55.346,19.1,54.9,0
2025-12-14T18:27:57.601,19.1,54.8,0
2025-12-14T18:27:59.856,19.1,54.9,0
2025-12-14T18:28:02.111,19.1,55.1,0
2025-12-14T18:28:04.365,19.1,55.1,0
2025-12-14T18:28:06.620,19.1,55.2,0
2025-12-14T18:28:08.875,19.1,55.2,0
2025-12-14T18:28:11.130,19.1,55.2,0
2025-12-14T18:28:13.384,19.1,55.4,0
2025-12-14T18:28:15.639,19.1,55.4,0
2025-12-14T18:28:17.894,19.1,55.6,0
2025-12-14T18:28:20.149,19.1,55.8,0
2025-12-14T18:28:22.403,19.2,55.8,0
2025-12-14T18:28:24.658,19.1,55.8,0
2025-12-14T18:28:26.912,19.2,56.0,0
2025-12-14T18:28:29.167,19.1,56.0,0
2025-12-14T18:28:31.422,19.1,56.0,0
2025-12-14T18:28:33.676,19.1,56.1,0
2025-12-14T18:28:35.931,19.1,56.2,0
2025-12-14T18:28:38.186,19.2,56.4,0
2025-12-14T18:28:40.441,19.1,56.5,0
2025-12-14T18:28:42.695,19.1,56.8,0
2025-12-14T18:28:44.950,19.1,57.1,0
2025-12-14T18:28:47.205,19.2,57.5,0
2025-12-14T18:28:49.460,19.1,57.6,0
2025-12-14T18:28:51.714,19.1,57.9,0
2025-12-14T18:28:53.969,19.2,58.2,0
2025-12-14T18:28:56.224,19.2,58.3,0
2025-12-14T18:28:58.479,19.1,58.2,0
2025-12-14T18:29:00.733,19.2,58.2,0
2025-12-14T18:29:02.991,19.2,58.1,0
2025-12-14T18:29:05.251,19.2,58.0,0
2025-12-14T18:29:07.511,19.2,57.9,0
2025-12-14T18:29:09.765,19.2,57.8,0
2025-12-14T18:29:12.020,19.2,57.8,0
2025-12-14T18:29:14.274,19.2,57.8,0
2025-12-14T18:29:16.528,19.2,57.8,0
2025-12-14T18:29:18.783,19.2,57.7,0
2025-12-14T18:29:21.043,19.2,57.7,0
2025-12-14T18:29:23.303,19.2,57.7,0
2025-12-14T18:29:25.557,19.2,57.7,0
2025-12-14T18:29:27.815,19.2,57.7,0
2025-12-14T18:29:30.075,19.2,57.5,0
2025-12-14T18:29:32.329,19.2,57.2,0
2025-12-14T18:29:34.587,19.2,57.0,0
2025-12-14T18:29:36.841,19.2,57.0,0
2025-12-14T18:29:39.096,19.2,57.1,0
2025-12-14T18:29:41.355,19.2,57.2,0
2025-12-14T18:29:43.615,19.2,57.4,0
2025-12-14T18:29:45.869,19.2,57.7,0
2025-12-14T18:29:48.127,19.2,57.9,0
2025-12-14T18:29:50.381,19.2,58.0,0
2025-12-14T18:29:52.636,19.2,58.2,0
2025-12-14T18:29:54.890,19.2,58.2,0
2025-12-14T18:29:57.145,19.2,58.0,0
2025-12-14T18:29:59.399,19.2,57.9,0
2025-12-14T18:30:01.659,19.2,57.7,0
2025-12-14T18:30:03.913,19.2,57.6,0
2025-12-14T18:30:06.168,19.2,57.5,0
2025-12-14T18:30:08.427,19.2,57.4,0
2025-12-14T18:30:10.687,19.2,57.5,0
2025-12-14T18:30:12.941,19.2,57.5,0
2025-12-14T18:30:15.196,19.2,57.5,0
2025-12-14T18:30:17.450,19.2,57.5,0
2025-12-14T18:30:19.705,19.2,57.5,0
2025-12-14T18:30:21.963,19.2,57.5,0
2025-12-14T18:30:24.217,19.2,57.5,0
2025-12-14T18:30:26.472,19.2,57.5,0
2025-12-14T18:30:28.726,19.2,57.5,0
2025-12-14T18:30:30.983,19.2,57.4,0
2025-12-14T18:30:33.237,19.2,57.4,0
2025-12-14T18:30:35.495,19.2,57.4,0
2025-12-14T18:30:37.749,19.2,57.5,0
2025-12-14T18:30:40.004,19.2,57.2,0
2025-12-14T18:30:42.258,19.2,57.0,0
2025-12-14T18:30:44.513,19.2,56.9,0
2025-12-14T18:30:46.771,19.2,56.8,0
2025-12-14T18:30:49.031,19.2,56.8,0
2025-12-14T18:30:51.285,19.2,56.8,0
2025-12-14T18:30:53.543,19.2,56.8,0
2025-12-14T18:30:55.798,19.2,56.8,0
2025-12-14T18:30:58.052,19.2,56.9,0
2025-12-14T18:31:00.311,19.2,57.0,0
2025-12-14T18:31:02.571,19.2,56.7,0
2025-12-14T18:31:04.825,19.2,56.6,0
2025-12-14T18:31:07.080,19.2,56.6,0
2025-12-14T18:31:09.334,19.2,56.6,0
2025-12-14T18:31:11.589,19.2,56.5,0
2025-12-14T18:31:13.844,19.2,56.6,0
2025-12-14T18:31:16.099,19.2,56.4,0
2025-12-14T18:31:18.353,19.2,56.2,0
2025-12-14T18:31:20.608,19.2,55.9,0
2025-12-14T18:31:22.863,19.2,55.8,0
2025-12-14T18:31:25.118,19.2,55.9,0
2025-12-14T18:31:27.373,19.2,56.2,0
2025-12-14T18:31:29.628,19.2,56.4,0
2025-12-14T18:31:31.882,19.2,56.5,0
2025-12-14T18:31:34.137,19.2,56.7,0
2025-12-14T18:31:36.392,19.2,56.8,0
2025-12-14T18:31:38.647,19.2,57.0,0
2025-12-14T18:31:40.901,19.2,57.0,0
2025-12-14T18:31:43.156,19.2,57.1,0
2025-12-14T18:31:45.411,19.2,57.1,0
2025-12-14T18:31:47.666,19.2,56.9,0
2025-12-14T18:31:49.920,19.2,56.7,0
2025-12-14T18:31:52.175,19.2,56.5,0
2025-12-14T18:31:54.429,19.2,56.2,0
2025-12-14T18:31:56.684,19.2,56.0,0
2025-12-14T18:31:58.939,19.2,55.9,0
2025-12-14T18:32:01.194,19.2,56.1,0
2025-12-14T18:32:03.449,19.2,56.3,0
2025-12-14T18:32:05.703,19.2,56.6,0
2025-12-14T18:32:07.958,19.2,56.7,0
2025-12-14T18:32:10.213,19.2,57.0,0
2025-12-14T18:32:12.468,19.2,57.0,0
2025-12-14T18:32:14.722,19.2,57.1,0
2025-12-14T18:32:16.977,19.2,57.2,0
2025-12-14T18:32:19.232,19.2,57.2,0
2025-12-14T18:32:21.487,19.2,57.3,0
2025-12-14T18:32:23.741,19.2,57.2,0
2025-12-14T18:32:25.996,19.2,57.4,0
2025-12-14T18:32:28.251,19.2,57.4,0
2025-12-14T18:32:30.506,19.2,57.4,0
2025-12-14T18:32:32.760,19.2,57.3,0
2025-12-14T18:32:35.015,19.2,57.3,0
2025-12-14T18:32:37.270,19.2,57.4,0
2025-12-14T18:32:39.525,19.2,57.4,0
2025-12-14T18:32:41.780,19.2,57.4,0
2025-12-14T18:32:44.034,19.2,57.4,0
2025-12-14T18:32:46.288,19.2,57.3,0
2025-12-14T18:32:48.543,19.2,57.1,0
2025-12-14T18:32:50.798,19.2,57.1,0
2025-12-14T18:32:53.053,19.2,57.1,0
2025-12-14T18:32:55.308,19.2,56.8,0
2025-12-14T18:32:57.563,19.2,56.6,0
2025-12-14T18:32:59.817,19.2,56.5,0
2025-12-14T18:33:02.072,19.2,56.6,0
2025-12-14T18:33:04.327,19.2,56.5,0
2025-12-14T18:33:06.581,19.2,56.6,0
2025-12-14T18:33:08.836,19.2,56.6,0
2025-12-14T18:33:11.091,19.2,56.6,0
2025-12-14T18:33:13.346,19.2,56.7,0
2025-12-14T18:33:15.601,19.2,56.8,0
2025-12-14T18:33:17.856,19.2,56.8,0
2025-12-14T18:33:20.110,19.2,56.8,0
2025-12-14T18:33:22.365,19.2,56.9,0
2025-12-14T18:33:24.620,19.2,56.9,0
2025-12-14T18:33:26.875,19.2,56.8,0
2025-12-14T18:33:29.130,19.2,56.7,0
2025-12-14T18:33:31.384,19.2,56.5,0
2025-12-14T18:33:33.641,19.2,56.5,0
2025-12-14T18:33:35.900,19.2,56.4,0
2025-12-14T18:33:38.154,19.2,56.2,0
2025-12-14T18:33:40.409,19.2,55.9,0
2025-12-14T18:33:42.664,19.2,55.9,0
2025-12-14T18:33:44.919,19.2,55.9,0
2025-12-14T18:33:47.173,19.1,55.8,0
2025-12-14T18:33:49.428,19.2,55.5,0
2025-12-14T18:33:51.683,19.2,55.5,0
2025-12-14T18:33:53.938,19.2,55.5,0
2025-12-14T18:33:56.193,19.1,55.5,0
2025-12-14T18:33:58.447,19.2,55.5,0
2025-12-14T18:34:00.702,19.2,55.4,0
2025-12-14T18:34:02.957,19.1,55.3,0
2025-12-14T18:34:05.212,19.2,55.5,0
2025-12-14T18:34:07.466,19.1,55.3,0
2025-12-14T18:34:09.721,19.1,55.2,0
2025-12-14T18:34:11.976,19.1,55.2,0
2025-12-14T18:34:14.231,19.1,55.3,0
2025-12-14T18:34:16.486,19.1,55.3,0
2025-12-14T18:34:18.741,19.1,55.2,0
2025-12-14T18:34:20.995,19.1,55.1,0
2025-12-14T18:34:23.250,19.1,55.1,0
2025-12-14T18:34:25.505,19.1,55.2,0
2025-12-14T18:34:27.760,19.1,55.3,0
2025-12-14T18:34:30.014,19.1,55.6,0
2025-12-14T18:34:32.269,19.1,55.6,0
2025-12-14T18:34:34.524,19.1,55.6,0
2025-12-14T18:34:36.779,19.1,55.6,0
2025-12-14T18:34:39.034,19.1,55.8,0
2025-12-14T18:34:41.288,19.1,55.8,0
2025-12-14T18:34:43.543,19.1,55.7,0
2025-12-14T18:34:45.798,19.1,55.4,0
2025-12-14T18:34:48.053,19.1,55.5,0
2025-12-14T18:34:50.307,19.1,55.5,0
2025-12-14T18:34:52.562,19.1,55.3,0
2025-12-14T18:34:54.817,19.1,55.2,0
2025-12-14T18:34:57.072,19.1,55.2,0
2025-12-14T18:34:59.326,19.1,55.1,0
2025-12-14T18:35:01.581,19.1,55.0,0
2025-12-14T18:35:03.836,19.1,55.0,0
2025-12-14T18:35:06.091,19.1,55.0,0
2025-12-14T18:35:08.345,19.1,55.2,0
2025-12-14T18:35:10.600,19.1,55.2,0
2025-12-14T18:35:12.855,19.1,55.3,0
2025-12-14T18:35:15.110,19.1,55.4,0
2025-12-14T18:35:17.365,19.1,55.6,0
2025-12-14T18:35:19.619,19.1,55.8,0
2025-12-14T18:35:21.874,19.1,55.6,0
2025-12-14T18:35:24.129,19.1,55.5,0
2025-12-14T18:35:26.384,19.1,55.5,0
2025-12-14T18:35:28.639,19.1,55.4,0
2025-12-14T18:35:30.893,19.1,55.6,0
2025-12-14T18:35:33.148,19.1,55.5,0
2025-12-14T18:35:35.403,19.1,55.4,0
2025-12-14T18:35:37.658,19.1,55.3,0
2025-12-14T18:35:39.913,19.1,55.2,0
2025-12-14T18:35:42.167,19.1,55.0,0
2025-12-14T18:35:44.422,19.1,55.0,0
2025-12-14T18:35:46.677,19.1,54.9,0
2025-12-14T18:35:48.932,19.1,55.0,0
2025-12-14T18:35:51.186,19.1,55.0,0
2025-12-14T18:35:53.441,19.1,54.9,0
2025-12-14T18:35:55.695,19.1,54.9,0
2025-12-14T18:35:57.950,19.1,54.8,0
2025-12-14T18:36:00.205,19.1,54.7,0
2025-12-14T18:36:02.460,19.1,54.8,0
2025-12-14T18:36:04.715,19.1,54.8,0
2025-12-14T18:36:06.970,19.1,54.8,0
2025-12-14T18:36:09.224,19.1,54.8,0
2025-12-14T18:36:11.479,19.1,54.8,0
2025-12-14T18:36:13.734,19.1,54.8,0
2025-12-14T18:36:15.988,19.1,54.9,0
2025-12-14T18:36:18.243,19.1,54.9,0
2025-12-14T18:36:20.497,19.1,55.0,0
2025-12-14T18:36:22.751,19.1,55.1,0
2025-12-14T18:36:25.006,19.1,55.0,0
2025-12-14T18:36:27.263,19.1,55.2,0
2025-12-14T18:36:29.517,19.1,55.4,0
2025-12-14T18:36:31.772,19.1,55.6,0
2025-12-14T18:36:34.031,19.1,55.8,0
2025-12-14T18:36:36.285,19.1,55.9,0
2025-12-14T18:36:38.543,,,0
2025-12-14T18:36:40.798,19.1,55.8,0
2025-12-14T18:36:43.052,19.1,55.7,0
2025-12-14T18:36:45.306,19.1,55.5,0
2025-12-14T18:36:47.567,19.1,55.3,0
2025-12-14T18:36:49.821,19.1,55.3,0
2025-12-14T18:36:52.079,19.1,55.3,0
2025-12-14T18:36:54.333,19.1,55.2,0
2025-12-14T18:36:56.591,19.1,55.2,0
2025-12-14T18:36:58.851,19.1,55.4,0
2025-12-14T18:37:01.106,19.1,55.6,0
2025-12-14T18:37:03.363,19.1,55.7,0
2025-12-14T18:37:05.617,19.0,55.6,0
2025-12-14T18:37:07.872,19.0,55.4,0
2025-12-14T18:37:10.126,19.0,55.4,0
2025-12-14T18:37:12.381,19.0,55.4,0
2025-12-14T18:37:14.639,19.1,55.4,0
2025-12-14T18:37:16.894,19.1,55.3,0
2025-12-14T18:37:19.149,19.1,55.4,0
2025-12-14T18:37:21.404,19.0,55.3,0
2025-12-14T18:37:23.658,19.1,55.2,0
2025-12-14T18:37:25.913,19.0,55.3,0
2025-12-14T18:37:28.168,19.0,55.3,0
2025-12-14T18:37:30.423,19.1,55.4,0
2025-12-14T18:37:32.678,19.0,55.2,0
2025-12-14T18:37:34.932,19.1,55.3,0
2025-12-14T18:37:37.187,19.0,55.2,0
2025-12-14T18:37:39.442,19.1,55.3,0
2025-12-14T18:37:41.697,19.0,55.4,0
2025-12-14T18:37:43.955,19.1,55.7,0
2025-12-14T18:37:46.210,19.1,55.8,0
2025-12-14T18:37:48.464,19.1,55.7,0
2025-12-14T18:37:50.723,19.1,55.8,0
2025-12-14T18:37:52.978,19.1,55.7,0
2025-12-14T18:37:55.235,19.0,55.9,0
2025-12-14T18:37:57.495,19.1,56.0,0
2025-12-14T18:37:59.750,19.1,55.8,0
2025-12-14T18:38:02.004,19.1,55.7,0
2025-12-14T18:38:04.263,19.1,55.6,0
2025-12-14T18:38:06.523,19.0,55.5,0
2025-12-14T18:38:08.783,19.0,55.6,0
2025-12-14T18:38:11.037,19.1,55.6,0
2025-12-14T18:38:13.295,19.0,55.4,0
2025-12-14T18:38:15.555,19.0,55.3,0
2025-12-14T18:38:17.809,19.0,55.2,0
2025-12-14T18:38:20.064,19.1,55.2,0
2025-12-14T18:38:22.318,19.0,55.2,0
2025-12-14T18:38:24.573,19.1,55.3,0
2025-12-14T18:38:26.827,19.1,55.2,0
2025-12-14T18:38:29.087,19.0,55.2,0
2025-12-14T18:38:31.347,19.1,55.2,0
2025-12-14T18:38:33.601,19.0,55.2,0
2025-12-14T18:38:35.859,19.0,55.2,0
2025-12-14T18:38:38.119,19.0,55.2,0
2025-12-14T18:38:40.379,19.1,55.3,0
2025-12-14T18:38:42.639,19.1,55.5,0
2025-12-14T18:38:44.899,19.1,55.6,0
2025-12-14T18:38:47.159,19.1,55.8,0
2025-12-14T18:38:49.419,19.0,55.7,0
2025-12-14T18:38:51.673,19.0,55.6,0
2025-12-14T18:38:53.931,19.0,55.6,0
2025-12-14T18:38:56.186,19.1,55.8,0
2025-12-14T18:38:58.443,19.0,55.9,0
2025-12-14T18:39:00.697,19.0,56.0,0
2025-12-14T18:39:02.955,19.1,56.2,0
2025-12-14T18:39:05.209,19.0,56.2,0
2025-12-14T18:39:07.464,19.0,56.4,0
2025-12-14T18:39:09.723,19.1,56.5,0
2025-12-14T18:39:11.977,19.0,56.5,0
2025-12-14T18:39:14.235,19.1,56.4,0
2025-12-14T18:39:16.495,19.1,56.2,0
2025-12-14T18:39:18.750,19.0,56.1,0
2025-12-14T18:39:21.005,,,0
2025-12-14T18:39:23.259,19.1,55.9,0
2025-12-14T18:39:25.514,19.1,55.8,0
2025-12-14T18:39:27.769,19.1,55.7,0
2025-12-14T18:39:30.023,19.0,55.5,0
2025-12-14T18:39:32.278,19.1,55.7,0
2025-12-14T18:39:34.533,19.1,55.7,0
2025-12-14T18:39:36.788,19.0,55.7,0
2025-12-14T18:39:39.042,19.1,55.7,0
2025-12-14T18:39:41.297,19.0,55.7,0
2025-12-14T18:39:43.552,19.1,55.8,0
2025-12-14T18:39:45.807,19.0,55.7,0
2025-12-14T18:39:48.061,19.0,55.8,0
2025-12-14T18:39:50.316,19.1,55.7,0
2025-12-14T18:39:52.571,19.1,55.6,0
2025-12-14T18:39:54.825,19.1,55.5,0
2025-12-14T18:39:57.080,19.1,55.5,0
2025-12-14T18:39:59.335,19.1,55.5,0
2025-12-14T18:40:01.589,19.1,55.3,0
2025-12-14T18:40:03.844,19.1,55.3,0
2025-12-14T18:40:06.099,19.0,55.2,0
2025-12-14T18:40:08.353,19.1,55.2,0
2025-12-14T18:40:10.608,19.0,55.0,0
2025-12-14T18:40:12.865,19.1,55.0,0
2025-12-14T18:40:15.120,19.0,55.0,0
2025-12-14T18:40:17.374,19.0,55.1,0
2025-12-14T18:40:19.629,19.0,55.2,0
2025-12-14T18:40:21.883,19.0,55.3,0
2025-12-14T18:40:24.143,19.0,55.3,0
2025-12-14T18:40:26.403,19.1,55.4,0
2025-12-14T18:40:28.657,19.0,55.2,0
2025-12-14T18:40:30.912,19.1,55.4,0
2025-12-14T18:40:33.166,19.1,55.2,0
2025-12-14T18:40:35.421,19.0,55.0,0
2025-12-14T18:40:37.675,19.1,55.1,0
2025-12-14T18:40:39.931,19.0,54.9,0
2025-12-14T18:40:42.191,19.1,54.9,0
2025-12-14T18:40:44.451,19.1,55.2,0
2025-12-14T18:40:46.705,19.1,55.3,0
2025-12-14T18:40:48.960,19.1,55.4,0
2025-12-14T18:40:51.214,19.0,55.6,0
2025-12-14T18:40:53.469,19.0,55.7,0
2025-12-14T18:40:55.724,19.1,56.0,0
2025-12-14T18:40:57.983,19.1,56.0,0
2025-12-14T18:41:00.238,19.1,55.8,0
2025-12-14T18:41:02.493,19.0,55.6,0
2025-12-14T18:41:04.748,19.1,55.6,0
2025-12-14T18:41:07.005,19.1,55.5,0
2025-12-14T18:41:09.260,19.1,55.3,0
2025-12-14T18:41:11.515,19.1,55.3,0
2025-12-14T18:41:13.770,19.1,55.2,0
2025-12-14T18:41:16.024,19.1,55.1,0
2025-12-14T18:41:18.279,19.1,55.0,0
2025-12-14T18:41:20.534,19.0,54.9,0
2025-12-14T18:41:22.789,19.0,55.0,0
2025-12-14T18:41:25.044,19.0,55.1,0
2025-12-14T18:41:27.298,19.1,55.1,0
2025-12-14T18:41:29.553,19.0,54.9,0
2025-12-14T18:41:31.808,19.0,55.1,0
2025-12-14T18:41:34.062,19.0,55.1,0
2025-12-14T18:41:36.317,19.1,55.0,0
2025-12-14T18:41:38.572,19.1,55.0,0
2025-12-14T18:41:40.827,19.1,55.0,0
2025-12-14T18:41:43.081,19.0,54.9,0
2025-12-14T18:41:45.336,19.1,55.0,0
2025-12-14T18:41:47.591,19.0,55.0,0
2025-12-14T18:41:49.846,19.0,55.0,0
2025-12-14T18:41:52.101,19.0,55.0,0
2025-12-14T18:41:54.355,19.0,55.0,0
2025-12-14T18:41:56.610,19.0,54.9,0
2025-12-14T18:41:58.865,19.0,54.9,0
2025-12-14T18:42:01.120,19.0,54.9,0
2025-12-14T18:42:03.374,19.0,54.9,0
2025-12-14T18:42:05.629,19.0,55.1,0
2025-12-14T18:42:07.884,19.0,55.3,0
2025-12-14T18:42:10.139,19.1,55.4,0
2025-12-14T18:42:12.394,19.1,55.4,0
2025-12-14T18:42:14.648,19.0,55.3,0
2025-12-14T18:42:16.903,19.0,55.3,0
2025-12-14T18:42:19.158,19.0,55.4,0
2025-12-14T18:42:21.413,19.1,55.5,0
2025-12-14T18:42:23.668,19.0,55.3,0
2025-12-14T18:42:25.923,19.0,55.4,0
2025-12-14T18:42:28.177,19.0,55.3,0
2025-12-14T18:42:30.432,19.0,55.3,0
2025-12-14T18:42:32.687,19.1,55.6,0
2025-12-14T18:42:34.942,19.1,55.5,0
2025-12-14T18:42:37.197,19.1,55.4,0
2025-12-14T18:42:39.451,19.1,55.4,0
2025-12-14T18:42:41.706,19.0,55.2,0
2025-12-14T18:42:43.961,19.0,55.1,0
2025-12-14T18:42:46.216,19.0,55.2,0
2025-12-14T18:42:48.470,19.0,55.2,0
2025-12-14T18:42:50.725,19.0,55.2,0
2025-12-14T18:42:52.980,19.0,55.3,0
2025-12-14T18:42:55.235,19.0,55.5,0
2025-12-14T18:42:57.490,19.1,55.7,0
2025-12-14T18:42:59.744,19.0,55.6,0
2025-12-14T18:43:01.999,19.1,55.6,0
2025-12-14T18:43:04.254,19.0,55.4,0
2025-12-14T18:43:06.509,19.0,55.4,0
2025-12-14T18:43:08.764,19.0,55.3,0
2025-12-14T18:43:11.019,19.0,55.4,0
2025-12-14T18:43:13.273,19.1,55.8,0
2025-12-14T18:43:15.528,19.0,55.9,0
2025-12-14T18:43:17.783,19.0,56.1,0
2025-12-14T18:43:20.038,19.0,56.2,0
2025-12-14T18:43:22.292,19.0,56.2,0
2025-12-14T18:43:24.547,19.0,56.2,0
2025-12-14T18:43:26.802,19.0,56.2,0
2025-12-14T18:43:29.056,19.0,56.4,0
2025-12-14T18:43:31.311,19.0,56.5,0
2025-12-14T18:43:33.566,19.0,56.6,0
2025-12-14T18:43:35.820,19.0,56.5,0
2025-12-14T18:43:38.075,,,0
2025-12-14T18:43:40.330,19.0,56.5,0
2025-12-14T18:43:42.585,19.0,56.6,0
2025-12-14T18:43:44.840,19.0,56.6,0
2025-12-14T18:43:47.095,19.0,56.8,0
2025-12-14T18:43:49.349,19.0,56.8,0
2025-12-14T18:43:51.604,19.0,56.8,0
2025-12-14T18:43:53.859,19.0,56.6,0
2025-12-14T18:43:56.114,19.0,56.5,0
2025-12-14T18:43:58.369,19.0,56.4,0
2025-12-14T18:44:00.623,19.0,56.4,0
2025-12-14T18:44:02.878,19.0,56.4,0
2025-12-14T18:44:05.133,19.1,56.5,0
2025-12-14T18:44:07.388,19.1,56.5,0
2025-12-14T18:44:09.643,19.0,56.5,0
2025-12-14T18:44:11.898,19.0,56.5,0
2025-12-14T18:44:14.152,19.1,56.4,0
2025-12-14T18:44:16.407,19.0,56.2,0
2025-12-14T18:44:18.662,19.0,56.0,0
2025-12-14T18:44:20.917,19.1,56.1,0
2025-12-14T18:44:23.171,19.1,55.9,0
2025-12-14T18:44:25.426,19.0,55.9,0
2025-12-14T18:44:27.681,19.1,56.2,0
2025-12-14T18:44:29.936,19.0,56.2,0
2025-12-14T18:44:32.190,19.0,56.2,0
2025-12-14T18:44:34.445,19.1,56.4,0
2025-12-14T18:44:36.700,19.0,56.3,0
2025-12-14T18:44:38.955,19.0,56.1,0
2025-12-14T18:44:41.210,19.1,56.1,0
2025-12-14T18:44:43.464,19.0,56.1,0
2025-12-14T18:44:45.719,19.0,56.1,0
2025-12-14T18:44:47.974,19.0,56.1,0
2025-12-14T18:44:50.229,19.0,56.0,0
2025-12-14T18:44:52.483,19.1,56.0,0
2025-12-14T18:44:54.738,19.1,55.9,0
2025-12-14T18:44:56.993,19.1,55.8,0
2025-12-14T18:44:59.248,19.1,55.9,0
2025-12-14T18:45:01.503,19.1,55.8,0
2025-12-14T18:45:03.757,19.0,55.7,0
2025-12-14T18:45:06.012,19.0,55.7,0
2025-12-14T18:45:08.267,19.1,55.8,0
2025-12-14T18:45:10.522,19.1,55.6,0
2025-12-14T18:45:12.777,19.1,55.4,0
2025-12-14T18:45:15.031,19.0,55.4,0
2025-12-14T18:45:17.286,19.0,55.3,0
2025-12-14T18:45:19.541,19.1,55.4,0
2025-12-14T18:45:21.795,19.0,55.3,0
2025-12-14T18:45:24.055,19.0,55.3,0
2025-12-14T18:45:26.315,19.0,55.2,0
2025-12-14T18:45:28.575,19.0,55.3,0
2025-12-14T18:45:30.829,19.1,55.1,0
2025-12-14T18:45:33.084,19.0,55.0,0
2025-12-14T18:45:35.339,19.1,55.2,0
2025-12-14T18:45:37.593,19.1,55.0,0
2025-12-14T18:45:39.848,19.0,54.9,0
2025-12-14T18:45:42.103,19.0,55.0,0
2025-12-14T18:45:44.363,19.0,54.9,0
2025-12-14T18:45:46.617,19.1,55.0,0
2025-12-14T18:45:48.872,19.0,54.9,0
2025-12-14T18:45:51.131,19.0,54.9,0
2025-12-14T18:45:53.391,19.0,54.9,0
2025-12-14T18:45:55.651,19.0,55.0,0
2025-12-14T18:45:57.905,19.0,55.1,0
2025-12-14T18:46:00.160,19.1,55.5,0
2025-12-14T18:46:02.419,19.1,55.8,0
2025-12-14T18:46:04.673,19.1,55.9,0
2025-12-14T18:46:06.931,19.1,56.1,0
2025-12-14T18:46:09.186,19.1,56.3,0
2025-12-14T18:46:11.440,19.1,56.6,0
2025-12-14T18:46:13.695,,,0
2025-12-14T18:46:15.950,19.1,56.9,0
2025-12-14T18:46:18.205,19.1,56.8,0
2025-12-14T18:46:20.459,19.1,56.6,0
2025-12-14T18:46:22.714,19.1,56.2,0
2025-12-14T18:46:24.969,19.1,56.0,0
2025-12-14T18:46:27.224,19.1,55.8,0
2025-12-14T18:46:29.479,19.1,55.7,0
2025-12-14T18:46:31.734,19.1,55.6,0
2025-12-14T18:46:33.991,19.1,55.6,0
2025-12-14T18:46:36.251,19.1,55.5,0
2025-12-14T18:46:38.505,19.1,55.6,0
2025-12-14T18:46:40.763,19.1,55.8,0
2025-12-14T18:46:43.023,19.1,55.8,0
2025-12-14T18:46:45.279,19.1,55.8,0
2025-12-14T18:46:47.533,19.1,56.0,0
2025-12-14T18:46:49.788,19.1,56.2,0
2025-12-14T18:46:52.042,19.1,56.4,0
2025-12-14T18:46:54.297,19.1,56.4,0
2025-12-14T18:46:56.551,19.1,56.3,0
2025-12-14T18:46:58.805,19.1,56.4,0
2025-12-14T18:47:01.060,19.1,56.5,0
2025-12-14T18:47:03.319,19.1,56.7,0
2025-12-14T18:47:05.579,19.1,56.7,0
2025-12-14T18:47:07.833,19.1,56.5,0
2025-12-14T18:47:10.091,19.1,56.5,0
2025-12-14T18:47:12.345,19.1,56.5,0
2025-12-14T18:47:14.600,19.1,56.4,0
2025-12-14T18:47:16.859,19.1,56.4,0
2025-12-14T18:47:19.119,19.1,56.4,0
2025-12-14T18:47:21.373,19.1,56.5,0
2025-12-14T18:47:23.631,19.1,56.5,0
2025-12-14T18:47:25.885,19.1,56.7,0
2025-12-14T18:47:28.140,19.1,56.8,0
2025-12-14T18:47:30.394,19.1,56.9,0
2025-12-14T18:47:32.651,19.1,56.9,0
2025-12-14T18:47:34.905,19.1,57.0,0
2025-12-14T18:47:37.163,19.1,57.1,0
2025-12-14T18:47:39.417,19.1,57.2,0
2025-12-14T18:47:41.675,19.1,57.2,0
2025-12-14T18:47:43.930,19.1,57.2,0
2025-12-14T18:47:46.184,19.1,57.2,0
2025-12-14T18:47:48.443,19.1,57.2,0
2025-12-14T18:47:50.697,19.1,57.2,0
2025-12-14T18:47:52.955,19.1,57.0,0
2025-12-14T18:47:55.209,19.1,56.6,0
2025-12-14T18:47:57.464,19.1,56.4,0
2025-12-14T18:47:59.718,19.1,56.3,0
2025-12-14T18:48:01.973,19.1,56.2,0
2025-12-14T18:48:04.227,19.1,56.2,0
2025-12-14T18:48:06.487,19.1,56.2,0
2025-12-14T18:48:08.743,,,0
2025-12-14T18:48:10.999,19.1,56.5,0
2025-12-14T18:48:13.254,19.1,56.6,0
2025-12-14T18:48:15.509,19.1,56.5,0
2025-12-14T18:48:17.764,19.1,56.5,0
2025-12-14T18:48:20.018,19.1,56.6,0
2025-12-14T18:48:22.273,19.1,56.4,0
2025-12-14T18:48:24.528,19.1,56.4,0
2025-12-14T18:48:26.783,19.1,56.5,0
2025-12-14T18:48:29.038,19.1,56.6,0
2025-12-14T18:48:31.292,19.1,56.6,0
2025-12-14T18:48:33.547,19.1,56.5,0
2025-12-14T18:48:35.802,19.1,56.2,0
2025-12-14T18:48:38.057,19.1,56.1,0
2025-12-14T18:48:40.311,19.1,56.0,0
2025-12-14T18:48:42.566,19.1,56.1,0
2025-12-14T18:48:44.821,19.1,56.3,0
2025-12-14T18:48:47.076,19.1,56.4,0
2025-12-14T18:48:49.331,19.1,56.3,0
2025-12-14T18:48:51.585,19.1,56.2,0
2025-12-14T18:48:53.840,19.1,56.1,0
2025-12-14T18:48:56.095,19.1,56.2,0
2025-12-14T18:48:58.349,19.1,56.2,0
2025-12-14T18:49:00.604,19.1,56.2,0
2025-12-14T18:49:02.859,19.1,56.3,0
2025-12-14T18:49:05.114,19.1,56.5,0
2025-12-14T18:49:07.368,19.1,56.5,0
2025-12-14T18:49:09.623,19.1,56.5,0
2025-12-14T18:49:11.878,19.1,56.4,0
2025-12-14T18:49:14.133,19.1,56.4,0
2025-12-14T18:49:16.388,19.1,56.5,0
2025-12-14T18:49:18.642,19.1,56.6,0
2025-12-14T18:49:20.897,19.1,56.3,0
2025-12-14T18:49:23.152,19.1,56.1,0
2025-12-14T18:49:25.406,19.1,56.1,0
2025-12-14T18:49:27.661,19.1,56.1,0
2025-12-14T18:49:29.916,19.1,56.2,0
2025-12-14T18:49:32.171,19.1,56.3,0
2025-12-14T18:49:34.425,19.1,56.4,0
2025-12-14T18:49:36.680,19.1,56.4,0
2025-12-14T18:49:38.935,19.1,56.4,0
2025-12-14T18:49:41.190,19.1,56.5,0
2025-12-14T18:49:43.445,19.1,56.6,0
2025-12-14T18:49:45.699,19.1,56.6,0
2025-12-14T18:49:47.954,19.1,56.7,0
2025-12-14T18:49:50.209,19.1,56.8,0
2025-12-14T18:49:52.464,19.1,56.7,0
2025-12-14T18:49:54.719,19.1,56.8,0
2025-12-14T18:49:56.974,19.1,56.9,0
2025-12-14T18:49:59.228,19.1,56.8,0
2025-12-14T18:50:01.483,19.1,56.8,0
2025-12-14T18:50:03.738,19.1,56.7,0
2025-12-14T18:50:05.993,19.1,56.6,0
2025-12-14T18:50:08.247,19.1,56.6,0
2025-12-14T18:50:10.502,19.1,56.6,0
2025-12-14T18:50:12.757,19.1,56.7,0
2025-12-14T18:50:15.012,19.1,56.7,0
2025-12-14T18:50:17.267,19.1,56.5,0
2025-12-14T18:50:19.521,19.1,56.6,0
2025-12-14T18:50:21.776,19.1,56.5,0
2025-12-14T18:50:24.031,19.1,56.2,0
2025-12-14T18:50:26.286,19.1,56.0,0
2025-12-14T18:50:28.540,19.1,56.0,0
2025-12-14T18:50:30.795,19.1,55.9,0
2025-12-14T18:50:33.050,19.1,55.9,0
2025-12-14T18:50:35.305,19.1,56.1,0
2025-12-14T18:50:37.560,19.1,56.0,0
2025-12-14T18:50:39.814,19.1,56.1,0
2025-12-14T18:50:42.069,19.1,56.1,0
2025-12-14T18:50:44.324,19.1,56.1,0
2025-12-14T18:50:46.578,19.1,56.2,0
2025-12-14T18:50:48.833,19.1,56.3,0
2025-12-14T18:50:51.088,19.1,56.4,0
2025-12-14T18:50:53.343,19.1,56.4,0
2025-12-14T18:50:55.597,19.1,56.4,0
2025-12-14T18:50:57.852,19.1,56.4,0
2025-12-14T18:51:00.107,19.1,56.6,0
2025-12-14T18:51:02.362,19.1,56.5,0
2025-12-14T18:51:04.617,19.1,56.2,0
2025-12-14T18:51:06.872,19.1,55.9,0
2025-12-14T18:51:09.126,19.1,55.8,0
2025-12-14T18:51:11.381,19.1,55.8,0
2025-12-14T18:51:13.636,19.1,55.7,0
2025-12-14T18:51:15.891,19.1,55.7,0
2025-12-14T18:51:18.145,19.1,55.7,0
2025-12-14T18:51:20.400,19.1,55.4,0
2025-12-14T18:51:22.654,19.1,55.4,0
2025-12-14T18:51:24.909,19.1,55.6,0
2025-12-14T18:51:27.164,19.1,55.6,0
2025-12-14T18:51:29.419,19.1,55.8,0
2025-12-14T18:51:31.674,19.1,55.6,0
2025-12-14T18:51:33.928,19.1,55.4,0
2025-12-14T18:51:36.182,19.1,55.3,0
2025-12-14T18:51:38.437,19.1,55.4,0
2025-12-14T18:51:40.691,19.1,55.4,0
2025-12-14T18:51:42.947,19.1,55.5,0
2025-12-14T18:51:45.201,19.1,55.4,0
2025-12-14T18:51:47.459,19.1,55.3,0
2025-12-14T18:51:49.713,19.1,55.4,0
2025-12-14T18:51:51.968,19.1,55.4,0
2025-12-14T18:51:54.227,19.1,55.5,0
2025-12-14T18:51:56.481,19.1,55.7,0
2025-12-14T18:51:58.739,,,0
2025-12-14T18:52:00.994,19.1,56.0,0
2025-12-14T18:52:03.248,19.1,56.1,0
2025-12-14T18:52:05.507,19.1,56.2,0
2025-12-14T18:52:07.762,19.1,56.1,0
2025-12-14T18:52:10.016,19.1,56.0,0
2025-12-14T18:52:12.270,19.1,55.9,0
2025-12-14T18:52:14.527,19.1,55.8,0
2025-12-14T18:52:16.787,19.1,55.8,0
2025-12-14T18:52:19.042,19.1,55.7,0
2025-12-14T18:52:21.296,19.1,55.4,0
2025-12-14T18:52:23.550,19.1,55.5,0
2025-12-14T18:52:25.805,19.1,55.5,0
2025-12-14T18:52:28.059,19.1,55.6,0
2025-12-14T18:52:30.319,19.1,55.7,0
2025-12-14T18:52:32.573,19.1,55.8,0
2025-12-14T18:52:34.828,19.1,55.7,0
2025-12-14T18:52:37.087,19.1,55.6,0
2025-12-14T18:52:39.341,19.1,55.6,0
2025-12-14T18:52:41.596,19.1,55.7,0
2025-12-14T18:52:43.855,19.1,55.7,0
2025-12-14T18:52:46.109,19.1,55.7,0
2025-12-14T18:52:48.367,19.1,55.8,0
2025-12-14T18:52:50.621,19.1,55.6,0
2025-12-14T18:52:52.876,19.0,55.3,0
2025-12-14T18:52:55.135,19.1,55.5,0
2025-12-14T18:52:57.395,19.1,55.4,0
2025-12-14T18:52:59.649,19.1,55.4,0
2025-12-14T18:53:01.907,19.1,55.7,0
2025-12-14T18:53:04.161,19.1,55.7,0
2025-12-14T18:53:06.416,19.1,55.6,0
2025-12-14T18:53:08.675,19.1,55.6,0
2025-12-14T18:53:10.935,19.1,55.7,0
2025-12-14T18:53:13.195,,,0
2025-12-14T18:53:15.449,19.1,55.7,0
2025-12-14T18:53:17.704,19.1,55.8,0
2025-12-14T18:53:19.959,,,0
2025-12-14T18:53:22.214,19.1,55.8,0
2025-12-14T18:53:24.469,19.1,55.8,0
2025-12-14T18:53:26.723,19.1,55.8,0
2025-12-14T18:53:28.978,19.0,55.8,0
2025-12-14T18:53:31.233,19.1,56.1,0
2025-12-14T18:53:33.488,19.1,56.1,0
2025-12-14T18:53:35.742,19.1,56.0,0
2025-12-14T18:53:37.997,19.1,55.8,0
2025-12-14T18:53:40.252,19.1,55.7,0
2025-12-14T18:53:42.507,19.1,55.6,0
2025-12-14T18:53:44.762,19.1,55.7,0
2025-12-14T18:53:47.016,19.1,55.8,0
2025-12-14T18:53:49.271,19.1,55.8,0
2025-12-14T18:53:51.526,19.1,55.6,0
2025-12-14T18:53:53.781,19.1,55.4,0
2025-12-14T18:53:56.036,19.1,55.5,0
2025-12-14T18:53:58.290,19.1,55.4,0
2025-12-14T18:54:00.545,19.1,55.2,0
2025-12-14T18:54:02.800,19.1,55.2,0
2025-12-14T18:54:05.055,19.1,55.2,0
2025-12-14T18:54:07.309,19.1,55.2,0
2025-12-14T18:54:09.564,19.1,55.3,0
2025-12-14T18:54:11.819,19.1,55.2,0
2025-12-14T18:54:14.073,19.1,55.1,0
2025-12-14T18:54:16.328,19.1,55.1,0
2025-12-14T18:54:18.583,19.1,55.1,0
2025-12-14T18:54:20.838,19.1,55.1,0
2025-12-14T18:54:23.093,19.1,55.0,0
2025-12-14T18:54:25.347,19.1,54.9,0
2025-12-14T18:54:27.602,19.1,54.9,0
2025-12-14T18:54:29.857,19.1,55.1,0
2025-12-14T18:54:32.112,19.1,55.2,0
2025-12-14T18:54:34.367,19.1,55.0,0
2025-12-14T18:54:36.621,19.1,55.0,0
2025-12-14T18:54:38.876,19.1,55.2,0
2025-12-14T18:54:41.131,19.1,55.3,0
2025-12-14T18:54:43.386,19.1,55.3,0
2025-12-14T18:54:45.640,19.1,55.2,0
2025-12-14T18:54:47.895,19.1,55.2,0
2025-12-14T18:54:50.150,19.1,55.1,0
2025-12-14T18:54:52.405,19.1,54.9,0
2025-12-14T18:54:54.660,19.0,54.8,0
2025-12-14T18:54:56.914,19.1,54.8,0
2025-12-14T18:54:59.169,19.1,54.6,0
2025-12-14T18:55:01.424,19.0,54.7,0
2025-12-14T18:55:03.679,19.1,54.9,0
2025-12-14T18:55:05.933,19.0,54.9,0
2025-12-14T18:55:08.188,19.1,55.0,0
2025-12-14T18:55:10.443,19.0,55.0,0
2025-12-14T18:55:12.698,19.0,54.9,0
2025-12-14T18:55:14.953,19.1,54.8,0
2025-12-14T18:55:17.208,19.0,54.7,0
2025-12-14T18:55:19.462,19.0,54.8,0
2025-12-14T18:55:21.717,19.1,54.8,0
2025-12-14T18:55:23.972,19.1,55.0,0
2025-12-14T18:55:26.227,19.0,55.1,0
2025-12-14T18:55:28.481,19.0,55.3,0
2025-12-14T18:55:30.736,19.1,55.3,0
2025-12-14T18:55:32.991,19.0,55.2,0
2025-12-14T18:55:35.246,19.0,55.2,0
2025-12-14T18:55:37.500,19.0,55.2,0
2025-12-14T18:55:39.755,19.0,55.3,0
2025-12-14T18:55:42.010,19.1,55.6,0
2025-12-14T18:55:44.265,19.1,55.7,0
2025-12-14T18:55:46.519,19.0,55.6,0
2025-12-14T18:55:48.774,19.0,55.7,0
2025-12-14T18:55:51.029,19.1,55.8,0
2025-12-14T18:55:53.284,19.0,55.7,0
2025-12-14T18:55:55.538,19.0,55.6,0
2025-12-14T18:55:57.793,19.0,55.6,0
2025-12-14T18:56:00.048,19.0,55.6,0
2025-12-14T18:56:02.303,19.0,55.6,0
2025-12-14T18:56:04.558,19.0,55.6,0
2025-12-14T18:56:06.812,19.0,55.6,0
2025-12-14T18:56:09.067,19.0,55.5,0
2025-12-14T18:56:11.322,19.0,55.3,0
2025-12-14T18:56:13.577,19.0,55.4,0
2025-12-14T18:56:15.832,19.1,55.5,0
2025-12-14T18:56:18.086,19.0,55.4,0
2025-12-14T18:56:20.341,19.0,55.4,0
2025-12-14T18:56:22.596,19.1,55.5,0
2025-12-14T18:56:24.851,19.0,55.5,0
2025-12-14T18:56:27.105,19.0,55.6,0
2025-12-14T18:56:29.360,19.0,55.8,0
2025-12-14T18:56:31.615,19.0,56.1,0
2025-12-14T18:56:33.870,19.0,56.4,0
2025-12-14T18:56:36.125,,,0
2025-12-14T18:56:38.380,19.1,57.4,0
2025-12-14T18:56:40.634,19.1,57.8,0
2025-12-14T18:56:42.889,19.1,58.0,0
2025-12-14T18:56:45.143,19.1,58.1,0
2025-12-14T18:56:47.398,19.1,58.1,0
2025-12-14T18:56:49.652,19.1,58.0,0
2025-12-14T18:56:51.911,19.1,57.6,0
2025-12-14T18:56:54.171,19.1,57.4,0
2025-12-14T18:56:56.425,19.1,57.4,0
2025-12-14T18:56:58.683,19.1,57.3,0
2025-12-14T18:57:00.943,19.1,57.2,0
2025-12-14T18:57:03.197,19.1,57.2,0
2025-12-14T18:57:05.455,19.1,57.2,0
2025-12-14T18:57:07.709,19.1,57.2,0
2025-12-14T18:57:09.964,19.1,57.2,0
2025-12-14T18:57:12.218,19.1,57.2,0
2025-12-14T18:57:14.475,19.1,57.1,0
2025-12-14T18:57:16.729,19.1,57.1,0
2025-12-14T18:57:18.987,19.1,57.0,0
2025-12-14T18:57:21.247,19.1,56.8,0
2025-12-14T18:57:23.507,19.1,56.5,0
2025-12-14T18:57:25.762,19.1,56.3,0
2025-12-14T18:57:28.019,19.1,56.0,0
2025-12-14T18:57:30.273,19.1,55.8,0
2025-12-14T18:57:32.528,19.1,55.9,0
2025-12-14T18:57:34.782,19.1,55.9,0
2025-12-14T18:57:37.037,19.1,56.1,0
2025-12-14T18:57:39.295,19.1,56.1,0
2025-12-14T18:57:41.549,19.1,56.1,0
2025-12-14T18:57:43.804,19.1,56.0,0
2025-12-14T18:57:46.063,19.1,55.9,0
2025-12-14T18:57:48.323,19.1,55.9,0
2025-12-14T18:57:50.583,19.1,56.0,0
2025-12-14T18:57:52.837,19.1,55.9,0
2025-12-14T18:57:55.095,19.1,55.7,0
2025-12-14T18:57:57.355,,,0
2025-12-14T18:57:59.615,19.1,55.2,0
2025-12-14T18:58:01.869,19.1,55.1,0
2025-12-14T18:58:04.127,19.2,55.0,0
2025-12-14T18:58:06.387,19.2,55.0,0
2025-12-14T18:58:08.641,19.1,54.9,0
2025-12-14T18:58:10.896,19.1,54.9,0
2025-12-14T18:58:13.150,19.2,55.1,0
2025-12-14T18:58:15.407,19.1,55.1,0
2025-12-14T18:58:17.667,19.1,55.1,0
2025-12-14T18:58:19.921,19.1,55.0,0
2025-12-14T18:58:22.176,19.1,55.0,0
2025-12-14T18:58:24.435,19.1,55.1,0
2025-12-14T18:58:26.695,19.1,55.0,0
2025-12-14T18:58:28.949,19.1,55.0,0
2025-12-14T18:58:31.207,19.1,55.0,0
2025-12-14T18:58:33.467,19.1,55.0,0
2025-12-14T18:58:35.727,19.1,55.0,0
2025-12-14T18:58:37.987,,,0
2025-12-14T18:58:40.241,19.1,55.2,0
2025-12-14T18:58:42.496,19.2,55.4,0
2025-12-14T18:58:44.750,19.1,55.4,0
2025-12-14T18:58:47.007,19.1,55.3,0
2025-12-14T18:58:49.267,19.2,55.4,0
2025-12-14T18:58:51.527,19.1,55.4,0
2025-12-14T18:58:53.781,19.1,55.4,0
2025-12-14T18:58:56.036,19.1,55.3,0
2025-12-14T18:58:58.295,19.1,55.4,0
2025-12-14T18:59:00.555,19.1,55.6,0
2025-12-14T18:59:02.809,19.1,55.5,0
2025-12-14T18:59:05.067,19.1,55.7,0
2025-12-14T18:59:07.321,19.1,55.7,0
2025-12-14T18:59:09.579,19.1,55.5,0
2025-12-14T18:59:11.833,19.1,55.4,0
2025-12-14T18:59:14.091,19.1,55.4,0
2025-12-14T18:59:16.345,19.1,55.6,0
2025-12-14T18:59:18.603,19.1,55.5,0
2025-12-14T18:59:20.863,19.2,55.4,0
2025-12-14T18:59:23.123,19.1,55.3,0
2025-12-14T18:59:25.383,19.2,55.8,0
2025-12-14T18:59:27.643,19.1,55.8,0
2025-12-14T18:59:29.903,19.2,56.1,0
2025-12-14T18:59:32.157,19.1,56.2,0
2025-12-14T18:59:34.415,19.2,56.4,0
2025-12-14T18:59:36.675,19.1,56.5,0
2025-12-14T18:59:38.929,19.2,56.5,0
2025-12-14T18:59:41.184,19.2,56.3,0
2025-12-14T18:59:43.438,19.2,56.3,0
2025-12-14T18:59:45.695,19.2,56.3,0
2025-12-14T18:59:47.955,19.2,56.3,0
2025-12-14T18:59:50.209,19.2,56.2,0
2025-12-14T18:59:52.464,19.2,56.1,0
2025-12-14T18:59:54.718,19.2,56.1,0
2025-12-14T18:59:56.975,19.2,56.1,0
2025-12-14T18:59:59.229,19.2,55.8,0
2025-12-14T19:00:01.484,19.1,55.5,0
2025-12-14T19:00:03.739,19.2,55.5,0
2025-12-14T19:00:05.993,19.1,55.3,0
2025-12-14T19:00:08.248,19.2,55.5,0
2025-12-14T19:00:10.502,19.2,55.7,0
2025-12-14T19:00:12.757,19.2,55.6,0
2025-12-14T19:00:15.015,19.2,55.5,0
2025-12-14T19:00:17.269,19.2,55.5,0
2025-12-14T19:00:19.527,19.2,55.6,0
2025-12-14T19:00:21.787,19.2,55.8,0
2025-12-14T19:00:24.041,19.2,55.8,0
2025-12-14T19:00:26.299,19.2,55.8,0
2025-12-14T19:00:28.554,19.2,55.8,0
2025-12-14T19:00:30.809,19.2,55.6,0
2025-12-14T19:00:33.064,19.2,55.5,0
2025-12-14T19:00:35.318,19.2,55.5,0
2025-12-14T19:00:37.573,19.2,55.6,0
2025-12-14T19:00:39.828,19.2,55.6,0
2025-12-14T19:00:42.083,19.2,55.6,0
2025-12-14T19:00:44.337,19.2,55.7,0
2025-12-14T19:00:46.592,19.2,55.7,0
2025-12-14T19:00:48.846,19.2,55.6,0
2025-12-14T19:00:51.101,19.2,55.8,0
2025-12-14T19:00:53.356,19.2,55.8,0
2025-12-14T19:00:55.611,19.2,55.9,0
2025-12-14T19:00:57.865,19.2,56.0,0
2025-12-14T19:01:00.120,19.2,56.2,0
2025-12-14T19:01:02.375,19.2,56.1,0
2025-12-14T19:01:04.630,19.2,56.2,0
2025-12-14T19:01:06.884,,,0
2025-12-14T19:01:09.139,19.2,56.2,0
2025-12-14T19:01:11.394,19.2,56.2,0
2025-12-14T19:01:13.648,19.2,56.2,0
2025-12-14T19:01:15.903,19.2,56.3,0
2025-12-14T19:01:18.158,19.2,56.3,0
2025-12-14T19:01:20.412,19.2,56.4,0
2025-12-14T19:01:22.667,19.2,56.4,0
2025-12-14T19:01:24.922,19.1,56.7,0
2025-12-14T19:01:27.177,19.2,57.0,0
2025-12-14T19:01:29.431,19.2,57.2,0
2025-12-14T19:01:31.686,19.2,57.4,0
2025-12-14T19:01:33.941,19.2,57.6,0
2025-12-14T19:01:36.196,19.2,57.8,0
2025-12-14T19:01:38.450,19.2,58.0,0
2025-12-14T19:01:40.705,19.2,58.2,0
2025-12-14T19:01:42.960,19.2,58.3,0
2025-12-14T19:01:45.215,19.2,58.4,0
2025-12-14T19:01:47.469,19.2,58.6,0
2025-12-14T19:01:49.724,19.2,58.7,0
2025-12-14T19:01:51.979,19.2,58.6,0
2025-12-14T19:01:54.234,19.2,58.7,0
2025-12-14T19:01:56.488,19.2,58.7,0
2025-12-14T19:01:58.743,19.2,58.8,0
2025-12-14T19:02:00.998,19.2,58.9,0
2025-12-14T19:02:03.253,19.2,58.9,0
2025-12-14T19:02:05.508,19.2,59.0,0
2025-12-14T19:02:07.763,19.2,58.9,0
2025-12-14T19:02:10.017,19.2,58.9,0
2025-12-14T19:02:12.272,19.2,58.6,0
2025-12-14T19:02:14.527,19.2,58.3,0
2025-12-14T19:02:16.781,19.2,58.0,0
2025-12-14T19:02:19.036,19.2,57.9,0
2025-12-14T19:02:21.291,19.2,58.0,0
2025-12-14T19:02:23.546,19.2,58.0,0
2025-12-14T19:02:25.800,19.2,58.0,0
2025-12-14T19:02:28.055,19.2,57.9,0
2025-12-14T19:02:30.310,19.2,58.0,0
2025-12-14T19:02:32.564,19.2,58.0,0
2025-12-14T19:02:34.819,19.2,58.0,0
2025-12-14T19:02:37.074,19.2,57.7,0
2025-12-14T19:02:39.329,19.2,57.5,0
2025-12-14T19:02:41.584,19.2,57.1,0
2025-12-14T19:02:43.839,19.2,56.9,0
2025-12-14T19:02:46.093,19.2,57.0,0
2025-12-14T19:02:48.348,19.2,57.2,0
2025-12-14T19:02:50.603,19.2,57.4,0
2025-12-14T19:02:52.857,19.2,57.4,0
2025-12-14T19:02:55.112,19.2,57.3,0
2025-12-14T19:02:57.367,19.2,57.1,0
2025-12-14T19:02:59.621,19.2,56.8,0
2025-12-14T19:03:01.876,19.2,56.7,0
2025-12-14T19:03:04.131,19.2,56.8,0
2025-12-14T19:03:06.386,19.2,56.8,0
2025-12-14T19:03:08.641,19.2,57.0,0
2025-12-14T19:03:10.895,19.2,57.2,0
2025-12-14T19:03:13.150,19.2,57.3,0
2025-12-14T19:03:15.405,19.2,57.4,0
2025-12-14T19:03:17.659,19.2,57.5,0
2025-12-14T19:03:19.914,19.2,57.5,0
2025-12-14T19:03:22.169,19.2,57.6,0
2025-12-14T19:03:24.424,19.2,57.7,0
2025-12-14T19:03:26.678,19.2,57.7,0
2025-12-14T19:03:28.933,19.2,57.9,0
2025-12-14T19:03:31.188,19.2,57.9,0
2025-12-14T19:03:33.447,19.2,57.9,0
2025-12-14T19:03:35.701,19.2,57.9,0
2025-12-14T19:03:37.956,19.2,58.0,0
2025-12-14T19:03:40.210,19.2,58.1,0
2025-12-14T19:03:42.465,19.2,57.9,0
2025-12-14T19:03:44.723,19.2,57.8,0
2025-12-14T19:03:46.983,19.2,57.8,0
2025-12-14T19:03:49.243,19.2,57.9,0
2025-12-14T19:03:51.503,19.2,58.0,0
2025-12-14T19:03:53.757,19.2,57.8,0
2025-12-14T19:03:56.012,19.2,57.5,0
2025-12-14T19:03:58.271,19.2,57.5,0
2025-12-14T19:04:00.531,19.2,57.5,0
2025-12-14T19:04:02.791,19.2,57.5,0
2025-12-14T19:04:05.051,19.2,57.7,0
2025-12-14T19:04:07.305,19.2,57.8,0
2025-12-14T19:04:09.563,19.2,57.9,0
2025-12-14T19:04:11.823,19.2,57.9,0
2025-12-14T19:04:14.083,19.2,58.0,0
2025-12-14T19:04:16.343,19.2,58.0,0
2025-12-14T19:04:18.597,19.2,58.0,0
2025-12-14T19:04:20.855,19.2,58.1,0
2025-12-14T19:04:23.115,19.2,58.1,0
2025-12-14T19:04:25.369,19.2,58.2,0
2025-12-14T19:04:27.627,19.2,58.3,0
2025-12-14T19:04:29.887,19.2,58.3,0
2025-12-14T19:04:32.147,19.2,58.3,0
2025-12-14T19:04:34.401,19.2,58.0,0
2025-12-14T19:04:36.656,19.2,57.8,0
2025-12-14T19:04:38.915,19.2,57.6,0
2025-12-14T19:04:41.175,19.2,57.7,0
2025-12-14T19:04:43.435,19.2,57.8,0
2025-12-14T19:04:45.695,19.2,57.6,0
2025-12-14T19:04:47.949,19.2,57.6,0
2025-12-14T19:04:50.207,19.2,57.6,0
2025-12-14T19:04:52.467,19.2,57.7,0
2025-12-14T19:04:54.727,19.2,57.8,0
2025-12-14T19:04:56.987,19.2,57.6,0
2025-12-14T19:04:59.247,19.2,57.6,0
2025-12-14T19:05:01.501,19.2,57.6,0
2025-12-14T19:05:03.759,19.2,57.6,0
2025-12-14T19:05:06.019,19.2,57.3,0
2025-12-14T19:05:08.273,19.2,57.3,0
2025-12-14T19:05:10.531,19.2,57.5,0
2025-12-14T19:05:12.786,19.2,57.6,0
2025-12-14T19:05:15.043,19.2,57.6,0
2025-12-14T19:05:17.303,19.2,57.4,0
2025-12-14T19:05:19.557,19.2,57.4,0
2025-12-14T19:05:21.812,19.2,57.4,0
2025-12-14T19:05:24.071,19.2,57.4,0
2025-12-14T19:05:26.331,19.2,57.5,0
2025-12-14T19:05:28.585,19.2,57.6,0
2025-12-14T19:05:30.840,19.2,57.4,0
2025-12-14T19:05:33.094,19.2,57.2,0
2025-12-14T19:05:35.351,19.2,57.0,0
2025-12-14T19:05:37.605,19.2,57.1,0
2025-12-14T19:05:39.863,19.2,57.2,0
2025-12-14T19:05:42.123,19.2,57.2,0
2025-12-14T19:05:44.377,19.2,57.2,0
2025-12-14T19:05:46.632,19.2,57.1,0
2025-12-14T19:05:48.886,19.2,57.2,0
2025-12-14T19:05:51.141,19.2,57.3,0
2025-12-14T19:05:53.395,19.2,57.3,0
2025-12-14T19:05:55.649,19.2,57.4,0
2025-12-14T19:05:57.907,19.2,57.6,0
2025-12-14T19:06:00.162,19.2,57.6,0
2025-12-14T19:06:02.419,19.2,57.7,0
2025-12-14T19:06:04.673,19.2,57.7,0
2025-12-14T19:06:06.931,19.2,57.6,0
2025-12-14T19:06:09.185,19.2,57.6,0
2025-12-14T19:06:11.440,19.2,57.7,0
2025-12-14T19:06:13.694,19.2,57.7,0
2025-12-14T19:06:15.949,19.2,57.6,0
2025-12-14T19:06:18.207,19.2,57.5,0
2025-12-14T19:06:20.463,19.2,57.5,0
2025-12-14T19:06:22.723,19.2,57.5,0
2025-12-14T19:06:24.979,19.2,57.6,0
2025-12-14T19:06:27.235,19.2,57.6,0
2025-12-14T19:06:29.489,19.2,57.5,0
2025-12-14T19:06:31.744,19.2,57.3,0
2025-12-14T19:06:33.998,19.2,57.2,0
2025-12-14T19:06:36.255,19.2,57.0,0
2025-12-14T19:06:38.515,19.2,57.1,0
2025-12-14T19:06:40.775,19.2,57.2,0
2025-12-14T19:06:43.035,19.2,57.2,0
2025-12-14T19:06:45.295,19.2,57.2,0
2025-12-14T19:06:47.551,19.2,57.2,0
2025-12-14T19:06:49.807,19.1,57.2,0
2025-12-14T19:06:52.067,19.2,57.2,0
2025-12-14T19:06:54.321,19.2,57.1,0
2025-12-14T19:06:56.576,19.2,57.2,0
2025-12-14T19:06:58.835,19.2,57.2,0
2025-12-14T19:07:01.095,19.2,57.3,0
2025-12-14T19:07:03.349,19.2,57.3,0
2025-12-14T19:07:05.607,19.2,57.2,0
2025-12-14T19:07:07.867,19.2,57.2,0
2025-12-14T19:07:10.121,19.2,56.9,0
2025-12-14T19:07:12.376,19.2,56.8,0
2025-12-14T19:07:14.635,19.2,56.9,0
2025-12-14T19:07:16.895,19.2,56.9,0
2025-12-14T19:07:19.149,19.2,56.8,0
2025-12-14T19:07:21.404,19.2,57.0,0
2025-12-14T19:07:23.663,19.2,57.1,0
2025-12-14T19:07:25.923,19.2,56.9,0
2025-12-14T19:07:28.179,19.2,56.8,0
2025-12-14T19:07:30.433,19.2,56.7,0
2025-12-14T19:07:32.688,19.2,56.9,0
2025-12-14T19:07:34.943,19.2,57.0,0
2025-12-14T19:07:37.198,19.2,56.7,0
2025-12-14T19:07:39.452,19.2,56.7,0
2025-12-14T19:07:41.707,19.2,56.9,0
2025-12-14T19:07:43.962,19.2,56.9,0
2025-12-14T19:07:46.217,19.2,57.0,0
2025-12-14T19:07:48.471,19.2,57.0,0
2025-12-14T19:07:50.726,19.2,57.1,0
2025-12-14T19:07:52.981,19.2,57.1,0
2025-12-14T19:07:55.236,19.2,56.8,0
2025-12-14T19:07:57.490,19.2,56.6,0
2025-12-14T19:07:59.745,19.2,56.6,0
2025-12-14T19:08:02.000,19.2,56.8,0
2025-12-14T19:08:04.254,19.2,57.0,0
2025-12-14T19:08:06.509,19.2,57.0,0
2025-12-14T19:08:08.764,19.2,57.1,0
2025-12-14T19:08:11.019,19.1,57.2,0
2025-12-14T19:08:13.273,19.2,57.3,0
2025-12-14T19:08:15.528,19.1,57.0,0
2025-12-14T19:08:17.783,19.1,56.9,0
2025-12-14T19:08:20.038,19.1,56.8,0
2025-12-14T19:08:22.293,19.2,56.7,0
2025-12-14T19:08:24.547,19.1,56.7,0
2025-12-14T19:08:26.802,19.2,56.9,0
2025-12-14T19:08:29.057,19.1,56.8,0
2025-12-14T19:08:31.312,19.1,56.9,0
2025-12-14T19:08:33.566,19.1,57.0,0
2025-12-14T19:08:35.821,19.1,57.2,0
2025-12-14T19:08:38.076,19.2,57.4,0
2025-12-14T19:08:40.331,19.1,57.4,0
2025-12-14T19:08:42.585,19.1,57.4,0
2025-12-14T19:08:44.840,19.1,57.5,0
2025-12-14T19:08:47.095,19.1,57.6,0
2025-12-14T19:08:49.350,19.1,57.6,0
2025-12-14T19:08:51.605,19.1,57.4,0
2025-12-14T19:08:53.860,19.1,57.4,0
2025-12-14T19:08:56.114,19.1,57.2,0
2025-12-14T19:08:58.369,19.1,57.2,0
2025-12-14T19:09:00.624,19.2,57.3,0
2025-12-14T19:09:02.879,19.1,57.4,0
2025-12-14T19:09:05.133,19.1,57.3,0
2025-12-14T19:09:07.388,19.1,57.3,0
2025-12-14T19:09:09.643,19.1,57.3,0
2025-12-14T19:09:11.898,19.2,57.5,0
2025-12-14T19:09:14.153,19.1,57.4,0
2025-12-14T19:09:16.407,19.1,57.3,0
2025-12-14T19:09:18.662,19.1,57.4,0
2025-12-14T19:09:20.917,19.1,57.4,0
2025-12-14T19:09:23.172,19.1,57.2,0
2025-12-14T19:09:25.426,19.1,57.1,0
2025-12-14T19:09:27.681,19.1,57.1,0
2025-12-14T19:09:29.936,19.1,57.1,0
2025-12-14T19:09:32.190,19.1,57.0,0
2025-12-14T19:09:34.445,19.1,56.9,0
2025-12-14T19:09:36.700,19.1,56.9,0
2025-12-14T19:09:38.955,19.1,56.9,0
2025-12-14T19:09:41.210,19.1,57.0,0
2025-12-14T19:09:43.464,19.1,57.1,0
2025-12-14T19:09:45.719,19.1,57.2,0
2025-12-14T19:09:47.974,19.1,57.2,0
2025-12-14T19:09:50.229,19.1,57.2,0
2025-12-14T19:09:52.483,19.1,56.9,0
2025-12-14T19:09:54.738,19.1,56.7,0
2025-12-14T19:09:56.993,19.1,56.7,0
2025-12-14T19:09:59.248,19.1,56.6,0
2025-12-14T19:10:01.502,,,0
2025-12-14T19:10:03.757,19.1,56.5,0
2025-12-14T19:10:06.012,19.1,56.6,0
2025-12-14T19:10:08.267,19.1,56.8,0
2025-12-14T19:10:10.522,19.1,57.0,0
2025-12-14T19:10:12.776,19.1,57.2,0
2025-12-14T19:10:15.031,,,0
2025-12-14T19:10:17.286,19.1,57.4,0
2025-12-14T19:10:19.540,19.1,57.3,0
2025-12-14T19:10:21.795,19.1,57.3,0
2025-12-14T19:10:24.050,19.1,57.4,0
2025-12-14T19:10:26.305,19.1,57.4,0
2025-12-14T19:10:28.560,19.1,57.5,0
2025-12-14T19:10:30.814,19.1,57.7,0
2025-12-14T19:10:33.069,19.1,57.7,0
2025-12-14T19:10:35.324,19.1,57.4,0
2025-12-14T19:10:37.579,19.1,57.4,0
2025-12-14T19:10:39.833,19.1,57.3,0
2025-12-14T19:10:42.088,19.1,57.4,0
2025-12-14T19:10:44.343,19.1,57.3,0
2025-12-14T19:10:46.598,19.1,57.3,0
2025-12-14T19:10:48.853,19.1,57.3,0
2025-12-14T19:10:51.107,19.1,57.4,0
2025-12-14T19:10:53.362,19.1,57.5,0
2025-12-14T19:10:55.617,19.1,57.4,0
2025-12-14T19:10:57.871,19.1,57.4,0
2025-12-14T19:11:00.126,19.1,57.4,0
2025-12-14T19:11:02.381,19.1,57.2,0
2025-12-14T19:11:04.636,19.1,57.2,0
2025-12-14T19:11:06.891,19.1,57.2,0
2025-12-14T19:11:09.145,19.1,57.3,0
2025-12-14T19:11:11.400,19.1,57.4,0
2025-12-14T19:11:13.655,19.1,57.5,0
2025-12-14T19:11:15.910,19.1,57.7,0
2025-12-14T19:11:18.164,19.1,57.8,0
2025-12-14T19:11:20.419,19.1,57.7,0
2025-12-14T19:11:22.674,19.1,57.6,0
2025-12-14T19:11:24.928,19.1,57.7,0
2025-12-14T19:11:27.183,19.1,57.8,0
2025-12-14T19:11:29.438,19.1,57.8,0
2025-12-14T19:11:31.693,19.1,57.8,0
2025-12-14T19:11:33.947,19.1,57.8,0
2025-12-14T19:11:36.202,19.1,57.8,0
2025-12-14T19:11:38.457,19.1,57.8,0
2025-12-14T19:11:40.712,19.1,57.7,0
2025-12-14T19:11:42.966,19.1,57.7,0
2025-12-14T19:11:45.221,19.1,57.8,0
2025-12-14T19:11:47.476,19.1,57.9,0
2025-12-14T19:11:49.734,19.1,58.0,0
2025-12-14T19:11:51.988,19.1,58.0,0
2025-12-14T19:11:54.243,19.1,58.0,0
2025-12-14T19:11:56.498,19.1,58.0,0
2025-12-14T19:11:58.753,19.1,58.1,0
2025-12-14T19:12:01.007,19.1,57.8,0
2025-12-14T19:12:03.262,19.1,57.7,0
2025-12-14T19:12:05.517,19.1,57.3,0
2025-12-14T19:12:07.772,19.1,57.2,0
2025-12-14T19:12:10.027,19.1,57.0,0
2025-12-14T19:12:12.281,19.1,57.1,0
2025-12-14T19:12:14.536,19.1,57.1,0
2025-12-14T19:12:16.791,,,0
2025-12-14T19:12:19.046,19.1,57.2,0
2025-12-14T19:12:21.301,19.1,57.0,0
2025-12-14T19:12:23.555,19.1,57.2,0
2025-12-14T19:12:25.810,19.1,57.3,0
2025-12-14T19:12:28.065,19.1,57.4,0
2025-12-14T19:12:30.320,19.1,57.5,0
2025-12-14T19:12:32.574,19.1,57.4,0
2025-12-14T19:12:34.829,19.1,57.5,0
2025-12-14T19:12:37.084,19.1,57.6,0
2025-12-14T19:12:39.339,19.1,57.5,0
2025-12-14T19:12:41.593,19.1,57.5,0
2025-12-14T19:12:43.848,19.1,57.6,0
2025-12-14T19:12:46.103,19.1,57.7,0
2025-12-14T19:12:48.358,19.2,57.8,0
2025-12-14T19:12:50.613,19.1,57.8,0
2025-12-14T19:12:52.867,19.1,57.7,0
2025-12-14T19:12:55.122,19.1,57.8,0
2025-12-14T19:12:57.377,19.1,58.0,0
2025-12-14T19:12:59.632,19.1,57.8,0
2025-12-14T19:13:01.886,19.1,57.8,0
2025-12-14T19:13:04.141,19.1,57.8,0
2025-12-14T19:13:06.396,19.1,57.8,0
2025-12-14T19:13:08.651,19.1,57.7,0
2025-12-14T19:13:10.906,19.1,57.6,0
2025-12-14T19:13:13.160,19.1,57.5,0
2025-12-14T19:13:15.415,19.1,57.5,0
2025-12-14T19:13:17.670,19.1,57.6,0
2025-12-14T19:13:19.925,19.1,57.6,0
2025-12-14T19:13:22.179,19.1,57.7,0
2025-12-14T19:13:24.434,19.1,57.8,0
2025-12-14T19:13:26.689,19.1,57.8,0
2025-12-14T19:13:28.944,19.1,57.7,0
2025-12-14T19:13:31.199,19.1,57.6,0
2025-12-14T19:13:33.453,19.1,57.6,0
2025-12-14T19:13:35.708,19.1,57.5,0
2025-12-14T19:13:37.963,19.1,57.3,0
2025-12-14T19:13:40.218,19.1,57.2,0
2025-12-14T19:13:42.472,19.1,57.3,0
2025-12-14T19:13:44.727,19.1,57.3,0
2025-12-14T19:13:46.982,19.2,57.2,0
2025-12-14T19:13:49.237,19.1,57.0,0
2025-12-14T19:13:51.491,19.1,57.0,0
2025-12-14T19:13:53.746,19.1,56.9,0
2025-12-14T19:13:56.001,19.1,57.0,0
2025-12-14T19:13:58.256,19.1,57.0,0
2025-12-14T19:14:00.510,19.1,56.9,0
2025-12-14T19:14:02.765,19.1,56.7,0
2025-12-14T19:14:05.020,19.1,56.7,0
2025-12-14T19:14:07.275,19.1,56.5,0
2025-12-14T19:14:09.529,19.1,56.4,0
2025-12-14T19:14:11.784,19.1,56.4,0
2025-12-14T19:14:14.039,19.1,56.6,0
2025-12-14T19:14:16.294,19.1,56.8,0
2025-12-14T19:14:18.549,19.1,57.0,0
2025-12-14T19:14:20.803,19.1,57.0,0
2025-12-14T19:14:23.058,19.1,57.1,0
2025-12-14T19:14:25.313,19.1,56.8,0
2025-12-14T19:14:27.568,19.1,56.8,0
2025-12-14T19:14:29.823,19.1,57.0,0
2025-12-14T19:14:32.077,19.1,57.1,0
2025-12-14T19:14:34.332,19.1,57.2,0
2025-12-14T19:14:36.587,19.1,57.4,0
2025-12-14T19:14:38.842,19.1,57.6,0
2025-12-14T19:14:41.097,19.1,57.3,0
2025-12-14T19:14:43.351,19.1,57.2,0
2025-12-14T19:14:45.606,19.1,57.2,0
2025-12-14T19:14:47.861,19.1,57.3,0
2025-12-14T19:14:50.116,19.1,57.2,0
2025-12-14T19:14:52.370,19.1,57.2,0
2025-12-14T19:14:54.625,19.1,57.3,0
2025-12-14T19:14:56.880,19.1,57.3,0
2025-12-14T19:14:59.135,19.1,57.4,0
2025-12-14T19:15:01.389,19.1,57.4,0
2025-12-14T19:15:03.644,19.1,57.4,0
2025-12-14T19:15:05.899,19.1,57.5,0
2025-12-14T19:15:08.154,19.1,57.6,0
2025-12-14T19:15:10.408,19.1,57.7,0
2025-12-14T19:15:12.663,19.1,57.8,0
2025-12-14T19:15:14.918,19.1,57.8,0
2025-12-14T19:15:17.173,19.1,57.8,0
2025-12-14T19:15:19.428,19.1,57.9,0
2025-12-14T19:15:21.682,19.1,57.9,0
2025-12-14T19:15:23.937,19.1,58.0,0
2025-12-14T19:15:26.192,19.1,58.0,0
2025-12-14T19:15:28.447,19.1,57.9,0
2025-12-14T19:15:30.701,19.1,57.7,0
2025-12-14T19:15:32.956,19.1,57.7,0
2025-12-14T19:15:35.211,19.1,57.7,0
2025-12-14T19:15:37.466,19.1,57.7,0
2025-12-14T19:15:39.721,19.1,57.7,0
2025-12-14T19:15:41.975,19.1,57.8,0
2025-12-14T19:15:44.230,19.1,57.8,0
2025-12-14T19:15:46.485,19.1,57.8,0
2025-12-14T19:15:48.740,19.1,57.8,0
2025-12-14T19:15:50.994,19.1,57.8,0
2025-12-14T19:15:53.249,19.1,57.7,0
2025-12-14T19:15:55.504,19.1,57.6,0
2025-12-14T19:15:57.759,19.1,57.4,0
2025-12-14T19:16:00.014,19.1,57.5,0
2025-12-14T19:16:02.269,19.1,57.5,0
2025-12-14T19:16:04.523,19.1,57.4,0
2025-12-14T19:16:06.778,19.1,57.2,0
2025-12-14T19:16:09.033,19.1,57.3,0
2025-12-14T19:16:11.288,19.1,57.2,0
2025-12-14T19:16:13.543,19.1,57.1,0
2025-12-14T19:16:15.797,19.1,57.0,0
2025-12-14T19:16:18.051,19.1,57.0,0
2025-12-14T19:16:20.306,19.1,57.1,0
2025-12-14T19:16:22.561,19.1,57.1,0
2025-12-14T19:16:24.816,19.1,57.2,0
2025-12-14T19:16:27.070,19.1,57.1,0
2025-12-14T19:16:29.325,19.1,57.2,0
2025-12-14T19:16:31.580,19.1,57.3,0
2025-12-14T19:16:33.835,19.1,57.3,0
2025-12-14T19:16:36.089,19.1,57.0,0
2025-12-14T19:16:38.344,19.1,57.0,0
2025-12-14T19:16:40.599,19.1,57.1,0
2025-12-14T19:16:42.854,19.1,57.3,0
2025-12-14T19:16:45.108,19.1,57.2,0
2025-12-14T19:16:47.363,19.1,57.2,0
2025-12-14T19:16:49.618,19.1,57.2,0
2025-12-14T19:16:51.873,19.1,56.9,0
2025-12-14T19:16:54.128,19.1,56.9,0
2025-12-14T19:16:56.382,19.1,57.0,0
2025-12-14T19:16:58.637,19.1,57.0,0
2025-12-14T19:17:00.892,19.1,56.8,0
2025-12-14T19:17:03.147,19.1,56.6,0
2025-12-14T19:17:05.401,19.1,56.4,0
2025-12-14T19:17:07.656,19.1,56.2,0
2025-12-14T19:17:09.911,19.1,56.4,0
2025-12-14T19:17:12.166,19.1,56.6,0
2025-12-14T19:17:14.421,19.1,56.7,0
2025-12-14T19:17:16.675,19.1,56.7,0
2025-12-14T19:17:18.930,19.1,56.6,0
2025-12-14T19:17:21.185,19.1,56.8,0
2025-12-14T19:17:23.440,19.1,57.0,0
2025-12-14T19:17:25.694,19.1,57.1,0
2025-12-14T19:17:27.949,19.1,56.9,0
2025-12-14T19:17:30.204,19.1,56.9,0
2025-12-14T19:17:32.459,19.2,57.1,0
2025-12-14T19:17:34.714,19.1,57.0,0
2025-12-14T19:17:36.968,19.1,56.9,0
2025-12-14T19:17:39.223,19.1,57.0,0
2025-12-14T19:17:41.478,19.1,57.0,0
2025-12-14T19:17:43.733,19.1,57.0,0
2025-12-14T19:17:45.987,19.1,57.0,0
2025-12-14T19:17:48.242,19.1,57.2,0
2025-12-14T19:17:50.497,19.1,57.3,0
2025-12-14T19:17:52.751,19.1,57.4,0
2025-12-14T19:17:55.006,19.1,57.5,0
2025-12-14T19:17:57.261,19.1,57.6,0
2025-12-14T19:17:59.516,19.1,57.6,0
2025-12-14T19:18:01.771,19.1,57.7,0
2025-12-14T19:18:04.026,19.1,57.8,0
2025-12-14T19:18:06.280,19.1,57.9,0
2025-12-14T19:18:08.535,19.1,57.9,0
2025-12-14T19:18:10.790,19.1,58.0,0
2025-12-14T19:18:13.045,19.1,58.0,0
2025-12-14T19:18:15.300,19.1,58.1,0
2025-12-14T19:18:17.554,19.1,58.0,0
2025-12-14T19:18:19.808,19.1,57.9,0
2025-12-14T19:18:22.063,19.1,57.8,0
2025-12-14T19:18:24.318,19.1,57.8,0
2025-12-14T19:18:26.573,19.1,57.7,0
2025-12-14T19:18:28.828,19.1,57.5,0
2025-12-14T19:18:31.082,19.1,57.4,0
2025-12-14T19:18:33.337,19.1,57.5,0
2025-12-14T19:18:35.592,19.1,57.2,0
2025-12-14T19:18:37.847,19.1,57.3,0
2025-12-14T19:18:40.101,19.1,57.3,0
2025-12-14T19:18:42.356,19.1,57.3,0
2025-12-14T19:18:44.611,19.2,57.5,0
2025-12-14T19:18:46.866,19.1,57.3,0
2025-12-14T19:18:49.120,19.1,57.3,0
2025-12-14T19:18:51.375,19.1,57.2,0
2025-12-14T19:18:53.630,19.1,57.3,0
2025-12-14T19:18:55.885,19.1,57.3,0
2025-12-14T19:18:58.140,19.1,57.4,0
2025-12-14T19:19:00.394,19.1,57.5,0
2025-12-14T19:19:02.649,19.1,57.6,0
2025-12-14T19:19:04.904,19.1,57.5,0
2025-12-14T19:19:07.159,19.1,57.5,0
2025-12-14T19:19:09.413,19.1,57.4,0
2025-12-14T19:19:11.668,19.1,57.4,0
2025-12-14T19:19:13.923,19.1,57.4,0
2025-12-14T19:19:16.178,19.1,57.3,0
2025-12-14T19:19:18.432,19.1,57.3,0
2025-12-14T19:19:20.687,19.1,57.3,0
2025-12-14T19:19:22.942,19.1,57.3,0
2025-12-14T19:19:25.197,19.1,57.3,0
2025-12-14T19:19:27.451,19.1,57.3,0
2025-12-14T19:19:29.706,19.1,57.4,0
2025-12-14T19:19:31.961,19.1,57.4,0
2025-12-14T19:19:34.216,19.1,57.6,0
2025-12-14T19:19:36.471,19.1,57.6,0
2025-12-14T19:19:38.725,19.1,57.7,0
2025-12-14T19:19:40.980,19.1,57.6,0
2025-12-14T19:19:43.235,19.1,57.5,0
2025-12-14T19:19:45.490,19.1,57.5,0
2025-12-14T19:19:47.745,19.1,57.3,0
2025-12-14T19:19:50.000,19.1,57.2,0
2025-12-14T19:19:52.254,19.1,57.0,0
2025-12-14T19:19:54.509,19.1,56.9,0
2025-12-14T19:19:56.764,19.1,56.9,0
2025-12-14T19:19:59.019,19.1,57.0,0
2025-12-14T19:20:01.273,19.1,57.0,0
2025-12-14T19:20:03.528,19.1,57.0,0
2025-12-14T19:20:05.783,19.1,57.2,0
2025-12-14T19:20:08.038,19.1,57.3,0
2025-12-14T19:20:10.293,19.1,57.4,0
2025-12-14T19:20:12.547,19.1,57.2,0
2025-12-14T19:20:14.802,19.1,57.1,0
2025-12-14T19:20:17.057,19.1,57.0,0
2025-12-14T19:20:19.312,19.1,57.1,0
2025-12-14T19:20:21.566,19.1,57.0,0
2025-12-14T19:20:23.821,19.1,57.0,0
2025-12-14T19:20:26.076,19.1,57.1,0
2025-12-14T19:20:28.331,19.1,57.1,0
2025-12-14T19:20:30.586,19.1,57.2,0
2025-12-14T19:20:32.841,19.1,57.1,0
2025-12-14T19:20:35.095,19.1,57.1,0
2025-12-14T19:20:37.350,19.1,57.2,0
2025-12-14T19:20:39.605,19.1,57.2,0
2025-12-14T19:20:41.860,19.1,57.3,0
2025-12-14T19:20:44.114,19.1,57.3,0
2025-12-14T19:20:46.369,19.1,57.0,0
2025-12-14T19:20:48.624,19.1,56.9,0
2025-12-14T19:20:50.879,19.1,56.9,0
2025-12-14T19:20:53.134,19.1,56.9,0
2025-12-14T19:20:55.388,19.1,57.0,0
2025-12-14T19:20:57.643,,,0
2025-12-14T19:20:59.898,19.1,57.2,0
2025-12-14T19:21:02.153,19.1,57.2,0
2025-12-14T19:21:04.408,19.1,57.1,0
2025-12-14T19:21:06.662,19.1,57.0,0
2025-12-14T19:21:08.917,19.1,57.0,0
2025-12-14T19:21:11.172,19.1,56.9,0
2025-12-14T19:21:13.427,19.1,56.7,0
2025-12-14T19:21:15.681,19.1,56.6,0
2025-12-14T19:21:17.936,19.1,56.8,0
2025-12-14T19:21:20.191,19.1,56.9,0
2025-12-14T19:21:22.446,19.1,57.0,0
2025-12-14T19:21:24.700,19.1,57.0,0
2025-12-14T19:21:26.955,19.1,57.2,0
2025-12-14T19:21:29.210,19.1,57.3,0
2025-12-14T19:21:31.465,19.1,57.3,0
2025-12-14T19:21:33.719,19.1,57.3,0
2025-12-14T19:21:35.974,19.1,57.3,0
2025-12-14T19:21:38.229,19.1,57.4,0
2025-12-14T19:21:40.484,19.1,57.4,0
2025-12-14T19:21:42.739,19.1,57.5,0
2025-12-14T19:21:44.993,19.1,57.6,0
2025-12-14T19:21:47.248,19.1,57.7,0
2025-12-14T19:21:49.503,19.1,57.6,0
2025-12-14T19:21:51.758,19.1,57.2,0
2025-12-14T19:21:54.013,19.1,57.0,0
2025-12-14T19:21:56.267,19.1,56.8,0
2025-12-14T19:21:58.522,19.1,56.7,0
2025-12-14T19:22:00.777,19.1,56.9,0
2025-12-14T19:22:03.032,19.1,56.9,0
2025-12-14T19:22:05.286,19.1,56.7,0
2025-12-14T19:22:07.541,19.1,56.8,0
2025-12-14T19:22:09.796,19.1,57.0,0
2025-12-14T19:22:12.051,19.1,56.9,0
2025-12-14T19:22:14.306,19.1,57.0,0
2025-12-14T19:22:16.560,19.1,57.0,0
2025-12-14T19:22:18.815,19.1,57.0,0
2025-12-14T19:22:21.070,19.1,57.1,0
2025-12-14T19:22:23.325,19.1,57.0,0
2025-12-14T19:22:25.579,19.1,57.0,0
2025-12-14T19:22:27.834,19.1,57.0,0
2025-12-14T19:22:30.089,19.1,56.8,0
2025-12-14T19:22:32.344,19.1,56.6,0
2025-12-14T19:22:34.598,19.1,56.6,0
2025-12-14T19:22:36.853,19.1,56.8,0
2025-12-14T19:22:39.108,19.1,56.7,0
2025-12-14T19:22:41.363,19.1,56.6,0
2025-12-14T19:22:43.617,19.1,56.5,0
2025-12-14T19:22:45.872,19.1,56.6,0
2025-12-14T19:22:48.127,19.1,56.8,0
2025-12-14T19:22:50.382,19.1,56.9,0
2025-12-14T19:22:52.636,19.1,57.0,0
2025-12-14T19:22:54.891,19.1,57.0,0
2025-12-14T19:22:57.146,19.1,56.8,0
2025-12-14T19:22:59.401,19.1,56.6,0
2025-12-14T19:23:01.656,19.1,56.5,0
2025-12-14T19:23:03.911,19.1,56.4,0
2025-12-14T19:23:06.165,19.1,56.3,0
2025-12-14T19:23:08.420,19.1,56.2,0
2025-12-14T19:23:10.675,19.1,56.0,0
2025-12-14T19:23:12.930,19.1,56.0,0
2025-12-14T19:23:15.184,19.1,56.0,0
2025-12-14T19:23:17.439,19.1,55.9,0
2025-12-14T19:23:19.694,19.1,56.0,0
2025-12-14T19:23:21.949,19.0,56.2,0
2025-12-14T19:23:24.204,19.1,56.3,0
2025-12-14T19:23:26.458,19.1,56.5,0
2025-12-14T19:23:28.713,19.1,56.8,0
2025-12-14T19:23:30.968,19.1,56.9,0
2025-12-14T19:23:33.223,19.1,57.1,0
2025-12-14T19:23:35.477,19.1,57.3,0
2025-12-14T19:23:37.733,19.1,57.3,0
2025-12-14T19:23:39.988,19.1,57.5,0
2025-12-14T19:23:42.243,19.1,57.6,0
2025-12-14T19:23:44.503,19.1,57.7,0
2025-12-14T19:23:46.763,19.1,57.6,0
2025-12-14T19:23:49.023,19.0,57.6,0
2025-12-14T19:23:51.283,19.1,57.8,0
2025-12-14T19:23:53.543,19.0,57.7,0
2025-12-14T19:23:55.803,19.1,57.6,0
2025-12-14T19:23:58.063,19.1,57.3,0
2025-12-14T19:24:00.323,19.1,57.1,0
2025-12-14T19:24:02.583,19.1,57.0,0
2025-12-14T19:24:04.843,19.1,57.1,0
2025-12-14T19:24:07.103,19.0,57.2,0
2025-12-14T19:24:09.358,19.1,57.0,0
2025-12-14T19:24:11.612,19.1,56.9,0
2025-12-14T19:24:13.871,19.1,56.9,0
2025-12-14T19:24:16.131,19.1,57.0,0
2025-12-14T19:24:18.391,19.0,57.1,0
2025-12-14T19:24:20.645,19.1,57.2,0
2025-12-14T19:24:22.903,19.0,56.9,0
2025-12-14T19:24:25.157,19.1,56.9,0
2025-12-14T19:24:27.415,19.0,56.8,0
2025-12-14T19:24:29.675,19.1,57.0,0
2025-12-14T19:24:31.935,19.0,57.1,0
2025-12-14T19:24:34.189,19.0,57.2,0
2025-12-14T19:24:36.444,19.0,57.1,0
2025-12-14T19:24:38.698,19.0,57.0,0
2025-12-14T19:24:40.955,19.0,56.8,0
2025-12-14T19:24:43.209,19.0,56.7,0
2025-12-14T19:24:45.467,19.0,56.6,0
2025-12-14T19:24:47.721,19.0,56.8,0
2025-12-14T19:24:49.976,19.0,56.8,0
2025-12-14T19:24:52.235,19.0,56.9,0
2025-12-14T19:24:54.489,19.0,57.1,0
2025-12-14T19:24:56.747,19.1,57.3,0
2025-12-14T19:24:59.001,19.0,57.4,0
2025-12-14T19:25:01.259,19.0,57.5,0
2025-12-14T19:25:03.519,19.0,57.4,0
2025-12-14T19:25:05.773,19.0,57.2,0
2025-12-14T19:25:08.031,19.0,56.9,0
2025-12-14T19:25:10.287,19.1,57.0,0
2025-12-14T19:25:12.547,19.0,57.0,0
2025-12-14T19:25:14.801,19.0,57.1,0
2025-12-14T19:25:17.056,19.1,57.3,0
2025-12-14T19:25:19.310,19.0,57.4,0
2025-12-14T19:25:21.567,19.0,57.4,0
2025-12-14T19:25:23.822,19.0,57.4,0
2025-12-14T19:25:26.079,19.0,57.4,0
2025-12-14T19:25:28.339,19.0,57.6,0
2025-12-14T19:25:30.599,19.1,57.5,0
2025-12-14T19:25:32.853,19.1,57.3,0
2025-12-14T19:25:35.108,19.1,57.2,0
2025-12-14T19:25:37.362,19.1,57.2,0
2025-12-14T19:25:39.619,19.0,56.8,0
2025-12-14T19:25:41.879,19.0,56.9,0
2025-12-14T19:25:44.139,19.0,56.8,0
2025-12-14T19:25:46.399,19.0,56.7,0
2025-12-14T19:25:48.659,19.0,56.9,0
2025-12-14T19:25:50.913,19.1,56.9,0
2025-12-14T19:25:53.171,19.1,56.8,0
2025-12-14T19:25:55.425,19.0,56.7,0
2025-12-14T19:25:57.680,19.0,56.7,0
2025-12-14T19:25:59.939,19.0,56.8,0
2025-12-14T19:26:02.193,19.0,56.9,0
2025-12-14T19:26:04.451,19.0,57.0,0
2025-12-14T19:26:06.705,19.1,57.2,0
2025-12-14T19:26:08.963,19.0,57.2,0
2025-12-14T19:26:11.223,19.1,57.3,0
2025-12-14T19:26:13.479,19.1,57.3,0
2025-12-14T19:26:15.734,19.1,57.3,0
2025-12-14T19:26:17.991,19.1,57.4,0
2025-12-14T19:26:20.245,19.1,57.5,0
2025-12-14T19:26:22.503,19.1,57.7,0
2025-12-14T19:26:24.758,19.1,57.7,0
2025-12-14T19:26:27.015,19.1,57.8,0
2025-12-14T19:26:29.269,19.1,57.9,0
2025-12-14T19:26:31.527,19.1,57.9,0
2025-12-14T19:26:33.781,19.0,57.9,0
2025-12-14T19:26:36.036,19.1,58.0,0
2025-12-14T19:26:38.295,19.0,58.0,0
2025-12-14T19:26:40.555,19.1,58.1,0
2025-12-14T19:26:42.815,19.1,58.0,0
2025-12-14T19:26:45.071,19.1,57.8,0
2025-12-14T19:26:47.327,19.1,57.8,0
2025-12-14T19:26:49.587,19.1,57.8,0
2025-12-14T19:26:51.843,19.1,57.8,0
2025-12-14T19:26:54.097,19.1,57.7,0
2025-12-14T19:26:56.355,19.1,57.6,0
2025-12-14T19:26:58.609,19.1,57.5,0
2025-12-14T19:27:00.867,19.1,57.5,0
2025-12-14T19:27:03.127,19.1,57.4,0
2025-12-14T19:27:05.381,19.1,57.4,0
2025-12-14T19:27:07.636,19.1,57.3,0
2025-12-14T19:27:09.891,,,0
2025-12-14T19:27:12.146,19.1,57.3,0
2025-12-14T19:27:14.401,19.1,57.3,0
2025-12-14T19:27:16.655,19.1,57.2,0
2025-12-14T19:27:18.910,19.1,57.2,0
2025-12-14T19:27:21.165,19.1,57.1,0
2025-12-14T19:27:23.420,19.1,57.2,0
2025-12-14T19:27:25.675,19.1,57.3,0
2025-12-14T19:27:27.929,19.1,57.3,0
2025-12-14T19:27:30.184,19.1,57.3,0
2025-12-14T19:27:32.439,19.1,57.5,0
2025-12-14T19:27:34.694,19.1,57.6,0
2025-12-14T19:27:36.949,19.1,57.5,0
2025-12-14T19:27:39.204,19.1,57.5,0
2025-12-14T19:27:41.458,19.1,57.6,0
2025-12-14T19:27:43.713,19.1,57.6,0
2025-12-14T19:27:45.968,19.1,57.7,0
2025-12-14T19:27:48.223,19.1,57.8,0
2025-12-14T19:27:50.477,19.1,57.8,0
2025-12-14T19:27:52.733,19.1,57.9,0
2025-12-14T19:27:54.988,19.1,57.9,0
2025-12-14T19:27:57.243,19.1,57.9,0
2025-12-14T19:27:59.498,19.1,57.9,0
2025-12-14T19:28:01.752,19.1,57.5,0
2025-12-14T19:28:04.007,19.1,57.3,0
2025-12-14T19:28:06.262,19.1,57.4,0
2025-12-14T19:28:08.517,19.1,57.4,0
2025-12-14T19:28:10.772,19.1,57.4,0
2025-12-14T19:28:13.026,19.1,57.5,0
2025-12-14T19:28:15.281,19.1,57.7,0
2025-12-14T19:28:17.536,19.0,57.6,0
2025-12-14T19:28:19.791,19.1,57.4,0
2025-12-14T19:28:22.045,19.1,57.3,0
2025-12-14T19:28:24.300,19.1,57.2,0
2025-12-14T19:28:26.555,19.1,57.0,0
2025-12-14T19:28:28.810,19.1,57.1,0
2025-12-14T19:28:31.065,19.1,57.3,0
2025-12-14T19:28:33.319,19.1,57.4,0
2025-12-14T19:28:35.574,19.1,57.3,0
2025-12-14T19:28:37.829,19.1,57.2,0
2025-12-14T19:28:40.084,19.1,57.2,0
2025-12-14T19:28:42.339,19.0,57.2,0
2025-12-14T19:28:44.594,19.1,57.3,0
2025-12-14T19:28:46.848,19.1,57.4,0
2025-12-14T19:28:49.102,19.1,57.4,0
2025-12-14T19:28:51.357,19.1,57.5,0
2025-12-14T19:28:53.612,19.1,57.6,0
2025-12-14T19:28:55.867,19.1,57.6,0
2025-12-14T19:28:58.122,19.1,57.6,0
2025-12-14T19:29:00.376,19.1,57.5,0
2025-12-14T19:29:02.631,19.1,57.6,0
2025-12-14T19:29:04.886,19.1,57.7,0
2025-12-14T19:29:07.141,19.1,57.7,0
2025-12-14T19:29:09.396,19.1,57.8,0
2025-12-14T19:29:11.650,19.1,57.7,0
2025-12-14T19:29:13.905,19.1,57.8,0
2025-12-14T19:29:16.160,19.1,57.7,0
2025-12-14T19:29:18.415,19.0,57.6,0
2025-12-14T19:29:20.670,19.1,57.7,0
2025-12-14T19:29:22.924,19.1,57.7,0
2025-12-14T19:29:25.179,19.1,57.8,0
2025-12-14T19:29:27.434,19.1,57.9,0
2025-12-14T19:29:29.689,19.1,58.0,0
2025-12-14T19:29:31.944,19.1,57.9,0
2025-12-14T19:29:34.198,19.1,58.0,0
2025-12-14T19:29:36.453,19.1,58.0,0
2025-12-14T19:29:38.708,19.1,57.9,0
2025-12-14T19:29:40.963,19.1,58.0,0
2025-12-14T19:29:43.217,19.1,58.0,0
2025-12-14T19:29:45.472,19.1,58.1,0
2025-12-14T19:29:47.727,19.1,58.1,0
2025-12-14T19:29:49.982,19.1,58.2,0
2025-12-14T19:29:52.236,19.1,58.3,0
2025-12-14T19:29:54.491,19.1,58.4,0
2025-12-14T19:29:56.746,19.1,58.2,0
2025-12-14T19:29:59.000,19.1,58.0,0
2025-12-14T19:30:01.255,19.1,58.1,0
2025-12-14T19:30:03.510,19.1,58.1,0
2025-12-14T19:30:05.764,19.1,58.2,0
2025-12-14T19:30:08.019,19.1,58.2,0
2025-12-14T19:30:10.274,19.1,58.2,0
2025-12-14T19:30:12.529,19.1,58.3,0
2025-12-14T19:30:14.784,19.1,58.3,0
2025-12-14T19:30:17.038,19.1,58.2,0
2025-12-14T19:30:19.293,19.1,58.2,0
2025-12-14T19:30:21.548,19.1,58.2,0
2025-12-14T19:30:23.802,19.1,58.1,0
2025-12-14T19:30:26.057,19.1,58.1,0
2025-12-14T19:30:28.312,19.1,58.0,0
2025-12-14T19:30:30.567,19.1,58.0,0
2025-12-14T19:30:32.822,19.1,57.8,0
2025-12-14T19:30:35.076,19.1,57.7,0
2025-12-14T19:30:37.331,19.1,57.8,0
2025-12-14T19:30:39.586,19.1,57.8,0
2025-12-14T19:30:41.841,19.1,57.9,0
2025-12-14T19:30:44.095,19.1,57.9,0
2025-12-14T19:30:46.350,19.1,57.7,0
2025-12-14T19:30:48.605,19.1,57.5,0
2025-12-14T19:30:50.860,19.1,57.5,0
2025-12-14T19:30:53.114,19.1,57.6,0
2025-12-14T19:30:55.369,19.1,57.6,0
2025-12-14T19:30:57.623,19.1,57.5,0
2025-12-14T19:30:59.878,19.1,57.4,0
2025-12-14T19:31:02.133,19.1,57.5,0
2025-12-14T19:31:04.388,19.1,57.6,0
2025-12-14T19:31:06.643,19.1,57.7,0
2025-12-14T19:31:08.898,19.1,57.8,0
2025-12-14T19:31:11.152,19.1,57.8,0
2025-12-14T19:31:13.407,19.1,57.8,0
2025-12-14T19:31:15.662,19.1,57.9,0
2025-12-14T19:31:17.916,19.1,58.1,0
2025-12-14T19:31:20.171,19.1,58.1,0
2025-12-14T19:31:22.426,19.1,58.1,0
2025-12-14T19:31:24.681,19.1,58.1,0
2025-12-14T19:31:26.936,19.1,58.0,0
2025-12-14T19:31:29.190,19.1,57.8,0
2025-12-14T19:31:31.445,19.1,57.8,0
2025-12-14T19:31:33.700,19.1,57.7,0
2025-12-14T19:31:35.955,19.1,57.8,0
2025-12-14T19:31:38.210,19.1,57.9,0
2025-12-14T19:31:40.464,19.1,57.7,0
2025-12-14T19:31:42.719,19.1,57.7,0
2025-12-14T19:31:44.974,19.1,57.6,0
2025-12-14T19:31:47.228,19.1,57.7,0
2025-12-14T19:31:49.483,19.1,57.9,0
2025-12-14T19:31:51.738,19.1,58.0,0
2025-12-14T19:31:53.993,19.1,57.9,0
2025-12-14T19:31:56.247,19.1,57.9,0
2025-12-14T19:31:58.502,19.1,57.7,0
2025-12-14T19:32:00.757,19.1,57.7,0
2025-12-14T19:32:03.011,19.1,57.8,0
2025-12-14T19:32:05.266,19.1,57.9,0
2025-12-14T19:32:07.521,19.1,57.9,0
2025-12-14T19:32:09.775,19.1,57.9,0
2025-12-14T19:32:12.030,19.1,57.9,0
2025-12-14T19:32:14.285,19.1,57.9,0
2025-12-14T19:32:16.540,19.1,57.9,0
2025-12-14T19:32:18.794,19.1,57.8,0
2025-12-14T19:32:21.049,19.1,58.0,0
2025-12-14T19:32:23.304,19.1,57.9,0
2025-12-14T19:32:25.558,19.1,57.9,0
2025-12-14T19:32:27.813,19.1,58.0,0
2025-12-14T19:32:30.067,19.1,58.0,0
2025-12-14T19:32:32.322,19.1,57.9,0
2025-12-14T19:32:34.577,19.1,58.0,0
2025-12-14T19:32:36.831,19.1,58.0,0
2025-12-14T19:32:39.085,19.1,57.9,0
2025-12-14T19:32:41.340,19.1,57.9,0
2025-12-14T19:32:43.599,19.1,58.0,0
2025-12-14T19:32:45.853,19.1,58.0,0
2025-12-14T19:32:48.111,19.1,58.0,0
2025-12-14T19:32:50.365,19.1,58.0,0
2025-12-14T19:32:52.623,19.1,57.8,0
2025-12-14T19:32:54.883,,,0
2025-12-14T19:32:57.137,19.1,57.5,0
2025-12-14T19:32:59.392,19.1,57.3,0
2025-12-14T19:33:01.647,19.1,57.3,0
2025-12-14T19:33:03.901,19.1,57.2,0
2025-12-14T19:33:06.156,19.1,57.1,0
2025-12-14T19:33:08.411,19.1,57.2,0
2025-12-14T19:33:10.666,19.1,57.2,0
2025-12-14T19:33:12.920,19.1,57.1,0
2025-12-14T19:33:15.175,19.1,57.2,0
2025-12-14T19:33:17.430,19.1,57.4,0
2025-12-14T19:33:19.684,19.1,57.4,0
2025-12-14T19:33:21.939,19.1,57.5,0
2025-12-14T19:33:24.194,19.1,57.6,0
2025-12-14T19:33:26.448,19.1,57.6,0
2025-12-14T19:33:28.703,,,0
2025-12-14T19:33:30.958,19.1,57.5,0
2025-12-14T19:33:33.212,19.1,57.5,0
2025-12-14T19:33:35.467,19.1,57.6,0
2025-12-14T19:33:37.722,19.1,57.4,0
2025-12-14T19:33:39.976,19.1,57.3,0
2025-12-14T19:33:42.231,19.1,57.4,0
2025-12-14T19:33:44.486,19.1,57.5,0
2025-12-14T19:33:46.740,19.1,57.3,0
2025-12-14T19:33:48.995,,,0
2025-12-14T19:33:51.250,19.1,57.4,0
2025-12-14T19:33:53.504,19.1,57.5,0
2025-12-14T19:33:55.759,19.1,57.6,0
2025-12-14T19:33:58.014,19.1,57.6,0
2025-12-14T19:34:00.268,19.1,57.6,0
2025-12-14T19:34:02.523,19.1,57.7,0
2025-12-14T19:34:04.778,19.1,57.8,0
2025-12-14T19:34:07.033,19.1,57.8,0
2025-12-14T19:34:09.287,19.1,58.0,0
2025-12-14T19:34:11.542,19.1,58.0,0
2025-12-14T19:34:13.797,19.1,58.0,0
2025-12-14T19:34:16.051,19.1,58.0,0
2025-12-14T19:34:18.306,19.1,57.9,0
2025-12-14T19:34:20.561,19.1,57.9,0
2025-12-14T19:34:22.816,19.1,57.9,0
2025-12-14T19:34:25.070,19.1,57.8,0
2025-12-14T19:34:27.325,19.1,57.6,0
2025-12-14T19:34:29.580,19.1,57.5,0
2025-12-14T19:34:31.834,19.1,57.5,0
2025-12-14T19:34:34.089,19.1,57.5,0
2025-12-14T19:34:36.344,19.1,57.4,0
2025-12-14T19:34:38.598,19.1,57.4,0
2025-12-14T19:34:40.853,19.1,57.4,0
2025-12-14T19:34:43.108,19.1,57.4,0
2025-12-14T19:34:45.362,19.1,57.3,0
2025-12-14T19:34:47.617,19.1,57.1,0
2025-12-14T19:34:49.872,19.1,57.2,0
2025-12-14T19:34:52.126,19.1,57.1,0
2025-12-14T19:34:54.381,19.1,57.2,0
2025-12-14T19:34:56.636,19.1,57.3,0
2025-12-14T19:34:58.891,19.1,57.4,0
2025-12-14T19:35:01.145,19.1,57.5,0
2025-12-14T19:35:03.400,19.1,57.6,0
2025-12-14T19:35:05.654,19.1,57.6,0
2025-12-14T19:35:07.909,19.1,57.6,0
2025-12-14T19:35:10.164,19.1,57.5,0
2025-12-14T19:35:12.419,19.1,57.4,0
2025-12-14T19:35:14.673,19.1,57.5,0
2025-12-14T19:35:16.928,19.1,57.7,0
2025-12-14T19:35:19.183,19.1,57.7,0
2025-12-14T19:35:21.437,19.1,57.8,0
2025-12-14T19:35:23.692,,,0
2025-12-14T19:35:25.947,19.1,57.8,0
2025-12-14T19:35:28.201,19.1,57.9,0
2025-12-14T19:35:30.456,19.1,57.9,0
2025-12-14T19:35:32.711,19.1,57.7,0
2025-12-14T19:35:34.965,19.1,57.8,0
2025-12-14T19:35:37.220,19.1,57.7,0
2025-12-14T19:35:39.475,19.1,57.8,0
2025-12-14T19:35:41.729,19.1,57.8,0
2025-12-14T19:35:43.984,19.1,57.9,0
2025-12-14T19:35:46.239,19.1,58.0,0
2025-12-14T19:35:48.493,19.1,58.1,0
2025-12-14T19:35:50.748,19.1,58.2,0
2025-12-14T19:35:53.003,19.1,58.1,0
2025-12-14T19:35:55.258,19.1,58.2,0
2025-12-14T19:35:57.512,19.1,58.1,0
2025-12-14T19:35:59.767,19.1,58.2,0
2025-12-14T19:36:02.022,19.1,58.2,0
2025-12-14T19:36:04.276,19.1,58.2,0
2025-12-14T19:36:06.531,19.1,58.1,0
2025-12-14T19:36:08.786,19.1,58.0,0
2025-12-14T19:36:11.040,19.1,58.0,0
2025-12-14T19:36:13.295,19.1,58.1,0
2025-12-14T19:36:15.550,19.1,58.1,0
2025-12-14T19:36:17.804,19.1,58.2,0
2025-12-14T19:36:20.059,19.1,58.1,0
2025-12-14T19:36:22.314,19.1,58.1,0
2025-12-14T19:36:24.568,19.1,58.1,0
2025-12-14T19:36:26.823,19.1,58.1,0
2025-12-14T19:36:29.078,19.1,58.1,0
2025-12-14T19:36:31.332,19.1,58.1,0
2025-12-14T19:36:33.587,19.1,58.1,0
2025-12-14T19:36:35.841,19.1,58.1,0
2025-12-14T19:36:38.096,19.1,58.0,0
2025-12-14T19:36:40.351,19.1,58.1,0
2025-12-14T19:36:42.605,19.1,58.1,0
2025-12-14T19:36:44.860,19.1,58.1,0
2025-12-14T19:36:47.115,19.1,57.8,0
2025-12-14T19:36:49.370,19.1,57.7,0
2025-12-14T19:36:51.624,19.1,57.8,0
2025-12-14T19:36:53.879,19.1,57.8,0
2025-12-14T19:36:56.134,19.1,57.7,0
2025-12-14T19:36:58.388,19.1,57.8,0
2025-12-14T19:37:00.643,19.1,57.8,0
2025-12-14T19:37:02.898,19.1,57.9,0
2025-12-14T19:37:05.152,19.1,57.7,0
2025-12-14T19:37:07.407,19.1,57.5,0
2025-12-14T19:37:09.662,19.1,57.3,0
2025-12-14T19:37:11.916,19.1,57.1,0
2025-12-14T19:37:14.171,19.1,57.2,0
2025-12-14T19:37:16.426,19.1,57.2,0
2025-12-14T19:37:18.680,19.1,57.4,0
2025-12-14T19:37:20.935,19.1,57.4,0
2025-12-14T19:37:23.190,19.1,57.6,0
2025-12-14T19:37:25.445,19.1,57.6,0
2025-12-14T19:37:27.699,19.1,57.7,0
2025-12-14T19:37:29.954,19.1,57.7,0
2025-12-14T19:37:32.209,19.1,57.7,0
2025-12-14T19:37:34.463,19.1,57.7,0
2025-12-14T19:37:36.718,19.1,57.5,0
2025-12-14T19:37:38.973,19.1,57.3,0
2025-12-14T19:37:41.227,19.1,57.4,0
2025-12-14T19:37:43.482,19.1,57.5,0
2025-12-14T19:37:45.737,19.1,57.3,0
2025-12-14T19:37:47.992,19.1,57.3,0
2025-12-14T19:37:50.246,19.1,57.2,0
2025-12-14T19:37:52.501,19.1,57.1,0
2025-12-14T19:37:54.756,19.1,57.3,0
2025-12-14T19:37:57.010,19.1,57.5,0
2025-12-14T19:37:59.265,19.1,57.6,0
2025-12-14T19:38:01.520,19.1,57.6,0
2025-12-14T19:38:03.774,19.1,57.6,0
2025-12-14T19:38:06.029,19.1,57.7,0
2025-12-14T19:38:08.284,19.1,57.9,0
2025-12-14T19:38:10.538,19.1,57.8,0
2025-12-14T19:38:12.793,19.1,57.8,0
2025-12-14T19:38:15.048,19.1,57.8,0
2025-12-14T19:38:17.303,19.1,57.9,0
2025-12-14T19:38:19.557,19.1,57.9,0
2025-12-14T19:38:21.812,19.1,57.7,0
2025-12-14T19:38:24.067,19.1,57.6,0
2025-12-14T19:38:26.321,19.1,57.6,0
2025-12-14T19:38:28.576,19.1,57.7,0
2025-12-14T19:38:30.831,19.1,57.7,0
2025-12-14T19:38:33.085,19.1,57.4,0
2025-12-14T19:38:35.340,19.1,57.5,0
2025-12-14T19:38:37.595,19.1,57.3,0
2025-12-14T19:38:39.850,19.1,57.4,0
2025-12-14T19:38:42.105,19.1,57.6,0
2025-12-14T19:38:44.359,19.1,57.8,0
2025-12-14T19:38:46.614,19.1,57.9,0
2025-12-14T19:38:48.869,19.1,58.0,0
2025-12-14T19:38:51.123,19.1,58.0,0
2025-12-14T19:38:53.378,19.1,58.0,0
2025-12-14T19:38:55.633,19.1,57.8,0
2025-12-14T19:38:57.887,19.1,57.8,0
2025-12-14T19:39:00.142,19.1,57.9,0
2025-12-14T19:39:02.397,19.1,58.0,0
2025-12-14T19:39:04.651,19.1,58.0,0
2025-12-14T19:39:06.906,19.1,58.1,0
2025-12-14T19:39:09.161,19.1,58.0,0
2025-12-14T19:39:11.415,19.1,58.0,0
2025-12-14T19:39:13.670,19.1,57.9,0
2025-12-14T19:39:15.925,19.1,57.8,0
2025-12-14T19:39:18.179,19.1,57.6,0
2025-12-14T19:39:20.434,19.1,57.5,0
2025-12-14T19:39:22.689,19.1,57.4,0
2025-12-14T19:39:24.943,19.1,57.6,0
2025-12-14T19:39:27.198,19.1,57.6,0
2025-12-14T19:39:29.453,19.1,57.7,0
2025-12-14T19:39:31.707,19.1,57.8,0
2025-12-14T19:39:33.962,19.1,57.9,0
2025-12-14T19:39:36.217,19.1,58.0,0
2025-12-14T19:39:38.471,19.1,58.1,0
2025-12-14T19:39:40.726,,,0
2025-12-14T19:39:42.980,19.1,58.2,0
2025-12-14T19:39:45.235,19.1,58.0,0
2025-12-14T19:39:47.490,19.1,57.8,0
2025-12-14T19:39:49.744,19.1,57.7,0
2025-12-14T19:39:51.999,19.1,57.8,0
2025-12-14T19:39:54.254,19.1,57.7,0
2025-12-14T19:39:56.508,19.1,57.8,0
2025-12-14T19:39:58.763,19.1,57.9,0
2025-12-14T19:40:01.018,19.1,58.0,0
2025-12-14T19:40:03.272,19.1,58.0,0
2025-12-14T19:40:05.527,19.1,58.0,0
2025-12-14T19:40:07.782,19.1,57.9,0
2025-12-14T19:40:10.037,19.1,57.8,0
2025-12-14T19:40:12.291,19.1,57.7,0
2025-12-14T19:40:14.546,19.1,57.7,0
2025-12-14T19:40:16.801,19.1,57.7,0
2025-12-14T19:40:19.055,19.1,57.7,0
2025-12-14T19:40:21.310,19.1,57.7,0
2025-12-14T19:40:23.565,19.1,57.8,0
2025-12-14T19:40:25.820,19.1,57.8,0
2025-12-14T19:40:28.074,19.1,57.9,0
2025-12-14T19:40:30.329,19.1,58.0,0
2025-12-14T19:40:32.583,19.1,58.0,0
2025-12-14T19:40:34.838,19.1,58.0,0
2025-12-14T19:40:37.093,19.1,58.0,0
2025-12-14T19:40:39.348,19.1,58.1,0
2025-12-14T19:40:41.602,19.1,58.0,0
2025-12-14T19:40:43.857,19.1,57.8,0
2025-12-14T19:40:46.111,19.1,57.8,0
2025-12-14T19:40:48.366,19.1,57.7,0
2025-12-14T19:40:50.621,19.1,57.7,0
2025-12-14T19:40:52.875,19.1,57.6,0
2025-12-14T19:40:55.130,19.1,57.5,0
2025-12-14T19:40:57.385,19.1,57.4,0
2025-12-14T19:40:59.639,19.1,57.2,0
2025-12-14T19:41:01.894,19.1,57.2,0
2025-12-14T19:41:04.149,19.1,57.2,0
2025-12-14T19:41:06.403,19.1,57.3,0
2025-12-14T19:41:08.658,19.1,57.4,0
2025-12-14T19:41:10.913,19.1,57.5,0
2025-12-14T19:41:13.167,19.1,57.5,0
2025-12-14T19:41:15.422,19.1,57.4,0
2025-12-14T19:41:17.677,19.1,57.6,0
2025-12-14T19:41:19.931,19.1,57.6,0
2025-12-14T19:41:22.186,19.1,57.5,0
2025-12-14T19:41:24.441,19.1,57.5,0
2025-12-14T19:41:26.695,19.1,57.5,0
2025-12-14T19:41:28.950,19.1,57.6,0
2025-12-14T19:41:31.205,19.1,57.6,0
2025-12-14T19:41:33.460,19.1,57.6,0
2025-12-14T19:41:35.714,,,0
2025-12-14T19:41:37.969,19.1,57.7,0
2025-12-14T19:41:40.224,19.1,57.7,0
2025-12-14T19:41:42.478,19.1,57.7,0
2025-12-14T19:41:44.734,19.1,57.7,0
2025-12-14T19:41:46.989,19.1,57.7,0
2025-12-14T19:41:49.244,19.1,57.7,0
2025-12-14T19:41:51.498,19.1,57.7,0
2025-12-14T19:41:53.753,19.1,57.6,0
2025-12-14T19:41:56.008,19.1,57.7,0
2025-12-14T19:41:58.262,19.1,57.8,0
2025-12-14T19:42:00.517,19.1,58.0,0
2025-12-14T19:42:02.772,19.1,58.0,0
2025-12-14T19:42:05.027,19.1,58.0,0
2025-12-14T19:42:07.281,19.1,58.0,0
2025-12-14T19:42:09.536,19.1,57.9,0
2025-12-14T19:42:11.790,19.1,57.8,0
2025-12-14T19:42:14.045,19.1,58.0,0
2025-12-14T19:42:16.300,19.1,58.0,0
2025-12-14T19:42:18.554,19.1,58.0,0
2025-12-14T19:42:20.809,19.1,58.0,0
2025-12-14T19:42:23.064,19.1,58.1,0
2025-12-14T19:42:25.318,19.1,58.1,0
2025-12-14T19:42:27.573,19.1,58.0,0
2025-12-14T19:42:29.828,19.1,58.0,0
2025-12-14T19:42:32.083,19.1,57.9,0
2025-12-14T19:42:34.337,19.1,57.9,0
2025-12-14T19:42:36.592,19.1,58.0,0
2025-12-14T19:42:38.846,19.1,58.0,0
2025-12-14T19:42:41.100,19.1,58.0,0
2025-12-14T19:42:43.355,19.1,58.1,0
2025-12-14T19:42:45.610,19.1,58.2,0
2025-12-14T19:42:47.865,19.1,58.2,0
2025-12-14T19:42:50.119,19.1,58.1,0
2025-12-14T19:42:52.374,19.1,58.0,0
2025-12-14T19:42:54.629,19.1,58.0,0
2025-12-14T19:42:56.883,19.1,58.1,0
2025-12-14T19:42:59.138,19.1,58.0,0
2025-12-14T19:43:01.393,19.1,57.8,0
2025-12-14T19:43:03.647,19.1,57.9,0
2025-12-14T19:43:05.902,19.1,57.8,0
2025-12-14T19:43:08.157,19.1,57.7,0
2025-12-14T19:43:10.412,19.1,57.8,0
2025-12-14T19:43:12.667,19.1,58.0,0
2025-12-14T19:43:14.925,19.1,57.9,0
2025-12-14T19:43:17.180,19.1,57.8,0
2025-12-14T19:43:19.439,19.1,57.9,0
2025-12-14T19:43:21.694,19.1,58.0,0
2025-12-14T19:43:23.949,19.1,58.1,0
2025-12-14T19:43:26.204,19.1,58.1,0
2025-12-14T19:43:28.458,19.1,58.1,0
2025-12-14T19:43:30.713,19.1,58.1,0
2025-12-14T19:43:32.968,19.1,58.2,0
2025-12-14T19:43:35.223,19.1,58.2,0
2025-12-14T19:43:37.478,19.1,58.1,0
2025-12-14T19:43:39.733,19.1,58.0,0
2025-12-14T19:43:41.988,19.1,58.0,0
2025-12-14T19:43:44.247,19.1,58.1,0
2025-12-14T19:43:46.507,19.1,58.2,0
2025-12-14T19:43:48.761,19.2,58.3,0
2025-12-14T19:43:51.016,19.1,58.2,0
2025-12-14T19:43:53.270,19.1,58.2,0
2025-12-14T19:43:55.527,19.1,58.2,0
2025-12-14T19:43:57.787,19.1,58.3,0
2025-12-14T19:44:00.047,19.1,58.3,0
2025-12-14T19:44:02.307,19.1,58.3,0
2025-12-14T19:44:04.567,19.1,58.3,0
2025-12-14T19:44:06.822,19.1,58.1,0
2025-12-14T19:44:09.079,19.1,58.2,0
2025-12-14T19:44:11.339,19.1,58.2,0
2025-12-14T19:44:13.593,19.1,58.1,0
2025-12-14T19:44:15.848,19.1,58.1,0
2025-12-14T19:44:18.102,19.1,58.1,0
2025-12-14T19:44:20.357,19.2,58.2,0
2025-12-14T19:44:22.615,19.1,58.2,0
2025-12-14T19:44:24.869,19.1,58.2,0
2025-12-14T19:44:27.124,19.2,58.3,0
2025-12-14T19:44:29.378,19.2,58.2,0
2025-12-14T19:44:31.635,19.2,58.2,0
2025-12-14T19:44:33.895,19.1,58.2,0
2025-12-14T19:44:36.155,19.2,58.2,0
2025-12-14T19:44:38.409,19.2,58.2,0
2025-12-14T19:44:40.664,19.2,58.3,0
2025-12-14T19:44:42.919,19.2,58.3,0
2025-12-14T19:44:45.173,19.1,58.3,0
2025-12-14T19:44:47.428,19.2,58.3,0
2025-12-14T19:44:49.687,19.1,58.3,0
2025-12-14T19:44:51.942,19.2,58.3,0
2025-12-14T19:44:54.199,19.2,58.3,0
2025-12-14T19:44:56.453,19.2,58.4,0
2025-12-14T19:44:58.708,19.2,58.4,0
2025-12-14T19:45:00.967,19.2,58.3,0
2025-12-14T19:45:03.221,19.2,58.2,0
2025-12-14T19:45:05.479,19.1,58.1,0
2025-12-14T19:45:07.739,19.1,58.2,0
2025-12-14T19:45:09.993,19.1,58.1,0
2025-12-14T19:45:12.251,19.2,58.1,0
2025-12-14T19:45:14.511,19.2,58.0,0
2025-12-14T19:45:16.765,19.2,58.1,0
2025-12-14T19:45:19.023,19.2,58.2,0
2025-12-14T19:45:21.279,19.2,58.2,0
2025-12-14T19:45:23.539,19.2,58.2,0
2025-12-14T19:45:25.793,19.2,58.3,0
2025-12-14T19:45:28.051,19.2,58.3,0
2025-12-14T19:45:30.305,19.2,58.3,0
2025-12-14T19:45:32.563,19.2,58.3,0
2025-12-14T19:45:34.823,19.2,58.4,0
2025-12-14T19:45:37.078,19.2,58.4,0
2025-12-14T19:45:39.333,19.2,58.3,0
2025-12-14T19:45:41.587,19.2,58.3,0
2025-12-14T19:45:43.842,19.2,58.3,0
2025-12-14T19:45:46.096,19.2,58.2,0
2025-12-14T19:45:48.355,19.2,58.1,0
2025-12-14T19:45:50.615,19.2,58.0,0
2025-12-14T19:45:52.869,19.2,58.0,0
2025-12-14T19:45:55.127,19.2,57.8,0
2025-12-14T19:45:57.387,19.2,57.8,0
2025-12-14T19:45:59.647,19.2,57.9,0
2025-12-14T19:46:01.901,19.2,57.9,0
2025-12-14T19:46:04.159,19.2,57.9,0
2025-12-14T19:46:06.413,19.2,58.0,0
2025-12-14T19:46:08.668,19.2,58.0,0
2025-12-14T19:46:10.922,19.2,57.9,0
2025-12-14T19:46:13.177,19.2,57.7,0
2025-12-14T19:46:15.431,19.2,57.5,0
2025-12-14T19:46:17.685,19.2,57.4,0
2025-12-14T19:46:19.940,19.2,57.6,0
2025-12-14T19:46:22.194,19.2,57.6,0
2025-12-14T19:46:24.451,19.2,57.6,0
2025-12-14T19:46:26.705,19.2,57.8,0
2025-12-14T19:46:28.963,19.2,57.7,0
2025-12-14T19:46:31.217,19.2,57.5,0
2025-12-14T19:46:33.472,19.2,57.5,0
2025-12-14T19:46:35.726,19.2,57.5,0
2025-12-14T19:46:37.983,19.2,57.4,0
2025-12-14T19:46:40.237,19.2,57.4,0
2025-12-14T19:46:42.495,19.2,57.3,0
2025-12-14T19:46:44.755,19.2,57.2,0
2025-12-14T19:46:47.009,19.2,57.2,0
2025-12-14T19:46:49.267,19.2,57.2,0
2025-12-14T19:46:51.522,19.2,57.2,0
2025-12-14T19:46:53.776,19.2,57.1,0
2025-12-14T19:46:56.031,19.2,57.0,0
2025-12-14T19:46:58.291,19.2,56.9,0
2025-12-14T19:47:00.545,19.2,56.8,0
2025-12-14T19:47:02.800,19.2,57.0,0
2025-12-14T19:47:05.054,19.2,57.1,0
2025-12-14T19:47:07.311,19.2,57.2,0
2025-12-14T19:47:09.571,19.2,57.3,0
2025-12-14T19:47:11.826,19.2,57.4,0
2025-12-14T19:47:14.080,19.2,57.5,0
2025-12-14T19:47:16.335,19.2,57.6,0
2025-12-14T19:47:18.590,19.2,57.7,0
2025-12-14T19:47:20.844,19.2,57.8,0
2025-12-14T19:47:23.099,19.2,57.8,0
2025-12-14T19:47:25.354,19.2,57.8,0
2025-12-14T19:47:27.608,19.2,57.8,0
2025-12-14T19:47:29.863,19.2,57.9,0
2025-12-14T19:47:32.118,19.2,57.8,0
2025-12-14T19:47:34.372,19.2,57.7,0
2025-12-14T19:47:36.627,19.2,57.6,0
2025-12-14T19:47:38.881,19.2,57.5,0
2025-12-14T19:47:41.136,19.2,57.3,0
2025-12-14T19:47:43.391,19.2,57.4,0
2025-12-14T19:47:45.645,19.2,57.4,0
2025-12-14T19:47:47.900,19.2,57.3,0
2025-12-14T19:47:50.155,19.2,57.4,0
2025-12-14T19:47:52.409,19.2,57.4,0
2025-12-14T19:47:54.664,19.2,57.2,0
2025-12-14T19:47:56.919,19.2,57.2,0
2025-12-14T19:47:59.173,19.2,57.3,0
2025-12-14T19:48:01.428,19.2,57.4,0
2025-12-14T19:48:03.683,19.2,57.4,0
2025-12-14T19:48:05.937,19.2,57.4,0
2025-12-14T19:48:08.192,19.2,57.4,0
2025-12-14T19:48:10.447,19.2,57.5,0
2025-12-14T19:48:12.701,19.2,57.5,0
2025-12-14T19:48:14.956,19.2,57.5,0
2025-12-14T19:48:17.211,19.2,57.6,0
2025-12-14T19:48:19.465,19.2,57.6,0
2025-12-14T19:48:21.720,19.2,57.4,0
2025-12-14T19:48:23.975,19.2,57.2,0
2025-12-14T19:48:26.229,19.2,57.3,0
2025-12-14T19:48:28.484,19.2,57.2,0
2025-12-14T19:48:30.739,19.2,57.1,0
2025-12-14T19:48:32.993,19.2,57.1,0
2025-12-14T19:48:35.248,19.2,57.2,0
2025-12-14T19:48:37.503,19.1,57.1,0
2025-12-14T19:48:39.757,19.2,57.3,0
2025-12-14T19:48:42.012,19.2,57.4,0
2025-12-14T19:48:44.267,19.2,57.4,0
2025-12-14T19:48:46.521,19.2,57.4,0
2025-12-14T19:48:48.776,19.2,57.5,0
2025-12-14T19:48:51.031,19.2,57.5,0
2025-12-14T19:48:53.285,19.2,57.6,0
2025-12-14T19:48:55.540,19.2,57.4,0
2025-12-14T19:48:57.795,19.2,57.4,0
2025-12-14T19:49:00.049,19.1,57.5,0
2025-12-14T19:49:02.304,19.2,57.6,0
2025-12-14T19:49:04.559,19.2,57.8,0
2025-12-14T19:49:06.813,19.2,57.6,0
2025-12-14T19:49:09.068,19.2,57.6,0
2025-12-14T19:49:11.322,19.2,57.6,0
2025-12-14T19:49:13.577,19.2,57.5,0
2025-12-14T19:49:15.832,19.2,57.4,0
2025-12-14T19:49:18.087,19.2,57.4,0
2025-12-14T19:49:20.341,19.2,57.3,0
2025-12-14T19:49:22.596,19.2,57.2,0
2025-12-14T19:49:24.851,19.2,57.4,0
2025-12-14T19:49:27.105,19.2,57.4,0
2025-12-14T19:49:29.360,19.2,57.4,0
2025-12-14T19:49:31.614,19.2,57.5,0
2025-12-14T19:49:33.869,19.1,57.4,0
2025-12-14T19:49:36.124,19.2,57.5,0
2025-12-14T19:49:38.379,19.2,57.4,0
2025-12-14T19:49:40.633,19.2,57.4,0
2025-12-14T19:49:42.888,19.1,57.4,0
2025-12-14T19:49:45.143,19.1,57.6,0
2025-12-14T19:49:47.397,19.1,57.7,0
2025-12-14T19:49:49.652,19.2,57.9,0
2025-12-14T19:49:51.907,19.2,58.0,0
2025-12-14T19:49:54.161,19.1,58.0,0
2025-12-14T19:49:56.416,19.2,58.0,0
2025-12-14T19:49:58.670,19.2,57.9,0
2025-12-14T19:50:00.925,19.1,57.8,0
2025-12-14T19:50:03.180,19.2,58.0,0
2025-12-14T19:50:05.434,19.2,58.0,0
2025-12-14T19:50:07.689,19.1,58.0,0
2025-12-14T19:50:09.944,19.1,58.0,0
2025-12-14T19:50:12.198,19.1,58.1,0
2025-12-14T19:50:14.453,19.1,58.2,0
2025-12-14T19:50:16.708,19.2,58.3,0
2025-12-14T19:50:18.962,19.1,58.4,0
2025-12-14T19:50:21.217,19.2,58.3,0
2025-12-14T19:50:23.472,19.1,58.3,0
2025-12-14T19:50:25.726,19.2,58.3,0
2025-12-14T19:50:27.981,19.2,58.3,0
2025-12-14T19:50:30.236,19.2,58.1,0
2025-12-14T19:50:32.490,19.1,57.8,0
2025-12-14T19:50:34.745,19.2,57.8,0
2025-12-14T19:50:37.000,19.2,57.9,0
2025-12-14T19:50:39.255,19.1,57.8,0
2025-12-14T19:50:41.509,19.1,58.0,0
2025-12-14T19:50:43.764,,,0
2025-12-14T19:50:46.023,19.2,58.1,0
2025-12-14T19:50:48.283,19.2,58.1,0
2025-12-14T19:50:50.537,19.2,58.1,0
2025-12-14T19:50:52.792,19.2,58.2,0
2025-12-14T19:50:55.051,19.1,58.2,0
2025-12-14T19:50:57.305,19.1,58.2,0
2025-12-14T19:50:59.560,19.2,58.2,0
2025-12-14T19:51:01.814,19.2,58.2,0
2025-12-14T19:51:04.071,19.2,58.3,0
2025-12-14T19:51:06.331,19.1,58.1,0
2025-12-14T19:51:08.585,19.2,58.2,0
2025-12-14T19:51:10.840,19.1,58.1,0
2025-12-14T19:51:13.099,19.2,58.1,0
2025-12-14T19:51:15.359,19.1,58.2,0
2025-12-14T19:51:17.619,19.1,58.2,0
2025-12-14T19:51:19.873,19.2,58.3,0
2025-12-14T19:51:22.128,19.2,58.3,0
2025-12-14T19:51:24.387,19.2,58.3,0
2025-12-14T19:51:26.643,19.2,58.3,0
2025-12-14T19:51:28.897,19.2,58.3,0
2025-12-14T19:51:31.152,19.2,58.2,0
2025-12-14T19:51:33.411,19.1,58.1,0
2025-12-14T19:51:35.671,19.2,58.2,0
2025-12-14T19:51:37.925,19.2,58.2,0
2025-12-14T19:51:40.183,19.2,58.2,0
2025-12-14T19:51:42.437,19.2,58.0,0
2025-12-14T19:51:44.692,19.2,58.1,0
2025-12-14T19:51:46.946,19.2,58.2,0
2025-12-14T19:51:49.201,19.2,58.2,0
2025-12-14T19:51:51.456,19.2,58.2,0
2025-12-14T19:51:53.710,,,0
2025-12-14T19:51:55.965,19.1,58.2,0
2025-12-14T19:51:58.220,19.2,58.3,0
2025-12-14T19:52:00.475,19.1,58.4,0
2025-12-14T19:52:02.729,19.2,58.5,0
2025-12-14T19:52:04.984,19.1,58.4,0
2025-12-14T19:52:07.239,19.2,58.3,0
2025-12-14T19:52:09.494,19.1,58.4,0
2025-12-14T19:52:11.749,19.2,58.5,0
2025-12-14T19:52:14.003,19.1,58.4,0
2025-12-14T19:52:16.258,19.2,58.5,0
2025-12-14T19:52:18.513,19.2,58.6,0
2025-12-14T19:52:20.768,19.2,58.5,0
2025-12-14T19:52:23.027,19.2,58.4,0
2025-12-14T19:52:25.287,19.1,58.4,0
2025-12-14T19:52:27.547,19.1,58.4,0
2025-12-14T19:52:29.807,19.2,58.5,0
2025-12-14T19:52:32.067,19.1,58.5,0
2025-12-14T19:52:34.327,19.2,58.6,0
2025-12-14T19:52:36.581,19.2,58.6,0
2025-12-14T19:52:38.836,19.2,58.5,0
2025-12-14T19:52:41.090,19.2,58.6,0
2025-12-14T19:52:43.345,19.2,58.5,0
2025-12-14T19:52:45.600,19.2,58.4,0
2025-12-14T19:52:47.854,19.1,58.4,0
2025-12-14T19:52:50.109,19.2,58.5,0
2025-12-14T19:52:52.363,19.2,58.5,0
2025-12-14T19:52:54.618,19.1,58.4,0
2025-12-14T19:52:56.873,19.2,58.4,0
2025-12-14T19:52:59.128,19.1,58.2,0
2025-12-14T19:53:01.382,19.2,58.3,0
2025-12-14T19:53:03.637,19.2,58.3,0
2025-12-14T19:53:05.892,19.1,58.2,0
2025-12-14T19:53:08.146,19.2,58.3,0
2025-12-14T19:53:10.401,19.2,58.3,0
2025-12-14T19:53:12.656,19.2,58.3,0
2025-12-14T19:53:14.913,19.2,58.1,0
2025-12-14T19:53:17.167,19.2,58.0,0
2025-12-14T19:53:19.427,19.1,57.9,0
2025-12-14T19:53:21.687,19.2,58.0,0
2025-12-14T19:53:23.941,19.2,58.0,0
2025-12-14T19:53:26.196,19.2,57.8,0
2025-12-14T19:53:28.455,19.2,57.6,0
2025-12-14T19:53:30.709,19.2,57.6,0
2025-12-14T19:53:32.967,19.2,57.7,0
2025-12-14T19:53:35.223,19.2,57.7,0
2025-12-14T19:53:37.478,19.2,57.6,0
2025-12-14T19:53:39.734,19.2,57.7,0
2025-12-14T19:53:41.991,19.2,57.8,0
2025-12-14T19:53:44.251,19.2,57.9,0
2025-12-14T19:53:46.505,19.2,58.2,0
2025-12-14T19:53:48.763,19.2,58.3,0
2025-12-14T19:53:51.019,19.2,58.6,0
2025-12-14T19:53:53.279,19.2,58.8,0
2025-12-14T19:53:55.539,19.2,59.0,0
2025-12-14T19:53:57.793,19.2,59.0,0
2025-12-14T19:54:00.048,19.2,59.1,0
2025-12-14T19:54:02.302,19.2,59.3,0
2025-12-14T19:54:04.557,19.2,59.6,0
2025-12-14T19:54:06.811,19.2,59.8,0
2025-12-14T19:54:09.066,19.3,59.9,0
2025-12-14T19:54:11.320,19.3,59.5,0
2025-12-14T19:54:13.574,19.3,59.3,0
2025-12-14T19:54:15.829,19.3,59.3,0
2025-12-14T19:54:18.087,19.3,59.2,0
2025-12-14T19:54:20.347,19.3,59.2,0
2025-12-14T19:54:22.607,19.3,59.2,0
2025-12-14T19:54:24.861,19.4,59.3,0
2025-12-14T19:54:27.119,19.3,59.2,0
2025-12-14T19:54:29.379,19.3,59.3,0
2025-12-14T19:54:31.639,19.4,59.5,0
2025-12-14T19:54:33.899,19.4,59.6,0
2025-12-14T19:54:36.154,19.4,59.8,0
2025-12-14T19:54:38.411,19.5,59.9,0
2025-12-14T19:54:40.671,19.4,59.9,0
2025-12-14T19:54:42.927,19.4,59.8,0
2025-12-14T19:54:45.181,19.5,59.9,0
2025-12-14T19:54:47.439,19.5,60.0,0
2025-12-14T19:54:49.693,19.5,60.0,0
2025-12-14T19:54:51.951,19.5,60.0,0
2025-12-14T19:54:54.211,19.5,60.0,0
2025-12-14T19:54:56.471,19.5,60.0,0
2025-12-14T19:54:58.731,19.5,60.1,0
2025-12-14T19:55:00.986,19.5,60.1,0
2025-12-14T19:55:03.243,19.5,60.1,0
2025-12-14T19:55:05.503,19.5,60.1,0
2025-12-14T19:55:07.763,19.5,60.1,0
2025-12-14T19:55:10.018,19.5,60.1,0
2025-12-14T19:55:12.272,19.6,60.2,0
2025-12-14T19:55:14.531,19.6,60.2,0
2025-12-14T19:55:16.791,19.6,60.2,0
2025-12-14T19:55:19.045,19.6,60.2,0
2025-12-14T19:55:21.303,19.6,60.2,0
2025-12-14T19:55:23.563,19.6,60.3,0
2025-12-14T19:55:25.823,19.6,60.2,0
2025-12-14T19:55:28.077,19.6,60.2,0
2025-12-14T19:55:30.335,19.7,60.3,0
2025-12-14T19:55:32.595,19.7,60.3,0
2025-12-14T19:55:34.855,19.6,60.2,0
2025-12-14T19:55:37.110,19.7,60.3,0
2025-12-14T19:55:39.364,19.7,60.3,0
2025-12-14T19:55:41.618,19.7,60.2,0
2025-12-14T19:55:43.873,19.7,60.3,0
2025-12-14T19:55:46.131,19.7,60.3,0
2025-12-14T19:55:48.391,19.7,60.3,0
2025-12-14T19:55:50.651,19.7,60.3,0
2025-12-14T19:55:52.905,19.7,60.3,0
2025-12-14T19:55:55.163,19.7,60.3,0
2025-12-14T19:55:57.423,19.7,60.3,0
2025-12-14T19:55:59.677,19.7,60.3,0
2025-12-14T19:56:01.932,19.7,60.3,0
2025-12-14T19:56:04.186,19.8,60.3,0
2025-12-14T19:56:06.440,19.8,60.3,0
2025-12-14T19:56:08.699,19.8,60.3,0
2025-12-14T19:56:10.959,19.8,60.3,0
2025-12-14T19:56:13.219,19.8,60.3,0
2025-12-14T19:56:15.473,19.8,60.3,0
2025-12-14T19:56:17.731,19.8,60.3,0
2025-12-14T19:56:19.985,19.8,60.3,0
2025-12-14T19:56:22.243,19.8,60.5,0
2025-12-14T19:56:24.497,19.8,60.5,0
2025-12-14T19:56:26.752,19.8,60.5,0
2025-12-14T19:56:29.006,19.8,60.7,0
2025-12-14T19:56:31.261,19.8,60.9,0
2025-12-14T19:56:33.519,19.8,60.9,0
2025-12-14T19:56:35.774,19.8,60.8,0
2025-12-14T19:56:38.031,19.8,60.7,0
2025-12-14T19:56:40.285,19.8,60.5,0
2025-12-14T19:56:42.540,19.8,60.5,0
2025-12-14T19:56:44.799,19.8,60.5,0
2025-12-14T19:56:47.053,19.8,60.4,0
2025-12-14T19:56:49.308,19.8,60.3,0
2025-12-14T19:56:51.562,19.8,60.3,0
2025-12-14T19:56:53.817,19.8,60.3,0
2025-12-14T19:56:56.075,19.8,60.3,0
2025-12-14T19:56:58.330,19.8,60.2,0
2025-12-14T19:57:00.584,19.8,60.2,0
2025-12-14T19:57:02.838,19.8,60.1,0
2025-12-14T19:57:05.099,19.8,60.1,0
2025-12-14T19:57:07.359,19.8,60.1,0
2025-12-14T19:57:09.619,19.8,60.1,0
2025-12-14T19:57:11.879,19.8,60.0,0
2025-12-14T19:57:14.134,19.8,60.0,0
2025-12-14T19:57:16.388,19.8,60.1,0
2025-12-14T19:57:18.643,19.8,60.2,0
2025-12-14T19:57:20.898,19.8,60.3,0
2025-12-14T19:57:23.152,19.8,60.3,0
2025-12-14T19:57:25.407,19.8,60.3,0
2025-12-14T19:57:27.662,19.8,60.3,0
2025-12-14T19:57:29.916,19.8,60.3,0
2025-12-14T19:57:32.171,19.8,60.0,0
2025-12-14T19:57:34.426,19.8,59.8,0
2025-12-14T19:57:36.680,19.8,59.6,0
2025-12-14T19:57:38.935,19.8,59.6,0
2025-12-14T19:57:41.190,19.8,59.3,0
2025-12-14T19:57:43.444,19.8,59.2,0
2025-12-14T19:57:45.699,19.8,59.4,0
2025-12-14T19:57:47.954,19.8,59.6,0
2025-12-14T19:57:50.208,19.8,59.7,0
2025-12-14T19:57:52.463,19.8,59.8,0
2025-12-14T19:57:54.717,19.8,59.9,0
2025-12-14T19:57:56.972,19.8,59.9,0
2025-12-14T19:57:59.227,19.8,59.8,0
2025-12-14T19:58:01.482,19.8,59.8,0
2025-12-14T19:58:03.736,19.8,59.7,0
2025-12-14T19:58:05.991,19.8,59.7,0
2025-12-14T19:58:08.245,19.8,59.7,0
2025-12-14T19:58:10.503,19.8,59.8,0
2025-12-14T19:58:12.758,19.8,59.8,0
2025-12-14T19:58:15.015,19.8,59.7,0
2025-12-14T19:58:17.275,19.8,59.4,0
2025-12-14T19:58:19.535,19.8,59.0,0
2025-12-14T19:58:21.795,19.8,58.9,0
2025-12-14T19:58:24.055,19.8,58.9,0
2025-12-14T19:58:26.315,19.8,58.9,0
2025-12-14T19:58:28.569,19.8,58.9,0
2025-12-14T19:58:30.824,19.8,58.9,0
2025-12-14T19:58:33.078,19.8,58.9,0
2025-12-14T19:58:35.333,19.8,58.9,0
2025-12-14T19:58:37.587,19.8,58.9,0
2025-12-14T19:58:39.842,19.8,59.0,0
2025-12-14T19:58:42.099,19.8,58.9,0
2025-12-14T19:58:44.353,19.8,59.0,0
2025-12-14T19:58:46.611,19.8,59.0,0
2025-12-14T19:58:48.865,19.8,59.0,0
2025-12-14T19:58:51.123,19.8,59.0,0
2025-12-14T19:58:53.378,19.8,59.0,0
2025-12-14T19:58:55.632,19.8,58.9,0
2025-12-14T19:58:57.891,19.8,58.9,0
2025-12-14T19:59:00.151,19.7,58.7,0
2025-12-14T19:59:02.405,19.7,58.6,0
2025-12-14T19:59:04.660,19.7,58.4,0
2025-12-14T19:59:06.914,19.7,58.4,0
2025-12-14T19:59:09.171,19.7,58.4,0
2025-12-14T19:59:11.425,19.7,58.5,0
2025-12-14T19:59:13.683,19.7,58.6,0
2025-12-14T19:59:15.943,19.8,58.8,0
2025-12-14T19:59:18.203,19.7,58.8,0
2025-12-14T19:59:20.463,19.7,58.7,0
2025-12-14T19:59:22.723,19.7,58.7,0
2025-12-14T19:59:24.977,19.7,58.6,0
2025-12-14T19:59:27.235,19.7,58.6,0
2025-12-14T19:59:29.489,19.7,58.6,0
2025-12-14T19:59:31.744,19.7,58.7,0
2025-12-14T19:59:34.003,19.7,58.8,0
2025-12-14T19:59:36.257,19.7,58.8,0
2025-12-14T19:59:38.515,19.7,58.9,0
2025-12-14T19:59:40.770,19.7,58.8,0
2025-12-14T19:59:43.027,19.7,58.8,0
2025-12-14T19:59:45.287,19.7,58.8,0
2025-12-14T19:59:47.541,19.7,58.9,0
2025-12-14T19:59:49.796,19.7,58.9,0
2025-12-14T19:59:52.050,19.7,58.9,0
2025-12-14T19:59:54.307,19.7,58.9,0
2025-12-14T19:59:56.561,19.7,59.0,0
2025-12-14T19:59:58.816,19.7,59.1,0
2025-12-14T20:00:01.070,19.7,59.1,0
2025-12-14T20:00:03.327,19.7,59.0,0
2025-12-14T20:00:05.587,19.7,59.1,0
2025-12-14T20:00:07.841,19.7,59.1,0
2025-12-14T20:00:10.099,19.7,59.1,0
2025-12-14T20:00:12.359,19.7,59.1,0
2025-12-14T20:00:14.619,19.7,59.1,0
2025-12-14T20:00:16.879,19.7,59.0,0
2025-12-14T20:00:19.139,19.7,59.0,0
2025-12-14T20:00:21.393,19.7,59.0,0
2025-12-14T20:00:23.648,19.7,58.9,0
2025-12-14T20:00:25.903,19.7,58.9,0
2025-12-14T20:00:28.163,19.7,58.8,0
2025-12-14T20:00:30.417,19.7,58.8,0
2025-12-14T20:00:32.675,19.7,58.8,0
2025-12-14T20:00:34.935,19.7,58.8,0
2025-12-14T20:00:37.189,19.7,58.8,0
2025-12-14T20:00:39.444,19.7,58.7,0
2025-12-14T20:00:41.698,19.6,58.7,0
2025-12-14T20:00:43.955,19.7,58.8,0
2025-12-14T20:00:46.215,19.7,58.9,0
2025-12-14T20:00:48.475,19.7,58.7,0
2025-12-14T20:00:50.735,19.7,58.6,0
2025-12-14T20:00:52.995,19.7,58.7,0
2025-12-14T20:00:55.249,19.7,58.7,0
2025-12-14T20:00:57.504,19.7,58.7,0
2025-12-14T20:00:59.758,19.7,58.8,0
2025-12-14T20:01:02.015,19.7,58.8,0
2025-12-14T20:01:04.269,19.7,58.8,0
2025-12-14T20:01:06.527,19.7,58.7,0
2025-12-14T20:01:08.781,19.6,58.6,0
2025-12-14T20:01:11.036,19.6,58.6,0
2025-12-14T20:01:13.295,19.7,58.9,0
2025-12-14T20:01:15.555,19.6,59.0,0
2025-12-14T20:01:17.809,19.7,59.4,0
2025-12-14T20:01:20.067,19.7,59.5,0
2025-12-14T20:01:22.327,19.7,59.8,0
2025-12-14T20:01:24.581,19.7,59.9,0
2025-12-14T20:01:26.836,19.6,59.8,0
2025-12-14T20:01:29.095,19.7,59.9,0
2025-12-14T20:01:31.355,19.6,59.9,0
2025-12-14T20:01:33.615,19.7,60.0,0
2025-12-14T20:01:35.875,19.6,60.1,0
2025-12-14T20:01:38.129,19.7,60.2,0
2025-12-14T20:01:40.387,19.7,60.2,0
2025-12-14T20:01:42.647,19.6,60.2,0
2025-12-14T20:01:44.907,19.7,60.3,0
2025-12-14T20:01:47.163,19.7,60.3,0
2025-12-14T20:01:49.417,19.6,60.2,0
2025-12-14T20:01:51.675,19.6,60.2,0
2025-12-14T20:01:53.929,19.6,60.2,0
2025-12-14T20:01:56.184,19.6,60.2,0
2025-12-14T20:01:58.443,19.6,60.2,0
2025-12-14T20:02:00.697,19.6,60.2,0
2025-12-14T20:02:02.955,19.6,60.2,0
2025-12-14T20:02:05.215,,,0
2025-12-14T20:02:07.475,19.6,60.1,0
2025-12-14T20:02:09.729,19.6,60.0,0
2025-12-14T20:02:11.984,19.6,60.1,0
2025-12-14T20:02:14.243,19.6,60.2,0
2025-12-14T20:02:16.503,19.7,60.3,0
2025-12-14T20:02:18.763,19.7,60.3,0
2025-12-14T20:02:21.017,19.7,60.3,0
2025-12-14T20:02:23.275,19.7,60.3,0
2025-12-14T20:02:25.529,19.7,60.3,0
2025-12-14T20:02:27.787,19.7,60.3,0
2025-12-14T20:02:30.047,19.7,60.3,0
2025-12-14T20:02:32.301,19.7,60.3,0
2025-12-14T20:02:34.556,19.7,60.3,0
2025-12-14T20:02:36.815,19.7,60.3,0
2025-12-14T20:02:39.069,19.6,60.2,0
2025-12-14T20:02:41.324,19.6,60.2,0
2025-12-14T20:02:43.583,19.7,60.3,0
2025-12-14T20:02:45.837,19.7,60.3,0
2025-12-14T20:02:48.095,19.6,60.2,0
2025-12-14T20:02:50.355,19.6,60.2,0
2025-12-14T20:02:52.615,19.6,60.1,0
2025-12-14T20:02:54.875,19.7,60.1,0
2025-12-14T20:02:57.129,19.7,60.0,0
2025-12-14T20:02:59.384,19.7,59.9,0
2025-12-14T20:03:01.638,19.6,59.8,0
2025-12-14T20:03:03.892,19.6,59.8,0
2025-12-14T20:03:06.151,19.7,59.9,0
2025-12-14T20:03:08.411,19.7,59.9,0
2025-12-14T20:03:10.671,19.7,59.8,0
2025-12-14T20:03:12.925,19.6,59.7,0
2025-12-14T20:03:15.183,19.6,59.6,0
2025-12-14T20:03:17.443,19.6,59.4,0
2025-12-14T20:03:19.697,19.6,59.2,0
2025-12-14T20:03:21.955,19.6,58.9,0
2025-12-14T20:03:24.209,19.6,58.7,0
2025-12-14T20:03:26.467,19.7,58.8,0
2025-12-14T20:03:28.722,19.6,58.9,0
2025-12-14T20:03:30.979,19.6,59.0,0
2025-12-14T20:03:33.234,19.7,59.1,0
2025-12-14T20:03:35.488,19.7,59.0,0
2025-12-14T20:03:37.742,19.7,59.1,0
2025-12-14T20:03:39.999,19.7,59.2,0
2025-12-14T20:03:42.259,19.7,59.4,0
2025-12-14T20:03:44.519,19.6,59.4,0
2025-12-14T20:03:46.779,19.7,59.5,0
2025-12-14T20:03:49.039,19.6,59.6,0
2025-12-14T20:03:51.299,19.6,59.6,0
2025-12-14T20:03:53.553,19.6,59.6,0
2025-12-14T20:03:55.811,19.6,59.3,0
2025-12-14T20:03:58.065,19.6,59.3,0
2025-12-14T20:04:00.320,19.6,59.3,0
2025-12-14T20:04:02.574,19.7,59.4,0
2025-12-14T20:04:04.828,19.6,59.2,0
2025-12-14T20:04:07.083,19.7,59.3,0
2025-12-14T20:04:09.343,19.7,59.2,0
2025-12-14T20:04:11.597,19.7,59.2,0
2025-12-14T20:04:13.852,19.6,59.1,0
2025-12-14T20:04:16.111,19.6,59.0,0
2025-12-14T20:04:18.371,19.6,58.9,0
2025-12-14T20:04:20.631,19.6,58.9,0
2025-12-14T20:04:22.885,19.6,58.9,0
2025-12-14T20:04:25.143,19.6,58.8,0
2025-12-14T20:04:27.403,19.6,58.8,0
2025-12-14T20:04:29.663,19.6,58.8,0
2025-12-14T20:04:31.917,19.6,58.8,0
2025-12-14T20:04:34.175,,,0
2025-12-14T20:04:36.429,19.6,58.7,0
2025-12-14T20:04:38.687,19.6,58.7,0
2025-12-14T20:04:40.941,19.6,58.6,0
2025-12-14T20:04:43.199,19.6,58.6,0
2025-12-14T20:04:45.459,19.6,58.6,0
2025-12-14T20:04:47.713,19.6,58.7,0
2025-12-14T20:04:49.968,19.6,58.8,0
2025-12-14T20:04:52.222,19.6,58.9,0
2025-12-14T20:04:54.476,19.6,59.0,0
2025-12-14T20:04:56.731,19.6,59.0,0
2025-12-14T20:04:58.989,19.6,59.0,0
2025-12-14T20:05:01.244,19.6,59.0,0
2025-12-14T20:05:03.501,19.6,59.0,0
2025-12-14T20:05:05.759,19.6,59.0,0
2025-12-14T20:05:08.019,19.6,59.0,0
2025-12-14T20:05:10.279,19.6,59.0,0
2025-12-14T20:05:12.533,19.6,58.9,0
2025-12-14T20:05:14.791,19.6,59.0,0
2025-12-14T20:05:17.051,19.6,59.0,0
2025-12-14T20:05:19.311,19.6,59.0,0
2025-12-14T20:05:21.571,19.6,59.0,0
2025-12-14T20:05:23.826,19.6,59.0,0
2025-12-14T20:05:26.083,19.6,59.0,0
2025-12-14T20:05:28.337,19.6,59.0,0
2025-12-14T20:05:30.595,19.5,58.9,0
2025-12-14T20:05:32.849,19.6,58.9,0
2025-12-14T20:05:35.107,19.5,58.9,0
2025-12-14T20:05:37.362,19.6,58.9,0
2025-12-14T20:05:39.616,19.6,58.8,0
2025-12-14T20:05:41.875,19.5,58.8,0
2025-12-14T20:05:44.135,19.5,58.8,0
2025-12-14T20:05:46.389,19.6,58.9,0
2025-12-14T20:05:48.644,19.6,58.9,0
2025-12-14T20:05:50.898,19.6,58.9,0
2025-12-14T20:05:53.155,19.6,58.9,0
2025-12-14T20:05:55.415,19.6,58.8,0
2025-12-14T20:05:57.675,19.5,58.8,0
2025-12-14T20:05:59.929,19.6,58.9,0
2025-12-14T20:06:02.184,19.6,58.9,0
2025-12-14T20:06:04.438,19.6,59.0,0
2025-12-14T20:06:06.693,19.6,58.9,0
2025-12-14T20:06:08.947,19.6,59.0,0
2025-12-14T20:06:11.207,19.6,59.0,0
2025-12-14T20:06:13.461,19.6,59.1,0
2025-12-14T20:06:15.716,19.6,59.1,0
2025-12-14T20:06:17.975,19.6,59.1,0
2025-12-14T20:06:20.235,19.6,59.1,0
2025-12-14T20:06:22.495,19.5,59.0,0
2025-12-14T20:06:24.755,19.6,58.9,0
2025-12-14T20:06:27.009,19.5,58.8,0
2025-12-14T20:06:29.267,19.6,58.9,0
2025-12-14T20:06:31.527,19.5,58.8,0
2025-12-14T20:06:33.782,19.5,58.8,0
2025-12-14T20:06:36.036,19.6,58.9,0
2025-12-14T20:06:38.291,19.5,58.8,0
2025-12-14T20:06:40.546,19.5,58.8,0
2025-12-14T20:06:42.801,19.5,58.8,0
2025-12-14T20:06:45.059,19.6,59.0,0
2025-12-14T20:06:47.319,19.5,58.9,0
2025-12-14T20:06:49.573,19.6,58.9,0
2025-12-14T20:06:51.831,19.5,58.8,0
2025-12-14T20:06:54.091,19.5,58.8,0
2025-12-14T20:06:56.351,19.5,58.8,0
2025-12-14T20:06:58.611,19.5,58.8,0
2025-12-14T20:07:00.871,19.5,58.8,0
2025-12-14T20:07:03.131,19.5,58.7,0
2025-12-14T20:07:05.391,19.5,58.7,0
2025-12-14T20:07:07.645,19.5,58.7,0
2025-12-14T20:07:09.900,19.5,58.8,0
2025-12-14T20:07:12.154,19.5,58.8,0
2025-12-14T20:07:14.409,19.5,58.8,0
2025-12-14T20:07:16.663,19.5,58.9,0
2025-12-14T20:07:18.918,19.5,59.0,0
2025-12-14T20:07:21.173,19.5,58.9,0
2025-12-14T20:07:23.427,19.5,59.0,0
2025-12-14T20:07:25.682,19.5,59.0,0
2025-12-14T20:07:27.937,19.5,59.0,0
2025-12-14T20:07:30.192,19.5,58.9,0
2025-12-14T20:07:32.446,19.5,58.9,0
2025-12-14T20:07:34.701,19.5,58.9,0
2025-12-14T20:07:36.956,19.5,58.9,0
2025-12-14T20:07:39.210,19.5,58.9,0
2025-12-14T20:07:41.465,19.5,58.8,0
2025-12-14T20:07:43.720,19.5,58.9,0
2025-12-14T20:07:45.975,19.5,59.0,0
2025-12-14T20:07:48.229,19.5,59.1,0
2025-12-14T20:07:50.484,19.5,59.1,0
2025-12-14T20:07:52.739,19.5,59.0,0
2025-12-14T20:07:54.993,19.5,59.0,0
2025-12-14T20:07:57.248,19.5,59.0,0
2025-12-14T20:07:59.502,19.5,58.9,0
2025-12-14T20:08:01.757,19.5,58.9,0
2025-12-14T20:08:04.012,19.5,59.0,0
2025-12-14T20:08:06.267,19.5,59.0,0
2025-12-14T20:08:08.521,19.5,58.9,0
2025-12-14T20:08:10.776,19.5,59.0,0
2025-12-14T20:08:13.035,19.5,59.0,0
2025-12-14T20:08:15.289,19.5,59.0,0
2025-12-14T20:08:17.547,19.5,59.0,0
2025-12-14T20:08:19.802,19.5,58.9,0
2025-12-14T20:08:22.056,19.5,58.9,0
2025-12-14T20:08:24.315,19.5,58.9,0
2025-12-14T20:08:26.575,19.5,58.9,0
2025-12-14T20:08:28.835,19.5,58.9,0
2025-12-14T20:08:31.095,19.5,58.9,0
2025-12-14T20:08:33.349,19.5,58.9,0
2025-12-14T20:08:35.607,19.5,58.9,0
2025-12-14T20:08:37.862,19.5,58.8,0
2025-12-14T20:08:40.116,19.5,58.9,0
2025-12-14T20:08:42.370,19.5,58.9,0
2025-12-14T20:08:44.625,19.5,58.9,0
2025-12-14T20:08:46.883,19.5,58.8,0
2025-12-14T20:08:49.143,19.5,58.8,0
2025-12-14T20:08:51.397,19.5,58.8,0
2025-12-14T20:08:53.652,19.5,58.8,0
2025-12-14T20:08:55.906,19.5,58.9,0
2025-12-14T20:08:58.163,19.5,59.0,0
2025-12-14T20:09:00.423,19.5,59.0,0
2025-12-14T20:09:02.683,19.5,59.0,0
2025-12-14T20:09:04.943,19.5,59.1,0
2025-12-14T20:09:07.198,19.5,59.1,0
2025-12-14T20:09:09.455,19.5,59.1,0
2025-12-14T20:09:11.715,19.5,59.1,0
2025-12-14T20:09:13.975,19.5,59.0,0
2025-12-14T20:09:16.229,19.5,59.1,0
2025-12-14T20:09:18.487,19.5,59.0,0
2025-12-14T20:09:20.742,19.5,59.0,0
2025-12-14T20:09:22.996,19.5,59.0,0
2025-12-14T20:09:25.250,19.5,58.9,0
2025-12-14T20:09:27.505,19.5,58.9,0
2025-12-14T20:09:29.759,19.5,58.9,0
2025-12-14T20:09:32.014,19.5,58.9,0
2025-12-14T20:09:34.268,19.5,58.9,0
2025-12-14T20:09:36.527,19.5,58.9,0
2025-12-14T20:09:38.787,19.5,58.9,0
2025-12-14T20:09:41.047,19.5,58.8,0
2025-12-14T20:09:43.307,19.5,58.9,0
2025-12-14T20:09:45.562,19.5,59.0,0
2025-12-14T20:09:47.816,19.5,58.9,0
2025-12-14T20:09:50.075,19.5,58.9,0
2025-12-14T20:09:52.329,19.5,58.9,0
2025-12-14T20:09:54.587,19.5,58.9,0
2025-12-14T20:09:56.842,19.5,59.0,0
2025-12-14T20:09:59.097,19.5,59.0,0
2025-12-14T20:10:01.351,19.5,59.0,0
2025-12-14T20:10:03.606,19.5,58.9,0
2025-12-14T20:10:05.861,19.5,58.9,0
2025-12-14T20:10:08.116,19.5,59.0,0
2025-12-14T20:10:10.370,19.5,59.0,0
2025-12-14T20:10:12.625,19.5,59.0,0
2025-12-14T20:10:14.880,19.5,58.9,0
2025-12-14T20:10:17.134,19.5,59.0,0
2025-12-14T20:10:19.389,19.5,58.9,0
2025-12-14T20:10:21.644,19.5,58.8,0
2025-12-14T20:10:23.899,19.5,58.9,0
2025-12-14T20:10:26.153,19.5,58.9,0
2025-12-14T20:10:28.408,19.5,58.9,0
2025-12-14T20:10:30.663,19.5,58.9,0
2025-12-14T20:10:32.917,19.5,58.9,0
2025-12-14T20:10:35.172,19.5,58.8,0
2025-12-14T20:10:37.427,19.5,58.8,0
2025-12-14T20:10:39.681,19.5,58.8,0
2025-12-14T20:10:41.936,19.5,58.8,0
2025-12-14T20:10:44.191,19.5,58.7,0
2025-12-14T20:10:46.446,19.5,58.7,0
2025-12-14T20:10:48.700,19.5,58.7,0
2025-12-14T20:10:50.955,19.5,58.7,0
2025-12-14T20:10:53.210,19.5,58.7,0
2025-12-14T20:10:55.464,19.5,58.8,0
2025-12-14T20:10:57.719,19.5,58.8,0
2025-12-14T20:10:59.974,19.5,58.7,0
2025-12-14T20:11:02.228,19.5,58.8,0
2025-12-14T20:11:04.483,19.5,58.7,0
2025-12-14T20:11:06.738,19.5,58.7,0
2025-12-14T20:11:08.992,19.5,58.7,0
2025-12-14T20:11:11.247,19.5,58.7,0
2025-12-14T20:11:13.502,19.5,58.7,0
2025-12-14T20:11:15.756,19.5,58.8,0
2025-12-14T20:11:18.011,19.5,58.8,0
2025-12-14T20:11:20.266,19.5,58.9,0
2025-12-14T20:11:22.521,19.5,58.9,0
2025-12-14T20:11:24.775,19.5,58.9,0
2025-12-14T20:11:27.030,19.5,58.8,0
2025-12-14T20:11:29.285,19.5,58.8,0
2025-12-14T20:11:31.539,19.5,58.8,0
2025-12-14T20:11:33.794,19.5,58.8,0
2025-12-14T20:11:36.049,19.5,58.6,0
2025-12-14T20:11:38.303,19.5,58.5,0
2025-12-14T20:11:40.558,19.5,58.5,0
2025-12-14T20:11:42.813,19.5,58.5,0
2025-12-14T20:11:45.067,19.5,58.5,0
2025-12-14T20:11:47.322,19.5,58.5,0
2025-12-14T20:11:49.577,19.5,58.4,0
2025-12-14T20:11:51.832,19.5,58.5,0
2025-12-14T20:11:54.086,19.5,58.5,0
2025-12-14T20:11:56.341,19.5,58.6,0
2025-12-14T20:11:58.595,19.5,58.7,0
2025-12-14T20:12:00.850,19.5,58.8,0
2025-12-14T20:12:03.105,19.5,58.8,0
2025-12-14T20:12:05.360,19.5,58.8,0
2025-12-14T20:12:07.614,19.5,58.8,0
2025-12-14T20:12:09.869,19.5,58.9,0
2025-12-14T20:12:12.124,19.5,58.8,0
2025-12-14T20:12:14.378,19.5,58.8,0
2025-12-14T20:12:16.633,19.5,58.8,0
2025-12-14T20:12:18.888,19.5,58.7,0
2025-12-14T20:12:21.142,19.5,58.6,0
2025-12-14T20:12:23.397,19.5,58.5,0
2025-12-14T20:12:25.652,19.5,58.4,0
2025-12-14T20:12:27.906,19.5,58.4,0
2025-12-14T20:12:30.161,19.5,58.4,0
2025-12-14T20:12:32.416,19.5,58.4,0
2025-12-14T20:12:34.670,19.5,58.5,0
2025-12-14T20:12:36.925,19.5,58.5,0
2025-12-14T20:12:39.180,19.5,58.6,0
2025-12-14T20:12:41.435,19.5,58.7,0
2025-12-14T20:12:43.689,19.5,58.7,0
2025-12-14T20:12:45.944,19.5,58.6,0
2025-12-14T20:12:48.198,19.5,58.5,0
2025-12-14T20:12:50.453,19.5,58.5,0
2025-12-14T20:12:52.708,19.5,58.6,0
2025-12-14T20:12:54.963,19.5,58.6,0
2025-12-14T20:12:57.217,19.5,58.6,0
2025-12-14T20:12:59.472,19.5,58.6,0
2025-12-14T20:13:01.727,,,0
2025-12-14T20:13:03.981,19.5,58.7,0
2025-12-14T20:13:06.236,19.5,58.6,0
2025-12-14T20:13:08.491,19.5,58.5,0
2025-12-14T20:13:10.745,19.5,58.5,0
2025-12-14T20:13:13.000,19.5,58.5,0
2025-12-14T20:13:15.255,19.5,58.5,0
2025-12-14T20:13:17.510,19.5,58.5,0
2025-12-14T20:13:19.764,19.5,58.4,0
2025-12-14T20:13:22.019,19.5,58.4,0
2025-12-14T20:13:24.274,19.5,58.4,0
2025-12-14T20:13:26.528,19.5,58.3,0
2025-12-14T20:13:28.783,19.5,58.0,0
2025-12-14T20:13:31.038,19.5,58.0,0
2025-12-14T20:13:33.292,19.5,58.0,0
2025-12-14T20:13:35.547,19.5,57.9,0
2025-12-14T20:13:37.802,19.5,58.0,0
2025-12-14T20:13:40.057,19.5,58.1,0
2025-12-14T20:13:42.311,19.5,58.1,0
2025-12-14T20:13:44.566,19.5,58.2,0
2025-12-14T20:13:46.821,19.5,58.3,0
2025-12-14T20:13:49.075,19.5,58.3,0
2025-12-14T20:13:51.330,19.5,58.4,0
2025-12-14T20:13:53.585,19.5,58.5,0
2025-12-14T20:13:55.839,19.5,58.5,0
2025-12-14T20:13:58.094,19.5,58.5,0
2025-12-14T20:14:00.349,19.5,58.4,0
2025-12-14T20:14:02.603,19.5,58.4,0
2025-12-14T20:14:04.858,19.5,58.4,0
2025-12-14T20:14:07.113,19.5,58.2,0
2025-12-14T20:14:09.368,19.5,58.1,0
2025-12-14T20:14:11.622,19.5,58.2,0
2025-12-14T20:14:13.877,19.5,58.2,0
2025-12-14T20:14:16.132,19.5,58.2,0
2025-12-14T20:14:18.386,19.5,58.2,0
2025-12-14T20:14:20.641,19.5,58.2,0
2025-12-14T20:14:22.896,19.5,58.3,0
2025-12-14T20:14:25.150,19.5,58.4,0
2025-12-14T20:14:27.405,19.5,58.4,0
2025-12-14T20:14:29.660,19.5,58.5,0
2025-12-14T20:14:31.915,19.5,58.5,0
2025-12-14T20:14:34.169,19.5,58.4,0
2025-12-14T20:14:36.424,19.5,58.4,0
2025-12-14T20:14:38.679,19.5,58.4,0
2025-12-14T20:14:40.933,19.4,58.3,0
2025-12-14T20:14:43.188,19.5,58.4,0
2025-12-14T20:14:45.443,19.5,58.4,0
2025-12-14T20:14:47.697,19.5,58.4,0
2025-12-14T20:14:49.952,19.5,58.3,0
2025-12-14T20:14:52.207,19.5,58.3,0
2025-12-14T20:14:54.461,19.5,58.2,0
2025-12-14T20:14:56.716,19.5,58.2,0
2025-12-14T20:14:58.971,19.4,58.0,0
2025-12-14T20:15:01.225,19.5,58.1,0
2025-12-14T20:15:03.480,19.5,58.2,0
2025-12-14T20:15:05.735,19.5,58.2,0
2025-12-14T20:15:07.989,19.5,58.2,0
2025-12-14T20:15:10.244,19.5,58.2,0
2025-12-14T20:15:12.499,19.5,58.2,0
2025-12-14T20:15:14.753,19.5,58.2,0
2025-12-14T20:15:17.008,19.4,58.3,0
2025-12-14T20:15:19.262,19.5,58.4,0
2025-12-14T20:15:21.517,19.5,58.4,0
2025-12-14T20:15:23.772,19.5,58.5,0
2025-12-14T20:15:26.027,19.5,58.6,0
2025-12-14T20:15:28.281,19.5,58.6,0
2025-12-14T20:15:30.536,19.5,58.7,0
2025-12-14T20:15:32.791,19.5,58.7,0
2025-12-14T20:15:35.046,19.5,58.7,0
2025-12-14T20:15:37.301,19.5,58.6,0
2025-12-14T20:15:39.555,19.4,58.6,0
2025-12-14T20:15:41.810,19.5,58.7,0
2025-12-14T20:15:44.065,19.5,58.7,0
2025-12-14T20:15:46.320,19.5,58.6,0
2025-12-14T20:15:48.574,19.5,58.6,0
2025-12-14T20:15:50.829,19.5,58.6,0
2025-12-14T20:15:53.084,19.5,58.6,0
2025-12-14T20:15:55.339,19.5,58.6,0
2025-12-14T20:15:57.594,19.5,58.6,0
2025-12-14T20:15:59.848,19.5,58.7,0
2025-12-14T20:16:02.103,19.5,58.6,0
2025-12-14T20:16:04.358,19.5,58.6,0
2025-12-14T20:16:06.612,19.5,58.4,0
2025-12-14T20:16:08.867,19.5,58.2,0
2025-12-14T20:16:11.122,19.5,58.2,0
2025-12-14T20:16:13.377,19.5,58.2,0
2025-12-14T20:16:15.631,19.5,58.2,0
2025-12-14T20:16:17.886,19.5,58.2,0
2025-12-14T20:16:20.141,19.5,58.2,0
2025-12-14T20:16:22.396,19.5,58.3,0
2025-12-14T20:16:24.651,19.5,58.4,0
2025-12-14T20:16:26.906,19.5,58.4,0
2025-12-14T20:16:29.160,19.5,58.4,0
2025-12-14T20:16:31.415,19.5,58.4,0
2025-12-14T20:16:33.670,19.5,58.5,0
2025-12-14T20:16:35.924,19.5,58.5,0
2025-12-14T20:16:38.179,19.5,58.5,0
2025-12-14T20:16:40.434,19.5,58.5,0
2025-12-14T20:16:42.688,19.5,58.5,0
2025-12-14T20:16:44.943,19.5,58.6,0
2025-12-14T20:16:47.198,19.5,58.5,0
2025-12-14T20:16:49.453,19.5,58.6,0
2025-12-14T20:16:51.708,19.5,58.6,0
2025-12-14T20:16:53.962,19.5,58.6,0
2025-12-14T20:16:56.217,19.4,58.6,0
2025-12-14T20:16:58.472,19.5,58.7,0
2025-12-14T20:17:00.727,19.5,58.7,0
2025-12-14T20:17:02.981,19.5,58.5,0
2025-12-14T20:17:05.236,19.5,58.4,0
2025-12-14T20:17:07.491,19.5,58.3,0
2025-12-14T20:17:09.746,19.5,58.3,0
2025-12-14T20:17:12.001,19.5,58.3,0
2025-12-14T20:17:14.256,19.5,58.4,0
2025-12-14T20:17:16.510,19.5,58.4,0
2025-12-14T20:17:18.765,19.5,58.3,0
2025-12-14T20:17:21.020,19.5,58.3,0
2025-12-14T20:17:23.275,19.5,58.3,0
2025-12-14T20:17:25.530,19.5,58.4,0
2025-12-14T20:17:27.784,19.5,58.4,0
2025-12-14T20:17:30.039,19.5,58.2,0
2025-12-14T20:17:32.294,19.5,58.2,0
2025-12-14T20:17:34.549,19.5,58.1,0
2025-12-14T20:17:36.804,19.5,58.1,0
2025-12-14T20:17:39.059,19.4,58.1,0
2025-12-14T20:17:41.314,19.5,58.1,0
2025-12-14T20:17:43.568,19.5,58.2,0
2025-12-14T20:17:45.823,19.5,58.1,0
2025-12-14T20:17:48.078,19.5,58.1,0
2025-12-14T20:17:50.333,19.5,58.1,0
2025-12-14T20:17:52.588,19.5,58.1,0
2025-12-14T20:17:54.842,19.5,58.0,0
2025-12-14T20:17:57.097,19.5,57.9,0
2025-12-14T20:17:59.352,19.5,57.8,0
2025-12-14T20:18:01.607,19.5,57.7,0
2025-12-14T20:18:03.861,19.5,57.7,0
2025-12-14T20:18:06.116,19.5,57.7,0
2025-12-14T20:18:08.371,19.5,57.7,0
2025-12-14T20:18:10.626,19.5,57.7,0
2025-12-14T20:18:12.881,19.5,57.7,0
2025-12-14T20:18:15.136,19.5,57.6,0
2025-12-14T20:18:17.390,19.5,57.7,0
2025-12-14T20:18:19.645,19.5,57.8,0
2025-12-14T20:18:21.900,19.5,57.7,0
2025-12-14T20:18:24.155,19.5,57.5,0
2025-12-14T20:18:26.409,19.5,57.5,0
2025-12-14T20:18:28.664,19.5,57.5,0
2025-12-14T20:18:30.919,19.5,57.5,0
2025-12-14T20:18:33.174,19.5,57.4,0
2025-12-14T20:18:35.429,19.5,57.1,0
2025-12-14T20:18:37.683,19.5,56.9,0
2025-12-14T20:18:39.938,19.5,56.9,0
2025-12-14T20:18:42.193,19.5,57.0,0
2025-12-14T20:18:44.448,19.5,57.0,0
2025-12-14T20:18:46.702,19.4,57.1,0
2025-12-14T20:18:48.957,19.5,57.2,0
2025-12-14T20:18:51.212,19.5,57.3,0
2025-12-14T20:18:53.467,19.5,57.3,0
2025-12-14T20:18:55.722,19.4,57.2,0
2025-12-14T20:18:57.976,19.5,57.3,0
2025-12-14T20:19:00.231,19.5,57.3,0
2025-12-14T20:19:02.486,19.5,57.3,0
2025-12-14T20:19:04.741,19.5,57.2,0
2025-12-14T20:19:06.996,19.5,57.2,0
2025-12-14T20:19:09.250,19.5,57.0,0
2025-12-14T20:19:11.505,19.5,56.9,0
2025-12-14T20:19:13.760,19.5,56.7,0
2025-12-14T20:19:16.015,19.5,56.5,0
2025-12-14T20:19:18.269,19.5,56.4,0
2025-12-14T20:19:20.524,19.5,56.3,0
2025-12-14T20:19:22.779,19.5,56.2,0
2025-12-14T20:19:25.034,19.5,56.2,0
2025-12-14T20:19:27.288,19.4,56.3,0
2025-12-14T20:19:29.543,19.5,56.3,0
2025-12-14T20:19:31.797,19.5,56.4,0
2025-12-14T20:19:34.052,19.5,56.4,0
2025-12-14T20:19:36.307,19.5,56.3,0
2025-12-14T20:19:38.562,19.5,56.2,0
2025-12-14T20:19:40.817,19.5,56.2,0
2025-12-14T20:19:43.072,19.5,56.4,0
2025-12-14T20:19:45.326,19.5,56.3,0
2025-12-14T20:19:47.581,,,0
2025-12-14T20:19:49.836,19.4,56.3,0
2025-12-14T20:19:52.091,19.4,56.2,0
2025-12-14T20:19:54.345,19.4,56.1,0
2025-12-14T20:19:56.600,19.4,56.0,0
2025-12-14T20:19:58.855,19.4,56.0,0
2025-12-14T20:20:01.110,19.5,56.1,0
2025-12-14T20:20:03.364,19.4,56.1,0
2025-12-14T20:20:05.619,19.4,56.1,0
2025-12-14T20:20:07.874,19.4,56.0,0
2025-12-14T20:20:10.129,19.4,56.0,0
2025-12-14T20:20:12.384,19.4,56.0,0
2025-12-14T20:20:14.638,19.4,56.0,0
2025-12-14T20:20:16.893,19.4,55.9,0
2025-12-14T20:20:19.148,19.4,55.8,0
2025-12-14T20:20:21.403,19.4,55.7,0
2025-12-14T20:20:23.657,19.4,55.6,0
2025-12-14T20:20:25.912,19.4,55.6,0
2025-12-14T20:20:28.167,19.4,55.7,0
2025-12-14T20:20:30.422,19.4,55.6,0
2025-12-14T20:20:32.676,19.4,55.5,0
2025-12-14T20:20:34.931,19.5,55.6,0
2025-12-14T20:20:37.186,19.4,55.6,0
2025-12-14T20:20:39.441,19.4,55.6,0
2025-12-14T20:20:41.696,,,0
2025-12-14T20:20:43.950,19.4,55.8,0
2025-12-14T20:20:46.205,19.4,55.9,0
2025-12-14T20:20:48.460,19.4,56.1,0
2025-12-14T20:20:50.715,19.4,56.1,0
2025-12-14T20:20:52.969,19.4,56.2,0
2025-12-14T20:20:55.224,19.4,56.3,0
2025-12-14T20:20:57.479,19.4,56.4,0
2025-12-14T20:20:59.735,19.4,56.5,0
2025-12-14T20:21:01.995,19.4,56.7,0
2025-12-14T20:21:04.255,19.4,56.8,0
2025-12-14T20:21:06.509,19.4,56.8,0
2025-12-14T20:21:08.764,,,0
2025-12-14T20:21:11.023,19.4,56.6,0
2025-12-14T20:21:13.277,19.4,56.6,0
2025-12-14T20:21:15.532,19.4,56.6,0
2025-12-14T20:21:17.791,19.4,56.4,0
2025-12-14T20:21:20.045,19.4,56.4,0
2025-12-14T20:21:22.300,19.4,56.3,0
2025-12-14T20:21:24.554,19.4,56.4,0
2025-12-14T20:21:26.811,19.4,56.4,0
2025-12-14T20:21:29.071,19.5,56.3,0
2025-12-14T20:21:31.331,19.4,56.2,0
2025-12-14T20:21:33.585,19.4,56.3,0
2025-12-14T20:21:35.843,19.4,56.4,0
2025-12-14T20:21:38.103,19.4,56.5,0
2025-12-14T20:21:40.363,19.4,56.4,0
2025-12-14T20:21:42.623,19.4,56.5,0
2025-12-14T20:21:44.879,19.4,56.6,0
2025-12-14T20:21:47.139,19.4,56.6,0
2025-12-14T20:21:49.399,19.4,56.6,0
2025-12-14T20:21:51.654,19.4,56.7,0
2025-12-14T20:21:53.909,19.4,56.6,0
2025-12-14T20:21:56.164,19.4,56.6,0
2025-12-14T20:21:58.418,19.4,56.6,0
2025-12-14T20:22:00.673,19.4,56.5,0
2025-12-14T20:22:02.928,19.4,56.6,0
2025-12-14T20:22:05.183,19.4,56.4,0
2025-12-14T20:22:07.437,19.4,56.3,0
2025-12-14T20:22:09.692,19.4,56.1,0
2025-12-14T20:22:11.947,19.4,56.2,0
2025-12-14T20:22:14.201,19.4,56.1,0
2025-12-14T20:22:16.456,19.4,56.1,0
2025-12-14T20:22:18.711,19.4,56.0,0
2025-12-14T20:22:20.966,19.4,56.0,0
2025-12-14T20:22:23.221,19.4,56.0,0
2025-12-14T20:22:25.475,19.4,56.0,0
2025-12-14T20:22:27.730,19.4,56.0,0
2025-12-14T20:22:29.985,19.4,56.1,0
2025-12-14T20:22:32.243,19.4,56.2,0
2025-12-14T20:22:34.497,19.4,56.2,0
2025-12-14T20:22:36.752,,,0
2025-12-14T20:22:39.011,19.4,56.2,0
2025-12-14T20:22:41.271,19.4,56.2,0
2025-12-14T20:22:43.525,19.4,56.2,0
2025-12-14T20:22:45.780,19.4,56.1,0
2025-12-14T20:22:48.039,19.4,56.2,0
2025-12-14T20:22:50.293,19.4,56.1,0
2025-12-14T20:22:52.548,19.4,55.9,0
2025-12-14T20:22:54.807,19.4,56.0,0
2025-12-14T20:22:57.062,19.4,55.9,0
2025-12-14T20:22:59.319,19.4,55.9,0
2025-12-14T20:23:01.573,19.4,55.9,0
2025-12-14T20:23:03.828,19.4,56.0,0
2025-12-14T20:23:06.082,19.4,56.0,0
2025-12-14T20:23:08.337,19.4,55.9,0
2025-12-14T20:23:10.592,19.4,55.9,0
2025-12-14T20:23:12.847,19.4,56.0,0
2025-12-14T20:23:15.101,19.4,56.1,0
2025-12-14T20:23:17.356,19.4,56.0,0
2025-12-14T20:23:19.611,19.4,56.0,0
2025-12-14T20:23:21.866,19.4,55.9,0
2025-12-14T20:23:24.120,19.4,56.0,0
2025-12-14T20:23:26.375,19.4,56.0,0
2025-12-14T20:23:28.630,19.4,56.0,0
2025-12-14T20:23:30.885,19.4,56.0,0
2025-12-14T20:23:33.140,19.4,56.0,0
2025-12-14T20:23:35.394,19.4,56.1,0
2025-12-14T20:23:37.649,19.4,56.1,0
2025-12-14T20:23:39.904,19.4,56.1,0
2025-12-14T20:23:42.158,19.4,56.4,0
2025-12-14T20:23:44.413,19.4,56.7,0
2025-12-14T20:23:46.668,19.4,56.7,0
2025-12-14T20:23:48.923,19.4,56.7,0
2025-12-14T20:23:51.177,19.4,56.8,0
2025-12-14T20:23:53.432,19.4,56.7,0
2025-12-14T20:23:55.687,19.4,56.5,0
2025-12-14T20:23:57.942,19.4,56.4,0
2025-12-14T20:24:00.197,19.4,56.4,0
2025-12-14T20:24:02.451,19.4,56.4,0
2025-12-14T20:24:04.706,19.4,56.4,0
2025-12-14T20:24:06.961,19.4,56.3,0
2025-12-14T20:24:09.215,19.4,56.2,0
2025-12-14T20:24:11.470,19.4,56.3,0
2025-12-14T20:24:13.725,19.4,56.5,0
2025-12-14T20:24:15.980,19.4,56.7,0
2025-12-14T20:24:18.237,19.4,56.7,0
2025-12-14T20:24:20.492,19.4,56.8,0
2025-12-14T20:24:22.746,19.4,56.7,0
2025-12-14T20:24:25.003,19.4,56.6,0
2025-12-14T20:24:27.263,19.4,56.5,0
2025-12-14T20:24:29.523,19.4,56.4,0
2025-12-14T20:24:31.778,19.4,56.5,0
2025-12-14T20:24:34.035,19.4,56.6,0
2025-12-14T20:24:36.289,19.4,56.8,0
2025-12-14T20:24:38.544,19.4,56.8,0
2025-12-14T20:24:40.798,19.4,57.0,0
2025-12-14T20:24:43.055,19.4,57.1,0
2025-12-14T20:24:45.315,19.4,57.1,0
2025-12-14T20:24:47.569,19.4,57.0,0
2025-12-14T20:24:49.824,19.4,56.9,0
2025-12-14T20:24:52.078,19.4,56.7,0
2025-12-14T20:24:54.333,19.4,56.8,0
2025-12-14T20:24:56.587,19.4,56.8,0
2025-12-14T20:24:58.842,19.4,56.6,0
2025-12-14T20:25:01.099,19.4,56.6,0
2025-12-14T20:25:03.353,19.4,56.6,0
2025-12-14T20:25:05.611,19.4,56.7,0
2025-12-14T20:25:07.866,19.4,56.6,0
2025-12-14T20:25:10.120,19.4,56.4,0
2025-12-14T20:25:12.379,19.4,56.2,0
2025-12-14T20:25:14.634,19.4,56.1,0
2025-12-14T20:25:16.888,19.4,56.1,0
2025-12-14T20:25:19.142,19.4,56.1,0
2025-12-14T20:25:21.397,19.4,56.0,0
2025-12-14T20:25:23.655,19.4,56.2,0
2025-12-14T20:25:25.909,19.4,56.4,0
2025-12-14T20:25:28.164,19.4,56.5,0
2025-12-14T20:25:30.423,19.4,56.4,0
2025-12-14T20:25:32.683,19.4,56.5,0
2025-12-14T20:25:34.943,19.4,56.6,0
2025-12-14T20:25:37.197,19.4,56.6,0
2025-12-14T20:25:39.452,19.4,56.6,0
2025-12-14T20:25:41.706,19.4,56.5,0
2025-12-14T20:25:43.963,19.4,56.5,0
2025-12-14T20:25:46.217,19.4,56.5,0
2025-12-14T20:25:48.475,19.4,56.6,0
2025-12-14T20:25:50.735,19.4,56.6,0
2025-12-14T20:25:52.990,19.4,56.6,0
2025-12-14T20:25:55.244,19.4,56.6,0
2025-12-14T20:25:57.503,19.4,56.7,0
2025-12-14T20:25:59.757,19.4,56.8,0
2025-12-14T20:26:02.012,19.4,56.8,0
2025-12-14T20:26:04.266,19.4,56.9,0
2025-12-14T20:26:06.521,19.4,57.0,0
2025-12-14T20:26:08.779,19.4,57.0,0
2025-12-14T20:26:11.039,19.4,57.1,0
2025-12-14T20:26:13.293,19.4,57.0,0
2025-12-14T20:26:15.548,19.4,57.2,0
2025-12-14T20:26:17.807,19.4,57.3,0
2025-12-14T20:26:20.063,19.4,57.3,0
2025-12-14T20:26:22.317,19.4,57.3,0
2025-12-14T20:26:24.572,19.4,57.4,0
2025-12-14T20:26:26.831,19.4,57.3,0
2025-12-14T20:26:29.086,19.4,57.4,0
2025-12-14T20:26:31.343,19.4,57.4,0
2025-12-14T20:26:33.603,19.4,57.4,0
2025-12-14T20:26:35.863,19.4,57.4,0
2025-12-14T20:26:38.123,19.4,57.4,0
2025-12-14T20:26:40.383,19.4,57.4,0
2025-12-14T20:26:42.643,19.4,57.4,0
2025-12-14T20:26:44.903,19.4,57.5,0
2025-12-14T20:26:47.157,19.4,57.6,0
2025-12-14T20:26:49.415,19.4,57.6,0
2025-12-14T20:26:51.669,19.4,57.6,0
2025-12-14T20:26:53.924,19.4,57.5,0
2025-12-14T20:26:56.178,19.4,57.3,0
2025-12-14T20:26:58.435,19.4,57.2,0
2025-12-14T20:27:00.689,19.4,57.2,0
2025-12-14T20:27:02.944,19.4,57.2,0
2025-12-14T20:27:05.203,19.4,57.2,0
2025-12-14T20:27:07.457,19.4,57.2,0
2025-12-14T20:27:09.715,19.4,57.2,0
2025-12-14T20:27:11.975,19.4,57.1,0
2025-12-14T20:27:14.235,,,0
2025-12-14T20:27:16.489,19.4,57.2,0
2025-12-14T20:27:18.744,19.4,57.2,0
2025-12-14T20:27:20.998,19.4,57.3,0
2025-12-14T20:27:23.253,19.4,57.4,0
2025-12-14T20:27:25.511,19.4,57.3,0
2025-12-14T20:27:27.765,19.4,57.2,0
2025-12-14T20:27:30.020,19.4,57.2,0
2025-12-14T20:27:32.274,19.4,57.0,0
2025-12-14T20:27:34.529,19.4,57.0,0
2025-12-14T20:27:36.787,19.4,57.1,0
2025-12-14T20:27:39.041,19.4,57.2,0
2025-12-14T20:27:41.296,19.4,57.2,0
2025-12-14T20:27:43.555,19.4,57.2,0
2025-12-14T20:27:45.809,19.4,57.1,0
2025-12-14T20:27:48.067,19.4,57.0,0
2025-12-14T20:27:50.321,19.4,57.1,0
2025-12-14T20:27:52.579,19.4,57.1,0
2025-12-14T20:27:54.839,19.4,57.1,0
2025-12-14T20:27:57.094,19.4,57.3,0
2025-12-14T20:27:59.348,19.4,57.2,0
2025-12-14T20:28:01.605,19.4,57.1,0
2025-12-14T20:28:03.863,19.4,57.0,0
2025-12-14T20:28:06.118,19.4,57.0,0
2025-12-14T20:28:08.373,19.4,56.8,0
2025-12-14T20:28:10.628,19.4,56.7,0
2025-12-14T20:28:12.882,19.4,56.6,0
2025-12-14T20:28:15.137,19.4,56.4,0
2025-12-14T20:28:17.392,19.4,56.5,0
2025-12-14T20:28:19.647,19.4,56.5,0
2025-12-14T20:28:21.902,19.4,56.4,0
2025-12-14T20:28:24.157,19.4,56.3,0
2025-12-14T20:28:26.411,19.4,56.9,0
2025-12-14T20:28:28.666,19.4,57.5,0
2025-12-14T20:28:30.921,19.4,58.0,0
2025-12-14T20:28:33.176,19.4,58.4,0
2025-12-14T20:28:35.431,19.4,58.7,0
2025-12-14T20:28:37.685,19.5,59.0,0
2025-12-14T20:28:39.940,19.4,59.1,0
2025-12-14T20:28:42.195,19.4,59.3,0
2025-12-14T20:28:44.449,19.5,59.4,0
2025-12-14T20:28:46.704,19.4,59.5,0
2025-12-14T20:28:48.959,19.5,59.4,0
2025-12-14T20:28:51.214,19.5,59.2,0
2025-12-14T20:28:53.469,19.5,59.1,0
2025-12-14T20:28:55.723,19.5,59.1,0
2025-12-14T20:28:57.978,19.5,59.0,0
2025-12-14T20:29:00.233,19.5,58.7,0
2025-12-14T20:29:02.488,19.5,58.3,0
2025-12-14T20:29:04.743,19.5,58.0,0
2025-12-14T20:29:06.997,19.5,57.7,0
2025-12-14T20:29:09.252,19.5,57.5,0
2025-12-14T20:29:11.507,19.5,57.4,0
2025-12-14T20:29:13.762,19.5,57.4,0
2025-12-14T20:29:16.017,19.5,57.3,0
2025-12-14T20:29:18.272,19.5,57.4,0
2025-12-14T20:29:20.526,19.5,57.3,0
2025-12-14T20:29:22.781,19.5,57.2,0
2025-12-14T20:29:25.036,19.5,57.2,0
2025-12-14T20:29:27.291,19.5,56.9,0
2025-12-14T20:29:29.546,19.5,56.9,0
2025-12-14T20:29:31.800,19.5,56.9,0
2025-12-14T20:29:34.055,19.5,57.0,0
2025-12-14T20:29:36.310,19.5,57.2,0
2025-12-14T20:29:38.565,19.5,57.3,0
2025-12-14T20:29:40.819,19.5,57.4,0
2025-12-14T20:29:43.074,19.5,57.5,0
2025-12-14T20:29:45.329,19.5,57.6,0
2025-12-14T20:29:47.584,19.5,57.6,0
2025-12-14T20:29:49.839,19.5,57.6,0
2025-12-14T20:29:52.094,19.5,57.7,0
2025-12-14T20:29:54.348,19.5,57.7,0
2025-12-14T20:29:56.603,19.5,57.6,0
2025-12-14T20:29:58.858,19.5,57.6,0
2025-12-14T20:30:01.113,19.5,57.6,0
2025-12-14T20:30:03.368,19.5,57.6,0
2025-12-14T20:30:05.622,19.5,57.6,0
2025-12-14T20:30:07.877,19.5,57.5,0
2025-12-14T20:30:10.132,19.5,57.4,0
2025-12-14T20:30:12.387,19.5,57.3,0
2025-12-14T20:30:14.641,19.5,57.2,0
2025-12-14T20:30:16.896,19.5,57.0,0
2025-12-14T20:30:19.151,19.5,56.9,0
2025-12-14T20:30:21.406,19.5,56.8,0
2025-12-14T20:30:23.661,19.5,56.9,0
2025-12-14T20:30:25.915,19.5,56.9,0
2025-12-14T20:30:28.170,19.5,56.9,0
2025-12-14T20:30:30.425,19.5,56.7,0
2025-12-14T20:30:32.680,19.5,56.6,0
2025-12-14T20:30:34.935,19.5,56.5,0
2025-12-14T20:30:37.189,19.5,56.6,0
2025-12-14T20:30:39.444,19.5,56.7,0
2025-12-14T20:30:41.699,19.5,56.6,0
2025-12-14T20:30:43.954,19.5,56.5,0
2025-12-14T20:30:46.209,19.5,56.4,0
2025-12-14T20:30:48.463,19.5,56.3,0
2025-12-14T20:30:50.718,19.5,56.2,0
2025-12-14T20:30:52.973,19.5,56.1,0
2025-12-14T20:30:55.228,19.5,56.0,0
2025-12-14T20:30:57.483,19.5,56.1,0
2025-12-14T20:30:59.738,19.5,56.2,0
2025-12-14T20:31:01.992,19.5,56.3,0
2025-12-14T20:31:04.247,19.5,56.4,0
2025-12-14T20:31:06.502,19.4,56.3,0
2025-12-14T20:31:08.757,19.5,56.4,0
2025-12-14T20:31:11.012,19.5,56.4,0
2025-12-14T20:31:13.267,19.4,56.4,0
2025-12-14T20:31:15.521,19.4,56.3,0
2025-12-14T20:31:17.776,19.4,56.3,0
2025-12-14T20:31:20.031,19.4,56.4,0
2025-12-14T20:31:22.286,19.4,56.4,0
2025-12-14T20:31:24.541,19.4,56.3,0
2025-12-14T20:31:26.796,19.5,56.3,0
2025-12-14T20:31:29.050,19.4,56.3,0
2025-12-14T20:31:31.305,19.4,56.2,0
2025-12-14T20:31:33.560,19.4,56.1,0
2025-12-14T20:31:35.815,19.4,56.3,0
2025-12-14T20:31:38.070,19.4,56.2,0
2025-12-14T20:31:40.325,19.5,56.2,0
2025-12-14T20:31:42.579,19.4,56.1,0
2025-12-14T20:31:44.834,19.4,56.0,0
2025-12-14T20:31:47.089,19.4,56.0,0
2025-12-14T20:31:49.344,19.4,56.0,0
2025-12-14T20:31:51.599,19.4,56.0,0
2025-12-14T20:31:53.853,19.4,55.9,0
2025-12-14T20:31:56.108,19.4,55.8,0
2025-12-14T20:31:58.363,19.4,55.9,0
2025-12-14T20:32:00.618,19.4,56.0,0
2025-12-14T20:32:02.873,19.4,56.0,0
2025-12-14T20:32:05.128,19.4,56.0,0
2025-12-14T20:32:07.382,19.4,56.0,0
2025-12-14T20:32:09.637,19.4,56.0,0
2025-12-14T20:32:11.892,19.4,55.8,0
2025-12-14T20:32:14.147,19.4,55.9,0
2025-12-14T20:32:16.401,19.4,55.9,0
2025-12-14T20:32:18.656,19.4,55.9,0
2025-12-14T20:32:20.911,19.4,55.9,0
2025-12-14T20:32:23.166,19.4,56.0,0
2025-12-14T20:32:25.421,19.4,56.0,0
2025-12-14T20:32:27.676,19.4,56.0,0
2025-12-14T20:32:29.930,19.4,56.0,0
2025-12-14T20:32:32.185,19.4,56.0,0
2025-12-14T20:32:34.440,19.4,56.1,0
2025-12-14T20:32:36.695,19.4,56.1,0
2025-12-14T20:32:38.950,19.4,56.3,0
2025-12-14T20:32:41.204,19.4,56.3,0
2025-12-14T20:32:43.459,19.4,56.2,0
2025-12-14T20:32:45.714,19.4,56.2,0
2025-12-14T20:32:47.969,19.4,56.1,0
2025-12-14T20:32:50.224,19.4,56.1,0
2025-12-14T20:32:52.478,19.4,56.1,0
2025-12-14T20:32:54.733,19.4,56.2,0
2025-12-14T20:32:56.988,19.4,56.2,0
2025-12-14T20:32:59.243,19.4,56.1,0
2025-12-14T20:33:01.498,19.4,56.2,0
2025-12-14T20:33:03.752,19.4,56.0,0
2025-12-14T20:33:06.007,19.4,55.9,0
2025-12-14T20:33:08.262,19.4,55.9,0
2025-12-14T20:33:10.517,19.4,55.8,0
2025-12-14T20:33:12.772,19.4,55.8,0
2025-12-14T20:33:15.026,19.4,55.9,0
2025-12-14T20:33:17.281,19.4,56.0,0
2025-12-14T20:33:19.536,19.4,56.0,0
2025-12-14T20:33:21.791,19.4,56.0,0
2025-12-14T20:33:24.045,19.4,56.0,0
2025-12-14T20:33:26.300,19.4,56.0,0
2025-12-14T20:33:28.555,19.4,56.0,0
2025-12-14T20:33:30.810,19.3,55.8,0
2025-12-14T20:33:33.065,19.4,55.8,0
2025-12-14T20:33:35.319,19.4,55.9,0
2025-12-14T20:33:37.574,19.4,55.9,0
2025-12-14T20:33:39.829,19.4,56.0,0
2025-12-14T20:33:42.084,19.4,56.0,0
2025-12-14T20:33:44.339,19.4,56.0,0
2025-12-14T20:33:46.593,19.4,55.9,0
2025-12-14T20:33:48.848,19.4,55.8,0
2025-12-14T20:33:51.103,19.4,55.8,0
2025-12-14T20:33:53.358,19.3,55.8,0
2025-12-14T20:33:55.612,19.3,55.7,0
2025-12-14T20:33:57.867,19.3,55.6,0
2025-12-14T20:34:00.122,19.3,55.5,0
2025-12-14T20:34:02.377,19.3,55.5,0
2025-12-14T20:34:04.631,19.4,55.6,0
2025-12-14T20:34:06.886,19.3,55.5,0
2025-12-14T20:34:09.141,19.3,55.5,0
2025-12-14T20:34:11.399,19.3,55.5,0
2025-12-14T20:34:13.659,19.3,55.4,0
2025-12-14T20:34:15.915,19.4,55.5,0
2025-12-14T20:34:18.169,19.3,55.5,0
2025-12-14T20:34:20.424,19.3,55.5,0
2025-12-14T20:34:22.683,19.3,55.6,0
2025-12-14T20:34:24.937,19.3,55.5,0
2025-12-14T20:34:27.195,19.4,55.6,0
2025-12-14T20:34:29.455,19.3,55.6,0
2025-12-14T20:34:31.709,19.3,55.6,0
2025-12-14T20:34:33.964,19.3,55.7,0
2025-12-14T20:34:36.223,19.3,55.7,0
2025-12-14T20:34:38.477,19.3,55.6,0
2025-12-14T20:34:40.735,19.3,55.6,0
2025-12-14T20:34:42.995,19.3,55.6,0
2025-12-14T20:34:45.250,19.3,55.5,0
2025-12-14T20:34:47.505,19.3,55.5,0
2025-12-14T20:34:49.759,19.3,55.4,0
2025-12-14T20:34:52.014,19.3,55.5,0
2025-12-14T20:34:54.269,19.3,55.5,0
2025-12-14T20:34:56.524,19.3,55.5,0
2025-12-14T20:34:58.779,19.3,55.6,0
2025-12-14T20:35:01.034,19.3,55.6,0
2025-12-14T20:35:03.288,19.3,55.7,0
2025-12-14T20:35:05.543,19.3,55.7,0
2025-12-14T20:35:07.798,19.3,55.6,0
2025-12-14T20:35:10.052,19.3,55.6,0
2025-12-14T20:35:12.307,19.3,55.6,0
2025-12-14T20:35:14.562,19.3,55.7,0
2025-12-14T20:35:16.817,19.3,55.8,0
2025-12-14T20:35:19.071,19.3,55.8,0
2025-12-14T20:35:21.326,19.3,55.8,0
2025-12-14T20:35:23.581,19.3,55.8,0
2025-12-14T20:35:25.836,19.3,55.8,0
2025-12-14T20:35:28.091,19.3,55.8,0
2025-12-14T20:35:30.346,19.3,55.8,0
2025-12-14T20:35:32.600,19.3,55.7,0
2025-12-14T20:35:34.855,19.3,55.8,0
2025-12-14T20:35:37.110,19.3,55.8,0
2025-12-14T20:35:39.365,19.3,55.9,0
2025-12-14T20:35:41.620,19.3,56.0,0
2025-12-14T20:35:43.874,19.3,56.1,0
2025-12-14T20:35:46.129,19.3,56.0,0
2025-12-14T20:35:48.384,19.3,56.0,0
2025-12-14T20:35:50.638,19.3,56.0,0
2025-12-14T20:35:52.893,19.3,56.0,0
2025-12-14T20:35:55.148,19.3,55.9,0
2025-12-14T20:35:57.403,19.3,55.9,0
2025-12-14T20:35:59.658,19.3,56.0,0
2025-12-14T20:36:01.913,19.3,56.1,0
2025-12-14T20:36:04.167,19.3,56.1,0
2025-12-14T20:36:06.422,19.3,56.1,0
2025-12-14T20:36:08.677,19.3,56.0,0
2025-12-14T20:36:10.932,19.3,55.9,0
2025-12-14T20:36:13.186,19.3,55.9,0
2025-12-14T20:36:15.441,19.3,56.0,0
2025-12-14T20:36:17.696,19.3,56.0,0
2025-12-14T20:36:19.951,19.3,56.1,0
2025-12-14T20:36:22.205,19.3,56.0,0
2025-12-14T20:36:24.460,19.3,55.9,0
2025-12-14T20:36:26.715,19.3,55.8,0
2025-12-14T20:36:28.970,19.3,55.7,0
2025-12-14T20:36:31.225,19.3,55.7,0
2025-12-14T20:36:33.479,19.3,55.7,0
2025-12-14T20:36:35.735,19.3,55.7,0
2025-12-14T20:36:37.990,19.3,55.8,0
2025-12-14T20:36:40.245,19.2,55.9,0
2025-12-14T20:36:42.500,19.3,56.1,0
2025-12-14T20:36:44.755,19.2,56.3,0
2025-12-14T20:36:47.009,19.3,56.4,0
2025-12-14T20:36:49.264,19.3,56.5,0
2025-12-14T20:36:51.519,19.3,56.4,0
2025-12-14T20:36:53.774,19.3,56.4,0
2025-12-14T20:36:56.029,19.3,56.2,0
2025-12-14T20:36:58.284,19.3,56.2,0
2025-12-14T20:37:00.538,19.3,56.1,0
2025-12-14T20:37:02.793,19.3,56.1,0
2025-12-14T20:37:05.048,19.3,56.2,0
2025-12-14T20:37:07.303,19.3,56.2,0
2025-12-14T20:37:09.558,19.3,56.3,0
2025-12-14T20:37:11.812,19.3,56.3,0
2025-12-14T20:37:14.067,19.3,56.2,0
2025-12-14T20:37:16.322,19.3,56.2,0
2025-12-14T20:37:18.577,19.3,56.1,0
2025-12-14T20:37:20.831,19.3,56.0,0
2025-12-14T20:37:23.086,19.3,56.1,0
2025-12-14T20:37:25.341,19.3,56.2,0
2025-12-14T20:37:27.596,19.3,56.1,0
2025-12-14T20:37:29.851,19.3,56.0,0
2025-12-14T20:37:32.106,19.3,55.9,0
2025-12-14T20:37:34.360,19.3,56.0,0
2025-12-14T20:37:36.615,19.3,56.1,0
2025-12-14T20:37:38.870,19.3,56.1,0
2025-12-14T20:37:41.125,19.3,56.2,0
2025-12-14T20:37:43.380,19.3,56.2,0
2025-12-14T20:37:45.634,19.3,56.2,0
2025-12-14T20:37:47.889,19.2,56.1,0
2025-12-14T20:37:50.144,19.3,56.1,0
2025-12-14T20:37:52.399,19.2,56.1,0
2025-12-14T20:37:54.654,19.2,56.0,0
2025-12-14T20:37:56.909,19.3,56.0,0
2025-12-14T20:37:59.164,19.3,56.0,0
2025-12-14T20:38:01.418,19.2,55.9,0
2025-12-14T20:38:03.673,19.2,55.8,0
2025-12-14T20:38:05.928,19.3,56.0,0
2025-12-14T20:38:08.183,19.2,56.0,0
2025-12-14T20:38:10.438,19.2,55.9,0
2025-12-14T20:38:12.692,19.3,55.9,0
2025-12-14T20:38:14.947,19.3,55.8,0
2025-12-14T20:38:17.202,19.3,55.9,0
2025-12-14T20:38:19.457,19.2,55.8,0
2025-12-14T20:38:21.712,19.3,55.7,0
2025-12-14T20:38:23.967,19.3,55.7,0
2025-12-14T20:38:26.221,19.2,55.5,0
2025-12-14T20:38:28.476,19.2,55.5,0
2025-12-14T20:38:30.732,19.2,55.4,0
2025-12-14T20:38:32.986,19.2,55.4,0
2025-12-14T20:38:35.240,19.3,55.4,0
2025-12-14T20:38:37.499,19.2,55.3,0
2025-12-14T20:38:39.759,19.2,55.3,0
2025-12-14T20:38:42.019,19.2,55.2,0
2025-12-14T20:38:44.273,19.2,55.4,0
2025-12-14T20:38:46.528,19.3,55.6,0
2025-12-14T20:38:48.782,19.2,55.5,0
2025-12-14T20:38:51.037,19.2,55.5,0
2025-12-14T20:38:53.292,19.2,55.6,0
2025-12-14T20:38:55.547,19.2,55.6,0
2025-12-14T20:38:57.801,19.2,55.6,0
2025-12-14T20:39:00.056,19.2,55.7,0
2025-12-14T20:39:02.311,19.2,55.6,0
2025-12-14T20:39:04.566,,,0
2025-12-14T20:39:06.821,19.2,55.6,0
2025-12-14T20:39:09.075,19.2,55.6,0
2025-12-14T20:39:11.330,19.2,55.6,0
2025-12-14T20:39:13.585,19.2,55.7,0
2025-12-14T20:39:15.839,19.2,55.7,0
2025-12-14T20:39:18.094,19.2,55.9,0
2025-12-14T20:39:20.349,19.2,55.9,0
2025-12-14T20:39:22.604,19.2,55.8,0
2025-12-14T20:39:24.859,19.2,55.8,0
2025-12-14T20:39:27.113,19.2,55.7,0
2025-12-14T20:39:29.368,19.2,55.8,0
2025-12-14T20:39:31.623,19.2,55.7,0
2025-12-14T20:39:33.878,19.2,55.8,0
2025-12-14T20:39:36.133,19.2,55.9,0
2025-12-14T20:39:38.388,19.2,56.0,0
2025-12-14T20:39:40.642,19.2,56.2,0
2025-12-14T20:39:42.897,19.2,56.0,0
2025-12-14T20:39:45.152,19.2,55.9,0
2025-12-14T20:39:47.407,19.2,55.9,0
2025-12-14T20:39:49.662,19.2,55.9,0
2025-12-14T20:39:51.917,19.2,55.8,0
2025-12-14T20:39:54.171,19.2,55.8,0
2025-12-14T20:39:56.426,19.2,55.7,0
2025-12-14T20:39:58.681,19.2,55.6,0
2025-12-14T20:40:00.936,19.2,55.6,0
2025-12-14T20:40:03.190,19.2,55.6,0
2025-12-14T20:40:05.445,19.2,55.6,0
2025-12-14T20:40:07.700,19.2,55.6,0
2025-12-14T20:40:09.955,19.2,55.5,0
2025-12-14T20:40:12.210,19.2,55.6,0
2025-12-14T20:40:14.464,19.2,55.6,0
2025-12-14T20:40:16.719,19.2,55.6,0
2025-12-14T20:40:18.974,,,0
2025-12-14T20:40:21.229,19.2,55.5,0
2025-12-14T20:40:23.484,19.2,55.5,0
2025-12-14T20:40:25.739,19.2,55.4,0
2025-12-14T20:40:27.993,19.2,55.4,0
2025-12-14T20:40:30.248,19.2,55.4,0
2025-12-14T20:40:32.503,19.2,55.4,0
2025-12-14T20:40:34.758,19.2,55.5,0
2025-12-14T20:40:37.012,19.2,55.5,0
2025-12-14T20:40:39.267,19.2,55.5,0
2025-12-14T20:40:41.522,19.2,55.6,0
2025-12-14T20:40:43.777,19.2,55.6,0
2025-12-14T20:40:46.032,19.2,55.7,0
2025-12-14T20:40:48.286,19.2,55.8,0
2025-12-14T20:40:50.541,19.2,55.8,0
2025-12-14T20:40:52.796,19.2,55.7,0
2025-12-14T20:40:55.051,19.2,55.7,0
2025-12-14T20:40:57.306,19.2,55.7,0
2025-12-14T20:40:59.560,19.2,55.6,0
2025-12-14T20:41:01.815,19.2,55.6,0
2025-12-14T20:41:04.070,19.2,55.6,0
2025-12-14T20:41:06.325,19.2,55.8,0
2025-12-14T20:41:08.580,19.2,55.8,0
2025-12-14T20:41:10.834,19.2,55.8,0
2025-12-14T20:41:13.089,19.2,55.9,0
2025-12-14T20:41:15.344,19.2,56.0,0
2025-12-14T20:41:17.599,19.2,55.9,0
2025-12-14T20:41:19.854,19.2,55.9,0
2025-12-14T20:41:22.108,19.2,55.9,0
2025-12-14T20:41:24.363,19.2,55.9,0
2025-12-14T20:41:26.618,19.2,56.0,0
2025-12-14T20:41:28.873,19.2,56.1,0
2025-12-14T20:41:31.128,19.2,56.2,0
2025-12-14T20:41:33.382,19.2,56.2,0
2025-12-14T20:41:35.637,19.2,56.3,0
2025-12-14T20:41:37.892,19.2,56.3,0
2025-12-14T20:41:40.147,19.2,56.2,0
2025-12-14T20:41:42.401,19.2,56.2,0
2025-12-14T20:41:44.655,19.2,56.2,0
2025-12-14T20:41:46.910,19.2,56.0,0
2025-12-14T20:41:49.165,19.2,55.9,0
2025-12-14T20:41:51.420,19.2,55.9,0
2025-12-14T20:41:53.674,19.2,55.8,0
2025-12-14T20:41:55.929,19.2,55.8,0
2025-12-14T20:41:58.184,19.2,55.9,0
2025-12-14T20:42:00.439,19.2,55.9,0
2025-12-14T20:42:02.693,19.2,55.9,0
2025-12-14T20:42:04.948,19.2,55.9,0
2025-12-14T20:42:07.203,19.2,56.0,0
2025-12-14T20:42:09.458,19.2,56.1,0
2025-12-14T20:42:11.712,19.2,56.1,0
2025-12-14T20:42:13.967,19.2,56.2,0
2025-12-14T20:42:16.222,19.2,56.3,0
2025-12-14T20:42:18.477,19.2,56.4,0
2025-12-14T20:42:20.732,19.2,56.5,0
2025-12-14T20:42:22.986,19.2,56.5,0
2025-12-14T20:42:25.241,19.2,56.6,0
2025-12-14T20:42:27.496,19.2,56.8,0
2025-12-14T20:42:29.751,19.2,57.0,0
2025-12-14T20:42:32.005,19.2,57.1,0
2025-12-14T20:42:34.260,19.2,57.2,0
2025-12-14T20:42:36.515,19.2,57.2,0
2025-12-14T20:42:38.770,19.2,57.2,0
2025-12-14T20:42:41.024,19.2,57.2,0
2025-12-14T20:42:43.279,19.2,57.4,0
2025-12-14T20:42:45.534,19.2,57.5,0
2025-12-14T20:42:47.789,19.2,57.5,0
2025-12-14T20:42:50.043,19.2,57.5,0
2025-12-14T20:42:52.298,19.2,57.5,0
2025-12-14T20:42:54.553,19.2,57.6,0
2025-12-14T20:42:56.808,19.2,57.6,0
2025-12-14T20:42:59.063,19.2,57.5,0
2025-12-14T20:43:01.317,19.2,57.4,0
2025-12-14T20:43:03.572,19.2,57.4,0
2025-12-14T20:43:05.827,19.2,57.4,0
2025-12-14T20:43:08.082,19.2,57.3,0
2025-12-14T20:43:10.336,19.2,57.1,0
2025-12-14T20:43:12.591,19.2,57.0,0
2025-12-14T20:43:14.846,19.2,57.0,0
2025-12-14T20:43:17.101,19.2,56.9,0
2025-12-14T20:43:19.355,19.2,56.9,0
2025-12-14T20:43:21.610,19.2,56.9,0
2025-12-14T20:43:23.865,19.2,56.9,0
2025-12-14T20:43:26.120,19.2,56.8,0
2025-12-14T20:43:28.374,19.2,56.6,0
2025-12-14T20:43:30.629,19.2,56.5,0
2025-12-14T20:43:32.884,19.2,56.4,0
2025-12-14T20:43:35.139,19.2,56.5,0
2025-12-14T20:43:37.393,19.2,56.4,0
2025-12-14T20:43:39.648,19.2,56.4,0
2025-12-14T20:43:41.903,19.2,56.4,0
2025-12-14T20:43:44.157,19.2,56.2,0
2025-12-14T20:43:46.412,19.2,56.3,0
2025-12-14T20:43:48.667,19.2,56.3,0
2025-12-14T20:43:50.922,19.2,56.3,0
2025-12-14T20:43:53.177,19.2,56.2,0
2025-12-14T20:43:55.431,19.2,56.1,0
2025-12-14T20:43:57.686,19.2,56.3,0
2025-12-14T20:43:59.941,19.2,56.5,0
2025-12-14T20:44:02.196,19.2,56.6,0
2025-12-14T20:44:04.450,19.2,56.7,0
2025-12-14T20:44:06.705,19.2,56.5,0
2025-12-14T20:44:08.960,19.2,56.5,0
2025-12-14T20:44:11.215,19.2,56.6,0
2025-12-14T20:44:13.469,19.2,56.4,0
2025-12-14T20:44:15.724,19.2,56.4,0
2025-12-14T20:44:17.979,19.2,56.3,0
2025-12-14T20:44:20.234,19.2,56.2,0
2025-12-14T20:44:22.489,19.2,56.0,0
2025-12-14T20:44:24.744,19.2,55.9,0
2025-12-14T20:44:26.998,19.2,55.9,0
2025-12-14T20:44:29.253,19.2,56.0,0
2025-12-14T20:44:31.508,19.2,56.2,0
2025-12-14T20:44:33.763,19.2,56.2,0
2025-12-14T20:44:36.018,19.2,56.3,0
2025-12-14T20:44:38.272,19.2,56.3,0
2025-12-14T20:44:40.527,19.2,56.2,0
2025-12-14T20:44:42.782,19.2,56.2,0
2025-12-14T20:44:45.037,19.2,56.0,0
2025-12-14T20:44:47.291,19.2,55.9,0
2025-12-14T20:44:49.546,19.2,55.9,0
2025-12-14T20:44:51.801,19.2,55.9,0
2025-12-14T20:44:54.055,19.2,56.0,0
2025-12-14T20:44:56.310,19.2,56.0,0
2025-12-14T20:44:58.565,19.2,56.1,0
2025-12-14T20:45:00.820,19.2,56.2,0
2025-12-14T20:45:03.075,19.2,56.3,0
2025-12-14T20:45:05.329,19.2,56.2,0
2025-12-14T20:45:07.584,19.2,56.2,0
2025-12-14T20:45:09.839,19.2,56.2,0
2025-12-14T20:45:12.094,19.2,56.1,0
2025-12-14T20:45:14.348,19.2,56.1,0
2025-12-14T20:45:16.603,19.2,56.0,0
2025-12-14T20:45:18.858,19.2,56.0,0
2025-12-14T20:45:21.113,19.2,55.9,0
2025-12-14T20:45:23.368,19.2,55.9,0
2025-12-14T20:45:25.622,19.2,56.0,0
2025-12-14T20:45:27.877,19.2,56.0,0
2025-12-14T20:45:30.132,19.2,55.9,0
2025-12-14T20:45:32.387,19.2,55.9,0
2025-12-14T20:45:34.642,19.2,55.9,0
2025-12-14T20:45:36.896,19.2,56.0,0
2025-12-14T20:45:39.151,19.2,55.9,0
2025-12-14T20:45:41.406,19.2,55.8,0
2025-12-14T20:45:43.661,19.2,55.8,0
2025-12-14T20:45:45.916,19.2,55.8,0
2025-12-14T20:45:48.170,19.2,55.8,0
2025-12-14T20:45:50.425,19.2,55.8,0
2025-12-14T20:45:52.680,19.2,55.8,0
2025-12-14T20:45:54.935,19.2,55.9,0
2025-12-14T20:45:57.190,19.2,56.0,0
2025-12-14T20:45:59.444,19.2,56.1,0
2025-12-14T20:46:01.699,19.2,56.2,0
2025-12-14T20:46:03.954,19.2,56.2,0
2025-12-14T20:46:06.209,19.2,56.2,0
2025-12-14T20:46:08.464,19.2,56.0,0
2025-12-14T20:46:10.718,19.2,56.0,0
2025-12-14T20:46:12.973,19.2,56.0,0
2025-12-14T20:46:15.228,19.2,56.1,0
2025-12-14T20:46:17.483,19.2,56.0,0
2025-12-14T20:46:19.738,19.2,55.9,0
2025-12-14T20:46:21.992,19.2,55.9,0
2025-12-14T20:46:24.247,19.2,55.9,0
2025-12-14T20:46:26.502,19.2,56.1,0
2025-12-14T20:46:28.757,19.2,56.2,0
2025-12-14T20:46:31.012,19.2,56.4,0
2025-12-14T20:46:33.267,19.2,56.6,0
2025-12-14T20:46:35.521,19.2,56.6,0
2025-12-14T20:46:37.776,19.2,56.8,0
2025-12-14T20:46:40.031,19.2,56.8,0
2025-12-14T20:46:42.286,19.2,56.8,0
2025-12-14T20:46:44.541,19.2,56.8,0
2025-12-14T20:46:46.796,19.2,56.8,0
2025-12-14T20:46:49.050,19.2,56.8,0
2025-12-14T20:46:51.305,19.2,56.7,0
2025-12-14T20:46:53.560,19.2,56.5,0
2025-12-14T20:46:55.815,19.2,56.6,0
2025-12-14T20:46:58.070,19.2,56.4,0
2025-12-14T20:47:00.324,19.2,56.5,0
2025-12-14T20:47:02.579,19.2,56.5,0
2025-12-14T20:47:04.834,19.2,56.5,0
2025-12-14T20:47:07.089,19.2,56.6,0
2025-12-14T20:47:09.344,19.2,56.7,0
2025-12-14T20:47:11.598,19.2,56.7,0
2025-12-14T20:47:13.853,19.2,56.7,0
2025-12-14T20:47:16.108,19.2,56.8,0
2025-12-14T20:47:18.363,19.2,56.8,0
2025-12-14T20:47:20.618,19.2,56.8,0
2025-12-14T20:47:22.872,19.2,56.8,0
2025-12-14T20:47:25.127,19.2,56.9,0
2025-12-14T20:47:27.382,19.2,57.0,0
2025-12-14T20:47:29.637,19.2,57.0,0
2025-12-14T20:47:31.892,19.2,57.0,0
2025-12-14T20:47:34.146,19.2,57.0,0
2025-12-14T20:47:36.401,19.2,57.0,0
2025-12-14T20:47:38.656,19.2,57.1,0
2025-12-14T20:47:40.911,19.2,57.0,0
2025-12-14T20:47:43.165,19.2,56.8,0
2025-12-14T20:47:45.420,19.2,56.6,0
2025-12-14T20:47:47.675,19.2,56.6,0
2025-12-14T20:47:49.930,19.2,56.6,0
2025-12-14T20:47:52.184,19.2,56.5,0
2025-12-14T20:47:54.443,19.2,56.4,0
2025-12-14T20:47:56.697,19.2,56.3,0
2025-12-14T20:47:58.952,19.2,56.2,0
2025-12-14T20:48:01.206,19.2,56.0,0
2025-12-14T20:48:03.461,19.2,56.0,0
2025-12-14T20:48:05.716,19.2,56.2,0
2025-12-14T20:48:07.971,19.2,56.3,0
2025-12-14T20:48:10.226,19.2,56.3,0
2025-12-14T20:48:12.480,19.2,56.3,0
2025-12-14T20:48:14.735,19.2,56.3,0
2025-12-14T20:48:16.989,19.2,56.3,0
2025-12-14T20:48:19.244,19.2,56.5,0
2025-12-14T20:48:21.503,19.2,56.7,0
2025-12-14T20:48:23.758,19.2,56.8,0
2025-12-14T20:48:26.013,19.2,56.8,0
2025-12-14T20:48:28.267,19.2,56.8,0
2025-12-14T20:48:30.522,19.2,56.8,0
2025-12-14T20:48:32.777,19.2,57.0,0
2025-12-14T20:48:35.032,19.2,57.1,0
2025-12-14T20:48:37.286,19.2,57.2,0
2025-12-14T20:48:39.541,19.2,57.2,0
2025-12-14T20:48:41.796,19.2,57.1,0
2025-12-14T20:48:44.051,19.2,57.1,0
2025-12-14T20:48:46.305,19.2,56.9,0
2025-12-14T20:48:48.560,19.2,57.0,0
2025-12-14T20:48:50.815,19.2,57.1,0
2025-12-14T20:48:53.070,19.2,57.0,0
2025-12-14T20:48:55.325,19.2,56.9,0
2025-12-14T20:48:57.579,19.2,56.8,0
2025-12-14T20:48:59.834,19.2,56.7,0
2025-12-14T20:49:02.089,19.2,56.6,0
2025-12-14T20:49:04.344,19.2,56.7,0
2025-12-14T20:49:06.599,19.2,56.8,0
2025-12-14T20:49:08.853,19.2,56.9,0
2025-12-14T20:49:11.108,19.2,56.9,0
2025-12-14T20:49:13.363,19.2,56.8,0
2025-12-14T20:49:15.618,19.2,56.8,0
2025-12-14T20:49:17.872,19.2,56.7,0
2025-12-14T20:49:20.127,19.2,56.8,0
2025-12-14T20:49:22.382,19.2,56.8,0
2025-12-14T20:49:24.637,19.2,56.8,0
2025-12-14T20:49:26.892,19.2,56.9,0
2025-12-14T20:49:29.146,19.2,56.9,0
2025-12-14T20:49:31.401,19.2,57.0,0
2025-12-14T20:49:33.656,19.2,56.8,0
2025-12-14T20:49:35.911,19.2,56.8,0
2025-12-14T20:49:38.165,19.2,56.7,0
2025-12-14T20:49:40.420,19.2,56.6,0
2025-12-14T20:49:42.675,19.2,56.5,0
2025-12-14T20:49:44.930,19.2,56.6,0
2025-12-14T20:49:47.185,19.2,56.5,0
2025-12-14T20:49:49.439,19.2,56.4,0
2025-12-14T20:49:51.694,19.2,56.4,0
2025-12-14T20:49:53.949,19.2,56.5,0
2025-12-14T20:49:56.204,19.2,56.5,0
2025-12-14T20:49:58.458,19.2,56.4,0
2025-12-14T20:50:00.713,19.2,56.4,0
2025-12-14T20:50:02.968,19.2,56.3,0
2025-12-14T20:50:05.223,19.2,56.3,0
2025-12-14T20:50:07.478,19.2,56.2,0
2025-12-14T20:50:09.733,19.2,56.2,0
2025-12-14T20:50:11.988,19.2,56.3,0
2025-12-14T20:50:14.242,19.2,56.2,0
2025-12-14T20:50:16.497,19.2,56.2,0
2025-12-14T20:50:18.755,19.2,56.2,0
2025-12-14T20:50:21.015,19.2,56.3,0
2025-12-14T20:50:23.271,19.2,56.3,0
2025-12-14T20:50:25.525,19.2,56.4,0
2025-12-14T20:50:27.783,19.2,56.5,0
2025-12-14T20:50:30.038,19.2,56.5,0
2025-12-14T20:50:32.292,19.2,56.6,0
2025-12-14T20:50:34.547,19.2,56.7,0
2025-12-14T20:50:36.802,19.2,56.7,0
2025-12-14T20:50:39.057,19.2,56.8,0
2025-12-14T20:50:41.312,19.2,56.7,0
2025-12-14T20:50:43.566,19.2,56.7,0
2025-12-14T20:50:45.821,19.2,56.8,0
2025-12-14T20:50:48.076,19.2,56.8,0
2025-12-14T20:50:50.331,19.2,56.8,0
2025-12-14T20:50:52.585,19.2,56.8,0
2025-12-14T20:50:54.840,19.2,56.8,0
2025-12-14T20:50:57.095,19.2,56.7,0
2025-12-14T20:50:59.350,19.2,56.7,0
2025-12-14T20:51:01.604,19.2,56.6,0
2025-12-14T20:51:03.859,19.2,56.4,0
2025-12-14T20:51:06.114,19.2,56.6,0
2025-12-14T20:51:08.368,19.2,56.6,0
2025-12-14T20:51:10.623,19.2,56.6,0
2025-12-14T20:51:12.878,19.2,56.7,0
2025-12-14T20:51:15.133,19.2,56.8,0
2025-12-14T20:51:17.387,19.2,56.8,0
2025-12-14T20:51:19.647,19.2,56.8,0
2025-12-14T20:51:21.907,19.2,56.9,0
2025-12-14T20:51:24.162,19.2,56.9,0
2025-12-14T20:51:26.419,19.2,56.7,0
2025-12-14T20:51:28.673,19.2,56.7,0
2025-12-14T20:51:30.931,19.2,56.7,0
2025-12-14T20:51:33.191,19.2,56.8,0
2025-12-14T20:51:35.451,19.2,56.7,0
2025-12-14T20:51:37.711,19.2,56.7,0
2025-12-14T20:51:39.971,19.2,56.7,0
2025-12-14T20:51:42.231,19.2,56.8,0
2025-12-14T20:51:44.485,19.2,56.7,0
2025-12-14T20:51:46.740,19.2,56.8,0
2025-12-14T20:51:48.994,19.2,56.7,0
2025-12-14T20:51:51.255,19.2,56.6,0
2025-12-14T20:51:53.509,19.2,56.6,0
2025-12-14T20:51:55.767,19.2,56.5,0
2025-12-14T20:51:58.023,19.2,56.6,0
2025-12-14T20:52:00.283,19.2,56.7,0
2025-12-14T20:52:02.537,19.2,56.7,0
2025-12-14T20:52:04.792,19.2,56.8,0
2025-12-14T20:52:07.051,19.2,56.8,0
2025-12-14T20:52:09.307,19.2,56.8,0
2025-12-14T20:52:11.567,19.2,56.7,0
2025-12-14T20:52:13.821,19.2,56.7,0
2025-12-14T20:52:16.079,19.2,56.7,0
2025-12-14T20:52:18.339,19.2,56.7,0
2025-12-14T20:52:20.599,19.2,56.7,0
2025-12-14T20:52:22.854,19.2,56.6,0
2025-12-14T20:52:25.108,19.2,56.3,0
2025-12-14T20:52:27.367,19.2,56.2,0
2025-12-14T20:52:29.621,19.2,56.3,0
2025-12-14T20:52:31.879,19.2,56.3,0
2025-12-14T20:52:34.139,19.2,56.4,0
2025-12-14T20:52:36.399,19.2,56.4,0
2025-12-14T20:52:38.659,19.2,56.3,0
2025-12-14T20:52:40.913,19.2,56.3,0
2025-12-14T20:52:43.171,19.2,56.4,0
2025-12-14T20:52:45.431,19.2,56.1,0
2025-12-14T20:52:47.691,19.2,56.0,0
2025-12-14T20:52:49.951,19.2,56.1,0
2025-12-14T20:52:52.211,19.2,56.3,0
2025-12-14T20:52:54.471,19.2,56.4,0
2025-12-14T20:52:56.725,19.2,56.5,0
2025-12-14T20:52:58.983,19.2,56.5,0
2025-12-14T20:53:01.243,19.2,56.6,0
2025-12-14T20:53:03.498,19.2,56.7,0
2025-12-14T20:53:05.753,19.2,56.8,0
2025-12-14T20:53:08.007,19.2,56.9,0
2025-12-14T20:53:10.262,19.2,56.9,0
2025-12-14T20:53:12.517,19.2,56.9,0
2025-12-14T20:53:14.772,19.2,56.7,0
2025-12-14T20:53:17.029,19.2,56.7,0
2025-12-14T20:53:19.284,19.2,56.6,0
2025-12-14T20:53:21.538,19.2,56.5,0
2025-12-14T20:53:23.793,19.2,56.4,0
2025-12-14T20:53:26.047,19.2,56.4,0
2025-12-14T20:53:28.301,19.2,56.3,0
2025-12-14T20:53:30.559,19.2,56.2,0
2025-12-14T20:53:32.814,19.2,56.1,0
2025-12-14T20:53:35.068,19.2,56.1,0
2025-12-14T20:53:37.327,19.2,56.0,0
2025-12-14T20:53:39.581,19.2,55.9,0
2025-12-14T20:53:41.836,19.2,55.9,0
2025-12-14T20:53:44.090,19.2,56.0,0
2025-12-14T20:53:46.345,19.2,56.3,0
2025-12-14T20:53:48.603,19.2,56.3,0
2025-12-14T20:53:50.857,19.2,56.3,0
2025-12-14T20:53:53.115,19.2,56.3,0
2025-12-14T20:53:55.375,19.2,56.3,0
2025-12-14T20:53:57.629,19.2,56.3,0
2025-12-14T20:53:59.884,19.2,56.4,0
2025-12-14T20:54:02.138,19.2,56.5,0
2025-12-14T20:54:04.393,19.2,56.6,0
2025-12-14T20:54:06.647,19.2,56.6,0
2025-12-14T20:54:08.902,19.2,56.5,0
2025-12-14T20:54:11.157,19.2,56.6,0
2025-12-14T20:54:13.412,19.2,56.5,0
2025-12-14T20:54:15.666,19.2,56.5,0
2025-12-14T20:54:17.921,19.2,56.5,0
2025-12-14T20:54:20.176,19.2,56.6,0
2025-12-14T20:54:22.431,19.2,56.5,0
2025-12-14T20:54:24.686,19.2,56.5,0
2025-12-14T20:54:26.940,19.2,56.6,0
2025-12-14T20:54:29.195,19.2,56.6,0
2025-12-14T20:54:31.450,19.2,56.7,0
2025-12-14T20:54:33.705,19.2,56.7,0
2025-12-14T20:54:35.959,19.2,56.6,0
2025-12-14T20:54:38.214,19.2,56.7,0
2025-12-14T20:54:40.469,19.2,56.6,0
2025-12-14T20:54:42.724,19.2,56.4,0
2025-12-14T20:54:44.978,19.2,56.4,0
2025-12-14T20:54:47.233,19.2,56.6,0
2025-12-14T20:54:49.488,19.2,56.7,0
2025-12-14T20:54:51.743,19.2,56.6,0
2025-12-14T20:54:53.997,19.2,56.6,0
2025-12-14T20:54:56.252,19.2,56.6,0
2025-12-14T20:54:58.507,19.2,56.6,0
2025-12-14T20:55:00.762,19.2,56.7,0
2025-12-14T20:55:03.016,19.2,56.5,0
2025-12-14T20:55:05.271,,,0
2025-12-14T20:55:07.526,19.2,56.6,0
2025-12-14T20:55:09.781,19.2,56.5,0
2025-12-14T20:55:12.036,19.2,56.4,0
2025-12-14T20:55:14.290,19.2,56.4,0
2025-12-14T20:55:16.545,19.2,56.5,0
2025-12-14T20:55:18.800,19.2,56.3,0
2025-12-14T20:55:21.059,19.2,56.3,0
2025-12-14T20:55:23.319,19.2,56.1,0
2025-12-14T20:55:25.579,19.2,56.0,0
2025-12-14T20:55:27.839,19.2,56.2,0
2025-12-14T20:55:30.098,19.2,56.3,0
2025-12-14T20:55:32.355,19.2,56.2,0
2025-12-14T20:55:34.615,19.2,56.3,0
2025-12-14T20:55:36.875,19.2,56.3,0
2025-12-14T20:55:39.135,19.2,56.3,0
2025-12-14T20:55:41.390,19.2,56.1,0
2025-12-14T20:55:43.647,19.2,56.1,0
2025-12-14T20:55:45.901,19.2,56.2,0
2025-12-14T20:55:48.156,19.2,56.3,0
2025-12-14T20:55:50.415,19.2,56.2,0
2025-12-14T20:55:52.675,19.2,56.3,0
2025-12-14T20:55:54.930,19.2,56.5,0
2025-12-14T20:55:57.187,19.2,56.4,0
2025-12-14T20:55:59.441,19.2,56.5,0
2025-12-14T20:56:01.699,19.2,56.5,0
2025-12-14T20:56:03.953,19.2,56.5,0
2025-12-14T20:56:06.211,19.2,56.6,0
2025-12-14T20:56:08.471,19.2,56.5,0
2025-12-14T20:56:10.726,19.2,56.3,0
2025-12-14T20:56:12.981,19.2,56.3,0
2025-12-14T20:56:15.235,19.2,56.4,0
2025-12-14T20:56:17.490,19.2,56.2,0
2025-12-14T20:56:19.745,19.2,56.3,0
2025-12-14T20:56:22.000,19.2,56.4,0
2025-12-14T20:56:24.254,19.2,56.4,0
2025-12-14T20:56:26.509,19.2,56.4,0
2025-12-14T20:56:28.764,19.2,56.5,0
2025-12-14T20:56:31.018,19.2,56.6,0
2025-12-14T20:56:33.273,19.2,56.6,0
2025-12-14T20:56:35.528,19.2,56.6,0
2025-12-14T20:56:37.783,19.2,56.4,0
2025-12-14T20:56:40.038,19.2,56.3,0
2025-12-14T20:56:42.292,19.2,56.3,0
2025-12-14T20:56:44.547,19.3,56.5,0
2025-12-14T20:56:46.802,19.2,56.4,0
2025-12-14T20:56:49.057,19.3,56.4,0
2025-12-14T20:56:51.311,19.2,56.3,0
2025-12-14T20:56:53.569,19.2,56.2,0
2025-12-14T20:56:55.824,19.2,56.2,0
2025-12-14T20:56:58.083,19.2,56.2,0
2025-12-14T20:57:00.343,19.2,56.3,0
2025-12-14T20:57:02.603,19.2,56.2,0
2025-12-14T20:57:04.857,19.2,56.4,0
2025-12-14T20:57:07.112,19.2,56.4,0
2025-12-14T20:57:09.367,19.2,56.3,0
2025-12-14T20:57:11.627,19.2,56.1,0
2025-12-14T20:57:13.887,19.2,56.2,0
2025-12-14T20:57:16.142,19.2,56.2,0
2025-12-14T20:57:18.396,19.2,56.2,0
2025-12-14T20:57:20.655,19.2,56.4,0
2025-12-14T20:57:22.909,19.2,56.4,0
2025-12-14T20:57:25.167,19.2,56.3,0
2025-12-14T20:57:27.421,,,0
2025-12-14T20:57:29.679,19.2,56.5,0
2025-12-14T20:57:31.935,19.2,56.4,0
2025-12-14T20:57:34.191,19.2,56.3,0
2025-12-14T20:57:36.451,19.2,56.3,0
2025-12-14T20:57:38.705,19.2,56.2,0
2025-12-14T20:57:40.963,19.2,56.1,0
2025-12-14T20:57:43.219,19.2,56.2,0
2025-12-14T20:57:45.479,19.2,56.2,0
2025-12-14T20:57:47.739,19.2,56.3,0
2025-12-14T20:57:49.994,19.2,56.3,0
2025-12-14T20:57:52.251,19.2,56.0,0
2025-12-14T20:57:54.511,19.2,55.9,0
2025-12-14T20:57:56.771,19.2,55.8,0
2025-12-14T20:57:59.031,19.2,55.9,0
2025-12-14T20:58:01.291,19.2,55.8,0
2025-12-14T20:58:03.551,19.2,55.8,0
2025-12-14T20:58:05.806,19.2,55.9,0
2025-12-14T20:58:08.061,19.2,55.9,0
2025-12-14T20:58:10.315,19.2,55.9,0
2025-12-14T20:58:12.570,19.2,55.9,0
2025-12-14T20:58:14.825,19.2,55.9,0
2025-12-14T20:58:17.080,19.2,55.8,0
2025-12-14T20:58:19.334,19.2,55.9,0
2025-12-14T20:58:21.589,19.2,56.0,0
2025-12-14T20:58:23.844,19.2,56.2,0
2025-12-14T20:58:26.098,19.2,56.4,0
2025-12-14T20:58:28.355,19.2,56.6,0
2025-12-14T20:58:30.615,19.2,56.6,0
2025-12-14T20:58:32.875,19.2,56.6,0
2025-12-14T20:58:35.135,19.2,56.6,0
2025-12-14T20:58:37.391,19.2,56.7,0
2025-12-14T20:58:39.645,19.2,56.7,0
2025-12-14T20:58:41.900,19.2,56.7,0
2025-12-14T20:58:44.159,19.2,56.8,0
2025-12-14T20:58:46.419,19.2,56.9,0
2025-12-14T20:58:48.673,19.2,56.8,0
2025-12-14T20:58:50.931,19.2,56.7,0
2025-12-14T20:58:53.191,19.2,56.8,0
2025-12-14T20:58:55.451,19.2,56.9,0
2025-12-14T20:58:57.707,19.2,57.0,0
2025-12-14T20:58:59.961,19.2,57.0,0
2025-12-14T20:59:02.216,19.3,57.1,0
2025-12-14T20:59:04.470,19.2,57.0,0
2025-12-14T20:59:06.725,19.2,57.1,0
2025-12-14T20:59:08.979,19.2,57.1,0
2025-12-14T20:59:11.239,19.2,57.0,0
2025-12-14T20:59:13.495,19.2,57.0,0
2025-12-14T20:59:15.755,19.2,57.0,0
2025-12-14T20:59:18.015,19.3,57.0,0
2025-12-14T20:59:20.275,19.2,56.9,0
2025-12-14T20:59:22.529,19.2,56.9,0
2025-12-14T20:59:24.784,19.2,56.8,0
2025-12-14T20:59:27.043,19.2,56.7,0
2025-12-14T20:59:29.297,19.2,56.6,0
2025-12-14T20:59:31.555,19.2,56.5,0
2025-12-14T20:59:33.809,19.2,56.4,0
2025-12-14T20:59:36.067,19.3,56.5,0
2025-12-14T20:59:38.327,19.2,56.4,0
2025-12-14T20:59:40.581,19.2,56.3,0
2025-12-14T20:59:42.839,19.3,56.2,0
2025-12-14T20:59:45.099,19.2,56.1,0
2025-12-14T20:59:47.359,19.2,56.0,0
2025-12-14T20:59:49.619,19.2,55.9,0
2025-12-14T20:59:51.879,19.2,55.9,0
2025-12-14T20:59:54.139,19.2,55.9,0
2025-12-14T20:59:56.399,19.2,56.1,0
2025-12-14T20:59:58.655,19.2,56.2,0
2025-12-14T21:00:00.909,19.3,56.4,0
2025-12-14T21:00:03.164,19.2,56.4,0
2025-12-14T21:00:05.423,19.2,56.5,0
2025-12-14T21:00:07.683,19.2,56.4,0
2025-12-14T21:00:09.943,19.2,56.3,0
2025-12-14T21:00:12.203,19.2,56.2,0
2025-12-14T21:00:14.457,19.2,56.1,0
2025-12-14T21:00:16.712,19.2,56.1,0
2025-12-14T21:00:18.966,19.2,56.1,0
2025-12-14T21:00:21.221,19.2,56.2,0
2025-12-14T21:00:23.479,19.2,56.2,0
2025-12-14T21:00:25.735,19.2,56.2,0
2025-12-14T21:00:27.995,19.2,56.3,0
2025-12-14T21:00:30.249,19.2,56.2,0
2025-12-14T21:00:32.507,19.2,56.3,0
2025-12-14T21:00:34.767,19.2,56.3,0
2025-12-14T21:00:37.027,19.2,56.2,0
2025-12-14T21:00:39.287,19.2,56.2,0
2025-12-14T21:00:41.547,19.2,56.1,0
2025-12-14T21:00:43.807,19.2,55.9,0
2025-12-14T21:00:46.063,19.2,56.0,0
2025-12-14T21:00:48.323,19.2,56.2,0
2025-12-14T21:00:50.583,19.2,56.2,0
2025-12-14T21:00:52.838,19.2,56.3,0
2025-12-14T21:00:55.092,19.2,56.4,0
2025-12-14T21:00:57.347,19.2,56.5,0
2025-12-14T21:00:59.602,19.2,56.6,0
2025-12-14T21:01:01.857,19.2,56.5,0
2025-12-14T21:01:04.111,19.2,56.4,0
2025-12-14T21:01:06.366,19.2,56.4,0
2025-12-14T21:01:08.621,19.2,56.4,0
2025-12-14T21:01:10.876,19.2,56.2,0
2025-12-14T21:01:13.131,19.2,56.2,0
2025-12-14T21:01:15.385,19.2,56.2,0
2025-12-14T21:01:17.640,19.2,56.3,0
2025-12-14T21:01:19.895,19.2,56.2,0
2025-12-14T21:01:22.150,19.2,56.1,0
2025-12-14T21:01:24.404,19.2,56.1,0
2025-12-14T21:01:26.659,19.2,56.2,0
2025-12-14T21:01:28.914,19.2,56.4,0
2025-12-14T21:01:31.169,19.2,56.4,0
2025-12-14T21:01:33.423,19.2,56.4,0
2025-12-14T21:01:35.678,19.2,56.4,0
2025-12-14T21:01:37.933,19.2,56.3,0
2025-12-14T21:01:40.188,19.2,56.3,0
2025-12-14T21:01:42.442,19.2,56.2,0
2025-12-14T21:01:44.697,19.2,56.0,0
2025-12-14T21:01:46.952,19.2,56.2,0
2025-12-14T21:01:49.207,19.2,56.0,0
2025-12-14T21:01:51.462,19.2,56.0,0
2025-12-14T21:01:53.717,19.2,56.2,0
2025-12-14T21:01:55.971,19.2,56.4,0
2025-12-14T21:01:58.226,19.2,56.4,0
2025-12-14T21:02:00.481,19.2,56.4,0
2025-12-14T21:02:02.736,19.2,56.3,0
2025-12-14T21:02:04.991,19.2,56.4,0
2025-12-14T21:02:07.245,19.2,56.3,0
2025-12-14T21:02:09.500,19.2,56.3,0
2025-12-14T21:02:11.755,19.2,56.4,0
2025-12-14T21:02:14.010,19.2,56.5,0
2025-12-14T21:02:16.264,19.2,56.6,0
2025-12-14T21:02:18.519,19.2,56.7,0
2025-12-14T21:02:20.774,19.2,56.7,0
2025-12-14T21:02:23.029,19.2,56.8,0
2025-12-14T21:02:25.283,19.2,56.8,0
2025-12-14T21:02:27.538,19.2,56.8,0
2025-12-14T21:02:29.793,19.2,56.6,0
2025-12-14T21:02:32.048,19.2,56.3,0
2025-12-14T21:02:34.302,19.2,56.3,0
2025-12-14T21:02:36.557,19.2,56.3,0
2025-12-14T21:02:38.812,19.2,56.4,0
2025-12-14T21:02:41.067,19.2,56.4,0
2025-12-14T21:02:43.322,19.2,56.5,0
2025-12-14T21:02:45.576,19.2,56.5,0
2025-12-14T21:02:47.831,19.2,56.4,0
2025-12-14T21:02:50.086,19.2,56.3,0
2025-12-14T21:02:52.341,19.2,56.1,0
2025-12-14T21:02:54.596,19.2,56.1,0
2025-12-14T21:02:56.850,19.2,56.0,0
2025-12-14T21:02:59.105,19.2,56.1,0
2025-12-14T21:03:01.360,19.2,56.3,0
2025-12-14T21:03:03.615,19.2,56.4,0
2025-12-14T21:03:05.870,19.2,56.5,0
2025-12-14T21:03:08.124,19.2,56.5,0
2025-12-14T21:03:10.379,19.2,56.6,0
2025-12-14T21:03:12.634,19.2,56.6,0
2025-12-14T21:03:14.889,19.2,56.6,0
2025-12-14T21:03:17.143,19.2,56.5,0
2025-12-14T21:03:19.398,19.2,56.5,0
2025-12-14T21:03:21.653,19.2,56.6,0
2025-12-14T21:03:23.908,19.2,56.7,0
2025-12-14T21:03:26.162,19.2,56.7,0
2025-12-14T21:03:28.417,19.2,56.7,0
2025-12-14T21:03:30.672,19.2,56.7,0
2025-12-14T21:03:32.927,19.2,56.4,0
2025-12-14T21:03:35.181,19.2,56.2,0
2025-12-14T21:03:37.436,19.2,56.2,0
2025-12-14T21:03:39.691,19.2,56.4,0
2025-12-14T21:03:41.946,19.2,56.4,0
2025-12-14T21:03:44.200,19.2,56.3,0
2025-12-14T21:03:46.455,19.2,56.3,0
2025-12-14T21:03:48.710,19.2,56.2,0
2025-12-14T21:03:50.965,19.2,56.3,0
2025-12-14T21:03:53.220,19.2,56.3,0
2025-12-14T21:03:55.474,19.2,56.4,0
2025-12-14T21:03:57.729,19.2,56.5,0
2025-12-14T21:03:59.984,19.2,56.6,0
2025-12-14T21:04:02.239,19.2,56.7,0
2025-12-14T21:04:04.493,19.2,56.7,0
2025-12-14T21:04:06.748,,,0
2025-12-14T21:04:09.003,19.2,56.9,0
2025-12-14T21:04:11.257,19.2,56.9,0
2025-12-14T21:04:13.512,19.2,56.8,0
2025-12-14T21:04:15.767,19.2,56.7,0
2025-12-14T21:04:18.022,19.2,56.7,0
2025-12-14T21:04:20.277,,,0
2025-12-14T21:04:22.531,19.2,56.7,0
2025-12-14T21:04:24.786,19.2,56.6,0
2025-12-14T21:04:27.041,19.2,56.4,0
2025-12-14T21:04:29.296,19.2,56.4,0
2025-12-14T21:04:31.550,19.2,56.5,0
2025-12-14T21:04:33.805,19.2,56.4,0
2025-12-14T21:04:36.060,19.2,56.4,0
2025-12-14T21:04:38.315,19.2,56.5,0
2025-12-14T21:04:40.570,19.2,56.6,0
2025-12-14T21:04:42.825,19.2,56.7,0
2025-12-14T21:04:45.079,19.2,56.7,0
2025-12-14T21:04:47.334,19.2,56.6,0
2025-12-14T21:04:49.589,19.2,56.4,0
2025-12-14T21:04:51.844,19.2,56.1,0
2025-12-14T21:04:54.098,19.2,55.9,0
2025-12-14T21:04:56.353,19.2,55.9,0
2025-12-14T21:04:58.608,19.2,56.0,0
2025-12-14T21:05:00.863,19.2,55.9,0
2025-12-14T21:05:03.117,19.2,55.9,0
2025-12-14T21:05:05.372,19.2,55.9,0
2025-12-14T21:05:07.627,19.2,56.0,0
2025-12-14T21:05:09.882,19.2,56.1,0
2025-12-14T21:05:12.136,19.2,56.2,0
2025-12-14T21:05:14.391,19.2,56.4,0
2025-12-14T21:05:16.646,19.2,56.4,0
2025-12-14T21:05:18.901,19.2,56.4,0
2025-12-14T21:05:21.156,19.2,56.4,0
2025-12-14T21:05:23.410,19.2,56.3,0
2025-12-14T21:05:25.665,19.2,56.2,0
2025-12-14T21:05:27.920,19.2,56.3,0
2025-12-14T21:05:30.175,19.2,56.3,0
2025-12-14T21:05:32.429,19.2,56.4,0
2025-12-14T21:05:34.684,19.2,56.3,0
2025-12-14T21:05:36.939,19.2,56.3,0
2025-12-14T21:05:39.193,19.2,56.4,0
2025-12-14T21:05:41.448,19.2,56.4,0
2025-12-14T21:05:43.703,19.2,56.5,0
2025-12-14T21:05:45.958,19.2,56.6,0
2025-12-14T21:05:48.212,19.2,56.7,0
2025-12-14T21:05:50.467,19.2,56.5,0
2025-12-14T21:05:52.722,19.2,56.2,0
2025-12-14T21:05:54.977,,,0
2025-12-14T21:05:57.232,19.2,56.4,0
2025-12-14T21:05:59.486,19.2,56.4,0
2025-12-14T21:06:01.741,19.2,56.5,0
2025-12-14T21:06:03.999,19.2,56.6,0
2025-12-14T21:06:06.253,19.2,56.6,0
2025-12-14T21:06:08.508,19.2,56.6,0
2025-12-14T21:06:10.767,19.2,56.7,0
2025-12-14T21:06:13.021,19.2,56.7,0
2025-12-14T21:06:15.276,19.2,56.7,0
2025-12-14T21:06:17.535,19.2,56.7,0
2025-12-14T21:06:19.790,19.2,56.8,0
2025-12-14T21:06:22.045,19.2,56.8,0
2025-12-14T21:06:24.300,19.2,56.8,0
2025-12-14T21:06:26.554,19.2,56.7,0
2025-12-14T21:06:28.809,19.2,56.7,0
2025-12-14T21:06:31.064,19.2,56.7,0
2025-12-14T21:06:33.319,19.2,56.7,0
2025-12-14T21:06:35.573,19.2,56.6,0
2025-12-14T21:06:37.828,19.2,56.6,0
2025-12-14T21:06:40.083,19.2,56.6,0
2025-12-14T21:06:42.338,19.2,56.6,0
2025-12-14T21:06:44.592,19.2,56.7,0
2025-12-14T21:06:46.847,19.2,56.7,0
2025-12-14T21:06:49.102,19.2,56.7,0
2025-12-14T21:06:51.356,19.2,56.6,0
2025-12-14T21:06:53.611,19.2,56.3,0
2025-12-14T21:06:55.866,19.2,56.3,0
2025-12-14T21:06:58.121,19.2,56.4,0
2025-12-14T21:07:00.375,19.2,56.4,0
2025-12-14T21:07:02.630,19.2,56.3,0
2025-12-14T21:07:04.885,19.2,56.4,0
2025-12-14T21:07:07.139,19.2,56.4,0
2025-12-14T21:07:09.394,19.2,56.5,0
2025-12-14T21:07:11.649,19.2,56.4,0
2025-12-14T21:07:13.903,19.2,56.3,0
2025-12-14T21:07:16.158,19.2,56.2,0
2025-12-14T21:07:18.413,19.2,56.1,0
2025-12-14T21:07:20.667,19.2,56.0,0
2025-12-14T21:07:22.922,19.2,56.1,0
2025-12-14T21:07:25.177,19.2,56.2,0
2025-12-14T21:07:27.432,19.2,56.1,0
2025-12-14T21:07:29.686,19.2,56.2,0
2025-12-14T21:07:31.941,19.2,56.2,0
2025-12-14T21:07:34.196,19.2,56.2,0
2025-12-14T21:07:36.450,19.2,56.1,0
2025-12-14T21:07:38.705,19.2,56.1,0
2025-12-14T21:07:40.959,19.2,56.2,0
2025-12-14T21:07:43.214,19.2,56.3,0
2025-12-14T21:07:45.469,19.2,56.3,0
2025-12-14T21:07:47.723,19.2,56.4,0
2025-12-14T21:07:49.978,19.2,56.5,0
2025-12-14T21:07:52.233,19.2,56.6,0
2025-12-14T21:07:54.488,19.2,56.6,0
2025-12-14T21:07:56.743,19.2,56.4,0
2025-12-14T21:07:58.997,19.2,56.4,0
2025-12-14T21:08:01.252,19.2,56.4,0
2025-12-14T21:08:03.507,19.3,56.2,0
2025-12-14T21:08:05.761,19.2,56.1,0
2025-12-14T21:08:08.016,19.2,56.2,0
2025-12-14T21:08:10.271,19.2,56.3,0
2025-12-14T21:08:12.525,19.2,56.4,0
2025-12-14T21:08:14.780,19.2,56.6,0
2025-12-14T21:08:17.035,19.2,56.6,0
2025-12-14T21:08:19.289,19.2,56.4,0
2025-12-14T21:08:21.544,19.2,56.4,0
2025-12-14T21:08:23.798,19.2,56.6,0
2025-12-14T21:08:26.053,19.2,56.6,0
2025-12-14T21:08:28.308,19.2,56.6,0
2025-12-14T21:08:30.562,19.2,56.5,0
2025-12-14T21:08:32.817,19.2,56.5,0
2025-12-14T21:08:35.072,19.2,56.6,0
2025-12-14T21:08:37.327,19.2,56.7,0
2025-12-14T21:08:39.581,19.2,56.7,0
2025-12-14T21:08:41.836,19.2,56.7,0
2025-12-14T21:08:44.091,19.2,56.6,0
2025-12-14T21:08:46.346,19.2,56.4,0
2025-12-14T21:08:48.601,19.2,56.4,0
2025-12-14T21:08:50.856,19.2,56.6,0
2025-12-14T21:08:53.110,19.2,56.6,0
2025-12-14T21:08:55.365,19.2,56.7,0
2025-12-14T21:08:57.620,19.2,56.6,0
2025-12-14T21:08:59.875,19.2,56.6,0
2025-12-14T21:09:02.129,19.2,56.6,0
2025-12-14T21:09:04.384,19.2,56.6,0
2025-12-14T21:09:06.639,19.2,56.5,0
2025-12-14T21:09:08.893,19.2,56.3,0
2025-12-14T21:09:11.148,19.2,56.2,0
2025-12-14T21:09:13.403,19.2,56.3,0
2025-12-14T21:09:15.658,19.2,56.4,0
2025-12-14T21:09:17.913,19.2,56.5,0
2025-12-14T21:09:20.167,19.2,56.4,0
2025-12-14T21:09:22.422,19.2,56.3,0
2025-12-14T21:09:24.677,19.2,56.3,0
2025-12-14T21:09:26.932,19.2,56.5,0
2025-12-14T21:09:29.186,19.2,56.4,0
2025-12-14T21:09:31.441,19.2,56.2,0
2025-12-14T21:09:33.696,19.2,56.1,0
2025-12-14T21:09:35.955,19.2,56.2,0
2025-12-14T21:09:38.215,19.2,56.2,0
2025-12-14T21:09:40.471,19.2,56.2,0
2025-12-14T21:09:42.725,19.2,56.1,0
2025-12-14T21:09:44.980,19.2,56.0,0
2025-12-14T21:09:47.239,19.2,55.8,0
2025-12-14T21:09:49.499,19.2,55.8,0
2025-12-14T21:09:51.755,19.2,55.8,0
2025-12-14T21:09:54.015,19.2,55.8,0
2025-12-14T21:09:56.269,19.2,55.9,0
2025-12-14T21:09:58.524,19.2,56.0,0
2025-12-14T21:10:00.783,19.2,56.1,0
2025-12-14T21:10:03.043,19.2,56.0,0
2025-12-14T21:10:05.303,19.2,55.9,0
2025-12-14T21:10:07.557,19.2,55.7,0
2025-12-14T21:10:09.812,19.2,55.9,0
2025-12-14T21:10:12.071,19.2,56.0,0
2025-12-14T21:10:14.327,19.2,56.2,0
2025-12-14T21:10:16.581,19.2,56.3,0
2025-12-14T21:10:18.836,19.2,56.4,0
2025-12-14T21:10:21.095,19.2,56.4,0
2025-12-14T21:10:23.349,19.2,56.3,0
2025-12-14T21:10:25.607,19.2,56.2,0
2025-12-14T21:10:27.862,19.2,56.1,0
2025-12-14T21:10:30.116,19.2,56.1,0
2025-12-14T21:10:32.370,19.2,56.2,0
2025-12-14T21:10:34.627,19.2,56.3,0
2025-12-14T21:10:36.887,19.2,56.4,0
2025-12-14T21:10:39.142,19.2,56.5,0
2025-12-14T21:10:41.399,19.2,56.6,0
2025-12-14T21:10:43.653,19.2,56.6,0
2025-12-14T21:10:45.911,19.2,56.4,0
2025-12-14T21:10:48.171,19.2,56.6,0
2025-12-14T21:10:50.425,19.2,56.6,0
2025-12-14T21:10:52.683,19.2,56.4,0
2025-12-14T21:10:54.943,19.2,56.4,0
2025-12-14T21:10:57.197,19.2,56.4,0
2025-12-14T21:10:59.455,19.2,56.5,0
2025-12-14T21:11:01.715,19.2,56.5,0
2025-12-14T21:11:03.969,19.2,56.5,0
2025-12-14T21:11:06.227,19.2,56.4,0
2025-12-14T21:11:08.482,19.2,56.4,0
2025-12-14T21:11:10.736,19.2,56.4,0
2025-12-14T21:11:12.995,19.2,56.6,0
2025-12-14T21:11:15.250,19.1,56.6,0
2025-12-14T21:11:17.507,19.2,56.6,0
2025-12-14T21:11:19.767,19.2,56.5,0
2025-12-14T21:11:22.027,19.2,56.4,0
2025-12-14T21:11:24.281,19.2,56.3,0
2025-12-14T21:11:26.536,19.2,56.3,0
2025-12-14T21:11:28.795,19.2,56.5,0
2025-12-14T21:11:31.049,19.2,56.7,0
2025-12-14T21:11:33.304,19.2,56.7,0
2025-12-14T21:11:35.563,19.2,56.8,0
2025-12-14T21:11:37.817,19.2,56.8,0
2025-12-14T21:11:40.072,19.2,56.9,0
2025-12-14T21:11:42.331,19.2,57.0,0
2025-12-14T21:11:44.591,19.2,57.0,0
2025-12-14T21:11:46.846,19.2,57.1,0
2025-12-14T21:11:49.103,19.2,57.1,0
2025-12-14T21:11:51.363,19.2,57.1,0
2025-12-14T21:11:53.617,19.2,57.2,0
2025-12-14T21:11:55.872,19.2,57.0,0
2025-12-14T21:11:58.126,19.2,56.7,0
2025-12-14T21:12:00.383,19.2,56.6,0
2025-12-14T21:12:02.643,19.2,56.6,0
2025-12-14T21:12:04.897,19.2,56.6,0
2025-12-14T21:12:07.152,19.2,56.6,0
2025-12-14T21:12:09.411,19.2,56.7,0
2025-12-14T21:12:11.665,19.2,56.8,0
2025-12-14T21:12:13.923,19.2,56.7,0
2025-12-14T21:12:16.183,19.2,56.6,0
2025-12-14T21:12:18.437,19.2,56.4,0
2025-12-14T21:12:20.695,19.2,56.5,0
2025-12-14T21:12:22.950,19.2,56.5,0
2025-12-14T21:12:25.207,19.2,56.5,0
2025-12-14T21:12:27.461,19.2,56.4,0
2025-12-14T21:12:29.716,19.2,56.3,0
2025-12-14T21:12:31.970,19.2,56.4,0
2025-12-14T21:12:34.227,19.2,56.5,0
2025-12-14T21:12:36.487,19.2,56.5,0
2025-12-14T21:12:38.747,19.2,56.4,0
2025-12-14T21:12:41.007,19.2,56.6,0
2025-12-14T21:12:43.267,19.2,56.4,0
2025-12-14T21:12:45.527,19.2,56.4,0
2025-12-14T21:12:47.787,19.2,56.3,0
2025-12-14T21:12:50.042,19.2,56.3,0
2025-12-14T21:12:52.299,19.2,56.3,0
2025-12-14T21:12:54.559,19.2,56.3,0
2025-12-14T21:12:56.819,19.2,56.4,0
2025-12-14T21:12:59.073,19.2,56.6,0
2025-12-14T21:13:01.328,19.2,56.6,0
2025-12-14T21:13:03.587,19.2,56.6,0
2025-12-14T21:13:05.841,19.2,56.7,0
2025-12-14T21:13:08.096,19.2,56.7,0
2025-12-14T21:13:10.350,19.2,56.6,0
2025-12-14T21:13:12.605,19.2,56.4,0
2025-12-14T21:13:14.859,19.2,56.4,0
2025-12-14T21:13:17.114,19.2,56.5,0
2025-12-14T21:13:19.368,19.2,56.4,0
2025-12-14T21:13:21.627,19.2,56.5,0
2025-12-14T21:13:23.887,19.2,56.6,0
2025-12-14T21:13:26.143,19.2,56.8,0
2025-12-14T21:13:28.403,19.2,56.8,0
2025-12-14T21:13:30.657,19.2,56.9,0
2025-12-14T21:13:32.912,19.2,56.8,0
2025-12-14T21:13:35.166,19.2,56.8,0
2025-12-14T21:13:37.421,19.2,56.7,0
2025-12-14T21:13:39.679,19.2,56.8,0
2025-12-14T21:13:41.939,19.2,56.7,0
2025-12-14T21:13:44.199,19.2,56.7,0
2025-12-14T21:13:46.453,19.2,56.7,0
2025-12-14T21:13:48.708,19.2,56.6,0
2025-12-14T21:13:50.967,19.2,56.5,0
2025-12-14T21:13:53.227,19.2,56.6,0
2025-12-14T21:13:55.487,19.2,56.7,0
2025-12-14T21:13:57.747,19.2,56.8,0
2025-12-14T21:14:00.001,19.2,56.6,0
2025-12-14T21:14:02.259,19.2,56.4,0
2025-12-14T21:14:04.519,19.2,56.3,0
2025-12-14T21:14:06.773,19.2,56.2,0
2025-12-14T21:14:09.028,19.2,56.3,0
2025-12-14T21:14:11.282,19.1,56.3,0
2025-12-14T21:14:13.537,19.2,56.4,0
2025-12-14T21:14:15.791,19.1,56.3,0
2025-12-14T21:14:18.051,19.1,56.4,0
2025-12-14T21:14:20.305,19.2,56.5,0
2025-12-14T21:14:22.563,,,0
2025-12-14T21:14:24.819,19.2,56.7,0
2025-12-14T21:14:27.079,19.2,56.8,0
2025-12-14T21:14:29.339,19.2,56.9,0
2025-12-14T21:14:31.599,19.2,56.8,0
2025-12-14T21:14:33.853,19.2,56.8,0
2025-12-14T21:14:36.111,19.2,56.7,0
2025-12-14T21:14:38.371,19.2,56.6,0
2025-12-14T21:14:40.631,19.2,56.6,0
2025-12-14T21:14:42.887,19.2,56.6,0
2025-12-14T21:14:45.142,19.2,56.6,0
2025-12-14T21:14:47.396,19.2,56.4,0
2025-12-14T21:14:49.655,19.2,56.4,0
2025-12-14T21:14:51.915,19.2,56.4,0
2025-12-14T21:14:54.175,19.2,56.5,0
2025-12-14T21:14:56.430,19.2,56.4,0
2025-12-14T21:14:58.685,19.1,56.3,0
2025-12-14T21:15:00.939,19.1,56.4,0
2025-12-14T21:15:03.194,19.2,56.5,0
2025-12-14T21:15:05.449,19.2,56.4,0
2025-12-14T21:15:07.704,19.2,56.4,0
2025-12-14T21:15:09.959,19.2,56.6,0
2025-12-14T21:15:12.213,19.2,56.6,0
2025-12-14T21:15:14.468,19.2,56.7,0
2025-12-14T21:15:16.723,,,0
2025-12-14T21:15:18.977,19.2,56.7,0
2025-12-14T21:15:21.232,19.2,56.7,0
2025-12-14T21:15:23.487,19.2,56.6,0
2025-12-14T21:15:25.742,19.1,56.5,0
2025-12-14T21:15:27.996,19.2,56.6,0
2025-12-14T21:15:30.251,19.2,56.7,0
2025-12-14T21:15:32.506,19.2,56.7,0
2025-12-14T21:15:34.761,19.1,56.5,0
2025-12-14T21:15:37.016,19.2,56.5,0
2025-12-14T21:15:39.273,19.1,56.6,0
2025-12-14T21:15:41.528,19.2,56.7,0
2025-12-14T21:15:43.785,19.1,56.8,0
2025-12-14T21:15:46.040,19.2,57.0,0
2025-12-14T21:15:48.295,19.1,56.7,0
2025-12-14T21:15:50.550,19.2,56.7,0
2025-12-14T21:15:52.804,19.1,56.6,0
2025-12-14T21:15:55.059,19.1,56.4,0
2025-12-14T21:15:57.314,19.2,56.5,0
2025-12-14T21:15:59.569,19.2,56.6,0
2025-12-14T21:16:01.823,19.2,56.6,0
2025-12-14T21:16:04.081,19.2,56.7,0
2025-12-14T21:16:06.335,19.2,56.7,0
2025-12-14T21:16:08.590,19.2,56.8,0
2025-12-14T21:16:10.844,,,0
2025-12-14T21:16:13.099,19.1,56.8,0
2025-12-14T21:16:15.353,19.2,56.8,0
2025-12-14T21:16:17.607,19.1,56.8,0
2025-12-14T21:16:19.867,19.1,56.9,0
2025-12-14T21:16:22.121,19.2,56.9,0
2025-12-14T21:16:24.379,19.2,57.0,0
2025-12-14T21:16:26.633,19.1,56.9,0
2025-12-14T21:16:28.891,19.2,57.0,0
2025-12-14T21:16:31.151,19.2,56.9,0
2025-12-14T21:16:33.411,19.2,56.8,0
2025-12-14T21:16:35.665,19.2,56.6,0
2025-12-14T21:16:37.923,19.2,56.5,0
2025-12-14T21:16:40.183,19.1,56.4,0
2025-12-14T21:16:42.443,19.1,56.3,0
2025-12-14T21:16:44.703,,,0
2025-12-14T21:16:46.963,19.1,56.6,0
2025-12-14T21:16:49.217,19.2,56.7,0
2025-12-14T21:16:51.475,19.2,56.8,0
2025-12-14T21:16:53.729,19.2,56.8,0
2025-12-14T21:16:55.987,19.1,56.6,0
2025-12-14T21:16:58.247,19.2,56.6,0
2025-12-14T21:17:00.507,19.1,56.5,0
2025-12-14T21:17:02.767,19.2,56.6,0
2025-12-14T21:17:05.021,19.2,56.8,0
2025-12-14T21:17:07.276,19.1,56.8,0
2025-12-14T21:17:09.535,19.2,56.7,0
2025-12-14T21:17:11.789,19.1,56.6,0
2025-12-14T21:17:14.047,19.1,56.5,0
2025-12-14T21:17:16.301,19.1,56.6,0
2025-12-14T21:17:18.559,19.2,56.8,0
2025-12-14T21:17:20.813,19.2,56.6,0
2025-12-14T21:17:23.068,19.2,56.6,0
2025-12-14T21:17:25.322,19.1,56.6,0
2025-12-14T21:17:27.579,19.2,56.8,0
2025-12-14T21:17:29.833,19.2,56.7,0
2025-12-14T21:17:32.088,19.1,56.5,0
2025-12-14T21:17:34.347,19.2,56.7,0
2025-12-14T21:17:36.601,19.1,56.6,0
2025-12-14T21:17:38.859,19.1,56.5,0
2025-12-14T21:17:41.113,19.1,56.4,0
2025-12-14T21:17:43.371,19.1,56.4,0
2025-12-14T21:17:45.625,19.1,56.3,0
2025-12-14T21:17:47.883,19.1,56.4,0
2025-12-14T21:17:50.143,19.2,56.5,0
2025-12-14T21:17:52.403,19.2,56.6,0
2025-12-14T21:17:54.663,19.1,56.4,0
2025-12-14T21:17:56.917,19.1,56.4,0
2025-12-14T21:17:59.175,,,0
2025-12-14T21:18:01.429,19.1,56.5,0
2025-12-14T21:18:03.687,19.1,56.4,0
2025-12-14T21:18:05.941,19.1,56.2,0
2025-12-14T21:18:08.199,19.1,56.2,0
2025-12-14T21:18:10.459,19.1,56.2,0
2025-12-14T21:18:12.719,19.1,56.2,0
2025-12-14T21:18:14.973,19.1,56.2,0
2025-12-14T21:18:17.228,19.1,56.1,0
2025-12-14T21:18:19.482,19.1,56.1,0
2025-12-14T21:18:21.739,19.1,56.2,0
2025-12-14T21:18:23.999,19.1,56.3,0
2025-12-14T21:18:26.253,19.1,56.4,0
2025-12-14T21:18:28.511,19.1,56.6,0
2025-12-14T21:18:30.765,19.1,56.6,0
2025-12-14T21:18:33.020,19.1,56.6,0
2025-12-14T21:18:35.274,19.1,56.5,0
2025-12-14T21:18:37.531,19.1,56.5,0
2025-12-14T21:18:39.791,19.1,56.6,0
2025-12-14T21:18:42.047,19.1,56.6,0
2025-12-14T21:18:44.301,19.1,56.6,0
2025-12-14T21:18:46.559,,,0
2025-12-14T21:18:48.813,19.1,56.7,0
2025-12-14T21:18:51.068,19.1,56.8,0
2025-12-14T21:18:53.322,19.1,56.9,0
2025-12-14T21:18:55.577,19.1,56.9,0
2025-12-14T21:18:57.831,19.1,56.8,0
2025-12-14T21:19:00.091,19.1,56.6,0
2025-12-14T21:19:02.345,19.1,56.5,0
2025-12-14T21:19:04.600,19.1,56.4,0
2025-12-14T21:19:06.859,19.1,56.5,0
2025-12-14T21:19:09.119,19.1,56.4,0
2025-12-14T21:19:11.373,19.1,56.4,0
2025-12-14T21:19:13.631,,,0
2025-12-14T21:19:15.885,19.1,56.5,0
2025-12-14T21:19:18.140,19.1,56.5,0
2025-12-14T21:19:20.394,19.1,56.6,0
2025-12-14T21:19:22.651,19.1,56.6,0
2025-12-14T21:19:24.905,19.1,56.6,0
2025-12-14T21:19:27.160,19.1,56.7,0
2025-12-14T21:19:29.415,19.1,56.8,0
2025-12-14T21:19:31.675,19.1,57.0,0
2025-12-14T21:19:33.929,19.1,57.0,0
2025-12-14T21:19:36.184,19.1,56.9,0
2025-12-14T21:19:38.438,19.1,56.8,0
2025-12-14T21:19:40.695,19.1,56.7,0
2025-12-14T21:19:42.950,19.1,56.8,0
2025-12-14T21:19:45.207,19.1,56.8,0
2025-12-14T21:19:47.461,19.1,56.9,0
2025-12-14T21:19:49.719,19.1,56.8,0
2025-12-14T21:19:51.973,19.1,56.8,0
2025-12-14T21:19:54.231,19.1,56.8,0
2025-12-14T21:19:56.485,19.1,56.8,0
2025-12-14T21:19:58.740,19.1,56.7,0
2025-12-14T21:20:00.994,19.1,56.7,0
2025-12-14T21:20:03.251,19.1,56.6,0
2025-12-14T21:20:05.511,19.1,56.7,0
2025-12-14T21:20:07.771,19.1,56.6,0
2025-12-14T21:20:10.025,19.1,56.6,0
2025-12-14T21:20:12.280,19.1,56.8,0
2025-12-14T21:20:14.534,19.1,56.9,0
2025-12-14T21:20:16.791,19.1,56.9,0
2025-12-14T21:20:19.045,19.1,56.9,0
2025-12-14T21:20:21.300,19.1,57.0,0
2025-12-14T21:20:23.554,19.1,57.0,0
2025-12-14T21:20:25.808,19.1,57.1,0
2025-12-14T21:20:28.067,19.1,57.0,0
2025-12-14T21:20:30.327,19.1,56.9,0
2025-12-14T21:20:32.581,19.1,56.9,0
2025-12-14T21:20:34.836,19.1,57.0,0
2025-12-14T21:20:37.090,19.1,57.1,0
2025-12-14T21:20:39.344,19.1,57.2,0
2025-12-14T21:20:41.599,19.1,57.0,0
2025-12-14T21:20:43.853,19.1,57.0,0
2025-12-14T21:20:46.111,19.1,56.9,0
2025-12-14T21:20:48.371,,,0
2025-12-14T21:20:50.625,19.1,56.9,0
2025-12-14T21:20:52.880,19.1,56.9,0
2025-12-14T21:20:55.134,19.1,56.9,0
2025-12-14T21:20:57.391,19.1,56.9,0
2025-12-14T21:20:59.645,19.1,57.0,0
2025-12-14T21:21:01.903,19.1,57.1,0
2025-12-14T21:21:04.163,19.1,57.2,0
2025-12-14T21:21:06.423,19.1,57.2,0
2025-12-14T21:21:08.683,19.1,57.3,0
2025-12-14T21:21:10.943,19.1,57.1,0
2025-12-14T21:21:13.197,19.1,57.0,0
2025-12-14T21:21:15.452,19.1,56.8,0
2025-12-14T21:21:17.706,19.1,56.7,0
2025-12-14T21:21:19.961,19.1,56.8,0
2025-12-14T21:21:22.215,19.1,56.9,0
2025-12-14T21:21:24.470,19.1,57.1,0
2025-12-14T21:21:26.725,19.1,57.1,0
2025-12-14T21:21:28.979,19.1,57.1,0
2025-12-14T21:21:31.234,19.1,57.1,0
2025-12-14T21:21:33.489,19.1,57.2,0
2025-12-14T21:21:35.744,19.1,57.1,0
2025-12-14T21:21:37.998,19.1,57.0,0
2025-12-14T21:21:40.253,19.1,56.9,0
2025-12-14T21:21:42.508,19.1,56.8,0
2025-12-14T21:21:44.762,19.1,56.9,0
2025-12-14T21:21:47.017,19.1,57.0,0
2025-12-14T21:21:49.272,19.1,57.0,0
2025-12-14T21:21:51.526,19.1,57.1,0
2025-12-14T21:21:53.781,19.1,57.2,0
2025-12-14T21:21:56.036,19.1,57.2,0
2025-12-14T21:21:58.290,19.1,57.1,0
2025-12-14T21:22:00.545,19.1,57.0,0
2025-12-14T21:22:02.800,19.1,57.0,0
2025-12-14T21:22:05.054,19.1,56.9,0
2025-12-14T21:22:07.309,19.1,56.8,0
2025-12-14T21:22:09.564,19.1,56.6,0
2025-12-14T21:22:11.818,19.1,56.7,0
2025-12-14T21:22:14.073,19.1,56.6,0
2025-12-14T21:22:16.328,19.1,56.6,0
2025-12-14T21:22:18.582,19.1,56.8,0
2025-12-14T21:22:20.837,19.1,56.8,0
2025-12-14T21:22:23.092,19.1,56.6,0
2025-12-14T21:22:25.347,19.1,56.5,0
2025-12-14T21:22:27.601,19.1,56.6,0
2025-12-14T21:22:29.856,19.1,56.6,0
2025-12-14T21:22:32.111,19.1,56.5,0
2025-12-14T21:22:34.365,19.1,56.5,0
2025-12-14T21:22:36.620,19.1,56.3,0
2025-12-14T21:22:38.875,19.1,56.4,0
2025-12-14T21:22:41.129,19.1,56.4,0
2025-12-14T21:22:43.384,19.1,56.4,0
2025-12-14T21:22:45.639,19.1,56.4,0
2025-12-14T21:22:47.893,19.1,56.5,0
2025-12-14T21:22:50.148,19.1,56.5,0
2025-12-14T21:22:52.403,19.1,56.6,0
2025-12-14T21:22:54.658,19.1,56.8,0
2025-12-14T21:22:56.912,19.1,56.9,0
2025-12-14T21:22:59.167,19.1,56.8,0
2025-12-14T21:23:01.422,19.1,56.7,0
2025-12-14T21:23:03.676,19.1,56.7,0
2025-12-14T21:23:05.931,19.1,56.8,0
2025-12-14T21:23:08.186,19.1,56.9,0
2025-12-14T21:23:10.440,19.1,56.8,0
2025-12-14T21:23:12.695,19.1,56.9,0
2025-12-14T21:23:14.950,19.1,56.9,0
2025-12-14T21:23:17.204,19.1,56.9,0
2025-12-14T21:23:19.459,19.1,57.0,0
2025-12-14T21:23:21.714,19.1,57.2,0
2025-12-14T21:23:23.968,19.1,57.2,0
2025-12-14T21:23:26.223,19.1,57.2,0
2025-12-14T21:23:28.478,19.1,57.1,0
2025-12-14T21:23:30.734,19.1,57.0,0
2025-12-14T21:23:32.988,19.1,56.8,0
2025-12-14T21:23:35.243,19.1,56.8,0
2025-12-14T21:23:37.498,19.1,56.6,0
2025-12-14T21:23:39.753,19.1,56.7,0
2025-12-14T21:23:42.007,19.1,56.8,0
2025-12-14T21:23:44.262,19.1,56.8,0
2025-12-14T21:23:46.517,19.1,56.7,0
2025-12-14T21:23:48.771,19.1,56.8,0
2025-12-14T21:23:51.026,19.1,56.9,0
2025-12-14T21:23:53.280,19.1,56.9,0
2025-12-14T21:23:55.535,19.1,56.9,0
2025-12-14T21:23:57.790,19.1,57.0,0
2025-12-14T21:24:00.045,19.1,57.0,0
2025-12-14T21:24:02.299,19.1,56.8,0
2025-12-14T21:24:04.554,19.1,56.8,0
2025-12-14T21:24:06.809,19.1,56.9,0
2025-12-14T21:24:09.063,19.1,57.1,0
2025-12-14T21:24:11.318,19.1,57.0,0
2025-12-14T21:24:13.573,19.1,57.0,0
2025-12-14T21:24:15.827,19.1,57.0,0
2025-12-14T21:24:18.082,19.1,57.0,0
2025-12-14T21:24:20.337,19.1,56.9,0
2025-12-14T21:24:22.591,19.1,57.0,0
2025-12-14T21:24:24.846,19.1,57.1,0
2025-12-14T21:24:27.101,19.1,57.1,0
2025-12-14T21:24:29.356,19.1,57.2,0
2025-12-14T21:24:31.610,19.1,57.2,0
2025-12-14T21:24:33.865,19.1,57.0,0
2025-12-14T21:24:36.120,19.1,57.0,0
2025-12-14T21:24:38.375,19.1,57.0,0
2025-12-14T21:24:40.630,19.1,57.1,0
2025-12-14T21:24:42.884,19.1,57.0,0
2025-12-14T21:24:45.139,19.1,56.9,0
2025-12-14T21:24:47.394,19.1,57.0,0
2025-12-14T21:24:49.648,19.1,56.9,0
2025-12-14T21:24:51.903,19.1,56.8,0
2025-12-14T21:24:54.158,19.1,56.8,0
2025-12-14T21:24:56.413,19.1,56.7,0
2025-12-14T21:24:58.668,19.1,56.8,0
2025-12-14T21:25:00.922,19.1,56.9,0
2025-12-14T21:25:03.177,19.1,56.9,0
2025-12-14T21:25:05.432,19.1,56.8,0
2025-12-14T21:25:07.687,19.1,56.8,0
2025-12-14T21:25:09.941,19.1,56.6,0
2025-12-14T21:25:12.196,19.1,56.5,0
2025-12-14T21:25:14.451,19.1,56.6,0
2025-12-14T21:25:16.706,19.1,56.6,0
2025-12-14T21:25:18.961,19.1,56.6,0
2025-12-14T21:25:21.215,19.1,56.7,0
2025-12-14T21:25:23.470,19.1,56.6,0
2025-12-14T21:25:25.725,19.1,56.5,0
2025-12-14T21:25:27.979,19.1,56.5,0
2025-12-14T21:25:30.234,19.1,56.4,0
2025-12-14T21:25:32.489,19.1,56.4,0
2025-12-14T21:25:34.743,19.1,56.4,0
2025-12-14T21:25:36.998,19.1,56.4,0
2025-12-14T21:25:39.253,19.1,56.5,0
2025-12-14T21:25:41.508,19.1,56.5,0
2025-12-14T21:25:43.762,19.1,56.5,0
2025-12-14T21:25:46.017,19.1,56.5,0
2025-12-14T21:25:48.272,19.1,56.4,0
2025-12-14T21:25:50.526,19.1,56.4,0
2025-12-14T21:25:52.781,19.1,56.3,0
2025-12-14T21:25:55.036,19.1,56.4,0
2025-12-14T21:25:57.291,19.1,56.5,0
2025-12-14T21:25:59.546,19.1,56.5,0
2025-12-14T21:26:01.800,19.1,56.6,0
2025-12-14T21:26:04.059,19.1,56.6,0
2025-12-14T21:26:06.313,19.1,56.6,0
2025-12-14T21:26:08.568,19.1,56.7,0
2025-12-14T21:26:10.827,19.1,56.8,0
2025-12-14T21:26:13.087,19.1,56.9,0
2025-12-14T21:26:15.341,19.1,57.0,0
2025-12-14T21:26:17.596,19.1,56.9,0
2025-12-14T21:26:19.850,19.1,57.0,0
2025-12-14T21:26:22.107,19.1,57.0,0
2025-12-14T21:26:24.362,19.1,57.0,0
2025-12-14T21:26:26.617,19.1,57.2,0
2025-12-14T21:26:28.872,19.1,57.1,0
2025-12-14T21:26:31.126,19.1,57.0,0
2025-12-14T21:26:33.381,19.1,56.9,0
2025-12-14T21:26:35.636,19.1,56.9,0
2025-12-14T21:26:37.891,19.1,56.8,0
2025-12-14T21:26:40.145,19.1,56.9,0
2025-12-14T21:26:42.400,19.1,56.9,0
2025-12-14T21:26:44.655,19.1,56.9,0
2025-12-14T21:26:46.910,19.1,56.9,0
2025-12-14T21:26:49.164,19.1,57.0,0
2025-12-14T21:26:51.419,19.1,57.0,0
2025-12-14T21:26:53.674,19.1,57.0,0
2025-12-14T21:26:55.929,19.1,57.0,0
2025-12-14T21:26:58.183,19.1,56.9,0
2025-12-14T21:27:00.438,19.1,56.9,0
2025-12-14T21:27:02.693,19.1,56.8,0
2025-12-14T21:27:04.948,19.1,56.6,0
2025-12-14T21:27:07.203,19.1,56.5,0
2025-12-14T21:27:09.457,19.1,56.4,0
2025-12-14T21:27:11.712,19.1,56.5,0
2025-12-14T21:27:13.967,19.1,56.5,0
2025-12-14T21:27:16.222,19.1,56.5,0
2025-12-14T21:27:18.477,19.1,56.4,0
2025-12-14T21:27:20.733,19.1,56.4,0
2025-12-14T21:27:22.988,19.1,56.3,0
2025-12-14T21:27:25.242,19.1,56.2,0
2025-12-14T21:27:27.497,19.1,56.2,0
2025-12-14T21:27:29.752,19.1,56.2,0
2025-12-14T21:27:32.007,19.1,56.1,0
2025-12-14T21:27:34.262,19.1,56.1,0
2025-12-14T21:27:36.516,19.1,56.2,0
2025-12-14T21:27:38.771,19.1,56.1,0
2025-12-14T21:27:41.026,19.1,56.1,0
2025-12-14T21:27:43.281,19.1,56.1,0
2025-12-14T21:27:45.535,19.1,56.2,0
2025-12-14T21:27:47.790,19.1,56.3,0
2025-12-14T21:27:50.045,19.1,56.4,0
2025-12-14T21:27:52.300,19.1,56.3,0
2025-12-14T21:27:54.555,19.1,56.3,0
2025-12-14T21:27:56.810,19.1,56.3,0
2025-12-14T21:27:59.064,19.1,56.2,0
2025-12-14T21:28:01.319,19.1,56.2,0
2025-12-14T21:28:03.574,19.1,56.2,0
2025-12-14T21:28:05.829,19.1,56.3,0
2025-12-14T21:28:08.084,19.1,56.2,0
2025-12-14T21:28:10.338,19.1,56.2,0
2025-12-14T21:28:12.593,19.1,56.2,0
2025-12-14T21:28:14.848,19.1,56.2,0
2025-12-14T21:28:17.103,19.1,56.4,0
2025-12-14T21:28:19.357,19.1,56.5,0
2025-12-14T21:28:21.612,19.1,56.5,0
2025-12-14T21:28:23.867,19.1,56.4,0
2025-12-14T21:28:26.122,19.1,56.3,0
2025-12-14T21:28:28.377,19.1,56.2,0
2025-12-14T21:28:30.631,19.1,56.2,0
2025-12-14T21:28:32.886,19.1,56.1,0
2025-12-14T21:28:35.141,19.1,56.1,0
2025-12-14T21:28:37.396,19.1,56.2,0
2025-12-14T21:28:39.650,19.1,56.2,0
2025-12-14T21:28:41.905,19.1,56.4,0
2025-12-14T21:28:44.160,19.1,56.4,0
2025-12-14T21:28:46.415,19.1,56.4,0
2025-12-14T21:28:48.670,19.1,56.3,0
2025-12-14T21:28:50.924,19.1,56.2,0
2025-12-14T21:28:53.179,19.1,56.2,0
2025-12-14T21:28:55.434,19.1,56.2,0
2025-12-14T21:28:57.689,19.1,56.1,0
2025-12-14T21:28:59.944,19.1,56.1,0
2025-12-14T21:29:02.198,19.1,56.2,0
2025-12-14T21:29:04.453,19.0,56.1,0
2025-12-14T21:29:06.708,19.1,56.2,0
2025-12-14T21:29:08.963,19.1,56.1,0
2025-12-14T21:29:11.217,19.1,56.2,0
2025-12-14T21:29:13.472,19.1,56.0,0
2025-12-14T21:29:15.727,19.1,56.0,0
2025-12-14T21:29:17.982,19.1,56.1,0
2025-12-14T21:29:20.236,19.1,56.1,0
2025-12-14T21:29:22.491,19.1,56.0,0
2025-12-14T21:29:24.746,19.1,56.0,0
2025-12-14T21:29:27.001,19.0,56.0,0
2025-12-14T21:29:29.256,19.1,56.0,0
2025-12-14T21:29:31.510,19.1,55.9,0
2025-12-14T21:29:33.765,19.1,56.0,0
2025-12-14T21:29:36.023,19.1,56.0,0
2025-12-14T21:29:38.283,19.1,55.9,0
2025-12-14T21:29:40.537,19.1,55.8,0
2025-12-14T21:29:42.792,19.1,55.9,0
2025-12-14T21:29:45.051,19.1,55.9,0
2025-12-14T21:29:47.305,19.1,55.8,0
2025-12-14T21:29:49.563,19.1,55.8,0
2025-12-14T21:29:51.823,19.1,55.9,0
2025-12-14T21:29:54.077,19.1,56.0,0
2025-12-14T21:29:56.335,19.0,56.0,0
2025-12-14T21:29:58.595,19.1,56.1,0
2025-12-14T21:30:00.851,19.1,56.1,0
2025-12-14T21:30:03.106,19.1,56.1,0
2025-12-14T21:30:05.360,19.0,56.0,0
2025-12-14T21:30:07.614,19.1,56.2,0
2025-12-14T21:30:09.869,19.1,56.2,0
2025-12-14T21:30:12.127,19.1,56.3,0
2025-12-14T21:30:14.381,19.1,56.4,0
2025-12-14T21:30:16.636,19.0,56.4,0
2025-12-14T21:30:18.895,19.1,56.5,0
2025-12-14T21:30:21.149,19.1,56.5,0
2025-12-14T21:30:23.407,19.1,56.5,0
2025-12-14T21:30:25.667,19.1,56.4,0
2025-12-14T21:30:27.927,19.1,56.4,0
2025-12-14T21:30:30.182,19.1,56.5,0
2025-12-14T21:30:32.437,19.1,56.4,0
2025-12-14T21:30:34.691,19.1,56.3,0
2025-12-14T21:30:36.946,19.1,56.2,0
2025-12-14T21:30:39.201,19.1,56.2,0
2025-12-14T21:30:41.455,19.1,56.2,0
2025-12-14T21:30:43.710,19.1,56.3,0
2025-12-14T21:30:45.965,19.1,56.4,0
2025-12-14T21:30:48.219,19.1,56.4,0
2025-12-14T21:30:50.474,19.0,56.2,0
2025-12-14T21:30:52.728,19.1,56.3,0
2025-12-14T21:30:54.983,19.0,56.3,0
2025-12-14T21:30:57.238,19.1,56.4,0
2025-12-14T21:30:59.492,19.0,56.2,0
2025-12-14T21:31:01.747,19.1,56.3,0
2025-12-14T21:31:04.002,19.1,56.4,0
2025-12-14T21:31:06.257,19.1,56.4,0
2025-12-14T21:31:08.511,19.1,56.5,0
2025-12-14T21:31:10.766,19.1,56.5,0
2025-12-14T21:31:13.021,19.1,56.5,0
2025-12-14T21:31:15.275,19.0,56.4,0
2025-12-14T21:31:17.530,19.1,56.4,0
2025-12-14T21:31:19.785,19.1,56.4,0
2025-12-14T21:31:22.039,19.1,56.4,0
2025-12-14T21:31:24.294,19.1,56.3,0
2025-12-14T21:31:26.549,19.1,56.3,0
2025-12-14T21:31:28.804,19.0,56.3,0
2025-12-14T21:31:31.058,19.1,56.3,0
2025-12-14T21:31:33.313,19.1,56.3,0
2025-12-14T21:31:35.567,19.1,56.3,0
2025-12-14T21:31:37.822,19.1,56.4,0
2025-12-14T21:31:40.077,19.1,56.4,0
2025-12-14T21:31:42.332,19.1,56.5,0
2025-12-14T21:31:44.586,19.1,56.5,0
2025-12-14T21:31:46.841,19.1,56.5,0
2025-12-14T21:31:49.096,19.1,56.6,0
2025-12-14T21:31:51.351,19.1,56.7,0
2025-12-14T21:31:53.607,19.1,56.8,0
2025-12-14T21:31:55.867,19.1,56.8,0
2025-12-14T21:31:58.121,19.1,56.8,0
2025-12-14T21:32:00.379,19.1,56.9,0
2025-12-14T21:32:02.633,19.1,57.0,0
2025-12-14T21:32:04.888,19.1,57.1,0
2025-12-14T21:32:07.147,19.1,57.2,0
2025-12-14T21:32:09.407,19.1,57.2,0
2025-12-14T21:32:11.667,19.1,57.2,0
2025-12-14T21:32:13.923,19.1,57.0,0
2025-12-14T21:32:16.183,19.1,56.8,0
2025-12-14T21:32:18.443,,,0
2025-12-14T21:32:20.703,19.1,56.7,0
2025-12-14T21:32:22.959,19.1,56.8,0
2025-12-14T21:32:25.215,19.1,56.6,0
2025-12-14T21:32:27.471,19.1,56.5,0
2025-12-14T21:32:29.727,19.1,56.5,0
2025-12-14T21:32:31.982,19.1,56.6,0
2025-12-14T21:32:34.236,19.1,56.4,0
2025-12-14T21:32:36.495,19.1,56.4,0
2025-12-14T21:32:38.749,19.1,56.4,0
2025-12-14T21:32:41.007,19.1,56.4,0
2025-12-14T21:32:43.261,19.1,56.4,0
2025-12-14T21:32:45.516,19.1,56.5,0
2025-12-14T21:32:47.775,19.1,56.5,0
2025-12-14T21:32:50.035,19.1,56.6,0
2025-12-14T21:32:52.295,19.1,56.5,0
2025-12-14T21:32:54.555,19.1,56.5,0
2025-12-14T21:32:56.815,19.1,56.5,0
2025-12-14T21:32:59.069,19.1,56.5,0
2025-12-14T21:33:01.324,19.1,56.5,0
2025-12-14T21:33:03.583,19.1,56.4,0
2025-12-14T21:33:05.843,19.1,56.5,0
2025-12-14T21:33:08.103,19.1,56.5,0
2025-12-14T21:33:10.357,19.1,56.6,0
2025-12-14T21:33:12.615,19.1,56.6,0
2025-12-14T21:33:14.875,19.1,56.6,0
2025-12-14T21:33:17.131,19.1,56.5,0
2025-12-14T21:33:19.385,19.1,56.5,0
2025-12-14T21:33:21.640,19.1,56.4,0
2025-12-14T21:33:23.894,19.1,56.5,0
2025-12-14T21:33:26.151,,,0
2025-12-14T21:33:28.405,19.1,56.4,0
2025-12-14T21:33:30.663,19.1,56.4,0
2025-12-14T21:33:32.923,19.1,56.5,0
2025-12-14T21:33:35.183,19.1,56.6,0
2025-12-14T21:33:37.437,19.1,56.6,0
2025-12-14T21:33:39.695,19.1,56.6,0
2025-12-14T21:33:41.955,19.1,56.7,0
2025-12-14T21:33:44.209,19.1,56.7,0
2025-12-14T21:33:46.464,19.1,56.6,0
2025-12-14T21:33:48.718,19.1,56.6,0
2025-12-14T21:33:50.973,19.1,56.6,0
2025-12-14T21:33:53.231,,,0
2025-12-14T21:33:55.491,19.1,56.5,0
2025-12-14T21:33:57.751,19.1,56.4,0
2025-12-14T21:34:00.011,19.1,56.3,0
2025-12-14T21:34:02.271,19.1,56.3,0
2025-12-14T21:34:04.525,19.1,56.3,0
2025-12-14T21:34:06.783,,,0
2025-12-14T21:34:09.043,19.1,56.4,0
2025-12-14T21:34:11.297,19.1,56.3,0
2025-12-14T21:34:13.555,19.1,56.2,0
2025-12-14T21:34:15.810,19.1,56.3,0
2025-12-14T21:34:18.067,19.1,56.3,0
2025-12-14T21:34:20.321,19.1,56.4,0
2025-12-14T21:34:22.576,19.1,56.3,0
2025-12-14T21:34:24.835,19.1,56.4,0
2025-12-14T21:34:27.095,,,0
2025-12-14T21:34:29.355,19.1,56.4,0
2025-12-14T21:34:31.610,19.1,56.3,0
2025-12-14T21:34:33.865,19.1,56.4,0
2025-12-14T21:34:36.119,19.1,56.5,0
2025-12-14T21:34:38.374,19.1,56.4,0
2025-12-14T21:34:40.628,19.1,56.2,0
2025-12-14T21:34:42.883,19.1,56.2,0
2025-12-14T21:34:45.138,19.1,56.2,0
2025-12-14T21:34:47.393,19.0,56.4,0
2025-12-14T21:34:49.647,19.0,56.4,0
2025-12-14T21:34:51.902,19.1,56.5,0
2025-12-14T21:34:54.157,19.1,56.4,0
2025-12-14T21:34:56.411,19.1,56.4,0
2025-12-14T21:34:58.666,19.1,56.3,0
2025-12-14T21:35:00.921,19.1,56.3,0
2025-12-14T21:35:03.176,19.1,56.2,0
2025-12-14T21:35:05.430,19.1,56.3,0
2025-12-14T21:35:07.685,19.1,56.3,0
2025-12-14T21:35:09.940,19.1,56.2,0
2025-12-14T21:35:12.195,19.1,56.2,0
2025-12-14T21:35:14.449,19.1,56.2,0
2025-12-14T21:35:16.704,19.1,56.2,0
2025-12-14T21:35:18.959,19.1,56.2,0
2025-12-14T21:35:21.214,19.1,56.1,0
2025-12-14T21:35:23.469,19.1,56.1,0
2025-12-14T21:35:25.723,19.0,56.0,0
2025-12-14T21:35:27.978,19.1,56.2,0
2025-12-14T21:35:30.233,19.1,56.2,0
2025-12-14T21:35:32.488,19.1,56.2,0
2025-12-14T21:35:34.743,19.0,56.1,0
2025-12-14T21:35:36.997,19.1,56.1,0
2025-12-14T21:35:39.252,19.0,56.0,0
2025-12-14T21:35:41.507,19.0,55.8,0
2025-12-14T21:35:43.762,19.1,55.8,0
2025-12-14T21:35:46.016,19.1,55.9,0
2025-12-14T21:35:48.271,19.0,55.8,0
2025-12-14T21:35:50.526,19.1,56.1,0
2025-12-14T21:35:52.780,19.1,56.1,0
2025-12-14T21:35:55.035,19.1,56.1,0
2025-12-14T21:35:57.290,19.1,56.1,0
2025-12-14T21:35:59.545,19.1,56.1,0
2025-12-14T21:36:01.800,19.1,56.0,0
2025-12-14T21:36:04.055,19.1,55.9,0
2025-12-14T21:36:06.309,19.0,55.9,0
2025-12-14T21:36:08.564,19.1,56.1,0
2025-12-14T21:36:10.819,19.0,56.0,0
2025-12-14T21:36:13.073,19.0,56.0,0
2025-12-14T21:36:15.328,19.1,56.1,0
2025-12-14T21:36:17.583,19.1,56.0,0
2025-12-14T21:36:19.838,19.1,56.0,0
2025-12-14T21:36:22.092,19.1,56.0,0
2025-12-14T21:36:24.347,19.1,55.8,0
2025-12-14T21:36:26.602,19.1,55.8,0
2025-12-14T21:36:28.857,19.0,55.8,0
2025-12-14T21:36:31.112,19.0,55.8,0
2025-12-14T21:36:33.366,19.0,55.7,0
2025-12-14T21:36:35.621,19.1,55.8,0
2025-12-14T21:36:37.876,19.0,55.7,0
2025-12-14T21:36:40.130,19.0,55.8,0
2025-12-14T21:36:42.385,19.0,55.8,0
2025-12-14T21:36:44.640,19.0,55.8,0
2025-12-14T21:36:46.895,19.1,55.9,0
2025-12-14T21:36:49.150,19.1,56.0,0
2025-12-14T21:36:51.404,19.0,56.0,0
2025-12-14T21:36:53.659,19.1,56.0,0
2025-12-14T21:36:55.914,19.0,55.8,0
2025-12-14T21:36:58.169,19.1,55.8,0
2025-12-14T21:37:00.423,19.0,55.7,0
2025-12-14T21:37:02.678,19.0,55.6,0
2025-12-14T21:37:04.933,19.0,55.6,0
2025-12-14T21:37:07.188,19.1,55.7,0
2025-12-14T21:37:09.443,19.0,55.8,0
2025-12-14T21:37:11.697,19.0,56.0,0
2025-12-14T21:37:13.952,19.0,56.1,0
2025-12-14T21:37:16.207,19.0,56.2,0
2025-12-14T21:37:18.462,19.0,56.1,0
2025-12-14T21:37:20.716,19.0,56.0,0
2025-12-14T21:37:22.971,19.0,56.0,0
2025-12-14T21:37:25.226,19.0,56.1,0
2025-12-14T21:37:27.481,19.0,56.0,0
2025-12-14T21:37:29.736,19.0,55.9,0
2025-12-14T21:37:31.991,19.0,56.1,0
2025-12-14T21:37:34.245,19.0,56.2,0
2025-12-14T21:37:36.500,19.0,56.2,0
2025-12-14T21:37:38.755,19.0,56.1,0
2025-12-14T21:37:41.010,19.1,56.1,0
2025-12-14T21:37:43.264,19.0,56.0,0
2025-12-14T21:37:45.519,19.1,56.1,0
2025-12-14T21:37:47.774,19.0,56.1,0
2025-12-14T21:37:50.029,19.0,56.1,0
2025-12-14T21:37:52.283,19.1,56.1,0
2025-12-14T21:37:54.538,19.1,56.1,0
2025-12-14T21:37:56.793,19.0,55.9,0
2025-12-14T21:37:59.048,19.0,56.0,0
2025-12-14T21:38:01.303,19.0,55.9,0
2025-12-14T21:38:03.557,19.1,56.0,0
2025-12-14T21:38:05.812,19.0,56.1,0
2025-12-14T21:38:08.067,19.1,56.2,0
2025-12-14T21:38:10.321,19.1,56.3,0
2025-12-14T21:38:12.576,19.0,56.1,0
2025-12-14T21:38:14.831,19.1,56.3,0
2025-12-14T21:38:17.086,19.0,56.4,0
2025-12-14T21:38:19.340,19.0,56.2,0
2025-12-14T21:38:21.595,19.1,56.1,0
2025-12-14T21:38:23.850,19.0,55.8,0
2025-12-14T21:38:26.105,19.0,55.7,0
2025-12-14T21:38:28.359,19.1,55.7,0
2025-12-14T21:38:30.614,19.1,55.8,0
2025-12-14T21:38:32.869,19.1,55.9,0
2025-12-14T21:38:35.123,19.0,55.9,0
2025-12-14T21:38:37.378,19.0,55.9,0
2025-12-14T21:38:39.633,19.1,56.1,0
2025-12-14T21:38:41.888,19.0,56.2,0
2025-12-14T21:38:44.142,19.0,56.2,0
2025-12-14T21:38:46.397,19.1,56.2,0
2025-12-14T21:38:48.652,19.0,56.1,0
2025-12-14T21:38:50.907,19.0,56.2,0
2025-12-14T21:38:53.161,19.1,56.4,0
2025-12-14T21:38:55.416,19.1,56.3,0
2025-12-14T21:38:57.671,19.1,56.4,0
2025-12-14T21:38:59.926,19.1,56.5,0
2025-12-14T21:39:02.180,19.1,56.5,0
2025-12-14T21:39:04.435,19.1,56.5,0
2025-12-14T21:39:06.690,19.1,56.5,0
2025-12-14T21:39:08.944,19.1,56.4,0
2025-12-14T21:39:11.199,19.0,56.2,0
2025-12-14T21:39:13.454,19.1,56.4,0
2025-12-14T21:39:15.708,19.1,56.4,0
2025-12-14T21:39:17.963,19.1,56.3,0
2025-12-14T21:39:20.218,19.0,56.1,0
2025-12-14T21:39:22.472,19.1,56.1,0
2025-12-14T21:39:24.727,19.0,56.1,0
2025-12-14T21:39:26.982,19.1,56.2,0
2025-12-14T21:39:29.237,19.1,56.3,0
2025-12-14T21:39:31.492,19.1,56.3,0
2025-12-14T21:39:33.747,19.1,56.3,0
2025-12-14T21:39:36.001,19.1,56.3,0
2025-12-14T21:39:38.256,19.0,56.1,0
2025-12-14T21:39:40.511,19.1,56.2,0
2025-12-14T21:39:42.765,19.1,56.2,0
2025-12-14T21:39:45.020,19.1,56.2,0
2025-12-14T21:39:47.275,19.1,56.1,0
2025-12-14T21:39:49.530,19.0,56.0,0
2025-12-14T21:39:51.785,19.1,56.1,0
2025-12-14T21:39:54.039,19.1,56.0,0
2025-12-14T21:39:56.294,19.1,55.8,0
2025-12-14T21:39:58.549,19.1,55.7,0
2025-12-14T21:40:00.804,19.1,55.7,0
2025-12-14T21:40:03.059,19.1,55.8,0
2025-12-14T21:40:05.314,19.1,55.8,0
2025-12-14T21:40:07.569,19.1,55.8,0
2025-12-14T21:40:09.823,19.1,55.8,0
2025-12-14T21:40:12.078,19.0,55.6,0
2025-12-14T21:40:14.333,19.1,55.7,0
2025-12-14T21:40:16.588,19.1,55.6,0
2025-12-14T21:40:18.843,19.0,55.4,0
2025-12-14T21:40:21.097,19.1,55.5,0
2025-12-14T21:40:23.352,19.1,55.6,0
2025-12-14T21:40:25.607,19.1,55.8,0
2025-12-14T21:40:27.862,19.1,56.0,0
2025-12-14T21:40:30.116,19.1,56.2,0
2025-12-14T21:40:32.371,19.1,56.2,0
2025-12-14T21:40:34.626,19.1,56.2,0
2025-12-14T21:40:36.881,19.1,56.2,0
2025-12-14T21:40:39.136,19.1,56.0,0
2025-12-14T21:40:41.390,19.1,55.7,0
2025-12-14T21:40:43.645,19.1,55.7,0
2025-12-14T21:40:45.900,19.1,55.7,0
2025-12-14T21:40:48.155,19.1,55.9,0
2025-12-14T21:40:50.409,19.1,56.1,0
2025-12-14T21:40:52.664,19.1,56.2,0
2025-12-14T21:40:54.919,19.1,56.0,0
2025-12-14T21:40:57.174,19.1,55.8,0
2025-12-14T21:40:59.429,19.1,55.8,0
2025-12-14T21:41:01.683,19.1,55.7,0
2025-12-14T21:41:03.938,19.1,55.7,0
2025-12-14T21:41:06.193,19.1,55.7,0
2025-12-14T21:41:08.448,19.1,55.8,0
2025-12-14T21:41:10.702,19.1,55.9,0
2025-12-14T21:41:12.957,19.1,55.9,0
2025-12-14T21:41:15.212,19.0,55.8,0
2025-12-14T21:41:17.467,19.1,55.9,0
2025-12-14T21:41:19.722,19.1,55.8,0
2025-12-14T21:41:21.977,19.1,55.9,0
2025-12-14T21:41:24.231,19.0,55.7,0
2025-12-14T21:41:26.486,19.1,55.8,0
2025-12-14T21:41:28.741,19.0,55.8,0
2025-12-14T21:41:30.996,19.1,56.1,0
2025-12-14T21:41:33.251,19.1,56.3,0
2025-12-14T21:41:35.505,19.1,56.4,0
2025-12-14T21:41:37.760,19.1,56.6,0
2025-12-14T21:41:40.015,19.1,56.6,0
2025-12-14T21:41:42.270,19.1,56.5,0
2025-12-14T21:41:44.524,19.1,56.6,0
2025-12-14T21:41:46.779,19.1,56.4,0
2025-12-14T21:41:49.034,19.1,56.5,0
2025-12-14T21:41:51.289,19.1,56.5,0
2025-12-14T21:41:53.543,19.1,56.4,0
2025-12-14T21:41:55.798,19.0,56.2,0
2025-12-14T21:41:58.053,19.1,56.2,0
2025-12-14T21:42:00.307,19.1,56.2,0
2025-12-14T21:42:02.562,19.1,56.2,0
2025-12-14T21:42:04.817,19.1,56.2,0
2025-12-14T21:42:07.072,19.1,56.2,0
2025-12-14T21:42:09.326,19.1,56.2,0
2025-12-14T21:42:11.581,19.1,56.3,0
2025-12-14T21:42:13.836,19.1,56.4,0
2025-12-14T21:42:16.091,19.1,56.2,0
2025-12-14T21:42:18.345,19.1,56.1,0
2025-12-14T21:42:20.600,19.1,56.0,0
2025-12-14T21:42:22.855,19.1,56.1,0
2025-12-14T21:42:25.110,19.1,56.2,0
2025-12-14T21:42:27.364,19.1,56.4,0
2025-12-14T21:42:29.619,19.1,56.5,0
2025-12-14T21:42:31.874,19.0,56.6,0
2025-12-14T21:42:34.129,19.1,56.7,0
2025-12-14T21:42:36.384,19.1,56.8,0
2025-12-14T21:42:38.638,19.1,56.6,0
2025-12-14T21:42:40.893,19.1,56.4,0
2025-12-14T21:42:43.148,19.1,56.5,0
2025-12-14T21:42:45.403,19.1,56.4,0
2025-12-14T21:42:47.657,19.1,56.2,0
2025-12-14T21:42:49.912,19.1,56.0,0
2025-12-14T21:42:52.167,19.1,56.0,0
2025-12-14T21:42:54.422,19.1,56.0,0
2025-12-14T21:42:56.676,19.1,55.8,0
2025-12-14T21:42:58.931,19.1,55.6,0
2025-12-14T21:43:01.186,19.1,55.4,0
2025-12-14T21:43:03.440,19.1,55.5,0
2025-12-14T21:43:05.695,19.1,55.6,0
2025-12-14T21:43:07.950,19.1,55.6,0
2025-12-14T21:43:10.205,19.1,55.5,0
2025-12-14T21:43:12.460,19.1,55.6,0
2025-12-14T21:43:14.714,19.1,55.5,0
2025-12-14T21:43:16.969,19.1,55.5,0
2025-12-14T21:43:19.224,19.1,55.4,0
2025-12-14T21:43:21.479,19.1,55.4,0
2025-12-14T21:43:23.735,19.1,55.4,0
2025-12-14T21:43:25.990,19.0,55.4,0
2025-12-14T21:43:28.244,19.1,55.3,0
2025-12-14T21:43:30.499,19.1,55.3,0
2025-12-14T21:43:32.754,19.1,55.5,0
2025-12-14T21:43:35.009,19.1,55.6,0
2025-12-14T21:43:37.263,19.1,55.7,0
2025-12-14T21:43:39.518,19.1,55.8,0
2025-12-14T21:43:41.773,19.1,55.8,0
2025-12-14T21:43:44.028,19.1,55.8,0
2025-12-14T21:43:46.282,19.1,55.7,0
2025-12-14T21:43:48.537,19.1,55.8,0
2025-12-14T21:43:50.792,19.1,56.0,0
2025-12-14T21:43:53.047,19.1,56.2,0
2025-12-14T21:43:55.301,19.1,56.4,0
2025-12-14T21:43:57.556,19.1,56.4,0
2025-12-14T21:43:59.811,19.1,56.4,0
2025-12-14T21:44:02.066,19.1,56.1,0
2025-12-14T21:44:04.320,19.1,56.1,0
2025-12-14T21:44:06.575,19.1,56.1,0
2025-12-14T21:44:08.830,19.1,56.2,0
2025-12-14T21:44:11.085,19.1,56.3,0
2025-12-14T21:44:13.339,19.1,56.2,0
2025-12-14T21:44:15.594,19.1,56.1,0
2025-12-14T21:44:17.849,19.1,56.1,0
2025-12-14T21:44:20.103,19.1,56.1,0
2025-12-14T21:44:22.358,19.1,56.0,0
2025-12-14T21:44:24.613,19.1,56.1,0
2025-12-14T21:44:26.868,19.1,56.2,0
2025-12-14T21:44:29.125,19.1,56.4,0
2025-12-14T21:44:31.380,19.1,56.3,0
2025-12-14T21:44:33.639,19.1,56.2,0
2025-12-14T21:44:35.899,19.1,56.2,0
2025-12-14T21:44:38.159,19.1,56.4,0
2025-12-14T21:44:40.419,19.1,56.6,0
2025-12-14T21:44:42.673,19.1,56.6,0
2025-12-14T21:44:44.931,19.1,56.6,0
2025-12-14T21:44:47.191,19.1,56.6,0
2025-12-14T21:44:49.451,19.1,56.6,0
2025-12-14T21:44:51.711,19.1,56.7,0
2025-12-14T21:44:53.971,19.1,57.0,0
2025-12-14T21:44:56.226,19.1,57.2,0
2025-12-14T21:44:58.480,19.1,57.3,0
2025-12-14T21:45:00.734,19.1,57.4,0
2025-12-14T21:45:02.991,19.1,57.3,0
2025-12-14T21:45:05.251,19.1,57.3,0
2025-12-14T21:45:07.506,19.1,57.3,0
2025-12-14T21:45:09.761,19.1,57.2,0
2025-12-14T21:45:12.016,19.1,57.3,0
2025-12-14T21:45:14.270,19.1,57.4,0
2025-12-14T21:45:16.525,19.1,57.4,0
2025-12-14T21:45:18.780,19.1,57.6,0
2025-12-14T21:45:21.035,19.1,57.7,0
2025-12-14T21:45:23.290,19.1,57.7,0
2025-12-14T21:45:25.544,19.1,57.7,0
2025-12-14T21:45:27.799,19.1,57.7,0
2025-12-14T21:45:30.054,19.1,57.5,0
2025-12-14T21:45:32.309,19.1,57.5,0
2025-12-14T21:45:34.563,19.1,57.5,0
2025-12-14T21:45:36.818,19.1,57.4,0
2025-12-14T21:45:39.073,19.1,57.5,0
2025-12-14T21:45:41.328,19.1,57.7,0
2025-12-14T21:45:43.582,19.1,57.7,0
2025-12-14T21:45:45.837,19.1,57.7,0
2025-12-14T21:45:48.092,19.1,57.8,0
2025-12-14T21:45:50.346,19.1,57.8,0
2025-12-14T21:45:52.601,19.1,57.8,0
2025-12-14T21:45:54.855,19.1,57.8,0
2025-12-14T21:45:57.109,19.1,57.8,0
2025-12-14T21:45:59.367,19.1,57.8,0
2025-12-14T21:46:01.622,19.1,57.8,0
2025-12-14T21:46:03.877,19.1,57.8,0
2025-12-14T21:46:06.132,19.1,57.8,0
2025-12-14T21:46:08.386,19.1,57.7,0
2025-12-14T21:46:10.641,19.1,57.6,0
2025-12-14T21:46:12.896,19.1,57.3,0
2025-12-14T21:46:15.151,19.1,57.4,0
2025-12-14T21:46:17.406,19.1,57.4,0
2025-12-14T21:46:19.660,19.1,57.4,0
2025-12-14T21:46:21.915,19.1,57.4,0
2025-12-14T21:46:24.170,19.1,57.4,0
2025-12-14T21:46:26.425,19.1,57.4,0
2025-12-14T21:46:28.679,19.1,57.2,0
2025-12-14T21:46:30.934,19.1,57.2,0
2025-12-14T21:46:33.189,19.1,57.2,0
2025-12-14T21:46:35.444,19.1,57.2,0
2025-12-14T21:46:37.698,19.1,57.2,0
2025-12-14T21:46:39.953,19.1,57.2,0
2025-12-14T21:46:42.208,19.1,57.2,0
2025-12-14T21:46:44.462,19.1,57.2,0
2025-12-14T21:46:46.717,19.1,57.1,0
2025-12-14T21:46:48.972,19.1,57.1,0
2025-12-14T21:46:51.227,19.1,56.9,0
2025-12-14T21:46:53.482,19.1,56.9,0
2025-12-14T21:46:55.736,19.1,57.0,0
2025-12-14T21:46:57.991,19.1,57.1,0
2025-12-14T21:47:00.246,19.1,57.2,0
2025-12-14T21:47:02.501,19.1,57.2,0
2025-12-14T21:47:04.756,19.1,57.2,0
2025-12-14T21:47:07.011,19.1,57.3,0
2025-12-14T21:47:09.265,19.1,57.3,0
2025-12-14T21:47:11.520,19.1,57.2,0
2025-12-14T21:47:13.775,19.1,57.2,0
2025-12-14T21:47:16.029,19.2,57.2,0
2025-12-14T21:47:18.284,19.2,57.0,0
2025-12-14T21:47:20.539,19.2,56.9,0
2025-12-14T21:47:22.794,19.1,56.7,0
2025-12-14T21:47:25.049,19.1,56.6,0
2025-12-14T21:47:27.304,19.2,57.0,0
2025-12-14T21:47:29.558,19.1,57.3,0
2025-12-14T21:47:31.813,19.1,58.0,0
2025-12-14T21:47:34.068,19.1,58.4,0
2025-12-14T21:47:36.322,19.2,58.6,0
2025-12-14T21:47:38.577,19.2,58.7,0
2025-12-14T21:47:40.832,19.2,58.7,0
2025-12-14T21:47:43.087,19.2,58.7,0
2025-12-14T21:47:45.342,19.2,58.7,0
2025-12-14T21:47:47.596,19.2,58.6,0
2025-12-14T21:47:49.851,19.2,58.6,0
2025-12-14T21:47:52.106,19.2,58.6,0
2025-12-14T21:47:54.361,19.2,58.4,0
2025-12-14T21:47:56.616,19.2,58.6,0
2025-12-14T21:47:58.871,19.3,58.8,0
2025-12-14T21:48:01.125,19.2,59.0,0
2025-12-14T21:48:03.380,19.2,59.1,0
2025-12-14T21:48:05.634,19.3,59.2,0
2025-12-14T21:48:07.889,19.3,59.2,0
2025-12-14T21:48:10.144,19.3,59.1,0
2025-12-14T21:48:12.399,19.3,59.0,0
2025-12-14T21:48:14.654,19.3,58.9,0
2025-12-14T21:48:16.908,19.3,58.9,0
2025-12-14T21:48:19.167,19.3,58.8,0
2025-12-14T21:48:21.427,19.3,58.7,0
2025-12-14T21:48:23.687,19.3,58.6,0
2025-12-14T21:48:25.941,19.3,58.6,0
2025-12-14T21:48:28.196,19.3,58.7,0
2025-12-14T21:48:30.450,19.3,58.7,0
2025-12-14T21:48:32.705,19.3,58.6,0
2025-12-14T21:48:34.959,19.3,58.6,0
2025-12-14T21:48:37.213,19.3,58.6,0
2025-12-14T21:48:39.468,19.3,58.6,0
2025-12-14T21:48:41.722,19.3,58.6,0
2025-12-14T21:48:43.977,19.3,58.6,0
2025-12-14T21:48:46.231,19.3,58.6,0
2025-12-14T21:48:48.491,19.3,58.6,0
2025-12-14T21:48:50.751,19.3,58.8,0
2025-12-14T21:48:53.006,19.4,59.0,0
2025-12-14T21:48:55.263,19.4,59.1,0
2025-12-14T21:48:57.518,19.4,59.1,0
2025-12-14T21:48:59.772,19.4,59.3,0
2025-12-14T21:49:02.027,19.4,59.4,0
2025-12-14T21:49:04.282,19.4,59.5,0
2025-12-14T21:49:06.536,19.4,59.6,0
2025-12-14T21:49:08.791,19.4,59.6,0
2025-12-14T21:49:11.046,19.4,59.6,0
2025-12-14T21:49:13.301,19.4,59.6,0
2025-12-14T21:49:15.555,19.4,59.7,0
2025-12-14T21:49:17.810,19.4,59.7,0
2025-12-14T21:49:20.065,19.4,59.8,0
2025-12-14T21:49:22.320,19.5,59.9,0
2025-12-14T21:49:24.574,19.5,60.0,0
2025-12-14T21:49:26.829,19.5,60.0,0
2025-12-14T21:49:29.084,19.5,59.8,0
2025-12-14T21:49:31.338,19.5,59.8,0
2025-12-14T21:49:33.593,19.5,59.9,0
2025-12-14T21:49:35.848,19.5,60.0,0
2025-12-14T21:49:38.102,19.5,60.1,0
2025-12-14T21:49:40.357,19.5,60.1,0
2025-12-14T21:49:42.612,19.5,60.1,0
2025-12-14T21:49:44.867,19.5,60.1,0
2025-12-14T21:49:47.121,19.5,60.2,0
2025-12-14T21:49:49.376,19.5,60.3,0
2025-12-14T21:49:51.631,19.5,60.3,0
2025-12-14T21:49:53.886,19.6,60.4,0
2025-12-14T21:49:56.140,19.6,60.4,0
2025-12-14T21:49:58.395,19.6,60.3,0
2025-12-14T21:50:00.650,19.6,60.4,0
2025-12-14T21:50:02.905,19.6,60.4,0
2025-12-14T21:50:05.159,19.6,60.5,0
2025-12-14T21:50:07.414,19.6,60.6,0
2025-12-14T21:50:09.669,19.6,60.7,0
2025-12-14T21:50:11.924,19.6,60.8,0
2025-12-14T21:50:14.179,19.7,61.0,0
2025-12-14T21:50:16.433,19.7,61.1,0
2025-12-14T21:50:18.688,19.7,61.1,0
2025-12-14T21:50:20.943,19.6,61.0,0
2025-12-14T21:50:23.198,19.6,60.9,0
2025-12-14T21:50:25.452,19.6,60.8,0
2025-12-14T21:50:27.707,19.7,61.1,0
2025-12-14T21:50:29.962,19.7,61.3,0
2025-12-14T21:50:32.217,19.7,61.5,0
2025-12-14T21:50:34.472,19.7,61.6,0
2025-12-14T21:50:36.726,19.7,61.9,0
2025-12-14T21:50:38.981,19.7,62.1,0
2025-12-14T21:50:41.236,19.7,62.2,0
2025-12-14T21:50:43.491,19.7,62.4,0
2025-12-14T21:50:45.745,19.7,62.6,0
2025-12-14T21:50:48.000,19.7,62.7,0
2025-12-14T21:50:50.255,19.7,62.8,0
2025-12-14T21:50:52.510,,,0
2025-12-14T21:50:54.764,,,0
2025-12-14T21:50:57.019,19.8,62.6,0
2025-12-14T21:50:59.279,19.8,62.6,0
2025-12-14T21:51:01.535,19.8,62.4,0
2025-12-14T21:51:03.790,19.8,62.2,0
2025-12-14T21:51:06.045,19.8,62.1,0
2025-12-14T21:51:08.300,19.8,62.0,0
2025-12-14T21:51:10.554,19.8,61.9,0
2025-12-14T21:51:12.809,19.8,61.7,0
2025-12-14T21:51:15.064,19.8,61.9,0
2025-12-14T21:51:17.319,19.8,62.2,0
2025-12-14T21:51:19.573,19.9,62.5,0
2025-12-14T21:51:21.828,19.9,63.2,0
2025-12-14T21:51:24.083,19.9,63.3,0
2025-12-14T21:51:26.338,19.9,63.2,0
2025-12-14T21:51:28.593,19.9,62.9,0
2025-12-14T21:51:30.847,19.9,63.3,0
2025-12-14T21:51:33.107,19.9,63.8,0
2025-12-14T21:51:35.361,19.9,64.0,0
2025-12-14T21:51:37.616,19.9,63.5,0
2025-12-14T21:51:39.875,20.0,63.6,0
2025-12-14T21:51:42.135,20.0,63.4,0
2025-12-14T21:51:44.395,20.0,63.0,0
2025-12-14T21:51:46.655,20.1,62.7,0
2025-12-14T21:51:48.910,20.1,62.9,0
2025-12-14T21:51:51.167,20.1,62.7,0
2025-12-14T21:51:53.421,20.1,62.3,1
2025-12-14T21:51:55.679,,,1
2025-12-14T21:51:57.934,20.1,61.7,1
2025-12-14T21:52:00.188,20.2,61.6,1
2025-12-14T21:52:02.442,20.1,62.2,1
2025-12-14T21:52:04.703,20.2,62.1,0
2025-12-14T21:52:06.963,20.2,61.9,1
2025-12-14T21:52:09.218,20.2,60.0,0
2025-12-14T21:52:11.475,20.2,61.9,0
2025-12-14T21:52:13.735,20.2,62.3,0
2025-12-14T21:52:15.995,20.2,62.5,1
2025-12-14T21:52:18.255,20.3,62.5,1
2025-12-14T21:52:20.509,20.3,63.0,1
2025-12-14T21:52:22.764,20.3,63.4,1
2025-12-14T21:52:25.023,20.3,63.7,1
2025-12-14T21:52:27.277,20.4,64.0,1
2025-12-14T21:52:29.535,20.4,64.0,1
2025-12-14T21:52:31.795,20.4,64.2,1
2025-12-14T21:52:34.049,20.4,64.2,1
2025-12-14T21:52:36.304,20.4,64.2,1
2025-12-14T21:52:38.563,20.4,64.4,1
2025-12-14T21:52:40.817,20.4,64.6,0
2025-12-14T21:52:43.075,20.4,64.5,0
2025-12-14T21:52:45.335,20.4,64.5,1
2025-12-14T21:52:47.595,20.4,64.5,1
2025-12-14T21:52:49.850,20.4,64.3,0
2025-12-14T21:52:52.104,20.5,64.5,1
2025-12-14T21:52:54.363,20.5,64.3,0
2025-12-14T21:52:56.617,20.5,64.3,0
2025-12-14T21:52:58.872,20.5,64.4,1
2025-12-14T21:53:01.131,20.5,64.6,0
2025-12-14T21:53:03.391,20.5,64.8,0
2025-12-14T21:53:05.646,20.5,64.8,0
2025-12-14T21:53:07.903,20.5,64.6,0
2025-12-14T21:53:10.163,20.5,64.4,1
2025-12-14T21:53:12.423,20.5,64.1,1
2025-12-14T21:53:14.677,20.5,63.6,1
2025-12-14T21:53:16.932,20.5,63.1,0
2025-12-14T21:53:19.191,20.5,62.6,0
2025-12-14T21:53:21.451,20.6,62.2,0
2025-12-14T21:53:23.711,20.5,61.7,0
2025-12-14T21:53:25.966,20.6,61.4,0
2025-12-14T21:53:28.220,20.5,61.1,0
2025-12-14T21:53:30.474,20.5,60.9,0
2025-12-14T21:53:32.735,20.6,61.0,0
2025-12-14T21:53:34.989,20.5,61.4,0
2025-12-14T21:53:37.244,20.5,61.2,0
2025-12-14T21:53:39.503,20.5,61.5,0
2025-12-14T21:53:41.763,20.5,61.6,0
2025-12-14T21:53:44.023,20.5,61.7,0
2025-12-14T21:53:46.283,20.5,61.7,0
2025-12-14T21:53:48.537,20.5,61.7,0
2025-12-14T21:53:50.795,20.5,61.7,0
2025-12-14T21:53:53.050,20.5,61.8,0
2025-12-14T21:53:55.304,20.5,61.7,0
2025-12-14T21:53:57.563,20.5,61.4,0
2025-12-14T21:53:59.823,20.5,61.0,0
2025-12-14T21:54:02.083,20.5,61.2,0
2025-12-14T21:54:04.337,20.5,61.4,0
2025-12-14T21:54:06.595,20.5,61.5,0
2025-12-14T21:54:08.849,20.5,61.6,0
2025-12-14T21:54:11.104,20.5,61.6,0
2025-12-14T21:54:13.358,20.5,61.6,0
2025-12-14T21:54:15.615,20.5,61.6,0
2025-12-14T21:54:17.870,20.5,61.5,0
2025-12-14T21:54:20.124,20.4,61.4,0
2025-12-14T21:54:22.383,20.4,61.5,0
2025-12-14T21:54:24.643,20.4,61.3,0
2025-12-14T21:54:26.903,20.4,61.1,0
2025-12-14T21:54:29.157,20.4,60.8,0
2025-12-14T21:54:31.412,20.4,60.6,0
2025-12-14T21:54:33.671,20.4,60.2,0
2025-12-14T21:54:35.926,20.4,59.8,0
2025-12-14T21:54:38.181,20.4,59.5,0
2025-12-14T21:54:40.435,20.4,59.6,0
2025-12-14T21:54:42.690,20.4,59.6,0
2025-12-14T21:54:44.945,20.4,59.8,0
2025-12-14T21:54:47.199,20.4,59.4,0
2025-12-14T21:54:49.454,20.4,59.1,0
2025-12-14T21:54:51.709,20.4,59.2,0
2025-12-14T21:54:53.964,20.4,59.3,0
2025-12-14T21:54:56.218,20.3,59.2,0
2025-12-14T21:54:58.473,20.3,59.3,0
2025-12-14T21:55:00.728,20.3,59.4,0
2025-12-14T21:55:02.983,20.3,59.6,0
2025-12-14T21:55:05.237,20.3,59.8,0
2025-12-14T21:55:07.492,20.3,60.0,0
2025-12-14T21:55:09.747,20.3,60.0,0
2025-12-14T21:55:12.002,20.3,60.2,0
2025-12-14T21:55:14.257,20.3,60.2,0
2025-12-14T21:55:16.511,20.3,60.2,0
2025-12-14T21:55:18.766,20.3,60.1,0
2025-12-14T21:55:21.021,20.3,60.1,0
2025-12-14T21:55:23.276,20.3,60.0,0
2025-12-14T21:55:25.531,20.3,59.6,0
2025-12-14T21:55:27.785,20.3,59.6,0
2025-12-14T21:55:30.040,20.2,59.2,0
2025-12-14T21:55:32.295,20.2,59.0,0
2025-12-14T21:55:34.550,20.2,59.0,0
2025-12-14T21:55:36.805,20.2,58.7,0
2025-12-14T21:55:39.060,20.2,58.4,0
2025-12-14T21:55:41.314,20.2,58.0,0
2025-12-14T21:55:43.569,20.2,57.9,0
2025-12-14T21:55:45.824,20.2,57.8,0
2025-12-14T21:55:48.078,20.2,57.7,0
2025-12-14T21:55:50.333,20.2,57.6,0
2025-12-14T21:55:52.588,20.2,57.7,0
2025-12-14T21:55:54.842,20.2,58.0,0
2025-12-14T21:55:57.103,20.2,58.2,0
2025-12-14T21:55:59.358,20.2,58.0,0
2025-12-14T21:56:01.613,20.2,58.0,0
2025-12-14T21:56:03.867,20.2,58.2,0
2025-12-14T21:56:06.122,20.1,58.2,0
2025-12-14T21:56:08.377,20.1,58.4,0
2025-12-14T21:56:10.632,20.1,58.4,0
2025-12-14T21:56:12.887,20.1,58.3,0
2025-12-14T21:56:15.147,20.1,58.5,0
2025-12-14T21:56:17.402,20.1,58.4,0
2025-12-14T21:56:19.657,20.1,58.2,0
2025-12-14T21:56:21.911,20.1,58.3,0
2025-12-14T21:56:24.166,20.1,58.4,0
2025-12-14T21:56:26.421,20.1,58.3,0
2025-12-14T21:56:28.676,20.1,58.4,0
2025-12-14T21:56:30.930,20.1,58.5,0
2025-12-14T21:56:33.185,20.1,58.4,0
2025-12-14T21:56:35.440,20.1,58.3,0
2025-12-14T21:56:37.695,20.1,58.4,0
2025-12-14T21:56:39.950,20.1,58.5,0
2025-12-14T21:56:42.204,20.1,58.4,0
2025-12-14T21:56:44.459,20.1,58.3,0
2025-12-14T21:56:46.714,20.0,58.2,0
2025-12-14T21:56:48.969,20.0,58.1,0
2025-12-14T21:56:51.223,20.0,58.1,0
2025-12-14T21:56:53.478,20.0,58.2,0
2025-12-14T21:56:55.735,20.0,58.2,0
2025-12-14T21:56:57.989,20.0,58.4,0
2025-12-14T21:57:00.244,20.0,58.5,0
2025-12-14T21:57:02.499,20.0,58.4,0
2025-12-14T21:57:04.754,20.0,58.3,0
2025-12-14T21:57:07.008,20.0,58.4,0
2025-12-14T21:57:09.263,20.0,58.6,0
2025-12-14T21:57:11.518,20.0,58.7,0
2025-12-14T21:57:13.773,20.0,58.8,0
2025-12-14T21:57:16.028,20.0,58.8,0
2025-12-14T21:57:18.282,20.0,58.8,0
2025-12-14T21:57:20.537,19.9,58.6,0
2025-12-14T21:57:22.792,19.9,58.4,0
2025-12-14T21:57:25.046,19.9,58.3,0
2025-12-14T21:57:27.301,19.9,58.5,0
2025-12-14T21:57:29.556,19.9,58.7,0
2025-12-14T21:57:31.810,19.9,58.8,0
2025-12-14T21:57:34.065,19.9,58.7,0
2025-12-14T21:57:36.319,19.9,58.7,0
2025-12-14T21:57:38.574,19.9,58.8,0
2025-12-14T21:57:40.829,19.9,58.7,0
2025-12-14T21:57:43.084,19.9,58.6,0
2025-12-14T21:57:45.338,19.9,58.4,0
2025-12-14T21:57:47.593,19.9,58.4,0
2025-12-14T21:57:49.848,19.9,58.6,0
2025-12-14T21:57:52.102,19.9,58.5,0
2025-12-14T21:57:54.357,19.9,58.4,0
2025-12-14T21:57:56.612,19.9,58.5,0
2025-12-14T21:57:58.866,19.9,58.5,0
2025-12-14T21:58:01.121,19.9,58.6,0
2025-12-14T21:58:03.376,19.9,59.0,0
2025-12-14T21:58:05.631,19.9,59.0,0
2025-12-14T21:58:07.885,19.9,58.8,0
2025-12-14T21:58:10.140,19.9,59.0,0
2025-12-14T21:58:12.395,19.8,59.1,0
2025-12-14T21:58:14.649,19.8,59.3,0
2025-12-14T21:58:16.904,19.9,59.2,0
2025-12-14T21:58:19.159,19.8,59.1,0
2025-12-14T21:58:21.413,19.8,59.1,0
2025-12-14T21:58:23.668,19.9,59.1,0
2025-12-14T21:58:25.923,19.8,59.1,0
2025-12-14T21:58:28.178,19.8,59.2,0
2025-12-14T21:58:30.432,19.8,59.2,0
2025-12-14T21:58:32.687,19.8,59.3,0
2025-12-14T21:58:34.942,19.8,59.3,0
2025-12-14T21:58:37.197,19.8,59.3,0
2025-12-14T21:58:39.452,19.8,59.3,0
2025-12-14T21:58:41.706,19.8,59.3,0
2025-12-14T21:58:43.961,19.8,59.3,0
2025-12-14T21:58:46.216,19.8,59.3,0
2025-12-14T21:58:48.471,19.8,59.4,0
2025-12-14T21:58:50.725,19.8,59.5,0
2025-12-14T21:58:52.980,19.8,59.4,0
2025-12-14T21:58:55.235,19.8,59.3,0
2025-12-14T21:58:57.490,19.8,59.1,0
2025-12-14T21:58:59.745,19.8,58.9,0
2025-12-14T21:59:01.999,19.8,59.0,0
2025-12-14T21:59:04.254,19.8,59.2,0
2025-12-14T21:59:06.509,19.8,59.4,0
2025-12-14T21:59:08.764,19.8,59.7,0
2025-12-14T21:59:11.019,19.8,59.9,0
2025-12-14T21:59:13.273,19.8,59.8,0
2025-12-14T21:59:15.528,19.8,60.0,0
2025-12-14T21:59:17.783,19.8,59.9,0
2025-12-14T21:59:20.038,19.7,59.9,0
2025-12-14T21:59:22.292,19.8,59.9,0
2025-12-14T21:59:24.547,19.8,60.2,0
2025-12-14T21:59:26.802,19.7,60.3,0
2025-12-14T21:59:29.057,19.7,60.3,0
2025-12-14T21:59:31.312,19.7,60.3,0
2025-12-14T21:59:33.566,19.7,60.2,0
2025-12-14T21:59:35.821,19.8,60.3,0
2025-12-14T21:59:38.076,19.7,60.3,0
2025-12-14T21:59:40.331,19.7,60.2,0
2025-12-14T21:59:42.586,19.7,60.3,0
2025-12-14T21:59:44.840,19.7,60.3,0
2025-12-14T21:59:47.095,19.7,60.4,0
2025-12-14T21:59:49.350,19.7,60.3,0
2025-12-14T21:59:51.605,19.7,60.3,0
2025-12-14T21:59:53.859,19.7,60.3,0
2025-12-14T21:59:56.114,19.7,60.3,0
2025-12-14T21:59:58.369,19.7,60.2,0
2025-12-14T22:00:00.624,19.7,60.3,0
2025-12-14T22:00:02.879,19.7,60.3,0
2025-12-14T22:00:05.133,19.7,60.3,0
2025-12-14T22:00:07.388,19.7,60.3,0
2025-12-14T22:00:09.643,19.7,60.3,0
2025-12-14T22:00:11.898,19.7,60.3,0
2025-12-14T22:00:14.153,19.7,60.2,0
2025-12-14T22:00:16.407,19.7,60.0,0
2025-12-14T22:00:18.662,19.7,59.8,0
2025-12-14T22:00:20.917,19.7,59.6,0
2025-12-14T22:00:23.172,19.7,59.5,0
2025-12-14T22:00:25.427,19.7,59.7,0
2025-12-14T22:00:27.681,19.7,59.8,0
2025-12-14T22:00:29.936,19.7,60.0,0
2025-12-14T22:00:32.191,19.7,60.1,0
2025-12-14T22:00:34.446,19.7,59.9,0
2025-12-14T22:00:36.701,19.7,59.7,0
2025-12-14T22:00:38.955,19.7,59.5,0
2025-12-14T22:00:41.210,19.7,59.5,0
2025-12-14T22:00:43.465,19.7,59.7,0
2025-12-14T22:00:45.720,19.7,59.7,0
2025-12-14T22:00:47.974,19.7,59.8,0
2025-12-14T22:00:50.229,19.6,59.8,0
2025-12-14T22:00:52.484,19.6,59.7,0
2025-12-14T22:00:54.739,19.7,59.7,0
2025-12-14T22:00:56.994,19.7,59.7,0
2025-12-14T22:00:59.249,19.6,59.5,0
2025-12-14T22:01:01.503,19.7,59.5,0
2025-12-14T22:01:03.758,19.6,59.5,0
2025-12-14T22:01:06.013,19.6,59.6,0
2025-12-14T22:01:08.267,19.6,59.6,0
2025-12-14T22:01:10.522,19.6,59.6,0
2025-12-14T22:01:12.777,19.7,59.8,0
2025-12-14T22:01:15.031,19.6,59.8,0
2025-12-14T22:01:17.286,19.7,60.1,0
2025-12-14T22:01:19.541,19.6,60.1,0
2025-12-14T22:01:21.796,19.6,60.0,0
2025-12-14T22:01:24.051,19.6,60.0,0
2025-12-14T22:01:26.305,19.6,59.9,0
2025-12-14T22:01:28.560,19.7,60.1,0
2025-12-14T22:01:30.815,19.6,60.0,0
2025-12-14T22:01:33.070,19.6,59.9,0
2025-12-14T22:01:35.324,19.6,59.9,0
2025-12-14T22:01:37.579,19.6,59.9,0
2025-12-14T22:01:39.834,19.6,59.8,0
2025-12-14T22:01:42.089,19.6,59.5,0
2025-12-14T22:01:44.344,19.6,59.7,0
2025-12-14T22:01:46.599,19.6,59.8,0
2025-12-14T22:01:48.853,19.6,59.8,0
2025-12-14T22:01:51.108,19.6,59.9,0
2025-12-14T22:01:53.363,19.6,60.0,0
2025-12-14T22:01:55.618,19.6,60.2,0
2025-12-14T22:01:57.873,19.6,60.2,0
2025-12-14T22:02:00.127,19.6,60.2,0
2025-12-14T22:02:02.382,19.6,60.0,0
2025-12-14T22:02:04.637,19.6,59.8,0
2025-12-14T22:02:06.892,19.6,59.8,0
2025-12-14T22:02:09.147,19.6,59.7,0
2025-12-14T22:02:11.402,19.6,59.6,0
2025-12-14T22:02:13.656,19.6,59.6,0
2025-12-14T22:02:15.911,19.6,59.6,0
2025-12-14T22:02:18.166,19.6,59.7,0
2025-12-14T22:02:20.421,19.6,59.7,0
2025-12-14T22:02:22.676,19.6,59.7,0
2025-12-14T22:02:24.930,19.6,59.8,0
2025-12-14T22:02:27.185,19.6,60.0,0
2025-12-14T22:02:29.440,19.6,59.9,0
2025-12-14T22:02:31.695,19.6,59.8,0
2025-12-14T22:02:33.949,19.6,59.8,0
2025-12-14T22:02:36.204,19.6,59.8,0
2025-12-14T22:02:38.459,19.6,59.7,0
2025-12-14T22:02:40.714,19.6,59.7,0
2025-12-14T22:02:42.969,19.6,59.8,0
2025-12-14T22:02:45.223,19.6,59.7,0
2025-12-14T22:02:47.478,19.6,59.6,0
2025-12-14T22:02:49.734,19.6,59.7,0
2025-12-14T22:02:51.991,19.6,59.6,0
2025-12-14T22:02:54.246,19.6,59.9,0
2025-12-14T22:02:56.500,19.6,60.0,0
2025-12-14T22:02:58.755,19.6,60.1,0
2025-12-14T22:03:01.010,19.6,60.1,0
2025-12-14T22:03:03.265,19.6,60.1,0
2025-12-14T22:03:05.520,19.6,60.0,0
2025-12-14T22:03:07.774,19.6,60.1,0
2025-12-14T22:03:10.029,19.6,60.1,0
2025-12-14T22:03:12.284,19.6,60.2,0
2025-12-14T22:03:14.539,19.6,60.1,0
2025-12-14T22:03:16.794,19.5,59.9,0
2025-12-14T22:03:19.049,19.6,59.8,0
2025-12-14T22:03:21.303,19.6,59.7,0
2025-12-14T22:03:23.558,19.6,59.8,0
2025-12-14T22:03:25.813,19.6,59.8,0
2025-12-14T22:03:28.067,19.6,59.8,0
2025-12-14T22:03:30.322,19.6,59.9,0
2025-12-14T22:03:32.577,19.5,59.9,0
2025-12-14T22:03:34.832,19.6,60.0,0
2025-12-14T22:03:37.086,19.6,60.0,0
2025-12-14T22:03:39.341,19.6,60.1,0
2025-12-14T22:03:41.596,19.6,60.0,0
2025-12-14T22:03:43.851,19.6,60.0,0
2025-12-14T22:03:46.106,19.6,59.8,0
2025-12-14T22:03:48.360,19.5,59.5,0
2025-12-14T22:03:50.615,19.6,59.7,0
2025-12-14T22:03:52.870,19.5,59.7,0
2025-12-14T22:03:55.125,19.5,59.7,0
2025-12-14T22:03:57.380,19.5,60.0,0
2025-12-14T22:03:59.634,19.5,60.0,0
2025-12-14T22:04:01.889,19.5,59.8,0
2025-12-14T22:04:04.144,19.6,59.9,0
2025-12-14T22:04:06.399,19.6,60.0,0
2025-12-14T22:04:08.654,19.5,60.0,0
2025-12-14T22:04:10.908,19.5,60.0,0
2025-12-14T22:04:13.163,19.6,60.1,0
2025-12-14T22:04:15.418,19.5,60.1,0
2025-12-14T22:04:17.673,19.5,60.1,0
2025-12-14T22:04:19.928,19.5,60.1,0
2025-12-14T22:04:22.183,19.6,60.2,0
2025-12-14T22:04:24.437,19.5,60.1,0
2025-12-14T22:04:26.692,,,0
2025-12-14T22:04:28.947,19.6,60.1,0
2025-12-14T22:04:31.202,19.6,60.1,0
2025-12-14T22:04:33.457,19.6,60.0,0
2025-12-14T22:04:35.711,19.5,60.0,0
2025-12-14T22:04:37.966,19.6,60.1,0
2025-12-14T22:04:40.221,19.5,60.0,0
2025-12-14T22:04:42.476,19.6,60.0,0
2025-12-14T22:04:44.731,19.5,59.7,0
2025-12-14T22:04:46.985,19.6,59.5,0
2025-12-14T22:04:49.240,19.5,59.6,0
2025-12-14T22:04:51.495,19.5,59.6,0
2025-12-14T22:04:53.750,19.6,59.7,0
2025-12-14T22:04:56.005,19.5,59.5,0
2025-12-14T22:04:58.259,19.6,59.5,0
2025-12-14T22:05:00.514,19.5,59.3,0
2025-12-14T22:05:02.769,19.6,59.5,0
2025-12-14T22:05:05.024,19.5,59.4,0
2025-12-14T22:05:07.279,19.5,59.4,0
2025-12-14T22:05:09.533,19.6,59.5,0
2025-12-14T22:05:11.788,19.5,59.2,0
2025-12-14T22:05:14.043,19.5,59.1,0
2025-12-14T22:05:16.298,19.5,59.0,0
2025-12-14T22:05:18.552,19.5,59.0,0
2025-12-14T22:05:20.807,19.5,59.0,0
2025-12-14T22:05:23.061,19.5,58.9,0
2025-12-14T22:05:25.319,19.5,58.7,0
2025-12-14T22:05:27.573,19.5,58.6,0
2025-12-14T22:05:29.831,19.5,58.8,0
2025-12-14T22:05:32.085,19.5,58.9,0
2025-12-14T22:05:34.340,19.5,58.9,0
2025-12-14T22:05:36.595,19.5,58.9,0
2025-12-14T22:05:38.849,19.5,58.8,0
2025-12-14T22:05:41.104,19.5,58.6,0
2025-12-14T22:05:43.359,19.5,58.5,0
2025-12-14T22:05:45.613,19.5,58.5,0
2025-12-14T22:05:47.868,19.5,58.5,0
2025-12-14T22:05:50.123,19.5,58.6,0
2025-12-14T22:05:52.378,19.5,58.8,0
2025-12-14T22:05:54.632,19.5,58.8,0
2025-12-14T22:05:56.887,19.5,58.6,0
2025-12-14T22:05:59.142,19.5,58.5,0
2025-12-14T22:06:01.396,19.5,58.5,0
2025-12-14T22:06:03.651,19.5,58.7,0
2025-12-14T22:06:05.906,19.5,58.8,0
2025-12-14T22:06:08.160,19.5,59.0,0
2025-12-14T22:06:10.415,19.5,59.1,0
2025-12-14T22:06:12.670,19.5,58.9,0
2025-12-14T22:06:14.925,19.5,58.8,0
2025-12-14T22:06:17.180,19.5,58.8,0
2025-12-14T22:06:19.434,19.5,58.8,0
2025-12-14T22:06:21.689,19.5,58.8,0
2025-12-14T22:06:23.944,19.5,58.7,0
2025-12-14T22:06:26.199,19.5,58.5,0
2025-12-14T22:06:28.454,19.5,58.5,0
2025-12-14T22:06:30.708,19.5,58.3,0
2025-12-14T22:06:32.963,19.5,58.1,0
2025-12-14T22:06:35.218,19.5,58.1,0
2025-12-14T22:06:37.473,19.5,58.2,0
2025-12-14T22:06:39.727,19.4,58.1,0
2025-12-14T22:06:41.982,19.5,58.3,0
2025-12-14T22:06:44.237,19.5,58.4,0
2025-12-14T22:06:46.492,19.4,58.6,0
2025-12-14T22:06:48.747,19.5,58.6,0
2025-12-14T22:06:51.001,19.5,58.6,0
2025-12-14T22:06:53.256,19.5,58.7,0
2025-12-14T22:06:55.511,19.5,58.7,0
2025-12-14T22:06:57.766,19.4,58.8,0
2025-12-14T22:07:00.020,19.5,58.9,0
2025-12-14T22:07:02.275,19.5,59.0,0
2025-12-14T22:07:04.530,19.5,59.0,0
2025-12-14T22:07:06.785,19.5,58.9,0
2025-12-14T22:07:09.040,19.5,58.8,0
2025-12-14T22:07:11.294,19.5,58.5,0
2025-12-14T22:07:13.549,19.5,58.4,0
2025-12-14T22:07:15.803,19.5,58.6,0
2025-12-14T22:07:18.058,19.5,58.7,0
2025-12-14T22:07:20.313,19.5,58.7,0
2025-12-14T22:07:22.568,19.5,58.6,0
2025-12-14T22:07:24.822,19.5,58.6,0
2025-12-14T22:07:27.077,19.5,58.6,0
2025-12-14T22:07:29.332,19.5,58.4,0
2025-12-14T22:07:31.586,19.5,58.5,0
2025-12-14T22:07:33.841,19.5,58.6,0
2025-12-14T22:07:36.096,19.5,58.5,0
2025-12-14T22:07:38.351,19.5,58.6,0
2025-12-14T22:07:40.605,19.5,58.8,0
2025-12-14T22:07:42.860,,,0
2025-12-14T22:07:45.115,19.5,58.8,0
2025-12-14T22:07:47.370,19.5,58.8,0
2025-12-14T22:07:49.624,19.5,58.9,0
2025-12-14T22:07:51.879,19.5,59.0,0
2025-12-14T22:07:54.134,19.5,59.1,0
2025-12-14T22:07:56.389,19.5,59.0,0
2025-12-14T22:07:58.643,19.5,58.9,0
2025-12-14T22:08:00.898,19.5,58.8,0
2025-12-14T22:08:03.153,19.5,58.7,0
2025-12-14T22:08:05.408,19.5,58.7,0
2025-12-14T22:08:07.662,19.5,58.7,0
2025-12-14T22:08:09.917,19.5,58.6,0
2025-12-14T22:08:12.172,19.5,58.6,0
2025-12-14T22:08:14.427,19.5,58.6,0
2025-12-14T22:08:16.681,19.5,58.6,0
2025-12-14T22:08:18.936,19.5,58.7,0
2025-12-14T22:08:21.191,19.5,58.6,0
2025-12-14T22:08:23.446,19.5,58.5,0
2025-12-14T22:08:25.700,19.5,58.4,0
2025-12-14T22:08:27.955,19.5,58.4,0
2025-12-14T22:08:30.210,19.5,58.3,0
2025-12-14T22:08:32.465,19.5,58.3,0
2025-12-14T22:08:34.719,19.5,58.3,0
2025-12-14T22:08:36.974,19.5,58.2,0
2025-12-14T22:08:39.229,19.5,58.4,0
2025-12-14T22:08:41.483,19.5,58.5,0
2025-12-14T22:08:43.738,19.5,58.6,0
2025-12-14T22:08:45.993,19.5,58.9,0
2025-12-14T22:08:48.248,19.5,58.8,0
2025-12-14T22:08:50.502,19.5,58.8,0
2025-12-14T22:08:52.757,19.5,58.9,0
2025-12-14T22:08:55.012,19.5,58.9,0
2025-12-14T22:08:57.267,19.5,58.8,0
2025-12-14T22:08:59.522,19.5,58.6,0
2025-12-14T22:09:01.776,19.5,58.6,0
2025-12-14T22:09:04.031,19.5,58.6,0
2025-12-14T22:09:06.286,19.5,58.5,0
2025-12-14T22:09:08.540,19.5,58.6,0
2025-12-14T22:09:10.795,19.5,58.7,0
2025-12-14T22:09:13.050,19.5,58.4,0
2025-12-14T22:09:15.305,19.5,58.2,0
2025-12-14T22:09:17.560,19.5,58.1,0
2025-12-14T22:09:19.815,19.5,58.0,0
2025-12-14T22:09:22.069,19.5,57.8,0
2025-12-14T22:09:24.324,19.5,57.8,0
2025-12-14T22:09:26.579,19.5,58.0,0
2025-12-14T22:09:28.833,19.5,58.1,0
2025-12-14T22:09:31.088,19.5,57.9,0
2025-12-14T22:09:33.343,19.5,58.0,0
2025-12-14T22:09:35.598,19.5,58.1,0
2025-12-14T22:09:37.852,19.5,58.2,0
2025-12-14T22:09:40.107,19.5,58.2,0
2025-12-14T22:09:42.362,19.5,58.4,0
2025-12-14T22:09:44.617,19.5,58.5,0
2025-12-14T22:09:46.871,19.5,58.5,0
2025-12-14T22:09:49.126,19.5,58.5,0
2025-12-14T22:09:51.381,19.5,58.6,0
2025-12-14T22:09:53.635,19.5,58.6,0
2025-12-14T22:09:55.890,19.5,58.6,0
2025-12-14T22:09:58.145,19.5,58.7,0
2025-12-14T22:10:00.399,19.5,58.6,0
2025-12-14T22:10:02.654,19.5,58.4,0
2025-12-14T22:10:04.909,19.5,58.4,0
2025-12-14T22:10:07.164,19.5,58.4,0
2025-12-14T22:10:09.418,19.5,58.3,0
2025-12-14T22:10:11.673,19.5,58.3,0
2025-12-14T22:10:13.928,19.5,58.3,0
2025-12-14T22:10:16.182,19.5,58.5,0
2025-12-14T22:10:18.437,19.5,58.6,0
2025-12-14T22:10:20.692,19.5,58.6,0
2025-12-14T22:10:22.947,19.5,58.6,0
2025-12-14T22:10:25.201,19.5,58.6,0
2025-12-14T22:10:27.456,19.5,58.8,0
2025-12-14T22:10:29.711,,,0
2025-12-14T22:10:31.966,19.5,58.6,0
2025-12-14T22:10:34.221,19.5,58.5,0
2025-12-14T22:10:36.475,19.5,58.5,0
2025-12-14T22:10:38.730,19.5,58.4,0
2025-12-14T22:10:40.985,19.5,58.3,0
2025-12-14T22:10:43.240,19.5,58.3,0
2025-12-14T22:10:45.494,19.5,58.2,0
2025-12-14T22:10:47.749,19.5,58.1,0
2025-12-14T22:10:50.004,19.5,58.1,0
2025-12-14T22:10:52.259,19.5,58.0,0
2025-12-14T22:10:54.513,19.5,58.0,0
2025-12-14T22:10:56.768,19.5,58.0,0
2025-12-14T22:10:59.023,19.5,58.1,0
2025-12-14T22:11:01.277,19.5,58.1,0
2025-12-14T22:11:03.532,19.5,58.0,0
2025-12-14T22:11:05.787,19.5,58.0,0
2025-12-14T22:11:08.042,19.5,58.0,0
2025-12-14T22:11:10.296,19.5,58.0,0
2025-12-14T22:11:12.551,19.5,58.0,0
2025-12-14T22:11:14.806,19.5,58.1,0
2025-12-14T22:11:17.061,19.5,58.3,0
2025-12-14T22:11:19.315,19.5,58.3,0
2025-12-14T22:11:21.570,19.5,58.4,0
2025-12-14T22:11:23.825,19.5,58.4,0
2025-12-14T22:11:26.080,19.5,58.2,0
2025-12-14T22:11:28.334,19.5,58.2,0
2025-12-14T22:11:30.589,19.5,58.2,0
2025-12-14T22:11:32.844,19.5,58.1,0
2025-12-14T22:11:35.099,19.5,58.0,0
2025-12-14T22:11:37.353,19.5,58.0,0
2025-12-14T22:11:39.608,19.5,58.1,0
2025-12-14T22:11:41.863,19.5,58.2,0
2025-12-14T22:11:44.118,19.5,58.2,0
2025-12-14T22:11:46.372,19.5,58.0,0
2025-12-14T22:11:48.629,19.5,57.9,0
2025-12-14T22:11:50.887,19.5,57.7,0
2025-12-14T22:11:53.142,19.5,57.6,0
2025-12-14T22:11:55.399,19.5,57.5,0
2025-12-14T22:11:57.659,19.5,57.4,0
2025-12-14T22:11:59.915,19.5,57.3,0
2025-12-14T22:12:02.170,19.5,57.4,0
2025-12-14T22:12:04.424,19.5,57.5,0
2025-12-14T22:12:06.683,19.5,57.8,0
2025-12-14T22:12:08.939,19.5,57.9,0
2025-12-14T22:12:11.194,19.5,58.0,0
2025-12-14T22:12:13.449,19.5,58.1,0
2025-12-14T22:12:15.703,19.5,58.2,0
2025-12-14T22:12:17.958,19.5,58.2,0
2025-12-14T22:12:20.213,19.5,58.2,0
2025-12-14T22:12:22.468,19.5,58.3,0
2025-12-14T22:12:24.722,19.5,58.3,0
2025-12-14T22:12:26.977,19.5,58.3,0
2025-12-14T22:12:29.232,19.5,58.3,0
2025-12-14T22:12:31.487,19.5,58.1,0
2025-12-14T22:12:33.742,19.5,58.2,0
2025-12-14T22:12:35.996,19.5,58.1,0
2025-12-14T22:12:38.251,19.5,58.1,0
2025-12-14T22:12:40.506,19.5,58.0,0
2025-12-14T22:12:42.761,19.5,57.8,0
2025-12-14T22:12:45.015,19.5,57.8,0
2025-12-14T22:12:47.270,19.5,57.7,0
2025-12-14T22:12:49.525,19.5,57.7,0
2025-12-14T22:12:51.780,19.5,57.7,0
2025-12-14T22:12:54.035,19.5,57.7,0
2025-12-14T22:12:56.289,19.5,57.6,0
2025-12-14T22:12:58.544,19.5,57.6,0
2025-12-14T22:13:00.799,19.5,57.5,0
2025-12-14T22:13:03.054,19.5,57.6,0
2025-12-14T22:13:05.308,19.5,57.6,0
2025-12-14T22:13:07.563,19.5,57.6,0
2025-12-14T22:13:09.818,19.5,57.6,0
2025-12-14T22:13:12.072,19.5,57.5,0
2025-12-14T22:13:14.327,19.5,57.4,0
2025-12-14T22:13:16.582,19.5,57.4,0
2025-12-14T22:13:18.837,19.5,57.4,0
2025-12-14T22:13:21.092,19.5,57.4,0
2025-12-14T22:13:23.346,19.5,57.4,0
2025-12-14T22:13:25.601,19.5,57.6,0
2025-12-14T22:13:27.856,19.5,57.7,0
2025-12-14T22:13:30.111,19.5,57.6,0
2025-12-14T22:13:32.365,19.5,57.6,0
2025-12-14T22:13:34.620,19.5,57.6,0
2025-12-14T22:13:36.875,19.5,57.6,0
2025-12-14T22:13:39.130,19.4,57.6,0
2025-12-14T22:13:41.385,19.5,57.8,0
2025-12-14T22:13:43.640,19.5,57.9,0
2025-12-14T22:13:45.894,19.5,57.9,0
2025-12-14T22:13:48.149,19.5,57.8,0
2025-12-14T22:13:50.404,19.5,57.9,0
2025-12-14T22:13:52.658,19.5,57.8,0
2025-12-14T22:13:54.913,19.5,57.8,0
2025-12-14T22:13:57.168,19.5,57.8,0
2025-12-14T22:13:59.423,19.5,57.6,0
2025-12-14T22:14:01.677,19.5,57.5,0
2025-12-14T22:14:03.932,19.5,57.6,0
2025-12-14T22:14:06.187,19.5,57.6,0
2025-12-14T22:14:08.441,19.5,57.7,0
2025-12-14T22:14:10.696,19.5,57.7,0
2025-12-14T22:14:12.951,19.5,57.8,0
2025-12-14T22:14:15.205,19.5,57.9,0
2025-12-14T22:14:17.460,19.5,58.0,0
2025-12-14T22:14:19.715,19.5,58.1,0
2025-12-14T22:14:21.969,19.5,58.0,0
2025-12-14T22:14:24.224,19.5,57.8,0
2025-12-14T22:14:26.479,19.5,57.9,0
2025-12-14T22:14:28.734,19.5,57.9,0
2025-12-14T22:14:30.989,19.5,57.8,0
2025-12-14T22:14:33.247,19.5,57.7,0
2025-12-14T22:14:35.507,19.5,57.7,0
2025-12-14T22:14:37.763,19.5,57.8,0
2025-12-14T22:14:40.017,19.5,57.7,0
2025-12-14T22:14:42.275,19.5,57.6,0
2025-12-14T22:14:44.529,19.5,57.6,0
2025-12-14T22:14:46.787,19.5,57.7,0
2025-12-14T22:14:49.047,19.5,57.8,0
2025-12-14T22:14:51.307,19.5,57.9,0
2025-12-14T22:14:53.567,19.5,57.9,0
2025-12-14T22:14:55.822,19.5,58.0,0
2025-12-14T22:14:58.079,19.4,58.1,0
2025-12-14T22:15:00.333,19.5,58.2,0
2025-12-14T22:15:02.588,19.5,58.2,0
2025-12-14T22:15:04.847,19.5,58.3,0
2025-12-14T22:15:07.107,19.5,58.4,0
2025-12-14T22:15:09.367,19.5,58.4,0
2025-12-14T22:15:11.627,19.5,58.1,0
2025-12-14T22:15:13.887,19.5,58.0,0
2025-12-14T22:15:16.147,19.5,58.1,0
2025-12-14T22:15:18.407,19.5,58.2,0
2025-12-14T22:15:20.667,19.5,58.2,0
2025-12-14T22:15:22.927,19.4,58.1,0
2025-12-14T22:15:25.187,19.4,58.1,0
2025-12-14T22:15:27.441,19.4,58.1,0
2025-12-14T22:15:29.696,19.5,58.2,0
2025-12-14T22:15:31.952,19.5,58.2,0
2025-12-14T22:15:34.207,19.5,58.1,0
2025-12-14T22:15:36.461,19.4,58.0,0
2025-12-14T22:15:38.716,19.4,58.0,0
2025-12-14T22:15:40.975,19.4,58.1,0
2025-12-14T22:15:43.230,19.4,58.0,0
2025-12-14T22:15:45.484,19.5,58.1,0
2025-12-14T22:15:47.738,19.4,57.8,0
2025-12-14T22:15:49.993,19.4,57.6,0
2025-12-14T22:15:52.251,19.4,57.6,0
2025-12-14T22:15:54.511,19.4,57.7,0
2025-12-14T22:15:56.766,19.4,57.8,0
2025-12-14T22:15:59.020,19.4,57.8,0
2025-12-14T22:16:01.279,19.5,57.9,0
2025-12-14T22:16:03.533,19.4,57.9,0
2025-12-14T22:16:05.788,19.5,58.0,0
2025-12-14T22:16:08.047,19.5,58.0,0
2025-12-14T22:16:10.301,19.5,58.1,0
2025-12-14T22:16:12.559,19.4,58.0,0
2025-12-14T22:16:14.813,19.4,58.0,0
2025-12-14T22:16:17.071,19.4,58.0,0
2025-12-14T22:16:19.326,19.5,58.2,0
2025-12-14T22:16:21.583,19.4,58.2,0
2025-12-14T22:16:23.839,19.4,58.1,0
2025-12-14T22:16:26.099,19.4,58.2,0
2025-12-14T22:16:28.359,19.4,58.1,0
2025-12-14T22:16:30.619,19.5,58.2,0
2025-12-14T22:16:32.874,19.5,58.2,0
2025-12-14T22:16:35.128,19.5,58.1,0
2025-12-14T22:16:37.382,19.5,58.1,0
2025-12-14T22:16:39.637,19.5,58.2,0
2025-12-14T22:16:41.895,19.4,58.1,0
2025-12-14T22:16:44.155,19.5,58.1,0
2025-12-14T22:16:46.410,19.5,58.1,0
2025-12-14T22:16:48.667,19.5,58.1,0
2025-12-14T22:16:50.922,19.5,58.0,0
2025-12-14T22:16:53.179,19.5,57.9,0
2025-12-14T22:16:55.433,19.5,57.9,0
2025-12-14T22:16:57.688,19.5,58.0,0
2025-12-14T22:16:59.942,19.4,57.9,0
2025-12-14T22:17:02.197,19.5,58.0,0
2025-12-14T22:17:04.455,19.5,58.0,0
2025-12-14T22:17:06.715,19.5,58.0,0
2025-12-14T22:17:08.969,19.5,58.0,0
2025-12-14T22:17:11.224,19.5,58.0,0
2025-12-14T22:17:13.478,19.5,58.0,0
2025-12-14T22:17:15.733,19.4,57.7,0
2025-12-14T22:17:17.991,19.5,57.8,0
2025-12-14T22:17:20.245,19.4,57.9,0
2025-12-14T22:17:22.503,19.4,58.0,0
2025-12-14T22:17:24.763,19.4,58.0,0
2025-12-14T22:17:27.018,19.5,58.1,0
2025-12-14T22:17:29.275,19.4,57.9,0
2025-12-14T22:17:31.529,19.4,57.9,0
2025-12-14T22:17:33.787,19.4,57.8,0
2025-12-14T22:17:36.047,19.4,57.8,0
2025-12-14T22:17:38.307,19.5,57.7,0
2025-12-14T22:17:40.567,19.4,57.6,0
2025-12-14T22:17:42.827,19.4,57.6,0
2025-12-14T22:17:45.087,19.4,57.7,0
2025-12-14T22:17:47.341,19.5,57.8,0
2025-12-14T22:17:49.596,19.4,57.9,0
2025-12-14T22:17:51.855,19.4,57.8,0
2025-12-14T22:17:54.115,19.4,57.7,0
2025-12-14T22:17:56.369,19.4,57.8,0
2025-12-14T22:17:58.624,19.4,57.9,0
2025-12-14T22:18:00.879,19.4,57.9,0
2025-12-14T22:18:03.135,19.4,57.8,0
2025-12-14T22:18:05.395,19.4,57.8,0
2025-12-14T22:18:07.655,19.4,57.9,0
2025-12-14T22:18:09.909,19.4,57.9,0
2025-12-14T22:18:12.167,19.4,58.0,0
2025-12-14T22:18:14.427,19.4,57.9,0
2025-12-14T22:18:16.681,19.4,58.0,0
2025-12-14T22:18:18.936,19.4,57.9,0
2025-12-14T22:18:21.195,19.4,57.8,0
2025-12-14T22:18:23.449,19.4,57.9,0
2025-12-14T22:18:25.704,19.4,57.8,0
2025-12-14T22:18:27.963,19.4,57.7,0
2025-12-14T22:18:30.217,19.4,57.7,0
2025-12-14T22:18:32.472,19.4,57.8,0
2025-12-14T22:18:34.731,19.4,57.8,0
2025-12-14T22:18:36.986,19.4,57.8,0
2025-12-14T22:18:39.240,19.4,57.6,0
2025-12-14T22:18:41.495,19.4,57.6,0
2025-12-14T22:18:43.750,19.4,57.8,0
2025-12-14T22:18:46.005,19.4,57.9,0
2025-12-14T22:18:48.259,19.4,57.8,0
2025-12-14T22:18:50.514,19.4,57.9,0
2025-12-14T22:18:52.769,19.4,58.0,0
2025-12-14T22:18:55.024,19.4,58.0,0
2025-12-14T22:18:57.278,19.4,58.0,0
2025-12-14T22:18:59.533,19.4,57.9,0
2025-12-14T22:19:01.788,19.4,57.9,0
2025-12-14T22:19:04.043,19.4,57.9,0
2025-12-14T22:19:06.297,19.4,57.8,0
2025-12-14T22:19:08.552,19.4,57.8,0
2025-12-14T22:19:10.807,19.4,57.7,0
2025-12-14T22:19:13.062,19.5,57.7,0
2025-12-14T22:19:15.316,19.4,57.6,0
2025-12-14T22:19:17.571,19.4,57.6,0
2025-12-14T22:19:19.826,19.4,57.5,0
2025-12-14T22:19:22.080,19.4,57.6,0
2025-12-14T22:19:24.335,19.4,57.6,0
2025-12-14T22:19:26.590,19.4,57.7,0
2025-12-14T22:19:28.844,19.4,57.6,0
2025-12-14T22:19:31.099,19.4,57.6,0
2025-12-14T22:19:33.354,19.4,57.6,0
2025-12-14T22:19:35.608,19.4,57.5,0
2025-12-14T22:19:37.863,19.4,57.5,0
2025-12-14T22:19:40.118,19.4,57.4,0
2025-12-14T22:19:42.372,19.4,57.4,0
2025-12-14T22:19:44.627,19.4,57.5,0
2025-12-14T22:19:46.882,19.4,57.6,0
2025-12-14T22:19:49.137,19.4,57.6,0
2025-12-14T22:19:51.391,19.4,57.5,0
2025-12-14T22:19:53.646,19.4,57.5,0
2025-12-14T22:19:55.901,19.4,57.4,0
2025-12-14T22:19:58.156,19.4,57.4,0
2025-12-14T22:20:00.410,19.4,57.5,0
2025-12-14T22:20:02.665,19.4,57.7,0
2025-12-14T22:20:04.920,19.4,57.6,0
2025-12-14T22:20:07.174,19.4,57.6,0
2025-12-14T22:20:09.429,19.4,57.8,0
2025-12-14T22:20:11.684,19.4,57.9,0
2025-12-14T22:20:13.939,19.4,58.0,0
2025-12-14T22:20:16.193,19.4,58.0,0
2025-12-14T22:20:18.448,19.4,57.9,0
2025-12-14T22:20:20.703,19.4,57.9,0
2025-12-14T22:20:22.957,19.4,57.8,0
2025-12-14T22:20:25.212,19.4,57.8,0
2025-12-14T22:20:27.467,19.4,57.7,0
2025-12-14T22:20:29.721,19.4,57.7,0
2025-12-14T22:20:31.976,19.5,57.9,0
2025-12-14T22:20:34.231,19.4,57.9,0
2025-12-14T22:20:36.485,19.4,58.0,0
2025-12-14T22:20:38.740,19.4,58.1,0
2025-12-14T22:20:40.994,19.4,58.2,0
2025-12-14T22:20:43.249,19.4,58.3,0
2025-12-14T22:20:45.503,19.4,58.3,0
2025-12-14T22:20:47.758,19.4,58.3,0
2025-12-14T22:20:50.013,19.4,58.3,0
2025-12-14T22:20:52.267,19.4,58.2,0
2025-12-14T22:20:54.522,19.4,58.0,0
2025-12-14T22:20:56.777,19.4,57.9,0
2025-12-14T22:20:59.031,19.4,58.0,0
2025-12-14T22:21:01.286,19.4,58.0,0
2025-12-14T22:21:03.541,19.4,58.2,0
2025-12-14T22:21:05.796,19.4,58.2,0
2025-12-14T22:21:08.050,19.4,58.2,0
2025-12-14T22:21:10.305,19.4,58.2,0
2025-12-14T22:21:12.559,19.4,58.2,0
2025-12-14T22:21:14.814,19.4,58.0,0
2025-12-14T22:21:17.069,19.4,58.0,0
2025-12-14T22:21:19.323,19.4,58.0,0
2025-12-14T22:21:21.578,19.4,58.1,0
2025-12-14T22:21:23.833,19.4,58.2,0
2025-12-14T22:21:26.088,19.4,58.3,0
2025-12-14T22:21:28.342,19.4,58.3,0
2025-12-14T22:21:30.597,19.4,58.1,0
2025-12-14T22:21:32.852,19.4,58.0,0
2025-12-14T22:21:35.106,19.4,58.0,0
2025-12-14T22:21:37.361,19.4,58.0,0
2025-12-14T22:21:39.616,19.4,57.9,0
2025-12-14T22:21:41.870,19.4,57.9,0
2025-12-14T22:21:44.125,19.4,58.0,0
2025-12-14T22:21:46.380,19.4,58.0,0
2025-12-14T22:21:48.635,19.4,57.9,0
2025-12-14T22:21:50.889,19.4,57.8,0
2025-12-14T22:21:53.144,19.4,57.6,0
2025-12-14T22:21:55.399,19.4,57.8,0
2025-12-14T22:21:57.653,19.4,57.9,0
2025-12-14T22:21:59.908,19.4,58.0,0
2025-12-14T22:22:02.163,19.4,58.0,0
2025-12-14T22:22:04.417,19.4,57.9,0
2025-12-14T22:22:06.672,19.4,57.8,0
2025-12-14T22:22:08.927,19.4,57.8,0
2025-12-14T22:22:11.181,19.4,57.8,0
2025-12-14T22:22:13.436,19.4,57.9,0
2025-12-14T22:22:15.691,19.4,58.0,0
2025-12-14T22:22:17.945,19.4,58.1,0
2025-12-14T22:22:20.200,19.4,58.2,0
2025-12-14T22:22:22.455,19.4,58.3,0
2025-12-14T22:22:24.710,19.4,58.3,0
2025-12-14T22:22:26.964,19.4,58.3,0
2025-12-14T22:22:29.219,19.4,58.2,0
2025-12-14T22:22:31.474,19.4,58.0,0
2025-12-14T22:22:33.728,19.4,58.0,0
2025-12-14T22:22:35.983,19.4,57.9,0
2025-12-14T22:22:38.237,19.4,57.9,0
2025-12-14T22:22:40.492,19.4,58.0,0
2025-12-14T22:22:42.747,19.4,58.0,0
2025-12-14T22:22:45.001,19.4,58.0,0
2025-12-14T22:22:47.256,19.4,58.0,0
2025-12-14T22:22:49.511,19.4,58.0,0
2025-12-14T22:22:51.765,19.4,57.9,0
2025-12-14T22:22:54.020,19.4,57.8,0
2025-12-14T22:22:56.275,19.4,57.8,0
2025-12-14T22:22:58.529,19.4,57.8,0
2025-12-14T22:23:00.784,19.4,57.9,0
2025-12-14T22:23:03.039,19.4,57.9,0
2025-12-14T22:23:05.293,19.4,57.8,0
2025-12-14T22:23:07.548,19.4,57.7,0
2025-12-14T22:23:09.803,19.4,57.9,0
2025-12-14T22:23:12.058,19.3,57.8,0
2025-12-14T22:23:14.312,19.4,58.0,0
2025-12-14T22:23:16.567,19.4,58.1,0
2025-12-14T22:23:18.822,19.4,58.1,0
2025-12-14T22:23:21.076,19.4,58.1,0
2025-12-14T22:23:23.331,19.4,58.2,0
2025-12-14T22:23:25.586,19.4,58.2,0
2025-12-14T22:23:27.840,19.4,58.2,0
2025-12-14T22:23:30.095,19.4,58.0,0
2025-12-14T22:23:32.350,19.4,57.9,0
2025-12-14T22:23:34.604,19.4,57.7,0
2025-12-14T22:23:36.859,19.4,57.7,0
2025-12-14T22:23:39.114,19.4,57.8,0
2025-12-14T22:23:41.368,19.4,57.8,0
2025-12-14T22:23:43.623,19.4,57.9,0
2025-12-14T22:23:45.878,19.4,58.0,0
2025-12-14T22:23:48.132,19.4,57.9,0
2025-12-14T22:23:50.387,19.4,58.0,0
2025-12-14T22:23:52.642,19.4,58.0,0
2025-12-14T22:23:54.897,19.4,57.9,0
2025-12-14T22:23:57.151,19.4,57.8,0
2025-12-14T22:23:59.406,19.4,57.9,0
2025-12-14T22:24:01.661,19.4,57.9,0
2025-12-14T22:24:03.915,19.4,57.9,0
2025-12-14T22:24:06.170,19.4,58.0,0
2025-12-14T22:24:08.425,19.4,58.0,0
2025-12-14T22:24:10.680,19.4,58.0,0
2025-12-14T22:24:12.934,19.4,57.8,0
2025-12-14T22:24:15.189,19.4,57.7,0
2025-12-14T22:24:17.444,19.4,57.6,0
2025-12-14T22:24:19.698,19.4,57.5,0
2025-12-14T22:24:21.953,19.4,57.6,0
2025-12-14T22:24:24.208,19.4,57.7,0
2025-12-14T22:24:26.462,19.4,57.8,0
2025-12-14T22:24:28.717,19.4,57.9,0
2025-12-14T22:24:30.972,19.4,58.0,0
2025-12-14T22:24:33.226,19.4,58.0,0
2025-12-14T22:24:35.481,19.4,58.0,0
2025-12-14T22:24:37.736,19.4,58.0,0
2025-12-14T22:24:39.991,19.4,58.2,0
2025-12-14T22:24:42.245,19.4,58.3,0
2025-12-14T22:24:44.500,19.4,58.3,0
2025-12-14T22:24:46.755,19.4,58.3,0
2025-12-14T22:24:49.009,19.4,58.1,0
2025-12-14T22:24:51.264,19.4,58.2,0
2025-12-14T22:24:53.519,19.4,58.3,0
2025-12-14T22:24:55.773,19.4,58.2,0
2025-12-14T22:24:58.028,19.4,58.1,0
2025-12-14T22:25:00.283,19.4,58.0,0
2025-12-14T22:25:02.537,19.4,58.0,0
2025-12-14T22:25:04.792,19.4,58.0,0
2025-12-14T22:25:07.047,19.4,58.1,0
2025-12-14T22:25:09.302,19.4,58.1,0
2025-12-14T22:25:11.556,19.4,58.2,0
2025-12-14T22:25:13.811,19.4,58.2,0
2025-12-14T22:25:16.065,19.4,58.2,0
2025-12-14T22:25:18.320,19.4,58.3,0
2025-12-14T22:25:20.575,19.4,58.2,0
2025-12-14T22:25:22.829,19.4,58.3,0
2025-12-14T22:25:25.084,19.4,58.3,0
2025-12-14T22:25:27.339,19.4,58.4,0
2025-12-14T22:25:29.593,19.4,58.4,0
2025-12-14T22:25:31.848,,,0
2025-12-14T22:25:34.103,19.4,58.4,0
2025-12-14T22:25:36.358,19.4,58.3,0
2025-12-14T22:25:38.612,19.4,58.3,0
2025-12-14T22:25:40.867,19.4,58.3,0
2025-12-14T22:25:43.122,19.4,58.0,0
2025-12-14T22:25:45.376,19.4,57.9,0
2025-12-14T22:25:47.631,19.4,57.9,0
2025-12-14T22:25:49.886,19.4,57.9,0
2025-12-14T22:25:52.141,19.4,57.9,0
2025-12-14T22:25:54.395,19.4,58.0,0
2025-12-14T22:25:56.650,19.4,57.9,0
2025-12-14T22:25:58.905,19.4,57.8,0
2025-12-14T22:26:01.160,19.4,57.9,0
2025-12-14T22:26:03.414,19.3,57.9,0
2025-12-14T22:26:05.669,19.4,58.0,0
2025-12-14T22:26:07.924,19.4,57.9,0
2025-12-14T22:26:10.179,19.4,57.8,0
2025-12-14T22:26:12.433,19.4,57.6,0
2025-12-14T22:26:14.688,19.4,57.7,0
2025-12-14T22:26:16.943,19.3,57.8,0
2025-12-14T22:26:19.198,19.4,57.8,0
2025-12-14T22:26:21.453,19.4,57.9,0
2025-12-14T22:26:23.707,19.4,58.0,0
2025-12-14T22:26:25.962,19.4,58.0,0
2025-12-14T22:26:28.217,19.3,58.0,0
2025-12-14T22:26:30.472,19.3,58.1,0
2025-12-14T22:26:32.726,19.3,58.1,0
2025-12-14T22:26:34.981,19.4,58.1,0
2025-12-14T22:26:37.236,19.4,58.0,0
2025-12-14T22:26:39.490,19.3,57.7,0
2025-12-14T22:26:41.745,19.3,57.7,0
2025-12-14T22:26:44.000,19.3,57.6,0
2025-12-14T22:26:46.255,19.4,57.6,0
2025-12-14T22:26:48.509,19.4,57.6,0
2025-12-14T22:26:50.764,19.3,57.5,0
2025-12-14T22:26:53.023,19.3,57.7,0
2025-12-14T22:26:55.283,19.3,57.8,0
2025-12-14T22:26:57.543,19.3,57.8,0
2025-12-14T22:26:59.803,19.3,57.8,0
2025-12-14T22:27:02.058,19.3,57.7,0
2025-12-14T22:27:04.312,19.3,57.8,0
2025-12-14T22:27:06.567,19.4,57.9,0
2025-12-14T22:27:08.827,19.3,57.8,0
2025-12-14T22:27:11.081,19.4,57.9,0
2025-12-14T22:27:13.339,19.3,57.8,0
2025-12-14T22:27:15.599,19.4,57.9,0
2025-12-14T22:27:17.853,19.4,58.0,0
2025-12-14T22:27:20.111,19.3,57.8,0
2025-12-14T22:27:22.371,19.3,57.7,0
2025-12-14T22:27:24.631,19.3,57.5,0
2025-12-14T22:27:26.891,19.3,57.4,0
2025-12-14T22:27:29.147,19.3,57.6,0
2025-12-14T22:27:31.401,19.3,57.7,0
2025-12-14T22:27:33.659,19.3,57.8,0
2025-12-14T22:27:35.919,19.3,57.8,0
2025-12-14T22:27:38.175,19.3,57.8,0
2025-12-14T22:27:40.429,19.3,57.7,0
2025-12-14T22:27:42.684,19.3,57.7,0
2025-12-14T22:27:44.943,19.3,57.8,0
2025-12-14T22:27:47.203,19.3,57.9,0
2025-12-14T22:27:49.463,19.3,57.8,0
2025-12-14T22:27:51.717,19.3,57.8,0
2025-12-14T22:27:53.972,19.3,57.8,0
2025-12-14T22:27:56.231,19.3,57.9,0
2025-12-14T22:27:58.491,19.3,58.0,0
2025-12-14T22:28:00.746,19.3,58.0,0
2025-12-14T22:28:03.003,19.3,58.1,0
2025-12-14T22:28:05.257,19.3,58.1,0
2025-12-14T22:28:07.515,19.3,58.0,0
2025-12-14T22:28:09.770,19.3,58.0,0
2025-12-14T22:28:12.027,19.3,57.8,0
2025-12-14T22:28:14.281,19.3,57.8,0
2025-12-14T22:28:16.536,19.3,57.9,0
2025-12-14T22:28:18.795,19.3,58.0,0
2025-12-14T22:28:21.055,19.3,58.1,0
2025-12-14T22:28:23.309,19.3,58.2,0
2025-12-14T22:28:25.567,19.3,58.0,0
2025-12-14T22:28:27.822,19.3,58.2,0
2025-12-14T22:28:30.076,19.3,58.2,0
2025-12-14T22:28:32.335,19.3,58.1,0
2025-12-14T22:28:34.589,19.3,58.0,0
2025-12-14T22:28:36.847,19.3,58.0,0
2025-12-14T22:28:39.101,19.3,58.1,0
2025-12-14T22:28:41.359,19.4,58.2,0
2025-12-14T22:28:43.614,19.4,58.2,0
2025-12-14T22:28:45.868,19.3,58.1,0
2025-12-14T22:28:48.127,19.3,58.3,0
2025-12-14T22:28:50.381,19.3,58.4,0
2025-12-14T22:28:52.636,19.3,58.5,0
2025-12-14T22:28:54.891,19.4,58.6,0
2025-12-14T22:28:57.151,19.3,58.7,0
2025-12-14T22:28:59.405,19.3,58.8,0
2025-12-14T22:29:01.660,19.3,58.8,0
2025-12-14T22:29:03.914,19.3,58.9,0
2025-12-14T22:29:06.169,19.3,59.0,0
2025-12-14T22:29:08.427,19.4,59.1,0
2025-12-14T22:29:10.687,19.3,59.2,0
2025-12-14T22:29:12.941,19.4,59.2,0
2025-12-14T22:29:15.196,19.3,59.2,0
2025-12-14T22:29:17.455,19.4,59.4,0
2025-12-14T22:29:19.715,19.3,59.3,0
2025-12-14T22:29:21.975,19.3,59.2,0
2025-12-14T22:29:24.235,19.3,59.1,0
2025-12-14T22:29:26.489,19.3,59.0,0
2025-12-14T22:29:28.747,19.3,59.1,0
2025-12-14T22:29:31.007,19.4,59.1,0
2025-12-14T22:29:33.267,19.4,58.9,0
2025-12-14T22:29:35.521,19.4,58.6,0
2025-12-14T22:29:37.776,19.4,58.3,0
2025-12-14T22:29:40.035,19.4,58.0,0
2025-12-14T22:29:42.289,19.4,58.0,0
2025-12-14T22:29:44.544,19.4,58.1,0
2025-12-14T22:29:46.798,19.4,58.0,0
2025-12-14T22:29:49.053,19.4,58.1,0
2025-12-14T22:29:51.311,19.4,58.2,0
2025-12-14T22:29:53.566,19.4,58.1,0
2025-12-14T22:29:55.820,19.4,57.9,0
2025-12-14T22:29:58.075,19.4,57.9,0
2025-12-14T22:30:00.329,19.4,57.9,0
2025-12-14T22:30:02.584,19.4,58.0,0
2025-12-14T22:30:04.839,19.4,58.2,0
2025-12-14T22:30:07.094,19.4,58.4,0
2025-12-14T22:30:09.348,19.4,58.4,0
2025-12-14T22:30:11.603,19.4,58.6,0
2025-12-14T22:30:13.858,19.4,58.3,0
2025-12-14T22:30:16.113,19.4,58.3,0
2025-12-14T22:30:18.368,19.4,58.0,0
2025-12-14T22:30:20.622,19.4,58.2,0
2025-12-14T22:30:22.877,19.4,58.3,0
2025-12-14T22:30:25.132,19.4,58.4,0
2025-12-14T22:30:27.386,19.4,58.4,0
2025-12-14T22:30:29.641,19.4,58.3,0
2025-12-14T22:30:31.896,19.3,58.4,0
2025-12-14T22:30:34.151,19.4,58.6,0
2025-12-14T22:30:36.405,19.4,58.8,0
2025-12-14T22:30:38.660,19.4,59.0,0
2025-12-14T22:30:40.915,19.4,58.9,0
2025-12-14T22:30:43.170,19.4,58.9,0
2025-12-14T22:30:45.424,19.4,59.0,0
2025-12-14T22:30:47.679,19.4,58.8,0
2025-12-14T22:30:49.934,19.4,58.7,0
2025-12-14T22:30:52.189,19.4,58.7,0
2025-12-14T22:30:54.443,19.4,58.7,0
2025-12-14T22:30:56.698,19.4,58.7,0
2025-12-14T22:30:58.953,19.4,58.6,0
2025-12-14T22:31:01.207,19.4,58.6,0
2025-12-14T22:31:03.462,19.4,58.7,0
2025-12-14T22:31:05.717,19.4,58.9,0
2025-12-14T22:31:07.975,19.4,59.0,0
2025-12-14T22:31:10.230,19.4,59.1,0
2025-12-14T22:31:12.484,19.4,59.2,0
2025-12-14T22:31:14.738,19.4,59.2,0
2025-12-14T22:31:16.995,19.4,59.2,0
2025-12-14T22:31:19.250,19.4,59.3,0
2025-12-14T22:31:21.507,19.4,59.3,0
2025-12-14T22:31:23.767,19.4,59.3,0
2025-12-14T22:31:26.027,19.4,59.3,0
2025-12-14T22:31:28.287,19.4,59.2,0
2025-12-14T22:31:30.541,19.4,59.2,0
2025-12-14T22:31:32.796,19.4,59.1,0
2025-12-14T22:31:35.055,19.4,59.1,0
2025-12-14T22:31:37.315,19.4,59.1,0
2025-12-14T22:31:39.570,19.4,59.2,0
2025-12-14T22:31:41.824,19.4,59.0,0
2025-12-14T22:31:44.083,19.4,59.0,0
2025-12-14T22:31:46.343,19.4,58.8,0
2025-12-14T22:31:48.597,19.3,58.8,0
2025-12-14T22:31:50.855,19.4,58.8,0
2025-12-14T22:31:53.115,19.4,58.9,0
2025-12-14T22:31:55.369,19.4,59.0,0
2025-12-14T22:31:57.624,19.4,59.1,0
2025-12-14T22:31:59.878,19.4,59.2,0
2025-12-14T22:32:02.133,19.4,59.1,0
2025-12-14T22:32:04.387,19.4,59.0,0
2025-12-14T22:32:06.647,19.3,58.8,0
2025-12-14T22:32:08.907,19.4,58.8,0
2025-12-14T22:32:11.162,19.4,58.8,0
2025-12-14T22:32:13.416,19.4,58.9,0
2025-12-14T22:32:15.675,19.4,59.0,0
2025-12-14T22:32:17.935,19.4,59.0,0
2025-12-14T22:32:20.190,19.4,59.0,0
2025-12-14T22:32:22.444,19.4,59.0,0
2025-12-14T22:32:24.703,19.4,58.9,0
2025-12-14T22:32:26.963,19.4,58.7,0
2025-12-14T22:32:29.219,19.4,58.5,0
2025-12-14T22:32:31.474,19.4,58.3,0
2025-12-14T22:32:33.731,19.3,58.1,0
2025-12-14T22:32:35.991,19.4,58.1,0
2025-12-14T22:32:38.251,19.4,58.0,0
2025-12-14T22:32:40.505,19.4,57.8,0
2025-12-14T22:32:42.760,19.4,57.8,0
2025-12-14T22:32:45.019,19.4,57.8,0
2025-12-14T22:32:47.279,19.4,57.8,0
2025-12-14T22:32:49.533,19.3,57.7,0
2025-12-14T22:32:51.791,19.4,57.8,0
2025-12-14T22:32:54.051,19.4,57.9,0
2025-12-14T22:32:56.305,19.3,57.9,0
2025-12-14T22:32:58.560,19.4,58.1,0
2025-12-14T22:33:00.814,19.3,58.1,0
2025-12-14T22:33:03.069,19.4,58.3,0
2025-12-14T22:33:05.323,19.3,58.3,0
2025-12-14T22:33:07.583,19.3,58.5,0
2025-12-14T22:33:09.837,19.3,58.5,0
2025-12-14T22:33:12.095,19.4,58.7,0
2025-12-14T22:33:14.355,19.3,58.8,0
2025-12-14T22:33:16.615,19.4,58.9,0
2025-12-14T22:33:18.875,19.3,58.9,0
2025-12-14T22:33:21.135,19.4,59.0,0
2025-12-14T22:33:23.389,19.4,59.1,0
2025-12-14T22:33:25.644,19.4,59.0,0
2025-12-14T22:33:27.903,19.3,58.8,0
2025-12-14T22:33:30.157,19.4,58.9,0
2025-12-14T22:33:32.415,19.4,59.0,0
2025-12-14T22:33:34.669,19.4,58.9,0
2025-12-14T22:33:36.927,19.3,58.9,0
2025-12-14T22:33:39.182,19.3,58.9,0
2025-12-14T22:33:41.436,19.4,59.1,0
2025-12-14T22:33:43.695,19.4,59.0,0
2025-12-14T22:33:45.949,19.3,58.9,0
2025-12-14T22:33:48.204,19.3,59.0,0
2025-12-14T22:33:50.458,19.3,59.1,0
2025-12-14T22:33:52.713,19.4,59.2,0
2025-12-14T22:33:54.971,19.3,59.3,0
2025-12-14T22:33:57.225,19.3,59.5,0
2025-12-14T22:33:59.480,19.4,59.6,0
2025-12-14T22:34:01.734,19.4,59.5,0
2025-12-14T22:34:03.989,19.3,59.4,0
2025-12-14T22:34:06.243,19.4,59.4,0
2025-12-14T22:34:08.498,19.4,59.4,0
2025-12-14T22:34:10.755,19.4,59.4,0
2025-12-14T22:34:13.010,19.3,59.4,0
2025-12-14T22:34:15.267,19.4,59.4,0
2025-12-14T22:34:17.521,19.3,59.2,0
2025-12-14T22:34:19.776,19.3,59.1,0
2025-12-14T22:34:22.035,19.4,59.2,0
2025-12-14T22:34:24.289,19.4,59.1,0
2025-12-14T22:34:26.544,19.4,59.0,0
2025-12-14T22:34:28.803,19.4,58.9,0
2025-12-14T22:34:31.063,19.4,58.9,0
2025-12-14T22:34:33.323,19.4,58.9,0
2025-12-14T22:34:35.583,19.4,59.0,0
2025-12-14T22:34:37.837,19.4,59.1,0
2025-12-14T22:34:40.092,19.4,59.1,0
2025-12-14T22:34:42.351,19.4,59.2,0
2025-12-14T22:34:44.605,19.4,59.2,0
2025-12-14T22:34:46.863,19.3,59.2,0
2025-12-14T22:34:49.118,19.4,59.2,0
2025-12-14T22:34:51.372,19.3,59.2,0
2025-12-14T22:34:53.626,19.4,59.1,0
2025-12-14T22:34:55.883,19.4,59.1,0
2025-12-14T22:34:58.143,19.4,59.1,0
2025-12-14T22:35:00.403,19.4,59.1,0
2025-12-14T22:35:02.663,19.4,59.1,0
2025-12-14T22:35:04.917,19.4,59.0,0
2025-12-14T22:35:07.172,19.4,58.7,0
2025-12-14T22:35:09.431,19.4,58.5,0
2025-12-14T22:35:11.685,19.3,58.3,0
2025-12-14T22:35:13.943,19.3,58.4,0
2025-12-14T22:35:16.203,19.3,58.4,0
2025-12-14T22:35:18.458,19.3,58.5,0
2025-12-14T22:35:20.712,19.3,58.5,0
2025-12-14T22:35:22.967,19.4,58.6,0
2025-12-14T22:35:25.222,19.4,58.6,0
2025-12-14T22:35:27.477,19.4,58.6,0
2025-12-14T22:35:29.733,19.3,58.4,0
2025-12-14T22:35:31.988,19.3,58.4,0
2025-12-14T22:35:34.243,19.3,58.3,0
2025-12-14T22:35:36.497,19.3,58.4,0
2025-12-14T22:35:38.752,19.3,58.5,0
2025-12-14T22:35:41.006,,,0
2025-12-14T22:35:43.261,19.3,58.8,0
2025-12-14T22:35:45.519,19.3,58.7,0
2025-12-14T22:35:47.779,19.3,58.7,0
2025-12-14T22:35:50.039,19.3,58.9,0
2025-12-14T22:35:52.293,19.3,58.9,0
2025-12-14T22:35:54.551,19.3,59.0,0
2025-12-14T22:35:56.811,19.3,59.0,0
2025-12-14T22:35:59.071,19.4,59.2,0
2025-12-14T22:36:01.331,19.4,59.4,0
2025-12-14T22:36:03.591,19.4,59.4,0
2025-12-14T22:36:05.845,19.4,59.6,0
2025-12-14T22:36:08.100,19.4,59.6,0
2025-12-14T22:36:10.354,19.4,59.6,0
2025-12-14T22:36:12.609,19.3,59.6,0
2025-12-14T22:36:14.867,19.4,59.6,0
2025-12-14T22:36:17.123,19.4,59.5,0
2025-12-14T22:36:19.383,19.4,59.2,0
2025-12-14T22:36:21.643,19.4,59.2,0
2025-12-14T22:36:23.898,19.4,59.2,0
2025-12-14T22:36:26.152,19.4,59.2,0
2025-12-14T22:36:28.411,19.4,59.2,0
2025-12-14T22:36:30.671,19.4,59.1,0
2025-12-14T22:36:32.931,19.4,59.2,0
2025-12-14T22:36:35.191,19.4,59.2,0
2025-12-14T22:36:37.445,19.4,59.4,0
2025-12-14T22:36:39.703,19.4,59.3,0
2025-12-14T22:36:41.963,19.4,59.2,0
2025-12-14T22:36:44.223,19.4,59.1,0
2025-12-14T22:36:46.477,19.4,59.0,0
2025-12-14T22:36:48.732,19.4,58.8,0
2025-12-14T22:36:50.986,19.4,58.7,0
2025-12-14T22:36:53.241,19.4,58.7,0
2025-12-14T22:36:55.499,19.4,58.9,0
2025-12-14T22:36:57.759,19.4,59.0,0
2025-12-14T22:37:00.019,19.4,59.0,0
2025-12-14T22:37:02.273,19.4,58.8,0
2025-12-14T22:37:04.528,19.4,58.8,0
2025-12-14T22:37:06.783,19.4,58.6,0
2025-12-14T22:37:09.038,19.4,58.6,0
2025-12-14T22:37:11.292,19.4,58.5,0
2025-12-14T22:37:13.547,19.4,58.5,0
2025-12-14T22:37:15.802,19.4,58.6,0
2025-12-14T22:37:18.056,19.4,58.6,0
2025-12-14T22:37:20.311,19.4,58.8,0
2025-12-14T22:37:22.566,19.4,59.0,0
2025-12-14T22:37:24.821,19.4,59.2,0
2025-12-14T22:37:27.075,19.4,59.5,0
2025-12-14T22:37:29.330,19.4,59.6,0
2025-12-14T22:37:31.585,19.4,59.8,0
2025-12-14T22:37:33.840,19.4,59.9,0
2025-12-14T22:37:36.094,19.4,59.9,0
2025-12-14T22:37:38.349,19.4,60.0,0
2025-12-14T22:37:40.604,19.4,60.1,0
2025-12-14T22:37:42.859,19.4,60.1,0
2025-12-14T22:37:45.113,19.4,60.1,0
2025-12-14T22:37:47.368,19.4,60.1,0
2025-12-14T22:37:49.623,19.4,60.1,0
2025-12-14T22:37:51.878,19.4,60.1,0
2025-12-14T22:37:54.132,19.4,60.1,0
2025-12-14T22:37:56.387,19.4,60.1,0
2025-12-14T22:37:58.642,19.4,60.1,0
2025-12-14T22:38:00.897,19.4,60.1,0
2025-12-14T22:38:03.152,19.4,60.2,0
2025-12-14T22:38:05.406,19.4,60.3,0
2025-12-14T22:38:07.661,19.4,60.3,0
2025-12-14T22:38:09.916,19.4,60.2,0
2025-12-14T22:38:12.171,19.4,60.2,0
2025-12-14T22:38:14.425,19.4,60.1,0
2025-12-14T22:38:16.680,19.4,60.1,0
2025-12-14T22:38:18.935,19.4,60.1,0
2025-12-14T22:38:21.190,19.4,60.1,0
2025-12-14T22:38:23.444,19.4,60.1,0
2025-12-14T22:38:25.699,19.4,60.1,0
2025-12-14T22:38:27.954,19.4,60.0,0
2025-12-14T22:38:30.208,19.4,59.9,0
2025-12-14T22:38:32.463,19.4,59.9,0
2025-12-14T22:38:34.718,19.4,59.8,0
2025-12-14T22:38:36.973,19.4,59.8,0
2025-12-14T22:38:39.228,19.4,59.9,0
2025-12-14T22:38:41.482,19.4,59.9,0
2025-12-14T22:38:43.737,19.4,60.0,0
2025-12-14T22:38:45.992,19.4,60.1,0
2025-12-14T22:38:48.246,19.4,60.1,0
2025-12-14T22:38:50.503,19.4,60.1,0
2025-12-14T22:38:52.758,19.4,60.1,0
2025-12-14T22:38:55.015,19.4,60.1,0
2025-12-14T22:38:57.270,19.4,60.1,0
2025-12-14T22:38:59.524,19.4,60.1,0
2025-12-14T22:39:01.783,19.4,60.1,0
2025-12-14T22:39:04.043,19.4,60.1,0
2025-12-14T22:39:06.303,19.4,60.0,0
2025-12-14T22:39:08.557,19.4,60.1,0
2025-12-14T22:39:10.812,19.4,59.9,0
2025-12-14T22:39:13.066,19.4,59.8,0
2025-12-14T22:39:15.321,19.4,59.8,0
2025-12-14T22:39:17.576,19.4,59.8,0
2025-12-14T22:39:19.831,19.4,59.8,0
2025-12-14T22:39:22.085,19.4,59.8,0
2025-12-14T22:39:24.340,19.4,59.9,0
2025-12-14T22:39:26.595,19.4,59.8,0
2025-12-14T22:39:28.850,19.4,60.0,0
2025-12-14T22:39:31.104,19.4,60.0,0
2025-12-14T22:39:33.359,19.4,60.1,0
2025-12-14T22:39:35.614,19.4,60.0,0
2025-12-14T22:39:37.869,19.4,60.0,0
2025-12-14T22:39:40.123,19.4,60.1,0
2025-12-14T22:39:42.378,19.4,60.0,0
2025-12-14T22:39:44.633,19.3,60.0,0
2025-12-14T22:39:46.888,19.4,59.8,0
2025-12-14T22:39:49.142,19.4,59.5,0
2025-12-14T22:39:51.397,19.4,59.4,0
2025-12-14T22:39:53.652,19.4,59.4,0
2025-12-14T22:39:55.906,19.4,57.3,0
2025-12-14T22:39:58.161,19.4,59.3,0
2025-12-14T22:40:00.416,19.4,59.1,0
2025-12-14T22:40:02.670,19.4,59.0,0
2025-12-14T22:40:04.925,19.4,58.8,0
2025-12-14T22:40:07.180,19.4,58.8,0
2025-12-14T22:40:09.434,19.4,58.7,0
2025-12-14T22:40:11.689,19.4,58.4,0
2025-12-14T22:40:13.944,19.4,58.3,0
2025-12-14T22:40:16.199,19.4,58.3,0
2025-12-14T22:40:18.453,19.4,58.5,0
2025-12-14T22:40:20.708,19.4,58.6,0
2025-12-14T22:40:22.963,19.4,58.7,0
2025-12-14T22:40:25.217,19.4,58.8,0
2025-12-14T22:40:27.472,19.4,58.7,0
2025-12-14T22:40:29.727,19.4,58.7,0
2025-12-14T22:40:31.982,19.4,58.8,0
2025-12-14T22:40:34.236,19.4,58.8,0
2025-12-14T22:40:36.491,19.4,58.9,0
2025-12-14T22:40:38.746,19.4,59.0,0
2025-12-14T22:40:41.001,19.4,59.1,0
2025-12-14T22:40:43.255,19.4,59.0,0
2025-12-14T22:40:45.510,19.4,58.8,0
2025-12-14T22:40:47.765,19.4,58.7,0
2025-12-14T22:40:50.019,19.4,58.5,0
2025-12-14T22:40:52.274,19.4,58.5,0
2025-12-14T22:40:54.529,19.4,58.4,0
2025-12-14T22:40:56.783,19.4,58.3,0
2025-12-14T22:40:59.038,19.4,58.3,0
2025-12-14T22:41:01.293,19.4,58.3,0
2025-12-14T22:41:03.548,19.4,58.4,0
2025-12-14T22:41:05.802,19.4,58.6,0
2025-12-14T22:41:08.057,19.3,58.6,0
2025-12-14T22:41:10.312,19.4,58.6,0
2025-12-14T22:41:12.567,19.4,58.6,0
2025-12-14T22:41:14.821,19.3,58.4,0
2025-12-14T22:41:17.076,19.4,58.3,0
2025-12-14T22:41:19.331,19.4,58.4,0
2025-12-14T22:41:21.585,19.3,58.4,0
2025-12-14T22:41:23.840,19.3,58.6,0
2025-12-14T22:41:26.095,19.3,58.6,0
2025-12-14T22:41:28.349,19.4,58.5,0
2025-12-14T22:41:30.604,19.3,58.2,0
2025-12-14T22:41:32.859,19.3,58.1,0
2025-12-14T22:41:35.113,19.3,58.0,0
2025-12-14T22:41:37.368,19.3,58.0,0
2025-12-14T22:41:39.623,19.3,58.1,0
2025-12-14T22:41:41.877,19.3,58.3,0
2025-12-14T22:41:44.132,19.3,58.4,0
2025-12-14T22:41:46.387,19.3,58.4,0
2025-12-14T22:41:48.641,19.3,58.2,0
2025-12-14T22:41:50.896,19.3,58.3,0
2025-12-14T22:41:53.151,19.3,58.5,0
2025-12-14T22:41:55.405,19.3,58.6,0
2025-12-14T22:41:57.660,19.3,58.7,0
2025-12-14T22:41:59.915,19.3,58.7,0
2025-12-14T22:42:02.170,19.3,58.8,0
2025-12-14T22:42:04.424,19.3,58.9,0
2025-12-14T22:42:06.679,19.3,58.9,0
2025-12-14T22:42:08.934,19.3,59.0,0
2025-12-14T22:42:11.188,19.3,59.1,0
2025-12-14T22:42:13.443,19.3,59.1,0
2025-12-14T22:42:15.698,19.3,59.0,0
2025-12-14T22:42:17.952,19.3,59.0,0
2025-12-14T22:42:20.207,19.3,59.0,0
2025-12-14T22:42:22.462,19.3,58.9,0
2025-12-14T22:42:24.716,19.3,58.9,0
2025-12-14T22:42:26.971,19.3,58.8,0
2025-12-14T22:42:29.225,19.3,58.9,0
2025-12-14T22:42:31.480,19.3,58.9,0
2025-12-14T22:42:33.735,19.3,59.1,0
2025-12-14T22:42:35.990,19.3,59.3,0
2025-12-14T22:42:38.244,19.3,59.4,0
2025-12-14T22:42:40.499,19.3,59.5,0
2025-12-14T22:42:42.754,19.3,59.5,0
2025-12-14T22:42:45.008,19.3,59.5,0
2025-12-14T22:42:47.263,19.3,59.5,0
2025-12-14T22:42:49.518,19.3,59.6,0
2025-12-14T22:42:51.772,19.3,59.6,0
2025-12-14T22:42:54.027,19.3,59.6,0
2025-12-14T22:42:56.282,19.3,59.4,0
2025-12-14T22:42:58.536,19.3,59.4,0
2025-12-14T22:43:00.791,19.3,59.1,0
2025-12-14T22:43:03.046,19.3,58.8,0
2025-12-14T22:43:05.300,19.3,58.6,0
2025-12-14T22:43:07.555,19.3,58.5,0
2025-12-14T22:43:09.810,19.3,58.5,0
2025-12-14T22:43:12.064,19.3,58.6,0
2025-12-14T22:43:14.319,19.3,58.7,0
2025-12-14T22:43:16.573,19.3,58.8,0
2025-12-14T22:43:18.828,19.3,58.8,0
2025-12-14T22:43:21.083,19.3,58.9,0
2025-12-14T22:43:23.337,19.3,58.8,0
2025-12-14T22:43:25.592,19.3,58.8,0
2025-12-14T22:43:27.847,19.3,58.7,0
2025-12-14T22:43:30.101,19.3,58.6,0
2025-12-14T22:43:32.356,19.3,58.6,0
2025-12-14T22:43:34.611,19.3,58.6,0
2025-12-14T22:43:36.865,19.3,58.6,0
2025-12-14T22:43:39.120,19.3,58.6,0
2025-12-14T22:43:41.375,19.3,58.8,0
2025-12-14T22:43:43.629,19.3,58.9,0
2025-12-14T22:43:45.884,19.3,58.9,0
2025-12-14T22:43:48.139,19.3,58.9,0
2025-12-14T22:43:50.394,19.3,58.8,0
2025-12-14T22:43:52.648,19.3,58.8,0
2025-12-14T22:43:54.903,19.3,58.2,0
2025-12-14T22:43:57.158,19.3,58.8,0
2025-12-14T22:43:59.413,19.3,58.9,0
2025-12-14T22:44:01.667,19.3,59.0,0
2025-12-14T22:44:03.922,19.3,59.1,0
2025-12-14T22:44:06.177,19.3,59.2,0
2025-12-14T22:44:08.432,19.3,59.3,0
2025-12-14T22:44:10.686,19.3,59.4,0
2025-12-14T22:44:12.941,19.3,59.4,0
2025-12-14T22:44:15.196,19.3,59.4,0
2025-12-14T22:44:17.450,19.3,59.4,0
2025-12-14T22:44:19.705,19.3,59.4,0
2025-12-14T22:44:21.960,19.3,59.2,0
2025-12-14T22:44:24.215,19.3,59.2,0
2025-12-14T22:44:26.469,19.3,59.0,0
2025-12-14T22:44:28.724,19.3,59.0,0
2025-12-14T22:44:30.979,19.3,59.3,0
2025-12-14T22:44:33.233,19.3,59.0,0
2025-12-14T22:44:35.488,19.3,58.9,0
2025-12-14T22:44:37.743,19.3,58.9,0
2025-12-14T22:44:39.997,19.3,58.8,0
2025-12-14T22:44:42.252,19.3,58.8,0
2025-12-14T22:44:44.507,19.3,58.8,0
2025-12-14T22:44:46.762,19.3,58.9,0
2025-12-14T22:44:49.017,19.3,59.0,0
2025-12-14T22:44:51.271,19.3,59.1,0
2025-12-14T22:44:53.526,19.3,59.2,0
2025-12-14T22:44:55.781,19.3,59.2,0
2025-12-14T22:44:58.036,19.3,59.3,0
2025-12-14T22:45:00.290,19.3,59.3,0
2025-12-14T22:45:02.545,19.3,59.3,0
2025-12-14T22:45:04.799,19.3,59.3,0
2025-12-14T22:45:07.054,19.3,59.3,0
2025-12-14T22:45:09.309,19.3,59.4,0
2025-12-14T22:45:11.564,19.3,59.4,0
2025-12-14T22:45:13.818,19.3,59.4,0
2025-12-14T22:45:16.073,19.3,59.4,0
2025-12-14T22:45:18.328,19.3,59.3,0
2025-12-14T22:45:20.583,19.3,59.3,0
2025-12-14T22:45:22.838,19.3,59.1,0
2025-12-14T22:45:25.092,19.3,58.9,0
2025-12-14T22:45:27.347,19.3,58.7,0
2025-12-14T22:45:29.602,19.3,58.6,0
2025-12-14T22:45:31.856,19.3,58.4,0
2025-12-14T22:45:34.111,19.3,58.3,0
2025-12-14T22:45:36.366,19.3,58.2,0
2025-12-14T22:45:38.620,19.3,58.4,0
2025-12-14T22:45:40.875,19.3,58.5,0
2025-12-14T22:45:43.130,19.3,58.5,0
2025-12-14T22:45:45.385,19.3,58.7,0
2025-12-14T22:45:47.639,19.3,58.8,0
2025-12-14T22:45:49.894,19.3,58.9,0
2025-12-14T22:45:52.149,19.3,59.1,0
2025-12-14T22:45:54.404,19.3,59.1,0
2025-12-14T22:45:56.659,19.3,59.2,0
2025-12-14T22:45:58.913,19.3,59.2,0
2025-12-14T22:46:01.168,19.3,59.2,0
2025-12-14T22:46:03.423,19.3,59.3,0
2025-12-14T22:46:05.678,19.3,59.3,0
2025-12-14T22:46:07.932,19.3,59.4,0
2025-12-14T22:46:10.187,19.3,59.5,0
2025-12-14T22:46:12.442,19.3,59.6,0
2025-12-14T22:46:14.697,19.3,59.7,0
2025-12-14T22:46:16.951,19.3,59.7,0
2025-12-14T22:46:19.206,19.3,59.6,0
2025-12-14T22:46:21.461,19.3,59.4,0
2025-12-14T22:46:23.716,19.3,59.5,0
2025-12-14T22:46:25.970,19.3,59.5,0
2025-12-14T22:46:28.225,19.3,59.3,0
2025-12-14T22:46:30.480,19.3,59.3,0
2025-12-14T22:46:32.735,19.3,59.3,0
2025-12-14T22:46:34.990,19.3,59.2,0
2025-12-14T22:46:37.245,19.3,59.2,0
2025-12-14T22:46:39.500,19.3,59.3,0
2025-12-14T22:46:41.754,19.3,59.4,0
2025-12-14T22:46:44.009,19.3,59.5,0
2025-12-14T22:46:46.264,19.3,59.5,0
2025-12-14T22:46:48.518,19.3,59.6,0
2025-12-14T22:46:50.773,19.3,59.6,0
2025-12-14T22:46:53.028,19.3,59.5,0
2025-12-14T22:46:55.282,19.3,59.4,0
2025-12-14T22:46:57.537,19.3,59.5,0
2025-12-14T22:46:59.792,19.3,59.6,0
2025-12-14T22:47:02.046,19.3,59.5,0
2025-12-14T22:47:04.301,19.3,59.4,0
2025-12-14T22:47:06.556,19.3,59.4,0
2025-12-14T22:47:08.810,19.3,59.3,0
2025-12-14T22:47:11.065,19.3,59.3,0
2025-12-14T22:47:13.320,19.3,59.1,0
2025-12-14T22:47:15.574,19.3,58.9,0
2025-12-14T22:47:17.829,19.3,58.9,0
2025-12-14T22:47:20.084,19.3,58.9,0
2025-12-14T22:47:22.338,19.3,59.0,0
2025-12-14T22:47:24.593,19.3,59.1,0
2025-12-14T22:47:26.848,19.3,59.2,0
2025-12-14T22:47:29.102,19.3,59.2,0
2025-12-14T22:47:31.357,19.3,59.3,0
2025-12-14T22:47:33.612,19.3,59.4,0
2025-12-14T22:47:35.866,19.3,59.4,0
2025-12-14T22:47:38.121,19.3,59.4,0
2025-12-14T22:47:40.376,19.3,59.4,0
2025-12-14T22:47:42.630,19.3,59.4,0
2025-12-14T22:47:44.885,19.3,59.3,0
2025-12-14T22:47:47.140,19.3,59.0,0
2025-12-14T22:47:49.394,19.3,58.9,0
2025-12-14T22:47:51.649,,,0
2025-12-14T22:47:53.904,19.3,59.2,0
2025-12-14T22:47:56.158,19.3,59.2,0
2025-12-14T22:47:58.413,19.3,59.2,0
2025-12-14T22:48:00.668,19.3,59.3,0
2025-12-14T22:48:02.922,19.3,59.2,0
2025-12-14T22:48:05.177,19.3,59.1,0
2025-12-14T22:48:07.432,19.3,59.1,0
2025-12-14T22:48:09.686,19.3,59.1,0
2025-12-14T22:48:11.941,19.3,59.0,0
2025-12-14T22:48:14.196,19.3,59.0,0
2025-12-14T22:48:16.450,19.3,59.1,0
2025-12-14T22:48:18.705,19.3,59.2,0
2025-12-14T22:48:20.960,19.3,59.3,0
2025-12-14T22:48:23.214,19.3,59.4,0
2025-12-14T22:48:25.469,19.3,59.4,0
2025-12-14T22:48:27.723,19.3,59.5,0
2025-12-14T22:48:29.978,19.3,59.5,0
2025-12-14T22:48:32.233,19.3,59.5,0
2025-12-14T22:48:34.487,19.3,59.6,0
2025-12-14T22:48:36.742,19.3,59.6,0
2025-12-14T22:48:38.997,19.3,59.6,0
2025-12-14T22:48:41.252,19.3,59.6,0
2025-12-14T22:48:43.506,19.3,59.6,0
2025-12-14T22:48:45.761,19.3,59.7,0
2025-12-14T22:48:48.016,19.3,59.7,0
2025-12-14T22:48:50.270,19.3,59.8,0
2025-12-14T22:48:52.525,19.3,59.8,0
2025-12-14T22:48:54.780,19.3,59.8,0
2025-12-14T22:48:57.034,19.3,59.7,0
2025-12-14T22:48:59.289,19.3,59.4,0
2025-12-14T22:49:01.544,19.3,59.3,0
2025-12-14T22:49:03.798,19.3,59.4,0
2025-12-14T22:49:06.053,19.3,59.5,0
2025-12-14T22:49:08.308,19.3,59.6,0
2025-12-14T22:49:10.562,19.3,59.5,0
2025-12-14T22:49:12.817,19.3,59.4,0
2025-12-14T22:49:15.072,19.3,59.4,0
2025-12-14T22:49:17.326,19.3,59.5,0
2025-12-14T22:49:19.581,19.3,59.6,0
2025-12-14T22:49:21.836,19.3,59.7,0
2025-12-14T22:49:24.090,19.3,59.6,0
2025-12-14T22:49:26.345,19.3,59.6,0
2025-12-14T22:49:28.600,19.3,59.5,0
2025-12-14T22:49:30.855,19.3,59.4,0
2025-12-14T22:49:33.109,19.3,59.6,0
2025-12-14T22:49:35.364,19.3,59.4,0
2025-12-14T22:49:37.618,19.3,59.1,0
2025-12-14T22:49:39.873,19.3,59.0,0
2025-12-14T22:49:42.128,19.3,59.0,0
2025-12-14T22:49:44.383,19.3,58.9,0
2025-12-14T22:49:46.637,19.3,58.9,0
2025-12-14T22:49:48.892,19.3,58.9,0
2025-12-14T22:49:51.147,19.3,59.0,0
2025-12-14T22:49:53.401,19.3,59.0,0
2025-12-14T22:49:55.656,19.3,59.1,0
2025-12-14T22:49:57.911,19.3,59.2,0
2025-12-14T22:50:00.165,19.3,59.3,0
2025-12-14T22:50:02.420,19.3,59.3,0
2025-12-14T22:50:04.675,19.3,59.3,0
2025-12-14T22:50:06.929,19.3,59.3,0
2025-12-14T22:50:09.184,19.3,59.4,0
2025-12-14T22:50:11.439,19.3,59.4,0
2025-12-14T22:50:13.693,19.3,59.6,0
2025-12-14T22:50:15.948,19.3,59.5,0
2025-12-14T22:50:18.203,19.3,59.6,0
2025-12-14T22:50:20.457,19.3,59.7,0
2025-12-14T22:50:22.712,19.3,59.7,0
2025-12-14T22:50:24.966,19.3,59.7,0
2025-12-14T22:50:27.221,19.3,59.7,0
2025-12-14T22:50:29.475,19.3,59.7,0
2025-12-14T22:50:31.730,19.3,59.7,0
2025-12-14T22:50:33.988,19.3,59.8,0
2025-12-14T22:50:36.247,19.3,59.8,0
2025-12-14T22:50:38.501,19.3,59.7,0
2025-12-14T22:50:40.756,19.3,59.5,0
2025-12-14T22:50:43.015,19.3,59.6,0
2025-12-14T22:50:45.275,19.3,59.6,0
2025-12-14T22:50:47.529,19.3,59.6,0
2025-12-14T22:50:49.784,19.3,59.6,0
2025-12-14T22:50:52.039,19.3,59.5,0
2025-12-14T22:50:54.293,19.3,59.5,0
2025-12-14T22:50:56.548,19.3,59.5,0
2025-12-14T22:50:58.803,19.3,59.5,0
2025-12-14T22:51:01.057,19.3,59.6,0
2025-12-14T22:51:03.312,19.3,59.6,0
2025-12-14T22:51:05.567,19.3,59.6,0
2025-12-14T22:51:07.822,19.3,59.6,0
2025-12-14T22:51:10.076,19.3,59.6,0
2025-12-14T22:51:12.331,19.3,59.5,0
2025-12-14T22:51:14.586,19.3,59.5,0
2025-12-14T22:51:16.840,19.3,59.4,0
2025-12-14T22:51:19.095,19.3,59.4,0
2025-12-14T22:51:21.350,19.3,59.4,0
2025-12-14T22:51:23.604,19.3,59.5,0
2025-12-14T22:51:25.859,19.3,59.6,0
2025-12-14T22:51:28.114,19.3,59.6,0
2025-12-14T22:51:30.369,19.3,59.5,0
2025-12-14T22:51:32.623,19.3,59.6,0
2025-12-14T22:51:34.878,19.3,59.5,0
2025-12-14T22:51:37.133,19.3,59.4,0
2025-12-14T22:51:39.387,19.3,59.4,0
2025-12-14T22:51:41.642,19.3,59.4,0
2025-12-14T22:51:43.897,19.3,59.5,0
2025-12-14T22:51:46.152,19.3,59.5,0
2025-12-14T22:51:48.406,19.3,59.6,0
2025-12-14T22:51:50.661,19.3,59.6,0
2025-12-14T22:51:52.916,19.3,59.6,0
2025-12-14T22:51:55.170,19.3,59.7,0
2025-12-14T22:51:57.425,19.3,59.7,0
2025-12-14T22:51:59.680,19.3,59.7,0
2025-12-14T22:52:01.935,19.3,59.8,0
2025-12-14T22:52:04.189,19.3,59.7,0
2025-12-14T22:52:06.444,19.3,59.6,0
2025-12-14T22:52:08.699,19.3,59.6,0
2025-12-14T22:52:10.953,19.3,59.4,0
2025-12-14T22:52:13.208,19.3,59.3,0
2025-12-14T22:52:15.463,19.3,59.3,0
2025-12-14T22:52:17.717,19.3,59.2,0
2025-12-14T22:52:19.972,19.3,59.2,0
2025-12-14T22:52:22.226,19.3,59.3,0
2025-12-14T22:52:24.481,19.3,59.3,0
2025-12-14T22:52:26.736,19.3,59.4,0
2025-12-14T22:52:28.990,19.3,59.5,0
2025-12-14T22:52:31.245,19.3,59.6,0
2025-12-14T22:52:33.499,19.3,59.7,0
2025-12-14T22:52:35.754,19.3,59.7,0
2025-12-14T22:52:38.009,19.3,59.6,0
2025-12-14T22:52:40.263,19.3,59.7,0
2025-12-14T22:52:42.518,19.3,59.7,0
2025-12-14T22:52:44.773,19.3,59.6,0
2025-12-14T22:52:47.027,19.3,59.6,0
2025-12-14T22:52:49.282,19.3,59.6,0
2025-12-14T22:52:51.536,19.3,59.6,0
2025-12-14T22:52:53.791,19.3,59.4,0
2025-12-14T22:52:56.046,19.3,59.4,0
2025-12-14T22:52:58.301,19.3,59.4,0
2025-12-14T22:53:00.555,19.3,59.3,0
2025-12-14T22:53:02.810,19.3,59.3,0
2025-12-14T22:53:05.065,19.3,59.3,0
2025-12-14T22:53:07.319,19.3,59.3,0
2025-12-14T22:53:09.574,19.3,59.4,0
2025-12-14T22:53:11.828,19.3,59.4,0
2025-12-14T22:53:14.083,19.3,59.4,0
2025-12-14T22:53:16.338,19.3,59.4,0
2025-12-14T22:53:18.592,19.3,59.4,0
2025-12-14T22:53:20.847,19.3,59.4,0
2025-12-14T22:53:23.102,19.3,59.5,0
2025-12-14T22:53:25.356,19.3,59.6,0
2025-12-14T22:53:27.611,19.3,59.5,0
2025-12-14T22:53:29.866,19.3,59.5,0
2025-12-14T22:53:32.120,19.3,59.4,0
2025-12-14T22:53:34.375,19.3,59.2,0
2025-12-14T22:53:36.630,19.3,59.0,0
2025-12-14T22:53:38.884,19.3,59.0,0
2025-12-14T22:53:41.139,19.3,59.1,0
2025-12-14T22:53:43.394,19.3,59.1,0
2025-12-14T22:53:45.648,19.3,58.9,0
2025-12-14T22:53:47.903,19.3,58.5,0
2025-12-14T22:53:50.158,19.3,59.1,0
2025-12-14T22:53:52.412,19.3,59.1,0
2025-12-14T22:53:54.667,19.3,59.1,0
2025-12-14T22:53:56.922,19.3,59.1,0
2025-12-14T22:53:59.176,19.3,59.0,0
2025-12-14T22:54:01.431,19.3,58.9,0
2025-12-14T22:54:03.685,19.3,59.0,0
2025-12-14T22:54:05.940,19.3,59.1,0
2025-12-14T22:54:08.194,19.3,59.1,0
2025-12-14T22:54:10.449,19.3,59.2,0
2025-12-14T22:54:12.704,19.3,59.1,0
2025-12-14T22:54:14.959,19.3,59.2,0
2025-12-14T22:54:17.213,19.3,59.2,0
2025-12-14T22:54:19.468,19.3,59.2,0
2025-12-14T22:54:21.722,19.3,59.3,0
2025-12-14T22:54:23.977,19.3,59.3,0
2025-12-14T22:54:26.232,19.3,59.3,0
2025-12-14T22:54:28.487,19.3,59.4,0
2025-12-14T22:54:30.742,19.3,59.4,0
2025-12-14T22:54:32.996,19.3,59.3,0
2025-12-14T22:54:35.251,19.3,59.2,0
2025-12-14T22:54:37.506,19.3,59.2,0
2025-12-14T22:54:39.761,19.3,59.2,0
2025-12-14T22:54:42.015,19.3,59.3,0
2025-12-14T22:54:44.270,19.3,59.3,0
2025-12-14T22:54:46.525,19.3,59.4,0
2025-12-14T22:54:48.780,19.3,59.4,0
2025-12-14T22:54:51.034,19.3,59.4,0
2025-12-14T22:54:53.289,19.3,59.4,0
2025-12-14T22:54:55.544,19.3,59.3,0
2025-12-14T22:54:57.799,19.3,59.2,0
2025-12-14T22:55:00.053,19.3,59.2,0
2025-12-14T22:55:02.308,19.3,59.1,0
2025-12-14T22:55:04.563,19.3,59.2,0
2025-12-14T22:55:06.818,19.3,59.2,0
2025-12-14T22:55:09.072,19.3,59.2,0
2025-12-14T22:55:11.327,19.3,59.3,0
2025-12-14T22:55:13.582,19.3,59.3,0
2025-12-14T22:55:15.837,19.3,59.4,0
2025-12-14T22:55:18.091,19.3,59.3,0
2025-12-14T22:55:20.346,19.3,59.4,0
2025-12-14T22:55:22.601,19.3,59.4,0
2025-12-14T22:55:24.856,19.3,59.4,0
2025-12-14T22:55:27.111,19.3,59.5,0
2025-12-14T22:55:29.365,19.3,59.4,0
2025-12-14T22:55:31.620,19.3,59.4,0
2025-12-14T22:55:33.875,19.3,59.3,0
2025-12-14T22:55:36.129,19.3,59.4,0
2025-12-14T22:55:38.384,19.3,59.4,0
2025-12-14T22:55:40.638,19.3,59.3,0
2025-12-14T22:55:42.893,19.3,59.3,0
2025-12-14T22:55:45.148,19.3,59.4,0
2025-12-14T22:55:47.403,19.3,59.3,0
2025-12-14T22:55:49.657,19.3,59.3,0
2025-12-14T22:55:51.912,19.3,59.3,0
2025-12-14T22:55:54.167,19.3,59.3,0
2025-12-14T22:55:56.422,19.3,59.5,0
2025-12-14T22:55:58.676,19.3,59.5,0
2025-12-14T22:56:00.931,19.3,59.6,0
2025-12-14T22:56:03.186,19.3,59.6,0
2025-12-14T22:56:05.441,19.3,59.7,0
2025-12-14T22:56:07.696,19.3,59.7,0
2025-12-14T22:56:09.950,19.3,59.6,0
2025-12-14T22:56:12.205,19.3,59.6,0
2025-12-14T22:56:14.460,19.3,59.6,0
2025-12-14T22:56:16.714,19.3,59.5,0
2025-12-14T22:56:18.969,19.3,59.4,0
2025-12-14T22:56:21.224,19.3,59.4,0
2025-12-14T22:56:23.479,19.3,59.3,0
2025-12-14T22:56:25.734,19.3,59.2,0
2025-12-14T22:56:27.991,19.3,59.3,0
2025-12-14T22:56:30.245,19.3,59.3,0
2025-12-14T22:56:32.503,19.3,59.3,0
2025-12-14T22:56:34.759,19.3,59.4,0
2025-12-14T22:56:37.013,19.3,59.4,0
2025-12-14T22:56:39.268,19.3,59.5,0
2025-12-14T22:56:41.522,19.3,59.5,0
2025-12-14T22:56:43.779,19.3,59.6,0
2025-12-14T22:56:46.033,19.3,59.6,0
2025-12-14T22:56:48.288,19.3,59.6,0
2025-12-14T22:56:50.547,19.3,59.5,0
2025-12-14T22:56:52.801,19.3,59.4,0
2025-12-14T22:56:55.059,19.3,59.4,0
2025-12-14T22:56:57.319,19.3,59.3,0
2025-12-14T22:56:59.573,19.3,59.2,0
2025-12-14T22:57:01.831,19.3,59.2,0
2025-12-14T22:57:04.085,19.3,59.1,0
2025-12-14T22:57:06.340,19.3,59.0,0
2025-12-14T22:57:08.599,19.3,58.9,0
2025-12-14T22:57:10.859,19.3,58.9,0
2025-12-14T22:57:13.119,19.3,58.9,0
2025-12-14T22:57:15.375,19.3,59.0,0
2025-12-14T22:57:17.635,19.3,59.1,0
2025-12-14T22:57:19.895,19.3,59.2,0
2025-12-14T22:57:22.149,19.3,59.2,0
2025-12-14T22:57:24.407,19.3,59.0,0
2025-12-14T22:57:26.667,19.3,59.0,0
2025-12-14T22:57:28.923,19.3,58.9,0
2025-12-14T22:57:31.183,19.3,58.9,0
2025-12-14T22:57:33.443,19.3,58.9,0
2025-12-14T22:57:35.703,19.3,59.0,0
2025-12-14T22:57:37.963,19.3,59.1,0
2025-12-14T22:57:40.223,19.3,59.2,0
2025-12-14T22:57:42.483,19.3,59.2,0
2025-12-14T22:57:44.743,19.3,59.2,0
2025-12-14T22:57:46.997,19.3,59.2,0
2025-12-14T22:57:49.252,19.3,59.3,0
2025-12-14T22:57:51.507,19.3,59.3,0
2025-12-14T22:57:53.762,19.3,59.3,0
2025-12-14T22:57:56.016,19.3,59.4,0
2025-12-14T22:57:58.271,19.3,59.4,0
2025-12-14T22:58:00.526,19.3,59.4,0
2025-12-14T22:58:02.781,19.3,59.4,0
2025-12-14T22:58:05.035,19.3,59.4,0
2025-12-14T22:58:07.290,19.3,59.3,0
2025-12-14T22:58:09.545,19.3,59.3,0
2025-12-14T22:58:11.799,19.3,59.2,0
2025-12-14T22:58:14.054,19.3,59.0,0
2025-12-14T22:58:16.309,19.3,59.0,0
2025-12-14T22:58:18.564,19.3,59.1,0
2025-12-14T22:58:20.819,19.3,59.1,0
2025-12-14T22:58:23.073,19.3,59.1,0
2025-12-14T22:58:25.328,19.3,59.2,0
2025-12-14T22:58:27.583,19.3,59.2,0
2025-12-14T22:58:29.838,19.3,59.2,0
2025-12-14T22:58:32.092,19.3,59.1,0
2025-12-14T22:58:34.347,19.3,59.2,0
2025-12-14T22:58:36.602,19.3,59.3,0
2025-12-14T22:58:38.857,19.3,59.4,0
2025-12-14T22:58:41.111,19.3,59.2,0
2025-12-14T22:58:43.366,19.3,59.2,0
2025-12-14T22:58:45.621,19.3,59.1,0
2025-12-14T22:58:47.876,19.3,59.2,0
2025-12-14T22:58:50.131,19.3,59.2,0
2025-12-14T22:58:52.385,19.3,59.3,0
2025-12-14T22:58:54.640,19.3,59.3,0
2025-12-14T22:58:56.895,19.3,59.3,0
2025-12-14T22:58:59.150,19.3,59.4,0
2025-12-14T22:59:01.404,19.3,59.2,0
2025-12-14T22:59:03.659,19.3,59.0,0
2025-12-14T22:59:05.914,19.3,59.0,0
2025-12-14T22:59:08.169,19.3,59.0,0
2025-12-14T22:59:10.424,19.3,59.1,0
2025-12-14T22:59:12.678,19.3,59.0,0
2025-12-14T22:59:14.933,19.3,59.2,0
2025-12-14T22:59:17.188,19.3,59.3,0
2025-12-14T22:59:19.443,19.3,59.3,0
2025-12-14T22:59:21.697,19.3,59.4,0
2025-12-14T22:59:23.952,19.3,59.5,0
2025-12-14T22:59:26.207,19.3,59.5,0
2025-12-14T22:59:28.462,19.3,59.5,0
2025-12-14T22:59:30.717,19.3,59.5,0
2025-12-14T22:59:32.971,19.3,59.5,0
2025-12-14T22:59:35.226,19.3,59.6,0
2025-12-14T22:59:37.481,19.3,59.7,0
2025-12-14T22:59:39.736,19.3,59.6,0
2025-12-14T22:59:41.991,19.3,59.6,0
2025-12-14T22:59:44.245,19.3,59.6,0
2025-12-14T22:59:46.500,19.3,59.6,0
2025-12-14T22:59:48.755,19.3,59.6,0
2025-12-14T22:59:51.010,19.3,59.6,0
2025-12-14T22:59:53.264,19.3,59.6,0
2025-12-14T22:59:55.519,19.3,59.7,0
2025-12-14T22:59:57.774,19.3,59.8,0
2025-12-14T23:00:00.029,19.3,59.8,0
2025-12-14T23:00:02.284,19.3,59.8,0
2025-12-14T23:00:04.538,19.3,59.9,0
2025-12-14T23:00:06.793,19.3,59.9,0
2025-12-14T23:00:09.048,19.3,60.0,0
2025-12-14T23:00:11.303,19.3,60.0,0
2025-12-14T23:00:13.557,19.3,59.8,0
2025-12-14T23:00:15.812,19.3,59.7,0
2025-12-14T23:00:18.066,19.3,59.7,0
2025-12-14T23:00:20.321,19.3,59.7,0
2025-12-14T23:00:22.576,19.3,59.7,0
2025-12-14T23:00:24.831,19.3,59.6,0
2025-12-14T23:00:27.085,19.3,59.6,0
2025-12-14T23:00:29.340,19.3,59.4,0
2025-12-14T23:00:31.595,19.3,59.3,0
2025-12-14T23:00:33.850,19.3,59.3,0
2025-12-14T23:00:36.105,19.3,59.3,0
2025-12-14T23:00:38.359,19.3,59.4,0
2025-12-14T23:00:40.614,19.3,59.4,0
2025-12-14T23:00:42.869,19.3,59.4,0
2025-12-14T23:00:45.124,19.3,59.4,0
2025-12-14T23:00:47.378,19.3,59.4,0
2025-12-14T23:00:49.633,19.3,59.4,0
2025-12-14T23:00:51.888,19.3,59.4,0
2025-12-14T23:00:54.142,19.3,59.4,0
2025-12-14T23:00:56.397,19.3,59.3,0
2025-12-14T23:00:58.652,19.3,59.4,0
2025-12-14T23:01:00.907,19.3,59.4,0
2025-12-14T23:01:03.161,19.3,59.4,0
2025-12-14T23:01:05.416,19.3,59.4,0
2025-12-14T23:01:07.671,19.3,59.4,0
2025-12-14T23:01:09.925,19.3,59.3,0
2025-12-14T23:01:12.180,19.3,59.3,0
2025-12-14T23:01:14.435,19.3,59.3,0
2025-12-14T23:01:16.689,19.3,59.3,0
2025-12-14T23:01:18.944,19.3,59.0,0
2025-12-14T23:01:21.199,19.3,58.8,0
2025-12-14T23:01:23.453,19.3,58.8,0
2025-12-14T23:01:25.708,19.3,58.8,0
2025-12-14T23:01:27.963,19.3,58.9,0
2025-12-14T23:01:30.218,19.3,58.9,0
2025-12-14T23:01:32.472,19.3,59.0,0
2025-12-14T23:01:34.727,19.3,59.0,0
2025-12-14T23:01:36.982,19.3,58.9,0
2025-12-14T23:01:39.236,19.3,58.9,0
2025-12-14T23:01:41.491,19.3,58.9,0
2025-12-14T23:01:43.746,19.3,58.9,0
2025-12-14T23:01:46.000,19.3,59.1,0
2025-12-14T23:01:48.255,,,0
2025-12-14T23:01:50.510,19.3,59.1,0
2025-12-14T23:01:52.764,19.3,59.1,0
2025-12-14T23:01:55.021,19.3,59.2,0
2025-12-14T23:01:57.276,19.3,59.2,0
2025-12-14T23:01:59.535,19.3,59.1,0
2025-12-14T23:02:01.790,19.3,59.1,0
2025-12-14T23:02:04.044,19.3,59.2,0
2025-12-14T23:02:06.299,19.3,59.1,0
2025-12-14T23:02:08.559,19.3,59.0,0
2025-12-14T23:02:10.814,,,0
2025-12-14T23:02:13.071,19.3,59.2,0
2025-12-14T23:02:15.325,19.3,59.2,0
2025-12-14T23:02:17.583,19.3,59.1,0
2025-12-14T23:02:19.843,19.3,59.0,0
2025-12-14T23:02:22.103,19.3,59.0,0
2025-12-14T23:02:24.363,19.3,58.9,0
2025-12-14T23:02:26.617,19.3,58.8,0
2025-12-14T23:02:28.875,19.3,58.8,0
2025-12-14T23:02:31.135,19.3,58.8,0
2025-12-14T23:02:33.395,19.3,58.9,0
2025-12-14T23:02:35.649,19.3,58.9,0
2025-12-14T23:02:37.904,19.3,59.0,0
2025-12-14T23:02:40.159,19.3,59.0,0
2025-12-14T23:02:42.413,19.3,59.1,0
2025-12-14T23:02:44.668,19.3,59.1,0
2025-12-14T23:02:46.923,19.3,59.1,0
2025-12-14T23:02:49.177,19.3,59.1,0
2025-12-14T23:02:51.432,19.3,59.1,0
2025-12-14T23:02:53.687,19.3,59.0,0
2025-12-14T23:02:55.942,19.3,58.9,0
2025-12-14T23:02:58.197,19.3,59.0,0
2025-12-14T23:03:00.451,19.3,59.1,0
2025-12-14T23:03:02.706,19.3,59.1,0
2025-12-14T23:03:04.961,19.3,59.1,0
2025-12-14T23:03:07.216,19.3,59.1,0
2025-12-14T23:03:09.470,19.3,59.1,0
2025-12-14T23:03:11.725,19.3,59.0,0
2025-12-14T23:03:13.980,19.3,58.8,0
2025-12-14T23:03:16.235,19.3,58.7,0
2025-12-14T23:03:18.489,19.3,58.6,0
2025-12-14T23:03:20.744,19.3,58.7,0
2025-12-14T23:03:22.999,19.3,58.8,0
2025-12-14T23:03:25.254,19.3,58.9,0
2025-12-14T23:03:27.508,19.3,58.9,0
2025-12-14T23:03:29.763,19.3,58.9,0
2025-12-14T23:03:32.018,19.3,59.0,0
2025-12-14T23:03:34.273,19.3,58.8,0
2025-12-14T23:03:36.527,19.3,58.9,0
2025-12-14T23:03:38.782,19.3,58.9,0
2025-12-14T23:03:41.037,19.3,58.8,0
2025-12-14T23:03:43.292,19.3,58.7,0
2025-12-14T23:03:45.547,19.3,58.7,0
2025-12-14T23:03:47.801,19.3,58.7,0
2025-12-14T23:03:50.056,19.3,58.7,0
2025-12-14T23:03:52.310,19.3,58.6,0
2025-12-14T23:03:54.569,19.3,58.5,0
2025-12-14T23:03:56.823,19.3,58.6,0
2025-12-14T23:03:59.083,19.3,58.6,0
2025-12-14T23:04:01.337,19.3,58.7,0
2025-12-14T23:04:03.592,19.3,58.9,0
2025-12-14T23:04:05.846,19.3,59.0,0
2025-12-14T23:04:08.107,19.3,59.2,0
2025-12-14T23:04:10.361,19.3,59.2,0
2025-12-14T23:04:12.616,19.3,59.2,0
2025-12-14T23:04:14.871,19.3,59.2,0
2025-12-14T23:04:17.125,19.3,59.2,0
2025-12-14T23:04:19.380,19.3,59.1,0
2025-12-14T23:04:21.639,19.3,59.0,0
2025-12-14T23:04:23.899,19.3,59.0,0
2025-12-14T23:04:26.153,19.3,59.0,0
2025-12-14T23:04:28.408,19.3,59.1,0
2025-12-14T23:04:30.662,19.3,59.0,0
2025-12-14T23:04:32.917,19.3,58.9,0
2025-12-14T23:04:35.171,19.3,58.9,0
2025-12-14T23:04:37.426,19.3,58.9,0
2025-12-14T23:04:39.681,19.3,58.7,0
2025-12-14T23:04:41.936,19.3,58.8,0
2025-12-14T23:04:44.190,19.3,58.7,0
2025-12-14T23:04:46.445,19.3,58.8,0
2025-12-14T23:04:48.700,19.3,58.8,0
2025-12-14T23:04:50.954,19.3,58.8,0
2025-12-14T23:04:53.209,19.3,58.8,0
2025-12-14T23:04:55.464,19.3,58.8,0
2025-12-14T23:04:57.718,19.3,58.6,0
2025-12-14T23:04:59.973,19.3,58.6,0
2025-12-14T23:05:02.228,19.3,58.8,0
2025-12-14T23:05:04.482,19.3,58.9,0
2025-12-14T23:05:06.737,19.3,58.9,0
2025-12-14T23:05:08.992,19.3,58.9,0
2025-12-14T23:05:11.246,19.3,58.6,0
2025-12-14T23:05:13.501,19.3,58.5,0
2025-12-14T23:05:15.756,19.3,58.8,0
2025-12-14T23:05:18.015,19.3,59.0,0
2025-12-14T23:05:20.269,19.3,59.2,0
2025-12-14T23:05:22.524,19.4,59.4,0
2025-12-14T23:05:24.778,19.3,59.5,0
2025-12-14T23:05:27.033,19.3,59.5,0
2025-12-14T23:05:29.291,19.4,59.6,0
2025-12-14T23:05:31.545,19.4,59.6,0
2025-12-14T23:05:33.800,19.4,59.4,0
2025-12-14T23:05:36.054,19.4,59.1,0
2025-12-14T23:05:38.311,19.4,59.0,0
2025-12-14T23:05:40.565,19.4,59.0,0
2025-12-14T23:05:42.820,19.3,59.0,0
2025-12-14T23:05:45.079,19.4,59.1,0
2025-12-14T23:05:47.333,19.4,59.2,0
2025-12-14T23:05:49.591,19.4,59.3,0
2025-12-14T23:05:51.845,19.3,59.3,0
2025-12-14T23:05:54.100,19.4,59.4,0
2025-12-14T23:05:56.359,19.3,59.4,0
2025-12-14T23:05:58.619,19.4,59.6,0
2025-12-14T23:06:00.879,19.4,59.6,0
2025-12-14T23:06:03.139,19.4,59.5,0
2025-12-14T23:06:05.393,19.4,59.5,0
2025-12-14T23:06:07.648,19.3,59.5,0
2025-12-14T23:06:09.907,19.4,59.7,0
2025-12-14T23:06:12.161,19.4,59.7,0
2025-12-14T23:06:14.416,19.4,59.8,0
2025-12-14T23:06:16.670,19.4,60.0,0
2025-12-14T23:06:18.927,19.4,60.1,0
2025-12-14T23:06:21.182,19.3,60.0,0
2025-12-14T23:06:23.439,19.4,60.1,0
2025-12-14T23:06:25.699,19.4,60.1,0
2025-12-14T23:06:27.953,19.4,60.1,0
2025-12-14T23:06:30.211,19.3,60.0,0
2025-12-14T23:06:32.471,19.4,60.1,0
2025-12-14T23:06:34.725,,,0
2025-12-14T23:06:36.983,19.4,60.1,0
2025-12-14T23:06:39.237,19.4,60.1,0
2025-12-14T23:06:41.492,19.4,60.2,0
2025-12-14T23:06:43.746,19.4,60.2,0
2025-12-14T23:06:46.003,19.4,60.2,0
2025-12-14T23:06:48.257,19.4,60.3,0
2025-12-14T23:06:50.515,19.4,60.2,0
2025-12-14T23:06:52.769,19.4,60.1,0
2025-12-14T23:06:55.024,19.4,60.1,0
2025-12-14T23:06:57.283,19.4,60.1,0
2025-12-14T23:06:59.537,19.3,60.0,0
2025-12-14T23:07:01.792,19.4,59.9,0
2025-12-14T23:07:04.046,19.4,59.6,0
2025-12-14T23:07:06.301,19.4,59.3,0
2025-12-14T23:07:08.559,19.4,59.0,0
2025-12-14T23:07:10.814,19.4,58.9,0
2025-12-14T23:07:13.071,19.4,59.0,0
2025-12-14T23:07:15.325,19.4,58.9,0
2025-12-14T23:07:17.583,19.4,58.7,0
2025-12-14T23:07:19.837,19.4,58.7,0
2025-12-14T23:07:22.095,19.4,58.6,0
2025-12-14T23:07:24.355,19.4,58.4,0
2025-12-14T23:07:26.609,19.4,58.5,0
2025-12-14T23:07:28.867,19.3,58.6,0
2025-12-14T23:07:31.123,19.4,58.7,0
2025-12-14T23:07:33.383,19.4,58.8,0
2025-12-14T23:07:35.643,19.4,59.0,0
2025-12-14T23:07:37.903,19.4,59.1,0
2025-12-14T23:07:40.163,19.3,59.2,0
2025-12-14T23:07:42.417,19.4,59.3,0
2025-12-14T23:07:44.672,19.4,59.3,0
2025-12-14T23:07:46.931,19.4,59.4,0
2025-12-14T23:07:49.185,19.4,59.5,0
2025-12-14T23:07:51.440,19.4,59.6,0
2025-12-14T23:07:53.694,19.3,59.5,0
2025-12-14T23:07:55.951,19.4,59.5,0
2025-12-14T23:07:58.207,19.4,59.5,0
2025-12-14T23:08:00.461,19.4,59.4,0
2025-12-14T23:08:02.719,,,0
2025-12-14T23:08:04.975,19.4,59.3,0
2025-12-14T23:08:07.229,19.4,59.3,0
2025-12-14T23:08:09.484,19.4,59.4,0
2025-12-14T23:08:11.743,19.4,59.4,0
2025-12-14T23:08:13.997,19.4,59.4,0
2025-12-14T23:08:16.252,19.4,59.4,0
2025-12-14T23:08:18.506,19.4,59.3,0
2025-12-14T23:08:20.761,19.4,59.3,0
2025-12-14T23:08:23.015,19.4,59.3,0
2025-12-14T23:08:25.275,19.4,59.2,0
2025-12-14T23:08:27.535,19.4,59.2,0
2025-12-14T23:08:29.795,19.4,59.1,0
2025-12-14T23:08:32.050,19.4,59.0,0
2025-12-14T23:08:34.304,19.4,58.8,0
2025-12-14T23:08:36.558,19.3,58.7,0
2025-12-14T23:08:38.813,19.3,58.6,0
2025-12-14T23:08:41.067,19.3,58.5,0
2025-12-14T23:08:43.322,19.3,58.3,0
2025-12-14T23:08:45.576,19.3,58.5,0
2025-12-14T23:08:47.831,19.3,58.5,0
2025-12-14T23:08:50.085,19.3,58.4,0
2025-12-14T23:08:52.343,19.4,58.5,0
2025-12-14T23:08:54.597,19.3,58.5,0
2025-12-14T23:08:56.852,19.4,58.4,0
2025-12-14T23:08:59.111,19.3,58.4,0
2025-12-14T23:09:01.371,19.3,58.3,0
2025-12-14T23:09:03.625,19.3,58.4,0
2025-12-14T23:09:05.880,19.3,58.5,0
2025-12-14T23:09:08.134,19.3,58.5,0
2025-12-14T23:09:10.389,19.3,58.6,0
2025-12-14T23:09:12.647,19.3,58.8,0
2025-12-14T23:09:14.901,19.3,59.0,0
2025-12-14T23:09:17.159,19.3,59.0,0
2025-12-14T23:09:19.414,19.3,59.0,0
2025-12-14T23:09:21.671,19.3,58.9,0
2025-12-14T23:09:23.931,19.3,58.8,0
2025-12-14T23:09:26.191,19.3,58.6,0
2025-12-14T23:09:28.451,19.3,58.5,0
2025-12-14T23:09:30.705,19.3,58.6,0
2025-12-14T23:09:32.963,19.3,58.5,0
2025-12-14T23:09:35.223,19.3,58.5,0
2025-12-14T23:09:37.479,19.3,58.3,0
2025-12-14T23:09:39.739,19.3,58.1,0
2025-12-14T23:09:41.999,19.3,58.2,0
2025-12-14T23:09:44.253,19.3,58.2,0
2025-12-14T23:09:46.511,19.3,58.2,0
2025-12-14T23:09:48.765,19.3,58.2,0
2025-12-14T23:09:51.020,19.3,58.4,0
2025-12-14T23:09:53.274,19.3,58.5,0
2025-12-14T23:09:55.529,19.3,58.4,0
2025-12-14T23:09:57.785,19.3,58.3,0
2025-12-14T23:10:00.040,19.3,58.4,0
2025-12-14T23:10:02.299,19.3,58.4,0
2025-12-14T23:10:04.553,19.3,58.5,0
2025-12-14T23:10:06.811,19.3,58.3,0
2025-12-14T23:10:09.067,19.3,58.3,0
2025-12-14T23:10:11.327,19.3,58.4,0
2025-12-14T23:10:13.587,19.3,58.4,0
2025-12-14T23:10:15.841,19.3,58.4,0
2025-12-14T23:10:18.099,19.3,58.3,0
2025-12-14T23:10:20.353,19.3,58.3,0
2025-12-14T23:10:22.611,19.3,58.4,0
2025-12-14T23:10:24.871,19.3,58.5,0
2025-12-14T23:10:27.131,19.3,58.6,0
2025-12-14T23:10:29.391,19.3,58.8,0
2025-12-14T23:10:31.645,19.3,58.8,0
2025-12-14T23:10:33.903,19.3,58.9,0
2025-12-14T23:10:36.163,19.3,58.9,0
2025-12-14T23:10:38.423,19.3,58.8,0
2025-12-14T23:10:40.683,19.3,58.7,0
2025-12-14T23:10:42.937,19.3,58.8,0
2025-12-14T23:10:45.195,19.3,58.6,0
2025-12-14T23:10:47.455,19.3,58.5,0
2025-12-14T23:10:49.715,19.3,58.6,0
2025-12-14T23:10:51.975,19.3,58.7,0
2025-12-14T23:10:54.235,19.3,58.8,0
2025-12-14T23:10:56.495,19.3,58.7,0
2025-12-14T23:10:58.755,19.3,58.8,0
2025-12-14T23:11:01.015,19.3,58.8,0
2025-12-14T23:11:03.269,19.3,58.6,0
2025-12-14T23:11:05.524,19.3,58.6,0
2025-12-14T23:11:07.783,19.3,58.6,0
2025-12-14T23:11:10.043,19.3,58.5,0
2025-12-14T23:11:12.303,19.3,58.6,0
2025-12-14T23:11:14.563,19.3,58.8,0
2025-12-14T23:11:16.817,19.3,58.9,0
2025-12-14T23:11:19.075,19.3,59.0,0
2025-12-14T23:11:21.335,19.3,59.1,0
2025-12-14T23:11:23.589,19.3,59.1,0
2025-12-14T23:11:25.847,19.3,59.0,0
2025-12-14T23:11:28.107,19.3,58.9,0
2025-12-14T23:11:30.367,19.3,58.8,0
2025-12-14T23:11:32.627,19.3,58.6,0
2025-12-14T23:11:34.882,19.3,58.6,0
2025-12-14T23:11:37.136,19.3,58.5,0
2025-12-14T23:11:39.391,19.3,58.5,0
2025-12-14T23:11:41.651,19.3,58.6,0
2025-12-14T23:11:43.905,19.3,58.7,0
2025-12-14T23:11:46.163,19.3,58.7,0
2025-12-14T23:11:48.423,19.3,58.8,0
2025-12-14T23:11:50.683,19.3,58.8,0
2025-12-14T23:11:52.938,19.3,58.6,0
2025-12-14T23:11:55.195,19.3,58.5,0
2025-12-14T23:11:57.449,19.3,58.4,0
2025-12-14T23:11:59.707,19.3,58.5,0
2025-12-14T23:12:01.967,19.3,58.6,0
2025-12-14T23:12:04.221,19.3,58.7,0
2025-12-14T23:12:06.479,19.3,58.6,0
2025-12-14T23:12:08.739,19.3,58.7,0
2025-12-14T23:12:10.999,19.3,58.8,0
2025-12-14T23:12:13.259,19.3,58.8,0
2025-12-14T23:12:15.519,19.3,58.7,0
2025-12-14T23:12:17.773,19.3,58.6,0
2025-12-14T23:12:20.028,19.3,58.5,0
2025-12-14T23:12:22.287,19.3,58.4,0
2025-12-14T23:12:24.541,19.3,58.2,0
2025-12-14T23:12:26.796,19.3,58.2,0
2025-12-14T23:12:29.055,19.3,58.4,0
2025-12-14T23:12:31.309,19.3,58.5,0
2025-12-14T23:12:33.564,19.3,58.5,0
2025-12-14T23:12:35.823,19.3,58.4,0
2025-12-14T23:12:38.077,19.3,58.5,0
2025-12-14T23:12:40.332,19.3,58.6,0
2025-12-14T23:12:42.586,19.3,58.6,0
2025-12-14T23:12:44.841,19.3,58.6,0
2025-12-14T23:12:47.099,19.3,58.5,0
2025-12-14T23:12:49.359,19.3,58.5,0
2025-12-14T23:12:51.619,19.3,58.4,0
2025-12-14T23:12:53.879,19.3,58.5,0
2025-12-14T23:12:56.139,19.3,58.6,0
2025-12-14T23:12:58.393,19.3,58.7,0
2025-12-14T23:13:00.651,19.3,58.8,0
2025-12-14T23:13:02.907,19.3,58.8,0
2025-12-14T23:13:05.167,19.3,58.8,0
2025-12-14T23:13:07.427,19.3,58.8,0
2025-12-14T23:13:09.687,19.3,58.7,0
2025-12-14T23:13:11.941,19.3,58.5,0
2025-12-14T23:13:14.199,19.3,58.5,0
2025-12-14T23:13:16.459,19.3,58.6,0
2025-12-14T23:13:18.713,19.3,58.6,0
2025-12-14T23:13:20.971,19.3,58.6,0
2025-12-14T23:13:23.231,19.3,58.8,0
2025-12-14T23:13:25.485,19.3,58.8,0
2025-12-14T23:13:27.740,19.3,58.9,0
2025-12-14T23:13:29.999,19.3,58.9,0
2025-12-14T23:13:32.259,19.3,59.0,0
2025-12-14T23:13:34.519,19.2,59.1,0
2025-12-14T23:13:36.774,19.2,59.1,0
2025-12-14T23:13:39.031,19.2,59.1,0
2025-12-14T23:13:41.285,19.3,59.2,0
2025-12-14T23:13:43.540,19.2,58.9,0
2025-12-14T23:13:45.799,19.2,58.9,0
2025-12-14T23:13:48.059,19.2,58.9,0
2025-12-14T23:13:50.319,19.2,58.8,0
2025-12-14T23:13:52.573,19.2,58.7,0
2025-12-14T23:13:54.831,19.2,58.7,0
2025-12-14T23:13:57.086,19.2,58.7,0
2025-12-14T23:13:59.340,19.2,58.8,0
2025-12-14T23:14:01.594,19.2,58.8,0
2025-12-14T23:14:03.855,19.2,59.0,0
2025-12-14T23:14:06.110,19.2,59.0,0
2025-12-14T23:14:08.364,19.2,59.0,0
2025-12-14T23:14:10.619,19.2,58.9,0
2025-12-14T23:14:12.873,19.2,58.9,0
2025-12-14T23:14:15.131,19.2,59.0,0
2025-12-14T23:14:17.386,19.2,59.0,0
2025-12-14T23:14:19.641,19.2,59.0,0
2025-12-14T23:14:21.896,19.2,58.9,0
2025-12-14T23:14:24.150,19.2,58.9,0
2025-12-14T23:14:26.405,19.2,58.8,0
2025-12-14T23:14:28.660,19.2,58.7,0
2025-12-14T23:14:30.915,19.2,58.7,0
2025-12-14T23:14:33.169,19.3,58.7,0
2025-12-14T23:14:35.424,19.2,58.7,0
2025-12-14T23:14:37.679,19.2,58.5,0
2025-12-14T23:14:39.934,19.2,58.4,0
2025-12-14T23:14:42.189,19.2,58.4,0
2025-12-14T23:14:44.443,19.2,58.5,0
2025-12-14T23:14:46.698,19.2,58.6,0
2025-12-14T23:14:48.953,19.2,58.7,0
2025-12-14T23:14:51.208,19.2,58.8,0
2025-12-14T23:14:53.462,19.2,59.0,0
2025-12-14T23:14:55.717,19.2,59.1,0
2025-12-14T23:14:57.972,19.2,59.1,0
2025-12-14T23:15:00.227,19.2,59.1,0
2025-12-14T23:15:02.481,19.2,58.8,0
2025-12-14T23:15:04.736,19.2,58.6,0
2025-12-14T23:15:06.995,19.2,58.6,0
2025-12-14T23:15:09.255,19.2,58.6,0
2025-12-14T23:15:11.509,19.2,58.6,0
2025-12-14T23:15:13.764,19.2,58.6,0
2025-12-14T23:15:16.018,19.2,58.6,0
2025-12-14T23:15:18.275,19.2,58.5,0
2025-12-14T23:15:20.535,19.2,58.6,0
2025-12-14T23:15:22.789,19.2,58.7,0
2025-12-14T23:15:25.047,19.2,58.7,0
2025-12-14T23:15:27.301,19.2,58.6,0
2025-12-14T23:15:29.559,19.2,58.4,0
2025-12-14T23:15:31.814,19.2,58.3,0
2025-12-14T23:15:34.068,19.2,58.2,0
2025-12-14T23:15:36.322,19.2,58.3,0
2025-12-14T23:15:38.579,19.2,58.3,0
2025-12-14T23:15:40.833,19.2,58.4,0
2025-12-14T23:15:43.091,19.2,58.4,0
2025-12-14T23:15:45.345,19.2,58.3,0
2025-12-14T23:15:47.603,19.2,58.4,0
2025-12-14T23:15:49.857,19.2,58.5,0
2025-12-14T23:15:52.115,19.2,58.4,0
2025-12-14T23:15:54.369,19.2,58.3,0
2025-12-14T23:15:56.627,19.2,58.4,0
2025-12-14T23:15:58.887,19.2,58.5,0
2025-12-14T23:16:01.147,19.2,58.6,0
2025-12-14T23:16:03.407,19.2,58.6,0
2025-12-14T23:16:05.661,19.2,58.5,0
2025-12-14T23:16:07.919,19.2,58.4,0
2025-12-14T23:16:10.173,19.2,58.4,0
2025-12-14T23:16:12.428,19.2,58.5,0
2025-12-14T23:16:14.682,19.2,58.6,0
2025-12-14T23:16:16.937,19.2,58.6,0
2025-12-14T23:16:19.195,19.2,58.6,0
2025-12-14T23:16:21.449,19.2,58.7,0
2025-12-14T23:16:23.704,19.2,58.6,0
2025-12-14T23:16:25.963,19.2,58.4,0
2025-12-14T23:16:28.223,19.2,58.2,0
2025-12-14T23:16:30.479,19.2,58.0,0
2025-12-14T23:16:32.735,19.2,58.1,0
2025-12-14T23:16:34.995,19.2,58.2,0
2025-12-14T23:16:37.249,19.2,58.1,0
2025-12-14T23:16:39.504,19.2,58.2,0
2025-12-14T23:16:41.758,19.2,58.3,0
2025-12-14T23:16:44.015,19.2,58.5,0
2025-12-14T23:16:46.275,19.2,58.4,0
2025-12-14T23:16:48.529,19.2,58.3,0
2025-12-14T23:16:50.784,19.2,58.3,0
2025-12-14T23:16:53.043,19.2,58.4,0
2025-12-14T23:16:55.303,19.2,58.4,0
2025-12-14T23:16:57.557,19.2,58.6,0
2025-12-14T23:16:59.812,19.2,58.6,0
2025-12-14T23:17:02.066,19.2,58.8,0
2025-12-14T23:17:04.321,19.2,58.9,0
2025-12-14T23:17:06.575,19.2,58.9,0
2025-12-14T23:17:08.835,19.2,58.8,0
2025-12-14T23:17:11.089,19.2,58.6,0
2025-12-14T23:17:13.347,19.2,58.5,0
2025-12-14T23:17:15.607,19.2,58.5,0
2025-12-14T23:17:17.867,19.2,58.6,0
2025-12-14T23:17:20.123,19.2,58.6,0
2025-12-14T23:17:22.377,19.2,58.6,0
2025-12-14T23:17:24.632,19.2,58.7,0
2025-12-14T23:17:26.886,19.2,58.8,0
2025-12-14T23:17:29.140,19.2,58.9,0
2025-12-14T23:17:31.395,19.2,59.0,0
2025-12-14T23:17:33.649,19.2,59.0,0
2025-12-14T23:17:35.904,19.2,58.9,0
2025-12-14T23:17:38.158,19.2,59.0,0
2025-12-14T23:17:40.415,19.2,59.1,0
2025-12-14T23:17:42.669,19.2,59.2,0
2025-12-14T23:17:44.924,19.2,59.2,0
2025-12-14T23:17:47.179,19.2,59.1,0
2025-12-14T23:17:49.433,19.2,58.9,0
2025-12-14T23:17:51.688,19.2,58.8,0
2025-12-14T23:17:53.942,19.2,58.8,0
2025-12-14T23:17:56.196,19.2,58.8,0
2025-12-14T23:17:58.451,19.2,58.9,0
2025-12-14T23:18:00.707,19.2,58.9,0
2025-12-14T23:18:02.967,19.2,59.0,0
2025-12-14T23:18:05.227,19.2,59.0,0
2025-12-14T23:18:07.487,19.2,59.1,0
2025-12-14T23:18:09.747,19.2,59.1,0
2025-12-14T23:18:12.001,19.2,58.9,0
2025-12-14T23:18:14.256,19.2,59.1,0
2025-12-14T23:18:16.510,19.2,59.1,0
2025-12-14T23:18:18.765,19.2,59.2,0
2025-12-14T23:18:21.019,19.2,59.3,0
2025-12-14T23:18:23.273,19.2,59.4,0
2025-12-14T23:18:25.531,19.2,59.2,0
2025-12-14T23:18:27.785,19.2,59.2,0
2025-12-14T23:18:30.040,19.2,59.2,0
2025-12-14T23:18:32.299,19.2,59.1,0
2025-12-14T23:18:34.559,19.2,58.9,0
2025-12-14T23:18:36.813,19.2,58.8,0
2025-12-14T23:18:39.071,19.2,58.7,0
2025-12-14T23:18:41.325,19.2,58.6,0
2025-12-14T23:18:43.580,19.2,58.6,0
2025-12-14T23:18:45.839,19.2,58.8,0
2025-12-14T23:18:48.093,19.2,58.8,0
2025-12-14T23:18:50.348,19.2,58.9,0
2025-12-14T23:18:52.602,19.2,59.0,0
2025-12-14T23:18:54.857,19.2,59.1,0
2025-12-14T23:18:57.111,19.2,59.2,0
2025-12-14T23:18:59.366,19.2,59.3,0
2025-12-14T23:19:01.620,19.2,59.4,0
2025-12-14T23:19:03.875,19.2,59.4,0
2025-12-14T23:19:06.130,,,0
2025-12-14T23:19:08.384,19.2,59.5,0
2025-12-14T23:19:10.639,19.2,59.4,0
2025-12-14T23:19:12.894,,,0
2025-12-14T23:19:15.148,19.2,59.1,0
2025-12-14T23:19:17.403,19.2,59.0,0
2025-12-14T23:19:19.658,19.2,59.0,0
2025-12-14T23:19:21.912,19.2,58.9,0
2025-12-14T23:19:24.167,19.2,58.7,0
2025-12-14T23:19:26.422,19.2,58.6,0
2025-12-14T23:19:28.676,19.2,58.7,0
2025-12-14T23:19:30.931,19.2,58.7,0
2025-12-14T23:19:33.186,19.2,58.8,0
2025-12-14T23:19:35.441,19.2,58.7,0
2025-12-14T23:19:37.695,19.2,58.7,0
2025-12-14T23:19:39.950,19.2,58.7,0
2025-12-14T23:19:42.205,19.2,58.6,0
2025-12-14T23:19:44.459,19.2,58.5,0
2025-12-14T23:19:46.714,19.2,58.5,0
2025-12-14T23:19:48.969,19.2,58.6,0
2025-12-14T23:19:51.223,19.2,58.6,0
2025-12-14T23:19:53.478,19.2,58.8,0
2025-12-14T23:19:55.734,19.2,58.9,0
2025-12-14T23:19:57.989,19.2,59.0,0
2025-12-14T23:20:00.244,19.2,58.9,0
2025-12-14T23:20:02.498,19.2,58.9,0
2025-12-14T23:20:04.753,19.2,58.8,0
2025-12-14T23:20:07.008,19.2,58.8,0
2025-12-14T23:20:09.263,19.2,59.0,0
2025-12-14T23:20:11.517,19.2,59.0,0
2025-12-14T23:20:13.772,19.2,58.9,0
2025-12-14T23:20:16.027,19.2,58.7,0
2025-12-14T23:20:18.281,19.2,58.6,0
2025-12-14T23:20:20.536,19.2,58.6,0
2025-12-14T23:20:22.791,19.2,58.7,0
2025-12-14T23:20:25.046,19.2,58.7,0
2025-12-14T23:20:27.301,19.2,58.8,0
2025-12-14T23:20:29.556,19.2,58.8,0
2025-12-14T23:20:31.810,19.2,58.9,0
2025-12-14T23:20:34.065,19.2,59.0,0
2025-12-14T23:20:36.320,19.2,59.0,0
2025-12-14T23:20:38.574,19.2,58.9,0
2025-12-14T23:20:40.829,19.2,58.7,0
2025-12-14T23:20:43.084,19.2,58.6,0
2025-12-14T23:20:45.339,19.2,58.5,0
2025-12-14T23:20:47.593,19.2,58.6,0
2025-12-14T23:20:49.848,19.2,58.7,0
2025-12-14T23:20:52.103,19.2,58.8,0
2025-12-14T23:20:54.358,19.2,58.9,0
2025-12-14T23:20:56.613,19.2,58.9,0
2025-12-14T23:20:58.867,19.2,58.9,0
2025-12-14T23:21:01.122,19.2,58.8,0
2025-12-14T23:21:03.377,19.2,58.7,0
2025-12-14T23:21:05.632,19.2,58.6,0
2025-12-14T23:21:07.887,19.2,58.6,0
2025-12-14T23:21:10.141,19.2,58.6,0
2025-12-14T23:21:12.396,19.2,58.7,0
2025-12-14T23:21:14.651,19.2,58.7,0
2025-12-14T23:21:16.906,19.2,58.8,0
2025-12-14T23:21:19.160,19.2,58.7,0
2025-12-14T23:21:21.415,19.2,58.8,0
2025-12-14T23:21:23.670,19.2,58.6,0
2025-12-14T23:21:25.925,19.2,58.4,0
2025-12-14T23:21:28.180,19.2,58.3,0
2025-12-14T23:21:30.434,19.2,58.4,0
2025-12-14T23:21:32.689,19.2,58.3,0
2025-12-14T23:21:34.944,19.2,58.2,0
2025-12-14T23:21:37.199,19.2,58.3,0
2025-12-14T23:21:39.453,19.2,58.4,0
2025-12-14T23:21:41.708,19.2,58.5,0
2025-12-14T23:21:43.963,19.2,58.6,0
2025-12-14T23:21:46.218,19.2,58.7,0
2025-12-14T23:21:48.473,19.2,58.8,0
2025-12-14T23:21:50.727,19.2,58.8,0
2025-12-14T23:21:52.982,19.2,58.7,0
2025-12-14T23:21:55.237,19.2,58.5,0
2025-12-14T23:21:57.492,19.2,58.5,0
2025-12-14T23:21:59.746,19.2,58.5,0
2025-12-14T23:22:02.001,19.2,58.3,0
2025-12-14T23:22:04.256,19.2,58.2,0
2025-12-14T23:22:06.510,19.2,58.2,0
2025-12-14T23:22:08.765,19.2,58.2,0
2025-12-14T23:22:11.019,19.2,58.4,0
2025-12-14T23:22:13.274,19.2,58.6,0
2025-12-14T23:22:15.531,19.2,58.8,0
2025-12-14T23:22:17.786,19.2,58.9,0
2025-12-14T23:22:20.040,19.2,58.9,0
2025-12-14T23:22:22.294,19.2,59.0,0
2025-12-14T23:22:24.551,19.2,58.8,0
2025-12-14T23:22:26.805,19.2,58.6,0
2025-12-14T23:22:29.063,19.2,58.5,0
2025-12-14T23:22:31.317,19.2,58.4,0
2025-12-14T23:22:33.575,19.2,58.3,0
2025-12-14T23:22:35.829,19.2,58.2,0
2025-12-14T23:22:38.084,19.2,58.3,0
2025-12-14T23:22:40.338,19.2,58.4,0
2025-12-14T23:22:42.593,19.2,58.4,0
2025-12-14T23:22:44.847,19.2,58.4,0
2025-12-14T23:22:47.101,19.2,58.5,0
2025-12-14T23:22:49.356,19.2,58.6,0
2025-12-14T23:22:51.615,19.2,58.6,0
2025-12-14T23:22:53.875,19.2,58.5,0
2025-12-14T23:22:56.129,19.2,58.7,0
2025-12-14T23:22:58.387,19.2,58.8,0
2025-12-14T23:23:00.647,19.2,58.9,0
2025-12-14T23:23:02.902,19.2,58.9,0
2025-12-14T23:23:05.156,19.2,58.7,0
2025-12-14T23:23:07.410,19.2,58.6,0
2025-12-14T23:23:09.667,19.2,58.4,0
2025-12-14T23:23:11.927,19.2,58.5,0
2025-12-14T23:23:14.187,19.2,58.5,0
2025-12-14T23:23:16.447,19.2,58.6,0
2025-12-14T23:23:18.701,19.2,58.7,0
2025-12-14T23:23:20.956,19.2,58.6,0
2025-12-14T23:23:23.215,19.2,58.6,0
2025-12-14T23:23:25.475,19.2,58.6,0
2025-12-14T23:23:27.735,19.2,58.7,0
2025-12-14T23:23:29.989,19.2,58.8,0
2025-12-14T23:23:32.244,19.2,58.8,0
2025-12-14T23:23:34.498,19.2,58.7,0
2025-12-14T23:23:36.755,19.2,58.6,0
2025-12-14T23:23:39.010,19.2,58.6,0
2025-12-14T23:23:41.264,19.2,58.6,0
2025-12-14T23:23:43.523,19.2,58.6,0
2025-12-14T23:23:45.783,19.2,58.6,0
2025-12-14T23:23:48.037,19.2,58.6,0
2025-12-14T23:23:50.295,19.2,58.6,0
2025-12-14T23:23:52.555,19.2,58.5,0
2025-12-14T23:23:54.815,19.2,58.3,0
2025-12-14T23:23:57.069,19.2,58.2,0
2025-12-14T23:23:59.324,19.2,58.4,0
2025-12-14T23:24:01.578,19.2,58.5,0
2025-12-14T23:24:03.835,19.2,58.6,0
2025-12-14T23:24:06.089,19.2,58.4,0
2025-12-14T23:24:08.347,19.2,58.5,0
2025-12-14T23:24:10.601,19.2,58.6,0
2025-12-14T23:24:12.856,19.2,58.6,0
2025-12-14T23:24:15.110,19.2,58.7,0
2025-12-14T23:24:17.367,19.2,58.7,0
2025-12-14T23:24:19.627,19.2,58.7,0
2025-12-14T23:24:21.887,19.2,58.7,0
2025-12-14T23:24:24.141,19.2,58.6,0
2025-12-14T23:24:26.396,19.2,58.7,0
2025-12-14T23:24:28.655,19.2,58.7,0
2025-12-14T23:24:30.909,19.2,58.8,0
2025-12-14T23:24:33.167,19.2,58.8,0
2025-12-14T23:24:35.421,19.2,58.8,0
2025-12-14T23:24:37.676,19.2,58.7,0
2025-12-14T23:24:39.935,19.2,58.8,0
2025-12-14T23:24:42.189,19.2,58.7,0
2025-12-14T23:24:44.447,19.2,58.5,0
2025-12-14T23:24:46.701,19.2,58.4,0
2025-12-14T23:24:48.956,19.2,58.5,0
2025-12-14T23:24:51.215,19.2,58.5,0
2025-12-14T23:24:53.469,19.2,58.4,0
2025-12-14T23:24:55.724,19.2,58.4,0
2025-12-14T23:24:57.978,19.2,58.5,0
2025-12-14T23:25:00.235,19.2,58.7,0
2025-12-14T23:25:02.495,19.2,58.7,0
2025-12-14T23:25:04.755,19.2,58.6,0
2025-12-14T23:25:07.015,19.2,58.6,0
2025-12-14T23:25:09.269,19.2,58.7,0
2025-12-14T23:25:11.524,19.2,58.6,0
2025-12-14T23:25:13.778,19.2,58.6,0
2025-12-14T23:25:16.035,19.2,58.6,0
2025-12-14T23:25:18.295,19.2,58.6,0
2025-12-14T23:25:20.549,19.2,58.5,0
2025-12-14T23:25:22.807,19.2,58.6,0
2025-12-14T23:25:25.062,19.2,58.6,0
2025-12-14T23:25:27.319,19.2,58.6,0
2025-12-14T23:25:29.573,19.2,58.7,0
2025-12-14T23:25:31.831,19.2,58.8,0
2025-12-14T23:25:34.091,19.2,58.8,0
2025-12-14T23:25:36.351,19.2,58.7,0
2025-12-14T23:25:38.605,19.2,58.6,0
2025-12-14T23:25:40.860,19.2,58.4,0
2025-12-14T23:25:43.114,19.2,58.3,0
2025-12-14T23:25:45.371,19.2,58.3,0
2025-12-14T23:25:47.631,19.2,58.4,0
2025-12-14T23:25:49.885,19.2,58.5,0
2025-12-14T23:25:52.143,19.2,58.5,0
2025-12-14T23:25:54.403,19.1,58.4,0
2025-12-14T23:25:56.663,19.2,58.5,0
2025-12-14T23:25:58.917,19.2,58.6,0
2025-12-14T23:26:01.172,19.2,58.6,0
2025-12-14T23:26:03.431,19.2,58.6,0
2025-12-14T23:26:05.685,19.2,58.7,0
2025-12-14T23:26:07.943,19.2,58.7,0
2025-12-14T23:26:10.203,19.2,58.8,0
2025-12-14T23:26:12.457,19.2,58.7,0
2025-12-14T23:26:14.715,19.2,58.8,0
2025-12-14T23:26:16.975,19.2,58.9,0
2025-12-14T23:26:19.229,19.2,58.8,0
2025-12-14T23:26:21.487,19.2,58.8,0
2025-12-14T23:26:23.743,19.2,58.8,0
2025-12-14T23:26:26.003,19.2,58.9,0
2025-12-14T23:26:28.263,19.2,58.8,0
2025-12-14T23:26:30.523,19.2,58.8,0
2025-12-14T23:26:32.783,19.2,58.8,0
2025-12-14T23:26:35.043,19.2,58.8,0
2025-12-14T23:26:37.297,19.2,58.8,0
2025-12-14T23:26:39.555,19.2,58.8,0
2025-12-14T23:26:41.815,19.2,58.8,0
2025-12-14T23:26:44.075,19.2,58.7,0
2025-12-14T23:26:46.335,19.2,58.6,0
2025-12-14T23:26:48.595,19.2,58.6,0
2025-12-14T23:26:50.849,19.2,58.7,0
2025-12-14T23:26:53.104,19.2,58.8,0
2025-12-14T23:26:55.358,19.2,58.9,0
2025-12-14T23:26:57.612,19.2,59.0,0
2025-12-14T23:26:59.871,19.2,59.0,0
2025-12-14T23:27:02.131,19.2,59.0,0
2025-12-14T23:27:04.391,19.2,59.0,0
2025-12-14T23:27:06.645,19.2,59.0,0
2025-12-14T23:27:08.900,19.2,59.1,0
2025-12-14T23:27:11.154,19.2,59.1,0
2025-12-14T23:27:13.409,19.2,59.0,0
2025-12-14T23:27:15.667,19.2,58.9,0
2025-12-14T23:27:17.921,19.2,58.9,0
2025-12-14T23:27:20.179,19.2,58.9,0
2025-12-14T23:27:22.433,19.2,58.9,0
2025-12-14T23:27:24.691,19.2,59.0,0
2025-12-14T23:27:26.951,19.2,59.0,0
2025-12-14T23:27:29.205,19.2,59.0,0
2025-12-14T23:27:31.463,19.2,58.9,0
2025-12-14T23:27:33.717,19.2,58.8,0
2025-12-14T23:27:35.972,19.2,58.7,0
2025-12-14T23:27:38.231,19.2,58.7,0
2025-12-14T23:27:40.485,19.2,58.7,0
2025-12-14T23:27:42.743,19.2,58.8,0
2025-12-14T23:27:44.997,19.2,58.8,0
2025-12-14T23:27:47.255,19.2,58.9,0
2025-12-14T23:27:49.515,19.2,58.9,0
2025-12-14T23:27:51.775,19.2,58.9,0
2025-12-14T23:27:54.029,19.2,58.9,0
2025-12-14T23:27:56.287,19.2,58.9,0
2025-12-14T23:27:58.547,19.2,58.7,0
2025-12-14T23:28:00.801,19.2,58.4,0
2025-12-14T23:28:03.056,19.2,58.2,0
2025-12-14T23:28:05.315,19.2,58.2,0
2025-12-14T23:28:07.569,19.2,58.3,0
2025-12-14T23:28:09.824,19.2,58.4,0
2025-12-14T23:28:12.083,19.2,58.5,0
2025-12-14T23:28:14.337,19.2,58.6,0
2025-12-14T23:28:16.592,19.2,58.7,0
2025-12-14T23:28:18.851,19.2,58.7,0
2025-12-14T23:28:21.105,19.2,58.8,0
2025-12-14T23:28:23.363,19.2,58.8,0
2025-12-14T23:28:25.617,19.2,58.9,0
2025-12-14T23:28:27.875,19.2,58.8,0
2025-12-14T23:28:30.135,19.2,58.8,0
2025-12-14T23:28:32.389,19.2,58.8,0
2025-12-14T23:28:34.644,19.2,58.9,0
2025-12-14T23:28:36.898,19.2,59.0,0
2025-12-14T23:28:39.152,19.2,59.0,0
2025-12-14T23:28:41.407,19.2,58.8,0
2025-12-14T23:28:43.661,19.2,58.8,0
2025-12-14T23:28:45.916,19.2,58.8,0
2025-12-14T23:28:48.175,19.2,58.7,0
2025-12-14T23:28:50.435,19.2,58.7,0
2025-12-14T23:28:52.689,19.2,58.7,0
2025-12-14T23:28:54.944,19.2,58.7,0
2025-12-14T23:28:57.203,19.2,58.7,0
2025-12-14T23:28:59.457,19.2,58.7,0
2025-12-14T23:29:01.712,19.2,58.7,0
2025-12-14T23:29:03.971,19.2,58.4,0
2025-12-14T23:29:06.231,19.2,58.4,0
2025-12-14T23:29:08.485,19.2,58.5,0
2025-12-14T23:29:10.743,19.2,58.5,0
2025-12-14T23:29:12.997,19.2,58.6,0
2025-12-14T23:29:15.255,19.2,58.6,0
2025-12-14T23:29:17.515,19.2,58.6,0
2025-12-14T23:29:19.775,19.2,58.6,0
2025-12-14T23:29:22.029,19.2,58.6,0
2025-12-14T23:29:24.287,19.2,58.6,0
2025-12-14T23:29:26.541,19.2,58.7,0
2025-12-14T23:29:28.799,19.2,58.7,0
2025-12-14T23:29:31.056,19.2,58.7,0
2025-12-14T23:29:33.310,19.2,58.7,0
2025-12-14T23:29:35.565,19.2,58.7,0
2025-12-14T23:29:37.820,19.2,58.6,0
2025-12-14T23:29:40.074,19.2,58.7,0
2025-12-14T23:29:42.329,19.2,58.7,0
2025-12-14T23:29:44.584,19.2,58.7,0
2025-12-14T23:29:46.838,19.2,58.7,0
2025-12-14T23:29:49.093,19.2,58.5,0
2025-12-14T23:29:51.348,19.2,58.4,0
2025-12-14T23:29:53.603,19.2,58.5,0
2025-12-14T23:29:55.857,19.2,58.5,0
2025-12-14T23:29:58.112,19.2,58.4,0
2025-12-14T23:30:00.367,19.2,58.3,0
2025-12-14T23:30:02.621,19.2,58.1,0
2025-12-14T23:30:04.876,19.2,58.2,0
2025-12-14T23:30:07.131,19.2,58.3,0
2025-12-14T23:30:09.385,19.2,58.4,0
2025-12-14T23:30:11.640,19.2,58.4,0
2025-12-14T23:30:13.895,19.2,58.3,0
2025-12-14T23:30:16.149,19.2,58.2,0
2025-12-14T23:30:18.404,19.2,58.2,0
2025-12-14T23:30:20.659,19.2,58.3,0
2025-12-14T23:30:22.913,19.2,58.4,0
2025-12-14T23:30:25.168,19.2,58.6,0
2025-12-14T23:30:27.423,19.2,58.6,0
2025-12-14T23:30:29.677,19.2,58.7,0
2025-12-14T23:30:31.932,19.2,58.7,0
2025-12-14T23:30:34.187,19.2,58.7,0
2025-12-14T23:30:36.441,19.2,58.7,0
2025-12-14T23:30:38.696,19.2,58.7,0
2025-12-14T23:30:40.951,19.2,58.6,0
2025-12-14T23:30:43.205,19.2,58.6,0
2025-12-14T23:30:45.460,19.2,58.6,0
2025-12-14T23:30:47.715,19.2,58.7,0
2025-12-14T23:30:49.969,19.2,58.7,0
2025-12-14T23:30:52.224,19.2,58.6,0
2025-12-14T23:30:54.479,19.2,58.6,0
2025-12-14T23:30:56.733,19.2,58.7,0
2025-12-14T23:30:58.988,19.2,58.7,0
2025-12-14T23:31:01.243,19.2,58.7,0
2025-12-14T23:31:03.497,19.2,58.6,0
2025-12-14T23:31:05.752,19.2,58.6,0
2025-12-14T23:31:08.007,19.2,58.6,0
2025-12-14T23:31:10.261,19.2,58.6,0
2025-12-14T23:31:12.516,19.2,58.6,0
2025-12-14T23:31:14.771,19.2,58.6,0
2025-12-14T23:31:17.025,19.2,58.7,0
2025-12-14T23:31:19.280,19.2,58.8,0
2025-12-14T23:31:21.535,19.2,58.8,0
2025-12-14T23:31:23.789,19.2,58.9,0
2025-12-14T23:31:26.044,19.2,58.9,0
2025-12-14T23:31:28.299,19.2,58.9,0
2025-12-14T23:31:30.553,19.2,58.8,0
2025-12-14T23:31:32.808,19.2,58.8,0
2025-12-14T23:31:35.063,19.2,58.6,0
2025-12-14T23:31:37.317,19.2,58.4,0
2025-12-14T23:31:39.572,19.2,58.4,0
2025-12-14T23:31:41.827,19.2,58.5,0
2025-12-14T23:31:44.081,19.2,58.5,0
2025-12-14T23:31:46.336,19.2,58.3,0
2025-12-14T23:31:48.590,19.2,58.3,0
2025-12-14T23:31:50.845,19.2,58.1,0
2025-12-14T23:31:53.100,19.2,58.2,0
2025-12-14T23:31:55.354,19.2,58.2,0
2025-12-14T23:31:57.609,19.2,58.3,0
2025-12-14T23:31:59.864,19.2,58.2,0
2025-12-14T23:32:02.119,19.2,58.2,0
2025-12-14T23:32:04.374,19.2,58.2,0
2025-12-14T23:32:06.628,19.2,58.3,0
2025-12-14T23:32:08.883,19.2,58.3,0
2025-12-14T23:32:11.138,19.2,58.4,0
2025-12-14T23:32:13.392,19.2,58.6,0
2025-12-14T23:32:15.647,19.2,58.6,0
2025-12-14T23:32:17.902,19.2,58.7,0
2025-12-14T23:32:20.156,19.2,58.7,0
2025-12-14T23:32:22.411,19.2,58.7,0
2025-12-14T23:32:24.666,19.2,58.7,0
2025-12-14T23:32:26.920,19.2,58.7,0
2025-12-14T23:32:29.175,19.2,58.7,0
2025-12-14T23:32:31.430,19.2,58.7,0
2025-12-14T23:32:33.684,19.2,58.7,0
2025-12-14T23:32:35.939,19.2,58.6,0
2025-12-14T23:32:38.194,19.2,58.4,0
2025-12-14T23:32:40.448,19.2,58.4,0
2025-12-14T23:32:42.703,19.2,58.4,0
2025-12-14T23:32:44.958,19.2,58.3,0
2025-12-14T23:32:47.212,19.2,58.3,0
2025-12-14T23:32:49.467,19.2,58.3,0
2025-12-14T23:32:51.722,19.2,58.4,0
2025-12-14T23:32:53.976,19.2,58.4,0
2025-12-14T23:32:56.231,19.2,58.3,0
2025-12-14T23:32:58.486,19.2,58.3,0
2025-12-14T23:33:00.740,19.2,58.2,0
2025-12-14T23:33:02.995,19.2,58.0,0
2025-12-14T23:33:05.250,19.2,57.9,0
2025-12-14T23:33:07.505,19.2,58.0,0
2025-12-14T23:33:09.759,19.2,58.2,0
2025-12-14T23:33:12.014,19.2,58.3,0
2025-12-14T23:33:14.269,19.2,58.3,0
2025-12-14T23:33:16.524,19.2,58.4,0
2025-12-14T23:33:18.779,19.2,58.3,0
2025-12-14T23:33:21.033,19.2,58.2,0
2025-12-14T23:33:23.288,19.2,58.1,0
2025-12-14T23:33:25.543,19.2,58.2,0
2025-12-14T23:33:27.798,19.2,58.3,0
2025-12-14T23:33:30.052,19.2,58.3,0
2025-12-14T23:33:32.307,19.2,58.3,0
2025-12-14T23:33:34.562,19.2,58.3,0
2025-12-14T23:33:36.817,19.2,58.3,0
2025-12-14T23:33:39.071,19.2,58.2,0
2025-12-14T23:33:41.326,19.2,58.2,0
2025-12-14T23:33:43.581,19.2,58.1,0
2025-12-14T23:33:45.836,19.2,58.1,0
2025-12-14T23:33:48.091,19.2,58.0,0
2025-12-14T23:33:50.345,19.2,58.0,0
2025-12-14T23:33:52.600,19.2,58.1,0
2025-12-14T23:33:54.855,19.2,58.1,0
2025-12-14T23:33:57.110,19.2,58.2,0
2025-12-14T23:33:59.364,19.2,58.3,0
2025-12-14T23:34:01.619,19.2,58.4,0
2025-12-14T23:34:03.879,19.2,58.4,0
2025-12-14T23:34:06.134,19.2,58.5,0
2025-12-14T23:34:08.388,19.2,58.6,0
2025-12-14T23:34:10.643,19.2,58.7,0
2025-12-14T23:34:12.898,19.2,58.6,0
2025-12-14T23:34:15.153,19.2,58.3,0
2025-12-14T23:34:17.407,19.2,58.0,0
2025-12-14T23:34:19.662,19.2,58.0,0
2025-12-14T23:34:21.917,19.2,58.0,0
2025-12-14T23:34:24.172,19.2,57.9,0
2025-12-14T23:34:26.426,19.2,57.8,0
2025-12-14T23:34:28.681,19.2,57.9,0
2025-12-14T23:34:30.936,19.2,58.0,0
2025-12-14T23:34:33.191,19.2,58.2,0
2025-12-14T23:34:35.446,19.2,58.2,0
2025-12-14T23:34:37.700,19.2,58.3,0
2025-12-14T23:34:39.955,19.2,58.3,0
2025-12-14T23:34:42.210,19.2,58.3,0
2025-12-14T23:34:44.464,19.2,58.4,0
2025-12-14T23:34:46.719,19.2,58.3,0
2025-12-14T23:34:48.974,19.2,58.3,0
2025-12-14T23:34:51.229,19.2,58.4,0
2025-12-14T23:34:53.484,19.2,58.4,0
2025-12-14T23:34:55.739,19.2,58.3,0
2025-12-14T23:34:57.993,19.2,58.2,0
2025-12-14T23:35:00.248,19.2,58.4,0
2025-12-14T23:35:02.503,19.2,58.3,0
2025-12-14T23:35:04.758,19.2,58.4,0
2025-12-14T23:35:07.013,19.2,58.5,0
2025-12-14T23:35:09.267,19.2,58.5,0
2025-12-14T23:35:11.522,19.2,58.4,0
2025-12-14T23:35:13.777,19.2,58.3,0
2025-12-14T23:35:16.031,19.2,58.3,0
2025-12-14T23:35:18.286,19.2,58.2,0
2025-12-14T23:35:20.541,19.2,58.1,0
2025-12-14T23:35:22.796,19.2,58.1,0
2025-12-14T23:35:25.050,19.2,58.2,0
2025-12-14T23:35:27.305,19.2,58.3,0
2025-12-14T23:35:29.560,19.2,58.3,0
2025-12-14T23:35:31.815,19.2,58.4,0
2025-12-14T23:35:34.069,19.2,58.5,0
2025-12-14T23:35:36.324,19.2,58.5,0
2025-12-14T23:35:38.579,19.2,58.7,0
2025-12-14T23:35:40.834,19.2,58.8,0
2025-12-14T23:35:43.089,19.2,58.9,0
2025-12-14T23:35:45.343,19.2,58.9,0
2025-12-14T23:35:47.598,19.2,58.9,0
2025-12-14T23:35:49.853,19.2,58.9,0
2025-12-14T23:35:52.108,19.2,58.9,0
2025-12-14T23:35:54.363,19.2,58.9,0
2025-12-14T23:35:56.617,19.2,58.8,0
2025-12-14T23:35:58.872,19.2,58.8,0
2025-12-14T23:36:01.127,19.2,58.8,0
2025-12-14T23:36:03.382,19.2,58.8,0
2025-12-14T23:36:05.636,19.2,58.8,0
2025-12-14T23:36:07.891,19.2,58.7,0
2025-12-14T23:36:10.146,19.2,58.7,0
2025-12-14T23:36:12.401,19.2,58.7,0
2025-12-14T23:36:14.656,19.2,58.8,0
2025-12-14T23:36:16.910,19.2,58.7,0
2025-12-14T23:36:19.165,19.2,58.7,0
2025-12-14T23:36:21.420,19.2,58.7,0
2025-12-14T23:36:23.675,19.2,58.8,0
2025-12-14T23:36:25.929,19.2,58.8,0
2025-12-14T23:36:28.184,19.2,58.7,0
2025-12-14T23:36:30.439,19.2,58.5,0
2025-12-14T23:36:32.694,19.2,58.4,0
2025-12-14T23:36:34.949,19.2,58.3,0
2025-12-14T23:36:37.204,19.2,58.4,0
2025-12-14T23:36:39.458,19.2,58.4,0
2025-12-14T23:36:41.713,19.2,58.6,0
2025-12-14T23:36:43.968,19.2,58.7,0
2025-12-14T23:36:46.223,19.2,58.8,0
2025-12-14T23:36:48.477,,,0
2025-12-14T23:36:50.733,19.2,58.7,0
2025-12-14T23:36:52.988,19.2,58.7,0
2025-12-14T23:36:55.247,19.2,58.7,0
2025-12-14T23:36:57.507,19.2,58.7,0
2025-12-14T23:36:59.761,19.2,58.6,0
2025-12-14T23:37:02.016,19.2,58.6,0
2025-12-14T23:37:04.270,19.2,58.4,0
2025-12-14T23:37:06.527,19.2,58.4,0
2025-12-14T23:37:08.782,19.2,58.4,0
2025-12-14T23:37:11.039,19.2,58.5,0
2025-12-14T23:37:13.293,19.2,58.5,0
2025-12-14T23:37:15.548,19.2,58.2,0
2025-12-14T23:37:17.802,19.2,58.0,0
2025-12-14T23:37:20.057,19.2,57.8,0
2025-12-14T23:37:22.312,19.2,57.9,0
2025-12-14T23:37:24.567,19.2,57.9,0
2025-12-14T23:37:26.821,19.2,57.9,0
2025-12-14T23:37:29.076,19.2,57.8,0
2025-12-14T23:37:31.331,19.2,57.6,0
2025-12-14T23:37:33.586,19.2,57.6,0
2025-12-14T23:37:35.841,19.2,57.5,0
2025-12-14T23:37:38.095,19.2,57.5,0
2025-12-14T23:37:40.350,19.2,57.4,0
2025-12-14T23:37:42.605,19.2,57.2,0
2025-12-14T23:37:44.860,19.2,57.2,0
2025-12-14T23:37:47.114,19.2,57.3,0
2025-12-14T23:37:49.369,19.2,57.5,0
2025-12-14T23:37:51.624,19.2,57.8,0
2025-12-14T23:37:53.879,19.2,57.9,0
2025-12-14T23:37:56.133,19.2,58.0,0
2025-12-14T23:37:58.388,19.2,58.1,0
2025-12-14T23:38:00.643,19.2,58.2,0
2025-12-14T23:38:02.898,19.2,58.3,0
2025-12-14T23:38:05.153,19.2,58.4,0
2025-12-14T23:38:07.407,19.2,58.4,0
2025-12-14T23:38:09.662,19.2,58.4,0
2025-12-14T23:38:11.917,19.2,58.5,0
2025-12-14T23:38:14.172,19.2,58.6,0
2025-12-14T23:38:16.426,19.2,58.6,0
2025-12-14T23:38:18.681,19.2,58.6,0
2025-12-14T23:38:20.936,19.2,58.6,0
2025-12-14T23:38:23.191,19.2,58.6,0
2025-12-14T23:38:25.445,19.2,58.6,0
2025-12-14T23:38:27.700,19.2,58.6,0
2025-12-14T23:38:29.955,19.2,58.5,0
2025-12-14T23:38:32.210,19.2,58.4,0
2025-12-14T23:38:34.464,19.2,58.3,0
2025-12-14T23:38:36.719,19.2,58.3,0
2025-12-14T23:38:38.974,19.2,58.3,0
2025-12-14T23:38:41.229,19.2,58.4,0
2025-12-14T23:38:43.484,19.2,58.2,0
2025-12-14T23:38:45.738,19.2,58.1,0
2025-12-14T23:38:47.993,19.2,58.1,0
2025-12-14T23:38:50.248,19.2,58.2,0
2025-12-14T23:38:52.503,19.2,58.2,0
2025-12-14T23:38:54.757,19.2,58.2,0
2025-12-14T23:38:57.012,19.2,58.3,0
2025-12-14T23:38:59.267,19.2,58.3,0
2025-12-14T23:39:01.522,19.2,58.3,0
2025-12-14T23:39:03.777,19.2,58.3,0
2025-12-14T23:39:06.031,19.2,58.2,0
2025-12-14T23:39:08.286,19.2,58.1,0
2025-12-14T23:39:10.541,19.2,58.2,0
2025-12-14T23:39:12.796,19.2,58.1,0
2025-12-14T23:39:15.055,19.2,58.1,0
2025-12-14T23:39:17.315,19.2,58.2,0
2025-12-14T23:39:19.575,19.2,58.3,0
2025-12-14T23:39:21.829,19.2,58.3,0
2025-12-14T23:39:24.087,19.2,58.4,0
2025-12-14T23:39:26.347,19.2,58.4,0
2025-12-14T23:39:28.601,19.2,58.4,0
2025-12-14T23:39:30.856,19.2,58.5,0
2025-12-14T23:39:33.115,19.2,58.5,0
2025-12-14T23:39:35.369,19.2,58.6,0
2025-12-14T23:39:37.627,19.2,58.6,0
2025-12-14T23:39:39.883,19.2,58.7,0
2025-12-14T23:39:42.139,19.2,58.7,0
2025-12-14T23:39:44.393,19.2,58.7,0
2025-12-14T23:39:46.648,19.2,58.7,0
2025-12-14T23:39:48.902,19.2,58.7,0
2025-12-14T23:39:51.157,19.2,58.6,0
2025-12-14T23:39:53.411,19.2,58.4,0
2025-12-14T23:39:55.671,19.2,58.4,0
2025-12-14T23:39:57.931,19.2,58.4,0
2025-12-14T23:40:00.191,19.2,58.3,0
2025-12-14T23:40:02.447,19.2,58.3,0
2025-12-14T23:40:04.701,,,0
2025-12-14T23:40:06.959,19.2,58.2,0
2025-12-14T23:40:09.213,19.2,58.2,0
2025-12-14T23:40:11.468,19.2,58.0,0
2025-12-14T23:40:13.722,19.2,58.0,0
2025-12-14T23:40:15.977,19.2,58.1,0
2025-12-14T23:40:18.235,19.2,58.1,0
2025-12-14T23:40:20.495,19.2,58.0,0
2025-12-14T23:40:22.755,19.2,57.9,0
2025-12-14T23:40:25.010,19.2,57.8,0
2025-12-14T23:40:27.267,19.2,57.7,0
2025-12-14T23:40:29.521,19.2,57.8,0
2025-12-14T23:40:31.779,19.2,57.8,0
2025-12-14T23:40:34.034,19.2,57.9,0
2025-12-14T23:40:36.291,19.2,57.9,0
2025-12-14T23:40:38.545,19.2,58.0,0
2025-12-14T23:40:40.800,19.2,58.0,0
2025-12-14T23:40:43.059,19.2,58.1,0
2025-12-14T23:40:45.313,19.2,58.1,0
2025-12-14T23:40:47.571,19.2,57.9,0
2025-12-14T23:40:49.831,19.2,58.0,0
2025-12-14T23:40:52.091,19.2,58.1,0
2025-12-14T23:40:54.347,19.2,58.1,0
2025-12-14T23:40:56.607,19.2,58.1,0
2025-12-14T23:40:58.861,19.2,58.1,0
2025-12-14T23:41:01.116,19.2,58.1,0
2025-12-14T23:41:03.375,19.2,58.1,0
2025-12-14T23:41:05.629,19.2,58.0,0
2025-12-14T23:41:07.887,19.2,57.8,0
2025-12-14T23:41:10.147,19.2,57.7,0
2025-12-14T23:41:12.407,19.2,57.5,0
2025-12-14T23:41:14.663,19.2,57.5,0
2025-12-14T23:41:16.923,19.2,57.5,0
2025-12-14T23:41:19.183,19.2,57.4,0
2025-12-14T23:41:21.437,19.2,57.6,0
2025-12-14T23:41:23.695,19.2,57.7,0
2025-12-14T23:41:25.955,19.2,57.8,0
2025-12-14T23:41:28.215,19.2,57.7,0
2025-12-14T23:41:30.469,19.2,57.6,0
2025-12-14T23:41:32.727,19.2,57.7,0
2025-12-14T23:41:34.982,19.2,57.8,0
2025-12-14T23:41:37.236,19.2,57.8,0
2025-12-14T23:41:39.495,19.2,57.9,0
2025-12-14T23:41:41.755,19.2,58.0,0
2025-12-14T23:41:44.015,19.2,58.1,0
2025-12-14T23:41:46.269,19.2,58.1,0
2025-12-14T23:41:48.527,19.2,58.2,0
2025-12-14T23:41:50.787,19.2,58.2,0
2025-12-14T23:41:53.047,19.2,58.3,0
2025-12-14T23:41:55.301,19.2,58.2,0
2025-12-14T23:41:57.559,19.2,58.0,0
2025-12-14T23:41:59.815,19.2,57.9,0
2025-12-14T23:42:02.075,19.2,57.8,0
2025-12-14T23:42:04.329,19.2,57.7,0
2025-12-14T23:42:06.584,19.2,57.6,0
2025-12-14T23:42:08.839,19.2,57.6,0
2025-12-14T23:42:11.094,19.2,57.7,0
2025-12-14T23:42:13.348,19.2,57.8,0
2025-12-14T23:42:15.603,19.2,57.9,0
2025-12-14T23:42:17.858,19.2,58.0,0
2025-12-14T23:42:20.113,19.2,58.1,0
2025-12-14T23:42:22.367,19.2,57.9,0
2025-12-14T23:42:24.622,19.2,57.8,0
2025-12-14T23:42:26.877,19.2,57.8,0
2025-12-14T23:42:29.132,19.2,57.6,0
2025-12-14T23:42:31.386,19.2,57.7,0
2025-12-14T23:42:33.641,19.2,57.8,0
2025-12-14T23:42:35.896,19.2,57.8,0
2025-12-14T23:42:38.153,19.2,57.8,0
2025-12-14T23:42:40.411,19.2,58.0,0
2025-12-14T23:42:42.671,19.2,58.1,0
2025-12-14T23:42:44.925,19.2,58.2,0
2025-12-14T23:42:47.180,19.2,58.2,0
2025-12-14T23:42:49.434,19.2,58.3,0
2025-12-14T23:42:51.689,19.2,58.1,0
2025-12-14T23:42:53.943,19.2,57.9,0
2025-12-14T23:42:56.203,19.2,57.8,0
2025-12-14T23:42:58.457,19.2,57.8,0
2025-12-14T23:43:00.715,19.2,57.9,0
2025-12-14T23:43:02.970,19.2,57.9,0
2025-12-14T23:43:05.224,19.2,57.8,0
2025-12-14T23:43:07.478,19.2,57.8,0
2025-12-14T23:43:09.733,19.2,57.8,0
2025-12-14T23:43:11.988,19.2,58.0,0
2025-12-14T23:43:14.243,19.2,58.2,0
2025-12-14T23:43:16.497,19.2,58.2,0
2025-12-14T23:43:18.752,19.2,58.2,0
2025-12-14T23:43:21.007,19.2,58.2,0
2025-12-14T23:43:23.262,19.2,58.3,0
2025-12-14T23:43:25.516,19.2,58.3,0
2025-12-14T23:43:27.771,19.2,58.3,0
2025-12-14T23:43:30.026,19.2,58.2,0
2025-12-14T23:43:32.281,19.2,58.3,0
2025-12-14T23:43:34.536,19.2,58.4,0
2025-12-14T23:43:36.791,19.2,58.4,0
2025-12-14T23:43:39.045,19.2,58.3,0
2025-12-14T23:43:41.300,19.2,58.1,0
2025-12-14T23:43:43.555,19.2,58.0,0
2025-12-14T23:43:45.810,19.2,57.9,0
2025-12-14T23:43:48.065,19.2,58.0,0
2025-12-14T23:43:50.319,19.1,58.1,0
2025-12-14T23:43:52.574,19.2,58.3,0
2025-12-14T23:43:54.829,19.1,58.1,0
2025-12-14T23:43:57.083,19.1,58.1,0
2025-12-14T23:43:59.338,19.1,58.1,0
2025-12-14T23:44:01.593,19.1,57.9,0
2025-12-14T23:44:03.848,19.2,57.8,0
2025-12-14T23:44:06.103,19.2,57.8,0
2025-12-14T23:44:08.358,19.1,57.6,0
2025-12-14T23:44:10.612,19.2,57.7,0
2025-12-14T23:44:12.867,19.1,57.8,0
2025-12-14T23:44:15.122,19.2,57.9,0
2025-12-14T23:44:17.377,19.2,58.0,0
2025-12-14T23:44:19.631,19.2,58.1,0
2025-12-14T23:44:21.886,19.2,58.2,0
2025-12-14T23:44:24.141,19.1,58.1,0
2025-12-14T23:44:26.396,19.1,57.9,0
2025-12-14T23:44:28.651,19.2,57.8,0
2025-12-14T23:44:30.906,19.1,57.8,0
2025-12-14T23:44:33.160,19.1,57.8,0
2025-12-14T23:44:35.415,19.2,57.9,0
2025-12-14T23:44:37.670,19.1,57.7,0
2025-12-14T23:44:39.925,19.2,57.8,0
2025-12-14T23:44:42.180,19.2,57.9,0
2025-12-14T23:44:44.434,19.1,58.0,0
2025-12-14T23:44:46.689,19.2,58.1,0
2025-12-14T23:44:48.944,19.1,58.2,0
2025-12-14T23:44:51.199,19.2,58.3,0
2025-12-14T23:44:53.454,19.1,58.3,0
2025-12-14T23:44:55.709,19.1,58.3,0
2025-12-14T23:44:57.964,19.2,58.2,0
2025-12-14T23:45:00.218,19.2,58.1,0
2025-12-14T23:45:02.473,19.2,58.1,0
2025-12-14T23:45:04.728,19.1,58.1,0
2025-12-14T23:45:06.983,19.1,58.1,0
2025-12-14T23:45:09.238,19.2,58.1,0
2025-12-14T23:45:11.492,19.2,58.0,0
2025-12-14T23:45:13.747,19.1,58.0,0
2025-12-14T23:45:16.002,19.1,58.0,0
2025-12-14T23:45:18.257,19.1,58.1,0
2025-12-14T23:45:20.511,19.1,58.2,0
2025-12-14T23:45:22.766,19.2,58.3,0
2025-12-14T23:45:25.021,19.2,58.4,0
2025-12-14T23:45:27.276,19.1,58.4,0
2025-12-14T23:45:29.531,19.2,58.4,0
2025-12-14T23:45:31.785,19.1,58.2,0
2025-12-14T23:45:34.040,19.1,58.0,0
2025-12-14T23:45:36.295,19.2,58.1,0
2025-12-14T23:45:38.550,19.2,58.2,0
2025-12-14T23:45:40.805,19.2,58.3,0
2025-12-14T23:45:43.060,19.1,58.3,0
2025-12-14T23:45:45.314,19.2,58.3,0
2025-12-14T23:45:47.569,19.1,58.1,0
2025-12-14T23:45:49.824,19.2,58.1,0
2025-12-14T23:45:52.078,19.1,58.1,0
2025-12-14T23:45:54.333,19.2,58.1,0
2025-12-14T23:45:56.588,19.1,57.8,0
2025-12-14T23:45:58.843,19.2,57.8,0
2025-12-14T23:46:01.097,19.1,57.7,0
2025-12-14T23:46:03.352,19.1,58.0,0
2025-12-14T23:46:05.607,19.1,58.1,0
2025-12-14T23:46:07.862,19.1,58.2,0
2025-12-14T23:46:10.117,19.1,58.2,0
2025-12-14T23:46:12.371,19.2,58.3,0
2025-12-14T23:46:14.626,19.1,58.0,0
2025-12-14T23:46:16.881,19.1,57.9,0
2025-12-14T23:46:19.136,19.1,58.0,0
2025-12-14T23:46:21.391,19.2,57.9,0
2025-12-14T23:46:23.645,19.2,57.8,0
2025-12-14T23:46:25.900,19.2,57.7,0
2025-12-14T23:46:28.155,19.2,57.5,0
2025-12-14T23:46:30.410,19.1,57.5,0
2025-12-14T23:46:32.665,19.1,57.7,0
2025-12-14T23:46:34.920,19.1,57.6,0
2025-12-14T23:46:37.174,19.1,57.6,0
2025-12-14T23:46:39.429,19.1,57.4,0
2025-12-14T23:46:41.684,19.1,57.4,0
2025-12-14T23:46:43.939,19.2,57.6,0
2025-12-14T23:46:46.194,19.1,57.7,0
2025-12-14T23:46:48.448,19.1,57.7,0
2025-12-14T23:46:50.703,19.2,57.9,0
2025-12-14T23:46:52.958,19.2,57.9,0
2025-12-14T23:46:55.213,19.1,57.9,0
2025-12-14T23:46:57.468,19.1,57.8,0
2025-12-14T23:46:59.722,19.1,57.8,0
2025-12-14T23:47:01.977,19.1,57.9,0
2025-12-14T23:47:04.232,19.2,57.9,0
2025-12-14T23:47:06.487,19.1,57.9,0
2025-12-14T23:47:08.742,19.1,58.0,0
2025-12-14T23:47:10.997,19.2,58.0,0
2025-12-14T23:47:13.251,19.2,57.8,0
2025-12-14T23:47:15.506,19.1,57.9,0
2025-12-14T23:47:17.761,19.1,57.8,0
2025-12-14T23:47:20.016,19.1,57.6,0
2025-12-14T23:47:22.271,19.2,57.4,0
2025-12-14T23:47:24.525,19.2,57.5,0
2025-12-14T23:47:26.780,19.2,57.6,0
2025-12-14T23:47:29.035,19.1,57.6,0
2025-12-14T23:47:31.290,19.1,57.7,0
2025-12-14T23:47:33.545,19.1,57.6,0
2025-12-14T23:47:35.799,19.1,57.4,0
2025-12-14T23:47:38.053,19.1,57.4,0
2025-12-14T23:47:40.308,19.1,57.4,0
2025-12-14T23:47:42.563,19.2,57.3,0
2025-12-14T23:47:44.818,19.1,57.3,0
2025-12-14T23:47:47.072,19.1,57.3,0
2025-12-14T23:47:49.327,19.1,57.3,0
2025-12-14T23:47:51.582,19.1,57.4,0
2025-12-14T23:47:53.837,19.1,57.3,0
2025-12-14T23:47:56.091,19.1,57.4,0
2025-12-14T23:47:58.346,19.1,57.6,0
2025-12-14T23:48:00.601,19.1,57.7,0
2025-12-14T23:48:02.856,19.1,57.6,0
2025-12-14T23:48:05.110,19.1,57.7,0
2025-12-14T23:48:07.365,19.1,57.7,0
2025-12-14T23:48:09.620,19.1,57.7,0
2025-12-14T23:48:11.875,19.1,57.5,0
2025-12-14T23:48:14.130,19.1,57.4,0
2025-12-14T23:48:16.384,19.1,57.2,0
2025-12-14T23:48:18.639,19.1,57.1,0
2025-12-14T23:48:20.894,19.1,57.2,0
2025-12-14T23:48:23.149,19.1,57.2,0
2025-12-14T23:48:25.404,19.1,57.0,0
2025-12-14T23:48:27.658,19.1,57.0,0
2025-12-14T23:48:29.913,19.1,57.1,0
2025-12-14T23:48:32.168,19.1,57.3,0
2025-12-14T23:48:34.423,19.1,57.6,0
2025-12-14T23:48:36.678,19.1,57.7,0
2025-12-14T23:48:38.933,19.1,57.8,0
2025-12-14T23:48:41.187,19.1,57.8,0
2025-12-14T23:48:43.442,19.1,57.7,0
2025-12-14T23:48:45.697,19.1,57.4,0
2025-12-14T23:48:47.952,19.1,57.5,0
2025-12-14T23:48:50.207,19.1,57.6,0
2025-12-14T23:48:52.461,19.1,57.8,0
2025-12-14T23:48:54.716,19.1,57.8,0
2025-12-14T23:48:56.971,19.1,57.8,0
2025-12-14T23:48:59.226,19.1,57.8,0
2025-12-14T23:49:01.481,19.1,57.8,0
2025-12-14T23:49:03.735,19.1,57.9,0
2025-12-14T23:49:05.990,19.1,57.9,0
2025-12-14T23:49:08.247,19.1,58.0,0
2025-12-14T23:49:10.501,19.1,58.0,0
2025-12-14T23:49:12.756,19.1,58.0,0
2025-12-14T23:49:15.010,19.1,58.1,0
2025-12-14T23:49:17.267,19.1,58.2,0
2025-12-14T23:49:19.527,19.1,58.2,0
2025-12-14T23:49:21.787,19.1,58.2,0
2025-12-14T23:49:24.041,19.1,58.1,0
2025-12-14T23:49:26.296,19.1,58.0,0
2025-12-14T23:49:28.555,19.1,57.7,0
2025-12-14T23:49:30.809,19.1,57.7,0
2025-12-14T23:49:33.067,19.1,57.7,0
2025-12-14T23:49:35.323,19.1,57.8,0
2025-12-14T23:49:37.577,19.1,57.7,0
2025-12-14T23:49:39.832,19.1,57.6,0
2025-12-14T23:49:42.086,19.1,57.7,0
2025-12-14T23:49:44.341,19.1,57.9,0
2025-12-14T23:49:46.599,19.1,57.8,0
2025-12-14T23:49:48.859,19.1,58.0,0
2025-12-14T23:49:51.113,19.1,58.0,0
2025-12-14T23:49:53.368,19.1,58.0,0
2025-12-14T23:49:55.627,19.1,58.1,0
2025-12-14T23:49:57.881,19.1,58.1,0
2025-12-14T23:50:00.136,19.1,57.9,0
2025-12-14T23:50:02.390,19.1,57.8,0
2025-12-14T23:50:04.645,19.1,57.7,0
2025-12-14T23:50:06.899,19.1,57.8,0
2025-12-14T23:50:09.159,19.1,57.6,0
2025-12-14T23:50:11.419,19.1,57.7,0
2025-12-14T23:50:13.679,19.1,57.8,0
2025-12-14T23:50:15.939,19.1,58.1,0
2025-12-14T23:50:18.199,19.1,58.2,0
2025-12-14T23:50:20.459,19.1,58.2,0
2025-12-14T23:50:22.719,19.1,58.0,0
2025-12-14T23:50:24.973,19.1,57.8,0
2025-12-14T23:50:27.231,19.1,57.9,0
2025-12-14T23:50:29.491,19.1,57.9,0
2025-12-14T23:50:31.751,19.1,57.8,0
2025-12-14T23:50:34.006,19.1,57.7,0
2025-12-14T23:50:36.263,19.1,57.8,0
2025-12-14T23:50:38.517,19.1,57.8,0
2025-12-14T23:50:40.775,19.1,57.9,0
2025-12-14T23:50:43.030,19.1,57.8,0
2025-12-14T23:50:45.287,19.1,57.8,0
2025-12-14T23:50:47.541,19.1,57.9,0
2025-12-14T23:50:49.796,19.1,57.8,0
2025-12-14T23:50:52.050,19.1,57.7,0
2025-12-14T23:50:54.307,19.1,57.8,0
2025-12-14T23:50:56.567,19.1,58.0,0
2025-12-14T23:50:58.821,19.1,58.0,0
2025-12-14T23:51:01.076,19.1,57.9,0
2025-12-14T23:51:03.330,19.1,57.9,0
2025-12-14T23:51:05.585,19.1,58.0,0
2025-12-14T23:51:07.839,19.1,58.1,0
2025-12-14T23:51:10.099,19.1,58.1,0
2025-12-14T23:51:12.359,19.1,57.9,0
2025-12-14T23:51:14.613,19.1,57.9,0
2025-12-14T23:51:16.868,19.1,57.7,0
2025-12-14T23:51:19.127,19.1,57.6,0
2025-12-14T23:51:21.387,,,0
2025-12-14T23:51:23.647,19.1,57.4,0
2025-12-14T23:51:25.901,19.1,57.3,0
2025-12-14T23:51:28.156,19.1,57.4,0
2025-12-14T23:51:30.415,19.1,57.5,0
2025-12-14T23:51:32.669,19.1,57.6,0
2025-12-14T23:51:34.927,19.1,57.6,0
2025-12-14T23:51:37.182,19.1,57.7,0
2025-12-14T23:51:39.439,19.1,57.8,0
2025-12-14T23:51:41.699,19.1,57.7,0
2025-12-14T23:51:43.954,19.1,57.8,0
2025-12-14T23:51:46.208,19.1,57.7,0
2025-12-14T23:51:48.462,19.1,57.7,0
2025-12-14T23:51:50.723,19.1,57.8,0
2025-12-14T23:51:52.977,19.1,58.0,0
2025-12-14T23:51:55.235,19.1,57.9,0
2025-12-14T23:51:57.495,19.1,57.8,0
2025-12-14T23:51:59.749,19.1,57.8,0
2025-12-14T23:52:02.004,19.1,57.9,0
2025-12-14T23:52:04.263,19.1,58.0,0
2025-12-14T23:52:06.523,19.1,58.1,0
2025-12-14T23:52:08.783,19.1,58.1,0
2025-12-14T23:52:11.043,19.1,58.0,0
2025-12-14T23:52:13.297,19.1,57.7,0
2025-12-14T23:52:15.552,19.1,57.6,0
2025-12-14T23:52:17.806,19.1,57.7,0
2025-12-14T23:52:20.063,19.1,57.7,0
2025-12-14T23:52:22.323,19.1,57.6,0
2025-12-14T23:52:24.577,19.1,57.7,0
2025-12-14T23:52:26.832,19.1,57.6,0
2025-12-14T23:52:29.086,19.1,57.6,0
2025-12-14T23:52:31.341,19.1,57.6,0
2025-12-14T23:52:33.599,19.1,57.7,0
2025-12-14T23:52:35.853,19.1,57.7,0
2025-12-14T23:52:38.111,19.1,57.7,0
2025-12-14T23:52:40.365,19.1,57.6,0
2025-12-14T23:52:42.620,19.1,57.5,0
2025-12-14T23:52:44.879,19.1,57.3,0
2025-12-14T23:52:47.139,19.1,57.3,0
2025-12-14T23:52:49.393,19.1,57.4,0
2025-12-14T23:52:51.648,19.1,57.6,0
2025-12-14T23:52:53.907,19.1,57.6,0
2025-12-14T23:52:56.167,,,0
2025-12-14T23:52:58.427,19.1,57.4,0
2025-12-14T23:53:00.681,19.1,57.4,0
2025-12-14T23:53:02.939,19.1,57.3,0
2025-12-14T23:53:05.199,19.1,57.4,0
2025-12-14T23:53:07.453,19.1,57.6,0
2025-12-14T23:53:09.711,19.1,57.8,0
2025-12-14T23:53:11.966,19.1,57.9,0
2025-12-14T23:53:14.220,19.1,57.8,0
2025-12-14T23:53:16.474,19.1,58.0,0
2025-12-14T23:53:18.729,19.1,58.1,0
2025-12-14T23:53:20.987,19.1,58.2,0
2025-12-14T23:53:23.247,19.1,58.2,0
2025-12-14T23:53:25.507,19.1,58.1,0
2025-12-14T23:53:27.761,19.1,57.8,0
2025-12-14T23:53:30.016,19.1,57.6,0
2025-12-14T23:53:32.275,19.1,57.6,0
2025-12-14T23:53:34.529,19.1,57.8,0
2025-12-14T23:53:36.784,19.1,57.8,0
2025-12-14T23:53:39.038,19.1,57.8,0
2025-12-14T23:53:41.293,19.1,57.6,0
2025-12-14T23:53:43.547,19.1,57.4,0
2025-12-14T23:53:45.807,19.1,57.3,0
2025-12-14T23:53:48.067,19.1,57.5,0
2025-12-14T23:53:50.327,19.1,57.6,0
2025-12-14T23:53:52.581,19.1,57.6,0
2025-12-14T23:53:54.839,19.1,57.7,0
2025-12-14T23:53:57.093,19.1,57.8,0
2025-12-14T23:53:59.348,19.1,58.0,0
2025-12-14T23:54:01.607,19.1,58.1,0
2025-12-14T23:54:03.867,19.1,57.9,0
2025-12-14T23:54:06.122,19.1,57.7,0
2025-12-14T23:54:08.379,19.1,57.6,0
2025-12-14T23:54:10.639,19.1,57.6,0
2025-12-14T23:54:12.899,19.1,57.7,0
2025-12-14T23:54:15.159,19.1,57.7,0
2025-12-14T23:54:17.415,19.1,58.0,0
2025-12-14T23:54:19.675,19.1,58.0,0
2025-12-14T23:54:21.929,19.1,57.7,0
2025-12-14T23:54:24.187,19.1,57.7,0
2025-12-14T23:54:26.447,19.1,57.6,0
2025-12-14T23:54:28.707,19.1,57.5,0
2025-12-14T23:54:30.967,19.1,57.6,0
2025-12-14T23:54:33.227,19.1,57.5,0
2025-12-14T23:54:35.487,19.1,57.4,0
2025-12-14T23:54:37.742,19.1,57.5,0
2025-12-14T23:54:39.999,19.1,57.7,0
2025-12-14T23:54:42.253,19.1,57.8,0
2025-12-14T23:54:44.511,19.1,57.6,0
2025-12-14T23:54:46.771,19.1,57.5,0
2025-12-14T23:54:49.025,19.1,57.7,0
2025-12-14T23:54:51.283,19.1,57.7,0
2025-12-14T23:54:53.543,19.1,57.6,0
2025-12-14T23:54:55.797,19.1,57.7,0
2025-12-14T23:54:58.052,19.1,57.8,0
2025-12-14T23:55:00.311,19.1,58.0,0
2025-12-14T23:55:02.565,19.1,58.1,0
2025-12-14T23:55:04.823,19.1,58.1,0
2025-12-14T23:55:07.083,19.1,58.0,0
2025-12-14T23:55:09.337,19.1,58.0,0
2025-12-14T23:55:11.592,19.1,58.1,0
2025-12-14T23:55:13.851,19.1,58.1,0
2025-12-14T23:55:16.105,19.1,58.2,0
2025-12-14T23:55:18.360,19.1,58.4,0
2025-12-14T23:55:20.614,19.1,58.4,0
2025-12-14T23:55:22.869,19.1,58.3,0
2025-12-14T23:55:25.127,19.1,58.2,0
2025-12-14T23:55:27.382,19.1,58.2,0
2025-12-14T23:55:29.639,19.1,58.2,0
2025-12-14T23:55:31.894,19.1,58.2,0
2025-12-14T23:55:34.148,19.1,58.2,0
2025-12-14T23:55:36.403,19.1,58.3,0
2025-12-14T23:55:38.658,19.1,58.3,0
2025-12-14T23:55:40.912,19.1,58.3,0
2025-12-14T23:55:43.167,19.1,58.3,0
2025-12-14T23:55:45.422,19.1,58.4,0
2025-12-14T23:55:47.676,19.1,58.2,0
2025-12-14T23:55:49.931,19.1,58.2,0
2025-12-14T23:55:52.186,19.1,58.0,0
2025-12-14T23:55:54.441,19.1,58.0,0
2025-12-14T23:55:56.695,19.1,58.1,0
2025-12-14T23:55:58.950,19.1,58.2,0
2025-12-14T23:56:01.205,19.1,58.3,0
2025-12-14T23:56:03.459,19.1,58.4,0
2025-12-14T23:56:05.714,19.1,58.4,0
2025-12-14T23:56:07.969,19.1,58.4,0
2025-12-14T23:56:10.223,19.1,58.5,0
2025-12-14T23:56:12.478,19.1,58.5,0
2025-12-14T23:56:14.732,19.1,58.4,0
2025-12-14T23:56:16.987,19.1,58.2,0
2025-12-14T23:56:19.241,19.1,58.1,0
2025-12-14T23:56:21.496,19.1,57.8,0
2025-12-14T23:56:23.755,19.1,57.6,0
2025-12-14T23:56:26.015,19.1,57.5,0
2025-12-14T23:56:28.275,19.1,57.4,0
2025-12-14T23:56:30.535,19.1,57.3,0
2025-12-14T23:56:32.789,19.1,57.4,0
2025-12-14T23:56:35.044,19.1,57.3,0
2025-12-14T23:56:37.303,19.1,57.2,0
2025-12-14T23:56:39.563,19.1,57.0,0
2025-12-14T23:56:41.818,19.1,56.8,0
2025-12-14T23:56:44.072,19.1,56.7,0
2025-12-14T23:56:46.327,,,0
2025-12-14T23:56:48.582,19.1,56.9,0
2025-12-14T23:56:50.837,19.1,56.8,0
2025-12-14T23:56:53.092,19.1,56.6,0
2025-12-14T23:56:55.346,19.1,56.5,0
2025-12-14T23:56:57.601,19.1,56.5,0
2025-12-14T23:56:59.856,19.1,56.6,0
2025-12-14T23:57:02.111,19.1,56.6,0
2025-12-14T23:57:04.365,19.1,56.6,0
2025-12-14T23:57:06.620,19.1,56.8,0
2025-12-14T23:57:08.875,19.1,56.8,0
2025-12-14T23:57:11.130,19.1,56.6,0
2025-12-14T23:57:13.385,19.1,56.6,0
2025-12-14T23:57:15.639,19.1,56.5,0
2025-12-14T23:57:17.894,19.1,56.4,0
2025-12-14T23:57:20.149,19.1,56.5,0
2025-12-14T23:57:22.404,19.1,56.6,0
2025-12-14T23:57:24.659,19.1,56.8,0
2025-12-14T23:57:26.913,19.1,56.6,0
2025-12-14T23:57:29.168,19.1,56.5,0
2025-12-14T23:57:31.423,19.1,56.5,0
2025-12-14T23:57:33.678,19.1,56.5,0
2025-12-14T23:57:35.933,19.1,56.7,0
2025-12-14T23:57:38.187,19.1,56.9,0
2025-12-14T23:57:40.442,19.1,56.8,0
2025-12-14T23:57:42.697,19.1,56.8,0
2025-12-14T23:57:44.952,19.1,56.8,0
2025-12-14T23:57:47.207,19.1,56.9,0
2025-12-14T23:57:49.461,19.1,57.0,0
2025-12-14T23:57:51.716,19.1,56.7,0
2025-12-14T23:57:53.971,19.1,56.5,0
2025-12-14T23:57:56.225,19.1,56.6,0
2025-12-14T23:57:58.480,19.1,56.6,0
2025-12-14T23:58:00.735,19.1,56.9,0
2025-12-14T23:58:02.990,19.1,57.0,0
2025-12-14T23:58:05.245,19.1,57.1,0
2025-12-14T23:58:07.500,19.1,57.2,0
2025-12-14T23:58:09.755,19.1,57.2,0
2025-12-14T23:58:12.009,19.1,57.4,0
2025-12-14T23:58:14.264,19.1,57.3,0
2025-12-14T23:58:16.519,19.1,57.3,0
2025-12-14T23:58:18.774,19.1,57.2,0
2025-12-14T23:58:21.028,19.1,57.1,0
2025-12-14T23:58:23.283,19.1,57.2,0
2025-12-14T23:58:25.537,19.1,57.4,0
2025-12-14T23:58:27.792,19.1,57.5,0
2025-12-14T23:58:30.047,19.1,57.6,0
2025-12-14T23:58:32.302,19.1,57.5,0
2025-12-14T23:58:34.556,19.1,57.3,0
2025-12-14T23:58:36.811,19.1,57.3,0
2025-12-14T23:58:39.066,19.1,57.4,0
2025-12-14T23:58:41.320,19.1,57.4,0
2025-12-14T23:58:43.575,19.1,57.4,0
2025-12-14T23:58:45.830,19.1,57.2,0
2025-12-14T23:58:48.085,19.1,57.3,0
2025-12-14T23:58:50.339,19.1,57.2,0
2025-12-14T23:58:52.594,19.1,57.2,0
2025-12-14T23:58:54.849,19.1,57.2,0
2025-12-14T23:58:57.103,19.1,57.2,0
2025-12-14T23:58:59.358,19.1,57.3,0
2025-12-14T23:59:01.613,19.1,57.3,0
2025-12-14T23:59:03.867,19.1,57.3,0
2025-12-14T23:59:06.122,19.1,57.2,0
2025-12-14T23:59:08.377,19.1,57.1,0
2025-12-14T23:59:10.631,19.1,57.2,0
2025-12-14T23:59:12.886,19.1,57.2,0
2025-12-14T23:59:15.141,,,0
2025-12-14T23:59:17.396,19.1,57.3,0
2025-12-14T23:59:19.650,19.1,57.3,0
2025-12-14T23:59:21.905,19.1,57.2,0
2025-12-14T23:59:24.160,19.1,57.2,0
2025-12-14T23:59:26.414,19.1,57.1,0
2025-12-14T23:59:28.669,19.1,57.2,0
2025-12-14T23:59:30.924,19.1,57.4,0
2025-12-14T23:59:33.178,19.1,57.6,0
2025-12-14T23:59:35.433,19.1,57.7,0
2025-12-14T23:59:37.688,19.1,57.5,0
2025-12-14T23:59:39.943,19.1,57.4,0
2025-12-14T23:59:42.197,19.1,57.3,0
2025-12-14T23:59:44.452,19.1,57.0,0
2025-12-14T23:59:46.706,19.1,57.1,0
2025-12-14T23:59:48.961,19.1,57.1,0
2025-12-14T23:59:51.216,19.1,57.0,0
2025-12-14T23:59:53.471,19.1,57.0,0
2025-12-14T23:59:55.725,19.1,57.2,0
2025-12-14T23:59:57.980,19.1,57.3,0
