timestamp,temperature_C,humidity,pir_motion,anomaly_flag,anomaly_type,anomaly_source
2025-12-11T00:00:01.683514,21.5,58.9,0,0,none,none
2025-12-11T00:00:03.937736,21.4,58.8,1,0,none,none
2025-12-11T00:00:06.192553,21.5,58.9,0,0,none,none
2025-12-11T00:00:08.447024,21.4,58.8,0,0,none,none
2025-12-11T00:00:10.701323,21.5,58.9,1,0,none,none
2025-12-11T00:00:12.956174,21.4,58.8,0,0,none,none
2025-12-11T00:00:15.210748,21.4,58.8,0,0,none,none
2025-12-11T00:00:17.465363,21.4,58.7,0,0,none,none
2025-12-11T00:00:19.720245,21.5,58.7,0,0,none,none
2025-12-11T00:00:21.974706,21.4,58.6,1,0,none,none
2025-12-11T00:00:24.228896,21.5,58.6,0,0,none,none
2025-12-11T00:00:26.483402,21.5,58.6,0,0,none,none
2025-12-11T00:00:28.737980,21.5,58.6,0,0,none,none
2025-12-11T00:00:30.992506,21.5,58.6,0,0,none,none
2025-12-11T00:00:33.247257,21.4,58.5,0,0,none,none
2025-12-11T00:00:35.501904,21.4,58.4,0,0,none,none
2025-12-11T00:00:37.756363,21.5,58.5,1,0,none,none
2025-12-11T00:00:40.010742,21.5,58.5,0,0,none,none
2025-12-11T00:00:42.265204,21.5,58.4,0,0,none,none
2025-12-11T00:00:44.519214,21.5,58.4,0,0,none,none
2025-12-11T00:00:46.773980,21.4,58.3,0,0,none,none
2025-12-11T00:00:49.028418,21.5,58.4,0,0,none,none
2025-12-11T00:00:51.283077,21.5,58.4,0,0,none,none
2025-12-11T00:00:53.537850,21.4,58.3,0,0,none,none
2025-12-11T00:00:55.792093,21.4,58.4,0,0,none,none
2025-12-11T00:00:58.046666,21.5,58.5,0,0,none,none
2025-12-11T00:01:00.301485,21.5,58.5,0,0,none,none
2025-12-11T00:01:02.556145,21.5,58.5,0,0,none,none
2025-12-11T00:01:04.810673,21.4,58.5,0,0,none,none
2025-12-11T00:01:07.065367,21.5,58.6,0,0,none,none
2025-12-11T00:01:09.320185,21.4,58.5,0,0,none,none
2025-12-11T00:01:11.574729,21.4,58.5,0,0,none,none
2025-12-11T00:01:13.829382,21.5,58.6,0,0,none,none
2025-12-11T00:01:16.083989,21.4,58.6,0,0,none,none
2025-12-11T00:01:18.338621,21.5,58.7,0,0,none,none
2025-12-11T00:01:20.593426,21.5,58.8,0,0,none,none
2025-12-11T00:01:22.847619,21.4,58.7,0,0,none,none
2025-12-11T00:01:25.102176,21.4,58.7,0,0,none,none
2025-12-11T00:01:27.356500,21.5,58.8,0,0,none,none
2025-12-11T00:01:29.612427,21.5,58.8,0,0,none,none
2025-12-11T00:01:31.866751,21.5,58.8,0,0,none,none
2025-12-11T00:01:34.121471,21.5,58.8,0,0,none,none
2025-12-11T00:01:36.376194,21.5,58.8,0,0,none,none
2025-12-11T00:01:38.630750,21.4,58.8,0,0,none,none
2025-12-11T00:01:40.885286,21.4,58.8,0,0,none,none
2025-12-11T00:01:43.139641,21.4,58.8,0,0,none,none
2025-12-11T00:01:45.394450,21.5,58.9,0,0,none,none
2025-12-11T00:01:47.649062,21.4,58.8,0,0,none,none
2025-12-11T00:01:49.903594,21.4,58.9,0,0,none,none
2025-12-11T00:01:52.158315,21.4,58.8,0,0,none,none
2025-12-11T00:01:54.412538,21.4,58.9,1,0,none,none
2025-12-11T00:01:56.666660,21.5,59.0,0,0,none,none
2025-12-11T00:01:58.921425,21.4,58.9,0,0,none,none
2025-12-11T00:02:01.177286,21.5,58.9,0,0,none,none
2025-12-11T00:02:03.431773,21.4,58.9,0,0,none,none
2025-12-11T00:02:05.686495,21.5,58.9,0,0,none,none
2025-12-11T00:02:07.940881,21.5,58.9,0,0,none,none
2025-12-11T00:02:10.194986,21.5,58.9,0,0,none,none
2025-12-11T00:02:12.449457,21.4,58.9,0,0,none,none
2025-12-11T00:02:14.704113,21.5,59.0,0,0,none,none
2025-12-11T00:02:16.958660,21.5,58.9,0,0,none,none
2025-12-11T00:02:19.215344,21.4,58.9,0,0,none,none
2025-12-11T00:02:21.470051,21.5,58.9,0,0,none,none
2025-12-11T00:02:23.724479,21.4,58.9,0,0,none,none
2025-12-11T00:02:25.978807,21.4,58.9,1,0,none,none
2025-12-11T00:02:28.233421,21.5,58.9,0,0,none,none
2025-12-11T00:02:30.488106,21.5,58.9,0,0,none,none
2025-12-11T00:02:32.742852,21.4,58.8,0,0,none,none
2025-12-11T00:02:34.997462,21.5,58.9,0,0,none,none
2025-12-11T00:02:37.251999,21.5,58.9,0,0,none,none
2025-12-11T00:02:39.506395,21.5,58.9,0,0,none,none
2025-12-11T00:02:41.761021,21.5,59.0,0,0,none,none
2025-12-11T00:02:44.015209,21.4,58.9,0,0,none,none
2025-12-11T00:02:46.269950,21.5,59.0,0,0,none,none
2025-12-11T00:02:48.524630,21.4,58.9,0,0,none,none
2025-12-11T00:02:50.779209,21.5,59.0,0,0,none,none
2025-12-11T00:02:53.033914,21.4,58.9,0,0,none,none
2025-12-11T00:02:55.288561,21.5,58.9,0,0,none,none
2025-12-11T00:02:57.543154,21.5,58.9,1,0,none,none
2025-12-11T00:02:59.797852,21.5,58.9,0,0,none,none
2025-12-11T00:03:02.052327,21.4,58.8,0,0,none,none
2025-12-11T00:03:04.306851,21.4,58.8,0,0,none,none
2025-12-11T00:03:06.561478,21.5,58.9,0,0,none,none
2025-12-11T00:03:08.816064,21.5,58.9,1,0,none,none
2025-12-11T00:03:11.070571,21.5,58.8,0,0,none,none
2025-12-11T00:03:13.325284,21.5,58.9,0,0,none,none
2025-12-11T00:03:15.579775,21.5,58.9,0,0,none,none
2025-12-11T00:03:17.834247,21.4,58.8,0,0,none,none
2025-12-11T00:03:20.088899,21.5,58.9,0,0,none,none
2025-12-11T00:03:22.343524,21.5,58.9,0,0,none,none
2025-12-11T00:03:24.597780,21.5,58.9,0,0,none,none
2025-12-11T00:03:26.852573,21.5,58.9,0,0,none,none
2025-12-11T00:03:29.107210,21.5,58.9,0,0,none,none
2025-12-11T00:03:31.361264,21.5,58.9,0,0,none,none
2025-12-11T00:03:33.615588,21.5,58.9,0,0,none,none
2025-12-11T00:03:35.870198,21.5,58.9,0,0,none,none
2025-12-11T00:03:38.124696,21.5,58.9,0,0,none,none
2025-12-11T00:03:40.379563,21.5,58.9,0,0,none,none
2025-12-11T00:03:42.634129,21.5,58.9,0,0,none,none
2025-12-11T00:03:44.888613,21.5,58.9,0,0,none,none
2025-12-11T00:03:47.143363,21.4,58.8,0,0,none,none
2025-12-11T00:03:49.397977,21.5,58.9,0,0,none,none
2025-12-11T00:03:51.652474,21.5,58.8,0,0,none,none
2025-12-11T00:03:53.907223,21.5,58.9,0,0,none,none
2025-12-11T00:03:56.161848,21.5,58.9,0,0,none,none
2025-12-11T00:03:58.416445,21.5,58.8,0,0,none,none
2025-12-11T00:04:00.670676,21.5,58.9,0,0,none,none
2025-12-11T00:04:02.925164,21.5,58.9,0,0,none,none
2025-12-11T00:04:05.179712,21.5,58.9,0,0,none,none
2025-12-11T00:04:07.434330,21.5,58.8,0,0,none,none
2025-12-11T00:04:09.688850,21.4,58.8,0,0,none,none
2025-12-11T00:04:11.943264,21.4,58.8,0,0,none,none
2025-12-11T00:04:14.197964,21.5,58.9,0,0,none,none
2025-12-11T00:04:16.452576,21.5,58.9,0,0,none,none
2025-12-11T00:04:18.707060,21.4,58.8,0,0,none,none
2025-12-11T00:04:20.961811,21.5,58.9,0,0,none,none
2025-12-11T00:04:23.216308,21.5,58.9,0,0,none,none
2025-12-11T00:04:25.470494,21.4,58.8,0,0,none,none
2025-12-11T00:04:27.724882,21.4,58.8,0,0,none,none
2025-12-11T00:04:29.979481,21.5,58.9,0,0,none,none
2025-12-11T00:04:32.233743,21.4,58.8,0,0,none,none
2025-12-11T00:04:34.488127,21.5,58.8,0,0,none,none
2025-12-11T00:04:36.742662,21.5,58.8,0,0,none,none
2025-12-11T00:04:38.997187,21.5,58.8,0,0,none,none
2025-12-11T00:04:41.251924,21.5,58.8,0,0,none,none
2025-12-11T00:04:43.506586,21.4,58.8,0,0,none,none
2025-12-11T00:04:45.761141,21.5,58.8,0,0,none,none
2025-12-11T00:04:48.015843,21.5,58.8,0,0,none,none
2025-12-11T00:04:50.270363,21.5,58.8,0,0,none,none
2025-12-11T00:04:52.524800,21.5,58.8,0,0,none,none
2025-12-11T00:04:54.779555,21.5,58.8,0,0,none,none
2025-12-11T00:04:57.034115,21.5,58.7,0,0,none,none
2025-12-11T00:04:59.288675,21.4,58.6,0,0,none,none
2025-12-11T00:05:01.543356,21.4,58.6,0,0,none,none
2025-12-11T00:05:03.797894,21.5,58.8,0,0,none,none
2025-12-11T00:05:06.052390,21.5,58.7,0,0,none,none
2025-12-11T00:05:08.307132,21.4,58.7,0,0,none,none
2025-12-11T00:05:10.561282,21.5,58.7,0,0,none,none
2025-12-11T00:05:12.815733,21.4,58.7,0,0,none,none
2025-12-11T00:05:15.070416,21.5,58.8,0,0,none,none
2025-12-11T00:05:17.325115,21.5,58.8,0,0,none,none
2025-12-11T00:05:19.579610,21.5,58.8,0,0,none,none
2025-12-11T00:05:21.834248,21.4,58.7,0,0,none,none
2025-12-11T00:05:24.088830,21.4,58.7,0,0,none,none
2025-12-11T00:05:26.343372,21.5,58.8,0,0,none,none
2025-12-11T00:05:28.598022,21.5,58.8,0,0,none,none
2025-12-11T00:05:30.852568,21.5,58.8,0,0,none,none
2025-12-11T00:05:33.106856,21.5,58.8,0,0,none,none
2025-12-11T00:05:35.361099,21.5,58.8,0,0,none,none
2025-12-11T00:05:37.615680,21.5,58.8,0,0,none,none
2025-12-11T00:05:39.869961,21.4,58.7,1,0,none,none
2025-12-11T00:05:42.124653,21.5,58.7,0,0,none,none
2025-12-11T00:05:44.379366,21.4,58.6,0,0,none,none
2025-12-11T00:05:46.633833,21.5,58.7,0,0,none,none
2025-12-11T00:05:48.888592,21.5,58.6,0,0,none,none
2025-12-11T00:05:51.143237,21.5,58.6,0,0,none,none
2025-12-11T00:05:53.397628,21.5,58.6,0,0,none,none
2025-12-11T00:05:55.652480,21.5,58.6,0,0,none,none
2025-12-11T00:05:57.907125,21.5,58.6,0,0,none,none
2025-12-11T00:06:00.161671,,,0,0,none,none
2025-12-11T00:06:02.416399,21.4,58.5,0,0,none,none
2025-12-11T00:06:04.671045,21.4,58.5,0,0,none,none
2025-12-11T00:06:06.925613,21.4,58.5,0,0,none,none
2025-12-11T00:06:09.180446,21.5,58.5,0,0,none,none
2025-12-11T00:06:11.435173,21.4,58.5,0,0,none,none
2025-12-11T00:06:13.689739,21.5,58.5,0,0,none,none
2025-12-11T00:06:15.944577,21.4,58.4,0,0,none,none
2025-12-11T00:06:18.199231,21.5,58.5,0,0,none,none
2025-12-11T00:06:20.453910,21.5,58.5,0,0,none,none
2025-12-11T00:06:22.708636,21.5,58.5,0,0,none,none
2025-12-11T00:06:24.963272,21.4,58.4,0,0,none,none
2025-12-11T00:06:27.217738,21.5,58.5,0,0,none,none
2025-12-11T00:06:29.472254,21.4,58.5,0,0,none,none
2025-12-11T00:06:31.726775,21.5,58.5,0,0,none,none
2025-12-11T00:06:33.980876,21.4,58.5,0,0,none,none
2025-12-11T00:06:36.235413,21.5,58.5,0,0,none,none
2025-12-11T00:06:38.489864,21.5,58.5,0,0,none,none
2025-12-11T00:06:40.744356,21.5,58.5,0,0,none,none
2025-12-11T00:06:42.999040,21.5,58.5,0,0,none,none
2025-12-11T00:06:45.253508,21.5,58.5,0,0,none,none
2025-12-11T00:06:47.508095,21.4,58.4,0,0,none,none
2025-12-11T00:06:49.762737,21.5,58.5,0,0,none,none
2025-12-11T00:06:52.019389,21.4,58.4,0,0,none,none
2025-12-11T00:06:54.273821,21.5,58.5,0,0,none,none
2025-12-11T00:06:56.528679,21.4,58.4,0,0,none,none
2025-12-11T00:06:58.783271,21.4,58.4,0,0,none,none
2025-12-11T00:07:01.037477,21.5,58.4,0,0,none,none
2025-12-11T00:07:03.292166,21.4,58.3,0,0,none,none
2025-12-11T00:07:05.546728,21.5,58.3,0,0,none,none
2025-12-11T00:07:07.801175,21.4,58.3,0,0,none,none
2025-12-11T00:07:10.056023,21.4,58.2,0,0,none,none
2025-12-11T00:07:12.310722,21.5,58.3,0,0,none,none
2025-12-11T00:07:14.564933,21.5,58.3,0,0,none,none
2025-12-11T00:07:16.819273,21.5,58.2,1,0,none,none
2025-12-11T00:07:19.073841,21.4,58.2,0,0,none,none
2025-12-11T00:07:21.328429,21.4,58.1,0,0,none,none
2025-12-11T00:07:23.583139,21.4,58.1,0,0,none,none
2025-12-11T00:07:25.837639,21.4,58.1,0,0,none,none
2025-12-11T00:07:28.092137,21.5,58.2,0,0,none,none
2025-12-11T00:07:30.346954,21.5,58.2,0,0,none,none
2025-12-11T00:07:32.601575,21.5,58.2,0,0,none,none
2025-12-11T00:07:34.855795,21.5,58.2,0,0,none,none
2025-12-11T00:07:37.110545,21.4,58.1,0,0,none,none
2025-12-11T00:07:39.364891,21.4,58.1,0,0,none,none
2025-12-11T00:07:41.619349,21.4,58.1,0,0,none,none
2025-12-11T00:07:43.873772,21.4,58.2,0,0,none,none
2025-12-11T00:07:46.128393,21.4,58.2,1,0,none,none
2025-12-11T00:07:48.382773,21.5,58.3,0,0,none,none
2025-12-11T00:07:50.637517,21.5,58.3,0,0,none,none
2025-12-11T00:07:52.892152,21.4,58.3,0,0,none,none
2025-12-11T00:07:55.146706,21.5,58.3,0,0,none,none
2025-12-11T00:07:57.401608,21.4,58.3,0,0,none,none
2025-12-11T00:07:59.656257,21.4,58.4,0,0,none,none
2025-12-11T00:08:01.910723,21.4,58.3,0,0,none,none
2025-12-11T00:08:04.165390,21.5,58.4,0,0,none,none
2025-12-11T00:08:06.419994,21.4,58.3,0,0,none,none
2025-12-11T00:08:08.674576,21.5,58.3,0,0,none,none
2025-12-11T00:08:10.929318,21.4,58.2,0,0,none,none
2025-12-11T00:08:13.183990,21.4,58.2,0,0,none,none
2025-12-11T00:08:15.438586,21.4,58.1,0,0,none,none
2025-12-11T00:08:17.693406,21.4,58.1,0,0,none,none
2025-12-11T00:08:19.947984,21.5,58.2,0,0,none,none
2025-12-11T00:08:22.202569,21.4,58.0,0,0,none,none
2025-12-11T00:08:24.457458,21.4,58.0,0,0,none,none
2025-12-11T00:08:26.712136,21.4,58.0,1,0,none,none
2025-12-11T00:08:28.966716,21.5,58.0,0,0,none,none
2025-12-11T00:08:31.221383,21.5,58.0,0,0,none,none
2025-12-11T00:08:33.475385,21.4,58.0,0,0,none,none
2025-12-11T00:08:35.729869,21.5,58.0,0,0,none,none
2025-12-11T00:08:37.984660,21.5,58.0,0,0,none,none
2025-12-11T00:08:40.239307,21.4,57.9,0,0,none,none
2025-12-11T00:08:42.493897,21.5,58.0,0,0,none,none
2025-12-11T00:08:44.748721,21.5,57.9,0,0,none,none
2025-12-11T00:08:47.003282,21.4,57.9,0,0,none,none
2025-12-11T00:08:49.257817,21.5,58.0,0,0,none,none
2025-12-11T00:08:51.512657,21.4,58.0,0,0,none,none
2025-12-11T00:08:53.767340,21.4,58.0,0,0,none,none
2025-12-11T00:08:56.021891,21.4,58.0,0,0,none,none
2025-12-11T00:08:58.276676,21.5,58.1,0,0,none,none
2025-12-11T00:09:00.531357,21.5,58.1,0,0,none,none
2025-12-11T00:09:02.785798,21.5,58.1,0,0,none,none
2025-12-11T00:09:05.040187,21.4,58.1,0,0,none,none
2025-12-11T00:09:07.294877,21.5,58.2,0,0,none,none
2025-12-11T00:09:09.549413,21.4,58.1,0,0,none,none
2025-12-11T00:09:11.804246,21.5,58.2,0,0,none,none
2025-12-11T00:09:14.058808,21.5,58.2,0,0,none,none
2025-12-11T00:09:16.313440,21.4,58.2,0,0,none,none
2025-12-11T00:09:18.568292,21.4,58.2,0,0,none,none
2025-12-11T00:09:20.822927,21.4,58.1,0,0,none,none
2025-12-11T00:09:23.077502,21.4,58.2,0,0,none,none
2025-12-11T00:09:25.332427,21.4,58.2,0,0,none,none
2025-12-11T00:09:27.587059,21.5,58.2,0,0,none,none
2025-12-11T00:09:29.841343,21.4,58.2,0,0,none,none
2025-12-11T00:09:32.096223,21.5,58.2,0,0,none,none
2025-12-11T00:09:34.352937,21.4,58.1,0,0,none,none
2025-12-11T00:09:36.607558,21.5,58.2,0,0,none,none
2025-12-11T00:09:38.862344,21.4,58.1,0,0,none,none
2025-12-11T00:09:41.117018,21.4,58.1,0,0,none,none
2025-12-11T00:09:43.371641,21.4,58.1,0,0,none,none
2025-12-11T00:09:45.626421,21.5,58.2,0,0,none,none
2025-12-11T00:09:47.881026,21.4,58.1,0,0,none,none
2025-12-11T00:09:50.135634,21.4,58.0,0,0,none,none
2025-12-11T00:09:52.390469,21.4,58.0,0,0,none,none
2025-12-11T00:09:54.645105,21.5,58.1,0,0,none,none
2025-12-11T00:09:56.899285,21.4,58.0,0,0,none,none
2025-12-11T00:09:59.153839,21.4,58.0,0,0,none,none
2025-12-11T00:10:01.408299,21.4,58.0,0,0,none,none
2025-12-11T00:10:03.743706,21.5,58.0,0,0,none,none
2025-12-11T00:10:06.079323,21.4,58.0,0,0,none,none
2025-12-11T00:10:08.417201,21.5,58.0,0,0,none,none
2025-12-11T00:10:10.752617,21.5,58.0,0,0,none,none
2025-12-11T00:10:13.010778,21.4,57.9,0,0,none,none
2025-12-11T00:10:15.267528,21.5,57.9,0,0,none,none
2025-12-11T00:10:17.522100,21.5,57.9,0,0,none,none
2025-12-11T00:10:19.776909,21.4,57.8,0,0,none,none
2025-12-11T00:10:22.031417,21.5,57.9,0,0,none,none
2025-12-11T00:10:24.285854,21.5,57.9,0,0,none,none
2025-12-11T00:10:26.540462,21.4,57.8,0,0,none,none
2025-12-11T00:10:28.795053,21.4,57.8,0,0,none,none
2025-12-11T00:10:31.049658,21.4,57.8,0,0,none,none
2025-12-11T00:10:33.304480,21.5,57.9,0,0,none,none
2025-12-11T00:10:35.558718,21.4,57.8,0,0,none,none
2025-12-11T00:10:37.813257,21.5,57.9,0,0,none,none
2025-12-11T00:10:40.068006,21.4,57.8,0,0,none,none
2025-12-11T00:10:42.322758,21.4,57.8,0,0,none,none
2025-12-11T00:10:44.577374,21.4,57.7,0,0,none,none
2025-12-11T00:10:46.832259,21.4,57.7,0,0,none,none
2025-12-11T00:10:49.086783,21.4,57.7,0,0,none,none
2025-12-11T00:10:51.341319,21.4,57.7,0,0,none,none
2025-12-11T00:10:53.595994,21.4,57.7,0,0,none,none
2025-12-11T00:10:55.850218,21.4,57.7,0,0,none,none
2025-12-11T00:10:58.104664,21.4,57.7,0,0,none,none
2025-12-11T00:11:00.358907,21.4,57.7,0,0,none,none
2025-12-11T00:11:02.613441,21.4,57.7,0,0,none,none
2025-12-11T00:11:04.867970,21.4,57.7,0,0,none,none
2025-12-11T00:11:07.122719,21.4,57.7,0,0,none,none
2025-12-11T00:11:09.377455,21.4,57.7,0,0,none,none
2025-12-11T00:11:11.632085,21.4,57.8,0,0,none,none
2025-12-11T00:11:13.886904,21.4,57.8,0,0,none,none
2025-12-11T00:11:16.141552,21.4,57.8,0,0,none,none
2025-12-11T00:11:18.395977,21.4,57.8,0,0,none,none
2025-12-11T00:11:20.654471,21.4,57.9,0,0,none,none
2025-12-11T00:11:22.908788,21.4,57.9,0,0,none,none
2025-12-11T00:11:25.163397,21.4,57.9,0,0,none,none
2025-12-11T00:11:27.418212,21.4,57.9,0,0,none,none
2025-12-11T00:11:29.672720,21.4,57.9,0,0,none,none
2025-12-11T00:11:31.927285,21.4,57.9,0,0,none,none
2025-12-11T00:11:34.181761,21.4,57.9,0,0,none,none
2025-12-11T00:11:36.436307,21.4,57.9,0,0,none,none
2025-12-11T00:11:38.690691,21.4,57.9,0,0,none,none
2025-12-11T00:11:40.945421,21.4,57.9,0,0,none,none
2025-12-11T00:11:43.200110,21.5,58.0,0,0,none,none
2025-12-11T00:11:45.454793,21.4,57.9,0,0,none,none
2025-12-11T00:11:47.709003,21.5,58.0,0,0,none,none
2025-12-11T00:11:49.963665,21.5,58.0,0,0,none,none
2025-12-11T00:11:52.218303,21.5,58.0,0,0,none,none
2025-12-11T00:11:54.472798,21.4,57.9,0,0,none,none
2025-12-11T00:11:56.727284,21.5,58.0,0,0,none,none
2025-12-11T00:11:58.981734,21.4,57.9,0,0,none,none
2025-12-11T00:12:01.236515,21.5,57.9,0,0,none,none
2025-12-11T00:12:03.491202,21.4,57.9,0,0,none,none
2025-12-11T00:12:05.745721,21.4,57.9,0,0,none,none
2025-12-11T00:12:08.000306,21.4,57.9,0,0,none,none
2025-12-11T00:12:10.336026,21.5,58.0,0,0,none,none
2025-12-11T00:12:12.671507,21.5,58.0,0,0,none,none
2025-12-11T00:12:14.934520,21.5,58.0,0,0,none,none
2025-12-11T00:12:17.189175,21.5,58.0,0,0,none,none
2025-12-11T00:12:19.443844,21.4,57.9,0,0,none,none
2025-12-11T00:12:21.698229,21.4,57.9,0,0,none,none
2025-12-11T00:12:23.952694,21.4,57.9,0,0,none,none
2025-12-11T00:12:26.206832,21.5,57.9,0,0,none,none
2025-12-11T00:12:28.461671,21.4,57.8,0,0,none,none
2025-12-11T00:12:30.716424,21.4,57.8,0,0,none,none
2025-12-11T00:12:32.970816,21.5,57.9,0,0,none,none
2025-12-11T00:12:35.225277,21.4,57.8,0,0,none,none
2025-12-11T00:12:37.480015,21.4,57.8,0,0,none,none
2025-12-11T00:12:39.734574,21.4,57.8,0,0,none,none
2025-12-11T00:12:41.989275,21.4,57.8,0,0,none,none
2025-12-11T00:12:44.243927,21.4,57.7,0,0,none,none
2025-12-11T00:12:46.498578,21.4,57.7,0,0,none,none
2025-12-11T00:12:48.752980,21.4,57.7,0,0,none,none
2025-12-11T00:12:51.007669,21.5,57.7,0,0,none,none
2025-12-11T00:12:53.262113,21.5,57.7,0,0,none,none
2025-12-11T00:12:55.516952,21.4,57.6,0,0,none,none
2025-12-11T00:12:57.771636,21.5,57.7,0,0,none,none
2025-12-11T00:13:00.025970,21.4,57.6,0,0,none,none
2025-12-11T00:13:02.280587,21.4,57.6,0,0,none,none
2025-12-11T00:13:04.535294,21.4,57.6,0,0,none,none
2025-12-11T00:13:06.789708,21.4,57.6,0,0,none,none
2025-12-11T00:13:09.044541,21.5,57.6,0,0,none,none
2025-12-11T00:13:11.299163,21.4,57.6,0,0,none,none
2025-12-11T00:13:13.553365,21.4,57.6,0,0,none,none
2025-12-11T00:13:15.807586,21.5,57.7,0,0,none,none
2025-12-11T00:13:18.062173,21.4,57.6,0,0,none,none
2025-12-11T00:13:20.316371,21.5,57.6,0,0,none,none
2025-12-11T00:13:22.570623,21.4,57.6,0,0,none,none
2025-12-11T00:13:24.824934,21.4,57.6,0,0,none,none
2025-12-11T00:13:27.079363,21.4,57.6,0,0,none,none
2025-12-11T00:13:29.333996,21.4,57.6,0,0,none,none
2025-12-11T00:13:31.588607,21.5,57.7,0,0,none,none
2025-12-11T00:13:33.842603,21.4,57.6,1,0,none,none
2025-12-11T00:13:36.097090,21.4,57.6,0,0,none,none
2025-12-11T00:13:38.351832,21.4,57.6,0,0,none,none
2025-12-11T00:13:40.606371,21.4,57.5,0,0,none,none
2025-12-11T00:13:42.860610,21.4,57.5,0,0,none,none
2025-12-11T00:13:45.115256,21.4,57.5,0,0,none,none
2025-12-11T00:13:47.369683,21.4,57.5,0,0,none,none
2025-12-11T00:13:49.624090,21.4,57.5,0,0,none,none
2025-12-11T00:13:51.878684,21.4,57.5,0,0,none,none
2025-12-11T00:13:54.132966,21.4,57.5,0,0,none,none
2025-12-11T00:13:56.387801,21.5,57.6,0,0,none,none
2025-12-11T00:13:58.642126,21.5,57.6,0,0,none,none
2025-12-11T00:14:00.896608,21.5,57.5,0,0,none,none
2025-12-11T00:14:03.151213,21.4,57.5,0,0,none,none
2025-12-11T00:14:05.474316,21.4,57.5,0,0,none,none
2025-12-11T00:14:07.728849,21.4,57.5,0,0,none,none
2025-12-11T00:14:09.983500,21.4,57.5,0,0,none,none
2025-12-11T00:14:12.237826,21.4,57.5,0,0,none,none
2025-12-11T00:14:14.491775,21.5,57.6,0,0,none,none
2025-12-11T00:14:16.746303,21.4,57.5,0,0,none,none
2025-12-11T00:14:19.000694,21.5,57.5,0,0,none,none
2025-12-11T00:14:21.255192,21.4,57.5,0,0,none,none
2025-12-11T00:14:23.509952,21.5,57.5,0,0,none,none
2025-12-11T00:14:25.764581,21.4,57.5,0,0,none,none
2025-12-11T00:14:28.019109,21.4,57.5,0,0,none,none
2025-12-11T00:14:30.273352,21.5,57.6,0,0,none,none
2025-12-11T00:14:32.527793,21.5,57.6,0,0,none,none
2025-12-11T00:14:34.782183,21.4,57.5,0,0,none,none
2025-12-11T00:14:37.036908,21.4,57.5,0,0,none,none
2025-12-11T00:14:39.291647,21.4,57.5,0,0,none,none
2025-12-11T00:14:41.546147,21.4,57.5,0,0,none,none
2025-12-11T00:14:43.800910,21.5,57.6,0,0,none,none
2025-12-11T00:14:46.055387,21.5,57.6,0,0,none,none
2025-12-11T00:14:48.309566,21.4,57.5,0,0,none,none
2025-12-11T00:14:50.564338,21.4,57.5,0,0,none,none
2025-12-11T00:14:52.818919,21.4,57.5,1,0,none,none
2025-12-11T00:14:55.072862,21.4,57.5,0,0,none,none
2025-12-11T00:14:57.327080,21.4,57.5,0,0,none,none
2025-12-11T00:14:59.581710,21.4,57.5,1,0,none,none
2025-12-11T00:15:01.835918,21.4,57.5,0,0,none,none
2025-12-11T00:15:04.090856,21.4,57.5,1,0,none,none
2025-12-11T00:15:06.345570,21.4,57.5,0,0,none,none
2025-12-11T00:15:08.600239,21.4,57.5,0,0,none,none
2025-12-11T00:15:10.854748,21.4,57.5,0,0,none,none
2025-12-11T00:15:13.109407,21.4,57.5,0,0,none,none
2025-12-11T00:15:15.363377,21.5,57.5,1,0,none,none
2025-12-11T00:15:17.617642,21.4,57.5,0,0,none,none
2025-12-11T00:15:19.872350,21.5,57.5,1,0,none,none
2025-12-11T00:15:22.126962,21.5,57.5,0,0,none,none
2025-12-11T00:15:24.381878,21.4,57.5,0,0,none,none
2025-12-11T00:15:26.636490,21.4,57.5,0,0,none,none
2025-12-11T00:15:28.891072,21.4,57.5,0,0,none,none
2025-12-11T00:15:31.145729,21.5,57.5,0,0,none,none
2025-12-11T00:15:33.400463,21.5,57.5,0,0,none,none
2025-12-11T00:15:35.655044,21.4,57.5,0,0,none,none
2025-12-11T00:15:37.909838,21.4,57.5,0,0,none,none
2025-12-11T00:15:40.166639,21.4,57.5,0,0,none,none
2025-12-11T00:15:42.421085,21.5,57.5,0,0,none,none
2025-12-11T00:15:44.675868,21.4,57.5,0,0,none,none
2025-12-11T00:15:46.930221,21.4,57.5,0,0,none,none
2025-12-11T00:15:49.184755,21.5,57.6,0,0,none,none
2025-12-11T00:15:51.439501,21.4,57.6,0,0,none,none
2025-12-11T00:15:53.693921,21.4,57.6,0,0,none,none
2025-12-11T00:15:55.948491,21.4,57.7,0,0,none,none
2025-12-11T00:15:58.202771,21.4,57.7,0,0,none,none
2025-12-11T00:16:00.457464,21.4,57.7,0,0,none,none
2025-12-11T00:16:02.712102,21.5,57.8,0,0,none,none
2025-12-11T00:16:04.966873,21.4,57.8,0,0,none,none
2025-12-11T00:16:07.221428,21.4,57.8,0,0,none,none
2025-12-11T00:16:09.475459,21.4,57.8,0,0,none,none
2025-12-11T00:16:11.729717,21.4,57.8,0,0,none,none
2025-12-11T00:16:13.984385,21.4,57.8,0,0,none,none
2025-12-11T00:16:16.238971,21.4,57.7,0,0,none,none
2025-12-11T00:16:18.493484,21.4,57.7,0,0,none,none
2025-12-11T00:16:20.748108,21.4,57.7,0,0,none,none
2025-12-11T00:16:23.083505,21.4,57.7,0,0,none,none
2025-12-11T00:16:25.419200,21.4,57.7,0,0,none,none
2025-12-11T00:16:27.754807,21.5,57.8,0,0,none,none
2025-12-11T00:16:30.090278,21.4,57.7,0,0,none,none
2025-12-11T00:16:32.344652,21.4,57.7,1,0,none,none
2025-12-11T00:16:34.600375,21.5,57.8,0,0,none,none
2025-12-11T00:16:36.854436,21.5,57.8,0,0,none,none
2025-12-11T00:16:39.108961,21.5,57.9,0,0,none,none
2025-12-11T00:16:41.363577,21.4,57.8,0,0,none,none
2025-12-11T00:16:43.618166,21.4,57.7,0,0,none,none
2025-12-11T00:16:45.872829,21.4,57.7,0,0,none,none
2025-12-11T00:16:48.127086,21.4,57.7,0,0,none,none
2025-12-11T00:16:50.381710,21.4,57.7,0,0,none,none
2025-12-11T00:16:52.635955,21.4,57.7,0,0,none,none
2025-12-11T00:16:54.890555,21.5,57.7,0,0,none,none
2025-12-11T00:16:57.144710,21.4,57.7,0,0,none,none
2025-12-11T00:16:59.399251,21.5,57.7,0,0,none,none
2025-12-11T00:17:01.653760,21.4,57.6,0,0,none,none
2025-12-11T00:17:03.908085,21.4,57.6,0,0,none,none
2025-12-11T00:17:06.162905,21.5,57.6,0,0,none,none
2025-12-11T00:17:08.417386,21.4,57.5,0,0,none,none
2025-12-11T00:17:10.671973,21.5,57.6,0,0,none,none
2025-12-11T00:17:12.926733,21.5,57.6,0,0,none,none
2025-12-11T00:17:15.181097,21.4,57.5,0,0,none,none
2025-12-11T00:17:17.435643,21.4,57.5,0,0,none,none
2025-12-11T00:17:19.690264,21.4,57.5,0,0,none,none
2025-12-11T00:17:21.944799,21.4,57.5,0,0,none,none
2025-12-11T00:17:24.199273,21.4,57.5,0,0,none,none
2025-12-11T00:17:26.454020,21.5,57.5,0,0,none,none
2025-12-11T00:17:28.708658,21.4,57.5,0,0,none,none
2025-12-11T00:17:30.963221,21.4,57.5,0,0,none,none
2025-12-11T00:17:33.217994,21.5,57.6,0,0,none,none
2025-12-11T00:17:35.472686,21.4,57.5,0,0,none,none
2025-12-11T00:17:37.727199,21.4,57.6,0,0,none,none
2025-12-11T00:17:39.981879,21.4,57.5,0,0,none,none
2025-12-11T00:17:42.236491,21.4,57.6,0,0,none,none
2025-12-11T00:17:44.490828,21.4,57.6,0,0,none,none
2025-12-11T00:17:46.745613,21.4,57.6,0,0,none,none
2025-12-11T00:17:49.002336,21.4,57.6,0,0,none,none
2025-12-11T00:17:51.256788,21.4,57.7,0,0,none,none
2025-12-11T00:17:53.511484,21.5,57.7,0,0,none,none
2025-12-11T00:17:55.766119,21.4,57.7,0,0,none,none
2025-12-11T00:17:58.020347,21.4,57.7,0,0,none,none
2025-12-11T00:18:00.274809,21.4,57.7,0,0,none,none
2025-12-11T00:18:02.529514,21.4,57.7,0,0,none,none
2025-12-11T00:18:04.784118,21.4,57.7,0,0,none,none
2025-12-11T00:18:07.038953,21.4,57.7,0,0,none,none
2025-12-11T00:18:09.293622,21.4,57.6,0,0,none,none
2025-12-11T00:18:11.547681,21.4,57.6,0,0,none,none
2025-12-11T00:18:13.802265,21.4,57.6,0,0,none,none
2025-12-11T00:18:16.056862,21.5,57.7,0,0,none,none
2025-12-11T00:18:18.311511,21.4,57.6,0,0,none,none
2025-12-11T00:18:20.566387,21.5,57.6,0,0,none,none
2025-12-11T00:18:22.820968,21.4,57.6,0,0,none,none
2025-12-11T00:18:25.075546,21.4,57.6,0,0,none,none
2025-12-11T00:18:27.330435,21.4,57.6,0,0,none,none
2025-12-11T00:18:29.585073,21.5,57.7,0,0,none,none
2025-12-11T00:18:31.839221,21.4,57.6,0,0,none,none
2025-12-11T00:18:34.093968,21.4,57.6,0,0,none,none
2025-12-11T00:18:36.348068,21.4,57.6,0,0,none,none
2025-12-11T00:18:38.602667,21.4,57.5,0,0,none,none
2025-12-11T00:18:40.857085,21.4,57.5,0,0,none,none
2025-12-11T00:18:43.111754,21.4,57.6,0,0,none,none
2025-12-11T00:18:45.366433,21.4,57.6,0,0,none,none
2025-12-11T00:18:47.621188,21.4,57.5,0,0,none,none
2025-12-11T00:18:49.875765,21.5,57.6,0,0,none,none
2025-12-11T00:18:52.130135,21.4,57.5,0,0,none,none
2025-12-11T00:18:54.384983,21.4,57.5,0,0,none,none
2025-12-11T00:18:56.639590,21.5,57.6,0,0,none,none
2025-12-11T00:18:58.894121,21.4,57.5,0,0,none,none
2025-12-11T00:19:01.148886,21.4,57.5,0,0,none,none
2025-12-11T00:19:03.403588,21.4,57.5,0,0,none,none
2025-12-11T00:19:05.658157,21.4,57.5,0,0,none,none
2025-12-11T00:19:07.912906,21.4,57.4,0,0,none,none
2025-12-11T00:19:10.166946,21.4,57.3,0,0,none,none
2025-12-11T00:19:12.421557,21.4,57.3,0,0,none,none
2025-12-11T00:19:14.676380,21.4,57.3,0,0,none,none
2025-12-11T00:19:16.931305,21.4,57.2,0,0,none,none
2025-12-11T00:19:19.185895,21.4,57.2,0,0,none,none
2025-12-11T00:19:21.440745,21.4,57.2,0,0,none,none
2025-12-11T00:19:23.695409,21.4,57.2,0,0,none,none
2025-12-11T00:19:25.949950,21.4,57.2,0,0,none,none
2025-12-11T00:19:28.204389,21.4,57.2,0,0,none,none
2025-12-11T00:19:30.459050,21.4,57.2,0,0,none,none
2025-12-11T00:19:32.713646,21.4,57.2,1,0,none,none
2025-12-11T00:19:34.968457,21.4,57.2,0,0,none,none
2025-12-11T00:19:37.223090,21.4,57.2,0,0,none,none
2025-12-11T00:19:39.477611,21.4,57.1,0,0,none,none
2025-12-11T00:19:41.732189,21.5,57.2,0,0,none,none
2025-12-11T00:19:43.986850,21.4,57.1,0,0,none,none
2025-12-11T00:19:46.241068,21.4,57.2,0,0,none,none
2025-12-11T00:19:48.496001,21.5,57.2,0,0,none,none
2025-12-11T00:19:50.752825,21.4,57.1,0,0,none,none
2025-12-11T00:19:53.007360,21.5,57.2,0,0,none,none
2025-12-11T00:19:55.262072,21.4,57.1,0,0,none,none
2025-12-11T00:19:57.516791,21.4,57.1,0,0,none,none
2025-12-11T00:19:59.771114,21.4,57.1,0,0,none,none
2025-12-11T00:20:02.025727,21.4,57.1,0,0,none,none
2025-12-11T00:20:04.281422,21.4,57.1,0,0,none,none
2025-12-11T00:20:06.535676,21.4,57.1,0,0,none,none
2025-12-11T00:20:08.790498,21.5,57.2,0,0,none,none
2025-12-11T00:20:11.045087,21.4,57.1,0,0,none,none
2025-12-11T00:20:13.299834,21.4,57.1,0,0,none,none
2025-12-11T00:20:15.554618,21.4,57.2,0,0,none,none
2025-12-11T00:20:17.809201,21.4,57.2,0,0,none,none
2025-12-11T00:20:20.063317,21.4,57.2,0,0,none,none
2025-12-11T00:20:22.318167,21.4,57.2,0,0,none,none
2025-12-11T00:20:24.572827,21.4,57.2,0,0,none,none
2025-12-11T00:20:26.827452,21.4,57.2,0,0,none,none
2025-12-11T00:20:29.082256,21.4,57.2,0,0,none,none
2025-12-11T00:20:31.336916,21.5,57.3,0,0,none,none
2025-12-11T00:20:33.591405,21.5,57.3,0,0,none,none
2025-12-11T00:20:35.846162,21.4,57.2,0,0,none,none
2025-12-11T00:20:38.100800,21.4,57.2,0,0,none,none
2025-12-11T00:20:40.354872,21.4,57.2,0,0,none,none
2025-12-11T00:20:42.609691,21.4,57.2,0,0,none,none
2025-12-11T00:20:44.864394,21.4,57.2,0,0,none,none
2025-12-11T00:20:47.118635,21.4,57.2,0,0,none,none
2025-12-11T00:20:49.373490,21.4,57.1,0,0,none,none
2025-12-11T00:20:51.628173,21.4,57.2,0,0,none,none
2025-12-11T00:20:53.882714,21.4,57.2,0,0,none,none
2025-12-11T00:20:56.137515,21.4,57.2,0,0,none,none
2025-12-11T00:20:58.392268,21.5,57.2,0,0,none,none
2025-12-11T00:21:00.646630,21.5,57.2,0,0,none,none
2025-12-11T00:21:02.901449,21.4,57.2,0,0,none,none
2025-12-11T00:21:05.156174,21.4,57.2,0,0,none,none
2025-12-11T00:21:07.410866,21.5,57.2,0,0,none,none
2025-12-11T00:21:09.665640,21.4,57.1,0,0,none,none
2025-12-11T00:21:11.920101,21.5,57.2,0,0,none,none
2025-12-11T00:21:14.174743,21.4,57.1,0,0,none,none
2025-12-11T00:21:16.429558,21.4,57.1,0,0,none,none
2025-12-11T00:21:18.684282,21.4,57.1,0,0,none,none
2025-12-11T00:21:20.938847,21.4,57.1,0,0,none,none
2025-12-11T00:21:23.193500,21.4,57.1,0,0,none,none
2025-12-11T00:21:25.448265,21.4,57.2,0,0,none,none
2025-12-11T00:21:27.702877,21.4,57.2,0,0,none,none
2025-12-11T00:21:29.957631,21.4,57.2,0,0,none,none
2025-12-11T00:21:32.212222,21.4,57.2,0,0,none,none
2025-12-11T00:21:34.466498,21.4,57.2,0,0,none,none
2025-12-11T00:21:36.721014,21.4,57.2,0,0,none,none
2025-12-11T00:21:38.975580,21.4,57.2,0,0,none,none
2025-12-11T00:21:41.229926,21.4,57.2,0,0,none,none
2025-12-11T00:21:43.484703,21.4,57.2,0,0,none,none
2025-12-11T00:21:45.739312,21.4,57.2,0,0,none,none
2025-12-11T00:21:47.993767,21.5,57.3,0,0,none,none
2025-12-11T00:21:50.248415,21.4,57.2,0,0,none,none
2025-12-11T00:21:52.503058,21.4,57.2,0,0,none,none
2025-12-11T00:21:54.757323,21.4,57.2,0,0,none,none
2025-12-11T00:21:57.011801,21.4,57.2,0,0,none,none
2025-12-11T00:21:59.266373,21.4,57.2,0,0,none,none
2025-12-11T00:22:01.520910,21.5,57.3,0,0,none,none
2025-12-11T00:22:03.775732,21.4,57.2,0,0,none,none
2025-12-11T00:22:06.031710,21.4,57.2,0,0,none,none
2025-12-11T00:22:08.286397,21.4,57.2,0,0,none,none
2025-12-11T00:22:10.541123,21.4,57.2,0,0,none,none
2025-12-11T00:22:12.795353,21.5,57.3,0,0,none,none
2025-12-11T00:22:15.049750,21.4,57.2,0,0,none,none
2025-12-11T00:22:17.304336,21.4,57.2,0,0,none,none
2025-12-11T00:22:19.558964,21.4,57.3,0,0,none,none
2025-12-11T00:22:21.813561,21.4,57.3,0,0,none,none
2025-12-11T00:22:24.068388,21.4,57.3,0,0,none,none
2025-12-11T00:22:26.323092,21.5,57.4,0,0,none,none
2025-12-11T00:22:28.577351,21.4,57.3,0,0,none,none
2025-12-11T00:22:30.832213,21.5,57.4,0,0,none,none
2025-12-11T00:22:33.086859,21.5,57.3,0,0,none,none
2025-12-11T00:22:35.341392,21.4,57.2,0,0,none,none
2025-12-11T00:22:37.596202,21.5,57.3,0,0,none,none
2025-12-11T00:22:39.850830,21.4,57.2,0,0,none,none
2025-12-11T00:22:42.105106,21.5,57.2,0,0,none,none
2025-12-11T00:22:44.359885,21.4,57.2,0,0,none,none
2025-12-11T00:22:46.614425,21.5,57.3,0,0,none,none
2025-12-11T00:22:48.868967,21.4,57.2,0,0,none,none
2025-12-11T00:22:51.123688,21.4,57.2,1,0,none,none
2025-12-11T00:22:53.378424,21.4,57.2,0,0,none,none
2025-12-11T00:22:55.632632,21.4,57.2,0,0,none,none
2025-12-11T00:22:57.887035,21.5,57.3,0,0,none,none
2025-12-11T00:23:00.143085,21.4,57.2,0,0,none,none
2025-12-11T00:23:02.397613,21.4,57.3,0,0,none,none
2025-12-11T00:23:04.651978,21.4,57.2,0,0,none,none
2025-12-11T00:23:06.906675,21.4,57.3,0,0,none,none
2025-12-11T00:23:09.161254,21.4,57.2,0,0,none,none
2025-12-11T00:23:11.416166,21.4,57.3,0,0,none,none
2025-12-11T00:23:13.670792,21.4,57.3,0,0,none,none
2025-12-11T00:23:15.925357,21.4,57.3,0,0,none,none
2025-12-11T00:23:18.180163,21.4,57.3,0,0,none,none
2025-12-11T00:23:20.434924,21.5,57.4,0,0,none,none
2025-12-11T00:23:22.689505,21.4,57.4,0,0,none,none
2025-12-11T00:23:24.943883,21.4,57.4,0,0,none,none
2025-12-11T00:23:27.198419,21.4,57.3,0,0,none,none
2025-12-11T00:23:29.452719,21.4,57.3,0,0,none,none
2025-12-11T00:23:31.707195,21.4,57.3,0,0,none,none
2025-12-11T00:23:33.961841,21.4,57.3,0,0,none,none
2025-12-11T00:23:36.216376,21.4,57.3,0,0,none,none
2025-12-11T00:23:38.471272,21.4,57.2,0,0,none,none
2025-12-11T00:23:40.725867,21.4,57.2,0,0,none,none
2025-12-11T00:23:42.980469,21.4,57.2,1,0,none,none
2025-12-11T00:23:45.235042,21.5,57.3,0,0,none,none
2025-12-11T00:23:47.489747,21.5,57.2,0,0,none,none
2025-12-11T00:23:49.744341,21.4,57.2,0,0,none,none
2025-12-11T00:23:51.999131,21.4,57.1,0,0,none,none
2025-12-11T00:23:54.255311,21.4,57.1,0,0,none,none
2025-12-11T00:23:56.509922,21.4,57.1,1,0,none,none
2025-12-11T00:23:58.764659,21.4,57.1,0,0,none,none
2025-12-11T00:24:01.019378,21.5,57.2,0,0,none,none
2025-12-11T00:24:03.273914,21.4,57.1,0,0,none,none
2025-12-11T00:24:05.528797,21.4,57.0,0,0,none,none
2025-12-11T00:24:07.783441,21.4,57.0,0,0,none,none
2025-12-11T00:24:10.037701,21.4,57.0,0,0,none,none
2025-12-11T00:24:12.292592,21.4,57.1,0,0,none,none
2025-12-11T00:24:14.547300,21.4,57.1,0,0,none,none
2025-12-11T00:24:16.801801,21.5,57.2,0,0,none,none
2025-12-11T00:24:19.056646,21.4,57.1,0,0,none,none
2025-12-11T00:24:21.313497,21.4,57.1,0,0,none,none
2025-12-11T00:24:23.567506,21.5,57.2,0,0,none,none
2025-12-11T00:24:25.821760,21.4,57.2,0,0,none,none
2025-12-11T00:24:28.076396,21.4,57.1,0,0,none,none
2025-12-11T00:24:30.331028,21.4,57.1,0,0,none,none
2025-12-11T00:24:32.585672,21.4,57.1,0,0,none,none
2025-12-11T00:24:34.840356,21.4,57.1,0,0,none,none
2025-12-11T00:24:37.094848,21.4,57.1,0,0,none,none
2025-12-11T00:24:39.349349,21.4,57.2,0,0,none,none
2025-12-11T00:24:41.603975,21.4,57.1,0,0,none,none
2025-12-11T00:24:43.858548,21.4,57.1,0,0,none,none
2025-12-11T00:24:46.113301,21.4,57.1,0,0,none,none
2025-12-11T00:24:48.367934,21.4,57.0,0,0,none,none
2025-12-11T00:24:50.622370,21.4,57.0,0,0,none,none
2025-12-11T00:24:52.877029,21.4,57.0,0,0,none,none
2025-12-11T00:24:55.131682,21.4,57.0,0,0,none,none
2025-12-11T00:24:57.386321,21.4,57.0,0,0,none,none
2025-12-11T00:24:59.641023,21.4,57.0,0,0,none,none
2025-12-11T00:25:01.895599,21.4,57.0,0,0,none,none
2025-12-11T00:25:04.149850,21.4,57.0,0,0,none,none
2025-12-11T00:25:06.404746,21.4,56.9,0,0,none,none
2025-12-11T00:25:08.659335,21.4,56.9,0,0,none,none
2025-12-11T00:25:10.913674,21.4,56.9,1,0,none,none
2025-12-11T00:25:13.168500,21.4,56.9,0,0,none,none
2025-12-11T00:25:15.423247,21.4,57.0,0,0,none,none
2025-12-11T00:25:17.677769,21.4,56.9,0,0,none,none
2025-12-11T00:25:19.932213,21.4,56.9,0,0,none,none
2025-12-11T00:25:22.186757,21.4,56.9,0,0,none,none
2025-12-11T00:25:24.441362,21.4,57.0,0,0,none,none
2025-12-11T00:25:26.696131,21.4,57.0,0,0,none,none
2025-12-11T00:25:28.950662,21.4,56.9,0,0,none,none
2025-12-11T00:25:31.205120,21.4,56.9,0,0,none,none
2025-12-11T00:25:33.459924,21.4,56.9,0,0,none,none
2025-12-11T00:25:35.714577,21.4,56.9,0,0,none,none
2025-12-11T00:25:37.969026,21.4,56.9,0,0,none,none
2025-12-11T00:25:40.223732,21.5,57.0,0,0,none,none
2025-12-11T00:25:42.478415,21.4,57.0,0,0,none,none
2025-12-11T00:25:44.732435,21.4,57.0,0,0,none,none
2025-12-11T00:25:46.986790,21.5,57.0,0,0,none,none
2025-12-11T00:25:49.241318,21.4,56.9,0,0,none,none
2025-12-11T00:25:51.495920,21.4,56.9,0,0,none,none
2025-12-11T00:25:53.750647,21.4,57.0,0,0,none,none
2025-12-11T00:25:56.005270,21.4,57.0,0,0,none,none
2025-12-11T00:25:58.259865,21.4,57.0,0,0,none,none
2025-12-11T00:26:00.514745,21.4,57.0,0,0,none,none
2025-12-11T00:26:02.769358,21.4,57.0,0,0,none,none
2025-12-11T00:26:05.023987,21.4,57.0,0,0,none,none
2025-12-11T00:26:07.279816,21.4,57.0,0,0,none,none
2025-12-11T00:26:09.534493,21.4,57.1,0,0,none,none
2025-12-11T00:26:11.788997,21.4,57.2,0,0,none,none
2025-12-11T00:26:14.043323,21.4,57.2,0,0,none,none
2025-12-11T00:26:16.298034,21.5,57.3,0,0,none,none
2025-12-11T00:26:18.552644,21.4,57.2,0,0,none,none
2025-12-11T00:26:20.807341,21.4,57.2,0,0,none,none
2025-12-11T00:26:23.061847,21.4,57.2,0,0,none,none
2025-12-11T00:26:25.316379,21.4,57.2,0,0,none,none
2025-12-11T00:26:27.570823,21.4,57.2,0,0,none,none
2025-12-11T00:26:29.825395,21.4,57.2,0,0,none,none
2025-12-11T00:26:32.079826,21.4,57.2,0,0,none,none
2025-12-11T00:26:34.334392,21.4,57.2,0,0,none,none
2025-12-11T00:26:36.589006,21.4,57.3,0,0,none,none
2025-12-11T00:26:38.843610,21.4,57.3,0,0,none,none
2025-12-11T00:26:41.098133,21.4,57.2,0,0,none,none
2025-12-11T00:26:43.352315,21.5,57.3,0,0,none,none
2025-12-11T00:26:45.606816,21.5,57.3,0,0,none,none
2025-12-11T00:26:47.861493,21.4,57.2,0,0,none,none
2025-12-11T00:26:50.116095,21.4,57.1,0,0,none,none
2025-12-11T00:26:52.370440,21.4,57.1,0,0,none,none
2025-12-11T00:26:54.624815,21.4,57.1,0,0,none,none
2025-12-11T00:26:56.879449,21.4,57.0,0,0,none,none
2025-12-11T00:26:59.133673,21.4,57.0,0,0,none,none
2025-12-11T00:27:01.388453,21.4,56.9,0,0,none,none
2025-12-11T00:27:03.643102,21.4,56.9,0,0,none,none
2025-12-11T00:27:05.897618,21.4,56.9,0,0,none,none
2025-12-11T00:27:08.152467,21.4,56.8,0,0,none,none
2025-12-11T00:27:10.406984,21.4,56.8,0,0,none,none
2025-12-11T00:27:12.661084,21.4,56.7,0,0,none,none
2025-12-11T00:27:14.915763,21.4,56.7,0,0,none,none
2025-12-11T00:27:17.169946,21.4,56.7,0,0,none,none
2025-12-11T00:27:19.424531,21.4,56.7,0,0,none,none
2025-12-11T00:27:21.679239,21.4,56.7,0,0,none,none
2025-12-11T00:27:23.933610,21.4,56.7,0,0,none,none
2025-12-11T00:27:26.188141,21.4,56.7,0,0,none,none
2025-12-11T00:27:28.442766,21.5,56.8,0,0,none,none
2025-12-11T00:27:30.699440,21.4,56.7,0,0,none,none
2025-12-11T00:27:32.953537,21.5,56.8,0,0,none,none
2025-12-11T00:27:35.207698,21.4,56.7,0,0,none,none
2025-12-11T00:27:37.461900,21.4,56.7,0,0,none,none
2025-12-11T00:27:39.716392,21.4,56.7,0,0,none,none
2025-12-11T00:27:41.970980,21.4,56.7,0,0,none,none
2025-12-11T00:27:44.225287,21.4,56.7,0,0,none,none
2025-12-11T00:27:46.479963,21.4,56.7,0,0,none,none
2025-12-11T00:27:48.734698,21.4,56.7,0,0,none,none
2025-12-11T00:27:50.991363,21.4,56.7,0,0,none,none
2025-12-11T00:27:53.245627,21.4,56.7,0,0,none,none
2025-12-11T00:27:55.500007,21.4,56.7,0,0,none,none
2025-12-11T00:27:57.754366,21.4,56.7,0,0,none,none
2025-12-11T00:28:00.008359,21.4,56.7,0,0,none,none
2025-12-11T00:28:02.262757,21.5,56.8,0,0,none,none
2025-12-11T00:28:04.517187,21.5,56.8,0,0,none,none
2025-12-11T00:28:06.771772,21.4,56.7,0,0,none,none
2025-12-11T00:28:09.026313,21.4,56.7,0,0,none,none
2025-12-11T00:28:11.280510,21.4,56.7,0,0,none,none
2025-12-11T00:28:13.534973,21.4,56.7,0,0,none,none
2025-12-11T00:28:15.789546,21.4,56.7,0,0,none,none
2025-12-11T00:28:18.044247,21.4,56.7,0,0,none,none
2025-12-11T00:28:20.298779,21.4,56.7,0,0,none,none
2025-12-11T00:28:22.552987,21.4,56.7,0,0,none,none
2025-12-11T00:28:24.807098,21.4,56.7,0,0,none,none
2025-12-11T00:28:27.061070,21.4,56.7,0,0,none,none
2025-12-11T00:28:29.315913,21.4,56.7,0,0,none,none
2025-12-11T00:28:31.570536,21.4,56.7,0,0,none,none
2025-12-11T00:28:33.824967,21.4,56.7,0,0,none,none
2025-12-11T00:28:36.079714,21.4,56.7,0,0,none,none
2025-12-11T00:28:38.334399,21.4,56.7,0,0,none,none
2025-12-11T00:28:40.588402,21.4,56.7,0,0,none,none
2025-12-11T00:28:42.843149,21.4,56.7,0,0,none,none
2025-12-11T00:28:45.097710,21.4,56.7,0,0,none,none
2025-12-11T00:28:47.351656,21.4,56.7,0,0,none,none
2025-12-11T00:28:49.606193,21.4,56.7,0,0,none,none
2025-12-11T00:28:51.862883,21.4,56.7,0,0,none,none
2025-12-11T00:28:54.117144,21.4,56.7,0,0,none,none
2025-12-11T00:28:56.371462,21.4,56.7,0,0,none,none
2025-12-11T00:28:58.625549,21.4,56.7,0,0,none,none
2025-12-11T00:29:00.880154,21.4,56.7,0,0,none,none
2025-12-11T00:29:03.134747,21.4,56.7,0,0,none,none
2025-12-11T00:29:05.388930,21.4,56.7,0,0,none,none
2025-12-11T00:29:07.642919,21.4,56.7,0,0,none,none
2025-12-11T00:29:09.897299,21.4,56.7,0,0,none,none
2025-12-11T00:29:12.151853,21.5,56.8,0,0,none,none
2025-12-11T00:29:14.406312,21.4,56.7,0,0,none,none
2025-12-11T00:29:16.660910,21.4,56.8,0,0,none,none
2025-12-11T00:29:18.915455,21.4,56.7,0,0,none,none
2025-12-11T00:29:21.169864,21.4,56.7,0,0,none,none
2025-12-11T00:29:23.424514,21.4,56.7,0,0,none,none
2025-12-11T00:29:25.678989,21.4,56.7,0,0,none,none
2025-12-11T00:29:27.933420,21.4,56.7,0,0,none,none
2025-12-11T00:29:30.188240,21.4,56.7,0,0,none,none
2025-12-11T00:29:32.444643,21.4,56.7,0,0,none,none
2025-12-11T00:29:34.698641,21.4,56.7,0,0,none,none
2025-12-11T00:29:36.952960,21.4,56.7,0,0,none,none
2025-12-11T00:29:39.207488,21.5,56.8,0,0,none,none
2025-12-11T00:29:41.461609,21.4,56.7,0,0,none,none
2025-12-11T00:29:43.715778,21.4,56.7,0,0,none,none
2025-12-11T00:29:45.970280,21.5,56.8,0,0,none,none
2025-12-11T00:29:48.224259,21.4,56.7,0,0,none,none
2025-12-11T00:29:50.478965,21.4,56.7,0,0,none,none
2025-12-11T00:29:52.733477,21.4,56.7,0,0,none,none
2025-12-11T00:29:54.988015,21.4,56.7,0,0,none,none
2025-12-11T00:29:57.242539,21.4,56.7,0,0,none,none
2025-12-11T00:29:59.496968,21.4,56.7,0,0,none,none
2025-12-11T00:30:01.751244,21.4,56.7,0,0,none,none
2025-12-11T00:30:04.005913,21.4,56.7,0,0,none,none
2025-12-11T00:30:06.260130,21.4,56.7,0,0,none,none
2025-12-11T00:30:08.514630,21.4,56.7,0,0,none,none
2025-12-11T00:30:10.769251,21.4,56.7,0,0,none,none
2025-12-11T00:30:13.023330,21.4,56.7,0,0,none,none
2025-12-11T00:30:15.277372,21.4,56.7,0,0,none,none
2025-12-11T00:30:17.531692,21.4,56.7,0,0,none,none
2025-12-11T00:30:19.786146,21.4,56.6,0,0,none,none
2025-12-11T00:30:22.040540,21.4,56.6,0,0,none,none
2025-12-11T00:30:24.295211,21.4,56.6,0,0,none,none
2025-12-11T00:30:26.549332,21.4,56.6,0,0,none,none
2025-12-11T00:30:28.803269,21.4,56.6,0,0,none,none
2025-12-11T00:30:31.057941,21.4,56.6,0,0,none,none
2025-12-11T00:30:33.312064,21.4,56.6,0,0,none,none
2025-12-11T00:30:35.566441,21.4,56.6,0,0,none,none
2025-12-11T00:30:37.820810,21.4,56.7,0,0,none,none
2025-12-11T00:30:40.075328,21.4,56.7,0,0,none,none
2025-12-11T00:30:42.329519,21.4,56.6,0,0,none,none
2025-12-11T00:30:44.584451,21.4,56.6,0,0,none,none
2025-12-11T00:30:46.838670,21.4,56.6,0,0,none,none
2025-12-11T00:30:49.092537,21.4,56.6,0,0,none,none
2025-12-11T00:30:51.346806,21.5,56.7,1,0,none,none
2025-12-11T00:30:53.601408,21.4,56.6,0,0,none,none
2025-12-11T00:30:55.855999,21.4,56.6,0,0,none,none
2025-12-11T00:30:58.110409,21.4,56.6,0,0,none,none
2025-12-11T00:31:00.364479,21.4,56.6,0,0,none,none
2025-12-11T00:31:02.619041,21.4,56.7,0,0,none,none
2025-12-11T00:31:04.873394,21.4,56.7,0,0,none,none
2025-12-11T00:31:07.128066,21.4,56.7,1,0,none,none
2025-12-11T00:31:09.382541,21.4,56.7,0,0,none,none
2025-12-11T00:31:11.637110,21.4,56.7,0,0,none,none
2025-12-11T00:31:13.891736,21.4,56.7,0,0,none,none
2025-12-11T00:31:16.146306,21.4,56.8,0,0,none,none
2025-12-11T00:31:18.400933,21.4,56.7,0,0,none,none
2025-12-11T00:31:20.655557,21.4,56.8,0,0,none,none
2025-12-11T00:31:22.910116,21.4,56.8,0,0,none,none
2025-12-11T00:31:25.164896,21.4,56.8,0,0,none,none
2025-12-11T00:31:27.419478,21.4,56.8,0,0,none,none
2025-12-11T00:31:29.674064,21.4,56.8,0,0,none,none
2025-12-11T00:31:31.928724,21.4,56.8,0,0,none,none
2025-12-11T00:31:34.183379,21.4,56.9,0,0,none,none
2025-12-11T00:31:36.437934,21.4,56.9,0,0,none,none
2025-12-11T00:31:38.692094,21.4,56.9,0,0,none,none
2025-12-11T00:31:40.946657,21.5,57.0,0,0,none,none
2025-12-11T00:31:43.201160,21.4,56.9,0,0,none,none
2025-12-11T00:31:45.455883,21.4,56.9,0,0,none,none
2025-12-11T00:31:47.710097,21.4,56.9,0,0,none,none
2025-12-11T00:31:49.964372,21.4,56.9,0,0,none,none
2025-12-11T00:31:52.219076,21.5,57.0,0,0,none,none
2025-12-11T00:31:54.473709,21.4,56.9,0,0,none,none
2025-12-11T00:31:56.727684,21.4,56.9,0,0,none,none
2025-12-11T00:31:58.982398,21.4,56.9,0,0,none,none
2025-12-11T00:32:01.236903,21.4,56.9,0,0,none,none
2025-12-11T00:32:03.491349,21.4,56.8,0,0,none,none
2025-12-11T00:32:05.746016,21.4,56.8,0,0,none,none
2025-12-11T00:32:08.000465,21.5,56.9,0,0,none,none
2025-12-11T00:32:10.255004,21.4,56.7,0,0,none,none
2025-12-11T00:32:12.509800,21.4,56.7,0,0,none,none
2025-12-11T00:32:14.764262,21.4,56.7,0,0,none,none
2025-12-11T00:32:17.018363,21.4,56.7,0,0,none,none
2025-12-11T00:32:19.273075,21.4,56.7,0,0,none,none
2025-12-11T00:32:21.527802,21.4,56.6,0,0,none,none
2025-12-11T00:32:23.782245,21.4,56.6,0,0,none,none
2025-12-11T00:32:26.037012,21.4,56.6,0,0,none,none
2025-12-11T00:32:28.291757,21.4,56.6,0,0,none,none
2025-12-11T00:32:30.545810,21.4,56.5,0,0,none,none
2025-12-11T00:32:32.799857,21.4,56.5,0,0,none,none
2025-12-11T00:32:35.054359,21.4,56.5,0,0,none,none
2025-12-11T00:32:37.308668,21.5,56.6,0,0,none,none
2025-12-11T00:32:39.563444,21.4,56.5,0,0,none,none
2025-12-11T00:32:41.817743,21.4,56.5,0,0,none,none
2025-12-11T00:32:44.072351,21.4,56.4,0,0,none,none
2025-12-11T00:32:46.327254,21.4,56.4,0,0,none,none
2025-12-11T00:32:48.581851,21.5,56.5,0,0,none,none
2025-12-11T00:32:50.836406,21.5,56.5,0,0,none,none
2025-12-11T00:32:53.091168,21.4,56.4,0,0,none,none
2025-12-11T00:32:55.345550,21.4,56.4,0,0,none,none
2025-12-11T00:32:57.600182,21.4,56.4,0,0,none,none
2025-12-11T00:32:59.854790,21.4,56.4,0,0,none,none
2025-12-11T00:33:02.109409,21.4,56.4,0,0,none,none
2025-12-11T00:33:04.363662,21.4,56.4,0,0,none,none
2025-12-11T00:33:06.618364,21.4,56.4,0,0,none,none
2025-12-11T00:33:08.872546,21.4,56.4,0,0,none,none
2025-12-11T00:33:11.127099,21.4,56.4,0,0,none,none
2025-12-11T00:33:13.381946,21.4,56.4,0,0,none,none
2025-12-11T00:33:15.636350,21.4,56.4,0,0,none,none
2025-12-11T00:33:17.890414,21.5,56.4,0,0,none,none
2025-12-11T00:33:20.145073,21.4,56.4,0,0,none,none
2025-12-11T00:33:22.399783,21.4,56.4,0,0,none,none
2025-12-11T00:33:24.654320,21.4,56.4,0,0,none,none
2025-12-11T00:33:26.908853,21.4,56.4,0,0,none,none
2025-12-11T00:33:29.163555,21.4,56.4,0,0,none,none
2025-12-11T00:33:31.418168,21.4,56.4,0,0,none,none
2025-12-11T00:33:33.672798,21.4,56.4,0,0,none,none
2025-12-11T00:33:35.927401,21.5,56.5,0,0,none,none
2025-12-11T00:33:38.181625,21.4,56.4,1,0,none,none
2025-12-11T00:33:40.436471,21.4,56.4,0,0,none,none
2025-12-11T00:33:42.691088,21.4,56.4,0,0,none,none
2025-12-11T00:33:44.945662,21.4,56.4,0,0,none,none
2025-12-11T00:33:47.200469,21.4,56.4,0,0,none,none
2025-12-11T00:33:49.455088,21.4,56.4,0,0,none,none
2025-12-11T00:33:51.709514,21.4,56.4,0,0,none,none
2025-12-11T00:33:53.963750,21.4,56.4,0,0,none,none
2025-12-11T00:33:56.218312,21.4,56.4,0,0,none,none
2025-12-11T00:33:58.472576,21.4,56.4,1,0,none,none
2025-12-11T00:34:00.727305,21.5,56.4,0,0,none,none
2025-12-11T00:34:02.981839,21.4,56.3,0,0,none,none
2025-12-11T00:34:05.236335,21.4,56.3,0,0,none,none
2025-12-11T00:34:07.491116,21.4,56.4,0,0,none,none
2025-12-11T00:34:09.745419,21.4,56.4,0,0,none,none
2025-12-11T00:34:11.999922,21.4,56.3,0,0,none,none
2025-12-11T00:34:14.254598,21.4,56.3,0,0,none,none
2025-12-11T00:34:16.509174,21.4,56.3,0,0,none,none
2025-12-11T00:34:18.763649,21.4,56.4,1,0,none,none
2025-12-11T00:34:21.018306,21.4,56.4,0,0,none,none
2025-12-11T00:34:23.272833,21.4,56.4,0,0,none,none
2025-12-11T00:34:25.527392,21.4,56.4,0,0,none,none
2025-12-11T00:34:27.781997,21.4,56.4,0,0,none,none
2025-12-11T00:34:30.036400,21.4,56.4,0,0,none,none
2025-12-11T00:34:32.290824,,,0,0,none,none
2025-12-11T00:34:34.545513,21.4,56.4,0,0,none,none
2025-12-11T00:34:36.800104,21.4,56.4,0,0,none,none
2025-12-11T00:34:39.054588,21.4,56.4,0,0,none,none
2025-12-11T00:34:41.308915,21.4,56.4,0,0,none,none
2025-12-11T00:34:43.563515,21.4,56.4,1,0,none,none
2025-12-11T00:34:45.817977,21.4,56.4,0,0,none,none
2025-12-11T00:34:48.072556,21.4,56.4,0,0,none,none
2025-12-11T00:34:50.327181,21.4,56.4,0,0,none,none
2025-12-11T00:34:52.581685,21.4,56.4,0,0,none,none
2025-12-11T00:34:54.836018,21.4,56.4,0,0,none,none
2025-12-11T00:34:57.090614,21.4,56.4,0,0,none,none
2025-12-11T00:34:59.344771,21.4,56.4,0,0,none,none
2025-12-11T00:35:01.599480,21.4,56.4,0,0,none,none
2025-12-11T00:35:03.853923,21.4,56.4,0,0,none,none
2025-12-11T00:35:06.108360,21.4,56.4,0,0,none,none
2025-12-11T00:35:08.362883,21.4,56.4,0,0,none,none
2025-12-11T00:35:10.617300,21.4,56.4,0,0,none,none
2025-12-11T00:35:12.871824,21.4,56.3,0,0,none,none
2025-12-11T00:35:15.126171,21.5,56.4,0,0,none,none
2025-12-11T00:35:17.380833,21.4,56.4,0,0,none,none
2025-12-11T00:35:19.635373,21.4,56.4,0,0,none,none
2025-12-11T00:35:21.889779,21.4,56.4,0,0,none,none
2025-12-11T00:35:24.144281,21.4,56.4,0,0,none,none
2025-12-11T00:35:26.398855,21.4,56.4,0,0,none,none
2025-12-11T00:35:28.653547,21.4,56.4,0,0,none,none
2025-12-11T00:35:30.910142,21.4,56.4,0,0,none,none
2025-12-11T00:35:33.164615,21.4,56.4,0,0,none,none
2025-12-11T00:35:35.419436,21.4,56.4,0,0,none,none
2025-12-11T00:35:37.674005,21.4,56.4,0,0,none,none
2025-12-11T00:35:39.928565,21.5,56.5,0,0,none,none
2025-12-11T00:35:42.183236,21.4,56.5,0,0,none,none
2025-12-11T00:35:44.437677,21.4,56.5,0,0,none,none
2025-12-11T00:35:46.691870,21.4,56.6,0,0,none,none
2025-12-11T00:35:48.946277,21.4,56.5,0,0,none,none
2025-12-11T00:35:51.200817,21.4,56.6,0,0,none,none
2025-12-11T00:35:53.455362,21.4,56.6,0,0,none,none
2025-12-11T00:35:55.710060,21.5,56.7,0,0,none,none
2025-12-11T00:35:57.964650,21.4,56.6,0,0,none,none
2025-12-11T00:36:00.219222,21.4,56.6,0,0,none,none
2025-12-11T00:36:02.474052,21.4,56.6,0,0,none,none
2025-12-11T00:36:04.728670,21.4,56.6,0,0,none,none
2025-12-11T00:36:06.983170,21.4,56.6,0,0,none,none
2025-12-11T00:36:09.237843,21.4,56.5,0,0,none,none
2025-12-11T00:36:11.492482,21.4,56.5,0,0,none,none
2025-12-11T00:36:13.746988,21.4,56.5,0,0,none,none
2025-12-11T00:36:16.001398,21.4,56.5,1,0,none,none
2025-12-11T00:36:18.255876,21.4,56.5,0,0,none,none
2025-12-11T00:36:20.510425,21.4,56.6,0,0,none,none
2025-12-11T00:36:22.765066,21.4,56.6,0,0,none,none
2025-12-11T00:36:25.019573,21.5,56.7,0,0,none,none
2025-12-11T00:36:27.274055,21.4,56.6,0,0,none,none
2025-12-11T00:36:29.528361,21.4,56.7,0,0,none,none
2025-12-11T00:36:31.782915,21.4,56.7,0,0,none,none
2025-12-11T00:36:34.037433,21.4,56.7,0,0,none,none
2025-12-11T00:36:36.292240,21.4,56.7,0,0,none,none
2025-12-11T00:36:38.546781,21.4,56.7,0,0,none,none
2025-12-11T00:36:40.801196,21.4,56.7,0,0,none,none
2025-12-11T00:36:43.055488,21.5,56.7,0,0,none,none
2025-12-11T00:36:45.310012,21.4,56.7,0,0,none,none
2025-12-11T00:36:47.564541,21.4,56.7,0,0,none,none
2025-12-11T00:36:49.818932,21.4,56.7,0,0,none,none
2025-12-11T00:36:52.073358,21.4,56.6,0,0,none,none
2025-12-11T00:36:54.327944,21.4,56.6,0,0,none,none
2025-12-11T00:36:56.582310,21.4,56.7,0,0,none,none
2025-12-11T00:36:58.836927,21.4,56.6,0,0,none,none
2025-12-11T00:37:01.091516,21.4,56.6,0,0,none,none
2025-12-11T00:37:03.345821,21.4,56.6,0,0,none,none
2025-12-11T00:37:05.600351,21.4,56.6,0,0,none,none
2025-12-11T00:37:07.854812,21.4,56.6,0,0,none,none
2025-12-11T00:37:10.109388,21.4,56.6,0,0,none,none
2025-12-11T00:37:12.364079,21.4,56.6,0,0,none,none
2025-12-11T00:37:14.618541,21.4,56.6,0,0,none,none
2025-12-11T00:37:16.873220,21.4,56.6,0,0,none,none
2025-12-11T00:37:19.127733,21.4,56.6,0,0,none,none
2025-12-11T00:37:21.382253,21.4,56.6,0,0,none,none
2025-12-11T00:37:23.636907,21.4,56.6,0,0,none,none
2025-12-11T00:37:25.891497,21.4,56.6,0,0,none,none
2025-12-11T00:37:28.145889,21.4,56.6,0,0,none,none
2025-12-11T00:37:30.400644,21.4,56.6,0,0,none,none
2025-12-11T00:37:32.655221,21.4,56.6,0,0,none,none
2025-12-11T00:37:34.909778,21.4,56.6,0,0,none,none
2025-12-11T00:37:37.164565,21.4,56.5,0,0,none,none
2025-12-11T00:37:39.419282,21.4,56.5,0,0,none,none
2025-12-11T00:37:41.673872,21.4,56.4,0,0,none,none
2025-12-11T00:37:43.928646,21.4,56.4,0,0,none,none
2025-12-11T00:37:46.185196,21.4,56.4,0,0,none,none
2025-12-11T00:37:48.439869,21.4,56.4,0,0,none,none
2025-12-11T00:37:50.694381,21.4,56.3,0,0,none,none
2025-12-11T00:37:52.951023,21.4,56.3,0,0,none,none
2025-12-11T00:37:55.205522,21.4,56.3,0,0,none,none
2025-12-11T00:37:57.460435,21.4,56.3,0,0,none,none
2025-12-11T00:37:59.714974,21.4,56.3,0,0,none,none
2025-12-11T00:38:01.969413,21.4,56.3,0,0,none,none
2025-12-11T00:38:04.223730,21.4,56.3,0,0,none,none
2025-12-11T00:38:06.478336,21.5,56.3,0,0,none,none
2025-12-11T00:38:08.732677,21.4,56.3,0,0,none,none
2025-12-11T00:38:10.987397,21.4,56.3,0,0,none,none
2025-12-11T00:38:13.241886,21.4,56.2,0,0,none,none
2025-12-11T00:38:15.496445,21.4,56.3,0,0,none,none
2025-12-11T00:38:17.750738,21.4,56.2,0,0,none,none
2025-12-11T00:38:20.006748,21.4,56.2,0,0,none,none
2025-12-11T00:38:22.261265,21.4,56.2,0,0,none,none
2025-12-11T00:38:24.516188,21.4,56.2,0,0,none,none
2025-12-11T00:38:26.770811,21.4,56.2,0,0,none,none
2025-12-11T00:38:29.025029,21.4,56.3,1,0,none,none
2025-12-11T00:38:31.280886,21.4,56.2,0,0,none,none
2025-12-11T00:38:33.535555,21.4,56.2,0,0,none,none
2025-12-11T00:38:35.790152,21.4,56.2,0,0,none,none
2025-12-11T00:38:38.044940,21.4,56.2,0,0,none,none
2025-12-11T00:38:40.301663,21.4,56.2,0,0,none,none
2025-12-11T00:38:42.556290,21.4,56.2,0,0,none,none
2025-12-11T00:38:44.811120,21.4,56.2,0,0,none,none
2025-12-11T00:38:47.065790,21.4,56.2,0,0,none,none
2025-12-11T00:38:49.320429,21.4,56.2,0,0,none,none
2025-12-11T00:38:51.575174,21.4,56.2,0,0,none,none
2025-12-11T00:38:53.829780,21.4,56.2,0,0,none,none
2025-12-11T00:38:56.084308,21.4,56.2,0,0,none,none
2025-12-11T00:38:58.339018,21.4,56.3,0,0,none,none
2025-12-11T00:39:00.593637,21.4,56.3,0,0,none,none
2025-12-11T00:39:02.848266,21.4,56.2,0,0,none,none
2025-12-11T00:39:05.102970,21.4,56.2,0,0,none,none
2025-12-11T00:39:07.359621,21.4,56.2,0,0,none,none
2025-12-11T00:39:09.614153,21.4,56.2,0,0,none,none
2025-12-11T00:39:11.868709,21.4,56.3,0,0,none,none
2025-12-11T00:39:14.123372,21.5,56.4,0,0,none,none
2025-12-11T00:39:16.378028,21.4,56.3,0,0,none,none
2025-12-11T00:39:18.632838,21.4,56.3,0,0,none,none
2025-12-11T00:39:20.887461,21.4,56.3,0,0,none,none
2025-12-11T00:39:23.142080,21.4,56.3,0,0,none,none
2025-12-11T00:39:25.396819,21.4,56.3,0,0,none,none
2025-12-11T00:39:27.651460,21.4,56.3,0,0,none,none
2025-12-11T00:39:29.905981,21.4,56.3,0,0,none,none
2025-12-11T00:39:32.160770,21.4,56.3,0,0,none,none
2025-12-11T00:39:34.415441,21.4,56.3,0,0,none,none
2025-12-11T00:39:36.669925,21.4,56.3,0,0,none,none
2025-12-11T00:39:38.924488,21.4,56.3,0,0,none,none
2025-12-11T00:39:41.179195,21.4,56.3,0,0,none,none
2025-12-11T00:39:43.433500,21.4,56.3,0,0,none,none
2025-12-11T00:39:45.688337,21.4,56.3,0,0,none,none
2025-12-11T00:39:47.942998,21.4,56.3,0,0,none,none
2025-12-11T00:39:50.197538,21.4,56.3,0,0,none,none
2025-12-11T00:39:52.452401,21.4,56.4,0,0,none,none
2025-12-11T00:39:54.706563,21.4,56.4,0,0,none,none
2025-12-11T00:39:56.960467,21.4,56.4,0,0,none,none
2025-12-11T00:39:59.215275,21.4,56.4,0,0,none,none
2025-12-11T00:40:01.469832,21.4,56.5,0,0,none,none
2025-12-11T00:40:03.724436,21.4,56.5,0,0,none,none
2025-12-11T00:40:05.979084,21.4,56.5,0,0,none,none
2025-12-11T00:40:08.233683,21.4,56.5,1,0,none,none
2025-12-11T00:40:10.487795,21.4,56.5,0,0,none,none
2025-12-11T00:40:12.742555,21.4,56.5,0,0,none,none
2025-12-11T00:40:14.997008,21.4,56.5,0,0,none,none
2025-12-11T00:40:17.251575,21.4,56.6,0,0,none,none
2025-12-11T00:40:19.506250,21.4,56.6,0,0,none,none
2025-12-11T00:40:21.760768,21.4,56.6,0,0,none,none
2025-12-11T00:40:24.015369,21.4,56.6,0,0,none,none
2025-12-11T00:40:26.270127,21.4,56.6,0,0,none,none
2025-12-11T00:40:28.524281,21.4,56.6,0,0,none,none
2025-12-11T00:40:30.778416,21.4,56.6,0,0,none,none
2025-12-11T00:40:33.032714,21.4,56.6,0,0,none,none
2025-12-11T00:40:35.287467,21.4,56.6,0,0,none,none
2025-12-11T00:40:37.541673,21.4,56.5,0,0,none,none
2025-12-11T00:40:39.796436,21.4,56.5,0,0,none,none
2025-12-11T00:40:42.050974,21.4,56.5,0,0,none,none
2025-12-11T00:40:44.305563,21.4,56.5,0,0,none,none
2025-12-11T00:40:46.560315,21.4,56.5,0,0,none,none
2025-12-11T00:40:48.814888,21.4,56.4,0,0,none,none
2025-12-11T00:40:51.069327,21.4,56.5,0,0,none,none
2025-12-11T00:40:53.324266,21.4,56.4,0,0,none,none
2025-12-11T00:40:55.578931,21.5,56.5,0,0,none,none
2025-12-11T00:40:57.833383,21.4,56.5,0,0,none,none
2025-12-11T00:41:00.088280,21.4,56.5,0,0,none,none
2025-12-11T00:41:02.342978,21.4,56.5,1,0,none,none
2025-12-11T00:41:04.597158,21.4,56.5,0,0,none,none
2025-12-11T00:41:06.851975,21.4,56.5,0,0,none,none
2025-12-11T00:41:09.106700,21.4,56.6,0,0,none,none
2025-12-11T00:41:11.361402,21.4,56.6,0,0,none,none
2025-12-11T00:41:13.616310,21.4,56.6,0,0,none,none
2025-12-11T00:41:15.870844,21.4,56.6,0,0,none,none
2025-12-11T00:41:18.125417,21.4,56.6,0,0,none,none
2025-12-11T00:41:20.380325,21.4,56.6,0,0,none,none
2025-12-11T00:41:22.634985,21.5,56.6,0,0,none,none
2025-12-11T00:41:24.889552,21.4,56.5,0,0,none,none
2025-12-11T00:41:27.144426,21.4,56.5,0,0,none,none
2025-12-11T00:41:29.399135,21.4,56.4,0,0,none,none
2025-12-11T00:41:31.653726,21.4,56.4,0,0,none,none
2025-12-11T00:41:33.908573,21.4,56.4,0,0,none,none
2025-12-11T00:41:36.163180,21.4,56.4,0,0,none,none
2025-12-11T00:41:38.417795,21.4,56.4,0,0,none,none
2025-12-11T00:41:40.672619,21.4,56.4,0,0,none,none
2025-12-11T00:41:42.927237,21.5,56.4,0,0,none,none
2025-12-11T00:41:45.181708,21.4,56.3,0,0,none,none
2025-12-11T00:41:47.436547,21.4,56.3,1,0,none,none
2025-12-11T00:41:49.691177,21.4,56.3,0,0,none,none
2025-12-11T00:41:51.945659,21.4,56.3,0,0,none,none
2025-12-11T00:41:54.200441,21.4,56.3,0,0,none,none
2025-12-11T00:41:56.455130,21.4,56.3,0,0,none,none
2025-12-11T00:41:58.709656,21.4,56.2,0,0,none,none
2025-12-11T00:42:00.964486,21.4,56.2,0,0,none,none
2025-12-11T00:42:03.219078,21.4,56.2,0,0,none,none
2025-12-11T00:42:05.473431,21.5,56.3,0,0,none,none
2025-12-11T00:42:07.728352,21.4,56.2,0,0,none,none
2025-12-11T00:42:09.982988,21.4,56.3,0,0,none,none
2025-12-11T00:42:12.237475,21.4,56.3,0,0,none,none
2025-12-11T00:42:14.492279,21.4,56.3,0,0,none,none
2025-12-11T00:42:16.746551,21.4,56.3,0,0,none,none
2025-12-11T00:42:19.001085,21.4,56.3,1,0,none,none
2025-12-11T00:42:21.255912,21.4,56.3,0,0,none,none
2025-12-11T00:42:23.510680,21.4,56.3,0,0,none,none
2025-12-11T00:42:25.765261,21.5,56.4,0,0,none,none
2025-12-11T00:42:28.019655,21.5,56.4,0,0,none,none
2025-12-11T00:42:30.274275,21.4,56.4,0,0,none,none
2025-12-11T00:42:32.528938,21.4,56.4,0,0,none,none
2025-12-11T00:42:34.783268,21.4,56.4,0,0,none,none
2025-12-11T00:42:37.037906,21.4,56.4,0,0,none,none
2025-12-11T00:42:39.292537,21.4,56.4,0,0,none,none
2025-12-11T00:42:41.547249,21.4,56.4,0,0,none,none
2025-12-11T00:42:43.801847,21.4,56.5,0,0,none,none
2025-12-11T00:42:46.055911,21.4,56.4,0,0,none,none
2025-12-11T00:42:48.310689,21.4,56.4,0,0,none,none
2025-12-11T00:42:50.565214,21.4,56.4,0,0,none,none
2025-12-11T00:42:52.819750,21.4,56.4,0,0,none,none
2025-12-11T00:42:55.074382,21.4,56.3,0,0,none,none
2025-12-11T00:42:57.329006,21.4,56.4,0,0,none,none
2025-12-11T00:42:59.583293,21.4,56.3,0,0,none,none
2025-12-11T00:43:01.837855,21.4,56.3,0,0,none,none
2025-12-11T00:43:04.092376,21.4,56.3,0,0,none,none
2025-12-11T00:43:06.347402,21.4,56.3,0,0,none,none
2025-12-11T00:43:08.602255,21.4,56.3,0,0,none,none
2025-12-11T00:43:10.858935,21.4,56.3,0,0,none,none
2025-12-11T00:43:13.113487,21.4,56.3,0,0,none,none
2025-12-11T00:43:15.368517,21.4,56.3,0,0,none,none
2025-12-11T00:43:17.623171,21.4,56.3,0,0,none,none
2025-12-11T00:43:19.877671,21.4,56.3,0,0,none,none
2025-12-11T00:43:22.132141,21.4,56.3,0,0,none,none
2025-12-11T00:43:24.386829,21.4,56.3,0,0,none,none
2025-12-11T00:43:26.641372,21.4,56.4,0,0,none,none
2025-12-11T00:43:28.896207,21.4,56.4,0,0,none,none
2025-12-11T00:43:31.150790,21.4,56.4,0,0,none,none
2025-12-11T00:43:33.405444,21.4,56.4,0,0,none,none
2025-12-11T00:43:35.659937,21.4,56.4,0,0,none,none
2025-12-11T00:43:37.914065,21.4,56.4,0,0,none,none
2025-12-11T00:43:40.168155,21.4,56.3,0,0,none,none
2025-12-11T00:43:42.422722,21.4,56.3,0,0,none,none
2025-12-11T00:43:44.677319,21.4,56.3,0,0,none,none
2025-12-11T00:43:46.931835,21.4,56.3,0,0,none,none
2025-12-11T00:43:49.186342,21.4,56.2,0,0,none,none
2025-12-11T00:43:51.440895,21.4,56.3,0,0,none,none
2025-12-11T00:43:53.695049,21.4,56.2,0,0,none,none
2025-12-11T00:43:55.949204,21.4,56.2,0,0,none,none
2025-12-11T00:43:58.204869,21.4,56.2,0,0,none,none
2025-12-11T00:44:00.459459,21.4,56.2,1,0,none,none
2025-12-11T00:44:02.714293,21.4,56.1,0,0,none,none
2025-12-11T00:44:04.968886,21.4,56.1,0,0,none,none
2025-12-11T00:44:07.223493,21.4,56.1,0,0,none,none
2025-12-11T00:44:09.478313,21.4,56.1,0,0,none,none
2025-12-11T00:44:11.732959,21.4,56.1,0,0,none,none
2025-12-11T00:44:13.987585,21.4,56.1,0,0,none,none
2025-12-11T00:44:16.242086,21.4,56.2,1,0,none,none
2025-12-11T00:44:18.496470,21.4,56.2,0,0,none,none
2025-12-11T00:44:20.751038,21.4,56.1,1,0,none,none
2025-12-11T00:44:23.005756,21.4,56.2,0,0,none,none
2025-12-11T00:44:25.260362,,,0,0,none,none
2025-12-11T00:44:27.514926,21.4,56.2,0,0,none,none
2025-12-11T00:44:29.769694,21.4,56.2,0,0,none,none
2025-12-11T00:44:32.024287,21.4,56.2,0,0,none,none
2025-12-11T00:44:34.279849,21.4,56.2,0,0,none,none
2025-12-11T00:44:36.615519,21.4,56.2,0,0,none,none
2025-12-11T00:44:38.953209,21.4,56.2,0,0,none,none
2025-12-11T00:44:41.242404,21.4,56.2,0,0,none,none
2025-12-11T00:44:43.497020,21.4,56.3,0,0,none,none
2025-12-11T00:44:45.751144,21.4,56.3,0,0,none,none
2025-12-11T00:44:48.005689,21.4,56.3,0,0,none,none
2025-12-11T00:44:50.260571,21.4,56.3,0,0,none,none
2025-12-11T00:44:52.515166,21.4,56.3,0,0,none,none
2025-12-11T00:44:54.769291,21.4,56.3,0,0,none,none
2025-12-11T00:44:57.023565,21.4,56.2,0,0,none,none
2025-12-11T00:44:59.277935,21.4,56.2,0,0,none,none
2025-12-11T00:45:01.532345,21.4,56.2,0,0,none,none
2025-12-11T00:45:03.786994,21.4,56.2,0,0,none,none
2025-12-11T00:45:06.041589,21.4,56.1,1,0,none,none
2025-12-11T00:45:08.295805,21.4,56.2,0,0,none,none
2025-12-11T00:45:10.550250,21.4,56.1,0,0,none,none
2025-12-11T00:45:12.805477,21.4,56.2,0,0,none,none
2025-12-11T00:45:15.060053,21.4,56.2,0,0,none,none
2025-12-11T00:45:17.314575,21.4,56.2,0,0,none,none
2025-12-11T00:45:19.569158,21.4,56.2,0,0,none,none
2025-12-11T00:45:21.823680,21.4,56.2,0,0,none,none
2025-12-11T00:45:24.078386,21.4,56.2,0,0,none,none
2025-12-11T00:45:26.332766,21.4,56.2,0,0,none,none
2025-12-11T00:45:28.587179,21.4,56.2,0,0,none,none
2025-12-11T00:45:30.841732,21.4,56.3,0,0,none,none
2025-12-11T00:45:33.096422,21.4,56.3,0,0,none,none
2025-12-11T00:45:35.350395,21.4,56.3,0,0,none,none
2025-12-11T00:45:37.605011,21.4,56.3,0,0,none,none
2025-12-11T00:45:39.859652,21.4,56.3,0,0,none,none
2025-12-11T00:45:42.114085,21.4,56.3,0,0,none,none
                                                                                                                                                                                                                                                                                                                                                                                                                                                        2025-12-11T00:42:48.119383,20.5,55.4,0,0,none,none
2025-12-11T00:42:50.383029,20.4,57.4,0,0,none,none
2025-12-11T00:42:52.691622,20.4,57.3,0,0,none,none
2025-12-11T00:42:54.950803,20.4,57.4,0,0,none,none
2025-12-11T00:42:57.205144,20.4,57.4,0,0,none,none
2025-12-11T00:42:59.459933,20.4,57.4,0,0,none,none
2025-12-11T00:43:01.714242,20.4,57.3,0,0,none,none
2025-12-11T00:43:03.968809,20.4,57.3,0,0,none,none
2025-12-11T00:43:06.223869,20.4,57.3,0,0,none,none
2025-12-11T00:43:08.478306,20.4,57.3,0,0,none,none
2025-12-11T00:43:10.732812,20.4,57.3,0,0,none,none
2025-12-11T00:43:12.987420,20.4,57.3,0,0,none,none
2025-12-11T07:57:02.410463,20.4,57.2,0,0,none,none
2025-12-11T07:57:04.664763,20.4,57.3,0,0,none,none
2025-12-11T07:57:06.919109,20.4,57.2,0,0,none,none
2025-12-11T07:57:09.173540,20.4,57.2,0,0,none,none
2025-12-11T07:57:11.428087,20.4,57.2,0,0,none,none
2025-12-11T07:57:13.682559,20.4,57.2,0,0,none,none
2025-12-11T07:57:15.937012,20.4,57.2,0,0,none,none
2025-12-11T07:57:18.191673,20.4,57.2,0,0,none,none
2025-12-11T07:57:20.446313,20.4,57.2,0,0,none,none
2025-12-11T07:57:22.701006,20.4,57.2,0,0,none,none
2025-12-11T07:57:24.955826,20.4,57.2,0,0,none,none
2025-12-11T07:57:27.210114,20.4,57.2,0,0,none,none
2025-12-11T07:57:29.464656,20.4,57.2,0,0,none,none
2025-12-11T07:57:31.719556,20.5,57.2,0,0,none,none
2025-12-11T07:57:33.974216,20.5,57.3,0,0,none,none
2025-12-11T07:57:36.228780,20.4,57.2,0,0,none,none
2025-12-11T07:57:38.483627,20.4,57.2,0,0,none,none
2025-12-11T07:57:40.738194,20.4,57.2,1,0,none,none
2025-12-11T07:57:42.992675,20.4,57.2,0,0,none,none
2025-12-11T07:57:45.247509,20.5,57.2,0,0,none,none
2025-12-11T07:57:47.502238,20.4,57.2,0,0,none,none
2025-12-11T07:57:49.756788,20.5,57.2,0,0,none,none
2025-12-11T07:57:52.011633,20.4,57.2,0,0,none,none
2025-12-11T07:57:54.266271,20.4,57.2,0,0,none,none
2025-12-11T07:57:56.520936,20.4,57.1,0,0,none,none
2025-12-11T07:57:58.775753,20.5,57.2,0,0,none,none
2025-12-11T07:58:01.030405,20.4,57.1,0,0,none,none
2025-12-11T07:58:03.284626,20.4,57.1,0,0,none,none
2025-12-11T07:58:05.539017,20.5,57.2,0,0,none,none
2025-12-11T07:58:07.793613,20.4,57.1,0,0,none,none
2025-12-11T07:58:10.048135,20.4,57.1,0,0,none,none
2025-12-11T07:58:12.302870,20.4,57.1,0,0,none,none
2025-12-11T07:58:14.557102,20.5,57.2,0,0,none,none
2025-12-11T07:58:16.811740,20.4,57.1,0,0,none,none
2025-12-11T07:58:19.066495,20.5,57.1,0,0,none,none
2025-12-11T07:58:21.320928,20.4,57.1,0,0,none,none
2025-12-11T07:58:23.575019,20.5,57.2,0,0,none,none
2025-12-11T07:58:25.829771,20.5,57.2,0,0,none,none
2025-12-11T07:58:28.084420,20.5,57.2,0,0,none,none
2025-12-11T07:58:30.338907,20.4,57.1,0,0,none,none
2025-12-11T07:58:32.593614,20.5,57.1,0,0,none,none
2025-12-11T07:58:34.848098,20.4,57.1,0,0,none,none
2025-12-11T07:58:37.102770,20.5,57.1,0,0,none,none
2025-12-11T07:58:39.356930,20.5,57.1,0,0,none,none
2025-12-11T07:58:41.611851,20.5,57.1,0,0,none,none
2025-12-11T07:58:43.866449,20.5,57.1,0,0,none,none
2025-12-11T07:58:46.121085,20.4,57.0,0,0,none,none
2025-12-11T07:58:48.375778,20.5,57.1,0,0,none,none
2025-12-11T07:58:50.630483,20.5,57.1,0,0,none,none
2025-12-11T07:58:52.885441,20.5,57.1,0,0,none,none
2025-12-11T07:58:55.140067,20.5,57.1,0,0,none,none
2025-12-11T07:58:57.394774,20.5,57.1,0,0,none,none
2025-12-11T07:58:59.649738,20.4,57.0,0,0,none,none
2025-12-11T07:59:01.904002,20.5,57.1,0,0,none,none
2025-12-11T07:59:04.158618,20.5,57.1,0,0,none,none
2025-12-11T07:59:06.413069,20.5,57.1,0,0,none,none
2025-12-11T07:59:08.667865,20.4,57.0,0,0,none,none
2025-12-11T07:59:10.922532,20.5,57.1,0,0,none,none
2025-12-11T07:59:13.176999,20.5,57.1,0,0,none,none
2025-12-11T07:59:15.431833,20.5,57.1,0,0,none,none
2025-12-11T07:59:17.686441,20.5,57.1,0,0,none,none
2025-12-11T07:59:19.941087,20.5,57.1,0,0,none,none
2025-12-11T07:59:22.195416,20.5,57.1,0,0,none,none
2025-12-11T07:59:24.449816,20.4,57.0,0,0,none,none
2025-12-11T07:59:26.704665,20.5,57.1,0,0,none,none
2025-12-11T07:59:28.959270,20.5,57.1,0,0,none,none
2025-12-11T07:59:31.213776,20.5,57.1,0,0,none,none
2025-12-11T07:59:33.468485,20.5,57.1,0,0,none,none
2025-12-11T07:59:35.723147,20.5,57.1,0,0,none,none
2025-12-11T07:59:37.977782,20.5,57.1,0,0,none,none
2025-12-11T07:59:40.232367,20.5,57.1,0,0,none,none
2025-12-11T07:59:42.486751,20.5,57.1,0,0,none,none
2025-12-11T07:59:44.741042,20.5,57.1,0,0,none,none
2025-12-11T07:59:46.995850,20.5,57.0,0,0,none,none
2025-12-11T07:59:49.250607,20.5,57.1,0,0,none,none
2025-12-11T07:59:51.505280,20.5,57.1,0,0,none,none
2025-12-11T07:59:53.759896,20.5,57.1,0,0,none,none
2025-12-11T07:59:56.014627,20.5,57.1,0,0,none,none
2025-12-11T07:59:58.268901,20.4,57.0,0,0,none,none
2025-12-11T08:00:00.523644,20.5,57.1,0,0,none,none
2025-12-11T08:00:02.778349,20.5,57.1,0,0,none,none
2025-12-11T08:00:05.032519,20.5,57.1,0,0,none,none
2025-12-11T08:00:07.287428,20.5,57.1,0,0,none,none
2025-12-11T08:00:09.542251,20.5,57.1,0,0,none,none
2025-12-11T08:00:11.796868,20.5,57.1,0,0,none,none
2025-12-11T08:00:14.051615,20.5,57.1,0,0,none,none
2025-12-11T08:00:16.306214,20.5,57.1,0,0,none,none
2025-12-11T08:00:18.560296,20.5,57.1,0,0,none,none
2025-12-11T08:00:20.814882,20.5,57.1,0,0,none,none
2025-12-11T08:00:23.069544,20.5,57.1,0,0,none,none
2025-12-11T08:00:25.324058,20.5,57.1,0,0,none,none
2025-12-11T08:00:27.578753,20.5,57.1,0,0,none,none
2025-12-11T08:00:29.833182,20.4,57.0,0,0,none,none
2025-12-11T08:00:32.087784,20.5,57.1,0,0,none,none
2025-12-11T08:00:34.342625,20.5,57.1,0,0,none,none
2025-12-11T08:00:36.597409,20.5,57.1,0,0,none,none
2025-12-11T08:00:38.851778,20.5,57.1,0,0,none,none
2025-12-11T08:00:41.106599,20.5,57.1,0,0,none,none
2025-12-11T08:00:43.363479,20.5,57.0,0,0,none,none
2025-12-11T08:00:45.618151,20.5,57.1,0,0,none,none
2025-12-11T08:00:47.872959,20.5,57.1,0,0,none,none
2025-12-11T08:00:50.127706,20.5,57.0,0,0,none,none
2025-12-11T08:00:52.382205,20.5,57.1,0,0,none,none
2025-12-11T08:00:54.636732,20.5,57.1,0,0,none,none
2025-12-11T08:00:56.891479,20.5,57.0,0,0,none,none
2025-12-11T08:00:59.146213,20.5,57.0,0,0,none,none
2025-12-11T08:01:01.400615,20.5,57.0,0,0,none,none
2025-12-11T08:01:03.655419,20.5,57.1,0,0,none,none
2025-12-11T08:01:05.909960,20.5,57.0,0,0,none,none
2025-12-11T08:01:08.164572,20.5,57.0,0,0,none,none
2025-12-11T08:01:10.418944,20.5,57.0,0,0,none,none
2025-12-11T08:01:12.673360,20.5,57.0,0,0,none,none
2025-12-11T08:01:14.928032,20.5,57.0,0,0,none,none
2025-12-11T08:01:17.182461,20.5,57.0,0,0,none,none
2025-12-11T08:01:19.436921,20.5,57.0,0,0,none,none
2025-12-11T08:01:21.691758,20.5,57.0,0,0,none,none
2025-12-11T08:01:23.946365,20.5,57.0,0,0,none,none
2025-12-11T08:01:26.200850,20.5,57.0,0,0,none,none
2025-12-11T08:01:28.455576,20.5,57.0,0,0,none,none
2025-12-11T08:01:30.710256,20.5,57.1,0,0,none,none
2025-12-11T08:01:32.964668,20.5,57.0,0,0,none,none
2025-12-11T08:01:35.219425,20.5,57.0,0,0,none,none
2025-12-11T08:01:37.474029,20.5,57.0,0,0,none,none
2025-12-11T08:01:39.728500,20.5,57.0,0,0,none,none
2025-12-11T08:01:41.982783,20.5,57.0,0,0,none,none
2025-12-11T08:01:44.237321,20.5,57.0,0,0,none,none
2025-12-11T08:01:46.491923,20.5,57.0,0,0,none,none
2025-12-11T08:01:48.746678,20.5,57.0,0,0,none,none
2025-12-11T08:01:51.001251,20.5,57.0,0,0,none,none
2025-12-11T08:01:53.255693,20.5,57.0,0,0,none,none
2025-12-11T08:01:55.510509,20.5,57.0,0,0,none,none
2025-12-11T08:01:57.765049,20.5,57.0,0,0,none,none
2025-12-11T08:02:00.019651,20.5,57.0,0,0,none,none
2025-12-11T08:02:02.274434,20.5,57.0,0,0,none,none
2025-12-11T08:02:04.529188,20.5,57.0,0,0,none,none
2025-12-11T08:02:06.783715,20.5,57.0,0,0,none,none
2025-12-11T08:02:09.038372,20.5,57.0,0,0,none,none
2025-12-11T08:02:11.293022,20.5,57.0,0,0,none,none
2025-12-11T08:02:13.547581,20.5,57.0,0,0,none,none
2025-12-11T08:02:15.802413,20.5,57.1,0,0,none,none
2025-12-11T08:02:18.057131,20.5,57.0,0,0,none,none
2025-12-11T08:02:20.311477,20.5,57.1,0,0,none,none
2025-12-11T08:02:22.566013,20.5,57.0,0,0,none,none
2025-12-11T08:02:24.820696,20.5,57.0,0,0,none,none
2025-12-11T08:02:27.075302,20.5,57.0,0,0,none,none
2025-12-11T08:02:29.330097,20.5,57.0,0,0,none,none
2025-12-11T08:02:31.584723,20.5,57.0,0,0,none,none
2025-12-11T08:02:33.839293,20.5,57.0,0,0,none,none
2025-12-11T08:02:36.094153,20.5,57.0,0,0,none,none
2025-12-11T08:02:38.348867,20.5,57.1,0,0,none,none
2025-12-11T08:02:40.603514,20.5,57.0,0,0,none,none
2025-12-11T08:02:42.858224,20.5,57.0,0,0,none,none
2025-12-11T08:02:45.112781,20.5,57.1,0,0,none,none
2025-12-11T08:02:47.367205,20.5,57.0,0,0,none,none
2025-12-11T08:02:49.621966,20.5,57.1,0,0,none,none
2025-12-11T08:02:51.876559,20.5,57.0,0,0,none,none
2025-12-11T08:02:54.131064,20.5,57.0,0,0,none,none
2025-12-11T08:02:56.385761,20.5,57.0,0,0,none,none
2025-12-11T08:02:58.640409,20.5,57.0,0,0,none,none
2025-12-11T08:03:00.894920,20.5,57.0,0,0,none,none
2025-12-11T08:03:03.149628,20.5,57.0,0,0,none,none
2025-12-11T08:03:05.404164,20.5,57.0,0,0,none,none
2025-12-11T08:03:07.658348,20.5,57.0,1,0,none,none
2025-12-11T08:03:09.913048,20.5,57.0,0,0,none,none
2025-12-11T08:03:12.167643,20.5,57.0,1,0,none,none
2025-12-11T08:03:14.422123,20.5,57.0,0,0,none,none
2025-12-11T08:03:16.676752,20.5,57.0,0,0,none,none
2025-12-11T08:03:18.931377,20.5,57.0,0,0,none,none
2025-12-11T08:03:21.185759,20.5,57.0,0,0,none,none
2025-12-11T08:03:23.440349,20.5,57.0,0,0,none,none
2025-12-11T08:03:25.695013,20.5,57.0,0,0,none,none
2025-12-11T08:03:27.949401,20.5,57.0,0,0,none,none
2025-12-11T08:03:30.204000,20.5,57.0,0,0,none,none
2025-12-11T08:03:32.458561,20.5,57.0,1,0,none,none
2025-12-11T08:03:34.713130,20.5,57.0,0,0,none,none
2025-12-11T08:03:36.967896,20.5,57.0,1,0,none,none
2025-12-11T08:03:39.222585,20.5,57.0,0,0,none,none
2025-12-11T08:03:41.477089,20.5,57.0,0,0,none,none
2025-12-11T08:03:43.731747,20.5,57.0,0,0,none,none
2025-12-11T08:03:45.986175,20.5,57.0,0,0,none,none
2025-12-11T08:03:48.240551,20.5,57.0,0,0,none,none
2025-12-11T08:03:50.495202,20.5,57.0,0,0,none,none
2025-12-11T08:03:52.749808,20.5,57.0,0,0,none,none
2025-12-11T08:03:55.004274,20.5,57.0,0,0,none,none
2025-12-11T08:03:57.258948,20.5,57.0,0,0,none,none
2025-12-11T08:03:59.513549,20.5,57.0,0,0,none,none
2025-12-11T08:04:01.768067,20.5,57.0,0,0,none,none
2025-12-11T08:04:04.022791,20.5,57.0,0,0,none,none
2025-12-11T08:04:06.277503,20.5,57.0,0,0,none,none
2025-12-11T08:04:08.532179,20.5,56.9,0,0,none,none
2025-12-11T08:04:10.787098,20.5,57.0,0,0,none,none
2025-12-11T08:04:13.041755,20.5,57.0,0,0,none,none
2025-12-11T08:04:15.296327,20.5,57.0,0,0,none,none
2025-12-11T08:04:17.551043,20.5,57.0,0,0,none,none
2025-12-11T08:04:19.805739,20.5,57.0,0,0,none,none
2025-12-11T08:04:22.059922,20.5,57.0,0,0,none,none
2025-12-11T08:04:24.314656,20.5,57.0,0,0,none,none
2025-12-11T08:04:26.568792,20.5,57.0,0,0,none,none
2025-12-11T08:04:28.823418,20.5,57.0,0,0,none,none
2025-12-11T08:04:31.078195,20.5,57.0,0,0,none,none
2025-12-11T08:04:33.332549,20.5,57.0,0,0,none,none
2025-12-11T08:04:35.587197,20.5,57.1,0,0,none,none
2025-12-11T08:04:37.841950,20.5,57.0,0,0,none,none
2025-12-11T08:04:40.096583,20.5,57.0,0,0,none,none
2025-12-11T08:04:42.351172,20.5,57.0,0,0,none,none
2025-12-11T08:04:44.606050,20.5,57.0,0,0,none,none
2025-12-11T08:04:46.860720,20.5,57.0,1,0,none,none
2025-12-11T08:04:49.115323,20.5,57.1,0,0,none,none
2025-12-11T08:04:51.370135,20.5,57.1,1,0,none,none
2025-12-11T08:04:53.624839,20.5,57.1,0,0,none,none
2025-12-11T08:04:55.879531,20.5,57.1,0,0,none,none
2025-12-11T08:04:58.134300,20.5,57.0,0,0,none,none
2025-12-11T08:05:00.388939,20.5,57.1,0,0,none,none
2025-12-11T08:05:02.643569,20.5,57.0,1,0,none,none
2025-12-11T08:05:04.898175,20.5,57.0,0,0,none,none
2025-12-11T08:05:07.152765,20.5,57.0,0,0,none,none
2025-12-11T08:05:09.407316,20.5,57.0,0,0,none,none
2025-12-11T08:05:11.662062,20.5,57.1,0,0,none,none
2025-12-11T08:05:13.916674,20.5,57.1,0,0,none,none
2025-12-11T08:05:16.171253,20.5,57.1,0,0,none,none
2025-12-11T08:05:18.425989,20.5,57.1,1,0,none,none
2025-12-11T08:05:20.680683,20.5,57.1,0,0,none,none
2025-12-11T08:05:22.935226,20.5,57.2,0,0,none,none
2025-12-11T08:05:25.189926,20.5,57.2,0,0,none,none
2025-12-11T08:05:27.444594,20.5,57.2,0,0,none,none
2025-12-11T08:05:29.699248,20.5,57.2,0,0,none,none
2025-12-11T08:05:31.954014,20.5,57.2,0,0,none,none
2025-12-11T08:05:34.208642,20.5,57.2,0,0,none,none
2025-12-11T08:05:36.463162,20.5,57.2,0,0,none,none
2025-12-11T08:05:38.717976,20.5,57.3,0,0,none,none
2025-12-11T08:05:40.972560,20.5,57.3,0,0,none,none
2025-12-11T08:05:43.227101,20.5,57.3,0,0,none,none
2025-12-11T08:05:45.481854,20.5,57.3,0,0,none,none
2025-12-11T08:05:47.736569,20.5,57.3,0,0,none,none
2025-12-11T08:05:49.991100,20.5,57.3,0,0,none,none
2025-12-11T08:05:52.245859,20.5,57.3,0,0,none,none
2025-12-11T08:05:54.500572,20.5,57.3,0,0,none,none
2025-12-11T08:05:56.755172,20.6,57.4,0,0,none,none
2025-12-11T08:05:59.009704,20.5,57.2,1,0,none,none
2025-12-11T08:06:01.264262,20.5,57.3,0,0,none,none
2025-12-11T08:06:03.518733,20.5,57.3,0,0,none,none
2025-12-11T08:06:05.834045,20.5,57.3,0,0,none,none
2025-12-11T08:06:08.090718,20.5,57.4,0,0,none,none
2025-12-11T08:06:10.345169,20.5,57.3,1,0,none,none
2025-12-11T08:06:12.600009,20.5,57.4,0,0,none,none
2025-12-11T08:06:14.854643,20.5,57.4,0,0,none,none
2025-12-11T08:06:17.109115,20.5,57.4,1,0,none,none
2025-12-11T08:06:19.363930,20.5,57.3,0,0,none,none
2025-12-11T08:06:21.618641,20.5,57.3,0,0,none,none
2025-12-11T08:06:23.872771,20.5,57.3,0,0,none,none
2025-12-11T08:06:26.127642,20.5,57.3,0,0,none,none
2025-12-11T08:06:28.382225,20.5,57.3,1,0,none,none
2025-12-11T08:06:30.636822,20.5,57.3,0,0,none,none
2025-12-11T08:06:32.891572,20.5,57.3,0,0,none,none
2025-12-11T08:06:35.146226,20.5,57.3,0,0,none,none
2025-12-11T08:06:37.400643,20.5,57.3,0,0,none,none
2025-12-11T08:06:39.655532,20.5,57.3,0,0,none,none
2025-12-11T08:06:41.910150,20.5,57.4,0,0,none,none
2025-12-11T08:06:44.164699,20.5,57.3,0,0,none,none
2025-12-11T08:06:46.419433,20.5,57.3,0,0,none,none
2025-12-11T08:06:48.674088,20.5,57.4,0,0,none,none
2025-12-11T08:06:50.928334,20.5,57.4,0,0,none,none
2025-12-11T08:06:53.183116,20.5,57.4,0,0,none,none
2025-12-11T08:06:55.437426,20.5,57.4,0,0,none,none
2025-12-11T08:06:57.692072,20.5,57.3,0,0,none,none
2025-12-11T08:06:59.946863,20.5,57.3,0,0,none,none
2025-12-11T08:07:02.201500,20.5,57.4,0,0,none,none
2025-12-11T08:07:04.455868,20.5,57.4,1,0,none,none
2025-12-11T08:07:06.710758,20.6,57.4,0,0,none,none
2025-12-11T08:07:08.965398,20.5,57.3,0,0,none,none
2025-12-11T08:07:11.219896,20.5,57.3,0,0,none,none
2025-12-11T08:07:13.474636,20.5,57.3,0,0,none,none
2025-12-11T08:07:15.729358,20.5,57.3,0,0,none,none
2025-12-11T08:07:17.983932,20.5,57.4,0,0,none,none
2025-12-11T08:07:20.238756,20.5,57.4,0,0,none,none
2025-12-11T08:07:22.494375,20.5,57.4,0,0,none,none
2025-12-11T08:07:24.748919,20.5,57.4,0,0,none,none
2025-12-11T08:07:27.003765,20.6,57.4,1,0,none,none
2025-12-11T08:07:29.258392,20.5,57.4,0,0,none,none
2025-12-11T08:07:31.513029,20.6,57.5,0,0,none,none
2025-12-11T08:07:33.767717,20.5,57.4,0,0,none,none
2025-12-11T08:07:36.022146,20.5,57.4,0,0,none,none
2025-12-11T08:07:38.276659,20.5,57.4,1,0,none,none
2025-12-11T08:07:40.531396,20.5,57.4,0,0,none,none
2025-12-11T08:07:42.785507,20.5,57.4,0,0,none,none
2025-12-11T08:07:45.040038,20.5,57.4,0,0,none,none
2025-12-11T08:07:47.294676,20.5,57.4,0,0,none,none
2025-12-11T08:07:49.549542,20.5,57.4,0,0,none,none
2025-12-11T08:07:51.804027,20.5,57.4,0,0,none,none
2025-12-11T08:07:54.058414,20.5,57.4,0,0,none,none
2025-12-11T08:07:56.313272,20.5,57.4,0,0,none,none
2025-12-11T08:07:58.567588,20.5,57.5,0,0,none,none
2025-12-11T08:08:00.822133,20.5,57.5,0,0,none,none
2025-12-11T08:08:03.076960,20.5,57.4,0,0,none,none
2025-12-11T08:08:05.331605,20.5,57.4,0,0,none,none
2025-12-11T08:08:07.586329,20.6,57.5,0,0,none,none
2025-12-11T08:08:09.841095,20.5,57.4,0,0,none,none
2025-12-11T08:08:12.095881,20.5,57.4,1,0,none,none
2025-12-11T08:08:14.350471,20.5,57.5,0,0,none,none
2025-12-11T08:08:16.605218,20.5,57.4,0,0,none,none
2025-12-11T08:08:18.859866,20.5,57.4,0,0,none,none
2025-12-11T08:08:21.114425,20.6,57.5,0,0,none,none
2025-12-11T08:08:23.368965,20.5,57.4,0,0,none,none
2025-12-11T08:08:25.623778,20.5,57.5,0,0,none,none
2025-12-11T08:08:27.878333,20.5,57.4,0,0,none,none
2025-12-11T08:08:30.132973,20.6,57.5,0,0,none,none
2025-12-11T08:08:32.387714,20.5,57.4,0,0,none,none
2025-12-11T08:08:34.642401,20.5,57.4,0,0,none,none
2025-12-11T08:08:36.897172,20.5,57.4,0,0,none,none
2025-12-11T08:08:39.151691,20.5,57.4,0,0,none,none
2025-12-11T08:08:41.406272,20.5,57.4,0,0,none,none
2025-12-11T08:08:43.661009,20.5,57.4,0,0,none,none
2025-12-11T08:08:45.915585,20.5,57.4,0,0,none,none
2025-12-11T08:08:48.169785,20.5,57.4,0,0,none,none
2025-12-11T08:08:50.424479,20.5,57.4,1,0,none,none
2025-12-11T08:08:52.679240,20.5,57.4,0,0,none,none
2025-12-11T08:08:54.933819,20.5,57.4,0,0,none,none
2025-12-11T08:08:57.188402,20.5,57.4,0,0,none,none
2025-12-11T08:08:59.443066,20.5,57.4,0,0,none,none
2025-12-11T08:09:01.697613,20.5,57.5,0,0,none,none
2025-12-11T08:09:03.952246,20.5,57.5,0,0,none,none
2025-12-11T08:09:06.206895,20.6,57.5,0,0,none,none
2025-12-11T08:09:08.461234,20.5,57.4,0,0,none,none
2025-12-11T08:09:10.716029,20.6,57.5,0,0,none,none
2025-12-11T08:09:12.970693,20.5,57.5,0,0,none,none
2025-12-11T08:09:15.225182,20.5,57.5,0,0,none,none
2025-12-11T08:09:17.479662,20.5,57.5,0,0,none,none
2025-12-11T08:09:19.734399,20.5,57.5,0,0,none,none
2025-12-11T08:09:21.988915,20.5,57.5,0,0,none,none
2025-12-11T08:09:24.243803,20.5,57.5,1,0,none,none
2025-12-11T08:09:26.498598,20.5,57.4,0,0,none,none
2025-12-11T08:09:28.753115,20.5,57.5,1,0,none,none
2025-12-11T08:09:31.007939,20.5,57.5,0,0,none,none
2025-12-11T08:09:33.262592,20.6,57.5,0,0,none,none
2025-12-11T08:09:35.517300,20.6,57.6,0,0,none,none
2025-12-11T08:09:37.771619,20.5,57.5,0,0,none,none
2025-12-11T08:09:40.027448,20.5,57.5,1,0,none,none
2025-12-11T08:09:42.282028,20.5,57.5,0,0,none,none
2025-12-11T08:09:44.536449,20.5,57.5,0,0,none,none
2025-12-11T08:09:46.790958,20.5,57.6,0,0,none,none
2025-12-11T08:09:49.045583,20.5,57.6,0,0,none,none
2025-12-11T08:09:51.300161,20.6,57.7,0,0,none,none
2025-12-11T08:09:53.554948,20.6,57.8,0,0,none,none
2025-12-11T08:09:55.809822,20.5,57.7,0,0,none,none
2025-12-11T08:09:58.064404,20.5,57.7,0,0,none,none
2025-12-11T08:10:00.318943,20.5,57.8,0,0,none,none
2025-12-11T08:10:02.573383,20.5,57.8,0,0,none,none
2025-12-11T08:10:04.829392,20.5,57.9,0,0,none,none
2025-12-11T08:10:07.083916,20.6,58.0,0,0,none,none
2025-12-11T08:10:09.338770,20.5,57.9,0,0,none,none
2025-12-11T08:10:11.593497,20.6,58.0,0,0,none,none
2025-12-11T08:10:13.848066,20.6,58.0,1,0,none,none
2025-12-11T08:10:16.102860,20.6,58.0,0,0,none,none
2025-12-11T08:10:18.357499,20.6,58.0,0,0,none,none
2025-12-11T08:10:20.612212,20.6,58.0,0,0,none,none
2025-12-11T08:10:22.866991,20.5,57.9,0,0,none,none
2025-12-11T08:10:25.121696,20.6,58.0,0,0,none,none
2025-12-11T08:10:27.376362,20.5,57.9,0,0,none,none
2025-12-11T08:10:29.631263,20.6,58.0,0,0,none,none
2025-12-11T08:10:31.886029,20.5,57.9,0,0,none,none
2025-12-11T08:10:34.140568,20.5,57.9,0,0,none,none
2025-12-11T08:10:36.395562,20.5,57.8,0,0,none,none
2025-12-11T08:10:38.650309,20.5,57.9,0,0,none,none
2025-12-11T08:10:40.904923,20.6,58.0,0,0,none,none
2025-12-11T08:10:43.159785,20.6,57.9,0,0,none,none
2025-12-11T08:10:45.414532,20.5,57.8,0,0,none,none
2025-12-11T08:10:47.668971,20.6,57.9,0,0,none,none
2025-12-11T08:10:49.923814,20.5,57.8,1,0,none,none
2025-12-11T08:10:52.178514,20.5,57.8,0,0,none,none
2025-12-11T08:10:54.433101,20.5,57.8,1,0,none,none
2025-12-11T08:10:56.687772,20.5,57.8,0,0,none,none
2025-12-11T08:10:58.942444,20.6,57.8,0,0,none,none
2025-12-11T08:11:01.196888,20.5,57.7,0,0,none,none
2025-12-11T08:11:03.451503,20.5,57.8,0,0,none,none
2025-12-11T08:11:05.706242,20.5,57.8,0,0,none,none
2025-12-11T08:11:07.960616,20.5,57.8,1,0,none,none
2025-12-11T08:11:10.215491,20.5,57.8,0,0,none,none
2025-12-11T08:11:12.470138,20.5,57.8,0,0,none,none
2025-12-11T08:11:14.724772,20.6,57.9,0,0,none,none
2025-12-11T08:11:16.979650,20.5,57.8,0,0,none,none
2025-12-11T08:11:19.234243,20.6,57.9,0,0,none,none
2025-12-11T08:11:21.488812,20.5,57.8,1,0,none,none
2025-12-11T08:11:23.743762,20.6,57.9,0,0,none,none
2025-12-11T08:11:25.998432,20.6,58.0,0,0,none,none
2025-12-11T08:11:28.252904,20.6,57.9,0,0,none,none
2025-12-11T08:11:30.507815,20.6,58.0,1,0,none,none
2025-12-11T08:11:32.762443,20.6,57.9,0,0,none,none
2025-12-11T08:11:35.016900,20.5,57.8,0,0,none,none
2025-12-11T08:11:37.271754,20.6,58.0,0,0,none,none
2025-12-11T08:11:39.526426,20.6,57.9,0,0,none,none
2025-12-11T08:11:41.780742,20.6,58.0,1,0,none,none
2025-12-11T08:11:44.035621,20.6,57.9,0,0,none,none
2025-12-11T08:11:46.290306,20.5,57.8,0,0,none,none
2025-12-11T08:11:48.544942,20.5,57.8,1,0,none,none
2025-12-11T08:11:50.799837,20.5,57.8,0,0,none,none
2025-12-11T08:11:53.055770,20.5,57.9,1,0,none,none
2025-12-11T08:11:55.310407,20.6,58.0,0,0,none,none
2025-12-11T08:11:57.565232,20.5,57.9,0,0,none,none
2025-12-11T08:11:59.819946,20.6,57.9,0,0,none,none
2025-12-11T08:12:02.074617,20.6,58.0,0,0,none,none
2025-12-11T08:12:04.329182,20.5,57.9,0,0,none,none
2025-12-11T08:12:06.583899,20.5,57.8,0,0,none,none
2025-12-11T08:12:08.838510,20.6,57.9,0,0,none,none
2025-12-11T08:12:11.093207,20.6,57.9,0,0,none,none
2025-12-11T08:12:13.347921,20.6,57.9,1,0,none,none
2025-12-11T08:12:15.602592,20.5,57.8,0,0,none,none
2025-12-11T08:12:17.856852,20.6,57.9,0,0,none,none
2025-12-11T08:12:20.111575,20.6,57.9,1,0,none,none
2025-12-11T08:12:22.366184,20.5,57.8,0,0,none,none
2025-12-11T08:12:24.620846,20.5,57.8,0,0,none,none
2025-12-11T08:12:26.875581,20.5,57.8,0,0,none,none
2025-12-11T08:12:29.130165,20.6,57.9,0,0,none,none
2025-12-11T08:12:31.384973,20.6,57.9,1,0,none,none
2025-12-11T08:12:33.639753,20.5,57.8,0,0,none,none
2025-12-11T08:12:35.894380,20.6,57.9,0,0,none,none
2025-12-11T08:12:38.149067,20.5,57.8,0,0,none,none
2025-12-11T08:12:40.403674,20.6,57.9,0,0,none,none
2025-12-11T08:12:42.658307,20.5,57.8,0,0,none,none
2025-12-11T08:12:44.913019,20.5,57.8,0,0,none,none
2025-12-11T08:12:47.167607,20.6,57.9,1,0,none,none
2025-12-11T08:12:49.422149,20.6,58.0,0,0,none,none
2025-12-11T08:12:51.676928,20.6,58.0,1,0,none,none
2025-12-11T08:12:53.931598,20.5,57.9,0,0,none,none
2025-12-11T08:12:56.186163,20.6,58.0,0,0,none,none
2025-12-11T08:12:58.440822,20.5,57.9,0,0,none,none
2025-12-11T08:13:00.695498,20.5,57.9,0,0,none,none
2025-12-11T08:13:02.950053,20.6,58.0,0,0,none,none
2025-12-11T08:13:05.204779,20.6,58.0,0,0,none,none
2025-12-11T08:13:07.459490,20.6,58.0,0,0,none,none
2025-12-11T08:13:09.714104,20.5,57.9,0,0,none,none
2025-12-11T08:13:11.968863,20.6,58.0,0,0,none,none
2025-12-11T08:13:14.223515,20.5,57.9,0,0,none,none
2025-12-11T08:13:16.478025,20.6,58.0,0,0,none,none
2025-12-11T08:13:18.732754,20.6,58.0,0,0,none,none
2025-12-11T08:13:20.987356,20.5,57.9,0,0,none,none
2025-12-11T08:13:23.241570,20.5,57.9,0,0,none,none
2025-12-11T08:13:25.496226,20.6,58.0,0,0,none,none
2025-12-11T08:13:27.750945,20.6,58.0,0,0,none,none
2025-12-11T08:13:30.005515,20.6,58.0,0,0,none,none
2025-12-11T08:13:32.260232,20.6,58.0,0,0,none,none
2025-12-11T08:13:34.514861,20.6,58.0,0,0,none,none
2025-12-11T08:13:36.769358,20.6,58.0,0,0,none,none
2025-12-11T08:13:39.024135,20.6,57.9,0,0,none,none
2025-12-11T08:13:41.278715,20.6,58.0,0,0,none,none
2025-12-11T08:13:43.533269,20.6,58.0,0,0,none,none
2025-12-11T08:13:45.787956,20.6,58.0,0,0,none,none
2025-12-11T08:13:48.042548,20.6,58.0,0,0,none,none
2025-12-11T08:13:50.297021,20.6,58.0,0,0,none,none
2025-12-11T08:13:52.551838,20.5,57.9,0,0,none,none
2025-12-11T08:13:54.806381,20.6,58.0,0,0,none,none
2025-12-11T08:13:57.060851,20.6,58.0,0,0,none,none
2025-12-11T08:13:59.315526,20.6,57.9,0,0,none,none
2025-12-11T08:14:01.570196,20.5,57.8,0,0,none,none
2025-12-11T08:14:03.824675,20.6,57.9,0,0,none,none
2025-12-11T08:14:06.079506,20.6,57.9,1,0,none,none
2025-12-11T08:14:08.334070,20.6,57.9,0,0,none,none
2025-12-11T08:14:10.588609,20.6,57.9,0,0,none,none
2025-12-11T08:14:12.843326,20.5,57.8,0,0,none,none
2025-12-11T08:14:15.097921,20.6,57.9,0,0,none,none
2025-12-11T08:14:17.352247,20.6,57.9,1,0,none,none
2025-12-11T08:14:19.607018,20.6,57.9,0,0,none,none
2025-12-11T08:14:21.861347,20.6,57.9,0,0,none,none
2025-12-11T08:14:24.115779,20.6,57.9,0,0,none,none
2025-12-11T08:14:26.370436,20.5,57.8,0,0,none,none
2025-12-11T08:14:28.624901,20.5,57.8,1,0,none,none
2025-12-11T08:14:30.879420,20.6,57.9,0,0,none,none
2025-12-11T08:14:33.134120,20.6,57.9,0,0,none,none
2025-12-11T08:14:35.388650,20.6,57.9,0,0,none,none
2025-12-11T08:14:37.643234,20.6,58.0,0,0,none,none
2025-12-11T08:14:39.897896,20.6,58.0,0,0,none,none
2025-12-11T08:14:42.152436,20.6,58.1,0,0,none,none
2025-12-11T08:14:44.407064,20.6,58.2,0,0,none,none
2025-12-11T08:14:46.661802,20.6,58.3,0,0,none,none
2025-12-11T08:14:48.916428,20.5,58.3,0,0,none,none
2025-12-11T08:14:51.171019,20.6,58.4,0,0,none,none
2025-12-11T08:14:53.425813,20.5,58.4,0,0,none,none
2025-12-11T08:14:55.680399,20.6,58.5,0,0,none,none
2025-12-11T08:14:57.934809,20.6,58.5,0,0,none,none
2025-12-11T08:15:00.189484,20.5,58.4,0,0,none,none
2025-12-11T08:15:02.443846,20.6,58.6,0,0,none,none
2025-12-11T08:15:04.698432,20.6,58.6,0,0,none,none
2025-12-11T08:15:06.952782,20.6,58.5,0,0,none,none
2025-12-11T08:15:09.207363,20.6,58.6,0,0,none,none
2025-12-11T08:15:11.461888,20.6,58.6,0,0,none,none
2025-12-11T08:15:13.716635,20.6,58.6,0,0,none,none
2025-12-11T08:15:15.971226,20.6,58.6,0,0,none,none
2025-12-11T08:15:18.225650,20.6,58.6,0,0,none,none
2025-12-11T08:15:20.480411,20.6,58.6,0,0,none,none
2025-12-11T08:15:22.734895,20.6,58.5,0,0,none,none
2025-12-11T08:15:24.989289,20.6,58.5,0,0,none,none
2025-12-11T08:15:27.243562,20.6,58.4,0,0,none,none
2025-12-11T08:15:29.498193,20.6,58.4,0,0,none,none
2025-12-11T08:15:31.752710,20.6,58.4,0,0,none,none
2025-12-11T08:15:34.007463,20.6,58.4,0,0,none,none
2025-12-11T08:15:36.262045,20.6,58.3,0,0,none,none
2025-12-11T08:15:38.516461,20.6,58.3,0,0,none,none
2025-12-11T08:15:40.771202,20.6,58.3,1,0,none,none
2025-12-11T08:15:43.025741,20.6,58.3,0,0,none,none
2025-12-11T08:15:45.280247,20.5,58.2,0,0,none,none
2025-12-11T08:15:47.535049,20.6,58.3,0,0,none,none
2025-12-11T08:15:49.789646,20.6,58.3,0,0,none,none
2025-12-11T08:15:52.044107,20.6,58.3,0,0,none,none
2025-12-11T08:15:54.298870,20.6,58.3,0,0,none,none
2025-12-11T08:15:56.553571,20.6,58.2,1,0,none,none
2025-12-11T08:15:58.808036,20.6,58.2,0,0,none,none
2025-12-11T08:16:01.062730,20.6,58.3,0,0,none,none
2025-12-11T08:16:03.317235,20.6,58.3,0,0,none,none
2025-12-11T08:16:05.571413,20.6,58.2,0,0,none,none
2025-12-11T08:16:07.826047,20.5,58.1,0,0,none,none
2025-12-11T08:16:10.080608,20.6,58.2,0,0,none,none
2025-12-11T08:16:12.334947,20.6,58.2,1,0,none,none
2025-12-11T08:16:14.589693,20.6,58.1,0,0,none,none
2025-12-11T08:16:16.844243,20.5,58.1,0,0,none,none
2025-12-11T08:16:19.098754,20.6,58.1,0,0,none,none
2025-12-11T08:16:21.353425,20.6,58.1,0,0,none,none
2025-12-11T08:16:23.607951,20.6,58.1,1,0,none,none
2025-12-11T08:16:25.862542,20.6,58.1,0,0,none,none
2025-12-11T08:16:28.117091,20.6,58.1,0,0,none,none
2025-12-11T08:16:30.371805,20.5,58.1,0,0,none,none
2025-12-11T08:16:32.626459,20.6,58.2,0,0,none,none
2025-12-11T08:16:34.881146,20.6,58.2,0,0,none,none
2025-12-11T08:16:37.135734,20.5,58.1,0,0,none,none
2025-12-11T08:16:39.390247,20.6,58.3,1,0,none,none
2025-12-11T08:16:41.645204,20.6,58.3,0,0,none,none
2025-12-11T08:16:43.899857,20.6,58.3,0,0,none,none
2025-12-11T08:16:46.154412,20.6,58.3,0,0,none,none
2025-12-11T08:16:48.409164,20.6,58.3,0,0,none,none
2025-12-11T08:16:50.663769,20.6,58.2,0,0,none,none
2025-12-11T08:16:52.918390,20.6,58.3,1,0,none,none
2025-12-11T08:16:55.173076,20.6,58.3,0,0,none,none
2025-12-11T08:16:57.427478,20.6,58.3,1,0,none,none
2025-12-11T08:16:59.682197,20.6,58.3,0,0,none,none
2025-12-11T08:17:01.936515,20.6,58.3,0,0,none,none
2025-12-11T08:17:04.190787,20.6,58.3,0,0,none,none
2025-12-11T08:17:06.444954,20.6,58.3,0,0,none,none
2025-12-11T08:17:08.699801,20.5,58.3,1,0,none,none
2025-12-11T08:17:10.954488,20.6,58.4,0,0,none,none
2025-12-11T08:17:13.208856,20.6,58.3,0,0,none,none
2025-12-11T08:17:15.463749,20.6,58.4,1,0,none,none
2025-12-11T08:17:17.718456,20.6,58.4,0,0,none,none
2025-12-11T08:17:19.972755,20.6,58.3,0,0,none,none
2025-12-11T08:17:22.227602,20.6,58.4,1,0,none,none
2025-12-11T08:17:24.482256,20.6,58.4,0,0,none,none
2025-12-11T08:17:26.736894,20.6,58.4,1,0,none,none
2025-12-11T08:17:28.991730,20.6,58.4,0,0,none,none
2025-12-11T08:17:31.246373,20.6,58.5,0,0,none,none
2025-12-11T08:17:33.501013,20.6,58.5,0,0,none,none
2025-12-11T08:17:35.755871,20.6,58.5,0,0,none,none
2025-12-11T08:17:38.010524,20.6,58.6,0,0,none,none
2025-12-11T08:17:40.264925,20.6,58.5,0,0,none,none
2025-12-11T08:17:42.519792,20.6,58.6,0,0,none,none
2025-12-11T08:17:44.774420,20.6,58.6,0,0,none,none
2025-12-11T08:17:47.028871,20.6,58.6,0,0,none,none
2025-12-11T08:17:49.283699,20.6,58.6,0,0,none,none
2025-12-11T08:17:51.538265,20.6,58.6,0,0,none,none
2025-12-11T08:17:53.793571,20.6,58.6,1,0,none,none
2025-12-11T08:17:56.048099,20.6,58.6,0,0,none,none
2025-12-11T08:17:58.302726,20.6,58.6,0,0,none,none
2025-12-11T08:18:00.557256,20.6,58.6,0,0,none,none
2025-12-11T08:18:02.812054,20.6,58.6,0,0,none,none
2025-12-11T08:18:05.066745,20.6,58.6,1,0,none,none
2025-12-11T08:18:07.321179,20.6,58.6,0,0,none,none
2025-12-11T08:18:09.576001,20.6,58.6,0,0,none,none
2025-12-11T08:18:11.830651,20.6,58.6,0,0,none,none
2025-12-11T08:18:14.085203,20.6,58.6,0,0,none,none
2025-12-11T08:18:16.339936,20.6,58.6,1,0,none,none
2025-12-11T08:18:18.594747,20.5,58.5,0,0,none,none
2025-12-11T08:18:20.849002,20.6,58.6,1,0,none,none
2025-12-11T08:18:23.103820,20.6,58.6,0,0,none,none
2025-12-11T08:18:25.358540,20.6,58.6,0,0,none,none
2025-12-11T08:18:27.612879,20.6,58.6,1,0,none,none
2025-12-11T08:18:29.867790,20.6,58.6,0,0,none,none
2025-12-11T08:18:32.121877,20.6,58.6,0,0,none,none
2025-12-11T08:18:34.376094,20.6,58.6,1,0,none,none
2025-12-11T08:18:36.630942,20.6,58.6,0,0,none,none
2025-12-11T08:18:38.885483,20.6,58.6,0,0,none,none
2025-12-11T08:18:41.139857,20.6,58.6,0,0,none,none
2025-12-11T08:18:43.394649,20.6,58.6,0,0,none,none
2025-12-11T08:18:45.649259,20.6,58.6,0,0,none,none
2025-12-11T08:18:47.903842,20.5,58.5,0,0,none,none
2025-12-11T08:18:50.158552,20.6,58.6,0,0,none,none
2025-12-11T08:18:52.413174,20.6,58.6,0,0,none,none
2025-12-11T08:18:54.667584,20.6,58.6,0,0,none,none
2025-12-11T08:18:56.922396,20.6,58.6,1,0,none,none
2025-12-11T08:18:59.177068,20.6,58.6,0,0,none,none
2025-12-11T08:19:01.431752,20.6,58.6,0,0,none,none
2025-12-11T08:19:03.686666,20.6,58.6,0,0,none,none
2025-12-11T08:19:05.941312,20.6,58.6,0,0,none,none
2025-12-11T08:19:08.195807,20.6,58.6,1,0,none,none
2025-12-11T08:19:10.450642,20.6,58.6,0,0,none,none
2025-12-11T08:19:12.705313,20.6,58.6,0,0,none,none
2025-12-11T08:19:14.959858,20.6,58.6,0,0,none,none
2025-12-11T08:19:17.214337,20.6,58.5,0,0,none,none
2025-12-11T08:19:19.468963,20.6,58.5,0,0,none,none
2025-12-11T08:19:21.723671,20.6,58.6,0,0,none,none
2025-12-11T08:19:23.978524,20.6,58.5,0,0,none,none
2025-12-11T08:19:26.233134,20.6,58.6,0,0,none,none
2025-12-11T08:19:28.487569,20.6,58.5,1,0,none,none
2025-12-11T08:19:30.742439,20.6,58.5,0,0,none,none
2025-12-11T08:19:32.996970,20.6,58.5,0,0,none,none
2025-12-11T08:19:35.251633,20.6,58.5,0,0,none,none
2025-12-11T08:19:37.506548,20.6,58.5,0,0,none,none
2025-12-11T08:19:39.760965,20.6,58.5,0,0,none,none
2025-12-11T08:19:42.015587,20.6,58.5,0,0,none,none
2025-12-11T08:19:44.270295,20.6,58.5,0,0,none,none
2025-12-11T08:19:46.524987,20.6,58.5,1,0,none,none
2025-12-11T08:19:48.778978,20.6,58.5,0,0,none,none
2025-12-11T08:19:51.033786,20.6,58.5,0,0,none,none
2025-12-11T08:19:53.288098,20.6,58.5,0,0,none,none
2025-12-11T08:19:55.542826,20.6,58.5,0,0,none,none
2025-12-11T08:19:57.797544,20.6,58.4,0,0,none,none
2025-12-11T08:20:00.052172,20.6,58.5,0,0,none,none
2025-12-11T08:20:02.306553,20.6,58.5,0,0,none,none
2025-12-11T08:20:04.561554,20.6,58.4,0,0,none,none
2025-12-11T08:20:06.816133,20.6,58.4,0,0,none,none
2025-12-11T08:20:09.070770,20.6,58.4,0,0,none,none
2025-12-11T08:20:11.325440,20.6,58.4,1,0,none,none
2025-12-11T08:20:13.579756,20.6,58.3,0,0,none,none
2025-12-11T08:20:15.834209,20.6,58.3,0,0,none,none
2025-12-11T08:20:18.088982,20.6,58.3,0,0,none,none
2025-12-11T08:20:20.343696,20.6,58.3,0,0,none,none
2025-12-11T08:20:22.598381,20.6,58.3,1,0,none,none
2025-12-11T08:20:24.852839,20.6,58.3,0,0,none,none
2025-12-11T08:20:27.107553,20.6,58.3,0,0,none,none
2025-12-11T08:20:29.361959,20.6,58.4,0,0,none,none
2025-12-11T08:20:31.616720,20.6,58.4,0,0,none,none
2025-12-11T08:20:33.871232,20.6,58.4,0,0,none,none
2025-12-11T08:20:36.125532,20.6,58.4,0,0,none,none
2025-12-11T08:20:38.379930,20.6,58.4,0,0,none,none
2025-12-11T08:20:40.634675,20.6,58.4,0,0,none,none
2025-12-11T08:20:42.888999,20.6,58.4,0,0,none,none
2025-12-11T08:20:45.143879,20.6,58.3,0,0,none,none
2025-12-11T08:20:47.398366,20.6,58.4,0,0,none,none
2025-12-11T08:20:49.652807,20.6,58.3,0,0,none,none
2025-12-11T08:20:51.907749,20.6,58.3,0,0,none,none
2025-12-11T08:20:54.162388,20.6,58.3,0,0,none,none
2025-12-11T08:20:56.416987,20.6,58.3,1,0,none,none
2025-12-11T08:20:58.671782,20.6,58.3,0,0,none,none
2025-12-11T08:21:00.926512,20.6,58.3,0,0,none,none
2025-12-11T08:21:03.181000,20.6,58.3,0,0,none,none
2025-12-11T08:21:05.435509,20.6,58.3,0,0,none,none
2025-12-11T08:21:07.690241,20.6,58.3,1,0,none,none
2025-12-11T08:21:09.944819,20.6,58.3,0,0,none,none
2025-12-11T08:21:12.199685,20.6,58.3,0,0,none,none
2025-12-11T08:21:14.454255,20.6,58.3,0,0,none,none
2025-12-11T08:21:16.709139,20.6,58.3,0,0,none,none
2025-12-11T08:21:18.963951,20.6,58.3,0,0,none,none
2025-12-11T08:21:21.218613,20.6,58.3,0,0,none,none
2025-12-11T08:21:23.473033,20.6,58.3,0,0,none,none
2025-12-11T08:21:25.727941,20.6,58.3,0,0,none,none
2025-12-11T08:21:27.982530,20.6,58.3,0,0,none,none
2025-12-11T08:21:30.237037,20.6,58.3,0,0,none,none
2025-12-11T08:21:32.491737,20.6,58.3,0,0,none,none
2025-12-11T08:21:34.746158,20.6,58.4,1,0,none,none
2025-12-11T08:21:37.000662,20.6,58.3,0,0,none,none
2025-12-11T08:21:39.255459,20.6,58.3,0,0,none,none
2025-12-11T08:21:41.510208,20.6,58.3,0,0,none,none
2025-12-11T08:21:43.764502,20.6,58.3,1,0,none,none
2025-12-11T08:21:46.019319,20.6,58.3,0,0,none,none
2025-12-11T08:21:48.273951,20.6,58.4,0,0,none,none
2025-12-11T08:21:50.528556,20.6,58.4,1,0,none,none
2025-12-11T08:21:52.783126,20.6,58.4,0,0,none,none
2025-12-11T08:21:55.037582,20.6,58.4,1,0,none,none
2025-12-11T08:21:57.291588,20.6,58.3,0,0,none,none
2025-12-11T08:21:59.546410,20.6,58.3,0,0,none,none
2025-12-11T08:22:01.800702,20.6,58.3,0,0,none,none
2025-12-11T08:22:04.055300,20.6,58.3,1,0,none,none
2025-12-11T08:22:06.309796,20.6,58.3,0,0,none,none
2025-12-11T08:22:08.564104,20.6,58.3,0,0,none,none
2025-12-11T08:22:10.818714,20.6,58.2,1,0,none,none
2025-12-11T08:22:13.073131,20.6,58.2,0,0,none,none
2025-12-11T08:22:15.327842,20.6,58.2,0,0,none,none
2025-12-11T08:22:17.582269,20.6,58.1,0,0,none,none
2025-12-11T08:22:19.836956,20.6,58.1,1,0,none,none
2025-12-11T08:22:22.091659,20.6,58.1,0,0,none,none
2025-12-11T08:22:24.345930,20.6,58.1,0,0,none,none
2025-12-11T08:22:26.600775,20.6,58.1,0,0,none,none
2025-12-11T08:22:28.855447,20.6,58.1,1,0,none,none
2025-12-11T08:22:31.110010,20.6,58.1,0,0,none,none
2025-12-11T08:22:33.364540,20.6,58.1,1,0,none,none
2025-12-11T08:22:35.619099,20.6,58.2,0,0,none,none
2025-12-11T08:22:37.873462,20.6,58.2,0,0,none,none
2025-12-11T08:22:40.128268,20.6,58.2,0,0,none,none
2025-12-11T08:22:42.382875,20.6,58.2,0,0,none,none
2025-12-11T08:22:44.637463,20.6,58.2,0,0,none,none
2025-12-11T08:22:46.892157,20.6,58.2,0,0,none,none
2025-12-11T08:22:49.146773,20.6,58.2,0,0,none,none
2025-12-11T08:22:51.401308,20.6,58.2,0,0,none,none
2025-12-11T08:22:53.656044,20.6,58.2,0,0,none,none
2025-12-11T08:22:55.910637,20.6,58.2,0,0,none,none
2025-12-11T08:22:58.165195,20.6,58.2,0,0,none,none
2025-12-11T08:23:00.419742,20.6,58.2,0,0,none,none
2025-12-11T08:23:02.674451,20.6,58.2,0,0,none,none
2025-12-11T08:23:04.928961,20.6,58.1,0,0,none,none
2025-12-11T08:23:07.183784,20.6,58.1,0,0,none,none
2025-12-11T08:23:09.438364,20.6,58.1,0,0,none,none
2025-12-11T08:23:11.692503,20.6,58.1,0,0,none,none
2025-12-11T08:23:13.947240,20.6,58.1,0,0,none,none
2025-12-11T08:23:16.201918,20.6,58.2,0,0,none,none
2025-12-11T08:23:18.456437,20.6,58.2,0,0,none,none
2025-12-11T08:23:20.711040,20.6,58.1,0,0,none,none
2025-12-11T08:23:22.965536,20.6,58.2,0,0,none,none
2025-12-11T08:23:25.219974,20.6,58.2,0,0,none,none
2025-12-11T08:23:27.474761,20.6,58.1,0,0,none,none
2025-12-11T08:23:29.729466,20.6,58.2,1,0,none,none
2025-12-11T08:23:31.983948,20.6,58.2,0,0,none,none
2025-12-11T08:23:34.238746,20.6,58.1,1,0,none,none
2025-12-11T08:23:36.493400,20.6,58.1,0,0,none,none
2025-12-11T08:23:38.747904,20.6,58.1,0,0,none,none
2025-12-11T08:23:41.002716,20.6,58.1,0,0,none,none
2025-12-11T08:23:43.257266,20.6,58.1,0,0,none,none
2025-12-11T08:23:45.511811,20.6,58.1,0,0,none,none
2025-12-11T08:23:47.766470,20.6,58.1,0,0,none,none
2025-12-11T08:23:50.020952,20.6,58.1,0,0,none,none
2025-12-11T08:23:52.275588,20.6,58.1,0,0,none,none
2025-12-11T08:23:54.530425,20.6,58.1,0,0,none,none
2025-12-11T08:23:56.784630,20.6,58.1,0,0,none,none
2025-12-11T08:23:59.039258,20.6,58.1,0,0,none,none
2025-12-11T08:24:01.294006,20.6,58.1,0,0,none,none
2025-12-11T08:24:03.550822,20.6,58.1,1,0,none,none
2025-12-11T08:24:05.804947,20.6,58.2,0,0,none,none
2025-12-11T08:24:08.059799,20.6,58.1,0,0,none,none
2025-12-11T08:24:10.314436,20.6,58.2,1,0,none,none
2025-12-11T08:24:12.568800,20.6,58.2,0,0,none,none
2025-12-11T08:24:14.823668,20.6,58.2,0,0,none,none
2025-12-11T08:24:17.078263,20.6,58.2,0,0,none,none
2025-12-11T08:24:19.332548,20.6,58.2,0,0,none,none
2025-12-11T08:24:21.587538,20.6,58.1,0,0,none,none
2025-12-11T08:24:23.842100,20.6,58.2,0,0,none,none
2025-12-11T08:24:26.096604,20.6,58.2,0,0,none,none
2025-12-11T08:24:28.351279,20.6,58.1,0,0,none,none
2025-12-11T08:24:30.606027,20.6,58.2,1,0,none,none
2025-12-11T08:24:32.859964,20.6,58.2,0,0,none,none
2025-12-11T08:24:35.114754,20.6,58.2,0,0,none,none
2025-12-11T08:24:37.369248,20.6,58.2,0,0,none,none
2025-12-11T08:24:39.623635,20.6,58.2,0,0,none,none
2025-12-11T08:24:41.877978,20.6,58.2,0,0,none,none
2025-12-11T08:24:44.132574,20.6,58.1,1,0,none,none
2025-12-11T08:24:46.387185,20.6,58.1,0,0,none,none
2025-12-11T08:24:48.641852,20.6,58.2,0,0,none,none
2025-12-11T08:24:50.896374,20.6,58.1,0,0,none,none
2025-12-11T08:24:53.150921,20.6,58.1,1,0,none,none
2025-12-11T08:24:55.405328,20.6,58.2,0,0,none,none
2025-12-11T08:24:57.659776,20.6,58.1,1,0,none,none
2025-12-11T08:24:59.913792,20.6,58.1,0,0,none,none
2025-12-11T08:25:02.168308,20.6,58.1,0,0,none,none
2025-12-11T08:25:04.422883,20.6,58.1,1,0,none,none
2025-12-11T08:25:06.677508,20.6,58.1,0,0,none,none
2025-12-11T08:25:08.931746,20.6,58.2,0,0,none,none
2025-12-11T08:25:11.186325,20.6,58.1,0,0,none,none
2025-12-11T08:25:13.440865,20.6,58.1,0,0,none,none
2025-12-11T08:25:15.695710,20.6,58.1,0,0,none,none
2025-12-11T08:25:17.950153,20.6,58.1,1,0,none,none
2025-12-11T08:25:20.204624,20.6,58.1,0,0,none,none
2025-12-11T08:25:22.459471,20.6,58.1,0,0,none,none
2025-12-11T08:25:24.713872,20.6,58.1,0,0,none,none
2025-12-11T08:25:26.968102,20.6,58.1,0,0,none,none
2025-12-11T08:25:29.222778,20.6,58.1,0,0,none,none
2025-12-11T08:25:31.477226,20.6,58.1,0,0,none,none
2025-12-11T08:25:33.731834,20.6,58.1,0,0,none,none
2025-12-11T08:25:35.986499,20.6,58.1,0,0,none,none
2025-12-11T08:25:38.242904,20.6,58.1,0,0,none,none
2025-12-11T08:25:40.497421,20.6,58.1,0,0,none,none
2025-12-11T08:25:42.752076,20.6,58.1,0,0,none,none
2025-12-11T08:25:45.006552,20.6,58.1,0,0,none,none
2025-12-11T08:25:47.261078,20.6,58.1,0,0,none,none
2025-12-11T08:25:49.516028,20.6,58.1,0,0,none,none
2025-12-11T08:25:51.770594,20.6,58.1,0,0,none,none
2025-12-11T08:25:54.025149,20.6,58.1,0,0,none,none
2025-12-11T08:25:56.279944,20.6,58.1,0,0,none,none
2025-12-11T08:25:58.534677,20.6,58.1,0,0,none,none
2025-12-11T08:26:00.788937,20.6,58.1,0,0,none,none
2025-12-11T08:26:03.043785,20.6,58.1,0,0,none,none
2025-12-11T08:26:05.298302,20.6,58.1,0,0,none,none
2025-12-11T08:26:07.552908,20.6,58.1,0,0,none,none
2025-12-11T08:26:09.807695,20.6,58.1,0,0,none,none
2025-12-11T08:26:12.062223,20.6,58.1,0,0,none,none
2025-12-11T08:26:14.316834,20.6,58.1,0,0,none,none
2025-12-11T08:26:16.571426,20.6,58.1,0,0,none,none
2025-12-11T08:26:18.825994,20.6,58.1,0,0,none,none
2025-12-11T08:26:21.080514,20.6,58.1,0,0,none,none
2025-12-11T08:26:23.335295,20.6,58.1,0,0,none,none
2025-12-11T08:26:25.590013,20.6,58.1,0,0,none,none
2025-12-11T08:26:27.844161,20.6,58.1,1,0,none,none
2025-12-11T08:26:30.098960,20.6,58.1,0,0,none,none
2025-12-11T08:26:32.355364,20.6,58.1,0,0,none,none
2025-12-11T08:26:34.609972,20.6,58.1,0,0,none,none
2025-12-11T08:26:36.864789,20.6,58.1,0,0,none,none
2025-12-11T08:26:39.119421,20.6,58.1,0,0,none,none
2025-12-11T08:26:41.374074,20.6,58.1,0,0,none,none
2025-12-11T08:26:43.628879,20.6,58.1,0,0,none,none
2025-12-11T08:26:45.883566,20.7,58.2,0,0,none,none
2025-12-11T08:26:48.138162,20.6,58.1,1,0,none,none
2025-12-11T08:26:50.392560,20.6,58.1,0,0,none,none
2025-12-11T08:26:52.647005,20.6,58.1,0,0,none,none
2025-12-11T08:26:54.901514,20.6,58.1,0,0,none,none
2025-12-11T08:26:57.155953,20.6,58.1,0,0,none,none
2025-12-11T08:26:59.410570,20.6,58.1,1,0,none,none
2025-12-11T08:27:01.665125,20.6,58.1,0,0,none,none
2025-12-11T08:27:03.919989,20.6,58.1,0,0,none,none
2025-12-11T08:27:06.174549,20.6,58.1,0,0,none,none
2025-12-11T08:27:08.428709,20.6,58.1,0,0,none,none
2025-12-11T08:27:10.683612,20.6,58.1,1,0,none,none
2025-12-11T08:27:12.937769,20.6,58.1,0,0,none,none
2025-12-11T08:27:15.192303,20.6,58.1,0,0,none,none
2025-12-11T08:27:17.447126,20.6,58.1,0,0,none,none
2025-12-11T08:27:19.701467,20.6,58.1,0,0,none,none
2025-12-11T08:27:21.955563,20.6,58.1,1,0,none,none
2025-12-11T08:27:24.210094,20.6,58.1,0,0,none,none
2025-12-11T08:27:26.464713,20.6,58.1,0,0,none,none
2025-12-11T08:27:28.719423,20.6,58.1,0,0,none,none
2025-12-11T08:27:30.974237,20.6,58.1,0,0,none,none
2025-12-11T08:27:33.228660,20.6,58.1,0,0,none,none
2025-12-11T08:27:35.483401,20.6,58.1,0,0,none,none
2025-12-11T08:27:37.738273,20.6,58.2,0,0,none,none
2025-12-11T08:27:39.992902,20.6,58.1,0,0,none,none
2025-12-11T08:27:42.247526,20.6,58.1,0,0,none,none
2025-12-11T08:27:44.502383,20.6,58.1,0,0,none,none
2025-12-11T08:27:46.757070,20.6,58.1,0,0,none,none
2025-12-11T08:27:49.011672,20.6,58.1,0,0,none,none
2025-12-11T08:27:51.266448,20.6,58.1,0,0,none,none
2025-12-11T08:27:53.523268,20.6,58.1,0,0,none,none
2025-12-11T08:27:55.777889,20.6,58.1,0,0,none,none
2025-12-11T08:27:58.032585,20.6,58.1,0,0,none,none
2025-12-11T08:28:00.287274,20.6,58.1,0,0,none,none
2025-12-11T08:28:02.542012,20.6,58.1,0,0,none,none
2025-12-11T08:28:04.796453,20.6,58.1,0,0,none,none
2025-12-11T08:28:07.051129,20.6,58.0,0,0,none,none
2025-12-11T08:28:09.305675,20.6,58.1,0,0,none,none
2025-12-11T08:28:11.560105,20.6,58.1,0,0,none,none
2025-12-11T08:28:13.814765,20.6,58.1,0,0,none,none
2025-12-11T08:28:16.069132,20.6,58.0,0,0,none,none
2025-12-11T08:28:18.324006,20.6,58.1,0,0,none,none
2025-12-11T08:28:20.578761,20.6,58.0,0,0,none,none
2025-12-11T08:28:22.833367,20.6,58.0,0,0,none,none
2025-12-11T08:28:25.088164,20.6,58.0,0,0,none,none
2025-12-11T08:28:27.342847,20.6,58.1,0,0,none,none
2025-12-11T08:28:29.597517,20.6,58.1,0,0,none,none
2025-12-11T08:28:31.852069,20.6,58.1,1,0,none,none
2025-12-11T08:28:34.106621,20.6,58.1,0,0,none,none
2025-12-11T08:28:36.360915,20.6,58.1,1,0,none,none
2025-12-11T08:28:38.615841,20.6,58.1,0,0,none,none
2025-12-11T08:28:40.870508,20.6,58.1,0,0,none,none
2025-12-11T08:28:43.125090,20.6,58.1,1,0,none,none
2025-12-11T08:28:45.379574,20.6,58.1,0,0,none,none
2025-12-11T08:28:47.634178,20.6,58.1,0,0,none,none
2025-12-11T08:28:49.888763,20.6,58.1,0,0,none,none
2025-12-11T08:28:52.143570,20.6,58.1,0,0,none,none
2025-12-11T08:28:54.398080,20.6,58.1,1,0,none,none
2025-12-11T08:28:56.652678,20.6,58.1,0,0,none,none
2025-12-11T08:28:58.907447,20.6,58.1,0,0,none,none
2025-12-11T08:29:01.161976,20.6,58.0,0,0,none,none
2025-12-11T08:29:03.416277,20.6,58.1,0,0,none,none
2025-12-11T08:29:05.670813,20.6,58.1,0,0,none,none
2025-12-11T08:29:07.925291,20.6,58.1,0,0,none,none
2025-12-11T08:29:10.179492,20.6,58.0,0,0,none,none
2025-12-11T08:29:12.434064,20.6,58.1,0,0,none,none
2025-12-11T08:29:14.688657,20.6,58.0,0,0,none,none
2025-12-11T08:29:16.943251,20.6,58.0,0,0,none,none
2025-12-11T08:29:19.197838,20.6,58.0,0,0,none,none
2025-12-11T08:29:21.452222,20.6,58.0,0,0,none,none
2025-12-11T08:29:23.706594,20.6,58.0,0,0,none,none
2025-12-11T08:29:25.961397,20.6,58.0,0,0,none,none
2025-12-11T08:29:28.215850,20.6,58.0,0,0,none,none
2025-12-11T08:29:30.470141,20.6,58.0,0,0,none,none
2025-12-11T08:29:32.724584,20.6,58.0,0,0,none,none
2025-12-11T08:29:34.979294,20.6,58.0,0,0,none,none
2025-12-11T08:29:37.233699,20.6,58.0,0,0,none,none
2025-12-11T08:29:39.488492,20.6,58.0,0,0,none,none
2025-12-11T08:29:41.743161,20.6,58.0,0,0,none,none
2025-12-11T08:29:43.997756,20.6,58.0,0,0,none,none
2025-12-11T08:29:46.252495,20.6,58.0,0,0,none,none
2025-12-11T08:29:48.507311,20.6,58.0,0,0,none,none
2025-12-11T08:29:50.761922,20.6,58.0,0,0,none,none
2025-12-11T08:29:53.016259,20.6,58.0,0,0,none,none
2025-12-11T08:29:55.270919,20.6,58.0,0,0,none,none
2025-12-11T08:29:57.525539,20.6,58.0,0,0,none,none
2025-12-11T08:29:59.780248,20.6,58.0,0,0,none,none
2025-12-11T08:30:02.034933,20.6,58.0,0,0,none,none
2025-12-11T08:30:04.289151,20.6,58.0,1,0,none,none
2025-12-11T08:30:06.543688,20.6,58.0,0,0,none,none
2025-12-11T08:30:08.798269,20.6,58.0,0,0,none,none
2025-12-11T08:30:11.052753,20.6,58.0,0,0,none,none
2025-12-11T08:30:13.307595,20.6,58.0,0,0,none,none
2025-12-11T08:30:15.561851,20.6,58.0,0,0,none,none
2025-12-11T08:30:17.816200,20.6,58.0,0,0,none,none
2025-12-11T08:30:20.071001,20.6,58.0,0,0,none,none
2025-12-11T08:30:22.325637,20.6,58.0,0,0,none,none
2025-12-11T08:30:24.579855,20.6,58.0,0,0,none,none
2025-12-11T08:30:26.834503,20.6,58.0,0,0,none,none
2025-12-11T08:30:29.089025,20.6,58.1,0,0,none,none
2025-12-11T08:30:31.343696,20.6,58.0,0,0,none,none
2025-12-11T08:30:33.598386,20.6,58.0,0,0,none,none
2025-12-11T08:30:35.852666,20.6,58.0,0,0,none,none
2025-12-11T08:30:38.107209,20.6,58.0,0,0,none,none
2025-12-11T08:30:40.361577,20.6,58.0,0,0,none,none
2025-12-11T08:30:42.616226,20.6,58.0,0,0,none,none
2025-12-11T08:30:44.870788,20.6,58.0,0,0,none,none
2025-12-11T08:30:47.125382,20.6,58.0,0,0,none,none
2025-12-11T08:30:49.379422,20.6,58.0,0,0,none,none
2025-12-11T08:30:51.634090,20.6,58.0,0,0,none,none
2025-12-11T08:30:53.888454,20.6,58.0,0,0,none,none
2025-12-11T08:30:56.145118,20.6,58.0,0,0,none,none
2025-12-11T08:30:58.399811,20.6,58.0,0,0,none,none
2025-12-11T08:31:00.654497,20.6,58.0,1,0,none,none
2025-12-11T08:31:02.909076,20.6,58.0,0,0,none,none
2025-12-11T08:31:05.163719,20.6,58.0,0,0,none,none
2025-12-11T08:31:07.418175,20.6,58.0,0,0,none,none
2025-12-11T08:31:09.672793,20.6,58.0,0,0,none,none
2025-12-11T08:31:11.927398,20.6,58.0,0,0,none,none
2025-12-11T08:31:14.182060,20.6,58.0,0,0,none,none
2025-12-11T08:31:16.436466,20.6,58.0,0,0,none,none
2025-12-11T08:31:18.691127,20.6,58.0,0,0,none,none
2025-12-11T08:31:20.945443,20.6,58.0,0,0,none,none
2025-12-11T08:31:23.199963,20.6,58.0,0,0,none,none
2025-12-11T08:31:25.454430,20.6,58.0,0,0,none,none
2025-12-11T08:31:27.708941,20.6,58.1,0,0,none,none
2025-12-11T08:31:29.963519,20.6,58.0,0,0,none,none
2025-12-11T08:31:32.217931,20.6,58.0,0,0,none,none
2025-12-11T08:31:34.472571,20.6,58.0,0,0,none,none
2025-12-11T08:31:36.727244,20.6,58.0,0,0,none,none
2025-12-11T08:31:38.981736,20.6,58.0,0,0,none,none
2025-12-11T08:31:41.236008,20.6,58.0,0,0,none,none
2025-12-11T08:31:43.490666,20.6,58.0,0,0,none,none
2025-12-11T08:31:45.744714,20.6,58.0,0,0,none,none
2025-12-11T08:31:47.999528,20.6,58.0,0,0,none,none
2025-12-11T08:31:50.254013,20.6,58.1,0,0,none,none
2025-12-11T08:31:52.508505,20.6,58.1,0,0,none,none
2025-12-11T08:31:54.763306,20.6,58.1,0,0,none,none
2025-12-11T08:31:57.018050,20.6,58.1,0,0,none,none
2025-12-11T08:31:59.272510,20.6,58.1,0,0,none,none
2025-12-11T08:32:01.527516,20.6,58.1,0,0,none,none
2025-12-11T08:32:03.782017,20.6,58.0,0,0,none,none
2025-12-11T08:32:06.036466,20.6,58.1,0,0,none,none
2025-12-11T08:32:08.291161,20.6,58.0,0,0,none,none
2025-12-11T08:32:10.545653,20.6,58.1,0,0,none,none
2025-12-11T08:32:12.800269,20.6,58.0,0,0,none,none
2025-12-11T08:32:15.054807,20.6,58.1,0,0,none,none
2025-12-11T08:32:17.309361,20.6,58.1,0,0,none,none
2025-12-11T08:32:19.563423,20.6,58.1,0,0,none,none
2025-12-11T08:32:21.817854,20.6,58.0,0,0,none,none
2025-12-11T08:32:24.071885,20.6,58.1,0,0,none,none
2025-12-11T08:32:26.326382,20.6,58.0,0,0,none,none
2025-12-11T08:32:28.581155,20.6,58.0,0,0,none,none
2025-12-11T08:32:30.835310,20.6,58.1,0,0,none,none
2025-12-11T08:32:33.089468,20.6,58.0,0,0,none,none
2025-12-11T08:32:35.343787,20.6,58.1,0,0,none,none
2025-12-11T08:32:37.598117,20.6,58.0,0,0,none,none
2025-12-11T08:32:39.852014,20.6,58.0,0,0,none,none
2025-12-11T08:32:42.106898,20.6,58.1,0,0,none,none
2025-12-11T08:32:44.361031,20.6,58.1,0,0,none,none
2025-12-11T08:32:46.615790,20.6,58.0,0,0,none,none
2025-12-11T08:32:48.870297,20.6,58.0,0,0,none,none
2025-12-11T08:32:51.124437,20.6,58.0,0,0,none,none
2025-12-11T08:32:53.378851,20.6,58.0,0,0,none,none
2025-12-11T08:32:55.633269,20.6,58.0,0,0,none,none
2025-12-11T08:32:57.887237,20.6,58.0,0,0,none,none
2025-12-11T08:33:00.141204,20.6,58.0,0,0,none,none
2025-12-11T08:33:02.395749,20.6,58.0,0,0,none,none
2025-12-11T08:33:04.731568,20.6,58.0,0,0,none,none
2025-12-11T08:33:07.021434,20.6,58.0,0,0,none,none
2025-12-11T08:33:09.275761,20.6,58.0,0,0,none,none
2025-12-11T08:33:11.530405,20.6,58.0,0,0,none,none
2025-12-11T08:33:13.784544,20.6,58.0,0,0,none,none
2025-12-11T08:33:16.039428,20.6,58.0,0,0,none,none
2025-12-11T08:33:18.294023,20.6,58.0,0,0,none,none
2025-12-11T08:33:20.548688,20.6,58.0,0,0,none,none
2025-12-11T08:33:22.803585,20.6,58.0,0,0,none,none
2025-12-11T08:33:25.058123,20.6,58.0,0,0,none,none
2025-12-11T08:33:27.312558,20.6,58.0,0,0,none,none
2025-12-11T08:33:29.567439,20.6,58.0,0,0,none,none
2025-12-11T08:33:31.821904,20.6,58.1,0,0,none,none
2025-12-11T08:33:34.076443,20.6,58.1,0,0,none,none
2025-12-11T08:33:36.330727,20.6,58.1,0,0,none,none
2025-12-11T08:33:38.585376,20.6,58.1,0,0,none,none
2025-12-11T08:33:40.839785,20.6,58.1,0,0,none,none
2025-12-11T08:33:43.094535,20.6,58.0,0,0,none,none
2025-12-11T08:33:45.349133,20.6,58.1,0,0,none,none
2025-12-11T08:33:47.603791,20.6,58.1,0,0,none,none
2025-12-11T08:33:49.858558,20.6,58.0,0,0,none,none
2025-12-11T08:33:52.113142,20.6,58.0,0,0,none,none
2025-12-11T08:33:54.367724,20.6,58.0,0,0,none,none
2025-12-11T08:33:56.622572,20.6,58.0,0,0,none,none
2025-12-11T08:33:58.877006,20.6,58.1,0,0,none,none
2025-12-11T08:34:01.131601,20.6,58.0,0,0,none,none
2025-12-11T08:34:03.386228,20.6,58.0,0,0,none,none
2025-12-11T08:34:05.640770,20.6,58.0,0,0,none,none
2025-12-11T08:34:07.895376,20.6,58.0,0,0,none,none
2025-12-11T08:34:10.150086,20.6,58.0,0,0,none,none
2025-12-11T08:34:12.404700,20.6,58.0,0,0,none,none
2025-12-11T08:34:14.659237,20.6,58.0,0,0,none,none
2025-12-11T08:34:16.913928,20.6,58.0,0,0,none,none
2025-12-11T08:34:19.170135,20.6,58.0,0,0,none,none
2025-12-11T08:34:21.424681,20.6,58.0,0,0,none,none
2025-12-11T08:34:23.679562,20.6,57.9,0,0,none,none
2025-12-11T08:34:25.934180,20.6,57.9,0,0,none,none
2025-12-11T08:34:28.188752,20.6,57.9,0,0,none,none
2025-12-11T08:34:30.443583,20.6,57.9,0,0,none,none
2025-12-11T08:34:32.698309,20.6,57.9,0,0,none,none
2025-12-11T08:34:34.952832,20.6,57.9,0,0,none,none
2025-12-11T08:34:37.207706,20.6,57.9,0,0,none,none
2025-12-11T08:34:39.462264,20.6,57.9,0,0,none,none
2025-12-11T08:34:41.716899,20.6,57.9,0,0,none,none
2025-12-11T08:34:43.971696,20.6,57.9,0,0,none,none
2025-12-11T08:34:46.226342,20.6,57.9,0,0,none,none
2025-12-11T08:34:48.480858,20.6,57.9,0,0,none,none
2025-12-11T08:34:50.735760,20.6,57.9,0,0,none,none
2025-12-11T08:34:52.990393,20.6,57.9,0,0,none,none
2025-12-11T08:34:55.244868,20.6,57.9,0,0,none,none
2025-12-11T08:34:57.499788,20.6,57.9,0,0,none,none
2025-12-11T08:34:59.756537,20.6,57.9,0,0,none,none
2025-12-11T08:35:02.011093,20.6,57.9,0,0,none,none
2025-12-11T08:35:04.265862,20.6,57.9,0,0,none,none
2025-12-11T08:35:06.520568,20.6,57.9,0,0,none,none
2025-12-11T08:35:08.775205,20.6,57.9,0,0,none,none
2025-12-11T08:35:11.029983,20.6,57.9,0,0,none,none
2025-12-11T08:35:13.284660,20.6,57.8,0,0,none,none
2025-12-11T08:35:15.539417,20.6,57.9,0,0,none,none
2025-12-11T08:35:17.794182,20.6,57.9,0,0,none,none
2025-12-11T08:35:20.048844,20.6,57.9,0,0,none,none
2025-12-11T08:35:22.303428,20.6,57.9,0,0,none,none
2025-12-11T08:35:24.558031,20.6,57.9,0,0,none,none
2025-12-11T08:35:26.812649,20.6,57.9,0,0,none,none
2025-12-11T08:35:29.067247,20.6,57.9,0,0,none,none
2025-12-11T08:35:31.322001,20.6,57.9,0,0,none,none
2025-12-11T08:35:33.576627,20.6,57.9,0,0,none,none
2025-12-11T08:35:35.831210,20.6,57.9,0,0,none,none
2025-12-11T08:35:38.085955,20.6,57.9,0,0,none,none
2025-12-11T08:35:40.340434,20.6,57.9,0,0,none,none
2025-12-11T08:35:42.595124,20.6,57.9,0,0,none,none
2025-12-11T08:35:44.849578,20.6,57.9,0,0,none,none
2025-12-11T08:35:47.104190,20.6,57.9,0,0,none,none
2025-12-11T08:35:49.358738,20.6,57.9,0,0,none,none
2025-12-11T08:35:51.613592,20.6,58.0,0,0,none,none
2025-12-11T08:35:53.867806,20.6,57.9,0,0,none,none
2025-12-11T08:35:56.122436,20.6,57.9,0,0,none,none
2025-12-11T08:35:58.377203,20.6,57.9,0,0,none,none
2025-12-11T08:36:00.631942,20.6,57.9,0,0,none,none
2025-12-11T08:36:02.886487,20.6,57.9,0,0,none,none
2025-12-11T08:36:05.141140,20.6,57.9,0,0,none,none
2025-12-11T08:36:07.395805,20.6,57.9,0,0,none,none
2025-12-11T08:36:09.650450,20.6,57.9,1,0,none,none
2025-12-11T08:36:11.905214,20.6,57.9,0,0,none,none
2025-12-11T08:36:14.159779,20.6,57.9,0,0,none,none
2025-12-11T08:36:16.414371,20.6,57.8,0,0,none,none
2025-12-11T08:36:18.671779,20.6,57.9,0,0,none,none
2025-12-11T08:36:21.007178,20.6,57.8,0,0,none,none
2025-12-11T08:36:23.342772,20.6,57.8,0,0,none,none
2025-12-11T08:36:25.645820,20.6,57.8,0,0,none,none
2025-12-11T08:36:27.900402,20.6,57.8,0,0,none,none
2025-12-11T08:36:30.155207,20.6,57.9,0,0,none,none
2025-12-11T08:36:32.409918,20.6,57.8,0,0,none,none
2025-12-11T08:36:34.664551,20.6,57.8,0,0,none,none
2025-12-11T08:36:36.919400,20.6,57.9,0,0,none,none
2025-12-11T08:36:39.174072,20.6,57.9,0,0,none,none
2025-12-11T08:36:41.428572,20.6,57.9,0,0,none,none
2025-12-11T08:36:43.683550,20.6,57.9,0,0,none,none
2025-12-11T08:36:45.938228,20.6,57.9,0,0,none,none
2025-12-11T08:36:48.192841,20.6,57.9,0,0,none,none
2025-12-11T08:36:50.447692,20.6,57.9,0,0,none,none
2025-12-11T08:36:52.702394,20.6,57.9,0,0,none,none
2025-12-11T08:36:54.956989,20.6,57.9,0,0,none,none
2025-12-11T08:36:57.211793,20.6,57.9,0,0,none,none
2025-12-11T08:36:59.466091,20.6,57.9,0,0,none,none
2025-12-11T08:37:01.720725,20.6,57.9,0,0,none,none
2025-12-11T08:37:03.975653,20.6,57.8,0,0,none,none
2025-12-11T08:37:06.230334,20.6,57.9,0,0,none,none
2025-12-11T08:37:08.484868,20.6,57.9,0,0,none,none
2025-12-11T08:37:10.739754,20.6,57.9,0,0,none,none
2025-12-11T08:37:12.994256,20.6,57.9,0,0,none,none
2025-12-11T08:37:15.248819,20.6,57.8,0,0,none,none
2025-12-11T08:37:17.503752,20.6,57.8,0,0,none,none
2025-12-11T08:37:19.758403,20.6,57.8,0,0,none,none
2025-12-11T08:37:22.012914,20.6,57.9,0,0,none,none
2025-12-11T08:37:24.267447,20.6,57.8,0,0,none,none
2025-12-11T08:37:26.522170,20.6,57.8,0,0,none,none
2025-12-11T08:37:28.776379,20.6,57.8,0,0,none,none
2025-12-11T08:37:31.031170,20.6,57.8,0,0,none,none
2025-12-11T08:37:33.285759,20.6,57.8,0,0,none,none
2025-12-11T08:37:35.540388,20.6,57.8,0,0,none,none
2025-12-11T08:37:37.795120,20.6,57.8,0,0,none,none
2025-12-11T08:37:40.049651,20.6,57.9,0,0,none,none
2025-12-11T08:37:42.304175,20.6,57.8,0,0,none,none
2025-12-11T08:37:44.559067,20.6,57.8,0,0,none,none
2025-12-11T08:37:46.813727,20.6,57.9,0,0,none,none
2025-12-11T08:37:49.068173,20.6,57.9,0,0,none,none
2025-12-11T08:37:51.322976,20.6,57.9,0,0,none,none
2025-12-11T08:37:53.577456,20.6,57.9,0,0,none,none
2025-12-11T08:37:55.831973,20.6,57.8,0,0,none,none
2025-12-11T08:37:58.086752,20.6,57.8,0,0,none,none
2025-12-11T08:38:00.341253,20.6,57.8,0,0,none,none
2025-12-11T08:38:02.595760,20.6,57.9,0,0,none,none
2025-12-11T08:38:04.850420,20.6,57.8,0,0,none,none
2025-12-11T08:38:07.105081,20.6,57.8,0,0,none,none
2025-12-11T08:38:09.359620,20.6,57.8,0,0,none,none
2025-12-11T08:38:11.614300,20.6,57.9,0,0,none,none
2025-12-11T08:38:13.868865,20.6,57.8,0,0,none,none
2025-12-11T08:38:16.123425,20.6,57.8,0,0,none,none
2025-12-11T08:38:18.378137,20.6,57.8,0,0,none,none
2025-12-11T08:38:20.632808,20.6,57.8,0,0,none,none
2025-12-11T08:38:22.887436,20.6,57.8,0,0,none,none
2025-12-11T08:38:25.142109,20.6,57.8,0,0,none,none
2025-12-11T08:38:27.396745,20.6,57.9,0,0,none,none
2025-12-11T08:38:29.651425,20.6,57.8,0,0,none,none
2025-12-11T08:38:31.906192,20.6,57.8,0,0,none,none
2025-12-11T08:38:34.160662,20.6,57.9,0,0,none,none
2025-12-11T08:38:36.415264,20.6,57.9,0,0,none,none
2025-12-11T08:38:38.670127,20.6,57.8,0,0,none,none
2025-12-11T08:38:40.924702,20.6,57.8,0,0,none,none
2025-12-11T08:38:43.179242,20.6,57.9,0,0,none,none
2025-12-11T08:38:45.434016,20.6,57.8,0,0,none,none
2025-12-11T08:38:47.688753,20.6,57.8,0,0,none,none
2025-12-11T08:38:49.943292,20.6,57.8,0,0,none,none
2025-12-11T08:38:52.198149,20.6,57.8,0,0,none,none
2025-12-11T08:38:54.452745,20.6,57.8,0,0,none,none
2025-12-11T08:38:56.707424,20.6,57.9,0,0,none,none
2025-12-11T08:38:58.962158,20.6,57.8,0,0,none,none
2025-12-11T08:39:01.216795,20.6,57.8,0,0,none,none
2025-12-11T08:39:03.471406,20.6,57.9,0,0,none,none
2025-12-11T08:39:05.726259,20.6,57.9,0,0,none,none
2025-12-11T08:39:07.980850,20.6,57.9,0,0,none,none
2025-12-11T08:39:10.235423,20.6,57.9,0,0,none,none
2025-12-11T08:39:12.490142,20.6,57.9,0,0,none,none
2025-12-11T08:39:14.744856,20.6,57.9,0,0,none,none
2025-12-11T08:39:16.999379,20.6,57.9,0,0,none,none
2025-12-11T08:39:19.254156,20.6,57.8,0,0,none,none
2025-12-11T08:39:21.508853,20.6,57.9,0,0,none,none
2025-12-11T08:39:23.763488,20.6,57.9,0,0,none,none
2025-12-11T08:39:26.018312,20.6,57.9,0,0,none,none
2025-12-11T08:39:28.272936,20.6,57.9,0,0,none,none
2025-12-11T08:39:30.527611,20.6,57.9,0,0,none,none
2025-12-11T08:39:32.782316,20.6,57.8,0,0,none,none
2025-12-11T08:39:35.036957,20.6,57.9,0,0,none,none
2025-12-11T08:39:37.291582,20.6,57.8,0,0,none,none
2025-12-11T08:39:39.546509,20.6,57.9,0,0,none,none
2025-12-11T08:39:41.800819,20.6,57.9,0,0,none,none
2025-12-11T08:39:44.055397,20.6,57.8,0,0,none,none
2025-12-11T08:39:46.310124,20.6,57.8,0,0,none,none
2025-12-11T08:39:48.564823,20.6,57.9,0,0,none,none
2025-12-11T08:39:50.819451,20.6,57.9,0,0,none,none
2025-12-11T08:39:53.074265,20.6,57.9,0,0,none,none
2025-12-11T08:39:55.328938,20.6,57.9,0,0,none,none
2025-12-11T08:39:57.583598,20.6,57.9,0,0,none,none
2025-12-11T08:39:59.838346,20.6,57.9,0,0,none,none
2025-12-11T08:40:02.092491,20.6,57.9,0,0,none,none
2025-12-11T08:40:04.347003,20.6,57.8,0,0,none,none
2025-12-11T08:40:06.601901,20.6,57.8,0,0,none,none
2025-12-11T08:40:08.856591,20.6,57.9,0,0,none,none
2025-12-11T08:40:11.111149,20.6,57.8,0,0,none,none
2025-12-11T08:40:13.365740,20.6,57.8,0,0,none,none
2025-12-11T08:40:15.620458,20.6,57.9,0,0,none,none
2025-12-11T08:40:17.874512,20.6,57.9,0,0,none,none
2025-12-11T08:40:20.129264,20.6,57.9,0,0,none,none
2025-12-11T08:40:22.386031,20.6,57.8,0,0,none,none
2025-12-11T08:40:24.640683,20.6,57.8,0,0,none,none
2025-12-11T08:40:26.895568,20.6,57.8,0,0,none,none
2025-12-11T08:40:29.150196,20.6,57.8,0,0,none,none
2025-12-11T08:40:31.404741,20.6,57.8,0,0,none,none
2025-12-11T08:40:33.659690,20.6,57.8,0,0,none,none
2025-12-11T08:40:35.914379,20.6,57.8,0,0,none,none
2025-12-11T08:40:38.168851,20.6,57.8,0,0,none,none
2025-12-11T08:40:40.423733,20.6,57.8,0,0,none,none
2025-12-11T08:40:42.678473,20.6,57.8,0,0,none,none
2025-12-11T08:40:44.932941,20.6,57.8,0,0,none,none
2025-12-11T08:40:47.187731,20.6,57.8,0,0,none,none
2025-12-11T08:40:49.442346,20.6,57.8,0,0,none,none
2025-12-11T08:40:51.696929,20.6,57.8,0,0,none,none
2025-12-11T08:40:53.951770,20.6,57.8,0,0,none,none
2025-12-11T08:40:56.206402,20.6,57.9,0,0,none,none
2025-12-11T08:40:58.460949,20.6,57.8,0,0,none,none
2025-12-11T08:41:00.715830,20.6,57.8,0,0,none,none
2025-12-11T08:41:02.970485,20.6,57.8,0,0,none,none
2025-12-11T08:41:05.224929,20.6,57.8,0,0,none,none
2025-12-11T08:41:07.479796,20.6,57.8,0,0,none,none
2025-12-11T08:41:09.734536,20.6,57.8,0,0,none,none
2025-12-11T08:41:11.988925,20.6,57.8,0,0,none,none
2025-12-11T08:41:14.243803,20.6,57.8,0,0,none,none
2025-12-11T08:41:16.498545,20.6,57.8,0,0,none,none
2025-12-11T08:41:18.753133,20.6,57.8,0,0,none,none
2025-12-11T08:41:21.007970,20.6,57.8,0,0,none,none
2025-12-11T08:41:23.262494,20.6,57.8,0,0,none,none
2025-12-11T08:41:25.517169,20.6,57.8,0,0,none,none
2025-12-11T08:41:27.771962,20.6,57.8,0,0,none,none
2025-12-11T08:41:30.026649,20.6,57.8,0,0,none,none
2025-12-11T08:41:32.281158,20.6,57.8,0,0,none,none
2025-12-11T08:41:34.536039,20.6,57.8,0,0,none,none
2025-12-11T08:41:36.790683,20.6,57.8,0,0,none,none
2025-12-11T08:41:39.045083,20.6,57.8,1,0,none,none
2025-12-11T08:41:41.299852,20.6,57.8,0,0,none,none
2025-12-11T08:41:43.554497,20.6,57.8,0,0,none,none
2025-12-11T08:41:45.808935,20.6,57.8,0,0,none,none
2025-12-11T08:41:48.063798,20.6,57.8,0,0,none,none
2025-12-11T08:41:50.318403,20.6,57.8,0,0,none,none
2025-12-11T08:41:52.573064,20.6,57.8,0,0,none,none
2025-12-11T08:41:54.827304,20.6,57.8,0,0,none,none
2025-12-11T08:41:57.082025,20.6,57.8,0,0,none,none
2025-12-11T08:41:59.336534,20.6,57.8,0,0,none,none
2025-12-11T08:42:01.591494,20.6,57.8,0,0,none,none
2025-12-11T08:42:03.848036,20.6,57.8,0,0,none,none
2025-12-11T08:42:06.102698,20.6,57.8,0,0,none,none
2025-12-11T08:42:08.357260,20.6,57.8,0,0,none,none
2025-12-11T08:42:10.611986,20.6,57.8,0,0,none,none
2025-12-11T08:42:12.866614,20.6,57.8,0,0,none,none
2025-12-11T08:42:15.121383,20.6,57.7,0,0,none,none
2025-12-11T08:42:17.376025,20.6,57.7,0,0,none,none
2025-12-11T08:42:19.630691,20.6,57.7,0,0,none,none
2025-12-11T08:42:21.885489,20.6,57.8,0,0,none,none
2025-12-11T08:42:24.142165,20.6,57.7,0,0,none,none
2025-12-11T08:42:26.396729,20.6,57.8,0,0,none,none
2025-12-11T08:42:28.651113,20.6,57.8,0,0,none,none
2025-12-11T08:42:30.905790,20.6,57.7,0,0,none,none
2025-12-11T08:42:33.160161,20.6,57.8,0,0,none,none
2025-12-11T08:42:35.414969,20.6,57.8,0,0,none,none
2025-12-11T08:42:37.669678,20.6,57.7,0,0,none,none
2025-12-11T08:42:39.924241,20.6,57.8,0,0,none,none
2025-12-11T08:42:42.178751,20.6,57.8,0,0,none,none
2025-12-11T08:42:44.433351,20.6,57.7,0,0,none,none
2025-12-11T08:42:46.687946,20.6,57.7,0,0,none,none
2025-12-11T08:42:48.942717,20.6,57.7,0,0,none,none
2025-12-11T08:42:51.197329,20.6,57.7,0,0,none,none
2025-12-11T08:42:53.451681,20.6,57.7,0,0,none,none
2025-12-11T08:42:55.706574,20.6,57.7,0,0,none,none
2025-12-11T08:42:57.960974,20.6,57.7,0,0,none,none
2025-12-11T08:43:00.215583,20.6,57.7,0,0,none,none
2025-12-11T08:43:02.470391,20.6,57.7,0,0,none,none
2025-12-11T08:43:04.725622,20.6,57.7,0,0,none,none
2025-12-11T08:43:06.980155,20.6,57.7,0,0,none,none
2025-12-11T08:43:09.234965,20.6,57.7,0,0,none,none
2025-12-11T08:43:11.491718,20.6,57.7,0,0,none,none
2025-12-11T08:43:13.746426,20.6,57.7,0,0,none,none
2025-12-11T08:43:16.001087,20.6,57.7,0,0,none,none
2025-12-11T08:43:18.255790,20.6,57.7,0,0,none,none
2025-12-11T08:43:20.510479,20.6,57.7,0,0,none,none
2025-12-11T08:43:22.765282,20.6,57.7,0,0,none,none
2025-12-11T08:43:25.019934,20.6,57.7,0,0,none,none
2025-12-11T08:43:27.274322,20.6,57.8,0,0,none,none
2025-12-11T08:43:29.529112,20.6,57.7,0,0,none,none
2025-12-11T08:43:31.783442,20.6,57.7,0,0,none,none
2025-12-11T08:43:34.038012,20.6,57.7,0,0,none,none
2025-12-11T08:43:36.292776,20.6,57.7,0,0,none,none
2025-12-11T08:43:38.547526,20.6,57.7,0,0,none,none
2025-12-11T08:43:40.802104,20.6,57.7,1,0,none,none
2025-12-11T08:43:43.056889,20.6,57.7,0,0,none,none
2025-12-11T08:43:45.311575,20.6,57.7,0,0,none,none
2025-12-11T08:43:47.565632,20.6,57.7,0,0,none,none
2025-12-11T08:43:49.820158,20.6,57.7,0,0,none,none
2025-12-11T08:43:52.074798,20.6,57.7,0,0,none,none
2025-12-11T08:43:54.329385,20.6,57.7,0,0,none,none
2025-12-11T08:43:56.584238,20.6,57.7,0,0,none,none
2025-12-11T08:43:58.838787,20.6,57.7,0,0,none,none
2025-12-11T08:44:01.093236,20.6,57.7,0,0,none,none
2025-12-11T08:44:03.347951,20.6,57.7,0,0,none,none
2025-12-11T08:44:05.602648,20.6,57.7,0,0,none,none
2025-12-11T08:44:07.856923,20.6,57.7,0,0,none,none
2025-12-11T08:44:10.111633,20.6,57.7,0,0,none,none
2025-12-11T08:44:12.366208,20.6,57.7,0,0,none,none
2025-12-11T08:44:14.620754,20.6,57.7,0,0,none,none
2025-12-11T08:44:16.875615,20.6,57.7,0,0,none,none
2025-12-11T08:44:19.130331,20.6,57.7,0,0,none,none
2025-12-11T08:44:21.384924,20.6,57.6,0,0,none,none
2025-12-11T08:44:23.639821,20.6,57.6,0,0,none,none
2025-12-11T08:44:25.894421,20.6,57.6,0,0,none,none
2025-12-11T08:44:28.149024,20.6,57.7,0,0,none,none
2025-12-11T08:44:30.403867,20.6,57.6,0,0,none,none
2025-12-11T08:44:32.658630,20.6,57.6,0,0,none,none
2025-12-11T08:44:34.913130,20.6,57.7,0,0,none,none
2025-12-11T08:44:37.167923,20.6,57.7,0,0,none,none
2025-12-11T08:44:39.422609,20.6,57.7,0,0,none,none
2025-12-11T08:44:41.677291,20.6,57.6,0,0,none,none
2025-12-11T08:44:43.932053,20.6,57.7,0,0,none,none
2025-12-11T08:44:46.186696,20.6,57.7,0,0,none,none
2025-12-11T08:44:48.441249,20.6,57.6,0,0,none,none
2025-12-11T08:44:50.696107,20.6,57.6,0,0,none,none
2025-12-11T08:44:52.952862,20.6,57.7,0,0,none,none
2025-12-11T08:44:55.207467,20.6,57.7,0,0,none,none
2025-12-11T08:44:57.462226,20.6,57.7,0,0,none,none
2025-12-11T08:44:59.719127,20.6,57.7,0,0,none,none
2025-12-11T08:45:01.973722,20.6,57.7,0,0,none,none
2025-12-11T08:45:04.228513,20.6,57.7,0,0,none,none
2025-12-11T08:45:06.483183,20.6,57.7,0,0,none,none
2025-12-11T08:45:08.737718,20.6,57.7,0,0,none,none
2025-12-11T08:45:10.992417,20.6,57.7,0,0,none,none
2025-12-11T08:45:13.247083,20.6,57.7,0,0,none,none
2025-12-11T08:45:15.501362,20.6,57.7,0,0,none,none
2025-12-11T08:45:17.755493,20.6,57.7,0,0,none,none
2025-12-11T08:45:20.010089,20.6,57.7,0,0,none,none
2025-12-11T08:45:22.264686,20.6,57.6,0,0,none,none
2025-12-11T08:45:24.519582,20.6,57.6,0,0,none,none
2025-12-11T08:45:26.774255,20.6,57.6,0,0,none,none
2025-12-11T08:45:29.028741,20.6,57.6,0,0,none,none
2025-12-11T08:45:31.283597,20.6,57.6,0,0,none,none
2025-12-11T08:45:33.538395,20.6,57.6,0,0,none,none
2025-12-11T08:45:35.792590,20.6,57.6,0,0,none,none
2025-12-11T08:45:38.047461,20.6,57.6,0,0,none,none
2025-12-11T08:45:40.302095,20.6,57.6,0,0,none,none
2025-12-11T08:45:42.556719,20.6,57.6,0,0,none,none
2025-12-11T08:45:44.811531,20.6,57.6,0,0,none,none
2025-12-11T08:45:47.066087,20.6,57.6,0,0,none,none
2025-12-11T08:45:49.320633,20.6,57.6,0,0,none,none
2025-12-11T08:45:51.574924,20.6,57.7,0,0,none,none
2025-12-11T08:45:53.829553,20.6,57.7,0,0,none,none
2025-12-11T08:45:56.084149,20.6,57.7,0,0,none,none
2025-12-11T08:45:58.338995,20.6,57.7,0,0,none,none
2025-12-11T08:46:00.593770,20.6,57.7,0,0,none,none
2025-12-11T08:46:02.848363,20.6,57.7,0,0,none,none
2025-12-11T08:46:05.103149,20.6,57.7,0,0,none,none
2025-12-11T08:46:07.357685,20.6,57.7,0,0,none,none
2025-12-11T08:46:09.612349,20.6,57.7,0,0,none,none
2025-12-11T08:46:11.867109,20.6,57.7,0,0,none,none
2025-12-11T08:46:14.121499,20.6,57.7,0,0,none,none
2025-12-11T08:46:16.376156,20.6,57.7,0,0,none,none
2025-12-11T08:46:18.631077,20.6,57.7,0,0,none,none
2025-12-11T08:46:20.885514,20.6,57.7,0,0,none,none
2025-12-11T08:46:23.140084,20.6,57.7,0,0,none,none
2025-12-11T08:46:25.394764,20.6,57.7,0,0,none,none
2025-12-11T08:46:27.653963,20.6,57.7,0,0,none,none
2025-12-11T08:46:29.908030,20.6,57.7,0,0,none,none
2025-12-11T08:46:32.162841,20.6,57.7,0,0,none,none
2025-12-11T08:46:34.417470,20.6,57.6,1,0,none,none
2025-12-11T08:46:36.671963,20.6,57.6,0,0,none,none
2025-12-11T08:46:38.926627,20.6,57.7,0,0,none,none
2025-12-11T08:46:41.181030,20.6,57.6,0,0,none,none
2025-12-11T08:46:43.435697,20.6,57.6,0,0,none,none
2025-12-11T08:46:45.690529,20.6,57.6,0,0,none,none
2025-12-11T08:46:47.944913,20.6,57.6,0,0,none,none
2025-12-11T08:46:50.199472,20.6,57.6,0,0,none,none
2025-12-11T08:46:52.454341,20.6,57.6,0,0,none,none
2025-12-11T08:46:54.708706,20.6,57.6,0,0,none,none
2025-12-11T08:46:56.963187,20.6,57.6,0,0,none,none
2025-12-11T08:46:59.217902,20.6,57.6,0,0,none,none
2025-12-11T08:47:01.472535,20.6,57.7,0,0,none,none
2025-12-11T08:47:03.727197,20.6,57.7,0,0,none,none
2025-12-11T08:47:05.981932,20.6,57.7,0,0,none,none
2025-12-11T08:47:08.236609,20.6,57.7,0,0,none,none
2025-12-11T08:47:10.491256,20.6,57.7,0,0,none,none
2025-12-11T08:47:12.746132,20.6,57.6,0,0,none,none
2025-12-11T08:47:15.000462,20.6,57.7,0,0,none,none
2025-12-11T08:47:17.255056,20.6,57.7,0,0,none,none
2025-12-11T08:47:19.509925,20.6,57.7,0,0,none,none
2025-12-11T08:47:21.764575,20.6,57.7,0,0,none,none
2025-12-11T08:47:24.019033,20.6,57.7,0,0,none,none
2025-12-11T08:47:26.273788,20.6,57.7,0,0,none,none
2025-12-11T08:47:28.528313,20.6,57.6,0,0,none,none
2025-12-11T08:47:30.782972,20.6,57.6,0,0,none,none
2025-12-11T08:47:33.037736,20.6,57.6,0,0,none,none
2025-12-11T08:47:35.292392,20.6,57.6,0,0,none,none
2025-12-11T08:47:37.547059,20.6,57.6,0,0,none,none
2025-12-11T08:47:39.801770,20.6,57.6,0,0,none,none
2025-12-11T08:47:42.056274,20.6,57.6,0,0,none,none
2025-12-11T08:47:44.310923,20.6,57.5,0,0,none,none
2025-12-11T08:47:46.565213,20.6,57.5,0,0,none,none
2025-12-11T08:47:48.819696,20.6,57.5,0,0,none,none
2025-12-11T08:47:51.074282,20.6,57.6,0,0,none,none
2025-12-11T08:47:53.329048,20.6,57.5,0,0,none,none
2025-12-11T08:47:55.583869,20.6,57.6,0,0,none,none
2025-12-11T08:47:57.838474,20.6,57.6,0,0,none,none
2025-12-11T08:48:00.093076,20.6,57.5,0,0,none,none
2025-12-11T08:48:02.347758,20.6,57.5,0,0,none,none
2025-12-11T08:48:04.602447,20.6,57.5,0,0,none,none
2025-12-11T08:48:06.857152,20.6,57.5,0,0,none,none
2025-12-11T08:48:09.111725,20.6,57.5,0,0,none,none
2025-12-11T08:48:11.366318,20.6,57.5,0,0,none,none
2025-12-11T08:48:13.621104,20.6,57.5,0,0,none,none
2025-12-11T08:48:15.875828,20.6,57.5,0,0,none,none
2025-12-11T08:48:18.130376,20.6,57.5,0,0,none,none
2025-12-11T08:48:20.384903,20.6,57.5,0,0,none,none
2025-12-11T08:48:22.639739,20.6,57.5,0,0,none,none
2025-12-11T08:48:24.894128,20.6,57.5,0,0,none,none
2025-12-11T08:48:27.148788,20.6,57.5,0,0,none,none
2025-12-11T08:48:29.403517,20.6,57.5,0,0,none,none
2025-12-11T08:48:31.658173,20.6,57.5,0,0,none,none
2025-12-11T08:48:33.913066,20.6,57.5,0,0,none,none
2025-12-11T08:48:36.167797,20.6,57.5,0,0,none,none
2025-12-11T08:48:38.422387,20.6,57.5,0,0,none,none
2025-12-11T08:48:40.677250,20.6,57.5,0,0,none,none
2025-12-11T08:48:42.931770,20.6,57.5,0,0,none,none
2025-12-11T08:48:45.186393,20.6,57.5,0,0,none,none
2025-12-11T08:48:47.441106,20.6,57.5,0,0,none,none
2025-12-11T08:48:49.695829,20.6,57.5,0,0,none,none
2025-12-11T08:48:51.950450,20.6,57.5,0,0,none,none
2025-12-11T08:48:54.205180,20.6,57.4,0,0,none,none
2025-12-11T08:48:56.459764,20.6,57.5,0,0,none,none
2025-12-11T08:48:58.714468,20.6,57.5,0,0,none,none
2025-12-11T08:49:00.969036,20.6,57.5,0,0,none,none
2025-12-11T08:49:03.223719,20.6,57.5,0,0,none,none
2025-12-11T08:49:05.478264,20.6,57.5,0,0,none,none
2025-12-11T08:49:07.732976,20.6,57.5,0,0,none,none
2025-12-11T08:49:09.987662,20.6,57.5,0,0,none,none
2025-12-11T08:49:12.242214,20.6,57.5,0,0,none,none
2025-12-11T08:49:14.497129,20.6,57.5,0,0,none,none
2025-12-11T08:49:16.751795,20.6,57.5,0,0,none,none
2025-12-11T08:49:19.006365,20.6,57.5,0,0,none,none
2025-12-11T08:49:21.261176,20.6,57.6,0,0,none,none
2025-12-11T08:49:23.515894,20.6,57.6,0,0,none,none
2025-12-11T08:49:25.770479,20.6,57.6,0,0,none,none
2025-12-11T08:49:28.025249,20.6,57.6,0,0,none,none
2025-12-11T08:49:30.279785,20.6,57.6,0,0,none,none
2025-12-11T08:49:32.534470,20.6,57.5,0,0,none,none
2025-12-11T08:49:34.789086,20.6,57.6,0,0,none,none
2025-12-11T08:49:37.043776,20.6,57.6,0,0,none,none
2025-12-11T08:49:39.298127,20.6,57.6,0,0,none,none
2025-12-11T08:49:41.552964,20.6,57.6,0,0,none,none
2025-12-11T08:49:43.807729,20.6,57.6,0,0,none,none
2025-12-11T08:49:46.062310,20.6,57.5,0,0,none,none
2025-12-11T08:49:48.317015,20.6,57.6,0,0,none,none
2025-12-11T08:49:50.571152,20.6,57.5,0,0,none,none
2025-12-11T08:49:52.825549,20.6,57.6,0,0,none,none
2025-12-11T08:49:55.080268,20.6,57.6,0,0,none,none
2025-12-11T08:49:57.334896,20.6,57.6,0,0,none,none
2025-12-11T08:49:59.589530,20.6,57.6,0,0,none,none
2025-12-11T08:50:01.844266,20.6,57.5,0,0,none,none
2025-12-11T08:50:04.098929,20.6,57.5,0,0,none,none
2025-12-11T08:50:06.353464,20.6,57.5,0,0,none,none
2025-12-11T08:50:08.608269,20.6,57.5,0,0,none,none
2025-12-11T08:50:10.862927,20.6,57.5,0,0,none,none
2025-12-11T08:50:13.117278,20.6,57.5,0,0,none,none
2025-12-11T08:50:15.372054,20.6,57.5,0,0,none,none
2025-12-11T08:50:17.626792,20.6,57.5,0,0,none,none
2025-12-11T08:50:19.881012,20.6,57.5,0,0,none,none
2025-12-11T08:50:22.135845,20.6,57.5,0,0,none,none
2025-12-11T08:50:24.390330,20.6,57.5,0,0,none,none
2025-12-11T08:50:26.644965,20.6,57.5,0,0,none,none
2025-12-11T08:50:28.899785,20.6,57.5,0,0,none,none
2025-12-11T08:50:31.154453,20.6,57.5,0,0,none,none
2025-12-11T08:50:33.409056,20.6,57.4,0,0,none,none
2025-12-11T08:50:35.663760,20.6,57.4,0,0,none,none
2025-12-11T08:50:37.918398,20.6,57.5,0,0,none,none
2025-12-11T08:50:40.172918,20.6,57.5,0,0,none,none
2025-12-11T08:50:42.427745,20.6,57.5,0,0,none,none
2025-12-11T08:50:44.682496,20.6,57.5,0,0,none,none
2025-12-11T08:50:46.936940,20.6,57.5,0,0,none,none
2025-12-11T08:50:49.191518,20.6,57.5,0,0,none,none
2025-12-11T08:50:51.446137,20.6,57.4,0,0,none,none
2025-12-11T08:50:53.700768,20.6,57.5,0,0,none,none
2025-12-11T08:50:55.955631,20.6,57.5,0,0,none,none
2025-12-11T08:50:58.210203,20.6,57.5,0,0,none,none
2025-12-11T08:51:00.464718,20.6,57.5,0,0,none,none
2025-12-11T08:51:02.719658,20.6,57.5,0,0,none,none
2025-12-11T08:51:04.974320,20.6,57.5,0,0,none,none
2025-12-11T08:51:07.228861,20.6,57.5,0,0,none,none
2025-12-11T08:51:09.483711,20.6,57.5,0,0,none,none
2025-12-11T08:51:11.738464,20.6,57.5,0,0,none,none
2025-12-11T08:51:13.993088,20.6,57.5,0,0,none,none
2025-12-11T08:51:16.247872,20.6,57.4,0,0,none,none
2025-12-11T08:51:18.502623,20.6,57.5,0,0,none,none
2025-12-11T08:51:20.757178,20.6,57.5,0,0,none,none
2025-12-11T08:51:23.011889,20.6,57.4,0,0,none,none
2025-12-11T08:51:25.266458,20.6,57.5,0,0,none,none
2025-12-11T08:51:27.520967,20.6,57.5,0,0,none,none
2025-12-11T08:51:29.775826,20.6,57.5,0,0,none,none
2025-12-11T08:51:32.039538,20.6,57.5,0,0,none,none
2025-12-11T08:51:34.374942,20.6,57.5,0,0,none,none
2025-12-11T08:51:36.650196,20.6,57.4,0,0,none,none
2025-12-11T08:51:38.904864,20.6,57.4,0,0,none,none
2025-12-11T08:51:41.159493,20.6,57.4,0,0,none,none
2025-12-11T08:51:43.414341,20.6,57.4,0,0,none,none
2025-12-11T08:51:45.668897,20.6,57.4,0,0,none,none
2025-12-11T08:51:47.923544,20.6,57.4,0,0,none,none
2025-12-11T08:51:50.178323,20.6,57.4,0,0,none,none
2025-12-11T08:51:52.432959,20.6,57.4,0,0,none,none
2025-12-11T08:51:54.687495,20.6,57.4,0,0,none,none
2025-12-11T08:51:56.942304,20.6,57.4,0,0,none,none
2025-12-11T08:51:59.196869,20.6,57.4,0,0,none,none
2025-12-11T08:52:01.451543,20.6,57.5,0,0,none,none
2025-12-11T08:52:03.706399,20.6,57.4,0,0,none,none
2025-12-11T08:52:05.960887,20.6,57.4,0,0,none,none
2025-12-11T08:52:08.215532,20.6,57.4,0,0,none,none
2025-12-11T08:52:10.470319,20.6,57.4,0,0,none,none
2025-12-11T08:52:12.725000,20.6,57.4,0,0,none,none
2025-12-11T08:52:14.979548,20.6,57.4,0,0,none,none
2025-12-11T08:52:17.234196,20.6,57.4,0,0,none,none
2025-12-11T08:52:19.488781,20.6,57.4,0,0,none,none
2025-12-11T08:52:21.743405,20.6,57.4,0,0,none,none
2025-12-11T08:52:23.998269,20.6,57.4,0,0,none,none
2025-12-11T08:52:26.252906,20.6,57.4,0,0,none,none
2025-12-11T08:52:28.507609,20.6,57.4,0,0,none,none
2025-12-11T08:52:30.762432,20.6,57.4,0,0,none,none
2025-12-11T08:52:33.017040,20.6,57.4,0,0,none,none
2025-12-11T08:52:35.271648,20.6,57.4,0,0,none,none
2025-12-11T08:52:37.526363,20.6,57.4,0,0,none,none
2025-12-11T08:52:39.781077,20.6,57.4,0,0,none,none
2025-12-11T08:52:42.035670,20.6,57.4,0,0,none,none
2025-12-11T08:52:44.290438,20.6,57.4,0,0,none,none
2025-12-11T08:52:46.545076,20.6,57.4,0,0,none,none
2025-12-11T08:52:48.799709,20.6,57.4,0,0,none,none
2025-12-11T08:52:51.054540,20.6,57.4,1,0,none,none
2025-12-11T08:52:53.309210,20.6,57.4,0,0,none,none
2025-12-11T08:52:55.563289,20.6,57.4,0,0,none,none
2025-12-11T08:52:57.818104,20.6,57.4,0,0,none,none
2025-12-11T08:53:00.072634,20.6,57.4,0,0,none,none
2025-12-11T08:53:02.326775,20.6,57.4,0,0,none,none
2025-12-11T08:53:04.581629,20.6,57.4,0,0,none,none
2025-12-11T08:53:06.837836,20.6,57.4,1,0,none,none
2025-12-11T08:53:09.092390,20.6,57.4,0,0,none,none
2025-12-11T08:53:11.347140,20.6,57.4,0,0,none,none
2025-12-11T08:53:13.601925,20.6,57.4,1,0,none,none
2025-12-11T08:53:15.856465,20.6,57.4,0,0,none,none
2025-12-11T08:53:18.111280,20.6,57.4,0,0,none,none
2025-12-11T08:53:20.365669,20.6,57.4,0,0,none,none
2025-12-11T08:53:22.619947,20.6,57.3,0,0,none,none
2025-12-11T08:53:24.874193,20.6,57.3,0,0,none,none
2025-12-11T08:53:27.128802,20.6,57.3,0,0,none,none
2025-12-11T08:53:29.383370,20.6,57.2,0,0,none,none
2025-12-11T08:53:31.638230,20.6,57.2,0,0,none,none
2025-12-11T08:53:33.892721,20.6,57.2,0,0,none,none
2025-12-11T08:53:36.147333,20.6,57.2,0,0,none,none
2025-12-11T08:53:38.402153,20.6,57.2,0,0,none,none
2025-12-11T08:53:40.656759,20.6,57.2,0,0,none,none
2025-12-11T08:53:42.911403,20.6,57.2,0,0,none,none
2025-12-11T08:53:45.166101,20.6,57.2,0,0,none,none
2025-12-11T08:53:47.420462,20.6,57.2,0,0,none,none
2025-12-11T08:53:49.675173,20.6,57.2,0,0,none,none
2025-12-11T08:53:51.929975,20.6,57.2,0,0,none,none
2025-12-11T08:53:54.184526,20.6,57.2,0,0,none,none
2025-12-11T08:53:56.439051,20.6,57.2,0,0,none,none
2025-12-11T08:53:58.693851,20.6,57.1,0,0,none,none
2025-12-11T08:54:00.948489,20.6,57.2,0,0,none,none
2025-12-11T08:54:03.203090,20.6,57.1,0,0,none,none
2025-12-11T08:54:05.457839,20.6,57.1,0,0,none,none
2025-12-11T08:54:07.712358,20.6,57.1,0,0,none,none
2025-12-11T08:54:09.966954,20.6,57.1,0,0,none,none
2025-12-11T08:54:12.221586,20.6,57.1,0,0,none,none
2025-12-11T08:54:14.476236,20.6,57.1,0,0,none,none
2025-12-11T08:54:16.730852,20.6,57.1,0,0,none,none
2025-12-11T08:54:18.985591,20.6,57.1,0,0,none,none
2025-12-11T08:54:21.240239,20.6,57.1,0,0,none,none
2025-12-11T08:54:23.496011,20.6,57.2,0,0,none,none
2025-12-11T08:54:25.750800,20.6,57.2,0,0,none,none
2025-12-11T08:54:28.005400,20.6,57.2,0,0,none,none
2025-12-11T08:54:30.259947,20.6,57.2,0,0,none,none
2025-12-11T08:54:32.514746,20.6,57.2,0,0,none,none
2025-12-11T08:54:34.769181,20.6,57.2,0,0,none,none
2025-12-11T08:54:37.023565,20.6,57.2,0,0,none,none
2025-12-11T08:54:39.278068,20.6,57.2,0,0,none,none
2025-12-11T08:54:41.532771,20.6,57.2,0,0,none,none
2025-12-11T08:54:43.787447,20.6,57.2,0,0,none,none
2025-12-11T08:54:46.042200,20.6,57.2,0,0,none,none
2025-12-11T08:54:48.296676,20.6,57.2,0,0,none,none
2025-12-11T08:54:50.551415,20.6,57.2,0,0,none,none
2025-12-11T08:54:52.806295,20.6,57.2,0,0,none,none
2025-12-11T08:54:55.060980,20.6,57.3,0,0,none,none
2025-12-11T08:54:57.315522,20.6,57.3,0,0,none,none
2025-12-11T08:54:59.569818,20.6,57.3,0,0,none,none
2025-12-11T08:55:01.824414,20.6,57.2,0,0,none,none
2025-12-11T08:55:04.079018,20.6,57.2,0,0,none,none
2025-12-11T08:55:06.333757,20.6,57.2,0,0,none,none
2025-12-11T08:55:08.588446,20.6,57.3,0,0,none,none
2025-12-11T08:55:10.843104,20.6,57.2,0,0,none,none
2025-12-11T08:55:13.097913,20.6,57.2,0,0,none,none
2025-12-11T08:55:15.352552,20.6,57.2,0,0,none,none
2025-12-11T08:55:17.607214,20.6,57.2,0,0,none,none
2025-12-11T08:55:19.861910,20.6,57.2,0,0,none,none
2025-12-11T08:55:22.116557,20.6,57.3,0,0,none,none
2025-12-11T08:55:24.371187,20.6,57.2,0,0,none,none
2025-12-11T08:55:26.625914,20.6,57.2,0,0,none,none
2025-12-11T08:55:28.880562,20.6,57.2,0,0,none,none
2025-12-11T08:55:31.135160,20.6,57.2,0,0,none,none
2025-12-11T08:55:33.389982,20.6,57.2,0,0,none,none
2025-12-11T08:55:35.644727,20.6,57.2,0,0,none,none
2025-12-11T08:55:37.899302,20.6,57.2,0,0,none,none
2025-12-11T08:55:40.154137,20.6,57.2,0,0,none,none
2025-12-11T08:55:42.408745,20.6,57.2,0,0,none,none
2025-12-11T08:55:44.663499,20.6,57.2,0,0,none,none
2025-12-11T08:55:46.918278,20.6,57.2,0,0,none,none
2025-12-11T08:55:49.172951,20.6,57.2,0,0,none,none
2025-12-11T08:55:51.427494,20.6,57.2,0,0,none,none
2025-12-11T08:55:53.682250,20.6,57.2,0,0,none,none
2025-12-11T08:55:55.936912,20.6,57.2,0,0,none,none
2025-12-11T08:55:58.191523,20.6,57.3,0,0,none,none
2025-12-11T08:56:00.446343,20.6,57.2,0,0,none,none
2025-12-11T08:56:02.701026,20.6,57.2,0,0,none,none
2025-12-11T08:56:04.955569,20.6,57.2,0,0,none,none
2025-12-11T08:56:07.210334,20.6,57.2,0,0,none,none
2025-12-11T08:56:09.464963,20.6,57.3,0,0,none,none
2025-12-11T08:56:11.719692,20.6,57.3,0,0,none,none
2025-12-11T08:56:13.974504,20.6,57.3,0,0,none,none
2025-12-11T08:56:16.229039,20.6,57.3,0,0,none,none
2025-12-11T08:56:18.483577,20.6,57.3,0,0,none,none
2025-12-11T08:56:20.738406,20.6,57.3,0,0,none,none
2025-12-11T08:56:22.993025,20.6,57.3,0,0,none,none
2025-12-11T08:56:25.247704,20.6,57.3,0,0,none,none
2025-12-11T08:56:27.502491,20.6,57.3,0,0,none,none
2025-12-11T08:56:29.757151,20.6,57.3,0,0,none,none
2025-12-11T08:56:32.011236,20.6,57.3,0,0,none,none
2025-12-11T08:56:34.266046,20.6,57.3,0,0,none,none
2025-12-11T08:56:36.520649,20.6,57.3,0,0,none,none
2025-12-11T08:56:38.775292,20.6,57.3,0,0,none,none
2025-12-11T08:56:41.030094,20.6,57.3,0,0,none,none
2025-12-11T08:56:43.284625,20.6,57.3,0,0,none,none
2025-12-11T08:56:45.539282,20.6,57.2,0,0,none,none
2025-12-11T08:56:47.794123,20.6,57.2,0,0,none,none
2025-12-11T08:56:50.048710,20.6,57.2,0,0,none,none
2025-12-11T08:56:52.303321,20.6,57.2,0,0,none,none
2025-12-11T08:56:54.558128,20.6,57.2,0,0,none,none
2025-12-11T08:56:56.812822,20.6,57.2,0,0,none,none
2025-12-11T08:56:59.067318,20.6,57.2,0,0,none,none
2025-12-11T08:57:01.322043,20.6,57.2,0,0,none,none
2025-12-11T08:57:03.576740,20.6,57.2,0,0,none,none
2025-12-11T08:57:05.831320,20.6,57.2,0,0,none,none
2025-12-11T08:57:08.085856,20.6,57.2,0,0,none,none
2025-12-11T08:57:10.340444,20.6,57.2,0,0,none,none
2025-12-11T08:57:12.595040,20.6,57.2,0,0,none,none
2025-12-11T08:57:14.849739,20.6,57.2,0,0,none,none
2025-12-11T08:57:17.104337,20.6,57.2,0,0,none,none
2025-12-11T08:57:19.358811,20.6,57.2,0,0,none,none
2025-12-11T08:57:21.613594,20.6,57.3,0,0,none,none
2025-12-11T08:57:23.868031,20.6,57.3,0,0,none,none
2025-12-11T08:57:26.122650,20.6,57.2,0,0,none,none
2025-12-11T08:57:28.377036,20.6,57.3,1,0,none,none
2025-12-11T08:57:30.631708,20.6,57.2,0,0,none,none
2025-12-11T08:57:32.886234,20.6,57.3,0,0,none,none
2025-12-11T08:57:35.140957,20.6,57.3,0,0,none,none
2025-12-11T08:57:37.395575,20.6,57.3,0,0,none,none
2025-12-11T08:57:39.650182,20.6,57.3,1,0,none,none
2025-12-11T08:57:41.904874,20.6,57.3,0,0,none,none
2025-12-11T08:57:44.159578,20.6,57.2,1,0,none,none
2025-12-11T08:57:46.413809,20.6,57.3,0,0,none,none
2025-12-11T08:57:48.668534,20.6,57.2,1,0,none,none
2025-12-11T08:57:50.923140,20.6,57.2,0,0,none,none
2025-12-11T08:57:53.177717,20.6,57.3,0,0,none,none
2025-12-11T08:57:55.432380,20.6,57.2,1,0,none,none
2025-12-11T08:57:57.687029,20.6,57.3,0,0,none,none
2025-12-11T08:57:59.941532,20.6,57.2,0,0,none,none
2025-12-11T08:58:02.196174,20.6,57.2,0,0,none,none
2025-12-11T08:58:04.450769,20.6,57.2,0,0,none,none
2025-12-11T08:58:06.705421,20.6,57.3,0,0,none,none
2025-12-11T08:58:08.960049,20.6,57.3,1,0,none,none
2025-12-11T08:58:11.214722,20.6,57.3,0,0,none,none
2025-12-11T08:58:13.468967,20.6,57.2,0,0,none,none
2025-12-11T08:58:15.723327,20.6,57.2,0,0,none,none
2025-12-11T08:58:17.978054,20.6,57.3,0,0,none,none
2025-12-11T08:58:20.232389,20.6,57.2,0,0,none,none
2025-12-11T08:58:22.487149,20.6,57.2,0,0,none,none
2025-12-11T08:58:24.741623,20.6,57.2,0,0,none,none
2025-12-11T08:58:26.996191,20.6,57.2,0,0,none,none
2025-12-11T08:58:29.250922,20.6,57.2,0,0,none,none
2025-12-11T08:58:31.505593,20.6,57.3,0,0,none,none
2025-12-11T08:58:33.760154,20.6,57.2,0,0,none,none
2025-12-11T08:58:36.014866,20.6,57.2,0,0,none,none
2025-12-11T08:58:38.271947,20.6,57.2,0,0,none,none
2025-12-11T08:58:40.526386,20.6,57.3,0,0,none,none
2025-12-11T08:58:42.780998,20.6,57.3,0,0,none,none
2025-12-11T08:58:45.035562,20.6,57.3,0,0,none,none
2025-12-11T08:58:47.290076,20.6,57.3,0,0,none,none
2025-12-11T08:58:49.544881,20.6,57.2,0,0,none,none
2025-12-11T08:58:51.799496,20.6,57.3,0,0,none,none
2025-12-11T08:58:54.053911,20.6,57.3,0,0,none,none
2025-12-11T08:58:56.308589,20.6,57.2,0,0,none,none
2025-12-11T08:58:58.563456,20.6,57.3,0,0,none,none
2025-12-11T08:59:00.817969,20.6,57.3,1,0,none,none
2025-12-11T08:59:03.072670,20.6,57.3,0,0,none,none
2025-12-11T08:59:05.327260,20.6,57.3,1,0,none,none
2025-12-11T08:59:07.581897,20.6,57.3,0,0,none,none
2025-12-11T08:59:09.836636,20.6,57.3,0,0,none,none
2025-12-11T08:59:12.091095,20.6,57.3,1,0,none,none
2025-12-11T08:59:14.345698,20.6,57.3,0,0,none,none
2025-12-11T08:59:16.600682,20.6,57.3,0,0,none,none
2025-12-11T08:59:18.855336,20.6,57.3,1,0,none,none
2025-12-11T08:59:21.109307,20.6,57.3,0,0,none,none
2025-12-11T08:59:23.364013,20.6,57.3,1,0,none,none
2025-12-11T08:59:25.618726,20.6,57.3,0,0,none,none
2025-12-11T08:59:27.873305,20.6,57.3,0,0,none,none
2025-12-11T08:59:30.128026,20.6,57.3,0,0,none,none
2025-12-11T08:59:32.382663,20.6,57.3,0,0,none,none
2025-12-11T08:59:34.637325,20.6,57.2,0,0,none,none
2025-12-11T08:59:36.891984,20.6,57.3,0,0,none,none
2025-12-11T08:59:39.146317,20.6,57.3,0,0,none,none
2025-12-11T08:59:41.400598,20.6,57.3,0,0,none,none
2025-12-11T08:59:43.655483,20.6,57.2,1,0,none,none
2025-12-11T08:59:45.910090,20.6,57.2,0,0,none,none
2025-12-11T08:59:48.164501,20.6,57.2,0,0,none,none
2025-12-11T08:59:50.419231,20.6,57.2,0,0,none,none
2025-12-11T08:59:52.674060,20.6,57.2,0,0,none,none
2025-12-11T08:59:54.928368,20.6,57.2,0,0,none,none
2025-12-11T08:59:57.183115,20.6,57.2,0,0,none,none
2025-12-11T08:59:59.437523,20.6,57.2,0,0,none,none
2025-12-11T09:00:01.691692,20.6,57.2,0,0,none,none
2025-12-11T09:00:03.946459,20.6,57.2,0,0,none,none
2025-12-11T09:00:06.200804,20.6,57.2,0,0,none,none
2025-12-11T09:00:08.455360,20.6,57.2,0,0,none,none
2025-12-11T09:00:10.710246,20.6,57.2,0,0,none,none
2025-12-11T09:00:12.964739,20.6,57.2,0,0,none,none
2025-12-11T09:00:15.219231,20.6,57.2,0,0,none,none
2025-12-11T09:00:17.474014,20.6,57.2,0,0,none,none
2025-12-11T09:00:19.728527,20.6,57.2,0,0,none,none
2025-12-11T09:00:21.983167,20.6,57.2,0,0,none,none
2025-12-11T09:00:24.237869,20.6,57.2,0,0,none,none
2025-12-11T09:00:26.493319,20.6,57.2,0,0,none,none
2025-12-11T09:00:28.747978,20.6,57.2,0,0,none,none
2025-12-11T09:00:31.002778,20.6,57.2,0,0,none,none
2025-12-11T09:00:33.257426,20.6,57.2,0,0,none,none
2025-12-11T09:00:35.511915,20.6,57.2,0,0,none,none
2025-12-11T09:00:37.766658,20.6,57.2,0,0,none,none
2025-12-11T09:00:40.021198,20.6,57.2,0,0,none,none
2025-12-11T09:00:42.275768,20.6,57.2,0,0,none,none
2025-12-11T09:00:44.530650,20.6,57.2,0,0,none,none
2025-12-11T09:00:46.785359,20.6,57.2,0,0,none,none
2025-12-11T09:00:49.039895,20.6,57.2,0,0,none,none
2025-12-11T09:00:51.294669,20.6,57.2,0,0,none,none
2025-12-11T09:00:53.549407,20.6,57.2,0,0,none,none
2025-12-11T09:00:55.803897,20.6,57.2,0,0,none,none
2025-12-11T09:00:58.058449,20.6,57.2,0,0,none,none
2025-12-11T09:01:00.312908,20.6,57.2,0,0,none,none
2025-12-11T09:01:02.567020,20.6,57.2,1,0,none,none
2025-12-11T09:01:04.821810,20.6,57.2,0,0,none,none
2025-12-11T09:01:07.076417,20.6,57.2,0,0,none,none
2025-12-11T09:01:09.331059,20.6,57.2,0,0,none,none
2025-12-11T09:01:11.585813,20.6,57.2,0,0,none,none
2025-12-11T09:01:13.840454,20.6,57.2,0,0,none,none
2025-12-11T09:01:16.094956,20.6,57.2,0,0,none,none
2025-12-11T09:01:18.349798,20.6,57.2,0,0,none,none
2025-12-11T09:01:20.604499,20.6,57.2,0,0,none,none
2025-12-11T09:01:22.858628,20.6,57.2,0,0,none,none
2025-12-11T09:01:25.113384,20.6,57.1,0,0,none,none
2025-12-11T09:01:27.368058,20.6,57.2,0,0,none,none
2025-12-11T09:01:29.622818,20.6,57.2,0,0,none,none
2025-12-11T09:01:31.877409,20.6,57.2,0,0,none,none
2025-12-11T09:01:34.132019,20.6,57.2,0,0,none,none
2025-12-11T09:01:36.386612,20.6,57.2,0,0,none,none
2025-12-11T09:01:38.641526,20.6,57.1,0,0,none,none
2025-12-11T09:01:40.896247,20.6,57.1,0,0,none,none
2025-12-11T09:01:43.150794,20.6,57.1,0,0,none,none
2025-12-11T09:01:45.405565,20.6,57.2,0,0,none,none
2025-12-11T09:01:47.660232,20.6,57.2,0,0,none,none
2025-12-11T09:01:49.914886,20.6,57.2,0,0,none,none
2025-12-11T09:01:52.169431,20.6,57.2,0,0,none,none
2025-12-11T09:01:54.423953,20.6,57.2,0,0,none,none
2025-12-11T09:01:56.678688,20.6,57.2,0,0,none,none
2025-12-11T09:01:58.933509,20.6,57.2,0,0,none,none
2025-12-11T09:02:01.188094,20.6,57.2,0,0,none,none
2025-12-11T09:02:03.442722,20.6,57.2,0,0,none,none
2025-12-11T09:02:05.697426,20.6,57.2,0,0,none,none
2025-12-11T09:02:07.952093,20.6,57.2,0,0,none,none
2025-12-11T09:02:10.206656,20.6,57.2,0,0,none,none
2025-12-11T09:02:12.461069,20.6,57.2,0,0,none,none
2025-12-11T09:02:14.715850,20.6,57.2,0,0,none,none
2025-12-11T09:02:16.970466,20.6,57.2,0,0,none,none
2025-12-11T09:02:19.225274,20.6,57.2,0,0,none,none
2025-12-11T09:02:21.479919,20.6,57.2,0,0,none,none
2025-12-11T09:02:23.734626,20.6,57.2,0,0,none,none
2025-12-11T09:02:25.989461,20.6,57.2,0,0,none,none
2025-12-11T09:02:28.244102,20.6,57.2,0,0,none,none
2025-12-11T09:02:30.498784,20.6,57.2,0,0,none,none
2025-12-11T09:02:32.753566,20.6,57.2,0,0,none,none
2025-12-11T09:02:35.008206,20.6,57.2,0,0,none,none
2025-12-11T09:02:37.262825,20.6,57.2,0,0,none,none
2025-12-11T09:02:39.517668,20.6,57.2,0,0,none,none
2025-12-11T09:02:41.772078,20.6,57.2,0,0,none,none
2025-12-11T09:02:44.026715,20.6,57.2,0,0,none,none
2025-12-11T09:02:46.281472,20.6,57.2,0,0,none,none
2025-12-11T09:02:48.536248,20.6,57.2,0,0,none,none
2025-12-11T09:02:50.790629,20.6,57.2,0,0,none,none
2025-12-11T09:02:53.045421,20.6,57.2,0,0,none,none
2025-12-11T09:02:55.300034,20.6,57.2,0,0,none,none
2025-12-11T09:02:57.554718,20.6,57.2,0,0,none,none
2025-12-11T09:02:59.809602,20.6,57.2,0,0,none,none
2025-12-11T09:03:02.063956,20.6,57.3,0,0,none,none
2025-12-11T09:03:04.318503,20.6,57.2,0,0,none,none
2025-12-11T09:03:06.572917,20.6,57.2,0,0,none,none
2025-12-11T09:03:08.827585,20.6,57.2,0,0,none,none
2025-12-11T09:03:11.081838,20.6,57.2,0,0,none,none
2025-12-11T09:03:13.336533,20.6,57.2,0,0,none,none
2025-12-11T09:03:15.591252,20.6,57.2,0,0,none,none
2025-12-11T09:03:17.845814,20.6,57.2,0,0,none,none
2025-12-11T09:03:20.100597,20.6,57.2,0,0,none,none
2025-12-11T09:03:22.357242,20.6,57.3,0,0,none,none
2025-12-11T09:03:24.611941,20.6,57.2,0,0,none,none
2025-12-11T09:03:26.866563,20.6,57.2,0,0,none,none
2025-12-11T09:03:29.121189,20.6,57.2,0,0,none,none
2025-12-11T09:03:31.375820,20.6,57.2,0,0,none,none
2025-12-11T09:03:33.630379,20.6,57.2,0,0,none,none
2025-12-11T09:03:35.884943,20.6,57.2,0,0,none,none
2025-12-11T09:03:38.139359,20.6,57.2,0,0,none,none
2025-12-11T09:03:40.394133,20.6,57.2,0,0,none,none
2025-12-11T09:03:42.648863,20.6,57.2,0,0,none,none
2025-12-11T09:03:44.903181,20.6,57.2,0,0,none,none
2025-12-11T09:03:47.157958,20.6,57.2,0,0,none,none
2025-12-11T09:03:49.412564,20.6,57.2,0,0,none,none
2025-12-11T09:03:51.667233,20.6,57.2,0,0,none,none
2025-12-11T09:03:53.922010,20.6,57.2,0,0,none,none
2025-12-11T09:03:56.176632,20.6,57.2,0,0,none,none
2025-12-11T09:03:58.431233,20.6,57.2,0,0,none,none
2025-12-11T09:04:00.686114,20.6,57.2,0,0,none,none
2025-12-11T09:04:02.940686,20.6,57.2,0,0,none,none
2025-12-11T09:04:05.194762,20.6,57.2,0,0,none,none
2025-12-11T09:04:07.449387,20.6,57.2,0,0,none,none
2025-12-11T09:04:09.704069,20.6,57.2,0,0,none,none
2025-12-11T09:04:11.958446,20.6,57.2,0,0,none,none
2025-12-11T09:04:14.213244,20.6,57.2,0,0,none,none
2025-12-11T09:04:16.467874,20.6,57.2,0,0,none,none
2025-12-11T09:04:18.722571,20.6,57.2,0,0,none,none
2025-12-11T09:04:20.977314,20.6,57.2,0,0,none,none
2025-12-11T09:04:23.231845,20.6,57.2,0,0,none,none
2025-12-11T09:04:25.486437,20.6,57.2,0,0,none,none
2025-12-11T09:04:27.741319,20.6,57.2,0,0,none,none
2025-12-11T09:04:29.995910,20.6,57.2,0,0,none,none
2025-12-11T09:04:32.250484,20.6,57.2,0,0,none,none
2025-12-11T09:04:34.505189,20.6,57.2,0,0,none,none
2025-12-11T09:04:36.759768,20.6,57.2,0,0,none,none
2025-12-11T09:04:39.014440,20.6,57.2,0,0,none,none
2025-12-11T09:04:41.269129,20.6,57.2,0,0,none,none
2025-12-11T09:04:43.523888,20.6,57.2,0,0,none,none
2025-12-11T09:04:45.778467,20.6,57.2,0,0,none,none
2025-12-11T09:04:48.033275,20.6,57.2,0,0,none,none
2025-12-11T09:04:50.287877,20.6,57.2,0,0,none,none
2025-12-11T09:04:52.542538,20.6,57.2,0,0,none,none
2025-12-11T09:04:54.796898,20.6,57.2,0,0,none,none
2025-12-11T09:04:57.053660,20.6,57.2,0,0,none,none
2025-12-11T09:04:59.308120,20.6,57.2,0,0,none,none
2025-12-11T09:05:01.562995,20.6,57.2,0,0,none,none
2025-12-11T09:05:03.817618,20.6,57.2,0,0,none,none
2025-12-11T09:05:06.072155,20.6,57.2,0,0,none,none
2025-12-11T09:05:08.326949,20.6,57.2,0,0,none,none
2025-12-11T09:05:10.581557,20.6,57.2,0,0,none,none
2025-12-11T09:05:12.836047,20.6,57.2,0,0,none,none
2025-12-11T09:05:15.090881,20.6,57.2,0,0,none,none
2025-12-11T09:05:17.345517,20.6,57.2,0,0,none,none
2025-12-11T09:05:19.600154,20.6,57.2,0,0,none,none
2025-12-11T09:05:21.854905,20.6,57.2,0,0,none,none
2025-12-11T09:05:24.109253,20.6,57.2,0,0,none,none
2025-12-11T09:05:26.363231,20.6,57.2,0,0,none,none
2025-12-11T09:05:28.617771,20.6,57.2,0,0,none,none
2025-12-11T09:05:30.872347,20.6,57.2,0,0,none,none
2025-12-11T09:05:33.126871,20.6,57.2,0,0,none,none
2025-12-11T09:05:35.381626,20.6,57.2,0,0,none,none
2025-12-11T09:05:37.636296,20.6,57.2,0,0,none,none
2025-12-11T09:05:39.890863,20.6,57.2,0,0,none,none
2025-12-11T09:05:42.145464,20.6,57.2,0,0,none,none
2025-12-11T09:05:44.400057,20.6,57.2,0,0,none,none
2025-12-11T09:05:46.654650,20.6,57.2,0,0,none,none
2025-12-11T09:05:48.909381,20.6,57.2,0,0,none,none
2025-12-11T09:05:51.163984,20.6,57.2,0,0,none,none
2025-12-11T09:05:53.418572,20.6,57.2,0,0,none,none
2025-12-11T09:05:55.673300,20.6,57.2,0,0,none,none
2025-12-11T09:05:57.927917,20.6,57.2,0,0,none,none
2025-12-11T09:06:00.182511,20.6,57.1,0,0,none,none
2025-12-11T09:06:02.437259,20.6,57.2,0,0,none,none
2025-12-11T09:06:04.691918,20.6,57.1,0,0,none,none
2025-12-11T09:06:06.946470,20.6,57.1,0,0,none,none
2025-12-11T09:06:09.200945,20.6,57.2,0,0,none,none
2025-12-11T09:06:11.455588,20.6,57.2,1,0,none,none
2025-12-11T09:06:13.709968,20.6,57.1,0,0,none,none
2025-12-11T09:06:15.964788,20.6,57.1,0,0,none,none
2025-12-11T09:06:18.219478,20.6,57.1,0,0,none,none
2025-12-11T09:06:20.474052,20.6,57.1,0,0,none,none
2025-12-11T09:06:22.728662,20.6,57.2,1,0,none,none
2025-12-11T09:06:24.983261,20.6,57.1,0,0,none,none
2025-12-11T09:06:27.237689,20.6,57.2,0,0,none,none
2025-12-11T09:06:29.492390,20.6,57.1,1,0,none,none
2025-12-11T09:06:31.747146,20.6,57.1,0,0,none,none
2025-12-11T09:06:34.001683,20.6,57.1,0,0,none,none
2025-12-11T09:06:36.256464,20.6,57.1,1,0,none,none
2025-12-11T09:06:38.511150,20.6,57.1,0,0,none,none
2025-12-11T09:06:40.765587,20.6,57.2,1,0,none,none
2025-12-11T09:06:43.020288,20.6,57.1,0,0,none,none
2025-12-11T09:06:45.274945,20.6,57.1,0,0,none,none
2025-12-11T09:06:47.529644,20.6,57.1,0,0,none,none
2025-12-11T09:06:49.784283,20.6,57.1,0,0,none,none
2025-12-11T09:06:52.040895,20.6,57.1,1,0,none,none
2025-12-11T09:06:54.295518,20.6,57.2,0,0,none,none
2025-12-11T09:06:56.550440,20.6,57.2,0,0,none,none
2025-12-11T09:06:58.805109,20.6,57.2,0,0,none,none
2025-12-11T09:07:01.059560,20.6,57.2,0,0,none,none
2025-12-11T09:07:03.314352,20.6,57.2,0,0,none,none
2025-12-11T09:07:05.569056,20.6,57.2,0,0,none,none
2025-12-11T09:07:07.823638,20.6,57.2,0,0,none,none
2025-12-11T09:07:10.078363,20.6,57.2,0,0,none,none
2025-12-11T09:07:12.332688,20.6,57.2,0,0,none,none
2025-12-11T09:07:14.587386,20.6,57.2,0,0,none,none
2025-12-11T09:07:16.842185,20.6,57.2,0,0,none,none
2025-12-11T09:07:19.096733,20.6,57.2,0,0,none,none
2025-12-11T09:07:21.351099,20.6,57.2,0,0,none,none
2025-12-11T09:07:23.605933,20.6,57.2,0,0,none,none
2025-12-11T09:07:25.860582,20.6,57.2,0,0,none,none
2025-12-11T09:07:28.115069,20.6,57.2,0,0,none,none
2025-12-11T09:07:30.369872,20.6,57.2,0,0,none,none
2025-12-11T09:07:32.624571,20.6,57.2,0,0,none,none
2025-12-11T09:07:34.878945,20.6,57.2,0,0,none,none
2025-12-11T09:07:37.133625,20.6,57.2,0,0,none,none
2025-12-11T09:07:39.388132,20.6,57.2,0,0,none,none
2025-12-11T09:07:41.642713,20.6,57.2,0,0,none,none
2025-12-11T09:07:43.897383,20.6,57.2,0,0,none,none
2025-12-11T09:07:46.151911,20.6,57.2,0,0,none,none
2025-12-11T09:07:48.406452,20.6,57.2,0,0,none,none
2025-12-11T09:07:50.661095,20.6,57.2,0,0,none,none
2025-12-11T09:07:52.915715,20.6,57.2,0,0,none,none
2025-12-11T09:07:55.170303,20.6,57.2,0,0,none,none
2025-12-11T09:07:57.424678,20.6,57.2,0,0,none,none
2025-12-11T09:07:59.679434,20.6,57.2,0,0,none,none
2025-12-11T09:08:01.933967,20.6,57.2,0,0,none,none
2025-12-11T09:08:04.188641,20.6,57.2,0,0,none,none
2025-12-11T09:08:06.443295,20.6,57.2,0,0,none,none
2025-12-11T09:08:08.697874,20.6,57.2,0,0,none,none
2025-12-11T09:08:10.952622,20.6,57.2,0,0,none,none
2025-12-11T09:08:13.207308,20.6,57.2,0,0,none,none
2025-12-11T09:08:15.461866,20.6,57.2,0,0,none,none
2025-12-11T09:08:17.716750,20.6,57.1,0,0,none,none
2025-12-11T09:08:19.971366,20.6,57.2,0,0,none,none
2025-12-11T09:08:22.225992,20.6,57.2,0,0,none,none
2025-12-11T09:08:24.480685,20.6,57.2,0,0,none,none
2025-12-11T09:08:26.735386,20.6,57.2,0,0,none,none
2025-12-11T09:08:28.989880,20.6,57.1,0,0,none,none
2025-12-11T09:08:31.244671,20.6,57.2,0,0,none,none
2025-12-11T09:08:33.500230,20.6,57.1,0,0,none,none
2025-12-11T09:08:35.817783,20.6,57.1,0,0,none,none
2025-12-11T09:08:38.072446,20.6,57.1,0,0,none,none
2025-12-11T09:08:40.327031,20.6,57.1,0,0,none,none
2025-12-11T09:08:42.581321,20.6,57.1,0,0,none,none
2025-12-11T09:08:44.836007,20.6,57.2,0,0,none,none
2025-12-11T09:08:47.090594,20.6,57.2,0,0,none,none
2025-12-11T09:08:49.345096,20.6,57.2,0,0,none,none
2025-12-11T09:08:51.599959,20.6,57.2,0,0,none,none
2025-12-11T09:08:53.856759,20.6,57.2,0,0,none,none
2025-12-11T09:08:56.111332,20.6,57.1,0,0,none,none
2025-12-11T09:08:58.366031,20.6,57.1,0,0,none,none
2025-12-11T09:09:00.620691,20.6,57.1,0,0,none,none
2025-12-11T09:09:02.875226,20.6,57.1,0,0,none,none
2025-12-11T09:09:05.129951,20.6,57.1,0,0,none,none
2025-12-11T09:09:07.384579,20.6,57.1,0,0,none,none
2025-12-11T09:09:09.639259,20.6,57.1,0,0,none,none
2025-12-11T09:09:11.894077,20.6,57.1,0,0,none,none
2025-12-11T09:09:14.148634,20.6,57.1,0,0,none,none
2025-12-11T09:09:16.403074,20.6,57.1,0,0,none,none
2025-12-11T09:09:18.657861,20.6,57.1,0,0,none,none
2025-12-11T09:09:20.912410,20.6,57.0,0,0,none,none
2025-12-11T09:09:23.166883,20.6,57.0,0,0,none,none
2025-12-11T09:09:25.421622,20.6,57.0,0,0,none,none
2025-12-11T09:09:27.676116,20.6,57.1,0,0,none,none
2025-12-11T09:09:29.930660,20.6,57.0,0,0,none,none
2025-12-11T09:09:32.185302,20.6,57.1,0,0,none,none
2025-12-11T09:09:34.439830,20.6,57.1,0,0,none,none
2025-12-11T09:09:36.694403,20.6,57.1,0,0,none,none
2025-12-11T09:09:38.949008,20.6,57.1,0,0,none,none
2025-12-11T09:09:41.203588,20.6,57.1,0,0,none,none
2025-12-11T09:09:43.458183,20.6,57.1,0,0,none,none
2025-12-11T09:09:45.713028,20.6,57.1,0,0,none,none
2025-12-11T09:09:47.967694,20.6,57.1,0,0,none,none
2025-12-11T09:09:50.222161,20.6,57.1,0,0,none,none
2025-12-11T09:09:52.476855,20.6,57.1,0,0,none,none
2025-12-11T09:09:54.731575,20.6,57.1,0,0,none,none
2025-12-11T09:09:56.986174,20.6,57.1,0,0,none,none
2025-12-11T09:09:59.240966,20.6,57.1,0,0,none,none
2025-12-11T09:10:01.496795,20.6,57.1,0,0,none,none
2025-12-11T09:10:03.751480,20.6,57.1,0,0,none,none
2025-12-11T09:10:06.006276,20.6,57.1,0,0,none,none
2025-12-11T09:10:08.260896,20.6,57.1,0,0,none,none
2025-12-11T09:10:10.515612,20.6,57.1,0,0,none,none
2025-12-11T09:10:12.770385,20.6,57.1,0,0,none,none
2025-12-11T09:10:15.025000,20.6,57.1,1,0,none,none
2025-12-11T09:10:17.279588,20.6,57.1,0,0,none,none
2025-12-11T09:10:19.534478,20.6,57.1,0,0,none,none
2025-12-11T09:10:21.789095,20.6,57.1,0,0,none,none
2025-12-11T09:10:24.043514,20.6,57.1,0,0,none,none
2025-12-11T09:10:26.298240,20.6,57.1,0,0,none,none
2025-12-11T09:10:28.553001,20.6,57.1,0,0,none,none
2025-12-11T09:10:30.807619,20.6,57.1,0,0,none,none
2025-12-11T09:10:33.062419,20.6,57.1,0,0,none,none
2025-12-11T09:10:35.317113,20.6,57.1,0,0,none,none
2025-12-11T09:10:37.571499,20.6,57.1,0,0,none,none
2025-12-11T09:10:39.826276,20.6,57.1,0,0,none,none
2025-12-11T09:10:42.080959,20.6,57.1,0,0,none,none
2025-12-11T09:10:44.335634,20.6,57.1,0,0,none,none
2025-12-11T09:10:46.590536,20.6,57.1,0,0,none,none
2025-12-11T09:10:48.844971,20.6,57.1,0,0,none,none
2025-12-11T09:10:51.099544,20.6,57.1,0,0,none,none
2025-12-11T09:10:53.354314,20.6,57.1,0,0,none,none
2025-12-11T09:10:55.610389,20.6,57.1,0,0,none,none
2025-12-11T09:10:57.864704,20.6,57.1,0,0,none,none
2025-12-11T09:11:00.119564,20.6,57.1,0,0,none,none
2025-12-11T09:11:02.374202,20.6,57.1,0,0,none,none
2025-12-11T09:11:04.628835,20.6,57.1,0,0,none,none
2025-12-11T09:11:06.883696,20.6,57.1,0,0,none,none
2025-12-11T09:11:09.138325,20.6,57.1,0,0,none,none
2025-12-11T09:11:11.392922,20.6,57.1,0,0,none,none
2025-12-11T09:11:13.647847,20.6,57.1,0,0,none,none
2025-12-11T09:11:15.902532,20.6,57.1,0,0,none,none
2025-12-11T09:11:18.157115,20.6,57.1,0,0,none,none
2025-12-11T09:11:20.411757,20.6,57.1,0,0,none,none
2025-12-11T09:11:22.666408,20.6,57.1,0,0,none,none
2025-12-11T09:11:24.920907,20.6,57.1,0,0,none,none
2025-12-11T09:11:27.175615,20.6,57.1,0,0,none,none
2025-12-11T09:11:29.430245,20.6,57.1,0,0,none,none
2025-12-11T09:11:31.684764,20.6,57.1,0,0,none,none
2025-12-11T09:11:33.939640,20.6,57.1,0,0,none,none
2025-12-11T09:11:36.194279,20.6,57.1,0,0,none,none
2025-12-11T09:11:38.448789,20.6,57.1,0,0,none,none
2025-12-11T09:11:40.703682,20.6,57.1,0,0,none,none
2025-12-11T09:11:42.958262,20.6,57.1,0,0,none,none
2025-12-11T09:11:45.212762,20.6,57.1,0,0,none,none
2025-12-11T09:11:47.467522,20.6,57.1,0,0,none,none
2025-12-11T09:11:49.722113,20.6,57.1,0,0,none,none
2025-12-11T09:11:51.976735,20.6,57.1,0,0,none,none
2025-12-11T09:11:54.231540,20.6,57.1,0,0,none,none
2025-12-11T09:11:56.486162,20.6,57.1,0,0,none,none
2025-12-11T09:11:58.740809,20.6,57.1,0,0,none,none
2025-12-11T09:12:00.995700,20.6,57.1,0,0,none,none
2025-12-11T09:12:03.250363,20.6,57.1,0,0,none,none
2025-12-11T09:12:05.505041,20.6,57.1,0,0,none,none
2025-12-11T09:12:07.759841,20.6,57.1,0,0,none,none
2025-12-11T09:12:10.014512,20.6,57.1,0,0,none,none
2025-12-11T09:12:12.268581,20.6,57.1,0,0,none,none
2025-12-11T09:12:14.523534,20.6,57.1,0,0,none,none
2025-12-11T09:12:16.778262,20.6,57.1,0,0,none,none
2025-12-11T09:12:19.032828,20.6,57.1,0,0,none,none
2025-12-11T09:12:21.287680,20.6,57.1,0,0,none,none
2025-12-11T09:12:23.542365,20.6,57.1,0,0,none,none
2025-12-11T09:12:25.796910,20.6,57.1,0,0,none,none
2025-12-11T09:12:28.051765,20.6,57.1,0,0,none,none
2025-12-11T09:12:30.306436,20.6,57.1,0,0,none,none
2025-12-11T09:12:32.560920,20.6,57.1,0,0,none,none
2025-12-11T09:12:34.815787,20.6,57.1,0,0,none,none
2025-12-11T09:12:37.070450,20.6,57.1,0,0,none,none
2025-12-11T09:12:39.325011,20.6,57.1,0,0,none,none
2025-12-11T09:12:41.579934,20.6,57.1,0,0,none,none
2025-12-11T09:12:43.834577,20.6,57.1,0,0,none,none
2025-12-11T09:12:46.089151,20.6,57.1,0,0,none,none
2025-12-11T09:12:48.343831,20.6,57.1,0,0,none,none
2025-12-11T09:12:50.598568,20.6,57.1,0,0,none,none
2025-12-11T09:12:52.853082,20.6,57.1,0,0,none,none
2025-12-11T09:12:55.107888,20.6,57.1,0,0,none,none
2025-12-11T09:12:57.364633,20.6,57.1,0,0,none,none
2025-12-11T09:12:59.619313,20.6,57.1,0,0,none,none
2025-12-11T09:13:01.874025,20.6,57.1,0,0,none,none
2025-12-11T09:13:04.128688,20.6,57.1,0,0,none,none
2025-12-11T09:13:06.383264,20.6,57.1,0,0,none,none
2025-12-11T09:13:08.638165,20.6,57.1,0,0,none,none
2025-12-11T09:13:10.892748,20.6,57.1,0,0,none,none
2025-12-11T09:13:13.147284,20.6,57.1,0,0,none,none
2025-12-11T09:13:15.402136,20.6,57.1,0,0,none,none
2025-12-11T09:13:17.656855,20.6,57.1,0,0,none,none
2025-12-11T09:13:19.911468,20.6,57.1,0,0,none,none
2025-12-11T09:13:22.166189,20.6,57.1,0,0,none,none
2025-12-11T09:13:24.420712,20.6,57.1,0,0,none,none
2025-12-11T09:13:26.675224,20.6,57.2,0,0,none,none
2025-12-11T09:13:28.929921,20.6,57.2,0,0,none,none
2025-12-11T09:13:31.184566,20.6,57.2,0,0,none,none
2025-12-11T09:13:33.439172,20.6,57.1,0,0,none,none
2025-12-11T09:13:35.693884,20.6,57.1,0,0,none,none
2025-12-11T09:13:37.948451,20.6,57.2,0,0,none,none
2025-12-11T09:13:40.202925,20.6,57.1,0,0,none,none
2025-12-11T09:13:42.457504,20.6,57.1,0,0,none,none
2025-12-11T09:13:44.712108,20.6,57.1,0,0,none,none
2025-12-11T09:13:46.966725,20.6,57.1,0,0,none,none
2025-12-11T09:13:49.221434,20.6,57.1,0,0,none,none
2025-12-11T09:13:51.476042,20.6,57.1,0,0,none,none
2025-12-11T09:13:53.730672,20.6,57.1,0,0,none,none
2025-12-11T09:13:55.985431,20.6,57.1,0,0,none,none
2025-12-11T09:13:58.240023,20.6,57.1,0,0,none,none
2025-12-11T09:14:00.495804,20.6,57.2,0,0,none,none
2025-12-11T09:14:02.831463,20.6,57.1,0,0,none,none
2025-12-11T09:14:05.167040,20.6,57.1,0,0,none,none
2025-12-11T09:14:07.502665,20.6,57.1,0,0,none,none
2025-12-11T09:14:09.806023,20.6,57.1,0,0,none,none
2025-12-11T09:14:12.060591,20.6,57.2,0,0,none,none
2025-12-11T09:14:14.315150,20.6,57.2,0,0,none,none
2025-12-11T09:14:16.569947,20.6,57.1,0,0,none,none
2025-12-11T09:14:18.824552,20.6,57.1,0,0,none,none
2025-12-11T09:14:21.078838,20.6,57.1,0,0,none,none
2025-12-11T09:14:23.333408,20.6,57.2,0,0,none,none
2025-12-11T09:14:25.588061,20.6,57.2,0,0,none,none
2025-12-11T09:14:27.842624,20.6,57.1,0,0,none,none
2025-12-11T09:14:30.097352,20.6,57.1,0,0,none,none
2025-12-11T09:14:32.351760,20.6,57.1,0,0,none,none
2025-12-11T09:14:34.606422,20.6,57.1,0,0,none,none
2025-12-11T09:14:36.860935,20.6,57.1,0,0,none,none
2025-12-11T09:14:39.117585,20.6,57.1,0,0,none,none
2025-12-11T09:14:41.372158,20.6,57.1,0,0,none,none
2025-12-11T09:14:43.626793,20.6,57.1,0,0,none,none
2025-12-11T09:14:45.881405,20.6,57.1,0,0,none,none
2025-12-11T09:14:48.135870,20.6,57.1,0,0,none,none
2025-12-11T09:14:50.390693,20.6,57.1,0,0,none,none
2025-12-11T09:14:52.645271,20.6,57.1,0,0,none,none
2025-12-11T09:14:54.899618,20.6,57.1,0,0,none,none
2025-12-11T09:14:57.154381,20.6,57.1,0,0,none,none
2025-12-11T09:14:59.409028,20.6,57.1,0,0,none,none
2025-12-11T09:15:01.663691,20.6,57.1,0,0,none,none
2025-12-11T09:15:03.918398,20.6,57.1,0,0,none,none
2025-12-11T09:15:06.173020,20.6,57.1,0,0,none,none
2025-12-11T09:15:08.427652,20.6,57.1,0,0,none,none
2025-12-11T09:15:10.682534,20.6,57.1,0,0,none,none
2025-12-11T09:15:12.937132,20.6,57.2,0,0,none,none
2025-12-11T09:15:15.191817,20.6,57.2,0,0,none,none
2025-12-11T09:15:17.446502,20.6,57.1,0,0,none,none
2025-12-11T09:15:19.701236,20.6,57.1,0,0,none,none
2025-12-11T09:15:21.955665,20.6,57.1,0,0,none,none
2025-12-11T09:15:24.210447,20.6,57.1,0,0,none,none
2025-12-11T09:15:26.465089,20.6,57.1,0,0,none,none
2025-12-11T09:15:28.719675,20.6,57.1,0,0,none,none
2025-12-11T09:15:30.974435,20.6,57.1,0,0,none,none
2025-12-11T09:15:33.229012,20.6,57.1,0,0,none,none
2025-12-11T09:15:35.483611,20.6,57.1,0,0,none,none
2025-12-11T09:15:37.738446,20.6,57.1,0,0,none,none
2025-12-11T09:15:39.992709,20.6,57.1,0,0,none,none
2025-12-11T09:15:42.247321,20.6,57.1,1,0,none,none
2025-12-11T09:15:44.502188,20.6,57.1,0,0,none,none
2025-12-11T09:15:46.756894,20.6,57.1,0,0,none,none
2025-12-11T09:15:49.011550,20.6,57.1,0,0,none,none
2025-12-11T09:15:51.266328,20.6,57.1,0,0,none,none
2025-12-11T09:15:53.520783,20.6,57.1,1,0,none,none
2025-12-11T09:15:55.775427,20.6,57.1,0,0,none,none
2025-12-11T09:15:58.030165,20.6,57.1,1,0,none,none
2025-12-11T09:16:00.284796,20.6,57.2,0,0,none,none
2025-12-11T09:16:02.539465,20.6,57.2,0,0,none,none
2025-12-11T09:16:04.794105,20.6,57.2,0,0,none,none
2025-12-11T09:16:07.048557,20.6,57.1,0,0,none,none
2025-12-11T09:16:09.303095,20.6,57.1,0,0,none,none
2025-12-11T09:16:11.557786,20.6,57.1,0,0,none,none
2025-12-11T09:16:13.812354,20.6,57.1,0,0,none,none
2025-12-11T09:16:16.066943,20.6,57.2,0,0,none,none
2025-12-11T09:16:18.321650,20.6,57.2,0,0,none,none
2025-12-11T09:16:20.576335,20.6,57.2,0,0,none,none
2025-12-11T09:16:22.830928,20.6,57.3,0,0,none,none
2025-12-11T09:16:25.085717,20.6,57.3,0,0,none,none
2025-12-11T09:16:27.342373,20.6,57.3,0,0,none,none
2025-12-11T09:16:29.596782,20.6,57.3,1,0,none,none
2025-12-11T09:16:31.851609,20.6,57.4,0,0,none,none
2025-12-11T09:16:34.106263,20.6,57.4,1,0,none,none
2025-12-11T09:16:36.360718,20.6,57.4,0,0,none,none
2025-12-11T09:16:38.615642,20.6,57.4,0,0,none,none
2025-12-11T09:16:40.870041,20.6,57.4,0,0,none,none
2025-12-11T09:16:43.124566,20.6,57.4,0,0,none,none
2025-12-11T09:16:45.379091,20.6,57.4,0,0,none,none
2025-12-11T09:16:47.642002,20.6,57.4,0,0,none,none
2025-12-11T09:16:49.896269,20.6,57.4,0,0,none,none
2025-12-11T09:16:52.151028,20.7,57.5,0,0,none,none
2025-12-11T09:16:54.405692,20.6,57.4,0,0,none,none
2025-12-11T09:16:56.660375,20.6,57.4,1,0,none,none
2025-12-11T09:16:58.915188,20.6,57.4,0,0,none,none
2025-12-11T09:17:01.169892,20.6,57.4,0,0,none,none
2025-12-11T09:17:03.424601,20.6,57.4,0,0,none,none
2025-12-11T09:17:05.679505,20.6,57.4,0,0,none,none
2025-12-11T09:17:07.934163,20.6,57.4,0,0,none,none
2025-12-11T09:17:10.188174,20.6,57.4,0,0,none,none
2025-12-11T09:17:12.442937,20.6,57.4,0,0,none,none
2025-12-11T09:17:14.697583,20.6,57.4,0,0,none,none
2025-12-11T09:17:16.952038,20.6,57.5,0,0,none,none
2025-12-11T09:17:19.206851,20.6,57.4,0,0,none,none
2025-12-11T09:17:21.461506,20.6,57.5,0,0,none,none
2025-12-11T09:17:23.716192,20.6,57.4,0,0,none,none
2025-12-11T09:17:25.970988,20.6,57.4,0,0,none,none
2025-12-11T09:17:28.227822,20.6,57.5,0,0,none,none
2025-12-11T09:17:30.482429,20.6,57.5,0,0,none,none
2025-12-11T09:17:32.737283,20.6,57.4,0,0,none,none
2025-12-11T09:17:34.991863,20.6,57.4,1,0,none,none
2025-12-11T09:17:37.246462,20.6,57.4,0,0,none,none
2025-12-11T09:17:39.501294,20.6,57.4,0,0,none,none
2025-12-11T09:17:41.755951,20.6,57.5,0,0,none,none
2025-12-11T09:17:44.010485,20.6,57.5,0,0,none,none
2025-12-11T09:17:46.265240,20.6,57.5,0,0,none,none
2025-12-11T09:17:48.519969,20.6,57.5,0,0,none,none
2025-12-11T09:17:50.774595,20.6,57.6,1,0,none,none
2025-12-11T09:17:53.029375,20.6,57.6,0,0,none,none
2025-12-11T09:17:55.283994,20.6,57.7,0,0,none,none
2025-12-11T09:17:57.538709,20.6,57.7,0,0,none,none
2025-12-11T09:17:59.793524,20.6,57.7,0,0,none,none
2025-12-11T09:18:02.048149,20.6,57.7,1,0,none,none
2025-12-11T09:18:04.302758,20.7,57.7,0,0,none,none
2025-12-11T09:18:06.557562,20.6,57.7,1,0,none,none
2025-12-11T09:18:08.812188,20.6,57.7,0,0,none,none
2025-12-11T09:18:11.066749,20.6,57.7,0,0,none,none
2025-12-11T09:18:13.321518,20.6,57.7,0,0,none,none
2025-12-11T09:18:15.575675,20.6,57.7,0,0,none,none
2025-12-11T09:18:17.830131,20.6,57.7,0,0,none,none
2025-12-11T09:18:20.084856,20.6,57.7,0,0,none,none
2025-12-11T09:18:22.339525,20.7,57.8,0,0,none,none
2025-12-11T09:18:24.594179,20.6,57.7,0,0,none,none
2025-12-11T09:18:26.849012,20.6,57.8,1,0,none,none
2025-12-11T09:18:29.103580,20.6,57.8,0,0,none,none
2025-12-11T09:18:31.358183,20.6,57.8,0,0,none,none
2025-12-11T09:18:33.612954,20.6,57.8,0,0,none,none
2025-12-11T09:18:35.867657,20.6,57.8,0,0,none,none
2025-12-11T09:18:38.122237,20.6,57.8,0,0,none,none
2025-12-11T09:18:40.376809,20.7,57.9,0,0,none,none
2025-12-11T09:18:42.631552,20.6,57.8,0,0,none,none
2025-12-11T09:18:44.886182,20.7,57.9,0,0,none,none
2025-12-11T09:18:47.140890,20.6,57.8,1,0,none,none
2025-12-11T09:18:49.395628,20.6,57.8,0,0,none,none
2025-12-11T09:18:51.650335,20.6,57.8,0,0,none,none
2025-12-11T09:18:53.905134,20.7,57.9,0,0,none,none
2025-12-11T09:18:56.159828,20.6,57.8,0,0,none,none
2025-12-11T09:18:58.414446,20.6,57.8,0,0,none,none
2025-12-11T09:19:00.669347,20.6,57.8,0,0,none,none
2025-12-11T09:19:02.923968,20.6,57.8,0,0,none,none
2025-12-11T09:19:05.178578,20.7,57.8,0,0,none,none
2025-12-11T09:19:07.433396,20.7,57.8,0,0,none,none
2025-12-11T09:19:09.688099,20.6,57.8,0,0,none,none
2025-12-11T09:19:11.942705,20.6,57.7,0,0,none,none
2025-12-11T09:19:14.197519,20.6,57.8,0,0,none,none
2025-12-11T09:19:16.452126,20.6,57.8,0,0,none,none
2025-12-11T09:19:18.706833,20.6,57.8,0,0,none,none
2025-12-11T09:19:20.961605,20.6,57.7,0,0,none,none
2025-12-11T09:19:23.216248,20.7,57.8,0,0,none,none
2025-12-11T09:19:25.470843,20.6,57.8,0,0,none,none
2025-12-11T09:19:27.725615,20.6,57.7,1,0,none,none
2025-12-11T09:19:29.981827,20.7,57.8,0,0,none,none
2025-12-11T09:19:32.236431,20.6,57.7,0,0,none,none
2025-12-11T09:19:34.491173,20.7,57.7,0,0,none,none
2025-12-11T09:19:36.747870,20.6,57.7,0,0,none,none
2025-12-11T09:19:39.002460,20.6,57.7,0,0,none,none
2025-12-11T09:19:41.257237,20.6,57.7,0,0,none,none
2025-12-11T09:19:43.511911,20.6,57.8,0,0,none,none
2025-12-11T09:19:45.766563,20.6,57.7,0,0,none,none
2025-12-11T09:19:48.021266,20.7,57.7,0,0,none,none
2025-12-11T09:19:50.275863,20.6,57.7,0,0,none,none
2025-12-11T09:19:52.530561,20.6,57.7,0,0,none,none
2025-12-11T09:19:54.785396,20.6,57.7,0,0,none,none
2025-12-11T09:19:57.042166,20.6,57.7,0,0,none,none
2025-12-11T09:19:59.296782,20.6,57.7,0,0,none,none
2025-12-11T09:20:01.551459,20.6,57.7,0,0,none,none
2025-12-11T09:20:03.886965,20.6,57.7,0,0,none,none
2025-12-11T09:20:06.205818,20.6,57.7,0,0,none,none
2025-12-11T09:20:08.460596,20.6,57.7,0,0,none,none
2025-12-11T09:20:10.715421,20.6,57.7,0,0,none,none
2025-12-11T09:20:12.970045,20.6,57.7,0,0,none,none
2025-12-11T09:20:15.224854,20.6,57.7,0,0,none,none
2025-12-11T09:20:17.479492,20.6,57.7,0,0,none,none
2025-12-11T09:20:19.734124,20.7,57.7,0,0,none,none
2025-12-11T09:20:21.988658,20.6,57.7,0,0,none,none
2025-12-11T09:20:24.243287,20.7,57.7,0,0,none,none
2025-12-11T09:20:26.497756,20.6,57.7,0,0,none,none
2025-12-11T09:20:28.764007,20.7,57.7,0,0,none,none
2025-12-11T09:20:31.018634,20.7,57.7,0,0,none,none
2025-12-11T09:20:33.273182,20.6,57.7,0,0,none,none
2025-12-11T09:20:35.528037,20.6,57.7,0,0,none,none
2025-12-11T09:20:37.782697,20.7,57.7,0,0,none,none
2025-12-11T09:20:40.037227,20.6,57.7,0,0,none,none
2025-12-11T09:20:42.291984,20.6,57.7,0,0,none,none
2025-12-11T09:20:44.546712,20.6,57.7,0,0,none,none
2025-12-11T09:20:46.800989,20.6,57.7,0,0,none,none
2025-12-11T09:20:49.055769,20.6,57.7,0,0,none,none
2025-12-11T09:20:51.310380,20.6,57.7,0,0,none,none
2025-12-11T09:20:53.565035,20.7,57.7,0,0,none,none
2025-12-11T09:20:55.819558,20.6,57.7,0,0,none,none
2025-12-11T09:20:58.074139,20.7,57.8,0,0,none,none
2025-12-11T09:21:00.328731,20.6,57.8,0,0,none,none
2025-12-11T09:21:02.583582,20.7,57.9,0,0,none,none
2025-12-11T09:21:04.838186,20.7,57.9,0,0,none,none
2025-12-11T09:21:07.092758,20.7,57.9,0,0,none,none
2025-12-11T09:21:09.347580,20.7,57.9,0,0,none,none
2025-12-11T09:21:11.602257,20.7,57.8,0,0,none,none
2025-12-11T09:21:13.856712,20.7,57.9,0,0,none,none
2025-12-11T09:21:16.111605,20.6,57.8,0,0,none,none
2025-12-11T09:21:18.366255,20.7,57.9,0,0,none,none
2025-12-11T09:21:20.620920,20.7,57.9,0,0,none,none
2025-12-11T09:21:22.875824,20.7,57.9,1,0,none,none
2025-12-11T09:21:25.131774,20.7,57.9,0,0,none,none
2025-12-11T09:21:27.386362,20.7,57.9,0,0,none,none
2025-12-11T09:21:29.641116,20.6,57.8,1,0,none,none
2025-12-11T09:21:31.895774,20.7,57.9,0,0,none,none
2025-12-11T09:21:34.150391,20.7,57.9,0,0,none,none
2025-12-11T09:21:36.405235,20.7,57.9,0,0,none,none
2025-12-11T09:21:38.659958,20.7,57.9,0,0,none,none
2025-12-11T09:21:40.914443,20.7,57.9,0,0,none,none
2025-12-11T09:21:43.169189,20.7,57.9,0,0,none,none
2025-12-11T09:21:45.423795,20.7,57.9,0,0,none,none
2025-12-11T09:21:47.678488,20.7,57.9,0,0,none,none
2025-12-11T09:21:49.932838,20.7,57.9,0,0,none,none
2025-12-11T09:21:52.187528,20.7,57.9,0,0,none,none
2025-12-11T09:21:54.442109,20.6,57.9,0,0,none,none
2025-12-11T09:21:56.696706,20.7,57.9,0,0,none,none
2025-12-11T09:21:58.953398,20.7,58.0,0,0,none,none
2025-12-11T09:22:01.207683,20.6,57.9,0,0,none,none
2025-12-11T09:22:03.462184,20.7,58.0,0,0,none,none
2025-12-11T09:22:05.716883,20.6,57.9,0,0,none,none
2025-12-11T09:22:07.971534,20.7,58.0,1,0,none,none
2025-12-11T09:22:10.226318,20.7,58.0,0,0,none,none
2025-12-11T09:22:12.483680,20.7,58.0,0,0,none,none
2025-12-11T09:22:14.738390,20.7,58.0,0,0,none,none
2025-12-11T09:22:16.993175,20.6,57.9,1,0,none,none
2025-12-11T09:22:19.247829,20.7,58.0,0,0,none,none
2025-12-11T09:22:21.502257,20.7,58.0,0,0,none,none
2025-12-11T09:22:23.756819,20.7,58.0,0,0,none,none
2025-12-11T09:22:26.011217,20.7,58.0,0,0,none,none
2025-12-11T09:22:28.265706,20.7,58.0,1,0,none,none
2025-12-11T09:22:30.520558,20.7,58.0,0,0,none,none
2025-12-11T09:22:32.775212,20.7,58.0,0,0,none,none
2025-12-11T09:22:35.029807,20.7,58.0,0,0,none,none
2025-12-11T09:22:37.284522,20.6,58.0,1,0,none,none
2025-12-11T09:22:39.539243,20.7,58.0,0,0,none,none
2025-12-11T09:22:41.793815,20.6,58.0,0,0,none,none
2025-12-11T09:22:44.048520,20.6,58.0,0,0,none,none
2025-12-11T09:22:46.303142,20.7,58.0,0,0,none,none
2025-12-11T09:22:48.557670,20.6,58.0,1,0,none,none
2025-12-11T09:22:50.812375,20.7,58.0,0,0,none,none
2025-12-11T09:22:53.067023,20.7,58.1,0,0,none,none
2025-12-11T09:22:55.321625,20.6,58.0,0,0,none,none
2025-12-11T09:22:57.576426,20.7,58.1,0,0,none,none
2025-12-11T09:22:59.831053,20.7,58.1,1,0,none,none
2025-12-11T09:23:02.085602,20.7,58.1,0,0,none,none
2025-12-11T09:23:04.340226,20.7,58.1,1,0,none,none
2025-12-11T09:23:06.594983,20.7,58.1,0,0,none,none
2025-12-11T09:23:08.849548,20.7,58.1,0,0,none,none
2025-12-11T09:23:11.104336,20.7,58.1,0,0,none,none
2025-12-11T09:23:13.359018,20.7,58.2,0,0,none,none
2025-12-11T09:23:15.613689,20.7,58.2,1,0,none,none
2025-12-11T09:23:17.868458,20.7,58.2,0,0,none,none
2025-12-11T09:23:20.125156,20.7,58.3,1,0,none,none
2025-12-11T09:23:22.379690,20.7,58.3,0,0,none,none
2025-12-11T09:23:24.634589,20.7,58.4,0,0,none,none
2025-12-11T09:23:26.889220,20.7,58.5,0,0,none,none
2025-12-11T09:23:29.143681,20.7,58.5,0,0,none,none
2025-12-11T09:23:31.398442,20.7,58.5,0,0,none,none
2025-12-11T09:23:33.653084,20.7,58.6,0,0,none,none
2025-12-11T09:23:35.907638,20.7,58.6,1,0,none,none
2025-12-11T09:23:38.162340,20.7,58.7,0,0,none,none
2025-12-11T09:23:40.416892,20.7,58.8,1,0,none,none
2025-12-11T09:23:42.671492,20.7,58.8,0,0,none,none
2025-12-11T09:23:44.926176,20.7,58.8,0,0,none,none
2025-12-11T09:23:47.180847,20.7,58.9,0,0,none,none
2025-12-11T09:23:49.435390,20.7,58.9,0,0,none,none
2025-12-11T09:23:51.690264,20.7,58.9,0,0,none,none
2025-12-11T09:23:53.944816,20.7,58.9,0,0,none,none
2025-12-11T09:23:56.199264,20.7,58.9,0,0,none,none
2025-12-11T09:23:58.454026,20.7,59.0,0,0,none,none
2025-12-11T09:24:00.708768,20.7,58.9,0,0,none,none
2025-12-11T09:24:02.963377,20.7,59.0,0,0,none,none
2025-12-11T09:24:05.218197,20.6,58.9,0,0,none,none
2025-12-11T09:24:07.472737,20.7,58.9,0,0,none,none
2025-12-11T09:24:09.727419,20.7,59.0,0,0,none,none
2025-12-11T09:24:11.982248,20.7,58.9,0,0,none,none
2025-12-11T09:24:14.236869,20.7,59.0,0,0,none,none
2025-12-11T09:24:16.491475,20.7,58.9,0,0,none,none
2025-12-11T09:24:18.746248,20.7,58.9,0,0,none,none
2025-12-11T09:24:21.000750,20.7,58.9,0,0,none,none
2025-12-11T09:24:23.255377,20.7,58.9,0,0,none,none
2025-12-11T09:24:25.510287,20.7,58.9,0,0,none,none
2025-12-11T09:24:27.764967,20.7,58.9,0,0,none,none
2025-12-11T09:24:30.019607,20.7,58.9,0,0,none,none
2025-12-11T09:24:32.274391,20.7,58.9,0,0,none,none
2025-12-11T09:24:34.529110,20.7,58.9,1,0,none,none
2025-12-11T09:24:36.783524,20.7,58.9,0,0,none,none
2025-12-11T09:24:39.038327,20.7,58.9,0,0,none,none
2025-12-11T09:24:41.292934,20.7,58.9,1,0,none,none
2025-12-11T09:24:43.547597,20.7,58.9,0,0,none,none
2025-12-11T09:24:45.802374,20.7,58.9,1,0,none,none
2025-12-11T09:24:48.056982,20.7,58.9,0,0,none,none
2025-12-11T09:24:50.311583,20.7,58.9,0,0,none,none
2025-12-11T09:24:52.566475,20.7,58.9,0,0,none,none
2025-12-11T09:24:54.821120,20.7,58.9,0,0,none,none
2025-12-11T09:24:57.075750,20.7,58.9,0,0,none,none
2025-12-11T09:24:59.330184,20.7,58.9,0,0,none,none
2025-12-11T09:25:01.584883,20.7,58.9,0,0,none,none
2025-12-11T09:25:03.839515,20.7,58.9,0,0,none,none
2025-12-11T09:25:06.094311,20.7,58.9,0,0,none,none
2025-12-11T09:25:08.348862,20.7,59.0,0,0,none,none
2025-12-11T09:25:10.603566,20.7,59.0,0,0,none,none
2025-12-11T09:25:12.858343,20.7,59.0,0,0,none,none
2025-12-11T09:25:15.112828,20.7,59.0,0,0,none,none
2025-12-11T09:25:17.367395,20.7,59.0,0,0,none,none
2025-12-11T09:25:19.622267,20.7,59.0,0,0,none,none
2025-12-11T09:25:21.876915,20.7,59.1,0,0,none,none
2025-12-11T09:25:24.131592,20.7,59.0,0,0,none,none
2025-12-11T09:25:26.386309,20.7,59.0,0,0,none,none
2025-12-11T09:25:28.641025,20.7,59.1,0,0,none,none
2025-12-11T09:25:30.895607,20.7,59.1,0,0,none,none
2025-12-11T09:25:33.150419,20.7,59.1,0,0,none,none
2025-12-11T09:25:35.405052,20.7,59.0,0,0,none,none
2025-12-11T09:25:37.659488,20.7,59.0,0,0,none,none
2025-12-11T09:25:39.913960,20.7,59.0,0,0,none,none
2025-12-11T09:25:42.168534,20.7,59.0,0,0,none,none
2025-12-11T09:25:44.423147,20.7,59.1,0,0,none,none
2025-12-11T09:25:46.677948,20.7,59.1,0,0,none,none
2025-12-11T09:25:48.932637,20.7,59.1,0,0,none,none
2025-12-11T09:25:51.187115,20.7,59.1,0,0,none,none
2025-12-11T09:25:53.441945,20.7,59.1,0,0,none,none
2025-12-11T09:25:55.696669,20.7,59.1,0,0,none,none
2025-12-11T09:25:57.951252,20.7,59.1,0,0,none,none
2025-12-11T09:26:00.206117,20.7,59.1,0,0,none,none
2025-12-11T09:26:02.460755,20.7,59.1,0,0,none,none
2025-12-11T09:26:04.715476,20.7,59.1,0,0,none,none
2025-12-11T09:26:06.970263,20.7,59.1,0,0,none,none
2025-12-11T09:26:09.224585,20.7,59.1,0,0,none,none
2025-12-11T09:26:11.479125,20.7,59.1,0,0,none,none
2025-12-11T09:26:13.733986,20.7,59.1,0,0,none,none
2025-12-11T09:26:15.988587,20.7,59.1,0,0,none,none
2025-12-11T09:26:18.243215,20.7,59.1,0,0,none,none
2025-12-11T09:26:20.498439,20.7,59.1,0,0,none,none
2025-12-11T09:26:22.753173,20.7,59.1,1,0,none,none
2025-12-11T09:26:25.007578,20.7,59.1,0,0,none,none
2025-12-11T09:26:27.262348,20.7,59.1,0,0,none,none
2025-12-11T09:26:29.516675,20.7,59.1,1,0,none,none
2025-12-11T09:26:31.771311,20.7,59.1,0,0,none,none
2025-12-11T09:26:34.026036,20.7,59.1,0,0,none,none
2025-12-11T09:26:36.280609,20.7,59.1,0,0,none,none
2025-12-11T09:26:38.535254,20.7,59.2,0,0,none,none
2025-12-11T09:26:40.789837,20.7,59.1,0,0,none,none
2025-12-11T09:26:43.044516,20.7,59.2,0,0,none,none
2025-12-11T09:26:45.299119,20.7,59.1,0,0,none,none
2025-12-11T09:26:47.553738,20.7,59.1,1,0,none,none
2025-12-11T09:26:49.808346,20.7,59.2,0,0,none,none
2025-12-11T09:26:52.062970,20.7,59.1,1,0,none,none
2025-12-11T09:26:54.317349,20.7,59.2,0,0,none,none
2025-12-11T09:26:56.572071,20.7,59.1,0,0,none,none
2025-12-11T09:26:58.826547,20.7,59.1,0,0,none,none
2025-12-11T09:27:01.081193,20.7,59.1,0,0,none,none
2025-12-11T09:27:03.335715,20.7,59.1,0,0,none,none
2025-12-11T09:27:05.590292,20.7,59.1,1,0,none,none
2025-12-11T09:27:07.844935,20.7,59.1,0,0,none,none
2025-12-11T09:27:10.099495,20.7,59.2,1,0,none,none
2025-12-11T09:27:12.353995,20.7,59.2,0,0,none,none
2025-12-11T09:27:14.608749,20.7,59.2,0,0,none,none
2025-12-11T09:27:16.863375,20.7,59.2,0,0,none,none
2025-12-11T09:27:19.117904,20.7,59.3,1,0,none,none
2025-12-11T09:27:21.372405,20.7,59.3,0,0,none,none
2025-12-11T09:27:23.626667,20.7,59.3,1,0,none,none
2025-12-11T09:27:25.881113,20.7,59.3,0,0,none,none
2025-12-11T09:27:28.135801,20.7,59.3,0,0,none,none
2025-12-11T09:27:30.390417,20.7,59.4,1,0,none,none
2025-12-11T09:27:32.644993,20.7,59.4,0,0,none,none
2025-12-11T09:27:34.899828,20.7,59.4,1,0,none,none
2025-12-11T09:27:37.163522,20.7,59.4,0,0,none,none
2025-12-11T09:27:39.499071,20.7,59.5,0,0,none,none
2025-12-11T09:27:41.764160,20.7,59.5,0,0,none,none
2025-12-11T09:27:44.018763,20.7,59.5,0,0,none,none
2025-12-11T09:27:46.273278,20.7,59.6,0,0,none,none
2025-12-11T09:27:48.528081,20.7,59.6,1,0,none,none
2025-12-11T09:27:50.782641,20.7,59.5,0,0,none,none
2025-12-11T09:27:53.037240,20.7,59.6,0,0,none,none
2025-12-11T09:27:55.291987,20.7,59.6,0,0,none,none
2025-12-11T09:27:57.546797,20.7,59.7,0,0,none,none
2025-12-11T09:27:59.801265,20.7,59.6,0,0,none,none
2025-12-11T09:28:02.055943,20.7,59.7,0,0,none,none
2025-12-11T09:28:04.310542,20.7,59.7,0,0,none,none
2025-12-11T09:28:06.564804,20.7,59.7,0,0,none,none
2025-12-11T09:28:08.819563,20.7,59.7,0,0,none,none
2025-12-11T09:28:11.074076,20.7,59.8,0,0,none,none
2025-12-11T09:28:13.328562,20.7,59.7,0,0,none,none
2025-12-11T09:28:15.583229,20.7,59.8,0,0,none,none
2025-12-11T09:28:17.837764,20.7,59.8,0,0,none,none
2025-12-11T09:28:20.092199,20.7,59.8,0,0,none,none
2025-12-11T09:28:22.346954,20.7,59.8,0,0,none,none
2025-12-11T09:28:24.601606,20.7,59.8,0,0,none,none
2025-12-11T09:28:26.856121,20.7,59.8,0,0,none,none
2025-12-11T09:28:29.110872,20.7,59.8,0,0,none,none
2025-12-11T09:28:31.365496,20.7,59.8,0,0,none,none
2025-12-11T09:28:33.620088,20.7,59.8,0,0,none,none
2025-12-11T09:28:35.874823,20.7,59.8,0,0,none,none
2025-12-11T09:28:38.129342,20.7,59.8,0,0,none,none
2025-12-11T09:28:40.383836,20.7,59.8,0,0,none,none
2025-12-11T09:28:42.638424,20.7,59.8,0,0,none,none
2025-12-11T09:28:44.892986,20.7,59.8,0,0,none,none
2025-12-11T09:28:47.147559,20.7,59.9,0,0,none,none
2025-12-11T09:28:49.402206,20.7,59.8,0,0,none,none
2025-12-11T09:28:51.656828,20.7,59.9,0,0,none,none
2025-12-11T09:28:53.911476,20.7,59.9,0,0,none,none
2025-12-11T09:28:56.166268,20.7,59.8,0,0,none,none
2025-12-11T09:28:58.420818,20.7,59.8,0,0,none,none
2025-12-11T09:29:00.675518,20.7,59.9,0,0,none,none
2025-12-11T09:29:02.930287,20.7,59.8,0,0,none,none
2025-12-11T09:29:05.184881,20.7,59.8,0,0,none,none
2025-12-11T09:29:07.439500,20.7,59.9,0,0,none,none
2025-12-11T09:29:09.694365,20.7,59.9,0,0,none,none
2025-12-11T09:29:11.948994,20.7,59.9,0,0,none,none
2025-12-11T09:29:14.203624,20.7,60.0,0,0,none,none
2025-12-11T09:29:16.458404,20.7,60.0,0,0,none,none
2025-12-11T09:29:18.712955,20.7,60.0,1,0,none,none
2025-12-11T09:29:20.967586,20.7,60.0,0,0,none,none
2025-12-11T09:29:23.222387,20.7,60.0,1,0,none,none
2025-12-11T09:29:25.476992,20.7,60.1,0,0,none,none
2025-12-11T09:29:27.731598,20.7,60.1,0,0,none,none
2025-12-11T09:29:29.986364,20.7,60.1,0,0,none,none
2025-12-11T09:29:32.240976,20.7,60.2,0,0,none,none
2025-12-11T09:29:34.496486,20.7,60.2,1,0,none,none
2025-12-11T09:29:36.753712,20.7,60.2,0,0,none,none
2025-12-11T09:29:39.008117,20.7,60.2,0,0,none,none
2025-12-11T09:29:41.262630,20.7,60.2,0,0,none,none
2025-12-11T09:29:43.517426,20.7,60.2,0,0,none,none
2025-12-11T09:29:45.772039,20.7,60.3,0,0,none,none
2025-12-11T09:29:48.026352,20.7,60.3,0,0,none,none
2025-12-11T09:29:50.280987,20.7,60.2,0,0,none,none
2025-12-11T09:29:52.535692,20.7,60.2,0,0,none,none
2025-12-11T09:29:54.790272,20.7,60.2,0,0,none,none
2025-12-11T09:29:57.044934,20.7,60.3,0,0,none,none
2025-12-11T09:29:59.299515,20.7,60.3,0,0,none,none
2025-12-11T09:30:01.554129,20.7,60.3,0,0,none,none
2025-12-11T09:30:03.808836,20.7,60.3,0,0,none,none
2025-12-11T09:30:06.063436,20.7,60.3,0,0,none,none
2025-12-11T09:30:08.317906,20.7,60.3,0,0,none,none
2025-12-11T09:30:10.572202,20.7,60.3,0,0,none,none
2025-12-11T09:30:12.826773,20.7,60.3,1,0,none,none
2025-12-11T09:30:15.081228,20.7,60.3,0,0,none,none
2025-12-11T09:30:17.335908,20.7,60.3,0,0,none,none
2025-12-11T09:30:19.590640,20.7,60.2,0,0,none,none
2025-12-11T09:30:21.844982,20.7,60.2,1,0,none,none
2025-12-11T09:30:24.099718,20.7,60.2,0,0,none,none
2025-12-11T09:30:26.354268,20.7,60.2,0,0,none,none
2025-12-11T09:30:28.608831,20.7,60.2,0,0,none,none
2025-12-11T09:30:30.863572,20.7,60.2,0,0,none,none
2025-12-11T09:30:33.118090,20.7,60.2,0,0,none,none
2025-12-11T09:30:35.372567,20.7,60.2,0,0,none,none
2025-12-11T09:30:37.627461,20.7,60.2,0,0,none,none
2025-12-11T09:30:39.884783,20.7,60.3,0,0,none,none
2025-12-11T09:30:42.139437,20.7,60.3,0,0,none,none
2025-12-11T09:30:44.394152,20.7,60.2,0,0,none,none
2025-12-11T09:30:46.648595,20.7,60.2,0,0,none,none
2025-12-11T09:30:48.903116,20.7,60.2,0,0,none,none
2025-12-11T09:30:51.157901,20.7,60.2,0,0,none,none
2025-12-11T09:30:53.412585,20.7,60.2,0,0,none,none
2025-12-11T09:30:55.667275,20.7,60.2,0,0,none,none
2025-12-11T09:30:57.922023,20.7,60.2,0,0,none,none
2025-12-11T09:31:00.176585,20.7,60.2,0,0,none,none
2025-12-11T09:31:02.431223,20.7,60.2,0,0,none,none
2025-12-11T09:31:04.686002,20.7,60.2,0,0,none,none
2025-12-11T09:31:06.940580,20.7,60.1,0,0,none,none
2025-12-11T09:31:09.195136,20.7,60.2,0,0,none,none
2025-12-11T09:31:11.449835,20.7,60.1,0,0,none,none
2025-12-11T09:31:13.704496,20.7,60.2,0,0,none,none
2025-12-11T09:31:15.959117,20.7,60.2,0,0,none,none
2025-12-11T09:31:18.213788,20.7,60.2,0,0,none,none
2025-12-11T09:31:20.468396,20.7,60.2,0,0,none,none
2025-12-11T09:31:22.723134,20.7,60.2,0,0,none,none
2025-12-11T09:31:24.977675,20.7,60.2,0,0,none,none
2025-12-11T09:31:27.234100,20.7,60.2,0,0,none,none
2025-12-11T09:31:29.488602,20.7,60.2,0,0,none,none
2025-12-11T09:31:31.743514,20.7,60.2,0,0,none,none
2025-12-11T09:31:33.998189,20.7,60.2,0,0,none,none
2025-12-11T09:31:36.252452,20.7,60.2,0,0,none,none
2025-12-11T09:31:38.507231,20.7,60.3,0,0,none,none
2025-12-11T09:31:40.762073,20.7,60.3,0,0,none,none
2025-12-11T09:31:43.016496,20.7,60.2,0,0,none,none
2025-12-11T09:31:45.271226,20.7,60.2,0,0,none,none
2025-12-11T09:31:47.526024,20.7,60.3,0,0,none,none
2025-12-11T09:31:49.780590,20.7,60.2,0,0,none,none
2025-12-11T09:31:52.035435,20.7,60.3,0,0,none,none
2025-12-11T09:31:54.289958,20.7,60.3,0,0,none,none
2025-12-11T09:31:56.544530,20.7,60.3,0,0,none,none
2025-12-11T09:31:58.799214,20.7,60.3,1,0,none,none
2025-12-11T09:32:01.053902,20.7,60.3,0,0,none,none
2025-12-11T09:32:03.308413,20.7,60.3,0,0,none,none
2025-12-11T09:32:05.563261,20.7,60.3,0,0,none,none
2025-12-11T09:32:07.817937,20.7,60.3,0,0,none,none
2025-12-11T09:32:10.072399,20.7,60.3,0,0,none,none
2025-12-11T09:32:12.327098,20.7,60.3,0,0,none,none
2025-12-11T09:32:14.581692,20.7,60.3,0,0,none,none
2025-12-11T09:32:16.836050,20.7,60.3,0,0,none,none
2025-12-11T09:32:19.090712,20.7,60.3,1,0,none,none
2025-12-11T09:32:21.345077,20.7,60.3,0,0,none,none
2025-12-11T09:32:23.599650,20.7,60.3,0,0,none,none
2025-12-11T09:32:25.854324,20.7,60.3,0,0,none,none
2025-12-11T09:32:28.108815,20.7,60.3,0,0,none,none
2025-12-11T09:32:30.363290,20.7,60.3,0,0,none,none
2025-12-11T09:32:32.617947,20.7,60.3,0,0,none,none
2025-12-11T09:32:34.872470,20.7,60.3,0,0,none,none
2025-12-11T09:32:37.127036,20.7,60.3,0,0,none,none
2025-12-11T09:32:39.381744,20.7,60.3,0,0,none,none
2025-12-11T09:32:41.636362,20.7,60.4,0,0,none,none
2025-12-11T09:32:43.890990,20.7,60.4,0,0,none,none
2025-12-11T09:32:46.145804,20.7,60.3,0,0,none,none
2025-12-11T09:32:48.400411,20.7,60.4,0,0,none,none
2025-12-11T09:32:50.654953,20.7,60.4,0,0,none,none
2025-12-11T09:32:52.909636,20.7,60.3,0,0,none,none
2025-12-11T09:32:55.164300,20.7,60.3,0,0,none,none
2025-12-11T09:32:57.418443,20.7,60.3,0,0,none,none
2025-12-11T09:32:59.673056,20.7,60.3,0,0,none,none
2025-12-11T09:33:01.927708,20.7,60.4,0,0,none,none
2025-12-11T09:33:04.182177,20.7,60.3,0,0,none,none
2025-12-11T09:33:06.436927,20.7,60.3,0,0,none,none
2025-12-11T09:33:08.691696,20.7,60.4,0,0,none,none
2025-12-11T09:33:10.946116,20.7,60.4,0,0,none,none
2025-12-11T09:33:13.200806,20.7,60.4,0,0,none,none
2025-12-11T09:33:15.455551,20.7,60.4,0,0,none,none
2025-12-11T09:33:17.710205,20.7,60.4,0,0,none,none
2025-12-11T09:33:19.964975,20.7,60.4,0,0,none,none
2025-12-11T09:33:22.219570,20.7,60.4,0,0,none,none
2025-12-11T09:33:24.474117,20.7,60.4,0,0,none,none
2025-12-11T09:33:26.728895,20.7,60.4,0,0,none,none
2025-12-11T09:33:28.983576,20.7,60.4,0,0,none,none
2025-12-11T09:33:31.238175,20.7,60.4,0,0,none,none
2025-12-11T09:33:33.492622,20.7,60.4,0,0,none,none
2025-12-11T09:33:35.747363,20.7,60.4,0,0,none,none
2025-12-11T09:33:38.001938,20.7,60.4,0,0,none,none
2025-12-11T09:33:40.256578,20.7,60.4,0,0,none,none
2025-12-11T09:33:42.511298,20.7,60.4,0,0,none,none
2025-12-11T09:33:44.765760,20.7,60.4,0,0,none,none
2025-12-11T09:33:47.020511,20.7,60.4,1,0,none,none
2025-12-11T09:33:49.275114,20.7,60.4,0,0,none,none
2025-12-11T09:33:51.529795,20.7,60.4,0,0,none,none
2025-12-11T09:33:53.784519,20.7,60.4,0,0,none,none
2025-12-11T09:33:56.039219,20.7,60.4,0,0,none,none
2025-12-11T09:33:58.293713,20.7,60.5,0,0,none,none
2025-12-11T09:34:00.548497,20.7,60.5,0,0,none,none
2025-12-11T09:34:02.803167,20.7,60.5,0,0,none,none
2025-12-11T09:34:05.057636,20.7,60.4,0,0,none,none
2025-12-11T09:34:07.312209,20.7,60.5,0,0,none,none
2025-12-11T09:34:09.566867,20.7,60.5,0,0,none,none
2025-12-11T09:34:11.821353,20.7,60.5,0,0,none,none
2025-12-11T09:34:14.076090,20.7,60.5,0,0,none,none
2025-12-11T09:34:16.330339,20.7,60.5,0,0,none,none
2025-12-11T09:34:18.584794,20.7,60.5,0,0,none,none
2025-12-11T09:34:20.839574,20.7,60.5,0,0,none,none
2025-12-11T09:34:23.094217,20.7,60.5,0,0,none,none
2025-12-11T09:34:25.348683,20.7,60.5,0,0,none,none
2025-12-11T09:34:27.603226,20.7,60.5,0,0,none,none
2025-12-11T09:34:29.857962,20.7,60.5,0,0,none,none
2025-12-11T09:34:32.112502,20.7,60.5,0,0,none,none
2025-12-11T09:34:34.367280,20.7,60.5,0,0,none,none
2025-12-11T09:34:36.622044,20.7,60.5,0,0,none,none
2025-12-11T09:34:38.876635,20.7,60.5,0,0,none,none
2025-12-11T09:34:41.131314,20.7,60.6,0,0,none,none
2025-12-11T09:34:43.386016,20.7,60.6,0,0,none,none
2025-12-11T09:34:45.640653,20.7,60.5,0,0,none,none
2025-12-11T09:34:47.895572,20.7,60.5,0,0,none,none
2025-12-11T09:34:50.149654,20.7,60.5,0,0,none,none
2025-12-11T09:34:52.404040,20.7,60.6,0,0,none,none
2025-12-11T09:34:54.658896,20.7,60.6,0,0,none,none
2025-12-11T09:34:56.913373,20.7,60.6,0,0,none,none
2025-12-11T09:34:59.167902,20.7,60.5,0,0,none,none
2025-12-11T09:35:01.422473,20.7,60.5,0,0,none,none
2025-12-11T09:35:03.677129,20.7,60.6,0,0,none,none
2025-12-11T09:35:05.931742,20.7,60.6,0,0,none,none
2025-12-11T09:35:08.186508,20.7,60.6,0,0,none,none
2025-12-11T09:35:10.441056,20.7,60.6,0,0,none,none
2025-12-11T09:35:12.695774,20.7,60.5,0,0,none,none
2025-12-11T09:35:14.950578,20.7,60.6,0,0,none,none
2025-12-11T09:35:17.205259,20.7,60.6,0,0,none,none
2025-12-11T09:35:19.459721,20.7,60.6,0,0,none,none
2025-12-11T09:35:21.714575,20.7,60.6,0,0,none,none
2025-12-11T09:35:23.969273,20.7,60.6,0,0,none,none
2025-12-11T09:35:26.223567,20.7,60.6,0,0,none,none
2025-12-11T09:35:28.478336,20.7,60.6,0,0,none,none
2025-12-11T09:35:30.732847,20.7,60.6,0,0,none,none
2025-12-11T09:35:32.987538,20.7,60.6,0,0,none,none
2025-12-11T09:35:35.242265,20.7,60.6,0,0,none,none
2025-12-11T09:35:37.496919,20.7,60.6,0,0,none,none
2025-12-11T09:35:39.751565,20.7,60.6,0,0,none,none
2025-12-11T09:35:42.006292,20.7,60.6,0,0,none,none
2025-12-11T09:35:44.260861,20.7,60.6,0,0,none,none
2025-12-11T09:35:46.515561,20.7,60.6,0,0,none,none
2025-12-11T09:35:48.770211,20.7,60.6,0,0,none,none
2025-12-11T09:35:51.024844,20.7,60.6,0,0,none,none
2025-12-11T09:35:53.279419,20.7,60.6,0,0,none,none
2025-12-11T09:35:55.534283,20.7,60.6,0,0,none,none
2025-12-11T09:35:57.788884,20.7,60.6,0,0,none,none
2025-12-11T09:36:00.043229,20.7,60.6,0,0,none,none
2025-12-11T09:36:02.297967,20.7,60.6,1,0,none,none
2025-12-11T09:36:04.552600,20.7,60.6,0,0,none,none
2025-12-11T09:36:06.807236,20.7,60.6,0,0,none,none
2025-12-11T09:36:09.061954,20.7,60.7,0,0,none,none
2025-12-11T09:36:11.316432,20.7,60.7,0,0,none,none
2025-12-11T09:36:13.571089,20.7,60.6,0,0,none,none
2025-12-11T09:36:15.825813,20.7,60.7,0,0,none,none
2025-12-11T09:36:18.080364,20.7,60.7,0,0,none,none
2025-12-11T09:36:20.334969,20.7,60.7,1,0,none,none
2025-12-11T09:36:22.589875,20.7,60.7,0,0,none,none
2025-12-11T09:36:24.844422,20.7,60.7,1,0,none,none
2025-12-11T09:36:27.099043,20.7,60.7,0,0,none,none
2025-12-11T09:36:29.353812,20.7,60.7,0,0,none,none
2025-12-11T09:36:31.609965,20.7,60.7,0,0,none,none
2025-12-11T09:36:33.864430,20.7,60.7,0,0,none,none
2025-12-11T09:36:36.119246,20.7,60.7,1,0,none,none
2025-12-11T09:36:38.373876,20.7,60.7,0,0,none,none
2025-12-11T09:36:40.628422,20.7,60.7,0,0,none,none
2025-12-11T09:36:42.883216,20.7,60.7,0,0,none,none
2025-12-11T09:36:45.137901,20.7,60.7,0,0,none,none
2025-12-11T09:36:47.392400,20.7,60.7,0,0,none,none
2025-12-11T09:36:49.647236,20.7,60.7,0,0,none,none
2025-12-11T09:36:51.901885,20.7,60.7,0,0,none,none
2025-12-11T09:36:54.155900,20.7,60.7,0,0,none,none
2025-12-11T09:36:56.410384,20.7,60.7,0,0,none,none
2025-12-11T09:36:58.664996,20.7,60.7,1,0,none,none
2025-12-11T09:37:00.919589,20.7,60.7,0,0,none,none
2025-12-11T09:37:03.174361,20.7,60.7,1,0,none,none
2025-12-11T09:37:05.428955,20.7,60.7,0,0,none,none
2025-12-11T09:37:07.683365,20.7,60.7,0,0,none,none
2025-12-11T09:37:09.938052,20.7,60.8,0,0,none,none
2025-12-11T09:37:12.192466,20.7,60.8,0,0,none,none
2025-12-11T09:37:14.447032,20.7,60.8,0,0,none,none
2025-12-11T09:37:16.701778,20.7,60.8,0,0,none,none
2025-12-11T09:37:18.956275,20.7,60.8,0,0,none,none
2025-12-11T09:37:21.210782,20.7,60.8,0,0,none,none
2025-12-11T09:37:23.465408,20.7,60.8,0,0,none,none
2025-12-11T09:37:25.720086,20.7,60.8,0,0,none,none
2025-12-11T09:37:27.974551,20.7,60.8,0,0,none,none
2025-12-11T09:37:30.229077,20.7,60.8,0,0,none,none
2025-12-11T09:37:32.483762,20.7,60.8,0,0,none,none
2025-12-11T09:37:34.738416,20.7,60.8,0,0,none,none
2025-12-11T09:37:36.993023,20.7,60.8,0,0,none,none
2025-12-11T09:37:39.247659,20.7,60.8,0,0,none,none
2025-12-11T09:37:41.502241,20.7,60.9,0,0,none,none
2025-12-11T09:37:43.756790,20.7,60.8,0,0,none,none
2025-12-11T09:37:46.011470,20.7,60.8,0,0,none,none
2025-12-11T09:37:48.265662,20.7,60.8,0,0,none,none
2025-12-11T09:37:50.520480,20.7,60.8,0,0,none,none
2025-12-11T09:37:52.775240,20.7,60.8,0,0,none,none
2025-12-11T09:37:55.029601,20.7,60.8,0,0,none,none
2025-12-11T09:37:57.284275,20.7,60.8,0,0,none,none
2025-12-11T09:37:59.538973,20.7,60.9,0,0,none,none
2025-12-11T09:38:01.793582,20.7,60.8,0,0,none,none
2025-12-11T09:38:04.048165,20.7,60.8,0,0,none,none
2025-12-11T09:38:06.302830,20.7,60.8,0,0,none,none
2025-12-11T09:38:08.557509,20.7,60.8,0,0,none,none
2025-12-11T09:38:10.812167,20.7,60.8,0,0,none,none
2025-12-11T09:38:13.066808,20.7,60.8,0,0,none,none
2025-12-11T09:38:15.321118,20.7,60.8,0,0,none,none
2025-12-11T09:38:17.575998,20.7,60.8,1,0,none,none
2025-12-11T09:38:19.830623,20.7,60.8,0,0,none,none
2025-12-11T09:38:22.085176,20.7,60.9,0,0,none,none
2025-12-11T09:38:24.339576,20.7,60.8,0,0,none,none
2025-12-11T09:38:26.594329,20.7,60.9,0,0,none,none
2025-12-11T09:38:28.848913,20.7,60.9,0,0,none,none
2025-12-11T09:38:31.103769,20.7,60.9,1,0,none,none
2025-12-11T09:38:33.360346,20.7,60.9,0,0,none,none
2025-12-11T09:38:35.615018,20.7,60.9,0,0,none,none
2025-12-11T09:38:37.869704,20.7,60.9,0,0,none,none
2025-12-11T09:38:40.124323,20.7,60.9,0,0,none,none
2025-12-11T09:38:42.378909,20.7,60.9,1,0,none,none
2025-12-11T09:38:44.633799,20.7,60.9,0,0,none,none
2025-12-11T09:38:46.888415,20.7,60.9,0,0,none,none
2025-12-11T09:38:49.143038,20.7,60.9,0,0,none,none
2025-12-11T09:38:51.397823,20.7,60.9,0,0,none,none
2025-12-11T09:38:53.652504,20.7,60.9,0,0,none,none
2025-12-11T09:38:55.907102,20.7,60.9,1,0,none,none
2025-12-11T09:38:58.161736,20.7,61.0,0,0,none,none
2025-12-11T09:39:00.416316,20.7,61.0,0,0,none,none
2025-12-11T09:39:02.670910,20.7,60.9,0,0,none,none
2025-12-11T09:39:04.925519,20.7,60.9,0,0,none,none
2025-12-11T09:39:07.180118,20.7,60.9,1,0,none,none
2025-12-11T09:39:09.434666,20.7,60.9,0,0,none,none
2025-12-11T09:39:11.689442,20.7,60.9,0,0,none,none
2025-12-11T09:39:13.943978,20.7,61.0,0,0,none,none
2025-12-11T09:39:16.198509,20.7,60.9,0,0,none,none
2025-12-11T09:39:18.453125,20.7,60.9,0,0,none,none
2025-12-11T09:39:20.709913,20.7,60.9,0,0,none,none
2025-12-11T09:39:22.964471,20.7,60.9,0,0,none,none
2025-12-11T09:39:25.218921,20.7,61.0,0,0,none,none
2025-12-11T09:39:27.473512,20.7,61.0,0,0,none,none
2025-12-11T09:39:29.728105,20.7,61.0,0,0,none,none
2025-12-11T09:39:31.982918,20.7,61.0,0,0,none,none
2025-12-11T09:39:34.237601,20.7,61.0,0,0,none,none
2025-12-11T09:39:36.491845,20.7,61.0,1,0,none,none
2025-12-11T09:39:38.746758,20.7,61.0,0,0,none,none
2025-12-11T09:39:41.001374,20.7,60.9,1,0,none,none
2025-12-11T09:39:43.255893,20.7,60.9,0,0,none,none
2025-12-11T09:39:45.510781,20.7,60.9,0,0,none,none
2025-12-11T09:39:47.765266,20.7,60.9,0,0,none,none
2025-12-11T09:39:50.019821,20.7,61.0,0,0,none,none
2025-12-11T09:39:52.274625,20.7,61.0,0,0,none,none
2025-12-11T09:39:54.529324,20.7,61.0,0,0,none,none
2025-12-11T09:39:56.783875,20.7,61.0,0,0,none,none
2025-12-11T09:39:59.038531,20.7,61.0,0,0,none,none
2025-12-11T09:40:01.293159,20.7,61.0,0,0,none,none
2025-12-11T09:40:03.547553,20.7,61.0,0,0,none,none
2025-12-11T09:40:05.883133,20.7,61.0,0,0,none,none
2025-12-11T09:40:08.218822,20.7,61.0,0,0,none,none
2025-12-11T09:40:10.554332,20.7,61.0,0,0,none,none
2025-12-11T09:40:12.889907,20.7,61.0,0,0,none,none
2025-12-11T09:40:15.225495,20.7,61.0,0,0,none,none
2025-12-11T09:40:17.561064,20.7,61.0,0,0,none,none
2025-12-11T09:40:19.845996,20.7,61.0,0,0,none,none
2025-12-11T09:40:22.100543,20.7,61.0,0,0,none,none
2025-12-11T09:40:24.355078,20.7,61.0,0,0,none,none
2025-12-11T09:40:26.609953,20.7,61.0,0,0,none,none
2025-12-11T09:40:28.864505,20.7,61.0,0,0,none,none
2025-12-11T09:40:31.119027,20.7,61.0,0,0,none,none
2025-12-11T09:40:33.373752,20.7,61.0,0,0,none,none
2025-12-11T09:40:35.628494,20.7,60.9,0,0,none,none
2025-12-11T09:40:37.883098,20.7,61.0,0,0,none,none
2025-12-11T09:40:40.137834,20.7,61.0,0,0,none,none
2025-12-11T09:40:42.392489,20.7,60.9,0,0,none,none
2025-12-11T09:40:44.647072,20.7,60.9,1,0,none,none
2025-12-11T09:40:46.901756,20.7,60.9,0,0,none,none
2025-12-11T09:40:49.156333,20.7,61.0,0,0,none,none
2025-12-11T09:40:51.410846,20.7,60.9,0,0,none,none
2025-12-11T09:40:53.665456,20.7,61.0,0,0,none,none
2025-12-11T09:40:55.920086,20.7,61.0,0,0,none,none
2025-12-11T09:40:58.174709,20.7,61.0,0,0,none,none
2025-12-11T09:41:00.429481,20.7,61.0,0,0,none,none
2025-12-11T09:41:02.684027,20.7,61.0,0,0,none,none
2025-12-11T09:41:04.938497,20.7,61.0,0,0,none,none
2025-12-11T09:41:07.193163,20.7,61.0,0,0,none,none
2025-12-11T09:41:09.447753,20.7,61.0,0,0,none,none
2025-12-11T09:41:11.702429,20.7,61.0,0,0,none,none
2025-12-11T09:41:13.957207,20.7,61.1,0,0,none,none
2025-12-11T09:41:16.211828,20.7,61.0,0,0,none,none
2025-12-11T09:41:18.466396,20.7,61.1,1,0,none,none
2025-12-11T09:41:20.721193,20.7,61.1,0,0,none,none
2025-12-11T09:41:22.975645,20.7,61.1,0,0,none,none
2025-12-11T09:41:25.230075,20.7,61.1,1,0,none,none
2025-12-11T09:41:27.484451,20.7,61.1,0,0,none,none
2025-12-11T09:41:29.739113,20.7,61.1,0,0,none,none
2025-12-11T09:41:31.993514,20.7,61.1,0,0,none,none
2025-12-11T09:41:34.248130,20.7,61.1,1,0,none,none
2025-12-11T09:41:36.502843,20.7,61.1,0,0,none,none
2025-12-11T09:41:38.756970,20.7,61.1,0,0,none,none
2025-12-11T09:41:41.011745,20.7,61.1,0,0,none,none
2025-12-11T09:41:43.266247,20.7,61.1,0,0,none,none
2025-12-11T09:41:45.520805,20.7,61.1,0,0,none,none
2025-12-11T09:41:47.775557,20.7,61.1,0,0,none,none
2025-12-11T09:41:50.030208,20.7,61.1,0,0,none,none
2025-12-11T09:41:52.284800,20.7,61.1,0,0,none,none
2025-12-11T09:41:54.539679,20.7,61.1,0,0,none,none
2025-12-11T09:41:56.794294,20.7,61.1,0,0,none,none
2025-12-11T09:41:59.048790,20.7,61.1,0,0,none,none
2025-12-11T09:42:01.303491,20.7,61.1,0,0,none,none
2025-12-11T09:42:03.557683,20.7,61.1,1,0,none,none
2025-12-11T09:42:05.812151,20.7,61.1,0,0,none,none
2025-12-11T09:42:08.066879,20.7,61.1,0,0,none,none
2025-12-11T09:42:10.321379,20.7,61.1,1,0,none,none
2025-12-11T09:42:12.575926,20.7,61.1,0,0,none,none
2025-12-11T09:42:14.830642,20.7,61.1,0,0,none,none
2025-12-11T09:42:17.085169,20.7,61.1,0,0,none,none
2025-12-11T09:42:19.339695,20.7,61.1,1,0,none,none
2025-12-11T09:42:21.594495,20.7,61.1,0,0,none,none
2025-12-11T09:42:23.849093,20.7,61.2,0,0,none,none
2025-12-11T09:42:26.103616,20.7,61.2,0,0,none,none
2025-12-11T09:42:28.358280,20.7,61.1,0,0,none,none
2025-12-11T09:42:30.614332,20.7,61.1,0,0,none,none
2025-12-11T09:42:32.868844,20.7,61.1,0,0,none,none
2025-12-11T09:42:35.123602,20.7,61.1,0,0,none,none
2025-12-11T09:42:37.378147,20.7,61.2,0,0,none,none
2025-12-11T09:42:39.632683,20.7,61.1,0,0,none,none
2025-12-11T09:42:41.887446,20.7,61.2,0,0,none,none
2025-12-11T09:42:44.141962,20.7,61.2,1,0,none,none
2025-12-11T09:42:46.396471,20.7,61.1,0,0,none,none
2025-12-11T09:42:48.651292,20.7,61.2,0,0,none,none
2025-12-11T09:42:50.906022,20.7,61.1,0,0,none,none
2025-12-11T09:42:53.160542,20.7,61.1,1,0,none,none
2025-12-11T09:42:55.415439,20.7,61.2,0,0,none,none
2025-12-11T09:42:57.670113,20.7,61.2,0,0,none,none
2025-12-11T09:42:59.924635,20.7,61.1,0,0,none,none
2025-12-11T09:43:02.179379,20.7,61.2,0,0,none,none
2025-12-11T09:43:04.433983,20.7,61.2,0,0,none,none
2025-12-11T09:43:06.688593,20.7,61.2,0,0,none,none
2025-12-11T09:43:08.943290,20.7,61.2,0,0,none,none
2025-12-11T09:43:11.197944,20.7,61.2,1,0,none,none
2025-12-11T09:43:13.452520,20.7,61.2,0,0,none,none
2025-12-11T09:43:15.707302,20.7,61.2,0,0,none,none
2025-12-11T09:43:17.961727,20.7,61.2,0,0,none,none
2025-12-11T09:43:20.216010,20.7,61.2,1,0,none,none
2025-12-11T09:43:22.470781,20.7,61.2,0,0,none,none
2025-12-11T09:43:24.725424,20.7,61.2,0,0,none,none
2025-12-11T09:43:26.979901,20.7,61.2,1,0,none,none
2025-12-11T09:43:29.234656,20.7,61.2,0,0,none,none
2025-12-11T09:43:31.489280,20.7,61.2,0,0,none,none
2025-12-11T09:43:33.743865,20.7,61.2,0,0,none,none
2025-12-11T09:43:35.998681,20.7,61.2,0,0,none,none
2025-12-11T09:43:38.253216,20.7,61.2,0,0,none,none
2025-12-11T09:43:40.507597,20.7,61.2,1,0,none,none
2025-12-11T09:43:42.843234,20.7,61.2,0,0,none,none
2025-12-11T09:43:45.161822,20.7,61.2,1,0,none,none
2025-12-11T09:43:47.416266,20.7,61.2,0,0,none,none
2025-12-11T09:43:49.671179,20.7,61.2,0,0,none,none
2025-12-11T09:43:51.925894,20.7,61.2,0,0,none,none
2025-12-11T09:43:54.180176,20.7,61.2,0,0,none,none
2025-12-11T09:43:56.434985,20.7,61.2,1,0,none,none
2025-12-11T09:43:58.689604,20.7,61.2,0,0,none,none
2025-12-11T09:44:00.944181,20.7,61.3,0,0,none,none
2025-12-11T09:44:03.198942,20.7,61.3,1,0,none,none
2025-12-11T09:44:05.455526,20.7,61.3,0,0,none,none
2025-12-11T09:44:07.710128,20.7,61.3,0,0,none,none
2025-12-11T09:44:09.964904,20.7,61.3,1,0,none,none
2025-12-11T09:44:12.219580,20.7,61.3,0,0,none,none
2025-12-11T09:44:14.474061,20.7,61.3,0,0,none,none
2025-12-11T09:44:16.729025,20.7,61.3,0,0,none,none
2025-12-11T09:44:18.983703,20.7,61.3,0,0,none,none
2025-12-11T09:44:21.238214,20.7,61.4,0,0,none,none
2025-12-11T09:44:23.492752,20.7,61.4,1,0,none,none
2025-12-11T09:44:25.747486,20.7,61.4,0,0,none,none
2025-12-11T09:44:28.001917,20.7,61.4,1,0,none,none
2025-12-11T09:44:30.256627,20.7,61.4,0,0,none,none
2025-12-11T09:44:32.511315,20.7,61.4,0,0,none,none
2025-12-11T09:44:34.765956,20.7,61.4,0,0,none,none
2025-12-11T09:44:37.020637,20.7,61.4,0,0,none,none
2025-12-11T09:44:39.275106,20.7,61.4,1,0,none,none
2025-12-11T09:44:41.529745,20.7,61.4,0,0,none,none
2025-12-11T09:44:43.784484,20.7,61.4,0,0,none,none
2025-12-11T09:44:46.039135,20.7,61.4,0,0,none,none
2025-12-11T09:44:48.293637,20.7,61.4,1,0,none,none
2025-12-11T09:44:50.548075,20.7,61.4,0,0,none,none
2025-12-11T09:44:52.802825,20.7,61.4,0,0,none,none
2025-12-11T09:44:55.056833,20.7,61.4,0,0,none,none
2025-12-11T09:44:57.311679,20.7,61.5,0,0,none,none
2025-12-11T09:44:59.565796,20.7,61.5,0,0,none,none
2025-12-11T09:45:01.820093,20.7,61.5,0,0,none,none
2025-12-11T09:45:04.074870,20.7,61.5,0,0,none,none
2025-12-11T09:45:06.329472,20.7,61.5,1,0,none,none
2025-12-11T09:45:08.584076,20.7,61.5,0,0,none,none
2025-12-11T09:45:10.838324,20.7,61.5,0,0,none,none
2025-12-11T09:45:13.092951,20.7,61.5,0,0,none,none
2025-12-11T09:45:15.347591,20.7,61.5,0,0,none,none
2025-12-11T09:45:17.602431,20.7,61.5,1,0,none,none
2025-12-11T09:45:19.857072,20.7,61.5,0,0,none,none
2025-12-11T09:45:22.111704,20.7,61.5,1,0,none,none
2025-12-11T09:45:24.366512,20.7,61.5,0,0,none,none
2025-12-11T09:45:26.621202,20.7,61.5,1,0,none,none
2025-12-11T09:45:28.875790,20.7,61.5,0,0,none,none
2025-12-11T09:45:31.130576,20.7,61.5,0,0,none,none
2025-12-11T09:45:33.385277,20.7,61.5,0,0,none,none
2025-12-11T09:45:35.639900,20.7,61.5,1,0,none,none
2025-12-11T09:45:37.894695,20.7,61.5,0,0,none,none
2025-12-11T09:45:40.149365,20.7,61.5,0,0,none,none
2025-12-11T09:45:42.403899,20.7,61.6,0,0,none,none
2025-12-11T09:45:44.658828,20.7,61.6,0,0,none,none
2025-12-11T09:45:46.913367,20.8,61.7,0,0,none,none
2025-12-11T09:45:49.167895,20.7,61.6,1,0,none,none
2025-12-11T09:45:51.422667,20.7,61.6,0,0,none,none
2025-12-11T09:45:53.679529,20.7,61.6,0,0,none,none
2025-12-11T09:45:55.934120,20.7,61.6,1,0,none,none
2025-12-11T09:45:58.188651,20.7,61.6,0,0,none,none
2025-12-11T09:46:00.443373,20.7,61.6,0,0,none,none
2025-12-11T09:46:02.698046,20.7,61.6,0,0,none,none
2025-12-11T09:46:04.952818,20.7,61.7,0,0,none,none
2025-12-11T09:46:07.207579,20.7,61.6,0,0,none,none
2025-12-11T09:46:09.462181,20.7,61.6,0,0,none,none
2025-12-11T09:46:11.716968,20.7,61.6,0,0,none,none
2025-12-11T09:46:13.971539,20.7,61.6,0,0,none,none
2025-12-11T09:46:16.226113,20.7,61.6,0,0,none,none
2025-12-11T09:46:18.480771,20.7,61.6,1,0,none,none
2025-12-11T09:46:20.735300,20.7,61.6,0,0,none,none
2025-12-11T09:46:22.989761,20.7,61.6,1,0,none,none
2025-12-11T09:46:25.244422,20.7,61.6,0,0,none,none
2025-12-11T09:46:27.499135,20.7,61.6,0,0,none,none
2025-12-11T09:46:29.753499,20.7,61.6,0,0,none,none
2025-12-11T09:46:32.008044,20.7,61.6,0,0,none,none
2025-12-11T09:46:34.262532,20.7,61.6,0,0,none,none
2025-12-11T09:46:36.516720,20.7,61.6,0,0,none,none
2025-12-11T09:46:38.771557,20.7,61.6,1,0,none,none
2025-12-11T09:46:41.026092,20.7,61.6,0,0,none,none
2025-12-11T09:46:43.280399,20.7,61.6,0,0,none,none
2025-12-11T09:46:45.535053,20.7,61.6,0,0,none,none
2025-12-11T09:46:47.813838,20.7,61.6,0,0,none,none
2025-12-11T09:46:50.068280,20.7,61.6,0,0,none,none
2025-12-11T09:46:52.323085,20.7,61.6,0,0,none,none
2025-12-11T09:46:54.577188,20.7,61.6,1,0,none,none
2025-12-11T09:46:56.831622,20.7,61.6,0,0,none,none
2025-12-11T09:46:59.086453,20.7,61.6,0,0,none,none
2025-12-11T09:47:01.341025,20.7,61.6,1,0,none,none
2025-12-11T09:47:03.595085,20.7,61.6,0,0,none,none
2025-12-11T09:47:05.849768,20.7,61.5,0,0,none,none
2025-12-11T09:47:08.104178,20.7,61.6,0,0,none,none
2025-12-11T09:47:10.358696,20.7,61.5,0,0,none,none
2025-12-11T09:47:12.613270,20.7,61.5,0,0,none,none
2025-12-11T09:47:14.867751,20.7,61.5,0,0,none,none
2025-12-11T09:47:17.122151,20.7,61.6,0,0,none,none
2025-12-11T09:47:19.376929,20.7,61.5,0,0,none,none
2025-12-11T09:47:21.631695,20.7,61.5,0,0,none,none
2025-12-11T09:47:23.886213,20.7,61.5,0,0,none,none
2025-12-11T09:47:26.140843,20.7,61.5,0,0,none,none
2025-12-11T09:47:28.395449,20.7,61.5,0,0,none,none
2025-12-11T09:47:30.650135,20.7,61.5,0,0,none,none
2025-12-11T09:47:32.904751,20.7,61.6,1,0,none,none
2025-12-11T09:47:35.159466,20.7,61.6,0,0,none,none
2025-12-11T09:47:37.413993,20.7,61.6,0,0,none,none
2025-12-11T09:47:39.668884,20.7,61.6,1,0,none,none
2025-12-11T09:47:41.923277,20.7,61.6,0,0,none,none
2025-12-11T09:47:44.177867,20.8,61.7,1,0,none,none
2025-12-11T09:47:46.432521,20.7,61.7,0,0,none,none
2025-12-11T09:47:48.687288,20.7,61.7,0,0,none,none
2025-12-11T09:47:50.941797,20.8,61.7,0,0,none,none
2025-12-11T09:47:53.196553,20.7,61.7,0,0,none,none
2025-12-11T09:47:55.451231,20.7,61.7,1,0,none,none
2025-12-11T09:47:57.705683,20.7,61.7,0,0,none,none
2025-12-11T09:47:59.960424,20.7,61.7,0,0,none,none
2025-12-11T09:48:02.215010,20.7,61.7,0,0,none,none
2025-12-11T09:48:04.469558,20.8,61.8,0,0,none,none
2025-12-11T09:48:06.724400,20.7,61.7,1,0,none,none
2025-12-11T09:48:08.979066,20.8,61.8,0,0,none,none
2025-12-11T09:48:11.233675,20.7,61.7,0,0,none,none
2025-12-11T09:48:13.488318,20.7,61.7,1,0,none,none
2025-12-11T09:48:15.743109,20.7,61.7,0,0,none,none
2025-12-11T09:48:17.997720,20.7,61.7,0,0,none,none
2025-12-11T09:48:20.252495,20.7,61.7,0,0,none,none
2025-12-11T09:48:22.507267,20.7,61.7,0,0,none,none
2025-12-11T09:48:24.761818,20.7,61.7,1,0,none,none
2025-12-11T09:48:27.016500,20.7,61.7,0,0,none,none
2025-12-11T09:48:29.271156,20.7,61.7,0,0,none,none
2025-12-11T09:48:31.525739,20.7,61.7,0,0,none,none
2025-12-11T09:48:33.780344,20.7,61.8,0,0,none,none
2025-12-11T09:48:36.034950,20.7,61.8,1,0,none,none
2025-12-11T09:48:38.289542,20.7,61.8,0,0,none,none
2025-12-11T09:48:40.544384,20.7,61.8,0,0,none,none
2025-12-11T09:48:42.799062,20.7,61.8,1,0,none,none
2025-12-11T09:48:45.053591,20.7,61.8,0,0,none,none
2025-12-11T09:48:47.308234,20.7,61.8,0,0,none,none
2025-12-11T09:48:49.563006,20.7,61.8,0,0,none,none
2025-12-11T09:48:51.817312,20.7,61.8,0,0,none,none
2025-12-11T09:48:54.071988,20.7,61.8,1,0,none,none
2025-12-11T09:48:56.326617,20.8,61.9,0,0,none,none
2025-12-11T09:48:58.580895,20.8,61.9,0,0,none,none
2025-12-11T09:49:00.835773,20.7,61.8,0,0,none,none
2025-12-11T09:49:03.090446,20.7,61.8,0,0,none,none
2025-12-11T09:49:05.344728,20.8,61.9,0,0,none,none
2025-12-11T09:49:07.599629,20.7,61.8,0,0,none,none
2025-12-11T09:49:09.854187,20.8,61.9,0,0,none,none
2025-12-11T09:49:12.108665,20.7,61.8,0,0,none,none
2025-12-11T09:49:14.363582,20.7,61.8,0,0,none,none
2025-12-11T09:49:16.618334,20.7,61.8,1,0,none,none
2025-12-11T09:49:18.872892,20.8,61.9,0,0,none,none
2025-12-11T09:49:21.127736,20.7,61.8,0,0,none,none
2025-12-11T09:49:23.382288,20.8,61.8,0,0,none,none
2025-12-11T09:49:25.636816,20.7,61.8,0,0,none,none
2025-12-11T09:49:27.891661,20.8,61.8,0,0,none,none
2025-12-11T09:49:30.146303,20.8,61.8,0,0,none,none
2025-12-11T09:49:32.400821,20.8,61.8,0,0,none,none
2025-12-11T09:49:34.655731,20.8,61.8,0,0,none,none
2025-12-11T09:49:36.910334,20.7,61.8,0,0,none,none
2025-12-11T09:49:39.164691,20.7,61.8,0,0,none,none
2025-12-11T09:49:41.419530,20.7,61.8,0,0,none,none
2025-12-11T09:49:43.674241,20.7,61.8,0,0,none,none
2025-12-11T09:49:45.928598,20.7,61.8,0,0,none,none
2025-12-11T09:49:48.183495,20.7,61.8,0,0,none,none
2025-12-11T09:49:50.438147,20.7,61.8,0,0,none,none
2025-12-11T09:49:52.692769,20.8,61.8,1,0,none,none
2025-12-11T09:49:54.947647,20.7,61.7,0,0,none,none
2025-12-11T09:49:57.202308,20.8,61.8,0,0,none,none
2025-12-11T09:49:59.456854,20.7,61.7,0,0,none,none
2025-12-11T09:50:01.711764,20.7,61.7,0,0,none,none
2025-12-11T09:50:03.966421,20.8,61.8,0,0,none,none
2025-12-11T09:50:06.220931,20.8,61.8,0,0,none,none
2025-12-11T09:50:08.475783,20.7,61.7,0,0,none,none
2025-12-11T09:50:10.730531,20.7,61.8,0,0,none,none
2025-12-11T09:50:12.985019,20.7,61.8,0,0,none,none
2025-12-11T09:50:15.239887,20.8,61.8,0,0,none,none
2025-12-11T09:50:17.494380,20.8,61.8,0,0,none,none
2025-12-11T09:50:19.748931,20.8,61.8,0,0,none,none
2025-12-11T09:50:22.003785,20.8,61.8,1,0,none,none
2025-12-11T09:50:24.258351,20.7,61.8,0,0,none,none
2025-12-11T09:50:26.512956,20.7,61.8,0,0,none,none
2025-12-11T09:50:28.767810,20.8,61.8,0,0,none,none
2025-12-11T09:50:31.022432,20.8,61.8,0,0,none,none
2025-12-11T09:50:33.276924,20.7,61.8,0,0,none,none
2025-12-11T09:50:35.531849,20.8,61.8,0,0,none,none
2025-12-11T09:50:37.786472,20.8,61.8,0,0,none,none
2025-12-11T09:50:40.040635,20.8,61.9,0,0,none,none
2025-12-11T09:50:42.295431,20.8,61.8,0,0,none,none
2025-12-11T09:50:44.550173,20.8,61.8,0,0,none,none
2025-12-11T09:50:46.804809,20.8,61.8,0,0,none,none
2025-12-11T09:50:49.059664,20.8,61.8,0,0,none,none
2025-12-11T09:50:51.314279,20.8,61.8,0,0,none,none
2025-12-11T09:50:53.568811,20.7,61.8,0,0,none,none
2025-12-11T09:50:55.824118,20.8,61.8,0,0,none,none
2025-12-11T09:50:58.078763,20.7,61.8,0,0,none,none
2025-12-11T09:51:00.333258,20.7,61.8,0,0,none,none
2025-12-11T09:51:02.588049,20.7,61.8,0,0,none,none
2025-12-11T09:51:04.842724,20.8,61.8,0,0,none,none
2025-12-11T09:51:07.097275,20.7,61.8,0,0,none,none
2025-12-11T09:51:09.351451,20.8,61.8,1,0,none,none
2025-12-11T09:51:11.606130,20.8,61.8,0,0,none,none
2025-12-11T09:51:13.860668,20.7,61.8,0,0,none,none
2025-12-11T09:51:16.115492,20.8,61.8,0,0,none,none
2025-12-11T09:51:18.370099,20.7,61.8,0,0,none,none
2025-12-11T09:51:20.624665,20.8,61.8,1,0,none,none
2025-12-11T09:51:22.879546,20.7,61.8,0,0,none,none
2025-12-11T09:51:25.134186,20.8,61.8,1,0,none,none
2025-12-11T09:51:27.388737,20.8,61.9,0,0,none,none
2025-12-11T09:51:29.643665,20.8,61.8,1,0,none,none
2025-12-11T09:51:31.898295,20.7,61.8,0,0,none,none
2025-12-11T09:51:34.152792,20.8,61.8,0,0,none,none
2025-12-11T09:51:36.407623,20.8,61.8,0,0,none,none
2025-12-11T09:51:38.662311,20.8,61.8,0,0,none,none
2025-12-11T09:51:40.916869,20.8,61.9,1,0,none,none
2025-12-11T09:51:43.171675,20.8,61.9,0,0,none,none
2025-12-11T09:51:45.426296,20.8,61.9,0,0,none,none
2025-12-11T09:51:47.680762,20.8,61.8,0,0,none,none
2025-12-11T09:51:49.935586,20.8,61.8,0,0,none,none
2025-12-11T09:51:52.190136,20.8,61.9,1,0,none,none
2025-12-11T09:51:54.444646,20.8,61.9,0,0,none,none
2025-12-11T09:51:56.699615,20.8,61.9,0,0,none,none
2025-12-11T09:51:58.954274,20.8,61.9,0,0,none,none
2025-12-11T09:52:01.208654,20.8,61.9,0,0,none,none
2025-12-11T09:52:03.463046,20.8,62.0,0,0,none,none
2025-12-11T09:52:05.717742,20.8,62.0,0,0,none,none
2025-12-11T09:52:07.972358,20.8,62.0,1,0,none,none
2025-12-11T09:52:10.227000,20.8,62.0,0,0,none,none
2025-12-11T09:52:12.481491,20.8,62.0,0,0,none,none
2025-12-11T09:52:14.736081,20.8,62.0,0,0,none,none
2025-12-11T09:52:16.990825,20.8,62.0,0,0,none,none
2025-12-11T09:52:19.245394,20.8,62.1,0,0,none,none
2025-12-11T09:52:21.499612,20.8,62.1,0,0,none,none
2025-12-11T09:52:23.754343,20.8,62.1,0,0,none,none
2025-12-11T09:52:26.008918,20.8,62.1,0,0,none,none
2025-12-11T09:52:28.263509,20.8,62.1,0,0,none,none
2025-12-11T09:52:30.518468,20.8,62.1,0,0,none,none
2025-12-11T09:52:32.772653,20.8,62.1,0,0,none,none
2025-12-11T09:52:35.026849,20.8,62.1,0,0,none,none
2025-12-11T09:52:37.281403,20.8,62.1,0,0,none,none
2025-12-11T09:52:39.535959,20.8,62.1,0,0,none,none
2025-12-11T09:52:41.790453,20.8,62.1,1,0,none,none
2025-12-11T09:52:44.044770,20.8,62.1,0,0,none,none
2025-12-11T09:52:46.301292,20.8,62.1,1,0,none,none
2025-12-11T09:52:48.636792,20.8,62.1,0,0,none,none
2025-12-11T09:52:50.972397,20.8,62.1,0,0,none,none
2025-12-11T09:52:53.255773,20.8,62.1,0,0,none,none
2025-12-11T09:52:55.510139,20.8,62.1,0,0,none,none
2025-12-11T09:52:57.764578,20.8,62.1,0,0,none,none
2025-12-11T09:53:00.019112,20.8,62.1,0,0,none,none
2025-12-11T09:53:02.273646,20.8,62.1,1,0,none,none
2025-12-11T09:53:04.528143,20.8,62.1,0,0,none,none
2025-12-11T09:53:06.782783,20.8,62.1,0,0,none,none
2025-12-11T09:53:09.037221,20.8,62.1,0,0,none,none
2025-12-11T09:53:11.291741,20.8,62.1,0,0,none,none
2025-12-11T09:53:13.546020,20.8,62.1,1,0,none,none
2025-12-11T09:53:15.800281,20.8,62.1,0,0,none,none
2025-12-11T09:53:18.054753,20.8,62.1,1,0,none,none
2025-12-11T09:53:20.309331,20.8,62.0,0,0,none,none
2025-12-11T09:53:22.563959,20.8,62.0,0,0,none,none
2025-12-11T09:53:24.818669,20.8,62.0,0,0,none,none
2025-12-11T09:53:27.075460,20.8,62.0,0,0,none,none
2025-12-11T09:53:29.330036,20.8,62.0,0,0,none,none
2025-12-11T09:53:31.584868,20.8,62.0,0,0,none,none
2025-12-11T09:53:33.841502,20.8,62.0,1,0,none,none
2025-12-11T09:53:36.096116,20.8,62.0,0,0,none,none
2025-12-11T09:53:38.350882,20.8,62.0,0,0,none,none
2025-12-11T09:53:40.605126,20.8,62.0,0,0,none,none
2025-12-11T09:53:42.859726,20.8,62.0,0,0,none,none
2025-12-11T09:53:45.114557,20.8,62.0,1,0,none,none
2025-12-11T09:53:47.369002,20.8,62.0,0,0,none,none
2025-12-11T09:53:49.623662,20.8,62.0,1,0,none,none
2025-12-11T09:53:51.878374,20.8,62.0,0,0,none,none
2025-12-11T09:53:54.132698,20.8,62.0,0,0,none,none
2025-12-11T09:53:56.387164,20.8,62.0,0,0,none,none
2025-12-11T09:53:58.642006,20.8,62.0,0,0,none,none
2025-12-11T09:54:00.898690,20.8,62.0,1,0,none,none
2025-12-11T09:54:03.153016,20.8,62.0,0,0,none,none
2025-12-11T09:54:05.407886,20.8,62.0,1,0,none,none
2025-12-11T09:54:07.662426,20.8,62.0,0,0,none,none
2025-12-11T09:54:09.916846,20.8,62.0,0,0,none,none
2025-12-11T09:54:12.171446,20.8,62.0,0,0,none,none
2025-12-11T09:54:14.426072,20.8,62.0,0,0,none,none
2025-12-11T09:54:16.680723,20.8,62.0,1,0,none,none
2025-12-11T09:54:18.935624,20.8,62.0,0,0,none,none
2025-12-11T09:54:21.190213,20.8,62.0,1,0,none,none
2025-12-11T09:54:23.444698,20.8,62.0,0,0,none,none
2025-12-11T09:54:25.699620,20.8,62.0,0,0,none,none
2025-12-11T09:54:27.954224,20.8,62.0,0,0,none,none
2025-12-11T09:54:30.208716,20.8,62.0,0,0,none,none
2025-12-11T09:54:32.463623,20.8,62.1,1,0,none,none
2025-12-11T09:54:34.718376,20.8,62.1,0,0,none,none
2025-12-11T09:54:36.972749,20.8,62.1,1,0,none,none
2025-12-11T09:54:39.227582,20.8,62.1,0,0,none,none
2025-12-11T09:54:41.482230,20.8,62.1,0,0,none,none
2025-12-11T09:54:43.736768,20.8,62.1,1,0,none,none
2025-12-11T09:54:45.991602,20.8,62.1,0,0,none,none
2025-12-11T09:54:48.246162,20.8,62.2,0,0,none,none
2025-12-11T09:54:50.500830,20.8,62.2,0,0,none,none
2025-12-11T09:54:52.755758,20.8,62.2,0,0,none,none
2025-12-11T09:54:55.010415,20.8,62.2,1,0,none,none
2025-12-11T09:54:57.264933,20.8,62.2,0,0,none,none
2025-12-11T09:54:59.519818,20.8,62.2,0,0,none,none
2025-12-11T09:55:01.774497,20.8,62.2,0,0,none,none
2025-12-11T09:55:04.029054,20.8,62.2,0,0,none,none
2025-12-11T09:55:06.283830,20.8,62.2,1,0,none,none
2025-12-11T09:55:08.538665,20.8,62.2,0,0,none,none
2025-12-11T09:55:10.793236,20.8,62.2,0,0,none,none
2025-12-11T09:55:13.047774,20.8,62.2,0,0,none,none
2025-12-11T09:55:15.302281,20.8,62.2,0,0,none,none
2025-12-11T09:55:17.556971,20.8,62.2,1,0,none,none
2025-12-11T09:55:19.811772,20.8,62.2,0,0,none,none
2025-12-11T09:55:22.066382,20.8,62.2,1,0,none,none
2025-12-11T09:55:24.320635,20.8,62.2,0,0,none,none
2025-12-11T09:55:26.574850,20.8,62.2,0,0,none,none
2025-12-11T09:55:28.829349,20.8,62.2,1,0,none,none
2025-12-11T09:55:31.083791,20.8,62.2,0,0,none,none
2025-12-11T09:55:33.338596,20.8,62.2,1,0,none,none
2025-12-11T09:55:35.593253,20.8,62.2,0,0,none,none
2025-12-11T09:55:37.847784,20.8,62.2,0,0,none,none
2025-12-11T09:55:40.102567,20.8,62.2,0,0,none,none
2025-12-11T09:55:42.357081,20.8,62.2,0,0,none,none
2025-12-11T09:55:44.611778,20.8,62.2,1,0,none,none
2025-12-11T09:55:46.866541,20.8,62.1,0,0,none,none
2025-12-11T09:55:49.121029,20.8,62.2,1,0,none,none
2025-12-11T09:55:51.375576,20.8,62.2,0,0,none,none
2025-12-11T09:55:53.630436,20.8,62.1,0,0,none,none
2025-12-11T09:55:55.885048,20.8,62.1,1,0,none,none
2025-12-11T09:55:58.139655,20.8,62.1,0,0,none,none
2025-12-11T09:56:00.394406,20.8,62.1,0,0,none,none
2025-12-11T09:56:02.649127,20.8,62.1,0,0,none,none
2025-12-11T09:56:04.903702,20.8,62.1,0,0,none,none
2025-12-11T09:56:07.158381,20.8,62.1,1,0,none,none
2025-12-11T09:56:09.412932,20.8,62.1,0,0,none,none
2025-12-11T09:56:11.667578,20.8,62.1,1,0,none,none
2025-12-11T09:56:13.922342,20.8,62.1,0,0,none,none
2025-12-11T09:56:16.176885,20.8,62.2,0,0,none,none
2025-12-11T09:56:18.431547,20.8,62.1,0,0,none,none
2025-12-11T09:56:20.686385,20.8,62.1,0,0,none,none
2025-12-11T09:56:22.941001,20.8,62.1,0,0,none,none
2025-12-11T09:56:25.195519,20.8,62.1,0,0,none,none
2025-12-11T09:56:27.450271,20.8,62.1,0,0,none,none
2025-12-11T09:56:29.705001,20.9,62.2,0,0,none,none
2025-12-11T09:56:31.959620,20.8,62.1,1,0,none,none
2025-12-11T09:56:34.214352,20.8,62.1,0,0,none,none
2025-12-11T09:56:36.471210,20.8,62.1,1,0,none,none
2025-12-11T09:56:38.725709,20.8,62.1,0,0,none,none
2025-12-11T09:56:40.980339,20.8,62.1,0,0,none,none
2025-12-11T09:56:43.234976,20.8,62.1,0,0,none,none
2025-12-11T09:56:45.489499,20.8,62.1,0,0,none,none
2025-12-11T09:56:47.744216,20.8,62.1,0,0,none,none
2025-12-11T09:56:49.998716,20.8,62.1,0,0,none,none
2025-12-11T09:56:52.253256,20.8,62.1,0,0,none,none
2025-12-11T09:56:54.508111,20.8,62.1,0,0,none,none
2025-12-11T09:56:56.762810,20.8,62.1,0,0,none,none
2025-12-11T09:56:59.017392,20.8,62.1,0,0,none,none
2025-12-11T09:57:01.271895,20.8,62.1,0,0,none,none
2025-12-11T09:57:03.526622,20.8,62.1,0,0,none,none
2025-12-11T09:57:05.781087,20.8,62.1,0,0,none,none
2025-12-11T09:57:08.035981,20.8,62.1,0,0,none,none
2025-12-11T09:57:10.290691,20.8,62.1,1,0,none,none
2025-12-11T09:57:12.545165,20.9,62.1,0,0,none,none
2025-12-11T09:57:14.799970,20.8,62.1,1,0,none,none
2025-12-11T09:57:17.054635,20.8,62.1,0,0,none,none
2025-12-11T09:57:19.308893,20.8,62.1,0,0,none,none
2025-12-11T09:57:21.563752,20.8,62.1,0,0,none,none
2025-12-11T09:57:23.817883,20.8,62.1,0,0,none,none
2025-12-11T09:57:26.072435,20.8,62.1,1,0,none,none
2025-12-11T09:57:28.327218,20.8,62.1,0,0,none,none
2025-12-11T09:57:30.581600,20.8,62.1,1,0,none,none
2025-12-11T09:57:32.836177,20.8,62.1,0,0,none,none
2025-12-11T09:57:35.090909,20.9,62.1,0,0,none,none
2025-12-11T09:57:37.345457,20.8,62.1,1,0,none,none
2025-12-11T09:57:39.600085,20.8,62.1,0,0,none,none
2025-12-11T09:57:41.854873,20.8,62.1,0,0,none,none
2025-12-11T09:57:44.109395,20.8,62.1,1,0,none,none
2025-12-11T09:57:46.363713,20.8,62.1,0,0,none,none
2025-12-11T09:57:48.618500,20.9,62.1,0,0,none,none
2025-12-11T09:57:50.873133,20.8,62.1,0,0,none,none
2025-12-11T09:57:53.127749,20.8,62.1,0,0,none,none
2025-12-11T09:57:55.382592,20.8,62.1,0,0,none,none
2025-12-11T09:57:57.637254,20.8,62.1,0,0,none,none
2025-12-11T09:57:59.891683,20.8,62.1,0,0,none,none
2025-12-11T09:58:02.146476,20.8,62.1,0,0,none,none
2025-12-11T09:58:04.401082,20.9,62.1,0,0,none,none
2025-12-11T09:58:06.655835,20.9,62.2,0,0,none,none
2025-12-11T09:58:08.910603,20.8,62.1,1,0,none,none
2025-12-11T09:58:11.165201,20.8,62.1,0,0,none,none
2025-12-11T09:58:13.419762,20.8,62.1,0,0,none,none
2025-12-11T09:58:15.674658,20.8,62.1,0,0,none,none
2025-12-11T09:58:17.929092,20.9,62.2,0,0,none,none
2025-12-11T09:58:20.183523,20.9,62.1,1,0,none,none
2025-12-11T09:58:22.438252,20.8,62.1,0,0,none,none
2025-12-11T09:58:24.692965,20.8,62.1,1,0,none,none
2025-12-11T09:58:26.947556,20.8,62.1,0,0,none,none
2025-12-11T09:58:29.202350,20.8,62.1,0,0,none,none
2025-12-11T09:58:31.456990,20.8,62.1,0,0,none,none
2025-12-11T09:58:33.711667,20.8,62.1,0,0,none,none
2025-12-11T09:58:35.966446,20.8,62.1,1,0,none,none
2025-12-11T09:58:38.220857,20.8,62.1,0,0,none,none
2025-12-11T09:58:40.475465,20.8,62.1,0,0,none,none
2025-12-11T09:58:42.730324,20.8,62.1,0,0,none,none
2025-12-11T09:58:44.984982,20.8,62.0,0,0,none,none
2025-12-11T09:58:47.239628,20.8,62.1,1,0,none,none
2025-12-11T09:58:49.494210,20.8,62.1,0,0,none,none
2025-12-11T09:58:51.748871,20.8,62.1,0,0,none,none
2025-12-11T09:58:54.003410,20.8,62.1,1,0,none,none
2025-12-11T09:58:56.258130,20.8,62.1,0,0,none,none
2025-12-11T09:58:58.512584,20.8,62.1,0,0,none,none
2025-12-11T09:59:00.767245,20.8,62.1,1,0,none,none
2025-12-11T09:59:03.021917,20.8,62.1,0,0,none,none
2025-12-11T09:59:05.276299,20.8,62.1,0,0,none,none
2025-12-11T09:59:07.530894,20.9,62.2,0,0,none,none
2025-12-11T09:59:09.785550,20.8,62.1,0,0,none,none
2025-12-11T09:59:12.040039,20.8,62.1,0,0,none,none
2025-12-11T09:59:14.294560,20.9,62.2,0,0,none,none
2025-12-11T09:59:16.549079,20.8,62.1,1,0,none,none
2025-12-11T09:59:18.803727,20.8,62.1,0,0,none,none
2025-12-11T09:59:21.058226,20.8,62.1,0,0,none,none
2025-12-11T09:59:23.312946,20.8,62.1,0,0,none,none
2025-12-11T09:59:25.567676,20.8,62.1,0,0,none,none
2025-12-11T09:59:27.822066,20.8,62.1,1,0,none,none
2025-12-11T09:59:30.076739,20.9,62.2,0,0,none,none
2025-12-11T09:59:32.331329,20.8,62.2,0,0,none,none
2025-12-11T09:59:34.585953,20.8,62.2,0,0,none,none
2025-12-11T09:59:36.840508,20.9,62.2,0,0,none,none
2025-12-11T09:59:39.095078,20.9,62.2,0,0,none,none
2025-12-11T09:59:41.349540,20.8,62.2,0,0,none,none
2025-12-11T09:59:43.604191,20.8,62.2,0,0,none,none
2025-12-11T09:59:45.858768,20.8,62.2,0,0,none,none
2025-12-11T09:59:48.113251,20.9,62.2,0,0,none,none
2025-12-11T09:59:50.367892,20.8,62.2,1,0,none,none
2025-12-11T09:59:52.622534,20.9,62.3,0,0,none,none
2025-12-11T09:59:54.877114,20.8,62.2,0,0,none,none
2025-12-11T09:59:57.131953,20.8,62.2,0,0,none,none
2025-12-11T09:59:59.386595,20.9,62.3,0,0,none,none
2025-12-11T10:00:01.641014,20.8,62.3,1,0,none,none
2025-12-11T10:00:03.895842,20.9,62.3,0,0,none,none
2025-12-11T10:00:06.150498,20.8,62.3,0,0,none,none
2025-12-11T10:00:08.404896,20.9,62.3,0,0,none,none
2025-12-11T10:00:10.659145,20.9,62.3,0,0,none,none
2025-12-11T10:00:12.913509,20.9,62.3,0,0,none,none
2025-12-11T10:00:15.168054,20.9,62.3,1,0,none,none
2025-12-11T10:00:17.422825,20.9,62.3,0,0,none,none
2025-12-11T10:00:19.677477,20.9,62.4,1,0,none,none
2025-12-11T10:00:21.931433,20.8,62.3,0,0,none,none
2025-12-11T10:00:24.185963,20.9,62.4,0,0,none,none
2025-12-11T10:00:26.440411,20.9,62.4,0,0,none,none
2025-12-11T10:00:28.695034,20.9,62.4,0,0,none,none
2025-12-11T10:00:30.949723,20.9,62.5,1,0,none,none
2025-12-11T10:00:33.204313,20.8,62.4,0,0,none,none
2025-12-11T10:00:35.458481,20.9,62.5,0,0,none,none
2025-12-11T10:00:37.713232,20.9,62.4,0,0,none,none
2025-12-11T10:00:39.967779,20.9,62.5,0,0,none,none
2025-12-11T10:00:42.222283,20.9,62.5,1,0,none,none
2025-12-11T10:00:44.477001,20.9,62.5,0,0,none,none
2025-12-11T10:00:46.731493,20.9,62.5,1,0,none,none
2025-12-11T10:00:48.985968,20.9,62.5,0,0,none,none
2025-12-11T10:00:51.240608,20.9,62.5,0,0,none,none
2025-12-11T10:00:53.495097,20.9,62.5,0,0,none,none
2025-12-11T10:00:55.749594,20.9,62.5,0,0,none,none
2025-12-11T10:00:58.004027,20.8,62.4,1,0,none,none
2025-12-11T10:01:00.258639,20.9,62.5,0,0,none,none
2025-12-11T10:01:02.513221,20.9,62.4,1,0,none,none
2025-12-11T10:01:04.767921,20.9,62.4,0,0,none,none
2025-12-11T10:01:07.022362,20.9,62.5,0,0,none,none
2025-12-11T10:01:09.276704,20.8,62.4,0,0,none,none
2025-12-11T10:01:11.531537,20.9,62.4,0,0,none,none
2025-12-11T10:01:13.786186,20.9,62.4,1,0,none,none
2025-12-11T10:01:16.040690,20.9,62.5,0,0,none,none
2025-12-11T10:01:18.295476,20.9,62.4,0,0,none,none
2025-12-11T10:01:20.550218,20.9,62.4,0,0,none,none
2025-12-11T10:01:22.804784,20.9,62.4,0,0,none,none
2025-12-11T10:01:25.059551,20.8,62.4,1,0,none,none
2025-12-11T10:01:27.314153,20.9,62.4,0,0,none,none
2025-12-11T10:01:29.568817,20.9,62.4,1,0,none,none
2025-12-11T10:01:31.823580,20.9,62.4,0,0,none,none
2025-12-11T10:01:34.078237,20.9,62.4,0,0,none,none
2025-12-11T10:01:36.332574,20.9,62.4,0,0,none,none
2025-12-11T10:01:38.587430,20.9,62.4,0,0,none,none
2025-12-11T10:01:40.841755,20.9,62.4,1,0,none,none
2025-12-11T10:01:43.096308,20.9,62.4,0,0,none,none
2025-12-11T10:01:45.351082,20.9,62.4,0,0,none,none
2025-12-11T10:01:47.605814,20.9,62.4,1,0,none,none
2025-12-11T10:01:49.860374,20.9,62.4,0,0,none,none
2025-12-11T10:01:52.115099,20.9,62.4,0,0,none,none
2025-12-11T10:01:54.369658,20.9,62.4,0,0,none,none
2025-12-11T10:01:56.624322,20.9,62.4,0,0,none,none
2025-12-11T10:01:58.879139,20.9,62.4,0,0,none,none
2025-12-11T10:02:01.135719,20.9,62.4,0,0,none,none
2025-12-11T10:02:03.390366,20.9,62.4,1,0,none,none
2025-12-11T10:02:05.645170,20.9,62.4,0,0,none,none
2025-12-11T10:02:07.899814,20.9,62.4,0,0,none,none
2025-12-11T10:02:10.154401,20.9,62.4,0,0,none,none
2025-12-11T10:02:12.409220,20.9,62.4,0,0,none,none
2025-12-11T10:02:14.663936,20.9,62.4,0,0,none,none
2025-12-11T10:02:16.918522,20.9,62.4,0,0,none,none
2025-12-11T10:02:19.173269,20.9,62.4,0,0,none,none
2025-12-11T10:02:21.427862,20.9,62.4,0,0,none,none
2025-12-11T10:02:23.682512,20.9,62.4,1,0,none,none
2025-12-11T10:02:25.937122,20.9,62.4,0,0,none,none
2025-12-11T10:02:28.191324,20.9,62.4,0,0,none,none
2025-12-11T10:02:30.445940,20.9,62.4,0,0,none,none
2025-12-11T10:02:32.700807,20.9,62.4,0,0,none,none
2025-12-11T10:02:34.955453,20.9,62.4,0,0,none,none
2025-12-11T10:02:37.210013,20.9,62.4,0,0,none,none
2025-12-11T10:02:39.464661,20.9,62.4,0,0,none,none
2025-12-11T10:02:41.719392,20.9,62.4,0,0,none,none
2025-12-11T10:02:43.973537,20.9,62.4,1,0,none,none
2025-12-11T10:02:46.228265,20.9,62.5,0,0,none,none
2025-12-11T10:02:48.482918,20.9,62.5,1,0,none,none
2025-12-11T10:02:50.737331,20.9,62.5,0,0,none,none
2025-12-11T10:02:52.991979,20.9,62.5,0,0,none,none
2025-12-11T10:02:55.246563,20.9,62.5,0,0,none,none
2025-12-11T10:02:57.501135,20.9,62.5,0,0,none,none
2025-12-11T10:02:59.755897,20.9,62.5,0,0,none,none
2025-12-11T10:03:02.010578,20.9,62.5,0,0,none,none
2025-12-11T10:03:04.265103,20.9,62.5,1,0,none,none
2025-12-11T10:03:06.519994,20.9,62.5,0,0,none,none
2025-12-11T10:03:08.774596,20.9,62.5,0,0,none,none
2025-12-11T10:03:11.029096,20.9,62.5,0,0,none,none
2025-12-11T10:03:13.283745,20.9,62.5,0,0,none,none
2025-12-11T10:03:15.538491,20.9,62.5,1,0,none,none
2025-12-11T10:03:17.792945,20.9,62.5,0,0,none,none
2025-12-11T10:03:20.047737,20.9,62.5,0,0,none,none
2025-12-11T10:03:22.302389,20.9,62.5,1,0,none,none
2025-12-11T10:03:24.556853,20.9,62.5,0,0,none,none
2025-12-11T10:03:26.811672,20.9,62.5,0,0,none,none
2025-12-11T10:03:29.066326,20.9,62.5,0,0,none,none
2025-12-11T10:03:31.320859,20.9,62.5,0,0,none,none
2025-12-11T10:03:33.575784,20.9,62.5,0,0,none,none
2025-12-11T10:03:35.830425,20.9,62.5,0,0,none,none
2025-12-11T10:03:38.084955,20.9,62.5,0,0,none,none
2025-12-11T10:03:40.339829,20.8,62.5,0,0,none,none
2025-12-11T10:03:42.594500,20.9,62.5,1,0,none,none
2025-12-11T10:03:44.849082,20.9,62.5,0,0,none,none
2025-12-11T10:03:47.103792,20.9,62.5,0,0,none,none
2025-12-11T10:03:49.358256,20.9,62.5,0,0,none,none
2025-12-11T10:03:51.612799,20.9,62.5,0,0,none,none
2025-12-11T10:03:53.867665,20.9,62.5,1,0,none,none
2025-12-11T10:03:56.122363,20.9,62.5,0,0,none,none
2025-12-11T10:03:58.376854,20.9,62.5,0,0,none,none
2025-12-11T10:04:00.631774,20.9,62.5,0,0,none,none
2025-12-11T10:04:02.886397,20.9,62.5,0,0,none,none
2025-12-11T10:04:05.140817,20.9,62.5,0,0,none,none
2025-12-11T10:04:07.395792,20.9,62.5,0,0,none,none
2025-12-11T10:04:09.650561,20.9,62.5,1,0,none,none
2025-12-11T10:04:11.905096,20.9,62.5,0,0,none,none
2025-12-11T10:04:14.159926,20.9,62.5,0,0,none,none
2025-12-11T10:04:16.414664,20.9,62.6,0,0,none,none
2025-12-11T10:04:18.668980,20.9,62.5,0,0,none,none
2025-12-11T10:04:20.923860,20.9,62.5,0,0,none,none
2025-12-11T10:04:23.178514,20.9,62.5,1,0,none,none
2025-12-11T10:04:25.432909,20.9,62.5,0,0,none,none
2025-12-11T10:04:27.687833,20.9,62.5,0,0,none,none
2025-12-11T10:04:29.943917,20.9,62.5,0,0,none,none
2025-12-11T10:04:32.198243,20.9,62.5,0,0,none,none
2025-12-11T10:04:34.452941,20.9,62.5,0,0,none,none
2025-12-11T10:04:36.707719,20.9,62.5,0,0,none,none
2025-12-11T10:04:38.962306,20.9,62.5,0,0,none,none
2025-12-11T10:04:41.217070,20.9,62.5,0,0,none,none
2025-12-11T10:04:43.471717,20.9,62.5,0,0,none,none
2025-12-11T10:04:45.726360,20.9,62.5,1,0,none,none
2025-12-11T10:04:47.981016,20.9,62.5,0,0,none,none
2025-12-11T10:04:50.235747,20.9,62.5,0,0,none,none
2025-12-11T10:04:52.489963,20.9,62.5,0,0,none,none
2025-12-11T10:04:54.744346,20.9,62.5,1,0,none,none
2025-12-11T10:04:56.998769,20.9,62.5,0,0,none,none
2025-12-11T10:04:59.252811,20.9,62.5,1,0,none,none
2025-12-11T10:05:01.507752,20.9,62.5,0,0,none,none
2025-12-11T10:05:03.762223,20.9,62.5,0,0,none,none
2025-12-11T10:05:06.016279,20.9,62.5,1,0,none,none
2025-12-11T10:05:08.270908,20.9,62.5,0,0,none,none
2025-12-11T10:05:10.525575,20.9,62.5,0,0,none,none
2025-12-11T10:05:12.779493,20.9,62.5,0,0,none,none
2025-12-11T10:05:15.034124,20.9,62.5,0,0,none,none
2025-12-11T10:05:17.288460,20.9,62.5,0,0,none,none
2025-12-11T10:05:19.543152,20.9,62.5,0,0,none,none
2025-12-11T10:05:21.797927,20.9,62.5,0,0,none,none
2025-12-11T10:05:24.052556,20.9,62.5,0,0,none,none
2025-12-11T10:05:26.307165,20.9,62.5,0,0,none,none
2025-12-11T10:05:28.561847,20.9,62.5,1,0,none,none
2025-12-11T10:05:30.816353,20.9,62.5,0,0,none,none
2025-12-11T10:05:33.070900,20.9,62.5,0,0,none,none
2025-12-11T10:05:35.325658,20.9,62.5,1,0,none,none
2025-12-11T10:05:37.580361,20.9,62.5,0,0,none,none
2025-12-11T10:05:39.834954,20.9,62.5,0,0,none,none
2025-12-11T10:05:42.089511,20.9,62.5,0,0,none,none
2025-12-11T10:05:44.344172,20.8,62.5,0,0,none,none
2025-12-11T10:05:46.598907,20.9,62.5,0,0,none,none
2025-12-11T10:05:48.853642,20.9,62.5,0,0,none,none
2025-12-11T10:05:51.108222,20.9,62.5,1,0,none,none
2025-12-11T10:05:53.362837,20.9,62.5,0,0,none,none
2025-12-11T10:05:55.617663,20.9,62.5,0,0,none,none
2025-12-11T10:05:57.872298,20.9,62.5,0,0,none,none
2025-12-11T10:06:00.126937,20.9,62.5,0,0,none,none
2025-12-11T10:06:02.381627,20.9,62.6,1,0,none,none
2025-12-11T10:06:04.636567,20.9,62.5,0,0,none,none
2025-12-11T10:06:06.891176,20.9,62.6,0,0,none,none
2025-12-11T10:06:09.145952,20.9,62.5,0,0,none,none
2025-12-11T10:06:11.400477,20.9,62.5,0,0,none,none
2025-12-11T10:06:13.655146,20.9,62.5,0,0,none,none
2025-12-11T10:06:15.909475,20.9,62.6,0,0,none,none
2025-12-11T10:06:18.164091,20.9,62.5,0,0,none,none
2025-12-11T10:06:20.418508,20.9,62.5,0,0,none,none
2025-12-11T10:06:22.673760,20.9,62.5,1,0,none,none
2025-12-11T10:06:24.928445,20.9,62.6,0,0,none,none
2025-12-11T10:06:27.182890,20.9,62.5,1,0,none,none
2025-12-11T10:06:29.437660,20.9,62.6,0,0,none,none
2025-12-11T10:06:31.692293,20.9,62.6,0,0,none,none
2025-12-11T10:06:33.946827,20.9,62.6,1,0,none,none
2025-12-11T10:06:36.201572,20.9,62.6,0,0,none,none
2025-12-11T10:06:38.456131,20.9,62.6,0,0,none,none
2025-12-11T10:06:40.710798,20.9,62.6,0,0,none,none
2025-12-11T10:06:42.965552,20.9,62.6,0,0,none,none
2025-12-11T10:06:45.219993,20.9,62.6,1,0,none,none
2025-12-11T10:06:47.474393,20.9,62.7,0,0,none,none
2025-12-11T10:06:49.729050,20.9,62.7,0,0,none,none
2025-12-11T10:06:51.983843,20.9,62.7,0,0,none,none
2025-12-11T10:06:54.238381,20.9,62.7,0,0,none,none
2025-12-11T10:06:56.494289,20.9,62.7,0,0,none,none
2025-12-11T10:06:58.748918,20.9,62.7,0,0,none,none
2025-12-11T10:07:01.003566,20.9,62.7,0,0,none,none
2025-12-11T10:07:03.258367,20.9,62.8,0,0,none,none
2025-12-11T10:07:05.513033,20.9,62.8,1,0,none,none
2025-12-11T10:07:07.767693,20.9,62.7,0,0,none,none
2025-12-11T10:07:10.022451,20.9,62.7,0,0,none,none
2025-12-11T10:07:12.276849,20.9,62.7,0,0,none,none
2025-12-11T10:07:14.531556,20.9,62.7,0,0,none,none
2025-12-11T10:07:16.786136,20.9,62.8,0,0,none,none
2025-12-11T10:07:19.040733,20.9,62.7,0,0,none,none
2025-12-11T10:07:21.295440,20.9,62.7,0,0,none,none
2025-12-11T10:07:23.550101,20.9,62.7,0,0,none,none
2025-12-11T10:07:25.804645,20.9,62.7,0,0,none,none
2025-12-11T10:07:28.059236,20.9,62.7,0,0,none,none
2025-12-11T10:07:30.314012,20.9,62.7,0,0,none,none
2025-12-11T10:07:32.568641,20.9,62.7,0,0,none,none
2025-12-11T10:07:34.822749,20.9,62.7,0,0,none,none
2025-12-11T10:07:37.077431,20.9,62.7,0,0,none,none
2025-12-11T10:07:39.331966,20.9,62.7,0,0,none,none
2025-12-11T10:07:41.586662,20.9,62.7,0,0,none,none
2025-12-11T10:07:43.841364,20.9,62.7,0,0,none,none
2025-12-11T10:07:46.095929,20.9,62.7,0,0,none,none
2025-12-11T10:07:48.350544,20.9,62.7,0,0,none,none
2025-12-11T10:07:50.605175,20.9,62.7,0,0,none,none
2025-12-11T10:07:52.859752,20.9,62.7,0,0,none,none
2025-12-11T10:07:55.113946,20.9,62.7,1,0,none,none
2025-12-11T10:07:57.368458,20.9,62.7,0,0,none,none
2025-12-11T10:07:59.623223,20.9,62.7,0,0,none,none
2025-12-11T10:08:01.877701,20.9,62.7,0,0,none,none
2025-12-11T10:08:04.132496,20.9,62.7,0,0,none,none
2025-12-11T10:08:06.387177,20.9,62.7,0,0,none,none
2025-12-11T10:08:08.641572,20.9,62.7,0,0,none,none
2025-12-11T10:08:10.896307,20.9,62.7,0,0,none,none
2025-12-11T10:08:13.151021,20.9,62.7,0,0,none,none
2025-12-11T10:08:15.405541,20.9,62.7,0,0,none,none
2025-12-11T10:08:17.660288,20.9,62.7,0,0,none,none
2025-12-11T10:08:19.914601,20.9,62.7,1,0,none,none
2025-12-11T10:08:22.169171,20.9,62.7,0,0,none,none
2025-12-11T10:08:24.424019,20.9,62.7,0,0,none,none
2025-12-11T10:08:26.678755,20.9,62.7,0,0,none,none
2025-12-11T10:08:28.933188,20.9,62.7,0,0,none,none
2025-12-11T10:08:31.187861,20.9,62.7,0,0,none,none
2025-12-11T10:08:33.442490,20.9,62.7,1,0,none,none
2025-12-11T10:08:35.696979,20.9,62.7,0,0,none,none
2025-12-11T10:08:37.951866,20.9,62.7,0,0,none,none
2025-12-11T10:08:40.206277,20.9,62.7,0,0,none,none
2025-12-11T10:08:42.460769,20.9,62.6,0,0,none,none
2025-12-11T10:08:44.715751,20.9,62.6,1,0,none,none
2025-12-11T10:08:46.970423,20.9,62.6,0,0,none,none
2025-12-11T10:08:49.224970,20.9,62.6,0,0,none,none
2025-12-11T10:08:51.479825,20.9,62.6,0,0,none,none
2025-12-11T10:08:53.734367,20.9,62.6,0,0,none,none
2025-12-11T10:08:55.988639,20.9,62.6,1,0,none,none
2025-12-11T10:08:58.243516,20.9,62.6,0,0,none,none
2025-12-11T10:09:00.498153,20.9,62.6,0,0,none,none
2025-12-11T10:09:02.752640,20.9,62.6,0,0,none,none
2025-12-11T10:09:05.007141,20.9,62.6,0,0,none,none
2025-12-11T10:09:07.261774,20.9,62.6,1,0,none,none
2025-12-11T10:09:09.516423,20.9,62.6,0,0,none,none
2025-12-11T10:09:11.771183,20.9,62.6,0,0,none,none
2025-12-11T10:09:14.025704,20.9,62.6,0,0,none,none
2025-12-11T10:09:16.280205,20.9,62.7,0,0,none,none
2025-12-11T10:09:18.535059,20.9,62.7,1,0,none,none
2025-12-11T10:09:20.789424,20.9,62.7,0,0,none,none
2025-12-11T10:09:23.043892,20.9,62.7,1,0,none,none
2025-12-11T10:09:25.298576,20.9,62.7,0,0,none,none
2025-12-11T10:09:27.552992,20.9,62.7,0,0,none,none
2025-12-11T10:09:29.807596,20.9,62.7,0,0,none,none
2025-12-11T10:09:32.062301,20.9,62.7,0,0,none,none
2025-12-11T10:09:34.316745,20.9,62.7,0,0,none,none
2025-12-11T10:09:36.571518,20.9,62.7,0,0,none,none
2025-12-11T10:09:38.826039,20.9,62.7,0,0,none,none
2025-12-11T10:09:41.080587,20.9,62.7,0,0,none,none
2025-12-11T10:09:43.335126,20.9,62.6,0,0,none,none
2025-12-11T10:09:45.589792,20.9,62.6,0,0,none,none
2025-12-11T10:09:47.844345,20.9,62.7,0,0,none,none
2025-12-11T10:09:50.098782,20.9,62.7,0,0,none,none
2025-12-11T10:09:52.353442,20.9,62.7,1,0,none,none
2025-12-11T10:09:54.608069,20.9,62.8,0,0,none,none
2025-12-11T10:09:56.862608,20.9,62.9,0,0,none,none
2025-12-11T10:09:59.117280,20.9,62.9,0,0,none,none
2025-12-11T10:10:01.371731,20.9,63.0,0,0,none,none
2025-12-11T10:10:03.626003,20.9,63.0,0,0,none,none
2025-12-11T10:10:05.880720,20.9,63.1,0,0,none,none
2025-12-11T10:10:08.135382,20.9,63.2,1,0,none,none
2025-12-11T10:10:10.389879,20.9,63.2,0,0,none,none
2025-12-11T10:10:12.644638,20.9,63.2,1,0,none,none
2025-12-11T10:10:14.899197,20.9,63.3,0,0,none,none
2025-12-11T10:10:17.153689,20.9,63.2,0,0,none,none
2025-12-11T10:10:19.408335,20.9,63.2,0,0,none,none
2025-12-11T10:10:21.663027,20.9,63.2,0,0,none,none
2025-12-11T10:10:23.917206,20.9,63.1,0,0,none,none
2025-12-11T10:10:26.171896,20.9,63.1,0,0,none,none
2025-12-11T10:10:28.426486,20.9,63.0,0,0,none,none
2025-12-11T10:10:30.681037,20.9,63.0,1,0,none,none
2025-12-11T10:10:32.935827,20.9,63.0,0,0,none,none
2025-12-11T10:10:35.190440,20.9,62.9,1,0,none,none
2025-12-11T10:10:37.444900,20.9,62.9,0,0,none,none
2025-12-11T10:10:39.699780,20.9,62.9,0,0,none,none
2025-12-11T10:10:41.954407,20.9,62.9,0,0,none,none
2025-12-11T10:10:44.208929,20.9,62.9,0,0,none,none
2025-12-11T10:10:46.463612,20.9,62.9,0,0,none,none
2025-12-11T10:10:48.718085,20.9,62.9,0,0,none,none
2025-12-11T10:10:50.972553,20.9,62.9,0,0,none,none
2025-12-11T10:10:53.227300,21.0,62.9,0,0,none,none
2025-12-11T10:10:55.481943,20.9,62.8,0,0,none,none
2025-12-11T10:10:57.736389,20.9,62.8,0,0,none,none
2025-12-11T10:10:59.991155,20.9,62.8,1,0,none,none
2025-12-11T10:11:02.245737,20.9,62.8,0,0,none,none
2025-12-11T10:11:04.500300,20.9,62.8,1,0,none,none
2025-12-11T10:11:06.755142,20.9,62.8,0,0,none,none
2025-12-11T10:11:09.009801,20.9,62.8,0,0,none,none
2025-12-11T10:11:11.264309,20.9,62.8,0,0,none,none
2025-12-11T10:11:13.519155,20.9,62.8,0,0,none,none
2025-12-11T10:11:15.773881,21.0,62.8,0,0,none,none
2025-12-11T10:11:18.028417,20.9,62.8,0,0,none,none
2025-12-11T10:11:20.283126,20.9,62.8,0,0,none,none
2025-12-11T10:11:22.537863,20.9,62.8,0,0,none,none
2025-12-11T10:11:24.792406,20.9,62.8,0,0,none,none
2025-12-11T10:11:27.047266,20.9,62.8,0,0,none,none
2025-12-11T10:11:29.301908,20.9,62.8,0,0,none,none
2025-12-11T10:11:31.556342,20.9,62.8,0,0,none,none
2025-12-11T10:11:33.811147,20.9,62.8,0,0,none,none
2025-12-11T10:11:36.065740,20.9,62.8,0,0,none,none
2025-12-11T10:11:38.320270,20.9,62.8,0,0,none,none
2025-12-11T10:11:40.575096,21.0,62.8,0,0,none,none
2025-12-11T10:11:42.829690,20.9,62.8,0,0,none,none
2025-12-11T10:11:45.084157,20.9,62.8,0,0,none,none
2025-12-11T10:11:47.339010,20.9,62.8,0,0,none,none
2025-12-11T10:11:49.593823,20.9,62.8,0,0,none,none
2025-12-11T10:11:51.848325,20.9,62.8,0,0,none,none
2025-12-11T10:11:54.102931,20.9,62.8,0,0,none,none
2025-12-11T10:11:56.357560,20.9,62.8,0,0,none,none
2025-12-11T10:11:58.612203,20.9,62.8,0,0,none,none
2025-12-11T10:12:00.866982,20.9,62.8,0,0,none,none
2025-12-11T10:12:03.121606,20.9,62.8,0,0,none,none
2025-12-11T10:12:05.375869,20.9,62.8,0,0,none,none
2025-12-11T10:12:07.630727,20.9,62.7,0,0,none,none
2025-12-11T10:12:09.885153,20.9,62.7,0,0,none,none
2025-12-11T10:12:12.139192,20.9,62.8,0,0,none,none
2025-12-11T10:12:14.394026,20.9,62.7,0,0,none,none
2025-12-11T10:12:16.648638,20.9,62.7,1,0,none,none
2025-12-11T10:12:18.903234,20.9,62.7,0,0,none,none
2025-12-11T10:12:21.157947,20.9,62.7,0,0,none,none
2025-12-11T10:12:23.412530,20.9,62.7,0,0,none,none
2025-12-11T10:12:25.667227,20.9,62.7,0,0,none,none
2025-12-11T10:12:27.921881,20.9,62.7,0,0,none,none
2025-12-11T10:12:30.176468,20.9,62.7,0,0,none,none
2025-12-11T10:12:32.430933,20.9,62.7,0,0,none,none
2025-12-11T10:12:34.685827,20.9,62.7,0,0,none,none
2025-12-11T10:12:36.940468,20.9,62.7,0,0,none,none
2025-12-11T10:12:39.195088,20.9,62.8,0,0,none,none
2025-12-11T10:12:41.449849,20.9,62.7,0,0,none,none
2025-12-11T10:12:43.704556,20.9,62.7,0,0,none,none
2025-12-11T10:12:45.959023,20.9,62.7,0,0,none,none
2025-12-11T10:12:48.213733,20.9,62.7,0,0,none,none
2025-12-11T10:12:50.468270,20.9,62.7,0,0,none,none
2025-12-11T10:12:52.722977,20.9,62.7,0,0,none,none
2025-12-11T10:12:54.977745,21.0,62.7,0,0,none,none
2025-12-11T10:12:57.234233,20.9,62.7,0,0,none,none
2025-12-11T10:12:59.488586,20.9,62.7,0,0,none,none
2025-12-11T10:13:01.743528,20.9,62.7,0,0,none,none
2025-12-11T10:13:03.998203,20.9,62.7,0,0,none,none
2025-12-11T10:13:06.252767,20.9,62.7,0,0,none,none
2025-12-11T10:13:08.507735,20.9,62.7,0,0,none,none
2025-12-11T10:13:10.762297,20.9,62.7,0,0,none,none
2025-12-11T10:13:13.016777,20.9,62.6,0,0,none,none
2025-12-11T10:13:15.271604,20.9,62.7,0,0,none,none
2025-12-11T10:13:17.526302,20.9,62.6,0,0,none,none
2025-12-11T10:13:19.780889,20.9,62.6,0,0,none,none
2025-12-11T10:13:22.035775,20.9,62.6,0,0,none,none
2025-12-11T10:13:24.290419,20.9,62.6,0,0,none,none
2025-12-11T10:13:26.545079,20.9,62.6,0,0,none,none
2025-12-11T10:13:28.799818,20.9,62.6,0,0,none,none
2025-12-11T10:13:31.054439,20.9,62.6,0,0,none,none
2025-12-11T10:13:33.308945,20.9,62.6,0,0,none,none
2025-12-11T10:13:35.563563,20.9,62.6,0,0,none,none
2025-12-11T10:13:37.818220,20.9,62.6,0,0,none,none
2025-12-11T10:13:40.072446,20.9,62.6,0,0,none,none
2025-12-11T10:13:42.327261,20.9,62.6,0,0,none,none
2025-12-11T10:13:44.582040,20.9,62.6,0,0,none,none
2025-12-11T10:13:46.836620,20.9,62.6,1,0,none,none
2025-12-11T10:13:49.091523,20.9,62.6,0,0,none,none
2025-12-11T10:13:51.346150,20.9,62.6,0,0,none,none
2025-12-11T10:13:53.600769,20.9,62.6,0,0,none,none
2025-12-11T10:13:55.855674,20.9,62.6,0,0,none,none
2025-12-11T10:13:58.110338,20.9,62.6,0,0,none,none
2025-12-11T10:14:00.364881,20.9,62.6,0,0,none,none
2025-12-11T10:14:02.619413,20.9,62.6,0,0,none,none
2025-12-11T10:14:04.873880,20.9,62.7,0,0,none,none
2025-12-11T10:14:07.128079,20.9,62.7,0,0,none,none
2025-12-11T10:14:09.382801,20.9,62.6,0,0,none,none
2025-12-11T10:14:11.637517,20.9,62.6,0,0,none,none
2025-12-11T10:14:13.891853,20.9,62.6,0,0,none,none
2025-12-11T10:14:16.146561,20.9,62.6,0,0,none,none
2025-12-11T10:14:18.401206,20.9,62.6,0,0,none,none
2025-12-11T10:14:20.655875,20.9,62.6,0,0,none,none
2025-12-11T10:14:22.910705,20.9,62.6,0,0,none,none
2025-12-11T10:14:25.165344,20.9,62.6,0,0,none,none
2025-12-11T10:14:27.419856,20.9,62.6,0,0,none,none
2025-12-11T10:14:29.674701,20.9,62.6,0,0,none,none
2025-12-11T10:14:31.929297,20.9,62.6,0,0,none,none
2025-12-11T10:14:34.183836,20.9,62.6,0,0,none,none
2025-12-11T10:14:36.438600,20.9,62.6,0,0,none,none
2025-12-11T10:14:38.693242,20.9,62.6,0,0,none,none
2025-12-11T10:14:40.947744,20.9,62.6,0,0,none,none
2025-12-11T10:14:43.202556,20.9,62.6,0,0,none,none
2025-12-11T10:14:45.457161,20.9,62.6,0,0,none,none
2025-12-11T10:14:47.711741,20.9,62.6,0,0,none,none
2025-12-11T10:14:49.966507,20.9,62.6,0,0,none,none
2025-12-11T10:14:52.221046,21.0,62.7,0,0,none,none
2025-12-11T10:14:54.475594,20.9,62.6,0,0,none,none
2025-12-11T10:14:56.730470,20.9,62.6,0,0,none,none
2025-12-11T10:14:58.985142,20.9,62.6,0,0,none,none
2025-12-11T10:15:01.239746,20.9,62.6,0,0,none,none
2025-12-11T10:15:03.495618,20.9,62.6,0,0,none,none
2025-12-11T10:15:05.831251,20.9,62.6,0,0,none,none
2025-12-11T10:15:08.166717,20.9,62.6,0,0,none,none
2025-12-11T10:15:10.446041,20.9,62.6,0,0,none,none
2025-12-11T10:15:12.700644,20.9,62.6,0,0,none,none
2025-12-11T10:15:14.955157,20.9,62.6,0,0,none,none
2025-12-11T10:15:17.209774,20.9,62.6,0,0,none,none
2025-12-11T10:15:19.464241,20.9,62.6,0,0,none,none
2025-12-11T10:15:21.718815,20.9,62.6,0,0,none,none
2025-12-11T10:15:23.973544,20.9,62.6,0,0,none,none
2025-12-11T10:15:26.228032,20.9,62.6,0,0,none,none
2025-12-11T10:15:28.482505,20.9,62.6,0,0,none,none
2025-12-11T10:15:30.737092,20.9,62.6,0,0,none,none
2025-12-11T10:15:32.991479,20.9,62.6,0,0,none,none
2025-12-11T10:15:35.245979,20.9,62.6,0,0,none,none
2025-12-11T10:15:37.500497,20.9,62.6,0,0,none,none
2025-12-11T10:15:39.755102,20.9,62.6,0,0,none,none
2025-12-11T10:15:42.009518,20.9,62.6,0,0,none,none
2025-12-11T10:15:44.264157,20.9,62.6,0,0,none,none
2025-12-11T10:15:46.518903,20.9,62.6,0,0,none,none
2025-12-11T10:15:48.773300,20.9,62.6,0,0,none,none
2025-12-11T10:15:51.027938,20.9,62.6,0,0,none,none
2025-12-11T10:15:53.282548,20.9,62.6,0,0,none,none
2025-12-11T10:15:55.537098,20.9,62.6,0,0,none,none
2025-12-11T10:15:57.791825,20.9,62.6,0,0,none,none
2025-12-11T10:16:00.046407,20.9,62.6,0,0,none,none
2025-12-11T10:16:02.300808,20.9,62.6,0,0,none,none
2025-12-11T10:16:04.555674,20.9,62.6,0,0,none,none
2025-12-11T10:16:06.810041,20.9,62.6,0,0,none,none
2025-12-11T10:16:09.064540,20.9,62.6,0,0,none,none
2025-12-11T10:16:11.319244,20.9,62.6,0,0,none,none
2025-12-11T10:16:13.573975,20.9,62.6,0,0,none,none
2025-12-11T10:16:15.828386,20.9,62.6,0,0,none,none
2025-12-11T10:16:18.082872,20.9,62.6,0,0,none,none
2025-12-11T10:16:20.337421,20.9,62.6,0,0,none,none
2025-12-11T10:16:22.591997,20.9,62.6,0,0,none,none
2025-12-11T10:16:24.846681,20.9,62.6,0,0,none,none
2025-12-11T10:16:27.101268,20.9,62.6,0,0,none,none
2025-12-11T10:16:29.355488,20.9,62.5,1,0,none,none
2025-12-11T10:16:31.610135,20.9,62.5,0,0,none,none
2025-12-11T10:16:33.864701,20.9,62.6,0,0,none,none
2025-12-11T10:16:36.119214,20.9,62.5,0,0,none,none
2025-12-11T10:16:38.373753,20.9,62.5,0,0,none,none
2025-12-11T10:16:40.628127,20.9,62.6,0,0,none,none
2025-12-11T10:16:42.882526,20.9,62.6,0,0,none,none
2025-12-11T10:16:45.137185,20.9,62.6,0,0,none,none
2025-12-11T10:16:47.391581,20.9,62.6,0,0,none,none
2025-12-11T10:16:49.646188,20.9,62.6,0,0,none,none
2025-12-11T10:16:51.900567,20.9,62.6,0,0,none,none
2025-12-11T10:16:54.155142,20.9,62.6,0,0,none,none
2025-12-11T10:16:56.409484,20.9,62.6,0,0,none,none
2025-12-11T10:16:58.664027,20.9,62.6,0,0,none,none
2025-12-11T10:17:00.918572,20.9,62.6,0,0,none,none
2025-12-11T10:17:03.172724,20.9,62.6,0,0,none,none
2025-12-11T10:17:05.427573,20.9,62.6,0,0,none,none
2025-12-11T10:17:07.682319,20.9,62.6,0,0,none,none
2025-12-11T10:17:09.936794,20.9,62.6,0,0,none,none
2025-12-11T10:17:12.191647,20.9,62.6,0,0,none,none
2025-12-11T10:17:14.446243,20.9,62.6,0,0,none,none
2025-12-11T10:17:16.700902,20.9,62.6,0,0,none,none
2025-12-11T10:17:18.955072,20.9,62.6,0,0,none,none
2025-12-11T10:17:21.209557,20.9,62.6,0,0,none,none
2025-12-11T10:17:23.463896,20.9,62.6,0,0,none,none
2025-12-11T10:17:25.718333,20.9,62.6,0,0,none,none
2025-12-11T10:17:27.972841,20.9,62.6,0,0,none,none
2025-12-11T10:17:30.227438,20.9,62.6,0,0,none,none
2025-12-11T10:17:32.482044,20.9,62.6,0,0,none,none
2025-12-11T10:17:34.736656,20.9,62.6,0,0,none,none
2025-12-11T10:17:36.990803,20.9,62.6,0,0,none,none
2025-12-11T10:17:39.245322,20.9,62.6,0,0,none,none
2025-12-11T10:17:41.500136,20.9,62.6,0,0,none,none
2025-12-11T10:17:43.754741,20.9,62.6,0,0,none,none
2025-12-11T10:17:46.009393,20.9,62.6,0,0,none,none
2025-12-11T10:17:48.263882,20.9,62.6,0,0,none,none
2025-12-11T10:17:50.518544,20.9,62.6,0,0,none,none
2025-12-11T10:17:52.773087,20.9,62.6,0,0,none,none
2025-12-11T10:17:55.027797,20.9,62.6,0,0,none,none
2025-12-11T10:17:57.282478,20.9,62.6,0,0,none,none
2025-12-11T10:17:59.537112,20.9,62.6,0,0,none,none
2025-12-11T10:18:01.791770,20.9,62.6,0,0,none,none
2025-12-11T10:18:04.046360,20.9,62.6,0,0,none,none
2025-12-11T10:18:06.300925,20.9,62.6,0,0,none,none
2025-12-11T10:18:08.555732,20.9,62.6,0,0,none,none
2025-12-11T10:18:10.810264,20.9,62.6,0,0,none,none
2025-12-11T10:18:13.064989,20.9,62.6,0,0,none,none
2025-12-11T10:18:15.319665,20.9,62.6,0,0,none,none
2025-12-11T10:18:17.574330,20.9,62.6,0,0,none,none
2025-12-11T10:18:19.829088,20.9,62.6,0,0,none,none
2025-12-11T10:18:22.083791,20.9,62.6,0,0,none,none
2025-12-11T10:18:24.338448,20.9,62.6,0,0,none,none
2025-12-11T10:18:26.592897,20.9,62.6,0,0,none,none
2025-12-11T10:18:28.847600,20.9,62.6,0,0,none,none
2025-12-11T10:18:31.102141,20.9,62.6,0,0,none,none
2025-12-11T10:18:33.357009,20.9,62.6,0,0,none,none
2025-12-11T10:18:35.611781,20.9,62.6,0,0,none,none
2025-12-11T10:18:37.866311,20.9,62.6,0,0,none,none
2025-12-11T10:18:40.120926,20.9,62.6,0,0,none,none
2025-12-11T10:18:42.375620,20.9,62.6,0,0,none,none
2025-12-11T10:18:44.630356,20.9,62.6,0,0,none,none
2025-12-11T10:18:46.885101,20.9,62.6,0,0,none,none
2025-12-11T10:18:49.141748,20.9,62.5,0,0,none,none
2025-12-11T10:18:51.395990,20.9,62.6,0,0,none,none
2025-12-11T10:18:53.650853,20.9,62.6,0,0,none,none
2025-12-11T10:18:55.905367,20.9,62.6,0,0,none,none
2025-12-11T10:18:58.159616,20.9,62.6,0,0,none,none
2025-12-11T10:19:00.414439,20.9,62.6,0,0,none,none
2025-12-11T10:19:02.668841,20.9,62.6,0,0,none,none
2025-12-11T10:19:04.923455,20.9,62.6,0,0,none,none
2025-12-11T10:19:07.178069,20.9,62.6,0,0,none,none
2025-12-11T10:19:09.432320,20.9,62.6,0,0,none,none
2025-12-11T10:19:11.687020,20.9,62.6,0,0,none,none
2025-12-11T10:19:13.941513,20.9,62.6,0,0,none,none
2025-12-11T10:19:16.196100,20.9,62.6,0,0,none,none
2025-12-11T10:19:18.450715,20.9,62.6,0,0,none,none
2025-12-11T10:19:20.705457,20.9,62.6,0,0,none,none
2025-12-11T10:19:22.960119,20.9,62.6,0,0,none,none
2025-12-11T10:19:25.214691,20.9,62.6,0,0,none,none
2025-12-11T10:19:27.469359,20.9,62.6,0,0,none,none
2025-12-11T10:19:29.724000,20.9,62.6,0,0,none,none
2025-12-11T10:19:31.978609,20.9,62.6,0,0,none,none
2025-12-11T10:19:34.233393,20.9,62.6,0,0,none,none
2025-12-11T10:19:36.488040,20.9,62.5,0,0,none,none
2025-12-11T10:19:38.742695,20.9,62.5,0,0,none,none
2025-12-11T10:19:40.997423,20.9,62.6,0,0,none,none
2025-12-11T10:19:43.252026,20.9,62.5,0,0,none,none
2025-12-11T10:19:45.506743,20.9,62.5,0,0,none,none
2025-12-11T10:19:47.761515,20.9,62.5,0,0,none,none
2025-12-11T10:19:50.017780,20.9,62.5,0,0,none,none
2025-12-11T10:19:52.272340,20.9,62.5,0,0,none,none
2025-12-11T10:19:54.527086,20.9,62.5,0,0,none,none
2025-12-11T10:19:56.781678,20.9,62.5,0,0,none,none
2025-12-11T10:19:59.035990,20.9,62.6,0,0,none,none
2025-12-11T10:20:01.290666,20.9,62.5,0,0,none,none
2025-12-11T10:20:03.545376,20.9,62.6,0,0,none,none
2025-12-11T10:20:05.799949,20.9,62.5,0,0,none,none
2025-12-11T10:20:08.054635,20.9,62.6,0,0,none,none
2025-12-11T10:20:10.310624,20.9,62.5,0,0,none,none
2025-12-11T10:20:12.565165,20.9,62.5,0,0,none,none
2025-12-11T10:20:14.819490,20.9,62.5,0,0,none,none
2025-12-11T10:20:17.074110,20.9,62.5,0,0,none,none
2025-12-11T10:20:19.328639,20.9,62.5,0,0,none,none
2025-12-11T10:20:21.583561,20.9,62.6,0,0,none,none
2025-12-11T10:20:23.838206,20.9,62.5,0,0,none,none
2025-12-11T10:20:26.092618,20.9,62.5,0,0,none,none
2025-12-11T10:20:28.347474,20.9,62.5,0,0,none,none
2025-12-11T10:20:30.602103,20.9,62.5,0,0,none,none
2025-12-11T10:20:32.856570,20.9,62.5,0,0,none,none
2025-12-11T10:20:35.111426,20.9,62.5,0,0,none,none
2025-12-11T10:20:37.366020,20.9,62.5,0,0,none,none
2025-12-11T10:20:39.620722,20.9,62.5,0,0,none,none
2025-12-11T10:20:41.875284,20.9,62.5,0,0,none,none
2025-12-11T10:20:44.129948,20.9,62.5,0,0,none,none
2025-12-11T10:20:46.384501,20.9,62.5,0,0,none,none
2025-12-11T10:20:48.639316,20.9,62.5,0,0,none,none
2025-12-11T10:20:50.893978,20.9,62.5,0,0,none,none
2025-12-11T10:20:53.148209,20.9,62.5,0,0,none,none
2025-12-11T10:20:55.403016,20.9,62.5,0,0,none,none
2025-12-11T10:20:57.657748,20.9,62.5,0,0,none,none
2025-12-11T10:20:59.912308,20.9,62.5,0,0,none,none
2025-12-11T10:21:02.167100,20.9,62.5,0,0,none,none
2025-12-11T10:21:04.421448,20.9,62.5,0,0,none,none
2025-12-11T10:21:06.676054,20.9,62.5,0,0,none,none
2025-12-11T10:21:08.930736,20.9,62.5,0,0,none,none
2025-12-11T10:21:11.185308,20.9,62.5,0,0,none,none
2025-12-11T10:21:13.439816,20.9,62.5,0,0,none,none
2025-12-11T10:21:15.694353,20.9,62.5,0,0,none,none
2025-12-11T10:21:17.949017,20.9,62.5,0,0,none,none
2025-12-11T10:21:20.203548,20.9,62.5,0,0,none,none
2025-12-11T10:21:22.458281,20.9,62.5,0,0,none,none
2025-12-11T10:21:24.712770,20.9,62.5,0,0,none,none
2025-12-11T10:21:26.967186,20.9,62.5,0,0,none,none
2025-12-11T10:21:29.221857,20.9,62.5,0,0,none,none
2025-12-11T10:21:31.476337,20.9,62.5,0,0,none,none
2025-12-11T10:21:33.730915,20.9,62.5,0,0,none,none
2025-12-11T10:21:35.985630,20.9,62.5,1,0,none,none
2025-12-11T10:21:38.240204,20.9,62.5,0,0,none,none
2025-12-11T10:21:40.494600,20.9,62.5,0,0,none,none
2025-12-11T10:21:42.749155,20.9,62.5,0,0,none,none
2025-12-11T10:21:45.003738,20.9,62.5,0,0,none,none
2025-12-11T10:21:47.258236,20.9,62.5,1,0,none,none
2025-12-11T10:21:49.512868,20.9,62.5,0,0,none,none
2025-12-11T10:21:51.767251,20.9,62.5,0,0,none,none
2025-12-11T10:21:54.021817,20.9,62.5,1,0,none,none
2025-12-11T10:21:56.276556,20.9,62.5,0,0,none,none
2025-12-11T10:21:58.531335,20.9,62.5,1,0,none,none
2025-12-11T10:22:00.785953,20.9,62.5,0,0,none,none
2025-12-11T10:22:03.040736,20.9,62.5,1,0,none,none
                                                                                                                                                                2025-12-11T10:18:14.204125,20.9,57.4,0,0,none,none
2025-12-11T10:18:16.520752,20.9,59.0,0,0,none,none
2025-12-11T10:18:18.775357,20.8,58.8,0,0,none,none
2025-12-11T10:18:21.029913,20.9,59.0,0,0,none,none
2025-12-11T10:18:23.288631,20.9,59.0,0,0,none,none
2025-12-11T10:18:25.624296,20.9,59.0,0,0,none,none
2025-12-11T10:18:27.889381,20.8,58.9,0,0,none,none
2025-12-11T10:18:30.144163,20.8,58.9,0,0,none,none
2025-12-11T10:18:32.398755,20.8,58.9,0,0,none,none
2025-12-11T10:18:34.653395,20.9,59.0,0,0,none,none
2025-12-11T10:18:36.907849,20.9,59.0,0,0,none,none
2025-12-11T10:18:39.162483,20.8,58.9,0,0,none,none
2025-12-11T23:01:54.386236,20.9,59.0,0,0,none,none
2025-12-11T23:01:56.640323,20.9,59.0,1,0,none,none
2025-12-11T23:01:58.895110,20.8,58.9,0,0,none,none
2025-12-11T23:02:01.149440,20.9,59.0,0,0,none,none
2025-12-11T23:02:03.403961,20.9,59.0,0,0,none,none
2025-12-11T23:02:05.659226,20.9,59.1,0,0,none,none
2025-12-11T23:02:07.913775,20.8,59.0,0,0,none,none
2025-12-11T23:02:10.167914,20.9,59.1,0,0,none,none
2025-12-11T23:02:12.421973,20.9,59.1,0,0,none,none
2025-12-11T23:02:14.676657,20.9,59.1,0,0,none,none
2025-12-11T23:02:16.931056,20.9,59.1,0,0,none,none
2025-12-11T23:02:19.185865,20.9,59.1,0,0,none,none
2025-12-11T23:02:21.440559,20.9,59.1,0,0,none,none
2025-12-11T23:02:23.694570,20.9,59.1,0,0,none,none
2025-12-11T23:02:25.949466,20.9,59.1,0,0,none,none
2025-12-11T23:02:28.204171,20.9,59.1,0,0,none,none
2025-12-11T23:02:30.458781,20.9,59.1,0,0,none,none
2025-12-11T23:02:32.713405,20.9,59.1,0,0,none,none
2025-12-11T23:02:34.968202,20.9,59.1,0,0,none,none
2025-12-11T23:02:37.222825,20.9,59.1,0,0,none,none
2025-12-11T23:02:39.477142,20.9,59.1,0,0,none,none
2025-12-11T23:02:41.731841,20.9,59.1,0,0,none,none
2025-12-11T23:02:43.986083,20.9,59.1,0,0,none,none
2025-12-11T23:02:46.240991,20.9,59.1,0,0,none,none
2025-12-11T23:02:48.495521,20.9,59.1,0,0,none,none
2025-12-11T23:02:50.749941,20.9,59.1,0,0,none,none
2025-12-11T23:02:53.004842,20.9,59.1,0,0,none,none
2025-12-11T23:02:55.259294,20.9,59.1,0,0,none,none
2025-12-11T23:02:57.513483,20.9,59.1,0,0,none,none
2025-12-11T23:02:59.768509,,,0,0,none,none
2025-12-11T23:03:02.022820,20.9,59.1,0,0,none,none
2025-12-11T23:03:04.277282,20.9,59.1,0,0,none,none
2025-12-11T23:03:06.531979,20.9,59.1,0,0,none,none
2025-12-11T23:03:08.786404,20.9,59.1,0,0,none,none
2025-12-11T23:03:11.040942,20.9,59.1,0,0,none,none
2025-12-11T23:03:13.295657,20.9,59.1,0,0,none,none
2025-12-11T23:03:15.550168,20.9,59.1,0,0,none,none
2025-12-11T23:03:17.804300,20.9,59.1,0,0,none,none
2025-12-11T23:03:20.059065,20.9,59.1,0,0,none,none
2025-12-11T23:03:22.313611,20.9,59.1,0,0,none,none
2025-12-11T23:03:24.567672,20.9,59.0,0,0,none,none
2025-12-11T23:03:26.821959,20.9,59.0,0,0,none,none
2025-12-11T23:03:29.076715,20.9,59.0,1,0,none,none
2025-12-11T23:03:31.331216,20.9,59.0,0,0,none,none
2025-12-11T23:03:33.585808,20.9,59.0,0,0,none,none
2025-12-11T23:03:35.839993,20.9,59.0,0,0,none,none
2025-12-11T23:03:38.094492,20.9,59.0,0,0,none,none
2025-12-11T23:03:40.349241,20.9,59.0,0,0,none,none
2025-12-11T23:03:42.603796,20.9,59.0,0,0,none,none
2025-12-11T23:03:44.857927,20.9,59.0,0,0,none,none
2025-12-11T23:03:47.112718,20.9,59.0,0,0,none,none
2025-12-11T23:03:49.366807,20.9,59.0,0,0,none,none
2025-12-11T23:03:51.621278,20.9,58.9,0,0,none,none
2025-12-11T23:03:53.875520,20.9,59.0,0,0,none,none
2025-12-11T23:03:56.129991,20.9,59.0,0,0,none,none
2025-12-11T23:03:58.384010,20.9,59.0,0,0,none,none
2025-12-11T23:04:00.638312,20.9,59.0,0,0,none,none
2025-12-11T23:04:02.892966,20.9,58.9,0,0,none,none
2025-12-11T23:04:05.147625,20.9,59.0,0,0,none,none
2025-12-11T23:04:07.402004,20.9,59.0,0,0,none,none
2025-12-11T23:04:09.656767,20.9,59.0,0,0,none,none
2025-12-11T23:04:11.910942,20.9,58.9,0,0,none,none
2025-12-11T23:04:14.165442,20.9,58.9,0,0,none,none
2025-12-11T23:04:16.420006,20.9,58.9,0,0,none,none
2025-12-11T23:04:18.674248,20.9,59.0,0,0,none,none
2025-12-11T23:04:20.928588,20.9,58.9,0,0,none,none
2025-12-11T23:04:23.183190,20.9,58.9,0,0,none,none
2025-12-11T23:04:25.437236,20.9,58.9,0,0,none,none
2025-12-11T23:04:27.692044,20.9,58.9,0,0,none,none
2025-12-11T23:04:29.946366,20.9,58.9,0,0,none,none
2025-12-11T23:04:32.200509,20.9,58.9,0,0,none,none
2025-12-11T23:04:34.455113,20.9,59.0,0,0,none,none
2025-12-11T23:04:36.709524,20.9,58.9,0,0,none,none
2025-12-11T23:04:39.006893,20.9,58.9,0,0,none,none
2025-12-11T23:04:41.261056,20.9,58.9,0,0,none,none
2025-12-11T23:04:43.515532,20.9,58.9,0,0,none,none
2025-12-11T23:04:45.770059,20.9,58.9,0,0,none,none
2025-12-11T23:04:48.024324,20.9,58.9,0,0,none,none
2025-12-11T23:04:50.278779,20.9,59.0,0,0,none,none
2025-12-11T23:04:52.532913,20.9,58.9,0,0,none,none
2025-12-11T23:04:54.787715,20.9,58.9,0,0,none,none
2025-12-11T23:04:57.044008,20.9,59.0,0,0,none,none
2025-12-11T23:04:59.298327,20.9,58.9,0,0,none,none
2025-12-11T23:05:01.552929,20.9,58.9,0,0,none,none
2025-12-11T23:05:03.807588,20.9,58.9,0,0,none,none
2025-12-11T23:05:06.061552,20.9,58.9,0,0,none,none
2025-12-11T23:05:08.316291,20.9,58.9,0,0,none,none
2025-12-11T23:05:10.570689,20.9,58.9,0,0,none,none
2025-12-11T23:05:12.825244,20.9,58.9,0,0,none,none
2025-12-11T23:05:15.079997,20.9,58.9,0,0,none,none
2025-12-11T23:05:17.334605,20.9,58.9,0,0,none,none
2025-12-11T23:05:19.588610,20.9,58.9,0,0,none,none
2025-12-11T23:05:21.843385,20.9,58.9,0,0,none,none
2025-12-11T23:05:24.097656,20.9,58.9,0,0,none,none
2025-12-11T23:05:26.352216,20.9,58.9,0,0,none,none
2025-12-11T23:05:28.606861,20.9,58.9,0,0,none,none
2025-12-11T23:05:30.861002,20.9,58.9,0,0,none,none
2025-12-11T23:05:33.115681,20.9,58.9,0,0,none,none
2025-12-11T23:05:35.370166,20.9,58.9,0,0,none,none
2025-12-11T23:05:37.624918,20.9,58.9,0,0,none,none
2025-12-11T23:05:39.879579,20.9,58.9,0,0,none,none
2025-12-11T23:05:42.134180,20.9,58.9,0,0,none,none
2025-12-11T23:05:44.388832,20.9,58.9,0,0,none,none
2025-12-11T23:05:46.643315,20.9,58.9,0,0,none,none
2025-12-11T23:05:48.898080,20.9,58.9,0,0,none,none
2025-12-11T23:05:51.152332,20.9,58.9,0,0,none,none
2025-12-11T23:05:53.406749,20.9,58.9,0,0,none,none
2025-12-11T23:05:55.661359,20.9,58.9,0,0,none,none
2025-12-11T23:05:57.916078,20.9,58.9,0,0,none,none
2025-12-11T23:06:00.170734,20.9,59.0,0,0,none,none
2025-12-11T23:06:02.425052,20.9,58.9,0,0,none,none
2025-12-11T23:06:04.679738,20.9,58.9,0,0,none,none
2025-12-11T23:06:06.933887,20.9,58.9,0,0,none,none
2025-12-11T23:06:09.188566,20.9,58.9,0,0,none,none
2025-12-11T23:06:11.443220,20.9,58.9,0,0,none,none
2025-12-11T23:06:13.697840,20.9,58.9,0,0,none,none
2025-12-11T23:06:15.952120,20.9,58.9,0,0,none,none
2025-12-11T23:06:18.206450,21.0,59.0,0,0,none,none
2025-12-11T23:06:20.461034,20.9,58.9,0,0,none,none
2025-12-11T23:06:22.715699,20.9,58.9,0,0,none,none
2025-12-11T23:06:24.970222,20.9,58.9,0,0,none,none
2025-12-11T23:06:27.224168,20.9,58.9,0,0,none,none
2025-12-11T23:06:29.479024,20.9,58.9,0,0,none,none
2025-12-11T23:06:31.733262,20.9,58.9,0,0,none,none
2025-12-11T23:06:33.987342,20.9,58.9,0,0,none,none
2025-12-11T23:06:36.241725,20.9,58.9,0,0,none,none
2025-12-11T23:06:38.496480,20.9,58.9,0,0,none,none
2025-12-11T23:06:40.750697,20.9,58.9,0,0,none,none
2025-12-11T23:06:43.005504,20.9,58.9,0,0,none,none
2025-12-11T23:06:45.260197,20.9,58.9,0,0,none,none
2025-12-11T23:06:47.514534,20.9,58.9,0,0,none,none
2025-12-11T23:06:49.768968,20.9,58.9,0,0,none,none
2025-12-11T23:06:52.023508,20.9,58.9,0,0,none,none
2025-12-11T23:06:54.277737,20.9,58.9,0,0,none,none
2025-12-11T23:06:56.532133,20.9,58.9,0,0,none,none
2025-12-11T23:06:58.786561,20.9,59.0,0,0,none,none
2025-12-11T23:07:01.041111,20.9,58.9,0,0,none,none
2025-12-11T23:07:03.295832,20.9,58.9,0,0,none,none
2025-12-11T23:07:05.550334,20.9,58.9,0,0,none,none
2025-12-11T23:07:07.804942,20.9,58.9,0,0,none,none
2025-12-11T23:07:10.059288,20.9,58.9,0,0,none,none
2025-12-11T23:07:12.313437,20.9,58.9,0,0,none,none
2025-12-11T23:07:14.567456,20.9,58.9,1,0,none,none
2025-12-11T23:07:16.821984,20.9,58.9,0,0,none,none
2025-12-11T23:07:19.076669,20.9,58.9,0,0,none,none
2025-12-11T23:07:21.330661,20.9,58.9,0,0,none,none
2025-12-11T23:07:23.585397,21.0,59.0,0,0,none,none
2025-12-11T23:07:25.840296,20.9,58.9,0,0,none,none
2025-12-11T23:07:28.094551,20.9,58.9,0,0,none,none
2025-12-11T23:07:30.348960,20.9,58.9,0,0,none,none
2025-12-11T23:07:32.603494,20.9,58.9,0,0,none,none
2025-12-11T23:07:34.858173,20.9,58.9,0,0,none,none
2025-12-11T23:07:37.112466,20.9,58.9,0,0,none,none
2025-12-11T23:07:39.366894,20.9,58.9,0,0,none,none
2025-12-11T23:07:41.620904,20.9,58.9,0,0,none,none
2025-12-11T23:07:43.875742,20.9,59.0,0,0,none,none
2025-12-11T23:07:46.130346,20.9,58.9,0,0,none,none
2025-12-11T23:07:48.384718,20.9,58.9,0,0,none,none
2025-12-11T23:07:50.639389,20.9,58.9,0,0,none,none
2025-12-11T23:07:52.893576,20.9,58.9,0,0,none,none
2025-12-11T23:07:55.148253,20.9,58.9,0,0,none,none
2025-12-11T23:07:57.402769,20.9,58.9,0,0,none,none
2025-12-11T23:07:59.657283,20.9,58.9,0,0,none,none
2025-12-11T23:08:01.911956,20.9,58.9,0,0,none,none
2025-12-11T23:08:04.166697,20.9,58.9,0,0,none,none
2025-12-11T23:08:06.421356,20.9,58.9,0,0,none,none
2025-12-11T23:08:08.675461,20.9,58.9,0,0,none,none
2025-12-11T23:08:10.930336,20.9,58.9,0,0,none,none
2025-12-11T23:08:13.184891,20.9,58.9,0,0,none,none
2025-12-11T23:08:15.439481,20.9,58.9,0,0,none,none
2025-12-11T23:08:17.694252,20.9,58.9,0,0,none,none
2025-12-11T23:08:19.948878,21.0,59.0,0,0,none,none
2025-12-11T23:08:22.203165,21.0,59.0,0,0,none,none
2025-12-11T23:08:24.457537,20.9,58.9,0,0,none,none
2025-12-11T23:08:26.712238,20.9,58.9,0,0,none,none
2025-12-11T23:08:28.966745,20.9,58.9,0,0,none,none
2025-12-11T23:08:31.221545,20.9,58.9,0,0,none,none
2025-12-11T23:08:33.476258,20.9,58.9,0,0,none,none
2025-12-11T23:08:35.730885,20.9,58.9,0,0,none,none
2025-12-11T23:08:37.985747,20.9,58.9,1,0,none,none
2025-12-11T23:08:40.240455,21.0,59.0,0,0,none,none
2025-12-11T23:08:42.495056,20.9,58.9,0,0,none,none
2025-12-11T23:08:44.749644,21.0,59.0,0,0,none,none
2025-12-11T23:08:47.005484,20.9,58.9,0,0,none,none
2025-12-11T23:08:49.260038,20.9,58.9,0,0,none,none
2025-12-11T23:08:51.514740,20.9,58.9,0,0,none,none
2025-12-11T23:08:53.769255,21.0,59.0,0,0,none,none
2025-12-11T23:08:56.023704,20.9,58.9,0,0,none,none
2025-12-11T23:08:58.278433,21.0,59.0,0,0,none,none
2025-12-11T23:09:00.534987,21.0,59.0,0,0,none,none
2025-12-11T23:09:02.789565,20.9,58.9,0,0,none,none
2025-12-11T23:09:05.043822,20.9,58.9,0,0,none,none
2025-12-11T23:09:07.298476,20.9,58.9,0,0,none,none
2025-12-11T23:09:09.553078,20.9,58.9,0,0,none,none
2025-12-11T23:09:11.807380,20.9,58.9,0,0,none,none
2025-12-11T23:09:14.062022,21.0,59.0,0,0,none,none
2025-12-11T23:09:16.316613,20.9,58.9,0,0,none,none
2025-12-11T23:09:18.571305,21.0,59.0,0,0,none,none
2025-12-11T23:09:20.825929,21.0,59.0,0,0,none,none
2025-12-11T23:09:23.080463,20.9,58.9,0,0,none,none
2025-12-11T23:09:25.334738,20.9,58.9,0,0,none,none
2025-12-11T23:09:27.589021,20.9,58.9,0,0,none,none
2025-12-11T23:09:29.843569,20.9,58.9,0,0,none,none
2025-12-11T23:09:32.097756,20.9,58.9,0,0,none,none
2025-12-11T23:09:34.354107,20.9,58.9,0,0,none,none
2025-12-11T23:09:36.608812,20.9,58.9,0,0,none,none
2025-12-11T23:09:38.863620,20.9,58.9,0,0,none,none
2025-12-11T23:09:41.118162,20.9,58.9,0,0,none,none
2025-12-11T23:09:43.372156,20.9,58.9,0,0,none,none
2025-12-11T23:09:45.626580,20.9,58.9,0,0,none,none
2025-12-11T23:09:47.880758,20.9,58.9,0,0,none,none
2025-12-11T23:09:50.135244,21.0,58.9,0,0,none,none
2025-12-11T23:09:52.389834,20.9,58.9,0,0,none,none
2025-12-11T23:09:54.644528,20.9,58.9,0,0,none,none
2025-12-11T23:09:56.898933,20.9,58.9,0,0,none,none
2025-12-11T23:09:59.153033,20.9,58.9,1,0,none,none
2025-12-11T23:10:01.407498,21.0,58.9,0,0,none,none
2025-12-11T23:10:03.661936,21.0,58.9,0,0,none,none
2025-12-11T23:10:05.916257,21.0,58.9,0,0,none,none
2025-12-11T23:10:08.170508,20.9,58.9,0,0,none,none
2025-12-11T23:10:10.424511,21.0,58.9,0,0,none,none
2025-12-11T23:10:12.678756,20.9,58.8,0,0,none,none
2025-12-11T23:10:14.933081,20.9,58.9,0,0,none,none
2025-12-11T23:10:17.187623,20.9,58.9,0,0,none,none
2025-12-11T23:10:19.442153,20.9,58.8,0,0,none,none
2025-12-11T23:10:21.696886,20.9,58.9,0,0,none,none
2025-12-11T23:10:23.951399,20.9,58.9,0,0,none,none
2025-12-11T23:10:26.206126,21.0,58.9,0,0,none,none
2025-12-11T23:10:28.460259,20.9,58.8,0,0,none,none
2025-12-11T23:10:30.714462,20.9,58.8,0,0,none,none
2025-12-11T23:10:32.969063,20.9,58.9,0,0,none,none
2025-12-11T23:10:35.225363,20.9,58.8,0,0,none,none
2025-12-11T23:10:37.479745,20.9,58.8,0,0,none,none
2025-12-11T23:10:39.734419,20.9,58.8,1,0,none,none
2025-12-11T23:10:41.989062,21.0,58.9,0,0,none,none
2025-12-11T23:10:44.243034,20.9,58.8,0,0,none,none
2025-12-11T23:10:46.497232,20.9,58.9,0,0,none,none
2025-12-11T23:10:48.751779,21.0,58.9,0,0,none,none
2025-12-11T23:10:51.006364,20.9,58.8,0,0,none,none
2025-12-11T23:10:53.260582,21.0,58.9,0,0,none,none
2025-12-11T23:10:55.514911,20.9,58.9,0,0,none,none
2025-12-11T23:10:57.769362,20.9,58.8,0,0,none,none
2025-12-11T23:11:00.023623,21.0,58.9,0,0,none,none
2025-12-11T23:11:02.278021,20.9,58.8,0,0,none,none
2025-12-11T23:11:04.531978,21.0,58.9,0,0,none,none
2025-12-11T23:11:06.786609,20.9,58.8,0,0,none,none
2025-12-11T23:11:09.041267,20.9,58.9,0,0,none,none
2025-12-11T23:11:11.295180,20.9,58.8,0,0,none,none
2025-12-11T23:11:13.549472,20.9,58.8,0,0,none,none
2025-12-11T23:11:15.804205,21.0,58.9,0,0,none,none
2025-12-11T23:11:18.058565,20.9,58.8,0,0,none,none
2025-12-11T23:11:20.313263,20.9,58.8,0,0,none,none
2025-12-11T23:11:22.567722,21.0,58.9,0,0,none,none
2025-12-11T23:11:24.822013,20.9,58.8,0,0,none,none
2025-12-11T23:11:27.076626,21.0,58.9,0,0,none,none
2025-12-11T23:11:29.331084,20.9,58.8,0,0,none,none
2025-12-11T23:11:31.585227,20.9,58.8,0,0,none,none
2025-12-11T23:11:33.839562,20.9,58.8,0,0,none,none
2025-12-11T23:11:36.093950,20.9,58.8,0,0,none,none
2025-12-11T23:11:38.347899,21.0,58.9,0,0,none,none
2025-12-11T23:11:40.602124,20.9,58.8,0,0,none,none
2025-12-11T23:11:42.856562,20.9,58.9,0,0,none,none
2025-12-11T23:11:45.110883,21.0,58.9,0,0,none,none
2025-12-11T23:11:47.365093,20.9,58.9,0,0,none,none
2025-12-11T23:11:49.619718,20.9,58.9,0,0,none,none
2025-12-11T23:11:51.874370,20.9,58.9,0,0,none,none
2025-12-11T23:11:54.128800,21.0,58.9,0,0,none,none
2025-12-11T23:11:56.383256,20.9,58.9,0,0,none,none
2025-12-11T23:11:58.637400,21.0,58.9,0,0,none,none
2025-12-11T23:12:00.891777,20.9,58.9,0,0,none,none
2025-12-11T23:12:03.146479,21.0,58.9,0,0,none,none
2025-12-11T23:12:05.400558,21.0,58.9,0,0,none,none
2025-12-11T23:12:07.655072,21.0,58.9,0,0,none,none
2025-12-11T23:12:09.909804,20.9,58.9,0,0,none,none
2025-12-11T23:12:12.163878,20.9,58.9,0,0,none,none
2025-12-11T23:12:14.418236,21.0,58.9,0,0,none,none
2025-12-11T23:12:16.672863,20.9,58.9,0,0,none,none
2025-12-11T23:12:18.927056,21.0,58.9,0,0,none,none
2025-12-11T23:12:21.181271,20.9,58.9,0,0,none,none
2025-12-11T23:12:23.435887,21.0,59.0,0,0,none,none
2025-12-11T23:12:25.690502,21.0,58.9,0,0,none,none
2025-12-11T23:12:27.944869,21.0,58.9,0,0,none,none
2025-12-11T23:12:30.199392,21.0,58.9,0,0,none,none
2025-12-11T23:12:32.453617,20.9,58.9,0,0,none,none
2025-12-11T23:12:34.708370,21.0,58.9,0,0,none,none
2025-12-11T23:12:36.963134,20.9,58.9,0,0,none,none
2025-12-11T23:12:39.217282,21.0,58.9,0,0,none,none
2025-12-11T23:12:41.472075,20.9,58.9,0,0,none,none
2025-12-11T23:12:43.726539,21.0,58.9,0,0,none,none
2025-12-11T23:12:45.981126,21.0,58.9,0,0,none,none
2025-12-11T23:12:48.235843,20.9,58.9,0,0,none,none
2025-12-11T23:12:50.490471,21.0,58.9,0,0,none,none
2025-12-11T23:12:52.744984,21.0,58.9,0,0,none,none
2025-12-11T23:12:54.999874,20.9,58.9,0,0,none,none
2025-12-11T23:12:57.254204,21.0,58.9,1,0,none,none
2025-12-11T23:12:59.508855,20.9,58.8,0,0,none,none
2025-12-11T23:13:01.764374,21.0,58.9,0,0,none,none
2025-12-11T23:13:04.054985,20.9,58.9,0,0,none,none
2025-12-11T23:13:06.309313,20.9,58.9,0,0,none,none
2025-12-11T23:13:08.563988,21.0,58.9,0,0,none,none
2025-12-11T23:13:10.818554,20.9,58.9,0,0,none,none
2025-12-11T23:13:13.072604,21.0,59.0,0,0,none,none
2025-12-11T23:13:15.327355,20.9,58.9,0,0,none,none
2025-12-11T23:13:17.581659,20.9,58.9,0,0,none,none
2025-12-11T23:13:19.835701,20.9,58.9,0,0,none,none
2025-12-11T23:13:22.090054,21.0,58.9,0,0,none,none
2025-12-11T23:13:24.346322,20.9,58.9,0,0,none,none
2025-12-11T23:13:26.600804,21.0,58.9,0,0,none,none
2025-12-11T23:13:28.855548,21.0,59.0,0,0,none,none
2025-12-11T23:13:31.112152,21.0,58.9,0,0,none,none
2025-12-11T23:13:33.366473,21.0,58.9,0,0,none,none
2025-12-11T23:13:35.621107,20.9,58.9,0,0,none,none
2025-12-11T23:13:37.875996,20.9,58.9,0,0,none,none
2025-12-11T23:13:40.130271,21.0,58.9,0,0,none,none
2025-12-11T23:13:42.384603,20.9,58.9,0,0,none,none
2025-12-11T23:13:44.639116,20.9,58.9,0,0,none,none
2025-12-11T23:13:46.893746,21.0,58.9,0,0,none,none
2025-12-11T23:13:49.148534,21.0,59.0,0,0,none,none
2025-12-11T23:13:51.403124,21.0,58.9,0,0,none,none
2025-12-11T23:13:53.657442,20.9,58.9,0,0,none,none
2025-12-11T23:13:55.911872,21.0,59.0,0,0,none,none
2025-12-11T23:13:58.168436,21.0,58.9,0,0,none,none
2025-12-11T23:14:00.422867,20.9,58.9,0,0,none,none
2025-12-11T23:14:02.677296,21.0,58.9,0,0,none,none
2025-12-11T23:14:04.931996,20.9,58.9,0,0,none,none
2025-12-11T23:14:07.186255,20.9,58.8,0,0,none,none
2025-12-11T23:14:09.440857,20.9,58.8,0,0,none,none
2025-12-11T23:14:11.695391,20.9,58.9,0,0,none,none
2025-12-11T23:14:13.949770,21.0,58.9,0,0,none,none
2025-12-11T23:14:16.214695,21.0,58.9,1,0,none,none
2025-12-11T23:14:18.469263,21.0,58.9,0,0,none,none
2025-12-11T23:14:20.723770,21.0,58.9,0,0,none,none
2025-12-11T23:14:22.978579,21.0,58.9,0,0,none,none
2025-12-11T23:14:25.232609,20.9,58.9,0,0,none,none
2025-12-11T23:14:27.486652,21.0,58.9,0,0,none,none
2025-12-11T23:14:29.740863,21.0,58.9,0,0,none,none
2025-12-11T23:14:31.995428,21.0,58.9,0,0,none,none
2025-12-11T23:14:34.249498,20.9,58.9,0,0,none,none
2025-12-11T23:14:36.504265,21.0,58.9,0,0,none,none
2025-12-11T23:14:38.758683,21.0,58.9,0,0,none,none
2025-12-11T23:14:41.012841,21.0,58.9,0,0,none,none
2025-12-11T23:14:43.267303,21.0,58.9,1,0,none,none
2025-12-11T23:14:45.521931,21.0,58.9,0,0,none,none
2025-12-11T23:14:47.776542,21.0,58.9,0,0,none,none
2025-12-11T23:14:50.030921,20.9,58.9,0,0,none,none
2025-12-11T23:14:52.284958,21.0,58.9,0,0,none,none
2025-12-11T23:14:54.539545,21.0,58.9,0,0,none,none
2025-12-11T23:14:56.794347,21.0,58.9,0,0,none,none
2025-12-11T23:14:59.048756,21.0,58.9,0,0,none,none
2025-12-11T23:15:01.303358,21.0,58.9,0,0,none,none
2025-12-11T23:15:03.558047,20.9,58.9,0,0,none,none
2025-12-11T23:15:05.812852,20.9,58.9,0,0,none,none
2025-12-11T23:15:08.067346,20.9,58.9,1,0,none,none
2025-12-11T23:15:10.322117,21.0,58.9,0,0,none,none
2025-12-11T23:15:12.576788,20.9,58.9,0,0,none,none
2025-12-11T23:15:14.830859,20.9,58.9,0,0,none,none
2025-12-11T23:15:17.085635,21.0,58.9,0,0,none,none
2025-12-11T23:15:19.340258,21.0,58.9,0,0,none,none
2025-12-11T23:15:21.594580,20.9,58.9,0,0,none,none
2025-12-11T23:15:23.849079,21.0,58.9,0,0,none,none
2025-12-11T23:15:26.103734,21.0,58.9,0,0,none,none
2025-12-11T23:15:28.358157,21.0,58.9,0,0,none,none
2025-12-11T23:15:30.612945,21.0,58.9,0,0,none,none
2025-12-11T23:15:32.867516,21.0,58.9,0,0,none,none
2025-12-11T23:15:35.121850,20.9,58.9,0,0,none,none
2025-12-11T23:15:37.376697,21.0,58.9,0,0,none,none
2025-12-11T23:15:39.631285,21.0,58.9,0,0,none,none
2025-12-11T23:15:41.885562,21.0,58.9,0,0,none,none
2025-12-11T23:15:44.139770,20.9,58.9,0,0,none,none
2025-12-11T23:15:46.393947,21.0,58.9,0,0,none,none
2025-12-11T23:15:48.648010,21.0,59.0,0,0,none,none
2025-12-11T23:15:50.902593,20.9,58.9,0,0,none,none
2025-12-11T23:15:53.156800,21.0,58.9,0,0,none,none
2025-12-11T23:15:55.411176,21.0,58.9,0,0,none,none
2025-12-11T23:15:57.665879,20.9,58.9,0,0,none,none
2025-12-11T23:15:59.920606,21.0,58.9,0,0,none,none
2025-12-11T23:16:02.174543,20.9,58.8,0,0,none,none
2025-12-11T23:16:04.428800,20.9,58.8,0,0,none,none
2025-12-11T23:16:06.683367,21.0,58.9,0,0,none,none
2025-12-11T23:16:08.937513,20.9,58.8,0,0,none,none
2025-12-11T23:16:11.191721,20.9,58.9,0,0,none,none
2025-12-11T23:16:13.446191,21.0,58.9,0,0,none,none
2025-12-11T23:16:15.700687,21.0,58.9,0,0,none,none
2025-12-11T23:16:17.955076,21.0,58.9,0,0,none,none
2025-12-11T23:16:20.209510,20.9,58.9,0,0,none,none
2025-12-11T23:16:22.463819,21.0,58.9,0,0,none,none
2025-12-11T23:16:24.718370,21.0,58.9,0,0,none,none
2025-12-11T23:16:26.973020,20.9,58.9,0,0,none,none
2025-12-11T23:16:29.227671,21.0,58.9,0,0,none,none
2025-12-11T23:16:31.482440,21.0,58.9,0,0,none,none
2025-12-11T23:16:33.737085,21.0,58.9,0,0,none,none
2025-12-11T23:16:35.991392,21.0,58.9,0,0,none,none
2025-12-11T23:16:38.245818,21.0,58.9,0,0,none,none
2025-12-11T23:16:40.502273,21.0,58.9,1,0,none,none
2025-12-11T23:16:42.756894,21.0,58.9,0,0,none,none
2025-12-11T23:16:45.011798,21.0,58.9,0,0,none,none
2025-12-11T23:16:47.266275,21.0,58.9,0,0,none,none
2025-12-11T23:16:49.520260,20.9,58.8,0,0,none,none
2025-12-11T23:16:51.775018,21.0,58.9,0,0,none,none
2025-12-11T23:16:54.029689,21.0,58.9,0,0,none,none
2025-12-11T23:16:56.284332,21.0,58.9,0,0,none,none
2025-12-11T23:16:58.539071,21.0,58.9,0,0,none,none
2025-12-11T23:17:00.793305,21.0,58.9,0,0,none,none
2025-12-11T23:17:03.047768,21.0,58.9,0,0,none,none
2025-12-11T23:17:05.302159,21.0,58.9,0,0,none,none
2025-12-11T23:17:07.558980,21.0,58.9,0,0,none,none
2025-12-11T23:17:09.813780,21.0,58.9,0,0,none,none
2025-12-11T23:17:12.068715,21.0,58.9,0,0,none,none
2025-12-11T23:17:14.324187,20.9,58.8,0,0,none,none
2025-12-11T23:17:16.578776,21.0,58.9,0,0,none,none
2025-12-11T23:17:18.833055,21.0,58.9,0,0,none,none
2025-12-11T23:17:21.087619,21.0,58.9,0,0,none,none
2025-12-11T23:17:23.342209,21.0,58.9,0,0,none,none
2025-12-11T23:17:25.596680,20.9,58.8,0,0,none,none
2025-12-11T23:17:27.851383,20.9,58.8,0,0,none,none
2025-12-11T23:17:30.105686,21.0,58.9,0,0,none,none
2025-12-11T23:17:32.359986,21.0,58.9,0,0,none,none
2025-12-11T23:17:34.614648,21.0,58.9,0,0,none,none
2025-12-11T23:17:36.869334,21.0,58.9,0,0,none,none
2025-12-11T23:17:39.124099,20.9,58.9,0,0,none,none
2025-12-11T23:17:41.378208,21.0,58.9,0,0,none,none
2025-12-11T23:17:43.632867,20.9,58.9,0,0,none,none
2025-12-11T23:17:45.887599,20.9,58.9,0,0,none,none
2025-12-11T23:17:48.142236,21.0,58.9,0,0,none,none
2025-12-11T23:17:50.396646,21.0,58.9,0,0,none,none
2025-12-11T23:17:52.651274,21.0,58.9,0,0,none,none
2025-12-11T23:17:54.906030,20.9,58.9,0,0,none,none
2025-12-11T23:17:57.160722,20.9,58.9,0,0,none,none
2025-12-11T23:17:59.414954,20.9,58.9,0,0,none,none
2025-12-11T23:18:01.669470,21.0,58.9,0,0,none,none
2025-12-11T23:18:03.923750,20.9,58.9,0,0,none,none
2025-12-11T23:18:06.178281,21.0,58.9,0,0,none,none
2025-12-11T23:18:08.432490,21.0,58.9,1,0,none,none
2025-12-11T23:18:10.686972,20.9,58.8,0,0,none,none
2025-12-11T23:18:12.941783,21.0,58.8,0,0,none,none
2025-12-11T23:18:15.196388,21.0,58.9,0,0,none,none
2025-12-11T23:18:17.451008,20.9,58.8,0,0,none,none
2025-12-11T23:18:19.705361,21.0,58.9,0,0,none,none
2025-12-11T23:18:21.960052,21.0,58.9,0,0,none,none
2025-12-11T23:18:24.214510,21.0,58.8,0,0,none,none
2025-12-11T23:18:26.469205,21.0,58.9,1,0,none,none
2025-12-11T23:18:28.723893,21.0,58.8,0,0,none,none
2025-12-11T23:18:30.978499,21.0,58.8,0,0,none,none
2025-12-11T23:18:33.232806,20.9,58.8,0,0,none,none
2025-12-11T23:18:35.487294,21.0,58.9,0,0,none,none
2025-12-11T23:18:37.741476,20.9,58.8,0,0,none,none
2025-12-11T23:18:39.996291,20.9,58.8,0,0,none,none
2025-12-11T23:18:42.250886,20.9,58.8,0,0,none,none
2025-12-11T23:18:44.505495,20.9,58.8,0,0,none,none
2025-12-11T23:18:46.759821,20.9,58.8,0,0,none,none
2025-12-11T23:18:49.014267,21.0,58.9,0,0,none,none
2025-12-11T23:18:51.268461,21.0,58.8,0,0,none,none
2025-12-11T23:18:53.522676,21.0,58.9,0,0,none,none
2025-12-11T23:18:55.777299,20.9,58.8,0,0,none,none
2025-12-11T23:18:58.031707,20.9,58.8,0,0,none,none
2025-12-11T23:19:00.286274,20.9,58.8,0,0,none,none
2025-12-11T23:19:02.540796,21.0,58.8,0,0,none,none
2025-12-11T23:19:04.795409,20.9,58.8,0,0,none,none
2025-12-11T23:19:07.050166,21.0,58.8,0,0,none,none
2025-12-11T23:19:09.304475,21.0,58.8,0,0,none,none
2025-12-11T23:19:11.559001,21.0,58.8,0,0,none,none
2025-12-11T23:19:13.813473,20.9,58.8,0,0,none,none
2025-12-11T23:19:16.068076,20.9,58.8,0,0,none,none
2025-12-11T23:19:18.322594,21.0,58.8,0,0,none,none
2025-12-11T23:19:20.576905,20.9,58.8,0,0,none,none
2025-12-11T23:19:22.831025,20.9,58.8,0,0,none,none
2025-12-11T23:19:25.085036,21.0,58.8,0,0,none,none
2025-12-11T23:19:27.339845,21.0,58.9,0,0,none,none
2025-12-11T23:19:29.594145,21.0,58.8,0,0,none,none
2025-12-11T23:19:31.848823,21.0,58.8,0,0,none,none
2025-12-11T23:19:34.102999,20.9,58.8,0,0,none,none
2025-12-11T23:19:36.357034,21.0,58.8,0,0,none,none
2025-12-11T23:19:38.610986,20.9,58.8,0,0,none,none
2025-12-11T23:19:40.865386,20.9,58.8,0,0,none,none
2025-12-11T23:19:43.119918,21.0,58.8,0,0,none,none
2025-12-11T23:19:45.374256,21.0,58.8,0,0,none,none
2025-12-11T23:19:47.628650,20.9,58.8,0,0,none,none
2025-12-11T23:19:49.883193,21.0,58.8,0,0,none,none
2025-12-11T23:19:52.137466,21.0,58.8,0,0,none,none
2025-12-11T23:19:54.392133,21.0,58.8,0,0,none,none
2025-12-11T23:19:56.646541,20.9,58.8,0,0,none,none
2025-12-11T23:19:58.900845,21.0,58.8,0,0,none,none
2025-12-11T23:20:01.155506,21.0,58.8,0,0,none,none
2025-12-11T23:20:03.409931,20.9,58.8,0,0,none,none
2025-12-11T23:20:05.664565,21.0,58.8,0,0,none,none
2025-12-11T23:20:07.919248,20.9,58.8,1,0,none,none
2025-12-11T23:20:10.173431,20.9,58.8,0,0,none,none
2025-12-11T23:20:12.427381,21.0,58.9,0,0,none,none
2025-12-11T23:20:14.681513,21.0,58.8,0,0,none,none
2025-12-11T23:20:16.936125,21.0,58.8,0,0,none,none
2025-12-11T23:20:19.190422,20.9,58.8,0,0,none,none
2025-12-11T23:20:21.444704,21.0,58.8,0,0,none,none
2025-12-11T23:20:23.699086,21.0,58.8,0,0,none,none
2025-12-11T23:20:25.953300,21.0,58.8,0,0,none,none
2025-12-11T23:20:28.208018,21.0,58.8,0,0,none,none
2025-12-11T23:20:30.462215,20.9,58.8,0,0,none,none
2025-12-11T23:20:32.716183,21.0,58.8,0,0,none,none
2025-12-11T23:20:34.970532,21.0,58.8,0,0,none,none
2025-12-11T23:20:37.224562,20.9,58.8,0,0,none,none
2025-12-11T23:20:39.479051,21.0,58.8,0,0,none,none
2025-12-11T23:20:41.733302,21.0,58.8,0,0,none,none
2025-12-11T23:20:43.987445,21.0,58.8,0,0,none,none
2025-12-11T23:20:46.241406,21.0,58.8,0,0,none,none
2025-12-11T23:20:48.495975,21.0,58.8,0,0,none,none
2025-12-11T23:20:50.749956,21.0,58.8,0,0,none,none
2025-12-11T23:20:53.003985,20.9,58.8,0,0,none,none
2025-12-11T23:20:55.258287,21.0,58.9,0,0,none,none
2025-12-11T23:20:57.514699,21.0,58.8,0,0,none,none
2025-12-11T23:20:59.769102,20.9,58.8,0,0,none,none
2025-12-11T23:21:02.023457,21.0,58.8,0,0,none,none
2025-12-11T23:21:04.277877,21.0,58.8,0,0,none,none
2025-12-11T23:21:06.532353,20.9,58.8,0,0,none,none
2025-12-11T23:21:08.786965,21.0,58.8,0,0,none,none
2025-12-11T23:21:11.041080,20.9,58.8,0,0,none,none
2025-12-11T23:21:13.295031,20.9,58.7,0,0,none,none
2025-12-11T23:21:15.549202,21.0,58.8,0,0,none,none
2025-12-11T23:21:17.803686,20.9,58.7,0,0,none,none
2025-12-11T23:21:20.079002,21.0,58.8,0,0,none,none
2025-12-11T23:21:22.333824,20.9,58.7,0,0,none,none
2025-12-11T23:21:24.588543,21.0,58.8,0,0,none,none
2025-12-11T23:21:26.843058,21.0,58.8,0,0,none,none
2025-12-11T23:21:29.097448,21.0,58.8,0,0,none,none
2025-12-11T23:21:31.352055,20.9,58.8,0,0,none,none
2025-12-11T23:21:33.606296,20.9,58.7,0,0,none,none
2025-12-11T23:21:35.861001,,,0,0,none,none
2025-12-11T23:21:38.115551,21.0,58.8,0,0,none,none
2025-12-11T23:21:40.369960,21.0,58.8,1,0,none,none
2025-12-11T23:21:42.624800,21.0,58.8,0,0,none,none
2025-12-11T23:21:44.879567,20.9,58.8,0,0,none,none
2025-12-11T23:21:47.133611,20.9,58.8,0,0,none,none
2025-12-11T23:21:49.388352,21.0,58.8,0,0,none,none
2025-12-11T23:21:51.642928,20.9,58.8,0,0,none,none
2025-12-11T23:21:53.897306,20.9,58.8,0,0,none,none
2025-12-11T23:21:56.151675,21.0,58.8,0,0,none,none
2025-12-11T23:21:58.406065,20.9,58.8,0,0,none,none
2025-12-11T23:22:00.660770,21.0,58.8,0,0,none,none
2025-12-11T23:22:02.915656,21.0,58.8,0,0,none,none
2025-12-11T23:22:05.169885,20.9,58.7,0,0,none,none
2025-12-11T23:22:07.424464,21.0,58.8,0,0,none,none
2025-12-11T23:22:09.678658,21.0,58.8,0,0,none,none
2025-12-11T23:22:11.933082,21.0,58.8,0,0,none,none
2025-12-11T23:22:14.187106,20.9,58.7,0,0,none,none
2025-12-11T23:22:16.441432,20.9,58.8,0,0,none,none
2025-12-11T23:22:18.696073,20.9,58.7,0,0,none,none
2025-12-11T23:22:20.950708,20.9,58.7,0,0,none,none
2025-12-11T23:22:23.205185,20.9,58.8,0,0,none,none
2025-12-11T23:22:25.459846,21.0,58.8,0,0,none,none
2025-12-11T23:22:27.714268,20.9,58.8,0,0,none,none
2025-12-11T23:22:29.969212,21.0,58.8,0,0,none,none
2025-12-11T23:22:32.223390,20.9,58.8,0,0,none,none
2025-12-11T23:22:34.477601,21.0,58.8,0,0,none,none
2025-12-11T23:22:36.732461,20.9,58.7,0,0,none,none
2025-12-11T23:22:38.986682,20.9,58.7,0,0,none,none
2025-12-11T23:22:41.240878,20.9,58.7,0,0,none,none
2025-12-11T23:22:43.495673,21.0,58.8,0,0,none,none
2025-12-11T23:22:45.750150,20.9,58.7,0,0,none,none
2025-12-11T23:22:48.004774,21.0,58.8,0,0,none,none
2025-12-11T23:22:50.259524,20.9,58.7,0,0,none,none
2025-12-11T23:22:52.513892,21.0,58.8,0,0,none,none
2025-12-11T23:22:54.768637,21.0,58.8,0,0,none,none
2025-12-11T23:22:57.023423,21.0,58.8,0,0,none,none
2025-12-11T23:22:59.278061,20.9,58.7,0,0,none,none
2025-12-11T23:23:01.532651,20.9,58.7,0,0,none,none
2025-12-11T23:23:03.787533,21.0,58.8,0,0,none,none
2025-12-11T23:23:06.042097,21.0,58.7,0,0,none,none
2025-12-11T23:23:08.296644,21.0,58.8,0,0,none,none
2025-12-11T23:23:10.551458,21.0,58.8,0,0,none,none
2025-12-11T23:23:12.806156,20.9,58.7,0,0,none,none
2025-12-11T23:23:15.060810,21.0,58.7,0,0,none,none
2025-12-11T23:23:17.315491,21.0,58.7,0,0,none,none
2025-12-11T23:23:19.570181,20.9,58.7,0,0,none,none
2025-12-11T23:23:21.824907,20.9,58.7,0,0,none,none
2025-12-11T23:23:24.079718,21.0,58.8,0,0,none,none
2025-12-11T23:23:26.334418,21.0,58.7,0,0,none,none
2025-12-11T23:23:28.588944,20.9,58.7,0,0,none,none
2025-12-11T23:23:30.843631,21.0,58.7,0,0,none,none
2025-12-11T23:23:33.099745,20.9,58.7,0,0,none,none
2025-12-11T23:23:35.354096,21.0,58.8,0,0,none,none
2025-12-11T23:23:37.608977,20.9,58.7,0,0,none,none
2025-12-11T23:23:39.863664,20.9,58.6,0,0,none,none
2025-12-11T23:23:42.118240,20.9,58.7,0,0,none,none
2025-12-11T23:23:44.372561,21.0,58.8,0,0,none,none
2025-12-11T23:23:46.627140,21.0,58.7,0,0,none,none
2025-12-11T23:23:48.881849,20.9,58.7,0,0,none,none
2025-12-11T23:23:51.136730,21.0,58.7,0,0,none,none
2025-12-11T23:23:53.391237,20.9,58.7,0,0,none,none
2025-12-11T23:23:55.645836,21.0,58.7,0,0,none,none
2025-12-11T23:23:57.900811,20.9,58.7,0,0,none,none
2025-12-11T23:24:00.155779,21.0,58.7,0,0,none,none
2025-12-11T23:24:02.410121,20.9,58.7,0,0,none,none
2025-12-11T23:24:04.664618,21.0,58.7,0,0,none,none
2025-12-11T23:24:06.919374,21.0,58.7,0,0,none,none
2025-12-11T23:24:09.173565,21.0,58.7,0,0,none,none
2025-12-11T23:24:11.427948,21.0,58.7,0,0,none,none
2025-12-11T23:24:13.682550,20.9,58.6,0,0,none,none
2025-12-11T23:24:15.937190,21.0,58.7,0,0,none,none
2025-12-11T23:24:18.192040,21.0,58.7,0,0,none,none
2025-12-11T23:24:20.446636,20.9,58.6,0,0,none,none
2025-12-11T23:24:22.701105,21.0,58.7,0,0,none,none
2025-12-11T23:24:24.956001,20.9,58.7,0,0,none,none
2025-12-11T23:24:27.210706,21.0,58.7,0,0,none,none
2025-12-11T23:24:29.464906,21.0,58.7,0,0,none,none
2025-12-11T23:24:31.719223,20.9,58.6,0,0,none,none
2025-12-11T23:24:33.973967,21.0,58.7,0,0,none,none
2025-12-11T23:24:36.228613,20.9,58.7,0,0,none,none
2025-12-11T23:24:38.483147,20.9,58.7,0,0,none,none
2025-12-11T23:24:40.737719,20.9,58.6,0,0,none,none
2025-12-11T23:24:42.992396,20.9,58.6,0,0,none,none
2025-12-11T23:24:45.246863,21.0,58.7,0,0,none,none
2025-12-11T23:24:47.501504,21.0,58.7,0,0,none,none
2025-12-11T23:24:49.756052,21.0,58.7,0,0,none,none
2025-12-11T23:24:52.010792,21.0,58.7,0,0,none,none
2025-12-11T23:24:54.265057,20.9,58.6,0,0,none,none
2025-12-11T23:24:56.519085,20.9,58.7,0,0,none,none
2025-12-11T23:24:58.773538,20.9,58.7,0,0,none,none
2025-12-11T23:25:01.028134,20.9,58.7,0,0,none,none
2025-12-11T23:25:03.282205,21.0,58.7,0,0,none,none
2025-12-11T23:25:05.536579,20.9,58.7,0,0,none,none
2025-12-11T23:25:07.791208,21.0,58.8,1,0,none,none
2025-12-11T23:25:10.045637,21.0,58.7,0,0,none,none
2025-12-11T23:25:12.300295,20.9,58.7,0,0,none,none
2025-12-11T23:25:14.554967,21.0,58.7,0,0,none,none
2025-12-11T23:25:16.809649,21.0,58.7,0,0,none,none
2025-12-11T23:25:19.063832,21.0,58.7,0,0,none,none
2025-12-11T23:25:21.317902,20.9,58.7,0,0,none,none
2025-12-11T23:25:23.571839,20.9,58.7,0,0,none,none
2025-12-11T23:25:25.826606,21.0,58.7,0,0,none,none
2025-12-11T23:25:28.081019,21.0,58.7,0,0,none,none
2025-12-11T23:25:30.335409,21.0,58.7,0,0,none,none
2025-12-11T23:25:32.590002,20.9,58.7,0,0,none,none
2025-12-11T23:25:34.844841,20.9,58.7,0,0,none,none
2025-12-11T23:25:37.098839,20.9,58.6,0,0,none,none
2025-12-11T23:25:39.353080,20.9,58.6,0,0,none,none
2025-12-11T23:25:41.607643,20.9,58.6,0,0,none,none
2025-12-11T23:25:43.862301,21.0,58.7,0,0,none,none
2025-12-11T23:25:46.116780,21.0,58.7,0,0,none,none
2025-12-11T23:25:48.371375,20.9,58.6,0,0,none,none
2025-12-11T23:25:50.625679,20.9,58.7,0,0,none,none
2025-12-11T23:25:52.880576,21.0,58.7,0,0,none,none
2025-12-11T23:25:55.135118,21.0,58.7,0,0,none,none
2025-12-11T23:25:57.389149,21.0,58.7,0,0,none,none
2025-12-11T23:25:59.643532,21.0,58.7,0,0,none,none
2025-12-11T23:26:01.898056,21.0,58.7,0,0,none,none
2025-12-11T23:26:04.152729,20.9,58.6,0,0,none,none
2025-12-11T23:26:06.407281,20.9,58.6,0,0,none,none
2025-12-11T23:26:08.661665,20.9,58.6,0,0,none,none
2025-12-11T23:26:10.915810,21.0,58.7,0,0,none,none
2025-12-11T23:26:13.170621,20.9,58.6,0,0,none,none
2025-12-11T23:26:15.425063,20.9,58.6,0,0,none,none
2025-12-11T23:26:17.679503,21.0,58.6,0,0,none,none
2025-12-11T23:26:19.934379,20.9,58.6,0,0,none,none
2025-12-11T23:26:22.188492,20.9,58.6,0,0,none,none
2025-12-11T23:26:24.442422,20.9,58.6,0,0,none,none
2025-12-11T23:26:26.696968,21.0,58.7,0,0,none,none
2025-12-11T23:26:28.951681,21.0,58.7,0,0,none,none
2025-12-11T23:26:31.206119,20.9,58.6,0,0,none,none
2025-12-11T23:26:33.460755,20.9,58.6,0,0,none,none
2025-12-11T23:26:35.715211,21.0,58.7,0,0,none,none
2025-12-11T23:26:37.969500,21.0,58.7,0,0,none,none
2025-12-11T23:26:40.224211,20.9,58.6,0,0,none,none
2025-12-11T23:26:42.478505,21.0,58.7,0,0,none,none
2025-12-11T23:26:44.732778,20.9,58.6,0,0,none,none
2025-12-11T23:26:46.987460,21.0,58.7,0,0,none,none
2025-12-11T23:26:49.241874,21.0,58.7,0,0,none,none
2025-12-11T23:26:51.495823,21.0,58.7,0,0,none,none
2025-12-11T23:26:53.750122,21.0,58.7,0,0,none,none
2025-12-11T23:26:56.004593,20.9,58.6,0,0,none,none
2025-12-11T23:26:58.258923,20.9,58.6,0,0,none,none
2025-12-11T23:27:00.513401,20.9,58.6,0,0,none,none
2025-12-11T23:27:02.768134,20.9,58.6,0,0,none,none
2025-12-11T23:27:05.022407,21.0,58.7,0,0,none,none
2025-12-11T23:27:07.277172,21.0,58.6,0,0,none,none
2025-12-11T23:27:09.531819,20.9,58.6,0,0,none,none
2025-12-11T23:27:11.785985,21.0,58.6,0,0,none,none
2025-12-11T23:27:14.040830,20.9,58.6,0,0,none,none
2025-12-11T23:27:16.295224,20.9,58.6,0,0,none,none
2025-12-11T23:27:18.549710,21.0,58.6,0,0,none,none
2025-12-11T23:27:20.804750,20.9,58.6,0,0,none,none
2025-12-11T23:27:23.058774,20.9,58.6,0,0,none,none
2025-12-11T23:27:25.312727,20.9,58.6,0,0,none,none
2025-12-11T23:27:27.567283,20.9,58.6,0,0,none,none
2025-12-11T23:27:29.821646,20.9,58.6,0,0,none,none
2025-12-11T23:27:32.076605,21.0,58.6,0,0,none,none
2025-12-11T23:27:34.331168,20.9,58.6,0,0,none,none
2025-12-11T23:27:36.585770,20.9,58.6,0,0,none,none
2025-12-11T23:27:38.839861,20.9,58.6,0,0,none,none
2025-12-11T23:27:41.094447,20.9,58.6,0,0,none,none
2025-12-11T23:27:43.348623,20.9,58.6,0,0,none,none
2025-12-11T23:27:45.602933,20.9,58.6,0,0,none,none
2025-12-11T23:27:47.857435,21.0,58.6,0,0,none,none
2025-12-11T23:27:50.112081,20.9,58.6,0,0,none,none
2025-12-11T23:27:52.366048,21.0,58.6,0,0,none,none
2025-12-11T23:27:54.620215,21.0,58.7,0,0,none,none
2025-12-11T23:27:56.874487,20.9,58.6,0,0,none,none
2025-12-11T23:27:59.128572,20.9,58.6,0,0,none,none
2025-12-11T23:28:01.382757,20.9,58.6,0,0,none,none
2025-12-11T23:28:03.637140,21.0,58.7,0,0,none,none
2025-12-11T23:28:05.891768,21.0,58.7,0,0,none,none
2025-12-11T23:28:08.146152,20.9,58.6,0,0,none,none
2025-12-11T23:28:10.400888,20.9,58.6,0,0,none,none
2025-12-11T23:28:12.655333,21.0,58.7,0,0,none,none
2025-12-11T23:28:14.909954,20.9,58.6,0,0,none,none
2025-12-11T23:28:17.164650,20.9,58.6,0,0,none,none
2025-12-11T23:28:19.419075,20.9,58.6,0,0,none,none
2025-12-11T23:28:21.673510,21.0,58.7,0,0,none,none
2025-12-11T23:28:23.928228,21.0,58.7,0,0,none,none
2025-12-11T23:28:26.182482,20.9,58.6,0,0,none,none
2025-12-11T23:28:28.436844,20.9,58.6,0,0,none,none
2025-12-11T23:28:30.691592,20.9,58.6,0,0,none,none
2025-12-11T23:28:32.946045,21.0,58.6,0,0,none,none
2025-12-11T23:28:35.200874,20.9,58.6,0,0,none,none
2025-12-11T23:28:37.455334,20.9,58.6,0,0,none,none
2025-12-11T23:28:39.709913,20.9,58.6,0,0,none,none
2025-12-11T23:28:41.964157,21.0,58.6,0,0,none,none
2025-12-11T23:28:44.220745,20.9,58.6,0,0,none,none
2025-12-11T23:28:46.475233,20.9,58.6,0,0,none,none
2025-12-11T23:28:48.729703,20.9,58.6,0,0,none,none
2025-12-11T23:28:50.984451,21.0,58.6,0,0,none,none
2025-12-11T23:28:53.238456,20.9,58.6,0,0,none,none
2025-12-11T23:28:55.492694,21.0,58.6,0,0,none,none
2025-12-11T23:28:57.747223,21.0,58.6,0,0,none,none
2025-12-11T23:29:00.001317,20.9,58.6,0,0,none,none
2025-12-11T23:29:02.255554,20.9,58.6,0,0,none,none
2025-12-11T23:29:04.509773,20.9,58.6,0,0,none,none
2025-12-11T23:29:06.763888,21.0,58.7,0,0,none,none
2025-12-11T23:29:09.018258,20.9,58.6,0,0,none,none
2025-12-11T23:29:11.272774,20.9,58.6,0,0,none,none
2025-12-11T23:29:13.526807,20.9,58.6,0,0,none,none
2025-12-11T23:29:15.781283,20.9,58.6,0,0,none,none
2025-12-11T23:29:18.035612,20.9,58.6,0,0,none,none
2025-12-11T23:29:20.289795,21.0,58.6,0,0,none,none
2025-12-11T23:29:22.544625,21.0,58.6,0,0,none,none
2025-12-11T23:29:24.799283,21.0,58.6,0,0,none,none
2025-12-11T23:29:27.053451,20.9,58.6,0,0,none,none
2025-12-11T23:29:29.307702,20.9,58.6,0,0,none,none
2025-12-11T23:29:31.562280,21.0,58.6,0,0,none,none
2025-12-11T23:29:33.816507,20.9,58.6,0,0,none,none
2025-12-11T23:29:36.071197,20.9,58.6,0,0,none,none
2025-12-11T23:29:38.327351,20.9,58.5,0,0,none,none
2025-12-11T23:29:40.581392,21.0,58.7,0,0,none,none
2025-12-11T23:29:42.835723,20.9,58.6,0,0,none,none
2025-12-11T23:29:45.090133,20.9,58.6,0,0,none,none
2025-12-11T23:29:47.344825,21.0,58.6,1,0,none,none
2025-12-11T23:29:49.599484,21.0,58.6,0,0,none,none
2025-12-11T23:29:51.854207,20.9,58.6,0,0,none,none
2025-12-11T23:29:54.108207,21.0,58.6,0,0,none,none
2025-12-11T23:29:56.362650,21.0,58.6,0,0,none,none
2025-12-11T23:29:58.618799,20.9,58.6,0,0,none,none
2025-12-11T23:30:00.872887,20.9,58.6,0,0,none,none
2025-12-11T23:30:03.127563,21.0,58.6,0,0,none,none
2025-12-11T23:30:05.381798,21.0,58.6,0,0,none,none
2025-12-11T23:30:07.636340,20.9,58.6,0,0,none,none
2025-12-11T23:30:09.890876,20.9,58.6,0,0,none,none
2025-12-11T23:30:12.145313,20.9,58.5,0,0,none,none
2025-12-11T23:30:14.399917,20.9,58.6,0,0,none,none
2025-12-11T23:30:16.654176,20.9,58.6,0,0,none,none
2025-12-11T23:30:18.908920,20.9,58.6,0,0,none,none
2025-12-11T23:30:21.163033,20.9,58.5,0,0,none,none
2025-12-11T23:30:23.417498,21.0,58.6,0,0,none,none
2025-12-11T23:30:25.672103,21.0,58.6,0,0,none,none
2025-12-11T23:30:27.926777,20.9,58.5,0,0,none,none
2025-12-11T23:30:30.181060,21.0,58.6,0,0,none,none
2025-12-11T23:30:32.435562,21.0,58.6,0,0,none,none
2025-12-11T23:30:34.689579,21.0,58.6,0,0,none,none
2025-12-11T23:30:36.944371,20.9,58.5,0,0,none,none
2025-12-11T23:30:39.198776,21.0,58.6,0,0,none,none
2025-12-11T23:30:41.453160,21.0,58.6,0,0,none,none
2025-12-11T23:30:43.707745,21.0,58.6,0,0,none,none
2025-12-11T23:30:45.962369,21.0,58.6,0,0,none,none
2025-12-11T23:30:48.216306,20.9,58.6,0,0,none,none
2025-12-11T23:30:50.471096,20.9,58.6,0,0,none,none
2025-12-11T23:30:52.725694,21.0,58.6,0,0,none,none
2025-12-11T23:30:54.980391,20.9,58.5,0,0,none,none
2025-12-11T23:30:57.235038,20.9,58.5,0,0,none,none
2025-12-11T23:30:59.489204,21.0,58.6,0,0,none,none
2025-12-11T23:31:01.743269,20.9,58.5,0,0,none,none
2025-12-11T23:31:03.998055,20.9,58.5,0,0,none,none
2025-12-11T23:31:06.252784,20.9,58.5,0,0,none,none
2025-12-11T23:31:08.507032,21.0,58.6,0,0,none,none
2025-12-11T23:31:10.763310,20.9,58.5,0,0,none,none
2025-12-11T23:31:13.017647,20.9,58.5,0,0,none,none
2025-12-11T23:31:15.271685,20.9,58.5,0,0,none,none
2025-12-11T23:31:17.526033,21.0,58.6,0,0,none,none
2025-12-11T23:31:19.782710,21.0,58.6,0,0,none,none
2025-12-11T23:31:22.078928,20.9,58.5,0,0,none,none
2025-12-11T23:31:24.333219,21.0,58.6,0,0,none,none
2025-12-11T23:31:26.587317,20.9,58.6,0,0,none,none
2025-12-11T23:31:28.841414,21.0,58.6,0,0,none,none
2025-12-11T23:31:31.096264,21.0,58.6,0,0,none,none
2025-12-11T23:31:33.350797,20.9,58.5,0,0,none,none
2025-12-11T23:31:35.604879,21.0,58.6,0,0,none,none
2025-12-11T23:31:37.859906,20.9,58.5,0,0,none,none
2025-12-11T23:31:40.115731,21.0,58.6,0,0,none,none
2025-12-11T23:31:42.369705,21.0,58.6,0,0,none,none
2025-12-11T23:31:44.623867,20.9,58.5,0,0,none,none
2025-12-11T23:31:46.878282,21.0,58.6,0,0,none,none
2025-12-11T23:31:49.132197,21.0,58.6,0,0,none,none
2025-12-11T23:31:51.386566,20.9,58.5,0,0,none,none
2025-12-11T23:31:53.641112,21.0,58.6,0,0,none,none
2025-12-11T23:31:55.895558,20.9,58.5,0,0,none,none
2025-12-11T23:31:58.149860,20.9,58.5,0,0,none,none
2025-12-11T23:32:00.404536,20.9,58.5,0,0,none,none
2025-12-11T23:32:02.659056,20.9,58.5,0,0,none,none
2025-12-11T23:32:04.913556,20.9,58.5,0,0,none,none
2025-12-11T23:32:07.168192,20.9,58.5,0,0,none,none
2025-12-11T23:32:09.422556,20.9,58.5,0,0,none,none
2025-12-11T23:32:11.677281,21.0,58.6,0,0,none,none
2025-12-11T23:32:13.931598,20.9,58.5,0,0,none,none
2025-12-11T23:32:16.185961,21.0,58.6,0,0,none,none
2025-12-11T23:32:18.440697,20.9,58.5,0,0,none,none
2025-12-11T23:32:20.694984,21.0,58.6,0,0,none,none
2025-12-11T23:32:22.949337,20.9,58.5,0,0,none,none
2025-12-11T23:32:25.203584,20.9,58.5,0,0,none,none
2025-12-11T23:32:27.457735,21.0,58.6,0,0,none,none
2025-12-11T23:32:29.712145,20.9,58.5,0,0,none,none
2025-12-11T23:32:31.966943,21.0,58.6,0,0,none,none
2025-12-11T23:32:34.221530,20.9,58.5,0,0,none,none
2025-12-11T23:32:36.476032,20.9,58.5,0,0,none,none
2025-12-11T23:32:38.730515,20.9,58.5,0,0,none,none
2025-12-11T23:32:40.984557,20.9,58.5,0,0,none,none
2025-12-11T23:32:43.238514,20.9,58.5,0,0,none,none
2025-12-11T23:32:45.492880,20.9,58.5,0,0,none,none
2025-12-11T23:32:47.747480,20.9,58.5,0,0,none,none
2025-12-11T23:32:50.001563,21.0,58.6,0,0,none,none
2025-12-11T23:32:52.256322,20.9,58.5,0,0,none,none
2025-12-11T23:32:54.510368,21.0,58.6,0,0,none,none
2025-12-11T23:32:56.764548,20.9,58.5,0,0,none,none
2025-12-11T23:32:59.018695,21.0,58.6,0,0,none,none
2025-12-11T23:33:01.272663,20.9,58.5,0,0,none,none
2025-12-11T23:33:03.527101,20.9,58.5,0,0,none,none
2025-12-11T23:33:05.781576,21.0,58.5,0,0,none,none
2025-12-11T23:33:08.035797,21.0,58.6,0,0,none,none
2025-12-11T23:33:10.289831,20.9,58.6,0,0,none,none
2025-12-11T23:33:12.544696,20.9,58.5,0,0,none,none
2025-12-11T23:33:14.799403,20.9,58.5,0,0,none,none
2025-12-11T23:33:17.053407,21.0,58.6,0,0,none,none
2025-12-11T23:33:19.307539,20.9,58.5,0,0,none,none
2025-12-11T23:33:21.561675,20.9,58.5,0,0,none,none
2025-12-11T23:33:23.816157,20.9,58.5,0,0,none,none
2025-12-11T23:33:26.070385,20.9,58.5,0,0,none,none
2025-12-11T23:33:28.326860,21.0,58.6,0,0,none,none
2025-12-11T23:33:30.580927,20.9,58.5,0,0,none,none
2025-12-11T23:33:32.835273,21.0,58.6,0,0,none,none
2025-12-11T23:33:35.089347,20.9,58.5,0,0,none,none
2025-12-11T23:33:37.343366,21.0,58.5,0,0,none,none
2025-12-11T23:33:39.597601,20.9,58.5,0,0,none,none
2025-12-11T23:33:41.852322,20.9,58.5,0,0,none,none
2025-12-11T23:33:44.106417,20.9,58.5,1,0,none,none
2025-12-11T23:33:46.360591,21.0,58.6,0,0,none,none
2025-12-11T23:33:48.616762,20.9,58.5,0,0,none,none
2025-12-11T23:33:50.870974,20.9,58.5,0,0,none,none
2025-12-11T23:33:53.125178,20.9,58.5,0,0,none,none
2025-12-11T23:33:55.379543,21.0,58.6,0,0,none,none
2025-12-11T23:33:57.633688,20.9,58.5,0,0,none,none
2025-12-11T23:33:59.888302,21.0,58.6,0,0,none,none
2025-12-11T23:34:02.142814,21.0,58.6,0,0,none,none
2025-12-11T23:34:04.396878,20.9,58.5,0,0,none,none
2025-12-11T23:34:06.651084,20.9,58.5,0,0,none,none
2025-12-11T23:34:08.905796,20.9,58.5,0,0,none,none
2025-12-11T23:34:11.159859,20.9,58.5,0,0,none,none
2025-12-11T23:34:13.414283,20.9,58.5,0,0,none,none
2025-12-11T23:34:15.668530,21.0,58.6,0,0,none,none
2025-12-11T23:34:17.922694,20.9,58.5,0,0,none,none
2025-12-11T23:34:20.176922,21.0,58.5,0,0,none,none
2025-12-11T23:34:22.431469,21.0,58.5,0,0,none,none
2025-12-11T23:34:24.685496,21.0,58.5,0,0,none,none
2025-12-11T23:34:26.939780,21.0,58.5,0,0,none,none
2025-12-11T23:34:29.193989,20.9,58.5,0,0,none,none
2025-12-11T23:34:31.448676,20.9,58.4,0,0,none,none
2025-12-11T23:34:33.703154,21.0,58.5,0,0,none,none
2025-12-11T23:34:35.957496,20.9,58.5,0,0,none,none
2025-12-11T23:34:38.211495,20.9,58.5,0,0,none,none
2025-12-11T23:34:40.465996,20.9,58.5,0,0,none,none
2025-12-11T23:34:42.720745,21.0,58.5,0,0,none,none
2025-12-11T23:34:44.974877,21.0,58.5,0,0,none,none
2025-12-11T23:34:47.229017,21.0,58.6,0,0,none,none
2025-12-11T23:34:49.483636,20.9,58.5,0,0,none,none
2025-12-11T23:34:51.737696,21.0,58.5,0,0,none,none
2025-12-11T23:34:53.992691,21.0,58.6,0,0,none,none
2025-12-11T23:34:56.246875,20.9,58.5,0,0,none,none
2025-12-11T23:34:58.500830,20.9,58.5,0,0,none,none
2025-12-11T23:35:00.755450,21.0,58.5,0,0,none,none
2025-12-11T23:35:03.011492,21.0,58.5,0,0,none,none
2025-12-11T23:35:05.265651,20.9,58.4,0,0,none,none
2025-12-11T23:35:07.520438,21.0,58.5,0,0,none,none
2025-12-11T23:35:09.774962,20.9,58.5,0,0,none,none
2025-12-11T23:35:12.029485,20.9,58.4,0,0,none,none
2025-12-11T23:35:14.284177,21.0,58.5,0,0,none,none
2025-12-11T23:35:16.538302,20.9,58.5,0,0,none,none
2025-12-11T23:35:18.792450,20.9,58.5,0,0,none,none
2025-12-11T23:35:21.046829,20.9,58.5,0,0,none,none
2025-12-11T23:35:23.300896,20.9,58.4,0,0,none,none
2025-12-11T23:35:25.554867,21.0,58.5,0,0,none,none
2025-12-11T23:35:27.809542,20.9,58.5,0,0,none,none
2025-12-11T23:35:30.065647,20.9,58.5,0,0,none,none
2025-12-11T23:35:32.320195,20.9,58.4,0,0,none,none
2025-12-11T23:35:34.574379,20.9,58.5,0,0,none,none
2025-12-11T23:35:36.828661,20.9,58.4,0,0,none,none
2025-12-11T23:35:39.083112,21.0,58.6,0,0,none,none
2025-12-11T23:35:41.337284,20.9,58.5,0,0,none,none
2025-12-11T23:35:43.591804,20.9,58.5,0,0,none,none
2025-12-11T23:35:45.845863,20.9,58.5,0,0,none,none
2025-12-11T23:35:48.100718,20.9,58.5,0,0,none,none
2025-12-11T23:35:50.355089,20.9,58.4,0,0,none,none
2025-12-11T23:35:52.609137,20.9,58.4,0,0,none,none
2025-12-11T23:35:54.863487,21.0,58.5,0,0,none,none
2025-12-11T23:35:57.117654,20.9,58.4,0,0,none,none
2025-12-11T23:35:59.372053,20.9,58.4,0,0,none,none
2025-12-11T23:36:01.626287,21.0,58.5,0,0,none,none
2025-12-11T23:36:03.880933,20.9,58.5,0,0,none,none
2025-12-11T23:36:06.134914,20.9,58.4,0,0,none,none
2025-12-11T23:36:08.389137,21.0,58.5,0,0,none,none
2025-12-11T23:36:10.643601,20.9,58.5,0,0,none,none
2025-12-11T23:36:12.897814,20.9,58.4,0,0,none,none
2025-12-11T23:36:15.151951,20.9,58.4,0,0,none,none
2025-12-11T23:36:17.406120,20.9,58.4,0,0,none,none
2025-12-11T23:36:19.660126,20.9,58.5,0,0,none,none
2025-12-11T23:36:21.914417,20.9,58.4,0,0,none,none
2025-12-11T23:36:24.168507,20.9,58.5,0,0,none,none
2025-12-11T23:36:26.422420,20.9,58.4,0,0,none,none
2025-12-11T23:36:28.676641,21.0,58.5,0,0,none,none
2025-12-11T23:36:30.931016,21.0,58.5,0,0,none,none
2025-12-11T23:36:33.185096,20.9,58.4,0,0,none,none
2025-12-11T23:36:35.439732,20.9,58.5,0,0,none,none
2025-12-11T23:36:37.693900,21.0,58.5,0,0,none,none
2025-12-11T23:36:39.948599,20.9,58.4,0,0,none,none
2025-12-11T23:36:42.203041,20.9,58.4,0,0,none,none
2025-12-11T23:36:44.457038,20.9,58.4,0,0,none,none
2025-12-11T23:36:46.711042,20.9,58.4,0,0,none,none
2025-12-11T23:36:48.965265,20.9,58.4,0,0,none,none
2025-12-11T23:36:51.219393,20.9,58.5,0,0,none,none
2025-12-11T23:36:53.473503,20.9,58.4,0,0,none,none
2025-12-11T23:36:55.728229,21.0,58.5,0,0,none,none
2025-12-11T23:36:57.982451,20.9,58.5,0,0,none,none
2025-12-11T23:37:00.237096,20.9,58.4,0,0,none,none
2025-12-11T23:37:02.491615,20.9,58.4,0,0,none,none
2025-12-11T23:37:04.746213,20.9,58.4,0,0,none,none
2025-12-11T23:37:07.000282,21.0,58.5,0,0,none,none
2025-12-11T23:37:09.254785,21.0,58.4,0,0,none,none
2025-12-11T23:37:11.509046,20.9,58.4,0,0,none,none
2025-12-11T23:37:13.763552,20.9,58.4,0,0,none,none
2025-12-11T23:37:16.018283,20.9,58.4,0,0,none,none
2025-12-11T23:37:18.272627,20.9,58.4,0,0,none,none
2025-12-11T23:37:20.527052,21.0,58.5,0,0,none,none
2025-12-11T23:37:22.781888,20.9,58.4,0,0,none,none
2025-12-11T23:37:25.036365,20.9,58.5,0,0,none,none
2025-12-11T23:37:27.290683,20.9,58.5,0,0,none,none
2025-12-11T23:37:29.544954,20.9,58.4,0,0,none,none
2025-12-11T23:37:31.799599,21.0,58.5,0,0,none,none
2025-12-11T23:37:34.053578,20.9,58.4,0,0,none,none
2025-12-11T23:37:36.307853,20.9,58.4,0,0,none,none
2025-12-11T23:37:38.562197,20.9,58.4,0,0,none,none
2025-12-11T23:37:40.816937,20.9,58.4,0,0,none,none
2025-12-11T23:37:43.071743,20.9,58.4,0,0,none,none
2025-12-11T23:37:45.326449,20.9,58.4,0,0,none,none
2025-12-11T23:37:47.580676,20.9,58.3,0,0,none,none
2025-12-11T23:37:49.835523,20.9,58.4,0,0,none,none
2025-12-11T23:37:52.089557,20.9,58.4,0,0,none,none
2025-12-11T23:37:54.344155,20.9,58.4,0,0,none,none
2025-12-11T23:37:56.598688,20.9,58.4,0,0,none,none
2025-12-11T23:37:58.853316,20.9,58.4,0,0,none,none
2025-12-11T23:38:01.107600,20.9,58.4,0,0,none,none
2025-12-11T23:38:03.362016,20.9,58.4,0,0,none,none
2025-12-11T23:38:05.616726,20.9,58.4,0,0,none,none
2025-12-11T23:38:07.871701,20.9,58.4,0,0,none,none
2025-12-11T23:38:10.125914,20.9,58.4,0,0,none,none
2025-12-11T23:38:12.380648,20.9,58.4,0,0,none,none
2025-12-11T23:38:14.634846,20.9,58.3,0,0,none,none
2025-12-11T23:38:16.889109,20.9,58.4,0,0,none,none
2025-12-11T23:38:19.143644,20.9,58.4,0,0,none,none
2025-12-11T23:38:21.398140,21.0,58.4,0,0,none,none
2025-12-11T23:38:23.652958,20.9,58.4,0,0,none,none
2025-12-11T23:38:25.909406,21.0,58.4,0,0,none,none
2025-12-11T23:38:28.163347,21.0,58.4,0,0,none,none
2025-12-11T23:38:30.417507,20.9,58.4,0,0,none,none
2025-12-11T23:38:32.672053,21.0,58.4,0,0,none,none
2025-12-11T23:38:34.926480,21.0,58.4,0,0,none,none
2025-12-11T23:38:37.180631,20.9,58.3,0,0,none,none
2025-12-11T23:38:39.435032,20.9,58.4,0,0,none,none
2025-12-11T23:38:41.689006,21.0,58.4,0,0,none,none
2025-12-11T23:38:43.943297,21.0,58.4,0,0,none,none
2025-12-11T23:38:46.197379,21.0,58.4,0,0,none,none
2025-12-11T23:38:48.451528,20.9,58.4,0,0,none,none
2025-12-11T23:38:50.705766,20.9,58.3,0,0,none,none
2025-12-11T23:38:52.960573,21.0,58.4,0,0,none,none
2025-12-11T23:38:55.214541,20.9,58.4,0,0,none,none
2025-12-11T23:38:57.468752,21.0,58.4,0,0,none,none
2025-12-11T23:38:59.722920,21.0,58.4,0,0,none,none
2025-12-11T23:39:01.977135,20.9,58.4,0,0,none,none
2025-12-11T23:39:04.231965,21.0,58.4,0,0,none,none
2025-12-11T23:39:06.486075,20.9,58.4,0,0,none,none
2025-12-11T23:39:08.740787,21.0,58.4,0,0,none,none
2025-12-11T23:39:10.995595,20.9,58.3,0,0,none,none
2025-12-11T23:39:13.249652,20.9,58.4,0,0,none,none
2025-12-11T23:39:15.503632,21.0,58.4,0,0,none,none
2025-12-11T23:39:17.757866,21.0,58.4,0,0,none,none
2025-12-11T23:39:20.012159,21.0,58.4,0,0,none,none
2025-12-11T23:39:22.266163,20.9,58.4,0,0,none,none
2025-12-11T23:39:24.521014,21.0,58.4,0,0,none,none
2025-12-11T23:39:26.775208,20.9,58.4,0,0,none,none
2025-12-11T23:39:29.029773,20.9,58.3,0,0,none,none
2025-12-11T23:39:31.284598,20.9,58.3,0,0,none,none
2025-12-11T23:39:33.541225,21.0,58.4,0,0,none,none
2025-12-11T23:39:35.795813,20.9,58.3,1,0,none,none
2025-12-11T23:39:38.050450,20.9,58.4,0,0,none,none
2025-12-11T23:39:40.304523,20.9,58.3,0,0,none,none
2025-12-11T23:39:42.558873,20.9,58.4,0,0,none,none
2025-12-11T23:39:44.813191,20.9,58.4,0,0,none,none
2025-12-11T23:39:47.067717,20.9,58.3,0,0,none,none
2025-12-11T23:39:49.321957,20.9,58.4,0,0,none,none
2025-12-11T23:39:51.576110,20.9,58.4,0,0,none,none
2025-12-11T23:39:53.830787,21.0,58.5,0,0,none,none
2025-12-11T23:39:56.084763,20.9,58.4,0,0,none,none
2025-12-11T23:39:58.338873,,,0,0,none,none
2025-12-11T23:40:00.593295,20.9,58.3,0,0,none,none
2025-12-11T23:40:02.847919,20.9,58.3,0,0,none,none
2025-12-11T23:40:05.102144,20.9,58.4,0,0,none,none
2025-12-11T23:40:07.356096,20.9,58.4,0,0,none,none
2025-12-11T23:40:09.610456,20.9,58.4,0,0,none,none
2025-12-11T23:40:11.864790,20.9,58.3,0,0,none,none
2025-12-11T23:40:14.119177,21.0,58.4,0,0,none,none
2025-12-11T23:40:16.373145,20.9,58.3,0,0,none,none
2025-12-11T23:40:18.627829,20.9,58.3,0,0,none,none
2025-12-11T23:40:20.882026,20.9,58.3,0,0,none,none
2025-12-11T23:40:23.135992,20.9,58.3,0,0,none,none
2025-12-11T23:40:25.390239,20.9,58.3,0,0,none,none
2025-12-11T23:40:27.644840,20.9,58.3,0,0,none,none
2025-12-11T23:40:29.898948,20.9,58.3,0,0,none,none
2025-12-11T23:40:32.153272,20.9,58.3,0,0,none,none
2025-12-11T23:40:34.407772,20.9,58.3,0,0,none,none
2025-12-11T23:40:36.662252,20.9,58.3,0,0,none,none
2025-12-11T23:40:38.917011,20.9,58.3,0,0,none,none
2025-12-11T23:40:41.171693,20.9,58.3,0,0,none,none
2025-12-11T23:40:43.426266,21.0,58.4,0,0,none,none
2025-12-11T23:40:45.680725,20.9,58.3,0,0,none,none
2025-12-11T23:40:47.935335,21.0,58.4,0,0,none,none
2025-12-11T23:40:50.189745,20.9,58.3,0,0,none,none
2025-12-11T23:40:52.444565,20.9,58.4,0,0,none,none
2025-12-11T23:40:54.699057,20.9,58.4,0,0,none,none
2025-12-11T23:40:56.953253,20.9,58.3,0,0,none,none
2025-12-11T23:40:59.207944,20.9,58.3,0,0,none,none
2025-12-11T23:41:01.462556,21.0,58.4,0,0,none,none
2025-12-11T23:41:03.717072,20.9,58.3,0,0,none,none
2025-12-11T23:41:05.971475,20.9,58.3,0,0,none,none
2025-12-11T23:41:08.226081,21.0,58.4,0,0,none,none
2025-12-11T23:41:10.480695,20.9,58.3,0,0,none,none
2025-12-11T23:41:12.735477,20.9,58.3,0,0,none,none
2025-12-11T23:41:14.989800,20.9,58.3,0,0,none,none
2025-12-11T23:41:17.244481,20.9,58.3,0,0,none,none
2025-12-11T23:41:19.499019,21.0,58.4,0,0,none,none
2025-12-11T23:41:21.753077,20.9,58.3,0,0,none,none
2025-12-11T23:41:24.007566,21.0,58.4,0,0,none,none
2025-12-11T23:41:26.261758,20.9,58.3,0,0,none,none
2025-12-11T23:41:28.516373,20.9,58.3,0,0,none,none
2025-12-11T23:41:30.770730,20.9,58.3,0,0,none,none
2025-12-11T23:41:33.024930,21.0,58.4,0,0,none,none
2025-12-11T23:41:35.279276,20.9,58.3,0,0,none,none
2025-12-11T23:41:37.533669,20.9,58.3,0,0,none,none
2025-12-11T23:41:39.788227,20.9,58.3,0,0,none,none
2025-12-11T23:41:42.042285,20.9,58.3,0,0,none,none
2025-12-11T23:41:44.296464,20.9,58.4,0,0,none,none
2025-12-11T23:41:46.550924,20.9,58.3,0,0,none,none
2025-12-11T23:41:48.805357,20.9,58.3,0,0,none,none
2025-12-11T23:41:51.059511,20.9,58.3,0,0,none,none
2025-12-11T23:41:53.313909,20.9,58.3,0,0,none,none
2025-12-11T23:41:55.568622,20.9,58.3,0,0,none,none
2025-12-11T23:41:57.823079,20.9,58.3,0,0,none,none
2025-12-11T23:42:00.077331,20.9,58.3,0,0,none,none
2025-12-11T23:42:02.331426,20.9,58.3,0,0,none,none
2025-12-11T23:42:04.585494,20.9,58.3,0,0,none,none
2025-12-11T23:42:06.839778,20.9,58.4,0,0,none,none
2025-12-11T23:42:09.093990,20.9,58.3,0,0,none,none
2025-12-11T23:42:11.348064,20.9,58.4,0,0,none,none
2025-12-11T23:42:13.602708,20.9,58.3,0,0,none,none
2025-12-11T23:42:15.857365,21.0,58.4,0,0,none,none
2025-12-11T23:42:18.111861,20.9,58.3,0,0,none,none
2025-12-11T23:42:20.366301,20.9,58.3,0,0,none,none
2025-12-11T23:42:22.620346,20.9,58.3,0,0,none,none
2025-12-11T23:42:24.874710,20.9,58.3,0,0,none,none
2025-12-11T23:42:27.128907,20.9,58.3,0,0,none,none
2025-12-11T23:42:29.383545,20.9,58.3,0,0,none,none
2025-12-11T23:42:31.637911,20.9,58.3,0,0,none,none
2025-12-11T23:42:33.892538,20.9,58.3,0,0,none,none
2025-12-11T23:42:36.146739,20.9,58.3,0,0,none,none
2025-12-11T23:42:38.400663,20.9,58.3,0,0,none,none
2025-12-11T23:42:40.655151,20.9,58.3,0,0,none,none
2025-12-11T23:42:42.909265,20.9,58.3,0,0,none,none
2025-12-11T23:42:45.163199,20.9,58.3,0,0,none,none
2025-12-11T23:42:47.417352,20.9,58.3,0,0,none,none
2025-12-11T23:42:49.672537,20.9,58.3,0,0,none,none
2025-12-11T23:42:51.926932,20.9,58.3,0,0,none,none
2025-12-11T23:42:54.181309,20.9,58.3,0,0,none,none
2025-12-11T23:42:56.435881,20.9,58.3,0,0,none,none
2025-12-11T23:42:58.689917,20.9,58.3,0,0,none,none
2025-12-11T23:43:00.944880,20.9,58.3,0,0,none,none
2025-12-11T23:43:03.198949,20.9,58.3,0,0,none,none
2025-12-11T23:43:05.452899,20.9,58.3,0,0,none,none
2025-12-11T23:43:07.707226,20.9,58.3,0,0,none,none
2025-12-11T23:43:09.961784,20.9,58.3,0,0,none,none
2025-12-11T23:43:12.216361,20.9,58.3,0,0,none,none
2025-12-11T23:43:14.470939,20.9,58.3,0,0,none,none
2025-12-11T23:43:16.725046,20.9,58.3,0,0,none,none
2025-12-11T23:43:18.979706,21.0,58.4,0,0,none,none
2025-12-11T23:43:21.233867,20.9,58.3,0,0,none,none
2025-12-11T23:43:23.488511,20.9,58.3,0,0,none,none
2025-12-11T23:43:25.742978,20.9,58.3,0,0,none,none
2025-12-11T23:43:27.997363,20.9,58.3,0,0,none,none
2025-12-11T23:43:30.251889,21.0,58.4,0,0,none,none
2025-12-11T23:43:32.506048,20.9,58.3,0,0,none,none
2025-12-11T23:43:34.760846,20.9,58.3,0,0,none,none
2025-12-11T23:43:37.015553,20.9,58.3,0,0,none,none
2025-12-11T23:43:39.269543,20.9,58.3,0,0,none,none
2025-12-11T23:43:41.524314,20.9,58.3,0,0,none,none
2025-12-11T23:43:43.778896,20.9,58.3,0,0,none,none
2025-12-11T23:43:46.033369,20.9,58.3,0,0,none,none
2025-12-11T23:43:48.287613,20.9,58.3,0,0,none,none
2025-12-11T23:43:50.542200,21.0,58.4,0,0,none,none
2025-12-11T23:43:52.796449,20.9,58.3,0,0,none,none
2025-12-11T23:43:55.051213,20.9,58.3,0,0,none,none
2025-12-11T23:43:57.305633,20.9,58.3,0,0,none,none
2025-12-11T23:43:59.560135,20.9,58.3,0,0,none,none
2025-12-11T23:44:01.814825,21.0,58.3,0,0,none,none
2025-12-11T23:44:04.069048,20.9,58.3,0,0,none,none
2025-12-11T23:44:06.322998,20.9,58.3,0,0,none,none
2025-12-11T23:44:08.577768,20.9,58.3,0,0,none,none
2025-12-11T23:44:10.831967,21.0,58.3,0,0,none,none
2025-12-11T23:44:13.086580,20.9,58.3,0,0,none,none
2025-12-11T23:44:15.341097,20.9,58.3,0,0,none,none
2025-12-11T23:44:17.595702,20.9,58.3,0,0,none,none
2025-12-11T23:44:19.850320,20.9,58.3,0,0,none,none
2025-12-11T23:44:22.104589,20.9,58.3,0,0,none,none
2025-12-11T23:44:24.358967,20.9,58.3,0,0,none,none
2025-12-11T23:44:26.613447,20.9,58.3,0,0,none,none
2025-12-11T23:44:28.868283,20.9,58.3,0,0,none,none
2025-12-11T23:44:31.122466,20.9,58.3,0,0,none,none
2025-12-11T23:44:33.376451,20.9,58.3,0,0,none,none
2025-12-11T23:44:35.631119,20.9,58.3,0,0,none,none
2025-12-11T23:44:37.885652,20.9,58.3,0,0,none,none
2025-12-11T23:44:40.140232,20.9,58.3,0,0,none,none
2025-12-11T23:44:42.394683,20.9,58.2,0,0,none,none
2025-12-11T23:44:44.648846,20.9,58.3,0,0,none,none
2025-12-11T23:44:46.902930,20.9,58.2,0,0,none,none
2025-12-11T23:44:49.157732,20.9,58.3,0,0,none,none
2025-12-11T23:44:51.412463,20.9,58.3,0,0,none,none
2025-12-11T23:44:53.666717,20.9,58.3,0,0,none,none
2025-12-11T23:44:55.921133,20.9,58.3,0,0,none,none
2025-12-11T23:44:58.175348,20.9,58.3,0,0,none,none
2025-12-11T23:45:00.429943,20.9,58.3,0,0,none,none
2025-12-11T23:45:02.684810,20.9,58.3,0,0,none,none
2025-12-11T23:45:04.939505,21.0,58.4,0,0,none,none
2025-12-11T23:45:07.194121,20.9,58.3,0,0,none,none
2025-12-11T23:45:09.448943,20.9,58.3,0,0,none,none
2025-12-11T23:45:11.703426,20.9,58.3,0,0,none,none
2025-12-11T23:45:13.958016,20.9,58.3,0,0,none,none
2025-12-11T23:45:16.212869,20.9,58.3,0,0,none,none
2025-12-11T23:45:18.467470,20.9,58.3,0,0,none,none
2025-12-11T23:45:20.721890,20.9,58.3,0,0,none,none
2025-12-11T23:45:22.976175,20.9,58.3,0,0,none,none
2025-12-11T23:45:25.230433,20.9,58.3,0,0,none,none
2025-12-11T23:45:27.484604,20.9,58.3,0,0,none,none
2025-12-11T23:45:29.739103,20.9,58.3,0,0,none,none
2025-12-11T23:45:31.993698,20.9,58.3,0,0,none,none
2025-12-11T23:45:34.247722,20.9,58.3,0,0,none,none
2025-12-11T23:45:36.502075,20.9,58.3,0,0,none,none
2025-12-11T23:45:38.756823,20.9,58.3,0,0,none,none
2025-12-11T23:45:41.011173,20.9,58.3,0,0,none,none
2025-12-11T23:45:43.265317,20.9,58.3,0,0,none,none
2025-12-11T23:45:45.519911,20.9,58.3,0,0,none,none
2025-12-11T23:45:47.774181,20.9,58.2,0,0,none,none
2025-12-11T23:45:50.028656,20.9,58.2,0,0,none,none
2025-12-11T23:45:52.283433,20.9,58.3,0,0,none,none
2025-12-11T23:45:54.537628,20.9,58.3,0,0,none,none
2025-12-11T23:45:56.792657,20.9,58.2,0,0,none,none
2025-12-11T23:45:59.047152,20.9,58.2,0,0,none,none
2025-12-11T23:46:01.301332,21.0,58.3,0,0,none,none
2025-12-11T23:46:03.556094,20.9,58.2,0,0,none,none
2025-12-11T23:46:05.810838,20.9,58.3,0,0,none,none
2025-12-11T23:46:08.065191,20.9,58.3,0,0,none,none
2025-12-11T23:46:10.319966,20.9,58.2,0,0,none,none
2025-12-11T23:46:12.574402,20.9,58.3,0,0,none,none
2025-12-11T23:46:14.828361,20.9,58.2,0,0,none,none
2025-12-11T23:46:17.083205,20.9,58.2,0,0,none,none
2025-12-11T23:46:19.337752,20.9,58.2,0,0,none,none
2025-12-11T23:46:21.592334,20.9,58.3,0,0,none,none
2025-12-11T23:46:23.846819,20.9,58.2,0,0,none,none
2025-12-11T23:46:26.101150,20.9,58.3,0,0,none,none
2025-12-11T23:46:28.355416,20.9,58.3,0,0,none,none
2025-12-11T23:46:30.609907,20.9,58.2,0,0,none,none
2025-12-11T23:46:32.864215,20.9,58.3,0,0,none,none
2025-12-11T23:46:35.118430,20.9,58.2,0,0,none,none
2025-12-11T23:46:37.373033,21.0,58.3,0,0,none,none
2025-12-11T23:46:39.627317,20.9,58.2,0,0,none,none
2025-12-11T23:46:41.881666,20.9,58.2,0,0,none,none
2025-12-11T23:46:44.136499,20.9,58.3,0,0,none,none
2025-12-11T23:46:46.391088,20.9,58.2,0,0,none,none
2025-12-11T23:46:48.645140,20.9,58.2,0,0,none,none
2025-12-11T23:46:50.899654,20.9,58.2,0,0,none,none
2025-12-11T23:46:53.153755,20.9,58.3,0,0,none,none
2025-12-11T23:46:55.408287,20.9,58.2,0,0,none,none
2025-12-11T23:46:57.662826,20.9,58.3,0,0,none,none
2025-12-11T23:46:59.917013,20.9,58.3,0,0,none,none
2025-12-11T23:47:02.171064,20.9,58.2,0,0,none,none
2025-12-11T23:47:04.425249,20.9,58.2,0,0,none,none
2025-12-11T23:47:06.679775,20.9,58.3,0,0,none,none
2025-12-11T23:47:08.933988,20.9,58.2,0,0,none,none
2025-12-11T23:47:11.188758,20.9,58.2,0,0,none,none
2025-12-11T23:47:13.445081,20.9,58.2,0,0,none,none
2025-12-11T23:47:15.699632,20.9,58.2,0,0,none,none
2025-12-11T23:47:17.954401,20.9,58.2,0,0,none,none
2025-12-11T23:47:20.208848,20.9,58.3,0,0,none,none
2025-12-11T23:47:22.462824,20.9,58.2,0,0,none,none
2025-12-11T23:47:24.717033,20.9,58.3,0,0,none,none
2025-12-11T23:47:26.971677,20.9,58.2,0,0,none,none
2025-12-11T23:47:29.225861,20.9,58.2,1,0,none,none
2025-12-11T23:47:31.480644,20.9,58.3,0,0,none,none
2025-12-11T23:47:33.735057,20.9,58.3,0,0,none,none
2025-12-11T23:47:35.989585,20.9,58.2,0,0,none,none
2025-12-11T23:47:38.244286,20.9,58.3,0,0,none,none
2025-12-11T23:47:40.498740,20.9,58.3,0,0,none,none
2025-12-11T23:47:42.753229,20.9,58.2,0,0,none,none
2025-12-11T23:47:45.007992,20.9,58.2,0,0,none,none
2025-12-11T23:47:47.262290,20.9,58.2,0,0,none,none
2025-12-11T23:47:49.516590,20.9,58.2,0,0,none,none
2025-12-11T23:47:51.771093,20.9,58.2,0,0,none,none
2025-12-11T23:47:54.025656,20.9,58.2,0,0,none,none
2025-12-11T23:47:56.280237,20.9,58.2,0,0,none,none
2025-12-11T23:47:58.534922,20.9,58.2,0,0,none,none
2025-12-11T23:48:00.789175,20.9,58.2,0,0,none,none
2025-12-11T23:48:03.043500,20.9,58.2,0,0,none,none
2025-12-11T23:48:05.297846,20.9,58.2,0,0,none,none
2025-12-11T23:48:07.552469,20.9,58.2,0,0,none,none
2025-12-11T23:48:09.806701,20.9,58.2,0,0,none,none
2025-12-11T23:48:12.061187,20.9,58.2,0,0,none,none
2025-12-11T23:48:14.315704,20.9,58.2,0,0,none,none
2025-12-11T23:48:16.570282,20.9,58.2,0,0,none,none
2025-12-11T23:48:18.824855,20.9,58.2,0,0,none,none
2025-12-11T23:48:21.079143,20.9,58.2,0,0,none,none
2025-12-11T23:48:23.333108,20.9,58.2,0,0,none,none
2025-12-11T23:48:25.587948,20.9,58.2,0,0,none,none
2025-12-11T23:48:27.842051,20.9,58.2,0,0,none,none
2025-12-11T23:48:30.096649,20.9,58.2,0,0,none,none
2025-12-11T23:48:32.351202,20.9,58.2,0,0,none,none
2025-12-11T23:48:34.605315,20.9,58.2,0,0,none,none
2025-12-11T23:48:36.859474,20.9,58.2,0,0,none,none
2025-12-11T23:48:39.114259,20.9,58.2,0,0,none,none
2025-12-11T23:48:41.368226,20.9,58.2,0,0,none,none
2025-12-11T23:48:43.622719,20.9,58.2,0,0,none,none
2025-12-11T23:48:45.877325,20.9,58.2,0,0,none,none
2025-12-11T23:48:48.131876,20.9,58.2,0,0,none,none
2025-12-11T23:48:50.385856,20.9,58.2,0,0,none,none
2025-12-11T23:48:52.640753,20.9,58.2,0,0,none,none
2025-12-11T23:48:54.895086,20.9,58.2,0,0,none,none
2025-12-11T23:48:57.149158,20.9,58.2,0,0,none,none
2025-12-11T23:48:59.403751,20.9,58.2,0,0,none,none
2025-12-11T23:49:01.658256,20.9,58.2,0,0,none,none
2025-12-11T23:49:03.912270,20.9,58.2,0,0,none,none
2025-12-11T23:49:06.166571,20.9,58.2,0,0,none,none
2025-12-11T23:49:08.420751,20.9,58.2,0,0,none,none
2025-12-11T23:49:10.675085,20.9,58.2,0,0,none,none
2025-12-11T23:49:12.929609,20.9,58.2,0,0,none,none
2025-12-11T23:49:15.184170,20.9,58.2,0,0,none,none
2025-12-11T23:49:17.438208,20.9,58.2,0,0,none,none
2025-12-11T23:49:19.692791,20.9,58.2,0,0,none,none
2025-12-11T23:49:21.947295,20.9,58.2,0,0,none,none
2025-12-11T23:49:24.201290,20.9,58.2,0,0,none,none
2025-12-11T23:49:26.455985,20.9,58.2,0,0,none,none
2025-12-11T23:49:28.710548,20.9,58.2,0,0,none,none
2025-12-11T23:49:30.964612,20.9,58.2,0,0,none,none
2025-12-11T23:49:33.219143,20.9,58.2,0,0,none,none
2025-12-11T23:49:35.473247,20.9,58.2,0,0,none,none
2025-12-11T23:49:37.727237,20.9,58.2,0,0,none,none
2025-12-11T23:49:39.981521,20.9,58.2,1,0,none,none
2025-12-11T23:49:42.236153,20.9,58.2,0,0,none,none
2025-12-11T23:49:44.490166,20.9,58.2,0,0,none,none
2025-12-11T23:49:46.744465,20.9,58.2,0,0,none,none
2025-12-11T23:49:48.998601,20.9,58.2,0,0,none,none
2025-12-11T23:49:51.252595,20.9,58.2,0,0,none,none
2025-12-11T23:49:53.506777,20.9,58.2,0,0,none,none
2025-12-11T23:49:55.761161,20.9,58.2,0,0,none,none
2025-12-11T23:49:58.015307,20.9,58.2,0,0,none,none
2025-12-11T23:50:00.269484,20.9,58.2,0,0,none,none
2025-12-11T23:50:02.524036,20.9,58.2,0,0,none,none
2025-12-11T23:50:04.778507,20.9,58.2,0,0,none,none
2025-12-11T23:50:07.033214,20.9,58.2,0,0,none,none
2025-12-11T23:50:09.287735,20.9,58.2,0,0,none,none
2025-12-11T23:50:11.541774,20.9,58.2,0,0,none,none
2025-12-11T23:50:13.796719,20.9,58.2,0,0,none,none
2025-12-11T23:50:16.051182,20.9,58.2,0,0,none,none
2025-12-11T23:50:18.305328,20.9,58.2,0,0,none,none
2025-12-11T23:50:20.559929,20.9,58.1,0,0,none,none
2025-12-11T23:50:22.814084,20.9,58.2,0,0,none,none
2025-12-11T23:50:25.068104,20.9,58.2,0,0,none,none
2025-12-11T23:50:27.322457,20.9,58.2,0,0,none,none
2025-12-11T23:50:29.578680,20.9,58.2,0,0,none,none
2025-12-11T23:50:31.832756,20.9,58.2,0,0,none,none
2025-12-11T23:50:34.086912,20.9,58.2,0,0,none,none
2025-12-11T23:50:36.341009,20.9,58.1,0,0,none,none
2025-12-11T23:50:38.594931,20.9,58.2,0,0,none,none
2025-12-11T23:50:40.849393,20.9,58.2,0,0,none,none
2025-12-11T23:50:43.103889,20.9,58.2,0,0,none,none
2025-12-11T23:50:45.358112,20.9,58.2,0,0,none,none
2025-12-11T23:50:47.612953,20.9,58.2,0,0,none,none
2025-12-11T23:50:49.867140,20.9,58.2,0,0,none,none
2025-12-11T23:50:52.121059,20.9,58.2,0,0,none,none
2025-12-11T23:50:54.375667,20.9,58.2,0,0,none,none
2025-12-11T23:50:56.630218,20.9,58.2,0,0,none,none
2025-12-11T23:50:58.884907,20.9,58.2,0,0,none,none
2025-12-11T23:51:01.139654,20.9,58.2,0,0,none,none
2025-12-11T23:51:03.395896,20.9,58.1,0,0,none,none
2025-12-11T23:51:05.650149,20.9,58.2,0,0,none,none
2025-12-11T23:51:07.904547,20.9,58.1,0,0,none,none
2025-12-11T23:51:10.159114,20.9,58.2,0,0,none,none
2025-12-11T23:51:12.413578,20.9,58.1,0,0,none,none
2025-12-11T23:51:14.668282,20.9,58.2,0,0,none,none
2025-12-11T23:51:16.922717,20.9,58.2,0,0,none,none
2025-12-11T23:51:19.177100,20.9,58.2,0,0,none,none
2025-12-11T23:51:21.431675,20.9,58.2,0,0,none,none
2025-12-11T23:51:23.688165,20.9,58.2,0,0,none,none
2025-12-11T23:51:25.942471,20.9,58.1,0,0,none,none
2025-12-11T23:51:28.197167,20.9,58.1,0,0,none,none
2025-12-11T23:51:30.451187,20.9,58.1,0,0,none,none
2025-12-11T23:51:32.705169,20.9,58.2,0,0,none,none
2025-12-11T23:51:34.959981,20.9,58.1,0,0,none,none
2025-12-11T23:51:37.214320,20.9,58.2,0,0,none,none
2025-12-11T23:51:39.468807,20.9,58.1,0,0,none,none
2025-12-11T23:51:41.723544,20.9,58.2,0,0,none,none
2025-12-11T23:51:43.978297,20.9,58.2,0,0,none,none
2025-12-11T23:51:46.232472,20.9,58.1,0,0,none,none
2025-12-11T23:51:48.487046,20.9,58.2,0,0,none,none
2025-12-11T23:51:50.741572,20.9,58.2,0,0,none,none
2025-12-11T23:51:52.996217,20.9,58.2,0,0,none,none
2025-12-11T23:51:55.250601,20.9,58.1,0,0,none,none
2025-12-11T23:51:57.505283,20.9,58.2,0,0,none,none
2025-12-11T23:51:59.759335,20.9,58.2,0,0,none,none
2025-12-11T23:52:02.014123,20.9,58.2,0,0,none,none
2025-12-11T23:52:04.268203,20.9,58.2,0,0,none,none
2025-12-11T23:52:06.522828,20.9,58.2,0,0,none,none
2025-12-11T23:52:08.777614,20.9,58.2,0,0,none,none
2025-12-11T23:52:11.034241,20.9,58.2,0,0,none,none
2025-12-11T23:52:13.288449,20.9,58.2,0,0,none,none
2025-12-11T23:52:15.543312,20.9,58.2,0,0,none,none
2025-12-11T23:52:17.798015,20.9,58.2,0,0,none,none
2025-12-11T23:52:20.052562,20.9,58.2,0,0,none,none
2025-12-11T23:52:22.307178,20.9,58.2,0,0,none,none
2025-12-11T23:52:24.561727,21.0,58.2,0,0,none,none
2025-12-11T23:52:26.816028,20.9,58.1,0,0,none,none
2025-12-11T23:52:29.070647,20.9,58.1,0,0,none,none
2025-12-11T23:52:31.325202,20.9,58.1,0,0,none,none
2025-12-11T23:52:33.579552,20.9,58.2,0,0,none,none
2025-12-11T23:52:35.833841,20.9,58.2,0,0,none,none
2025-12-11T23:52:38.088039,20.9,58.2,0,0,none,none
2025-12-11T23:52:40.342163,20.9,58.1,0,0,none,none
2025-12-11T23:52:42.597055,20.9,58.1,0,0,none,none
2025-12-11T23:52:44.851814,20.9,58.1,0,0,none,none
2025-12-11T23:52:47.106374,20.9,58.1,0,0,none,none
2025-12-11T23:52:49.361177,20.9,58.1,0,0,none,none
2025-12-11T23:52:51.615678,20.9,58.1,0,0,none,none
2025-12-11T23:52:53.870356,20.9,58.1,0,0,none,none
2025-12-11T23:52:56.124555,20.9,58.1,0,0,none,none
2025-12-11T23:52:58.378823,20.9,58.2,0,0,none,none
2025-12-11T23:53:00.632751,20.9,58.2,0,0,none,none
2025-12-11T23:53:02.887522,20.9,58.2,0,0,none,none
2025-12-11T23:53:05.141831,20.9,58.1,0,0,none,none
2025-12-11T23:53:07.395857,20.9,58.1,0,0,none,none
2025-12-11T23:53:09.650067,20.9,58.1,0,0,none,none
2025-12-11T23:53:11.904806,21.0,58.2,0,0,none,none
2025-12-11T23:53:14.159176,20.9,58.1,0,0,none,none
2025-12-11T23:53:16.413706,20.9,58.1,0,0,none,none
2025-12-11T23:53:18.667798,20.9,58.1,0,0,none,none
2025-12-11T23:53:20.922002,20.9,58.1,0,0,none,none
2025-12-11T23:53:23.176228,20.9,58.1,0,0,none,none
2025-12-11T23:53:25.430490,20.9,58.0,0,0,none,none
2025-12-11T23:53:27.684455,20.9,58.1,0,0,none,none
2025-12-11T23:53:29.938743,20.9,58.1,0,0,none,none
2025-12-11T23:53:32.192964,20.9,58.1,0,0,none,none
2025-12-11T23:53:34.446980,20.9,58.1,0,0,none,none
2025-12-11T23:53:36.701177,20.9,58.1,0,0,none,none
2025-12-11T23:53:38.955739,20.9,58.1,0,0,none,none
2025-12-11T23:53:41.209707,20.9,58.1,0,0,none,none
2025-12-11T23:53:43.464561,20.9,58.1,0,0,none,none
2025-12-11T23:53:45.718907,20.9,58.0,0,0,none,none
2025-12-11T23:53:47.972996,20.9,58.1,0,0,none,none
2025-12-11T23:53:50.227576,20.9,58.1,0,0,none,none
2025-12-11T23:53:52.481688,20.9,58.1,0,0,none,none
2025-12-11T23:53:54.736115,20.9,58.1,0,0,none,none
2025-12-11T23:53:56.990484,20.9,58.1,0,0,none,none
2025-12-11T23:53:59.244580,20.9,58.1,0,0,none,none
2025-12-11T23:54:01.498932,20.9,58.1,0,0,none,none
2025-12-11T23:54:03.753222,20.9,58.1,0,0,none,none
2025-12-11T23:54:06.007718,20.9,58.0,0,0,none,none
2025-12-11T23:54:08.261944,20.9,58.0,0,0,none,none
2025-12-11T23:54:10.516809,20.9,58.0,0,0,none,none
2025-12-11T23:54:12.771399,20.9,58.1,0,0,none,none
2025-12-11T23:54:15.025623,20.9,58.1,0,0,none,none
2025-12-11T23:54:17.280497,20.9,58.1,0,0,none,none
2025-12-11T23:54:19.534855,20.9,58.1,0,0,none,none
2025-12-11T23:54:21.789376,20.9,58.0,0,0,none,none
2025-12-11T23:54:24.044145,20.9,58.1,0,0,none,none
2025-12-11T23:54:26.298497,20.9,58.0,0,0,none,none
2025-12-11T23:54:28.552999,20.9,58.0,0,0,none,none
2025-12-11T23:54:30.807872,20.9,58.1,0,0,none,none
2025-12-11T23:54:33.062075,20.9,58.0,0,0,none,none
2025-12-11T23:54:35.316777,20.9,58.0,0,0,none,none
2025-12-11T23:54:37.571551,20.9,58.0,0,0,none,none
2025-12-11T23:54:39.825766,20.9,58.0,0,0,none,none
2025-12-11T23:54:42.079830,20.9,58.0,0,0,none,none
2025-12-11T23:54:44.334313,20.9,58.1,0,0,none,none
2025-12-11T23:54:46.588535,20.9,58.0,0,0,none,none
2025-12-11T23:54:48.842910,20.9,58.0,0,0,none,none
2025-12-11T23:54:51.097073,20.9,58.0,0,0,none,none
2025-12-11T23:54:53.351629,20.9,58.0,0,0,none,none
2025-12-11T23:54:55.605961,20.9,58.1,0,0,none,none
2025-12-11T23:54:57.860778,20.9,58.0,0,0,none,none
2025-12-11T23:55:00.115398,20.9,58.1,0,0,none,none
2025-12-11T23:55:02.369973,20.9,58.1,0,0,none,none
2025-12-11T23:55:04.624784,20.9,58.1,0,0,none,none
2025-12-11T23:55:06.879392,20.9,58.0,0,0,none,none
2025-12-11T23:55:09.133431,20.9,58.0,0,0,none,none
2025-12-11T23:55:11.388227,20.9,58.1,0,0,none,none
2025-12-11T23:55:13.642396,20.9,58.1,0,0,none,none
2025-12-11T23:55:15.896734,20.9,58.1,0,0,none,none
2025-12-11T23:55:18.151445,20.9,58.0,0,0,none,none
2025-12-11T23:55:20.405643,20.9,58.1,0,0,none,none
2025-12-11T23:55:22.659625,20.9,58.0,0,0,none,none
2025-12-11T23:55:24.914271,20.9,58.1,0,0,none,none
2025-12-11T23:55:27.168502,20.9,58.0,0,0,none,none
2025-12-11T23:55:29.422989,20.9,58.1,0,0,none,none
2025-12-11T23:55:31.677356,20.9,58.1,0,0,none,none
2025-12-11T23:55:33.932079,20.9,58.1,0,0,none,none
2025-12-11T23:55:36.186719,20.9,58.1,0,0,none,none
2025-12-11T23:55:38.441058,20.9,58.0,0,0,none,none
2025-12-11T23:55:40.695600,20.9,58.0,0,0,none,none
2025-12-11T23:55:42.949908,20.9,58.0,0,0,none,none
2025-12-11T23:55:45.204135,20.9,58.1,0,0,none,none
2025-12-11T23:55:47.458827,20.9,58.0,0,0,none,none
2025-12-11T23:55:49.712867,20.9,58.1,0,0,none,none
2025-12-11T23:55:51.967396,20.9,58.1,0,0,none,none
2025-12-11T23:55:54.221657,20.9,58.0,0,0,none,none
2025-12-11T23:55:56.476200,20.9,58.0,0,0,none,none
2025-12-11T23:55:58.730462,20.9,58.0,0,0,none,none
2025-12-11T23:56:00.985029,20.9,58.1,0,0,none,none
2025-12-11T23:56:03.239033,20.9,58.1,0,0,none,none
2025-12-11T23:56:05.493296,20.9,58.1,0,0,none,none
2025-12-11T23:56:07.747832,20.9,58.0,0,0,none,none
2025-12-11T23:56:10.002394,20.9,58.1,0,0,none,none
2025-12-11T23:56:12.256842,20.9,58.1,0,0,none,none
2025-12-11T23:56:14.513136,20.9,58.0,0,0,none,none
2025-12-11T23:56:16.767847,20.9,58.0,0,0,none,none
2025-12-11T23:56:19.022659,20.9,58.1,0,0,none,none
2025-12-11T23:56:21.276671,20.9,58.0,0,0,none,none
2025-12-11T23:56:23.531139,20.9,58.0,0,0,none,none
2025-12-11T23:56:25.785976,20.9,58.1,0,0,none,none
2025-12-11T23:56:28.040594,20.9,58.1,0,0,none,none
2025-12-11T23:56:30.294915,20.9,58.0,0,0,none,none
2025-12-11T23:56:32.549163,20.9,58.1,0,0,none,none
2025-12-11T23:56:34.803792,20.9,58.1,0,0,none,none
2025-12-11T23:56:37.057900,20.9,58.0,0,0,none,none
2025-12-11T23:56:39.312057,20.9,58.0,0,0,none,none
2025-12-11T23:56:41.566423,20.9,58.1,0,0,none,none
2025-12-11T23:56:43.820993,20.9,58.1,0,0,none,none
2025-12-11T23:56:46.075631,20.9,58.1,0,0,none,none
2025-12-11T23:56:48.329773,20.9,58.0,0,0,none,none
2025-12-11T23:56:50.584306,20.9,58.0,1,0,none,none
2025-12-11T23:56:52.838660,20.9,58.0,0,0,none,none
2025-12-11T23:56:55.093107,20.9,58.0,0,0,none,none
2025-12-11T23:56:57.347582,20.9,58.0,0,0,none,none
2025-12-11T23:56:59.602172,20.9,58.0,0,0,none,none
2025-12-11T23:57:01.856852,20.9,58.0,0,0,none,none
2025-12-11T23:57:04.110898,20.9,58.1,0,0,none,none
2025-12-11T23:57:06.365421,20.9,58.0,0,0,none,none
2025-12-11T23:57:08.621957,20.9,58.0,0,0,none,none
2025-12-11T23:57:10.876631,20.9,58.0,0,0,none,none
2025-12-11T23:57:13.131311,20.9,58.0,0,0,none,none
2025-12-11T23:57:15.385862,20.9,58.0,0,0,none,none
2025-12-11T23:57:17.639867,20.9,58.0,0,0,none,none
2025-12-11T23:57:19.894152,20.9,58.0,0,0,none,none
2025-12-11T23:57:22.148717,20.9,58.0,0,0,none,none
2025-12-11T23:57:24.402972,20.9,58.1,0,0,none,none
2025-12-11T23:57:26.657336,20.9,58.0,0,0,none,none
2025-12-11T23:57:28.911955,20.9,58.1,0,0,none,none
2025-12-11T23:57:31.166073,20.9,58.0,0,0,none,none
2025-12-11T23:57:33.420227,20.9,58.0,0,0,none,none
2025-12-11T23:57:35.674725,20.9,58.1,0,0,none,none
2025-12-11T23:57:37.928943,20.9,58.1,0,0,none,none
2025-12-11T23:57:40.183655,20.9,58.1,0,0,none,none
2025-12-11T23:57:42.437794,20.9,58.1,0,0,none,none
2025-12-11T23:57:44.692447,20.9,58.0,0,0,none,none
2025-12-11T23:57:46.946724,20.9,58.0,0,0,none,none
2025-12-11T23:57:49.200828,20.9,58.0,0,0,none,none
2025-12-11T23:57:51.455422,20.9,58.0,0,0,none,none
2025-12-11T23:57:53.710221,20.9,58.1,0,0,none,none
2025-12-11T23:57:55.964531,20.9,58.0,0,0,none,none
2025-12-11T23:57:58.218972,20.9,58.0,0,0,none,none
2025-12-11T23:58:00.473128,20.9,58.0,0,0,none,none
2025-12-11T23:58:02.727694,20.9,58.0,0,0,none,none
2025-12-11T23:58:04.981798,20.9,58.0,0,0,none,none
2025-12-11T23:58:07.236107,20.9,58.0,0,0,none,none
2025-12-11T23:58:09.490332,20.9,58.0,0,0,none,none
2025-12-11T23:58:11.744783,,,1,0,none,none
2025-12-11T23:58:13.999190,20.9,58.0,0,0,none,none
2025-12-11T23:58:16.253530,20.9,58.0,0,0,none,none
2025-12-11T23:58:18.508044,20.9,58.0,0,0,none,none
2025-12-11T23:58:20.763842,20.9,58.0,0,0,none,none
2025-12-11T23:58:23.018166,20.9,58.0,0,0,none,none
2025-12-11T23:58:25.272153,20.9,58.0,0,0,none,none
2025-12-11T23:58:27.526461,20.9,58.0,0,0,none,none
2025-12-11T23:58:29.782805,20.9,58.0,0,0,none,none
2025-12-11T23:58:32.037309,20.9,58.1,0,0,none,none
2025-12-11T23:58:34.292109,20.9,58.0,0,0,none,none
2025-12-11T23:58:36.546602,20.9,58.0,0,0,none,none
2025-12-11T23:58:38.801203,20.9,58.0,0,0,none,none
2025-12-11T23:58:41.055873,20.9,58.0,0,0,none,none
2025-12-11T23:58:43.310299,20.9,58.1,0,0,none,none
2025-12-11T23:58:45.564338,20.9,58.0,0,0,none,none
2025-12-11T23:58:47.819178,20.9,58.1,0,0,none,none
2025-12-11T23:58:50.073446,20.9,58.1,1,0,none,none
2025-12-11T23:58:52.327513,20.9,58.0,0,0,none,none
2025-12-11T23:58:54.582048,20.9,58.1,0,0,none,none
2025-12-11T23:58:56.836224,20.9,58.0,0,0,none,none
2025-12-11T23:58:59.090159,20.9,58.0,0,0,none,none
2025-12-11T23:59:01.344318,20.9,58.0,0,0,none,none
2025-12-11T23:59:03.598837,20.9,58.0,0,0,none,none
2025-12-11T23:59:05.852880,20.9,58.0,0,0,none,none
2025-12-11T23:59:08.106993,20.9,58.0,0,0,none,none
2025-12-11T23:59:10.361262,20.9,58.0,0,0,none,none
2025-12-11T23:59:12.615203,20.9,58.0,0,0,none,none
2025-12-11T23:59:14.869498,20.9,58.0,0,0,none,none
2025-12-11T23:59:17.123949,20.9,58.0,0,0,none,none
2025-12-11T23:59:19.378149,20.9,58.0,0,0,none,none
2025-12-11T23:59:21.632839,20.9,58.0,0,0,none,none
2025-12-11T23:59:23.887320,20.9,58.0,0,0,none,none
2025-12-11T23:59:26.141361,20.9,58.0,0,0,none,none
2025-12-11T23:59:28.396032,20.9,58.0,0,0,none,none
2025-12-11T23:59:30.650268,20.9,58.0,0,0,none,none
2025-12-11T23:59:32.904487,20.9,58.0,0,0,none,none
2025-12-11T23:59:35.158890,20.9,58.0,0,0,none,none
2025-12-11T23:59:37.412828,20.9,58.0,0,0,none,none
2025-12-11T23:59:39.667324,20.9,58.0,0,0,none,none
2025-12-11T23:59:41.922221,20.9,58.0,0,0,none,none
2025-12-11T23:59:44.176328,20.9,58.0,0,0,none,none
2025-12-11T23:59:46.430876,20.9,58.0,0,0,none,none
2025-12-11T23:59:48.685628,20.9,58.0,0,0,none,none
2025-12-11T23:59:50.940472,20.9,58.0,0,0,none,none
2025-12-11T23:59:53.194574,20.9,58.0,0,0,none,none
2025-12-11T23:59:55.449224,20.9,58.0,0,0,none,none
2025-12-11T23:59:57.703836,20.9,58.0,0,0,none,none
2025-12-11T23:59:59.958520,20.9,58.0,0,0,none,none
