timestamp,temperature_C,humidity,pir_motion,anomaly_flag,anomaly_type,anomaly_source
2026-02-04T00:00:00.294335,21.0,44.0,0,0,none,none
2026-02-04T00:00:02.549362,21.0,44.0,0,0,none,none
2026-02-04T00:00:04.804075,21.0,44.0,0,0,none,none
2026-02-04T00:00:07.059107,21.0,44.0,0,0,none,none
2026-02-04T00:00:09.313991,21.0,44.0,0,0,none,none
2026-02-04T00:00:11.568905,21.0,44.0,0,0,none,none
2026-02-04T00:00:13.823779,21.0,44.0,0,0,none,none
2026-02-04T00:00:16.078709,21.0,44.1,0,0,none,none
2026-02-04T00:00:18.333457,21.0,44.1,0,0,none,none
2026-02-04T00:00:20.588472,21.0,44.0,0,0,none,none
2026-02-04T00:00:22.843369,21.0,44.1,0,0,none,none
2026-02-04T00:00:25.098122,21.0,44.1,0,0,none,none
2026-02-04T00:00:27.353150,21.0,44.1,0,0,none,none
2026-02-04T00:00:29.608254,21.0,44.1,0,0,none,none
2026-02-04T00:00:31.862968,21.0,44.1,0,0,none,none
2026-02-04T00:00:34.117988,21.0,44.1,0,0,none,none
2026-02-04T00:00:36.372951,21.0,44.1,0,0,none,none
2026-02-04T00:00:38.627811,21.0,44.1,0,0,none,none
2026-02-04T00:00:40.882773,21.0,44.1,0,0,none,none
2026-02-04T00:00:43.137658,21.0,44.1,0,0,none,none
2026-02-04T00:00:45.392397,21.0,44.1,0,0,none,none
2026-02-04T00:00:47.647503,21.0,44.1,0,0,none,none
2026-02-04T00:00:49.904495,21.0,44.1,0,0,none,none
2026-02-04T00:00:52.159282,21.0,44.1,0,0,none,none
2026-02-04T00:00:54.414293,21.0,44.1,0,0,none,none
2026-02-04T00:00:56.669293,21.0,44.1,0,0,none,none
2026-02-04T00:00:58.924029,21.0,44.1,0,0,none,none
2026-02-04T00:01:01.179035,21.0,44.1,0,0,none,none
2026-02-04T00:01:03.434018,21.0,44.1,0,0,none,none
2026-02-04T00:01:05.688827,21.0,44.1,0,0,none,none
2026-02-04T00:01:07.943712,21.0,44.1,0,0,none,none
2026-02-04T00:01:10.198672,21.0,44.1,0,0,none,none
2026-02-04T00:01:12.453276,21.0,44.1,0,0,none,none
2026-02-04T00:01:14.708167,21.0,44.1,0,0,none,none
2026-02-04T00:01:16.963128,21.0,44.1,0,0,none,none
2026-02-04T00:01:19.217809,21.0,44.1,0,0,none,none
2026-02-04T00:01:21.472749,21.0,44.1,0,0,none,none
2026-02-04T00:01:23.727738,21.0,44.1,0,0,none,none
2026-02-04T00:01:25.981958,21.0,44.1,0,0,none,none
2026-02-04T00:01:28.236848,21.0,44.1,0,0,none,none
2026-02-04T00:01:30.491802,21.0,44.1,0,0,none,none
2026-02-04T00:01:32.746478,21.0,44.1,0,0,none,none
2026-02-04T00:01:35.001459,21.0,44.1,0,0,none,none
2026-02-04T00:01:37.256454,21.0,44.1,0,0,none,none
2026-02-04T00:01:39.511286,21.0,44.1,0,0,none,none
2026-02-04T00:01:41.766154,21.0,44.1,0,0,none,none
2026-02-04T00:01:44.021116,21.0,44.1,0,0,none,none
2026-02-04T00:01:46.275839,21.0,44.1,0,0,none,none
2026-02-04T00:01:48.530841,21.0,44.1,0,0,none,none
2026-02-04T00:01:50.785684,21.0,44.1,0,0,none,none
2026-02-04T00:01:53.040341,21.0,44.1,0,0,none,none
2026-02-04T00:01:55.295248,21.0,44.1,0,0,none,none
2026-02-04T00:01:57.550185,21.0,44.1,0,0,none,none
2026-02-04T00:01:59.804734,21.0,44.0,0,0,none,none
2026-02-04T00:02:02.059703,21.0,44.1,0,0,none,none
2026-02-04T00:02:04.314593,21.0,44.1,0,0,none,none
2026-02-04T00:02:06.569549,21.0,44.1,0,0,none,none
2026-02-04T00:02:08.824536,21.0,44.0,0,0,none,none
2026-02-04T00:02:11.079454,21.0,44.1,0,0,none,none
2026-02-04T00:02:13.334026,21.0,44.0,0,0,none,none
2026-02-04T00:02:15.589161,21.0,44.0,0,0,none,none
2026-02-04T00:02:17.844078,21.0,44.0,0,0,none,none
2026-02-04T00:02:20.098837,21.0,44.0,0,0,none,none
2026-02-04T00:02:22.353726,21.0,44.0,0,0,none,none
2026-02-04T00:02:24.608670,21.0,44.0,0,0,none,none
2026-02-04T00:02:26.863454,21.0,44.0,0,0,none,none
2026-02-04T00:02:29.118438,21.0,44.0,0,0,none,none
2026-02-04T00:02:31.373373,21.0,44.0,0,0,none,none
2026-02-04T00:02:33.628235,21.0,44.0,0,0,none,none
2026-02-04T00:02:35.883199,21.0,44.1,0,0,none,none
2026-02-04T00:02:38.138055,21.0,44.1,0,0,none,none
2026-02-04T00:02:40.392750,21.0,44.0,0,0,none,none
2026-02-04T00:02:42.647719,21.0,44.0,0,0,none,none
2026-02-04T00:02:44.902628,21.0,44.0,0,0,none,none
2026-02-04T00:02:47.157285,21.0,44.0,0,0,none,none
2026-02-04T00:02:49.412130,21.0,44.0,0,0,none,none
2026-02-04T00:02:51.667078,21.0,44.1,0,0,none,none
2026-02-04T00:02:53.921838,21.0,44.0,0,0,none,none
2026-02-04T00:02:56.176877,21.0,44.0,0,0,none,none
2026-02-04T00:02:58.431922,21.0,44.0,0,0,none,none
2026-02-04T00:03:00.686676,21.0,44.0,0,0,none,none
2026-02-04T00:03:02.941616,21.0,44.0,0,0,none,none
2026-02-04T00:03:05.196625,21.0,44.0,0,0,none,none
2026-02-04T00:03:07.451407,21.0,44.1,0,0,none,none
2026-02-04T00:03:09.706283,21.0,44.1,0,0,none,none
2026-02-04T00:03:11.963004,21.0,44.0,0,0,none,none
2026-02-04T00:03:14.217777,21.0,44.1,0,0,none,none
2026-02-04T00:03:16.472716,21.0,44.0,0,0,none,none
2026-02-04T00:03:18.727559,21.0,44.0,0,0,none,none
2026-02-04T00:03:20.982204,21.0,44.0,0,0,none,none
2026-02-04T00:03:23.237043,21.0,44.0,0,0,none,none
2026-02-04T00:03:25.491453,21.0,44.0,0,0,none,none
2026-02-04T00:03:27.746238,21.0,44.0,0,0,none,none
2026-02-04T00:03:30.001103,21.0,44.0,0,0,none,none
2026-02-04T00:03:32.255946,21.0,44.0,0,0,none,none
2026-02-04T00:03:34.510780,21.0,44.0,0,0,none,none
2026-02-04T00:03:36.765808,21.0,44.0,0,0,none,none
2026-02-04T00:03:39.020676,21.0,44.0,0,0,none,none
2026-02-04T00:03:41.275374,21.0,44.0,0,0,none,none
2026-02-04T00:03:43.530535,21.0,44.0,0,0,none,none
2026-02-04T00:03:45.785466,21.0,44.0,0,0,none,none
2026-02-04T00:03:48.040120,21.0,43.9,0,0,none,none
2026-02-04T00:03:50.295046,21.0,44.0,0,0,none,none
2026-02-04T00:03:52.549995,21.0,44.0,0,0,none,none
2026-02-04T00:03:54.804685,21.0,44.0,0,0,none,none
2026-02-04T00:03:57.059528,21.0,43.9,0,0,none,none
2026-02-04T00:03:59.314327,21.0,43.9,0,0,none,none
2026-02-04T00:04:01.568981,21.0,43.9,0,0,none,none
2026-02-04T00:04:03.823860,21.0,44.0,0,0,none,none
2026-02-04T00:04:06.078703,21.0,43.9,0,0,none,none
2026-02-04T00:04:08.333416,21.0,43.9,0,0,none,none
2026-02-04T00:04:10.588356,21.0,43.9,0,0,none,none
2026-02-04T00:04:12.843182,21.0,43.9,0,0,none,none
2026-02-04T00:04:15.097879,21.0,44.0,0,0,none,none
2026-02-04T00:04:17.352751,21.0,44.0,0,0,none,none
2026-02-04T00:04:19.607352,21.0,44.0,0,0,none,none
2026-02-04T00:04:21.861960,21.0,44.0,0,0,none,none
2026-02-04T00:04:24.116853,21.0,43.9,0,0,none,none
2026-02-04T00:04:26.371706,21.0,43.9,0,0,none,none
2026-02-04T00:04:28.626433,21.0,44.0,0,0,none,none
2026-02-04T00:04:30.881305,21.0,43.9,0,0,none,none
2026-02-04T00:04:33.137068,21.0,44.0,0,0,none,none
2026-02-04T00:04:35.391733,21.0,44.0,0,0,none,none
2026-02-04T00:04:37.646694,21.0,44.0,0,0,none,none
2026-02-04T00:04:39.901546,21.0,44.0,0,0,none,none
2026-02-04T00:04:42.156225,21.0,44.0,0,0,none,none
2026-02-04T00:04:44.411102,21.0,44.0,0,0,none,none
2026-02-04T00:04:46.665975,21.0,44.0,0,0,none,none
2026-02-04T00:04:48.920652,21.0,44.0,0,0,none,none
2026-02-04T00:04:51.175524,21.0,43.9,0,0,none,none
2026-02-04T00:04:53.430464,21.0,44.0,0,0,none,none
2026-02-04T00:04:55.685247,21.0,44.0,0,0,none,none
2026-02-04T00:04:57.940124,21.0,44.0,0,0,none,none
2026-02-04T00:05:00.194897,21.0,43.9,0,0,none,none
2026-02-04T00:05:02.449721,21.0,44.0,0,0,none,none
2026-02-04T00:05:04.704671,21.0,43.9,0,0,none,none
2026-02-04T00:05:06.959314,21.0,44.0,0,0,none,none
2026-02-04T00:05:09.213506,21.0,44.0,0,0,none,none
2026-02-04T00:05:11.468488,21.0,44.0,0,0,none,none
2026-02-04T00:05:13.723342,21.0,44.0,0,0,none,none
2026-02-04T00:05:15.978113,21.0,44.0,0,0,none,none
2026-02-04T00:05:18.232904,21.0,44.0,0,0,none,none
2026-02-04T00:05:20.487804,21.0,44.0,0,0,none,none
2026-02-04T00:05:22.742474,21.0,44.0,0,0,none,none
2026-02-04T00:05:24.997355,21.0,43.9,0,0,none,none
2026-02-04T00:05:27.252225,21.0,44.0,0,0,none,none
2026-02-04T00:05:29.506956,21.0,43.9,0,0,none,none
2026-02-04T00:05:31.761831,21.0,43.9,0,0,none,none
2026-02-04T00:05:34.016665,21.0,44.0,0,0,none,none
2026-02-04T00:05:36.271276,21.0,44.0,0,0,none,none
2026-02-04T00:05:38.526272,21.0,43.9,0,0,none,none
2026-02-04T00:05:40.781120,21.0,44.0,0,0,none,none
2026-02-04T00:05:43.035539,21.0,44.0,0,0,none,none
2026-02-04T00:05:45.290390,21.0,44.0,0,0,none,none
2026-02-04T00:05:47.545524,21.0,43.9,0,0,none,none
2026-02-04T00:05:49.800205,21.0,43.9,0,0,none,none
2026-02-04T00:05:52.055196,21.0,43.9,0,0,none,none
2026-02-04T00:05:54.310187,21.0,43.9,0,0,none,none
2026-02-04T00:05:56.564919,21.0,43.8,0,0,none,none
2026-02-04T00:05:58.819903,21.0,43.8,0,0,none,none
2026-02-04T00:06:01.074839,21.0,43.8,0,0,none,none
2026-02-04T00:06:03.329520,21.0,43.8,0,0,none,none
2026-02-04T00:06:05.584431,21.0,43.8,0,0,none,none
2026-02-04T00:06:07.839303,21.0,43.9,0,0,none,none
2026-02-04T00:06:10.094002,21.0,43.8,0,0,none,none
2026-02-04T00:06:12.348953,21.0,43.8,0,0,none,none
2026-02-04T00:06:14.603861,21.0,43.9,0,0,none,none
2026-02-04T00:06:16.858516,21.0,43.9,0,0,none,none
2026-02-04T00:06:19.113347,21.0,43.8,0,0,none,none
2026-02-04T00:06:21.368207,21.0,43.9,0,0,none,none
2026-02-04T00:06:23.622883,21.0,43.8,0,0,none,none
2026-02-04T00:06:25.877859,21.0,43.8,0,0,none,none
2026-02-04T00:06:28.132727,21.0,43.8,0,0,none,none
2026-02-04T00:06:30.387167,21.0,43.8,0,0,none,none
2026-02-04T00:06:32.642184,21.0,43.8,0,0,none,none
2026-02-04T00:06:34.897001,21.0,43.8,0,0,none,none
2026-02-04T00:06:37.151588,21.0,43.8,0,0,none,none
2026-02-04T00:06:39.406509,21.0,43.8,0,0,none,none
2026-02-04T00:06:41.661467,21.0,43.8,0,0,none,none
2026-02-04T00:06:43.916126,21.0,43.8,0,0,none,none
2026-02-04T00:06:46.170997,21.0,43.9,0,0,none,none
2026-02-04T00:06:48.427144,21.0,43.8,0,0,none,none
2026-02-04T00:06:50.681784,21.0,43.8,0,0,none,none
2026-02-04T00:06:52.936745,21.0,43.8,0,0,none,none
2026-02-04T00:06:55.193815,21.0,43.8,0,0,none,none
2026-02-04T00:06:57.448521,21.0,43.8,0,0,none,none
2026-02-04T00:06:59.703371,21.0,43.9,0,0,none,none
2026-02-04T00:07:01.957906,21.0,43.9,0,0,none,none
2026-02-04T00:07:04.212510,21.0,43.9,0,0,none,none
2026-02-04T00:07:06.467483,21.0,43.9,0,0,none,none
2026-02-04T00:07:08.722339,21.0,43.9,0,0,none,none
2026-02-04T00:07:10.977064,21.0,43.9,0,0,none,none
2026-02-04T00:07:13.231957,20.9,43.8,0,0,none,none
2026-02-04T00:07:15.486991,21.0,43.9,0,0,none,none
2026-02-04T00:07:17.741554,21.0,43.9,0,0,none,none
2026-02-04T00:07:19.996496,21.0,43.9,0,0,none,none
2026-02-04T00:07:22.251145,21.0,43.9,0,0,none,none
2026-02-04T00:07:24.505401,21.0,43.9,0,0,none,none
2026-02-04T00:07:26.760233,21.0,43.8,0,0,none,none
2026-02-04T00:07:29.014937,20.9,43.8,0,0,none,none
2026-02-04T00:07:31.269628,21.0,43.8,0,0,none,none
2026-02-04T00:07:33.524572,21.0,43.8,0,0,none,none
2026-02-04T00:07:35.780435,20.9,43.8,0,0,none,none
2026-02-04T00:07:38.035109,21.0,43.8,0,0,none,none
2026-02-04T00:07:40.290019,21.0,43.8,0,0,none,none
2026-02-04T00:07:42.545023,21.0,43.8,0,0,none,none
2026-02-04T00:07:44.799619,20.9,43.8,0,0,none,none
2026-02-04T00:07:47.054464,21.0,43.8,0,0,none,none
2026-02-04T00:07:49.311357,21.0,43.8,0,0,none,none
2026-02-04T00:07:51.566121,20.9,43.8,0,0,none,none
2026-02-04T00:07:53.820931,21.0,43.8,0,0,none,none
2026-02-04T00:07:56.075762,20.9,43.8,0,0,none,none
2026-02-04T00:07:58.330370,20.9,43.8,0,0,none,none
2026-02-04T00:08:00.585351,21.0,43.8,0,0,none,none
2026-02-04T00:08:02.840154,21.0,43.8,0,0,none,none
2026-02-04T00:08:05.094770,20.9,43.8,0,0,none,none
2026-02-04T00:08:07.349539,21.0,43.8,0,0,none,none
2026-02-04T00:08:09.604501,21.0,43.8,0,0,none,none
2026-02-04T00:08:11.858943,21.0,43.8,0,0,none,none
2026-02-04T00:08:14.113903,21.0,43.8,0,0,none,none
2026-02-04T00:08:16.368696,21.0,43.8,0,0,none,none
2026-02-04T00:08:18.623071,21.0,43.8,0,0,none,none
2026-02-04T00:08:20.877961,20.9,43.8,0,0,none,none
2026-02-04T00:08:23.132918,21.0,43.8,0,0,none,none
2026-02-04T00:08:25.387490,21.0,43.8,0,0,none,none
2026-02-04T00:08:27.642431,21.0,43.8,0,0,none,none
2026-02-04T00:08:29.897330,21.0,43.8,0,0,none,none
2026-02-04T00:08:32.151798,21.0,43.8,0,0,none,none
2026-02-04T00:08:34.406611,21.0,43.8,0,0,none,none
2026-02-04T00:08:36.661561,21.0,43.8,0,0,none,none
2026-02-04T00:08:38.916253,20.9,43.8,0,0,none,none
2026-02-04T00:08:41.171131,21.0,43.8,0,0,none,none
2026-02-04T00:08:43.427038,21.0,43.8,0,0,none,none
2026-02-04T00:08:45.756238,20.9,43.8,0,0,none,none
2026-02-04T00:08:48.011056,21.0,43.8,0,0,none,none
2026-02-04T00:08:50.265987,21.0,43.8,0,0,none,none
2026-02-04T00:08:52.520796,21.0,43.8,0,0,none,none
2026-02-04T00:08:54.775380,21.0,43.8,0,0,none,none
2026-02-04T00:08:57.030314,21.0,43.8,0,0,none,none
2026-02-04T00:08:59.285050,20.9,43.8,0,0,none,none
2026-02-04T00:09:01.540002,21.0,43.8,0,0,none,none
2026-02-04T00:09:03.794687,21.0,43.8,0,0,none,none
2026-02-04T00:09:06.049391,21.0,43.8,0,0,none,none
2026-02-04T00:09:08.304097,21.0,43.8,0,0,none,none
2026-02-04T00:09:10.559024,20.9,43.8,0,0,none,none
2026-02-04T00:09:12.813681,21.0,43.8,0,0,none,none
2026-02-04T00:09:15.068584,21.0,43.8,0,0,none,none
2026-02-04T00:09:17.323340,20.9,43.8,0,0,none,none
2026-02-04T00:09:19.578165,21.0,43.8,0,0,none,none
2026-02-04T00:09:21.832996,21.0,43.8,0,0,none,none
2026-02-04T00:09:24.087862,20.9,43.8,0,0,none,none
2026-02-04T00:09:26.342351,21.0,43.8,0,0,none,none
2026-02-04T00:09:28.597300,20.9,43.8,0,0,none,none
2026-02-04T00:09:30.852088,21.0,43.8,0,0,none,none
2026-02-04T00:09:33.106740,20.9,43.8,0,0,none,none
2026-02-04T00:09:35.361516,20.9,43.8,0,0,none,none
2026-02-04T00:09:37.616561,21.0,43.8,0,0,none,none
2026-02-04T00:09:39.871094,21.0,43.8,0,0,none,none
2026-02-04T00:09:42.126004,21.0,43.8,0,0,none,none
2026-02-04T00:09:44.380822,21.0,43.9,0,0,none,none
2026-02-04T00:09:46.635585,20.9,43.8,0,0,none,none
2026-02-04T00:09:48.890335,21.0,43.8,0,0,none,none
2026-02-04T00:09:51.145168,20.9,43.8,0,0,none,none
2026-02-04T00:09:53.399757,21.0,43.8,0,0,none,none
2026-02-04T00:09:55.654602,21.0,43.8,0,0,none,none
2026-02-04T00:09:57.909487,21.0,43.8,0,0,none,none
2026-02-04T00:10:00.163878,21.0,43.9,0,0,none,none
2026-02-04T00:10:02.418618,21.0,43.8,0,0,none,none
2026-02-04T00:10:04.673638,20.9,43.8,0,0,none,none
2026-02-04T00:10:06.928270,21.0,43.8,0,0,none,none
2026-02-04T00:10:09.182806,20.9,43.8,0,0,none,none
2026-02-04T00:10:11.437831,20.9,43.8,0,0,none,none
2026-02-04T00:10:13.692634,20.9,43.8,0,0,none,none
2026-02-04T00:10:15.947477,20.9,43.8,0,0,none,none
2026-02-04T00:10:18.202291,20.9,43.8,0,0,none,none
2026-02-04T00:10:20.457021,21.0,43.8,0,0,none,none
2026-02-04T00:10:22.711919,20.9,43.8,0,0,none,none
2026-02-04T00:10:24.966635,20.9,43.8,0,0,none,none
2026-02-04T00:10:27.221359,20.9,43.8,0,0,none,none
2026-02-04T00:10:29.476301,20.9,43.8,0,0,none,none
2026-02-04T00:10:31.731003,21.0,43.8,0,0,none,none
2026-02-04T00:10:33.985560,20.9,43.8,0,0,none,none
2026-02-04T00:10:36.240435,20.9,43.8,0,0,none,none
2026-02-04T00:10:38.495348,20.9,43.8,0,0,none,none
2026-02-04T00:10:40.750050,20.9,43.8,0,0,none,none
2026-02-04T00:10:43.004868,21.0,43.8,0,0,none,none
2026-02-04T00:10:45.259709,21.0,43.8,0,0,none,none
2026-02-04T00:10:47.514429,20.9,43.8,0,0,none,none
2026-02-04T00:10:49.769331,21.0,43.8,0,0,none,none
2026-02-04T00:10:52.024267,20.9,43.8,0,0,none,none
2026-02-04T00:10:54.278985,21.0,43.8,0,0,none,none
2026-02-04T00:10:56.534115,21.0,43.8,0,0,none,none
2026-02-04T00:10:58.789071,21.0,43.8,0,0,none,none
2026-02-04T00:11:01.043643,20.9,43.8,0,0,none,none
2026-02-04T00:11:03.298449,20.9,43.8,0,0,none,none
2026-02-04T00:11:05.553459,20.9,43.8,0,0,none,none
2026-02-04T00:11:07.808071,20.9,43.8,0,0,none,none
2026-02-04T00:11:10.062933,21.0,43.9,0,0,none,none
2026-02-04T00:11:12.317796,20.9,43.8,0,0,none,none
2026-02-04T00:11:14.572584,20.9,43.8,0,0,none,none
2026-02-04T00:11:16.827117,20.9,43.8,0,0,none,none
2026-02-04T00:11:19.081924,20.9,43.8,0,0,none,none
2026-02-04T00:11:21.336522,21.0,43.8,0,0,none,none
2026-02-04T00:11:23.591522,21.0,43.8,0,0,none,none
2026-02-04T00:11:25.846263,20.9,43.8,0,0,none,none
2026-02-04T00:11:28.100949,20.9,43.8,0,0,none,none
2026-02-04T00:11:30.355761,21.0,43.8,0,0,none,none
2026-02-04T00:11:32.610714,21.0,43.8,0,0,none,none
2026-02-04T00:11:34.865398,20.9,43.8,0,0,none,none
2026-02-04T00:11:37.120246,20.9,43.8,0,0,none,none
2026-02-04T00:11:39.375165,21.0,43.8,0,0,none,none
2026-02-04T00:11:41.629994,20.9,43.8,0,0,none,none
2026-02-04T00:11:43.884795,21.0,43.8,0,0,none,none
2026-02-04T00:11:46.139646,21.0,43.8,0,0,none,none
2026-02-04T00:11:48.394110,20.9,43.7,0,0,none,none
2026-02-04T00:11:50.649119,21.0,43.8,0,0,none,none
2026-02-04T00:11:52.903614,20.9,43.7,0,0,none,none
2026-02-04T00:11:55.158293,20.9,43.7,0,0,none,none
2026-02-04T00:11:57.413139,20.9,43.7,0,0,none,none
2026-02-04T00:11:59.668229,20.9,43.6,0,0,none,none
2026-02-04T00:12:01.922470,21.0,43.7,0,0,none,none
2026-02-04T00:12:04.177347,20.9,43.6,0,0,none,none
2026-02-04T00:12:06.432363,20.9,43.7,0,0,none,none
2026-02-04T00:12:08.687055,20.9,43.6,0,0,none,none
2026-02-04T00:12:10.942059,20.9,43.6,0,0,none,none
2026-02-04T00:12:13.198799,20.9,43.6,0,0,none,none
2026-02-04T00:12:15.453562,20.9,43.6,0,0,none,none
2026-02-04T00:12:17.708495,20.9,43.6,0,0,none,none
2026-02-04T00:12:19.963320,20.9,43.7,0,0,none,none
2026-02-04T00:12:22.218007,21.0,43.7,0,0,none,none
2026-02-04T00:12:24.472957,20.9,43.7,0,0,none,none
2026-02-04T00:12:26.727787,21.0,43.7,0,0,none,none
2026-02-04T00:12:28.982380,21.0,43.7,0,0,none,none
2026-02-04T00:12:31.237283,20.9,43.6,0,0,none,none
2026-02-04T00:12:33.491752,21.0,43.7,0,0,none,none
2026-02-04T00:12:35.746174,21.0,43.7,0,0,none,none
2026-02-04T00:12:38.001096,20.9,43.6,0,0,none,none
2026-02-04T00:12:40.255942,21.0,43.7,0,0,none,none
2026-02-04T00:12:42.510694,20.9,43.6,0,0,none,none
2026-02-04T00:12:44.765596,20.9,43.7,0,0,none,none
2026-02-04T00:12:47.020534,20.9,43.7,0,0,none,none
2026-02-04T00:12:49.275182,20.9,43.6,0,0,none,none
2026-02-04T00:12:51.530200,21.0,43.7,0,0,none,none
2026-02-04T00:12:53.785136,20.9,43.6,0,0,none,none
2026-02-04T00:12:56.039513,20.9,43.6,0,0,none,none
2026-02-04T00:12:58.294225,20.9,43.6,0,0,none,none
2026-02-04T00:13:00.549164,20.9,43.7,0,0,none,none
2026-02-04T00:13:02.803827,21.0,43.7,0,0,none,none
2026-02-04T00:13:05.058501,21.0,43.7,0,0,none,none
2026-02-04T00:13:07.313391,21.0,43.7,0,0,none,none
2026-02-04T00:13:09.568125,21.0,43.7,0,0,none,none
2026-02-04T00:13:11.822970,20.9,43.6,0,0,none,none
2026-02-04T00:13:14.077879,20.9,43.6,0,0,none,none
2026-02-04T00:13:16.332536,21.0,43.7,0,0,none,none
2026-02-04T00:13:18.587525,21.0,43.7,0,0,none,none
2026-02-04T00:13:20.842344,21.0,43.7,0,0,none,none
2026-02-04T00:13:23.096855,21.0,43.7,0,0,none,none
2026-02-04T00:13:25.351697,20.9,43.6,0,0,none,none
2026-02-04T00:13:27.606617,21.0,43.7,0,0,none,none
2026-02-04T00:13:29.861332,20.9,43.6,0,0,none,none
2026-02-04T00:13:32.116101,21.0,43.7,0,0,none,none
2026-02-04T00:13:34.370850,20.9,43.6,0,0,none,none
2026-02-04T00:13:36.625641,21.0,43.7,0,0,none,none
2026-02-04T00:13:38.880528,20.9,43.6,0,0,none,none
2026-02-04T00:13:41.135269,21.0,43.7,0,0,none,none
2026-02-04T00:13:43.389956,20.9,43.6,0,0,none,none
2026-02-04T00:13:45.644925,20.9,43.6,0,0,none,none
2026-02-04T00:13:47.901383,21.0,43.7,0,0,none,none
2026-02-04T00:13:50.155946,21.0,43.7,0,0,none,none
2026-02-04T00:13:52.410760,20.9,43.6,0,0,none,none
2026-02-04T00:13:54.665663,20.9,43.6,0,0,none,none
2026-02-04T00:13:56.920359,21.0,43.7,0,0,none,none
2026-02-04T00:13:59.175148,20.9,43.6,0,0,none,none
2026-02-04T00:14:01.430250,20.9,43.6,0,0,none,none
2026-02-04T00:14:03.685049,20.9,43.6,0,0,none,none
2026-02-04T00:14:05.939801,20.9,43.6,0,0,none,none
2026-02-04T00:14:08.194598,20.9,43.6,0,0,none,none
2026-02-04T00:14:10.449348,20.9,43.6,0,0,none,none
2026-02-04T00:14:12.704160,20.9,43.6,0,0,none,none
2026-02-04T00:14:14.958877,21.0,43.7,0,0,none,none
2026-02-04T00:14:17.213549,21.0,43.7,0,0,none,none
2026-02-04T00:14:19.468520,20.9,43.6,0,0,none,none
2026-02-04T00:14:21.723289,20.9,43.6,0,0,none,none
2026-02-04T00:14:23.977949,20.9,43.6,0,0,none,none
2026-02-04T00:14:26.232833,20.9,43.6,0,0,none,none
2026-02-04T00:14:28.487761,20.9,43.6,0,0,none,none
2026-02-04T00:14:30.742363,20.9,43.6,0,0,none,none
2026-02-04T00:14:32.997280,20.9,43.6,0,0,none,none
2026-02-04T00:14:35.252143,20.9,43.6,0,0,none,none
2026-02-04T00:14:37.506487,20.9,43.6,0,0,none,none
2026-02-04T00:14:39.761410,20.9,43.6,0,0,none,none
2026-02-04T00:14:42.016184,21.0,43.7,0,0,none,none
2026-02-04T00:14:44.270913,20.9,43.6,0,0,none,none
2026-02-04T00:14:46.525599,20.9,43.6,0,0,none,none
2026-02-04T00:14:48.780597,20.9,43.6,0,0,none,none
2026-02-04T00:14:51.035179,20.9,43.6,0,0,none,none
2026-02-04T00:14:53.290100,20.9,43.6,0,0,none,none
2026-02-04T00:14:55.545054,20.9,43.6,0,0,none,none
2026-02-04T00:14:57.799584,20.9,43.6,0,0,none,none
2026-02-04T00:15:00.054368,20.9,43.6,0,0,none,none
2026-02-04T00:15:02.309136,20.9,43.6,0,0,none,none
2026-02-04T00:15:04.563860,20.9,43.6,0,0,none,none
2026-02-04T00:15:06.818631,20.9,43.6,0,0,none,none
2026-02-04T00:15:09.074882,20.9,43.6,0,0,none,none
2026-02-04T00:15:11.329531,20.9,43.6,0,0,none,none
2026-02-04T00:15:13.584524,20.9,43.6,0,0,none,none
2026-02-04T00:15:15.839347,20.9,43.6,0,0,none,none
2026-02-04T00:15:18.094002,20.9,43.6,0,0,none,none
2026-02-04T00:15:20.348545,20.9,43.6,0,0,none,none
2026-02-04T00:15:22.603569,20.9,43.6,0,0,none,none
2026-02-04T00:15:24.858278,20.9,43.6,0,0,none,none
2026-02-04T00:15:27.113175,20.9,43.6,0,0,none,none
2026-02-04T00:15:29.370088,20.9,43.6,0,0,none,none
2026-02-04T00:15:31.624841,20.9,43.6,0,0,none,none
2026-02-04T00:15:33.879781,20.9,43.6,0,0,none,none
2026-02-04T00:15:36.134686,20.9,43.6,0,0,none,none
2026-02-04T00:15:38.389372,20.9,43.6,0,0,none,none
2026-02-04T00:15:40.644333,20.9,43.6,0,0,none,none
2026-02-04T00:15:42.898709,20.9,43.6,0,0,none,none
2026-02-04T00:15:45.153488,20.9,43.6,0,0,none,none
2026-02-04T00:15:47.408046,20.9,43.6,0,0,none,none
2026-02-04T00:15:49.662973,20.9,43.6,0,0,none,none
2026-02-04T00:15:51.917709,20.9,43.6,0,0,none,none
2026-02-04T00:15:54.172571,20.9,43.6,0,0,none,none
2026-02-04T00:15:56.427511,20.9,43.6,0,0,none,none
2026-02-04T00:15:58.681978,20.9,43.6,0,0,none,none
2026-02-04T00:16:00.936941,20.9,43.6,0,0,none,none
2026-02-04T00:16:03.191832,20.9,43.6,0,0,none,none
2026-02-04T00:16:05.446520,20.9,43.6,0,0,none,none
2026-02-04T00:16:07.701577,20.9,43.6,0,0,none,none
2026-02-04T00:16:09.956584,20.9,43.6,0,0,none,none
2026-02-04T00:16:12.211258,20.9,43.6,0,0,none,none
2026-02-04T00:16:14.466374,20.9,43.6,0,0,none,none
2026-02-04T00:16:16.721364,20.9,43.6,0,0,none,none
2026-02-04T00:16:18.976094,20.9,43.6,0,0,none,none
2026-02-04T00:16:21.230878,20.9,43.6,0,0,none,none
2026-02-04T00:16:23.486085,20.9,43.6,0,0,none,none
2026-02-04T00:16:25.740873,20.9,43.5,0,0,none,none
2026-02-04T00:16:27.995612,20.9,43.6,0,0,none,none
2026-02-04T00:16:30.250441,20.9,43.6,0,0,none,none
2026-02-04T00:16:32.504663,20.9,43.6,0,0,none,none
2026-02-04T00:16:34.759590,20.9,43.6,0,0,none,none
2026-02-04T00:16:37.014471,20.9,43.6,0,0,none,none
2026-02-04T00:16:39.269209,20.9,43.5,0,0,none,none
2026-02-04T00:16:41.524209,20.9,43.6,0,0,none,none
2026-02-04T00:16:43.778956,20.9,43.6,0,0,none,none
2026-02-04T00:16:46.033756,20.9,43.5,0,0,none,none
2026-02-04T00:16:48.288732,20.9,43.5,0,0,none,none
2026-02-04T00:16:50.543549,20.9,43.5,0,0,none,none
2026-02-04T00:16:52.798261,20.9,43.5,0,0,none,none
2026-02-04T00:16:55.053152,20.9,43.5,0,0,none,none
2026-02-04T00:16:57.307906,20.9,43.5,0,0,none,none
2026-02-04T00:16:59.562705,20.9,43.5,0,0,none,none
2026-02-04T00:17:01.817608,20.9,43.5,0,0,none,none
2026-02-04T00:17:04.072674,20.9,43.5,0,0,none,none
2026-02-04T00:17:06.327406,20.9,43.5,0,0,none,none
2026-02-04T00:17:08.582473,20.9,43.5,0,0,none,none
2026-02-04T00:17:10.837376,20.9,43.5,0,0,none,none
2026-02-04T00:17:13.092135,20.9,43.5,0,0,none,none
2026-02-04T00:17:15.347018,20.9,43.5,0,0,none,none
2026-02-04T00:17:17.602123,20.9,43.5,0,0,none,none
2026-02-04T00:17:19.856854,20.9,43.5,0,0,none,none
2026-02-04T00:17:22.111801,20.9,43.5,0,0,none,none
2026-02-04T00:17:24.366705,20.9,43.5,0,0,none,none
2026-02-04T00:17:26.621568,20.9,43.5,0,0,none,none
2026-02-04T00:17:28.876508,20.9,43.5,0,0,none,none
2026-02-04T00:17:31.131301,20.9,43.5,0,0,none,none
2026-02-04T00:17:33.386144,20.9,43.4,0,0,none,none
2026-02-04T00:17:35.641206,20.9,43.4,0,0,none,none
2026-02-04T00:17:37.896088,20.9,43.5,0,0,none,none
2026-02-04T00:17:40.150775,20.9,43.5,0,0,none,none
2026-02-04T00:17:42.405654,20.9,43.5,0,0,none,none
2026-02-04T00:17:44.660716,20.9,43.5,0,0,none,none
2026-02-04T00:17:46.915337,20.9,43.5,0,0,none,none
2026-02-04T00:17:49.170293,20.9,43.5,0,0,none,none
2026-02-04T00:17:51.425177,20.9,43.5,0,0,none,none
2026-02-04T00:17:53.679929,20.9,43.5,0,0,none,none
2026-02-04T00:17:55.934769,20.9,43.5,0,0,none,none
2026-02-04T00:17:58.189697,20.9,43.5,0,0,none,none
2026-02-04T00:18:00.444551,20.9,43.5,0,0,none,none
2026-02-04T00:18:02.699349,20.9,43.5,0,0,none,none
2026-02-04T00:18:04.954217,20.9,43.5,0,0,none,none
2026-02-04T00:18:07.208859,20.9,43.5,0,0,none,none
2026-02-04T00:18:09.463506,20.9,43.5,0,0,none,none
2026-02-04T00:18:11.718456,20.9,43.6,0,0,none,none
2026-02-04T00:18:13.973142,20.9,43.5,0,0,none,none
2026-02-04T00:18:16.228060,20.9,43.5,0,0,none,none
2026-02-04T00:18:18.482985,20.9,43.5,0,0,none,none
2026-02-04T00:18:20.737820,20.9,43.5,0,0,none,none
2026-02-04T00:18:22.992760,20.9,43.5,0,0,none,none
2026-02-04T00:18:25.247675,20.9,43.5,0,0,none,none
2026-02-04T00:18:27.502006,20.9,43.5,0,0,none,none
2026-02-04T00:18:29.756869,20.9,43.5,0,0,none,none
2026-02-04T00:18:32.011636,20.9,43.5,0,0,none,none
2026-02-04T00:18:34.266325,20.9,43.5,0,0,none,none
2026-02-04T00:18:36.521383,20.9,43.5,0,0,none,none
2026-02-04T00:18:38.776370,20.9,43.5,0,0,none,none
2026-02-04T00:18:41.031105,20.9,43.5,0,0,none,none
2026-02-04T00:18:43.286012,20.9,43.5,0,0,none,none
2026-02-04T00:18:45.541093,20.9,43.5,0,0,none,none
2026-02-04T00:18:47.795773,20.9,43.5,0,0,none,none
2026-02-04T00:18:50.050671,20.9,43.5,0,0,none,none
2026-02-04T00:18:52.305535,20.9,43.5,0,0,none,none
2026-02-04T00:18:54.560082,20.9,43.5,0,0,none,none
2026-02-04T00:18:56.814949,20.9,43.5,0,0,none,none
2026-02-04T00:18:59.069930,20.9,43.5,0,0,none,none
2026-02-04T00:19:01.324486,20.9,43.5,0,0,none,none
2026-02-04T00:19:03.579556,20.9,43.5,0,0,none,none
2026-02-04T00:19:05.834420,20.9,43.5,0,0,none,none
2026-02-04T00:19:08.089166,20.9,43.5,0,0,none,none
2026-02-04T00:19:10.343993,20.9,43.5,0,0,none,none
2026-02-04T00:19:12.598968,20.9,43.5,0,0,none,none
2026-02-04T00:19:14.853698,20.9,43.5,0,0,none,none
2026-02-04T00:19:17.108404,20.9,43.5,0,0,none,none
2026-02-04T00:19:19.363316,20.9,43.5,0,0,none,none
2026-02-04T00:19:21.618247,20.9,43.5,0,0,none,none
2026-02-04T00:19:23.873116,20.9,43.5,0,0,none,none
2026-02-04T00:19:26.128016,20.9,43.5,0,0,none,none
2026-02-04T00:19:28.382592,20.9,43.5,0,0,none,none
2026-02-04T00:19:30.637549,20.9,43.5,0,0,none,none
2026-02-04T00:19:32.892504,20.9,43.5,0,0,none,none
2026-02-04T00:19:35.147262,20.9,43.5,0,0,none,none
2026-02-04T00:19:37.402272,20.9,43.5,0,0,none,none
2026-02-04T00:19:39.657258,20.9,43.5,0,0,none,none
2026-02-04T00:19:41.911905,20.9,43.5,0,0,none,none
2026-02-04T00:19:44.166755,20.9,43.5,0,0,none,none
2026-02-04T00:19:46.422943,20.9,43.5,0,0,none,none
2026-02-04T00:19:48.677811,20.9,43.5,0,0,none,none
2026-02-04T00:19:50.932490,20.9,43.5,0,0,none,none
2026-02-04T00:19:53.189611,20.9,43.5,0,0,none,none
2026-02-04T00:19:55.444439,20.9,43.5,0,0,none,none
2026-02-04T00:19:57.699417,20.9,43.5,0,0,none,none
2026-02-04T00:19:59.954323,20.9,43.5,0,0,none,none
2026-02-04T00:20:02.208887,20.9,43.5,0,0,none,none
2026-02-04T00:20:04.463909,20.9,43.5,0,0,none,none
2026-02-04T00:20:06.718629,20.9,43.5,0,0,none,none
2026-02-04T00:20:08.973386,20.9,43.5,0,0,none,none
2026-02-04T00:20:11.228389,20.9,43.5,0,0,none,none
2026-02-04T00:20:13.483373,20.9,43.5,0,0,none,none
2026-02-04T00:20:15.738095,20.9,43.5,0,0,none,none
2026-02-04T00:20:17.993008,20.9,43.5,0,0,none,none
2026-02-04T00:20:20.247878,20.9,43.5,0,0,none,none
2026-02-04T00:20:22.502648,20.9,43.5,0,0,none,none
2026-02-04T00:20:24.757457,20.9,43.5,0,0,none,none
2026-02-04T00:20:27.012458,20.9,43.5,0,0,none,none
2026-02-04T00:20:29.267191,20.9,43.5,0,0,none,none
2026-02-04T00:20:31.522089,20.9,43.5,0,0,none,none
2026-02-04T00:20:33.822231,20.9,43.5,0,0,none,none
2026-02-04T00:20:36.076801,20.9,43.5,0,0,none,none
2026-02-04T00:20:38.331749,20.9,43.5,0,0,none,none
2026-02-04T00:20:40.586805,20.9,43.5,0,0,none,none
2026-02-04T00:20:42.841462,20.9,43.5,0,0,none,none
2026-02-04T00:20:45.096338,20.9,43.5,0,0,none,none
2026-02-04T00:20:47.352669,20.9,43.5,0,0,none,none
2026-02-04T00:20:49.607512,20.9,43.5,0,0,none,none
2026-02-04T00:20:51.862462,20.9,43.5,0,0,none,none
2026-02-04T00:20:54.117193,20.9,43.5,0,0,none,none
2026-02-04T00:20:56.371887,20.9,43.5,0,0,none,none
2026-02-04T00:20:58.626860,20.9,43.5,0,0,none,none
2026-02-04T00:21:00.881817,20.9,43.5,0,0,none,none
2026-02-04T00:21:03.136526,20.9,43.5,0,0,none,none
2026-02-04T00:21:05.391415,20.9,43.5,0,0,none,none
2026-02-04T00:21:07.646350,20.9,43.5,0,0,none,none
2026-02-04T00:21:09.901068,20.8,43.4,0,0,none,none
2026-02-04T00:21:12.155899,20.9,43.5,0,0,none,none
2026-02-04T00:21:14.410771,20.9,43.5,0,0,none,none
2026-02-04T00:21:16.665442,20.9,43.4,0,0,none,none
2026-02-04T00:21:18.920240,20.9,43.4,0,0,none,none
2026-02-04T00:21:21.174653,20.9,43.4,0,0,none,none
2026-02-04T00:21:23.429613,20.9,43.4,0,0,none,none
2026-02-04T00:21:25.684691,20.9,43.4,0,0,none,none
2026-02-04T00:21:27.939602,20.9,43.4,0,0,none,none
2026-02-04T00:21:30.194278,20.9,43.4,0,0,none,none
2026-02-04T00:21:32.449217,20.9,43.4,0,0,none,none
2026-02-04T00:21:34.705724,20.9,43.4,0,0,none,none
2026-02-04T00:21:36.960428,20.9,43.4,0,0,none,none
2026-02-04T00:21:39.215330,20.9,43.4,0,0,none,none
2026-02-04T00:21:41.470212,20.9,43.5,0,0,none,none
2026-02-04T00:21:43.725023,20.9,43.5,0,0,none,none
2026-02-04T00:21:45.979996,20.9,43.4,0,0,none,none
2026-02-04T00:21:48.234900,20.9,43.5,0,0,none,none
2026-02-04T00:21:50.489823,20.9,43.4,0,0,none,none
2026-02-04T00:21:52.744631,20.9,43.5,0,0,none,none
2026-02-04T00:21:54.999014,20.9,43.5,0,0,none,none
2026-02-04T00:21:57.253771,20.9,43.4,0,0,none,none
2026-02-04T00:21:59.508806,20.9,43.5,0,0,none,none
2026-02-04T00:22:01.764629,20.9,43.5,0,0,none,none
2026-02-04T00:22:04.019327,20.8,43.4,0,0,none,none
2026-02-04T00:22:06.274336,20.9,43.4,0,0,none,none
2026-02-04T00:22:08.529417,20.9,43.4,0,0,none,none
2026-02-04T00:22:10.784089,20.9,43.5,0,0,none,none
2026-02-04T00:22:13.038958,20.9,43.5,0,0,none,none
2026-02-04T00:22:15.295913,20.9,43.5,0,0,none,none
2026-02-04T00:22:17.550702,20.9,43.5,0,0,none,none
2026-02-04T00:22:19.805512,20.9,43.5,0,0,none,none
2026-02-04T00:22:22.062238,20.9,43.5,0,0,none,none
2026-02-04T00:22:24.317006,20.9,43.4,0,0,none,none
2026-02-04T00:22:26.572052,20.9,43.4,0,0,none,none
2026-02-04T00:22:28.826357,20.9,43.4,0,0,none,none
2026-02-04T00:22:31.081112,20.9,43.4,0,0,none,none
2026-02-04T00:22:33.336097,20.9,43.4,0,0,none,none
2026-02-04T00:22:35.591032,20.9,43.4,0,0,none,none
2026-02-04T00:22:37.845814,20.9,43.4,0,0,none,none
2026-02-04T00:22:40.100670,20.9,43.4,0,0,none,none
2026-02-04T00:22:42.355550,20.9,43.4,0,0,none,none
2026-02-04T00:22:44.610383,20.9,43.5,0,0,none,none
2026-02-04T00:22:46.865264,20.9,43.4,0,0,none,none
2026-02-04T00:22:49.120085,20.9,43.5,1,0,none,none
2026-02-04T00:22:51.374794,20.9,43.5,0,0,none,none
2026-02-04T00:22:53.629731,20.9,43.4,0,0,none,none
2026-02-04T00:22:55.884657,20.8,43.4,0,0,none,none
2026-02-04T00:22:58.139304,20.9,43.5,0,0,none,none
2026-02-04T00:23:00.394240,20.9,43.5,0,0,none,none
2026-02-04T00:23:02.649048,20.8,43.4,0,0,none,none
2026-02-04T00:23:04.903723,20.9,43.5,0,0,none,none
2026-02-04T00:23:07.158374,20.9,43.5,0,0,none,none
2026-02-04T00:23:09.413308,20.9,43.4,0,0,none,none
2026-02-04T00:23:11.668173,20.9,43.5,0,0,none,none
2026-02-04T00:23:13.922962,20.9,43.4,0,0,none,none
2026-02-04T00:23:16.177898,20.9,43.5,0,0,none,none
2026-02-04T00:23:18.432712,20.9,43.4,0,0,none,none
2026-02-04T00:23:20.687693,20.8,43.3,0,0,none,none
2026-02-04T00:23:22.942532,20.9,43.4,0,0,none,none
2026-02-04T00:23:25.197249,20.9,43.4,0,0,none,none
2026-02-04T00:23:27.452303,20.9,43.5,0,0,none,none
2026-02-04T00:23:29.707218,20.9,43.5,0,0,none,none
2026-02-04T00:23:31.961919,20.9,43.4,0,0,none,none
2026-02-04T00:23:34.216873,20.8,43.4,0,0,none,none
2026-02-04T00:23:36.471523,20.8,43.4,0,0,none,none
2026-02-04T00:23:38.726430,20.9,43.5,0,0,none,none
2026-02-04T00:23:40.981346,20.9,43.5,0,0,none,none
2026-02-04T00:23:43.236290,20.8,43.3,0,0,none,none
2026-02-04T00:23:45.490771,20.9,43.5,0,0,none,none
2026-02-04T00:23:47.745719,20.8,43.4,0,0,none,none
2026-02-04T00:23:50.000724,20.9,43.5,0,0,none,none
2026-02-04T00:23:52.255431,20.9,43.5,0,0,none,none
2026-02-04T00:23:54.510163,20.9,43.5,0,0,none,none
2026-02-04T00:23:56.845987,20.9,43.5,0,0,none,none
2026-02-04T00:23:59.181548,20.9,43.5,0,0,none,none
2026-02-04T00:24:01.517483,20.9,43.5,0,0,none,none
2026-02-04T00:24:03.848425,20.9,43.5,1,0,none,none
2026-02-04T00:24:06.102967,20.9,43.5,0,0,none,none
2026-02-04T00:24:08.358007,20.9,43.5,0,0,none,none
2026-02-04T00:24:10.613073,20.9,43.5,0,0,none,none
2026-02-04T00:24:12.867479,20.9,43.5,0,0,none,none
2026-02-04T00:24:15.122407,20.8,43.4,0,0,none,none
2026-02-04T00:24:17.377362,20.9,43.5,0,0,none,none
2026-02-04T00:24:19.632201,20.9,43.5,0,0,none,none
2026-02-04T00:24:21.887145,20.8,43.4,0,0,none,none
2026-02-04T00:24:24.142141,20.9,43.5,0,0,none,none
2026-02-04T00:24:26.396926,20.8,43.4,0,0,none,none
2026-02-04T00:24:28.651945,20.9,43.5,0,0,none,none
2026-02-04T00:24:30.906779,20.9,43.5,0,0,none,none
2026-02-04T00:24:33.161558,20.9,43.5,0,0,none,none
2026-02-04T00:24:35.416221,20.9,43.5,0,0,none,none
2026-02-04T00:24:37.671246,20.8,43.4,0,0,none,none
2026-02-04T00:24:39.926059,20.9,43.4,0,0,none,none
2026-02-04T00:24:42.180913,20.9,43.5,0,0,none,none
2026-02-04T00:24:44.435962,20.9,43.5,1,0,none,none
2026-02-04T00:24:46.690285,20.8,43.4,0,0,none,none
2026-02-04T00:24:48.945220,20.8,43.4,0,0,none,none
2026-02-04T00:24:51.200164,20.9,43.4,0,0,none,none
2026-02-04T00:24:53.455038,20.9,43.4,0,0,none,none
2026-02-04T00:24:55.710237,20.9,43.4,0,0,none,none
2026-02-04T00:24:57.965184,20.8,43.3,0,0,none,none
2026-02-04T00:25:00.219913,20.9,43.4,1,0,none,none
2026-02-04T00:25:02.474944,20.9,43.4,0,0,none,none
2026-02-04T00:25:04.729912,20.8,43.3,0,0,none,none
2026-02-04T00:25:06.984611,20.9,43.4,0,0,none,none
2026-02-04T00:25:09.239079,20.9,43.4,0,0,none,none
2026-02-04T00:25:11.494183,20.9,43.4,1,0,none,none
2026-02-04T00:25:13.748954,20.9,43.3,0,0,none,none
2026-02-04T00:25:16.003890,20.9,43.4,0,0,none,none
2026-02-04T00:25:18.258816,20.9,43.4,0,0,none,none
2026-02-04T00:25:20.513631,20.8,43.3,0,0,none,none
2026-02-04T00:25:22.768567,20.9,43.4,0,0,none,none
2026-02-04T00:25:25.023515,20.8,43.3,0,0,none,none
2026-02-04T00:25:27.278244,20.9,43.4,0,0,none,none
2026-02-04T00:25:29.533243,20.9,43.4,0,0,none,none
2026-02-04T00:25:31.788088,20.9,43.4,0,0,none,none
2026-02-04T00:25:34.042820,20.9,43.4,0,0,none,none
2026-02-04T00:25:36.297730,20.8,43.3,0,0,none,none
2026-02-04T00:25:38.552863,20.9,43.3,0,0,none,none
2026-02-04T00:25:40.807590,20.9,43.3,0,0,none,none
2026-02-04T00:25:43.061999,20.9,43.3,0,0,none,none
2026-02-04T00:25:45.316951,20.8,43.2,0,0,none,none
2026-02-04T00:25:47.571760,20.9,43.3,0,0,none,none
2026-02-04T00:25:49.826732,20.8,43.2,0,0,none,none
2026-02-04T00:25:52.081692,20.9,43.3,0,0,none,none
2026-02-04T00:25:54.335958,20.8,43.3,0,0,none,none
2026-02-04T00:25:56.591001,20.9,43.3,0,0,none,none
2026-02-04T00:25:58.845946,20.9,43.3,0,0,none,none
2026-02-04T00:26:01.100670,20.8,43.3,0,0,none,none
2026-02-04T00:26:03.355596,20.9,43.3,0,0,none,none
2026-02-04T00:26:05.612775,20.9,43.3,0,0,none,none
2026-02-04T00:26:07.867069,20.9,43.3,0,0,none,none
2026-02-04T00:26:10.202809,20.9,43.3,0,0,none,none
2026-02-04T00:26:12.476086,20.9,43.3,0,0,none,none
2026-02-04T00:26:14.730715,20.9,43.3,0,0,none,none
2026-02-04T00:26:16.985597,20.9,43.3,0,0,none,none
2026-02-04T00:26:19.240487,20.8,43.3,0,0,none,none
2026-02-04T00:26:21.494716,20.9,43.3,0,0,none,none
2026-02-04T00:26:23.749585,20.9,43.3,0,0,none,none
2026-02-04T00:26:26.004511,20.8,43.3,0,0,none,none
2026-02-04T00:26:28.259011,20.8,43.2,0,0,none,none
2026-02-04T00:26:30.514040,20.9,43.3,0,0,none,none
2026-02-04T00:26:32.768860,20.8,43.2,0,0,none,none
2026-02-04T00:26:35.023149,20.9,43.3,0,0,none,none
2026-02-04T00:26:37.278045,20.9,43.3,0,0,none,none
2026-02-04T00:26:39.532971,20.9,43.3,0,0,none,none
2026-02-04T00:26:41.787647,20.9,43.3,0,0,none,none
2026-02-04T00:26:44.042453,20.9,43.3,0,0,none,none
2026-02-04T00:26:46.297324,20.9,43.2,0,0,none,none
2026-02-04T00:26:48.551964,20.9,43.3,0,0,none,none
2026-02-04T00:26:50.806650,20.9,43.2,0,0,none,none
2026-02-04T00:26:53.061550,20.9,43.3,0,0,none,none
2026-02-04T00:26:55.316074,20.9,43.2,0,0,none,none
2026-02-04T00:26:57.570945,20.9,43.3,0,0,none,none
2026-02-04T00:26:59.825825,20.9,43.3,0,0,none,none
2026-02-04T00:27:02.080370,20.9,43.3,0,0,none,none
2026-02-04T00:27:04.335156,20.9,43.3,0,0,none,none
2026-02-04T00:27:06.590160,20.9,43.3,0,0,none,none
2026-02-04T00:27:08.844748,20.9,43.2,0,0,none,none
2026-02-04T00:27:11.099521,20.9,43.2,0,0,none,none
2026-02-04T00:27:13.353965,20.9,43.2,0,0,none,none
2026-02-04T00:27:15.608740,20.9,43.3,0,0,none,none
2026-02-04T00:27:17.863500,20.9,43.3,0,0,none,none
2026-02-04T00:27:20.118257,20.9,43.3,0,0,none,none
2026-02-04T00:27:22.372837,20.9,43.3,0,0,none,none
2026-02-04T00:27:24.627726,20.9,43.3,0,0,none,none
2026-02-04T00:27:26.882530,20.8,43.2,0,0,none,none
2026-02-04T00:27:29.137184,20.9,43.2,0,0,none,none
2026-02-04T00:27:31.391892,20.9,43.2,0,0,none,none
2026-02-04T00:27:33.646809,20.8,43.1,0,0,none,none
2026-02-04T00:27:35.901429,20.9,43.2,0,0,none,none
2026-02-04T00:27:38.156271,20.9,43.2,0,0,none,none
2026-02-04T00:27:40.411105,20.9,43.2,0,0,none,none
2026-02-04T00:27:42.665887,20.9,43.2,0,0,none,none
2026-02-04T00:27:44.920214,20.9,43.2,0,0,none,none
2026-02-04T00:27:47.174884,20.8,43.1,0,0,none,none
2026-02-04T00:27:49.429682,20.9,43.2,0,0,none,none
2026-02-04T00:27:51.684535,20.9,43.2,0,0,none,none
2026-02-04T00:27:53.939427,20.9,43.2,0,0,none,none
2026-02-04T00:27:56.194111,20.9,43.2,0,0,none,none
2026-02-04T00:27:58.449053,20.9,43.2,0,0,none,none
2026-02-04T00:28:00.703884,20.9,43.2,0,0,none,none
2026-02-04T00:28:02.958474,20.8,43.1,0,0,none,none
2026-02-04T00:28:05.213294,20.9,43.2,0,0,none,none
2026-02-04T00:28:07.468063,20.9,43.2,0,0,none,none
2026-02-04T00:28:09.722750,20.8,43.1,0,0,none,none
2026-02-04T00:28:11.977627,20.8,43.2,0,0,none,none
2026-02-04T00:28:14.232513,20.9,43.2,0,0,none,none
2026-02-04T00:28:16.487120,20.9,43.2,0,0,none,none
2026-02-04T00:28:18.742071,20.9,43.2,0,0,none,none
2026-02-04T00:28:20.996916,20.9,43.2,0,0,none,none
2026-02-04T00:28:23.251176,20.9,43.2,0,0,none,none
2026-02-04T00:28:25.506193,20.9,43.2,0,0,none,none
2026-02-04T00:28:27.761090,20.9,43.2,0,0,none,none
2026-02-04T00:28:30.015457,20.9,43.3,0,0,none,none
2026-02-04T00:28:32.270187,20.9,43.3,0,0,none,none
2026-02-04T00:28:34.525191,20.9,43.3,0,0,none,none
2026-02-04T00:28:36.779721,20.9,43.3,0,0,none,none
2026-02-04T00:28:39.034213,20.9,43.2,0,0,none,none
2026-02-04T00:28:41.289037,20.8,43.2,0,0,none,none
2026-02-04T00:28:43.543338,20.9,43.2,0,0,none,none
2026-02-04T00:28:45.798238,20.9,43.2,0,0,none,none
2026-02-04T00:28:48.053032,20.9,43.3,0,0,none,none
2026-02-04T00:28:50.307593,20.9,43.2,0,0,none,none
2026-02-04T00:28:52.562509,20.9,43.3,0,0,none,none
2026-02-04T00:28:54.817282,20.9,43.3,0,0,none,none
2026-02-04T00:28:57.071924,20.9,43.3,0,0,none,none
2026-02-04T00:28:59.326423,20.9,43.3,0,0,none,none
2026-02-04T00:29:01.581399,20.9,43.3,0,0,none,none
2026-02-04T00:29:03.835809,20.9,43.3,0,0,none,none
2026-02-04T00:29:06.090374,20.9,43.3,0,0,none,none
2026-02-04T00:29:08.345140,20.9,43.3,0,0,none,none
2026-02-04T00:29:10.599684,20.9,43.3,0,0,none,none
2026-02-04T00:29:12.854482,20.9,43.3,0,0,none,none
2026-02-04T00:29:15.109291,20.9,43.3,0,0,none,none
2026-02-04T00:29:17.363876,20.8,43.2,0,0,none,none
2026-02-04T00:29:19.618806,20.9,43.3,0,0,none,none
2026-02-04T00:29:21.873647,20.9,43.3,0,0,none,none
2026-02-04T00:29:24.128409,20.9,43.3,0,0,none,none
2026-02-04T00:29:26.383286,20.9,43.3,0,0,none,none
2026-02-04T00:29:28.638290,20.9,43.3,0,0,none,none
2026-02-04T00:29:30.892963,20.9,43.3,0,0,none,none
2026-02-04T00:29:33.147617,20.9,43.3,0,0,none,none
2026-02-04T00:29:35.402440,20.9,43.3,0,0,none,none
2026-02-04T00:29:37.657285,20.8,43.3,0,0,none,none
2026-02-04T00:29:39.912106,20.9,43.4,0,0,none,none
2026-02-04T00:29:42.166690,20.9,43.4,0,0,none,none
2026-02-04T00:29:44.421306,20.8,43.3,0,0,none,none
2026-02-04T00:29:46.676201,20.8,43.3,0,0,none,none
2026-02-04T00:29:48.930932,20.8,43.3,0,0,none,none
2026-02-04T00:29:51.185587,20.9,43.4,0,0,none,none
2026-02-04T00:29:53.440375,20.9,43.3,0,0,none,none
2026-02-04T00:29:55.695029,20.9,43.4,0,0,none,none
2026-02-04T00:29:57.949796,20.8,43.3,0,0,none,none
2026-02-04T00:30:00.204737,20.8,43.3,0,0,none,none
2026-02-04T00:30:02.459672,20.8,43.3,0,0,none,none
2026-02-04T00:30:04.714472,20.9,43.3,0,0,none,none
2026-02-04T00:30:06.969434,20.9,43.3,0,0,none,none
2026-02-04T00:30:09.224434,20.8,43.3,0,0,none,none
2026-02-04T00:30:11.479338,20.9,43.3,0,0,none,none
2026-02-04T00:30:13.734480,20.9,43.3,0,0,none,none
2026-02-04T00:30:15.989426,20.9,43.3,0,0,none,none
2026-02-04T00:30:18.244246,20.8,43.2,0,0,none,none
2026-02-04T00:30:20.498782,20.9,43.3,0,0,none,none
2026-02-04T00:30:22.753617,20.8,43.3,0,0,none,none
2026-02-04T00:30:25.008396,20.9,43.3,0,0,none,none
2026-02-04T00:30:27.263385,20.8,43.3,0,0,none,none
2026-02-04T00:30:29.518402,20.8,43.3,0,0,none,none
2026-02-04T00:30:31.773084,20.8,43.3,0,0,none,none
2026-02-04T00:30:34.027907,20.9,43.3,0,0,none,none
2026-02-04T00:30:36.282858,20.8,43.3,0,0,none,none
2026-02-04T00:30:38.537656,20.8,43.3,0,0,none,none
2026-02-04T00:30:40.792603,20.8,43.3,0,0,none,none
2026-02-04T00:30:43.047250,20.8,43.3,0,0,none,none
2026-02-04T00:30:45.301990,20.9,43.4,0,0,none,none
2026-02-04T00:30:47.556886,20.9,43.4,0,0,none,none
2026-02-04T00:30:49.811679,20.8,43.3,0,0,none,none
2026-02-04T00:30:52.066331,20.8,43.3,0,0,none,none
2026-02-04T00:30:54.321230,20.8,43.3,0,0,none,none
2026-02-04T00:30:56.576161,20.9,43.4,0,0,none,none
2026-02-04T00:30:58.830800,20.8,43.3,0,0,none,none
2026-02-04T00:31:01.085646,20.8,43.3,0,0,none,none
2026-02-04T00:31:03.340474,20.9,43.4,0,0,none,none
2026-02-04T00:31:05.595274,20.8,43.3,0,0,none,none
2026-02-04T00:31:07.850183,20.8,43.3,0,0,none,none
2026-02-04T00:31:10.105018,20.8,43.3,0,0,none,none
2026-02-04T00:31:12.359619,20.9,43.4,0,0,none,none
2026-02-04T00:31:14.614555,20.8,43.3,0,0,none,none
2026-02-04T00:31:16.869415,20.8,43.3,0,0,none,none
2026-02-04T00:31:19.124095,20.8,43.3,0,0,none,none
2026-02-04T00:31:21.378550,20.8,43.3,0,0,none,none
2026-02-04T00:31:23.633554,20.8,43.3,0,0,none,none
2026-02-04T00:31:25.888153,20.8,43.3,0,0,none,none
2026-02-04T00:31:28.142973,20.8,43.3,0,0,none,none
2026-02-04T00:31:30.397784,20.8,43.3,0,0,none,none
2026-02-04T00:31:32.652523,20.8,43.3,0,0,none,none
2026-02-04T00:31:34.907349,20.8,43.3,0,0,none,none
2026-02-04T00:31:37.162217,20.8,43.3,0,0,none,none
2026-02-04T00:31:39.416734,20.8,43.3,0,0,none,none
2026-02-04T00:31:41.752654,20.8,43.3,0,0,none,none
2026-02-04T00:31:44.028300,20.8,43.3,0,0,none,none
2026-02-04T00:31:46.282966,20.8,43.3,0,0,none,none
2026-02-04T00:31:48.537979,20.8,43.3,0,0,none,none
2026-02-04T00:31:50.792741,20.8,43.3,0,0,none,none
2026-02-04T00:31:53.047360,20.8,43.3,0,0,none,none
2026-02-04T00:31:55.302266,20.8,43.2,0,0,none,none
2026-02-04T00:31:57.557205,20.8,43.3,0,0,none,none
2026-02-04T00:31:59.811879,20.8,43.2,0,0,none,none
2026-02-04T00:32:02.066748,20.8,43.3,0,0,none,none
2026-02-04T00:32:04.321476,20.8,43.3,0,0,none,none
2026-02-04T00:32:06.657161,20.8,43.3,0,0,none,none
2026-02-04T00:32:08.920421,20.8,43.3,0,0,none,none
2026-02-04T00:32:11.175254,20.8,43.2,0,0,none,none
2026-02-04T00:32:13.429996,20.8,43.2,0,0,none,none
2026-02-04T00:32:15.684919,20.8,43.2,0,0,none,none
2026-02-04T00:32:17.939720,20.8,43.2,0,0,none,none
2026-02-04T00:32:20.194401,20.8,43.2,0,0,none,none
2026-02-04T00:32:22.449213,20.8,43.2,0,0,none,none
2026-02-04T00:32:24.704056,20.8,43.2,0,0,none,none
2026-02-04T00:32:26.958638,20.8,43.2,0,0,none,none
2026-02-04T00:32:29.213113,20.8,43.2,0,0,none,none
2026-02-04T00:32:31.468101,20.8,43.2,0,0,none,none
2026-02-04T00:32:33.722788,20.8,43.2,0,0,none,none
2026-02-04T00:32:35.977663,20.8,43.2,0,0,none,none
2026-02-04T00:32:38.232574,20.8,43.2,0,0,none,none
2026-02-04T00:32:40.487261,20.8,43.2,0,0,none,none
2026-02-04T00:32:42.742180,20.8,43.2,0,0,none,none
2026-02-04T00:32:44.997073,20.8,43.2,0,0,none,none
2026-02-04T00:32:47.251725,20.8,43.2,0,0,none,none
2026-02-04T00:32:49.506591,20.8,43.2,0,0,none,none
2026-02-04T00:32:51.761514,20.8,43.2,0,0,none,none
2026-02-04T00:32:54.016238,20.8,43.2,0,0,none,none
2026-02-04T00:32:56.271084,20.8,43.2,0,0,none,none
2026-02-04T00:32:58.525572,20.8,43.2,0,0,none,none
2026-02-04T00:33:00.780229,20.8,43.2,0,0,none,none
2026-02-04T00:33:03.035060,20.8,43.2,0,0,none,none
2026-02-04T00:33:05.289998,20.8,43.2,0,0,none,none
2026-02-04T00:33:07.544897,20.8,43.2,0,0,none,none
2026-02-04T00:33:09.799766,20.8,43.2,0,0,none,none
2026-02-04T00:33:12.054512,20.8,43.2,0,0,none,none
2026-02-04T00:33:14.309188,20.8,43.2,0,0,none,none
2026-02-04T00:33:16.564157,20.8,43.3,0,0,none,none
2026-02-04T00:33:18.819015,20.8,43.2,0,0,none,none
2026-02-04T00:33:21.073681,20.8,43.3,0,0,none,none
2026-02-04T00:33:23.328582,20.8,43.3,0,0,none,none
2026-02-04T00:33:25.583576,20.8,43.2,0,0,none,none
2026-02-04T00:33:27.838277,20.8,43.2,0,0,none,none
2026-02-04T00:33:30.093125,20.8,43.2,0,0,none,none
2026-02-04T00:33:32.347941,20.8,43.2,0,0,none,none
2026-02-04T00:33:34.602731,20.8,43.2,0,0,none,none
2026-02-04T00:33:36.857650,20.8,43.2,0,0,none,none
2026-02-04T00:33:39.112497,20.8,43.2,0,0,none,none
2026-02-04T00:33:41.367213,20.8,43.3,0,0,none,none
2026-02-04T00:33:43.622230,20.8,43.2,0,0,none,none
2026-02-04T00:33:45.877075,20.8,43.3,0,0,none,none
2026-02-04T00:33:48.131733,20.8,43.2,0,0,none,none
2026-02-04T00:33:50.386601,20.8,43.2,0,0,none,none
2026-02-04T00:33:52.641606,20.8,43.2,0,0,none,none
2026-02-04T00:33:54.896265,20.8,43.2,0,0,none,none
2026-02-04T00:33:57.151120,20.8,43.2,0,0,none,none
2026-02-04T00:33:59.405995,20.8,43.2,0,0,none,none
2026-02-04T00:34:01.660861,20.8,43.2,0,0,none,none
2026-02-04T00:34:03.915713,20.8,43.2,0,0,none,none
2026-02-04T00:34:06.170553,20.8,43.2,0,0,none,none
2026-02-04T00:34:08.425196,20.8,43.2,0,0,none,none
2026-02-04T00:34:10.679575,20.8,43.2,0,0,none,none
2026-02-04T00:34:12.933866,20.8,43.2,0,0,none,none
2026-02-04T00:34:15.188491,20.8,43.2,0,0,none,none
2026-02-04T00:34:17.443031,20.8,43.2,0,0,none,none
2026-02-04T00:34:19.697610,20.8,43.2,0,0,none,none
2026-02-04T00:34:21.952265,20.8,43.2,0,0,none,none
2026-02-04T00:34:24.207198,20.8,43.2,0,0,none,none
2026-02-04T00:34:26.462227,20.8,43.2,0,0,none,none
2026-02-04T00:34:28.716920,20.8,43.2,0,0,none,none
2026-02-04T00:34:30.971532,20.8,43.2,0,0,none,none
2026-02-04T00:34:33.226229,20.8,43.2,0,0,none,none
2026-02-04T00:34:35.481054,20.8,43.2,0,0,none,none
2026-02-04T00:34:37.735699,20.8,43.2,0,0,none,none
2026-02-04T00:34:39.990092,20.8,43.2,0,0,none,none
2026-02-04T00:34:42.244770,20.8,43.2,0,0,none,none
2026-02-04T00:34:44.499224,20.8,43.2,0,0,none,none
2026-02-04T00:34:46.754094,20.8,43.2,0,0,none,none
2026-02-04T00:34:49.008699,20.8,43.2,0,0,none,none
2026-02-04T00:34:51.263229,20.8,43.2,0,0,none,none
2026-02-04T00:34:53.517665,20.8,43.2,0,0,none,none
2026-02-04T00:34:55.771973,20.8,43.2,0,0,none,none
2026-02-04T00:34:58.026672,20.8,43.2,0,0,none,none
2026-02-04T00:35:00.281526,20.8,43.2,0,0,none,none
2026-02-04T00:35:02.536217,20.8,43.2,0,0,none,none
2026-02-04T00:35:04.790997,20.8,43.2,0,0,none,none
2026-02-04T00:35:07.045944,20.8,43.2,0,0,none,none
2026-02-04T00:35:09.300488,20.8,43.2,0,0,none,none
2026-02-04T00:35:11.555078,20.8,43.2,0,0,none,none
2026-02-04T00:35:13.809985,20.8,43.2,0,0,none,none
2026-02-04T00:35:16.064755,20.8,43.2,0,0,none,none
2026-02-04T00:35:18.319548,20.8,43.2,0,0,none,none
2026-02-04T00:35:20.574179,20.8,43.2,0,0,none,none
2026-02-04T00:35:22.828831,20.8,43.2,0,0,none,none
2026-02-04T00:35:25.083369,20.8,43.2,0,0,none,none
2026-02-04T00:35:27.338214,20.8,43.2,0,0,none,none
2026-02-04T00:35:29.593054,20.8,43.2,0,0,none,none
2026-02-04T00:35:31.847800,20.8,43.2,0,0,none,none
2026-02-04T00:35:34.102700,20.8,43.2,0,0,none,none
2026-02-04T00:35:36.357322,20.8,43.2,0,0,none,none
2026-02-04T00:35:38.612272,20.8,43.3,0,0,none,none
2026-02-04T00:35:40.867067,20.8,43.3,0,0,none,none
2026-02-04T00:35:43.121907,20.8,43.3,0,0,none,none
2026-02-04T00:35:45.376736,20.8,43.2,0,0,none,none
2026-02-04T00:35:47.631741,20.8,43.3,0,0,none,none
2026-02-04T00:35:49.886299,20.8,43.3,0,0,none,none
2026-02-04T00:35:52.141161,20.8,43.2,0,0,none,none
2026-02-04T00:35:54.395972,20.8,43.2,0,0,none,none
2026-02-04T00:35:56.650707,20.8,43.2,0,0,none,none
2026-02-04T00:35:58.905563,20.8,43.2,0,0,none,none
2026-02-04T00:36:01.160440,20.8,43.2,0,0,none,none
2026-02-04T00:36:03.415080,20.8,43.2,0,0,none,none
2026-02-04T00:36:05.669954,20.8,43.2,0,0,none,none
2026-02-04T00:36:07.924852,20.8,43.2,0,0,none,none
2026-02-04T00:36:10.179501,20.8,43.2,0,0,none,none
2026-02-04T00:36:12.434493,20.8,43.2,0,0,none,none
2026-02-04T00:36:14.689411,20.8,43.2,0,0,none,none
2026-02-04T00:36:16.944043,20.8,43.2,0,0,none,none
2026-02-04T00:36:19.198867,20.8,43.2,0,0,none,none
2026-02-04T00:36:21.453853,20.8,43.2,0,0,none,none
2026-02-04T00:36:23.708582,20.8,43.2,0,0,none,none
2026-02-04T00:36:25.963414,20.8,43.2,0,0,none,none
2026-02-04T00:36:28.218258,20.8,43.2,0,0,none,none
2026-02-04T00:36:30.473052,20.8,43.2,0,0,none,none
2026-02-04T00:36:32.727920,20.8,43.2,0,0,none,none
2026-02-04T00:36:34.982774,20.8,43.2,0,0,none,none
2026-02-04T00:36:37.237391,20.8,43.2,0,0,none,none
2026-02-04T00:36:39.492423,20.8,43.2,0,0,none,none
2026-02-04T00:36:41.747300,20.8,43.2,0,0,none,none
2026-02-04T00:36:44.001991,20.8,43.2,0,0,none,none
2026-02-04T00:36:46.256868,20.8,43.2,0,0,none,none
2026-02-04T00:36:48.511582,20.8,43.2,0,0,none,none
2026-02-04T00:36:50.766267,20.8,43.2,0,0,none,none
2026-02-04T00:36:53.020798,20.8,43.2,0,0,none,none
2026-02-04T00:36:55.275433,20.8,43.2,0,0,none,none
2026-02-04T00:36:57.530226,20.8,43.2,0,0,none,none
2026-02-04T00:36:59.785098,20.8,43.2,0,0,none,none
2026-02-04T00:37:02.039916,20.8,43.2,0,0,none,none
2026-02-04T00:37:04.294648,20.8,43.2,0,0,none,none
2026-02-04T00:37:06.549792,20.8,43.2,0,0,none,none
2026-02-04T00:37:08.804721,20.8,43.2,0,0,none,none
2026-02-04T00:37:11.059460,20.8,43.2,0,0,none,none
2026-02-04T00:37:13.314359,20.8,43.3,0,0,none,none
2026-02-04T00:37:15.569507,20.8,43.3,0,0,none,none
2026-02-04T00:37:17.824199,20.8,43.3,0,0,none,none
2026-02-04T00:37:20.079064,20.8,43.2,0,0,none,none
2026-02-04T00:37:22.334066,20.8,43.3,0,0,none,none
2026-02-04T00:37:24.588765,20.8,43.2,0,0,none,none
2026-02-04T00:37:26.843689,20.8,43.2,0,0,none,none
2026-02-04T00:37:29.098625,20.8,43.2,0,0,none,none
2026-02-04T00:37:31.353278,20.8,43.2,0,0,none,none
2026-02-04T00:37:33.608074,20.8,43.3,0,0,none,none
2026-02-04T00:37:35.865058,20.8,43.2,0,0,none,none
2026-02-04T00:37:38.119698,20.8,43.2,0,0,none,none
2026-02-04T00:37:40.374521,20.8,43.2,0,0,none,none
2026-02-04T00:37:42.629438,20.8,43.2,0,0,none,none
2026-02-04T00:37:44.884082,20.8,43.2,0,0,none,none
2026-02-04T00:37:47.139044,20.8,43.2,0,0,none,none
2026-02-04T00:37:49.393970,20.8,43.2,0,0,none,none
2026-02-04T00:37:51.648773,20.8,43.2,0,0,none,none
2026-02-04T00:37:53.903620,20.8,43.2,0,0,none,none
2026-02-04T00:37:56.158482,20.8,43.3,0,0,none,none
2026-02-04T00:37:58.413140,20.8,43.2,0,0,none,none
2026-02-04T00:38:00.668095,20.8,43.2,0,0,none,none
2026-02-04T00:38:02.922955,20.8,43.2,0,0,none,none
2026-02-04T00:38:05.177690,20.8,43.2,0,0,none,none
2026-02-04T00:38:07.432648,20.8,43.2,0,0,none,none
2026-02-04T00:38:09.687537,20.8,43.2,0,0,none,none
2026-02-04T00:38:11.942101,20.8,43.2,0,0,none,none
2026-02-04T00:38:14.196840,20.8,43.3,0,0,none,none
2026-02-04T00:38:16.451801,20.8,43.2,0,0,none,none
2026-02-04T00:38:18.706481,20.8,43.3,0,0,none,none
2026-02-04T00:38:20.961379,20.8,43.2,0,0,none,none
2026-02-04T00:38:23.216238,20.8,43.2,0,0,none,none
2026-02-04T00:38:25.470965,20.8,43.2,0,0,none,none
2026-02-04T00:38:27.725871,20.8,43.2,0,0,none,none
2026-02-04T00:38:29.980384,20.8,43.2,0,0,none,none
2026-02-04T00:38:32.234990,20.8,43.2,0,0,none,none
2026-02-04T00:38:34.490055,20.8,43.3,0,0,none,none
2026-02-04T00:38:36.744952,20.8,43.3,0,0,none,none
2026-02-04T00:38:38.999554,20.8,43.2,0,0,none,none
2026-02-04T00:38:41.254421,20.8,43.2,0,0,none,none
2026-02-04T00:38:43.509457,20.8,43.2,0,0,none,none
2026-02-04T00:38:45.764100,20.8,43.2,0,0,none,none
2026-02-04T00:38:48.018937,20.8,43.2,0,0,none,none
2026-02-04T00:38:50.273644,20.8,43.3,0,0,none,none
2026-02-04T00:38:52.528375,20.8,43.2,0,0,none,none
2026-02-04T00:38:54.782781,20.8,43.3,0,0,none,none
2026-02-04T00:38:57.037516,20.8,43.3,0,0,none,none
2026-02-04T00:38:59.292126,20.8,43.3,0,0,none,none
2026-02-04T00:39:01.547100,20.8,43.2,0,0,none,none
2026-02-04T00:39:03.801520,20.8,43.3,0,0,none,none
2026-02-04T00:39:06.056174,20.8,43.2,0,0,none,none
2026-02-04T00:39:08.311030,20.8,43.2,0,0,none,none
2026-02-04T00:39:10.565977,20.8,43.2,0,0,none,none
2026-02-04T00:39:12.820599,20.8,43.2,0,0,none,none
2026-02-04T00:39:15.075491,20.8,43.2,0,0,none,none
2026-02-04T00:39:17.330379,20.8,43.2,0,0,none,none
2026-02-04T00:39:19.585167,20.8,43.2,0,0,none,none
2026-02-04T00:39:21.839960,20.8,43.2,0,0,none,none
2026-02-04T00:39:24.094785,20.8,43.3,0,0,none,none
2026-02-04T00:39:26.349498,20.8,43.2,0,0,none,none
2026-02-04T00:39:28.604451,20.8,43.2,0,0,none,none
2026-02-04T00:39:30.859262,20.8,43.3,0,0,none,none
2026-02-04T00:39:33.113923,20.8,43.2,0,0,none,none
2026-02-04T00:39:35.368819,20.8,43.2,0,0,none,none
2026-02-04T00:39:37.623409,20.8,43.2,0,0,none,none
2026-02-04T00:39:39.878083,20.8,43.3,0,0,none,none
2026-02-04T00:39:42.132768,20.8,43.2,0,0,none,none
2026-02-04T00:39:44.388560,20.8,43.2,0,0,none,none
2026-02-04T00:39:46.643354,20.8,43.2,0,0,none,none
2026-02-04T00:39:48.898223,20.8,43.2,0,0,none,none
2026-02-04T00:39:51.153160,20.8,43.2,0,0,none,none
2026-02-04T00:39:53.407786,20.8,43.2,0,0,none,none
2026-02-04T00:39:55.662785,20.8,43.2,0,0,none,none
2026-02-04T00:39:57.917707,20.7,43.1,0,0,none,none
2026-02-04T00:40:00.172297,20.8,43.2,0,0,none,none
2026-02-04T00:40:02.428159,20.8,43.2,0,0,none,none
2026-02-04T00:40:04.764124,20.8,43.3,0,0,none,none
2026-02-04T00:40:07.099671,20.8,43.2,0,0,none,none
2026-02-04T00:40:09.435566,20.8,43.2,0,0,none,none
2026-02-04T00:40:11.744323,20.8,43.2,0,0,none,none
2026-02-04T00:40:13.998926,20.8,43.2,0,0,none,none
2026-02-04T00:40:16.253818,20.8,43.2,0,0,none,none
2026-02-04T00:40:18.510735,20.8,43.2,0,0,none,none
2026-02-04T00:40:20.765412,20.8,43.2,1,0,none,none
2026-02-04T00:40:23.020267,20.8,43.2,0,0,none,none
2026-02-04T00:40:25.275201,20.8,43.2,0,0,none,none
2026-02-04T00:40:27.530089,20.8,43.2,0,0,none,none
2026-02-04T00:40:29.784962,20.8,43.2,0,0,none,none
2026-02-04T00:40:32.039694,20.8,43.2,0,0,none,none
2026-02-04T00:40:34.294460,20.8,43.2,0,0,none,none
2026-02-04T00:40:36.549559,20.8,43.3,0,0,none,none
2026-02-04T00:40:38.804624,20.8,43.2,0,0,none,none
2026-02-04T00:40:41.059324,20.8,43.2,0,0,none,none
2026-02-04T00:40:43.314246,20.7,43.2,0,0,none,none
2026-02-04T00:40:45.569228,20.8,43.2,0,0,none,none
2026-02-04T00:40:47.823850,20.8,43.2,0,0,none,none
2026-02-04T00:40:50.078193,20.8,43.2,0,0,none,none
2026-02-04T00:40:52.333019,20.8,43.2,0,0,none,none
2026-02-04T00:40:54.587626,20.8,43.2,0,0,none,none
2026-02-04T00:40:56.842503,20.8,43.2,0,0,none,none
2026-02-04T00:40:59.097279,20.8,43.2,0,0,none,none
2026-02-04T00:41:01.351929,20.8,43.2,0,0,none,none
2026-02-04T00:41:03.606913,20.8,43.2,0,0,none,none
2026-02-04T00:41:05.861835,20.8,43.3,0,0,none,none
2026-02-04T00:41:08.116484,20.8,43.2,0,0,none,none
2026-02-04T00:41:10.371321,20.8,43.2,0,0,none,none
2026-02-04T00:41:12.626292,20.8,43.2,0,0,none,none
2026-02-04T00:41:14.880969,20.8,43.2,0,0,none,none
2026-02-04T00:41:17.135814,20.8,43.2,0,0,none,none
2026-02-04T00:41:19.390641,20.8,43.2,0,0,none,none
2026-02-04T00:41:21.645294,20.8,43.2,0,0,none,none
2026-02-04T00:41:23.900050,20.8,43.2,0,0,none,none
2026-02-04T00:41:26.154867,20.8,43.2,0,0,none,none
2026-02-04T00:41:28.409489,20.8,43.2,0,0,none,none
2026-02-04T00:41:30.664407,20.8,43.2,0,0,none,none
2026-02-04T00:41:32.919258,20.8,43.2,0,0,none,none
2026-02-04T00:41:35.173876,20.8,43.2,0,0,none,none
2026-02-04T00:41:37.428848,20.8,43.2,0,0,none,none
2026-02-04T00:41:39.683723,20.8,43.2,0,0,none,none
2026-02-04T00:41:41.938356,20.8,43.2,0,0,none,none
2026-02-04T00:41:44.193281,20.8,43.2,0,0,none,none
2026-02-04T00:41:46.448299,20.8,43.2,0,0,none,none
2026-02-04T00:41:48.702985,20.8,43.2,0,0,none,none
2026-02-04T00:41:50.957856,20.8,43.2,0,0,none,none
2026-02-04T00:41:53.212575,20.8,43.2,0,0,none,none
2026-02-04T00:41:55.467374,20.8,43.2,0,0,none,none
2026-02-04T00:41:57.722099,20.8,43.2,0,0,none,none
2026-02-04T00:41:59.976916,20.8,43.2,0,0,none,none
2026-02-04T00:42:02.231594,20.8,43.2,0,0,none,none
2026-02-04T00:42:04.486582,20.8,43.2,0,0,none,none
2026-02-04T00:42:06.741384,20.8,43.2,0,0,none,none
2026-02-04T00:42:08.996057,20.8,43.2,0,0,none,none
2026-02-04T00:42:11.250897,20.8,43.2,0,0,none,none
2026-02-04T00:42:13.505817,20.8,43.2,0,0,none,none
2026-02-04T00:42:15.760426,20.8,43.2,0,0,none,none
2026-02-04T00:42:18.015293,20.8,43.2,0,0,none,none
2026-02-04T00:42:20.270149,20.8,43.2,0,0,none,none
2026-02-04T00:42:22.524912,20.8,43.2,0,0,none,none
2026-02-04T00:42:24.779779,20.8,43.2,0,0,none,none
2026-02-04T00:42:27.034633,20.8,43.2,0,0,none,none
2026-02-04T00:42:29.289294,20.8,43.3,0,0,none,none
2026-02-04T00:42:31.544114,20.8,43.2,0,0,none,none
2026-02-04T00:42:33.799015,20.8,43.2,0,0,none,none
2026-02-04T00:42:36.053727,20.8,43.2,0,0,none,none
2026-02-04T00:42:38.308680,20.8,43.2,0,0,none,none
2026-02-04T00:42:40.563662,20.8,43.2,0,0,none,none
2026-02-04T00:42:42.818317,20.8,43.2,0,0,none,none
2026-02-04T00:42:45.073189,20.8,43.2,0,0,none,none
2026-02-04T00:42:47.327745,20.8,43.2,0,0,none,none
2026-02-04T00:42:49.582513,20.8,43.2,0,0,none,none
2026-02-04T00:42:51.837001,20.8,43.2,0,0,none,none
2026-02-04T00:42:54.091837,20.8,43.2,0,0,none,none
2026-02-04T00:42:56.346443,20.8,43.2,0,0,none,none
2026-02-04T00:42:58.601419,20.8,43.2,0,0,none,none
2026-02-04T00:43:00.856332,20.8,43.2,0,0,none,none
2026-02-04T00:43:03.110911,20.8,43.2,0,0,none,none
2026-02-04T00:43:05.365819,20.8,43.2,0,0,none,none
2026-02-04T00:43:07.620784,20.8,43.2,0,0,none,none
2026-02-04T00:43:09.875419,20.8,43.2,0,0,none,none
2026-02-04T00:43:12.129990,20.8,43.2,0,0,none,none
2026-02-04T00:43:14.384799,20.8,43.2,0,0,none,none
2026-02-04T00:43:16.639550,20.8,43.2,0,0,none,none
2026-02-04T00:43:18.894434,20.8,43.2,0,0,none,none
2026-02-04T00:43:21.149219,20.8,43.2,0,0,none,none
2026-02-04T00:43:23.403878,20.7,43.1,0,0,none,none
2026-02-04T00:43:25.658870,20.8,43.2,0,0,none,none
2026-02-04T00:43:27.913801,20.8,43.2,0,0,none,none
2026-02-04T00:43:30.168442,20.8,43.2,0,0,none,none
2026-02-04T00:43:32.424772,20.8,43.2,0,0,none,none
2026-02-04T00:43:34.681909,20.8,43.3,0,0,none,none
2026-02-04T00:43:36.936560,20.8,43.2,0,0,none,none
2026-02-04T00:43:39.191338,20.8,43.3,0,0,none,none
2026-02-04T00:43:41.446295,20.8,43.3,0,0,none,none
2026-02-04T00:43:43.701030,20.8,43.3,0,0,none,none
2026-02-04T00:43:45.955914,20.8,43.2,0,0,none,none
2026-02-04T00:43:48.210731,20.8,43.2,0,0,none,none
2026-02-04T00:43:50.465334,20.8,43.2,0,0,none,none
2026-02-04T00:43:52.720178,20.8,43.2,0,0,none,none
2026-02-04T00:43:54.975048,20.8,43.3,0,0,none,none
2026-02-04T00:43:57.229581,20.8,43.3,0,0,none,none
2026-02-04T00:43:59.484625,20.8,43.2,0,0,none,none
2026-02-04T00:44:01.739609,20.8,43.2,0,0,none,none
2026-02-04T00:44:03.994339,20.8,43.2,0,0,none,none
2026-02-04T00:44:06.249353,20.8,43.2,0,0,none,none
2026-02-04T00:44:08.504140,20.8,43.3,0,0,none,none
2026-02-04T00:44:10.758851,20.8,43.2,0,0,none,none
2026-02-04T00:44:13.013715,20.8,43.3,0,0,none,none
2026-02-04T00:44:15.268633,20.8,43.2,0,0,none,none
2026-02-04T00:44:17.523381,20.8,43.2,0,0,none,none
2026-02-04T00:44:19.778309,20.8,43.2,0,0,none,none
2026-02-04T00:44:22.033262,20.8,43.2,0,0,none,none
2026-02-04T00:44:24.288117,20.8,43.2,0,0,none,none
2026-02-04T00:44:26.543225,20.8,43.2,0,0,none,none
2026-02-04T00:44:28.797598,20.8,43.3,0,0,none,none
2026-02-04T00:44:31.052410,20.8,43.3,0,0,none,none
2026-02-04T00:44:33.307200,20.8,43.2,0,0,none,none
2026-02-04T00:44:35.562345,20.8,43.3,0,0,none,none
2026-02-04T00:44:37.817093,20.8,43.3,0,0,none,none
2026-02-04T00:44:40.072037,20.8,43.3,0,0,none,none
2026-02-04T00:44:42.328990,20.8,43.3,0,0,none,none
2026-02-04T00:44:44.583852,20.8,43.3,0,0,none,none
2026-02-04T00:44:46.838798,20.8,43.3,0,0,none,none
2026-02-04T00:44:49.093778,20.8,43.3,0,0,none,none
2026-02-04T00:44:51.348486,20.8,43.3,0,0,none,none
2026-02-04T00:44:53.603533,20.8,43.3,0,0,none,none
2026-02-04T00:44:55.858480,20.8,43.3,0,0,none,none
2026-02-04T00:44:58.113269,20.8,43.2,0,0,none,none
2026-02-04T00:45:00.367668,20.8,43.3,0,0,none,none
2026-02-04T00:45:02.622659,20.7,43.2,0,0,none,none
2026-02-04T00:45:04.877450,20.7,43.2,0,0,none,none
2026-02-04T00:45:07.132189,20.8,43.2,0,0,none,none
2026-02-04T00:45:09.387035,20.8,43.2,0,0,none,none
2026-02-04T00:45:11.641798,20.8,43.2,0,0,none,none
2026-02-04T00:45:13.896675,20.8,43.2,0,0,none,none
2026-02-04T00:45:16.151520,20.8,43.2,0,0,none,none
2026-02-04T00:45:18.406158,20.8,43.2,0,0,none,none
2026-02-04T00:45:20.661147,20.8,43.2,0,0,none,none
2026-02-04T00:45:22.915924,20.8,43.2,0,0,none,none
2026-02-04T00:45:25.170575,20.8,43.2,0,0,none,none
2026-02-04T00:45:27.426693,20.8,43.2,0,0,none,none
2026-02-04T00:45:29.681616,20.8,43.2,0,0,none,none
2026-02-04T00:45:31.936190,20.8,43.2,0,0,none,none
2026-02-04T00:45:34.191058,20.8,43.2,0,0,none,none
2026-02-04T00:45:36.445607,20.8,43.2,0,0,none,none
2026-02-04T00:45:38.700407,20.8,43.2,0,0,none,none
2026-02-04T00:45:40.955331,20.8,43.2,0,0,none,none
2026-02-04T00:45:43.210222,20.8,43.2,0,0,none,none
2026-02-04T00:45:45.464859,20.8,43.2,0,0,none,none
2026-02-04T00:45:47.719720,20.7,43.2,0,0,none,none
2026-02-04T00:45:49.974583,20.8,43.2,0,0,none,none
2026-02-04T00:45:52.229244,20.8,43.2,0,0,none,none
2026-02-04T00:45:54.484257,20.8,43.2,0,0,none,none
2026-02-04T00:45:56.739138,20.8,43.2,0,0,none,none
2026-02-04T00:45:58.993798,20.8,43.2,0,0,none,none
2026-02-04T00:46:01.248689,20.7,43.1,0,0,none,none
2026-02-04T00:46:03.503666,20.8,43.2,0,0,none,none
2026-02-04T00:46:05.758332,20.7,43.2,0,0,none,none
2026-02-04T00:46:08.013166,20.8,43.2,0,0,none,none
2026-02-04T00:46:10.267789,20.8,43.2,0,0,none,none
2026-02-04T00:46:12.522555,20.8,43.2,0,0,none,none
2026-02-04T00:46:14.777487,20.8,43.3,0,0,none,none
2026-02-04T00:46:17.032437,20.8,43.2,0,0,none,none
2026-02-04T00:46:19.287180,20.8,43.3,0,0,none,none
2026-02-04T00:46:21.542239,20.8,43.3,0,0,none,none
2026-02-04T00:46:23.797131,20.7,43.2,0,0,none,none
2026-02-04T00:46:26.051902,20.8,43.3,0,0,none,none
2026-02-04T00:46:28.306773,20.8,43.2,0,0,none,none
2026-02-04T00:46:30.561767,20.8,43.3,0,0,none,none
2026-02-04T00:46:32.816426,20.8,43.2,0,0,none,none
2026-02-04T00:46:35.070878,20.8,43.2,0,0,none,none
2026-02-04T00:46:37.325909,20.8,43.2,0,0,none,none
2026-02-04T00:46:39.580831,20.8,43.2,0,0,none,none
2026-02-04T00:46:41.835647,20.8,43.2,0,0,none,none
2026-02-04T00:46:44.090451,20.8,43.2,0,0,none,none
2026-02-04T00:46:46.345230,20.8,43.2,0,0,none,none
2026-02-04T00:46:48.600213,20.7,43.2,0,0,none,none
2026-02-04T00:46:50.855059,20.8,43.2,0,0,none,none
2026-02-04T00:46:53.109611,20.7,43.2,0,0,none,none
2026-02-04T00:46:55.364504,20.8,43.3,0,0,none,none
2026-02-04T00:46:57.619545,20.7,43.2,0,0,none,none
2026-02-04T00:46:59.874262,20.8,43.3,0,0,none,none
2026-02-04T00:47:02.129186,20.7,43.2,0,0,none,none
2026-02-04T00:47:04.384029,20.7,43.2,0,0,none,none
2026-02-04T00:47:06.638906,20.8,43.2,0,0,none,none
2026-02-04T00:47:08.893691,20.8,43.2,0,0,none,none
2026-02-04T00:47:11.148613,20.8,43.2,0,0,none,none
2026-02-04T00:47:13.403312,20.8,43.2,0,0,none,none
2026-02-04T00:47:15.658260,20.7,43.2,0,0,none,none
2026-02-04T00:47:17.913120,20.7,43.2,0,0,none,none
2026-02-04T00:47:20.167815,20.7,43.2,0,0,none,none
2026-02-04T00:47:22.422777,20.7,43.2,0,0,none,none
2026-02-04T00:47:24.677852,20.8,43.2,0,0,none,none
2026-02-04T00:47:26.932606,20.7,43.2,0,0,none,none
2026-02-04T00:47:29.187577,20.7,43.2,0,0,none,none
2026-02-04T00:47:31.442549,20.8,43.3,0,0,none,none
2026-02-04T00:47:33.697190,20.7,43.2,0,0,none,none
2026-02-04T00:47:35.952087,20.7,43.2,0,0,none,none
2026-02-04T00:47:38.207004,20.8,43.2,0,0,none,none
2026-02-04T00:47:40.461766,20.7,43.2,0,0,none,none
2026-02-04T00:47:42.716394,20.7,43.2,0,0,none,none
2026-02-04T00:47:44.971256,20.8,43.3,0,0,none,none
2026-02-04T00:47:47.225931,20.8,43.2,0,0,none,none
2026-02-04T00:47:49.480757,20.8,43.2,0,0,none,none
2026-02-04T00:47:51.735636,20.8,43.3,0,0,none,none
2026-02-04T00:47:53.990271,20.7,43.2,0,0,none,none
2026-02-04T00:47:56.245142,20.8,43.3,0,0,none,none
2026-02-04T00:47:58.500182,20.8,43.3,0,0,none,none
2026-02-04T00:48:00.754866,20.7,43.2,0,0,none,none
2026-02-04T00:48:03.009885,20.7,43.2,0,0,none,none
2026-02-04T00:48:05.264717,20.7,43.2,0,0,none,none
2026-02-04T00:48:07.519596,20.8,43.3,0,0,none,none
2026-02-04T00:48:09.774480,20.7,43.2,0,0,none,none
2026-02-04T00:48:12.029393,20.7,43.2,0,0,none,none
2026-02-04T00:48:14.284080,20.8,43.3,0,0,none,none
2026-02-04T00:48:16.538992,20.7,43.2,0,0,none,none
2026-02-04T00:48:18.793908,20.7,43.2,0,0,none,none
2026-02-04T00:48:21.048605,20.7,43.2,0,0,none,none
2026-02-04T00:48:23.303459,20.7,43.2,0,0,none,none
2026-02-04T00:48:25.558504,20.7,43.2,0,0,none,none
2026-02-04T00:48:27.813193,20.7,43.2,0,0,none,none
2026-02-04T00:48:30.068026,20.7,43.2,0,0,none,none
2026-02-04T00:48:32.322925,20.7,43.1,0,0,none,none
2026-02-04T00:48:34.577777,20.7,43.1,0,0,none,none
2026-02-04T00:48:36.832657,20.7,43.2,0,0,none,none
2026-02-04T00:48:39.087584,20.7,43.2,0,0,none,none
2026-02-04T00:48:41.342283,20.8,43.2,0,0,none,none
2026-02-04T00:48:43.597067,20.8,43.3,0,0,none,none
2026-02-04T00:48:45.851959,20.8,43.3,0,0,none,none
2026-02-04T00:48:48.106623,20.7,43.2,0,0,none,none
2026-02-04T00:48:50.361520,20.7,43.2,0,0,none,none
2026-02-04T00:48:52.616509,20.7,43.1,0,0,none,none
2026-02-04T00:48:54.871119,20.7,43.1,0,0,none,none
2026-02-04T00:48:57.126080,20.7,43.1,0,0,none,none
2026-02-04T00:48:59.380946,20.8,43.2,0,0,none,none
2026-02-04T00:49:01.635694,20.7,43.2,0,0,none,none
2026-02-04T00:49:03.890558,20.7,43.1,0,0,none,none
2026-02-04T00:49:06.145314,20.7,43.1,0,0,none,none
2026-02-04T00:49:08.399981,20.7,43.1,0,0,none,none
2026-02-04T00:49:10.654918,20.7,43.1,0,0,none,none
2026-02-04T00:49:12.909721,20.7,43.1,0,0,none,none
2026-02-04T00:49:15.164451,20.7,43.0,0,0,none,none
2026-02-04T00:49:17.419133,20.7,43.1,0,0,none,none
2026-02-04T00:49:19.674165,20.7,43.1,0,0,none,none
2026-02-04T00:49:21.928863,20.7,43.1,0,0,none,none
2026-02-04T00:49:24.183824,20.7,43.1,0,0,none,none
2026-02-04T00:49:26.438849,20.7,43.2,0,0,none,none
2026-02-04T00:49:28.693550,20.7,43.1,0,0,none,none
2026-02-04T00:49:30.948440,20.7,43.1,0,0,none,none
2026-02-04T00:49:33.203307,20.7,43.2,0,0,none,none
2026-02-04T00:49:35.458110,20.7,43.2,0,0,none,none
2026-02-04T00:49:37.713041,20.7,43.1,0,0,none,none
2026-02-04T00:49:39.967873,20.7,43.1,0,0,none,none
2026-02-04T00:49:42.222422,20.7,43.1,0,0,none,none
2026-02-04T00:49:44.476982,20.7,43.2,0,0,none,none
2026-02-04T00:49:46.731803,20.7,43.1,0,0,none,none
2026-02-04T00:49:48.986395,20.7,43.1,0,0,none,none
2026-02-04T00:49:51.241349,20.7,43.1,0,0,none,none
2026-02-04T00:49:53.495850,20.7,43.1,0,0,none,none
2026-02-04T00:49:55.750476,20.7,43.1,0,0,none,none
2026-02-04T00:49:58.005399,20.7,43.1,0,0,none,none
2026-02-04T00:50:00.260286,20.7,43.1,0,0,none,none
2026-02-04T00:50:02.514975,20.7,43.1,0,0,none,none
2026-02-04T00:50:04.769915,20.7,43.1,0,0,none,none
2026-02-04T00:50:07.024774,20.8,43.2,0,0,none,none
2026-02-04T00:50:09.279426,20.7,43.1,0,0,none,none
2026-02-04T00:50:11.534355,20.7,43.1,0,0,none,none
2026-02-04T00:50:13.788781,20.7,43.1,0,0,none,none
2026-02-04T00:50:16.043449,20.7,43.1,0,0,none,none
2026-02-04T00:50:18.298109,20.7,43.1,0,0,none,none
2026-02-04T00:50:20.553084,20.7,43.1,0,0,none,none
2026-02-04T00:50:22.807703,20.7,43.1,0,0,none,none
2026-02-04T00:50:25.062558,20.7,43.1,0,0,none,none
2026-02-04T00:50:27.317483,20.7,43.1,0,0,none,none
2026-02-04T00:50:29.572214,20.7,43.1,1,0,none,none
2026-02-04T00:50:31.827102,20.7,43.1,0,0,none,none
2026-02-04T00:50:34.081984,20.7,43.1,0,0,none,none
2026-02-04T00:50:36.336575,20.7,43.1,0,0,none,none
2026-02-04T00:50:38.591537,20.7,43.1,0,0,none,none
2026-02-04T00:50:40.846387,20.7,43.1,0,0,none,none
2026-02-04T00:50:43.101082,20.7,43.1,0,0,none,none
2026-02-04T00:50:45.355906,,,0,0,none,none
2026-02-04T00:50:47.610797,20.7,43.1,0,0,none,none
2026-02-04T00:50:49.865489,20.7,43.1,0,0,none,none
2026-02-04T00:50:52.120322,20.7,43.1,0,0,none,none
2026-02-04T00:50:54.374835,20.7,43.1,0,0,none,none
2026-02-04T00:50:56.629552,20.7,43.1,0,0,none,none
2026-02-04T00:50:58.884341,20.7,43.1,0,0,none,none
2026-02-04T00:51:01.139282,20.7,43.1,0,0,none,none
2026-02-04T00:51:03.393456,20.8,43.2,0,0,none,none
2026-02-04T00:51:05.648385,20.7,43.1,0,0,none,none
2026-02-04T00:51:07.903027,20.7,43.2,0,0,none,none
2026-02-04T00:51:10.157652,20.7,43.2,0,0,none,none
2026-02-04T00:51:12.412412,20.7,43.1,0,0,none,none
2026-02-04T00:51:14.667310,20.7,43.1,0,0,none,none
2026-02-04T00:51:16.922003,20.7,43.1,0,0,none,none
2026-02-04T00:51:19.176843,20.7,43.1,0,0,none,none
2026-02-04T00:51:21.431814,20.7,43.1,0,0,none,none
2026-02-04T00:51:23.686390,20.7,43.2,0,0,none,none
2026-02-04T00:51:25.941219,20.7,43.1,0,0,none,none
2026-02-04T00:51:28.196071,20.7,43.1,0,0,none,none
2026-02-04T00:51:30.450839,20.7,43.1,0,0,none,none
2026-02-04T00:51:32.705713,20.7,43.2,0,0,none,none
2026-02-04T00:51:34.960530,20.7,43.1,0,0,none,none
2026-02-04T00:51:37.214738,20.7,43.1,0,0,none,none
2026-02-04T00:51:39.469720,20.7,43.1,0,0,none,none
2026-02-04T00:51:41.724689,20.7,43.1,0,0,none,none
2026-02-04T00:51:43.979168,20.7,43.1,0,0,none,none
2026-02-04T00:51:46.234157,20.7,43.1,0,0,none,none
2026-02-04T00:51:48.488842,20.7,43.1,0,0,none,none
2026-02-04T00:51:50.743544,20.7,43.1,0,0,none,none
2026-02-04T00:51:52.998128,20.7,43.1,0,0,none,none
2026-02-04T00:51:55.253008,20.7,43.1,0,0,none,none
2026-02-04T00:51:57.507399,20.7,43.1,0,0,none,none
2026-02-04T00:51:59.762256,20.7,43.1,0,0,none,none
2026-02-04T00:52:02.017048,20.7,43.1,0,0,none,none
2026-02-04T00:52:04.271650,20.7,43.1,0,0,none,none
2026-02-04T00:52:06.526592,20.7,43.1,0,0,none,none
2026-02-04T00:52:08.781439,20.7,43.1,0,0,none,none
2026-02-04T00:52:11.035798,20.7,43.2,0,0,none,none
2026-02-04T00:52:13.290648,20.7,43.1,0,0,none,none
2026-02-04T00:52:15.545594,20.7,43.1,0,0,none,none
2026-02-04T00:52:17.800294,20.7,43.2,0,0,none,none
2026-02-04T00:52:20.055056,20.7,43.2,0,0,none,none
2026-02-04T00:52:22.309562,20.7,43.2,0,0,none,none
2026-02-04T00:52:24.564362,20.7,43.1,0,0,none,none
2026-02-04T00:52:26.819233,20.7,43.1,0,0,none,none
2026-02-04T00:52:29.074161,20.7,43.2,0,0,none,none
2026-02-04T00:52:31.328825,20.7,43.1,0,0,none,none
2026-02-04T00:52:33.583904,,,0,0,none,none
2026-02-04T00:52:35.838744,20.7,43.1,0,0,none,none
2026-02-04T00:52:38.093393,20.7,43.1,0,0,none,none
2026-02-04T00:52:40.348331,20.7,43.2,0,0,none,none
2026-02-04T00:52:42.603234,20.7,43.2,0,0,none,none
2026-02-04T00:52:44.857958,20.7,43.1,0,0,none,none
2026-02-04T00:52:47.112761,20.7,43.2,0,0,none,none
2026-02-04T00:52:49.367641,20.7,43.1,0,0,none,none
2026-02-04T00:52:51.622449,20.7,43.1,0,0,none,none
2026-02-04T00:52:53.877277,20.7,43.1,0,0,none,none
2026-02-04T00:52:56.132125,20.7,43.1,0,0,none,none
2026-02-04T00:52:58.386687,20.7,43.1,0,0,none,none
2026-02-04T00:53:00.641699,20.7,43.2,0,0,none,none
2026-02-04T00:53:02.896405,20.7,43.2,0,0,none,none
2026-02-04T00:53:05.150996,20.7,43.2,0,0,none,none
2026-02-04T00:53:07.405901,20.7,43.1,0,0,none,none
2026-02-04T00:53:09.660883,20.7,43.1,0,0,none,none
2026-02-04T00:53:11.915528,20.7,43.1,0,0,none,none
2026-02-04T00:53:14.170371,20.7,43.1,0,0,none,none
2026-02-04T00:53:16.426521,20.7,43.2,0,0,none,none
2026-02-04T00:53:18.681292,20.7,43.2,0,0,none,none
2026-02-04T00:53:20.936158,20.7,43.2,0,0,none,none
2026-02-04T00:53:23.190933,20.7,43.1,0,0,none,none
2026-02-04T00:53:25.445768,20.7,43.1,0,0,none,none
2026-02-04T00:53:27.700460,20.7,43.1,0,0,none,none
2026-02-04T00:53:29.955401,20.7,43.1,0,0,none,none
2026-02-04T00:53:32.210020,20.7,43.1,0,0,none,none
2026-02-04T00:53:34.464788,20.7,43.1,0,0,none,none
2026-02-04T00:53:36.719597,20.7,43.1,0,0,none,none
2026-02-04T00:53:38.974168,20.7,43.1,0,0,none,none
2026-02-04T00:53:41.228954,20.7,43.1,0,0,none,none
2026-02-04T00:53:43.483934,20.7,43.1,0,0,none,none
2026-02-04T00:53:45.738510,20.7,43.1,0,0,none,none
2026-02-04T00:53:47.993400,20.7,43.1,0,0,none,none
2026-02-04T00:53:50.248231,20.7,43.1,0,0,none,none
2026-02-04T00:53:52.502655,20.7,43.1,0,0,none,none
2026-02-04T00:53:54.757499,20.7,43.1,0,0,none,none
2026-02-04T00:53:57.012376,20.7,43.1,0,0,none,none
2026-02-04T00:53:59.266942,20.7,43.1,0,0,none,none
2026-02-04T00:54:01.521943,20.7,43.1,0,0,none,none
2026-02-04T00:54:03.776773,20.7,43.1,0,0,none,none
2026-02-04T00:54:06.031442,20.7,43.1,0,0,none,none
2026-02-04T00:54:08.285857,20.7,43.1,0,0,none,none
2026-02-04T00:54:10.540752,20.7,43.1,0,0,none,none
2026-02-04T00:54:12.795412,20.7,43.1,0,0,none,none
2026-02-04T00:54:15.050342,20.7,43.1,0,0,none,none
2026-02-04T00:54:17.305257,20.7,43.1,0,0,none,none
2026-02-04T00:54:19.560124,20.7,43.1,0,0,none,none
2026-02-04T00:54:21.814763,20.7,43.1,0,0,none,none
2026-02-04T00:54:24.069587,20.7,43.1,0,0,none,none
2026-02-04T00:54:26.324267,20.7,43.1,0,0,none,none
2026-02-04T00:54:28.579222,20.7,43.1,0,0,none,none
2026-02-04T00:54:30.834087,20.7,43.1,0,0,none,none
2026-02-04T00:54:33.088696,20.7,43.1,0,0,none,none
2026-02-04T00:54:35.343193,20.7,43.1,0,0,none,none
2026-02-04T00:54:37.598217,20.7,43.1,0,0,none,none
2026-02-04T00:54:39.852869,20.7,43.1,0,0,none,none
2026-02-04T00:54:42.107300,20.7,43.1,0,0,none,none
2026-02-04T00:54:44.364159,20.7,43.1,0,0,none,none
2026-02-04T00:54:46.618493,20.7,43.1,0,0,none,none
2026-02-04T00:54:48.873318,20.7,43.1,0,0,none,none
2026-02-04T00:54:51.128145,20.7,43.1,0,0,none,none
2026-02-04T00:54:53.382762,20.7,43.1,0,0,none,none
2026-02-04T00:54:55.637835,20.7,43.1,0,0,none,none
2026-02-04T00:54:57.892526,20.7,43.1,0,0,none,none
2026-02-04T00:55:00.147084,20.7,43.1,0,0,none,none
2026-02-04T00:55:02.402032,20.7,43.1,0,0,none,none
2026-02-04T00:55:04.656920,20.7,43.1,0,0,none,none
2026-02-04T00:55:06.911101,20.7,43.1,0,0,none,none
2026-02-04T00:55:09.166027,20.7,43.1,0,0,none,none
2026-02-04T00:55:11.420561,20.7,43.1,0,0,none,none
2026-02-04T00:55:13.675220,20.7,43.0,0,0,none,none
2026-02-04T00:55:15.930131,20.7,43.1,0,0,none,none
2026-02-04T00:55:18.186223,20.7,43.1,0,0,none,none
2026-02-04T00:55:20.440981,20.7,43.1,0,0,none,none
2026-02-04T00:55:22.695514,20.7,43.1,0,0,none,none
2026-02-04T00:55:24.950225,20.7,43.1,0,0,none,none
2026-02-04T00:55:27.204847,20.7,43.0,0,0,none,none
2026-02-04T00:55:29.459750,20.7,43.1,0,0,none,none
2026-02-04T00:55:31.716778,20.7,43.1,0,0,none,none
2026-02-04T00:55:33.971235,20.7,43.0,0,0,none,none
2026-02-04T00:55:36.226173,20.7,43.1,0,0,none,none
2026-02-04T00:55:38.481132,20.7,43.1,0,0,none,none
2026-02-04T00:55:40.735707,20.7,43.1,0,0,none,none
2026-02-04T00:55:42.990492,20.7,43.0,0,0,none,none
2026-02-04T00:55:45.245276,20.7,43.1,0,0,none,none
2026-02-04T00:55:47.499913,20.7,43.1,0,0,none,none
2026-02-04T00:55:49.754497,20.7,43.1,0,0,none,none
2026-02-04T00:55:52.009334,20.7,43.1,0,0,none,none
2026-02-04T00:55:54.264003,20.7,43.1,0,0,none,none
2026-02-04T00:55:56.518946,20.7,43.1,0,0,none,none
2026-02-04T00:55:58.773837,20.7,43.1,0,0,none,none
2026-02-04T00:56:01.028504,20.7,43.1,0,0,none,none
2026-02-04T00:56:03.283354,20.7,43.1,0,0,none,none
2026-02-04T00:56:05.538301,20.7,43.1,0,0,none,none
2026-02-04T00:56:07.792937,20.7,43.1,0,0,none,none
2026-02-04T00:56:10.047758,20.7,43.1,0,0,none,none
2026-02-04T00:56:12.302476,20.7,43.1,0,0,none,none
2026-02-04T00:56:14.557297,20.7,43.1,0,0,none,none
2026-02-04T00:56:16.812125,20.7,43.1,0,0,none,none
2026-02-04T00:56:19.066996,20.7,43.1,0,0,none,none
2026-02-04T00:56:21.321673,20.7,43.1,0,0,none,none
2026-02-04T00:56:23.576637,20.7,43.1,0,0,none,none
2026-02-04T00:56:25.831380,20.7,43.0,0,0,none,none
2026-02-04T00:56:28.086127,20.7,43.1,0,0,none,none
2026-02-04T00:56:30.340955,20.7,43.0,0,0,none,none
2026-02-04T00:56:32.595892,20.7,43.1,0,0,none,none
2026-02-04T00:56:34.850508,20.7,43.1,0,0,none,none
2026-02-04T00:56:37.105379,20.7,43.0,0,0,none,none
2026-02-04T00:56:39.360220,20.7,43.0,0,0,none,none
2026-02-04T00:56:41.614984,20.7,43.0,0,0,none,none
2026-02-04T00:56:43.870012,20.7,43.0,0,0,none,none
2026-02-04T00:56:46.124904,20.7,43.1,0,0,none,none
2026-02-04T00:56:48.379497,20.7,43.0,0,0,none,none
2026-02-04T00:56:50.634478,20.7,43.0,0,0,none,none
2026-02-04T00:56:52.889333,20.7,43.0,0,0,none,none
2026-02-04T00:56:55.143884,20.7,43.1,0,0,none,none
2026-02-04T00:56:57.398706,20.7,43.0,0,0,none,none
2026-02-04T00:56:59.653412,20.7,43.1,0,0,none,none
2026-02-04T00:57:01.907737,20.7,43.1,0,0,none,none
2026-02-04T00:57:04.162606,20.7,43.1,0,0,none,none
2026-02-04T00:57:06.417361,20.7,43.1,0,0,none,none
2026-02-04T00:57:08.672106,20.7,43.0,0,0,none,none
2026-02-04T00:57:10.926891,20.7,43.0,0,0,none,none
2026-02-04T00:57:13.181769,20.7,43.0,0,0,none,none
2026-02-04T00:57:15.436641,20.7,43.0,0,0,none,none
2026-02-04T00:57:17.691561,20.7,43.0,0,0,none,none
2026-02-04T00:57:19.946290,20.7,43.0,0,0,none,none
2026-02-04T00:57:22.200983,20.7,43.0,0,0,none,none
2026-02-04T00:57:24.455550,20.7,43.0,0,0,none,none
2026-02-04T00:57:26.713972,20.7,43.0,0,0,none,none
2026-02-04T00:57:29.028245,20.7,43.0,0,0,none,none
2026-02-04T00:57:31.283168,20.7,43.1,0,0,none,none
2026-02-04T00:57:33.538126,20.7,43.1,0,0,none,none
2026-02-04T00:57:35.792761,20.7,43.1,0,0,none,none
2026-02-04T00:57:38.047367,20.7,43.1,0,0,none,none
2026-02-04T00:57:40.302218,20.7,43.1,0,0,none,none
2026-02-04T00:57:42.557032,20.7,43.1,0,0,none,none
2026-02-04T00:57:44.811908,20.7,43.0,0,0,none,none
2026-02-04T00:57:47.066740,20.7,43.1,0,0,none,none
2026-02-04T00:57:49.321426,20.7,43.1,0,0,none,none
2026-02-04T00:57:51.576510,20.7,43.1,0,0,none,none
2026-02-04T00:57:53.831276,20.7,43.1,0,0,none,none
2026-02-04T00:57:56.085707,20.7,43.1,0,0,none,none
2026-02-04T00:57:58.340618,20.7,43.1,0,0,none,none
2026-02-04T00:58:00.595589,20.7,43.1,0,0,none,none
2026-02-04T00:58:02.850189,20.7,43.1,0,0,none,none
2026-02-04T00:58:05.105037,20.7,43.1,0,0,none,none
2026-02-04T00:58:07.359680,20.7,43.1,0,0,none,none
2026-02-04T00:58:09.614437,20.7,43.1,0,0,none,none
2026-02-04T00:58:11.868951,20.7,43.1,0,0,none,none
2026-02-04T00:58:14.123807,20.7,43.1,0,0,none,none
2026-02-04T00:58:16.378232,20.7,43.1,0,0,none,none
2026-02-04T00:58:18.633233,20.7,43.1,0,0,none,none
2026-02-04T00:58:20.888110,20.7,43.1,0,0,none,none
2026-02-04T00:58:23.142740,20.7,43.1,0,0,none,none
2026-02-04T00:58:25.397599,20.7,43.1,0,0,none,none
2026-02-04T00:58:27.652616,20.7,43.1,0,0,none,none
2026-02-04T00:58:29.907175,20.7,43.1,0,0,none,none
2026-02-04T00:58:32.162138,20.7,43.1,0,0,none,none
2026-02-04T00:58:34.416969,20.7,43.0,0,0,none,none
2026-02-04T00:58:36.671695,20.7,43.1,0,0,none,none
2026-02-04T00:58:38.926348,20.7,43.1,0,0,none,none
2026-02-04T00:58:41.180765,20.7,43.1,0,0,none,none
2026-02-04T00:58:43.435401,20.7,43.1,0,0,none,none
2026-02-04T00:58:45.689930,20.7,43.1,0,0,none,none
2026-02-04T00:58:47.944763,20.7,43.1,0,0,none,none
2026-02-04T00:58:50.199331,20.7,43.1,0,0,none,none
2026-02-04T00:58:52.454287,20.7,43.1,0,0,none,none
2026-02-04T00:58:54.709129,20.7,43.1,0,0,none,none
2026-02-04T00:58:56.963661,20.7,43.2,0,0,none,none
2026-02-04T00:58:59.218470,20.7,43.2,0,0,none,none
2026-02-04T00:59:01.473393,20.7,43.2,0,0,none,none
2026-02-04T00:59:03.728081,20.7,43.2,0,0,none,none
2026-02-04T00:59:05.982775,20.7,43.2,0,0,none,none
2026-02-04T00:59:08.237242,20.7,43.1,0,0,none,none
2026-02-04T00:59:10.491897,20.7,43.1,0,0,none,none
2026-02-04T00:59:12.746822,20.7,43.1,0,0,none,none
2026-02-04T00:59:15.001760,20.7,43.2,0,0,none,none
2026-02-04T00:59:17.256508,20.7,43.1,0,0,none,none
2026-02-04T00:59:19.511932,20.7,43.2,0,0,none,none
2026-02-04T00:59:21.766787,20.7,43.2,0,0,none,none
2026-02-04T00:59:24.021432,20.7,43.1,0,0,none,none
2026-02-04T00:59:26.275940,20.7,43.2,0,0,none,none
2026-02-04T00:59:28.530676,20.7,43.2,0,0,none,none
2026-02-04T00:59:30.785342,20.7,43.2,0,0,none,none
2026-02-04T00:59:33.039916,20.7,43.2,0,0,none,none
2026-02-04T00:59:35.294537,20.7,43.2,0,0,none,none
2026-02-04T00:59:37.549343,20.7,43.2,0,0,none,none
2026-02-04T00:59:39.804064,20.7,43.2,0,0,none,none
2026-02-04T00:59:42.058381,20.7,43.2,0,0,none,none
2026-02-04T00:59:44.313040,20.7,43.2,0,0,none,none
2026-02-04T00:59:46.567481,20.7,43.2,0,0,none,none
2026-02-04T00:59:48.821985,20.7,43.2,0,0,none,none
2026-02-04T00:59:51.076592,20.7,43.2,0,0,none,none
2026-02-04T00:59:53.331400,20.7,43.2,0,0,none,none
2026-02-04T00:59:55.586299,20.7,43.2,0,0,none,none
2026-02-04T00:59:57.841048,20.7,43.2,0,0,none,none
2026-02-04T01:00:00.095838,20.7,43.1,0,0,none,none
2026-02-04T01:00:02.350674,20.7,43.1,0,0,none,none
2026-02-04T01:00:04.605595,20.7,43.2,0,0,none,none
2026-02-04T01:00:06.860259,20.7,43.2,0,0,none,none
2026-02-04T01:00:09.115211,20.7,43.2,0,0,none,none
2026-02-04T01:00:11.370020,20.7,43.2,0,0,none,none
2026-02-04T01:00:13.625062,20.7,43.2,0,0,none,none
2026-02-04T01:00:15.879945,20.7,43.2,0,0,none,none
2026-02-04T01:00:18.134738,20.7,43.2,0,0,none,none
2026-02-04T01:00:20.389820,20.7,43.2,0,0,none,none
2026-02-04T01:00:22.644866,20.7,43.2,0,0,none,none
2026-02-04T01:00:24.899602,20.7,43.2,0,0,none,none
2026-02-04T01:00:27.154481,20.7,43.2,0,0,none,none
2026-02-04T01:00:29.409453,20.7,43.2,0,0,none,none
2026-02-04T01:00:31.664282,20.7,43.2,0,0,none,none
2026-02-04T01:00:33.919209,20.7,43.2,0,0,none,none
2026-02-04T01:00:36.174166,20.7,43.2,0,0,none,none
2026-02-04T01:00:38.429113,20.7,43.2,0,0,none,none
2026-02-04T01:00:40.683896,20.7,43.1,0,0,none,none
2026-02-04T01:00:42.938718,20.7,43.2,0,0,none,none
2026-02-04T01:00:45.193487,20.7,43.2,0,0,none,none
2026-02-04T01:00:47.448556,20.7,43.1,0,0,none,none
2026-02-04T01:00:49.703557,20.7,43.1,0,0,none,none
2026-02-04T01:00:51.958249,20.7,43.2,0,0,none,none
2026-02-04T01:00:54.213232,20.7,43.2,0,0,none,none
2026-02-04T01:00:56.468220,20.7,43.2,0,0,none,none
2026-02-04T01:00:58.722933,20.7,43.2,0,0,none,none
2026-02-04T01:01:00.977929,20.7,43.2,0,0,none,none
2026-02-04T01:01:03.232855,20.7,43.2,0,0,none,none
2026-02-04T01:01:05.487521,20.7,43.1,0,0,none,none
2026-02-04T01:01:07.742217,20.7,43.2,0,0,none,none
2026-02-04T01:01:09.997167,20.7,43.2,0,0,none,none
2026-02-04T01:01:12.251575,20.7,43.1,0,0,none,none
2026-02-04T01:01:14.506646,20.7,43.2,0,0,none,none
2026-02-04T01:01:16.761502,20.7,43.2,0,0,none,none
2026-02-04T01:01:19.016119,20.7,43.1,0,0,none,none
2026-02-04T01:01:21.270823,20.7,43.1,0,0,none,none
2026-02-04T01:01:23.525847,20.7,43.2,0,0,none,none
2026-02-04T01:01:25.780527,20.7,43.1,0,0,none,none
2026-02-04T01:01:28.035129,20.7,43.2,0,0,none,none
2026-02-04T01:01:30.289979,20.7,43.2,0,0,none,none
2026-02-04T01:01:32.544753,20.7,43.2,0,0,none,none
2026-02-04T01:01:34.799490,20.7,43.2,0,0,none,none
2026-02-04T01:01:37.054015,20.7,43.2,0,0,none,none
2026-02-04T01:01:39.308677,20.7,43.2,0,0,none,none
2026-02-04T01:01:41.563380,20.7,43.2,0,0,none,none
2026-02-04T01:01:43.817994,20.7,43.2,0,0,none,none
2026-02-04T01:01:46.072573,20.7,43.1,0,0,none,none
2026-02-04T01:01:48.327363,20.7,43.2,0,0,none,none
2026-02-04T01:01:50.582232,20.7,43.1,0,0,none,none
2026-02-04T01:01:52.836874,20.7,43.1,0,0,none,none
2026-02-04T01:01:55.091478,20.7,43.2,0,0,none,none
2026-02-04T01:01:57.346018,20.7,43.2,0,0,none,none
2026-02-04T01:01:59.600715,20.7,43.2,0,0,none,none
2026-02-04T01:02:01.855453,20.7,43.2,0,0,none,none
2026-02-04T01:02:04.110276,20.7,43.2,0,0,none,none
2026-02-04T01:02:06.364866,20.7,43.2,0,0,none,none
2026-02-04T01:02:08.619817,20.7,43.2,0,0,none,none
2026-02-04T01:02:10.874677,20.7,43.2,0,0,none,none
2026-02-04T01:02:13.129382,20.7,43.2,0,0,none,none
2026-02-04T01:02:15.384340,20.7,43.2,0,0,none,none
2026-02-04T01:02:17.639326,20.7,43.2,0,0,none,none
2026-02-04T01:02:19.894008,20.7,43.2,0,0,none,none
2026-02-04T01:02:22.148894,20.7,43.1,0,0,none,none
2026-02-04T01:02:24.403573,20.7,43.1,0,0,none,none
2026-02-04T01:02:26.658326,20.7,43.1,0,0,none,none
2026-02-04T01:02:28.913194,20.7,43.1,0,0,none,none
2026-02-04T01:02:31.167967,20.7,43.1,0,0,none,none
2026-02-04T01:02:33.422690,20.7,43.1,0,0,none,none
2026-02-04T01:02:35.677230,20.7,43.1,0,0,none,none
2026-02-04T01:02:37.932037,20.7,43.2,0,0,none,none
2026-02-04T01:02:40.186515,20.7,43.1,0,0,none,none
2026-02-04T01:02:42.441423,20.7,43.1,0,0,none,none
2026-02-04T01:02:44.696325,20.7,43.1,0,0,none,none
2026-02-04T01:02:46.950854,20.7,43.1,0,0,none,none
2026-02-04T01:02:49.205785,20.7,43.1,0,0,none,none
2026-02-04T01:02:51.460676,20.7,43.1,0,0,none,none
2026-02-04T01:02:53.715310,20.7,43.1,0,0,none,none
2026-02-04T01:02:55.970262,20.7,43.2,0,0,none,none
2026-02-04T01:02:58.225130,20.7,43.1,0,0,none,none
2026-02-04T01:03:00.479737,20.7,43.1,0,0,none,none
2026-02-04T01:03:02.734451,20.7,43.1,0,0,none,none
2026-02-04T01:03:04.989348,20.7,43.2,0,0,none,none
2026-02-04T01:03:07.243924,20.7,43.1,0,0,none,none
2026-02-04T01:03:09.498308,20.6,43.1,0,0,none,none
2026-02-04T01:03:11.753138,20.7,43.1,0,0,none,none
2026-02-04T01:03:14.007690,20.7,43.1,0,0,none,none
2026-02-04T01:03:16.262201,20.7,43.1,0,0,none,none
2026-02-04T01:03:18.517073,20.7,43.1,0,0,none,none
2026-02-04T01:03:20.771644,20.7,43.1,0,0,none,none
2026-02-04T01:03:23.026259,20.7,43.0,0,0,none,none
2026-02-04T01:03:25.281101,20.7,43.1,0,0,none,none
2026-02-04T01:03:27.535782,20.7,43.0,0,0,none,none
2026-02-04T01:03:29.790633,20.7,43.1,0,0,none,none
2026-02-04T01:03:32.045466,20.7,43.1,0,0,none,none
2026-02-04T01:03:34.300024,20.6,43.1,0,0,none,none
2026-02-04T01:03:36.554945,20.6,43.1,0,0,none,none
2026-02-04T01:03:38.809817,20.6,43.1,0,0,none,none
2026-02-04T01:03:41.064312,20.7,43.1,0,0,none,none
2026-02-04T01:03:43.319165,20.7,43.2,0,0,none,none
2026-02-04T01:03:45.574097,20.7,43.1,0,0,none,none
2026-02-04T01:03:47.828762,20.7,43.1,0,0,none,none
2026-02-04T01:03:50.083593,20.7,43.1,0,0,none,none
2026-02-04T01:03:52.338406,20.7,43.1,0,0,none,none
2026-02-04T01:03:54.593297,20.6,43.0,0,0,none,none
2026-02-04T01:03:56.848110,20.7,43.1,0,0,none,none
2026-02-04T01:03:59.102796,20.7,43.1,0,0,none,none
2026-02-04T01:04:01.357384,20.7,43.1,0,0,none,none
2026-02-04T01:04:03.612291,20.6,43.0,0,0,none,none
2026-02-04T01:04:05.867046,20.7,43.1,0,0,none,none
2026-02-04T01:04:08.121766,20.7,43.1,0,0,none,none
2026-02-04T01:04:10.376644,20.7,43.1,0,0,none,none
2026-02-04T01:04:12.631402,20.7,43.1,0,0,none,none
2026-02-04T01:04:14.886135,20.6,43.0,0,0,none,none
2026-02-04T01:04:17.141006,20.6,43.0,0,0,none,none
2026-02-04T01:04:19.395799,20.6,43.0,0,0,none,none
2026-02-04T01:04:21.650533,20.7,43.0,0,0,none,none
2026-02-04T01:04:23.905426,20.6,43.0,0,0,none,none
2026-02-04T01:04:26.160313,20.7,43.0,0,0,none,none
2026-02-04T01:04:28.414884,20.6,43.0,0,0,none,none
2026-02-04T01:04:30.669862,20.6,43.0,0,0,none,none
2026-02-04T01:04:32.924415,20.6,43.0,0,0,none,none
2026-02-04T01:04:35.178937,20.7,43.0,0,0,none,none
2026-02-04T01:04:37.434079,20.6,43.0,0,0,none,none
2026-02-04T01:04:39.688966,20.7,43.1,0,0,none,none
2026-02-04T01:04:41.943512,20.7,43.0,0,0,none,none
2026-02-04T01:04:44.198368,20.6,43.0,0,0,none,none
2026-02-04T01:04:46.453347,20.7,43.1,0,0,none,none
2026-02-04T01:04:48.707867,20.6,43.0,0,0,none,none
2026-02-04T01:04:50.962623,20.6,43.0,0,0,none,none
2026-02-04T01:04:53.217506,20.6,43.0,0,0,none,none
2026-02-04T01:04:55.472229,20.6,43.0,0,0,none,none
2026-02-04T01:04:57.727131,20.6,43.0,0,0,none,none
2026-02-04T01:04:59.983837,20.7,43.1,0,0,none,none
2026-02-04T01:05:02.238433,20.6,43.0,0,0,none,none
2026-02-04T01:05:04.493122,20.6,43.0,0,0,none,none
2026-02-04T01:05:06.747957,20.7,43.1,0,0,none,none
2026-02-04T01:05:09.002651,20.7,43.1,0,0,none,none
2026-02-04T01:05:11.257655,20.6,43.0,0,0,none,none
2026-02-04T01:05:13.512806,20.6,43.0,0,0,none,none
2026-02-04T01:05:15.767331,20.6,43.0,0,0,none,none
2026-02-04T01:05:18.022294,20.6,43.0,0,0,none,none
2026-02-04T01:05:20.277173,20.6,43.0,0,0,none,none
2026-02-04T01:05:22.531527,20.7,43.0,0,0,none,none
2026-02-04T01:05:24.786437,20.6,43.0,0,0,none,none
2026-02-04T01:05:27.041306,20.6,43.0,0,0,none,none
2026-02-04T01:05:29.295767,20.6,43.0,0,0,none,none
2026-02-04T01:05:31.550686,20.6,43.0,0,0,none,none
2026-02-04T01:05:33.805540,20.6,43.1,0,0,none,none
2026-02-04T01:05:36.059808,20.6,43.1,0,0,none,none
2026-02-04T01:05:38.314514,20.6,43.1,0,0,none,none
2026-02-04T01:05:40.569459,20.7,43.1,0,0,none,none
2026-02-04T01:05:42.824103,20.6,43.0,0,0,none,none
2026-02-04T01:05:45.078996,20.6,43.0,0,0,none,none
2026-02-04T01:05:47.333844,20.6,43.0,0,0,none,none
2026-02-04T01:05:49.588553,20.6,43.0,0,0,none,none
2026-02-04T01:05:51.843090,20.7,43.1,0,0,none,none
2026-02-04T01:05:54.097820,20.7,43.1,0,0,none,none
2026-02-04T01:05:56.352466,20.6,43.0,0,0,none,none
2026-02-04T01:05:58.607295,20.6,43.0,0,0,none,none
2026-02-04T01:06:00.862077,20.7,43.1,0,0,none,none
2026-02-04T01:06:03.116736,20.6,43.0,0,0,none,none
2026-02-04T01:06:05.371322,20.6,43.0,0,0,none,none
2026-02-04T01:06:07.626221,20.6,43.0,0,0,none,none
2026-02-04T01:06:09.880895,20.6,43.0,0,0,none,none
2026-02-04T01:06:12.135405,20.6,43.0,0,0,none,none
2026-02-04T01:06:14.390160,20.6,43.0,0,0,none,none
2026-02-04T01:06:16.644999,20.7,43.0,0,0,none,none
2026-02-04T01:06:18.899687,20.7,43.1,0,0,none,none
2026-02-04T01:06:21.154484,20.7,43.1,0,0,none,none
2026-02-04T01:06:23.409112,20.6,43.1,0,0,none,none
2026-02-04T01:06:25.663938,20.6,43.1,0,0,none,none
2026-02-04T01:06:27.918767,20.7,43.1,0,0,none,none
2026-02-04T01:06:30.173463,20.6,43.1,0,0,none,none
2026-02-04T01:06:32.428485,20.6,43.1,0,0,none,none
2026-02-04T01:06:34.683300,20.6,43.1,0,0,none,none
2026-02-04T01:06:36.937982,20.6,43.0,0,0,none,none
2026-02-04T01:06:39.192887,20.6,43.1,0,0,none,none
2026-02-04T01:06:41.447808,20.6,43.0,0,0,none,none
2026-02-04T01:06:43.702454,20.6,43.0,0,0,none,none
2026-02-04T01:06:45.957392,20.6,43.0,0,0,none,none
2026-02-04T01:06:48.212298,20.6,43.0,0,0,none,none
2026-02-04T01:06:50.467138,20.6,43.0,0,0,none,none
2026-02-04T01:06:52.722124,20.6,43.0,0,0,none,none
2026-02-04T01:06:54.977037,20.6,43.0,0,0,none,none
2026-02-04T01:06:57.231653,20.6,43.0,0,0,none,none
2026-02-04T01:06:59.486647,20.6,43.0,0,0,none,none
2026-02-04T01:07:01.741527,20.6,43.0,0,0,none,none
2026-02-04T01:07:03.996273,20.6,43.0,0,0,none,none
2026-02-04T01:07:06.251139,20.6,43.0,0,0,none,none
2026-02-04T01:07:08.506188,20.6,43.0,0,0,none,none
2026-02-04T01:07:10.760823,20.6,43.0,0,0,none,none
2026-02-04T01:07:13.015669,20.6,43.0,0,0,none,none
2026-02-04T01:07:15.270513,20.7,43.1,0,0,none,none
2026-02-04T01:07:17.525340,20.6,43.0,0,0,none,none
2026-02-04T01:07:19.780123,20.7,43.0,0,0,none,none
2026-02-04T01:07:22.034997,20.6,43.0,0,0,none,none
2026-02-04T01:07:24.289777,20.7,43.0,0,0,none,none
2026-02-04T01:07:26.544793,20.6,43.0,0,0,none,none
2026-02-04T01:07:28.799621,20.6,43.0,0,0,none,none
2026-02-04T01:07:31.054264,20.6,43.0,0,0,none,none
2026-02-04T01:07:33.308844,20.6,43.0,0,0,none,none
2026-02-04T01:07:35.563730,20.7,43.0,0,0,none,none
2026-02-04T01:07:37.818419,20.6,43.0,0,0,none,none
2026-02-04T01:07:40.073302,20.6,43.0,0,0,none,none
2026-02-04T01:07:42.328126,20.6,43.0,0,0,none,none
2026-02-04T01:07:44.582862,20.6,43.0,0,0,none,none
2026-02-04T01:07:46.837814,20.6,43.0,0,0,none,none
2026-02-04T01:07:49.092729,20.6,43.0,0,0,none,none
2026-02-04T01:07:51.347252,20.6,43.0,0,0,none,none
2026-02-04T01:07:53.602262,20.6,43.0,0,0,none,none
2026-02-04T01:07:55.857107,20.7,43.1,0,0,none,none
2026-02-04T01:07:58.111738,20.6,43.0,0,0,none,none
2026-02-04T01:08:00.366566,20.6,43.0,0,0,none,none
2026-02-04T01:08:02.621497,20.6,43.0,0,0,none,none
2026-02-04T01:08:04.876127,20.6,43.0,0,0,none,none
2026-02-04T01:08:07.130978,20.6,43.0,0,0,none,none
2026-02-04T01:08:09.387915,20.6,43.0,0,0,none,none
2026-02-04T01:08:11.642677,20.6,43.0,0,0,none,none
2026-02-04T01:08:13.897586,20.6,43.0,0,0,none,none
2026-02-04T01:08:16.152501,20.6,43.0,0,0,none,none
2026-02-04T01:08:18.407071,20.7,43.0,0,0,none,none
2026-02-04T01:08:20.662115,20.6,43.0,0,0,none,none
2026-02-04T01:08:22.917044,20.6,43.0,0,0,none,none
2026-02-04T01:08:25.171727,20.6,43.0,0,0,none,none
2026-02-04T01:08:27.427854,20.7,43.0,0,0,none,none
2026-02-04T01:08:29.682777,20.7,43.0,0,0,none,none
2026-02-04T01:08:31.937354,20.7,43.0,0,0,none,none
2026-02-04T01:08:34.192312,20.6,43.0,0,0,none,none
2026-02-04T01:08:36.447251,20.6,43.0,0,0,none,none
2026-02-04T01:08:38.701996,20.6,43.0,0,0,none,none
2026-02-04T01:08:40.956821,20.6,43.0,0,0,none,none
2026-02-04T01:08:43.211668,20.7,43.0,0,0,none,none
2026-02-04T01:08:45.466443,20.7,43.0,0,0,none,none
2026-02-04T01:08:47.721386,20.6,43.0,0,0,none,none
2026-02-04T01:08:49.976300,20.6,43.0,0,0,none,none
2026-02-04T01:08:52.230914,20.6,43.0,0,0,none,none
2026-02-04T01:08:54.485935,20.6,43.0,0,0,none,none
2026-02-04T01:08:56.740810,20.6,43.0,0,0,none,none
2026-02-04T01:08:58.995439,20.6,42.9,0,0,none,none
2026-02-04T01:09:01.250211,20.7,43.0,0,0,none,none
2026-02-04T01:09:03.505154,20.6,42.9,0,0,none,none
2026-02-04T01:09:05.759684,20.6,43.0,0,0,none,none
2026-02-04T01:09:08.014623,20.6,43.0,0,0,none,none
2026-02-04T01:09:10.271454,20.6,43.0,0,0,none,none
2026-02-04T01:09:12.526210,20.6,43.0,0,0,none,none
2026-02-04T01:09:14.781123,20.6,43.0,0,0,none,none
2026-02-04T01:09:17.036063,20.7,43.0,0,0,none,none
2026-02-04T01:09:19.290677,20.7,43.0,0,0,none,none
2026-02-04T01:09:21.545701,20.7,43.0,0,0,none,none
2026-02-04T01:09:23.800661,20.6,43.0,0,0,none,none
2026-02-04T01:09:26.055333,20.7,43.0,0,0,none,none
2026-02-04T01:09:28.310312,20.7,43.0,0,0,none,none
2026-02-04T01:09:30.565265,20.6,43.0,0,0,none,none
2026-02-04T01:09:32.819747,20.7,43.0,0,0,none,none
2026-02-04T01:09:35.074625,20.6,43.0,0,0,none,none
2026-02-04T01:09:37.329524,20.7,43.0,0,0,none,none
2026-02-04T01:09:39.584331,20.6,42.9,0,0,none,none
2026-02-04T01:09:41.838678,20.6,43.0,0,0,none,none
2026-02-04T01:09:44.093539,20.6,42.9,0,0,none,none
2026-02-04T01:09:46.348322,20.6,42.9,0,0,none,none
2026-02-04T01:09:48.603325,20.7,43.0,0,0,none,none
2026-02-04T01:09:50.858122,20.6,42.9,0,0,none,none
2026-02-04T01:09:53.112782,20.7,43.0,0,0,none,none
2026-02-04T01:09:55.367593,20.7,43.0,0,0,none,none
2026-02-04T01:09:57.622542,20.7,43.0,0,0,none,none
2026-02-04T01:09:59.877262,20.7,43.0,0,0,none,none
2026-02-04T01:10:02.132134,20.6,43.0,0,0,none,none
2026-02-04T01:10:04.386880,20.7,43.0,0,0,none,none
2026-02-04T01:10:06.641655,20.7,43.0,0,0,none,none
2026-02-04T01:10:08.896672,20.6,42.9,0,0,none,none
2026-02-04T01:10:11.151576,20.7,43.0,0,0,none,none
2026-02-04T01:10:13.406257,20.6,43.0,0,0,none,none
2026-02-04T01:10:15.661123,20.6,43.0,0,0,none,none
2026-02-04T01:10:17.916020,20.7,43.0,0,0,none,none
2026-02-04T01:10:20.170789,20.6,43.0,0,0,none,none
2026-02-04T01:10:22.426946,20.7,43.0,0,0,none,none
2026-02-04T01:10:24.681886,20.7,43.0,0,0,none,none
2026-02-04T01:10:26.936606,20.7,43.0,0,0,none,none
2026-02-04T01:10:29.191575,20.7,43.0,0,0,none,none
2026-02-04T01:10:31.446533,20.7,43.0,0,0,none,none
2026-02-04T01:10:33.701368,20.7,43.0,0,0,none,none
2026-02-04T01:10:35.956069,20.6,42.9,0,0,none,none
2026-02-04T01:10:38.211010,20.7,43.0,0,0,none,none
2026-02-04T01:10:40.465791,20.7,43.0,0,0,none,none
2026-02-04T01:10:42.720468,20.7,43.0,0,0,none,none
2026-02-04T01:10:44.975272,20.7,43.0,0,0,none,none
2026-02-04T01:10:47.229474,20.7,43.0,0,0,none,none
2026-02-04T01:10:49.484503,20.7,43.0,0,0,none,none
2026-02-04T01:10:51.739434,20.6,43.0,0,0,none,none
2026-02-04T01:10:53.994085,20.7,43.0,0,0,none,none
2026-02-04T01:10:56.248961,20.7,43.0,0,0,none,none
2026-02-04T01:10:58.503990,20.7,43.0,0,0,none,none
2026-02-04T01:11:00.758628,20.7,43.0,0,0,none,none
2026-02-04T01:11:03.013534,20.7,43.0,0,0,none,none
2026-02-04T01:11:05.268432,20.7,43.0,0,0,none,none
2026-02-04T01:11:07.523298,20.7,43.0,0,0,none,none
2026-02-04T01:11:09.778193,20.7,43.0,0,0,none,none
2026-02-04T01:11:12.033045,20.7,43.0,0,0,none,none
2026-02-04T01:11:14.287614,20.6,43.0,0,0,none,none
2026-02-04T01:11:16.542189,20.7,43.0,0,0,none,none
2026-02-04T01:11:18.796983,20.7,43.0,0,0,none,none
2026-02-04T01:11:21.051506,20.7,43.0,0,0,none,none
2026-02-04T01:11:23.306403,20.7,43.0,0,0,none,none
2026-02-04T01:11:25.561379,20.7,43.0,0,0,none,none
2026-02-04T01:11:27.816040,20.6,43.0,0,0,none,none
2026-02-04T01:11:30.070880,20.7,43.0,0,0,none,none
2026-02-04T01:11:32.325420,20.6,42.9,0,0,none,none
2026-02-04T01:11:34.580288,20.6,42.9,0,0,none,none
2026-02-04T01:11:36.835228,20.6,42.9,0,0,none,none
2026-02-04T01:11:39.090129,20.7,43.0,0,0,none,none
2026-02-04T01:11:41.344805,20.6,43.0,0,0,none,none
2026-02-04T01:11:43.599649,20.7,43.0,0,0,none,none
2026-02-04T01:11:45.854641,20.6,43.0,0,0,none,none
2026-02-04T01:11:48.109216,20.7,43.0,0,0,none,none
2026-02-04T01:11:50.364069,20.7,43.0,0,0,none,none
2026-02-04T01:11:52.620907,20.6,43.0,0,0,none,none
2026-02-04T01:11:54.875360,20.7,43.0,0,0,none,none
2026-02-04T01:11:57.130202,20.6,42.9,0,0,none,none
2026-02-04T01:11:59.387009,20.6,43.0,0,0,none,none
2026-02-04T01:12:01.641859,20.6,43.0,0,0,none,none
2026-02-04T01:12:03.896783,20.6,43.0,0,0,none,none
2026-02-04T01:12:06.153983,20.7,43.0,0,0,none,none
2026-02-04T01:12:08.408769,20.6,42.9,0,0,none,none
2026-02-04T01:12:10.663815,20.7,43.0,0,0,none,none
2026-02-04T01:12:12.918763,20.6,42.9,0,0,none,none
2026-02-04T01:12:15.173484,20.6,43.0,0,0,none,none
2026-02-04T01:12:17.428572,20.6,42.9,0,0,none,none
2026-02-04T01:12:19.683509,20.6,43.0,0,0,none,none
2026-02-04T01:12:21.938173,20.7,43.0,0,0,none,none
2026-02-04T01:12:24.193125,20.7,43.0,0,0,none,none
2026-02-04T01:12:26.449660,20.7,43.0,0,0,none,none
2026-02-04T01:12:28.704135,20.7,43.0,0,0,none,none
2026-02-04T01:12:30.959001,20.6,43.0,0,0,none,none
2026-02-04T01:12:33.214007,20.6,43.0,0,0,none,none
2026-02-04T01:12:35.468921,20.6,43.0,0,0,none,none
2026-02-04T01:12:37.723837,20.6,43.0,0,0,none,none
2026-02-04T01:12:39.978345,20.6,43.0,0,0,none,none
2026-02-04T01:12:42.233061,20.7,43.0,0,0,none,none
2026-02-04T01:12:44.487618,20.6,43.0,0,0,none,none
2026-02-04T01:12:46.742546,20.6,43.0,0,0,none,none
2026-02-04T01:12:48.997210,20.6,42.9,0,0,none,none
2026-02-04T01:12:51.251790,20.7,43.0,0,0,none,none
2026-02-04T01:12:53.506850,20.6,43.0,0,0,none,none
2026-02-04T01:12:55.761532,20.7,43.0,0,0,none,none
2026-02-04T01:12:58.016479,20.6,42.9,0,0,none,none
2026-02-04T01:13:00.271378,20.6,43.0,0,0,none,none
2026-02-04T01:13:02.526348,20.6,43.0,0,0,none,none
2026-02-04T01:13:04.781268,20.6,43.0,0,0,none,none
2026-02-04T01:13:07.035907,20.6,42.9,0,0,none,none
2026-02-04T01:13:09.290649,20.6,43.0,0,0,none,none
2026-02-04T01:13:11.545779,20.6,43.0,0,0,none,none
2026-02-04T01:13:13.800715,20.6,43.0,0,0,none,none
2026-02-04T01:13:16.055427,20.6,43.0,0,0,none,none
2026-02-04T01:13:18.310437,20.6,43.0,0,0,none,none
2026-02-04T01:13:20.565481,20.6,43.0,0,0,none,none
2026-02-04T01:13:22.820168,20.6,43.0,0,0,none,none
2026-02-04T01:13:25.074999,20.6,43.0,0,0,none,none
2026-02-04T01:13:27.329923,20.6,43.0,0,0,none,none
2026-02-04T01:13:29.584778,20.6,43.0,0,0,none,none
2026-02-04T01:13:31.839778,20.6,43.0,0,0,none,none
2026-02-04T01:13:34.094699,20.6,43.0,0,0,none,none
2026-02-04T01:13:36.349502,20.6,43.0,0,0,none,none
2026-02-04T01:13:38.604579,20.7,43.0,0,0,none,none
2026-02-04T01:13:40.859526,20.6,43.0,0,0,none,none
2026-02-04T01:13:43.114163,20.6,43.0,0,0,none,none
2026-02-04T01:13:45.369090,20.6,43.0,0,0,none,none
2026-02-04T01:13:47.624039,20.6,43.0,0,0,none,none
2026-02-04T01:13:49.878773,20.6,43.0,0,0,none,none
2026-02-04T01:13:52.133707,20.6,42.9,0,0,none,none
2026-02-04T01:13:54.388796,20.6,43.0,0,0,none,none
2026-02-04T01:13:56.643620,20.6,43.0,0,0,none,none
2026-02-04T01:13:58.898058,20.7,43.0,0,0,none,none
2026-02-04T01:14:01.152880,20.6,43.0,0,0,none,none
2026-02-04T01:14:03.407628,20.6,43.0,0,0,none,none
2026-02-04T01:14:05.662574,20.6,43.0,0,0,none,none
2026-02-04T01:14:07.917510,20.7,43.0,0,0,none,none
2026-02-04T01:14:10.171954,20.6,43.0,0,0,none,none
2026-02-04T01:14:12.426822,20.6,42.9,0,0,none,none
2026-02-04T01:14:14.681757,20.7,43.0,0,0,none,none
2026-02-04T01:14:16.936525,20.7,43.0,0,0,none,none
2026-02-04T01:14:19.191235,20.6,43.0,0,0,none,none
2026-02-04T01:14:21.446306,20.6,43.0,0,0,none,none
2026-02-04T01:14:23.700960,20.7,43.0,0,0,none,none
2026-02-04T01:14:25.955922,20.6,42.9,0,0,none,none
2026-02-04T01:14:28.210801,20.6,43.0,0,0,none,none
2026-02-04T01:14:30.465776,20.7,43.0,0,0,none,none
2026-02-04T01:14:32.720764,20.6,43.0,0,0,none,none
2026-02-04T01:14:34.975648,20.7,43.1,0,0,none,none
2026-02-04T01:14:37.230361,20.6,43.0,0,0,none,none
2026-02-04T01:14:39.485514,20.6,43.0,0,0,none,none
2026-02-04T01:14:41.740373,20.6,43.0,0,0,none,none
2026-02-04T01:14:43.995051,20.6,43.0,0,0,none,none
2026-02-04T01:14:46.250050,20.6,43.0,0,0,none,none
2026-02-04T01:14:48.504465,20.6,43.0,0,0,none,none
2026-02-04T01:14:50.759159,20.6,43.0,0,0,none,none
2026-02-04T01:14:53.014189,20.6,43.0,0,0,none,none
2026-02-04T01:14:55.269132,20.7,43.0,0,0,none,none
2026-02-04T01:14:57.524025,20.7,43.1,0,0,none,none
2026-02-04T01:14:59.778980,20.7,43.1,0,0,none,none
2026-02-04T01:15:02.033960,20.6,43.0,0,0,none,none
2026-02-04T01:15:04.288773,20.6,43.0,0,0,none,none
2026-02-04T01:15:06.543864,20.7,43.0,0,0,none,none
2026-02-04T01:15:08.798820,20.7,43.0,0,0,none,none
2026-02-04T01:15:11.053591,20.7,43.1,0,0,none,none
2026-02-04T01:15:13.308546,20.6,43.0,0,0,none,none
2026-02-04T01:15:15.563594,20.6,43.0,0,0,none,none
2026-02-04T01:15:17.818357,20.6,43.0,0,0,none,none
2026-02-04T01:15:20.073338,20.6,43.0,0,0,none,none
2026-02-04T01:15:22.328301,20.6,43.0,0,0,none,none
2026-02-04T01:15:24.583048,20.7,43.0,0,0,none,none
2026-02-04T01:15:26.838026,20.6,43.0,0,0,none,none
2026-02-04T01:15:29.092858,20.6,43.0,0,0,none,none
2026-02-04T01:15:31.347551,20.6,43.0,0,0,none,none
2026-02-04T01:15:33.602651,20.6,43.0,0,0,none,none
2026-02-04T01:15:35.857577,20.6,43.1,0,0,none,none
2026-02-04T01:15:38.112379,20.6,43.0,0,0,none,none
2026-02-04T01:15:40.367260,20.6,43.1,0,0,none,none
2026-02-04T01:15:42.622245,20.6,43.1,0,0,none,none
2026-02-04T01:15:44.876952,20.6,43.1,0,0,none,none
2026-02-04T01:15:47.131851,20.6,43.1,0,0,none,none
2026-02-04T01:15:49.386811,20.6,43.1,0,0,none,none
2026-02-04T01:15:51.641685,20.6,43.1,0,0,none,none
2026-02-04T01:15:53.896698,20.6,43.1,0,0,none,none
2026-02-04T01:15:56.151580,20.7,43.1,0,0,none,none
2026-02-04T01:15:58.406344,20.6,43.0,0,0,none,none
2026-02-04T01:16:00.661417,20.7,43.1,0,0,none,none
2026-02-04T01:16:02.916340,20.6,43.0,0,0,none,none
2026-02-04T01:16:05.171101,20.7,43.1,0,0,none,none
2026-02-04T01:16:07.426179,20.6,43.0,0,0,none,none
2026-02-04T01:16:09.681142,20.7,43.1,0,0,none,none
2026-02-04T01:16:11.935836,20.6,43.0,0,0,none,none
2026-02-04T01:16:14.190848,20.6,43.0,0,0,none,none
2026-02-04T01:16:16.445770,20.6,43.0,0,0,none,none
2026-02-04T01:16:18.700497,20.7,43.1,0,0,none,none
2026-02-04T01:16:20.955447,20.6,43.0,0,0,none,none
2026-02-04T01:16:23.212443,20.6,43.0,0,0,none,none
2026-02-04T01:16:25.466818,20.7,43.1,0,0,none,none
2026-02-04T01:16:27.721853,20.6,43.0,0,0,none,none
2026-02-04T01:16:29.976853,20.6,43.1,0,0,none,none
2026-02-04T01:16:32.231338,20.6,43.1,0,0,none,none
2026-02-04T01:16:34.486349,20.6,43.1,0,0,none,none
2026-02-04T01:16:36.741343,20.6,43.0,0,0,none,none
2026-02-04T01:16:38.996026,20.6,43.1,0,0,none,none
2026-02-04T01:16:41.250916,20.7,43.1,0,0,none,none
2026-02-04T01:16:43.505312,20.6,43.1,0,0,none,none
2026-02-04T01:16:45.759698,20.6,43.1,0,0,none,none
2026-02-04T01:16:48.014586,20.6,43.0,0,0,none,none
2026-02-04T01:16:50.269379,20.7,43.2,0,0,none,none
2026-02-04T01:16:52.524002,20.6,43.1,0,0,none,none
2026-02-04T01:16:54.778916,20.6,43.1,0,0,none,none
2026-02-04T01:16:57.033954,20.6,43.1,0,0,none,none
2026-02-04T01:16:59.288744,20.6,43.1,0,0,none,none
2026-02-04T01:17:01.544324,20.6,43.1,0,0,none,none
2026-02-04T01:17:03.799106,20.6,43.0,0,0,none,none
2026-02-04T01:17:06.053938,20.6,43.0,0,0,none,none
2026-02-04T01:17:08.308865,20.6,43.1,0,0,none,none
2026-02-04T01:17:10.563696,20.6,43.1,0,0,none,none
2026-02-04T01:17:12.818396,20.6,43.0,0,0,none,none
2026-02-04T01:17:15.073397,20.6,43.0,0,0,none,none
2026-02-04T01:17:17.328394,20.6,43.0,0,0,none,none
2026-02-04T01:17:19.583243,20.7,43.1,0,0,none,none
2026-02-04T01:17:21.838242,20.6,43.0,0,0,none,none
2026-02-04T01:17:24.093183,20.6,43.0,0,0,none,none
2026-02-04T01:17:26.347700,20.6,43.0,0,0,none,none
2026-02-04T01:17:28.602733,20.7,43.1,0,0,none,none
2026-02-04T01:17:30.857603,20.6,43.0,0,0,none,none
2026-02-04T01:17:33.112346,20.6,43.0,0,0,none,none
2026-02-04T01:17:35.367337,20.6,43.0,0,0,none,none
2026-02-04T01:17:37.622377,20.6,43.0,0,0,none,none
2026-02-04T01:17:39.877121,20.6,43.0,0,0,none,none
2026-02-04T01:17:42.132029,20.6,43.0,0,0,none,none
2026-02-04T01:17:44.386925,20.6,43.0,0,0,none,none
2026-02-04T01:17:46.641812,20.6,43.0,0,0,none,none
2026-02-04T01:17:48.896749,20.6,43.0,0,0,none,none
2026-02-04T01:17:51.151575,20.6,43.0,0,0,none,none
2026-02-04T01:17:53.406333,20.6,43.0,0,0,none,none
2026-02-04T01:17:55.661375,20.7,43.0,0,0,none,none
2026-02-04T01:17:57.916388,20.7,43.0,0,0,none,none
2026-02-04T01:18:00.171095,20.6,43.0,0,0,none,none
2026-02-04T01:18:02.426033,20.6,43.0,0,0,none,none
2026-02-04T01:18:04.681022,20.6,43.0,0,0,none,none
2026-02-04T01:18:06.935302,20.6,43.0,0,0,none,none
2026-02-04T01:18:09.190210,20.6,43.0,0,0,none,none
2026-02-04T01:18:11.445339,20.6,43.0,0,0,none,none
2026-02-04T01:18:13.699986,20.6,43.0,0,0,none,none
2026-02-04T01:18:15.954860,20.6,43.0,0,0,none,none
2026-02-04T01:18:18.209834,20.6,43.0,0,0,none,none
2026-02-04T01:18:20.464649,20.6,43.0,0,0,none,none
2026-02-04T01:18:22.719556,20.6,43.0,0,0,none,none
2026-02-04T01:18:24.974505,20.6,43.0,0,0,none,none
2026-02-04T01:18:27.229199,20.6,43.0,0,0,none,none
2026-02-04T01:18:29.484209,20.6,43.0,0,0,none,none
2026-02-04T01:18:31.739125,20.6,43.0,0,0,none,none
2026-02-04T01:18:33.993934,20.6,43.0,0,0,none,none
2026-02-04T01:18:36.248963,20.6,43.0,0,0,none,none
2026-02-04T01:18:38.503968,20.6,43.0,0,0,none,none
2026-02-04T01:18:40.758143,20.6,43.0,0,0,none,none
2026-02-04T01:18:43.013001,20.6,43.0,0,0,none,none
2026-02-04T01:18:45.267901,20.6,43.0,0,0,none,none
2026-02-04T01:18:47.522831,20.6,43.0,0,0,none,none
2026-02-04T01:18:49.777838,20.6,43.0,0,0,none,none
2026-02-04T01:18:52.032765,20.6,43.0,0,0,none,none
2026-02-04T01:18:54.287522,20.6,43.0,0,0,none,none
2026-02-04T01:18:56.542596,20.6,43.0,0,0,none,none
2026-02-04T01:18:58.797581,20.6,43.0,0,0,none,none
2026-02-04T01:19:01.052311,20.6,43.0,0,0,none,none
2026-02-04T01:19:03.307165,20.6,43.0,0,0,none,none
2026-02-04T01:19:05.562133,20.6,43.0,0,0,none,none
2026-02-04T01:19:07.816838,20.6,43.0,0,0,none,none
2026-02-04T01:19:10.071679,20.6,43.0,0,0,none,none
2026-02-04T01:19:12.328734,20.6,43.0,0,0,none,none
2026-02-04T01:19:14.583146,20.6,43.0,0,0,none,none
2026-02-04T01:19:16.838002,20.6,43.0,0,0,none,none
2026-02-04T01:19:19.092862,20.6,43.0,0,0,none,none
2026-02-04T01:19:21.347456,20.6,43.0,0,0,none,none
2026-02-04T01:19:23.602475,20.6,43.0,0,0,none,none
2026-02-04T01:19:25.857340,20.6,43.0,0,0,none,none
2026-02-04T01:19:28.112033,20.6,43.0,0,0,none,none
2026-02-04T01:19:30.366843,20.6,43.0,0,0,none,none
2026-02-04T01:19:32.621782,20.6,42.9,0,0,none,none
2026-02-04T01:19:34.876492,20.6,43.0,0,0,none,none
2026-02-04T01:19:37.131313,20.6,43.0,0,0,none,none
2026-02-04T01:19:39.386169,20.6,43.0,0,0,none,none
2026-02-04T01:19:41.640956,20.6,43.0,0,0,none,none
2026-02-04T01:19:43.895856,20.6,43.0,0,0,none,none
2026-02-04T01:19:46.150727,20.6,43.0,0,0,none,none
2026-02-04T01:19:48.405318,20.6,43.0,0,0,none,none
2026-02-04T01:19:50.660318,20.6,43.0,0,0,none,none
2026-02-04T01:19:52.915094,20.6,43.0,0,0,none,none
2026-02-04T01:19:55.169852,20.6,43.0,0,0,none,none
2026-02-04T01:19:57.424787,20.6,43.0,0,0,none,none
2026-02-04T01:19:59.679708,20.6,43.0,0,0,none,none
2026-02-04T01:20:01.934316,20.6,43.0,0,0,none,none
2026-02-04T01:20:04.189288,20.6,43.0,0,0,none,none
2026-02-04T01:20:06.444276,20.6,43.0,0,0,none,none
2026-02-04T01:20:08.698973,20.6,43.0,0,0,none,none
2026-02-04T01:20:10.953918,20.6,43.0,0,0,none,none
2026-02-04T01:20:13.208780,20.6,43.0,0,0,none,none
2026-02-04T01:20:15.463503,20.6,43.0,0,0,none,none
2026-02-04T01:20:17.718427,20.6,43.0,0,0,none,none
2026-02-04T01:20:19.973299,20.6,43.0,0,0,none,none
2026-02-04T01:20:22.227661,20.6,43.0,0,0,none,none
2026-02-04T01:20:24.482752,20.6,43.0,0,0,none,none
2026-02-04T01:20:26.737756,20.6,42.9,0,0,none,none
2026-02-04T01:20:28.992127,20.6,42.9,0,0,none,none
2026-02-04T01:20:31.247004,20.6,43.0,0,0,none,none
2026-02-04T01:20:33.501957,20.6,42.9,0,0,none,none
2026-02-04T01:20:35.756767,20.6,42.9,0,0,none,none
2026-02-04T01:20:38.011720,20.6,43.0,0,0,none,none
2026-02-04T01:20:40.266602,20.6,42.9,0,0,none,none
2026-02-04T01:20:42.521500,20.6,42.9,0,0,none,none
2026-02-04T01:20:44.776155,20.6,42.9,0,0,none,none
2026-02-04T01:20:47.031035,20.6,43.0,0,0,none,none
2026-02-04T01:20:49.285791,20.6,42.9,0,0,none,none
2026-02-04T01:20:51.540657,20.6,42.9,0,0,none,none
2026-02-04T01:20:53.795601,20.6,42.9,0,0,none,none
2026-02-04T01:20:56.049856,20.6,43.0,0,0,none,none
2026-02-04T01:20:58.304748,20.6,43.0,0,0,none,none
2026-02-04T01:21:00.559770,20.6,43.0,0,0,none,none
2026-02-04T01:21:02.814523,20.6,43.0,0,0,none,none
2026-02-04T01:21:05.069307,20.6,43.0,0,0,none,none
2026-02-04T01:21:07.323866,20.6,43.0,0,0,none,none
2026-02-04T01:21:09.578742,20.6,43.0,0,0,none,none
2026-02-04T01:21:11.833803,20.6,43.0,0,0,none,none
2026-02-04T01:21:14.088713,20.6,43.0,0,0,none,none
2026-02-04T01:21:16.343449,20.6,43.0,0,0,none,none
2026-02-04T01:21:18.598531,20.6,43.0,0,0,none,none
2026-02-04T01:21:20.853471,20.6,43.0,0,0,none,none
2026-02-04T01:21:23.108046,20.6,43.0,0,0,none,none
2026-02-04T01:21:25.362948,20.6,43.0,0,0,none,none
2026-02-04T01:21:27.617878,20.6,43.0,0,0,none,none
2026-02-04T01:21:29.872452,20.6,43.0,0,0,none,none
2026-02-04T01:21:32.127424,20.6,43.0,0,0,none,none
2026-02-04T01:21:34.382379,20.6,43.0,0,0,none,none
2026-02-04T01:21:36.637115,20.6,43.0,0,0,none,none
2026-02-04T01:21:38.892077,20.6,43.0,0,0,none,none
2026-02-04T01:21:41.146924,20.6,43.0,0,0,none,none
2026-02-04T01:21:43.401517,20.6,43.0,0,0,none,none
2026-02-04T01:21:45.656447,20.6,43.0,0,0,none,none
2026-02-04T01:21:47.911388,20.6,42.9,0,0,none,none
2026-02-04T01:21:50.165991,20.6,43.0,0,0,none,none
2026-02-04T01:21:52.420923,20.6,42.9,0,0,none,none
2026-02-04T01:21:54.675933,20.6,43.0,0,0,none,none
2026-02-04T01:21:56.930708,20.6,43.0,0,0,none,none
2026-02-04T01:21:59.185689,20.7,43.0,0,0,none,none
2026-02-04T01:22:01.440768,20.6,42.9,0,0,none,none
2026-02-04T01:22:03.695485,20.6,43.0,0,0,none,none
2026-02-04T01:22:05.950462,20.6,42.9,0,0,none,none
2026-02-04T01:22:08.205344,20.6,42.9,0,0,none,none
2026-02-04T01:22:10.460228,20.6,42.9,0,0,none,none
2026-02-04T01:22:12.715092,20.6,42.9,0,0,none,none
2026-02-04T01:22:14.969990,20.7,43.0,0,0,none,none
2026-02-04T01:22:17.224621,20.6,42.9,0,0,none,none
2026-02-04T01:22:19.479614,20.6,42.9,0,0,none,none
2026-02-04T01:22:21.734514,20.6,42.9,0,0,none,none
2026-02-04T01:22:23.989059,20.6,42.9,0,0,none,none
2026-02-04T01:22:26.244015,20.6,42.9,0,0,none,none
2026-02-04T01:22:28.498459,20.6,42.9,0,0,none,none
2026-02-04T01:22:30.753278,20.6,42.9,0,0,none,none
2026-02-04T01:22:33.008230,20.6,42.9,0,0,none,none
2026-02-04T01:22:35.263198,20.6,42.9,0,0,none,none
2026-02-04T01:22:37.518175,20.6,42.9,0,0,none,none
2026-02-04T01:22:39.773147,20.6,43.0,0,0,none,none
2026-02-04T01:22:42.028037,20.6,42.9,0,0,none,none
2026-02-04T01:22:44.282743,20.6,42.9,0,0,none,none
2026-02-04T01:22:46.537932,20.6,42.9,0,0,none,none
2026-02-04T01:22:48.792873,20.6,42.9,0,0,none,none
2026-02-04T01:22:51.047640,20.6,42.9,0,0,none,none
2026-02-04T01:22:53.302646,20.6,42.9,0,0,none,none
2026-02-04T01:22:55.557763,20.6,42.9,0,0,none,none
2026-02-04T01:22:57.812598,20.7,43.0,0,0,none,none
2026-02-04T01:23:00.067517,20.6,42.9,0,0,none,none
2026-02-04T01:23:02.322407,20.7,43.0,0,0,none,none
2026-02-04T01:23:04.577272,20.6,43.0,0,0,none,none
2026-02-04T01:23:06.832214,20.6,42.9,0,0,none,none
2026-02-04T01:23:09.087130,20.6,43.0,0,0,none,none
2026-02-04T01:23:11.341925,20.6,43.0,0,0,none,none
2026-02-04T01:23:13.597074,20.6,42.9,0,0,none,none
2026-02-04T01:23:15.852049,20.6,43.0,0,0,none,none
2026-02-04T01:23:18.106783,20.6,42.9,0,0,none,none
2026-02-04T01:23:20.361844,20.6,43.0,0,0,none,none
2026-02-04T01:23:22.617996,20.6,42.9,0,0,none,none
2026-02-04T01:23:24.872616,20.6,43.0,0,0,none,none
2026-02-04T01:23:27.127622,20.6,42.9,0,0,none,none
2026-02-04T01:23:29.382591,20.6,42.9,0,0,none,none
2026-02-04T01:23:31.637539,20.6,42.9,0,0,none,none
2026-02-04T01:23:33.892509,20.6,42.9,0,0,none,none
2026-02-04T01:23:36.147470,20.6,42.9,0,0,none,none
2026-02-04T01:23:38.402306,20.6,42.9,0,0,none,none
2026-02-04T01:23:40.657298,20.6,42.9,0,0,none,none
2026-02-04T01:23:42.912249,20.7,42.9,0,0,none,none
2026-02-04T01:23:45.166989,20.6,42.9,0,0,none,none
2026-02-04T01:23:47.422028,20.6,42.9,0,0,none,none
2026-02-04T01:23:49.677085,20.6,42.9,0,0,none,none
2026-02-04T01:23:51.931854,20.6,42.8,0,0,none,none
2026-02-04T01:23:54.186837,20.6,42.8,0,0,none,none
2026-02-04T01:23:56.441600,20.6,42.8,0,0,none,none
2026-02-04T01:23:58.696318,20.7,42.9,0,0,none,none
2026-02-04T01:24:00.951176,20.6,42.8,0,0,none,none
2026-02-04T01:24:03.205980,20.6,42.9,0,0,none,none
2026-02-04T01:24:05.460765,20.6,42.9,0,0,none,none
2026-02-04T01:24:07.715810,20.6,42.9,0,0,none,none
2026-02-04T01:24:09.970788,20.7,42.9,0,0,none,none
2026-02-04T01:24:12.225536,20.6,42.9,0,0,none,none
2026-02-04T01:24:14.480521,20.6,42.9,0,0,none,none
2026-02-04T01:24:16.735394,20.6,42.9,0,0,none,none
2026-02-04T01:24:18.990109,20.6,42.8,0,0,none,none
2026-02-04T01:24:21.245067,20.6,42.8,0,0,none,none
2026-02-04T01:24:23.500003,20.6,42.9,0,0,none,none
2026-02-04T01:24:25.754690,20.6,42.9,0,0,none,none
2026-02-04T01:24:28.009641,20.6,42.9,0,0,none,none
2026-02-04T01:24:30.264634,20.6,42.9,0,0,none,none
2026-02-04T01:24:32.519418,20.6,42.9,0,0,none,none
2026-02-04T01:24:34.774165,20.6,42.9,0,0,none,none
2026-02-04T01:24:37.029013,20.6,42.9,0,0,none,none
2026-02-04T01:24:39.283679,20.6,42.9,0,0,none,none
2026-02-04T01:24:41.538626,20.6,42.9,0,0,none,none
2026-02-04T01:24:43.793341,20.6,42.9,0,0,none,none
2026-02-04T01:24:46.048129,20.6,42.9,0,0,none,none
2026-02-04T01:24:48.303069,20.6,42.9,0,0,none,none
2026-02-04T01:24:50.558222,20.6,42.9,0,0,none,none
2026-02-04T01:24:52.813029,20.6,42.9,0,0,none,none
2026-02-04T01:24:55.067926,20.6,42.9,0,0,none,none
2026-02-04T01:24:57.322878,20.7,42.9,0,0,none,none
2026-02-04T01:24:59.577623,20.6,42.8,0,0,none,none
2026-02-04T01:25:01.832597,20.6,42.9,0,0,none,none
2026-02-04T01:25:04.087092,20.6,42.9,0,0,none,none
2026-02-04T01:25:06.341897,20.6,42.9,0,0,none,none
2026-02-04T01:25:08.596999,20.7,43.0,0,0,none,none
2026-02-04T01:25:10.851926,20.6,42.9,0,0,none,none
2026-02-04T01:25:13.106660,20.6,42.9,0,0,none,none
2026-02-04T01:25:15.361715,20.6,42.9,0,0,none,none
2026-02-04T01:25:17.616887,20.6,42.9,0,0,none,none
2026-02-04T01:25:19.871541,20.7,42.9,0,0,none,none
2026-02-04T01:25:22.126463,20.6,42.9,0,0,none,none
2026-02-04T01:25:24.381332,20.6,42.9,0,0,none,none
2026-02-04T01:25:26.636215,20.6,42.9,0,0,none,none
2026-02-04T01:25:28.891107,20.7,42.9,0,0,none,none
2026-02-04T01:25:31.145808,20.6,42.8,0,0,none,none
2026-02-04T01:25:33.400431,20.7,42.9,0,0,none,none
2026-02-04T01:25:35.655446,20.6,42.9,0,0,none,none
2026-02-04T01:25:37.909850,20.6,42.9,0,0,none,none
2026-02-04T01:25:40.164569,20.6,42.9,0,0,none,none
2026-02-04T01:25:42.419450,20.6,42.8,0,0,none,none
2026-02-04T01:25:44.674484,20.6,42.8,0,0,none,none
2026-02-04T01:25:46.929135,20.6,42.8,0,0,none,none
2026-02-04T01:25:49.184121,20.6,42.8,0,0,none,none
2026-02-04T01:25:51.439227,20.6,42.8,0,0,none,none
2026-02-04T01:25:53.693997,20.6,42.8,0,0,none,none
2026-02-04T01:25:55.948874,20.6,42.9,0,0,none,none
2026-02-04T01:25:58.203582,20.6,42.9,0,0,none,none
2026-02-04T01:26:00.458399,20.6,42.9,0,0,none,none
2026-02-04T01:26:02.713244,20.7,42.9,0,0,none,none
2026-02-04T01:26:04.968171,20.6,42.8,0,0,none,none
2026-02-04T01:26:07.222915,20.6,42.8,0,0,none,none
2026-02-04T01:26:09.477962,20.6,42.8,0,0,none,none
2026-02-04T01:26:11.732850,20.7,42.9,0,0,none,none
2026-02-04T01:26:13.987660,20.6,42.8,0,0,none,none
2026-02-04T01:26:16.242074,20.6,42.9,0,0,none,none
2026-02-04T01:26:18.497151,20.6,42.8,0,0,none,none
2026-02-04T01:26:20.751863,20.6,42.8,0,0,none,none
2026-02-04T01:26:23.006851,20.6,42.9,0,0,none,none
2026-02-04T01:26:25.261816,20.6,42.8,0,0,none,none
2026-02-04T01:26:27.516662,20.6,42.9,0,0,none,none
2026-02-04T01:26:29.771550,20.6,42.9,0,0,none,none
2026-02-04T01:26:32.026457,20.6,42.9,0,0,none,none
2026-02-04T01:26:34.281158,20.6,42.8,0,0,none,none
2026-02-04T01:26:36.536209,20.6,42.9,0,0,none,none
2026-02-04T01:26:38.791155,20.6,42.9,0,0,none,none
2026-02-04T01:26:41.045693,20.6,42.9,0,0,none,none
2026-02-04T01:26:43.300691,20.6,42.9,0,0,none,none
2026-02-04T01:26:45.555767,20.6,42.8,0,0,none,none
2026-02-04T01:26:47.810534,20.6,42.9,0,0,none,none
2026-02-04T01:26:50.065549,20.6,42.8,0,0,none,none
2026-02-04T01:26:52.320530,20.7,42.9,0,0,none,none
2026-02-04T01:26:54.575412,20.6,42.8,0,0,none,none
2026-02-04T01:26:56.830379,20.6,42.9,0,0,none,none
2026-02-04T01:26:59.085316,20.6,42.9,0,0,none,none
2026-02-04T01:27:01.340052,20.6,42.9,0,0,none,none
2026-02-04T01:27:03.595090,20.6,42.9,0,0,none,none
2026-02-04T01:27:05.849698,20.6,42.9,0,0,none,none
2026-02-04T01:27:08.104496,20.6,42.9,0,0,none,none
2026-02-04T01:27:10.359072,20.6,42.9,0,0,none,none
2026-02-04T01:27:12.613819,20.6,42.9,0,0,none,none
2026-02-04T01:27:14.868559,20.6,42.9,0,0,none,none
2026-02-04T01:27:17.123463,20.6,42.9,0,0,none,none
2026-02-04T01:27:19.378394,20.6,42.8,0,0,none,none
2026-02-04T01:27:21.633258,20.6,42.8,0,0,none,none
2026-02-04T01:27:23.888123,20.6,42.8,0,0,none,none
2026-02-04T01:27:26.143019,20.6,42.8,0,0,none,none
2026-02-04T01:27:28.397770,20.6,42.8,0,0,none,none
2026-02-04T01:27:30.652819,20.6,42.8,0,0,none,none
2026-02-04T01:27:32.907757,20.6,42.8,0,0,none,none
2026-02-04T01:27:35.162515,20.6,42.8,0,0,none,none
2026-02-04T01:27:37.417380,20.6,42.8,0,0,none,none
2026-02-04T01:27:39.672465,20.7,42.9,0,0,none,none
2026-02-04T01:27:41.927229,20.6,42.9,0,0,none,none
2026-02-04T01:27:44.182199,20.6,42.8,0,0,none,none
2026-02-04T01:27:46.437359,20.6,42.8,0,0,none,none
2026-02-04T01:27:48.692138,20.6,42.8,0,0,none,none
2026-02-04T01:27:50.947118,20.6,42.8,0,0,none,none
2026-02-04T01:27:53.201992,20.6,42.8,0,0,none,none
2026-02-04T01:27:55.456875,20.7,42.9,0,0,none,none
2026-02-04T01:27:57.711877,20.6,42.8,0,0,none,none
2026-02-04T01:27:59.966830,20.6,42.8,0,0,none,none
2026-02-04T01:28:02.221500,20.6,42.8,0,0,none,none
2026-02-04T01:28:04.476531,20.6,42.8,0,0,none,none
2026-02-04T01:28:06.731446,20.7,42.9,0,0,none,none
2026-02-04T01:28:08.985682,20.6,42.8,0,0,none,none
2026-02-04T01:28:11.240650,20.6,42.8,0,0,none,none
2026-02-04T01:28:13.495777,20.6,42.8,0,0,none,none
2026-02-04T01:28:15.831343,20.6,42.8,0,0,none,none
2026-02-04T01:28:18.167127,20.6,42.8,0,0,none,none
2026-02-04T01:28:20.503160,20.6,42.8,0,0,none,none
2026-02-04T01:28:22.780363,20.6,42.8,0,0,none,none
2026-02-04T01:28:25.035364,20.6,42.8,0,0,none,none
2026-02-04T01:28:27.290304,20.6,42.8,0,0,none,none
2026-02-04T01:28:29.545225,20.6,42.8,0,0,none,none
2026-02-04T01:28:31.799745,20.6,42.9,0,0,none,none
2026-02-04T01:28:34.054662,20.6,42.9,0,0,none,none
2026-02-04T01:28:36.309401,20.6,42.9,0,0,none,none
2026-02-04T01:28:38.564455,20.6,42.9,0,0,none,none
2026-02-04T01:28:40.819372,20.6,42.9,0,0,none,none
2026-02-04T01:28:43.074118,20.6,42.9,0,0,none,none
2026-02-04T01:28:45.329165,20.6,42.8,0,0,none,none
2026-02-04T01:28:47.584244,20.6,42.8,0,0,none,none
2026-02-04T01:28:49.838988,20.6,42.8,0,0,none,none
2026-02-04T01:28:52.093919,20.6,42.8,0,0,none,none
2026-02-04T01:28:54.348895,20.6,42.8,0,0,none,none
2026-02-04T01:28:56.603747,20.6,42.8,0,0,none,none
2026-02-04T01:28:58.858683,20.6,42.8,0,0,none,none
2026-02-04T01:29:01.113430,20.6,42.8,0,0,none,none
2026-02-04T01:29:03.367583,20.6,42.8,0,0,none,none
2026-02-04T01:29:05.622652,20.6,42.9,0,0,none,none
2026-02-04T01:29:07.877594,20.6,42.9,0,0,none,none
2026-02-04T01:29:10.132334,20.6,42.9,0,0,none,none
2026-02-04T01:29:12.387260,20.6,42.8,0,0,none,none
2026-02-04T01:29:14.642199,20.6,42.8,0,0,none,none
2026-02-04T01:29:16.897008,20.6,42.9,0,0,none,none
2026-02-04T01:29:19.151946,20.6,42.8,0,0,none,none
2026-02-04T01:29:21.406880,20.6,42.9,0,0,none,none
2026-02-04T01:29:23.661654,20.6,42.8,0,0,none,none
2026-02-04T01:29:25.916644,20.6,42.8,0,0,none,none
2026-02-04T01:29:28.171558,20.6,42.9,0,0,none,none
2026-02-04T01:29:30.426358,20.6,42.9,0,0,none,none
2026-02-04T01:29:32.681325,20.6,42.8,0,0,none,none
2026-02-04T01:29:34.936224,20.6,42.8,0,0,none,none
2026-02-04T01:29:37.190888,20.6,42.9,0,0,none,none
2026-02-04T01:29:39.445917,20.6,42.9,0,0,none,none
2026-02-04T01:29:41.700863,20.6,42.9,0,0,none,none
2026-02-04T01:29:43.955519,20.6,42.9,0,0,none,none
2026-02-04T01:29:46.210460,20.6,42.9,0,0,none,none
2026-02-04T01:29:48.465275,20.6,42.8,0,0,none,none
2026-02-04T01:29:50.719949,20.6,42.8,0,0,none,none
2026-02-04T01:29:52.974802,20.6,42.8,0,0,none,none
2026-02-04T01:29:55.229680,20.6,42.9,0,0,none,none
2026-02-04T01:29:57.484434,20.6,42.9,0,0,none,none
2026-02-04T01:29:59.739262,20.6,42.9,0,0,none,none
2026-02-04T01:30:01.994022,20.6,42.9,0,0,none,none
2026-02-04T01:30:04.248823,20.6,42.8,0,0,none,none
2026-02-04T01:30:06.503775,20.6,42.8,0,0,none,none
2026-02-04T01:30:08.758763,20.6,42.8,0,0,none,none
2026-02-04T01:30:11.013596,20.6,42.8,0,0,none,none
2026-02-04T01:30:13.268230,20.6,42.8,0,0,none,none
2026-02-04T01:30:15.523213,20.6,42.8,0,0,none,none
2026-02-04T01:30:17.777946,20.6,42.8,0,0,none,none
2026-02-04T01:30:20.032862,20.6,42.8,0,0,none,none
2026-02-04T01:30:22.289382,20.6,42.8,0,0,none,none
2026-02-04T01:30:24.543915,20.6,42.8,0,0,none,none
2026-02-04T01:30:26.798821,20.6,42.8,0,0,none,none
2026-02-04T01:30:29.053783,20.6,42.8,0,0,none,none
2026-02-04T01:30:31.308557,20.6,42.8,0,0,none,none
2026-02-04T01:30:33.563656,20.6,42.8,0,0,none,none
2026-02-04T01:30:35.818582,20.6,42.8,0,0,none,none
2026-02-04T01:30:38.073277,20.6,42.9,0,0,none,none
2026-02-04T01:30:40.328317,20.6,42.9,0,0,none,none
2026-02-04T01:30:42.583375,20.6,42.9,0,0,none,none
2026-02-04T01:30:44.838215,20.6,42.9,0,0,none,none
2026-02-04T01:30:47.093013,20.6,42.9,0,0,none,none
2026-02-04T01:30:49.347926,20.6,42.9,0,0,none,none
2026-02-04T01:30:51.602743,20.6,42.9,0,0,none,none
2026-02-04T01:30:53.857731,20.6,42.9,0,0,none,none
2026-02-04T01:30:56.112725,20.6,42.9,0,0,none,none
2026-02-04T01:30:58.367474,20.6,42.8,0,0,none,none
2026-02-04T01:31:00.622524,20.6,42.8,0,0,none,none
2026-02-04T01:31:02.877520,20.6,42.9,0,0,none,none
2026-02-04T01:31:05.132231,20.6,42.9,0,0,none,none
2026-02-04T01:31:07.387160,20.6,42.9,0,0,none,none
2026-02-04T01:31:09.642207,20.6,42.9,0,0,none,none
2026-02-04T01:31:11.896840,20.6,42.8,0,0,none,none
2026-02-04T01:31:14.151535,20.6,42.9,0,0,none,none
2026-02-04T01:31:16.406462,20.6,42.9,0,0,none,none
2026-02-04T01:31:18.661363,20.6,42.8,0,0,none,none
2026-02-04T01:31:20.915972,20.6,42.8,0,0,none,none
2026-02-04T01:31:23.170907,20.6,42.9,0,0,none,none
2026-02-04T01:31:25.425526,20.6,42.9,0,0,none,none
2026-02-04T01:31:27.761327,20.6,42.9,0,0,none,none
2026-02-04T01:31:30.052428,20.6,42.9,0,0,none,none
2026-02-04T01:31:32.306813,20.6,42.8,0,0,none,none
2026-02-04T01:31:34.561701,20.6,42.9,0,0,none,none
2026-02-04T01:31:36.816550,20.6,42.9,0,0,none,none
2026-02-04T01:31:39.071234,20.6,42.8,0,0,none,none
2026-02-04T01:31:41.326108,20.6,42.9,0,0,none,none
2026-02-04T01:31:43.580703,20.6,42.9,0,0,none,none
2026-02-04T01:31:45.834988,20.6,42.9,0,0,none,none
2026-02-04T01:31:48.090021,20.6,42.9,0,0,none,none
2026-02-04T01:31:50.344896,20.6,42.9,0,0,none,none
2026-02-04T01:31:52.599690,20.6,42.9,0,0,none,none
2026-02-04T01:31:54.854484,20.6,42.9,0,0,none,none
2026-02-04T01:31:57.109362,20.6,42.9,0,0,none,none
2026-02-04T01:31:59.363960,20.6,42.9,0,0,none,none
2026-02-04T01:32:01.618941,20.6,42.9,0,0,none,none
2026-02-04T01:32:03.873871,20.6,42.9,0,0,none,none
2026-02-04T01:32:06.128493,20.6,42.9,0,0,none,none
2026-02-04T01:32:08.382904,20.6,42.9,0,0,none,none
2026-02-04T01:32:10.637927,20.6,42.9,0,0,none,none
2026-02-04T01:32:12.892560,20.6,43.0,0,0,none,none
2026-02-04T01:32:15.147449,20.6,42.9,0,0,none,none
2026-02-04T01:32:17.402251,20.6,43.0,0,0,none,none
2026-02-04T01:32:19.656934,20.6,42.9,0,0,none,none
2026-02-04T01:32:21.911819,20.6,42.9,0,0,none,none
2026-02-04T01:32:24.166748,20.6,42.9,0,0,none,none
2026-02-04T01:32:26.421442,20.6,42.9,0,0,none,none
2026-02-04T01:32:28.676419,20.6,42.9,0,0,none,none
2026-02-04T01:32:30.931267,20.6,42.9,0,0,none,none
2026-02-04T01:32:33.185980,20.6,42.9,0,0,none,none
2026-02-04T01:32:35.440919,20.6,42.9,0,0,none,none
2026-02-04T01:32:37.695998,20.6,42.9,0,0,none,none
2026-02-04T01:32:39.950425,20.6,43.0,0,0,none,none
2026-02-04T01:32:42.205413,20.6,43.0,0,0,none,none
2026-02-04T01:32:44.460465,20.6,43.0,0,0,none,none
2026-02-04T01:32:46.715118,20.6,42.9,0,0,none,none
2026-02-04T01:32:48.970133,20.6,42.9,0,0,none,none
2026-02-04T01:32:51.225065,20.6,42.9,0,0,none,none
2026-02-04T01:32:53.479829,20.6,42.9,0,0,none,none
2026-02-04T01:32:55.734690,20.6,42.9,0,0,none,none
2026-02-04T01:32:57.989609,20.6,42.9,0,0,none,none
2026-02-04T01:33:00.244299,20.6,42.9,0,0,none,none
2026-02-04T01:33:02.499249,20.6,42.9,0,0,none,none
2026-02-04T01:33:04.753639,20.6,42.9,0,0,none,none
2026-02-04T01:33:07.008328,20.6,42.9,0,0,none,none
2026-02-04T01:33:09.263212,20.6,42.8,0,0,none,none
2026-02-04T01:33:11.518256,20.6,42.9,0,0,none,none
2026-02-04T01:33:13.772873,20.6,42.9,0,0,none,none
2026-02-04T01:33:16.027492,20.6,42.9,0,0,none,none
2026-02-04T01:33:18.284453,20.6,42.9,0,0,none,none
2026-02-04T01:33:20.539092,20.6,42.9,0,0,none,none
2026-02-04T01:33:22.794118,20.6,42.9,0,0,none,none
2026-02-04T01:33:25.048953,20.6,42.9,0,0,none,none
2026-02-04T01:33:27.303607,20.6,42.9,0,0,none,none
2026-02-04T01:33:29.558683,20.6,42.9,0,0,none,none
2026-02-04T01:33:31.813499,20.6,42.9,0,0,none,none
2026-02-04T01:33:34.068055,20.6,42.9,0,0,none,none
2026-02-04T01:33:36.322719,20.6,43.0,0,0,none,none
2026-02-04T01:33:38.577695,20.6,43.0,0,0,none,none
2026-02-04T01:33:40.832381,20.6,43.0,0,0,none,none
2026-02-04T01:33:43.087215,20.6,42.9,0,0,none,none
2026-02-04T01:33:45.342141,20.6,43.0,0,0,none,none
2026-02-04T01:33:47.596857,20.6,43.0,0,0,none,none
2026-02-04T01:33:49.851508,20.6,43.0,0,0,none,none
2026-02-04T01:33:52.105984,20.6,42.9,0,0,none,none
2026-02-04T01:33:54.360676,20.6,43.0,0,0,none,none
2026-02-04T01:33:56.615615,20.6,42.9,0,0,none,none
2026-02-04T01:33:58.870302,20.6,42.9,0,0,none,none
2026-02-04T01:34:01.124845,20.6,42.9,0,0,none,none
2026-02-04T01:34:03.379538,20.6,43.0,0,0,none,none
2026-02-04T01:34:05.634416,20.6,43.0,0,0,none,none
2026-02-04T01:34:07.889095,20.6,43.0,0,0,none,none
2026-02-04T01:34:10.143628,20.6,43.0,0,0,none,none
2026-02-04T01:34:12.398262,20.6,43.0,0,0,none,none
2026-02-04T01:34:14.653036,20.6,43.0,0,0,none,none
2026-02-04T01:34:16.907971,20.6,43.0,0,0,none,none
2026-02-04T01:34:19.162710,20.6,43.0,0,0,none,none
2026-02-04T01:34:21.417304,20.6,43.0,0,0,none,none
2026-02-04T01:34:23.672251,20.6,43.0,0,0,none,none
2026-02-04T01:34:25.927085,20.6,43.0,0,0,none,none
2026-02-04T01:34:28.181858,20.6,43.0,0,0,none,none
2026-02-04T01:34:30.436868,20.6,43.0,0,0,none,none
2026-02-04T01:34:32.691627,20.6,43.0,0,0,none,none
2026-02-04T01:34:34.946359,20.6,43.0,0,0,none,none
2026-02-04T01:34:37.201243,20.5,42.8,0,0,none,none
2026-02-04T01:34:39.456200,20.6,42.9,0,0,none,none
2026-02-04T01:34:41.710706,20.6,42.9,0,0,none,none
2026-02-04T01:34:43.965113,20.6,42.9,0,0,none,none
2026-02-04T01:34:46.219877,20.6,42.9,0,0,none,none
2026-02-04T01:34:48.474439,20.6,42.9,0,0,none,none
2026-02-04T01:34:50.729315,20.6,42.9,0,0,none,none
2026-02-04T01:34:52.983803,20.6,42.9,0,0,none,none
2026-02-04T01:34:55.238445,20.6,43.0,0,0,none,none
2026-02-04T01:34:57.492874,20.6,42.9,0,0,none,none
2026-02-04T01:34:59.747782,20.6,42.9,0,0,none,none
2026-02-04T01:35:02.002494,20.6,42.9,0,0,none,none
2026-02-04T01:35:04.257337,20.6,42.9,0,0,none,none
2026-02-04T01:35:06.512267,20.6,43.0,0,0,none,none
2026-02-04T01:35:08.767028,20.6,42.9,0,0,none,none
2026-02-04T01:35:11.022053,20.6,42.9,0,0,none,none
2026-02-04T01:35:13.276523,20.6,42.9,0,0,none,none
2026-02-04T01:35:15.531234,20.6,42.9,0,0,none,none
2026-02-04T01:35:17.786114,20.6,42.9,0,0,none,none
2026-02-04T01:35:20.040992,20.6,42.9,0,0,none,none
2026-02-04T01:35:22.295572,20.6,42.9,0,0,none,none
2026-02-04T01:35:24.550523,20.6,42.9,0,0,none,none
2026-02-04T01:35:26.805252,20.6,42.9,0,0,none,none
2026-02-04T01:35:29.059741,20.6,42.9,0,0,none,none
2026-02-04T01:35:31.314591,20.6,42.9,0,0,none,none
2026-02-04T01:35:33.569309,20.6,42.9,0,0,none,none
2026-02-04T01:35:35.823928,20.6,42.9,0,0,none,none
2026-02-04T01:35:38.078814,20.6,42.9,0,0,none,none
2026-02-04T01:35:40.333724,20.6,42.9,0,0,none,none
2026-02-04T01:35:42.588556,20.6,42.9,0,0,none,none
2026-02-04T01:35:44.843334,20.6,42.9,0,0,none,none
2026-02-04T01:35:47.099574,20.6,42.9,0,0,none,none
2026-02-04T01:35:49.353986,20.6,42.9,0,0,none,none
2026-02-04T01:35:51.608901,20.6,42.9,0,0,none,none
2026-02-04T01:35:53.863638,20.6,42.9,0,0,none,none
2026-02-04T01:35:56.118350,20.6,42.9,0,0,none,none
2026-02-04T01:35:58.373217,20.6,42.9,0,0,none,none
2026-02-04T01:36:00.628106,20.6,43.0,0,0,none,none
2026-02-04T01:36:02.882755,20.6,42.9,1,0,none,none
2026-02-04T01:36:05.137631,20.6,42.9,0,0,none,none
2026-02-04T01:36:07.392533,20.6,43.0,0,0,none,none
2026-02-04T01:36:09.647313,20.6,43.0,0,0,none,none
2026-02-04T01:36:11.902245,20.6,42.9,0,0,none,none
2026-02-04T01:36:14.157107,20.6,42.9,0,0,none,none
2026-02-04T01:36:16.411627,20.6,42.9,0,0,none,none
2026-02-04T01:36:18.666536,20.6,42.8,0,0,none,none
2026-02-04T01:36:20.921404,20.6,42.8,0,0,none,none
2026-02-04T01:36:23.176031,20.6,42.8,0,0,none,none
2026-02-04T01:36:25.431004,20.6,42.8,0,0,none,none
2026-02-04T01:36:27.685927,20.6,42.8,0,0,none,none
2026-02-04T01:36:29.940648,20.6,42.8,0,0,none,none
2026-02-04T01:36:32.195530,20.6,42.8,0,0,none,none
2026-02-04T01:36:34.450578,20.6,42.8,0,0,none,none
2026-02-04T01:36:36.705384,20.6,42.8,0,0,none,none
2026-02-04T01:36:38.960340,20.6,42.8,0,0,none,none
2026-02-04T01:36:41.215026,20.6,42.8,0,0,none,none
2026-02-04T01:36:43.469768,20.6,42.8,0,0,none,none
2026-02-04T01:36:45.724665,20.6,42.8,0,0,none,none
2026-02-04T01:36:47.979546,20.6,42.8,0,0,none,none
2026-02-04T01:36:50.234307,20.6,42.8,0,0,none,none
2026-02-04T01:36:52.488956,20.6,42.8,0,0,none,none
2026-02-04T01:36:54.743507,20.6,42.8,0,0,none,none
2026-02-04T01:36:56.998177,20.6,42.8,0,0,none,none
2026-02-04T01:36:59.253050,20.6,42.8,0,0,none,none
2026-02-04T01:37:01.507464,20.6,42.9,0,0,none,none
2026-02-04T01:37:03.762163,20.6,42.8,0,0,none,none
2026-02-04T01:37:06.017004,20.6,42.8,0,0,none,none
2026-02-04T01:37:08.271739,20.6,42.8,0,0,none,none
2026-02-04T01:37:10.525981,20.6,42.8,0,0,none,none
2026-02-04T01:37:12.780913,20.6,42.8,0,0,none,none
2026-02-04T01:37:15.035714,20.6,42.9,0,0,none,none
2026-02-04T01:37:17.290499,20.6,42.8,0,0,none,none
2026-02-04T01:37:19.545610,20.6,42.8,0,0,none,none
2026-02-04T01:37:21.800514,20.6,42.8,0,0,none,none
2026-02-04T01:37:24.054753,20.6,42.8,0,0,none,none
2026-02-04T01:37:26.309684,20.6,42.8,0,0,none,none
2026-02-04T01:37:28.564676,20.6,42.8,0,0,none,none
2026-02-04T01:37:30.819316,20.6,42.8,0,0,none,none
2026-02-04T01:37:33.074281,20.6,42.8,0,0,none,none
2026-02-04T01:37:35.329165,20.6,42.8,0,0,none,none
2026-02-04T01:37:37.583933,20.6,42.8,0,0,none,none
2026-02-04T01:37:39.838805,20.6,42.8,0,0,none,none
2026-02-04T01:37:42.095843,20.6,42.8,0,0,none,none
2026-02-04T01:37:44.350276,20.6,42.8,0,0,none,none
2026-02-04T01:37:46.605240,20.6,42.8,0,0,none,none
2026-02-04T01:37:48.859879,20.6,42.8,0,0,none,none
2026-02-04T01:37:51.114704,20.6,42.8,0,0,none,none
2026-02-04T01:37:53.369599,20.6,42.8,0,0,none,none
2026-02-04T01:37:55.624683,20.6,42.8,0,0,none,none
2026-02-04T01:37:57.879415,20.6,42.8,0,0,none,none
2026-02-04T01:38:00.134090,20.6,42.8,0,0,none,none
2026-02-04T01:38:02.388930,20.6,42.8,0,0,none,none
2026-02-04T01:38:04.643712,20.6,42.8,0,0,none,none
2026-02-04T01:38:06.898601,20.6,42.8,0,0,none,none
2026-02-04T01:38:09.153433,20.6,42.8,0,0,none,none
2026-02-04T01:38:11.408197,20.6,42.8,0,0,none,none
2026-02-04T01:38:13.663205,20.6,42.8,0,0,none,none
2026-02-04T01:38:15.918095,20.6,42.8,0,0,none,none
2026-02-04T01:38:18.172454,20.6,42.8,0,0,none,none
2026-02-04T01:38:20.427835,20.6,42.8,0,0,none,none
2026-02-04T01:38:22.765924,20.6,42.8,0,0,none,none
2026-02-04T01:38:25.101541,20.6,42.8,0,0,none,none
2026-02-04T01:38:27.437475,20.6,42.8,0,0,none,none
2026-02-04T01:38:29.728314,20.6,42.8,0,0,none,none
2026-02-04T01:38:31.983063,20.6,42.8,0,0,none,none
2026-02-04T01:38:34.238044,20.6,42.8,0,0,none,none
2026-02-04T01:38:36.492831,20.6,42.8,0,0,none,none
2026-02-04T01:38:38.828435,20.6,42.8,0,0,none,none
2026-02-04T01:38:41.124450,20.6,42.8,0,0,none,none
2026-02-04T01:38:43.379225,20.6,42.8,0,0,none,none
2026-02-04T01:38:45.634074,20.6,42.8,0,0,none,none
2026-02-04T01:38:47.888951,20.6,42.8,0,0,none,none
2026-02-04T01:38:50.143790,20.6,42.8,0,0,none,none
2026-02-04T01:38:52.398475,20.6,42.8,0,0,none,none
2026-02-04T01:38:54.653506,20.6,42.8,0,0,none,none
2026-02-04T01:38:56.908347,20.6,42.8,0,0,none,none
2026-02-04T01:38:59.163035,20.6,42.8,0,0,none,none
2026-02-04T01:39:01.417966,20.6,42.8,0,0,none,none
2026-02-04T01:39:03.673020,20.6,42.8,0,0,none,none
2026-02-04T01:39:05.927656,20.6,42.8,0,0,none,none
2026-02-04T01:39:08.182511,20.6,42.8,0,0,none,none
2026-02-04T01:39:10.437460,20.6,42.8,0,0,none,none
2026-02-04T01:39:12.692247,20.6,42.8,0,0,none,none
2026-02-04T01:39:14.947098,20.6,42.8,0,0,none,none
2026-02-04T01:39:17.201881,20.6,42.8,0,0,none,none
2026-02-04T01:39:19.456661,20.6,42.8,0,0,none,none
2026-02-04T01:39:21.711662,20.6,42.8,0,0,none,none
2026-02-04T01:39:23.966607,20.6,42.8,0,0,none,none
2026-02-04T01:39:26.221305,20.6,42.8,0,0,none,none
2026-02-04T01:39:28.476295,20.6,42.8,0,0,none,none
2026-02-04T01:39:30.731005,20.6,42.8,0,0,none,none
2026-02-04T01:39:32.985680,20.6,42.8,0,0,none,none
2026-02-04T01:39:35.240509,20.6,42.8,0,0,none,none
2026-02-04T01:39:37.497987,20.6,42.8,0,0,none,none
2026-02-04T01:39:39.752602,20.6,42.9,0,0,none,none
2026-02-04T01:39:42.007437,20.6,42.8,0,0,none,none
2026-02-04T01:39:44.262196,20.6,42.8,0,0,none,none
2026-02-04T01:39:46.517039,20.6,42.8,0,0,none,none
2026-02-04T01:39:48.771838,20.6,42.8,0,0,none,none
2026-02-04T01:39:51.026659,20.6,42.8,0,0,none,none
2026-02-04T01:39:53.281220,20.6,42.8,0,0,none,none
2026-02-04T01:39:55.536198,20.6,42.8,0,0,none,none
2026-02-04T01:39:57.790989,20.5,42.8,0,0,none,none
2026-02-04T01:40:00.045704,20.6,42.8,0,0,none,none
2026-02-04T01:40:02.300506,20.6,42.8,0,0,none,none
2026-02-04T01:40:04.555417,20.6,42.8,0,0,none,none
2026-02-04T01:40:06.809578,20.6,42.8,0,0,none,none
2026-02-04T01:40:09.064430,20.6,42.8,0,0,none,none
2026-02-04T01:40:11.320739,20.6,42.8,0,0,none,none
2026-02-04T01:40:13.575409,20.6,42.8,0,0,none,none
2026-02-04T01:40:15.829985,20.6,42.8,0,0,none,none
2026-02-04T01:40:18.084844,20.6,42.8,0,0,none,none
2026-02-04T01:40:20.339440,20.6,42.8,0,0,none,none
2026-02-04T01:40:22.594438,20.6,42.8,0,0,none,none
2026-02-04T01:40:24.849304,20.6,42.8,0,0,none,none
2026-02-04T01:40:27.103926,20.6,42.8,0,0,none,none
2026-02-04T01:40:29.358634,20.6,42.8,0,0,none,none
2026-02-04T01:40:31.613080,20.6,42.8,0,0,none,none
2026-02-04T01:40:33.867719,20.5,42.8,0,0,none,none
2026-02-04T01:40:36.122685,20.6,42.8,0,0,none,none
2026-02-04T01:40:38.377510,20.6,42.9,0,0,none,none
2026-02-04T01:40:40.632403,20.6,42.8,0,0,none,none
2026-02-04T01:40:42.887076,20.6,42.8,0,0,none,none
2026-02-04T01:40:45.141995,20.6,42.8,0,0,none,none
2026-02-04T01:40:47.396643,20.6,42.8,0,0,none,none
2026-02-04T01:40:49.651607,20.6,42.8,0,0,none,none
2026-02-04T01:40:51.906392,20.6,42.8,0,0,none,none
2026-02-04T01:40:54.161078,20.6,42.8,0,0,none,none
2026-02-04T01:40:56.415904,20.6,42.8,0,0,none,none
2026-02-04T01:40:58.670827,20.6,42.8,0,0,none,none
2026-02-04T01:41:00.925489,20.6,42.8,0,0,none,none
2026-02-04T01:41:03.180396,20.5,42.8,0,0,none,none
2026-02-04T01:41:05.435236,20.6,42.8,0,0,none,none
2026-02-04T01:41:07.689979,20.6,42.8,0,0,none,none
2026-02-04T01:41:09.944784,20.6,42.8,0,0,none,none
2026-02-04T01:41:12.199610,20.6,42.8,0,0,none,none
2026-02-04T01:41:14.454387,20.6,42.8,0,0,none,none
2026-02-04T01:41:16.709331,20.6,42.9,0,0,none,none
2026-02-04T01:41:18.964138,20.6,42.9,0,0,none,none
2026-02-04T01:41:21.218716,20.6,42.8,0,0,none,none
2026-02-04T01:41:23.473682,20.6,42.9,0,0,none,none
2026-02-04T01:41:25.728651,20.6,42.8,0,0,none,none
2026-02-04T01:41:27.983228,20.6,42.8,0,0,none,none
2026-02-04T01:41:30.238211,20.6,42.8,0,0,none,none
2026-02-04T01:41:32.494849,20.6,42.8,0,0,none,none
2026-02-04T01:41:34.749533,20.5,42.8,0,0,none,none
2026-02-04T01:41:37.004387,20.6,42.8,0,0,none,none
2026-02-04T01:41:39.259183,20.6,42.8,0,0,none,none
2026-02-04T01:41:41.514025,20.6,42.8,0,0,none,none
2026-02-04T01:41:43.768901,20.5,42.8,0,0,none,none
2026-02-04T01:41:46.023637,20.6,42.8,0,0,none,none
2026-02-04T01:41:48.278196,20.6,42.8,0,0,none,none
2026-02-04T01:41:50.533217,20.6,42.8,0,0,none,none
2026-02-04T01:41:52.787941,20.5,42.8,0,0,none,none
2026-02-04T01:41:55.042495,20.5,42.8,0,0,none,none
2026-02-04T01:41:57.297211,20.6,42.8,0,0,none,none
2026-02-04T01:41:59.552133,20.5,42.8,0,0,none,none
2026-02-04T01:42:01.806852,20.6,42.8,0,0,none,none
2026-02-04T01:42:04.061649,20.6,42.8,0,0,none,none
2026-02-04T01:42:06.316351,20.6,42.8,0,0,none,none
2026-02-04T01:42:08.571121,20.6,42.8,0,0,none,none
2026-02-04T01:42:10.826172,20.6,42.8,0,0,none,none
2026-02-04T01:42:13.081028,20.6,42.8,0,0,none,none
2026-02-04T01:42:15.335680,20.6,42.8,0,0,none,none
2026-02-04T01:42:17.590500,20.6,42.8,0,0,none,none
2026-02-04T01:42:19.844972,20.6,42.8,0,0,none,none
2026-02-04T01:42:22.099604,20.6,42.8,0,0,none,none
2026-02-04T01:42:24.354220,20.6,42.8,0,0,none,none
2026-02-04T01:42:26.609130,20.6,42.8,0,0,none,none
2026-02-04T01:42:28.863683,20.5,42.8,0,0,none,none
2026-02-04T01:42:31.118616,20.5,42.8,0,0,none,none
2026-02-04T01:42:33.373505,20.6,42.9,0,0,none,none
2026-02-04T01:42:35.628262,20.5,42.8,0,0,none,none
2026-02-04T01:42:37.882885,20.6,42.8,0,0,none,none
2026-02-04T01:42:40.137852,20.6,42.8,0,0,none,none
2026-02-04T01:42:42.392492,20.6,42.8,0,0,none,none
2026-02-04T01:42:44.647450,20.6,42.9,0,0,none,none
2026-02-04T01:42:46.901895,20.6,42.8,0,0,none,none
2026-02-04T01:42:49.156568,20.6,42.8,0,0,none,none
2026-02-04T01:42:51.411417,20.6,42.8,0,0,none,none
2026-02-04T01:42:53.666359,20.6,42.8,0,0,none,none
2026-02-04T01:42:55.920890,20.6,42.8,0,0,none,none
2026-02-04T01:42:58.175732,20.6,42.8,0,0,none,none
2026-02-04T01:43:00.430722,20.6,42.8,0,0,none,none
2026-02-04T01:43:02.685549,20.6,42.9,0,0,none,none
2026-02-04T01:43:04.940485,20.6,42.9,0,0,none,none
2026-02-04T01:43:07.195315,20.5,42.8,0,0,none,none
2026-02-04T01:43:09.450218,20.5,42.8,0,0,none,none
2026-02-04T01:43:11.705174,20.5,42.8,0,0,none,none
2026-02-04T01:43:13.959824,20.5,42.8,0,0,none,none
2026-02-04T01:43:16.214322,20.6,42.8,0,0,none,none
2026-02-04T01:43:18.469316,20.6,42.8,0,0,none,none
2026-02-04T01:43:20.724047,20.6,42.8,0,0,none,none
2026-02-04T01:43:22.978199,20.6,42.8,0,0,none,none
2026-02-04T01:43:25.233044,20.6,42.8,0,0,none,none
2026-02-04T01:43:27.487969,20.6,42.8,0,0,none,none
2026-02-04T01:43:29.742505,20.5,42.7,0,0,none,none
2026-02-04T01:43:31.997332,20.6,42.8,0,0,none,none
2026-02-04T01:43:34.252165,20.6,42.8,0,0,none,none
2026-02-04T01:43:36.506504,20.6,42.8,0,0,none,none
2026-02-04T01:43:38.761365,20.5,42.8,0,0,none,none
2026-02-04T01:43:41.016239,20.6,42.8,0,0,none,none
2026-02-04T01:43:43.270955,20.6,42.9,0,0,none,none
2026-02-04T01:43:45.526004,20.6,42.8,0,0,none,none
2026-02-04T01:43:47.780873,20.6,42.8,0,0,none,none
2026-02-04T01:43:50.035466,20.6,42.8,0,0,none,none
2026-02-04T01:43:52.290310,20.6,42.8,0,0,none,none
2026-02-04T01:43:54.545233,20.6,42.8,0,0,none,none
2026-02-04T01:43:56.799891,20.5,42.8,0,0,none,none
2026-02-04T01:43:59.054686,20.6,42.8,0,0,none,none
2026-02-04T01:44:01.309484,20.6,42.8,0,0,none,none
2026-02-04T01:44:03.564111,20.5,42.8,0,0,none,none
2026-02-04T01:44:05.818890,20.6,42.8,0,0,none,none
2026-02-04T01:44:08.073769,20.5,42.8,0,0,none,none
2026-02-04T01:44:10.328419,20.5,42.8,0,0,none,none
2026-02-04T01:44:12.583357,20.5,42.8,0,0,none,none
2026-02-04T01:44:14.838127,20.6,42.8,0,0,none,none
2026-02-04T01:44:17.092728,20.5,42.7,0,0,none,none
2026-02-04T01:44:19.347543,20.5,42.8,0,0,none,none
2026-02-04T01:44:21.602502,20.6,42.8,0,0,none,none
2026-02-04T01:44:23.857158,20.6,42.8,0,0,none,none
2026-02-04T01:44:26.111814,20.5,42.8,0,0,none,none
2026-02-04T01:44:28.366666,20.5,42.8,0,0,none,none
2026-02-04T01:44:30.621017,20.5,42.8,0,0,none,none
2026-02-04T01:44:32.875836,20.5,42.8,0,0,none,none
2026-02-04T01:44:35.130530,20.6,42.8,0,0,none,none
2026-02-04T01:44:37.385171,20.5,42.8,0,0,none,none
2026-02-04T01:44:39.640127,20.6,42.8,0,0,none,none
2026-02-04T01:44:41.894926,20.6,42.9,0,0,none,none
2026-02-04T01:44:44.149603,20.5,42.8,0,0,none,none
2026-02-04T01:44:46.404445,20.6,42.9,0,0,none,none
2026-02-04T01:44:48.661204,20.6,42.9,0,0,none,none
2026-02-04T01:44:50.915852,20.5,42.8,0,0,none,none
2026-02-04T01:44:53.170453,20.6,42.8,0,0,none,none
2026-02-04T01:44:55.426604,20.5,42.8,0,0,none,none
2026-02-04T01:44:57.681225,20.5,42.8,0,0,none,none
2026-02-04T01:44:59.936124,20.5,42.8,0,0,none,none
2026-02-04T01:45:02.190805,20.6,42.8,0,0,none,none
2026-02-04T01:45:04.445591,20.6,42.8,0,0,none,none
2026-02-04T01:45:06.700461,20.6,42.8,0,0,none,none
2026-02-04T01:45:08.955187,20.5,42.7,0,0,none,none
2026-02-04T01:45:11.209871,20.6,42.8,0,0,none,none
2026-02-04T01:45:13.464825,20.5,42.7,0,0,none,none
2026-02-04T01:45:15.719606,20.5,42.7,0,0,none,none
2026-02-04T01:45:17.974010,20.5,42.8,0,0,none,none
2026-02-04T01:45:20.228830,20.6,42.8,0,0,none,none
2026-02-04T01:45:22.483727,20.6,42.8,0,0,none,none
2026-02-04T01:45:24.738381,20.6,42.8,0,0,none,none
2026-02-04T01:45:26.993142,20.5,42.8,0,0,none,none
2026-02-04T01:45:29.247995,20.6,42.8,0,0,none,none
2026-02-04T01:45:31.502713,20.6,42.8,0,0,none,none
2026-02-04T01:45:33.757196,20.5,42.7,0,0,none,none
2026-02-04T01:45:36.012054,20.5,42.7,0,0,none,none
2026-02-04T01:45:38.266639,20.5,42.7,0,0,none,none
2026-02-04T01:45:40.521665,20.6,42.8,0,0,none,none
2026-02-04T01:45:42.776562,20.6,42.8,0,0,none,none
2026-02-04T01:45:45.031143,20.6,42.8,0,0,none,none
2026-02-04T01:45:47.286074,20.5,42.8,0,0,none,none
2026-02-04T01:45:49.541060,20.5,42.8,0,0,none,none
2026-02-04T01:45:51.795757,20.6,42.8,0,0,none,none
2026-02-04T01:45:54.050438,20.5,42.7,0,0,none,none
2026-02-04T01:45:56.305281,20.5,42.8,0,0,none,none
2026-02-04T01:45:58.560024,20.5,42.7,0,0,none,none
2026-02-04T01:46:00.814740,20.5,42.7,0,0,none,none
2026-02-04T01:46:03.069177,20.5,42.7,0,0,none,none
2026-02-04T01:46:05.323842,20.5,42.7,0,0,none,none
2026-02-04T01:46:07.578794,20.5,42.7,0,0,none,none
2026-02-04T01:46:09.833719,20.5,42.7,0,0,none,none
2026-02-04T01:46:12.088378,20.5,42.7,0,0,none,none
2026-02-04T01:46:14.343239,20.6,42.8,0,0,none,none
2026-02-04T01:46:16.598143,20.6,42.8,0,0,none,none
2026-02-04T01:46:18.852805,20.5,42.8,0,0,none,none
2026-02-04T01:46:21.107416,20.6,42.8,0,0,none,none
2026-02-04T01:46:23.362071,20.5,42.8,0,0,none,none
2026-02-04T01:46:25.616843,20.6,42.8,0,0,none,none
2026-02-04T01:46:27.871593,20.5,42.8,0,0,none,none
2026-02-04T01:46:30.126299,20.5,42.8,0,0,none,none
2026-02-04T01:46:32.380958,20.5,42.7,0,0,none,none
2026-02-04T01:46:34.635913,20.5,42.8,0,0,none,none
2026-02-04T01:46:36.890779,20.5,42.8,0,0,none,none
2026-02-04T01:46:39.145389,20.6,42.8,0,0,none,none
2026-02-04T01:46:41.400254,20.6,42.8,0,0,none,none
2026-02-04T01:46:43.655333,20.5,42.8,0,0,none,none
2026-02-04T01:46:45.910058,20.5,42.8,0,0,none,none
2026-02-04T01:46:48.164931,20.5,42.8,0,0,none,none
2026-02-04T01:46:50.419776,20.5,42.8,0,0,none,none
2026-02-04T01:46:52.674527,20.5,42.8,0,0,none,none
2026-02-04T01:46:54.929384,20.6,42.9,0,0,none,none
2026-02-04T01:46:57.184260,20.5,42.8,0,0,none,none
2026-02-04T01:46:59.438995,20.5,42.8,0,0,none,none
2026-02-04T01:47:01.694011,20.5,42.8,0,0,none,none
2026-02-04T01:47:03.952064,20.5,42.8,0,0,none,none
2026-02-04T01:47:06.206532,20.5,42.8,0,0,none,none
2026-02-04T01:47:08.461536,20.5,42.8,0,0,none,none
2026-02-04T01:47:10.716418,20.5,42.8,0,0,none,none
2026-02-04T01:47:12.970967,20.5,42.8,0,0,none,none
2026-02-04T01:47:15.225847,20.5,42.8,0,0,none,none
2026-02-04T01:47:17.480759,20.5,42.8,0,0,none,none
2026-02-04T01:47:19.735508,20.6,42.8,0,0,none,none
2026-02-04T01:47:21.990376,20.6,42.8,0,0,none,none
2026-02-04T01:47:24.245320,20.6,42.8,0,0,none,none
2026-02-04T01:47:26.500129,20.5,42.8,0,0,none,none
2026-02-04T01:47:28.755038,20.6,42.8,0,0,none,none
2026-02-04T01:47:31.009986,20.5,42.8,0,0,none,none
2026-02-04T01:47:33.264707,20.6,42.8,0,0,none,none
2026-02-04T01:47:35.519787,20.5,42.8,0,0,none,none
2026-02-04T01:47:37.774709,20.6,42.8,0,0,none,none
2026-02-04T01:47:40.029325,20.5,42.8,0,0,none,none
2026-02-04T01:47:42.284176,20.6,42.8,0,0,none,none
2026-02-04T01:47:44.539206,20.5,42.8,0,0,none,none
2026-02-04T01:47:46.793965,20.5,42.7,0,0,none,none
2026-02-04T01:47:49.048938,20.5,42.8,0,0,none,none
2026-02-04T01:47:51.303841,20.5,42.7,0,0,none,none
2026-02-04T01:47:53.558672,20.6,42.8,0,0,none,none
2026-02-04T01:47:55.813568,20.5,42.8,0,0,none,none
2026-02-04T01:47:58.068417,20.5,42.8,0,0,none,none
2026-02-04T01:48:00.323154,20.5,42.7,0,0,none,none
2026-02-04T01:48:02.578209,20.5,42.8,0,0,none,none
2026-02-04T01:48:04.833020,20.5,42.7,0,0,none,none
2026-02-04T01:48:07.087720,20.5,42.8,0,0,none,none
2026-02-04T01:48:09.342573,20.5,42.7,0,0,none,none
2026-02-04T01:48:11.597619,20.5,42.7,0,0,none,none
2026-02-04T01:48:13.852295,20.5,42.7,0,0,none,none
2026-02-04T01:48:16.107188,20.5,42.7,0,0,none,none
2026-02-04T01:48:18.362119,20.5,42.7,0,0,none,none
2026-02-04T01:48:20.616944,20.5,42.7,0,0,none,none
2026-02-04T01:48:22.871885,20.5,42.7,0,0,none,none
2026-02-04T01:48:25.126797,20.5,42.7,0,0,none,none
2026-02-04T01:48:27.381568,20.5,42.7,0,0,none,none
2026-02-04T01:48:29.636671,20.5,42.7,0,0,none,none
2026-02-04T01:48:31.893016,20.5,42.7,0,0,none,none
2026-02-04T01:48:34.147740,20.5,42.8,0,0,none,none
2026-02-04T01:48:36.402461,20.5,42.7,0,0,none,none
2026-02-04T01:48:38.657441,20.5,42.7,0,0,none,none
2026-02-04T01:48:40.912129,20.5,42.7,0,0,none,none
2026-02-04T01:48:43.167048,20.5,42.7,0,0,none,none
2026-02-04T01:48:45.421952,20.5,42.7,0,0,none,none
2026-02-04T01:48:47.676855,20.5,42.7,0,0,none,none
2026-02-04T01:48:49.931579,20.6,42.8,0,0,none,none
2026-02-04T01:48:52.186501,20.6,42.8,0,0,none,none
2026-02-04T01:48:54.441315,20.5,42.7,0,0,none,none
2026-02-04T01:48:56.696277,20.5,42.7,0,0,none,none
2026-02-04T01:48:58.951107,20.5,42.7,0,0,none,none
2026-02-04T01:49:01.205480,20.5,42.7,0,0,none,none
2026-02-04T01:49:03.460539,20.5,42.7,0,0,none,none
2026-02-04T01:49:05.715533,20.5,42.7,0,0,none,none
2026-02-04T01:49:07.969778,20.5,42.7,0,0,none,none
2026-02-04T01:49:10.224625,20.5,42.8,0,0,none,none
2026-02-04T01:49:12.479662,20.5,42.7,0,0,none,none
2026-02-04T01:49:14.734211,20.5,42.7,0,0,none,none
2026-02-04T01:49:16.988722,20.5,42.7,0,0,none,none
2026-02-04T01:49:19.243206,20.5,42.7,0,0,none,none
2026-02-04T01:49:21.497432,20.5,42.7,0,0,none,none
2026-02-04T01:49:23.752224,20.5,42.7,0,0,none,none
2026-02-04T01:49:26.007082,20.5,42.7,0,0,none,none
2026-02-04T01:49:28.261795,20.5,42.7,0,0,none,none
2026-02-04T01:49:30.516759,20.6,42.8,0,0,none,none
2026-02-04T01:49:32.773662,20.5,42.7,0,0,none,none
2026-02-04T01:49:35.028373,20.5,42.7,0,0,none,none
2026-02-04T01:49:37.283048,20.5,42.7,0,0,none,none
2026-02-04T01:49:39.538134,20.5,42.7,0,0,none,none
2026-02-04T01:49:41.792857,20.5,42.7,0,0,none,none
2026-02-04T01:49:44.047812,20.5,42.7,0,0,none,none
2026-02-04T01:49:46.302690,20.5,42.7,0,0,none,none
2026-02-04T01:49:48.557596,20.5,42.7,0,0,none,none
2026-02-04T01:49:50.812588,20.5,42.7,0,0,none,none
2026-02-04T01:49:53.067529,20.6,42.7,0,0,none,none
2026-02-04T01:49:55.322206,20.5,42.7,0,0,none,none
2026-02-04T01:49:57.577275,20.5,42.7,0,0,none,none
2026-02-04T01:49:59.834313,20.5,42.7,0,0,none,none
2026-02-04T01:50:02.089149,20.5,42.7,0,0,none,none
2026-02-04T01:50:04.343896,20.5,42.6,0,0,none,none
2026-02-04T01:50:06.598949,20.5,42.6,0,0,none,none
2026-02-04T01:50:08.853728,20.6,42.7,0,0,none,none
2026-02-04T01:50:11.108725,20.5,42.7,0,0,none,none
2026-02-04T01:50:13.363670,20.6,42.7,0,0,none,none
2026-02-04T01:50:15.618539,20.6,42.7,0,0,none,none
2026-02-04T01:50:17.873475,20.5,42.7,0,0,none,none
2026-02-04T01:50:20.128323,20.5,42.7,0,0,none,none
2026-02-04T01:50:22.382832,20.6,42.7,0,0,none,none
2026-02-04T01:50:24.637906,20.6,42.7,0,0,none,none
2026-02-04T01:50:26.892679,20.6,42.7,0,0,none,none
2026-02-04T01:50:29.147341,20.6,42.7,0,0,none,none
2026-02-04T01:50:31.402322,20.5,42.6,0,0,none,none
2026-02-04T01:50:33.657334,20.6,42.7,0,0,none,none
2026-02-04T01:50:35.911780,20.5,42.6,0,0,none,none
2026-02-04T01:50:38.166428,20.5,42.6,0,0,none,none
2026-02-04T01:50:40.421218,20.6,42.7,0,0,none,none
2026-02-04T01:50:42.675973,20.5,42.6,0,0,none,none
2026-02-04T01:50:44.930708,20.6,42.7,0,0,none,none
2026-02-04T01:50:47.185624,20.5,42.6,0,0,none,none
2026-02-04T01:50:49.440324,20.5,42.6,0,0,none,none
2026-02-04T01:50:51.695210,20.5,42.6,0,0,none,none
2026-02-04T01:50:53.950101,20.5,42.6,0,0,none,none
2026-02-04T01:50:56.204709,20.6,42.7,0,0,none,none
2026-02-04T01:50:58.459698,20.6,42.7,0,0,none,none
2026-02-04T01:51:00.714480,20.5,42.6,0,0,none,none
2026-02-04T01:51:02.969046,20.5,42.7,0,0,none,none
2026-02-04T01:51:05.223903,20.5,42.7,0,0,none,none
2026-02-04T01:51:07.478815,20.5,42.6,0,0,none,none
2026-02-04T01:51:09.733476,20.5,42.6,0,0,none,none
2026-02-04T01:51:11.988114,20.6,42.7,0,0,none,none
2026-02-04T01:51:14.242919,20.5,42.6,0,0,none,none
2026-02-04T01:51:16.497261,20.5,42.6,0,0,none,none
2026-02-04T01:51:18.752056,20.5,42.6,0,0,none,none
2026-02-04T01:51:21.006579,20.5,42.7,0,0,none,none
2026-02-04T01:51:23.261245,20.6,42.7,0,0,none,none
2026-02-04T01:51:25.516089,20.5,42.6,0,0,none,none
2026-02-04T01:51:27.770831,20.5,42.6,0,0,none,none
2026-02-04T01:51:30.025498,20.5,42.6,0,0,none,none
2026-02-04T01:51:32.280383,20.6,42.7,0,0,none,none
2026-02-04T01:51:34.535346,20.5,42.5,0,0,none,none
2026-02-04T01:51:36.790025,20.5,42.5,0,0,none,none
2026-02-04T01:51:39.044811,20.6,42.6,0,0,none,none
2026-02-04T01:51:41.299668,20.5,42.6,0,0,none,none
2026-02-04T01:51:43.554416,20.6,42.7,0,0,none,none
2026-02-04T01:51:45.809288,20.5,42.5,0,0,none,none
2026-02-04T01:51:48.063658,20.5,42.6,0,0,none,none
2026-02-04T01:51:50.318293,20.5,42.6,0,0,none,none
2026-02-04T01:51:52.573316,20.6,42.7,0,0,none,none
2026-02-04T01:51:54.828196,20.5,42.6,0,0,none,none
2026-02-04T01:51:57.082736,20.6,42.7,0,0,none,none
2026-02-04T01:51:59.337576,20.6,42.6,0,0,none,none
2026-02-04T01:52:01.592551,20.5,42.6,0,0,none,none
2026-02-04T01:52:03.847099,20.6,42.7,0,0,none,none
2026-02-04T01:52:06.101956,20.6,42.7,0,0,none,none
2026-02-04T01:52:08.356696,20.5,42.6,0,0,none,none
2026-02-04T01:52:10.611496,20.5,42.6,0,0,none,none
2026-02-04T01:52:12.866192,20.6,42.7,0,0,none,none
2026-02-04T01:52:15.122587,20.5,42.6,0,0,none,none
2026-02-04T01:52:17.377241,20.5,42.6,0,0,none,none
2026-02-04T01:52:19.632061,20.6,42.7,0,0,none,none
2026-02-04T01:52:21.886794,20.6,42.7,0,0,none,none
2026-02-04T01:52:24.141478,20.6,42.7,0,0,none,none
2026-02-04T01:52:26.396235,20.5,42.6,0,0,none,none
2026-02-04T01:52:28.651278,20.6,42.7,0,0,none,none
2026-02-04T01:52:30.906079,20.6,42.7,0,0,none,none
2026-02-04T01:52:33.160922,20.6,42.7,0,0,none,none
2026-02-04T01:52:35.415742,20.5,42.6,0,0,none,none
2026-02-04T01:52:37.670609,20.5,42.6,0,0,none,none
2026-02-04T01:52:39.925554,20.5,42.6,0,0,none,none
2026-02-04T01:52:42.180442,20.6,42.7,0,0,none,none
2026-02-04T01:52:44.435245,20.5,42.6,0,0,none,none
2026-02-04T01:52:46.690197,20.5,42.6,0,0,none,none
2026-02-04T01:52:48.945084,20.6,42.7,0,0,none,none
2026-02-04T01:52:51.199585,20.5,42.6,0,0,none,none
2026-02-04T01:52:53.454624,20.6,42.7,0,0,none,none
2026-02-04T01:52:55.709608,20.5,42.6,0,0,none,none
2026-02-04T01:52:57.964056,20.5,42.6,0,0,none,none
2026-02-04T01:53:00.218728,20.5,42.6,0,0,none,none
2026-02-04T01:53:02.473801,20.5,42.6,0,0,none,none
2026-02-04T01:53:04.728455,20.5,42.6,0,0,none,none
2026-02-04T01:53:06.983281,20.5,42.5,0,0,none,none
2026-02-04T01:53:09.238158,20.5,42.6,0,0,none,none
2026-02-04T01:53:11.492906,20.6,42.7,0,0,none,none
2026-02-04T01:53:13.747790,20.6,42.6,0,0,none,none
2026-02-04T01:53:16.002583,20.5,42.6,0,0,none,none
2026-02-04T01:53:18.257279,20.6,42.7,0,0,none,none
2026-02-04T01:53:20.511879,20.6,42.7,0,0,none,none
2026-02-04T01:53:22.766802,20.5,42.5,0,0,none,none
2026-02-04T01:53:25.021399,20.6,42.6,0,0,none,none
2026-02-04T01:53:27.276286,20.5,42.6,0,0,none,none
2026-02-04T01:53:29.531126,20.6,42.7,0,0,none,none
2026-02-04T01:53:31.785819,20.5,42.5,0,0,none,none
2026-02-04T01:53:34.040679,20.6,42.7,0,0,none,none
2026-02-04T01:53:36.295428,20.5,42.6,0,0,none,none
2026-02-04T01:53:38.550173,20.5,42.6,0,0,none,none
2026-02-04T01:53:40.805078,20.5,42.6,0,0,none,none
2026-02-04T01:53:43.059771,20.5,42.5,0,0,none,none
2026-02-04T01:53:45.314475,20.6,42.7,0,0,none,none
2026-02-04T01:53:47.569443,20.5,42.6,0,0,none,none
2026-02-04T01:53:49.824362,20.6,42.6,0,0,none,none
2026-02-04T01:53:52.078993,20.5,42.6,0,0,none,none
2026-02-04T01:53:54.333971,20.6,42.7,0,0,none,none
2026-02-04T01:53:56.588828,20.5,42.6,0,0,none,none
2026-02-04T01:53:58.843495,20.5,42.5,0,0,none,none
2026-02-04T01:54:01.098231,20.6,42.7,0,0,none,none
2026-02-04T01:54:03.353053,20.6,42.6,0,0,none,none
2026-02-04T01:54:05.607824,20.6,42.7,0,0,none,none
2026-02-04T01:54:07.862758,20.5,42.5,0,0,none,none
2026-02-04T01:54:10.117483,20.5,42.6,0,0,none,none
2026-02-04T01:54:12.371980,20.5,42.5,0,0,none,none
2026-02-04T01:54:14.626927,20.5,42.6,0,0,none,none
2026-02-04T01:54:16.881920,20.5,42.5,0,0,none,none
2026-02-04T01:54:19.136505,20.5,42.5,0,0,none,none
2026-02-04T01:54:21.391386,20.6,42.6,0,0,none,none
2026-02-04T01:54:23.648454,20.5,42.6,0,0,none,none
2026-02-04T01:54:25.903121,20.5,42.6,0,0,none,none
2026-02-04T01:54:28.158019,20.5,42.6,0,0,none,none
2026-02-04T01:54:30.412821,20.6,42.6,0,0,none,none
2026-02-04T01:54:32.667557,20.5,42.5,0,0,none,none
2026-02-04T01:54:34.922362,20.6,42.7,0,0,none,none
2026-02-04T01:54:37.177015,20.6,42.7,0,0,none,none
2026-02-04T01:54:39.431798,20.5,42.6,0,0,none,none
2026-02-04T01:54:41.686523,20.5,42.6,0,0,none,none
2026-02-04T01:54:43.941376,20.5,42.6,0,0,none,none
2026-02-04T01:54:46.195904,20.6,42.6,0,0,none,none
2026-02-04T01:54:48.450715,20.5,42.6,0,0,none,none
2026-02-04T01:54:50.705595,20.6,42.7,0,0,none,none
2026-02-04T01:54:52.960221,20.5,42.5,0,0,none,none
2026-02-04T01:54:55.214967,20.5,42.6,0,0,none,none
2026-02-04T01:54:57.469531,20.5,42.6,0,0,none,none
2026-02-04T01:54:59.724303,20.6,42.6,0,0,none,none
2026-02-04T01:55:01.979084,20.6,42.6,0,0,none,none
2026-02-04T01:55:04.234006,20.6,42.6,0,0,none,none
2026-02-04T01:55:06.488746,20.5,42.5,0,0,none,none
2026-02-04T01:55:08.743682,20.6,42.7,0,0,none,none
2026-02-04T01:55:10.998205,20.5,42.5,0,0,none,none
2026-02-04T01:55:13.252832,20.5,42.6,0,0,none,none
2026-02-04T01:55:15.507800,20.5,42.6,0,0,none,none
2026-02-04T01:55:17.762532,20.6,42.7,0,0,none,none
2026-02-04T01:55:20.017081,20.6,42.7,0,0,none,none
2026-02-04T01:55:22.271932,20.6,42.7,0,0,none,none
2026-02-04T01:55:24.526838,20.5,42.7,0,0,none,none
2026-02-04T01:55:26.781164,20.6,42.7,0,0,none,none
2026-02-04T01:55:29.035892,20.6,42.7,0,0,none,none
2026-02-04T01:55:31.290799,20.5,42.7,0,0,none,none
2026-02-04T01:55:33.545586,20.6,42.7,0,0,none,none
2026-02-04T01:55:35.800494,20.5,42.6,0,0,none,none
2026-02-04T01:55:38.055000,20.6,42.7,0,0,none,none
2026-02-04T01:55:40.309639,20.6,42.7,0,0,none,none
2026-02-04T01:55:42.564683,20.5,42.7,0,0,none,none
2026-02-04T01:55:44.819522,20.5,42.7,0,0,none,none
2026-02-04T01:55:47.073854,20.5,42.6,0,0,none,none
2026-02-04T01:55:49.328697,20.5,42.6,0,0,none,none
2026-02-04T01:55:51.583617,20.6,42.7,0,0,none,none
2026-02-04T01:55:53.838271,20.5,42.6,0,0,none,none
2026-02-04T01:55:56.093088,20.5,42.6,0,0,none,none
2026-02-04T01:55:58.347471,20.5,42.6,0,0,none,none
2026-02-04T01:56:00.602316,20.5,42.6,0,0,none,none
2026-02-04T01:56:02.857141,20.5,42.6,0,0,none,none
2026-02-04T01:56:05.111972,20.5,42.6,0,0,none,none
2026-02-04T01:56:07.366690,20.5,42.6,0,0,none,none
2026-02-04T01:56:09.621719,20.5,42.6,0,0,none,none
2026-02-04T01:56:11.876651,20.5,42.6,0,0,none,none
2026-02-04T01:56:14.131125,20.5,42.6,0,0,none,none
2026-02-04T01:56:16.385985,20.6,42.7,0,0,none,none
2026-02-04T01:56:18.643087,20.5,42.6,0,0,none,none
2026-02-04T01:56:20.897777,20.5,42.6,0,0,none,none
2026-02-04T01:56:23.152555,20.5,42.6,0,0,none,none
2026-02-04T01:56:25.407407,20.5,42.6,0,0,none,none
2026-02-04T01:56:27.662018,20.6,42.7,0,0,none,none
2026-02-04T01:56:29.917018,20.5,42.6,0,0,none,none
2026-02-04T01:56:32.171983,20.6,42.7,0,0,none,none
2026-02-04T01:56:34.427883,20.5,42.6,0,0,none,none
2026-02-04T01:56:36.682704,20.5,42.6,0,0,none,none
2026-02-04T01:56:38.937657,20.5,42.7,0,0,none,none
2026-02-04T01:56:41.192207,20.5,42.6,0,0,none,none
2026-02-04T01:56:43.447168,20.5,42.6,0,0,none,none
2026-02-04T01:56:45.702117,20.5,42.6,0,0,none,none
2026-02-04T01:56:47.956861,20.5,42.7,0,0,none,none
2026-02-04T01:56:50.211487,20.5,42.6,0,0,none,none
2026-02-04T01:56:52.466473,20.5,42.6,0,0,none,none
2026-02-04T01:56:54.721093,20.5,42.6,0,0,none,none
2026-02-04T01:56:56.975949,20.5,42.6,0,0,none,none
2026-02-04T01:56:59.230764,20.5,42.6,0,0,none,none
2026-02-04T01:57:01.485456,20.5,42.6,0,0,none,none
2026-02-04T01:57:03.740084,,,0,0,none,none
2026-02-04T01:57:05.994962,20.5,42.6,0,0,none,none
2026-02-04T01:57:08.249582,20.5,42.6,0,0,none,none
2026-02-04T01:57:10.504516,20.5,42.6,0,0,none,none
2026-02-04T01:57:12.759193,20.5,42.6,0,0,none,none
2026-02-04T01:57:15.013882,20.5,42.6,0,0,none,none
2026-02-04T01:57:17.268742,20.5,42.6,0,0,none,none
2026-02-04T01:57:19.523697,20.5,42.6,0,0,none,none
2026-02-04T01:57:21.778080,20.6,42.7,0,0,none,none
2026-02-04T01:57:24.032706,20.6,42.7,0,0,none,none
2026-02-04T01:57:26.287289,20.5,42.6,0,0,none,none
2026-02-04T01:57:28.542100,20.6,42.7,0,0,none,none
2026-02-04T01:57:30.796907,20.5,42.6,0,0,none,none
2026-02-04T01:57:33.051692,20.5,42.6,0,0,none,none
2026-02-04T01:57:35.306156,20.5,42.6,0,0,none,none
2026-02-04T01:57:37.561207,20.5,42.7,0,0,none,none
2026-02-04T01:57:39.816055,20.5,42.6,0,0,none,none
2026-02-04T01:57:42.070755,20.5,42.6,0,0,none,none
2026-02-04T01:57:44.325582,20.5,42.6,0,0,none,none
2026-02-04T01:57:46.580587,20.5,42.6,0,0,none,none
2026-02-04T01:57:48.835174,20.5,42.6,0,0,none,none
2026-02-04T01:57:51.090144,20.5,42.6,0,0,none,none
2026-02-04T01:57:53.345026,20.5,42.6,0,0,none,none
2026-02-04T01:57:55.599769,20.5,42.6,0,0,none,none
2026-02-04T01:57:57.854582,20.5,42.6,0,0,none,none
2026-02-04T01:58:00.109456,20.5,42.7,0,0,none,none
2026-02-04T01:58:02.363959,20.5,42.6,0,0,none,none
2026-02-04T01:58:04.618868,20.5,42.6,0,0,none,none
2026-02-04T01:58:06.873385,20.5,42.6,0,0,none,none
2026-02-04T01:58:09.128126,20.5,42.6,0,0,none,none
2026-02-04T01:58:11.382760,20.5,42.6,0,0,none,none
2026-02-04T01:58:13.637846,20.5,42.6,0,0,none,none
2026-02-04T01:58:15.892494,20.5,42.6,0,0,none,none
2026-02-04T01:58:18.147357,20.5,42.6,0,0,none,none
2026-02-04T01:58:20.402133,20.5,42.7,0,0,none,none
2026-02-04T01:58:22.656798,20.5,42.6,0,0,none,none
2026-02-04T01:58:24.911247,20.5,42.6,0,0,none,none
2026-02-04T01:58:27.165683,20.5,42.6,0,0,none,none
2026-02-04T01:58:29.420165,20.5,42.6,0,0,none,none
2026-02-04T01:58:31.674613,20.5,42.7,0,0,none,none
2026-02-04T01:58:33.931353,20.5,42.7,0,0,none,none
2026-02-04T01:58:36.186051,20.5,42.7,0,0,none,none
2026-02-04T01:58:38.441022,20.5,42.7,0,0,none,none
2026-02-04T01:58:40.695803,20.5,42.7,0,0,none,none
2026-02-04T01:58:42.950000,20.5,42.7,0,0,none,none
2026-02-04T01:58:45.204806,20.5,42.6,0,0,none,none
2026-02-04T01:58:47.459627,20.5,42.7,0,0,none,none
2026-02-04T01:58:49.714329,20.5,42.7,0,0,none,none
2026-02-04T01:58:51.969019,20.5,42.7,0,0,none,none
2026-02-04T01:58:54.223556,20.5,42.7,0,0,none,none
2026-02-04T01:58:56.478309,20.5,42.7,0,0,none,none
2026-02-04T01:58:58.733111,20.5,42.7,0,0,none,none
2026-02-04T01:59:00.987535,20.5,42.7,0,0,none,none
2026-02-04T01:59:03.242188,20.5,42.7,0,0,none,none
2026-02-04T01:59:05.496621,20.5,42.7,0,0,none,none
2026-02-04T01:59:07.751587,20.5,42.7,0,0,none,none
2026-02-04T01:59:10.005816,20.5,42.7,0,0,none,none
2026-02-04T01:59:12.260690,20.5,42.7,0,0,none,none
2026-02-04T01:59:14.515460,20.5,42.7,0,0,none,none
2026-02-04T01:59:16.769795,20.5,42.7,0,0,none,none
2026-02-04T01:59:19.024360,20.5,42.7,0,0,none,none
2026-02-04T01:59:21.279156,20.5,42.7,0,0,none,none
2026-02-04T01:59:23.533940,20.5,42.7,0,0,none,none
2026-02-04T01:59:25.788666,20.5,42.6,0,0,none,none
2026-02-04T01:59:28.043193,20.5,42.7,0,0,none,none
2026-02-04T01:59:30.297979,20.5,42.7,0,0,none,none
2026-02-04T01:59:32.552926,20.5,42.7,0,0,none,none
2026-02-04T01:59:34.809762,20.5,42.6,0,0,none,none
2026-02-04T01:59:37.064421,20.5,42.7,0,0,none,none
2026-02-04T01:59:39.319158,20.5,42.7,0,0,none,none
2026-02-04T01:59:41.574175,20.5,42.7,0,0,none,none
2026-02-04T01:59:43.828842,20.5,42.7,0,0,none,none
2026-02-04T01:59:46.083486,20.5,42.7,0,0,none,none
2026-02-04T01:59:48.337949,20.5,42.7,0,0,none,none
2026-02-04T01:59:50.592707,20.5,42.7,0,0,none,none
2026-02-04T01:59:52.847501,20.5,42.6,0,0,none,none
2026-02-04T01:59:55.102160,20.5,42.6,0,0,none,none
2026-02-04T01:59:57.356719,20.5,42.6,0,0,none,none
2026-02-04T01:59:59.611534,20.5,42.6,0,0,none,none
2026-02-04T02:00:01.866198,20.5,42.7,0,0,none,none
2026-02-04T02:00:04.120816,20.5,42.7,0,0,none,none
2026-02-04T02:00:06.375679,20.5,42.7,1,0,none,none
2026-02-04T02:00:08.630334,20.5,42.7,0,0,none,none
2026-02-04T02:00:10.884966,20.5,42.7,0,0,none,none
2026-02-04T02:00:13.139844,20.5,42.7,0,0,none,none
2026-02-04T02:00:15.394798,20.5,42.7,0,0,none,none
2026-02-04T02:00:17.649687,20.5,42.7,0,0,none,none
2026-02-04T02:00:19.904749,20.5,42.7,0,0,none,none
2026-02-04T02:00:22.159681,20.5,42.6,0,0,none,none
2026-02-04T02:00:24.414222,20.5,42.7,0,0,none,none
2026-02-04T02:00:26.669068,20.5,42.7,0,0,none,none
2026-02-04T02:00:28.923790,20.5,42.7,0,0,none,none
2026-02-04T02:00:31.178186,20.5,42.7,0,0,none,none
2026-02-04T02:00:33.433215,20.5,42.7,0,0,none,none
2026-02-04T02:00:35.688106,20.5,42.7,0,0,none,none
2026-02-04T02:00:37.942803,20.5,42.7,0,0,none,none
2026-02-04T02:00:40.197731,20.5,42.7,0,0,none,none
2026-02-04T02:00:42.452768,20.5,42.7,0,0,none,none
2026-02-04T02:00:44.707327,20.5,42.7,0,0,none,none
2026-02-04T02:00:46.962204,20.5,42.7,0,0,none,none
2026-02-04T02:00:49.217115,20.5,42.7,0,0,none,none
2026-02-04T02:00:51.471919,20.5,42.7,0,0,none,none
2026-02-04T02:00:53.726842,20.5,42.7,0,0,none,none
2026-02-04T02:00:55.981431,20.5,42.7,0,0,none,none
2026-02-04T02:00:58.235867,20.5,42.7,0,0,none,none
2026-02-04T02:01:00.490313,20.5,42.7,0,0,none,none
2026-02-04T02:01:02.745206,20.5,42.7,0,0,none,none
2026-02-04T02:01:04.999806,20.5,42.7,0,0,none,none
2026-02-04T02:01:07.254353,20.5,42.7,0,0,none,none
2026-02-04T02:01:09.509301,20.5,42.7,0,0,none,none
2026-02-04T02:01:11.763863,20.5,42.7,0,0,none,none
2026-02-04T02:01:14.018633,20.5,42.7,0,0,none,none
2026-02-04T02:01:16.272975,20.5,42.7,0,0,none,none
2026-02-04T02:01:18.527718,20.5,42.7,0,0,none,none
2026-02-04T02:01:20.782267,20.5,42.7,0,0,none,none
2026-02-04T02:01:23.037193,20.5,42.7,0,0,none,none
2026-02-04T02:01:25.291949,20.5,42.7,0,0,none,none
2026-02-04T02:01:27.546734,20.5,42.7,0,0,none,none
2026-02-04T02:01:29.801667,20.5,42.7,0,0,none,none
2026-02-04T02:01:32.056280,20.5,42.7,0,0,none,none
2026-02-04T02:01:34.311006,20.5,42.7,0,0,none,none
2026-02-04T02:01:36.566054,20.5,42.7,0,0,none,none
2026-02-04T02:01:38.820368,20.5,42.7,0,0,none,none
2026-02-04T02:01:41.075213,20.5,42.7,0,0,none,none
2026-02-04T02:01:43.330112,20.5,42.7,0,0,none,none
2026-02-04T02:01:45.584842,20.5,42.7,0,0,none,none
2026-02-04T02:01:47.839345,20.5,42.7,0,0,none,none
2026-02-04T02:01:50.094169,20.5,42.7,0,0,none,none
2026-02-04T02:01:52.348644,20.5,42.7,0,0,none,none
2026-02-04T02:01:54.603600,20.5,42.7,0,0,none,none
2026-02-04T02:01:56.860441,20.5,42.7,0,0,none,none
2026-02-04T02:01:59.115108,20.5,42.7,0,0,none,none
2026-02-04T02:02:01.370074,20.5,42.7,0,0,none,none
2026-02-04T02:02:03.624919,20.5,42.7,0,0,none,none
2026-02-04T02:02:05.879075,20.5,42.7,0,0,none,none
2026-02-04T02:02:08.134034,20.5,42.6,0,0,none,none
2026-02-04T02:02:10.388611,20.5,42.7,0,0,none,none
2026-02-04T02:02:12.643293,20.5,42.7,0,0,none,none
2026-02-04T02:02:14.898178,20.5,42.7,0,0,none,none
2026-02-04T02:02:17.152890,20.5,42.7,0,0,none,none
2026-02-04T02:02:19.407494,20.5,42.7,0,0,none,none
2026-02-04T02:02:21.662535,20.5,42.7,0,0,none,none
2026-02-04T02:02:23.917411,20.5,42.7,0,0,none,none
2026-02-04T02:02:26.172084,20.5,42.7,0,0,none,none
2026-02-04T02:02:28.426735,20.5,42.7,0,0,none,none
2026-02-04T02:02:30.681632,20.5,42.7,1,0,none,none
2026-02-04T02:02:32.936287,20.5,42.7,0,0,none,none
2026-02-04T02:02:35.191194,20.5,42.7,0,0,none,none
2026-02-04T02:02:37.446155,20.5,42.7,0,0,none,none
2026-02-04T02:02:39.700846,20.5,42.7,0,0,none,none
2026-02-04T02:02:41.955633,20.5,42.7,0,0,none,none
2026-02-04T02:02:44.210547,20.5,42.7,0,0,none,none
2026-02-04T02:02:46.465247,20.5,42.7,0,0,none,none
2026-02-04T02:02:48.719775,20.5,42.7,0,0,none,none
2026-02-04T02:02:50.974567,20.5,42.7,0,0,none,none
2026-02-04T02:02:53.229196,20.5,42.7,0,0,none,none
2026-02-04T02:02:55.484033,20.5,42.7,0,0,none,none
2026-02-04T02:02:57.738949,20.5,42.7,0,0,none,none
2026-02-04T02:02:59.993566,20.5,42.7,0,0,none,none
2026-02-04T02:03:02.248488,20.5,42.7,0,0,none,none
2026-02-04T02:03:04.503171,20.5,42.7,0,0,none,none
2026-02-04T02:03:06.757403,20.5,42.7,0,0,none,none
2026-02-04T02:03:09.012390,20.5,42.7,0,0,none,none
2026-02-04T02:03:11.267304,20.5,42.7,0,0,none,none
2026-02-04T02:03:13.522174,20.5,42.7,0,0,none,none
2026-02-04T02:03:15.776963,20.5,42.7,0,0,none,none
2026-02-04T02:03:18.031665,20.5,42.6,0,0,none,none
2026-02-04T02:03:20.286322,20.5,42.7,0,0,none,none
2026-02-04T02:03:22.541448,20.5,42.6,0,0,none,none
2026-02-04T02:03:24.796459,20.5,42.6,0,0,none,none
2026-02-04T02:03:27.050905,20.5,42.6,0,0,none,none
2026-02-04T02:03:29.305838,20.5,42.6,0,0,none,none
2026-02-04T02:03:31.560935,20.5,42.6,0,0,none,none
2026-02-04T02:03:33.815687,20.5,42.6,0,0,none,none
2026-02-04T02:03:36.070344,20.5,42.6,0,0,none,none
2026-02-04T02:03:38.325218,20.5,42.7,0,0,none,none
2026-02-04T02:03:40.580010,20.5,42.6,0,0,none,none
2026-02-04T02:03:42.834896,20.5,42.7,0,0,none,none
2026-02-04T02:03:45.089769,20.5,42.6,0,0,none,none
2026-02-04T02:03:47.344562,20.5,42.6,0,0,none,none
2026-02-04T02:03:49.599509,20.5,42.6,0,0,none,none
2026-02-04T02:03:51.854402,20.5,42.6,0,0,none,none
2026-02-04T02:03:54.108960,20.5,42.6,0,0,none,none
2026-02-04T02:03:56.363897,20.5,42.6,0,0,none,none
2026-02-04T02:03:58.618784,20.5,42.6,0,0,none,none
2026-02-04T02:04:00.873373,20.5,42.6,0,0,none,none
2026-02-04T02:04:03.128219,20.5,42.6,0,0,none,none
2026-02-04T02:04:05.383039,20.5,42.6,0,0,none,none
2026-02-04T02:04:07.637870,20.5,42.6,0,0,none,none
2026-02-04T02:04:09.892784,20.5,42.6,0,0,none,none
2026-02-04T02:04:12.147613,20.5,42.6,0,0,none,none
2026-02-04T02:04:14.402170,20.5,42.6,0,0,none,none
2026-02-04T02:04:16.657092,20.5,42.6,0,0,none,none
2026-02-04T02:04:18.912028,20.5,42.6,0,0,none,none
2026-02-04T02:04:21.166791,20.5,42.5,0,0,none,none
2026-02-04T02:04:23.421572,20.5,42.6,0,0,none,none
2026-02-04T02:04:25.676499,20.5,42.6,0,0,none,none
2026-02-04T02:04:27.931159,20.5,42.5,0,0,none,none
2026-02-04T02:04:30.186184,20.5,42.5,0,0,none,none
2026-02-04T02:04:32.441207,20.5,42.6,0,0,none,none
2026-02-04T02:04:34.695718,20.5,42.6,0,0,none,none
2026-02-04T02:04:36.950357,20.5,42.5,0,0,none,none
2026-02-04T02:04:39.205181,20.5,42.5,0,0,none,none
2026-02-04T02:04:41.459783,20.5,42.5,0,0,none,none
2026-02-04T02:04:43.714614,20.5,42.5,0,0,none,none
2026-02-04T02:04:45.969410,20.5,42.5,0,0,none,none
2026-02-04T02:04:48.223918,20.5,42.5,0,0,none,none
2026-02-04T02:04:50.478832,20.5,42.5,0,0,none,none
2026-02-04T02:04:52.733706,20.5,42.6,0,0,none,none
2026-02-04T02:04:54.988313,20.5,42.6,0,0,none,none
2026-02-04T02:04:57.243132,20.5,42.6,0,0,none,none
2026-02-04T02:04:59.498187,20.5,42.6,0,0,none,none
2026-02-04T02:05:01.752885,20.5,42.6,0,0,none,none
2026-02-04T02:05:04.007587,20.5,42.6,0,0,none,none
2026-02-04T02:05:06.262381,20.5,42.6,0,0,none,none
2026-02-04T02:05:08.517100,20.5,42.6,0,0,none,none
2026-02-04T02:05:10.771860,20.5,42.6,0,0,none,none
2026-02-04T02:05:13.026620,20.5,42.6,0,0,none,none
2026-02-04T02:05:15.281021,20.5,42.5,0,0,none,none
2026-02-04T02:05:17.535956,20.5,42.6,0,0,none,none
2026-02-04T02:05:19.790357,20.5,42.6,0,0,none,none
2026-02-04T02:05:22.044901,20.5,42.5,0,0,none,none
2026-02-04T02:05:24.299712,20.5,42.5,0,0,none,none
2026-02-04T02:05:26.554572,20.5,42.5,0,0,none,none
2026-02-04T02:05:28.809265,20.5,42.5,0,0,none,none
2026-02-04T02:05:31.063925,20.5,42.5,0,0,none,none
2026-02-04T02:05:33.318781,20.5,42.5,0,0,none,none
2026-02-04T02:05:35.573568,20.5,42.5,0,0,none,none
2026-02-04T02:05:37.828658,20.5,42.5,0,0,none,none
2026-02-04T02:05:40.083295,20.5,42.5,0,0,none,none
2026-02-04T02:05:42.338159,20.5,42.5,0,0,none,none
2026-02-04T02:05:44.593162,20.5,42.5,0,0,none,none
2026-02-04T02:05:46.847993,20.5,42.5,0,0,none,none
2026-02-04T02:05:49.102639,20.5,42.5,0,0,none,none
2026-02-04T02:05:51.357549,20.5,42.5,0,0,none,none
2026-02-04T02:05:53.614397,20.5,42.5,0,0,none,none
2026-02-04T02:05:55.869060,20.5,42.5,0,0,none,none
2026-02-04T02:05:58.123736,20.5,42.5,0,0,none,none
2026-02-04T02:06:00.378473,20.5,42.5,0,0,none,none
2026-02-04T02:06:02.633257,20.5,42.5,0,0,none,none
2026-02-04T02:06:04.888161,20.5,42.5,0,0,none,none
2026-02-04T02:06:07.142924,20.5,42.5,0,0,none,none
2026-02-04T02:06:09.397595,20.5,42.5,0,0,none,none
2026-02-04T02:06:11.652624,20.5,42.5,0,0,none,none
2026-02-04T02:06:13.907334,20.5,42.5,0,0,none,none
2026-02-04T02:06:16.162056,20.5,42.5,0,0,none,none
2026-02-04T02:06:18.416975,20.5,42.5,0,0,none,none
2026-02-04T02:06:20.671939,20.5,42.5,0,0,none,none
2026-02-04T02:06:22.926415,20.5,42.5,0,0,none,none
2026-02-04T02:06:25.181299,20.5,42.4,0,0,none,none
2026-02-04T02:06:27.436225,20.5,42.5,0,0,none,none
2026-02-04T02:06:29.690855,20.5,42.5,0,0,none,none
2026-02-04T02:06:31.945785,20.5,42.5,0,0,none,none
2026-02-04T02:06:34.200587,20.5,42.5,0,0,none,none
2026-02-04T02:06:36.455372,20.5,42.5,0,0,none,none
2026-02-04T02:06:38.710220,20.5,42.5,0,0,none,none
2026-02-04T02:06:40.965165,20.5,42.5,0,0,none,none
2026-02-04T02:06:43.219691,20.5,42.4,0,0,none,none
2026-02-04T02:06:45.474664,20.5,42.5,0,0,none,none
2026-02-04T02:06:47.729557,20.5,42.5,0,0,none,none
2026-02-04T02:06:49.984348,20.5,42.5,0,0,none,none
2026-02-04T02:06:52.239281,20.5,42.5,0,0,none,none
2026-02-04T02:06:54.494154,20.5,42.5,0,0,none,none
2026-02-04T02:06:56.748713,20.5,42.5,0,0,none,none
2026-02-04T02:06:59.003484,20.5,42.5,0,0,none,none
2026-02-04T02:07:01.258266,20.5,42.5,0,0,none,none
2026-02-04T02:07:03.513028,20.5,42.4,0,0,none,none
2026-02-04T02:07:05.767793,20.5,42.4,0,0,none,none
2026-02-04T02:07:08.022527,20.5,42.4,0,0,none,none
2026-02-04T02:07:10.277261,20.5,42.5,0,0,none,none
2026-02-04T02:07:12.532388,20.5,42.5,0,0,none,none
2026-02-04T02:07:14.787006,20.5,42.5,0,0,none,none
2026-02-04T02:07:17.041767,20.5,42.5,0,0,none,none
2026-02-04T02:07:19.296733,20.5,42.5,0,0,none,none
2026-02-04T02:07:21.551701,20.5,42.4,0,0,none,none
2026-02-04T02:07:23.806195,20.5,42.4,0,0,none,none
2026-02-04T02:07:26.061161,20.5,42.5,0,0,none,none
2026-02-04T02:07:28.316016,20.5,42.4,0,0,none,none
2026-02-04T02:07:30.570811,20.5,42.5,0,0,none,none
2026-02-04T02:07:32.825677,20.5,42.5,0,0,none,none
2026-02-04T02:07:35.080649,20.5,42.5,0,0,none,none
2026-02-04T02:07:37.335326,20.5,42.4,0,0,none,none
2026-02-04T02:07:39.590466,20.5,42.4,0,0,none,none
2026-02-04T02:07:41.845373,20.5,42.5,0,0,none,none
2026-02-04T02:07:44.100083,20.5,42.4,0,0,none,none
2026-02-04T02:07:46.354954,20.5,42.4,0,0,none,none
2026-02-04T02:07:48.609935,20.5,42.4,0,0,none,none
2026-02-04T02:07:50.864702,20.5,42.5,0,0,none,none
2026-02-04T02:07:53.119487,20.5,42.5,0,0,none,none
2026-02-04T02:07:55.374333,20.5,42.5,0,0,none,none
2026-02-04T02:07:57.629058,20.5,42.4,0,0,none,none
2026-02-04T02:07:59.883897,20.5,42.5,0,0,none,none
2026-02-04T02:08:02.138671,20.5,42.5,0,0,none,none
2026-02-04T02:08:04.393298,20.5,42.5,0,0,none,none
2026-02-04T02:08:06.648209,20.5,42.5,0,0,none,none
2026-02-04T02:08:08.903048,20.5,42.4,0,0,none,none
2026-02-04T02:08:11.157759,20.5,42.5,0,0,none,none
2026-02-04T02:08:13.412603,20.5,42.5,0,0,none,none
2026-02-04T02:08:15.667456,20.5,42.4,0,0,none,none
2026-02-04T02:08:17.922134,20.5,42.4,0,0,none,none
2026-02-04T02:08:20.176983,20.5,42.4,0,0,none,none
2026-02-04T02:08:22.431940,20.5,42.4,0,0,none,none
2026-02-04T02:08:24.686565,20.5,42.5,0,0,none,none
2026-02-04T02:08:26.940972,20.5,42.4,0,0,none,none
2026-02-04T02:08:29.195830,20.5,42.5,0,0,none,none
2026-02-04T02:08:31.450578,20.5,42.5,0,0,none,none
2026-02-04T02:08:33.705453,20.5,42.4,0,0,none,none
2026-02-04T02:08:35.960226,20.5,42.5,0,0,none,none
2026-02-04T02:08:38.214628,20.5,42.5,0,0,none,none
2026-02-04T02:08:40.469570,20.5,42.4,0,0,none,none
2026-02-04T02:08:42.724241,20.5,42.4,0,0,none,none
2026-02-04T02:08:44.978917,20.5,42.5,0,0,none,none
2026-02-04T02:08:47.233799,20.5,42.5,0,0,none,none
2026-02-04T02:08:49.488338,20.5,42.5,0,0,none,none
2026-02-04T02:08:51.742823,20.5,42.5,0,0,none,none
2026-02-04T02:08:53.997716,20.5,42.5,0,0,none,none
2026-02-04T02:08:56.252227,20.5,42.5,0,0,none,none
2026-02-04T02:08:58.506998,20.5,42.5,0,0,none,none
2026-02-04T02:09:00.761961,20.5,42.5,0,0,none,none
2026-02-04T02:09:03.016847,20.5,42.5,0,0,none,none
2026-02-04T02:09:05.271289,20.5,42.5,0,0,none,none
2026-02-04T02:09:07.526289,20.5,42.5,0,0,none,none
2026-02-04T02:09:09.781075,20.5,42.5,0,0,none,none
2026-02-04T02:09:12.035828,20.5,42.5,0,0,none,none
2026-02-04T02:09:14.290550,20.5,42.5,0,0,none,none
2026-02-04T02:09:16.545488,20.5,42.5,0,0,none,none
2026-02-04T02:09:18.800171,20.5,42.5,0,0,none,none
2026-02-04T02:09:21.055100,20.5,42.5,0,0,none,none
2026-02-04T02:09:23.309939,20.5,42.5,0,0,none,none
2026-02-04T02:09:25.564696,20.5,42.5,0,0,none,none
2026-02-04T02:09:27.819525,20.5,42.5,0,0,none,none
2026-02-04T02:09:30.074456,20.5,42.5,0,0,none,none
2026-02-04T02:09:32.329108,20.5,42.5,0,0,none,none
2026-02-04T02:09:34.584080,20.5,42.5,0,0,none,none
2026-02-04T02:09:36.838898,20.5,42.5,0,0,none,none
2026-02-04T02:09:39.093691,20.5,42.5,0,0,none,none
2026-02-04T02:09:41.348631,20.5,42.5,0,0,none,none
2026-02-04T02:09:43.603557,20.5,42.5,0,0,none,none
2026-02-04T02:09:45.857929,20.5,42.5,0,0,none,none
2026-02-04T02:09:48.112831,20.5,42.4,0,0,none,none
2026-02-04T02:09:50.367578,20.5,42.5,0,0,none,none
2026-02-04T02:09:52.622406,20.5,42.5,0,0,none,none
2026-02-04T02:09:54.877130,20.5,42.5,0,0,none,none
2026-02-04T02:09:57.131988,20.5,42.5,0,0,none,none
2026-02-04T02:09:59.386629,20.5,42.5,0,0,none,none
2026-02-04T02:10:01.641636,20.5,42.5,0,0,none,none
2026-02-04T02:10:03.896413,20.5,42.5,0,0,none,none
2026-02-04T02:10:06.151120,20.5,42.5,0,0,none,none
2026-02-04T02:10:08.405970,20.5,42.5,0,0,none,none
2026-02-04T02:10:10.661013,20.5,42.5,0,0,none,none
2026-02-04T02:10:12.915696,20.5,42.5,0,0,none,none
2026-02-04T02:10:15.170537,20.5,42.5,0,0,none,none
2026-02-04T02:10:17.426667,20.5,42.5,0,0,none,none
2026-02-04T02:10:19.681464,20.5,42.5,0,0,none,none
2026-02-04T02:10:21.936102,20.5,42.5,0,0,none,none
2026-02-04T02:10:24.190554,20.5,42.5,0,0,none,none
2026-02-04T02:10:26.445393,20.5,42.5,0,0,none,none
2026-02-04T02:10:28.700386,20.5,42.5,0,0,none,none
2026-02-04T02:10:30.955124,20.5,42.5,0,0,none,none
2026-02-04T02:10:33.209817,20.5,42.5,0,0,none,none
2026-02-04T02:10:35.464777,20.5,42.5,0,0,none,none
2026-02-04T02:10:37.719723,20.5,42.5,0,0,none,none
2026-02-04T02:10:39.974127,20.5,42.5,0,0,none,none
2026-02-04T02:10:42.229042,20.5,42.5,0,0,none,none
2026-02-04T02:10:44.484046,20.5,42.5,0,0,none,none
2026-02-04T02:10:46.738788,20.5,42.5,0,0,none,none
2026-02-04T02:10:48.993660,20.5,42.5,0,0,none,none
2026-02-04T02:10:51.248322,20.5,42.5,0,0,none,none
2026-02-04T02:10:53.502566,20.5,42.5,0,0,none,none
2026-02-04T02:10:55.757330,20.5,42.5,0,0,none,none
2026-02-04T02:10:58.012174,20.5,42.5,0,0,none,none
2026-02-04T02:11:00.266574,20.5,42.5,0,0,none,none
2026-02-04T02:11:02.521550,20.5,42.5,0,0,none,none
2026-02-04T02:11:04.776556,20.5,42.5,0,0,none,none
2026-02-04T02:11:07.031220,20.5,42.5,0,0,none,none
2026-02-04T02:11:09.286237,20.5,42.5,0,0,none,none
2026-02-04T02:11:11.604495,20.5,42.5,0,0,none,none
2026-02-04T02:11:13.858831,20.5,42.5,0,0,none,none
2026-02-04T02:11:16.113863,20.5,42.5,0,0,none,none
2026-02-04T02:11:18.368672,20.5,42.5,0,0,none,none
2026-02-04T02:11:20.623530,20.5,42.5,0,0,none,none
2026-02-04T02:11:22.878242,20.5,42.5,0,0,none,none
2026-02-04T02:11:25.133009,20.5,42.5,0,0,none,none
2026-02-04T02:11:27.387514,20.5,42.5,0,0,none,none
2026-02-04T02:11:29.642520,20.5,42.5,0,0,none,none
2026-02-04T02:11:31.897507,20.5,42.5,0,0,none,none
2026-02-04T02:11:34.152257,20.5,42.5,0,0,none,none
2026-02-04T02:11:36.406812,20.5,42.5,0,0,none,none
2026-02-04T02:11:38.661846,20.5,42.5,0,0,none,none
2026-02-04T02:11:40.916536,20.5,42.5,0,0,none,none
2026-02-04T02:11:43.171376,20.5,42.5,0,0,none,none
2026-02-04T02:11:45.427532,20.5,42.5,0,0,none,none
2026-02-04T02:11:47.682220,20.5,42.5,0,0,none,none
2026-02-04T02:11:49.937007,20.5,42.4,0,0,none,none
2026-02-04T02:11:52.191980,20.5,42.5,0,0,none,none
2026-02-04T02:11:54.446851,20.5,42.5,0,0,none,none
2026-02-04T02:11:56.701830,20.5,42.4,0,0,none,none
2026-02-04T02:11:58.956723,20.5,42.4,0,0,none,none
2026-02-04T02:12:01.211379,20.5,42.5,0,0,none,none
2026-02-04T02:12:03.466168,20.5,42.5,0,0,none,none
2026-02-04T02:12:05.802015,20.5,42.5,0,0,none,none
2026-02-04T02:12:08.137581,20.5,42.5,0,0,none,none
2026-02-04T02:12:10.473482,20.5,42.5,0,0,none,none
2026-02-04T02:12:12.809504,20.5,42.5,0,0,none,none
2026-02-04T02:12:15.145105,20.5,42.4,0,0,none,none
2026-02-04T02:12:17.481096,20.5,42.4,0,0,none,none
2026-02-04T02:12:19.735969,20.5,42.4,0,0,none,none
2026-02-04T02:12:21.990513,20.5,42.5,0,0,none,none
2026-02-04T02:12:24.245466,20.5,42.4,0,0,none,none
2026-02-04T02:12:26.500513,20.5,42.5,0,0,none,none
2026-02-04T02:12:28.755278,20.5,42.5,0,0,none,none
2026-02-04T02:12:31.010205,20.5,42.5,0,0,none,none
2026-02-04T02:12:33.265072,20.5,42.4,0,0,none,none
2026-02-04T02:12:35.519818,20.5,42.4,0,0,none,none
2026-02-04T02:12:37.774660,20.5,42.4,0,0,none,none
2026-02-04T02:12:40.029505,20.5,42.4,0,0,none,none
2026-02-04T02:12:42.284156,20.5,42.4,0,0,none,none
2026-02-04T02:12:44.539040,20.5,42.5,0,0,none,none
2026-02-04T02:12:46.793974,20.5,42.5,0,0,none,none
2026-02-04T02:12:49.048603,20.5,42.4,0,0,none,none
2026-02-04T02:12:51.303596,20.5,42.4,0,0,none,none
2026-02-04T02:12:53.558614,20.5,42.5,0,0,none,none
2026-02-04T02:12:55.813285,20.5,42.4,0,0,none,none
2026-02-04T02:12:58.068145,20.5,42.5,0,0,none,none
2026-02-04T02:13:00.322955,20.5,42.5,0,0,none,none
2026-02-04T02:13:02.577776,20.5,42.5,0,0,none,none
2026-02-04T02:13:04.832711,20.5,42.5,0,0,none,none
2026-02-04T02:13:07.087550,20.5,42.5,0,0,none,none
2026-02-04T02:13:09.342264,20.5,42.5,0,0,none,none
2026-02-04T02:13:11.597209,20.5,42.5,0,0,none,none
2026-02-04T02:13:13.851545,20.5,42.5,0,0,none,none
2026-02-04T02:13:16.105702,20.5,42.5,0,0,none,none
2026-02-04T02:13:18.360150,20.5,42.4,0,0,none,none
2026-02-04T02:13:20.615184,20.5,42.5,0,0,none,none
2026-02-04T02:13:22.869952,20.5,42.4,0,0,none,none
2026-02-04T02:13:25.124785,20.5,42.4,0,0,none,none
2026-02-04T02:13:27.379492,20.5,42.4,0,0,none,none
2026-02-04T02:13:29.634232,20.5,42.4,0,0,none,none
2026-02-04T02:13:31.889080,20.5,42.5,0,0,none,none
2026-02-04T02:13:34.143573,20.5,42.5,0,0,none,none
2026-02-04T02:13:36.397976,20.5,42.5,0,0,none,none
2026-02-04T02:13:38.652842,20.5,42.5,0,0,none,none
2026-02-04T02:13:40.907586,20.5,42.5,0,0,none,none
2026-02-04T02:13:43.162252,20.5,42.4,0,0,none,none
2026-02-04T02:13:45.416982,20.5,42.4,0,0,none,none
2026-02-04T02:13:47.671854,20.5,42.4,0,0,none,none
2026-02-04T02:13:49.926262,20.5,42.5,0,0,none,none
2026-02-04T02:13:52.181242,20.5,42.5,0,0,none,none
2026-02-04T02:13:54.436261,20.5,42.5,0,0,none,none
2026-02-04T02:13:56.690928,20.5,42.4,0,0,none,none
2026-02-04T02:13:58.945897,20.5,42.4,0,0,none,none
2026-02-04T02:14:01.200716,20.5,42.4,0,0,none,none
2026-02-04T02:14:03.455142,20.5,42.5,0,0,none,none
2026-02-04T02:14:05.710125,20.5,42.4,0,0,none,none
2026-02-04T02:14:07.964949,20.5,42.5,0,0,none,none
2026-02-04T02:14:10.219440,20.5,42.5,0,0,none,none
2026-02-04T02:14:12.474400,20.5,42.5,0,0,none,none
2026-02-04T02:14:14.729174,20.4,42.4,0,0,none,none
2026-02-04T02:14:16.983680,20.5,42.5,0,0,none,none
2026-02-04T02:14:19.238536,20.5,42.5,0,0,none,none
2026-02-04T02:14:21.492979,20.5,42.5,0,0,none,none
2026-02-04T02:14:23.747615,20.5,42.5,0,0,none,none
2026-02-04T02:14:26.002456,20.5,42.5,0,0,none,none
2026-02-04T02:14:28.257354,20.5,42.5,0,0,none,none
2026-02-04T02:14:30.512069,20.5,42.5,0,0,none,none
2026-02-04T02:14:32.766964,20.5,42.5,0,0,none,none
2026-02-04T02:14:35.021802,20.4,42.4,0,0,none,none
2026-02-04T02:14:37.276431,20.5,42.5,0,0,none,none
2026-02-04T02:14:39.531393,20.5,42.5,0,0,none,none
2026-02-04T02:14:41.786136,20.5,42.5,0,0,none,none
2026-02-04T02:14:44.040704,20.5,42.5,0,0,none,none
2026-02-04T02:14:46.295532,20.5,42.5,0,0,none,none
2026-02-04T02:14:48.550531,20.5,42.5,0,0,none,none
2026-02-04T02:14:50.805312,20.5,42.5,0,0,none,none
2026-02-04T02:14:53.060231,20.5,42.5,0,0,none,none
2026-02-04T02:14:55.315012,20.5,42.5,0,0,none,none
2026-02-04T02:14:57.569787,20.5,42.5,0,0,none,none
2026-02-04T02:14:59.824627,20.5,42.5,0,0,none,none
2026-02-04T02:15:02.079110,20.5,42.5,0,0,none,none
2026-02-04T02:15:04.333858,20.5,42.5,0,0,none,none
2026-02-04T02:15:06.588955,20.5,42.5,0,0,none,none
2026-02-04T02:15:08.843906,20.5,42.5,0,0,none,none
2026-02-04T02:15:11.098380,20.5,42.5,0,0,none,none
2026-02-04T02:15:13.353274,20.5,42.5,0,0,none,none
2026-02-04T02:15:15.608212,20.5,42.5,0,0,none,none
2026-02-04T02:15:17.862702,20.5,42.5,0,0,none,none
2026-02-04T02:15:20.117563,20.5,42.6,0,0,none,none
2026-02-04T02:15:22.372488,20.5,42.6,0,0,none,none
2026-02-04T02:15:24.627230,20.5,42.5,0,0,none,none
2026-02-04T02:15:26.882225,20.5,42.6,0,0,none,none
2026-02-04T02:15:29.136757,20.5,42.5,0,0,none,none
2026-02-04T02:15:31.391008,20.5,42.5,0,0,none,none
2026-02-04T02:15:33.646044,20.5,42.6,0,0,none,none
2026-02-04T02:15:35.900877,20.5,42.6,0,0,none,none
2026-02-04T02:15:38.155588,20.4,42.5,0,0,none,none
2026-02-04T02:15:40.410155,20.5,42.5,0,0,none,none
2026-02-04T02:15:42.664883,20.5,42.5,0,0,none,none
2026-02-04T02:15:44.919503,20.5,42.5,0,0,none,none
2026-02-04T02:15:47.174218,20.5,42.5,0,0,none,none
2026-02-04T02:15:49.491905,20.5,42.5,0,0,none,none
2026-02-04T02:15:51.746322,20.5,42.5,0,0,none,none
2026-02-04T02:15:54.001268,20.5,42.5,0,0,none,none
2026-02-04T02:15:56.255788,20.5,42.5,0,0,none,none
2026-02-04T02:15:58.510465,20.5,42.5,0,0,none,none
2026-02-04T02:16:00.765335,20.4,42.4,0,0,none,none
2026-02-04T02:16:03.020252,20.5,42.5,0,0,none,none
2026-02-04T02:16:05.274660,20.5,42.5,0,0,none,none
2026-02-04T02:16:07.529622,20.5,42.5,0,0,none,none
2026-02-04T02:16:09.784550,20.5,42.5,0,0,none,none
2026-02-04T02:16:12.039128,20.5,42.5,0,0,none,none
2026-02-04T02:16:14.294035,20.5,42.5,0,0,none,none
2026-02-04T02:16:16.548948,20.5,42.5,0,0,none,none
2026-02-04T02:16:18.803425,20.5,42.5,0,0,none,none
2026-02-04T02:16:21.058151,20.5,42.5,0,0,none,none
2026-02-04T02:16:23.312963,20.5,42.5,0,0,none,none
2026-02-04T02:16:25.567634,20.5,42.5,0,0,none,none
2026-02-04T02:16:27.822337,20.5,42.5,0,0,none,none
2026-02-04T02:16:30.077052,20.5,42.5,0,0,none,none
2026-02-04T02:16:32.331671,20.5,42.5,0,0,none,none
2026-02-04T02:16:34.586699,20.5,42.5,0,0,none,none
2026-02-04T02:16:36.841552,20.5,42.5,0,0,none,none
2026-02-04T02:16:39.096157,20.5,42.5,0,0,none,none
2026-02-04T02:16:41.350929,20.5,42.5,0,0,none,none
2026-02-04T02:16:43.605894,20.5,42.5,0,0,none,none
2026-02-04T02:16:45.860475,20.5,42.5,0,0,none,none
2026-02-04T02:16:48.115147,20.5,42.5,0,0,none,none
2026-02-04T02:16:50.370001,20.5,42.5,0,0,none,none
2026-02-04T02:16:52.624605,20.5,42.5,0,0,none,none
2026-02-04T02:16:54.879065,20.5,42.5,0,0,none,none
2026-02-04T02:16:57.133989,20.4,42.4,0,0,none,none
2026-02-04T02:16:59.388515,20.5,42.5,0,0,none,none
2026-02-04T02:17:01.643404,20.5,42.5,0,0,none,none
2026-02-04T02:17:03.898316,20.5,42.5,0,0,none,none
2026-02-04T02:17:06.153101,20.5,42.5,0,0,none,none
2026-02-04T02:17:08.407878,20.4,42.4,0,0,none,none
2026-02-04T02:17:10.662760,20.5,42.5,0,0,none,none
2026-02-04T02:17:12.917498,20.5,42.5,0,0,none,none
2026-02-04T02:17:15.172500,20.5,42.5,0,0,none,none
2026-02-04T02:17:17.427699,20.5,42.5,0,0,none,none
2026-02-04T02:17:19.682224,20.5,42.5,0,0,none,none
2026-02-04T02:17:21.937208,20.5,42.5,0,0,none,none
2026-02-04T02:17:24.191714,20.5,42.5,0,0,none,none
2026-02-04T02:17:26.446625,20.4,42.4,0,0,none,none
2026-02-04T02:17:28.701567,20.5,42.5,0,0,none,none
2026-02-04T02:17:30.955969,20.5,42.5,0,0,none,none
2026-02-04T02:17:33.210665,20.5,42.5,0,0,none,none
2026-02-04T02:17:35.465817,20.5,42.4,0,0,none,none
2026-02-04T02:17:37.720864,20.5,42.4,0,0,none,none
2026-02-04T02:17:39.975463,20.5,42.5,0,0,none,none
2026-02-04T02:17:42.230327,20.5,42.4,0,0,none,none
2026-02-04T02:17:44.485310,20.5,42.5,0,0,none,none
2026-02-04T02:17:46.739897,20.5,42.4,0,0,none,none
2026-02-04T02:17:48.994511,20.5,42.5,0,0,none,none
2026-02-04T02:17:51.249452,20.5,42.5,0,0,none,none
2026-02-04T02:17:53.503717,20.5,42.5,0,0,none,none
2026-02-04T02:17:55.758470,20.5,42.5,0,0,none,none
2026-02-04T02:17:58.013434,20.5,42.5,0,0,none,none
2026-02-04T02:18:00.268105,20.5,42.5,0,0,none,none
2026-02-04T02:18:02.522997,20.5,42.5,0,0,none,none
2026-02-04T02:18:04.777880,20.5,42.5,0,0,none,none
2026-02-04T02:18:07.032567,20.5,42.5,0,0,none,none
2026-02-04T02:18:09.287388,20.5,42.4,0,0,none,none
2026-02-04T02:18:11.542347,20.5,42.4,0,0,none,none
2026-02-04T02:18:13.796995,20.5,42.4,0,0,none,none
2026-02-04T02:18:16.051890,20.5,42.4,0,0,none,none
2026-02-04T02:18:18.306782,20.5,42.4,0,0,none,none
2026-02-04T02:18:20.561589,20.5,42.4,0,0,none,none
2026-02-04T02:18:22.816551,20.5,42.4,0,0,none,none
2026-02-04T02:18:25.071497,20.5,42.4,0,0,none,none
2026-02-04T02:18:27.326118,20.5,42.4,0,0,none,none
2026-02-04T02:18:29.581154,20.4,42.3,0,0,none,none
2026-02-04T02:18:31.836006,20.5,42.4,0,0,none,none
2026-02-04T02:18:34.090683,20.5,42.4,0,0,none,none
2026-02-04T02:18:36.345446,20.5,42.4,0,0,none,none
2026-02-04T02:18:38.600437,20.5,42.4,0,0,none,none
2026-02-04T02:18:40.855100,20.5,42.3,0,0,none,none
2026-02-04T02:18:43.109989,20.5,42.4,0,0,none,none
2026-02-04T02:18:45.364861,20.5,42.4,0,0,none,none
2026-02-04T02:18:47.619595,20.5,42.4,0,0,none,none
2026-02-04T02:18:49.874466,20.4,42.2,0,0,none,none
2026-02-04T02:18:52.129318,20.5,42.4,0,0,none,none
2026-02-04T02:18:54.383933,20.5,42.3,0,0,none,none
2026-02-04T02:18:56.638865,20.5,42.4,0,0,none,none
2026-02-04T02:18:58.893793,20.4,42.3,0,0,none,none
2026-02-04T02:19:01.148549,20.5,42.4,0,0,none,none
2026-02-04T02:19:03.403517,20.5,42.3,0,0,none,none
2026-02-04T02:19:05.658463,20.5,42.3,0,0,none,none
2026-02-04T02:19:07.913145,20.5,42.3,0,0,none,none
2026-02-04T02:19:10.167993,20.5,42.3,0,0,none,none
2026-02-04T02:19:12.424039,20.5,42.3,0,0,none,none
2026-02-04T02:19:14.678786,20.5,42.4,0,0,none,none
2026-02-04T02:19:16.933841,20.5,42.4,0,0,none,none
2026-02-04T02:19:19.188763,20.5,42.3,0,0,none,none
2026-02-04T02:19:21.443682,20.5,42.4,0,0,none,none
2026-02-04T02:19:23.698620,20.5,42.4,0,0,none,none
2026-02-04T02:19:25.953593,20.5,42.3,0,0,none,none
2026-02-04T02:19:28.208389,20.5,42.4,0,0,none,none
2026-02-04T02:19:30.463486,20.5,42.3,0,0,none,none
2026-02-04T02:19:32.718406,20.5,42.3,0,0,none,none
2026-02-04T02:19:34.973157,20.5,42.4,0,0,none,none
2026-02-04T02:19:37.227951,20.5,42.3,0,0,none,none
2026-02-04T02:19:39.482902,20.5,42.3,0,0,none,none
2026-02-04T02:19:41.737637,20.5,42.3,0,0,none,none
2026-02-04T02:19:43.992536,20.5,42.3,0,0,none,none
2026-02-04T02:19:46.247261,20.5,42.3,0,0,none,none
2026-02-04T02:19:48.501635,20.5,42.3,0,0,none,none
2026-02-04T02:19:50.756551,20.5,42.3,0,0,none,none
2026-02-04T02:19:53.011383,20.5,42.3,0,0,none,none
2026-02-04T02:19:55.266052,20.5,42.3,0,0,none,none
2026-02-04T02:19:57.521033,20.5,42.3,0,0,none,none
2026-02-04T02:19:59.777476,20.5,42.4,0,0,none,none
2026-02-04T02:20:02.032187,20.5,42.3,0,0,none,none
2026-02-04T02:20:04.286494,20.5,42.3,0,0,none,none
2026-02-04T02:20:06.541436,20.5,42.3,0,0,none,none
2026-02-04T02:20:08.796135,20.5,42.3,0,0,none,none
2026-02-04T02:20:11.051007,20.5,42.3,0,0,none,none
2026-02-04T02:20:13.307762,20.5,42.3,0,0,none,none
2026-02-04T02:20:15.562521,20.5,42.3,0,0,none,none
2026-02-04T02:20:17.817373,20.5,42.3,0,0,none,none
2026-02-04T02:20:20.072323,20.5,42.3,0,0,none,none
2026-02-04T02:20:22.326773,20.5,42.3,0,0,none,none
2026-02-04T02:20:24.581847,20.5,42.3,0,0,none,none
2026-02-04T02:20:26.836645,20.5,42.3,0,0,none,none
2026-02-04T02:20:29.091351,20.5,42.3,0,0,none,none
2026-02-04T02:20:31.346265,20.5,42.3,0,0,none,none
2026-02-04T02:20:33.601239,20.5,42.3,0,0,none,none
2026-02-04T02:20:35.855870,20.5,42.3,0,0,none,none
2026-02-04T02:20:38.110724,20.4,42.2,0,0,none,none
2026-02-04T02:20:40.365555,20.5,42.3,0,0,none,none
2026-02-04T02:20:42.620408,20.5,42.3,0,0,none,none
2026-02-04T02:20:44.875008,20.5,42.3,0,0,none,none
2026-02-04T02:20:47.129856,20.5,42.3,0,0,none,none
2026-02-04T02:20:49.384498,20.5,42.3,0,0,none,none
2026-02-04T02:20:51.639492,20.5,42.3,0,0,none,none
2026-02-04T02:20:53.894330,20.5,42.3,0,0,none,none
2026-02-04T02:20:56.149092,20.5,42.3,0,0,none,none
2026-02-04T02:20:58.403935,20.5,42.3,0,0,none,none
2026-02-04T02:21:00.658873,20.5,42.3,0,0,none,none
2026-02-04T02:21:02.913557,20.5,42.3,0,0,none,none
2026-02-04T02:21:05.168462,20.5,42.3,0,0,none,none
2026-02-04T02:21:07.422892,20.5,42.3,0,0,none,none
2026-02-04T02:21:09.677677,20.5,42.3,0,0,none,none
2026-02-04T02:21:11.932527,20.5,42.3,0,0,none,none
2026-02-04T02:21:14.187381,20.5,42.3,0,0,none,none
2026-02-04T02:21:16.441988,20.5,42.3,0,0,none,none
2026-02-04T02:21:18.696846,20.5,42.3,0,0,none,none
2026-02-04T02:21:20.951666,20.5,42.3,0,0,none,none
2026-02-04T02:21:23.206316,20.5,42.3,0,0,none,none
2026-02-04T02:21:25.461270,20.5,42.3,0,0,none,none
2026-02-04T02:21:27.716129,20.5,42.3,0,0,none,none
2026-02-04T02:21:29.970859,20.5,42.3,0,0,none,none
2026-02-04T02:21:32.225724,20.5,42.3,0,0,none,none
2026-02-04T02:21:34.480738,20.5,42.3,0,0,none,none
2026-02-04T02:21:36.735429,20.5,42.3,0,0,none,none
2026-02-04T02:21:38.990377,20.5,42.3,0,0,none,none
2026-02-04T02:21:41.245244,20.5,42.3,0,0,none,none
2026-02-04T02:21:43.500688,20.5,42.3,0,0,none,none
2026-02-04T02:21:45.755554,20.5,42.2,0,0,none,none
2026-02-04T02:21:48.010334,20.5,42.3,0,0,none,none
2026-02-04T02:21:50.265067,20.5,42.2,0,0,none,none
2026-02-04T02:21:52.520008,20.5,42.2,0,0,none,none
2026-02-04T02:21:54.774732,20.4,42.2,0,0,none,none
2026-02-04T02:21:57.029429,20.5,42.2,0,0,none,none
2026-02-04T02:21:59.284291,20.4,42.2,0,0,none,none
2026-02-04T02:22:01.539237,20.5,42.3,0,0,none,none
2026-02-04T02:22:03.793908,20.5,42.3,0,0,none,none
2026-02-04T02:22:06.048786,20.5,42.3,0,0,none,none
2026-02-04T02:22:08.303187,20.5,42.3,0,0,none,none
2026-02-04T02:22:10.557984,20.5,42.3,0,0,none,none
2026-02-04T02:22:12.812822,20.5,42.2,0,0,none,none
2026-02-04T02:22:15.067578,20.5,42.2,0,0,none,none
2026-02-04T02:22:17.322179,20.5,42.2,0,0,none,none
2026-02-04T02:22:19.577195,20.5,42.2,0,0,none,none
2026-02-04T02:22:21.832027,20.5,42.2,0,0,none,none
2026-02-04T02:22:24.086703,20.5,42.2,0,0,none,none
2026-02-04T02:22:26.341532,20.5,42.2,0,0,none,none
2026-02-04T02:22:28.596652,20.5,42.2,0,0,none,none
2026-02-04T02:22:30.850978,20.5,42.3,0,0,none,none
2026-02-04T02:22:33.105841,20.5,42.2,0,0,none,none
2026-02-04T02:22:35.360666,20.5,42.2,0,0,none,none
2026-02-04T02:22:37.615423,20.5,42.2,0,0,none,none
2026-02-04T02:22:39.870360,20.5,42.2,0,0,none,none
2026-02-04T02:22:42.125273,20.5,42.2,0,0,none,none
2026-02-04T02:22:44.379547,20.5,42.2,0,0,none,none
2026-02-04T02:22:46.634537,20.5,42.2,0,0,none,none
2026-02-04T02:22:48.889381,20.5,42.2,0,0,none,none
2026-02-04T02:22:51.144068,20.5,42.2,0,0,none,none
2026-02-04T02:22:53.398929,20.5,42.2,0,0,none,none
2026-02-04T02:22:55.653960,20.5,42.2,0,0,none,none
2026-02-04T02:22:57.908643,20.5,42.2,0,0,none,none
2026-02-04T02:23:00.163511,20.5,42.2,0,0,none,none
2026-02-04T02:23:02.418294,20.5,42.2,0,0,none,none
2026-02-04T02:23:04.672840,20.5,42.2,0,0,none,none
2026-02-04T02:23:06.927528,20.5,42.2,0,0,none,none
2026-02-04T02:23:09.182412,20.5,42.2,0,0,none,none
2026-02-04T02:23:11.437282,20.5,42.2,0,0,none,none
2026-02-04T02:23:13.692122,20.5,42.2,0,0,none,none
2026-02-04T02:23:15.946958,20.5,42.2,0,0,none,none
2026-02-04T02:23:18.201648,20.5,42.2,0,0,none,none
2026-02-04T02:23:20.456656,20.5,42.3,0,0,none,none
2026-02-04T02:23:22.711536,20.5,42.2,0,0,none,none
2026-02-04T02:23:24.966174,20.5,42.3,0,0,none,none
2026-02-04T02:23:27.221023,20.5,42.2,0,0,none,none
2026-02-04T02:23:29.475968,20.5,42.3,0,0,none,none
2026-02-04T02:23:31.730762,20.5,42.2,0,0,none,none
2026-02-04T02:23:33.985584,20.5,42.2,0,0,none,none
2026-02-04T02:23:36.240468,20.5,42.2,0,0,none,none
2026-02-04T02:23:38.495238,20.5,42.2,0,0,none,none
2026-02-04T02:23:40.750200,20.5,42.2,0,0,none,none
2026-02-04T02:23:43.005181,20.5,42.2,0,0,none,none
2026-02-04T02:23:45.259784,20.5,42.2,0,0,none,none
2026-02-04T02:23:47.514731,20.5,42.2,0,0,none,none
2026-02-04T02:23:49.769597,20.5,42.2,0,0,none,none
2026-02-04T02:23:52.024035,20.5,42.2,0,0,none,none
2026-02-04T02:23:54.278830,20.5,42.2,0,0,none,none
2026-02-04T02:23:56.533877,20.5,42.2,0,0,none,none
2026-02-04T02:23:58.788511,20.5,42.2,0,0,none,none
2026-02-04T02:24:01.043200,20.5,42.2,0,0,none,none
2026-02-04T02:24:03.298088,20.5,42.3,0,0,none,none
2026-02-04T02:24:05.552873,20.5,42.2,0,0,none,none
2026-02-04T02:24:07.807733,20.5,42.2,0,0,none,none
2026-02-04T02:24:10.062498,20.5,42.3,0,0,none,none
2026-02-04T02:24:12.317158,20.5,42.2,0,0,none,none
2026-02-04T02:24:14.572104,20.4,42.2,0,0,none,none
2026-02-04T02:24:16.827037,20.5,42.2,0,0,none,none
2026-02-04T02:24:19.081688,20.5,42.2,0,0,none,none
2026-02-04T02:24:21.336629,20.5,42.2,0,0,none,none
2026-02-04T02:24:23.591559,20.4,42.2,0,0,none,none
2026-02-04T02:24:25.846021,20.5,42.2,0,0,none,none
2026-02-04T02:24:28.100764,20.5,42.2,0,0,none,none
2026-02-04T02:24:30.355579,20.5,42.2,0,0,none,none
2026-02-04T02:24:32.610147,20.5,42.2,0,0,none,none
2026-02-04T02:24:34.864909,20.5,42.2,0,0,none,none
2026-02-04T02:24:37.119729,20.5,42.2,0,0,none,none
2026-02-04T02:24:39.374346,20.5,42.2,0,0,none,none
2026-02-04T02:24:41.629225,20.5,42.2,0,0,none,none
2026-02-04T02:24:43.883529,20.5,42.3,0,0,none,none
2026-02-04T02:24:46.137687,20.5,42.2,0,0,none,none
2026-02-04T02:24:48.392443,20.5,42.2,0,0,none,none
2026-02-04T02:24:50.647337,20.5,42.2,0,0,none,none
2026-02-04T02:24:52.902028,20.5,42.2,0,0,none,none
2026-02-04T02:24:55.156950,20.4,42.2,0,0,none,none
2026-02-04T02:24:57.411582,20.5,42.2,0,0,none,none
2026-02-04T02:24:59.666267,20.5,42.3,0,0,none,none
2026-02-04T02:25:01.920994,20.5,42.2,0,0,none,none
2026-02-04T02:25:04.175817,20.5,42.3,0,0,none,none
2026-02-04T02:25:06.430651,20.5,42.2,0,0,none,none
2026-02-04T02:25:08.685558,20.5,42.2,0,0,none,none
2026-02-04T02:25:10.940275,20.4,42.2,0,0,none,none
2026-02-04T02:25:13.194673,20.5,42.3,0,0,none,none
2026-02-04T02:25:15.449662,20.5,42.2,0,0,none,none
2026-02-04T02:25:17.704587,20.5,42.3,0,0,none,none
2026-02-04T02:25:19.958944,20.5,42.3,0,0,none,none
2026-02-04T02:25:22.213799,20.5,42.3,0,0,none,none
2026-02-04T02:25:24.468705,20.5,42.2,0,0,none,none
2026-02-04T02:25:26.723295,20.5,42.2,0,0,none,none
2026-02-04T02:25:28.978216,20.5,42.3,0,0,none,none
2026-02-04T02:25:31.233032,20.5,42.2,0,0,none,none
2026-02-04T02:25:33.487313,20.5,42.3,0,0,none,none
2026-02-04T02:25:35.742253,20.5,42.2,0,0,none,none
2026-02-04T02:25:37.997090,20.5,42.2,0,0,none,none
2026-02-04T02:25:40.251429,20.5,42.2,0,0,none,none
2026-02-04T02:25:42.506178,20.4,42.2,0,0,none,none
2026-02-04T02:25:44.760861,20.4,42.2,0,0,none,none
2026-02-04T02:25:47.015425,20.5,42.2,0,0,none,none
2026-02-04T02:25:49.269726,20.5,42.3,0,0,none,none
2026-02-04T02:25:51.526531,20.5,42.3,0,0,none,none
2026-02-04T02:25:53.781256,20.4,42.2,0,0,none,none
2026-02-04T02:25:56.036116,20.5,42.3,0,0,none,none
2026-02-04T02:25:58.290993,20.5,42.3,0,0,none,none
2026-02-04T02:26:00.545679,20.4,42.2,0,0,none,none
2026-02-04T02:26:02.800496,20.5,42.3,0,0,none,none
2026-02-04T02:26:05.055028,20.5,42.3,0,0,none,none
2026-02-04T02:26:07.309661,20.5,42.3,0,0,none,none
2026-02-04T02:26:09.564622,20.5,42.3,0,0,none,none
2026-02-04T02:26:11.819238,20.4,42.2,0,0,none,none
2026-02-04T02:26:14.073956,20.5,42.3,0,0,none,none
2026-02-04T02:26:16.328701,20.5,42.3,0,0,none,none
2026-02-04T02:26:18.583564,20.5,42.3,0,0,none,none
2026-02-04T02:26:20.838189,20.4,42.2,0,0,none,none
2026-02-04T02:26:23.093011,20.5,42.3,0,0,none,none
2026-02-04T02:26:25.347841,20.5,42.3,0,0,none,none
2026-02-04T02:26:27.602553,20.4,42.2,0,0,none,none
2026-02-04T02:26:29.857430,20.5,42.3,0,0,none,none
2026-02-04T02:26:32.112288,20.5,42.3,0,0,none,none
2026-02-04T02:26:34.366998,20.5,42.3,0,0,none,none
2026-02-04T02:26:36.622071,20.4,42.2,0,0,none,none
2026-02-04T02:26:38.876941,20.4,42.2,0,0,none,none
2026-02-04T02:26:41.131416,20.5,42.3,0,0,none,none
2026-02-04T02:26:43.386412,20.4,42.2,0,0,none,none
2026-02-04T02:26:45.641468,20.5,42.4,0,0,none,none
2026-02-04T02:26:47.896008,20.5,42.3,0,0,none,none
2026-02-04T02:26:50.150902,20.5,42.3,0,0,none,none
2026-02-04T02:26:52.407210,20.5,42.3,0,0,none,none
2026-02-04T02:26:54.662015,20.4,42.2,0,0,none,none
2026-02-04T02:26:56.916909,20.5,42.3,0,0,none,none
2026-02-04T02:26:59.171745,20.5,42.3,0,0,none,none
2026-02-04T02:27:01.426269,20.5,42.3,0,0,none,none
2026-02-04T02:27:03.680954,20.5,42.3,0,0,none,none
2026-02-04T02:27:05.935805,20.5,42.3,0,0,none,none
2026-02-04T02:27:08.190172,20.5,42.3,0,0,none,none
2026-02-04T02:27:10.445109,20.5,42.3,0,0,none,none
2026-02-04T02:27:12.699833,20.4,42.2,0,0,none,none
2026-02-04T02:27:14.954578,20.4,42.2,0,0,none,none
2026-02-04T02:27:17.209518,20.4,42.2,0,0,none,none
2026-02-04T02:27:19.464467,20.4,42.2,0,0,none,none
2026-02-04T02:27:21.719213,20.4,42.2,0,0,none,none
2026-02-04T02:27:23.974203,20.5,42.3,0,0,none,none
2026-02-04T02:27:26.228906,20.5,42.3,0,0,none,none
2026-02-04T02:27:28.483597,20.4,42.2,0,0,none,none
2026-02-04T02:27:30.738379,20.5,42.3,0,0,none,none
2026-02-04T02:27:32.993338,20.4,42.2,0,0,none,none
2026-02-04T02:27:35.247945,20.5,42.3,0,0,none,none
2026-02-04T02:27:37.502388,20.4,42.2,0,0,none,none
2026-02-04T02:27:39.757375,20.4,42.2,0,0,none,none
2026-02-04T02:27:42.012127,20.4,42.2,0,0,none,none
2026-02-04T02:27:44.266654,20.4,42.2,0,0,none,none
2026-02-04T02:27:46.521680,20.5,42.3,0,0,none,none
2026-02-04T02:27:48.776324,20.5,42.3,0,0,none,none
2026-02-04T02:27:51.031317,20.4,42.2,0,0,none,none
2026-02-04T02:27:53.285949,20.5,42.2,0,0,none,none
2026-02-04T02:27:55.540695,20.5,42.2,0,0,none,none
2026-02-04T02:27:57.795649,20.5,42.2,0,0,none,none
2026-02-04T02:28:00.050362,20.5,42.2,0,0,none,none
2026-02-04T02:28:02.305182,20.4,42.2,0,0,none,none
2026-02-04T02:28:04.560019,20.4,42.2,0,0,none,none
2026-02-04T02:28:06.814575,20.4,42.2,0,0,none,none
2026-02-04T02:28:09.069224,20.5,42.2,0,0,none,none
2026-02-04T02:28:11.324120,20.5,42.2,0,0,none,none
2026-02-04T02:28:13.579091,20.4,42.2,0,0,none,none
2026-02-04T02:28:15.833806,20.5,42.2,0,0,none,none
2026-02-04T02:28:18.088664,20.5,42.2,0,0,none,none
2026-02-04T02:28:20.343484,20.5,42.2,0,0,none,none
2026-02-04T02:28:22.598329,20.4,42.2,0,0,none,none
2026-02-04T02:28:24.853272,20.5,42.3,0,0,none,none
2026-02-04T02:28:27.107884,20.4,42.2,0,0,none,none
2026-02-04T02:28:29.362519,20.4,42.2,0,0,none,none
2026-02-04T02:28:31.617462,20.5,42.2,0,0,none,none
2026-02-04T02:28:33.872407,20.4,42.2,0,0,none,none
2026-02-04T02:28:36.126865,20.5,42.3,0,0,none,none
2026-02-04T02:28:38.381644,20.4,42.2,0,0,none,none
2026-02-04T02:28:40.636664,20.4,42.2,0,0,none,none
2026-02-04T02:28:42.891282,20.4,42.2,0,0,none,none
2026-02-04T02:28:45.146129,20.4,42.2,0,0,none,none
2026-02-04T02:28:47.400960,20.4,42.2,0,0,none,none
2026-02-04T02:28:49.655578,20.4,42.2,0,0,none,none
2026-02-04T02:28:51.910377,20.4,42.2,0,0,none,none
2026-02-04T02:28:54.165276,20.5,42.3,0,0,none,none
2026-02-04T02:28:56.419912,20.4,42.2,0,0,none,none
2026-02-04T02:28:58.674849,20.4,42.2,0,0,none,none
2026-02-04T02:29:00.929759,20.4,42.2,0,0,none,none
2026-02-04T02:29:03.184459,20.4,42.2,0,0,none,none
2026-02-04T02:29:05.439363,20.4,42.2,0,0,none,none
2026-02-04T02:29:07.694391,20.4,42.2,0,0,none,none
2026-02-04T02:29:09.949166,20.4,42.2,0,0,none,none
2026-02-04T02:29:12.203783,20.5,42.3,0,0,none,none
2026-02-04T02:29:14.458710,20.5,42.2,0,0,none,none
2026-02-04T02:29:16.713439,20.4,42.2,0,0,none,none
2026-02-04T02:29:18.968248,20.4,42.2,0,0,none,none
2026-02-04T02:29:21.225063,20.4,42.2,0,0,none,none
2026-02-04T02:29:23.479852,20.5,42.2,0,0,none,none
2026-02-04T02:29:25.734868,20.4,42.2,0,0,none,none
2026-02-04T02:29:27.989821,20.4,42.2,0,0,none,none
2026-02-04T02:29:30.244566,20.4,42.2,0,0,none,none
2026-02-04T02:29:32.499088,20.4,42.2,0,0,none,none
2026-02-04T02:29:34.753975,20.4,42.2,0,0,none,none
2026-02-04T02:29:37.008622,20.4,42.2,0,0,none,none
2026-02-04T02:29:39.263415,20.5,42.3,0,0,none,none
2026-02-04T02:29:41.518238,20.4,42.2,0,0,none,none
2026-02-04T02:29:43.772920,20.5,42.3,0,0,none,none
2026-02-04T02:29:46.027817,20.4,42.2,0,0,none,none
2026-02-04T02:29:48.282663,20.5,42.3,0,0,none,none
2026-02-04T02:29:50.537502,20.4,42.2,0,0,none,none
2026-02-04T02:29:52.792092,20.4,42.2,0,0,none,none
2026-02-04T02:29:55.046635,20.5,42.3,0,0,none,none
2026-02-04T02:29:57.301393,20.4,42.2,0,0,none,none
2026-02-04T02:29:59.556438,20.4,42.2,0,0,none,none
2026-02-04T02:30:01.810892,20.4,42.2,0,0,none,none
2026-02-04T02:30:04.065555,20.4,42.2,0,0,none,none
2026-02-04T02:30:06.320512,20.4,42.2,0,0,none,none
2026-02-04T02:30:08.575469,20.4,42.2,0,0,none,none
2026-02-04T02:30:10.830117,20.4,42.2,0,0,none,none
2026-02-04T02:30:13.085027,20.5,42.3,0,0,none,none
2026-02-04T02:30:15.339866,20.4,42.2,0,0,none,none
2026-02-04T02:30:17.594339,20.4,42.2,0,0,none,none
2026-02-04T02:30:19.849221,20.5,42.3,0,0,none,none
2026-02-04T02:30:22.103701,20.4,42.2,0,0,none,none
2026-02-04T02:30:24.358447,20.4,42.2,0,0,none,none
2026-02-04T02:30:26.613297,20.4,42.2,0,0,none,none
2026-02-04T02:30:28.868153,20.4,42.2,0,0,none,none
2026-02-04T02:30:31.122754,20.5,42.3,0,0,none,none
2026-02-04T02:30:33.377660,20.4,42.2,0,0,none,none
2026-02-04T02:30:35.632514,20.4,42.2,0,0,none,none
2026-02-04T02:30:37.887089,20.5,42.2,0,0,none,none
2026-02-04T02:30:40.142113,20.4,42.2,0,0,none,none
2026-02-04T02:30:42.396701,20.4,42.2,0,0,none,none
2026-02-04T02:30:44.651430,20.4,42.2,0,0,none,none
2026-02-04T02:30:46.906298,20.5,42.2,0,0,none,none
2026-02-04T02:30:49.161135,20.4,42.2,0,0,none,none
2026-02-04T02:30:51.415752,20.4,42.2,0,0,none,none
2026-02-04T02:30:53.670753,20.4,42.2,0,0,none,none
2026-02-04T02:30:55.925583,20.4,42.2,0,0,none,none
2026-02-04T02:30:58.180174,20.5,42.3,0,0,none,none
2026-02-04T02:31:00.435125,20.4,42.2,0,0,none,none
2026-02-04T02:31:02.690102,20.5,42.3,0,0,none,none
2026-02-04T02:31:04.944763,20.5,42.3,0,0,none,none
2026-02-04T02:31:07.199436,20.4,42.2,0,0,none,none
2026-02-04T02:31:09.454353,20.5,42.3,0,0,none,none
2026-02-04T02:31:11.709023,20.4,42.2,0,0,none,none
2026-02-04T02:31:13.964005,20.4,42.2,0,0,none,none
2026-02-04T02:31:16.218790,20.5,42.3,0,0,none,none
2026-02-04T02:31:18.473553,20.4,42.2,0,0,none,none
2026-02-04T02:31:20.728485,20.4,42.2,0,0,none,none
2026-02-04T02:31:22.983397,20.4,42.2,0,0,none,none
2026-02-04T02:31:25.237655,20.4,42.2,0,0,none,none
2026-02-04T02:31:27.492639,20.4,42.2,0,0,none,none
2026-02-04T02:31:29.747453,20.4,42.2,0,0,none,none
2026-02-04T02:31:32.002064,20.4,42.2,0,0,none,none
2026-02-04T02:31:34.256909,20.4,42.2,0,0,none,none
2026-02-04T02:31:36.513955,20.4,42.2,0,0,none,none
2026-02-04T02:31:38.768536,20.4,42.2,0,0,none,none
2026-02-04T02:31:41.023293,20.4,42.2,0,0,none,none
2026-02-04T02:31:43.277977,20.5,42.3,0,0,none,none
2026-02-04T02:31:45.532426,20.5,42.3,0,0,none,none
2026-02-04T02:31:47.787252,20.4,42.2,0,0,none,none
2026-02-04T02:31:50.042118,20.4,42.2,0,0,none,none
2026-02-04T02:31:52.296832,20.5,42.2,0,0,none,none
2026-02-04T02:31:54.551873,20.4,42.2,0,0,none,none
2026-02-04T02:31:56.806688,20.4,42.2,0,0,none,none
2026-02-04T02:31:59.061419,20.4,42.2,1,0,none,none
2026-02-04T02:32:01.316204,20.5,42.2,0,0,none,none
2026-02-04T02:32:03.571166,20.4,42.1,0,0,none,none
2026-02-04T02:32:05.825876,20.5,42.2,0,0,none,none
2026-02-04T02:32:08.080678,20.5,42.2,0,0,none,none
2026-02-04T02:32:10.335604,20.5,42.2,0,0,none,none
2026-02-04T02:32:12.590332,20.4,42.2,0,0,none,none
2026-02-04T02:32:14.845200,20.4,42.2,0,0,none,none
2026-02-04T02:32:17.100038,20.4,42.1,0,0,none,none
2026-02-04T02:32:19.354508,20.5,42.2,0,0,none,none
2026-02-04T02:32:21.609502,20.4,42.1,0,0,none,none
2026-02-04T02:32:23.864248,20.4,42.1,0,0,none,none
2026-02-04T02:32:26.118838,20.5,42.2,0,0,none,none
2026-02-04T02:32:28.373591,20.5,42.2,0,0,none,none
2026-02-04T02:32:30.709616,20.5,42.2,0,0,none,none
2026-02-04T02:32:32.988222,20.4,42.1,0,0,none,none
2026-02-04T02:32:35.243023,20.5,42.2,0,0,none,none
2026-02-04T02:32:37.497581,20.4,42.1,0,0,none,none
2026-02-04T02:32:39.752230,20.4,42.1,0,0,none,none
2026-02-04T02:32:42.006632,20.5,42.2,0,0,none,none
2026-02-04T02:32:44.261516,20.5,42.2,0,0,none,none
2026-02-04T02:32:46.516302,20.4,42.1,0,0,none,none
2026-02-04T02:32:48.771121,20.4,42.1,0,0,none,none
2026-02-04T02:32:51.026054,20.4,42.1,0,0,none,none
2026-02-04T02:32:53.280686,20.4,42.1,0,0,none,none
2026-02-04T02:32:55.535380,20.4,42.1,0,0,none,none
2026-02-04T02:32:57.790120,20.5,42.2,0,0,none,none
2026-02-04T02:33:00.044734,20.5,42.2,0,0,none,none
2026-02-04T02:33:02.299452,20.5,42.2,0,0,none,none
2026-02-04T02:33:04.554337,20.5,42.1,0,0,none,none
2026-02-04T02:33:06.808998,20.5,42.1,0,0,none,none
2026-02-04T02:33:09.063823,20.4,42.1,0,0,none,none
2026-02-04T02:33:11.318581,20.4,42.1,0,0,none,none
2026-02-04T02:33:13.573324,20.4,42.1,0,0,none,none
2026-02-04T02:33:15.828149,20.5,42.2,0,0,none,none
2026-02-04T02:33:18.082908,20.5,42.2,0,0,none,none
2026-02-04T02:33:20.337581,20.4,42.1,0,0,none,none
2026-02-04T02:33:22.592514,20.5,42.2,0,0,none,none
2026-02-04T02:33:24.847295,20.4,42.1,0,0,none,none
2026-02-04T02:33:27.101958,20.5,42.1,0,0,none,none
2026-02-04T02:33:29.356789,20.5,42.2,0,0,none,none
2026-02-04T02:33:31.611259,20.4,42.1,0,0,none,none
2026-02-04T02:33:33.865972,20.4,42.1,0,0,none,none
2026-02-04T02:33:36.120722,20.5,42.2,0,0,none,none
2026-02-04T02:33:38.375470,20.4,42.1,0,0,none,none
2026-02-04T02:33:40.630180,20.5,42.2,0,0,none,none
2026-02-04T02:33:42.885049,20.4,42.1,0,0,none,none
2026-02-04T02:33:45.139756,20.4,42.1,0,0,none,none
2026-02-04T02:33:47.394388,20.4,42.1,0,0,none,none
2026-02-04T02:33:49.649358,20.5,42.1,0,0,none,none
2026-02-04T02:33:51.904250,20.5,42.2,0,0,none,none
2026-02-04T02:33:54.158877,20.4,42.1,0,0,none,none
2026-02-04T02:33:56.413828,20.5,42.2,0,0,none,none
2026-02-04T02:33:58.668795,20.4,42.1,0,0,none,none
2026-02-04T02:34:00.923349,20.4,42.1,0,0,none,none
2026-02-04T02:34:03.178274,20.4,42.1,0,0,none,none
2026-02-04T02:34:05.433241,20.5,42.1,0,0,none,none
2026-02-04T02:34:07.688028,20.5,42.1,0,0,none,none
2026-02-04T02:34:09.942873,20.5,42.2,0,0,none,none
2026-02-04T02:34:12.197586,20.5,42.1,0,0,none,none
2026-02-04T02:34:14.452437,20.4,42.1,0,0,none,none
2026-02-04T02:34:16.706999,20.4,42.0,0,0,none,none
2026-02-04T02:34:18.961925,20.5,42.1,0,0,none,none
2026-02-04T02:34:21.216545,20.5,42.1,0,0,none,none
2026-02-04T02:34:23.471368,20.4,42.0,0,0,none,none
2026-02-04T02:34:25.726314,20.5,42.1,0,0,none,none
2026-02-04T02:34:27.980961,20.5,42.1,0,0,none,none
2026-02-04T02:34:30.235799,20.4,42.0,0,0,none,none
2026-02-04T02:34:32.490293,20.4,42.0,0,0,none,none
2026-02-04T02:34:34.744792,20.5,42.1,0,0,none,none
2026-02-04T02:34:36.999557,20.5,42.1,0,0,none,none
2026-02-04T02:34:39.254319,20.4,41.9,0,0,none,none
2026-02-04T02:34:41.509133,20.4,42.0,0,0,none,none
2026-02-04T02:34:43.763929,20.5,42.0,0,0,none,none
2026-02-04T02:34:46.018717,20.5,42.0,0,0,none,none
2026-02-04T02:34:48.273439,20.5,42.1,0,0,none,none
2026-02-04T02:34:50.528196,20.4,41.9,0,0,none,none
2026-02-04T02:34:52.782979,20.5,42.0,0,0,none,none
2026-02-04T02:34:55.037672,20.5,42.0,0,0,none,none
2026-02-04T02:34:57.292478,20.4,41.9,0,0,none,none
2026-02-04T02:34:59.547474,20.4,42.0,0,0,none,none
2026-02-04T02:35:01.802098,20.4,41.9,0,0,none,none
2026-02-04T02:35:04.056972,20.5,42.0,0,0,none,none
2026-02-04T02:35:06.311490,20.5,42.1,0,0,none,none
2026-02-04T02:35:08.566155,20.4,42.0,0,0,none,none
2026-02-04T02:35:10.820968,20.4,41.9,0,0,none,none
2026-02-04T02:35:13.075613,20.5,42.0,0,0,none,none
2026-02-04T02:35:15.329781,20.5,42.1,0,0,none,none
2026-02-04T02:35:17.584652,20.5,42.1,0,0,none,none
2026-02-04T02:35:19.839008,20.4,41.9,0,0,none,none
2026-02-04T02:35:22.093695,20.5,42.1,0,0,none,none
2026-02-04T02:35:24.348385,20.4,42.0,0,0,none,none
2026-02-04T02:35:26.603292,20.5,42.0,0,0,none,none
2026-02-04T02:35:28.857981,20.5,42.0,0,0,none,none
2026-02-04T02:35:31.112844,20.5,42.0,0,0,none,none
2026-02-04T02:35:33.367639,20.4,41.9,0,0,none,none
2026-02-04T02:35:35.622351,20.5,42.0,0,0,none,none
2026-02-04T02:35:37.877238,20.5,42.0,0,0,none,none
2026-02-04T02:35:40.132048,20.4,41.9,0,0,none,none
2026-02-04T02:35:42.386658,20.5,42.0,0,0,none,none
2026-02-04T02:35:44.641428,20.4,42.0,0,0,none,none
2026-02-04T02:35:46.896261,20.4,42.0,0,0,none,none
2026-02-04T02:35:49.150830,20.5,42.1,0,0,none,none
2026-02-04T02:35:51.405669,20.4,42.0,0,0,none,none
2026-02-04T02:35:53.660693,20.4,41.9,0,0,none,none
2026-02-04T02:35:55.915243,20.4,41.9,0,0,none,none
2026-02-04T02:35:58.170158,20.5,42.0,0,0,none,none
2026-02-04T02:36:00.424806,20.5,42.1,0,0,none,none
2026-02-04T02:36:02.679509,20.5,42.0,0,0,none,none
2026-02-04T02:36:04.934171,20.4,41.9,0,0,none,none
2026-02-04T02:36:07.189037,20.5,42.1,0,0,none,none
2026-02-04T02:36:09.443753,20.5,42.0,0,0,none,none
2026-02-04T02:36:11.698421,20.5,42.0,0,0,none,none
2026-02-04T02:36:13.953305,20.4,42.0,0,0,none,none
2026-02-04T02:36:16.207675,20.4,41.9,0,0,none,none
2026-02-04T02:36:18.462626,20.5,42.0,0,0,none,none
2026-02-04T02:36:20.717595,20.5,42.0,0,0,none,none
2026-02-04T02:36:22.972267,20.5,42.0,0,0,none,none
2026-02-04T02:36:25.226997,20.5,42.0,0,0,none,none
2026-02-04T02:36:27.482161,20.5,42.1,0,0,none,none
2026-02-04T02:36:29.736935,20.4,41.9,0,0,none,none
2026-02-04T02:36:31.991632,20.5,42.0,0,0,none,none
2026-02-04T02:36:34.246539,20.5,42.0,0,0,none,none
2026-02-04T02:36:36.500876,20.4,41.9,0,0,none,none
2026-02-04T02:36:38.755830,20.5,42.0,0,0,none,none
2026-02-04T02:36:41.010723,20.4,41.9,0,0,none,none
2026-02-04T02:36:43.265416,20.5,42.0,0,0,none,none
2026-02-04T02:36:45.520350,20.5,42.0,0,0,none,none
2026-02-04T02:36:47.775224,20.5,42.0,0,0,none,none
2026-02-04T02:36:50.029937,20.5,42.0,0,0,none,none
2026-02-04T02:36:52.284878,20.4,41.9,0,0,none,none
2026-02-04T02:36:54.539874,20.4,41.9,0,0,none,none
2026-02-04T02:36:56.794457,20.4,41.9,0,0,none,none
2026-02-04T02:36:59.049273,20.5,42.0,0,0,none,none
2026-02-04T02:37:01.304069,20.5,42.0,0,0,none,none
2026-02-04T02:37:03.558527,20.5,42.0,0,0,none,none
2026-02-04T02:37:05.813548,20.5,42.0,0,0,none,none
2026-02-04T02:37:08.068545,20.5,42.0,0,0,none,none
2026-02-04T02:37:10.323183,20.4,41.9,0,0,none,none
2026-02-04T02:37:12.578326,20.5,42.0,0,0,none,none
2026-02-04T02:37:14.833394,20.5,42.0,0,0,none,none
2026-02-04T02:37:17.088073,20.5,42.0,0,0,none,none
2026-02-04T02:37:19.343010,20.4,41.9,0,0,none,none
2026-02-04T02:37:21.597995,20.5,42.0,0,0,none,none
2026-02-04T02:37:23.852696,20.5,42.0,0,0,none,none
2026-02-04T02:37:26.107306,20.4,41.9,0,0,none,none
2026-02-04T02:37:28.362154,20.4,41.9,0,0,none,none
2026-02-04T02:37:30.616892,20.4,41.9,0,0,none,none
2026-02-04T02:37:32.871758,20.4,41.9,0,0,none,none
2026-02-04T02:37:35.126154,20.5,42.0,0,0,none,none
2026-02-04T02:37:37.380769,20.5,42.0,0,0,none,none
2026-02-04T02:37:39.635823,20.5,42.0,0,0,none,none
2026-02-04T02:37:41.890701,20.5,42.0,0,0,none,none
2026-02-04T02:37:44.145307,20.4,41.9,0,0,none,none
2026-02-04T02:37:46.400131,20.5,42.0,0,0,none,none
2026-02-04T02:37:48.655066,20.5,42.0,0,0,none,none
2026-02-04T02:37:50.909758,20.5,42.0,0,0,none,none
2026-02-04T02:37:53.164615,20.4,41.9,0,0,none,none
2026-02-04T02:37:55.419417,20.5,42.0,0,0,none,none
2026-02-04T02:37:57.674167,20.5,42.0,0,0,none,none
2026-02-04T02:37:59.929029,20.4,41.9,0,0,none,none
2026-02-04T02:38:02.183841,20.4,41.9,0,0,none,none
2026-02-04T02:38:04.438591,20.5,42.0,0,0,none,none
2026-02-04T02:38:06.693468,20.5,42.0,0,0,none,none
2026-02-04T02:38:08.948360,20.5,42.0,0,0,none,none
2026-02-04T02:38:11.202872,20.4,41.9,0,0,none,none
2026-02-04T02:38:13.457923,20.5,42.0,0,0,none,none
2026-02-04T02:38:15.712797,20.4,41.9,0,0,none,none
2026-02-04T02:38:17.967467,20.5,42.0,0,0,none,none
2026-02-04T02:38:20.222365,20.5,42.0,0,0,none,none
2026-02-04T02:38:22.477464,20.4,41.9,0,0,none,none
2026-02-04T02:38:24.731997,20.5,42.0,0,0,none,none
2026-02-04T02:38:26.986847,20.5,42.0,0,0,none,none
2026-02-04T02:38:29.241756,20.5,42.0,0,0,none,none
2026-02-04T02:38:31.496514,20.5,42.0,0,0,none,none
2026-02-04T02:38:33.832307,20.4,41.9,0,0,none,none
2026-02-04T02:38:36.168230,20.5,42.0,0,0,none,none
2026-02-04T02:38:38.503924,20.4,41.9,0,0,none,none
2026-02-04T02:38:40.839672,20.4,41.9,0,0,none,none
2026-02-04T02:38:43.136307,20.5,42.0,0,0,none,none
2026-02-04T02:38:45.390954,20.5,42.0,0,0,none,none
2026-02-04T02:38:47.645987,20.5,42.0,0,0,none,none
2026-02-04T02:38:49.900873,20.5,41.9,0,0,none,none
2026-02-04T02:38:52.155411,20.4,41.9,0,0,none,none
2026-02-04T02:38:54.410327,20.5,41.9,0,0,none,none
2026-02-04T02:38:56.665350,20.4,41.9,0,0,none,none
2026-02-04T02:38:58.920003,20.5,42.1,0,0,none,none
2026-02-04T02:39:01.174734,20.4,41.9,0,0,none,none
2026-02-04T02:39:03.429677,20.4,41.9,0,0,none,none
2026-02-04T02:39:05.684453,20.5,42.0,0,0,none,none
2026-02-04T02:39:07.939341,20.4,41.9,0,0,none,none
2026-02-04T02:39:10.194139,20.5,42.0,0,0,none,none
2026-02-04T02:39:12.448904,20.4,41.9,0,0,none,none
2026-02-04T02:39:14.703509,20.4,41.9,0,0,none,none
2026-02-04T02:39:16.958368,20.5,42.0,0,0,none,none
2026-02-04T02:39:19.213013,20.4,41.9,0,0,none,none
2026-02-04T02:39:21.467949,20.5,41.9,0,0,none,none
2026-02-04T02:39:23.722709,20.5,42.0,0,0,none,none
2026-02-04T02:39:25.977378,20.5,42.0,0,0,none,none
2026-02-04T02:39:28.232366,20.5,42.1,0,0,none,none
2026-02-04T02:39:30.487483,20.5,42.0,0,0,none,none
2026-02-04T02:39:32.741997,20.5,42.0,0,0,none,none
2026-02-04T02:39:34.996852,20.4,41.9,0,0,none,none
2026-02-04T02:39:37.251627,20.5,42.0,0,0,none,none
2026-02-04T02:39:39.506385,20.5,42.0,0,0,none,none
2026-02-04T02:39:41.761098,20.5,42.0,0,0,none,none
2026-02-04T02:39:44.015960,20.4,41.9,0,0,none,none
2026-02-04T02:39:46.270020,20.5,42.0,0,0,none,none
2026-02-04T02:39:48.525007,20.5,42.0,0,0,none,none
2026-02-04T02:39:50.779794,20.5,42.0,0,0,none,none
2026-02-04T02:39:53.034473,20.5,42.0,0,0,none,none
2026-02-04T02:39:55.289281,20.5,42.0,0,0,none,none
2026-02-04T02:39:57.544226,20.5,42.0,0,0,none,none
2026-02-04T02:39:59.798651,20.5,42.0,0,0,none,none
2026-02-04T02:40:02.053567,20.4,41.9,0,0,none,none
2026-02-04T02:40:04.308630,20.5,42.0,0,0,none,none
2026-02-04T02:40:06.563527,20.5,42.0,0,0,none,none
2026-02-04T02:40:08.818488,20.5,42.0,0,0,none,none
2026-02-04T02:40:11.073469,20.4,41.9,0,0,none,none
2026-02-04T02:40:13.328263,20.5,42.0,0,0,none,none
2026-02-04T02:40:15.583253,20.4,41.9,0,0,none,none
2026-02-04T02:40:17.839613,20.4,41.9,0,0,none,none
2026-02-04T02:40:20.094321,20.4,41.9,0,0,none,none
2026-02-04T02:40:22.349260,20.4,41.9,0,0,none,none
2026-02-04T02:40:24.604272,20.5,42.0,0,0,none,none
2026-02-04T02:40:26.858864,20.5,42.0,0,0,none,none
2026-02-04T02:40:29.113808,20.4,41.9,0,0,none,none
2026-02-04T02:40:31.368620,20.4,41.9,0,0,none,none
2026-02-04T02:40:33.623391,20.4,41.9,0,0,none,none
2026-02-04T02:40:35.878355,20.4,41.9,0,0,none,none
2026-02-04T02:40:38.132958,20.5,42.0,0,0,none,none
2026-02-04T02:40:40.387512,20.4,41.9,0,0,none,none
2026-02-04T02:40:42.642467,20.4,41.9,0,0,none,none
2026-02-04T02:40:44.899417,20.5,42.0,0,0,none,none
2026-02-04T02:40:47.154123,20.4,41.9,0,0,none,none
2026-02-04T02:40:49.408940,20.5,42.0,0,0,none,none
2026-02-04T02:40:51.664010,20.4,41.9,0,0,none,none
2026-02-04T02:40:53.918538,20.4,42.0,0,0,none,none
2026-02-04T02:40:56.173425,20.4,41.9,0,0,none,none
2026-02-04T02:40:58.428702,20.4,41.9,0,0,none,none
2026-02-04T02:41:00.683378,20.5,42.1,0,0,none,none
2026-02-04T02:41:02.938231,20.4,41.9,0,0,none,none
2026-02-04T02:41:05.193071,20.4,42.0,0,0,none,none
2026-02-04T02:41:07.447850,20.4,42.0,0,0,none,none
2026-02-04T02:41:09.702721,20.4,42.0,0,0,none,none
2026-02-04T02:41:11.957604,20.4,41.9,0,0,none,none
2026-02-04T02:41:14.212108,20.4,41.9,0,0,none,none
2026-02-04T02:41:16.467063,20.5,42.1,0,0,none,none
2026-02-04T02:41:18.721929,20.4,42.0,0,0,none,none
2026-02-04T02:41:20.976574,20.4,42.0,0,0,none,none
2026-02-04T02:41:23.231291,20.4,41.9,0,0,none,none
2026-02-04T02:41:25.486131,20.4,42.0,0,0,none,none
2026-02-04T02:41:27.740469,20.4,42.0,0,0,none,none
2026-02-04T02:41:29.995429,20.4,42.0,0,0,none,none
2026-02-04T02:41:32.250262,20.4,42.0,0,0,none,none
2026-02-04T02:41:34.505120,20.4,42.0,0,0,none,none
2026-02-04T02:41:36.759559,20.4,41.9,0,0,none,none
2026-02-04T02:41:39.014376,20.4,42.0,0,0,none,none
2026-02-04T02:41:41.269075,20.4,42.0,0,0,none,none
2026-02-04T02:41:43.524013,20.4,41.9,0,0,none,none
2026-02-04T02:41:45.778765,20.4,41.9,0,0,none,none
2026-02-04T02:41:48.033565,20.4,42.0,0,0,none,none
2026-02-04T02:41:50.288466,20.4,42.0,0,0,none,none
2026-02-04T02:41:52.543395,20.4,41.9,0,0,none,none
2026-02-04T02:41:54.798068,20.4,41.9,0,0,none,none
2026-02-04T02:41:57.052898,20.4,41.9,0,0,none,none
2026-02-04T02:41:59.307660,20.4,41.9,0,0,none,none
2026-02-04T02:42:01.562425,20.4,41.9,0,0,none,none
2026-02-04T02:42:03.817357,20.4,41.9,0,0,none,none
2026-02-04T02:42:06.072294,20.4,41.9,0,0,none,none
2026-02-04T02:42:08.326920,20.4,41.9,0,0,none,none
2026-02-04T02:42:10.582042,20.4,42.0,0,0,none,none
2026-02-04T02:42:12.836966,20.4,42.0,0,0,none,none
2026-02-04T02:42:15.091607,20.4,42.0,0,0,none,none
2026-02-04T02:42:17.346466,20.4,42.0,0,0,none,none
2026-02-04T02:42:19.601451,20.4,42.0,0,0,none,none
2026-02-04T02:42:21.856035,20.4,42.0,0,0,none,none
2026-02-04T02:42:24.110976,20.4,42.0,0,0,none,none
2026-02-04T02:42:26.365340,20.4,42.0,0,0,none,none
2026-02-04T02:42:28.620086,20.4,42.0,0,0,none,none
2026-02-04T02:42:30.874935,20.4,42.0,0,0,none,none
2026-02-04T02:42:33.129959,20.4,42.0,0,0,none,none
2026-02-04T02:42:35.384463,20.4,42.0,0,0,none,none
2026-02-04T02:42:37.639379,20.4,42.0,0,0,none,none
2026-02-04T02:42:39.894212,20.4,41.9,0,0,none,none
2026-02-04T02:42:42.148894,20.4,41.9,0,0,none,none
2026-02-04T02:42:44.403703,20.4,42.0,0,0,none,none
2026-02-04T02:42:46.658662,20.4,42.0,0,0,none,none
2026-02-04T02:42:48.913225,20.4,41.9,0,0,none,none
2026-02-04T02:42:51.168150,20.4,42.0,0,0,none,none
2026-02-04T02:42:53.423886,20.4,41.9,0,0,none,none
2026-02-04T02:42:55.678641,20.5,42.0,0,0,none,none
2026-02-04T02:42:57.933535,20.4,41.9,0,0,none,none
2026-02-04T02:43:00.188450,20.4,42.0,0,0,none,none
2026-02-04T02:43:02.443322,20.4,42.0,0,0,none,none
2026-02-04T02:43:04.698233,20.4,42.0,0,0,none,none
2026-02-04T02:43:06.953179,20.4,42.0,0,0,none,none
2026-02-04T02:43:09.207851,20.4,42.0,0,0,none,none
2026-02-04T02:43:11.462797,20.4,42.0,0,0,none,none
2026-02-04T02:43:13.717921,20.4,42.0,0,0,none,none
2026-02-04T02:43:15.972543,20.4,42.0,0,0,none,none
2026-02-04T02:43:18.227408,20.4,42.0,0,0,none,none
2026-02-04T02:43:20.482378,20.4,42.0,0,0,none,none
2026-02-04T02:43:22.737038,20.4,42.0,0,0,none,none
2026-02-04T02:43:24.991549,20.4,42.0,0,0,none,none
2026-02-04T02:43:27.248505,20.4,42.0,0,0,none,none
2026-02-04T02:43:29.502834,20.4,42.0,0,0,none,none
2026-02-04T02:43:31.757718,20.4,42.0,0,0,none,none
2026-02-04T02:43:34.012540,20.4,42.0,0,0,none,none
2026-02-04T02:43:36.267216,20.4,42.0,0,0,none,none
2026-02-04T02:43:38.522187,20.4,42.0,0,0,none,none
2026-02-04T02:43:40.777082,20.4,42.0,0,0,none,none
2026-02-04T02:43:43.031700,20.4,42.0,0,0,none,none
2026-02-04T02:43:45.286640,20.4,42.0,0,0,none,none
2026-02-04T02:43:47.541641,20.4,42.0,0,0,none,none
2026-02-04T02:43:49.796332,20.4,42.0,0,0,none,none
2026-02-04T02:43:52.051293,20.4,42.0,0,0,none,none
2026-02-04T02:43:54.306126,20.4,42.0,0,0,none,none
2026-02-04T02:43:56.560973,20.4,42.0,0,0,none,none
2026-02-04T02:43:58.815851,20.4,42.0,0,0,none,none
2026-02-04T02:44:01.070616,20.4,42.0,0,0,none,none
2026-02-04T02:44:03.324850,20.4,42.0,0,0,none,none
2026-02-04T02:44:05.579820,20.4,42.0,0,0,none,none
2026-02-04T02:44:07.834587,20.4,42.0,0,0,none,none
2026-02-04T02:44:10.089322,20.4,42.0,0,0,none,none
2026-02-04T02:44:12.344241,20.4,42.0,0,0,none,none
2026-02-04T02:44:14.599266,20.4,42.0,0,0,none,none
2026-02-04T02:44:16.853997,20.4,42.0,0,0,none,none
2026-02-04T02:44:19.108918,20.4,42.0,0,0,none,none
2026-02-04T02:44:21.363893,20.4,42.0,0,0,none,none
2026-02-04T02:44:23.618712,20.4,42.0,0,0,none,none
2026-02-04T02:44:25.873643,20.4,42.0,0,0,none,none
2026-02-04T02:44:28.128661,20.4,42.0,0,0,none,none
2026-02-04T02:44:30.383266,20.4,42.0,0,0,none,none
2026-02-04T02:44:32.638317,20.4,42.0,0,0,none,none
2026-02-04T02:44:34.893264,20.4,42.0,0,0,none,none
2026-02-04T02:44:37.148031,20.4,42.1,0,0,none,none
2026-02-04T02:44:39.402953,20.4,42.1,0,0,none,none
2026-02-04T02:44:41.658023,20.4,42.1,0,0,none,none
2026-02-04T02:44:43.912783,20.4,42.1,0,0,none,none
2026-02-04T02:44:46.167734,20.4,42.1,0,0,none,none
2026-02-04T02:44:48.425891,20.4,42.1,0,0,none,none
2026-02-04T02:44:50.761506,20.4,42.1,0,0,none,none
2026-02-04T02:44:53.097318,20.4,42.1,0,0,none,none
2026-02-04T02:44:55.396375,20.4,42.1,0,0,none,none
2026-02-04T02:44:57.651185,20.4,42.0,0,0,none,none
2026-02-04T02:44:59.906183,20.4,42.0,0,0,none,none
2026-02-04T02:45:02.161119,20.4,42.0,0,0,none,none
2026-02-04T02:45:04.415714,20.4,42.1,0,0,none,none
2026-02-04T02:45:06.670656,20.4,42.0,0,0,none,none
2026-02-04T02:45:08.925603,20.4,42.1,0,0,none,none
2026-02-04T02:45:11.180351,20.4,42.0,0,0,none,none
2026-02-04T02:45:13.435431,20.4,42.0,0,0,none,none
2026-02-04T02:45:15.690357,20.4,42.0,0,0,none,none
2026-02-04T02:45:17.945096,20.4,42.0,0,0,none,none
2026-02-04T02:45:20.200068,20.4,42.0,0,0,none,none
2026-02-04T02:45:22.455096,20.4,42.1,0,0,none,none
2026-02-04T02:45:24.709889,20.4,42.0,0,0,none,none
2026-02-04T02:45:26.964602,20.4,42.0,0,0,none,none
2026-02-04T02:45:29.219443,20.4,42.1,0,0,none,none
2026-02-04T02:45:31.474007,20.4,42.0,0,0,none,none
2026-02-04T02:45:33.809842,20.4,42.0,0,0,none,none
2026-02-04T02:45:36.145760,20.4,42.0,0,0,none,none
2026-02-04T02:45:38.481429,20.4,42.0,0,0,none,none
2026-02-04T02:45:40.817230,20.4,42.0,0,0,none,none
2026-02-04T02:45:43.153154,20.4,42.0,0,0,none,none
2026-02-04T02:45:45.488849,20.4,42.0,0,0,none,none
2026-02-04T02:45:47.776247,20.4,42.0,0,0,none,none
2026-02-04T02:45:50.031096,20.4,42.0,0,0,none,none
2026-02-04T02:45:52.285888,20.4,41.9,1,0,none,none
2026-02-04T02:45:54.540981,20.4,42.0,0,0,none,none
2026-02-04T02:45:56.795942,20.4,42.0,0,0,none,none
2026-02-04T02:45:59.050585,20.4,42.0,0,0,none,none
2026-02-04T02:46:01.305496,20.4,41.9,0,0,none,none
2026-02-04T02:46:03.560527,20.4,42.0,0,0,none,none
2026-02-04T02:46:05.815228,20.4,42.0,0,0,none,none
2026-02-04T02:46:08.070204,20.4,42.0,0,0,none,none
2026-02-04T02:46:10.325025,20.4,41.9,0,0,none,none
2026-02-04T02:46:12.579896,20.4,41.9,0,0,none,none
2026-02-04T02:46:14.834747,20.4,41.9,0,0,none,none
2026-02-04T02:46:17.089682,20.4,41.9,0,0,none,none
2026-02-04T02:46:19.344473,20.4,41.9,0,0,none,none
2026-02-04T02:46:21.599531,20.4,41.9,0,0,none,none
2026-02-04T02:46:23.854480,20.4,41.9,0,0,none,none
2026-02-04T02:46:26.109186,20.4,41.9,0,0,none,none
2026-02-04T02:46:28.364168,20.4,41.9,0,0,none,none
2026-02-04T02:46:30.619196,20.4,41.9,0,0,none,none
2026-02-04T02:46:32.873984,20.4,41.9,0,0,none,none
2026-02-04T02:46:35.128900,20.4,41.9,0,0,none,none
2026-02-04T02:46:37.383877,20.4,41.9,0,0,none,none
2026-02-04T02:46:39.638718,20.4,41.9,0,0,none,none
2026-02-04T02:46:41.893716,20.4,41.9,0,0,none,none
2026-02-04T02:46:44.148495,20.4,41.9,0,0,none,none
2026-02-04T02:46:46.403289,20.4,41.9,0,0,none,none
2026-02-04T02:46:48.658315,20.4,41.9,0,0,none,none
2026-02-04T02:46:50.915290,20.4,41.9,0,0,none,none
2026-02-04T02:46:53.169992,20.4,41.9,0,0,none,none
2026-02-04T02:46:55.424910,20.4,41.9,0,0,none,none
2026-02-04T02:46:57.760327,20.4,41.9,0,0,none,none
2026-02-04T02:47:00.015104,20.4,41.9,0,0,none,none
2026-02-04T02:47:02.270120,20.4,41.9,0,0,none,none
2026-02-04T02:47:04.525170,20.4,41.9,0,0,none,none
2026-02-04T02:47:06.779894,20.4,41.8,0,0,none,none
2026-02-04T02:47:09.034717,20.4,41.9,0,0,none,none
2026-02-04T02:47:11.289648,20.4,41.9,0,0,none,none
2026-02-04T02:47:13.544572,20.4,41.8,0,0,none,none
2026-02-04T02:47:15.799443,20.4,41.8,0,0,none,none
2026-02-04T02:47:18.054368,20.4,41.8,0,0,none,none
2026-02-04T02:47:20.309161,20.4,41.8,0,0,none,none
2026-02-04T02:47:22.564047,20.4,41.8,0,0,none,none
2026-02-04T02:47:24.818953,20.4,41.8,0,0,none,none
2026-02-04T02:47:27.073700,20.4,41.8,0,0,none,none
2026-02-04T02:47:29.328626,20.4,41.9,0,0,none,none
2026-02-04T02:47:31.583709,20.4,41.9,0,0,none,none
2026-02-04T02:47:33.838436,20.4,41.8,0,0,none,none
2026-02-04T02:47:36.093430,20.4,41.8,0,0,none,none
2026-02-04T02:47:38.348354,20.4,41.8,0,0,none,none
2026-02-04T02:47:40.603093,20.4,41.8,0,0,none,none
2026-02-04T02:47:42.858145,20.4,41.8,0,0,none,none
2026-02-04T02:47:45.113096,20.4,41.8,0,0,none,none
2026-02-04T02:47:47.367731,20.4,41.9,0,0,none,none
2026-02-04T02:47:49.622559,20.4,41.8,0,0,none,none
2026-02-04T02:47:51.877251,20.4,41.8,0,0,none,none
2026-02-04T02:47:54.131947,20.4,41.8,0,0,none,none
2026-02-04T02:47:56.386732,20.4,41.8,0,0,none,none
2026-02-04T02:47:58.641816,20.4,41.8,0,0,none,none
2026-02-04T02:48:00.896276,20.4,41.8,0,0,none,none
2026-02-04T02:48:03.151209,20.4,41.8,0,0,none,none
2026-02-04T02:48:05.406148,20.4,41.8,0,0,none,none
2026-02-04T02:48:07.660973,20.4,41.8,0,0,none,none
2026-02-04T02:48:09.915828,20.4,41.8,0,0,none,none
2026-02-04T02:48:12.170514,20.4,41.8,0,0,none,none
2026-02-04T02:48:14.425182,20.5,41.9,0,0,none,none
2026-02-04T02:48:16.680040,20.4,41.8,0,0,none,none
2026-02-04T02:48:18.934889,20.4,41.8,0,0,none,none
2026-02-04T02:48:21.189572,20.4,41.8,0,0,none,none
2026-02-04T02:48:23.444526,20.4,41.8,0,0,none,none
2026-02-04T02:48:25.699425,20.4,41.8,0,0,none,none
2026-02-04T02:48:27.954015,20.4,41.8,0,0,none,none
2026-02-04T02:48:30.208758,20.4,41.8,0,0,none,none
2026-02-04T02:48:32.463783,20.4,41.8,0,0,none,none
2026-02-04T02:48:34.718384,20.4,41.8,0,0,none,none
2026-02-04T02:48:36.973212,20.4,41.8,0,0,none,none
2026-02-04T02:48:39.228189,20.4,41.8,0,0,none,none
2026-02-04T02:48:41.482991,20.4,41.9,0,0,none,none
2026-02-04T02:48:43.738133,20.4,41.8,0,0,none,none
2026-02-04T02:48:45.993190,20.4,41.8,0,0,none,none
2026-02-04T02:48:48.247433,20.4,41.8,0,0,none,none
2026-02-04T02:48:50.502346,20.4,41.8,0,0,none,none
2026-02-04T02:48:52.759159,20.4,41.9,0,0,none,none
2026-02-04T02:48:55.013856,20.4,41.8,0,0,none,none
2026-02-04T02:48:57.268715,20.4,41.8,0,0,none,none
2026-02-04T02:48:59.523615,20.5,41.9,0,0,none,none
2026-02-04T02:49:01.778354,20.4,41.8,0,0,none,none
2026-02-04T02:49:04.033316,20.4,41.8,0,0,none,none
2026-02-04T02:49:06.288130,20.4,41.8,0,0,none,none
2026-02-04T02:49:08.542884,20.5,41.9,0,0,none,none
2026-02-04T02:49:10.797820,20.4,41.8,0,0,none,none
2026-02-04T02:49:13.054794,20.4,41.8,0,0,none,none
2026-02-04T02:49:15.309500,20.4,41.8,0,0,none,none
2026-02-04T02:49:17.564595,20.4,41.9,0,0,none,none
2026-02-04T02:49:19.819362,20.4,41.9,0,0,none,none
2026-02-04T02:49:22.074071,20.4,41.9,0,0,none,none
2026-02-04T02:49:24.328853,20.4,41.9,0,0,none,none
2026-02-04T02:49:26.583849,20.4,41.8,0,0,none,none
2026-02-04T02:49:28.838278,20.4,41.8,0,0,none,none
2026-02-04T02:49:31.093078,20.4,41.8,0,0,none,none
2026-02-04T02:49:33.347782,20.4,41.8,0,0,none,none
2026-02-04T02:49:35.602586,20.4,41.8,0,0,none,none
2026-02-04T02:49:37.857433,20.4,41.8,0,0,none,none
2026-02-04T02:49:40.112233,20.4,41.8,0,0,none,none
2026-02-04T02:49:42.366875,20.5,41.9,0,0,none,none
2026-02-04T02:49:44.621812,20.4,41.8,0,0,none,none
2026-02-04T02:49:46.876650,20.4,41.8,0,0,none,none
2026-02-04T02:49:49.131221,20.4,41.9,0,0,none,none
2026-02-04T02:49:51.386157,20.4,41.9,0,0,none,none
2026-02-04T02:49:53.641114,20.5,41.9,0,0,none,none
2026-02-04T02:49:55.895700,20.4,41.8,0,0,none,none
2026-02-04T02:49:58.150553,20.4,41.8,0,0,none,none
2026-02-04T02:50:00.405406,20.4,41.8,0,0,none,none
2026-02-04T02:50:02.659956,20.4,41.8,0,0,none,none
2026-02-04T02:50:04.914659,20.4,41.8,0,0,none,none
2026-02-04T02:50:07.169484,20.4,41.8,0,0,none,none
2026-02-04T02:50:09.424124,20.4,41.8,0,0,none,none
2026-02-04T02:50:11.678908,20.5,41.9,0,0,none,none
2026-02-04T02:50:13.933825,20.4,41.8,0,0,none,none
2026-02-04T02:50:16.188167,20.4,41.8,0,0,none,none
2026-02-04T02:50:18.442995,20.4,41.8,0,0,none,none
2026-02-04T02:50:20.697997,20.4,41.8,0,0,none,none
2026-02-04T02:50:22.952622,20.4,41.8,0,0,none,none
2026-02-04T02:50:25.207419,20.4,41.8,0,0,none,none
2026-02-04T02:50:27.462408,20.4,41.8,0,0,none,none
2026-02-04T02:50:29.717113,20.4,41.8,0,0,none,none
2026-02-04T02:50:31.971587,20.4,41.8,0,0,none,none
2026-02-04T02:50:34.226188,20.4,41.8,0,0,none,none
2026-02-04T02:50:36.480853,20.4,41.8,0,0,none,none
2026-02-04T02:50:38.735727,20.4,41.8,0,0,none,none
2026-02-04T02:50:40.990416,20.4,41.8,0,0,none,none
2026-02-04T02:50:43.245090,20.4,41.8,0,0,none,none
2026-02-04T02:50:45.499525,20.4,41.8,0,0,none,none
2026-02-04T02:50:47.754364,20.4,41.8,0,0,none,none
2026-02-04T02:50:50.009005,20.4,41.8,0,0,none,none
2026-02-04T02:50:52.263851,20.4,41.8,0,0,none,none
2026-02-04T02:50:54.518673,20.4,41.8,0,0,none,none
2026-02-04T02:50:56.773345,20.4,41.8,0,0,none,none
2026-02-04T02:50:59.028053,20.4,41.8,0,0,none,none
2026-02-04T02:51:01.284911,20.4,41.8,0,0,none,none
2026-02-04T02:51:03.539706,20.4,41.8,0,0,none,none
2026-02-04T02:51:05.794550,20.4,41.8,0,0,none,none
2026-02-04T02:51:08.049405,20.4,41.8,0,0,none,none
2026-02-04T02:51:10.304030,20.5,41.9,0,0,none,none
2026-02-04T02:51:12.559048,20.4,41.9,0,0,none,none
2026-02-04T02:51:14.814012,20.4,41.9,0,0,none,none
2026-02-04T02:51:17.068716,20.4,41.9,0,0,none,none
2026-02-04T02:51:19.323553,20.4,41.9,0,0,none,none
2026-02-04T02:51:21.578507,20.4,41.8,0,0,none,none
2026-02-04T02:51:23.833166,20.4,41.8,0,0,none,none
2026-02-04T02:51:26.087953,20.4,41.8,0,0,none,none
2026-02-04T02:51:28.342771,20.4,41.8,0,0,none,none
2026-02-04T02:51:30.597567,20.4,41.8,0,0,none,none
2026-02-04T02:51:32.852425,20.4,41.8,0,0,none,none
2026-02-04T02:51:35.107255,20.4,41.8,0,0,none,none
2026-02-04T02:51:37.361894,20.4,41.9,0,0,none,none
2026-02-04T02:51:39.616783,20.4,41.9,0,0,none,none
2026-02-04T02:51:41.871588,20.4,41.8,0,0,none,none
2026-02-04T02:51:44.125685,20.4,41.8,0,0,none,none
2026-02-04T02:51:46.380536,20.4,41.8,0,0,none,none
2026-02-04T02:51:48.635208,20.4,41.9,0,0,none,none
2026-02-04T02:51:50.889944,20.4,41.8,0,0,none,none
2026-02-04T02:51:53.144719,20.4,41.8,0,0,none,none
2026-02-04T02:51:55.399519,20.4,41.8,0,0,none,none
2026-02-04T02:51:57.654298,20.4,41.8,0,0,none,none
2026-02-04T02:51:59.909218,20.4,41.8,0,0,none,none
2026-02-04T02:52:02.164103,20.4,41.8,0,0,none,none
2026-02-04T02:52:04.418499,20.4,41.8,0,0,none,none
2026-02-04T02:52:06.673425,20.4,41.8,0,0,none,none
2026-02-04T02:52:08.928400,20.4,41.8,0,0,none,none
2026-02-04T02:52:11.182956,20.4,41.8,0,0,none,none
2026-02-04T02:52:13.438100,20.5,41.9,0,0,none,none
2026-02-04T02:52:15.694806,20.4,41.8,0,0,none,none
2026-02-04T02:52:17.949482,20.4,41.8,0,0,none,none
2026-02-04T02:52:20.204287,20.4,41.8,0,0,none,none
2026-02-04T02:52:22.459145,20.4,41.8,0,0,none,none
2026-02-04T02:52:24.713868,20.4,41.8,0,0,none,none
2026-02-04T02:52:26.968691,20.4,41.8,0,0,none,none
2026-02-04T02:52:29.225661,20.4,41.8,0,0,none,none
2026-02-04T02:52:31.480557,20.4,41.8,0,0,none,none
2026-02-04T02:52:33.735463,20.4,41.8,0,0,none,none
2026-02-04T02:52:35.990289,20.4,41.8,0,0,none,none
2026-02-04T02:52:38.244957,20.4,41.8,0,0,none,none
2026-02-04T02:52:40.499409,20.4,41.8,0,0,none,none
2026-02-04T02:52:42.756436,20.4,41.8,0,0,none,none
2026-02-04T02:52:45.011053,20.4,41.8,0,0,none,none
2026-02-04T02:52:47.265990,20.4,41.8,0,0,none,none
2026-02-04T02:52:49.520986,20.4,41.8,0,0,none,none
2026-02-04T02:52:51.775736,20.4,41.8,0,0,none,none
2026-02-04T02:52:54.030651,20.4,41.8,0,0,none,none
2026-02-04T02:52:56.285547,20.4,41.8,0,0,none,none
2026-02-04T02:52:58.540342,20.4,41.9,0,0,none,none
2026-02-04T02:53:00.795181,20.4,41.9,0,0,none,none
2026-02-04T02:53:03.050143,20.4,41.9,0,0,none,none
2026-02-04T02:53:05.304854,20.4,41.9,0,0,none,none
2026-02-04T02:53:07.559929,20.4,41.8,0,0,none,none
2026-02-04T02:53:09.814805,20.4,41.8,0,0,none,none
2026-02-04T02:53:12.069463,20.4,41.8,0,0,none,none
2026-02-04T02:53:14.324408,20.4,41.8,0,0,none,none
2026-02-04T02:53:16.579226,20.4,41.8,0,0,none,none
2026-02-04T02:53:18.833954,20.4,41.8,0,0,none,none
2026-02-04T02:53:21.088893,20.4,41.8,0,0,none,none
2026-02-04T02:53:23.343817,20.4,41.8,0,0,none,none
2026-02-04T02:53:25.598594,20.4,41.8,0,0,none,none
2026-02-04T02:53:27.853518,20.4,41.8,0,0,none,none
2026-02-04T02:53:30.108398,20.4,41.8,0,0,none,none
2026-02-04T02:53:32.362952,20.4,41.8,0,0,none,none
2026-02-04T02:53:34.618106,20.4,41.9,0,0,none,none
2026-02-04T02:53:36.872862,20.4,41.9,0,0,none,none
2026-02-04T02:53:39.127535,20.4,41.8,0,0,none,none
2026-02-04T02:53:41.382409,20.4,41.8,0,0,none,none
2026-02-04T02:53:43.637409,20.4,41.9,0,0,none,none
2026-02-04T02:53:45.892062,20.4,41.8,0,0,none,none
2026-02-04T02:53:48.146940,20.4,41.8,0,0,none,none
2026-02-04T02:53:50.401893,20.4,41.8,0,0,none,none
2026-02-04T02:53:52.656674,20.4,41.8,0,0,none,none
2026-02-04T02:53:54.911516,20.4,41.8,0,0,none,none
2026-02-04T02:53:57.168480,20.4,41.9,0,0,none,none
2026-02-04T02:53:59.423816,20.4,41.9,0,0,none,none
2026-02-04T02:54:01.678799,20.4,41.8,0,0,none,none
2026-02-04T02:54:03.933093,20.4,41.8,0,0,none,none
2026-02-04T02:54:06.187855,20.4,41.9,0,0,none,none
2026-02-04T02:54:08.442799,20.4,41.9,0,0,none,none
2026-02-04T02:54:10.697684,20.4,41.8,0,0,none,none
2026-02-04T02:54:12.952434,20.4,41.8,0,0,none,none
2026-02-04T02:54:15.207405,20.4,41.8,0,0,none,none
2026-02-04T02:54:17.462358,20.4,41.9,0,0,none,none
2026-02-04T02:54:19.717127,20.4,41.8,0,0,none,none
2026-02-04T02:54:21.971934,20.4,41.8,0,0,none,none
2026-02-04T02:54:24.226631,20.4,41.9,0,0,none,none
2026-02-04T02:54:26.481387,20.4,41.8,0,0,none,none
2026-02-04T02:54:28.736239,20.4,41.9,0,0,none,none
2026-02-04T02:54:30.991054,20.4,41.9,0,0,none,none
2026-02-04T02:54:33.245289,20.4,41.9,0,0,none,none
2026-02-04T02:54:35.500261,20.4,41.9,0,0,none,none
2026-02-04T02:54:37.755086,20.4,41.9,0,0,none,none
2026-02-04T02:54:40.009784,20.4,41.9,0,0,none,none
2026-02-04T02:54:42.264780,20.4,41.9,0,0,none,none
2026-02-04T02:54:44.519842,20.4,41.9,0,0,none,none
2026-02-04T02:54:46.774418,20.4,41.9,0,0,none,none
2026-02-04T02:54:49.029269,20.4,41.9,0,0,none,none
2026-02-04T02:54:51.284126,20.4,41.9,0,0,none,none
2026-02-04T02:54:53.538959,20.4,41.9,0,0,none,none
2026-02-04T02:54:55.793905,20.4,41.9,0,0,none,none
2026-02-04T02:54:58.048825,20.4,41.9,0,0,none,none
2026-02-04T02:55:00.303544,20.4,41.9,0,0,none,none
2026-02-04T02:55:02.558445,20.4,41.9,0,0,none,none
2026-02-04T02:55:04.813296,20.4,41.9,0,0,none,none
2026-02-04T02:55:07.067889,20.4,41.9,0,0,none,none
2026-02-04T02:55:09.322813,20.4,42.0,0,0,none,none
2026-02-04T02:55:11.577764,20.4,42.0,0,0,none,none
2026-02-04T02:55:13.832538,20.4,42.0,0,0,none,none
2026-02-04T02:55:16.087444,20.4,42.0,0,0,none,none
2026-02-04T02:55:18.342390,20.4,41.9,0,0,none,none
2026-02-04T02:55:20.597243,20.4,41.9,0,0,none,none
2026-02-04T02:55:22.852193,20.4,42.0,0,0,none,none
2026-02-04T02:55:25.107183,20.4,41.9,0,0,none,none
2026-02-04T02:55:27.361896,20.4,41.9,0,0,none,none
2026-02-04T02:55:29.616798,20.4,41.9,0,0,none,none
2026-02-04T02:55:31.871668,20.4,41.9,0,0,none,none
2026-02-04T02:55:34.126390,20.4,41.9,0,0,none,none
2026-02-04T02:55:36.381334,20.4,41.9,0,0,none,none
2026-02-04T02:55:38.636359,20.4,41.9,0,0,none,none
2026-02-04T02:55:40.890916,20.4,41.9,0,0,none,none
2026-02-04T02:55:43.145706,20.4,41.9,0,0,none,none
2026-02-04T02:55:45.400575,20.4,41.9,0,0,none,none
2026-02-04T02:55:47.655327,20.4,41.9,0,0,none,none
2026-02-04T02:55:49.910267,20.4,41.9,0,0,none,none
2026-02-04T02:55:52.165214,20.4,41.9,0,0,none,none
2026-02-04T02:55:54.419676,20.4,41.9,0,0,none,none
2026-02-04T02:55:56.674625,20.4,41.9,0,0,none,none
2026-02-04T02:55:58.929487,20.4,41.9,0,0,none,none
2026-02-04T02:56:01.183833,20.4,41.9,0,0,none,none
2026-02-04T02:56:03.438760,20.4,41.9,0,0,none,none
2026-02-04T02:56:05.693705,20.4,41.9,0,0,none,none
2026-02-04T02:56:07.947898,20.4,41.9,0,0,none,none
2026-02-04T02:56:10.202730,20.4,41.9,0,0,none,none
2026-02-04T02:56:12.457690,20.4,41.9,0,0,none,none
2026-02-04T02:56:14.712385,20.4,41.9,0,0,none,none
2026-02-04T02:56:16.967064,20.4,42.0,0,0,none,none
2026-02-04T02:56:19.223304,20.4,41.9,0,0,none,none
2026-02-04T02:56:21.478032,20.4,41.9,0,0,none,none
2026-02-04T02:56:23.732954,20.4,41.9,0,0,none,none
2026-02-04T02:56:25.987656,20.4,41.9,0,0,none,none
2026-02-04T02:56:28.242196,20.4,41.9,0,0,none,none
2026-02-04T02:56:30.497005,20.4,41.9,0,0,none,none
2026-02-04T02:56:32.751988,20.4,41.9,0,0,none,none
2026-02-04T02:56:35.006695,20.4,42.0,0,0,none,none
2026-02-04T02:56:37.261527,20.4,41.9,0,0,none,none
2026-02-04T02:56:39.516533,20.4,41.9,0,0,none,none
2026-02-04T02:56:41.771150,20.4,41.9,0,0,none,none
2026-02-04T02:56:44.026154,20.4,41.9,0,0,none,none
2026-02-04T02:56:46.281027,20.4,41.9,0,0,none,none
2026-02-04T02:56:48.535741,20.4,41.9,0,0,none,none
2026-02-04T02:56:50.790604,20.4,42.0,0,0,none,none
2026-02-04T02:56:53.045457,20.4,42.0,0,0,none,none
2026-02-04T02:56:55.300136,20.4,41.9,0,0,none,none
2026-02-04T02:56:57.555108,20.4,41.9,0,0,none,none
2026-02-04T02:56:59.810001,20.4,41.9,0,0,none,none
2026-02-04T02:57:02.064713,20.4,41.9,0,0,none,none
2026-02-04T02:57:04.319703,20.4,41.9,0,0,none,none
2026-02-04T02:57:06.574740,20.4,41.9,0,0,none,none
2026-02-04T02:57:08.829372,20.4,41.9,0,0,none,none
2026-02-04T02:57:11.084079,20.4,41.9,0,0,none,none
2026-02-04T02:57:13.339043,20.4,41.9,0,0,none,none
2026-02-04T02:57:15.593859,20.4,41.9,0,0,none,none
2026-02-04T02:57:17.848793,20.4,41.9,0,0,none,none
2026-02-04T02:57:20.103507,20.4,42.0,0,0,none,none
2026-02-04T02:57:22.358131,20.4,42.0,0,0,none,none
2026-02-04T02:57:24.613143,20.4,42.0,0,0,none,none
2026-02-04T02:57:26.867964,20.4,42.0,0,0,none,none
2026-02-04T02:57:29.122420,20.4,41.9,0,0,none,none
2026-02-04T02:57:31.377261,20.4,42.0,0,0,none,none
2026-02-04T02:57:33.632250,20.4,41.9,0,0,none,none
2026-02-04T02:57:35.886845,20.4,41.9,0,0,none,none
2026-02-04T02:57:38.141865,20.4,41.9,0,0,none,none
2026-02-04T02:57:40.398718,20.4,42.0,0,0,none,none
2026-02-04T02:57:42.653501,20.4,42.0,0,0,none,none
2026-02-04T02:57:44.908381,20.4,41.9,0,0,none,none
2026-02-04T02:57:47.163115,20.4,41.9,0,0,none,none
2026-02-04T02:57:49.417945,20.4,42.0,0,0,none,none
2026-02-04T02:57:51.673021,20.4,42.0,0,0,none,none
2026-02-04T02:57:53.927976,20.4,41.9,0,0,none,none
2026-02-04T02:57:56.182645,20.4,41.9,0,0,none,none
2026-02-04T02:57:58.437646,20.4,42.0,0,0,none,none
2026-02-04T02:58:00.692660,20.4,42.0,0,0,none,none
2026-02-04T02:58:02.947306,20.4,42.0,0,0,none,none
2026-02-04T02:58:05.202197,20.4,42.0,0,0,none,none
2026-02-04T02:58:07.457132,20.4,42.0,0,0,none,none
2026-02-04T02:58:09.711752,20.4,42.0,0,0,none,none
2026-02-04T02:58:11.966722,20.4,42.0,0,0,none,none
2026-02-04T02:58:14.221537,20.4,42.0,0,0,none,none
2026-02-04T02:58:16.476116,20.4,42.0,0,0,none,none
2026-02-04T02:58:18.730948,20.4,42.0,0,0,none,none
2026-02-04T02:58:20.985821,20.4,42.0,0,0,none,none
2026-02-04T02:58:23.240385,20.4,42.0,0,0,none,none
2026-02-04T02:58:25.495069,20.4,42.0,0,0,none,none
2026-02-04T02:58:27.749963,20.4,42.0,0,0,none,none
2026-02-04T02:58:30.004643,20.4,42.0,0,0,none,none
2026-02-04T02:58:32.259526,20.4,42.0,0,0,none,none
2026-02-04T02:58:34.514246,20.4,42.0,0,0,none,none
2026-02-04T02:58:36.768883,20.4,42.0,0,0,none,none
2026-02-04T02:58:39.023314,20.4,42.0,0,0,none,none
2026-02-04T02:58:41.280248,20.4,42.0,0,0,none,none
2026-02-04T02:58:43.534707,20.4,42.0,0,0,none,none
2026-02-04T02:58:45.789246,20.4,42.0,0,0,none,none
2026-02-04T02:58:48.044231,20.4,42.0,0,0,none,none
2026-02-04T02:58:50.298901,20.4,42.0,0,0,none,none
2026-02-04T02:58:52.553927,20.4,42.1,0,0,none,none
2026-02-04T02:58:54.808712,20.4,42.0,0,0,none,none
2026-02-04T02:58:57.063286,20.4,42.0,0,0,none,none
2026-02-04T02:58:59.318210,20.4,42.0,0,0,none,none
2026-02-04T02:59:01.573218,20.4,42.0,0,0,none,none
2026-02-04T02:59:03.827865,20.4,42.0,0,0,none,none
2026-02-04T02:59:06.082640,20.4,42.0,0,0,none,none
2026-02-04T02:59:08.337453,20.4,42.0,0,0,none,none
2026-02-04T02:59:10.592242,20.4,42.0,0,0,none,none
2026-02-04T02:59:12.847077,20.4,42.0,0,0,none,none
2026-02-04T02:59:15.101976,20.4,42.0,0,0,none,none
2026-02-04T02:59:17.356713,20.4,42.0,0,0,none,none
2026-02-04T02:59:19.611666,20.4,42.0,0,0,none,none
2026-02-04T02:59:21.866500,20.4,42.0,0,0,none,none
2026-02-04T02:59:24.121272,20.4,41.9,0,0,none,none
2026-02-04T02:59:26.376135,20.4,42.0,0,0,none,none
2026-02-04T02:59:28.631064,20.4,42.0,0,0,none,none
2026-02-04T02:59:30.885783,20.4,42.0,0,0,none,none
2026-02-04T02:59:33.140614,20.4,42.0,0,0,none,none
2026-02-04T02:59:35.395425,20.4,42.0,0,0,none,none
2026-02-04T02:59:37.649906,20.4,41.9,0,0,none,none
2026-02-04T02:59:39.904708,20.4,42.0,0,0,none,none
2026-02-04T02:59:42.159473,20.3,41.9,0,0,none,none
2026-02-04T02:59:44.414196,20.4,41.9,0,0,none,none
2026-02-04T02:59:46.669154,20.4,42.0,0,0,none,none
2026-02-04T02:59:48.923892,20.4,41.9,0,0,none,none
2026-02-04T02:59:51.178546,20.4,41.9,0,0,none,none
2026-02-04T02:59:53.433551,20.4,41.9,0,0,none,none
2026-02-04T02:59:55.688611,20.4,41.9,0,0,none,none
2026-02-04T02:59:57.943276,20.4,41.9,0,0,none,none
2026-02-04T03:00:00.198198,20.4,41.9,0,0,none,none
2026-02-04T03:00:02.453295,20.4,41.9,0,0,none,none
2026-02-04T03:00:04.707972,20.4,41.9,0,0,none,none
2026-02-04T03:00:06.962459,20.4,41.9,0,0,none,none
2026-02-04T03:00:09.217431,20.4,41.9,0,0,none,none
2026-02-04T03:00:11.472318,20.4,41.9,0,0,none,none
2026-02-04T03:00:13.727365,20.4,41.9,0,0,none,none
2026-02-04T03:00:15.982329,20.4,41.9,0,0,none,none
2026-02-04T03:00:18.237129,20.4,41.9,0,0,none,none
2026-02-04T03:00:20.491837,20.4,41.9,0,0,none,none
2026-02-04T03:00:22.746715,20.4,41.9,0,0,none,none
2026-02-04T03:00:25.001491,20.4,41.9,0,0,none,none
2026-02-04T03:00:27.256432,20.4,41.9,0,0,none,none
2026-02-04T03:00:29.510991,20.4,41.9,0,0,none,none
2026-02-04T03:00:31.765718,20.4,41.9,0,0,none,none
2026-02-04T03:00:34.020698,20.4,41.9,0,0,none,none
2026-02-04T03:00:36.275349,20.4,41.9,0,0,none,none
2026-02-04T03:00:38.530251,20.4,41.9,0,0,none,none
2026-02-04T03:00:40.785172,20.4,41.9,0,0,none,none
2026-02-04T03:00:43.040139,20.4,41.9,0,0,none,none
2026-02-04T03:00:45.294833,20.4,41.9,0,0,none,none
2026-02-04T03:00:47.549888,20.4,41.9,0,0,none,none
2026-02-04T03:00:49.804798,20.4,41.9,0,0,none,none
2026-02-04T03:00:52.059522,20.4,41.9,0,0,none,none
2026-02-04T03:00:54.314423,20.4,41.9,0,0,none,none
2026-02-04T03:00:56.569449,20.4,41.9,0,0,none,none
2026-02-04T03:00:58.824127,20.4,41.8,0,0,none,none
2026-02-04T03:01:01.079042,20.4,41.8,0,0,none,none
2026-02-04T03:01:03.334047,20.4,41.8,0,0,none,none
2026-02-04T03:01:05.588974,20.4,41.9,0,0,none,none
2026-02-04T03:01:07.843752,20.4,41.9,0,0,none,none
2026-02-04T03:01:10.098597,20.4,41.9,0,0,none,none
2026-02-04T03:01:12.353280,20.4,41.9,0,0,none,none
2026-02-04T03:01:14.608356,20.4,41.9,0,0,none,none
2026-02-04T03:01:16.863142,20.4,41.9,0,0,none,none
2026-02-04T03:01:19.117861,20.4,41.9,0,0,none,none
2026-02-04T03:01:21.372582,20.4,41.9,0,0,none,none
2026-02-04T03:01:23.627546,20.4,41.9,0,0,none,none
2026-02-04T03:01:25.882113,20.4,41.8,0,0,none,none
2026-02-04T03:01:28.137001,20.4,41.8,0,0,none,none
2026-02-04T03:01:30.391790,20.4,41.8,0,0,none,none
2026-02-04T03:01:32.646511,20.4,41.8,0,0,none,none
2026-02-04T03:01:34.901336,20.4,41.8,0,0,none,none
2026-02-04T03:01:37.156247,20.4,41.9,0,0,none,none
2026-02-04T03:01:39.410851,20.4,41.8,0,0,none,none
2026-02-04T03:01:41.665811,20.4,41.8,0,0,none,none
2026-02-04T03:01:43.920695,20.4,41.9,0,0,none,none
2026-02-04T03:01:46.175340,20.4,41.8,0,0,none,none
2026-02-04T03:01:48.430292,20.4,41.9,0,0,none,none
2026-02-04T03:01:50.685121,20.4,41.8,0,0,none,none
2026-02-04T03:01:52.939731,20.4,41.8,0,0,none,none
2026-02-04T03:01:55.194610,20.4,41.8,0,0,none,none
2026-02-04T03:01:57.449608,20.4,41.9,0,0,none,none
2026-02-04T03:01:59.704364,20.4,41.9,0,0,none,none
2026-02-04T03:02:01.959199,20.4,41.9,0,0,none,none
2026-02-04T03:02:04.214062,20.4,41.9,0,0,none,none
2026-02-04T03:02:06.468873,20.4,41.9,0,0,none,none
2026-02-04T03:02:08.723764,20.4,41.9,0,0,none,none
2026-02-04T03:02:10.978643,20.4,41.9,0,0,none,none
2026-02-04T03:02:13.233294,20.4,41.9,0,0,none,none
2026-02-04T03:02:15.488296,20.4,41.9,0,0,none,none
2026-02-04T03:02:17.743098,20.4,41.8,0,0,none,none
2026-02-04T03:02:19.997724,20.4,41.9,0,0,none,none
2026-02-04T03:02:22.252462,20.4,41.9,0,0,none,none
2026-02-04T03:02:24.506983,20.4,41.8,0,0,none,none
2026-02-04T03:02:26.761617,20.4,41.9,0,0,none,none
2026-02-04T03:02:29.016516,20.4,41.9,0,0,none,none
2026-02-04T03:02:31.271298,20.4,41.8,0,0,none,none
2026-02-04T03:02:33.526089,20.4,41.8,0,0,none,none
2026-02-04T03:02:35.780901,20.4,41.8,0,0,none,none
2026-02-04T03:02:38.035747,20.4,41.9,0,0,none,none
2026-02-04T03:02:40.290351,20.4,41.9,0,0,none,none
2026-02-04T03:02:42.545346,20.4,41.9,0,0,none,none
2026-02-04T03:02:44.800276,20.4,41.9,0,0,none,none
2026-02-04T03:02:47.054931,20.4,41.9,0,0,none,none
2026-02-04T03:02:49.309841,20.4,41.8,0,0,none,none
2026-02-04T03:02:51.566903,20.4,41.8,0,0,none,none
2026-02-04T03:02:53.821600,20.4,41.8,0,0,none,none
2026-02-04T03:02:56.076512,20.4,41.8,0,0,none,none
2026-02-04T03:02:58.331239,20.4,41.8,0,0,none,none
2026-02-04T03:03:00.586065,20.4,41.8,0,0,none,none
2026-02-04T03:03:02.840904,20.4,41.8,0,0,none,none
2026-02-04T03:03:05.095735,20.4,41.8,0,0,none,none
2026-02-04T03:03:07.350361,20.4,41.8,0,0,none,none
2026-02-04T03:03:09.605418,20.4,41.8,0,0,none,none
2026-02-04T03:03:11.860426,20.4,41.8,0,0,none,none
2026-02-04T03:03:14.115178,20.4,41.8,0,0,none,none
2026-02-04T03:03:16.369910,20.4,41.8,0,0,none,none
2026-02-04T03:03:18.624948,20.4,41.8,0,0,none,none
2026-02-04T03:03:20.879531,20.4,41.8,0,0,none,none
2026-02-04T03:03:23.134413,20.4,41.8,0,0,none,none
2026-02-04T03:03:25.391333,20.4,41.8,0,0,none,none
2026-02-04T03:03:27.646237,20.4,41.8,0,0,none,none
2026-02-04T03:03:29.901175,20.4,41.8,0,0,none,none
2026-02-04T03:03:32.156033,20.4,41.8,0,0,none,none
2026-02-04T03:03:34.410757,20.4,41.8,0,0,none,none
2026-02-04T03:03:36.665870,20.4,41.8,0,0,none,none
2026-02-04T03:03:38.920622,20.4,41.8,0,0,none,none
2026-02-04T03:03:41.175291,20.4,41.8,0,0,none,none
2026-02-04T03:03:43.430257,20.4,41.8,0,0,none,none
2026-02-04T03:03:45.685179,20.4,41.8,0,0,none,none
2026-02-04T03:03:47.939786,20.4,41.8,0,0,none,none
2026-02-04T03:03:50.194649,20.4,41.8,0,0,none,none
2026-02-04T03:03:52.449567,20.4,41.8,0,0,none,none
2026-02-04T03:03:54.704266,20.4,41.8,0,0,none,none
2026-02-04T03:03:56.958584,20.4,41.8,0,0,none,none
2026-02-04T03:03:59.213478,20.4,41.8,0,0,none,none
2026-02-04T03:04:01.468021,20.4,41.8,0,0,none,none
2026-02-04T03:04:03.722893,20.4,41.8,0,0,none,none
2026-02-04T03:04:05.979831,20.4,41.8,0,0,none,none
2026-02-04T03:04:08.234601,20.4,41.8,0,0,none,none
2026-02-04T03:04:10.489659,20.4,41.8,0,0,none,none
2026-02-04T03:04:12.744552,20.4,41.8,0,0,none,none
2026-02-04T03:04:14.999179,20.4,41.8,0,0,none,none
2026-02-04T03:04:17.254117,20.4,41.8,0,0,none,none
2026-02-04T03:04:19.509050,20.4,41.8,0,0,none,none
2026-02-04T03:04:21.763719,20.4,41.8,0,0,none,none
2026-02-04T03:04:24.018526,20.4,41.8,0,0,none,none
2026-02-04T03:04:26.273465,20.4,41.8,0,0,none,none
2026-02-04T03:04:28.528231,20.4,41.8,0,0,none,none
2026-02-04T03:04:30.783143,20.4,41.8,0,0,none,none
2026-02-04T03:04:33.038076,20.4,41.8,0,0,none,none
2026-02-04T03:04:35.292410,20.4,41.8,0,0,none,none
2026-02-04T03:04:37.547469,20.4,41.8,0,0,none,none
2026-02-04T03:04:39.802279,20.4,41.8,0,0,none,none
2026-02-04T03:04:42.057003,20.4,41.8,0,0,none,none
2026-02-04T03:04:44.311736,20.4,41.8,0,0,none,none
2026-02-04T03:04:46.566654,20.4,41.8,0,0,none,none
2026-02-04T03:04:48.821337,20.4,41.8,0,0,none,none
2026-02-04T03:04:51.076239,20.4,41.8,0,0,none,none
2026-02-04T03:04:53.331117,20.4,41.8,0,0,none,none
2026-02-04T03:04:55.585966,20.4,41.8,0,0,none,none
2026-02-04T03:04:57.840839,20.4,41.8,0,0,none,none
2026-02-04T03:05:00.095677,20.4,41.8,0,0,none,none
2026-02-04T03:05:02.350337,20.4,41.8,0,0,none,none
2026-02-04T03:05:04.605397,20.4,41.8,0,0,none,none
2026-02-04T03:05:06.860324,20.4,41.8,0,0,none,none
2026-02-04T03:05:09.115014,20.4,41.8,0,0,none,none
2026-02-04T03:05:11.369974,20.4,41.8,0,0,none,none
2026-02-04T03:05:13.624979,20.4,41.8,0,0,none,none
2026-02-04T03:05:15.879368,20.4,41.8,0,0,none,none
2026-02-04T03:05:18.134276,20.4,41.8,0,0,none,none
2026-02-04T03:05:20.389059,20.4,41.8,0,0,none,none
2026-02-04T03:05:22.643840,20.4,41.8,0,0,none,none
2026-02-04T03:05:24.898648,20.4,41.8,0,0,none,none
2026-02-04T03:05:27.153552,20.4,41.8,0,0,none,none
2026-02-04T03:05:29.408153,20.4,41.8,0,0,none,none
2026-02-04T03:05:31.663121,20.4,41.8,0,0,none,none
2026-02-04T03:05:33.918027,20.4,41.8,0,0,none,none
2026-02-04T03:05:36.172715,20.4,41.8,0,0,none,none
2026-02-04T03:05:38.428467,20.4,41.8,0,0,none,none
2026-02-04T03:05:40.685422,20.4,41.8,0,0,none,none
2026-02-04T03:05:42.939723,20.4,41.8,0,0,none,none
2026-02-04T03:05:45.194613,20.4,41.8,0,0,none,none
2026-02-04T03:05:47.449636,20.4,41.8,0,0,none,none
2026-02-04T03:05:49.704439,20.4,41.8,0,0,none,none
2026-02-04T03:05:51.959196,20.4,41.8,0,0,none,none
2026-02-04T03:05:54.214227,20.4,41.8,0,0,none,none
2026-02-04T03:05:56.469077,20.4,41.8,0,0,none,none
2026-02-04T03:05:58.723936,20.4,41.8,0,0,none,none
2026-02-04T03:06:00.978751,20.4,41.8,0,0,none,none
2026-02-04T03:06:03.233390,20.4,41.8,0,0,none,none
2026-02-04T03:06:05.487953,20.4,41.8,0,0,none,none
2026-02-04T03:06:07.742875,20.4,41.8,0,0,none,none
2026-02-04T03:06:09.997520,20.4,41.8,0,0,none,none
2026-02-04T03:06:12.252392,20.4,41.8,0,0,none,none
2026-02-04T03:06:14.507376,20.4,41.8,0,0,none,none
2026-02-04T03:06:16.762022,20.4,41.8,0,0,none,none
2026-02-04T03:06:19.016874,20.4,41.8,0,0,none,none
2026-02-04T03:06:21.271710,20.4,41.8,0,0,none,none
2026-02-04T03:06:23.526457,20.4,41.8,0,0,none,none
2026-02-04T03:06:25.781458,20.4,41.8,0,0,none,none
2026-02-04T03:06:28.036295,20.4,41.8,0,0,none,none
2026-02-04T03:06:30.290928,20.4,41.8,0,0,none,none
2026-02-04T03:06:32.546033,20.4,41.8,0,0,none,none
2026-02-04T03:06:34.800956,20.4,41.8,0,0,none,none
2026-02-04T03:06:37.055690,20.4,41.8,0,0,none,none
2026-02-04T03:06:39.310660,20.4,41.8,0,0,none,none
2026-02-04T03:06:41.565682,20.4,41.8,0,0,none,none
2026-02-04T03:06:43.820453,20.4,41.8,0,0,none,none
2026-02-04T03:06:46.075295,20.4,41.8,0,0,none,none
2026-02-04T03:06:48.329951,20.4,41.8,0,0,none,none
2026-02-04T03:06:50.584671,20.4,41.8,0,0,none,none
2026-02-04T03:06:52.839396,20.4,41.8,0,0,none,none
2026-02-04T03:06:55.094259,20.4,41.8,0,0,none,none
2026-02-04T03:06:57.349002,20.4,41.8,0,0,none,none
2026-02-04T03:06:59.603966,20.4,41.8,0,0,none,none
2026-02-04T03:07:01.858911,20.4,41.8,0,0,none,none
2026-02-04T03:07:04.113774,20.4,41.8,0,0,none,none
2026-02-04T03:07:06.368755,20.4,41.8,0,0,none,none
2026-02-04T03:07:08.623626,20.4,41.8,0,0,none,none
2026-02-04T03:07:10.878275,20.4,41.8,0,0,none,none
2026-02-04T03:07:13.133138,20.4,41.8,0,0,none,none
2026-02-04T03:07:15.387974,20.4,41.8,0,0,none,none
2026-02-04T03:07:17.642735,20.4,41.8,0,0,none,none
2026-02-04T03:07:19.897600,20.4,41.8,0,0,none,none
2026-02-04T03:07:22.152503,20.4,41.8,0,0,none,none
2026-02-04T03:07:24.406896,20.4,41.8,0,0,none,none
2026-02-04T03:07:26.661905,20.4,41.8,0,0,none,none
2026-02-04T03:07:28.916631,20.4,41.8,0,0,none,none
2026-02-04T03:07:31.171253,20.4,41.8,0,0,none,none
2026-02-04T03:07:33.426211,20.4,41.8,0,0,none,none
2026-02-04T03:07:35.681070,20.4,41.8,0,0,none,none
2026-02-04T03:07:37.935820,20.4,41.8,0,0,none,none
2026-02-04T03:07:40.190529,20.4,41.8,0,0,none,none
2026-02-04T03:07:42.445526,20.4,41.8,0,0,none,none
2026-02-04T03:07:44.699950,20.4,41.8,0,0,none,none
2026-02-04T03:07:46.954754,20.4,41.8,0,0,none,none
2026-02-04T03:07:49.209604,20.4,41.8,0,0,none,none
2026-02-04T03:07:51.464391,20.4,41.8,0,0,none,none
2026-02-04T03:07:53.719282,20.4,41.8,0,0,none,none
2026-02-04T03:07:55.974015,20.4,41.9,0,0,none,none
2026-02-04T03:07:58.228592,20.4,41.8,0,0,none,none
2026-02-04T03:08:00.483483,20.4,41.8,0,0,none,none
2026-02-04T03:08:02.738397,20.4,41.8,0,0,none,none
2026-02-04T03:08:04.993131,20.4,41.8,0,0,none,none
2026-02-04T03:08:07.247989,20.4,41.8,0,0,none,none
2026-02-04T03:08:09.502371,20.4,41.8,0,0,none,none
2026-02-04T03:08:11.757033,20.4,41.8,0,0,none,none
2026-02-04T03:08:14.011969,20.4,41.8,0,0,none,none
2026-02-04T03:08:16.266752,20.4,41.8,0,0,none,none
2026-02-04T03:08:18.521580,20.4,41.8,0,0,none,none
2026-02-04T03:08:20.776440,20.4,41.8,0,0,none,none
2026-02-04T03:08:23.031216,20.4,41.8,0,0,none,none
2026-02-04T03:08:25.285911,20.4,41.8,0,0,none,none
2026-02-04T03:08:27.540798,20.4,41.8,0,0,none,none
2026-02-04T03:08:29.795429,20.4,41.8,0,0,none,none
2026-02-04T03:08:32.050165,20.4,41.9,0,0,none,none
2026-02-04T03:08:34.305049,20.4,41.8,0,0,none,none
2026-02-04T03:08:36.559948,20.4,41.8,0,0,none,none
2026-02-04T03:08:38.814569,20.4,41.8,0,0,none,none
2026-02-04T03:08:41.069413,20.4,41.8,0,0,none,none
2026-02-04T03:08:43.324085,20.4,41.8,0,0,none,none
2026-02-04T03:08:45.578938,20.4,41.8,0,0,none,none
2026-02-04T03:08:47.833840,20.4,41.9,0,0,none,none
2026-02-04T03:08:50.088705,20.4,41.9,0,0,none,none
2026-02-04T03:08:52.343130,20.4,41.8,0,0,none,none
2026-02-04T03:08:54.598257,20.4,41.9,0,0,none,none
2026-02-04T03:08:56.853147,20.4,41.9,0,0,none,none
2026-02-04T03:08:59.107466,20.4,41.8,0,0,none,none
2026-02-04T03:09:01.362349,20.4,41.8,0,0,none,none
2026-02-04T03:09:03.617199,20.4,41.8,0,0,none,none
2026-02-04T03:09:05.871764,20.4,41.8,0,0,none,none
2026-02-04T03:09:08.126622,20.4,41.8,0,0,none,none
2026-02-04T03:09:10.381592,20.4,41.8,0,0,none,none
2026-02-04T03:09:12.636410,20.4,41.8,1,0,none,none
2026-02-04T03:09:14.890923,20.4,41.8,0,0,none,none
2026-02-04T03:09:17.145852,20.4,41.8,0,0,none,none
2026-02-04T03:09:19.400487,20.4,41.8,0,0,none,none
2026-02-04T03:09:21.655426,20.4,41.9,0,0,none,none
2026-02-04T03:09:23.910213,20.4,41.9,0,0,none,none
2026-02-04T03:09:26.164909,20.4,41.8,0,0,none,none
2026-02-04T03:09:28.419474,20.4,41.9,0,0,none,none
2026-02-04T03:09:30.674367,20.4,41.8,0,0,none,none
2026-02-04T03:09:32.929138,20.4,41.8,0,0,none,none
2026-02-04T03:09:35.183889,20.4,41.9,0,0,none,none
2026-02-04T03:09:37.438686,20.4,41.9,0,0,none,none
2026-02-04T03:09:39.693322,20.4,41.9,0,0,none,none
2026-02-04T03:09:41.948252,20.4,41.9,0,0,none,none
2026-02-04T03:09:44.203023,20.4,41.9,0,0,none,none
2026-02-04T03:09:46.457832,20.4,41.8,0,0,none,none
2026-02-04T03:09:48.712636,20.4,41.8,0,0,none,none
2026-02-04T03:09:50.967419,20.4,41.8,0,0,none,none
2026-02-04T03:09:53.222100,20.4,41.9,0,0,none,none
2026-02-04T03:09:55.477108,20.4,41.8,0,0,none,none
2026-02-04T03:09:57.731780,20.3,41.8,0,0,none,none
2026-02-04T03:09:59.986120,20.4,41.8,0,0,none,none
2026-02-04T03:10:02.240976,20.4,41.9,0,0,none,none
2026-02-04T03:10:04.495769,20.4,41.8,0,0,none,none
2026-02-04T03:10:06.750526,20.4,41.8,0,0,none,none
2026-02-04T03:10:09.005425,20.4,41.8,0,0,none,none
2026-02-04T03:10:11.260417,20.4,41.9,0,0,none,none
2026-02-04T03:10:13.515283,20.4,41.8,0,0,none,none
2026-02-04T03:10:15.770271,20.4,41.8,0,0,none,none
2026-02-04T03:10:18.024997,20.4,41.9,0,0,none,none
2026-02-04T03:10:20.279475,20.4,41.8,0,0,none,none
2026-02-04T03:10:22.534432,20.4,41.8,0,0,none,none
2026-02-04T03:10:24.789282,20.4,41.8,0,0,none,none
2026-02-04T03:10:27.043944,20.4,41.9,0,0,none,none
2026-02-04T03:10:29.298749,20.4,41.8,0,0,none,none
2026-02-04T03:10:31.553671,20.4,41.8,0,0,none,none
2026-02-04T03:10:33.808324,20.4,41.8,0,0,none,none
2026-02-04T03:10:36.062943,20.4,41.8,0,0,none,none
2026-02-04T03:10:38.319149,20.4,41.8,0,0,none,none
2026-02-04T03:10:40.573965,20.4,41.8,0,0,none,none
2026-02-04T03:10:42.828835,20.4,41.9,0,0,none,none
2026-02-04T03:10:45.083359,20.4,41.8,0,0,none,none
2026-02-04T03:10:47.338000,20.4,41.8,0,0,none,none
2026-02-04T03:10:49.592962,20.4,41.8,0,0,none,none
2026-02-04T03:10:51.847624,20.4,41.8,0,0,none,none
2026-02-04T03:10:54.102413,20.4,41.8,0,0,none,none
2026-02-04T03:10:56.357272,20.4,41.8,0,0,none,none
2026-02-04T03:10:58.612201,20.4,41.9,0,0,none,none
2026-02-04T03:11:00.866681,20.4,41.8,0,0,none,none
2026-02-04T03:11:03.121546,20.4,41.9,0,0,none,none
2026-02-04T03:11:05.376399,20.3,41.8,0,0,none,none
2026-02-04T03:11:07.631176,20.3,41.8,0,0,none,none
2026-02-04T03:11:09.886102,20.4,41.8,0,0,none,none
2026-02-04T03:11:12.140919,20.4,41.9,0,0,none,none
2026-02-04T03:11:14.395694,20.4,41.8,0,0,none,none
2026-02-04T03:11:16.650132,20.4,41.8,0,0,none,none
2026-02-04T03:11:18.905004,20.4,41.9,0,0,none,none
2026-02-04T03:11:21.159591,20.4,41.9,0,0,none,none
2026-02-04T03:11:23.414526,20.4,41.9,0,0,none,none
2026-02-04T03:11:25.669353,20.4,41.8,0,0,none,none
2026-02-04T03:11:27.924021,20.4,41.9,0,0,none,none
2026-02-04T03:11:30.178842,20.4,41.9,0,0,none,none
2026-02-04T03:11:32.435252,20.4,41.8,0,0,none,none
2026-02-04T03:11:34.690038,20.4,41.8,0,0,none,none
2026-02-04T03:11:36.944801,20.4,41.8,0,0,none,none
2026-02-04T03:11:39.199265,20.4,41.8,0,0,none,none
2026-02-04T03:11:41.454070,20.4,41.8,0,0,none,none
2026-02-04T03:11:43.708972,20.4,41.8,0,0,none,none
2026-02-04T03:11:45.963771,20.4,41.9,0,0,none,none
2026-02-04T03:11:48.218088,20.4,41.8,0,0,none,none
2026-02-04T03:11:50.473064,20.4,41.8,0,0,none,none
2026-02-04T03:11:52.727979,20.4,41.8,0,0,none,none
2026-02-04T03:11:54.982580,20.4,41.9,0,0,none,none
2026-02-04T03:11:57.237502,20.4,41.8,0,0,none,none
2026-02-04T03:11:59.492459,20.4,41.9,0,0,none,none
2026-02-04T03:12:01.747069,20.4,41.9,0,0,none,none
2026-02-04T03:12:04.002117,20.4,41.8,0,0,none,none
2026-02-04T03:12:06.256921,20.4,41.9,0,0,none,none
2026-02-04T03:12:08.511308,20.4,41.9,0,0,none,none
2026-02-04T03:12:10.766301,20.4,41.8,0,0,none,none
2026-02-04T03:12:13.021173,20.4,41.9,0,0,none,none
2026-02-04T03:12:15.275780,20.3,41.8,0,0,none,none
2026-02-04T03:12:17.530648,20.4,41.9,0,0,none,none
2026-02-04T03:12:19.785529,20.4,41.9,0,0,none,none
2026-02-04T03:12:22.040209,20.4,41.8,0,0,none,none
2026-02-04T03:12:24.295131,20.4,41.8,0,0,none,none
2026-02-04T03:12:26.550238,20.4,41.8,0,0,none,none
2026-02-04T03:12:28.804980,20.3,41.8,0,0,none,none
2026-02-04T03:12:31.059916,20.4,41.9,0,0,none,none
2026-02-04T03:12:33.314887,20.4,41.9,0,0,none,none
2026-02-04T03:12:35.569791,20.4,41.8,0,0,none,none
2026-02-04T03:12:37.824707,20.4,41.8,0,0,none,none
2026-02-04T03:12:40.079384,20.4,41.9,0,0,none,none
2026-02-04T03:12:42.334184,20.4,41.8,0,0,none,none
2026-02-04T03:12:44.589203,20.4,41.8,0,0,none,none
2026-02-04T03:12:46.844023,20.4,41.8,0,0,none,none
2026-02-04T03:12:49.098626,20.4,41.9,0,0,none,none
2026-02-04T03:12:51.353530,20.4,41.9,0,0,none,none
2026-02-04T03:12:53.608613,20.4,41.9,0,0,none,none
2026-02-04T03:12:55.863282,20.4,41.9,0,0,none,none
2026-02-04T03:12:58.118277,20.4,41.9,0,0,none,none
2026-02-04T03:13:00.373210,20.4,41.9,0,0,none,none
2026-02-04T03:13:02.627911,20.4,41.9,0,0,none,none
2026-02-04T03:13:04.882701,20.3,41.8,0,0,none,none
2026-02-04T03:13:07.137529,20.4,41.9,0,0,none,none
2026-02-04T03:13:09.392210,20.4,41.9,0,0,none,none
2026-02-04T03:13:11.646899,20.4,41.9,0,0,none,none
2026-02-04T03:13:13.901347,20.4,41.9,0,0,none,none
2026-02-04T03:13:16.155807,20.4,41.9,0,0,none,none
2026-02-04T03:13:18.410659,20.4,41.9,0,0,none,none
2026-02-04T03:13:20.665467,20.4,41.9,0,0,none,none
2026-02-04T03:13:22.919730,20.4,41.9,0,0,none,none
2026-02-04T03:13:25.174625,20.4,41.9,0,0,none,none
2026-02-04T03:13:27.429640,20.4,41.9,0,0,none,none
2026-02-04T03:13:29.684303,20.4,41.9,0,0,none,none
2026-02-04T03:13:31.939207,20.4,41.9,0,0,none,none
2026-02-04T03:13:34.194233,20.3,41.8,0,0,none,none
2026-02-04T03:13:36.448901,20.4,41.9,0,0,none,none
2026-02-04T03:13:38.703694,20.4,41.9,0,0,none,none
2026-02-04T03:13:40.958005,20.4,41.9,0,0,none,none
2026-02-04T03:13:43.212563,20.4,41.9,0,0,none,none
2026-02-04T03:13:45.467420,20.4,41.9,0,0,none,none
2026-02-04T03:13:47.722194,20.4,41.9,0,0,none,none
2026-02-04T03:13:49.976880,20.4,41.9,0,0,none,none
2026-02-04T03:13:52.231682,20.4,41.9,0,0,none,none
2026-02-04T03:13:54.486577,20.4,41.9,0,0,none,none
2026-02-04T03:13:56.741271,20.4,41.9,0,0,none,none
2026-02-04T03:13:58.996104,20.4,41.9,0,0,none,none
2026-02-04T03:14:01.250948,20.4,41.9,0,0,none,none
2026-02-04T03:14:03.505760,20.4,41.9,0,0,none,none
2026-02-04T03:14:05.760633,20.4,41.9,0,0,none,none
2026-02-04T03:14:08.015402,20.3,41.9,0,0,none,none
2026-02-04T03:14:10.270106,20.3,41.9,0,0,none,none
2026-02-04T03:14:12.525081,20.4,41.9,0,0,none,none
2026-02-04T03:14:14.779890,20.3,41.9,0,0,none,none
2026-02-04T03:14:17.034250,20.4,41.9,0,0,none,none
2026-02-04T03:14:19.289097,20.4,41.9,0,0,none,none
2026-02-04T03:14:21.544061,20.4,41.9,0,0,none,none
2026-02-04T03:14:23.798700,20.3,41.8,0,0,none,none
2026-02-04T03:14:26.053690,20.4,41.9,0,0,none,none
2026-02-04T03:14:28.308553,20.4,41.9,0,0,none,none
2026-02-04T03:14:30.563185,20.4,41.9,0,0,none,none
2026-02-04T03:14:32.818181,20.4,41.9,0,0,none,none
2026-02-04T03:14:35.073135,20.4,41.8,0,0,none,none
2026-02-04T03:14:37.327739,20.4,41.9,0,0,none,none
2026-02-04T03:14:39.582398,20.4,41.8,0,0,none,none
2026-02-04T03:14:41.837347,20.4,41.9,0,0,none,none
2026-02-04T03:14:44.091582,20.4,41.9,0,0,none,none
2026-02-04T03:14:46.346464,20.4,41.9,0,0,none,none
2026-02-04T03:14:48.601411,20.4,41.9,0,0,none,none
2026-02-04T03:14:50.856057,20.4,41.9,0,0,none,none
2026-02-04T03:14:53.110869,20.4,41.8,0,0,none,none
2026-02-04T03:14:55.365863,20.4,41.9,0,0,none,none
2026-02-04T03:14:57.620616,20.4,41.8,0,0,none,none
2026-02-04T03:14:59.875339,20.4,41.8,0,0,none,none
2026-02-04T03:15:02.130193,20.4,41.8,0,0,none,none
2026-02-04T03:15:04.384959,20.4,41.8,0,0,none,none
2026-02-04T03:15:06.639951,20.4,41.8,0,0,none,none
2026-02-04T03:15:08.894659,20.4,41.8,0,0,none,none
2026-02-04T03:15:11.149434,20.4,41.8,0,0,none,none
2026-02-04T03:15:13.404031,20.4,41.8,0,0,none,none
2026-02-04T03:15:15.659045,20.3,41.7,0,0,none,none
2026-02-04T03:15:17.913817,20.4,41.8,0,0,none,none
2026-02-04T03:15:20.168693,20.4,41.8,0,0,none,none
2026-02-04T03:15:22.423506,20.4,41.8,0,0,none,none
2026-02-04T03:15:24.678213,20.3,41.7,0,0,none,none
2026-02-04T03:15:26.933006,20.4,41.8,0,0,none,none
2026-02-04T03:15:29.187806,20.4,41.8,0,0,none,none
2026-02-04T03:15:31.442454,20.3,41.7,0,0,none,none
2026-02-04T03:15:33.697369,20.3,41.7,0,0,none,none
2026-02-04T03:15:35.952281,20.3,41.7,0,0,none,none
2026-02-04T03:15:38.206740,20.3,41.7,0,0,none,none
2026-02-04T03:15:40.461688,20.4,41.8,0,0,none,none
2026-02-04T03:15:42.716577,20.4,41.8,0,0,none,none
2026-02-04T03:15:44.971232,20.4,41.8,0,0,none,none
2026-02-04T03:15:47.226201,20.4,41.8,0,0,none,none
2026-02-04T03:15:49.481123,20.4,41.8,0,0,none,none
2026-02-04T03:15:51.735760,20.4,41.8,0,0,none,none
2026-02-04T03:15:53.990515,20.4,41.8,0,0,none,none
2026-02-04T03:15:56.245440,20.4,41.8,0,0,none,none
2026-02-04T03:15:58.500159,20.4,41.8,0,0,none,none
2026-02-04T03:16:00.754984,20.4,41.8,0,0,none,none
2026-02-04T03:16:03.009963,20.4,41.8,0,0,none,none
2026-02-04T03:16:05.264657,20.4,41.8,0,0,none,none
2026-02-04T03:16:07.519633,20.4,41.7,0,0,none,none
2026-02-04T03:16:09.774517,20.4,41.8,0,0,none,none
2026-02-04T03:16:12.029302,20.4,41.8,0,0,none,none
2026-02-04T03:16:14.284147,20.4,41.8,0,0,none,none
2026-02-04T03:16:16.539082,20.4,41.8,0,0,none,none
2026-02-04T03:16:18.793797,20.4,41.7,0,0,none,none
2026-02-04T03:16:21.048672,20.4,41.8,0,0,none,none
2026-02-04T03:16:23.303468,20.4,41.7,0,0,none,none
2026-02-04T03:16:25.558266,20.3,41.7,0,0,none,none
2026-02-04T03:16:27.813106,20.4,41.7,0,0,none,none
2026-02-04T03:16:30.069577,20.4,41.8,0,0,none,none
2026-02-04T03:16:32.323960,20.4,41.7,0,0,none,none
2026-02-04T03:16:34.578977,20.4,41.8,0,0,none,none
2026-02-04T03:16:36.833900,20.4,41.7,0,0,none,none
2026-02-04T03:16:39.088523,20.4,41.8,0,0,none,none
2026-02-04T03:16:41.343368,20.4,41.8,0,0,none,none
2026-02-04T03:16:43.598327,20.3,41.7,0,0,none,none
2026-02-04T03:16:45.852997,20.4,41.7,0,0,none,none
2026-02-04T03:16:48.107838,20.4,41.7,0,0,none,none
2026-02-04T03:16:50.362700,20.4,41.8,0,0,none,none
2026-02-04T03:16:52.617614,20.4,41.7,0,0,none,none
2026-02-04T03:16:54.872497,20.4,41.7,0,0,none,none
2026-02-04T03:16:57.127124,20.4,41.8,0,0,none,none
2026-02-04T03:16:59.381884,20.4,41.8,0,0,none,none
2026-02-04T03:17:01.636387,20.4,41.8,0,0,none,none
2026-02-04T03:17:03.891343,20.4,41.8,0,0,none,none
2026-02-04T03:17:06.146143,20.4,41.8,0,0,none,none
2026-02-04T03:17:08.401122,20.4,41.8,0,0,none,none
2026-02-04T03:17:10.656127,20.4,41.8,0,0,none,none
2026-02-04T03:17:12.910815,20.4,41.8,0,0,none,none
2026-02-04T03:17:15.165850,20.4,41.7,0,0,none,none
2026-02-04T03:17:17.420673,20.4,41.7,0,0,none,none
2026-02-04T03:17:19.675462,20.4,41.8,0,0,none,none
2026-02-04T03:17:21.930399,20.4,41.7,0,0,none,none
2026-02-04T03:17:24.185280,20.4,41.8,0,0,none,none
2026-02-04T03:17:26.440075,20.4,41.8,0,0,none,none
2026-02-04T03:17:28.694862,20.4,41.8,0,0,none,none
2026-02-04T03:17:30.949717,20.4,41.8,0,0,none,none
2026-02-04T03:17:33.204446,20.4,41.8,0,0,none,none
2026-02-04T03:17:35.459301,20.4,41.8,0,0,none,none
2026-02-04T03:17:37.714244,20.4,41.8,0,0,none,none
2026-02-04T03:17:39.968945,20.4,41.8,0,0,none,none
2026-02-04T03:17:42.223832,20.3,41.7,0,0,none,none
2026-02-04T03:17:44.478258,20.4,41.8,0,0,none,none
2026-02-04T03:17:46.733021,20.4,41.8,0,0,none,none
2026-02-04T03:17:48.987718,20.4,41.8,0,0,none,none
2026-02-04T03:17:51.242427,20.4,41.8,0,0,none,none
2026-02-04T03:17:53.496682,20.4,41.8,0,0,none,none
2026-02-04T03:17:55.751294,20.4,41.8,0,0,none,none
2026-02-04T03:17:58.005759,20.4,41.8,0,0,none,none
2026-02-04T03:18:00.260389,20.3,41.7,0,0,none,none
2026-02-04T03:18:02.515271,20.4,41.8,0,0,none,none
2026-02-04T03:18:04.770074,20.4,41.8,0,0,none,none
2026-02-04T03:18:07.024664,20.3,41.7,0,0,none,none
2026-02-04T03:18:09.279481,20.4,41.8,0,0,none,none
2026-02-04T03:18:11.534247,20.4,41.8,0,0,none,none
2026-02-04T03:18:13.789039,20.3,41.7,0,0,none,none
2026-02-04T03:18:16.043908,20.4,41.8,0,0,none,none
2026-02-04T03:18:18.298689,20.4,41.8,0,0,none,none
2026-02-04T03:18:20.553478,20.4,41.8,0,0,none,none
2026-02-04T03:18:22.808397,20.4,41.8,0,0,none,none
2026-02-04T03:18:25.063145,20.4,41.8,0,0,none,none
2026-02-04T03:18:27.317850,20.3,41.7,0,0,none,none
2026-02-04T03:18:29.572711,20.4,41.7,0,0,none,none
2026-02-04T03:18:31.827355,20.4,41.8,0,0,none,none
2026-02-04T03:18:34.082100,20.4,41.8,0,0,none,none
2026-02-04T03:18:36.336964,20.4,41.7,0,0,none,none
2026-02-04T03:18:38.591882,20.4,41.8,0,0,none,none
2026-02-04T03:18:40.846465,20.4,41.7,0,0,none,none
2026-02-04T03:18:43.101343,20.4,41.8,0,0,none,none
2026-02-04T03:18:45.356181,20.4,41.8,0,0,none,none
2026-02-04T03:18:47.610902,20.4,41.7,0,0,none,none
2026-02-04T03:18:49.865843,20.4,41.8,0,0,none,none
2026-02-04T03:18:52.120675,20.4,41.8,0,0,none,none
2026-02-04T03:18:54.375330,20.4,41.8,0,0,none,none
2026-02-04T03:18:56.630356,20.4,41.8,0,0,none,none
2026-02-04T03:18:58.885229,20.4,41.7,0,0,none,none
2026-02-04T03:19:01.139754,20.4,41.8,0,0,none,none
2026-02-04T03:19:03.394520,20.4,41.8,0,0,none,none
2026-02-04T03:19:05.649492,20.3,41.7,0,0,none,none
2026-02-04T03:19:07.903935,20.4,41.8,0,0,none,none
2026-02-04T03:19:10.158489,20.4,41.7,0,0,none,none
2026-02-04T03:19:12.413374,20.3,41.7,0,0,none,none
2026-02-04T03:19:14.667892,20.4,41.8,0,0,none,none
2026-02-04T03:19:16.922647,20.4,41.8,0,0,none,none
2026-02-04T03:19:19.177476,20.3,41.7,0,0,none,none
2026-02-04T03:19:21.432291,20.4,41.8,0,0,none,none
2026-02-04T03:19:23.686917,20.4,41.8,0,0,none,none
2026-02-04T03:19:25.941806,20.4,41.8,0,0,none,none
2026-02-04T03:19:28.196507,20.4,41.8,0,0,none,none
2026-02-04T03:19:30.451581,20.4,41.7,0,0,none,none
2026-02-04T03:19:32.706343,20.4,41.8,0,0,none,none
2026-02-04T03:19:34.961086,20.4,41.8,0,0,none,none
2026-02-04T03:19:37.215764,20.4,41.7,0,0,none,none
2026-02-04T03:19:39.472840,20.4,41.8,0,0,none,none
2026-02-04T03:19:41.727494,20.4,41.8,0,0,none,none
2026-02-04T03:19:43.982322,20.4,41.8,0,0,none,none
2026-02-04T03:19:46.237151,20.4,41.8,0,0,none,none
2026-02-04T03:19:48.491469,20.4,41.8,0,0,none,none
2026-02-04T03:19:50.746250,20.4,41.8,0,0,none,none
2026-02-04T03:19:53.001204,20.4,41.8,0,0,none,none
2026-02-04T03:19:55.255854,20.4,41.8,0,0,none,none
2026-02-04T03:19:57.510263,20.4,41.8,0,0,none,none
2026-02-04T03:19:59.764978,20.4,41.8,0,0,none,none
2026-02-04T03:20:02.019638,20.4,41.7,0,0,none,none
2026-02-04T03:20:04.274489,20.4,41.8,0,0,none,none
2026-02-04T03:20:06.529450,20.4,41.8,0,0,none,none
2026-02-04T03:20:08.783977,20.4,41.7,0,0,none,none
2026-02-04T03:20:11.038816,20.4,41.8,0,0,none,none
2026-02-04T03:20:13.293556,20.4,41.8,0,0,none,none
2026-02-04T03:20:15.548317,20.4,41.7,0,0,none,none
2026-02-04T03:20:17.803159,20.4,41.7,0,0,none,none
2026-02-04T03:20:20.058057,20.4,41.7,0,0,none,none
2026-02-04T03:20:22.312695,20.4,41.7,0,0,none,none
2026-02-04T03:20:24.567541,20.4,41.8,0,0,none,none
2026-02-04T03:20:26.822444,20.4,41.8,0,0,none,none
2026-02-04T03:20:29.077161,20.4,41.8,0,0,none,none
2026-02-04T03:20:31.331755,20.4,41.8,0,0,none,none
2026-02-04T03:20:33.586768,20.4,41.8,0,0,none,none
2026-02-04T03:20:35.841409,20.4,41.8,0,0,none,none
2026-02-04T03:20:38.096249,20.4,41.8,0,0,none,none
2026-02-04T03:20:40.350790,20.4,41.8,0,0,none,none
2026-02-04T03:20:42.605534,20.4,41.8,0,0,none,none
2026-02-04T03:20:44.860352,20.4,41.8,0,0,none,none
2026-02-04T03:20:47.115249,20.4,41.8,0,0,none,none
2026-02-04T03:20:49.369950,20.4,41.8,0,0,none,none
2026-02-04T03:20:51.624975,20.4,41.8,0,0,none,none
2026-02-04T03:20:53.879541,20.4,41.8,0,0,none,none
2026-02-04T03:20:56.134175,20.4,41.7,0,0,none,none
2026-02-04T03:20:58.389143,20.4,41.8,0,0,none,none
2026-02-04T03:21:00.644217,20.4,41.8,0,0,none,none
2026-02-04T03:21:02.898797,20.4,41.8,0,0,none,none
2026-02-04T03:21:05.153800,20.4,41.8,0,0,none,none
2026-02-04T03:21:07.409921,20.4,41.8,0,0,none,none
2026-02-04T03:21:09.664718,20.4,41.7,0,0,none,none
2026-02-04T03:21:11.919197,20.4,41.8,0,0,none,none
2026-02-04T03:21:14.174119,20.4,41.8,0,0,none,none
2026-02-04T03:21:16.429031,20.4,41.7,0,0,none,none
2026-02-04T03:21:18.683884,20.4,41.7,0,0,none,none
2026-02-04T03:21:20.938744,20.4,41.7,0,0,none,none
2026-02-04T03:21:23.193525,20.4,41.8,0,0,none,none
2026-02-04T03:21:25.448472,20.3,41.7,0,0,none,none
2026-02-04T03:21:27.703258,20.4,41.8,0,0,none,none
2026-02-04T03:21:29.957989,20.3,41.7,0,0,none,none
2026-02-04T03:21:32.212859,20.4,41.8,0,0,none,none
2026-02-04T03:21:34.467911,20.4,41.8,0,0,none,none
2026-02-04T03:21:36.722580,20.4,41.8,0,0,none,none
2026-02-04T03:21:38.977561,20.4,41.8,0,0,none,none
2026-02-04T03:21:41.232432,20.4,41.8,0,0,none,none
2026-02-04T03:21:43.487018,20.4,41.8,0,0,none,none
2026-02-04T03:21:45.742056,20.3,41.7,0,0,none,none
2026-02-04T03:21:47.996907,20.4,41.8,0,0,none,none
2026-02-04T03:21:50.251574,20.4,41.8,0,0,none,none
2026-02-04T03:21:52.506632,20.4,41.8,0,0,none,none
2026-02-04T03:21:54.761578,20.4,41.8,0,0,none,none
2026-02-04T03:21:57.016266,20.4,41.8,0,0,none,none
2026-02-04T03:21:59.270955,20.4,41.8,0,0,none,none
2026-02-04T03:22:01.525996,20.4,41.8,0,0,none,none
2026-02-04T03:22:03.780645,20.4,41.8,0,0,none,none
2026-02-04T03:22:06.035488,20.4,41.8,0,0,none,none
2026-02-04T03:22:08.290296,20.4,41.8,0,0,none,none
2026-02-04T03:22:10.545104,20.4,41.7,0,0,none,none
2026-02-04T03:22:12.799727,20.4,41.8,0,0,none,none
2026-02-04T03:22:15.054521,20.3,41.7,0,0,none,none
2026-02-04T03:22:17.309195,20.4,41.8,0,0,none,none
2026-02-04T03:22:19.563706,20.4,41.8,0,0,none,none
2026-02-04T03:22:21.818474,20.4,41.8,0,0,none,none
2026-02-04T03:22:24.073238,20.4,41.8,0,0,none,none
2026-02-04T03:22:26.328078,20.4,41.8,0,0,none,none
2026-02-04T03:22:28.582958,20.4,41.8,0,0,none,none
2026-02-04T03:22:30.837657,20.4,41.8,0,0,none,none
2026-02-04T03:22:33.092608,20.3,41.8,0,0,none,none
2026-02-04T03:22:35.347549,20.4,41.8,0,0,none,none
2026-02-04T03:22:37.602324,20.4,41.8,0,0,none,none
2026-02-04T03:22:39.857195,20.4,41.8,0,0,none,none
2026-02-04T03:22:42.112013,20.4,41.8,0,0,none,none
2026-02-04T03:22:44.366284,20.4,41.8,0,0,none,none
2026-02-04T03:22:46.621276,20.3,41.7,0,0,none,none
2026-02-04T03:22:48.876092,20.4,41.8,0,0,none,none
2026-02-04T03:22:51.130512,20.4,41.8,0,0,none,none
2026-02-04T03:22:53.385348,20.4,41.8,0,0,none,none
2026-02-04T03:22:55.640406,20.4,41.8,0,0,none,none
2026-02-04T03:22:57.895059,20.4,41.8,0,0,none,none
2026-02-04T03:23:00.149997,20.3,41.7,0,0,none,none
2026-02-04T03:23:02.404821,20.3,41.7,0,0,none,none
2026-02-04T03:23:04.659619,20.4,41.8,0,0,none,none
2026-02-04T03:23:06.914437,20.4,41.8,0,0,none,none
2026-02-04T03:23:09.169324,20.3,41.7,0,0,none,none
2026-02-04T03:23:11.424013,20.4,41.8,0,0,none,none
2026-02-04T03:23:13.678919,20.4,41.8,0,0,none,none
2026-02-04T03:23:15.933798,20.4,41.8,0,0,none,none
2026-02-04T03:23:18.188402,20.4,41.8,0,0,none,none
2026-02-04T03:23:20.443215,20.4,41.8,0,0,none,none
2026-02-04T03:23:22.697915,20.4,41.8,0,0,none,none
2026-02-04T03:23:24.952534,20.3,41.8,0,0,none,none
2026-02-04T03:23:27.207198,20.4,41.8,0,0,none,none
2026-02-04T03:23:29.461709,20.4,41.8,0,0,none,none
2026-02-04T03:23:31.716444,20.4,41.8,0,0,none,none
2026-02-04T03:23:33.971111,20.4,41.8,0,0,none,none
2026-02-04T03:23:36.226056,20.4,41.8,0,0,none,none
2026-02-04T03:23:38.480835,20.4,41.8,0,0,none,none
2026-02-04T03:23:40.735556,20.4,41.8,0,0,none,none
2026-02-04T03:23:42.992501,20.4,41.8,0,0,none,none
2026-02-04T03:23:45.247000,20.4,41.8,0,0,none,none
2026-02-04T03:23:47.502037,20.4,41.8,0,0,none,none
2026-02-04T03:23:49.756905,20.4,41.8,0,0,none,none
2026-02-04T03:23:52.011364,20.4,41.8,0,0,none,none
2026-02-04T03:23:54.266206,20.4,41.8,0,0,none,none
2026-02-04T03:23:56.521136,20.4,41.8,0,0,none,none
2026-02-04T03:23:58.775587,20.4,41.8,0,0,none,none
2026-02-04T03:24:01.030194,20.3,41.7,0,0,none,none
2026-02-04T03:24:03.285085,20.4,41.8,0,0,none,none
2026-02-04T03:24:05.539725,20.4,41.8,0,0,none,none
2026-02-04T03:24:07.794492,20.4,41.8,0,0,none,none
2026-02-04T03:24:10.049327,20.3,41.7,0,0,none,none
2026-02-04T03:24:12.303938,20.4,41.8,0,0,none,none
2026-02-04T03:24:14.558869,20.4,41.8,0,0,none,none
2026-02-04T03:24:16.813790,20.4,41.8,0,0,none,none
2026-02-04T03:24:19.068491,20.4,41.8,0,0,none,none
2026-02-04T03:24:21.323239,20.4,41.8,0,0,none,none
2026-02-04T03:24:23.577846,20.4,41.8,0,0,none,none
2026-02-04T03:24:25.832288,20.4,41.8,0,0,none,none
2026-02-04T03:24:28.086955,20.4,41.8,0,0,none,none
2026-02-04T03:24:30.341878,20.4,41.8,0,0,none,none
2026-02-04T03:24:32.596638,20.3,41.8,0,0,none,none
2026-02-04T03:24:34.851053,20.4,41.8,0,0,none,none
2026-02-04T03:24:37.105912,20.4,41.8,0,0,none,none
2026-02-04T03:24:39.360586,20.4,41.8,0,0,none,none
2026-02-04T03:24:41.615536,20.4,41.8,0,0,none,none
2026-02-04T03:24:43.870251,20.4,41.8,0,0,none,none
2026-02-04T03:24:46.124957,20.4,41.8,0,0,none,none
2026-02-04T03:24:48.379611,20.4,41.8,0,0,none,none
2026-02-04T03:24:50.636712,20.4,41.9,0,0,none,none
2026-02-04T03:24:52.891238,20.4,41.8,0,0,none,none
2026-02-04T03:24:55.146152,20.3,41.7,0,0,none,none
2026-02-04T03:24:57.400929,20.3,41.8,0,0,none,none
2026-02-04T03:24:59.655767,20.3,41.7,0,0,none,none
2026-02-04T03:25:01.910387,20.4,41.8,0,0,none,none
2026-02-04T03:25:04.165322,20.4,41.8,0,0,none,none
2026-02-04T03:25:06.419780,20.4,41.8,0,0,none,none
2026-02-04T03:25:08.674721,20.4,41.8,0,0,none,none
2026-02-04T03:25:10.929628,20.4,41.9,0,0,none,none
2026-02-04T03:25:13.184265,20.3,41.8,0,0,none,none
2026-02-04T03:25:15.439231,20.4,41.9,0,0,none,none
2026-02-04T03:25:17.693579,20.4,41.9,0,0,none,none
2026-02-04T03:25:19.948322,20.4,41.9,0,0,none,none
2026-02-04T03:25:22.203102,20.4,41.9,0,0,none,none
2026-02-04T03:25:24.458112,20.4,41.9,0,0,none,none
2026-02-04T03:25:26.712781,20.4,41.9,0,0,none,none
2026-02-04T03:25:28.967575,20.4,41.9,0,0,none,none
2026-02-04T03:25:31.222386,20.4,41.8,0,0,none,none
2026-02-04T03:25:33.477147,20.4,41.8,0,0,none,none
2026-02-04T03:25:35.732033,20.4,41.9,0,0,none,none
2026-02-04T03:25:37.986882,20.4,41.8,0,0,none,none
2026-02-04T03:25:40.241558,20.4,41.9,0,0,none,none
2026-02-04T03:25:42.496551,20.3,41.8,0,0,none,none
2026-02-04T03:25:44.751351,20.4,41.9,0,0,none,none
2026-02-04T03:25:47.006040,20.4,41.9,0,0,none,none
2026-02-04T03:25:49.260861,20.4,41.8,0,0,none,none
2026-02-04T03:25:51.515854,20.4,41.9,0,0,none,none
2026-02-04T03:25:53.770618,20.4,41.8,0,0,none,none
2026-02-04T03:25:56.025402,20.4,41.9,0,0,none,none
2026-02-04T03:25:58.280241,20.4,41.8,0,0,none,none
2026-02-04T03:26:00.534828,20.4,41.9,0,0,none,none
2026-02-04T03:26:02.789820,20.3,41.9,0,0,none,none
2026-02-04T03:26:05.044695,20.4,41.9,0,0,none,none
2026-02-04T03:26:07.299320,20.3,41.8,0,0,none,none
2026-02-04T03:26:09.554229,20.4,41.9,0,0,none,none
2026-02-04T03:26:11.809041,20.4,41.9,0,0,none,none
2026-02-04T03:26:14.063625,20.4,41.9,0,0,none,none
2026-02-04T03:26:16.318527,20.4,41.8,0,0,none,none
2026-02-04T03:26:18.573529,20.4,41.9,0,0,none,none
2026-02-04T03:26:20.828272,20.3,41.8,0,0,none,none
2026-02-04T03:26:23.083099,20.4,41.9,0,0,none,none
2026-02-04T03:26:25.338054,20.4,41.9,0,0,none,none
2026-02-04T03:26:27.592900,20.4,41.9,0,0,none,none
2026-02-04T03:26:29.847769,20.4,41.8,0,0,none,none
2026-02-04T03:26:32.102598,20.4,41.8,0,0,none,none
2026-02-04T03:26:34.357248,20.4,41.9,0,0,none,none
2026-02-04T03:26:36.612199,20.4,41.9,0,0,none,none
2026-02-04T03:26:38.867105,20.4,41.9,0,0,none,none
2026-02-04T03:26:41.121794,20.4,41.9,0,0,none,none
2026-02-04T03:26:43.376558,20.3,41.9,0,0,none,none
2026-02-04T03:26:45.631615,20.4,41.9,0,0,none,none
2026-02-04T03:26:47.886120,20.4,41.9,0,0,none,none
2026-02-04T03:26:50.141013,20.4,41.9,0,0,none,none
2026-02-04T03:26:52.395813,20.4,41.9,0,0,none,none
2026-02-04T03:26:54.650572,20.4,41.9,0,0,none,none
2026-02-04T03:26:56.905518,20.4,41.9,0,0,none,none
2026-02-04T03:26:59.160462,20.4,41.9,0,0,none,none
2026-02-04T03:27:01.415097,20.4,41.9,0,0,none,none
2026-02-04T03:27:03.670186,20.4,41.9,0,0,none,none
2026-02-04T03:27:05.925128,20.4,41.9,0,0,none,none
2026-02-04T03:27:08.179810,20.4,41.9,0,0,none,none
2026-02-04T03:27:10.434627,20.4,41.9,0,0,none,none
2026-02-04T03:27:12.740614,20.4,41.9,0,0,none,none
2026-02-04T03:27:14.995385,20.4,41.9,0,0,none,none
2026-02-04T03:27:17.250393,20.4,41.9,0,0,none,none
2026-02-04T03:27:19.505003,20.4,41.9,0,0,none,none
2026-02-04T03:27:21.759421,20.4,41.9,0,0,none,none
2026-02-04T03:27:24.014378,20.4,41.9,0,0,none,none
2026-02-04T03:27:26.269364,20.4,41.9,0,0,none,none
2026-02-04T03:27:28.524180,20.4,41.9,0,0,none,none
2026-02-04T03:27:30.779043,20.4,41.9,0,0,none,none
2026-02-04T03:27:33.033991,20.4,41.9,0,0,none,none
2026-02-04T03:27:35.288797,20.4,41.9,0,0,none,none
2026-02-04T03:27:37.543906,20.4,41.9,0,0,none,none
2026-02-04T03:27:39.798765,20.4,41.9,0,0,none,none
2026-02-04T03:27:42.053454,20.4,41.9,0,0,none,none
2026-02-04T03:27:44.308077,20.4,41.9,0,0,none,none
2026-02-04T03:27:46.563169,20.4,41.9,0,0,none,none
2026-02-04T03:27:48.817982,20.4,41.9,0,0,none,none
2026-02-04T03:27:51.072906,20.4,41.9,0,0,none,none
2026-02-04T03:27:53.327877,20.4,41.9,0,0,none,none
2026-02-04T03:27:55.582806,20.3,41.9,0,0,none,none
2026-02-04T03:27:57.837897,20.4,41.9,0,0,none,none
2026-02-04T03:28:00.092830,20.4,41.9,0,0,none,none
2026-02-04T03:28:02.347584,20.4,41.9,0,0,none,none
2026-02-04T03:28:04.602088,20.4,41.9,0,0,none,none
2026-02-04T03:28:06.857041,20.4,41.9,0,0,none,none
2026-02-04T03:28:09.111773,20.4,41.9,0,0,none,none
2026-02-04T03:28:11.366692,20.4,42.0,0,0,none,none
2026-02-04T03:28:13.621785,20.3,41.9,0,0,none,none
2026-02-04T03:28:15.876525,20.4,41.9,0,0,none,none
2026-02-04T03:28:18.130934,20.4,41.9,0,0,none,none
2026-02-04T03:28:20.385954,20.4,41.9,0,0,none,none
2026-02-04T03:28:22.640836,20.4,41.9,0,0,none,none
2026-02-04T03:28:24.895711,20.4,41.9,0,0,none,none
2026-02-04T03:28:27.150639,20.4,41.9,0,0,none,none
2026-02-04T03:28:29.405314,20.4,41.9,0,0,none,none
2026-02-04T03:28:31.660332,20.4,41.9,0,0,none,none
2026-02-04T03:28:33.915287,20.4,41.9,0,0,none,none
2026-02-04T03:28:36.170093,20.4,41.9,0,0,none,none
2026-02-04T03:28:38.425009,20.4,41.9,0,0,none,none
2026-02-04T03:28:40.679900,20.4,41.9,0,0,none,none
2026-02-04T03:28:42.934454,20.4,41.9,0,0,none,none
2026-02-04T03:28:45.189478,20.4,41.9,0,0,none,none
2026-02-04T03:28:47.444562,20.3,41.9,0,0,none,none
2026-02-04T03:28:49.699441,20.4,41.9,0,0,none,none
2026-02-04T03:28:51.953887,20.3,41.8,0,0,none,none
2026-02-04T03:28:54.208819,20.3,41.8,0,0,none,none
2026-02-04T03:28:56.463610,20.4,41.8,0,0,none,none
2026-02-04T03:28:58.718457,20.4,41.8,0,0,none,none
2026-02-04T03:29:00.973346,20.4,41.8,0,0,none,none
2026-02-04T03:29:03.227807,20.4,41.8,0,0,none,none
2026-02-04T03:29:05.482753,20.4,41.8,0,0,none,none
2026-02-04T03:29:07.737802,20.4,41.8,0,0,none,none
2026-02-04T03:29:09.992532,20.4,41.9,0,0,none,none
2026-02-04T03:29:12.247358,20.4,41.8,0,0,none,none
2026-02-04T03:29:14.502097,20.3,41.7,0,0,none,none
2026-02-04T03:29:16.756871,20.4,41.8,0,0,none,none
2026-02-04T03:29:19.011557,20.3,41.8,0,0,none,none
2026-02-04T03:29:21.266478,20.4,41.8,0,0,none,none
2026-02-04T03:29:23.521394,20.3,41.8,0,0,none,none
2026-02-04T03:29:25.776309,20.4,41.8,0,0,none,none
2026-02-04T03:29:28.031251,20.4,41.8,0,0,none,none
2026-02-04T03:29:30.286027,20.4,41.8,0,0,none,none
2026-02-04T03:29:32.541106,20.4,41.8,0,0,none,none
2026-02-04T03:29:34.796058,20.3,41.7,0,0,none,none
2026-02-04T03:29:37.050689,20.4,41.8,0,0,none,none
2026-02-04T03:29:39.305673,20.3,41.7,0,0,none,none
2026-02-04T03:29:41.560696,20.4,41.8,0,0,none,none
2026-02-04T03:29:43.815338,20.4,41.8,0,0,none,none
2026-02-04T03:29:46.070359,20.4,41.8,0,0,none,none
2026-02-04T03:29:48.325357,20.4,41.8,0,0,none,none
2026-02-04T03:29:50.580231,20.4,41.8,0,0,none,none
2026-02-04T03:29:52.835212,20.4,41.8,0,0,none,none
2026-02-04T03:29:55.090199,20.4,41.8,0,0,none,none
2026-02-04T03:29:57.344918,20.4,41.8,0,0,none,none
2026-02-04T03:29:59.599761,20.4,41.8,0,0,none,none
2026-02-04T03:30:01.854762,20.4,41.8,0,0,none,none
2026-02-04T03:30:04.109492,20.4,41.8,0,0,none,none
2026-02-04T03:30:06.364280,20.4,41.8,0,0,none,none
2026-02-04T03:30:08.619318,20.4,41.8,0,0,none,none
2026-02-04T03:30:10.874087,20.4,41.8,0,0,none,none
2026-02-04T03:30:13.129306,20.4,41.8,0,0,none,none
2026-02-04T03:30:15.384174,20.4,41.8,0,0,none,none
2026-02-04T03:30:17.639038,20.4,41.8,0,0,none,none
2026-02-04T03:30:19.894039,20.4,41.8,0,0,none,none
2026-02-04T03:30:22.148930,20.4,41.8,0,0,none,none
2026-02-04T03:30:24.403550,20.4,41.8,0,0,none,none
2026-02-04T03:30:26.658106,20.4,41.8,0,0,none,none
2026-02-04T03:30:28.912953,20.4,41.8,0,0,none,none
2026-02-04T03:30:31.167324,20.4,41.8,0,0,none,none
2026-02-04T03:30:33.422321,20.4,41.8,0,0,none,none
2026-02-04T03:30:35.677346,20.4,41.9,0,0,none,none
2026-02-04T03:30:37.931983,20.3,41.7,0,0,none,none
2026-02-04T03:30:40.186934,20.4,41.8,0,0,none,none
2026-02-04T03:30:42.442000,20.4,41.8,0,0,none,none
2026-02-04T03:30:44.696732,20.4,41.8,0,0,none,none
2026-02-04T03:30:46.951701,20.4,41.8,0,0,none,none
2026-02-04T03:30:49.206503,20.4,41.8,0,0,none,none
2026-02-04T03:30:51.461359,20.4,41.8,0,0,none,none
2026-02-04T03:30:53.716264,20.3,41.7,0,0,none,none
2026-02-04T03:30:55.971120,20.4,41.8,0,0,none,none
2026-02-04T03:30:58.225908,20.4,41.8,0,0,none,none
2026-02-04T03:31:00.480949,20.4,41.8,0,0,none,none
2026-02-04T03:31:02.735839,20.4,41.8,0,0,none,none
2026-02-04T03:31:04.990552,20.4,41.8,0,0,none,none
2026-02-04T03:31:07.245416,20.4,41.9,0,0,none,none
2026-02-04T03:31:09.500187,20.4,41.8,0,0,none,none
2026-02-04T03:31:11.754811,20.4,41.8,0,0,none,none
2026-02-04T03:31:14.009913,20.4,41.8,0,0,none,none
2026-02-04T03:31:16.264772,20.3,41.7,0,0,none,none
2026-02-04T03:31:18.519185,20.4,41.8,0,0,none,none
2026-02-04T03:31:20.774095,20.3,41.7,0,0,none,none
2026-02-04T03:31:23.029013,20.4,41.8,0,0,none,none
2026-02-04T03:31:25.283688,20.4,41.8,0,0,none,none
2026-02-04T03:31:27.538654,20.3,41.7,0,0,none,none
2026-02-04T03:31:29.793521,20.3,41.7,0,0,none,none
2026-02-04T03:31:32.048194,20.4,41.8,0,0,none,none
2026-02-04T03:31:34.303127,20.4,41.8,0,0,none,none
2026-02-04T03:31:36.558167,20.3,41.7,0,0,none,none
2026-02-04T03:31:38.812839,20.4,41.8,0,0,none,none
2026-02-04T03:31:41.067710,20.4,41.8,0,0,none,none
2026-02-04T03:31:43.322513,20.4,41.8,0,0,none,none
2026-02-04T03:31:45.577479,20.4,41.8,0,0,none,none
2026-02-04T03:31:47.832304,20.3,41.7,0,0,none,none
2026-02-04T03:31:50.087109,20.4,41.8,0,0,none,none
2026-02-04T03:31:52.341883,20.4,41.8,0,0,none,none
2026-02-04T03:31:54.596946,20.4,41.8,0,0,none,none
2026-02-04T03:31:56.851930,20.4,41.8,0,0,none,none
2026-02-04T03:31:59.106680,20.4,41.8,0,0,none,none
2026-02-04T03:32:01.361532,20.4,41.8,0,0,none,none
2026-02-04T03:32:03.616608,20.4,41.8,0,0,none,none
2026-02-04T03:32:05.871377,20.4,41.8,0,0,none,none
2026-02-04T03:32:08.126350,20.4,41.8,0,0,none,none
2026-02-04T03:32:10.383365,20.4,41.8,0,0,none,none
2026-02-04T03:32:12.638236,20.4,41.7,0,0,none,none
2026-02-04T03:32:14.893164,20.4,41.8,0,0,none,none
2026-02-04T03:32:17.148058,20.4,41.7,0,0,none,none
2026-02-04T03:32:19.402720,20.4,41.7,0,0,none,none
2026-02-04T03:32:21.657687,20.4,41.7,0,0,none,none
2026-02-04T03:32:23.912529,20.4,41.8,0,0,none,none
2026-02-04T03:32:26.166742,20.4,41.7,0,0,none,none
2026-02-04T03:32:28.421616,20.4,41.8,0,0,none,none
2026-02-04T03:32:30.676687,20.4,41.7,0,0,none,none
2026-02-04T03:32:32.931426,20.4,41.8,0,0,none,none
2026-02-04T03:32:35.186379,20.4,41.8,0,0,none,none
2026-02-04T03:32:37.441364,20.4,41.8,0,0,none,none
2026-02-04T03:32:39.696099,20.4,41.7,0,0,none,none
2026-02-04T03:32:41.951035,20.4,41.8,0,0,none,none
2026-02-04T03:32:44.205974,20.3,41.7,0,0,none,none
2026-02-04T03:32:46.460822,20.3,41.7,0,0,none,none
2026-02-04T03:32:48.715704,20.4,41.8,0,0,none,none
2026-02-04T03:32:50.970653,20.4,41.8,0,0,none,none
2026-02-04T03:32:53.225388,20.4,41.8,0,0,none,none
2026-02-04T03:32:55.480457,20.4,41.8,0,0,none,none
2026-02-04T03:32:57.735225,20.4,41.8,0,0,none,none
2026-02-04T03:32:59.989964,20.4,41.8,0,0,none,none
2026-02-04T03:33:02.244895,20.4,41.7,0,0,none,none
2026-02-04T03:33:04.499346,20.4,41.8,0,0,none,none
2026-02-04T03:33:06.754105,20.4,41.8,0,0,none,none
2026-02-04T03:33:09.009092,20.4,41.8,0,0,none,none
2026-02-04T03:33:11.263943,20.4,41.8,0,0,none,none
2026-02-04T03:33:13.518659,20.4,41.8,0,0,none,none
2026-02-04T03:33:15.773160,20.4,41.8,0,0,none,none
2026-02-04T03:33:18.028088,20.4,41.8,0,0,none,none
2026-02-04T03:33:20.282797,20.4,41.7,0,0,none,none
2026-02-04T03:33:22.537903,20.4,41.8,0,0,none,none
2026-02-04T03:33:24.792822,20.4,41.8,0,0,none,none
2026-02-04T03:33:27.047406,20.4,41.8,0,0,none,none
2026-02-04T03:33:29.302110,20.4,41.8,0,0,none,none
2026-02-04T03:33:31.557100,20.4,41.8,0,0,none,none
2026-02-04T03:33:33.811464,20.4,41.8,0,0,none,none
2026-02-04T03:33:36.066361,20.3,41.7,0,0,none,none
2026-02-04T03:33:38.321178,20.4,41.8,0,0,none,none
2026-02-04T03:33:40.576038,20.4,41.8,0,0,none,none
2026-02-04T03:33:42.830927,20.4,41.8,0,0,none,none
2026-02-04T03:33:45.085376,20.4,41.8,0,0,none,none
2026-02-04T03:33:47.340115,20.4,41.8,0,0,none,none
2026-02-04T03:33:49.595189,20.4,41.8,0,0,none,none
2026-02-04T03:33:51.850028,20.4,41.7,0,0,none,none
2026-02-04T03:33:54.104705,20.3,41.7,0,0,none,none
2026-02-04T03:33:56.359636,20.4,41.8,0,0,none,none
2026-02-04T03:33:58.614484,20.4,41.8,0,0,none,none
2026-02-04T03:34:00.869210,20.4,41.8,0,0,none,none
2026-02-04T03:34:03.124190,20.4,41.8,0,0,none,none
2026-02-04T03:34:05.379088,20.3,41.7,0,0,none,none
2026-02-04T03:34:07.633904,20.4,41.8,0,0,none,none
2026-02-04T03:34:09.888774,20.4,41.7,0,0,none,none
2026-02-04T03:34:12.143545,20.4,41.7,0,0,none,none
2026-02-04T03:34:14.398086,20.4,41.8,0,0,none,none
2026-02-04T03:34:16.653151,20.4,41.8,0,0,none,none
2026-02-04T03:34:18.907830,20.4,41.8,0,0,none,none
2026-02-04T03:34:21.162574,20.4,41.7,0,0,none,none
2026-02-04T03:34:23.417416,20.3,41.7,0,0,none,none
2026-02-04T03:34:25.672414,20.4,41.7,0,0,none,none
2026-02-04T03:34:27.927122,20.4,41.7,0,0,none,none
2026-02-04T03:34:30.182165,20.4,41.7,0,0,none,none
2026-02-04T03:34:32.437247,20.4,41.8,0,0,none,none
2026-02-04T03:34:34.691980,20.4,41.8,0,0,none,none
2026-02-04T03:34:36.946876,20.4,41.7,0,0,none,none
2026-02-04T03:34:39.201875,20.4,41.8,0,0,none,none
2026-02-04T03:34:41.456749,20.4,41.8,0,0,none,none
2026-02-04T03:34:43.711803,20.4,41.8,0,0,none,none
2026-02-04T03:34:45.966625,20.4,41.8,0,0,none,none
2026-02-04T03:34:48.220958,20.4,41.8,0,0,none,none
2026-02-04T03:34:50.476036,20.4,41.8,0,0,none,none
2026-02-04T03:34:52.730857,20.4,41.8,0,0,none,none
2026-02-04T03:34:54.985552,20.4,41.8,0,0,none,none
2026-02-04T03:34:57.240577,20.4,41.7,0,0,none,none
2026-02-04T03:34:59.495670,20.4,41.8,0,0,none,none
2026-02-04T03:35:01.750340,20.4,41.8,0,0,none,none
2026-02-04T03:35:04.005091,20.4,41.7,0,0,none,none
2026-02-04T03:35:06.260026,20.4,41.7,0,0,none,none
2026-02-04T03:35:08.514769,20.4,41.8,0,0,none,none
2026-02-04T03:35:10.769602,20.4,41.7,0,0,none,none
2026-02-04T03:35:13.024498,20.4,41.8,0,0,none,none
2026-02-04T03:35:15.279151,20.4,41.7,0,0,none,none
2026-02-04T03:35:17.534142,20.4,41.8,0,0,none,none
2026-02-04T03:35:19.789010,20.4,41.8,0,0,none,none
2026-02-04T03:35:22.043698,20.4,41.8,0,0,none,none
2026-02-04T03:35:24.298642,20.4,41.7,0,0,none,none
2026-02-04T03:35:26.553690,20.4,41.8,0,0,none,none
2026-02-04T03:35:28.808371,20.4,41.7,0,0,none,none
2026-02-04T03:35:31.063279,20.4,41.8,0,0,none,none
2026-02-04T03:35:33.318244,20.4,41.8,0,0,none,none
2026-02-04T03:35:35.573189,20.4,41.8,0,0,none,none
2026-02-04T03:35:37.827753,20.4,41.8,0,0,none,none
2026-02-04T03:35:40.082715,20.4,41.8,0,0,none,none
2026-02-04T03:35:42.337509,20.4,41.8,0,0,none,none
2026-02-04T03:35:44.592539,20.4,41.8,0,0,none,none
2026-02-04T03:35:46.847431,20.4,41.8,0,0,none,none
2026-02-04T03:35:49.101997,20.3,41.7,0,0,none,none
2026-02-04T03:35:51.356972,20.4,41.8,0,0,none,none
2026-02-04T03:35:53.612033,20.4,41.7,0,0,none,none
2026-02-04T03:35:55.866738,20.4,41.7,0,0,none,none
2026-02-04T03:35:58.121663,20.4,41.7,0,0,none,none
2026-02-04T03:36:00.376535,20.4,41.8,0,0,none,none
2026-02-04T03:36:02.631402,20.4,41.7,0,0,none,none
2026-02-04T03:36:04.886225,20.4,41.8,0,0,none,none
2026-02-04T03:36:07.141116,20.4,41.8,0,0,none,none
2026-02-04T03:36:09.395630,20.3,41.7,0,0,none,none
2026-02-04T03:36:11.650412,20.4,41.8,0,0,none,none
2026-02-04T03:36:13.905321,20.4,41.8,0,0,none,none
2026-02-04T03:36:16.159867,20.4,41.7,0,0,none,none
2026-02-04T03:36:18.414408,20.4,41.7,0,0,none,none
2026-02-04T03:36:20.669315,20.4,41.7,0,0,none,none
2026-02-04T03:36:22.923534,20.4,41.7,0,0,none,none
2026-02-04T03:36:25.178331,20.4,41.7,0,0,none,none
2026-02-04T03:36:27.433301,20.4,41.8,0,0,none,none
2026-02-04T03:36:29.687985,20.4,41.7,0,0,none,none
2026-02-04T03:36:31.942551,20.4,41.8,0,0,none,none
2026-02-04T03:36:34.197459,20.4,41.7,0,0,none,none
2026-02-04T03:36:36.452047,20.4,41.8,0,0,none,none
2026-02-04T03:36:38.706824,20.4,41.7,0,0,none,none
2026-02-04T03:36:40.961656,20.4,41.8,0,0,none,none
2026-02-04T03:36:43.216298,20.4,41.8,0,0,none,none
2026-02-04T03:36:45.471321,20.4,41.7,0,0,none,none
2026-02-04T03:36:47.725819,20.4,41.7,0,0,none,none
2026-02-04T03:36:49.980329,20.3,41.7,0,0,none,none
2026-02-04T03:36:52.235169,20.4,41.7,0,0,none,none
2026-02-04T03:36:54.490192,20.4,41.8,0,0,none,none
2026-02-04T03:36:56.744849,20.4,41.7,0,0,none,none
2026-02-04T03:36:58.999459,20.4,41.8,0,0,none,none
2026-02-04T03:37:01.254204,20.4,41.7,0,0,none,none
2026-02-04T03:37:03.508948,20.4,41.8,0,0,none,none
2026-02-04T03:37:05.763790,20.4,41.7,0,0,none,none
2026-02-04T03:37:08.018245,20.4,41.8,0,0,none,none
2026-02-04T03:37:10.272935,20.4,41.8,0,0,none,none
2026-02-04T03:37:12.527858,20.4,41.8,0,0,none,none
2026-02-04T03:37:14.782647,20.4,41.8,0,0,none,none
2026-02-04T03:37:17.037367,20.4,41.8,0,0,none,none
2026-02-04T03:37:19.291950,20.3,41.7,0,0,none,none
2026-02-04T03:37:21.546967,20.4,41.8,0,0,none,none
2026-02-04T03:37:23.801708,20.4,41.8,0,0,none,none
2026-02-04T03:37:26.056543,20.4,41.8,0,0,none,none
2026-02-04T03:37:28.311356,20.4,41.8,0,0,none,none
2026-02-04T03:37:30.566183,20.4,41.8,0,0,none,none
2026-02-04T03:37:32.821137,20.4,41.8,0,0,none,none
2026-02-04T03:37:35.075723,20.4,41.8,0,0,none,none
2026-02-04T03:37:37.330321,20.3,41.7,0,0,none,none
2026-02-04T03:37:39.585231,20.4,41.8,0,0,none,none
2026-02-04T03:37:41.840067,20.4,41.8,0,0,none,none
2026-02-04T03:37:44.094648,20.4,41.8,0,0,none,none
2026-02-04T03:37:46.349567,20.4,41.8,0,0,none,none
2026-02-04T03:37:48.604547,20.4,41.8,0,0,none,none
2026-02-04T03:37:50.859056,20.4,41.8,0,0,none,none
2026-02-04T03:37:53.113954,20.4,41.8,0,0,none,none
2026-02-04T03:37:55.370012,20.4,41.8,0,0,none,none
2026-02-04T03:37:57.624724,20.4,41.8,0,0,none,none
2026-02-04T03:37:59.879317,20.3,41.7,0,0,none,none
2026-02-04T03:38:02.133937,20.4,41.8,0,0,none,none
2026-02-04T03:38:04.388625,20.4,41.8,0,0,none,none
2026-02-04T03:38:06.643585,20.4,41.8,0,0,none,none
2026-02-04T03:38:08.898508,20.4,41.8,0,0,none,none
2026-02-04T03:38:11.153176,20.3,41.7,0,0,none,none
2026-02-04T03:38:13.408042,20.4,41.8,0,0,none,none
2026-02-04T03:38:15.662994,20.4,41.8,0,0,none,none
2026-02-04T03:38:17.917695,20.4,41.8,0,0,none,none
2026-02-04T03:38:20.172545,20.4,41.8,0,0,none,none
2026-02-04T03:38:22.427457,20.4,41.8,0,0,none,none
2026-02-04T03:38:24.682124,20.4,41.8,0,0,none,none
2026-02-04T03:38:26.937025,20.4,41.8,0,0,none,none
2026-02-04T03:38:29.191829,20.4,41.8,0,0,none,none
2026-02-04T03:38:31.446398,20.4,41.8,0,0,none,none
2026-02-04T03:38:33.701328,20.4,41.8,0,0,none,none
2026-02-04T03:38:35.956083,20.4,41.8,0,0,none,none
2026-02-04T03:38:38.210676,20.4,41.8,0,0,none,none
2026-02-04T03:38:40.465659,20.4,41.8,0,0,none,none
2026-02-04T03:38:42.720222,20.4,41.8,0,0,none,none
2026-02-04T03:38:44.974734,20.4,41.8,0,0,none,none
2026-02-04T03:38:47.229583,20.4,41.8,0,0,none,none
2026-02-04T03:38:49.484474,20.4,41.8,0,0,none,none
2026-02-04T03:38:51.739001,20.4,41.8,0,0,none,none
2026-02-04T03:38:53.993913,20.4,41.8,0,0,none,none
2026-02-04T03:38:56.248768,20.4,41.8,0,0,none,none
2026-02-04T03:38:58.503394,20.4,41.8,0,0,none,none
2026-02-04T03:39:00.758356,20.4,41.8,0,0,none,none
2026-02-04T03:39:03.013224,20.4,41.8,0,0,none,none
2026-02-04T03:39:05.267923,20.4,41.8,0,0,none,none
2026-02-04T03:39:07.522364,20.4,41.8,0,0,none,none
2026-02-04T03:39:09.777220,20.4,41.8,0,0,none,none
2026-02-04T03:39:12.031778,20.4,41.8,0,0,none,none
2026-02-04T03:39:14.286571,20.4,41.8,0,0,none,none
2026-02-04T03:39:16.541563,20.4,41.8,0,0,none,none
2026-02-04T03:39:18.796244,20.4,41.8,0,0,none,none
2026-02-04T03:39:21.050961,20.4,41.8,0,0,none,none
2026-02-04T03:39:23.305830,20.4,41.8,0,0,none,none
2026-02-04T03:39:25.560517,20.4,41.8,0,0,none,none
2026-02-04T03:39:27.815273,20.4,41.8,0,0,none,none
2026-02-04T03:39:30.069990,20.3,41.7,0,0,none,none
2026-02-04T03:39:32.324666,20.4,41.8,0,0,none,none
2026-02-04T03:39:34.579500,20.4,41.8,0,0,none,none
2026-02-04T03:39:36.834263,20.4,41.8,0,0,none,none
2026-02-04T03:39:39.088869,20.4,41.8,0,0,none,none
2026-02-04T03:39:41.343713,20.4,41.8,0,0,none,none
2026-02-04T03:39:43.598577,20.4,41.8,0,0,none,none
2026-02-04T03:39:45.853269,20.4,41.8,0,0,none,none
2026-02-04T03:39:48.108060,20.4,41.8,0,0,none,none
2026-02-04T03:39:50.362883,20.4,41.8,0,0,none,none
2026-02-04T03:39:52.617648,20.4,41.8,0,0,none,none
2026-02-04T03:39:54.872517,20.4,41.8,0,0,none,none
2026-02-04T03:39:57.127114,20.3,41.8,0,0,none,none
2026-02-04T03:39:59.381859,20.4,41.8,0,0,none,none
2026-02-04T03:40:01.636720,20.4,41.8,0,0,none,none
2026-02-04T03:40:03.891439,20.4,41.9,0,0,none,none
2026-02-04T03:40:06.146134,20.3,41.8,0,0,none,none
2026-02-04T03:40:08.400997,20.4,41.8,0,0,none,none
2026-02-04T03:40:10.655798,20.4,41.9,0,0,none,none
2026-02-04T03:40:12.910400,20.3,41.8,0,0,none,none
2026-02-04T03:40:15.165224,20.4,41.8,0,0,none,none
2026-02-04T03:40:17.420029,20.4,41.9,0,0,none,none
2026-02-04T03:40:19.674672,20.4,41.9,0,0,none,none
2026-02-04T03:40:21.929572,20.4,41.8,0,0,none,none
2026-02-04T03:40:24.184528,20.3,41.7,0,0,none,none
2026-02-04T03:40:26.439295,20.4,41.8,0,0,none,none
2026-02-04T03:40:28.694210,20.4,41.8,0,0,none,none
2026-02-04T03:40:30.949046,20.3,41.7,0,0,none,none
2026-02-04T03:40:33.203708,20.4,41.8,0,0,none,none
2026-02-04T03:40:35.458610,20.4,41.8,0,0,none,none
2026-02-04T03:40:37.713524,20.4,41.8,0,0,none,none
2026-02-04T03:40:39.967901,20.4,41.8,0,0,none,none
2026-02-04T03:40:42.222565,20.4,41.8,0,0,none,none
2026-02-04T03:40:44.477549,20.4,41.8,0,0,none,none
2026-02-04T03:40:46.732238,20.4,41.8,0,0,none,none
2026-02-04T03:40:48.987087,20.4,41.9,0,0,none,none
2026-02-04T03:40:51.241917,20.4,41.8,0,0,none,none
2026-02-04T03:40:53.496145,20.4,41.9,0,0,none,none
2026-02-04T03:40:55.750868,20.4,41.8,0,0,none,none
2026-02-04T03:40:58.005798,20.4,41.8,0,0,none,none
2026-02-04T03:41:00.260076,20.3,41.7,0,0,none,none
2026-02-04T03:41:02.514973,20.4,41.8,0,0,none,none
2026-02-04T03:41:04.771905,20.4,41.8,0,0,none,none
2026-02-04T03:41:07.026395,20.4,41.8,0,0,none,none
2026-02-04T03:41:09.281288,20.4,41.8,0,0,none,none
2026-02-04T03:41:11.536268,20.4,41.8,0,0,none,none
2026-02-04T03:41:13.790955,20.4,41.8,0,0,none,none
2026-02-04T03:41:16.045843,20.3,41.8,0,0,none,none
2026-02-04T03:41:18.300371,20.4,41.8,0,0,none,none
2026-02-04T03:41:20.555084,20.4,41.8,0,0,none,none
2026-02-04T03:41:22.809963,20.4,41.8,0,0,none,none
2026-02-04T03:41:25.064743,20.3,41.8,0,0,none,none
2026-02-04T03:41:27.319130,20.4,41.8,0,0,none,none
2026-02-04T03:41:29.574112,20.4,41.8,0,0,none,none
2026-02-04T03:41:31.828866,20.4,41.9,0,0,none,none
2026-02-04T03:41:34.083325,20.4,41.9,0,0,none,none
2026-02-04T03:41:36.338245,20.4,41.8,0,0,none,none
2026-02-04T03:41:38.593221,20.4,41.9,0,0,none,none
2026-02-04T03:41:40.847860,20.4,41.9,0,0,none,none
2026-02-04T03:41:43.102512,20.4,41.9,0,0,none,none
2026-02-04T03:41:45.357316,20.4,41.9,0,0,none,none
2026-02-04T03:41:47.612089,20.4,41.9,0,0,none,none
2026-02-04T03:41:49.866900,20.4,41.9,0,0,none,none
2026-02-04T03:41:52.121774,20.4,41.9,0,0,none,none
2026-02-04T03:41:54.376377,20.4,41.9,0,0,none,none
2026-02-04T03:41:56.631295,20.4,41.9,0,0,none,none
2026-02-04T03:41:58.885961,20.3,41.9,0,0,none,none
2026-02-04T03:42:01.140557,20.3,41.9,0,0,none,none
2026-02-04T03:42:03.395466,20.4,41.9,0,0,none,none
2026-02-04T03:42:05.650466,20.4,41.9,0,0,none,none
2026-02-04T03:42:07.905101,20.3,41.8,0,0,none,none
2026-02-04T03:42:10.159776,20.3,41.8,0,0,none,none
2026-02-04T03:42:12.414511,20.4,41.9,0,0,none,none
2026-02-04T03:42:14.669332,20.4,41.9,0,0,none,none
2026-02-04T03:42:16.924104,20.3,41.9,0,0,none,none
2026-02-04T03:42:19.178827,20.4,41.9,0,0,none,none
2026-02-04T03:42:21.433572,20.3,41.8,0,0,none,none
2026-02-04T03:42:23.688480,20.3,41.8,0,0,none,none
2026-02-04T03:42:25.943238,20.4,41.8,0,0,none,none
2026-02-04T03:42:28.197928,20.4,41.9,0,0,none,none
2026-02-04T03:42:30.452877,20.4,41.9,0,0,none,none
2026-02-04T03:42:32.707748,20.4,41.8,0,0,none,none
2026-02-04T03:42:34.962238,20.3,41.7,0,0,none,none
2026-02-04T03:42:37.216913,20.4,41.8,0,0,none,none
2026-02-04T03:42:39.471530,20.3,41.7,0,0,none,none
2026-02-04T03:42:41.725987,20.4,41.8,0,0,none,none
2026-02-04T03:42:43.980727,20.4,41.8,0,0,none,none
2026-02-04T03:42:46.235411,20.3,41.7,0,0,none,none
2026-02-04T03:42:48.489795,20.4,41.8,0,0,none,none
2026-02-04T03:42:50.744613,20.4,41.8,0,0,none,none
2026-02-04T03:42:52.999428,20.4,41.8,0,0,none,none
2026-02-04T03:42:55.254111,20.3,41.7,0,0,none,none
2026-02-04T03:42:57.508905,20.3,41.7,0,0,none,none
2026-02-04T03:42:59.763741,20.4,41.8,0,0,none,none
2026-02-04T03:43:02.018400,20.4,41.8,0,0,none,none
2026-02-04T03:43:04.273310,20.3,41.7,0,0,none,none
2026-02-04T03:43:06.528170,20.4,41.8,0,0,none,none
2026-02-04T03:43:08.782897,20.4,41.8,0,0,none,none
2026-02-04T03:43:11.037916,20.4,41.8,0,0,none,none
2026-02-04T03:43:13.292663,20.4,41.8,0,0,none,none
2026-02-04T03:43:15.547401,20.4,41.8,0,0,none,none
2026-02-04T03:43:17.802301,20.4,41.8,0,0,none,none
2026-02-04T03:43:20.057108,20.4,41.8,0,0,none,none
2026-02-04T03:43:22.311759,20.4,41.8,0,0,none,none
2026-02-04T03:43:24.566674,20.3,41.7,0,0,none,none
2026-02-04T03:43:26.821598,20.3,41.7,0,0,none,none
2026-02-04T03:43:29.076402,20.3,41.7,0,0,none,none
2026-02-04T03:43:31.331046,20.4,41.8,0,0,none,none
2026-02-04T03:43:33.588133,20.3,41.7,0,0,none,none
2026-02-04T03:43:35.842704,20.4,41.8,0,0,none,none
2026-02-04T03:43:38.097716,20.4,41.8,0,0,none,none
2026-02-04T03:43:40.352649,20.4,41.8,0,0,none,none
2026-02-04T03:43:42.607387,20.3,41.7,0,0,none,none
2026-02-04T03:43:44.862390,20.4,41.8,0,0,none,none
2026-02-04T03:43:47.119178,20.3,41.7,0,0,none,none
2026-02-04T03:43:49.373886,20.4,41.8,0,0,none,none
2026-02-04T03:43:51.628962,20.3,41.7,0,0,none,none
2026-02-04T03:43:53.883671,20.3,41.7,0,0,none,none
2026-02-04T03:43:56.138349,20.3,41.7,0,0,none,none
2026-02-04T03:43:58.393265,20.4,41.8,0,0,none,none
2026-02-04T03:44:00.648182,20.3,41.7,0,0,none,none
2026-02-04T03:44:02.902502,20.3,41.7,0,0,none,none
2026-02-04T03:44:05.157300,20.4,41.8,0,0,none,none
2026-02-04T03:44:07.412066,20.4,41.8,0,0,none,none
2026-02-04T03:44:09.666856,20.4,41.8,0,0,none,none
2026-02-04T03:44:11.921782,20.3,41.7,0,0,none,none
2026-02-04T03:44:14.176540,20.3,41.7,0,0,none,none
2026-02-04T03:44:16.430937,20.4,41.8,0,0,none,none
2026-02-04T03:44:18.685936,20.4,41.8,0,0,none,none
2026-02-04T03:44:20.940841,20.4,41.7,0,0,none,none
2026-02-04T03:44:23.195381,20.4,41.7,0,0,none,none
2026-02-04T03:44:25.450377,20.4,41.8,0,0,none,none
2026-02-04T03:44:27.705289,20.3,41.7,0,0,none,none
2026-02-04T03:44:29.959833,20.3,41.7,0,0,none,none
2026-02-04T03:44:32.214642,20.4,41.7,0,0,none,none
2026-02-04T03:44:34.469766,20.4,41.8,0,0,none,none
2026-02-04T03:44:36.724384,20.4,41.7,0,0,none,none
2026-02-04T03:44:38.979143,20.4,41.7,0,0,none,none
2026-02-04T03:44:41.233893,20.4,41.8,0,0,none,none
2026-02-04T03:44:43.488589,20.3,41.7,0,0,none,none
2026-02-04T03:44:45.743451,20.4,41.8,0,0,none,none
2026-02-04T03:44:47.997989,20.4,41.7,0,0,none,none
2026-02-04T03:44:50.252663,20.3,41.7,0,0,none,none
2026-02-04T03:44:52.507148,20.4,41.7,0,0,none,none
2026-02-04T03:44:54.762048,20.4,41.7,0,0,none,none
2026-02-04T03:44:57.016725,20.3,41.6,0,0,none,none
2026-02-04T03:44:59.271522,20.4,41.7,0,0,none,none
2026-02-04T03:45:01.526326,20.4,41.7,0,0,none,none
2026-02-04T03:45:03.781006,20.4,41.7,0,0,none,none
2026-02-04T03:45:06.035789,20.4,41.7,0,0,none,none
2026-02-04T03:45:08.290601,20.4,41.7,0,0,none,none
2026-02-04T03:45:10.545463,20.4,41.7,0,0,none,none
2026-02-04T03:45:12.800304,20.4,41.7,0,0,none,none
2026-02-04T03:45:15.054984,20.4,41.8,0,0,none,none
2026-02-04T03:45:17.309622,20.4,41.8,0,0,none,none
2026-02-04T03:45:19.564462,20.4,41.7,0,0,none,none
2026-02-04T03:45:21.819315,20.4,41.8,0,0,none,none
2026-02-04T03:45:24.073991,20.3,41.7,0,0,none,none
2026-02-04T03:45:26.328915,20.4,41.8,0,0,none,none
2026-02-04T03:45:28.583921,20.4,41.8,0,0,none,none
2026-02-04T03:45:30.838634,20.4,41.7,0,0,none,none
2026-02-04T03:45:33.093567,20.3,41.7,0,0,none,none
2026-02-04T03:45:35.348525,20.4,41.7,0,0,none,none
2026-02-04T03:45:37.603139,20.3,41.7,0,0,none,none
2026-02-04T03:45:39.858140,20.3,41.7,0,0,none,none
2026-02-04T03:45:42.114859,20.4,41.8,0,0,none,none
2026-02-04T03:45:44.369561,20.4,41.7,0,0,none,none
2026-02-04T03:45:46.624561,20.4,41.7,0,0,none,none
2026-02-04T03:45:48.879488,20.4,41.7,0,0,none,none
2026-02-04T03:45:51.133891,20.4,41.8,0,0,none,none
2026-02-04T03:45:53.388728,20.4,41.7,0,0,none,none
2026-02-04T03:45:55.643466,20.4,41.7,0,0,none,none
2026-02-04T03:45:57.898124,20.4,41.7,0,0,none,none
2026-02-04T03:46:00.152989,20.4,41.7,0,0,none,none
2026-02-04T03:46:02.407797,20.3,41.7,0,0,none,none
2026-02-04T03:46:04.662501,20.4,41.8,0,0,none,none
2026-02-04T03:46:06.917360,20.4,41.8,0,0,none,none
2026-02-04T03:46:09.172330,20.4,41.8,0,0,none,none
2026-02-04T03:46:11.426893,20.4,41.8,0,0,none,none
2026-02-04T03:46:13.681822,20.4,41.7,0,0,none,none
2026-02-04T03:46:15.936619,20.4,41.7,0,0,none,none
2026-02-04T03:46:18.191075,20.4,41.8,0,0,none,none
2026-02-04T03:46:20.445595,20.4,41.7,0,0,none,none
2026-02-04T03:46:22.700161,20.4,41.7,0,0,none,none
2026-02-04T03:46:24.954745,20.3,41.7,0,0,none,none
2026-02-04T03:46:27.209581,20.4,41.7,0,0,none,none
2026-02-04T03:46:29.464553,20.4,41.8,0,0,none,none
2026-02-04T03:46:31.719306,20.4,41.8,0,0,none,none
2026-02-04T03:46:33.974198,20.4,41.7,0,0,none,none
2026-02-04T03:46:36.229081,20.4,41.7,0,0,none,none
2026-02-04T03:46:38.483763,20.4,41.7,0,0,none,none
2026-02-04T03:46:40.738496,20.4,41.7,0,0,none,none
2026-02-04T03:46:42.993326,20.4,41.8,0,0,none,none
2026-02-04T03:46:45.247856,20.4,41.7,0,0,none,none
2026-02-04T03:46:47.502663,20.3,41.7,0,0,none,none
2026-02-04T03:46:49.757566,20.4,41.7,0,0,none,none
2026-02-04T03:46:52.012392,20.4,41.7,0,0,none,none
2026-02-04T03:46:54.267379,20.3,41.6,0,0,none,none
2026-02-04T03:46:56.522444,20.4,41.7,0,0,none,none
2026-02-04T03:46:58.777185,20.4,41.7,0,0,none,none
2026-02-04T03:47:01.032074,20.4,41.7,0,0,none,none
2026-02-04T03:47:03.287027,20.4,41.7,0,0,none,none
2026-02-04T03:47:05.541935,20.4,41.7,0,0,none,none
2026-02-04T03:47:07.796936,20.4,41.7,0,0,none,none
2026-02-04T03:47:10.051811,20.4,41.7,0,0,none,none
2026-02-04T03:47:12.306357,20.4,41.7,0,0,none,none
2026-02-04T03:47:14.561404,20.4,41.7,0,0,none,none
2026-02-04T03:47:16.816408,20.4,41.7,0,0,none,none
2026-02-04T03:47:19.071158,20.3,41.6,0,0,none,none
2026-02-04T03:47:21.326208,20.4,41.7,0,0,none,none
2026-02-04T03:47:23.581252,20.4,41.7,0,0,none,none
2026-02-04T03:47:25.835940,20.4,41.7,0,0,none,none
2026-02-04T03:47:28.090859,20.3,41.7,0,0,none,none
2026-02-04T03:47:30.345776,20.4,41.7,0,0,none,none
2026-02-04T03:47:32.600650,20.4,41.7,0,0,none,none
2026-02-04T03:47:34.855420,20.4,41.7,0,0,none,none
2026-02-04T03:47:37.110303,20.3,41.6,0,0,none,none
2026-02-04T03:47:39.365055,20.4,41.7,0,0,none,none
2026-02-04T03:47:41.620110,20.4,41.6,0,0,none,none
2026-02-04T03:47:43.875044,20.3,41.6,0,0,none,none
2026-02-04T03:47:46.129814,20.4,41.7,0,0,none,none
2026-02-04T03:47:48.384779,20.4,41.7,0,0,none,none
2026-02-04T03:47:50.639843,20.3,41.6,0,0,none,none
2026-02-04T03:47:52.894587,20.4,41.6,0,0,none,none
2026-02-04T03:47:55.149494,20.4,41.7,0,0,none,none
2026-02-04T03:47:57.404501,20.3,41.6,0,0,none,none
2026-02-04T03:47:59.659385,20.4,41.7,0,0,none,none
2026-02-04T03:48:01.914349,20.3,41.6,0,0,none,none
2026-02-04T03:48:04.169322,20.4,41.7,0,0,none,none
2026-02-04T03:48:06.424040,20.4,41.7,0,0,none,none
2026-02-04T03:48:08.679059,20.4,41.7,0,0,none,none
2026-02-04T03:48:10.933979,20.4,41.7,0,0,none,none
2026-02-04T03:48:13.188704,20.4,41.7,0,0,none,none
2026-02-04T03:48:15.443815,20.4,41.7,0,0,none,none
2026-02-04T03:48:17.698806,20.4,41.7,0,0,none,none
2026-02-04T03:48:19.953538,20.4,41.7,0,0,none,none
2026-02-04T03:48:22.208512,20.4,41.7,0,0,none,none
2026-02-04T03:48:24.463492,20.4,41.7,0,0,none,none
2026-02-04T03:48:26.718155,20.4,41.7,0,0,none,none
2026-02-04T03:48:28.973043,20.3,41.6,0,0,none,none
2026-02-04T03:48:31.227565,20.4,41.7,0,0,none,none
2026-02-04T03:48:33.482419,20.4,41.7,0,0,none,none
2026-02-04T03:48:35.737423,20.3,41.6,0,0,none,none
2026-02-04T03:48:37.992423,20.4,41.7,0,0,none,none
2026-02-04T03:48:40.247119,20.4,41.7,0,0,none,none
2026-02-04T03:48:42.502242,20.4,41.7,0,0,none,none
2026-02-04T03:48:44.757136,20.4,41.7,0,0,none,none
2026-02-04T03:48:47.011825,20.4,41.7,0,0,none,none
2026-02-04T03:48:49.266656,20.3,41.6,0,0,none,none
2026-02-04T03:48:51.521266,20.3,41.6,0,0,none,none
2026-02-04T03:48:53.776056,20.3,41.6,0,0,none,none
2026-02-04T03:48:56.031001,20.4,41.7,0,0,none,none
2026-02-04T03:48:58.285986,20.3,41.7,0,0,none,none
2026-02-04T03:49:00.540763,20.4,41.7,0,0,none,none
2026-02-04T03:49:02.795685,20.4,41.7,0,0,none,none
2026-02-04T03:49:05.050073,20.4,41.7,0,0,none,none
2026-02-04T03:49:07.304645,20.3,41.7,0,0,none,none
2026-02-04T03:49:09.559703,20.4,41.7,0,0,none,none
2026-02-04T03:49:11.814485,20.4,41.7,0,0,none,none
2026-02-04T03:49:14.069161,20.3,41.7,0,0,none,none
2026-02-04T03:49:16.323994,20.4,41.7,0,0,none,none
2026-02-04T03:49:18.579011,20.4,41.7,0,0,none,none
2026-02-04T03:49:20.833799,20.4,41.7,0,0,none,none
2026-02-04T03:49:23.088705,20.4,41.7,0,0,none,none
2026-02-04T03:49:25.343277,20.4,41.6,0,0,none,none
2026-02-04T03:49:27.598222,20.4,41.7,0,0,none,none
2026-02-04T03:49:29.853222,20.4,41.7,0,0,none,none
2026-02-04T03:49:32.108007,20.4,41.7,0,0,none,none
2026-02-04T03:49:34.362441,20.4,41.6,0,0,none,none
2026-02-04T03:49:36.617467,20.3,41.6,0,0,none,none
2026-02-04T03:49:38.872413,20.4,41.7,0,0,none,none
2026-02-04T03:49:41.127104,20.4,41.7,0,0,none,none
2026-02-04T03:49:43.382070,20.3,41.6,0,0,none,none
2026-02-04T03:49:45.637115,20.4,41.7,0,0,none,none
2026-02-04T03:49:47.891727,20.3,41.6,0,0,none,none
2026-02-04T03:49:50.146586,20.4,41.7,0,0,none,none
2026-02-04T03:49:52.401448,20.4,41.8,0,0,none,none
2026-02-04T03:49:54.655961,20.4,41.7,0,0,none,none
2026-02-04T03:49:56.910918,20.4,41.7,0,0,none,none
2026-02-04T03:49:59.165913,20.4,41.7,0,0,none,none
2026-02-04T03:50:01.420604,20.4,41.7,0,0,none,none
2026-02-04T03:50:03.675407,20.4,41.7,0,0,none,none
2026-02-04T03:50:05.932498,20.4,41.7,0,0,none,none
2026-02-04T03:50:08.187130,20.4,41.7,0,0,none,none
2026-02-04T03:50:10.442160,20.4,41.6,0,0,none,none
2026-02-04T03:50:12.696789,20.4,41.7,0,0,none,none
2026-02-04T03:50:14.951560,20.4,41.7,0,0,none,none
2026-02-04T03:50:17.206421,20.4,41.7,0,0,none,none
2026-02-04T03:50:19.461409,20.4,41.7,0,0,none,none
2026-02-04T03:50:21.716146,20.4,41.7,0,0,none,none
2026-02-04T03:50:23.971073,20.4,41.7,0,0,none,none
2026-02-04T03:50:26.225977,20.4,41.6,0,0,none,none
2026-02-04T03:50:28.480871,20.4,41.7,0,0,none,none
2026-02-04T03:50:30.735811,20.4,41.6,0,0,none,none
2026-02-04T03:50:32.990716,20.3,41.6,0,0,none,none
2026-02-04T03:50:35.245488,20.3,41.6,0,0,none,none
2026-02-04T03:50:37.499965,20.4,41.6,0,0,none,none
2026-02-04T03:50:39.754822,20.3,41.6,0,0,none,none
2026-02-04T03:50:42.009513,20.4,41.7,0,0,none,none
2026-02-04T03:50:44.264464,20.4,41.7,0,0,none,none
2026-02-04T03:50:46.519500,20.4,41.7,0,0,none,none
2026-02-04T03:50:48.774240,20.4,41.6,0,0,none,none
2026-02-04T03:50:51.029208,20.4,41.7,0,0,none,none
2026-02-04T03:50:53.284138,20.4,41.7,0,0,none,none
2026-02-04T03:50:55.538879,20.4,41.7,0,0,none,none
2026-02-04T03:50:57.793923,20.4,41.7,0,0,none,none
2026-02-04T03:51:00.048733,20.3,41.6,0,0,none,none
2026-02-04T03:51:02.303072,20.3,41.6,0,0,none,none
2026-02-04T03:51:04.558169,20.4,41.7,0,0,none,none
2026-02-04T03:51:06.813127,20.3,41.7,0,0,none,none
2026-02-04T03:51:09.067850,20.3,41.7,0,0,none,none
2026-02-04T03:51:11.322703,20.3,41.7,0,0,none,none
2026-02-04T03:51:13.577661,20.3,41.7,0,0,none,none
2026-02-04T03:51:15.832485,20.4,41.7,0,0,none,none
2026-02-04T03:51:18.087391,20.3,41.7,0,0,none,none
2026-02-04T03:51:20.342071,20.3,41.7,0,0,none,none
2026-02-04T03:51:22.596923,20.3,41.7,0,0,none,none
2026-02-04T03:51:24.851831,20.4,41.7,0,0,none,none
2026-02-04T03:51:27.108984,20.4,41.8,0,0,none,none
2026-02-04T03:51:29.363631,20.3,41.7,0,0,none,none
2026-02-04T03:51:31.618163,20.4,41.7,0,0,none,none
2026-02-04T03:51:33.873099,20.3,41.7,0,0,none,none
2026-02-04T03:51:36.127591,20.3,41.6,0,0,none,none
2026-02-04T03:51:38.382489,20.4,41.7,0,0,none,none
2026-02-04T03:51:40.637508,20.3,41.7,0,0,none,none
2026-02-04T03:51:42.891878,20.3,41.7,0,0,none,none
2026-02-04T03:51:45.146889,20.3,41.7,0,0,none,none
2026-02-04T03:51:47.403881,20.4,41.7,0,0,none,none
2026-02-04T03:51:49.658763,20.4,41.8,0,0,none,none
2026-02-04T03:51:51.994541,20.3,41.7,0,0,none,none
2026-02-04T03:51:54.276368,20.4,41.7,0,0,none,none
2026-02-04T03:51:56.531209,20.4,41.7,0,0,none,none
2026-02-04T03:51:58.786021,20.4,41.8,0,0,none,none
2026-02-04T03:52:01.041018,20.3,41.7,0,0,none,none
2026-02-04T03:52:03.295767,20.3,41.7,0,0,none,none
2026-02-04T03:52:05.550714,20.4,41.8,0,0,none,none
2026-02-04T03:52:07.805646,20.3,41.7,0,0,none,none
2026-02-04T03:52:10.060439,20.3,41.7,0,0,none,none
2026-02-04T03:52:12.315397,20.3,41.7,0,0,none,none
2026-02-04T03:52:14.570423,20.4,41.8,0,0,none,none
2026-02-04T03:52:16.825144,20.3,41.7,0,0,none,none
2026-02-04T03:52:19.080078,20.3,41.7,0,0,none,none
2026-02-04T03:52:21.334995,20.3,41.7,0,0,none,none
2026-02-04T03:52:23.589771,20.3,41.7,0,0,none,none
2026-02-04T03:52:25.844546,20.3,41.7,0,0,none,none
2026-02-04T03:52:28.099431,20.3,41.7,0,0,none,none
2026-02-04T03:52:30.354162,20.3,41.7,0,0,none,none
2026-02-04T03:52:32.609006,20.3,41.7,0,0,none,none
2026-02-04T03:52:34.863975,20.3,41.7,0,0,none,none
2026-02-04T03:52:37.118626,20.4,41.7,0,0,none,none
2026-02-04T03:52:39.373600,20.3,41.7,0,0,none,none
2026-02-04T03:52:41.628559,20.3,41.7,0,0,none,none
2026-02-04T03:52:43.883143,20.4,41.7,0,0,none,none
2026-02-04T03:52:46.138148,20.3,41.7,0,0,none,none
2026-02-04T03:52:48.393094,20.3,41.7,0,0,none,none
2026-02-04T03:52:50.647930,20.4,41.7,0,0,none,none
2026-02-04T03:52:52.902893,20.3,41.7,0,0,none,none
2026-02-04T03:52:55.157860,20.3,41.7,0,0,none,none
2026-02-04T03:52:57.412594,20.3,41.7,0,0,none,none
2026-02-04T03:52:59.667561,20.3,41.7,0,0,none,none
2026-02-04T03:53:01.922208,20.3,41.7,0,0,none,none
2026-02-04T03:53:04.176954,20.3,41.7,0,0,none,none
2026-02-04T03:53:06.432012,20.3,41.7,0,0,none,none
2026-02-04T03:53:08.686912,20.3,41.7,0,0,none,none
2026-02-04T03:53:10.941721,20.3,41.7,0,0,none,none
2026-02-04T03:53:13.196712,20.3,41.7,0,0,none,none
2026-02-04T03:53:15.451642,20.3,41.7,0,0,none,none
2026-02-04T03:53:17.706325,20.3,41.7,0,0,none,none
2026-02-04T03:53:19.961255,20.3,41.7,0,0,none,none
2026-02-04T03:53:22.216063,20.3,41.7,0,0,none,none
2026-02-04T03:53:24.470812,20.3,41.7,0,0,none,none
2026-02-04T03:53:26.725654,20.3,41.7,0,0,none,none
2026-02-04T03:53:28.980612,20.3,41.7,0,0,none,none
2026-02-04T03:53:31.236042,20.3,41.7,0,0,none,none
2026-02-04T03:53:33.490491,20.3,41.7,0,0,none,none
2026-02-04T03:53:35.745223,20.4,41.8,0,0,none,none
2026-02-04T03:53:37.999929,20.3,41.7,0,0,none,none
2026-02-04T03:53:40.254860,20.3,41.7,0,0,none,none
2026-02-04T03:53:42.509922,20.3,41.7,0,0,none,none
2026-02-04T03:53:44.764657,20.3,41.7,0,0,none,none
2026-02-04T03:53:47.019572,20.3,41.7,0,0,none,none
2026-02-04T03:53:49.274362,20.3,41.7,0,0,none,none
2026-02-04T03:53:51.529225,20.3,41.7,0,0,none,none
2026-02-04T03:53:53.784245,20.3,41.7,0,0,none,none
2026-02-04T03:53:56.039198,20.3,41.7,0,0,none,none
2026-02-04T03:53:58.293990,20.3,41.7,0,0,none,none
2026-02-04T03:54:00.549077,20.3,41.7,0,0,none,none
2026-02-04T03:54:02.803989,20.3,41.7,0,0,none,none
2026-02-04T03:54:05.058749,20.3,41.7,0,0,none,none
2026-02-04T03:54:07.313710,20.3,41.7,0,0,none,none
2026-02-04T03:54:09.568752,20.3,41.7,0,0,none,none
2026-02-04T03:54:11.823083,20.3,41.7,0,0,none,none
2026-02-04T03:54:14.078096,20.3,41.7,0,0,none,none
2026-02-04T03:54:16.333001,20.3,41.7,0,0,none,none
2026-02-04T03:54:18.587882,20.3,41.7,0,0,none,none
2026-02-04T03:54:20.842807,20.3,41.7,0,0,none,none
2026-02-04T03:54:23.097717,20.3,41.7,0,0,none,none
2026-02-04T03:54:25.352549,20.3,41.7,0,0,none,none
2026-02-04T03:54:27.607623,20.3,41.7,0,0,none,none
2026-02-04T03:54:29.862551,20.3,41.7,0,0,none,none
2026-02-04T03:54:32.117325,20.3,41.7,0,0,none,none
2026-02-04T03:54:34.372268,20.3,41.7,0,0,none,none
2026-02-04T03:54:36.627286,20.3,41.7,0,0,none,none
2026-02-04T03:54:38.882051,20.3,41.8,0,0,none,none
2026-02-04T03:54:41.136976,20.3,41.7,0,0,none,none
2026-02-04T03:54:43.391568,20.3,41.8,0,0,none,none
2026-02-04T03:54:45.646420,20.3,41.7,0,0,none,none
2026-02-04T03:54:47.900862,20.3,41.7,0,0,none,none
2026-02-04T03:54:50.155687,20.3,41.8,0,0,none,none
2026-02-04T03:54:52.410393,20.3,41.7,0,0,none,none
2026-02-04T03:54:54.665427,20.3,41.7,0,0,none,none
2026-02-04T03:54:56.920418,20.3,41.7,0,0,none,none
2026-02-04T03:54:59.175085,20.3,41.7,0,0,none,none
2026-02-04T03:55:01.430144,20.3,41.7,0,0,none,none
2026-02-04T03:55:03.685168,20.3,41.8,0,0,none,none
2026-02-04T03:55:05.939918,20.3,41.7,0,0,none,none
2026-02-04T03:55:08.194849,20.3,41.8,0,0,none,none
2026-02-04T03:55:10.449976,20.3,41.8,0,0,none,none
2026-02-04T03:55:12.704692,20.3,41.7,0,0,none,none
2026-02-04T03:55:14.959617,20.3,41.8,0,0,none,none
2026-02-04T03:55:17.214511,20.3,41.7,0,0,none,none
2026-02-04T03:55:19.469395,20.3,41.7,0,0,none,none
2026-02-04T03:55:21.724098,20.3,41.8,0,0,none,none
2026-02-04T03:55:23.979010,20.3,41.7,0,0,none,none
2026-02-04T03:55:26.233809,20.3,41.8,0,0,none,none
2026-02-04T03:55:28.488671,20.3,41.8,0,0,none,none
2026-02-04T03:55:30.743578,20.3,41.8,0,0,none,none
2026-02-04T03:55:32.998293,20.3,41.8,0,0,none,none
2026-02-04T03:55:35.253199,20.3,41.7,0,0,none,none
2026-02-04T03:55:37.507857,20.3,41.7,0,0,none,none
2026-02-04T03:55:39.762559,20.3,41.8,0,0,none,none
2026-02-04T03:55:42.017511,20.3,41.8,0,0,none,none
2026-02-04T03:55:44.272514,20.3,41.7,0,0,none,none
2026-02-04T03:55:46.527252,20.3,41.8,0,0,none,none
2026-02-04T03:55:48.782236,20.3,41.7,0,0,none,none
2026-02-04T03:55:51.037173,20.3,41.7,0,0,none,none
2026-02-04T03:55:53.291932,20.3,41.8,0,0,none,none
2026-02-04T03:55:55.547008,20.3,41.7,0,0,none,none
2026-02-04T03:55:57.803964,20.3,41.8,0,0,none,none
2026-02-04T03:56:00.058088,20.3,41.8,0,0,none,none
2026-02-04T03:56:02.313070,20.3,41.7,0,0,none,none
2026-02-04T03:56:04.568184,20.3,41.7,0,0,none,none
2026-02-04T03:56:06.822905,20.3,41.7,0,0,none,none
2026-02-04T03:56:09.077914,20.3,41.7,0,0,none,none
2026-02-04T03:56:11.334659,20.3,41.7,0,0,none,none
2026-02-04T03:56:13.589455,20.3,41.8,0,0,none,none
2026-02-04T03:56:15.844220,20.3,41.7,0,0,none,none
2026-02-04T03:56:18.099045,20.3,41.7,0,0,none,none
2026-02-04T03:56:20.353831,20.3,41.7,0,0,none,none
2026-02-04T03:56:22.608730,20.3,41.7,0,0,none,none
2026-02-04T03:56:24.863563,20.3,41.7,0,0,none,none
2026-02-04T03:56:27.118157,20.3,41.7,0,0,none,none
2026-02-04T03:56:29.373023,20.4,41.8,0,0,none,none
2026-02-04T03:56:31.627831,20.3,41.7,0,0,none,none
2026-02-04T03:56:33.882462,20.3,41.7,0,0,none,none
2026-02-04T03:56:36.137435,20.3,41.7,0,0,none,none
2026-02-04T03:56:38.392361,20.3,41.7,0,0,none,none
2026-02-04T03:56:40.647069,20.3,41.7,0,0,none,none
2026-02-04T03:56:42.902008,20.3,41.7,0,0,none,none
2026-02-04T03:56:45.156879,20.3,41.7,0,0,none,none
2026-02-04T03:56:47.411573,20.3,41.7,0,0,none,none
2026-02-04T03:56:49.666539,20.3,41.7,0,0,none,none
2026-02-04T03:56:51.921462,20.3,41.7,0,0,none,none
2026-02-04T03:56:54.176212,20.3,41.7,0,0,none,none
2026-02-04T03:56:56.431227,20.3,41.7,0,0,none,none
2026-02-04T03:56:58.686113,20.3,41.7,0,0,none,none
2026-02-04T03:57:00.940705,20.3,41.7,0,0,none,none
2026-02-04T03:57:03.195556,20.3,41.7,0,0,none,none
2026-02-04T03:57:05.450465,20.3,41.7,0,0,none,none
2026-02-04T03:57:07.705316,20.3,41.7,0,0,none,none
2026-02-04T03:57:09.960284,20.3,41.7,0,0,none,none
2026-02-04T03:57:12.217346,20.3,41.7,0,0,none,none
2026-02-04T03:57:14.472129,20.3,41.7,0,0,none,none
2026-02-04T03:57:16.726999,20.3,41.7,0,0,none,none
2026-02-04T03:57:18.981829,20.3,41.7,0,0,none,none
2026-02-04T03:57:21.236580,20.3,41.7,0,0,none,none
2026-02-04T03:57:23.491594,20.3,41.7,0,0,none,none
2026-02-04T03:57:25.746506,20.3,41.7,0,0,none,none
2026-02-04T03:57:28.001203,20.3,41.7,0,0,none,none
2026-02-04T03:57:30.256132,20.3,41.7,0,0,none,none
2026-02-04T03:57:32.510741,20.3,41.7,0,0,none,none
2026-02-04T03:57:34.765482,20.3,41.7,0,0,none,none
2026-02-04T03:57:37.020290,20.3,41.7,0,0,none,none
2026-02-04T03:57:39.275083,20.3,41.7,0,0,none,none
2026-02-04T03:57:41.529894,20.3,41.7,0,0,none,none
2026-02-04T03:57:43.784716,20.3,41.7,0,0,none,none
2026-02-04T03:57:46.039223,20.3,41.7,0,0,none,none
2026-02-04T03:57:48.293909,20.3,41.7,0,0,none,none
2026-02-04T03:57:50.548883,20.3,41.7,0,0,none,none
2026-02-04T03:57:52.803751,20.3,41.7,0,0,none,none
2026-02-04T03:57:55.058384,20.3,41.7,0,0,none,none
2026-02-04T03:57:57.313218,20.3,41.7,0,0,none,none
2026-02-04T03:57:59.568188,20.3,41.7,0,0,none,none
2026-02-04T03:58:01.822751,20.3,41.7,0,0,none,none
2026-02-04T03:58:04.077631,20.3,41.7,0,0,none,none
2026-02-04T03:58:06.332485,20.4,41.7,0,0,none,none
2026-02-04T03:58:08.587197,20.3,41.7,0,0,none,none
2026-02-04T03:58:10.842125,20.3,41.7,0,0,none,none
2026-02-04T03:58:13.096993,20.3,41.7,0,0,none,none
2026-02-04T03:58:15.351477,20.3,41.7,0,0,none,none
2026-02-04T03:58:17.606439,20.3,41.7,0,0,none,none
2026-02-04T03:58:19.861286,20.3,41.7,0,0,none,none
2026-02-04T03:58:22.115726,20.3,41.7,0,0,none,none
2026-02-04T03:58:24.370547,20.3,41.7,0,0,none,none
2026-02-04T03:58:26.625558,20.3,41.7,0,0,none,none
2026-02-04T03:58:28.880250,20.3,41.6,0,0,none,none
2026-02-04T03:58:31.134634,20.3,41.7,0,0,none,none
2026-02-04T03:58:33.389448,20.3,41.7,0,0,none,none
2026-02-04T03:58:35.644080,20.3,41.7,0,0,none,none
2026-02-04T03:58:37.898472,20.3,41.7,0,0,none,none
2026-02-04T03:58:40.153324,20.3,41.7,0,0,none,none
2026-02-04T03:58:42.407944,20.3,41.6,0,0,none,none
2026-02-04T03:58:44.662754,20.3,41.7,0,0,none,none
2026-02-04T03:58:46.917588,20.3,41.7,0,0,none,none
2026-02-04T03:58:49.172253,20.3,41.7,0,0,none,none
2026-02-04T03:58:51.427100,20.3,41.7,0,0,none,none
2026-02-04T03:58:53.682130,20.3,41.7,0,0,none,none
2026-02-04T03:58:55.936739,20.3,41.6,0,0,none,none
2026-02-04T03:58:58.191158,20.3,41.7,0,0,none,none
2026-02-04T03:59:00.446192,20.3,41.6,0,0,none,none
2026-02-04T03:59:02.700904,20.3,41.7,0,0,none,none
2026-02-04T03:59:04.955502,20.3,41.7,0,0,none,none
2026-02-04T03:59:07.210326,20.3,41.7,0,0,none,none
2026-02-04T03:59:09.464770,20.3,41.7,0,0,none,none
2026-02-04T03:59:11.719568,20.3,41.7,0,0,none,none
2026-02-04T03:59:13.974390,20.3,41.7,0,0,none,none
2026-02-04T03:59:16.229006,20.3,41.7,0,0,none,none
2026-02-04T03:59:18.483875,20.3,41.7,0,0,none,none
2026-02-04T03:59:20.738703,20.3,41.7,0,0,none,none
2026-02-04T03:59:22.993348,20.3,41.7,0,0,none,none
2026-02-04T03:59:25.248240,20.3,41.7,0,0,none,none
2026-02-04T03:59:27.503297,20.3,41.7,0,0,none,none
2026-02-04T03:59:29.757957,20.3,41.7,0,0,none,none
2026-02-04T03:59:32.012766,20.4,41.7,0,0,none,none
2026-02-04T03:59:34.267648,20.3,41.7,0,0,none,none
2026-02-04T03:59:36.522412,20.3,41.7,0,0,none,none
2026-02-04T03:59:38.777250,20.3,41.7,0,0,none,none
2026-02-04T03:59:41.032002,20.3,41.7,0,0,none,none
2026-02-04T03:59:43.286654,20.3,41.7,0,0,none,none
2026-02-04T03:59:45.541669,20.3,41.6,0,0,none,none
2026-02-04T03:59:47.796571,20.3,41.6,0,0,none,none
2026-02-04T03:59:50.051100,20.3,41.7,0,0,none,none
2026-02-04T03:59:52.305978,20.3,41.6,0,0,none,none
2026-02-04T03:59:54.560941,20.3,41.7,0,0,none,none
2026-02-04T03:59:56.815387,20.3,41.7,0,0,none,none
2026-02-04T03:59:59.070270,20.4,41.7,0,0,none,none
2026-02-04T04:00:01.325083,20.3,41.6,0,0,none,none
2026-02-04T04:00:03.579769,20.3,41.6,0,0,none,none
2026-02-04T04:00:05.835160,20.4,41.7,0,0,none,none
2026-02-04T04:00:08.090138,20.3,41.7,0,0,none,none
2026-02-04T04:00:10.344804,20.3,41.6,0,0,none,none
2026-02-04T04:00:12.599863,20.3,41.6,0,0,none,none
2026-02-04T04:00:14.854773,20.3,41.6,0,0,none,none
2026-02-04T04:00:17.109513,20.3,41.6,0,0,none,none
2026-02-04T04:00:19.364391,20.4,41.7,0,0,none,none
2026-02-04T04:00:21.619415,20.3,41.6,0,0,none,none
2026-02-04T04:00:23.874161,20.3,41.7,0,0,none,none
2026-02-04T04:00:26.129139,20.4,41.7,0,0,none,none
2026-02-04T04:00:28.383630,20.3,41.6,0,0,none,none
2026-02-04T04:00:30.638260,20.4,41.7,0,0,none,none
2026-02-04T04:00:32.893151,20.4,41.8,0,0,none,none
2026-02-04T04:00:35.147714,20.3,41.7,0,0,none,none
2026-02-04T04:00:37.402452,20.4,41.8,0,0,none,none
2026-02-04T04:00:39.657384,20.3,41.7,0,0,none,none
2026-02-04T04:00:41.912429,20.4,41.7,0,0,none,none
2026-02-04T04:00:44.167060,20.4,41.7,0,0,none,none
2026-02-04T04:00:46.421984,20.3,41.7,0,0,none,none
2026-02-04T04:00:48.676798,20.3,41.7,0,0,none,none
2026-02-04T04:00:50.931189,20.4,41.7,0,0,none,none
2026-02-04T04:00:53.186130,20.4,41.7,0,0,none,none
2026-02-04T04:00:55.441099,20.4,41.7,0,0,none,none
2026-02-04T04:00:57.695877,20.4,41.7,0,0,none,none
2026-02-04T04:00:59.950572,20.3,41.6,0,0,none,none
2026-02-04T04:01:02.205001,20.3,41.7,0,0,none,none
2026-02-04T04:01:04.459782,20.3,41.7,0,0,none,none
2026-02-04T04:01:06.714538,20.3,41.7,0,0,none,none
2026-02-04T04:01:08.969377,20.3,41.7,0,0,none,none
2026-02-04T04:01:11.223952,20.4,41.7,0,0,none,none
2026-02-04T04:01:13.478861,20.3,41.6,0,0,none,none
2026-02-04T04:01:15.735223,20.4,41.7,0,0,none,none
2026-02-04T04:01:17.989923,20.3,41.6,0,0,none,none
2026-02-04T04:01:20.244787,20.4,41.7,0,0,none,none
2026-02-04T04:01:22.499784,20.4,41.7,0,0,none,none
2026-02-04T04:01:24.754486,20.4,41.7,0,0,none,none
2026-02-04T04:01:27.009365,20.4,41.7,0,0,none,none
2026-02-04T04:01:29.264225,20.3,41.6,0,0,none,none
2026-02-04T04:01:31.518497,20.4,41.7,0,0,none,none
2026-02-04T04:01:33.773380,20.3,41.6,0,0,none,none
2026-02-04T04:01:36.028346,20.4,41.7,0,0,none,none
2026-02-04T04:01:38.282827,20.4,41.7,0,0,none,none
2026-02-04T04:01:40.537854,20.4,41.7,0,0,none,none
2026-02-04T04:01:42.792736,20.3,41.6,0,0,none,none
2026-02-04T04:01:45.047332,20.4,41.7,0,0,none,none
2026-02-04T04:01:47.302165,20.4,41.6,0,0,none,none
2026-02-04T04:01:49.557153,20.4,41.7,0,0,none,none
2026-02-04T04:01:51.811785,20.4,41.7,0,0,none,none
2026-02-04T04:01:54.066657,20.3,41.6,0,0,none,none
2026-02-04T04:01:56.321539,20.3,41.6,0,0,none,none
2026-02-04T04:01:58.576284,20.4,41.7,0,0,none,none
2026-02-04T04:02:00.831261,20.4,41.6,0,0,none,none
2026-02-04T04:02:03.085703,20.4,41.7,0,0,none,none
2026-02-04T04:02:05.340304,20.4,41.7,0,0,none,none
2026-02-04T04:02:07.595118,20.4,41.7,0,0,none,none
2026-02-04T04:02:09.850059,20.4,41.7,0,0,none,none
2026-02-04T04:02:12.104658,20.3,41.6,0,0,none,none
2026-02-04T04:02:14.359502,20.3,41.6,0,0,none,none
2026-02-04T04:02:16.614339,20.4,41.7,0,0,none,none
2026-02-04T04:02:18.868954,20.4,41.7,0,0,none,none
2026-02-04T04:02:21.123750,20.3,41.6,0,0,none,none
2026-02-04T04:02:23.378416,20.3,41.6,0,0,none,none
2026-02-04T04:02:25.633092,20.3,41.6,0,0,none,none
2026-02-04T04:02:27.887892,20.4,41.7,0,0,none,none
2026-02-04T04:02:30.142633,20.4,41.7,0,0,none,none
2026-02-04T04:02:32.397311,20.4,41.7,0,0,none,none
2026-02-04T04:02:34.652084,20.3,41.6,0,0,none,none
2026-02-04T04:02:36.906983,20.4,41.7,0,0,none,none
2026-02-04T04:02:39.161640,20.3,41.6,0,0,none,none
2026-02-04T04:02:41.416434,20.4,41.7,0,0,none,none
2026-02-04T04:02:43.671228,20.4,41.7,0,0,none,none
2026-02-04T04:02:45.925981,20.3,41.6,0,0,none,none
2026-02-04T04:02:48.180897,20.3,41.6,0,0,none,none
2026-02-04T04:02:50.435676,20.4,41.6,0,0,none,none
2026-02-04T04:02:52.690317,20.4,41.6,0,0,none,none
2026-02-04T04:02:54.945139,20.4,41.6,0,0,none,none
2026-02-04T04:02:57.200044,20.3,41.7,0,0,none,none
2026-02-04T04:02:59.454301,20.4,41.7,0,0,none,none
2026-02-04T04:03:01.709013,20.3,41.6,0,0,none,none
2026-02-04T04:03:03.963721,20.3,41.6,0,0,none,none
2026-02-04T04:03:06.218155,20.4,41.6,0,0,none,none
2026-02-04T04:03:08.473119,20.4,41.6,0,0,none,none
2026-02-04T04:03:10.728026,20.4,41.7,0,0,none,none
2026-02-04T04:03:12.982646,20.4,41.7,0,0,none,none
2026-02-04T04:03:15.237457,20.4,41.6,0,0,none,none
2026-02-04T04:03:17.491999,20.3,41.6,0,0,none,none
2026-02-04T04:03:19.746688,20.4,41.7,0,0,none,none
2026-02-04T04:03:22.001569,20.3,41.6,0,0,none,none
2026-02-04T04:03:24.256452,20.4,41.7,0,0,none,none
2026-02-04T04:03:26.511090,20.4,41.7,0,0,none,none
2026-02-04T04:03:28.766042,20.4,41.7,0,0,none,none
2026-02-04T04:03:31.020811,20.3,41.6,0,0,none,none
2026-02-04T04:03:33.275521,20.3,41.6,0,0,none,none
2026-02-04T04:03:35.530123,20.4,41.7,0,0,none,none
2026-02-04T04:03:37.784986,20.4,41.7,0,0,none,none
2026-02-04T04:03:40.039338,20.3,41.6,0,0,none,none
2026-02-04T04:03:42.294290,20.3,41.7,0,0,none,none
2026-02-04T04:03:44.549364,20.4,41.7,0,0,none,none
2026-02-04T04:03:46.803851,20.4,41.7,0,0,none,none
2026-02-04T04:03:49.058540,20.4,41.7,0,0,none,none
2026-02-04T04:03:51.313457,20.4,41.7,0,0,none,none
2026-02-04T04:03:53.568277,20.4,41.6,0,0,none,none
2026-02-04T04:03:55.823164,20.4,41.6,0,0,none,none
2026-02-04T04:03:58.078166,20.4,41.7,0,0,none,none
2026-02-04T04:04:00.332766,20.3,41.6,0,0,none,none
2026-02-04T04:04:02.587797,20.4,41.6,0,0,none,none
2026-02-04T04:04:04.842690,20.3,41.6,0,0,none,none
2026-02-04T04:04:07.097346,20.3,41.6,0,0,none,none
2026-02-04T04:04:09.352231,20.4,41.6,0,0,none,none
2026-02-04T04:04:11.609398,20.3,41.7,0,0,none,none
2026-02-04T04:04:13.864100,20.4,41.7,0,0,none,none
2026-02-04T04:04:16.119051,20.3,41.6,0,0,none,none
2026-02-04T04:04:18.373895,20.4,41.7,0,0,none,none
2026-02-04T04:04:20.628729,20.3,41.7,0,0,none,none
2026-02-04T04:04:22.883612,20.3,41.6,0,0,none,none
2026-02-04T04:04:25.138467,20.3,41.6,0,0,none,none
2026-02-04T04:04:27.393111,20.3,41.6,0,0,none,none
2026-02-04T04:04:29.648103,20.4,41.6,0,0,none,none
2026-02-04T04:04:31.903028,20.4,41.7,0,0,none,none
2026-02-04T04:04:34.157639,20.4,41.7,0,0,none,none
2026-02-04T04:04:36.412480,20.4,41.7,0,0,none,none
2026-02-04T04:04:38.669574,20.4,41.7,0,0,none,none
2026-02-04T04:04:40.924243,20.3,41.6,0,0,none,none
2026-02-04T04:04:43.179131,20.4,41.6,0,0,none,none
2026-02-04T04:04:45.434118,20.4,41.7,0,0,none,none
2026-02-04T04:04:47.688853,20.4,41.6,0,0,none,none
2026-02-04T04:04:49.943603,20.3,41.6,0,0,none,none
2026-02-04T04:04:52.198441,20.3,41.6,0,0,none,none
2026-02-04T04:04:54.453121,20.4,41.7,0,0,none,none
2026-02-04T04:04:56.707975,20.3,41.7,0,0,none,none
2026-02-04T04:04:58.962908,20.4,41.7,0,0,none,none
2026-02-04T04:05:01.217556,20.3,41.7,0,0,none,none
2026-02-04T04:05:03.472518,20.4,41.7,0,0,none,none
2026-02-04T04:05:05.727175,20.3,41.7,0,0,none,none
2026-02-04T04:05:07.981857,20.3,41.6,0,0,none,none
2026-02-04T04:05:10.236765,20.3,41.6,0,0,none,none
2026-02-04T04:05:12.491425,20.4,41.7,0,0,none,none
2026-02-04T04:05:14.745800,20.3,41.6,0,0,none,none
2026-02-04T04:05:17.000639,20.3,41.7,0,0,none,none
2026-02-04T04:05:19.255474,20.3,41.7,0,0,none,none
2026-02-04T04:05:21.509684,20.3,41.7,0,0,none,none
2026-02-04T04:05:23.764507,20.3,41.7,0,0,none,none
2026-02-04T04:05:26.019395,20.3,41.7,0,0,none,none
2026-02-04T04:05:28.274151,20.3,41.7,0,0,none,none
2026-02-04T04:05:30.529062,20.3,41.6,0,0,none,none
2026-02-04T04:05:32.783965,20.3,41.7,0,0,none,none
2026-02-04T04:05:35.038583,20.3,41.6,0,0,none,none
2026-02-04T04:05:37.293463,20.3,41.6,0,0,none,none
2026-02-04T04:05:39.548462,20.3,41.6,0,0,none,none
2026-02-04T04:05:41.803019,20.3,41.6,0,0,none,none
2026-02-04T04:05:44.057425,20.3,41.6,0,0,none,none
2026-02-04T04:05:46.312287,20.3,41.6,0,0,none,none
2026-02-04T04:05:48.567033,20.3,41.6,0,0,none,none
2026-02-04T04:05:50.821948,20.3,41.6,0,0,none,none
2026-02-04T04:05:53.076835,20.3,41.6,0,0,none,none
2026-02-04T04:05:55.331488,20.3,41.6,0,0,none,none
2026-02-04T04:05:57.586474,20.3,41.6,0,0,none,none
2026-02-04T04:05:59.841341,20.3,41.7,0,0,none,none
2026-02-04T04:06:02.096004,20.4,41.7,0,0,none,none
2026-02-04T04:06:04.350615,20.3,41.7,0,0,none,none
2026-02-04T04:06:06.605686,20.3,41.7,0,0,none,none
2026-02-04T04:06:08.860057,20.3,41.7,0,0,none,none
2026-02-04T04:06:11.114882,20.3,41.7,0,0,none,none
2026-02-04T04:06:13.369724,20.3,41.7,0,0,none,none
2026-02-04T04:06:15.624568,20.3,41.7,0,0,none,none
2026-02-04T04:06:17.879312,20.3,41.7,0,0,none,none
2026-02-04T04:06:20.134087,20.3,41.7,0,0,none,none
2026-02-04T04:06:22.388671,20.3,41.7,0,0,none,none
2026-02-04T04:06:24.643624,20.3,41.7,0,0,none,none
2026-02-04T04:06:26.898414,20.3,41.7,0,0,none,none
2026-02-04T04:06:29.153152,20.3,41.7,0,0,none,none
2026-02-04T04:06:31.407966,20.3,41.7,0,0,none,none
2026-02-04T04:06:33.662881,20.3,41.7,0,0,none,none
2026-02-04T04:06:35.917528,20.3,41.7,0,0,none,none
2026-02-04T04:06:38.172448,20.3,41.7,0,0,none,none
2026-02-04T04:06:40.427956,20.3,41.7,0,0,none,none
2026-02-04T04:06:42.682546,20.4,41.7,0,0,none,none
2026-02-04T04:06:44.937497,20.3,41.7,0,0,none,none
2026-02-04T04:06:47.192497,20.3,41.7,0,0,none,none
2026-02-04T04:06:49.447239,20.3,41.7,0,0,none,none
2026-02-04T04:06:51.702206,20.3,41.7,0,0,none,none
2026-02-04T04:06:53.957093,20.3,41.7,0,0,none,none
2026-02-04T04:06:56.211774,20.3,41.7,0,0,none,none
2026-02-04T04:06:58.466826,20.3,41.7,0,0,none,none
2026-02-04T04:07:00.721674,20.3,41.7,0,0,none,none
2026-02-04T04:07:02.976289,20.3,41.7,0,0,none,none
2026-02-04T04:07:05.231199,20.3,41.7,0,0,none,none
2026-02-04T04:07:07.485982,20.3,41.7,0,0,none,none
2026-02-04T04:07:09.740747,20.3,41.7,0,0,none,none
2026-02-04T04:07:11.995688,20.3,41.7,0,0,none,none
2026-02-04T04:07:14.250653,20.3,41.7,0,0,none,none
2026-02-04T04:07:16.505243,20.3,41.7,0,0,none,none
2026-02-04T04:07:18.760261,20.3,41.7,0,0,none,none
2026-02-04T04:07:21.016385,20.3,41.7,0,0,none,none
2026-02-04T04:07:23.271143,20.3,41.7,0,0,none,none
2026-02-04T04:07:25.526329,20.3,41.7,0,0,none,none
2026-02-04T04:07:27.781238,20.3,41.7,0,0,none,none
2026-02-04T04:07:30.035990,20.3,41.7,0,0,none,none
2026-02-04T04:07:32.290712,20.3,41.7,0,0,none,none
2026-02-04T04:07:34.545441,20.3,41.7,0,0,none,none
2026-02-04T04:07:36.800052,20.3,41.7,0,0,none,none
2026-02-04T04:07:39.054844,20.3,41.7,0,0,none,none
2026-02-04T04:07:41.309167,20.3,41.7,0,0,none,none
2026-02-04T04:07:43.563919,20.3,41.7,0,0,none,none
2026-02-04T04:07:45.818518,20.3,41.7,0,0,none,none
2026-02-04T04:07:48.073314,20.3,41.7,0,0,none,none
2026-02-04T04:07:50.327835,20.3,41.7,0,0,none,none
2026-02-04T04:07:52.582713,20.3,41.7,0,0,none,none
2026-02-04T04:07:54.837558,20.3,41.7,0,0,none,none
2026-02-04T04:07:57.092192,20.3,41.7,0,0,none,none
2026-02-04T04:07:59.346871,20.3,41.7,0,0,none,none
2026-02-04T04:08:01.601888,20.3,41.7,0,0,none,none
2026-02-04T04:08:03.856523,20.3,41.7,0,0,none,none
2026-02-04T04:08:06.110926,20.3,41.7,0,0,none,none
2026-02-04T04:08:08.365777,20.3,41.7,0,0,none,none
2026-02-04T04:08:10.620434,20.3,41.7,0,0,none,none
2026-02-04T04:08:12.874978,20.3,41.7,0,0,none,none
2026-02-04T04:08:15.129900,20.3,41.7,0,0,none,none
2026-02-04T04:08:17.384489,20.3,41.7,0,0,none,none
2026-02-04T04:08:19.639408,20.3,41.7,0,0,none,none
2026-02-04T04:08:21.893989,20.3,41.7,0,0,none,none
2026-02-04T04:08:24.148714,20.3,41.7,0,0,none,none
2026-02-04T04:08:26.403431,20.3,41.7,0,0,none,none
2026-02-04T04:08:28.658293,20.3,41.7,0,0,none,none
2026-02-04T04:08:30.912908,20.3,41.7,0,0,none,none
2026-02-04T04:08:33.167637,20.3,41.7,0,0,none,none
2026-02-04T04:08:35.422340,20.3,41.7,0,0,none,none
2026-02-04T04:08:37.677105,20.3,41.7,0,0,none,none
2026-02-04T04:08:39.931727,20.3,41.7,0,0,none,none
2026-02-04T04:08:42.186505,20.3,41.7,0,0,none,none
2026-02-04T04:08:44.441308,20.3,41.8,0,0,none,none
2026-02-04T04:08:46.696074,20.3,41.8,0,0,none,none
2026-02-04T04:08:48.950803,20.3,41.8,0,0,none,none
2026-02-04T04:08:51.205529,20.3,41.8,0,0,none,none
2026-02-04T04:08:53.460470,20.3,41.8,0,0,none,none
2026-02-04T04:08:55.715353,20.3,41.7,0,0,none,none
2026-02-04T04:08:57.970065,20.3,41.7,0,0,none,none
2026-02-04T04:09:00.224941,20.3,41.7,0,0,none,none
2026-02-04T04:09:02.479893,20.3,41.7,0,0,none,none
2026-02-04T04:09:04.734300,20.3,41.8,0,0,none,none
2026-02-04T04:09:06.989139,20.3,41.7,0,0,none,none
2026-02-04T04:09:09.244007,20.3,41.8,0,0,none,none
2026-02-04T04:09:11.498789,20.3,41.7,0,0,none,none
2026-02-04T04:09:13.753648,20.3,41.7,0,0,none,none
2026-02-04T04:09:16.010327,20.3,41.8,0,0,none,none
2026-02-04T04:09:18.264962,20.3,41.8,0,0,none,none
2026-02-04T04:09:20.519856,20.3,41.8,0,0,none,none
2026-02-04T04:09:22.776838,20.3,41.8,1,0,none,none
2026-02-04T04:09:25.031419,20.3,41.8,0,0,none,none
2026-02-04T04:09:27.285844,20.3,41.7,0,0,none,none
2026-02-04T04:09:29.540652,20.3,41.8,0,0,none,none
2026-02-04T04:09:31.795202,20.3,41.8,0,0,none,none
2026-02-04T04:09:34.050100,20.3,41.8,0,0,none,none
2026-02-04T04:09:36.304911,20.3,41.8,0,0,none,none
2026-02-04T04:09:38.559645,20.3,41.8,0,0,none,none
2026-02-04T04:09:40.814304,20.3,41.8,0,0,none,none
2026-02-04T04:09:43.069067,20.3,41.8,0,0,none,none
2026-02-04T04:09:45.323390,20.3,41.8,0,0,none,none
2026-02-04T04:09:47.578395,20.3,41.8,0,0,none,none
2026-02-04T04:09:49.833190,20.3,41.8,0,0,none,none
2026-02-04T04:09:52.087820,20.3,41.8,0,0,none,none
2026-02-04T04:09:54.342540,20.3,41.8,0,0,none,none
2026-02-04T04:09:56.597554,20.3,41.8,0,0,none,none
2026-02-04T04:09:58.852255,20.3,41.9,0,0,none,none
2026-02-04T04:10:01.107015,20.3,41.9,0,0,none,none
2026-02-04T04:10:03.361945,20.3,41.9,0,0,none,none
2026-02-04T04:10:05.616697,20.3,41.8,0,0,none,none
2026-02-04T04:10:07.871463,20.3,41.8,0,0,none,none
2026-02-04T04:10:10.126217,20.3,41.9,0,0,none,none
2026-02-04T04:10:12.380834,20.3,41.8,0,0,none,none
2026-02-04T04:10:14.635805,20.3,41.8,0,0,none,none
2026-02-04T04:10:16.890479,20.3,41.8,0,0,none,none
2026-02-04T04:10:19.145096,20.3,41.8,0,0,none,none
2026-02-04T04:10:21.399889,20.3,41.8,0,0,none,none
2026-02-04T04:10:23.654752,20.3,41.8,0,0,none,none
2026-02-04T04:10:25.909391,20.3,41.8,0,0,none,none
2026-02-04T04:10:28.164149,20.3,41.8,0,0,none,none
2026-02-04T04:10:30.420723,20.3,41.8,0,0,none,none
2026-02-04T04:10:32.675532,20.3,41.8,0,0,none,none
2026-02-04T04:10:34.930382,20.3,41.8,0,0,none,none
2026-02-04T04:10:37.185005,20.3,41.8,0,0,none,none
2026-02-04T04:10:39.520686,20.3,41.8,0,0,none,none
2026-02-04T04:10:41.856453,20.3,41.8,0,0,none,none
2026-02-04T04:10:44.160251,20.3,41.7,0,0,none,none
2026-02-04T04:10:46.414894,20.3,41.8,0,0,none,none
2026-02-04T04:10:48.669647,20.3,41.8,0,0,none,none
2026-02-04T04:10:50.924544,20.3,41.8,0,0,none,none
2026-02-04T04:10:53.179168,20.3,41.8,0,0,none,none
2026-02-04T04:10:55.434253,20.3,41.8,0,0,none,none
2026-02-04T04:10:57.688841,20.3,41.7,0,0,none,none
2026-02-04T04:10:59.943295,20.3,41.7,0,0,none,none
2026-02-04T04:11:02.198196,20.3,41.7,0,0,none,none
2026-02-04T04:11:04.453038,20.3,41.7,0,0,none,none
2026-02-04T04:11:06.707516,20.3,41.7,0,0,none,none
2026-02-04T04:11:08.962462,20.3,41.7,0,0,none,none
2026-02-04T04:11:11.217244,20.3,41.7,0,0,none,none
2026-02-04T04:11:13.471918,20.3,41.7,0,0,none,none
2026-02-04T04:11:15.726626,20.3,41.7,0,0,none,none
2026-02-04T04:11:17.981478,20.3,41.7,0,0,none,none
2026-02-04T04:11:20.235852,20.3,41.8,0,0,none,none
2026-02-04T04:11:22.490700,20.3,41.7,0,0,none,none
2026-02-04T04:11:24.745506,20.3,41.7,0,0,none,none
2026-02-04T04:11:26.999942,20.3,41.7,0,0,none,none
2026-02-04T04:11:29.254472,20.3,41.8,0,0,none,none
2026-02-04T04:11:31.509367,20.3,41.7,0,0,none,none
2026-02-04T04:11:33.763557,20.3,41.7,0,0,none,none
2026-02-04T04:11:36.018324,20.3,41.7,0,0,none,none
2026-02-04T04:11:38.273082,20.3,41.8,0,0,none,none
2026-02-04T04:11:40.527866,20.3,41.7,0,0,none,none
2026-02-04T04:11:42.782781,20.3,41.7,0,0,none,none
2026-02-04T04:11:45.037606,20.3,41.8,0,0,none,none
2026-02-04T04:11:47.291951,20.3,41.8,0,0,none,none
2026-02-04T04:11:49.546884,20.3,41.8,0,0,none,none
2026-02-04T04:11:51.801703,20.3,41.8,0,0,none,none
2026-02-04T04:11:54.056504,20.3,41.7,0,0,none,none
2026-02-04T04:11:56.311403,20.3,41.7,0,0,none,none
2026-02-04T04:11:58.566244,20.3,41.7,0,0,none,none
2026-02-04T04:12:00.820868,20.3,41.7,0,0,none,none
2026-02-04T04:12:03.075584,20.3,41.7,0,0,none,none
2026-02-04T04:12:05.330493,20.3,41.7,0,0,none,none
2026-02-04T04:12:07.585231,20.3,41.7,0,0,none,none
2026-02-04T04:12:09.839969,20.3,41.7,0,0,none,none
2026-02-04T04:12:12.094584,20.3,41.7,0,0,none,none
2026-02-04T04:12:14.349268,20.3,41.7,0,0,none,none
2026-02-04T04:12:16.604069,20.3,41.7,0,0,none,none
2026-02-04T04:12:18.858648,20.3,41.7,0,0,none,none
2026-02-04T04:12:21.113251,20.3,41.7,0,0,none,none
2026-02-04T04:12:23.367978,20.3,41.7,0,0,none,none
2026-02-04T04:12:25.622914,20.3,41.7,0,0,none,none
2026-02-04T04:12:27.877562,20.3,41.7,0,0,none,none
2026-02-04T04:12:30.132385,20.3,41.7,0,0,none,none
2026-02-04T04:12:32.388510,20.3,41.7,0,0,none,none
2026-02-04T04:12:34.643219,20.3,41.7,0,0,none,none
2026-02-04T04:12:36.897796,20.3,41.7,0,0,none,none
2026-02-04T04:12:39.152575,20.3,41.7,0,0,none,none
2026-02-04T04:12:41.407036,20.3,41.7,0,0,none,none
2026-02-04T04:12:43.662062,20.3,41.7,0,0,none,none
2026-02-04T04:12:45.916682,20.3,41.7,0,0,none,none
2026-02-04T04:12:48.171271,20.3,41.7,0,0,none,none
2026-02-04T04:12:50.426130,20.3,41.7,0,0,none,none
2026-02-04T04:12:52.680817,20.3,41.7,0,0,none,none
2026-02-04T04:12:54.935244,20.3,41.7,0,0,none,none
2026-02-04T04:12:57.190229,20.3,41.7,0,0,none,none
2026-02-04T04:12:59.508281,20.3,41.7,0,0,none,none
2026-02-04T04:13:01.762844,20.3,41.7,0,0,none,none
2026-02-04T04:13:04.017704,20.3,41.7,0,0,none,none
2026-02-04T04:13:06.272483,20.3,41.7,0,0,none,none
2026-02-04T04:13:08.527172,20.3,41.7,0,0,none,none
2026-02-04T04:13:10.781610,20.3,41.7,0,0,none,none
2026-02-04T04:13:13.036488,20.3,41.7,0,0,none,none
2026-02-04T04:13:15.290979,20.3,41.7,0,0,none,none
2026-02-04T04:13:17.546140,20.3,41.7,0,0,none,none
2026-02-04T04:13:19.800959,20.3,41.7,0,0,none,none
2026-02-04T04:13:22.055442,20.3,41.7,0,0,none,none
2026-02-04T04:13:24.309960,20.3,41.7,0,0,none,none
2026-02-04T04:13:26.564860,20.3,41.7,0,0,none,none
2026-02-04T04:13:28.819268,20.3,41.7,0,0,none,none
2026-02-04T04:13:31.074221,20.3,41.7,0,0,none,none
2026-02-04T04:13:33.336189,20.3,41.7,0,0,none,none
2026-02-04T04:13:35.590840,20.3,41.7,0,0,none,none
2026-02-04T04:13:37.845852,20.3,41.7,0,0,none,none
2026-02-04T04:13:40.100685,20.3,41.7,0,0,none,none
2026-02-04T04:13:42.355347,20.3,41.7,0,0,none,none
2026-02-04T04:13:44.610395,20.3,41.7,0,0,none,none
2026-02-04T04:13:46.865143,20.3,41.7,0,0,none,none
2026-02-04T04:13:49.119694,20.3,41.7,0,0,none,none
2026-02-04T04:13:51.374163,20.3,41.7,0,0,none,none
2026-02-04T04:13:53.631017,20.3,41.7,0,0,none,none
2026-02-04T04:13:55.885625,20.3,41.7,0,0,none,none
2026-02-04T04:13:58.140549,20.3,41.7,0,0,none,none
2026-02-04T04:14:00.395409,20.3,41.7,0,0,none,none
2026-02-04T04:14:02.650198,20.3,41.7,0,0,none,none
2026-02-04T04:14:04.905054,20.3,41.7,0,0,none,none
2026-02-04T04:14:07.159550,20.3,41.7,0,0,none,none
2026-02-04T04:14:09.414290,20.3,41.7,0,0,none,none
2026-02-04T04:14:11.669305,20.3,41.7,0,0,none,none
2026-02-04T04:14:13.924076,20.3,41.7,0,0,none,none
2026-02-04T04:14:16.178415,20.3,41.7,0,0,none,none
2026-02-04T04:14:18.433383,20.3,41.7,0,0,none,none
2026-02-04T04:14:20.689534,20.3,41.7,0,0,none,none
2026-02-04T04:14:22.943902,20.3,41.7,0,0,none,none
2026-02-04T04:14:25.198646,20.3,41.7,0,0,none,none
2026-02-04T04:14:27.453629,20.3,41.7,0,0,none,none
2026-02-04T04:14:29.708354,20.3,41.7,0,0,none,none
2026-02-04T04:14:31.963076,20.3,41.7,0,0,none,none
2026-02-04T04:14:34.219794,20.3,41.7,0,0,none,none
2026-02-04T04:14:36.474485,20.3,41.7,0,0,none,none
2026-02-04T04:14:38.729410,20.3,41.7,0,0,none,none
2026-02-04T04:14:40.984349,20.3,41.7,0,0,none,none
2026-02-04T04:14:43.238935,20.3,41.6,0,0,none,none
2026-02-04T04:14:45.493406,20.3,41.7,0,0,none,none
2026-02-04T04:14:47.750342,20.3,41.7,0,0,none,none
2026-02-04T04:14:50.005023,20.3,41.6,0,0,none,none
2026-02-04T04:14:52.259747,20.3,41.7,0,0,none,none
2026-02-04T04:14:54.516443,20.3,41.6,0,0,none,none
2026-02-04T04:14:56.771114,20.3,41.6,0,0,none,none
2026-02-04T04:14:59.026069,20.3,41.7,0,0,none,none
2026-02-04T04:15:01.280955,20.3,41.6,0,0,none,none
2026-02-04T04:15:03.535815,20.3,41.6,0,0,none,none
2026-02-04T04:15:05.790609,20.3,41.7,0,0,none,none
2026-02-04T04:15:08.045509,20.3,41.7,0,0,none,none
2026-02-04T04:15:10.300044,20.3,41.7,0,0,none,none
2026-02-04T04:15:12.554925,20.3,41.6,0,0,none,none
2026-02-04T04:15:14.809797,20.4,41.7,0,0,none,none
2026-02-04T04:15:17.064576,20.3,41.7,0,0,none,none
2026-02-04T04:15:19.319216,20.3,41.7,0,0,none,none
2026-02-04T04:15:21.574222,20.3,41.7,1,0,none,none
2026-02-04T04:15:23.828810,20.3,41.7,0,0,none,none
2026-02-04T04:15:26.083627,20.3,41.7,0,0,none,none
2026-02-04T04:15:28.338284,20.3,41.7,0,0,none,none
2026-02-04T04:15:30.593134,20.3,41.7,0,0,none,none
2026-02-04T04:15:32.848018,20.3,41.7,0,0,none,none
2026-02-04T04:15:35.102728,20.3,41.7,0,0,none,none
2026-02-04T04:15:37.357375,20.3,41.7,0,0,none,none
2026-02-04T04:15:39.612368,20.3,41.7,0,0,none,none
2026-02-04T04:15:41.867196,20.3,41.7,0,0,none,none
2026-02-04T04:15:44.121963,20.3,41.7,0,0,none,none
2026-02-04T04:15:46.376756,20.3,41.7,0,0,none,none
2026-02-04T04:15:48.631652,20.3,41.7,0,0,none,none
2026-02-04T04:15:50.885989,20.3,41.7,0,0,none,none
2026-02-04T04:15:53.140818,20.3,41.7,0,0,none,none
2026-02-04T04:15:55.395659,20.3,41.7,0,0,none,none
2026-02-04T04:15:57.650395,20.3,41.7,0,0,none,none
2026-02-04T04:15:59.905345,20.3,41.7,0,0,none,none
2026-02-04T04:16:02.160200,20.3,41.7,0,0,none,none
2026-02-04T04:16:04.414519,20.3,41.7,0,0,none,none
2026-02-04T04:16:06.669489,20.3,41.7,0,0,none,none
2026-02-04T04:16:08.924010,20.3,41.7,0,0,none,none
2026-02-04T04:16:11.178468,20.3,41.7,0,0,none,none
2026-02-04T04:16:13.433422,20.3,41.7,0,0,none,none
2026-02-04T04:16:15.688359,20.3,41.7,0,0,none,none
2026-02-04T04:16:17.942859,20.3,41.7,0,0,none,none
2026-02-04T04:16:20.197877,20.3,41.7,0,0,none,none
2026-02-04T04:16:22.452793,20.3,41.7,0,0,none,none
2026-02-04T04:16:24.707488,20.3,41.7,0,0,none,none
2026-02-04T04:16:26.962047,20.4,41.8,0,0,none,none
2026-02-04T04:16:29.216925,20.3,41.7,0,0,none,none
2026-02-04T04:16:31.471608,20.3,41.7,0,0,none,none
2026-02-04T04:16:33.725992,20.3,41.7,0,0,none,none
2026-02-04T04:16:35.980907,20.3,41.7,0,0,none,none
2026-02-04T04:16:38.235568,20.3,41.7,0,0,none,none
2026-02-04T04:16:40.490213,20.3,41.7,0,0,none,none
2026-02-04T04:16:42.745093,20.3,41.7,0,0,none,none
2026-02-04T04:16:44.999807,20.3,41.7,0,0,none,none
2026-02-04T04:16:47.254579,20.3,41.7,0,0,none,none
2026-02-04T04:16:49.508994,20.3,41.7,0,0,none,none
2026-02-04T04:16:51.763702,20.3,41.7,0,0,none,none
2026-02-04T04:16:54.018340,20.3,41.7,0,0,none,none
2026-02-04T04:16:56.273186,20.3,41.7,0,0,none,none
2026-02-04T04:16:58.527943,20.3,41.7,0,0,none,none
2026-02-04T04:17:00.782566,20.3,41.7,0,0,none,none
2026-02-04T04:17:03.039308,20.3,41.7,0,0,none,none
2026-02-04T04:17:05.294054,20.3,41.7,0,0,none,none
2026-02-04T04:17:07.548641,20.3,41.7,0,0,none,none
2026-02-04T04:17:09.803567,20.3,41.7,0,0,none,none
2026-02-04T04:17:12.058272,20.3,41.7,0,0,none,none
2026-02-04T04:17:14.313204,20.3,41.7,0,0,none,none
2026-02-04T04:17:16.570423,20.3,41.7,0,0,none,none
2026-02-04T04:17:18.825165,20.3,41.7,0,0,none,none
2026-02-04T04:17:21.080061,20.3,41.7,0,0,none,none
2026-02-04T04:17:23.334923,20.3,41.7,0,0,none,none
2026-02-04T04:17:25.589884,20.3,41.7,0,0,none,none
2026-02-04T04:17:27.844778,20.3,41.6,0,0,none,none
2026-02-04T04:17:30.099600,20.3,41.6,0,0,none,none
2026-02-04T04:17:32.354173,20.3,41.7,0,0,none,none
2026-02-04T04:17:34.609148,20.3,41.7,0,0,none,none
2026-02-04T04:17:36.863982,20.3,41.7,0,0,none,none
2026-02-04T04:17:39.118489,20.3,41.7,0,0,none,none
2026-02-04T04:17:41.373455,20.3,41.7,0,0,none,none
2026-02-04T04:17:43.628635,20.3,41.7,0,0,none,none
2026-02-04T04:17:45.883197,20.3,41.6,0,0,none,none
2026-02-04T04:17:48.138226,20.3,41.7,0,0,none,none
2026-02-04T04:17:50.456468,20.3,41.7,0,0,none,none
2026-02-04T04:17:52.711124,20.3,41.7,0,0,none,none
2026-02-04T04:17:54.966050,20.3,41.7,0,0,none,none
2026-02-04T04:17:57.220863,20.3,41.7,0,0,none,none
2026-02-04T04:17:59.475740,20.3,41.7,0,0,none,none
2026-02-04T04:18:01.730715,20.3,41.7,0,0,none,none
2026-02-04T04:18:03.985701,20.3,41.7,0,0,none,none
2026-02-04T04:18:06.240421,20.3,41.7,0,0,none,none
2026-02-04T04:18:08.494883,20.3,41.7,0,0,none,none
2026-02-04T04:18:10.749684,20.3,41.7,0,0,none,none
2026-02-04T04:18:13.004382,20.3,41.7,0,0,none,none
2026-02-04T04:18:15.258924,20.3,41.7,0,0,none,none
2026-02-04T04:18:17.513969,20.3,41.7,0,0,none,none
2026-02-04T04:18:19.768641,20.3,41.7,0,0,none,none
2026-02-04T04:18:22.023565,20.3,41.7,0,0,none,none
2026-02-04T04:18:24.278403,20.3,41.7,0,0,none,none
2026-02-04T04:18:26.533195,20.3,41.7,0,0,none,none
2026-02-04T04:18:28.788084,20.3,41.7,0,0,none,none
2026-02-04T04:18:31.042717,20.3,41.7,0,0,none,none
2026-02-04T04:18:33.297423,20.3,41.7,0,0,none,none
2026-02-04T04:18:35.552215,20.3,41.8,0,0,none,none
2026-02-04T04:18:37.807029,20.3,41.8,0,0,none,none
2026-02-04T04:18:40.061694,20.3,41.8,0,0,none,none
2026-02-04T04:18:42.316508,20.3,41.7,0,0,none,none
2026-02-04T04:18:44.571257,20.3,41.8,0,0,none,none
2026-02-04T04:18:46.825962,20.3,41.8,0,0,none,none
2026-02-04T04:18:49.080720,20.3,41.7,0,0,none,none
2026-02-04T04:18:51.335341,20.3,41.7,0,0,none,none
2026-02-04T04:18:53.590136,20.3,41.8,0,0,none,none
2026-02-04T04:18:55.844982,20.3,41.7,0,0,none,none
2026-02-04T04:18:58.099642,20.3,41.7,0,0,none,none
2026-02-04T04:19:00.353989,20.3,41.7,0,0,none,none
2026-02-04T04:19:02.608892,20.3,41.7,0,0,none,none
2026-02-04T04:19:04.863750,20.3,41.7,0,0,none,none
2026-02-04T04:19:07.118397,20.3,41.7,0,0,none,none
2026-02-04T04:19:09.373239,20.3,41.7,0,0,none,none
2026-02-04T04:19:11.628160,20.3,41.7,0,0,none,none
2026-02-04T04:19:13.882823,20.3,41.8,0,0,none,none
2026-02-04T04:19:16.137638,20.3,41.7,0,0,none,none
2026-02-04T04:19:18.392522,20.3,41.7,0,0,none,none
2026-02-04T04:19:20.647268,20.3,41.7,0,0,none,none
2026-02-04T04:19:22.902169,20.3,41.7,0,0,none,none
2026-02-04T04:19:25.157064,20.3,41.7,0,0,none,none
2026-02-04T04:19:27.411625,20.3,41.7,0,0,none,none
2026-02-04T04:19:29.666515,20.3,41.7,0,0,none,none
2026-02-04T04:19:31.921355,20.3,41.7,0,0,none,none
2026-02-04T04:19:34.175962,20.3,41.7,0,0,none,none
2026-02-04T04:19:36.430871,20.3,41.7,0,0,none,none
2026-02-04T04:19:38.685834,20.3,41.7,0,0,none,none
2026-02-04T04:19:40.940496,20.3,41.7,0,0,none,none
2026-02-04T04:19:43.195296,20.3,41.7,0,0,none,none
2026-02-04T04:19:45.450168,20.3,41.7,0,0,none,none
2026-02-04T04:19:47.704896,20.3,41.7,0,0,none,none
2026-02-04T04:19:49.959845,20.3,41.7,0,0,none,none
2026-02-04T04:19:52.214707,20.3,41.7,0,0,none,none
2026-02-04T04:19:54.469505,20.3,41.7,0,0,none,none
2026-02-04T04:19:56.724499,20.3,41.7,0,0,none,none
2026-02-04T04:19:58.979289,20.3,41.7,0,0,none,none
2026-02-04T04:20:01.234094,20.3,41.7,0,0,none,none
2026-02-04T04:20:03.489080,20.3,41.7,0,0,none,none
2026-02-04T04:20:05.744044,20.3,41.7,0,0,none,none
2026-02-04T04:20:07.998648,20.3,41.7,0,0,none,none
2026-02-04T04:20:10.253681,20.3,41.7,0,0,none,none
2026-02-04T04:20:12.508220,20.3,41.7,0,0,none,none
2026-02-04T04:20:14.762985,20.3,41.7,0,0,none,none
2026-02-04T04:20:17.017999,20.3,41.7,0,0,none,none
2026-02-04T04:20:19.272948,20.3,41.7,0,0,none,none
2026-02-04T04:20:21.527775,20.3,41.7,0,0,none,none
2026-02-04T04:20:23.782458,20.3,41.7,0,0,none,none
2026-02-04T04:20:26.037355,20.3,41.7,0,0,none,none
2026-02-04T04:20:28.291929,20.3,41.7,0,0,none,none
2026-02-04T04:20:30.546905,20.3,41.7,0,0,none,none
2026-02-04T04:20:32.801934,20.3,41.7,0,0,none,none
2026-02-04T04:20:35.056596,20.3,41.7,0,0,none,none
2026-02-04T04:20:37.311490,20.3,41.7,0,0,none,none
2026-02-04T04:20:39.566419,20.3,41.7,0,0,none,none
2026-02-04T04:20:41.820665,20.3,41.7,0,0,none,none
2026-02-04T04:20:44.075476,20.3,41.7,0,0,none,none
2026-02-04T04:20:46.330254,20.3,41.7,0,0,none,none
2026-02-04T04:20:48.584997,20.3,41.7,0,0,none,none
2026-02-04T04:20:50.839746,20.3,41.7,0,0,none,none
2026-02-04T04:20:53.094427,20.3,41.7,0,0,none,none
2026-02-04T04:20:55.349063,20.3,41.7,0,0,none,none
2026-02-04T04:20:57.603965,20.3,41.7,0,0,none,none
2026-02-04T04:20:59.858682,20.3,41.7,0,0,none,none
2026-02-04T04:21:02.113291,20.3,41.7,0,0,none,none
2026-02-04T04:21:04.367988,20.3,41.7,0,0,none,none
2026-02-04T04:21:06.622757,20.3,41.7,0,0,none,none
2026-02-04T04:21:08.877470,20.3,41.7,0,0,none,none
2026-02-04T04:21:11.132193,20.3,41.7,0,0,none,none
2026-02-04T04:21:13.386952,20.3,41.7,0,0,none,none
2026-02-04T04:21:15.641721,20.3,41.7,0,0,none,none
2026-02-04T04:21:17.896602,20.3,41.7,0,0,none,none
2026-02-04T04:21:20.151371,20.3,41.8,0,0,none,none
2026-02-04T04:21:22.406127,20.3,41.8,0,0,none,none
2026-02-04T04:21:24.661020,20.3,41.7,0,0,none,none
2026-02-04T04:21:26.915751,20.3,41.8,0,0,none,none
2026-02-04T04:21:29.170289,20.3,41.7,0,0,none,none
2026-02-04T04:21:31.425019,20.3,41.7,0,0,none,none
2026-02-04T04:21:33.679870,20.3,41.7,0,0,none,none
2026-02-04T04:21:35.934591,20.3,41.7,0,0,none,none
2026-02-04T04:21:38.189396,20.3,41.7,0,0,none,none
2026-02-04T04:21:40.446282,20.3,41.7,0,0,none,none
2026-02-04T04:21:42.700866,20.3,41.8,0,0,none,none
2026-02-04T04:21:44.955745,20.3,41.8,0,0,none,none
2026-02-04T04:21:47.210413,20.3,41.8,0,0,none,none
2026-02-04T04:21:49.465188,20.3,41.7,0,0,none,none
2026-02-04T04:21:51.719662,20.3,41.8,0,0,none,none
2026-02-04T04:21:53.974494,20.3,41.7,0,0,none,none
2026-02-04T04:21:56.229087,20.3,41.7,0,0,none,none
2026-02-04T04:21:58.483815,20.3,41.8,0,0,none,none
2026-02-04T04:22:00.738549,20.3,41.7,0,0,none,none
2026-02-04T04:22:02.993181,20.3,41.8,0,0,none,none
2026-02-04T04:22:05.247937,20.3,41.8,0,0,none,none
2026-02-04T04:22:07.502706,20.3,41.8,0,0,none,none
2026-02-04T04:22:09.757340,20.3,41.8,0,0,none,none
2026-02-04T04:22:12.012054,20.3,41.8,0,0,none,none
2026-02-04T04:22:14.266625,20.3,41.8,0,0,none,none
2026-02-04T04:22:16.521330,20.3,41.7,0,0,none,none
2026-02-04T04:22:18.776041,20.3,41.8,0,0,none,none
2026-02-04T04:22:21.030857,20.3,41.8,0,0,none,none
2026-02-04T04:22:23.285456,20.3,41.8,0,0,none,none
2026-02-04T04:22:25.540461,20.3,41.8,0,0,none,none
2026-02-04T04:22:27.795232,20.3,41.8,0,0,none,none
2026-02-04T04:22:30.049983,20.3,41.8,0,0,none,none
2026-02-04T04:22:32.304822,20.3,41.7,0,0,none,none
2026-02-04T04:22:34.559777,20.3,41.8,0,0,none,none
2026-02-04T04:22:36.814392,20.3,41.8,0,0,none,none
2026-02-04T04:22:39.069242,20.3,41.8,0,0,none,none
2026-02-04T04:22:41.323980,20.3,41.8,0,0,none,none
2026-02-04T04:22:43.578601,20.3,41.8,0,0,none,none
2026-02-04T04:22:45.833452,20.3,41.8,0,0,none,none
2026-02-04T04:22:48.088338,20.3,41.8,0,0,none,none
2026-02-04T04:22:50.342907,20.3,41.8,0,0,none,none
2026-02-04T04:22:52.597985,20.3,41.8,0,0,none,none
2026-02-04T04:22:54.852754,20.3,41.8,0,0,none,none
2026-02-04T04:22:57.107421,20.3,41.8,0,0,none,none
2026-02-04T04:22:59.361912,20.3,41.7,0,0,none,none
2026-02-04T04:23:01.616860,20.3,41.8,0,0,none,none
2026-02-04T04:23:03.871413,20.3,41.8,0,0,none,none
2026-02-04T04:23:06.126291,20.3,41.7,0,0,none,none
2026-02-04T04:23:08.380701,20.3,41.8,0,0,none,none
2026-02-04T04:23:10.635287,20.3,41.8,0,0,none,none
2026-02-04T04:23:12.890201,20.3,41.8,0,0,none,none
2026-02-04T04:23:15.145004,20.3,41.8,0,0,none,none
2026-02-04T04:23:17.399635,20.3,41.8,0,0,none,none
2026-02-04T04:23:19.654364,20.3,41.8,0,0,none,none
2026-02-04T04:23:21.909182,20.3,41.8,0,0,none,none
2026-02-04T04:23:24.163933,20.3,41.8,0,0,none,none
2026-02-04T04:23:26.418636,20.3,41.7,0,0,none,none
2026-02-04T04:23:28.673610,20.3,41.8,0,0,none,none
2026-02-04T04:23:30.928272,20.3,41.8,0,0,none,none
2026-02-04T04:23:33.183163,20.3,41.8,0,0,none,none
2026-02-04T04:23:35.438161,20.3,41.8,0,0,none,none
2026-02-04T04:23:37.692937,20.3,41.8,0,0,none,none
2026-02-04T04:23:39.947711,20.3,41.8,0,0,none,none
2026-02-04T04:23:42.202529,20.3,41.9,0,0,none,none
2026-02-04T04:23:44.457145,20.3,41.8,0,0,none,none
2026-02-04T04:23:46.711943,20.3,41.8,0,0,none,none
2026-02-04T04:23:48.966738,20.3,41.8,0,0,none,none
2026-02-04T04:23:51.221365,20.3,41.8,0,0,none,none
2026-02-04T04:23:53.476258,20.3,41.9,0,0,none,none
2026-02-04T04:23:55.731139,20.3,41.8,0,0,none,none
2026-02-04T04:23:57.985916,20.3,41.8,0,0,none,none
2026-02-04T04:24:00.240686,20.3,41.8,0,0,none,none
2026-02-04T04:24:02.495484,20.3,41.8,0,0,none,none
2026-02-04T04:24:04.750060,20.3,41.8,0,0,none,none
2026-02-04T04:24:07.004918,20.3,41.8,0,0,none,none
2026-02-04T04:24:09.259742,20.3,41.8,0,0,none,none
2026-02-04T04:24:11.514293,20.3,41.8,0,0,none,none
2026-02-04T04:24:13.769153,20.3,41.8,0,0,none,none
2026-02-04T04:24:16.023625,20.3,41.8,0,0,none,none
2026-02-04T04:24:18.278221,20.3,41.8,0,0,none,none
2026-02-04T04:24:20.533173,20.3,41.7,0,0,none,none
2026-02-04T04:24:22.787982,20.3,41.7,0,0,none,none
2026-02-04T04:24:25.042707,20.3,41.7,0,0,none,none
2026-02-04T04:24:27.297548,20.3,41.7,0,0,none,none
2026-02-04T04:24:29.552548,20.3,41.7,0,0,none,none
2026-02-04T04:24:31.807081,20.3,41.7,0,0,none,none
2026-02-04T04:24:34.062039,20.3,41.7,0,0,none,none
2026-02-04T04:24:36.316796,20.3,41.7,0,0,none,none
2026-02-04T04:24:38.571477,20.3,41.8,0,0,none,none
2026-02-04T04:24:40.826231,20.3,41.8,0,0,none,none
2026-02-04T04:24:43.081065,20.3,41.8,0,0,none,none
2026-02-04T04:24:45.335580,20.3,41.7,0,0,none,none
2026-02-04T04:24:47.590447,20.3,41.8,0,0,none,none
2026-02-04T04:24:49.845310,20.3,41.8,0,0,none,none
2026-02-04T04:24:52.100087,20.3,41.8,0,0,none,none
2026-02-04T04:24:54.354921,20.3,41.7,0,0,none,none
2026-02-04T04:24:56.609984,20.3,41.7,0,0,none,none
2026-02-04T04:24:58.864716,20.3,41.7,0,0,none,none
2026-02-04T04:25:01.119395,20.3,41.7,0,0,none,none
2026-02-04T04:25:03.374319,20.3,41.7,0,0,none,none
2026-02-04T04:25:05.629067,20.3,41.7,0,0,none,none
2026-02-04T04:25:07.883942,20.3,41.7,0,0,none,none
2026-02-04T04:25:10.138734,20.3,41.7,0,0,none,none
2026-02-04T04:25:12.393412,20.3,41.7,0,0,none,none
2026-02-04T04:25:14.648242,20.3,41.7,0,0,none,none
2026-02-04T04:25:16.903052,20.3,41.7,0,0,none,none
2026-02-04T04:25:19.157716,20.3,41.7,0,0,none,none
2026-02-04T04:25:21.412507,20.3,41.7,0,0,none,none
2026-02-04T04:25:23.667496,20.3,41.7,0,0,none,none
2026-02-04T04:25:25.922000,20.3,41.7,0,0,none,none
2026-02-04T04:25:28.176646,20.3,41.7,0,0,none,none
2026-02-04T04:25:30.431699,20.3,41.7,0,0,none,none
2026-02-04T04:25:32.686303,20.3,41.7,0,0,none,none
2026-02-04T04:25:34.941109,20.3,41.7,0,0,none,none
2026-02-04T04:25:37.195848,20.3,41.7,0,0,none,none
2026-02-04T04:25:39.450508,20.3,41.7,0,0,none,none
2026-02-04T04:25:41.705325,20.3,41.7,0,0,none,none
2026-02-04T04:25:43.960065,20.3,41.7,0,0,none,none
2026-02-04T04:25:46.214510,20.3,41.7,0,0,none,none
2026-02-04T04:25:48.469445,20.3,41.7,0,0,none,none
2026-02-04T04:25:50.724281,20.3,41.7,0,0,none,none
2026-02-04T04:25:52.978785,20.3,41.7,0,0,none,none
2026-02-04T04:25:55.233669,20.3,41.7,0,0,none,none
2026-02-04T04:25:57.488208,20.3,41.7,0,0,none,none
2026-02-04T04:25:59.742721,20.3,41.7,0,0,none,none
2026-02-04T04:26:01.997581,20.3,41.7,0,0,none,none
2026-02-04T04:26:04.252401,20.3,41.7,0,0,none,none
2026-02-04T04:26:06.507053,20.3,41.7,0,0,none,none
2026-02-04T04:26:08.762001,20.3,41.7,0,0,none,none
2026-02-04T04:26:11.016823,20.3,41.7,0,0,none,none
2026-02-04T04:26:13.271349,20.3,41.7,0,0,none,none
2026-02-04T04:26:15.526358,20.3,41.7,0,0,none,none
2026-02-04T04:26:17.781156,20.3,41.6,0,0,none,none
2026-02-04T04:26:20.035629,20.3,41.7,0,0,none,none
2026-02-04T04:26:22.290490,20.3,41.7,0,0,none,none
2026-02-04T04:26:24.545433,20.3,41.7,0,0,none,none
2026-02-04T04:26:26.800028,20.3,41.7,0,0,none,none
2026-02-04T04:26:29.054690,20.3,41.7,0,0,none,none
2026-02-04T04:26:31.309596,20.3,41.7,0,0,none,none
2026-02-04T04:26:33.564341,20.3,41.7,0,0,none,none
2026-02-04T04:26:35.819187,20.3,41.7,0,0,none,none
2026-02-04T04:26:38.074027,20.3,41.7,0,0,none,none
2026-02-04T04:26:40.328602,20.3,41.7,0,0,none,none
2026-02-04T04:26:42.583552,20.3,41.7,0,0,none,none
2026-02-04T04:26:44.838402,20.3,41.7,0,0,none,none
2026-02-04T04:26:47.093017,20.3,41.7,0,0,none,none
2026-02-04T04:26:49.347729,20.3,41.7,0,0,none,none
2026-02-04T04:26:51.602541,20.3,41.7,0,0,none,none
2026-02-04T04:26:53.857191,20.3,41.7,0,0,none,none
2026-02-04T04:26:56.112039,20.3,41.7,0,0,none,none
2026-02-04T04:26:58.366742,20.3,41.7,0,0,none,none
2026-02-04T04:27:00.621513,20.3,41.6,0,0,none,none
2026-02-04T04:27:02.876293,20.3,41.7,0,0,none,none
2026-02-04T04:27:05.131219,20.3,41.6,0,0,none,none
2026-02-04T04:27:07.385959,20.3,41.6,0,0,none,none
2026-02-04T04:27:09.640909,20.3,41.7,0,0,none,none
2026-02-04T04:27:11.895687,20.3,41.7,0,0,none,none
2026-02-04T04:27:14.150295,20.3,41.7,0,0,none,none
2026-02-04T04:27:16.405113,20.3,41.6,0,0,none,none
2026-02-04T04:27:18.659994,20.3,41.7,0,0,none,none
2026-02-04T04:27:20.914490,20.3,41.7,0,0,none,none
2026-02-04T04:27:23.169283,20.3,41.7,0,0,none,none
2026-02-04T04:27:25.424109,20.3,41.7,0,0,none,none
2026-02-04T04:27:27.678610,20.3,41.7,0,0,none,none
2026-02-04T04:27:29.933421,20.3,41.7,0,0,none,none
2026-02-04T04:27:32.188184,20.3,41.7,0,0,none,none
2026-02-04T04:27:34.442924,20.3,41.7,0,0,none,none
2026-02-04T04:27:36.697895,20.3,41.6,0,0,none,none
2026-02-04T04:27:38.969940,20.3,41.7,0,0,none,none
2026-02-04T04:27:41.305526,20.3,41.7,0,0,none,none
2026-02-04T04:27:43.641430,20.3,41.7,0,0,none,none
2026-02-04T04:27:45.952337,20.3,41.7,0,0,none,none
2026-02-04T04:27:48.207013,20.3,41.7,0,0,none,none
2026-02-04T04:27:50.462056,20.3,41.7,0,0,none,none
2026-02-04T04:27:52.716900,20.3,41.7,0,0,none,none
2026-02-04T04:27:54.971388,20.3,41.7,0,0,none,none
2026-02-04T04:27:57.226331,20.3,41.7,0,0,none,none
2026-02-04T04:27:59.481315,20.3,41.7,0,0,none,none
2026-02-04T04:28:01.735969,20.3,41.7,0,0,none,none
2026-02-04T04:28:03.990714,20.3,41.7,0,0,none,none
2026-02-04T04:28:06.245574,20.3,41.7,0,0,none,none
2026-02-04T04:28:08.499949,20.3,41.6,0,0,none,none
2026-02-04T04:28:10.754605,20.3,41.7,0,0,none,none
2026-02-04T04:28:13.009531,20.3,41.7,0,0,none,none
2026-02-04T04:28:15.264241,20.3,41.7,0,0,none,none
2026-02-04T04:28:17.519172,20.3,41.7,0,0,none,none
2026-02-04T04:28:19.774173,20.3,41.7,0,0,none,none
2026-02-04T04:28:22.028777,20.3,41.7,0,0,none,none
2026-02-04T04:28:24.283753,20.3,41.7,0,0,none,none
2026-02-04T04:28:26.538562,20.3,41.7,0,0,none,none
2026-02-04T04:28:28.793301,20.3,41.6,0,0,none,none
2026-02-04T04:28:31.048080,20.3,41.7,0,0,none,none
2026-02-04T04:28:33.302845,20.3,41.6,0,0,none,none
2026-02-04T04:28:35.557689,20.3,41.7,0,0,none,none
2026-02-04T04:28:37.812590,20.3,41.7,0,0,none,none
2026-02-04T04:28:40.067454,20.3,41.7,0,0,none,none
2026-02-04T04:28:42.322111,20.3,41.6,0,0,none,none
2026-02-04T04:28:44.577199,20.3,41.7,0,0,none,none
2026-02-04T04:28:46.832149,20.3,41.7,0,0,none,none
2026-02-04T04:28:49.086799,20.3,41.6,0,0,none,none
2026-02-04T04:28:51.341876,20.3,41.6,0,0,none,none
2026-02-04T04:28:53.596795,20.3,41.6,0,0,none,none
2026-02-04T04:28:55.851305,20.3,41.7,0,0,none,none
2026-02-04T04:28:58.106228,20.3,41.6,0,0,none,none
2026-02-04T04:29:00.361027,20.3,41.7,0,0,none,none
2026-02-04T04:29:02.615691,20.3,41.6,0,0,none,none
2026-02-04T04:29:04.870472,20.3,41.7,0,0,none,none
2026-02-04T04:29:07.125298,20.3,41.7,0,0,none,none
2026-02-04T04:29:09.380123,20.3,41.7,0,0,none,none
2026-02-04T04:29:11.634966,20.3,41.7,0,0,none,none
2026-02-04T04:29:13.891774,20.3,41.7,0,0,none,none
2026-02-04T04:29:16.146275,20.3,41.7,0,0,none,none
2026-02-04T04:29:18.401128,20.3,41.7,0,0,none,none
2026-02-04T04:29:20.655887,20.3,41.7,0,0,none,none
2026-02-04T04:29:22.910260,20.3,41.6,0,0,none,none
2026-02-04T04:29:25.165160,20.3,41.7,0,0,none,none
2026-02-04T04:29:27.419867,20.3,41.7,0,0,none,none
2026-02-04T04:29:29.674562,20.3,41.7,0,0,none,none
2026-02-04T04:29:31.929448,20.3,41.7,0,0,none,none
2026-02-04T04:29:34.184402,20.3,41.7,0,0,none,none
2026-02-04T04:29:36.439013,20.3,41.7,0,0,none,none
2026-02-04T04:29:38.693946,20.3,41.7,0,0,none,none
2026-02-04T04:29:40.948761,20.3,41.7,0,0,none,none
2026-02-04T04:29:43.203393,20.3,41.7,0,0,none,none
2026-02-04T04:29:45.458414,20.3,41.7,0,0,none,none
2026-02-04T04:29:47.713215,20.3,41.7,0,0,none,none
2026-02-04T04:29:49.967570,20.3,41.7,0,0,none,none
2026-02-04T04:29:52.222482,20.3,41.7,0,0,none,none
2026-02-04T04:29:54.477456,20.3,41.7,0,0,none,none
2026-02-04T04:29:56.732086,20.3,41.7,0,0,none,none
2026-02-04T04:29:58.986752,20.3,41.7,0,0,none,none
2026-02-04T04:30:01.241565,20.3,41.7,0,0,none,none
2026-02-04T04:30:03.496363,20.3,41.7,0,0,none,none
2026-02-04T04:30:05.751133,20.3,41.7,0,0,none,none
2026-02-04T04:30:08.006136,20.3,41.7,0,0,none,none
2026-02-04T04:30:10.260897,20.3,41.7,0,0,none,none
2026-02-04T04:30:12.515724,20.3,41.7,0,0,none,none
2026-02-04T04:30:14.770510,20.3,41.7,0,0,none,none
2026-02-04T04:30:17.025151,20.3,41.7,0,0,none,none
2026-02-04T04:30:19.279831,20.3,41.7,0,0,none,none
2026-02-04T04:30:21.534730,20.3,41.7,0,0,none,none
2026-02-04T04:30:23.789332,20.3,41.7,0,0,none,none
2026-02-04T04:30:26.043823,20.3,41.7,0,0,none,none
2026-02-04T04:30:28.298334,20.3,41.7,0,0,none,none
2026-02-04T04:30:30.553123,20.3,41.7,0,0,none,none
2026-02-04T04:30:32.807796,20.3,41.6,0,0,none,none
2026-02-04T04:30:35.062218,20.3,41.7,0,0,none,none
2026-02-04T04:30:37.316807,20.3,41.7,0,0,none,none
2026-02-04T04:30:39.571751,20.3,41.7,0,0,none,none
2026-02-04T04:30:41.828611,20.3,41.7,1,0,none,none
2026-02-04T04:30:44.082991,20.3,41.7,0,0,none,none
2026-02-04T04:30:46.337992,20.3,41.7,0,0,none,none
2026-02-04T04:30:48.592859,20.3,41.7,0,0,none,none
2026-02-04T04:30:50.847307,20.3,41.6,0,0,none,none
2026-02-04T04:30:53.102235,20.3,41.7,0,0,none,none
2026-02-04T04:30:55.420278,20.3,41.6,0,0,none,none
2026-02-04T04:30:57.675037,20.3,41.7,0,0,none,none
2026-02-04T04:30:59.929981,20.3,41.7,0,0,none,none
2026-02-04T04:31:02.184843,20.3,41.6,0,0,none,none
2026-02-04T04:31:04.439732,20.3,41.6,0,0,none,none
2026-02-04T04:31:06.694074,20.3,41.7,0,0,none,none
2026-02-04T04:31:08.948876,20.3,41.7,0,0,none,none
2026-02-04T04:31:11.203196,20.3,41.6,0,0,none,none
2026-02-04T04:31:13.458185,20.3,41.6,0,0,none,none
2026-02-04T04:31:15.712950,20.3,41.6,0,0,none,none
2026-02-04T04:31:17.967504,20.3,41.6,0,0,none,none
2026-02-04T04:31:20.221977,20.3,41.6,0,0,none,none
2026-02-04T04:31:22.476974,20.3,41.6,0,0,none,none
2026-02-04T04:31:24.731589,20.3,41.6,0,0,none,none
2026-02-04T04:31:26.986125,20.3,41.6,0,0,none,none
2026-02-04T04:31:29.240884,20.3,41.6,0,0,none,none
2026-02-04T04:31:31.495429,20.3,41.6,0,0,none,none
2026-02-04T04:31:33.749983,20.3,41.6,0,0,none,none
2026-02-04T04:31:36.004782,20.3,41.6,0,0,none,none
2026-02-04T04:31:38.259153,20.3,41.6,0,0,none,none
2026-02-04T04:31:40.514180,20.3,41.6,0,0,none,none
2026-02-04T04:31:42.768932,20.3,41.6,0,0,none,none
2026-02-04T04:31:45.023048,20.3,41.6,0,0,none,none
2026-02-04T04:31:47.277945,20.3,41.6,0,0,none,none
2026-02-04T04:31:49.532864,20.3,41.6,0,0,none,none
2026-02-04T04:31:51.787280,20.3,41.6,0,0,none,none
2026-02-04T04:31:54.042190,20.3,41.6,0,0,none,none
2026-02-04T04:31:56.297016,20.3,41.7,0,0,none,none
2026-02-04T04:31:58.551772,20.3,41.6,0,0,none,none
2026-02-04T04:32:00.806528,20.3,41.6,0,0,none,none
2026-02-04T04:32:03.061261,20.3,41.6,0,0,none,none
2026-02-04T04:32:05.315722,20.3,41.7,0,0,none,none
2026-02-04T04:32:07.570284,20.3,41.6,0,0,none,none
2026-02-04T04:32:09.824797,20.3,41.6,0,0,none,none
2026-02-04T04:32:12.079359,20.3,41.6,0,0,none,none
2026-02-04T04:32:14.334221,20.3,41.6,0,0,none,none
2026-02-04T04:32:16.589143,20.3,41.6,0,0,none,none
2026-02-04T04:32:18.843490,20.3,41.6,0,0,none,none
2026-02-04T04:32:21.098364,20.3,41.6,0,0,none,none
2026-02-04T04:32:23.353194,20.3,41.7,0,0,none,none
2026-02-04T04:32:25.608066,20.3,41.6,0,0,none,none
2026-02-04T04:32:27.862798,20.3,41.6,0,0,none,none
2026-02-04T04:32:30.117659,20.3,41.6,0,0,none,none
2026-02-04T04:32:32.372302,20.3,41.6,0,0,none,none
2026-02-04T04:32:34.626985,20.3,41.6,0,0,none,none
2026-02-04T04:32:36.881834,20.3,41.7,0,0,none,none
2026-02-04T04:32:39.136464,20.3,41.7,0,0,none,none
2026-02-04T04:32:41.391118,20.3,41.7,0,0,none,none
2026-02-04T04:32:43.646122,20.3,41.6,0,0,none,none
2026-02-04T04:32:45.900857,20.3,41.6,0,0,none,none
2026-02-04T04:32:48.155692,20.3,41.7,0,0,none,none
2026-02-04T04:32:50.410452,20.3,41.6,0,0,none,none
2026-02-04T04:32:52.665185,20.3,41.6,0,0,none,none
2026-02-04T04:32:54.919797,20.3,41.6,0,0,none,none
2026-02-04T04:32:57.174548,20.3,41.7,0,0,none,none
2026-02-04T04:32:59.429266,20.3,41.7,0,0,none,none
2026-02-04T04:33:01.684159,20.3,41.7,0,0,none,none
2026-02-04T04:33:03.939054,20.3,41.7,0,0,none,none
2026-02-04T04:33:06.193732,20.3,41.7,0,0,none,none
2026-02-04T04:33:08.448673,20.3,41.6,0,0,none,none
2026-02-04T04:33:10.703434,20.3,41.7,0,0,none,none
2026-02-04T04:33:12.957560,20.3,41.7,0,0,none,none
2026-02-04T04:33:15.212321,20.3,41.7,0,0,none,none
2026-02-04T04:33:17.467222,20.3,41.7,0,0,none,none
2026-02-04T04:33:19.721993,20.3,41.6,0,0,none,none
2026-02-04T04:33:21.976838,20.3,41.6,0,0,none,none
2026-02-04T04:33:24.231674,20.3,41.7,0,0,none,none
2026-02-04T04:33:26.486263,20.3,41.7,0,0,none,none
2026-02-04T04:33:28.741107,20.3,41.6,0,0,none,none
2026-02-04T04:33:30.995864,20.3,41.7,0,0,none,none
2026-02-04T04:33:33.250276,20.3,41.7,0,0,none,none
2026-02-04T04:33:35.505265,20.3,41.7,0,0,none,none
2026-02-04T04:33:37.760110,20.3,41.6,0,0,none,none
2026-02-04T04:33:40.014612,20.3,41.7,0,0,none,none
2026-02-04T04:33:42.269481,20.3,41.7,0,0,none,none
2026-02-04T04:33:44.524285,20.3,41.7,0,0,none,none
2026-02-04T04:33:46.778884,20.3,41.7,0,0,none,none
2026-02-04T04:33:49.033785,20.3,41.7,0,0,none,none
2026-02-04T04:33:51.288602,20.3,41.7,0,0,none,none
2026-02-04T04:33:53.543363,20.3,41.7,0,0,none,none
2026-02-04T04:33:55.798206,20.3,41.7,0,0,none,none
2026-02-04T04:33:58.053001,20.3,41.7,0,0,none,none
2026-02-04T04:34:00.307635,20.3,41.7,0,0,none,none
2026-02-04T04:34:02.562545,20.3,41.7,0,0,none,none
2026-02-04T04:34:04.817387,20.3,41.7,0,0,none,none
2026-02-04T04:34:07.071766,20.3,41.7,0,0,none,none
2026-02-04T04:34:09.326324,20.3,41.7,0,0,none,none
2026-02-04T04:34:11.581259,20.3,41.7,0,0,none,none
2026-02-04T04:34:13.835924,20.3,41.7,0,0,none,none
2026-02-04T04:34:16.090468,20.3,41.7,0,0,none,none
2026-02-04T04:34:18.345297,20.3,41.7,0,0,none,none
2026-02-04T04:34:20.600022,20.3,41.7,0,0,none,none
2026-02-04T04:34:22.854763,20.3,41.7,0,0,none,none
2026-02-04T04:34:25.109642,20.3,41.7,0,0,none,none
2026-02-04T04:34:27.364252,20.3,41.7,0,0,none,none
2026-02-04T04:34:29.619132,20.3,41.7,0,0,none,none
2026-02-04T04:34:31.873953,20.3,41.7,0,0,none,none
2026-02-04T04:34:34.128596,20.3,41.7,0,0,none,none
2026-02-04T04:34:36.383352,20.3,41.7,0,0,none,none
2026-02-04T04:34:38.637982,20.3,41.7,0,0,none,none
2026-02-04T04:34:40.892619,20.3,41.7,0,0,none,none
2026-02-04T04:34:43.147349,20.3,41.7,0,0,none,none
2026-02-04T04:34:45.402053,20.3,41.7,0,0,none,none
2026-02-04T04:34:47.656883,20.3,41.7,0,0,none,none
2026-02-04T04:34:49.911711,20.3,41.7,0,0,none,none
2026-02-04T04:34:52.166396,20.3,41.7,0,0,none,none
2026-02-04T04:34:54.420881,20.3,41.7,0,0,none,none
2026-02-04T04:34:56.675827,20.3,41.7,0,0,none,none
2026-02-04T04:34:58.930650,20.3,41.7,0,0,none,none
2026-02-04T04:35:01.185278,20.3,41.7,0,0,none,none
2026-02-04T04:35:03.440179,20.3,41.7,0,0,none,none
2026-02-04T04:35:05.694990,20.3,41.7,0,0,none,none
2026-02-04T04:35:07.949639,20.3,41.7,0,0,none,none
2026-02-04T04:35:10.204163,20.3,41.7,0,0,none,none
2026-02-04T04:35:12.458971,20.3,41.7,0,0,none,none
2026-02-04T04:35:14.713625,20.3,41.7,0,0,none,none
2026-02-04T04:35:16.968460,20.3,41.7,0,0,none,none
2026-02-04T04:35:19.222889,20.3,41.7,0,0,none,none
2026-02-04T04:35:21.477642,20.3,41.7,0,0,none,none
2026-02-04T04:35:23.732356,20.3,41.7,0,0,none,none
2026-02-04T04:35:25.987201,20.3,41.7,0,0,none,none
2026-02-04T04:35:28.241973,20.3,41.7,0,0,none,none
2026-02-04T04:35:30.497019,20.3,41.7,0,0,none,none
2026-02-04T04:35:32.751803,20.3,41.7,0,0,none,none
2026-02-04T04:35:35.006554,20.3,41.7,0,0,none,none
2026-02-04T04:35:37.261447,20.3,41.7,0,0,none,none
2026-02-04T04:35:39.516449,20.3,41.7,0,0,none,none
2026-02-04T04:35:41.771012,20.3,41.7,0,0,none,none
2026-02-04T04:35:44.026011,20.3,41.7,0,0,none,none
2026-02-04T04:35:46.280956,20.3,41.7,0,0,none,none
2026-02-04T04:35:48.535692,20.3,41.7,0,0,none,none
2026-02-04T04:35:50.790394,20.3,41.7,0,0,none,none
2026-02-04T04:35:53.045298,20.3,41.7,0,0,none,none
2026-02-04T04:35:55.299851,20.3,41.7,0,0,none,none
2026-02-04T04:35:57.554774,20.3,41.7,0,0,none,none
2026-02-04T04:35:59.809731,20.3,41.7,0,0,none,none
2026-02-04T04:36:02.064505,20.3,41.7,0,0,none,none
2026-02-04T04:36:04.319213,20.3,41.7,0,0,none,none
2026-02-04T04:36:06.574196,20.3,41.7,0,0,none,none
2026-02-04T04:36:08.828786,20.3,41.7,0,0,none,none
2026-02-04T04:36:11.083636,20.3,41.7,0,0,none,none
2026-02-04T04:36:13.338413,20.3,41.7,0,0,none,none
2026-02-04T04:36:15.593201,20.3,41.7,0,0,none,none
2026-02-04T04:36:17.848095,20.3,41.7,0,0,none,none
2026-02-04T04:36:20.102778,20.3,41.7,0,0,none,none
2026-02-04T04:36:22.357412,20.3,41.7,0,0,none,none
2026-02-04T04:36:24.612303,20.3,41.7,0,0,none,none
2026-02-04T04:36:26.866963,20.3,41.7,0,0,none,none
2026-02-04T04:36:29.121644,20.3,41.7,0,0,none,none
2026-02-04T04:36:31.376407,20.3,41.7,0,0,none,none
2026-02-04T04:36:33.631319,20.3,41.7,0,0,none,none
2026-02-04T04:36:35.886093,20.3,41.7,0,0,none,none
2026-02-04T04:36:38.140952,20.3,41.7,0,0,none,none
2026-02-04T04:36:40.395546,20.3,41.7,0,0,none,none
2026-02-04T04:36:42.650265,20.3,41.7,0,0,none,none
2026-02-04T04:36:44.904931,20.3,41.7,0,0,none,none
2026-02-04T04:36:47.159586,20.3,41.7,0,0,none,none
2026-02-04T04:36:49.414370,20.3,41.7,0,0,none,none
2026-02-04T04:36:51.669414,20.3,41.7,0,0,none,none
2026-02-04T04:36:53.924329,20.3,41.7,0,0,none,none
2026-02-04T04:36:56.178882,20.3,41.7,0,0,none,none
2026-02-04T04:36:58.433864,20.3,41.7,0,0,none,none
2026-02-04T04:37:00.688706,20.3,41.7,0,0,none,none
2026-02-04T04:37:02.943174,20.3,41.7,0,0,none,none
2026-02-04T04:37:05.198061,20.3,41.7,0,0,none,none
2026-02-04T04:37:07.453039,20.3,41.7,0,0,none,none
2026-02-04T04:37:09.707674,20.3,41.8,0,0,none,none
2026-02-04T04:37:11.962471,20.3,41.8,0,0,none,none
2026-02-04T04:37:14.217379,20.3,41.8,0,0,none,none
2026-02-04T04:37:16.472036,20.3,41.8,0,0,none,none
2026-02-04T04:37:18.726599,20.3,41.8,0,0,none,none
2026-02-04T04:37:20.981479,20.3,41.8,0,0,none,none
2026-02-04T04:37:23.235997,20.2,41.7,0,0,none,none
2026-02-04T04:37:25.490484,20.3,41.8,0,0,none,none
2026-02-04T04:37:27.745348,20.3,41.8,0,0,none,none
2026-02-04T04:37:30.000014,20.3,41.8,0,0,none,none
2026-02-04T04:37:32.254444,20.3,41.7,0,0,none,none
2026-02-04T04:37:34.509392,20.3,41.8,0,0,none,none
2026-02-04T04:37:36.764116,20.3,41.8,0,0,none,none
2026-02-04T04:37:39.018972,20.3,41.8,0,0,none,none
2026-02-04T04:37:41.273871,20.3,41.8,0,0,none,none
2026-02-04T04:37:43.528675,20.3,41.7,0,0,none,none
2026-02-04T04:37:45.783418,20.3,41.8,0,0,none,none
2026-02-04T04:37:48.038255,20.3,41.8,0,0,none,none
2026-02-04T04:37:50.292952,20.3,41.8,0,0,none,none
2026-02-04T04:37:52.547796,20.3,41.8,0,0,none,none
2026-02-04T04:37:54.802119,20.3,41.7,0,0,none,none
2026-02-04T04:37:57.056724,20.3,41.8,0,0,none,none
2026-02-04T04:37:59.311490,20.3,41.7,0,0,none,none
2026-02-04T04:38:01.566265,20.3,41.7,0,0,none,none
2026-02-04T04:38:03.820901,20.3,41.7,0,0,none,none
2026-02-04T04:38:06.075723,20.3,41.7,0,0,none,none
2026-02-04T04:38:08.332612,20.3,41.8,0,0,none,none
2026-02-04T04:38:10.587278,20.3,41.8,0,0,none,none
2026-02-04T04:38:12.842176,20.3,41.8,0,0,none,none
2026-02-04T04:38:15.097032,20.3,41.8,0,0,none,none
2026-02-04T04:38:17.351679,20.3,41.8,0,0,none,none
2026-02-04T04:38:19.606595,20.3,41.8,0,0,none,none
2026-02-04T04:38:21.861533,20.3,41.8,0,0,none,none
2026-02-04T04:38:24.116336,20.3,41.8,0,0,none,none
2026-02-04T04:38:26.371174,20.3,41.8,0,0,none,none
2026-02-04T04:38:28.626194,20.3,41.8,0,0,none,none
2026-02-04T04:38:30.880811,20.3,41.8,0,0,none,none
2026-02-04T04:38:33.135774,20.3,41.8,0,0,none,none
2026-02-04T04:38:35.390624,20.3,41.8,0,0,none,none
2026-02-04T04:38:37.645495,20.3,41.8,0,0,none,none
2026-02-04T04:38:39.900387,20.3,41.8,0,0,none,none
2026-02-04T04:38:42.155339,20.3,41.8,0,0,none,none
2026-02-04T04:38:44.410029,20.3,41.8,0,0,none,none
2026-02-04T04:38:46.665061,20.3,41.8,0,0,none,none
2026-02-04T04:38:48.919880,20.3,41.8,0,0,none,none
2026-02-04T04:38:51.174342,20.3,41.8,0,0,none,none
2026-02-04T04:38:53.429406,20.3,41.8,0,0,none,none
2026-02-04T04:38:55.684466,20.3,41.8,0,0,none,none
2026-02-04T04:38:57.939097,20.3,41.8,0,0,none,none
2026-02-04T04:39:00.194112,20.3,41.8,0,0,none,none
2026-02-04T04:39:02.449104,20.3,41.8,0,0,none,none
2026-02-04T04:39:04.703391,20.3,41.8,0,0,none,none
2026-02-04T04:39:06.958213,20.3,41.8,0,0,none,none
2026-02-04T04:39:09.213202,20.3,41.8,0,0,none,none
2026-02-04T04:39:11.467997,20.3,41.8,0,0,none,none
2026-02-04T04:39:13.722699,20.3,41.8,0,0,none,none
2026-02-04T04:39:15.977586,20.3,41.8,0,0,none,none
2026-02-04T04:39:18.232383,20.3,41.8,0,0,none,none
2026-02-04T04:39:20.486991,20.3,41.8,0,0,none,none
2026-02-04T04:39:22.742137,20.3,41.8,0,0,none,none
2026-02-04T04:39:24.996832,20.3,41.8,0,0,none,none
2026-02-04T04:39:27.251755,20.3,41.8,0,0,none,none
2026-02-04T04:39:29.506168,20.3,41.8,0,0,none,none
2026-02-04T04:39:31.760619,20.3,41.8,0,0,none,none
2026-02-04T04:39:34.015161,20.3,41.7,0,0,none,none
2026-02-04T04:39:36.270118,20.3,41.8,0,0,none,none
2026-02-04T04:39:38.524427,20.3,41.7,0,0,none,none
2026-02-04T04:39:40.778891,20.3,41.7,0,0,none,none
2026-02-04T04:39:43.033729,20.3,41.7,0,0,none,none
2026-02-04T04:39:45.288366,20.3,41.7,0,0,none,none
2026-02-04T04:39:47.543083,20.3,41.7,0,0,none,none
2026-02-04T04:39:49.797903,20.3,41.7,0,0,none,none
2026-02-04T04:39:52.052564,20.3,41.7,0,0,none,none
2026-02-04T04:39:54.307428,20.3,41.7,0,0,none,none
2026-02-04T04:39:56.562323,20.3,41.7,0,0,none,none
2026-02-04T04:39:58.816960,20.3,41.7,0,0,none,none
2026-02-04T04:40:01.071709,20.3,41.7,0,0,none,none
2026-02-04T04:40:03.326434,20.3,41.7,0,0,none,none
2026-02-04T04:40:05.581225,20.3,41.7,0,0,none,none
2026-02-04T04:40:07.835833,20.3,41.7,0,0,none,none
2026-02-04T04:40:10.090610,20.3,41.7,0,0,none,none
2026-02-04T04:40:12.345186,20.3,41.7,0,0,none,none
2026-02-04T04:40:14.600074,20.3,41.7,0,0,none,none
2026-02-04T04:40:16.854763,20.3,41.7,0,0,none,none
2026-02-04T04:40:19.109439,20.3,41.7,0,0,none,none
2026-02-04T04:40:21.364242,20.3,41.7,0,0,none,none
2026-02-04T04:40:23.619037,20.3,41.7,0,0,none,none
2026-02-04T04:40:25.873672,20.3,41.7,0,0,none,none
2026-02-04T04:40:28.128567,20.3,41.7,0,0,none,none
2026-02-04T04:40:30.383140,20.3,41.7,0,0,none,none
2026-02-04T04:40:32.637865,20.3,41.7,0,0,none,none
2026-02-04T04:40:34.892449,20.3,41.7,0,0,none,none
2026-02-04T04:40:37.148899,20.3,41.7,0,0,none,none
2026-02-04T04:40:39.403464,20.3,41.7,0,0,none,none
2026-02-04T04:40:41.658318,20.3,41.7,0,0,none,none
2026-02-04T04:40:43.913083,20.3,41.7,0,0,none,none
2026-02-04T04:40:46.167699,20.3,41.7,0,0,none,none
2026-02-04T04:40:48.422180,20.3,41.7,0,0,none,none
2026-02-04T04:40:50.677075,20.3,41.7,0,0,none,none
2026-02-04T04:40:52.931468,20.3,41.7,0,0,none,none
2026-02-04T04:40:55.186198,20.3,41.7,0,0,none,none
2026-02-04T04:40:57.441131,20.3,41.7,0,0,none,none
2026-02-04T04:40:59.695562,20.3,41.7,0,0,none,none
2026-02-04T04:41:01.950492,20.3,41.7,0,0,none,none
2026-02-04T04:41:04.205311,20.3,41.7,0,0,none,none
2026-02-04T04:41:06.459689,20.3,41.7,0,0,none,none
2026-02-04T04:41:08.714421,20.3,41.7,0,0,none,none
2026-02-04T04:41:10.969324,20.3,41.7,0,0,none,none
2026-02-04T04:41:13.223975,20.3,41.7,0,0,none,none
2026-02-04T04:41:15.478572,20.3,41.7,0,0,none,none
2026-02-04T04:41:17.733416,20.3,41.7,0,0,none,none
2026-02-04T04:41:19.987895,20.3,41.7,0,0,none,none
2026-02-04T04:41:22.242737,20.3,41.7,0,0,none,none
2026-02-04T04:41:24.497640,20.3,41.7,0,0,none,none
2026-02-04T04:41:26.752210,20.3,41.7,0,0,none,none
2026-02-04T04:41:29.006935,20.3,41.7,0,0,none,none
2026-02-04T04:41:31.261806,20.3,41.7,0,0,none,none
2026-02-04T04:41:33.516631,20.3,41.7,0,0,none,none
2026-02-04T04:41:35.771309,20.3,41.7,0,0,none,none
2026-02-04T04:41:38.025716,20.3,41.7,0,0,none,none
2026-02-04T04:41:40.280309,20.3,41.7,0,0,none,none
2026-02-04T04:41:42.535244,20.3,41.7,0,0,none,none
2026-02-04T04:41:44.789644,20.3,41.7,0,0,none,none
2026-02-04T04:41:47.044153,20.3,41.7,0,0,none,none
2026-02-04T04:41:49.298736,20.3,41.7,0,0,none,none
2026-02-04T04:41:51.553347,20.3,41.7,0,0,none,none
2026-02-04T04:41:53.807998,20.3,41.7,0,0,none,none
2026-02-04T04:41:56.062669,20.3,41.7,0,0,none,none
2026-02-04T04:41:58.317569,20.3,41.7,0,0,none,none
2026-02-04T04:42:00.572267,20.3,41.7,0,0,none,none
2026-02-04T04:42:02.826863,20.3,41.7,0,0,none,none
2026-02-04T04:42:05.081706,20.3,41.7,0,0,none,none
2026-02-04T04:42:07.336335,20.3,41.7,0,0,none,none
2026-02-04T04:42:09.591276,20.3,41.7,0,0,none,none
2026-02-04T04:42:11.845659,20.3,41.7,0,0,none,none
2026-02-04T04:42:14.100325,20.3,41.7,0,0,none,none
2026-02-04T04:42:16.354814,20.3,41.7,0,0,none,none
2026-02-04T04:42:18.609821,20.3,41.7,0,0,none,none
2026-02-04T04:42:20.864103,20.3,41.7,0,0,none,none
2026-02-04T04:42:23.118867,20.3,41.7,0,0,none,none
2026-02-04T04:42:25.373694,20.3,41.7,0,0,none,none
2026-02-04T04:42:27.628517,20.3,41.7,0,0,none,none
2026-02-04T04:42:29.883434,20.3,41.7,0,0,none,none
2026-02-04T04:42:32.138190,20.3,41.7,0,0,none,none
2026-02-04T04:42:34.392873,20.3,41.7,0,0,none,none
2026-02-04T04:42:36.647425,20.3,41.7,0,0,none,none
2026-02-04T04:42:38.902326,20.3,41.7,0,0,none,none
2026-02-04T04:42:41.157008,20.3,41.7,0,0,none,none
2026-02-04T04:42:43.411753,20.3,41.7,0,0,none,none
2026-02-04T04:42:45.666597,20.3,41.7,0,0,none,none
2026-02-04T04:42:47.921261,20.3,41.7,0,0,none,none
2026-02-04T04:42:50.175792,20.3,41.7,0,0,none,none
2026-02-04T04:42:52.430776,20.3,41.7,0,0,none,none
2026-02-04T04:42:54.685409,20.3,41.7,0,0,none,none
2026-02-04T04:42:56.940109,20.3,41.7,0,0,none,none
2026-02-04T04:42:59.194690,20.3,41.7,0,0,none,none
2026-02-04T04:43:01.449418,20.3,41.7,0,0,none,none
2026-02-04T04:43:03.704298,20.3,41.7,0,0,none,none
2026-02-04T04:43:05.959140,20.3,41.7,0,0,none,none
2026-02-04T04:43:08.213894,20.3,41.7,0,0,none,none
2026-02-04T04:43:10.468904,20.3,41.6,0,0,none,none
2026-02-04T04:43:12.723681,20.3,41.6,0,0,none,none
2026-02-04T04:43:14.978293,20.3,41.6,0,0,none,none
2026-02-04T04:43:17.233066,20.3,41.7,0,0,none,none
2026-02-04T04:43:19.487895,20.3,41.7,0,0,none,none
2026-02-04T04:43:21.742204,20.3,41.7,0,0,none,none
2026-02-04T04:43:23.997018,20.3,41.7,0,0,none,none
2026-02-04T04:43:26.251621,20.3,41.7,0,0,none,none
2026-02-04T04:43:28.506458,20.3,41.7,0,0,none,none
2026-02-04T04:43:30.761213,20.3,41.7,0,0,none,none
2026-02-04T04:43:33.015910,20.3,41.7,0,0,none,none
2026-02-04T04:43:35.270271,20.3,41.7,0,0,none,none
2026-02-04T04:43:37.525258,20.3,41.6,0,0,none,none
2026-02-04T04:43:39.779822,20.3,41.6,0,0,none,none
2026-02-04T04:43:42.034197,20.3,41.6,0,0,none,none
2026-02-04T04:43:44.288956,20.3,41.6,0,0,none,none
2026-02-04T04:43:46.543820,20.3,41.7,0,0,none,none
2026-02-04T04:43:48.798186,20.3,41.6,0,0,none,none
2026-02-04T04:43:51.053057,20.3,41.6,0,0,none,none
2026-02-04T04:43:53.307406,20.3,41.6,0,0,none,none
2026-02-04T04:43:55.561678,20.3,41.7,0,0,none,none
2026-02-04T04:43:57.816517,20.3,41.7,0,0,none,none
2026-02-04T04:44:00.071386,20.3,41.7,0,0,none,none
2026-02-04T04:44:02.326027,20.3,41.6,0,0,none,none
2026-02-04T04:44:04.581036,20.3,41.7,0,0,none,none
2026-02-04T04:44:06.835860,20.3,41.7,0,0,none,none
2026-02-04T04:44:09.090326,20.3,41.7,0,0,none,none
2026-02-04T04:44:11.345168,20.3,41.6,0,0,none,none
2026-02-04T04:44:13.602212,20.3,41.7,0,0,none,none
2026-02-04T04:44:15.856890,20.3,41.7,0,0,none,none
2026-02-04T04:44:18.111663,20.3,41.6,0,0,none,none
2026-02-04T04:44:20.368611,20.3,41.7,0,0,none,none
2026-02-04T04:44:22.623345,20.3,41.6,0,0,none,none
2026-02-04T04:44:24.878207,20.3,41.6,0,0,none,none
2026-02-04T04:44:27.133041,20.3,41.7,0,0,none,none
2026-02-04T04:44:29.387467,20.3,41.7,0,0,none,none
2026-02-04T04:44:31.642347,20.3,41.7,0,0,none,none
2026-02-04T04:44:33.897141,20.3,41.7,0,0,none,none
2026-02-04T04:44:36.151315,20.3,41.7,0,0,none,none
2026-02-04T04:44:38.406235,20.3,41.7,0,0,none,none
2026-02-04T04:44:40.660824,20.3,41.7,0,0,none,none
2026-02-04T04:44:42.915116,20.3,41.6,0,0,none,none
2026-02-04T04:44:45.169987,20.3,41.7,0,0,none,none
2026-02-04T04:44:47.424533,20.3,41.7,0,0,none,none
2026-02-04T04:44:49.678962,20.3,41.7,0,0,none,none
2026-02-04T04:44:51.933801,20.3,41.6,0,0,none,none
2026-02-04T04:44:54.188478,20.3,41.6,0,0,none,none
2026-02-04T04:44:56.443266,20.3,41.7,0,0,none,none
2026-02-04T04:44:58.698205,20.3,41.6,1,0,none,none
2026-02-04T04:45:00.952878,20.3,41.7,0,0,none,none
2026-02-04T04:45:03.207419,20.3,41.6,0,0,none,none
2026-02-04T04:45:05.462202,20.3,41.7,0,0,none,none
2026-02-04T04:45:07.718436,20.3,41.6,0,0,none,none
2026-02-04T04:45:09.973048,20.3,41.6,0,0,none,none
2026-02-04T04:45:12.227564,20.3,41.7,0,0,none,none
2026-02-04T04:45:14.482198,20.3,41.7,0,0,none,none
2026-02-04T04:45:16.736853,20.3,41.6,0,0,none,none
2026-02-04T04:45:18.991673,20.3,41.7,0,0,none,none
2026-02-04T04:45:21.246218,20.3,41.7,0,0,none,none
2026-02-04T04:45:23.500985,20.3,41.7,0,0,none,none
2026-02-04T04:45:25.755311,20.3,41.7,0,0,none,none
2026-02-04T04:45:28.009698,20.3,41.7,0,0,none,none
2026-02-04T04:45:30.264409,20.3,41.6,0,0,none,none
2026-02-04T04:45:32.519326,20.3,41.6,0,0,none,none
2026-02-04T04:45:34.774141,20.3,41.7,0,0,none,none
2026-02-04T04:45:37.028722,20.3,41.6,0,0,none,none
2026-02-04T04:45:39.283485,20.3,41.7,0,0,none,none
2026-02-04T04:45:41.538517,20.3,41.7,0,0,none,none
2026-02-04T04:45:43.793112,20.3,41.7,0,0,none,none
2026-02-04T04:45:46.047806,20.3,41.7,0,0,none,none
2026-02-04T04:45:48.302610,20.3,41.7,0,0,none,none
2026-02-04T04:45:50.557342,20.3,41.7,0,0,none,none
2026-02-04T04:45:52.812048,20.3,41.6,0,0,none,none
2026-02-04T04:45:55.067019,20.3,41.7,0,0,none,none
2026-02-04T04:45:57.321699,20.3,41.7,0,0,none,none
2026-02-04T04:45:59.576803,20.3,41.7,0,0,none,none
2026-02-04T04:46:01.831674,20.3,41.7,0,0,none,none
2026-02-04T04:46:04.086264,20.3,41.7,0,0,none,none
2026-02-04T04:46:06.341106,20.3,41.7,0,0,none,none
2026-02-04T04:46:08.595877,20.3,41.7,0,0,none,none
2026-02-04T04:46:10.850476,20.3,41.7,0,0,none,none
2026-02-04T04:46:13.105218,20.3,41.7,0,0,none,none
2026-02-04T04:46:15.359637,20.3,41.7,0,0,none,none
2026-02-04T04:46:17.614362,20.3,41.7,0,0,none,none
2026-02-04T04:46:19.869245,20.3,41.7,0,0,none,none
2026-02-04T04:46:22.123814,20.3,41.7,0,0,none,none
2026-02-04T04:46:24.378321,20.3,41.7,0,0,none,none
2026-02-04T04:46:26.633228,20.3,41.7,0,0,none,none
2026-02-04T04:46:28.887919,20.3,41.7,0,0,none,none
2026-02-04T04:46:31.142391,20.3,41.7,0,0,none,none
2026-02-04T04:46:33.397298,20.3,41.7,0,0,none,none
2026-02-04T04:46:35.652303,20.3,41.7,0,0,none,none
2026-02-04T04:46:37.906973,20.3,41.7,0,0,none,none
2026-02-04T04:46:40.161932,20.3,41.7,0,0,none,none
2026-02-04T04:46:42.416828,20.3,41.7,0,0,none,none
2026-02-04T04:46:44.671149,20.3,41.7,0,0,none,none
2026-02-04T04:46:46.926174,20.3,41.7,0,0,none,none
2026-02-04T04:46:49.180995,20.3,41.7,0,0,none,none
2026-02-04T04:46:51.435451,20.3,41.7,0,0,none,none
2026-02-04T04:46:53.690349,20.3,41.7,0,0,none,none
2026-02-04T04:46:55.945214,20.3,41.7,0,0,none,none
2026-02-04T04:46:58.199682,20.3,41.7,0,0,none,none
2026-02-04T04:47:00.454480,20.3,41.7,0,0,none,none
2026-02-04T04:47:02.709207,20.3,41.7,0,0,none,none
2026-02-04T04:47:04.963814,20.3,41.7,0,0,none,none
2026-02-04T04:47:07.218610,20.3,41.7,0,0,none,none
2026-02-04T04:47:09.473560,20.3,41.7,0,0,none,none
2026-02-04T04:47:11.728331,20.3,41.6,0,0,none,none
2026-02-04T04:47:13.983177,20.3,41.6,0,0,none,none
2026-02-04T04:47:16.238118,20.3,41.7,0,0,none,none
2026-02-04T04:47:18.492779,20.3,41.7,0,0,none,none
2026-02-04T04:47:20.747458,20.3,41.7,0,0,none,none
2026-02-04T04:47:23.002049,20.3,41.7,0,0,none,none
2026-02-04T04:47:25.256634,20.3,41.7,0,0,none,none
2026-02-04T04:47:27.511535,20.3,41.6,0,0,none,none
2026-02-04T04:47:29.768569,20.3,41.7,0,0,none,none
2026-02-04T04:47:32.023148,20.3,41.7,0,0,none,none
2026-02-04T04:47:34.278156,20.3,41.6,0,0,none,none
2026-02-04T04:47:36.533124,20.2,41.6,0,0,none,none
2026-02-04T04:47:38.787630,20.3,41.7,0,0,none,none
2026-02-04T04:47:41.042428,20.3,41.7,0,0,none,none
2026-02-04T04:47:43.297263,20.3,41.7,0,0,none,none
2026-02-04T04:47:45.552028,20.3,41.7,0,0,none,none
2026-02-04T04:47:47.806745,20.3,41.7,0,0,none,none
2026-02-04T04:47:50.061625,20.3,41.7,0,0,none,none
2026-02-04T04:47:52.316203,20.3,41.7,0,0,none,none
2026-02-04T04:47:54.570819,20.3,41.7,0,0,none,none
2026-02-04T04:47:56.825717,20.3,41.7,0,0,none,none
2026-02-04T04:47:59.080279,20.3,41.7,0,0,none,none
2026-02-04T04:48:01.335070,20.3,41.7,0,0,none,none
2026-02-04T04:48:03.590167,20.3,41.7,0,0,none,none
2026-02-04T04:48:05.844839,20.3,41.7,0,0,none,none
2026-02-04T04:48:08.099691,20.3,41.7,0,0,none,none
2026-02-04T04:48:10.354294,20.3,41.6,0,0,none,none
2026-02-04T04:48:12.608927,20.3,41.7,0,0,none,none
2026-02-04T04:48:14.863637,20.3,41.7,0,0,none,none
2026-02-04T04:48:17.118532,20.3,41.7,0,0,none,none
2026-02-04T04:48:19.373094,20.3,41.7,0,0,none,none
2026-02-04T04:48:21.627984,20.3,41.7,0,0,none,none
2026-02-04T04:48:23.882655,20.3,41.7,0,0,none,none
2026-02-04T04:48:26.137288,20.3,41.7,0,0,none,none
2026-02-04T04:48:28.391938,20.3,41.7,0,0,none,none
2026-02-04T04:48:30.646734,20.3,41.7,0,0,none,none
2026-02-04T04:48:32.901314,20.3,41.7,0,0,none,none
2026-02-04T04:48:35.155955,20.3,41.7,0,0,none,none
2026-02-04T04:48:37.410636,20.3,41.7,0,0,none,none
2026-02-04T04:48:39.665506,20.3,41.7,0,0,none,none
2026-02-04T04:48:41.920076,20.3,41.7,0,0,none,none
2026-02-04T04:48:44.174938,20.3,41.7,0,0,none,none
2026-02-04T04:48:46.429871,20.3,41.7,0,0,none,none
2026-02-04T04:48:48.684807,20.3,41.7,0,0,none,none
2026-02-04T04:48:50.939571,20.3,41.7,0,0,none,none
2026-02-04T04:48:53.194265,20.3,41.7,0,0,none,none
2026-02-04T04:48:55.449171,20.2,41.6,0,0,none,none
2026-02-04T04:48:57.704066,20.3,41.7,0,0,none,none
2026-02-04T04:48:59.958391,20.3,41.7,0,0,none,none
2026-02-04T04:49:02.213219,20.3,41.7,0,0,none,none
2026-02-04T04:49:04.468276,20.3,41.7,0,0,none,none
2026-02-04T04:49:06.722651,20.3,41.7,0,0,none,none
2026-02-04T04:49:08.977566,20.3,41.7,0,0,none,none
2026-02-04T04:49:11.232470,20.2,41.6,0,0,none,none
2026-02-04T04:49:13.486793,20.3,41.7,0,0,none,none
2026-02-04T04:49:15.741682,20.3,41.7,0,0,none,none
2026-02-04T04:49:17.996601,20.3,41.7,0,0,none,none
2026-02-04T04:49:20.251059,20.3,41.7,0,0,none,none
2026-02-04T04:49:22.506071,20.3,41.7,0,0,none,none
2026-02-04T04:49:24.760891,20.3,41.7,0,0,none,none
2026-02-04T04:49:27.015368,20.3,41.7,0,0,none,none
2026-02-04T04:49:29.270180,20.3,41.7,0,0,none,none
2026-02-04T04:49:31.525159,20.3,41.7,0,0,none,none
2026-02-04T04:49:33.779797,20.3,41.7,0,0,none,none
2026-02-04T04:49:36.034285,20.3,41.7,0,0,none,none
2026-02-04T04:49:38.289110,20.3,41.7,0,0,none,none
2026-02-04T04:49:40.543616,20.3,41.7,0,0,none,none
2026-02-04T04:49:42.798401,20.3,41.7,0,0,none,none
2026-02-04T04:49:45.053260,20.3,41.7,0,0,none,none
2026-02-04T04:49:47.307730,20.3,41.7,0,0,none,none
2026-02-04T04:49:49.562620,20.2,41.6,0,0,none,none
2026-02-04T04:49:51.817544,20.3,41.7,0,0,none,none
2026-02-04T04:49:54.072132,20.3,41.7,0,0,none,none
2026-02-04T04:49:56.326939,20.3,41.7,0,0,none,none
2026-02-04T04:49:58.581927,20.3,41.7,0,0,none,none
2026-02-04T04:50:00.836590,20.3,41.7,0,0,none,none
2026-02-04T04:50:03.091247,20.3,41.7,0,0,none,none
2026-02-04T04:50:05.345632,20.3,41.7,0,0,none,none
2026-02-04T04:50:07.600252,20.3,41.7,0,0,none,none
2026-02-04T04:50:09.855092,,,0,0,none,none
2026-02-04T04:50:12.110070,20.3,41.7,0,0,none,none
2026-02-04T04:50:14.364705,20.3,41.7,0,0,none,none
2026-02-04T04:50:16.619560,20.3,41.7,0,0,none,none
2026-02-04T04:50:18.874013,20.3,41.7,0,0,none,none
2026-02-04T04:50:21.128568,20.3,41.7,0,0,none,none
2026-02-04T04:50:23.383188,20.3,41.7,0,0,none,none
2026-02-04T04:50:25.638171,20.3,41.7,0,0,none,none
2026-02-04T04:50:27.892792,20.3,41.7,0,0,none,none
2026-02-04T04:50:30.147478,20.3,41.7,0,0,none,none
2026-02-04T04:50:32.402071,20.3,41.7,0,0,none,none
2026-02-04T04:50:34.656815,20.3,41.7,0,0,none,none
2026-02-04T04:50:36.911707,20.3,41.7,0,0,none,none
2026-02-04T04:50:39.166001,20.3,41.7,0,0,none,none
2026-02-04T04:50:41.420591,20.3,41.7,0,0,none,none
2026-02-04T04:50:43.675528,20.3,41.7,0,0,none,none
2026-02-04T04:50:45.932493,20.3,41.7,0,0,none,none
2026-02-04T04:50:48.187010,20.3,41.7,0,0,none,none
2026-02-04T04:50:50.442106,20.3,41.7,0,0,none,none
2026-02-04T04:50:52.696708,20.3,41.7,0,0,none,none
2026-02-04T04:50:54.951061,20.2,41.7,0,0,none,none
2026-02-04T04:50:57.206000,20.2,41.6,0,0,none,none
2026-02-04T04:50:59.460884,20.3,41.7,0,0,none,none
2026-02-04T04:51:01.715639,20.3,41.7,0,0,none,none
2026-02-04T04:51:03.970370,20.3,41.7,0,0,none,none
2026-02-04T04:51:06.225184,20.3,41.7,0,0,none,none
2026-02-04T04:51:08.479969,20.3,41.8,0,0,none,none
2026-02-04T04:51:10.734487,20.3,41.7,0,0,none,none
2026-02-04T04:51:12.989357,20.3,41.8,0,0,none,none
2026-02-04T04:51:15.243570,20.3,41.8,0,0,none,none
2026-02-04T04:51:17.498022,20.3,41.8,0,0,none,none
2026-02-04T04:51:19.752728,20.3,41.8,0,0,none,none
2026-02-04T04:51:22.007329,20.3,41.8,0,0,none,none
2026-02-04T04:51:24.262337,20.3,41.8,0,0,none,none
2026-02-04T04:51:26.517254,20.3,41.8,0,0,none,none
2026-02-04T04:51:28.771762,20.3,41.8,0,0,none,none
2026-02-04T04:51:31.026221,20.3,41.8,0,0,none,none
2026-02-04T04:51:33.280999,20.3,41.8,0,0,none,none
2026-02-04T04:51:35.535714,20.3,41.8,0,0,none,none
2026-02-04T04:51:37.790345,20.2,41.7,0,0,none,none
2026-02-04T04:51:40.047198,20.3,41.8,0,0,none,none
2026-02-04T04:51:42.301984,20.3,41.8,0,0,none,none
2026-02-04T04:51:44.556898,20.3,41.8,0,0,none,none
2026-02-04T04:51:46.811548,20.3,41.9,0,0,none,none
2026-02-04T04:51:49.066190,20.3,41.8,0,0,none,none
2026-02-04T04:51:51.320920,20.2,41.7,0,0,none,none
2026-02-04T04:51:53.575812,20.2,41.7,0,0,none,none
2026-02-04T04:51:55.830514,20.3,41.8,0,0,none,none
2026-02-04T04:51:58.085205,20.3,41.8,0,0,none,none
2026-02-04T04:52:00.339757,20.3,41.8,0,0,none,none
2026-02-04T04:52:02.594303,20.3,41.8,0,0,none,none
2026-02-04T04:52:04.849066,20.3,41.8,0,0,none,none
2026-02-04T04:52:07.103640,20.3,41.8,0,0,none,none
2026-02-04T04:52:09.358097,20.3,41.8,0,0,none,none
2026-02-04T04:52:11.613010,20.3,41.8,0,0,none,none
2026-02-04T04:52:13.867739,20.2,41.7,0,0,none,none
2026-02-04T04:52:16.121977,20.3,41.8,0,0,none,none
2026-02-04T04:52:18.376711,20.3,41.7,0,0,none,none
2026-02-04T04:52:20.631646,20.2,41.7,0,0,none,none
2026-02-04T04:52:22.885978,20.3,41.7,0,0,none,none
2026-02-04T04:52:25.140879,20.3,41.7,0,0,none,none
2026-02-04T04:52:27.397820,20.3,41.8,0,0,none,none
2026-02-04T04:52:29.652577,20.3,41.7,0,0,none,none
2026-02-04T04:52:31.907350,20.3,41.8,0,0,none,none
2026-02-04T04:52:34.164337,20.2,41.7,0,0,none,none
2026-02-04T04:52:36.418664,20.3,41.7,0,0,none,none
2026-02-04T04:52:38.673730,20.3,41.8,0,0,none,none
2026-02-04T04:52:40.928708,20.3,41.7,0,0,none,none
2026-02-04T04:52:43.183340,20.2,41.7,0,0,none,none
2026-02-04T04:52:45.438452,20.3,41.8,0,0,none,none
2026-02-04T04:52:47.695261,20.3,41.7,0,0,none,none
2026-02-04T04:52:49.949428,20.3,41.7,0,0,none,none
2026-02-04T04:52:52.204334,20.3,41.7,0,0,none,none
2026-02-04T04:52:54.459175,20.3,41.7,0,0,none,none
2026-02-04T04:52:56.713941,20.3,41.7,0,0,none,none
2026-02-04T04:52:58.968739,20.3,41.7,0,0,none,none
2026-02-04T04:53:01.223603,20.2,41.7,0,0,none,none
2026-02-04T04:53:03.478169,20.3,41.7,0,0,none,none
2026-02-04T04:53:05.733034,20.3,41.7,0,0,none,none
2026-02-04T04:53:07.987877,20.3,41.7,0,0,none,none
2026-02-04T04:53:10.242372,20.3,41.7,0,0,none,none
2026-02-04T04:53:12.496867,20.3,41.7,0,0,none,none
2026-02-04T04:53:14.751409,20.3,41.7,0,0,none,none
2026-02-04T04:53:17.006141,20.3,41.7,0,0,none,none
2026-02-04T04:53:19.260589,20.3,41.7,0,0,none,none
2026-02-04T04:53:21.515454,20.3,41.7,0,0,none,none
2026-02-04T04:53:23.770083,20.3,41.7,0,0,none,none
2026-02-04T04:53:26.024977,20.3,41.7,0,0,none,none
2026-02-04T04:53:28.279763,20.3,41.7,0,0,none,none
2026-02-04T04:53:30.534159,20.3,41.7,0,0,none,none
2026-02-04T04:53:32.788950,20.3,41.7,0,0,none,none
2026-02-04T04:53:35.043786,20.3,41.7,0,0,none,none
2026-02-04T04:53:37.298424,20.3,41.7,0,0,none,none
2026-02-04T04:53:39.553385,20.3,41.7,0,0,none,none
2026-02-04T04:53:41.808280,20.3,41.7,0,0,none,none
2026-02-04T04:53:44.062721,20.3,41.7,0,0,none,none
2026-02-04T04:53:46.317575,20.3,41.7,0,0,none,none
2026-02-04T04:53:48.572588,20.3,41.7,0,0,none,none
2026-02-04T04:53:50.826995,20.3,41.7,0,0,none,none
2026-02-04T04:53:53.081914,20.3,41.7,0,0,none,none
2026-02-04T04:53:55.336716,20.3,41.7,0,0,none,none
2026-02-04T04:53:57.591374,20.3,41.7,0,0,none,none
2026-02-04T04:53:59.846385,20.3,41.7,0,0,none,none
2026-02-04T04:54:02.103339,20.3,41.7,0,0,none,none
2026-02-04T04:54:04.358135,20.3,41.7,0,0,none,none
2026-02-04T04:54:06.613117,20.3,41.7,0,0,none,none
2026-02-04T04:54:08.867919,20.3,41.7,0,0,none,none
2026-02-04T04:54:11.122624,20.3,41.6,0,0,none,none
2026-02-04T04:54:13.377462,20.3,41.7,0,0,none,none
2026-02-04T04:54:15.632318,20.3,41.7,0,0,none,none
2026-02-04T04:54:17.886834,20.3,41.7,0,0,none,none
2026-02-04T04:54:20.141665,20.3,41.7,0,0,none,none
2026-02-04T04:54:22.396233,20.3,41.6,0,0,none,none
2026-02-04T04:54:24.650871,20.3,41.6,0,0,none,none
2026-02-04T04:54:26.905836,20.3,41.6,0,0,none,none
2026-02-04T04:54:29.162513,20.3,41.6,0,0,none,none
2026-02-04T04:54:31.417048,20.3,41.6,0,0,none,none
2026-02-04T04:54:33.672001,20.3,41.6,0,0,none,none
2026-02-04T04:54:35.926631,20.3,41.7,0,0,none,none
2026-02-04T04:54:38.181090,20.3,41.7,0,0,none,none
2026-02-04T04:54:40.435826,20.3,41.6,0,0,none,none
2026-02-04T04:54:42.690705,20.3,41.6,0,0,none,none
2026-02-04T04:54:44.945418,20.3,41.6,0,0,none,none
2026-02-04T04:54:47.200136,20.3,41.6,0,0,none,none
2026-02-04T04:54:49.454993,20.3,41.6,0,0,none,none
2026-02-04T04:54:51.709660,20.2,41.6,0,0,none,none
2026-02-04T04:54:53.964494,20.3,41.6,0,0,none,none
2026-02-04T04:54:56.220965,20.3,41.6,0,0,none,none
2026-02-04T04:54:58.475644,20.3,41.7,0,0,none,none
2026-02-04T04:55:00.730353,20.3,41.6,0,0,none,none
2026-02-04T04:55:02.985172,20.3,41.6,0,0,none,none
2026-02-04T04:55:05.239897,20.3,41.6,0,0,none,none
2026-02-04T04:55:07.494724,20.2,41.6,0,0,none,none
2026-02-04T04:55:09.749576,20.3,41.7,0,0,none,none
2026-02-04T04:55:12.004195,20.3,41.6,0,0,none,none
2026-02-04T04:55:14.258996,20.3,41.7,0,0,none,none
2026-02-04T04:55:16.514060,20.3,41.7,0,0,none,none
2026-02-04T04:55:18.768690,20.3,41.7,0,0,none,none
2026-02-04T04:55:21.023526,20.3,41.7,0,0,none,none
2026-02-04T04:55:23.278226,20.3,41.7,0,0,none,none
2026-02-04T04:55:25.532993,20.3,41.7,0,0,none,none
2026-02-04T04:55:27.787703,20.3,41.7,0,0,none,none
2026-02-04T04:55:30.042569,20.3,41.7,0,0,none,none
2026-02-04T04:55:32.297176,20.3,41.7,0,0,none,none
2026-02-04T04:55:34.551788,20.3,41.7,0,0,none,none
2026-02-04T04:55:36.806549,20.2,41.6,0,0,none,none
2026-02-04T04:55:39.061220,20.3,41.7,0,0,none,none
2026-02-04T04:55:41.315797,20.3,41.7,0,0,none,none
2026-02-04T04:55:43.570452,20.3,41.7,0,0,none,none
2026-02-04T04:55:45.825130,20.3,41.7,0,0,none,none
2026-02-04T04:55:48.079946,20.3,41.7,0,0,none,none
2026-02-04T04:55:50.334412,20.3,41.7,0,0,none,none
2026-02-04T04:55:52.589168,20.3,41.7,0,0,none,none
2026-02-04T04:55:54.843902,20.3,41.7,0,0,none,none
2026-02-04T04:55:57.098753,20.3,41.7,0,0,none,none
2026-02-04T04:55:59.353377,20.3,41.7,0,0,none,none
2026-02-04T04:56:01.608333,20.3,41.6,0,0,none,none
2026-02-04T04:56:03.862742,20.3,41.7,0,0,none,none
2026-02-04T04:56:06.117490,20.3,41.6,0,0,none,none
2026-02-04T04:56:08.372195,20.3,41.7,0,0,none,none
2026-02-04T04:56:10.626846,20.3,41.7,0,0,none,none
2026-02-04T04:56:12.881507,20.3,41.7,0,0,none,none
2026-02-04T04:56:15.136252,20.2,41.6,0,0,none,none
2026-02-04T04:56:17.391068,20.3,41.7,0,0,none,none
2026-02-04T04:56:19.645336,20.3,41.6,0,0,none,none
2026-02-04T04:56:21.899822,20.3,41.7,0,0,none,none
2026-02-04T04:56:24.154673,20.3,41.7,0,0,none,none
2026-02-04T04:56:26.409365,20.2,41.6,0,0,none,none
2026-02-04T04:56:28.664323,20.3,41.7,0,0,none,none
2026-02-04T04:56:30.918962,20.3,41.7,0,0,none,none
2026-02-04T04:56:33.173671,20.3,41.7,0,0,none,none
2026-02-04T04:56:35.428636,20.3,41.7,0,0,none,none
2026-02-04T04:56:37.683703,20.3,41.7,0,0,none,none
2026-02-04T04:56:39.938189,20.3,41.7,0,0,none,none
2026-02-04T04:56:42.193052,20.3,41.6,0,0,none,none
2026-02-04T04:56:44.447703,20.3,41.6,0,0,none,none
2026-02-04T04:56:46.701973,20.3,41.7,0,0,none,none
2026-02-04T04:56:48.956836,20.2,41.6,0,0,none,none
2026-02-04T04:56:51.211781,20.3,41.6,0,0,none,none
2026-02-04T04:56:53.466485,20.3,41.6,0,0,none,none
2026-02-04T04:56:55.721432,20.3,41.7,0,0,none,none
2026-02-04T04:56:57.976325,20.2,41.6,0,0,none,none
2026-02-04T04:57:00.230768,20.3,41.7,0,0,none,none
2026-02-04T04:57:02.485987,20.3,41.7,0,0,none,none
2026-02-04T04:57:04.740890,20.3,41.7,0,0,none,none
2026-02-04T04:57:06.995509,20.3,41.6,0,0,none,none
2026-02-04T04:57:09.250149,20.3,41.7,0,0,none,none
2026-02-04T04:57:11.505155,20.3,41.7,0,0,none,none
2026-02-04T04:57:13.759322,20.3,41.7,0,0,none,none
2026-02-04T04:57:16.014270,20.3,41.6,0,0,none,none
2026-02-04T04:57:18.269202,20.3,41.7,0,0,none,none
2026-02-04T04:57:20.523871,20.3,41.6,0,0,none,none
2026-02-04T04:57:22.778665,20.3,41.6,0,0,none,none
2026-02-04T04:57:25.033507,20.3,41.6,0,0,none,none
2026-02-04T04:57:27.288157,20.3,41.6,0,0,none,none
2026-02-04T04:57:29.543078,20.2,41.5,0,0,none,none
2026-02-04T04:57:31.797988,20.3,41.6,0,0,none,none
2026-02-04T04:57:34.052626,20.3,41.6,0,0,none,none
2026-02-04T04:57:36.307465,20.3,41.6,0,0,none,none
2026-02-04T04:57:38.562004,20.3,41.6,0,0,none,none
2026-02-04T04:57:40.816626,20.3,41.6,0,0,none,none
2026-02-04T04:57:43.071522,20.3,41.6,0,0,none,none
2026-02-04T04:57:45.326377,20.3,41.7,0,0,none,none
2026-02-04T04:57:47.581163,20.3,41.7,0,0,none,none
2026-02-04T04:57:49.835780,20.3,41.6,0,0,none,none
2026-02-04T04:57:52.090395,20.3,41.6,0,0,none,none
2026-02-04T04:57:54.345054,20.3,41.6,0,0,none,none
2026-02-04T04:57:56.599994,20.3,41.6,1,0,none,none
2026-02-04T04:57:58.854783,20.3,41.6,0,0,none,none
2026-02-04T04:58:01.109452,20.2,41.6,0,0,none,none
2026-02-04T04:58:03.364329,20.3,41.7,0,0,none,none
2026-02-04T04:58:05.619230,20.3,41.7,0,0,none,none
2026-02-04T04:58:07.873957,20.3,41.6,0,0,none,none
2026-02-04T04:58:10.128749,20.3,41.7,0,0,none,none
2026-02-04T04:58:12.383482,20.3,41.6,0,0,none,none
2026-02-04T04:58:14.638060,20.2,41.6,0,0,none,none
2026-02-04T04:58:16.892586,20.3,41.6,0,0,none,none
2026-02-04T04:58:19.147446,20.3,41.6,0,0,none,none
2026-02-04T04:58:21.401986,20.2,41.6,0,0,none,none
2026-02-04T04:58:23.656952,20.3,41.6,0,0,none,none
2026-02-04T04:58:25.911606,20.3,41.6,0,0,none,none
2026-02-04T04:58:28.166157,20.3,41.6,0,0,none,none
2026-02-04T04:58:30.421050,20.3,41.6,0,0,none,none
2026-02-04T04:58:32.675898,20.3,41.6,0,0,none,none
2026-02-04T04:58:34.930227,20.3,41.6,0,0,none,none
2026-02-04T04:58:37.185046,20.3,41.6,0,0,none,none
2026-02-04T04:58:39.440014,20.3,41.6,0,0,none,none
2026-02-04T04:58:41.694614,20.3,41.6,0,0,none,none
2026-02-04T04:58:43.949470,20.3,41.6,0,0,none,none
2026-02-04T04:58:46.204419,20.3,41.6,0,0,none,none
2026-02-04T04:58:48.459030,20.3,41.6,0,0,none,none
2026-02-04T04:58:50.713973,20.3,41.6,0,0,none,none
2026-02-04T04:58:52.968820,20.3,41.6,0,0,none,none
2026-02-04T04:58:55.223366,20.3,41.6,0,0,none,none
2026-02-04T04:58:57.478284,20.3,41.6,0,0,none,none
2026-02-04T04:58:59.733076,20.3,41.6,0,0,none,none
2026-02-04T04:59:01.987741,20.3,41.6,0,0,none,none
2026-02-04T04:59:04.242582,20.3,41.6,0,0,none,none
2026-02-04T04:59:06.497489,20.3,41.6,0,0,none,none
2026-02-04T04:59:08.751796,20.3,41.6,0,0,none,none
2026-02-04T04:59:11.006658,20.2,41.5,0,0,none,none
2026-02-04T04:59:13.261449,20.3,41.6,0,0,none,none
2026-02-04T04:59:15.516195,20.3,41.6,0,0,none,none
2026-02-04T04:59:17.770877,20.3,41.6,0,0,none,none
2026-02-04T04:59:20.025902,20.3,41.6,0,0,none,none
2026-02-04T04:59:22.280575,20.3,41.6,0,0,none,none
2026-02-04T04:59:24.535457,20.3,41.6,0,0,none,none
2026-02-04T04:59:26.790244,20.3,41.6,0,0,none,none
2026-02-04T04:59:29.044942,20.3,41.6,0,0,none,none
2026-02-04T04:59:31.299669,20.3,41.6,0,0,none,none
2026-02-04T04:59:33.554708,20.3,41.6,0,0,none,none
2026-02-04T04:59:35.809398,20.3,41.6,0,0,none,none
2026-02-04T04:59:38.064304,20.3,41.6,0,0,none,none
2026-02-04T04:59:40.318961,20.3,41.6,0,0,none,none
2026-02-04T04:59:42.573805,20.3,41.6,0,0,none,none
2026-02-04T04:59:44.828723,20.3,41.6,0,0,none,none
2026-02-04T04:59:47.083540,20.3,41.6,0,0,none,none
2026-02-04T04:59:49.337672,20.3,41.6,0,0,none,none
2026-02-04T04:59:51.592753,20.3,41.6,0,0,none,none
2026-02-04T04:59:53.847629,20.3,41.6,0,0,none,none
2026-02-04T04:59:56.102363,20.3,41.6,0,0,none,none
2026-02-04T04:59:58.357400,20.3,41.6,0,0,none,none
2026-02-04T05:00:00.612474,20.3,41.6,0,0,none,none
2026-02-04T05:00:02.866676,20.3,41.6,0,0,none,none
2026-02-04T05:00:05.121537,20.3,41.6,0,0,none,none
2026-02-04T05:00:07.376522,20.3,41.6,0,0,none,none
2026-02-04T05:00:09.631328,20.3,41.6,0,0,none,none
2026-02-04T05:00:11.886352,20.3,41.6,0,0,none,none
2026-02-04T05:00:14.140773,20.3,41.6,0,0,none,none
2026-02-04T05:00:16.395522,20.3,41.6,0,0,none,none
2026-02-04T05:00:18.650516,20.3,41.6,0,0,none,none
2026-02-04T05:00:20.905487,20.3,41.6,0,0,none,none
2026-02-04T05:00:23.160219,20.3,41.6,0,0,none,none
2026-02-04T05:00:25.415191,20.3,41.6,0,0,none,none
2026-02-04T05:00:27.670225,20.3,41.6,0,0,none,none
2026-02-04T05:00:29.925011,20.3,41.6,0,0,none,none
2026-02-04T05:00:32.179945,20.3,41.6,0,0,none,none
2026-02-04T05:00:34.434813,20.3,41.6,0,0,none,none
2026-02-04T05:00:36.689531,20.3,41.6,0,0,none,none
2026-02-04T05:00:38.944400,20.3,41.6,0,0,none,none
2026-02-04T05:00:41.199365,20.3,41.6,0,0,none,none
2026-02-04T05:00:43.454116,20.3,41.6,0,0,none,none
2026-02-04T05:00:45.708997,20.3,41.6,0,0,none,none
2026-02-04T05:00:47.963877,20.3,41.6,0,0,none,none
2026-02-04T05:00:50.218461,20.3,41.6,0,0,none,none
2026-02-04T05:00:52.473426,20.3,41.6,0,0,none,none
2026-02-04T05:00:54.728353,20.3,41.6,0,0,none,none
2026-02-04T05:00:56.982990,20.3,41.6,0,0,none,none
2026-02-04T05:00:59.237922,20.3,41.6,0,0,none,none
2026-02-04T05:01:01.492547,20.3,41.6,0,0,none,none
2026-02-04T05:01:03.747214,20.3,41.6,0,0,none,none
2026-02-04T05:01:06.002130,20.3,41.6,0,0,none,none
2026-02-04T05:01:08.256588,20.3,41.6,0,0,none,none
2026-02-04T05:01:10.511333,20.3,41.6,0,0,none,none
2026-02-04T05:01:12.766234,20.3,41.6,0,0,none,none
2026-02-04T05:01:15.021118,20.3,41.6,0,0,none,none
2026-02-04T05:01:17.275777,20.3,41.6,0,0,none,none
2026-02-04T05:01:19.530783,20.3,41.6,0,0,none,none
2026-02-04T05:01:21.785699,20.3,41.6,0,0,none,none
2026-02-04T05:01:24.040401,20.3,41.6,0,0,none,none
2026-02-04T05:01:26.295243,20.3,41.6,0,0,none,none
2026-02-04T05:01:28.550205,20.3,41.6,0,0,none,none
2026-02-04T05:01:30.804824,20.3,41.6,0,0,none,none
2026-02-04T05:01:33.059660,20.3,41.6,0,0,none,none
2026-02-04T05:01:35.314520,20.3,41.6,0,0,none,none
2026-02-04T05:01:37.569105,20.3,41.6,0,0,none,none
2026-02-04T05:01:39.823913,20.3,41.6,0,0,none,none
2026-02-04T05:01:42.078718,20.3,41.6,0,0,none,none
2026-02-04T05:01:44.333375,20.2,41.5,0,0,none,none
2026-02-04T05:01:46.588511,20.3,41.6,0,0,none,none
2026-02-04T05:01:48.843327,20.3,41.6,0,0,none,none
2026-02-04T05:01:51.098139,20.3,41.6,0,0,none,none
2026-02-04T05:01:53.352951,20.3,41.6,0,0,none,none
2026-02-04T05:01:55.607778,20.3,41.6,0,0,none,none
2026-02-04T05:01:57.862290,20.3,41.6,0,0,none,none
2026-02-04T05:02:00.117206,20.3,41.6,0,0,none,none
2026-02-04T05:02:02.372022,20.3,41.6,0,0,none,none
2026-02-04T05:02:04.626743,20.3,41.6,0,0,none,none
2026-02-04T05:02:06.881644,20.3,41.6,0,0,none,none
2026-02-04T05:02:09.136534,20.3,41.6,0,0,none,none
2026-02-04T05:02:11.390708,20.3,41.6,0,0,none,none
2026-02-04T05:02:13.645825,20.3,41.6,0,0,none,none
2026-02-04T05:02:15.900294,20.3,41.6,0,0,none,none
2026-02-04T05:02:18.154951,20.3,41.6,0,0,none,none
2026-02-04T05:02:20.409890,20.3,41.6,0,0,none,none
2026-02-04T05:02:22.664838,20.3,41.6,0,0,none,none
2026-02-04T05:02:24.919484,20.3,41.6,0,0,none,none
2026-02-04T05:02:27.174421,20.3,41.6,0,0,none,none
2026-02-04T05:02:29.429395,20.3,41.6,0,0,none,none
2026-02-04T05:02:31.684178,20.3,41.6,0,0,none,none
2026-02-04T05:02:33.938956,20.3,41.6,0,0,none,none
2026-02-04T05:02:36.193848,20.3,41.6,0,0,none,none
2026-02-04T05:02:38.448595,20.3,41.6,0,0,none,none
2026-02-04T05:02:40.703477,20.3,41.6,0,0,none,none
2026-02-04T05:02:42.958208,20.3,41.6,0,0,none,none
2026-02-04T05:02:45.212864,20.3,41.7,0,0,none,none
2026-02-04T05:02:47.467779,20.3,41.6,0,0,none,none
2026-02-04T05:02:49.722580,20.3,41.6,0,0,none,none
2026-02-04T05:02:51.977239,20.2,41.5,0,0,none,none
2026-02-04T05:02:54.232072,20.3,41.6,0,0,none,none
2026-02-04T05:02:56.487009,20.3,41.6,0,0,none,none
2026-02-04T05:02:58.741799,20.3,41.6,0,0,none,none
2026-02-04T05:03:00.996671,20.3,41.6,0,0,none,none
2026-02-04T05:03:03.251557,20.3,41.6,0,0,none,none
2026-02-04T05:03:05.506170,20.3,41.6,0,0,none,none
2026-02-04T05:03:07.761021,20.2,41.6,0,0,none,none
2026-02-04T05:03:10.015584,20.2,41.5,0,0,none,none
2026-02-04T05:03:12.270114,20.3,41.6,0,0,none,none
2026-02-04T05:03:14.525079,20.2,41.5,0,0,none,none
2026-02-04T05:03:16.779947,20.3,41.6,0,0,none,none
2026-02-04T05:03:19.034418,20.2,41.6,0,0,none,none
2026-02-04T05:03:21.289358,20.2,41.6,0,0,none,none
2026-02-04T05:03:23.544350,20.3,41.6,0,0,none,none
2026-02-04T05:03:25.799023,20.3,41.6,0,0,none,none
2026-02-04T05:03:28.053816,20.2,41.6,0,0,none,none
2026-02-04T05:03:30.308643,20.3,41.6,0,0,none,none
2026-02-04T05:03:32.563423,20.3,41.6,0,0,none,none
2026-02-04T05:03:34.818369,20.3,41.6,0,0,none,none
2026-02-04T05:03:37.073122,20.2,41.6,0,0,none,none
2026-02-04T05:03:39.327813,20.3,41.6,0,0,none,none
2026-02-04T05:03:41.582718,20.3,41.6,0,0,none,none
2026-02-04T05:03:43.839488,20.3,41.6,0,0,none,none
2026-02-04T05:03:46.094117,20.2,41.6,0,0,none,none
2026-02-04T05:03:48.349046,20.3,41.6,0,0,none,none
2026-02-04T05:03:50.603961,20.3,41.6,0,0,none,none
2026-02-04T05:03:52.858490,20.3,41.6,0,0,none,none
2026-02-04T05:03:55.113327,20.3,41.6,0,0,none,none
2026-02-04T05:03:57.368125,20.2,41.6,0,0,none,none
2026-02-04T05:03:59.622751,20.3,41.6,0,0,none,none
2026-02-04T05:04:01.877582,20.3,41.6,0,0,none,none
2026-02-04T05:04:04.132558,20.3,41.6,0,0,none,none
2026-02-04T05:04:06.387031,20.3,41.6,0,0,none,none
2026-02-04T05:04:08.641860,20.3,41.6,0,0,none,none
2026-02-04T05:04:10.896713,20.3,41.6,0,0,none,none
2026-02-04T05:04:13.151203,20.3,41.6,0,0,none,none
2026-02-04T05:04:15.406137,20.2,41.6,0,0,none,none
2026-02-04T05:04:17.661057,20.3,41.6,0,0,none,none
2026-02-04T05:04:19.915676,20.3,41.6,0,0,none,none
2026-02-04T05:04:22.170484,20.3,41.6,0,0,none,none
2026-02-04T05:04:24.425290,20.2,41.6,0,0,none,none
2026-02-04T05:04:26.679889,20.3,41.6,0,0,none,none
2026-02-04T05:04:28.934380,20.2,41.6,0,0,none,none
2026-02-04T05:04:31.189221,20.2,41.6,0,0,none,none
2026-02-04T05:04:33.443803,20.2,41.6,0,0,none,none
2026-02-04T05:04:35.698374,20.2,41.6,0,0,none,none
2026-02-04T05:04:37.953250,20.3,41.6,0,0,none,none
2026-02-04T05:04:40.207795,20.2,41.6,0,0,none,none
2026-02-04T05:04:42.462468,20.2,41.6,0,0,none,none
2026-02-04T05:04:44.717369,20.2,41.6,0,0,none,none
2026-02-04T05:04:46.971579,20.2,41.6,0,0,none,none
2026-02-04T05:04:49.226292,20.2,41.6,0,0,none,none
2026-02-04T05:04:51.481242,20.3,41.7,0,0,none,none
2026-02-04T05:04:53.735817,20.3,41.7,0,0,none,none
2026-02-04T05:04:55.990475,20.2,41.6,0,0,none,none
2026-02-04T05:04:58.247339,20.2,41.6,0,0,none,none
2026-02-04T05:05:00.501716,20.2,41.6,0,0,none,none
2026-02-04T05:05:02.756630,20.2,41.6,0,0,none,none
2026-02-04T05:05:05.011241,20.2,41.6,0,0,none,none
2026-02-04T05:05:07.265983,20.2,41.6,0,0,none,none
2026-02-04T05:05:09.520899,20.2,41.6,0,0,none,none
2026-02-04T05:05:11.775675,20.2,41.6,0,0,none,none
2026-02-04T05:05:14.030261,20.2,41.6,0,0,none,none
2026-02-04T05:05:16.285150,20.2,41.6,0,0,none,none
2026-02-04T05:05:18.539984,20.2,41.6,0,0,none,none
2026-02-04T05:05:20.794655,20.2,41.6,0,0,none,none
2026-02-04T05:05:23.049521,20.2,41.6,0,0,none,none
2026-02-04T05:05:25.304409,20.2,41.6,0,0,none,none
2026-02-04T05:05:27.558931,20.2,41.6,0,0,none,none
2026-02-04T05:05:29.813921,20.2,41.6,0,0,none,none
2026-02-04T05:05:32.068726,20.2,41.6,0,0,none,none
2026-02-04T05:05:34.323376,20.2,41.6,0,0,none,none
2026-02-04T05:05:36.577927,20.2,41.6,0,0,none,none
2026-02-04T05:05:38.832518,20.2,41.6,0,0,none,none
2026-02-04T05:05:41.087118,20.2,41.6,0,0,none,none
2026-02-04T05:05:43.342085,20.2,41.6,0,0,none,none
2026-02-04T05:05:45.596676,20.2,41.6,0,0,none,none
2026-02-04T05:05:47.851240,20.2,41.6,0,0,none,none
2026-02-04T05:05:50.106179,20.2,41.6,0,0,none,none
2026-02-04T05:05:52.361120,20.2,41.6,0,0,none,none
2026-02-04T05:05:54.615761,20.2,41.6,0,0,none,none
2026-02-04T05:05:56.870654,20.2,41.6,0,0,none,none
2026-02-04T05:05:59.125513,20.2,41.6,0,0,none,none
2026-02-04T05:06:01.380139,20.2,41.6,0,0,none,none
2026-02-04T05:06:03.635117,20.2,41.6,0,0,none,none
2026-02-04T05:06:05.889970,20.2,41.6,0,0,none,none
2026-02-04T05:06:08.144563,20.2,41.6,0,0,none,none
2026-02-04T05:06:10.399419,20.2,41.6,0,0,none,none
2026-02-04T05:06:12.654390,20.3,41.7,0,0,none,none
2026-02-04T05:06:14.909114,20.2,41.6,0,0,none,none
2026-02-04T05:06:17.163877,20.2,41.6,0,0,none,none
2026-02-04T05:06:19.418740,20.3,41.7,0,0,none,none
2026-02-04T05:06:21.673518,20.2,41.6,0,0,none,none
2026-02-04T05:06:23.928411,20.2,41.6,0,0,none,none
2026-02-04T05:06:26.183318,20.2,41.6,0,0,none,none
2026-02-04T05:06:28.438142,20.2,41.6,0,0,none,none
2026-02-04T05:06:30.692986,20.2,41.6,0,0,none,none
2026-02-04T05:06:32.947828,20.2,41.6,0,0,none,none
2026-02-04T05:06:35.202428,20.2,41.6,0,0,none,none
2026-02-04T05:06:37.457423,20.2,41.6,0,0,none,none
2026-02-04T05:06:39.712262,20.2,41.6,0,0,none,none
2026-02-04T05:06:41.966912,20.2,41.6,0,0,none,none
2026-02-04T05:06:44.221855,20.2,41.6,0,0,none,none
2026-02-04T05:06:46.476860,20.2,41.6,0,0,none,none
2026-02-04T05:06:48.731295,20.2,41.6,0,0,none,none
2026-02-04T05:06:50.986254,20.3,41.6,0,0,none,none
2026-02-04T05:06:53.241098,20.2,41.5,0,0,none,none
2026-02-04T05:06:55.496495,20.2,41.5,0,0,none,none
2026-02-04T05:06:57.751226,20.2,41.6,0,0,none,none
2026-02-04T05:07:00.006189,20.2,41.5,0,0,none,none
2026-02-04T05:07:02.260823,20.2,41.5,0,0,none,none
2026-02-04T05:07:04.515707,20.2,41.5,0,0,none,none
2026-02-04T05:07:06.772786,20.2,41.5,0,0,none,none
2026-02-04T05:07:09.027468,20.2,41.5,0,0,none,none
2026-02-04T05:07:11.282325,20.2,41.5,0,0,none,none
2026-02-04T05:07:13.537304,20.2,41.5,0,0,none,none
2026-02-04T05:07:15.791848,20.2,41.5,0,0,none,none
2026-02-04T05:07:18.046723,20.2,41.5,0,0,none,none
2026-02-04T05:07:20.301578,20.2,41.5,0,0,none,none
2026-02-04T05:07:22.556400,20.2,41.5,0,0,none,none
2026-02-04T05:07:24.810675,20.2,41.5,0,0,none,none
2026-02-04T05:07:27.065565,20.2,41.5,0,0,none,none
2026-02-04T05:07:29.320233,20.2,41.5,0,0,none,none
2026-02-04T05:07:31.575207,20.2,41.5,0,0,none,none
2026-02-04T05:07:33.830077,20.3,41.6,0,0,none,none
2026-02-04T05:07:36.084709,20.3,41.6,0,0,none,none
2026-02-04T05:07:38.339546,20.2,41.5,0,0,none,none
2026-02-04T05:07:40.594525,20.2,41.5,0,0,none,none
2026-02-04T05:07:42.849215,20.2,41.5,0,0,none,none
2026-02-04T05:07:45.104081,20.2,41.6,0,0,none,none
2026-02-04T05:07:47.359034,20.2,41.5,0,0,none,none
2026-02-04T05:07:49.613924,20.2,41.5,0,0,none,none
2026-02-04T05:07:51.868531,20.2,41.5,0,0,none,none
2026-02-04T05:07:54.123314,20.2,41.5,0,0,none,none
2026-02-04T05:07:56.378145,20.2,41.5,0,0,none,none
2026-02-04T05:07:58.633137,20.2,41.5,0,0,none,none
2026-02-04T05:08:00.887837,20.2,41.5,0,0,none,none
2026-02-04T05:08:03.142471,20.2,41.5,0,0,none,none
2026-02-04T05:08:05.397322,20.2,41.5,0,0,none,none
2026-02-04T05:08:07.652274,20.2,41.5,0,0,none,none
2026-02-04T05:08:09.906816,20.2,41.6,0,0,none,none
2026-02-04T05:08:12.161667,20.2,41.5,0,0,none,none
2026-02-04T05:08:14.416604,20.2,41.5,0,0,none,none
2026-02-04T05:08:16.671323,20.2,41.5,0,0,none,none
2026-02-04T05:08:18.926283,20.2,41.5,0,0,none,none
2026-02-04T05:08:21.183116,20.2,41.5,0,0,none,none
2026-02-04T05:08:23.437974,20.2,41.6,0,0,none,none
2026-02-04T05:08:25.693030,20.2,41.6,0,0,none,none
2026-02-04T05:08:27.947377,20.2,41.6,0,0,none,none
2026-02-04T05:08:30.202138,20.2,41.6,0,0,none,none
2026-02-04T05:08:32.457190,20.2,41.6,0,0,none,none
2026-02-04T05:08:34.711700,20.2,41.5,0,0,none,none
2026-02-04T05:08:36.966359,20.2,41.6,0,0,none,none
2026-02-04T05:08:39.221182,20.2,41.6,0,0,none,none
2026-02-04T05:08:41.475874,20.2,41.5,0,0,none,none
2026-02-04T05:08:43.730582,20.2,41.6,0,0,none,none
2026-02-04T05:08:45.985362,20.3,41.6,0,0,none,none
2026-02-04T05:08:48.240248,20.2,41.6,0,0,none,none
2026-02-04T05:08:50.495026,20.2,41.6,0,0,none,none
2026-02-04T05:08:52.750001,20.2,41.5,0,0,none,none
2026-02-04T05:08:55.004793,20.2,41.5,0,0,none,none
2026-02-04T05:08:57.259375,20.2,41.5,0,0,none,none
2026-02-04T05:08:59.514449,20.2,41.5,0,0,none,none
2026-02-04T05:09:01.769153,20.2,41.5,0,0,none,none
2026-02-04T05:09:04.023619,20.2,41.5,0,0,none,none
2026-02-04T05:09:06.278472,20.2,41.5,0,0,none,none
2026-02-04T05:09:08.533390,20.3,41.6,0,0,none,none
2026-02-04T05:09:10.787792,20.2,41.5,0,0,none,none
2026-02-04T05:09:13.042480,20.2,41.5,0,0,none,none
2026-02-04T05:09:15.297373,20.2,41.5,0,0,none,none
2026-02-04T05:09:17.552138,20.3,41.6,0,0,none,none
2026-02-04T05:09:19.807014,20.2,41.5,0,0,none,none
2026-02-04T05:09:22.063418,20.3,41.6,0,0,none,none
2026-02-04T05:09:24.318167,20.2,41.5,0,0,none,none
2026-02-04T05:09:26.573065,20.3,41.6,0,0,none,none
2026-02-04T05:09:28.827770,20.2,41.5,0,0,none,none
2026-02-04T05:09:31.082380,20.2,41.5,0,0,none,none
2026-02-04T05:09:33.337205,20.2,41.5,0,0,none,none
2026-02-04T05:09:35.592020,20.2,41.5,0,0,none,none
2026-02-04T05:09:37.846692,20.2,41.5,0,0,none,none
2026-02-04T05:09:40.101543,20.2,41.5,0,0,none,none
2026-02-04T05:09:42.356452,20.2,41.6,0,0,none,none
2026-02-04T05:09:44.611085,20.2,41.6,0,0,none,none
2026-02-04T05:09:46.866054,20.3,41.6,0,0,none,none
2026-02-04T05:09:49.120783,20.2,41.5,0,0,none,none
2026-02-04T05:09:51.375335,20.2,41.5,0,0,none,none
2026-02-04T05:09:53.630430,20.3,41.6,0,0,none,none
2026-02-04T05:09:55.885286,20.2,41.5,0,0,none,none
2026-02-04T05:09:58.139970,20.2,41.5,0,0,none,none
2026-02-04T05:10:00.394830,20.2,41.5,0,0,none,none
2026-02-04T05:10:02.649712,20.2,41.5,0,0,none,none
2026-02-04T05:10:04.904384,20.2,41.5,0,0,none,none
2026-02-04T05:10:07.159171,20.2,41.4,0,0,none,none
2026-02-04T05:10:09.414114,20.3,41.5,0,0,none,none
2026-02-04T05:10:11.668925,20.2,41.4,0,0,none,none
2026-02-04T05:10:13.923747,20.2,41.4,0,0,none,none
2026-02-04T05:10:16.178558,20.2,41.5,0,0,none,none
2026-02-04T05:10:18.433354,20.2,41.5,0,0,none,none
2026-02-04T05:10:20.688167,20.2,41.4,0,0,none,none
2026-02-04T05:10:22.942727,20.2,41.5,0,0,none,none
2026-02-04T05:10:25.197415,20.2,41.4,0,0,none,none
2026-02-04T05:10:27.452259,20.2,41.5,0,0,none,none
2026-02-04T05:10:29.707104,20.2,41.4,0,0,none,none
2026-02-04T05:10:31.961831,20.2,41.4,0,0,none,none
2026-02-04T05:10:34.216722,20.2,41.4,0,0,none,none
2026-02-04T05:10:36.471583,20.3,41.6,0,0,none,none
2026-02-04T05:10:38.726113,20.2,41.4,0,0,none,none
2026-02-04T05:10:40.980976,20.2,41.4,0,0,none,none
2026-02-04T05:10:43.235619,20.2,41.5,0,0,none,none
2026-02-04T05:10:45.489873,20.2,41.5,0,0,none,none
2026-02-04T05:10:47.744740,20.2,41.5,0,0,none,none
2026-02-04T05:10:49.999496,20.3,41.6,0,0,none,none
2026-02-04T05:10:52.254096,20.3,41.6,0,0,none,none
2026-02-04T05:10:54.509060,20.3,41.6,0,0,none,none
2026-02-04T05:10:56.765478,20.2,41.5,0,0,none,none
2026-02-04T05:10:59.019892,20.2,41.4,0,0,none,none
2026-02-04T05:11:01.274670,20.3,41.6,0,0,none,none
2026-02-04T05:11:03.529601,20.2,41.5,0,0,none,none
2026-02-04T05:11:05.784285,20.3,41.5,0,0,none,none
2026-02-04T05:11:08.038947,20.2,41.5,0,0,none,none
2026-02-04T05:11:10.293564,20.3,41.5,0,0,none,none
2026-02-04T05:11:12.548282,20.3,41.5,0,0,none,none
2026-02-04T05:11:14.802971,20.3,41.6,0,0,none,none
2026-02-04T05:11:17.057792,20.2,41.5,0,0,none,none
2026-02-04T05:11:19.312481,20.2,41.5,0,0,none,none
2026-02-04T05:11:21.567411,20.3,41.6,0,0,none,none
2026-02-04T05:11:23.822251,20.2,41.4,0,0,none,none
2026-02-04T05:11:26.076901,20.3,41.5,0,0,none,none
2026-02-04T05:11:28.331593,20.2,41.4,0,0,none,none
2026-02-04T05:11:30.586577,20.2,41.4,0,0,none,none
2026-02-04T05:11:32.841258,20.2,41.4,0,0,none,none
2026-02-04T05:11:35.096080,20.2,41.4,0,0,none,none
2026-02-04T05:11:37.350871,20.3,41.5,0,0,none,none
2026-02-04T05:11:39.605601,20.3,41.5,0,0,none,none
2026-02-04T05:11:41.860484,20.2,41.4,0,0,none,none
2026-02-04T05:11:44.115259,20.3,41.5,0,0,none,none
2026-02-04T05:11:46.369976,20.2,41.4,0,0,none,none
2026-02-04T05:11:48.624944,20.3,41.5,0,0,none,none
2026-02-04T05:11:50.879624,20.3,41.5,0,0,none,none
2026-02-04T05:11:53.134268,20.2,41.4,0,0,none,none
2026-02-04T05:11:55.389166,20.2,41.4,0,0,none,none
2026-02-04T05:11:57.644094,20.2,41.4,0,0,none,none
2026-02-04T05:11:59.898717,20.2,41.5,0,0,none,none
2026-02-04T05:12:02.153565,20.3,41.5,0,0,none,none
2026-02-04T05:12:04.410564,20.2,41.4,0,0,none,none
2026-02-04T05:12:06.665400,20.3,41.5,0,0,none,none
2026-02-04T05:12:08.920366,20.3,41.5,0,0,none,none
2026-02-04T05:12:11.175048,20.2,41.4,0,0,none,none
2026-02-04T05:12:13.429889,20.2,41.4,0,0,none,none
2026-02-04T05:12:15.684799,20.2,41.5,0,0,none,none
2026-02-04T05:12:17.939571,20.2,41.4,0,0,none,none
2026-02-04T05:12:20.194150,20.2,41.4,0,0,none,none
2026-02-04T05:12:22.449140,20.2,41.4,0,0,none,none
2026-02-04T05:12:24.704017,20.2,41.4,0,0,none,none
2026-02-04T05:12:26.958685,20.3,41.5,0,0,none,none
2026-02-04T05:12:29.213164,20.2,41.4,0,0,none,none
2026-02-04T05:12:31.467985,20.3,41.5,0,0,none,none
2026-02-04T05:12:33.722637,20.3,41.5,0,0,none,none
2026-02-04T05:12:35.977384,20.2,41.4,0,0,none,none
2026-02-04T05:12:38.232227,20.2,41.4,0,0,none,none
2026-02-04T05:12:40.486914,20.2,41.4,0,0,none,none
2026-02-04T05:12:42.741997,20.3,41.6,0,0,none,none
2026-02-04T05:12:44.996823,20.2,41.5,0,0,none,none
2026-02-04T05:12:47.251437,20.3,41.5,0,0,none,none
2026-02-04T05:12:49.505954,20.2,41.4,0,0,none,none
2026-02-04T05:12:51.760751,20.3,41.5,0,0,none,none
2026-02-04T05:12:54.015353,20.2,41.4,0,0,none,none
2026-02-04T05:12:56.270218,20.2,41.4,0,0,none,none
2026-02-04T05:12:58.524701,20.3,41.5,0,0,none,none
2026-02-04T05:13:00.779258,20.2,41.4,0,0,none,none
2026-02-04T05:13:03.034191,20.2,41.4,0,0,none,none
2026-02-04T05:13:05.288984,20.2,41.4,0,0,none,none
2026-02-04T05:13:07.543407,20.3,41.5,0,0,none,none
2026-02-04T05:13:09.798273,20.2,41.4,0,0,none,none
2026-02-04T05:13:12.053176,20.3,41.5,0,0,none,none
2026-02-04T05:13:14.307804,20.2,41.4,0,0,none,none
2026-02-04T05:13:16.562647,20.2,41.4,0,0,none,none
2026-02-04T05:13:18.817530,20.2,41.4,0,0,none,none
2026-02-04T05:13:21.072186,20.2,41.4,0,0,none,none
2026-02-04T05:13:23.327009,20.3,41.5,0,0,none,none
2026-02-04T05:13:25.583937,20.3,41.5,0,0,none,none
2026-02-04T05:13:27.838597,20.2,41.4,0,0,none,none
2026-02-04T05:13:30.093460,20.2,41.4,0,0,none,none
2026-02-04T05:13:32.348333,20.2,41.4,0,0,none,none
2026-02-04T05:13:34.602965,20.3,41.4,0,0,none,none
2026-02-04T05:13:36.857905,20.2,41.4,0,0,none,none
2026-02-04T05:13:39.114604,20.3,41.5,0,0,none,none
2026-02-04T05:13:41.369284,20.3,41.5,0,0,none,none
2026-02-04T05:13:43.623841,20.2,41.4,0,0,none,none
2026-02-04T05:13:45.878690,20.3,41.5,0,0,none,none
2026-02-04T05:13:48.133358,20.3,41.5,0,0,none,none
2026-02-04T05:13:50.388186,20.2,41.4,0,0,none,none
2026-02-04T05:13:52.643242,20.2,41.4,0,0,none,none
2026-02-04T05:13:54.898032,20.2,41.4,0,0,none,none
2026-02-04T05:13:57.152919,20.2,41.4,0,0,none,none
2026-02-04T05:13:59.407884,20.3,41.5,0,0,none,none
2026-02-04T05:14:01.662161,20.2,41.4,0,0,none,none
2026-02-04T05:14:03.917047,20.2,41.4,0,0,none,none
2026-02-04T05:14:06.171892,20.2,41.4,0,0,none,none
2026-02-04T05:14:08.427789,20.2,41.4,0,0,none,none
2026-02-04T05:14:10.682724,20.3,41.5,0,0,none,none
2026-02-04T05:14:12.937504,20.2,41.4,0,0,none,none
2026-02-04T05:14:15.192115,20.3,41.5,0,0,none,none
2026-02-04T05:14:17.447094,20.3,41.5,0,0,none,none
2026-02-04T05:14:19.702050,20.3,41.5,0,0,none,none
2026-02-04T05:14:21.956749,20.2,41.4,0,0,none,none
2026-02-04T05:14:24.211693,20.2,41.4,0,0,none,none
2026-02-04T05:14:26.466640,20.2,41.4,0,0,none,none
2026-02-04T05:14:28.721331,20.3,41.5,0,0,none,none
2026-02-04T05:14:30.976213,20.2,41.4,0,0,none,none
2026-02-04T05:14:33.231072,20.2,41.4,0,0,none,none
2026-02-04T05:14:35.485960,20.3,41.5,0,0,none,none
2026-02-04T05:14:37.740993,20.3,41.5,0,0,none,none
2026-02-04T05:14:39.995878,20.2,41.5,0,0,none,none
2026-02-04T05:14:42.250608,20.3,41.5,0,0,none,none
2026-02-04T05:14:44.505543,20.2,41.4,0,0,none,none
2026-02-04T05:14:46.760460,20.2,41.4,0,0,none,none
2026-02-04T05:14:49.015077,20.2,41.4,0,0,none,none
2026-02-04T05:14:51.270083,20.2,41.4,0,0,none,none
2026-02-04T05:14:53.525151,20.2,41.4,0,0,none,none
2026-02-04T05:14:55.779857,20.2,41.4,0,0,none,none
2026-02-04T05:14:58.034786,20.2,41.4,0,0,none,none
2026-02-04T05:15:00.289517,20.2,41.4,0,0,none,none
2026-02-04T05:15:02.544392,20.3,41.5,0,0,none,none
2026-02-04T05:15:04.799365,20.3,41.5,0,0,none,none
2026-02-04T05:15:07.054273,20.2,41.4,0,0,none,none
2026-02-04T05:15:09.308998,20.2,41.4,0,0,none,none
2026-02-04T05:15:11.563977,20.2,41.4,0,0,none,none
2026-02-04T05:15:13.818851,20.2,41.4,0,0,none,none
2026-02-04T05:15:16.073574,20.2,41.4,0,0,none,none
2026-02-04T05:15:18.328522,20.2,41.4,0,0,none,none
2026-02-04T05:15:20.583347,20.3,41.5,0,0,none,none
2026-02-04T05:15:22.837958,20.2,41.4,0,0,none,none
2026-02-04T05:15:25.092936,20.2,41.4,0,0,none,none
2026-02-04T05:15:27.347841,20.2,41.4,0,0,none,none
2026-02-04T05:15:29.602633,20.2,41.4,0,0,none,none
2026-02-04T05:15:31.857677,20.3,41.5,0,0,none,none
2026-02-04T05:15:34.112597,20.2,41.4,0,0,none,none
2026-02-04T05:15:36.367237,20.3,41.5,0,0,none,none
2026-02-04T05:15:38.622270,20.2,41.4,0,0,none,none
2026-02-04T05:15:40.877196,20.3,41.5,0,0,none,none
2026-02-04T05:15:43.131901,20.2,41.4,0,0,none,none
2026-02-04T05:15:45.386916,20.3,41.5,0,0,none,none
2026-02-04T05:15:47.641958,20.2,41.4,0,0,none,none
2026-02-04T05:15:49.896706,20.3,41.5,0,0,none,none
2026-02-04T05:15:52.151462,20.2,41.4,0,0,none,none
2026-02-04T05:15:54.406307,20.2,41.4,0,0,none,none
2026-02-04T05:15:56.661100,20.3,41.5,0,0,none,none
2026-02-04T05:15:58.916099,20.2,41.4,0,0,none,none
2026-02-04T05:16:01.170801,20.2,41.4,0,0,none,none
2026-02-04T05:16:03.425633,20.2,41.4,0,0,none,none
2026-02-04T05:16:05.680216,20.3,41.5,0,0,none,none
2026-02-04T05:16:07.935138,20.2,41.5,0,0,none,none
2026-02-04T05:16:10.189881,20.2,41.5,0,0,none,none
2026-02-04T05:16:12.444804,20.3,41.5,0,0,none,none
2026-02-04T05:16:14.699219,20.3,41.6,0,0,none,none
2026-02-04T05:16:16.953969,20.2,41.4,0,0,none,none
2026-02-04T05:16:19.208833,20.3,41.5,0,0,none,none
2026-02-04T05:16:21.463684,20.2,41.4,0,0,none,none
2026-02-04T05:16:23.718287,20.3,41.5,0,0,none,none
2026-02-04T05:16:25.973101,20.3,41.5,0,0,none,none
2026-02-04T05:16:28.227537,20.3,41.5,0,0,none,none
2026-02-04T05:16:30.481924,20.2,41.4,0,0,none,none
2026-02-04T05:16:32.736836,20.2,41.4,0,0,none,none
2026-02-04T05:16:34.991750,20.2,41.4,0,0,none,none
2026-02-04T05:16:37.246414,20.3,41.6,0,0,none,none
2026-02-04T05:16:39.501510,20.2,41.4,0,0,none,none
2026-02-04T05:16:41.758276,20.2,41.4,0,0,none,none
2026-02-04T05:16:44.012934,20.2,41.4,0,0,none,none
2026-02-04T05:16:46.267859,20.2,41.4,0,0,none,none
2026-02-04T05:16:48.522838,20.2,41.4,0,0,none,none
2026-02-04T05:16:50.777555,20.2,41.4,0,0,none,none
2026-02-04T05:16:53.032560,20.2,41.4,0,0,none,none
2026-02-04T05:16:55.289323,20.2,41.4,0,0,none,none
2026-02-04T05:16:57.544143,20.2,41.4,0,0,none,none
2026-02-04T05:16:59.799046,20.2,41.4,0,0,none,none
2026-02-04T05:17:02.053979,20.2,41.5,0,0,none,none
2026-02-04T05:17:04.308768,20.2,41.4,0,0,none,none
2026-02-04T05:17:06.563857,20.2,41.4,0,0,none,none
2026-02-04T05:17:08.820191,20.2,41.4,0,0,none,none
2026-02-04T05:17:11.074974,20.2,41.4,0,0,none,none
2026-02-04T05:17:13.329959,20.3,41.5,0,0,none,none
2026-02-04T05:17:15.585047,20.3,41.5,0,0,none,none
2026-02-04T05:17:17.839799,20.2,41.4,0,0,none,none
2026-02-04T05:17:20.094718,20.2,41.4,0,0,none,none
2026-02-04T05:17:22.349636,20.2,41.4,0,0,none,none
2026-02-04T05:17:24.604416,20.2,41.4,0,0,none,none
2026-02-04T05:17:26.859308,20.2,41.4,0,0,none,none
2026-02-04T05:17:29.114278,20.2,41.4,0,0,none,none
2026-02-04T05:17:31.368888,20.2,41.4,0,0,none,none
2026-02-04T05:17:33.623949,20.2,41.4,0,0,none,none
2026-02-04T05:17:35.878933,20.2,41.4,0,0,none,none
2026-02-04T05:17:38.133590,20.2,41.4,0,0,none,none
2026-02-04T05:17:40.388550,20.2,41.4,0,0,none,none
2026-02-04T05:17:42.643510,20.2,41.5,0,0,none,none
2026-02-04T05:17:44.898293,20.2,41.5,0,0,none,none
2026-02-04T05:17:47.153264,20.2,41.5,0,0,none,none
2026-02-04T05:17:49.408067,20.2,41.4,0,0,none,none
2026-02-04T05:17:51.662903,20.2,41.5,0,0,none,none
2026-02-04T05:17:53.917930,20.2,41.5,0,0,none,none
2026-02-04T05:17:56.172628,20.2,41.5,0,0,none,none
2026-02-04T05:17:58.428154,20.2,41.5,0,0,none,none
2026-02-04T05:18:00.683160,20.2,41.4,0,0,none,none
2026-02-04T05:18:02.938105,20.2,41.5,0,0,none,none
2026-02-04T05:18:05.192796,20.2,41.5,0,0,none,none
2026-02-04T05:18:07.447738,20.2,41.5,0,0,none,none
2026-02-04T05:18:09.702685,20.2,41.5,0,0,none,none
2026-02-04T05:18:11.957325,20.2,41.5,0,0,none,none
2026-02-04T05:18:14.212246,20.2,41.5,0,0,none,none
2026-02-04T05:18:16.467285,20.2,41.5,0,0,none,none
2026-02-04T05:18:18.721955,20.2,41.5,0,0,none,none
2026-02-04T05:18:20.976969,20.2,41.5,0,0,none,none
2026-02-04T05:18:23.231914,20.2,41.5,0,0,none,none
2026-02-04T05:18:25.486604,20.2,41.5,0,0,none,none
2026-02-04T05:18:27.741585,20.2,41.5,0,0,none,none
2026-02-04T05:18:29.996442,20.2,41.5,0,0,none,none
2026-02-04T05:18:32.251087,20.2,41.5,0,0,none,none
2026-02-04T05:18:34.506188,20.2,41.5,0,0,none,none
2026-02-04T05:18:36.761030,20.2,41.5,0,0,none,none
2026-02-04T05:18:39.015789,20.2,41.5,0,0,none,none
2026-02-04T05:18:41.270721,20.3,41.6,0,0,none,none
2026-02-04T05:18:43.525820,20.2,41.5,0,0,none,none
2026-02-04T05:18:45.780552,20.2,41.5,0,0,none,none
2026-02-04T05:18:48.035424,20.2,41.5,0,0,none,none
2026-02-04T05:18:50.290315,20.2,41.5,0,0,none,none
2026-02-04T05:18:52.545176,20.2,41.4,0,0,none,none
2026-02-04T05:18:54.800023,20.2,41.5,0,0,none,none
2026-02-04T05:18:57.054893,20.2,41.5,0,0,none,none
2026-02-04T05:18:59.309628,20.2,41.5,0,0,none,none
2026-02-04T05:19:01.564429,20.2,41.5,0,0,none,none
2026-02-04T05:19:03.818923,20.2,41.5,0,0,none,none
2026-02-04T05:19:06.073607,20.2,41.5,0,0,none,none
2026-02-04T05:19:08.328486,20.2,41.5,0,0,none,none
2026-02-04T05:19:10.583533,20.2,41.5,0,0,none,none
2026-02-04T05:19:12.838167,20.2,41.5,0,0,none,none
2026-02-04T05:19:15.093110,20.2,41.6,0,0,none,none
2026-02-04T05:19:17.348085,20.2,41.6,0,0,none,none
2026-02-04T05:19:19.602858,20.2,41.5,0,0,none,none
2026-02-04T05:19:21.857881,20.2,41.5,0,0,none,none
2026-02-04T05:19:24.112877,20.2,41.5,0,0,none,none
2026-02-04T05:19:26.367190,20.2,41.5,0,0,none,none
2026-02-04T05:19:28.622400,20.2,41.5,0,0,none,none
2026-02-04T05:19:30.876866,20.2,41.6,0,0,none,none
2026-02-04T05:19:33.131600,20.3,41.6,0,0,none,none
2026-02-04T05:19:35.386569,20.2,41.5,0,0,none,none
2026-02-04T05:19:37.641544,20.2,41.6,0,0,none,none
2026-02-04T05:19:39.896332,20.2,41.6,0,0,none,none
2026-02-04T05:19:42.151234,20.2,41.5,0,0,none,none
2026-02-04T05:19:44.406203,20.2,41.6,0,0,none,none
2026-02-04T05:19:46.661145,20.2,41.6,0,0,none,none
2026-02-04T05:19:48.915945,20.2,41.6,0,0,none,none
2026-02-04T05:19:51.170833,20.2,41.6,0,0,none,none
2026-02-04T05:19:53.426692,20.2,41.6,0,0,none,none
2026-02-04T05:19:55.762605,20.2,41.6,0,0,none,none
2026-02-04T05:19:58.044344,20.2,41.6,0,0,none,none
2026-02-04T05:20:00.298814,20.2,41.6,0,0,none,none
2026-02-04T05:20:02.553896,20.2,41.6,0,0,none,none
2026-02-04T05:20:04.808832,20.2,41.6,0,0,none,none
2026-02-04T05:20:07.063348,20.2,41.6,0,0,none,none
2026-02-04T05:20:09.318181,20.2,41.6,0,0,none,none
2026-02-04T05:20:11.573130,20.2,41.6,0,0,none,none
2026-02-04T05:20:13.827784,20.2,41.6,0,0,none,none
2026-02-04T05:20:16.082776,20.2,41.6,0,0,none,none
2026-02-04T05:20:18.337656,20.2,41.6,0,0,none,none
2026-02-04T05:20:20.592552,20.2,41.6,0,0,none,none
2026-02-04T05:20:22.847454,20.2,41.6,0,0,none,none
2026-02-04T05:20:25.102387,20.2,41.6,0,0,none,none
2026-02-04T05:20:27.357142,20.2,41.6,0,0,none,none
2026-02-04T05:20:29.612258,20.2,41.6,0,0,none,none
2026-02-04T05:20:31.867107,20.2,41.7,0,0,none,none
2026-02-04T05:20:34.121926,20.2,41.6,0,0,none,none
2026-02-04T05:20:36.376848,20.2,41.6,0,0,none,none
2026-02-04T05:20:38.631899,20.2,41.6,0,0,none,none
2026-02-04T05:20:40.886578,20.2,41.6,0,0,none,none
2026-02-04T05:20:43.141546,20.2,41.6,0,0,none,none
2026-02-04T05:20:45.396464,20.2,41.6,0,0,none,none
2026-02-04T05:20:47.651290,20.2,41.6,0,0,none,none
2026-02-04T05:20:49.906318,20.2,41.6,0,0,none,none
2026-02-04T05:20:52.161258,20.2,41.6,0,0,none,none
2026-02-04T05:20:54.415964,20.2,41.6,0,0,none,none
2026-02-04T05:20:56.671029,20.2,41.6,0,0,none,none
2026-02-04T05:20:58.925938,20.2,41.5,0,0,none,none
2026-02-04T05:21:01.180592,20.2,41.5,0,0,none,none
2026-02-04T05:21:03.435715,20.2,41.5,0,0,none,none
2026-02-04T05:21:05.690674,20.2,41.5,0,0,none,none
2026-02-04T05:21:07.945454,20.2,41.5,0,0,none,none
2026-02-04T05:21:10.200364,20.2,41.5,0,0,none,none
2026-02-04T05:21:12.455395,20.2,41.6,0,0,none,none
2026-02-04T05:21:14.710066,20.2,41.6,0,0,none,none
2026-02-04T05:21:16.965000,20.2,41.5,0,0,none,none
2026-02-04T05:21:19.219798,20.2,41.5,0,0,none,none
2026-02-04T05:21:21.474628,20.2,41.5,0,0,none,none
2026-02-04T05:21:23.729623,20.2,41.5,0,0,none,none
2026-02-04T05:21:25.984617,20.2,41.5,0,0,none,none
2026-02-04T05:21:28.239387,20.2,41.5,0,0,none,none
2026-02-04T05:21:30.494191,20.2,41.5,0,0,none,none
2026-02-04T05:21:32.749110,20.2,41.5,0,0,none,none
2026-02-04T05:21:35.003594,20.2,41.5,0,0,none,none
2026-02-04T05:21:37.258422,20.2,41.5,0,0,none,none
2026-02-04T05:21:39.513394,20.2,41.5,0,0,none,none
2026-02-04T05:21:41.768083,20.2,41.5,0,0,none,none
2026-02-04T05:21:44.022822,20.2,41.5,0,0,none,none
2026-02-04T05:21:46.277809,20.2,41.5,0,0,none,none
2026-02-04T05:21:48.532624,20.2,41.5,0,0,none,none
2026-02-04T05:21:50.787659,20.2,41.4,0,0,none,none
2026-02-04T05:21:53.042550,20.2,41.5,0,0,none,none
2026-02-04T05:21:55.297298,20.2,41.5,0,0,none,none
2026-02-04T05:21:57.552367,20.2,41.5,0,0,none,none
2026-02-04T05:21:59.807156,20.2,41.5,0,0,none,none
2026-02-04T05:22:02.061847,20.2,41.4,0,0,none,none
2026-02-04T05:22:04.316826,20.2,41.4,0,0,none,none
2026-02-04T05:22:06.571805,20.2,41.5,0,0,none,none
2026-02-04T05:22:08.826524,20.2,41.5,0,0,none,none
2026-02-04T05:22:11.081495,20.2,41.5,0,0,none,none
2026-02-04T05:22:13.336432,20.2,41.5,0,0,none,none
2026-02-04T05:22:15.590997,20.2,41.4,0,0,none,none
2026-02-04T05:22:17.845949,20.2,41.5,0,0,none,none
2026-02-04T05:22:20.100680,20.2,41.4,0,0,none,none
2026-02-04T05:22:22.355480,20.2,41.4,0,0,none,none
2026-02-04T05:22:24.610475,20.2,41.4,0,0,none,none
2026-02-04T05:22:26.865411,20.2,41.4,0,0,none,none
2026-02-04T05:22:29.120179,20.2,41.4,0,0,none,none
2026-02-04T05:22:31.375012,20.2,41.4,0,0,none,none
2026-02-04T05:22:33.629512,20.2,41.4,0,0,none,none
2026-02-04T05:22:35.884305,20.2,41.4,0,0,none,none
2026-02-04T05:22:38.139229,20.2,41.4,0,0,none,none
2026-02-04T05:22:40.394232,20.2,41.4,0,0,none,none
2026-02-04T05:22:42.648994,20.2,41.4,0,0,none,none
2026-02-04T05:22:44.903969,20.2,41.4,0,0,none,none
2026-02-04T05:22:47.158898,20.2,41.4,0,0,none,none
2026-02-04T05:22:49.413598,20.2,41.4,0,0,none,none
2026-02-04T05:22:51.668684,20.2,41.4,0,0,none,none
2026-02-04T05:22:53.923427,20.2,41.4,0,0,none,none
2026-02-04T05:22:56.178084,20.2,41.4,0,0,none,none
2026-02-04T05:22:58.433219,20.2,41.4,0,0,none,none
2026-02-04T05:23:00.688201,20.2,41.4,0,0,none,none
2026-02-04T05:23:02.942842,20.2,41.4,0,0,none,none
2026-02-04T05:23:05.197875,20.2,41.4,0,0,none,none
2026-02-04T05:23:07.452548,20.2,41.4,0,0,none,none
2026-02-04T05:23:09.707322,20.2,41.4,0,0,none,none
2026-02-04T05:23:11.962296,20.2,41.4,0,0,none,none
2026-02-04T05:23:14.217287,20.2,41.4,0,0,none,none
2026-02-04T05:23:16.472113,20.2,41.4,0,0,none,none
2026-02-04T05:23:18.727078,20.2,41.4,0,0,none,none
2026-02-04T05:23:20.982066,20.2,41.4,0,0,none,none
2026-02-04T05:23:23.236767,20.2,41.4,0,0,none,none
2026-02-04T05:23:25.491684,20.2,41.4,0,0,none,none
2026-02-04T05:23:27.746641,20.2,41.4,0,0,none,none
2026-02-04T05:23:30.001267,20.2,41.4,0,0,none,none
2026-02-04T05:23:32.256220,20.2,41.4,0,0,none,none
2026-02-04T05:23:34.511188,20.2,41.4,0,0,none,none
2026-02-04T05:23:36.765908,20.2,41.4,0,0,none,none
2026-02-04T05:23:39.020802,20.2,41.4,0,0,none,none
2026-02-04T05:23:41.275482,20.2,41.4,0,0,none,none
2026-02-04T05:23:43.530234,20.2,41.4,0,0,none,none
2026-02-04T05:23:45.785193,20.2,41.4,0,0,none,none
2026-02-04T05:23:48.039746,20.2,41.4,0,0,none,none
2026-02-04T05:23:50.294448,20.2,41.4,0,0,none,none
2026-02-04T05:23:52.549569,20.2,41.4,0,0,none,none
2026-02-04T05:23:54.804488,20.2,41.4,0,0,none,none
2026-02-04T05:23:57.059016,20.2,41.4,0,0,none,none
2026-02-04T05:23:59.313946,20.2,41.4,0,0,none,none
2026-02-04T05:24:01.568972,20.2,41.4,0,0,none,none
2026-02-04T05:24:03.823691,20.2,41.4,0,0,none,none
2026-02-04T05:24:06.078490,20.2,41.4,0,0,none,none
2026-02-04T05:24:08.333411,20.2,41.4,0,0,none,none
2026-02-04T05:24:10.588305,20.2,41.4,0,0,none,none
2026-02-04T05:24:12.843190,20.2,41.4,0,0,none,none
2026-02-04T05:24:15.098108,20.2,41.4,0,0,none,none
2026-02-04T05:24:17.352840,20.2,41.4,0,0,none,none
2026-02-04T05:24:19.607949,20.2,41.4,0,0,none,none
2026-02-04T05:24:21.862921,20.2,41.4,0,0,none,none
2026-02-04T05:24:24.117699,20.2,41.4,0,0,none,none
2026-02-04T05:24:26.372635,20.2,41.4,0,0,none,none
2026-02-04T05:24:28.627669,20.2,41.4,0,0,none,none
2026-02-04T05:24:30.882342,20.2,41.4,0,0,none,none
2026-02-04T05:24:33.137275,20.2,41.4,0,0,none,none
2026-02-04T05:24:35.392228,20.2,41.4,0,0,none,none
2026-02-04T05:24:37.647104,20.2,41.4,0,0,none,none
2026-02-04T05:24:39.902202,20.2,41.4,0,0,none,none
2026-02-04T05:24:42.157098,20.2,41.4,0,0,none,none
2026-02-04T05:24:44.411706,20.2,41.3,0,0,none,none
2026-02-04T05:24:46.666803,20.2,41.4,0,0,none,none
2026-02-04T05:24:48.921795,20.2,41.3,0,0,none,none
2026-02-04T05:24:51.176481,20.2,41.4,0,0,none,none
2026-02-04T05:24:53.431547,20.2,41.4,0,0,none,none
2026-02-04T05:24:55.686435,20.2,41.4,0,0,none,none
2026-02-04T05:24:57.941203,20.2,41.3,0,0,none,none
2026-02-04T05:25:00.195930,20.3,41.4,0,0,none,none
2026-02-04T05:25:02.450963,20.2,41.3,0,0,none,none
2026-02-04T05:25:04.705652,20.2,41.3,0,0,none,none
2026-02-04T05:25:06.960676,20.2,41.3,0,0,none,none
2026-02-04T05:25:09.215624,20.2,41.4,0,0,none,none
2026-02-04T05:25:11.470484,20.2,41.4,0,0,none,none
2026-02-04T05:25:13.725572,20.2,41.4,0,0,none,none
2026-02-04T05:25:15.980491,20.2,41.4,0,0,none,none
2026-02-04T05:25:18.235145,20.2,41.4,0,0,none,none
2026-02-04T05:25:20.489976,20.2,41.3,0,0,none,none
2026-02-04T05:25:22.744952,20.2,41.4,0,0,none,none
2026-02-04T05:25:24.999750,20.2,41.4,0,0,none,none
2026-02-04T05:25:27.254690,20.2,41.4,0,0,none,none
2026-02-04T05:25:29.509680,20.3,41.4,0,0,none,none
2026-02-04T05:25:31.764343,20.2,41.4,0,0,none,none
2026-02-04T05:25:34.019169,20.2,41.4,0,0,none,none
2026-02-04T05:25:36.274013,20.2,41.4,0,0,none,none
2026-02-04T05:25:38.528700,20.2,41.4,0,0,none,none
2026-02-04T05:25:40.783676,20.2,41.4,0,0,none,none
2026-02-04T05:25:43.038569,20.2,41.3,0,0,none,none
2026-02-04T05:25:45.293287,20.2,41.4,0,0,none,none
2026-02-04T05:25:47.548372,20.2,41.3,0,0,none,none
2026-02-04T05:25:49.803122,20.2,41.3,0,0,none,none
2026-02-04T05:25:52.057887,20.2,41.3,0,0,none,none
2026-02-04T05:25:54.312790,20.2,41.3,0,0,none,none
2026-02-04T05:25:56.567843,20.2,41.3,0,0,none,none
2026-02-04T05:25:58.822591,20.2,41.3,0,0,none,none
2026-02-04T05:26:01.077513,20.2,41.3,0,0,none,none
2026-02-04T05:26:03.332533,20.2,41.3,0,0,none,none
2026-02-04T05:26:05.587388,20.2,41.3,0,0,none,none
2026-02-04T05:26:07.842321,20.2,41.3,0,0,none,none
2026-02-04T05:26:10.098585,20.2,41.3,0,0,none,none
2026-02-04T05:26:12.353115,20.3,41.4,0,0,none,none
2026-02-04T05:26:14.608070,20.2,41.3,0,0,none,none
2026-02-04T05:26:16.862984,20.2,41.3,0,0,none,none
2026-02-04T05:26:19.117672,20.2,41.3,0,0,none,none
2026-02-04T05:26:21.372669,20.2,41.3,0,0,none,none
2026-02-04T05:26:23.627697,20.2,41.3,0,0,none,none
2026-02-04T05:26:25.882459,20.2,41.3,0,0,none,none
2026-02-04T05:26:28.137401,20.2,41.3,0,0,none,none
2026-02-04T05:26:30.392306,20.3,41.4,0,0,none,none
2026-02-04T05:26:32.647150,20.2,41.3,0,0,none,none
2026-02-04T05:26:34.902192,20.2,41.3,0,0,none,none
2026-02-04T05:26:37.157098,20.2,41.3,0,0,none,none
2026-02-04T05:26:39.411836,20.2,41.3,0,0,none,none
2026-02-04T05:26:41.666940,20.2,41.3,0,0,none,none
2026-02-04T05:26:43.921933,20.2,41.3,0,0,none,none
2026-02-04T05:26:46.176667,20.2,41.3,0,0,none,none
2026-02-04T05:26:48.431808,20.3,41.4,0,0,none,none
2026-02-04T05:26:50.686785,20.2,41.3,0,0,none,none
2026-02-04T05:26:52.941558,20.2,41.3,0,0,none,none
2026-02-04T05:26:55.196485,20.2,41.3,0,0,none,none
2026-02-04T05:26:57.451552,20.2,41.4,0,0,none,none
2026-02-04T05:26:59.706198,20.2,41.3,0,0,none,none
2026-02-04T05:27:01.961222,20.3,41.4,0,0,none,none
2026-02-04T05:27:04.218190,20.2,41.4,0,0,none,none
2026-02-04T05:27:06.473086,20.2,41.3,0,0,none,none
2026-02-04T05:27:08.728104,20.2,41.3,0,0,none,none
2026-02-04T05:27:10.982993,20.2,41.3,0,0,none,none
2026-02-04T05:27:13.237644,20.2,41.4,0,0,none,none
2026-02-04T05:27:15.492735,20.3,41.5,0,0,none,none
2026-02-04T05:27:17.747629,20.2,41.4,0,0,none,none
2026-02-04T05:27:20.002307,20.2,41.4,0,0,none,none
2026-02-04T05:27:22.257228,20.2,41.3,0,0,none,none
2026-02-04T05:27:24.511851,20.2,41.3,0,0,none,none
2026-02-04T05:27:26.766524,20.2,41.3,0,0,none,none
2026-02-04T05:27:29.021494,20.2,41.3,0,0,none,none
2026-02-04T05:27:31.276479,20.2,41.3,0,0,none,none
2026-02-04T05:27:33.531378,20.2,41.3,0,0,none,none
2026-02-04T05:27:35.786405,20.2,41.3,0,0,none,none
2026-02-04T05:27:38.041204,20.2,41.3,0,0,none,none
2026-02-04T05:27:40.295960,20.2,41.3,0,0,none,none
2026-02-04T05:27:42.551024,20.2,41.3,0,0,none,none
2026-02-04T05:27:44.805969,20.2,41.3,0,0,none,none
2026-02-04T05:27:47.060702,20.2,41.3,0,0,none,none
2026-02-04T05:27:49.315640,20.2,41.3,0,0,none,none
2026-02-04T05:27:51.570577,20.2,41.3,0,0,none,none
2026-02-04T05:27:53.825327,20.2,41.3,0,0,none,none
2026-02-04T05:27:56.080098,20.2,41.3,0,0,none,none
2026-02-04T05:27:58.334962,20.2,41.3,0,0,none,none
2026-02-04T05:28:00.589722,20.2,41.3,0,0,none,none
2026-02-04T05:28:02.844665,20.2,41.3,0,0,none,none
2026-02-04T05:28:05.099591,20.2,41.3,0,0,none,none
2026-02-04T05:28:07.354293,20.2,41.3,0,0,none,none
2026-02-04T05:28:09.609340,20.3,41.4,0,0,none,none
2026-02-04T05:28:11.864128,20.2,41.3,0,0,none,none
2026-02-04T05:28:14.118782,20.2,41.3,0,0,none,none
2026-02-04T05:28:16.373789,20.2,41.3,0,0,none,none
2026-02-04T05:28:18.628704,20.2,41.3,0,0,none,none
2026-02-04T05:28:20.883404,20.2,41.3,0,0,none,none
2026-02-04T05:28:23.138396,20.2,41.3,0,0,none,none
2026-02-04T05:28:25.393182,20.2,41.3,0,0,none,none
2026-02-04T05:28:27.647980,20.2,41.3,0,0,none,none
2026-02-04T05:28:29.902956,20.2,41.3,0,0,none,none
2026-02-04T05:28:32.157329,20.2,41.3,0,0,none,none
2026-02-04T05:28:34.411998,20.2,41.3,0,0,none,none
2026-02-04T05:28:36.666915,20.2,41.3,0,0,none,none
2026-02-04T05:28:38.921793,20.2,41.3,0,0,none,none
2026-02-04T05:28:41.176440,20.2,41.3,0,0,none,none
2026-02-04T05:28:43.431520,20.2,41.3,0,0,none,none
2026-02-04T05:28:45.686426,20.2,41.3,0,0,none,none
2026-02-04T05:28:47.941087,20.2,41.3,0,0,none,none
2026-02-04T05:28:50.195934,20.2,41.3,0,0,none,none
2026-02-04T05:28:52.450964,20.2,41.3,0,0,none,none
2026-02-04T05:28:54.705642,20.2,41.3,0,0,none,none
2026-02-04T05:28:56.960589,20.2,41.3,0,0,none,none
2026-02-04T05:28:59.215305,20.2,41.3,0,0,none,none
2026-02-04T05:29:01.470178,20.2,41.3,0,0,none,none
2026-02-04T05:29:03.725097,20.2,41.3,0,0,none,none
2026-02-04T05:29:05.979746,20.2,41.3,0,0,none,none
2026-02-04T05:29:08.234155,20.2,41.3,0,0,none,none
2026-02-04T05:29:10.489237,20.2,41.3,0,0,none,none
2026-02-04T05:29:12.744014,20.3,41.4,0,0,none,none
2026-02-04T05:29:14.998789,20.3,41.4,0,0,none,none
2026-02-04T05:29:17.253787,20.2,41.3,0,0,none,none
2026-02-04T05:29:19.508855,20.2,41.3,0,0,none,none
2026-02-04T05:29:21.763509,20.2,41.3,0,0,none,none
2026-02-04T05:29:24.018352,20.2,41.3,0,0,none,none
2026-02-04T05:29:26.273218,20.2,41.3,0,0,none,none
2026-02-04T05:29:28.528062,20.2,41.3,0,0,none,none
2026-02-04T05:29:30.782920,20.2,41.3,0,0,none,none
2026-02-04T05:29:33.037919,20.2,41.3,0,0,none,none
2026-02-04T05:29:35.292644,20.2,41.3,0,0,none,none
2026-02-04T05:29:37.547774,20.2,41.3,0,0,none,none
2026-02-04T05:29:39.802748,20.2,41.3,0,0,none,none
2026-02-04T05:29:42.057462,20.2,41.3,0,0,none,none
2026-02-04T05:29:44.312252,20.2,41.3,0,0,none,none
2026-02-04T05:29:46.567310,20.2,41.3,0,0,none,none
2026-02-04T05:29:48.821937,20.2,41.3,0,0,none,none
2026-02-04T05:29:51.076842,20.2,41.3,0,0,none,none
2026-02-04T05:29:53.331683,20.2,41.3,0,0,none,none
2026-02-04T05:29:55.586494,20.2,41.3,0,0,none,none
2026-02-04T05:29:57.841395,20.2,41.3,0,0,none,none
2026-02-04T05:30:00.096329,20.2,41.3,0,0,none,none
2026-02-04T05:30:02.350959,20.2,41.3,0,0,none,none
2026-02-04T05:30:04.606074,20.2,41.3,0,0,none,none
2026-02-04T05:30:06.861001,20.2,41.4,0,0,none,none
2026-02-04T05:30:09.115726,20.2,41.3,0,0,none,none
2026-02-04T05:30:11.370438,20.2,41.3,0,0,none,none
2026-02-04T05:30:13.625521,20.2,41.4,0,0,none,none
2026-02-04T05:30:15.880286,20.2,41.3,0,0,none,none
2026-02-04T05:30:18.135247,20.2,41.4,0,0,none,none
2026-02-04T05:30:20.390225,20.3,41.4,0,0,none,none
2026-02-04T05:30:22.645126,20.2,41.3,0,0,none,none
2026-02-04T05:30:24.900011,20.2,41.4,0,0,none,none
2026-02-04T05:30:27.154939,20.2,41.4,0,0,none,none
2026-02-04T05:30:29.409532,20.2,41.4,0,0,none,none
2026-02-04T05:30:31.664577,20.2,41.4,0,0,none,none
2026-02-04T05:30:33.919412,20.2,41.4,0,0,none,none
2026-02-04T05:30:36.173808,20.2,41.4,0,0,none,none
2026-02-04T05:30:38.428824,20.2,41.3,0,0,none,none
2026-02-04T05:30:40.683752,20.2,41.4,0,0,none,none
2026-02-04T05:30:42.938404,20.2,41.4,0,0,none,none
2026-02-04T05:30:45.193350,20.2,41.4,0,0,none,none
2026-02-04T05:30:47.448478,20.2,41.4,0,0,none,none
2026-02-04T05:30:49.703273,20.2,41.4,0,0,none,none
2026-02-04T05:30:51.958281,20.2,41.4,0,0,none,none
2026-02-04T05:30:54.213177,20.2,41.4,0,0,none,none
2026-02-04T05:30:56.467959,20.2,41.4,0,0,none,none
2026-02-04T05:30:58.722921,20.2,41.4,0,0,none,none
2026-02-04T05:31:00.977869,20.2,41.4,0,0,none,none
2026-02-04T05:31:03.232342,20.2,41.4,0,0,none,none
2026-02-04T05:31:05.487356,20.2,41.4,0,0,none,none
2026-02-04T05:31:07.742346,20.2,41.4,0,0,none,none
2026-02-04T05:31:09.997012,20.2,41.4,0,0,none,none
2026-02-04T05:31:12.251739,20.2,41.4,0,0,none,none
2026-02-04T05:31:14.506772,20.2,41.4,0,0,none,none
2026-02-04T05:31:16.761583,20.2,41.3,0,0,none,none
2026-02-04T05:31:19.016489,20.2,41.4,0,0,none,none
2026-02-04T05:31:21.273554,20.2,41.4,0,0,none,none
2026-02-04T05:31:23.528507,20.2,41.4,0,0,none,none
2026-02-04T05:31:25.783425,20.2,41.3,0,0,none,none
2026-02-04T05:31:28.038343,20.2,41.3,0,0,none,none
2026-02-04T05:31:30.293121,20.2,41.4,0,0,none,none
2026-02-04T05:31:32.548189,20.2,41.4,0,0,none,none
2026-02-04T05:31:34.803114,20.2,41.4,0,0,none,none
2026-02-04T05:31:37.057826,20.2,41.4,0,0,none,none
2026-02-04T05:31:39.312812,20.2,41.4,0,0,none,none
2026-02-04T05:31:41.567813,20.2,41.4,0,0,none,none
2026-02-04T05:31:43.822459,20.2,41.4,0,0,none,none
2026-02-04T05:31:46.077395,20.2,41.4,0,0,none,none
2026-02-04T05:31:48.332432,20.2,41.4,0,0,none,none
2026-02-04T05:31:50.587304,20.2,41.4,0,0,none,none
2026-02-04T05:31:52.842275,20.2,41.4,0,0,none,none
2026-02-04T05:31:55.097139,20.2,41.4,0,0,none,none
2026-02-04T05:31:57.351806,20.2,41.4,0,0,none,none
2026-02-04T05:31:59.606896,20.2,41.4,0,0,none,none
2026-02-04T05:32:01.861816,20.2,41.4,0,0,none,none
2026-02-04T05:32:04.116609,20.2,41.4,0,0,none,none
2026-02-04T05:32:06.371509,20.2,41.4,0,0,none,none
2026-02-04T05:32:08.626496,20.2,41.4,0,0,none,none
2026-02-04T05:32:10.881219,20.2,41.4,0,0,none,none
2026-02-04T05:32:13.136170,20.2,41.4,0,0,none,none
2026-02-04T05:32:15.391014,20.2,41.4,0,0,none,none
2026-02-04T05:32:17.645842,20.2,41.4,0,0,none,none
2026-02-04T05:32:19.900663,20.2,41.4,0,0,none,none
2026-02-04T05:32:22.155602,20.2,41.4,0,0,none,none
2026-02-04T05:32:24.410347,20.2,41.4,0,0,none,none
2026-02-04T05:32:26.665349,20.2,41.4,0,0,none,none
2026-02-04T05:32:28.920250,20.2,41.4,0,0,none,none
2026-02-04T05:32:31.174911,20.2,41.4,0,0,none,none
2026-02-04T05:32:33.429966,20.2,41.4,0,0,none,none
2026-02-04T05:32:35.684851,20.2,41.4,0,0,none,none
2026-02-04T05:32:37.939463,20.2,41.4,0,0,none,none
2026-02-04T05:32:40.194420,20.2,41.4,0,0,none,none
2026-02-04T05:32:42.449487,20.2,41.4,0,0,none,none
2026-02-04T05:32:44.704060,20.2,41.4,0,0,none,none
2026-02-04T05:32:46.959005,20.2,41.4,0,0,none,none
2026-02-04T05:32:49.213379,20.2,41.4,0,0,none,none
2026-02-04T05:32:51.468235,20.2,41.4,0,0,none,none
2026-02-04T05:32:53.723139,20.2,41.4,0,0,none,none
2026-02-04T05:32:55.977992,20.2,41.4,0,0,none,none
2026-02-04T05:32:58.232741,20.2,41.4,0,0,none,none
2026-02-04T05:33:00.487675,20.2,41.4,0,0,none,none
2026-02-04T05:33:02.742584,20.2,41.4,0,0,none,none
2026-02-04T05:33:04.997355,20.2,41.4,0,0,none,none
2026-02-04T05:33:07.252279,20.2,41.4,0,0,none,none
2026-02-04T05:33:09.507325,20.2,41.4,0,0,none,none
2026-02-04T05:33:11.762029,20.2,41.4,0,0,none,none
2026-02-04T05:33:14.017034,20.2,41.4,0,0,none,none
2026-02-04T05:33:16.271852,20.2,41.4,0,0,none,none
2026-02-04T05:33:18.526737,20.2,41.4,0,0,none,none
2026-02-04T05:33:20.781828,20.2,41.4,0,0,none,none
2026-02-04T05:33:23.036770,20.2,41.4,0,0,none,none
2026-02-04T05:33:25.291425,20.2,41.4,0,0,none,none
2026-02-04T05:33:27.546544,20.2,41.4,0,0,none,none
2026-02-04T05:33:29.801503,20.2,41.4,0,0,none,none
2026-02-04T05:33:32.056270,20.2,41.4,0,0,none,none
2026-02-04T05:33:34.311200,20.2,41.4,0,0,none,none
2026-02-04T05:33:36.566116,20.2,41.4,0,0,none,none
2026-02-04T05:33:38.820908,20.2,41.4,0,0,none,none
2026-02-04T05:33:41.075797,20.2,41.4,0,0,none,none
2026-02-04T05:33:43.330425,20.2,41.4,0,0,none,none
2026-02-04T05:33:45.585322,20.2,41.4,0,0,none,none
2026-02-04T05:33:47.840274,20.2,41.4,0,0,none,none
2026-02-04T05:33:50.094676,20.2,41.4,0,0,none,none
2026-02-04T05:33:52.349348,20.2,41.4,0,0,none,none
2026-02-04T05:33:54.604277,20.2,41.4,0,0,none,none
2026-02-04T05:33:56.859125,20.2,41.4,0,0,none,none
2026-02-04T05:33:59.113789,20.2,41.4,0,0,none,none
2026-02-04T05:34:01.368631,20.2,41.4,0,0,none,none
2026-02-04T05:34:03.623648,20.2,41.4,0,0,none,none
2026-02-04T05:34:05.878349,20.2,41.4,0,0,none,none
2026-02-04T05:34:08.133103,20.2,41.4,0,0,none,none
2026-02-04T05:34:10.387922,20.2,41.4,0,0,none,none
2026-02-04T05:34:12.642667,20.2,41.4,0,0,none,none
2026-02-04T05:34:14.897543,20.2,41.4,0,0,none,none
2026-02-04T05:34:17.152471,20.2,41.4,0,0,none,none
2026-02-04T05:34:19.407036,20.2,41.4,0,0,none,none
2026-02-04T05:34:21.662109,20.2,41.4,0,0,none,none
2026-02-04T05:34:23.916821,20.2,41.4,0,0,none,none
2026-02-04T05:34:26.171527,20.2,41.4,0,0,none,none
2026-02-04T05:34:28.427617,20.2,41.4,0,0,none,none
2026-02-04T05:34:30.682483,20.2,41.4,0,0,none,none
2026-02-04T05:34:32.937173,20.2,41.4,0,0,none,none
2026-02-04T05:34:35.192146,20.2,41.4,0,0,none,none
2026-02-04T05:34:37.447160,20.2,41.4,0,0,none,none
2026-02-04T05:34:39.701967,20.2,41.4,0,0,none,none
2026-02-04T05:34:41.956906,20.2,41.4,0,0,none,none
2026-02-04T05:34:44.211843,20.2,41.4,0,0,none,none
2026-02-04T05:34:46.466622,20.2,41.4,0,0,none,none
2026-02-04T05:34:48.721542,20.2,41.4,0,0,none,none
2026-02-04T05:34:50.976433,20.2,41.4,0,0,none,none
2026-02-04T05:34:53.231089,20.2,41.4,0,0,none,none
2026-02-04T05:34:55.486180,20.2,41.4,0,0,none,none
2026-02-04T05:34:57.741007,20.2,41.3,0,0,none,none
2026-02-04T05:34:59.995693,20.2,41.3,0,0,none,none
2026-02-04T05:35:02.250522,20.2,41.3,0,0,none,none
2026-02-04T05:35:04.505414,20.2,41.3,0,0,none,none
2026-02-04T05:35:06.760095,20.2,41.3,0,0,none,none
2026-02-04T05:35:09.014877,20.2,41.4,0,0,none,none
2026-02-04T05:35:11.269795,20.2,41.3,0,0,none,none
2026-02-04T05:35:13.524606,20.2,41.3,0,0,none,none
2026-02-04T05:35:15.779518,20.2,41.4,0,0,none,none
2026-02-04T05:35:18.034327,20.2,41.3,0,0,none,none
2026-02-04T05:35:20.289033,20.2,41.4,0,0,none,none
2026-02-04T05:35:22.544009,20.2,41.3,0,0,none,none
2026-02-04T05:35:24.798831,20.2,41.4,0,0,none,none
2026-02-04T05:35:27.053488,20.2,41.3,0,0,none,none
2026-02-04T05:35:29.308397,20.2,41.4,0,0,none,none
2026-02-04T05:35:31.563209,20.2,41.4,0,0,none,none
2026-02-04T05:35:33.817976,20.2,41.4,0,0,none,none
2026-02-04T05:35:36.072834,20.2,41.4,0,0,none,none
2026-02-04T05:35:38.327674,20.2,41.3,0,0,none,none
2026-02-04T05:35:40.582414,20.2,41.3,0,0,none,none
2026-02-04T05:35:42.837297,20.2,41.3,0,0,none,none
2026-02-04T05:35:45.092142,20.2,41.4,0,0,none,none
2026-02-04T05:35:47.346792,20.2,41.3,0,0,none,none
2026-02-04T05:35:49.601897,20.2,41.3,0,0,none,none
2026-02-04T05:35:51.856758,20.2,41.3,0,0,none,none
2026-02-04T05:35:54.111168,20.2,41.3,0,0,none,none
2026-02-04T05:35:56.366168,20.2,41.4,0,0,none,none
2026-02-04T05:35:58.620774,20.2,41.4,0,0,none,none
2026-02-04T05:36:00.875504,20.2,41.4,0,0,none,none
2026-02-04T05:36:03.130337,20.2,41.3,0,0,none,none
2026-02-04T05:36:05.385156,20.2,41.4,0,0,none,none
2026-02-04T05:36:07.639897,20.2,41.4,0,0,none,none
2026-02-04T05:36:09.894747,20.2,41.3,0,0,none,none
2026-02-04T05:36:12.149595,20.2,41.4,0,0,none,none
2026-02-04T05:36:14.404272,20.2,41.4,0,0,none,none
2026-02-04T05:36:16.659288,20.2,41.4,0,0,none,none
2026-02-04T05:36:18.914127,20.2,41.3,0,0,none,none
2026-02-04T05:36:21.168844,20.2,41.3,0,0,none,none
2026-02-04T05:36:23.424826,20.2,41.3,0,0,none,none
2026-02-04T05:36:25.679737,20.2,41.3,0,0,none,none
2026-02-04T05:36:27.934430,20.2,41.3,0,0,none,none
2026-02-04T05:36:30.189286,20.2,41.3,0,0,none,none
2026-02-04T05:36:32.444249,20.2,41.3,0,0,none,none
2026-02-04T05:36:34.698639,20.2,41.3,0,0,none,none
2026-02-04T05:36:36.953570,20.2,41.3,0,0,none,none
2026-02-04T05:36:39.208334,20.2,41.3,0,0,none,none
2026-02-04T05:36:41.463162,20.2,41.4,0,0,none,none
2026-02-04T05:36:43.718189,20.2,41.4,0,0,none,none
2026-02-04T05:36:45.973076,20.2,41.4,0,0,none,none
2026-02-04T05:36:48.227756,20.2,41.3,0,0,none,none
2026-02-04T05:36:50.482538,20.2,41.4,0,0,none,none
2026-02-04T05:36:52.737354,20.2,41.3,0,0,none,none
2026-02-04T05:36:54.992029,20.2,41.4,0,0,none,none
2026-02-04T05:36:57.246876,20.2,41.4,0,0,none,none
2026-02-04T05:36:59.501990,20.2,41.4,0,0,none,none
2026-02-04T05:37:01.756691,20.2,41.4,0,0,none,none
2026-02-04T05:37:04.011528,20.2,41.4,0,0,none,none
2026-02-04T05:37:06.266377,20.2,41.4,0,0,none,none
2026-02-04T05:37:08.521194,20.2,41.4,0,0,none,none
2026-02-04T05:37:10.776017,20.2,41.4,0,0,none,none
2026-02-04T05:37:13.030855,20.2,41.4,0,0,none,none
2026-02-04T05:37:15.285430,20.2,41.4,0,0,none,none
2026-02-04T05:37:17.540388,20.2,41.4,0,0,none,none
2026-02-04T05:37:19.795101,20.2,41.4,0,0,none,none
2026-02-04T05:37:22.049809,20.2,41.4,0,0,none,none
2026-02-04T05:37:24.304738,20.2,41.4,0,0,none,none
2026-02-04T05:37:26.559713,20.2,41.4,0,0,none,none
2026-02-04T05:37:28.814364,20.2,41.4,0,0,none,none
2026-02-04T05:37:31.069276,20.2,41.3,0,0,none,none
2026-02-04T05:37:33.324210,20.2,41.4,0,0,none,none
2026-02-04T05:37:35.579093,20.2,41.4,0,0,none,none
2026-02-04T05:37:37.834112,20.2,41.4,0,0,none,none
2026-02-04T05:37:40.088943,20.2,41.3,0,0,none,none
2026-02-04T05:37:42.343678,20.2,41.3,0,0,none,none
2026-02-04T05:37:44.598739,20.2,41.4,0,0,none,none
2026-02-04T05:37:46.853567,20.2,41.3,0,0,none,none
2026-02-04T05:37:49.108269,20.2,41.3,0,0,none,none
2026-02-04T05:37:51.363141,20.2,41.4,0,0,none,none
2026-02-04T05:37:53.618128,20.2,41.4,0,0,none,none
2026-02-04T05:37:55.872552,20.2,41.4,0,0,none,none
2026-02-04T05:37:58.127315,20.2,41.4,0,0,none,none
2026-02-04T05:38:00.382187,20.2,41.4,0,0,none,none
2026-02-04T05:38:02.636992,20.2,41.4,0,0,none,none
2026-02-04T05:38:04.891850,20.2,41.4,0,0,none,none
2026-02-04T05:38:07.146637,20.2,41.4,0,0,none,none
2026-02-04T05:38:09.401316,20.2,41.4,0,0,none,none
2026-02-04T05:38:11.656284,20.2,41.4,0,0,none,none
2026-02-04T05:38:13.911145,20.2,41.4,0,0,none,none
2026-02-04T05:38:16.165891,20.2,41.3,0,0,none,none
2026-02-04T05:38:18.420770,20.2,41.4,0,0,none,none
2026-02-04T05:38:20.675680,20.2,41.4,0,0,none,none
2026-02-04T05:38:22.930189,20.2,41.3,0,0,none,none
2026-02-04T05:38:25.185109,20.2,41.3,0,0,none,none
2026-02-04T05:38:27.440038,20.2,41.4,0,0,none,none
2026-02-04T05:38:29.694217,20.2,41.4,0,0,none,none
2026-02-04T05:38:31.949131,20.2,41.4,0,0,none,none
2026-02-04T05:38:34.205479,20.2,41.4,0,0,none,none
2026-02-04T05:38:36.460300,20.2,41.3,0,0,none,none
2026-02-04T05:38:38.715029,20.2,41.3,0,0,none,none
2026-02-04T05:38:40.971241,20.2,41.3,0,0,none,none
2026-02-04T05:38:43.225947,20.2,41.4,0,0,none,none
2026-02-04T05:38:45.480941,20.2,41.4,0,0,none,none
2026-02-04T05:38:47.735827,20.2,41.3,0,0,none,none
2026-02-04T05:38:49.990527,20.2,41.3,0,0,none,none
2026-02-04T05:38:52.245315,20.2,41.3,0,0,none,none
2026-02-04T05:38:54.500297,20.2,41.3,0,0,none,none
2026-02-04T05:38:56.754928,20.2,41.3,0,0,none,none
2026-02-04T05:38:59.009916,20.2,41.3,0,0,none,none
2026-02-04T05:39:01.264742,20.2,41.3,0,0,none,none
2026-02-04T05:39:03.519499,20.2,41.3,0,0,none,none
2026-02-04T05:39:05.774312,20.2,41.3,0,0,none,none
2026-02-04T05:39:08.029143,20.3,41.4,0,0,none,none
2026-02-04T05:39:10.283778,20.2,41.3,0,0,none,none
2026-02-04T05:39:12.538797,20.2,41.3,0,0,none,none
2026-02-04T05:39:14.793635,20.2,41.3,0,0,none,none
2026-02-04T05:39:17.048336,20.2,41.3,0,0,none,none
2026-02-04T05:39:19.302855,20.2,41.3,0,0,none,none
2026-02-04T05:39:21.557858,20.2,41.3,0,0,none,none
2026-02-04T05:39:23.812507,20.2,41.3,0,0,none,none
2026-02-04T05:39:26.067361,20.3,41.4,0,0,none,none
2026-02-04T05:39:28.322115,20.2,41.3,0,0,none,none
2026-02-04T05:39:30.576904,20.2,41.3,0,0,none,none
2026-02-04T05:39:32.831706,20.2,41.3,0,0,none,none
2026-02-04T05:39:35.086538,20.2,41.3,0,0,none,none
2026-02-04T05:39:37.341230,20.2,41.3,0,0,none,none
2026-02-04T05:39:39.596255,20.2,41.4,0,0,none,none
2026-02-04T05:39:41.851123,20.2,41.4,0,0,none,none
2026-02-04T05:39:44.105928,20.2,41.4,0,0,none,none
2026-02-04T05:39:46.360804,20.2,41.3,0,0,none,none
2026-02-04T05:39:48.615762,20.2,41.3,0,0,none,none
2026-02-04T05:39:50.870194,20.2,41.3,0,0,none,none
2026-02-04T05:39:53.125165,20.2,41.3,0,0,none,none
2026-02-04T05:39:55.380081,20.2,41.3,0,0,none,none
2026-02-04T05:39:57.634770,20.2,41.3,0,0,none,none
2026-02-04T05:39:59.889650,20.2,41.3,0,0,none,none
2026-02-04T05:40:02.144543,20.2,41.3,0,0,none,none
2026-02-04T05:40:04.399350,20.2,41.3,0,0,none,none
2026-02-04T05:40:06.654374,20.2,41.3,0,0,none,none
2026-02-04T05:40:08.909199,20.2,41.3,0,0,none,none
2026-02-04T05:40:11.163911,20.2,41.3,0,0,none,none
2026-02-04T05:40:13.418733,20.2,41.3,0,0,none,none
2026-02-04T05:40:15.673717,20.2,41.3,0,0,none,none
2026-02-04T05:40:17.928367,20.2,41.3,0,0,none,none
2026-02-04T05:40:20.183204,20.2,41.3,0,0,none,none
2026-02-04T05:40:22.438155,20.2,41.3,0,0,none,none
2026-02-04T05:40:24.692864,20.2,41.3,0,0,none,none
2026-02-04T05:40:26.947711,20.2,41.3,0,0,none,none
2026-02-04T05:40:29.202626,20.2,41.3,0,0,none,none
2026-02-04T05:40:31.457396,20.2,41.3,0,0,none,none
2026-02-04T05:40:33.712106,20.2,41.3,0,0,none,none
2026-02-04T05:40:35.968705,20.2,41.3,0,0,none,none
2026-02-04T05:40:38.223338,20.2,41.3,0,0,none,none
2026-02-04T05:40:40.478369,20.2,41.3,0,0,none,none
2026-02-04T05:40:42.733149,20.2,41.3,0,0,none,none
2026-02-04T05:40:44.987824,20.2,41.3,0,0,none,none
2026-02-04T05:40:47.242656,20.2,41.3,0,0,none,none
2026-02-04T05:40:49.497139,20.2,41.3,0,0,none,none
2026-02-04T05:40:51.751618,20.2,41.3,0,0,none,none
2026-02-04T05:40:54.006412,20.2,41.3,0,0,none,none
2026-02-04T05:40:56.261202,20.2,41.3,0,0,none,none
2026-02-04T05:40:58.515972,20.2,41.3,0,0,none,none
2026-02-04T05:41:00.770528,20.2,41.3,0,0,none,none
2026-02-04T05:41:03.025356,20.2,41.3,0,0,none,none
2026-02-04T05:41:05.279712,20.2,41.3,0,0,none,none
2026-02-04T05:41:07.534666,20.2,41.3,0,0,none,none
2026-02-04T05:41:09.789497,20.2,41.3,0,0,none,none
2026-02-04T05:41:12.044142,20.2,41.3,0,0,none,none
2026-02-04T05:41:14.298708,20.2,41.3,0,0,none,none
2026-02-04T05:41:16.553639,20.2,41.3,0,0,none,none
2026-02-04T05:41:18.808340,20.2,41.3,0,0,none,none
2026-02-04T05:41:21.063175,20.2,41.3,0,0,none,none
2026-02-04T05:41:23.318068,20.2,41.3,0,0,none,none
2026-02-04T05:41:25.572728,20.2,41.3,0,0,none,none
2026-02-04T05:41:27.827461,20.3,41.3,0,0,none,none
2026-02-04T05:41:30.082274,20.2,41.3,0,0,none,none
2026-02-04T05:41:32.336926,20.2,41.3,0,0,none,none
2026-02-04T05:41:34.591930,20.2,41.3,0,0,none,none
2026-02-04T05:41:36.846643,20.2,41.3,0,0,none,none
2026-02-04T05:41:39.100939,20.2,41.3,0,0,none,none
2026-02-04T05:41:41.355839,20.2,41.3,0,0,none,none
2026-02-04T05:41:43.610686,20.2,41.3,0,0,none,none
2026-02-04T05:41:45.865395,20.2,41.3,0,0,none,none
2026-02-04T05:41:48.120264,20.2,41.3,0,0,none,none
2026-02-04T05:41:50.375104,20.2,41.3,0,0,none,none
2026-02-04T05:41:52.629902,20.2,41.3,0,0,none,none
2026-02-04T05:41:54.884686,20.2,41.3,0,0,none,none
2026-02-04T05:41:57.139627,20.2,41.3,0,0,none,none
2026-02-04T05:41:59.394187,20.2,41.3,0,0,none,none
2026-02-04T05:42:01.649178,20.2,41.3,0,0,none,none
2026-02-04T05:42:03.903744,20.2,41.3,0,0,none,none
2026-02-04T05:42:06.158503,20.2,41.3,0,0,none,none
2026-02-04T05:42:08.413381,20.2,41.3,0,0,none,none
2026-02-04T05:42:10.669610,20.2,41.3,0,0,none,none
2026-02-04T05:42:12.923899,20.2,41.3,0,0,none,none
2026-02-04T05:42:15.178697,20.2,41.3,0,0,none,none
2026-02-04T05:42:17.433695,20.2,41.3,0,0,none,none
2026-02-04T05:42:19.688505,20.2,41.3,0,0,none,none
2026-02-04T05:42:21.943316,20.2,41.3,0,0,none,none
2026-02-04T05:42:24.198263,20.2,41.3,0,0,none,none
2026-02-04T05:42:26.453055,20.2,41.3,0,0,none,none
2026-02-04T05:42:28.707780,20.2,41.3,0,0,none,none
2026-02-04T05:42:30.962553,20.2,41.3,0,0,none,none
2026-02-04T05:42:33.217244,20.2,41.3,0,0,none,none
2026-02-04T05:42:35.472214,20.2,41.3,0,0,none,none
2026-02-04T05:42:37.727093,20.2,41.3,0,0,none,none
2026-02-04T05:42:39.981667,20.2,41.3,0,0,none,none
2026-02-04T05:42:42.236613,20.2,41.3,0,0,none,none
2026-02-04T05:42:44.491235,20.2,41.3,0,0,none,none
2026-02-04T05:42:46.745988,,,0,0,none,none
2026-02-04T05:42:49.000998,20.2,41.3,0,0,none,none
2026-02-04T05:42:51.255909,20.2,41.3,0,0,none,none
2026-02-04T05:42:53.510669,20.2,41.3,0,0,none,none
2026-02-04T05:42:55.765621,20.2,41.3,0,0,none,none
2026-02-04T05:42:58.020446,20.2,41.3,0,0,none,none
2026-02-04T05:43:00.274982,20.2,41.3,0,0,none,none
2026-02-04T05:43:02.530020,20.2,41.3,0,0,none,none
2026-02-04T05:43:04.784901,20.2,41.3,0,0,none,none
2026-02-04T05:43:07.039442,20.2,41.3,0,0,none,none
2026-02-04T05:43:09.294293,20.2,41.3,0,0,none,none
2026-02-04T05:43:11.549215,20.2,41.3,0,0,none,none
2026-02-04T05:43:13.803852,20.2,41.3,0,0,none,none
2026-02-04T05:43:16.058634,20.2,41.3,0,0,none,none
2026-02-04T05:43:18.313495,20.2,41.3,0,0,none,none
2026-02-04T05:43:20.568203,20.2,41.3,0,0,none,none
2026-02-04T05:43:22.823058,20.2,41.3,0,0,none,none
2026-02-04T05:43:25.077931,20.2,41.3,0,0,none,none
2026-02-04T05:43:27.332741,20.2,41.3,0,0,none,none
2026-02-04T05:43:29.587814,20.2,41.3,0,0,none,none
2026-02-04T05:43:31.842715,20.2,41.3,0,0,none,none
2026-02-04T05:43:34.097401,20.2,41.3,0,0,none,none
2026-02-04T05:43:36.352264,20.2,41.3,0,0,none,none
2026-02-04T05:43:38.607203,20.2,41.3,0,0,none,none
2026-02-04T05:43:40.861899,20.2,41.3,0,0,none,none
2026-02-04T05:43:43.116731,20.2,41.3,0,0,none,none
2026-02-04T05:43:45.371557,20.2,41.3,0,0,none,none
2026-02-04T05:43:47.626354,20.2,41.3,0,0,none,none
2026-02-04T05:43:49.881251,20.2,41.3,0,0,none,none
2026-02-04T05:43:52.136059,20.2,41.3,0,0,none,none
2026-02-04T05:43:54.390686,20.2,41.3,0,0,none,none
2026-02-04T05:43:56.645628,20.2,41.3,0,0,none,none
2026-02-04T05:43:58.900514,20.2,41.3,0,0,none,none
2026-02-04T05:44:01.155198,20.2,41.3,0,0,none,none
2026-02-04T05:44:03.410081,20.2,41.3,0,0,none,none
2026-02-04T05:44:05.664537,20.2,41.3,0,0,none,none
2026-02-04T05:44:07.919245,20.2,41.3,0,0,none,none
2026-02-04T05:44:10.173631,20.2,41.3,0,0,none,none
2026-02-04T05:44:12.428709,20.2,41.3,0,0,none,none
2026-02-04T05:44:14.683260,20.2,41.3,0,0,none,none
2026-02-04T05:44:16.938178,20.2,41.3,0,0,none,none
2026-02-04T05:44:19.193019,20.2,41.3,0,0,none,none
2026-02-04T05:44:21.447797,20.2,41.3,0,0,none,none
2026-02-04T05:44:23.702634,20.2,41.3,0,0,none,none
2026-02-04T05:44:25.957486,20.2,41.3,0,0,none,none
2026-02-04T05:44:28.212119,20.2,41.3,0,0,none,none
2026-02-04T05:44:30.467110,20.2,41.3,0,0,none,none
2026-02-04T05:44:32.722075,20.2,41.3,0,0,none,none
2026-02-04T05:44:34.976738,20.2,41.3,0,0,none,none
2026-02-04T05:44:37.231621,20.2,41.3,0,0,none,none
2026-02-04T05:44:39.486586,20.2,41.3,0,0,none,none
2026-02-04T05:44:41.741339,20.2,41.3,0,0,none,none
2026-02-04T05:44:43.996205,20.2,41.3,0,0,none,none
2026-02-04T05:44:46.251057,20.2,41.3,0,0,none,none
2026-02-04T05:44:48.505878,20.2,41.3,0,0,none,none
2026-02-04T05:44:50.760804,20.2,41.3,0,0,none,none
2026-02-04T05:44:53.017786,20.2,41.3,0,0,none,none
2026-02-04T05:44:55.272465,20.2,41.3,0,0,none,none
2026-02-04T05:44:57.527371,20.2,41.3,0,0,none,none
2026-02-04T05:44:59.782034,20.2,41.3,0,0,none,none
2026-02-04T05:45:02.036725,20.2,41.3,0,0,none,none
2026-02-04T05:45:04.291542,20.2,41.3,0,0,none,none
2026-02-04T05:45:06.546458,20.2,41.3,0,0,none,none
2026-02-04T05:45:08.801140,20.2,41.3,0,0,none,none
2026-02-04T05:45:11.056017,20.2,41.3,0,0,none,none
2026-02-04T05:45:13.310879,20.2,41.3,0,0,none,none
2026-02-04T05:45:15.565723,20.2,41.3,0,0,none,none
2026-02-04T05:45:17.820599,20.2,41.3,0,0,none,none
2026-02-04T05:45:20.075426,20.2,41.3,0,0,none,none
2026-02-04T05:45:22.330020,20.2,41.3,0,0,none,none
2026-02-04T05:45:24.585036,20.2,41.3,0,0,none,none
2026-02-04T05:45:26.839825,20.2,41.3,0,0,none,none
2026-02-04T05:45:29.094443,20.2,41.3,0,0,none,none
2026-02-04T05:45:31.349325,20.2,41.3,0,0,none,none
2026-02-04T05:45:33.604190,20.2,41.3,0,0,none,none
2026-02-04T05:45:35.858817,20.2,41.3,0,0,none,none
2026-02-04T05:45:38.113681,20.2,41.3,0,0,none,none
2026-02-04T05:45:40.368601,20.2,41.3,0,0,none,none
2026-02-04T05:45:42.623196,20.2,41.3,0,0,none,none
2026-02-04T05:45:44.878103,20.2,41.3,0,0,none,none
2026-02-04T05:45:47.132831,20.2,41.3,0,0,none,none
2026-02-04T05:45:49.387444,20.2,41.3,0,0,none,none
2026-02-04T05:45:51.642438,20.2,41.3,0,0,none,none
2026-02-04T05:45:53.897340,20.2,41.3,0,0,none,none
2026-02-04T05:45:56.151834,20.2,41.3,0,0,none,none
2026-02-04T05:45:58.406636,20.2,41.3,0,0,none,none
2026-02-04T05:46:00.661389,20.2,41.3,0,0,none,none
2026-02-04T05:46:02.916044,20.2,41.3,0,0,none,none
2026-02-04T05:46:05.170939,20.2,41.3,0,0,none,none
2026-02-04T05:46:07.426744,20.2,41.4,0,0,none,none
2026-02-04T05:46:09.762374,20.2,41.4,0,0,none,none
2026-02-04T05:46:12.098144,20.2,41.3,0,0,none,none
2026-02-04T05:46:14.434200,20.2,41.3,0,0,none,none
2026-02-04T05:46:16.736203,20.2,41.3,0,0,none,none
2026-02-04T05:46:18.991063,20.2,41.3,0,0,none,none
2026-02-04T05:46:21.245415,20.2,41.4,0,0,none,none
2026-02-04T05:46:23.500302,20.2,41.4,0,0,none,none
2026-02-04T05:46:25.755194,20.2,41.4,0,0,none,none
2026-02-04T05:46:28.010060,20.2,41.4,0,0,none,none
2026-02-04T05:46:30.264660,20.2,41.3,0,0,none,none
2026-02-04T05:46:32.519620,20.2,41.3,0,0,none,none
2026-02-04T05:46:34.774495,20.2,41.3,0,0,none,none
2026-02-04T05:46:37.029156,20.2,41.3,0,0,none,none
2026-02-04T05:46:39.284051,20.2,41.3,0,0,none,none
2026-02-04T05:46:41.538996,20.2,41.3,0,0,none,none
2026-02-04T05:46:43.793717,20.2,41.3,0,0,none,none
2026-02-04T05:46:46.048445,20.2,41.3,0,0,none,none
2026-02-04T05:46:48.303250,20.2,41.3,0,0,none,none
2026-02-04T05:46:50.558218,20.2,41.3,0,0,none,none
2026-02-04T05:46:52.813143,20.2,41.3,0,0,none,none
2026-02-04T05:46:55.067791,20.2,41.4,0,0,none,none
2026-02-04T05:46:57.322462,20.2,41.3,0,0,none,none
2026-02-04T05:46:59.577494,20.2,41.4,0,0,none,none
2026-02-04T05:47:01.832417,20.2,41.3,0,0,none,none
2026-02-04T05:47:04.087041,20.2,41.4,0,0,none,none
2026-02-04T05:47:06.342002,20.2,41.3,0,0,none,none
2026-02-04T05:47:08.596974,20.2,41.4,0,0,none,none
2026-02-04T05:47:10.851593,20.2,41.4,0,0,none,none
2026-02-04T05:47:13.106443,20.2,41.4,0,0,none,none
2026-02-04T05:47:15.361340,20.2,41.4,0,0,none,none
2026-02-04T05:47:17.616085,20.2,41.4,0,0,none,none
2026-02-04T05:47:19.870908,20.2,41.4,0,0,none,none
2026-02-04T05:47:22.125855,20.2,41.4,0,0,none,none
2026-02-04T05:47:24.380531,20.2,41.3,0,0,none,none
2026-02-04T05:47:26.635520,20.2,41.4,0,0,none,none
2026-02-04T05:47:28.890367,20.2,41.4,0,0,none,none
2026-02-04T05:47:31.145063,20.2,41.4,0,0,none,none
2026-02-04T05:47:33.399921,20.2,41.4,0,0,none,none
2026-02-04T05:47:35.654829,20.2,41.3,0,0,none,none
2026-02-04T05:47:37.909531,20.2,41.3,0,0,none,none
2026-02-04T05:47:40.164471,20.2,41.4,0,0,none,none
2026-02-04T05:47:42.419285,20.2,41.4,0,0,none,none
2026-02-04T05:47:44.674111,20.2,41.4,0,0,none,none
2026-02-04T05:47:46.929014,20.2,41.3,0,0,none,none
2026-02-04T05:47:49.183865,20.2,41.4,0,0,none,none
2026-02-04T05:47:51.438664,20.2,41.4,0,0,none,none
2026-02-04T05:47:53.693590,20.2,41.4,0,0,none,none
2026-02-04T05:47:55.948568,20.2,41.4,0,0,none,none
2026-02-04T05:47:58.203076,20.2,41.4,0,0,none,none
2026-02-04T05:48:00.458052,20.2,41.4,0,0,none,none
2026-02-04T05:48:02.712872,20.2,41.4,0,0,none,none
2026-02-04T05:48:04.967656,20.2,41.4,0,0,none,none
2026-02-04T05:48:07.222508,20.2,41.4,0,0,none,none
2026-02-04T05:48:09.477435,20.2,41.4,0,0,none,none
2026-02-04T05:48:11.731934,20.2,41.4,0,0,none,none
2026-02-04T05:48:13.986720,20.2,41.4,0,0,none,none
2026-02-04T05:48:16.241638,20.2,41.5,0,0,none,none
2026-02-04T05:48:18.496166,20.2,41.4,0,0,none,none
2026-02-04T05:48:20.750957,20.2,41.4,0,0,none,none
2026-02-04T05:48:23.005878,20.2,41.4,0,0,none,none
2026-02-04T05:48:25.260526,20.2,41.4,0,0,none,none
2026-02-04T05:48:27.515432,20.2,41.4,0,0,none,none
2026-02-04T05:48:29.770261,20.2,41.4,0,0,none,none
2026-02-04T05:48:32.025033,20.2,41.4,0,0,none,none
2026-02-04T05:48:34.279786,20.2,41.4,0,0,none,none
2026-02-04T05:48:36.534724,20.2,41.4,0,0,none,none
2026-02-04T05:48:38.789327,20.2,41.4,0,0,none,none
2026-02-04T05:48:41.044284,20.2,41.4,0,0,none,none
2026-02-04T05:48:43.299092,20.2,41.4,0,0,none,none
2026-02-04T05:48:45.553913,20.2,41.4,0,0,none,none
2026-02-04T05:48:47.808754,20.2,41.4,0,0,none,none
2026-02-04T05:48:50.063617,20.2,41.4,0,0,none,none
2026-02-04T05:48:52.318068,20.2,41.4,0,0,none,none
2026-02-04T05:48:54.573002,20.2,41.4,0,0,none,none
2026-02-04T05:48:56.827828,20.2,41.4,0,0,none,none
2026-02-04T05:48:59.082430,20.2,41.4,0,0,none,none
2026-02-04T05:49:01.337240,20.2,41.4,0,0,none,none
2026-02-04T05:49:03.592208,20.2,41.4,0,0,none,none
2026-02-04T05:49:05.846846,20.2,41.4,0,0,none,none
2026-02-04T05:49:08.101505,20.2,41.4,0,0,none,none
2026-02-04T05:49:10.356356,20.2,41.4,0,0,none,none
2026-02-04T05:49:12.611088,20.2,41.3,0,0,none,none
2026-02-04T05:49:14.865917,20.2,41.4,0,0,none,none
2026-02-04T05:49:17.120828,20.2,41.4,0,0,none,none
2026-02-04T05:49:19.375384,20.2,41.4,0,0,none,none
2026-02-04T05:49:21.630394,20.2,41.3,0,0,none,none
2026-02-04T05:49:23.885364,20.2,41.4,0,0,none,none
2026-02-04T05:49:26.139869,20.2,41.3,0,0,none,none
2026-02-04T05:49:28.394692,20.2,41.4,0,0,none,none
2026-02-04T05:49:30.649595,20.2,41.3,0,0,none,none
2026-02-04T05:49:32.904319,20.2,41.3,0,0,none,none
2026-02-04T05:49:35.159066,20.2,41.3,0,0,none,none
2026-02-04T05:49:37.413881,20.2,41.4,0,0,none,none
2026-02-04T05:49:39.668637,20.2,41.3,0,0,none,none
2026-02-04T05:49:41.923532,20.2,41.3,0,0,none,none
2026-02-04T05:49:44.178143,20.2,41.3,0,0,none,none
2026-02-04T05:49:46.432936,20.2,41.3,0,0,none,none
2026-02-04T05:49:48.687788,20.2,41.3,0,0,none,none
2026-02-04T05:49:50.942574,20.2,41.3,0,0,none,none
2026-02-04T05:49:53.197260,20.2,41.3,0,0,none,none
2026-02-04T05:49:55.452311,20.2,41.3,0,0,none,none
2026-02-04T05:49:57.707154,20.2,41.3,0,0,none,none
2026-02-04T05:49:59.961907,20.2,41.3,0,0,none,none
2026-02-04T05:50:02.216880,20.2,41.3,0,0,none,none
2026-02-04T05:50:04.471833,20.2,41.3,0,0,none,none
2026-02-04T05:50:06.726390,20.2,41.3,0,0,none,none
2026-02-04T05:50:08.981308,20.2,41.3,0,0,none,none
2026-02-04T05:50:11.236148,20.2,41.3,0,0,none,none
2026-02-04T05:50:13.490457,20.2,41.3,0,0,none,none
2026-02-04T05:50:15.745158,20.2,41.3,0,0,none,none
2026-02-04T05:50:17.999980,20.2,41.3,0,0,none,none
2026-02-04T05:50:20.254595,20.2,41.3,0,0,none,none
2026-02-04T05:50:22.509558,20.2,41.3,0,0,none,none
2026-02-04T05:50:24.766522,20.2,41.3,0,0,none,none
2026-02-04T05:50:27.021233,20.2,41.3,0,0,none,none
2026-02-04T05:50:29.276113,20.2,41.3,0,0,none,none
2026-02-04T05:50:31.531029,20.2,41.3,0,0,none,none
2026-02-04T05:50:33.785690,20.2,41.3,0,0,none,none
2026-02-04T05:50:36.040535,20.2,41.3,0,0,none,none
2026-02-04T05:50:38.295426,20.2,41.3,0,0,none,none
2026-02-04T05:50:40.550157,20.2,41.3,0,0,none,none
2026-02-04T05:50:42.804954,20.2,41.3,0,0,none,none
2026-02-04T05:50:45.059768,20.2,41.3,0,0,none,none
2026-02-04T05:50:47.314412,20.2,41.3,0,0,none,none
2026-02-04T05:50:49.569400,20.2,41.3,0,0,none,none
2026-02-04T05:50:51.824205,20.2,41.3,0,0,none,none
2026-02-04T05:50:54.078862,20.2,41.3,0,0,none,none
2026-02-04T05:50:56.333855,20.2,41.3,0,0,none,none
2026-02-04T05:50:58.588946,20.2,41.3,0,0,none,none
2026-02-04T05:51:00.843499,20.2,41.3,0,0,none,none
2026-02-04T05:51:03.098344,20.2,41.3,0,0,none,none
2026-02-04T05:51:05.353201,20.2,41.3,0,0,none,none
2026-02-04T05:51:07.608044,20.2,41.3,0,0,none,none
2026-02-04T05:51:09.862811,20.2,41.3,0,0,none,none
2026-02-04T05:51:12.117754,20.2,41.3,0,0,none,none
2026-02-04T05:51:14.372405,20.2,41.3,0,0,none,none
2026-02-04T05:51:16.627380,20.2,41.3,0,0,none,none
2026-02-04T05:51:18.882030,20.2,41.3,0,0,none,none
2026-02-04T05:51:21.136710,20.2,41.3,0,0,none,none
2026-02-04T05:51:23.391514,20.2,41.3,0,0,none,none
2026-02-04T05:51:25.646371,20.2,41.3,0,0,none,none
2026-02-04T05:51:27.900578,20.2,41.3,0,0,none,none
2026-02-04T05:51:30.155429,20.2,41.3,0,0,none,none
2026-02-04T05:51:32.410358,20.2,41.3,0,0,none,none
2026-02-04T05:51:34.665132,20.2,41.3,0,0,none,none
2026-02-04T05:51:36.919998,20.2,41.3,0,0,none,none
2026-02-04T05:51:39.174799,20.2,41.3,0,0,none,none
2026-02-04T05:51:41.429663,20.2,41.3,0,0,none,none
2026-02-04T05:51:43.684670,20.2,41.3,0,0,none,none
2026-02-04T05:51:45.939240,20.2,41.3,0,0,none,none
2026-02-04T05:51:48.193925,20.2,41.3,0,0,none,none
2026-02-04T05:51:50.448847,20.2,41.3,0,0,none,none
2026-02-04T05:51:52.703697,20.2,41.3,0,0,none,none
2026-02-04T05:51:54.958190,20.2,41.3,0,0,none,none
2026-02-04T05:51:57.213084,20.2,41.3,0,0,none,none
2026-02-04T05:51:59.469598,20.2,41.3,0,0,none,none
2026-02-04T05:52:01.724332,20.2,41.3,0,0,none,none
2026-02-04T05:52:03.979056,20.2,41.3,0,0,none,none
2026-02-04T05:52:06.233997,20.2,41.3,0,0,none,none
2026-02-04T05:52:08.488644,20.2,41.3,0,0,none,none
2026-02-04T05:52:10.743531,20.2,41.3,0,0,none,none
2026-02-04T05:52:12.998256,20.2,41.3,0,0,none,none
2026-02-04T05:52:15.252986,20.2,41.3,0,0,none,none
2026-02-04T05:52:17.507646,20.2,41.3,0,0,none,none
2026-02-04T05:52:19.762542,20.2,41.3,0,0,none,none
2026-02-04T05:52:22.017197,20.2,41.3,0,0,none,none
2026-02-04T05:52:24.272112,20.2,41.3,0,0,none,none
2026-02-04T05:52:26.527113,20.2,41.3,0,0,none,none
2026-02-04T05:52:28.781817,20.2,41.3,0,0,none,none
2026-02-04T05:52:31.036708,20.2,41.3,0,0,none,none
2026-02-04T05:52:33.291469,20.2,41.3,0,0,none,none
2026-02-04T05:52:35.546259,20.2,41.3,0,0,none,none
2026-02-04T05:52:37.800996,20.2,41.3,0,0,none,none
2026-02-04T05:52:40.055810,20.2,41.3,0,0,none,none
2026-02-04T05:52:42.310496,20.2,41.3,0,0,none,none
2026-02-04T05:52:44.565478,20.2,41.3,0,0,none,none
2026-02-04T05:52:46.820373,20.2,41.3,0,0,none,none
2026-02-04T05:52:49.074990,20.2,41.3,0,0,none,none
2026-02-04T05:52:51.329929,20.2,41.3,0,0,none,none
2026-02-04T05:52:53.584931,20.2,41.3,0,0,none,none
2026-02-04T05:52:55.839496,20.2,41.3,0,0,none,none
2026-02-04T05:52:58.094380,20.2,41.3,0,0,none,none
2026-02-04T05:53:00.349281,20.2,41.3,0,0,none,none
2026-02-04T05:53:02.604082,20.2,41.3,0,0,none,none
2026-02-04T05:53:04.858902,20.2,41.3,0,0,none,none
2026-02-04T05:53:07.113790,20.2,41.3,0,0,none,none
2026-02-04T05:53:09.368474,20.2,41.3,0,0,none,none
2026-02-04T05:53:11.623426,20.2,41.3,0,0,none,none
2026-02-04T05:53:13.878300,20.2,41.3,0,0,none,none
2026-02-04T05:53:16.132939,20.2,41.3,0,0,none,none
2026-02-04T05:53:18.387814,20.2,41.3,0,0,none,none
2026-02-04T05:53:20.642882,20.2,41.3,0,0,none,none
2026-02-04T05:53:22.897524,20.2,41.3,0,0,none,none
2026-02-04T05:53:25.152147,20.2,41.3,0,0,none,none
2026-02-04T05:53:27.408913,20.2,41.3,0,0,none,none
2026-02-04T05:53:29.663756,20.2,41.3,0,0,none,none
2026-02-04T05:53:31.918623,20.2,41.3,0,0,none,none
2026-02-04T05:53:34.173091,20.2,41.3,0,0,none,none
2026-02-04T05:53:36.428450,20.2,41.3,0,0,none,none
2026-02-04T05:53:38.683326,20.2,41.3,0,0,none,none
2026-02-04T05:53:40.938167,20.2,41.3,0,0,none,none
2026-02-04T05:53:43.192795,20.2,41.3,0,0,none,none
2026-02-04T05:53:45.447775,20.2,41.3,0,0,none,none
2026-02-04T05:53:47.702606,20.2,41.3,0,0,none,none
2026-02-04T05:53:49.957295,20.2,41.3,0,0,none,none
2026-02-04T05:53:52.212184,20.2,41.3,0,0,none,none
2026-02-04T05:53:54.467169,20.2,41.3,0,0,none,none
2026-02-04T05:53:56.721892,20.2,41.3,0,0,none,none
2026-02-04T05:53:58.976732,20.2,41.3,0,0,none,none
2026-02-04T05:54:01.231555,20.2,41.3,0,0,none,none
2026-02-04T05:54:03.486276,20.2,41.3,0,0,none,none
2026-02-04T05:54:05.741254,20.2,41.3,0,0,none,none
2026-02-04T05:54:07.996158,20.2,41.3,0,0,none,none
2026-02-04T05:54:10.250904,20.2,41.3,0,0,none,none
2026-02-04T05:54:12.505665,20.2,41.3,0,0,none,none
2026-02-04T05:54:14.760746,20.2,41.3,0,0,none,none
2026-02-04T05:54:17.015505,20.2,41.3,0,0,none,none
2026-02-04T05:54:19.270219,20.2,41.3,0,0,none,none
2026-02-04T05:54:21.525271,20.2,41.3,0,0,none,none
2026-02-04T05:54:23.780042,20.2,41.3,0,0,none,none
2026-02-04T05:54:26.034970,20.2,41.3,0,0,none,none
2026-02-04T05:54:28.289984,20.2,41.3,0,0,none,none
2026-02-04T05:54:30.544877,20.2,41.3,0,0,none,none
2026-02-04T05:54:32.799794,20.2,41.3,0,0,none,none
2026-02-04T05:54:35.056617,20.2,41.3,0,0,none,none
2026-02-04T05:54:37.311318,20.2,41.3,0,0,none,none
2026-02-04T05:54:39.566364,20.2,41.3,0,0,none,none
2026-02-04T05:54:41.820881,20.2,41.3,0,0,none,none
2026-02-04T05:54:44.075506,20.2,41.3,0,0,none,none
2026-02-04T05:54:46.330311,20.2,41.3,0,0,none,none
2026-02-04T05:54:48.585225,20.2,41.3,0,0,none,none
2026-02-04T05:54:50.839867,20.2,41.3,0,0,none,none
2026-02-04T05:54:53.094672,20.2,41.3,0,0,none,none
2026-02-04T05:54:55.349570,20.2,41.3,0,0,none,none
2026-02-04T05:54:57.604342,20.2,41.3,0,0,none,none
2026-02-04T05:54:59.859167,20.2,41.3,0,0,none,none
2026-02-04T05:55:02.113984,20.2,41.3,0,0,none,none
2026-02-04T05:55:04.368611,20.2,41.3,0,0,none,none
2026-02-04T05:55:06.623184,20.2,41.3,0,0,none,none
2026-02-04T05:55:08.878028,20.2,41.3,0,0,none,none
2026-02-04T05:55:11.132418,20.2,41.3,0,0,none,none
2026-02-04T05:55:13.387249,20.2,41.3,0,0,none,none
2026-02-04T05:55:15.642153,20.2,41.3,0,0,none,none
2026-02-04T05:55:17.896828,20.2,41.3,0,0,none,none
2026-02-04T05:55:20.151778,20.2,41.3,0,0,none,none
2026-02-04T05:55:22.406447,20.2,41.3,0,0,none,none
2026-02-04T05:55:24.660930,20.2,41.3,0,0,none,none
2026-02-04T05:55:26.915409,20.2,41.3,0,0,none,none
2026-02-04T05:55:29.170245,20.2,41.3,0,0,none,none
2026-02-04T05:55:31.425990,20.2,41.3,0,0,none,none
2026-02-04T05:55:33.680892,20.2,41.3,0,0,none,none
2026-02-04T05:55:35.935385,20.2,41.3,0,0,none,none
2026-02-04T05:55:38.190088,20.2,41.3,0,0,none,none
2026-02-04T05:55:40.445024,20.2,41.3,0,0,none,none
2026-02-04T05:55:42.699846,20.2,41.3,0,0,none,none
2026-02-04T05:55:44.954550,20.2,41.3,0,0,none,none
2026-02-04T05:55:47.209400,20.2,41.3,0,0,none,none
2026-02-04T05:55:49.464351,20.2,41.3,0,0,none,none
2026-02-04T05:55:51.719125,20.2,41.3,0,0,none,none
2026-02-04T05:55:53.974088,20.2,41.3,0,0,none,none
2026-02-04T05:55:56.228951,20.2,41.3,0,0,none,none
2026-02-04T05:55:58.483705,20.2,41.3,0,0,none,none
2026-02-04T05:56:00.738547,20.2,41.3,0,0,none,none
2026-02-04T05:56:02.993356,20.2,41.3,0,0,none,none
2026-02-04T05:56:05.248040,20.2,41.3,0,0,none,none
2026-02-04T05:56:07.502910,20.2,41.3,0,0,none,none
2026-02-04T05:56:09.759801,20.2,41.3,0,0,none,none
2026-02-04T05:56:12.014361,20.2,41.3,0,0,none,none
2026-02-04T05:56:14.269248,20.2,41.3,0,0,none,none
2026-02-04T05:56:16.524192,20.2,41.3,0,0,none,none
2026-02-04T05:56:18.778841,20.2,41.3,0,0,none,none
2026-02-04T05:56:21.033638,20.2,41.2,0,0,none,none
2026-02-04T05:56:23.288532,20.2,41.3,0,0,none,none
2026-02-04T05:56:25.542932,20.2,41.3,0,0,none,none
2026-02-04T05:56:27.797872,20.2,41.3,0,0,none,none
2026-02-04T05:56:30.052699,20.2,41.3,0,0,none,none
2026-02-04T05:56:32.307379,20.2,41.3,0,0,none,none
2026-02-04T05:56:34.562329,20.2,41.3,0,0,none,none
2026-02-04T05:56:36.817224,20.2,41.3,0,0,none,none
2026-02-04T05:56:39.071739,20.2,41.3,0,0,none,none
2026-02-04T05:56:41.326715,20.2,41.3,0,0,none,none
2026-02-04T05:56:43.581694,20.2,41.3,0,0,none,none
2026-02-04T05:56:45.836357,20.2,41.3,0,0,none,none
2026-02-04T05:56:48.090992,20.2,41.3,0,0,none,none
2026-02-04T05:56:50.347893,20.2,41.3,0,0,none,none
2026-02-04T05:56:52.602629,20.2,41.3,0,0,none,none
2026-02-04T05:56:54.857482,20.2,41.3,0,0,none,none
2026-02-04T05:56:57.112262,20.2,41.3,0,0,none,none
2026-02-04T05:56:59.366904,20.2,41.3,0,0,none,none
2026-02-04T05:57:01.621955,20.2,41.3,0,0,none,none
2026-02-04T05:57:03.876802,20.2,41.3,0,0,none,none
2026-02-04T05:57:06.131285,20.2,41.3,0,0,none,none
2026-02-04T05:57:08.386195,20.2,41.3,0,0,none,none
2026-02-04T05:57:10.641166,20.2,41.3,0,0,none,none
2026-02-04T05:57:12.895783,20.2,41.3,0,0,none,none
2026-02-04T05:57:15.150394,20.2,41.3,0,0,none,none
2026-02-04T05:57:17.405215,20.2,41.3,0,0,none,none
2026-02-04T05:57:19.659825,20.2,41.3,0,0,none,none
2026-02-04T05:57:21.914646,20.2,41.3,0,0,none,none
2026-02-04T05:57:24.169486,20.2,41.3,0,0,none,none
2026-02-04T05:57:26.425140,20.2,41.3,0,0,none,none
2026-02-04T05:57:28.680021,20.2,41.3,0,0,none,none
2026-02-04T05:57:30.934835,20.2,41.3,0,0,none,none
2026-02-04T05:57:33.189566,20.2,41.3,0,0,none,none
2026-02-04T05:57:35.444564,20.2,41.3,0,0,none,none
2026-02-04T05:57:37.699276,20.2,41.3,0,0,none,none
2026-02-04T05:57:39.954025,20.2,41.3,0,0,none,none
2026-02-04T05:57:42.208804,20.2,41.3,0,0,none,none
2026-02-04T05:57:44.463708,20.2,41.3,0,0,none,none
2026-02-04T05:57:46.718220,20.2,41.3,0,0,none,none
2026-02-04T05:57:48.973028,20.2,41.3,0,0,none,none
2026-02-04T05:57:51.229607,20.2,41.3,0,0,none,none
2026-02-04T05:57:53.484361,20.2,41.3,0,0,none,none
2026-02-04T05:57:55.739243,20.2,41.3,0,0,none,none
2026-02-04T05:57:57.994136,20.2,41.3,0,0,none,none
2026-02-04T05:58:00.248737,20.2,41.3,0,0,none,none
2026-02-04T05:58:02.503775,20.2,41.3,0,0,none,none
2026-02-04T05:58:04.758298,20.2,41.3,0,0,none,none
2026-02-04T05:58:07.012944,20.2,41.3,0,0,none,none
2026-02-04T05:58:09.267803,20.2,41.3,0,0,none,none
2026-02-04T05:58:11.522701,20.2,41.3,0,0,none,none
2026-02-04T05:58:13.777344,20.2,41.3,0,0,none,none
2026-02-04T05:58:16.032196,20.2,41.3,0,0,none,none
2026-02-04T05:58:18.287098,20.2,41.3,0,0,none,none
2026-02-04T05:58:20.541956,20.2,41.3,0,0,none,none
2026-02-04T05:58:22.796779,20.2,41.3,0,0,none,none
2026-02-04T05:58:25.051210,20.2,41.3,0,0,none,none
2026-02-04T05:58:27.305917,20.2,41.3,0,0,none,none
2026-02-04T05:58:29.560841,20.2,41.3,0,0,none,none
2026-02-04T05:58:31.815649,20.2,41.3,0,0,none,none
2026-02-04T05:58:34.070097,20.2,41.3,0,0,none,none
2026-02-04T05:58:36.324952,20.2,41.3,0,0,none,none
2026-02-04T05:58:38.579926,20.2,41.3,0,0,none,none
2026-02-04T05:58:40.834677,20.2,41.3,0,0,none,none
2026-02-04T05:58:43.089491,20.2,41.3,0,0,none,none
2026-02-04T05:58:45.344387,20.2,41.3,0,0,none,none
2026-02-04T05:58:47.599123,20.2,41.3,0,0,none,none
2026-02-04T05:58:49.853540,20.2,41.3,0,0,none,none
2026-02-04T05:58:52.108349,20.2,41.3,0,0,none,none
2026-02-04T05:58:54.362894,20.2,41.3,0,0,none,none
2026-02-04T05:58:56.617856,20.2,41.3,0,0,none,none
2026-02-04T05:58:58.872673,20.2,41.3,0,0,none,none
2026-02-04T05:59:01.127308,20.2,41.3,0,0,none,none
2026-02-04T05:59:03.382203,20.2,41.3,0,0,none,none
2026-02-04T05:59:05.637134,20.2,41.3,0,0,none,none
2026-02-04T05:59:07.891748,20.2,41.3,0,0,none,none
2026-02-04T05:59:10.146532,20.2,41.3,0,0,none,none
2026-02-04T05:59:12.401394,20.2,41.3,0,0,none,none
2026-02-04T05:59:14.656146,20.2,41.3,0,0,none,none
2026-02-04T05:59:16.910969,20.2,41.3,0,0,none,none
2026-02-04T05:59:19.165872,20.2,41.3,0,0,none,none
2026-02-04T05:59:21.420503,20.2,41.3,0,0,none,none
2026-02-04T05:59:23.675138,20.2,41.3,0,0,none,none
2026-02-04T05:59:25.931291,20.2,41.3,0,0,none,none
2026-02-04T05:59:28.185944,20.2,41.3,0,0,none,none
2026-02-04T05:59:30.440942,20.2,41.3,0,0,none,none
2026-02-04T05:59:32.695632,20.2,41.3,0,0,none,none
2026-02-04T05:59:34.950272,20.2,41.3,0,0,none,none
2026-02-04T05:59:37.205145,20.2,41.3,0,0,none,none
2026-02-04T05:59:39.460014,20.2,41.3,0,0,none,none
2026-02-04T05:59:41.714489,20.2,41.3,0,0,none,none
2026-02-04T05:59:43.969415,20.2,41.3,0,0,none,none
2026-02-04T05:59:46.224243,20.2,41.3,0,0,none,none
2026-02-04T05:59:48.479037,20.2,41.3,0,0,none,none
2026-02-04T05:59:50.734020,20.2,41.3,0,0,none,none
2026-02-04T05:59:52.988831,20.2,41.3,0,0,none,none
2026-02-04T05:59:55.243441,20.2,41.3,0,0,none,none
2026-02-04T05:59:57.497855,20.2,41.3,0,0,none,none
2026-02-04T05:59:59.752671,20.2,41.3,0,0,none,none
2026-02-04T06:00:02.007330,20.2,41.3,0,0,none,none
2026-02-04T06:00:04.262301,20.2,41.3,0,0,none,none
2026-02-04T06:00:06.517970,20.2,41.3,0,0,none,none
2026-02-04T06:00:08.824382,20.2,41.3,0,0,none,none
2026-02-04T06:00:11.079326,20.2,41.3,0,0,none,none
2026-02-04T06:00:13.334218,20.2,41.3,0,0,none,none
2026-02-04T06:00:15.589075,20.2,41.3,0,0,none,none
2026-02-04T06:00:17.844045,20.2,41.3,0,0,none,none
2026-02-04T06:00:20.098959,20.2,41.3,0,0,none,none
2026-02-04T06:00:22.353777,20.2,41.3,0,0,none,none
2026-02-04T06:00:24.608839,20.2,41.3,0,0,none,none
2026-02-04T06:00:26.865372,20.2,41.3,0,0,none,none
2026-02-04T06:00:29.120117,20.2,41.3,0,0,none,none
2026-02-04T06:00:31.374988,20.2,41.3,0,0,none,none
2026-02-04T06:00:33.630018,20.2,41.3,0,0,none,none
2026-02-04T06:00:35.884723,20.2,41.3,0,0,none,none
2026-02-04T06:00:38.139575,20.2,41.3,0,0,none,none
2026-02-04T06:00:40.394422,20.2,41.3,0,0,none,none
2026-02-04T06:00:42.649334,20.2,41.3,0,0,none,none
2026-02-04T06:00:44.904035,20.2,41.3,0,0,none,none
2026-02-04T06:00:47.158824,20.2,41.3,0,0,none,none
2026-02-04T06:00:49.413407,20.2,41.3,0,0,none,none
2026-02-04T06:00:51.668284,20.2,41.3,0,0,none,none
2026-02-04T06:00:53.923196,20.2,41.3,0,0,none,none
2026-02-04T06:00:56.178001,20.2,41.3,0,0,none,none
2026-02-04T06:00:58.432972,20.2,41.3,0,0,none,none
2026-02-04T06:01:00.687454,20.2,41.3,0,0,none,none
2026-02-04T06:01:02.942110,20.2,41.3,0,0,none,none
2026-02-04T06:01:05.196980,20.2,41.3,0,0,none,none
2026-02-04T06:01:07.451663,20.2,41.3,0,0,none,none
2026-02-04T06:01:09.706358,20.2,41.3,0,0,none,none
2026-02-04T06:01:11.961249,20.2,41.3,0,0,none,none
2026-02-04T06:01:14.216038,20.2,41.3,0,0,none,none
2026-02-04T06:01:16.470874,20.2,41.3,0,0,none,none
2026-02-04T06:01:18.725798,20.2,41.3,0,0,none,none
2026-02-04T06:01:20.980666,20.2,41.3,0,0,none,none
2026-02-04T06:01:23.235224,20.2,41.3,0,0,none,none
2026-02-04T06:01:25.490304,20.2,41.3,0,0,none,none
2026-02-04T06:01:27.748311,20.2,41.3,0,0,none,none
2026-02-04T06:01:30.003011,20.2,41.3,0,0,none,none
2026-02-04T06:01:32.258022,20.2,41.3,0,0,none,none
2026-02-04T06:01:34.513036,20.2,41.3,0,0,none,none
2026-02-04T06:01:36.767363,20.2,41.3,0,0,none,none
2026-02-04T06:01:39.022288,20.2,41.3,0,0,none,none
2026-02-04T06:01:41.277147,20.2,41.3,0,0,none,none
2026-02-04T06:01:43.531875,20.1,41.2,0,0,none,none
2026-02-04T06:01:45.786831,20.2,41.3,0,0,none,none
2026-02-04T06:01:48.041627,20.2,41.3,0,0,none,none
2026-02-04T06:01:50.296061,20.2,41.3,0,0,none,none
2026-02-04T06:01:52.551095,20.2,41.4,0,0,none,none
2026-02-04T06:01:54.806050,20.2,41.3,0,0,none,none
2026-02-04T06:01:57.060804,20.2,41.3,0,0,none,none
2026-02-04T06:01:59.315707,20.2,41.3,0,0,none,none
2026-02-04T06:02:01.570481,20.2,41.3,0,0,none,none
2026-02-04T06:02:03.825230,20.2,41.3,0,0,none,none
2026-02-04T06:02:06.080173,20.2,41.3,0,0,none,none
2026-02-04T06:02:08.335011,20.2,41.3,0,0,none,none
2026-02-04T06:02:10.589921,20.2,41.3,0,0,none,none
2026-02-04T06:02:12.844866,20.2,41.3,0,0,none,none
2026-02-04T06:02:15.099842,20.2,41.3,0,0,none,none
2026-02-04T06:02:17.354561,20.2,41.3,0,0,none,none
2026-02-04T06:02:19.609141,20.2,41.3,0,0,none,none
2026-02-04T06:02:21.864056,20.2,41.3,0,0,none,none
2026-02-04T06:02:24.118272,20.2,41.3,0,0,none,none
2026-02-04T06:02:26.373267,20.2,41.3,0,0,none,none
2026-02-04T06:02:28.628327,20.2,41.3,0,0,none,none
2026-02-04T06:02:30.882986,20.2,41.3,0,0,none,none
2026-02-04T06:02:33.137981,20.2,41.3,0,0,none,none
2026-02-04T06:02:35.392929,20.2,41.3,0,0,none,none
2026-02-04T06:02:37.647784,20.2,41.3,0,0,none,none
2026-02-04T06:02:39.902708,20.2,41.3,0,0,none,none
2026-02-04T06:02:42.157639,20.2,41.3,0,0,none,none
2026-02-04T06:02:44.412405,20.2,41.3,0,0,none,none
2026-02-04T06:02:46.667473,20.2,41.3,0,0,none,none
2026-02-04T06:02:48.922301,20.2,41.3,0,0,none,none
2026-02-04T06:02:51.177031,20.2,41.3,0,0,none,none
2026-02-04T06:02:53.432098,20.2,41.3,0,0,none,none
2026-02-04T06:02:55.687050,20.2,41.3,0,0,none,none
2026-02-04T06:02:57.941830,20.2,41.3,0,0,none,none
2026-02-04T06:03:00.196823,20.2,41.3,0,0,none,none
2026-02-04T06:03:02.451750,20.2,41.3,0,0,none,none
2026-02-04T06:03:04.706552,20.2,41.3,0,0,none,none
2026-02-04T06:03:06.961502,20.2,41.3,0,0,none,none
2026-02-04T06:03:09.216488,20.2,41.3,0,0,none,none
2026-02-04T06:03:11.471353,20.2,41.3,0,0,none,none
2026-02-04T06:03:13.726499,20.2,41.3,0,0,none,none
2026-02-04T06:03:15.983361,20.2,41.3,0,0,none,none
2026-02-04T06:03:18.238036,20.2,41.3,0,0,none,none
2026-02-04T06:03:20.492507,20.2,41.3,0,0,none,none
2026-02-04T06:03:22.747483,20.2,41.3,0,0,none,none
2026-02-04T06:03:25.002227,20.2,41.3,0,0,none,none
2026-02-04T06:03:27.257176,20.2,41.3,0,0,none,none
2026-02-04T06:03:29.512176,20.1,41.3,0,0,none,none
2026-02-04T06:03:31.766325,20.2,41.3,0,0,none,none
2026-02-04T06:03:34.020696,20.2,41.3,0,0,none,none
2026-02-04T06:03:36.275581,20.2,41.3,0,0,none,none
2026-02-04T06:03:38.530346,20.2,41.3,0,0,none,none
2026-02-04T06:03:40.785279,20.2,41.3,0,0,none,none
2026-02-04T06:03:43.040179,20.2,41.3,0,0,none,none
2026-02-04T06:03:45.294942,20.2,41.3,0,0,none,none
2026-02-04T06:03:47.550041,20.2,41.3,0,0,none,none
2026-02-04T06:03:49.806440,20.2,41.3,0,0,none,none
2026-02-04T06:03:52.061113,20.2,41.3,0,0,none,none
2026-02-04T06:03:54.316106,20.2,41.3,0,0,none,none
2026-02-04T06:03:56.571118,20.2,41.3,0,0,none,none
2026-02-04T06:03:58.825883,20.2,41.3,0,0,none,none
2026-02-04T06:04:01.080863,20.2,41.3,0,0,none,none
2026-02-04T06:04:03.335795,20.2,41.3,0,0,none,none
2026-02-04T06:04:05.590116,20.2,41.3,0,0,none,none
2026-02-04T06:04:07.844995,20.2,41.3,0,0,none,none
2026-02-04T06:04:10.099945,20.2,41.3,0,0,none,none
2026-02-04T06:04:12.354657,20.2,41.3,0,0,none,none
2026-02-04T06:04:14.609783,20.2,41.3,0,0,none,none
2026-02-04T06:04:16.864604,20.2,41.3,0,0,none,none
2026-02-04T06:04:19.119256,20.2,41.3,0,0,none,none
2026-02-04T06:04:21.374189,20.2,41.3,0,0,none,none
2026-02-04T06:04:23.629258,20.2,41.3,0,0,none,none
2026-02-04T06:04:25.883995,20.2,41.3,0,0,none,none
2026-02-04T06:04:28.138960,20.2,41.3,0,0,none,none
2026-02-04T06:04:30.393845,20.2,41.3,0,0,none,none
2026-02-04T06:04:32.648681,20.2,41.3,0,0,none,none
2026-02-04T06:04:34.903564,20.2,41.3,0,0,none,none
2026-02-04T06:04:37.158462,20.2,41.3,0,0,none,none
2026-02-04T06:04:39.412964,20.2,41.3,0,0,none,none
2026-02-04T06:04:41.667894,20.2,41.3,0,0,none,none
2026-02-04T06:04:43.922765,20.2,41.3,0,0,none,none
2026-02-04T06:04:46.177490,20.2,41.3,0,0,none,none
2026-02-04T06:04:48.432493,20.2,41.3,0,0,none,none
2026-02-04T06:04:50.687408,20.2,41.3,0,0,none,none
2026-02-04T06:04:52.942203,20.2,41.3,0,0,none,none
2026-02-04T06:04:55.197171,20.2,41.3,0,0,none,none
2026-02-04T06:04:57.452249,20.2,41.3,0,0,none,none
2026-02-04T06:04:59.706916,20.2,41.3,0,0,none,none
2026-02-04T06:05:01.961876,20.2,41.3,0,0,none,none
2026-02-04T06:05:04.216821,20.2,41.3,0,0,none,none
2026-02-04T06:05:06.471691,20.2,41.3,0,0,none,none
2026-02-04T06:05:08.726625,20.2,41.3,0,0,none,none
2026-02-04T06:05:10.981589,20.2,41.3,0,0,none,none
2026-02-04T06:05:13.235784,20.2,41.3,0,0,none,none
2026-02-04T06:05:15.490768,20.2,41.3,0,0,none,none
2026-02-04T06:05:17.745706,20.2,41.3,0,0,none,none
2026-02-04T06:05:20.000328,20.2,41.3,0,0,none,none
2026-02-04T06:05:22.255252,20.2,41.3,0,0,none,none
2026-02-04T06:05:24.509656,20.2,41.3,0,0,none,none
2026-02-04T06:05:26.764417,20.2,41.3,0,0,none,none
2026-02-04T06:05:29.019339,20.2,41.3,0,0,none,none
2026-02-04T06:05:31.274160,20.2,41.3,0,0,none,none
2026-02-04T06:05:33.529017,20.2,41.3,0,0,none,none
2026-02-04T06:05:35.783953,20.2,41.3,0,0,none,none
2026-02-04T06:05:38.038588,20.2,41.3,0,0,none,none
2026-02-04T06:05:40.293264,20.2,41.3,0,0,none,none
2026-02-04T06:05:42.548304,20.2,41.3,0,0,none,none
2026-02-04T06:05:44.803221,20.2,41.3,0,0,none,none
2026-02-04T06:05:47.057984,20.2,41.3,0,0,none,none
2026-02-04T06:05:49.312943,20.2,41.3,0,0,none,none
2026-02-04T06:05:51.567996,20.2,41.3,0,0,none,none
2026-02-04T06:05:53.822700,20.2,41.3,0,0,none,none
2026-02-04T06:05:56.077538,20.2,41.3,0,0,none,none
2026-02-04T06:05:58.332152,20.2,41.3,0,0,none,none
2026-02-04T06:06:00.586879,20.2,41.3,0,0,none,none
2026-02-04T06:06:02.841937,20.2,41.3,0,0,none,none
2026-02-04T06:06:05.096856,20.2,41.3,0,0,none,none
2026-02-04T06:06:07.351529,20.2,41.3,0,0,none,none
2026-02-04T06:06:09.606565,20.2,41.3,0,0,none,none
2026-02-04T06:06:11.861519,20.2,41.3,0,0,none,none
2026-02-04T06:06:14.116290,20.2,41.3,0,0,none,none
2026-02-04T06:06:16.371259,20.2,41.3,0,0,none,none
2026-02-04T06:06:18.626214,20.2,41.3,0,0,none,none
2026-02-04T06:06:20.880941,20.2,41.3,0,0,none,none
2026-02-04T06:06:23.135883,20.2,41.3,0,0,none,none
2026-02-04T06:06:25.390843,20.2,41.3,0,0,none,none
2026-02-04T06:06:27.645770,20.2,41.3,0,0,none,none
2026-02-04T06:06:29.900654,20.2,41.3,0,0,none,none
2026-02-04T06:06:32.155432,20.2,41.3,0,0,none,none
2026-02-04T06:06:34.409889,20.2,41.3,0,0,none,none
2026-02-04T06:06:36.664908,20.2,41.3,0,0,none,none
2026-02-04T06:06:38.919854,20.2,41.3,0,0,none,none
2026-02-04T06:06:41.174592,20.2,41.3,0,0,none,none
2026-02-04T06:06:43.429599,20.2,41.3,0,0,none,none
2026-02-04T06:06:45.684684,20.2,41.3,0,0,none,none
2026-02-04T06:06:47.939445,20.2,41.3,0,0,none,none
2026-02-04T06:06:50.194448,20.2,41.3,0,0,none,none
2026-02-04T06:06:52.449406,20.2,41.3,0,0,none,none
2026-02-04T06:06:54.704039,20.2,41.3,0,0,none,none
2026-02-04T06:06:56.958976,20.2,41.3,0,0,none,none
2026-02-04T06:06:59.215032,20.2,41.3,0,0,none,none
2026-02-04T06:07:01.469901,20.2,41.3,0,0,none,none
2026-02-04T06:07:03.724820,20.2,41.3,0,0,none,none
2026-02-04T06:07:05.979593,20.2,41.3,0,0,none,none
2026-02-04T06:07:08.234344,20.2,41.3,0,0,none,none
2026-02-04T06:07:10.489391,20.2,41.3,0,0,none,none
2026-02-04T06:07:12.743784,20.2,41.3,0,0,none,none
2026-02-04T06:07:14.998518,20.2,41.3,0,0,none,none
2026-02-04T06:07:17.253422,20.2,41.3,0,0,none,none
2026-02-04T06:07:19.508161,20.2,41.3,0,0,none,none
2026-02-04T06:07:21.843762,20.2,41.3,0,0,none,none
2026-02-04T06:07:24.179535,20.2,41.3,0,0,none,none
2026-02-04T06:07:26.460484,20.2,41.2,0,0,none,none
2026-02-04T06:07:28.715217,20.2,41.3,0,0,none,none
2026-02-04T06:07:30.970183,20.2,41.3,0,0,none,none
2026-02-04T06:07:33.225117,20.2,41.3,0,0,none,none
2026-02-04T06:07:35.479361,20.2,41.3,0,0,none,none
2026-02-04T06:07:37.734491,20.1,41.2,0,0,none,none
2026-02-04T06:07:39.989420,20.2,41.2,0,0,none,none
2026-02-04T06:07:42.244138,20.2,41.3,0,0,none,none
2026-02-04T06:07:44.498573,20.2,41.2,0,0,none,none
2026-02-04T06:07:46.755376,20.2,41.3,0,0,none,none
2026-02-04T06:07:49.010103,20.2,41.2,0,0,none,none
2026-02-04T06:07:51.265091,20.2,41.2,0,0,none,none
2026-02-04T06:07:53.520127,20.2,41.3,0,0,none,none
2026-02-04T06:07:55.774789,20.2,41.3,0,0,none,none
2026-02-04T06:07:58.029787,20.2,41.2,0,0,none,none
2026-02-04T06:08:00.286488,20.2,41.2,0,0,none,none
2026-02-04T06:08:02.541323,20.2,41.3,0,0,none,none
2026-02-04T06:08:04.796230,20.2,41.2,0,0,none,none
2026-02-04T06:08:07.051121,20.2,41.3,0,0,none,none
2026-02-04T06:08:09.305856,20.2,41.3,0,0,none,none
2026-02-04T06:08:11.560958,20.2,41.2,0,0,none,none
2026-02-04T06:08:13.815881,20.2,41.3,0,0,none,none
2026-02-04T06:08:16.070623,20.2,41.3,0,0,none,none
2026-02-04T06:08:18.325407,20.2,41.3,0,0,none,none
2026-02-04T06:08:20.580598,20.2,41.3,0,0,none,none
2026-02-04T06:08:22.834807,20.2,41.3,0,0,none,none
2026-02-04T06:08:25.089822,20.2,41.3,0,0,none,none
2026-02-04T06:08:27.344567,20.2,41.3,0,0,none,none
2026-02-04T06:08:29.599302,20.2,41.2,0,0,none,none
2026-02-04T06:08:31.854191,20.2,41.3,0,0,none,none
2026-02-04T06:08:34.108650,20.2,41.3,0,0,none,none
2026-02-04T06:08:36.363372,20.2,41.3,0,0,none,none
2026-02-04T06:08:38.618418,20.2,41.2,0,0,none,none
2026-02-04T06:08:40.873344,20.2,41.3,0,0,none,none
2026-02-04T06:08:43.128071,20.2,41.2,0,0,none,none
2026-02-04T06:08:45.383003,20.2,41.3,0,0,none,none
2026-02-04T06:08:47.638080,20.2,41.3,0,0,none,none
2026-02-04T06:08:49.892769,20.2,41.2,0,0,none,none
2026-02-04T06:08:52.147517,20.2,41.2,0,0,none,none
2026-02-04T06:08:54.402448,20.2,41.2,0,0,none,none
2026-02-04T06:08:56.657161,20.2,41.3,0,0,none,none
2026-02-04T06:08:58.911996,20.2,41.2,0,0,none,none
2026-02-04T06:09:01.166780,20.2,41.2,0,0,none,none
2026-02-04T06:09:03.421486,20.2,41.2,0,0,none,none
2026-02-04T06:09:05.676460,20.2,41.2,0,0,none,none
2026-02-04T06:09:07.931188,20.2,41.3,0,0,none,none
2026-02-04T06:09:10.185833,20.2,41.2,0,0,none,none
2026-02-04T06:09:12.440941,20.2,41.3,0,0,none,none
2026-02-04T06:09:14.695867,20.2,41.2,0,0,none,none
2026-02-04T06:09:16.950510,20.2,41.2,0,0,none,none
2026-02-04T06:09:19.205306,20.2,41.2,0,0,none,none
2026-02-04T06:09:21.460341,20.2,41.3,0,0,none,none
2026-02-04T06:09:23.715068,20.2,41.2,0,0,none,none
2026-02-04T06:09:25.970111,20.2,41.2,0,0,none,none
2026-02-04T06:09:28.224956,20.2,41.2,0,0,none,none
2026-02-04T06:09:30.479709,20.2,41.2,0,0,none,none
2026-02-04T06:09:32.734584,20.2,41.2,0,0,none,none
2026-02-04T06:09:34.989514,20.2,41.2,0,0,none,none
2026-02-04T06:09:37.243935,20.2,41.2,0,0,none,none
2026-02-04T06:09:39.498936,20.2,41.2,0,0,none,none
2026-02-04T06:09:41.753801,20.2,41.2,0,0,none,none
2026-02-04T06:09:44.008465,20.2,41.3,0,0,none,none
2026-02-04T06:09:46.263080,20.2,41.2,0,0,none,none
2026-02-04T06:09:48.518180,20.2,41.2,0,0,none,none
2026-02-04T06:09:50.772887,20.2,41.2,0,0,none,none
2026-02-04T06:09:53.027702,20.2,41.3,0,0,none,none
2026-02-04T06:09:55.282511,20.2,41.2,0,0,none,none
2026-02-04T06:09:57.537326,20.2,41.2,0,0,none,none
2026-02-04T06:09:59.792042,20.2,41.2,0,0,none,none
2026-02-04T06:10:02.046798,20.2,41.3,0,0,none,none
2026-02-04T06:10:04.301499,20.2,41.2,0,0,none,none
2026-02-04T06:10:06.556277,20.2,41.3,0,0,none,none
2026-02-04T06:10:08.811157,20.2,41.3,0,0,none,none
2026-02-04T06:10:11.065925,20.2,41.2,0,0,none,none
2026-02-04T06:10:13.320806,20.2,41.2,0,0,none,none
2026-02-04T06:10:15.575868,20.2,41.2,0,0,none,none
2026-02-04T06:10:17.830589,20.2,41.2,0,0,none,none
2026-02-04T06:10:20.085528,20.2,41.3,0,0,none,none
2026-02-04T06:10:22.340514,20.2,41.3,0,0,none,none
2026-02-04T06:10:24.595352,20.2,41.2,0,0,none,none
2026-02-04T06:10:26.850313,20.2,41.2,0,0,none,none
2026-02-04T06:10:29.105209,20.2,41.2,0,0,none,none
2026-02-04T06:10:31.359790,20.2,41.2,0,0,none,none
2026-02-04T06:10:33.614783,20.2,41.2,0,0,none,none
2026-02-04T06:10:35.869694,20.2,41.2,0,0,none,none
2026-02-04T06:10:38.124466,20.2,41.2,0,0,none,none
2026-02-04T06:10:40.379368,20.2,41.2,0,0,none,none
2026-02-04T06:10:42.634374,20.2,41.2,0,0,none,none
2026-02-04T06:10:44.889066,20.2,41.2,0,0,none,none
2026-02-04T06:10:47.143993,20.2,41.2,0,0,none,none
2026-02-04T06:10:49.398400,20.2,41.2,0,0,none,none
2026-02-04T06:10:51.653278,20.2,41.2,0,0,none,none
2026-02-04T06:10:53.908011,20.2,41.2,0,0,none,none
2026-02-04T06:10:56.162958,20.2,41.3,0,0,none,none
2026-02-04T06:10:58.417679,20.2,41.2,0,0,none,none
2026-02-04T06:11:00.672734,20.2,41.2,0,0,none,none
2026-02-04T06:11:02.927607,20.2,41.2,0,0,none,none
2026-02-04T06:11:05.182237,20.2,41.2,0,0,none,none
2026-02-04T06:11:07.437225,20.2,41.2,0,0,none,none
2026-02-04T06:11:09.692195,20.2,41.2,0,0,none,none
2026-02-04T06:11:11.946845,20.2,41.2,0,0,none,none
2026-02-04T06:11:14.201908,20.2,41.2,0,0,none,none
2026-02-04T06:11:16.458891,20.2,41.3,0,0,none,none
2026-02-04T06:11:18.713548,20.2,41.3,0,0,none,none
2026-02-04T06:11:20.968444,20.2,41.2,0,0,none,none
2026-02-04T06:11:23.222922,20.2,41.3,0,0,none,none
2026-02-04T06:11:25.477768,20.2,41.2,0,0,none,none
2026-02-04T06:11:27.732299,20.2,41.2,0,0,none,none
2026-02-04T06:11:30.068236,20.2,41.2,0,0,none,none
2026-02-04T06:11:32.403793,20.2,41.2,0,0,none,none
2026-02-04T06:11:34.739681,20.2,41.2,0,0,none,none
2026-02-04T06:11:37.028303,20.2,41.2,0,0,none,none
2026-02-04T06:11:39.282590,20.2,41.2,0,0,none,none
2026-02-04T06:11:41.537581,20.2,41.2,0,0,none,none
2026-02-04T06:11:43.794201,20.2,41.3,0,0,none,none
2026-02-04T06:11:46.048753,20.2,41.2,0,0,none,none
2026-02-04T06:11:48.303551,20.2,41.2,0,0,none,none
2026-02-04T06:11:50.558288,20.2,41.2,0,0,none,none
2026-02-04T06:11:52.812885,20.2,41.2,0,0,none,none
2026-02-04T06:11:55.067393,20.2,41.2,0,0,none,none
2026-02-04T06:11:57.321984,20.2,41.2,0,0,none,none
2026-02-04T06:11:59.576775,20.2,41.2,0,0,none,none
2026-02-04T06:12:01.831227,20.2,41.2,0,0,none,none
2026-02-04T06:12:04.085823,20.2,41.3,0,0,none,none
2026-02-04T06:12:06.340478,20.2,41.2,0,0,none,none
2026-02-04T06:12:08.595334,20.2,41.2,0,0,none,none
2026-02-04T06:12:10.850253,20.2,41.2,0,0,none,none
2026-02-04T06:12:13.104827,20.2,41.2,0,0,none,none
2026-02-04T06:12:15.359528,20.2,41.2,0,0,none,none
2026-02-04T06:12:17.614331,20.2,41.2,0,0,none,none
2026-02-04T06:12:19.868912,20.2,41.2,0,0,none,none
2026-02-04T06:12:22.123582,20.2,41.2,0,0,none,none
2026-02-04T06:12:24.378456,20.2,41.2,0,0,none,none
2026-02-04T06:12:26.633201,20.2,41.3,0,0,none,none
2026-02-04T06:12:28.887864,20.2,41.3,0,0,none,none
2026-02-04T06:12:31.142306,20.2,41.2,0,0,none,none
2026-02-04T06:12:33.396976,20.2,41.2,0,0,none,none
2026-02-04T06:12:35.651699,20.2,41.2,0,0,none,none
2026-02-04T06:12:37.906248,20.2,41.3,0,0,none,none
2026-02-04T06:12:40.160899,20.2,41.2,0,0,none,none
2026-02-04T06:12:42.415605,20.2,41.2,0,0,none,none
2026-02-04T06:12:44.670481,20.2,41.2,0,0,none,none
2026-02-04T06:12:46.925103,20.2,41.2,0,0,none,none
2026-02-04T06:12:49.179805,20.2,41.3,0,0,none,none
2026-02-04T06:12:51.434688,20.2,41.3,0,0,none,none
2026-02-04T06:12:53.689336,20.2,41.3,0,0,none,none
2026-02-04T06:12:55.944139,20.2,41.3,0,0,none,none
2026-02-04T06:12:58.198924,20.1,41.1,0,0,none,none
2026-02-04T06:13:00.453711,20.2,41.2,0,0,none,none
2026-02-04T06:13:02.708610,20.2,41.3,0,0,none,none
2026-02-04T06:13:04.963254,20.2,41.3,0,0,none,none
2026-02-04T06:13:07.217945,20.2,41.3,0,0,none,none
2026-02-04T06:13:09.472853,20.2,41.3,0,0,none,none
2026-02-04T06:13:11.727659,20.2,41.3,0,0,none,none
2026-02-04T06:13:13.982005,20.2,41.3,0,0,none,none
2026-02-04T06:13:16.236723,20.2,41.3,0,0,none,none
2026-02-04T06:13:18.491442,20.2,41.3,0,0,none,none
2026-02-04T06:13:20.745595,20.2,41.3,0,0,none,none
2026-02-04T06:13:23.000468,20.2,41.3,0,0,none,none
2026-02-04T06:13:25.255065,20.2,41.3,0,0,none,none
2026-02-04T06:13:27.509905,20.2,41.3,0,0,none,none
2026-02-04T06:13:29.764782,20.2,41.2,0,0,none,none
2026-02-04T06:13:32.019211,20.2,41.3,0,0,none,none
2026-02-04T06:13:34.273946,20.2,41.3,0,0,none,none
2026-02-04T06:13:36.528932,20.2,41.3,0,0,none,none
2026-02-04T06:13:38.783807,20.2,41.3,0,0,none,none
2026-02-04T06:13:41.038129,20.2,41.2,0,0,none,none
2026-02-04T06:13:43.293047,20.2,41.3,0,0,none,none
2026-02-04T06:13:45.548033,20.2,41.3,0,0,none,none
2026-02-04T06:13:47.802482,20.2,41.3,0,0,none,none
2026-02-04T06:13:50.056962,20.1,41.2,0,0,none,none
2026-02-04T06:13:52.313815,20.2,41.3,0,0,none,none
2026-02-04T06:13:54.568578,20.2,41.3,0,0,none,none
2026-02-04T06:13:56.823201,20.2,41.3,0,0,none,none
2026-02-04T06:13:59.078200,20.2,41.3,0,0,none,none
2026-02-04T06:14:01.332770,20.2,41.3,0,0,none,none
2026-02-04T06:14:03.587604,20.2,41.3,0,0,none,none
2026-02-04T06:14:05.842002,20.2,41.3,0,0,none,none
2026-02-04T06:14:08.096772,20.2,41.3,0,0,none,none
2026-02-04T06:14:10.351589,20.2,41.3,0,0,none,none
2026-02-04T06:14:12.606310,20.2,41.3,0,0,none,none
2026-02-04T06:14:14.860888,20.2,41.3,0,0,none,none
2026-02-04T06:14:17.115535,20.2,41.3,0,0,none,none
2026-02-04T06:14:19.370290,20.2,41.3,0,0,none,none
2026-02-04T06:14:21.625113,20.1,41.2,0,0,none,none
2026-02-04T06:14:23.879839,20.2,41.3,0,0,none,none
2026-02-04T06:14:26.134664,20.2,41.3,0,0,none,none
2026-02-04T06:14:28.389328,20.2,41.3,0,0,none,none
2026-02-04T06:14:30.644064,20.2,41.3,0,0,none,none
2026-02-04T06:14:32.900721,20.2,41.3,0,0,none,none
2026-02-04T06:14:35.154999,20.2,41.3,0,0,none,none
2026-02-04T06:14:37.409918,20.2,41.2,0,0,none,none
2026-02-04T06:14:39.664822,20.2,41.3,0,0,none,none
2026-02-04T06:14:41.918989,20.2,41.3,0,0,none,none
2026-02-04T06:14:44.173962,20.2,41.3,0,0,none,none
2026-02-04T06:14:46.428463,20.2,41.3,0,0,none,none
2026-02-04T06:14:48.683071,20.2,41.3,0,0,none,none
2026-02-04T06:14:50.937968,20.2,41.3,0,0,none,none
2026-02-04T06:14:53.192769,20.1,41.2,0,0,none,none
2026-02-04T06:14:55.447611,20.2,41.3,0,0,none,none
2026-02-04T06:14:57.702454,20.2,41.3,0,0,none,none
2026-02-04T06:14:59.957271,20.2,41.3,0,0,none,none
2026-02-04T06:15:02.211592,20.2,41.3,0,0,none,none
2026-02-04T06:15:04.466168,20.2,41.3,0,0,none,none
2026-02-04T06:15:06.720916,20.2,41.3,0,0,none,none
2026-02-04T06:15:08.975510,20.2,41.3,0,0,none,none
2026-02-04T06:15:11.230162,20.2,41.3,0,0,none,none
2026-02-04T06:15:13.484998,20.2,41.3,0,0,none,none
2026-02-04T06:15:15.739678,20.2,41.3,0,0,none,none
2026-02-04T06:15:17.994547,20.2,41.3,0,0,none,none
2026-02-04T06:15:20.249473,20.2,41.3,0,0,none,none
2026-02-04T06:15:22.504203,20.2,41.3,0,0,none,none
2026-02-04T06:15:24.759063,20.2,41.3,0,0,none,none
2026-02-04T06:15:27.013997,20.2,41.3,0,0,none,none
2026-02-04T06:15:29.268601,20.2,41.3,0,0,none,none
2026-02-04T06:15:31.523593,20.2,41.3,0,0,none,none
2026-02-04T06:15:33.778444,20.2,41.3,0,0,none,none
2026-02-04T06:15:36.033154,20.2,41.3,0,0,none,none
2026-02-04T06:15:38.288100,20.2,41.3,0,0,none,none
2026-02-04T06:15:40.543016,20.2,41.3,0,0,none,none
2026-02-04T06:15:42.797687,20.2,41.3,0,0,none,none
2026-02-04T06:15:45.052670,20.2,41.3,0,0,none,none
2026-02-04T06:15:47.307598,20.2,41.3,0,0,none,none
2026-02-04T06:15:49.562464,20.2,41.3,0,0,none,none
2026-02-04T06:15:51.817330,20.2,41.3,0,0,none,none
2026-02-04T06:15:54.072195,20.2,41.3,0,0,none,none
2026-02-04T06:15:56.326863,20.1,41.2,0,0,none,none
2026-02-04T06:15:58.581888,20.2,41.3,0,0,none,none
2026-02-04T06:16:00.836799,20.2,41.3,0,0,none,none
2026-02-04T06:16:03.091431,20.1,41.2,0,0,none,none
2026-02-04T06:16:05.346235,20.2,41.3,0,0,none,none
2026-02-04T06:16:07.601208,20.2,41.3,0,0,none,none
2026-02-04T06:16:09.855677,20.2,41.3,0,0,none,none
2026-02-04T06:16:12.110367,20.2,41.3,0,0,none,none
2026-02-04T06:16:14.365154,20.2,41.3,0,0,none,none
2026-02-04T06:16:16.619938,20.2,41.3,0,0,none,none
2026-02-04T06:16:18.874487,20.2,41.2,0,0,none,none
2026-02-04T06:16:21.129353,20.2,41.3,0,0,none,none
2026-02-04T06:16:23.383999,20.2,41.3,0,0,none,none
2026-02-04T06:16:25.638671,20.2,41.3,0,0,none,none
2026-02-04T06:16:27.893455,20.2,41.3,0,0,none,none
2026-02-04T06:16:30.148123,20.2,41.3,0,0,none,none
2026-02-04T06:16:32.402979,20.2,41.3,0,0,none,none
2026-02-04T06:16:34.657967,20.2,41.3,0,0,none,none
2026-02-04T06:16:36.912613,20.2,41.3,0,0,none,none
2026-02-04T06:16:39.167417,20.2,41.3,0,0,none,none
2026-02-04T06:16:41.422304,20.2,41.3,0,0,none,none
2026-02-04T06:16:43.677174,20.2,41.3,0,0,none,none
2026-02-04T06:16:45.932153,20.2,41.3,0,0,none,none
2026-02-04T06:16:48.187092,20.2,41.3,0,0,none,none
2026-02-04T06:16:50.441948,20.2,41.2,0,0,none,none
2026-02-04T06:16:52.696899,20.2,41.3,0,0,none,none
2026-02-04T06:16:54.951825,20.2,41.3,0,0,none,none
2026-02-04T06:16:57.206494,20.2,41.3,0,0,none,none
2026-02-04T06:16:59.461556,20.2,41.3,0,0,none,none
2026-02-04T06:17:01.716543,20.2,41.3,0,0,none,none
2026-02-04T06:17:03.971304,20.2,41.2,0,0,none,none
2026-02-04T06:17:06.226135,20.2,41.2,0,0,none,none
2026-02-04T06:17:08.481048,20.2,41.3,0,0,none,none
2026-02-04T06:17:10.740229,20.2,41.3,0,0,none,none
2026-02-04T06:17:12.995239,20.2,41.2,0,0,none,none
2026-02-04T06:17:15.250243,20.2,41.2,0,0,none,none
2026-02-04T06:17:17.504954,20.2,41.2,0,0,none,none
2026-02-04T06:17:19.759827,20.2,41.2,0,0,none,none
2026-02-04T06:17:22.016924,20.2,41.3,0,0,none,none
2026-02-04T06:17:24.271672,20.2,41.2,0,0,none,none
2026-02-04T06:17:26.526767,20.2,41.2,0,0,none,none
2026-02-04T06:17:28.781693,20.2,41.2,0,0,none,none
2026-02-04T06:17:31.036378,20.2,41.2,0,0,none,none
2026-02-04T06:17:33.291266,20.2,41.3,0,0,none,none
2026-02-04T06:17:35.546345,20.2,41.3,0,0,none,none
2026-02-04T06:17:37.801142,20.2,41.2,0,0,none,none
2026-02-04T06:17:40.056070,20.2,41.2,0,0,none,none
2026-02-04T06:17:42.310993,20.2,41.3,0,0,none,none
2026-02-04T06:17:44.565858,20.2,41.3,0,0,none,none
2026-02-04T06:17:46.820836,20.2,41.3,0,0,none,none
2026-02-04T06:17:49.075695,20.2,41.3,0,0,none,none
2026-02-04T06:17:51.330392,20.2,41.3,0,0,none,none
2026-02-04T06:17:53.585347,20.2,41.3,0,0,none,none
2026-02-04T06:17:55.840172,20.1,41.2,0,0,none,none
2026-02-04T06:17:58.094793,20.2,41.3,0,0,none,none
2026-02-04T06:18:00.349721,20.2,41.3,0,0,none,none
2026-02-04T06:18:02.604764,20.2,41.3,0,0,none,none
2026-02-04T06:18:04.859499,20.2,41.3,0,0,none,none
2026-02-04T06:18:07.114443,20.2,41.3,0,0,none,none
2026-02-04T06:18:09.369389,20.2,41.3,0,0,none,none
2026-02-04T06:18:11.624147,20.2,41.2,0,0,none,none
2026-02-04T06:18:13.879047,20.2,41.2,0,0,none,none
2026-02-04T06:18:16.133958,20.2,41.3,0,0,none,none
2026-02-04T06:18:18.388674,20.2,41.2,0,0,none,none
2026-02-04T06:18:20.643643,20.2,41.2,0,0,none,none
2026-02-04T06:18:22.898510,20.2,41.2,0,0,none,none
2026-02-04T06:18:25.153040,20.2,41.2,0,0,none,none
2026-02-04T06:18:27.407967,20.2,41.2,0,0,none,none
2026-02-04T06:18:29.662970,20.2,41.2,0,0,none,none
2026-02-04T06:18:31.917717,20.2,41.3,0,0,none,none
2026-02-04T06:18:34.172658,20.2,41.2,0,0,none,none
2026-02-04T06:18:36.428309,20.2,41.2,0,0,none,none
2026-02-04T06:18:38.683051,20.2,41.2,0,0,none,none
2026-02-04T06:18:40.937968,20.2,41.2,0,0,none,none
2026-02-04T06:18:43.192782,20.2,41.2,0,0,none,none
2026-02-04T06:18:45.447663,20.2,41.2,0,0,none,none
2026-02-04T06:18:47.702639,20.2,41.2,0,0,none,none
2026-02-04T06:18:49.957636,20.1,41.1,0,0,none,none
2026-02-04T06:18:52.212387,20.2,41.2,0,0,none,none
2026-02-04T06:18:54.467474,20.2,41.2,0,0,none,none
2026-02-04T06:18:56.722401,20.2,41.3,0,0,none,none
2026-02-04T06:18:58.977164,20.2,41.3,0,0,none,none
2026-02-04T06:19:01.232045,20.2,41.2,0,0,none,none
2026-02-04T06:19:03.487090,20.2,41.3,0,0,none,none
2026-02-04T06:19:05.741804,20.2,41.2,0,0,none,none
2026-02-04T06:19:07.996844,20.2,41.2,0,0,none,none
2026-02-04T06:19:10.251664,20.2,41.2,0,0,none,none
2026-02-04T06:19:12.506193,20.2,41.3,0,0,none,none
2026-02-04T06:19:14.761197,20.2,41.2,0,0,none,none
2026-02-04T06:19:17.016161,20.2,41.2,0,0,none,none
2026-02-04T06:19:19.270778,20.1,41.1,0,0,none,none
2026-02-04T06:19:21.525823,20.2,41.3,0,0,none,none
2026-02-04T06:19:23.780770,20.2,41.2,0,0,none,none
2026-02-04T06:19:26.035514,20.2,41.2,0,0,none,none
2026-02-04T06:19:28.290384,20.2,41.2,0,0,none,none
2026-02-04T06:19:30.545513,20.2,41.2,0,0,none,none
2026-02-04T06:19:32.800234,20.2,41.2,0,0,none,none
2026-02-04T06:19:35.055187,20.2,41.2,0,0,none,none
2026-02-04T06:19:37.310105,20.2,41.3,0,0,none,none
2026-02-04T06:19:39.564876,20.2,41.2,0,0,none,none
2026-02-04T06:19:41.819561,20.2,41.2,0,0,none,none
2026-02-04T06:19:44.073970,20.2,41.2,0,0,none,none
2026-02-04T06:19:46.328728,20.2,41.2,0,0,none,none
2026-02-04T06:19:48.583790,20.2,41.2,0,0,none,none
2026-02-04T06:19:50.838709,20.2,41.2,0,0,none,none
2026-02-04T06:19:53.093446,20.2,41.2,0,0,none,none
2026-02-04T06:19:55.348450,20.2,41.2,0,0,none,none
2026-02-04T06:19:57.603390,20.2,41.2,0,0,none,none
2026-02-04T06:19:59.858090,20.2,41.2,0,0,none,none
2026-02-04T06:20:02.112945,20.2,41.2,0,0,none,none
2026-02-04T06:20:04.367743,20.2,41.2,0,0,none,none
2026-02-04T06:20:06.621996,20.2,41.2,0,0,none,none
2026-02-04T06:20:08.876940,20.2,41.2,0,0,none,none
2026-02-04T06:20:11.131610,20.2,41.2,0,0,none,none
2026-02-04T06:20:13.386311,20.2,41.2,0,0,none,none
2026-02-04T06:20:15.641263,20.2,41.2,0,0,none,none
2026-02-04T06:20:17.896137,20.2,41.2,0,0,none,none
2026-02-04T06:20:20.150770,20.2,41.2,0,0,none,none
2026-02-04T06:20:22.405904,20.2,41.2,0,0,none,none
2026-02-04T06:20:24.660956,20.2,41.2,0,0,none,none
2026-02-04T06:20:26.915519,20.1,41.1,0,0,none,none
2026-02-04T06:20:29.170456,20.2,41.2,0,0,none,none
2026-02-04T06:20:31.425335,20.2,41.2,0,0,none,none
2026-02-04T06:20:33.680111,20.2,41.2,0,0,none,none
2026-02-04T06:20:35.935040,20.2,41.2,0,0,none,none
2026-02-04T06:20:38.189988,20.2,41.2,0,0,none,none
2026-02-04T06:20:40.444761,20.2,41.1,0,0,none,none
2026-02-04T06:20:42.699684,20.2,41.2,0,0,none,none
2026-02-04T06:20:44.956751,20.1,41.1,0,0,none,none
2026-02-04T06:20:47.211220,20.2,41.2,0,0,none,none
2026-02-04T06:20:49.466294,20.2,41.2,0,0,none,none
2026-02-04T06:20:51.721081,20.2,41.1,0,0,none,none
2026-02-04T06:20:53.975407,20.2,41.2,0,0,none,none
2026-02-04T06:20:56.230028,20.2,41.2,0,0,none,none
2026-02-04T06:20:58.485144,20.2,41.2,0,0,none,none
2026-02-04T06:21:00.739884,20.2,41.2,0,0,none,none
2026-02-04T06:21:02.994692,20.2,41.1,0,0,none,none
2026-02-04T06:21:05.249649,20.2,41.2,0,0,none,none
2026-02-04T06:21:07.504196,20.2,41.2,0,0,none,none
2026-02-04T06:21:09.759136,20.2,41.2,0,0,none,none
2026-02-04T06:21:12.014094,20.2,41.2,0,0,none,none
2026-02-04T06:21:14.268843,20.2,41.2,0,0,none,none
2026-02-04T06:21:16.523881,20.2,41.2,0,0,none,none
2026-02-04T06:21:18.778687,20.2,41.2,0,0,none,none
2026-02-04T06:21:21.033387,20.2,41.2,0,0,none,none
2026-02-04T06:21:23.288305,20.2,41.2,0,0,none,none
2026-02-04T06:21:25.543427,20.2,41.2,0,0,none,none
2026-02-04T06:21:27.797590,20.2,41.2,0,0,none,none
2026-02-04T06:21:30.052566,20.2,41.2,0,0,none,none
2026-02-04T06:21:32.307427,20.2,41.2,0,0,none,none
2026-02-04T06:21:34.562225,20.2,41.2,0,0,none,none
2026-02-04T06:21:36.817182,20.2,41.2,0,0,none,none
2026-02-04T06:21:39.072053,20.2,41.3,0,0,none,none
2026-02-04T06:21:41.326769,20.2,41.2,0,0,none,none
2026-02-04T06:21:43.581842,20.2,41.2,0,0,none,none
2026-02-04T06:21:45.836759,20.2,41.3,0,0,none,none
2026-02-04T06:21:48.091423,20.1,41.1,0,0,none,none
2026-02-04T06:21:50.346424,20.2,41.3,0,0,none,none
2026-02-04T06:21:52.601420,20.2,41.2,0,0,none,none
2026-02-04T06:21:54.856027,20.2,41.3,0,0,none,none
2026-02-04T06:21:57.111051,20.2,41.3,0,0,none,none
2026-02-04T06:21:59.366099,20.1,41.2,0,0,none,none
2026-02-04T06:22:01.620786,20.2,41.2,0,0,none,none
2026-02-04T06:22:03.875782,20.2,41.2,0,0,none,none
2026-02-04T06:22:06.130737,20.2,41.3,0,0,none,none
2026-02-04T06:22:08.385566,20.1,41.2,0,0,none,none
2026-02-04T06:22:10.640713,20.2,41.3,0,0,none,none
2026-02-04T06:22:12.895676,20.1,41.2,0,0,none,none
2026-02-04T06:22:15.150342,20.2,41.2,0,0,none,none
2026-02-04T06:22:17.405248,20.2,41.2,0,0,none,none
2026-02-04T06:22:19.660324,20.2,41.2,0,0,none,none
2026-02-04T06:22:21.915027,20.2,41.2,0,0,none,none
2026-02-04T06:22:24.170056,20.1,41.1,0,0,none,none
2026-02-04T06:22:26.424981,20.2,41.3,0,0,none,none
2026-02-04T06:22:28.679760,20.2,41.2,0,0,none,none
2026-02-04T06:22:30.934537,20.2,41.2,0,0,none,none
2026-02-04T06:22:33.189485,20.2,41.3,0,0,none,none
2026-02-04T06:22:35.444126,20.2,41.2,0,0,none,none
2026-02-04T06:22:37.699163,20.2,41.2,0,0,none,none
2026-02-04T06:22:39.954031,20.2,41.2,0,0,none,none
2026-02-04T06:22:42.208796,20.2,41.2,0,0,none,none
2026-02-04T06:22:44.463874,20.1,41.1,0,0,none,none
2026-02-04T06:22:46.718781,20.2,41.2,0,0,none,none
2026-02-04T06:22:48.973450,20.2,41.2,0,0,none,none
2026-02-04T06:22:51.228413,20.2,41.2,0,0,none,none
2026-02-04T06:22:53.483386,20.2,41.2,0,0,none,none
2026-02-04T06:22:55.738332,20.2,41.2,0,0,none,none
2026-02-04T06:22:57.993259,20.2,41.2,0,0,none,none
2026-02-04T06:23:00.250381,20.2,41.2,0,0,none,none
2026-02-04T06:23:02.505339,20.2,41.2,0,0,none,none
2026-02-04T06:23:04.760149,20.2,41.2,0,0,none,none
2026-02-04T06:23:07.014947,20.2,41.2,0,0,none,none
2026-02-04T06:23:09.269694,20.2,41.2,0,0,none,none
2026-02-04T06:23:11.524788,20.2,41.2,0,0,none,none
2026-02-04T06:23:13.779639,20.2,41.1,0,0,none,none
2026-02-04T06:23:16.034295,20.2,41.2,0,0,none,none
2026-02-04T06:23:18.289163,20.2,41.2,0,0,none,none
2026-02-04T06:23:20.544158,20.2,41.2,0,0,none,none
2026-02-04T06:23:22.798910,20.2,41.2,0,0,none,none
2026-02-04T06:23:25.053878,20.2,41.2,0,0,none,none
2026-02-04T06:23:27.310861,20.2,41.2,0,0,none,none
2026-02-04T06:23:29.565696,20.2,41.1,0,0,none,none
2026-02-04T06:23:31.820561,20.2,41.2,0,0,none,none
2026-02-04T06:23:34.075426,20.2,41.2,0,0,none,none
2026-02-04T06:23:36.330235,20.2,41.2,0,0,none,none
2026-02-04T06:23:38.585280,20.2,41.2,0,0,none,none
2026-02-04T06:23:40.840200,20.2,41.2,0,0,none,none
2026-02-04T06:23:43.094795,20.2,41.2,0,0,none,none
2026-02-04T06:23:45.349842,20.2,41.2,0,0,none,none
2026-02-04T06:23:47.604763,20.2,41.1,0,0,none,none
2026-02-04T06:23:49.859321,20.2,41.2,0,0,none,none
2026-02-04T06:23:52.114193,20.2,41.2,0,0,none,none
2026-02-04T06:23:54.369004,20.2,41.1,0,0,none,none
2026-02-04T06:23:56.623857,20.2,41.1,0,0,none,none
2026-02-04T06:23:58.878568,20.2,41.2,0,0,none,none
2026-02-04T06:24:01.133385,20.2,41.2,0,0,none,none
2026-02-04T06:24:03.388135,20.2,41.2,0,0,none,none
2026-02-04T06:24:05.643242,20.2,41.2,0,0,none,none
2026-02-04T06:24:07.898147,20.2,41.2,0,0,none,none
2026-02-04T06:24:10.152913,20.2,41.2,0,0,none,none
2026-02-04T06:24:12.407806,20.2,41.2,0,0,none,none
2026-02-04T06:24:14.662811,20.2,41.2,0,0,none,none
2026-02-04T06:24:16.917466,20.2,41.2,0,0,none,none
2026-02-04T06:24:19.172320,20.2,41.2,0,0,none,none
2026-02-04T06:24:21.427287,20.2,41.2,0,0,none,none
2026-02-04T06:24:23.682091,20.2,41.1,0,0,none,none
2026-02-04T06:24:25.937007,20.2,41.2,0,0,none,none
2026-02-04T06:24:28.191913,20.2,41.2,0,0,none,none
2026-02-04T06:24:30.446780,20.2,41.2,0,0,none,none
2026-02-04T06:24:32.701834,20.2,41.2,0,0,none,none
2026-02-04T06:24:34.956766,20.2,41.2,0,0,none,none
2026-02-04T06:24:37.211498,20.2,41.2,0,0,none,none
2026-02-04T06:24:39.466501,20.2,41.2,0,0,none,none
2026-02-04T06:24:41.721357,20.2,41.2,0,0,none,none
2026-02-04T06:24:43.976105,20.2,41.2,0,0,none,none
2026-02-04T06:24:46.231061,20.2,41.2,0,0,none,none
2026-02-04T06:24:48.486097,20.2,41.2,0,0,none,none
2026-02-04T06:24:50.740596,20.2,41.2,0,0,none,none
2026-02-04T06:24:52.995406,20.2,41.1,0,0,none,none
2026-02-04T06:24:55.250276,20.2,41.2,0,0,none,none
2026-02-04T06:24:57.504909,20.2,41.1,0,0,none,none
2026-02-04T06:24:59.840702,20.2,41.1,0,0,none,none
2026-02-04T06:25:02.096082,20.2,41.2,0,0,none,none
2026-02-04T06:25:04.350846,20.2,41.1,0,0,none,none
2026-02-04T06:25:06.606004,20.2,41.2,0,0,none,none
2026-02-04T06:25:08.860950,20.2,41.2,0,0,none,none
2026-02-04T06:25:11.115761,20.2,41.1,0,0,none,none
2026-02-04T06:25:13.370694,20.2,41.1,0,0,none,none
2026-02-04T06:25:15.625831,20.2,41.2,0,0,none,none
2026-02-04T06:25:17.880595,20.2,41.2,0,0,none,none
2026-02-04T06:25:20.135531,20.2,41.2,0,0,none,none
2026-02-04T06:25:22.390524,20.2,41.1,0,0,none,none
2026-02-04T06:25:24.645331,20.2,41.1,0,0,none,none
2026-02-04T06:25:26.900322,20.2,41.2,0,0,none,none
2026-02-04T06:25:29.155220,20.2,41.1,0,0,none,none
2026-02-04T06:25:31.410010,20.2,41.1,0,0,none,none
2026-02-04T06:25:33.665004,20.2,41.1,0,0,none,none
2026-02-04T06:25:35.919923,20.2,41.1,0,0,none,none
2026-02-04T06:25:38.174624,20.2,41.1,0,0,none,none
2026-02-04T06:25:40.429566,20.2,41.2,0,0,none,none
2026-02-04T06:25:42.684371,20.2,41.2,0,0,none,none
2026-02-04T06:25:44.939020,20.2,41.2,0,0,none,none
2026-02-04T06:25:47.194046,20.2,41.2,0,0,none,none
2026-02-04T06:25:49.449050,20.2,41.2,0,0,none,none
2026-02-04T06:25:51.703777,20.1,41.1,0,0,none,none
2026-02-04T06:25:53.958664,20.2,41.2,0,0,none,none
2026-02-04T06:25:56.213456,20.2,41.2,0,0,none,none
2026-02-04T06:25:58.468362,20.2,41.1,0,0,none,none
2026-02-04T06:26:00.723225,20.2,41.2,0,0,none,none
2026-02-04T06:26:02.978201,20.2,41.2,0,0,none,none
2026-02-04T06:26:05.232840,20.2,41.1,0,0,none,none
2026-02-04T06:26:07.488114,20.2,41.1,0,0,none,none
2026-02-04T06:26:09.743029,20.2,41.1,0,0,none,none
2026-02-04T06:26:11.997784,20.2,41.1,0,0,none,none
2026-02-04T06:26:14.252606,20.2,41.1,0,0,none,none
2026-02-04T06:26:16.509159,20.2,41.1,0,0,none,none
2026-02-04T06:26:18.763720,20.2,41.1,0,0,none,none
2026-02-04T06:26:21.018563,20.2,41.2,0,0,none,none
2026-02-04T06:26:23.273379,20.2,41.2,0,0,none,none
2026-02-04T06:26:25.528241,20.2,41.2,0,0,none,none
2026-02-04T06:26:27.783068,20.2,41.2,0,0,none,none
2026-02-04T06:26:30.037941,20.2,41.2,0,0,none,none
2026-02-04T06:26:32.292495,20.2,41.2,0,0,none,none
2026-02-04T06:26:34.547485,20.2,41.2,0,0,none,none
2026-02-04T06:26:36.802383,20.2,41.2,0,0,none,none
2026-02-04T06:26:39.057159,20.2,41.2,0,0,none,none
2026-02-04T06:26:41.312086,20.2,41.2,0,0,none,none
2026-02-04T06:26:43.567071,20.2,41.2,0,0,none,none
2026-02-04T06:26:45.821882,20.2,41.2,0,0,none,none
2026-02-04T06:26:48.076611,20.2,41.2,0,0,none,none
2026-02-04T06:26:50.331480,20.2,41.2,0,0,none,none
2026-02-04T06:26:52.586377,20.2,41.2,0,0,none,none
2026-02-04T06:26:54.841369,20.2,41.1,0,0,none,none
2026-02-04T06:26:57.096301,20.2,41.2,0,0,none,none
2026-02-04T06:26:59.351075,20.2,41.2,0,0,none,none
2026-02-04T06:27:01.606164,20.2,41.2,0,0,none,none
2026-02-04T06:27:03.861132,20.2,41.2,0,0,none,none
2026-02-04T06:27:06.115807,20.2,41.2,0,0,none,none
2026-02-04T06:27:08.370743,20.2,41.2,0,0,none,none
2026-02-04T06:27:10.625714,20.2,41.2,0,0,none,none
2026-02-04T06:27:12.880458,20.2,41.2,0,0,none,none
2026-02-04T06:27:15.135394,20.2,41.2,0,0,none,none
2026-02-04T06:27:17.392354,20.2,41.2,0,0,none,none
2026-02-04T06:27:19.646756,20.2,41.2,0,0,none,none
2026-02-04T06:27:21.901804,20.2,41.2,0,0,none,none
2026-02-04T06:27:24.156824,20.2,41.2,0,0,none,none
2026-02-04T06:27:26.411575,20.2,41.2,0,0,none,none
2026-02-04T06:27:28.666492,20.2,41.3,0,0,none,none
2026-02-04T06:27:30.921471,20.2,41.3,0,0,none,none
2026-02-04T06:27:33.176243,20.2,41.3,0,0,none,none
2026-02-04T06:27:35.431303,20.2,41.3,0,0,none,none
2026-02-04T06:27:37.686182,20.2,41.2,0,0,none,none
2026-02-04T06:27:39.940936,20.2,41.3,0,0,none,none
2026-02-04T06:27:42.195897,20.2,41.2,0,0,none,none
2026-02-04T06:27:44.450975,20.2,41.2,0,0,none,none
2026-02-04T06:27:46.705782,20.2,41.2,0,0,none,none
2026-02-04T06:27:48.960491,20.2,41.2,0,0,none,none
2026-02-04T06:27:51.215493,20.1,41.2,0,0,none,none
2026-02-04T06:27:53.470279,20.2,41.3,0,0,none,none
2026-02-04T06:27:55.725305,20.1,41.2,0,0,none,none
2026-02-04T06:27:57.980206,20.2,41.2,0,0,none,none
2026-02-04T06:28:00.234973,20.1,41.1,0,0,none,none
2026-02-04T06:28:02.490164,20.1,41.2,0,0,none,none
2026-02-04T06:28:04.745063,20.2,41.3,0,0,none,none
2026-02-04T06:28:06.999830,20.2,41.3,0,0,none,none
2026-02-04T06:28:09.254804,20.1,41.2,0,0,none,none
2026-02-04T06:28:11.509859,20.2,41.3,0,0,none,none
2026-02-04T06:28:13.764603,20.2,41.3,0,0,none,none
2026-02-04T06:28:16.019436,20.1,41.1,0,0,none,none
2026-02-04T06:28:18.274306,20.2,41.2,0,0,none,none
2026-02-04T06:28:20.529153,20.1,41.1,0,0,none,none
2026-02-04T06:28:22.784034,20.1,41.1,0,0,none,none
2026-02-04T06:28:25.040566,20.2,41.2,0,0,none,none
2026-02-04T06:28:27.295174,20.1,41.1,0,0,none,none
2026-02-04T06:28:29.550193,20.1,41.1,0,0,none,none
2026-02-04T06:28:31.804978,20.1,41.1,0,0,none,none
2026-02-04T06:28:34.059701,20.1,41.1,0,0,none,none
2026-02-04T06:28:36.314654,20.2,41.2,0,0,none,none
2026-02-04T06:28:38.569508,20.2,41.2,0,0,none,none
2026-02-04T06:28:40.824253,20.1,41.1,0,0,none,none
2026-02-04T06:28:43.079124,20.1,41.1,0,0,none,none
2026-02-04T06:28:45.334050,20.1,41.1,0,0,none,none
2026-02-04T06:28:47.588900,20.2,41.2,0,0,none,none
2026-02-04T06:28:49.843814,20.2,41.2,0,0,none,none
2026-02-04T06:28:52.098659,20.1,41.2,0,0,none,none
2026-02-04T06:28:54.353369,20.2,41.2,0,0,none,none
2026-02-04T06:28:56.608442,20.2,41.2,0,0,none,none
2026-02-04T06:28:58.863356,20.2,41.2,0,0,none,none
2026-02-04T06:29:01.118122,20.1,41.1,0,0,none,none
2026-02-04T06:29:03.373025,20.1,41.1,0,0,none,none
2026-02-04T06:29:05.627675,20.2,41.3,0,0,none,none
2026-02-04T06:29:07.882431,20.1,41.1,0,0,none,none
2026-02-04T06:29:10.137232,20.1,41.2,0,0,none,none
2026-02-04T06:29:12.392142,20.1,41.1,0,0,none,none
2026-02-04T06:29:14.646376,20.2,41.3,0,0,none,none
2026-02-04T06:29:16.901353,20.1,41.2,0,0,none,none
2026-02-04T06:29:19.156195,20.1,41.2,0,0,none,none
2026-02-04T06:29:21.410474,20.1,41.1,0,0,none,none
2026-02-04T06:29:23.665501,20.1,41.1,0,0,none,none
2026-02-04T06:29:25.920516,20.1,41.1,0,0,none,none
2026-02-04T06:29:28.175077,20.1,41.1,0,0,none,none
2026-02-04T06:29:30.430124,20.2,41.2,0,0,none,none
2026-02-04T06:29:32.685156,20.1,41.2,0,0,none,none
2026-02-04T06:29:34.939660,20.2,41.2,0,0,none,none
2026-02-04T06:29:37.194584,20.1,41.1,0,0,none,none
2026-02-04T06:29:39.449558,20.2,41.3,0,0,none,none
2026-02-04T06:29:41.704149,20.1,41.1,0,0,none,none
2026-02-04T06:29:43.958558,20.2,41.3,0,0,none,none
2026-02-04T06:29:46.213506,20.2,41.3,0,0,none,none
2026-02-04T06:29:48.468336,20.1,41.2,0,0,none,none
2026-02-04T06:29:50.723219,20.2,41.3,0,0,none,none
2026-02-04T06:29:52.978075,20.2,41.3,0,0,none,none
2026-02-04T06:29:55.232757,20.1,41.2,0,0,none,none
2026-02-04T06:29:57.487878,20.2,41.3,0,0,none,none
2026-02-04T06:29:59.742496,20.1,41.2,0,0,none,none
2026-02-04T06:30:01.997163,20.2,41.3,0,0,none,none
2026-02-04T06:30:04.252067,20.2,41.3,0,0,none,none
2026-02-04T06:30:06.506923,20.2,41.3,0,0,none,none
2026-02-04T06:30:08.761719,20.2,41.3,0,0,none,none
2026-02-04T06:30:11.016504,20.2,41.3,0,0,none,none
2026-02-04T06:30:13.273528,20.1,41.2,0,0,none,none
2026-02-04T06:30:15.528433,20.2,41.3,0,0,none,none
2026-02-04T06:30:17.782818,20.1,41.2,0,0,none,none
2026-02-04T06:30:20.037688,20.2,41.3,0,0,none,none
2026-02-04T06:30:22.292309,20.1,41.2,0,0,none,none
2026-02-04T06:30:24.547345,20.1,41.2,0,0,none,none
2026-02-04T06:30:26.801953,20.2,41.3,0,0,none,none
2026-02-04T06:30:29.056595,20.1,41.2,0,0,none,none
2026-02-04T06:30:31.311365,20.2,41.3,0,0,none,none
2026-02-04T06:30:33.566168,20.2,41.3,0,0,none,none
2026-02-04T06:30:35.820817,20.1,41.2,0,0,none,none
2026-02-04T06:30:38.075696,20.1,41.2,0,0,none,none
2026-02-04T06:30:40.330479,20.2,41.3,0,0,none,none
2026-02-04T06:30:42.585247,20.2,41.3,0,0,none,none
2026-02-04T06:30:44.840154,20.1,41.2,0,0,none,none
2026-02-04T06:30:47.094783,20.1,41.2,0,0,none,none
2026-02-04T06:30:49.349530,20.2,41.2,0,0,none,none
2026-02-04T06:30:51.604300,20.2,41.3,0,0,none,none
2026-02-04T06:30:53.859037,20.1,41.2,0,0,none,none
2026-02-04T06:30:56.113660,20.2,41.3,0,0,none,none
2026-02-04T06:30:58.368509,20.2,41.2,0,0,none,none
2026-02-04T06:31:00.623486,20.2,41.2,0,0,none,none
2026-02-04T06:31:02.878100,20.1,41.1,0,0,none,none
2026-02-04T06:31:05.132832,20.1,41.1,0,0,none,none
2026-02-04T06:31:07.387469,20.1,41.1,0,0,none,none
2026-02-04T06:31:09.642297,20.2,41.2,0,0,none,none
2026-02-04T06:31:11.897197,20.1,41.2,0,0,none,none
2026-02-04T06:31:14.151954,20.1,41.1,0,0,none,none
2026-02-04T06:31:16.406672,20.1,41.2,0,0,none,none
2026-02-04T06:31:18.661614,20.1,41.1,0,0,none,none
2026-02-04T06:31:20.916547,20.1,41.1,0,0,none,none
2026-02-04T06:31:23.171132,20.2,41.2,0,0,none,none
2026-02-04T06:31:25.426203,20.1,41.1,0,0,none,none
2026-02-04T06:31:27.681168,20.1,41.2,0,0,none,none
2026-02-04T06:31:29.935657,20.1,41.1,0,0,none,none
2026-02-04T06:31:32.190422,20.1,41.1,0,0,none,none
2026-02-04T06:31:34.445471,20.1,41.1,0,0,none,none
2026-02-04T06:31:36.700022,20.1,41.2,0,0,none,none
2026-02-04T06:31:38.954856,20.1,41.2,0,0,none,none
2026-02-04T06:31:41.209805,20.1,41.2,0,0,none,none
2026-02-04T06:31:43.464666,20.1,41.1,0,0,none,none
2026-02-04T06:31:45.719586,20.1,41.1,0,0,none,none
2026-02-04T06:31:47.974520,20.2,41.2,0,0,none,none
2026-02-04T06:31:50.229323,20.2,41.2,0,0,none,none
2026-02-04T06:31:52.484361,20.1,41.1,0,0,none,none
2026-02-04T06:31:54.739237,20.1,41.1,0,0,none,none
2026-02-04T06:31:56.993985,20.2,41.2,0,0,none,none
2026-02-04T06:31:59.248887,20.1,41.1,0,0,none,none
2026-02-04T06:32:01.503540,20.1,41.1,0,0,none,none
2026-02-04T06:32:03.758165,20.1,41.1,0,0,none,none
2026-02-04T06:32:06.013008,20.2,41.2,0,0,none,none
2026-02-04T06:32:08.267655,20.1,41.1,0,0,none,none
2026-02-04T06:32:10.522122,20.1,41.1,0,0,none,none
2026-02-04T06:32:12.777061,20.2,41.2,0,0,none,none
2026-02-04T06:32:15.031950,20.2,41.2,0,0,none,none
2026-02-04T06:32:17.286464,20.1,41.1,0,0,none,none
2026-02-04T06:32:19.541500,20.1,41.1,0,0,none,none
2026-02-04T06:32:21.796486,20.1,41.1,0,0,none,none
2026-02-04T06:32:24.050672,20.2,41.2,0,0,none,none
2026-02-04T06:32:26.305684,20.1,41.1,0,0,none,none
2026-02-04T06:32:28.560730,20.1,41.1,0,0,none,none
2026-02-04T06:32:30.815379,20.2,41.2,0,0,none,none
2026-02-04T06:32:33.070356,20.1,41.1,0,0,none,none
2026-02-04T06:32:35.325271,20.1,41.1,0,0,none,none
2026-02-04T06:32:37.580120,20.1,41.1,0,0,none,none
2026-02-04T06:32:39.835035,20.1,41.1,0,0,none,none
2026-02-04T06:32:42.092021,20.2,41.2,0,0,none,none
2026-02-04T06:32:44.346676,20.1,41.1,0,0,none,none
2026-02-04T06:32:46.601813,20.1,41.1,0,0,none,none
2026-02-04T06:32:48.856718,20.2,41.2,0,0,none,none
2026-02-04T06:32:51.111472,20.2,41.2,0,0,none,none
2026-02-04T06:32:53.366363,20.2,41.2,0,0,none,none
2026-02-04T06:32:55.621451,20.2,41.2,0,0,none,none
2026-02-04T06:32:57.876196,20.1,41.1,0,0,none,none
2026-02-04T06:33:00.130988,20.1,41.1,0,0,none,none
2026-02-04T06:33:02.385975,20.1,41.1,0,0,none,none
2026-02-04T06:33:04.640645,20.1,41.1,0,0,none,none
2026-02-04T06:33:06.895381,20.2,41.2,0,0,none,none
2026-02-04T06:33:09.150301,20.1,41.1,0,0,none,none
2026-02-04T06:33:11.405089,20.1,41.1,0,0,none,none
2026-02-04T06:33:13.660371,20.2,41.2,0,0,none,none
2026-02-04T06:33:15.915213,20.1,41.1,0,0,none,none
2026-02-04T06:33:18.169984,20.1,41.1,0,0,none,none
2026-02-04T06:33:20.425000,20.2,41.2,0,0,none,none
2026-02-04T06:33:22.681971,20.1,41.1,0,0,none,none
2026-02-04T06:33:24.936637,20.1,41.1,0,0,none,none
2026-02-04T06:33:27.191525,20.1,41.1,0,0,none,none
2026-02-04T06:33:29.446560,20.1,41.1,0,0,none,none
2026-02-04T06:33:31.701318,20.1,41.1,0,0,none,none
2026-02-04T06:33:33.956283,20.1,41.1,0,0,none,none
2026-02-04T06:33:36.211203,20.2,41.2,0,0,none,none
2026-02-04T06:33:38.466117,20.1,41.1,0,0,none,none
2026-02-04T06:33:40.720951,20.1,41.1,0,0,none,none
2026-02-04T06:33:42.975705,20.2,41.3,0,0,none,none
2026-02-04T06:33:45.230431,20.1,41.1,0,0,none,none
2026-02-04T06:33:47.485582,20.1,41.1,0,0,none,none
2026-02-04T06:33:49.740555,20.1,41.1,0,0,none,none
2026-02-04T06:33:51.995074,20.1,41.1,0,0,none,none
2026-02-04T06:33:54.250137,20.1,41.1,0,0,none,none
2026-02-04T06:33:56.504638,20.1,41.1,0,0,none,none
2026-02-04T06:33:58.759396,20.1,41.1,0,0,none,none
2026-02-04T06:34:01.014438,20.1,41.1,0,0,none,none
2026-02-04T06:34:03.269218,20.2,41.2,0,0,none,none
2026-02-04T06:34:05.524116,20.1,41.1,0,0,none,none
2026-02-04T06:34:07.779114,20.1,41.1,0,0,none,none
2026-02-04T06:34:10.034076,20.2,41.2,0,0,none,none
2026-02-04T06:34:12.288792,20.2,41.2,0,0,none,none
2026-02-04T06:34:14.543798,20.1,41.1,0,0,none,none
2026-02-04T06:34:16.798760,20.1,41.1,0,0,none,none
2026-02-04T06:34:19.053474,20.1,41.1,0,0,none,none
2026-02-04T06:34:21.308393,20.2,41.2,0,0,none,none
2026-02-04T06:34:23.563473,20.1,41.1,0,0,none,none
2026-02-04T06:34:25.818239,20.2,41.2,0,0,none,none
2026-02-04T06:34:28.073220,20.1,41.1,0,0,none,none
2026-02-04T06:34:30.328080,20.2,41.2,0,0,none,none
2026-02-04T06:34:32.582938,20.2,41.2,0,0,none,none
2026-02-04T06:34:34.837924,20.2,41.2,0,0,none,none
2026-02-04T06:34:37.092724,20.1,41.1,0,0,none,none
2026-02-04T06:34:39.347500,20.2,41.2,0,0,none,none
2026-02-04T06:34:41.602596,20.2,41.2,0,0,none,none
2026-02-04T06:34:43.857579,20.1,41.1,0,0,none,none
2026-02-04T06:34:46.112229,20.2,41.2,0,0,none,none
2026-02-04T06:34:48.366935,20.1,41.1,0,0,none,none
2026-02-04T06:34:50.621983,20.1,41.1,0,0,none,none
2026-02-04T06:34:52.876729,20.1,41.1,0,0,none,none
2026-02-04T06:34:55.131621,20.1,41.1,0,0,none,none
2026-02-04T06:34:57.386496,20.1,41.1,0,0,none,none
2026-02-04T06:34:59.641350,20.1,41.1,0,0,none,none
2026-02-04T06:35:01.896308,20.1,41.1,0,0,none,none
2026-02-04T06:35:04.151238,20.1,41.1,0,0,none,none
2026-02-04T06:35:06.405996,20.2,41.3,0,0,none,none
2026-02-04T06:35:08.661008,20.2,41.3,0,0,none,none
2026-02-04T06:35:10.915938,20.1,41.1,0,0,none,none
2026-02-04T06:35:13.170648,20.2,41.3,0,0,none,none
2026-02-04T06:35:15.425456,20.2,41.2,0,0,none,none
2026-02-04T06:35:17.761373,20.2,41.2,0,0,none,none
2026-02-04T06:35:20.096943,20.1,41.1,0,0,none,none
2026-02-04T06:35:22.432858,20.1,41.1,0,0,none,none
2026-02-04T06:35:24.728137,20.2,41.2,0,0,none,none
2026-02-04T06:35:26.982652,20.2,41.2,0,0,none,none
2026-02-04T06:35:29.237532,20.1,41.1,0,0,none,none
2026-02-04T06:35:31.492460,20.2,41.3,0,0,none,none
2026-02-04T06:35:33.747130,20.2,41.2,0,0,none,none
2026-02-04T06:35:36.002152,20.2,41.2,0,0,none,none
2026-02-04T06:35:38.256995,20.2,41.2,0,0,none,none
2026-02-04T06:35:40.511269,20.2,41.2,0,0,none,none
2026-02-04T06:35:42.766214,20.1,41.1,0,0,none,none
2026-02-04T06:35:45.020728,20.1,41.1,0,0,none,none
2026-02-04T06:35:47.274901,20.1,41.1,0,0,none,none
2026-02-04T06:35:49.530038,20.1,41.1,0,0,none,none
2026-02-04T06:35:51.784357,20.1,41.1,0,0,none,none
2026-02-04T06:35:54.038684,20.2,41.2,0,0,none,none
2026-02-04T06:35:56.293497,20.2,41.2,0,0,none,none
2026-02-04T06:35:58.548397,20.2,41.2,0,0,none,none
2026-02-04T06:36:00.802981,20.2,41.2,0,0,none,none
2026-02-04T06:36:03.057903,20.1,41.1,0,0,none,none
2026-02-04T06:36:05.312745,20.1,41.1,0,0,none,none
2026-02-04T06:36:07.567558,20.1,41.1,0,0,none,none
2026-02-04T06:36:09.822037,20.2,41.2,0,0,none,none
2026-02-04T06:36:12.076859,20.1,41.1,0,0,none,none
2026-02-04T06:36:14.331610,20.2,41.2,0,0,none,none
2026-02-04T06:36:16.586619,20.2,41.2,0,0,none,none
2026-02-04T06:36:18.841546,20.2,41.2,0,0,none,none
2026-02-04T06:36:21.096356,20.2,41.2,0,0,none,none
2026-02-04T06:36:23.351125,20.2,41.2,0,0,none,none
2026-02-04T06:36:25.606233,20.2,41.2,0,0,none,none
2026-02-04T06:36:27.860774,20.2,41.2,0,0,none,none
2026-02-04T06:36:30.115288,20.2,41.2,0,0,none,none
2026-02-04T06:36:32.370214,20.2,41.2,0,0,none,none
2026-02-04T06:36:34.624968,20.2,41.2,0,0,none,none
2026-02-04T06:36:36.879895,20.2,41.2,0,0,none,none
2026-02-04T06:36:39.136950,20.1,41.1,0,0,none,none
2026-02-04T06:36:41.391683,20.2,41.2,0,0,none,none
2026-02-04T06:36:43.646603,20.1,41.1,0,0,none,none
2026-02-04T06:36:45.901527,20.1,41.1,0,0,none,none
2026-02-04T06:36:48.156060,20.2,41.2,0,0,none,none
2026-02-04T06:36:50.410877,20.2,41.2,0,0,none,none
2026-02-04T06:36:52.665891,20.2,41.2,0,0,none,none
2026-02-04T06:36:54.920564,20.1,41.1,0,0,none,none
2026-02-04T06:36:57.175423,20.1,41.1,0,0,none,none
2026-02-04T06:36:59.430220,20.1,41.1,0,0,none,none
2026-02-04T06:37:01.684905,20.1,41.1,0,0,none,none
2026-02-04T06:37:03.939798,20.1,41.1,0,0,none,none
2026-02-04T06:37:06.194753,20.2,41.2,0,0,none,none
2026-02-04T06:37:08.449568,20.1,41.1,0,0,none,none
2026-02-04T06:37:10.704562,20.1,41.1,0,0,none,none
2026-02-04T06:37:12.959459,20.1,41.2,0,0,none,none
2026-02-04T06:37:15.214228,20.1,41.1,0,0,none,none
2026-02-04T06:37:17.469292,20.1,41.1,0,0,none,none
2026-02-04T06:37:19.724219,20.2,41.2,0,0,none,none
2026-02-04T06:37:21.978802,20.1,41.1,0,0,none,none
2026-02-04T06:37:24.233247,20.1,41.1,0,0,none,none
2026-02-04T06:37:26.488326,20.1,41.1,0,0,none,none
2026-02-04T06:37:28.742838,20.2,41.2,0,0,none,none
2026-02-04T06:37:30.997823,20.1,41.1,0,0,none,none
2026-02-04T06:37:33.252569,20.1,41.1,0,0,none,none
2026-02-04T06:37:35.507138,20.1,41.1,0,0,none,none
2026-02-04T06:37:37.761992,20.1,41.1,0,0,none,none
2026-02-04T06:37:40.016882,20.1,41.1,0,0,none,none
2026-02-04T06:37:42.271533,20.1,41.1,0,0,none,none
2026-02-04T06:37:44.526437,20.1,41.1,0,0,none,none
2026-02-04T06:37:46.781328,20.1,41.1,0,0,none,none
2026-02-04T06:37:49.036041,20.1,41.1,0,0,none,none
2026-02-04T06:37:51.290596,20.1,41.1,0,0,none,none
2026-02-04T06:37:53.547602,20.1,41.1,0,0,none,none
2026-02-04T06:37:55.801884,20.1,41.1,0,0,none,none
2026-02-04T06:37:58.056814,20.1,41.1,0,0,none,none
2026-02-04T06:38:00.311392,20.1,41.1,0,0,none,none
2026-02-04T06:38:02.566181,20.1,41.1,0,0,none,none
2026-02-04T06:38:04.821124,20.2,41.2,0,0,none,none
2026-02-04T06:38:07.078191,20.2,41.2,0,0,none,none
2026-02-04T06:38:09.332924,20.1,41.1,0,0,none,none
2026-02-04T06:38:11.587953,20.1,41.1,0,0,none,none
2026-02-04T06:38:13.842441,20.1,41.1,0,0,none,none
2026-02-04T06:38:16.097178,20.1,41.1,0,0,none,none
2026-02-04T06:38:18.351994,20.1,41.1,0,0,none,none
2026-02-04T06:38:20.606862,20.1,41.1,0,0,none,none
2026-02-04T06:38:22.861641,20.2,41.2,0,0,none,none
2026-02-04T06:38:25.116554,20.2,41.2,0,0,none,none
2026-02-04T06:38:27.371479,20.1,41.1,0,0,none,none
2026-02-04T06:38:29.626203,20.1,41.1,0,0,none,none
2026-02-04T06:38:31.881033,20.1,41.1,0,0,none,none
2026-02-04T06:38:34.135811,20.1,41.1,0,0,none,none
2026-02-04T06:38:36.390314,20.2,41.2,0,0,none,none
2026-02-04T06:38:38.645358,20.1,41.1,0,0,none,none
2026-02-04T06:38:40.900253,20.2,41.2,0,0,none,none
2026-02-04T06:38:43.154489,20.1,41.1,0,0,none,none
2026-02-04T06:38:45.409314,20.1,41.1,0,0,none,none
2026-02-04T06:38:47.664310,20.1,41.1,0,0,none,none
2026-02-04T06:38:49.918873,20.1,41.1,0,0,none,none
2026-02-04T06:38:52.173808,20.1,41.1,0,0,none,none
2026-02-04T06:38:54.428621,20.1,41.1,0,0,none,none
2026-02-04T06:38:56.683298,20.1,41.1,0,0,none,none
2026-02-04T06:38:58.938191,20.1,41.1,0,0,none,none
2026-02-04T06:39:01.193054,20.1,41.1,0,0,none,none
2026-02-04T06:39:03.447944,20.1,41.1,0,0,none,none
2026-02-04T06:39:05.702787,20.1,41.1,0,0,none,none
2026-02-04T06:39:07.957605,20.1,41.1,0,0,none,none
2026-02-04T06:39:10.212282,20.1,41.1,0,0,none,none
2026-02-04T06:39:12.467273,20.1,41.1,0,0,none,none
2026-02-04T06:39:14.722018,20.1,41.1,0,0,none,none
2026-02-04T06:39:16.976496,20.1,41.1,0,0,none,none
2026-02-04T06:39:19.231419,20.1,41.1,0,0,none,none
2026-02-04T06:39:21.485877,20.1,41.1,0,0,none,none
2026-02-04T06:39:23.740109,20.1,41.1,0,0,none,none
2026-02-04T06:39:25.994608,20.1,41.1,0,0,none,none
2026-02-04T06:39:28.249370,20.2,41.2,0,0,none,none
2026-02-04T06:39:30.503914,20.1,41.1,0,0,none,none
2026-02-04T06:39:32.758725,20.1,41.1,0,0,none,none
2026-02-04T06:39:35.013597,20.1,41.1,0,0,none,none
2026-02-04T06:39:37.268275,20.2,41.2,0,0,none,none
2026-02-04T06:39:39.523214,20.1,41.1,0,0,none,none
2026-02-04T06:39:41.779602,20.1,41.1,0,0,none,none
2026-02-04T06:39:44.034176,20.2,41.2,0,0,none,none
2026-02-04T06:39:46.289090,20.2,41.2,0,0,none,none
2026-02-04T06:39:48.544102,20.1,41.1,0,0,none,none
2026-02-04T06:39:50.798801,20.1,41.1,0,0,none,none
2026-02-04T06:39:53.053822,20.1,41.1,0,0,none,none
2026-02-04T06:39:55.308675,20.1,41.1,0,0,none,none
2026-02-04T06:39:57.563452,20.1,41.1,0,0,none,none
2026-02-04T06:39:59.818366,20.1,41.1,0,0,none,none
2026-02-04T06:40:02.073193,20.1,41.1,0,0,none,none
2026-02-04T06:40:04.327786,20.1,41.1,0,0,none,none
2026-02-04T06:40:06.582885,20.2,41.2,0,0,none,none
2026-02-04T06:40:08.837836,20.1,41.1,0,0,none,none
2026-02-04T06:40:11.092594,20.1,41.1,0,0,none,none
2026-02-04T06:40:13.347575,20.1,41.1,0,0,none,none
2026-02-04T06:40:15.602350,20.1,41.1,0,0,none,none
2026-02-04T06:40:17.857051,20.1,41.1,0,0,none,none
2026-02-04T06:40:20.111842,20.1,41.1,0,0,none,none
2026-02-04T06:40:22.366658,20.2,41.2,0,0,none,none
2026-02-04T06:40:24.621408,20.1,41.1,0,0,none,none
2026-02-04T06:40:26.876285,20.2,41.2,0,0,none,none
2026-02-04T06:40:29.130835,20.1,41.1,0,0,none,none
2026-02-04T06:40:31.385510,20.1,41.1,0,0,none,none
2026-02-04T06:40:33.640472,20.1,41.1,0,0,none,none
2026-02-04T06:40:35.895158,20.1,41.1,0,0,none,none
2026-02-04T06:40:38.149919,20.1,41.1,0,0,none,none
2026-02-04T06:40:40.404839,20.2,41.2,0,0,none,none
2026-02-04T06:40:42.659368,20.2,41.3,0,0,none,none
2026-02-04T06:40:44.914079,20.1,41.1,0,0,none,none
2026-02-04T06:40:47.168691,20.2,41.2,0,0,none,none
2026-02-04T06:40:49.423408,20.1,41.2,0,0,none,none
2026-02-04T06:40:51.678179,20.2,41.2,0,0,none,none
2026-02-04T06:40:53.932950,20.1,41.1,0,0,none,none
2026-02-04T06:40:56.187612,20.1,41.1,0,0,none,none
2026-02-04T06:40:58.442315,20.1,41.2,0,0,none,none
2026-02-04T06:41:00.697146,20.1,41.1,0,0,none,none
2026-02-04T06:41:02.951998,20.1,41.1,0,0,none,none
2026-02-04T06:41:05.206298,20.1,41.1,0,0,none,none
2026-02-04T06:41:07.461174,20.1,41.1,0,0,none,none
2026-02-04T06:41:09.716046,20.1,41.1,0,0,none,none
2026-02-04T06:41:11.970541,20.1,41.1,0,0,none,none
2026-02-04T06:41:14.225402,20.1,41.1,0,0,none,none
2026-02-04T06:41:16.480399,20.1,41.1,0,0,none,none
2026-02-04T06:41:18.734933,20.1,41.2,0,0,none,none
2026-02-04T06:41:20.989361,20.2,41.3,0,0,none,none
2026-02-04T06:41:23.244204,20.1,41.1,0,0,none,none
2026-02-04T06:41:25.498429,20.1,41.1,0,0,none,none
2026-02-04T06:41:27.753273,20.1,41.1,0,0,none,none
2026-02-04T06:41:30.008081,20.1,41.1,0,0,none,none
2026-02-04T06:41:32.262632,20.2,41.2,0,0,none,none
2026-02-04T06:41:34.517393,20.1,41.1,0,0,none,none
2026-02-04T06:41:36.772151,20.1,41.1,0,0,none,none
2026-02-04T06:41:39.026764,20.1,41.1,0,0,none,none
2026-02-04T06:41:41.281561,20.1,41.1,0,0,none,none
2026-02-04T06:41:43.536290,20.1,41.1,0,0,none,none
2026-02-04T06:41:45.790563,20.1,41.1,0,0,none,none
2026-02-04T06:41:48.045441,20.1,41.1,0,0,none,none
2026-02-04T06:41:50.300275,20.1,41.1,0,0,none,none
2026-02-04T06:41:52.555029,20.1,41.1,0,0,none,none
2026-02-04T06:41:54.809909,20.1,41.1,0,0,none,none
2026-02-04T06:41:57.064701,20.1,41.1,0,0,none,none
2026-02-04T06:41:59.318979,20.1,41.1,0,0,none,none
2026-02-04T06:42:01.574057,20.1,41.2,0,0,none,none
2026-02-04T06:42:03.828967,20.2,41.2,0,0,none,none
2026-02-04T06:42:06.083631,20.1,41.1,0,0,none,none
2026-02-04T06:42:08.338183,20.1,41.1,0,0,none,none
2026-02-04T06:42:10.595306,20.1,41.1,0,0,none,none
2026-02-04T06:42:12.850001,20.1,41.1,0,0,none,none
2026-02-04T06:42:15.104880,20.1,41.1,0,0,none,none
2026-02-04T06:42:17.359596,20.2,41.2,0,0,none,none
2026-02-04T06:42:19.613915,20.1,41.2,0,0,none,none
2026-02-04T06:42:21.868783,20.1,41.2,0,0,none,none
2026-02-04T06:42:24.125714,20.1,41.2,0,0,none,none
2026-02-04T06:42:26.380363,20.2,41.3,0,0,none,none
2026-02-04T06:42:28.635294,20.1,41.2,0,0,none,none
2026-02-04T06:42:30.890109,20.1,41.2,0,0,none,none
2026-02-04T06:42:33.144772,20.1,41.2,0,0,none,none
2026-02-04T06:42:35.399441,20.1,41.2,0,0,none,none
2026-02-04T06:42:37.654313,20.1,41.2,0,0,none,none
2026-02-04T06:42:39.908934,20.1,41.1,0,0,none,none
2026-02-04T06:42:42.163910,20.1,41.2,0,0,none,none
2026-02-04T06:42:44.420771,20.1,41.1,0,0,none,none
2026-02-04T06:42:46.675399,20.1,41.1,0,0,none,none
2026-02-04T06:42:48.929879,20.1,41.1,0,0,none,none
2026-02-04T06:42:51.184734,20.2,41.3,0,0,none,none
2026-02-04T06:42:53.439350,20.1,41.2,0,0,none,none
2026-02-04T06:42:55.694255,20.1,41.1,0,0,none,none
2026-02-04T06:42:57.948984,20.1,41.1,0,0,none,none
2026-02-04T06:43:00.203496,20.1,41.1,0,0,none,none
2026-02-04T06:43:02.458172,20.1,41.1,0,0,none,none
2026-02-04T06:43:04.713010,20.1,41.1,0,0,none,none
2026-02-04T06:43:06.967666,20.1,41.1,0,0,none,none
2026-02-04T06:43:09.222458,20.1,41.1,0,0,none,none
2026-02-04T06:43:11.477375,20.1,41.1,0,0,none,none
2026-02-04T06:43:13.732111,20.1,41.1,0,0,none,none
2026-02-04T06:43:15.986582,20.1,41.1,0,0,none,none
2026-02-04T06:43:18.241330,20.1,41.1,0,0,none,none
2026-02-04T06:43:20.495558,20.2,41.2,0,0,none,none
2026-02-04T06:43:22.750220,20.2,41.2,0,0,none,none
2026-02-04T06:43:25.005007,20.1,41.2,0,0,none,none
2026-02-04T06:43:27.259577,20.1,41.2,0,0,none,none
2026-02-04T06:43:29.514530,20.1,41.2,0,0,none,none
2026-02-04T06:43:31.769338,20.1,41.1,0,0,none,none
2026-02-04T06:43:34.023971,20.1,41.2,0,0,none,none
2026-02-04T06:43:36.278693,20.2,41.2,0,0,none,none
2026-02-04T06:43:38.533680,20.1,41.1,0,0,none,none
2026-02-04T06:43:40.788417,20.1,41.1,0,0,none,none
2026-02-04T06:43:43.043026,20.1,41.2,0,0,none,none
2026-02-04T06:43:45.297891,20.1,41.2,0,0,none,none
2026-02-04T06:43:47.552661,20.1,41.1,0,0,none,none
2026-02-04T06:43:49.807483,20.1,41.1,0,0,none,none
2026-02-04T06:43:52.062339,20.1,41.2,0,0,none,none
2026-02-04T06:43:54.316953,20.1,41.2,0,0,none,none
2026-02-04T06:43:56.571843,20.1,41.2,0,0,none,none
2026-02-04T06:43:58.826519,20.1,41.2,0,0,none,none
2026-02-04T06:44:01.081160,20.1,41.2,0,0,none,none
2026-02-04T06:44:03.336064,20.2,41.3,0,0,none,none
2026-02-04T06:44:05.590963,20.1,41.2,0,0,none,none
2026-02-04T06:44:07.845581,20.2,41.3,0,0,none,none
2026-02-04T06:44:10.100354,20.1,41.2,0,0,none,none
2026-02-04T06:44:12.354814,20.1,41.2,0,0,none,none
2026-02-04T06:44:14.609615,20.1,41.1,0,0,none,none
2026-02-04T06:44:16.864516,20.1,41.2,0,0,none,none
2026-02-04T06:44:19.119329,20.1,41.1,0,0,none,none
2026-02-04T06:44:21.373989,20.1,41.2,0,0,none,none
2026-02-04T06:44:23.628920,20.1,41.1,0,0,none,none
2026-02-04T06:44:25.883772,20.1,41.1,0,0,none,none
2026-02-04T06:44:28.138137,20.1,41.2,0,0,none,none
2026-02-04T06:44:30.392928,20.1,41.2,0,0,none,none
2026-02-04T06:44:32.647829,20.1,41.2,0,0,none,none
2026-02-04T06:44:34.902379,20.1,41.1,0,0,none,none
2026-02-04T06:44:37.157304,20.1,41.1,0,0,none,none
2026-02-04T06:44:39.412237,20.1,41.1,0,0,none,none
2026-02-04T06:44:41.666988,20.1,41.1,0,0,none,none
2026-02-04T06:44:43.921552,20.1,41.2,0,0,none,none
2026-02-04T06:44:46.176459,20.1,41.1,0,0,none,none
2026-02-04T06:44:48.430959,20.1,41.1,0,0,none,none
2026-02-04T06:44:50.685905,20.1,41.2,0,0,none,none
2026-02-04T06:44:52.940696,20.1,41.2,0,0,none,none
2026-02-04T06:44:55.195594,20.2,41.2,0,0,none,none
2026-02-04T06:44:57.450647,20.1,41.1,0,0,none,none
2026-02-04T06:44:59.705703,20.2,41.2,0,0,none,none
2026-02-04T06:45:01.960453,20.1,41.1,0,0,none,none
2026-02-04T06:45:04.215426,20.1,41.1,0,0,none,none
2026-02-04T06:45:06.470313,20.1,41.1,0,0,none,none
2026-02-04T06:45:08.724932,20.1,41.1,0,0,none,none
2026-02-04T06:45:10.979888,20.1,41.1,0,0,none,none
2026-02-04T06:45:13.234812,20.1,41.1,0,0,none,none
2026-02-04T06:45:15.489793,20.1,41.1,0,0,none,none
2026-02-04T06:45:17.744702,20.1,41.1,0,0,none,none
2026-02-04T06:45:19.999585,20.1,41.1,0,0,none,none
2026-02-04T06:45:22.254340,20.1,41.1,0,0,none,none
2026-02-04T06:45:24.509454,20.1,41.1,0,0,none,none
2026-02-04T06:45:26.764543,20.1,41.1,0,0,none,none
2026-02-04T06:45:29.019303,20.1,41.1,0,0,none,none
2026-02-04T06:45:31.274300,20.1,41.1,0,0,none,none
2026-02-04T06:45:33.529285,20.1,41.1,0,0,none,none
2026-02-04T06:45:35.784076,20.1,41.1,0,0,none,none
2026-02-04T06:45:38.039010,20.1,41.1,0,0,none,none
2026-02-04T06:45:40.293969,20.1,41.1,0,0,none,none
2026-02-04T06:45:42.548585,20.1,41.1,0,0,none,none
2026-02-04T06:45:44.803589,20.1,41.1,0,0,none,none
2026-02-04T06:45:47.058493,20.1,41.1,0,0,none,none
2026-02-04T06:45:49.313256,20.2,41.2,0,0,none,none
2026-02-04T06:45:51.568309,20.1,41.1,0,0,none,none
2026-02-04T06:45:53.823255,20.1,41.1,0,0,none,none
2026-02-04T06:45:56.078000,20.1,41.1,0,0,none,none
2026-02-04T06:45:58.332993,20.1,41.1,0,0,none,none
2026-02-04T06:46:00.588033,20.1,41.1,0,0,none,none
2026-02-04T06:46:02.842695,20.1,41.1,0,0,none,none
2026-02-04T06:46:05.097632,20.1,41.1,0,0,none,none
2026-02-04T06:46:07.352628,20.2,41.2,0,0,none,none
2026-02-04T06:46:09.607372,20.1,41.1,0,0,none,none
2026-02-04T06:46:11.862353,20.1,41.1,0,0,none,none
2026-02-04T06:46:14.117282,20.1,41.1,0,0,none,none
2026-02-04T06:46:16.371685,20.1,41.1,0,0,none,none
2026-02-04T06:46:18.626810,20.1,41.1,0,0,none,none
2026-02-04T06:46:20.881785,20.1,41.1,0,0,none,none
2026-02-04T06:46:23.136509,20.1,41.1,0,0,none,none
2026-02-04T06:46:25.391418,20.1,41.1,0,0,none,none
2026-02-04T06:46:27.645904,20.1,41.1,0,0,none,none
2026-02-04T06:46:29.900655,20.1,41.1,0,0,none,none
2026-02-04T06:46:32.155550,20.1,41.1,0,0,none,none
2026-02-04T06:46:34.410438,20.2,41.2,0,0,none,none
2026-02-04T06:46:36.665311,20.1,41.1,0,0,none,none
2026-02-04T06:46:38.919912,20.1,41.1,0,0,none,none
2026-02-04T06:46:41.174873,20.1,41.1,0,0,none,none
2026-02-04T06:46:43.429830,20.1,41.1,0,0,none,none
2026-02-04T06:46:45.684879,20.1,41.1,0,0,none,none
2026-02-04T06:46:47.939709,20.1,41.1,0,0,none,none
2026-02-04T06:46:50.193948,20.1,41.1,0,0,none,none
2026-02-04T06:46:52.449004,20.1,41.1,0,0,none,none
2026-02-04T06:46:54.703819,20.1,41.1,0,0,none,none
2026-02-04T06:46:56.958486,20.1,41.1,0,0,none,none
2026-02-04T06:46:59.213419,20.1,41.1,0,0,none,none
2026-02-04T06:47:01.468185,20.1,41.1,0,0,none,none
2026-02-04T06:47:03.722846,20.1,41.1,0,0,none,none
2026-02-04T06:47:05.977810,20.1,41.1,0,0,none,none
2026-02-04T06:47:08.232776,20.1,41.1,0,0,none,none
2026-02-04T06:47:10.487576,20.1,41.1,0,0,none,none
2026-02-04T06:47:12.742441,20.2,41.2,0,0,none,none
2026-02-04T06:47:14.997376,20.2,41.2,0,0,none,none
2026-02-04T06:47:17.252123,20.1,41.1,0,0,none,none
2026-02-04T06:47:19.506678,20.1,41.1,0,0,none,none
2026-02-04T06:47:21.761594,20.2,41.2,0,0,none,none
2026-02-04T06:47:24.016246,20.1,41.1,0,0,none,none
2026-02-04T06:47:26.271172,20.1,41.1,0,0,none,none
2026-02-04T06:47:28.526217,20.1,41.1,0,0,none,none
2026-02-04T06:47:30.780886,20.2,41.2,0,0,none,none
2026-02-04T06:47:33.035850,20.1,41.1,0,0,none,none
2026-02-04T06:47:35.290825,20.2,41.1,0,0,none,none
2026-02-04T06:47:37.545769,20.1,41.1,0,0,none,none
2026-02-04T06:47:39.800727,20.2,41.2,0,0,none,none
2026-02-04T06:47:42.055547,20.2,41.2,0,0,none,none
2026-02-04T06:47:44.310178,20.1,41.1,0,0,none,none
2026-02-04T06:47:46.565257,20.1,41.1,0,0,none,none
2026-02-04T06:47:48.820183,20.1,41.1,0,0,none,none
2026-02-04T06:47:51.074698,20.1,41.1,0,0,none,none
2026-02-04T06:47:53.329647,20.1,41.1,0,0,none,none
2026-02-04T06:47:55.584657,20.1,41.1,0,0,none,none
2026-02-04T06:47:57.839434,20.1,41.1,0,0,none,none
2026-02-04T06:48:00.094086,20.1,41.1,0,0,none,none
2026-02-04T06:48:02.349012,20.1,41.1,0,0,none,none
2026-02-04T06:48:04.603886,20.2,41.1,0,0,none,none
2026-02-04T06:48:06.858799,20.1,41.1,0,0,none,none
2026-02-04T06:48:09.113787,20.1,41.1,0,0,none,none
2026-02-04T06:48:11.368451,20.1,41.1,0,0,none,none
2026-02-04T06:48:13.623386,20.1,41.1,0,0,none,none
2026-02-04T06:48:15.878286,20.1,41.1,0,0,none,none
2026-02-04T06:48:18.132999,20.1,41.1,0,0,none,none
2026-02-04T06:48:20.387896,20.1,41.1,0,0,none,none
2026-02-04T06:48:22.642902,20.2,41.1,0,0,none,none
2026-02-04T06:48:24.897649,20.1,41.1,0,0,none,none
2026-02-04T06:48:27.152581,20.2,41.1,0,0,none,none
2026-02-04T06:48:29.407455,20.1,41.1,0,0,none,none
2026-02-04T06:48:31.662215,20.1,41.1,0,0,none,none
2026-02-04T06:48:33.917204,20.1,41.0,0,0,none,none
2026-02-04T06:48:36.172171,20.1,41.1,0,0,none,none
2026-02-04T06:48:38.426848,20.1,41.1,0,0,none,none
2026-02-04T06:48:40.681843,20.1,41.1,0,0,none,none
2026-02-04T06:48:42.936795,20.1,41.1,0,0,none,none
2026-02-04T06:48:45.191542,20.1,41.1,0,0,none,none
2026-02-04T06:48:47.446405,20.1,41.0,0,0,none,none
2026-02-04T06:48:49.701480,20.2,41.1,0,0,none,none
2026-02-04T06:48:51.956019,20.1,41.0,0,0,none,none
2026-02-04T06:48:54.211011,20.2,41.2,0,0,none,none
2026-02-04T06:48:56.466135,20.1,41.1,0,0,none,none
2026-02-04T06:48:58.720912,20.1,41.1,0,0,none,none
2026-02-04T06:49:00.975867,20.1,41.1,0,0,none,none
2026-02-04T06:49:03.230651,20.1,41.1,0,0,none,none
2026-02-04T06:49:05.485426,20.1,41.1,0,0,none,none
2026-02-04T06:49:07.740467,20.1,41.1,0,0,none,none
2026-02-04T06:49:09.995336,20.1,41.0,0,0,none,none
2026-02-04T06:49:12.250103,20.1,41.1,0,0,none,none
2026-02-04T06:49:14.505207,20.1,41.1,0,0,none,none
2026-02-04T06:49:16.759766,20.2,41.2,0,0,none,none
2026-02-04T06:49:19.014316,20.1,41.1,0,0,none,none
2026-02-04T06:49:21.269201,20.2,41.1,0,0,none,none
2026-02-04T06:49:23.524098,20.1,41.1,0,0,none,none
2026-02-04T06:49:25.778777,20.1,41.1,0,0,none,none
2026-02-04T06:49:28.033723,20.2,41.1,0,0,none,none
2026-02-04T06:49:30.288675,20.1,41.1,0,0,none,none
2026-02-04T06:49:32.543455,20.1,41.0,0,0,none,none
2026-02-04T06:49:34.798334,20.1,41.1,0,0,none,none
2026-02-04T06:49:37.054393,20.1,41.1,0,0,none,none
2026-02-04T06:49:39.309093,20.1,41.1,0,0,none,none
2026-02-04T06:49:41.564126,20.1,41.0,0,0,none,none
2026-02-04T06:49:43.818922,20.1,41.0,1,0,none,none
2026-02-04T06:49:46.073687,20.1,41.0,0,0,none,none
2026-02-04T06:49:48.328627,20.1,41.1,0,0,none,none
2026-02-04T06:49:50.583455,20.1,41.0,0,0,none,none
2026-02-04T06:49:52.838109,20.1,41.0,0,0,none,none
2026-02-04T06:49:55.092901,20.1,41.0,0,0,none,none
2026-02-04T06:49:57.347829,20.1,41.0,0,0,none,none
2026-02-04T06:49:59.602198,20.1,41.0,0,0,none,none
2026-02-04T06:50:01.857042,20.2,41.1,0,0,none,none
2026-02-04T06:50:04.111607,20.1,41.0,0,0,none,none
2026-02-04T06:50:06.365774,20.1,41.0,0,0,none,none
2026-02-04T06:50:08.620618,20.2,41.1,0,0,none,none
2026-02-04T06:50:10.875521,20.1,41.0,0,0,none,none
2026-02-04T06:50:13.130210,20.1,41.0,0,0,none,none
2026-02-04T06:50:15.385164,20.1,41.0,0,0,none,none
2026-02-04T06:50:17.640182,20.1,41.0,0,0,none,none
2026-02-04T06:50:19.894895,20.1,41.0,0,0,none,none
2026-02-04T06:50:22.149895,20.1,41.1,0,0,none,none
2026-02-04T06:50:24.404818,20.1,41.1,0,0,none,none
2026-02-04T06:50:26.659493,20.1,41.1,0,0,none,none
2026-02-04T06:50:28.914405,20.1,41.0,0,0,none,none
2026-02-04T06:50:31.169297,20.1,41.1,0,0,none,none
2026-02-04T06:50:33.423965,20.1,41.1,0,0,none,none
2026-02-04T06:50:35.678475,20.2,41.1,0,0,none,none
2026-02-04T06:50:37.933331,20.1,41.1,0,0,none,none
2026-02-04T06:50:40.187858,20.1,41.1,0,0,none,none
2026-02-04T06:50:42.442835,20.1,41.0,0,0,none,none
2026-02-04T06:50:44.697807,20.1,41.1,0,0,none,none
2026-02-04T06:50:46.952546,20.1,41.0,0,0,none,none
2026-02-04T06:50:49.207389,20.1,41.1,0,0,none,none
2026-02-04T06:50:51.462395,20.1,41.1,0,0,none,none
2026-02-04T06:50:53.717093,20.2,41.1,0,0,none,none
2026-02-04T06:50:55.971960,20.1,41.0,0,0,none,none
2026-02-04T06:50:58.226268,20.1,41.0,0,0,none,none
2026-02-04T06:51:00.481119,20.2,41.1,0,0,none,none
2026-02-04T06:51:02.735625,20.1,41.1,0,0,none,none
2026-02-04T06:51:04.990485,20.1,41.0,0,0,none,none
2026-02-04T06:51:07.245206,20.2,41.1,0,0,none,none
2026-02-04T06:51:09.500282,20.1,41.0,0,0,none,none
2026-02-04T06:51:11.755026,20.1,41.0,0,0,none,none
2026-02-04T06:51:14.009819,20.1,41.0,0,0,none,none
2026-02-04T06:51:16.264735,20.1,41.0,0,0,none,none
2026-02-04T06:51:18.519679,20.1,41.0,0,0,none,none
2026-02-04T06:51:20.774432,20.1,41.0,0,0,none,none
2026-02-04T06:51:23.029429,20.2,41.1,0,0,none,none
2026-02-04T06:51:25.284303,20.1,41.0,0,0,none,none
2026-02-04T06:51:27.539199,20.1,41.0,0,0,none,none
2026-02-04T06:51:29.794134,20.1,41.0,0,0,none,none
2026-02-04T06:51:32.048968,20.1,41.0,0,0,none,none
2026-02-04T06:51:34.303748,20.1,41.0,0,0,none,none
2026-02-04T06:51:36.558781,20.1,41.0,0,0,none,none
2026-02-04T06:51:38.813681,20.1,41.0,0,0,none,none
2026-02-04T06:51:41.068465,20.1,41.0,0,0,none,none
2026-02-04T06:51:43.323129,20.1,41.1,0,0,none,none
2026-02-04T06:51:45.578201,20.1,41.0,0,0,none,none
2026-02-04T06:51:47.832841,20.1,41.0,0,0,none,none
2026-02-04T06:51:50.087769,20.2,41.1,0,0,none,none
2026-02-04T06:51:52.344750,20.1,41.0,0,0,none,none
2026-02-04T06:51:54.599631,20.1,41.0,0,0,none,none
2026-02-04T06:51:56.854517,20.1,41.0,0,0,none,none
2026-02-04T06:51:59.109475,20.1,41.0,0,0,none,none
2026-02-04T06:52:01.364070,20.2,41.1,0,0,none,none
2026-02-04T06:52:03.619088,20.1,41.0,0,0,none,none
2026-02-04T06:52:05.873963,20.1,41.0,0,0,none,none
2026-02-04T06:52:08.128699,20.2,41.1,0,0,none,none
2026-02-04T06:52:10.383339,20.1,41.0,0,0,none,none
2026-02-04T06:52:12.638301,20.1,41.0,0,0,none,none
2026-02-04T06:52:14.893010,20.1,41.0,0,0,none,none
2026-02-04T06:52:17.147947,20.1,41.0,0,0,none,none
2026-02-04T06:52:19.402742,20.1,41.0,0,0,none,none
2026-02-04T06:52:21.657623,20.1,41.0,0,0,none,none
2026-02-04T06:52:23.912585,20.1,41.0,0,0,none,none
2026-02-04T06:52:26.167528,20.1,41.0,0,0,none,none
2026-02-04T06:52:28.421936,20.1,41.0,0,0,none,none
2026-02-04T06:52:30.677006,20.1,41.0,0,0,none,none
2026-02-04T06:52:32.931862,20.2,41.1,0,0,none,none
2026-02-04T06:52:35.186619,20.1,41.0,0,0,none,none
2026-02-04T06:52:37.441676,20.1,41.0,0,0,none,none
2026-02-04T06:52:39.696656,20.1,41.0,0,0,none,none
2026-02-04T06:52:41.951284,20.1,41.0,0,0,none,none
2026-02-04T06:52:44.206303,20.1,41.0,0,0,none,none
2026-02-04T06:52:46.461349,20.2,41.1,0,0,none,none
2026-02-04T06:52:48.716061,20.1,41.0,0,0,none,none
2026-02-04T06:52:50.970927,20.1,41.0,0,0,none,none
2026-02-04T06:52:53.225923,20.2,41.1,0,0,none,none
2026-02-04T06:52:55.480679,20.1,41.1,0,0,none,none
2026-02-04T06:52:57.735579,20.1,41.0,0,0,none,none
2026-02-04T06:52:59.990374,20.1,41.0,1,0,none,none
2026-02-04T06:53:02.245049,20.1,41.0,0,0,none,none
2026-02-04T06:53:04.499670,20.1,41.0,0,0,none,none
2026-02-04T06:53:06.754550,20.1,41.1,0,0,none,none
2026-02-04T06:53:09.009264,20.2,41.1,0,0,none,none
2026-02-04T06:53:11.263692,20.1,41.0,0,0,none,none
2026-02-04T06:53:13.518289,20.1,41.0,0,0,none,none
2026-02-04T06:53:15.772539,20.1,41.0,0,0,none,none
2026-02-04T06:53:18.027379,20.1,41.0,0,0,none,none
2026-02-04T06:53:20.282107,20.1,41.1,0,0,none,none
2026-02-04T06:53:22.536934,20.1,41.0,0,0,none,none
2026-02-04T06:53:24.791753,20.1,41.0,0,0,none,none
2026-02-04T06:53:27.046615,20.2,41.1,0,0,none,none
2026-02-04T06:53:29.301169,20.1,41.0,0,0,none,none
2026-02-04T06:53:31.556151,20.1,41.0,0,0,none,none
2026-02-04T06:53:33.810926,20.2,41.1,0,0,none,none
2026-02-04T06:53:36.065613,20.1,41.1,0,0,none,none
2026-02-04T06:53:38.320528,20.1,41.0,0,0,none,none
2026-02-04T06:53:40.575529,20.1,41.0,0,0,none,none
2026-02-04T06:53:42.830242,20.2,41.1,0,0,none,none
2026-02-04T06:53:45.085200,20.1,41.0,0,0,none,none
2026-02-04T06:53:47.339998,20.1,41.0,0,0,none,none
2026-02-04T06:53:49.594722,20.1,41.1,0,0,none,none
2026-02-04T06:53:51.849629,20.1,41.1,0,0,none,none
2026-02-04T06:53:54.104430,20.1,41.1,0,0,none,none
2026-02-04T06:53:56.359103,20.1,41.1,0,0,none,none
2026-02-04T06:53:58.614223,20.2,41.1,0,0,none,none
2026-02-04T06:54:00.868978,20.1,41.0,0,0,none,none
2026-02-04T06:54:03.123329,20.1,41.0,0,0,none,none
2026-02-04T06:54:05.378224,20.1,41.1,0,0,none,none
2026-02-04T06:54:07.633068,20.2,41.1,0,0,none,none
2026-02-04T06:54:09.887478,20.1,41.0,0,0,none,none
2026-02-04T06:54:12.142162,20.1,41.0,0,0,none,none
2026-02-04T06:54:14.396889,20.2,41.1,0,0,none,none
2026-02-04T06:54:16.651536,20.1,41.0,0,0,none,none
2026-02-04T06:54:18.906299,20.1,41.1,0,0,none,none
2026-02-04T06:54:21.162971,20.1,41.1,0,0,none,none
2026-02-04T06:54:23.417599,20.1,41.1,0,0,none,none
2026-02-04T06:54:25.672742,20.1,41.0,0,0,none,none
2026-02-04T06:54:27.929289,20.1,41.1,0,0,none,none
2026-02-04T06:54:30.184010,20.1,41.1,0,0,none,none
2026-02-04T06:54:32.438566,20.1,41.1,0,0,none,none
2026-02-04T06:54:34.693388,20.1,41.1,0,0,none,none
2026-02-04T06:54:36.947705,20.1,41.1,0,0,none,none
2026-02-04T06:54:39.202113,20.1,41.1,0,0,none,none
2026-02-04T06:54:41.456911,20.1,41.0,0,0,none,none
2026-02-04T06:54:43.711426,20.1,41.1,0,0,none,none
2026-02-04T06:54:45.966289,20.1,41.1,0,0,none,none
2026-02-04T06:54:48.221054,20.2,41.1,0,0,none,none
2026-02-04T06:54:50.475361,20.1,41.1,0,0,none,none
2026-02-04T06:54:52.730196,20.1,41.1,0,0,none,none
2026-02-04T06:54:54.984926,20.2,41.1,0,0,none,none
2026-02-04T06:54:57.239534,20.1,41.1,0,0,none,none
2026-02-04T06:54:59.494063,20.1,41.1,0,0,none,none
2026-02-04T06:55:01.748874,20.1,41.1,0,0,none,none
2026-02-04T06:55:04.003352,20.1,41.1,0,0,none,none
2026-02-04T06:55:06.258239,20.1,41.0,0,0,none,none
2026-02-04T06:55:08.512870,20.1,41.1,0,0,none,none
2026-02-04T06:55:10.767250,20.1,41.0,0,0,none,none
2026-02-04T06:55:13.022148,20.2,41.1,0,0,none,none
2026-02-04T06:55:15.277002,20.2,41.2,0,0,none,none
2026-02-04T06:55:17.531569,20.1,41.0,0,0,none,none
2026-02-04T06:55:19.786346,20.2,41.1,0,0,none,none
2026-02-04T06:55:22.041137,20.1,41.1,0,0,none,none
2026-02-04T06:55:24.295614,20.1,41.1,0,0,none,none
2026-02-04T06:55:26.550155,20.1,41.1,0,0,none,none
2026-02-04T06:55:28.805007,20.1,41.1,0,0,none,none
2026-02-04T06:55:31.059601,20.2,41.2,0,0,none,none
2026-02-04T06:55:33.314379,20.1,41.1,0,0,none,none
2026-02-04T06:55:35.569227,20.2,41.1,0,0,none,none
2026-02-04T06:55:37.823515,20.1,41.1,0,0,none,none
2026-02-04T06:55:40.078178,20.1,41.1,0,0,none,none
2026-02-04T06:55:42.332751,20.1,41.1,0,0,none,none
2026-02-04T06:55:44.587569,20.1,41.1,0,0,none,none
2026-02-04T06:55:46.842181,20.1,41.2,0,0,none,none
2026-02-04T06:55:49.097020,20.1,41.1,0,0,none,none
2026-02-04T06:55:51.351436,20.2,41.2,0,0,none,none
2026-02-04T06:55:53.606402,20.1,41.1,0,0,none,none
2026-02-04T06:55:55.861184,20.1,41.1,0,0,none,none
2026-02-04T06:55:58.115800,20.1,41.1,0,0,none,none
2026-02-04T06:56:00.370599,20.1,41.1,0,0,none,none
2026-02-04T06:56:02.625481,20.1,41.1,0,0,none,none
2026-02-04T06:56:04.880134,20.1,41.1,0,0,none,none
2026-02-04T06:56:07.134835,20.1,41.1,0,0,none,none
2026-02-04T06:56:09.389660,20.1,41.1,0,0,none,none
2026-02-04T06:56:11.644347,20.1,41.1,0,0,none,none
2026-02-04T06:56:13.899023,20.1,41.1,0,0,none,none
2026-02-04T06:56:16.153941,20.1,41.1,0,0,none,none
2026-02-04T06:56:18.408557,20.1,41.1,0,0,none,none
2026-02-04T06:56:20.663466,20.1,41.1,0,0,none,none
2026-02-04T06:56:22.917894,20.1,41.1,0,0,none,none
2026-02-04T06:56:25.172541,20.1,41.1,0,0,none,none
2026-02-04T06:56:27.427358,20.1,41.1,0,0,none,none
2026-02-04T06:56:29.682064,20.1,41.1,0,0,none,none
2026-02-04T06:56:31.936622,20.1,41.2,0,0,none,none
2026-02-04T06:56:34.191184,20.1,41.1,0,0,none,none
2026-02-04T06:56:36.446225,20.1,41.1,0,0,none,none
2026-02-04T06:56:38.700799,20.2,41.2,0,0,none,none
2026-02-04T06:56:40.955448,20.1,41.1,0,0,none,none
2026-02-04T06:56:43.210079,20.1,41.1,0,0,none,none
2026-02-04T06:56:45.464789,20.1,41.1,0,0,none,none
2026-02-04T06:56:47.719544,20.1,41.1,0,0,none,none
2026-02-04T06:56:49.974212,20.1,41.1,0,0,none,none
2026-02-04T06:56:52.228738,20.2,41.2,0,0,none,none
2026-02-04T06:56:54.483567,20.2,41.3,0,0,none,none
2026-02-04T06:56:56.738391,20.1,41.1,0,0,none,none
2026-02-04T06:56:58.992962,20.1,41.2,0,0,none,none
2026-02-04T06:57:01.247609,20.1,41.1,0,0,none,none
2026-02-04T06:57:03.502427,20.2,41.2,0,0,none,none
2026-02-04T06:57:05.756563,20.1,41.1,0,0,none,none
2026-02-04T06:57:08.011140,20.1,41.1,0,0,none,none
2026-02-04T06:57:10.266012,20.1,41.1,0,0,none,none
2026-02-04T06:57:12.520753,20.1,41.1,0,0,none,none
2026-02-04T06:57:14.775431,20.1,41.1,0,0,none,none
2026-02-04T06:57:17.029939,20.1,41.1,0,0,none,none
2026-02-04T06:57:19.284388,20.1,41.1,0,0,none,none
2026-02-04T06:57:21.539295,20.1,41.1,0,0,none,none
2026-02-04T06:57:23.793859,20.1,41.1,0,0,none,none
2026-02-04T06:57:26.048428,20.1,41.1,0,0,none,none
2026-02-04T06:57:28.303278,20.1,41.1,0,0,none,none
2026-02-04T06:57:30.557894,20.1,41.1,0,0,none,none
2026-02-04T06:57:32.812404,20.1,41.1,0,0,none,none
2026-02-04T06:57:35.067153,20.1,41.1,0,0,none,none
2026-02-04T06:57:37.322090,20.1,41.1,0,0,none,none
2026-02-04T06:57:39.576865,20.1,41.1,0,0,none,none
2026-02-04T06:57:41.831406,20.1,41.2,0,0,none,none
2026-02-04T06:57:44.086020,20.1,41.2,0,0,none,none
2026-02-04T06:57:46.340698,20.1,41.1,0,0,none,none
2026-02-04T06:57:48.595466,20.1,41.1,0,0,none,none
2026-02-04T06:57:50.850256,20.1,41.1,0,0,none,none
2026-02-04T06:57:53.104863,20.2,41.2,0,0,none,none
2026-02-04T06:57:55.359756,20.1,41.1,0,0,none,none
2026-02-04T06:57:57.614656,20.1,41.1,0,0,none,none
2026-02-04T06:57:59.869436,20.1,41.1,0,0,none,none
2026-02-04T06:58:02.124023,20.1,41.1,0,0,none,none
2026-02-04T06:58:04.378795,20.1,41.1,0,0,none,none
2026-02-04T06:58:06.633553,20.1,41.1,0,0,none,none
2026-02-04T06:58:08.888510,20.1,41.1,0,0,none,none
2026-02-04T06:58:11.143016,20.1,41.1,0,0,none,none
2026-02-04T06:58:13.397807,20.1,41.2,0,0,none,none
2026-02-04T06:58:15.652299,20.1,41.2,0,0,none,none
2026-02-04T06:58:17.906730,20.1,41.1,0,0,none,none
2026-02-04T06:58:20.161369,20.1,41.2,0,0,none,none
2026-02-04T06:58:22.416161,20.1,41.2,0,0,none,none
2026-02-04T06:58:24.671031,20.1,41.1,0,0,none,none
2026-02-04T06:58:26.925637,20.1,41.1,0,0,none,none
2026-02-04T06:58:29.180467,20.1,41.1,0,0,none,none
2026-02-04T06:58:31.435352,20.1,41.1,0,0,none,none
2026-02-04T06:58:33.690085,20.1,41.1,0,0,none,none
2026-02-04T06:58:35.944886,20.1,41.2,0,0,none,none
2026-02-04T06:58:38.199673,20.1,41.1,0,0,none,none
2026-02-04T06:58:40.454533,20.1,41.1,0,0,none,none
2026-02-04T06:58:42.709371,20.1,41.1,0,0,none,none
2026-02-04T06:58:44.964371,20.2,41.2,0,0,none,none
2026-02-04T06:58:47.218837,20.1,41.1,0,0,none,none
2026-02-04T06:58:49.473881,20.1,41.1,0,0,none,none
2026-02-04T06:58:51.728701,20.1,41.1,0,0,none,none
2026-02-04T06:58:53.983205,20.1,41.1,0,0,none,none
2026-02-04T06:58:56.238095,20.1,41.1,0,0,none,none
2026-02-04T06:58:58.493060,20.1,41.1,0,0,none,none
2026-02-04T06:59:00.747542,20.1,41.2,0,0,none,none
2026-02-04T06:59:03.002053,20.1,41.1,0,0,none,none
2026-02-04T06:59:05.258889,20.2,41.2,0,0,none,none
2026-02-04T06:59:07.513647,20.1,41.1,0,0,none,none
2026-02-04T06:59:09.768532,20.2,41.3,0,0,none,none
2026-02-04T06:59:12.025365,20.1,41.2,0,0,none,none
2026-02-04T06:59:14.279982,20.1,41.1,0,0,none,none
2026-02-04T06:59:16.534956,20.1,41.1,0,0,none,none
2026-02-04T06:59:18.789819,20.1,41.2,0,0,none,none
2026-02-04T06:59:21.044456,20.1,41.2,0,0,none,none
2026-02-04T06:59:23.299077,20.1,41.1,0,0,none,none
2026-02-04T06:59:25.554125,20.1,41.1,0,0,none,none
2026-02-04T06:59:27.808703,20.1,41.1,0,0,none,none
2026-02-04T06:59:30.063033,20.1,41.1,0,0,none,none
2026-02-04T06:59:32.317894,20.1,41.1,0,0,none,none
2026-02-04T06:59:34.572642,20.2,41.2,0,0,none,none
2026-02-04T06:59:36.827465,20.1,41.1,0,0,none,none
2026-02-04T06:59:39.081842,20.1,41.1,0,0,none,none
2026-02-04T06:59:41.336470,20.1,41.1,0,0,none,none
2026-02-04T06:59:43.590981,20.1,41.1,0,0,none,none
2026-02-04T06:59:45.845843,20.1,41.1,0,0,none,none
2026-02-04T06:59:48.100400,20.2,41.2,0,0,none,none
2026-02-04T06:59:50.355116,20.1,41.1,0,0,none,none
2026-02-04T06:59:52.610143,20.1,41.1,0,0,none,none
2026-02-04T06:59:54.864737,20.1,41.1,0,0,none,none
2026-02-04T06:59:57.119392,20.1,41.1,0,0,none,none
2026-02-04T06:59:59.374178,20.1,41.1,0,0,none,none
2026-02-04T07:00:01.628914,20.1,41.1,0,0,none,none
2026-02-04T07:00:03.883500,20.1,41.1,0,0,none,none
2026-02-04T07:00:06.142021,20.1,41.1,0,0,none,none
2026-02-04T07:00:08.396710,20.1,41.1,0,0,none,none
2026-02-04T07:00:10.651787,20.1,41.1,0,0,none,none
2026-02-04T07:00:12.906746,20.1,41.1,0,0,none,none
2026-02-04T07:00:15.161468,20.1,41.0,0,0,none,none
2026-02-04T07:00:17.416424,20.1,41.1,0,0,none,none
2026-02-04T07:00:19.671413,20.1,41.1,0,0,none,none
2026-02-04T07:00:21.926206,20.1,41.1,0,0,none,none
2026-02-04T07:00:24.181122,20.1,41.1,0,0,none,none
2026-02-04T07:00:26.436173,20.1,41.1,0,0,none,none
2026-02-04T07:00:28.690939,20.1,41.0,0,0,none,none
2026-02-04T07:00:30.945969,20.1,41.1,0,0,none,none
2026-02-04T07:00:33.200904,20.1,41.0,0,0,none,none
2026-02-04T07:00:35.455741,20.2,41.1,0,0,none,none
2026-02-04T07:00:37.710729,20.1,41.1,0,0,none,none
2026-02-04T07:00:39.965673,20.1,41.1,0,0,none,none
2026-02-04T07:00:42.220346,20.1,41.1,0,0,none,none
2026-02-04T07:00:44.475367,20.1,41.0,0,0,none,none
2026-02-04T07:00:46.730256,20.1,41.0,0,0,none,none
2026-02-04T07:00:48.984952,20.1,41.0,0,0,none,none
2026-02-04T07:00:51.239769,20.1,41.1,0,0,none,none
2026-02-04T07:00:53.494373,20.1,41.1,0,0,none,none
2026-02-04T07:00:55.748973,20.1,41.0,0,0,none,none
2026-02-04T07:00:58.003859,20.2,41.1,0,0,none,none
2026-02-04T07:01:00.258490,20.1,41.0,0,0,none,none
2026-02-04T07:01:02.513265,20.1,41.1,0,0,none,none
2026-02-04T07:01:04.768000,20.1,41.0,0,0,none,none
2026-02-04T07:01:07.022835,20.1,41.0,0,0,none,none
2026-02-04T07:01:09.277459,20.1,41.0,0,0,none,none
2026-02-04T07:01:11.532453,20.1,41.0,0,0,none,none
2026-02-04T07:01:13.787155,20.1,41.1,0,0,none,none
2026-02-04T07:01:16.041650,20.1,41.0,0,0,none,none
2026-02-04T07:01:18.296453,20.1,41.0,0,0,none,none
2026-02-04T07:01:20.551406,20.2,41.1,0,0,none,none
2026-02-04T07:01:22.805649,20.1,41.0,0,0,none,none
2026-02-04T07:01:25.060543,20.1,41.0,0,0,none,none
2026-02-04T07:01:27.315185,20.2,41.1,0,0,none,none
2026-02-04T07:01:29.570001,20.1,41.0,0,0,none,none
2026-02-04T07:01:31.824761,20.2,41.1,0,0,none,none
2026-02-04T07:01:34.079355,20.1,41.0,0,0,none,none
2026-02-04T07:01:36.334073,20.1,41.0,0,0,none,none
2026-02-04T07:01:38.588676,20.2,41.1,0,0,none,none
2026-02-04T07:01:40.843426,20.1,41.0,0,0,none,none
2026-02-04T07:01:43.098122,20.1,41.1,0,0,none,none
2026-02-04T07:01:45.352948,20.1,41.1,0,0,none,none
2026-02-04T07:01:47.607821,20.1,41.0,0,0,none,none
2026-02-04T07:01:49.862038,20.1,41.1,0,0,none,none
2026-02-04T07:01:52.116856,20.1,41.1,0,0,none,none
2026-02-04T07:01:54.371502,20.1,41.1,0,0,none,none
2026-02-04T07:01:56.626197,20.2,41.1,0,0,none,none
2026-02-04T07:01:58.881072,20.1,41.0,0,0,none,none
2026-02-04T07:02:01.135816,20.2,41.1,0,0,none,none
2026-02-04T07:02:03.390482,20.1,41.1,0,0,none,none
2026-02-04T07:02:05.645431,20.1,41.0,0,0,none,none
2026-02-04T07:02:07.900090,20.1,41.0,0,0,none,none
2026-02-04T07:02:10.154756,20.1,41.0,0,0,none,none
2026-02-04T07:02:12.409615,20.1,41.0,0,0,none,none
2026-02-04T07:02:14.664168,20.1,41.0,0,0,none,none
2026-02-04T07:02:16.918683,20.1,41.0,0,0,none,none
2026-02-04T07:02:19.173476,20.1,41.0,0,0,none,none
2026-02-04T07:02:21.428431,20.1,41.0,0,0,none,none
2026-02-04T07:02:23.683049,20.1,41.0,0,0,none,none
2026-02-04T07:02:25.937994,20.1,41.0,0,0,none,none
2026-02-04T07:02:28.192587,20.1,41.0,0,0,none,none
2026-02-04T07:02:30.447018,20.1,41.0,0,0,none,none
2026-02-04T07:02:32.701923,20.1,41.0,0,0,none,none
2026-02-04T07:02:34.956796,20.1,41.0,0,0,none,none
2026-02-04T07:02:37.211329,20.1,41.0,0,0,none,none
2026-02-04T07:02:39.466339,20.1,41.0,0,0,none,none
2026-02-04T07:02:41.721201,20.1,41.0,0,0,none,none
2026-02-04T07:02:43.975777,20.1,41.0,0,0,none,none
2026-02-04T07:02:46.230209,20.1,41.0,0,0,none,none
2026-02-04T07:02:48.484835,20.1,41.0,0,0,none,none
2026-02-04T07:02:50.739359,20.1,41.0,0,0,none,none
2026-02-04T07:02:52.994288,20.2,41.1,0,0,none,none
2026-02-04T07:02:55.249067,20.1,41.0,0,0,none,none
2026-02-04T07:02:57.503427,20.1,41.0,0,0,none,none
2026-02-04T07:02:59.758386,20.1,41.0,0,0,none,none
2026-02-04T07:03:02.013270,20.1,41.0,0,0,none,none
2026-02-04T07:03:04.267595,20.1,41.0,0,0,none,none
2026-02-04T07:03:06.522528,20.2,41.1,0,0,none,none
2026-02-04T07:03:08.777367,20.1,41.0,0,0,none,none
2026-02-04T07:03:11.031947,20.1,41.0,0,0,none,none
2026-02-04T07:03:13.286876,20.1,41.0,0,0,none,none
2026-02-04T07:03:15.541883,20.1,41.0,0,0,none,none
2026-02-04T07:03:17.796488,20.1,41.0,0,0,none,none
2026-02-04T07:03:20.051056,20.1,41.0,0,0,none,none
2026-02-04T07:03:22.305949,20.1,41.0,0,0,none,none
2026-02-04T07:03:24.560739,20.1,41.0,0,0,none,none
2026-02-04T07:03:26.815541,20.1,41.0,0,0,none,none
2026-02-04T07:03:29.070276,20.1,41.1,0,0,none,none
2026-02-04T07:03:31.324914,20.1,41.1,0,0,none,none
2026-02-04T07:03:33.579767,20.1,41.0,0,0,none,none
2026-02-04T07:03:35.834216,20.2,41.1,0,0,none,none
2026-02-04T07:03:38.088882,20.1,41.0,0,0,none,none
2026-02-04T07:03:40.343495,20.1,41.0,0,0,none,none
2026-02-04T07:03:42.598364,20.1,41.1,0,0,none,none
2026-02-04T07:03:44.852975,20.1,41.1,0,0,none,none
2026-02-04T07:03:47.107987,20.1,41.0,0,0,none,none
2026-02-04T07:03:49.362748,20.1,41.0,0,0,none,none
2026-02-04T07:03:51.617631,20.1,41.0,0,0,none,none
2026-02-04T07:03:53.872502,20.1,41.0,0,0,none,none
2026-02-04T07:03:56.127431,20.1,41.0,0,0,none,none
2026-02-04T07:03:58.382231,20.2,41.1,0,0,none,none
2026-02-04T07:04:00.637215,20.1,41.0,0,0,none,none
2026-02-04T07:04:02.891707,20.1,41.0,0,0,none,none
2026-02-04T07:04:05.146305,20.1,41.0,0,0,none,none
2026-02-04T07:04:07.401213,20.1,41.0,0,0,none,none
2026-02-04T07:04:09.656276,20.1,41.0,0,0,none,none
2026-02-04T07:04:11.910769,20.1,41.0,0,0,none,none
2026-02-04T07:04:14.165660,20.1,41.0,0,0,none,none
2026-02-04T07:04:16.420521,20.1,41.0,0,0,none,none
2026-02-04T07:04:18.675210,20.2,41.0,0,0,none,none
2026-02-04T07:04:20.930102,20.1,41.0,0,0,none,none
2026-02-04T07:04:23.185001,20.1,41.0,0,0,none,none
2026-02-04T07:04:25.439822,20.1,41.0,0,0,none,none
2026-02-04T07:04:27.694591,20.1,41.0,0,0,none,none
2026-02-04T07:04:29.951530,20.1,41.0,0,0,none,none
2026-02-04T07:04:32.206245,20.1,41.0,0,0,none,none
2026-02-04T07:04:34.461279,20.1,41.0,0,0,none,none
2026-02-04T07:04:36.716092,20.1,41.0,0,0,none,none
2026-02-04T07:04:38.970686,20.1,41.0,0,0,none,none
2026-02-04T07:04:41.225559,20.2,41.0,0,0,none,none
2026-02-04T07:04:43.480454,20.2,41.1,0,0,none,none
2026-02-04T07:04:45.735124,20.1,41.0,0,0,none,none
2026-02-04T07:04:47.990060,20.1,41.0,0,0,none,none
2026-02-04T07:04:50.245046,20.1,41.0,0,0,none,none
2026-02-04T07:04:52.499287,20.1,41.0,0,0,none,none
2026-02-04T07:04:54.754348,20.1,41.0,0,0,none,none
2026-02-04T07:04:57.009269,20.2,41.1,0,0,none,none
2026-02-04T07:04:59.263671,20.1,41.0,0,0,none,none
2026-02-04T07:05:01.518657,20.1,41.0,0,0,none,none
2026-02-04T07:05:03.773578,20.1,41.0,0,0,none,none
2026-02-04T07:05:06.028227,20.2,41.1,0,0,none,none
2026-02-04T07:05:08.282820,20.1,41.0,0,0,none,none
2026-02-04T07:05:10.537960,20.2,41.1,0,0,none,none
2026-02-04T07:05:12.792593,20.1,41.0,0,0,none,none
2026-02-04T07:05:15.047522,20.2,41.1,0,0,none,none
2026-02-04T07:05:17.302129,20.2,41.1,0,0,none,none
2026-02-04T07:05:19.556936,20.1,41.0,0,0,none,none
2026-02-04T07:05:21.811428,20.2,41.1,0,0,none,none
2026-02-04T07:05:24.065923,20.2,41.1,0,0,none,none
2026-02-04T07:05:26.320605,20.1,41.0,0,0,none,none
2026-02-04T07:05:28.575647,20.1,41.0,0,0,none,none
2026-02-04T07:05:30.830271,20.1,41.0,0,0,none,none
2026-02-04T07:05:33.084960,20.1,41.0,0,0,none,none
2026-02-04T07:05:35.339512,20.1,41.0,0,0,none,none
2026-02-04T07:05:37.594481,20.1,41.0,0,0,none,none
2026-02-04T07:05:39.849078,20.1,41.0,0,0,none,none
2026-02-04T07:05:42.103858,20.1,41.0,0,0,none,none
2026-02-04T07:05:44.358663,20.1,41.0,0,0,none,none
2026-02-04T07:05:46.613550,20.1,41.0,0,0,none,none
2026-02-04T07:05:48.868429,20.1,41.0,0,0,none,none
2026-02-04T07:05:51.123269,20.1,41.0,0,0,none,none
2026-02-04T07:05:53.378006,20.1,41.0,0,0,none,none
2026-02-04T07:05:55.633016,20.1,41.0,0,0,none,none
2026-02-04T07:05:57.887764,20.1,41.0,0,0,none,none
2026-02-04T07:06:00.142425,20.2,41.0,0,0,none,none
2026-02-04T07:06:02.397321,20.1,41.0,0,0,none,none
2026-02-04T07:06:04.652262,20.1,40.9,0,0,none,none
2026-02-04T07:06:06.907002,20.1,41.0,0,0,none,none
2026-02-04T07:06:09.161952,20.1,40.9,0,0,none,none
2026-02-04T07:06:11.416815,20.2,41.0,0,0,none,none
2026-02-04T07:06:13.671576,20.1,41.0,0,0,none,none
2026-02-04T07:06:15.926444,20.2,41.0,0,0,none,none
2026-02-04T07:06:18.181373,20.1,40.9,0,0,none,none
2026-02-04T07:06:20.436095,20.1,41.0,0,0,none,none
2026-02-04T07:06:22.691101,20.1,41.0,0,0,none,none
2026-02-04T07:06:24.946027,20.1,41.0,0,0,none,none
2026-02-04T07:06:27.200726,20.1,41.0,0,0,none,none
2026-02-04T07:06:29.455686,20.1,41.0,0,0,none,none
2026-02-04T07:06:31.710617,20.1,41.0,0,0,none,none
2026-02-04T07:06:33.965340,20.1,41.0,0,0,none,none
2026-02-04T07:06:36.220183,20.1,41.0,0,0,none,none
2026-02-04T07:06:38.474897,20.1,41.0,0,0,none,none
2026-02-04T07:06:40.729563,20.1,41.0,0,0,none,none
2026-02-04T07:06:42.984374,20.1,41.0,0,0,none,none
2026-02-04T07:06:45.239225,20.2,41.0,0,0,none,none
2026-02-04T07:06:47.494091,20.1,41.0,0,0,none,none
2026-02-04T07:06:49.749027,20.2,41.0,0,0,none,none
2026-02-04T07:06:52.003694,20.1,40.9,0,0,none,none
2026-02-04T07:06:54.258390,20.1,41.0,0,0,none,none
2026-02-04T07:06:56.513394,20.1,41.0,0,0,none,none
2026-02-04T07:06:58.768386,20.2,41.0,0,0,none,none
2026-02-04T07:07:01.023094,20.1,41.0,0,0,none,none
2026-02-04T07:07:03.277968,20.1,41.0,0,0,none,none
2026-02-04T07:07:05.532604,20.1,41.0,0,0,none,none
2026-02-04T07:07:07.787256,20.1,41.0,0,0,none,none
2026-02-04T07:07:10.042177,20.1,41.0,0,0,none,none
2026-02-04T07:07:12.297029,20.1,41.0,0,0,none,none
2026-02-04T07:07:14.551793,20.1,41.0,0,0,none,none
2026-02-04T07:07:16.806687,20.1,41.0,0,0,none,none
2026-02-04T07:07:19.061632,20.1,41.0,0,0,none,none
2026-02-04T07:07:21.316381,20.2,41.0,0,0,none,none
2026-02-04T07:07:23.571359,20.1,41.0,0,0,none,none
2026-02-04T07:07:25.826262,20.1,41.0,0,0,none,none
2026-02-04T07:07:28.080963,20.1,41.0,0,0,none,none
2026-02-04T07:07:30.335854,20.2,41.0,0,0,none,none
2026-02-04T07:07:32.590798,20.2,41.0,0,0,none,none
2026-02-04T07:07:34.845453,20.1,41.0,0,0,none,none
2026-02-04T07:07:37.100305,20.1,41.0,0,0,none,none
2026-02-04T07:07:39.355159,20.2,41.0,0,0,none,none
2026-02-04T07:07:41.609955,20.1,41.0,0,0,none,none
2026-02-04T07:07:43.864804,20.1,41.0,0,0,none,none
2026-02-04T07:07:46.119629,20.1,41.0,0,0,none,none
2026-02-04T07:07:48.374322,20.1,41.0,0,0,none,none
2026-02-04T07:07:50.629297,20.1,41.0,0,0,none,none
2026-02-04T07:07:52.884172,20.1,41.0,0,0,none,none
2026-02-04T07:07:55.138842,20.1,41.0,0,0,none,none
2026-02-04T07:07:57.393823,20.1,41.0,0,0,none,none
2026-02-04T07:07:59.648860,20.1,41.0,0,0,none,none
2026-02-04T07:08:01.903491,20.1,41.0,0,0,none,none
2026-02-04T07:08:04.158420,20.1,41.0,0,0,none,none
2026-02-04T07:08:06.413327,20.1,41.0,0,0,none,none
2026-02-04T07:08:08.668072,20.1,41.0,0,0,none,none
2026-02-04T07:08:10.922953,20.1,41.0,0,0,none,none
2026-02-04T07:08:13.177911,20.1,41.0,0,0,none,none
2026-02-04T07:08:15.432734,20.1,41.0,0,0,none,none
2026-02-04T07:08:17.687597,20.1,41.0,0,0,none,none
2026-02-04T07:08:19.942475,20.1,41.0,0,0,none,none
2026-02-04T07:08:22.197101,20.2,41.1,0,0,none,none
2026-02-04T07:08:24.451883,20.1,41.0,0,0,none,none
2026-02-04T07:08:26.706630,20.1,41.0,0,0,none,none
2026-02-04T07:08:28.961357,20.1,41.0,0,0,none,none
2026-02-04T07:08:31.215975,20.1,41.0,0,0,none,none
2026-02-04T07:08:33.471001,20.1,41.0,0,0,none,none
2026-02-04T07:08:35.725718,20.2,41.1,0,0,none,none
2026-02-04T07:08:37.980394,20.1,41.0,0,0,none,none
2026-02-04T07:08:40.234958,20.1,41.0,0,0,none,none
2026-02-04T07:08:42.489802,20.1,41.0,0,0,none,none
2026-02-04T07:08:44.744454,20.1,41.0,0,0,none,none
2026-02-04T07:08:46.999060,20.1,41.0,0,0,none,none
2026-02-04T07:08:49.253829,20.2,41.1,0,0,none,none
2026-02-04T07:08:51.508737,20.1,41.0,0,0,none,none
2026-02-04T07:08:53.763370,20.1,41.1,0,0,none,none
2026-02-04T07:08:56.018079,20.1,41.1,0,0,none,none
2026-02-04T07:08:58.272768,20.1,41.1,0,0,none,none
2026-02-04T07:09:00.527682,20.2,41.1,0,0,none,none
2026-02-04T07:09:02.781914,20.1,41.0,0,0,none,none
2026-02-04T07:09:05.036829,20.1,41.0,0,0,none,none
2026-02-04T07:09:07.291478,20.1,41.0,0,0,none,none
2026-02-04T07:09:09.546221,20.2,41.1,0,0,none,none
2026-02-04T07:09:11.800988,20.1,41.0,0,0,none,none
2026-02-04T07:09:14.055842,20.1,41.1,0,0,none,none
2026-02-04T07:09:16.310202,20.2,41.1,0,0,none,none
2026-02-04T07:09:18.565230,20.1,41.0,0,0,none,none
2026-02-04T07:09:20.820179,20.1,41.0,0,0,none,none
2026-02-04T07:09:23.074784,20.1,41.0,0,0,none,none
2026-02-04T07:09:25.329692,20.1,41.0,0,0,none,none
2026-02-04T07:09:27.584780,20.2,41.1,0,0,none,none
2026-02-04T07:09:29.839225,20.1,41.0,0,0,none,none
2026-02-04T07:09:32.093581,20.1,41.0,0,0,none,none
2026-02-04T07:09:34.348462,20.1,41.0,0,0,none,none
2026-02-04T07:09:36.602925,20.1,41.0,0,0,none,none
2026-02-04T07:09:38.857662,20.1,41.0,0,0,none,none
2026-02-04T07:09:41.112592,20.1,41.0,0,0,none,none
2026-02-04T07:09:43.366794,20.1,41.1,0,0,none,none
2026-02-04T07:09:45.621801,20.1,41.0,0,0,none,none
2026-02-04T07:09:47.876478,20.1,41.1,0,0,none,none
2026-02-04T07:09:50.131062,20.1,41.1,0,0,none,none
2026-02-04T07:09:52.385980,20.1,41.1,0,0,none,none
2026-02-04T07:09:54.640953,20.1,41.0,0,0,none,none
2026-02-04T07:09:56.895477,20.1,41.1,0,0,none,none
2026-02-04T07:09:59.150117,20.1,41.0,0,0,none,none
2026-02-04T07:10:01.404899,20.1,41.1,0,0,none,none
2026-02-04T07:10:03.659388,20.1,41.0,0,0,none,none
2026-02-04T07:10:05.914222,20.1,41.0,0,0,none,none
2026-02-04T07:10:08.169023,20.2,41.1,0,0,none,none
2026-02-04T07:10:10.423457,20.1,41.0,0,0,none,none
2026-02-04T07:10:12.678392,20.1,41.0,0,0,none,none
2026-02-04T07:10:14.933178,20.1,41.1,0,0,none,none
2026-02-04T07:10:17.187722,20.1,41.0,0,0,none,none
2026-02-04T07:10:19.442541,20.2,41.1,0,0,none,none
2026-02-04T07:10:21.697364,20.1,41.0,0,0,none,none
2026-02-04T07:10:23.951942,20.1,41.1,0,0,none,none
2026-02-04T07:10:26.206771,20.1,41.1,0,0,none,none
2026-02-04T07:10:28.461727,20.1,41.1,0,0,none,none
2026-02-04T07:10:30.716361,20.2,41.2,0,0,none,none
2026-02-04T07:10:32.971126,20.1,41.1,0,0,none,none
2026-02-04T07:10:35.226018,20.1,41.1,0,0,none,none
2026-02-04T07:10:37.480620,20.1,41.1,0,0,none,none
2026-02-04T07:10:39.735290,20.1,41.1,0,0,none,none
2026-02-04T07:10:41.990144,20.1,41.1,0,0,none,none
2026-02-04T07:10:44.244781,20.1,41.1,0,0,none,none
2026-02-04T07:10:46.499475,20.1,41.1,0,0,none,none
2026-02-04T07:10:48.754277,20.1,41.1,0,0,none,none
2026-02-04T07:10:51.009025,20.1,41.1,0,0,none,none
2026-02-04T07:10:53.263903,20.1,41.1,0,0,none,none
2026-02-04T07:10:55.518303,20.2,41.1,0,0,none,none
2026-02-04T07:10:57.772772,20.1,41.0,0,0,none,none
2026-02-04T07:11:00.027312,20.1,41.1,0,0,none,none
2026-02-04T07:11:02.284005,20.1,41.1,0,0,none,none
2026-02-04T07:11:04.538844,20.2,41.1,0,0,none,none
2026-02-04T07:11:06.793631,20.1,41.1,0,0,none,none
2026-02-04T07:11:09.048615,20.1,41.1,0,0,none,none
2026-02-04T07:11:11.303108,20.1,41.0,0,0,none,none
2026-02-04T07:11:13.558252,20.1,41.0,0,0,none,none
2026-02-04T07:11:15.813192,20.1,41.0,0,0,none,none
2026-02-04T07:11:18.067900,20.1,41.0,0,0,none,none
2026-02-04T07:11:20.322722,20.1,41.0,0,0,none,none
2026-02-04T07:11:22.577778,20.1,41.1,0,0,none,none
2026-02-04T07:11:24.832470,20.1,41.1,0,0,none,none
2026-02-04T07:11:27.087366,20.1,41.1,0,0,none,none
2026-02-04T07:11:29.341899,20.1,41.1,0,0,none,none
2026-02-04T07:11:31.596608,20.1,41.1,0,0,none,none
2026-02-04T07:11:33.851199,20.1,41.1,0,0,none,none
2026-02-04T07:11:36.105987,20.2,41.2,0,0,none,none
2026-02-04T07:11:38.360673,20.2,41.1,0,0,none,none
2026-02-04T07:11:40.615629,20.1,41.1,0,0,none,none
2026-02-04T07:11:42.870263,20.1,41.1,0,0,none,none
2026-02-04T07:11:45.124926,20.1,41.1,0,0,none,none
2026-02-04T07:11:47.379587,20.2,41.1,0,0,none,none
2026-02-04T07:11:49.634420,20.1,41.1,0,0,none,none
2026-02-04T07:11:51.888999,20.1,41.1,0,0,none,none
2026-02-04T07:11:54.143835,20.1,41.1,0,0,none,none
2026-02-04T07:11:56.398303,20.1,41.1,0,0,none,none
2026-02-04T07:11:58.652600,20.1,41.1,0,0,none,none
2026-02-04T07:12:00.907242,20.1,41.1,0,0,none,none
2026-02-04T07:12:03.162104,20.1,41.1,0,0,none,none
2026-02-04T07:12:05.416723,20.1,41.1,0,0,none,none
2026-02-04T07:12:07.671399,20.1,41.1,0,0,none,none
2026-02-04T07:12:09.925780,20.1,41.1,0,0,none,none
2026-02-04T07:12:12.180422,20.1,41.1,0,0,none,none
2026-02-04T07:12:14.435280,20.1,41.1,0,0,none,none
2026-02-04T07:12:16.689979,20.1,41.1,0,0,none,none
2026-02-04T07:12:18.944604,20.1,41.1,0,0,none,none
2026-02-04T07:12:21.199419,20.1,41.1,0,0,none,none
2026-02-04T07:12:23.454294,20.1,41.1,0,0,none,none
2026-02-04T07:12:25.709105,20.1,41.1,0,0,none,none
2026-02-04T07:12:27.963750,20.1,41.1,0,0,none,none
2026-02-04T07:12:30.219694,20.1,41.1,0,0,none,none
2026-02-04T07:12:32.474256,20.1,41.1,0,0,none,none
2026-02-04T07:12:34.729124,20.1,41.1,0,0,none,none
2026-02-04T07:12:36.983775,20.1,41.1,0,0,none,none
2026-02-04T07:12:39.237927,20.1,41.1,0,0,none,none
2026-02-04T07:12:41.492395,20.1,41.1,0,0,none,none
2026-02-04T07:12:43.748905,20.1,41.1,0,0,none,none
2026-02-04T07:12:46.003479,20.1,41.1,0,0,none,none
2026-02-04T07:12:48.258086,20.1,41.1,0,0,none,none
2026-02-04T07:12:50.512940,20.1,41.1,0,0,none,none
2026-02-04T07:12:52.767442,20.1,41.1,0,0,none,none
2026-02-04T07:12:55.022294,20.2,41.1,0,0,none,none
2026-02-04T07:12:57.277147,20.1,41.1,0,0,none,none
2026-02-04T07:12:59.531540,20.1,41.0,0,0,none,none
2026-02-04T07:13:01.786030,20.1,41.1,0,0,none,none
2026-02-04T07:13:04.040807,20.1,41.1,0,0,none,none
2026-02-04T07:13:06.295436,20.1,41.1,0,0,none,none
2026-02-04T07:13:08.550407,20.1,41.1,0,0,none,none
2026-02-04T07:13:10.804867,20.1,41.1,0,0,none,none
2026-02-04T07:13:13.059285,20.1,41.0,0,0,none,none
2026-02-04T07:13:15.314160,20.1,41.0,0,0,none,none
2026-02-04T07:13:17.568959,20.1,41.0,0,0,none,none
2026-02-04T07:13:19.823412,20.1,41.1,0,0,none,none
2026-02-04T07:13:22.078323,20.1,41.1,0,0,none,none
2026-02-04T07:13:24.333201,20.1,41.1,0,0,none,none
2026-02-04T07:13:26.587565,20.1,41.0,0,0,none,none
2026-02-04T07:13:28.842422,20.1,41.1,0,0,none,none
2026-02-04T07:13:31.097360,20.1,41.0,0,0,none,none
2026-02-04T07:13:33.351950,20.1,41.1,0,0,none,none
2026-02-04T07:13:35.606674,20.1,41.1,0,0,none,none
2026-02-04T07:13:37.861431,20.1,41.1,0,0,none,none
2026-02-04T07:13:40.115966,20.1,41.1,0,0,none,none
2026-02-04T07:13:42.370749,20.1,41.0,0,0,none,none
2026-02-04T07:13:44.625615,20.1,41.0,0,0,none,none
2026-02-04T07:13:46.880369,20.1,41.0,0,0,none,none
2026-02-04T07:13:49.135129,20.1,41.0,0,0,none,none
2026-02-04T07:13:51.390001,20.1,41.0,0,0,none,none
2026-02-04T07:13:53.644760,20.2,41.1,0,0,none,none
2026-02-04T07:13:55.899441,20.1,41.0,0,0,none,none
2026-02-04T07:13:58.154193,20.1,41.0,0,0,none,none
2026-02-04T07:14:00.408803,20.1,41.0,0,0,none,none
2026-02-04T07:14:02.663691,20.1,41.0,0,0,none,none
2026-02-04T07:14:04.918194,20.2,41.1,0,0,none,none
2026-02-04T07:14:07.172697,20.1,41.0,0,0,none,none
2026-02-04T07:14:09.427579,20.1,41.0,0,0,none,none
2026-02-04T07:14:11.682186,20.1,41.0,0,0,none,none
2026-02-04T07:14:13.936684,20.1,41.0,0,0,none,none
2026-02-04T07:14:16.191485,20.1,41.0,0,0,none,none
2026-02-04T07:14:18.446462,20.1,41.0,0,0,none,none
2026-02-04T07:14:20.701189,20.2,41.1,0,0,none,none
2026-02-04T07:14:22.956025,20.1,41.0,0,0,none,none
2026-02-04T07:14:25.210881,20.1,41.0,0,0,none,none
2026-02-04T07:14:27.465672,20.1,41.0,0,0,none,none
2026-02-04T07:14:29.720659,20.1,41.0,0,0,none,none
2026-02-04T07:14:31.975226,20.1,41.0,0,0,none,none
2026-02-04T07:14:34.229861,20.1,41.0,0,0,none,none
2026-02-04T07:14:36.484715,20.1,41.0,0,0,none,none
2026-02-04T07:14:38.739392,20.1,41.0,0,0,none,none
2026-02-04T07:14:40.993974,20.1,41.0,0,0,none,none
2026-02-04T07:14:43.248730,20.1,41.0,0,0,none,none
2026-02-04T07:14:45.503187,20.1,41.0,0,0,none,none
2026-02-04T07:14:47.757897,20.1,41.0,0,0,none,none
2026-02-04T07:14:50.012619,20.1,41.1,0,0,none,none
2026-02-04T07:14:52.267336,20.1,41.0,0,0,none,none
2026-02-04T07:14:54.522208,20.1,41.0,0,0,none,none
2026-02-04T07:14:56.777034,20.1,41.0,0,0,none,none
2026-02-04T07:14:59.031549,20.1,41.0,0,0,none,none
2026-02-04T07:15:01.286170,20.2,41.1,0,0,none,none
2026-02-04T07:15:03.541056,20.1,41.0,0,0,none,none
2026-02-04T07:15:05.795729,20.1,41.0,0,0,none,none
2026-02-04T07:15:08.049971,20.1,41.0,0,0,none,none
2026-02-04T07:15:10.304766,20.1,41.0,0,0,none,none
2026-02-04T07:15:12.559637,20.1,41.0,0,0,none,none
2026-02-04T07:15:14.814341,20.1,41.0,0,0,none,none
2026-02-04T07:15:17.069108,20.1,41.0,0,0,none,none
2026-02-04T07:15:19.323668,20.1,41.0,0,0,none,none
2026-02-04T07:15:21.578101,20.1,41.0,0,0,none,none
2026-02-04T07:15:23.832913,20.1,41.0,0,0,none,none
2026-02-04T07:15:26.087729,20.1,41.0,0,0,none,none
2026-02-04T07:15:28.342311,20.1,41.0,0,0,none,none
2026-02-04T07:15:30.597171,20.1,41.0,0,0,none,none
2026-02-04T07:15:32.851859,20.1,41.0,0,0,none,none
2026-02-04T07:15:35.106373,20.1,41.0,0,0,none,none
2026-02-04T07:15:37.361225,20.1,41.0,0,0,none,none
2026-02-04T07:15:39.615945,20.1,41.0,0,0,none,none
2026-02-04T07:15:41.870209,20.1,41.0,0,0,none,none
2026-02-04T07:15:44.125093,20.1,41.0,0,0,none,none
2026-02-04T07:15:46.379930,20.1,41.0,0,0,none,none
2026-02-04T07:15:48.634645,20.1,41.0,0,0,none,none
2026-02-04T07:15:50.889598,20.1,41.0,0,0,none,none
2026-02-04T07:15:53.144468,20.1,41.0,0,0,none,none
2026-02-04T07:15:55.399000,20.1,41.0,0,0,none,none
2026-02-04T07:15:57.654081,20.1,41.0,0,0,none,none
2026-02-04T07:15:59.908882,20.1,41.0,0,0,none,none
2026-02-04T07:16:02.163450,20.1,41.0,0,0,none,none
2026-02-04T07:16:04.418003,20.1,41.0,0,0,none,none
2026-02-04T07:16:06.672790,20.1,41.0,0,0,none,none
2026-02-04T07:16:08.927398,20.1,41.0,0,0,none,none
2026-02-04T07:16:11.182200,20.1,41.0,0,0,none,none
2026-02-04T07:16:13.437154,20.1,41.0,0,0,none,none
2026-02-04T07:16:15.691793,20.1,41.0,0,0,none,none
2026-02-04T07:16:17.946292,20.1,41.0,0,0,none,none
2026-02-04T07:16:20.201110,20.1,41.0,0,0,none,none
2026-02-04T07:16:22.455789,20.2,41.1,0,0,none,none
2026-02-04T07:16:24.710656,20.1,41.0,0,0,none,none
2026-02-04T07:16:26.965462,20.1,41.0,0,0,none,none
2026-02-04T07:16:29.219823,20.1,41.0,0,0,none,none
2026-02-04T07:16:31.474798,20.1,41.0,0,0,none,none
2026-02-04T07:16:33.729724,20.1,41.0,0,0,none,none
2026-02-04T07:16:35.984420,20.1,41.0,0,0,none,none
2026-02-04T07:16:38.239281,20.1,41.0,0,0,none,none
2026-02-04T07:16:40.493677,20.1,41.0,0,0,none,none
2026-02-04T07:16:42.748362,20.1,40.9,0,0,none,none
2026-02-04T07:16:45.003167,20.1,41.0,0,0,none,none
2026-02-04T07:16:47.258069,20.1,41.0,0,0,none,none
2026-02-04T07:16:49.512665,20.1,41.0,0,0,none,none
2026-02-04T07:16:51.767381,20.1,41.0,0,0,none,none
2026-02-04T07:16:54.021963,20.1,41.0,0,0,none,none
2026-02-04T07:16:56.276570,20.1,41.0,0,0,none,none
2026-02-04T07:16:58.531471,20.1,41.0,0,0,none,none
2026-02-04T07:17:00.786200,20.1,41.0,0,0,none,none
2026-02-04T07:17:03.040792,20.1,41.0,0,0,none,none
2026-02-04T07:17:05.295572,20.2,41.0,0,0,none,none
2026-02-04T07:17:07.550579,20.1,41.0,0,0,none,none
2026-02-04T07:17:09.805281,20.1,41.0,0,0,none,none
2026-02-04T07:17:12.059956,20.1,41.0,0,0,none,none
2026-02-04T07:17:14.314769,20.1,41.0,0,0,none,none
2026-02-04T07:17:16.569605,20.2,41.0,0,0,none,none
2026-02-04T07:17:18.824609,20.1,41.0,0,0,none,none
2026-02-04T07:17:21.079560,20.1,41.0,0,0,none,none
2026-02-04T07:17:23.334295,20.1,41.0,0,0,none,none
2026-02-04T07:17:25.589264,20.2,41.1,0,0,none,none
2026-02-04T07:17:27.844089,20.1,41.0,0,0,none,none
2026-02-04T07:17:30.098729,20.1,41.0,0,0,none,none
2026-02-04T07:17:32.353584,20.1,41.0,0,0,none,none
2026-02-04T07:17:34.608525,20.1,41.0,0,0,none,none
2026-02-04T07:17:36.862784,20.1,41.0,0,0,none,none
2026-02-04T07:17:39.117604,20.1,41.0,0,0,none,none
2026-02-04T07:17:41.374578,20.1,41.0,0,0,none,none
2026-02-04T07:17:43.629346,20.1,41.0,0,0,none,none
2026-02-04T07:17:45.884127,20.1,41.0,0,0,none,none
2026-02-04T07:17:48.138733,20.1,41.0,0,0,none,none
2026-02-04T07:17:50.393264,20.1,41.0,0,0,none,none
2026-02-04T07:17:52.648203,20.1,40.9,0,0,none,none
2026-02-04T07:17:54.904857,20.2,41.1,0,0,none,none
2026-02-04T07:17:57.159158,20.2,41.0,0,0,none,none
2026-02-04T07:17:59.414034,20.1,41.0,0,0,none,none
2026-02-04T07:18:01.668837,20.2,41.1,0,0,none,none
2026-02-04T07:18:03.923272,20.2,41.1,0,0,none,none
2026-02-04T07:18:06.178185,20.1,41.0,0,0,none,none
2026-02-04T07:18:08.433104,20.1,41.0,0,0,none,none
2026-02-04T07:18:10.687780,20.1,41.0,0,0,none,none
2026-02-04T07:18:12.942403,20.2,41.0,0,0,none,none
2026-02-04T07:18:15.197282,20.2,41.0,0,0,none,none
2026-02-04T07:18:17.452100,20.2,41.0,0,0,none,none
2026-02-04T07:18:19.707118,20.1,41.0,0,0,none,none
2026-02-04T07:18:21.961984,20.1,41.0,0,0,none,none
2026-02-04T07:18:24.216438,20.1,40.9,0,0,none,none
2026-02-04T07:18:26.471423,20.2,41.0,0,0,none,none
2026-02-04T07:18:28.726270,20.2,41.0,0,0,none,none
2026-02-04T07:18:30.980933,20.1,41.0,0,0,none,none
2026-02-04T07:18:33.235486,20.1,41.0,0,0,none,none
2026-02-04T07:18:35.492486,20.1,40.9,0,0,none,none
2026-02-04T07:18:37.747161,20.2,41.0,0,0,none,none
2026-02-04T07:18:40.002139,20.2,41.0,0,0,none,none
2026-02-04T07:18:42.256902,20.1,41.0,0,0,none,none
2026-02-04T07:18:44.511693,20.1,41.0,0,0,none,none
2026-02-04T07:18:46.766174,20.1,40.9,0,0,none,none
2026-02-04T07:18:49.021077,20.1,41.0,0,0,none,none
2026-02-04T07:18:51.275694,20.1,40.9,0,0,none,none
2026-02-04T07:18:53.530631,20.1,41.0,0,0,none,none
2026-02-04T07:18:55.785458,20.1,41.0,0,0,none,none
2026-02-04T07:18:58.039633,20.1,41.0,0,0,none,none
2026-02-04T07:19:00.294592,20.1,41.0,0,0,none,none
2026-02-04T07:19:02.549585,20.1,41.0,0,0,none,none
2026-02-04T07:19:04.804124,20.1,41.0,0,0,none,none
2026-02-04T07:19:07.058672,20.2,41.0,0,0,none,none
2026-02-04T07:19:09.313266,20.1,40.9,0,0,none,none
2026-02-04T07:19:11.648323,20.1,40.9,0,0,none,none
2026-02-04T07:19:13.903075,20.1,40.9,0,0,none,none
2026-02-04T07:19:16.157958,20.1,40.9,0,0,none,none
2026-02-04T07:19:18.412474,20.1,40.9,0,0,none,none
2026-02-04T07:19:20.667400,20.1,40.9,0,0,none,none
2026-02-04T07:19:22.922082,20.1,41.0,0,0,none,none
2026-02-04T07:19:25.176699,20.1,41.0,0,0,none,none
2026-02-04T07:19:27.431560,20.1,41.0,0,0,none,none
2026-02-04T07:19:29.686364,20.1,41.0,0,0,none,none
2026-02-04T07:19:31.941013,20.1,41.0,0,0,none,none
2026-02-04T07:19:34.195698,20.2,41.0,0,0,none,none
2026-02-04T07:19:36.450547,20.1,40.9,0,0,none,none
2026-02-04T07:19:38.704969,20.1,40.9,0,0,none,none
2026-02-04T07:19:40.959735,20.1,40.9,0,0,none,none
2026-02-04T07:19:43.214342,20.1,40.9,0,0,none,none
2026-02-04T07:19:45.469088,20.1,40.9,0,0,none,none
2026-02-04T07:19:47.724011,20.1,40.9,0,0,none,none
2026-02-04T07:19:49.978740,20.1,40.9,0,0,none,none
2026-02-04T07:19:52.233524,20.1,40.9,0,0,none,none
2026-02-04T07:19:54.488465,20.1,41.0,0,0,none,none
2026-02-04T07:19:56.743382,20.1,41.0,0,0,none,none
2026-02-04T07:19:58.998165,20.1,40.9,0,0,none,none
2026-02-04T07:20:01.252921,20.2,41.0,0,0,none,none
2026-02-04T07:20:03.507613,20.1,40.9,0,0,none,none
2026-02-04T07:20:05.762006,20.1,40.9,0,0,none,none
2026-02-04T07:20:08.016894,20.2,41.0,0,0,none,none
2026-02-04T07:20:10.271473,20.1,40.9,0,0,none,none
2026-02-04T07:20:12.526188,20.1,40.9,0,0,none,none
2026-02-04T07:20:14.780981,20.1,40.9,0,0,none,none
2026-02-04T07:20:17.035537,20.1,41.0,0,0,none,none
2026-02-04T07:20:19.289977,20.1,40.9,0,0,none,none
2026-02-04T07:20:21.544900,20.1,40.9,0,0,none,none
2026-02-04T07:20:23.799687,20.1,40.9,0,0,none,none
2026-02-04T07:20:26.054435,20.1,40.9,0,0,none,none
2026-02-04T07:20:28.309200,20.2,41.0,0,0,none,none
2026-02-04T07:20:30.564111,20.1,40.9,0,0,none,none
2026-02-04T07:20:32.818660,20.1,41.0,0,0,none,none
2026-02-04T07:20:35.073433,20.2,41.1,0,0,none,none
2026-02-04T07:20:37.328245,20.1,41.0,0,0,none,none
2026-02-04T07:20:39.582840,20.1,41.0,0,0,none,none
2026-02-04T07:20:41.837785,20.1,41.0,0,0,none,none
2026-02-04T07:20:44.092620,20.1,41.0,0,0,none,none
2026-02-04T07:20:46.346970,20.1,41.0,0,0,none,none
2026-02-04T07:20:48.602041,20.2,41.0,0,0,none,none
2026-02-04T07:20:50.856798,20.1,41.0,0,0,none,none
2026-02-04T07:20:53.111313,20.2,41.0,0,0,none,none
2026-02-04T07:20:55.366226,20.1,41.0,0,0,none,none
2026-02-04T07:20:57.621141,20.1,40.9,0,0,none,none
2026-02-04T07:20:59.875817,20.1,40.9,0,0,none,none
2026-02-04T07:21:02.130674,20.1,40.9,0,0,none,none
2026-02-04T07:21:04.385588,20.1,40.9,0,0,none,none
2026-02-04T07:21:06.640277,20.1,41.0,0,0,none,none
2026-02-04T07:21:08.895187,20.1,41.0,0,0,none,none
2026-02-04T07:21:11.150150,20.1,40.9,0,0,none,none
2026-02-04T07:21:13.404759,20.1,41.0,0,0,none,none
2026-02-04T07:21:15.659868,20.1,41.0,0,0,none,none
2026-02-04T07:21:17.914578,20.2,41.0,0,0,none,none
2026-02-04T07:21:20.169300,20.1,41.0,0,0,none,none
2026-02-04T07:21:22.424204,20.1,40.9,0,0,none,none
2026-02-04T07:21:24.679072,20.1,40.9,0,0,none,none
2026-02-04T07:21:26.933799,20.1,40.9,0,0,none,none
2026-02-04T07:21:29.188657,20.1,40.9,0,0,none,none
2026-02-04T07:21:31.445172,20.1,40.9,0,0,none,none
2026-02-04T07:21:33.699804,20.1,40.9,0,0,none,none
2026-02-04T07:21:35.954622,20.1,41.0,0,0,none,none
2026-02-04T07:21:38.209441,20.2,41.0,0,0,none,none
2026-02-04T07:21:40.464213,20.1,40.9,0,0,none,none
2026-02-04T07:21:42.719055,20.1,40.9,0,0,none,none
2026-02-04T07:21:44.974001,20.1,41.0,0,0,none,none
2026-02-04T07:21:47.228376,20.1,41.0,0,0,none,none
2026-02-04T07:21:49.483016,20.1,41.0,0,0,none,none
2026-02-04T07:21:51.737966,20.1,41.0,0,0,none,none
2026-02-04T07:21:53.992768,20.1,41.0,0,0,none,none
2026-02-04T07:21:56.247613,20.1,41.0,0,0,none,none
2026-02-04T07:21:58.502705,20.1,41.0,0,0,none,none
2026-02-04T07:22:00.757475,20.1,41.0,0,0,none,none
2026-02-04T07:22:03.012415,20.1,41.0,0,0,none,none
2026-02-04T07:22:05.267305,20.1,41.0,0,0,none,none
2026-02-04T07:22:07.521662,20.1,41.0,0,0,none,none
2026-02-04T07:22:09.776521,20.1,41.0,0,0,none,none
2026-02-04T07:22:12.031365,20.1,41.0,0,0,none,none
2026-02-04T07:22:14.286161,20.1,41.0,0,0,none,none
2026-02-04T07:22:16.541232,20.1,41.0,0,0,none,none
2026-02-04T07:22:18.796129,20.1,41.0,0,0,none,none
2026-02-04T07:22:21.050346,20.1,41.0,0,0,none,none
2026-02-04T07:22:23.305287,20.1,41.0,0,0,none,none
2026-02-04T07:22:25.560297,20.1,41.0,0,0,none,none
2026-02-04T07:22:27.814908,20.1,41.0,0,0,none,none
2026-02-04T07:22:30.069962,20.2,41.1,0,0,none,none
2026-02-04T07:22:32.324740,20.1,41.0,0,0,none,none
2026-02-04T07:22:34.579597,20.1,41.0,0,0,none,none
2026-02-04T07:22:36.834469,20.1,41.0,0,0,none,none
2026-02-04T07:22:39.089409,20.1,41.1,0,0,none,none
2026-02-04T07:22:41.344086,20.1,41.0,0,0,none,none
2026-02-04T07:22:43.599174,20.1,41.0,0,0,none,none
2026-02-04T07:22:45.853607,20.1,41.0,0,0,none,none
2026-02-04T07:22:48.108327,20.1,41.0,0,0,none,none
2026-02-04T07:22:50.363141,20.1,41.0,0,0,none,none
2026-02-04T07:22:52.618212,20.1,41.0,0,0,none,none
2026-02-04T07:22:54.872825,20.1,41.0,0,0,none,none
2026-02-04T07:22:57.127756,20.1,41.0,0,0,none,none
2026-02-04T07:22:59.382608,20.1,41.0,0,0,none,none
2026-02-04T07:23:01.637501,20.1,41.0,0,0,none,none
2026-02-04T07:23:03.892474,20.1,41.0,0,0,none,none
2026-02-04T07:23:06.147323,20.1,41.0,0,0,none,none
2026-02-04T07:23:08.402082,20.1,41.0,0,0,none,none
2026-02-04T07:23:10.657213,20.1,41.0,0,0,none,none
2026-02-04T07:23:12.912145,20.1,41.0,0,0,none,none
2026-02-04T07:23:15.166780,20.1,41.0,0,0,none,none
2026-02-04T07:23:17.421496,20.1,41.0,0,0,none,none
2026-02-04T07:23:19.676520,20.1,41.0,0,0,none,none
2026-02-04T07:23:21.931262,20.1,41.0,0,0,none,none
2026-02-04T07:23:24.186322,20.1,41.0,0,0,none,none
2026-02-04T07:23:26.441359,20.1,41.0,0,0,none,none
2026-02-04T07:23:28.695717,20.1,41.0,0,0,none,none
2026-02-04T07:23:30.950584,20.1,41.0,0,0,none,none
2026-02-04T07:23:33.205522,20.1,41.0,0,0,none,none
2026-02-04T07:23:35.460451,20.1,41.0,0,0,none,none
2026-02-04T07:23:37.715552,20.1,41.0,0,0,none,none
2026-02-04T07:23:39.970461,20.1,41.0,0,0,none,none
2026-02-04T07:23:42.225135,20.1,41.0,0,0,none,none
2026-02-04T07:23:44.480107,20.1,41.0,0,0,none,none
2026-02-04T07:23:46.734958,20.1,41.0,0,0,none,none
2026-02-04T07:23:48.989771,20.1,41.0,0,0,none,none
2026-02-04T07:23:51.244739,20.1,41.0,0,0,none,none
2026-02-04T07:23:53.499327,20.1,41.0,0,0,none,none
2026-02-04T07:23:55.753989,20.1,41.0,0,0,none,none
2026-02-04T07:23:58.008367,20.1,41.0,0,0,none,none
2026-02-04T07:24:00.263243,20.1,41.0,0,0,none,none
2026-02-04T07:24:02.517868,20.1,41.0,0,0,none,none
2026-02-04T07:24:04.832471,20.1,41.0,0,0,none,none
2026-02-04T07:24:07.087280,20.1,41.0,0,0,none,none
2026-02-04T07:24:09.341419,20.1,41.0,0,0,none,none
2026-02-04T07:24:11.596074,20.1,41.0,0,0,none,none
2026-02-04T07:24:13.850503,20.1,41.0,0,0,none,none
2026-02-04T07:24:16.105145,20.1,41.0,0,0,none,none
2026-02-04T07:24:18.359847,20.1,41.0,0,0,none,none
2026-02-04T07:24:20.614787,20.1,41.0,0,0,none,none
2026-02-04T07:24:22.869449,20.1,41.0,0,0,none,none
2026-02-04T07:24:25.124311,20.1,41.0,0,0,none,none
2026-02-04T07:24:27.381089,20.1,41.0,0,0,none,none
2026-02-04T07:24:29.635839,20.1,41.0,0,0,none,none
2026-02-04T07:24:31.890688,20.1,41.0,0,0,none,none
2026-02-04T07:24:34.145566,20.1,41.0,0,0,none,none
2026-02-04T07:24:36.400140,20.1,41.0,0,0,none,none
2026-02-04T07:24:38.655051,20.1,41.0,0,0,none,none
2026-02-04T07:24:40.909882,20.1,41.0,0,0,none,none
2026-02-04T07:24:43.164550,20.1,41.0,0,0,none,none
2026-02-04T07:24:45.419233,20.1,41.1,0,0,none,none
2026-02-04T07:24:47.673762,20.1,41.0,0,0,none,none
2026-02-04T07:24:49.928423,20.1,41.0,0,0,none,none
2026-02-04T07:24:52.183170,20.1,41.0,0,0,none,none
2026-02-04T07:24:54.438220,20.1,41.0,0,0,none,none
2026-02-04T07:24:56.692861,20.1,41.1,0,0,none,none
2026-02-04T07:24:58.947527,20.1,41.0,0,0,none,none
2026-02-04T07:25:01.202277,20.1,41.1,0,0,none,none
2026-02-04T07:25:03.457120,20.1,41.0,0,0,none,none
2026-02-04T07:25:05.712048,20.1,41.0,0,0,none,none
2026-02-04T07:25:07.966872,20.1,41.0,0,0,none,none
2026-02-04T07:25:10.221554,20.1,41.0,0,0,none,none
2026-02-04T07:25:12.476270,20.1,41.0,0,0,none,none
2026-02-04T07:25:14.731058,20.1,41.0,0,0,none,none
2026-02-04T07:25:16.985705,20.1,41.0,0,0,none,none
2026-02-04T07:25:19.240496,20.1,41.0,0,0,none,none
2026-02-04T07:25:21.494899,20.1,41.0,0,0,none,none
2026-02-04T07:25:23.749559,20.1,41.0,0,0,none,none
2026-02-04T07:25:26.004582,20.1,41.0,0,0,none,none
2026-02-04T07:25:28.259348,20.1,41.0,0,0,none,none
2026-02-04T07:25:30.514190,20.1,41.0,0,0,none,none
2026-02-04T07:25:32.768871,20.1,41.0,0,0,none,none
2026-02-04T07:25:35.023658,20.1,41.0,0,0,none,none
2026-02-04T07:25:37.278090,20.1,41.0,0,0,none,none
2026-02-04T07:25:39.533114,20.1,41.0,0,0,none,none
2026-02-04T07:25:41.787638,20.1,41.0,0,0,none,none
2026-02-04T07:25:44.042300,20.1,41.0,0,0,none,none
2026-02-04T07:25:46.297134,20.1,41.0,0,0,none,none
2026-02-04T07:25:48.552057,20.1,41.0,0,0,none,none
2026-02-04T07:25:50.806292,20.1,41.0,0,0,none,none
2026-02-04T07:25:53.061205,20.1,41.0,0,0,none,none
2026-02-04T07:25:55.315648,20.1,41.0,0,0,none,none
2026-02-04T07:25:57.570248,20.1,41.0,0,0,none,none
2026-02-04T07:25:59.825104,20.1,41.0,0,0,none,none
2026-02-04T07:26:02.079903,20.1,41.0,0,0,none,none
2026-02-04T07:26:04.334425,20.1,41.0,0,0,none,none
2026-02-04T07:26:06.588970,20.1,41.0,0,0,none,none
2026-02-04T07:26:08.843678,20.1,41.0,0,0,none,none
2026-02-04T07:26:11.098197,20.1,41.0,0,0,none,none
2026-02-04T07:26:13.352990,20.1,41.0,0,0,none,none
2026-02-04T07:26:15.607794,20.1,41.0,0,0,none,none
2026-02-04T07:26:17.862354,20.1,41.0,0,0,none,none
2026-02-04T07:26:20.117150,20.1,41.0,0,0,none,none
2026-02-04T07:26:22.374142,20.1,41.0,0,0,none,none
2026-02-04T07:26:24.628875,20.1,41.0,0,0,none,none
2026-02-04T07:26:26.883398,20.1,41.0,0,0,none,none
2026-02-04T07:26:29.138251,20.1,41.0,0,0,none,none
2026-02-04T07:26:31.392890,20.1,41.0,0,0,none,none
2026-02-04T07:26:33.647861,20.1,40.9,0,0,none,none
2026-02-04T07:26:35.902347,20.1,41.0,0,0,none,none
2026-02-04T07:26:38.157011,20.1,41.0,0,0,none,none
2026-02-04T07:26:40.411797,20.1,41.0,0,0,none,none
2026-02-04T07:26:42.668792,20.1,41.0,0,0,none,none
2026-02-04T07:26:44.923404,20.1,41.0,0,0,none,none
2026-02-04T07:26:47.178353,20.1,41.0,0,0,none,none
2026-02-04T07:26:49.433335,20.1,41.0,0,0,none,none
2026-02-04T07:26:51.687961,20.1,41.0,0,0,none,none
2026-02-04T07:26:53.942734,20.1,41.0,0,0,none,none
2026-02-04T07:26:56.197586,20.1,41.0,0,0,none,none
2026-02-04T07:26:58.452376,20.1,41.0,0,0,none,none
2026-02-04T07:27:00.707279,20.1,41.0,0,0,none,none
2026-02-04T07:27:02.962153,20.1,41.0,0,0,none,none
2026-02-04T07:27:05.216884,20.1,41.0,0,0,none,none
2026-02-04T07:27:07.471696,20.1,41.0,0,0,none,none
2026-02-04T07:27:09.726627,20.1,41.0,0,0,none,none
2026-02-04T07:27:11.981358,20.1,41.0,0,0,none,none
2026-02-04T07:27:14.236316,20.1,41.0,0,0,none,none
2026-02-04T07:27:16.490775,20.1,40.9,0,0,none,none
2026-02-04T07:27:18.745422,20.1,41.0,0,0,none,none
2026-02-04T07:27:21.000322,20.1,41.0,0,0,none,none
2026-02-04T07:27:23.254979,20.1,41.0,0,0,none,none
2026-02-04T07:27:25.509839,20.1,41.0,0,0,none,none
2026-02-04T07:27:27.764769,20.1,41.0,0,0,none,none
2026-02-04T07:27:30.019552,20.1,41.0,0,0,none,none
2026-02-04T07:27:32.274324,20.1,41.0,0,0,none,none
2026-02-04T07:27:34.529397,20.1,41.0,0,0,none,none
2026-02-04T07:27:36.784280,20.1,41.0,0,0,none,none
2026-02-04T07:27:39.038926,20.1,40.9,0,0,none,none
2026-02-04T07:27:41.293945,20.1,40.9,0,0,none,none
2026-02-04T07:27:43.548882,20.1,40.9,0,0,none,none
2026-02-04T07:27:45.803340,20.1,40.9,0,0,none,none
2026-02-04T07:27:48.058207,20.1,41.0,0,0,none,none
2026-02-04T07:27:50.314118,20.1,40.9,0,0,none,none
2026-02-04T07:27:52.568899,20.1,41.0,0,0,none,none
2026-02-04T07:27:54.823606,20.1,40.9,0,0,none,none
2026-02-04T07:27:57.078439,20.1,41.0,0,0,none,none
2026-02-04T07:27:59.333089,20.1,40.9,0,0,none,none
2026-02-04T07:28:01.588002,20.1,40.9,0,0,none,none
2026-02-04T07:28:03.842661,20.1,41.0,0,0,none,none
2026-02-04T07:28:06.097321,20.1,40.9,0,0,none,none
2026-02-04T07:28:08.352062,20.1,40.9,0,0,none,none
2026-02-04T07:28:10.608901,20.1,40.9,0,0,none,none
2026-02-04T07:28:12.863426,20.1,41.0,0,0,none,none
2026-02-04T07:28:15.118322,20.1,41.0,0,0,none,none
2026-02-04T07:28:17.373276,20.1,40.9,0,0,none,none
2026-02-04T07:28:19.628024,20.1,41.0,0,0,none,none
2026-02-04T07:28:21.882668,20.1,41.0,0,0,none,none
2026-02-04T07:28:24.137571,20.1,41.0,0,0,none,none
2026-02-04T07:28:26.392300,20.1,41.0,0,0,none,none
2026-02-04T07:28:28.647339,20.1,41.0,0,0,none,none
2026-02-04T07:28:30.902096,20.1,40.9,0,0,none,none
2026-02-04T07:28:33.156773,20.1,41.0,0,0,none,none
2026-02-04T07:28:35.411549,20.1,40.9,0,0,none,none
2026-02-04T07:28:37.666491,20.1,41.0,0,0,none,none
2026-02-04T07:28:39.921184,20.1,40.9,0,0,none,none
2026-02-04T07:28:42.176041,20.1,41.0,0,0,none,none
2026-02-04T07:28:44.430993,20.1,41.0,0,0,none,none
2026-02-04T07:28:46.685757,20.1,41.0,0,0,none,none
2026-02-04T07:28:48.940605,20.1,40.9,0,0,none,none
2026-02-04T07:28:51.195469,20.1,41.0,0,0,none,none
2026-02-04T07:28:53.450215,20.1,40.9,0,0,none,none
2026-02-04T07:28:55.705193,20.1,40.9,0,0,none,none
2026-02-04T07:28:57.959882,20.1,40.9,0,0,none,none
2026-02-04T07:29:00.214496,20.1,40.9,0,0,none,none
2026-02-04T07:29:02.469514,20.1,41.0,0,0,none,none
2026-02-04T07:29:04.724438,20.1,40.9,0,0,none,none
2026-02-04T07:29:06.979060,20.1,40.9,0,0,none,none
2026-02-04T07:29:09.233917,20.1,41.0,0,0,none,none
2026-02-04T07:29:11.488718,20.1,40.9,0,0,none,none
2026-02-04T07:29:13.743349,20.1,41.0,0,0,none,none
2026-02-04T07:29:15.997700,20.1,41.0,0,0,none,none
2026-02-04T07:29:18.252620,20.1,40.9,0,0,none,none
2026-02-04T07:29:20.506869,20.1,41.0,0,0,none,none
2026-02-04T07:29:22.761853,20.1,41.0,0,0,none,none
2026-02-04T07:29:25.016717,20.1,41.0,0,0,none,none
2026-02-04T07:29:27.271292,20.1,41.0,0,0,none,none
2026-02-04T07:29:29.526296,20.1,41.0,0,0,none,none
2026-02-04T07:29:31.781090,20.1,41.0,0,0,none,none
2026-02-04T07:29:34.035460,20.1,41.0,0,0,none,none
2026-02-04T07:29:36.290472,20.1,41.0,0,0,none,none
2026-02-04T07:29:38.545435,20.1,41.0,0,0,none,none
2026-02-04T07:29:40.800177,20.1,41.0,0,0,none,none
2026-02-04T07:29:43.054953,20.1,40.9,0,0,none,none
2026-02-04T07:29:45.309372,20.1,41.0,0,0,none,none
2026-02-04T07:29:47.564146,20.1,41.0,0,0,none,none
2026-02-04T07:29:49.818996,20.1,41.0,0,0,none,none
2026-02-04T07:29:52.073894,20.1,41.0,0,0,none,none
2026-02-04T07:29:54.328590,20.1,40.9,0,0,none,none
2026-02-04T07:29:56.583643,20.1,40.9,0,0,none,none
2026-02-04T07:29:58.838607,20.1,40.9,0,0,none,none
2026-02-04T07:30:01.093328,20.1,40.9,0,0,none,none
2026-02-04T07:30:03.348377,20.1,40.9,0,0,none,none
2026-02-04T07:30:05.603403,20.1,40.9,0,0,none,none
2026-02-04T07:30:07.857874,20.1,40.9,0,0,none,none
2026-02-04T07:30:10.112833,20.1,40.9,0,0,none,none
2026-02-04T07:30:12.367762,20.1,41.0,0,0,none,none
2026-02-04T07:30:14.622597,20.1,40.9,0,0,none,none
2026-02-04T07:30:16.877471,20.1,40.9,0,0,none,none
2026-02-04T07:30:19.132376,20.1,40.9,0,0,none,none
2026-02-04T07:30:21.387162,20.1,40.9,0,0,none,none
2026-02-04T07:30:23.642310,20.1,40.9,0,0,none,none
2026-02-04T07:30:25.897222,20.1,40.9,0,0,none,none
2026-02-04T07:30:28.151809,20.1,40.9,0,0,none,none
2026-02-04T07:30:30.406765,20.1,40.9,0,0,none,none
2026-02-04T07:30:32.661858,20.1,40.9,0,0,none,none
2026-02-04T07:30:34.916623,20.1,40.9,0,0,none,none
2026-02-04T07:30:37.171530,20.1,40.9,0,0,none,none
2026-02-04T07:30:39.427348,20.1,40.9,0,0,none,none
2026-02-04T07:30:41.763067,20.1,40.9,0,0,none,none
2026-02-04T07:30:44.028398,20.1,41.0,0,0,none,none
2026-02-04T07:30:46.283398,20.1,41.0,0,0,none,none
2026-02-04T07:30:48.538146,20.1,40.9,0,0,none,none
2026-02-04T07:30:50.793121,20.1,40.9,0,0,none,none
2026-02-04T07:30:53.048068,20.1,40.9,0,0,none,none
2026-02-04T07:30:55.302779,20.1,40.9,0,0,none,none
2026-02-04T07:30:57.557953,20.1,40.9,0,0,none,none
2026-02-04T07:30:59.812804,20.1,40.9,0,0,none,none
2026-02-04T07:31:02.067392,20.1,40.9,0,0,none,none
2026-02-04T07:31:04.322407,20.1,40.9,0,0,none,none
2026-02-04T07:31:06.577382,20.1,40.9,0,0,none,none
2026-02-04T07:31:08.832026,20.1,40.9,0,0,none,none
2026-02-04T07:31:11.086977,20.1,40.9,0,0,none,none
2026-02-04T07:31:13.341860,20.1,40.9,0,0,none,none
2026-02-04T07:31:15.596583,20.1,40.9,0,0,none,none
2026-02-04T07:31:17.851417,20.1,40.9,0,0,none,none
2026-02-04T07:31:20.106249,20.1,40.9,0,0,none,none
2026-02-04T07:31:22.360946,20.1,40.9,0,0,none,none
2026-02-04T07:31:24.615882,20.1,40.9,0,0,none,none
2026-02-04T07:31:26.870760,20.1,40.8,0,0,none,none
2026-02-04T07:31:29.125395,20.1,40.9,0,0,none,none
2026-02-04T07:31:31.380280,20.1,40.9,0,0,none,none
2026-02-04T07:31:33.635200,20.1,40.9,0,0,none,none
2026-02-04T07:31:35.889865,20.1,40.9,0,0,none,none
2026-02-04T07:31:38.144558,20.1,40.8,0,0,none,none
2026-02-04T07:31:40.399420,20.1,40.9,0,0,none,none
2026-02-04T07:31:42.654178,20.1,40.8,0,0,none,none
2026-02-04T07:31:44.909082,20.1,40.9,0,0,none,none
2026-02-04T07:31:47.163897,20.1,40.9,0,0,none,none
2026-02-04T07:31:49.418592,20.1,40.9,0,0,none,none
2026-02-04T07:31:51.673670,20.1,40.9,0,0,none,none
2026-02-04T07:31:53.928614,20.1,40.9,0,0,none,none
2026-02-04T07:31:56.183265,20.1,40.9,0,0,none,none
2026-02-04T07:31:58.438268,20.1,40.9,0,0,none,none
2026-02-04T07:32:00.693165,20.1,40.9,0,0,none,none
2026-02-04T07:32:02.947807,20.1,40.9,0,0,none,none
2026-02-04T07:32:05.202748,20.1,40.9,0,0,none,none
2026-02-04T07:32:07.457705,20.1,40.9,0,0,none,none
2026-02-04T07:32:09.712466,20.1,40.8,0,0,none,none
2026-02-04T07:32:11.967342,20.1,40.8,0,0,none,none
2026-02-04T07:32:14.222173,20.1,40.9,0,0,none,none
2026-02-04T07:32:16.476959,20.1,40.8,0,0,none,none
2026-02-04T07:32:18.731794,20.1,40.9,0,0,none,none
2026-02-04T07:32:20.986688,20.1,40.9,0,0,none,none
2026-02-04T07:32:23.241373,20.1,40.8,0,0,none,none
2026-02-04T07:32:25.496004,20.1,40.9,0,0,none,none
2026-02-04T07:32:27.750818,20.1,40.9,0,0,none,none
2026-02-04T07:32:30.005498,20.1,40.8,0,0,none,none
2026-02-04T07:32:32.260359,20.1,40.8,0,0,none,none
2026-02-04T07:32:34.515304,20.1,40.9,0,0,none,none
2026-02-04T07:32:36.770059,20.1,40.8,0,0,none,none
2026-02-04T07:32:39.024965,20.1,40.8,0,0,none,none
2026-02-04T07:32:41.279756,20.1,40.8,0,0,none,none
2026-02-04T07:32:43.534558,20.1,40.8,0,0,none,none
2026-02-04T07:32:45.789465,20.1,40.8,0,0,none,none
2026-02-04T07:32:48.044415,20.1,40.8,0,0,none,none
2026-02-04T07:32:50.299110,20.1,40.8,0,0,none,none
2026-02-04T07:32:52.554126,20.1,40.8,0,0,none,none
2026-02-04T07:32:54.808978,20.1,40.8,0,0,none,none
2026-02-04T07:32:57.063684,20.1,40.9,0,0,none,none
2026-02-04T07:32:59.318699,20.1,40.8,0,0,none,none
2026-02-04T07:33:01.573831,20.1,40.8,0,0,none,none
2026-02-04T07:33:03.828439,20.1,40.8,0,0,none,none
2026-02-04T07:33:06.083233,20.1,40.8,0,0,none,none
2026-02-04T07:33:08.338119,20.1,40.8,0,0,none,none
2026-02-04T07:33:10.593013,20.1,40.8,0,0,none,none
2026-02-04T07:33:12.847942,20.1,40.8,0,0,none,none
2026-02-04T07:33:15.102835,20.1,40.8,0,0,none,none
2026-02-04T07:33:17.357473,20.1,40.8,0,0,none,none
2026-02-04T07:33:19.612519,20.1,40.8,0,0,none,none
2026-02-04T07:33:21.867341,20.1,40.8,0,0,none,none
2026-02-04T07:33:24.121876,20.1,40.8,0,0,none,none
2026-02-04T07:33:26.376735,20.1,40.8,0,0,none,none
2026-02-04T07:33:28.633824,20.1,40.8,0,0,none,none
2026-02-04T07:33:30.888460,20.1,40.8,0,0,none,none
2026-02-04T07:33:33.143371,20.1,40.8,0,0,none,none
2026-02-04T07:33:35.398269,20.1,40.8,0,0,none,none
2026-02-04T07:33:37.653051,20.1,40.8,0,0,none,none
2026-02-04T07:33:39.907938,20.1,40.8,0,0,none,none
2026-02-04T07:33:42.162873,20.1,40.8,0,0,none,none
2026-02-04T07:33:44.417472,20.1,40.8,0,0,none,none
2026-02-04T07:33:46.672430,20.1,40.8,0,0,none,none
2026-02-04T07:33:48.926864,20.1,40.8,0,0,none,none
2026-02-04T07:33:51.181636,20.1,40.9,0,0,none,none
2026-02-04T07:33:53.436485,20.1,40.9,0,0,none,none
2026-02-04T07:33:55.691359,20.1,40.8,0,0,none,none
2026-02-04T07:33:57.945924,20.1,40.8,0,0,none,none
2026-02-04T07:34:00.200795,20.1,40.8,0,0,none,none
2026-02-04T07:34:02.455729,20.1,40.9,0,0,none,none
2026-02-04T07:34:04.710466,20.1,40.8,0,0,none,none
2026-02-04T07:34:06.965492,20.1,40.9,0,0,none,none
2026-02-04T07:34:09.220461,20.1,40.9,0,0,none,none
2026-02-04T07:34:11.475328,20.1,40.8,0,0,none,none
2026-02-04T07:34:13.730401,20.1,40.8,0,0,none,none
2026-02-04T07:34:15.985411,20.1,40.8,0,0,none,none
2026-02-04T07:34:18.239854,20.1,40.8,0,0,none,none
2026-02-04T07:34:20.494342,20.1,40.8,0,0,none,none
2026-02-04T07:34:22.749317,20.1,40.8,0,0,none,none
2026-02-04T07:34:25.003772,20.1,40.8,0,0,none,none
2026-02-04T07:34:27.258652,20.1,40.8,0,0,none,none
2026-02-04T07:34:29.513782,20.1,40.8,0,0,none,none
2026-02-04T07:34:31.768503,20.1,40.8,0,0,none,none
2026-02-04T07:34:34.023410,20.1,40.8,0,0,none,none
2026-02-04T07:34:36.278312,20.1,40.8,0,0,none,none
2026-02-04T07:34:38.533100,20.1,40.8,0,0,none,none
2026-02-04T07:34:40.788075,20.1,40.8,0,0,none,none
2026-02-04T07:34:43.043065,20.1,40.9,0,0,none,none
2026-02-04T07:34:45.297905,20.1,40.8,0,0,none,none
2026-02-04T07:34:47.552919,20.1,40.8,0,0,none,none
2026-02-04T07:34:49.807796,20.1,40.9,0,0,none,none
2026-02-04T07:34:52.062579,20.1,40.8,0,0,none,none
2026-02-04T07:34:54.317498,20.1,40.8,0,0,none,none
2026-02-04T07:34:56.572545,20.1,40.8,0,0,none,none
2026-02-04T07:34:58.827195,20.1,40.8,0,0,none,none
2026-02-04T07:35:01.082155,20.1,40.8,0,0,none,none
2026-02-04T07:35:03.336991,20.1,40.9,0,0,none,none
2026-02-04T07:35:05.591789,20.1,40.9,0,0,none,none
2026-02-04T07:35:07.846668,20.1,40.9,0,0,none,none
2026-02-04T07:35:10.101497,20.1,40.8,0,0,none,none
2026-02-04T07:35:12.356087,20.1,40.8,0,0,none,none
2026-02-04T07:35:14.611127,20.1,40.9,0,0,none,none
2026-02-04T07:35:16.866012,20.1,40.9,0,0,none,none
2026-02-04T07:35:19.120752,20.1,40.9,0,0,none,none
2026-02-04T07:35:21.375460,20.1,40.9,0,0,none,none
2026-02-04T07:35:23.630446,20.1,40.8,0,0,none,none
2026-02-04T07:35:25.885147,20.1,40.9,0,0,none,none
2026-02-04T07:35:28.140006,20.1,40.8,0,0,none,none
2026-02-04T07:35:30.394961,20.1,40.9,0,0,none,none
2026-02-04T07:35:32.649910,20.1,40.9,0,0,none,none
2026-02-04T07:35:34.904757,20.1,40.9,0,0,none,none
2026-02-04T07:35:37.159593,20.1,40.9,0,0,none,none
2026-02-04T07:35:39.414253,20.1,40.9,0,0,none,none
2026-02-04T07:35:41.669237,20.1,40.9,0,0,none,none
2026-02-04T07:35:43.924044,20.1,40.8,0,0,none,none
2026-02-04T07:35:46.178746,20.1,40.9,0,0,none,none
2026-02-04T07:35:48.433601,20.1,40.9,0,0,none,none
2026-02-04T07:35:50.688577,20.1,40.9,0,0,none,none
2026-02-04T07:35:52.943272,20.1,40.9,0,0,none,none
2026-02-04T07:35:55.198207,20.1,40.9,0,0,none,none
2026-02-04T07:35:57.453127,20.1,40.9,0,0,none,none
2026-02-04T07:35:59.707769,20.1,40.9,0,0,none,none
2026-02-04T07:36:01.962754,20.1,40.9,0,0,none,none
2026-02-04T07:36:04.217613,20.1,40.9,0,0,none,none
2026-02-04T07:36:06.472478,20.1,40.9,0,0,none,none
2026-02-04T07:36:08.727510,20.1,40.9,0,0,none,none
2026-02-04T07:36:10.982465,20.1,40.9,0,0,none,none
2026-02-04T07:36:13.237128,20.1,40.9,0,0,none,none
2026-02-04T07:36:15.492066,20.1,40.9,0,0,none,none
2026-02-04T07:36:17.748086,20.1,41.0,0,0,none,none
2026-02-04T07:36:20.002717,20.1,40.9,0,0,none,none
2026-02-04T07:36:22.257636,20.1,40.9,0,0,none,none
2026-02-04T07:36:24.512107,20.1,40.9,0,0,none,none
2026-02-04T07:36:26.766775,20.1,40.9,0,0,none,none
2026-02-04T07:36:29.021628,20.1,40.8,0,0,none,none
2026-02-04T07:36:31.276598,20.1,40.9,0,0,none,none
2026-02-04T07:36:33.531396,20.1,40.9,0,0,none,none
2026-02-04T07:36:35.786087,20.1,40.9,0,0,none,none
2026-02-04T07:36:38.040837,20.1,40.9,0,0,none,none
2026-02-04T07:36:40.295455,20.1,40.9,0,0,none,none
2026-02-04T07:36:42.550404,20.1,40.9,0,0,none,none
2026-02-04T07:36:44.805271,20.1,40.9,0,0,none,none
2026-02-04T07:36:47.059957,20.1,40.9,0,0,none,none
2026-02-04T07:36:49.314830,20.1,40.9,0,0,none,none
2026-02-04T07:36:51.569918,20.1,40.9,0,0,none,none
2026-02-04T07:36:53.824613,20.1,40.8,0,0,none,none
2026-02-04T07:36:56.079256,20.1,40.9,0,0,none,none
2026-02-04T07:36:58.333673,20.1,40.8,0,0,none,none
2026-02-04T07:37:00.588466,20.1,40.9,0,0,none,none
2026-02-04T07:37:02.843366,20.1,40.9,0,0,none,none
2026-02-04T07:37:05.098189,20.1,40.9,0,0,none,none
2026-02-04T07:37:07.352927,20.1,40.9,0,0,none,none
2026-02-04T07:37:09.607911,20.1,40.9,0,0,none,none
2026-02-04T07:37:11.862750,20.1,40.8,0,0,none,none
2026-02-04T07:37:14.117417,20.1,40.9,0,0,none,none
2026-02-04T07:37:16.372317,20.1,40.9,0,0,none,none
2026-02-04T07:37:18.627296,20.1,40.9,0,0,none,none
2026-02-04T07:37:20.881999,20.1,40.8,0,0,none,none
2026-02-04T07:37:23.136869,20.1,40.9,0,0,none,none
2026-02-04T07:37:25.391679,20.1,40.9,0,0,none,none
2026-02-04T07:37:27.646409,20.1,40.9,0,0,none,none
2026-02-04T07:37:29.901347,20.1,40.9,0,0,none,none
2026-02-04T07:37:32.155943,20.1,40.9,0,0,none,none
2026-02-04T07:37:34.410579,20.1,40.9,0,0,none,none
2026-02-04T07:37:36.665550,20.1,40.9,0,0,none,none
2026-02-04T07:37:38.920495,20.1,40.9,0,0,none,none
2026-02-04T07:37:41.175208,20.1,40.9,0,0,none,none
2026-02-04T07:37:43.430283,20.1,40.9,0,0,none,none
2026-02-04T07:37:45.685188,20.1,40.9,0,0,none,none
2026-02-04T07:37:47.939842,20.1,40.9,0,0,none,none
2026-02-04T07:37:50.194788,20.1,40.9,0,0,none,none
2026-02-04T07:37:52.449885,20.1,40.9,0,0,none,none
2026-02-04T07:37:54.704571,20.1,40.9,0,0,none,none
2026-02-04T07:37:56.959434,20.1,40.9,0,0,none,none
2026-02-04T07:37:59.214256,20.1,40.9,0,0,none,none
2026-02-04T07:38:01.468988,20.1,40.9,0,0,none,none
2026-02-04T07:38:03.723876,20.1,41.0,0,0,none,none
2026-02-04T07:38:05.978649,20.1,40.9,0,0,none,none
2026-02-04T07:38:08.233305,20.1,41.0,0,0,none,none
2026-02-04T07:38:10.488297,20.1,40.9,0,0,none,none
2026-02-04T07:38:12.743095,20.1,40.9,0,0,none,none
2026-02-04T07:38:14.997773,20.1,41.0,0,0,none,none
2026-02-04T07:38:17.252649,20.1,41.0,0,0,none,none
2026-02-04T07:38:19.507712,20.1,41.0,0,0,none,none
2026-02-04T07:38:21.762471,20.1,41.0,0,0,none,none
2026-02-04T07:38:24.017348,20.1,41.0,0,0,none,none
2026-02-04T07:38:26.272215,20.1,41.0,0,0,none,none
2026-02-04T07:38:28.527110,20.1,40.9,0,0,none,none
2026-02-04T07:38:30.782130,20.1,40.9,0,0,none,none
2026-02-04T07:38:33.037008,20.1,41.0,0,0,none,none
2026-02-04T07:38:35.291629,20.1,41.0,0,0,none,none
2026-02-04T07:38:37.546632,20.1,41.0,0,0,none,none
2026-02-04T07:38:39.801543,20.1,40.9,0,0,none,none
2026-02-04T07:38:42.056249,20.1,40.9,0,0,none,none
2026-02-04T07:38:44.311096,20.1,40.9,0,0,none,none
2026-02-04T07:38:46.566100,20.1,40.9,0,0,none,none
2026-02-04T07:38:48.820784,20.1,40.9,0,0,none,none
2026-02-04T07:38:51.075664,20.1,40.9,0,0,none,none
2026-02-04T07:38:53.330490,20.1,41.0,0,0,none,none
2026-02-04T07:38:55.585415,20.1,41.0,0,0,none,none
2026-02-04T07:38:57.840403,20.1,41.0,0,0,none,none
2026-02-04T07:39:00.095258,20.1,41.0,0,0,none,none
2026-02-04T07:39:02.350000,20.1,40.9,0,0,none,none
2026-02-04T07:39:04.604640,20.1,40.9,0,0,none,none
2026-02-04T07:39:06.859444,20.1,41.0,0,0,none,none
2026-02-04T07:39:09.113892,20.1,41.0,0,0,none,none
2026-02-04T07:39:11.368827,20.1,40.9,0,0,none,none
2026-02-04T07:39:13.623772,20.1,40.9,0,0,none,none
2026-02-04T07:39:15.878439,20.1,40.9,0,0,none,none
2026-02-04T07:39:18.133222,20.1,40.9,0,0,none,none
2026-02-04T07:39:20.388065,20.1,40.9,0,0,none,none
2026-02-04T07:39:22.642800,20.1,40.9,0,0,none,none
2026-02-04T07:39:24.897715,20.1,41.0,0,0,none,none
2026-02-04T07:39:27.152632,20.1,40.9,0,0,none,none
2026-02-04T07:39:29.406869,20.1,40.9,0,0,none,none
2026-02-04T07:39:31.661870,20.1,40.9,0,0,none,none
2026-02-04T07:39:33.916735,20.1,40.9,0,0,none,none
2026-02-04T07:39:36.171373,20.1,40.8,0,0,none,none
2026-02-04T07:39:38.426335,20.1,40.9,0,0,none,none
2026-02-04T07:39:40.681196,20.1,40.9,0,0,none,none
2026-02-04T07:39:42.935785,20.1,40.9,0,0,none,none
2026-02-04T07:39:45.190685,20.1,40.9,0,0,none,none
2026-02-04T07:39:47.445700,20.1,40.9,0,0,none,none
2026-02-04T07:39:49.700560,20.1,40.9,0,0,none,none
2026-02-04T07:39:51.955326,20.1,40.9,0,0,none,none
2026-02-04T07:39:54.210169,20.1,40.9,0,0,none,none
2026-02-04T07:39:56.464928,20.1,40.9,0,0,none,none
2026-02-04T07:39:58.719826,20.1,40.9,0,0,none,none
2026-02-04T07:40:00.974519,20.1,41.0,0,0,none,none
2026-02-04T07:40:03.229198,20.1,40.9,0,0,none,none
2026-02-04T07:40:05.484080,20.1,40.9,0,0,none,none
2026-02-04T07:40:07.739094,20.1,40.9,0,0,none,none
2026-02-04T07:40:09.993820,20.1,40.9,0,0,none,none
2026-02-04T07:40:12.248723,20.1,40.9,0,0,none,none
2026-02-04T07:40:14.503518,20.1,40.9,0,0,none,none
2026-02-04T07:40:16.758140,20.1,41.0,0,0,none,none
2026-02-04T07:40:19.013020,20.1,40.9,0,0,none,none
2026-02-04T07:40:21.267847,20.1,40.9,0,0,none,none
2026-02-04T07:40:23.522561,20.1,40.9,0,0,none,none
2026-02-04T07:40:25.777466,20.1,40.9,0,0,none,none
2026-02-04T07:40:28.032253,20.1,40.9,0,0,none,none
2026-02-04T07:40:30.286902,20.1,40.9,0,0,none,none
2026-02-04T07:40:32.541897,20.1,40.9,0,0,none,none
2026-02-04T07:40:34.796712,20.1,40.9,0,0,none,none
2026-02-04T07:40:37.051141,20.1,40.9,0,0,none,none
2026-02-04T07:40:39.306061,20.1,40.9,0,0,none,none
2026-02-04T07:40:41.561054,20.1,40.9,0,0,none,none
2026-02-04T07:40:43.815619,20.1,40.9,0,0,none,none
2026-02-04T07:40:46.070451,20.1,40.9,0,0,none,none
2026-02-04T07:40:48.325251,20.1,40.9,0,0,none,none
2026-02-04T07:40:50.580067,20.1,40.9,0,0,none,none
2026-02-04T07:40:52.834971,20.1,40.9,0,0,none,none
2026-02-04T07:40:55.089866,20.1,40.9,0,0,none,none
2026-02-04T07:40:57.344487,20.1,40.9,0,0,none,none
2026-02-04T07:40:59.599405,20.1,40.9,0,0,none,none
2026-02-04T07:41:01.854166,20.1,40.9,0,0,none,none
2026-02-04T07:41:04.108918,20.1,40.9,0,0,none,none
2026-02-04T07:41:06.363597,20.1,40.9,0,0,none,none
2026-02-04T07:41:08.618440,20.1,40.9,0,0,none,none
2026-02-04T07:41:10.873184,20.1,40.9,0,0,none,none
2026-02-04T07:41:13.127890,20.1,40.9,0,0,none,none
2026-02-04T07:41:15.382699,20.1,40.9,0,0,none,none
2026-02-04T07:41:17.637546,20.1,40.9,0,0,none,none
2026-02-04T07:41:19.892421,20.1,40.9,0,0,none,none
2026-02-04T07:41:22.147334,20.1,40.8,0,0,none,none
2026-02-04T07:41:24.402012,20.1,40.9,0,0,none,none
2026-02-04T07:41:26.656840,20.1,40.8,0,0,none,none
2026-02-04T07:41:28.911614,20.1,40.9,0,0,none,none
2026-02-04T07:41:31.166237,20.1,40.8,0,0,none,none
2026-02-04T07:41:33.421171,20.1,40.9,0,0,none,none
2026-02-04T07:41:35.676113,20.1,40.8,0,0,none,none
2026-02-04T07:41:37.930874,20.1,40.8,0,0,none,none
2026-02-04T07:41:40.185875,20.1,40.8,0,0,none,none
2026-02-04T07:41:42.440865,20.1,40.8,0,0,none,none
2026-02-04T07:41:44.695529,20.1,40.8,0,0,none,none
2026-02-04T07:41:46.950435,20.1,40.8,0,0,none,none
2026-02-04T07:41:49.205335,20.1,40.8,0,0,none,none
2026-02-04T07:41:51.460150,20.1,40.9,0,0,none,none
2026-02-04T07:41:53.715134,20.1,40.8,0,0,none,none
2026-02-04T07:41:55.970100,20.1,40.9,0,0,none,none
2026-02-04T07:41:58.224762,20.1,40.9,0,0,none,none
2026-02-04T07:42:00.479818,20.1,40.9,0,0,none,none
2026-02-04T07:42:02.734722,20.1,40.9,0,0,none,none
2026-02-04T07:42:04.989499,20.1,40.8,0,0,none,none
2026-02-04T07:42:07.244283,20.1,40.9,0,0,none,none
2026-02-04T07:42:09.498709,20.1,40.9,0,0,none,none
2026-02-04T07:42:11.753293,20.1,40.9,0,0,none,none
2026-02-04T07:42:14.008223,20.1,40.9,0,0,none,none
2026-02-04T07:42:16.263019,20.1,40.9,0,0,none,none
2026-02-04T07:42:18.517931,20.1,40.9,0,0,none,none
2026-02-04T07:42:20.772831,20.1,40.9,0,0,none,none
2026-02-04T07:42:23.027844,20.1,40.9,0,0,none,none
2026-02-04T07:42:25.282639,20.1,40.9,0,0,none,none
2026-02-04T07:42:27.537678,20.1,40.9,0,0,none,none
2026-02-04T07:42:29.792685,20.1,40.9,0,0,none,none
2026-02-04T07:42:32.047258,20.1,40.9,0,0,none,none
2026-02-04T07:42:34.302172,20.1,40.9,0,0,none,none
2026-02-04T07:42:36.557162,20.1,40.9,0,0,none,none
2026-02-04T07:42:38.811880,20.1,40.9,0,0,none,none
2026-02-04T07:42:41.066720,20.1,40.9,0,0,none,none
2026-02-04T07:42:43.321674,20.1,40.9,0,0,none,none
2026-02-04T07:42:45.576600,20.1,40.9,0,0,none,none
2026-02-04T07:42:47.831518,20.1,40.9,0,0,none,none
2026-02-04T07:42:50.086327,20.1,40.9,0,0,none,none
2026-02-04T07:42:52.341061,20.1,40.9,0,0,none,none
2026-02-04T07:42:54.596138,20.1,40.9,0,0,none,none
2026-02-04T07:42:56.850738,20.1,40.9,0,0,none,none
2026-02-04T07:42:59.105500,20.1,40.9,0,0,none,none
2026-02-04T07:43:01.360448,20.1,40.9,0,0,none,none
2026-02-04T07:43:03.615411,20.1,40.9,0,0,none,none
2026-02-04T07:43:05.869590,20.1,40.9,0,0,none,none
2026-02-04T07:43:08.124314,20.1,40.9,0,0,none,none
2026-02-04T07:43:10.379201,20.1,40.9,0,0,none,none
2026-02-04T07:43:12.633989,20.1,40.9,0,0,none,none
2026-02-04T07:43:14.888885,20.1,40.9,0,0,none,none
2026-02-04T07:43:17.143541,20.1,40.9,0,0,none,none
2026-02-04T07:43:19.397851,20.1,40.9,0,0,none,none
2026-02-04T07:43:21.652877,20.1,40.9,0,0,none,none
2026-02-04T07:43:23.907309,20.1,40.8,0,0,none,none
2026-02-04T07:43:26.162003,20.1,40.9,0,0,none,none
2026-02-04T07:43:28.416854,20.1,40.9,0,0,none,none
2026-02-04T07:43:30.671573,20.1,40.8,0,0,none,none
2026-02-04T07:43:32.926328,20.1,40.9,0,0,none,none
2026-02-04T07:43:35.181251,20.1,40.9,0,0,none,none
2026-02-04T07:43:37.436086,20.1,40.9,0,0,none,none
2026-02-04T07:43:39.690372,20.1,40.9,0,0,none,none
2026-02-04T07:43:41.945176,20.1,40.9,0,0,none,none
2026-02-04T07:43:44.199862,20.1,40.9,0,0,none,none
2026-02-04T07:43:46.454493,20.1,40.9,0,0,none,none
2026-02-04T07:43:48.709406,20.1,40.8,0,0,none,none
2026-02-04T07:43:50.964132,20.1,40.9,0,0,none,none
2026-02-04T07:43:53.218755,20.1,40.9,0,0,none,none
2026-02-04T07:43:55.473679,20.1,40.9,0,0,none,none
2026-02-04T07:43:57.728511,20.1,40.9,0,0,none,none
2026-02-04T07:43:59.982992,20.1,40.9,0,0,none,none
2026-02-04T07:44:02.237932,20.1,40.9,0,0,none,none
2026-02-04T07:44:04.492310,20.1,40.9,0,0,none,none
2026-02-04T07:44:06.746821,20.1,40.9,0,0,none,none
2026-02-04T07:44:09.001665,20.1,40.9,0,0,none,none
2026-02-04T07:44:11.256602,20.1,40.9,0,0,none,none
2026-02-04T07:44:13.511404,20.1,40.8,0,0,none,none
2026-02-04T07:44:15.765912,20.1,40.8,0,0,none,none
2026-02-04T07:44:18.020733,20.1,40.9,0,0,none,none
2026-02-04T07:44:20.275247,20.1,40.8,0,0,none,none
2026-02-04T07:44:22.530268,20.1,40.9,0,0,none,none
2026-02-04T07:44:24.785099,20.1,40.9,0,0,none,none
2026-02-04T07:44:27.039403,20.1,40.8,0,0,none,none
2026-02-04T07:44:29.294280,20.1,40.8,0,0,none,none
2026-02-04T07:44:31.549256,20.1,40.9,0,0,none,none
2026-02-04T07:44:33.803775,20.1,40.8,0,0,none,none
2026-02-04T07:44:36.058463,20.1,40.8,0,0,none,none
2026-02-04T07:44:38.313203,20.1,40.8,0,0,none,none
2026-02-04T07:44:40.567989,20.1,40.9,0,0,none,none
2026-02-04T07:44:42.822921,20.1,40.8,0,0,none,none
2026-02-04T07:44:45.077868,20.1,40.9,0,0,none,none
2026-02-04T07:44:47.332621,20.1,40.8,0,0,none,none
2026-02-04T07:44:49.587251,20.1,40.8,0,0,none,none
2026-02-04T07:44:51.842180,20.1,40.8,0,0,none,none
2026-02-04T07:44:54.096987,20.1,40.8,0,0,none,none
2026-02-04T07:44:56.351977,20.1,40.8,0,0,none,none
2026-02-04T07:44:58.606927,20.1,40.8,0,0,none,none
2026-02-04T07:45:00.861686,20.1,40.8,0,0,none,none
2026-02-04T07:45:03.116575,20.1,40.9,0,0,none,none
2026-02-04T07:45:05.371385,20.1,40.9,0,0,none,none
2026-02-04T07:45:07.626166,20.1,40.8,0,0,none,none
2026-02-04T07:45:09.881073,20.1,40.8,0,0,none,none
2026-02-04T07:45:12.135879,20.1,40.8,0,0,none,none
2026-02-04T07:45:14.390432,20.1,40.8,0,0,none,none
2026-02-04T07:45:16.645449,20.1,40.8,0,0,none,none
2026-02-04T07:45:18.900288,20.1,40.9,0,0,none,none
2026-02-04T07:45:21.154775,20.1,40.9,0,0,none,none
2026-02-04T07:45:23.409672,20.1,40.9,0,0,none,none
2026-02-04T07:45:25.664675,20.1,40.9,0,0,none,none
2026-02-04T07:45:27.919286,20.1,40.9,0,0,none,none
2026-02-04T07:45:30.174328,20.1,40.9,0,0,none,none
2026-02-04T07:45:32.429401,20.1,40.9,0,0,none,none
2026-02-04T07:45:34.684084,20.1,40.9,0,0,none,none
2026-02-04T07:45:36.938951,20.1,40.9,0,0,none,none
2026-02-04T07:45:39.193931,20.1,40.9,0,0,none,none
2026-02-04T07:45:41.448763,20.1,40.8,0,0,none,none
2026-02-04T07:45:43.703675,20.1,40.9,0,0,none,none
2026-02-04T07:45:45.958558,20.1,40.9,0,0,none,none
2026-02-04T07:45:48.213120,20.1,40.9,0,0,none,none
2026-02-04T07:45:50.468144,20.1,40.9,0,0,none,none
2026-02-04T07:45:52.722976,20.1,40.8,0,0,none,none
2026-02-04T07:45:54.977597,20.1,40.9,0,0,none,none
2026-02-04T07:45:57.232524,20.1,40.9,0,0,none,none
2026-02-04T07:45:59.487440,20.1,40.9,0,0,none,none
2026-02-04T07:46:01.742174,20.1,40.9,0,0,none,none
2026-02-04T07:46:03.996986,20.1,40.8,0,0,none,none
2026-02-04T07:46:06.251818,20.1,40.9,0,0,none,none
2026-02-04T07:46:08.506027,20.1,40.8,0,0,none,none
2026-02-04T07:46:10.760884,20.1,40.9,0,0,none,none
2026-02-04T07:46:13.015659,20.1,40.8,0,0,none,none
2026-02-04T07:46:15.269817,20.1,40.9,0,0,none,none
2026-02-04T07:46:17.524788,20.1,40.8,0,0,none,none
2026-02-04T07:46:19.779392,20.1,40.9,0,0,none,none
2026-02-04T07:46:22.034139,20.1,40.8,0,0,none,none
2026-02-04T07:46:24.289013,20.1,40.8,0,0,none,none
2026-02-04T07:46:26.543884,20.1,40.8,0,0,none,none
2026-02-04T07:46:28.798536,20.1,40.8,0,0,none,none
2026-02-04T07:46:31.053416,20.1,40.8,0,0,none,none
2026-02-04T07:46:33.308311,20.1,40.8,0,0,none,none
2026-02-04T07:46:35.563145,20.1,40.8,0,0,none,none
2026-02-04T07:46:37.818063,20.1,40.8,0,0,none,none
2026-02-04T07:46:40.074860,20.1,40.8,0,0,none,none
2026-02-04T07:46:42.329588,20.1,40.8,0,0,none,none
2026-02-04T07:46:44.584574,20.1,40.8,0,0,none,none
2026-02-04T07:46:46.839344,20.1,40.8,0,0,none,none
2026-02-04T07:46:49.094052,20.1,40.8,0,0,none,none
2026-02-04T07:46:51.348990,20.1,40.8,0,0,none,none
2026-02-04T07:46:53.603961,20.1,40.8,0,0,none,none
2026-02-04T07:46:55.858484,20.1,40.9,0,0,none,none
2026-02-04T07:46:58.113380,20.1,40.9,0,0,none,none
2026-02-04T07:47:00.367993,20.1,40.9,0,0,none,none
2026-02-04T07:47:02.622779,20.1,40.9,0,0,none,none
2026-02-04T07:47:04.877641,20.1,40.9,0,0,none,none
2026-02-04T07:47:07.132205,20.1,40.9,0,0,none,none
2026-02-04T07:47:09.386847,20.1,40.9,0,0,none,none
2026-02-04T07:47:11.641943,20.1,40.9,0,0,none,none
2026-02-04T07:47:13.896747,20.1,40.8,0,0,none,none
2026-02-04T07:47:16.151130,20.1,40.8,0,0,none,none
2026-02-04T07:47:18.406068,20.1,40.8,0,0,none,none
2026-02-04T07:47:20.660970,20.1,40.8,0,0,none,none
2026-02-04T07:47:22.915410,20.1,40.8,0,0,none,none
2026-02-04T07:47:25.169987,20.1,40.8,0,0,none,none
2026-02-04T07:47:27.424864,20.1,40.8,0,0,none,none
2026-02-04T07:47:29.679559,20.1,40.9,0,0,none,none
2026-02-04T07:47:31.933975,20.1,40.8,0,0,none,none
2026-02-04T07:47:34.190727,20.1,40.8,0,0,none,none
2026-02-04T07:47:36.445545,20.1,40.8,0,0,none,none
2026-02-04T07:47:38.700370,20.1,40.8,0,0,none,none
2026-02-04T07:47:40.954818,20.1,40.8,0,0,none,none
2026-02-04T07:47:43.209617,20.1,40.8,0,0,none,none
2026-02-04T07:47:45.464661,20.1,40.8,0,0,none,none
2026-02-04T07:47:47.719533,20.1,40.8,0,0,none,none
2026-02-04T07:47:49.974071,20.1,40.8,0,0,none,none
2026-02-04T07:47:52.228996,20.1,40.8,0,0,none,none
2026-02-04T07:47:54.483892,20.1,40.8,0,0,none,none
2026-02-04T07:47:56.738544,20.1,40.8,0,0,none,none
2026-02-04T07:47:58.993440,20.1,40.8,0,0,none,none
2026-02-04T07:48:01.248286,20.1,40.8,0,0,none,none
2026-02-04T07:48:03.502631,20.1,40.8,0,0,none,none
2026-02-04T07:48:05.757487,20.1,40.8,0,0,none,none
2026-02-04T07:48:08.014132,20.1,40.8,0,0,none,none
2026-02-04T07:48:10.268839,20.1,40.8,0,0,none,none
2026-02-04T07:48:12.523846,20.1,40.8,0,0,none,none
2026-02-04T07:48:14.778333,20.1,40.8,0,0,none,none
2026-02-04T07:48:17.033007,20.1,40.8,0,0,none,none
2026-02-04T07:48:19.287846,20.1,40.8,0,0,none,none
2026-02-04T07:48:21.542581,20.1,40.8,0,0,none,none
2026-02-04T07:48:23.797320,20.1,40.9,0,0,none,none
2026-02-04T07:48:26.051636,20.1,40.8,0,0,none,none
2026-02-04T07:48:28.306301,20.1,40.8,0,0,none,none
2026-02-04T07:48:30.561000,20.1,40.8,0,0,none,none
2026-02-04T07:48:32.815798,20.1,40.8,0,0,none,none
2026-02-04T07:48:35.070297,20.1,40.8,0,0,none,none
2026-02-04T07:48:37.324920,20.1,40.8,0,0,none,none
2026-02-04T07:48:39.579731,20.1,40.8,0,0,none,none
2026-02-04T07:48:41.834176,20.1,40.8,0,0,none,none
2026-02-04T07:48:44.088830,20.1,40.8,0,0,none,none
2026-02-04T07:48:46.343347,20.1,40.8,0,0,none,none
2026-02-04T07:48:48.598219,20.1,40.8,0,0,none,none
2026-02-04T07:48:50.852968,20.1,40.8,0,0,none,none
2026-02-04T07:48:53.107628,20.1,40.8,0,0,none,none
2026-02-04T07:48:55.362358,20.1,40.8,0,0,none,none
2026-02-04T07:48:57.617122,20.1,40.8,0,0,none,none
2026-02-04T07:48:59.871750,20.1,40.8,0,0,none,none
2026-02-04T07:49:02.126635,20.1,40.9,0,0,none,none
2026-02-04T07:49:04.380869,20.1,40.9,0,0,none,none
2026-02-04T07:49:06.635863,20.1,40.9,0,0,none,none
2026-02-04T07:49:08.890789,20.1,40.8,0,0,none,none
2026-02-04T07:49:11.145549,20.1,40.8,0,0,none,none
2026-02-04T07:49:13.400368,20.1,40.8,0,0,none,none
2026-02-04T07:49:15.655351,20.1,40.9,0,0,none,none
2026-02-04T07:49:17.910076,20.1,40.8,0,0,none,none
2026-02-04T07:49:20.164938,20.1,40.8,0,0,none,none
2026-02-04T07:49:22.419613,20.1,40.8,0,0,none,none
2026-02-04T07:49:24.674288,20.1,40.8,0,0,none,none
2026-02-04T07:49:26.929192,20.1,40.9,0,0,none,none
2026-02-04T07:49:29.183668,20.1,40.8,0,0,none,none
2026-02-04T07:49:31.438478,20.1,40.8,0,0,none,none
2026-02-04T07:49:33.693348,20.1,40.9,0,0,none,none
2026-02-04T07:49:35.948098,20.1,40.9,0,0,none,none
2026-02-04T07:49:38.202461,20.1,40.8,0,0,none,none
2026-02-04T07:49:40.457430,20.1,40.8,0,0,none,none
2026-02-04T07:49:42.712340,20.1,40.8,0,0,none,none
2026-02-04T07:49:44.966948,20.1,40.8,0,0,none,none
2026-02-04T07:49:47.221442,20.1,40.8,0,0,none,none
2026-02-04T07:49:49.476403,20.1,40.8,0,0,none,none
2026-02-04T07:49:51.730999,20.1,40.8,0,0,none,none
2026-02-04T07:49:53.986021,20.1,40.8,0,0,none,none
2026-02-04T07:49:56.240832,20.1,40.8,0,0,none,none
2026-02-04T07:49:58.495485,20.1,40.8,0,0,none,none
2026-02-04T07:50:00.750098,20.1,40.9,0,0,none,none
2026-02-04T07:50:03.004511,20.1,40.9,0,0,none,none
2026-02-04T07:50:05.259064,20.1,40.8,0,0,none,none
2026-02-04T07:50:07.513795,20.1,40.8,0,0,none,none
2026-02-04T07:50:09.768673,20.1,40.9,0,0,none,none
2026-02-04T07:50:12.023201,20.1,40.9,0,0,none,none
2026-02-04T07:50:14.278165,20.1,40.8,0,0,none,none
2026-02-04T07:50:16.533107,20.1,40.9,0,0,none,none
2026-02-04T07:50:18.787672,20.1,40.9,0,0,none,none
2026-02-04T07:50:21.042485,20.1,40.9,0,0,none,none
2026-02-04T07:50:23.297386,20.1,40.9,0,0,none,none
2026-02-04T07:50:25.552150,20.1,40.9,0,0,none,none
2026-02-04T07:50:27.806971,20.1,40.8,0,0,none,none
2026-02-04T07:50:30.061905,20.1,40.9,0,0,none,none
2026-02-04T07:50:32.316478,20.1,40.9,0,0,none,none
2026-02-04T07:50:34.571403,20.1,40.9,0,0,none,none
2026-02-04T07:50:36.826097,20.1,40.9,0,0,none,none
2026-02-04T07:50:39.080714,20.1,40.9,0,0,none,none
2026-02-04T07:50:41.335544,20.1,40.9,0,0,none,none
2026-02-04T07:50:43.590468,20.1,40.9,0,0,none,none
2026-02-04T07:50:45.845156,20.1,40.8,0,0,none,none
2026-02-04T07:50:48.100056,20.1,40.8,0,0,none,none
2026-02-04T07:50:50.354927,20.1,40.9,0,0,none,none
2026-02-04T07:50:52.609806,20.1,40.9,0,0,none,none
2026-02-04T07:50:54.864731,20.1,40.9,0,0,none,none
2026-02-04T07:50:57.119498,20.1,40.9,0,0,none,none
2026-02-04T07:50:59.373970,20.1,40.9,0,0,none,none
2026-02-04T07:51:01.628486,20.1,40.9,0,0,none,none
2026-02-04T07:51:03.883191,20.1,40.9,0,0,none,none
2026-02-04T07:51:06.137875,20.1,40.9,0,0,none,none
2026-02-04T07:51:08.392667,20.1,40.9,0,0,none,none
2026-02-04T07:51:10.647249,20.1,40.9,0,0,none,none
2026-02-04T07:51:12.901990,20.1,40.9,0,0,none,none
2026-02-04T07:51:15.156857,20.1,40.9,0,0,none,none
2026-02-04T07:51:17.411507,20.1,40.9,0,0,none,none
2026-02-04T07:51:19.666113,20.1,40.9,0,0,none,none
2026-02-04T07:51:21.920995,20.1,40.9,0,0,none,none
2026-02-04T07:51:24.175636,20.1,40.9,0,0,none,none
2026-02-04T07:51:26.430477,20.1,40.9,0,0,none,none
2026-02-04T07:51:28.685291,20.1,40.9,0,0,none,none
2026-02-04T07:51:30.940138,20.1,40.9,0,0,none,none
2026-02-04T07:51:33.194549,20.1,40.9,0,0,none,none
2026-02-04T07:51:35.449563,20.1,40.9,0,0,none,none
2026-02-04T07:51:37.704509,20.1,40.9,0,0,none,none
2026-02-04T07:51:39.959103,20.1,40.9,0,0,none,none
2026-02-04T07:51:42.214062,20.1,40.9,0,0,none,none
2026-02-04T07:51:44.468912,20.1,40.9,0,0,none,none
2026-02-04T07:51:46.723461,20.1,41.0,0,0,none,none
2026-02-04T07:51:48.978349,20.1,41.0,0,0,none,none
2026-02-04T07:51:51.233196,20.1,41.0,0,0,none,none
2026-02-04T07:51:53.487508,20.1,40.9,0,0,none,none
2026-02-04T07:51:55.742415,20.1,40.9,0,0,none,none
2026-02-04T07:51:57.997378,20.1,40.9,0,0,none,none
2026-02-04T07:52:00.252100,20.1,40.9,0,0,none,none
2026-02-04T07:52:02.506999,20.1,40.9,0,0,none,none
2026-02-04T07:52:04.761859,20.1,40.9,0,0,none,none
2026-02-04T07:52:07.016315,20.1,40.9,0,0,none,none
2026-02-04T07:52:09.271163,20.1,40.9,0,0,none,none
2026-02-04T07:52:11.526276,20.1,40.9,0,0,none,none
2026-02-04T07:52:13.780936,20.1,40.9,0,0,none,none
2026-02-04T07:52:16.035694,20.1,40.9,0,0,none,none
2026-02-04T07:52:18.290503,20.1,40.9,0,0,none,none
2026-02-04T07:52:20.545274,20.1,40.9,0,0,none,none
2026-02-04T07:52:22.800172,20.1,40.9,0,0,none,none
2026-02-04T07:52:25.054771,20.1,40.9,0,0,none,none
2026-02-04T07:52:27.309436,20.1,40.9,0,0,none,none
2026-02-04T07:52:29.564421,20.1,40.9,0,0,none,none
2026-02-04T07:52:31.819269,20.1,40.9,0,0,none,none
2026-02-04T07:52:34.073989,20.1,40.9,0,0,none,none
2026-02-04T07:52:36.328860,20.1,40.9,0,0,none,none
2026-02-04T07:52:38.583813,20.1,40.9,0,0,none,none
2026-02-04T07:52:40.838452,20.1,40.9,0,0,none,none
2026-02-04T07:52:43.093365,20.1,41.0,0,0,none,none
2026-02-04T07:52:45.348406,20.0,40.9,0,0,none,none
2026-02-04T07:52:47.603135,20.1,40.9,0,0,none,none
2026-02-04T07:52:49.858133,20.1,40.9,0,0,none,none
2026-02-04T07:52:52.114856,20.1,40.9,0,0,none,none
2026-02-04T07:52:54.369533,20.1,40.9,0,0,none,none
2026-02-04T07:52:56.624562,20.1,40.9,0,0,none,none
2026-02-04T07:52:58.879359,20.1,40.9,0,0,none,none
2026-02-04T07:53:01.134001,20.0,40.8,0,0,none,none
2026-02-04T07:53:03.388839,20.1,40.9,0,0,none,none
2026-02-04T07:53:05.643717,20.1,40.9,0,0,none,none
2026-02-04T07:53:07.898356,20.1,40.9,0,0,none,none
2026-02-04T07:53:10.153185,20.1,40.9,0,0,none,none
2026-02-04T07:53:12.410123,20.1,40.9,0,0,none,none
2026-02-04T07:53:14.664811,20.1,40.9,0,0,none,none
2026-02-04T07:53:16.919736,20.1,40.9,0,0,none,none
2026-02-04T07:53:19.174572,20.1,40.8,0,0,none,none
2026-02-04T07:53:21.429365,20.1,40.8,0,0,none,none
2026-02-04T07:53:23.684144,20.1,40.9,0,0,none,none
2026-02-04T07:53:25.938929,20.1,40.9,0,0,none,none
2026-02-04T07:53:28.193536,20.1,40.8,0,0,none,none
2026-02-04T07:53:30.448577,20.1,40.9,0,0,none,none
2026-02-04T07:53:32.703389,20.1,40.8,0,0,none,none
2026-02-04T07:53:34.958084,20.1,40.8,0,0,none,none
2026-02-04T07:53:37.212920,20.1,40.8,0,0,none,none
2026-02-04T07:53:39.467864,20.1,40.8,0,0,none,none
2026-02-04T07:53:41.722405,20.1,40.8,0,0,none,none
2026-02-04T07:53:43.977292,20.1,40.9,0,0,none,none
2026-02-04T07:53:46.232168,20.1,40.8,0,0,none,none
2026-02-04T07:53:48.486511,20.1,40.8,0,0,none,none
2026-02-04T07:53:50.741389,20.1,40.8,0,0,none,none
2026-02-04T07:53:52.996330,20.1,40.8,0,0,none,none
2026-02-04T07:53:55.250802,20.1,40.8,0,0,none,none
2026-02-04T07:53:57.505259,20.1,40.8,0,0,none,none
2026-02-04T07:53:59.759983,20.1,40.8,0,0,none,none
2026-02-04T07:54:02.014630,20.1,40.8,0,0,none,none
2026-02-04T07:54:04.269459,20.1,40.9,0,0,none,none
2026-02-04T07:54:06.526393,20.1,40.8,0,0,none,none
2026-02-04T07:54:08.781006,20.1,40.9,0,0,none,none
2026-02-04T07:54:11.035841,20.1,40.8,0,0,none,none
2026-02-04T07:54:13.290572,20.1,40.8,0,0,none,none
2026-02-04T07:54:15.545356,20.1,40.8,0,0,none,none
2026-02-04T07:54:17.800137,20.1,40.9,0,0,none,none
2026-02-04T07:54:20.054939,20.1,40.8,0,0,none,none
2026-02-04T07:54:22.309576,20.1,40.8,0,0,none,none
2026-02-04T07:54:24.564570,20.1,40.8,0,0,none,none
2026-02-04T07:54:26.819469,20.1,40.8,0,0,none,none
2026-02-04T07:54:29.075307,20.1,40.8,0,0,none,none
2026-02-04T07:54:31.330304,20.1,40.8,0,0,none,none
2026-02-04T07:54:33.585243,20.1,40.8,0,0,none,none
2026-02-04T07:54:35.839836,20.1,40.8,0,0,none,none
2026-02-04T07:54:38.094673,20.1,40.9,0,0,none,none
2026-02-04T07:54:40.349476,20.1,40.8,0,0,none,none
2026-02-04T07:54:42.604182,20.1,40.8,0,0,none,none
2026-02-04T07:54:44.858791,20.1,40.8,0,0,none,none
2026-02-04T07:54:47.113687,20.1,40.8,0,0,none,none
2026-02-04T07:54:49.368380,20.1,40.8,0,0,none,none
2026-02-04T07:54:51.623331,20.1,40.8,0,0,none,none
2026-02-04T07:54:53.878034,20.1,40.8,0,0,none,none
2026-02-04T07:54:56.132702,20.1,40.8,0,0,none,none
2026-02-04T07:54:58.387537,20.1,40.8,0,0,none,none
2026-02-04T07:55:00.642450,20.1,40.8,0,0,none,none
2026-02-04T07:55:02.897296,20.1,40.8,0,0,none,none
2026-02-04T07:55:05.152167,20.1,40.8,0,0,none,none
2026-02-04T07:55:07.406848,20.1,40.8,0,0,none,none
2026-02-04T07:55:09.661214,20.1,40.8,0,0,none,none
2026-02-04T07:55:11.916241,20.1,40.8,0,0,none,none
2026-02-04T07:55:14.170701,20.1,40.8,0,0,none,none
2026-02-04T07:55:16.426466,20.1,40.8,0,0,none,none
2026-02-04T07:55:18.762222,20.1,40.8,0,0,none,none
2026-02-04T07:55:21.098037,20.1,40.8,0,0,none,none
2026-02-04T07:55:23.364233,20.1,40.8,0,0,none,none
2026-02-04T07:55:25.619247,20.1,40.8,0,0,none,none
2026-02-04T07:55:27.873908,20.1,40.8,0,0,none,none
2026-02-04T07:55:30.128590,20.1,40.8,0,0,none,none
2026-02-04T07:55:32.383330,20.1,40.8,0,0,none,none
2026-02-04T07:55:34.638276,20.1,40.8,0,0,none,none
2026-02-04T07:55:36.892921,20.1,40.8,0,0,none,none
2026-02-04T07:55:39.147744,20.1,40.8,0,0,none,none
2026-02-04T07:55:41.402544,20.1,40.8,0,0,none,none
2026-02-04T07:55:43.657252,20.1,40.8,0,0,none,none
2026-02-04T07:55:45.912110,20.1,40.8,0,0,none,none
2026-02-04T07:55:48.166934,20.1,40.8,0,0,none,none
2026-02-04T07:55:50.421576,20.1,40.8,0,0,none,none
2026-02-04T07:55:52.676626,20.1,40.8,0,0,none,none
2026-02-04T07:55:54.931404,20.1,40.8,0,0,none,none
2026-02-04T07:55:57.186136,20.1,40.8,0,0,none,none
2026-02-04T07:55:59.441122,20.1,40.8,0,0,none,none
2026-02-04T07:56:01.696075,20.1,40.8,0,0,none,none
2026-02-04T07:56:03.950753,20.1,40.8,0,0,none,none
2026-02-04T07:56:06.205596,20.1,40.8,0,0,none,none
2026-02-04T07:56:08.460608,20.1,40.8,0,0,none,none
2026-02-04T07:56:10.714954,20.1,40.8,0,0,none,none
2026-02-04T07:56:12.969875,20.1,40.8,0,0,none,none
2026-02-04T07:56:15.224595,20.1,40.8,0,0,none,none
2026-02-04T07:56:17.479456,20.1,40.8,0,0,none,none
2026-02-04T07:56:19.734455,20.1,40.8,0,0,none,none
2026-02-04T07:56:21.989371,20.1,40.8,0,0,none,none
2026-02-04T07:56:24.243778,20.1,40.8,0,0,none,none
2026-02-04T07:56:26.498606,20.1,40.8,0,0,none,none
2026-02-04T07:56:28.753437,20.1,40.8,0,0,none,none
2026-02-04T07:56:31.008180,20.1,40.8,0,0,none,none
2026-02-04T07:56:33.262896,20.1,40.8,0,0,none,none
2026-02-04T07:56:35.517907,20.1,40.8,0,0,none,none
2026-02-04T07:56:37.772527,20.1,40.8,0,0,none,none
2026-02-04T07:56:40.027409,20.1,40.8,0,0,none,none
2026-02-04T07:56:42.282300,20.1,40.8,0,0,none,none
2026-02-04T07:56:44.537056,20.1,40.8,0,0,none,none
2026-02-04T07:56:46.791834,20.1,40.8,0,0,none,none
2026-02-04T07:56:49.046673,20.1,40.8,0,0,none,none
2026-02-04T07:56:51.301455,20.1,40.8,0,0,none,none
2026-02-04T07:56:53.556397,20.1,40.8,0,0,none,none
2026-02-04T07:56:55.811100,20.1,40.8,0,0,none,none
2026-02-04T07:56:58.065811,20.1,40.8,0,0,none,none
2026-02-04T07:57:00.320698,20.1,40.8,0,0,none,none
2026-02-04T07:57:02.575591,20.1,40.8,0,0,none,none
2026-02-04T07:57:04.830177,20.1,40.8,0,0,none,none
2026-02-04T07:57:07.085158,20.1,40.8,0,0,none,none
2026-02-04T07:57:09.339964,20.1,40.8,0,0,none,none
2026-02-04T07:57:11.594788,20.1,40.8,0,0,none,none
2026-02-04T07:57:13.849644,20.1,40.8,0,0,none,none
2026-02-04T07:57:16.104519,20.1,40.8,0,0,none,none
2026-02-04T07:57:18.359188,20.1,40.8,0,0,none,none
2026-02-04T07:57:20.614053,20.1,40.8,0,0,none,none
2026-02-04T07:57:22.868881,20.1,40.8,0,0,none,none
2026-02-04T07:57:25.123562,20.1,40.8,0,0,none,none
2026-02-04T07:57:27.378290,20.1,40.8,0,0,none,none
2026-02-04T07:57:29.633334,20.1,40.8,0,0,none,none
2026-02-04T07:57:31.888018,20.1,40.8,0,0,none,none
2026-02-04T07:57:34.142891,20.1,40.8,0,0,none,none
2026-02-04T07:57:36.397684,20.1,40.8,0,0,none,none
2026-02-04T07:57:38.652228,20.1,40.8,0,0,none,none
2026-02-04T07:57:40.906878,20.1,40.8,0,0,none,none
2026-02-04T07:57:43.163515,20.1,40.8,0,0,none,none
2026-02-04T07:57:45.417876,20.1,40.8,0,0,none,none
2026-02-04T07:57:47.672842,20.1,40.8,0,0,none,none
2026-02-04T07:57:49.927691,20.1,40.8,0,0,none,none
2026-02-04T07:57:52.182329,20.1,40.8,0,0,none,none
2026-02-04T07:57:54.437317,20.1,40.8,0,0,none,none
2026-02-04T07:57:56.692103,20.1,40.8,0,0,none,none
2026-02-04T07:57:58.946607,20.1,40.8,0,0,none,none
2026-02-04T07:58:01.201450,20.1,40.8,0,0,none,none
2026-02-04T07:58:03.456465,20.1,40.8,0,0,none,none
2026-02-04T07:58:05.711170,20.1,40.8,0,0,none,none
2026-02-04T07:58:07.966106,20.1,40.8,0,0,none,none
2026-02-04T07:58:10.220929,20.1,40.8,0,0,none,none
2026-02-04T07:58:12.475675,20.1,40.8,0,0,none,none
2026-02-04T07:58:14.730530,20.1,40.8,0,0,none,none
2026-02-04T07:58:16.985358,20.1,40.8,0,0,none,none
2026-02-04T07:58:19.239945,20.1,40.8,0,0,none,none
2026-02-04T07:58:21.494383,20.1,40.8,0,0,none,none
2026-02-04T07:58:23.749209,20.1,40.8,0,0,none,none
2026-02-04T07:58:26.003630,20.1,40.8,0,0,none,none
2026-02-04T07:58:28.258482,20.1,40.8,0,0,none,none
2026-02-04T07:58:30.513406,20.1,40.8,0,0,none,none
2026-02-04T07:58:32.768034,20.1,40.8,0,0,none,none
2026-02-04T07:58:35.022831,20.1,40.8,0,0,none,none
2026-02-04T07:58:37.279750,20.1,40.8,0,0,none,none
2026-02-04T07:58:39.534489,20.1,40.8,0,0,none,none
2026-02-04T07:58:41.789432,20.1,40.8,0,0,none,none
2026-02-04T07:58:44.044362,20.1,40.9,0,0,none,none
2026-02-04T07:58:46.299123,20.1,40.8,0,0,none,none
2026-02-04T07:58:48.554222,20.1,40.8,0,0,none,none
2026-02-04T07:58:50.809094,20.1,40.8,0,0,none,none
2026-02-04T07:58:53.063766,20.1,40.8,0,0,none,none
2026-02-04T07:58:55.318457,20.1,40.8,0,0,none,none
2026-02-04T07:58:57.573536,20.1,40.8,0,0,none,none
2026-02-04T07:58:59.828243,20.1,40.8,0,0,none,none
2026-02-04T07:59:02.083172,20.1,40.8,0,0,none,none
2026-02-04T07:59:04.337868,20.1,40.8,0,0,none,none
2026-02-04T07:59:06.592681,20.1,40.8,0,0,none,none
2026-02-04T07:59:08.847479,20.1,40.8,0,0,none,none
2026-02-04T07:59:11.102372,20.1,40.8,0,0,none,none
2026-02-04T07:59:13.357116,20.1,40.8,0,0,none,none
2026-02-04T07:59:15.612088,20.1,40.8,0,0,none,none
2026-02-04T07:59:17.866780,20.1,40.8,0,0,none,none
2026-02-04T07:59:20.121519,20.1,40.8,0,0,none,none
2026-02-04T07:59:22.376371,20.1,40.8,0,0,none,none
2026-02-04T07:59:24.631278,20.1,40.8,0,0,none,none
2026-02-04T07:59:26.886066,20.1,40.8,0,0,none,none
2026-02-04T07:59:29.141022,20.1,40.8,0,0,none,none
2026-02-04T07:59:31.395570,20.1,40.8,0,0,none,none
2026-02-04T07:59:33.650237,20.1,40.8,0,0,none,none
2026-02-04T07:59:35.904927,20.1,40.8,0,0,none,none
2026-02-04T07:59:38.159807,20.1,40.8,0,0,none,none
2026-02-04T07:59:40.413977,20.1,40.8,0,0,none,none
2026-02-04T07:59:42.668995,20.1,40.8,0,0,none,none
2026-02-04T07:59:44.923516,20.1,40.8,0,0,none,none
2026-02-04T07:59:47.178174,20.1,40.8,0,0,none,none
2026-02-04T07:59:49.433148,20.1,40.8,0,0,none,none
2026-02-04T07:59:51.687974,20.1,40.8,0,0,none,none
2026-02-04T07:59:53.942320,20.1,40.8,0,0,none,none
2026-02-04T07:59:56.197195,20.1,40.8,0,0,none,none
2026-02-04T07:59:58.452147,20.1,40.8,0,0,none,none
2026-02-04T08:00:00.706884,20.1,40.8,0,0,none,none
2026-02-04T08:00:02.961855,20.1,40.8,0,0,none,none
2026-02-04T08:00:05.216758,20.1,40.8,1,0,none,none
2026-02-04T08:00:07.471492,20.1,40.8,0,0,none,none
2026-02-04T08:00:09.726542,20.1,40.8,0,0,none,none
2026-02-04T08:00:11.981507,20.1,40.8,0,0,none,none
2026-02-04T08:00:14.236291,20.1,40.8,0,0,none,none
2026-02-04T08:00:16.490793,20.1,40.8,0,0,none,none
2026-02-04T08:00:18.745689,20.1,40.8,0,0,none,none
2026-02-04T08:00:21.000482,20.1,40.8,0,0,none,none
2026-02-04T08:00:23.255450,20.1,40.8,0,0,none,none
2026-02-04T08:00:25.510457,20.1,40.8,0,0,none,none
2026-02-04T08:00:27.765324,20.1,40.8,0,0,none,none
2026-02-04T08:00:30.020059,20.1,40.8,0,0,none,none
2026-02-04T08:00:32.274971,20.1,40.7,0,0,none,none
2026-02-04T08:00:34.529915,20.1,40.7,0,0,none,none
2026-02-04T08:00:36.784841,20.1,40.8,0,0,none,none
2026-02-04T08:00:39.039653,20.1,40.8,0,0,none,none
2026-02-04T08:00:41.294324,20.1,40.8,0,0,none,none
2026-02-04T08:00:43.549273,20.1,40.8,0,0,none,none
2026-02-04T08:00:45.804142,20.1,40.8,0,0,none,none
2026-02-04T08:00:48.058790,20.1,40.8,0,0,none,none
2026-02-04T08:00:50.313646,20.1,40.8,0,0,none,none
2026-02-04T08:00:52.568729,20.1,40.7,0,0,none,none
2026-02-04T08:00:54.823405,20.1,40.8,0,0,none,none
2026-02-04T08:00:57.077882,20.1,40.7,0,0,none,none
2026-02-04T08:00:59.332731,20.1,40.7,0,0,none,none
2026-02-04T08:01:01.587214,20.1,40.8,0,0,none,none
2026-02-04T08:01:03.842117,20.1,40.7,0,0,none,none
2026-02-04T08:01:06.096998,20.1,40.8,0,0,none,none
2026-02-04T08:01:08.351646,20.1,40.8,0,0,none,none
2026-02-04T08:01:10.606684,20.1,40.7,0,0,none,none
2026-02-04T08:01:12.861633,20.1,40.7,0,0,none,none
2026-02-04T08:01:15.116409,20.1,40.8,0,0,none,none
2026-02-04T08:01:17.371388,20.1,40.7,0,0,none,none
2026-02-04T08:01:19.626292,20.1,40.7,0,0,none,none
2026-02-04T08:01:21.881093,20.1,40.8,0,0,none,none
2026-02-04T08:01:24.135982,20.1,40.7,0,0,none,none
2026-02-04T08:01:26.390811,20.1,40.8,0,0,none,none
2026-02-04T08:01:28.645719,20.1,40.8,0,0,none,none
2026-02-04T08:01:30.900725,20.1,40.8,0,0,none,none
2026-02-04T08:01:33.155543,20.1,40.8,0,0,none,none
2026-02-04T08:01:35.410162,20.1,40.7,0,0,none,none
2026-02-04T08:01:37.664996,20.1,40.8,0,0,none,none
2026-02-04T08:01:39.919945,20.1,40.8,0,0,none,none
2026-02-04T08:01:42.174547,20.1,40.7,0,0,none,none
2026-02-04T08:01:44.429659,20.1,40.8,0,0,none,none
2026-02-04T08:01:46.684690,20.1,40.8,0,0,none,none
2026-02-04T08:01:48.938936,20.1,40.8,0,0,none,none
2026-02-04T08:01:51.193979,20.1,40.8,0,0,none,none
2026-02-04T08:01:53.448925,20.1,40.8,0,0,none,none
2026-02-04T08:01:55.703666,20.1,40.8,0,0,none,none
2026-02-04T08:01:57.958498,20.1,40.8,0,0,none,none
2026-02-04T08:02:00.213388,20.1,40.8,0,0,none,none
2026-02-04T08:02:02.467838,20.1,40.8,0,0,none,none
2026-02-04T08:02:04.722497,20.1,40.8,0,0,none,none
2026-02-04T08:02:06.977318,20.1,40.8,0,0,none,none
2026-02-04T08:02:09.231913,20.1,40.8,0,0,none,none
2026-02-04T08:02:11.486576,20.1,40.8,0,0,none,none
2026-02-04T08:02:13.741609,20.1,40.8,0,0,none,none
2026-02-04T08:02:15.995927,20.1,40.8,0,0,none,none
2026-02-04T08:02:18.250918,20.1,40.8,0,0,none,none
2026-02-04T08:02:20.505987,20.1,40.8,0,0,none,none
2026-02-04T08:02:22.760708,20.1,40.8,0,0,none,none
2026-02-04T08:02:25.015385,20.1,40.8,0,0,none,none
2026-02-04T08:02:27.270098,20.1,40.8,0,0,none,none
2026-02-04T08:02:29.525031,20.0,40.7,0,0,none,none
2026-02-04T08:02:31.779631,20.1,40.8,0,0,none,none
2026-02-04T08:02:34.034100,20.1,40.8,0,0,none,none
2026-02-04T08:02:36.288931,20.1,40.8,0,0,none,none
2026-02-04T08:02:38.543924,20.1,40.8,0,0,none,none
2026-02-04T08:02:40.798571,20.1,40.8,0,0,none,none
2026-02-04T08:02:43.053266,20.1,40.8,0,0,none,none
2026-02-04T08:02:45.308085,20.1,40.8,0,0,none,none
2026-02-04T08:02:47.562620,20.1,40.8,0,0,none,none
2026-02-04T08:02:49.817405,20.1,40.8,0,0,none,none
2026-02-04T08:02:52.071885,20.1,40.8,0,0,none,none
2026-02-04T08:02:54.326684,20.1,40.8,0,0,none,none
2026-02-04T08:02:56.581506,20.1,40.8,0,0,none,none
2026-02-04T08:02:58.836372,20.1,40.8,0,0,none,none
2026-02-04T08:03:01.091071,20.1,40.8,0,0,none,none
2026-02-04T08:03:03.345797,20.1,40.8,0,0,none,none
2026-02-04T08:03:05.600697,20.1,40.8,0,0,none,none
2026-02-04T08:03:07.855332,20.1,40.8,0,0,none,none
2026-02-04T08:03:10.110065,20.1,40.8,0,0,none,none
2026-02-04T08:03:12.365001,20.1,40.8,0,0,none,none
2026-02-04T08:03:14.619910,20.1,40.8,0,0,none,none
2026-02-04T08:03:16.874567,20.1,40.8,0,0,none,none
2026-02-04T08:03:19.129422,20.1,40.8,0,0,none,none
2026-02-04T08:03:21.384309,20.1,40.8,0,0,none,none
2026-02-04T08:03:23.639080,20.1,40.7,0,0,none,none
2026-02-04T08:03:25.894012,20.1,40.8,0,0,none,none
2026-02-04T08:03:28.148756,20.1,40.8,0,0,none,none
2026-02-04T08:03:30.403274,20.1,40.8,0,0,none,none
2026-02-04T08:03:32.658294,20.1,40.8,0,0,none,none
2026-02-04T08:03:34.913168,20.1,40.8,0,0,none,none
2026-02-04T08:03:37.167541,20.1,40.8,0,0,none,none
2026-02-04T08:03:39.422283,20.1,40.7,0,0,none,none
2026-02-04T08:03:41.677266,20.1,40.8,0,0,none,none
2026-02-04T08:03:43.931866,20.1,40.8,0,0,none,none
2026-02-04T08:03:46.186660,20.1,40.8,0,0,none,none
2026-02-04T08:03:48.441515,20.1,40.8,0,0,none,none
2026-02-04T08:03:50.696219,20.1,40.8,0,0,none,none
2026-02-04T08:03:52.951101,20.1,40.8,0,0,none,none
2026-02-04T08:03:55.205985,20.1,40.8,0,0,none,none
2026-02-04T08:03:57.460761,20.1,40.8,0,0,none,none
2026-02-04T08:03:59.715598,20.1,40.8,0,0,none,none
2026-02-04T08:04:01.970198,20.1,40.8,0,0,none,none
2026-02-04T08:04:04.224863,20.1,40.8,0,0,none,none
2026-02-04T08:04:06.479735,20.1,40.8,0,0,none,none
2026-02-04T08:04:08.734550,20.1,40.7,0,0,none,none
2026-02-04T08:04:10.989226,20.1,40.8,0,0,none,none
2026-02-04T08:04:13.244043,20.1,40.7,0,0,none,none
2026-02-04T08:04:15.498943,20.1,40.8,0,0,none,none
2026-02-04T08:04:17.753660,20.1,40.8,0,0,none,none
2026-02-04T08:04:20.008523,20.1,40.8,0,0,none,none
2026-02-04T08:04:22.263335,20.1,40.8,0,0,none,none
2026-02-04T08:04:24.518134,20.1,40.8,0,0,none,none
2026-02-04T08:04:26.773005,20.1,40.8,0,0,none,none
2026-02-04T08:04:29.027920,20.1,40.8,0,0,none,none
2026-02-04T08:04:31.282395,20.1,40.8,0,0,none,none
2026-02-04T08:04:33.537409,20.1,40.8,0,0,none,none
2026-02-04T08:04:35.792304,20.1,40.8,0,0,none,none
2026-02-04T08:04:38.046795,20.1,40.8,0,0,none,none
2026-02-04T08:04:40.301579,20.1,40.8,0,0,none,none
2026-02-04T08:04:42.556550,20.1,40.8,0,0,none,none
2026-02-04T08:04:44.811141,20.1,40.8,0,0,none,none
2026-02-04T08:04:47.066082,20.1,40.8,0,0,none,none
2026-02-04T08:04:49.320904,20.1,40.8,0,0,none,none
2026-02-04T08:04:51.575575,20.1,40.8,0,0,none,none
2026-02-04T08:04:53.830120,20.1,40.8,0,0,none,none
2026-02-04T08:04:56.084895,20.1,40.8,0,0,none,none
2026-02-04T08:04:58.339441,20.1,40.8,0,0,none,none
2026-02-04T08:05:00.594370,20.1,40.8,0,0,none,none
2026-02-04T08:05:02.849216,20.1,40.8,0,0,none,none
2026-02-04T08:05:05.103611,20.1,40.8,0,0,none,none
2026-02-04T08:05:07.358365,20.1,40.8,0,0,none,none
2026-02-04T08:05:09.613303,20.1,40.8,0,0,none,none
2026-02-04T08:05:11.867818,20.1,40.8,0,0,none,none
2026-02-04T08:05:14.122453,20.1,40.8,0,0,none,none
2026-02-04T08:05:16.376859,20.1,40.8,0,0,none,none
2026-02-04T08:05:18.631553,20.1,40.8,0,0,none,none
2026-02-04T08:05:20.886037,20.1,40.8,0,0,none,none
2026-02-04T08:05:23.140828,20.1,40.8,0,0,none,none
2026-02-04T08:05:25.395209,20.1,40.8,0,0,none,none
2026-02-04T08:05:27.650164,20.1,40.8,0,0,none,none
2026-02-04T08:05:29.905031,20.1,40.9,0,0,none,none
2026-02-04T08:05:32.159666,20.1,40.8,0,0,none,none
2026-02-04T08:05:34.414179,20.1,40.8,0,0,none,none
2026-02-04T08:05:36.669128,20.1,40.8,0,0,none,none
2026-02-04T08:05:38.923833,20.1,40.8,0,0,none,none
2026-02-04T08:05:41.178374,20.1,40.9,0,0,none,none
2026-02-04T08:05:43.433395,20.1,40.9,0,0,none,none
2026-02-04T08:05:45.688115,20.1,40.9,0,0,none,none
2026-02-04T08:05:47.943032,20.1,40.9,0,0,none,none
2026-02-04T08:05:50.197989,20.1,40.9,0,0,none,none
2026-02-04T08:05:52.452743,20.1,40.9,0,0,none,none
2026-02-04T08:05:54.707400,20.1,40.9,0,0,none,none
2026-02-04T08:05:56.961987,20.1,40.9,0,0,none,none
2026-02-04T08:05:59.216711,20.0,40.9,0,0,none,none
2026-02-04T08:06:01.471603,20.0,40.8,0,0,none,none
2026-02-04T08:06:03.726186,20.1,40.8,0,0,none,none
2026-02-04T08:06:05.980916,20.1,40.8,0,0,none,none
2026-02-04T08:06:08.235708,20.1,40.8,0,0,none,none
2026-02-04T08:06:10.490634,20.1,40.8,0,0,none,none
2026-02-04T08:06:12.745374,20.1,40.8,0,0,none,none
2026-02-04T08:06:15.000063,20.1,40.8,0,0,none,none
2026-02-04T08:06:17.254733,20.1,40.8,0,0,none,none
2026-02-04T08:06:19.509587,20.1,40.9,0,0,none,none
2026-02-04T08:06:21.764222,20.1,40.9,0,0,none,none
2026-02-04T08:06:24.019058,20.1,40.9,0,0,none,none
2026-02-04T08:06:26.273754,20.1,40.8,0,0,none,none
2026-02-04T08:06:28.528631,20.1,40.9,0,0,none,none
2026-02-04T08:06:30.783479,20.1,40.9,0,0,none,none
2026-02-04T08:06:33.038124,20.1,40.9,0,0,none,none
2026-02-04T08:06:35.292877,20.1,40.9,0,0,none,none
2026-02-04T08:06:37.547558,20.1,40.9,0,0,none,none
2026-02-04T08:06:39.802094,20.1,40.9,0,0,none,none
2026-02-04T08:06:42.056947,20.1,41.0,0,0,none,none
2026-02-04T08:06:44.311539,20.1,40.9,0,0,none,none
2026-02-04T08:06:46.566022,20.1,40.9,0,0,none,none
2026-02-04T08:06:48.820941,20.1,40.9,0,0,none,none
2026-02-04T08:06:51.075710,20.1,40.9,0,0,none,none
2026-02-04T08:06:53.330297,20.1,40.9,0,0,none,none
2026-02-04T08:06:55.585288,20.1,40.9,0,0,none,none
2026-02-04T08:06:57.840148,20.0,40.9,0,0,none,none
2026-02-04T08:07:00.094627,20.1,40.9,0,0,none,none
2026-02-04T08:07:02.349532,20.0,40.9,0,0,none,none
2026-02-04T08:07:04.604457,20.1,40.9,0,0,none,none
2026-02-04T08:07:06.858788,20.1,40.9,0,0,none,none
2026-02-04T08:07:09.113613,20.1,40.9,0,0,none,none
2026-02-04T08:07:11.368442,20.1,40.9,0,0,none,none
2026-02-04T08:07:13.623254,20.0,40.8,0,0,none,none
2026-02-04T08:07:15.878166,20.0,40.9,0,0,none,none
2026-02-04T08:07:18.133155,20.1,40.9,0,0,none,none
2026-02-04T08:07:20.387530,20.0,40.8,0,0,none,none
2026-02-04T08:07:22.642540,20.0,40.9,0,0,none,none
2026-02-04T08:07:24.897393,20.1,40.9,0,0,none,none
2026-02-04T08:07:27.152041,20.0,40.9,0,0,none,none
2026-02-04T08:07:29.406649,20.1,40.9,0,0,none,none
2026-02-04T08:07:31.661609,20.1,40.9,0,0,none,none
2026-02-04T08:07:33.916152,20.1,41.2,0,0,none,none
2026-02-04T08:07:36.170750,20.1,41.6,0,0,none,none
2026-02-04T08:07:38.425497,20.1,41.8,1,0,none,none
2026-02-04T08:07:40.680109,20.1,42.0,0,0,none,none
2026-02-04T08:07:42.934608,20.1,42.0,0,0,none,none
2026-02-04T08:07:45.189444,20.1,42.0,0,0,none,none
2026-02-04T08:07:47.443990,20.0,42.0,0,0,none,none
2026-02-04T08:07:49.698565,20.1,42.0,0,0,none,none
2026-02-04T08:07:51.953409,20.1,42.0,0,0,none,none
2026-02-04T08:07:54.208172,20.0,41.9,1,0,none,none
2026-02-04T08:07:56.462923,20.1,42.0,0,0,none,none
2026-02-04T08:07:58.717774,20.1,42.0,0,0,none,none
2026-02-04T08:08:00.972235,20.1,42.0,0,0,none,none
2026-02-04T08:08:03.226842,20.1,41.9,0,0,none,none
2026-02-04T08:08:05.481840,20.1,41.9,0,0,none,none
2026-02-04T08:08:07.736451,20.1,41.9,0,0,none,none
2026-02-04T08:08:09.991296,20.1,41.9,0,0,none,none
2026-02-04T08:08:12.245890,20.1,41.9,0,0,none,none
2026-02-04T08:08:14.500659,20.0,41.8,0,0,none,none
2026-02-04T08:08:16.755461,20.1,41.8,0,0,none,none
2026-02-04T08:08:19.010013,20.1,41.8,0,0,none,none
2026-02-04T08:08:21.264542,20.1,41.8,0,0,none,none
2026-02-04T08:08:23.519475,20.1,41.8,0,0,none,none
2026-02-04T08:08:25.774282,20.1,41.8,0,0,none,none
2026-02-04T08:08:28.029028,20.0,41.7,1,0,none,none
2026-02-04T08:08:30.283524,20.1,41.7,0,0,none,none
2026-02-04T08:08:32.538393,20.1,41.7,0,0,none,none
2026-02-04T08:08:34.792591,20.1,41.7,0,0,none,none
2026-02-04T08:08:37.047402,20.1,41.7,0,0,none,none
2026-02-04T08:08:39.302177,20.1,41.8,0,0,none,none
2026-02-04T08:08:41.556960,20.0,41.8,0,0,none,none
2026-02-04T08:08:43.811495,20.0,41.8,1,0,none,none
2026-02-04T08:08:46.066259,20.1,41.9,0,0,none,none
2026-02-04T08:08:48.320977,20.0,41.9,0,0,none,none
2026-02-04T08:08:50.575618,20.1,41.9,0,0,none,none
2026-02-04T08:08:52.830224,20.1,41.9,0,0,none,none
2026-02-04T08:08:55.084798,20.0,41.8,0,0,none,none
2026-02-04T08:08:57.339735,20.1,41.9,0,0,none,none
2026-02-04T08:08:59.594606,20.1,41.9,1,0,none,none
2026-02-04T08:09:01.849233,20.0,41.8,0,0,none,none
2026-02-04T08:09:04.103917,20.1,41.9,0,0,none,none
2026-02-04T08:09:06.358764,20.0,41.8,0,0,none,none
2026-02-04T08:09:08.613534,20.1,41.9,0,0,none,none
2026-02-04T08:09:10.868425,20.1,41.8,0,0,none,none
2026-02-04T08:09:13.123243,20.0,41.8,0,0,none,none
2026-02-04T08:09:15.377917,20.0,41.7,1,0,none,none
2026-02-04T08:09:17.632874,20.1,41.7,0,0,none,none
2026-02-04T08:09:19.887599,20.1,41.7,0,0,none,none
2026-02-04T08:09:22.141719,20.0,41.6,0,0,none,none
2026-02-04T08:09:24.396715,20.1,41.7,0,0,none,none
2026-02-04T08:09:26.651413,20.0,41.6,0,0,none,none
2026-02-04T08:09:28.905677,20.1,41.7,0,0,none,none
2026-02-04T08:09:31.160409,20.1,41.7,0,0,none,none
2026-02-04T08:09:33.415239,20.0,41.6,0,0,none,none
2026-02-04T08:09:35.670104,20.1,41.7,0,0,none,none
2026-02-04T08:09:37.924772,20.1,41.7,0,0,none,none
2026-02-04T08:09:40.179627,20.1,41.6,1,0,none,none
2026-02-04T08:09:42.434037,20.1,41.6,0,0,none,none
2026-02-04T08:09:44.688952,20.0,41.5,0,0,none,none
2026-02-04T08:09:46.943540,20.1,41.6,0,0,none,none
2026-02-04T08:09:49.198184,20.1,41.5,0,0,none,none
2026-02-04T08:09:51.452862,20.1,41.5,0,0,none,none
2026-02-04T08:09:53.707706,20.1,41.5,0,0,none,none
2026-02-04T08:09:55.962287,20.1,41.5,0,0,none,none
2026-02-04T08:09:58.217198,20.1,41.6,0,0,none,none
2026-02-04T08:10:00.472009,20.1,41.5,0,0,none,none
2026-02-04T08:10:02.726445,20.0,41.5,0,0,none,none
2026-02-04T08:10:04.981276,20.1,41.6,0,0,none,none
2026-02-04T08:10:07.235771,20.1,41.6,0,0,none,none
2026-02-04T08:10:09.489987,20.1,41.6,0,0,none,none
2026-02-04T08:10:11.744807,20.1,41.6,0,0,none,none
2026-02-04T08:10:13.999628,20.1,41.6,0,0,none,none
2026-02-04T08:10:16.254203,20.1,41.6,0,0,none,none
2026-02-04T08:10:18.509070,20.1,41.6,0,0,none,none
2026-02-04T08:10:20.763800,20.1,41.6,0,0,none,none
2026-02-04T08:10:23.018251,20.1,41.6,0,0,none,none
2026-02-04T08:10:25.273155,20.1,41.7,0,0,none,none
2026-02-04T08:10:27.527934,20.1,41.7,0,0,none,none
2026-02-04T08:10:29.782448,20.1,41.7,0,0,none,none
2026-02-04T08:10:32.037250,20.0,41.6,0,0,none,none
2026-02-04T08:10:34.292055,20.1,41.7,0,0,none,none
2026-02-04T08:10:36.546784,20.1,41.6,0,0,none,none
2026-02-04T08:10:38.801638,20.1,41.6,0,0,none,none
2026-02-04T08:10:41.056458,20.1,41.6,0,0,none,none
2026-02-04T08:10:43.311086,20.1,41.6,0,0,none,none
2026-02-04T08:10:45.566184,20.1,41.7,0,0,none,none
2026-02-04T08:10:47.821116,20.1,41.7,0,0,none,none
2026-02-04T08:10:50.075490,20.1,41.7,0,0,none,none
2026-02-04T08:10:52.330311,20.1,41.6,0,0,none,none
2026-02-04T08:10:54.585117,20.1,41.6,0,0,none,none
2026-02-04T08:10:56.839553,20.1,41.6,0,0,none,none
2026-02-04T08:10:59.093954,20.1,41.6,0,0,none,none
2026-02-04T08:11:01.348797,20.1,41.6,0,0,none,none
2026-02-04T08:11:03.603374,20.0,41.5,0,0,none,none
2026-02-04T08:11:05.858213,20.1,41.6,0,0,none,none
2026-02-04T08:11:08.113019,20.1,41.6,0,0,none,none
2026-02-04T08:11:10.367479,20.1,41.6,0,0,none,none
2026-02-04T08:11:12.622420,20.1,41.6,0,0,none,none
2026-02-04T08:11:14.877242,20.1,41.6,0,0,none,none
2026-02-04T08:11:17.131569,20.1,41.6,0,0,none,none
2026-02-04T08:11:19.386135,20.1,41.6,0,0,none,none
2026-02-04T08:11:21.641135,20.1,41.6,0,0,none,none
2026-02-04T08:11:23.895752,20.1,41.6,0,0,none,none
2026-02-04T08:11:26.150294,20.1,41.6,0,0,none,none
2026-02-04T08:11:28.405106,20.1,41.5,0,0,none,none
2026-02-04T08:11:30.659619,20.1,41.5,0,0,none,none
2026-02-04T08:11:32.914543,20.1,41.6,0,0,none,none
2026-02-04T08:11:35.169248,20.1,41.6,0,0,none,none
2026-02-04T08:11:37.423932,20.1,41.6,0,0,none,none
2026-02-04T08:11:39.678665,20.1,41.6,0,0,none,none
2026-02-04T08:11:41.933483,20.1,41.6,0,0,none,none
2026-02-04T08:11:44.187759,20.1,41.6,0,0,none,none
2026-02-04T08:11:46.442663,20.1,41.6,0,0,none,none
2026-02-04T08:11:48.697496,20.1,41.6,0,0,none,none
2026-02-04T08:11:50.951835,20.1,41.6,0,0,none,none
2026-02-04T08:11:53.206621,20.1,41.6,0,0,none,none
2026-02-04T08:11:55.461625,20.1,41.6,0,0,none,none
2026-02-04T08:11:57.716339,20.1,41.6,0,0,none,none
2026-02-04T08:11:59.970955,20.1,41.6,0,0,none,none
2026-02-04T08:12:02.225916,20.1,41.6,0,0,none,none
2026-02-04T08:12:04.480453,20.1,41.6,0,0,none,none
2026-02-04T08:12:06.734852,20.1,41.6,0,0,none,none
2026-02-04T08:12:08.989722,20.1,41.6,0,0,none,none
2026-02-04T08:12:11.244385,20.1,41.6,0,0,none,none
2026-02-04T08:12:13.498873,20.1,41.6,0,0,none,none
2026-02-04T08:12:15.753776,20.1,41.6,0,0,none,none
2026-02-04T08:12:18.008403,20.1,41.6,0,0,none,none
2026-02-04T08:12:20.263074,20.1,41.6,0,0,none,none
2026-02-04T08:12:22.518057,20.1,41.6,0,0,none,none
2026-02-04T08:12:24.772709,20.1,41.6,0,0,none,none
2026-02-04T08:12:27.027443,20.1,41.6,0,0,none,none
2026-02-04T08:12:29.282168,20.1,41.6,0,0,none,none
2026-02-04T08:12:31.536811,20.1,41.6,0,0,none,none
2026-02-04T08:12:33.791741,20.1,41.7,0,0,none,none
2026-02-04T08:12:36.046541,20.1,41.6,0,0,none,none
2026-02-04T08:12:38.301105,20.1,41.6,0,0,none,none
2026-02-04T08:12:40.556046,20.1,41.6,0,0,none,none
2026-02-04T08:12:42.810695,20.1,41.7,0,0,none,none
2026-02-04T08:12:45.065310,20.1,41.6,0,0,none,none
2026-02-04T08:12:47.320047,20.1,41.7,0,0,none,none
2026-02-04T08:12:49.574874,20.1,41.7,0,0,none,none
2026-02-04T08:12:51.829518,20.1,41.7,0,0,none,none
2026-02-04T08:12:54.084344,20.1,41.7,0,0,none,none
2026-02-04T08:12:56.339118,20.1,41.7,0,0,none,none
2026-02-04T08:12:58.593893,20.1,41.7,0,0,none,none
2026-02-04T08:13:00.848676,20.1,41.7,0,0,none,none
2026-02-04T08:13:03.103431,20.1,41.7,0,0,none,none
2026-02-04T08:13:05.358076,20.1,41.7,0,0,none,none
2026-02-04T08:13:07.613007,20.1,41.7,0,0,none,none
2026-02-04T08:13:09.867704,20.1,41.7,0,0,none,none
2026-02-04T08:13:12.122182,20.1,41.7,0,0,none,none
2026-02-04T08:13:14.376976,20.1,41.7,0,0,none,none
2026-02-04T08:13:16.631884,20.1,41.7,0,0,none,none
2026-02-04T08:13:18.886320,20.1,41.7,0,0,none,none
2026-02-04T08:13:21.141128,20.1,41.7,0,0,none,none
2026-02-04T08:13:23.395637,20.1,41.7,0,0,none,none
2026-02-04T08:13:25.649721,20.1,41.7,0,0,none,none
2026-02-04T08:13:27.904494,20.1,41.7,0,0,none,none
2026-02-04T08:13:30.159013,20.1,41.7,0,0,none,none
2026-02-04T08:13:32.413813,20.1,41.7,0,0,none,none
2026-02-04T08:13:34.668608,20.1,41.7,0,0,none,none
2026-02-04T08:13:36.923385,20.1,41.7,0,0,none,none
2026-02-04T08:13:39.178162,20.1,41.7,0,0,none,none
2026-02-04T08:13:41.433132,20.1,41.7,0,0,none,none
2026-02-04T08:13:43.687904,20.1,41.7,0,0,none,none
2026-02-04T08:13:45.942072,20.1,41.7,0,0,none,none
2026-02-04T08:13:48.196980,20.1,41.7,0,0,none,none
2026-02-04T08:13:50.451723,20.1,41.7,0,0,none,none
2026-02-04T08:13:52.706428,20.1,41.7,0,0,none,none
2026-02-04T08:13:54.961237,20.1,41.7,0,0,none,none
2026-02-04T08:13:57.215728,20.1,41.7,0,0,none,none
2026-02-04T08:13:59.469996,20.1,41.7,0,0,none,none
2026-02-04T08:14:01.724540,20.1,41.8,0,0,none,none
2026-02-04T08:14:03.979326,20.1,41.7,0,0,none,none
2026-02-04T08:14:06.234002,20.1,41.7,0,0,none,none
2026-02-04T08:14:08.488501,20.1,41.7,0,0,none,none
2026-02-04T08:14:10.743406,20.1,41.8,0,0,none,none
2026-02-04T08:14:12.998093,20.1,41.7,0,0,none,none
2026-02-04T08:14:15.253040,20.1,41.8,0,0,none,none
2026-02-04T08:14:17.507466,20.1,41.8,0,0,none,none
2026-02-04T08:14:19.762020,20.1,41.8,0,0,none,none
2026-02-04T08:14:22.016805,20.1,41.8,0,0,none,none
2026-02-04T08:14:24.271723,20.1,41.8,0,0,none,none
2026-02-04T08:14:26.525999,20.1,41.8,0,0,none,none
2026-02-04T08:14:28.780743,20.1,41.9,0,0,none,none
2026-02-04T08:14:31.035537,20.1,41.8,0,0,none,none
2026-02-04T08:14:33.290123,20.1,41.8,0,0,none,none
2026-02-04T08:14:35.545158,20.1,41.8,0,0,none,none
2026-02-04T08:14:37.800119,20.1,41.8,0,0,none,none
2026-02-04T08:14:40.054526,20.1,41.8,0,0,none,none
2026-02-04T08:14:42.309449,20.1,41.7,0,0,none,none
2026-02-04T08:14:44.564292,20.1,41.8,0,0,none,none
2026-02-04T08:14:46.818779,20.1,41.8,0,0,none,none
2026-02-04T08:14:49.073693,20.1,41.8,0,0,none,none
2026-02-04T08:14:51.328581,20.1,41.8,0,0,none,none
2026-02-04T08:14:53.583416,20.1,41.8,0,0,none,none
2026-02-04T08:14:55.838256,20.1,41.8,0,0,none,none
2026-02-04T08:14:58.092764,20.1,41.8,0,0,none,none
2026-02-04T08:15:00.347224,20.1,41.8,0,0,none,none
2026-02-04T08:15:02.602272,20.1,41.8,0,0,none,none
2026-02-04T08:15:04.857014,20.1,41.8,0,0,none,none
2026-02-04T08:15:07.111593,20.1,41.8,0,0,none,none
2026-02-04T08:15:09.366470,20.1,41.8,0,0,none,none
2026-02-04T08:15:11.621474,20.1,41.9,0,0,none,none
2026-02-04T08:15:13.876005,20.1,41.8,0,0,none,none
2026-02-04T08:15:16.130568,20.1,41.8,0,0,none,none
2026-02-04T08:15:18.385433,20.1,41.9,0,0,none,none
2026-02-04T08:15:20.640177,20.1,41.8,0,0,none,none
2026-02-04T08:15:22.894706,20.1,41.9,0,0,none,none
2026-02-04T08:15:25.149566,20.1,41.9,0,0,none,none
2026-02-04T08:15:27.404279,20.1,41.9,0,0,none,none
2026-02-04T08:15:29.659224,20.1,41.9,0,0,none,none
2026-02-04T08:15:31.914121,20.1,41.8,0,0,none,none
2026-02-04T08:15:34.168733,20.1,41.9,0,0,none,none
2026-02-04T08:15:36.423339,20.1,41.8,0,0,none,none
2026-02-04T08:15:38.677979,20.1,41.9,0,0,none,none
2026-02-04T08:15:40.932681,20.1,41.9,0,0,none,none
2026-02-04T08:15:43.187236,20.1,41.9,0,0,none,none
2026-02-04T08:15:45.442155,20.1,41.9,0,0,none,none
2026-02-04T08:15:47.696758,20.1,41.9,0,0,none,none
2026-02-04T08:15:49.951556,20.1,41.9,0,0,none,none
2026-02-04T08:15:52.205964,20.1,41.9,0,0,none,none
2026-02-04T08:15:54.460325,20.1,41.9,0,0,none,none
2026-02-04T08:15:56.715166,20.1,41.9,0,0,none,none
2026-02-04T08:15:58.970039,20.1,41.9,0,0,none,none
2026-02-04T08:16:01.224588,20.1,41.9,0,0,none,none
2026-02-04T08:16:03.479595,20.1,41.9,0,0,none,none
2026-02-04T08:16:05.734426,20.1,41.9,0,0,none,none
2026-02-04T08:16:07.989111,20.1,41.9,0,0,none,none
2026-02-04T08:16:10.243880,20.1,41.9,0,0,none,none
2026-02-04T08:16:12.498279,20.1,41.9,0,0,none,none
2026-02-04T08:16:14.752836,20.1,41.9,0,0,none,none
2026-02-04T08:16:17.007633,20.1,41.9,0,0,none,none
2026-02-04T08:16:19.262215,20.1,41.9,0,0,none,none
2026-02-04T08:16:21.516957,20.1,41.9,0,0,none,none
2026-02-04T08:16:23.771741,20.1,41.9,0,0,none,none
2026-02-04T08:16:26.026589,20.1,41.9,0,0,none,none
2026-02-04T08:16:28.281205,20.1,41.9,0,0,none,none
2026-02-04T08:16:30.536179,20.1,41.9,0,0,none,none
2026-02-04T08:16:32.791040,20.1,41.9,0,0,none,none
2026-02-04T08:16:35.045777,20.1,41.9,0,0,none,none
2026-02-04T08:16:37.300655,20.1,41.9,0,0,none,none
2026-02-04T08:16:39.555726,20.1,41.9,0,0,none,none
2026-02-04T08:16:41.810358,20.1,41.9,0,0,none,none
2026-02-04T08:16:44.065241,20.1,41.9,0,0,none,none
2026-02-04T08:16:46.320082,20.1,41.9,0,0,none,none
2026-02-04T08:16:48.574829,20.1,41.9,0,0,none,none
2026-02-04T08:16:50.829729,20.1,41.9,0,0,none,none
2026-02-04T08:16:53.084750,20.1,41.9,0,0,none,none
2026-02-04T08:16:55.339388,20.1,41.9,0,0,none,none
2026-02-04T08:16:57.594414,20.1,41.9,0,0,none,none
2026-02-04T08:16:59.849270,20.1,41.9,0,0,none,none
2026-02-04T08:17:02.103952,20.1,41.9,0,0,none,none
2026-02-04T08:17:04.358916,20.1,42.0,0,0,none,none
2026-02-04T08:17:06.614061,20.1,42.0,0,0,none,none
2026-02-04T08:17:08.868848,20.1,42.0,0,0,none,none
2026-02-04T08:17:11.123822,20.1,41.9,0,0,none,none
2026-02-04T08:17:13.378760,20.1,42.0,0,0,none,none
2026-02-04T08:17:15.633545,20.1,42.0,0,0,none,none
2026-02-04T08:17:17.888444,20.1,42.0,0,0,none,none
2026-02-04T08:17:20.143293,20.1,42.0,1,0,none,none
2026-02-04T08:17:22.397993,20.1,42.0,0,0,none,none
2026-02-04T08:17:24.652971,20.1,42.0,0,0,none,none
2026-02-04T08:17:26.907862,20.1,42.0,0,0,none,none
2026-02-04T08:17:29.162510,20.1,42.0,0,0,none,none
2026-02-04T08:17:31.417371,20.1,42.0,0,0,none,none
2026-02-04T08:17:33.672383,20.1,42.0,0,0,none,none
2026-02-04T08:17:35.926866,20.1,42.0,0,0,none,none
2026-02-04T08:17:38.181827,20.1,42.0,0,0,none,none
2026-02-04T08:17:40.436654,20.1,42.0,0,0,none,none
2026-02-04T08:17:42.691246,20.1,42.0,0,0,none,none
2026-02-04T08:17:44.946163,20.1,42.0,0,0,none,none
2026-02-04T08:17:47.200978,20.1,42.0,0,0,none,none
2026-02-04T08:17:49.455793,20.1,42.0,0,0,none,none
2026-02-04T08:17:51.710125,20.1,42.0,0,0,none,none
2026-02-04T08:17:53.964922,20.1,42.0,0,0,none,none
2026-02-04T08:17:56.219362,20.1,42.0,0,0,none,none
2026-02-04T08:17:58.474405,20.1,42.0,0,0,none,none
2026-02-04T08:18:00.728902,20.1,42.0,0,0,none,none
2026-02-04T08:18:02.983532,20.1,42.0,0,0,none,none
2026-02-04T08:18:05.238374,20.1,42.0,0,0,none,none
2026-02-04T08:18:07.493213,20.1,42.0,0,0,none,none
2026-02-04T08:18:09.747802,20.1,42.1,0,0,none,none
2026-02-04T08:18:12.002636,20.1,42.1,0,0,none,none
2026-02-04T08:18:14.257560,20.1,42.1,0,0,none,none
2026-02-04T08:18:16.512346,20.1,42.1,0,0,none,none
2026-02-04T08:18:18.767201,20.1,42.1,0,0,none,none
2026-02-04T08:18:21.022177,20.1,42.1,0,0,none,none
2026-02-04T08:18:23.276760,20.1,42.1,0,0,none,none
2026-02-04T08:18:25.531535,20.1,42.1,0,0,none,none
2026-02-04T08:18:27.787747,20.1,42.1,0,0,none,none
2026-02-04T08:18:30.042174,20.1,42.2,0,0,none,none
2026-02-04T08:18:32.296956,20.1,42.1,0,0,none,none
2026-02-04T08:18:34.553866,20.1,42.2,0,0,none,none
2026-02-04T08:18:36.808466,20.1,42.2,0,0,none,none
2026-02-04T08:18:39.063181,20.1,42.2,0,0,none,none
2026-02-04T08:18:41.318021,20.1,42.2,0,0,none,none
2026-02-04T08:18:43.572788,20.1,42.1,0,0,none,none
2026-02-04T08:18:45.827698,20.1,42.2,0,0,none,none
2026-02-04T08:18:48.082556,20.1,42.2,0,0,none,none
2026-02-04T08:18:50.337246,20.1,42.2,0,0,none,none
2026-02-04T08:18:52.592149,20.1,42.2,0,0,none,none
2026-02-04T08:18:54.846846,20.1,42.2,0,0,none,none
2026-02-04T08:18:57.101577,20.1,42.2,0,0,none,none
2026-02-04T08:18:59.356357,20.1,42.2,0,0,none,none
2026-02-04T08:19:01.613439,20.1,42.2,0,0,none,none
2026-02-04T08:19:03.868063,20.1,42.2,0,0,none,none
2026-02-04T08:19:06.122892,20.1,42.2,0,0,none,none
2026-02-04T08:19:08.377833,20.1,42.2,0,0,none,none
2026-02-04T08:19:10.632572,20.1,42.2,0,0,none,none
2026-02-04T08:19:12.887428,20.1,42.2,0,0,none,none
2026-02-04T08:19:15.142240,20.1,42.2,0,0,none,none
2026-02-04T08:19:17.396873,20.1,42.2,0,0,none,none
2026-02-04T08:19:19.651845,20.1,42.2,0,0,none,none
2026-02-04T08:19:21.906500,20.1,42.3,0,0,none,none
2026-02-04T08:19:24.161165,20.1,42.3,0,0,none,none
2026-02-04T08:19:26.415944,20.1,42.2,0,0,none,none
2026-02-04T08:19:28.670830,20.1,42.2,0,0,none,none
2026-02-04T08:19:30.925562,20.1,42.2,0,0,none,none
2026-02-04T08:19:33.180451,20.1,42.2,0,0,none,none
2026-02-04T08:19:35.435464,20.1,42.2,0,0,none,none
2026-02-04T08:19:37.690237,20.1,42.3,0,0,none,none
2026-02-04T08:19:39.945050,20.1,42.3,0,0,none,none
2026-02-04T08:19:42.199869,20.1,42.2,0,0,none,none
2026-02-04T08:19:44.454510,20.1,42.2,0,0,none,none
2026-02-04T08:19:46.709419,20.1,42.3,0,0,none,none
2026-02-04T08:19:48.964327,20.1,42.3,0,0,none,none
2026-02-04T08:19:51.218969,20.1,42.3,0,0,none,none
2026-02-04T08:19:53.473991,20.1,42.3,0,0,none,none
2026-02-04T08:19:55.728942,20.1,42.3,0,0,none,none
2026-02-04T08:19:57.983468,20.1,42.3,0,0,none,none
2026-02-04T08:20:00.238359,20.1,42.3,0,0,none,none
2026-02-04T08:20:02.493309,20.1,42.3,0,0,none,none
2026-02-04T08:20:04.747924,20.1,42.3,0,0,none,none
2026-02-04T08:20:07.002757,20.1,42.3,0,0,none,none
2026-02-04T08:20:09.257665,20.1,42.3,0,0,none,none
2026-02-04T08:20:11.512456,20.1,42.3,0,0,none,none
2026-02-04T08:20:13.767076,20.1,42.3,0,0,none,none
2026-02-04T08:20:16.021988,20.1,42.3,0,0,none,none
2026-02-04T08:20:18.276693,20.1,42.3,0,0,none,none
2026-02-04T08:20:20.531594,20.1,42.3,0,0,none,none
2026-02-04T08:20:22.786498,20.1,42.3,0,0,none,none
2026-02-04T08:20:25.041184,20.1,42.3,0,0,none,none
2026-02-04T08:20:27.296004,20.1,42.3,0,0,none,none
2026-02-04T08:20:29.550953,20.1,42.3,0,0,none,none
2026-02-04T08:20:31.805676,20.1,42.3,0,0,none,none
2026-02-04T08:20:34.060594,20.1,42.3,0,0,none,none
2026-02-04T08:20:36.315462,20.1,42.3,0,0,none,none
2026-02-04T08:20:38.570251,20.1,42.3,0,0,none,none
2026-02-04T08:20:40.825112,20.1,42.3,0,0,none,none
2026-02-04T08:20:43.079928,20.1,42.3,0,0,none,none
2026-02-04T08:20:45.334572,20.1,42.3,0,0,none,none
2026-02-04T08:20:47.589546,20.1,42.3,0,0,none,none
2026-02-04T08:20:49.844559,20.1,42.4,0,0,none,none
2026-02-04T08:20:52.099116,20.1,42.3,0,0,none,none
2026-02-04T08:20:54.354180,20.1,42.3,0,0,none,none
2026-02-04T08:20:56.609263,20.1,42.3,0,0,none,none
2026-02-04T08:20:58.863763,20.1,42.3,0,0,none,none
2026-02-04T08:21:01.118622,20.1,42.3,0,0,none,none
2026-02-04T08:21:03.373496,20.1,42.3,0,0,none,none
2026-02-04T08:21:05.628230,20.1,42.3,0,0,none,none
2026-02-04T08:21:07.882986,20.1,42.3,0,0,none,none
2026-02-04T08:21:10.137884,20.1,42.3,0,0,none,none
2026-02-04T08:21:12.392490,20.1,42.3,0,0,none,none
2026-02-04T08:21:14.647325,20.1,42.3,0,0,none,none
2026-02-04T08:21:16.902015,20.1,42.4,0,0,none,none
2026-02-04T08:21:19.156699,20.1,42.4,0,0,none,none
2026-02-04T08:21:21.411541,20.1,42.3,0,0,none,none
2026-02-04T08:21:23.666369,20.1,42.4,0,0,none,none
2026-02-04T08:21:25.921045,20.1,42.3,0,0,none,none
2026-02-04T08:21:28.175596,20.1,42.4,0,0,none,none
2026-02-04T08:21:30.430539,20.1,42.4,0,0,none,none
2026-02-04T08:21:32.685219,20.1,42.4,0,0,none,none
2026-02-04T08:21:34.939688,20.1,42.4,0,0,none,none
2026-02-04T08:21:37.194417,20.1,42.3,0,0,none,none
2026-02-04T08:21:39.449266,20.1,42.4,0,0,none,none
2026-02-04T08:21:41.704114,20.1,42.3,0,0,none,none
2026-02-04T08:21:43.958924,20.1,42.4,0,0,none,none
2026-02-04T08:21:46.213718,20.1,42.3,0,0,none,none
2026-02-04T08:21:48.468685,20.1,42.4,0,0,none,none
2026-02-04T08:21:50.723597,20.1,42.4,0,0,none,none
2026-02-04T08:21:52.978180,20.1,42.4,0,0,none,none
2026-02-04T08:21:55.232603,20.1,42.4,0,0,none,none
2026-02-04T08:21:57.487121,20.1,42.4,0,0,none,none
2026-02-04T08:21:59.741860,20.1,42.4,0,0,none,none
2026-02-04T08:22:01.996699,20.1,42.4,0,0,none,none
2026-02-04T08:22:04.251428,20.1,42.4,0,0,none,none
2026-02-04T08:22:06.505984,20.1,42.4,0,0,none,none
2026-02-04T08:22:08.760961,20.1,42.4,0,0,none,none
2026-02-04T08:22:11.015818,20.1,42.4,0,0,none,none
2026-02-04T08:22:13.270409,20.1,42.4,0,0,none,none
2026-02-04T08:22:15.525441,20.1,42.4,0,0,none,none
2026-02-04T08:22:17.780367,20.1,42.4,0,0,none,none
2026-02-04T08:22:20.034995,20.1,42.4,0,0,none,none
2026-02-04T08:22:22.289967,20.1,42.4,0,0,none,none
2026-02-04T08:22:24.544925,20.1,42.4,0,0,none,none
2026-02-04T08:22:26.799505,20.1,42.4,0,0,none,none
2026-02-04T08:22:29.054468,20.1,42.4,0,0,none,none
2026-02-04T08:22:31.309348,20.1,42.4,0,0,none,none
2026-02-04T08:22:33.564070,20.1,42.4,0,0,none,none
2026-02-04T08:22:35.818898,20.1,42.4,0,0,none,none
2026-02-04T08:22:38.073856,20.1,42.5,0,0,none,none
2026-02-04T08:22:40.328402,20.1,42.4,0,0,none,none
2026-02-04T08:22:42.583293,20.1,42.4,0,0,none,none
2026-02-04T08:22:44.838166,20.1,42.5,1,0,none,none
2026-02-04T08:22:47.092822,20.1,42.4,0,0,none,none
2026-02-04T08:22:49.347665,20.1,42.5,0,0,none,none
2026-02-04T08:22:51.602535,20.1,42.5,0,0,none,none
2026-02-04T08:22:53.857358,20.1,42.5,0,0,none,none
2026-02-04T08:22:56.112070,20.1,42.5,0,0,none,none
2026-02-04T08:22:58.366936,20.1,42.5,1,0,none,none
2026-02-04T08:23:00.621696,20.1,42.5,0,0,none,none
2026-02-04T08:23:02.876587,20.1,42.5,0,0,none,none
2026-02-04T08:23:05.131370,20.1,42.6,1,0,none,none
2026-02-04T08:23:07.386092,20.1,42.7,0,0,none,none
2026-02-04T08:23:09.641000,20.1,42.8,1,0,none,none
2026-02-04T08:23:11.895707,20.1,42.9,0,0,none,none
2026-02-04T08:23:14.150371,20.1,43.0,0,0,none,none
2026-02-04T08:23:16.405250,20.1,43.2,0,0,none,none
2026-02-04T08:23:18.660112,20.1,43.4,0,0,none,none
2026-02-04T08:23:20.914860,20.1,43.4,1,0,none,none
2026-02-04T08:23:23.169723,20.1,43.4,0,0,none,none
2026-02-04T08:23:25.424586,20.1,43.3,1,0,none,none
2026-02-04T08:23:27.679267,20.1,43.2,0,0,none,none
2026-02-04T08:23:29.934276,20.1,43.2,0,0,none,none
2026-02-04T08:23:32.188701,20.1,43.2,0,0,none,none
2026-02-04T08:23:34.443259,20.1,43.1,0,0,none,none
2026-02-04T08:23:36.698163,20.1,43.0,0,0,none,none
2026-02-04T08:23:38.954375,20.1,42.9,0,0,none,none
2026-02-04T08:23:41.208635,20.1,42.9,1,0,none,none
2026-02-04T08:23:43.463576,20.1,42.9,0,0,none,none
2026-02-04T08:23:45.718550,20.1,42.9,0,0,none,none
2026-02-04T08:23:47.973215,20.1,42.8,0,0,none,none
2026-02-04T08:23:50.228108,20.1,42.8,0,0,none,none
2026-02-04T08:23:52.482808,20.1,42.8,1,0,none,none
2026-02-04T08:23:54.737044,20.1,42.8,0,0,none,none
2026-02-04T08:23:56.991886,20.1,42.7,1,0,none,none
2026-02-04T08:23:59.246673,20.1,42.8,0,0,none,none
2026-02-04T08:24:01.500970,20.1,42.8,0,0,none,none
2026-02-04T08:24:03.755790,20.1,42.9,0,0,none,none
2026-02-04T08:24:06.012775,20.1,42.9,0,0,none,none
2026-02-04T08:24:08.267479,20.1,43.0,0,0,none,none
2026-02-04T08:24:10.522528,20.1,43.0,0,0,none,none
2026-02-04T08:24:12.777456,20.1,43.1,0,0,none,none
2026-02-04T08:24:15.032139,20.1,43.1,0,0,none,none
2026-02-04T08:24:17.286940,20.1,43.1,0,0,none,none
2026-02-04T08:24:19.542069,20.1,43.2,0,0,none,none
2026-02-04T08:24:21.796673,20.1,43.2,0,0,none,none
2026-02-04T08:24:24.051052,20.1,43.2,0,0,none,none
2026-02-04T08:24:26.305967,20.1,43.2,0,0,none,none
2026-02-04T08:24:28.560727,20.1,43.2,0,0,none,none
2026-02-04T08:24:30.815589,20.1,43.3,0,0,none,none
2026-02-04T08:24:33.070314,20.1,43.3,0,0,none,none
2026-02-04T08:24:35.325056,20.1,43.3,0,0,none,none
2026-02-04T08:24:37.579836,20.1,43.3,0,0,none,none
2026-02-04T08:24:39.834663,20.1,43.4,0,0,none,none
2026-02-04T08:24:42.089354,20.1,43.4,0,0,none,none
2026-02-04T08:24:44.344108,20.1,43.4,0,0,none,none
2026-02-04T08:24:46.598901,20.1,43.5,0,0,none,none
2026-02-04T08:24:48.853619,20.1,43.5,0,0,none,none
2026-02-04T08:24:51.108550,20.1,43.5,0,0,none,none
2026-02-04T08:24:53.363410,20.1,43.5,0,0,none,none
2026-02-04T08:24:55.618237,20.1,43.6,0,0,none,none
2026-02-04T08:24:57.873158,20.1,43.6,0,0,none,none
2026-02-04T08:25:00.127996,20.1,43.7,0,0,none,none
2026-02-04T08:25:02.382697,20.1,43.7,0,0,none,none
2026-02-04T08:25:04.637625,20.1,43.7,0,0,none,none
2026-02-04T08:25:06.892667,20.1,43.7,0,0,none,none
2026-02-04T08:25:09.147336,20.1,43.8,0,0,none,none
2026-02-04T08:25:11.402276,20.1,43.8,0,0,none,none
2026-02-04T08:25:13.657199,20.1,43.8,0,0,none,none
2026-02-04T08:25:15.911702,20.1,43.8,0,0,none,none
2026-02-04T08:25:18.166656,20.1,43.8,0,0,none,none
2026-02-04T08:25:20.423795,20.1,43.9,0,0,none,none
2026-02-04T08:25:22.678444,20.1,43.9,0,0,none,none
2026-02-04T08:25:24.933328,20.1,43.8,0,0,none,none
2026-02-04T08:25:27.188288,20.1,43.8,0,0,none,none
2026-02-04T08:25:29.443094,20.1,43.8,0,0,none,none
2026-02-04T08:25:31.698069,20.1,43.8,0,0,none,none
2026-02-04T08:25:33.953046,20.1,43.8,0,0,none,none
2026-02-04T08:25:36.207805,20.1,43.8,0,0,none,none
2026-02-04T08:25:38.462908,20.1,43.8,0,0,none,none
2026-02-04T08:25:40.717854,20.1,43.8,0,0,none,none
2026-02-04T08:25:42.972554,20.1,43.8,0,0,none,none
2026-02-04T08:25:45.227454,20.1,43.8,0,0,none,none
2026-02-04T08:25:47.482486,20.1,43.8,0,0,none,none
2026-02-04T08:25:49.737277,20.1,43.8,0,0,none,none
2026-02-04T08:25:51.992187,20.1,43.8,0,0,none,none
2026-02-04T08:25:54.247179,20.1,43.8,0,0,none,none
2026-02-04T08:25:56.501454,20.1,43.8,0,0,none,none
2026-02-04T08:25:58.756295,20.1,43.8,0,0,none,none
2026-02-04T08:26:01.011155,20.1,43.8,0,0,none,none
2026-02-04T08:26:03.265828,20.1,43.8,0,0,none,none
2026-02-04T08:26:05.520809,20.1,43.8,0,0,none,none
2026-02-04T08:26:07.777287,20.1,43.8,0,0,none,none
2026-02-04T08:26:10.031901,20.1,43.8,0,0,none,none
2026-02-04T08:26:12.286771,20.1,43.8,0,0,none,none
2026-02-04T08:26:14.541899,20.1,43.8,0,0,none,none
2026-02-04T08:26:16.796637,20.1,43.8,0,0,none,none
2026-02-04T08:26:19.051545,20.1,43.8,0,0,none,none
2026-02-04T08:26:21.306406,20.1,43.8,0,0,none,none
2026-02-04T08:26:23.561201,20.1,43.8,0,0,none,none
2026-02-04T08:26:25.816091,20.1,43.8,0,0,none,none
2026-02-04T08:26:28.070964,20.1,43.8,0,0,none,none
2026-02-04T08:26:30.325650,20.1,43.8,0,0,none,none
2026-02-04T08:26:32.580668,20.1,43.7,0,0,none,none
2026-02-04T08:26:34.835538,20.1,43.8,0,0,none,none
2026-02-04T08:26:37.090212,20.1,43.8,0,0,none,none
2026-02-04T08:26:39.345133,20.1,43.8,0,0,none,none
2026-02-04T08:26:41.600092,20.1,43.8,0,0,none,none
2026-02-04T08:26:43.854761,20.1,43.8,0,0,none,none
2026-02-04T08:26:46.109678,20.1,43.7,0,0,none,none
2026-02-04T08:26:48.364641,20.1,43.7,0,0,none,none
2026-02-04T08:26:50.619520,20.1,43.7,0,0,none,none
2026-02-04T08:26:52.874398,20.1,43.7,0,0,none,none
2026-02-04T08:26:55.129288,20.1,43.7,0,0,none,none
2026-02-04T08:26:57.383919,20.1,43.7,0,0,none,none
2026-02-04T08:26:59.638963,20.2,43.8,0,0,none,none
2026-02-04T08:27:01.893852,20.1,43.7,0,0,none,none
2026-02-04T08:27:04.148618,20.1,43.7,0,0,none,none
2026-02-04T08:27:06.403514,20.1,43.7,0,0,none,none
2026-02-04T08:27:08.658533,20.1,43.7,0,0,none,none
2026-02-04T08:27:10.913336,20.1,43.7,0,0,none,none
2026-02-04T08:27:13.168272,20.1,43.7,0,0,none,none
2026-02-04T08:27:15.423139,20.1,43.7,0,0,none,none
2026-02-04T08:27:17.677993,20.1,43.6,0,0,none,none
2026-02-04T08:27:19.932873,20.1,43.7,0,0,none,none
2026-02-04T08:27:22.187711,20.1,43.7,0,0,none,none
2026-02-04T08:27:24.442467,20.1,43.7,0,0,none,none
2026-02-04T08:27:26.697356,20.1,43.7,0,0,none,none
2026-02-04T08:27:28.952223,20.1,43.7,0,0,none,none
2026-02-04T08:27:31.206876,20.1,43.7,0,0,none,none
2026-02-04T08:27:33.461917,20.1,43.7,0,0,none,none
2026-02-04T08:27:35.716831,20.1,43.7,0,0,none,none
2026-02-04T08:27:37.971499,20.1,43.7,0,0,none,none
2026-02-04T08:27:40.226362,20.1,43.7,0,0,none,none
2026-02-04T08:27:42.481284,20.1,43.7,0,0,none,none
2026-02-04T08:27:44.735951,20.1,43.7,0,0,none,none
2026-02-04T08:27:46.990860,20.1,43.7,0,0,none,none
2026-02-04T08:27:49.245758,20.1,43.7,0,0,none,none
2026-02-04T08:27:51.500573,20.1,43.7,0,0,none,none
2026-02-04T08:27:53.755445,20.1,43.8,0,0,none,none
2026-02-04T08:27:56.010270,20.1,43.8,0,0,none,none
2026-02-04T08:27:58.264956,20.1,43.8,0,0,none,none
2026-02-04T08:28:00.519918,20.1,43.8,0,0,none,none
2026-02-04T08:28:02.774752,20.1,43.7,0,0,none,none
2026-02-04T08:28:05.029484,20.2,43.8,0,0,none,none
2026-02-04T08:28:07.284366,20.1,43.8,0,0,none,none
2026-02-04T08:28:09.539393,20.1,43.8,0,0,none,none
2026-02-04T08:28:11.794140,20.1,43.8,0,0,none,none
2026-02-04T08:28:14.049122,20.1,43.8,0,0,none,none
2026-02-04T08:28:16.303943,20.1,43.7,0,0,none,none
2026-02-04T08:28:18.558814,20.2,43.8,0,0,none,none
2026-02-04T08:28:20.813827,20.1,43.8,0,0,none,none
2026-02-04T08:28:23.068770,20.1,43.8,0,0,none,none
2026-02-04T08:28:25.323399,20.1,43.8,0,0,none,none
2026-02-04T08:28:27.578399,20.1,43.8,0,0,none,none
2026-02-04T08:28:29.833285,20.1,43.8,0,0,none,none
2026-02-04T08:28:32.087913,20.1,43.8,0,0,none,none
2026-02-04T08:28:34.342734,20.1,43.8,0,0,none,none
2026-02-04T08:28:36.597823,20.2,43.9,0,0,none,none
2026-02-04T08:28:38.852481,20.1,43.8,0,0,none,none
2026-02-04T08:28:41.107395,20.1,43.8,0,0,none,none
2026-02-04T08:28:43.362250,20.1,43.8,0,0,none,none
2026-02-04T08:28:45.617016,20.1,43.8,0,0,none,none
2026-02-04T08:28:47.871743,20.1,43.8,0,0,none,none
2026-02-04T08:28:50.126430,20.1,43.8,0,0,none,none
2026-02-04T08:28:52.380698,20.1,43.8,0,0,none,none
2026-02-04T08:28:54.635666,20.1,43.8,0,0,none,none
2026-02-04T08:28:56.890501,20.1,43.8,0,0,none,none
2026-02-04T08:28:59.145285,20.1,43.8,0,0,none,none
2026-02-04T08:29:01.400154,20.1,43.8,0,0,none,none
2026-02-04T08:29:03.655113,20.1,43.8,0,0,none,none
2026-02-04T08:29:05.909922,20.1,43.8,0,0,none,none
2026-02-04T08:29:08.164812,20.1,43.8,0,0,none,none
2026-02-04T08:29:10.419739,20.2,43.9,0,0,none,none
2026-02-04T08:29:12.674477,20.2,43.8,0,0,none,none
2026-02-04T08:29:14.929494,20.1,43.8,0,0,none,none
2026-02-04T08:29:17.184317,20.1,43.8,0,0,none,none
2026-02-04T08:29:19.439113,20.1,43.8,0,0,none,none
2026-02-04T08:29:21.694093,20.1,43.8,0,0,none,none
2026-02-04T08:29:23.949023,20.1,43.8,0,0,none,none
2026-02-04T08:29:26.203563,20.1,43.8,0,0,none,none
2026-02-04T08:29:28.458474,20.1,43.8,0,0,none,none
2026-02-04T08:29:30.713415,20.1,43.8,0,0,none,none
2026-02-04T08:29:32.968049,20.1,43.8,0,0,none,none
2026-02-04T08:29:35.222909,20.1,43.8,0,0,none,none
2026-02-04T08:29:37.477891,20.1,43.8,0,0,none,none
2026-02-04T08:29:39.732657,20.1,43.8,0,0,none,none
2026-02-04T08:29:41.987627,20.1,43.8,0,0,none,none
2026-02-04T08:29:44.242488,20.1,43.8,0,0,none,none
2026-02-04T08:29:46.497230,20.1,43.8,0,0,none,none
2026-02-04T08:29:48.751972,20.1,43.8,0,0,none,none
2026-02-04T08:29:51.006833,20.1,43.8,0,0,none,none
2026-02-04T08:29:53.261550,20.1,43.8,0,0,none,none
2026-02-04T08:29:55.516521,20.1,43.8,0,0,none,none
2026-02-04T08:29:57.771372,20.1,43.8,0,0,none,none
2026-02-04T08:30:00.026085,20.1,43.8,0,0,none,none
2026-02-04T08:30:02.280943,20.1,43.8,0,0,none,none
2026-02-04T08:30:04.535914,20.1,43.8,0,0,none,none
2026-02-04T08:30:06.790576,20.1,43.8,0,0,none,none
2026-02-04T08:30:09.045453,20.1,43.8,0,0,none,none
2026-02-04T08:30:11.300349,20.1,43.8,0,0,none,none
2026-02-04T08:30:13.555104,20.1,43.8,0,0,none,none
2026-02-04T08:30:15.810046,20.1,43.8,0,0,none,none
2026-02-04T08:30:18.064831,20.1,43.8,0,0,none,none
2026-02-04T08:30:20.319359,20.2,43.9,0,0,none,none
2026-02-04T08:30:22.574313,20.2,43.9,0,0,none,none
2026-02-04T08:30:24.828786,20.1,43.8,0,0,none,none
2026-02-04T08:30:27.083396,20.1,43.8,0,0,none,none
2026-02-04T08:30:29.338318,20.1,43.8,0,0,none,none
2026-02-04T08:30:31.593193,20.1,43.8,0,0,none,none
2026-02-04T08:30:33.847853,20.1,43.8,0,0,none,none
2026-02-04T08:30:36.102593,20.1,43.8,0,0,none,none
2026-02-04T08:30:38.357535,20.1,43.8,0,0,none,none
2026-02-04T08:30:40.612383,20.2,43.8,0,0,none,none
2026-02-04T08:30:42.867189,20.1,43.8,0,0,none,none
2026-02-04T08:30:45.121901,20.1,43.8,0,0,none,none
2026-02-04T08:30:47.376572,20.2,43.8,0,0,none,none
2026-02-04T08:30:49.631089,20.1,43.8,0,0,none,none
2026-02-04T08:30:51.885978,20.2,43.8,0,0,none,none
2026-02-04T08:30:54.140680,20.1,43.8,0,0,none,none
2026-02-04T08:30:56.395518,20.1,43.8,0,0,none,none
2026-02-04T08:30:58.650447,20.1,43.8,0,0,none,none
2026-02-04T08:31:00.905120,20.1,43.8,0,0,none,none
2026-02-04T08:31:03.159800,20.1,43.8,0,0,none,none
2026-02-04T08:31:05.414744,20.1,43.8,0,0,none,none
2026-02-04T08:31:07.669567,20.1,43.7,0,0,none,none
2026-02-04T08:31:09.924481,20.1,43.8,0,0,none,none
2026-02-04T08:31:12.179222,20.1,43.8,0,0,none,none
2026-02-04T08:31:14.434044,20.1,43.8,0,0,none,none
2026-02-04T08:31:16.688950,20.1,43.8,0,0,none,none
2026-02-04T08:31:18.943802,20.1,43.8,0,0,none,none
2026-02-04T08:31:21.198500,20.1,43.8,0,0,none,none
2026-02-04T08:31:23.453501,20.1,43.8,0,0,none,none
2026-02-04T08:31:25.708481,20.1,43.8,0,0,none,none
2026-02-04T08:31:27.963090,20.1,43.8,0,0,none,none
2026-02-04T08:31:30.218056,20.1,43.8,0,0,none,none
2026-02-04T08:31:32.473122,20.1,43.8,0,0,none,none
2026-02-04T08:31:34.727602,20.1,43.8,0,0,none,none
2026-02-04T08:31:36.982484,20.1,43.8,0,0,none,none
2026-02-04T08:31:39.237493,20.2,43.9,0,0,none,none
2026-02-04T08:31:41.491771,20.1,43.8,0,0,none,none
2026-02-04T08:31:43.746568,20.2,43.8,0,0,none,none
2026-02-04T08:31:46.001542,20.1,43.8,0,0,none,none
2026-02-04T08:31:48.256333,20.1,43.8,0,0,none,none
2026-02-04T08:31:50.511412,20.1,43.8,0,0,none,none
2026-02-04T08:31:52.766200,20.1,43.8,0,0,none,none
2026-02-04T08:31:55.020848,20.1,43.8,0,0,none,none
2026-02-04T08:31:57.275800,20.2,43.9,0,0,none,none
2026-02-04T08:31:59.532964,20.1,43.8,0,0,none,none
2026-02-04T08:32:01.787634,20.1,43.8,0,0,none,none
2026-02-04T08:32:04.042555,20.1,43.7,0,0,none,none
2026-02-04T08:32:06.297469,20.2,43.9,0,0,none,none
2026-02-04T08:32:08.552328,20.1,43.8,0,0,none,none
2026-02-04T08:32:10.807268,20.1,43.8,0,0,none,none
2026-02-04T08:32:13.064340,20.1,43.8,0,0,none,none
2026-02-04T08:32:15.319018,20.2,43.8,0,0,none,none
2026-02-04T08:32:17.573905,20.2,43.8,0,0,none,none
2026-02-04T08:32:19.828798,20.1,43.8,0,0,none,none
2026-02-04T08:32:22.083509,20.1,43.8,0,0,none,none
2026-02-04T08:32:24.338492,20.1,43.7,0,0,none,none
2026-02-04T08:32:26.593475,20.1,43.8,0,0,none,none
2026-02-04T08:32:28.848100,20.2,43.8,0,0,none,none
2026-02-04T08:32:31.102925,20.1,43.8,0,0,none,none
2026-02-04T08:32:33.357918,20.1,43.8,0,0,none,none
2026-02-04T08:32:35.612360,20.1,43.8,0,0,none,none
2026-02-04T08:32:37.867222,20.1,43.8,0,0,none,none
2026-02-04T08:32:40.122128,20.1,43.8,0,0,none,none
2026-02-04T08:32:42.376807,20.1,43.8,0,0,none,none
2026-02-04T08:32:44.631739,20.1,43.8,0,0,none,none
2026-02-04T08:32:46.886691,20.1,43.7,0,0,none,none
2026-02-04T08:32:49.141345,20.1,43.8,0,0,none,none
2026-02-04T08:32:51.396318,20.1,43.8,0,0,none,none
2026-02-04T08:32:53.651408,20.1,43.8,0,0,none,none
2026-02-04T08:32:55.905764,20.1,43.8,0,0,none,none
2026-02-04T08:32:58.160662,20.1,43.8,0,0,none,none
2026-02-04T08:33:00.415496,20.1,43.8,0,0,none,none
2026-02-04T08:33:02.670272,20.1,43.7,0,0,none,none
2026-02-04T08:33:04.925158,20.1,43.7,0,0,none,none
2026-02-04T08:33:07.180013,20.2,43.8,1,0,none,none
2026-02-04T08:33:09.434815,20.1,43.7,0,0,none,none
2026-02-04T08:33:11.689779,20.1,43.7,0,0,none,none
2026-02-04T08:33:13.944638,20.1,43.7,0,0,none,none
2026-02-04T08:33:16.199372,20.1,43.7,0,0,none,none
2026-02-04T08:33:18.454253,20.1,43.7,0,0,none,none
2026-02-04T08:33:20.709168,20.1,43.7,0,0,none,none
2026-02-04T08:33:22.963873,20.2,43.8,0,0,none,none
2026-02-04T08:33:25.218776,20.1,43.7,0,0,none,none
2026-02-04T08:33:27.475431,20.2,43.8,0,0,none,none
2026-02-04T08:33:29.730109,20.1,43.7,0,0,none,none
2026-02-04T08:33:31.984927,20.1,43.7,1,0,none,none
2026-02-04T08:33:34.239493,20.1,43.8,0,0,none,none
2026-02-04T08:33:36.493801,20.1,43.8,0,0,none,none
2026-02-04T08:33:38.748834,20.1,43.7,0,0,none,none
2026-02-04T08:33:41.003773,20.2,43.8,0,0,none,none
2026-02-04T08:33:43.258445,20.1,43.8,1,0,none,none
2026-02-04T08:33:45.513404,20.2,43.8,0,0,none,none
2026-02-04T08:33:47.768344,20.1,43.7,1,0,none,none
2026-02-04T08:33:50.023029,20.1,43.7,0,0,none,none
2026-02-04T08:33:52.278082,20.1,43.7,0,0,none,none
2026-02-04T08:33:54.535142,20.1,43.8,0,0,none,none
2026-02-04T08:33:56.789947,20.1,43.7,0,0,none,none
2026-02-04T08:33:59.044892,20.1,43.7,0,0,none,none
2026-02-04T08:34:01.299776,20.1,43.8,0,0,none,none
2026-02-04T08:34:03.554541,20.1,43.7,0,0,none,none
2026-02-04T08:34:05.809418,20.1,43.7,0,0,none,none
2026-02-04T08:34:08.064331,20.1,43.7,0,0,none,none
2026-02-04T08:34:10.319062,20.1,43.7,0,0,none,none
2026-02-04T08:34:12.574147,20.1,43.7,0,0,none,none
2026-02-04T08:34:14.829050,20.1,43.7,0,0,none,none
2026-02-04T08:34:17.083693,20.1,43.7,0,0,none,none
2026-02-04T08:34:19.338575,20.2,43.8,0,0,none,none
2026-02-04T08:34:21.593577,20.1,43.7,0,0,none,none
2026-02-04T08:34:23.848260,20.1,43.7,0,0,none,none
2026-02-04T08:34:26.103150,20.1,43.7,0,0,none,none
2026-02-04T08:34:28.358047,20.1,43.7,0,0,none,none
2026-02-04T08:34:30.612867,20.1,43.7,0,0,none,none
2026-02-04T08:34:32.867716,20.1,43.7,0,0,none,none
2026-02-04T08:34:35.122606,20.1,43.7,0,0,none,none
2026-02-04T08:34:37.377294,20.1,43.7,0,0,none,none
2026-02-04T08:34:39.632272,20.1,43.7,0,0,none,none
2026-02-04T08:34:41.886690,20.1,43.7,0,0,none,none
2026-02-04T08:34:44.141407,20.2,43.8,0,0,none,none
2026-02-04T08:34:46.396284,20.1,43.7,0,0,none,none
2026-02-04T08:34:48.651250,20.1,43.7,0,0,none,none
2026-02-04T08:34:50.905943,20.1,43.7,0,0,none,none
2026-02-04T08:34:53.160850,20.1,43.7,0,0,none,none
2026-02-04T08:34:55.415748,20.2,43.8,0,0,none,none
2026-02-04T08:34:57.670515,20.1,43.7,0,0,none,none
2026-02-04T08:34:59.925425,20.1,43.7,0,0,none,none
2026-02-04T08:35:02.180378,20.1,43.7,1,0,none,none
2026-02-04T08:35:04.435116,20.1,43.7,0,0,none,none
2026-02-04T08:35:06.689965,20.1,43.7,0,0,none,none
2026-02-04T08:35:08.944934,20.2,43.8,0,0,none,none
2026-02-04T08:35:11.199591,20.1,43.6,0,0,none,none
2026-02-04T08:35:13.454687,20.1,43.6,1,0,none,none
2026-02-04T08:35:15.709446,20.1,43.7,0,0,none,none
2026-02-04T08:35:17.964096,20.2,43.7,0,0,none,none
2026-02-04T08:35:20.218960,20.2,43.7,0,0,none,none
2026-02-04T08:35:22.473657,20.1,43.6,0,0,none,none
2026-02-04T08:35:24.728330,20.1,43.7,0,0,none,none
2026-02-04T08:35:26.983129,20.1,43.7,0,0,none,none
2026-02-04T08:35:29.237981,20.2,43.8,0,0,none,none
2026-02-04T08:35:31.492719,20.1,43.7,0,0,none,none
2026-02-04T08:35:33.747588,20.1,43.7,0,0,none,none
2026-02-04T08:35:36.002480,20.1,43.7,0,0,none,none
2026-02-04T08:35:38.257109,20.2,43.8,0,0,none,none
2026-02-04T08:35:40.512049,20.1,43.7,0,0,none,none
2026-02-04T08:35:42.766861,20.1,43.7,0,0,none,none
2026-02-04T08:35:45.021587,20.1,43.7,0,0,none,none
2026-02-04T08:35:47.276372,20.1,43.7,0,0,none,none
2026-02-04T08:35:49.531735,20.1,43.7,0,0,none,none
2026-02-04T08:35:51.786260,20.1,43.6,0,0,none,none
2026-02-04T08:35:54.041129,20.1,43.7,0,0,none,none
2026-02-04T08:35:56.295649,20.1,43.6,0,0,none,none
2026-02-04T08:35:58.550269,20.2,43.8,0,0,none,none
2026-02-04T08:36:00.805115,20.1,43.6,0,0,none,none
2026-02-04T08:36:03.059975,20.2,43.8,0,0,none,none
2026-02-04T08:36:05.314591,20.1,43.6,0,0,none,none
2026-02-04T08:36:07.569576,20.2,43.8,0,0,none,none
2026-02-04T08:36:09.824488,20.1,43.7,0,0,none,none
2026-02-04T08:36:12.079097,20.2,43.8,0,0,none,none
2026-02-04T08:36:14.334006,20.1,43.6,0,0,none,none
2026-02-04T08:36:16.588962,20.1,43.7,0,0,none,none
2026-02-04T08:36:18.843316,20.1,43.6,0,0,none,none
2026-02-04T08:36:21.098208,20.1,43.6,0,0,none,none
2026-02-04T08:36:23.353073,20.1,43.6,0,0,none,none
2026-02-04T08:36:25.607821,20.2,43.7,0,0,none,none
2026-02-04T08:36:27.862670,20.1,43.6,0,0,none,none
2026-02-04T08:36:30.117581,20.1,43.6,0,0,none,none
2026-02-04T08:36:32.372270,20.1,43.6,0,0,none,none
2026-02-04T08:36:34.627191,20.1,43.6,0,0,none,none
2026-02-04T08:36:36.882112,20.2,43.7,0,0,none,none
2026-02-04T08:36:39.136561,20.2,43.7,0,0,none,none
2026-02-04T08:36:41.391432,20.2,43.7,0,0,none,none
2026-02-04T08:36:43.646413,20.2,43.7,0,0,none,none
2026-02-04T08:36:45.901041,20.1,43.6,0,0,none,none
2026-02-04T08:36:48.155939,20.1,43.6,0,0,none,none
2026-02-04T08:36:50.410806,20.1,43.6,0,0,none,none
2026-02-04T08:36:52.665569,20.2,43.7,0,0,none,none
2026-02-04T08:36:54.920421,20.2,43.7,0,0,none,none
2026-02-04T08:36:57.175269,20.1,43.6,0,0,none,none
2026-02-04T08:36:59.429986,20.2,43.7,1,0,none,none
2026-02-04T08:37:01.684884,20.1,43.6,0,0,none,none
2026-02-04T08:37:03.939338,20.2,43.7,0,0,none,none
2026-02-04T08:37:06.194031,20.2,43.7,0,0,none,none
2026-02-04T08:37:08.448951,20.1,43.6,0,0,none,none
2026-02-04T08:37:10.703698,20.1,43.6,0,0,none,none
2026-02-04T08:37:12.958230,20.2,43.7,1,0,none,none
2026-02-04T08:37:15.213089,20.2,43.7,0,0,none,none
2026-02-04T08:37:17.468116,20.2,43.7,0,0,none,none
2026-02-04T08:37:19.722771,20.2,43.7,0,0,none,none
2026-02-04T08:37:21.977641,20.1,43.6,0,0,none,none
2026-02-04T08:37:24.232398,20.2,43.7,0,0,none,none
2026-02-04T08:37:26.487131,20.2,43.7,0,0,none,none
2026-02-04T08:37:28.742043,20.2,43.7,0,0,none,none
2026-02-04T08:37:30.996918,20.2,43.7,0,0,none,none
2026-02-04T08:37:33.251535,20.2,43.7,0,0,none,none
2026-02-04T08:37:35.506522,20.2,43.7,0,0,none,none
2026-02-04T08:37:37.761320,20.2,43.6,0,0,none,none
2026-02-04T08:37:40.015925,20.1,43.6,0,0,none,none
2026-02-04T08:37:42.270763,20.2,43.7,0,0,none,none
2026-02-04T08:37:44.527856,20.2,43.6,0,0,none,none
2026-02-04T08:37:46.782552,20.1,43.6,0,0,none,none
2026-02-04T08:37:49.037341,20.2,43.6,1,0,none,none
2026-02-04T08:37:51.292201,20.2,43.7,0,0,none,none
2026-02-04T08:37:53.546972,20.2,43.7,0,0,none,none
2026-02-04T08:37:55.801897,20.2,43.7,0,0,none,none
2026-02-04T08:37:58.056749,20.2,43.7,0,0,none,none
2026-02-04T08:38:00.311379,20.2,43.7,0,0,none,none
2026-02-04T08:38:02.566396,20.2,43.7,1,0,none,none
2026-02-04T08:38:04.821214,20.2,43.7,0,0,none,none
2026-02-04T08:38:07.076027,20.2,43.7,0,0,none,none
2026-02-04T08:38:09.330781,20.2,43.7,0,0,none,none
2026-02-04T08:38:11.585754,20.2,43.7,1,0,none,none
2026-02-04T08:38:13.840412,20.2,43.7,0,0,none,none
2026-02-04T08:38:16.094830,20.2,43.7,1,0,none,none
2026-02-04T08:38:18.349674,20.2,43.7,0,0,none,none
2026-02-04T08:38:20.604440,20.2,43.7,0,0,none,none
2026-02-04T08:38:22.859281,20.2,43.7,0,0,none,none
2026-02-04T08:38:25.114109,20.2,43.7,0,0,none,none
2026-02-04T08:38:27.368690,20.1,43.6,1,0,none,none
2026-02-04T08:38:29.623673,20.2,43.7,0,0,none,none
2026-02-04T08:38:31.878406,20.2,43.7,1,0,none,none
2026-02-04T08:38:34.133111,20.2,43.6,0,0,none,none
2026-02-04T08:38:36.387945,20.2,43.7,0,0,none,none
2026-02-04T08:38:38.642851,20.2,43.7,0,0,none,none
2026-02-04T08:38:40.897508,20.2,43.7,0,0,none,none
2026-02-04T08:38:43.152379,20.2,43.7,0,0,none,none
2026-02-04T08:38:45.407267,20.2,43.7,0,0,none,none
2026-02-04T08:38:47.662193,20.2,43.7,0,0,none,none
2026-02-04T08:38:49.917148,20.2,43.7,0,0,none,none
2026-02-04T08:38:52.172107,20.2,43.6,1,0,none,none
2026-02-04T08:38:54.427904,20.2,43.6,0,0,none,none
2026-02-04T08:38:56.682852,20.2,43.6,0,0,none,none
2026-02-04T08:38:58.937778,20.2,43.6,0,0,none,none
2026-02-04T08:39:01.192534,20.2,43.7,0,0,none,none
2026-02-04T08:39:03.447578,20.2,43.6,0,0,none,none
2026-02-04T08:39:05.702520,20.2,43.6,0,0,none,none
2026-02-04T08:39:07.957246,20.2,43.6,0,0,none,none
2026-02-04T08:39:10.212198,20.2,43.7,0,0,none,none
2026-02-04T08:39:12.467231,20.2,43.6,0,0,none,none
2026-02-04T08:39:14.721985,20.2,43.6,0,0,none,none
2026-02-04T08:39:16.976849,20.2,43.7,0,0,none,none
2026-02-04T08:39:19.231706,20.2,43.6,0,0,none,none
2026-02-04T08:39:21.486389,20.2,43.6,0,0,none,none
2026-02-04T08:39:23.741309,20.2,43.6,0,0,none,none
2026-02-04T08:39:25.996151,20.2,43.6,0,0,none,none
2026-02-04T08:39:28.250732,20.2,43.6,0,0,none,none
2026-02-04T08:39:30.505696,20.2,43.6,0,0,none,none
2026-02-04T08:39:32.760599,20.2,43.6,0,0,none,none
2026-02-04T08:39:35.015305,20.2,43.6,0,0,none,none
2026-02-04T08:39:37.270217,20.2,43.6,0,0,none,none
2026-02-04T08:39:39.525226,20.2,43.6,0,0,none,none
2026-02-04T08:39:41.779909,20.2,43.6,0,0,none,none
2026-02-04T08:39:44.034698,20.2,43.6,0,0,none,none
2026-02-04T08:39:46.289600,20.2,43.6,0,0,none,none
2026-02-04T08:39:48.544395,20.2,43.6,0,0,none,none
2026-02-04T08:39:50.799272,20.2,43.6,0,0,none,none
2026-02-04T08:39:53.054215,20.2,43.6,0,0,none,none
2026-02-04T08:39:55.308860,20.2,43.6,0,0,none,none
2026-02-04T08:39:57.563809,20.2,43.6,0,0,none,none
2026-02-04T08:39:59.818516,20.2,43.6,0,0,none,none
2026-02-04T08:40:02.073169,20.2,43.6,0,0,none,none
2026-02-04T08:40:04.327900,20.2,43.6,0,0,none,none
2026-02-04T08:40:06.582864,20.2,43.6,0,0,none,none
2026-02-04T08:40:08.837567,20.2,43.6,0,0,none,none
2026-02-04T08:40:11.092482,20.2,43.6,0,0,none,none
2026-02-04T08:40:13.347222,20.2,43.6,0,0,none,none
2026-02-04T08:40:15.602115,20.2,43.6,0,0,none,none
2026-02-04T08:40:17.856987,20.2,43.6,0,0,none,none
2026-02-04T08:40:20.111794,20.2,43.6,0,0,none,none
2026-02-04T08:40:22.365967,20.2,43.6,0,0,none,none
2026-02-04T08:40:24.620922,20.2,43.6,0,0,none,none
2026-02-04T08:40:26.875688,20.2,43.6,0,0,none,none
2026-02-04T08:40:29.130462,20.2,43.6,0,0,none,none
2026-02-04T08:40:31.385280,20.2,43.6,0,0,none,none
2026-02-04T08:40:33.639702,20.2,43.6,0,0,none,none
2026-02-04T08:40:35.894450,20.2,43.6,0,0,none,none
2026-02-04T08:40:38.149414,20.2,43.6,0,0,none,none
2026-02-04T08:40:40.405724,20.2,43.6,0,0,none,none
2026-02-04T08:40:42.660437,20.2,43.6,0,0,none,none
2026-02-04T08:40:44.915358,20.3,43.6,0,0,none,none
2026-02-04T08:40:47.170288,20.2,43.6,0,0,none,none
2026-02-04T08:40:49.426220,20.2,43.6,0,0,none,none
2026-02-04T08:40:51.681226,20.2,43.6,0,0,none,none
2026-02-04T08:40:53.936034,20.2,43.6,0,0,none,none
2026-02-04T08:40:56.190731,20.3,43.6,0,0,none,none
2026-02-04T08:40:58.445879,20.2,43.6,0,0,none,none
2026-02-04T08:41:00.700256,20.2,43.6,0,0,none,none
2026-02-04T08:41:02.955063,20.3,43.7,0,0,none,none
2026-02-04T08:41:05.210133,20.2,43.6,0,0,none,none
2026-02-04T08:41:07.465061,20.2,43.6,0,0,none,none
2026-02-04T08:41:09.719793,20.3,43.6,0,0,none,none
2026-02-04T08:41:11.974659,20.2,43.6,0,0,none,none
2026-02-04T08:41:14.229627,20.3,43.6,0,0,none,none
2026-02-04T08:41:16.484508,20.3,43.6,1,0,none,none
2026-02-04T08:41:18.739389,20.3,43.6,0,0,none,none
2026-02-04T08:41:20.994313,20.3,43.6,0,0,none,none
2026-02-04T08:41:23.249141,20.3,43.6,1,0,none,none
2026-02-04T08:41:25.503760,20.3,43.7,0,0,none,none
2026-02-04T08:41:27.758698,20.3,43.6,0,0,none,none
2026-02-04T08:41:30.013474,20.3,43.6,0,0,none,none
2026-02-04T08:41:32.268332,20.3,43.6,0,0,none,none
2026-02-04T08:41:34.523385,20.3,43.6,0,0,none,none
2026-02-04T08:41:36.778081,20.3,43.6,0,0,none,none
2026-02-04T08:41:39.033079,20.3,43.6,0,0,none,none
2026-02-04T08:41:41.287999,20.3,43.6,0,0,none,none
2026-02-04T08:41:43.542933,20.3,43.6,0,0,none,none
2026-02-04T08:41:45.797883,20.3,43.6,0,0,none,none
2026-02-04T08:41:48.052743,20.3,43.6,0,0,none,none
2026-02-04T08:41:50.307450,20.3,43.5,1,0,none,none
2026-02-04T08:41:52.562539,20.3,43.6,0,0,none,none
2026-02-04T08:41:54.817416,20.3,43.5,0,0,none,none
2026-02-04T08:41:57.072172,20.3,43.5,0,0,none,none
2026-02-04T08:41:59.326577,20.3,43.5,0,0,none,none
2026-02-04T08:42:01.581591,20.3,43.5,1,0,none,none
2026-02-04T08:42:03.836412,20.3,43.5,0,0,none,none
2026-02-04T08:42:06.091298,20.4,43.6,1,0,none,none
2026-02-04T08:42:08.346210,20.4,43.6,0,0,none,none
2026-02-04T08:42:10.601130,20.4,43.6,0,0,none,none
2026-02-04T08:42:12.856051,20.3,43.5,1,0,none,none
2026-02-04T08:42:15.111029,20.4,43.6,0,0,none,none
2026-02-04T08:42:17.365782,20.4,43.5,0,0,none,none
2026-02-04T08:42:19.620856,20.3,43.5,0,0,none,none
2026-02-04T08:42:21.875825,20.4,43.5,0,0,none,none
2026-02-04T08:42:24.130581,20.3,43.5,0,0,none,none
2026-02-04T08:42:26.385492,20.4,43.5,0,0,none,none
2026-02-04T08:42:28.640561,20.4,43.5,0,0,none,none
2026-02-04T08:42:30.895229,20.4,43.5,1,0,none,none
2026-02-04T08:42:33.150181,20.4,43.4,0,0,none,none
2026-02-04T08:42:35.405140,20.4,43.5,1,0,none,none
2026-02-04T08:42:37.659949,20.4,43.4,0,0,none,none
2026-02-04T08:42:39.914926,20.4,43.4,0,0,none,none
2026-02-04T08:42:42.169863,20.4,43.4,0,0,none,none
2026-02-04T08:42:44.424730,20.4,43.4,0,0,none,none
2026-02-04T08:42:46.679629,20.4,43.4,0,0,none,none
2026-02-04T08:42:48.934541,20.5,43.4,1,0,none,none
2026-02-04T08:42:51.189365,20.4,43.3,0,0,none,none
2026-02-04T08:42:53.444467,20.5,43.4,0,0,none,none
2026-02-04T08:42:55.699320,20.5,43.4,0,0,none,none
2026-02-04T08:42:57.954101,20.5,43.4,0,0,none,none
2026-02-04T08:43:00.209011,20.5,43.3,1,0,none,none
2026-02-04T08:43:02.463888,20.5,43.4,0,0,none,none
2026-02-04T08:43:04.718633,20.5,43.3,0,0,none,none
2026-02-04T08:43:06.973544,20.5,43.3,0,0,none,none
2026-02-04T08:43:09.228575,20.5,43.3,0,0,none,none
2026-02-04T08:43:11.483508,20.5,43.2,1,0,none,none
2026-02-04T08:43:13.738579,20.5,43.2,0,0,none,none
2026-02-04T08:43:15.993569,20.5,43.2,0,0,none,none
2026-02-04T08:43:18.248375,20.5,43.2,0,0,none,none
2026-02-04T08:43:20.502896,20.6,43.2,0,0,none,none
2026-02-04T08:43:22.757732,20.5,43.2,0,0,none,none
2026-02-04T08:43:25.012430,20.5,43.1,0,0,none,none
2026-02-04T08:43:27.267362,20.6,43.2,0,0,none,none
2026-02-04T08:43:29.522320,20.6,43.2,0,0,none,none
2026-02-04T08:43:31.776991,20.6,43.2,0,0,none,none
2026-02-04T08:43:34.031911,20.6,43.1,0,0,none,none
2026-02-04T08:43:36.286846,20.6,43.1,0,0,none,none
2026-02-04T08:43:38.541673,20.6,43.1,0,0,none,none
2026-02-04T08:43:40.796620,20.6,43.1,0,0,none,none
2026-02-04T08:43:43.051486,20.6,43.1,0,0,none,none
2026-02-04T08:43:45.306223,20.6,43.1,1,0,none,none
2026-02-04T08:43:47.561215,20.6,43.0,0,0,none,none
2026-02-04T08:43:49.816137,20.6,43.0,0,0,none,none
2026-02-04T08:43:52.070894,20.6,43.0,0,0,none,none
2026-02-04T08:43:54.325988,20.6,43.0,0,0,none,none
2026-02-04T08:43:56.580914,20.6,43.0,0,0,none,none
2026-02-04T08:43:58.835679,20.6,42.9,0,0,none,none
2026-02-04T08:44:01.090548,20.6,42.9,0,0,none,none
2026-02-04T08:44:03.345568,20.6,42.9,0,0,none,none
2026-02-04T08:44:05.600185,20.7,42.9,0,0,none,none
2026-02-04T08:44:07.855114,20.6,42.8,0,0,none,none
2026-02-04T08:44:10.109523,20.7,42.9,0,0,none,none
2026-02-04T08:44:12.364200,20.7,42.9,0,0,none,none
2026-02-04T08:44:14.619290,20.7,42.9,0,0,none,none
2026-02-04T08:44:16.874252,20.7,42.8,0,0,none,none
2026-02-04T08:44:19.128973,20.7,42.8,0,0,none,none
2026-02-04T08:44:21.383892,20.7,42.8,0,0,none,none
2026-02-04T08:44:23.638783,20.7,42.8,0,0,none,none
2026-02-04T08:44:25.893510,20.7,42.7,0,0,none,none
2026-02-04T08:44:28.148326,20.7,42.7,0,0,none,none
2026-02-04T08:44:30.403185,20.7,42.7,0,0,none,none
2026-02-04T08:44:32.658126,20.7,42.7,0,0,none,none
2026-02-04T08:44:34.913108,20.7,42.7,0,0,none,none
2026-02-04T08:44:37.167936,20.7,42.7,0,0,none,none
2026-02-04T08:44:39.423575,20.7,42.7,0,0,none,none
2026-02-04T08:44:41.678489,20.7,42.7,0,0,none,none
2026-02-04T08:44:43.933327,20.7,42.7,0,0,none,none
2026-02-04T08:44:46.188088,20.7,42.7,0,0,none,none
2026-02-04T08:44:48.443090,20.7,42.7,0,0,none,none
2026-02-04T08:44:50.698024,20.7,42.7,0,0,none,none
2026-02-04T08:44:52.952786,20.7,42.6,0,0,none,none
2026-02-04T08:44:55.207616,20.7,42.6,0,0,none,none
2026-02-04T08:44:57.462685,20.8,42.7,0,0,none,none
2026-02-04T08:44:59.717374,20.7,42.6,0,0,none,none
2026-02-04T08:45:01.972253,20.7,42.6,0,0,none,none
2026-02-04T08:45:04.227133,20.8,42.6,0,0,none,none
2026-02-04T08:45:06.481951,20.8,42.6,0,0,none,none
2026-02-04T08:45:08.736876,20.8,42.6,0,0,none,none
2026-02-04T08:45:10.991816,20.7,42.5,0,0,none,none
2026-02-04T08:45:13.246579,20.8,42.6,0,0,none,none
2026-02-04T08:45:15.501421,20.8,42.6,0,0,none,none
2026-02-04T08:45:17.838778,20.8,42.6,0,0,none,none
2026-02-04T08:45:20.132206,20.8,42.6,0,0,none,none
2026-02-04T08:45:22.387143,20.8,42.6,0,0,none,none
2026-02-04T08:45:24.642119,20.8,42.6,0,0,none,none
2026-02-04T08:45:26.896847,20.8,42.5,0,0,none,none
2026-02-04T08:45:29.151815,20.8,42.5,0,0,none,none
2026-02-04T08:45:31.406675,20.8,42.5,0,0,none,none
2026-02-04T08:45:33.661084,20.8,42.5,0,0,none,none
2026-02-04T08:45:35.915988,20.8,42.5,0,0,none,none
2026-02-04T08:45:38.170846,20.8,42.5,0,0,none,none
2026-02-04T08:45:40.426866,20.8,42.5,0,0,none,none
2026-02-04T08:45:42.681789,20.8,42.5,0,0,none,none
2026-02-04T08:45:44.936693,20.8,42.4,0,0,none,none
2026-02-04T08:45:47.191305,20.8,42.4,0,0,none,none
2026-02-04T08:45:49.446323,20.8,42.4,0,0,none,none
2026-02-04T08:45:51.701310,20.8,42.4,0,0,none,none
2026-02-04T08:45:53.956071,20.8,42.4,0,0,none,none
2026-02-04T08:45:56.210927,20.8,42.4,0,0,none,none
2026-02-04T08:45:58.465930,20.8,42.4,0,0,none,none
2026-02-04T08:46:00.720625,20.8,42.4,1,0,none,none
2026-02-04T08:46:02.975613,20.8,42.3,0,0,none,none
2026-02-04T08:46:05.230580,20.8,42.3,0,0,none,none
2026-02-04T08:46:07.485385,20.8,42.3,0,0,none,none
2026-02-04T08:46:09.740356,20.9,42.4,0,0,none,none
2026-02-04T08:46:11.995220,20.9,42.4,0,0,none,none
2026-02-04T08:46:14.250026,20.9,42.4,0,0,none,none
2026-02-04T08:46:16.504877,20.9,42.4,0,0,none,none
2026-02-04T08:46:18.759769,20.9,42.3,1,0,none,none
2026-02-04T08:46:21.014513,20.9,42.3,0,0,none,none
2026-02-04T08:46:23.269377,20.8,42.3,0,0,none,none
2026-02-04T08:46:25.524216,20.9,42.3,0,0,none,none
2026-02-04T08:46:27.778940,20.9,42.3,0,0,none,none
2026-02-04T08:46:30.033615,20.9,42.3,0,0,none,none
2026-02-04T08:46:32.288617,20.9,42.3,0,0,none,none
2026-02-04T08:46:34.543499,20.9,42.3,0,0,none,none
2026-02-04T08:46:36.798420,20.9,42.3,0,0,none,none
2026-02-04T08:46:39.053383,20.9,42.3,1,0,none,none
2026-02-04T08:46:41.307976,20.9,42.3,0,0,none,none
2026-02-04T08:46:43.563021,20.9,42.3,0,0,none,none
2026-02-04T08:46:45.817989,20.9,42.3,0,0,none,none
2026-02-04T08:46:48.072584,20.9,42.3,1,0,none,none
2026-02-04T08:46:50.327303,20.9,42.3,0,0,none,none
2026-02-04T08:46:52.582347,20.9,42.3,0,0,none,none
2026-02-04T08:46:54.836970,20.9,42.2,0,0,none,none
2026-02-04T08:46:57.091928,20.9,42.2,0,0,none,none
2026-02-04T08:46:59.346752,20.9,42.2,0,0,none,none
2026-02-04T08:47:01.601642,20.9,42.2,0,0,none,none
2026-02-04T08:47:03.856513,20.9,42.2,0,0,none,none
2026-02-04T08:47:06.111437,20.9,42.2,1,0,none,none
2026-02-04T08:47:08.365945,20.9,42.2,0,0,none,none
2026-02-04T08:47:10.620659,21.0,42.2,0,0,none,none
2026-02-04T08:47:12.875524,20.9,42.2,0,0,none,none
2026-02-04T08:47:15.130234,20.9,42.2,0,0,none,none
2026-02-04T08:47:17.385104,20.9,42.2,0,0,none,none
2026-02-04T08:47:19.640165,21.0,42.2,0,0,none,none
2026-02-04T08:47:21.894834,20.9,42.1,1,0,none,none
2026-02-04T08:47:24.149912,21.0,42.2,0,0,none,none
2026-02-04T08:47:26.404721,20.9,42.1,1,0,none,none
2026-02-04T08:47:28.659591,20.9,42.1,0,0,none,none
2026-02-04T08:47:30.914406,20.9,42.1,0,0,none,none
2026-02-04T08:47:33.169319,20.9,42.1,0,0,none,none
2026-02-04T08:47:35.425039,20.9,42.0,0,0,none,none
2026-02-04T08:47:37.680010,20.9,42.0,0,0,none,none
2026-02-04T08:47:39.934842,20.9,42.0,0,0,none,none
2026-02-04T08:47:42.189497,21.0,42.1,0,0,none,none
2026-02-04T08:47:44.444456,21.0,42.1,0,0,none,none
2026-02-04T08:47:46.699392,21.0,42.1,0,0,none,none
2026-02-04T08:47:48.954109,21.0,42.1,0,0,none,none
2026-02-04T08:47:51.209028,21.0,42.1,0,0,none,none
2026-02-04T08:47:53.464067,21.0,42.1,0,0,none,none
2026-02-04T08:47:55.718813,21.0,42.1,0,0,none,none
2026-02-04T08:47:57.973870,21.0,42.1,0,0,none,none
2026-02-04T08:48:00.228808,21.0,42.1,0,0,none,none
2026-02-04T08:48:02.483599,21.0,42.1,1,0,none,none
2026-02-04T08:48:04.738585,21.0,42.0,0,0,none,none
2026-02-04T08:48:06.993400,21.0,42.0,1,0,none,none
2026-02-04T08:48:09.248117,21.0,42.0,0,0,none,none
2026-02-04T08:48:11.503166,21.0,42.0,0,0,none,none
2026-02-04T08:48:13.760211,21.0,42.0,0,0,none,none
2026-02-04T08:48:16.014911,21.0,41.9,0,0,none,none
2026-02-04T08:48:18.269911,21.0,41.9,0,0,none,none
2026-02-04T08:48:20.524960,21.0,42.0,0,0,none,none
2026-02-04T08:48:22.779678,21.0,41.9,0,0,none,none
2026-02-04T08:48:25.034530,21.0,41.9,0,0,none,none
2026-02-04T08:48:27.289438,21.0,41.9,0,0,none,none
2026-02-04T08:48:29.544339,21.0,41.9,0,0,none,none
2026-02-04T08:48:31.799239,21.0,41.9,0,0,none,none
2026-02-04T08:48:34.054219,21.0,41.9,0,0,none,none
2026-02-04T08:48:36.308761,21.0,41.9,0,0,none,none
2026-02-04T08:48:38.563842,21.0,41.9,0,0,none,none
2026-02-04T08:48:40.818763,21.0,41.9,0,0,none,none
2026-02-04T08:48:43.073346,21.0,41.9,0,0,none,none
2026-02-04T08:48:45.328242,21.0,41.9,0,0,none,none
2026-02-04T08:48:47.583010,21.0,41.9,0,0,none,none
2026-02-04T08:48:49.837713,21.0,41.8,0,0,none,none
2026-02-04T08:48:52.092508,21.0,41.9,0,0,none,none
2026-02-04T08:48:54.347373,21.0,41.8,0,0,none,none
2026-02-04T08:48:56.602219,21.0,41.8,0,0,none,none
2026-02-04T08:48:58.857177,21.0,41.8,0,0,none,none
2026-02-04T08:49:01.112011,21.0,41.8,1,0,none,none
2026-02-04T08:49:03.366792,21.0,41.8,0,0,none,none
2026-02-04T08:49:05.621839,21.0,41.8,1,0,none,none
2026-02-04T08:49:07.876723,21.0,41.8,0,0,none,none
2026-02-04T08:49:10.131492,21.0,41.8,0,0,none,none
2026-02-04T08:49:12.386315,21.1,41.9,0,0,none,none
2026-02-04T08:49:14.641359,21.0,41.8,0,0,none,none
2026-02-04T08:49:16.895761,21.1,41.9,0,0,none,none
2026-02-04T08:49:19.150723,21.0,41.8,0,0,none,none
2026-02-04T08:49:21.405616,21.0,41.8,0,0,none,none
2026-02-04T08:49:23.660388,21.0,41.8,1,0,none,none
2026-02-04T08:49:25.915327,21.0,41.8,0,0,none,none
2026-02-04T08:49:28.170277,21.0,41.8,0,0,none,none
2026-02-04T08:49:30.426228,21.0,41.8,1,0,none,none
2026-02-04T08:49:32.681235,21.1,41.8,0,0,none,none
2026-02-04T08:49:34.936133,21.0,41.8,1,0,none,none
2026-02-04T08:49:37.190804,21.0,41.7,0,0,none,none
2026-02-04T08:49:39.445643,21.1,41.8,0,0,none,none
2026-02-04T08:49:41.700572,21.1,41.8,0,0,none,none
2026-02-04T08:49:43.955189,21.1,41.8,0,0,none,none
2026-02-04T08:49:46.210200,21.1,41.8,0,0,none,none
2026-02-04T08:49:48.465022,21.1,41.8,0,0,none,none
2026-02-04T08:49:50.719793,21.1,41.8,0,0,none,none
2026-02-04T08:49:52.974708,21.1,41.8,0,0,none,none
2026-02-04T08:49:55.229552,21.1,41.8,0,0,none,none
2026-02-04T08:49:57.484476,21.1,41.8,1,0,none,none
2026-02-04T08:49:59.739255,21.1,41.8,0,0,none,none
2026-02-04T08:50:01.993893,21.1,41.8,1,0,none,none
2026-02-04T08:50:04.248533,21.1,41.8,0,0,none,none
2026-02-04T08:50:06.503584,21.1,41.7,0,0,none,none
2026-02-04T08:50:08.758570,21.1,41.8,0,0,none,none
2026-02-04T08:50:11.013135,21.1,41.7,0,0,none,none
2026-02-04T08:50:13.268074,21.1,41.7,1,0,none,none
2026-02-04T08:50:15.523094,21.1,41.7,0,0,none,none
2026-02-04T08:50:17.777855,21.1,41.7,0,0,none,none
2026-02-04T08:50:20.032695,21.1,41.7,0,0,none,none
2026-02-04T08:50:22.287551,21.1,41.7,1,0,none,none
2026-02-04T08:50:24.542263,21.1,41.7,0,0,none,none
2026-02-04T08:50:26.797187,21.1,41.7,0,0,none,none
2026-02-04T08:50:29.052103,21.1,41.7,0,0,none,none
2026-02-04T08:50:31.306760,21.1,41.6,0,0,none,none
2026-02-04T08:50:33.561908,21.1,41.6,0,0,none,none
2026-02-04T08:50:35.816737,21.1,41.6,0,0,none,none
2026-02-04T08:50:38.071508,21.1,41.6,0,0,none,none
2026-02-04T08:50:40.326428,21.1,41.6,0,0,none,none
2026-02-04T08:50:42.581358,21.1,41.6,0,0,none,none
2026-02-04T08:50:44.835897,21.1,41.6,1,0,none,none
2026-02-04T08:50:47.090766,21.1,41.6,0,0,none,none
2026-02-04T08:50:49.345756,21.1,41.6,1,0,none,none
2026-02-04T08:50:51.600551,21.1,41.6,0,0,none,none
2026-02-04T08:50:53.854971,21.1,41.6,0,0,none,none
2026-02-04T08:50:56.109841,21.1,41.6,0,0,none,none
2026-02-04T08:50:58.364504,21.1,41.6,0,0,none,none
2026-02-04T08:51:00.619481,21.1,41.6,0,0,none,none
2026-02-04T08:51:02.874314,21.1,41.6,0,0,none,none
2026-02-04T08:51:05.128965,21.1,41.6,0,0,none,none
2026-02-04T08:51:07.383782,21.1,41.6,0,0,none,none
2026-02-04T08:51:09.638486,21.2,41.6,0,0,none,none
2026-02-04T08:51:11.893228,21.1,41.6,1,0,none,none
2026-02-04T08:51:14.148213,21.1,41.5,0,0,none,none
2026-02-04T08:51:16.403048,21.1,41.5,0,0,none,none
2026-02-04T08:51:18.657837,21.2,41.6,0,0,none,none
2026-02-04T08:51:20.912729,21.2,41.6,1,0,none,none
2026-02-04T08:51:23.167618,21.1,41.5,0,0,none,none
2026-02-04T08:51:25.422330,21.2,41.6,0,0,none,none
2026-02-04T08:51:27.677347,21.2,41.6,0,0,none,none
2026-02-04T08:51:29.932223,21.2,41.6,0,0,none,none
2026-02-04T08:51:32.186845,21.2,41.6,0,0,none,none
2026-02-04T08:51:34.441961,21.2,41.6,0,0,none,none
2026-02-04T08:51:36.696922,21.2,41.6,0,0,none,none
2026-02-04T08:51:38.951514,21.2,41.5,0,0,none,none
2026-02-04T08:51:41.206376,21.2,41.5,0,0,none,none
2026-02-04T08:51:43.461311,21.2,41.6,1,0,none,none
2026-02-04T08:51:45.715986,21.2,41.5,0,0,none,none
2026-02-04T08:51:47.970841,21.2,41.5,0,0,none,none
2026-02-04T08:51:50.225760,21.2,41.6,0,0,none,none
2026-02-04T08:51:52.480539,21.2,41.5,0,0,none,none
2026-02-04T08:51:54.735450,21.2,41.5,0,0,none,none
2026-02-04T08:51:56.990215,21.2,41.6,0,0,none,none
2026-02-04T08:51:59.244835,21.2,41.5,0,0,none,none
2026-02-04T08:52:01.499977,21.2,41.5,0,0,none,none
2026-02-04T08:52:03.754501,21.2,41.5,0,0,none,none
2026-02-04T08:52:06.009194,21.3,41.5,0,0,none,none
2026-02-04T08:52:08.263949,21.3,41.5,0,0,none,none
2026-02-04T08:52:10.518678,21.3,41.5,0,0,none,none
2026-02-04T08:52:12.773287,21.3,41.5,0,0,none,none
2026-02-04T08:52:15.027831,21.3,41.5,0,0,none,none
2026-02-04T08:52:17.282653,21.3,41.5,0,0,none,none
2026-02-04T08:52:19.537423,21.3,41.5,0,0,none,none
2026-02-04T08:52:21.792180,21.3,41.4,0,0,none,none
2026-02-04T08:52:24.046531,21.3,41.4,0,0,none,none
2026-02-04T08:52:26.301092,21.3,41.4,0,0,none,none
2026-02-04T08:52:28.555952,21.3,41.4,0,0,none,none
2026-02-04T08:52:30.810460,21.3,41.4,0,0,none,none
2026-02-04T08:52:33.065147,21.3,41.4,0,0,none,none
2026-02-04T08:52:35.319975,21.4,41.4,0,0,none,none
2026-02-04T08:52:37.574911,21.3,41.3,0,0,none,none
2026-02-04T08:52:39.829598,21.3,41.3,0,0,none,none
2026-02-04T08:52:42.084438,21.3,41.3,0,0,none,none
2026-02-04T08:52:44.338878,21.4,41.4,0,0,none,none
2026-02-04T08:52:46.593620,21.3,41.3,0,0,none,none
2026-02-04T08:52:48.848519,21.4,41.3,0,0,none,none
2026-02-04T08:52:51.102934,21.4,41.3,0,0,none,none
2026-02-04T08:52:53.357595,21.4,41.3,0,0,none,none
2026-02-04T08:52:55.612610,21.4,41.3,0,0,none,none
2026-02-04T08:52:57.867028,21.4,41.3,0,0,none,none
2026-02-04T08:53:00.121780,21.4,41.2,0,0,none,none
2026-02-04T08:53:02.376471,21.4,41.2,1,0,none,none
2026-02-04T08:53:04.631264,21.4,41.2,0,0,none,none
2026-02-04T08:53:06.885981,21.4,41.1,0,0,none,none
2026-02-04T08:53:09.140847,21.4,41.1,0,0,none,none
2026-02-04T08:53:11.395693,21.4,41.1,0,0,none,none
2026-02-04T08:53:13.650504,21.4,41.1,0,0,none,none
2026-02-04T08:53:15.905315,21.4,41.1,0,0,none,none
2026-02-04T08:53:18.162066,21.4,41.1,0,0,none,none
2026-02-04T08:53:20.416701,21.5,41.1,0,0,none,none
2026-02-04T08:53:22.671692,21.5,41.1,0,0,none,none
2026-02-04T08:53:24.926455,21.5,41.1,0,0,none,none
2026-02-04T08:53:27.181108,21.5,41.1,0,0,none,none
2026-02-04T08:53:29.436029,21.5,41.1,0,0,none,none
2026-02-04T08:53:31.690800,21.5,41.0,0,0,none,none
2026-02-04T08:53:33.945477,21.5,41.0,0,0,none,none
2026-02-04T08:53:36.200289,21.5,41.0,0,0,none,none
2026-02-04T08:53:38.455173,21.5,41.0,0,0,none,none
2026-02-04T08:53:40.709937,21.5,41.0,0,0,none,none
2026-02-04T08:53:42.964916,21.5,41.0,0,0,none,none
2026-02-04T08:53:45.219702,21.5,40.9,0,0,none,none
2026-02-04T08:53:47.474289,21.5,40.9,0,0,none,none
2026-02-04T08:53:49.729199,21.6,41.0,0,0,none,none
2026-02-04T08:53:51.983935,21.6,41.0,0,0,none,none
2026-02-04T08:53:54.238606,21.6,40.9,0,0,none,none
2026-02-04T08:53:56.493060,21.6,40.9,0,0,none,none
2026-02-04T08:53:58.747926,21.6,40.9,0,0,none,none
2026-02-04T08:54:01.002286,21.6,40.9,0,0,none,none
2026-02-04T08:54:03.257142,21.6,40.8,0,0,none,none
2026-02-04T08:54:05.511652,21.6,40.8,0,0,none,none
2026-02-04T08:54:07.766064,21.6,40.8,0,0,none,none
2026-02-04T08:54:10.020920,21.6,40.8,0,0,none,none
2026-02-04T08:54:12.275657,21.7,40.8,0,0,none,none
2026-02-04T08:54:14.530436,21.6,40.7,0,0,none,none
2026-02-04T08:54:16.785370,21.6,40.7,0,0,none,none
2026-02-04T08:54:19.040217,21.6,40.7,0,0,none,none
2026-02-04T08:54:21.294644,21.7,40.7,0,0,none,none
2026-02-04T08:54:23.549658,21.7,40.7,0,0,none,none
2026-02-04T08:54:25.804536,21.7,40.7,0,0,none,none
2026-02-04T08:54:28.059155,21.7,40.6,0,0,none,none
2026-02-04T08:54:30.314133,21.7,40.6,0,0,none,none
2026-02-04T08:54:32.569189,21.7,40.6,0,0,none,none
2026-02-04T08:54:34.823820,21.7,40.6,0,0,none,none
2026-02-04T08:54:37.078569,21.7,40.6,0,0,none,none
2026-02-04T08:54:39.333393,21.7,40.6,0,0,none,none
2026-02-04T08:54:41.588184,21.8,40.6,0,0,none,none
2026-02-04T08:54:43.843093,21.7,40.5,0,0,none,none
2026-02-04T08:54:46.099886,21.7,40.5,0,0,none,none
2026-02-04T08:54:48.354523,21.7,40.5,0,0,none,none
2026-02-04T08:54:50.609569,21.8,40.5,0,0,none,none
2026-02-04T08:54:52.864327,21.7,40.5,0,0,none,none
2026-02-04T08:54:55.118904,21.8,40.5,0,0,none,none
2026-02-04T08:54:57.373799,21.8,40.5,0,0,none,none
2026-02-04T08:54:59.628725,21.8,40.5,0,0,none,none
2026-02-04T08:55:01.883413,21.8,40.5,0,0,none,none
2026-02-04T08:55:04.138357,21.8,40.4,0,0,none,none
2026-02-04T08:55:06.393183,21.8,40.4,0,0,none,none
2026-02-04T08:55:08.647981,21.8,40.3,0,0,none,none
2026-02-04T08:55:10.902807,21.8,40.3,0,0,none,none
2026-02-04T08:55:13.157620,21.8,40.3,0,0,none,none
2026-02-04T08:55:15.412273,21.8,40.3,0,0,none,none
2026-02-04T08:55:17.667295,21.8,40.2,0,0,none,none
2026-02-04T08:55:19.921957,21.9,40.3,1,0,none,none
2026-02-04T08:55:22.176630,21.8,40.3,0,0,none,none
2026-02-04T08:55:24.431225,21.8,40.2,1,0,none,none
2026-02-04T08:55:26.685610,21.9,40.3,0,0,none,none
2026-02-04T08:55:28.940227,21.9,40.2,0,0,none,none
2026-02-04T08:55:31.194861,21.9,40.2,0,0,none,none
2026-02-04T08:55:33.449854,21.9,40.2,0,0,none,none
2026-02-04T08:55:35.704508,21.9,40.2,0,0,none,none
2026-02-04T08:55:37.959393,21.9,40.2,0,0,none,none
2026-02-04T08:55:40.214102,21.9,40.1,0,0,none,none
2026-02-04T08:55:42.468880,21.9,40.1,0,0,none,none
2026-02-04T08:55:44.723434,21.9,40.1,1,0,none,none
2026-02-04T08:55:46.977981,21.9,40.1,0,0,none,none
2026-02-04T08:55:49.232667,22.0,40.1,0,0,none,none
2026-02-04T08:55:51.487615,22.0,40.1,1,0,none,none
2026-02-04T08:55:53.742320,22.0,40.1,0,0,none,none
2026-02-04T08:55:55.996994,22.0,40.0,0,0,none,none
2026-02-04T08:55:58.251878,22.0,40.0,0,0,none,none
2026-02-04T08:56:00.506787,22.0,40.0,0,0,none,none
2026-02-04T08:56:02.761449,22.0,40.0,1,0,none,none
2026-02-04T08:56:05.016293,22.0,39.9,0,0,none,none
2026-02-04T08:56:07.270845,22.0,40.0,0,0,none,none
2026-02-04T08:56:09.525568,22.0,40.0,0,0,none,none
2026-02-04T08:56:11.780493,22.0,39.9,0,0,none,none
2026-02-04T08:56:14.035348,22.0,39.9,1,0,none,none
2026-02-04T08:56:16.290030,22.1,39.9,0,0,none,none
2026-02-04T08:56:18.545043,22.1,39.9,0,0,none,none
2026-02-04T08:56:20.799711,22.1,39.9,0,0,none,none
2026-02-04T08:56:23.054352,22.1,39.8,0,0,none,none
2026-02-04T08:56:25.309227,22.1,39.8,1,0,none,none
2026-02-04T08:56:27.564201,22.1,39.8,0,0,none,none
2026-02-04T08:56:29.818792,22.1,39.8,0,0,none,none
2026-02-04T08:56:32.073702,22.1,39.8,0,0,none,none
2026-02-04T08:56:34.328561,22.1,39.8,0,0,none,none
2026-02-04T08:56:36.583269,22.1,39.8,0,0,none,none
2026-02-04T08:56:38.838168,22.1,39.9,0,0,none,none
2026-02-04T08:56:41.092995,22.1,40.0,1,0,none,none
2026-02-04T08:56:43.347606,22.1,40.0,0,0,none,none
2026-02-04T08:56:45.602342,22.1,40.0,0,0,none,none
2026-02-04T08:56:47.858508,22.1,40.0,0,0,none,none
2026-02-04T08:56:50.113220,22.1,40.0,0,0,none,none
2026-02-04T08:56:52.368158,22.1,40.0,0,0,none,none
2026-02-04T08:56:54.623111,22.1,40.0,0,0,none,none
2026-02-04T08:56:56.877789,22.2,40.0,0,0,none,none
2026-02-04T08:56:59.132701,22.2,40.0,0,0,none,none
2026-02-04T08:57:01.387478,22.2,40.0,0,0,none,none
2026-02-04T08:57:03.642203,22.2,40.0,0,0,none,none
2026-02-04T08:57:05.897194,22.2,40.0,0,0,none,none
2026-02-04T08:57:08.151997,22.2,39.9,0,0,none,none
2026-02-04T08:57:10.406656,22.2,39.9,0,0,none,none
2026-02-04T08:57:12.661628,22.2,39.8,0,0,none,none
2026-02-04T08:57:14.916500,22.2,39.8,0,0,none,none
2026-02-04T08:57:17.171085,22.2,39.8,1,0,none,none
2026-02-04T08:57:19.427254,22.2,39.7,0,0,none,none
2026-02-04T08:57:21.682013,22.2,39.7,1,0,none,none
2026-02-04T08:57:23.936644,22.2,39.7,0,0,none,none
2026-02-04T08:57:26.191492,22.2,39.7,0,0,none,none
2026-02-04T08:57:28.446428,22.2,39.7,0,0,none,none
2026-02-04T08:57:30.701055,22.2,39.6,1,0,none,none
2026-02-04T08:57:32.955907,22.2,39.6,0,0,none,none
2026-02-04T08:57:35.210692,22.3,39.6,0,0,none,none
2026-02-04T08:57:37.465429,22.3,39.6,0,0,none,none
2026-02-04T08:57:39.720339,22.3,39.6,0,0,none,none
2026-02-04T08:57:41.975148,22.2,39.5,0,0,none,none
2026-02-04T08:57:44.229858,22.3,39.6,0,0,none,none
2026-02-04T08:57:46.484896,22.3,39.6,0,0,none,none
2026-02-04T08:57:48.739722,22.2,39.5,0,0,none,none
2026-02-04T08:57:50.994425,22.3,39.5,0,0,none,none
2026-02-04T08:57:53.249274,22.3,39.5,0,0,none,none
2026-02-04T08:57:55.504753,22.3,39.4,0,0,none,none
2026-02-04T08:57:57.759359,22.3,39.4,0,0,none,none
2026-02-04T08:58:00.014318,22.3,39.4,0,0,none,none
2026-02-04T08:58:02.268814,22.3,39.4,0,0,none,none
2026-02-04T08:58:04.523543,22.3,39.4,0,0,none,none
2026-02-04T08:58:06.778291,22.3,39.3,0,0,none,none
2026-02-04T08:58:09.033149,22.3,39.4,0,0,none,none
2026-02-04T08:58:11.287740,22.3,39.3,0,0,none,none
2026-02-04T08:58:13.542759,22.3,39.3,0,0,none,none
2026-02-04T08:58:15.797608,22.3,39.3,0,0,none,none
2026-02-04T08:58:18.052344,22.3,39.3,0,0,none,none
2026-02-04T08:58:20.307110,22.3,39.3,0,0,none,none
2026-02-04T08:58:22.562141,22.3,39.3,0,0,none,none
2026-02-04T08:58:24.816705,22.3,39.3,0,0,none,none
2026-02-04T08:58:27.071592,22.3,39.3,0,0,none,none
2026-02-04T08:58:29.326143,22.3,39.3,0,0,none,none
2026-02-04T08:58:31.580962,22.3,39.3,0,0,none,none
2026-02-04T08:58:33.835776,22.3,39.2,0,0,none,none
2026-02-04T08:58:36.090575,22.3,39.2,0,0,none,none
2026-02-04T08:58:38.345195,22.3,39.2,0,0,none,none
2026-02-04T08:58:40.600137,22.4,39.3,0,0,none,none
2026-02-04T08:58:42.854935,22.4,39.3,0,0,none,none
2026-02-04T08:58:45.109665,22.3,39.2,0,0,none,none
2026-02-04T08:58:47.364540,22.3,39.1,0,0,none,none
2026-02-04T08:58:49.619448,22.4,39.2,0,0,none,none
2026-02-04T08:58:51.874058,22.4,39.2,0,0,none,none
2026-02-04T08:58:54.128962,22.4,39.2,0,0,none,none
2026-02-04T08:58:56.383723,22.4,39.2,0,0,none,none
2026-02-04T08:58:58.638451,22.4,39.1,0,0,none,none
2026-02-04T08:59:00.892923,22.4,39.2,0,0,none,none
2026-02-04T08:59:03.147788,22.4,39.2,0,0,none,none
2026-02-04T08:59:05.402326,22.4,39.2,1,0,none,none
2026-02-04T08:59:07.657283,22.4,39.1,0,0,none,none
2026-02-04T08:59:09.912011,22.4,39.1,0,0,none,none
2026-02-04T08:59:12.166656,22.4,39.1,0,0,none,none
2026-02-04T08:59:14.421468,22.4,39.1,1,0,none,none
2026-02-04T08:59:16.676467,22.4,39.2,0,0,none,none
2026-02-04T08:59:18.931026,22.4,39.1,0,0,none,none
2026-02-04T08:59:21.185981,22.4,39.1,1,0,none,none
2026-02-04T08:59:23.440922,22.4,39.1,0,0,none,none
2026-02-04T08:59:25.695671,22.4,39.1,0,0,none,none
2026-02-04T08:59:27.950473,22.4,39.1,0,0,none,none
2026-02-04T08:59:30.205329,22.4,39.1,0,0,none,none
2026-02-04T08:59:32.460138,22.4,39.1,1,0,none,none
2026-02-04T08:59:34.714929,22.4,39.1,0,0,none,none
2026-02-04T08:59:36.969821,22.4,39.1,0,0,none,none
2026-02-04T08:59:39.224468,22.4,39.1,1,0,none,none
2026-02-04T08:59:41.479419,22.4,39.1,0,0,none,none
2026-02-04T08:59:43.734277,22.4,39.1,0,0,none,none
2026-02-04T08:59:45.988874,22.4,39.1,0,0,none,none
2026-02-04T08:59:48.243776,22.4,39.1,0,0,none,none
2026-02-04T08:59:50.498769,22.4,39.1,0,0,none,none
2026-02-04T08:59:52.753505,22.4,39.1,0,0,none,none
2026-02-04T08:59:55.008367,22.4,39.0,0,0,none,none
2026-02-04T08:59:57.263218,22.4,39.0,0,0,none,none
2026-02-04T08:59:59.517533,22.4,39.0,0,0,none,none
2026-02-04T09:00:01.772231,22.4,39.0,0,0,none,none
2026-02-04T09:00:04.027039,22.4,39.0,0,0,none,none
2026-02-04T09:00:06.281713,22.4,39.0,1,0,none,none
2026-02-04T09:00:08.536777,22.4,39.0,0,0,none,none
2026-02-04T09:00:10.791738,22.4,39.0,0,0,none,none
2026-02-04T09:00:13.046475,22.4,39.0,0,0,none,none
2026-02-04T09:00:15.301459,22.4,39.0,0,0,none,none
2026-02-04T09:00:17.556630,22.4,38.9,0,0,none,none
2026-02-04T09:00:19.811260,22.4,38.9,0,0,none,none
2026-02-04T09:00:22.066161,22.4,38.9,1,0,none,none
2026-02-04T09:00:24.321004,22.4,38.9,0,0,none,none
2026-02-04T09:00:26.575849,22.4,39.1,0,0,none,none
2026-02-04T09:00:28.830197,22.4,39.0,0,0,none,none
2026-02-04T09:00:31.086282,22.4,39.1,0,0,none,none
2026-02-04T09:00:33.340888,22.4,39.1,0,0,none,none
2026-02-04T09:00:35.595831,22.4,39.2,0,0,none,none
2026-02-04T09:00:37.850618,22.4,39.3,1,0,none,none
2026-02-04T09:00:40.105360,22.4,39.3,0,0,none,none
2026-02-04T09:00:42.360191,22.4,39.4,0,0,none,none
2026-02-04T09:00:44.614921,22.4,39.4,0,0,none,none
2026-02-04T09:00:46.869626,22.4,39.4,0,0,none,none
2026-02-04T09:00:49.124473,22.4,39.5,1,0,none,none
2026-02-04T09:00:51.379330,22.4,39.5,0,0,none,none
2026-02-04T09:00:53.634134,22.4,39.6,0,0,none,none
2026-02-04T09:00:55.888965,22.4,39.6,1,0,none,none
2026-02-04T09:00:58.143491,22.4,39.6,0,0,none,none
2026-02-04T09:01:00.398032,22.4,39.6,0,0,none,none
2026-02-04T09:01:02.652992,22.4,39.6,0,0,none,none
2026-02-04T09:01:04.907821,22.4,39.6,0,0,none,none
2026-02-04T09:01:07.162467,22.4,39.6,0,0,none,none
2026-02-04T09:01:09.417288,22.4,39.5,0,0,none,none
2026-02-04T09:01:11.673851,22.4,39.5,0,0,none,none
2026-02-04T09:01:13.928471,22.4,39.5,0,0,none,none
2026-02-04T09:01:16.183319,22.4,39.4,0,0,none,none
2026-02-04T09:01:18.438288,22.4,39.4,1,0,none,none
2026-02-04T09:01:20.693022,22.4,39.4,0,0,none,none
2026-02-04T09:01:22.947671,22.4,39.4,0,0,none,none
2026-02-04T09:01:25.202507,22.4,39.3,0,0,none,none
2026-02-04T09:01:27.457279,22.4,39.4,1,0,none,none
2026-02-04T09:01:29.712189,22.4,39.3,0,0,none,none
2026-02-04T09:01:31.967007,22.4,39.3,0,0,none,none
2026-02-04T09:01:34.221822,22.4,39.3,0,0,none,none
2026-02-04T09:01:36.476805,22.4,39.3,0,0,none,none
2026-02-04T09:01:38.731606,22.4,39.3,0,0,none,none
2026-02-04T09:01:40.986061,22.4,39.3,0,0,none,none
2026-02-04T09:01:43.240927,22.4,39.3,1,0,none,none
2026-02-04T09:01:45.495317,22.4,39.2,0,0,none,none
2026-02-04T09:01:47.750036,22.4,39.2,1,0,none,none
2026-02-04T09:01:50.005020,22.5,39.3,0,0,none,none
2026-02-04T09:01:52.260034,22.5,39.3,1,0,none,none
2026-02-04T09:01:54.514909,22.5,39.3,0,0,none,none
2026-02-04T09:01:56.769703,22.5,39.2,0,0,none,none
2026-02-04T09:01:59.024537,22.4,39.2,0,0,none,none
2026-02-04T09:02:01.279152,22.5,39.2,0,0,none,none
2026-02-04T09:02:03.534185,22.5,39.2,0,0,none,none
2026-02-04T09:02:05.789067,22.5,39.2,0,0,none,none
2026-02-04T09:02:08.043720,22.5,39.2,1,0,none,none
2026-02-04T09:02:10.298562,22.5,39.2,0,0,none,none
2026-02-04T09:02:12.553467,22.5,39.2,0,0,none,none
2026-02-04T09:02:14.808229,22.5,39.1,0,0,none,none
2026-02-04T09:02:17.063049,22.5,39.2,0,0,none,none
2026-02-04T09:02:19.317918,22.5,39.2,0,0,none,none
2026-02-04T09:02:21.572672,22.5,39.2,0,0,none,none
2026-02-04T09:02:23.827551,22.5,39.2,1,0,none,none
2026-02-04T09:02:26.082357,22.5,39.2,0,0,none,none
2026-02-04T09:02:28.337044,22.5,39.2,0,0,none,none
2026-02-04T09:02:30.592008,22.5,39.2,1,0,none,none
2026-02-04T09:02:32.846852,22.5,39.2,0,0,none,none
2026-02-04T09:02:35.101540,22.5,39.2,0,0,none,none
2026-02-04T09:02:37.356405,22.5,39.3,0,0,none,none
2026-02-04T09:02:39.611408,22.5,39.3,0,0,none,none
2026-02-04T09:02:41.865843,22.5,39.2,0,0,none,none
2026-02-04T09:02:44.120717,22.5,39.2,0,0,none,none
2026-02-04T09:02:46.375590,22.5,39.2,0,0,none,none
2026-02-04T09:02:48.630353,22.5,39.2,1,0,none,none
2026-02-04T09:02:50.885230,22.5,39.2,0,0,none,none
2026-02-04T09:02:53.140124,22.5,39.2,0,0,none,none
2026-02-04T09:02:55.394773,22.5,39.2,0,0,none,none
2026-02-04T09:02:57.649839,22.5,39.3,0,0,none,none
2026-02-04T09:02:59.906747,22.5,39.3,0,0,none,none
2026-02-04T09:03:02.161410,22.5,39.3,0,0,none,none
2026-02-04T09:03:04.416243,22.5,39.2,0,0,none,none
2026-02-04T09:03:06.671171,22.5,39.2,0,0,none,none
2026-02-04T09:03:08.925363,22.5,39.2,0,0,none,none
2026-02-04T09:03:11.180210,22.5,39.1,0,0,none,none
2026-02-04T09:03:13.435136,22.5,39.1,0,0,none,none
2026-02-04T09:03:15.689821,22.5,39.1,0,0,none,none
2026-02-04T09:03:17.944691,22.5,39.1,0,0,none,none
2026-02-04T09:03:20.199385,22.5,39.1,0,0,none,none
2026-02-04T09:03:22.454207,22.5,39.1,0,0,none,none
2026-02-04T09:03:24.709106,22.5,39.1,0,0,none,none
2026-02-04T09:03:26.963895,22.5,39.2,0,0,none,none
2026-02-04T09:03:29.218575,22.5,39.2,0,0,none,none
2026-02-04T09:03:31.473532,22.5,39.2,0,0,none,none
2026-02-04T09:03:33.728455,22.5,39.3,0,0,none,none
2026-02-04T09:03:35.983050,22.5,39.3,0,0,none,none
2026-02-04T09:03:38.237996,22.5,39.3,0,0,none,none
2026-02-04T09:03:40.492427,22.5,39.3,0,0,none,none
2026-02-04T09:03:42.747009,22.5,39.3,0,0,none,none
2026-02-04T09:03:45.001934,22.5,39.3,0,0,none,none
2026-02-04T09:03:47.256770,22.5,39.3,0,0,none,none
2026-02-04T09:03:49.511536,22.5,39.4,0,0,none,none
2026-02-04T09:03:51.766419,22.5,39.4,0,0,none,none
2026-02-04T09:03:54.021270,22.5,39.4,0,0,none,none
2026-02-04T09:03:56.275959,22.5,39.4,0,0,none,none
2026-02-04T09:03:58.530998,22.5,39.4,0,0,none,none
2026-02-04T09:04:00.785935,22.5,39.4,0,0,none,none
2026-02-04T09:04:03.040565,22.4,39.4,0,0,none,none
2026-02-04T09:04:05.295403,22.5,39.4,1,0,none,none
2026-02-04T09:04:07.550332,22.4,39.4,0,0,none,none
2026-02-04T09:04:09.805055,22.4,39.4,0,0,none,none
2026-02-04T09:04:12.059693,22.4,39.4,0,0,none,none
2026-02-04T09:04:14.314492,22.4,39.4,0,0,none,none
2026-02-04T09:04:16.569179,22.4,39.4,0,0,none,none
2026-02-04T09:04:18.824069,22.4,39.5,0,0,none,none
2026-02-04T09:04:21.078860,22.4,39.5,0,0,none,none
2026-02-04T09:04:23.333414,22.4,39.5,0,0,none,none
2026-02-04T09:04:25.588390,22.4,39.5,0,0,none,none
2026-02-04T09:04:27.843230,22.4,39.5,0,0,none,none
2026-02-04T09:04:30.097945,22.4,39.4,0,0,none,none
2026-02-04T09:04:32.352823,22.4,39.4,0,0,none,none
2026-02-04T09:04:34.607774,22.3,39.4,0,0,none,none
2026-02-04T09:04:36.862427,22.3,39.4,0,0,none,none
2026-02-04T09:04:39.117232,22.3,39.4,1,0,none,none
2026-02-04T09:04:41.372108,22.3,39.4,0,0,none,none
2026-02-04T09:04:43.626921,22.3,39.4,0,0,none,none
2026-02-04T09:04:45.881825,22.3,39.4,1,0,none,none
2026-02-04T09:04:48.136628,22.3,39.5,0,0,none,none
2026-02-04T09:04:50.391295,22.3,39.4,0,0,none,none
2026-02-04T09:04:52.646302,22.3,39.5,1,0,none,none
2026-02-04T09:04:54.901112,22.3,39.5,0,0,none,none
2026-02-04T09:04:57.155739,22.3,39.5,1,0,none,none
2026-02-04T09:04:59.410569,22.3,39.5,0,0,none,none
2026-02-04T09:05:01.665540,22.3,39.5,0,0,none,none
2026-02-04T09:05:03.920353,22.3,39.5,0,0,none,none
2026-02-04T09:05:06.175106,22.3,39.6,1,0,none,none
2026-02-04T09:05:08.430069,22.3,39.6,0,0,none,none
2026-02-04T09:05:10.684827,22.3,39.6,0,0,none,none
2026-02-04T09:05:12.939238,22.3,39.6,1,0,none,none
2026-02-04T09:05:15.194104,22.3,39.6,0,0,none,none
2026-02-04T09:05:17.448869,22.3,39.6,0,0,none,none
2026-02-04T09:05:19.703700,22.2,39.5,0,0,none,none
2026-02-04T09:05:21.958527,22.2,39.5,0,0,none,none
2026-02-04T09:05:24.213218,22.2,39.6,1,0,none,none
2026-02-04T09:05:26.468220,22.3,39.6,0,0,none,none
2026-02-04T09:05:28.723046,22.3,39.7,0,0,none,none
2026-02-04T09:05:30.977719,22.2,39.5,0,0,none,none
2026-02-04T09:05:33.232503,22.2,39.6,0,0,none,none
2026-02-04T09:05:35.487401,22.2,39.6,0,0,none,none
2026-02-04T09:05:37.742182,22.2,39.6,0,0,none,none
2026-02-04T09:05:39.996718,22.2,39.6,1,0,none,none
2026-02-04T09:05:42.251510,22.2,39.7,0,0,none,none
2026-02-04T09:05:44.506244,22.2,39.7,0,0,none,none
2026-02-04T09:05:46.761109,22.2,39.7,0,0,none,none
2026-02-04T09:05:49.015947,22.2,39.7,0,0,none,none
2026-02-04T09:05:51.270595,22.2,39.7,0,0,none,none
2026-02-04T09:05:53.525586,22.2,39.7,0,0,none,none
2026-02-04T09:05:55.780470,22.2,39.7,0,0,none,none
2026-02-04T09:05:58.035133,22.2,39.8,0,0,none,none
2026-02-04T09:06:00.290020,22.2,39.8,0,0,none,none
2026-02-04T09:06:02.544946,22.2,39.8,1,0,none,none
2026-02-04T09:06:04.799629,22.2,39.8,0,0,none,none
2026-02-04T09:06:07.054378,22.2,39.8,0,0,none,none
2026-02-04T09:06:09.308861,22.2,39.8,0,0,none,none
2026-02-04T09:06:11.563644,22.1,39.7,0,0,none,none
2026-02-04T09:06:13.818522,22.2,39.8,0,0,none,none
2026-02-04T09:06:16.075296,22.2,39.8,1,0,none,none
2026-02-04T09:06:18.329965,22.1,39.7,0,0,none,none
2026-02-04T09:06:20.585023,22.2,39.8,0,0,none,none
2026-02-04T09:06:22.839868,22.1,39.7,0,0,none,none
2026-02-04T09:06:25.094418,22.1,39.7,0,0,none,none
2026-02-04T09:06:27.349238,22.1,39.8,0,0,none,none
2026-02-04T09:06:29.604193,22.1,39.7,0,0,none,none
2026-02-04T09:06:31.858939,22.1,39.8,0,0,none,none
2026-02-04T09:06:34.113885,22.1,39.8,0,0,none,none
2026-02-04T09:06:36.368695,22.1,39.8,0,0,none,none
2026-02-04T09:06:38.623472,22.1,39.8,0,0,none,none
2026-02-04T09:06:40.878332,22.1,39.8,0,0,none,none
2026-02-04T09:06:43.132781,22.1,39.8,1,0,none,none
2026-02-04T09:06:45.387446,22.1,39.7,0,0,none,none
2026-02-04T09:06:47.642472,22.1,39.8,0,0,none,none
2026-02-04T09:06:49.897408,22.1,39.7,0,0,none,none
2026-02-04T09:06:52.152170,22.1,39.8,0,0,none,none
2026-02-04T09:06:54.406997,22.1,39.8,0,0,none,none
2026-02-04T09:06:56.664186,22.0,39.7,0,0,none,none
2026-02-04T09:06:58.918942,22.1,39.8,0,0,none,none
2026-02-04T09:07:01.173835,22.1,39.8,0,0,none,none
2026-02-04T09:07:03.428821,22.1,39.8,0,0,none,none
2026-02-04T09:07:05.683570,22.1,39.8,0,0,none,none
2026-02-04T09:07:07.938506,22.1,39.9,0,0,none,none
2026-02-04T09:07:10.194970,22.0,39.9,0,0,none,none
2026-02-04T09:07:12.449786,22.0,40.0,0,0,none,none
2026-02-04T09:07:14.704728,22.0,40.0,0,0,none,none
2026-02-04T09:07:16.959315,22.0,40.0,0,0,none,none
2026-02-04T09:07:19.214017,22.0,40.0,0,0,none,none
2026-02-04T09:07:21.469074,22.0,40.1,0,0,none,none
2026-02-04T09:07:23.723870,22.0,40.1,0,0,none,none
2026-02-04T09:07:25.978479,22.0,40.1,0,0,none,none
2026-02-04T09:07:28.233284,22.0,40.2,0,0,none,none
2026-02-04T09:07:30.488225,22.0,40.2,0,0,none,none
2026-02-04T09:07:32.742886,22.0,40.2,0,0,none,none
2026-02-04T09:07:34.997697,22.0,40.2,0,0,none,none
2026-02-04T09:07:37.252635,22.0,40.2,0,0,none,none
2026-02-04T09:07:39.507410,22.0,40.2,0,0,none,none
2026-02-04T09:07:41.761988,22.0,40.2,0,0,none,none
2026-02-04T09:07:44.016675,22.0,40.2,0,0,none,none
2026-02-04T09:07:46.271420,22.0,40.2,0,0,none,none
2026-02-04T09:07:48.526412,21.9,40.2,0,0,none,none
2026-02-04T09:07:50.781275,22.0,40.2,0,0,none,none
2026-02-04T09:07:53.035825,22.0,40.2,0,0,none,none
2026-02-04T09:07:55.290723,22.0,40.3,0,0,none,none
2026-02-04T09:07:57.545719,22.0,40.4,0,0,none,none
2026-02-04T09:07:59.800364,22.0,40.4,0,0,none,none
2026-02-04T09:08:02.054984,22.0,40.4,0,0,none,none
2026-02-04T09:08:04.309828,21.9,40.4,0,0,none,none
2026-02-04T09:08:06.564688,22.0,40.5,0,0,none,none
2026-02-04T09:08:08.819518,22.0,40.5,0,0,none,none
2026-02-04T09:08:11.074332,21.9,40.5,0,0,none,none
2026-02-04T09:08:13.329002,22.0,40.5,0,0,none,none
2026-02-04T09:08:15.583962,21.9,40.5,0,0,none,none
2026-02-04T09:08:17.838338,21.9,40.5,0,0,none,none
2026-02-04T09:08:20.093049,21.9,40.6,0,0,none,none
2026-02-04T09:08:22.347909,21.9,40.6,0,0,none,none
2026-02-04T09:08:24.602757,21.9,40.6,0,0,none,none
2026-02-04T09:08:26.857446,21.9,40.6,0,0,none,none
2026-02-04T09:08:29.112341,21.9,40.6,0,0,none,none
2026-02-04T09:08:31.367159,21.9,40.6,0,0,none,none
2026-02-04T09:08:33.621973,21.9,40.6,0,0,none,none
2026-02-04T09:08:35.876838,21.9,40.6,0,0,none,none
2026-02-04T09:08:38.131653,21.9,40.6,0,0,none,none
2026-02-04T09:08:40.386212,21.9,40.6,0,0,none,none
2026-02-04T09:08:42.641220,21.9,40.6,0,0,none,none
2026-02-04T09:08:44.896094,21.9,40.6,0,0,none,none
2026-02-04T09:08:47.150849,21.9,40.7,0,0,none,none
2026-02-04T09:08:49.405829,21.9,40.7,0,0,none,none
2026-02-04T09:08:51.660828,21.9,40.7,0,0,none,none
2026-02-04T09:08:53.915489,21.9,40.7,0,0,none,none
2026-02-04T09:08:56.170134,21.9,40.8,0,0,none,none
2026-02-04T09:08:58.425135,21.9,40.8,0,0,none,none
2026-02-04T09:09:00.679819,21.9,40.8,0,0,none,none
2026-02-04T09:09:02.934685,21.9,40.8,0,0,none,none
2026-02-04T09:09:05.189563,21.9,40.8,0,0,none,none
2026-02-04T09:09:07.444346,21.9,40.8,0,0,none,none
2026-02-04T09:09:09.699231,21.9,40.8,0,0,none,none
2026-02-04T09:09:11.954074,21.9,40.9,0,0,none,none
2026-02-04T09:09:14.208761,21.9,40.9,0,0,none,none
2026-02-04T09:09:16.463668,21.9,40.9,0,0,none,none
2026-02-04T09:09:18.718488,21.9,40.9,0,0,none,none
2026-02-04T09:09:20.973230,21.9,40.9,0,0,none,none
2026-02-04T09:09:23.227869,21.9,41.0,0,0,none,none
2026-02-04T09:09:25.482758,21.9,40.9,0,0,none,none
2026-02-04T09:09:27.737497,21.9,40.9,0,0,none,none
2026-02-04T09:09:29.992373,21.9,41.0,0,0,none,none
2026-02-04T09:09:32.247183,21.9,41.0,0,0,none,none
2026-02-04T09:09:34.501975,21.9,41.0,0,0,none,none
2026-02-04T09:09:36.756855,21.8,40.9,0,0,none,none
2026-02-04T09:09:39.011736,21.9,41.0,0,0,none,none
2026-02-04T09:09:41.266384,21.9,41.0,0,0,none,none
2026-02-04T09:09:43.521375,21.8,40.9,0,0,none,none
2026-02-04T09:09:45.776324,21.8,40.9,0,0,none,none
2026-02-04T09:09:48.030968,21.8,40.9,1,0,none,none
2026-02-04T09:09:50.285934,21.8,40.9,0,0,none,none
2026-02-04T09:09:52.540873,21.8,40.9,0,0,none,none
2026-02-04T09:09:54.795509,21.8,40.9,0,0,none,none
2026-02-04T09:09:57.050410,21.8,40.9,0,0,none,none
2026-02-04T09:09:59.305302,21.8,40.9,0,0,none,none
2026-02-04T09:10:01.560118,21.8,40.9,0,0,none,none
2026-02-04T09:10:03.814986,21.8,40.9,0,0,none,none
2026-02-04T09:10:06.069871,21.8,40.9,0,0,none,none
2026-02-04T09:10:08.324631,21.9,41.0,0,0,none,none
2026-02-04T09:10:10.579568,21.8,40.9,1,0,none,none
2026-02-04T09:10:12.834160,21.8,40.9,0,0,none,none
2026-02-04T09:10:15.088793,21.8,40.9,0,0,none,none
2026-02-04T09:10:17.343559,21.8,40.9,0,0,none,none
2026-02-04T09:10:19.600630,21.8,40.9,0,0,none,none
2026-02-04T09:10:21.855316,21.8,40.9,0,0,none,none
2026-02-04T09:10:24.110306,21.8,40.9,0,0,none,none
2026-02-04T09:10:26.365162,21.8,41.0,0,0,none,none
2026-02-04T09:10:28.619950,21.8,41.0,1,0,none,none
2026-02-04T09:10:30.874827,21.8,40.9,0,0,none,none
2026-02-04T09:10:33.129703,21.8,40.9,0,0,none,none
2026-02-04T09:10:35.384410,21.8,40.9,0,0,none,none
2026-02-04T09:10:37.639374,21.8,40.9,0,0,none,none
2026-02-04T09:10:39.894244,21.8,40.9,1,0,none,none
2026-02-04T09:10:42.148941,21.8,40.9,0,0,none,none
2026-02-04T09:10:44.403759,21.8,40.9,1,0,none,none
2026-02-04T09:10:46.658696,21.8,40.9,0,0,none,none
2026-02-04T09:10:48.913493,21.8,41.0,0,0,none,none
2026-02-04T09:10:51.168438,21.8,40.9,0,0,none,none
2026-02-04T09:10:53.423259,21.8,40.9,0,0,none,none
2026-02-04T09:10:55.677774,21.8,40.9,0,0,none,none
2026-02-04T09:10:57.932639,21.8,41.0,0,0,none,none
2026-02-04T09:11:00.187367,21.8,41.0,1,0,none,none
2026-02-04T09:11:02.442051,21.7,40.9,0,0,none,none
2026-02-04T09:11:04.696962,21.8,41.1,0,0,none,none
2026-02-04T09:11:06.951827,21.7,41.0,0,0,none,none
2026-02-04T09:11:09.206480,21.8,41.0,0,0,none,none
2026-02-04T09:11:11.461440,21.7,40.9,0,0,none,none
2026-02-04T09:11:13.716476,21.7,41.0,0,0,none,none
2026-02-04T09:11:15.971193,21.7,41.1,0,0,none,none
2026-02-04T09:11:18.226063,21.7,41.0,0,0,none,none
2026-02-04T09:11:20.480983,21.8,41.1,0,0,none,none
2026-02-04T09:11:22.735757,21.8,41.1,0,0,none,none
2026-02-04T09:11:24.990678,21.7,41.0,0,0,none,none
2026-02-04T09:11:27.245693,21.7,41.0,0,0,none,none
2026-02-04T09:11:29.500000,21.7,41.0,0,0,none,none
2026-02-04T09:11:31.754967,21.7,41.0,0,0,none,none
2026-02-04T09:11:34.009930,21.7,41.1,0,0,none,none
2026-02-04T09:11:36.264586,21.7,41.1,0,0,none,none
2026-02-04T09:11:38.519623,21.7,41.1,0,0,none,none
2026-02-04T09:11:40.774489,21.7,41.1,0,0,none,none
2026-02-04T09:11:43.029186,21.7,41.1,0,0,none,none
2026-02-04T09:11:45.284168,21.7,41.1,0,0,none,none
2026-02-04T09:11:47.539150,21.7,41.1,0,0,none,none
2026-02-04T09:11:49.793832,21.7,41.1,0,0,none,none
2026-02-04T09:11:52.048852,21.7,41.1,1,0,none,none
2026-02-04T09:11:54.303832,21.7,41.2,0,0,none,none
2026-02-04T09:11:56.558574,21.7,41.1,0,0,none,none
2026-02-04T09:11:58.813049,21.7,41.2,0,0,none,none
2026-02-04T09:12:01.067934,21.7,41.2,0,0,none,none
2026-02-04T09:12:03.322618,21.7,41.2,1,0,none,none
2026-02-04T09:12:05.577622,21.7,41.1,0,0,none,none
2026-02-04T09:12:07.832499,21.7,41.1,0,0,none,none
2026-02-04T09:12:10.087137,21.7,41.2,0,0,none,none
2026-02-04T09:12:12.342101,21.7,41.2,0,0,none,none
2026-02-04T09:12:14.597028,21.7,41.1,0,0,none,none
2026-02-04T09:12:16.851711,21.7,41.2,0,0,none,none
2026-02-04T09:12:19.106526,21.7,41.1,0,0,none,none
2026-02-04T09:12:21.361401,21.7,41.1,0,0,none,none
2026-02-04T09:12:23.616221,21.7,41.1,0,0,none,none
2026-02-04T09:12:25.871104,21.7,41.1,0,0,none,none
2026-02-04T09:12:28.125942,21.7,41.2,0,0,none,none
2026-02-04T09:12:30.380613,21.7,41.2,0,0,none,none
2026-02-04T09:12:32.635443,21.7,41.2,0,0,none,none
2026-02-04T09:12:34.890316,21.7,41.2,0,0,none,none
2026-02-04T09:12:37.144971,21.7,41.2,0,0,none,none
2026-02-04T09:12:39.399816,21.7,41.2,0,0,none,none
2026-02-04T09:12:41.654749,21.7,41.3,0,0,none,none
2026-02-04T09:12:43.909426,21.6,41.3,0,0,none,none
2026-02-04T09:12:46.164162,21.6,41.3,0,0,none,none
2026-02-04T09:12:48.419001,21.7,41.3,0,0,none,none
2026-02-04T09:12:50.673842,21.7,41.4,0,0,none,none
2026-02-04T09:12:52.928708,21.7,41.3,0,0,none,none
2026-02-04T09:12:55.183542,21.7,41.4,0,0,none,none
2026-02-04T09:12:57.438332,21.6,41.3,0,0,none,none
2026-02-04T09:12:59.693220,21.6,41.4,0,0,none,none
2026-02-04T09:13:01.948145,21.7,41.4,0,0,none,none
2026-02-04T09:13:04.202926,21.6,41.3,0,0,none,none
2026-02-04T09:13:06.458023,21.7,41.3,0,0,none,none
2026-02-04T09:13:08.713048,21.6,41.3,0,0,none,none
2026-02-04T09:13:10.967768,21.6,41.3,0,0,none,none
2026-02-04T09:13:13.222665,21.6,41.3,0,0,none,none
2026-02-04T09:13:15.477678,21.6,41.3,0,0,none,none
2026-02-04T09:13:17.732423,21.7,41.3,0,0,none,none
2026-02-04T09:13:19.987234,21.6,41.3,0,0,none,none
2026-02-04T09:13:22.242161,21.6,41.3,0,0,none,none
2026-02-04T09:13:24.496422,21.6,41.3,0,0,none,none
2026-02-04T09:13:26.750812,21.6,41.3,0,0,none,none
2026-02-04T09:13:29.005702,21.6,41.3,0,0,none,none
2026-02-04T09:13:31.260420,21.6,41.3,0,0,none,none
2026-02-04T09:13:33.515390,21.6,41.3,0,0,none,none
2026-02-04T09:13:35.770192,21.6,41.3,0,0,none,none
2026-02-04T09:13:38.024909,21.6,41.3,0,0,none,none
2026-02-04T09:13:40.279780,21.6,41.3,0,0,none,none
2026-02-04T09:13:42.534836,21.6,41.4,0,0,none,none
2026-02-04T09:13:44.789529,21.6,41.3,0,0,none,none
2026-02-04T09:13:47.044422,21.6,41.3,0,0,none,none
2026-02-04T09:13:49.299238,21.6,41.3,0,0,none,none
2026-02-04T09:13:51.554068,21.6,41.3,0,0,none,none
2026-02-04T09:13:53.808924,21.6,41.4,0,0,none,none
2026-02-04T09:13:56.063584,21.6,41.4,0,0,none,none
2026-02-04T09:13:58.318344,21.6,41.4,0,0,none,none
2026-02-04T09:14:00.573436,21.6,41.4,0,0,none,none
2026-02-04T09:14:02.828347,21.6,41.4,0,0,none,none
2026-02-04T09:14:05.082962,21.6,41.4,0,0,none,none
2026-02-04T09:14:07.337947,21.6,41.4,0,0,none,none
2026-02-04T09:14:09.592918,21.6,41.5,0,0,none,none
2026-02-04T09:14:11.847669,21.6,41.5,0,0,none,none
2026-02-04T09:14:14.102540,21.6,41.6,0,0,none,none
2026-02-04T09:14:16.357465,21.6,41.6,0,0,none,none
2026-02-04T09:14:18.612277,21.6,41.6,0,0,none,none
2026-02-04T09:14:20.867184,21.6,41.6,0,0,none,none
2026-02-04T09:14:23.123576,21.6,41.6,0,0,none,none
2026-02-04T09:14:25.378272,21.6,41.6,0,0,none,none
2026-02-04T09:14:27.633289,21.6,41.6,0,0,none,none
2026-02-04T09:14:29.888118,21.6,41.6,0,0,none,none
2026-02-04T09:14:32.142792,21.6,41.6,0,0,none,none
2026-02-04T09:14:34.397632,21.6,41.6,0,0,none,none
2026-02-04T09:14:36.652636,21.6,41.6,0,0,none,none
2026-02-04T09:14:38.907350,21.6,41.6,0,0,none,none
2026-02-04T09:14:41.162295,21.6,41.7,0,0,none,none
2026-02-04T09:14:43.417168,21.6,41.7,0,0,none,none
2026-02-04T09:14:45.672027,21.5,41.6,0,0,none,none
2026-02-04T09:14:47.926859,21.5,41.6,0,0,none,none
2026-02-04T09:14:50.181581,21.5,41.6,0,0,none,none
2026-02-04T09:14:52.517315,21.6,41.7,0,0,none,none
2026-02-04T09:14:54.853077,21.6,41.7,0,0,none,none
2026-02-04T09:14:57.189126,21.5,41.6,0,0,none,none
2026-02-04T09:14:59.452398,21.6,41.7,0,0,none,none
2026-02-04T09:15:01.707384,21.6,41.7,0,0,none,none
2026-02-04T09:15:03.962234,21.5,41.6,0,0,none,none
2026-02-04T09:15:06.216958,21.6,41.7,0,0,none,none
2026-02-04T09:15:08.471838,21.5,41.6,0,0,none,none
2026-02-04T09:15:10.726514,21.5,41.6,0,0,none,none
2026-02-04T09:15:12.981148,21.5,41.6,0,0,none,none
2026-02-04T09:15:15.235824,21.5,41.6,0,0,none,none
2026-02-04T09:15:17.490233,21.5,41.6,0,0,none,none
2026-02-04T09:15:19.745038,21.5,41.7,0,0,none,none
2026-02-04T09:15:21.999894,21.5,41.6,0,0,none,none
2026-02-04T09:15:24.254539,21.5,41.6,0,0,none,none
2026-02-04T09:15:26.509308,21.5,41.6,1,0,none,none
2026-02-04T09:15:28.764034,21.5,41.6,0,0,none,none
2026-02-04T09:15:31.018543,21.5,41.7,1,0,none,none
2026-02-04T09:15:33.273172,21.5,41.7,0,0,none,none
2026-02-04T09:15:35.528045,21.6,41.7,0,0,none,none
2026-02-04T09:15:37.782747,21.5,41.6,0,0,none,none
2026-02-04T09:15:40.037473,21.6,41.7,0,0,none,none
2026-02-04T09:15:42.292343,21.5,41.7,0,0,none,none
2026-02-04T09:15:44.546811,21.5,41.6,0,0,none,none
2026-02-04T09:15:46.801561,21.5,41.7,0,0,none,none
2026-02-04T09:15:49.056349,21.5,41.7,0,0,none,none
2026-02-04T09:15:51.311302,21.5,41.7,0,0,none,none
2026-02-04T09:15:53.566238,21.5,41.7,0,0,none,none
2026-02-04T09:15:55.821191,21.5,41.7,0,0,none,none
2026-02-04T09:15:58.075960,21.5,41.7,0,0,none,none
2026-02-04T09:16:00.330241,21.5,41.7,0,0,none,none
2026-02-04T09:16:02.585202,21.5,41.7,0,0,none,none
2026-02-04T09:16:04.839596,21.5,41.8,0,0,none,none
2026-02-04T09:16:07.094016,21.5,41.7,0,0,none,none
2026-02-04T09:16:09.348833,21.5,41.8,0,0,none,none
2026-02-04T09:16:11.603534,21.5,41.7,0,0,none,none
2026-02-04T09:16:13.858096,21.5,41.7,0,0,none,none
2026-02-04T09:16:16.112901,21.5,41.8,0,0,none,none
2026-02-04T09:16:18.367708,21.5,41.8,0,0,none,none
2026-02-04T09:16:20.622405,21.5,41.7,0,0,none,none
2026-02-04T09:16:22.877160,21.5,41.7,0,0,none,none
2026-02-04T09:16:25.131929,21.5,41.7,0,0,none,none
2026-02-04T09:16:27.386182,21.5,41.8,0,0,none,none
2026-02-04T09:16:29.641139,21.5,41.7,0,0,none,none
2026-02-04T09:16:31.897880,21.5,41.7,0,0,none,none
2026-02-04T09:16:34.152564,21.5,41.8,0,0,none,none
2026-02-04T09:16:36.407193,21.5,41.7,0,0,none,none
2026-02-04T09:16:38.662262,21.5,41.8,0,0,none,none
2026-02-04T09:16:40.916989,21.5,41.8,0,0,none,none
2026-02-04T09:16:43.171573,21.5,41.8,0,0,none,none
2026-02-04T09:16:45.426309,21.5,41.8,0,0,none,none
2026-02-04T09:16:47.680819,21.5,41.8,0,0,none,none
2026-02-04T09:16:49.935425,21.5,41.8,0,0,none,none
2026-02-04T09:16:52.190282,21.5,41.8,0,0,none,none
2026-02-04T09:16:54.445099,21.5,41.8,0,0,none,none
2026-02-04T09:16:56.699983,21.5,41.8,0,0,none,none
2026-02-04T09:16:58.954936,21.5,41.8,0,0,none,none
2026-02-04T09:17:01.209639,21.5,41.7,0,0,none,none
2026-02-04T09:17:03.464554,21.5,41.7,0,0,none,none
2026-02-04T09:17:05.719515,21.5,41.8,0,0,none,none
2026-02-04T09:17:07.974235,21.5,41.8,0,0,none,none
2026-02-04T09:17:10.229204,21.5,41.8,0,0,none,none
2026-02-04T09:17:12.483936,21.5,41.8,0,0,none,none
2026-02-04T09:17:14.738642,21.5,41.8,0,0,none,none
2026-02-04T09:17:16.993534,21.5,41.8,0,0,none,none
2026-02-04T09:17:19.248495,21.5,41.8,0,0,none,none
2026-02-04T09:17:21.502696,21.4,41.7,0,0,none,none
2026-02-04T09:17:23.757586,21.5,41.8,0,0,none,none
2026-02-04T09:17:26.012541,21.5,41.8,0,0,none,none
2026-02-04T09:17:28.266897,21.5,41.8,0,0,none,none
2026-02-04T09:17:30.521907,21.5,41.8,0,0,none,none
2026-02-04T09:17:32.776723,21.4,41.7,0,0,none,none
2026-02-04T09:17:35.030823,21.5,41.8,0,0,none,none
2026-02-04T09:17:37.285789,21.5,41.8,0,0,none,none
2026-02-04T09:17:39.540702,21.5,41.8,0,0,none,none
2026-02-04T09:17:41.795219,21.5,41.8,0,0,none,none
2026-02-04T09:17:44.050069,21.5,41.9,0,0,none,none
2026-02-04T09:17:46.304804,21.5,41.9,0,0,none,none
2026-02-04T09:17:48.559540,21.5,41.9,0,0,none,none
2026-02-04T09:17:50.814022,21.5,41.9,0,0,none,none
2026-02-04T09:17:53.068819,21.5,41.9,0,0,none,none
2026-02-04T09:17:55.326275,21.5,41.9,0,0,none,none
2026-02-04T09:17:57.662186,21.5,41.9,0,0,none,none
2026-02-04T09:17:59.923067,21.4,41.8,0,0,none,none
2026-02-04T09:18:02.177860,21.4,41.9,0,0,none,none
2026-02-04T09:18:04.432777,21.4,41.9,0,0,none,none
2026-02-04T09:18:06.687586,21.4,41.9,0,0,none,none
2026-02-04T09:18:08.942352,21.5,42.0,0,0,none,none
2026-02-04T09:18:11.197320,21.4,41.9,0,0,none,none
2026-02-04T09:18:13.452372,21.4,42.0,0,0,none,none
2026-02-04T09:18:15.707152,21.4,42.0,0,0,none,none
2026-02-04T09:18:17.962174,21.5,42.1,0,0,none,none
2026-02-04T09:18:20.216863,21.5,42.2,0,0,none,none
2026-02-04T09:18:22.471770,21.4,42.2,0,0,none,none
2026-02-04T09:18:24.726743,21.4,42.4,0,0,none,none
2026-02-04T09:18:26.981770,21.5,42.5,0,0,none,none
2026-02-04T09:18:29.236530,21.5,42.5,0,0,none,none
2026-02-04T09:18:31.491494,21.5,42.6,0,0,none,none
2026-02-04T09:18:33.746429,21.5,42.6,0,0,none,none
2026-02-04T09:18:36.001228,21.4,42.6,0,0,none,none
2026-02-04T09:18:38.256113,21.5,42.7,0,0,none,none
2026-02-04T09:18:40.511117,21.4,42.7,0,0,none,none
2026-02-04T09:18:42.765884,21.5,42.8,0,0,none,none
2026-02-04T09:18:45.020881,21.4,42.7,0,0,none,none
2026-02-04T09:18:47.275755,21.4,42.7,0,0,none,none
2026-02-04T09:18:49.530458,21.4,42.7,0,0,none,none
2026-02-04T09:18:51.785323,21.4,42.8,1,0,none,none
2026-02-04T09:18:54.040280,21.4,42.7,0,0,none,none
2026-02-04T09:18:56.294802,21.4,42.7,0,0,none,none
2026-02-04T09:18:58.549928,21.4,42.7,0,0,none,none
2026-02-04T09:19:00.804787,21.4,42.7,0,0,none,none
2026-02-04T09:19:03.059502,21.4,42.7,0,0,none,none
2026-02-04T09:19:05.314308,21.4,42.6,0,0,none,none
2026-02-04T09:19:07.569407,21.4,42.6,0,0,none,none
2026-02-04T09:19:09.824144,21.4,42.6,0,0,none,none
2026-02-04T09:19:12.079109,21.4,42.6,0,0,none,none
2026-02-04T09:19:14.334101,21.4,42.6,0,0,none,none
2026-02-04T09:19:16.588889,21.4,42.6,0,0,none,none
2026-02-04T09:19:18.843796,21.5,42.7,0,0,none,none
2026-02-04T09:19:21.098587,21.4,42.8,0,0,none,none
2026-02-04T09:19:23.353239,21.4,42.9,0,0,none,none
2026-02-04T09:19:25.608167,21.4,42.9,0,0,none,none
2026-02-04T09:19:27.862573,21.4,42.9,0,0,none,none
2026-02-04T09:19:30.117286,21.4,42.9,0,0,none,none
2026-02-04T09:19:32.372150,21.4,42.9,0,0,none,none
2026-02-04T09:19:34.627161,21.4,42.9,0,0,none,none
2026-02-04T09:19:36.881910,21.4,42.9,0,0,none,none
2026-02-04T09:19:39.136790,21.4,42.9,0,0,none,none
2026-02-04T09:19:41.391151,21.4,43.0,0,0,none,none
2026-02-04T09:19:43.645965,21.5,43.2,0,0,none,none
2026-02-04T09:19:45.900907,21.4,43.3,0,0,none,none
2026-02-04T09:19:48.155756,21.4,43.3,0,0,none,none
2026-02-04T09:19:50.410326,21.5,43.5,0,0,none,none
2026-02-04T09:19:52.665358,21.5,43.5,0,0,none,none
2026-02-04T09:19:54.920295,21.5,43.5,0,0,none,none
2026-02-04T09:19:57.175062,21.4,43.4,0,0,none,none
2026-02-04T09:19:59.430258,21.4,43.4,0,0,none,none
2026-02-04T09:20:01.685180,21.5,43.5,0,0,none,none
2026-02-04T09:20:03.939876,21.4,43.4,0,0,none,none
2026-02-04T09:20:06.194830,21.4,43.3,0,0,none,none
2026-02-04T09:20:08.449920,21.5,43.4,0,0,none,none
2026-02-04T09:20:10.704621,21.4,43.3,0,0,none,none
2026-02-04T09:20:12.959522,21.4,43.3,0,0,none,none
2026-02-04T09:20:15.214442,21.4,43.3,0,0,none,none
2026-02-04T09:20:17.469233,21.5,43.4,0,0,none,none
2026-02-04T09:20:19.724032,21.5,43.4,0,0,none,none
2026-02-04T09:20:21.978888,21.4,43.4,0,0,none,none
2026-02-04T09:20:24.233655,21.4,43.3,0,0,none,none
2026-02-04T09:20:26.488743,21.4,43.2,0,0,none,none
2026-02-04T09:20:28.743515,21.4,43.2,0,0,none,none
2026-02-04T09:20:30.998141,21.5,43.2,0,0,none,none
2026-02-04T09:20:33.253062,21.5,43.0,0,0,none,none
2026-02-04T09:20:35.507777,21.4,42.9,0,0,none,none
2026-02-04T09:20:37.762522,21.4,42.8,0,0,none,none
2026-02-04T09:20:40.017404,21.5,42.8,0,0,none,none
2026-02-04T09:20:42.272335,21.4,42.7,0,0,none,none
2026-02-04T09:20:44.527136,21.4,42.6,0,0,none,none
2026-02-04T09:20:46.781564,21.4,42.7,0,0,none,none
2026-02-04T09:20:49.036531,21.4,42.6,0,0,none,none
2026-02-04T09:20:51.291186,21.4,42.6,0,0,none,none
2026-02-04T09:20:53.546299,21.4,42.7,0,0,none,none
2026-02-04T09:20:55.800981,21.4,42.7,0,0,none,none
2026-02-04T09:20:58.055678,21.4,42.7,0,0,none,none
2026-02-04T09:21:00.310608,21.4,42.7,0,0,none,none
2026-02-04T09:21:02.565638,21.4,42.7,0,0,none,none
2026-02-04T09:21:04.820339,21.4,42.7,0,0,none,none
2026-02-04T09:21:07.075260,21.4,42.7,0,0,none,none
2026-02-04T09:21:09.330141,21.4,42.7,0,0,none,none
2026-02-04T09:21:11.585028,21.4,42.7,0,0,none,none
2026-02-04T09:21:13.839794,21.5,42.8,0,0,none,none
2026-02-04T09:21:16.094529,21.4,42.7,0,0,none,none
2026-02-04T09:21:18.349194,21.4,42.7,0,0,none,none
2026-02-04T09:21:20.603692,21.4,42.7,0,0,none,none
2026-02-04T09:21:22.858543,21.4,42.7,0,0,none,none
2026-02-04T09:21:25.113317,21.4,42.7,0,0,none,none
2026-02-04T09:21:27.368054,21.4,42.7,1,0,none,none
2026-02-04T09:21:29.622816,21.4,42.7,0,0,none,none
2026-02-04T09:21:31.877513,21.4,42.7,0,0,none,none
2026-02-04T09:21:34.132487,21.4,42.7,0,0,none,none
2026-02-04T09:21:36.387278,21.4,42.8,0,0,none,none
2026-02-04T09:21:38.642190,21.4,42.9,0,0,none,none
2026-02-04T09:21:40.896512,21.4,42.9,0,0,none,none
2026-02-04T09:21:43.151080,21.4,42.9,1,0,none,none
2026-02-04T09:21:45.405667,21.4,42.9,0,0,none,none
2026-02-04T09:21:47.660810,21.4,43.0,0,0,none,none
2026-02-04T09:21:49.915651,21.4,43.0,0,0,none,none
2026-02-04T09:21:52.170281,21.4,43.0,0,0,none,none
2026-02-04T09:21:54.426214,21.4,43.0,0,0,none,none
2026-02-04T09:21:56.740493,21.4,43.0,1,0,none,none
2026-02-04T09:21:58.995094,21.4,43.0,0,0,none,none
2026-02-04T09:22:01.250049,21.4,43.1,0,0,none,none
2026-02-04T09:22:03.505110,21.4,43.0,1,0,none,none
2026-02-04T09:22:05.759436,21.4,43.1,0,0,none,none
2026-02-04T09:22:08.014494,21.4,43.1,1,0,none,none
2026-02-04T09:22:10.269406,21.4,43.1,0,0,none,none
2026-02-04T09:22:12.524090,21.4,43.1,0,0,none,none
2026-02-04T09:22:14.778662,21.4,43.2,0,0,none,none
2026-02-04T09:22:17.033556,21.4,43.3,0,0,none,none
2026-02-04T09:22:19.288233,21.4,43.3,0,0,none,none
2026-02-04T09:22:21.543276,21.4,43.3,0,0,none,none
2026-02-04T09:22:23.797990,21.4,43.4,0,0,none,none
2026-02-04T09:22:26.052692,21.4,43.4,0,0,none,none
2026-02-04T09:22:28.307244,21.4,43.5,0,0,none,none
2026-02-04T09:22:30.562049,21.4,43.5,0,0,none,none
2026-02-04T09:22:32.816663,21.4,43.5,0,0,none,none
2026-02-04T09:22:35.071242,21.4,43.5,0,0,none,none
2026-02-04T09:22:37.326151,21.4,43.6,0,0,none,none
2026-02-04T09:22:39.580447,21.4,43.6,0,0,none,none
2026-02-04T09:22:41.835166,21.4,43.6,0,0,none,none
2026-02-04T09:22:44.090089,21.4,43.7,0,0,none,none
2026-02-04T09:22:46.344675,21.4,43.8,0,0,none,none
2026-02-04T09:22:48.599584,21.4,43.8,0,0,none,none
2026-02-04T09:22:50.854224,21.4,43.9,0,0,none,none
2026-02-04T09:22:53.108931,21.4,43.9,0,0,none,none
2026-02-04T09:22:55.363464,21.4,44.1,1,0,none,none
2026-02-04T09:22:57.618452,21.4,44.2,0,0,none,none
2026-02-04T09:22:59.873131,21.4,44.2,0,0,none,none
2026-02-04T09:23:02.127894,21.4,44.2,0,0,none,none
2026-02-04T09:23:04.382449,21.4,44.2,0,0,none,none
2026-02-04T09:23:06.637246,21.4,44.2,0,0,none,none
2026-02-04T09:23:08.891714,21.4,44.2,0,0,none,none
2026-02-04T09:23:11.146390,21.4,44.3,0,0,none,none
2026-02-04T09:23:13.401028,21.4,44.4,0,0,none,none
2026-02-04T09:23:15.655614,21.4,44.4,0,0,none,none
2026-02-04T09:23:17.909982,21.4,44.5,0,0,none,none
2026-02-04T09:23:20.164411,21.4,44.5,0,0,none,none
2026-02-04T09:23:22.418783,21.4,44.5,0,0,none,none
2026-02-04T09:23:24.673800,21.4,44.5,0,0,none,none
2026-02-04T09:23:26.928330,21.4,44.5,0,0,none,none
2026-02-04T09:23:29.182919,21.4,44.4,0,0,none,none
2026-02-04T09:23:31.437994,21.4,44.4,0,0,none,none
2026-02-04T09:23:33.692395,21.4,44.4,0,0,none,none
2026-02-04T09:23:35.946770,21.4,44.4,0,0,none,none
2026-02-04T09:23:38.201662,21.4,44.4,0,0,none,none
2026-02-04T09:23:40.456374,21.4,44.4,0,0,none,none
2026-02-04T09:23:42.710962,21.4,44.4,0,0,none,none
2026-02-04T09:23:44.965813,21.4,44.4,0,0,none,none
2026-02-04T09:23:47.220269,21.4,44.4,0,0,none,none
2026-02-04T09:23:49.475206,21.4,44.3,0,0,none,none
2026-02-04T09:23:51.730059,21.4,44.2,0,0,none,none
2026-02-04T09:23:53.984532,21.4,44.2,0,0,none,none
2026-02-04T09:23:56.239282,21.4,44.2,0,0,none,none
2026-02-04T09:23:58.494328,21.4,44.2,0,0,none,none
2026-02-04T09:24:00.748862,21.4,44.2,0,0,none,none
2026-02-04T09:24:03.003586,21.4,44.2,0,0,none,none
2026-02-04T09:24:05.258183,21.4,44.2,0,0,none,none
2026-02-04T09:24:07.512732,21.4,44.2,0,0,none,none
2026-02-04T09:24:09.767539,21.4,44.2,0,0,none,none
2026-02-04T09:24:12.021926,21.4,44.2,0,0,none,none
2026-02-04T09:24:14.276635,21.4,44.2,0,0,none,none
2026-02-04T09:24:16.531516,21.4,44.2,0,0,none,none
2026-02-04T09:24:18.785862,21.4,44.2,0,0,none,none
2026-02-04T09:24:21.040389,21.4,44.2,0,0,none,none
2026-02-04T09:24:23.295233,21.4,44.2,0,0,none,none
2026-02-04T09:24:25.549817,21.4,44.2,0,0,none,none
2026-02-04T09:24:27.804395,21.4,44.1,0,0,none,none
2026-02-04T09:24:30.058994,21.4,44.1,0,0,none,none
2026-02-04T09:24:32.313898,21.4,44.1,0,0,none,none
2026-02-04T09:24:34.568486,21.4,44.2,0,0,none,none
2026-02-04T09:24:36.823059,21.4,44.2,0,0,none,none
2026-02-04T09:24:39.078049,21.4,44.1,0,0,none,none
2026-02-04T09:24:41.332701,21.4,44.1,0,0,none,none
2026-02-04T09:24:43.587086,21.4,44.1,0,0,none,none
2026-02-04T09:24:45.841988,21.4,44.1,0,0,none,none
2026-02-04T09:24:48.096493,21.4,44.1,0,0,none,none
2026-02-04T09:24:50.351207,21.3,44.1,0,0,none,none
2026-02-04T09:24:52.606178,21.4,44.1,0,0,none,none
2026-02-04T09:24:54.860844,21.4,44.2,0,0,none,none
2026-02-04T09:24:57.115457,21.4,44.1,0,0,none,none
2026-02-04T09:24:59.372312,21.4,44.1,0,0,none,none
2026-02-04T09:25:01.627064,21.4,44.1,0,0,none,none
2026-02-04T09:25:03.882014,21.4,44.1,0,0,none,none
2026-02-04T09:25:06.136823,21.4,44.1,0,0,none,none
2026-02-04T09:25:08.391196,21.4,44.1,0,0,none,none
2026-02-04T09:25:10.646209,21.4,44.1,0,0,none,none
2026-02-04T09:25:12.900984,21.4,44.1,0,0,none,none
2026-02-04T09:25:15.155235,21.4,44.1,0,0,none,none
2026-02-04T09:25:17.410163,21.4,44.1,0,0,none,none
2026-02-04T09:25:19.665071,21.4,44.1,0,0,none,none
2026-02-04T09:25:21.919367,21.4,44.2,0,0,none,none
2026-02-04T09:25:24.174288,21.4,44.1,0,0,none,none
2026-02-04T09:25:26.429176,21.4,44.2,0,0,none,none
2026-02-04T09:25:28.683718,21.4,44.2,0,0,none,none
2026-02-04T09:25:30.938552,21.4,44.2,0,0,none,none
2026-02-04T09:25:33.193369,21.4,44.2,0,0,none,none
2026-02-04T09:25:35.448014,21.4,44.2,0,0,none,none
2026-02-04T09:25:37.702803,21.4,44.2,0,0,none,none
2026-02-04T09:25:39.957690,21.4,44.2,0,0,none,none
2026-02-04T09:25:42.212351,21.4,44.2,0,0,none,none
2026-02-04T09:25:44.467003,21.4,44.2,0,0,none,none
2026-02-04T09:25:46.721868,21.3,44.1,0,0,none,none
2026-02-04T09:25:48.976390,21.4,44.2,0,0,none,none
2026-02-04T09:25:51.231182,21.4,44.2,0,0,none,none
2026-02-04T09:25:53.486165,21.4,44.2,0,0,none,none
2026-02-04T09:25:55.740807,21.4,44.2,0,0,none,none
2026-02-04T09:25:57.995604,21.4,44.2,0,0,none,none
2026-02-04T09:26:00.250105,21.4,44.2,0,0,none,none
2026-02-04T09:26:02.504876,21.4,44.2,0,0,none,none
2026-02-04T09:26:04.759721,21.4,44.2,0,0,none,none
2026-02-04T09:26:07.014408,21.4,44.3,0,0,none,none
2026-02-04T09:26:09.269069,21.4,44.2,0,0,none,none
2026-02-04T09:26:11.523993,21.4,44.2,0,0,none,none
2026-02-04T09:26:13.778712,21.4,44.2,0,0,none,none
2026-02-04T09:26:16.033351,21.4,44.2,0,0,none,none
2026-02-04T09:26:18.287890,21.4,44.2,0,0,none,none
2026-02-04T09:26:20.542412,21.4,44.3,0,0,none,none
2026-02-04T09:26:22.797069,21.4,44.2,0,0,none,none
2026-02-04T09:26:25.051412,21.4,44.2,0,0,none,none
2026-02-04T09:26:27.305814,21.4,44.3,0,0,none,none
2026-02-04T09:26:29.560518,21.4,44.2,0,0,none,none
2026-02-04T09:26:31.814916,21.4,44.2,0,0,none,none
2026-02-04T09:26:34.069784,21.4,44.2,0,0,none,none
2026-02-04T09:26:36.324212,21.4,44.2,0,0,none,none
2026-02-04T09:26:38.579178,21.4,44.2,0,0,none,none
2026-02-04T09:26:40.834092,21.4,44.2,0,0,none,none
2026-02-04T09:26:43.088698,21.4,44.3,0,0,none,none
2026-02-04T09:26:45.343310,21.4,44.3,0,0,none,none
2026-02-04T09:26:47.598003,21.4,44.2,0,0,none,none
2026-02-04T09:26:49.852620,21.4,44.3,0,0,none,none
2026-02-04T09:26:52.107167,21.4,44.2,0,0,none,none
2026-02-04T09:26:54.362135,21.4,44.3,0,0,none,none
2026-02-04T09:26:56.616754,21.4,44.3,1,0,none,none
2026-02-04T09:26:58.871020,21.4,44.3,0,0,none,none
2026-02-04T09:27:01.125917,21.4,44.3,1,0,none,none
2026-02-04T09:27:03.380569,21.4,44.4,0,0,none,none
2026-02-04T09:27:05.635410,21.4,44.4,0,0,none,none
2026-02-04T09:27:07.889884,21.3,44.3,0,0,none,none
2026-02-04T09:27:10.144508,21.3,44.3,0,0,none,none
2026-02-04T09:27:12.399137,21.4,44.4,0,0,none,none
2026-02-04T09:27:14.654148,21.3,44.3,0,0,none,none
2026-02-04T09:27:16.908817,21.4,44.4,0,0,none,none
2026-02-04T09:27:19.163338,21.4,44.4,0,0,none,none
2026-02-04T09:27:21.417983,21.4,44.4,0,0,none,none
2026-02-04T09:27:23.672757,21.4,44.5,0,0,none,none
2026-02-04T09:27:25.927125,21.3,44.4,0,0,none,none
2026-02-04T09:27:28.181984,21.3,44.4,0,0,none,none
2026-02-04T09:27:30.436793,21.4,44.5,0,0,none,none
2026-02-04T09:27:32.691625,21.4,44.5,0,0,none,none
2026-02-04T09:27:34.946339,21.3,44.5,0,0,none,none
2026-02-04T09:27:37.201029,21.4,44.6,0,0,none,none
2026-02-04T09:27:39.455800,21.4,44.6,0,0,none,none
2026-02-04T09:27:41.710418,21.3,44.6,0,0,none,none
2026-02-04T09:27:43.964546,21.3,44.6,0,0,none,none
2026-02-04T09:27:46.219371,21.3,44.7,0,0,none,none
2026-02-04T09:27:48.473965,21.3,44.7,1,0,none,none
2026-02-04T09:27:50.728566,21.4,44.8,0,0,none,none
2026-02-04T09:27:52.983167,21.3,44.7,1,0,none,none
2026-02-04T09:27:55.238089,21.4,44.9,0,0,none,none
2026-02-04T09:27:57.492944,21.3,44.8,0,0,none,none
2026-02-04T09:27:59.747516,21.4,45.0,0,0,none,none
2026-02-04T09:28:02.002122,21.3,44.9,0,0,none,none
2026-02-04T09:28:04.256796,21.3,44.9,0,0,none,none
2026-02-04T09:28:06.511725,21.3,44.9,0,0,none,none
2026-02-04T09:28:08.766299,21.3,45.0,0,0,none,none
2026-02-04T09:28:11.020960,21.3,45.0,0,0,none,none
2026-02-04T09:28:13.275579,21.3,44.9,0,0,none,none
2026-02-04T09:28:15.530392,21.4,45.0,0,0,none,none
2026-02-04T09:28:17.785006,21.3,45.0,0,0,none,none
2026-02-04T09:28:20.039755,21.3,45.0,0,0,none,none
2026-02-04T09:28:22.294149,21.4,45.0,1,0,none,none
2026-02-04T09:28:24.548912,21.3,45.0,0,0,none,none
2026-02-04T09:28:26.803285,21.3,45.0,0,0,none,none
2026-02-04T09:28:29.057670,21.3,45.0,0,0,none,none
2026-02-04T09:28:31.312364,21.3,45.0,0,0,none,none
2026-02-04T09:28:33.567263,21.3,45.0,0,0,none,none
2026-02-04T09:28:35.821661,21.3,45.0,0,0,none,none
2026-02-04T09:28:38.076337,21.3,45.0,0,0,none,none
2026-02-04T09:28:40.330990,21.3,45.0,0,0,none,none
2026-02-04T09:28:42.586108,21.3,45.0,0,0,none,none
2026-02-04T09:28:44.840756,21.3,45.0,0,0,none,none
2026-02-04T09:28:47.095445,21.3,45.1,0,0,none,none
2026-02-04T09:28:49.350146,21.3,45.1,0,0,none,none
2026-02-04T09:28:51.604797,21.4,45.2,0,0,none,none
2026-02-04T09:28:53.859677,21.3,45.1,0,0,none,none
2026-02-04T09:28:56.114075,21.3,45.1,0,0,none,none
2026-02-04T09:28:58.368656,21.3,45.1,0,0,none,none
2026-02-04T09:29:00.623498,21.3,45.1,0,0,none,none
2026-02-04T09:29:02.877868,21.3,45.2,0,0,none,none
2026-02-04T09:29:05.132493,21.3,45.2,0,0,none,none
2026-02-04T09:29:07.387138,21.3,45.2,1,0,none,none
2026-02-04T09:29:09.643918,21.3,45.2,0,0,none,none
2026-02-04T09:29:11.898296,21.3,45.1,1,0,none,none
2026-02-04T09:29:14.153168,21.3,45.2,0,0,none,none
2026-02-04T09:29:16.407992,21.3,45.2,0,0,none,none
2026-02-04T09:29:18.662778,21.3,45.2,0,0,none,none
2026-02-04T09:29:20.917633,21.3,45.2,0,0,none,none
2026-02-04T09:29:23.172502,21.4,45.2,0,0,none,none
2026-02-04T09:29:25.427677,21.3,45.2,0,0,none,none
2026-02-04T09:29:27.748542,21.3,45.1,0,0,none,none
2026-02-04T09:29:30.003326,21.3,45.2,1,0,none,none
2026-02-04T09:29:32.258118,21.3,45.2,0,0,none,none
2026-02-04T09:29:34.513189,21.4,45.2,1,0,none,none
2026-02-04T09:29:36.767781,21.3,45.2,0,0,none,none
2026-02-04T09:29:39.022569,21.3,45.1,0,0,none,none
2026-02-04T09:29:41.277461,21.3,45.2,0,0,none,none
2026-02-04T09:29:43.532155,21.4,45.2,0,0,none,none
2026-02-04T09:29:45.867705,21.3,45.2,0,0,none,none
2026-02-04T09:29:48.203506,21.3,45.2,0,0,none,none
2026-02-04T09:29:50.539554,21.3,45.2,0,0,none,none
2026-02-04T09:29:52.796306,21.3,45.2,0,0,none,none
2026-02-04T09:29:55.051250,21.3,45.2,0,0,none,none
2026-02-04T09:29:57.306200,21.3,45.3,0,0,none,none
2026-02-04T09:29:59.560853,21.3,45.3,0,0,none,none
2026-02-04T09:30:01.815777,21.3,45.3,0,0,none,none
2026-02-04T09:30:04.070659,21.3,45.4,0,0,none,none
2026-02-04T09:30:06.325359,21.3,45.3,0,0,none,none
2026-02-04T09:30:08.580436,21.3,45.3,0,0,none,none
2026-02-04T09:30:10.835366,21.3,45.3,0,0,none,none
2026-02-04T09:30:13.090172,21.3,45.3,1,0,none,none
2026-02-04T09:30:15.345071,21.3,45.3,0,0,none,none
2026-02-04T09:30:17.600136,21.3,45.4,1,0,none,none
2026-02-04T09:30:19.854793,21.3,45.4,0,0,none,none
2026-02-04T09:30:22.109243,21.3,45.4,0,0,none,none
2026-02-04T09:30:24.363944,21.3,45.5,0,0,none,none
2026-02-04T09:30:26.618660,21.3,45.5,0,0,none,none
2026-02-04T09:30:28.873633,21.3,45.5,1,0,none,none
2026-02-04T09:30:31.128626,21.3,45.6,0,0,none,none
2026-02-04T09:30:33.383207,21.3,45.7,1,0,none,none
2026-02-04T09:30:35.638265,21.3,45.7,0,0,none,none
2026-02-04T09:30:37.893064,21.3,45.7,0,0,none,none
2026-02-04T09:30:40.147621,21.3,45.7,1,0,none,none
2026-02-04T09:30:42.402506,21.3,45.8,0,0,none,none
2026-02-04T09:30:44.657548,21.3,45.8,0,0,none,none
2026-02-04T09:30:46.912275,21.3,45.8,0,0,none,none
2026-02-04T09:30:49.167192,21.3,45.8,0,0,none,none
2026-02-04T09:30:51.422149,21.3,45.8,0,0,none,none
2026-02-04T09:30:53.676875,21.3,45.8,0,0,none,none
2026-02-04T09:30:55.931444,21.3,45.8,0,0,none,none
2026-02-04T09:30:58.186328,21.3,45.8,0,0,none,none
2026-02-04T09:31:00.441116,21.3,45.8,0,0,none,none
2026-02-04T09:31:02.696099,21.3,45.8,0,0,none,none
2026-02-04T09:31:04.951007,21.3,45.9,0,0,none,none
2026-02-04T09:31:07.205830,21.3,45.9,0,0,none,none
2026-02-04T09:31:09.460932,21.3,45.9,1,0,none,none
2026-02-04T09:31:11.715888,21.3,45.9,0,0,none,none
2026-02-04T09:31:13.970585,21.3,45.9,0,0,none,none
2026-02-04T09:31:16.225520,21.3,45.9,1,0,none,none
2026-02-04T09:31:18.480345,21.3,46.0,0,0,none,none
2026-02-04T09:31:20.735048,21.3,45.9,1,0,none,none
2026-02-04T09:31:22.990034,21.3,45.9,0,0,none,none
2026-02-04T09:31:25.244975,21.3,45.9,0,0,none,none
2026-02-04T09:31:27.499817,21.3,45.9,0,0,none,none
2026-02-04T09:31:29.754199,21.3,46.0,0,0,none,none
2026-02-04T09:31:32.009232,21.3,46.0,1,0,none,none
2026-02-04T09:31:34.263874,21.3,45.9,0,0,none,none
2026-02-04T09:31:36.518861,21.3,46.0,0,0,none,none
2026-02-04T09:31:38.773862,21.3,46.0,0,0,none,none
2026-02-04T09:31:41.028536,21.3,45.9,0,0,none,none
2026-02-04T09:31:43.283317,21.3,45.9,0,0,none,none
2026-02-04T09:31:45.538432,21.3,45.9,0,0,none,none
2026-02-04T09:31:47.793128,21.3,45.9,0,0,none,none
2026-02-04T09:31:50.047982,21.3,45.9,0,0,none,none
2026-02-04T09:31:52.302917,21.3,46.0,0,0,none,none
2026-02-04T09:31:54.557826,21.3,46.0,0,0,none,none
2026-02-04T09:31:56.812736,21.3,46.0,0,0,none,none
2026-02-04T09:31:59.067531,21.3,46.0,0,0,none,none
2026-02-04T09:32:01.322142,21.3,46.0,0,0,none,none
2026-02-04T09:32:03.577065,21.3,46.0,0,0,none,none
2026-02-04T09:32:05.832040,21.3,46.0,0,0,none,none
2026-02-04T09:32:08.086670,21.3,46.0,0,0,none,none
2026-02-04T09:32:10.341703,21.3,46.1,0,0,none,none
2026-02-04T09:32:12.596738,21.3,46.1,0,0,none,none
2026-02-04T09:32:14.851216,21.3,46.0,1,0,none,none
2026-02-04T09:32:17.106179,21.3,46.0,0,0,none,none
2026-02-04T09:32:19.361067,21.3,46.0,0,0,none,none
2026-02-04T09:32:21.615931,21.2,45.9,0,0,none,none
2026-02-04T09:32:23.870811,21.3,46.0,0,0,none,none
2026-02-04T09:32:26.125718,21.3,46.0,0,0,none,none
2026-02-04T09:32:28.380501,21.3,46.0,0,0,none,none
2026-02-04T09:32:30.635380,21.2,46.0,0,0,none,none
2026-02-04T09:32:32.890270,21.3,46.0,1,0,none,none
2026-02-04T09:32:35.144981,21.3,46.1,0,0,none,none
2026-02-04T09:32:37.399527,21.3,46.0,0,0,none,none
2026-02-04T09:32:39.654554,21.3,46.0,0,0,none,none
2026-02-04T09:32:41.909254,21.3,46.0,0,0,none,none
2026-02-04T09:32:44.164150,21.3,46.0,0,0,none,none
2026-02-04T09:32:46.418954,21.3,46.0,1,0,none,none
2026-02-04T09:32:48.673816,21.3,46.0,0,0,none,none
2026-02-04T09:32:50.928704,21.3,46.0,0,0,none,none
2026-02-04T09:32:53.185666,21.3,46.0,0,0,none,none
2026-02-04T09:32:55.440468,21.2,45.9,0,0,none,none
2026-02-04T09:32:57.695108,21.3,46.0,0,0,none,none
2026-02-04T09:32:59.950034,21.3,46.0,1,0,none,none
2026-02-04T09:33:02.204386,21.3,46.1,0,0,none,none
2026-02-04T09:33:04.459437,21.3,46.1,0,0,none,none
2026-02-04T09:33:06.714380,21.3,46.1,1,0,none,none
2026-02-04T09:33:08.969094,21.3,46.1,0,0,none,none
2026-02-04T09:33:11.223673,21.3,46.1,0,0,none,none
2026-02-04T09:33:13.478689,21.3,46.1,0,0,none,none
2026-02-04T09:33:15.733451,21.2,46.1,0,0,none,none
2026-02-04T09:33:17.988339,21.2,46.1,0,0,none,none
2026-02-04T09:33:20.243313,21.3,46.2,0,0,none,none
2026-02-04T09:33:22.498253,21.2,46.1,0,0,none,none
2026-02-04T09:33:24.753278,21.3,46.2,0,0,none,none
2026-02-04T09:33:27.008245,21.2,46.1,1,0,none,none
2026-02-04T09:33:29.262978,21.3,46.2,0,0,none,none
2026-02-04T09:33:31.518178,21.3,46.2,0,0,none,none
2026-02-04T09:33:33.773112,21.3,46.2,0,0,none,none
2026-02-04T09:33:36.027881,21.2,46.2,0,0,none,none
2026-02-04T09:33:38.282820,21.3,46.2,0,0,none,none
2026-02-04T09:33:40.537883,21.2,46.2,0,0,none,none
2026-02-04T09:33:42.792503,21.2,46.2,0,0,none,none
2026-02-04T09:33:45.046930,21.3,46.3,0,0,none,none
2026-02-04T09:33:47.301918,21.3,46.3,0,0,none,none
2026-02-04T09:33:49.556779,21.2,46.3,1,0,none,none
2026-02-04T09:33:51.811742,21.3,46.3,0,0,none,none
2026-02-04T09:33:54.066651,21.2,46.3,0,0,none,none
2026-02-04T09:33:56.321502,21.2,46.4,0,0,none,none
2026-02-04T09:33:58.576475,21.3,46.4,0,0,none,none
2026-02-04T09:34:00.831292,21.2,46.4,1,0,none,none
2026-02-04T09:34:03.086021,21.3,46.4,0,0,none,none
2026-02-04T09:34:05.340987,21.3,46.4,1,0,none,none
2026-02-04T09:34:07.595969,21.2,46.4,0,0,none,none
2026-02-04T09:34:09.850727,21.2,46.4,0,0,none,none
2026-02-04T09:34:12.105655,21.2,46.4,0,0,none,none
2026-02-04T09:34:14.360605,21.2,46.4,0,0,none,none
2026-02-04T09:34:16.615010,21.2,46.4,0,0,none,none
2026-02-04T09:34:18.870017,21.2,46.4,0,0,none,none
2026-02-04T09:34:21.125007,21.2,46.4,1,0,none,none
2026-02-04T09:34:23.379766,21.3,46.4,0,0,none,none
2026-02-04T09:34:25.634718,21.2,46.4,0,0,none,none
2026-02-04T09:34:27.890974,21.2,46.4,0,0,none,none
2026-02-04T09:34:30.145762,21.2,46.4,0,0,none,none
2026-02-04T09:34:32.400693,21.2,46.4,1,0,none,none
2026-02-04T09:34:34.655757,21.2,46.4,0,0,none,none
2026-02-04T09:34:36.910541,21.2,46.4,0,0,none,none
2026-02-04T09:34:39.165538,21.3,46.6,0,0,none,none
2026-02-04T09:34:41.420513,21.2,46.7,0,0,none,none
2026-02-04T09:34:43.674830,21.2,46.8,0,0,none,none
2026-02-04T09:34:45.929875,21.2,46.9,0,0,none,none
2026-02-04T09:34:48.184862,21.2,47.0,1,0,none,none
2026-02-04T09:34:50.439733,21.2,47.1,0,0,none,none
2026-02-04T09:34:52.694742,21.2,47.1,0,0,none,none
2026-02-04T09:34:54.949761,21.3,47.2,0,0,none,none
2026-02-04T09:34:57.204572,21.2,47.2,1,0,none,none
2026-02-04T09:34:59.459667,21.2,47.2,0,0,none,none
2026-02-04T09:35:01.714681,21.2,47.2,0,0,none,none
2026-02-04T09:35:03.969463,21.2,47.1,0,0,none,none
2026-02-04T09:35:06.224436,21.2,47.1,0,0,none,none
2026-02-04T09:35:08.479492,21.3,47.2,0,0,none,none
2026-02-04T09:35:10.734210,21.2,47.1,0,0,none,none
2026-02-04T09:35:12.988677,21.2,47.1,1,0,none,none
2026-02-04T09:35:15.243613,21.2,47.1,0,0,none,none
2026-02-04T09:35:17.497871,21.2,47.1,0,0,none,none
2026-02-04T09:35:19.752918,21.2,47.1,0,0,none,none
2026-02-04T09:35:22.007813,21.2,47.1,0,0,none,none
2026-02-04T09:35:24.262630,21.2,47.1,0,0,none,none
2026-02-04T09:35:26.517696,21.2,47.1,0,0,none,none
2026-02-04T09:35:28.772679,21.2,47.2,0,0,none,none
2026-02-04T09:35:31.027383,21.2,47.2,0,0,none,none
2026-02-04T09:35:33.282396,21.2,47.2,0,0,none,none
2026-02-04T09:35:35.537541,21.2,47.2,0,0,none,none
2026-02-04T09:35:37.792285,21.2,47.2,0,0,none,none
2026-02-04T09:35:40.046949,21.2,47.2,0,0,none,none
2026-02-04T09:35:42.301922,21.2,47.2,0,0,none,none
2026-02-04T09:35:44.556777,21.3,47.3,0,0,none,none
2026-02-04T09:35:46.811774,21.2,47.2,0,0,none,none
2026-02-04T09:35:49.066675,21.2,47.2,0,0,none,none
2026-02-04T09:35:51.321443,21.2,47.2,0,0,none,none
2026-02-04T09:35:53.576460,21.2,47.2,0,0,none,none
2026-02-04T09:35:55.831328,21.2,47.2,1,0,none,none
2026-02-04T09:35:58.086062,21.2,47.2,0,0,none,none
2026-02-04T09:36:00.340917,21.2,47.2,0,0,none,none
2026-02-04T09:36:02.595930,21.2,47.2,1,0,none,none
2026-02-04T09:36:04.850726,21.2,47.2,0,0,none,none
2026-02-04T09:36:07.105647,21.2,47.2,0,0,none,none
2026-02-04T09:36:09.360497,21.2,47.3,0,0,none,none
2026-02-04T09:36:11.615227,21.2,47.2,0,0,none,none
2026-02-04T09:36:13.870173,21.2,47.2,0,0,none,none
2026-02-04T09:36:16.125082,21.2,47.2,0,0,none,none
2026-02-04T09:36:18.379760,21.2,47.2,0,0,none,none
2026-02-04T09:36:20.634829,21.2,47.2,0,0,none,none
2026-02-04T09:36:22.889825,21.2,47.2,0,0,none,none
2026-02-04T09:36:25.144551,21.2,47.2,0,0,none,none
2026-02-04T09:36:27.399524,21.2,47.2,0,0,none,none
2026-02-04T09:36:29.654552,21.2,47.2,0,0,none,none
2026-02-04T09:36:31.909313,21.2,47.2,0,0,none,none
2026-02-04T09:36:34.164194,21.2,47.2,0,0,none,none
2026-02-04T09:36:36.419058,21.2,47.2,0,0,none,none
2026-02-04T09:36:38.673859,21.2,47.2,0,0,none,none
2026-02-04T09:36:40.928789,21.2,47.2,0,0,none,none
2026-02-04T09:36:43.183610,21.2,47.2,1,0,none,none
2026-02-04T09:36:45.438447,21.2,47.2,0,0,none,none
2026-02-04T09:36:47.693313,21.2,47.2,0,0,none,none
2026-02-04T09:36:49.948238,21.2,47.2,0,0,none,none
2026-02-04T09:36:52.202806,21.2,47.3,0,0,none,none
2026-02-04T09:36:54.457986,21.2,47.3,0,0,none,none
2026-02-04T09:36:56.712929,21.2,47.2,0,0,none,none
2026-02-04T09:36:58.967241,21.2,47.2,1,0,none,none
2026-02-04T09:37:01.222172,21.2,47.3,0,0,none,none
2026-02-04T09:37:03.477245,21.2,47.3,1,0,none,none
2026-02-04T09:37:05.732002,21.2,47.3,0,0,none,none
2026-02-04T09:37:07.986942,21.2,47.3,0,0,none,none
2026-02-04T09:37:10.241951,21.2,47.3,0,0,none,none
2026-02-04T09:37:12.496328,21.2,47.3,0,0,none,none
2026-02-04T09:37:14.750656,21.2,47.3,0,0,none,none
2026-02-04T09:37:17.005634,21.2,47.3,0,0,none,none
2026-02-04T09:37:19.260354,21.2,47.3,0,0,none,none
2026-02-04T09:37:21.515404,21.2,47.3,0,0,none,none
2026-02-04T09:37:23.770350,21.2,47.3,0,0,none,none
2026-02-04T09:37:26.025143,21.2,47.4,0,0,none,none
2026-02-04T09:37:28.280071,21.2,47.4,0,0,none,none
2026-02-04T09:37:30.535147,21.2,47.4,0,0,none,none
2026-02-04T09:37:32.789874,21.2,47.4,0,0,none,none
2026-02-04T09:37:35.044805,21.2,47.4,0,0,none,none
2026-02-04T09:37:37.299634,21.2,47.4,0,0,none,none
2026-02-04T09:37:39.554463,21.2,47.4,0,0,none,none
2026-02-04T09:37:41.809419,21.2,47.4,1,0,none,none
2026-02-04T09:37:44.064402,21.2,47.4,0,0,none,none
2026-02-04T09:37:46.319127,21.2,47.4,0,0,none,none
2026-02-04T09:37:48.574249,21.2,47.4,0,0,none,none
2026-02-04T09:37:50.829155,21.2,47.4,0,0,none,none
2026-02-04T09:37:53.083906,21.2,47.4,0,0,none,none
2026-02-04T09:37:55.338289,21.2,47.4,0,0,none,none
2026-02-04T09:37:57.593333,21.2,47.4,0,0,none,none
2026-02-04T09:37:59.847934,21.2,47.4,1,0,none,none
2026-02-04T09:38:02.102789,21.2,47.4,0,0,none,none
2026-02-04T09:38:04.357699,21.2,47.4,0,0,none,none
2026-02-04T09:38:06.612304,21.2,47.5,0,0,none,none
2026-02-04T09:38:08.867291,21.2,47.5,0,0,none,none
2026-02-04T09:38:11.122116,21.2,47.5,1,0,none,none
2026-02-04T09:38:13.376815,21.2,47.5,0,0,none,none
2026-02-04T09:38:15.631880,21.2,47.5,1,0,none,none
2026-02-04T09:38:17.886810,21.2,47.5,0,0,none,none
2026-02-04T09:38:20.141562,21.2,47.5,0,0,none,none
2026-02-04T09:38:22.396494,21.2,47.5,1,0,none,none
2026-02-04T09:38:24.651405,21.2,47.5,0,0,none,none
2026-02-04T09:38:26.906162,21.2,47.5,0,0,none,none
2026-02-04T09:38:29.161003,21.2,47.5,0,0,none,none
2026-02-04T09:38:31.415956,21.2,47.5,0,0,none,none
2026-02-04T09:38:33.670780,21.2,47.5,0,0,none,none
2026-02-04T09:38:35.925622,21.2,47.5,0,0,none,none
2026-02-04T09:38:38.181906,21.2,47.5,0,0,none,none
2026-02-04T09:38:40.436568,21.2,47.5,0,0,none,none
2026-02-04T09:38:42.691285,21.2,47.6,0,0,none,none
2026-02-04T09:38:44.946214,21.2,47.5,0,0,none,none
2026-02-04T09:38:47.200980,21.2,47.5,1,0,none,none
2026-02-04T09:38:49.455939,21.2,47.5,0,0,none,none
2026-02-04T09:38:51.710880,21.2,47.5,0,0,none,none
2026-02-04T09:38:53.965692,21.2,47.6,0,0,none,none
2026-02-04T09:38:56.220663,21.2,47.5,0,0,none,none
2026-02-04T09:38:58.475707,21.2,47.5,0,0,none,none
2026-02-04T09:39:00.730291,21.2,47.5,0,0,none,none
2026-02-04T09:39:02.985246,21.2,47.6,0,0,none,none
2026-02-04T09:39:05.240131,21.2,47.6,0,0,none,none
2026-02-04T09:39:07.495814,21.2,47.6,0,0,none,none
2026-02-04T09:39:09.750615,21.2,47.6,0,0,none,none
2026-02-04T09:39:12.005251,21.2,47.6,0,0,none,none
2026-02-04T09:39:14.259594,21.2,47.6,0,0,none,none
2026-02-04T09:39:16.514595,21.2,47.6,0,0,none,none
2026-02-04T09:39:18.769554,21.2,47.7,0,0,none,none
2026-02-04T09:39:21.024311,21.2,47.7,0,0,none,none
2026-02-04T09:39:23.279111,21.2,47.7,0,0,none,none
2026-02-04T09:39:25.533633,21.2,47.7,0,0,none,none
2026-02-04T09:39:27.788446,21.2,47.7,0,0,none,none
2026-02-04T09:39:30.043445,21.2,47.7,1,0,none,none
2026-02-04T09:39:32.298200,21.2,47.7,0,0,none,none
2026-02-04T09:39:34.553121,21.2,47.7,0,0,none,none
2026-02-04T09:39:36.807893,21.2,47.7,0,0,none,none
2026-02-04T09:39:39.062853,21.2,47.7,0,0,none,none
2026-02-04T09:39:41.317563,21.2,47.7,0,0,none,none
2026-02-04T09:39:43.572463,21.2,47.7,0,0,none,none
2026-02-04T09:39:45.827415,21.2,47.7,0,0,none,none
2026-02-04T09:39:48.081920,21.2,47.7,0,0,none,none
2026-02-04T09:39:50.336886,21.2,47.7,0,0,none,none
2026-02-04T09:39:52.591530,21.2,47.7,0,0,none,none
2026-02-04T09:39:54.846154,21.2,47.7,0,0,none,none
2026-02-04T09:39:57.101083,21.2,47.7,0,0,none,none
2026-02-04T09:39:59.355797,21.2,47.7,0,0,none,none
2026-02-04T09:40:01.610643,21.2,47.8,0,0,none,none
2026-02-04T09:40:03.865584,21.2,47.7,0,0,none,none
2026-02-04T09:40:06.120575,21.2,47.8,0,0,none,none
2026-02-04T09:40:08.375346,21.2,47.8,0,0,none,none
2026-02-04T09:40:10.630332,21.2,47.8,0,0,none,none
2026-02-04T09:40:12.885200,21.2,47.8,0,0,none,none
2026-02-04T09:40:15.139975,21.2,47.8,0,0,none,none
2026-02-04T09:40:17.395139,21.2,47.8,0,0,none,none
2026-02-04T09:40:19.650358,21.2,47.8,0,0,none,none
2026-02-04T09:40:21.905084,21.2,47.8,0,0,none,none
2026-02-04T09:40:24.159982,21.2,47.8,0,0,none,none
2026-02-04T09:40:26.414973,21.2,47.8,0,0,none,none
2026-02-04T09:40:28.669865,21.2,47.8,0,0,none,none
2026-02-04T09:40:30.924686,21.2,47.8,0,0,none,none
2026-02-04T09:40:33.179689,21.2,47.8,1,0,none,none
2026-02-04T09:40:35.434578,21.2,47.8,0,0,none,none
2026-02-04T09:40:37.689651,21.2,47.8,0,0,none,none
2026-02-04T09:40:39.944641,21.2,47.9,1,0,none,none
2026-02-04T09:40:42.199366,21.2,47.8,0,0,none,none
2026-02-04T09:40:44.454131,21.2,47.9,0,0,none,none
2026-02-04T09:40:46.708528,21.2,47.8,0,0,none,none
2026-02-04T09:40:48.963276,21.2,47.9,0,0,none,none
2026-02-04T09:40:51.218306,21.2,47.9,0,0,none,none
2026-02-04T09:40:53.473350,21.2,47.9,0,0,none,none
2026-02-04T09:40:55.728002,21.2,47.9,0,0,none,none
2026-02-04T09:40:57.982710,21.2,47.9,0,0,none,none
2026-02-04T09:41:00.237594,21.2,47.9,0,0,none,none
2026-02-04T09:41:02.492545,21.2,47.9,0,0,none,none
2026-02-04T09:41:04.747491,21.2,47.9,0,0,none,none
2026-02-04T09:41:07.002391,21.2,47.9,0,0,none,none
2026-02-04T09:41:09.257155,21.2,47.9,1,0,none,none
2026-02-04T09:41:11.512260,21.2,47.9,0,0,none,none
2026-02-04T09:41:13.767108,21.2,47.9,0,0,none,none
2026-02-04T09:41:16.021934,21.2,47.9,1,0,none,none
2026-02-04T09:41:18.276909,21.2,47.9,0,0,none,none
2026-02-04T09:41:20.531555,21.2,47.9,0,0,none,none
2026-02-04T09:41:22.786289,21.2,47.9,0,0,none,none
2026-02-04T09:41:25.041249,21.2,47.9,1,0,none,none
2026-02-04T09:41:27.296143,21.2,47.9,0,0,none,none
2026-02-04T09:41:29.551018,21.2,47.9,0,0,none,none
2026-02-04T09:41:31.805394,21.2,47.9,0,0,none,none
2026-02-04T09:41:34.060362,21.2,48.0,0,0,none,none
2026-02-04T09:41:36.315019,21.2,47.9,0,0,none,none
2026-02-04T09:41:38.570203,21.2,48.0,0,0,none,none
2026-02-04T09:41:40.824977,21.2,48.0,0,0,none,none
2026-02-04T09:41:43.079592,21.2,48.0,0,0,none,none
2026-02-04T09:41:45.334512,21.2,48.0,0,0,none,none
2026-02-04T09:41:47.589554,21.2,48.0,0,0,none,none
2026-02-04T09:41:49.844275,21.2,48.0,0,0,none,none
2026-02-04T09:41:52.099100,21.2,48.0,0,0,none,none
2026-02-04T09:41:54.354112,21.2,48.0,0,0,none,none
2026-02-04T09:41:56.608924,21.2,48.0,0,0,none,none
2026-02-04T09:41:58.863552,21.2,48.0,0,0,none,none
2026-02-04T09:42:01.118380,21.2,48.0,0,0,none,none
2026-02-04T09:42:03.373101,21.2,48.0,0,0,none,none
2026-02-04T09:42:05.628091,21.2,48.0,1,0,none,none
2026-02-04T09:42:07.883042,21.2,48.0,0,0,none,none
2026-02-04T09:42:10.137765,21.2,48.1,0,0,none,none
2026-02-04T09:42:12.392617,21.2,48.0,0,0,none,none
2026-02-04T09:42:14.647607,21.2,48.0,0,0,none,none
2026-02-04T09:42:16.902344,21.2,48.0,1,0,none,none
2026-02-04T09:42:19.157321,21.2,48.1,0,0,none,none
2026-02-04T09:42:21.412250,21.2,48.1,0,0,none,none
2026-02-04T09:42:23.667016,21.2,48.1,0,0,none,none
2026-02-04T09:42:25.921834,21.2,48.0,0,0,none,none
2026-02-04T09:42:28.176745,21.2,48.1,0,0,none,none
2026-02-04T09:42:30.431582,21.2,48.0,0,0,none,none
2026-02-04T09:42:32.686517,21.2,48.0,0,0,none,none
2026-02-04T09:42:34.940946,21.2,48.0,0,0,none,none
2026-02-04T09:42:37.195613,21.1,48.0,0,0,none,none
2026-02-04T09:42:39.450651,21.2,48.0,0,0,none,none
2026-02-04T09:42:41.705479,21.2,48.0,0,0,none,none
2026-02-04T09:42:43.960023,21.2,48.1,0,0,none,none
2026-02-04T09:42:46.215006,21.2,48.1,0,0,none,none
2026-02-04T09:42:48.470151,21.2,48.1,0,0,none,none
2026-02-04T09:42:50.724793,21.2,48.1,0,0,none,none
2026-02-04T09:42:52.979750,21.2,48.1,0,0,none,none
2026-02-04T09:42:55.234586,21.2,48.1,0,0,none,none
2026-02-04T09:42:57.489149,21.1,48.0,0,0,none,none
2026-02-04T09:42:59.744035,21.2,48.1,0,0,none,none
2026-02-04T09:43:01.998822,21.2,48.1,0,0,none,none
2026-02-04T09:43:04.253616,21.2,48.1,0,0,none,none
2026-02-04T09:43:06.508386,21.2,48.1,0,0,none,none
2026-02-04T09:43:08.763196,21.1,48.0,0,0,none,none
2026-02-04T09:43:11.017964,21.2,48.1,0,0,none,none
2026-02-04T09:43:13.272878,21.2,48.1,0,0,none,none
2026-02-04T09:43:15.527822,21.2,48.1,0,0,none,none
2026-02-04T09:43:17.782316,21.2,48.1,1,0,none,none
2026-02-04T09:43:20.037214,21.2,48.1,0,0,none,none
2026-02-04T09:43:22.292123,21.2,48.1,0,0,none,none
2026-02-04T09:43:24.547036,21.1,48.1,0,0,none,none
2026-02-04T09:43:26.802039,21.2,48.1,0,0,none,none
2026-02-04T09:43:29.056826,21.2,48.1,0,0,none,none
2026-02-04T09:43:31.311448,21.2,48.1,0,0,none,none
2026-02-04T09:43:33.566306,21.2,48.2,0,0,none,none
2026-02-04T09:43:35.821184,21.2,48.2,0,0,none,none
2026-02-04T09:43:38.075903,21.2,48.1,0,0,none,none
2026-02-04T09:43:40.330636,21.2,48.2,0,0,none,none
2026-02-04T09:43:42.585557,21.1,48.1,1,0,none,none
2026-02-04T09:43:44.840182,21.1,48.1,0,0,none,none
2026-02-04T09:43:47.094485,21.2,48.2,0,0,none,none
2026-02-04T09:43:49.349389,21.2,48.2,0,0,none,none
2026-02-04T09:43:51.604255,21.2,48.2,0,0,none,none
2026-02-04T09:43:53.859110,21.1,48.1,0,0,none,none
2026-02-04T09:43:56.113814,21.2,48.2,0,0,none,none
2026-02-04T09:43:58.368113,21.2,48.2,0,0,none,none
2026-02-04T09:44:00.623150,21.1,48.1,0,0,none,none
2026-02-04T09:44:02.878080,21.2,48.2,0,0,none,none
2026-02-04T09:44:05.132816,21.1,48.1,0,0,none,none
2026-02-04T09:44:07.387679,21.1,48.1,0,0,none,none
2026-02-04T09:44:09.642588,21.1,48.1,0,0,none,none
2026-02-04T09:44:11.897316,21.1,48.1,0,0,none,none
2026-02-04T09:44:14.152146,21.2,48.2,1,0,none,none
2026-02-04T09:44:16.407101,21.2,48.2,0,0,none,none
2026-02-04T09:44:18.661964,21.2,48.2,0,0,none,none
2026-02-04T09:44:20.916668,21.1,48.1,0,0,none,none
2026-02-04T09:44:23.171603,21.1,48.1,0,0,none,none
2026-02-04T09:44:25.426269,21.2,48.2,0,0,none,none
2026-02-04T09:44:27.681200,21.2,48.2,0,0,none,none
2026-02-04T09:44:29.936068,21.1,48.1,0,0,none,none
2026-02-04T09:44:32.190819,21.2,48.3,0,0,none,none
2026-02-04T09:44:34.445988,21.2,48.3,0,0,none,none
2026-02-04T09:44:36.700832,21.2,48.2,0,0,none,none
2026-02-04T09:44:38.955315,21.1,48.2,0,0,none,none
2026-02-04T09:44:41.210197,21.1,48.1,0,0,none,none
2026-02-04T09:44:43.465152,21.2,48.2,0,0,none,none
2026-02-04T09:44:45.719884,21.1,48.2,0,0,none,none
2026-02-04T09:44:47.974524,21.1,48.1,0,0,none,none
2026-02-04T09:44:50.229433,21.2,48.2,0,0,none,none
2026-02-04T09:44:52.484361,21.2,48.3,0,0,none,none
2026-02-04T09:44:54.738710,21.1,48.2,0,0,none,none
2026-02-04T09:44:56.993626,21.2,48.3,0,0,none,none
2026-02-04T09:44:59.248297,21.1,48.2,0,0,none,none
2026-02-04T09:45:01.503017,21.2,48.3,0,0,none,none
2026-02-04T09:45:03.757975,21.2,48.3,0,0,none,none
2026-02-04T09:45:06.012639,21.1,48.2,0,0,none,none
2026-02-04T09:45:08.267562,21.1,48.2,0,0,none,none
2026-02-04T09:45:10.522443,21.2,48.3,0,0,none,none
2026-02-04T09:45:12.776794,21.1,48.2,0,0,none,none
2026-02-04T09:45:15.031722,21.1,48.2,0,0,none,none
2026-02-04T09:45:17.286436,21.2,48.3,0,0,none,none
2026-02-04T09:45:19.541255,21.2,48.3,0,0,none,none
2026-02-04T09:45:21.795904,21.1,48.2,0,0,none,none
2026-02-04T09:45:24.050634,21.2,48.3,1,0,none,none
2026-02-04T09:45:26.305386,21.2,48.3,0,0,none,none
2026-02-04T09:45:28.560185,21.1,48.2,0,0,none,none
2026-02-04T09:45:30.814992,21.1,48.2,0,0,none,none
2026-02-04T09:45:33.069779,21.2,48.3,0,0,none,none
2026-02-04T09:45:35.324444,21.2,48.3,0,0,none,none
2026-02-04T09:45:37.579412,21.1,48.2,0,0,none,none
2026-02-04T09:45:39.834228,21.1,48.2,0,0,none,none
2026-02-04T09:45:42.089070,21.1,48.2,0,0,none,none
2026-02-04T09:45:44.343829,21.1,48.2,0,0,none,none
2026-02-04T09:45:46.598430,21.2,48.3,0,0,none,none
2026-02-04T09:45:48.853364,21.1,48.2,0,0,none,none
2026-02-04T09:45:51.108196,21.2,48.3,0,0,none,none
2026-02-04T09:45:53.362873,21.2,48.3,1,0,none,none
2026-02-04T09:45:55.618123,21.1,48.3,0,0,none,none
2026-02-04T09:45:57.872934,21.1,48.3,1,0,none,none
2026-02-04T09:46:00.127641,21.1,48.2,0,0,none,none
2026-02-04T09:46:02.382397,21.1,48.2,0,0,none,none
2026-02-04T09:46:04.637486,21.1,48.2,0,0,none,none
2026-02-04T09:46:06.892183,21.2,48.3,0,0,none,none
2026-02-04T09:46:09.146892,21.2,48.3,0,0,none,none
2026-02-04T09:46:11.403766,21.2,48.3,0,0,none,none
2026-02-04T09:46:13.658583,21.1,48.2,0,0,none,none
2026-02-04T09:46:15.913473,21.1,48.2,0,0,none,none
2026-02-04T09:46:18.168552,21.2,48.3,0,0,none,none
2026-02-04T09:46:20.423129,21.1,48.2,0,0,none,none
2026-02-04T09:46:22.678219,21.2,48.3,0,0,none,none
2026-02-04T09:46:24.933106,21.1,48.2,0,0,none,none
2026-02-04T09:46:27.187327,21.2,48.3,0,0,none,none
2026-02-04T09:46:29.442443,21.1,48.2,1,0,none,none
2026-02-04T09:46:31.697168,21.2,48.3,0,0,none,none
2026-02-04T09:46:33.951505,21.1,48.2,0,0,none,none
2026-02-04T09:46:36.206178,21.1,48.2,1,0,none,none
2026-02-04T09:46:38.460684,21.1,48.2,0,0,none,none
2026-02-04T09:46:40.715276,21.1,48.2,0,0,none,none
2026-02-04T09:46:42.970198,21.1,48.3,0,0,none,none
2026-02-04T09:46:45.225171,21.1,48.3,0,0,none,none
2026-02-04T09:46:47.479957,21.1,48.3,0,0,none,none
2026-02-04T09:46:49.734846,21.1,48.3,0,0,none,none
2026-02-04T09:46:51.989718,21.1,48.3,0,0,none,none
2026-02-04T09:46:54.244493,21.1,48.2,0,0,none,none
2026-02-04T09:46:56.499075,21.1,48.3,0,0,none,none
2026-02-04T09:46:58.755914,21.1,48.3,0,0,none,none
2026-02-04T09:47:01.010074,21.1,48.3,0,0,none,none
2026-02-04T09:47:03.265024,21.1,48.3,0,0,none,none
2026-02-04T09:47:05.520020,21.1,48.3,0,0,none,none
2026-02-04T09:47:07.774409,21.2,48.4,0,0,none,none
2026-02-04T09:47:10.029329,21.1,48.3,0,0,none,none
2026-02-04T09:47:12.285955,21.2,48.4,0,0,none,none
2026-02-04T09:47:14.540641,21.1,48.3,1,0,none,none
2026-02-04T09:47:16.795545,21.1,48.3,0,0,none,none
2026-02-04T09:47:19.050226,21.1,48.3,0,0,none,none
2026-02-04T09:47:21.304955,21.1,48.3,0,0,none,none
2026-02-04T09:47:23.560009,21.2,48.4,0,0,none,none
2026-02-04T09:47:25.814329,21.2,48.4,0,0,none,none
2026-02-04T09:47:28.068743,21.1,48.3,0,0,none,none
2026-02-04T09:47:30.323650,21.1,48.3,0,0,none,none
2026-02-04T09:47:32.578575,21.1,48.3,1,0,none,none
2026-02-04T09:47:34.833371,21.1,48.3,0,0,none,none
2026-02-04T09:47:37.088116,21.1,48.4,1,0,none,none
2026-02-04T09:47:39.342591,21.2,48.4,0,0,none,none
2026-02-04T09:47:41.597326,21.1,48.3,0,0,none,none
2026-02-04T09:47:43.852097,21.1,48.3,0,0,none,none
2026-02-04T09:47:46.106915,21.1,48.4,0,0,none,none
2026-02-04T09:47:48.361752,21.1,48.4,0,0,none,none
2026-02-04T09:47:50.616612,21.1,48.4,0,0,none,none
2026-02-04T09:47:52.871605,21.1,48.4,0,0,none,none
2026-02-04T09:47:55.126064,21.1,48.4,1,0,none,none
2026-02-04T09:47:57.380935,21.1,48.4,0,0,none,none
2026-02-04T09:47:59.635659,21.1,48.4,1,0,none,none
2026-02-04T09:48:01.890148,21.1,48.4,0,0,none,none
2026-02-04T09:48:04.145120,21.1,48.4,1,0,none,none
2026-02-04T09:48:06.399390,21.1,48.4,0,0,none,none
2026-02-04T09:48:08.654278,21.1,48.4,0,0,none,none
2026-02-04T09:48:10.909232,21.1,48.4,0,0,none,none
2026-02-04T09:48:13.164080,21.1,48.4,1,0,none,none
2026-02-04T09:48:15.418503,21.1,48.4,0,0,none,none
2026-02-04T09:48:17.673387,21.1,48.4,0,0,none,none
2026-02-04T09:48:19.928214,21.2,48.5,0,0,none,none
2026-02-04T09:48:22.182561,21.1,48.4,0,0,none,none
2026-02-04T09:48:24.437553,21.1,48.4,0,0,none,none
2026-02-04T09:48:26.692012,21.1,48.4,0,0,none,none
2026-02-04T09:48:28.946648,21.1,48.4,0,0,none,none
2026-02-04T09:48:31.201402,21.1,48.4,0,0,none,none
2026-02-04T09:48:33.456422,21.1,48.4,0,0,none,none
2026-02-04T09:48:35.710895,21.1,48.4,0,0,none,none
2026-02-04T09:48:37.965914,21.1,48.4,0,0,none,none
2026-02-04T09:48:40.220812,21.1,48.4,0,0,none,none
2026-02-04T09:48:42.475300,21.1,48.3,0,0,none,none
2026-02-04T09:48:44.730340,21.1,48.4,0,0,none,none
2026-02-04T09:48:46.985244,21.1,48.3,1,0,none,none
2026-02-04T09:48:49.239779,21.1,48.4,0,0,none,none
2026-02-04T09:48:51.494438,21.1,48.4,0,0,none,none
2026-02-04T09:48:53.749395,21.1,48.4,0,0,none,none
2026-02-04T09:48:56.004116,21.1,48.4,0,0,none,none
2026-02-04T09:48:58.258756,21.1,48.3,0,0,none,none
2026-02-04T09:49:00.515472,21.1,48.4,0,0,none,none
2026-02-04T09:49:02.770172,21.1,48.4,0,0,none,none
2026-02-04T09:49:05.025000,21.1,48.4,0,0,none,none
2026-02-04T09:49:07.279941,21.1,48.4,0,0,none,none
2026-02-04T09:49:09.534769,21.1,48.4,0,0,none,none
2026-02-04T09:49:11.789814,21.1,48.4,0,0,none,none
2026-02-04T09:49:14.044582,21.1,48.4,0,0,none,none
2026-02-04T09:49:16.299116,21.1,48.4,0,0,none,none
2026-02-04T09:49:18.554166,21.1,48.4,0,0,none,none
2026-02-04T09:49:20.808988,21.1,48.4,0,0,none,none
2026-02-04T09:49:23.063710,21.1,48.4,0,0,none,none
2026-02-04T09:49:25.318570,21.1,48.4,0,0,none,none
2026-02-04T09:49:27.573617,21.1,48.4,0,0,none,none
2026-02-04T09:49:29.828202,21.1,48.4,0,0,none,none
2026-02-04T09:49:32.082919,21.1,48.4,0,0,none,none
2026-02-04T09:49:34.337665,21.1,48.4,0,0,none,none
2026-02-04T09:49:36.592571,21.1,48.4,0,0,none,none
2026-02-04T09:49:38.847266,21.1,48.4,1,0,none,none
2026-02-04T09:49:41.101668,21.1,48.4,0,0,none,none
2026-02-04T09:49:43.356264,21.1,48.4,1,0,none,none
2026-02-04T09:49:45.611327,21.1,48.4,0,0,none,none
2026-02-04T09:49:47.866110,21.1,48.4,0,0,none,none
2026-02-04T09:49:50.120793,21.1,48.4,0,0,none,none
2026-02-04T09:49:52.375285,21.1,48.4,0,0,none,none
2026-02-04T09:49:54.630178,21.1,48.4,0,0,none,none
2026-02-04T09:49:56.884781,21.1,48.4,0,0,none,none
2026-02-04T09:49:59.139493,21.1,48.4,0,0,none,none
2026-02-04T09:50:01.393862,21.1,48.4,0,0,none,none
2026-02-04T09:50:03.648493,21.1,48.4,0,0,none,none
2026-02-04T09:50:05.903030,21.1,48.4,0,0,none,none
2026-02-04T09:50:08.159707,21.1,48.4,0,0,none,none
2026-02-04T09:50:10.413832,21.1,48.4,0,0,none,none
2026-02-04T09:50:12.668747,21.1,48.4,0,0,none,none
2026-02-04T09:50:14.923510,21.1,48.4,0,0,none,none
2026-02-04T09:50:17.177863,21.1,48.4,0,0,none,none
2026-02-04T09:50:19.432824,21.1,48.4,0,0,none,none
2026-02-04T09:50:21.687765,21.1,48.4,0,0,none,none
2026-02-04T09:50:23.942227,21.1,48.4,0,0,none,none
2026-02-04T09:50:26.197062,21.1,48.4,0,0,none,none
2026-02-04T09:50:28.451913,21.1,48.4,0,0,none,none
2026-02-04T09:50:30.706363,21.1,48.4,0,0,none,none
2026-02-04T09:50:32.961296,21.1,48.3,0,0,none,none
2026-02-04T09:50:35.216253,21.1,48.4,0,0,none,none
2026-02-04T09:50:37.471093,21.1,48.3,0,0,none,none
2026-02-04T09:50:39.726112,21.1,48.3,1,0,none,none
2026-02-04T09:50:41.980866,21.1,48.4,0,0,none,none
2026-02-04T09:50:44.235385,21.1,48.3,1,0,none,none
2026-02-04T09:50:46.490489,21.1,48.4,0,0,none,none
2026-02-04T09:50:48.745421,21.1,48.4,0,0,none,none
2026-02-04T09:50:51.000114,21.1,48.3,1,0,none,none
2026-02-04T09:50:53.255023,21.1,48.3,0,0,none,none
2026-02-04T09:50:55.510122,21.1,48.4,0,0,none,none
2026-02-04T09:50:57.764876,21.1,48.4,0,0,none,none
2026-02-04T09:51:00.019805,21.1,48.4,0,0,none,none
2026-02-04T09:51:02.276915,21.1,48.4,0,0,none,none
2026-02-04T09:51:04.531440,21.1,48.4,0,0,none,none
2026-02-04T09:51:06.786167,21.1,48.4,1,0,none,none
2026-02-04T09:51:09.041082,21.1,48.4,0,0,none,none
2026-02-04T09:51:11.295499,21.1,48.4,0,0,none,none
2026-02-04T09:51:13.550462,21.1,48.4,0,0,none,none
2026-02-04T09:51:15.805442,21.1,48.4,0,0,none,none
2026-02-04T09:51:18.059941,21.1,48.4,0,0,none,none
2026-02-04T09:51:20.314730,21.1,48.5,0,0,none,none
2026-02-04T09:51:22.571611,21.1,48.4,0,0,none,none
2026-02-04T09:51:24.826306,21.1,48.4,0,0,none,none
2026-02-04T09:51:27.081239,21.1,48.4,1,0,none,none
2026-02-04T09:51:29.338010,21.1,48.5,0,0,none,none
2026-02-04T09:51:31.592875,21.1,48.5,0,0,none,none
2026-02-04T09:51:33.847787,21.1,48.5,0,0,none,none
2026-02-04T09:51:36.102566,21.1,48.5,0,0,none,none
2026-02-04T09:51:38.357282,21.1,48.5,0,0,none,none
2026-02-04T09:51:40.612183,21.1,48.5,0,0,none,none
2026-02-04T09:51:42.866944,21.1,48.5,0,0,none,none
2026-02-04T09:51:45.121732,21.1,48.5,0,0,none,none
2026-02-04T09:51:47.376663,21.1,48.5,1,0,none,none
2026-02-04T09:51:49.631713,21.1,48.4,0,0,none,none
2026-02-04T09:51:51.886143,21.1,48.4,0,0,none,none
2026-02-04T09:51:54.141142,21.1,48.4,0,0,none,none
2026-02-04T09:51:56.395989,21.1,48.4,0,0,none,none
2026-02-04T09:51:58.650353,21.1,48.4,0,0,none,none
2026-02-04T09:52:00.905311,21.1,48.4,0,0,none,none
2026-02-04T09:52:03.160197,21.1,48.4,0,0,none,none
2026-02-04T09:52:05.414845,21.1,48.5,0,0,none,none
2026-02-04T09:52:07.669984,21.1,48.5,1,0,none,none
2026-02-04T09:52:09.924945,21.1,48.5,0,0,none,none
2026-02-04T09:52:12.179343,21.1,48.5,0,0,none,none
2026-02-04T09:52:14.434523,21.1,48.5,0,0,none,none
2026-02-04T09:52:16.689473,21.1,48.5,0,0,none,none
2026-02-04T09:52:18.943969,21.1,48.5,1,0,none,none
2026-02-04T09:52:21.198806,21.1,48.5,0,0,none,none
2026-02-04T09:52:23.453880,21.1,48.4,0,0,none,none
2026-02-04T09:52:25.708764,21.1,48.5,0,0,none,none
2026-02-04T09:52:27.963454,21.1,48.5,0,0,none,none
2026-02-04T09:52:30.218106,21.1,48.4,1,0,none,none
2026-02-04T09:52:32.472943,21.1,48.4,0,0,none,none
2026-02-04T09:52:34.727934,21.1,48.4,0,0,none,none
2026-02-04T09:52:36.982809,21.1,48.4,0,0,none,none
2026-02-04T09:52:39.237613,21.1,48.5,0,0,none,none
2026-02-04T09:52:41.493089,21.1,48.4,1,0,none,none
2026-02-04T09:52:43.749646,21.1,48.4,0,0,none,none
2026-02-04T09:52:46.004490,21.1,48.5,0,0,none,none
2026-02-04T09:52:48.259375,21.1,48.5,0,0,none,none
2026-02-04T09:52:50.514405,21.1,48.5,0,0,none,none
2026-02-04T09:52:52.769298,21.1,48.5,0,0,none,none
2026-02-04T09:52:55.024198,21.1,48.5,0,0,none,none
2026-02-04T09:52:57.278934,21.1,48.5,0,0,none,none
2026-02-04T09:52:59.533883,21.1,48.5,0,0,none,none
2026-02-04T09:53:01.788806,21.1,48.5,0,0,none,none
2026-02-04T09:53:04.043709,21.1,48.5,0,0,none,none
2026-02-04T09:53:06.298313,21.1,48.5,0,0,none,none
2026-02-04T09:53:08.553374,21.1,48.5,0,0,none,none
2026-02-04T09:53:10.808259,21.1,48.5,0,0,none,none
2026-02-04T09:53:13.063021,21.1,48.5,0,0,none,none
2026-02-04T09:53:15.318011,21.1,48.5,0,0,none,none
2026-02-04T09:53:17.573046,21.1,48.5,0,0,none,none
2026-02-04T09:53:19.827751,21.1,48.5,0,0,none,none
2026-02-04T09:53:22.082545,21.1,48.5,0,0,none,none
2026-02-04T09:53:24.337463,21.1,48.5,0,0,none,none
2026-02-04T09:53:26.592284,21.1,48.5,0,0,none,none
2026-02-04T09:53:28.847190,21.1,48.5,1,0,none,none
2026-02-04T09:53:31.102156,21.1,48.5,0,0,none,none
2026-02-04T09:53:33.356645,21.1,48.5,0,0,none,none
2026-02-04T09:53:35.676524,21.1,48.5,0,0,none,none
2026-02-04T09:53:37.931074,21.1,48.6,0,0,none,none
2026-02-04T09:53:40.185761,21.1,48.6,0,0,none,none
2026-02-04T09:53:42.440681,21.1,48.6,0,0,none,none
2026-02-04T09:53:44.695622,21.1,48.6,0,0,none,none
2026-02-04T09:53:46.950075,21.1,48.5,0,0,none,none
2026-02-04T09:53:49.204899,21.1,48.5,0,0,none,none
2026-02-04T09:53:51.459943,21.1,48.6,0,0,none,none
2026-02-04T09:53:53.714574,21.1,48.6,0,0,none,none
2026-02-04T09:53:55.969400,21.1,48.6,0,0,none,none
2026-02-04T09:53:58.223995,21.1,48.6,1,0,none,none
2026-02-04T09:54:00.478798,21.1,48.6,0,0,none,none
2026-02-04T09:54:02.733678,21.1,48.6,0,0,none,none
2026-02-04T09:54:04.988602,21.1,48.6,0,0,none,none
2026-02-04T09:54:07.242786,21.1,48.6,0,0,none,none
2026-02-04T09:54:09.497186,21.1,48.6,0,0,none,none
2026-02-04T09:54:11.751773,21.1,48.6,0,0,none,none
2026-02-04T09:54:14.006164,21.1,48.6,0,0,none,none
2026-02-04T09:54:16.261026,21.1,48.6,0,0,none,none
2026-02-04T09:54:18.515856,21.1,48.6,0,0,none,none
2026-02-04T09:54:20.770174,21.1,48.6,0,0,none,none
2026-02-04T09:54:23.025008,21.1,48.6,0,0,none,none
2026-02-04T09:54:25.279527,21.1,48.6,0,0,none,none
2026-02-04T09:54:27.534021,21.1,48.6,1,0,none,none
2026-02-04T09:54:29.788554,21.1,48.6,0,0,none,none
2026-02-04T09:54:32.045391,21.1,48.6,0,0,none,none
2026-02-04T09:54:34.299750,21.1,48.6,0,0,none,none
2026-02-04T09:54:36.554652,21.1,48.6,0,0,none,none
2026-02-04T09:54:38.809440,21.1,48.6,0,0,none,none
2026-02-04T09:54:41.064077,21.1,48.6,0,0,none,none
2026-02-04T09:54:43.318530,21.1,48.6,0,0,none,none
2026-02-04T09:54:45.573423,21.1,48.6,1,0,none,none
2026-02-04T09:54:47.828100,21.1,48.6,0,0,none,none
2026-02-04T09:54:50.082883,21.1,48.6,0,0,none,none
2026-02-04T09:54:52.337767,21.1,48.6,1,0,none,none
2026-02-04T09:54:54.592516,21.1,48.6,0,0,none,none
2026-02-04T09:54:56.847267,21.1,48.6,0,0,none,none
2026-02-04T09:54:59.101893,21.0,48.6,1,0,none,none
2026-02-04T09:55:01.356343,21.1,48.7,0,0,none,none
2026-02-04T09:55:03.611274,21.0,48.6,0,0,none,none
2026-02-04T09:55:05.866172,21.1,48.7,1,0,none,none
2026-02-04T09:55:08.120839,21.0,48.6,0,0,none,none
2026-02-04T09:55:10.375355,21.0,48.6,0,0,none,none
2026-02-04T09:55:12.630263,21.0,48.6,0,0,none,none
2026-02-04T09:55:14.884779,21.0,48.6,0,0,none,none
2026-02-04T09:55:17.139596,21.1,48.7,0,0,none,none
2026-02-04T09:55:19.394187,21.1,48.7,0,0,none,none
2026-02-04T09:55:21.648861,21.1,48.6,1,0,none,none
2026-02-04T09:55:23.903523,21.1,48.6,0,0,none,none
2026-02-04T09:55:26.158274,21.1,48.7,0,0,none,none
2026-02-04T09:55:28.412507,21.1,48.7,0,0,none,none
2026-02-04T09:55:30.667349,21.1,48.7,0,0,none,none
2026-02-04T09:55:32.922005,21.1,48.7,0,0,none,none
2026-02-04T09:55:35.176542,21.1,48.7,0,0,none,none
2026-02-04T09:55:37.431353,21.0,48.6,0,0,none,none
2026-02-04T09:55:39.686120,21.1,48.7,0,0,none,none
2026-02-04T09:55:41.940739,21.1,48.7,0,0,none,none
2026-02-04T09:55:44.195608,21.0,48.6,0,0,none,none
2026-02-04T09:55:46.450141,21.1,48.7,1,0,none,none
2026-02-04T09:55:48.704800,21.1,48.7,0,0,none,none
2026-02-04T09:55:50.959569,21.1,48.7,0,0,none,none
2026-02-04T09:55:53.214382,21.1,48.7,0,0,none,none
2026-02-04T09:55:55.469139,21.0,48.6,1,0,none,none
2026-02-04T09:55:57.724003,21.0,48.6,0,0,none,none
2026-02-04T09:55:59.978680,21.0,48.7,0,0,none,none
2026-02-04T09:56:02.233348,21.0,48.6,0,0,none,none
2026-02-04T09:56:04.487884,21.0,48.6,0,0,none,none
2026-02-04T09:56:06.742500,21.1,48.7,0,0,none,none
2026-02-04T09:56:08.997235,21.1,48.7,1,0,none,none
2026-02-04T09:56:11.251878,21.1,48.7,0,0,none,none
2026-02-04T09:56:13.506274,21.1,48.7,0,0,none,none
2026-02-04T09:56:15.761022,21.1,48.7,1,0,none,none
2026-02-04T09:56:18.015720,21.0,48.7,0,0,none,none
2026-02-04T09:56:20.270501,21.1,48.7,0,0,none,none
2026-02-04T09:56:22.525227,21.0,48.7,0,0,none,none
2026-02-04T09:56:24.779992,21.1,48.8,1,0,none,none
2026-02-04T09:56:27.034619,21.1,48.8,0,0,none,none
2026-02-04T09:56:29.289323,21.1,48.7,0,0,none,none
2026-02-04T09:56:31.544216,21.1,48.7,0,0,none,none
2026-02-04T09:56:33.798604,21.0,48.7,0,0,none,none
2026-02-04T09:56:36.053226,21.0,48.7,0,0,none,none
2026-02-04T09:56:38.307898,21.1,48.8,0,0,none,none
2026-02-04T09:56:40.562743,21.1,48.7,1,0,none,none
2026-02-04T09:56:42.817422,21.1,48.7,0,0,none,none
2026-02-04T09:56:45.072169,,,0,0,none,none
2026-02-04T09:56:47.326643,21.0,48.7,1,0,none,none
2026-02-04T09:56:49.581471,21.1,48.8,0,0,none,none
2026-02-04T09:56:51.835885,21.1,48.8,0,0,none,none
2026-02-04T09:56:54.090672,21.1,48.8,1,0,none,none
2026-02-04T09:56:56.345253,21.1,48.8,0,0,none,none
2026-02-04T09:56:58.599739,21.1,48.8,0,0,none,none
2026-02-04T09:57:00.854580,21.0,48.7,0,0,none,none
2026-02-04T09:57:03.109185,21.1,48.8,0,0,none,none
2026-02-04T09:57:05.363981,21.1,48.7,0,0,none,none
2026-02-04T09:57:07.618655,21.1,48.8,0,0,none,none
2026-02-04T09:57:09.873318,21.1,48.8,0,0,none,none
2026-02-04T09:57:12.128194,21.1,48.8,0,0,none,none
2026-02-04T09:57:14.382541,21.1,48.8,0,0,none,none
2026-02-04T09:57:16.636833,21.0,48.7,0,0,none,none
2026-02-04T09:57:18.891288,21.1,48.8,0,0,none,none
2026-02-04T09:57:21.145971,21.0,48.7,0,0,none,none
2026-02-04T09:57:23.400627,21.0,48.7,0,0,none,none
2026-02-04T09:57:25.655496,21.0,48.7,0,0,none,none
2026-02-04T09:57:27.910268,21.1,48.8,1,0,none,none
2026-02-04T09:57:30.164931,21.1,48.8,0,0,none,none
2026-02-04T09:57:32.419767,21.1,48.8,0,0,none,none
2026-02-04T09:57:34.674689,21.0,48.8,0,0,none,none
2026-02-04T09:57:36.929337,21.0,48.7,0,0,none,none
2026-02-04T09:57:39.184062,21.0,48.7,0,0,none,none
2026-02-04T09:57:41.438823,21.1,48.8,0,0,none,none
2026-02-04T09:57:43.693576,21.1,48.8,0,0,none,none
2026-02-04T09:57:45.948351,21.0,48.7,0,0,none,none
2026-02-04T09:57:48.203168,21.0,48.7,0,0,none,none
2026-02-04T09:57:50.457960,21.1,48.8,0,0,none,none
2026-02-04T09:57:52.712755,21.0,48.8,0,0,none,none
2026-02-04T09:57:54.966994,21.1,48.8,0,0,none,none
2026-02-04T09:57:57.221704,21.0,48.7,0,0,none,none
2026-02-04T09:57:59.476617,21.0,48.7,0,0,none,none
2026-02-04T09:58:01.731436,21.1,48.8,0,0,none,none
2026-02-04T09:58:03.986051,21.1,48.8,0,0,none,none
2026-02-04T09:58:06.240904,21.1,48.8,1,0,none,none
2026-02-04T09:58:08.495276,21.1,48.8,0,0,none,none
2026-02-04T09:58:10.749972,21.1,48.7,1,0,none,none
2026-02-04T09:58:13.004682,21.1,48.8,0,0,none,none
2026-02-04T09:58:15.259154,21.1,48.7,0,0,none,none
2026-02-04T09:58:17.513939,21.1,48.7,0,0,none,none
2026-02-04T09:58:19.768775,21.0,48.7,1,0,none,none
2026-02-04T09:58:22.023207,21.1,48.8,0,0,none,none
2026-02-04T09:58:24.277990,21.1,48.8,0,0,none,none
2026-02-04T09:58:26.532852,21.1,48.7,0,0,none,none
2026-02-04T09:58:28.787505,21.1,48.8,0,0,none,none
2026-02-04T09:58:31.041840,21.1,48.7,0,0,none,none
2026-02-04T09:58:33.296570,21.1,48.8,0,0,none,none
2026-02-04T09:58:35.551531,21.1,48.8,0,0,none,none
2026-02-04T09:58:37.805977,21.1,48.8,0,0,none,none
2026-02-04T09:58:40.060508,21.0,48.7,0,0,none,none
2026-02-04T09:58:42.315301,21.1,48.8,0,0,none,none
2026-02-04T09:58:44.570086,21.0,48.7,1,0,none,none
2026-02-04T09:58:46.824795,21.0,48.7,0,0,none,none
2026-02-04T09:58:49.079516,21.1,48.8,1,0,none,none
2026-02-04T09:58:51.333893,21.0,48.7,0,0,none,none
2026-02-04T09:58:53.588842,21.0,48.7,0,0,none,none
2026-02-04T09:58:55.843180,21.0,48.7,0,0,none,none
2026-02-04T09:58:58.097879,21.0,48.7,0,0,none,none
2026-02-04T09:59:00.352749,21.0,48.7,0,0,none,none
2026-02-04T09:59:02.607555,21.1,48.8,0,0,none,none
2026-02-04T09:59:04.862031,21.1,48.8,0,0,none,none
2026-02-04T09:59:07.116910,21.0,48.7,0,0,none,none
2026-02-04T09:59:09.371818,21.1,48.8,0,0,none,none
2026-02-04T09:59:11.626322,21.1,48.8,1,0,none,none
2026-02-04T09:59:13.881092,21.0,48.7,0,0,none,none
2026-02-04T09:59:16.135711,21.0,48.7,0,0,none,none
2026-02-04T09:59:18.389981,21.0,48.7,0,0,none,none
2026-02-04T09:59:20.644888,21.0,48.7,0,0,none,none
2026-02-04T09:59:22.901012,21.1,48.8,1,0,none,none
2026-02-04T09:59:25.155599,21.1,48.8,0,0,none,none
2026-02-04T09:59:27.409970,21.1,48.8,1,0,none,none
2026-02-04T09:59:29.664791,21.1,48.8,0,0,none,none
2026-02-04T09:59:31.919405,21.0,48.7,1,0,none,none
2026-02-04T09:59:34.174304,21.0,48.7,0,0,none,none
2026-02-04T09:59:36.429190,21.0,48.8,0,0,none,none
2026-02-04T09:59:38.683638,21.1,48.8,0,0,none,none
2026-02-04T09:59:40.938054,21.1,48.8,0,0,none,none
2026-02-04T09:59:43.192770,21.1,48.8,0,0,none,none
2026-02-04T09:59:45.447487,21.0,48.7,0,0,none,none
2026-02-04T09:59:47.702444,21.1,48.8,1,0,none,none
2026-02-04T09:59:49.957237,21.0,48.8,0,0,none,none
2026-02-04T09:59:52.211648,21.0,48.8,0,0,none,none
2026-02-04T09:59:54.466372,21.0,48.8,0,0,none,none
2026-02-04T09:59:56.721271,21.1,48.8,0,0,none,none
2026-02-04T09:59:58.975433,21.1,48.8,0,0,none,none
2026-02-04T10:00:01.230339,21.1,48.8,1,0,none,none
2026-02-04T10:00:03.485323,21.0,48.8,0,0,none,none
2026-02-04T10:00:05.739962,21.0,48.7,0,0,none,none
2026-02-04T10:00:07.994945,21.1,48.8,0,0,none,none
2026-02-04T10:00:10.249912,21.0,48.7,0,0,none,none
2026-02-04T10:00:12.504562,21.0,48.7,1,0,none,none
2026-02-04T10:00:14.759532,21.1,48.8,0,0,none,none
2026-02-04T10:00:17.014433,21.0,48.7,0,0,none,none
2026-02-04T10:00:19.269210,21.0,48.7,0,0,none,none
2026-02-04T10:00:21.524259,21.0,48.7,0,0,none,none
2026-02-04T10:00:23.779005,21.0,48.7,0,0,none,none
2026-02-04T10:00:26.033827,21.0,48.7,0,0,none,none
2026-02-04T10:00:28.288484,21.0,48.7,1,0,none,none
2026-02-04T10:00:30.543430,21.1,48.8,0,0,none,none
2026-02-04T10:00:32.798146,21.1,48.8,0,0,none,none
2026-02-04T10:00:35.053059,21.1,48.8,0,0,none,none
2026-02-04T10:00:37.307684,21.1,48.8,0,0,none,none
2026-02-04T10:00:39.562470,21.0,48.7,1,0,none,none
2026-02-04T10:00:41.817332,21.1,48.8,0,0,none,none
2026-02-04T10:00:44.072194,21.0,48.7,1,0,none,none
2026-02-04T10:00:46.326845,21.0,48.7,0,0,none,none
2026-02-04T10:00:48.581888,21.0,48.7,1,0,none,none
2026-02-04T10:00:50.836622,21.1,48.8,0,0,none,none
2026-02-04T10:00:53.091309,21.1,48.7,0,0,none,none
2026-02-04T10:00:55.346199,21.1,48.7,0,0,none,none
2026-02-04T10:00:57.601177,21.0,48.7,0,0,none,none
2026-02-04T10:00:59.855811,21.1,48.7,1,0,none,none
2026-02-04T10:01:02.110476,21.0,48.7,0,0,none,none
2026-02-04T10:01:04.365273,21.0,48.7,1,0,none,none
2026-02-04T10:01:06.619819,21.1,48.7,0,0,none,none
2026-02-04T10:01:08.874565,21.0,48.7,1,0,none,none
2026-02-04T10:01:11.129382,21.0,48.7,0,0,none,none
2026-02-04T10:01:13.384033,21.1,48.8,0,0,none,none
2026-02-04T10:01:15.638984,21.0,48.7,0,0,none,none
2026-02-04T10:01:17.893874,21.0,48.7,0,0,none,none
2026-02-04T10:01:20.148590,21.0,48.7,0,0,none,none
2026-02-04T10:01:22.403394,21.0,48.7,1,0,none,none
2026-02-04T10:01:24.658285,21.0,48.7,0,0,none,none
2026-02-04T10:01:26.912771,21.0,48.7,0,0,none,none
2026-02-04T10:01:29.167575,21.1,48.8,0,0,none,none
2026-02-04T10:01:31.422420,21.0,48.7,0,0,none,none
2026-02-04T10:01:33.677162,21.0,48.7,0,0,none,none
2026-02-04T10:01:35.931948,21.0,48.7,0,0,none,none
2026-02-04T10:01:38.186798,21.0,48.7,1,0,none,none
2026-02-04T10:01:40.441599,21.0,48.7,0,0,none,none
2026-02-04T10:01:42.696410,21.0,48.7,1,0,none,none
2026-02-04T10:01:44.951259,21.0,48.7,0,0,none,none
2026-02-04T10:01:47.205931,21.0,48.7,0,0,none,none
2026-02-04T10:01:49.460919,21.0,48.7,0,0,none,none
2026-02-04T10:01:51.715744,21.0,48.7,0,0,none,none
2026-02-04T10:01:53.970496,21.0,48.7,0,0,none,none
2026-02-04T10:01:56.225287,21.0,48.8,0,0,none,none
2026-02-04T10:01:58.480160,21.0,48.8,0,0,none,none
2026-02-04T10:02:00.734760,21.0,48.7,0,0,none,none
2026-02-04T10:02:02.989593,21.1,48.8,0,0,none,none
2026-02-04T10:02:05.244415,21.1,48.8,0,0,none,none
2026-02-04T10:02:07.499178,21.0,48.7,1,0,none,none
2026-02-04T10:02:09.754078,21.0,48.7,0,0,none,none
2026-02-04T10:02:12.008872,21.0,48.7,1,0,none,none
2026-02-04T10:02:14.263295,21.0,48.7,0,0,none,none
2026-02-04T10:02:16.518193,21.0,48.7,0,0,none,none
2026-02-04T10:02:18.772940,21.0,48.7,1,0,none,none
2026-02-04T10:02:21.027595,21.0,48.7,0,0,none,none
2026-02-04T10:02:23.282193,21.0,48.7,0,0,none,none
2026-02-04T10:02:25.537129,21.0,48.7,0,0,none,none
2026-02-04T10:02:27.791801,21.0,48.7,0,0,none,none
2026-02-04T10:02:30.046663,21.0,48.7,0,0,none,none
2026-02-04T10:02:32.301478,21.0,48.7,0,0,none,none
2026-02-04T10:02:34.555966,21.0,48.7,0,0,none,none
2026-02-04T10:02:36.810528,21.0,48.7,0,0,none,none
2026-02-04T10:02:39.065394,21.0,48.7,1,0,none,none
2026-02-04T10:02:41.319923,21.0,48.7,0,0,none,none
2026-02-04T10:02:43.574885,21.0,48.8,1,0,none,none
2026-02-04T10:02:45.829680,21.0,48.7,0,0,none,none
2026-02-04T10:02:48.084360,21.0,48.8,0,0,none,none
2026-02-04T10:02:50.338880,21.0,48.8,0,0,none,none
2026-02-04T10:02:52.593827,21.0,48.7,0,0,none,none
2026-02-04T10:02:54.848330,21.0,48.8,0,0,none,none
2026-02-04T10:02:57.103174,21.0,48.8,0,0,none,none
2026-02-04T10:02:59.357476,21.0,48.7,0,0,none,none
2026-02-04T10:03:01.611896,21.0,48.7,0,0,none,none
2026-02-04T10:03:03.866311,21.0,48.7,0,0,none,none
2026-02-04T10:03:06.121163,21.0,48.7,0,0,none,none
2026-02-04T10:03:08.375706,21.0,48.8,0,0,none,none
2026-02-04T10:03:10.630565,21.0,48.8,0,0,none,none
2026-02-04T10:03:12.885401,21.0,48.7,0,0,none,none
2026-02-04T10:03:15.140018,21.0,48.7,0,0,none,none
2026-02-04T10:03:17.394807,21.0,48.7,0,0,none,none
2026-02-04T10:03:19.649713,21.0,48.7,0,0,none,none
2026-02-04T10:03:21.904402,21.0,48.7,0,0,none,none
2026-02-04T10:03:24.159261,21.0,48.6,0,0,none,none
2026-02-04T10:03:26.414008,21.0,48.6,1,0,none,none
2026-02-04T10:03:28.668754,21.0,48.6,0,0,none,none
2026-02-04T10:03:30.923543,21.0,48.6,1,0,none,none
2026-02-04T10:03:33.178305,21.0,48.6,0,0,none,none
2026-02-04T10:03:35.433048,21.0,48.6,0,0,none,none
2026-02-04T10:03:37.688056,21.0,48.6,0,0,none,none
2026-02-04T10:03:39.942681,21.0,48.6,0,0,none,none
2026-02-04T10:03:42.197380,21.0,48.6,0,0,none,none
2026-02-04T10:03:44.452332,21.0,48.6,0,0,none,none
2026-02-04T10:03:46.707149,21.0,48.7,1,0,none,none
2026-02-04T10:03:48.961942,21.0,48.6,0,0,none,none
2026-02-04T10:03:51.216894,21.0,48.6,1,0,none,none
2026-02-04T10:03:53.471966,21.0,48.7,0,0,none,none
2026-02-04T10:03:55.726758,21.0,48.7,0,0,none,none
2026-02-04T10:03:57.981696,21.0,48.7,0,0,none,none
2026-02-04T10:04:00.236712,21.0,48.6,0,0,none,none
2026-02-04T10:04:02.491568,21.0,48.6,1,0,none,none
2026-02-04T10:04:04.746425,21.0,48.6,0,0,none,none
2026-02-04T10:04:07.001112,21.0,48.6,0,0,none,none
2026-02-04T10:04:09.255763,21.0,48.6,0,0,none,none
2026-02-04T10:04:11.510702,21.0,48.6,0,0,none,none
2026-02-04T10:04:13.765578,21.0,48.6,0,0,none,none
2026-02-04T10:04:16.020253,21.0,48.6,0,0,none,none
2026-02-04T10:04:18.275097,21.0,48.6,0,0,none,none
2026-02-04T10:04:20.530038,21.0,48.6,0,0,none,none
2026-02-04T10:04:22.784669,21.0,48.6,0,0,none,none
2026-02-04T10:04:25.039466,21.0,48.6,0,0,none,none
2026-02-04T10:04:27.294276,21.0,48.6,0,0,none,none
2026-02-04T10:04:29.549131,21.0,48.7,1,0,none,none
2026-02-04T10:04:31.803791,21.0,48.6,0,0,none,none
2026-02-04T10:04:34.058571,21.0,48.6,0,0,none,none
2026-02-04T10:04:36.313196,21.0,48.6,0,0,none,none
2026-02-04T10:04:38.568191,21.0,48.6,0,0,none,none
2026-02-04T10:04:40.823059,21.0,48.6,1,0,none,none
2026-02-04T10:04:43.077678,21.0,48.6,0,0,none,none
2026-02-04T10:04:45.332556,21.0,48.6,1,0,none,none
2026-02-04T10:04:47.587463,21.0,48.6,0,0,none,none
2026-02-04T10:04:49.842244,21.0,48.6,0,0,none,none
2026-02-04T10:04:52.097010,21.0,48.6,0,0,none,none
2026-02-04T10:04:54.351912,21.0,48.6,0,0,none,none
2026-02-04T10:04:56.606652,21.0,48.6,1,0,none,none
2026-02-04T10:04:58.861514,21.0,48.6,0,0,none,none
2026-02-04T10:05:01.116396,21.0,48.6,1,0,none,none
2026-02-04T10:05:03.371025,21.0,48.6,0,0,none,none
2026-02-04T10:05:05.626065,21.0,48.6,0,0,none,none
2026-02-04T10:05:07.880938,21.0,48.6,1,0,none,none
2026-02-04T10:05:10.135494,21.0,48.6,0,0,none,none
2026-02-04T10:05:12.390211,21.0,48.6,1,0,none,none
2026-02-04T10:05:14.645159,21.0,48.7,0,0,none,none
2026-02-04T10:05:16.899910,21.0,48.6,0,0,none,none
2026-02-04T10:05:19.154754,21.0,48.6,0,0,none,none
2026-02-04T10:05:21.409571,21.0,48.7,0,0,none,none
2026-02-04T10:05:23.664412,21.0,48.7,1,0,none,none
2026-02-04T10:05:25.919305,21.0,48.7,0,0,none,none
2026-02-04T10:05:28.174161,21.0,48.7,0,0,none,none
2026-02-04T10:05:30.428947,21.0,48.7,0,0,none,none
2026-02-04T10:05:32.683811,21.0,48.7,0,0,none,none
2026-02-04T10:05:34.938634,21.0,48.7,0,0,none,none
2026-02-04T10:05:37.193313,21.0,48.7,0,0,none,none
2026-02-04T10:05:39.448319,21.0,48.7,0,0,none,none
2026-02-04T10:05:41.703200,21.0,48.7,0,0,none,none
2026-02-04T10:05:43.957899,21.0,48.6,0,0,none,none
2026-02-04T10:05:46.212800,21.0,48.6,0,0,none,none
2026-02-04T10:05:48.467714,21.0,48.7,0,0,none,none
2026-02-04T10:05:50.722489,21.0,48.7,1,0,none,none
2026-02-04T10:05:52.977272,21.0,48.6,0,0,none,none
2026-02-04T10:05:55.231903,21.0,48.7,1,0,none,none
2026-02-04T10:05:57.486215,21.0,48.7,0,0,none,none
2026-02-04T10:05:59.741069,21.0,48.6,0,0,none,none
2026-02-04T10:06:01.995496,21.0,48.6,0,0,none,none
2026-02-04T10:06:04.250137,21.0,48.6,0,0,none,none
2026-02-04T10:06:06.505153,21.0,48.7,0,0,none,none
2026-02-04T10:06:08.761407,21.0,48.7,0,0,none,none
2026-02-04T10:06:11.016000,21.0,48.6,0,0,none,none
2026-02-04T10:06:13.270820,21.0,48.6,0,0,none,none
2026-02-04T10:06:15.525972,21.0,48.7,0,0,none,none
2026-02-04T10:06:17.780644,21.0,48.6,1,0,none,none
2026-02-04T10:06:20.035475,21.0,48.7,0,0,none,none
2026-02-04T10:06:22.290242,21.0,48.7,0,0,none,none
2026-02-04T10:06:24.545107,21.0,48.7,1,0,none,none
2026-02-04T10:06:26.799938,21.0,48.7,0,0,none,none
2026-02-04T10:06:29.054255,21.0,48.7,0,0,none,none
2026-02-04T10:06:31.308782,21.0,48.7,0,0,none,none
2026-02-04T10:06:33.563681,21.0,48.7,0,0,none,none
2026-02-04T10:06:35.818592,21.0,48.7,0,0,none,none
2026-02-04T10:06:38.073281,21.0,48.8,0,0,none,none
2026-02-04T10:06:40.328146,21.0,48.7,0,0,none,none
2026-02-04T10:06:42.583087,21.0,48.7,0,0,none,none
2026-02-04T10:06:44.837789,21.0,48.7,0,0,none,none
2026-02-04T10:06:47.092673,21.0,48.7,0,0,none,none
2026-02-04T10:06:49.347538,21.0,48.7,0,0,none,none
2026-02-04T10:06:51.602387,21.0,48.8,0,0,none,none
2026-02-04T10:06:53.857293,21.0,48.8,0,0,none,none
2026-02-04T10:06:56.112071,21.0,48.8,0,0,none,none
2026-02-04T10:06:58.366794,21.0,48.8,0,0,none,none
2026-02-04T10:07:00.621817,21.0,48.8,0,0,none,none
2026-02-04T10:07:02.876391,21.0,48.8,0,0,none,none
2026-02-04T10:07:05.131028,21.0,48.8,0,0,none,none
2026-02-04T10:07:07.386093,21.0,48.7,0,0,none,none
2026-02-04T10:07:09.641160,21.0,48.8,0,0,none,none
2026-02-04T10:07:11.895901,21.0,48.8,0,0,none,none
2026-02-04T10:07:14.150778,21.0,48.8,0,0,none,none
2026-02-04T10:07:16.405781,21.0,48.8,0,0,none,none
2026-02-04T10:07:18.660615,21.0,48.8,0,0,none,none
2026-02-04T10:07:20.915611,21.0,48.8,0,0,none,none
2026-02-04T10:07:23.170536,21.0,48.8,0,0,none,none
2026-02-04T10:07:25.426213,21.0,48.8,1,0,none,none
2026-02-04T10:07:27.762031,21.0,48.8,0,0,none,none
2026-02-04T10:07:30.097951,21.0,48.8,1,0,none,none
2026-02-04T10:07:32.433639,21.0,48.8,0,0,none,none
2026-02-04T10:07:34.724558,21.0,48.9,0,0,none,none
2026-02-04T10:07:36.979510,21.0,48.8,0,0,none,none
2026-02-04T10:07:39.234249,21.0,48.8,0,0,none,none
2026-02-04T10:07:41.488800,21.0,48.8,0,0,none,none
2026-02-04T10:07:43.743789,21.0,48.8,0,0,none,none
2026-02-04T10:07:45.998536,21.0,48.8,1,0,none,none
2026-02-04T10:07:48.253395,21.0,48.8,0,0,none,none
2026-02-04T10:07:50.508522,21.0,48.8,0,0,none,none
2026-02-04T10:07:52.762960,21.0,48.8,0,0,none,none
2026-02-04T10:07:55.017867,21.0,48.8,0,0,none,none
2026-02-04T10:07:57.272831,21.0,48.8,0,0,none,none
2026-02-04T10:07:59.527671,21.0,48.8,0,0,none,none
2026-02-04T10:08:01.782495,21.0,48.8,0,0,none,none
2026-02-04T10:08:04.037354,21.0,48.8,0,0,none,none
2026-02-04T10:08:06.291981,21.0,48.8,0,0,none,none
2026-02-04T10:08:08.546954,21.0,48.8,0,0,none,none
2026-02-04T10:08:10.801812,21.0,48.8,0,0,none,none
2026-02-04T10:08:13.056470,21.0,48.9,0,0,none,none
2026-02-04T10:08:15.311305,21.0,48.9,0,0,none,none
2026-02-04T10:08:17.566296,21.0,48.8,0,0,none,none
2026-02-04T10:08:19.820976,21.0,48.8,1,0,none,none
2026-02-04T10:08:22.075665,21.0,48.7,0,0,none,none
2026-02-04T10:08:24.330442,21.0,48.7,0,0,none,none
2026-02-04T10:08:26.585235,21.0,48.7,0,0,none,none
2026-02-04T10:08:28.840106,21.0,48.7,0,0,none,none
2026-02-04T10:08:31.097151,21.0,48.7,0,0,none,none
2026-02-04T10:08:33.351722,21.0,48.6,0,0,none,none
2026-02-04T10:08:35.606660,21.0,48.6,0,0,none,none
2026-02-04T10:08:37.861582,21.0,48.6,0,0,none,none
2026-02-04T10:08:40.116264,21.0,48.6,0,0,none,none
2026-02-04T10:08:42.371112,21.0,48.6,0,0,none,none
2026-02-04T10:08:44.626073,21.0,48.6,0,0,none,none
2026-02-04T10:08:46.880872,21.0,48.6,0,0,none,none
2026-02-04T10:08:49.135722,21.0,48.6,0,0,none,none
2026-02-04T10:08:51.390143,21.0,48.5,0,0,none,none
2026-02-04T10:08:53.644943,21.0,48.5,0,0,none,none
2026-02-04T10:08:55.899770,21.0,48.5,0,0,none,none
2026-02-04T10:08:58.154275,21.0,48.6,0,0,none,none
2026-02-04T10:09:00.408879,21.0,48.5,0,0,none,none
2026-02-04T10:09:02.663831,21.0,48.5,0,0,none,none
2026-02-04T10:09:04.918700,21.0,48.5,0,0,none,none
2026-02-04T10:09:07.173311,21.0,48.5,1,0,none,none
2026-02-04T10:09:09.428218,21.0,48.5,0,0,none,none
2026-02-04T10:09:11.764039,21.0,48.4,0,0,none,none
2026-02-04T10:09:14.036139,21.0,48.4,1,0,none,none
2026-02-04T10:09:16.290994,21.0,48.4,0,0,none,none
2026-02-04T10:09:18.545990,21.0,48.4,0,0,none,none
2026-02-04T10:09:20.800773,21.0,48.4,0,0,none,none
2026-02-04T10:09:23.055150,21.0,48.4,0,0,none,none
2026-02-04T10:09:25.309987,21.0,48.4,0,0,none,none
2026-02-04T10:09:27.564774,21.0,48.4,0,0,none,none
2026-02-04T10:09:29.819473,21.0,48.4,0,0,none,none
2026-02-04T10:09:32.074225,21.0,48.4,0,0,none,none
2026-02-04T10:09:34.328881,21.0,48.4,1,0,none,none
2026-02-04T10:09:36.583841,21.0,48.4,0,0,none,none
2026-02-04T10:09:38.838640,21.0,48.4,0,0,none,none
2026-02-04T10:09:41.093370,21.0,48.4,0,0,none,none
2026-02-04T10:09:43.348217,21.0,48.4,0,0,none,none
2026-02-04T10:09:45.603206,21.0,48.4,0,0,none,none
2026-02-04T10:09:47.857994,21.0,48.4,0,0,none,none
2026-02-04T10:09:50.112905,21.0,48.4,0,0,none,none
2026-02-04T10:09:52.367710,21.0,48.4,0,0,none,none
2026-02-04T10:09:54.622609,21.0,48.4,0,0,none,none
2026-02-04T10:09:56.877579,21.0,48.4,1,0,none,none
2026-02-04T10:09:59.132597,21.0,48.4,0,0,none,none
2026-02-04T10:10:01.387271,21.0,48.3,0,0,none,none
2026-02-04T10:10:03.642172,21.0,48.3,0,0,none,none
2026-02-04T10:10:05.897000,21.0,48.3,0,0,none,none
2026-02-04T10:10:08.151695,21.0,48.2,0,0,none,none
2026-02-04T10:10:10.406538,21.0,48.2,0,0,none,none
2026-02-04T10:10:12.661504,21.0,48.2,1,0,none,none
2026-02-04T10:10:14.916216,21.0,48.2,0,0,none,none
2026-02-04T10:10:17.171129,21.0,48.2,0,0,none,none
2026-02-04T10:10:19.427250,21.0,48.2,1,0,none,none
2026-02-04T10:10:21.681937,21.0,48.3,0,0,none,none
2026-02-04T10:10:23.936808,21.0,48.3,0,0,none,none
2026-02-04T10:10:26.193305,21.0,48.3,0,0,none,none
2026-02-04T10:10:28.448057,21.0,48.3,0,0,none,none
2026-02-04T10:10:30.702717,21.0,48.4,0,0,none,none
2026-02-04T10:10:32.957584,21.0,48.3,0,0,none,none
2026-02-04T10:10:35.212278,21.0,48.4,0,0,none,none
2026-02-04T10:10:37.467295,21.0,48.4,0,0,none,none
2026-02-04T10:10:39.722159,21.0,48.4,0,0,none,none
2026-02-04T10:10:41.976765,21.0,48.4,0,0,none,none
2026-02-04T10:10:44.231698,21.0,48.4,0,0,none,none
2026-02-04T10:10:46.486699,21.0,48.4,0,0,none,none
2026-02-04T10:10:48.741113,21.0,48.4,0,0,none,none
2026-02-04T10:10:50.996016,21.0,48.4,0,0,none,none
2026-02-04T10:10:53.250723,21.0,48.4,0,0,none,none
2026-02-04T10:10:55.505592,21.0,48.4,0,0,none,none
2026-02-04T10:10:57.760493,21.0,48.4,0,0,none,none
2026-02-04T10:11:00.015452,21.0,48.4,0,0,none,none
2026-02-04T10:11:02.269885,21.0,48.4,0,0,none,none
2026-02-04T10:11:04.524952,21.0,48.4,0,0,none,none
2026-02-04T10:11:06.779716,21.0,48.4,0,0,none,none
2026-02-04T10:11:09.034339,21.0,48.4,0,0,none,none
2026-02-04T10:11:11.289336,21.0,48.4,0,0,none,none
2026-02-04T10:11:13.544297,21.0,48.4,0,0,none,none
2026-02-04T10:11:15.798830,21.0,48.4,0,0,none,none
2026-02-04T10:11:18.053679,21.0,48.4,0,0,none,none
2026-02-04T10:11:20.308533,21.0,48.4,0,0,none,none
2026-02-04T10:11:22.563362,21.0,48.5,0,0,none,none
2026-02-04T10:11:24.818258,21.0,48.4,0,0,none,none
2026-02-04T10:11:27.072979,21.0,48.5,0,0,none,none
2026-02-04T10:11:29.327440,21.0,48.5,0,0,none,none
2026-02-04T10:11:31.582325,21.0,48.4,0,0,none,none
2026-02-04T10:11:33.837308,21.0,48.5,0,0,none,none
2026-02-04T10:11:36.092075,21.0,48.4,0,0,none,none
2026-02-04T10:11:38.346843,21.0,48.4,0,0,none,none
2026-02-04T10:11:40.601858,21.0,48.5,1,0,none,none
2026-02-04T10:11:42.856467,21.0,48.5,0,0,none,none
2026-02-04T10:11:45.111461,21.0,48.5,1,0,none,none
2026-02-04T10:11:47.366374,21.0,48.5,0,0,none,none
2026-02-04T10:11:49.621127,21.0,48.5,0,0,none,none
2026-02-04T10:11:51.875894,21.0,48.4,1,0,none,none
2026-02-04T10:11:54.130801,21.0,48.4,0,0,none,none
2026-02-04T10:11:56.385494,21.0,48.4,0,0,none,none
2026-02-04T10:11:58.640533,21.0,48.4,1,0,none,none
2026-02-04T10:12:00.894938,21.0,48.4,0,0,none,none
2026-02-04T10:12:03.149711,21.0,48.3,0,0,none,none
2026-02-04T10:12:05.404531,21.0,48.3,0,0,none,none
2026-02-04T10:12:07.659556,21.0,48.3,0,0,none,none
2026-02-04T10:12:09.914243,21.0,48.3,0,0,none,none
2026-02-04T10:12:12.169006,21.0,48.3,0,0,none,none
2026-02-04T10:12:14.427211,21.0,48.3,0,0,none,none
2026-02-04T10:12:16.681884,21.0,48.3,0,0,none,none
2026-02-04T10:12:18.936760,21.0,48.3,0,0,none,none
2026-02-04T10:12:21.191608,21.0,48.4,0,0,none,none
2026-02-04T10:12:23.446376,21.0,48.4,0,0,none,none
2026-02-04T10:12:25.701383,21.0,48.4,0,0,none,none
2026-02-04T10:12:27.956207,21.0,48.4,0,0,none,none
2026-02-04T10:12:30.210977,21.0,48.4,0,0,none,none
2026-02-04T10:12:32.465932,21.0,48.5,0,0,none,none
2026-02-04T10:12:34.720675,21.0,48.4,0,0,none,none
2026-02-04T10:12:36.975213,21.0,48.5,0,0,none,none
2026-02-04T10:12:39.229568,21.0,48.5,0,0,none,none
2026-02-04T10:12:41.484622,21.0,48.5,0,0,none,none
2026-02-04T10:12:43.739304,21.0,48.5,0,0,none,none
2026-02-04T10:12:45.994205,21.0,48.5,0,0,none,none
2026-02-04T10:12:48.249065,21.0,48.5,0,0,none,none
2026-02-04T10:12:50.503368,21.0,48.5,0,0,none,none
2026-02-04T10:12:52.758327,21.0,48.5,0,0,none,none
2026-02-04T10:12:55.013167,21.0,48.5,0,0,none,none
2026-02-04T10:12:57.267898,20.9,48.4,0,0,none,none
2026-02-04T10:12:59.522617,21.0,48.4,0,0,none,none
2026-02-04T10:13:01.777476,21.0,48.5,0,0,none,none
2026-02-04T10:13:04.032141,20.9,48.4,0,0,none,none
2026-02-04T10:13:06.287017,21.0,48.4,0,0,none,none
2026-02-04T10:13:08.542075,21.0,48.4,0,0,none,none
2026-02-04T10:13:10.796640,21.0,48.4,0,0,none,none
2026-02-04T10:13:13.051339,21.0,48.4,0,0,none,none
2026-02-04T10:13:15.306148,21.0,48.4,0,0,none,none
2026-02-04T10:13:17.561021,21.0,48.4,0,0,none,none
2026-02-04T10:13:19.815927,21.0,48.4,0,0,none,none
2026-02-04T10:13:22.070521,21.0,48.4,0,0,none,none
2026-02-04T10:13:24.325326,21.0,48.4,0,0,none,none
2026-02-04T10:13:26.580242,21.0,48.4,0,0,none,none
2026-02-04T10:13:28.835000,21.0,48.4,0,0,none,none
2026-02-04T10:13:31.089687,21.0,48.4,0,0,none,none
2026-02-04T10:13:33.344562,21.0,48.4,0,0,none,none
2026-02-04T10:13:35.599369,21.0,48.4,0,0,none,none
2026-02-04T10:13:37.854095,21.0,48.4,0,0,none,none
2026-02-04T10:13:40.108814,21.0,48.4,0,0,none,none
2026-02-04T10:13:42.363623,20.9,48.3,0,0,none,none
2026-02-04T10:13:44.618285,21.0,48.4,0,0,none,none
2026-02-04T10:13:46.873087,21.0,48.4,0,0,none,none
2026-02-04T10:13:49.127791,21.0,48.4,0,0,none,none
2026-02-04T10:13:51.382337,21.0,48.4,0,0,none,none
2026-02-04T10:13:53.637336,21.0,48.4,0,0,none,none
2026-02-04T10:13:55.892127,21.0,48.4,1,0,none,none
2026-02-04T10:13:58.146710,20.9,48.3,0,0,none,none
2026-02-04T10:14:00.401638,21.0,48.4,1,0,none,none
2026-02-04T10:14:02.656516,21.0,48.4,0,0,none,none
2026-02-04T10:14:04.911036,21.0,48.4,0,0,none,none
2026-02-04T10:14:07.165897,21.0,48.4,0,0,none,none
2026-02-04T10:14:09.420712,21.0,48.4,0,0,none,none
2026-02-04T10:14:11.675409,21.0,48.4,1,0,none,none
2026-02-04T10:14:13.930308,21.0,48.4,0,0,none,none
2026-02-04T10:14:16.185280,21.0,48.3,1,0,none,none
2026-02-04T10:14:18.440049,21.0,48.3,0,0,none,none
2026-02-04T10:14:20.694867,21.0,48.3,0,0,none,none
2026-02-04T10:14:22.949717,21.0,48.3,0,0,none,none
2026-02-04T10:14:25.204407,21.0,48.3,0,0,none,none
2026-02-04T10:14:27.459505,21.0,48.3,0,0,none,none
2026-02-04T10:14:29.714508,21.0,48.3,0,0,none,none
2026-02-04T10:14:31.969060,21.0,48.3,0,0,none,none
2026-02-04T10:14:34.223969,21.0,48.4,0,0,none,none
2026-02-04T10:14:36.478884,21.0,48.3,0,0,none,none
2026-02-04T10:14:38.733676,21.0,48.4,0,0,none,none
2026-02-04T10:14:40.988527,21.0,48.4,0,0,none,none
2026-02-04T10:14:43.243029,21.0,48.4,1,0,none,none
2026-02-04T10:14:45.497264,20.9,48.3,0,0,none,none
2026-02-04T10:14:47.751926,21.0,48.4,0,0,none,none
2026-02-04T10:14:50.006439,20.9,48.3,0,0,none,none
2026-02-04T10:14:52.261148,21.0,48.4,0,0,none,none
2026-02-04T10:14:54.516104,21.0,48.4,0,0,none,none
2026-02-04T10:14:56.770891,21.0,48.4,0,0,none,none
2026-02-04T10:14:59.025613,21.0,48.4,0,0,none,none
2026-02-04T10:15:01.280579,21.0,48.4,0,0,none,none
2026-02-04T10:15:03.535525,21.0,48.4,0,0,none,none
2026-02-04T10:15:05.790208,21.0,48.4,1,0,none,none
2026-02-04T10:15:08.045096,21.0,48.4,0,0,none,none
2026-02-04T10:15:10.299978,21.0,48.4,0,0,none,none
2026-02-04T10:15:12.554736,20.9,48.3,0,0,none,none
2026-02-04T10:15:14.809600,21.0,48.4,0,0,none,none
2026-02-04T10:15:17.064463,21.0,48.4,0,0,none,none
2026-02-04T10:15:19.318942,21.0,48.4,0,0,none,none
2026-02-04T10:15:21.573968,21.0,48.4,0,0,none,none
2026-02-04T10:15:23.828685,21.0,48.4,0,0,none,none
2026-02-04T10:15:26.083324,21.0,48.4,0,0,none,none
2026-02-04T10:15:28.338195,21.0,48.4,0,0,none,none
2026-02-04T10:15:30.593046,20.9,48.4,0,0,none,none
2026-02-04T10:15:32.847610,21.0,48.4,0,0,none,none
2026-02-04T10:15:35.102274,21.0,48.4,0,0,none,none
2026-02-04T10:15:37.357177,21.0,48.4,0,0,none,none
2026-02-04T10:15:39.611886,21.0,48.5,0,0,none,none
2026-02-04T10:15:41.866308,21.0,48.5,0,0,none,none
2026-02-04T10:15:44.121129,20.9,48.4,0,0,none,none
2026-02-04T10:15:46.375685,21.0,48.5,0,0,none,none
2026-02-04T10:15:48.630587,21.0,48.5,0,0,none,none
2026-02-04T10:15:50.885510,21.0,48.5,1,0,none,none
2026-02-04T10:15:53.140223,20.9,48.4,0,0,none,none
2026-02-04T10:15:55.394873,21.0,48.5,0,0,none,none
2026-02-04T10:15:57.649966,21.0,48.5,0,0,none,none
2026-02-04T10:15:59.904667,21.0,48.5,1,0,none,none
2026-02-04T10:16:02.159481,21.0,48.5,0,0,none,none
2026-02-04T10:16:04.414313,21.0,48.5,1,0,none,none
2026-02-04T10:16:06.669126,21.0,48.4,0,0,none,none
2026-02-04T10:16:08.923980,20.9,48.4,0,0,none,none
2026-02-04T10:16:11.178720,21.0,48.5,0,0,none,none
2026-02-04T10:16:13.433507,21.0,48.5,0,0,none,none
2026-02-04T10:16:15.688348,21.0,48.5,1,0,none,none
2026-02-04T10:16:17.942985,21.0,48.5,0,0,none,none
2026-02-04T10:16:20.197669,20.9,48.4,0,0,none,none
2026-02-04T10:16:22.452417,21.0,48.5,0,0,none,none
2026-02-04T10:16:24.707404,21.0,48.6,0,0,none,none
2026-02-04T10:16:26.961594,21.0,48.6,0,0,none,none
2026-02-04T10:16:29.216508,21.0,48.6,0,0,none,none
2026-02-04T10:16:31.471432,21.0,48.6,1,0,none,none
2026-02-04T10:16:33.725814,21.0,48.6,0,0,none,none
2026-02-04T10:16:35.980663,21.0,48.6,0,0,none,none
2026-02-04T10:16:38.235657,21.0,48.6,0,0,none,none
2026-02-04T10:16:40.489893,21.0,48.5,0,0,none,none
2026-02-04T10:16:42.744734,21.0,48.6,1,0,none,none
2026-02-04T10:16:44.999424,21.0,48.6,0,0,none,none
2026-02-04T10:16:47.253770,20.9,48.5,0,0,none,none
2026-02-04T10:16:49.508223,21.0,48.6,0,0,none,none
2026-02-04T10:16:51.764463,21.0,48.6,0,0,none,none
2026-02-04T10:16:54.019095,20.9,48.5,0,0,none,none
2026-02-04T10:16:56.273999,21.0,48.6,0,0,none,none
2026-02-04T10:16:58.528940,21.0,48.6,0,0,none,none
2026-02-04T10:17:00.783617,21.0,48.5,1,0,none,none
2026-02-04T10:17:03.037983,21.0,48.5,0,0,none,none
2026-02-04T10:17:05.293009,21.0,48.5,1,0,none,none
2026-02-04T10:17:07.547846,21.0,48.6,0,0,none,none
2026-02-04T10:17:09.802807,21.0,48.5,1,0,none,none
2026-02-04T10:17:12.057704,21.0,48.5,0,0,none,none
2026-02-04T10:17:14.312452,20.9,48.5,0,0,none,none
2026-02-04T10:17:16.567408,21.0,48.6,0,0,none,none
2026-02-04T10:17:18.822268,21.0,48.6,0,0,none,none
2026-02-04T10:17:21.076910,20.9,48.5,0,0,none,none
2026-02-04T10:17:23.331739,21.0,48.5,0,0,none,none
2026-02-04T10:17:25.586698,21.0,48.6,0,0,none,none
2026-02-04T10:17:27.841411,21.0,48.6,0,0,none,none
2026-02-04T10:17:30.096087,21.0,48.5,0,0,none,none
2026-02-04T10:17:32.350864,21.0,48.6,0,0,none,none
2026-02-04T10:17:34.605637,21.0,48.5,0,0,none,none
2026-02-04T10:17:36.860274,21.0,48.5,0,0,none,none
2026-02-04T10:17:39.115131,21.0,48.5,0,0,none,none
2026-02-04T10:17:41.369829,21.0,48.5,0,0,none,none
2026-02-04T10:17:43.624895,20.9,48.4,0,0,none,none
2026-02-04T10:17:45.879602,21.0,48.4,0,0,none,none
2026-02-04T10:17:48.133910,21.0,48.4,0,0,none,none
2026-02-04T10:17:50.388619,21.0,48.4,0,0,none,none
2026-02-04T10:17:52.643554,21.0,48.4,0,0,none,none
2026-02-04T10:17:54.897668,21.0,48.4,0,0,none,none
2026-02-04T10:17:57.152582,20.9,48.4,0,0,none,none
2026-02-04T10:17:59.407388,21.0,48.5,0,0,none,none
2026-02-04T10:18:01.661992,21.0,48.4,0,0,none,none
2026-02-04T10:18:03.916878,21.0,48.5,0,0,none,none
2026-02-04T10:18:06.171347,21.0,48.5,0,0,none,none
2026-02-04T10:18:08.426126,20.9,48.5,0,0,none,none
2026-02-04T10:18:10.680936,21.0,48.5,0,0,none,none
2026-02-04T10:18:12.935807,21.0,48.5,0,0,none,none
2026-02-04T10:18:15.190046,21.0,48.5,0,0,none,none
2026-02-04T10:18:17.445058,20.9,48.5,0,0,none,none
2026-02-04T10:18:19.700036,21.0,48.6,0,0,none,none
2026-02-04T10:18:21.954201,21.0,48.6,0,0,none,none
2026-02-04T10:18:24.208845,21.0,48.5,0,0,none,none
2026-02-04T10:18:26.463775,21.0,48.6,0,0,none,none
2026-02-04T10:18:28.718475,21.0,48.6,1,0,none,none
2026-02-04T10:18:30.973300,21.0,48.6,0,0,none,none
2026-02-04T10:18:33.228120,21.0,48.6,0,0,none,none
2026-02-04T10:18:35.482982,21.0,48.6,0,0,none,none
2026-02-04T10:18:37.738103,21.0,48.6,0,0,none,none
2026-02-04T10:18:39.992756,21.0,48.6,1,0,none,none
2026-02-04T10:18:42.247242,21.0,48.6,0,0,none,none
2026-02-04T10:18:44.501717,20.9,48.5,1,0,none,none
2026-02-04T10:18:46.758582,21.0,48.6,0,0,none,none
2026-02-04T10:18:49.013416,21.0,48.6,0,0,none,none
2026-02-04T10:18:51.268181,20.9,48.6,0,0,none,none
2026-02-04T10:18:53.523116,21.0,48.6,0,0,none,none
2026-02-04T10:18:55.777763,21.0,48.6,0,0,none,none
2026-02-04T10:18:58.032566,21.0,48.6,0,0,none,none
2026-02-04T10:19:00.286994,21.0,48.6,0,0,none,none
2026-02-04T10:19:02.541874,21.0,48.7,0,0,none,none
2026-02-04T10:19:04.796669,21.0,48.7,1,0,none,none
2026-02-04T10:19:07.051508,21.0,48.7,0,0,none,none
2026-02-04T10:19:09.306246,21.0,48.7,0,0,none,none
2026-02-04T10:19:11.561201,21.0,48.7,0,0,none,none
2026-02-04T10:19:13.815757,21.0,48.7,0,0,none,none
2026-02-04T10:19:16.070321,21.0,48.7,0,0,none,none
2026-02-04T10:19:18.325190,21.0,48.7,0,0,none,none
2026-02-04T10:19:20.582427,20.9,48.6,0,0,none,none
2026-02-04T10:19:22.837059,21.0,48.7,0,0,none,none
2026-02-04T10:19:25.091845,21.0,48.7,0,0,none,none
2026-02-04T10:19:27.346665,21.0,48.7,0,0,none,none
2026-02-04T10:19:29.601498,21.0,48.7,0,0,none,none
2026-02-04T10:19:31.856340,21.0,48.7,0,0,none,none
2026-02-04T10:19:34.110684,21.0,48.8,0,0,none,none
2026-02-04T10:19:36.365305,21.0,48.8,0,0,none,none
2026-02-04T10:19:38.620262,20.9,48.7,0,0,none,none
2026-02-04T10:19:40.875106,21.0,48.7,0,0,none,none
2026-02-04T10:19:43.129814,21.0,48.8,0,0,none,none
2026-02-04T10:19:45.384646,21.0,48.7,0,0,none,none
2026-02-04T10:19:47.639596,21.0,48.8,0,0,none,none
2026-02-04T10:19:49.893902,20.9,48.7,0,0,none,none
2026-02-04T10:19:52.148740,20.9,48.7,0,0,none,none
2026-02-04T10:19:54.403549,21.0,48.8,0,0,none,none
2026-02-04T10:19:56.658272,21.0,48.8,0,0,none,none
2026-02-04T10:19:58.913116,21.0,48.8,0,0,none,none
2026-02-04T10:20:01.167802,21.0,48.8,1,0,none,none
2026-02-04T10:20:03.422346,21.0,48.8,0,0,none,none
2026-02-04T10:20:05.677356,20.9,48.8,0,0,none,none
2026-02-04T10:20:07.932264,21.0,48.8,1,0,none,none
2026-02-04T10:20:10.186864,21.0,48.9,0,0,none,none
2026-02-04T10:20:12.441923,21.0,48.8,0,0,none,none
2026-02-04T10:20:14.696746,21.0,48.8,0,0,none,none
2026-02-04T10:20:16.951455,21.0,48.8,0,0,none,none
2026-02-04T10:20:19.206276,21.0,48.9,1,0,none,none
2026-02-04T10:20:21.461262,21.0,48.9,0,0,none,none
2026-02-04T10:20:23.715818,20.9,48.8,0,0,none,none
2026-02-04T10:20:25.970637,21.0,48.8,0,0,none,none
2026-02-04T10:20:28.225131,21.0,48.8,0,0,none,none
2026-02-04T10:20:30.479910,21.0,48.8,0,0,none,none
2026-02-04T10:20:32.734737,21.0,48.8,0,0,none,none
2026-02-04T10:20:34.989611,21.0,48.8,0,0,none,none
2026-02-04T10:20:37.244200,20.9,48.7,0,0,none,none
2026-02-04T10:20:39.499061,21.0,48.8,0,0,none,none
2026-02-04T10:20:41.754012,21.0,48.8,0,0,none,none
2026-02-04T10:20:44.008637,20.9,48.7,0,0,none,none
2026-02-04T10:20:46.263357,21.0,48.7,0,0,none,none
2026-02-04T10:20:48.518359,21.0,48.7,0,0,none,none
2026-02-04T10:20:50.773119,21.0,48.7,0,0,none,none
2026-02-04T10:20:53.027885,21.0,48.7,0,0,none,none
2026-02-04T10:20:55.282592,21.0,48.7,0,0,none,none
2026-02-04T10:20:57.537298,21.0,48.8,0,0,none,none
2026-02-04T10:20:59.792206,21.0,48.7,0,0,none,none
2026-02-04T10:21:02.046600,21.0,48.8,0,0,none,none
2026-02-04T10:21:04.301319,21.0,48.7,0,0,none,none
2026-02-04T10:21:06.556416,21.0,48.7,0,0,none,none
2026-02-04T10:21:08.811341,21.0,48.7,0,0,none,none
2026-02-04T10:21:11.066082,21.0,48.7,0,0,none,none
2026-02-04T10:21:13.320952,21.0,48.7,0,0,none,none
2026-02-04T10:21:15.575977,20.9,48.7,0,0,none,none
2026-02-04T10:21:17.830666,21.0,48.7,0,0,none,none
2026-02-04T10:21:20.085583,21.0,48.7,0,0,none,none
2026-02-04T10:21:22.340195,21.0,48.7,0,0,none,none
2026-02-04T10:21:24.594926,21.0,48.7,0,0,none,none
2026-02-04T10:21:26.849892,21.0,48.8,0,0,none,none
2026-02-04T10:21:29.104738,21.0,48.7,0,0,none,none
2026-02-04T10:21:31.359370,21.0,48.7,0,0,none,none
2026-02-04T10:21:33.614377,21.0,48.8,1,0,none,none
2026-02-04T10:21:35.869269,21.0,48.7,0,0,none,none
2026-02-04T10:21:38.123548,21.0,48.8,0,0,none,none
2026-02-04T10:21:40.378293,21.0,48.7,0,0,none,none
2026-02-04T10:21:42.633186,21.0,48.7,0,0,none,none
2026-02-04T10:21:44.887914,21.0,48.7,0,0,none,none
2026-02-04T10:21:47.142613,21.0,48.8,0,0,none,none
2026-02-04T10:21:49.397364,21.0,48.8,0,0,none,none
2026-02-04T10:21:51.733051,21.0,48.8,0,0,none,none
2026-02-04T10:21:54.068905,21.0,48.7,0,0,none,none
2026-02-04T10:21:56.404865,21.0,48.8,0,0,none,none
2026-02-04T10:21:58.684360,21.0,48.8,0,0,none,none
2026-02-04T10:22:00.939050,20.9,48.7,0,0,none,none
2026-02-04T10:22:03.194007,20.9,48.7,1,0,none,none
2026-02-04T10:22:05.448803,21.0,48.8,0,0,none,none
2026-02-04T10:22:07.703805,21.0,48.8,1,0,none,none
2026-02-04T10:22:09.958493,21.0,48.8,0,0,none,none
2026-02-04T10:22:12.213145,21.0,48.8,0,0,none,none
2026-02-04T10:22:14.467851,21.0,48.8,0,0,none,none
2026-02-04T10:22:16.722799,21.0,48.8,1,0,none,none
2026-02-04T10:22:18.977490,21.0,48.8,0,0,none,none
2026-02-04T10:22:21.232427,21.0,48.8,0,0,none,none
2026-02-04T10:22:23.487166,21.0,48.8,0,0,none,none
2026-02-04T10:22:25.742127,21.0,48.8,0,0,none,none
2026-02-04T10:22:27.997013,21.0,48.8,0,0,none,none
2026-02-04T10:22:30.251899,20.9,48.7,0,0,none,none
2026-02-04T10:22:32.506729,21.0,48.8,0,0,none,none
2026-02-04T10:22:34.761588,21.0,48.7,0,0,none,none
2026-02-04T10:22:37.016497,21.0,48.7,0,0,none,none
2026-02-04T10:22:39.271104,21.0,48.7,1,0,none,none
2026-02-04T10:22:41.526132,21.0,48.7,0,0,none,none
2026-02-04T10:22:43.783008,21.0,48.7,0,0,none,none
2026-02-04T10:22:46.037768,21.0,48.8,0,0,none,none
2026-02-04T10:22:48.292733,21.0,48.8,0,0,none,none
2026-02-04T10:22:50.547652,21.0,48.7,1,0,none,none
2026-02-04T10:22:52.802373,21.0,48.7,0,0,none,none
2026-02-04T10:22:55.057242,21.0,48.7,0,0,none,none
2026-02-04T10:22:57.312088,21.0,48.7,0,0,none,none
2026-02-04T10:22:59.566924,21.0,48.7,0,0,none,none
2026-02-04T10:23:01.821820,21.0,48.7,0,0,none,none
2026-02-04T10:23:04.076637,21.0,48.7,0,0,none,none
2026-02-04T10:23:06.331279,21.0,48.7,0,0,none,none
2026-02-04T10:23:08.586240,21.0,48.7,0,0,none,none
2026-02-04T10:23:10.841175,21.0,48.7,0,0,none,none
2026-02-04T10:23:13.095761,21.0,48.7,0,0,none,none
2026-02-04T10:23:15.350378,21.0,48.7,0,0,none,none
2026-02-04T10:23:17.605313,21.0,48.7,0,0,none,none
2026-02-04T10:23:19.860017,21.0,48.7,0,0,none,none
2026-02-04T10:23:22.114576,21.0,48.6,0,0,none,none
2026-02-04T10:23:24.369430,21.0,48.6,0,0,none,none
2026-02-04T10:23:26.624130,21.0,48.6,0,0,none,none
2026-02-04T10:23:28.879023,21.0,48.6,0,0,none,none
2026-02-04T10:23:31.133309,21.0,48.6,0,0,none,none
2026-02-04T10:23:33.387720,21.0,48.6,0,0,none,none
2026-02-04T10:23:35.642476,20.9,48.6,1,0,none,none
2026-02-04T10:23:37.897446,21.0,48.7,0,0,none,none
2026-02-04T10:23:40.152017,21.0,48.7,0,0,none,none
2026-02-04T10:23:42.406756,21.0,48.7,0,0,none,none
2026-02-04T10:23:44.661630,21.0,48.7,0,0,none,none
2026-02-04T10:23:46.916547,21.0,48.7,1,0,none,none
2026-02-04T10:23:49.171364,21.0,48.7,0,0,none,none
2026-02-04T10:23:51.426326,21.0,48.7,0,0,none,none
2026-02-04T10:23:53.681113,21.0,48.7,0,0,none,none
2026-02-04T10:23:55.936107,21.0,48.7,0,0,none,none
2026-02-04T10:23:58.190585,20.9,48.7,0,0,none,none
2026-02-04T10:24:00.445528,21.0,48.8,1,0,none,none
2026-02-04T10:24:02.700535,21.0,48.8,0,0,none,none
2026-02-04T10:24:04.955330,21.0,48.8,0,0,none,none
2026-02-04T10:24:07.210125,21.0,48.8,0,0,none,none
2026-02-04T10:24:09.465157,21.0,48.8,0,0,none,none
2026-02-04T10:24:11.719890,21.0,48.7,0,0,none,none
2026-02-04T10:24:13.974633,21.0,48.8,0,0,none,none
2026-02-04T10:24:16.229566,20.9,48.7,0,0,none,none
2026-02-04T10:24:18.484616,21.0,48.8,0,0,none,none
2026-02-04T10:24:20.739385,21.0,48.8,0,0,none,none
2026-02-04T10:24:22.994351,21.0,48.8,1,0,none,none
2026-02-04T10:24:25.249334,21.0,48.8,0,0,none,none
2026-02-04T10:24:27.504014,21.0,48.7,0,0,none,none
2026-02-04T10:24:29.758558,21.0,48.7,1,0,none,none
2026-02-04T10:24:32.013486,20.9,48.8,0,0,none,none
2026-02-04T10:24:34.268212,21.0,48.8,0,0,none,none
2026-02-04T10:24:36.523187,21.0,48.8,0,0,none,none
2026-02-04T10:24:38.778138,21.0,48.8,0,0,none,none
2026-02-04T10:24:41.032878,21.0,48.8,0,0,none,none
2026-02-04T10:24:43.287746,21.0,48.8,0,0,none,none
2026-02-04T10:24:45.542749,21.0,48.8,0,0,none,none
2026-02-04T10:24:47.797537,21.0,48.8,0,0,none,none
2026-02-04T10:24:50.052468,21.0,48.9,0,0,none,none
2026-02-04T10:24:52.307318,21.0,48.9,1,0,none,none
2026-02-04T10:24:54.562202,21.0,48.8,0,0,none,none
2026-02-04T10:24:56.817009,21.0,48.9,0,0,none,none
2026-02-04T10:24:59.071934,21.0,48.9,1,0,none,none
2026-02-04T10:25:01.326562,21.0,48.9,0,0,none,none
2026-02-04T10:25:03.581554,21.0,48.8,0,0,none,none
2026-02-04T10:25:05.838509,21.0,48.9,0,0,none,none
2026-02-04T10:25:08.092665,21.0,48.8,0,0,none,none
2026-02-04T10:25:10.347477,21.0,48.9,1,0,none,none
2026-02-04T10:25:12.602386,21.0,48.9,0,0,none,none
2026-02-04T10:25:14.857069,21.0,48.9,0,0,none,none
2026-02-04T10:25:17.111910,21.0,48.9,0,0,none,none
2026-02-04T10:25:19.366731,21.0,48.9,0,0,none,none
2026-02-04T10:25:21.621563,21.0,48.9,0,0,none,none
2026-02-04T10:25:23.876388,21.0,48.9,0,0,none,none
2026-02-04T10:25:26.131220,21.0,48.9,1,0,none,none
2026-02-04T10:25:28.385924,21.0,48.9,0,0,none,none
2026-02-04T10:25:30.640867,21.0,48.9,0,0,none,none
2026-02-04T10:25:32.895443,21.0,48.9,0,0,none,none
2026-02-04T10:25:35.149975,21.0,48.9,0,0,none,none
2026-02-04T10:25:37.404920,21.0,48.9,0,0,none,none
2026-02-04T10:25:39.659834,21.0,48.9,1,0,none,none
2026-02-04T10:25:41.914576,21.0,48.9,0,0,none,none
2026-02-04T10:25:44.169482,21.0,48.9,1,0,none,none
2026-02-04T10:25:46.424343,21.0,48.9,0,0,none,none
2026-02-04T10:25:48.678964,21.0,48.9,0,0,none,none
2026-02-04T10:25:50.933927,21.0,48.9,0,0,none,none
2026-02-04T10:25:53.188798,21.0,48.9,0,0,none,none
2026-02-04T10:25:55.443276,21.0,48.9,0,0,none,none
2026-02-04T10:25:57.698197,21.0,48.9,0,0,none,none
2026-02-04T10:25:59.953017,21.0,48.9,0,0,none,none
2026-02-04T10:26:02.207296,21.0,48.9,0,0,none,none
2026-02-04T10:26:04.462246,21.0,48.9,1,0,none,none
2026-02-04T10:26:06.717086,21.0,48.9,0,0,none,none
2026-02-04T10:26:08.971737,21.0,48.9,0,0,none,none
2026-02-04T10:26:11.226600,21.0,48.9,0,0,none,none
2026-02-04T10:26:13.481498,21.0,49.0,0,0,none,none
2026-02-04T10:26:15.736240,21.0,49.0,0,0,none,none
2026-02-04T10:26:17.991206,21.0,49.0,0,0,none,none
2026-02-04T10:26:20.246088,21.0,49.0,0,0,none,none
2026-02-04T10:26:22.500837,21.0,49.0,0,0,none,none
2026-02-04T10:26:24.755719,21.0,49.0,0,0,none,none
2026-02-04T10:26:27.010587,21.0,49.0,0,0,none,none
2026-02-04T10:26:29.265305,21.0,49.0,0,0,none,none
2026-02-04T10:26:31.520604,21.0,49.0,1,0,none,none
2026-02-04T10:26:33.775410,21.0,49.1,0,0,none,none
2026-02-04T10:26:36.030099,21.0,49.1,0,0,none,none
2026-02-04T10:26:38.284948,21.0,49.2,0,0,none,none
2026-02-04T10:26:40.539852,21.0,49.3,0,0,none,none
2026-02-04T10:26:42.794393,21.0,49.3,0,0,none,none
2026-02-04T10:26:45.049233,21.0,49.3,0,0,none,none
2026-02-04T10:26:47.304076,21.0,49.3,0,0,none,none
2026-02-04T10:26:49.558850,21.0,49.3,0,0,none,none
2026-02-04T10:26:51.813852,21.0,49.4,0,0,none,none
2026-02-04T10:26:54.068656,21.0,49.4,0,0,none,none
2026-02-04T10:26:56.323343,21.0,49.4,0,0,none,none
2026-02-04T10:26:58.578284,21.0,49.4,0,0,none,none
2026-02-04T10:27:00.833239,21.0,49.4,0,0,none,none
2026-02-04T10:27:03.088042,21.0,49.4,0,0,none,none
2026-02-04T10:27:05.342961,21.0,49.4,0,0,none,none
2026-02-04T10:27:07.597942,21.0,49.4,0,0,none,none
2026-02-04T10:27:09.852631,21.0,49.4,0,0,none,none
2026-02-04T10:27:12.107422,21.0,49.4,0,0,none,none
2026-02-04T10:27:14.362377,21.0,49.4,0,0,none,none
2026-02-04T10:27:16.617267,21.0,49.4,0,0,none,none
2026-02-04T10:27:18.872161,21.0,49.4,0,0,none,none
2026-02-04T10:27:21.126969,21.0,49.4,0,0,none,none
2026-02-04T10:27:23.381671,21.0,49.4,0,0,none,none
2026-02-04T10:27:25.636554,21.0,49.3,0,0,none,none
2026-02-04T10:27:27.891408,21.0,49.4,0,0,none,none
2026-02-04T10:27:30.145537,21.0,49.3,1,0,none,none
2026-02-04T10:27:32.400529,21.0,49.3,0,0,none,none
2026-02-04T10:27:34.655445,21.0,49.3,0,0,none,none
2026-02-04T10:27:36.910089,21.0,49.3,0,0,none,none
2026-02-04T10:27:39.165016,21.0,49.3,0,0,none,none
2026-02-04T10:27:41.419919,21.0,49.3,0,0,none,none
2026-02-04T10:27:43.674574,21.0,49.2,0,0,none,none
2026-02-04T10:27:45.929457,21.0,49.2,0,0,none,none
2026-02-04T10:27:48.184362,21.0,49.2,0,0,none,none
2026-02-04T10:27:50.439190,21.0,49.2,0,0,none,none
2026-02-04T10:27:52.694173,21.0,49.2,0,0,none,none
2026-02-04T10:27:54.949060,21.0,49.2,0,0,none,none
2026-02-04T10:27:57.203741,21.0,49.2,0,0,none,none
2026-02-04T10:27:59.458759,21.0,49.1,0,0,none,none
2026-02-04T10:28:01.713651,21.0,49.1,0,0,none,none
2026-02-04T10:28:03.968318,21.0,49.1,0,0,none,none
2026-02-04T10:28:06.223178,21.0,49.1,0,0,none,none
2026-02-04T10:28:08.477657,21.0,49.1,1,0,none,none
2026-02-04T10:28:10.732406,21.0,49.2,0,0,none,none
2026-02-04T10:28:12.987352,21.0,49.1,0,0,none,none
2026-02-04T10:28:15.242171,21.0,49.2,0,0,none,none
2026-02-04T10:28:17.496443,21.0,49.2,0,0,none,none
2026-02-04T10:28:19.751365,21.0,49.2,0,0,none,none
2026-02-04T10:28:22.006246,21.0,49.2,0,0,none,none
2026-02-04T10:28:24.261054,21.0,49.2,1,0,none,none
2026-02-04T10:28:26.516117,21.0,49.2,0,0,none,none
2026-02-04T10:28:28.773042,21.0,49.2,1,0,none,none
2026-02-04T10:28:31.027792,21.0,49.3,0,0,none,none
2026-02-04T10:28:33.282782,21.0,49.3,0,0,none,none
2026-02-04T10:28:35.537867,21.0,49.3,0,0,none,none
2026-02-04T10:28:37.792573,21.0,49.3,0,0,none,none
2026-02-04T10:28:40.047533,21.0,49.2,0,0,none,none
2026-02-04T10:28:42.302540,21.0,49.2,1,0,none,none
2026-02-04T10:28:44.557402,21.0,49.2,0,0,none,none
2026-02-04T10:28:46.812321,21.0,49.2,1,0,none,none
2026-02-04T10:28:49.067163,21.0,49.2,0,0,none,none
2026-02-04T10:28:51.321888,21.0,49.2,0,0,none,none
2026-02-04T10:28:53.576999,21.0,49.1,0,0,none,none
2026-02-04T10:28:55.831849,21.0,49.1,0,0,none,none
2026-02-04T10:28:58.086632,21.0,49.1,0,0,none,none
2026-02-04T10:29:00.341672,21.0,49.1,0,0,none,none
2026-02-04T10:29:02.596698,21.0,49.1,0,0,none,none
2026-02-04T10:29:04.851366,21.0,49.1,0,0,none,none
2026-02-04T10:29:07.106306,21.0,49.2,0,0,none,none
2026-02-04T10:29:09.361165,21.0,49.2,1,0,none,none
2026-02-04T10:29:11.616020,21.0,49.2,0,0,none,none
2026-02-04T10:29:13.870903,21.0,49.2,1,0,none,none
2026-02-04T10:29:16.125775,21.0,49.3,0,0,none,none
2026-02-04T10:29:18.380437,21.0,49.3,0,0,none,none
2026-02-04T10:29:20.635373,21.0,49.3,1,0,none,none
2026-02-04T10:29:22.890233,21.0,49.3,0,0,none,none
2026-02-04T10:29:25.144949,21.0,49.3,0,0,none,none
2026-02-04T10:29:27.399789,21.0,49.3,0,0,none,none
2026-02-04T10:29:29.654662,21.0,49.3,0,0,none,none
2026-02-04T10:29:31.909461,21.0,49.3,1,0,none,none
2026-02-04T10:29:34.164371,21.0,49.3,0,0,none,none
2026-02-04T10:29:36.419209,21.0,49.3,1,0,none,none
2026-02-04T10:29:38.674028,21.0,49.3,0,0,none,none
2026-02-04T10:29:40.928995,21.0,49.3,0,0,none,none
2026-02-04T10:29:43.183855,21.0,49.3,0,0,none,none
2026-02-04T10:29:45.439286,21.0,49.3,0,0,none,none
2026-02-04T10:29:47.694233,21.0,49.3,1,0,none,none
2026-02-04T10:29:49.948717,21.0,49.3,0,0,none,none
2026-02-04T10:29:52.203362,21.0,49.4,0,0,none,none
2026-02-04T10:29:54.458551,21.0,49.4,0,0,none,none
2026-02-04T10:29:56.713576,21.0,49.4,0,0,none,none
2026-02-04T10:29:58.968366,21.0,49.4,1,0,none,none
2026-02-04T10:30:01.223121,21.0,49.4,0,0,none,none
2026-02-04T10:30:03.478052,21.0,49.4,0,0,none,none
2026-02-04T10:30:05.732904,21.0,49.4,1,0,none,none
2026-02-04T10:30:07.987930,21.0,49.4,0,0,none,none
2026-02-04T10:30:10.242879,21.0,49.5,0,0,none,none
2026-02-04T10:30:12.497445,21.0,49.4,0,0,none,none
2026-02-04T10:30:14.752427,21.0,49.4,0,0,none,none
2026-02-04T10:30:17.007033,21.0,49.4,1,0,none,none
2026-02-04T10:30:19.261805,21.0,49.4,0,0,none,none
2026-02-04T10:30:21.516920,21.0,49.3,1,0,none,none
2026-02-04T10:30:23.771891,21.0,49.3,0,0,none,none
2026-02-04T10:30:26.026647,21.0,49.2,0,0,none,none
2026-02-04T10:30:28.281613,21.0,49.1,0,0,none,none
2026-02-04T10:30:30.536758,21.0,49.1,0,0,none,none
2026-02-04T10:30:32.791403,21.0,49.1,0,0,none,none
2026-02-04T10:30:35.046436,21.0,49.1,0,0,none,none
2026-02-04T10:30:37.301378,21.0,49.0,0,0,none,none
2026-02-04T10:30:39.556222,21.0,49.0,1,0,none,none
2026-02-04T10:30:41.811132,21.0,49.0,0,0,none,none
2026-02-04T10:30:44.066045,21.0,49.0,0,0,none,none
2026-02-04T10:30:46.320820,21.0,49.0,0,0,none,none
2026-02-04T10:30:48.575788,21.0,49.0,0,0,none,none
2026-02-04T10:30:50.830740,21.0,49.0,0,0,none,none
2026-02-04T10:30:53.084985,21.0,49.0,0,0,none,none
2026-02-04T10:30:55.339896,21.0,49.0,0,0,none,none
2026-02-04T10:30:57.594948,21.0,49.0,0,0,none,none
2026-02-04T10:30:59.849771,21.0,49.0,0,0,none,none
2026-02-04T10:31:02.104615,21.0,49.0,0,0,none,none
2026-02-04T10:31:04.359472,21.0,49.0,1,0,none,none
2026-02-04T10:31:06.614283,21.0,49.0,0,0,none,none
2026-02-04T10:31:08.869169,21.0,49.0,0,0,none,none
2026-02-04T10:31:11.123967,21.0,49.0,0,0,none,none
2026-02-04T10:31:13.378676,21.0,48.9,0,0,none,none
2026-02-04T10:31:15.633621,21.0,48.9,0,0,none,none
2026-02-04T10:31:17.888664,21.0,48.9,0,0,none,none
2026-02-04T10:31:20.143287,21.0,48.9,1,0,none,none
2026-02-04T10:31:22.398315,21.0,49.0,0,0,none,none
2026-02-04T10:31:24.653379,21.0,49.0,0,0,none,none
2026-02-04T10:31:26.907975,21.0,49.0,0,0,none,none
2026-02-04T10:31:29.162539,21.0,49.0,0,0,none,none
2026-02-04T10:31:31.417402,21.0,48.9,0,0,none,none
2026-02-04T10:31:33.672275,21.0,48.9,1,0,none,none
2026-02-04T10:31:35.927114,21.0,49.0,0,0,none,none
2026-02-04T10:31:38.184032,21.0,49.0,0,0,none,none
2026-02-04T10:31:40.438772,21.0,48.9,0,0,none,none
2026-02-04T10:31:42.693622,21.0,49.0,0,0,none,none
2026-02-04T10:31:44.948612,21.0,49.0,1,0,none,none
2026-02-04T10:31:47.202970,21.0,49.0,0,0,none,none
2026-02-04T10:31:49.458116,21.0,48.9,0,0,none,none
2026-02-04T10:31:51.713039,21.0,49.0,0,0,none,none
2026-02-04T10:31:53.967587,21.0,49.0,0,0,none,none
2026-02-04T10:31:56.222455,21.0,48.9,1,0,none,none
2026-02-04T10:31:58.479586,21.0,48.9,0,0,none,none
2026-02-04T10:32:00.734135,21.0,48.9,1,0,none,none
2026-02-04T10:32:02.988954,21.0,48.9,0,0,none,none
2026-02-04T10:32:05.243760,21.0,48.9,0,0,none,none
2026-02-04T10:32:07.498567,21.0,48.9,0,0,none,none
2026-02-04T10:32:09.753548,21.0,48.9,0,0,none,none
2026-02-04T10:32:12.008546,21.0,48.9,1,0,none,none
2026-02-04T10:32:14.263014,21.0,48.9,0,0,none,none
2026-02-04T10:32:16.518162,21.0,48.9,1,0,none,none
2026-02-04T10:32:18.773065,21.0,48.9,0,0,none,none
2026-02-04T10:32:21.027553,21.0,48.9,0,0,none,none
2026-02-04T10:32:23.282430,21.0,48.9,0,0,none,none
2026-02-04T10:32:25.537474,21.0,48.8,0,0,none,none
2026-02-04T10:32:27.792201,21.0,48.8,1,0,none,none
2026-02-04T10:32:30.046945,21.0,48.8,0,0,none,none
2026-02-04T10:32:32.301906,21.0,48.8,0,0,none,none
2026-02-04T10:32:34.556674,21.0,48.8,0,0,none,none
2026-02-04T10:32:36.811513,21.0,48.8,0,0,none,none
2026-02-04T10:32:39.066237,21.0,48.8,0,0,none,none
2026-02-04T10:32:41.320931,21.0,48.8,0,0,none,none
2026-02-04T10:32:43.576045,21.0,48.8,0,0,none,none
2026-02-04T10:32:45.830959,21.0,48.8,0,0,none,none
2026-02-04T10:32:48.085710,21.0,48.8,0,0,none,none
2026-02-04T10:32:50.340502,21.0,48.7,1,0,none,none
2026-02-04T10:32:52.595490,21.0,48.8,0,0,none,none
2026-02-04T10:32:54.849889,21.0,48.7,0,0,none,none
2026-02-04T10:32:57.104902,21.0,48.7,0,0,none,none
2026-02-04T10:32:59.359605,21.0,48.7,0,0,none,none
2026-02-04T10:33:01.614411,21.0,48.7,0,0,none,none
2026-02-04T10:33:03.868865,21.0,48.7,0,0,none,none
2026-02-04T10:33:06.123700,21.0,48.7,0,0,none,none
2026-02-04T10:33:08.377968,21.0,48.7,0,0,none,none
2026-02-04T10:33:10.632957,21.0,48.7,0,0,none,none
2026-02-04T10:33:12.887647,21.0,48.7,0,0,none,none
2026-02-04T10:33:15.142419,21.0,48.7,0,0,none,none
2026-02-04T10:33:17.397289,21.0,48.7,0,0,none,none
2026-02-04T10:33:19.652365,21.0,48.7,0,0,none,none
2026-02-04T10:33:21.907048,21.0,48.7,1,0,none,none
2026-02-04T10:33:24.162158,21.0,48.7,0,0,none,none
2026-02-04T10:33:26.417101,21.0,48.7,0,0,none,none
2026-02-04T10:33:28.671844,21.0,48.7,0,0,none,none
2026-02-04T10:33:30.926628,21.0,48.8,0,0,none,none
2026-02-04T10:33:33.183550,21.0,48.7,0,0,none,none
2026-02-04T10:33:35.438438,21.0,48.8,0,0,none,none
2026-02-04T10:33:37.693497,21.0,48.7,0,0,none,none
2026-02-04T10:33:39.948369,21.0,48.8,0,0,none,none
2026-02-04T10:33:42.203135,21.0,48.8,1,0,none,none
2026-02-04T10:33:44.458206,21.0,48.7,0,0,none,none
2026-02-04T10:33:46.712980,21.0,48.7,0,0,none,none
2026-02-04T10:33:48.967764,21.0,48.8,0,0,none,none
2026-02-04T10:33:51.222654,21.0,48.8,0,0,none,none
2026-02-04T10:33:53.477486,21.0,48.7,1,0,none,none
2026-02-04T10:33:55.813198,21.0,48.8,0,0,none,none
2026-02-04T10:33:58.072214,21.0,48.8,0,0,none,none
2026-02-04T10:34:00.326653,21.0,48.8,0,0,none,none
2026-02-04T10:34:02.581481,21.0,48.7,1,0,none,none
2026-02-04T10:34:04.836437,21.0,48.7,0,0,none,none
2026-02-04T10:34:07.091366,20.9,48.7,0,0,none,none
2026-02-04T10:34:09.346179,21.0,48.8,0,0,none,none
2026-02-04T10:34:11.601269,21.0,48.7,1,0,none,none
2026-02-04T10:34:13.856174,21.0,48.8,0,0,none,none
2026-02-04T10:34:16.110901,21.0,48.7,0,0,none,none
2026-02-04T10:34:18.365730,21.0,48.8,0,0,none,none
2026-02-04T10:34:20.620837,21.0,48.8,0,0,none,none
2026-02-04T10:34:22.875562,21.0,48.8,0,0,none,none
2026-02-04T10:34:25.130437,21.0,48.7,0,0,none,none
2026-02-04T10:34:27.385362,21.0,48.8,0,0,none,none
2026-02-04T10:34:29.640220,21.0,48.8,0,0,none,none
2026-02-04T10:34:31.894529,20.9,48.8,0,0,none,none
2026-02-04T10:34:34.149544,21.0,48.8,0,0,none,none
2026-02-04T10:34:36.404190,21.0,48.8,0,0,none,none
2026-02-04T10:34:38.659139,20.9,48.8,0,0,none,none
2026-02-04T10:34:40.914099,21.0,48.8,0,0,none,none
2026-02-04T10:34:43.168795,21.0,48.8,0,0,none,none
2026-02-04T10:34:45.425058,21.0,48.8,0,0,none,none
2026-02-04T10:34:47.680064,21.0,48.8,0,0,none,none
2026-02-04T10:34:49.934510,21.0,48.8,0,0,none,none
2026-02-04T10:34:52.189453,21.0,48.8,0,0,none,none
2026-02-04T10:34:54.444512,21.0,48.8,1,0,none,none
2026-02-04T10:34:56.699252,21.0,48.8,0,0,none,none
2026-02-04T10:34:58.954207,20.9,48.7,0,0,none,none
2026-02-04T10:35:01.209166,21.0,48.8,0,0,none,none
2026-02-04T10:35:03.463996,21.0,48.8,1,0,none,none
2026-02-04T10:35:05.718366,21.0,48.8,0,0,none,none
2026-02-04T10:35:07.973269,21.0,48.8,1,0,none,none
2026-02-04T10:35:10.228038,21.0,48.7,0,0,none,none
2026-02-04T10:35:12.483107,21.0,48.8,0,0,none,none
2026-02-04T10:35:14.738108,21.0,48.8,0,0,none,none
2026-02-04T10:35:16.992715,21.0,48.8,0,0,none,none
2026-02-04T10:35:19.247589,21.0,48.8,1,0,none,none
2026-02-04T10:35:21.502405,20.9,48.8,0,0,none,none
2026-02-04T10:35:23.757189,21.0,48.8,0,0,none,none
2026-02-04T10:35:26.012115,21.0,48.8,0,0,none,none
2026-02-04T10:35:28.266781,21.0,48.8,0,0,none,none
2026-02-04T10:35:30.521593,21.0,48.8,1,0,none,none
2026-02-04T10:35:32.776573,21.0,48.8,0,0,none,none
2026-02-04T10:35:35.031496,21.0,48.8,0,0,none,none
2026-02-04T10:35:37.286227,20.9,48.8,0,0,none,none
2026-02-04T10:35:39.541151,21.0,48.8,0,0,none,none
2026-02-04T10:35:41.796035,20.9,48.7,0,0,none,none
2026-02-04T10:35:44.050662,21.0,48.8,0,0,none,none
2026-02-04T10:35:46.305575,21.0,48.8,0,0,none,none
2026-02-04T10:35:48.560668,21.0,48.8,0,0,none,none
2026-02-04T10:35:50.815375,21.0,48.8,0,0,none,none
2026-02-04T10:35:53.070299,20.9,48.8,0,0,none,none
2026-02-04T10:35:55.325112,21.0,48.8,0,0,none,none
2026-02-04T10:35:57.579989,21.0,48.8,0,0,none,none
2026-02-04T10:35:59.834889,20.9,48.7,0,0,none,none
2026-02-04T10:36:02.089829,21.0,48.8,0,0,none,none
2026-02-04T10:36:04.344537,20.9,48.7,0,0,none,none
2026-02-04T10:36:06.599580,21.0,48.8,0,0,none,none
2026-02-04T10:36:08.854456,20.9,48.7,0,0,none,none
2026-02-04T10:36:11.109217,21.0,48.8,0,0,none,none
2026-02-04T10:36:13.363799,21.0,48.8,0,0,none,none
2026-02-04T10:36:15.618825,21.0,48.8,0,0,none,none
2026-02-04T10:36:17.873546,21.0,48.8,0,0,none,none
2026-02-04T10:36:20.128511,20.9,48.7,0,0,none,none
2026-02-04T10:36:22.383451,21.0,48.7,0,0,none,none
2026-02-04T10:36:24.638360,21.0,48.7,0,0,none,none
2026-02-04T10:36:26.893251,20.9,48.7,0,0,none,none
2026-02-04T10:36:29.148202,21.0,48.8,0,0,none,none
2026-02-04T10:36:31.402759,21.0,48.8,0,0,none,none
2026-02-04T10:36:33.657961,21.0,48.8,0,0,none,none
2026-02-04T10:36:35.914968,21.0,48.8,0,0,none,none
2026-02-04T10:36:38.169829,20.9,48.7,0,0,none,none
2026-02-04T10:36:40.425673,21.0,48.8,0,0,none,none
2026-02-04T10:36:42.680638,20.9,48.7,0,0,none,none
2026-02-04T10:36:44.935402,21.0,48.8,0,0,none,none
2026-02-04T10:36:47.190383,21.0,48.8,0,0,none,none
2026-02-04T10:36:49.445465,20.9,48.8,0,0,none,none
2026-02-04T10:36:51.700215,21.0,48.8,0,0,none,none
2026-02-04T10:36:53.954964,20.9,48.8,0,0,none,none
2026-02-04T10:36:56.211989,21.0,48.9,0,0,none,none
2026-02-04T10:36:58.466927,21.0,48.9,0,0,none,none
2026-02-04T10:37:00.721985,21.0,48.9,0,0,none,none
2026-02-04T10:37:02.976891,21.0,48.9,0,0,none,none
2026-02-04T10:37:05.231530,21.0,48.9,0,0,none,none
2026-02-04T10:37:07.486964,21.0,48.9,0,0,none,none
2026-02-04T10:37:09.822861,21.0,48.9,0,0,none,none
2026-02-04T10:37:12.158468,21.0,48.9,0,0,none,none
2026-02-04T10:37:14.494343,21.0,48.9,0,0,none,none
2026-02-04T10:37:16.800299,21.0,49.0,0,0,none,none
2026-02-04T10:37:19.054928,21.0,49.0,0,0,none,none
2026-02-04T10:37:21.309794,21.0,49.0,0,0,none,none
2026-02-04T10:37:23.564699,21.0,49.0,0,0,none,none
2026-02-04T10:37:25.819345,21.0,49.0,0,0,none,none
2026-02-04T10:37:28.074179,21.0,49.0,0,0,none,none
2026-02-04T10:37:30.328942,21.0,49.0,0,0,none,none
2026-02-04T10:37:32.583685,21.0,49.0,0,0,none,none
2026-02-04T10:37:34.838174,21.0,49.0,0,0,none,none
2026-02-04T10:37:37.093016,21.0,49.0,0,0,none,none
2026-02-04T10:37:39.347631,20.9,48.9,0,0,none,none
2026-02-04T10:37:41.602523,21.0,49.0,0,0,none,none
2026-02-04T10:37:43.858498,20.9,48.9,0,0,none,none
2026-02-04T10:37:46.113159,21.0,49.0,0,0,none,none
2026-02-04T10:37:48.368103,,,0,0,none,none
2026-02-04T10:37:50.623053,21.0,49.0,0,0,none,none
2026-02-04T10:37:52.877701,21.0,49.0,0,0,none,none
2026-02-04T10:37:55.132632,21.0,49.0,0,0,none,none
2026-02-04T10:37:57.387477,21.0,49.0,0,0,none,none
2026-02-04T10:37:59.642256,20.9,48.9,0,0,none,none
2026-02-04T10:38:01.897128,21.0,49.0,0,0,none,none
2026-02-04T10:38:04.154167,21.0,49.0,0,0,none,none
2026-02-04T10:38:06.408850,21.0,49.0,0,0,none,none
2026-02-04T10:38:08.663797,21.0,48.9,0,0,none,none
2026-02-04T10:38:10.918335,21.0,49.0,0,0,none,none
2026-02-04T10:38:13.173009,21.0,49.0,0,0,none,none
2026-02-04T10:38:15.427897,20.9,48.9,0,0,none,none
2026-02-04T10:38:17.682752,21.0,48.9,0,0,none,none
2026-02-04T10:38:19.937425,21.0,48.9,0,0,none,none
2026-02-04T10:38:22.192224,21.0,49.0,0,0,none,none
2026-02-04T10:38:24.446934,20.9,48.9,1,0,none,none
2026-02-04T10:38:26.701602,20.9,48.9,0,0,none,none
2026-02-04T10:38:28.956480,21.0,49.0,0,0,none,none
2026-02-04T10:38:31.211055,21.0,49.0,0,0,none,none
2026-02-04T10:38:33.465802,20.9,48.9,0,0,none,none
2026-02-04T10:38:35.720620,21.0,48.9,0,0,none,none
2026-02-04T10:38:37.975430,21.0,48.9,1,0,none,none
2026-02-04T10:38:40.230155,21.0,48.8,0,0,none,none
2026-02-04T10:38:42.485003,20.9,48.8,0,0,none,none
2026-02-04T10:38:44.739845,20.9,48.8,0,0,none,none
2026-02-04T10:38:46.994424,20.9,48.8,0,0,none,none
2026-02-04T10:38:49.249161,20.9,48.7,0,0,none,none
2026-02-04T10:38:51.504022,21.0,48.8,0,0,none,none
2026-02-04T10:38:53.758689,20.9,48.7,0,0,none,none
2026-02-04T10:38:56.013609,21.0,48.7,0,0,none,none
2026-02-04T10:38:58.268539,20.9,48.7,0,0,none,none
2026-02-04T10:39:00.523306,21.0,48.7,0,0,none,none
2026-02-04T10:39:02.778196,21.0,48.7,0,0,none,none
2026-02-04T10:39:05.033030,20.9,48.7,0,0,none,none
2026-02-04T10:39:07.287685,21.0,48.7,0,0,none,none
2026-02-04T10:39:09.542621,20.9,48.7,0,0,none,none
2026-02-04T10:39:11.797482,20.9,48.8,0,0,none,none
2026-02-04T10:39:14.051985,20.9,48.7,0,0,none,none
2026-02-04T10:39:16.306779,21.0,48.7,0,0,none,none
2026-02-04T10:39:18.561674,20.9,48.7,1,0,none,none
2026-02-04T10:39:20.816365,20.9,48.7,0,0,none,none
2026-02-04T10:39:23.071141,21.0,48.8,0,0,none,none
2026-02-04T10:39:25.326051,21.0,48.8,0,0,none,none
2026-02-04T10:39:27.580807,20.9,48.7,0,0,none,none
2026-02-04T10:39:29.835649,20.9,48.8,0,0,none,none
2026-02-04T10:39:32.090427,20.9,48.7,0,0,none,none
2026-02-04T10:39:34.345181,20.9,48.7,0,0,none,none
2026-02-04T10:39:36.600172,21.0,48.8,0,0,none,none
2026-02-04T10:39:38.855040,20.9,48.7,0,0,none,none
2026-02-04T10:39:41.109844,20.9,48.7,1,0,none,none
2026-02-04T10:39:43.364696,20.9,48.8,0,0,none,none
2026-02-04T10:39:45.619716,20.9,48.8,0,0,none,none
2026-02-04T10:39:47.874377,20.9,48.7,0,0,none,none
2026-02-04T10:39:50.129313,20.9,48.7,0,0,none,none
2026-02-04T10:39:52.384167,21.0,48.8,0,0,none,none
2026-02-04T10:39:54.638739,21.0,48.8,0,0,none,none
2026-02-04T10:39:56.893702,20.9,48.7,0,0,none,none
2026-02-04T10:39:59.150500,21.0,48.8,0,0,none,none
2026-02-04T10:40:01.405245,20.9,48.8,0,0,none,none
2026-02-04T10:40:03.660245,20.9,48.8,1,0,none,none
2026-02-04T10:40:05.914750,20.9,48.8,0,0,none,none
2026-02-04T10:40:08.169381,20.9,48.7,0,0,none,none
2026-02-04T10:40:10.424245,21.0,48.8,0,0,none,none
2026-02-04T10:40:12.679172,21.0,48.8,0,0,none,none
2026-02-04T10:40:14.933929,20.9,48.7,0,0,none,none
2026-02-04T10:40:17.188746,20.9,48.8,0,0,none,none
2026-02-04T10:40:19.443282,21.0,48.8,1,0,none,none
2026-02-04T10:40:21.698025,20.9,48.8,0,0,none,none
2026-02-04T10:40:23.952862,20.9,48.8,0,0,none,none
2026-02-04T10:40:26.207715,20.9,48.8,0,0,none,none
2026-02-04T10:40:28.462385,20.9,48.8,0,0,none,none
2026-02-04T10:40:30.716714,20.9,48.8,1,0,none,none
2026-02-04T10:40:32.971516,20.9,48.8,0,0,none,none
2026-02-04T10:40:35.225759,20.9,48.7,0,0,none,none
2026-02-04T10:40:37.480706,20.9,48.7,1,0,none,none
2026-02-04T10:40:39.735538,21.0,48.8,0,0,none,none
2026-02-04T10:40:41.990196,20.9,48.7,0,0,none,none
2026-02-04T10:40:44.245027,20.9,48.7,0,0,none,none
2026-02-04T10:40:46.499779,21.0,48.8,1,0,none,none
2026-02-04T10:40:48.754317,20.9,48.7,0,0,none,none
2026-02-04T10:40:51.009168,21.0,48.7,0,0,none,none
2026-02-04T10:40:53.263952,20.9,48.7,0,0,none,none
2026-02-04T10:40:55.518371,20.9,48.7,0,0,none,none
2026-02-04T10:40:57.773299,21.0,48.8,0,0,none,none
2026-02-04T10:41:00.027865,21.0,48.8,0,0,none,none
2026-02-04T10:41:02.282315,20.9,48.7,0,0,none,none
2026-02-04T10:41:04.537303,20.9,48.7,1,0,none,none
2026-02-04T10:41:06.791956,21.0,48.7,0,0,none,none
2026-02-04T10:41:09.046253,20.9,48.7,1,0,none,none
2026-02-04T10:41:11.301101,20.9,48.7,0,0,none,none
2026-02-04T10:41:13.555837,20.9,48.6,0,0,none,none
2026-02-04T10:41:15.810234,20.9,48.7,0,0,none,none
2026-02-04T10:41:18.065085,21.0,48.7,0,0,none,none
2026-02-04T10:41:20.319553,20.9,48.7,0,0,none,none
2026-02-04T10:41:22.574050,20.9,48.7,0,0,none,none
2026-02-04T10:41:24.828864,20.9,48.6,0,0,none,none
2026-02-04T10:41:27.083538,20.9,48.6,0,0,none,none
2026-02-04T10:41:29.338184,20.9,48.7,0,0,none,none
2026-02-04T10:41:31.593184,20.9,48.6,0,0,none,none
2026-02-04T10:41:33.847682,20.9,48.7,0,0,none,none
2026-02-04T10:41:36.102015,20.9,48.7,0,0,none,none
2026-02-04T10:41:38.356889,21.0,48.8,0,0,none,none
2026-02-04T10:41:40.611704,20.9,48.7,0,0,none,none
2026-02-04T10:41:42.865967,20.9,48.7,0,0,none,none
2026-02-04T10:41:45.120810,20.9,48.7,0,0,none,none
2026-02-04T10:41:47.375406,20.9,48.7,0,0,none,none
2026-02-04T10:41:49.630240,20.9,48.7,0,0,none,none
2026-02-04T10:41:51.885016,20.9,48.7,1,0,none,none
2026-02-04T10:41:54.139731,20.9,48.7,0,0,none,none
2026-02-04T10:41:56.393947,20.9,48.7,0,0,none,none
2026-02-04T10:41:58.648899,20.9,48.7,0,0,none,none
2026-02-04T10:42:00.903657,20.9,48.7,0,0,none,none
2026-02-04T10:42:03.158216,20.9,48.7,0,0,none,none
2026-02-04T10:42:05.413023,21.0,48.7,0,0,none,none
2026-02-04T10:42:07.667669,20.9,48.7,0,0,none,none
2026-02-04T10:42:09.922215,20.9,48.6,0,0,none,none
2026-02-04T10:42:12.176985,20.9,48.6,0,0,none,none
2026-02-04T10:42:14.431906,20.9,48.7,0,0,none,none
2026-02-04T10:42:16.686543,20.9,48.6,1,0,none,none
2026-02-04T10:42:18.941436,21.0,48.7,0,0,none,none
2026-02-04T10:42:21.196207,20.9,48.6,0,0,none,none
2026-02-04T10:42:23.450784,21.0,48.7,0,0,none,none
2026-02-04T10:42:25.705849,20.9,48.6,0,0,none,none
2026-02-04T10:42:27.960683,20.9,48.7,0,0,none,none
2026-02-04T10:42:30.215122,20.9,48.7,0,0,none,none
2026-02-04T10:42:32.470166,20.9,48.6,0,0,none,none
2026-02-04T10:42:34.725092,20.9,48.7,0,0,none,none
2026-02-04T10:42:36.979705,20.9,48.6,0,0,none,none
2026-02-04T10:42:39.234268,20.9,48.7,0,0,none,none
2026-02-04T10:42:41.488722,20.9,48.7,0,0,none,none
2026-02-04T10:42:43.743159,20.9,48.7,0,0,none,none
2026-02-04T10:42:45.998080,20.9,48.6,0,0,none,none
2026-02-04T10:42:48.252931,20.9,48.7,0,0,none,none
2026-02-04T10:42:50.507636,20.9,48.7,0,0,none,none
2026-02-04T10:42:52.762396,20.9,48.6,0,0,none,none
2026-02-04T10:42:55.017229,20.9,48.7,0,0,none,none
2026-02-04T10:42:57.271890,20.9,48.7,0,0,none,none
2026-02-04T10:42:59.526876,20.9,48.7,0,0,none,none
2026-02-04T10:43:01.781706,20.9,48.7,1,0,none,none
2026-02-04T10:43:04.036383,20.9,48.6,0,0,none,none
2026-02-04T10:43:06.290946,20.9,48.7,1,0,none,none
2026-02-04T10:43:08.545948,20.9,48.7,0,0,none,none
2026-02-04T10:43:10.800620,20.9,48.6,0,0,none,none
2026-02-04T10:43:13.055005,20.9,48.7,0,0,none,none
2026-02-04T10:43:15.309916,20.9,48.7,0,0,none,none
2026-02-04T10:43:17.564653,20.9,48.7,0,0,none,none
2026-02-04T10:43:19.819356,20.9,48.7,0,0,none,none
2026-02-04T10:43:22.074223,20.9,48.7,0,0,none,none
2026-02-04T10:43:24.328801,20.9,48.7,0,0,none,none
2026-02-04T10:43:26.583514,20.9,48.8,1,0,none,none
2026-02-04T10:43:28.840496,21.0,48.8,0,0,none,none
2026-02-04T10:43:31.095108,21.0,48.8,0,0,none,none
2026-02-04T10:43:33.350073,21.0,48.7,0,0,none,none
2026-02-04T10:43:35.605026,21.0,48.8,0,0,none,none
2026-02-04T10:43:37.859560,21.0,48.8,0,0,none,none
2026-02-04T10:43:40.114373,20.9,48.7,0,0,none,none
2026-02-04T10:43:42.369234,20.9,48.7,0,0,none,none
2026-02-04T10:43:44.624013,20.9,48.7,0,0,none,none
2026-02-04T10:43:46.878797,21.0,48.7,0,0,none,none
2026-02-04T10:43:49.133677,21.0,48.7,0,0,none,none
2026-02-04T10:43:51.388307,20.9,48.7,0,0,none,none
2026-02-04T10:43:53.643271,20.9,48.7,0,0,none,none
2026-02-04T10:43:55.898115,20.9,48.7,0,0,none,none
2026-02-04T10:43:58.152792,20.9,48.7,1,0,none,none
2026-02-04T10:44:00.407607,20.9,48.7,0,0,none,none
2026-02-04T10:44:02.662329,20.9,48.7,0,0,none,none
2026-02-04T10:44:04.916925,20.9,48.7,0,0,none,none
2026-02-04T10:44:07.171504,20.9,48.7,0,0,none,none
2026-02-04T10:44:09.426367,20.9,48.7,1,0,none,none
2026-02-04T10:44:11.681050,21.0,48.7,0,0,none,none
2026-02-04T10:44:13.935810,20.9,48.7,1,0,none,none
2026-02-04T10:44:16.190636,20.9,48.7,0,0,none,none
2026-02-04T10:44:18.445474,20.9,48.7,0,0,none,none
2026-02-04T10:44:20.700465,20.9,48.7,0,0,none,none
2026-02-04T10:44:22.955210,20.9,48.7,0,0,none,none
2026-02-04T10:44:25.209871,20.9,48.6,0,0,none,none
2026-02-04T10:44:27.464852,20.9,48.7,0,0,none,none
2026-02-04T10:44:29.719662,20.9,48.7,0,0,none,none
2026-02-04T10:44:31.974341,20.9,48.7,1,0,none,none
2026-02-04T10:44:34.229202,20.9,48.7,0,0,none,none
2026-02-04T10:44:36.484057,20.9,48.7,0,0,none,none
2026-02-04T10:44:38.738526,20.9,48.6,0,0,none,none
2026-02-04T10:44:40.993375,20.9,48.7,0,0,none,none
2026-02-04T10:44:43.248201,20.9,48.7,1,0,none,none
2026-02-04T10:44:45.502412,20.9,48.7,0,0,none,none
2026-02-04T10:44:47.757203,20.9,48.7,0,0,none,none
2026-02-04T10:44:50.012099,21.0,48.7,0,0,none,none
2026-02-04T10:44:52.266666,20.9,48.6,0,0,none,none
2026-02-04T10:44:54.521623,20.9,48.6,0,0,none,none
2026-02-04T10:44:56.776522,20.9,48.6,1,0,none,none
2026-02-04T10:44:59.031127,20.9,48.6,0,0,none,none
2026-02-04T10:45:01.286149,20.9,48.7,0,0,none,none
2026-02-04T10:45:03.541209,20.9,48.6,1,0,none,none
2026-02-04T10:45:05.795556,20.9,48.6,0,0,none,none
2026-02-04T10:45:08.050431,20.9,48.6,1,0,none,none
2026-02-04T10:45:10.305128,20.9,48.6,0,0,none,none
2026-02-04T10:45:12.559837,20.9,48.6,1,0,none,none
2026-02-04T10:45:14.814484,20.9,48.6,0,0,none,none
2026-02-04T10:45:17.069371,20.9,48.6,0,0,none,none
2026-02-04T10:45:19.323958,20.9,48.6,0,0,none,none
2026-02-04T10:45:21.579031,20.9,48.6,0,0,none,none
2026-02-04T10:45:23.833970,20.9,48.6,0,0,none,none
2026-02-04T10:45:26.088669,20.9,48.6,0,0,none,none
2026-02-04T10:45:28.343439,20.9,48.6,0,0,none,none
2026-02-04T10:45:30.598455,20.9,48.6,0,0,none,none
2026-02-04T10:45:32.853174,20.9,48.6,0,0,none,none
2026-02-04T10:45:35.108117,20.9,48.6,0,0,none,none
2026-02-04T10:45:37.362932,20.9,48.6,0,0,none,none
2026-02-04T10:45:39.617676,20.9,48.6,0,0,none,none
2026-02-04T10:45:41.872515,20.9,48.6,0,0,none,none
2026-02-04T10:45:44.127276,20.9,48.6,0,0,none,none
2026-02-04T10:45:46.381977,20.9,48.6,0,0,none,none
2026-02-04T10:45:48.636968,20.9,48.5,0,0,none,none
2026-02-04T10:45:50.891746,20.9,48.5,0,0,none,none
2026-02-04T10:45:53.146393,20.9,48.5,0,0,none,none
2026-02-04T10:45:55.401282,20.9,48.4,0,0,none,none
2026-02-04T10:45:57.656182,20.9,48.5,0,0,none,none
2026-02-04T10:45:59.910662,20.9,48.5,0,0,none,none
2026-02-04T10:46:02.165490,20.9,48.4,0,0,none,none
2026-02-04T10:46:04.420367,20.9,48.4,0,0,none,none
2026-02-04T10:46:06.675078,20.9,48.4,0,0,none,none
2026-02-04T10:46:08.930095,20.9,48.4,0,0,none,none
2026-02-04T10:46:11.184833,20.9,48.4,0,0,none,none
2026-02-04T10:46:13.439636,20.9,48.3,0,0,none,none
2026-02-04T10:46:15.694543,20.9,48.4,0,0,none,none
2026-02-04T10:46:17.949269,20.9,48.4,0,0,none,none
2026-02-04T10:46:20.203919,20.9,48.4,0,0,none,none
2026-02-04T10:46:22.458875,20.9,48.4,0,0,none,none
2026-02-04T10:46:24.713779,20.9,48.4,0,0,none,none
2026-02-04T10:46:26.968540,20.9,48.3,0,0,none,none
2026-02-04T10:46:29.223461,20.9,48.4,1,0,none,none
2026-02-04T10:46:31.478336,20.9,48.4,0,0,none,none
2026-02-04T10:46:33.733088,20.9,48.3,0,0,none,none
2026-02-04T10:46:35.987948,20.9,48.3,0,0,none,none
2026-02-04T10:46:38.242767,20.9,48.4,0,0,none,none
2026-02-04T10:46:40.496977,20.9,48.4,0,0,none,none
2026-02-04T10:46:42.751762,20.9,48.3,0,0,none,none
2026-02-04T10:46:45.006611,20.9,48.3,0,0,none,none
2026-02-04T10:46:47.261373,20.9,48.3,0,0,none,none
2026-02-04T10:46:49.516310,20.9,48.3,0,0,none,none
2026-02-04T10:46:51.771198,20.9,48.4,0,0,none,none
2026-02-04T10:46:54.025917,20.9,48.4,0,0,none,none
2026-02-04T10:46:56.280814,20.9,48.4,0,0,none,none
2026-02-04T10:46:58.537606,20.9,48.4,0,0,none,none
2026-02-04T10:47:00.792240,20.9,48.4,0,0,none,none
2026-02-04T10:47:03.047091,20.9,48.4,0,0,none,none
2026-02-04T10:47:05.302005,20.9,48.4,0,0,none,none
2026-02-04T10:47:07.556606,20.9,48.4,0,0,none,none
2026-02-04T10:47:09.811500,20.9,48.4,0,0,none,none
2026-02-04T10:47:12.066312,20.9,48.4,0,0,none,none
2026-02-04T10:47:14.320958,20.9,48.4,0,0,none,none
2026-02-04T10:47:16.575925,20.9,48.4,0,0,none,none
2026-02-04T10:47:18.830612,20.9,48.4,0,0,none,none
2026-02-04T10:47:21.084760,20.9,48.4,0,0,none,none
2026-02-04T10:47:23.339329,20.9,48.4,0,0,none,none
2026-02-04T10:47:25.594062,20.9,48.4,0,0,none,none
2026-02-04T10:47:27.848625,20.9,48.4,1,0,none,none
2026-02-04T10:47:30.103446,20.9,48.4,0,0,none,none
2026-02-04T10:47:32.358230,20.9,48.3,0,0,none,none
2026-02-04T10:47:34.612903,20.9,48.3,0,0,none,none
2026-02-04T10:47:36.867742,20.9,48.3,0,0,none,none
2026-02-04T10:47:39.124170,20.9,48.3,0,0,none,none
2026-02-04T10:47:41.378785,20.9,48.3,0,0,none,none
2026-02-04T10:47:43.633919,20.9,48.3,0,0,none,none
2026-02-04T10:47:45.888707,20.9,48.3,0,0,none,none
2026-02-04T10:47:48.143279,20.9,48.2,0,0,none,none
2026-02-04T10:47:50.398177,20.9,48.2,0,0,none,none
2026-02-04T10:47:52.654307,20.9,48.2,0,0,none,none
2026-02-04T10:47:54.908929,20.9,48.3,0,0,none,none
2026-02-04T10:47:57.163684,20.9,48.3,0,0,none,none
2026-02-04T10:47:59.418582,20.9,48.3,0,0,none,none
2026-02-04T10:48:01.673378,20.9,48.3,0,0,none,none
2026-02-04T10:48:03.928247,20.9,48.3,0,0,none,none
2026-02-04T10:48:06.182890,20.9,48.3,0,0,none,none
2026-02-04T10:48:08.437714,20.9,48.3,0,0,none,none
2026-02-04T10:48:10.692621,20.9,48.3,0,0,none,none
2026-02-04T10:48:12.947471,20.9,48.3,0,0,none,none
2026-02-04T10:48:15.202174,20.9,48.3,0,0,none,none
2026-02-04T10:48:17.457129,20.9,48.3,0,0,none,none
2026-02-04T10:48:19.711963,20.9,48.3,0,0,none,none
2026-02-04T10:48:21.966355,20.9,48.3,0,0,none,none
2026-02-04T10:48:24.221320,20.9,48.3,0,0,none,none
2026-02-04T10:48:26.476303,20.9,48.2,0,0,none,none
2026-02-04T10:48:28.731042,20.9,48.2,0,0,none,none
2026-02-04T10:48:30.986073,20.9,48.2,0,0,none,none
2026-02-04T10:48:33.240968,20.9,48.2,0,0,none,none
2026-02-04T10:48:35.495726,20.9,48.2,0,0,none,none
2026-02-04T10:48:37.750599,20.9,48.2,0,0,none,none
2026-02-04T10:48:40.005497,20.9,48.2,0,0,none,none
2026-02-04T10:48:42.260256,20.9,48.2,0,0,none,none
2026-02-04T10:48:44.515209,20.9,48.2,0,0,none,none
2026-02-04T10:48:46.770196,20.9,48.2,0,0,none,none
2026-02-04T10:48:49.024839,20.9,48.2,0,0,none,none
2026-02-04T10:48:51.279721,20.9,48.2,0,0,none,none
2026-02-04T10:48:53.534179,20.9,48.2,0,0,none,none
2026-02-04T10:48:55.788893,20.9,48.2,0,0,none,none
2026-02-04T10:48:58.043757,20.9,48.2,0,0,none,none
2026-02-04T10:49:00.298533,20.9,48.2,0,0,none,none
2026-02-04T10:49:02.553286,20.9,48.2,0,0,none,none
2026-02-04T10:49:04.808238,20.9,48.2,0,0,none,none
2026-02-04T10:49:07.065197,20.9,48.3,0,0,none,none
2026-02-04T10:49:09.319886,20.9,48.2,0,0,none,none
2026-02-04T10:49:11.574901,20.9,48.2,0,0,none,none
2026-02-04T10:49:13.829788,20.9,48.2,0,0,none,none
2026-02-04T10:49:16.084384,20.9,48.2,0,0,none,none
2026-02-04T10:49:18.339238,20.9,48.2,0,0,none,none
2026-02-04T10:49:20.594187,20.9,48.2,0,0,none,none
2026-02-04T10:49:22.848819,20.9,48.2,0,0,none,none
2026-02-04T10:49:25.103578,20.9,48.2,0,0,none,none
2026-02-04T10:49:27.358432,20.9,48.2,0,0,none,none
2026-02-04T10:49:29.613221,20.9,48.2,0,0,none,none
2026-02-04T10:49:31.868042,20.9,48.2,1,0,none,none
2026-02-04T10:49:34.122836,20.9,48.2,0,0,none,none
2026-02-04T10:49:36.377503,20.9,48.2,0,0,none,none
2026-02-04T10:49:38.632416,20.9,48.2,0,0,none,none
2026-02-04T10:49:40.887223,20.9,48.2,0,0,none,none
2026-02-04T10:49:43.141905,20.9,48.2,0,0,none,none
2026-02-04T10:49:45.396502,20.9,48.2,0,0,none,none
2026-02-04T10:49:47.651418,20.9,48.2,0,0,none,none
2026-02-04T10:49:49.906088,20.9,48.2,0,0,none,none
2026-02-04T10:49:52.160908,20.9,48.2,0,0,none,none
2026-02-04T10:49:54.417497,20.9,48.2,0,0,none,none
2026-02-04T10:49:56.672236,20.9,48.2,0,0,none,none
2026-02-04T10:49:58.926988,20.9,48.2,0,0,none,none
2026-02-04T10:50:01.181827,20.9,48.2,0,0,none,none
2026-02-04T10:50:03.436670,20.9,48.2,0,0,none,none
2026-02-04T10:50:05.691547,20.9,48.2,0,0,none,none
2026-02-04T10:50:07.946251,20.9,48.2,0,0,none,none
2026-02-04T10:50:10.200970,20.9,48.2,0,0,none,none
2026-02-04T10:50:12.455905,20.9,48.2,0,0,none,none
2026-02-04T10:50:14.710819,20.9,48.2,0,0,none,none
2026-02-04T10:50:16.965564,20.9,48.2,0,0,none,none
2026-02-04T10:50:19.220537,20.9,48.2,0,0,none,none
2026-02-04T10:50:21.475558,20.9,48.2,0,0,none,none
2026-02-04T10:50:23.730189,20.9,48.2,0,0,none,none
2026-02-04T10:50:25.985088,20.9,48.2,0,0,none,none
2026-02-04T10:50:28.239949,20.9,48.2,0,0,none,none
2026-02-04T10:50:30.494570,20.9,48.2,0,0,none,none
2026-02-04T10:50:32.749547,20.9,48.2,0,0,none,none
2026-02-04T10:50:35.004468,20.9,48.2,0,0,none,none
2026-02-04T10:50:37.259066,20.9,48.2,0,0,none,none
2026-02-04T10:50:39.514076,20.9,48.2,0,0,none,none
2026-02-04T10:50:41.768928,20.9,48.2,0,0,none,none
2026-02-04T10:50:44.023165,20.9,48.1,0,0,none,none
2026-02-04T10:50:46.278254,20.9,48.2,0,0,none,none
2026-02-04T10:50:48.533187,20.9,48.2,0,0,none,none
2026-02-04T10:50:50.787769,20.9,48.2,0,0,none,none
2026-02-04T10:50:53.042607,20.9,48.2,0,0,none,none
2026-02-04T10:50:55.297443,20.9,48.2,0,0,none,none
2026-02-04T10:50:57.552190,20.9,48.2,0,0,none,none
2026-02-04T10:50:59.807086,20.9,48.1,0,0,none,none
2026-02-04T10:51:02.061879,20.9,48.2,0,0,none,none
2026-02-04T10:51:04.316274,20.9,48.2,0,0,none,none
2026-02-04T10:51:06.571337,20.9,48.1,0,0,none,none
2026-02-04T10:51:08.826169,20.9,48.1,0,0,none,none
2026-02-04T10:51:11.080792,20.9,48.1,0,0,none,none
2026-02-04T10:51:13.335606,20.9,48.1,0,0,none,none
2026-02-04T10:51:15.592091,20.9,48.1,0,0,none,none
2026-02-04T10:51:17.846781,20.9,48.1,0,0,none,none
2026-02-04T10:51:20.101623,20.9,48.1,0,0,none,none
2026-02-04T10:51:22.356520,20.9,48.1,0,0,none,none
2026-02-04T10:51:24.611389,20.9,48.1,0,0,none,none
2026-02-04T10:51:26.866277,20.9,48.1,0,0,none,none
2026-02-04T10:51:29.121156,20.9,48.1,0,0,none,none
2026-02-04T10:51:31.375733,20.9,48.1,0,0,none,none
2026-02-04T10:51:33.630607,20.9,48.1,0,0,none,none
2026-02-04T10:51:35.885341,20.9,48.1,0,0,none,none
2026-02-04T10:51:38.139646,20.9,48.1,0,0,none,none
2026-02-04T10:51:40.394448,20.9,48.0,0,0,none,none
2026-02-04T10:51:42.649392,20.9,48.1,0,0,none,none
2026-02-04T10:51:44.904035,20.9,48.0,0,0,none,none
2026-02-04T10:51:47.158627,20.9,48.0,0,0,none,none
2026-02-04T10:51:49.413427,20.9,48.0,0,0,none,none
2026-02-04T10:51:51.668179,20.9,48.0,0,0,none,none
2026-02-04T10:51:53.923061,20.9,48.0,0,0,none,none
2026-02-04T10:51:56.177913,20.9,48.0,0,0,none,none
2026-02-04T10:51:58.434629,20.9,48.0,0,0,none,none
2026-02-04T10:52:00.689610,20.9,48.0,0,0,none,none
2026-02-04T10:52:02.944563,20.9,48.0,0,0,none,none
2026-02-04T10:52:05.199133,20.9,48.0,0,0,none,none
2026-02-04T10:52:07.454190,20.9,48.0,0,0,none,none
2026-02-04T10:52:09.709114,20.9,48.0,0,0,none,none
2026-02-04T10:52:11.963520,20.9,48.0,0,0,none,none
2026-02-04T10:52:14.218226,20.9,48.0,0,0,none,none
2026-02-04T10:52:16.473196,20.9,48.0,0,0,none,none
2026-02-04T10:52:18.727838,20.9,48.0,0,0,none,none
2026-02-04T10:52:20.982663,20.9,48.0,0,0,none,none
2026-02-04T10:52:23.237555,20.9,48.0,0,0,none,none
2026-02-04T10:52:25.492010,20.9,48.0,0,0,none,none
2026-02-04T10:52:27.827750,20.9,48.0,0,0,none,none
2026-02-04T10:52:30.163661,20.9,48.0,0,0,none,none
2026-02-04T10:52:32.499356,20.9,48.0,0,0,none,none
2026-02-04T10:52:34.788507,20.9,48.0,0,0,none,none
2026-02-04T10:52:37.043295,20.9,48.0,0,0,none,none
2026-02-04T10:52:39.297900,20.9,48.0,0,0,none,none
2026-02-04T10:52:41.552871,20.9,48.0,0,0,none,none
2026-02-04T10:52:43.807677,20.9,48.0,0,0,none,none
2026-02-04T10:52:46.062424,20.9,48.0,0,0,none,none
2026-02-04T10:52:48.317248,20.9,48.0,0,0,none,none
2026-02-04T10:52:50.572221,20.9,48.0,0,0,none,none
2026-02-04T10:52:52.826817,20.9,48.0,0,0,none,none
2026-02-04T10:52:55.081702,20.9,48.0,0,0,none,none
2026-02-04T10:52:57.336673,20.9,48.0,0,0,none,none
2026-02-04T10:52:59.591445,20.9,48.0,0,0,none,none
2026-02-04T10:53:01.845835,20.9,48.0,0,0,none,none
2026-02-04T10:53:04.100621,20.9,47.9,0,0,none,none
2026-02-04T10:53:06.355238,20.9,48.0,0,0,none,none
2026-02-04T10:53:08.610226,20.9,48.0,0,0,none,none
2026-02-04T10:53:10.865128,20.9,47.9,0,0,none,none
2026-02-04T10:53:13.119462,20.9,47.9,0,0,none,none
2026-02-04T10:53:15.374175,20.9,48.0,0,0,none,none
2026-02-04T10:53:17.629140,20.9,47.9,0,0,none,none
2026-02-04T10:53:19.883782,20.9,47.9,0,0,none,none
2026-02-04T10:53:22.138561,20.9,47.9,0,0,none,none
2026-02-04T10:53:24.395392,20.9,47.9,0,0,none,none
2026-02-04T10:53:26.650181,20.9,47.9,0,0,none,none
2026-02-04T10:53:28.905034,20.9,47.9,0,0,none,none
2026-02-04T10:53:31.159764,20.9,47.9,0,0,none,none
2026-02-04T10:53:33.414356,20.9,47.9,0,0,none,none
2026-02-04T10:53:35.669255,20.9,47.9,0,0,none,none
2026-02-04T10:53:37.924041,20.9,47.9,0,0,none,none
2026-02-04T10:53:40.178628,20.9,47.9,0,0,none,none
2026-02-04T10:53:42.433595,20.9,47.9,0,0,none,none
2026-02-04T10:53:44.688525,20.9,47.9,0,0,none,none
2026-02-04T10:53:46.943105,20.9,47.9,0,0,none,none
2026-02-04T10:53:49.197995,20.9,47.9,0,0,none,none
2026-02-04T10:53:51.452950,20.9,47.9,0,0,none,none
2026-02-04T10:53:53.707626,20.9,47.9,0,0,none,none
2026-02-04T10:53:55.962473,20.9,47.9,0,0,none,none
2026-02-04T10:53:58.217242,20.9,47.9,0,0,none,none
2026-02-04T10:54:00.472069,20.9,47.9,0,0,none,none
2026-02-04T10:54:02.726881,20.9,47.9,0,0,none,none
2026-02-04T10:54:04.981877,20.9,47.9,0,0,none,none
2026-02-04T10:54:07.236570,20.9,47.9,0,0,none,none
2026-02-04T10:54:09.491035,20.9,47.9,0,0,none,none
2026-02-04T10:54:11.745866,20.9,47.9,0,0,none,none
2026-02-04T10:54:14.000531,20.9,47.9,0,0,none,none
2026-02-04T10:54:16.255185,20.9,47.9,0,0,none,none
2026-02-04T10:54:18.510181,20.9,47.9,0,0,none,none
2026-02-04T10:54:20.764974,20.9,47.9,0,0,none,none
2026-02-04T10:54:23.019868,20.9,47.9,0,0,none,none
2026-02-04T10:54:25.274669,20.9,47.9,0,0,none,none
2026-02-04T10:54:27.529468,20.9,47.9,0,0,none,none
2026-02-04T10:54:29.784303,20.9,47.9,0,0,none,none
2026-02-04T10:54:32.038853,20.9,47.9,0,0,none,none
2026-02-04T10:54:34.293491,20.9,47.9,0,0,none,none
2026-02-04T10:54:36.548445,20.9,47.9,0,0,none,none
2026-02-04T10:54:38.803326,20.9,47.9,0,0,none,none
2026-02-04T10:54:41.058136,20.9,47.9,0,0,none,none
2026-02-04T10:54:43.312928,20.9,47.9,0,0,none,none
2026-02-04T10:54:45.567941,20.9,47.8,0,0,none,none
2026-02-04T10:54:47.822573,20.9,47.8,0,0,none,none
2026-02-04T10:54:50.077437,20.9,47.9,0,0,none,none
2026-02-04T10:54:52.332295,20.9,47.8,0,0,none,none
2026-02-04T10:54:54.586989,20.9,47.8,0,0,none,none
2026-02-04T10:54:56.841882,20.9,47.8,0,0,none,none
2026-02-04T10:54:59.096730,20.9,47.8,0,0,none,none
2026-02-04T10:55:01.351236,20.9,47.8,0,0,none,none
2026-02-04T10:55:03.606191,20.9,47.8,0,0,none,none
2026-02-04T10:55:05.861047,20.9,47.8,0,0,none,none
2026-02-04T10:55:08.115760,20.9,47.8,0,0,none,none
2026-02-04T10:55:10.370448,20.9,47.8,0,0,none,none
2026-02-04T10:55:12.625436,20.9,47.8,0,0,none,none
2026-02-04T10:55:14.879979,20.9,47.8,0,0,none,none
2026-02-04T10:55:17.134807,20.9,47.9,0,0,none,none
2026-02-04T10:55:19.389676,20.9,47.8,0,0,none,none
2026-02-04T10:55:21.644492,20.9,47.8,0,0,none,none
2026-02-04T10:55:23.899168,20.9,47.8,0,0,none,none
2026-02-04T10:55:26.154050,20.9,47.9,0,0,none,none
2026-02-04T10:55:28.408707,20.9,47.8,0,0,none,none
2026-02-04T10:55:30.663507,20.9,47.9,0,0,none,none
2026-02-04T10:55:32.918288,20.9,47.8,0,0,none,none
2026-02-04T10:55:35.172965,20.9,47.8,0,0,none,none
2026-02-04T10:55:37.427910,20.9,47.8,0,0,none,none
2026-02-04T10:55:39.682733,20.9,47.8,0,0,none,none
2026-02-04T10:55:41.937446,20.9,47.9,0,0,none,none
2026-02-04T10:55:44.192301,20.9,47.8,0,0,none,none
2026-02-04T10:55:46.447093,20.9,47.8,0,0,none,none
2026-02-04T10:55:48.701852,20.9,47.8,0,0,none,none
2026-02-04T10:55:50.956699,20.9,47.8,0,0,none,none
2026-02-04T10:55:53.211527,20.9,47.9,0,0,none,none
2026-02-04T10:55:55.466016,20.9,47.8,0,0,none,none
2026-02-04T10:55:57.720869,20.9,47.8,0,0,none,none
2026-02-04T10:55:59.975554,20.9,47.8,0,0,none,none
2026-02-04T10:56:02.230294,20.9,47.8,0,0,none,none
2026-02-04T10:56:04.485187,20.9,47.8,0,0,none,none
2026-02-04T10:56:06.740006,20.9,47.8,0,0,none,none
2026-02-04T10:56:08.994666,20.9,47.8,0,0,none,none
2026-02-04T10:56:11.249558,20.9,47.8,0,0,none,none
2026-02-04T10:56:13.504014,20.9,47.8,0,0,none,none
2026-02-04T10:56:15.758665,20.9,47.8,0,0,none,none
2026-02-04T10:56:18.013474,20.9,47.7,0,0,none,none
2026-02-04T10:56:20.268333,20.9,47.8,0,0,none,none
2026-02-04T10:56:22.523231,20.9,47.7,0,0,none,none
2026-02-04T10:56:24.778222,20.9,47.8,0,0,none,none
2026-02-04T10:56:27.033060,20.9,47.7,0,0,none,none
2026-02-04T10:56:29.287645,20.9,47.7,0,0,none,none
2026-02-04T10:56:31.542268,20.9,47.8,0,0,none,none
2026-02-04T10:56:33.797137,20.9,47.7,0,0,none,none
2026-02-04T10:56:36.051794,20.9,47.8,0,0,none,none
2026-02-04T10:56:38.306685,20.9,47.7,0,0,none,none
2026-02-04T10:56:40.561622,20.9,47.8,0,0,none,none
2026-02-04T10:56:42.816365,20.9,47.8,0,0,none,none
2026-02-04T10:56:45.071141,20.9,47.7,0,0,none,none
2026-02-04T10:56:47.326099,20.9,47.7,0,0,none,none
2026-02-04T10:56:49.580814,20.9,47.7,0,0,none,none
2026-02-04T10:56:51.835601,20.9,47.7,0,0,none,none
2026-02-04T10:56:54.090238,20.9,47.7,0,0,none,none
2026-02-04T10:56:56.344851,20.9,47.7,0,0,none,none
2026-02-04T10:56:58.599728,20.9,47.7,0,0,none,none
2026-02-04T10:57:00.854529,20.9,47.7,0,0,none,none
2026-02-04T10:57:03.109185,20.9,47.7,0,0,none,none
2026-02-04T10:57:05.364029,20.9,47.7,0,0,none,none
2026-02-04T10:57:07.618584,20.9,47.7,0,0,none,none
2026-02-04T10:57:09.873263,20.9,47.7,0,0,none,none
2026-02-04T10:57:12.127982,20.9,47.7,0,0,none,none
2026-02-04T10:57:14.382752,20.9,47.7,0,0,none,none
2026-02-04T10:57:16.637515,20.9,47.7,0,0,none,none
2026-02-04T10:57:18.892411,20.9,47.7,0,0,none,none
2026-02-04T10:57:21.147014,20.9,47.7,0,0,none,none
2026-02-04T10:57:23.401844,20.9,47.7,0,0,none,none
2026-02-04T10:57:25.656838,20.9,47.7,0,0,none,none
2026-02-04T10:57:27.911396,20.9,47.7,0,0,none,none
2026-02-04T10:57:30.166142,20.9,47.7,0,0,none,none
2026-02-04T10:57:32.420927,20.9,47.7,0,0,none,none
2026-02-04T10:57:34.675855,20.9,47.7,0,0,none,none
2026-02-04T10:57:36.930397,20.9,47.7,0,0,none,none
2026-02-04T10:57:39.185261,20.9,47.7,0,0,none,none
2026-02-04T10:57:41.440237,20.9,47.7,0,0,none,none
2026-02-04T10:57:43.694969,20.9,47.6,0,0,none,none
2026-02-04T10:57:45.949886,20.9,47.6,0,0,none,none
2026-02-04T10:57:48.204671,20.9,47.6,0,0,none,none
2026-02-04T10:57:50.459557,20.9,47.6,0,0,none,none
2026-02-04T10:57:52.714386,20.9,47.6,0,0,none,none
2026-02-04T10:57:54.969267,20.9,47.6,0,0,none,none
2026-02-04T10:57:57.223783,20.9,47.6,0,0,none,none
2026-02-04T10:57:59.478834,20.9,47.6,0,0,none,none
2026-02-04T10:58:01.733796,20.9,47.6,0,0,none,none
2026-02-04T10:58:03.988431,20.9,47.6,1,0,none,none
2026-02-04T10:58:06.242932,20.9,47.6,0,0,none,none
2026-02-04T10:58:08.497299,20.9,47.6,0,0,none,none
2026-02-04T10:58:10.751763,20.9,47.6,0,0,none,none
2026-02-04T10:58:13.006614,20.9,47.6,0,0,none,none
2026-02-04T10:58:15.261473,20.9,47.6,0,0,none,none
2026-02-04T10:58:17.516237,20.9,47.6,0,0,none,none
2026-02-04T10:58:19.770983,20.9,47.6,0,0,none,none
2026-02-04T10:58:22.025927,20.9,47.6,0,0,none,none
2026-02-04T10:58:24.280677,20.9,47.6,0,0,none,none
2026-02-04T10:58:26.535625,20.9,47.7,0,0,none,none
2026-02-04T10:58:28.790433,20.9,47.7,0,0,none,none
2026-02-04T10:58:31.044999,20.8,47.6,0,0,none,none
2026-02-04T10:58:33.299729,20.9,47.7,0,0,none,none
2026-02-04T10:58:35.554569,20.9,47.7,0,0,none,none
2026-02-04T10:58:37.809280,20.8,47.6,0,0,none,none
2026-02-04T10:58:40.063791,20.9,47.6,0,0,none,none
2026-02-04T10:58:42.320680,20.9,47.6,0,0,none,none
2026-02-04T10:58:44.575200,20.9,47.6,0,0,none,none
2026-02-04T10:58:46.830144,20.9,47.6,0,0,none,none
2026-02-04T10:58:49.084772,20.9,47.6,0,0,none,none
2026-02-04T10:58:51.339440,20.9,47.6,0,0,none,none
2026-02-04T10:58:53.594461,20.9,47.6,0,0,none,none
2026-02-04T10:58:55.849317,20.9,47.6,0,0,none,none
2026-02-04T10:58:58.104033,20.9,47.6,0,0,none,none
2026-02-04T10:59:00.358823,20.9,47.6,0,0,none,none
2026-02-04T10:59:02.613852,20.9,47.6,0,0,none,none
2026-02-04T10:59:04.868476,20.9,47.6,0,0,none,none
2026-02-04T10:59:07.123322,20.9,47.6,0,0,none,none
2026-02-04T10:59:09.378242,20.9,47.6,0,0,none,none
2026-02-04T10:59:11.632954,20.9,47.6,0,0,none,none
2026-02-04T10:59:13.887687,20.9,47.6,0,0,none,none
2026-02-04T10:59:16.142570,20.9,47.6,0,0,none,none
2026-02-04T10:59:18.397236,20.9,47.6,0,0,none,none
2026-02-04T10:59:20.652260,20.9,47.6,0,0,none,none
2026-02-04T10:59:22.906935,20.9,47.6,0,0,none,none
2026-02-04T10:59:25.161601,20.9,47.6,0,0,none,none
2026-02-04T10:59:27.416488,20.9,47.6,0,0,none,none
2026-02-04T10:59:29.671438,20.9,47.6,0,0,none,none
2026-02-04T10:59:31.925806,20.9,47.6,0,0,none,none
2026-02-04T10:59:34.180699,20.9,47.6,0,0,none,none
2026-02-04T10:59:36.435638,20.9,47.6,0,0,none,none
2026-02-04T10:59:38.690370,20.9,47.6,0,0,none,none
2026-02-04T10:59:40.945149,20.9,47.6,0,0,none,none
2026-02-04T10:59:43.199937,20.9,47.5,0,0,none,none
2026-02-04T10:59:45.454722,20.9,47.5,0,0,none,none
2026-02-04T10:59:47.709601,20.9,47.5,0,0,none,none
2026-02-04T10:59:49.964093,20.9,47.5,0,0,none,none
2026-02-04T10:59:52.218678,20.9,47.5,0,0,none,none
2026-02-04T10:59:54.473618,20.9,47.5,0,0,none,none
2026-02-04T10:59:56.728239,20.9,47.5,0,0,none,none
2026-02-04T10:59:58.982800,20.8,47.5,0,0,none,none
2026-02-04T11:00:01.237720,20.9,47.6,0,0,none,none
2026-02-04T11:00:03.494766,20.9,47.5,0,0,none,none
2026-02-04T11:00:05.749466,20.9,47.5,0,0,none,none
2026-02-04T11:00:08.004670,20.9,47.6,0,0,none,none
2026-02-04T11:00:10.259602,20.9,47.6,0,0,none,none
2026-02-04T11:00:12.514459,20.9,47.6,0,0,none,none
2026-02-04T11:00:14.769419,20.9,47.6,0,0,none,none
2026-02-04T11:00:17.024445,20.9,47.6,0,0,none,none
2026-02-04T11:00:19.279122,20.9,47.5,0,0,none,none
2026-02-04T11:00:21.534168,20.9,47.6,0,0,none,none
2026-02-04T11:00:23.789051,20.9,47.6,0,0,none,none
2026-02-04T11:00:26.043767,20.9,47.6,0,0,none,none
2026-02-04T11:00:28.298486,20.9,47.6,0,0,none,none
2026-02-04T11:00:30.553394,20.9,47.6,0,0,none,none
2026-02-04T11:00:32.808008,20.9,47.5,0,0,none,none
2026-02-04T11:00:35.062519,20.8,47.5,0,0,none,none
2026-02-04T11:00:37.317431,20.9,47.5,0,0,none,none
2026-02-04T11:00:39.572301,20.9,47.5,0,0,none,none
2026-02-04T11:00:41.827189,20.9,47.5,0,0,none,none
2026-02-04T11:00:44.082081,20.8,47.5,0,0,none,none
2026-02-04T11:00:46.336791,20.9,47.5,0,0,none,none
2026-02-04T11:00:48.591694,20.9,47.5,0,0,none,none
2026-02-04T11:00:50.845980,20.9,47.5,0,0,none,none
2026-02-04T11:00:53.100551,20.9,47.5,0,0,none,none
2026-02-04T11:00:55.355227,20.9,47.6,0,0,none,none
2026-02-04T11:00:57.609759,20.9,47.6,0,0,none,none
2026-02-04T11:00:59.864452,20.8,47.5,0,0,none,none
2026-02-04T11:01:02.118815,20.9,47.5,0,0,none,none
2026-02-04T11:01:04.373670,20.9,47.6,0,0,none,none
2026-02-04T11:01:06.628452,20.9,47.6,0,0,none,none
2026-02-04T11:01:08.883337,20.9,47.5,0,0,none,none
2026-02-04T11:01:11.138140,20.9,47.5,0,0,none,none
2026-02-04T11:01:13.392787,20.9,47.5,0,0,none,none
2026-02-04T11:01:15.647601,20.9,47.5,0,0,none,none
2026-02-04T11:01:17.902421,20.9,47.5,0,0,none,none
2026-02-04T11:01:20.156910,20.9,47.5,0,0,none,none
2026-02-04T11:01:22.411561,20.9,47.5,0,0,none,none
2026-02-04T11:01:24.666497,20.9,47.5,0,0,none,none
2026-02-04T11:01:26.921191,20.9,47.4,0,0,none,none
2026-02-04T11:01:29.175932,20.8,47.4,0,0,none,none
2026-02-04T11:01:31.430846,20.9,47.5,0,0,none,none
2026-02-04T11:01:33.685600,20.9,47.4,0,0,none,none
2026-02-04T11:01:35.940517,20.9,47.5,0,0,none,none
2026-02-04T11:01:38.195363,20.9,47.5,0,0,none,none
2026-02-04T11:01:40.450219,20.9,47.5,0,0,none,none
2026-02-04T11:01:42.704983,20.9,47.5,0,0,none,none
2026-02-04T11:01:44.960938,20.9,47.5,0,0,none,none
2026-02-04T11:01:47.215144,20.9,47.5,0,0,none,none
2026-02-04T11:01:49.470193,20.9,47.5,0,0,none,none
2026-02-04T11:01:51.725072,20.9,47.5,0,0,none,none
2026-02-04T11:01:53.979769,20.9,47.5,0,0,none,none
2026-02-04T11:01:56.234529,20.9,47.5,0,0,none,none
2026-02-04T11:01:58.489438,20.9,47.5,0,0,none,none
2026-02-04T11:02:00.743831,20.9,47.5,0,0,none,none
2026-02-04T11:02:02.998663,20.8,47.3,0,0,none,none
2026-02-04T11:02:05.253513,20.9,47.4,0,0,none,none
2026-02-04T11:02:07.508339,20.9,47.4,0,0,none,none
2026-02-04T11:02:09.763139,20.8,47.4,0,0,none,none
2026-02-04T11:02:12.018021,20.9,47.4,0,0,none,none
2026-02-04T11:02:14.272720,20.9,47.4,0,0,none,none
2026-02-04T11:02:16.527652,20.9,47.4,0,0,none,none
2026-02-04T11:02:18.781921,20.9,47.4,0,0,none,none
2026-02-04T11:02:21.036585,20.9,47.5,0,0,none,none
2026-02-04T11:02:23.291424,20.9,47.4,0,0,none,none
2026-02-04T11:02:25.546306,20.9,47.5,0,0,none,none
2026-02-04T11:02:27.800937,20.9,47.4,0,0,none,none
2026-02-04T11:02:30.055641,20.9,47.4,0,0,none,none
2026-02-04T11:02:32.310384,20.9,47.4,0,0,none,none
2026-02-04T11:02:34.565264,20.9,47.4,0,0,none,none
2026-02-04T11:02:36.820041,20.8,47.3,0,0,none,none
2026-02-04T11:02:39.074523,20.9,47.4,0,0,none,none
2026-02-04T11:02:41.329239,20.9,47.4,0,0,none,none
2026-02-04T11:02:43.583899,20.9,47.4,0,0,none,none
2026-02-04T11:02:45.838387,20.9,47.4,0,0,none,none
2026-02-04T11:02:48.092682,20.9,47.4,0,0,none,none
2026-02-04T11:02:50.347283,20.8,47.3,0,0,none,none
2026-02-04T11:02:52.602206,20.9,47.4,0,0,none,none
2026-02-04T11:02:54.856907,20.9,47.4,0,0,none,none
2026-02-04T11:02:57.111753,20.9,47.4,0,0,none,none
2026-02-04T11:02:59.366592,20.9,47.4,0,0,none,none
2026-02-04T11:03:01.621426,20.9,47.5,0,0,none,none
2026-02-04T11:03:03.875989,20.9,47.4,0,0,none,none
2026-02-04T11:03:06.130781,20.9,47.4,0,0,none,none
2026-02-04T11:03:08.385448,20.9,47.4,0,0,none,none
2026-02-04T11:03:10.640123,20.9,47.4,0,0,none,none
2026-02-04T11:03:12.894720,20.9,47.4,0,0,none,none
2026-02-04T11:03:15.149471,20.9,47.4,0,0,none,none
2026-02-04T11:03:17.404266,20.9,47.4,0,0,none,none
2026-02-04T11:03:19.659034,20.9,47.4,0,0,none,none
2026-02-04T11:03:21.913674,20.9,47.4,0,0,none,none
2026-02-04T11:03:24.168391,20.9,47.4,0,0,none,none
2026-02-04T11:03:26.422937,20.9,47.4,0,0,none,none
2026-02-04T11:03:28.677852,20.9,47.4,0,0,none,none
2026-02-04T11:03:30.932705,20.9,47.4,0,0,none,none
2026-02-04T11:03:33.187625,20.9,47.3,0,0,none,none
2026-02-04T11:03:35.442219,20.9,47.4,0,0,none,none
2026-02-04T11:03:37.697219,20.9,47.4,0,0,none,none
2026-02-04T11:03:39.951922,20.8,47.3,0,0,none,none
2026-02-04T11:03:42.205996,20.9,47.3,0,0,none,none
2026-02-04T11:03:44.460921,20.9,47.3,0,0,none,none
2026-02-04T11:03:46.715285,20.9,47.4,0,0,none,none
2026-02-04T11:03:48.969955,20.9,47.4,0,0,none,none
2026-02-04T11:03:51.224864,20.9,47.3,0,0,none,none
2026-02-04T11:03:53.479960,20.9,47.3,0,0,none,none
2026-02-04T11:03:55.734656,20.9,47.4,0,0,none,none
2026-02-04T11:03:57.989511,20.8,47.3,0,0,none,none
2026-02-04T11:04:00.244519,20.9,47.4,0,0,none,none
2026-02-04T11:04:02.499266,20.9,47.4,0,0,none,none
2026-02-04T11:04:04.754189,20.8,47.3,0,0,none,none
2026-02-04T11:04:07.008959,20.9,47.4,0,0,none,none
2026-02-04T11:04:09.263631,20.9,47.4,0,0,none,none
2026-02-04T11:04:11.518407,20.9,47.4,0,0,none,none
2026-02-04T11:04:13.773290,20.9,47.4,0,0,none,none
2026-02-04T11:04:16.027695,20.9,47.3,0,0,none,none
2026-02-04T11:04:18.282331,20.9,47.4,0,0,none,none
2026-02-04T11:04:20.537279,20.9,47.4,0,0,none,none
2026-02-04T11:04:22.791994,20.9,47.3,0,0,none,none
2026-02-04T11:04:25.046509,20.9,47.3,0,0,none,none
2026-02-04T11:04:27.301386,20.9,47.3,0,0,none,none
2026-02-04T11:04:29.556173,20.9,47.3,0,0,none,none
2026-02-04T11:04:31.810824,20.9,47.3,0,0,none,none
2026-02-04T11:04:34.065814,20.9,47.3,0,0,none,none
2026-02-04T11:04:36.320418,20.9,47.3,0,0,none,none
2026-02-04T11:04:38.575068,20.9,47.3,0,0,none,none
2026-02-04T11:04:40.829995,20.8,47.3,0,0,none,none
2026-02-04T11:04:43.084573,20.9,47.3,0,0,none,none
2026-02-04T11:04:45.339360,20.9,47.3,0,0,none,none
2026-02-04T11:04:47.594308,20.9,47.3,0,0,none,none
2026-02-04T11:04:49.848675,20.9,47.3,0,0,none,none
2026-02-04T11:04:52.103437,20.9,47.3,0,0,none,none
2026-02-04T11:04:54.358157,20.9,47.3,0,0,none,none
2026-02-04T11:04:56.612923,20.9,47.4,0,0,none,none
2026-02-04T11:04:58.867790,20.9,47.3,0,0,none,none
2026-02-04T11:05:01.122590,20.9,47.3,0,0,none,none
2026-02-04T11:05:03.377326,20.9,47.3,0,0,none,none
2026-02-04T11:05:05.632287,20.9,47.3,0,0,none,none
2026-02-04T11:05:07.887092,20.9,47.4,0,0,none,none
2026-02-04T11:05:10.141852,20.9,47.3,0,0,none,none
2026-02-04T11:05:12.396623,20.9,47.4,0,0,none,none
2026-02-04T11:05:14.651243,20.9,47.3,0,0,none,none
2026-02-04T11:05:16.905977,20.9,47.3,0,0,none,none
2026-02-04T11:05:19.160750,20.9,47.3,0,0,none,none
2026-02-04T11:05:21.415362,20.9,47.3,0,0,none,none
2026-02-04T11:05:23.670183,20.9,47.3,0,0,none,none
2026-02-04T11:05:25.925005,20.9,47.3,0,0,none,none
2026-02-04T11:05:28.179725,20.9,47.3,0,0,none,none
2026-02-04T11:05:30.434509,20.9,47.3,0,0,none,none
2026-02-04T11:05:32.689388,20.9,47.3,0,0,none,none
2026-02-04T11:05:34.944287,20.9,47.3,0,0,none,none
2026-02-04T11:05:37.198918,20.9,47.3,0,0,none,none
2026-02-04T11:05:39.453419,20.8,47.2,0,0,none,none
2026-02-04T11:05:41.708143,20.9,47.3,0,0,none,none
2026-02-04T11:05:43.962715,20.9,47.3,0,0,none,none
2026-02-04T11:05:46.217562,20.9,47.3,0,0,none,none
2026-02-04T11:05:48.472504,20.9,47.3,0,0,none,none
2026-02-04T11:05:50.727008,20.9,47.3,0,0,none,none
2026-02-04T11:05:52.981940,20.9,47.3,0,0,none,none
2026-02-04T11:05:55.236630,20.9,47.3,0,0,none,none
2026-02-04T11:05:57.490881,20.9,47.3,0,0,none,none
2026-02-04T11:05:59.745798,20.8,47.2,0,0,none,none
2026-02-04T11:06:02.000594,20.9,47.3,0,0,none,none
2026-02-04T11:06:04.255162,20.9,47.3,0,0,none,none
2026-02-04T11:06:06.510155,20.9,47.3,0,0,none,none
2026-02-04T11:06:08.764908,20.8,47.2,0,0,none,none
2026-02-04T11:06:11.019518,20.9,47.2,0,0,none,none
2026-02-04T11:06:13.274362,20.9,47.2,0,0,none,none
2026-02-04T11:06:15.529306,20.9,47.3,0,0,none,none
2026-02-04T11:06:17.783819,20.9,47.2,0,0,none,none
2026-02-04T11:06:20.038574,20.9,47.2,0,0,none,none
2026-02-04T11:06:22.293392,20.9,47.2,0,0,none,none
2026-02-04T11:06:24.548068,20.9,47.2,0,0,none,none
2026-02-04T11:06:26.802583,20.9,47.2,0,0,none,none
2026-02-04T11:06:29.057461,20.9,47.2,0,0,none,none
2026-02-04T11:06:31.312012,20.9,47.2,0,0,none,none
2026-02-04T11:06:33.566946,20.9,47.2,0,0,none,none
2026-02-04T11:06:35.821812,20.9,47.2,0,0,none,none
2026-02-04T11:06:38.076324,20.9,47.2,0,0,none,none
2026-02-04T11:06:40.331200,20.9,47.2,0,0,none,none
2026-02-04T11:06:42.586194,20.9,47.2,0,0,none,none
2026-02-04T11:06:44.840748,20.9,47.2,0,0,none,none
2026-02-04T11:06:47.095564,20.9,47.2,0,0,none,none
2026-02-04T11:06:49.352482,20.9,47.2,0,0,none,none
2026-02-04T11:06:51.607238,20.9,47.2,0,0,none,none
2026-02-04T11:06:53.862195,20.9,47.2,1,0,none,none
2026-02-04T11:06:56.117042,20.9,47.2,0,0,none,none
2026-02-04T11:06:58.371609,20.9,47.2,0,0,none,none
2026-02-04T11:07:00.626547,20.9,47.2,0,0,none,none
2026-02-04T11:07:02.881475,20.9,47.2,0,0,none,none
2026-02-04T11:07:05.136074,20.9,47.2,0,0,none,none
2026-02-04T11:07:07.390578,20.9,47.2,0,0,none,none
2026-02-04T11:07:09.645600,20.9,47.2,0,0,none,none
2026-02-04T11:07:11.900206,20.9,47.2,0,0,none,none
2026-02-04T11:07:14.154857,20.9,47.2,0,0,none,none
2026-02-04T11:07:16.409798,20.9,47.2,0,0,none,none
2026-02-04T11:07:18.664440,20.9,47.2,0,0,none,none
2026-02-04T11:07:20.919215,20.9,47.2,0,0,none,none
2026-02-04T11:07:23.174107,20.9,47.2,0,0,none,none
2026-02-04T11:07:25.428888,20.9,47.2,0,0,none,none
2026-02-04T11:07:27.683721,20.9,47.2,0,0,none,none
2026-02-04T11:07:29.938096,20.9,47.2,0,0,none,none
2026-02-04T11:07:32.192684,20.9,47.2,0,0,none,none
2026-02-04T11:07:34.447763,20.9,47.2,0,0,none,none
2026-02-04T11:07:36.704729,20.9,47.2,0,0,none,none
2026-02-04T11:07:38.959168,20.9,47.2,0,0,none,none
2026-02-04T11:07:41.214097,20.9,47.2,0,0,none,none
2026-02-04T11:07:43.468984,20.9,47.2,0,0,none,none
2026-02-04T11:07:45.723468,20.9,47.2,0,0,none,none
2026-02-04T11:07:47.978169,20.9,47.2,0,0,none,none
2026-02-04T11:07:50.232973,20.9,47.2,0,0,none,none
2026-02-04T11:07:52.487294,20.9,47.2,0,0,none,none
2026-02-04T11:07:54.742171,20.9,47.2,0,0,none,none
2026-02-04T11:07:56.998280,20.9,47.2,0,0,none,none
2026-02-04T11:07:59.252886,20.9,47.2,0,0,none,none
2026-02-04T11:08:01.507861,20.9,47.2,0,0,none,none
2026-02-04T11:08:03.764160,20.9,47.2,0,0,none,none
2026-02-04T11:08:06.018572,20.8,47.1,0,0,none,none
2026-02-04T11:08:08.273489,20.9,47.2,0,0,none,none
2026-02-04T11:08:10.528339,20.9,47.2,0,0,none,none
2026-02-04T11:08:12.782971,20.9,47.2,0,0,none,none
2026-02-04T11:08:15.037862,20.9,47.2,0,0,none,none
2026-02-04T11:08:17.292722,20.9,47.2,0,0,none,none
2026-02-04T11:08:19.547248,20.9,47.2,0,0,none,none
2026-02-04T11:08:21.802176,20.9,47.2,1,0,none,none
2026-02-04T11:08:24.056793,20.9,47.2,0,0,none,none
2026-02-04T11:08:26.392369,20.9,47.2,0,0,none,none
2026-02-04T11:08:28.668680,20.9,47.2,0,0,none,none
2026-02-04T11:08:30.923127,20.9,47.2,0,0,none,none
2026-02-04T11:08:33.177940,20.8,47.1,0,0,none,none
2026-02-04T11:08:35.432998,20.9,47.2,0,0,none,none
2026-02-04T11:08:37.687973,20.9,47.2,0,0,none,none
2026-02-04T11:08:39.942353,20.9,47.2,0,0,none,none
2026-02-04T11:08:42.197224,20.8,47.1,0,0,none,none
2026-02-04T11:08:44.452141,20.9,47.2,0,0,none,none
2026-02-04T11:08:46.787694,20.8,47.1,0,0,none,none
2026-02-04T11:08:49.123470,20.9,47.2,0,0,none,none
2026-02-04T11:08:51.459526,20.9,47.2,0,0,none,none
2026-02-04T11:08:53.716333,20.9,47.1,0,0,none,none
2026-02-04T11:08:55.970778,20.8,47.1,0,0,none,none
2026-02-04T11:08:58.227366,20.9,47.2,0,0,none,none
2026-02-04T11:09:00.482290,20.8,47.0,0,0,none,none
2026-02-04T11:09:02.737134,20.9,47.1,0,0,none,none
2026-02-04T11:09:04.991997,20.9,47.2,0,0,none,none
2026-02-04T11:09:07.246592,20.8,47.0,0,0,none,none
2026-02-04T11:09:09.501313,20.9,47.2,0,0,none,none
2026-02-04T11:09:11.756200,20.9,47.1,0,0,none,none
2026-02-04T11:09:14.010292,20.9,47.2,0,0,none,none
2026-02-04T11:09:16.265178,20.9,47.2,0,0,none,none
2026-02-04T11:09:18.520198,20.9,47.1,0,0,none,none
2026-02-04T11:09:20.774836,20.8,47.1,0,0,none,none
2026-02-04T11:09:23.029854,20.9,47.1,0,0,none,none
2026-02-04T11:09:25.284762,20.9,47.1,0,0,none,none
2026-02-04T11:09:27.539549,20.9,47.2,0,0,none,none
2026-02-04T11:09:29.794423,20.9,47.1,0,0,none,none
2026-02-04T11:09:32.049273,20.8,47.0,0,0,none,none
2026-02-04T11:09:34.303980,20.9,47.1,0,0,none,none
2026-02-04T11:09:36.558973,20.8,47.0,0,0,none,none
2026-02-04T11:09:38.813918,20.9,47.2,0,0,none,none
2026-02-04T11:09:41.068711,20.9,47.2,0,0,none,none
2026-02-04T11:09:43.323715,20.9,47.1,0,0,none,none
2026-02-04T11:09:45.578747,20.9,47.1,0,0,none,none
2026-02-04T11:09:47.833571,20.9,47.1,0,0,none,none
2026-02-04T11:09:50.088514,20.8,47.0,0,0,none,none
2026-02-04T11:09:52.343435,20.9,47.1,0,0,none,none
2026-02-04T11:09:54.598191,20.9,47.1,0,0,none,none
2026-02-04T11:09:56.853205,20.9,47.1,0,0,none,none
2026-02-04T11:09:59.108069,20.8,47.0,0,0,none,none
2026-02-04T11:10:01.362821,20.9,47.1,0,0,none,none
2026-02-04T11:10:03.617844,20.8,47.0,0,0,none,none
2026-02-04T11:10:05.872675,20.8,47.0,0,0,none,none
2026-02-04T11:10:08.127204,20.9,47.2,0,0,none,none
2026-02-04T11:10:10.382106,20.9,47.1,0,0,none,none
2026-02-04T11:10:12.636989,20.8,47.0,0,0,none,none
2026-02-04T11:10:14.891752,20.8,47.0,0,0,none,none
2026-02-04T11:10:17.146629,20.9,47.1,0,0,none,none
2026-02-04T11:10:19.401465,20.8,47.0,0,0,none,none
2026-02-04T11:10:21.656378,20.8,47.1,0,0,none,none
2026-02-04T11:10:23.911215,20.8,47.1,0,0,none,none
2026-02-04T11:10:26.166110,20.8,47.1,0,0,none,none
2026-02-04T11:10:28.420712,20.9,47.2,0,0,none,none
2026-02-04T11:10:30.675703,20.9,47.2,0,0,none,none
2026-02-04T11:10:32.930441,20.8,47.1,0,0,none,none
2026-02-04T11:10:35.185224,20.9,47.1,0,0,none,none
2026-02-04T11:10:37.440148,,,0,0,none,none
2026-02-04T11:10:39.696878,20.8,47.1,0,0,none,none
2026-02-04T11:10:41.951531,20.9,47.2,0,0,none,none
2026-02-04T11:10:44.206455,20.8,47.0,0,0,none,none
2026-02-04T11:10:46.461367,20.8,47.0,0,0,none,none
2026-02-04T11:10:48.716032,20.8,47.1,0,0,none,none
2026-02-04T11:10:50.970853,20.8,47.1,0,0,none,none
2026-02-04T11:10:53.227719,20.8,47.1,0,0,none,none
2026-02-04T11:10:55.481986,20.9,47.1,0,0,none,none
2026-02-04T11:10:57.737018,20.9,47.2,0,0,none,none
2026-02-04T11:10:59.991841,20.8,47.0,0,0,none,none
2026-02-04T11:11:02.246585,20.8,47.0,0,0,none,none
2026-02-04T11:11:04.501249,20.9,47.1,0,0,none,none
2026-02-04T11:11:06.758253,20.8,47.0,0,0,none,none
2026-02-04T11:11:09.012771,20.8,47.0,0,0,none,none
2026-02-04T11:11:11.267690,20.9,47.1,0,0,none,none
2026-02-04T11:11:13.524181,20.9,47.1,0,0,none,none
2026-02-04T11:11:15.778832,20.8,47.0,0,0,none,none
2026-02-04T11:11:18.033772,20.8,47.0,0,0,none,none
2026-02-04T11:11:20.288657,20.8,47.0,0,0,none,none
2026-02-04T11:11:22.543516,20.8,47.0,0,0,none,none
2026-02-04T11:11:24.798452,20.8,47.0,0,0,none,none
2026-02-04T11:11:27.053331,20.8,47.0,0,0,none,none
2026-02-04T11:11:29.307981,20.8,47.0,0,0,none,none
2026-02-04T11:11:31.562985,20.8,47.0,0,0,none,none
2026-02-04T11:11:33.817892,20.8,47.0,0,0,none,none
2026-02-04T11:11:36.072515,20.8,47.0,0,0,none,none
2026-02-04T11:11:38.327450,20.8,47.0,0,0,none,none
2026-02-04T11:11:40.582488,20.8,47.0,0,0,none,none
2026-02-04T11:11:42.837283,20.8,47.0,0,0,none,none
2026-02-04T11:11:45.092138,20.8,47.0,0,0,none,none
2026-02-04T11:11:47.347115,20.8,47.0,0,0,none,none
2026-02-04T11:11:49.601979,20.8,47.0,0,0,none,none
2026-02-04T11:11:51.856877,20.8,47.0,0,0,none,none
2026-02-04T11:11:54.111716,20.8,47.0,0,0,none,none
2026-02-04T11:11:56.366340,20.8,47.0,0,0,none,none
2026-02-04T11:11:58.621372,20.8,47.0,0,0,none,none
2026-02-04T11:12:00.876273,20.8,47.0,0,0,none,none
2026-02-04T11:12:03.130955,20.8,47.0,0,0,none,none
2026-02-04T11:12:05.386029,20.8,47.0,0,0,none,none
2026-02-04T11:12:07.641102,20.8,47.0,0,0,none,none
2026-02-04T11:12:09.895758,20.8,47.0,0,0,none,none
2026-02-04T11:12:12.150435,20.8,47.0,0,0,none,none
2026-02-04T11:12:14.405260,20.8,47.0,0,0,none,none
2026-02-04T11:12:16.660070,20.8,47.0,0,0,none,none
2026-02-04T11:12:18.914892,20.8,47.0,0,0,none,none
2026-02-04T11:12:21.169792,20.8,47.0,0,0,none,none
2026-02-04T11:12:23.425680,20.8,47.0,0,0,none,none
2026-02-04T11:12:25.680630,20.8,47.0,0,0,none,none
2026-02-04T11:12:27.935519,20.8,47.0,0,0,none,none
2026-02-04T11:12:30.189993,20.8,47.0,0,0,none,none
2026-02-04T11:12:32.445060,20.8,47.0,0,0,none,none
2026-02-04T11:12:34.699791,20.8,47.0,0,0,none,none
2026-02-04T11:12:36.954428,20.8,47.0,0,0,none,none
2026-02-04T11:12:39.209282,20.8,47.0,0,0,none,none
2026-02-04T11:12:41.466266,20.8,47.0,0,0,none,none
2026-02-04T11:12:43.801926,20.8,47.0,0,0,none,none
2026-02-04T11:12:46.137674,20.8,47.0,0,0,none,none
2026-02-04T11:12:48.414230,20.8,47.0,0,0,none,none
2026-02-04T11:12:50.669106,20.9,47.1,0,0,none,none
2026-02-04T11:12:52.924057,20.8,47.0,0,0,none,none
2026-02-04T11:12:55.178834,20.8,47.0,0,0,none,none
2026-02-04T11:12:57.433684,20.8,47.0,0,0,none,none
2026-02-04T11:12:59.688552,20.8,47.0,1,0,none,none
2026-02-04T11:13:01.943487,20.8,47.0,0,0,none,none
2026-02-04T11:13:04.198130,20.8,47.0,0,0,none,none
2026-02-04T11:13:06.453122,20.9,47.2,0,0,none,none
2026-02-04T11:13:08.708049,20.8,47.0,0,0,none,none
2026-02-04T11:13:10.962216,20.8,47.0,0,0,none,none
2026-02-04T11:13:13.217171,20.8,47.0,0,0,none,none
2026-02-04T11:13:15.472210,20.8,47.0,0,0,none,none
2026-02-04T11:13:17.726942,20.8,47.0,0,0,none,none
2026-02-04T11:13:19.981933,20.8,47.0,0,0,none,none
2026-02-04T11:13:22.236777,20.8,47.0,0,0,none,none
2026-02-04T11:13:24.491351,20.8,47.0,0,0,none,none
2026-02-04T11:13:26.746376,20.8,47.0,0,0,none,none
2026-02-04T11:13:29.003204,20.8,47.0,0,0,none,none
2026-02-04T11:13:31.257917,20.8,47.0,0,0,none,none
2026-02-04T11:13:33.512992,20.8,47.0,0,0,none,none
2026-02-04T11:13:35.770265,20.8,47.0,0,0,none,none
2026-02-04T11:13:38.025059,20.8,47.0,0,0,none,none
2026-02-04T11:13:40.279853,20.8,47.0,0,0,none,none
2026-02-04T11:13:42.534872,20.8,47.0,0,0,none,none
2026-02-04T11:13:44.789508,20.8,47.0,0,0,none,none
2026-02-04T11:13:47.044494,20.8,47.0,0,0,none,none
2026-02-04T11:13:49.299373,20.8,47.0,0,0,none,none
2026-02-04T11:13:51.553985,20.8,47.0,0,0,none,none
2026-02-04T11:13:53.808856,20.8,46.9,0,0,none,none
2026-02-04T11:13:56.063732,20.8,47.0,0,0,none,none
2026-02-04T11:13:58.318449,20.8,47.0,0,0,none,none
2026-02-04T11:14:00.573470,20.8,46.9,0,0,none,none
2026-02-04T11:14:02.830463,20.8,46.9,0,0,none,none
2026-02-04T11:14:05.085234,20.8,46.9,0,0,none,none
2026-02-04T11:14:07.340146,20.8,46.9,0,0,none,none
2026-02-04T11:14:09.595187,20.8,46.9,0,0,none,none
2026-02-04T11:14:11.849877,20.8,46.9,0,0,none,none
2026-02-04T11:14:14.104775,20.8,46.9,0,0,none,none
2026-02-04T11:14:16.359655,20.8,47.0,0,0,none,none
2026-02-04T11:14:18.613918,20.8,46.9,0,0,none,none
2026-02-04T11:14:20.868894,20.8,47.0,0,0,none,none
2026-02-04T11:14:23.123780,20.8,46.9,0,0,none,none
2026-02-04T11:14:25.378476,20.8,47.0,0,0,none,none
2026-02-04T11:14:27.633579,20.8,47.0,0,0,none,none
2026-02-04T11:14:29.888535,20.8,46.9,0,0,none,none
2026-02-04T11:14:32.143250,20.8,46.9,0,0,none,none
2026-02-04T11:14:34.398142,20.8,46.9,0,0,none,none
2026-02-04T11:14:36.653101,20.8,46.9,0,0,none,none
2026-02-04T11:14:38.907631,20.8,46.9,0,0,none,none
2026-02-04T11:14:41.162413,20.8,46.9,0,0,none,none
2026-02-04T11:14:43.417308,20.8,46.9,0,0,none,none
2026-02-04T11:14:45.672189,20.8,47.0,0,0,none,none
2026-02-04T11:14:47.927026,20.8,46.9,0,0,none,none
2026-02-04T11:14:50.181912,20.8,46.9,0,0,none,none
2026-02-04T11:14:52.436607,20.8,46.9,0,0,none,none
2026-02-04T11:14:54.691438,20.8,46.9,0,0,none,none
2026-02-04T11:14:56.946360,20.8,47.0,0,0,none,none
2026-02-04T11:14:59.200975,20.8,46.9,0,0,none,none
2026-02-04T11:15:01.456016,20.8,46.9,0,0,none,none
2026-02-04T11:15:03.710694,20.8,46.9,0,0,none,none
2026-02-04T11:15:05.965478,20.8,46.9,0,0,none,none
2026-02-04T11:15:08.220412,20.8,47.0,0,0,none,none
2026-02-04T11:15:10.475461,20.8,46.9,0,0,none,none
2026-02-04T11:15:12.730172,20.8,47.0,0,0,none,none
2026-02-04T11:15:14.985061,20.9,47.0,0,0,none,none
2026-02-04T11:15:17.239981,20.8,47.0,0,0,none,none
2026-02-04T11:15:19.495463,20.8,46.9,0,0,none,none
2026-02-04T11:15:21.831232,20.8,46.9,0,0,none,none
2026-02-04T11:15:24.088464,20.8,46.9,0,0,none,none
2026-02-04T11:15:26.342760,20.8,46.9,0,0,none,none
2026-02-04T11:15:28.597869,20.8,46.9,0,0,none,none
2026-02-04T11:15:30.852795,20.8,46.9,0,0,none,none
2026-02-04T11:15:33.107517,20.8,46.9,0,0,none,none
2026-02-04T11:15:35.362201,20.8,46.9,0,0,none,none
2026-02-04T11:15:37.616834,20.8,46.9,0,0,none,none
2026-02-04T11:15:39.871542,20.8,46.9,0,0,none,none
2026-02-04T11:15:42.126437,20.8,46.9,0,0,none,none
2026-02-04T11:15:44.381394,20.8,46.9,0,0,none,none
2026-02-04T11:15:46.636256,20.8,46.9,0,0,none,none
2026-02-04T11:15:48.891146,20.8,46.9,0,0,none,none
2026-02-04T11:15:51.146225,20.8,46.9,0,0,none,none
2026-02-04T11:15:53.401019,20.8,46.9,0,1,pir_false_motion,injected
2026-02-04T11:15:55.656409,20.8,46.9,0,1,pir_false_motion,injected
2026-02-04T11:15:57.913459,20.8,46.9,0,1,pir_false_motion,injected
2026-02-04T11:16:00.167956,20.8,46.9,0,1,pir_false_motion,injected
2026-02-04T11:16:02.422401,20.8,46.9,0,1,pir_false_motion,injected
2026-02-04T11:16:04.677567,20.8,46.9,0,1,pir_false_motion,injected
2026-02-04T11:16:06.932316,20.8,46.9,0,1,pir_false_motion,injected
2026-02-04T11:16:09.187273,20.8,46.9,0,1,pir_false_motion,injected
2026-02-04T11:16:11.442105,20.8,46.9,0,1,pir_false_motion,injected
2026-02-04T11:16:13.724133,20.8,46.9,0,1,pir_false_motion,injected
2026-02-04T11:16:15.978971,20.8,46.9,0,1,pir_false_motion,injected
2026-02-04T11:16:18.233442,20.8,46.9,0,1,pir_false_motion,injected
2026-02-04T11:16:20.487756,20.8,46.9,0,1,pir_false_motion,injected
2026-02-04T11:16:22.742592,20.8,46.9,0,1,pir_false_motion,injected
2026-02-04T11:16:24.997511,20.8,46.9,0,1,pir_false_motion,injected
2026-02-04T11:16:27.252184,20.8,46.9,0,1,pir_false_motion,injected
2026-02-04T11:16:29.507097,20.8,46.9,0,1,pir_false_motion,injected
2026-02-04T11:16:31.761984,20.8,46.9,0,1,pir_false_motion,injected
2026-02-04T11:16:34.016656,20.8,46.9,0,1,pir_false_motion,injected
2026-02-04T11:16:36.271429,20.8,46.9,0,1,pir_false_motion,injected
2026-02-04T11:16:38.526380,20.8,46.9,0,1,pir_false_motion,injected
2026-02-04T11:16:40.781006,20.8,46.9,0,1,pir_false_motion,injected
2026-02-04T11:16:43.035838,20.8,46.9,0,1,pir_false_motion,injected
2026-02-04T11:16:45.290583,20.8,47.0,0,1,pir_false_motion,injected
2026-02-04T11:16:47.545204,20.8,46.9,0,1,pir_false_motion,injected
2026-02-04T11:16:49.856167,20.8,47.0,0,1,pir_false_motion,injected
2026-02-04T11:16:52.111015,20.8,47.0,0,1,pir_false_motion,injected
2026-02-04T11:16:54.365697,20.8,47.0,0,1,pir_false_motion,injected
2026-02-04T11:16:56.620547,20.8,46.9,0,1,pir_false_motion,injected
2026-02-04T11:16:58.875425,20.8,46.9,0,1,pir_false_motion,injected
2026-02-04T11:17:01.130284,20.8,46.9,0,1,pir_false_motion,injected
2026-02-04T11:17:03.385200,20.8,46.9,0,1,pir_false_motion,injected
2026-02-04T11:17:05.640234,20.8,46.9,0,1,pir_false_motion,injected
2026-02-04T11:17:07.894921,20.8,46.9,0,1,pir_false_motion,injected
2026-02-04T11:17:10.149946,20.8,46.9,0,1,pir_false_motion,injected
2026-02-04T11:17:12.404842,20.8,46.9,0,1,pir_false_motion,injected
2026-02-04T11:17:14.659642,20.8,46.9,0,1,pir_false_motion,injected
2026-02-04T11:17:16.914571,20.8,46.9,0,1,pir_false_motion,injected
2026-02-04T11:17:19.169441,20.8,46.9,0,1,pir_false_motion,injected
2026-02-04T11:17:21.424042,20.8,46.9,0,1,pir_false_motion,injected
2026-02-04T11:17:23.678944,20.9,47.0,0,1,pir_false_motion,injected
2026-02-04T11:17:25.933848,20.8,46.9,0,1,pir_false_motion,injected
2026-02-04T11:17:28.188535,20.8,46.9,0,1,pir_false_motion,injected
2026-02-04T11:17:30.443443,20.8,46.9,0,1,pir_false_motion,injected
2026-02-04T11:17:32.698314,20.8,46.9,0,1,pir_false_motion,injected
2026-02-04T11:17:34.952995,20.8,46.9,0,1,pir_false_motion,injected
2026-02-04T11:17:37.207890,20.8,46.9,0,1,pir_false_motion,injected
2026-02-04T11:17:39.462802,20.8,46.9,0,1,pir_false_motion,injected
2026-02-04T11:17:41.717519,20.8,46.9,0,1,pir_false_motion,injected
2026-02-04T11:17:43.972414,20.8,46.9,0,1,pir_false_motion,injected
2026-02-04T11:17:46.227196,20.8,46.9,0,1,pir_false_motion,injected
2026-02-04T11:17:48.481982,20.8,46.9,0,1,pir_false_motion,injected
2026-02-04T11:17:50.736794,20.8,46.9,0,1,pir_false_motion,injected
2026-02-04T11:17:52.991309,20.8,46.9,0,1,pir_false_motion,injected
2026-02-04T11:17:55.246005,20.8,46.9,0,1,pir_false_motion,injected
2026-02-04T11:17:57.500447,20.8,46.9,0,1,pir_false_motion,injected
2026-02-04T11:17:59.755270,20.8,46.9,0,1,pir_false_motion,injected
2026-02-04T11:18:02.009953,20.8,46.9,0,1,pir_false_motion,injected
2026-02-04T11:18:04.264793,20.8,46.9,0,1,pir_false_motion,injected
2026-02-04T11:18:06.519728,20.8,46.9,0,1,pir_false_motion,injected
2026-02-04T11:18:08.774292,20.8,46.9,0,1,pir_false_motion,injected
2026-02-04T11:18:11.029227,20.9,47.0,0,1,pir_false_motion,injected
2026-02-04T11:18:13.284078,20.8,46.9,0,1,pir_false_motion,injected
2026-02-04T11:18:15.538795,20.8,46.9,0,1,pir_false_motion,injected
2026-02-04T11:18:17.793610,20.8,46.9,0,1,pir_false_motion,injected
2026-02-04T11:18:20.048534,20.8,46.9,0,1,pir_false_motion,injected
2026-02-04T11:18:22.303097,20.8,46.9,0,1,pir_false_motion,injected
2026-02-04T11:18:24.558099,20.8,46.9,0,1,pir_false_motion,injected
2026-02-04T11:18:26.812927,20.8,46.9,0,1,pir_false_motion,injected
2026-02-04T11:18:29.067650,20.8,46.9,0,1,pir_false_motion,injected
2026-02-04T11:18:31.322404,20.8,46.9,1,1,pir_false_motion,injected
2026-02-04T11:18:33.577348,20.8,46.9,0,1,pir_false_motion,injected
2026-02-04T11:18:35.831872,20.8,46.9,1,1,pir_false_motion,injected
2026-02-04T11:18:38.086683,20.8,46.8,0,1,pir_false_motion,injected
2026-02-04T11:18:40.341621,20.9,46.9,0,1,pir_false_motion,injected
2026-02-04T11:18:42.596355,20.8,46.8,0,1,pir_false_motion,injected
2026-02-04T11:18:44.851051,20.8,46.9,0,1,pir_false_motion,injected
2026-02-04T11:18:47.105927,20.8,46.8,0,1,pir_false_motion,injected
2026-02-04T11:18:49.360517,20.8,46.8,0,1,pir_false_motion,injected
2026-02-04T11:18:51.615378,20.8,46.9,0,1,pir_false_motion,injected
2026-02-04T11:18:53.870264,20.8,46.9,1,1,pir_false_motion,injected
2026-02-04T11:18:56.125035,20.8,46.8,0,1,pir_false_motion,injected
2026-02-04T11:18:58.379759,20.8,46.8,1,1,pir_false_motion,injected
2026-02-04T11:19:00.634755,20.8,46.8,0,1,pir_false_motion,injected
2026-02-04T11:19:02.889448,20.8,46.8,0,1,pir_false_motion,injected
2026-02-04T11:19:05.144314,20.8,46.8,0,1,pir_false_motion,injected
2026-02-04T11:19:07.399119,20.8,46.8,0,1,pir_false_motion,injected
2026-02-04T11:19:09.653977,20.8,46.8,0,1,pir_false_motion,injected
2026-02-04T11:19:11.908822,20.8,46.8,0,1,pir_false_motion,injected
2026-02-04T11:19:14.163756,20.8,46.8,1,1,pir_false_motion,injected
2026-02-04T11:19:16.418472,20.8,46.8,0,1,pir_false_motion,injected
2026-02-04T11:19:18.673509,20.8,46.8,1,1,pir_false_motion,injected
2026-02-04T11:19:20.928346,20.8,46.8,0,1,pir_false_motion,injected
2026-02-04T11:19:23.182951,20.8,46.8,0,1,pir_false_motion,injected
2026-02-04T11:19:25.437435,20.8,46.8,0,1,pir_false_motion,injected
2026-02-04T11:19:27.694448,20.8,46.8,0,1,pir_false_motion,injected
2026-02-04T11:19:29.949107,20.8,46.9,0,1,pir_false_motion,injected
2026-02-04T11:19:32.204013,20.8,46.8,0,1,pir_false_motion,injected
2026-02-04T11:19:34.458990,20.8,46.8,1,1,pir_false_motion,injected
2026-02-04T11:19:36.713683,20.8,46.8,0,1,pir_false_motion,injected
2026-02-04T11:19:38.968655,20.8,46.7,0,1,pir_false_motion,injected
2026-02-04T11:19:41.223550,20.8,46.7,0,1,pir_false_motion,injected
2026-02-04T11:19:43.478078,20.8,46.7,0,1,pir_false_motion,injected
2026-02-04T11:19:45.733033,20.8,46.8,0,1,pir_false_motion,injected
2026-02-04T11:19:47.987882,20.8,46.7,0,1,pir_false_motion,injected
2026-02-04T11:19:50.242626,20.8,46.7,0,1,pir_false_motion,injected
2026-02-04T11:19:52.497043,20.8,46.7,0,1,pir_false_motion,injected
2026-02-04T11:19:54.751994,20.8,46.7,0,1,pir_false_motion,injected
2026-02-04T11:19:57.006770,20.8,46.7,0,1,pir_false_motion,injected
2026-02-04T11:19:59.261656,20.8,46.8,0,1,pir_false_motion,injected
2026-02-04T11:20:01.516685,20.9,46.8,0,1,pir_false_motion,injected
2026-02-04T11:20:03.771223,20.8,46.8,0,1,pir_false_motion,injected
2026-02-04T11:20:06.026213,20.8,46.7,0,1,pir_false_motion,injected
2026-02-04T11:20:08.281073,20.8,46.8,0,1,pir_false_motion,injected
2026-02-04T11:20:10.535915,20.8,46.7,0,1,pir_false_motion,injected
2026-02-04T11:20:12.790785,20.8,46.8,0,1,pir_false_motion,injected
2026-02-04T11:20:15.045799,20.8,46.8,0,1,pir_false_motion,injected
2026-02-04T11:20:17.300506,20.8,46.8,0,1,pir_false_motion,injected
2026-02-04T11:20:19.555304,20.8,46.8,0,1,pir_false_motion,injected
2026-02-04T11:20:21.810080,20.8,46.8,0,1,pir_false_motion,injected
2026-02-04T11:20:24.064885,20.8,46.8,0,1,pir_false_motion,injected
2026-02-04T11:20:26.319519,20.8,46.8,0,1,pir_false_motion,injected
2026-02-04T11:20:28.574479,20.8,46.8,0,1,pir_false_motion,injected
2026-02-04T11:20:30.829181,20.8,46.8,0,1,pir_false_motion,injected
2026-02-04T11:20:33.083860,20.8,46.8,0,1,pir_false_motion,injected
2026-02-04T11:20:35.338532,20.8,46.8,0,1,pir_false_motion,injected
2026-02-04T11:20:37.593312,20.8,46.8,0,1,pir_false_motion,injected
2026-02-04T11:20:39.847947,20.8,46.8,0,1,pir_false_motion,injected
2026-02-04T11:20:42.102778,20.8,46.8,0,1,pir_false_motion,injected
2026-02-04T11:20:44.357461,20.8,46.8,0,1,pir_false_motion,injected
2026-02-04T11:20:46.612434,20.8,46.8,0,1,pir_false_motion,injected
2026-02-04T11:20:48.867228,20.8,46.8,0,1,pir_false_motion,injected
2026-02-04T11:20:51.122051,20.8,46.8,0,1,pir_false_motion,injected
2026-02-04T11:20:53.376984,20.8,46.8,0,1,pir_false_motion,injected
2026-02-04T11:20:55.631546,20.8,46.8,0,1,pir_false_motion,injected
2026-02-04T11:20:57.886246,20.8,46.8,0,1,pir_false_motion,injected
2026-02-04T11:21:00.141183,20.8,46.8,0,1,pir_false_motion,injected
2026-02-04T11:21:02.396040,20.8,46.8,0,1,pir_false_motion,injected
2026-02-04T11:21:04.650845,20.8,46.8,0,1,pir_false_motion,injected
2026-02-04T11:21:06.905545,20.8,46.8,0,1,pir_false_motion,injected
2026-02-04T11:21:09.160550,20.8,46.8,0,1,pir_false_motion,injected
2026-02-04T11:21:11.415074,20.8,46.8,0,1,pir_false_motion,injected
2026-02-04T11:21:13.669730,20.8,46.8,0,1,pir_false_motion,injected
2026-02-04T11:21:15.924546,20.8,46.8,0,1,pir_false_motion,injected
2026-02-04T11:21:18.179162,20.8,46.7,0,1,pir_false_motion,injected
2026-02-04T11:21:20.434181,20.8,46.8,0,1,pir_false_motion,injected
2026-02-04T11:21:22.689032,20.8,46.8,0,1,pir_false_motion,injected
2026-02-04T11:21:24.943603,20.8,46.8,0,1,pir_false_motion,injected
2026-02-04T11:21:27.198329,20.8,46.8,0,1,pir_false_motion,injected
2026-02-04T11:21:29.453335,20.8,46.8,0,1,pir_false_motion,injected
2026-02-04T11:21:31.707888,20.8,46.8,0,1,pir_false_motion,injected
2026-02-04T11:21:33.962498,20.8,46.8,0,1,pir_false_motion,injected
2026-02-04T11:21:36.217474,20.8,46.8,0,1,pir_false_motion,injected
2026-02-04T11:21:38.472121,20.8,46.8,0,1,pir_false_motion,injected
2026-02-04T11:21:40.726972,20.8,46.8,0,1,pir_false_motion,injected
2026-02-04T11:21:42.983828,20.8,46.8,0,1,pir_false_motion,injected
2026-02-04T11:21:45.238462,20.8,46.8,0,1,pir_false_motion,injected
2026-02-04T11:21:47.493445,20.8,46.7,0,1,pir_false_motion,injected
2026-02-04T11:21:49.748551,20.8,46.8,0,1,pir_false_motion,injected
2026-02-04T11:21:52.003129,20.8,46.8,0,1,pir_false_motion,injected
2026-02-04T11:21:54.258059,20.8,46.8,0,0,none,none
2026-02-04T11:21:56.513153,20.8,46.8,0,0,none,none
2026-02-04T11:21:58.767831,20.8,46.8,0,0,none,none
2026-02-04T11:22:01.022666,20.8,46.8,0,0,none,none
2026-02-04T11:22:03.277591,20.8,46.8,0,0,none,none
2026-02-04T11:22:05.532460,20.8,46.8,0,0,none,none
2026-02-04T11:22:07.787343,20.8,46.8,0,0,none,none
2026-02-04T11:22:10.043727,20.8,46.8,0,0,none,none
2026-02-04T11:22:12.298337,20.8,46.8,0,0,none,none
2026-02-04T11:22:14.553299,20.8,46.8,0,0,none,none
2026-02-04T11:22:16.808143,20.8,46.8,0,0,none,none
2026-02-04T11:22:19.062587,20.8,46.8,0,0,none,none
2026-02-04T11:22:21.317564,20.8,46.8,0,0,none,none
2026-02-04T11:22:23.572581,20.8,46.8,0,0,none,none
2026-02-04T11:22:25.827125,20.8,46.8,0,0,none,none
2026-02-04T11:22:28.082027,20.8,46.8,0,0,none,none
2026-02-04T11:22:30.336749,20.8,46.8,0,0,none,none
2026-02-04T11:22:32.591489,20.8,46.8,0,0,none,none
2026-02-04T11:22:34.846165,20.8,46.8,0,0,none,none
2026-02-04T11:22:37.100993,20.8,46.8,0,0,none,none
2026-02-04T11:22:39.355687,20.8,46.8,0,0,none,none
2026-02-04T11:22:41.610623,20.8,46.8,0,0,none,none
2026-02-04T11:22:43.865461,20.8,46.8,0,0,none,none
2026-02-04T11:22:46.120117,20.8,46.8,0,0,none,none
2026-02-04T11:22:48.374854,20.8,46.8,0,0,none,none
2026-02-04T11:22:50.629846,20.8,46.8,0,0,none,none
2026-02-04T11:22:52.884466,20.8,46.8,0,0,none,none
2026-02-04T11:22:55.139131,20.8,46.8,0,0,none,none
2026-02-04T11:22:57.393972,20.8,46.8,0,0,none,none
2026-02-04T11:22:59.648742,20.8,46.8,0,0,none,none
2026-02-04T11:23:01.903572,20.8,46.9,0,0,none,none
2026-02-04T11:23:04.158292,20.8,46.9,0,0,none,none
2026-02-04T11:23:06.413008,20.8,46.8,0,0,none,none
2026-02-04T11:23:08.667961,20.8,46.8,0,0,none,none
2026-02-04T11:23:10.922692,20.8,46.8,0,0,none,none
2026-02-04T11:23:13.177323,20.8,46.8,0,0,none,none
2026-02-04T11:23:15.432166,20.8,46.8,0,0,none,none
2026-02-04T11:23:17.687169,20.8,46.8,0,0,none,none
2026-02-04T11:23:19.941881,20.8,46.8,0,0,none,none
2026-02-04T11:23:22.196770,20.8,46.8,0,0,none,none
2026-02-04T11:23:24.451659,20.8,46.8,0,0,none,none
2026-02-04T11:23:26.706310,20.8,46.8,0,0,none,none
2026-02-04T11:23:28.961216,20.8,46.8,0,0,none,none
2026-02-04T11:23:31.216121,20.8,46.8,0,0,none,none
2026-02-04T11:23:33.470486,20.8,46.8,1,0,none,none
2026-02-04T11:23:35.725375,20.8,46.8,0,0,none,none
2026-02-04T11:23:37.980316,20.8,46.8,0,0,none,none
2026-02-04T11:23:40.234926,20.8,46.8,0,0,none,none
2026-02-04T11:23:42.489993,20.8,46.8,0,0,none,none
2026-02-04T11:23:44.744815,20.8,46.8,0,0,none,none
2026-02-04T11:23:46.999502,20.8,46.8,0,0,none,none
2026-02-04T11:23:49.254349,20.8,46.8,0,0,none,none
2026-02-04T11:23:51.509364,20.8,46.8,0,0,none,none
2026-02-04T11:23:53.763992,20.8,46.8,0,0,none,none
2026-02-04T11:23:56.018857,20.8,46.8,0,0,none,none
2026-02-04T11:23:58.273766,20.8,46.8,0,0,none,none
2026-02-04T11:24:00.528600,20.8,46.8,0,0,none,none
2026-02-04T11:24:02.783448,20.8,46.8,0,0,none,none
2026-02-04T11:24:05.039731,20.8,46.8,0,0,none,none
2026-02-04T11:24:07.294478,20.8,46.8,0,0,none,none
2026-02-04T11:24:09.549508,20.8,46.8,0,0,none,none
2026-02-04T11:24:11.804432,20.8,46.8,0,0,none,none
2026-02-04T11:24:14.059120,20.8,46.8,0,0,none,none
2026-02-04T11:24:16.313890,20.8,46.8,0,0,none,none
2026-02-04T11:24:18.568820,20.8,46.8,0,0,none,none
2026-02-04T11:24:20.823568,20.8,46.8,0,0,none,none
2026-02-04T11:24:23.078457,20.8,46.8,0,0,none,none
2026-02-04T11:24:25.333307,20.8,46.8,0,0,none,none
2026-02-04T11:24:27.588116,20.8,46.8,0,0,none,none
2026-02-04T11:24:29.843050,20.8,46.8,0,0,none,none
2026-02-04T11:24:32.097940,20.8,46.8,0,0,none,none
2026-02-04T11:24:34.352605,20.8,46.7,0,0,none,none
2026-02-04T11:24:36.607595,20.8,46.8,0,0,none,none
2026-02-04T11:24:38.862545,20.8,46.8,0,0,none,none
2026-02-04T11:24:41.116841,20.8,46.8,0,0,none,none
2026-02-04T11:24:43.371704,20.8,46.7,0,0,none,none
2026-02-04T11:24:45.626623,20.8,46.7,0,0,none,none
2026-02-04T11:24:47.881244,20.8,46.8,0,0,none,none
2026-02-04T11:24:50.136103,20.8,46.8,0,0,none,none
2026-02-04T11:24:52.390962,20.8,46.7,0,0,none,none
2026-02-04T11:24:54.645767,20.8,46.7,0,0,none,none
2026-02-04T11:24:56.900603,20.8,46.7,0,0,none,none
2026-02-04T11:24:59.157006,20.8,46.7,0,0,none,none
2026-02-04T11:25:01.411557,20.8,46.8,0,0,none,none
2026-02-04T11:25:03.666565,20.8,46.8,0,0,none,none
2026-02-04T11:25:05.921581,20.8,46.7,0,0,none,none
2026-02-04T11:25:08.176228,20.8,46.7,0,0,none,none
2026-02-04T11:25:10.431250,20.8,46.8,0,0,none,none
2026-02-04T11:25:12.686095,20.8,46.7,0,0,none,none
2026-02-04T11:25:14.940797,20.8,46.7,0,0,none,none
2026-02-04T11:25:17.195681,20.8,46.7,0,0,none,none
2026-02-04T11:25:19.450633,20.8,46.7,0,0,none,none
2026-02-04T11:25:21.705284,20.8,46.7,0,0,none,none
2026-02-04T11:25:23.960159,20.8,46.7,0,0,none,none
2026-02-04T11:25:26.214966,20.8,46.7,0,0,none,none
2026-02-04T11:25:28.469667,20.8,46.7,0,0,none,none
2026-02-04T11:25:30.724650,20.8,46.7,0,0,none,none
2026-02-04T11:25:32.981644,20.8,46.7,0,0,none,none
2026-02-04T11:25:35.236309,20.8,46.7,0,0,none,none
2026-02-04T11:25:37.490778,20.8,46.7,0,0,none,none
2026-02-04T11:25:39.745715,20.8,46.7,0,0,none,none
2026-02-04T11:25:42.000388,20.7,46.6,0,0,none,none
2026-02-04T11:25:44.255174,20.8,46.7,0,0,none,none
2026-02-04T11:25:46.510186,20.8,46.7,0,0,none,none
2026-02-04T11:25:48.764490,20.8,46.7,0,0,none,none
2026-02-04T11:25:51.019541,20.8,46.7,0,0,none,none
2026-02-04T11:25:53.274310,20.8,46.7,0,0,none,none
2026-02-04T11:25:55.529138,20.8,46.7,0,0,none,none
2026-02-04T11:25:57.783988,20.8,46.7,0,0,none,none
2026-02-04T11:26:00.038814,20.8,46.7,0,0,none,none
2026-02-04T11:26:02.293629,20.8,46.7,0,0,none,none
2026-02-04T11:26:04.548667,20.8,46.7,0,0,none,none
2026-02-04T11:26:06.803418,20.8,46.7,0,0,none,none
2026-02-04T11:26:09.058098,20.8,46.7,0,0,none,none
2026-02-04T11:26:11.312977,20.8,46.7,0,0,none,none
2026-02-04T11:26:13.569782,20.8,46.7,0,0,none,none
2026-02-04T11:26:15.824426,20.8,46.7,0,0,none,none
2026-02-04T11:26:18.079311,20.8,46.7,0,0,none,none
2026-02-04T11:26:20.334141,20.8,46.7,0,0,none,none
2026-02-04T11:26:22.588628,20.8,46.7,0,0,none,none
2026-02-04T11:26:24.843518,20.8,46.7,0,0,none,none
2026-02-04T11:26:27.098379,20.8,46.7,0,0,none,none
2026-02-04T11:26:29.353008,20.8,46.7,0,0,none,none
2026-02-04T11:26:31.607651,20.8,46.7,0,0,none,none
2026-02-04T11:26:33.862463,20.8,46.7,0,0,none,none
2026-02-04T11:26:36.117237,20.8,46.7,0,0,none,none
2026-02-04T11:26:38.372020,20.8,46.7,0,0,none,none
2026-02-04T11:26:40.626970,20.7,46.6,0,0,none,none
2026-02-04T11:26:42.881652,20.8,46.7,0,0,none,none
2026-02-04T11:26:45.136538,20.8,46.7,0,0,none,none
2026-02-04T11:26:47.391325,20.8,46.7,0,0,none,none
2026-02-04T11:26:49.646146,20.8,46.7,0,0,none,none
2026-02-04T11:26:51.901040,20.8,46.7,0,0,none,none
2026-02-04T11:26:54.155928,20.8,46.7,0,0,none,none
2026-02-04T11:26:56.410488,20.8,46.7,0,0,none,none
2026-02-04T11:26:58.665441,20.8,46.7,0,0,none,none
2026-02-04T11:27:00.920327,20.8,46.7,0,0,none,none
2026-02-04T11:27:03.174999,20.8,46.7,0,0,none,none
2026-02-04T11:27:05.430070,20.8,46.7,0,0,none,none
2026-02-04T11:27:07.685043,20.8,46.7,0,0,none,none
2026-02-04T11:27:09.939753,20.8,46.7,0,0,none,none
2026-02-04T11:27:12.194624,20.8,46.7,0,0,none,none
2026-02-04T11:27:14.449531,20.8,46.7,0,0,none,none
2026-02-04T11:27:16.703965,20.8,46.7,0,0,none,none
2026-02-04T11:27:18.958718,20.8,46.7,0,0,none,none
2026-02-04T11:27:21.213602,20.8,46.7,0,0,none,none
2026-02-04T11:27:23.468383,20.8,46.7,0,0,none,none
2026-02-04T11:27:25.723368,20.8,46.7,0,0,none,none
2026-02-04T11:27:27.978191,20.8,46.7,0,0,none,none
2026-02-04T11:27:30.232890,20.8,46.7,0,0,none,none
2026-02-04T11:27:32.487471,20.8,46.7,0,0,none,none
2026-02-04T11:27:34.742306,20.8,46.7,0,0,none,none
2026-02-04T11:27:36.996932,20.8,46.7,0,0,none,none
2026-02-04T11:27:39.251756,20.8,46.7,0,0,none,none
2026-02-04T11:27:41.506720,20.8,46.7,0,0,none,none
2026-02-04T11:27:43.761394,20.8,46.7,0,0,none,none
2026-02-04T11:27:46.016231,20.8,46.7,0,0,none,none
2026-02-04T11:27:48.272432,20.8,46.7,0,0,none,none
2026-02-04T11:27:50.527145,20.8,46.7,0,0,none,none
2026-02-04T11:27:52.782045,20.8,46.7,0,0,none,none
2026-02-04T11:27:55.036827,20.8,46.7,0,0,none,none
2026-02-04T11:27:57.291417,20.8,46.7,0,0,none,none
2026-02-04T11:27:59.546207,20.8,46.7,0,0,none,none
2026-02-04T11:28:01.882040,20.8,46.7,0,0,none,none
2026-02-04T11:28:04.164289,20.8,46.7,0,0,none,none
2026-02-04T11:28:06.419148,20.8,46.7,0,0,none,none
2026-02-04T11:28:08.674115,20.8,46.7,0,0,none,none
2026-02-04T11:28:10.928767,20.8,46.7,0,0,none,none
2026-02-04T11:28:13.183650,20.8,46.7,0,0,none,none
2026-02-04T11:28:15.438605,20.8,46.7,0,0,none,none
2026-02-04T11:28:17.693317,20.8,46.7,0,0,none,none
2026-02-04T11:28:19.948107,20.8,46.7,0,0,none,none
2026-02-04T11:28:22.202967,20.8,46.7,0,0,none,none
2026-02-04T11:28:24.457647,20.8,46.7,0,0,none,none
2026-02-04T11:28:26.712551,20.8,46.7,0,0,none,none
2026-02-04T11:28:28.969504,20.8,46.7,0,0,none,none
2026-02-04T11:28:31.224169,20.8,46.7,0,0,none,none
2026-02-04T11:28:33.479108,20.8,46.7,0,0,none,none
2026-02-04T11:28:35.734005,20.8,46.7,0,0,none,none
2026-02-04T11:28:37.988624,20.8,46.6,0,0,none,none
2026-02-04T11:28:40.243481,20.8,46.7,0,0,none,none
2026-02-04T11:28:42.498371,20.8,46.6,0,0,none,none
2026-02-04T11:28:44.753048,20.8,46.7,0,0,none,none
2026-02-04T11:28:47.007803,20.8,46.7,0,0,none,none
2026-02-04T11:28:49.262635,20.8,46.7,0,0,none,none
2026-02-04T11:28:51.517371,20.8,46.7,0,0,none,none
2026-02-04T11:28:53.772253,20.8,46.7,0,0,none,none
2026-02-04T11:28:56.026957,20.8,46.7,0,0,none,none
2026-02-04T11:28:58.281634,20.8,46.7,0,0,none,none
2026-02-04T11:29:00.536578,20.8,46.7,0,0,none,none
2026-02-04T11:29:02.791411,20.8,46.7,0,0,none,none
2026-02-04T11:29:05.045829,20.8,46.7,0,0,none,none
2026-02-04T11:29:07.300715,20.8,46.7,0,0,none,none
2026-02-04T11:29:09.555729,20.8,46.7,0,0,none,none
2026-02-04T11:29:11.810374,20.8,46.6,0,0,none,none
2026-02-04T11:29:14.065323,20.8,46.6,0,0,none,none
2026-02-04T11:29:16.320140,20.8,46.6,0,0,none,none
2026-02-04T11:29:18.574930,20.8,46.7,0,0,none,none
2026-02-04T11:29:20.829870,20.8,46.6,0,0,none,none
2026-02-04T11:29:23.084740,20.8,46.7,0,0,none,none
2026-02-04T11:29:25.339421,20.8,46.7,0,0,none,none
2026-02-04T11:29:27.594414,20.8,46.6,0,0,none,none
2026-02-04T11:29:29.849258,20.8,46.6,0,0,none,none
2026-02-04T11:29:32.103711,20.8,46.7,0,0,none,none
2026-02-04T11:29:34.358433,20.8,46.7,0,0,none,none
2026-02-04T11:29:36.613310,20.8,46.6,0,0,none,none
2026-02-04T11:29:38.867946,20.8,46.6,0,0,none,none
2026-02-04T11:29:41.122814,20.8,46.6,0,0,none,none
2026-02-04T11:29:43.377704,20.8,46.6,0,0,none,none
2026-02-04T11:29:45.632558,20.8,46.6,0,0,none,none
2026-02-04T11:29:47.887542,20.8,46.6,0,0,none,none
2026-02-04T11:29:50.141940,20.8,46.6,0,0,none,none
2026-02-04T11:29:52.396572,20.8,46.7,0,0,none,none
2026-02-04T11:29:54.651500,20.8,46.6,0,0,none,none
2026-02-04T11:29:56.906351,20.8,46.6,0,0,none,none
2026-02-04T11:29:59.161100,20.8,46.6,0,0,none,none
2026-02-04T11:30:01.415921,20.8,46.6,0,0,none,none
2026-02-04T11:30:03.672277,20.8,46.7,0,0,none,none
2026-02-04T11:30:05.927057,20.8,46.6,0,0,none,none
2026-02-04T11:30:08.182034,20.8,46.6,0,0,none,none
2026-02-04T11:30:10.436975,20.8,46.6,0,0,none,none
2026-02-04T11:30:12.691673,20.8,46.6,0,0,none,none
2026-02-04T11:30:14.946527,20.8,46.6,0,0,none,none
2026-02-04T11:30:17.201379,20.8,46.6,0,0,none,none
2026-02-04T11:30:19.456159,20.8,46.6,0,0,none,none
2026-02-04T11:30:21.711082,20.8,46.6,0,0,none,none
2026-02-04T11:30:23.965959,20.8,46.6,0,0,none,none
2026-02-04T11:30:26.220669,20.8,46.6,0,0,none,none
2026-02-04T11:30:28.475653,20.8,46.6,0,0,none,none
2026-02-04T11:30:30.730488,20.8,46.6,0,0,none,none
2026-02-04T11:30:32.985205,20.8,46.6,0,0,none,none
2026-02-04T11:30:35.240053,20.8,46.6,0,0,none,none
2026-02-04T11:30:37.494548,20.8,46.6,0,0,none,none
2026-02-04T11:30:39.749194,20.8,46.6,0,0,none,none
2026-02-04T11:30:42.004069,20.8,46.6,0,0,none,none
2026-02-04T11:30:44.258888,20.8,46.6,0,0,none,none
2026-02-04T11:30:46.513690,20.8,46.6,0,0,none,none
2026-02-04T11:30:48.768619,20.8,46.6,0,0,none,none
2026-02-04T11:30:51.023321,20.8,46.6,0,0,none,none
2026-02-04T11:30:53.277548,20.8,46.6,0,0,none,none
2026-02-04T11:30:55.532536,20.8,46.6,0,0,none,none
2026-02-04T11:30:57.787320,20.8,46.6,0,0,none,none
2026-02-04T11:31:00.042023,20.8,46.6,0,0,none,none
2026-02-04T11:31:02.296902,20.8,46.6,0,0,none,none
2026-02-04T11:31:04.551826,20.8,46.6,0,0,none,none
2026-02-04T11:31:06.806577,20.8,46.6,0,0,none,none
2026-02-04T11:31:09.061424,20.8,46.6,0,0,none,none
2026-02-04T11:31:11.316298,20.8,46.6,0,0,none,none
2026-02-04T11:31:13.571101,20.8,46.6,0,0,none,none
2026-02-04T11:31:15.826020,20.8,46.6,0,0,none,none
2026-02-04T11:31:18.080834,20.8,46.6,0,0,none,none
2026-02-04T11:31:20.335348,20.8,46.6,0,0,none,none
2026-02-04T11:31:22.590360,20.8,46.6,0,0,none,none
2026-02-04T11:31:24.844973,20.8,46.6,0,0,none,none
2026-02-04T11:31:27.099717,20.8,46.6,0,0,none,none
2026-02-04T11:31:29.354616,20.8,46.6,0,0,none,none
2026-02-04T11:31:31.609622,20.8,46.6,0,0,none,none
2026-02-04T11:31:33.864338,20.8,46.6,0,0,none,none
2026-02-04T11:31:36.119247,20.8,46.6,0,0,none,none
2026-02-04T11:31:38.373956,20.8,46.6,0,0,none,none
2026-02-04T11:31:40.628674,20.8,46.6,0,0,none,none
2026-02-04T11:31:42.883440,20.8,46.6,0,0,none,none
2026-02-04T11:31:45.138334,20.8,46.6,0,0,none,none
2026-02-04T11:31:47.392859,20.8,46.6,0,0,none,none
2026-02-04T11:31:49.647779,20.8,46.6,0,0,none,none
2026-02-04T11:31:51.902630,20.8,46.6,0,0,none,none
2026-02-04T11:31:54.157321,20.8,46.6,0,0,none,none
2026-02-04T11:31:56.412162,20.8,46.6,0,0,none,none
2026-02-04T11:31:58.667093,20.8,46.6,0,0,none,none
2026-02-04T11:32:00.921850,20.8,46.6,0,0,none,none
2026-02-04T11:32:03.176770,20.8,46.6,0,0,none,none
2026-02-04T11:32:05.431797,20.8,46.6,0,0,none,none
2026-02-04T11:32:07.686555,20.8,46.6,0,0,none,none
2026-02-04T11:32:09.941495,20.8,46.6,0,0,none,none
2026-02-04T11:32:12.196416,20.8,46.6,0,0,none,none
2026-02-04T11:32:14.451001,20.8,46.6,0,0,none,none
2026-02-04T11:32:16.706037,20.8,46.5,0,0,none,none
2026-02-04T11:32:18.960990,20.8,46.6,0,0,none,none
2026-02-04T11:32:21.215711,20.8,46.6,0,0,none,none
2026-02-04T11:32:23.470729,20.8,46.6,0,0,none,none
2026-02-04T11:32:25.725689,20.8,46.6,0,0,none,none
2026-02-04T11:32:27.980437,20.8,46.6,0,0,none,none
2026-02-04T11:32:30.235260,20.8,46.6,0,0,none,none
2026-02-04T11:32:32.489832,20.8,46.6,0,0,none,none
2026-02-04T11:32:34.744564,20.8,46.6,0,0,none,none
2026-02-04T11:32:36.999558,20.8,46.6,0,0,none,none
2026-02-04T11:32:39.254420,20.8,46.6,0,0,none,none
2026-02-04T11:32:41.508945,20.8,46.5,0,0,none,none
2026-02-04T11:32:43.763777,20.8,46.6,0,0,none,none
2026-02-04T11:32:46.018703,20.8,46.6,0,0,none,none
2026-02-04T11:32:48.273398,20.8,46.6,0,0,none,none
2026-02-04T11:32:50.528030,20.8,46.6,0,0,none,none
2026-02-04T11:32:52.782929,20.8,46.5,0,0,none,none
2026-02-04T11:32:55.037603,20.8,46.6,0,0,none,none
2026-02-04T11:32:57.292541,20.8,46.6,0,0,none,none
2026-02-04T11:32:59.547565,20.8,46.6,0,0,none,none
2026-02-04T11:33:01.802219,20.8,46.6,0,0,none,none
2026-02-04T11:33:04.057226,20.8,46.6,0,0,none,none
2026-02-04T11:33:06.312095,20.8,46.6,0,0,none,none
2026-02-04T11:33:08.566933,20.8,46.5,0,0,none,none
2026-02-04T11:33:10.821851,20.8,46.6,0,0,none,none
2026-02-04T11:33:13.076704,20.8,46.6,0,0,none,none
2026-02-04T11:33:15.331414,20.8,46.6,0,0,none,none
2026-02-04T11:33:17.586513,20.8,46.6,0,0,none,none
2026-02-04T11:33:19.841467,20.8,46.6,0,0,none,none
2026-02-04T11:33:22.096248,20.8,46.6,0,0,none,none
2026-02-04T11:33:24.351164,20.8,46.5,0,0,none,none
2026-02-04T11:33:26.606177,20.8,46.6,0,0,none,none
2026-02-04T11:33:28.860918,20.8,46.5,0,0,none,none
2026-02-04T11:33:31.115744,20.8,46.5,0,0,none,none
2026-02-04T11:33:33.370638,20.8,46.5,0,0,none,none
2026-02-04T11:33:35.625490,20.8,46.5,0,0,none,none
2026-02-04T11:33:37.880304,20.8,46.5,0,0,none,none
2026-02-04T11:33:40.135199,20.8,46.6,0,0,none,none
2026-02-04T11:33:42.389911,20.8,46.5,0,0,none,none
2026-02-04T11:33:44.645024,20.8,46.5,0,0,none,none
2026-02-04T11:33:46.899915,20.8,46.6,0,0,none,none
2026-02-04T11:33:49.154586,20.8,46.6,0,0,none,none
2026-02-04T11:33:51.409556,20.8,46.5,0,0,none,none
2026-02-04T11:33:53.664601,20.8,46.5,0,0,none,none
2026-02-04T11:33:55.919207,20.8,46.6,0,0,none,none
2026-02-04T11:33:58.174284,20.8,46.6,0,0,none,none
2026-02-04T11:34:00.431392,20.8,46.6,0,0,none,none
2026-02-04T11:34:02.686136,20.8,46.6,0,0,none,none
2026-02-04T11:34:04.941096,20.8,46.5,0,0,none,none
2026-02-04T11:34:07.196035,20.8,46.5,0,0,none,none
2026-02-04T11:34:09.450877,20.8,46.5,0,0,none,none
2026-02-04T11:34:11.705835,20.8,46.6,0,0,none,none
2026-02-04T11:34:13.960662,20.8,46.6,0,0,none,none
2026-02-04T11:34:16.215360,20.8,46.5,0,0,none,none
2026-02-04T11:34:18.470430,20.8,46.6,0,0,none,none
2026-02-04T11:34:20.725382,20.8,46.6,0,0,none,none
2026-02-04T11:34:22.980028,20.8,46.6,0,0,none,none
2026-02-04T11:34:25.234908,20.8,46.6,0,0,none,none
2026-02-04T11:34:27.490000,20.8,46.6,0,0,none,none
2026-02-04T11:34:29.744786,20.8,46.6,0,0,none,none
2026-02-04T11:34:31.999609,20.8,46.6,0,0,none,none
2026-02-04T11:34:34.254516,20.8,46.6,0,0,none,none
2026-02-04T11:34:36.508754,20.8,46.6,0,0,none,none
2026-02-04T11:34:38.763591,20.8,46.6,0,0,none,none
2026-02-04T11:34:41.018606,20.8,46.6,0,0,none,none
2026-02-04T11:34:43.273299,20.8,46.5,0,0,none,none
2026-02-04T11:34:45.528321,20.8,46.6,0,0,none,none
2026-02-04T11:34:47.783241,20.8,46.5,0,0,none,none
2026-02-04T11:34:50.038029,20.8,46.5,0,0,none,none
2026-02-04T11:34:52.292951,20.8,46.6,0,0,none,none
2026-02-04T11:34:54.547872,20.8,46.6,0,0,none,none
2026-02-04T11:34:56.802428,20.8,46.5,0,0,none,none
2026-02-04T11:34:59.057425,20.8,46.5,0,0,none,none
2026-02-04T11:35:01.312321,20.8,46.5,0,0,none,none
2026-02-04T11:35:03.567144,20.8,46.5,0,0,none,none
2026-02-04T11:35:05.822197,20.8,46.5,0,0,none,none
2026-02-04T11:35:08.077160,20.8,46.5,0,0,none,none
2026-02-04T11:35:10.331801,20.8,46.5,0,0,none,none
2026-02-04T11:35:12.586759,20.8,46.5,0,0,none,none
2026-02-04T11:35:14.841769,20.8,46.5,0,0,none,none
2026-02-04T11:35:17.096524,20.8,46.5,0,0,none,none
2026-02-04T11:35:19.351263,20.8,46.5,0,0,none,none
2026-02-04T11:35:21.606305,20.8,46.5,0,0,none,none
2026-02-04T11:35:23.860952,20.8,46.5,0,0,none,none
2026-02-04T11:35:26.115852,20.8,46.5,0,0,none,none
2026-02-04T11:35:28.370760,20.8,46.6,0,0,none,none
2026-02-04T11:35:30.625437,20.8,46.6,0,0,none,none
2026-02-04T11:35:32.880352,20.8,46.5,0,0,none,none
2026-02-04T11:35:35.135227,20.7,46.5,0,0,none,none
2026-02-04T11:35:37.389940,20.8,46.6,0,0,none,none
2026-02-04T11:35:39.644965,20.8,46.5,0,0,none,none
2026-02-04T11:35:41.899845,20.8,46.5,0,0,none,none
2026-02-04T11:35:44.154463,20.8,46.6,0,0,none,none
2026-02-04T11:35:46.409374,20.8,46.5,0,0,none,none
2026-02-04T11:35:48.664419,20.8,46.5,0,0,none,none
2026-02-04T11:35:50.919049,20.8,46.5,0,0,none,none
2026-02-04T11:35:53.174058,20.7,46.4,0,0,none,none
2026-02-04T11:35:55.428995,20.8,46.5,0,0,none,none
2026-02-04T11:35:57.683745,20.7,46.4,0,0,none,none
2026-02-04T11:35:59.938594,20.7,46.4,0,0,none,none
2026-02-04T11:36:02.193437,20.7,46.4,0,0,none,none
2026-02-04T11:36:04.448277,20.7,46.5,0,0,none,none
2026-02-04T11:36:06.703055,20.8,46.6,0,0,none,none
2026-02-04T11:36:08.958046,20.8,46.5,0,0,none,none
2026-02-04T11:36:11.212825,20.8,46.5,0,0,none,none
2026-02-04T11:36:13.467803,20.7,46.4,0,0,none,none
2026-02-04T11:36:15.722621,20.8,46.5,0,0,none,none
2026-02-04T11:36:17.977304,20.8,46.5,0,0,none,none
2026-02-04T11:36:20.232150,20.8,46.5,0,0,none,none
2026-02-04T11:36:22.489225,20.8,46.5,0,0,none,none
2026-02-04T11:36:24.743844,20.7,46.4,0,0,none,none
2026-02-04T11:36:26.998598,20.8,46.6,0,0,none,none
2026-02-04T11:36:29.253559,20.7,46.4,0,0,none,none
2026-02-04T11:36:31.508309,20.7,46.5,0,0,none,none
2026-02-04T11:36:33.824399,20.8,46.5,0,0,none,none
2026-02-04T11:36:36.079383,20.7,46.5,0,0,none,none
2026-02-04T11:36:38.334269,20.7,46.5,0,0,none,none
2026-02-04T11:36:40.589338,20.7,46.4,0,0,none,none
2026-02-04T11:36:42.843949,20.7,46.5,0,0,none,none
2026-02-04T11:36:45.098470,20.7,46.4,0,0,none,none
2026-02-04T11:36:47.353464,20.7,46.4,0,0,none,none
2026-02-04T11:36:49.608526,20.8,46.6,0,0,none,none
2026-02-04T11:36:51.862959,20.7,46.5,0,0,none,none
2026-02-04T11:36:54.117969,20.7,46.4,0,0,none,none
2026-02-04T11:36:56.372961,20.7,46.4,0,0,none,none
2026-02-04T11:36:58.627704,20.7,46.5,0,0,none,none
2026-02-04T11:37:00.882631,20.7,46.4,0,0,none,none
2026-02-04T11:37:03.137620,20.8,46.6,0,0,none,none
2026-02-04T11:37:05.392285,20.7,46.5,0,0,none,none
2026-02-04T11:37:07.647288,20.8,46.6,0,0,none,none
2026-02-04T11:37:09.902211,20.7,46.4,0,0,none,none
2026-02-04T11:37:12.156805,20.7,46.4,0,0,none,none
2026-02-04T11:37:14.411643,20.7,46.4,0,0,none,none
2026-02-04T11:37:16.666096,20.8,46.5,0,0,none,none
2026-02-04T11:37:18.920720,20.7,46.4,0,0,none,none
2026-02-04T11:37:21.175689,20.7,46.4,0,0,none,none
2026-02-04T11:37:23.430764,20.7,46.4,0,0,none,none
2026-02-04T11:37:25.685551,20.8,46.5,0,0,none,none
2026-02-04T11:37:27.940418,20.7,46.4,0,0,none,none
2026-02-04T11:37:30.195393,20.8,46.5,0,0,none,none
2026-02-04T11:37:32.450297,20.8,46.5,0,0,none,none
2026-02-04T11:37:34.705238,20.7,46.4,0,0,none,none
2026-02-04T11:37:36.960154,20.7,46.4,0,0,none,none
2026-02-04T11:37:39.214903,20.7,46.4,0,0,none,none
2026-02-04T11:37:41.469941,20.7,46.4,0,0,none,none
2026-02-04T11:37:43.724990,20.7,46.4,0,0,none,none
2026-02-04T11:37:45.979671,20.7,46.4,0,0,none,none
2026-02-04T11:37:48.234590,20.8,46.5,0,0,none,none
2026-02-04T11:37:50.489422,20.8,46.5,0,0,none,none
2026-02-04T11:37:52.825219,20.7,46.4,0,0,none,none
2026-02-04T11:37:55.080077,20.7,46.5,0,0,none,none
2026-02-04T11:37:57.334993,20.7,46.4,0,0,none,none
2026-02-04T11:37:59.589803,20.7,46.4,0,0,none,none
2026-02-04T11:38:01.845864,20.7,46.4,0,0,none,none
2026-02-04T11:38:04.100792,20.7,46.4,0,0,none,none
2026-02-04T11:38:06.355454,20.7,46.4,0,0,none,none
2026-02-04T11:38:08.610454,20.7,46.4,0,0,none,none
2026-02-04T11:38:10.865273,20.7,46.4,0,0,none,none
2026-02-04T11:38:13.119883,20.7,46.5,0,0,none,none
2026-02-04T11:38:15.374848,20.7,46.4,0,0,none,none
2026-02-04T11:38:17.629971,20.7,46.5,0,0,none,none
2026-02-04T11:38:19.884642,20.7,46.4,0,0,none,none
2026-02-04T11:38:22.139392,20.7,46.4,0,0,none,none
2026-02-04T11:38:24.394186,20.7,46.4,0,0,none,none
2026-02-04T11:38:26.649057,20.7,46.4,0,0,none,none
2026-02-04T11:38:28.903972,20.7,46.4,0,0,none,none
2026-02-04T11:38:31.158763,20.7,46.4,0,0,none,none
2026-02-04T11:38:33.413515,20.7,46.4,0,0,none,none
2026-02-04T11:38:35.668571,20.7,46.4,0,0,none,none
2026-02-04T11:38:37.923442,20.7,46.4,0,0,none,none
2026-02-04T11:38:40.178214,20.8,46.5,0,0,none,none
2026-02-04T11:38:42.433294,20.7,46.4,0,0,none,none
2026-02-04T11:38:44.688302,20.8,46.5,0,0,none,none
2026-02-04T11:38:46.943023,20.7,46.4,0,0,none,none
2026-02-04T11:38:49.197989,20.7,46.4,0,0,none,none
2026-02-04T11:38:51.453044,20.7,46.4,0,0,none,none
2026-02-04T11:38:53.707702,20.7,46.4,0,0,none,none
2026-02-04T11:38:55.962458,20.7,46.4,0,0,none,none
2026-02-04T11:38:58.217359,20.8,46.5,0,0,none,none
2026-02-04T11:39:00.472119,20.7,46.4,0,0,none,none
2026-02-04T11:39:02.727059,20.7,46.4,0,0,none,none
2026-02-04T11:39:04.981989,20.8,46.5,0,0,none,none
2026-02-04T11:39:07.236624,20.7,46.4,0,0,none,none
2026-02-04T11:39:09.491360,20.7,46.4,0,0,none,none
2026-02-04T11:39:11.746201,20.7,46.4,0,0,none,none
2026-02-04T11:39:14.000880,20.7,46.4,0,0,none,none
2026-02-04T11:39:16.255796,20.7,46.4,0,0,none,none
2026-02-04T11:39:18.510707,20.7,46.4,0,0,none,none
2026-02-04T11:39:20.765404,20.8,46.4,0,0,none,none
2026-02-04T11:39:23.020264,20.7,46.4,0,0,none,none
2026-02-04T11:39:25.275057,20.7,46.4,0,0,none,none
2026-02-04T11:39:27.529885,20.8,46.5,0,0,none,none
2026-02-04T11:39:29.784732,20.8,46.5,0,0,none,none
2026-02-04T11:39:32.039479,20.7,46.4,0,0,none,none
2026-02-04T11:39:34.294109,20.8,46.4,0,0,none,none
2026-02-04T11:39:36.549046,20.8,46.5,0,0,none,none
2026-02-04T11:39:38.803872,20.7,46.4,0,0,none,none
2026-02-04T11:39:41.058514,20.8,46.5,0,0,none,none
2026-02-04T11:39:43.313358,20.7,46.4,0,0,none,none
2026-02-04T11:39:45.568349,20.7,46.4,0,0,none,none
2026-02-04T11:39:47.822988,20.7,46.4,0,0,none,none
2026-02-04T11:39:50.077915,20.7,46.4,0,0,none,none
2026-02-04T11:39:52.332751,20.7,46.4,0,0,none,none
2026-02-04T11:39:54.587508,20.8,46.4,0,0,none,none
2026-02-04T11:39:56.842424,20.7,46.4,0,0,none,none
2026-02-04T11:39:59.097256,20.8,46.5,0,0,none,none
2026-02-04T11:40:01.351833,20.8,46.5,0,0,none,none
2026-02-04T11:40:03.606848,20.7,46.4,0,0,none,none
2026-02-04T11:40:05.861707,20.7,46.4,0,0,none,none
2026-02-04T11:40:08.116386,20.7,46.4,0,0,none,none
2026-02-04T11:40:10.371378,20.7,46.4,0,0,none,none
2026-02-04T11:40:12.626328,20.8,46.4,0,0,none,none
2026-02-04T11:40:14.881098,20.7,46.4,0,0,none,none
2026-02-04T11:40:17.136054,20.7,46.4,0,0,none,none
2026-02-04T11:40:19.390483,20.7,46.4,0,0,none,none
2026-02-04T11:40:21.645304,20.7,46.4,0,0,none,none
2026-02-04T11:40:23.900339,20.7,46.4,0,0,none,none
2026-02-04T11:40:26.155207,20.7,46.4,0,0,none,none
2026-02-04T11:40:28.410028,20.7,46.4,0,0,none,none
2026-02-04T11:40:30.665028,20.7,46.4,0,0,none,none
2026-02-04T11:40:32.919951,20.7,46.4,0,0,none,none
2026-02-04T11:40:35.174677,20.7,46.4,0,0,none,none
2026-02-04T11:40:37.429602,20.7,46.4,0,0,none,none
2026-02-04T11:40:39.684690,20.7,46.3,0,0,none,none
2026-02-04T11:40:41.939363,20.7,46.4,0,0,none,none
2026-02-04T11:40:44.194264,20.7,46.4,0,0,none,none
2026-02-04T11:40:46.449318,20.7,46.4,0,0,none,none
2026-02-04T11:40:48.704008,20.7,46.4,0,0,none,none
2026-02-04T11:40:50.958952,20.7,46.4,0,0,none,none
2026-02-04T11:40:53.213884,20.7,46.4,0,0,none,none
2026-02-04T11:40:55.468653,20.7,46.4,0,0,none,none
2026-02-04T11:40:57.723589,20.8,46.4,0,0,none,none
2026-02-04T11:40:59.978384,20.7,46.4,0,0,none,none
2026-02-04T11:41:02.233076,20.7,46.3,0,0,none,none
2026-02-04T11:41:04.487637,20.7,46.4,0,0,none,none
2026-02-04T11:41:06.742537,20.7,46.3,0,0,none,none
2026-02-04T11:41:08.997313,20.7,46.4,0,0,none,none
2026-02-04T11:41:11.252213,20.7,46.3,0,0,none,none
2026-02-04T11:41:13.506946,20.7,46.4,0,0,none,none
2026-02-04T11:41:15.761679,20.7,46.4,0,0,none,none
2026-02-04T11:41:18.016456,20.7,46.4,0,0,none,none
2026-02-04T11:41:20.271260,20.7,46.3,0,0,none,none
2026-02-04T11:41:22.526139,20.8,46.4,0,0,none,none
2026-02-04T11:41:24.781164,20.7,46.4,0,0,none,none
2026-02-04T11:41:27.036032,20.7,46.3,0,0,none,none
2026-02-04T11:41:29.290793,20.7,46.3,0,0,none,none
2026-02-04T11:41:31.546006,20.8,46.4,0,0,none,none
2026-02-04T11:41:33.800971,20.7,46.3,0,0,none,none
2026-02-04T11:41:36.055619,20.7,46.4,0,0,none,none
2026-02-04T11:41:38.310511,20.7,46.3,0,0,none,none
2026-02-04T11:41:40.565496,20.7,46.4,0,0,none,none
2026-02-04T11:41:42.820178,20.7,46.4,0,0,none,none
2026-02-04T11:41:45.075120,20.7,46.3,0,0,none,none
2026-02-04T11:41:47.330113,20.7,46.4,0,0,none,none
2026-02-04T11:41:49.584986,20.7,46.3,0,0,none,none
2026-02-04T11:41:51.839900,20.7,46.4,0,0,none,none
2026-02-04T11:41:54.096877,20.8,46.4,0,0,none,none
2026-02-04T11:41:56.351501,20.7,46.3,0,0,none,none
2026-02-04T11:41:58.606578,20.7,46.3,0,0,none,none
2026-02-04T11:42:00.861542,20.7,46.3,0,0,none,none
2026-02-04T11:42:03.116295,20.7,46.3,0,0,none,none
2026-02-04T11:42:05.371177,20.7,46.3,0,0,none,none
2026-02-04T11:42:07.626147,20.7,46.3,0,0,none,none
2026-02-04T11:42:09.880983,20.7,46.3,0,0,none,none
2026-02-04T11:42:12.135883,20.7,46.3,0,0,none,none
2026-02-04T11:42:14.390818,20.7,46.3,0,0,none,none
2026-02-04T11:42:16.645547,20.7,46.3,0,0,none,none
2026-02-04T11:42:18.900472,20.7,46.3,0,0,none,none
2026-02-04T11:42:21.155399,20.8,46.4,0,0,none,none
2026-02-04T11:42:23.410112,20.7,46.3,0,0,none,none
2026-02-04T11:42:25.665097,20.7,46.3,0,0,none,none
2026-02-04T11:42:27.920031,20.7,46.3,0,0,none,none
2026-02-04T11:42:30.174253,20.8,46.4,0,0,none,none
2026-02-04T11:42:32.429388,20.7,46.3,0,0,none,none
2026-02-04T11:42:34.684483,20.7,46.3,0,0,none,none
2026-02-04T11:42:36.939144,20.7,46.3,0,0,none,none
2026-02-04T11:42:39.194133,20.7,46.3,0,0,none,none
2026-02-04T11:42:41.449191,20.7,46.3,0,0,none,none
2026-02-04T11:42:43.703920,20.7,46.3,0,0,none,none
2026-02-04T11:42:45.958899,20.7,46.3,0,0,none,none
2026-02-04T11:42:48.213928,20.7,46.3,0,0,none,none
2026-02-04T11:42:50.468711,20.7,46.3,0,0,none,none
2026-02-04T11:42:52.723675,20.7,46.3,0,0,none,none
2026-02-04T11:42:54.978626,20.7,46.3,0,0,none,none
2026-02-04T11:42:57.233478,20.7,46.3,0,0,none,none
2026-02-04T11:42:59.488407,20.8,46.4,0,0,none,none
2026-02-04T11:43:01.743345,20.7,46.3,0,0,none,none
2026-02-04T11:43:03.998112,20.7,46.3,0,0,none,none
2026-02-04T11:43:06.253035,20.7,46.3,0,0,none,none
2026-02-04T11:43:08.507480,20.7,46.3,0,0,none,none
2026-02-04T11:43:10.762251,20.7,46.3,0,0,none,none
2026-02-04T11:43:13.017094,20.8,46.4,0,0,none,none
2026-02-04T11:43:15.271948,20.7,46.3,0,0,none,none
2026-02-04T11:43:17.526689,20.7,46.3,0,0,none,none
2026-02-04T11:43:19.781595,20.7,46.3,0,0,none,none
2026-02-04T11:43:22.036525,20.7,46.3,0,0,none,none
2026-02-04T11:43:24.291034,20.7,46.3,0,0,none,none
2026-02-04T11:43:26.546171,20.7,46.3,0,0,none,none
2026-02-04T11:43:28.801170,20.7,46.3,0,0,none,none
2026-02-04T11:43:31.055759,20.7,46.3,0,0,none,none
2026-02-04T11:43:33.310701,20.8,46.4,0,0,none,none
2026-02-04T11:43:35.565767,20.8,46.3,0,0,none,none
2026-02-04T11:43:37.820544,20.7,46.3,0,0,none,none
2026-02-04T11:43:40.075473,20.7,46.2,0,0,none,none
2026-02-04T11:43:42.330348,20.7,46.3,0,0,none,none
2026-02-04T11:43:44.585253,20.8,46.3,0,0,none,none
2026-02-04T11:43:46.840169,20.7,46.3,0,0,none,none
2026-02-04T11:43:49.095125,20.7,46.3,0,0,none,none
2026-02-04T11:43:51.349928,20.7,46.2,0,0,none,none
2026-02-04T11:43:53.604968,20.7,46.3,0,0,none,none
2026-02-04T11:43:55.859765,20.7,46.3,0,0,none,none
2026-02-04T11:43:58.114516,20.8,46.3,0,0,none,none
2026-02-04T11:44:00.369476,20.7,46.2,0,0,none,none
2026-02-04T11:44:02.624443,20.7,46.3,0,0,none,none
2026-02-04T11:44:04.879177,20.7,46.3,0,0,none,none
2026-02-04T11:44:07.134163,20.7,46.3,0,0,none,none
2026-02-04T11:44:09.389107,20.7,46.3,0,0,none,none
2026-02-04T11:44:11.643885,20.7,46.3,0,0,none,none
2026-02-04T11:44:13.898769,20.7,46.3,0,0,none,none
2026-02-04T11:44:16.153757,20.7,46.3,0,0,none,none
2026-02-04T11:44:18.408449,20.8,46.3,0,0,none,none
2026-02-04T11:44:20.663442,20.7,46.2,0,0,none,none
2026-02-04T11:44:22.918401,20.7,46.3,0,0,none,none
2026-02-04T11:44:25.173180,20.7,46.3,0,0,none,none
2026-02-04T11:44:27.428280,20.7,46.2,0,0,none,none
2026-02-04T11:44:29.685332,20.7,46.2,0,0,none,none
2026-02-04T11:44:31.939956,20.7,46.2,0,0,none,none
2026-02-04T11:44:34.194865,20.7,46.2,0,0,none,none
2026-02-04T11:44:36.449851,20.7,46.2,0,0,none,none
2026-02-04T11:44:38.704414,20.8,46.3,0,0,none,none
2026-02-04T11:44:40.959384,20.8,46.3,0,0,none,none
2026-02-04T11:44:43.214304,20.7,46.2,0,0,none,none
2026-02-04T11:44:45.469207,20.7,46.2,0,0,none,none
2026-02-04T11:44:47.724094,20.8,46.3,0,0,none,none
2026-02-04T11:44:49.978950,20.7,46.3,0,0,none,none
2026-02-04T11:44:52.233788,20.8,46.3,0,0,none,none
2026-02-04T11:44:54.488885,20.8,46.3,0,0,none,none
2026-02-04T11:44:56.743819,20.7,46.2,0,0,none,none
2026-02-04T11:44:58.998590,20.7,46.3,0,0,none,none
2026-02-04T11:45:01.253573,20.7,46.2,0,0,none,none
2026-02-04T11:45:03.508675,20.8,46.3,0,0,none,none
2026-02-04T11:45:05.763346,20.7,46.2,0,0,none,none
2026-02-04T11:45:08.018375,20.8,46.3,0,0,none,none
2026-02-04T11:45:10.273316,20.7,46.2,0,0,none,none
2026-02-04T11:45:12.528068,20.8,46.3,0,0,none,none
2026-02-04T11:45:14.783024,20.7,46.2,0,0,none,none
2026-02-04T11:45:17.038046,20.7,46.3,0,0,none,none
2026-02-04T11:45:19.292763,20.7,46.2,0,0,none,none
2026-02-04T11:45:21.547824,20.7,46.2,0,0,none,none
2026-02-04T11:45:23.802791,20.7,46.3,0,0,none,none
2026-02-04T11:45:26.057493,20.7,46.2,0,0,none,none
2026-02-04T11:45:28.312425,20.7,46.2,0,0,none,none
2026-02-04T11:45:30.567361,20.7,46.2,0,0,none,none
2026-02-04T11:45:32.822124,20.7,46.2,0,0,none,none
2026-02-04T11:45:35.077119,20.7,46.2,0,0,none,none
2026-02-04T11:45:37.332000,20.7,46.2,0,0,none,none
2026-02-04T11:45:39.586935,20.7,46.2,0,0,none,none
2026-02-04T11:45:41.841967,20.7,46.2,0,0,none,none
2026-02-04T11:45:44.096836,20.7,46.2,0,0,none,none
2026-02-04T11:45:46.351479,20.7,46.2,0,0,none,none
2026-02-04T11:45:48.606493,20.7,46.2,0,0,none,none
2026-02-04T11:45:50.861448,20.7,46.2,0,0,none,none
2026-02-04T11:45:53.116170,20.8,46.3,0,0,none,none
2026-02-04T11:45:55.371045,20.7,46.3,0,0,none,none
2026-02-04T11:45:57.626146,20.7,46.2,0,0,none,none
2026-02-04T11:45:59.880775,20.8,46.3,0,0,none,none
2026-02-04T11:46:02.135665,20.7,46.2,0,0,none,none
2026-02-04T11:46:04.390604,20.7,46.2,0,0,none,none
2026-02-04T11:46:06.645455,20.7,46.2,0,0,none,none
2026-02-04T11:46:08.900422,20.7,46.3,0,0,none,none
2026-02-04T11:46:11.155318,20.7,46.2,0,0,none,none
2026-02-04T11:46:13.411219,20.7,46.2,0,0,none,none
2026-02-04T11:46:15.666208,20.7,46.2,0,0,none,none
2026-02-04T11:46:17.921082,20.7,46.2,0,0,none,none
2026-02-04T11:46:20.175742,20.7,46.2,0,0,none,none
2026-02-04T11:46:22.430838,20.7,46.2,0,0,none,none
2026-02-04T11:46:24.687880,20.7,46.2,0,0,none,none
2026-02-04T11:46:26.942651,20.7,46.2,0,0,none,none
2026-02-04T11:46:29.197553,20.8,46.3,0,0,none,none
2026-02-04T11:46:31.452536,20.7,46.2,0,0,none,none
2026-02-04T11:46:33.707272,20.7,46.2,0,0,none,none
2026-02-04T11:46:35.962184,20.7,46.2,0,0,none,none
2026-02-04T11:46:38.217069,20.7,46.2,0,0,none,none
2026-02-04T11:46:40.471946,20.7,46.2,0,0,none,none
2026-02-04T11:46:42.726816,20.7,46.2,0,0,none,none
2026-02-04T11:46:44.981855,20.7,46.2,0,0,none,none
2026-02-04T11:46:47.236624,20.7,46.2,0,0,none,none
2026-02-04T11:46:49.491470,20.7,46.2,0,0,none,none
2026-02-04T11:46:51.746330,20.7,46.2,0,0,none,none
2026-02-04T11:46:54.001010,20.7,46.2,0,0,none,none
2026-02-04T11:46:56.255545,20.7,46.2,0,0,none,none
2026-02-04T11:46:58.510388,20.7,46.3,0,0,none,none
2026-02-04T11:47:00.765087,20.7,46.2,0,0,none,none
2026-02-04T11:47:03.020009,20.7,46.2,0,0,none,none
2026-02-04T11:47:05.274962,20.7,46.3,0,0,none,none
2026-02-04T11:47:07.529770,20.7,46.2,0,0,none,none
2026-02-04T11:47:09.784666,20.7,46.2,0,0,none,none
2026-02-04T11:47:12.039443,20.7,46.2,0,0,none,none
2026-02-04T11:47:14.294159,20.7,46.2,0,0,none,none
2026-02-04T11:47:16.549175,20.7,46.2,0,0,none,none
2026-02-04T11:47:18.803852,20.7,46.2,0,0,none,none
2026-02-04T11:47:21.058472,20.7,46.2,0,0,none,none
2026-02-04T11:47:23.313415,20.7,46.2,0,0,none,none
2026-02-04T11:47:25.568446,20.7,46.2,0,0,none,none
2026-02-04T11:47:27.823188,20.7,46.2,0,0,none,none
2026-02-04T11:47:30.078138,20.7,46.2,0,0,none,none
2026-02-04T11:47:32.332935,20.7,46.2,0,0,none,none
2026-02-04T11:47:34.587557,20.7,46.2,0,0,none,none
2026-02-04T11:47:36.842383,20.7,46.2,0,0,none,none
2026-02-04T11:47:39.097314,20.7,46.2,0,0,none,none
2026-02-04T11:47:41.351897,20.7,46.2,0,0,none,none
2026-02-04T11:47:43.606834,20.7,46.2,0,0,none,none
2026-02-04T11:47:45.861723,20.7,46.2,0,0,none,none
2026-02-04T11:47:48.116564,20.7,46.2,0,0,none,none
2026-02-04T11:47:50.371495,20.7,46.2,0,0,none,none
2026-02-04T11:47:52.626432,20.7,46.2,0,0,none,none
2026-02-04T11:47:54.881119,20.7,46.2,0,0,none,none
2026-02-04T11:47:57.135972,20.7,46.2,0,0,none,none
2026-02-04T11:47:59.390331,20.7,46.2,0,0,none,none
2026-02-04T11:48:01.645135,20.7,46.2,0,0,none,none
2026-02-04T11:48:03.900048,20.7,46.2,0,0,none,none
2026-02-04T11:48:06.154762,20.7,46.2,0,0,none,none
2026-02-04T11:48:08.409489,20.7,46.2,0,0,none,none
2026-02-04T11:48:10.664416,20.7,46.2,0,0,none,none
2026-02-04T11:48:12.919348,20.7,46.2,0,0,none,none
2026-02-04T11:48:15.174146,20.7,46.2,0,0,none,none
2026-02-04T11:48:17.429194,20.7,46.2,0,0,none,none
2026-02-04T11:48:19.684106,20.7,46.2,0,0,none,none
2026-02-04T11:48:21.938772,20.7,46.2,0,0,none,none
2026-02-04T11:48:24.193786,20.7,46.2,0,0,none,none
2026-02-04T11:48:26.448798,20.7,46.2,0,0,none,none
2026-02-04T11:48:28.703562,20.7,46.2,0,0,none,none
2026-02-04T11:48:30.958437,20.7,46.2,0,0,none,none
2026-02-04T11:48:33.212915,20.7,46.2,0,0,none,none
2026-02-04T11:48:35.467724,20.7,46.2,0,0,none,none
2026-02-04T11:48:37.722640,20.7,46.2,0,0,none,none
2026-02-04T11:48:39.977625,20.7,46.2,0,0,none,none
2026-02-04T11:48:42.232315,20.7,46.2,0,0,none,none
2026-02-04T11:48:44.486911,20.7,46.2,0,0,none,none
2026-02-04T11:48:46.741874,20.7,46.2,0,0,none,none
2026-02-04T11:48:48.996538,20.7,46.2,0,0,none,none
2026-02-04T11:48:51.251366,20.7,46.2,0,0,none,none
2026-02-04T11:48:53.505828,20.7,46.2,0,0,none,none
2026-02-04T11:48:55.760538,20.7,46.2,0,0,none,none
2026-02-04T11:48:58.015477,20.7,46.2,0,0,none,none
2026-02-04T11:49:00.270271,20.7,46.2,0,0,none,none
2026-02-04T11:49:02.525145,20.7,46.2,0,0,none,none
2026-02-04T11:49:04.780034,20.7,46.2,0,0,none,none
2026-02-04T11:49:07.037027,20.7,46.2,0,0,none,none
2026-02-04T11:49:09.291758,20.7,46.2,0,0,none,none
2026-02-04T11:49:11.546750,20.7,46.3,0,0,none,none
2026-02-04T11:49:13.801696,20.7,46.3,0,0,none,none
2026-02-04T11:49:16.056450,20.7,46.2,0,0,none,none
2026-02-04T11:49:18.311254,20.7,46.2,0,0,none,none
2026-02-04T11:49:20.566305,20.7,46.2,0,0,none,none
2026-02-04T11:49:22.821090,20.7,46.2,0,0,none,none
2026-02-04T11:49:25.075985,20.7,46.2,0,0,none,none
2026-02-04T11:49:27.330968,20.7,46.2,0,0,none,none
2026-02-04T11:49:29.585793,20.7,46.2,0,0,none,none
2026-02-04T11:49:31.840670,20.7,46.2,0,0,none,none
2026-02-04T11:49:34.095589,20.7,46.2,0,0,none,none
2026-02-04T11:49:36.350215,20.7,46.2,0,0,none,none
2026-02-04T11:49:38.605134,20.7,46.2,0,0,none,none
2026-02-04T11:49:40.860007,20.7,46.2,0,0,none,none
2026-02-04T11:49:43.114707,20.7,46.2,0,0,none,none
2026-02-04T11:49:45.369688,20.7,46.2,0,0,none,none
2026-02-04T11:49:47.624726,20.7,46.2,0,0,none,none
2026-02-04T11:49:49.879349,20.7,46.2,0,0,none,none
2026-02-04T11:49:52.134111,20.7,46.2,0,0,none,none
2026-02-04T11:49:54.389074,20.7,46.2,0,0,none,none
2026-02-04T11:49:56.643928,20.7,46.2,0,0,none,none
2026-02-04T11:49:58.898819,20.7,46.3,0,0,none,none
2026-02-04T11:50:01.153636,20.7,46.2,0,0,none,none
2026-02-04T11:50:03.408487,20.7,46.2,0,0,none,none
2026-02-04T11:50:05.663471,20.7,46.2,0,0,none,none
2026-02-04T11:50:07.918279,20.7,46.2,0,0,none,none
2026-02-04T11:50:10.173054,20.7,46.2,0,0,none,none
2026-02-04T11:50:12.427989,20.7,46.3,0,0,none,none
2026-02-04T11:50:14.682962,20.7,46.2,0,0,none,none
2026-02-04T11:50:16.937803,20.7,46.2,0,0,none,none
2026-02-04T11:50:19.192727,20.7,46.2,0,0,none,none
2026-02-04T11:50:21.447597,20.7,46.2,0,0,none,none
2026-02-04T11:50:23.702384,20.7,46.2,0,0,none,none
2026-02-04T11:50:25.957155,20.7,46.2,0,0,none,none
2026-02-04T11:50:28.213616,20.7,46.2,0,0,none,none
2026-02-04T11:50:30.468415,20.7,46.2,1,0,none,none
2026-02-04T11:50:32.722891,20.7,46.2,0,0,none,none
2026-02-04T11:50:34.977758,20.7,46.2,0,0,none,none
2026-02-04T11:50:37.232398,20.7,46.2,0,0,none,none
2026-02-04T11:50:39.487241,20.7,46.2,0,0,none,none
2026-02-04T11:50:41.741620,20.7,46.2,0,0,none,none
2026-02-04T11:50:43.996331,20.7,46.2,0,0,none,none
2026-02-04T11:50:46.251247,20.7,46.2,0,0,none,none
2026-02-04T11:50:48.506239,20.7,46.2,0,0,none,none
2026-02-04T11:50:50.760964,20.7,46.2,0,0,none,none
2026-02-04T11:50:53.015578,20.7,46.2,0,0,none,none
2026-02-04T11:50:55.270232,20.7,46.2,0,0,none,none
2026-02-04T11:50:57.525118,20.7,46.2,0,0,none,none
2026-02-04T11:50:59.779826,20.7,46.2,0,0,none,none
2026-02-04T11:51:02.034696,20.7,46.2,0,0,none,none
2026-02-04T11:51:04.289333,20.7,46.2,0,0,none,none
2026-02-04T11:51:06.543946,20.7,46.2,0,0,none,none
2026-02-04T11:51:08.798716,20.7,46.2,0,0,none,none
2026-02-04T11:51:11.053422,20.7,46.2,0,0,none,none
2026-02-04T11:51:13.308259,20.7,46.2,0,0,none,none
2026-02-04T11:51:15.562853,20.7,46.2,0,0,none,none
2026-02-04T11:51:17.817482,20.7,46.2,0,0,none,none
2026-02-04T11:51:20.072354,20.7,46.2,0,0,none,none
2026-02-04T11:51:22.327260,20.7,46.2,0,0,none,none
2026-02-04T11:51:24.581724,20.7,46.2,0,0,none,none
2026-02-04T11:51:26.836622,20.7,46.2,0,0,none,none
2026-02-04T11:51:29.091279,20.7,46.2,0,0,none,none
2026-02-04T11:51:31.346025,20.7,46.2,0,0,none,none
2026-02-04T11:51:33.601043,20.7,46.2,0,0,none,none
2026-02-04T11:51:35.855842,20.7,46.2,0,0,none,none
2026-02-04T11:51:38.110472,20.7,46.2,0,0,none,none
2026-02-04T11:51:40.365439,20.7,46.2,0,0,none,none
2026-02-04T11:51:42.620213,20.7,46.2,0,0,none,none
2026-02-04T11:51:44.874977,20.7,46.2,0,0,none,none
2026-02-04T11:51:47.129971,20.7,46.2,0,0,none,none
2026-02-04T11:51:49.384871,20.7,46.3,0,0,none,none
2026-02-04T11:51:51.639633,20.7,46.2,0,0,none,none
2026-02-04T11:51:53.894500,20.7,46.2,0,0,none,none
2026-02-04T11:51:56.149307,20.7,46.2,0,0,none,none
2026-02-04T11:51:58.404029,20.7,46.2,0,0,none,none
2026-02-04T11:52:00.659085,20.7,46.2,0,0,none,none
2026-02-04T11:52:02.914060,20.7,46.2,0,0,none,none
2026-02-04T11:52:05.168790,20.7,46.2,0,0,none,none
2026-02-04T11:52:07.424823,20.7,46.2,0,0,none,none
2026-02-04T11:52:09.679828,20.7,46.2,0,0,none,none
2026-02-04T11:52:11.934563,20.7,46.2,0,0,none,none
2026-02-04T11:52:14.189430,20.7,46.2,0,0,none,none
2026-02-04T11:52:16.444548,20.7,46.2,0,0,none,none
2026-02-04T11:52:18.699157,20.7,46.2,0,0,none,none
2026-02-04T11:52:20.954170,20.7,46.2,0,0,none,none
2026-02-04T11:52:23.209077,20.7,46.2,0,0,none,none
2026-02-04T11:52:25.463834,20.7,46.2,0,0,none,none
2026-02-04T11:52:27.718755,20.7,46.2,0,0,none,none
2026-02-04T11:52:29.973713,20.7,46.2,0,0,none,none
2026-02-04T11:52:32.228375,20.7,46.2,0,0,none,none
2026-02-04T11:52:34.483523,20.7,46.2,0,0,none,none
2026-02-04T11:52:36.738407,20.7,46.3,0,0,none,none
2026-02-04T11:52:38.993200,20.7,46.2,0,0,none,none
2026-02-04T11:52:41.247991,20.7,46.3,0,0,none,none
2026-02-04T11:52:43.503024,20.7,46.2,0,0,none,none
2026-02-04T11:52:45.757835,20.7,46.2,0,0,none,none
2026-02-04T11:52:48.012731,20.7,46.2,0,0,none,none
2026-02-04T11:52:50.267506,20.7,46.2,0,0,none,none
2026-02-04T11:52:52.522337,20.7,46.2,0,0,none,none
2026-02-04T11:52:54.777222,20.7,46.2,0,0,none,none
2026-02-04T11:52:57.032186,20.7,46.2,0,0,none,none
2026-02-04T11:52:59.286899,20.7,46.2,0,0,none,none
2026-02-04T11:53:01.542013,20.7,46.2,0,0,none,none
2026-02-04T11:53:03.796922,20.7,46.2,0,0,none,none
2026-02-04T11:53:06.051687,20.7,46.2,0,0,none,none
2026-02-04T11:53:08.306508,20.7,46.2,0,0,none,none
2026-02-04T11:53:10.561665,20.7,46.2,0,0,none,none
2026-02-04T11:53:12.816372,20.7,46.2,0,0,none,none
2026-02-04T11:53:15.071275,20.7,46.2,0,0,none,none
2026-02-04T11:53:17.328348,20.7,46.2,0,0,none,none
2026-02-04T11:53:19.583130,20.7,46.2,0,0,none,none
2026-02-04T11:53:21.838152,20.7,46.2,0,0,none,none
2026-02-04T11:53:24.093110,20.7,46.2,0,0,none,none
2026-02-04T11:53:26.347767,20.7,46.2,0,0,none,none
2026-02-04T11:53:28.602818,20.7,46.1,0,0,none,none
2026-02-04T11:53:30.857690,20.7,46.1,0,0,none,none
2026-02-04T11:53:33.112363,20.7,46.2,0,0,none,none
2026-02-04T11:53:35.367319,20.7,46.2,0,0,none,none
2026-02-04T11:53:37.622297,20.7,46.2,0,0,none,none
2026-02-04T11:53:39.877007,20.7,46.1,0,0,none,none
2026-02-04T11:53:42.131811,20.7,46.2,0,0,none,none
2026-02-04T11:53:44.386673,20.7,46.1,0,0,none,none
2026-02-04T11:53:46.641483,20.7,46.1,0,0,none,none
2026-02-04T11:53:48.896444,20.7,46.2,0,0,none,none
2026-02-04T11:53:51.151322,20.7,46.1,0,0,none,none
2026-02-04T11:53:53.405577,20.7,46.2,0,0,none,none
2026-02-04T11:53:55.660597,20.7,46.1,0,0,none,none
2026-02-04T11:53:57.915476,20.7,46.1,0,0,none,none
2026-02-04T11:54:00.170073,20.7,46.1,0,0,none,none
2026-02-04T11:54:02.425997,20.7,46.2,0,0,none,none
2026-02-04T11:54:04.761958,20.7,46.1,0,0,none,none
2026-02-04T11:54:07.044193,20.7,46.1,0,0,none,none
2026-02-04T11:54:09.299087,20.7,46.2,0,0,none,none
2026-02-04T11:54:11.554137,20.7,46.1,0,0,none,none
2026-02-04T11:54:13.808766,20.7,46.1,0,0,none,none
2026-02-04T11:54:16.063712,20.7,46.1,0,0,none,none
2026-02-04T11:54:18.318576,20.7,46.2,0,0,none,none
2026-02-04T11:54:20.573365,20.7,46.1,0,0,none,none
2026-02-04T11:54:22.828000,20.7,46.1,0,0,none,none
2026-02-04T11:54:25.082820,20.7,46.1,0,0,none,none
2026-02-04T11:54:27.337602,20.7,46.1,0,0,none,none
2026-02-04T11:54:29.592627,20.7,46.1,0,0,none,none
2026-02-04T11:54:31.847453,20.7,46.1,0,0,none,none
2026-02-04T11:54:34.102088,20.7,46.1,0,0,none,none
2026-02-04T11:54:36.356986,20.7,46.1,0,0,none,none
2026-02-04T11:54:38.611979,20.7,46.1,0,0,none,none
2026-02-04T11:54:40.866633,20.7,46.1,0,0,none,none
2026-02-04T11:54:43.121484,20.7,46.1,0,0,none,none
2026-02-04T11:54:45.376363,20.7,46.1,0,0,none,none
2026-02-04T11:54:47.631133,20.7,46.1,0,0,none,none
2026-02-04T11:54:49.886043,20.7,46.1,0,0,none,none
2026-02-04T11:54:52.140984,20.7,46.1,0,0,none,none
2026-02-04T11:54:54.395603,20.7,46.1,0,0,none,none
2026-02-04T11:54:56.650583,20.7,46.1,0,0,none,none
2026-02-04T11:54:58.905444,20.7,46.1,0,0,none,none
2026-02-04T11:55:01.160128,20.7,46.1,0,0,none,none
2026-02-04T11:55:03.415166,20.7,46.1,0,0,none,none
2026-02-04T11:55:05.670103,20.7,46.1,0,0,none,none
2026-02-04T11:55:07.924730,20.7,46.1,0,0,none,none
2026-02-04T11:55:10.179779,20.7,46.1,0,0,none,none
2026-02-04T11:55:12.434807,20.7,46.1,0,0,none,none
2026-02-04T11:55:14.689586,20.7,46.1,0,0,none,none
2026-02-04T11:55:16.944549,20.7,46.1,0,0,none,none
2026-02-04T11:55:19.199338,20.7,46.1,0,0,none,none
2026-02-04T11:55:21.454130,20.7,46.1,0,0,none,none
2026-02-04T11:55:23.709009,20.7,46.1,0,0,none,none
2026-02-04T11:55:25.963822,20.7,46.1,0,0,none,none
2026-02-04T11:55:28.218553,20.7,46.1,0,0,none,none
2026-02-04T11:55:30.473122,20.7,46.1,0,0,none,none
2026-02-04T11:55:32.728094,20.7,46.1,0,0,none,none
2026-02-04T11:55:34.982825,20.7,46.1,0,0,none,none
2026-02-04T11:55:37.237696,20.7,46.1,0,0,none,none
2026-02-04T11:55:39.492768,20.7,46.1,0,0,none,none
2026-02-04T11:55:41.747403,20.7,46.1,0,0,none,none
2026-02-04T11:55:44.002319,20.7,46.1,0,0,none,none
2026-02-04T11:55:46.257273,20.7,46.1,0,0,none,none
2026-02-04T11:55:48.511715,20.7,46.1,0,0,none,none
2026-02-04T11:55:50.766682,20.7,46.1,0,0,none,none
2026-02-04T11:55:53.021602,20.7,46.1,0,0,none,none
2026-02-04T11:55:55.276378,20.7,46.1,0,0,none,none
2026-02-04T11:55:57.531424,20.7,46.1,0,0,none,none
2026-02-04T11:55:59.786311,20.7,46.1,0,0,none,none
2026-02-04T11:56:02.040937,20.7,46.1,0,0,none,none
2026-02-04T11:56:04.295875,20.7,46.1,0,0,none,none
2026-02-04T11:56:06.550861,20.7,46.1,0,0,none,none
2026-02-04T11:56:08.805650,20.7,46.1,0,0,none,none
2026-02-04T11:56:11.060661,20.7,46.1,0,0,none,none
2026-02-04T11:56:13.315463,20.7,46.1,0,0,none,none
2026-02-04T11:56:15.570345,20.7,46.1,0,0,none,none
2026-02-04T11:56:17.825281,20.7,46.1,0,0,none,none
2026-02-04T11:56:20.080127,20.7,46.1,0,0,none,none
2026-02-04T11:56:22.334743,20.7,46.1,0,0,none,none
2026-02-04T11:56:24.589932,20.7,46.1,0,0,none,none
2026-02-04T11:56:26.844505,20.7,46.1,0,0,none,none
2026-02-04T11:56:29.099281,20.7,46.1,0,0,none,none
2026-02-04T11:56:31.354085,20.7,46.1,0,0,none,none
2026-02-04T11:56:33.609110,20.7,46.1,0,0,none,none
2026-02-04T11:56:35.863874,20.7,46.1,0,0,none,none
2026-02-04T11:56:38.118846,20.7,46.1,0,0,none,none
2026-02-04T11:56:40.373726,20.7,46.1,0,0,none,none
2026-02-04T11:56:42.628533,20.7,46.1,0,0,none,none
2026-02-04T11:56:44.883490,20.7,46.1,0,0,none,none
2026-02-04T11:56:47.138455,20.7,46.1,0,0,none,none
2026-02-04T11:56:49.392972,20.7,46.1,0,0,none,none
2026-02-04T11:56:51.647640,20.7,46.1,0,0,none,none
2026-02-04T11:56:53.902534,20.7,46.1,0,0,none,none
2026-02-04T11:56:56.157185,20.7,46.1,0,0,none,none
2026-02-04T11:56:58.412172,20.7,46.1,0,0,none,none
2026-02-04T11:57:00.667195,20.7,46.1,0,0,none,none
2026-02-04T11:57:02.921984,20.7,46.1,0,0,none,none
2026-02-04T11:57:05.176883,20.7,46.1,0,0,none,none
2026-02-04T11:57:07.431937,20.7,46.1,0,0,none,none
2026-02-04T11:57:09.686647,20.7,46.0,0,0,none,none
2026-02-04T11:57:11.941518,20.7,46.0,0,0,none,none
2026-02-04T11:57:14.196392,20.7,46.1,0,0,none,none
2026-02-04T11:57:16.451181,20.7,46.0,0,0,none,none
2026-02-04T11:57:18.706121,20.7,46.1,0,0,none,none
2026-02-04T11:57:20.960949,20.7,46.1,0,0,none,none
2026-02-04T11:57:23.215599,20.7,46.1,0,0,none,none
2026-02-04T11:57:25.470119,20.7,46.1,0,0,none,none
2026-02-04T11:57:27.725060,20.7,46.1,1,0,none,none
2026-02-04T11:57:29.979697,20.7,46.1,0,0,none,none
2026-02-04T11:57:32.234579,20.7,46.1,0,0,none,none
2026-02-04T11:57:34.489618,20.7,46.1,0,0,none,none
2026-02-04T11:57:36.744306,20.7,46.1,0,0,none,none
2026-02-04T11:57:38.999197,20.7,46.1,0,0,none,none
2026-02-04T11:57:41.254079,20.7,46.1,0,0,none,none
2026-02-04T11:57:43.508938,20.7,46.1,0,0,none,none
2026-02-04T11:57:45.763840,20.7,46.1,0,0,none,none
2026-02-04T11:57:48.018655,20.7,46.1,0,0,none,none
2026-02-04T11:57:50.273406,20.7,46.1,0,0,none,none
2026-02-04T11:57:52.528522,20.7,46.1,0,0,none,none
2026-02-04T11:57:54.783222,20.7,46.1,0,0,none,none
2026-02-04T11:57:57.037954,20.7,46.1,0,0,none,none
2026-02-04T11:57:59.292554,20.7,46.1,0,0,none,none
2026-02-04T11:58:01.547509,20.7,46.1,0,0,none,none
2026-02-04T11:58:03.802265,20.7,46.1,0,0,none,none
2026-02-04T11:58:06.057283,20.7,46.1,0,0,none,none
2026-02-04T11:58:08.312161,20.7,46.1,0,0,none,none
2026-02-04T11:58:10.567002,20.7,46.0,0,0,none,none
2026-02-04T11:58:12.821508,20.7,46.1,0,0,none,none
2026-02-04T11:58:15.076400,20.7,46.0,0,0,none,none
2026-02-04T11:58:17.330903,20.7,46.1,0,0,none,none
2026-02-04T11:58:19.585973,20.7,46.0,0,0,none,none
2026-02-04T11:58:21.840865,20.7,46.0,0,0,none,none
2026-02-04T11:58:24.095557,20.7,46.0,0,0,none,none
2026-02-04T11:58:26.350327,20.7,46.0,0,0,none,none
2026-02-04T11:58:28.605191,20.7,46.0,0,0,none,none
2026-02-04T11:58:30.859527,20.7,46.0,0,0,none,none
2026-02-04T11:58:33.114387,20.7,46.0,0,0,none,none
2026-02-04T11:58:35.369192,20.7,46.0,0,0,none,none
2026-02-04T11:58:37.623956,20.7,46.1,0,0,none,none
2026-02-04T11:58:39.878878,20.7,46.0,0,0,none,none
2026-02-04T11:58:42.133781,20.7,46.1,0,0,none,none
2026-02-04T11:58:44.388412,20.7,46.0,0,0,none,none
2026-02-04T11:58:46.643337,20.7,46.0,0,0,none,none
2026-02-04T11:58:48.898113,20.7,46.0,0,0,none,none
2026-02-04T11:58:51.152798,20.7,46.0,0,0,none,none
2026-02-04T11:58:53.407430,20.7,46.0,0,0,none,none
2026-02-04T11:58:55.662351,20.7,46.1,0,0,none,none
2026-02-04T11:58:57.916989,20.7,46.0,0,0,none,none
2026-02-04T11:59:00.171961,20.7,46.0,0,0,none,none
2026-02-04T11:59:02.427856,20.7,46.0,0,0,none,none
2026-02-04T11:59:04.763455,20.7,46.0,0,0,none,none
2026-02-04T11:59:07.099231,20.7,46.0,0,0,none,none
2026-02-04T11:59:09.404314,20.7,46.0,0,0,none,none
2026-02-04T11:59:11.659075,20.7,46.0,0,0,none,none
2026-02-04T11:59:13.914060,20.7,46.0,0,0,none,none
2026-02-04T11:59:16.168886,20.7,46.0,0,0,none,none
2026-02-04T11:59:18.424633,20.7,46.0,0,0,none,none
2026-02-04T11:59:20.679576,20.7,46.0,0,0,none,none
2026-02-04T11:59:22.934128,20.7,46.0,0,0,none,none
2026-02-04T11:59:25.188765,20.7,46.0,0,0,none,none
2026-02-04T11:59:27.443783,20.7,46.0,0,0,none,none
2026-02-04T11:59:29.698606,20.7,46.0,0,0,none,none
2026-02-04T11:59:31.953254,20.7,46.1,0,0,none,none
2026-02-04T11:59:34.208137,20.7,46.0,0,0,none,none
2026-02-04T11:59:36.463180,20.7,46.1,0,0,none,none
2026-02-04T11:59:38.717859,20.7,46.0,0,0,none,none
2026-02-04T11:59:40.972529,20.7,46.0,0,0,none,none
2026-02-04T11:59:43.227323,20.7,46.0,0,0,none,none
2026-02-04T11:59:45.482126,20.7,46.0,0,0,none,none
2026-02-04T11:59:47.737138,20.7,46.0,0,0,none,none
2026-02-04T11:59:49.991535,20.7,46.1,0,0,none,none
2026-02-04T11:59:52.246114,20.7,46.0,0,0,none,none
2026-02-04T11:59:54.501099,20.7,46.0,0,0,none,none
2026-02-04T11:59:56.755924,20.7,46.0,0,0,none,none
2026-02-04T11:59:59.010131,20.7,46.1,0,0,none,none
2026-02-04T12:00:01.265072,20.7,46.1,0,0,none,none
2026-02-04T12:00:03.520062,20.7,46.1,0,0,none,none
2026-02-04T12:00:05.774823,20.7,46.0,0,0,none,none
2026-02-04T12:00:08.029185,20.7,46.1,0,0,none,none
