timestamp,temperature_C,humidity,pir_motion
2025-12-10T08:54:44.151365,20.4,57.3,0
2025-12-10T08:54:46.406306,20.5,59.3,1
2025-12-10T08:54:48.661247,20.4,59.2,0
2025-12-10T08:54:50.916325,20.4,59.2,0
2025-12-10T08:54:53.171217,20.4,59.2,1
2025-12-10T08:54:55.426016,20.4,59.2,0
2025-12-10T08:54:57.680829,20.4,59.2,0
2025-12-10T08:54:59.935496,20.4,59.2,0
2025-12-10T08:55:02.194850,20.4,59.2,0
2025-12-10T08:55:04.449617,20.4,59.2,0
2025-12-10T08:55:06.704229,20.4,59.2,0
2025-12-10T08:55:08.958845,20.4,59.2,0
2025-12-10T08:55:11.213599,20.4,59.2,0
2025-12-10T08:55:13.468187,20.4,59.2,0
2025-12-10T08:55:15.722723,20.4,59.1,0
2025-12-10T08:55:17.983146,20.4,59.2,1
2025-12-10T08:55:20.242902,20.4,59.1,0
2025-12-10T08:55:22.497492,20.4,59.1,1
2025-12-10T08:55:24.752464,20.4,59.2,0
2025-12-10T08:55:27.007444,20.4,59.1,0
2025-12-10T08:55:29.262185,20.4,59.1,0
2025-12-10T08:55:31.518928,20.4,59.1,0
2025-12-10T08:55:33.779122,20.4,59.1,1
2025-12-10T08:55:36.033858,20.4,59.1,0
2025-12-10T08:55:38.291014,20.5,59.2,0
2025-12-10T08:55:40.545868,20.4,59.1,0
2025-12-10T08:55:42.803051,20.4,59.1,0
2025-12-10T08:55:45.062951,20.4,59.1,0
2025-12-10T08:55:47.323107,20.4,59.1,0
2025-12-10T08:55:49.577706,20.4,59.1,0
2025-12-10T08:55:51.832355,20.4,59.1,0
2025-12-10T08:55:54.087102,20.5,59.1,0
2025-12-10T08:55:56.346934,20.5,59.2,0
2025-12-10T08:55:58.601502,20.4,59.1,0
2025-12-10T08:56:00.859149,20.5,59.2,1
2025-12-10T08:56:03.118981,20.5,59.2,0
2025-12-10T08:56:05.373551,20.5,59.2,0
2025-12-10T08:56:07.628335,20.5,59.2,0
2025-12-10T08:56:09.887028,20.5,59.2,0
2025-12-10T08:56:12.146910,20.5,59.1,1
2025-12-10T08:56:14.403536,20.5,59.2,0
2025-12-10T08:56:16.658307,20.5,59.2,0
2025-12-10T08:56:18.913211,20.4,59.1,0
2025-12-10T08:56:21.168226,,,0
2025-12-10T08:56:23.423144,20.4,59.1,0
2025-12-10T08:56:25.677977,20.5,59.2,0
2025-12-10T08:56:27.933104,20.5,59.2,1
2025-12-10T08:56:30.188025,20.4,59.1,0
2025-12-10T08:56:32.442842,20.5,59.2,0
2025-12-10T08:56:34.697921,20.4,59.1,0
2025-12-10T08:56:36.952926,20.4,59.1,1
2025-12-10T08:56:39.207756,20.5,59.3,0
2025-12-10T08:56:41.462616,20.5,59.2,0
2025-12-10T08:56:43.717490,20.5,59.2,1
2025-12-10T08:56:45.972369,20.5,59.2,0
2025-12-10T08:56:48.227406,20.5,59.2,0
2025-12-10T08:56:50.482319,20.4,59.1,1
2025-12-10T08:56:52.737158,20.5,59.2,0
2025-12-10T08:56:54.992247,20.5,59.2,0
2025-12-10T08:56:57.247163,20.5,59.2,0
2025-12-10T08:56:59.501974,20.5,59.2,0
2025-12-10T08:57:01.756982,20.5,59.2,0
2025-12-10T08:57:04.011896,20.5,59.2,0
2025-12-10T08:57:06.266733,20.5,59.2,1
2025-12-10T08:57:08.521730,20.5,59.3,0
2025-12-10T08:57:10.776317,20.5,59.3,0
2025-12-10T08:57:13.034893,20.5,59.3,0
2025-12-10T08:57:15.295032,20.5,59.3,0
2025-12-10T08:57:17.554828,20.5,59.3,0
2025-12-10T08:57:19.809441,20.5,59.3,0
2025-12-10T08:57:22.064123,20.5,59.3,0
2025-12-10T08:57:24.318680,20.5,59.3,0
2025-12-10T08:57:26.573140,20.5,59.4,0
2025-12-10T08:57:28.831154,20.5,59.4,1
2025-12-10T08:57:31.085710,20.5,59.3,0
2025-12-10T08:57:33.340200,20.5,59.3,0
2025-12-10T08:57:35.594889,20.5,59.3,0
2025-12-10T08:57:37.849525,20.5,59.3,0
2025-12-10T08:57:40.104007,20.5,59.3,1
2025-12-10T08:57:42.358747,20.5,59.3,0
2025-12-10T08:57:44.613305,20.5,59.3,0
2025-12-10T08:57:46.870915,20.5,59.3,0
2025-12-10T08:57:49.130993,20.5,59.3,0
2025-12-10T08:57:51.391103,20.5,59.3,1
2025-12-10T08:57:53.645958,20.5,59.3,0
2025-12-10T08:57:55.901102,20.5,59.3,1
2025-12-10T08:57:58.156027,20.5,59.3,0
2025-12-10T08:58:00.410859,20.5,59.3,0
2025-12-10T08:58:02.665861,20.5,59.4,1
2025-12-10T08:58:04.920850,20.5,59.4,0
2025-12-10T08:58:07.175660,20.5,59.4,0
2025-12-10T08:58:09.430703,20.5,59.4,0
2025-12-10T08:58:11.685634,20.5,59.4,0
2025-12-10T08:58:13.940543,20.5,59.4,0
2025-12-10T08:58:16.195614,20.5,59.5,0
2025-12-10T08:58:18.450243,20.5,59.5,0
2025-12-10T08:58:20.704733,20.5,59.5,0
2025-12-10T08:58:22.959541,20.5,59.6,0
2025-12-10T08:58:25.214091,20.5,59.5,0
2025-12-10T08:58:27.470848,20.5,59.6,0
2025-12-10T08:58:29.725547,20.5,59.6,1
2025-12-10T08:58:31.980158,20.5,59.6,0
2025-12-10T08:58:34.238853,20.5,59.6,1
2025-12-10T08:58:36.499036,20.5,59.6,0
2025-12-10T08:58:38.758837,20.5,59.6,0
2025-12-10T08:58:41.013391,20.5,59.6,0
2025-12-10T08:58:43.268053,20.5,59.6,0
2025-12-10T08:58:45.526913,20.5,59.6,0
2025-12-10T08:58:47.781394,20.5,59.6,0
2025-12-10T08:58:50.039110,20.5,59.6,0
2025-12-10T08:58:52.298838,20.5,59.6,0
2025-12-10T08:58:54.553325,20.5,59.6,0
2025-12-10T08:58:56.808071,20.5,59.6,0
2025-12-10T08:58:59.063000,20.5,59.6,0
2025-12-10T08:59:01.322812,20.5,59.6,0
2025-12-10T08:59:03.577490,20.5,59.6,0
2025-12-10T08:59:05.834997,20.5,59.7,1
2025-12-10T08:59:08.089496,20.5,59.7,0
2025-12-10T08:59:10.344181,20.5,59.7,0
2025-12-10T08:59:12.602855,20.5,59.7,0
2025-12-10T08:59:14.857443,20.5,59.7,0
2025-12-10T08:59:17.115030,20.5,59.7,0
2025-12-10T08:59:19.369574,20.5,59.7,0
2025-12-10T08:59:21.624047,20.5,59.7,0
2025-12-10T08:59:23.878829,20.5,59.7,1
2025-12-10T08:59:26.138909,20.5,59.7,0
2025-12-10T08:59:28.398813,20.5,59.7,1
2025-12-10T08:59:30.659034,20.5,59.7,0
2025-12-10T08:59:32.913705,20.5,59.7,0
2025-12-10T08:59:35.168190,20.5,59.8,1
2025-12-10T08:59:37.427035,20.5,59.8,0
2025-12-10T08:59:39.681638,20.5,59.8,1
2025-12-10T08:59:41.936566,20.5,59.9,0
2025-12-10T08:59:44.191572,20.5,59.9,0
2025-12-10T08:59:46.446456,20.5,59.9,1
2025-12-10T08:59:48.701269,20.5,59.9,0
2025-12-10T08:59:50.956455,20.5,59.9,0
2025-12-10T08:59:53.211268,20.5,59.8,0
2025-12-10T08:59:55.466083,20.5,59.9,0
2025-12-10T08:59:57.721143,20.5,59.9,1
2025-12-10T08:59:59.976100,20.5,59.9,0
2025-12-10T09:00:02.230906,20.5,59.8,0
2025-12-10T09:00:04.486019,20.5,59.9,0
2025-12-10T09:00:06.740725,20.5,59.8,0
2025-12-10T09:00:08.995615,20.5,59.9,0
2025-12-10T09:00:11.250639,20.5,59.9,0
2025-12-10T09:00:13.505536,20.5,59.9,0
2025-12-10T09:00:15.760084,20.5,59.8,0
2025-12-10T09:00:18.014937,20.5,59.9,1
2025-12-10T09:00:20.269501,20.5,59.9,0
2025-12-10T09:00:22.524431,20.5,59.9,0
2025-12-10T09:00:24.784786,20.5,59.9,0
2025-12-10T09:00:27.039652,20.5,59.9,0
2025-12-10T09:00:29.294435,20.5,59.9,0
2025-12-10T09:00:31.549466,20.5,59.9,0
2025-12-10T09:00:33.804181,20.5,59.8,1
2025-12-10T09:00:36.062887,20.5,59.8,0
2025-12-10T09:00:38.317564,20.5,59.9,0
2025-12-10T09:00:40.572493,20.5,59.9,0
2025-12-10T09:00:42.827245,20.5,59.9,0
2025-12-10T09:00:45.082289,20.5,59.8,0
2025-12-10T09:00:47.337176,20.5,59.8,0
2025-12-10T09:00:49.592018,20.5,59.8,0
2025-12-10T09:00:51.846831,20.5,59.8,1
2025-12-10T09:00:54.106912,20.5,59.8,0
2025-12-10T09:00:56.361398,20.5,59.8,0
2025-12-10T09:00:58.619044,20.5,59.8,0
2025-12-10T09:01:00.878955,20.5,59.8,0
2025-12-10T09:01:03.138851,20.5,59.8,0
2025-12-10T09:01:05.399008,20.5,59.9,0
2025-12-10T09:01:07.658854,20.5,59.9,1
2025-12-10T09:01:09.913417,20.5,59.9,0
2025-12-10T09:01:12.168181,20.5,59.9,0
2025-12-10T09:01:14.422942,20.5,59.9,0
2025-12-10T09:01:16.677418,20.5,59.9,0
2025-12-10T09:01:18.935133,20.5,59.9,0
2025-12-10T09:01:21.195140,20.5,59.9,0
2025-12-10T09:01:23.449951,20.5,60.0,0
2025-12-10T09:01:25.705026,20.5,59.9,0
2025-12-10T09:01:27.959941,20.5,59.9,1
2025-12-10T09:01:30.214706,20.5,59.9,0
2025-12-10T09:01:32.469699,20.5,60.0,0
2025-12-10T09:01:34.724615,20.5,59.9,0
2025-12-10T09:01:36.979409,20.5,59.9,0
2025-12-10T09:01:39.234397,20.5,59.9,0
2025-12-10T09:01:41.489248,20.5,59.9,0
2025-12-10T09:01:43.744062,20.5,59.9,1
2025-12-10T09:01:45.999201,20.5,59.9,0
2025-12-10T09:01:48.254069,20.5,60.0,1
2025-12-10T09:01:50.508792,20.5,59.9,0
2025-12-10T09:01:52.763756,20.5,59.9,0
2025-12-10T09:01:55.018675,20.5,59.9,0
2025-12-10T09:01:57.273483,20.5,59.9,0
2025-12-10T09:01:59.528720,20.5,59.9,1
2025-12-10T09:02:01.783675,20.5,59.9,0
2025-12-10T09:02:04.038514,20.5,59.9,0
2025-12-10T09:02:06.293184,20.5,59.9,0
2025-12-10T09:02:08.548079,20.5,59.9,0
2025-12-10T09:02:10.802969,20.5,59.9,0
2025-12-10T09:02:13.057958,20.5,59.9,0
2025-12-10T09:02:15.312816,20.6,60.0,0
2025-12-10T09:02:17.567567,20.5,60.0,0
2025-12-10T09:02:19.822709,20.5,60.0,0
2025-12-10T09:02:22.077574,20.5,60.0,0
2025-12-10T09:02:24.332420,20.5,60.1,0
2025-12-10T09:02:26.587400,20.5,60.2,0
2025-12-10T09:02:28.842435,20.5,60.2,1
2025-12-10T09:02:31.097278,20.5,60.2,0
2025-12-10T09:02:33.352293,20.5,60.2,1
2025-12-10T09:02:35.607177,20.5,60.3,0
2025-12-10T09:02:37.862071,20.5,60.4,0
2025-12-10T09:02:40.117045,20.5,60.8,0
2025-12-10T09:02:42.371950,20.6,61.2,0
2025-12-10T09:02:44.626723,20.5,61.3,1
2025-12-10T09:02:46.881672,20.6,61.4,0
2025-12-10T09:02:49.136611,20.5,61.4,0
2025-12-10T09:02:51.391371,20.6,61.5,0
2025-12-10T09:02:53.646314,20.6,61.5,0
2025-12-10T09:02:55.901283,20.6,61.4,0
2025-12-10T09:02:58.156050,20.6,61.3,0
2025-12-10T09:03:00.411048,20.6,61.2,1
2025-12-10T09:03:02.665945,20.6,61.1,0
2025-12-10T09:03:04.920904,20.6,61.0,0
2025-12-10T09:03:07.175893,20.5,60.9,0
2025-12-10T09:03:09.430771,20.6,60.9,0
2025-12-10T09:03:11.685542,20.6,60.8,0
2025-12-10T09:03:13.940750,20.6,60.8,0
2025-12-10T09:03:16.195675,20.6,60.7,0
2025-12-10T09:03:18.453056,20.6,60.6,0
2025-12-10T09:03:20.708079,20.6,60.6,0
2025-12-10T09:03:22.963013,20.6,60.5,0
2025-12-10T09:03:25.217828,20.6,60.5,1
2025-12-10T09:03:27.472875,20.6,60.5,0
2025-12-10T09:03:29.727801,20.6,60.4,1
2025-12-10T09:03:31.982609,20.6,60.4,0
2025-12-10T09:03:34.237602,20.6,60.4,0
2025-12-10T09:03:36.492507,20.6,60.4,0
2025-12-10T09:03:38.747268,20.6,60.4,0
2025-12-10T09:03:41.002384,20.6,60.5,0
2025-12-10T09:03:43.257257,20.6,60.5,0
2025-12-10T09:03:45.512088,20.6,60.5,0
2025-12-10T09:03:47.767089,,,0
2025-12-10T09:03:50.021985,20.6,60.5,0
2025-12-10T09:03:52.276156,20.6,60.5,0
2025-12-10T09:03:54.531103,20.6,60.5,0
2025-12-10T09:03:56.786738,20.6,60.5,0
2025-12-10T09:03:59.046904,20.6,60.4,0
2025-12-10T09:04:01.301573,20.6,60.4,0
2025-12-10T09:04:03.558904,20.6,60.4,0
2025-12-10T09:04:05.818919,20.6,60.3,0
2025-12-10T09:04:08.079031,20.6,60.3,1
2025-12-10T09:04:10.338836,20.6,60.3,0
2025-12-10T09:04:12.593318,20.6,60.3,1
2025-12-10T09:04:14.848096,20.6,60.3,0
2025-12-10T09:04:17.102753,,,1
2025-12-10T09:04:19.356944,20.6,60.2,0
2025-12-10T09:04:21.615033,20.6,60.2,0
2025-12-10T09:04:23.869652,20.6,60.1,0
2025-12-10T09:04:26.126819,20.6,60.1,0
2025-12-10T09:04:28.381490,20.6,60.1,0
2025-12-10T09:04:30.638896,20.6,60.1,0
2025-12-10T09:04:32.893485,20.6,60.0,0
2025-12-10T09:04:35.148168,20.6,60.0,0
2025-12-10T09:04:37.402870,20.6,60.0,0
2025-12-10T09:04:39.657335,20.6,60.0,0
2025-12-10T09:04:41.915117,20.6,60.0,0
2025-12-10T09:04:44.174842,20.6,60.1,0
2025-12-10T09:04:46.429317,20.6,60.1,0
2025-12-10T09:04:48.687018,20.6,60.1,0
2025-12-10T09:04:50.941640,20.6,60.1,0
2025-12-10T09:04:53.196146,20.6,60.1,0
2025-12-10T09:04:55.450818,20.6,60.1,0
2025-12-10T09:04:57.710847,20.6,60.1,0
2025-12-10T09:04:59.965431,20.6,60.1,0
2025-12-10T09:05:02.219933,20.6,60.1,0
2025-12-10T09:05:04.474499,20.6,60.1,0
2025-12-10T09:05:06.729241,20.6,60.1,0
2025-12-10T09:05:08.983898,20.6,60.1,0
2025-12-10T09:05:11.242848,20.6,60.1,0
2025-12-10T09:05:13.503042,20.6,60.1,0
2025-12-10T09:05:15.757650,20.6,60.1,0
2025-12-10T09:05:18.012207,20.6,60.1,0
2025-12-10T09:05:20.266900,20.6,60.1,0
2025-12-10T09:05:22.526849,20.6,60.1,0
2025-12-10T09:05:24.781404,20.6,60.1,0
2025-12-10T09:05:27.036191,20.6,60.1,1
2025-12-10T09:05:29.294894,20.6,60.2,0
2025-12-10T09:05:31.549384,20.6,60.1,1
2025-12-10T09:05:33.804224,20.6,60.2,0
2025-12-10T09:05:36.058799,20.6,60.2,0
2025-12-10T09:05:38.318853,20.6,60.1,0
2025-12-10T09:05:40.573534,20.6,60.1,0
2025-12-10T09:05:42.831172,20.6,60.1,1
2025-12-10T09:05:45.090858,20.6,60.1,0
2025-12-10T09:05:47.345570,20.6,60.1,0
2025-12-10T09:05:49.602880,20.6,60.1,0
2025-12-10T09:05:51.862915,20.6,60.1,0
2025-12-10T09:05:54.117674,20.6,60.1,1
2025-12-10T09:05:56.372233,20.6,60.1,0
2025-12-10T09:05:58.626723,20.6,60.1,0
2025-12-10T09:06:00.887146,20.6,60.2,0
2025-12-10T09:06:03.146871,20.6,60.2,0
2025-12-10T09:06:05.401393,20.6,60.2,1
2025-12-10T09:06:07.659035,20.6,60.2,0
2025-12-10T09:06:09.913686,20.6,60.1,0
2025-12-10T09:06:12.170875,20.6,60.2,0
2025-12-10T09:06:14.425548,20.6,60.2,0
2025-12-10T09:06:16.680145,20.6,60.2,1
2025-12-10T09:06:18.934721,20.6,60.1,0
2025-12-10T09:06:21.195022,20.6,60.1,1
2025-12-10T09:06:23.454897,20.6,60.1,0
2025-12-10T09:06:25.710858,20.6,60.1,0
2025-12-10T09:06:27.967117,20.6,60.1,0
2025-12-10T09:06:30.226930,20.6,60.1,1
2025-12-10T09:06:32.486835,20.6,60.1,0
2025-12-10T09:06:34.747051,20.6,60.1,0
2025-12-10T09:06:37.002974,20.6,60.1,0
2025-12-10T09:06:39.257460,20.6,60.1,0
2025-12-10T09:06:41.512140,20.6,60.1,0
2025-12-10T09:06:43.766718,20.6,60.1,1
2025-12-10T09:06:46.022936,20.6,60.1,0
2025-12-10T09:06:48.277698,20.6,60.1,0
2025-12-10T09:06:50.534901,20.6,60.1,0
2025-12-10T09:06:52.790954,20.6,60.0,1
2025-12-10T09:06:55.045663,20.6,60.1,0
2025-12-10T09:06:57.302876,20.6,60.1,0
2025-12-10T09:06:59.557360,20.6,60.1,0
2025-12-10T09:07:01.812123,20.6,60.0,0
2025-12-10T09:07:04.070865,20.6,60.1,1
2025-12-10T09:07:06.330815,20.6,60.1,0
2025-12-10T09:07:08.585497,20.6,60.0,1
2025-12-10T09:07:10.840550,20.6,60.0,0
2025-12-10T09:07:13.095394,20.6,60.0,0
2025-12-10T09:07:15.350464,20.6,60.0,0
2025-12-10T09:07:17.605386,20.6,60.1,0
2025-12-10T09:07:19.859572,20.6,60.1,1
2025-12-10T09:07:22.114600,20.6,60.2,0
2025-12-10T09:07:24.369458,20.6,60.2,1
2025-12-10T09:07:26.624299,20.6,60.2,0
2025-12-10T09:07:28.879243,20.6,60.2,0
2025-12-10T09:07:31.134107,20.6,60.2,0
2025-12-10T09:07:33.389006,20.6,60.2,0
2025-12-10T09:07:35.644043,20.6,60.3,1
2025-12-10T09:07:37.899041,20.6,60.3,0
2025-12-10T09:07:40.153913,20.6,60.3,0
2025-12-10T09:07:42.408979,20.6,60.3,0
2025-12-10T09:07:44.663862,20.6,60.3,0
2025-12-10T09:07:46.918792,20.6,60.3,1
2025-12-10T09:07:49.173834,20.6,60.3,0
2025-12-10T09:07:51.428725,20.6,60.3,0
2025-12-10T09:07:53.683401,20.6,60.3,0
2025-12-10T09:07:55.938461,20.6,60.3,0
2025-12-10T09:07:58.193338,20.6,60.3,1
2025-12-10T09:08:00.448203,20.6,60.3,0
2025-12-10T09:08:02.703245,20.6,60.3,1
2025-12-10T09:08:04.958106,20.6,60.3,0
2025-12-10T09:08:07.212973,20.6,60.3,0
2025-12-10T09:08:09.468016,20.6,60.3,0
2025-12-10T09:08:11.722876,20.6,60.3,0
2025-12-10T09:08:13.977762,20.6,60.3,0
2025-12-10T09:08:16.232831,20.6,60.3,0
2025-12-10T09:08:18.487759,20.6,60.3,1
2025-12-10T09:08:20.742560,20.6,60.3,0
2025-12-10T09:08:22.997688,20.6,60.3,0
2025-12-10T09:08:25.252575,20.6,60.3,0
2025-12-10T09:08:27.507403,20.6,60.2,0
2025-12-10T09:08:29.762433,20.6,60.2,0
2025-12-10T09:08:32.017358,20.6,60.2,0
2025-12-10T09:08:34.272209,20.6,60.2,1
2025-12-10T09:08:36.527263,20.6,60.2,0
2025-12-10T09:08:38.782277,20.6,60.3,0
2025-12-10T09:08:41.037159,20.6,60.2,0
2025-12-10T09:08:43.292195,20.6,60.2,0
2025-12-10T09:08:45.547069,20.6,60.2,0
2025-12-10T09:08:47.802022,20.6,60.2,0
2025-12-10T09:08:50.057037,20.6,60.2,0
2025-12-10T09:08:52.311774,20.6,60.2,0
2025-12-10T09:08:54.566616,20.6,60.2,1
2025-12-10T09:08:56.821743,20.6,60.2,0
2025-12-10T09:08:59.076709,20.6,60.2,1
2025-12-10T09:09:01.331562,20.6,60.2,0
2025-12-10T09:09:03.586572,20.6,60.2,0
2025-12-10T09:09:05.841549,20.6,60.2,0
2025-12-10T09:09:08.096470,20.6,60.2,0
2025-12-10T09:09:10.351514,20.6,60.2,1
2025-12-10T09:09:12.606404,20.6,60.2,0
2025-12-10T09:09:14.860574,20.6,60.2,1
2025-12-10T09:09:17.115600,20.6,60.2,0
2025-12-10T09:09:19.370454,20.6,60.2,0
2025-12-10T09:09:21.625287,20.6,60.2,0
2025-12-10T09:09:23.880388,20.6,60.2,0
2025-12-10T09:09:26.135322,20.6,60.2,0
2025-12-10T09:09:28.390167,20.6,60.2,0
2025-12-10T09:09:30.644983,20.6,60.2,0
2025-12-10T09:09:32.899993,20.6,60.2,1
2025-12-10T09:09:35.154818,20.6,60.2,0
2025-12-10T09:09:37.409818,20.6,60.2,1
2025-12-10T09:09:39.664717,20.6,60.2,0
2025-12-10T09:09:41.919652,20.6,60.2,0
2025-12-10T09:09:44.174635,20.6,60.2,0
2025-12-10T09:09:46.429487,20.6,60.2,0
2025-12-10T09:09:48.684372,20.6,60.2,1
2025-12-10T09:09:50.939489,20.6,60.2,0
2025-12-10T09:09:53.194374,20.6,60.2,0
2025-12-10T09:09:55.449218,20.6,60.2,0
2025-12-10T09:09:57.703992,20.6,60.2,0
2025-12-10T09:09:59.962923,20.6,60.2,1
2025-12-10T09:10:02.217400,20.6,60.2,0
2025-12-10T09:10:04.472075,20.6,60.2,0
2025-12-10T09:10:06.726913,20.6,60.2,0
2025-12-10T09:10:08.981500,20.6,60.2,0
2025-12-10T09:10:11.239050,20.6,60.2,0
2025-12-10T09:10:13.498901,20.6,60.2,0
2025-12-10T09:10:15.758819,20.6,60.2,1
2025-12-10T09:10:18.013592,20.6,60.2,0
2025-12-10T09:10:20.268145,20.6,60.2,0
2025-12-10T09:10:22.526823,20.6,60.2,0
2025-12-10T09:10:24.781531,20.6,60.2,0
2025-12-10T09:10:27.038954,20.6,60.3,0
2025-12-10T09:10:29.293439,20.6,60.3,0
2025-12-10T09:10:31.548134,20.6,60.3,0
2025-12-10T09:10:33.806942,20.6,60.3,0
2025-12-10T09:10:36.061432,20.6,60.2,0
2025-12-10T09:10:38.316128,20.6,60.3,1
2025-12-10T09:10:40.570692,20.6,60.3,0
2025-12-10T09:10:42.825288,20.6,60.2,1
2025-12-10T09:10:45.079981,20.6,60.2,0
2025-12-10T09:10:47.334524,20.6,60.3,0
2025-12-10T09:10:49.589042,20.6,60.3,0
2025-12-10T09:10:51.843836,20.6,60.3,0
2025-12-10T09:10:54.098952,20.6,60.2,1
2025-12-10T09:10:56.353424,20.6,60.3,0
2025-12-10T09:10:58.611052,20.6,60.2,0
2025-12-10T09:11:00.865687,20.6,60.2,1
2025-12-10T09:11:03.120175,20.6,60.3,0
2025-12-10T09:11:05.374967,20.6,60.3,1
2025-12-10T09:11:07.629512,20.6,60.2,0
2025-12-10T09:11:09.884067,20.6,60.3,1
2025-12-10T09:11:12.138738,20.6,60.3,0
2025-12-10T09:11:14.393270,20.6,60.2,0
2025-12-10T09:11:16.650827,20.6,60.3,1
2025-12-10T09:11:18.907144,20.6,60.2,0
2025-12-10T09:11:21.161681,20.6,60.2,0
2025-12-10T09:11:23.416153,20.6,60.2,1
2025-12-10T09:11:25.670803,20.6,60.2,0
2025-12-10T09:11:27.927048,20.6,60.3,0
2025-12-10T09:11:30.181527,20.6,60.3,0
2025-12-10T09:11:32.439020,20.6,60.2,0
2025-12-10T09:11:34.698829,20.6,60.3,1
2025-12-10T09:11:36.954922,20.6,60.3,0
2025-12-10T09:11:39.209601,20.6,60.3,1
2025-12-10T09:11:41.466872,20.6,60.2,0
2025-12-10T09:11:43.721346,20.6,60.3,0
2025-12-10T09:11:45.976099,20.6,60.3,0
2025-12-10T09:11:48.230646,20.6,60.3,0
2025-12-10T09:11:50.490808,20.6,60.3,1
2025-12-10T09:11:52.745470,20.6,60.3,0
2025-12-10T09:11:55.002963,20.6,60.3,1
2025-12-10T09:11:57.257450,20.6,60.3,0
2025-12-10T09:11:59.515045,20.6,60.3,0
2025-12-10T09:12:01.769565,20.6,60.3,0
2025-12-10T09:12:04.026896,20.6,60.3,0
2025-12-10T09:12:06.287010,20.6,60.2,0
2025-12-10T09:12:08.546844,20.6,60.3,0
2025-12-10T09:12:10.806920,20.6,60.3,0
2025-12-10T09:12:13.061589,20.6,60.3,0
2025-12-10T09:12:15.318895,20.6,60.3,1
2025-12-10T09:12:17.573374,20.6,60.3,0
2025-12-10T09:12:19.828139,20.6,60.3,0
2025-12-10T09:12:22.086848,20.6,60.3,0
2025-12-10T09:12:24.341329,20.6,60.3,0
2025-12-10T09:12:26.599031,20.6,60.3,0
2025-12-10T09:12:28.858942,20.6,60.3,0
2025-12-10T09:12:31.113426,20.6,60.3,0
2025-12-10T09:12:33.368090,20.6,60.3,1
2025-12-10T09:12:35.626850,20.6,60.3,0
2025-12-10T09:12:37.886894,20.6,60.3,0
2025-12-10T09:12:40.147017,,,0
2025-12-10T09:12:42.401554,20.6,60.3,0
2025-12-10T09:12:44.656046,20.6,60.3,0
2025-12-10T09:12:46.911141,20.6,60.3,0
2025-12-10T09:12:49.170860,20.6,60.3,0
2025-12-10T09:12:51.425351,20.6,60.3,0
2025-12-10T09:12:53.683045,20.6,60.3,0
2025-12-10T09:12:55.943012,20.6,60.3,1
2025-12-10T09:12:58.197906,20.6,60.3,0
2025-12-10T09:13:00.452997,20.6,60.3,1
2025-12-10T09:13:02.707835,20.6,60.3,0
2025-12-10T09:13:04.962667,20.6,60.3,1
2025-12-10T09:13:07.217698,20.6,60.3,0
2025-12-10T09:13:09.472644,20.6,60.3,0
2025-12-10T09:13:11.727473,20.6,60.3,1
2025-12-10T09:13:13.982629,20.6,60.3,0
2025-12-10T09:13:16.237428,20.6,60.3,0
2025-12-10T09:13:18.492275,20.6,60.3,0
2025-12-10T09:13:20.747180,20.6,60.3,0
2025-12-10T09:13:23.002085,20.6,60.3,1
2025-12-10T09:13:25.256958,20.6,60.3,0
2025-12-10T09:13:27.511924,20.6,60.3,1
2025-12-10T09:13:29.766897,20.6,60.3,0
2025-12-10T09:13:32.021783,20.6,60.3,0
2025-12-10T09:13:34.276866,20.6,60.3,0
2025-12-10T09:13:36.531842,20.6,60.3,0
2025-12-10T09:13:38.786794,20.6,60.3,0
2025-12-10T09:13:41.041534,20.6,60.3,0
2025-12-10T09:13:43.296108,20.6,60.3,1
2025-12-10T09:13:45.550603,20.6,60.3,0
2025-12-10T09:13:47.805361,20.6,60.3,1
2025-12-10T09:13:50.059936,20.6,60.3,0
2025-12-10T09:13:52.314423,20.6,60.3,0
2025-12-10T09:13:54.575030,,,0
2025-12-10T09:13:56.834945,20.6,60.3,0
2025-12-10T09:13:59.089539,20.6,60.3,0
2025-12-10T09:14:01.344220,20.6,60.3,0
2025-12-10T09:14:03.602879,20.6,60.3,1
2025-12-10T09:14:05.862901,20.6,60.3,0
2025-12-10T09:14:08.117576,20.6,60.3,0
2025-12-10T09:14:10.374930,20.6,60.3,0
2025-12-10T09:14:12.629439,20.6,60.3,0
2025-12-10T09:14:14.884236,20.6,60.3,0
2025-12-10T09:14:17.138806,20.6,60.3,0
2025-12-10T09:14:19.393298,20.6,60.3,0
2025-12-10T09:14:21.647981,20.6,60.3,0
2025-12-10T09:14:23.902986,20.6,60.4,0
2025-12-10T09:14:26.157461,20.6,60.4,0
2025-12-10T09:14:28.412134,20.6,60.4,1
2025-12-10T09:14:30.666722,20.6,60.4,0
2025-12-10T09:14:32.921325,20.6,60.4,0
2025-12-10T09:14:35.176026,20.6,60.4,0
2025-12-10T09:14:37.430646,20.6,60.4,0
2025-12-10T09:14:39.685130,20.6,60.4,0
2025-12-10T09:14:41.943231,20.6,60.4,0
2025-12-10T09:14:44.202920,20.6,60.4,0
2025-12-10T09:14:46.457385,20.6,60.4,0
2025-12-10T09:14:48.715030,20.6,60.3,0
2025-12-10T09:14:50.974950,20.6,60.3,0
2025-12-10T09:14:53.229427,20.6,60.3,0
2025-12-10T09:14:55.487015,20.6,60.3,0
2025-12-10T09:14:57.746883,20.6,60.3,1
2025-12-10T09:15:00.006906,20.6,60.3,0
2025-12-10T09:15:02.261598,20.6,60.3,0
2025-12-10T09:15:04.516208,20.6,60.3,0
2025-12-10T09:15:06.774824,20.6,60.3,0
2025-12-10T09:15:09.029593,20.6,60.2,0
2025-12-10T09:15:11.286934,20.6,60.3,0
2025-12-10T09:15:13.541398,20.6,60.2,0
2025-12-10T09:15:15.796173,20.6,60.2,0
2025-12-10T09:15:18.054856,20.6,60.2,0
2025-12-10T09:15:20.314826,20.6,60.2,0
2025-12-10T09:15:22.569513,20.6,60.2,0
2025-12-10T09:15:24.824159,20.7,60.2,0
2025-12-10T09:15:27.078647,20.6,60.2,0
2025-12-10T09:15:29.339041,20.6,60.2,0
2025-12-10T09:15:31.598868,20.6,60.2,0
2025-12-10T09:15:33.853430,20.6,60.2,0
2025-12-10T09:15:36.108138,20.6,60.2,0
2025-12-10T09:15:38.362699,20.6,60.1,0
2025-12-10T09:15:40.622830,20.6,60.2,0
2025-12-10T09:15:42.883132,20.6,60.2,0
2025-12-10T09:15:45.137692,20.6,60.2,1
2025-12-10T09:15:47.394850,20.6,60.2,0
2025-12-10T09:15:49.655044,20.6,60.2,0
2025-12-10T09:15:51.909688,20.6,60.2,0
2025-12-10T09:15:54.166873,20.6,60.1,1
2025-12-10T09:15:56.421548,20.6,60.2,0
2025-12-10T09:15:58.676130,20.6,60.2,1
2025-12-10T09:16:00.934905,20.6,60.1,0
2025-12-10T09:16:03.195040,20.6,60.2,0
2025-12-10T09:16:05.450921,20.7,60.2,0
2025-12-10T09:16:07.705408,20.6,60.2,0
2025-12-10T09:16:09.960178,20.7,60.2,0
2025-12-10T09:16:12.214763,20.6,60.2,0
2025-12-10T09:16:14.474800,20.6,60.2,0
2025-12-10T09:16:16.735150,20.6,60.2,0
2025-12-10T09:16:18.990984,20.6,60.2,0
2025-12-10T09:16:21.250821,20.6,60.1,0
2025-12-10T09:16:23.505521,20.6,60.1,0
2025-12-10T09:16:25.760081,20.6,60.2,0
2025-12-10T09:16:28.018912,20.6,60.1,0
2025-12-10T09:16:30.273579,20.6,60.1,0
2025-12-10T09:16:32.528143,20.6,60.2,0
2025-12-10T09:16:34.782728,20.6,60.2,0
2025-12-10T09:16:37.043022,20.6,60.2,0
2025-12-10T09:16:39.297598,20.6,60.2,0
2025-12-10T09:16:41.554841,20.6,60.1,0
2025-12-10T09:16:43.809612,20.6,60.1,0
2025-12-10T09:16:46.064155,20.6,60.1,0
2025-12-10T09:16:48.318870,20.6,60.1,0
2025-12-10T09:16:50.573553,20.6,60.1,0
2025-12-10T09:16:52.828209,20.6,60.1,0
2025-12-10T09:16:55.082690,20.6,60.1,0
2025-12-10T09:16:57.343037,20.6,60.1,0
2025-12-10T09:16:59.597589,20.6,60.1,0
2025-12-10T09:17:01.852178,20.6,60.1,0
2025-12-10T09:17:04.111028,20.6,60.1,1
2025-12-10T09:17:06.365602,20.6,60.1,0
2025-12-10T09:17:08.622905,20.6,60.1,0
2025-12-10T09:17:10.883143,20.6,60.1,0
2025-12-10T09:17:13.142939,20.6,60.1,0
2025-12-10T09:17:15.402896,20.6,60.1,0
2025-12-10T09:17:17.657603,20.6,60.1,0
2025-12-10T09:17:19.912583,20.6,60.1,0
2025-12-10T09:17:22.167420,20.6,60.1,0
2025-12-10T09:17:24.422418,20.6,60.1,0
2025-12-10T09:17:26.677312,20.6,60.1,0
2025-12-10T09:17:28.932172,20.6,60.2,0
2025-12-10T09:17:31.187172,20.6,60.1,0
2025-12-10T09:17:33.441994,20.6,60.1,0
2025-12-10T09:17:35.696811,20.6,60.1,0
2025-12-10T09:17:37.951897,20.6,60.1,0
2025-12-10T09:17:40.206810,20.6,60.2,0
2025-12-10T09:17:42.461604,20.6,60.1,0
2025-12-10T09:17:44.716664,20.6,60.1,0
2025-12-10T09:17:46.971619,20.6,60.1,0
2025-12-10T09:17:49.226427,20.6,60.2,0
2025-12-10T09:17:51.481415,20.6,60.1,0
2025-12-10T09:17:53.736011,20.7,60.2,0
2025-12-10T09:17:55.990568,20.6,60.2,0
2025-12-10T09:17:58.245234,20.6,60.1,0
2025-12-10T09:18:00.499772,20.6,60.1,0
2025-12-10T09:18:02.758831,20.6,60.1,0
2025-12-10T09:18:05.013687,20.6,60.1,0
2025-12-10T09:18:07.270930,20.6,60.2,0
2025-12-10T09:18:09.530847,20.6,60.2,0
2025-12-10T09:18:11.785659,20.6,60.2,0
2025-12-10T09:18:14.042948,20.6,60.1,0
2025-12-10T09:18:16.302844,20.7,60.2,0
2025-12-10T09:18:18.557525,20.6,60.2,0
2025-12-10T09:18:20.814964,20.6,60.1,0
2025-12-10T09:18:23.069513,20.6,60.1,0
2025-12-10T09:18:25.327036,20.6,60.1,0
2025-12-10T09:18:27.586849,20.6,60.1,0
2025-12-10T09:18:29.846955,20.7,60.2,1
2025-12-10T09:18:32.107020,20.6,60.2,0
2025-12-10T09:18:34.361558,20.6,60.2,0
2025-12-10T09:18:36.616007,20.6,60.1,0
2025-12-10T09:18:38.870753,20.6,60.2,0
2025-12-10T09:18:41.130873,20.6,60.1,0
2025-12-10T09:18:43.390813,20.6,60.1,0
2025-12-10T09:18:45.651010,,,0
2025-12-10T09:18:47.906973,20.6,60.1,0
2025-12-10T09:18:50.161444,20.6,60.2,0
2025-12-10T09:18:52.419015,20.6,60.1,0
2025-12-10T09:18:54.673555,20.6,60.2,0
2025-12-10T09:18:56.930946,20.6,60.1,0
2025-12-10T09:18:59.191061,20.6,60.1,0
2025-12-10T09:19:01.445627,20.6,60.1,0
2025-12-10T09:19:03.700121,20.6,60.1,0
2025-12-10T09:19:05.959127,20.6,60.1,0
2025-12-10T09:19:08.213680,20.6,60.2,0
2025-12-10T09:19:10.468158,20.6,60.1,0
2025-12-10T09:19:12.722863,20.6,60.1,0
2025-12-10T09:19:14.977507,20.6,60.1,0
2025-12-10T09:19:17.231981,20.6,60.1,0
2025-12-10T09:19:19.486663,20.6,60.1,0
2025-12-10T09:19:21.741255,20.6,60.1,0
2025-12-10T09:19:23.998897,20.6,60.1,0
2025-12-10T09:19:26.253548,20.6,60.1,1
2025-12-10T09:19:28.508109,20.6,60.1,0
2025-12-10T09:19:30.766828,20.6,60.1,0
2025-12-10T09:19:33.021617,20.6,60.1,0
2025-12-10T09:19:35.278946,20.6,60.1,0
2025-12-10T09:19:37.533425,20.6,60.1,0
2025-12-10T09:19:39.791136,20.6,60.1,0
2025-12-10T09:19:42.050922,20.6,60.1,0
2025-12-10T09:19:44.305413,20.6,60.1,0
2025-12-10T09:19:46.560073,20.6,60.1,0
2025-12-10T09:19:48.818952,20.6,60.1,0
2025-12-10T09:19:51.078815,20.6,60.1,0
2025-12-10T09:19:53.333480,20.6,60.1,0
2025-12-10T09:19:55.590937,20.6,60.1,1
2025-12-10T09:19:57.850908,20.6,60.1,0
2025-12-10T09:20:00.111037,20.6,60.1,0
2025-12-10T09:20:02.365576,20.7,60.1,0
2025-12-10T09:20:04.622856,20.6,60.1,0
2025-12-10T09:20:06.883095,20.6,60.2,0
2025-12-10T09:20:09.142869,20.7,60.2,0
2025-12-10T09:20:11.397367,20.6,60.1,0
2025-12-10T09:20:13.652022,20.6,60.1,0
2025-12-10T09:20:15.906661,20.6,60.1,0
2025-12-10T09:20:18.161125,20.6,60.1,0
2025-12-10T09:20:20.415829,20.6,60.1,1
2025-12-10T09:20:22.674835,20.6,60.2,0
2025-12-10T09:20:24.934908,20.6,60.2,1
2025-12-10T09:20:27.189553,20.6,60.2,0
2025-12-10T09:20:29.444127,20.6,60.2,0
2025-12-10T09:20:31.698594,20.6,60.2,0
2025-12-10T09:20:33.959085,,,0
2025-12-10T09:20:36.213627,20.6,60.2,0
2025-12-10T09:20:38.470863,20.6,60.1,0
2025-12-10T09:20:40.725543,20.6,60.2,1
2025-12-10T09:20:42.980162,20.6,60.2,0
2025-12-10T09:20:45.234636,20.6,60.2,0
2025-12-10T09:20:47.495003,20.6,60.2,0
2025-12-10T09:20:49.754859,20.6,60.2,0
2025-12-10T09:20:52.009416,20.6,60.1,0
2025-12-10T09:20:54.267008,20.6,60.2,0
2025-12-10T09:20:56.521586,20.6,60.2,0
2025-12-10T09:20:58.776112,20.6,60.1,0
2025-12-10T09:21:01.035096,20.6,60.2,0
2025-12-10T09:21:03.289654,20.6,60.2,0
2025-12-10T09:21:05.546842,20.6,60.2,0
2025-12-10T09:21:07.807102,20.6,60.2,0
2025-12-10T09:21:10.061689,20.6,60.2,0
2025-12-10T09:21:12.318838,20.6,60.2,0
2025-12-10T09:21:14.579023,20.6,60.1,0
2025-12-10T09:21:16.838971,20.6,60.2,1
2025-12-10T09:21:19.093466,20.6,60.1,0
2025-12-10T09:21:21.351062,20.6,60.1,0
2025-12-10T09:21:23.610865,20.7,60.2,0
2025-12-10T09:21:25.866928,20.6,60.2,0
2025-12-10T09:21:28.121602,20.6,60.2,0
2025-12-10T09:21:30.378902,20.6,60.2,0
2025-12-10T09:21:32.633391,20.6,60.2,0
2025-12-10T09:21:34.891375,20.6,60.2,0
2025-12-10T09:21:37.145947,20.6,60.2,0
2025-12-10T09:21:39.400457,20.6,60.2,0
2025-12-10T09:21:41.659060,20.6,60.2,0
2025-12-10T09:21:43.913714,20.6,60.2,0
2025-12-10T09:21:46.170871,20.6,60.2,0
2025-12-10T09:21:48.425590,20.7,60.2,0
2025-12-10T09:21:50.680147,20.6,60.2,0
2025-12-10T09:21:52.934719,20.6,60.2,0
2025-12-10T09:21:55.195026,20.6,60.2,0
2025-12-10T09:21:57.449652,20.6,60.2,0
2025-12-10T09:21:59.704490,20.6,60.2,0
2025-12-10T09:22:01.959548,20.6,60.2,0
2025-12-10T09:22:04.214422,20.6,60.2,0
2025-12-10T09:22:06.469205,20.7,60.2,0
2025-12-10T09:22:08.723915,20.6,60.2,0
2025-12-10T09:22:10.978874,20.6,60.2,0
2025-12-10T09:22:13.233668,20.6,60.2,0
2025-12-10T09:22:15.488836,20.6,60.2,1
2025-12-10T09:22:17.743687,20.6,60.2,0
2025-12-10T09:22:19.998548,20.6,60.2,0
2025-12-10T09:22:22.253550,20.6,60.2,0
2025-12-10T09:22:24.508498,20.6,60.2,0
2025-12-10T09:22:26.763279,20.6,60.2,0
2025-12-10T09:22:29.018355,20.6,60.2,0
2025-12-10T09:22:31.273265,20.7,60.2,0
2025-12-10T09:22:33.528073,20.6,60.2,1
2025-12-10T09:22:35.783284,20.6,60.2,0
2025-12-10T09:22:38.038241,20.6,60.2,0
2025-12-10T09:22:40.293065,20.6,60.2,0
2025-12-10T09:22:42.548063,20.6,60.2,0
2025-12-10T09:22:44.803013,20.6,60.2,0
2025-12-10T09:22:47.057859,20.6,60.2,0
2025-12-10T09:22:49.312899,20.6,60.2,0
2025-12-10T09:22:51.567796,20.6,60.2,1
2025-12-10T09:22:53.822741,20.6,60.2,0
2025-12-10T09:22:56.077789,20.6,60.2,0
2025-12-10T09:22:58.332629,20.6,60.2,0
2025-12-10T09:23:00.587491,20.6,60.2,0
2025-12-10T09:23:02.842629,20.6,60.2,0
2025-12-10T09:23:05.097547,20.6,60.2,0
2025-12-10T09:23:07.352336,20.6,60.2,0
2025-12-10T09:23:09.607383,20.6,60.2,0
2025-12-10T09:23:11.861717,20.6,60.2,0
2025-12-10T09:23:14.116566,20.6,60.2,0
2025-12-10T09:23:16.371581,20.6,60.2,0
2025-12-10T09:23:18.626436,20.6,60.2,0
2025-12-10T09:23:20.881352,20.6,60.2,0
2025-12-10T09:23:23.136210,20.6,60.2,0
2025-12-10T09:23:25.393191,20.6,60.2,0
2025-12-10T09:23:27.647818,20.6,60.2,0
2025-12-10T09:23:29.902449,20.6,60.2,0
2025-12-10T09:23:32.156941,20.6,60.2,0
2025-12-10T09:23:34.415036,20.6,60.2,0
2025-12-10T09:23:36.669656,20.6,60.2,0
2025-12-10T09:23:38.924575,20.6,60.2,0
2025-12-10T09:23:41.179613,20.7,60.2,0
2025-12-10T09:23:43.434460,20.6,60.2,0
2025-12-10T09:23:45.688947,20.6,60.2,0
2025-12-10T09:23:47.943992,20.6,60.2,0
2025-12-10T09:23:50.198866,20.6,60.2,0
2025-12-10T09:23:52.453612,20.6,60.2,0
2025-12-10T09:23:54.708729,20.6,60.2,0
2025-12-10T09:23:56.963646,20.6,60.2,0
2025-12-10T09:23:59.218276,20.6,60.2,0
2025-12-10T09:24:01.473234,20.6,60.2,0
2025-12-10T09:24:03.728145,20.7,60.2,0
2025-12-10T09:24:05.982999,20.6,60.2,0
2025-12-10T09:24:08.238015,20.6,60.2,0
2025-12-10T09:24:10.492908,20.6,60.2,0
2025-12-10T09:24:12.747739,20.7,60.2,0
2025-12-10T09:24:15.002827,20.6,60.2,0
2025-12-10T09:24:17.257694,20.6,60.2,0
2025-12-10T09:24:19.512480,20.6,60.2,0
2025-12-10T09:24:21.767480,20.6,60.2,0
2025-12-10T09:24:24.022370,20.6,60.2,0
2025-12-10T09:24:26.277180,20.7,60.2,0
2025-12-10T09:24:28.532113,20.6,60.2,0
2025-12-10T09:24:30.787040,20.6,60.2,0
2025-12-10T09:24:33.041565,20.6,60.2,0
2025-12-10T09:24:35.299059,20.6,60.2,0
2025-12-10T09:24:37.553636,20.6,60.2,0
2025-12-10T09:24:39.810939,20.6,60.2,0
2025-12-10T09:24:42.065679,20.7,60.2,0
2025-12-10T09:24:44.320263,20.7,60.2,0
2025-12-10T09:24:46.574763,20.6,60.2,0
2025-12-10T09:24:48.829563,20.6,60.2,0
2025-12-10T09:24:51.084161,20.6,60.2,0
2025-12-10T09:24:53.338655,20.6,60.2,0
2025-12-10T09:24:55.593353,20.6,60.2,0
2025-12-10T09:24:57.850982,20.6,60.2,0
2025-12-10T09:25:00.105499,20.6,60.2,0
2025-12-10T09:25:02.363045,20.7,60.2,0
2025-12-10T09:25:04.622892,20.6,60.2,0
2025-12-10T09:25:06.877467,20.7,60.3,0
2025-12-10T09:25:09.132167,20.7,60.3,0
2025-12-10T09:25:11.390872,20.6,60.2,0
2025-12-10T09:25:13.645355,20.6,60.2,0
2025-12-10T09:25:15.900161,20.6,60.2,0
2025-12-10T09:25:18.158869,20.7,60.3,0
2025-12-10T09:25:20.413361,20.6,60.3,0
2025-12-10T09:25:22.668044,20.6,60.3,0
2025-12-10T09:25:24.926928,20.7,60.3,0
2025-12-10T09:25:27.181451,20.7,60.3,0
2025-12-10T09:25:29.436134,20.6,60.3,0
2025-12-10T09:25:31.690712,20.6,60.3,0
2025-12-10T09:25:33.950925,20.6,60.3,0
2025-12-10T09:25:36.205642,20.7,60.3,0
2025-12-10T09:25:38.462869,20.6,60.3,0
2025-12-10T09:25:40.717359,20.7,60.3,0
2025-12-10T09:25:42.972177,20.6,60.3,0
2025-12-10T09:25:45.226763,20.7,60.3,0
2025-12-10T09:25:47.481263,20.6,60.3,0
2025-12-10T09:25:49.735954,20.6,60.3,0
2025-12-10T09:25:51.990599,20.7,60.3,0
2025-12-10T09:25:54.245115,20.6,60.3,0
2025-12-10T09:25:56.499810,20.7,60.3,0
2025-12-10T09:25:58.758866,20.7,60.3,0
2025-12-10T09:26:01.019094,20.7,60.3,0
2025-12-10T09:26:03.274011,20.7,60.3,0
2025-12-10T09:26:05.528586,20.7,60.3,0
2025-12-10T09:26:07.786955,20.6,60.3,0
2025-12-10T09:26:10.047019,20.7,60.4,0
2025-12-10T09:26:12.301613,20.7,60.4,0
2025-12-10T09:26:14.556335,20.6,60.3,0
2025-12-10T09:26:16.811356,20.7,60.4,0
2025-12-10T09:26:19.066165,20.7,60.4,0
2025-12-10T09:26:21.320938,20.6,60.4,0
2025-12-10T09:26:23.575923,20.7,60.4,0
2025-12-10T09:26:25.830825,20.6,60.4,0
2025-12-10T09:26:28.085501,20.6,60.4,0
2025-12-10T09:26:30.340517,20.7,60.4,0
2025-12-10T09:26:32.595274,20.7,60.4,0
2025-12-10T09:26:34.849789,20.7,60.4,0
2025-12-10T09:26:37.104808,20.6,60.4,1
2025-12-10T09:26:39.359552,20.7,60.4,0
2025-12-10T09:26:41.614279,20.7,60.4,0
2025-12-10T09:26:43.869236,20.7,60.4,1
2025-12-10T09:26:46.124060,20.7,60.4,0
2025-12-10T09:26:48.378795,20.7,60.4,0
2025-12-10T09:26:50.633770,,,0
2025-12-10T09:26:52.888656,20.7,60.4,0
2025-12-10T09:26:55.143371,20.7,60.4,0
2025-12-10T09:26:57.398385,20.7,60.4,0
2025-12-10T09:26:59.653277,20.7,60.4,0
2025-12-10T09:27:01.908135,20.7,60.4,0
2025-12-10T09:27:04.163077,20.7,60.5,0
2025-12-10T09:27:06.417866,20.7,60.5,0
2025-12-10T09:27:08.672584,20.7,60.5,0
2025-12-10T09:27:10.927646,20.7,60.5,1
2025-12-10T09:27:13.182479,20.7,60.5,0
2025-12-10T09:27:15.437214,20.7,60.5,0
2025-12-10T09:27:17.692167,20.7,60.5,0
2025-12-10T09:27:19.947080,20.7,60.5,0
2025-12-10T09:27:22.201803,20.7,60.5,0
2025-12-10T09:27:24.456811,20.7,60.5,0
2025-12-10T09:27:26.711613,20.7,60.5,0
2025-12-10T09:27:28.966476,20.7,60.5,0
2025-12-10T09:27:31.221474,20.7,60.5,0
2025-12-10T09:27:33.476353,20.6,60.5,0
2025-12-10T09:27:35.731116,20.7,60.5,0
2025-12-10T09:27:37.986127,20.7,60.5,0
2025-12-10T09:27:40.240961,20.7,60.5,1
2025-12-10T09:27:42.495715,20.7,60.5,0
2025-12-10T09:27:44.750696,20.7,60.5,0
2025-12-10T09:27:47.005596,20.6,60.5,0
2025-12-10T09:27:49.260426,20.7,60.5,0
2025-12-10T09:27:51.515358,20.7,60.5,0
2025-12-10T09:27:53.770117,20.7,60.5,0
2025-12-10T09:27:56.024984,20.7,60.5,0
2025-12-10T09:27:58.279945,20.7,60.5,0
2025-12-10T09:28:00.534727,20.7,60.5,0
2025-12-10T09:28:02.789496,20.7,60.5,0
2025-12-10T09:28:05.044576,,,0
2025-12-10T09:28:07.299331,20.7,60.5,0
2025-12-10T09:28:09.554049,20.7,60.5,0
2025-12-10T09:28:11.809029,20.7,60.5,1
2025-12-10T09:28:14.063813,20.7,60.5,0
2025-12-10T09:28:16.318556,20.7,60.5,1
2025-12-10T09:28:18.573489,20.7,60.5,0
2025-12-10T09:28:20.828346,20.7,60.5,0
2025-12-10T09:28:23.083208,20.7,60.5,0
2025-12-10T09:28:25.338147,20.7,60.5,0
2025-12-10T09:28:27.592942,20.7,60.5,1
2025-12-10T09:28:29.847745,20.7,60.5,0
2025-12-10T09:28:32.102656,20.7,60.5,0
2025-12-10T09:28:34.357466,20.7,60.5,0
2025-12-10T09:28:36.612142,20.7,60.5,0
2025-12-10T09:28:38.867152,20.7,60.5,0
2025-12-10T09:28:41.121998,20.7,60.5,0
2025-12-10T09:28:43.376742,20.6,60.5,0
2025-12-10T09:28:45.631711,20.7,60.5,0
2025-12-10T09:28:47.886544,20.7,60.5,0
2025-12-10T09:28:50.141257,20.7,60.5,0
2025-12-10T09:28:52.396267,20.7,60.5,0
2025-12-10T09:28:54.651060,20.7,60.5,0
2025-12-10T09:28:56.905900,20.7,60.5,0
2025-12-10T09:28:59.160835,20.7,60.6,0
2025-12-10T09:29:01.415640,20.7,60.6,0
2025-12-10T09:29:03.670351,20.7,60.6,0
2025-12-10T09:29:05.925351,20.7,60.6,0
2025-12-10T09:29:08.180184,20.7,60.6,0
2025-12-10T09:29:10.434988,20.7,60.6,0
2025-12-10T09:29:12.690015,20.7,60.6,0
2025-12-10T09:29:14.944977,20.7,60.6,0
2025-12-10T09:29:17.199697,20.7,60.6,0
2025-12-10T09:29:19.454642,20.7,60.6,0
2025-12-10T09:29:21.709486,20.7,60.6,0
2025-12-10T09:29:23.964287,20.7,60.6,0
2025-12-10T09:29:26.219241,20.7,60.6,0
2025-12-10T09:29:28.474187,20.7,60.7,0
2025-12-10T09:29:30.728996,20.7,60.7,0
2025-12-10T09:29:32.984167,20.7,60.7,0
2025-12-10T09:29:35.239011,20.7,60.7,0
2025-12-10T09:29:37.493515,20.7,60.7,0
2025-12-10T09:29:39.748606,20.7,60.7,0
2025-12-10T09:29:42.003479,20.7,60.7,0
2025-12-10T09:29:44.258213,20.7,60.7,0
2025-12-10T09:29:46.513171,20.7,60.7,0
2025-12-10T09:29:48.768084,20.7,60.7,0
2025-12-10T09:29:51.022905,20.7,60.7,0
2025-12-10T09:29:53.277805,20.7,60.7,0
2025-12-10T09:29:55.532628,20.7,60.7,1
2025-12-10T09:29:57.787439,20.7,60.7,0
2025-12-10T09:30:00.042436,20.7,60.7,0
2025-12-10T09:30:02.297341,20.7,60.7,0
2025-12-10T09:30:04.552189,20.7,60.7,0
2025-12-10T09:30:06.807242,20.7,60.7,0
2025-12-10T09:30:09.062209,20.7,60.7,0
2025-12-10T09:30:11.317023,20.7,60.7,0
2025-12-10T09:30:13.572018,20.7,60.7,0
2025-12-10T09:30:15.826784,20.7,60.7,1
2025-12-10T09:30:18.081532,20.7,60.7,0
2025-12-10T09:30:20.336488,20.7,60.7,0
2025-12-10T09:30:22.591293,20.7,60.7,0
2025-12-10T09:30:24.846197,20.7,60.7,0
2025-12-10T09:30:27.101232,20.7,60.7,0
2025-12-10T09:30:29.356041,20.7,60.8,1
2025-12-10T09:30:31.610807,20.7,60.7,0
2025-12-10T09:30:33.865884,20.7,60.8,0
2025-12-10T09:30:36.120781,20.7,60.8,0
2025-12-10T09:30:38.375512,20.7,60.8,1
2025-12-10T09:30:40.630492,20.7,60.8,0
2025-12-10T09:30:42.885335,20.7,60.8,0
2025-12-10T09:30:45.140147,20.7,60.7,0
2025-12-10T09:30:47.395073,20.7,60.8,0
2025-12-10T09:30:49.649917,20.7,60.8,0
2025-12-10T09:30:51.904822,20.7,60.8,0
2025-12-10T09:30:54.159733,20.7,60.8,1
2025-12-10T09:30:56.414590,20.7,60.8,0
2025-12-10T09:30:58.669317,20.7,60.8,1
2025-12-10T09:31:00.924460,20.7,60.8,0
2025-12-10T09:31:03.179396,20.7,60.7,0
2025-12-10T09:31:05.434234,20.7,60.8,0
2025-12-10T09:31:07.689298,20.7,60.8,0
2025-12-10T09:31:09.944317,20.7,60.8,0
2025-12-10T09:31:12.199177,20.7,60.8,0
2025-12-10T09:31:14.454205,20.7,60.8,0
2025-12-10T09:31:16.709174,20.7,60.8,0
2025-12-10T09:31:18.964082,20.7,60.8,0
2025-12-10T09:31:21.219168,20.7,60.7,0
2025-12-10T09:31:23.473947,20.7,60.8,0
2025-12-10T09:31:25.728810,20.7,60.8,0
2025-12-10T09:31:27.983973,20.7,60.8,0
2025-12-10T09:31:30.238867,20.7,60.8,0
2025-12-10T09:31:32.493752,20.7,60.8,1
2025-12-10T09:31:34.748769,20.7,60.7,0
2025-12-10T09:31:37.003739,20.7,60.8,0
2025-12-10T09:31:39.258592,20.7,60.8,0
2025-12-10T09:31:41.513630,20.7,60.8,0
2025-12-10T09:31:43.768515,20.7,60.8,0
2025-12-10T09:31:46.023413,20.7,60.8,0
2025-12-10T09:31:48.278483,20.7,60.8,1
2025-12-10T09:31:50.533346,20.7,60.8,0
2025-12-10T09:31:52.788064,20.7,60.8,0
2025-12-10T09:31:55.047089,20.7,60.8,0
2025-12-10T09:31:57.306901,20.7,60.8,0
2025-12-10T09:31:59.561389,20.7,60.8,0
2025-12-10T09:32:01.816184,20.7,60.8,0
2025-12-10T09:32:04.070771,20.7,60.8,0
2025-12-10T09:32:06.330815,20.7,60.8,0
2025-12-10T09:32:08.591039,20.8,60.9,0
2025-12-10T09:32:10.851025,20.7,60.9,0
2025-12-10T09:32:13.106865,20.7,60.9,0
2025-12-10T09:32:15.367017,20.7,60.9,1
2025-12-10T09:32:17.621587,20.7,60.9,0
2025-12-10T09:32:19.876136,20.7,60.9,1
2025-12-10T09:32:22.130850,20.7,60.9,0
2025-12-10T09:32:24.390875,20.7,60.9,0
2025-12-10T09:32:26.645363,20.7,60.9,0
2025-12-10T09:32:28.900115,20.7,61.0,0
2025-12-10T09:32:31.154683,20.7,60.9,0
2025-12-10T09:32:33.414821,20.7,61.0,0
2025-12-10T09:32:35.669503,20.7,60.9,1
2025-12-10T09:32:37.926982,20.7,60.9,0
2025-12-10T09:32:40.181483,20.7,61.0,0
2025-12-10T09:32:42.436169,20.7,60.9,0
2025-12-10T09:32:44.690724,20.7,61.0,0
2025-12-10T09:32:46.945294,20.7,61.0,0
2025-12-10T09:32:49.199960,20.7,61.0,0
2025-12-10T09:32:51.454518,20.7,61.0,1
2025-12-10T09:32:53.709015,20.7,61.0,0
2025-12-10T09:32:55.963786,20.7,61.0,0
2025-12-10T09:32:58.218342,20.7,61.0,1
2025-12-10T09:33:00.472844,20.7,61.0,0
2025-12-10T09:33:02.727501,,,0
2025-12-10T09:33:04.986933,20.7,61.0,0
2025-12-10T09:33:07.246981,20.7,61.0,0
2025-12-10T09:33:09.501918,20.7,61.0,0
2025-12-10T09:33:11.756502,20.8,61.1,0
2025-12-10T09:33:14.014915,20.7,61.0,1
2025-12-10T09:33:16.269628,20.7,61.0,0
2025-12-10T09:33:18.526901,20.7,61.0,1
2025-12-10T09:33:20.781392,20.8,61.1,0
2025-12-10T09:33:23.036199,20.8,61.1,0
2025-12-10T09:33:25.294870,20.7,61.0,0
2025-12-10T09:33:27.554821,20.7,61.0,0
2025-12-10T09:33:29.809597,20.8,61.0,0
2025-12-10T09:33:32.066893,20.8,61.1,0
2025-12-10T09:33:34.321366,20.7,61.0,0
2025-12-10T09:33:36.579066,20.7,61.0,0
2025-12-10T09:33:38.833706,20.7,61.0,0
2025-12-10T09:33:41.088303,20.8,61.0,0
2025-12-10T09:33:43.342965,20.7,61.0,0
2025-12-10T09:33:45.602871,20.8,61.1,0
2025-12-10T09:33:47.862917,20.7,61.0,0
2025-12-10T09:33:50.117589,20.7,61.0,0
2025-12-10T09:33:52.374897,20.7,61.0,0
2025-12-10T09:33:54.629385,20.7,61.0,0
2025-12-10T09:33:56.887121,20.8,61.1,0
2025-12-10T09:33:59.141696,20.8,61.1,0
2025-12-10T09:34:01.396214,20.8,61.1,1
2025-12-10T09:34:03.650893,20.8,61.1,0
2025-12-10T09:34:05.905534,20.8,61.1,0
2025-12-10T09:34:08.160015,20.7,61.1,1
2025-12-10T09:34:10.414732,20.8,61.1,0
2025-12-10T09:34:12.669307,20.7,61.1,0
2025-12-10T09:34:14.926930,20.8,61.2,0
2025-12-10T09:34:17.181592,20.8,61.2,0
2025-12-10T09:34:19.436143,20.7,61.1,0
2025-12-10T09:34:21.690853,20.7,61.2,1
2025-12-10T09:34:23.951108,20.8,61.2,0
2025-12-10T09:34:26.205666,20.8,61.2,1
2025-12-10T09:34:28.462852,20.8,61.2,0
2025-12-10T09:34:30.717555,20.8,61.3,0
2025-12-10T09:34:32.972224,20.8,61.2,0
2025-12-10T09:34:35.226779,20.8,61.3,1
2025-12-10T09:34:37.487061,20.8,61.2,0
2025-12-10T09:34:39.741650,20.8,61.3,0
2025-12-10T09:34:41.996233,20.8,61.3,1
2025-12-10T09:34:44.250940,20.8,61.3,0
2025-12-10T09:34:46.510872,20.8,61.3,0
2025-12-10T09:34:48.765379,20.8,61.3,0
2025-12-10T09:34:51.020206,20.8,61.3,1
2025-12-10T09:34:53.278896,20.8,61.3,0
2025-12-10T09:34:55.538848,20.8,61.3,1
2025-12-10T09:34:57.793724,20.8,61.3,0
2025-12-10T09:35:00.048752,20.8,61.3,0
2025-12-10T09:35:02.303603,20.8,61.3,0
2025-12-10T09:35:04.558658,20.8,61.4,0
2025-12-10T09:35:06.813636,20.8,61.4,0
2025-12-10T09:35:09.068533,20.8,61.4,1
2025-12-10T09:35:11.323528,20.8,61.4,0
2025-12-10T09:35:13.578419,20.8,61.4,0
2025-12-10T09:35:15.833388,20.7,61.4,1
2025-12-10T09:35:18.088371,20.8,61.4,0
2025-12-10T09:35:20.343320,20.8,61.4,0
2025-12-10T09:35:22.598106,20.8,61.5,1
2025-12-10T09:35:24.853228,20.8,61.4,0
2025-12-10T09:35:27.108186,20.8,61.4,1
2025-12-10T09:35:29.362804,20.8,61.4,0
2025-12-10T09:35:31.617821,20.8,61.5,0
2025-12-10T09:35:33.872843,20.8,61.4,0
2025-12-10T09:35:36.127729,20.8,61.5,0
2025-12-10T09:35:38.382796,20.8,61.5,0
2025-12-10T09:35:40.637711,20.8,61.5,0
2025-12-10T09:35:42.892613,20.7,61.4,1
2025-12-10T09:35:45.147665,20.7,61.4,0
2025-12-10T09:35:47.402536,20.8,61.5,0
2025-12-10T09:35:49.657378,20.8,61.5,0
2025-12-10T09:35:51.912516,20.7,61.4,0
2025-12-10T09:35:54.167413,20.8,61.5,1
2025-12-10T09:35:56.422218,20.8,61.5,0
2025-12-10T09:35:58.677300,20.8,61.5,0
2025-12-10T09:36:00.932313,20.8,61.5,0
2025-12-10T09:36:03.187142,20.8,61.5,0
2025-12-10T09:36:05.442185,20.7,61.4,0
2025-12-10T09:36:07.697106,20.8,61.5,0
2025-12-10T09:36:09.951916,20.8,61.5,0
2025-12-10T09:36:12.206887,20.8,61.5,0
2025-12-10T09:36:14.461761,20.8,61.5,1
2025-12-10T09:36:16.716637,20.8,61.5,0
2025-12-10T09:36:18.971632,20.8,61.5,0
2025-12-10T09:36:21.226545,20.7,61.5,0
2025-12-10T09:36:23.481385,20.7,61.5,0
2025-12-10T09:36:25.736496,20.8,61.5,0
2025-12-10T09:36:27.991449,20.8,61.6,0
2025-12-10T09:36:30.246319,20.7,61.5,1
2025-12-10T09:36:32.501344,20.8,61.5,0
2025-12-10T09:36:34.756030,20.8,61.6,0
2025-12-10T09:36:37.010623,20.8,61.6,0
2025-12-10T09:36:39.265347,20.8,61.6,0
2025-12-10T09:36:41.519928,20.8,61.6,0
2025-12-10T09:36:43.774465,20.8,61.6,0
2025-12-10T09:36:46.029243,20.8,61.6,1
2025-12-10T09:36:48.283834,20.8,61.6,0
2025-12-10T09:36:50.542847,20.8,61.6,0
2025-12-10T09:36:52.797747,20.8,61.6,0
2025-12-10T09:36:55.052364,20.8,61.6,0
2025-12-10T09:36:57.306911,20.7,61.6,0
2025-12-10T09:36:59.561640,20.8,61.6,1
2025-12-10T09:37:01.816661,20.8,61.7,0
2025-12-10T09:37:04.071446,20.8,61.7,0
2025-12-10T09:37:06.326508,20.8,61.7,1
2025-12-10T09:37:08.581414,20.8,61.7,0
2025-12-10T09:37:10.836380,20.8,61.7,0
2025-12-10T09:37:13.091429,20.8,61.7,0
2025-12-10T09:37:15.346330,20.8,61.7,0
2025-12-10T09:37:17.601141,20.8,61.8,1
2025-12-10T09:37:19.856262,20.8,61.8,0
2025-12-10T09:37:22.111105,20.8,61.8,0
2025-12-10T09:37:24.365934,20.8,61.8,1
2025-12-10T09:37:26.620980,20.8,61.9,0
2025-12-10T09:37:28.875942,20.8,61.9,0
2025-12-10T09:37:31.130660,20.8,61.9,0
2025-12-10T09:37:33.385689,20.8,61.9,0
2025-12-10T09:37:35.640324,20.8,61.9,0
2025-12-10T09:37:37.898895,20.8,62.0,0
2025-12-10T09:37:40.158998,20.8,62.0,1
2025-12-10T09:37:42.419009,20.8,62.0,0
2025-12-10T09:37:44.673860,20.8,62.0,0
2025-12-10T09:37:46.929082,20.8,62.0,1
2025-12-10T09:37:49.183922,20.8,62.0,0
2025-12-10T09:37:51.438788,20.8,62.0,1
2025-12-10T09:37:53.693829,20.8,62.0,0
2025-12-10T09:37:55.948839,20.8,62.0,0
2025-12-10T09:37:58.203637,20.8,62.0,0
2025-12-10T09:38:00.458699,20.8,62.0,0
2025-12-10T09:38:02.713613,20.8,62.0,0
2025-12-10T09:38:04.968574,20.8,62.0,1
2025-12-10T09:38:07.223621,20.8,62.0,0
2025-12-10T09:38:09.478572,20.8,62.0,0
2025-12-10T09:38:11.733429,20.8,62.0,1
2025-12-10T09:38:13.988687,20.8,62.0,0
2025-12-10T09:38:16.243621,20.8,62.0,0
2025-12-10T09:38:18.498492,20.8,62.0,1
2025-12-10T09:38:20.753522,20.8,62.0,0
2025-12-10T09:38:23.008532,20.8,62.0,0
2025-12-10T09:38:25.263364,20.8,62.0,0
2025-12-10T09:38:27.518433,20.8,62.0,0
2025-12-10T09:38:29.773284,20.8,62.0,0
2025-12-10T09:38:32.028215,20.8,62.0,0
2025-12-10T09:38:34.283233,20.8,62.0,0
2025-12-10T09:38:36.538146,20.8,62.0,0
2025-12-10T09:38:38.793042,20.8,62.0,0
2025-12-10T09:38:41.048126,20.8,62.0,1
2025-12-10T09:38:43.303069,20.8,62.0,0
2025-12-10T09:38:45.557915,20.8,62.0,0
2025-12-10T09:38:47.812957,20.8,62.0,0
2025-12-10T09:38:50.067858,20.8,62.0,0
2025-12-10T09:38:52.322690,20.8,62.0,0
2025-12-10T09:38:54.577674,20.8,62.0,0
2025-12-10T09:38:56.832655,20.8,62.0,0
2025-12-10T09:38:59.087577,20.8,62.0,0
2025-12-10T09:39:01.342595,20.8,62.1,0
2025-12-10T09:39:03.597525,20.8,62.1,0
2025-12-10T09:39:05.852499,20.8,62.1,0
2025-12-10T09:39:08.107542,20.8,62.1,0
2025-12-10T09:39:10.362476,20.8,62.1,1
2025-12-10T09:39:12.617330,20.8,62.1,0
2025-12-10T09:39:14.872395,20.8,62.1,0
2025-12-10T09:39:17.127384,20.8,62.1,0
2025-12-10T09:39:19.382242,20.8,62.2,0
2025-12-10T09:39:21.637298,20.8,62.2,1
2025-12-10T09:39:23.892254,20.8,62.2,0
2025-12-10T09:39:26.147075,20.8,62.2,1
2025-12-10T09:39:28.402111,20.8,62.2,0
2025-12-10T09:39:30.657015,20.8,62.2,0
2025-12-10T09:39:32.911959,20.8,62.2,0
2025-12-10T09:39:35.166954,20.8,62.2,0
2025-12-10T09:39:37.421838,20.8,62.2,0
2025-12-10T09:39:39.676754,20.8,62.2,1
2025-12-10T09:39:41.931832,20.8,62.2,0
2025-12-10T09:39:44.186726,20.8,62.2,1
2025-12-10T09:39:46.441578,20.8,62.2,0
2025-12-10T09:39:48.696697,20.8,62.3,0
2025-12-10T09:39:50.951684,20.8,62.3,0
2025-12-10T09:39:53.206480,20.8,62.3,0
2025-12-10T09:39:55.461504,20.8,62.3,1
2025-12-10T09:39:57.716141,20.9,62.3,0
2025-12-10T09:39:59.974887,20.8,62.3,0
2025-12-10T09:40:02.229543,20.8,62.3,0
2025-12-10T09:40:04.484089,20.8,62.3,1
2025-12-10T09:40:06.738540,20.8,62.3,0
2025-12-10T09:40:08.999079,20.8,62.3,0
2025-12-10T09:40:11.253594,20.9,62.4,1
2025-12-10T09:40:13.508033,20.8,62.3,0
2025-12-10T09:40:15.762702,20.8,62.3,0
2025-12-10T09:40:18.017312,20.9,62.4,0
2025-12-10T09:40:20.274811,20.8,62.4,0
2025-12-10T09:40:22.529468,20.8,62.3,0
2025-12-10T09:40:24.784136,20.8,62.3,0
2025-12-10T09:40:27.038634,20.9,62.4,0
2025-12-10T09:40:29.293283,20.8,62.3,1
2025-12-10T09:40:31.550952,20.8,62.3,0
2025-12-10T09:40:33.805533,20.8,62.3,0
2025-12-10T09:40:36.060214,20.8,62.3,1
2025-12-10T09:40:38.318861,20.9,62.4,0
2025-12-10T09:40:40.573330,20.8,62.3,0
2025-12-10T09:40:42.831099,20.8,62.3,0
2025-12-10T09:40:45.085657,20.8,62.3,0
2025-12-10T09:40:47.340115,20.8,62.3,0
2025-12-10T09:40:49.599008,20.8,62.3,0
2025-12-10T09:40:51.859135,20.8,62.3,0
2025-12-10T09:40:54.113998,20.8,62.3,0
2025-12-10T09:40:56.369043,20.8,62.3,0
2025-12-10T09:40:58.623933,20.9,62.4,0
2025-12-10T09:41:00.878875,20.8,62.3,0
2025-12-10T09:41:03.133966,20.9,62.4,0
2025-12-10T09:41:05.388890,20.8,62.3,0
2025-12-10T09:41:07.643753,20.9,62.3,0
2025-12-10T09:41:09.898900,20.9,62.4,0
2025-12-10T09:41:12.153789,20.8,62.3,0
2025-12-10T09:41:14.408671,20.8,62.3,0
2025-12-10T09:41:16.663695,20.8,62.3,0
2025-12-10T09:41:18.918688,20.8,62.3,0
2025-12-10T09:41:21.173189,20.9,62.4,1
2025-12-10T09:41:23.428191,20.9,62.4,0
2025-12-10T09:41:25.683117,20.8,62.3,0
2025-12-10T09:41:27.938028,20.9,62.3,0
2025-12-10T09:41:30.193062,20.8,62.3,0
2025-12-10T09:41:32.447945,20.8,62.3,0
2025-12-10T09:41:34.702832,20.9,62.4,0
2025-12-10T09:41:36.957911,20.9,62.4,1
2025-12-10T09:41:39.212886,20.9,62.4,0
2025-12-10T09:41:41.467725,20.8,62.4,0
2025-12-10T09:41:43.722803,20.9,62.4,0
2025-12-10T09:41:45.977741,20.8,62.4,0
2025-12-10T09:41:48.232566,20.8,62.4,0
2025-12-10T09:41:50.487536,,,0
2025-12-10T09:41:52.742281,20.9,62.4,0
2025-12-10T09:41:54.997198,20.8,62.3,0
2025-12-10T09:41:57.252271,20.9,62.4,0
2025-12-10T09:41:59.507108,20.8,62.3,0
2025-12-10T09:42:01.761959,20.9,62.4,0
2025-12-10T09:42:04.017001,20.9,62.4,0
2025-12-10T09:42:06.271931,20.9,62.4,1
2025-12-10T09:42:08.526776,20.9,62.4,0
2025-12-10T09:42:10.781740,20.9,62.4,0
2025-12-10T09:42:13.036742,20.9,62.4,0
2025-12-10T09:42:15.291617,20.9,62.4,0
2025-12-10T09:42:17.546633,20.9,62.4,0
2025-12-10T09:42:19.801626,20.8,62.4,0
2025-12-10T09:42:22.056584,20.8,62.3,0
2025-12-10T09:42:24.311598,20.8,62.3,0
2025-12-10T09:42:26.566552,20.8,62.4,1
2025-12-10T09:42:28.821399,20.9,62.4,0
2025-12-10T09:42:31.076570,20.8,62.4,0
2025-12-10T09:42:33.331453,20.9,62.4,0
2025-12-10T09:42:35.586257,20.9,62.4,0
2025-12-10T09:42:37.841366,20.9,62.5,0
2025-12-10T09:42:40.096264,20.8,62.4,0
2025-12-10T09:42:42.351081,20.8,62.4,0
2025-12-10T09:42:44.606110,20.9,62.4,0
2025-12-10T09:42:46.860773,20.8,62.3,0
2025-12-10T09:42:49.115235,20.9,62.4,0
2025-12-10T09:42:51.374964,20.9,62.4,0
2025-12-10T09:42:53.631965,20.8,62.4,0
2025-12-10T09:42:55.890887,20.8,62.4,0
2025-12-10T09:42:58.145593,20.9,62.4,0
2025-12-10T09:43:00.400152,20.9,62.4,0
2025-12-10T09:43:02.658825,20.8,62.3,0
2025-12-10T09:43:04.919108,20.8,62.4,0
2025-12-10T09:43:07.178872,20.9,62.5,0
2025-12-10T09:43:09.433355,20.9,62.4,0
2025-12-10T09:43:11.690989,20.9,62.4,0
2025-12-10T09:43:13.950920,20.9,62.4,0
2025-12-10T09:43:16.210791,20.8,62.4,1
2025-12-10T09:43:18.470989,20.9,62.4,0
2025-12-10T09:43:20.730841,20.8,62.4,0
2025-12-10T09:43:22.985387,20.8,62.4,0
2025-12-10T09:43:25.240071,20.9,62.4,0
2025-12-10T09:43:27.494609,20.9,62.4,0
2025-12-10T09:43:29.749111,20.9,62.4,0
2025-12-10T09:43:32.003834,20.8,62.4,0
2025-12-10T09:43:34.258390,20.9,62.4,0
2025-12-10T09:43:36.518836,20.9,62.5,0
2025-12-10T09:43:38.773476,20.9,62.5,0
2025-12-10T09:43:41.031150,20.9,62.4,0
2025-12-10T09:43:43.285696,20.9,62.4,0
2025-12-10T09:43:45.540699,20.9,62.4,0
2025-12-10T09:43:47.795544,20.8,62.4,0
2025-12-10T09:43:50.050310,20.9,62.4,0
2025-12-10T09:43:52.305257,20.9,62.5,0
2025-12-10T09:43:54.560055,20.9,62.5,0
2025-12-10T09:43:56.814893,20.9,62.5,0
2025-12-10T09:43:59.069841,20.9,62.5,0
2025-12-10T09:44:01.324692,20.9,62.5,0
2025-12-10T09:44:03.579407,20.8,62.4,1
2025-12-10T09:44:05.834413,20.8,62.4,0
2025-12-10T09:44:08.089224,20.8,62.4,0
2025-12-10T09:44:10.343953,20.9,62.5,0
2025-12-10T09:44:12.598860,20.9,62.5,0
2025-12-10T09:44:14.853456,20.9,62.5,0
2025-12-10T09:44:17.107913,20.9,62.5,0
2025-12-10T09:44:19.362874,20.9,62.5,0
2025-12-10T09:44:21.617674,20.9,62.5,1
2025-12-10T09:44:23.872562,20.9,62.5,0
2025-12-10T09:44:26.127494,20.9,62.5,0
2025-12-10T09:44:28.382339,20.9,62.5,1
2025-12-10T09:44:30.637090,20.9,62.5,0
2025-12-10T09:44:32.892102,20.9,62.5,1
2025-12-10T09:44:35.146906,20.9,62.5,0
2025-12-10T09:44:37.401660,20.9,62.5,0
2025-12-10T09:44:39.656595,20.9,62.5,1
2025-12-10T09:44:41.911493,20.9,62.5,0
2025-12-10T09:44:44.166255,20.9,62.5,0
2025-12-10T09:44:46.421203,20.9,62.5,1
2025-12-10T09:44:48.676069,20.9,62.5,0
2025-12-10T09:44:50.930928,20.9,62.5,0
2025-12-10T09:44:53.186005,20.9,62.5,0
2025-12-10T09:44:55.440946,20.9,62.5,0
2025-12-10T09:44:57.695750,20.9,62.5,0
2025-12-10T09:44:59.950772,20.9,62.5,0
2025-12-10T09:45:02.205492,20.9,62.5,0
2025-12-10T09:45:04.460228,20.9,62.5,1
2025-12-10T09:45:06.715185,20.9,62.5,0
2025-12-10T09:45:08.970127,20.9,62.5,1
2025-12-10T09:45:11.224867,20.9,62.5,0
2025-12-10T09:45:13.479805,20.9,62.5,0
2025-12-10T09:45:15.734628,20.9,62.5,0
2025-12-10T09:45:17.989510,20.9,62.5,0
2025-12-10T09:45:20.244547,20.9,62.5,0
2025-12-10T09:45:22.499377,20.9,62.5,0
2025-12-10T09:45:24.754110,20.9,62.5,1
2025-12-10T09:45:27.009180,20.9,62.5,0
2025-12-10T09:45:29.263986,20.9,62.5,0
2025-12-10T09:45:31.518786,20.9,62.5,1
2025-12-10T09:45:33.773733,20.9,62.5,0
2025-12-10T09:45:36.028637,20.9,62.5,1
2025-12-10T09:45:38.283357,20.9,62.5,0
2025-12-10T09:45:40.538318,20.9,62.5,0
2025-12-10T09:45:42.793208,20.9,62.5,0
2025-12-10T09:45:45.047976,20.9,62.5,0
2025-12-10T09:45:47.302913,20.9,62.5,1
2025-12-10T09:45:49.557738,20.9,62.5,0
2025-12-10T09:45:51.812563,20.9,62.5,0
2025-12-10T09:45:54.067493,20.9,62.5,0
2025-12-10T09:45:56.322304,20.9,62.5,1
2025-12-10T09:45:58.577151,20.9,62.5,0
2025-12-10T09:46:00.832156,20.9,62.5,0
2025-12-10T09:46:03.086983,20.9,62.5,0
2025-12-10T09:46:05.341698,20.9,62.5,0
2025-12-10T09:46:07.596696,20.9,62.6,0
2025-12-10T09:46:09.851496,20.9,62.5,1
2025-12-10T09:46:12.106256,20.9,62.6,0
2025-12-10T09:46:14.361202,20.9,62.6,1
2025-12-10T09:46:16.616064,20.9,62.6,0
2025-12-10T09:46:18.870893,20.9,62.6,0
2025-12-10T09:46:21.125916,20.9,62.6,0
2025-12-10T09:46:23.380747,20.9,62.6,0
2025-12-10T09:46:25.635486,20.9,62.6,1
2025-12-10T09:46:27.890522,,,0
2025-12-10T09:46:30.145375,20.9,62.6,1
2025-12-10T09:46:32.400130,20.9,62.6,0
2025-12-10T09:46:34.655100,20.9,62.6,0
2025-12-10T09:46:36.909985,20.9,62.6,1
2025-12-10T09:46:39.164722,20.9,62.6,0
2025-12-10T09:46:41.419666,20.9,62.6,0
2025-12-10T09:46:43.674461,20.9,62.6,0
2025-12-10T09:46:45.929240,20.9,62.6,0
2025-12-10T09:46:48.184179,20.9,62.6,0
2025-12-10T09:46:50.439000,20.9,62.6,0
2025-12-10T09:46:52.693759,20.9,62.7,1
2025-12-10T09:46:54.948891,20.9,62.7,0
2025-12-10T09:46:57.203444,20.9,62.7,0
2025-12-10T09:46:59.462802,20.9,62.7,0
2025-12-10T09:47:01.717509,20.9,62.7,1
2025-12-10T09:47:03.974981,20.9,62.7,0
2025-12-10T09:47:06.229484,20.9,62.7,1
2025-12-10T09:47:08.484172,20.9,62.7,0
2025-12-10T09:47:10.738740,20.9,62.7,0
2025-12-10T09:47:12.993304,20.9,62.7,0
2025-12-10T09:47:15.247980,,,0
2025-12-10T09:47:17.502528,20.9,62.7,0
2025-12-10T09:47:19.756987,20.9,62.7,0
2025-12-10T09:47:22.015087,20.9,62.7,0
2025-12-10T09:47:24.269646,20.9,62.7,0
2025-12-10T09:47:26.524122,20.9,62.7,0
2025-12-10T09:47:28.778783,20.9,62.7,0
2025-12-10T09:47:31.033413,20.9,62.7,0
2025-12-10T09:47:33.287882,20.9,62.7,1
2025-12-10T09:47:35.542527,20.9,62.7,0
2025-12-10T09:47:37.802932,20.9,62.7,0
2025-12-10T09:47:40.057399,20.9,62.7,0
2025-12-10T09:47:42.312080,20.9,62.7,0
2025-12-10T09:47:44.566636,20.9,62.7,0
2025-12-10T09:47:46.826900,20.9,62.7,0
2025-12-10T09:47:49.081578,20.9,62.7,0
2025-12-10T09:47:51.336125,20.9,62.7,0
2025-12-10T09:47:53.594799,20.9,62.7,0
2025-12-10T09:47:55.855106,20.9,62.7,0
2025-12-10T09:47:58.114843,20.9,62.7,0
2025-12-10T09:48:00.374793,20.9,62.7,0
2025-12-10T09:48:02.634984,20.9,62.7,1
2025-12-10T09:48:04.889605,20.9,62.7,0
2025-12-10T09:48:07.146813,20.9,62.7,0
2025-12-10T09:48:09.406981,20.9,62.7,0
2025-12-10T09:48:11.666836,20.9,62.7,0
2025-12-10T09:48:13.921398,20.9,62.7,0
2025-12-10T09:48:16.176096,20.9,62.7,0
2025-12-10T09:48:18.434867,20.9,62.7,0
2025-12-10T09:48:20.694831,20.9,62.7,0
2025-12-10T09:48:22.949606,20.9,62.7,0
2025-12-10T09:48:25.204181,20.9,62.7,1
2025-12-10T09:48:27.458663,20.9,62.7,0
2025-12-10T09:48:29.719182,20.9,62.7,0
2025-12-10T09:48:31.974046,20.9,62.7,0
2025-12-10T09:48:34.228761,20.9,62.7,0
2025-12-10T09:48:36.483694,20.9,62.7,0
2025-12-10T09:48:38.738401,21.0,62.8,1
2025-12-10T09:48:40.993243,20.9,62.8,0
2025-12-10T09:48:43.248174,20.9,62.8,0
2025-12-10T09:48:45.503114,20.9,62.8,0
2025-12-10T09:48:47.757879,20.9,62.8,0
2025-12-10T09:48:50.012963,20.9,62.8,0
2025-12-10T09:48:52.267866,20.9,62.8,0
2025-12-10T09:48:54.522706,20.9,62.8,0
2025-12-10T09:48:56.777689,20.9,62.8,1
2025-12-10T09:48:59.032601,20.9,62.8,0
2025-12-10T09:49:01.287382,20.9,62.8,0
2025-12-10T09:49:03.545104,20.9,62.8,0
2025-12-10T09:49:05.799985,20.9,62.8,0
2025-12-10T09:49:08.054750,20.9,62.8,0
2025-12-10T09:49:10.309679,20.9,62.8,0
2025-12-10T09:49:12.564520,20.9,62.8,0
2025-12-10T09:49:14.819355,20.9,62.9,0
2025-12-10T09:49:17.074355,20.9,62.9,0
2025-12-10T09:49:19.329187,20.9,62.9,0
2025-12-10T09:49:21.583928,20.9,62.8,1
2025-12-10T09:49:23.841233,20.9,62.8,0
2025-12-10T09:49:26.098920,20.9,62.9,0
2025-12-10T09:49:28.353458,20.9,62.9,1
2025-12-10T09:49:30.608165,20.9,62.9,0
2025-12-10T09:49:32.862815,20.9,62.9,0
2025-12-10T09:49:35.122850,20.9,62.9,0
2025-12-10T09:49:37.379067,20.9,62.9,0
2025-12-10T09:49:39.634904,20.9,62.9,0
2025-12-10T09:49:41.894927,20.9,62.9,0
2025-12-10T09:49:44.149704,20.9,63.0,0
2025-12-10T09:49:46.406887,20.9,63.0,0
2025-12-10T09:49:48.661412,20.9,63.0,0
2025-12-10T09:49:50.919141,20.9,63.0,0
2025-12-10T09:49:53.173698,20.9,63.0,0
2025-12-10T09:49:55.430865,20.9,63.0,0
2025-12-10T09:49:57.691063,20.9,63.0,1
2025-12-10T09:49:59.945719,20.9,63.0,0
2025-12-10T09:50:02.200197,20.9,63.0,0
2025-12-10T09:50:04.454904,20.9,63.0,0
2025-12-10T09:50:06.714879,20.9,63.0,1
2025-12-10T09:50:08.969454,20.9,63.0,0
2025-12-10T09:50:11.224136,20.9,63.0,0
2025-12-10T09:50:13.478920,20.9,63.0,0
2025-12-10T09:50:15.733407,20.9,63.0,0
2025-12-10T09:50:17.991134,21.0,63.0,1
2025-12-10T09:50:20.250854,21.0,63.1,0
2025-12-10T09:50:22.510835,20.9,63.0,0
2025-12-10T09:50:24.765551,21.0,63.1,0
2025-12-10T09:50:27.022995,20.9,63.0,0
2025-12-10T09:50:29.282854,20.9,63.0,0
2025-12-10T09:50:31.543044,20.9,63.0,1
2025-12-10T09:50:33.799041,20.9,63.0,0
2025-12-10T09:50:36.058877,20.9,63.0,0
2025-12-10T09:50:38.319019,20.9,63.0,0
2025-12-10T09:50:40.573577,20.9,63.0,0
2025-12-10T09:50:42.828164,20.9,63.0,0
2025-12-10T09:50:45.083044,20.9,63.0,0
2025-12-10T09:50:47.337897,20.9,63.0,1
2025-12-10T09:50:49.592426,21.0,63.1,0
2025-12-10T09:50:51.847216,21.0,63.1,0
2025-12-10T09:50:54.101808,20.9,63.1,0
2025-12-10T09:50:56.356296,21.0,63.1,1
2025-12-10T09:50:58.610954,20.9,63.1,0
2025-12-10T09:51:00.870941,20.9,63.1,1
2025-12-10T09:51:03.125440,21.0,63.1,0
2025-12-10T09:51:05.380133,20.9,63.1,0
2025-12-10T09:51:07.634698,20.9,63.1,0
2025-12-10T09:51:09.889292,20.9,63.1,0
2025-12-10T09:51:12.143978,21.0,63.1,0
2025-12-10T09:51:14.398561,20.9,63.1,1
2025-12-10T09:51:16.658835,20.9,63.1,0
2025-12-10T09:51:18.919145,20.9,63.1,1
2025-12-10T09:51:21.178863,21.0,63.1,0
2025-12-10T09:51:23.433377,20.9,63.1,0
2025-12-10T09:51:25.688074,20.9,63.1,0
2025-12-10T09:51:27.946964,20.9,63.1,0
2025-12-10T09:51:30.201436,20.9,63.1,1
2025-12-10T09:51:32.456149,21.0,63.2,0
2025-12-10T09:51:34.710689,21.0,63.2,1
2025-12-10T09:51:36.965253,20.9,63.1,0
2025-12-10T09:51:39.223101,20.9,63.2,0
2025-12-10T09:51:41.477658,20.9,63.2,0
2025-12-10T09:51:43.732152,20.9,63.2,0
2025-12-10T09:51:45.991117,21.0,63.2,1
2025-12-10T09:51:48.245684,20.9,63.2,0
2025-12-10T09:51:50.500477,20.9,63.2,1
2025-12-10T09:51:52.755453,21.0,63.2,0
2025-12-10T09:51:55.010298,21.0,63.2,0
2025-12-10T09:51:57.265002,21.0,63.2,0
2025-12-10T09:51:59.519944,20.9,63.2,0
2025-12-10T09:52:01.774671,21.0,63.2,1
2025-12-10T09:52:04.029456,21.0,63.2,0
2025-12-10T09:52:06.284553,21.0,63.2,0
2025-12-10T09:52:08.539410,21.0,63.2,0
2025-12-10T09:52:10.794307,21.0,63.2,0
2025-12-10T09:52:13.049333,21.0,63.2,1
2025-12-10T09:52:15.304172,21.0,63.2,0
2025-12-10T09:52:17.558959,20.9,63.2,1
2025-12-10T09:52:19.814014,21.0,63.2,0
2025-12-10T09:52:22.068982,21.0,63.2,0
2025-12-10T09:52:24.323803,21.0,63.2,0
2025-12-10T09:52:26.578694,20.9,63.2,0
2025-12-10T09:52:28.833565,20.9,63.2,1
2025-12-10T09:52:31.088334,20.9,63.2,0
2025-12-10T09:52:33.343522,21.0,63.2,0
2025-12-10T09:52:35.598456,21.0,63.3,0
2025-12-10T09:52:37.853394,20.9,63.3,0
2025-12-10T09:52:40.108541,21.0,63.3,0
2025-12-10T09:52:42.363505,20.9,63.2,0
2025-12-10T09:52:44.618288,21.0,63.3,0
2025-12-10T09:52:46.873442,21.0,63.3,0
2025-12-10T09:52:49.128301,21.0,63.3,0
2025-12-10T09:52:51.383097,21.0,63.3,1
2025-12-10T09:52:53.638128,21.0,63.3,0
2025-12-10T09:52:55.893038,21.0,63.3,1
2025-12-10T09:52:58.147914,21.0,63.3,0
2025-12-10T09:53:00.402873,21.0,63.2,0
2025-12-10T09:53:02.657767,21.0,63.3,0
2025-12-10T09:53:04.912733,21.0,63.3,0
2025-12-10T09:53:07.167827,21.0,63.2,0
2025-12-10T09:53:09.422676,21.0,63.3,0
2025-12-10T09:53:11.677430,21.0,63.2,1
2025-12-10T09:53:13.932611,21.0,63.3,0
2025-12-10T09:53:16.187469,21.0,63.2,0
2025-12-10T09:53:18.442333,21.0,63.2,1
2025-12-10T09:53:20.697418,21.0,63.2,0
2025-12-10T09:53:22.952452,21.0,63.2,0
2025-12-10T09:53:25.207311,21.0,63.2,0
2025-12-10T09:53:27.462411,21.0,63.2,0
2025-12-10T09:53:29.717366,21.0,63.2,0
2025-12-10T09:53:31.972302,21.0,63.2,0
2025-12-10T09:53:34.227361,21.0,63.2,0
2025-12-10T09:53:36.482228,21.0,63.2,1
2025-12-10T09:53:38.736987,21.0,63.2,0
2025-12-10T09:53:40.992062,20.9,63.2,0
2025-12-10T09:53:43.246899,21.0,63.2,0
2025-12-10T09:53:45.501703,21.0,63.2,0
2025-12-10T09:53:47.756665,21.0,63.2,1
2025-12-10T09:53:50.011541,21.0,63.2,0
2025-12-10T09:53:52.266329,21.0,63.2,0
2025-12-10T09:53:54.521320,21.0,63.2,0
2025-12-10T09:53:56.776163,21.0,63.2,0
2025-12-10T09:53:59.031036,21.0,63.2,0
2025-12-10T09:54:01.286040,21.0,63.2,0
2025-12-10T09:54:03.540920,21.0,63.2,1
2025-12-10T09:54:05.795729,21.0,63.2,0
2025-12-10T09:54:08.050735,21.0,63.2,0
2025-12-10T09:54:10.305568,21.0,63.2,1
2025-12-10T09:54:12.560316,21.0,63.2,0
2025-12-10T09:54:14.815289,21.0,63.2,0
2025-12-10T09:54:17.070172,21.0,63.2,0
2025-12-10T09:54:19.324935,21.0,63.2,0
2025-12-10T09:54:21.579892,21.0,63.1,1
2025-12-10T09:54:23.834782,21.0,63.2,0
2025-12-10T09:54:26.089541,21.0,63.2,0
2025-12-10T09:54:28.344594,21.0,63.2,0
2025-12-10T09:54:30.599417,21.0,63.2,0
2025-12-10T09:54:32.854349,21.0,63.2,1
2025-12-10T09:54:35.109315,21.0,63.2,0
2025-12-10T09:54:37.364128,21.0,63.2,1
2025-12-10T09:54:39.618871,21.0,63.2,0
2025-12-10T09:54:41.873886,21.0,63.2,0
2025-12-10T09:54:44.128730,21.0,63.2,0
2025-12-10T09:54:46.383369,21.0,63.2,0
2025-12-10T09:54:48.638348,21.0,63.3,0
2025-12-10T09:54:50.893237,21.0,63.2,0
2025-12-10T09:54:53.147991,21.0,63.2,1
2025-12-10T09:54:55.402949,21.0,63.3,0
2025-12-10T09:54:57.657711,21.0,63.3,1
2025-12-10T09:54:59.912544,21.0,63.2,0
2025-12-10T09:55:02.167527,21.0,63.2,0
2025-12-10T09:55:04.422313,21.0,63.3,0
2025-12-10T09:55:06.677136,21.0,63.3,0
2025-12-10T09:55:08.932191,21.0,63.3,1
2025-12-10T09:55:11.187084,21.0,63.2,0
2025-12-10T09:55:13.441892,21.0,63.3,1
2025-12-10T09:55:15.697004,21.0,63.2,0
2025-12-10T09:55:17.951973,21.0,63.3,0
2025-12-10T09:55:20.206813,21.0,63.3,0
2025-12-10T09:55:22.461797,21.0,63.3,0
2025-12-10T09:55:24.716395,21.0,63.2,1
2025-12-10T09:55:26.970979,21.0,63.3,0
2025-12-10T09:55:29.225692,21.0,63.3,1
2025-12-10T09:55:31.482905,21.0,63.3,0
2025-12-10T09:55:33.742823,21.0,63.3,0
2025-12-10T09:55:35.997582,21.0,63.3,0
2025-12-10T09:55:38.252135,21.0,63.3,0
2025-12-10T09:55:40.510823,21.0,63.3,1
2025-12-10T09:55:42.771053,21.0,63.3,0
2025-12-10T09:55:45.025687,21.0,63.3,1
2025-12-10T09:55:47.280251,21.0,63.3,0
2025-12-10T09:55:49.534923,21.0,63.3,0
2025-12-10T09:55:51.794960,21.0,63.3,0
2025-12-10T09:55:54.049541,21.0,63.3,0
2025-12-10T09:55:56.304205,21.0,63.3,0
2025-12-10T09:55:58.558747,21.0,63.3,0
2025-12-10T09:56:00.813330,21.0,63.3,0
2025-12-10T09:56:03.068060,21.0,63.3,1
2025-12-10T09:56:05.326834,21.0,63.3,0
2025-12-10T09:56:07.581344,21.0,63.3,0
2025-12-10T09:56:09.839102,21.0,63.3,0
2025-12-10T09:56:12.093723,21.0,63.3,0
2025-12-10T09:56:14.350820,21.0,63.3,1
2025-12-10T09:56:16.605516,21.0,63.3,0
2025-12-10T09:56:18.860186,21.0,63.3,0
2025-12-10T09:56:21.118841,21.0,63.3,0
2025-12-10T09:56:23.373568,21.0,63.3,0
2025-12-10T09:56:25.630879,21.0,63.3,0
2025-12-10T09:56:27.885464,21.0,63.3,1
2025-12-10T09:56:30.140145,21.0,63.3,0
2025-12-10T09:56:32.394722,21.0,63.3,0
2025-12-10T09:56:34.649237,21.0,63.3,0
2025-12-10T09:56:36.907140,21.0,63.3,0
2025-12-10T09:56:39.161698,21.0,63.3,0
2025-12-10T09:56:41.416173,21.0,63.3,0
2025-12-10T09:56:43.670865,21.0,63.3,0
2025-12-10T09:56:45.925499,21.0,63.3,1
2025-12-10T09:56:48.180012,21.0,63.3,0
2025-12-10T09:56:50.434694,21.0,63.3,0
2025-12-10T09:56:52.689249,21.0,63.3,0
2025-12-10T09:56:54.943831,21.0,63.3,0
2025-12-10T09:56:57.203035,21.0,63.3,0
2025-12-10T09:56:59.457590,21.0,63.3,1
2025-12-10T09:57:01.712071,21.0,63.3,0
2025-12-10T09:57:03.971124,21.0,63.3,0
2025-12-10T09:57:06.230868,21.0,63.3,0
2025-12-10T09:57:08.485341,21.0,63.3,0
2025-12-10T09:57:10.743053,,,1
2025-12-10T09:57:12.997652,21.0,63.3,0
2025-12-10T09:57:15.252155,21.0,63.3,0
2025-12-10T09:57:17.506842,21.0,63.3,0
2025-12-10T09:57:19.766891,21.0,63.2,0
2025-12-10T09:57:22.021480,21.0,63.2,0
2025-12-10T09:57:24.279062,21.0,63.3,0
2025-12-10T09:57:26.533615,21.0,63.2,0
2025-12-10T09:57:28.788227,21.0,63.3,0
2025-12-10T09:57:31.042941,21.0,63.2,0
2025-12-10T09:57:33.297489,21.0,63.3,1
2025-12-10T09:57:35.551999,21.0,63.2,0
2025-12-10T09:57:37.806784,21.0,63.3,1
2025-12-10T09:57:40.066865,21.0,63.3,0
2025-12-10T09:57:42.326833,21.0,63.3,0
2025-12-10T09:57:44.581502,21.0,63.3,0
2025-12-10T09:57:46.836140,21.0,63.2,0
2025-12-10T09:57:49.094833,21.0,63.3,0
2025-12-10T09:57:51.349524,21.0,63.2,0
2025-12-10T09:57:53.604076,21.0,63.2,0
2025-12-10T09:57:55.858651,21.0,63.3,1
2025-12-10T09:57:58.119022,21.0,63.2,0
2025-12-10T09:58:00.373581,21.0,63.2,1
2025-12-10T09:58:02.628060,21.0,63.2,0
2025-12-10T09:58:04.882878,21.0,63.2,1
2025-12-10T09:58:07.142903,21.0,63.2,0
2025-12-10T09:58:09.397404,21.0,63.2,0
2025-12-10T09:58:11.652109,21.0,63.2,0
2025-12-10T09:58:13.906750,21.0,63.2,0
2025-12-10T09:58:16.166857,21.0,63.2,1
2025-12-10T09:58:18.421537,21.0,63.2,0
2025-12-10T09:58:20.676079,21.0,63.2,1
2025-12-10T09:58:22.934941,21.0,63.2,0
2025-12-10T09:58:25.189602,21.0,63.2,0
2025-12-10T09:58:27.444159,21.0,63.2,0
2025-12-10T09:58:29.702829,21.0,63.2,0
2025-12-10T09:58:31.957587,21.0,63.2,0
2025-12-10T09:58:34.212145,21.0,63.2,0
2025-12-10T09:58:36.470835,21.0,63.2,1
2025-12-10T09:58:38.725496,21.0,63.2,0
2025-12-10T09:58:40.980147,21.0,63.2,1
2025-12-10T09:58:43.239095,21.0,63.2,0
2025-12-10T09:58:45.494125,21.0,63.2,0
2025-12-10T09:58:47.749044,21.0,63.2,0
2025-12-10T09:58:50.003584,21.0,63.2,0
2025-12-10T09:58:52.258602,21.0,63.2,0
2025-12-10T09:58:54.513433,21.0,63.2,0
2025-12-10T09:58:56.768333,21.0,63.2,1
2025-12-10T09:58:59.023490,21.0,63.2,0
2025-12-10T09:59:01.278391,21.0,63.2,0
2025-12-10T09:59:03.533203,21.0,63.2,0
2025-12-10T09:59:05.788358,21.0,63.2,0
2025-12-10T09:59:08.043314,21.0,63.2,0
2025-12-10T09:59:10.298128,21.0,63.2,0
2025-12-10T09:59:12.553175,21.0,63.2,0
2025-12-10T09:59:14.808107,21.0,63.1,0
2025-12-10T09:59:17.062979,21.0,63.1,0
2025-12-10T09:59:19.317999,21.0,63.2,0
2025-12-10T09:59:21.572908,21.0,63.1,0
2025-12-10T09:59:23.827819,21.0,63.2,0
2025-12-10T09:59:26.082854,21.0,63.2,0
2025-12-10T09:59:28.337731,21.0,63.2,1
2025-12-10T09:59:30.592559,21.0,63.2,0
2025-12-10T09:59:32.847654,21.0,63.2,1
2025-12-10T09:59:35.102618,21.0,63.1,0
2025-12-10T09:59:37.357447,21.0,63.2,0
2025-12-10T09:59:39.612513,21.0,63.2,1
2025-12-10T09:59:41.867471,21.0,63.2,0
2025-12-10T09:59:44.122292,21.0,63.2,0
2025-12-10T09:59:46.377289,21.0,63.2,0
2025-12-10T09:59:48.632040,21.0,63.2,0
2025-12-10T09:59:50.886933,21.0,63.2,0
2025-12-10T09:59:53.145136,21.0,63.2,0
2025-12-10T09:59:55.399716,21.0,63.2,0
2025-12-10T09:59:57.654353,21.0,63.2,0
2025-12-10T09:59:59.909380,21.0,63.1,0
2025-12-10T10:00:02.164166,21.0,63.2,0
2025-12-10T10:00:04.419006,21.0,63.2,0
2025-12-10T10:00:06.674030,21.0,63.2,0
2025-12-10T10:00:08.929033,21.0,63.2,0
2025-12-10T10:00:11.183897,21.0,63.2,0
2025-12-10T10:00:13.438943,21.0,63.2,0
2025-12-10T10:00:15.693893,21.0,63.1,1
2025-12-10T10:00:17.948849,21.0,63.2,0
2025-12-10T10:00:20.203817,21.0,63.2,0
2025-12-10T10:00:22.458678,21.0,63.2,0
2025-12-10T10:00:24.713505,21.0,63.2,0
2025-12-10T10:00:26.968683,21.0,63.2,0
2025-12-10T10:00:29.223545,21.0,63.2,0
2025-12-10T10:00:31.478285,21.0,63.2,0
2025-12-10T10:00:33.733291,21.0,63.2,0
2025-12-10T10:00:35.988242,21.0,63.2,0
2025-12-10T10:00:38.243106,21.0,63.2,1
2025-12-10T10:00:40.498140,21.0,63.2,0
2025-12-10T10:00:42.753026,21.0,63.2,1
2025-12-10T10:00:45.007895,21.0,63.2,0
2025-12-10T10:00:47.265292,21.0,63.2,0
2025-12-10T10:00:49.519862,21.0,63.2,0
2025-12-10T10:00:51.778836,21.0,63.2,0
2025-12-10T10:00:54.033635,21.0,63.2,0
2025-12-10T10:00:56.290940,21.0,63.2,0
2025-12-10T10:00:58.545421,21.0,63.2,0
2025-12-10T10:01:00.800359,21.0,63.2,0
2025-12-10T10:01:03.058866,21.0,63.2,0
2025-12-10T10:01:05.313333,21.0,63.2,0
2025-12-10T10:01:07.568038,21.0,63.2,0
2025-12-10T10:01:09.826946,21.0,63.3,0
2025-12-10T10:01:12.081463,21.0,63.2,1
2025-12-10T10:01:14.336133,21.0,63.2,0
2025-12-10T10:01:16.590672,21.0,63.2,1
2025-12-10T10:01:18.845288,21.0,63.2,0
2025-12-10T10:01:21.099993,21.0,63.2,0
2025-12-10T10:01:23.358869,21.0,63.2,0
2025-12-10T10:01:25.613366,21.0,63.2,0
2025-12-10T10:01:27.868185,21.0,63.2,1
2025-12-10T10:01:30.126856,21.0,63.2,0
2025-12-10T10:01:32.381375,21.0,63.2,0
2025-12-10T10:01:34.639060,21.0,63.2,0
2025-12-10T10:01:36.893710,21.0,63.2,0
2025-12-10T10:01:39.150855,21.0,63.2,0
2025-12-10T10:01:41.405526,21.0,63.2,0
2025-12-10T10:01:43.662861,21.0,63.2,0
2025-12-10T10:01:45.922918,21.0,63.2,0
2025-12-10T10:01:48.177600,21.0,63.2,0
2025-12-10T10:01:50.434868,21.0,63.2,0
2025-12-10T10:01:52.689341,21.0,63.2,0
2025-12-10T10:01:54.944116,21.0,63.2,0
2025-12-10T10:01:57.198669,21.0,63.2,0
2025-12-10T10:01:59.453177,21.0,63.2,0
2025-12-10T10:02:01.707878,21.0,63.2,0
2025-12-10T10:02:03.962639,21.0,63.2,1
2025-12-10T10:02:06.217402,21.0,63.2,0
2025-12-10T10:02:08.472445,21.1,63.2,1
2025-12-10T10:02:10.727207,21.0,63.2,0
2025-12-10T10:02:12.982084,21.0,63.2,0
2025-12-10T10:02:15.237027,21.0,63.2,0
2025-12-10T10:02:17.491884,21.0,63.2,0
2025-12-10T10:02:19.746616,21.0,63.2,0
2025-12-10T10:02:22.001713,21.0,63.2,0
2025-12-10T10:02:24.256511,21.1,63.2,0
2025-12-10T10:02:26.511221,21.0,63.2,0
2025-12-10T10:02:28.766100,21.0,63.2,0
2025-12-10T10:02:31.021001,21.0,63.2,1
2025-12-10T10:02:33.275786,21.0,63.2,0
2025-12-10T10:02:35.530676,21.0,63.2,0
2025-12-10T10:02:37.786966,21.0,63.2,0
2025-12-10T10:02:40.041710,21.1,63.2,0
2025-12-10T10:02:42.296679,21.0,63.2,0
2025-12-10T10:02:44.551492,21.0,63.2,0
2025-12-10T10:02:46.806317,21.0,63.2,0
2025-12-10T10:02:49.061239,21.0,63.2,0
2025-12-10T10:02:51.316031,21.0,63.2,0
2025-12-10T10:02:53.570771,21.0,63.1,0
2025-12-10T10:02:55.825699,21.1,63.2,0
2025-12-10T10:02:58.080583,21.0,63.1,0
2025-12-10T10:03:00.335418,21.0,63.1,0
2025-12-10T10:03:02.590480,21.0,63.1,0
2025-12-10T10:03:04.845543,21.0,63.1,0
2025-12-10T10:03:07.100479,21.0,63.1,0
2025-12-10T10:03:09.355491,21.0,63.1,0
2025-12-10T10:03:11.610392,21.0,63.1,0
2025-12-10T10:03:13.865358,21.0,63.1,0
2025-12-10T10:03:16.120488,21.0,63.1,0
2025-12-10T10:03:18.375302,21.0,63.1,0
2025-12-10T10:03:20.629892,21.0,63.1,0
2025-12-10T10:03:22.885078,21.0,63.1,0
2025-12-10T10:03:25.139987,21.0,63.1,0
2025-12-10T10:03:27.394865,21.0,63.1,0
2025-12-10T10:03:29.649866,21.0,63.1,0
2025-12-10T10:03:31.904840,21.0,63.1,0
2025-12-10T10:03:34.159722,21.0,63.1,0
2025-12-10T10:03:36.414682,21.0,63.1,0
2025-12-10T10:03:38.669548,21.0,63.1,0
2025-12-10T10:03:40.924543,21.0,63.1,0
2025-12-10T10:03:43.179569,21.0,63.1,0
2025-12-10T10:03:45.434419,21.0,63.1,0
2025-12-10T10:03:47.689234,21.0,63.1,0
2025-12-10T10:03:49.944266,21.0,63.1,0
2025-12-10T10:03:52.199108,21.0,63.1,0
2025-12-10T10:03:54.453901,21.0,63.1,0
2025-12-10T10:03:56.709016,21.0,63.1,0
2025-12-10T10:03:58.963963,21.1,63.1,0
2025-12-10T10:04:01.218750,21.0,63.1,1
2025-12-10T10:04:03.473670,21.0,63.1,0
2025-12-10T10:04:05.728738,21.1,63.1,0
2025-12-10T10:04:07.983646,21.0,63.1,1
2025-12-10T10:04:10.238688,21.0,63.1,0
2025-12-10T10:04:12.493601,21.0,63.1,0
2025-12-10T10:04:14.748518,21.0,63.1,0
2025-12-10T10:04:17.003681,21.1,63.1,0
2025-12-10T10:04:19.258528,21.0,63.1,0
2025-12-10T10:04:21.513393,21.0,63.1,0
2025-12-10T10:04:23.768377,21.0,63.1,0
2025-12-10T10:04:26.023435,21.0,63.1,0
2025-12-10T10:04:28.278296,21.0,63.1,0
2025-12-10T10:04:30.533360,21.0,63.1,1
2025-12-10T10:04:32.788308,21.0,63.1,0
2025-12-10T10:04:35.043202,21.0,63.1,1
2025-12-10T10:04:37.298286,21.0,63.0,0
2025-12-10T10:04:39.553147,21.0,63.1,0
2025-12-10T10:04:41.808087,21.0,63.1,0
2025-12-10T10:04:44.063116,21.0,63.0,0
2025-12-10T10:04:46.318032,21.0,63.1,1
2025-12-10T10:04:48.572916,21.0,63.1,0
2025-12-10T10:04:50.828029,21.0,63.1,0
2025-12-10T10:04:53.083005,21.0,63.0,0
2025-12-10T10:04:55.337846,21.0,63.1,0
2025-12-10T10:04:57.592897,21.0,63.1,0
2025-12-10T10:04:59.847939,21.0,63.1,0
2025-12-10T10:05:02.102760,21.0,63.1,1
2025-12-10T10:05:04.357777,21.0,63.1,0
2025-12-10T10:05:06.612669,21.0,63.1,0
2025-12-10T10:05:08.867619,21.0,63.1,0
2025-12-10T10:05:11.122628,21.0,63.1,0
2025-12-10T10:05:13.377540,21.0,63.1,0
2025-12-10T10:05:15.632347,21.0,63.1,0
2025-12-10T10:05:17.887555,21.0,63.1,0
2025-12-10T10:05:20.142491,21.0,63.1,0
2025-12-10T10:05:22.397357,21.0,63.1,0
2025-12-10T10:05:24.652376,21.0,63.1,1
2025-12-10T10:05:26.907398,21.0,63.0,0
2025-12-10T10:05:29.162253,21.1,63.1,0
2025-12-10T10:05:31.417282,21.0,63.0,1
2025-12-10T10:05:33.672186,21.0,63.1,0
2025-12-10T10:05:35.927112,21.0,63.1,1
2025-12-10T10:05:38.182060,21.0,63.1,0
2025-12-10T10:05:40.436920,21.0,63.1,0
2025-12-10T10:05:42.691803,21.0,63.1,0
2025-12-10T10:05:44.946911,21.0,63.1,0
2025-12-10T10:05:47.201787,21.0,63.1,1
2025-12-10T10:05:49.456639,21.0,63.1,0
2025-12-10T10:05:51.711670,21.0,63.1,0
2025-12-10T10:05:53.966552,21.0,63.1,1
2025-12-10T10:05:56.221385,21.0,63.1,0
2025-12-10T10:05:58.476394,21.1,63.1,1
2025-12-10T10:06:00.731417,21.0,63.1,0
2025-12-10T10:06:02.986329,21.0,63.1,0
2025-12-10T10:06:05.241317,21.0,63.1,0
2025-12-10T10:06:07.496130,21.0,63.1,0
2025-12-10T10:06:09.750896,21.0,63.1,1
2025-12-10T10:06:12.005894,21.0,63.1,0
2025-12-10T10:06:14.260800,21.0,63.1,0
2025-12-10T10:06:16.515673,21.0,63.1,0
2025-12-10T10:06:18.770758,21.0,63.1,0
2025-12-10T10:06:21.025751,21.0,63.1,1
2025-12-10T10:06:23.280578,21.0,63.1,0
2025-12-10T10:06:25.535557,21.0,63.1,1
2025-12-10T10:06:27.790418,21.1,63.1,0
2025-12-10T10:06:30.044929,21.0,63.1,0
2025-12-10T10:06:32.303307,21.1,63.1,0
2025-12-10T10:06:34.558215,21.0,63.1,0
2025-12-10T10:06:36.813162,21.0,63.1,0
2025-12-10T10:06:39.068177,21.0,63.1,1
2025-12-10T10:06:41.323083,21.0,63.1,0
2025-12-10T10:06:43.577917,21.0,63.1,1
2025-12-10T10:06:45.832762,21.0,63.1,0
2025-12-10T10:06:48.087347,21.0,63.1,1
2025-12-10T10:06:50.341831,21.0,63.1,0
2025-12-10T10:06:52.596601,21.0,63.2,0
2025-12-10T10:06:54.851229,21.0,63.2,0
2025-12-10T10:06:57.105713,21.0,63.2,0
2025-12-10T10:06:59.363089,21.0,63.2,1
2025-12-10T10:07:01.618895,21.0,63.2,0
2025-12-10T10:07:03.874954,21.0,63.2,1
2025-12-10T10:07:06.129671,21.0,63.2,0
2025-12-10T10:07:08.386914,21.0,63.2,1
2025-12-10T10:07:10.641438,21.1,63.3,0
2025-12-10T10:07:12.896234,21.0,63.3,0
2025-12-10T10:07:15.150791,21.0,63.3,1
2025-12-10T10:07:17.410818,21.0,63.3,0
2025-12-10T10:07:19.671037,21.0,63.3,0
2025-12-10T10:07:21.925684,21.1,63.3,0
2025-12-10T10:07:24.182864,21.0,63.3,0
2025-12-10T10:07:26.443036,21.1,63.3,0
2025-12-10T10:07:28.697628,21.1,63.3,0
2025-12-10T10:07:30.954948,21.1,63.3,1
2025-12-10T10:07:33.209647,21.1,63.3,0
2025-12-10T10:07:35.464198,21.1,63.4,0
2025-12-10T10:07:37.722841,21.1,63.3,0
2025-12-10T10:07:39.977598,21.0,63.3,0
2025-12-10T10:07:42.232165,21.1,63.3,0
2025-12-10T10:07:44.490817,21.0,63.3,0
2025-12-10T10:07:46.745553,21.1,63.4,0
2025-12-10T10:07:49.000157,21.0,63.4,0
2025-12-10T10:07:51.254666,21.1,63.4,0
2025-12-10T10:07:53.511138,21.1,63.4,0
2025-12-10T10:07:55.765680,21.0,63.4,0
2025-12-10T10:07:58.020242,21.0,63.4,0
2025-12-10T10:08:00.279045,21.1,63.5,0
2025-12-10T10:08:02.538820,21.1,63.5,0
2025-12-10T10:08:04.798933,21.0,63.4,0
2025-12-10T10:08:07.053633,21.1,63.5,0
2025-12-10T10:08:09.308191,21.1,63.5,0
2025-12-10T10:08:11.566854,21.1,63.5,1
2025-12-10T10:08:13.821666,21.1,63.5,0
2025-12-10T10:08:16.078933,21.1,63.5,0
2025-12-10T10:08:18.334850,21.1,63.5,0
2025-12-10T10:08:20.595033,21.1,63.5,0
2025-12-10T10:08:22.849688,21.1,63.5,0
2025-12-10T10:08:25.104163,21.1,63.5,0
2025-12-10T10:08:27.363033,21.1,63.5,0
2025-12-10T10:08:29.617573,21.1,63.5,0
2025-12-10T10:08:31.872502,21.1,63.5,0
2025-12-10T10:08:34.127518,21.1,63.5,1
2025-12-10T10:08:36.382399,21.1,63.5,0
2025-12-10T10:08:38.637224,21.1,63.5,0
2025-12-10T10:08:40.892351,21.1,63.5,0
2025-12-10T10:08:43.147215,21.1,63.5,0
2025-12-10T10:08:45.402044,21.1,63.5,0
2025-12-10T10:08:47.657073,21.1,63.5,0
2025-12-10T10:08:49.912052,21.1,63.5,1
2025-12-10T10:08:52.166789,21.1,63.5,0
2025-12-10T10:08:54.421796,21.1,63.5,0
2025-12-10T10:08:56.676749,21.1,63.5,1
2025-12-10T10:08:58.931635,21.1,63.5,0
2025-12-10T10:09:01.186607,21.1,63.5,0
2025-12-10T10:09:03.441359,21.1,63.5,0
2025-12-10T10:09:05.696121,21.1,63.5,0
2025-12-10T10:09:07.951192,21.1,63.4,0
2025-12-10T10:09:10.206077,21.1,63.4,0
2025-12-10T10:09:12.460881,21.1,63.4,0
2025-12-10T10:09:14.715868,21.1,63.4,1
2025-12-10T10:09:16.970800,21.1,63.4,0
2025-12-10T10:09:19.225686,21.1,63.4,1
2025-12-10T10:09:21.480797,21.1,63.4,0
2025-12-10T10:09:23.735467,21.1,63.4,0
2025-12-10T10:09:25.990938,21.1,63.4,0
2025-12-10T10:09:28.247062,21.1,63.4,0
2025-12-10T10:09:30.502935,21.1,63.4,0
2025-12-10T10:09:32.757420,21.1,63.4,0
2025-12-10T10:09:35.012200,21.1,63.4,0
2025-12-10T10:09:37.266761,21.1,63.4,1
2025-12-10T10:09:39.521251,21.1,63.4,0
2025-12-10T10:09:41.775947,21.1,63.4,0
2025-12-10T10:09:44.034926,21.1,63.4,0
2025-12-10T10:09:46.294847,21.1,63.4,0
2025-12-10T10:09:48.549530,21.1,63.4,1
2025-12-10T10:09:50.807037,21.1,63.4,0
2025-12-10T10:09:53.061604,21.1,63.4,0
2025-12-10T10:09:55.316294,21.1,63.4,0
2025-12-10T10:09:57.571302,21.1,63.4,0
2025-12-10T10:09:59.826215,21.1,63.4,0
2025-12-10T10:10:02.081264,21.1,63.4,0
2025-12-10T10:10:04.336226,21.0,63.4,1
2025-12-10T10:10:06.591056,21.1,63.4,0
2025-12-10T10:10:08.846057,21.1,63.4,0
2025-12-10T10:10:11.100967,21.1,63.4,0
2025-12-10T10:10:13.355709,21.1,63.4,0
2025-12-10T10:10:15.610720,21.1,63.4,0
2025-12-10T10:10:17.865724,21.1,63.4,0
2025-12-10T10:10:20.120566,21.0,63.3,0
2025-12-10T10:10:22.375628,21.1,63.4,0
2025-12-10T10:10:24.630547,21.1,63.3,0
2025-12-10T10:10:26.885490,21.1,63.3,0
2025-12-10T10:10:29.140543,21.1,63.4,0
2025-12-10T10:10:31.395352,21.1,63.4,1
2025-12-10T10:10:33.650195,21.1,63.3,0
2025-12-10T10:10:35.905361,21.0,63.3,1
2025-12-10T10:10:38.160241,21.1,63.4,0
2025-12-10T10:10:40.415116,21.1,63.3,0
2025-12-10T10:10:42.670121,21.1,63.4,1
2025-12-10T10:10:44.925094,21.1,63.4,0
2025-12-10T10:10:47.179896,21.1,63.4,1
2025-12-10T10:10:49.434899,21.1,63.3,0
2025-12-10T10:10:51.689808,21.1,63.4,0
2025-12-10T10:10:53.944685,21.1,63.3,0
2025-12-10T10:10:56.199740,21.1,63.4,0
2025-12-10T10:10:58.454648,21.1,63.3,1
2025-12-10T10:11:00.709528,21.1,63.4,0
2025-12-10T10:11:02.964706,21.1,63.3,0
2025-12-10T10:11:05.219594,21.1,63.3,0
2025-12-10T10:11:07.474448,21.1,63.4,0
2025-12-10T10:11:09.729485,21.1,63.4,1
2025-12-10T10:11:11.984431,21.1,63.5,0
2025-12-10T10:11:14.239250,21.1,63.5,0
2025-12-10T10:11:16.494269,21.1,63.5,0
2025-12-10T10:11:18.749129,21.1,63.5,0
2025-12-10T10:11:21.004031,21.1,63.5,1
2025-12-10T10:11:23.259027,,,0
2025-12-10T10:11:25.513951,21.1,63.5,1
2025-12-10T10:11:27.768489,21.1,63.5,0
2025-12-10T10:11:30.023243,21.1,63.5,0
2025-12-10T10:11:32.282896,21.1,63.5,0
2025-12-10T10:11:34.537396,21.1,63.5,0
2025-12-10T10:11:36.795181,21.1,63.5,0
2025-12-10T10:11:39.054871,21.1,63.5,1
2025-12-10T10:11:41.309368,21.1,63.5,0
2025-12-10T10:11:43.564037,21.1,63.5,0
2025-12-10T10:11:45.818691,21.1,63.5,0
2025-12-10T10:11:48.073236,21.1,63.5,0
2025-12-10T10:11:50.331031,21.1,63.5,0
2025-12-10T10:11:52.585581,21.1,63.5,0
2025-12-10T10:11:54.842952,21.1,63.5,0
2025-12-10T10:11:57.097668,21.1,63.5,0
2025-12-10T10:11:59.354970,21.1,63.5,0
2025-12-10T10:12:01.609440,21.1,63.5,0
2025-12-10T10:12:03.864212,21.1,63.5,0
2025-12-10T10:12:06.118936,21.1,63.5,0
2025-12-10T10:12:08.373630,21.1,63.5,1
2025-12-10T10:12:10.628636,21.1,63.5,0
2025-12-10T10:12:12.883347,21.1,63.5,0
2025-12-10T10:12:15.138067,21.1,63.5,0
2025-12-10T10:12:17.393052,21.1,63.5,0
2025-12-10T10:12:19.647888,21.1,63.5,0
2025-12-10T10:12:21.902762,21.1,63.6,0
2025-12-10T10:12:24.157697,21.1,63.5,0
2025-12-10T10:12:26.412533,21.1,63.5,0
2025-12-10T10:12:28.667262,21.1,63.6,0
2025-12-10T10:12:30.922297,21.1,63.5,1
2025-12-10T10:12:33.180947,21.1,63.6,0
2025-12-10T10:12:35.435454,21.1,63.5,0
2025-12-10T10:12:37.690133,21.1,63.6,0
2025-12-10T10:12:39.944771,21.1,63.5,0
2025-12-10T10:12:42.202846,21.1,63.5,0
2025-12-10T10:12:44.457513,21.1,63.5,0
2025-12-10T10:12:46.714926,21.0,63.5,0
2025-12-10T10:12:48.974917,21.1,63.6,1
2025-12-10T10:12:51.229651,21.1,63.5,0
2025-12-10T10:12:53.486936,21.1,63.5,0
2025-12-10T10:12:55.741423,21.1,63.5,0
2025-12-10T10:12:57.999143,21.1,63.5,0
2025-12-10T10:13:00.258888,21.1,63.5,0
2025-12-10T10:13:02.518833,21.1,63.5,0
2025-12-10T10:13:04.773574,21.1,63.6,1
2025-12-10T10:13:07.030955,21.1,63.6,0
2025-12-10T10:13:09.285453,21.1,63.5,0
2025-12-10T10:13:11.543303,21.1,63.5,0
2025-12-10T10:13:13.798281,21.1,63.5,1
2025-12-10T10:13:16.053226,21.1,63.5,0
2025-12-10T10:13:18.308326,21.1,63.5,1
2025-12-10T10:13:20.563320,21.1,63.5,0
2025-12-10T10:13:22.818232,21.1,63.5,0
2025-12-10T10:13:25.073294,21.1,63.5,1
2025-12-10T10:13:27.328238,21.1,63.5,0
2025-12-10T10:13:29.583095,21.1,63.5,0
2025-12-10T10:13:31.838297,21.1,63.5,0
2025-12-10T10:13:34.093189,21.1,63.5,0
2025-12-10T10:13:36.348081,21.1,63.5,0
2025-12-10T10:13:38.603137,21.1,63.5,1
2025-12-10T10:13:40.858115,21.1,63.5,0
2025-12-10T10:13:43.112992,21.1,63.5,1
2025-12-10T10:13:45.368029,21.1,63.5,0
2025-12-10T10:13:47.622885,21.1,63.4,0
2025-12-10T10:13:49.877867,21.1,63.4,1
2025-12-10T10:13:52.132898,21.1,63.4,0
2025-12-10T10:13:54.387540,21.1,63.4,1
2025-12-10T10:13:56.646836,21.1,63.5,0
2025-12-10T10:13:58.901648,21.1,63.4,0
2025-12-10T10:14:01.156185,21.1,63.5,0
2025-12-10T10:14:03.410644,21.1,63.4,0
2025-12-10T10:14:05.665363,21.1,63.4,1
2025-12-10T10:14:07.920003,21.1,63.4,0
2025-12-10T10:14:10.174462,21.1,63.4,0
2025-12-10T10:14:12.429247,21.1,63.4,0
2025-12-10T10:14:14.686860,21.0,63.3,0
2025-12-10T10:14:16.946926,21.1,63.4,0
2025-12-10T10:14:19.201612,21.1,63.4,0
2025-12-10T10:14:21.458886,21.1,63.3,0
2025-12-10T10:14:23.718797,21.1,63.4,1
2025-12-10T10:14:25.973551,21.1,63.3,0
2025-12-10T10:14:28.230978,21.1,63.3,0
2025-12-10T10:14:30.485479,21.1,63.3,0
2025-12-10T10:14:32.743094,21.1,63.3,0
2025-12-10T10:14:35.002943,21.1,63.3,0
2025-12-10T10:14:37.257414,21.1,63.3,0
2025-12-10T10:14:39.512109,21.1,63.3,0
2025-12-10T10:14:41.766676,21.1,63.3,0
2025-12-10T10:14:44.021251,21.1,63.3,0
2025-12-10T10:14:46.275944,21.1,63.3,0
2025-12-10T10:14:48.534862,21.1,63.3,0
2025-12-10T10:14:50.789503,21.1,63.3,0
2025-12-10T10:14:53.044285,21.1,63.3,0
2025-12-10T10:14:55.299185,21.1,63.3,0
2025-12-10T10:14:57.556898,21.1,63.3,0
2025-12-10T10:14:59.811900,21.1,63.3,0
2025-12-10T10:15:02.066706,,,0
2025-12-10T10:15:04.321479,21.1,63.3,0
2025-12-10T10:15:06.576493,21.1,63.3,1
2025-12-10T10:15:08.831391,21.1,63.3,0
2025-12-10T10:15:11.086184,21.1,63.2,1
2025-12-10T10:15:13.341122,21.1,63.2,0
2025-12-10T10:15:15.595927,21.1,63.2,0
2025-12-10T10:15:17.850677,21.1,63.2,1
2025-12-10T10:15:20.105628,21.1,63.2,0
2025-12-10T10:15:22.360491,21.1,63.3,0
2025-12-10T10:15:24.615237,21.1,63.2,0
2025-12-10T10:15:26.873220,21.1,63.3,0
2025-12-10T10:15:29.127805,21.1,63.3,0
2025-12-10T10:15:31.382296,21.1,63.2,1
2025-12-10T10:15:33.637015,21.1,63.2,0
2025-12-10T10:15:35.895067,21.1,63.3,0
2025-12-10T10:15:38.154872,21.1,63.3,0
2025-12-10T10:15:40.409608,21.1,63.2,0
2025-12-10T10:15:42.666887,21.1,63.2,0
2025-12-10T10:15:44.921472,21.1,63.2,0
2025-12-10T10:15:47.179043,21.1,63.2,0
2025-12-10T10:15:49.438846,21.1,63.2,1
2025-12-10T10:15:51.693381,21.1,63.2,0
2025-12-10T10:15:53.951143,21.1,63.2,0
2025-12-10T10:15:56.210922,21.1,63.2,1
2025-12-10T10:15:58.465394,21.1,63.2,0
2025-12-10T10:16:00.723081,21.1,63.2,1
2025-12-10T10:16:02.982929,21.1,63.2,0
2025-12-10T10:16:05.237405,21.1,63.2,0
2025-12-10T10:16:07.495047,21.1,63.2,0
2025-12-10T10:16:09.749611,21.1,63.2,0
2025-12-10T10:16:12.004189,21.1,63.2,1
2025-12-10T10:16:14.258873,21.1,63.2,0
2025-12-10T10:16:16.513438,21.1,63.2,1
2025-12-10T10:16:18.767931,21.1,63.2,0
2025-12-10T10:16:21.027117,21.1,63.2,0
2025-12-10T10:16:23.281981,21.1,63.2,0
2025-12-10T10:16:25.536888,21.1,63.2,0
2025-12-10T10:16:27.792039,21.1,63.1,0
2025-12-10T10:16:30.046969,21.1,63.2,0
2025-12-10T10:16:32.301831,21.1,63.1,0
2025-12-10T10:16:34.556864,21.1,63.1,1
2025-12-10T10:16:36.811844,21.1,63.1,0
2025-12-10T10:16:39.066687,21.1,63.1,0
2025-12-10T10:16:41.321685,21.1,63.1,0
2025-12-10T10:16:43.576564,21.1,63.1,1
2025-12-10T10:16:45.831495,21.1,63.1,0
2025-12-10T10:16:48.086515,21.1,63.0,0
2025-12-10T10:16:50.341361,21.1,63.0,1
2025-12-10T10:16:52.596163,21.1,63.0,0
2025-12-10T10:16:54.851301,21.1,63.0,0
2025-12-10T10:16:57.106088,21.1,63.0,0
2025-12-10T10:16:59.360932,21.1,63.0,0
2025-12-10T10:17:01.615983,21.1,63.0,1
2025-12-10T10:17:03.870526,21.1,63.0,0
2025-12-10T10:17:06.125356,21.1,63.0,1
2025-12-10T10:17:08.380449,21.1,63.0,0
2025-12-10T10:17:10.635345,21.1,63.0,1
2025-12-10T10:17:12.890260,21.1,63.0,0
2025-12-10T10:17:15.145299,21.1,63.0,0
2025-12-10T10:17:17.400208,21.1,63.0,0
2025-12-10T10:17:19.655108,21.1,63.0,0
2025-12-10T10:17:21.910267,21.1,63.0,0
2025-12-10T10:17:24.165164,21.1,63.0,0
2025-12-10T10:17:26.419985,21.1,62.9,1
2025-12-10T10:17:28.675055,21.0,62.9,0
2025-12-10T10:17:30.930049,21.1,62.9,0
2025-12-10T10:17:33.184908,21.1,62.9,1
2025-12-10T10:17:35.439830,,,0
2025-12-10T10:17:37.694493,21.1,62.9,0
2025-12-10T10:17:39.949599,21.1,62.9,0
2025-12-10T10:17:42.204649,21.1,62.9,0
2025-12-10T10:17:44.459476,21.1,62.8,0
2025-12-10T10:17:46.714586,21.1,62.9,0
2025-12-10T10:17:48.969642,21.1,62.9,0
2025-12-10T10:17:51.224547,21.1,62.9,0
2025-12-10T10:17:53.479532,21.1,62.9,0
2025-12-10T10:17:55.734450,21.1,62.9,0
2025-12-10T10:17:57.989353,21.1,62.9,0
2025-12-10T10:18:00.244490,21.1,62.9,0
2025-12-10T10:18:02.499403,21.1,62.9,0
2025-12-10T10:18:04.754251,21.1,62.9,1
2025-12-10T10:18:07.009362,21.1,62.9,0
2025-12-10T10:18:09.264313,21.1,62.9,0
2025-12-10T10:18:11.519184,21.1,62.9,0
2025-12-10T10:18:13.774261,21.1,62.9,0
2025-12-10T10:18:16.029251,21.1,63.0,0
2025-12-10T10:18:18.284079,21.1,62.9,0
2025-12-10T10:18:20.539133,21.1,63.0,0
2025-12-10T10:18:22.794137,21.1,63.0,1
2025-12-10T10:18:25.049007,21.1,63.0,0
2025-12-10T10:18:27.304102,21.1,63.0,0
2025-12-10T10:18:29.559007,21.1,63.0,0
2025-12-10T10:18:31.813874,21.1,63.0,0
2025-12-10T10:18:34.068669,21.1,63.0,0
2025-12-10T10:18:36.323568,21.1,63.0,0
2025-12-10T10:18:38.578402,21.1,63.0,1
2025-12-10T10:18:40.833510,21.1,63.0,0
2025-12-10T10:18:43.088376,21.1,63.0,0
2025-12-10T10:18:45.343238,21.1,63.0,1
2025-12-10T10:18:47.598282,21.1,63.0,0
2025-12-10T10:18:49.853205,21.1,63.0,0
2025-12-10T10:18:52.108051,21.1,63.0,0
2025-12-10T10:18:54.363076,,,0
2025-12-10T10:18:56.617989,21.1,63.0,0
2025-12-10T10:18:58.872919,21.1,63.0,0
2025-12-10T10:19:01.128001,21.1,62.9,1
2025-12-10T10:19:03.382905,21.1,63.0,0
2025-12-10T10:19:05.637759,21.1,63.0,0
2025-12-10T10:19:07.892920,21.1,63.0,0
2025-12-10T10:19:10.147854,21.1,62.9,0
2025-12-10T10:19:12.402665,21.1,63.0,0
2025-12-10T10:19:14.657693,21.1,62.9,0
2025-12-10T10:19:16.912729,21.1,62.9,1
2025-12-10T10:19:19.167576,21.1,62.9,0
2025-12-10T10:19:21.422626,21.1,63.0,0
2025-12-10T10:19:23.677502,21.1,62.9,0
2025-12-10T10:19:25.932483,21.1,62.9,0
2025-12-10T10:19:28.187493,21.1,62.9,1
2025-12-10T10:19:30.442415,21.1,62.9,0
2025-12-10T10:19:32.697293,21.1,62.9,1
2025-12-10T10:19:34.952500,21.1,62.9,0
2025-12-10T10:19:37.207057,21.1,62.9,0
2025-12-10T10:19:39.461535,21.1,62.9,0
2025-12-10T10:19:41.719060,21.1,62.9,0
2025-12-10T10:19:43.978986,21.1,62.9,1
2025-12-10T10:19:46.233455,21.1,62.9,0
2025-12-10T10:19:48.488129,21.1,62.9,0
2025-12-10T10:19:50.746862,21.1,62.9,0
2025-12-10T10:19:53.006922,21.1,62.9,0
2025-12-10T10:19:55.261579,21.1,62.9,0
2025-12-10T10:19:57.518926,21.1,62.9,0
2025-12-10T10:19:59.773413,21.1,62.8,0
2025-12-10T10:20:02.028180,21.1,62.9,0
2025-12-10T10:20:04.282759,,,0
2025-12-10T10:20:06.542819,21.1,62.8,1
2025-12-10T10:20:08.797620,21.1,62.9,0
2025-12-10T10:20:11.054943,21.1,62.8,0
2025-12-10T10:20:13.309447,21.1,62.8,1
2025-12-10T10:20:15.564145,21.1,62.8,0
2025-12-10T10:20:17.818785,21.1,62.8,0
2025-12-10T10:20:20.073268,21.1,62.8,1
2025-12-10T10:20:22.327953,21.1,62.8,0
2025-12-10T10:20:24.582528,21.1,62.8,0
2025-12-10T10:20:26.837087,21.1,62.8,0
2025-12-10T10:20:29.091808,21.1,62.9,0
2025-12-10T10:20:31.346357,21.1,62.8,1
2025-12-10T10:20:33.606799,21.1,62.9,0
2025-12-10T10:20:35.867127,21.1,62.8,0
2025-12-10T10:20:38.121664,21.1,62.9,0
2025-12-10T10:20:40.378834,21.1,62.8,0
2025-12-10T10:20:42.639050,21.1,62.9,0
2025-12-10T10:20:44.895010,21.1,62.9,0
2025-12-10T10:20:47.154815,,,0
2025-12-10T10:20:49.415054,21.1,62.8,1
2025-12-10T10:20:51.669642,21.1,62.8,0
2025-12-10T10:20:53.926916,21.1,62.8,0
2025-12-10T10:20:56.181576,21.1,62.8,1
2025-12-10T10:20:58.438907,21.1,62.9,0
2025-12-10T10:21:00.698837,21.1,62.8,0
2025-12-10T10:21:02.953625,21.1,62.9,0
2025-12-10T10:21:05.208172,21.1,62.9,0
2025-12-10T10:21:07.462642,21.1,62.9,1
2025-12-10T10:21:09.722986,,,0
2025-12-10T10:21:11.977636,21.1,62.9,1
2025-12-10T10:21:14.232101,21.1,62.9,0
2025-12-10T10:21:16.491011,21.1,62.9,0
2025-12-10T10:21:18.745580,21.1,62.9,1
2025-12-10T10:21:21.000125,21.1,62.9,0
2025-12-10T10:21:23.254847,21.1,62.9,1
2025-12-10T10:21:25.514861,21.1,62.9,0
2025-12-10T10:21:27.769376,21.1,62.9,0
2025-12-10T10:21:30.024164,21.1,62.9,0
2025-12-10T10:21:32.282870,21.1,62.9,0
2025-12-10T10:21:34.537381,21.1,62.9,0
2025-12-10T10:21:36.792231,21.1,62.9,0
2025-12-10T10:21:39.050910,21.1,62.9,0
2025-12-10T10:21:41.305466,21.1,62.9,1
2025-12-10T10:21:43.560541,21.1,62.9,0
2025-12-10T10:21:45.815349,21.1,62.9,0
2025-12-10T10:21:48.070185,21.1,62.9,0
2025-12-10T10:21:50.325203,21.1,62.9,0
2025-12-10T10:21:52.580082,21.1,62.9,0
2025-12-10T10:21:54.835009,21.1,62.9,0
2025-12-10T10:21:57.090066,21.1,62.9,0
2025-12-10T10:21:59.345005,21.1,62.9,1
2025-12-10T10:22:01.599830,21.1,62.9,0
2025-12-10T10:22:03.854545,21.1,62.9,1
2025-12-10T10:22:06.109420,21.1,62.9,0
2025-12-10T10:22:08.364249,21.1,62.8,0
2025-12-10T10:22:10.619223,21.1,62.8,0
2025-12-10T10:22:12.874219,21.1,62.8,0
2025-12-10T10:22:15.129072,21.1,62.8,0
2025-12-10T10:22:17.384069,21.1,62.8,1
2025-12-10T10:22:19.638943,21.1,62.8,0
2025-12-10T10:22:21.893834,21.1,62.8,0
2025-12-10T10:22:24.148769,21.1,62.8,0
2025-12-10T10:22:26.403641,21.1,62.8,0
2025-12-10T10:22:28.658450,21.1,62.8,0
2025-12-10T10:22:30.913578,21.1,62.8,0
2025-12-10T10:22:33.168480,21.1,62.8,0
2025-12-10T10:22:35.423268,21.1,62.8,0
2025-12-10T10:22:37.678305,21.1,62.8,0
2025-12-10T10:22:39.933292,21.1,62.8,1
2025-12-10T10:22:42.188123,21.1,62.8,0
2025-12-10T10:22:44.443151,21.1,62.8,0
2025-12-10T10:22:46.698048,21.1,62.8,1
2025-12-10T10:22:48.952963,21.1,62.8,0
2025-12-10T10:22:51.208027,21.1,62.8,1
2025-12-10T10:22:53.462922,21.1,62.8,0
2025-12-10T10:22:55.717766,21.1,62.8,0
2025-12-10T10:22:57.972567,21.1,62.9,0
2025-12-10T10:23:00.227446,21.1,62.9,0
2025-12-10T10:23:02.482236,21.1,62.9,1
2025-12-10T10:23:04.737328,21.1,62.9,0
2025-12-10T10:23:06.992216,21.1,62.9,0
2025-12-10T10:23:09.248934,21.1,62.9,0
2025-12-10T10:23:11.507133,21.1,63.0,0
2025-12-10T10:23:13.761768,,,1
2025-12-10T10:23:16.016376,21.1,63.0,0
2025-12-10T10:23:18.275097,21.1,63.0,0
2025-12-10T10:23:20.534891,21.1,63.0,0
2025-12-10T10:23:22.789562,21.1,63.0,0
2025-12-10T10:23:25.047220,21.1,63.0,1
2025-12-10T10:23:27.306966,21.1,63.0,0
2025-12-10T10:23:29.561558,21.1,63.0,1
2025-12-10T10:23:31.819161,21.1,63.0,0
2025-12-10T10:23:34.078963,21.1,63.0,0
2025-12-10T10:23:36.333468,21.1,63.0,0
2025-12-10T10:23:38.591064,21.1,63.0,0
2025-12-10T10:23:40.845899,21.1,63.0,1
2025-12-10T10:23:43.100490,21.1,63.0,0
2025-12-10T10:23:45.355216,21.1,63.0,0
2025-12-10T10:23:47.609832,21.1,63.0,1
2025-12-10T10:23:49.864470,21.1,63.0,0
2025-12-10T10:23:52.119225,21.1,63.0,0
2025-12-10T10:23:54.378874,21.1,63.0,0
2025-12-10T10:23:56.638961,21.1,63.0,0
2025-12-10T10:23:58.893795,21.1,63.0,0
2025-12-10T10:24:01.148506,21.1,63.0,0
2025-12-10T10:24:03.406907,21.1,63.0,1
2025-12-10T10:24:05.661679,21.1,63.0,0
2025-12-10T10:24:07.916342,21.1,63.0,0
2025-12-10T10:24:10.171133,21.1,63.0,0
2025-12-10T10:24:12.426098,21.1,63.0,0
2025-12-10T10:24:14.680999,21.1,63.0,1
2025-12-10T10:24:16.935999,21.1,63.0,0
2025-12-10T10:24:19.191059,,,0
2025-12-10T10:24:21.445981,21.1,63.0,1
2025-12-10T10:24:23.700854,21.1,63.0,0
2025-12-10T10:24:25.956049,21.1,63.0,0
2025-12-10T10:24:28.210961,21.1,63.0,0
2025-12-10T10:24:30.465898,21.1,62.9,0
2025-12-10T10:24:32.721009,21.1,63.0,0
2025-12-10T10:24:34.975997,21.1,62.9,0
2025-12-10T10:24:37.230821,21.1,63.0,0
2025-12-10T10:24:39.485732,21.1,62.9,0
2025-12-10T10:24:41.740713,21.1,63.0,0
2025-12-10T10:24:43.995621,21.1,63.0,0
2025-12-10T10:24:46.250678,21.1,63.0,1
2025-12-10T10:24:48.505710,21.1,63.0,0
2025-12-10T10:24:50.760634,21.1,62.9,0
2025-12-10T10:24:53.015708,21.1,63.0,0
2025-12-10T10:24:55.272961,21.1,63.0,0
2025-12-10T10:24:57.527462,,,1
2025-12-10T10:24:59.782278,21.1,63.0,0
2025-12-10T10:25:02.037006,21.1,62.9,0
2025-12-10T10:25:04.295041,21.1,63.0,0
2025-12-10T10:25:06.550011,21.1,63.0,0
2025-12-10T10:25:08.805007,21.1,63.0,0
2025-12-10T10:25:11.059627,21.1,62.9,0
2025-12-10T10:25:13.314621,21.1,62.9,0
2025-12-10T10:25:15.569549,21.1,63.0,0
2025-12-10T10:25:17.824464,21.1,62.9,0
2025-12-10T10:25:20.079462,21.1,62.9,0
2025-12-10T10:25:22.334293,21.1,63.0,0
2025-12-10T10:25:24.589134,21.1,62.9,1
2025-12-10T10:25:26.844393,21.1,62.9,0
2025-12-10T10:25:29.099368,21.1,62.9,0
2025-12-10T10:25:31.354142,21.1,62.9,0
2025-12-10T10:25:33.609172,21.1,63.0,0
2025-12-10T10:25:35.863447,21.1,62.9,0
2025-12-10T10:25:38.118198,21.1,62.9,0
2025-12-10T10:25:40.373191,21.1,62.9,1
2025-12-10T10:25:42.628040,21.1,62.9,0
2025-12-10T10:25:44.882984,21.1,62.9,0
2025-12-10T10:25:47.137986,21.1,62.9,0
2025-12-10T10:25:49.392901,21.1,62.9,0
2025-12-10T10:25:51.647770,21.1,62.9,1
2025-12-10T10:25:53.902829,21.1,62.9,0
2025-12-10T10:25:56.157718,21.1,62.9,0
2025-12-10T10:25:58.412540,21.1,62.9,0
2025-12-10T10:26:00.667546,21.1,62.8,0
2025-12-10T10:26:02.922499,21.1,62.9,0
2025-12-10T10:26:05.177315,21.1,62.9,0
2025-12-10T10:26:07.432321,21.1,62.9,0
2025-12-10T10:26:09.687279,21.1,62.9,0
2025-12-10T10:26:11.942172,21.1,62.8,0
2025-12-10T10:26:14.197213,21.2,62.9,0
2025-12-10T10:26:16.452114,21.1,62.8,0
2025-12-10T10:26:18.706761,21.1,62.8,0
2025-12-10T10:26:20.961868,21.1,62.8,0
2025-12-10T10:26:23.216820,21.1,62.8,0
2025-12-10T10:26:25.471660,21.1,62.8,0
2025-12-10T10:26:27.726693,21.1,62.8,0
2025-12-10T10:26:29.981563,21.1,62.8,0
2025-12-10T10:26:32.236380,21.2,62.9,0
2025-12-10T10:26:34.491387,21.1,62.8,0
2025-12-10T10:26:36.746264,21.1,62.8,0
2025-12-10T10:26:39.001177,21.1,62.8,0
2025-12-10T10:26:41.256211,21.1,62.8,1
2025-12-10T10:26:43.511080,21.1,62.8,0
2025-12-10T10:26:45.765885,21.2,62.8,0
2025-12-10T10:26:48.020939,21.1,62.8,0
2025-12-10T10:26:50.275611,21.1,62.8,0
2025-12-10T10:26:52.530097,21.1,62.8,0
2025-12-10T10:26:54.784921,21.2,62.8,0
2025-12-10T10:26:57.042938,21.1,62.7,0
2025-12-10T10:26:59.297424,21.1,62.8,0
2025-12-10T10:27:01.552088,21.1,62.7,0
2025-12-10T10:27:03.806757,21.1,62.7,0
2025-12-10T10:27:06.061240,21.2,62.8,0
2025-12-10T10:27:08.319036,21.1,62.7,0
2025-12-10T10:27:10.578859,21.1,62.7,0
2025-12-10T10:27:12.838930,21.1,62.7,0
2025-12-10T10:27:15.093631,21.1,62.8,0
2025-12-10T10:27:17.350881,21.1,62.8,0
2025-12-10T10:27:19.605371,21.1,62.8,0
2025-12-10T10:27:21.860146,,,0
2025-12-10T10:27:24.114720,21.1,62.8,0
2025-12-10T10:27:26.369199,21.1,62.8,0
2025-12-10T10:27:28.623904,21.1,62.8,0
2025-12-10T10:27:30.882952,21.1,62.8,0
2025-12-10T10:27:33.142846,21.1,62.7,0
2025-12-10T10:27:35.397555,21.1,62.7,0
2025-12-10T10:27:37.652122,21.1,62.7,0
2025-12-10T10:27:39.910942,21.2,62.8,0
2025-12-10T10:27:42.171044,21.1,62.7,0
2025-12-10T10:27:44.425593,21.1,62.8,0
2025-12-10T10:27:46.682871,21.1,62.7,0
2025-12-10T10:27:48.937640,21.1,62.8,0
2025-12-10T10:27:51.194959,21.1,62.8,0
2025-12-10T10:27:53.449442,21.2,62.8,1
2025-12-10T10:27:55.707060,21.1,62.8,0
2025-12-10T10:27:57.961689,21.1,62.7,0
2025-12-10T10:28:00.218829,21.1,62.7,0
2025-12-10T10:28:02.479015,21.2,62.8,0
2025-12-10T10:28:04.738874,21.1,62.7,0
2025-12-10T10:28:06.998905,21.1,62.8,0
2025-12-10T10:28:09.253600,21.1,62.7,0
2025-12-10T10:28:11.510888,21.1,62.7,0
2025-12-10T10:28:13.765402,21.1,62.7,0
2025-12-10T10:28:16.023112,,,0
2025-12-10T10:28:18.282876,21.1,62.8,0
2025-12-10T10:28:20.537341,21.1,62.8,0
2025-12-10T10:28:22.792162,21.1,62.7,0
2025-12-10T10:28:25.046931,21.1,62.7,0
2025-12-10T10:28:27.301451,21.1,62.7,0
2025-12-10T10:28:29.559020,21.1,62.7,0
2025-12-10T10:28:31.819068,21.1,62.7,0
2025-12-10T10:28:34.073801,21.1,62.7,0
2025-12-10T10:28:36.328846,21.1,62.7,0
2025-12-10T10:28:38.583512,21.1,62.7,0
2025-12-10T10:28:40.838088,21.1,62.7,0
2025-12-10T10:28:43.092836,21.1,62.8,0
2025-12-10T10:28:45.350865,21.1,62.7,0
2025-12-10T10:28:47.605378,21.1,62.7,0
2025-12-10T10:28:49.860142,21.1,62.7,0
2025-12-10T10:28:52.118838,21.1,62.7,0
2025-12-10T10:28:54.373321,21.1,62.7,0
2025-12-10T10:28:56.627987,21.1,62.7,0
2025-12-10T10:28:58.886949,21.1,62.7,0
2025-12-10T10:29:01.146803,21.2,62.8,0
2025-12-10T10:29:03.401506,21.1,62.7,0
2025-12-10T10:29:05.658882,21.2,62.8,0
2025-12-10T10:29:07.913420,21.1,62.8,0
2025-12-10T10:29:10.168113,21.1,62.7,0
2025-12-10T10:29:12.422666,21.2,62.8,0
2025-12-10T10:29:14.677161,21.1,62.7,0
2025-12-10T10:29:16.931950,21.1,62.7,0
2025-12-10T10:29:19.190870,21.1,62.8,0
2025-12-10T10:29:21.445361,21.1,62.7,0
2025-12-10T10:29:23.703047,21.1,62.7,0
2025-12-10T10:29:25.957658,21.1,62.8,0
2025-12-10T10:29:28.214823,21.1,62.8,0
2025-12-10T10:29:30.475003,21.1,62.7,0
2025-12-10T10:29:32.729591,21.1,62.7,0
2025-12-10T10:29:34.984155,21.1,62.7,0
2025-12-10T10:29:37.238855,21.1,62.7,0
2025-12-10T10:29:39.498840,21.1,62.7,0
2025-12-10T10:29:41.758816,21.1,62.7,0
2025-12-10T10:29:44.013609,21.1,62.8,0
2025-12-10T10:29:46.270883,21.1,62.8,0
2025-12-10T10:29:48.525405,21.1,62.8,0
2025-12-10T10:29:50.783140,21.1,62.8,0
2025-12-10T10:29:53.037776,21.1,62.8,0
2025-12-10T10:29:55.292254,21.1,62.7,0
2025-12-10T10:29:57.546967,21.1,62.7,0
2025-12-10T10:29:59.801613,21.1,62.8,1
2025-12-10T10:30:02.056094,21.1,62.7,0
2025-12-10T10:30:04.310828,21.1,62.8,0
2025-12-10T10:30:06.565359,21.2,62.8,0
2025-12-10T10:30:08.819931,21.1,62.8,0
2025-12-10T10:30:11.074709,21.1,62.8,0
2025-12-10T10:30:13.334880,21.1,62.8,0
2025-12-10T10:30:15.594806,21.1,62.7,0
2025-12-10T10:30:17.855098,21.2,62.8,0
2025-12-10T10:30:20.114890,21.1,62.7,0
2025-12-10T10:30:22.369363,21.1,62.8,0
2025-12-10T10:30:24.624044,21.1,62.7,0
2025-12-10T10:30:26.878683,21.2,62.8,0
2025-12-10T10:30:29.138840,21.1,62.7,0
2025-12-10T10:30:31.393533,21.1,62.8,0
2025-12-10T10:30:33.648079,21.1,62.8,0
2025-12-10T10:30:35.902640,21.2,62.8,0
2025-12-10T10:30:38.163001,21.2,62.8,0
2025-12-10T10:30:40.422849,21.1,62.8,0
2025-12-10T10:30:42.677318,21.1,62.8,0
2025-12-10T10:30:44.932020,21.1,62.7,0
2025-12-10T10:30:47.186566,21.1,62.7,0
2025-12-10T10:30:49.446808,21.1,62.7,0
2025-12-10T10:30:51.701505,21.2,62.8,0
2025-12-10T10:30:53.956113,21.1,62.7,0
2025-12-10T10:30:56.210510,21.2,62.8,0
2025-12-10T10:30:58.465436,21.1,62.7,0
2025-12-10T10:31:00.720235,21.1,62.7,0
2025-12-10T10:31:02.975001,21.1,62.7,0
2025-12-10T10:31:05.229897,21.1,62.7,0
2025-12-10T10:31:07.484764,21.1,62.7,0
2025-12-10T10:31:09.739504,21.2,62.8,0
2025-12-10T10:31:11.994570,21.1,62.7,0
2025-12-10T10:31:14.249419,21.1,62.7,0
2025-12-10T10:31:16.504168,21.1,62.7,0
2025-12-10T10:31:18.759034,21.2,62.8,0
2025-12-10T10:31:21.013967,21.2,62.8,0
2025-12-10T10:31:23.268768,21.1,62.7,0
2025-12-10T10:31:25.523679,21.1,62.7,0
2025-12-10T10:31:27.778539,21.2,62.8,0
2025-12-10T10:31:30.033315,21.1,62.7,0
2025-12-10T10:31:32.288328,21.1,62.7,0
2025-12-10T10:31:34.543223,,,0
2025-12-10T10:31:36.798157,21.2,62.8,0
2025-12-10T10:31:39.053130,21.1,62.7,0
2025-12-10T10:31:41.307998,21.2,62.8,0
2025-12-10T10:31:43.562802,21.1,62.7,0
2025-12-10T10:31:45.817670,21.2,62.8,0
2025-12-10T10:31:48.074878,21.1,62.7,0
2025-12-10T10:31:50.329338,21.1,62.7,0
2025-12-10T10:31:52.587038,21.2,62.8,0
2025-12-10T10:31:54.841756,21.1,62.7,0
2025-12-10T10:31:57.096223,21.1,62.7,0
2025-12-10T10:31:59.350910,21.1,62.7,0
2025-12-10T10:32:01.610824,21.1,62.7,0
2025-12-10T10:32:03.865373,21.1,62.7,1
2025-12-10T10:32:06.120056,21.2,62.7,0
2025-12-10T10:32:08.378845,21.1,62.7,0
2025-12-10T10:32:10.633299,21.1,62.7,0
2025-12-10T10:32:12.891114,21.1,62.7,0
2025-12-10T10:32:15.150840,21.1,62.7,0
2025-12-10T10:32:17.410791,21.1,62.7,0
2025-12-10T10:32:19.665531,21.1,62.7,0
2025-12-10T10:32:21.920158,21.1,62.7,0
2025-12-10T10:32:24.178796,21.2,62.7,0
2025-12-10T10:32:26.433445,21.2,62.7,0
2025-12-10T10:32:28.688028,21.2,62.7,0
2025-12-10T10:32:30.942580,21.1,62.7,0
2025-12-10T10:32:33.197258,21.1,62.7,0
2025-12-10T10:32:35.455047,21.2,62.7,0
2025-12-10T10:32:37.709880,21.2,62.7,0
2025-12-10T10:32:39.964960,21.1,62.7,0
2025-12-10T10:32:42.219825,21.2,62.7,0
2025-12-10T10:32:44.474580,21.2,62.7,1
2025-12-10T10:32:46.729543,21.2,62.7,0
2025-12-10T10:32:48.984503,21.1,62.7,0
2025-12-10T10:32:51.239289,21.2,62.7,0
2025-12-10T10:32:53.494357,21.2,62.7,0
2025-12-10T10:32:55.749221,21.1,62.7,0
2025-12-10T10:32:58.003840,21.2,62.7,0
2025-12-10T10:33:00.258877,21.1,62.7,0
2025-12-10T10:33:02.513762,21.2,62.7,0
2025-12-10T10:33:04.768546,21.2,62.7,0
2025-12-10T10:33:07.023672,21.1,62.7,0
2025-12-10T10:33:09.278594,21.2,62.7,0
2025-12-10T10:33:11.533261,21.2,62.7,0
2025-12-10T10:33:13.788297,21.1,62.6,0
2025-12-10T10:33:16.043167,21.2,62.7,0
2025-12-10T10:33:18.297966,21.1,62.6,1
2025-12-10T10:33:20.552913,21.2,62.7,0
2025-12-10T10:33:22.807791,21.1,62.6,1
2025-12-10T10:33:25.062528,21.2,62.7,0
2025-12-10T10:33:27.317466,21.2,62.7,0
2025-12-10T10:33:29.572294,21.2,62.7,0
2025-12-10T10:33:31.827108,21.2,62.7,0
2025-12-10T10:33:34.082014,21.2,62.7,0
2025-12-10T10:33:36.336849,21.1,62.6,0
2025-12-10T10:33:38.591529,21.2,62.7,0
2025-12-10T10:33:40.846666,21.2,62.6,1
2025-12-10T10:33:43.101538,21.1,62.6,0
2025-12-10T10:33:45.356355,21.1,62.6,0
2025-12-10T10:33:47.611325,21.2,62.6,0
2025-12-10T10:33:49.866316,21.2,62.6,0
2025-12-10T10:33:52.121075,21.2,62.6,0
2025-12-10T10:33:54.376047,21.1,62.6,0
2025-12-10T10:33:56.630904,21.2,62.7,0
2025-12-10T10:33:58.885671,21.1,62.6,0
2025-12-10T10:34:01.140688,21.1,62.6,0
2025-12-10T10:34:03.395535,21.1,62.6,1
2025-12-10T10:34:05.650228,21.2,62.6,0
2025-12-10T10:34:07.905329,21.1,62.6,0
2025-12-10T10:34:10.160110,21.2,62.6,0
2025-12-10T10:34:12.414895,21.2,62.6,0
2025-12-10T10:34:14.669950,21.2,62.6,0
2025-12-10T10:34:16.924998,21.1,62.6,0
2025-12-10T10:34:19.179726,21.1,62.6,0
2025-12-10T10:34:21.434760,,,0
2025-12-10T10:34:23.689541,21.2,62.6,0
2025-12-10T10:34:25.944388,21.2,62.6,0
2025-12-10T10:34:28.199310,21.2,62.6,0
2025-12-10T10:34:30.454151,21.2,62.6,0
2025-12-10T10:34:32.708988,21.1,62.6,0
2025-12-10T10:34:34.964037,21.1,62.6,0
2025-12-10T10:34:37.218946,21.1,62.6,0
2025-12-10T10:34:39.473688,21.1,62.6,0
2025-12-10T10:34:41.728754,21.1,62.6,0
2025-12-10T10:34:43.983688,21.1,62.6,0
2025-12-10T10:34:46.238462,21.1,62.6,0
2025-12-10T10:34:48.493444,21.1,62.6,0
2025-12-10T10:34:50.748076,21.2,62.6,0
2025-12-10T10:34:53.002700,21.1,62.6,0
2025-12-10T10:34:55.263035,21.2,62.6,1
2025-12-10T10:34:57.517607,21.2,62.6,0
2025-12-10T10:34:59.772170,21.2,62.6,0
2025-12-10T10:35:02.026939,21.2,62.6,0
2025-12-10T10:35:04.281522,21.2,62.6,0
2025-12-10T10:35:06.536006,21.2,62.6,0
2025-12-10T10:35:08.795125,21.1,62.5,0
2025-12-10T10:35:11.054935,21.1,62.5,0
2025-12-10T10:35:13.309427,21.1,62.5,0
2025-12-10T10:35:15.567027,,,0
2025-12-10T10:35:17.821677,21.1,62.5,0
2025-12-10T10:35:20.076182,21.2,62.6,0
2025-12-10T10:35:22.330860,21.2,62.6,0
2025-12-10T10:35:24.585422,21.1,62.5,0
2025-12-10T10:35:26.839995,21.1,62.5,0
2025-12-10T10:35:29.094752,21.2,62.6,0
2025-12-10T10:35:31.349303,21.2,62.5,1
2025-12-10T10:35:33.603796,21.2,62.6,0
2025-12-10T10:35:35.858576,21.2,62.6,0
2025-12-10T10:35:38.113146,21.2,62.6,0
2025-12-10T10:35:40.370870,21.1,62.5,0
2025-12-10T10:35:42.631009,21.2,62.6,1
2025-12-10T10:35:44.885663,21.2,62.5,0
2025-12-10T10:35:47.142850,21.2,62.6,1
2025-12-10T10:35:49.403000,21.2,62.6,0
2025-12-10T10:35:51.657562,21.1,62.5,0
2025-12-10T10:35:53.914923,21.1,62.5,0
2025-12-10T10:35:56.169592,21.2,62.6,0
2025-12-10T10:35:58.426880,21.2,62.6,0
2025-12-10T10:36:00.686824,21.1,62.5,0
2025-12-10T10:36:02.941592,21.1,62.5,0
2025-12-10T10:36:05.198892,21.1,62.5,0
2025-12-10T10:36:07.453374,21.2,62.6,0
2025-12-10T10:36:09.711042,21.2,62.6,1
2025-12-10T10:36:11.965690,21.2,62.5,0
2025-12-10T10:36:14.220186,21.2,62.6,0
2025-12-10T10:36:16.474885,21.1,62.5,0
2025-12-10T10:36:18.729462,21.1,62.5,0
2025-12-10T10:36:20.984036,21.1,62.5,0
2025-12-10T10:36:23.238742,21.1,62.5,0
2025-12-10T10:36:25.493322,21.2,62.5,0
2025-12-10T10:36:27.747804,21.2,62.5,1
2025-12-10T10:36:30.007117,21.2,62.5,0
2025-12-10T10:36:32.266880,21.2,62.5,0
2025-12-10T10:36:34.521383,21.2,62.5,0
2025-12-10T10:36:36.776081,21.2,62.5,0
2025-12-10T10:36:39.034942,21.2,62.5,0
2025-12-10T10:36:41.289416,21.2,62.5,0
2025-12-10T10:36:43.547056,21.2,62.5,0
2025-12-10T10:36:45.806961,21.2,62.5,0
2025-12-10T10:36:48.066837,21.2,62.5,0
2025-12-10T10:36:50.321523,21.1,62.4,1
2025-12-10T10:36:52.578882,21.2,62.5,0
2025-12-10T10:36:54.833464,21.2,62.5,0
2025-12-10T10:36:57.088158,21.2,62.5,0
2025-12-10T10:36:59.346859,21.2,62.5,0
2025-12-10T10:37:01.606823,21.2,62.5,0
2025-12-10T10:37:03.861606,21.2,62.5,0
2025-12-10T10:37:06.118882,21.2,62.5,0
2025-12-10T10:37:08.373369,21.1,62.5,0
2025-12-10T10:37:10.628039,21.1,62.4,0
2025-12-10T10:37:12.886943,21.2,62.5,0
2025-12-10T10:37:15.146849,21.2,62.5,0
2025-12-10T10:37:17.407018,21.1,62.4,0
2025-12-10T10:37:19.661590,21.2,62.5,0
2025-12-10T10:37:21.916192,21.1,62.4,0
2025-12-10T10:37:24.175035,21.1,62.4,1
2025-12-10T10:37:26.429612,21.1,62.4,0
2025-12-10T10:37:28.686826,21.2,62.5,1
2025-12-10T10:37:30.947093,21.1,62.4,0
2025-12-10T10:37:33.206862,21.1,62.4,0
2025-12-10T10:37:35.467014,21.2,62.5,0
2025-12-10T10:37:37.722065,21.1,62.4,0
2025-12-10T10:37:39.977006,21.2,62.5,1
2025-12-10T10:37:42.231735,21.2,62.5,0
2025-12-10T10:37:44.486706,21.1,62.4,0
2025-12-10T10:37:46.741493,21.2,62.5,0
2025-12-10T10:37:48.996396,21.2,62.5,0
2025-12-10T10:37:51.251418,21.1,62.4,0
2025-12-10T10:37:53.506288,21.1,62.4,0
2025-12-10T10:37:55.761108,21.1,62.4,0
2025-12-10T10:37:58.016215,21.1,62.4,0
2025-12-10T10:38:00.271100,21.2,62.5,0
2025-12-10T10:38:02.525776,21.2,62.5,0
2025-12-10T10:38:04.780756,21.2,62.4,0
2025-12-10T10:38:07.035735,21.2,62.4,0
2025-12-10T10:38:09.290510,21.1,62.4,0
2025-12-10T10:38:11.545496,21.2,62.5,0
2025-12-10T10:38:13.800179,21.2,62.5,0
2025-12-10T10:38:16.054665,21.2,62.4,0
2025-12-10T10:38:18.315011,21.2,62.5,0
2025-12-10T10:38:20.569557,21.2,62.4,0
2025-12-10T10:38:22.824148,21.1,62.4,0
2025-12-10T10:38:25.079041,21.2,62.4,0
2025-12-10T10:38:27.338838,21.1,62.4,0
2025-12-10T10:38:29.593318,21.1,62.4,0
2025-12-10T10:38:31.848102,21.2,62.4,1
2025-12-10T10:38:34.102648,21.2,62.4,0
2025-12-10T10:38:36.357116,21.2,62.4,0
2025-12-10T10:38:38.615029,21.2,62.4,1
2025-12-10T10:38:40.874935,21.1,62.4,0
2025-12-10T10:38:43.129400,21.2,62.4,0
2025-12-10T10:38:45.387044,21.2,62.4,1
2025-12-10T10:38:47.641648,21.2,62.4,0
2025-12-10T10:38:49.896231,21.2,62.4,0
2025-12-10T10:38:52.150907,21.2,62.4,0
2025-12-10T10:38:54.410828,21.2,62.4,0
2025-12-10T10:38:56.665315,21.2,62.4,1
2025-12-10T10:38:58.923321,21.2,62.4,0
2025-12-10T10:39:01.177572,21.2,62.4,0
2025-12-10T10:39:03.432258,21.2,62.4,0
2025-12-10T10:39:05.686881,21.2,62.4,0
2025-12-10T10:39:07.941730,21.2,62.4,1
2025-12-10T10:39:10.196607,21.1,62.3,0
2025-12-10T10:39:12.451524,21.2,62.4,0
2025-12-10T10:39:14.706328,21.2,62.4,0
2025-12-10T10:39:16.961183,21.2,62.4,0
2025-12-10T10:39:19.216176,21.1,62.3,0
2025-12-10T10:39:21.470955,21.1,62.3,0
2025-12-10T10:39:23.725707,21.1,62.4,0
2025-12-10T10:39:25.980804,21.1,62.4,1
2025-12-10T10:39:28.235612,21.1,62.4,0
2025-12-10T10:39:30.490320,21.2,62.4,0
2025-12-10T10:39:32.745291,21.1,62.4,0
2025-12-10T10:39:35.000200,21.2,62.4,0
2025-12-10T10:39:37.254963,21.2,62.4,1
2025-12-10T10:39:39.509852,21.1,62.4,0
2025-12-10T10:39:41.764632,21.1,62.3,0
2025-12-10T10:39:44.019464,21.2,62.4,0
2025-12-10T10:39:46.274389,21.2,62.4,0
2025-12-10T10:39:48.529272,21.1,62.3,0
2025-12-10T10:39:50.785033,21.2,62.4,1
2025-12-10T10:39:53.039808,21.2,62.4,0
2025-12-10T10:39:55.294368,21.2,62.4,0
2025-12-10T10:39:57.548840,21.2,62.4,0
2025-12-10T10:39:59.803618,21.1,62.3,0
2025-12-10T10:40:02.058174,21.2,62.4,0
2025-12-10T10:40:04.314841,21.1,62.4,0
2025-12-10T10:40:06.569515,21.2,62.4,0
2025-12-10T10:40:08.824552,21.2,62.4,1
2025-12-10T10:40:11.079433,21.2,62.4,0
2025-12-10T10:40:13.334424,21.1,62.4,0
2025-12-10T10:40:15.589299,21.2,62.4,0
2025-12-10T10:40:17.844233,21.2,62.5,0
2025-12-10T10:40:20.099265,21.2,62.4,0
2025-12-10T10:40:22.354166,21.2,62.4,0
2025-12-10T10:40:24.608998,21.2,62.4,1
2025-12-10T10:40:26.863600,,,0
2025-12-10T10:40:29.118492,21.2,62.4,0
2025-12-10T10:40:31.373355,21.1,62.4,0
2025-12-10T10:40:33.628358,21.1,62.4,0
2025-12-10T10:40:35.883365,21.1,62.4,1
2025-12-10T10:40:38.138172,21.2,62.5,0
2025-12-10T10:40:40.393190,21.2,62.4,0
2025-12-10T10:40:42.648116,21.2,62.4,0
2025-12-10T10:40:44.903018,21.1,62.4,0
2025-12-10T10:40:47.158023,21.2,62.4,0
2025-12-10T10:40:49.412955,21.2,62.4,0
2025-12-10T10:40:51.667295,21.1,62.4,1
2025-12-10T10:40:53.922449,21.1,62.4,0
2025-12-10T10:40:56.177359,21.1,62.4,0
2025-12-10T10:40:58.432162,21.2,62.4,1
2025-12-10T10:41:00.687183,21.2,62.4,0
2025-12-10T10:41:02.942159,21.2,62.4,1
2025-12-10T10:41:05.196999,21.2,62.4,0
2025-12-10T10:41:07.452017,21.2,62.4,0
2025-12-10T10:41:09.706921,21.2,62.4,0
2025-12-10T10:41:11.961787,21.2,62.4,0
2025-12-10T10:41:14.216824,21.2,62.3,1
2025-12-10T10:41:16.471736,21.2,62.4,0
2025-12-10T10:41:18.726105,21.2,62.4,1
2025-12-10T10:41:20.981203,21.2,62.4,0
2025-12-10T10:41:23.236149,21.2,62.4,0
2025-12-10T10:41:25.490927,21.2,62.4,0
2025-12-10T10:41:27.745967,21.2,62.4,0
2025-12-10T10:41:30.000952,21.1,62.3,0
2025-12-10T10:41:32.255747,21.1,62.3,1
2025-12-10T10:41:34.510784,21.1,62.3,0
2025-12-10T10:41:36.765708,21.2,62.4,1
2025-12-10T10:41:39.020617,21.1,62.3,0
2025-12-10T10:41:41.275679,21.2,62.3,0
2025-12-10T10:41:43.530569,21.2,62.3,0
2025-12-10T10:41:45.785504,21.1,62.3,0
2025-12-10T10:41:48.040620,21.1,62.3,0
2025-12-10T10:41:50.295529,21.2,62.3,1
2025-12-10T10:41:52.550365,21.1,62.3,0
2025-12-10T10:41:54.805466,21.2,62.3,0
2025-12-10T10:41:57.060436,21.2,62.3,1
2025-12-10T10:41:59.315262,21.2,62.3,0
2025-12-10T10:42:01.570270,21.2,62.3,1
2025-12-10T10:42:03.825249,21.2,62.3,0
2025-12-10T10:42:06.080102,21.2,62.3,0
2025-12-10T10:42:08.335140,21.2,62.3,1
2025-12-10T10:42:10.590038,21.2,62.3,0
2025-12-10T10:42:12.844932,21.1,62.2,0
2025-12-10T10:42:15.099974,21.2,62.3,0
2025-12-10T10:42:17.354880,21.2,62.3,0
2025-12-10T10:42:19.609698,21.2,62.3,1
2025-12-10T10:42:21.865018,21.2,62.3,0
2025-12-10T10:42:24.119918,21.2,62.3,0
2025-12-10T10:42:26.374743,21.2,62.3,0
2025-12-10T10:42:28.629786,21.2,62.3,0
2025-12-10T10:42:30.884807,21.2,62.3,1
2025-12-10T10:42:33.139648,21.2,62.3,0
2025-12-10T10:42:35.394665,21.2,62.3,0
2025-12-10T10:42:37.649488,21.1,62.3,0
2025-12-10T10:42:39.904459,21.2,62.3,0
2025-12-10T10:42:42.159519,21.2,62.3,0
2025-12-10T10:42:44.414476,21.2,62.3,0
2025-12-10T10:42:46.669282,21.1,62.3,1
2025-12-10T10:42:48.924377,21.1,62.3,0
2025-12-10T10:42:51.179347,21.2,62.3,0
2025-12-10T10:42:53.434157,21.2,62.3,0
2025-12-10T10:42:55.689214,21.2,62.3,0
2025-12-10T10:42:57.944219,21.2,62.3,0
2025-12-10T10:43:00.199030,21.2,62.3,0
2025-12-10T10:43:02.454075,21.1,62.3,1
2025-12-10T10:43:04.709051,21.2,62.3,0
2025-12-10T10:43:06.963940,21.2,62.3,0
2025-12-10T10:43:09.218990,21.2,62.3,0
2025-12-10T10:43:11.473884,21.2,62.3,0
2025-12-10T10:43:13.728752,21.1,62.3,1
2025-12-10T10:43:15.983730,21.2,62.3,0
2025-12-10T10:43:18.242863,21.2,62.3,1
2025-12-10T10:43:20.502821,21.1,62.2,0
2025-12-10T10:43:22.763034,21.2,62.3,1
2025-12-10T10:43:25.022936,21.2,62.3,0
2025-12-10T10:43:27.282827,21.2,62.3,0
2025-12-10T10:43:29.537533,21.2,62.3,0
2025-12-10T10:43:31.792192,21.1,62.2,0
2025-12-10T10:43:34.046679,21.2,62.3,0
2025-12-10T10:43:36.301374,21.2,62.3,0
2025-12-10T10:43:38.555941,21.2,62.3,1
2025-12-10T10:43:40.810515,21.1,62.2,0
2025-12-10T10:43:43.065254,21.2,62.3,0
2025-12-10T10:43:45.319831,21.2,62.3,0
2025-12-10T10:43:47.574322,21.2,62.3,0
2025-12-10T10:43:49.835138,21.2,62.3,1
2025-12-10T10:43:52.089729,21.2,62.3,0
2025-12-10T10:43:54.344239,21.2,62.3,1
2025-12-10T10:43:56.598935,21.2,62.3,0
2025-12-10T10:43:58.853644,21.1,62.3,0
2025-12-10T10:44:01.108116,21.2,62.3,0
2025-12-10T10:44:03.362816,21.2,62.3,0
2025-12-10T10:44:05.617374,21.2,62.3,1
2025-12-10T10:44:07.871940,21.2,62.3,0
2025-12-10T10:44:10.131031,21.2,62.3,0
2025-12-10T10:44:12.385611,21.2,62.3,0
2025-12-10T10:44:14.642833,21.1,62.2,0
2025-12-10T10:44:16.897635,21.2,62.3,0
2025-12-10T10:44:19.154934,21.2,62.3,0
2025-12-10T10:44:21.414830,21.2,62.3,1
2025-12-10T10:44:23.669518,21.2,62.3,0
2025-12-10T10:44:25.924164,21.2,62.3,0
2025-12-10T10:44:28.178669,21.2,62.3,1
2025-12-10T10:44:30.433363,21.2,62.3,0
2025-12-10T10:44:32.688178,21.2,62.3,0
2025-12-10T10:44:34.942941,21.2,62.3,0
2025-12-10T10:44:37.197892,21.2,62.3,0
2025-12-10T10:44:39.452792,21.2,62.3,1
2025-12-10T10:44:41.707549,21.2,62.3,0
2025-12-10T10:44:43.962571,21.2,62.3,0
2025-12-10T10:44:46.217366,21.2,62.3,0
2025-12-10T10:44:48.472131,21.2,62.3,0
2025-12-10T10:44:50.727154,21.2,62.3,1
2025-12-10T10:44:52.982027,21.2,62.2,0
2025-12-10T10:44:55.236727,21.2,62.2,0
2025-12-10T10:44:57.491631,21.2,62.2,0
2025-12-10T10:44:59.746404,21.2,62.2,0
2025-12-10T10:45:02.001225,21.2,62.2,0
2025-12-10T10:45:04.256224,21.2,62.2,0
2025-12-10T10:45:06.511096,21.2,62.2,0
2025-12-10T10:45:08.765802,21.2,62.2,0
2025-12-10T10:45:11.020833,21.2,62.2,0
2025-12-10T10:45:13.275559,21.2,62.2,0
2025-12-10T10:45:15.530271,21.1,62.2,0
2025-12-10T10:45:17.786215,21.2,62.2,0
2025-12-10T10:45:20.040805,21.2,62.2,0
2025-12-10T10:45:22.295286,21.2,62.2,1
2025-12-10T10:45:24.555028,21.2,62.2,0
2025-12-10T10:45:26.809676,21.2,62.2,0
2025-12-10T10:45:29.064227,21.2,62.2,1
2025-12-10T10:45:31.323027,21.2,62.2,0
2025-12-10T10:45:33.577590,21.1,62.2,1
2025-12-10T10:45:35.832194,21.2,62.2,0
2025-12-10T10:45:38.086887,21.2,62.2,0
2025-12-10T10:45:40.341457,21.2,62.2,0
2025-12-10T10:45:42.598824,21.1,62.2,0
2025-12-10T10:45:44.859103,21.2,62.2,0
2025-12-10T10:45:47.113679,21.2,62.2,0
2025-12-10T10:45:49.370829,21.2,62.2,0
2025-12-10T10:45:51.625569,21.2,62.2,0
2025-12-10T10:45:53.880199,21.2,62.2,0
2025-12-10T10:45:56.138822,21.2,62.2,0
2025-12-10T10:45:58.399026,21.2,62.2,0
2025-12-10T10:46:00.653579,21.2,62.2,0
2025-12-10T10:46:02.908168,21.2,62.1,0
2025-12-10T10:46:05.162850,21.1,62.1,0
2025-12-10T10:46:07.417414,21.2,62.2,0
2025-12-10T10:46:09.674825,21.2,62.1,0
2025-12-10T10:46:11.935113,21.2,62.1,1
2025-12-10T10:46:14.189675,21.2,62.1,0
2025-12-10T10:46:16.444165,21.2,62.2,0
2025-12-10T10:46:18.698863,21.2,62.1,0
2025-12-10T10:46:20.958939,21.2,62.1,0
2025-12-10T10:46:23.218846,21.2,62.1,0
2025-12-10T10:46:25.473552,21.2,62.1,0
2025-12-10T10:46:27.730931,21.2,62.1,0
2025-12-10T10:46:29.985498,21.2,62.1,0
2025-12-10T10:46:32.240167,21.2,62.1,1
2025-12-10T10:46:34.494772,21.2,62.1,0
2025-12-10T10:46:36.749304,21.2,62.1,1
2025-12-10T10:46:39.007119,21.2,62.1,0
2025-12-10T10:46:41.266827,21.2,62.1,0
2025-12-10T10:46:43.521341,21.2,62.1,0
2025-12-10T10:46:45.776087,21.2,62.1,0
2025-12-10T10:46:48.030732,21.2,62.1,0
2025-12-10T10:46:50.285225,21.2,62.1,0
2025-12-10T10:46:52.543053,21.2,62.1,0
2025-12-10T10:46:54.802995,21.2,62.1,0
2025-12-10T10:46:57.062841,21.2,62.1,0
2025-12-10T10:46:59.317550,21.2,62.1,0
2025-12-10T10:47:01.572098,21.2,62.1,0
2025-12-10T10:47:03.831013,21.2,62.1,0
2025-12-10T10:47:06.085713,21.2,62.1,0
2025-12-10T10:47:08.342857,21.2,62.2,0
2025-12-10T10:47:10.597356,21.2,62.1,0
2025-12-10T10:47:12.852120,21.2,62.1,0
2025-12-10T10:47:15.106692,21.2,62.1,0
2025-12-10T10:47:17.361155,21.2,62.1,0
2025-12-10T10:47:19.615879,21.2,62.1,0
2025-12-10T10:47:21.870533,21.2,62.1,0
2025-12-10T10:47:24.130834,21.2,62.1,0
2025-12-10T10:47:26.385515,21.2,62.2,0
2025-12-10T10:47:28.642882,21.1,62.1,0
2025-12-10T10:47:30.897463,21.2,62.1,0
2025-12-10T10:47:33.152159,21.2,62.1,1
2025-12-10T10:47:35.410848,21.2,62.1,0
2025-12-10T10:47:37.665335,21.2,62.1,1
2025-12-10T10:47:39.923165,21.2,62.1,0
2025-12-10T10:47:42.182857,21.2,62.1,1
2025-12-10T10:47:44.442810,21.2,62.1,0
2025-12-10T10:47:46.697511,21.2,62.1,0
2025-12-10T10:47:48.954951,21.2,62.1,1
2025-12-10T10:47:51.209445,21.1,62.1,0
2025-12-10T10:47:53.464160,21.2,62.1,1
2025-12-10T10:47:55.718858,21.1,62.1,0
2025-12-10T10:47:57.973662,21.2,62.1,0
2025-12-10T10:48:00.228608,21.2,62.1,0
2025-12-10T10:48:02.483482,21.2,62.1,0
2025-12-10T10:48:04.738237,21.1,62.0,0
2025-12-10T10:48:06.993205,21.2,62.1,0
2025-12-10T10:48:09.248051,21.2,62.1,0
2025-12-10T10:48:11.502739,21.2,62.0,0
2025-12-10T10:48:13.757714,21.2,62.0,0
2025-12-10T10:48:16.012584,21.1,62.0,0
2025-12-10T10:48:18.267308,21.2,62.0,0
2025-12-10T10:48:20.522257,21.2,62.0,0
2025-12-10T10:48:22.777025,21.2,62.0,0
2025-12-10T10:48:25.031858,21.2,62.0,0
2025-12-10T10:48:27.286773,21.2,62.0,0
2025-12-10T10:48:29.541540,21.2,62.0,0
2025-12-10T10:48:31.796338,21.2,62.0,0
2025-12-10T10:48:34.051241,21.2,62.0,1
2025-12-10T10:48:36.306058,21.2,62.0,0
2025-12-10T10:48:38.560863,21.1,62.0,0
2025-12-10T10:48:40.815915,,,0
2025-12-10T10:48:43.070694,21.2,62.1,0
2025-12-10T10:48:45.325433,21.2,62.0,0
2025-12-10T10:48:47.580346,21.2,62.0,0
2025-12-10T10:48:49.835253,21.2,62.1,0
2025-12-10T10:48:52.089988,21.2,62.0,1
2025-12-10T10:48:54.344956,21.2,62.1,0
2025-12-10T10:48:56.599750,21.2,62.1,0
2025-12-10T10:48:58.854493,21.2,62.1,0
2025-12-10T10:49:01.109433,21.2,62.1,0
2025-12-10T10:49:03.364214,21.2,62.0,0
2025-12-10T10:49:05.618935,21.2,62.0,0
2025-12-10T10:49:07.873946,21.2,62.0,0
2025-12-10T10:49:10.128776,21.1,62.0,1
2025-12-10T10:49:12.383509,21.2,62.0,0
2025-12-10T10:49:14.638431,21.2,62.0,0
2025-12-10T10:49:16.893303,21.2,62.0,0
2025-12-10T10:49:19.148017,21.2,61.9,0
2025-12-10T10:49:21.402941,21.2,62.0,0
2025-12-10T10:49:23.657709,21.2,62.0,0
2025-12-10T10:49:25.912583,21.1,61.9,0
2025-12-10T10:49:28.167513,21.2,62.0,0
2025-12-10T10:49:30.422299,21.2,62.0,0
2025-12-10T10:49:32.677121,21.2,61.9,0
2025-12-10T10:49:34.932000,21.2,61.9,0
2025-12-10T10:49:37.186801,21.1,61.9,0
2025-12-10T10:49:39.441532,21.2,61.9,0
2025-12-10T10:49:41.696289,21.2,61.9,0
2025-12-10T10:49:43.951167,21.2,61.9,0
2025-12-10T10:49:46.208929,21.1,61.9,0
2025-12-10T10:49:48.463610,21.2,61.9,0
2025-12-10T10:49:50.718172,21.2,61.9,0
2025-12-10T10:49:52.972752,21.2,61.9,0
2025-12-10T10:49:55.231057,21.2,62.0,0
2025-12-10T10:49:57.486894,21.2,62.0,0
2025-12-10T10:49:59.741428,21.2,61.9,0
2025-12-10T10:50:01.999130,21.2,61.9,0
2025-12-10T10:50:04.258890,21.2,62.0,0
2025-12-10T10:50:06.513371,21.2,62.0,0
2025-12-10T10:50:08.768062,21.2,62.0,0
2025-12-10T10:50:11.026936,21.2,62.0,0
2025-12-10T10:50:13.286788,21.2,62.0,0
2025-12-10T10:50:15.541498,21.1,61.9,0
2025-12-10T10:50:17.798990,21.2,62.0,0
2025-12-10T10:50:20.058829,21.2,62.0,0
2025-12-10T10:50:22.319006,21.2,62.0,0
2025-12-10T10:50:24.578840,21.1,61.9,0
2025-12-10T10:50:26.833415,21.2,62.0,0
2025-12-10T10:50:29.091112,21.2,61.9,0
2025-12-10T10:50:31.345655,21.1,61.9,0
2025-12-10T10:50:33.602815,21.2,62.0,0
2025-12-10T10:50:35.863116,21.2,61.9,0
2025-12-10T10:50:38.122824,21.2,62.0,0
2025-12-10T10:50:40.377372,21.2,62.0,0
2025-12-10T10:50:42.632389,21.2,61.9,0
2025-12-10T10:50:44.887458,21.2,61.9,0
2025-12-10T10:50:47.142298,21.1,61.9,0
2025-12-10T10:50:49.397380,21.2,62.0,0
2025-12-10T10:50:51.652307,21.2,62.0,0
2025-12-10T10:50:53.907164,21.2,62.0,0
2025-12-10T10:50:56.162182,21.2,61.9,0
2025-12-10T10:50:58.417070,21.2,62.0,0
2025-12-10T10:51:00.671868,21.2,62.0,0
2025-12-10T10:51:02.926985,21.2,62.0,0
2025-12-10T10:51:05.181831,21.2,62.0,0
2025-12-10T10:51:07.436678,21.2,62.0,0
2025-12-10T10:51:09.691690,21.2,62.0,0
2025-12-10T10:51:11.946642,21.1,61.9,0
2025-12-10T10:51:14.201475,21.2,62.0,0
2025-12-10T10:51:16.456596,21.2,62.0,0
2025-12-10T10:51:18.711513,21.2,62.0,0
2025-12-10T10:51:20.966373,21.2,62.0,0
2025-12-10T10:51:23.221040,21.2,62.0,0
2025-12-10T10:51:25.475956,21.2,62.0,0
2025-12-10T10:51:27.730714,21.2,61.9,0
2025-12-10T10:51:29.985861,21.2,62.0,0
2025-12-10T10:51:32.240663,21.2,61.9,0
2025-12-10T10:51:34.495494,21.2,62.0,0
2025-12-10T10:51:36.750534,21.2,61.9,0
2025-12-10T10:51:39.005545,21.2,61.9,0
2025-12-10T10:51:41.260397,21.2,61.9,0
2025-12-10T10:51:43.515429,21.2,62.0,0
2025-12-10T10:51:45.770339,21.2,62.0,0
2025-12-10T10:51:48.025269,21.2,61.9,0
2025-12-10T10:51:50.280346,21.2,61.9,0
2025-12-10T10:51:52.535288,21.2,61.9,0
2025-12-10T10:51:54.790217,21.2,61.9,0
2025-12-10T10:51:57.045285,21.2,61.9,0
2025-12-10T10:51:59.300138,21.2,62.0,0
2025-12-10T10:52:01.554960,21.2,61.9,0
2025-12-10T10:52:03.810002,21.2,61.9,0
2025-12-10T10:52:06.064910,21.2,61.9,0
2025-12-10T10:52:08.319707,21.2,61.9,0
2025-12-10T10:52:10.574761,21.2,61.9,0
2025-12-10T10:52:12.829761,21.2,62.0,0
2025-12-10T10:52:15.084614,21.2,61.9,0
2025-12-10T10:52:17.339632,21.2,62.0,0
2025-12-10T10:52:19.594502,21.2,61.9,0
2025-12-10T10:52:21.849442,21.2,62.0,0
2025-12-10T10:52:24.104584,21.2,61.9,0
2025-12-10T10:52:26.359460,21.2,61.9,0
2025-12-10T10:52:28.614319,21.2,62.0,0
2025-12-10T10:52:30.873249,21.2,61.9,0
2025-12-10T10:52:33.127787,21.2,61.9,0
2025-12-10T10:52:35.386834,21.2,61.9,1
2025-12-10T10:52:37.641496,21.2,61.9,0
2025-12-10T10:52:39.898937,21.2,61.9,0
2025-12-10T10:52:42.153425,21.2,62.0,0
2025-12-10T10:52:44.408098,21.2,62.0,0
2025-12-10T10:52:46.662630,21.2,61.9,0
2025-12-10T10:52:48.917279,21.2,62.0,0
2025-12-10T10:52:51.175062,21.2,61.9,0
2025-12-10T10:52:53.429603,21.2,62.0,1
2025-12-10T10:52:55.684065,21.2,61.9,0
2025-12-10T10:52:57.938841,21.2,61.9,0
2025-12-10T10:53:00.193384,21.2,61.9,0
2025-12-10T10:53:02.447857,21.2,61.9,0
2025-12-10T10:53:04.702570,21.2,61.9,0
2025-12-10T10:53:06.957174,21.2,61.9,0
2025-12-10T10:53:09.211627,21.2,61.9,1
2025-12-10T10:53:11.466348,21.2,61.9,0
2025-12-10T10:53:13.727003,21.2,61.9,0
2025-12-10T10:53:15.981799,21.1,61.8,0
2025-12-10T10:53:18.236519,21.2,61.9,0
2025-12-10T10:53:20.494858,21.2,61.9,1
2025-12-10T10:53:22.754802,21.2,61.9,0
2025-12-10T10:53:25.009584,21.2,61.8,0
2025-12-10T10:53:27.264115,21.2,61.8,1
2025-12-10T10:53:29.518612,21.2,61.8,0
2025-12-10T10:53:31.773276,21.2,61.8,1
2025-12-10T10:53:34.027889,21.2,61.8,0
2025-12-10T10:53:36.286815,21.2,61.8,0
2025-12-10T10:53:38.547020,21.2,61.7,1
2025-12-10T10:53:40.801674,21.2,61.7,0
2025-12-10T10:53:43.056147,21.2,61.7,1
2025-12-10T10:53:45.310817,21.2,61.7,0
2025-12-10T10:53:47.565366,21.2,61.7,0
2025-12-10T10:53:49.819939,21.2,61.7,0
2025-12-10T10:53:52.074624,21.2,61.7,0
2025-12-10T10:53:54.329150,21.2,61.7,0
2025-12-10T10:53:56.583642,21.2,61.7,0
2025-12-10T10:53:58.838409,21.2,61.7,1
2025-12-10T10:54:01.098850,21.2,61.7,0
2025-12-10T10:54:03.353324,21.2,61.7,1
2025-12-10T10:54:05.607998,21.2,61.7,0
2025-12-10T10:54:07.862633,21.2,61.7,0
2025-12-10T10:54:10.117101,21.2,61.7,0
2025-12-10T10:54:12.371776,21.2,61.7,0
2025-12-10T10:54:14.630834,21.2,61.7,0
2025-12-10T10:54:16.885486,21.1,61.7,1
2025-12-10T10:54:19.140178,21.2,61.7,0
2025-12-10T10:54:21.394732,21.2,61.7,1
2025-12-10T10:54:23.649213,21.2,61.7,0
2025-12-10T10:54:25.903995,21.2,61.7,0
2025-12-10T10:54:28.162842,21.2,61.7,0
2025-12-10T10:54:30.422802,21.2,61.7,0
2025-12-10T10:54:32.677475,21.2,61.7,1
2025-12-10T10:54:34.934952,21.2,61.7,0
2025-12-10T10:54:37.189408,21.2,61.7,0
2025-12-10T10:54:39.444090,21.2,61.7,0
2025-12-10T10:54:41.698610,21.2,61.7,0
2025-12-10T10:54:43.953162,21.2,61.8,1
2025-12-10T10:54:46.211015,21.2,61.8,0
2025-12-10T10:54:48.465574,21.2,61.8,0
2025-12-10T10:54:50.720471,21.2,61.8,1
2025-12-10T10:54:52.975564,21.2,61.8,0
2025-12-10T10:54:55.230405,21.2,61.8,1
2025-12-10T10:54:57.485225,21.2,61.8,0
2025-12-10T10:54:59.740236,21.2,61.8,0
2025-12-10T10:55:01.995181,21.2,61.8,0
2025-12-10T10:55:04.249786,21.2,61.8,0
2025-12-10T10:55:06.504831,21.2,61.8,0
2025-12-10T10:55:08.759673,21.2,61.8,0
2025-12-10T10:55:11.014156,21.2,61.8,0
2025-12-10T10:55:13.269196,,,0
2025-12-10T10:55:15.524040,21.2,61.7,0
2025-12-10T10:55:17.778845,21.2,61.8,0
2025-12-10T10:55:20.033932,21.2,61.8,0
2025-12-10T10:55:22.288839,21.2,61.8,0
2025-12-10T10:55:24.543682,21.2,61.8,0
2025-12-10T10:55:26.798838,21.2,61.8,1
2025-12-10T10:55:29.053801,21.2,61.8,0
2025-12-10T10:55:31.308589,21.2,61.7,1
2025-12-10T10:55:33.563660,21.2,61.8,0
2025-12-10T10:55:35.818619,21.2,61.8,0
2025-12-10T10:55:38.073414,21.2,61.8,0
2025-12-10T10:55:40.328490,21.2,61.7,0
2025-12-10T10:55:42.583319,21.2,61.7,1
2025-12-10T10:55:44.838209,21.2,61.8,0
2025-12-10T10:55:47.092984,21.2,61.7,0
2025-12-10T10:55:49.347864,21.2,61.7,0
2025-12-10T10:55:51.602691,21.2,61.7,0
2025-12-10T10:55:53.857757,21.2,61.8,1
2025-12-10T10:55:56.112666,21.2,61.8,0
2025-12-10T10:55:58.367454,21.2,61.8,0
2025-12-10T10:56:00.622517,21.2,61.8,0
2025-12-10T10:56:02.877485,21.2,61.7,0
2025-12-10T10:56:05.132337,21.2,61.8,0
2025-12-10T10:56:07.387390,21.2,61.7,0
2025-12-10T10:56:09.642264,21.2,61.8,0
2025-12-10T10:56:11.897133,21.2,61.8,0
2025-12-10T10:56:14.152172,21.2,61.8,0
2025-12-10T10:56:16.406983,21.2,61.8,0
2025-12-10T10:56:18.661846,21.2,61.7,0
2025-12-10T10:56:20.916925,21.2,61.8,0
2025-12-10T10:56:23.171780,21.2,61.8,0
2025-12-10T10:56:25.426545,21.2,61.8,0
2025-12-10T10:56:27.681569,21.2,61.7,0
2025-12-10T10:56:29.936533,21.2,61.8,0
2025-12-10T10:56:32.191388,21.2,61.7,0
2025-12-10T10:56:34.446346,21.2,61.8,0
2025-12-10T10:56:36.701205,21.2,61.7,1
2025-12-10T10:56:38.955965,21.2,61.8,0
2025-12-10T10:56:41.210965,21.2,61.8,1
2025-12-10T10:56:43.465856,21.2,61.8,0
2025-12-10T10:56:45.720654,21.2,61.8,0
2025-12-10T10:56:47.975731,21.2,61.8,0
2025-12-10T10:56:50.230586,21.2,61.8,0
2025-12-10T10:56:52.485385,21.2,61.8,1
2025-12-10T10:56:54.739940,21.2,61.8,0
2025-12-10T10:56:56.994883,21.2,61.8,0
2025-12-10T10:56:59.249601,21.2,61.8,0
2025-12-10T10:57:01.504643,21.2,61.8,0
2025-12-10T10:57:03.759402,21.2,61.8,0
2025-12-10T10:57:06.014258,21.2,61.7,0
2025-12-10T10:57:08.269318,21.2,61.8,1
2025-12-10T10:57:10.524155,21.2,61.8,0
2025-12-10T10:57:12.778922,21.2,61.8,0
2025-12-10T10:57:15.033996,21.2,61.7,1
2025-12-10T10:57:17.288928,21.2,61.7,0
2025-12-10T10:57:19.543595,21.2,61.7,0
2025-12-10T10:57:21.798680,21.2,61.7,0
2025-12-10T10:57:24.053519,21.2,61.8,1
2025-12-10T10:57:26.308325,21.2,61.7,0
2025-12-10T10:57:28.563326,21.2,61.8,0
2025-12-10T10:57:30.818236,21.2,61.8,0
2025-12-10T10:57:33.073154,21.2,61.8,0
2025-12-10T10:57:35.328145,21.2,61.7,0
2025-12-10T10:57:37.583006,21.2,61.8,0
2025-12-10T10:57:39.837842,21.2,61.8,0
2025-12-10T10:57:42.092871,21.2,61.7,0
2025-12-10T10:57:44.347792,21.2,61.7,1
2025-12-10T10:57:46.602586,21.2,61.8,0
2025-12-10T10:57:48.857673,21.2,61.8,0
2025-12-10T10:57:51.112554,21.2,61.8,1
2025-12-10T10:57:53.367263,21.2,61.7,0
2025-12-10T10:57:55.622186,21.2,61.8,0
2025-12-10T10:57:57.877180,21.2,61.7,1
2025-12-10T10:58:00.131942,21.2,61.8,0
2025-12-10T10:58:02.386995,21.2,61.7,0
2025-12-10T10:58:04.641862,21.2,61.7,0
2025-12-10T10:58:06.896814,21.2,61.7,0
2025-12-10T10:58:09.151895,21.2,61.7,1
2025-12-10T10:58:11.406746,21.2,61.7,0
2025-12-10T10:58:13.661532,21.2,61.7,0
2025-12-10T10:58:15.916662,21.2,61.7,1
2025-12-10T10:58:18.171535,21.2,61.7,0
2025-12-10T10:58:20.426389,21.2,61.7,0
2025-12-10T10:58:22.681476,21.2,61.7,0
2025-12-10T10:58:24.936428,21.2,61.7,0
2025-12-10T10:58:27.191228,21.2,61.7,0
2025-12-10T10:58:29.446251,21.2,61.7,1
2025-12-10T10:58:31.701143,21.2,61.7,0
2025-12-10T10:58:33.956056,21.2,61.7,1
2025-12-10T10:58:36.211118,21.2,61.7,0
2025-12-10T10:58:38.466010,21.2,61.6,0
2025-12-10T10:58:40.720848,21.2,61.7,0
2025-12-10T10:58:42.975938,21.2,61.6,0
2025-12-10T10:58:45.230815,21.2,61.7,0
2025-12-10T10:58:47.485671,21.2,61.7,0
2025-12-10T10:58:49.740772,21.2,61.7,0
2025-12-10T10:58:51.995672,21.2,61.6,1
2025-12-10T10:58:54.250462,21.2,61.7,0
2025-12-10T10:58:56.505460,21.2,61.7,0
2025-12-10T10:58:58.760352,21.2,61.7,0
2025-12-10T10:59:01.015265,21.2,61.7,0
2025-12-10T10:59:03.270289,21.2,61.7,0
2025-12-10T10:59:05.525195,21.2,61.7,1
2025-12-10T10:59:07.780070,21.2,61.7,0
2025-12-10T10:59:10.035125,21.2,61.7,1
2025-12-10T10:59:12.290038,21.2,61.7,0
2025-12-10T10:59:14.544902,21.2,61.7,0
2025-12-10T10:59:16.800028,21.2,61.7,1
2025-12-10T10:59:19.054873,21.2,61.7,0
2025-12-10T10:59:21.309691,21.2,61.7,0
2025-12-10T10:59:23.564729,21.2,61.7,1
2025-12-10T10:59:25.819647,21.2,61.7,0
2025-12-10T10:59:28.074531,21.2,61.7,1
2025-12-10T10:59:30.329521,21.2,61.7,0
2025-12-10T10:59:32.584390,21.2,61.7,0
2025-12-10T10:59:34.839280,21.2,61.7,1
2025-12-10T10:59:37.094240,21.2,61.6,0
2025-12-10T10:59:39.349102,21.2,61.6,0
2025-12-10T10:59:41.603898,21.2,61.6,0
2025-12-10T10:59:43.858893,21.2,61.6,0
2025-12-10T10:59:46.113781,21.2,61.6,1
2025-12-10T10:59:48.368633,21.2,61.5,0
2025-12-10T10:59:50.623586,21.2,61.5,0
2025-12-10T10:59:52.878485,21.2,61.5,0
2025-12-10T10:59:55.133371,21.2,61.5,0
2025-12-10T10:59:57.388445,21.2,61.5,0
2025-12-10T10:59:59.643378,21.2,61.5,0
2025-12-10T11:00:01.898300,21.2,61.5,0
2025-12-10T11:00:04.153306,21.2,61.5,0
2025-12-10T11:00:06.408158,21.2,61.5,0
2025-12-10T11:00:08.663003,21.2,61.5,1
2025-12-10T11:00:10.918080,21.2,61.5,0
2025-12-10T11:00:13.172985,21.2,61.5,1
2025-12-10T11:00:15.427841,21.2,61.5,0
2025-12-10T11:00:17.682852,21.2,61.5,0
2025-12-10T11:00:19.937787,21.2,61.5,0
2025-12-10T11:00:22.192633,21.2,61.5,0
2025-12-10T11:00:24.447656,21.2,61.5,1
2025-12-10T11:00:26.702550,21.2,61.5,0
2025-12-10T11:00:28.957430,21.2,61.5,0
2025-12-10T11:00:31.212393,21.2,61.5,1
2025-12-10T11:00:33.467304,21.2,61.5,0
2025-12-10T11:00:35.722181,21.2,61.5,0
2025-12-10T11:00:37.977292,21.2,61.5,0
2025-12-10T11:00:40.232115,21.2,61.5,0
2025-12-10T11:00:42.486926,21.2,61.5,0
2025-12-10T11:00:44.741900,21.2,61.5,0
2025-12-10T11:00:46.996919,21.2,61.5,0
2025-12-10T11:00:49.251693,21.2,61.5,1
2025-12-10T11:00:51.506736,,,0
2025-12-10T11:00:53.761596,,,0
2025-12-10T11:00:56.016510,21.2,61.5,0
2025-12-10T11:00:58.271470,21.2,61.5,0
2025-12-10T11:01:00.526348,21.2,61.5,1
2025-12-10T11:01:02.781167,21.2,61.5,0
2025-12-10T11:01:05.036271,21.2,61.5,0
2025-12-10T11:01:07.291180,21.2,61.5,0
2025-12-10T11:01:09.546019,21.2,61.5,0
2025-12-10T11:01:11.801116,21.2,61.5,1
2025-12-10T11:01:14.056004,21.2,61.5,0
2025-12-10T11:01:16.310837,21.2,61.6,0
2025-12-10T11:01:18.565881,21.2,61.5,0
2025-12-10T11:01:20.820842,21.2,61.5,0
2025-12-10T11:01:23.075696,21.2,61.5,0
2025-12-10T11:01:25.330713,21.2,61.5,0
2025-12-10T11:01:27.585571,21.2,61.5,1
2025-12-10T11:01:29.840535,21.2,61.5,0
2025-12-10T11:01:32.095542,21.2,61.5,0
2025-12-10T11:01:34.350343,21.2,61.5,0
2025-12-10T11:01:36.605180,21.2,61.5,0
2025-12-10T11:01:38.859885,21.2,61.5,0
2025-12-10T11:01:41.114751,21.2,61.5,0
2025-12-10T11:01:43.369504,21.2,61.5,0
2025-12-10T11:01:45.624562,21.2,61.5,1
2025-12-10T11:01:47.879466,21.2,61.5,0
2025-12-10T11:01:50.134299,21.2,61.5,0
2025-12-10T11:01:52.389349,21.2,61.5,0
2025-12-10T11:01:54.644276,21.2,61.5,0
2025-12-10T11:01:56.899173,21.2,61.5,0
2025-12-10T11:01:59.154266,21.2,61.5,0
2025-12-10T11:02:01.409152,21.2,61.5,0
2025-12-10T11:02:03.663994,21.2,61.5,0
2025-12-10T11:02:05.919065,21.2,61.5,0
2025-12-10T11:02:08.173929,21.2,61.5,0
2025-12-10T11:02:10.428757,21.2,61.5,0
2025-12-10T11:02:12.683760,,,0
2025-12-10T11:02:14.938668,21.2,61.5,0
2025-12-10T11:02:17.193481,21.2,61.5,0
2025-12-10T11:02:19.448508,21.2,61.5,0
2025-12-10T11:02:21.703382,21.2,61.5,1
2025-12-10T11:02:23.957746,21.2,61.5,0
2025-12-10T11:02:26.212795,21.2,61.5,0
2025-12-10T11:02:28.467670,21.2,61.5,0
2025-12-10T11:02:30.722480,21.2,61.5,1
2025-12-10T11:02:32.977508,21.2,61.5,0
2025-12-10T11:02:35.232251,21.2,61.5,0
2025-12-10T11:02:37.487039,21.2,61.5,1
2025-12-10T11:02:39.742078,21.2,61.6,0
2025-12-10T11:02:41.997046,21.2,61.6,0
2025-12-10T11:02:44.251850,21.2,61.5,0
2025-12-10T11:02:46.506813,21.2,61.5,0
2025-12-10T11:02:48.761594,21.2,61.5,0
2025-12-10T11:02:51.016545,21.2,61.5,0
2025-12-10T11:02:53.271529,21.2,61.5,0
2025-12-10T11:02:55.526451,21.2,61.5,1
2025-12-10T11:02:57.781276,21.2,61.5,0
2025-12-10T11:03:00.036370,21.2,61.5,0
2025-12-10T11:03:02.291108,21.2,61.5,0
2025-12-10T11:03:04.545973,21.2,61.5,0
2025-12-10T11:03:06.801120,21.2,61.5,0
2025-12-10T11:03:09.055866,21.2,61.5,0
2025-12-10T11:03:11.310673,21.2,61.5,0
2025-12-10T11:03:13.565708,21.2,61.5,0
2025-12-10T11:03:15.820388,21.2,61.5,0
2025-12-10T11:03:18.078853,21.2,61.5,1
2025-12-10T11:03:20.333542,21.2,61.5,0
2025-12-10T11:03:22.590865,21.2,61.5,0
2025-12-10T11:03:24.845435,21.2,61.5,0
2025-12-10T11:03:27.103056,,,0
2025-12-10T11:03:29.357599,21.2,61.5,0
2025-12-10T11:03:31.612085,21.2,61.5,0
2025-12-10T11:03:33.871115,21.2,61.5,0
2025-12-10T11:03:36.125659,21.2,61.5,0
2025-12-10T11:03:38.382837,21.2,61.5,0
2025-12-10T11:03:40.637499,21.2,61.5,0
2025-12-10T11:03:42.892129,21.2,61.5,0
2025-12-10T11:03:45.146644,21.2,61.5,0
2025-12-10T11:03:47.401324,21.2,61.5,0
2025-12-10T11:03:49.655882,21.2,61.5,0
2025-12-10T11:03:51.914922,21.2,61.6,0
2025-12-10T11:03:54.169594,21.2,61.6,0
2025-12-10T11:03:56.424145,21.2,61.5,0
2025-12-10T11:03:58.678636,21.2,61.6,0
2025-12-10T11:04:00.939131,21.2,61.6,1
2025-12-10T11:04:03.193693,21.2,61.6,0
2025-12-10T11:04:05.450839,21.2,61.6,0
2025-12-10T11:04:07.705517,21.2,61.6,0
2025-12-10T11:04:09.960148,21.2,61.6,0
2025-12-10T11:04:12.218830,21.2,61.6,0
2025-12-10T11:04:14.479006,21.2,61.6,0
2025-12-10T11:04:16.733586,21.2,61.6,0
2025-12-10T11:04:18.988152,21.2,61.6,1
2025-12-10T11:04:21.247023,21.2,61.6,0
2025-12-10T11:04:23.501586,21.2,61.6,1
2025-12-10T11:04:25.756103,21.2,61.6,0
2025-12-10T11:04:28.010877,21.2,61.6,0
2025-12-10T11:04:30.265416,21.2,61.6,0
2025-12-10T11:04:32.519932,21.2,61.6,0
2025-12-10T11:04:34.779010,21.2,61.6,1
2025-12-10T11:04:37.034979,21.2,61.6,0
2025-12-10T11:04:39.294832,21.2,61.5,0
2025-12-10T11:04:41.549500,21.2,61.5,0
2025-12-10T11:04:43.806997,21.2,61.5,0
2025-12-10T11:04:46.061494,21.2,61.5,0
2025-12-10T11:04:48.316215,21.2,61.5,0
2025-12-10T11:04:50.570903,21.2,61.5,0
2025-12-10T11:04:52.830925,21.2,61.5,0
2025-12-10T11:04:55.091039,21.2,61.5,0
2025-12-10T11:04:57.350872,21.2,61.5,0
2025-12-10T11:04:59.610839,21.2,61.5,0
2025-12-10T11:05:01.865590,21.2,61.5,0
2025-12-10T11:05:04.120145,21.2,61.5,0
2025-12-10T11:05:06.374655,21.2,61.5,0
2025-12-10T11:05:08.629351,21.2,61.5,0
2025-12-10T11:05:10.884018,21.2,61.5,0
2025-12-10T11:05:13.138485,21.2,61.5,0
2025-12-10T11:05:15.399014,21.2,61.5,0
2025-12-10T11:05:17.658887,21.2,61.5,0
2025-12-10T11:05:19.918909,21.2,61.5,0
2025-12-10T11:05:22.179015,,,0
2025-12-10T11:05:24.433585,21.2,61.5,0
2025-12-10T11:05:26.688084,21.2,61.5,0
2025-12-10T11:05:28.942865,21.2,61.5,0
2025-12-10T11:05:31.197426,21.2,61.5,0
2025-12-10T11:05:33.451926,21.2,61.4,0
2025-12-10T11:05:35.711050,21.2,61.5,1
2025-12-10T11:05:37.970911,21.2,61.4,0
2025-12-10T11:05:40.225387,21.2,61.5,1
2025-12-10T11:05:42.483054,21.2,61.5,0
2025-12-10T11:05:44.742877,21.2,61.4,0
2025-12-10T11:05:46.997469,21.2,61.5,1
2025-12-10T11:05:49.252134,21.2,61.4,0
2025-12-10T11:05:51.510877,21.2,61.4,0
2025-12-10T11:05:53.765412,21.2,61.5,0
2025-12-10T11:05:56.023114,21.2,61.5,0
2025-12-10T11:05:58.278881,21.2,61.5,1
2025-12-10T11:06:00.533379,21.2,61.5,0
2025-12-10T11:06:02.788145,21.2,61.5,0
2025-12-10T11:06:05.046968,21.2,61.5,0
2025-12-10T11:06:07.301466,21.2,61.5,0
2025-12-10T11:06:09.559015,21.2,61.5,0
2025-12-10T11:06:11.818939,21.2,61.6,0
2025-12-10T11:06:14.073434,21.2,61.5,1
2025-12-10T11:06:16.331009,21.2,61.5,0
2025-12-10T11:06:18.586919,21.2,61.5,1
2025-12-10T11:06:20.841566,21.2,61.5,0
2025-12-10T11:06:23.096308,21.2,61.5,1
2025-12-10T11:06:25.351315,21.2,61.5,0
2025-12-10T11:06:27.608941,21.2,61.5,0
2025-12-10T11:06:29.863730,21.2,61.6,0
2025-12-10T11:06:32.118269,21.2,61.6,0
2025-12-10T11:06:34.374829,21.2,61.6,1
2025-12-10T11:06:36.635067,21.2,61.5,0
2025-12-10T11:06:38.889723,21.2,61.5,0
2025-12-10T11:06:41.144315,21.2,61.5,0
2025-12-10T11:06:43.399060,21.2,61.6,0
2025-12-10T11:06:45.658944,21.2,61.6,0
2025-12-10T11:06:47.918952,21.2,61.6,0
2025-12-10T11:06:50.179096,21.2,61.6,0
2025-12-10T11:06:52.433691,21.2,61.6,1
2025-12-10T11:06:54.688204,21.2,61.6,0
2025-12-10T11:06:56.943121,21.2,61.5,1
2025-12-10T11:06:59.197997,21.2,61.5,0
2025-12-10T11:07:01.452842,21.2,61.5,0
2025-12-10T11:07:03.707830,21.2,61.5,0
2025-12-10T11:07:05.962741,21.2,61.5,0
2025-12-10T11:07:08.217557,21.2,61.5,0
2025-12-10T11:07:10.472711,21.2,61.5,0
2025-12-10T11:07:12.727462,21.2,61.5,1
2025-12-10T11:07:14.982371,21.2,61.5,0
2025-12-10T11:07:17.237416,21.2,61.5,0
2025-12-10T11:07:19.492345,21.2,61.5,0
2025-12-10T11:07:21.747280,21.2,61.5,0
2025-12-10T11:07:24.002302,21.2,61.5,0
2025-12-10T11:07:26.257054,21.2,61.5,0
2025-12-10T11:07:28.511948,21.2,61.6,0
2025-12-10T11:07:30.766914,21.2,61.5,0
2025-12-10T11:07:33.021885,21.2,61.5,0
2025-12-10T11:07:35.276642,21.2,61.5,1
2025-12-10T11:07:37.531653,21.2,61.5,0
2025-12-10T11:07:39.786709,21.2,61.5,1
2025-12-10T11:07:42.041622,21.2,61.5,0
2025-12-10T11:07:44.296666,21.2,61.6,0
2025-12-10T11:07:46.551452,21.2,61.5,0
2025-12-10T11:07:48.806361,21.2,61.5,0
2025-12-10T11:07:51.060833,21.2,61.5,0
2025-12-10T11:07:53.315541,21.2,61.6,1
2025-12-10T11:07:55.570065,21.2,61.5,0
2025-12-10T11:07:57.824911,21.2,61.5,0
2025-12-10T11:08:00.082984,21.2,61.5,0
2025-12-10T11:08:02.337507,21.2,61.5,0
2025-12-10T11:08:04.592239,21.2,61.5,0
2025-12-10T11:08:06.850957,21.2,61.5,0
2025-12-10T11:08:09.105499,21.2,61.5,1
2025-12-10T11:08:11.360202,21.2,61.5,0
2025-12-10T11:08:13.614834,21.2,61.5,0
2025-12-10T11:08:15.869430,21.2,61.5,0
2025-12-10T11:08:18.127283,21.2,61.5,0
2025-12-10T11:08:20.382169,21.2,61.5,1
2025-12-10T11:08:22.637001,21.2,61.5,0
2025-12-10T11:08:24.892117,21.2,61.5,1
2025-12-10T11:08:27.147051,21.2,61.5,0
2025-12-10T11:08:29.401885,21.2,61.6,0
2025-12-10T11:08:31.656846,21.2,61.6,0
2025-12-10T11:08:33.911892,21.2,61.5,0
2025-12-10T11:08:36.166747,21.2,61.5,1
2025-12-10T11:08:38.421785,21.2,61.5,0
2025-12-10T11:08:40.676661,21.2,61.6,0
2025-12-10T11:08:42.931507,21.2,61.5,0
2025-12-10T11:08:45.186551,21.2,61.6,1
2025-12-10T11:08:47.441372,21.2,61.6,0
2025-12-10T11:08:49.695914,21.2,61.6,0
2025-12-10T11:08:51.955109,21.2,61.6,0
2025-12-10T11:08:54.214847,21.2,61.6,0
2025-12-10T11:08:56.469342,21.2,61.6,0
2025-12-10T11:08:58.727031,21.2,61.5,1
2025-12-10T11:09:00.981742,,,0
2025-12-10T11:09:03.236513,21.2,61.6,1
2025-12-10T11:09:05.491374,21.2,61.6,0
2025-12-10T11:09:07.746153,21.2,61.6,0
2025-12-10T11:09:10.000909,21.2,61.6,1
2025-12-10T11:09:12.255785,21.2,61.5,0
2025-12-10T11:09:14.510932,21.2,61.6,1
2025-12-10T11:09:16.765425,21.2,61.5,0
2025-12-10T11:09:19.020207,21.2,61.6,0
2025-12-10T11:09:21.274779,21.2,61.6,1
2025-12-10T11:09:23.535290,21.2,61.6,0
2025-12-10T11:09:25.790134,21.2,61.6,1
2025-12-10T11:09:28.044726,21.2,61.6,0
2025-12-10T11:09:30.299300,21.2,61.6,0
2025-12-10T11:09:32.559032,21.2,61.6,0
2025-12-10T11:09:34.816141,21.2,61.6,0
2025-12-10T11:09:37.070727,21.2,61.6,1
2025-12-10T11:09:39.331099,21.2,61.6,0
2025-12-10T11:09:41.585649,21.2,61.6,0
2025-12-10T11:09:43.840279,21.2,61.6,0
2025-12-10T11:09:46.095012,21.2,61.6,0
2025-12-10T11:09:48.354913,21.2,61.6,0
2025-12-10T11:09:50.609398,21.2,61.6,0
2025-12-10T11:09:52.867180,21.2,61.6,1
2025-12-10T11:09:55.121759,21.2,61.6,0
2025-12-10T11:09:57.378847,21.2,61.6,0
2025-12-10T11:09:59.633593,21.2,61.6,0
2025-12-10T11:10:01.888508,21.2,61.5,0
2025-12-10T11:10:04.143377,21.2,61.6,0
2025-12-10T11:10:06.398395,21.2,61.5,0
2025-12-10T11:10:08.653332,21.2,61.6,0
2025-12-10T11:10:10.908297,21.2,61.6,0
2025-12-10T11:10:13.163361,21.2,61.6,0
2025-12-10T11:10:15.418284,21.2,61.6,0
2025-12-10T11:10:17.673173,21.2,61.5,0
2025-12-10T11:10:19.928271,21.2,61.6,0
2025-12-10T11:10:22.183085,,,0
2025-12-10T11:10:24.437608,21.2,61.6,0
2025-12-10T11:10:26.692325,21.2,61.5,0
2025-12-10T11:10:28.947589,21.2,61.6,0
2025-12-10T11:10:31.202201,21.2,61.6,0
2025-12-10T11:10:33.457249,21.2,61.6,0
2025-12-10T11:10:35.711939,21.2,61.6,0
2025-12-10T11:10:37.966942,21.2,61.5,1
2025-12-10T11:10:40.221690,21.2,61.6,0
2025-12-10T11:10:42.476289,21.2,61.6,0
2025-12-10T11:10:44.734823,21.2,61.6,0
2025-12-10T11:10:46.991186,21.2,61.6,0
2025-12-10T11:10:49.245768,21.2,61.6,1
2025-12-10T11:10:51.502855,21.2,61.5,0
2025-12-10T11:10:53.763082,21.2,61.6,0
2025-12-10T11:10:56.022967,21.2,61.8,0
2025-12-10T11:10:58.282831,21.2,61.6,0
2025-12-10T11:11:00.537543,21.2,61.6,0
2025-12-10T11:11:02.795053,21.2,61.6,0
2025-12-10T11:11:05.049585,21.2,61.6,1
2025-12-10T11:11:07.304287,21.2,61.6,0
2025-12-10T11:11:09.559252,21.2,61.6,1
2025-12-10T11:11:11.814114,21.2,61.6,0
2025-12-10T11:11:14.069118,21.2,61.6,0
2025-12-10T11:11:16.324028,21.2,61.6,1
2025-12-10T11:11:18.578828,21.2,61.5,0
2025-12-10T11:11:20.833929,21.2,61.6,0
2025-12-10T11:11:23.088951,21.2,61.6,1
2025-12-10T11:11:25.343748,21.2,61.5,0
2025-12-10T11:11:27.598769,21.2,61.6,0
2025-12-10T11:11:29.853718,21.2,61.6,1
2025-12-10T11:11:32.108536,21.2,61.6,0
2025-12-10T11:11:34.363545,21.2,61.6,0
2025-12-10T11:11:36.618435,21.2,61.6,0
2025-12-10T11:11:38.873315,21.2,61.6,0
2025-12-10T11:11:41.128358,21.2,61.6,0
2025-12-10T11:11:43.383345,21.2,61.6,0
2025-12-10T11:11:45.638165,21.2,61.6,0
2025-12-10T11:11:47.893289,21.2,61.6,0
2025-12-10T11:11:50.148232,21.2,61.6,1
2025-12-10T11:11:52.403072,21.2,61.6,0
2025-12-10T11:11:54.658124,21.2,61.6,1
2025-12-10T11:11:56.913150,21.2,61.6,0
2025-12-10T11:11:59.167937,21.2,61.5,0
2025-12-10T11:12:01.422953,21.2,61.5,0
2025-12-10T11:12:03.677799,21.2,61.5,0
2025-12-10T11:12:05.932744,21.2,61.5,0
2025-12-10T11:12:08.187782,21.2,61.6,0
2025-12-10T11:12:10.442690,21.2,61.5,0
2025-12-10T11:12:12.697497,21.2,61.5,0
2025-12-10T11:12:14.952674,21.2,61.5,1
2025-12-10T11:12:17.207562,21.2,61.5,0
2025-12-10T11:12:19.462279,21.2,61.5,0
2025-12-10T11:12:21.717048,21.2,61.5,1
2025-12-10T11:12:23.971998,21.2,61.5,0
2025-12-10T11:12:26.226775,21.2,61.5,0
2025-12-10T11:12:28.481864,21.2,61.5,0
2025-12-10T11:12:30.736467,21.2,61.5,0
2025-12-10T11:12:32.991038,21.2,61.5,0
2025-12-10T11:12:35.245769,21.2,61.5,0
2025-12-10T11:12:37.502897,21.2,61.5,0
2025-12-10T11:12:39.757424,21.2,61.5,0
2025-12-10T11:12:42.015119,21.2,61.5,0
2025-12-10T11:12:44.269801,21.2,61.5,1
2025-12-10T11:12:46.524279,21.2,61.5,0
2025-12-10T11:12:48.778995,21.2,61.5,1
2025-12-10T11:12:51.037469,21.2,61.5,0
2025-12-10T11:12:53.291994,21.2,61.5,0
2025-12-10T11:12:55.546711,21.2,61.5,0
2025-12-10T11:12:57.801439,21.2,61.5,0
2025-12-10T11:13:00.055939,21.2,61.6,1
2025-12-10T11:13:02.315038,21.2,61.6,0
2025-12-10T11:13:04.569606,21.2,61.5,0
2025-12-10T11:13:06.824220,21.2,61.5,0
2025-12-10T11:13:09.083025,21.2,61.5,0
2025-12-10T11:13:11.337618,21.2,61.5,1
2025-12-10T11:13:13.594826,21.2,61.5,0
2025-12-10T11:13:15.849651,21.2,61.5,0
2025-12-10T11:13:18.104217,21.2,61.5,0
2025-12-10T11:13:20.358788,21.2,61.5,0
2025-12-10T11:13:22.613483,21.2,61.5,0
2025-12-10T11:13:24.871007,21.2,61.5,0
2025-12-10T11:13:27.125512,21.2,61.5,0
2025-12-10T11:13:29.380253,21.2,61.5,1
2025-12-10T11:13:31.635128,21.2,61.5,0
2025-12-10T11:13:33.889957,21.2,61.5,0
2025-12-10T11:13:36.144942,21.2,61.5,1
2025-12-10T11:13:38.399847,21.2,61.5,0
2025-12-10T11:13:40.654636,21.2,61.5,0
2025-12-10T11:13:42.909826,21.2,61.5,1
2025-12-10T11:13:45.164728,21.2,61.5,0
2025-12-10T11:13:47.419597,21.2,61.5,0
2025-12-10T11:13:49.674640,21.2,61.5,0
2025-12-10T11:13:51.929614,21.2,61.5,0
2025-12-10T11:13:54.184494,21.2,61.5,0
2025-12-10T11:13:56.439469,21.2,61.5,0
2025-12-10T11:13:58.694381,21.2,61.5,0
2025-12-10T11:14:00.949297,21.2,61.5,0
2025-12-10T11:14:03.204300,21.2,61.5,0
2025-12-10T11:14:05.459249,21.2,61.5,1
2025-12-10T11:14:07.714068,21.2,61.5,0
2025-12-10T11:14:09.969194,21.2,61.5,0
2025-12-10T11:14:12.224084,21.2,61.5,0
2025-12-10T11:14:14.478906,21.2,61.5,0
2025-12-10T11:14:16.733977,21.2,61.5,0
2025-12-10T11:14:18.988989,21.2,61.5,0
2025-12-10T11:14:21.243814,21.2,61.5,0
2025-12-10T11:14:23.498830,21.2,61.5,0
2025-12-10T11:14:25.753696,21.2,61.5,0
2025-12-10T11:14:28.008600,21.2,61.5,0
2025-12-10T11:14:30.263535,21.2,61.5,0
2025-12-10T11:14:32.518365,21.2,61.5,0
2025-12-10T11:14:34.773025,21.2,61.5,0
2025-12-10T11:14:37.028010,21.2,61.5,0
2025-12-10T11:14:39.282780,21.2,61.5,0
2025-12-10T11:14:41.537502,21.2,61.5,0
2025-12-10T11:14:43.792596,21.2,61.5,0
2025-12-10T11:14:46.047432,21.2,61.5,0
2025-12-10T11:14:48.302176,21.2,61.5,0
2025-12-10T11:14:50.557128,21.2,61.5,1
2025-12-10T11:14:52.812007,21.2,61.5,0
2025-12-10T11:14:55.066748,21.2,61.5,0
2025-12-10T11:14:57.321699,21.2,61.5,0
2025-12-10T11:14:59.576501,21.2,61.5,0
2025-12-10T11:15:01.831343,21.2,61.5,0
2025-12-10T11:15:04.086305,21.2,61.5,0
2025-12-10T11:15:06.341098,21.2,61.5,1
2025-12-10T11:15:08.595836,21.2,61.5,0
2025-12-10T11:15:10.850677,21.2,61.5,0
2025-12-10T11:15:13.105229,21.2,61.5,0
2025-12-10T11:15:15.359739,21.2,61.5,1
2025-12-10T11:15:17.619012,21.2,61.5,0
2025-12-10T11:15:19.878953,21.2,61.5,0
2025-12-10T11:15:22.138841,21.2,61.5,0
2025-12-10T11:15:24.393540,21.2,61.5,0
2025-12-10T11:15:26.650890,21.2,61.5,0
2025-12-10T11:15:28.910934,21.2,61.5,0
2025-12-10T11:15:31.165634,21.2,61.5,0
2025-12-10T11:15:33.422885,21.2,61.5,0
2025-12-10T11:15:35.677390,21.2,61.5,0
2025-12-10T11:15:37.932151,21.2,61.5,0
2025-12-10T11:15:40.186732,21.2,61.5,0
2025-12-10T11:15:42.441212,21.2,61.5,1
2025-12-10T11:15:44.695910,21.2,61.5,0
2025-12-10T11:15:46.950564,21.2,61.5,0
2025-12-10T11:15:49.205050,21.2,61.5,1
2025-12-10T11:15:51.459740,21.2,61.5,0
2025-12-10T11:15:53.714335,21.2,61.5,0
2025-12-10T11:15:55.968883,21.2,61.5,0
2025-12-10T11:15:58.223569,21.2,61.5,0
2025-12-10T11:16:00.482856,21.2,61.5,0
2025-12-10T11:16:02.742833,21.2,61.5,0
2025-12-10T11:16:04.997578,21.2,61.5,0
2025-12-10T11:16:07.255125,21.2,61.5,0
2025-12-10T11:16:09.509851,21.2,61.5,0
2025-12-10T11:16:11.764640,21.2,61.5,0
2025-12-10T11:16:14.022978,21.2,61.5,0
2025-12-10T11:16:16.282836,21.2,61.5,1
2025-12-10T11:16:18.537577,21.2,61.5,0
2025-12-10T11:16:20.795077,21.2,61.5,1
2025-12-10T11:16:23.053033,21.2,61.5,0
2025-12-10T11:16:25.307737,21.2,61.5,0
2025-12-10T11:16:27.562348,21.2,61.5,0
2025-12-10T11:16:29.822929,21.2,61.5,0
2025-12-10T11:16:32.079124,21.2,61.5,0
2025-12-10T11:16:34.333703,21.2,61.5,0
2025-12-10T11:16:36.588200,21.2,61.5,0
2025-12-10T11:16:38.843016,21.2,61.5,0
2025-12-10T11:16:41.097668,21.2,61.5,0
2025-12-10T11:16:43.352180,21.2,61.5,1
2025-12-10T11:16:45.606889,21.2,61.5,0
2025-12-10T11:16:47.866973,21.2,61.5,0
2025-12-10T11:16:50.126844,21.2,61.5,1
2025-12-10T11:16:52.381517,21.2,61.5,0
2025-12-10T11:16:54.638884,21.2,61.5,0
2025-12-10T11:16:56.893510,21.2,61.5,0
2025-12-10T11:16:59.151105,21.2,61.5,0
2025-12-10T11:17:01.410860,21.2,61.5,0
2025-12-10T11:17:03.670831,21.2,61.5,0
2025-12-10T11:17:05.931202,21.2,61.5,0
2025-12-10T11:17:08.185800,21.2,61.5,0
2025-12-10T11:17:10.440333,21.2,61.5,0
2025-12-10T11:17:12.695288,21.2,61.5,0
2025-12-10T11:17:14.950210,21.2,61.5,1
2025-12-10T11:17:17.205077,21.2,61.5,0
2025-12-10T11:17:19.460048,21.2,61.5,1
2025-12-10T11:17:21.714923,,,0
2025-12-10T11:17:23.969781,21.2,61.5,1
2025-12-10T11:17:26.224855,21.2,61.5,0
2025-12-10T11:17:28.479821,21.2,61.5,0
2025-12-10T11:17:30.734603,21.2,61.5,0
2025-12-10T11:17:32.989690,21.2,61.5,0
2025-12-10T11:17:35.244562,21.2,61.5,0
2025-12-10T11:17:37.499351,21.2,61.5,0
2025-12-10T11:17:39.754416,21.2,61.5,0
2025-12-10T11:17:42.009320,21.2,61.5,0
2025-12-10T11:17:44.264079,21.2,61.5,1
2025-12-10T11:17:46.519019,21.2,61.5,0
2025-12-10T11:17:48.773822,21.2,61.5,0
2025-12-10T11:17:51.028675,21.2,61.5,1
2025-12-10T11:17:53.283537,21.2,61.5,0
2025-12-10T11:17:55.538250,21.2,61.5,0
2025-12-10T11:17:57.793189,21.2,61.5,0
2025-12-10T11:18:00.048188,21.2,61.5,0
2025-12-10T11:18:02.303087,21.2,61.5,0
2025-12-10T11:18:04.557948,21.2,61.5,0
2025-12-10T11:18:06.813049,21.2,61.5,0
2025-12-10T11:18:09.068007,21.2,61.5,0
2025-12-10T11:18:11.322798,21.2,61.5,0
2025-12-10T11:18:13.577804,21.2,61.5,0
2025-12-10T11:18:15.832672,21.2,61.5,0
2025-12-10T11:18:18.087533,21.2,61.5,0
2025-12-10T11:18:20.342303,21.2,61.5,0
2025-12-10T11:18:22.597197,21.2,61.5,0
2025-12-10T11:18:24.852098,21.2,61.5,1
2025-12-10T11:18:27.107090,,,0
2025-12-10T11:18:29.361940,21.2,61.5,0
2025-12-10T11:18:31.616736,21.2,61.5,0
2025-12-10T11:18:33.871789,21.2,61.5,0
2025-12-10T11:18:36.126778,21.2,61.5,0
2025-12-10T11:18:38.381621,21.2,61.5,0
2025-12-10T11:18:40.636770,21.2,61.5,0
2025-12-10T11:18:42.891706,21.2,61.5,0
2025-12-10T11:18:45.146545,21.2,61.5,0
2025-12-10T11:18:47.401483,21.2,61.5,0
2025-12-10T11:18:49.656288,21.2,61.5,0
2025-12-10T11:18:51.911090,21.2,61.5,0
2025-12-10T11:18:54.165782,21.2,61.5,0
2025-12-10T11:18:56.420650,21.2,61.4,0
2025-12-10T11:18:58.675533,21.2,61.5,0
2025-12-10T11:19:00.930596,21.2,61.5,0
2025-12-10T11:19:03.185469,21.2,61.5,0
2025-12-10T11:19:05.440229,21.2,61.5,0
2025-12-10T11:19:07.695230,21.2,61.5,0
2025-12-10T11:19:09.950192,21.2,61.5,0
2025-12-10T11:19:12.205052,21.2,61.5,0
2025-12-10T11:19:14.460019,21.2,61.5,0
2025-12-10T11:19:16.714974,21.2,61.5,0
2025-12-10T11:19:18.969847,21.2,61.5,0
2025-12-10T11:19:21.224857,21.2,61.5,0
2025-12-10T11:19:23.479611,21.2,61.5,0
2025-12-10T11:19:25.734380,21.2,61.5,0
2025-12-10T11:19:27.989333,21.2,61.5,1
2025-12-10T11:19:30.244183,21.2,61.5,0
2025-12-10T11:19:32.498960,21.2,61.5,0
2025-12-10T11:19:34.753923,21.2,61.5,1
2025-12-10T11:19:37.008859,21.2,61.5,0
2025-12-10T11:19:39.263636,21.2,61.5,0
2025-12-10T11:19:41.518601,21.2,61.5,0
2025-12-10T11:19:43.773405,21.2,61.5,0
2025-12-10T11:19:46.028179,21.2,61.5,0
2025-12-10T11:19:48.283080,21.2,61.5,0
2025-12-10T11:19:50.537947,21.2,61.5,0
2025-12-10T11:19:52.792615,21.2,61.5,0
2025-12-10T11:19:55.051062,21.2,61.5,1
2025-12-10T11:19:57.305661,21.2,61.5,0
2025-12-10T11:19:59.560147,21.2,61.5,0
2025-12-10T11:20:01.814940,21.2,61.5,0
2025-12-10T11:20:04.069534,21.2,61.5,0
2025-12-10T11:20:06.324031,21.2,61.5,0
2025-12-10T11:20:08.578715,21.2,61.5,0
2025-12-10T11:20:10.838955,21.2,61.5,0
2025-12-10T11:20:13.098818,21.2,61.5,0
2025-12-10T11:20:15.353528,21.2,61.5,0
2025-12-10T11:20:17.608080,21.2,61.5,0
2025-12-10T11:20:19.862648,21.2,61.5,0
2025-12-10T11:20:22.117338,21.2,61.5,0
2025-12-10T11:20:24.371914,21.2,61.5,0
2025-12-10T11:20:26.630881,21.2,61.5,0
2025-12-10T11:20:28.891116,21.2,61.5,0
2025-12-10T11:20:31.145740,21.2,61.6,0
2025-12-10T11:20:33.400322,21.2,61.5,0
2025-12-10T11:20:35.655323,21.2,61.5,0
2025-12-10T11:20:37.913049,21.2,61.5,0
2025-12-10T11:20:40.167549,21.2,61.5,0
2025-12-10T11:20:42.422223,21.2,61.5,0
2025-12-10T11:20:44.676802,21.2,61.5,0
2025-12-10T11:20:46.934934,21.2,61.5,1
2025-12-10T11:20:49.189611,21.2,61.5,0
2025-12-10T11:20:51.444165,21.2,61.5,0
2025-12-10T11:20:53.702914,21.2,61.5,0
2025-12-10T11:20:55.957679,21.2,61.5,0
2025-12-10T11:20:58.214933,21.2,61.5,0
2025-12-10T11:21:00.474823,21.2,61.5,1
2025-12-10T11:21:02.729506,21.2,61.5,0
2025-12-10T11:21:04.986945,21.2,61.5,0
2025-12-10T11:21:07.241425,21.2,61.5,0
2025-12-10T11:21:09.496093,21.2,61.5,0
2025-12-10T11:21:11.750676,21.2,61.5,0
2025-12-10T11:21:14.010875,21.2,61.5,0
2025-12-10T11:21:16.265565,21.2,61.5,1
2025-12-10T11:21:18.520152,21.2,61.5,0
2025-12-10T11:21:20.778845,21.2,61.5,0
2025-12-10T11:21:23.033630,21.2,61.5,0
2025-12-10T11:21:25.288173,21.2,61.5,0
2025-12-10T11:21:27.542651,21.2,61.5,1
2025-12-10T11:21:29.797463,21.2,61.5,0
2025-12-10T11:21:32.052031,21.2,61.5,0
2025-12-10T11:21:34.310791,21.2,61.5,0
2025-12-10T11:21:36.565474,21.2,61.5,0
2025-12-10T11:21:38.822987,21.2,61.5,0
2025-12-10T11:21:41.077541,21.2,61.5,0
2025-12-10T11:21:43.335016,,,0
2025-12-10T11:21:45.589548,21.2,61.5,0
2025-12-10T11:21:47.846912,21.2,61.5,0
2025-12-10T11:21:50.101547,21.2,61.5,0
2025-12-10T11:21:52.359071,21.2,61.5,0
2025-12-10T11:21:54.613801,21.2,61.5,1
2025-12-10T11:21:56.868851,21.2,61.5,0
2025-12-10T11:21:59.123670,21.2,61.5,0
2025-12-10T11:22:01.378376,21.2,61.5,1
2025-12-10T11:22:03.633301,21.2,61.5,0
2025-12-10T11:22:05.888178,21.2,61.5,0
2025-12-10T11:22:08.142897,21.2,61.5,0
2025-12-10T11:22:10.397802,21.2,61.5,0
2025-12-10T11:22:12.652633,21.2,61.5,0
2025-12-10T11:22:14.907436,21.2,61.5,0
2025-12-10T11:22:17.162473,21.2,61.5,0
2025-12-10T11:22:19.417391,21.2,61.5,0
2025-12-10T11:22:21.671959,21.2,61.5,1
2025-12-10T11:22:23.926709,21.2,61.5,0
2025-12-10T11:22:26.186854,21.2,61.5,0
2025-12-10T11:22:28.446835,21.2,61.5,0
2025-12-10T11:22:30.701515,21.2,61.5,0
2025-12-10T11:22:32.958964,21.2,61.5,0
2025-12-10T11:22:35.213427,21.2,61.5,0
2025-12-10T11:22:37.470989,21.2,61.5,1
2025-12-10T11:22:39.725537,21.2,61.5,0
2025-12-10T11:22:41.980070,21.2,61.5,1
2025-12-10T11:22:44.235036,,,0
2025-12-10T11:22:46.489584,21.2,61.5,0
2025-12-10T11:22:48.744056,21.2,61.5,1
2025-12-10T11:22:51.003103,21.2,61.5,0
2025-12-10T11:22:53.257659,21.2,61.5,1
2025-12-10T11:22:55.512152,21.2,61.5,0
2025-12-10T11:22:57.771000,21.2,61.5,0
2025-12-10T11:23:00.025616,21.2,61.5,0
2025-12-10T11:23:02.280115,21.2,61.5,0
2025-12-10T11:23:04.538986,21.2,61.5,0
2025-12-10T11:23:06.793642,21.2,61.5,0
2025-12-10T11:23:09.048118,21.2,61.5,1
2025-12-10T11:23:11.302777,21.2,61.5,0
2025-12-10T11:23:13.562838,21.2,61.5,0
2025-12-10T11:23:15.817419,21.2,61.5,0
2025-12-10T11:23:18.072085,21.2,61.5,0
2025-12-10T11:23:20.330873,21.2,61.5,0
2025-12-10T11:23:22.590800,21.2,61.5,0
2025-12-10T11:23:24.851089,21.2,61.5,0
2025-12-10T11:23:27.105657,21.2,61.5,0
2025-12-10T11:23:29.362829,21.2,61.5,1
2025-12-10T11:23:31.617487,21.2,61.5,0
2025-12-10T11:23:33.874977,21.2,61.5,0
2025-12-10T11:23:36.129478,21.2,61.5,1
2025-12-10T11:23:38.384137,21.2,61.5,0
2025-12-10T11:23:40.642840,21.2,61.5,0
2025-12-10T11:23:42.897393,21.2,61.5,0
2025-12-10T11:23:45.152085,21.2,61.5,0
2025-12-10T11:23:47.406793,21.2,61.5,1
2025-12-10T11:23:49.661628,21.2,61.5,0
2025-12-10T11:23:51.916776,21.2,61.5,0
2025-12-10T11:23:54.171690,21.2,61.5,0
2025-12-10T11:23:56.426556,21.2,61.5,0
2025-12-10T11:23:58.681559,21.2,61.5,1
2025-12-10T11:24:00.936561,21.2,61.5,0
2025-12-10T11:24:03.191365,21.2,61.5,0
2025-12-10T11:24:05.446425,21.2,61.5,0
2025-12-10T11:24:07.701324,21.2,61.5,0
2025-12-10T11:24:09.956206,21.2,61.5,0
2025-12-10T11:24:12.211217,21.2,61.5,0
2025-12-10T11:24:14.466087,21.2,61.5,0
2025-12-10T11:24:16.720915,21.2,61.5,0
2025-12-10T11:24:18.975995,21.2,61.5,0
2025-12-10T11:24:21.230872,21.2,61.5,0
2025-12-10T11:24:23.485669,21.2,61.5,0
2025-12-10T11:24:25.740722,21.2,61.5,0
2025-12-10T11:24:27.995685,21.2,61.5,0
2025-12-10T11:24:30.250469,21.2,61.5,1
2025-12-10T11:24:32.505488,21.2,61.5,0
2025-12-10T11:24:34.760339,21.2,61.5,1
2025-12-10T11:24:37.015259,21.2,61.5,0
2025-12-10T11:24:39.270143,21.2,61.5,0
2025-12-10T11:24:41.524966,21.2,61.5,0
2025-12-10T11:24:43.779694,21.2,61.5,0
2025-12-10T11:24:46.034689,21.2,61.5,0
2025-12-10T11:24:48.289526,21.2,61.5,0
2025-12-10T11:24:50.544297,21.2,61.5,0
2025-12-10T11:24:52.799257,21.2,61.5,0
2025-12-10T11:24:55.053823,21.2,61.5,0
2025-12-10T11:24:57.310833,21.2,61.5,0
2025-12-10T11:24:59.565494,21.2,61.5,0
2025-12-10T11:25:01.820114,21.2,61.5,0
2025-12-10T11:25:04.078818,21.2,61.5,0
2025-12-10T11:25:06.333507,21.2,61.5,0
2025-12-10T11:25:08.588057,21.2,61.5,0
2025-12-10T11:25:10.846983,21.2,61.5,0
2025-12-10T11:25:13.107037,21.2,61.5,0
2025-12-10T11:25:15.363051,21.2,61.5,0
2025-12-10T11:25:17.617858,21.2,61.5,0
2025-12-10T11:25:19.872965,21.2,61.4,0
2025-12-10T11:25:22.127636,21.2,61.5,0
2025-12-10T11:25:24.382138,21.2,61.5,0
2025-12-10T11:25:26.639046,21.2,61.5,0
2025-12-10T11:25:28.898944,21.2,61.5,0
2025-12-10T11:25:31.153418,21.2,61.5,0
2025-12-10T11:25:33.408103,21.2,61.4,0
2025-12-10T11:25:35.662648,21.2,61.5,0
2025-12-10T11:25:37.922882,21.2,61.5,0
2025-12-10T11:25:40.183034,21.2,61.5,0
2025-12-10T11:25:42.442833,21.2,61.5,0
2025-12-10T11:25:44.697321,21.2,61.4,0
2025-12-10T11:25:46.952099,21.2,61.5,0
2025-12-10T11:25:49.210819,21.2,61.5,0
2025-12-10T11:25:51.465285,21.2,61.5,0
2025-12-10T11:25:53.719970,21.2,61.4,0
2025-12-10T11:25:55.974590,21.2,61.5,0
2025-12-10T11:25:58.234795,21.2,61.4,0
2025-12-10T11:26:00.495020,21.2,61.5,0
2025-12-10T11:26:02.749572,21.2,61.5,0
2025-12-10T11:26:05.004134,21.2,61.5,0
2025-12-10T11:26:07.258799,21.2,61.4,0
2025-12-10T11:26:09.518824,21.2,61.5,0
2025-12-10T11:26:11.778796,21.2,61.4,0
2025-12-10T11:26:14.033550,21.2,61.5,0
2025-12-10T11:26:16.288111,21.2,61.5,0
2025-12-10T11:26:18.546793,21.2,61.4,1
2025-12-10T11:26:20.807099,21.2,61.4,0
2025-12-10T11:26:23.061726,21.2,61.4,0
2025-12-10T11:26:25.316193,21.2,61.5,0
2025-12-10T11:26:27.570884,21.2,61.4,0
2025-12-10T11:26:29.825592,21.2,61.5,0
2025-12-10T11:26:32.080357,21.2,61.4,0
2025-12-10T11:26:34.335461,21.2,61.4,1
2025-12-10T11:26:36.590398,21.2,61.4,0
2025-12-10T11:26:38.844973,21.2,61.4,0
2025-12-10T11:26:41.100071,21.2,61.4,0
2025-12-10T11:26:43.354958,21.2,61.4,0
2025-12-10T11:26:45.609789,21.2,61.4,1
2025-12-10T11:26:47.864846,21.2,61.4,0
2025-12-10T11:26:50.119742,21.2,61.4,0
2025-12-10T11:26:52.374578,21.2,61.5,0
2025-12-10T11:26:54.629565,21.2,61.5,0
2025-12-10T11:26:56.884599,21.2,61.5,0
2025-12-10T11:26:59.139475,21.2,61.4,0
2025-12-10T11:27:01.394531,21.2,61.4,0
2025-12-10T11:27:03.649043,21.2,61.5,0
2025-12-10T11:27:05.904011,21.2,61.4,0
2025-12-10T11:27:08.159027,21.2,61.4,0
2025-12-10T11:27:10.413887,21.2,61.5,0
2025-12-10T11:27:12.668444,21.2,61.4,0
2025-12-10T11:27:14.927136,21.2,61.4,0
2025-12-10T11:27:17.181686,21.2,61.4,0
2025-12-10T11:27:19.436161,21.2,61.4,0
2025-12-10T11:27:21.690907,21.2,61.4,0
2025-12-10T11:27:23.950964,21.2,61.4,0
2025-12-10T11:27:26.205442,21.2,61.4,0
2025-12-10T11:27:28.463037,21.2,61.4,1
2025-12-10T11:27:30.717589,21.2,61.4,0
2025-12-10T11:27:32.972153,21.2,61.4,0
2025-12-10T11:27:35.226853,21.2,61.4,0
2025-12-10T11:27:37.481387,21.2,61.4,0
2025-12-10T11:27:39.738857,21.2,61.5,0
2025-12-10T11:27:41.999116,,,0
2025-12-10T11:27:44.254919,21.2,61.5,0
2025-12-10T11:27:46.514807,21.2,61.4,1
2025-12-10T11:27:48.769521,21.2,61.4,0
2025-12-10T11:27:51.026941,21.2,61.4,0
2025-12-10T11:27:53.286808,21.2,61.4,1
2025-12-10T11:27:55.541495,21.2,61.5,0
2025-12-10T11:27:57.796204,21.2,61.4,0
2025-12-10T11:28:00.054864,21.2,61.5,1
2025-12-10T11:28:02.309566,21.2,61.4,0
2025-12-10T11:28:04.566876,21.2,61.5,1
2025-12-10T11:28:06.821503,21.2,61.5,0
2025-12-10T11:28:09.079046,21.2,61.4,0
2025-12-10T11:28:11.333602,21.2,61.5,0
2025-12-10T11:28:13.590834,21.2,61.5,0
2025-12-10T11:28:15.845616,21.2,61.5,0
2025-12-10T11:28:18.100186,21.2,61.5,1
2025-12-10T11:28:20.354703,21.2,61.5,0
2025-12-10T11:28:22.609416,21.2,61.5,0
2025-12-10T11:28:24.866942,21.2,61.5,1
2025-12-10T11:28:27.121423,21.2,61.5,0
2025-12-10T11:28:29.376113,21.2,61.5,0
2025-12-10T11:28:31.630714,21.2,61.5,0
2025-12-10T11:28:33.890923,21.2,61.5,0
2025-12-10T11:28:36.151045,21.2,61.5,1
2025-12-10T11:28:38.410848,21.2,61.5,0
2025-12-10T11:28:40.665374,21.2,61.5,0
2025-12-10T11:28:42.920201,21.2,61.5,1
2025-12-10T11:28:45.178872,21.2,61.4,0
2025-12-10T11:28:47.433373,21.2,61.4,1
2025-12-10T11:28:49.688095,21.2,61.4,0
2025-12-10T11:28:51.946938,21.2,61.5,0
2025-12-10T11:28:54.206829,21.2,61.5,1
2025-12-10T11:28:56.467035,,,0
2025-12-10T11:28:58.721603,21.2,61.4,0
2025-12-10T11:29:00.978947,21.2,61.4,0
2025-12-10T11:29:03.233646,21.2,61.4,0
2025-12-10T11:29:05.488195,21.2,61.4,0
2025-12-10T11:29:07.742702,21.2,61.4,0
2025-12-10T11:29:10.003132,21.2,61.4,1
2025-12-10T11:29:12.258927,21.2,61.4,0
2025-12-10T11:29:14.513400,21.2,61.4,0
2025-12-10T11:29:16.768140,21.2,61.4,1
2025-12-10T11:29:19.023009,21.3,61.4,0
2025-12-10T11:29:21.277534,21.2,61.4,0
2025-12-10T11:29:23.532205,21.2,61.4,0
2025-12-10T11:29:25.786883,21.2,61.4,0
2025-12-10T11:29:28.046861,21.2,61.4,0
2025-12-10T11:29:30.307050,21.2,61.4,0
2025-12-10T11:29:32.561615,21.2,61.4,1
2025-12-10T11:29:34.816206,21.2,61.4,0
2025-12-10T11:29:37.070899,21.2,61.4,0
2025-12-10T11:29:39.325446,21.2,61.4,0
2025-12-10T11:29:41.579916,21.2,61.4,0
2025-12-10T11:29:43.839109,21.2,61.4,0
2025-12-10T11:29:46.093668,21.2,61.4,0
2025-12-10T11:29:48.350828,21.2,61.4,1
2025-12-10T11:29:50.605510,21.2,61.4,0
2025-12-10T11:29:52.862970,21.2,61.4,1
2025-12-10T11:29:55.117458,21.2,61.4,0
2025-12-10T11:29:57.375053,21.2,61.4,0
2025-12-10T11:29:59.629634,21.2,61.4,1
2025-12-10T11:30:01.886928,21.2,61.4,0
2025-12-10T11:30:04.147036,21.2,61.4,0
2025-12-10T11:30:06.401594,21.2,61.4,0
2025-12-10T11:30:08.656085,21.2,61.4,0
2025-12-10T11:30:10.915152,21.2,61.4,0
2025-12-10T11:30:13.169707,21.2,61.4,0
2025-12-10T11:30:15.424176,21.2,61.4,1
2025-12-10T11:30:17.678862,21.2,61.4,0
2025-12-10T11:30:19.938914,21.2,61.4,0
2025-12-10T11:30:22.193451,21.2,61.4,0
2025-12-10T11:30:24.448121,21.2,61.4,0
2025-12-10T11:30:26.706849,21.2,61.4,0
2025-12-10T11:30:28.966946,21.2,61.4,0
2025-12-10T11:30:31.227026,21.2,61.4,1
2025-12-10T11:30:33.481603,21.2,61.4,0
2025-12-10T11:30:35.738869,21.2,61.4,0
2025-12-10T11:30:37.999116,21.2,61.4,1
2025-12-10T11:30:40.258867,21.2,61.4,0
2025-12-10T11:30:42.513352,21.2,61.4,0
2025-12-10T11:30:44.771067,21.2,61.4,0
2025-12-10T11:30:47.031040,21.2,61.4,0
2025-12-10T11:30:49.290823,21.2,61.4,1
2025-12-10T11:30:51.545497,21.2,61.4,0
2025-12-10T11:30:53.802973,21.2,61.4,1
2025-12-10T11:30:56.062872,21.2,61.4,0
2025-12-10T11:30:58.323038,21.2,61.4,1
2025-12-10T11:31:00.577584,21.2,61.4,0
2025-12-10T11:31:02.832175,21.2,61.4,0
2025-12-10T11:31:05.086940,21.2,61.4,0
2025-12-10T11:31:07.341504,21.2,61.4,0
2025-12-10T11:31:09.598837,21.2,61.4,1
2025-12-10T11:31:11.853595,21.2,61.4,0
2025-12-10T11:31:14.108170,21.2,61.4,1
2025-12-10T11:31:16.362701,21.2,61.4,0
2025-12-10T11:31:18.623008,21.3,61.4,0
2025-12-10T11:31:20.882930,21.2,61.4,0
2025-12-10T11:31:23.137411,21.2,61.4,0
2025-12-10T11:31:25.395061,21.2,61.3,0
2025-12-10T11:31:27.649619,21.2,61.4,0
2025-12-10T11:31:29.906915,21.2,61.4,0
2025-12-10T11:31:32.167016,21.2,61.4,0
2025-12-10T11:31:34.426860,21.2,61.4,0
2025-12-10T11:31:36.686867,21.2,61.3,0
2025-12-10T11:31:38.941630,21.2,61.4,0
2025-12-10T11:31:41.196184,21.2,61.4,0
2025-12-10T11:31:43.450678,21.2,61.4,0
2025-12-10T11:31:45.711023,21.2,61.4,0
2025-12-10T11:31:47.965659,21.2,61.4,0
2025-12-10T11:31:50.222853,21.2,61.4,0
2025-12-10T11:31:52.477502,21.2,61.4,0
2025-12-10T11:31:54.734890,21.2,61.4,0
2025-12-10T11:31:56.989469,21.2,61.4,0
2025-12-10T11:31:59.244140,21.2,61.4,1
2025-12-10T11:32:01.502858,21.2,61.4,0
2025-12-10T11:32:03.762866,21.2,61.4,0
2025-12-10T11:32:06.017617,21.2,61.4,0
2025-12-10T11:32:08.274875,21.2,61.4,0
2025-12-10T11:32:10.529358,21.2,61.4,0
2025-12-10T11:32:12.784154,21.2,61.4,0
2025-12-10T11:32:15.038723,21.2,61.4,0
2025-12-10T11:32:17.293220,21.2,61.4,0
2025-12-10T11:32:19.551032,21.2,61.4,0
2025-12-10T11:32:21.805719,21.2,61.4,0
2025-12-10T11:32:24.062893,21.2,61.4,0
2025-12-10T11:32:26.317566,21.2,61.4,1
2025-12-10T11:32:28.572119,21.2,61.4,0
2025-12-10T11:32:30.830920,21.2,61.4,0
2025-12-10T11:32:33.091053,21.2,61.4,0
2025-12-10T11:32:35.350876,21.2,61.4,1
2025-12-10T11:32:37.610811,21.2,61.4,0
2025-12-10T11:32:39.871124,21.2,61.4,0
2025-12-10T11:32:42.131048,21.2,61.4,0
2025-12-10T11:32:44.385891,21.2,61.4,0
2025-12-10T11:32:46.640924,21.2,61.4,1
2025-12-10T11:32:48.895705,21.2,61.4,0
2025-12-10T11:32:51.150194,21.2,61.4,0
2025-12-10T11:32:53.407057,21.2,61.4,0
2025-12-10T11:32:55.661624,21.2,61.4,0
2025-12-10T11:32:57.916188,21.2,61.4,1
2025-12-10T11:33:00.175018,,,0
2025-12-10T11:33:02.434833,21.2,61.4,0
2025-12-10T11:33:04.689335,21.2,61.4,1
2025-12-10T11:33:06.944104,21.2,61.4,0
2025-12-10T11:33:09.202837,21.2,61.4,0
2025-12-10T11:33:11.462816,21.2,61.4,0
2025-12-10T11:33:13.717479,21.2,61.4,0
2025-12-10T11:33:15.972113,21.2,61.4,1
2025-12-10T11:33:18.230800,21.2,61.4,0
2025-12-10T11:33:20.490999,21.2,61.4,0
2025-12-10T11:33:22.750862,21.2,61.4,0
2025-12-10T11:33:25.005429,21.2,61.4,0
2025-12-10T11:33:27.260109,21.2,61.4,1
2025-12-10T11:33:29.514672,21.2,61.4,0
2025-12-10T11:33:31.774872,21.2,61.4,0
2025-12-10T11:33:34.029649,21.2,61.4,0
2025-12-10T11:33:36.286860,21.2,61.4,0
2025-12-10T11:33:38.541356,21.2,61.4,1
2025-12-10T11:33:40.799159,21.2,61.4,0
2025-12-10T11:33:43.053718,21.2,61.4,1
2025-12-10T11:33:45.310861,21.2,61.4,0
2025-12-10T11:33:47.565559,21.2,61.4,0
2025-12-10T11:33:49.822959,21.2,61.4,0
2025-12-10T11:33:52.082803,21.2,61.4,0
2025-12-10T11:33:54.343009,21.2,61.4,1
2025-12-10T11:33:56.602837,21.2,61.4,0
2025-12-10T11:33:58.857429,21.2,61.4,0
2025-12-10T11:34:01.112078,21.2,61.4,0
2025-12-10T11:34:03.370835,21.2,61.4,0
2025-12-10T11:34:05.625308,21.2,61.4,0
2025-12-10T11:34:07.883115,21.2,61.4,0
2025-12-10T11:34:10.142840,21.2,61.4,0
2025-12-10T11:34:12.402816,21.2,61.4,1
2025-12-10T11:34:14.657467,21.2,61.4,0
2025-12-10T11:34:16.912104,21.2,61.4,0
2025-12-10T11:34:19.166591,21.2,61.4,0
2025-12-10T11:34:21.421315,21.2,61.4,0
2025-12-10T11:34:23.675846,21.2,61.4,1
2025-12-10T11:34:25.934917,21.2,61.5,0
2025-12-10T11:34:28.194999,,,0
2025-12-10T11:34:30.454823,21.2,61.4,0
2025-12-10T11:34:32.709333,21.2,61.4,0
2025-12-10T11:34:34.964113,21.2,61.4,0
2025-12-10T11:34:37.222835,21.2,61.4,0
2025-12-10T11:34:39.477314,21.2,61.4,0
2025-12-10T11:34:41.735045,21.2,61.4,1
2025-12-10T11:34:43.990994,21.2,61.4,0
2025-12-10T11:34:46.250805,21.2,61.4,0
2025-12-10T11:34:48.505506,21.2,61.4,0
2025-12-10T11:34:50.762861,21.2,61.4,0
2025-12-10T11:34:53.018963,21.2,61.4,0
2025-12-10T11:34:55.278990,21.2,61.4,0
2025-12-10T11:34:57.538833,21.2,61.4,0
2025-12-10T11:34:59.793436,21.2,61.4,0
2025-12-10T11:35:02.048120,21.2,61.4,1
2025-12-10T11:35:04.306839,21.2,61.4,0
2025-12-10T11:35:06.561320,21.2,61.4,0
2025-12-10T11:35:08.816119,21.2,61.4,1
2025-12-10T11:35:11.070749,21.2,61.4,0
2025-12-10T11:35:13.330793,21.2,61.4,0
2025-12-10T11:35:15.591041,21.2,61.4,1
2025-12-10T11:35:17.845673,21.2,61.4,0
2025-12-10T11:35:20.100141,21.2,61.4,0
2025-12-10T11:35:22.354789,21.2,61.4,0
2025-12-10T11:35:24.609327,21.2,61.4,0
2025-12-10T11:35:26.863875,21.2,61.4,0
2025-12-10T11:35:29.123002,21.2,61.4,0
2025-12-10T11:35:31.377531,21.2,61.4,1
2025-12-10T11:35:33.631999,21.2,61.4,0
2025-12-10T11:35:35.886728,21.2,61.4,0
2025-12-10T11:35:38.141310,21.2,61.4,0
2025-12-10T11:35:40.396112,21.2,61.4,0
2025-12-10T11:35:42.651052,21.2,61.4,0
2025-12-10T11:35:44.905983,21.2,61.4,0
2025-12-10T11:35:47.160835,21.2,61.4,0
2025-12-10T11:35:49.415805,21.2,61.4,0
2025-12-10T11:35:51.670727,21.2,61.4,0
2025-12-10T11:35:53.925659,21.2,61.4,0
2025-12-10T11:35:56.180781,21.2,61.4,0
2025-12-10T11:35:58.435612,21.2,61.4,0
2025-12-10T11:36:00.690478,21.2,61.4,0
2025-12-10T11:36:02.945572,21.2,61.4,0
2025-12-10T11:36:05.200518,21.2,61.4,0
2025-12-10T11:36:07.455327,21.2,61.4,0
2025-12-10T11:36:09.710356,21.2,61.4,0
2025-12-10T11:36:11.965351,21.2,61.4,0
2025-12-10T11:36:14.220235,21.2,61.4,0
2025-12-10T11:36:16.475231,21.2,61.4,0
2025-12-10T11:36:18.730130,21.2,61.4,0
2025-12-10T11:36:20.985005,21.2,61.4,0
2025-12-10T11:36:23.240002,21.2,61.4,0
2025-12-10T11:36:25.494873,21.2,61.4,0
2025-12-10T11:36:27.749694,21.2,61.4,0
2025-12-10T11:36:30.004829,21.2,61.4,0
2025-12-10T11:36:32.259697,21.2,61.4,1
2025-12-10T11:36:34.514378,21.2,61.4,0
2025-12-10T11:36:36.769425,21.2,61.4,0
2025-12-10T11:36:39.024368,21.2,61.4,0
2025-12-10T11:36:41.279187,21.2,61.5,0
2025-12-10T11:36:43.534179,21.2,61.4,0
2025-12-10T11:36:45.789386,21.2,61.4,0
2025-12-10T11:36:48.044277,21.2,61.4,0
2025-12-10T11:36:50.299315,21.2,61.4,0
2025-12-10T11:36:52.554256,21.2,61.4,0
2025-12-10T11:36:54.809231,21.2,61.4,0
2025-12-10T11:36:57.064002,21.2,61.4,0
2025-12-10T11:36:59.322845,21.2,61.4,1
2025-12-10T11:37:01.577309,21.2,61.4,0
2025-12-10T11:37:03.832072,21.2,61.4,0
2025-12-10T11:37:06.090825,21.2,61.4,0
2025-12-10T11:37:08.345313,21.2,61.4,0
2025-12-10T11:37:10.602999,21.2,61.4,1
2025-12-10T11:37:12.862917,21.2,61.4,0
2025-12-10T11:37:15.122808,21.2,61.4,0
2025-12-10T11:37:17.382992,21.2,61.4,0
2025-12-10T11:37:19.642861,21.2,61.4,0
2025-12-10T11:37:21.897420,21.2,61.4,0
2025-12-10T11:37:24.152106,21.2,61.4,0
2025-12-10T11:37:26.406631,21.2,61.4,0
2025-12-10T11:37:28.661137,21.2,61.4,0
2025-12-10T11:37:30.915878,21.2,61.4,0
2025-12-10T11:37:33.174820,21.2,61.4,0
2025-12-10T11:37:35.429300,21.2,61.4,0
2025-12-10T11:37:37.683979,21.2,61.4,0
2025-12-10T11:37:39.938606,21.2,61.4,0
2025-12-10T11:37:42.193074,21.2,61.4,0
2025-12-10T11:37:44.447753,21.2,61.4,0
2025-12-10T11:37:46.702311,21.2,61.4,0
2025-12-10T11:37:48.956855,21.2,61.4,0
2025-12-10T11:37:51.215028,21.2,61.4,1
2025-12-10T11:37:53.474826,21.2,61.4,0
2025-12-10T11:37:55.729346,21.2,61.4,0
2025-12-10T11:37:57.984091,21.2,61.4,0
2025-12-10T11:38:00.242822,21.2,61.4,0
2025-12-10T11:38:02.497313,21.2,61.4,0
2025-12-10T11:38:04.752009,21.2,61.4,0
2025-12-10T11:38:07.006623,21.2,61.4,0
2025-12-10T11:38:09.266813,21.2,61.4,0
2025-12-10T11:38:11.521499,21.2,61.4,0
2025-12-10T11:38:13.778860,21.2,61.4,1
2025-12-10T11:38:16.033412,21.2,61.4,0
2025-12-10T11:38:18.288351,21.2,61.4,0
2025-12-10T11:38:20.543118,21.2,61.4,0
2025-12-10T11:38:22.797959,21.2,61.4,0
2025-12-10T11:38:25.052973,21.2,61.4,0
2025-12-10T11:38:27.307793,21.2,61.4,0
2025-12-10T11:38:29.562542,21.2,61.4,0
2025-12-10T11:38:31.817535,21.2,61.4,0
2025-12-10T11:38:34.072333,21.2,61.4,0
2025-12-10T11:38:36.327137,21.2,61.4,0
2025-12-10T11:38:38.582109,21.2,61.4,0
2025-12-10T11:38:40.837126,21.2,61.4,0
2025-12-10T11:38:43.091961,21.2,61.4,0
2025-12-10T11:38:45.346962,21.2,61.4,0
2025-12-10T11:38:47.601798,21.2,61.4,0
2025-12-10T11:38:49.856804,21.2,61.4,0
2025-12-10T11:38:52.111814,21.2,61.4,0
2025-12-10T11:38:54.366688,21.2,61.4,0
2025-12-10T11:38:56.621475,21.2,61.4,0
2025-12-10T11:38:58.876360,21.2,61.4,0
2025-12-10T11:39:01.130981,21.2,61.4,0
2025-12-10T11:39:03.385492,21.2,61.4,0
2025-12-10T11:39:05.640212,21.2,61.4,0
2025-12-10T11:39:07.898963,21.2,61.4,0
2025-12-10T11:39:10.158842,21.2,61.4,0
2025-12-10T11:39:12.413549,21.2,61.4,0
2025-12-10T11:39:14.668114,21.2,61.4,0
2025-12-10T11:39:16.922748,21.2,61.4,0
2025-12-10T11:39:19.177472,21.2,61.4,0
2025-12-10T11:39:21.434920,21.2,61.4,0
2025-12-10T11:39:23.689437,21.2,61.4,0
2025-12-10T11:39:25.944250,21.2,61.4,0
2025-12-10T11:39:28.199064,21.2,61.4,0
2025-12-10T11:39:30.453817,21.2,61.4,0
2025-12-10T11:39:32.708745,21.2,61.4,0
2025-12-10T11:39:34.963612,21.2,61.4,0
2025-12-10T11:39:37.218365,21.2,61.4,0
2025-12-10T11:39:39.473278,21.2,61.4,0
2025-12-10T11:39:41.728088,21.2,61.4,0
2025-12-10T11:39:43.982989,21.2,61.4,0
2025-12-10T11:39:46.237985,21.2,61.4,0
2025-12-10T11:39:48.492856,21.2,61.4,0
2025-12-10T11:39:50.747744,21.2,61.4,1
2025-12-10T11:39:53.002852,21.2,61.4,0
2025-12-10T11:39:55.257760,21.2,61.4,0
2025-12-10T11:39:57.512636,21.2,61.4,0
2025-12-10T11:39:59.767648,21.2,61.4,1
2025-12-10T11:40:02.022584,21.2,61.4,0
2025-12-10T11:40:04.277476,21.2,61.4,1
2025-12-10T11:40:06.532608,21.2,61.4,0
2025-12-10T11:40:08.787336,21.2,61.4,0
2025-12-10T11:40:11.042181,21.2,61.4,0
2025-12-10T11:40:13.297268,21.2,61.4,0
2025-12-10T11:40:15.552184,21.2,61.4,0
2025-12-10T11:40:17.807128,21.2,61.4,0
2025-12-10T11:40:20.062159,21.2,61.4,0
2025-12-10T11:40:22.317093,21.2,61.4,0
2025-12-10T11:40:24.571893,21.2,61.4,0
2025-12-10T11:40:26.826971,21.2,61.4,0
2025-12-10T11:40:29.081963,21.2,61.4,0
2025-12-10T11:40:31.336823,21.2,61.4,0
2025-12-10T11:40:33.591857,21.2,61.4,0
2025-12-10T11:40:35.846540,21.2,61.4,0
2025-12-10T11:40:38.101364,21.2,61.4,0
2025-12-10T11:40:40.356458,21.2,61.4,0
2025-12-10T11:40:42.611259,21.2,61.4,0
2025-12-10T11:40:44.866090,21.2,61.4,0
2025-12-10T11:40:47.121108,21.2,61.4,0
2025-12-10T11:40:49.375986,21.2,61.3,0
2025-12-10T11:40:51.630831,21.2,61.4,0
2025-12-10T11:40:53.885892,21.2,61.3,0
2025-12-10T11:40:56.140806,21.2,61.3,0
2025-12-10T11:40:58.395611,21.2,61.4,0
2025-12-10T11:41:00.650609,21.2,61.3,0
2025-12-10T11:41:02.905584,21.2,61.4,0
2025-12-10T11:41:05.160381,21.2,61.4,0
2025-12-10T11:41:07.415200,21.2,61.3,0
2025-12-10T11:41:09.670188,21.2,61.4,0
2025-12-10T11:41:11.925136,21.2,61.3,0
2025-12-10T11:41:14.180202,21.2,61.4,0
2025-12-10T11:41:16.435061,21.2,61.4,0
2025-12-10T11:41:18.689967,21.2,61.4,0
2025-12-10T11:41:20.945152,21.2,61.4,0
2025-12-10T11:41:23.200020,21.2,61.4,0
2025-12-10T11:41:25.454887,21.2,61.4,0
2025-12-10T11:41:27.709936,21.2,61.4,0
2025-12-10T11:41:29.964936,21.2,61.4,0
2025-12-10T11:41:32.219772,21.2,61.4,0
2025-12-10T11:41:34.474838,21.2,61.3,0
2025-12-10T11:41:36.729748,21.2,61.4,0
2025-12-10T11:41:38.984589,21.2,61.4,0
2025-12-10T11:41:41.239492,21.2,61.3,0
2025-12-10T11:41:43.494307,21.2,61.3,0
2025-12-10T11:41:45.748765,21.2,61.3,0
2025-12-10T11:41:48.003767,21.2,61.3,0
2025-12-10T11:41:50.258591,21.2,61.3,0
2025-12-10T11:41:52.513251,21.2,61.3,0
2025-12-10T11:41:54.768156,21.2,61.3,0
2025-12-10T11:41:57.023167,21.2,61.3,0
2025-12-10T11:41:59.278039,21.2,61.3,0
2025-12-10T11:42:01.533126,21.2,61.3,1
2025-12-10T11:42:03.788176,21.2,61.3,0
2025-12-10T11:42:06.042995,21.2,61.3,0
2025-12-10T11:42:08.298010,21.2,61.3,0
2025-12-10T11:42:10.552932,21.2,61.3,0
2025-12-10T11:42:12.807635,21.2,61.3,0
2025-12-10T11:42:15.062337,21.2,61.3,0
2025-12-10T11:42:17.316898,21.2,61.3,0
2025-12-10T11:42:19.571392,21.2,61.3,0
2025-12-10T11:42:21.826170,21.2,61.3,0
2025-12-10T11:42:24.082899,21.2,61.3,0
2025-12-10T11:42:26.337374,21.2,61.3,0
2025-12-10T11:42:28.595031,21.2,61.3,1
2025-12-10T11:42:30.854941,21.2,61.3,0
2025-12-10T11:42:33.109419,21.2,61.3,0
2025-12-10T11:42:35.364094,21.2,61.3,0
2025-12-10T11:42:37.622856,21.2,61.3,0
2025-12-10T11:42:39.882896,21.2,61.3,0
2025-12-10T11:42:42.143020,21.2,61.3,0
2025-12-10T11:42:44.402862,21.2,61.3,0
2025-12-10T11:42:46.657334,21.2,61.3,0
2025-12-10T11:42:48.912098,21.2,61.3,0
2025-12-10T11:42:51.166657,21.2,61.3,0
2025-12-10T11:42:53.426833,21.2,61.3,0
2025-12-10T11:42:55.687037,21.2,61.3,0
2025-12-10T11:42:57.946954,21.2,61.3,0
2025-12-10T11:43:00.206807,21.2,61.3,1
2025-12-10T11:43:02.461481,21.2,61.3,0
2025-12-10T11:43:04.716013,21.2,61.3,0
2025-12-10T11:43:06.970572,21.2,61.3,0
2025-12-10T11:43:09.231026,21.2,61.3,0
2025-12-10T11:43:11.485585,21.2,61.3,0
2025-12-10T11:43:13.740052,21.2,61.3,0
2025-12-10T11:43:15.999113,21.2,61.3,0
2025-12-10T11:43:18.253671,21.2,61.4,0
2025-12-10T11:43:20.510830,21.2,61.3,0
2025-12-10T11:43:22.765500,21.2,61.3,0
2025-12-10T11:43:25.020150,21.2,61.3,0
2025-12-10T11:43:27.274674,21.2,61.3,0
2025-12-10T11:43:29.529382,21.2,61.3,0
2025-12-10T11:43:31.785634,21.2,61.3,0
2025-12-10T11:43:34.042869,21.2,61.3,0
2025-12-10T11:43:36.297596,21.2,61.3,0
2025-12-10T11:43:38.552168,21.2,61.3,0
2025-12-10T11:43:40.810934,21.2,61.3,0
2025-12-10T11:43:43.065619,21.2,61.3,0
2025-12-10T11:43:45.322905,21.2,61.3,0
2025-12-10T11:43:47.577415,21.2,61.3,0
2025-12-10T11:43:49.835152,21.2,61.3,1
2025-12-10T11:43:52.095026,21.2,61.3,0
2025-12-10T11:43:54.354840,21.2,61.3,0
2025-12-10T11:43:56.609532,21.2,61.3,0
2025-12-10T11:43:58.866991,21.2,61.3,0
2025-12-10T11:44:01.126838,21.2,61.3,0
2025-12-10T11:44:03.381544,21.2,61.3,0
2025-12-10T11:44:05.638909,21.2,61.3,0
2025-12-10T11:44:07.893485,21.2,61.3,0
2025-12-10T11:44:10.151058,21.2,61.3,0
2025-12-10T11:44:12.410871,21.2,61.3,0
2025-12-10T11:44:14.670841,21.2,61.3,0
2025-12-10T11:44:16.925635,21.2,61.3,0
2025-12-10T11:44:19.182906,21.2,61.3,0
2025-12-10T11:44:21.437395,21.2,61.3,0
2025-12-10T11:44:23.692152,21.2,61.3,0
2025-12-10T11:44:25.946807,21.2,61.3,0
2025-12-10T11:44:28.201276,21.2,61.3,0
2025-12-10T11:44:30.459037,21.2,61.3,0
2025-12-10T11:44:32.718883,21.2,61.3,0
2025-12-10T11:44:34.973470,21.2,61.3,0
2025-12-10T11:44:37.228138,21.2,61.3,0
2025-12-10T11:44:39.482926,21.2,61.3,0
2025-12-10T11:44:41.737441,21.2,61.3,0
2025-12-10T11:44:43.992198,21.2,61.3,0
2025-12-10T11:44:46.246745,21.2,61.3,0
2025-12-10T11:44:48.501212,21.2,61.3,0
2025-12-10T11:44:50.759079,21.2,61.3,0
2025-12-10T11:44:53.013718,21.2,61.3,0
2025-12-10T11:44:55.268249,21.2,61.3,0
2025-12-10T11:44:57.522933,21.2,61.3,0
2025-12-10T11:44:59.777479,21.2,61.3,0
2025-12-10T11:45:02.032015,21.2,61.3,0
2025-12-10T11:45:04.291002,21.2,61.3,0
2025-12-10T11:45:06.550850,21.2,61.3,0
2025-12-10T11:45:08.805428,21.2,61.3,0
2025-12-10T11:45:11.060213,21.2,61.3,0
2025-12-10T11:45:13.314764,21.2,61.3,1
2025-12-10T11:45:15.574801,21.2,61.3,0
2025-12-10T11:45:17.835099,21.2,61.3,0
2025-12-10T11:45:20.094990,21.2,61.3,0
2025-12-10T11:45:22.354836,21.2,61.3,0
2025-12-10T11:45:24.615026,21.2,61.3,1
2025-12-10T11:45:26.869672,21.2,61.3,0
2025-12-10T11:45:29.124155,21.2,61.2,0
2025-12-10T11:45:31.383057,21.2,61.2,0
2025-12-10T11:45:33.642837,21.2,61.2,0
2025-12-10T11:45:35.897397,21.2,61.2,1
2025-12-10T11:45:38.152057,21.2,61.2,0
2025-12-10T11:45:40.406653,21.2,61.2,1
2025-12-10T11:45:42.661149,21.2,61.2,0
2025-12-10T11:45:44.915929,21.2,61.2,0
2025-12-10T11:45:47.174853,21.2,61.2,0
2025-12-10T11:45:49.429363,21.2,61.2,0
2025-12-10T11:45:51.687086,21.2,61.2,0
2025-12-10T11:45:53.941722,21.2,61.2,0
2025-12-10T11:45:56.196198,21.2,61.2,0
2025-12-10T11:45:58.455079,21.2,61.2,0
2025-12-10T11:46:00.714862,21.2,61.3,0
2025-12-10T11:46:02.970945,21.2,61.2,0
2025-12-10T11:46:05.225624,21.2,61.2,0
2025-12-10T11:46:07.482884,21.2,61.2,0
2025-12-10T11:46:09.742836,21.2,61.2,0
2025-12-10T11:46:11.997638,21.2,61.2,0
2025-12-10T11:46:14.252182,21.2,61.2,0
2025-12-10T11:46:16.510840,21.2,61.2,0
2025-12-10T11:46:18.771019,21.2,61.2,0
2025-12-10T11:46:21.025649,21.2,61.2,0
2025-12-10T11:46:23.280135,21.2,61.2,0
2025-12-10T11:46:25.534825,21.2,61.2,0
2025-12-10T11:46:27.791023,21.2,61.2,0
2025-12-10T11:46:30.045530,21.2,61.2,0
2025-12-10T11:46:32.300202,21.2,61.2,0
2025-12-10T11:46:34.554737,21.2,61.2,0
2025-12-10T11:46:36.809310,21.2,61.2,0
2025-12-10T11:46:39.067083,21.2,61.2,0
2025-12-10T11:46:41.326844,21.2,61.2,0
2025-12-10T11:46:43.581322,21.2,61.2,1
2025-12-10T11:46:45.836105,21.2,61.2,0
2025-12-10T11:46:48.090695,21.2,61.2,0
2025-12-10T11:46:50.345175,21.2,61.2,0
2025-12-10T11:46:52.599837,21.2,61.2,0
2025-12-10T11:46:54.854464,21.2,61.2,0
2025-12-10T11:46:57.108977,21.2,61.2,0
2025-12-10T11:46:59.363659,21.2,61.2,0
2025-12-10T11:47:01.618218,21.2,61.2,0
2025-12-10T11:47:03.872785,21.2,61.2,0
2025-12-10T11:47:06.127439,21.2,61.2,0
2025-12-10T11:47:08.386844,21.2,61.2,0
2025-12-10T11:47:10.641314,,,0
2025-12-10T11:47:12.896114,21.2,61.2,0
2025-12-10T11:47:15.154871,21.2,61.2,0
2025-12-10T11:47:17.414806,21.2,61.2,0
2025-12-10T11:47:19.669492,21.2,61.2,0
2025-12-10T11:47:21.924137,21.2,61.2,0
2025-12-10T11:47:24.182868,21.2,61.2,1
2025-12-10T11:47:26.443037,21.2,61.2,0
2025-12-10T11:47:28.697626,21.2,61.2,0
2025-12-10T11:47:30.952185,21.2,61.2,0
2025-12-10T11:47:33.211017,21.2,61.2,0
2025-12-10T11:47:35.465585,21.2,61.2,0
2025-12-10T11:47:37.720047,21.2,61.2,0
2025-12-10T11:47:39.975132,21.2,61.2,0
2025-12-10T11:47:42.229695,21.2,61.2,0
2025-12-10T11:47:44.484176,21.2,61.2,0
2025-12-10T11:47:46.738844,21.2,61.2,0
2025-12-10T11:47:48.993473,21.2,61.2,0
2025-12-10T11:47:51.247962,21.2,61.2,0
2025-12-10T11:47:53.507063,21.2,61.2,0
2025-12-10T11:47:55.766908,21.2,61.2,0
2025-12-10T11:47:58.021472,21.2,61.2,0
2025-12-10T11:48:00.276156,21.2,61.2,0
2025-12-10T11:48:02.530717,21.2,61.2,0
2025-12-10T11:48:04.790951,21.2,61.2,0
2025-12-10T11:48:07.045646,21.2,61.2,0
2025-12-10T11:48:09.300194,21.2,61.2,0
2025-12-10T11:48:11.554678,21.2,61.2,0
2025-12-10T11:48:13.815158,21.2,61.2,0
2025-12-10T11:48:16.074912,21.2,61.2,0
2025-12-10T11:48:18.329453,21.2,61.2,0
2025-12-10T11:48:20.587020,21.2,61.2,0
2025-12-10T11:48:22.841681,21.2,61.2,0
2025-12-10T11:48:25.098899,21.2,61.2,0
2025-12-10T11:48:27.359014,21.2,61.2,0
2025-12-10T11:48:29.618852,21.2,61.2,0
2025-12-10T11:48:31.873426,21.2,61.2,0
2025-12-10T11:48:34.131055,21.2,61.2,0
2025-12-10T11:48:36.390834,21.2,61.2,0
2025-12-10T11:48:38.646859,21.2,61.2,0
2025-12-10T11:48:40.901671,21.2,61.2,0
2025-12-10T11:48:43.156233,21.2,61.2,0
2025-12-10T11:48:45.414840,21.2,61.2,0
2025-12-10T11:48:47.669563,21.2,61.2,0
2025-12-10T11:48:49.927013,21.2,61.2,0
2025-12-10T11:48:52.186837,21.2,61.2,0
2025-12-10T11:48:54.441551,21.2,61.2,0
2025-12-10T11:48:56.698875,21.2,61.2,0
2025-12-10T11:48:58.953462,21.2,61.2,0
2025-12-10T11:49:01.208121,21.2,61.2,0
2025-12-10T11:49:03.462687,21.2,61.2,0
2025-12-10T11:49:05.717166,21.2,61.2,0
2025-12-10T11:49:07.971946,21.2,61.2,0
2025-12-10T11:49:10.230880,21.2,61.2,0
2025-12-10T11:49:12.490810,21.2,61.2,0
2025-12-10T11:49:14.745524,21.2,61.2,0
2025-12-10T11:49:17.000444,21.2,61.2,0
2025-12-10T11:49:19.255175,21.2,61.2,0
2025-12-10T11:49:21.510151,21.2,61.1,0
2025-12-10T11:49:23.764989,21.2,61.2,0
2025-12-10T11:49:26.019830,21.2,61.2,0
2025-12-10T11:49:28.274779,21.2,61.2,0
2025-12-10T11:49:30.529600,21.2,61.2,0
2025-12-10T11:49:32.784478,21.2,61.1,0
2025-12-10T11:49:35.039463,21.2,61.2,0
2025-12-10T11:49:37.294298,21.2,61.2,0
2025-12-10T11:49:39.549022,21.2,61.2,0
2025-12-10T11:49:41.804054,21.2,61.2,0
2025-12-10T11:49:44.058894,21.2,61.2,0
2025-12-10T11:49:46.313651,21.2,61.2,0
2025-12-10T11:49:48.568657,21.2,61.2,0
2025-12-10T11:49:50.823593,21.2,61.2,0
2025-12-10T11:49:53.081003,21.2,61.2,0
2025-12-10T11:49:55.339052,21.2,61.1,0
2025-12-10T11:49:57.598878,21.2,61.1,0
2025-12-10T11:49:59.853471,21.2,61.2,0
2025-12-10T11:50:02.108176,21.2,61.2,0
2025-12-10T11:50:04.362767,21.2,61.2,0
2025-12-10T11:50:06.622833,21.2,61.2,0
2025-12-10T11:50:08.877605,21.2,61.2,0
2025-12-10T11:50:11.132184,21.2,61.2,0
2025-12-10T11:50:13.386653,21.2,61.2,0
2025-12-10T11:50:15.644363,21.2,61.2,0
2025-12-10T11:50:17.902934,21.2,61.2,0
2025-12-10T11:50:20.162835,21.2,61.2,1
2025-12-10T11:50:22.417548,,,0
2025-12-10T11:50:24.674956,21.2,61.2,0
2025-12-10T11:50:26.929518,21.2,61.2,0
2025-12-10T11:50:29.184227,21.2,61.2,0
2025-12-10T11:50:31.439280,21.2,61.2,0
2025-12-10T11:50:33.693986,21.2,61.1,0
2025-12-10T11:50:35.949087,21.2,61.2,0
2025-12-10T11:50:38.203952,21.2,61.2,0
2025-12-10T11:50:40.458785,21.2,61.2,0
2025-12-10T11:50:42.713809,21.2,61.2,0
2025-12-10T11:50:44.968770,21.2,61.1,1
2025-12-10T11:50:47.223604,21.2,61.2,0
2025-12-10T11:50:49.478599,21.2,61.2,0
2025-12-10T11:50:51.733462,21.2,61.1,0
2025-12-10T11:50:53.988341,21.2,61.2,0
2025-12-10T11:50:56.243323,21.2,61.2,0
2025-12-10T11:50:58.498186,21.2,61.1,1
2025-12-10T11:51:00.753071,21.2,61.2,0
2025-12-10T11:51:03.008110,21.2,61.1,0
2025-12-10T11:51:05.262979,21.2,61.2,0
2025-12-10T11:51:07.517741,21.2,61.2,0
2025-12-10T11:51:09.772843,21.2,61.1,0
2025-12-10T11:51:12.027789,21.2,61.2,0
2025-12-10T11:51:14.282592,21.2,61.2,0
2025-12-10T11:51:16.537591,21.2,61.1,0
2025-12-10T11:51:18.792584,21.2,61.2,0
2025-12-10T11:51:21.047373,21.2,61.1,0
2025-12-10T11:51:23.302383,21.2,61.1,0
2025-12-10T11:51:25.557285,21.2,61.2,0
2025-12-10T11:51:27.812187,21.2,61.1,0
2025-12-10T11:51:30.067189,21.2,61.1,0
2025-12-10T11:51:32.322093,21.2,61.2,0
2025-12-10T11:51:34.576915,21.2,61.1,0
2025-12-10T11:51:36.832066,21.2,61.2,0
2025-12-10T11:51:39.086920,21.2,61.2,0
2025-12-10T11:51:41.341759,21.2,61.2,0
2025-12-10T11:51:43.596813,21.2,61.2,1
2025-12-10T11:51:45.851774,21.2,61.1,0
2025-12-10T11:51:48.106576,21.2,61.1,0
2025-12-10T11:51:50.361558,21.2,61.2,0
2025-12-10T11:51:52.616433,21.2,61.2,0
2025-12-10T11:51:54.871302,21.2,61.1,0
2025-12-10T11:51:57.126338,21.2,61.2,0
2025-12-10T11:51:59.381194,21.2,61.1,0
2025-12-10T11:52:01.635982,21.2,61.1,0
2025-12-10T11:52:03.891037,21.2,61.1,0
2025-12-10T11:52:06.145940,21.2,61.1,0
2025-12-10T11:52:08.400765,21.2,61.1,0
2025-12-10T11:52:10.655779,,,0
2025-12-10T11:52:12.910699,21.2,61.1,0
2025-12-10T11:52:15.165501,21.2,61.1,0
2025-12-10T11:52:17.420547,21.2,61.1,0
2025-12-10T11:52:19.675425,21.2,61.1,0
2025-12-10T11:52:21.930262,21.2,61.1,0
2025-12-10T11:52:24.185346,21.2,61.1,0
2025-12-10T11:52:26.440219,21.2,61.1,0
2025-12-10T11:52:28.695019,21.2,61.1,0
2025-12-10T11:52:30.950131,21.2,61.1,0
2025-12-10T11:52:33.205073,21.2,61.1,0
2025-12-10T11:52:35.459873,21.2,61.1,0
2025-12-10T11:52:37.714888,21.2,61.1,0
2025-12-10T11:52:39.969835,21.2,61.1,0
2025-12-10T11:52:42.224568,21.2,61.1,0
2025-12-10T11:52:44.479448,21.2,61.1,0
2025-12-10T11:52:46.734329,21.2,61.1,0
2025-12-10T11:52:48.989241,21.2,61.1,0
2025-12-10T11:52:51.244233,21.2,61.1,0
2025-12-10T11:52:53.499101,21.2,61.1,0
2025-12-10T11:52:55.753904,21.2,61.1,0
2025-12-10T11:52:58.009070,21.2,61.1,0
2025-12-10T11:53:00.263980,21.2,61.1,0
2025-12-10T11:53:02.518772,21.2,61.1,0
2025-12-10T11:53:04.773763,21.2,61.1,0
2025-12-10T11:53:07.031023,21.2,61.1,0
2025-12-10T11:53:09.290838,21.2,61.1,0
2025-12-10T11:53:11.551019,21.2,61.1,0
2025-12-10T11:53:13.805730,21.2,61.1,0
2025-12-10T11:53:16.060250,21.2,61.1,0
2025-12-10T11:53:18.319045,21.2,61.1,0
2025-12-10T11:53:20.573609,21.2,61.1,0
2025-12-10T11:53:22.830939,21.2,61.1,0
2025-12-10T11:53:25.085611,21.2,61.1,0
2025-12-10T11:53:27.340174,21.2,61.1,0
2025-12-10T11:53:29.594642,21.2,61.1,0
2025-12-10T11:53:31.849426,21.2,61.1,0
2025-12-10T11:53:34.106880,21.2,61.1,1
2025-12-10T11:53:36.361354,21.2,61.1,0
2025-12-10T11:53:38.619041,,,0
2025-12-10T11:53:40.873699,21.2,61.1,0
2025-12-10T11:53:43.130821,21.2,61.1,1
2025-12-10T11:53:45.385530,21.2,61.1,0
2025-12-10T11:53:47.640086,21.2,61.1,0
2025-12-10T11:53:49.894649,21.2,61.1,0
2025-12-10T11:53:52.149309,21.2,61.1,0
2025-12-10T11:53:54.403861,21.2,61.1,0
2025-12-10T11:53:56.662836,21.2,61.1,0
2025-12-10T11:53:58.917684,21.2,61.1,0
2025-12-10T11:54:01.172238,21.2,61.1,0
2025-12-10T11:54:03.426731,21.2,61.1,0
2025-12-10T11:54:05.681440,21.2,61.1,0
2025-12-10T11:54:07.936096,21.2,61.0,0
2025-12-10T11:54:10.190570,21.2,61.1,0
2025-12-10T11:54:12.445266,21.2,61.1,0
2025-12-10T11:54:14.703089,21.2,61.1,0
2025-12-10T11:54:16.957968,21.2,61.1,0
2025-12-10T11:54:19.213041,21.2,61.1,0
2025-12-10T11:54:21.467830,21.2,61.0,0
2025-12-10T11:54:23.722584,21.2,61.1,0
2025-12-10T11:54:25.977694,21.2,61.0,0
2025-12-10T11:54:28.232628,21.2,61.1,0
2025-12-10T11:54:30.487463,21.2,61.1,0
2025-12-10T11:54:32.742491,21.2,61.0,0
2025-12-10T11:54:34.997252,21.2,61.1,0
2025-12-10T11:54:37.252011,21.2,61.1,0
2025-12-10T11:54:39.507013,21.2,61.1,0
2025-12-10T11:54:41.761813,21.2,61.1,1
2025-12-10T11:54:44.016638,21.2,61.0,0
2025-12-10T11:54:46.271560,21.2,61.1,0
2025-12-10T11:54:48.526337,21.2,61.0,0
2025-12-10T11:54:50.781049,21.2,61.0,0
2025-12-10T11:54:53.036055,21.2,61.1,0
2025-12-10T11:54:55.290877,21.2,61.1,0
2025-12-10T11:54:57.545619,21.2,61.0,0
2025-12-10T11:54:59.800531,21.2,61.1,0
2025-12-10T11:55:02.058879,21.2,61.1,1
2025-12-10T11:55:04.313371,21.2,61.0,0
2025-12-10T11:55:06.568068,21.2,61.0,0
2025-12-10T11:55:08.822738,21.2,61.1,0
2025-12-10T11:55:11.077325,21.2,61.0,0
2025-12-10T11:55:13.335041,21.2,61.0,0
2025-12-10T11:55:15.594858,21.2,61.0,0
2025-12-10T11:55:17.849439,21.2,61.1,0
2025-12-10T11:55:20.107052,21.2,61.1,0
2025-12-10T11:55:22.366907,21.2,61.1,0
2025-12-10T11:55:24.626833,21.2,61.1,0
2025-12-10T11:55:26.881614,21.2,61.1,0
2025-12-10T11:55:29.136180,21.2,61.0,0
2025-12-10T11:55:31.394817,21.2,61.0,1
2025-12-10T11:55:33.649508,21.2,61.0,0
2025-12-10T11:55:35.907180,21.2,61.1,1
2025-12-10T11:55:38.161975,21.2,61.0,0
2025-12-10T11:55:40.416996,21.2,61.0,0
2025-12-10T11:55:42.671843,21.2,61.0,0
2025-12-10T11:55:44.926704,21.2,61.0,0
2025-12-10T11:55:47.181674,21.2,61.0,0
2025-12-10T11:55:49.436595,21.2,61.0,0
2025-12-10T11:55:51.691459,21.2,61.0,0
2025-12-10T11:55:53.946549,21.2,61.0,0
2025-12-10T11:55:56.201343,21.2,61.0,0
2025-12-10T11:55:58.456076,21.2,61.0,0
2025-12-10T11:56:00.711098,21.2,61.0,0
2025-12-10T11:56:02.966009,21.2,61.0,0
2025-12-10T11:56:05.220889,21.2,61.0,1
2025-12-10T11:56:07.475847,21.2,61.0,0
2025-12-10T11:56:09.730684,21.2,61.0,1
2025-12-10T11:56:11.985539,21.2,61.0,0
2025-12-10T11:56:14.240651,21.2,61.0,0
2025-12-10T11:56:16.495564,21.2,61.0,0
2025-12-10T11:56:18.750374,21.2,61.1,0
2025-12-10T11:56:21.005560,21.2,61.0,0
2025-12-10T11:56:23.260561,21.2,61.0,0
2025-12-10T11:56:25.515332,21.2,61.0,0
2025-12-10T11:56:27.770224,21.2,61.0,1
2025-12-10T11:56:30.025152,21.2,61.0,0
2025-12-10T11:56:32.279938,21.2,61.0,0
2025-12-10T11:56:34.534896,21.2,61.0,0
2025-12-10T11:56:36.789788,21.2,61.0,0
2025-12-10T11:56:39.044580,21.2,61.0,0
2025-12-10T11:56:41.299349,21.2,61.0,0
2025-12-10T11:56:43.554201,21.2,61.0,0
2025-12-10T11:56:45.809073,21.2,61.0,0
2025-12-10T11:56:48.064051,21.2,61.0,0
2025-12-10T11:56:50.318927,21.2,61.0,0
2025-12-10T11:56:52.573738,21.2,61.0,0
2025-12-10T11:56:54.828876,21.2,61.0,0
2025-12-10T11:56:57.083792,21.2,61.0,0
2025-12-10T11:56:59.338632,21.2,61.0,0
2025-12-10T11:57:01.593623,21.2,61.0,0
2025-12-10T11:57:03.848320,21.2,61.0,0
2025-12-10T11:57:06.102776,21.2,61.0,0
2025-12-10T11:57:08.363019,21.2,61.0,0
2025-12-10T11:57:10.617562,21.2,61.0,0
2025-12-10T11:57:12.872102,21.2,61.0,0
2025-12-10T11:57:15.126790,21.2,61.0,0
2025-12-10T11:57:17.382898,21.2,61.0,0
2025-12-10T11:57:19.637371,21.2,61.0,0
2025-12-10T11:57:21.892119,21.2,61.0,0
2025-12-10T11:57:24.146680,21.2,61.0,0
2025-12-10T11:57:26.401136,21.2,61.0,0
2025-12-10T11:57:28.659031,21.2,61.0,0
2025-12-10T11:57:30.913640,21.2,61.0,0
2025-12-10T11:57:33.170847,21.2,61.0,0
2025-12-10T11:57:35.431010,21.2,61.0,0
2025-12-10T11:57:37.685518,21.2,61.0,0
2025-12-10T11:57:39.940058,21.2,61.0,0
2025-12-10T11:57:42.194713,21.2,61.0,0
2025-12-10T11:57:44.454855,21.2,61.0,0
2025-12-10T11:57:46.709327,21.2,61.0,0
2025-12-10T11:57:48.964049,21.2,61.0,1
2025-12-10T11:57:51.222840,21.2,61.0,0
2025-12-10T11:57:53.477295,21.2,61.0,0
2025-12-10T11:57:55.735000,21.2,61.0,0
2025-12-10T11:57:57.989598,21.2,61.0,0
2025-12-10T11:58:00.246807,21.2,61.0,0
2025-12-10T11:58:02.506981,21.2,61.0,0
2025-12-10T11:58:04.761542,21.2,61.0,0
2025-12-10T11:58:07.016430,21.2,61.0,0
2025-12-10T11:58:09.271460,21.2,61.0,0
2025-12-10T11:58:11.526255,21.2,61.0,0
2025-12-10T11:58:13.781101,21.2,61.0,0
2025-12-10T11:58:16.036149,21.2,61.0,1
2025-12-10T11:58:18.290913,21.2,61.0,0
2025-12-10T11:58:20.545430,21.2,61.0,0
2025-12-10T11:58:22.800303,21.2,61.0,0
2025-12-10T11:58:25.055161,21.2,61.0,0
2025-12-10T11:58:27.309916,21.2,61.0,0
2025-12-10T11:58:29.564861,21.2,61.0,0
2025-12-10T11:58:31.819721,21.2,61.0,0
2025-12-10T11:58:34.074488,21.2,61.0,0
2025-12-10T11:58:36.329466,21.2,61.0,0
2025-12-10T11:58:38.584366,21.2,61.0,0
2025-12-10T11:58:40.839211,21.2,61.0,0
2025-12-10T11:58:43.094159,21.2,61.0,0
2025-12-10T11:58:45.348979,21.2,61.0,0
2025-12-10T11:58:47.603512,21.2,61.0,0
2025-12-10T11:58:49.858505,21.2,61.0,0
2025-12-10T11:58:52.113301,21.2,61.0,0
2025-12-10T11:58:54.368027,21.2,61.0,0
2025-12-10T11:58:56.622974,21.2,61.0,0
2025-12-10T11:58:58.877821,21.2,61.0,0
2025-12-10T11:59:01.132596,21.2,61.0,0
2025-12-10T11:59:03.387533,21.2,61.0,0
2025-12-10T11:59:05.642380,21.2,61.0,0
2025-12-10T11:59:07.897160,21.2,61.0,0
2025-12-10T11:59:10.152092,21.2,61.0,0
2025-12-10T11:59:12.406918,21.2,61.0,0
2025-12-10T11:59:14.661692,21.2,61.0,0
2025-12-10T11:59:16.916759,21.2,61.0,0
2025-12-10T11:59:19.171566,21.2,61.0,0
2025-12-10T11:59:21.426323,21.2,61.0,0
2025-12-10T11:59:23.681259,21.2,61.0,0
2025-12-10T11:59:25.936107,21.2,61.0,0
2025-12-10T11:59:28.190834,21.2,61.0,0
2025-12-10T11:59:30.445750,21.2,61.0,0
2025-12-10T11:59:32.700650,21.2,61.0,0
2025-12-10T11:59:34.955450,21.2,61.0,0
2025-12-10T11:59:37.210391,21.2,61.0,0
2025-12-10T11:59:39.465186,21.2,61.0,0
2025-12-10T11:59:41.719928,21.2,61.0,0
2025-12-10T11:59:43.974895,21.2,61.0,0
2025-12-10T11:59:46.229796,21.2,61.0,0
2025-12-10T11:59:48.484531,21.2,61.0,0
2025-12-10T11:59:50.739233,21.2,61.0,0
2025-12-10T11:59:52.994077,21.2,61.0,0
2025-12-10T11:59:55.248882,21.2,61.0,0
2025-12-10T11:59:57.503923,21.2,61.0,0
2025-12-10T11:59:59.758709,21.2,61.0,0
2025-12-10T12:00:02.013553,21.2,61.0,0
2025-12-10T12:00:04.268551,21.2,61.0,0
2025-12-10T12:00:06.523393,21.2,61.0,0
2025-12-10T12:00:08.778065,21.2,61.0,0
2025-12-10T12:00:11.033145,21.2,61.0,0
2025-12-10T12:00:13.287873,21.2,61.0,0
2025-12-10T12:00:15.542553,21.2,61.0,0
2025-12-10T12:00:17.797550,21.2,61.0,0
2025-12-10T12:00:20.052386,21.2,61.0,0
2025-12-10T12:00:22.307215,21.2,61.0,0
2025-12-10T12:00:24.562115,21.2,61.0,0
2025-12-10T12:00:26.816965,21.2,61.0,0
2025-12-10T12:00:29.071725,21.2,61.0,0
2025-12-10T12:00:31.326666,21.2,61.0,0
2025-12-10T12:00:33.581459,21.2,61.0,0
2025-12-10T12:00:35.836292,21.2,61.0,0
2025-12-10T12:00:38.091247,21.2,61.0,0
2025-12-10T12:00:40.346087,21.2,61.0,0
2025-12-10T12:00:42.600875,21.2,61.0,1
2025-12-10T12:00:44.855919,21.2,61.0,0
2025-12-10T12:00:47.110723,21.2,61.0,0
2025-12-10T12:00:49.365461,21.2,61.0,0
2025-12-10T12:00:51.620379,21.2,61.0,0
2025-12-10T12:00:53.875014,21.2,61.0,0
2025-12-10T12:00:56.129864,21.2,61.0,0
2025-12-10T12:00:58.384876,21.2,61.0,0
2025-12-10T12:01:00.639717,21.2,61.0,0
2025-12-10T12:01:02.894561,21.2,61.0,0
2025-12-10T12:01:05.149558,21.2,61.0,0
2025-12-10T12:01:07.404354,21.2,61.0,0
2025-12-10T12:01:09.659116,21.2,61.0,0
2025-12-10T12:01:11.914225,21.2,61.0,0
2025-12-10T12:01:14.169024,21.2,61.0,0
2025-12-10T12:01:16.423748,21.2,61.0,0
2025-12-10T12:01:18.678666,21.2,61.0,0
2025-12-10T12:01:20.933662,21.2,61.0,0
2025-12-10T12:01:23.188441,21.2,61.0,0
2025-12-10T12:01:25.443376,21.2,61.0,0
2025-12-10T12:01:27.698190,21.2,61.0,0
2025-12-10T12:01:29.953029,21.2,61.0,0
2025-12-10T12:01:32.208033,21.2,61.0,0
2025-12-10T12:01:34.462948,21.2,61.0,0
2025-12-10T12:01:36.717804,21.2,61.0,0
2025-12-10T12:01:38.972916,21.2,61.0,0
2025-12-10T12:01:41.227801,21.2,61.0,1
2025-12-10T12:01:43.482520,21.2,61.0,0
2025-12-10T12:01:45.737483,21.2,61.0,0
2025-12-10T12:01:47.992294,21.2,61.0,0
2025-12-10T12:01:50.246998,21.2,61.0,0
2025-12-10T12:01:52.501959,21.2,61.0,0
2025-12-10T12:01:54.756747,21.2,61.0,0
2025-12-10T12:01:57.011583,21.2,61.0,0
2025-12-10T12:01:59.266523,21.2,61.0,0
2025-12-10T12:02:01.521346,,,0
2025-12-10T12:02:03.776049,21.2,61.0,0
2025-12-10T12:02:06.031054,21.2,61.0,0
2025-12-10T12:02:08.285904,21.2,61.0,0
2025-12-10T12:02:10.540650,21.2,61.0,0
2025-12-10T12:02:12.795775,21.2,61.0,0
2025-12-10T12:02:15.050567,21.2,61.0,0
2025-12-10T12:02:17.305300,21.2,61.0,0
2025-12-10T12:02:19.560310,21.2,61.0,0
2025-12-10T12:02:21.815308,21.2,61.0,0
2025-12-10T12:02:24.070082,21.2,61.0,0
2025-12-10T12:02:26.325120,21.3,61.0,0
2025-12-10T12:02:28.579895,21.2,61.0,0
2025-12-10T12:02:30.834698,21.2,61.0,0
2025-12-10T12:02:33.089597,21.2,61.0,0
2025-12-10T12:02:35.344496,21.2,61.0,0
2025-12-10T12:02:37.599196,21.2,61.0,0
2025-12-10T12:02:39.854164,21.2,61.0,0
2025-12-10T12:02:42.109017,21.2,61.0,0
2025-12-10T12:02:44.363811,21.2,61.0,0
2025-12-10T12:02:46.618711,21.2,60.9,0
2025-12-10T12:02:48.873592,21.2,61.0,0
2025-12-10T12:02:51.128290,21.2,61.0,0
2025-12-10T12:02:53.383239,21.2,60.9,0
2025-12-10T12:02:55.638027,21.2,61.0,0
2025-12-10T12:02:57.892847,21.2,60.9,0
2025-12-10T12:03:00.147779,21.2,61.0,0
2025-12-10T12:03:02.402544,21.2,61.0,0
2025-12-10T12:03:04.657236,21.2,60.9,0
2025-12-10T12:03:06.912238,21.2,61.0,0
2025-12-10T12:03:09.166963,21.2,61.0,0
2025-12-10T12:03:11.421705,21.2,61.0,0
2025-12-10T12:03:13.676730,21.2,61.0,0
2025-12-10T12:03:15.931881,21.2,61.0,0
2025-12-10T12:03:18.186701,21.2,60.9,0
2025-12-10T12:03:20.441639,21.2,60.9,0
2025-12-10T12:03:22.696508,21.2,60.9,0
2025-12-10T12:03:24.951437,21.2,61.0,0
2025-12-10T12:03:27.206388,21.2,61.0,0
2025-12-10T12:03:29.461283,21.2,61.0,0
2025-12-10T12:03:31.716172,21.2,61.0,0
2025-12-10T12:03:33.971250,21.2,61.0,0
2025-12-10T12:03:36.226142,21.2,61.0,0
2025-12-10T12:03:38.480956,21.2,61.0,0
2025-12-10T12:03:40.736041,21.2,60.9,0
2025-12-10T12:03:42.991057,21.2,61.0,0
2025-12-10T12:03:45.245906,21.2,60.9,0
2025-12-10T12:03:47.501006,21.2,60.9,0
2025-12-10T12:03:49.755646,21.2,60.9,0
2025-12-10T12:03:52.010205,21.2,60.9,0
2025-12-10T12:03:54.264873,21.2,60.9,0
2025-12-10T12:03:56.522886,21.2,60.9,0
2025-12-10T12:03:58.782895,21.2,60.9,0
2025-12-10T12:04:01.043075,21.2,60.9,0
2025-12-10T12:04:03.297652,21.2,60.9,0
2025-12-10T12:04:05.552119,21.2,60.9,0
2025-12-10T12:04:07.811126,21.2,60.9,0
2025-12-10T12:04:10.065685,21.2,61.0,0
2025-12-10T12:04:12.322844,21.2,61.0,0
2025-12-10T12:04:14.577553,21.2,60.9,0
2025-12-10T12:04:16.832227,21.2,61.0,0
2025-12-10T12:04:19.086731,21.2,60.9,0
2025-12-10T12:04:21.341445,21.2,60.9,0
2025-12-10T12:04:23.598860,21.2,61.0,0
2025-12-10T12:04:25.858889,21.2,60.9,0
2025-12-10T12:04:28.119024,21.2,60.9,0
2025-12-10T12:04:30.373566,21.2,60.9,0
2025-12-10T12:04:32.628027,21.2,60.9,0
2025-12-10T12:04:34.882839,21.2,60.9,0
2025-12-10T12:04:37.142864,21.2,60.9,0
2025-12-10T12:04:39.397345,21.2,60.9,0
2025-12-10T12:04:41.655036,21.2,60.9,0
2025-12-10T12:04:43.909730,21.2,60.9,0
2025-12-10T12:04:46.164220,21.2,60.9,0
2025-12-10T12:04:48.423036,21.2,60.9,0
2025-12-10T12:04:50.677569,21.2,60.9,0
2025-12-10T12:04:52.932144,21.2,60.9,0
2025-12-10T12:04:55.187056,21.2,60.9,0
2025-12-10T12:04:57.446873,21.2,60.9,0
2025-12-10T12:04:59.706805,21.2,60.9,0
2025-12-10T12:05:01.967098,21.2,61.0,0
2025-12-10T12:05:04.221620,21.2,60.9,0
2025-12-10T12:05:06.476094,21.2,60.9,0
2025-12-10T12:05:08.735007,21.2,60.9,0
2025-12-10T12:05:10.994958,21.2,60.9,0
2025-12-10T12:05:13.254797,21.2,60.9,0
2025-12-10T12:05:15.509510,21.2,60.9,0
2025-12-10T12:05:17.767017,21.2,60.9,0
2025-12-10T12:05:20.021949,21.2,60.9,0
2025-12-10T12:05:22.276978,21.2,61.0,0
2025-12-10T12:05:24.531919,21.2,60.9,0
2025-12-10T12:05:26.786897,21.2,60.9,0
2025-12-10T12:05:29.047076,21.2,60.9,0
2025-12-10T12:05:31.301605,21.2,60.9,0
2025-12-10T12:05:33.558808,21.2,60.9,0
2025-12-10T12:05:35.813557,21.2,60.9,0
2025-12-10T12:05:38.068083,21.2,60.9,0
2025-12-10T12:05:40.322551,21.2,60.9,0
2025-12-10T12:05:42.577226,21.2,60.9,0
2025-12-10T12:05:44.831824,21.2,60.9,0
2025-12-10T12:05:47.090896,21.2,60.9,0
2025-12-10T12:05:49.345539,21.2,60.9,0
2025-12-10T12:05:51.602864,21.2,61.0,0
2025-12-10T12:05:53.863051,21.2,61.0,0
2025-12-10T12:05:56.117727,21.2,61.0,0
2025-12-10T12:05:58.372251,21.2,60.9,0
2025-12-10T12:06:00.626722,21.3,61.0,0
2025-12-10T12:06:02.881459,21.2,61.0,0
2025-12-10T12:06:05.138861,21.2,61.0,0
2025-12-10T12:06:07.393319,21.2,61.0,0
2025-12-10T12:06:09.647958,21.2,60.9,0
2025-12-10T12:06:11.906909,21.2,61.0,0
2025-12-10T12:06:14.161380,21.2,60.9,0
2025-12-10T12:06:16.416071,21.2,60.9,0
2025-12-10T12:06:18.670585,21.2,60.9,0
2025-12-10T12:06:20.925161,21.2,60.9,0
2025-12-10T12:06:23.183033,21.2,60.9,0
2025-12-10T12:06:25.437565,21.2,60.9,0
2025-12-10T12:06:27.692013,21.2,60.9,0
2025-12-10T12:06:29.951065,21.2,60.9,0
2025-12-10T12:06:32.210820,21.2,60.9,0
2025-12-10T12:06:34.465263,21.2,60.9,0
2025-12-10T12:06:36.723054,21.2,60.9,0
2025-12-10T12:06:38.977646,21.2,60.9,0
2025-12-10T12:06:41.234806,21.2,60.9,0
2025-12-10T12:06:43.489474,21.2,60.9,0
2025-12-10T12:06:45.743995,21.2,60.9,0
2025-12-10T12:06:48.002860,21.2,60.9,0
2025-12-10T12:06:50.257513,21.2,60.9,0
2025-12-10T12:06:52.512047,21.2,60.9,0
2025-12-10T12:06:54.766515,21.3,61.0,0
2025-12-10T12:06:57.021242,21.2,60.9,0
2025-12-10T12:06:59.275760,21.2,60.9,0
2025-12-10T12:07:01.530210,21.2,60.9,0
2025-12-10T12:07:03.785009,21.2,60.9,0
2025-12-10T12:07:06.039522,21.2,60.9,0
2025-12-10T12:07:08.293995,21.2,60.9,0
2025-12-10T12:07:10.548687,21.2,61.0,0
2025-12-10T12:07:12.806931,21.2,60.9,0
2025-12-10T12:07:15.066832,21.2,60.9,0
2025-12-10T12:07:17.321500,21.2,60.9,0
2025-12-10T12:07:19.576032,21.2,60.9,0
2025-12-10T12:07:21.834898,21.2,60.9,0
2025-12-10T12:07:24.089575,21.2,60.9,0
2025-12-10T12:07:26.346829,21.2,60.9,0
2025-12-10T12:07:28.606781,21.2,60.9,0
2025-12-10T12:07:30.861513,21.2,60.9,0
2025-12-10T12:07:33.118857,21.2,60.9,0
2025-12-10T12:07:35.373342,21.2,60.9,0
2025-12-10T12:07:37.628002,21.2,60.9,0
2025-12-10T12:07:39.882623,21.2,60.9,0
2025-12-10T12:07:42.137097,21.2,60.9,0
2025-12-10T12:07:44.391737,21.2,60.9,0
2025-12-10T12:07:46.646440,21.2,60.9,0
2025-12-10T12:07:48.901218,21.2,60.9,0
2025-12-10T12:07:51.156153,21.2,60.9,0
2025-12-10T12:07:53.410879,21.2,60.9,0
2025-12-10T12:07:55.665600,21.2,60.9,0
2025-12-10T12:07:57.920752,21.2,60.9,0
2025-12-10T12:08:00.175700,21.2,60.9,0
2025-12-10T12:08:02.430506,21.2,60.9,0
2025-12-10T12:08:04.685463,21.2,60.9,0
2025-12-10T12:08:06.940268,21.2,60.9,0
2025-12-10T12:08:09.195016,21.2,60.9,0
2025-12-10T12:08:11.449904,21.2,60.9,0
2025-12-10T12:08:13.704716,21.2,60.9,0
2025-12-10T12:08:15.959549,21.2,60.9,0
2025-12-10T12:08:18.214518,21.2,60.9,0
2025-12-10T12:08:20.469329,21.2,60.9,0
2025-12-10T12:08:22.724095,21.2,60.9,0
2025-12-10T12:08:24.979115,21.2,60.9,0
2025-12-10T12:08:27.233951,21.2,60.9,0
2025-12-10T12:08:29.488660,21.2,60.9,0
2025-12-10T12:08:31.743677,21.2,60.9,0
2025-12-10T12:08:33.998703,21.2,60.9,0
2025-12-10T12:08:36.253504,21.2,60.9,0
2025-12-10T12:08:38.508491,21.2,60.9,0
2025-12-10T12:08:40.763331,21.2,60.9,0
2025-12-10T12:08:43.018211,21.2,60.9,0
2025-12-10T12:08:45.273258,21.2,60.9,0
2025-12-10T12:08:47.528102,21.2,60.9,0
2025-12-10T12:08:49.784002,21.2,60.9,0
2025-12-10T12:08:52.038694,21.2,60.9,0
2025-12-10T12:08:54.293219,21.2,60.9,0
2025-12-10T12:08:56.547719,21.2,60.9,0
2025-12-10T12:08:58.802496,21.2,60.9,0
2025-12-10T12:09:01.057032,21.2,60.9,0
2025-12-10T12:09:03.314804,21.3,61.0,0
2025-12-10T12:09:05.569447,21.2,60.9,0
2025-12-10T12:09:07.826940,21.2,60.9,0
2025-12-10T12:09:10.086808,21.2,60.9,0
2025-12-10T12:09:12.341531,21.2,60.9,0
2025-12-10T12:09:14.598854,21.2,60.9,0
2025-12-10T12:09:16.853497,21.2,60.9,0
2025-12-10T12:09:19.108179,21.2,60.9,0
2025-12-10T12:09:21.366818,21.2,60.9,0
2025-12-10T12:09:23.621276,21.2,60.9,0
2025-12-10T12:09:25.876011,21.2,60.9,0
2025-12-10T12:09:28.134830,21.2,60.9,0
2025-12-10T12:09:30.389280,21.2,60.9,0
2025-12-10T12:09:32.646996,21.2,60.9,0
2025-12-10T12:09:34.906896,21.2,60.9,0
2025-12-10T12:09:37.166784,21.2,60.9,0
2025-12-10T12:09:39.421440,21.2,60.9,0
2025-12-10T12:09:41.675964,21.2,60.9,0
2025-12-10T12:09:43.930496,21.2,60.9,0
2025-12-10T12:09:46.185143,21.2,60.9,0
2025-12-10T12:09:48.442835,21.2,60.9,0
2025-12-10T12:09:50.702785,21.2,60.9,0
2025-12-10T12:09:52.957510,21.2,60.9,0
2025-12-10T12:09:55.212033,21.2,60.9,0
2025-12-10T12:09:57.466496,21.2,60.9,0
2025-12-10T12:09:59.726987,21.2,60.9,0
2025-12-10T12:10:01.986893,21.2,60.9,0
2025-12-10T12:10:04.241349,21.2,60.9,0
2025-12-10T12:10:06.498994,21.2,60.9,0
2025-12-10T12:10:08.753522,21.2,60.9,0
2025-12-10T12:10:11.008073,21.2,60.9,0
2025-12-10T12:10:13.262762,21.2,60.9,0
2025-12-10T12:10:15.517281,21.2,60.9,0
2025-12-10T12:10:17.771732,21.2,60.9,0
2025-12-10T12:10:20.031078,21.2,60.9,0
2025-12-10T12:10:22.285604,21.2,60.9,0
2025-12-10T12:10:24.542806,21.2,60.9,0
2025-12-10T12:10:26.797563,21.2,60.9,0
2025-12-10T12:10:29.052166,21.2,60.9,0
2025-12-10T12:10:31.306643,21.2,60.9,0
2025-12-10T12:10:33.566994,21.2,60.9,0
2025-12-10T12:10:35.826921,21.2,60.9,0
2025-12-10T12:10:38.081382,21.2,60.9,0
2025-12-10T12:10:40.339025,21.2,60.9,0
2025-12-10T12:10:42.593565,21.2,60.9,0
2025-12-10T12:10:44.848105,21.2,60.9,0
2025-12-10T12:10:47.102865,21.2,60.9,0
2025-12-10T12:10:49.357380,21.2,60.9,0
2025-12-10T12:10:51.614816,21.2,60.9,0
2025-12-10T12:10:53.869536,21.2,60.9,0
2025-12-10T12:10:56.126876,21.2,60.9,0
2025-12-10T12:10:58.386833,21.2,60.9,0
2025-12-10T12:11:00.641475,21.2,60.9,0
2025-12-10T12:11:02.896073,21.2,60.9,0
2025-12-10T12:11:05.154808,21.2,60.9,1
2025-12-10T12:11:07.409486,21.2,60.9,0
2025-12-10T12:11:09.666847,21.2,60.9,0
2025-12-10T12:11:11.921391,21.2,60.9,0
2025-12-10T12:11:14.179017,21.2,60.9,0
2025-12-10T12:11:16.433543,21.2,60.9,0
2025-12-10T12:11:18.688009,21.2,60.9,0
2025-12-10T12:11:20.947096,21.2,60.9,0
2025-12-10T12:11:23.206827,21.2,60.9,0
2025-12-10T12:11:25.466826,21.2,60.9,0
2025-12-10T12:11:27.727026,21.2,60.9,0
2025-12-10T12:11:29.981619,21.2,60.9,0
2025-12-10T12:11:32.238836,21.2,60.9,0
2025-12-10T12:11:34.493523,21.2,60.9,0
2025-12-10T12:11:36.748073,21.2,60.9,0
2025-12-10T12:11:39.002627,21.2,60.9,0
2025-12-10T12:11:41.257284,21.2,60.9,0
2025-12-10T12:11:43.511807,21.2,60.9,0
2025-12-10T12:11:45.770807,21.2,60.9,0
2025-12-10T12:11:48.025601,21.2,60.9,0
2025-12-10T12:11:50.280125,21.2,60.9,0
2025-12-10T12:11:52.534609,21.2,60.9,0
2025-12-10T12:11:54.789363,21.2,60.9,0
2025-12-10T12:11:57.047145,21.2,60.9,0
2025-12-10T12:11:59.301969,21.2,60.9,0
2025-12-10T12:12:01.557030,21.2,60.9,0
2025-12-10T12:12:03.812034,21.2,60.9,0
2025-12-10T12:12:06.066860,21.2,60.9,0
2025-12-10T12:12:08.321883,21.2,60.9,0
2025-12-10T12:12:10.576816,21.2,60.9,0
2025-12-10T12:12:12.831726,21.2,60.9,0
2025-12-10T12:12:15.086733,21.2,60.9,0
2025-12-10T12:12:17.341500,21.2,60.9,0
2025-12-10T12:12:19.596305,21.2,60.9,0
2025-12-10T12:12:21.851333,21.2,60.9,0
2025-12-10T12:12:24.106195,21.2,60.9,0
2025-12-10T12:12:26.360945,21.2,60.9,0
2025-12-10T12:12:28.615888,21.2,60.9,0
2025-12-10T12:12:30.870781,21.2,60.9,0
2025-12-10T12:12:33.125513,21.2,60.9,0
2025-12-10T12:12:35.380497,21.2,60.9,0
2025-12-10T12:12:37.635302,21.2,60.9,0
2025-12-10T12:12:39.890102,21.2,60.9,0
2025-12-10T12:12:42.145019,21.2,60.9,0
2025-12-10T12:12:44.399781,21.2,60.9,0
2025-12-10T12:12:46.654581,21.2,60.9,0
2025-12-10T12:12:48.909704,21.2,60.9,0
2025-12-10T12:12:51.164498,21.2,60.9,0
2025-12-10T12:12:53.419213,21.2,60.9,0
2025-12-10T12:12:55.674089,21.2,60.9,0
2025-12-10T12:12:57.928937,21.2,60.9,0
2025-12-10T12:13:00.183657,21.2,60.9,0
2025-12-10T12:13:02.438550,21.2,60.9,0
2025-12-10T12:13:04.693310,21.2,60.9,0
2025-12-10T12:13:06.948074,21.2,60.9,0
2025-12-10T12:13:09.202955,21.2,60.9,0
2025-12-10T12:13:11.457732,21.2,60.9,0
2025-12-10T12:13:13.712502,21.2,60.9,0
2025-12-10T12:13:15.967511,21.2,60.9,0
2025-12-10T12:13:18.222323,21.3,60.9,0
2025-12-10T12:13:20.477144,21.2,60.9,0
2025-12-10T12:13:22.732066,21.2,60.9,0
2025-12-10T12:13:24.986901,21.2,60.9,0
2025-12-10T12:13:27.241661,21.2,60.9,0
2025-12-10T12:13:29.496642,21.2,60.9,0
2025-12-10T12:13:31.751460,21.2,60.9,0
2025-12-10T12:13:34.006296,21.2,60.9,0
2025-12-10T12:13:36.261198,21.2,60.9,0
2025-12-10T12:13:38.515941,21.2,60.9,0
2025-12-10T12:13:40.770672,21.2,60.9,0
2025-12-10T12:13:43.025642,21.2,60.9,0
2025-12-10T12:13:45.280487,21.2,60.9,0
2025-12-10T12:13:47.535213,21.2,60.9,0
2025-12-10T12:13:49.790231,21.2,60.9,0
2025-12-10T12:13:52.045042,21.2,60.9,0
2025-12-10T12:13:54.299781,21.2,60.9,0
2025-12-10T12:13:56.554805,21.2,60.9,0
2025-12-10T12:13:58.809708,21.2,60.9,0
2025-12-10T12:14:01.064478,21.2,60.9,0
2025-12-10T12:14:03.319447,21.2,60.9,0
2025-12-10T12:14:05.574245,21.2,60.9,0
2025-12-10T12:14:07.828751,21.2,60.9,0
2025-12-10T12:14:10.083691,21.2,60.9,1
2025-12-10T12:14:12.338498,21.2,60.9,0
2025-12-10T12:14:14.593207,21.2,60.9,0
2025-12-10T12:14:16.848215,21.2,60.9,0
2025-12-10T12:14:19.102997,21.2,60.9,0
2025-12-10T12:14:21.357735,21.2,60.9,0
2025-12-10T12:14:23.612716,21.2,60.9,0
2025-12-10T12:14:25.867660,21.2,60.9,0
2025-12-10T12:14:28.122468,21.2,60.9,0
2025-12-10T12:14:30.377414,21.2,60.9,0
2025-12-10T12:14:32.632189,21.2,60.9,0
2025-12-10T12:14:34.886920,21.2,60.9,0
2025-12-10T12:14:37.141836,21.2,60.9,0
2025-12-10T12:14:39.396640,21.2,60.9,0
2025-12-10T12:14:41.651360,21.2,60.9,0
2025-12-10T12:14:43.906387,21.2,60.9,0
2025-12-10T12:14:46.161161,21.2,60.9,0
2025-12-10T12:14:48.415914,21.2,60.9,0
2025-12-10T12:14:50.670826,21.2,60.9,0
2025-12-10T12:14:52.925695,21.2,60.9,0
2025-12-10T12:14:55.180475,21.2,60.9,0
2025-12-10T12:14:57.435428,,,0
2025-12-10T12:14:59.690312,21.2,60.9,0
2025-12-10T12:15:01.945094,21.2,60.9,0
2025-12-10T12:15:04.200084,21.2,60.9,0
2025-12-10T12:15:06.454882,21.2,60.9,0
2025-12-10T12:15:08.709604,21.2,60.9,0
2025-12-10T12:15:10.964644,21.2,60.9,0
2025-12-10T12:15:13.219446,21.2,60.9,0
2025-12-10T12:15:15.474186,21.2,60.9,0
2025-12-10T12:15:17.729159,21.2,60.9,0
2025-12-10T12:15:19.984129,21.2,60.9,0
2025-12-10T12:15:22.238964,21.2,60.9,0
2025-12-10T12:15:24.493970,21.2,60.9,0
2025-12-10T12:15:26.748929,21.2,60.9,0
2025-12-10T12:15:29.003785,21.2,60.9,0
2025-12-10T12:15:31.258701,21.2,60.9,0
2025-12-10T12:15:33.513506,21.2,60.9,0
2025-12-10T12:15:35.768251,21.2,60.9,0
2025-12-10T12:15:38.023218,21.2,60.9,0
2025-12-10T12:15:40.278004,21.2,60.9,0
2025-12-10T12:15:42.532782,21.2,60.9,0
2025-12-10T12:15:44.787788,21.2,60.9,0
2025-12-10T12:15:47.042643,21.2,60.9,0
2025-12-10T12:15:49.297399,21.2,60.9,0
2025-12-10T12:15:51.552319,21.2,60.9,0
2025-12-10T12:15:53.807226,21.2,60.9,0
2025-12-10T12:15:56.061990,21.2,60.9,0
2025-12-10T12:15:58.316943,21.2,60.9,0
2025-12-10T12:16:00.571742,21.2,60.9,0
2025-12-10T12:16:02.826574,21.2,60.9,0
2025-12-10T12:16:05.081548,21.2,60.9,0
2025-12-10T12:16:07.336356,21.2,60.9,0
2025-12-10T12:16:09.591144,21.2,60.9,0
2025-12-10T12:16:11.845879,21.2,60.9,0
2025-12-10T12:16:14.100427,21.2,60.9,0
2025-12-10T12:16:16.358829,21.2,60.9,0
2025-12-10T12:16:18.613479,21.2,60.9,0
2025-12-10T12:16:20.868108,21.2,60.9,0
2025-12-10T12:16:23.122619,21.2,60.9,0
2025-12-10T12:16:25.377273,21.2,60.9,0
2025-12-10T12:16:27.631803,21.2,60.9,0
2025-12-10T12:16:29.886383,21.2,60.9,0
2025-12-10T12:16:32.147003,21.2,60.9,0
2025-12-10T12:16:34.401544,21.2,60.9,0
2025-12-10T12:16:36.656039,21.2,60.9,0
2025-12-10T12:16:38.915036,21.3,60.9,0
2025-12-10T12:16:41.174857,21.2,60.9,0
2025-12-10T12:16:43.434828,21.3,60.9,0
2025-12-10T12:16:45.695011,21.2,60.9,0
2025-12-10T12:16:47.949632,21.2,60.9,0
2025-12-10T12:16:50.207013,21.2,60.9,0
2025-12-10T12:16:52.461954,21.2,60.9,0
2025-12-10T12:16:54.716794,21.2,60.9,0
2025-12-10T12:16:56.971593,21.2,60.9,0
2025-12-10T12:16:59.226576,21.2,60.9,0
2025-12-10T12:17:01.481345,21.2,60.9,0
2025-12-10T12:17:03.735911,21.2,60.9,0
2025-12-10T12:17:05.991009,21.2,60.9,0
2025-12-10T12:17:08.245914,21.2,60.9,0
2025-12-10T12:17:10.500787,21.2,60.9,0
2025-12-10T12:17:12.755828,21.2,60.9,0
2025-12-10T12:17:15.010843,21.2,60.9,0
2025-12-10T12:17:17.265676,21.2,60.9,0
2025-12-10T12:17:19.520713,21.2,60.9,0
2025-12-10T12:17:21.775596,21.2,60.9,0
2025-12-10T12:17:24.030521,21.2,60.9,0
2025-12-10T12:17:26.285506,21.2,60.9,0
2025-12-10T12:17:28.540422,21.2,60.9,0
2025-12-10T12:17:30.795315,21.2,60.9,0
2025-12-10T12:17:33.050243,21.2,60.9,0
2025-12-10T12:17:35.308943,21.3,60.9,0
2025-12-10T12:17:37.563421,21.2,60.9,0
2025-12-10T12:17:39.818194,21.2,60.9,0
2025-12-10T12:17:42.072760,21.2,60.9,0
2025-12-10T12:17:44.330822,21.2,60.9,0
2025-12-10T12:17:46.591022,21.2,60.9,0
2025-12-10T12:17:48.845730,21.2,60.9,0
2025-12-10T12:17:51.100231,21.2,60.9,0
2025-12-10T12:17:53.354938,21.2,60.9,0
2025-12-10T12:17:55.609502,21.3,60.9,0
2025-12-10T12:17:57.864091,21.2,60.9,0
2025-12-10T12:18:00.123034,21.2,60.9,0
2025-12-10T12:18:02.377576,21.2,60.9,0
2025-12-10T12:18:04.632062,21.2,60.9,0
2025-12-10T12:18:06.886866,21.2,60.9,0
2025-12-10T12:18:09.141431,21.2,60.9,0
2025-12-10T12:18:11.395925,21.2,60.9,0
2025-12-10T12:18:13.650622,21.2,60.9,0
2025-12-10T12:18:15.905340,21.2,60.9,0
2025-12-10T12:18:18.162835,21.2,60.9,0
2025-12-10T12:18:20.417519,21.3,60.9,0
2025-12-10T12:18:22.672079,21.2,60.9,0
2025-12-10T12:18:24.926693,21.2,60.9,0
2025-12-10T12:18:27.181380,21.2,60.9,0
2025-12-10T12:18:29.438879,21.2,60.9,0
2025-12-10T12:18:31.698822,21.2,60.9,0
2025-12-10T12:18:33.959135,21.2,60.8,0
2025-12-10T12:18:36.213697,21.2,60.9,0
2025-12-10T12:18:38.468193,21.2,60.9,0
2025-12-10T12:18:40.722873,21.2,60.9,0
2025-12-10T12:18:42.982940,21.2,60.9,0
2025-12-10T12:18:45.237459,21.2,60.9,0
2025-12-10T12:18:47.492180,21.2,60.8,0
2025-12-10T12:18:49.750864,21.2,60.9,0
2025-12-10T12:18:52.005445,21.3,60.9,0
2025-12-10T12:18:54.263038,21.2,60.9,0
2025-12-10T12:18:56.522856,21.2,60.9,0
2025-12-10T12:18:58.777343,21.2,60.9,0
2025-12-10T12:19:01.032121,21.2,60.8,0
2025-12-10T12:19:03.290838,21.3,60.9,0
2025-12-10T12:19:05.545331,21.2,60.9,0
2025-12-10T12:19:07.803232,21.2,60.9,0
2025-12-10T12:19:10.057759,21.3,60.9,0
2025-12-10T12:19:12.314833,21.2,60.8,0
2025-12-10T12:19:14.569502,21.2,60.8,0
2025-12-10T12:19:16.826988,21.2,60.9,0
2025-12-10T12:19:19.081475,21.2,60.9,0
2025-12-10T12:19:21.336174,21.2,60.9,0
2025-12-10T12:19:23.590747,21.2,60.9,0
2025-12-10T12:19:25.845322,21.2,60.9,1
2025-12-10T12:19:28.103061,21.2,60.9,0
2025-12-10T12:19:30.357695,21.3,60.9,0
2025-12-10T12:19:32.612535,21.2,60.9,0
2025-12-10T12:19:34.867478,21.2,60.8,0
2025-12-10T12:19:37.122331,21.2,60.9,0
2025-12-10T12:19:39.377173,21.2,60.9,0
2025-12-10T12:19:41.632220,21.2,60.8,0
2025-12-10T12:19:43.887159,21.2,60.9,0
2025-12-10T12:19:46.142009,21.2,60.8,0
2025-12-10T12:19:48.397033,21.2,60.8,0
2025-12-10T12:19:50.651927,21.2,60.8,0
2025-12-10T12:19:52.906851,21.3,60.9,0
2025-12-10T12:19:55.161880,21.2,60.8,0
2025-12-10T12:19:57.416799,21.2,60.8,0
2025-12-10T12:19:59.671709,21.2,60.9,0
2025-12-10T12:20:01.926863,21.2,60.9,0
2025-12-10T12:20:04.181712,21.2,60.9,0
2025-12-10T12:20:06.436580,21.2,60.8,0
2025-12-10T12:20:08.691626,21.2,60.8,1
2025-12-10T12:20:10.946649,21.2,60.8,0
2025-12-10T12:20:13.201462,21.2,60.8,0
2025-12-10T12:20:15.456570,21.2,60.8,0
2025-12-10T12:20:17.711488,21.3,60.9,0
2025-12-10T12:20:19.966343,21.2,60.9,0
2025-12-10T12:20:22.221303,21.2,60.9,0
2025-12-10T12:20:24.476192,21.2,60.9,0
2025-12-10T12:20:26.731052,21.2,60.8,0
2025-12-10T12:20:28.986089,21.2,60.8,0
2025-12-10T12:20:31.241027,21.2,60.8,0
2025-12-10T12:20:33.495868,21.2,60.8,0
2025-12-10T12:20:35.750944,21.2,60.8,0
2025-12-10T12:20:38.005510,21.2,60.8,0
2025-12-10T12:20:40.260367,21.2,60.8,0
2025-12-10T12:20:42.515362,21.2,60.8,0
2025-12-10T12:20:44.770232,21.2,60.8,0
2025-12-10T12:20:47.025243,21.2,60.8,0
2025-12-10T12:20:49.280209,21.2,60.9,0
2025-12-10T12:20:51.535152,21.2,60.8,0
2025-12-10T12:20:53.790074,21.2,60.9,0
2025-12-10T12:20:56.045123,21.3,60.9,0
2025-12-10T12:20:58.300013,21.2,60.9,0
2025-12-10T12:21:00.554865,21.2,60.8,0
2025-12-10T12:21:02.809952,21.2,60.8,0
2025-12-10T12:21:05.064939,21.2,60.8,0
2025-12-10T12:21:07.319809,21.2,60.9,0
2025-12-10T12:21:09.574813,21.3,60.9,0
2025-12-10T12:21:11.829780,21.2,60.9,0
2025-12-10T12:21:14.084625,21.2,60.8,0
2025-12-10T12:21:16.339596,,,0
2025-12-10T12:21:18.594450,21.2,60.8,0
2025-12-10T12:21:20.849353,21.2,60.8,0
2025-12-10T12:21:23.104463,21.2,60.8,0
2025-12-10T12:21:25.359359,21.3,60.9,0
2025-12-10T12:21:27.614201,21.2,60.9,0
2025-12-10T12:21:29.868979,21.2,60.8,0
2025-12-10T12:21:32.126917,21.2,60.8,0
2025-12-10T12:21:34.386821,21.2,60.8,0
2025-12-10T12:21:36.641498,21.2,60.8,0
2025-12-10T12:21:38.898987,21.2,60.8,0
2025-12-10T12:21:41.153803,21.2,60.8,0
2025-12-10T12:21:43.408836,21.2,60.8,0
2025-12-10T12:21:45.663722,21.2,60.8,1
2025-12-10T12:21:47.918612,21.2,60.8,0
2025-12-10T12:21:50.173624,21.2,60.8,0
2025-12-10T12:21:52.428499,21.2,60.8,0
2025-12-10T12:21:54.683353,21.3,60.9,0
2025-12-10T12:21:56.938417,21.2,60.8,1
2025-12-10T12:21:59.193333,21.2,60.8,0
2025-12-10T12:22:01.448117,21.2,60.8,0
2025-12-10T12:22:03.703207,21.2,60.8,0
2025-12-10T12:22:05.958155,21.2,60.9,0
2025-12-10T12:22:08.213022,21.2,60.8,0
2025-12-10T12:22:10.468011,21.2,60.9,0
2025-12-10T12:22:12.722921,21.2,60.8,0
2025-12-10T12:22:14.977803,21.2,60.8,0
2025-12-10T12:22:17.232859,21.2,60.9,0
2025-12-10T12:22:19.487767,21.2,60.9,0
2025-12-10T12:22:21.742597,21.2,60.8,0
2025-12-10T12:22:23.997645,21.2,60.8,0
2025-12-10T12:22:26.252556,21.3,60.9,0
2025-12-10T12:22:28.507392,21.3,60.9,0
2025-12-10T12:22:30.762378,21.3,60.9,0
2025-12-10T12:22:33.017343,21.2,60.8,0
2025-12-10T12:22:35.272183,21.2,60.8,0
2025-12-10T12:22:37.527192,21.2,60.8,0
2025-12-10T12:22:39.783141,21.3,60.9,0
2025-12-10T12:22:42.037952,21.2,60.8,0
2025-12-10T12:22:44.293036,21.2,60.8,0
2025-12-10T12:22:46.547915,21.2,60.8,0
2025-12-10T12:22:48.802821,21.2,60.8,0
2025-12-10T12:22:51.057841,,,0
2025-12-10T12:22:53.312746,21.2,60.9,0
2025-12-10T12:22:55.567566,21.2,60.8,0
2025-12-10T12:22:57.822711,21.2,60.8,0
2025-12-10T12:23:00.077631,21.2,60.8,0
2025-12-10T12:23:02.332507,21.2,60.8,1
2025-12-10T12:23:04.587510,21.2,60.8,0
2025-12-10T12:23:06.842513,21.3,60.9,0
2025-12-10T12:23:09.097328,21.2,60.8,0
2025-12-10T12:23:11.352372,21.2,60.8,0
2025-12-10T12:23:13.607291,21.3,60.9,1
2025-12-10T12:23:15.861834,21.2,60.8,0
2025-12-10T12:23:18.116876,21.3,60.9,0
2025-12-10T12:23:20.371807,21.2,60.8,0
2025-12-10T12:23:22.626613,21.2,60.8,0
2025-12-10T12:23:24.881723,21.2,60.8,0
2025-12-10T12:23:27.136618,21.3,60.9,0
2025-12-10T12:23:29.391473,21.2,60.8,0
2025-12-10T12:23:31.646431,21.3,60.8,0
2025-12-10T12:23:33.901434,21.2,60.8,0
2025-12-10T12:23:36.156280,21.2,60.8,0
2025-12-10T12:23:38.411299,21.3,60.9,0
2025-12-10T12:23:40.666166,21.3,60.9,0
2025-12-10T12:23:42.921141,21.2,60.8,1
2025-12-10T12:23:45.176153,21.3,60.8,0
2025-12-10T12:23:47.431013,21.2,60.8,0
2025-12-10T12:23:49.685859,21.2,60.8,0
2025-12-10T12:23:51.940970,21.2,60.8,0
2025-12-10T12:23:54.195922,21.2,60.8,0
2025-12-10T12:23:56.450724,21.3,60.8,0
2025-12-10T12:23:58.705700,21.2,60.8,0
2025-12-10T12:24:00.960714,21.2,60.8,0
2025-12-10T12:24:03.215565,21.2,60.8,0
2025-12-10T12:24:05.470607,21.3,60.8,0
2025-12-10T12:24:07.725443,21.2,60.8,0
2025-12-10T12:24:09.980321,21.2,60.8,0
2025-12-10T12:24:12.235317,21.2,60.8,0
2025-12-10T12:24:14.490190,21.2,60.8,0
2025-12-10T12:24:16.745013,21.2,60.8,0
2025-12-10T12:24:19.000118,21.2,60.8,0
2025-12-10T12:24:21.254976,21.2,60.8,0
2025-12-10T12:24:23.509821,21.2,60.8,0
2025-12-10T12:24:25.764834,21.2,60.8,0
2025-12-10T12:24:28.019805,21.3,60.9,0
2025-12-10T12:24:30.274589,21.2,60.8,0
2025-12-10T12:24:32.529587,21.2,60.8,0
2025-12-10T12:24:34.784276,21.2,60.8,0
2025-12-10T12:24:37.038743,21.2,60.8,0
2025-12-10T12:24:39.299025,21.2,60.8,0
2025-12-10T12:24:41.553555,21.2,60.8,0
2025-12-10T12:24:43.808121,21.2,60.8,0
2025-12-10T12:24:46.062794,21.3,60.8,0
2025-12-10T12:24:48.322844,21.2,60.8,0
2025-12-10T12:24:50.582816,21.2,60.8,0
2025-12-10T12:24:52.837616,21.2,60.8,0
2025-12-10T12:24:55.092176,21.2,60.8,1
2025-12-10T12:24:57.350814,21.2,60.8,0
2025-12-10T12:24:59.605458,21.3,60.9,0
2025-12-10T12:25:01.860069,21.2,60.8,0
2025-12-10T12:25:04.118867,21.3,60.9,0
2025-12-10T12:25:06.379013,21.3,60.9,0
2025-12-10T12:25:08.638832,21.2,60.8,1
2025-12-10T12:25:10.898922,21.2,60.8,0
2025-12-10T12:25:13.153591,21.2,60.9,0
2025-12-10T12:25:15.410919,21.2,60.8,0
2025-12-10T12:25:17.665401,21.2,60.8,0
2025-12-10T12:25:19.923118,21.2,60.8,1
2025-12-10T12:25:22.177666,21.2,60.8,0
2025-12-10T12:25:24.432156,21.2,60.8,1
2025-12-10T12:25:26.686847,21.3,60.9,0
2025-12-10T12:25:28.942993,21.3,60.9,1
2025-12-10T12:25:31.197450,21.2,60.8,0
2025-12-10T12:25:33.452112,21.2,60.8,0
2025-12-10T12:25:35.706649,21.2,60.9,0
2025-12-10T12:25:37.961213,21.3,60.9,0
2025-12-10T12:25:40.215926,21.2,60.8,0
2025-12-10T12:25:42.470466,21.3,60.9,0
2025-12-10T12:25:44.724958,21.3,60.9,0
2025-12-10T12:25:46.979783,21.2,60.8,0
2025-12-10T12:25:49.234316,21.3,60.9,0
2025-12-10T12:25:51.488816,21.2,60.8,0
2025-12-10T12:25:53.743512,21.2,60.9,0
2025-12-10T12:25:55.999042,21.2,60.9,1
2025-12-10T12:25:58.258801,21.2,60.8,0
2025-12-10T12:26:00.513465,21.3,60.9,1
2025-12-10T12:26:02.768051,,,0
2025-12-10T12:26:05.026772,21.2,60.9,0
2025-12-10T12:26:07.281433,21.2,60.9,1
2025-12-10T12:26:09.535984,21.3,60.9,0
2025-12-10T12:26:11.790603,21.2,60.8,0
2025-12-10T12:26:14.045273,21.2,60.9,0
2025-12-10T12:26:16.299843,21.2,60.9,0
2025-12-10T12:26:18.554316,21.2,60.8,0
2025-12-10T12:26:20.809082,21.2,60.8,0
2025-12-10T12:26:23.066950,21.3,60.9,0
2025-12-10T12:26:25.326792,21.2,60.8,0
2025-12-10T12:26:27.581443,21.2,60.8,0
2025-12-10T12:26:29.838942,21.2,60.8,0
2025-12-10T12:26:32.098800,21.3,60.8,0
2025-12-10T12:26:34.353432,21.2,60.8,0
2025-12-10T12:26:36.607958,21.2,60.9,0
2025-12-10T12:26:38.862525,21.2,60.8,0
2025-12-10T12:26:41.123001,21.3,60.8,0
2025-12-10T12:26:43.382863,21.2,60.8,0
2025-12-10T12:26:45.642798,21.2,60.8,0
2025-12-10T12:26:47.903092,21.3,60.8,0
2025-12-10T12:26:50.162825,21.2,60.8,0
2025-12-10T12:26:52.422815,21.3,60.8,0
2025-12-10T12:26:54.677487,21.3,60.8,0
2025-12-10T12:26:56.934950,21.2,60.8,0
2025-12-10T12:26:59.189393,21.2,60.8,0
2025-12-10T12:27:01.446983,21.2,60.8,1
2025-12-10T12:27:03.701529,21.2,60.8,0
2025-12-10T12:27:05.956051,21.3,60.8,0
2025-12-10T12:27:08.210688,21.2,60.8,1
2025-12-10T12:27:10.465227,21.2,60.8,0
2025-12-10T12:27:12.719725,21.3,60.9,1
2025-12-10T12:27:14.979060,21.2,60.8,0
2025-12-10T12:27:17.233573,21.2,60.8,0
2025-12-10T12:27:19.490806,21.2,60.8,0
2025-12-10T12:27:21.745458,21.2,60.8,0
2025-12-10T12:27:24.000083,21.3,60.8,0
2025-12-10T12:27:26.254537,21.2,60.8,1
2025-12-10T12:27:28.515020,21.3,60.9,0
2025-12-10T12:27:30.769559,21.2,60.8,1
2025-12-10T12:27:33.024122,21.3,60.8,0
2025-12-10T12:27:35.278797,21.2,60.8,0
2025-12-10T12:27:37.538832,21.2,60.8,0
2025-12-10T12:27:39.798896,21.2,60.8,0
2025-12-10T12:27:42.053580,21.2,60.8,1
2025-12-10T12:27:44.310867,21.3,60.9,0
2025-12-10T12:27:46.570798,21.3,60.9,0
2025-12-10T12:27:48.825544,21.3,60.9,0
2025-12-10T12:27:51.080108,21.2,60.8,0
2025-12-10T12:27:53.338781,21.3,60.9,0
2025-12-10T12:27:55.593491,21.3,60.9,0
2025-12-10T12:27:57.848393,21.2,60.9,1
2025-12-10T12:28:00.103131,21.2,60.9,0
2025-12-10T12:28:02.358045,21.3,60.9,0
2025-12-10T12:28:04.612916,21.3,60.9,0
2025-12-10T12:28:06.867727,21.3,60.9,0
2025-12-10T12:28:09.122699,21.2,60.8,1
2025-12-10T12:28:11.377464,21.3,60.9,0
2025-12-10T12:28:13.632243,21.3,60.8,0
2025-12-10T12:28:15.887227,21.2,60.8,0
2025-12-10T12:28:18.142069,21.3,60.8,1
2025-12-10T12:28:20.396769,21.3,60.9,0
2025-12-10T12:28:22.651751,21.3,60.8,0
2025-12-10T12:28:24.906602,21.3,60.9,0
2025-12-10T12:28:27.161308,21.3,60.8,0
2025-12-10T12:28:29.416221,21.3,60.9,0
2025-12-10T12:28:31.671002,21.3,60.9,0
2025-12-10T12:28:33.925923,21.3,60.8,0
2025-12-10T12:28:36.180446,21.3,60.8,0
2025-12-10T12:28:38.435232,21.3,60.9,0
2025-12-10T12:28:40.689932,21.3,60.9,0
2025-12-10T12:28:42.944954,21.3,60.8,0
2025-12-10T12:28:45.199812,21.3,60.9,0
2025-12-10T12:28:47.454502,21.3,60.9,0
2025-12-10T12:28:49.709471,21.3,60.8,0
2025-12-10T12:28:51.964337,21.2,60.8,1
2025-12-10T12:28:54.219034,21.3,60.8,0
2025-12-10T12:28:56.473912,21.3,60.8,0
2025-12-10T12:28:58.728658,21.3,60.9,0
2025-12-10T12:29:00.983463,21.3,60.8,0
2025-12-10T12:29:03.238382,21.3,60.9,0
2025-12-10T12:29:05.493220,21.3,60.9,0
2025-12-10T12:29:07.747931,21.3,60.8,0
2025-12-10T12:29:10.003051,21.2,60.8,0
2025-12-10T12:29:12.257911,21.3,60.8,0
2025-12-10T12:29:14.512688,21.3,60.8,0
2025-12-10T12:29:16.767694,21.3,60.9,0
2025-12-10T12:29:19.022565,21.3,60.9,0
2025-12-10T12:29:21.277244,21.3,60.8,0
2025-12-10T12:29:23.532198,21.3,60.8,0
2025-12-10T12:29:25.787340,21.2,60.8,0
2025-12-10T12:29:28.042139,21.3,60.8,0
2025-12-10T12:29:30.297064,21.3,60.8,0
2025-12-10T12:29:32.551892,21.2,60.8,0
2025-12-10T12:29:34.806666,21.3,60.9,0
2025-12-10T12:29:37.061646,21.3,60.9,0
2025-12-10T12:29:39.316441,21.3,60.8,0
2025-12-10T12:29:41.571183,21.3,60.9,0
2025-12-10T12:29:43.826162,21.3,60.8,0
2025-12-10T12:29:46.081029,21.2,60.8,0
2025-12-10T12:29:48.335743,21.3,60.8,0
2025-12-10T12:29:50.590662,21.3,60.8,0
2025-12-10T12:29:52.845676,21.3,60.8,0
2025-12-10T12:29:55.100435,21.3,60.8,0
2025-12-10T12:29:57.355413,21.2,60.8,0
2025-12-10T12:29:59.610208,21.3,60.8,1
2025-12-10T12:30:01.864999,21.3,60.8,0
2025-12-10T12:30:04.119974,21.3,60.8,0
2025-12-10T12:30:06.374822,21.3,60.9,0
2025-12-10T12:30:08.629600,21.3,60.8,0
2025-12-10T12:30:10.884850,21.3,60.8,0
2025-12-10T12:30:13.139738,21.3,60.8,0
2025-12-10T12:30:15.394436,21.3,60.8,0
2025-12-10T12:30:17.649332,21.3,60.8,0
2025-12-10T12:30:19.904270,21.3,60.8,0
2025-12-10T12:30:22.159049,21.3,60.8,0
2025-12-10T12:30:24.414024,21.3,60.9,0
2025-12-10T12:30:26.668602,21.3,60.8,0
2025-12-10T12:30:28.923196,21.3,60.8,0
2025-12-10T12:30:31.177899,21.3,60.9,0
2025-12-10T12:30:33.432493,21.3,60.8,0
2025-12-10T12:30:35.690809,21.3,60.8,0
2025-12-10T12:30:37.945590,21.3,60.9,0
2025-12-10T12:30:40.202874,21.3,60.8,0
2025-12-10T12:30:42.462830,21.3,60.8,1
2025-12-10T12:30:44.717521,21.2,60.8,0
2025-12-10T12:30:46.972176,21.3,60.8,0
2025-12-10T12:30:49.226665,21.3,60.8,0
2025-12-10T12:30:51.481332,21.3,60.8,0
2025-12-10T12:30:53.735883,21.3,60.8,0
2025-12-10T12:30:55.990456,21.3,60.8,0
2025-12-10T12:30:58.245161,21.2,60.8,0
2025-12-10T12:31:00.499718,21.3,60.8,0
2025-12-10T12:31:02.758813,21.3,60.8,0
2025-12-10T12:31:05.013598,21.3,60.8,0
2025-12-10T12:31:07.270861,21.3,60.8,0
2025-12-10T12:31:09.525383,21.3,60.8,0
2025-12-10T12:31:11.780074,21.3,60.8,0
2025-12-10T12:31:14.041644,21.3,60.8,0
2025-12-10T12:31:16.298813,21.3,60.8,0
2025-12-10T12:31:18.553516,21.3,60.8,0
2025-12-10T12:31:20.808147,21.3,60.8,0
2025-12-10T12:31:23.062707,21.3,60.8,0
2025-12-10T12:31:25.317393,21.3,60.8,0
2025-12-10T12:31:27.574858,21.3,60.8,0
2025-12-10T12:31:29.834880,21.3,60.9,0
2025-12-10T12:31:32.095024,21.3,60.8,0
2025-12-10T12:31:34.349555,21.3,60.8,0
2025-12-10T12:31:36.606815,21.3,60.8,0
2025-12-10T12:31:38.867083,21.3,60.9,0
2025-12-10T12:31:41.126862,21.3,60.9,0
2025-12-10T12:31:43.381347,21.3,60.8,0
2025-12-10T12:31:45.635981,21.3,60.8,0
2025-12-10T12:31:47.894929,21.3,60.8,0
2025-12-10T12:31:50.155009,21.3,60.8,0
2025-12-10T12:31:52.409933,21.3,60.8,0
2025-12-10T12:31:54.664753,21.3,60.8,0
2025-12-10T12:31:56.919507,21.3,60.8,0
2025-12-10T12:31:59.174429,21.3,60.8,0
2025-12-10T12:32:01.429004,21.3,60.8,0
2025-12-10T12:32:03.683753,21.2,60.8,0
2025-12-10T12:32:05.938791,21.3,60.8,0
2025-12-10T12:32:08.193548,21.3,60.9,0
2025-12-10T12:32:10.448250,21.3,60.8,0
2025-12-10T12:32:12.703198,21.3,60.9,0
2025-12-10T12:32:14.958110,21.3,60.8,0
2025-12-10T12:32:17.212912,21.3,60.8,0
2025-12-10T12:32:19.467864,21.3,60.8,0
2025-12-10T12:32:21.722666,21.3,60.8,0
2025-12-10T12:32:23.977509,21.3,60.9,0
2025-12-10T12:32:26.232584,21.3,60.8,0
2025-12-10T12:32:28.487419,21.3,60.9,0
2025-12-10T12:32:30.742170,21.3,60.9,0
2025-12-10T12:32:32.997257,21.2,60.8,0
2025-12-10T12:32:35.252106,21.3,60.9,0
2025-12-10T12:32:37.506863,21.2,60.8,0
2025-12-10T12:32:39.761894,21.3,60.9,0
2025-12-10T12:32:42.016828,21.3,60.8,0
2025-12-10T12:32:44.271560,21.3,60.8,0
2025-12-10T12:32:46.526506,21.3,60.9,0
2025-12-10T12:32:48.781282,21.3,60.8,0
2025-12-10T12:32:51.036110,21.3,60.9,0
2025-12-10T12:32:53.291037,21.3,60.8,0
2025-12-10T12:32:55.545847,21.3,60.9,0
2025-12-10T12:32:57.800665,21.3,60.8,0
2025-12-10T12:33:00.055650,21.3,60.9,0
2025-12-10T12:33:02.310468,21.3,60.9,0
2025-12-10T12:33:04.565187,21.3,60.9,0
2025-12-10T12:33:06.820160,21.2,60.8,0
2025-12-10T12:33:09.074719,21.3,60.9,0
2025-12-10T12:33:11.329484,21.3,60.9,0
2025-12-10T12:33:13.584528,,,0
2025-12-10T12:33:15.839386,21.3,60.9,0
2025-12-10T12:33:18.094213,21.3,60.9,0
2025-12-10T12:33:20.349213,21.3,60.9,0
2025-12-10T12:33:22.604030,21.2,60.9,0
2025-12-10T12:33:24.858863,21.3,60.9,0
2025-12-10T12:33:27.113765,21.3,60.9,0
2025-12-10T12:33:29.368573,21.3,60.9,0
2025-12-10T12:33:31.623273,21.3,60.9,0
2025-12-10T12:33:33.878370,21.3,60.9,0
2025-12-10T12:33:36.133180,21.3,60.9,0
2025-12-10T12:33:38.387944,21.3,60.9,0
2025-12-10T12:33:40.642859,21.3,60.9,0
2025-12-10T12:33:42.897712,21.3,60.9,0
2025-12-10T12:33:45.152473,21.3,60.9,0
2025-12-10T12:33:47.407456,21.3,60.9,0
2025-12-10T12:33:49.662254,21.3,60.9,0
2025-12-10T12:33:51.917067,21.3,60.9,0
2025-12-10T12:33:54.171974,21.3,60.9,0
2025-12-10T12:33:56.426819,21.3,60.9,0
2025-12-10T12:33:58.681528,21.3,60.9,0
2025-12-10T12:34:00.936602,21.2,60.9,0
2025-12-10T12:34:03.191444,21.3,60.9,0
2025-12-10T12:34:05.446114,21.3,60.9,0
2025-12-10T12:34:07.701014,21.3,60.9,0
2025-12-10T12:34:09.955910,21.3,60.9,0
2025-12-10T12:34:12.210654,21.3,60.9,0
2025-12-10T12:34:14.465578,21.3,60.9,0
2025-12-10T12:34:16.720441,21.3,60.9,0
2025-12-10T12:34:18.975276,21.3,60.8,0
2025-12-10T12:34:21.230198,21.3,60.9,0
2025-12-10T12:34:23.485001,21.3,60.9,0
2025-12-10T12:34:25.739670,21.3,60.9,0
2025-12-10T12:34:27.994689,21.3,60.9,0
2025-12-10T12:34:30.249438,21.3,60.9,0
2025-12-10T12:34:32.504191,21.3,60.9,0
2025-12-10T12:34:34.759122,21.3,60.9,0
2025-12-10T12:34:37.014080,21.3,60.9,0
2025-12-10T12:34:39.268963,21.3,60.9,0
2025-12-10T12:34:41.523961,21.3,60.9,0
2025-12-10T12:34:43.778773,21.3,60.9,0
2025-12-10T12:34:46.033627,21.3,60.9,0
2025-12-10T12:34:48.288676,21.3,60.9,0
2025-12-10T12:34:50.543506,21.3,60.9,0
2025-12-10T12:34:52.798319,21.3,60.9,0
2025-12-10T12:34:55.053295,21.3,60.9,0
2025-12-10T12:34:57.308083,21.3,60.9,0
2025-12-10T12:34:59.562796,21.2,60.9,0
2025-12-10T12:35:01.817856,21.3,60.9,0
2025-12-10T12:35:04.072733,21.3,60.9,0
2025-12-10T12:35:06.327292,21.3,60.9,0
2025-12-10T12:35:08.582233,21.3,60.9,0
2025-12-10T12:35:10.837114,21.3,60.9,0
2025-12-10T12:35:13.091929,21.3,60.9,0
2025-12-10T12:35:15.346973,21.2,60.9,0
2025-12-10T12:35:17.601788,21.3,60.9,0
2025-12-10T12:35:19.856745,21.3,60.9,0
2025-12-10T12:35:22.111763,21.3,60.9,0
2025-12-10T12:35:24.366672,21.3,60.9,0
2025-12-10T12:35:26.621464,21.3,60.9,0
2025-12-10T12:35:28.876684,21.3,60.9,0
2025-12-10T12:35:31.131550,21.3,60.9,0
2025-12-10T12:35:33.386360,21.3,60.9,0
2025-12-10T12:35:35.641418,21.3,60.9,0
2025-12-10T12:35:37.896378,21.3,60.9,0
2025-12-10T12:35:40.151215,21.3,60.9,0
2025-12-10T12:35:42.406251,21.3,60.9,0
2025-12-10T12:35:44.660846,21.3,60.9,0
2025-12-10T12:35:46.915825,21.3,60.9,0
2025-12-10T12:35:49.170888,21.3,60.9,0
2025-12-10T12:35:51.425837,21.3,60.9,0
2025-12-10T12:35:53.680619,21.3,60.9,0
2025-12-10T12:35:55.935721,21.3,60.9,0
2025-12-10T12:35:58.190583,21.2,60.9,0
2025-12-10T12:36:00.445343,21.3,60.9,0
2025-12-10T12:36:02.700260,21.3,60.9,0
2025-12-10T12:36:04.955208,21.2,60.8,0
2025-12-10T12:36:07.209913,21.3,60.9,0
2025-12-10T12:36:09.464868,21.3,60.9,0
2025-12-10T12:36:11.719679,21.3,60.9,0
2025-12-10T12:36:13.974506,21.3,60.9,0
2025-12-10T12:36:16.229452,21.3,60.8,0
2025-12-10T12:36:18.484282,21.3,60.9,0
2025-12-10T12:36:20.738996,21.3,60.9,0
2025-12-10T12:36:22.994047,21.3,60.9,0
2025-12-10T12:36:25.248872,21.3,60.8,0
2025-12-10T12:36:27.503616,21.3,60.9,0
2025-12-10T12:36:29.758578,,,0
2025-12-10T12:36:32.013303,21.3,60.9,0
2025-12-10T12:36:34.268025,21.3,60.8,0
2025-12-10T12:36:36.522977,21.3,60.9,0
2025-12-10T12:36:38.777735,21.3,60.9,0
2025-12-10T12:36:41.032653,21.3,60.9,0
2025-12-10T12:36:43.287647,21.3,60.9,0
2025-12-10T12:36:45.542555,21.2,60.9,0
2025-12-10T12:36:47.797396,21.3,60.9,0
2025-12-10T12:36:50.052507,21.3,60.9,0
2025-12-10T12:36:52.307043,21.3,60.9,0
2025-12-10T12:36:54.561841,21.3,60.8,0
2025-12-10T12:36:56.816993,21.3,60.9,0
2025-12-10T12:36:59.071969,21.3,60.9,0
2025-12-10T12:37:01.326725,21.3,60.9,0
2025-12-10T12:37:03.581758,21.3,60.9,0
2025-12-10T12:37:05.836481,21.3,60.9,0
2025-12-10T12:37:08.090966,21.3,60.9,0
2025-12-10T12:37:10.345629,21.3,60.9,0
2025-12-10T12:37:12.603039,21.3,60.9,0
2025-12-10T12:37:14.857829,21.3,60.9,0
2025-12-10T12:37:17.112847,21.3,60.9,0
2025-12-10T12:37:19.367536,21.3,60.9,0
2025-12-10T12:37:21.622233,21.3,60.9,0
2025-12-10T12:37:23.877169,21.3,60.9,0
2025-12-10T12:37:26.131892,21.3,60.9,0
2025-12-10T12:37:28.386648,21.3,60.9,0
2025-12-10T12:37:30.641573,21.3,60.9,0
2025-12-10T12:37:32.896471,21.3,60.9,0
2025-12-10T12:37:35.151150,21.3,60.9,0
2025-12-10T12:37:37.406089,21.3,60.9,0
2025-12-10T12:37:39.660943,21.3,60.9,0
2025-12-10T12:37:41.915733,21.3,60.9,0
2025-12-10T12:37:44.170680,21.3,60.9,0
2025-12-10T12:37:46.425488,21.3,60.9,0
2025-12-10T12:37:48.680149,21.3,60.9,0
2025-12-10T12:37:50.935022,21.3,60.9,0
2025-12-10T12:37:53.189823,21.3,60.9,0
2025-12-10T12:37:55.444525,21.3,60.9,0
2025-12-10T12:37:57.699431,21.3,60.9,0
2025-12-10T12:37:59.954371,21.3,60.9,0
2025-12-10T12:38:02.209215,21.3,60.9,0
2025-12-10T12:38:04.464255,21.3,60.9,0
2025-12-10T12:38:06.719134,21.3,60.9,0
2025-12-10T12:38:08.973988,21.3,60.9,0
2025-12-10T12:38:11.228982,21.3,60.9,0
2025-12-10T12:38:13.483782,21.3,60.9,0
2025-12-10T12:38:15.738555,21.3,60.9,0
2025-12-10T12:38:17.993659,21.3,60.9,0
2025-12-10T12:38:20.248305,21.3,60.9,0
2025-12-10T12:38:22.506868,21.3,60.9,0
2025-12-10T12:38:24.767096,21.3,60.9,0
2025-12-10T12:38:27.021771,21.3,60.9,0
2025-12-10T12:38:29.278860,21.3,60.9,0
2025-12-10T12:38:31.539075,21.3,60.9,1
2025-12-10T12:38:33.793801,21.3,60.9,0
2025-12-10T12:38:36.048336,21.2,60.9,0
2025-12-10T12:38:38.303377,21.3,60.9,0
2025-12-10T12:38:40.558293,21.3,60.9,0
2025-12-10T12:38:42.813226,21.3,60.9,0
2025-12-10T12:38:45.068313,21.3,60.9,0
2025-12-10T12:38:47.323265,21.3,60.9,0
2025-12-10T12:38:49.578040,21.3,60.9,0
2025-12-10T12:38:51.833105,21.2,60.9,0
2025-12-10T12:38:54.088030,21.3,60.9,0
2025-12-10T12:38:56.342825,21.3,60.9,0
2025-12-10T12:38:58.597834,21.3,60.9,0
2025-12-10T12:39:00.852849,21.3,60.9,0
2025-12-10T12:39:03.107655,21.3,60.9,0
2025-12-10T12:39:05.362662,21.3,60.9,0
2025-12-10T12:39:07.617533,21.3,60.9,0
2025-12-10T12:39:09.872469,21.3,60.9,0
2025-12-10T12:39:12.127467,21.3,60.9,0
2025-12-10T12:39:14.382321,21.3,60.9,0
2025-12-10T12:39:16.637156,21.3,60.9,0
2025-12-10T12:39:18.892247,21.3,60.9,0
2025-12-10T12:39:21.147149,21.3,60.9,0
2025-12-10T12:39:23.401932,21.3,60.9,0
2025-12-10T12:39:25.657011,21.3,60.9,0
2025-12-10T12:39:27.911974,21.3,60.9,0
2025-12-10T12:39:30.166563,21.3,60.9,0
2025-12-10T12:39:32.421551,21.3,60.9,0
2025-12-10T12:39:34.676485,21.3,60.9,0
2025-12-10T12:39:36.931327,21.3,60.9,0
2025-12-10T12:39:39.186370,21.3,60.9,0
2025-12-10T12:39:41.441264,21.3,60.9,0
2025-12-10T12:39:43.695985,21.3,60.9,0
2025-12-10T12:39:45.951046,21.3,60.9,0
2025-12-10T12:39:48.205874,21.3,60.9,0
2025-12-10T12:39:50.460648,21.3,60.9,0
2025-12-10T12:39:52.715594,21.3,60.9,0
2025-12-10T12:39:54.970598,21.3,60.9,0
2025-12-10T12:39:57.225429,21.3,60.9,0
2025-12-10T12:39:59.480364,21.3,60.9,0
2025-12-10T12:40:01.735321,21.3,60.9,0
2025-12-10T12:40:03.990159,21.3,60.9,0
2025-12-10T12:40:06.245199,21.3,60.9,0
2025-12-10T12:40:08.500054,21.3,60.9,0
2025-12-10T12:40:10.754851,21.3,60.9,0
2025-12-10T12:40:13.009834,21.3,60.9,0
2025-12-10T12:40:15.264700,21.3,60.9,0
2025-12-10T12:40:17.519527,21.3,60.9,0
2025-12-10T12:40:19.774511,21.3,60.9,0
2025-12-10T12:40:22.029426,21.3,60.9,0
2025-12-10T12:40:24.284325,21.3,60.9,0
2025-12-10T12:40:26.539337,21.3,60.9,0
2025-12-10T12:40:28.794253,21.3,60.9,0
2025-12-10T12:40:31.049089,21.3,60.9,0
2025-12-10T12:40:33.304130,21.3,60.9,0
2025-12-10T12:40:35.559001,21.3,60.9,0
2025-12-10T12:40:37.813874,21.3,60.9,0
2025-12-10T12:40:40.068984,21.3,60.9,0
2025-12-10T12:40:42.323865,21.3,60.9,0
2025-12-10T12:40:44.578707,21.3,60.9,0
2025-12-10T12:40:46.833878,21.3,60.9,0
2025-12-10T12:40:49.088810,21.3,60.9,0
2025-12-10T12:40:51.343678,21.3,60.9,0
2025-12-10T12:40:53.598691,21.2,60.9,0
2025-12-10T12:40:55.853707,21.3,60.9,0
2025-12-10T12:40:58.108527,21.3,60.9,0
2025-12-10T12:41:00.363603,21.3,60.9,0
2025-12-10T12:41:02.618537,21.2,60.9,0
2025-12-10T12:41:04.873382,21.3,60.9,0
2025-12-10T12:41:07.128478,21.3,60.9,0
2025-12-10T12:41:09.383345,21.3,60.9,0
2025-12-10T12:41:11.637972,21.3,60.9,0
2025-12-10T12:41:13.893110,21.3,60.9,0
2025-12-10T12:41:16.147706,21.3,60.9,0
2025-12-10T12:41:18.402509,21.3,60.9,0
2025-12-10T12:41:20.657531,21.3,60.9,0
2025-12-10T12:41:22.912543,21.3,60.9,0
2025-12-10T12:41:25.167389,21.3,60.9,0
2025-12-10T12:41:27.422430,21.3,60.9,0
2025-12-10T12:41:29.677268,21.3,60.9,0
2025-12-10T12:41:31.932206,21.3,60.9,0
2025-12-10T12:41:34.187234,21.3,60.9,0
2025-12-10T12:41:36.442104,21.3,60.9,0
2025-12-10T12:41:38.696974,21.3,60.9,0
2025-12-10T12:41:40.952075,21.3,60.9,0
2025-12-10T12:41:43.206963,21.3,60.9,0
2025-12-10T12:41:45.461815,21.3,60.9,0
2025-12-10T12:41:47.716902,21.3,60.9,0
2025-12-10T12:41:49.971871,21.2,60.9,0
2025-12-10T12:41:52.226714,21.3,60.9,0
2025-12-10T12:41:54.481757,21.3,60.9,0
2025-12-10T12:41:56.736719,21.3,60.9,1
2025-12-10T12:41:58.991696,21.3,60.9,0
2025-12-10T12:42:01.246721,21.3,60.9,0
2025-12-10T12:42:03.501629,21.2,60.9,0
2025-12-10T12:42:05.756474,21.3,60.9,0
2025-12-10T12:42:08.011528,21.3,60.9,0
2025-12-10T12:42:10.266450,21.3,60.9,0
2025-12-10T12:42:12.521200,21.3,60.9,0
2025-12-10T12:42:14.776097,21.3,60.9,0
2025-12-10T12:42:17.031160,21.2,60.9,0
2025-12-10T12:42:19.285982,21.3,60.9,0
2025-12-10T12:42:21.540961,21.3,60.9,0
2025-12-10T12:42:23.795957,21.3,60.9,0
2025-12-10T12:42:26.050768,21.3,60.9,0
2025-12-10T12:42:28.305842,21.3,60.9,0
2025-12-10T12:42:30.560752,21.3,60.9,0
2025-12-10T12:42:32.815670,21.2,60.9,0
2025-12-10T12:42:35.070777,21.3,60.9,0
2025-12-10T12:42:37.325689,21.3,60.9,0
2025-12-10T12:42:39.580539,21.3,60.9,0
2025-12-10T12:42:41.835724,21.3,60.9,0
2025-12-10T12:42:44.090574,21.3,60.9,0
2025-12-10T12:42:46.345437,21.3,60.9,1
2025-12-10T12:42:48.600235,21.3,60.9,0
2025-12-10T12:42:50.854911,21.3,60.9,0
2025-12-10T12:42:53.109439,21.3,60.9,0
2025-12-10T12:42:55.364150,21.3,60.9,0
2025-12-10T12:42:57.618743,21.3,60.9,0
2025-12-10T12:42:59.873355,21.3,60.9,0
2025-12-10T12:43:02.128085,21.3,60.9,0
2025-12-10T12:43:04.386857,21.3,60.9,0
2025-12-10T12:43:06.646874,21.3,60.9,0
2025-12-10T12:43:08.907149,21.3,60.9,0
2025-12-10T12:43:11.161748,21.3,60.9,0
2025-12-10T12:43:13.416251,21.3,60.9,0
2025-12-10T12:43:15.675083,21.3,60.9,0
2025-12-10T12:43:17.929814,21.3,60.9,0
2025-12-10T12:43:20.184318,21.3,60.9,0
2025-12-10T12:43:22.439021,21.3,60.9,0
2025-12-10T12:43:24.698905,21.3,60.9,0
2025-12-10T12:43:26.953521,21.3,60.9,0
2025-12-10T12:43:29.208262,21.3,60.9,0
2025-12-10T12:43:31.462947,21.3,60.9,0
2025-12-10T12:43:33.722873,21.3,60.9,1
2025-12-10T12:43:35.977677,21.3,61.0,0
2025-12-10T12:43:38.234927,21.3,61.0,0
2025-12-10T12:43:40.494848,21.3,60.9,0
2025-12-10T12:43:42.749581,21.3,61.0,0
2025-12-10T12:43:45.006985,21.3,61.0,1
2025-12-10T12:43:47.261521,21.3,61.0,0
2025-12-10T12:43:49.519104,21.3,61.0,0
2025-12-10T12:43:51.773713,21.3,61.0,0
2025-12-10T12:43:54.028302,21.3,61.0,0
2025-12-10T12:43:56.283035,21.3,61.0,1
2025-12-10T12:43:58.537603,21.3,60.9,0
2025-12-10T12:44:00.792242,21.3,61.0,0
2025-12-10T12:44:03.047015,21.3,60.9,0
2025-12-10T12:44:05.306889,21.3,61.0,0
2025-12-10T12:44:07.561387,21.3,60.9,1
2025-12-10T12:44:09.816307,21.3,60.9,0
2025-12-10T12:44:12.071270,21.3,60.9,0
2025-12-10T12:44:14.326013,21.3,61.0,0
2025-12-10T12:44:16.580991,21.3,60.9,0
2025-12-10T12:44:18.835897,21.3,60.9,0
2025-12-10T12:44:21.090641,21.3,60.9,0
2025-12-10T12:44:23.345581,21.3,61.0,0
2025-12-10T12:44:25.600464,21.3,61.0,0
2025-12-10T12:44:27.854990,21.3,61.0,0
2025-12-10T12:44:30.109962,21.3,61.0,0
2025-12-10T12:44:32.364804,21.3,60.9,1
2025-12-10T12:44:34.619524,21.3,60.9,0
2025-12-10T12:44:36.874576,21.3,60.9,0
2025-12-10T12:44:39.129363,21.3,60.9,0
2025-12-10T12:44:41.384112,21.3,60.9,0
2025-12-10T12:44:43.639032,21.3,60.9,0
2025-12-10T12:44:45.893901,21.3,60.9,0
2025-12-10T12:44:48.148643,21.3,60.9,1
2025-12-10T12:44:50.403674,21.3,60.9,0
2025-12-10T12:44:52.658460,21.3,60.9,0
2025-12-10T12:44:54.913255,21.3,60.9,0
2025-12-10T12:44:57.168210,21.3,60.9,0
2025-12-10T12:44:59.423002,21.3,60.9,0
2025-12-10T12:45:01.677764,21.3,60.9,0
2025-12-10T12:45:03.932834,21.3,60.9,0
2025-12-10T12:45:06.187635,21.3,60.9,0
2025-12-10T12:45:08.442373,21.3,60.9,0
2025-12-10T12:45:10.697291,21.3,60.9,0
2025-12-10T12:45:12.952203,21.3,60.9,0
2025-12-10T12:45:15.206879,21.3,60.9,0
2025-12-10T12:45:17.461800,21.3,60.9,0
2025-12-10T12:45:19.716558,21.3,60.9,0
2025-12-10T12:45:21.971431,21.3,60.9,0
2025-12-10T12:45:24.226407,21.3,60.9,0
2025-12-10T12:45:26.481207,21.3,60.9,0
2025-12-10T12:45:28.735940,21.3,60.9,0
2025-12-10T12:45:30.990968,21.3,60.9,0
2025-12-10T12:45:33.245948,21.3,60.9,0
2025-12-10T12:45:35.500767,21.3,61.0,0
2025-12-10T12:45:37.755777,21.3,60.9,0
2025-12-10T12:45:40.010732,21.3,60.9,0
2025-12-10T12:45:42.265485,21.3,60.9,0
2025-12-10T12:45:44.520606,21.3,60.9,0
2025-12-10T12:45:46.775255,21.3,60.9,0
2025-12-10T12:45:49.029878,21.3,60.9,0
2025-12-10T12:45:51.284676,21.3,60.9,0
2025-12-10T12:45:53.539251,21.3,60.9,0
2025-12-10T12:45:55.793918,21.3,60.9,0
2025-12-10T12:45:58.048698,21.3,60.9,0
2025-12-10T12:46:00.306885,21.3,60.9,0
2025-12-10T12:46:02.561384,21.3,60.9,0
2025-12-10T12:46:04.816240,21.3,60.9,0
2025-12-10T12:46:07.071167,21.3,60.9,1
2025-12-10T12:46:09.325910,21.3,60.9,0
2025-12-10T12:46:11.580943,21.3,60.9,0
2025-12-10T12:46:13.835918,21.3,60.9,0
2025-12-10T12:46:16.090747,21.3,60.9,0
2025-12-10T12:46:18.345803,21.3,60.9,0
2025-12-10T12:46:20.600724,21.3,60.9,0
2025-12-10T12:46:22.855502,21.3,60.9,0
2025-12-10T12:46:25.110528,21.3,60.9,0
2025-12-10T12:46:27.365334,21.3,60.9,0
2025-12-10T12:46:29.620105,21.3,60.9,0
2025-12-10T12:46:31.875086,21.3,60.9,0
2025-12-10T12:46:34.129852,21.3,60.9,0
2025-12-10T12:46:36.384646,21.3,60.9,0
2025-12-10T12:46:38.639536,21.3,60.9,0
2025-12-10T12:46:40.894438,21.3,60.9,0
2025-12-10T12:46:43.149175,21.3,60.9,0
2025-12-10T12:46:45.404140,21.3,60.9,0
2025-12-10T12:46:47.658926,21.3,60.9,0
2025-12-10T12:46:49.913765,21.3,60.9,0
2025-12-10T12:46:52.168800,21.3,60.9,0
2025-12-10T12:46:54.423516,21.3,60.9,0
2025-12-10T12:46:56.678229,21.3,60.9,0
2025-12-10T12:46:58.933016,21.3,60.9,0
2025-12-10T12:47:01.187804,21.3,60.9,0
2025-12-10T12:47:03.442555,21.3,60.9,0
2025-12-10T12:47:05.697422,21.3,60.9,0
2025-12-10T12:47:07.952308,21.3,60.9,0
2025-12-10T12:47:10.207049,21.3,60.9,0
2025-12-10T12:47:12.462048,21.3,60.9,0
2025-12-10T12:47:14.716840,21.3,60.9,0
2025-12-10T12:47:16.971637,21.3,60.9,0
2025-12-10T12:47:19.226645,21.3,60.9,0
2025-12-10T12:47:21.481532,21.3,60.9,0
2025-12-10T12:47:23.736366,21.3,60.9,0
2025-12-10T12:47:25.991490,21.2,60.9,0
2025-12-10T12:47:28.246339,21.2,60.9,0
2025-12-10T12:47:30.501140,21.3,60.9,0
2025-12-10T12:47:32.756123,21.2,60.9,0
2025-12-10T12:47:35.011061,21.3,60.9,0
2025-12-10T12:47:37.265924,21.3,60.9,0
2025-12-10T12:47:39.520890,21.3,60.9,0
2025-12-10T12:47:41.775575,21.3,60.9,0
2025-12-10T12:47:44.030146,21.3,60.9,0
2025-12-10T12:47:46.287045,21.3,60.9,0
2025-12-10T12:47:48.546863,21.3,60.9,0
2025-12-10T12:47:50.801446,21.3,60.9,0
2025-12-10T12:47:53.056188,21.3,60.9,0
2025-12-10T12:47:55.310764,21.3,60.9,0
2025-12-10T12:47:57.565283,21.3,60.9,0
2025-12-10T12:47:59.820095,21.3,60.9,0
2025-12-10T12:48:02.074650,21.3,60.9,0
2025-12-10T12:48:04.334844,21.3,60.9,0
2025-12-10T12:48:06.589539,21.3,60.9,0
2025-12-10T12:48:08.846963,21.3,60.9,0
2025-12-10T12:48:11.106849,21.3,60.9,0
2025-12-10T12:48:13.367033,21.3,60.9,0
2025-12-10T12:48:15.621577,21.3,60.9,0
2025-12-10T12:48:17.876188,21.3,60.9,0
2025-12-10T12:48:20.135050,21.3,60.9,0
2025-12-10T12:48:22.390907,21.3,60.9,0
2025-12-10T12:48:24.645379,21.3,60.9,0
2025-12-10T12:48:26.900171,21.3,60.9,0
2025-12-10T12:48:29.154715,21.3,60.9,0
2025-12-10T12:48:31.409218,21.3,60.9,0
2025-12-10T12:48:33.663920,21.3,60.9,0
2025-12-10T12:48:35.918560,21.3,60.9,0
2025-12-10T12:48:38.173046,21.3,60.9,0
2025-12-10T12:48:40.427741,21.3,60.9,0
2025-12-10T12:48:42.686836,21.3,60.9,0
2025-12-10T12:48:44.941407,21.3,60.9,0
2025-12-10T12:48:47.199060,21.3,60.9,0
2025-12-10T12:48:49.453617,21.3,60.9,0
2025-12-10T12:48:51.708112,21.3,60.9,0
2025-12-10T12:48:53.967135,21.3,60.9,0
2025-12-10T12:48:56.221674,21.3,60.9,0
2025-12-10T12:48:58.476158,21.3,60.9,0
2025-12-10T12:49:00.730865,21.3,60.9,0
2025-12-10T12:49:02.990907,21.3,60.9,0
2025-12-10T12:49:05.245398,21.3,60.9,0
2025-12-10T12:49:07.500084,21.3,60.9,0
2025-12-10T12:49:09.754908,21.3,60.9,0
2025-12-10T12:49:12.014893,21.3,60.9,0
2025-12-10T12:49:14.269563,21.3,60.9,0
2025-12-10T12:49:16.526871,21.3,60.9,0
2025-12-10T12:49:18.786956,21.3,60.9,0
2025-12-10T12:49:21.041702,21.3,60.9,0
2025-12-10T12:49:23.298888,21.3,60.9,0
2025-12-10T12:49:25.553405,21.3,60.9,0
2025-12-10T12:49:27.811121,21.3,60.9,0
2025-12-10T12:49:30.070864,21.3,60.9,0
2025-12-10T12:49:32.330840,21.3,60.9,0
2025-12-10T12:49:34.585558,21.3,60.9,0
2025-12-10T12:49:36.840220,21.3,60.9,0
2025-12-10T12:49:39.094738,21.3,60.9,0
2025-12-10T12:49:41.349415,21.3,60.9,0
2025-12-10T12:49:43.606896,21.3,60.9,0
2025-12-10T12:49:45.861476,21.3,60.9,0
2025-12-10T12:49:48.116174,21.3,60.9,0
2025-12-10T12:49:50.370730,21.3,60.9,0
2025-12-10T12:49:52.625215,21.3,60.9,0
2025-12-10T12:49:54.879971,21.3,60.9,0
2025-12-10T12:49:57.138913,21.3,60.9,0
2025-12-10T12:49:59.393397,21.3,60.9,0
2025-12-10T12:50:01.651074,21.3,60.9,0
2025-12-10T12:50:03.905755,21.3,60.9,0
2025-12-10T12:50:06.162847,21.3,60.9,0
2025-12-10T12:50:08.417533,21.3,60.9,0
2025-12-10T12:50:10.672070,21.3,60.9,0
2025-12-10T12:50:12.926670,21.3,60.9,0
2025-12-10T12:50:15.181333,21.3,60.9,0
2025-12-10T12:50:17.438907,21.3,60.9,0
2025-12-10T12:50:19.693419,21.3,60.9,0
2025-12-10T12:50:21.948201,21.3,60.9,0
2025-12-10T12:50:24.206887,21.3,60.9,0
2025-12-10T12:50:26.461378,21.3,60.9,0
2025-12-10T12:50:28.716062,21.3,60.9,0
2025-12-10T12:50:30.970686,21.3,60.9,0
2025-12-10T12:50:33.225178,21.3,60.9,0
2025-12-10T12:50:35.483023,21.3,60.9,0
2025-12-10T12:50:37.737576,21.3,60.9,0
2025-12-10T12:50:39.992433,21.3,60.9,0
2025-12-10T12:50:42.247347,21.3,60.9,0
2025-12-10T12:50:44.502126,21.3,60.9,0
2025-12-10T12:50:46.756861,21.3,60.9,0
2025-12-10T12:50:49.011851,21.3,60.9,0
2025-12-10T12:50:51.266748,21.3,60.9,0
2025-12-10T12:50:53.521423,21.3,60.9,0
2025-12-10T12:50:55.776336,21.3,60.9,0
2025-12-10T12:50:58.031228,21.3,60.9,0
2025-12-10T12:51:00.285995,21.3,60.9,0
2025-12-10T12:51:02.540937,21.3,60.9,0
2025-12-10T12:51:04.795829,21.3,60.9,0
2025-12-10T12:51:07.050659,21.3,60.9,0
2025-12-10T12:51:09.305586,21.3,60.9,0
2025-12-10T12:51:11.560464,21.3,60.9,0
2025-12-10T12:51:13.815303,21.3,60.9,0
2025-12-10T12:51:16.070184,21.3,60.9,0
2025-12-10T12:51:18.324996,21.3,60.9,0
2025-12-10T12:51:20.579741,21.3,60.9,0
2025-12-10T12:51:22.834728,21.3,60.9,0
2025-12-10T12:51:25.089676,21.3,60.9,0
2025-12-10T12:51:27.344556,21.3,60.9,0
2025-12-10T12:51:29.599458,21.3,60.9,0
2025-12-10T12:51:31.854333,21.3,60.9,0
2025-12-10T12:51:34.109080,21.3,60.9,0
2025-12-10T12:51:36.363991,21.3,60.9,0
2025-12-10T12:51:38.618746,21.3,60.9,0
2025-12-10T12:51:40.873572,21.3,60.9,0
2025-12-10T12:51:43.128497,21.2,60.9,0
2025-12-10T12:51:45.383288,21.3,60.9,0
2025-12-10T12:51:47.638041,21.3,60.9,0
2025-12-10T12:51:49.893042,21.3,60.9,0
2025-12-10T12:51:52.147866,21.3,60.9,0
2025-12-10T12:51:54.402575,21.3,60.9,0
2025-12-10T12:51:56.657542,21.3,60.9,0
2025-12-10T12:51:58.912448,21.3,60.9,0
2025-12-10T12:52:01.167208,21.3,60.9,0
2025-12-10T12:52:03.422117,21.3,60.9,0
2025-12-10T12:52:05.676914,21.3,60.9,0
2025-12-10T12:52:07.931736,21.3,60.9,0
2025-12-10T12:52:10.186674,21.3,60.9,0
2025-12-10T12:52:12.441500,21.3,60.9,0
2025-12-10T12:52:14.696232,21.3,60.9,0
2025-12-10T12:52:16.951242,21.3,60.9,0
2025-12-10T12:52:19.206029,21.3,60.9,0
2025-12-10T12:52:21.460758,21.3,60.9,0
2025-12-10T12:52:23.715687,21.3,60.9,0
2025-12-10T12:52:25.970622,21.3,60.9,0
2025-12-10T12:52:28.225374,21.3,60.9,0
2025-12-10T12:52:30.480307,21.3,60.9,0
2025-12-10T12:52:32.735192,21.3,60.9,0
2025-12-10T12:52:34.990003,21.3,60.9,0
2025-12-10T12:52:37.244983,21.3,60.9,0
2025-12-10T12:52:39.499928,21.3,60.9,0
2025-12-10T12:52:41.754721,21.3,60.9,0
2025-12-10T12:52:44.009793,21.3,60.9,0
2025-12-10T12:52:46.264615,21.3,60.9,0
2025-12-10T12:52:48.519357,21.3,60.9,0
2025-12-10T12:52:50.774176,21.3,60.9,0
2025-12-10T12:52:53.029011,21.3,60.1,0
2025-12-10T12:52:55.283746,21.3,60.9,0
2025-12-10T12:52:57.538660,21.3,60.9,0
2025-12-10T12:52:59.793554,21.3,60.9,0
2025-12-10T12:53:02.048309,21.3,60.9,0
2025-12-10T12:53:04.303256,,,0
2025-12-10T12:53:06.558084,21.3,60.9,0
2025-12-10T12:53:08.812945,21.3,60.9,0
2025-12-10T12:53:11.067952,21.3,60.9,0
2025-12-10T12:53:13.322819,21.3,60.9,0
2025-12-10T12:53:15.577594,21.3,60.9,0
2025-12-10T12:53:17.832463,21.3,60.9,0
2025-12-10T12:53:20.087017,21.3,60.9,0
2025-12-10T12:53:22.346834,21.3,60.9,0
2025-12-10T12:53:24.601516,21.3,60.9,0
2025-12-10T12:53:26.856149,21.3,60.9,0
2025-12-10T12:53:29.110664,21.3,60.9,0
2025-12-10T12:53:31.365320,21.3,60.9,0
2025-12-10T12:53:33.622880,21.3,60.9,0
2025-12-10T12:53:35.877442,21.3,60.9,0
2025-12-10T12:53:38.135067,21.2,60.9,0
2025-12-10T12:53:40.394849,21.3,60.9,0
2025-12-10T12:53:42.654824,21.3,60.9,0
2025-12-10T12:53:44.909594,21.3,60.9,0
2025-12-10T12:53:47.166929,21.3,60.9,0
2025-12-10T12:53:49.426855,21.3,60.9,0
2025-12-10T12:53:51.681565,21.3,60.9,0
2025-12-10T12:53:53.938935,21.3,60.9,0
2025-12-10T12:53:56.198838,21.3,60.9,0
2025-12-10T12:53:58.453495,21.3,60.9,0
2025-12-10T12:54:00.708049,21.3,60.9,0
2025-12-10T12:54:02.962607,21.3,60.9,0
2025-12-10T12:54:05.217281,21.3,60.9,0
2025-12-10T12:54:07.471846,21.3,60.9,0
2025-12-10T12:54:09.726341,21.3,60.9,0
2025-12-10T12:54:11.987086,21.3,60.9,0
2025-12-10T12:54:14.242905,21.3,60.9,0
2025-12-10T12:54:16.502836,21.3,60.9,0
2025-12-10T12:54:18.757497,21.3,60.9,0
2025-12-10T12:54:21.014983,21.3,60.9,0
2025-12-10T12:54:23.269494,21.3,60.9,0
2025-12-10T12:54:25.524160,21.3,60.9,1
2025-12-10T12:54:27.778742,21.3,60.9,0
2025-12-10T12:54:30.033286,21.3,60.9,0
2025-12-10T12:54:32.287969,21.3,60.9,0
2025-12-10T12:54:34.542505,21.3,60.9,0
2025-12-10T12:54:36.797127,21.3,60.9,0
2025-12-10T12:54:39.051802,21.3,60.9,0
2025-12-10T12:54:41.310863,21.3,60.9,0
2025-12-10T12:54:43.570824,21.3,60.9,0
2025-12-10T12:54:45.825600,21.3,60.9,0
2025-12-10T12:54:48.080153,21.3,60.9,0
2025-12-10T12:54:50.334630,21.3,60.9,0
2025-12-10T12:54:52.595030,21.3,60.9,0
2025-12-10T12:54:54.849668,21.3,60.9,0
2025-12-10T12:54:57.106861,21.3,60.9,0
2025-12-10T12:54:59.361526,21.3,60.9,0
2025-12-10T12:55:01.616052,21.3,60.9,0
2025-12-10T12:55:03.874910,21.3,60.9,0
2025-12-10T12:55:06.129571,21.3,60.9,0
2025-12-10T12:55:08.384132,21.3,60.9,0
2025-12-10T12:55:10.638634,21.3,60.9,0
2025-12-10T12:55:12.893421,21.3,60.9,0
2025-12-10T12:55:15.150893,21.3,60.9,0
2025-12-10T12:55:17.405370,21.3,60.9,0
2025-12-10T12:55:19.660041,21.3,60.9,0
2025-12-10T12:55:21.915246,21.3,60.9,0
2025-12-10T12:55:24.170082,21.3,60.9,0
2025-12-10T12:55:26.424831,21.3,60.9,0
2025-12-10T12:55:28.679422,21.3,60.9,0
2025-12-10T12:55:30.934952,21.3,60.9,0
2025-12-10T12:55:33.189626,21.3,60.9,0
2025-12-10T12:55:35.446885,21.3,60.9,0
2025-12-10T12:55:37.701387,21.3,60.9,0
2025-12-10T12:55:39.959111,21.3,60.9,0
2025-12-10T12:55:42.218896,21.3,60.9,0
2025-12-10T12:55:44.478835,21.3,60.9,0
2025-12-10T12:55:46.733498,21.3,60.9,0
2025-12-10T12:55:48.990988,21.3,60.9,0
2025-12-10T12:55:51.250841,21.3,60.9,0
2025-12-10T12:55:53.505499,21.3,60.9,0
2025-12-10T12:55:55.760082,21.3,60.9,0
2025-12-10T12:55:58.018907,21.3,60.9,0
2025-12-10T12:56:00.273574,21.3,60.9,0
2025-12-10T12:56:02.531146,21.3,60.9,0
2025-12-10T12:56:04.786786,21.3,60.9,0
2025-12-10T12:56:07.041866,21.3,60.9,0
2025-12-10T12:56:09.296802,21.3,60.9,0
2025-12-10T12:56:11.551638,21.3,60.9,0
2025-12-10T12:56:13.806781,21.3,60.9,0
2025-12-10T12:56:16.061706,21.3,60.9,0
2025-12-10T12:56:18.316571,21.3,60.9,0
2025-12-10T12:56:20.571613,21.3,60.9,0
2025-12-10T12:56:22.826625,21.3,60.9,0
2025-12-10T12:56:25.081470,21.3,60.9,0
2025-12-10T12:56:27.336519,21.3,60.9,0
2025-12-10T12:56:29.591369,21.3,60.9,0
2025-12-10T12:56:31.846071,21.3,60.9,0
2025-12-10T12:56:34.101144,21.3,60.9,0
2025-12-10T12:56:36.356046,21.2,60.8,0
2025-12-10T12:56:38.610793,21.3,60.9,0
2025-12-10T12:56:40.865725,21.3,60.9,0
2025-12-10T12:56:43.120655,21.3,60.9,0
2025-12-10T12:56:45.375497,21.3,60.9,0
2025-12-10T12:56:47.630502,21.3,60.9,0
2025-12-10T12:56:49.885435,21.3,60.9,0
2025-12-10T12:56:52.140270,21.3,60.9,0
2025-12-10T12:56:54.395314,21.3,60.9,0
2025-12-10T12:56:56.650257,21.3,60.9,0
2025-12-10T12:56:58.905211,21.3,60.9,0
2025-12-10T12:57:01.160231,21.3,60.9,0
2025-12-10T12:57:03.415091,21.3,60.9,0
2025-12-10T12:57:05.669913,21.3,60.9,0
2025-12-10T12:57:07.925046,21.3,60.9,0
2025-12-10T12:57:10.179709,21.3,60.9,0
2025-12-10T12:57:12.434218,21.3,60.9,0
2025-12-10T12:57:14.691033,21.3,60.9,0
2025-12-10T12:57:16.951042,21.3,60.9,0
2025-12-10T12:57:19.210848,21.3,60.9,0
2025-12-10T12:57:21.465590,21.3,60.9,0
2025-12-10T12:57:23.720157,21.3,60.9,0
2025-12-10T12:57:25.974749,21.3,60.9,0
2025-12-10T12:57:28.229481,21.3,60.9,0
2025-12-10T12:57:30.486891,21.3,60.9,0
2025-12-10T12:57:32.741406,21.3,60.9,0
2025-12-10T12:57:34.999156,21.3,60.9,0
2025-12-10T12:57:37.258862,21.3,60.9,0
2025-12-10T12:57:39.513405,21.3,60.9,0
2025-12-10T12:57:41.771078,21.3,60.9,0
2025-12-10T12:57:44.030941,21.3,60.9,0
2025-12-10T12:57:46.290827,21.3,60.9,0
2025-12-10T12:57:48.551035,21.3,60.9,0
2025-12-10T12:57:50.805717,21.3,60.9,0
2025-12-10T12:57:53.060249,21.3,60.9,0
2025-12-10T12:57:55.314941,21.3,60.9,0
2025-12-10T12:57:57.574864,21.3,60.9,0
2025-12-10T12:57:59.829481,21.3,60.9,0
2025-12-10T12:58:02.084185,21.3,60.9,0
2025-12-10T12:58:04.338731,21.3,60.9,0
2025-12-10T12:58:06.593254,21.3,60.9,0
2025-12-10T12:58:08.848028,21.3,60.9,0
2025-12-10T12:58:11.102601,21.3,60.9,0
2025-12-10T12:58:13.362901,21.3,60.9,0
2025-12-10T12:58:15.617585,21.3,60.9,0
2025-12-10T12:58:17.872336,21.3,60.9,0
2025-12-10T12:58:20.127025,21.3,60.9,0
2025-12-10T12:58:22.381942,21.3,60.9,0
2025-12-10T12:58:24.636824,21.3,60.9,0
2025-12-10T12:58:26.891679,21.3,60.9,0
2025-12-10T12:58:29.146666,21.3,60.9,0
2025-12-10T12:58:31.401447,21.3,60.9,0
2025-12-10T12:58:33.656236,21.3,60.9,0
2025-12-10T12:58:35.911198,21.3,60.9,0
2025-12-10T12:58:38.165829,21.3,60.9,0
2025-12-10T12:58:40.420527,21.3,60.9,0
2025-12-10T12:58:42.675467,21.3,60.9,0
2025-12-10T12:58:44.930330,21.3,60.9,0
2025-12-10T12:58:47.185027,21.3,60.9,0
2025-12-10T12:58:49.440006,21.3,60.9,0
2025-12-10T12:58:51.694788,21.3,60.9,0
2025-12-10T12:58:53.949558,21.3,60.9,0
2025-12-10T12:58:56.204539,21.3,60.9,0
2025-12-10T12:58:58.459388,21.3,60.9,0
2025-12-10T12:59:00.714211,21.3,60.9,0
2025-12-10T12:59:02.969296,21.3,60.9,0
2025-12-10T12:59:05.224165,21.3,60.9,0
2025-12-10T12:59:07.478888,21.3,60.9,0
2025-12-10T12:59:09.733784,21.3,60.9,0
2025-12-10T12:59:11.988646,21.3,60.9,0
2025-12-10T12:59:14.243350,21.3,60.9,0
2025-12-10T12:59:16.498289,21.3,60.9,0
2025-12-10T12:59:18.753056,21.3,60.9,0
2025-12-10T12:59:21.007925,21.3,60.9,0
2025-12-10T12:59:23.262851,21.3,60.9,0
2025-12-10T12:59:25.517712,21.3,60.9,0
2025-12-10T12:59:27.772490,21.3,60.9,0
2025-12-10T12:59:30.027502,21.3,60.9,0
2025-12-10T12:59:32.282280,21.3,60.9,0
2025-12-10T12:59:34.537001,21.3,60.9,0
2025-12-10T12:59:36.792022,21.3,60.9,0
2025-12-10T12:59:39.046845,21.3,60.9,0
2025-12-10T12:59:41.301557,21.3,60.9,0
2025-12-10T12:59:43.556619,21.2,60.9,1
2025-12-10T12:59:45.811395,21.3,60.9,0
2025-12-10T12:59:48.065895,21.3,60.9,0
2025-12-10T12:59:50.320610,21.3,60.9,0
2025-12-10T12:59:52.575155,21.3,60.9,0
2025-12-10T12:59:54.829733,21.3,60.9,0
2025-12-10T12:59:57.087070,21.3,60.9,0
2025-12-10T12:59:59.346840,21.3,60.9,0
2025-12-10T13:00:01.601320,21.3,60.9,0
2025-12-10T13:00:03.859097,21.3,60.9,0
2025-12-10T13:00:06.113665,21.3,60.9,0
2025-12-10T13:00:08.370823,21.3,60.9,0
2025-12-10T13:00:10.625494,21.3,60.9,0
2025-12-10T13:00:12.882967,21.3,60.9,0
2025-12-10T13:00:15.142825,21.3,60.9,0
2025-12-10T13:00:17.397493,21.3,60.9,0
2025-12-10T13:00:19.652082,21.3,60.9,0
2025-12-10T13:00:21.906952,21.3,60.9,0
2025-12-10T13:00:24.167029,21.3,60.9,0
2025-12-10T13:00:26.421660,21.3,60.9,0
2025-12-10T13:00:28.676541,21.3,60.9,0
2025-12-10T13:00:30.931647,21.3,60.9,0
2025-12-10T13:00:33.186578,21.3,60.9,0
2025-12-10T13:00:35.441446,21.3,60.9,0
2025-12-10T13:00:37.696514,21.3,60.9,0
2025-12-10T13:00:39.951510,21.3,60.9,0
2025-12-10T13:00:42.206362,21.3,60.9,0
2025-12-10T13:00:44.461383,21.3,60.9,0
2025-12-10T13:00:46.716272,21.3,60.9,0
2025-12-10T13:00:48.971164,21.3,60.9,0
2025-12-10T13:00:51.226206,21.3,60.9,0
2025-12-10T13:00:53.481107,21.3,60.9,0
2025-12-10T13:00:55.735951,21.3,60.9,0
2025-12-10T13:00:57.991068,21.3,60.9,0
2025-12-10T13:01:00.245481,21.3,60.9,0
2025-12-10T13:01:02.500331,21.3,60.9,0
2025-12-10T13:01:04.755397,21.3,60.9,0
2025-12-10T13:01:07.010391,21.3,60.9,0
2025-12-10T13:01:09.265219,21.2,60.9,0
2025-12-10T13:01:11.520256,21.3,60.9,0
2025-12-10T13:01:13.775175,21.3,60.9,0
2025-12-10T13:01:16.030052,21.3,60.9,0
2025-12-10T13:01:18.285076,21.3,60.9,0
2025-12-10T13:01:20.539961,21.3,60.9,0
2025-12-10T13:01:22.794891,21.3,60.9,0
2025-12-10T13:01:25.049958,21.3,60.9,0
2025-12-10T13:01:27.304577,21.3,60.9,0
2025-12-10T13:01:29.562833,21.3,60.9,0
2025-12-10T13:01:31.823146,21.3,60.9,0
2025-12-10T13:01:34.077710,21.3,60.9,0
2025-12-10T13:01:36.332163,21.3,60.9,0
2025-12-10T13:01:38.591020,21.3,60.9,0
2025-12-10T13:01:40.850958,21.3,60.9,0
2025-12-10T13:01:43.110833,21.3,60.9,0
2025-12-10T13:01:45.365502,21.3,60.9,0
2025-12-10T13:01:47.622889,21.3,60.9,0
2025-12-10T13:01:49.877454,21.3,60.9,0
2025-12-10T13:01:52.132160,21.3,60.9,0
2025-12-10T13:01:54.386705,21.3,60.9,0
2025-12-10T13:01:56.641237,21.3,60.9,0
2025-12-10T13:01:58.896029,21.3,60.9,0
2025-12-10T13:02:01.150578,21.3,60.9,0
2025-12-10T13:02:03.410833,21.3,60.9,0
2025-12-10T13:02:05.665509,21.3,60.9,0
2025-12-10T13:02:07.923010,21.3,60.9,0
2025-12-10T13:02:10.182820,21.3,60.9,0
2025-12-10T13:02:12.443051,21.3,60.9,0
2025-12-10T13:02:14.702851,21.3,60.9,0
2025-12-10T13:02:16.962918,21.3,60.9,0
2025-12-10T13:02:19.217605,21.3,60.9,0
2025-12-10T13:02:21.474877,21.3,60.9,0
2025-12-10T13:02:23.729350,21.3,60.9,0
2025-12-10T13:02:25.987127,21.3,60.9,0
2025-12-10T13:02:28.246998,21.3,60.9,0
2025-12-10T13:02:30.501475,21.3,60.9,0
2025-12-10T13:02:32.756194,21.3,60.9,0
2025-12-10T13:02:35.014938,21.3,60.9,0
2025-12-10T13:02:37.269412,21.3,60.9,0
2025-12-10T13:02:39.524092,21.2,60.8,0
2025-12-10T13:02:41.782991,21.3,60.9,0
2025-12-10T13:02:44.037491,21.3,60.9,0
2025-12-10T13:02:46.295069,21.3,60.9,0
2025-12-10T13:02:48.549636,21.3,60.9,0
2025-12-10T13:02:50.806940,21.3,60.9,0
2025-12-10T13:02:53.061702,21.3,60.9,0
2025-12-10T13:02:55.316264,21.3,60.9,0
2025-12-10T13:02:57.570865,21.3,60.9,0
2025-12-10T13:02:59.825637,21.3,60.9,0
2025-12-10T13:03:02.080174,21.3,60.9,0
2025-12-10T13:03:04.334664,21.3,60.9,0
2025-12-10T13:03:06.589331,21.3,60.9,1
2025-12-10T13:03:08.843982,21.3,60.9,0
2025-12-10T13:03:11.098577,21.3,60.9,0
2025-12-10T13:03:13.353241,21.3,60.9,0
2025-12-10T13:03:15.607803,21.3,60.9,0
2025-12-10T13:03:17.866909,21.3,60.9,0
2025-12-10T13:03:20.121590,21.3,60.9,0
2025-12-10T13:03:22.376202,21.2,60.9,0
2025-12-10T13:03:24.630682,21.3,60.9,0
2025-12-10T13:03:26.891114,21.3,60.9,0
2025-12-10T13:03:29.145758,21.3,60.9,0
2025-12-10T13:03:31.400507,21.3,60.9,0
2025-12-10T13:03:33.655508,21.3,60.9,0
2025-12-10T13:03:35.910430,21.3,60.9,0
2025-12-10T13:03:38.165145,21.3,60.9,0
2025-12-10T13:03:40.420140,21.3,60.9,0
2025-12-10T13:03:42.674932,21.3,60.9,0
2025-12-10T13:03:44.929899,21.3,60.9,0
2025-12-10T13:03:47.184957,21.3,60.9,0
2025-12-10T13:03:49.439864,21.3,60.9,0
2025-12-10T13:03:51.694670,21.3,60.9,0
2025-12-10T13:03:53.949726,21.3,60.9,0
2025-12-10T13:03:56.204587,21.3,60.9,0
2025-12-10T13:03:58.459278,21.3,60.9,0
2025-12-10T13:04:00.714263,21.3,60.9,0
2025-12-10T13:04:02.969125,21.3,60.9,0
2025-12-10T13:04:05.223891,21.3,60.9,0
2025-12-10T13:04:07.478828,21.3,60.9,0
2025-12-10T13:04:09.733688,21.3,60.9,0
2025-12-10T13:04:11.988501,21.3,60.9,0
2025-12-10T13:04:14.243516,21.3,60.9,0
2025-12-10T13:04:16.498379,21.3,60.9,0
2025-12-10T13:04:18.753209,21.3,60.9,0
2025-12-10T13:04:21.008322,21.3,60.9,0
2025-12-10T13:04:23.263276,21.2,60.9,0
2025-12-10T13:04:25.518127,21.3,60.9,0
2025-12-10T13:04:27.773181,21.3,60.9,0
2025-12-10T13:04:30.028037,21.3,60.9,0
2025-12-10T13:04:32.282910,21.3,60.9,0
2025-12-10T13:04:34.537824,21.3,60.9,0
2025-12-10T13:04:36.792824,21.3,60.9,0
2025-12-10T13:04:39.047560,21.3,60.9,1
2025-12-10T13:04:41.302564,21.3,60.9,0
2025-12-10T13:04:43.557422,21.3,60.9,0
2025-12-10T13:04:45.812190,21.3,60.9,0
2025-12-10T13:04:48.067204,21.3,60.9,0
2025-12-10T13:04:50.322133,21.3,60.9,0
2025-12-10T13:04:52.576858,21.3,60.9,0
2025-12-10T13:04:54.831907,21.3,60.9,0
2025-12-10T13:04:57.086820,21.3,60.9,0
2025-12-10T13:04:59.341574,21.3,60.9,0
2025-12-10T13:05:01.596601,21.3,60.9,0
2025-12-10T13:05:03.851192,21.3,60.9,0
2025-12-10T13:05:06.105996,21.3,60.9,0
2025-12-10T13:05:08.361025,21.3,60.9,0
2025-12-10T13:05:10.615807,21.3,60.9,0
2025-12-10T13:05:12.870739,21.3,60.9,0
2025-12-10T13:05:15.125745,21.3,60.9,0
2025-12-10T13:05:17.380681,21.3,60.9,0
2025-12-10T13:05:19.635469,21.3,60.9,0
2025-12-10T13:05:21.890447,21.3,60.9,0
2025-12-10T13:05:24.145309,21.3,60.9,0
2025-12-10T13:05:26.400132,21.3,60.9,1
2025-12-10T13:05:28.655123,21.3,60.9,0
2025-12-10T13:05:30.910094,21.2,60.9,0
2025-12-10T13:05:33.164874,21.3,60.9,0
2025-12-10T13:05:35.419905,21.3,60.9,0
2025-12-10T13:05:37.674766,21.3,60.9,0
2025-12-10T13:05:39.929647,21.3,60.9,0
2025-12-10T13:05:42.184634,21.3,60.9,0
2025-12-10T13:05:44.439520,21.3,60.9,0
2025-12-10T13:05:46.694304,21.3,60.9,0
2025-12-10T13:05:48.949052,21.3,60.9,0
2025-12-10T13:05:51.203938,21.3,60.9,0
2025-12-10T13:05:53.458733,21.3,60.9,0
2025-12-10T13:05:55.713729,21.3,60.9,0
2025-12-10T13:05:57.968666,21.3,60.9,0
2025-12-10T13:06:00.223436,21.3,60.9,0
2025-12-10T13:06:02.478499,21.3,60.9,1
2025-12-10T13:06:04.733261,21.3,60.9,0
2025-12-10T13:06:06.988149,21.3,60.9,0
2025-12-10T13:06:09.243065,21.3,60.9,0
2025-12-10T13:06:11.497951,21.2,60.9,0
2025-12-10T13:06:13.752811,21.3,60.9,0
2025-12-10T13:06:16.007803,21.3,60.9,0
2025-12-10T13:06:18.262645,21.3,60.9,0
2025-12-10T13:06:20.517494,21.2,60.8,0
2025-12-10T13:06:22.772575,21.3,60.9,0
2025-12-10T13:06:25.027536,21.3,60.9,0
2025-12-10T13:06:27.282273,21.3,60.9,0
2025-12-10T13:06:29.537291,21.3,60.9,0
2025-12-10T13:06:31.792190,,,0
2025-12-10T13:06:34.046995,21.3,60.9,1
2025-12-10T13:06:36.302047,21.3,60.9,0
2025-12-10T13:06:38.556864,21.3,60.9,0
2025-12-10T13:06:40.811654,21.3,60.9,0
2025-12-10T13:06:43.066663,21.3,60.9,0
2025-12-10T13:06:45.321567,21.3,60.9,0
2025-12-10T13:06:47.576380,21.3,60.9,0
2025-12-10T13:06:49.831461,21.3,60.9,0
2025-12-10T13:06:52.086244,21.3,60.9,0
2025-12-10T16:05:44.975473,21.3,60.9,1
2025-12-10T16:05:47.231892,21.3,63.8,0
2025-12-10T16:05:49.486459,21.2,63.7,0
2025-12-10T16:05:51.741140,21.2,63.8,0
2025-12-10T16:05:53.995537,21.2,63.8,0
2025-12-10T16:05:56.250849,21.2,63.8,0
2025-12-10T16:05:58.505492,21.2,63.8,0
2025-12-10T16:06:00.765070,21.2,63.8,0
2025-12-10T16:06:03.022042,21.2,63.8,0
2025-12-10T16:06:05.276603,21.2,63.8,0
2025-12-10T16:06:07.531254,21.2,63.8,0
2025-12-10T16:06:23.010023,21.2,63.8,0
2025-12-10T16:06:25.264637,21.2,63.8,0
2025-12-10T16:06:27.519265,21.2,63.8,0
2025-12-10T16:06:29.773548,21.2,63.8,0
2025-12-10T16:06:32.028312,21.2,63.8,0
2025-12-10T16:06:34.284523,21.2,63.7,0
2025-12-10T16:06:36.544348,21.2,63.8,0
2025-12-10T16:06:38.798908,21.2,63.8,0
2025-12-10T16:06:41.053545,21.2,63.8,0
2025-12-10T16:06:43.307611,21.2,63.8,0
2025-12-10T16:06:45.562270,21.2,63.8,0
2025-12-10T16:06:47.816920,21.2,63.8,0
2025-12-10T16:06:50.071672,21.2,63.8,0
2025-12-10T16:06:52.325954,21.2,63.8,0
2025-12-10T16:06:54.580736,21.2,63.8,0
2025-12-10T16:06:56.835488,21.2,63.8,0
2025-12-10T16:06:59.090787,21.2,63.8,0
2025-12-10T16:07:01.345663,21.2,63.8,0
2025-12-10T16:07:03.600313,21.2,63.8,0
2025-12-10T16:07:05.854730,21.2,63.9,0
2025-12-10T16:07:08.109647,21.2,63.8,0
2025-12-10T16:07:09.116426,21.2,63.9,0
2025-12-10T16:07:11.371552,21.2,63.9,0
2025-12-10T16:07:13.626132,21.2,63.9,0
2025-12-10T16:07:15.880774,21.2,63.8,0
2025-12-10T16:07:18.135381,21.2,63.9,0
2025-12-10T16:07:20.390150,21.2,63.9,0
2025-12-10T16:07:22.644909,21.2,63.9,0
2025-12-10T16:07:24.899094,21.2,63.9,0
2025-12-10T16:07:27.153617,21.2,63.9,0
2025-12-10T16:07:29.410174,21.2,63.9,0
2025-12-10T16:07:31.664761,21.2,63.8,0
2025-12-10T16:07:33.919555,21.2,63.9,0
2025-12-10T16:07:36.174331,21.2,63.9,0
2025-12-10T16:07:38.428917,21.2,63.9,0
2025-12-10T16:07:40.683678,21.2,63.9,0
2025-12-10T16:07:42.938495,21.2,63.9,0
2025-12-10T16:07:45.192653,21.2,63.9,0
2025-12-10T16:07:47.446950,21.2,63.8,0
2025-12-10T16:07:49.701416,21.2,63.9,0
2025-12-10T16:07:51.956503,21.2,63.9,0
2025-12-10T16:07:54.211170,21.3,63.9,0
2025-12-10T16:07:56.465790,21.2,63.9,0
2025-12-10T16:07:58.720351,21.2,63.9,0
2025-12-10T16:08:00.974891,21.2,63.9,1
2025-12-10T16:08:03.231141,21.2,63.9,0
2025-12-10T16:08:05.485346,21.2,63.9,0
2025-12-10T16:08:07.740211,21.2,63.9,1
2025-12-10T16:08:09.994965,21.2,63.8,0
2025-12-10T16:08:12.249280,21.3,63.9,0
2025-12-10T16:08:14.503985,21.3,63.9,0
2025-12-10T16:08:16.758691,21.2,63.9,0
2025-12-10T16:08:19.013265,21.3,63.9,0
2025-12-10T16:08:21.268060,21.2,63.8,0
2025-12-10T16:08:23.522874,21.2,63.8,1
2025-12-10T16:08:25.777050,21.2,63.8,0
2025-12-10T16:08:28.031423,21.3,63.9,0
2025-12-10T16:08:30.287887,21.2,63.8,0
2025-12-10T16:08:32.542738,21.3,63.9,0
2025-12-10T16:08:34.797489,21.3,63.9,1
2025-12-10T16:08:37.052286,21.2,63.8,0
2025-12-10T16:08:39.306853,21.2,63.8,0
2025-12-10T16:08:41.561308,21.3,63.8,0
2025-12-10T16:08:43.815995,21.3,63.8,0
2025-12-10T16:08:46.070149,21.3,63.8,0
2025-12-10T16:08:48.324890,21.2,63.8,1
2025-12-10T16:08:50.579526,21.3,63.8,0
2025-12-10T16:08:52.833700,21.3,63.8,0
2025-12-10T16:08:55.088068,21.3,63.8,0
2025-12-10T16:08:57.342679,21.2,63.8,0
2025-12-10T16:08:59.597240,21.2,63.8,0
2025-12-10T16:09:01.852146,21.3,63.8,0
2025-12-10T16:09:04.106830,21.3,63.9,1
2025-12-10T16:09:06.361406,21.2,63.8,0
2025-12-10T16:09:08.616282,21.3,63.8,1
2025-12-10T16:09:10.870926,21.3,63.8,0
2025-12-10T16:09:13.125568,21.2,63.8,0
2025-12-10T16:09:15.380370,21.2,63.8,0
2025-12-10T16:09:17.635018,21.2,63.8,0
2025-12-10T16:09:19.889551,21.3,63.8,1
2025-12-10T16:09:22.144371,21.3,63.8,0
2025-12-10T16:09:24.399007,21.2,63.7,0
2025-12-10T16:09:26.653521,21.2,63.7,0
2025-12-10T16:09:28.908329,21.3,63.8,0
2025-12-10T16:09:31.163042,21.3,63.8,0
2025-12-10T16:09:33.417471,21.3,63.8,0
2025-12-10T16:09:35.671536,21.3,63.8,0
2025-12-10T16:09:37.926180,21.3,63.8,0
2025-12-10T16:09:40.180825,21.3,63.7,0
2025-12-10T16:09:42.435605,21.3,63.8,0
2025-12-10T16:09:44.690120,21.3,63.7,0
2025-12-10T16:09:46.944773,21.3,63.7,0
2025-12-10T16:09:49.199412,21.2,63.7,0
2025-12-10T16:09:51.453998,21.3,63.7,0
2025-12-10T16:09:53.708553,21.2,63.7,0
2025-12-10T16:09:55.963428,21.3,63.7,0
2025-12-10T16:09:58.218021,21.3,63.7,0
2025-12-10T16:10:00.472117,21.2,63.6,0
2025-12-10T16:10:02.726718,21.3,63.7,0
2025-12-10T16:10:04.981249,21.3,63.7,0
2025-12-10T16:10:07.235851,21.3,63.7,0
2025-12-10T16:10:09.490587,21.3,63.7,0
2025-12-10T16:10:11.745240,21.3,63.6,0
2025-12-10T16:10:13.999909,21.3,63.7,0
2025-12-10T16:10:16.254769,21.3,63.7,0
2025-12-10T16:10:18.509224,21.2,63.6,0
2025-12-10T16:10:20.763773,21.3,63.6,0
2025-12-10T16:10:23.018536,21.3,63.7,0
2025-12-10T16:10:25.272483,21.3,63.7,0
2025-12-10T16:10:27.527068,21.3,63.7,0
2025-12-10T16:10:29.781973,21.3,63.6,1
2025-12-10T16:10:32.036006,21.3,63.7,0
2025-12-10T16:10:34.290548,21.3,63.7,0
2025-12-10T16:10:36.545201,21.3,63.7,0
2025-12-10T16:10:38.799893,21.3,63.7,0
2025-12-10T16:10:41.054167,21.3,63.6,0
2025-12-10T16:10:43.308232,21.3,63.7,0
2025-12-10T16:10:45.562771,21.3,63.6,0
2025-12-10T16:10:47.817279,21.3,63.7,0
2025-12-10T16:10:50.072257,21.3,63.6,0
2025-12-10T16:10:52.328125,21.3,63.7,0
2025-12-10T16:10:54.582699,21.3,63.7,1
2025-12-10T16:10:56.836993,21.3,63.7,0
2025-12-10T16:10:59.091721,21.3,63.7,1
2025-12-10T16:11:01.346000,21.3,63.7,0
2025-12-10T16:11:03.600257,21.3,63.7,0
2025-12-10T16:11:05.854476,21.3,63.7,0
2025-12-10T16:11:08.109121,21.3,63.7,0
2025-12-10T16:11:10.363835,21.3,63.6,1
2025-12-10T16:11:12.618313,21.2,63.6,0
2025-12-10T16:11:14.872843,21.3,63.7,0
2025-12-10T16:11:17.127106,21.3,63.7,0
2025-12-10T16:11:19.381484,21.2,63.6,0
2025-12-10T16:11:21.635536,21.3,63.7,0
2025-12-10T16:11:23.890389,21.3,63.7,0
2025-12-10T16:11:26.145047,21.3,63.7,0
2025-12-10T16:11:28.399627,21.3,63.7,1
2025-12-10T16:11:30.654398,21.3,63.7,0
2025-12-10T16:11:32.908971,21.3,63.6,1
2025-12-10T16:11:35.163524,21.3,63.7,0
2025-12-10T16:11:37.418292,21.3,63.7,0
2025-12-10T16:11:39.672959,21.3,63.6,0
2025-12-10T16:11:41.927516,21.3,63.7,0
2025-12-10T16:11:44.182430,21.3,63.7,0
2025-12-10T16:11:46.437074,21.3,63.7,0
2025-12-10T16:11:48.691698,21.3,63.7,0
2025-12-10T16:11:50.946436,21.3,63.7,0
2025-12-10T16:11:53.201095,21.3,63.8,0
2025-12-10T16:11:55.455609,21.3,63.8,0
2025-12-10T16:11:57.710351,21.3,63.9,1
2025-12-10T16:11:59.965083,21.3,63.9,0
2025-12-10T16:12:02.219677,21.3,63.9,0
2025-12-10T16:12:04.474342,21.3,63.9,0
2025-12-10T16:12:06.729066,21.3,63.9,0
2025-12-10T16:12:08.983759,21.3,63.9,0
2025-12-10T16:12:11.238535,21.3,63.9,0
2025-12-10T16:12:13.493199,21.3,63.9,1
2025-12-10T16:12:15.747797,21.3,63.9,0
2025-12-10T16:12:18.002545,21.3,63.9,0
2025-12-10T16:12:20.257222,21.3,63.9,0
2025-12-10T16:12:22.511902,21.3,63.9,0
2025-12-10T16:12:24.766781,21.3,63.9,1
2025-12-10T16:12:27.021505,21.3,63.9,0
2025-12-10T16:12:29.276114,21.3,63.8,0
2025-12-10T16:12:31.530913,21.3,63.8,0
2025-12-10T16:12:33.785370,21.3,63.8,0
2025-12-10T16:12:36.040136,21.3,63.8,0
2025-12-10T16:12:38.294814,21.3,63.8,0
2025-12-10T16:12:40.549353,21.3,63.8,0
2025-12-10T16:12:42.803719,21.3,63.8,0
2025-12-10T16:12:45.058307,21.3,63.8,0
2025-12-10T16:12:47.312989,21.3,63.8,0
2025-12-10T16:12:49.567559,21.3,63.8,1
2025-12-10T16:12:51.822305,21.3,63.8,0
2025-12-10T16:12:54.077031,21.3,63.8,1
2025-12-10T16:12:56.331659,21.3,63.8,0
2025-12-10T16:12:58.586439,21.3,63.8,0
2025-12-10T16:13:00.841094,21.3,63.8,0
2025-12-10T16:13:03.095703,21.3,63.7,0
2025-12-10T16:13:05.350423,21.3,63.7,0
2025-12-10T16:13:07.605068,21.3,63.7,1
2025-12-10T16:13:09.859205,21.3,63.7,0
2025-12-10T16:13:12.113899,21.3,63.7,1
2025-12-10T16:13:14.369581,21.3,63.7,0
2025-12-10T16:13:16.624161,21.3,63.7,0
2025-12-10T16:13:18.878959,21.3,63.7,1
2025-12-10T16:13:21.133338,21.3,63.7,0
2025-12-10T16:13:23.387634,21.3,63.7,0
2025-12-10T16:13:25.642129,21.3,63.6,0
2025-12-10T16:13:27.896787,21.3,63.6,0
2025-12-10T16:13:30.151431,21.3,63.6,0
2025-12-10T16:13:32.405985,21.3,63.6,0
2025-12-10T16:13:34.660606,21.3,63.6,1
2025-12-10T16:13:36.915203,,,0
2025-12-10T16:13:39.169429,21.3,63.5,1
2025-12-10T16:13:41.424073,21.3,63.5,0
2025-12-10T16:13:43.678603,21.3,63.5,0
2025-12-10T16:13:45.933378,21.3,63.5,0
2025-12-10T16:13:48.188113,21.3,63.5,0
2025-12-10T16:13:50.442725,21.3,63.5,0
2025-12-10T16:13:52.697491,21.3,63.5,0
2025-12-10T16:13:54.952261,21.3,63.4,0
2025-12-10T16:13:57.206824,21.3,63.4,0
2025-12-10T16:13:59.461217,21.3,63.4,0
2025-12-10T16:14:01.717839,21.3,63.4,0
2025-12-10T16:14:03.972476,21.3,63.4,0
2025-12-10T16:14:06.227307,21.3,63.4,1
2025-12-10T16:14:08.481738,21.3,63.4,0
2025-12-10T16:14:10.736069,21.3,63.4,0
2025-12-10T16:14:12.990759,21.3,63.4,0
2025-12-10T16:14:15.245264,21.3,63.4,0
2025-12-10T16:14:17.499825,21.3,63.4,0
2025-12-10T16:14:19.754602,21.3,63.4,1
2025-12-10T16:14:22.009327,21.3,63.4,0
2025-12-10T16:14:24.263971,21.3,63.4,0
2025-12-10T16:14:26.518538,21.3,63.4,0
2025-12-10T16:14:28.773196,21.3,63.4,0
2025-12-10T16:14:31.027514,21.3,63.4,0
2025-12-10T16:14:33.282138,21.3,63.4,0
2025-12-10T16:14:35.536722,21.3,63.4,0
2025-12-10T16:14:37.791285,21.3,63.4,0
2025-12-10T16:14:40.046133,21.3,63.4,1
2025-12-10T16:14:42.300746,21.3,63.4,0
2025-12-10T16:14:44.555356,21.3,63.4,0
2025-12-10T16:14:46.810057,21.3,63.4,0
2025-12-10T16:14:49.064815,21.3,63.4,0
2025-12-10T16:14:51.319313,21.3,63.4,1
2025-12-10T16:14:53.573793,21.3,63.4,0
2025-12-10T16:14:55.828443,21.3,63.4,0
2025-12-10T16:14:58.083019,21.3,63.4,0
2025-12-10T16:15:00.337674,21.3,63.4,0
2025-12-10T16:15:02.592384,21.3,63.4,1
2025-12-10T16:15:04.846602,21.3,63.4,0
2025-12-10T16:15:07.101367,21.3,63.4,1
2025-12-10T16:15:09.355520,21.3,63.4,0
2025-12-10T16:15:11.609955,21.3,63.5,0
2025-12-10T16:15:13.864631,21.3,63.4,0
2025-12-10T16:15:16.119074,21.3,63.5,0
2025-12-10T16:15:18.373361,21.3,63.5,0
2025-12-10T16:15:20.628226,21.3,63.4,0
2025-12-10T16:15:22.882905,21.3,63.4,0
2025-12-10T16:15:25.137123,21.3,63.4,1
2025-12-10T16:15:27.391960,21.3,63.4,0
2025-12-10T16:15:29.646630,21.3,63.3,0
2025-12-10T16:15:31.901106,21.3,63.3,0
2025-12-10T16:15:34.155858,21.3,63.3,0
2025-12-10T16:15:36.410478,21.3,63.3,1
2025-12-10T16:15:38.664839,21.3,63.3,0
2025-12-10T16:15:40.919318,21.3,63.2,1
2025-12-10T16:15:43.173965,21.3,63.2,0
2025-12-10T16:15:45.428279,21.3,63.2,0
2025-12-10T16:15:47.682743,21.3,63.2,1
2025-12-10T16:15:49.937190,21.3,63.2,0
2025-12-10T16:15:52.191845,21.3,63.3,1
2025-12-10T16:15:54.446512,21.3,63.2,0
2025-12-10T16:15:56.701171,21.3,63.3,1
2025-12-10T16:15:58.955318,21.3,63.2,0
2025-12-10T16:16:01.209794,21.3,63.2,0
2025-12-10T16:16:03.464298,21.3,63.3,0
2025-12-10T16:16:05.718822,21.3,63.2,0
2025-12-10T16:16:07.973642,21.3,63.3,0
2025-12-10T16:16:10.228382,21.3,63.3,0
2025-12-10T16:16:12.482584,21.3,63.3,1
2025-12-10T16:16:14.737329,21.3,63.3,0
2025-12-10T16:16:16.992071,21.3,63.3,1
2025-12-10T16:16:19.246630,21.3,63.3,0
2025-12-10T16:16:21.501354,21.3,63.3,0
2025-12-10T16:16:23.756022,21.3,63.3,0
2025-12-10T16:16:26.010682,21.3,63.3,0
2025-12-10T16:16:28.265482,21.3,63.3,1
2025-12-10T16:16:30.522086,21.3,63.3,0
2025-12-10T16:16:32.776656,21.3,63.4,0
2025-12-10T16:16:35.031531,21.3,63.4,0
2025-12-10T16:16:37.287392,21.3,63.3,0
2025-12-10T16:16:39.541642,21.3,63.4,0
2025-12-10T16:16:41.796367,21.3,63.4,0
2025-12-10T16:16:44.051124,21.3,63.4,0
2025-12-10T16:16:46.305388,21.3,63.4,1
2025-12-10T16:16:48.559797,21.3,63.4,0
2025-12-10T16:16:50.814482,21.3,63.3,0
2025-12-10T16:16:53.069084,21.3,63.4,0
2025-12-10T16:16:55.323837,21.3,63.4,0
2025-12-10T16:16:57.578527,21.3,63.4,0
2025-12-10T16:16:59.833070,21.3,63.4,0
2025-12-10T16:17:02.087606,21.3,63.4,1
2025-12-10T16:17:04.344397,21.3,63.4,0
2025-12-10T16:17:06.598719,21.3,63.4,0
2025-12-10T16:17:08.853571,21.3,63.4,1
2025-12-10T16:17:11.108311,21.3,63.4,0
2025-12-10T16:17:13.362906,21.3,63.4,1
2025-12-10T16:17:15.617717,21.3,63.4,0
2025-12-10T16:17:17.871994,21.3,63.4,0
2025-12-10T16:17:20.126645,21.3,63.4,0
2025-12-10T16:17:22.381423,21.3,63.4,0
2025-12-10T16:17:24.636117,21.3,63.4,1
2025-12-10T16:17:26.890756,21.3,63.4,0
2025-12-10T16:17:29.145552,21.3,63.4,1
2025-12-10T16:17:31.400194,21.3,63.4,0
2025-12-10T16:17:33.654480,21.3,63.4,0
2025-12-10T16:17:35.909240,21.3,63.4,0
2025-12-10T16:17:38.163999,21.3,63.4,0
2025-12-10T16:17:40.418613,21.3,63.4,1
2025-12-10T16:17:42.673338,21.3,63.4,0
2025-12-10T16:17:44.927993,21.3,63.4,0
2025-12-10T16:17:47.182427,21.3,63.4,0
2025-12-10T16:17:49.436887,21.3,63.4,0
2025-12-10T16:17:51.691525,21.3,63.4,0
2025-12-10T16:17:53.946222,21.3,63.4,0
2025-12-10T16:17:56.201034,21.3,63.4,1
2025-12-10T16:17:58.455688,21.3,63.3,0
2025-12-10T16:18:00.710239,21.3,63.3,1
2025-12-10T16:18:02.965078,21.3,63.3,0
2025-12-10T16:18:05.221815,21.3,63.3,0
2025-12-10T16:18:07.476374,21.3,63.3,0
2025-12-10T16:18:09.731163,21.3,63.3,0
2025-12-10T16:18:11.985796,21.3,63.3,1
2025-12-10T16:18:14.240252,21.3,63.3,0
2025-12-10T16:18:16.495005,21.3,63.3,0
2025-12-10T16:18:18.749442,21.3,63.3,0
2025-12-10T16:18:21.003860,21.3,63.3,0
2025-12-10T16:18:23.258646,21.3,63.3,1
2025-12-10T16:18:25.512879,21.3,63.3,0
2025-12-10T16:18:27.767468,21.3,63.3,0
2025-12-10T16:18:30.022140,21.3,63.3,0
2025-12-10T16:18:32.276770,21.3,63.3,0
2025-12-10T16:18:34.531336,21.3,63.3,0
2025-12-10T16:18:36.786034,21.3,63.4,0
2025-12-10T16:18:39.040700,21.3,63.4,1
2025-12-10T16:18:41.294970,21.3,63.4,0
2025-12-10T16:18:43.549385,21.3,63.4,0
2025-12-10T16:18:45.804116,21.3,63.3,0
2025-12-10T16:18:48.058775,21.3,63.3,0
2025-12-10T16:18:50.313519,21.3,63.3,1
2025-12-10T16:18:52.567720,21.3,63.3,0
2025-12-10T16:18:54.822122,21.3,63.3,0
2025-12-10T16:18:57.076904,21.3,63.3,0
2025-12-10T16:18:59.332878,21.3,63.3,0
2025-12-10T16:19:01.587468,21.3,63.3,1
2025-12-10T16:19:03.842233,21.3,63.3,0
2025-12-10T16:19:06.096903,21.3,63.3,0
2025-12-10T16:19:08.351245,21.3,63.3,0
2025-12-10T16:19:10.606043,21.3,63.3,0
2025-12-10T16:19:12.860700,21.3,63.3,1
2025-12-10T16:19:15.114958,21.3,63.3,0
2025-12-10T16:19:17.369701,21.3,63.3,1
2025-12-10T16:19:19.624142,21.3,63.4,0
2025-12-10T16:19:21.878436,21.3,63.4,0
2025-12-10T16:19:24.133316,21.3,63.4,0
2025-12-10T16:19:26.387880,21.3,63.4,0
2025-12-10T16:19:28.642503,21.3,63.4,0
2025-12-10T16:19:30.897308,21.3,63.4,0
2025-12-10T16:19:33.151888,21.3,63.4,0
2025-12-10T16:19:35.406318,21.3,63.4,0
2025-12-10T16:19:37.661108,21.3,63.4,1
2025-12-10T16:19:39.915809,21.3,63.4,0
2025-12-10T16:19:42.170411,21.3,63.4,0
2025-12-10T16:19:44.425244,21.3,63.4,0
2025-12-10T16:19:46.679586,21.3,63.4,0
2025-12-10T16:19:48.934005,21.3,63.4,0
2025-12-10T16:19:51.188811,21.3,63.4,0
2025-12-10T16:19:53.443481,21.3,63.4,1
2025-12-10T16:19:55.697945,21.3,63.4,0
2025-12-10T16:19:57.952504,21.3,63.4,1
2025-12-10T16:20:00.207139,21.3,63.4,0
2025-12-10T16:20:02.461511,21.3,63.4,0
2025-12-10T16:20:04.716378,21.3,63.4,0
2025-12-10T16:20:06.971117,21.3,63.4,0
2025-12-10T16:20:09.225174,21.3,63.4,1
2025-12-10T16:20:11.479884,21.3,63.4,0
2025-12-10T16:20:13.734563,21.3,63.5,0
2025-12-10T16:20:15.989183,21.3,63.4,1
2025-12-10T16:20:18.243828,21.3,63.4,0
2025-12-10T16:20:20.498044,21.3,63.4,0
2025-12-10T16:20:22.752268,21.3,63.4,0
2025-12-10T16:20:25.007088,21.3,63.4,0
2025-12-10T16:20:27.262966,21.3,63.4,0
2025-12-10T16:20:29.517524,21.3,63.4,0
2025-12-10T16:20:31.772325,21.3,63.4,0
2025-12-10T16:20:34.026535,21.3,63.5,1
2025-12-10T16:20:36.281111,21.3,63.4,0
2025-12-10T16:20:38.535867,21.3,63.4,1
2025-12-10T16:20:40.790570,21.3,63.4,0
2025-12-10T16:20:43.045212,21.3,63.4,0
2025-12-10T16:20:45.300046,21.3,63.5,0
2025-12-10T16:20:47.554703,21.3,63.5,0
2025-12-10T16:20:49.809200,21.3,63.5,1
2025-12-10T16:20:52.064158,21.3,63.5,0
2025-12-10T16:20:54.318783,21.3,63.5,1
2025-12-10T16:20:56.573384,21.3,63.5,0
2025-12-10T16:20:58.828115,21.3,63.5,0
2025-12-10T16:21:01.082853,21.3,63.5,0
2025-12-10T16:21:03.337136,21.3,63.5,0
2025-12-10T16:21:05.591572,21.3,63.5,1
2025-12-10T16:21:07.846229,21.3,63.5,0
2025-12-10T16:21:10.100876,21.3,63.5,0
2025-12-10T16:21:12.355687,21.3,63.5,0
2025-12-10T16:21:14.610198,21.3,63.5,0
2025-12-10T16:21:16.864671,21.3,63.5,1
2025-12-10T16:21:19.119377,21.3,63.5,0
2025-12-10T16:21:21.375561,21.3,63.5,0
2025-12-10T16:21:23.630102,21.3,63.5,0
2025-12-10T16:21:25.884917,21.3,63.5,0
2025-12-10T16:21:28.139665,21.3,63.4,1
2025-12-10T16:21:30.394121,21.3,63.4,0
2025-12-10T16:21:32.648530,21.3,63.4,1
2025-12-10T16:21:34.903102,21.3,63.4,0
2025-12-10T16:21:37.157644,21.3,63.4,0
2025-12-10T16:21:39.412498,21.3,63.4,0
2025-12-10T16:21:41.667013,21.3,63.4,0
2025-12-10T16:21:43.921464,21.3,63.4,0
2025-12-10T16:21:46.175865,21.3,63.4,0
2025-12-10T16:21:48.430668,21.3,63.4,1
2025-12-10T16:21:50.685197,21.3,63.4,0
2025-12-10T16:21:52.940078,21.3,63.4,1
2025-12-10T16:21:55.196594,21.3,63.4,0
2025-12-10T16:21:57.451156,21.3,63.4,0
2025-12-10T16:21:59.705967,21.3,63.4,0
2025-12-10T16:22:01.960638,21.3,63.4,0
2025-12-10T16:22:04.214954,21.3,63.4,1
2025-12-10T16:22:06.469346,21.3,63.4,0
2025-12-10T16:22:08.723580,21.3,63.4,0
2025-12-10T16:22:10.978167,21.3,63.4,0
2025-12-10T16:22:13.232903,21.3,63.4,0
2025-12-10T16:22:15.487572,21.3,63.4,1
2025-12-10T16:22:17.742130,21.3,63.4,0
2025-12-10T16:22:19.996938,21.3,63.4,1
2025-12-10T16:22:22.251540,21.3,63.4,0
2025-12-10T16:22:24.506041,21.3,63.4,0
2025-12-10T16:22:26.760783,21.3,63.4,1
2025-12-10T16:22:29.015531,21.3,63.4,0
2025-12-10T16:22:31.269841,21.3,63.4,0
2025-12-10T16:22:33.524500,21.3,63.4,1
2025-12-10T16:22:35.779157,21.3,63.4,0
2025-12-10T16:22:38.033339,21.3,63.4,0
2025-12-10T16:22:40.287615,21.3,63.3,0
2025-12-10T16:22:42.542303,21.3,63.3,0
2025-12-10T16:22:44.796459,21.3,63.4,0
2025-12-10T16:22:47.051299,21.3,63.4,0
2025-12-10T16:22:49.305859,21.3,63.4,1
2025-12-10T16:22:51.560423,21.3,63.4,0
2025-12-10T16:22:53.814748,21.3,63.4,1
2025-12-10T16:22:56.069257,21.3,63.3,0
2025-12-10T16:22:58.323940,21.3,63.4,0
2025-12-10T16:23:00.578730,21.3,63.4,0
2025-12-10T16:23:02.833086,21.3,63.3,0
2025-12-10T16:23:05.087411,21.3,63.4,0
2025-12-10T16:23:07.341878,21.3,63.4,0
2025-12-10T16:23:09.596374,21.3,63.3,1
2025-12-10T16:23:11.850887,21.3,63.4,0
2025-12-10T16:23:14.105631,21.3,63.4,0
2025-12-10T16:23:16.360179,21.3,63.3,0
2025-12-10T16:23:18.614723,21.3,63.4,0
2025-12-10T16:23:20.869091,21.3,63.3,0
2025-12-10T16:23:23.123755,21.3,63.3,0
2025-12-10T16:23:25.378231,21.3,63.4,1
2025-12-10T16:23:27.632920,21.3,63.4,0
2025-12-10T16:23:29.887473,21.3,63.4,0
2025-12-10T16:23:32.141976,21.3,63.4,0
2025-12-10T16:23:34.396337,21.3,63.4,0
2025-12-10T16:23:36.652795,21.3,63.4,1
2025-12-10T16:23:38.907375,21.3,63.3,0
2025-12-10T16:23:41.162011,21.3,63.4,0
2025-12-10T16:23:43.416607,21.3,63.4,1
2025-12-10T16:23:45.671200,21.3,63.4,0
2025-12-10T16:23:47.925968,21.3,63.4,0
2025-12-10T16:23:50.180418,21.3,63.4,0
2025-12-10T16:23:52.434483,21.3,63.4,0
2025-12-10T16:23:54.688717,21.3,63.4,1
2025-12-10T16:23:56.943085,21.3,63.4,0
2025-12-10T16:23:59.197596,21.3,63.4,1
2025-12-10T16:24:01.452484,21.3,63.4,0
2025-12-10T16:24:03.707095,21.3,63.5,0
2025-12-10T16:24:05.961664,21.3,63.5,0
2025-12-10T16:24:08.216056,21.3,63.5,0
2025-12-10T16:24:10.470612,21.3,63.5,1
2025-12-10T16:24:12.725091,21.3,63.6,0
2025-12-10T16:24:14.979693,21.3,63.6,0
2025-12-10T16:24:17.234165,21.3,63.6,1
2025-12-10T16:24:19.488661,21.3,63.6,0
2025-12-10T16:24:21.743086,21.3,63.6,0
2025-12-10T16:24:23.997749,21.3,63.6,0
2025-12-10T16:24:26.251967,21.3,63.7,0
2025-12-10T16:24:28.506779,21.3,63.6,0
2025-12-10T16:24:30.761362,21.3,63.7,0
2025-12-10T16:24:33.016159,21.3,63.7,0
2025-12-10T16:24:35.272468,21.3,63.7,0
2025-12-10T16:24:37.527130,21.3,63.7,0
2025-12-10T16:24:39.781596,21.3,63.7,0
2025-12-10T16:24:42.036219,21.3,63.7,1
2025-12-10T16:24:44.290732,21.3,63.7,0
2025-12-10T16:24:46.545313,21.3,63.7,1
2025-12-10T16:24:48.800243,21.3,63.7,0
2025-12-10T16:24:51.054713,21.3,63.7,0
2025-12-10T16:24:53.309324,21.3,63.7,0
2025-12-10T16:24:55.564203,21.3,63.7,0
2025-12-10T16:24:57.818835,21.3,63.7,1
2025-12-10T16:25:00.073382,21.3,63.7,0
2025-12-10T16:25:02.328241,21.3,63.7,1
2025-12-10T16:25:04.582630,21.3,63.6,0
2025-12-10T16:25:06.837234,21.3,63.6,0
2025-12-10T16:25:09.092176,21.3,63.6,0
2025-12-10T16:25:11.346918,21.3,63.6,0
2025-12-10T16:25:13.601187,21.3,63.6,1
2025-12-10T16:25:15.856183,21.3,63.6,0
2025-12-10T16:25:18.110948,21.3,63.6,1
2025-12-10T16:25:20.365505,21.3,63.6,0
2025-12-10T16:25:22.620364,21.3,63.6,0
2025-12-10T16:25:24.875031,21.3,63.6,0
2025-12-10T16:25:27.129586,21.3,63.6,0
2025-12-10T16:25:29.384375,21.3,63.6,0
2025-12-10T16:25:31.639033,21.3,63.6,0
2025-12-10T16:25:33.893641,21.3,63.6,1
2025-12-10T16:25:36.148543,21.3,63.6,0
2025-12-10T16:25:38.403198,21.3,63.6,1
2025-12-10T16:25:40.657645,21.3,63.6,0
2025-12-10T16:25:42.912406,21.3,63.6,1
2025-12-10T16:25:45.167095,21.3,63.6,0
2025-12-10T16:25:47.421471,21.3,63.6,0
2025-12-10T16:25:49.676311,21.3,63.6,0
2025-12-10T16:25:51.930950,21.3,63.6,0
2025-12-10T16:25:54.185267,21.3,63.7,1
2025-12-10T16:25:56.440061,21.3,63.6,0
2025-12-10T16:25:58.694430,21.3,63.7,0
2025-12-10T16:26:00.948878,21.3,63.7,0
2025-12-10T16:26:03.203684,21.3,63.7,0
2025-12-10T16:26:05.458279,21.3,63.7,1
2025-12-10T16:26:07.712889,21.3,63.7,0
2025-12-10T16:26:09.967459,21.3,63.7,0
2025-12-10T16:26:12.221779,21.3,63.7,0
2025-12-10T16:26:14.475715,21.3,63.7,0
2025-12-10T16:26:16.730082,21.3,63.7,0
2025-12-10T16:26:18.984730,21.3,63.7,0
2025-12-10T16:26:21.238935,21.3,63.7,0
2025-12-10T16:26:23.493648,21.3,63.6,0
2025-12-10T16:26:25.748346,21.3,63.6,0
2025-12-10T16:26:28.002449,21.3,63.6,1
2025-12-10T16:26:30.257196,21.3,63.6,0
2025-12-10T16:26:32.511773,21.3,63.6,1
2025-12-10T16:26:34.766344,21.3,63.6,0
2025-12-10T16:26:37.020967,21.3,63.6,0
2025-12-10T16:26:39.275322,21.3,63.6,0
2025-12-10T16:26:41.529897,21.3,63.6,0
2025-12-10T16:26:43.784311,21.3,63.6,1
2025-12-10T16:26:46.039064,21.3,63.7,0
2025-12-10T16:26:48.293399,21.3,63.7,0
2025-12-10T16:26:50.548222,21.3,63.7,0
2025-12-10T16:26:52.802783,21.3,63.7,0
2025-12-10T16:26:55.057227,21.3,63.7,0
2025-12-10T16:26:57.311997,21.3,63.7,0
2025-12-10T16:26:59.566329,21.3,63.7,1
2025-12-10T16:27:01.820827,21.3,63.7,0
2025-12-10T16:27:04.075229,21.3,63.7,0
2025-12-10T16:27:06.329355,21.3,63.7,0
2025-12-10T16:27:08.583877,21.3,63.7,0
2025-12-10T16:27:10.838652,21.3,63.7,0
2025-12-10T16:27:13.093089,21.3,63.7,0
2025-12-10T16:27:15.347579,21.3,63.7,0
2025-12-10T16:27:17.601940,21.3,63.7,1
2025-12-10T16:27:19.856517,21.3,63.7,0
2025-12-10T16:27:22.111184,21.3,63.7,0
2025-12-10T16:27:24.365592,21.3,63.7,1
2025-12-10T16:27:26.620274,21.3,63.7,0
2025-12-10T16:27:28.874493,21.3,63.7,1
2025-12-10T16:27:31.129366,21.3,63.6,0
2025-12-10T16:27:33.384033,21.3,63.6,0
2025-12-10T16:27:35.638408,21.3,63.6,0
2025-12-10T16:27:37.892802,21.3,63.6,0
2025-12-10T16:27:40.147370,21.3,63.6,0
2025-12-10T16:27:42.401636,21.3,63.6,0
2025-12-10T16:27:44.656467,21.3,63.5,1
2025-12-10T16:27:46.913219,21.3,63.5,0
2025-12-10T16:27:49.167955,21.3,63.5,0
2025-12-10T16:27:51.422359,21.3,63.5,0
2025-12-10T16:27:53.676801,21.3,63.5,0
2025-12-10T16:27:55.931359,21.3,63.5,0
2025-12-10T16:27:58.185894,21.3,63.6,0
2025-12-10T16:28:00.440335,21.3,63.6,1
2025-12-10T16:28:02.694759,21.3,63.6,0
2025-12-10T16:28:04.949646,21.3,63.6,0
2025-12-10T16:28:07.206292,21.3,63.5,0
2025-12-10T16:28:09.460847,21.3,63.6,0
2025-12-10T16:28:11.715667,21.3,63.6,1
2025-12-10T16:28:13.970143,21.3,63.6,0
2025-12-10T16:28:16.224645,21.3,63.6,1
2025-12-10T16:28:18.479358,21.3,63.6,0
2025-12-10T16:28:20.733867,21.3,63.6,0
2025-12-10T16:28:22.988478,21.3,63.6,0
2025-12-10T16:28:25.242927,21.3,63.6,0
2025-12-10T16:28:27.497529,21.3,63.5,0
2025-12-10T16:28:29.752159,21.3,63.5,0
2025-12-10T16:28:32.006465,21.3,63.5,0
2025-12-10T16:28:34.261104,21.3,63.5,1
2025-12-10T16:28:36.515188,21.3,63.5,0
2025-12-10T16:28:38.769838,21.3,63.5,0
2025-12-10T16:28:41.024441,21.3,63.5,0
2025-12-10T16:28:43.279029,21.3,63.5,0
2025-12-10T16:28:45.533572,21.3,63.5,0
2025-12-10T16:28:47.788322,21.3,63.5,0
2025-12-10T16:28:50.042476,21.3,63.5,1
2025-12-10T16:28:52.297139,21.3,63.5,0
2025-12-10T16:28:54.551772,21.3,63.5,0
2025-12-10T16:28:56.806245,21.3,63.5,0
2025-12-10T16:28:59.060800,21.3,63.4,0
2025-12-10T16:29:01.315450,21.3,63.5,1
2025-12-10T16:29:03.569790,21.3,63.5,0
2025-12-10T16:29:05.824489,21.3,63.5,0
2025-12-10T16:29:08.079173,21.3,63.5,0
2025-12-10T16:29:10.333550,21.3,63.5,0
2025-12-10T16:29:12.588394,21.3,63.5,0
2025-12-10T16:29:14.842960,21.3,63.5,0
2025-12-10T16:29:17.097421,21.3,63.5,1
2025-12-10T16:29:19.352258,21.3,63.5,0
2025-12-10T16:29:21.606678,21.3,63.5,0
2025-12-10T16:29:23.861118,21.3,63.5,0
2025-12-10T16:29:26.116001,21.3,63.5,0
2025-12-10T16:29:28.370464,21.3,63.5,1
2025-12-10T16:29:30.625043,21.3,63.5,0
2025-12-10T16:29:32.879424,21.3,63.5,0
2025-12-10T16:29:35.134008,21.3,63.5,0
2025-12-10T16:29:37.388228,21.3,63.5,0
2025-12-10T16:29:39.642927,21.3,63.5,1
2025-12-10T16:29:41.897448,21.3,63.5,0
2025-12-10T16:29:44.151913,21.3,63.5,1
2025-12-10T16:29:46.406557,21.3,63.5,0
2025-12-10T16:29:48.661067,21.3,63.5,0
2025-12-10T16:29:50.915537,21.3,63.5,1
2025-12-10T16:29:53.170082,21.3,63.5,0
2025-12-10T16:29:55.424766,21.3,63.6,0
2025-12-10T16:29:57.679119,21.3,63.6,1
2025-12-10T16:29:59.935091,21.3,63.6,0
2025-12-10T16:30:02.189659,21.3,63.6,0
2025-12-10T16:30:04.444361,21.3,63.6,0
2025-12-10T16:30:06.699026,21.3,63.6,0
2025-12-10T16:30:08.953316,21.3,63.6,1
2025-12-10T16:30:11.207809,21.3,63.6,0
2025-12-10T16:30:13.462370,21.3,63.6,0
2025-12-10T16:30:15.716916,21.3,63.6,0
2025-12-10T16:30:17.971602,21.3,63.6,0
2025-12-10T16:30:20.226117,21.3,63.6,1
2025-12-10T16:30:22.480554,21.3,63.6,0
2025-12-10T16:30:24.735122,21.3,63.6,1
2025-12-10T16:30:26.989629,21.3,63.6,0
2025-12-10T16:30:29.243809,21.3,63.6,0
2025-12-10T16:30:31.498425,21.3,63.6,0
2025-12-10T16:30:33.752964,21.3,63.6,0
2025-12-10T16:30:36.007125,21.3,63.6,1
2025-12-10T16:30:38.261952,21.3,63.6,0
2025-12-10T16:30:40.516536,21.3,63.6,0
2025-12-10T16:30:42.771037,21.3,63.6,1
2025-12-10T16:30:45.025578,21.3,63.6,0
2025-12-10T16:30:47.280197,21.3,63.6,1
2025-12-10T16:30:49.534777,21.3,63.6,0
2025-12-10T16:30:51.789526,21.3,63.6,0
2025-12-10T16:30:54.044164,21.3,63.6,0
2025-12-10T16:30:56.298763,21.3,63.6,0
2025-12-10T16:30:58.553554,21.3,63.6,0
2025-12-10T16:31:00.808158,21.3,63.6,0
2025-12-10T16:31:03.062648,21.3,63.6,0
2025-12-10T16:31:05.316979,21.3,63.6,0
2025-12-10T16:31:07.571678,21.3,63.6,1
2025-12-10T16:31:09.826355,21.3,63.6,0
2025-12-10T16:31:12.081262,21.3,63.6,0
2025-12-10T16:31:14.335985,21.3,63.6,0
2025-12-10T16:31:16.590618,21.3,63.6,0
2025-12-10T16:31:18.845265,21.3,63.6,1
2025-12-10T16:31:21.100119,21.3,63.7,0
2025-12-10T16:31:23.354713,21.3,63.6,0
2025-12-10T16:31:25.609544,21.3,63.7,0
2025-12-10T16:31:27.864264,21.3,63.7,0
2025-12-10T16:31:30.118987,21.3,63.7,1
2025-12-10T16:31:32.373752,21.3,63.7,0
2025-12-10T16:31:34.628213,21.3,63.7,0
2025-12-10T16:31:36.882844,21.3,63.7,1
2025-12-10T16:31:39.137798,21.3,63.6,0
2025-12-10T16:31:41.392444,21.3,63.7,0
2025-12-10T16:31:43.647079,21.3,63.7,0
2025-12-10T16:31:45.901844,21.3,63.6,0
2025-12-10T16:31:48.156526,21.3,63.7,0
2025-12-10T16:31:50.411108,21.3,63.7,1
2025-12-10T16:31:52.665842,21.3,63.6,0
2025-12-10T16:31:54.920471,21.3,63.6,0
2025-12-10T16:31:57.175156,21.3,63.6,1
2025-12-10T16:31:59.429912,21.3,63.6,0
2025-12-10T16:32:01.684497,21.3,63.6,0
2025-12-10T16:32:03.939215,21.3,63.6,1
2025-12-10T16:32:06.193804,21.3,63.6,0
2025-12-10T16:32:08.448467,21.3,63.6,1
2025-12-10T16:32:10.703096,21.3,63.6,0
2025-12-10T16:32:12.957991,21.3,63.6,0
2025-12-10T16:32:15.212653,21.3,63.6,0
2025-12-10T16:32:17.467282,21.3,63.6,0
2025-12-10T16:32:19.721984,21.3,63.6,1
2025-12-10T16:32:21.976681,21.3,63.6,0
2025-12-10T16:32:24.231270,21.3,63.6,0
2025-12-10T16:32:26.485995,21.3,63.6,0
2025-12-10T16:32:28.740563,21.3,63.6,0
2025-12-10T16:32:30.995222,21.3,63.6,1
2025-12-10T16:32:33.250072,21.3,63.6,0
2025-12-10T16:32:35.504595,21.3,63.6,0
2025-12-10T16:32:37.759210,21.3,63.6,0
2025-12-10T16:32:40.013486,21.3,63.6,0
2025-12-10T16:32:42.269527,21.3,63.6,0
2025-12-10T16:32:44.524174,21.3,63.6,0
2025-12-10T16:32:46.778953,21.3,63.6,0
2025-12-10T16:32:49.033577,21.3,63.6,0
2025-12-10T16:32:51.288168,21.4,63.6,0
2025-12-10T16:32:53.542988,21.3,63.6,1
2025-12-10T16:32:55.797599,21.3,63.6,0
2025-12-10T16:32:58.052115,21.3,63.6,1
2025-12-10T16:33:00.306884,21.3,63.6,0
2025-12-10T16:33:02.561473,21.3,63.6,1
2025-12-10T16:33:04.816151,21.3,63.6,0
2025-12-10T16:33:07.071076,21.3,63.6,0
2025-12-10T16:33:09.325658,21.3,63.6,0
2025-12-10T16:33:11.580318,21.3,63.6,0
2025-12-10T16:33:13.835177,21.3,63.6,1
2025-12-10T16:33:16.089731,21.3,63.6,0
2025-12-10T16:33:18.344061,21.3,63.6,0
2025-12-10T16:33:20.598933,21.3,63.6,0
2025-12-10T16:33:22.853572,21.3,63.6,0
2025-12-10T16:33:25.108047,21.3,63.6,1
2025-12-10T16:33:27.362892,21.3,63.6,0
2025-12-10T16:33:29.617209,21.3,63.6,0
2025-12-10T16:33:31.871734,21.3,63.6,0
2025-12-10T16:33:34.126635,21.3,63.6,0
2025-12-10T16:33:36.381298,21.3,63.6,0
2025-12-10T16:33:38.635946,21.3,63.6,0
2025-12-10T16:33:40.890725,21.3,63.6,0
2025-12-10T16:33:43.145268,21.3,63.6,0
2025-12-10T16:33:45.399890,21.3,63.6,0
2025-12-10T16:33:47.654651,21.3,63.6,0
2025-12-10T16:33:49.909141,21.3,63.6,1
2025-12-10T16:33:52.163853,21.3,63.6,0
2025-12-10T16:33:54.418663,21.3,63.6,1
2025-12-10T16:33:56.673349,21.3,63.6,0
2025-12-10T16:33:58.927805,21.3,63.6,0
2025-12-10T16:34:01.182625,21.3,63.5,1
2025-12-10T16:34:03.437290,21.3,63.5,0
2025-12-10T16:34:05.691910,21.3,63.5,0
2025-12-10T16:34:07.946582,21.3,63.5,0
2025-12-10T16:34:10.201235,21.3,63.5,0
2025-12-10T16:34:12.455890,21.3,63.5,0
2025-12-10T16:34:14.710689,21.3,63.5,0
2025-12-10T16:34:16.965473,21.3,63.5,1
2025-12-10T16:34:19.220182,21.3,63.5,0
2025-12-10T16:34:21.475005,21.3,63.5,1
2025-12-10T16:34:23.729587,21.3,63.5,0
2025-12-10T16:34:25.984377,21.3,63.4,0
2025-12-10T16:34:28.239144,21.3,63.5,1
2025-12-10T16:34:30.493705,21.3,63.4,0
2025-12-10T16:34:32.748197,21.3,63.4,1
2025-12-10T16:34:35.002536,21.3,63.4,0
2025-12-10T16:34:37.257107,21.3,63.4,0
2025-12-10T16:34:39.511716,21.3,63.4,0
2025-12-10T16:34:41.766527,21.3,63.5,0
2025-12-10T16:34:44.021253,21.3,63.5,0
2025-12-10T16:34:46.275878,21.3,63.5,0
2025-12-10T16:34:48.530700,21.3,63.5,0
2025-12-10T16:34:50.785289,21.3,63.6,1
2025-12-10T16:34:53.040096,21.3,63.6,0
2025-12-10T16:34:55.294584,21.3,63.6,0
2025-12-10T16:34:57.549231,21.3,63.6,0
2025-12-10T16:34:59.803807,21.3,63.6,0
2025-12-10T16:35:02.058673,21.3,63.6,0
2025-12-10T16:35:04.313122,21.3,63.7,0
2025-12-10T16:35:06.567757,21.3,63.7,0
2025-12-10T16:35:08.822498,21.3,63.6,1
2025-12-10T16:35:11.077255,21.3,63.7,0
2025-12-10T16:35:13.331908,21.3,63.7,1
2025-12-10T16:35:15.586446,21.3,63.7,0
2025-12-10T16:35:17.841142,21.3,63.7,0
2025-12-10T16:35:20.095860,21.3,63.7,0
2025-12-10T16:35:22.350715,21.3,63.7,0
2025-12-10T16:35:24.605356,21.3,63.7,1
2025-12-10T16:35:26.859999,21.3,63.7,0
2025-12-10T16:35:29.114805,21.3,63.7,0
2025-12-10T16:35:31.369075,21.3,63.7,0
2025-12-10T16:35:33.623672,21.3,63.7,0
2025-12-10T16:35:35.878381,21.3,63.7,0
2025-12-10T16:35:38.133050,21.3,63.7,0
2025-12-10T16:35:40.387264,21.3,63.7,0
2025-12-10T16:35:42.642040,21.3,63.7,1
2025-12-10T16:35:44.896602,21.3,63.7,0
2025-12-10T16:35:47.151127,21.3,63.7,0
2025-12-10T16:35:49.405874,21.3,63.7,0
2025-12-10T16:35:51.660539,21.3,63.7,0
2025-12-10T16:35:53.915041,21.3,63.7,0
2025-12-10T16:35:56.169526,21.3,63.7,0
2025-12-10T16:35:58.424152,21.3,63.7,0
2025-12-10T16:36:00.678464,21.3,63.7,0
2025-12-10T16:36:02.932874,21.3,63.7,0
2025-12-10T16:36:05.187646,21.3,63.7,0
2025-12-10T16:36:07.442199,21.3,63.8,1
2025-12-10T16:36:09.696719,21.3,63.7,0
2025-12-10T16:36:11.951453,21.3,63.8,0
2025-12-10T16:36:14.205610,21.3,63.8,0
2025-12-10T16:36:16.460396,21.3,63.8,0
2025-12-10T16:36:18.715090,21.3,63.8,0
2025-12-10T16:36:20.969445,21.3,63.8,0
2025-12-10T16:36:23.224013,21.3,63.9,0
2025-12-10T16:36:25.478254,21.3,63.9,0
2025-12-10T16:36:27.732321,21.3,63.9,0
2025-12-10T16:36:29.987184,21.3,64.0,0
2025-12-10T16:36:32.241397,21.3,63.9,0
2025-12-10T16:36:34.495745,21.3,64.0,0
2025-12-10T16:36:36.749997,21.3,64.0,0
2025-12-10T16:36:39.006161,21.3,64.0,0
2025-12-10T16:36:41.341619,21.3,64.0,1
2025-12-10T16:36:43.677268,21.3,64.0,0
2025-12-10T16:36:45.935295,21.3,64.0,0
2025-12-10T16:36:48.189692,21.3,63.9,0
2025-12-10T16:36:50.444495,21.3,64.0,0
2025-12-10T16:36:52.699113,21.3,63.9,0
2025-12-10T16:36:54.953558,21.3,63.9,0
2025-12-10T16:36:57.208177,21.3,63.9,0
2025-12-10T16:36:59.462384,21.3,63.9,0
2025-12-10T16:37:01.716544,21.3,64.0,1
2025-12-10T16:37:03.971360,21.3,63.9,0
2025-12-10T16:37:06.225661,21.3,63.9,0
2025-12-10T16:37:08.480271,21.3,63.9,1
2025-12-10T16:37:10.734536,21.3,63.9,0
2025-12-10T16:37:12.990713,21.3,63.9,0
2025-12-10T16:37:15.245384,21.3,63.9,0
2025-12-10T16:37:17.500243,21.3,63.9,0
2025-12-10T16:37:19.754879,21.3,63.9,0
2025-12-10T16:37:22.009060,21.3,63.9,0
2025-12-10T16:37:24.263899,21.3,63.8,0
2025-12-10T16:37:26.518568,21.3,63.8,0
2025-12-10T16:37:28.772575,21.3,63.8,0
2025-12-10T16:37:31.027469,21.3,63.8,0
2025-12-10T16:37:33.282037,21.3,63.8,0
2025-12-10T16:37:35.536346,21.3,63.8,0
2025-12-10T16:37:37.872089,21.3,63.8,0
2025-12-10T16:37:40.207814,21.3,63.7,0
2025-12-10T16:37:42.478536,21.3,63.7,0
2025-12-10T16:37:44.733214,21.3,63.7,0
2025-12-10T16:37:46.988047,21.3,63.7,0
2025-12-10T16:37:49.242581,21.3,63.7,0
2025-12-10T16:37:51.497294,21.3,63.7,0
2025-12-10T16:37:53.752000,21.3,63.7,0
2025-12-10T16:37:56.006547,21.3,63.7,0
2025-12-10T16:37:58.261094,21.3,63.7,0
2025-12-10T16:38:00.515750,21.3,63.7,0
2025-12-10T16:38:02.770207,21.3,63.6,0
2025-12-10T16:38:05.025154,21.3,63.7,0
2025-12-10T16:38:07.279841,21.3,63.7,0
2025-12-10T16:38:09.534331,21.3,63.7,0
2025-12-10T16:38:11.789055,21.3,63.6,0
2025-12-10T16:38:14.043793,21.3,63.6,0
2025-12-10T16:38:16.298386,21.3,63.7,0
2025-12-10T16:38:18.553036,21.3,63.6,0
2025-12-10T16:38:31.396464,21.3,63.7,0
2025-12-10T16:38:33.652231,21.3,63.8,1
2025-12-10T16:38:35.908896,21.3,63.8,0
2025-12-10T16:38:38.167172,21.3,63.9,0
2025-12-10T16:38:40.480464,21.3,63.9,0
2025-12-10T16:38:42.734708,21.3,63.9,0
2025-12-10T16:38:44.989175,21.3,63.8,0
2025-12-10T16:38:47.246957,21.3,63.9,0
2025-12-10T16:38:49.501028,21.3,63.9,0
2025-12-10T16:38:51.758463,21.3,64.0,0
2025-12-10T16:38:54.012852,21.3,64.0,0
2025-12-10T16:39:09.190101,21.3,64.0,1
2025-12-10T16:39:11.448327,21.3,64.0,0
2025-12-10T16:39:13.703027,21.3,64.1,0
2025-12-10T16:39:15.957713,21.3,64.1,0
2025-12-10T16:39:18.212283,21.3,64.1,0
2025-12-10T16:39:20.466909,21.3,64.1,0
2025-12-10T16:39:22.721367,21.3,64.1,0
2025-12-10T16:39:24.975572,21.3,64.1,0
2025-12-10T16:39:27.229913,21.3,64.1,0
2025-12-10T16:39:29.484557,21.3,64.1,0
2025-12-10T16:39:31.739210,21.3,64.1,0
2025-12-10T16:39:33.993302,21.3,64.1,0
2025-12-10T16:39:36.247843,21.3,64.1,0
2025-12-10T16:39:38.502921,21.3,64.1,0
2025-12-10T16:39:40.758696,21.3,64.0,0
2025-12-10T16:39:43.013347,21.3,64.1,0
2025-12-10T16:39:45.268205,21.3,64.1,0
2025-12-10T16:39:47.522951,21.3,64.1,0
2025-12-10T16:39:49.777494,21.3,64.1,0
2025-12-10T16:39:52.032362,21.3,64.1,0
2025-12-10T16:39:54.286985,21.3,64.1,0
2025-12-10T16:39:56.541588,21.3,64.1,0
2025-12-10T16:39:58.796478,21.3,64.1,0
2025-12-10T16:40:01.052548,21.3,64.1,0
2025-12-10T16:40:03.306766,21.3,64.1,0
2025-12-10T16:40:05.561498,21.3,64.1,0
2025-12-10T16:40:07.816160,21.3,64.1,0
2025-12-10T16:40:10.070717,21.3,64.1,0
2025-12-10T16:40:12.325408,21.3,64.1,0
2025-12-10T16:40:14.579859,21.3,64.1,0
2025-12-10T16:40:16.834364,21.3,64.1,0
2025-12-10T16:40:19.089147,21.3,64.1,0
2025-12-10T16:40:21.343921,21.3,64.1,0
2025-12-10T16:40:23.598530,21.3,64.1,0
2025-12-10T16:40:25.853397,21.3,64.2,0
2025-12-10T16:40:28.108103,21.3,64.2,0
2025-12-10T16:40:30.362671,21.3,64.2,0
2025-12-10T16:40:32.617451,21.3,64.2,0
2025-12-10T16:40:34.872142,21.3,64.2,1
2025-12-10T16:40:37.126775,21.3,64.2,0
2025-12-10T16:40:39.381651,21.3,64.2,0
2025-12-10T16:40:41.636352,21.3,64.2,0
2025-12-10T16:40:43.890918,21.3,64.2,0
2025-12-10T16:40:46.145672,21.3,64.1,0
2025-12-10T16:40:48.400423,21.3,64.1,1
2025-12-10T16:40:50.654984,21.3,64.1,0
2025-12-10T16:40:52.909770,21.3,64.1,1
2025-12-10T16:40:55.164512,21.3,64.1,0
2025-12-10T16:40:57.418913,21.3,64.1,0
2025-12-10T16:40:59.673674,21.3,64.1,1
2025-12-10T16:41:01.927762,21.3,64.1,0
2025-12-10T16:41:04.182100,21.3,64.1,1
2025-12-10T16:41:06.437030,21.3,64.1,0
2025-12-10T16:41:08.691628,21.3,64.1,0
2025-12-10T16:41:10.946137,21.3,64.1,0
2025-12-10T16:41:13.200941,21.3,64.1,0
2025-12-10T16:41:15.455692,21.3,64.1,0
2025-12-10T16:41:17.710051,21.3,64.0,0
2025-12-10T16:41:19.964885,21.3,64.0,0
2025-12-10T16:41:22.219580,21.3,64.0,1
2025-12-10T16:41:24.474137,21.3,63.9,0
2025-12-10T16:41:26.728568,21.3,63.8,0
2025-12-10T16:41:28.983219,21.3,63.7,0
2025-12-10T16:41:31.237778,21.3,63.7,0
2025-12-10T16:41:33.492713,21.3,63.6,0
2025-12-10T16:41:35.747326,21.3,63.6,0
2025-12-10T16:41:38.001553,21.3,63.6,0
2025-12-10T16:41:40.256510,21.3,63.5,0
2025-12-10T16:41:42.511167,21.3,63.5,0
2025-12-10T16:41:44.765739,21.3,63.5,0
2025-12-10T16:41:47.020608,21.3,63.6,0
2025-12-10T16:41:49.275287,21.3,63.5,0
2025-12-10T16:41:51.529652,21.3,63.5,0
2025-12-10T16:41:53.784532,21.3,63.5,0
2025-12-10T16:41:56.039195,21.3,63.6,0
2025-12-10T16:41:58.293697,21.3,63.5,0
2025-12-10T16:42:00.548643,21.3,63.6,0
2025-12-10T16:42:02.803295,21.3,63.6,1
2025-12-10T16:42:05.057730,21.3,63.6,0
2025-12-10T16:42:07.312508,21.3,63.6,0
2025-12-10T16:42:09.567147,21.3,63.6,0
2025-12-10T16:42:11.821502,21.3,63.6,0
2025-12-10T16:42:14.076409,21.3,63.6,0
2025-12-10T16:42:16.331051,21.3,63.6,0
2025-12-10T16:42:18.585550,21.3,63.6,0
2025-12-10T16:42:20.840456,21.3,63.7,0
2025-12-10T16:42:23.095091,21.3,63.7,0
2025-12-10T16:42:25.349763,21.3,63.7,0
2025-12-10T16:42:27.604639,21.3,63.7,0
2025-12-10T16:42:29.859176,21.3,63.7,0
2025-12-10T16:42:32.113689,21.3,63.7,0
2025-12-10T16:42:34.368608,21.3,63.7,0
2025-12-10T16:42:36.623272,21.3,63.7,0
2025-12-10T16:42:38.877785,21.3,63.7,0
2025-12-10T16:42:41.132449,21.3,63.7,1
2025-12-10T16:42:43.387153,21.3,63.7,0
2025-12-10T16:42:45.641372,21.3,63.7,0
2025-12-10T16:42:47.896158,21.3,63.7,0
2025-12-10T16:42:50.152936,21.3,63.7,0
2025-12-10T16:42:52.407597,21.3,63.7,0
2025-12-10T16:42:54.662093,21.3,63.7,0
2025-12-10T16:42:56.916615,21.3,63.7,0
2025-12-10T16:42:59.171294,21.3,63.7,0
2025-12-10T16:43:01.426180,21.3,63.7,0
2025-12-10T16:43:03.680700,21.3,63.7,1
2025-12-10T16:43:05.935255,21.3,63.7,0
2025-12-10T16:43:08.189681,21.3,63.7,1
2025-12-10T16:43:10.444387,21.3,63.7,0
2025-12-10T16:43:12.699001,21.3,63.7,0
2025-12-10T16:43:14.953675,21.3,63.7,0
2025-12-10T16:43:17.208072,21.3,63.7,0
2025-12-10T16:43:19.462407,21.3,63.7,1
2025-12-10T16:43:21.717146,21.3,63.7,0
2025-12-10T16:43:23.971842,21.3,63.7,0
2025-12-10T16:43:26.226330,21.3,63.7,0
2025-12-10T16:43:28.481061,21.3,63.7,0
2025-12-10T16:43:30.735702,21.3,63.8,0
2025-12-10T16:43:32.990195,21.3,63.9,1
2025-12-10T16:43:35.244767,21.3,64.2,0
2025-12-10T16:43:37.498914,21.3,64.3,0
2025-12-10T16:43:39.752864,21.4,65.8,0
2025-12-10T16:43:42.007357,21.4,65.8,0
2025-12-10T16:43:44.261540,21.4,65.4,0
2025-12-10T16:43:46.516238,21.4,65.3,1
2025-12-10T16:43:48.771051,21.4,65.1,0
2025-12-10T16:43:51.025760,21.4,64.9,0
2025-12-10T16:43:53.280417,21.4,64.7,0
2025-12-10T16:43:02.332804,21.5,62.8,0
2025-12-10T16:43:04.588689,21.5,64.0,0
2025-12-10T16:43:06.843767,21.4,63.9,0
2025-12-10T16:43:09.098511,21.4,63.9,0
2025-12-10T16:43:11.356255,21.4,63.9,0
2025-12-10T16:43:13.610936,21.4,63.9,0
2025-12-10T16:43:15.865302,21.4,63.9,0
2025-12-10T16:43:18.119937,21.4,63.9,0
2025-12-10T16:43:20.374243,21.4,63.8,0
2025-12-10T16:43:22.628898,21.5,63.9,0
2025-12-10T16:43:24.883134,21.4,63.8,0
2025-12-10T16:43:27.137678,21.4,63.8,0
2025-12-10T16:43:29.391816,21.4,63.8,1
2025-12-10T16:43:31.646326,21.4,63.8,0
2025-12-10T16:43:33.900414,21.4,63.8,0
2025-12-10T16:43:36.155132,21.4,63.8,0
2025-12-10T16:43:38.409179,21.4,63.8,0
2025-12-10T16:43:40.663500,21.4,63.8,1
2025-12-10T16:43:42.918030,21.4,63.7,0
2025-12-10T16:43:45.172473,21.4,63.7,1
2025-12-10T16:43:47.427081,21.4,63.7,0
2025-12-10T16:43:49.681604,21.4,63.7,0
2025-12-10T16:43:51.935527,21.4,63.7,1
2025-12-10T16:43:54.190283,21.4,63.7,0
2025-12-10T16:43:56.444808,21.4,63.7,0
2025-12-10T16:43:58.699280,21.4,63.7,0
2025-12-10T16:44:00.954006,21.4,63.7,0
2025-12-10T16:44:03.208561,21.4,63.8,1
2025-12-10T16:44:05.462728,21.4,63.7,0
2025-12-10T16:44:07.716982,21.4,63.8,1
2025-12-10T16:44:09.971106,21.4,63.8,0
2025-12-10T16:44:12.225713,21.4,63.8,0
2025-12-10T16:44:14.479907,21.4,63.7,0
2025-12-10T16:44:16.734046,21.4,63.8,0
2025-12-10T16:44:18.988197,21.4,63.7,1
2025-12-10T16:44:21.243088,21.4,63.7,0
2025-12-10T16:44:23.497524,21.4,63.7,0
2025-12-10T16:44:25.751708,21.4,63.6,0
2025-12-10T16:44:28.006459,21.4,63.7,0
2025-12-10T16:44:30.261126,21.4,63.6,0
2025-12-10T16:44:32.515223,21.4,63.6,0
2025-12-10T16:44:34.769898,21.4,63.6,1
2025-12-10T16:44:37.024048,21.4,63.6,0
2025-12-10T16:44:39.278636,21.4,63.6,0
2025-12-10T16:44:41.533174,21.4,63.6,0
2025-12-10T16:44:43.787682,21.4,63.6,0
2025-12-10T16:44:46.042164,21.5,63.7,1
2025-12-10T16:44:48.296511,21.4,63.6,0
2025-12-10T16:44:50.551172,21.4,63.6,1
2025-12-10T16:44:52.805725,21.4,63.6,0
2025-12-10T16:44:55.060278,21.4,63.6,0
2025-12-10T16:44:57.315047,21.4,63.6,0
2025-12-10T16:44:59.569583,21.4,63.6,0
2025-12-10T16:45:01.824202,21.4,63.6,1
2025-12-10T16:45:04.078810,21.4,63.6,0
2025-12-10T16:45:06.333192,21.4,63.6,0
2025-12-10T16:45:08.587379,21.4,63.6,0
2025-12-10T16:45:10.842027,21.4,63.6,0
2025-12-10T16:45:13.095931,21.4,63.6,0
2025-12-10T16:45:15.350767,21.4,63.6,1
2025-12-10T16:45:17.605453,21.4,63.6,0
2025-12-10T16:45:19.859520,21.4,63.6,0
2025-12-10T16:45:22.114256,21.4,63.6,0
2025-12-10T16:45:24.368382,21.4,63.6,0
2025-12-10T16:45:26.622971,21.4,63.6,1
2025-12-10T16:45:28.877389,21.4,63.6,0
2025-12-10T16:45:31.131696,21.4,63.6,1
2025-12-10T16:45:33.386330,21.4,63.6,0
2025-12-10T16:45:35.640743,21.4,63.6,1
2025-12-10T16:45:37.894776,21.4,63.6,0
2025-12-10T16:45:40.148988,21.4,63.6,0
2025-12-10T16:45:42.403441,21.4,63.6,1
2025-12-10T16:45:44.657903,21.4,63.6,0
2025-12-10T16:45:46.912032,21.4,63.6,0
2025-12-10T16:45:49.166948,21.4,63.6,0
2025-12-10T16:45:51.421236,21.4,63.6,1
2025-12-10T16:45:53.675616,21.4,63.6,0
2025-12-10T16:45:55.930297,21.4,63.6,0
2025-12-10T16:45:58.184931,21.4,63.6,0
2025-12-10T16:46:00.438973,21.4,63.5,0
2025-12-10T16:46:02.693410,21.4,63.6,1
2025-12-10T16:46:04.947611,21.4,63.5,0
2025-12-10T16:46:07.202088,21.4,63.6,0
2025-12-10T16:46:09.456763,21.4,63.5,0
2025-12-10T16:46:11.712593,21.4,63.6,0
2025-12-10T16:46:13.967179,21.4,63.5,0
2025-12-10T16:46:16.222192,21.4,63.5,0
2025-12-10T16:46:18.476197,21.4,63.5,1
2025-12-10T16:46:20.730764,21.4,63.5,0
2025-12-10T16:46:22.984966,21.4,63.5,0
2025-12-10T16:46:25.239150,21.4,63.5,0
2025-12-10T16:46:27.493405,21.4,63.5,0
2025-12-10T16:46:29.747723,21.4,63.5,0
2025-12-10T16:46:32.002243,21.4,63.5,0
2025-12-10T16:46:34.256348,21.4,63.5,1
2025-12-10T16:46:36.510534,21.4,63.5,0
2025-12-10T16:46:38.764576,21.4,63.5,0
2025-12-10T16:46:41.019001,21.4,63.5,0
2025-12-10T16:46:43.273166,21.4,63.5,0
2025-12-10T16:46:45.527564,21.4,63.5,0
2025-12-10T16:46:47.781959,21.4,63.5,0
2025-12-10T16:46:50.036060,21.4,63.5,0
2025-12-10T16:46:52.290746,21.4,63.5,0
2025-12-10T16:46:54.545018,21.4,63.5,0
2025-12-10T16:46:56.799211,21.4,63.5,0
2025-12-10T16:46:59.053554,21.4,63.5,0
2025-12-10T16:47:01.308032,21.4,63.5,0
2025-12-10T16:47:03.562750,21.4,63.5,0
2025-12-10T16:47:05.817187,21.4,63.5,0
2025-12-10T16:47:08.071708,21.4,63.5,0
2025-12-10T16:47:10.326508,21.4,63.5,0
2025-12-10T16:47:12.580513,21.4,63.5,0
2025-12-10T16:47:14.835135,21.4,63.5,0
2025-12-10T16:47:17.089932,21.4,63.5,0
2025-12-10T16:47:19.345994,21.4,63.5,0
2025-12-10T16:47:21.599904,21.4,63.5,0
2025-12-10T16:47:23.854699,21.4,63.4,0
2025-12-10T16:47:26.111336,21.4,63.4,0
2025-12-10T16:47:28.365827,21.4,63.4,0
2025-12-10T16:47:30.620455,21.4,63.4,0
2025-12-10T16:47:32.875122,21.4,63.4,0
2025-12-10T16:47:35.129362,21.4,63.4,0
2025-12-10T16:47:37.384040,21.4,63.4,0
2025-12-10T16:47:39.638687,21.4,63.4,0
2025-12-10T16:47:41.893077,21.4,63.4,0
2025-12-10T16:47:44.147586,21.4,63.4,0
2025-12-10T16:47:46.401902,21.4,63.4,0
2025-12-10T16:47:48.656349,21.4,63.4,1
2025-12-10T16:47:50.911182,21.4,63.4,0
2025-12-10T16:47:53.165765,21.4,63.4,0
2025-12-10T16:47:55.420252,21.4,63.4,0
2025-12-10T16:47:57.674525,21.4,63.4,0
2025-12-10T16:47:59.928616,21.4,63.4,0
2025-12-10T16:48:02.182735,21.4,63.4,0
2025-12-10T16:48:04.437328,21.4,63.4,0
2025-12-10T16:48:06.691310,21.4,63.4,0
2025-12-10T16:48:08.945497,21.4,63.4,0
2025-12-10T16:48:11.200135,21.4,63.4,1
2025-12-10T16:48:13.454489,21.4,63.4,0
2025-12-10T16:48:15.708886,21.4,63.4,1
2025-12-10T16:48:17.963045,21.4,63.3,0
2025-12-10T16:48:20.217774,21.4,63.3,0
2025-12-10T16:48:22.471984,21.4,63.3,1
2025-12-10T16:48:24.726724,21.4,63.3,0
2025-12-10T16:48:26.980936,21.4,63.3,0
2025-12-10T16:48:29.234949,21.4,63.3,0
2025-12-10T16:48:31.489424,21.4,63.3,0
2025-12-10T16:48:33.743497,21.4,63.3,0
2025-12-10T16:48:35.997965,21.4,63.3,0
2025-12-10T16:48:38.252222,21.4,63.3,0
2025-12-10T16:48:40.506910,21.4,63.3,0
2025-12-10T16:48:42.761371,21.4,63.3,1
2025-12-10T16:48:45.015584,21.4,63.3,0
2025-12-10T16:48:47.270195,21.4,63.3,0
2025-12-10T16:48:49.524197,21.4,63.3,0
2025-12-10T16:48:05.649180,21.4,62.2,0
2025-12-10T16:48:07.910509,21.5,63.4,0
2025-12-10T16:48:10.173183,21.4,63.4,0
2025-12-10T16:48:12.428241,21.4,63.3,1
2025-12-10T16:48:14.685794,21.4,63.3,0
2025-12-10T16:48:16.940570,21.4,63.2,1
2025-12-10T16:48:19.194935,21.4,63.3,0
2025-12-10T16:48:21.449721,21.4,63.2,0
2025-12-10T16:48:23.704491,21.4,63.1,1
2025-12-10T16:48:25.959117,21.4,63.1,0
2025-12-10T16:48:28.213786,21.4,63.1,0
2025-12-10T16:48:30.468575,21.4,63.1,0
2025-12-10T16:48:32.723284,21.4,63.1,0
2025-12-10T16:48:34.977871,21.4,63.0,0
2025-12-10T16:48:37.232630,21.4,63.0,0
2025-12-10T16:48:39.487400,21.4,63.0,1
2025-12-10T16:48:41.742072,21.4,63.0,0
2025-12-10T16:48:43.996851,21.4,63.0,0
2025-12-10T16:48:46.251445,21.4,63.0,1
2025-12-10T16:48:48.506249,21.4,63.0,0
2025-12-10T16:48:50.760890,21.4,63.0,0
2025-12-10T16:48:53.015616,21.4,63.1,1
2025-12-10T16:48:55.269991,21.4,63.1,0
2025-12-10T16:48:57.524889,21.4,63.1,0
2025-12-10T16:48:59.779576,21.4,63.2,0
2025-12-10T16:49:02.034217,21.4,63.2,0
2025-12-10T16:49:04.289138,21.4,63.2,1
2025-12-10T16:49:06.544039,21.4,63.2,0
2025-12-10T16:49:08.798412,21.4,63.2,0
2025-12-10T16:49:11.053219,21.4,63.2,1
2025-12-10T16:49:13.307935,21.4,63.3,0
2025-12-10T16:49:15.562706,21.4,63.3,0
2025-12-10T16:49:17.817459,21.4,63.3,0
2025-12-10T16:49:20.071891,21.4,63.3,0
2025-12-10T16:49:22.326558,21.4,63.3,0
2025-12-10T16:49:24.581490,21.4,63.3,0
2025-12-10T16:49:26.836266,21.4,63.3,1
2025-12-10T16:49:29.090776,21.4,63.3,0
2025-12-10T16:49:31.345581,21.4,63.3,0
2025-12-10T16:49:33.600441,21.4,63.3,0
2025-12-10T16:49:35.854883,21.4,63.3,0
2025-12-10T16:49:38.109741,21.4,63.3,0
2025-12-10T16:49:40.364349,21.4,63.3,1
2025-12-10T16:49:42.619117,21.4,63.3,0
2025-12-10T16:49:44.873949,21.4,63.3,0
2025-12-10T16:49:47.128156,21.4,63.3,0
2025-12-10T16:49:49.382755,21.4,63.3,0
2025-12-10T16:49:51.637513,21.4,63.2,1
2025-12-10T16:49:53.892225,21.4,63.2,0
2025-12-10T16:49:56.146832,21.4,63.1,0
2025-12-10T16:49:58.401778,21.4,63.1,0
2025-12-10T16:50:00.656642,21.4,63.1,0
2025-12-10T16:50:02.911267,21.4,63.1,0
2025-12-10T16:50:05.166011,21.4,63.1,0
2025-12-10T16:50:07.421760,21.4,63.1,1
2025-12-10T16:50:09.735106,21.4,63.0,0
2025-12-10T16:50:11.989692,21.4,63.1,0
2025-12-10T16:50:14.244496,21.4,63.1,0
2025-12-10T16:50:16.499253,21.4,63.0,0
2025-12-10T16:50:18.754061,21.4,63.0,1
2025-12-10T16:50:21.008850,21.4,63.0,0
2025-12-10T16:50:23.263462,21.4,63.0,1
2025-12-10T16:50:25.518324,21.4,63.0,0
2025-12-10T16:50:27.773028,21.4,63.0,1
2025-12-10T16:50:30.027690,21.4,63.0,0
2025-12-10T16:50:32.282474,21.4,63.0,0
2025-12-10T16:50:34.537280,21.4,63.0,0
2025-12-10T16:50:36.791906,21.4,63.0,0
2025-12-10T16:50:39.046696,21.4,63.0,1
2025-12-10T16:50:41.301377,21.4,63.0,0
2025-12-10T16:48:07.695508,21.5,61.7,0
2025-12-10T16:48:09.953204,21.4,62.9,0
2025-12-10T16:48:12.215500,21.4,62.9,0
2025-12-10T16:48:14.470037,21.4,62.9,1
2025-12-10T16:48:16.731225,21.4,62.9,0
2025-12-10T16:48:18.985578,21.4,62.9,0
2025-12-10T16:48:21.239897,21.4,63.1,0
2025-12-10T16:48:23.494402,21.4,63.1,0
2025-12-10T16:48:25.748692,21.4,63.1,0
2025-12-10T16:48:28.002977,21.4,63.1,0
2025-12-10T16:48:30.256961,21.4,63.0,0
2025-12-10T16:48:32.511535,21.4,63.0,0
2025-12-10T16:48:34.766006,21.4,63.0,1
2025-12-10T16:48:37.020226,21.4,63.0,0
2025-12-10T16:48:39.274540,21.4,63.0,0
2025-12-10T16:48:41.528590,21.4,63.0,0
2025-12-10T16:48:43.782929,21.4,63.0,0
2025-12-10T16:48:46.037294,21.4,63.0,0
2025-12-10T16:48:48.291902,21.4,62.9,1
2025-12-10T16:48:50.546394,21.4,63.0,0
2025-12-10T16:48:52.800341,21.4,62.9,0
2025-12-10T16:48:55.055015,21.4,63.0,0
2025-12-10T16:48:57.309101,21.4,63.0,0
2025-12-10T16:48:59.563544,21.4,63.0,0
2025-12-10T16:49:01.818263,21.4,63.0,0
2025-12-10T16:49:04.072751,21.4,63.0,0
2025-12-10T16:49:06.327509,21.4,62.9,0
2025-12-10T16:49:08.582046,21.4,63.0,1
2025-12-10T16:49:10.836576,21.4,63.0,0
2025-12-10T16:49:13.091080,21.4,63.0,0
2025-12-10T16:49:15.345614,21.4,63.0,0
2025-12-10T16:49:17.600234,21.4,62.9,0
2025-12-10T16:49:19.855069,21.4,62.9,0
2025-12-10T16:49:22.109153,21.4,62.9,0
2025-12-10T16:49:24.363623,21.4,62.9,0
2025-12-10T16:49:26.618085,21.4,63.0,0
2025-12-10T16:49:28.872268,21.4,63.0,0
2025-12-10T16:49:31.126194,21.4,63.0,0
2025-12-10T16:49:33.380328,21.4,63.0,1
2025-12-10T16:49:35.635968,21.4,63.0,0
2025-12-10T16:49:37.890226,21.4,63.0,0
2025-12-10T16:49:40.144451,21.4,63.0,0
2025-12-10T16:49:42.398990,21.4,63.0,0
2025-12-10T16:49:44.653174,21.4,63.0,0
2025-12-10T16:49:46.908014,21.4,63.0,1
2025-12-10T16:49:49.162714,21.4,63.0,0
2025-12-10T16:49:51.417087,21.4,63.0,0
2025-12-10T16:49:53.671433,21.4,63.0,1
2025-12-10T16:49:55.926108,21.4,63.0,0
2025-12-10T16:49:58.180271,21.4,63.0,0
2025-12-10T16:50:00.434890,21.4,62.9,1
2025-12-10T16:50:02.689526,21.4,63.0,0
2025-12-10T16:50:04.944036,21.4,62.9,0
2025-12-10T16:50:07.198654,21.4,62.9,0
2025-12-10T16:50:09.452945,21.4,62.9,0
2025-12-10T16:50:11.707519,21.4,62.9,0
2025-12-10T16:50:13.962349,21.4,62.9,0
2025-12-10T16:50:16.216737,21.4,62.9,0
2025-12-10T16:50:18.471158,21.4,62.9,1
2025-12-10T16:50:20.725900,21.4,62.9,0
2025-12-10T16:50:22.980533,21.4,62.9,0
2025-12-10T16:50:25.234894,21.4,62.9,0
2025-12-10T16:50:27.489000,21.4,62.9,0
2025-12-10T16:50:29.743483,21.4,62.9,0
2025-12-10T16:50:31.997968,21.4,62.9,0
2025-12-10T16:50:34.252374,21.4,62.9,0
2025-12-10T16:50:36.506785,21.4,62.9,0
2025-12-10T16:50:38.761109,21.4,62.9,0
2025-12-10T16:50:41.015922,21.4,62.9,0
2025-12-10T16:50:43.270333,21.4,63.0,0
2025-12-10T16:50:45.524797,21.4,62.9,0
2025-12-10T16:50:47.779456,21.4,62.9,1
2025-12-10T16:50:50.033849,21.4,62.9,0
2025-12-10T16:50:52.288326,21.4,63.0,0
2025-12-10T16:50:54.542514,21.4,62.9,0
2025-12-10T16:50:56.796990,21.4,63.0,0
2025-12-10T16:50:59.051612,21.4,62.9,0
2025-12-10T16:51:01.306112,21.4,63.0,0
2025-12-10T16:51:03.560660,21.4,63.0,0
2025-12-10T16:51:05.814939,21.4,63.0,0
2025-12-10T16:51:08.069492,21.4,62.9,0
2025-12-10T16:51:10.324098,21.4,62.9,0
2025-12-10T16:51:12.578270,21.4,62.9,0
2025-12-10T16:51:14.832816,21.4,62.9,0
2025-12-10T16:51:17.087243,21.4,62.9,0
2025-12-10T16:51:19.341571,21.4,62.9,0
2025-12-10T16:51:21.596407,21.4,62.9,1
2025-12-10T16:51:23.851074,21.4,62.9,0
2025-12-10T16:51:26.106490,21.4,62.8,0
2025-12-10T16:51:28.360704,21.4,62.9,0
2025-12-10T16:51:30.615213,21.4,62.9,0
2025-12-10T16:51:32.869594,21.4,62.9,0
2025-12-10T16:51:35.124426,21.4,62.9,0
2025-12-10T16:51:37.378850,21.4,62.9,1
2025-12-10T16:51:39.633097,21.4,62.9,0
2025-12-10T16:51:41.887942,21.4,62.9,0
2025-12-10T16:51:44.142515,21.4,62.9,0
2025-12-10T16:51:46.396682,21.4,62.9,0
2025-12-10T16:51:48.650980,21.4,62.9,1
2025-12-10T16:51:50.905088,21.4,62.9,0
2025-12-10T16:51:53.159521,21.4,62.9,0
2025-12-10T16:51:55.413650,21.4,62.9,0
2025-12-10T16:51:57.668283,21.4,62.9,0
2025-12-10T16:51:59.922247,21.4,62.9,0
2025-12-10T16:52:02.176738,21.4,62.9,0
2025-12-10T16:52:04.430727,21.4,62.9,0
2025-12-10T16:52:06.684753,21.4,62.9,0
2025-12-10T16:52:08.939371,21.4,62.9,0
2025-12-10T16:52:11.193349,21.4,62.9,0
2025-12-10T16:52:13.447718,21.4,62.9,0
2025-12-10T16:52:15.701823,21.4,62.9,1
2025-12-10T16:52:17.956115,21.4,62.9,0
2025-12-10T16:52:20.210484,21.4,62.9,0
2025-12-10T16:52:22.464668,21.4,62.9,0
2025-12-10T16:52:24.719124,21.4,62.9,0
2025-12-10T16:52:26.973209,21.4,62.9,0
2025-12-10T16:52:29.227897,21.4,62.9,0
2025-12-10T16:52:31.482113,21.4,62.9,1
2025-12-10T16:52:33.736589,21.4,62.9,0
2025-12-10T16:52:35.991078,21.4,62.9,0
2025-12-10T16:52:38.245191,21.4,62.9,0
2025-12-10T16:52:40.499172,21.4,63.0,0
2025-12-10T16:52:42.753839,21.4,63.0,0
2025-12-10T16:52:45.008042,21.4,63.0,0
2025-12-10T16:52:47.262309,21.4,63.0,0
2025-12-10T16:52:49.516399,21.4,63.0,0
2025-12-10T16:52:51.770772,21.4,63.0,0
2025-12-10T16:52:54.024778,21.4,63.0,1
2025-12-10T16:52:56.279440,21.4,63.0,0
2025-12-10T16:52:58.533406,21.4,63.1,0
2025-12-10T16:53:00.787877,21.4,63.0,0
2025-12-10T16:53:03.042204,21.4,63.0,0
2025-12-10T16:53:05.296184,21.4,63.0,1
2025-12-10T16:53:07.550212,21.4,63.0,0
2025-12-10T16:53:09.805021,21.4,63.1,0
2025-12-10T16:53:12.059567,21.4,63.0,0
2025-12-10T16:53:14.313585,21.4,63.0,0
2025-12-10T16:53:16.568364,21.4,63.0,0
2025-12-10T16:53:18.822930,21.4,63.0,0
2025-12-10T16:53:21.077427,21.4,63.0,0
2025-12-10T16:53:23.332274,21.4,63.1,0
2025-12-10T16:53:25.586812,21.4,63.0,0
2025-12-10T16:53:27.841415,21.4,63.0,0
2025-12-10T16:53:30.096229,21.4,63.1,0
2025-12-10T16:53:32.350791,21.4,63.1,0
2025-12-10T16:53:34.604852,21.4,63.1,0
2025-12-10T16:53:36.859416,21.4,63.1,0
2025-12-10T16:53:39.113981,21.4,63.1,0
2025-12-10T16:53:41.368336,21.4,63.0,0
2025-12-10T16:53:43.622623,21.4,63.1,0
2025-12-10T16:53:45.876752,21.4,63.0,0
2025-12-10T16:53:48.131229,21.4,63.1,0
2025-12-10T16:53:50.385333,21.4,63.1,0
2025-12-10T16:53:52.639351,21.4,63.1,0
2025-12-10T16:53:54.893310,21.4,63.1,0
2025-12-10T16:53:57.147625,21.4,63.1,0
2025-12-10T16:53:59.401683,21.4,63.1,0
2025-12-10T16:54:01.656167,21.4,63.1,0
2025-12-10T16:54:03.910776,21.4,63.1,0
2025-12-10T16:54:06.164931,21.4,63.1,0
2025-12-10T16:54:08.418855,21.4,63.0,1
2025-12-10T16:54:10.673202,21.4,63.0,0
2025-12-10T16:54:12.927917,21.4,63.0,0
2025-12-10T16:54:15.182080,21.4,63.0,0
2025-12-10T16:54:17.436419,21.4,63.0,0
2025-12-10T16:54:19.691018,21.4,63.0,0
2025-12-10T16:54:21.945241,21.4,63.0,0
2025-12-10T16:54:24.199947,21.4,63.0,1
2025-12-10T16:54:26.454468,21.4,63.0,0
2025-12-10T16:54:28.708404,21.4,63.0,0
2025-12-10T16:54:30.963242,21.4,63.0,0
2025-12-10T16:54:33.217374,21.4,63.0,0
2025-12-10T16:54:35.471970,21.4,62.9,0
2025-12-10T16:54:37.726586,21.4,63.0,0
2025-12-10T16:54:39.981120,21.4,62.9,0
2025-12-10T16:54:42.235508,21.4,62.9,0
2025-12-10T16:54:44.490072,21.4,62.9,0
2025-12-10T16:54:46.744210,21.4,62.9,0
2025-12-10T16:54:48.998555,21.4,62.9,0
2025-12-10T16:54:51.253162,21.4,62.9,1
2025-12-10T16:54:53.507675,21.4,62.9,0
2025-12-10T16:54:55.761643,21.4,62.9,0
2025-12-10T16:54:58.016240,21.4,62.9,0
2025-12-10T16:55:00.270662,21.4,62.9,1
2025-12-10T16:55:02.524850,21.4,62.8,0
2025-12-10T16:55:04.779476,21.4,62.9,1
2025-12-10T16:55:07.033906,21.4,62.9,0
2025-12-10T16:55:09.288375,21.4,62.9,0
2025-12-10T16:55:11.543092,21.4,62.9,0
2025-12-10T16:55:13.797135,21.4,62.9,0
2025-12-10T16:55:16.051687,21.4,62.9,0
2025-12-10T16:55:18.305821,21.4,62.9,1
2025-12-10T16:55:20.560456,21.4,62.9,0
2025-12-10T16:55:22.815066,21.4,62.9,0
2025-12-10T16:55:25.069833,21.4,62.8,0
2025-12-10T16:55:27.324509,21.4,62.8,0
2025-12-10T16:55:29.578569,21.4,62.8,0
2025-12-10T16:55:31.833391,21.4,62.8,0
2025-12-10T16:55:34.088034,21.4,62.8,0
2025-12-10T16:55:36.342552,21.4,62.8,0
2025-12-10T16:55:38.597145,21.4,62.8,0
2025-12-10T16:55:40.851819,21.4,62.8,0
2025-12-10T16:55:43.106010,21.4,62.8,0
2025-12-10T16:55:45.360327,21.4,62.8,0
2025-12-10T16:55:47.614875,21.4,62.8,0
2025-12-10T16:55:49.869056,21.4,62.8,1
2025-12-10T16:55:52.123517,21.4,62.7,0
2025-12-10T16:55:54.378091,21.4,62.7,0
2025-12-10T16:55:56.632281,21.4,62.7,0
2025-12-10T16:55:58.886516,21.4,62.7,0
2025-12-10T16:56:01.140715,21.4,62.7,1
2025-12-10T16:56:03.394737,21.4,62.7,0
2025-12-10T16:56:05.648896,21.4,62.7,0
2025-12-10T16:56:07.903448,21.4,62.7,0
2025-12-10T16:56:10.157995,21.4,62.7,0
2025-12-10T16:56:12.412689,21.4,62.7,0
2025-12-10T16:56:14.667059,21.4,62.7,0
2025-12-10T16:56:16.921276,21.4,62.7,0
2025-12-10T16:56:19.176157,21.4,62.7,0
2025-12-10T16:56:21.430790,21.4,62.7,0
2025-12-10T16:56:23.685421,21.4,62.7,0
2025-12-10T16:56:25.940324,21.4,62.7,0
2025-12-10T16:56:28.194575,21.4,62.7,0
2025-12-10T16:56:30.448723,21.4,62.7,1
2025-12-10T16:56:32.702896,21.4,62.8,0
2025-12-10T16:56:34.957575,21.4,62.7,0
2025-12-10T16:56:37.211650,21.4,62.8,0
2025-12-10T16:56:39.466096,21.4,62.7,0
2025-12-10T16:56:41.720710,21.4,62.7,0
2025-12-10T16:56:43.974888,21.4,62.7,0
2025-12-10T16:56:46.229617,21.4,62.7,0
2025-12-10T16:56:48.484247,21.4,62.7,0
2025-12-10T16:56:50.738732,21.4,62.7,0
2025-12-10T16:56:52.993469,21.4,62.7,0
2025-12-10T16:56:55.248128,21.4,62.7,0
2025-12-10T16:56:57.502690,21.4,62.7,0
2025-12-10T16:56:59.757510,21.4,62.7,0
2025-12-10T16:57:02.011982,21.4,62.7,1
2025-12-10T16:57:04.266467,21.4,62.7,0
2025-12-10T16:57:06.520808,21.4,62.8,0
2025-12-10T16:57:08.777057,21.4,62.8,0
2025-12-10T16:57:11.031694,21.4,62.8,0
2025-12-10T16:57:13.286427,21.4,62.8,0
2025-12-10T16:57:15.540921,21.4,62.8,1
2025-12-10T16:57:17.795327,21.4,62.8,0
2025-12-10T16:57:20.050040,21.4,62.8,0
2025-12-10T16:57:22.306771,21.4,62.8,0
2025-12-10T16:57:24.561288,21.4,62.8,0
2025-12-10T16:57:26.816160,21.4,62.8,0
2025-12-10T16:57:29.070800,21.4,62.8,0
2025-12-10T16:57:31.325341,21.4,62.8,0
2025-12-10T16:57:33.580227,21.4,62.8,0
2025-12-10T16:57:35.834884,21.4,62.9,0
2025-12-10T16:57:38.089422,21.4,62.8,0
2025-12-10T16:57:40.344251,21.4,62.8,0
2025-12-10T16:57:42.598830,21.4,62.8,1
2025-12-10T16:57:44.853474,21.4,62.8,0
2025-12-10T16:57:47.108375,21.4,62.8,0
2025-12-10T16:57:49.362936,21.4,62.8,0
2025-12-10T16:57:51.617468,21.4,62.8,0
2025-12-10T16:57:53.871974,21.4,62.8,0
2025-12-10T16:57:56.126603,21.4,62.8,0
2025-12-10T16:57:58.380765,21.4,62.8,0
2025-12-10T16:58:00.635515,21.4,62.8,0
2025-12-10T16:58:02.889597,21.4,62.8,1
2025-12-10T16:58:05.144131,21.4,62.8,0
2025-12-10T16:58:07.398372,21.4,62.8,1
2025-12-10T16:58:09.652923,21.4,62.8,0
2025-12-10T16:58:11.907480,21.4,62.8,0
2025-12-10T16:58:14.162116,21.4,62.7,0
2025-12-10T16:58:16.416659,21.4,62.7,0
2025-12-10T16:58:18.671121,21.4,62.7,0
2025-12-10T16:58:20.934763,21.4,62.7,0
2025-12-10T16:58:23.189224,21.4,62.7,0
2025-12-10T16:58:25.443699,21.4,62.7,0
2025-12-10T16:58:27.698434,21.4,62.7,0
2025-12-10T16:58:29.953041,21.4,62.8,0
2025-12-10T16:58:32.207607,21.4,62.7,0
2025-12-10T16:58:34.462338,21.4,62.7,0
2025-12-10T16:58:36.716973,21.4,62.7,0
2025-12-10T16:58:38.971558,21.4,62.8,0
2025-12-10T16:58:41.226050,21.4,62.7,0
2025-12-10T16:58:43.480548,21.4,62.7,1
2025-12-10T16:58:45.734614,21.4,62.7,0
2025-12-10T16:58:47.989097,21.4,62.7,0
2025-12-10T16:58:50.243748,21.4,62.7,0
2025-12-10T16:58:52.498169,21.4,62.7,0
2025-12-10T16:58:54.752864,21.4,62.7,0
2025-12-10T16:58:57.007530,21.4,62.7,0
2025-12-10T16:58:59.261946,21.4,62.7,0
2025-12-10T16:59:01.516311,21.4,62.8,0
2025-12-10T16:59:03.770963,21.4,62.8,0
2025-12-10T16:59:06.025168,21.4,62.8,0
2025-12-10T16:59:08.279948,21.4,62.8,0
2025-12-10T16:59:10.534143,21.4,62.8,0
2025-12-10T16:59:12.788656,21.4,62.8,0
2025-12-10T16:59:15.043424,21.4,62.8,0
2025-12-10T16:59:17.297781,21.4,62.8,0
2025-12-10T16:59:19.552360,21.4,62.8,1
2025-12-10T16:59:21.808021,21.4,62.8,0
2025-12-10T16:59:24.143762,21.4,62.8,0
2025-12-10T16:59:26.406574,21.4,62.8,0
2025-12-10T16:59:28.660957,21.4,62.8,0
2025-12-10T16:59:30.915618,21.4,62.8,0
2025-12-10T16:59:33.170084,21.4,62.8,0
2025-12-10T16:59:35.424834,21.4,62.8,0
2025-12-10T16:59:37.679001,21.4,62.8,0
2025-12-10T16:59:39.933482,21.4,62.8,0
2025-12-10T16:59:42.187853,21.4,62.8,0
2025-12-10T16:59:44.442351,21.4,62.8,0
2025-12-10T16:59:46.696464,21.4,62.8,0
2025-12-10T16:59:48.950800,21.4,62.8,0
2025-12-10T16:59:51.205459,21.4,62.8,0
2025-12-10T16:59:53.459593,21.4,62.7,0
2025-12-10T16:59:55.713959,21.4,62.7,0
2025-12-10T16:59:57.968546,21.4,62.7,0
2025-12-10T17:00:00.222923,21.4,62.7,1
2025-12-10T17:00:02.477545,21.4,62.7,0
2025-12-10T17:00:04.732153,21.4,62.8,0
2025-12-10T17:00:06.986697,21.4,62.8,0
2025-12-10T17:00:09.241236,21.4,62.8,0
2025-12-10T17:00:11.495709,21.4,62.8,0
2025-12-10T17:00:13.750222,21.4,62.8,0
2025-12-10T17:00:16.004810,21.4,62.8,0
2025-12-10T17:00:18.259483,21.4,62.8,0
2025-12-10T17:00:20.513865,21.4,62.8,1
2025-12-10T17:00:22.768527,21.4,62.8,0
2025-12-10T17:00:25.023271,21.4,62.8,1
2025-12-10T17:00:27.277764,21.4,62.8,0
2025-12-10T17:00:29.532551,21.4,62.8,0
2025-12-10T17:00:31.786847,21.4,62.8,0
2025-12-10T17:00:34.041429,21.4,62.8,0
2025-12-10T17:00:36.296252,21.4,62.8,1
2025-12-10T17:00:38.550894,21.4,62.8,0
2025-12-10T17:00:40.806533,21.4,62.8,0
2025-12-10T17:00:43.061263,21.4,62.8,1
2025-12-10T17:00:45.315903,21.4,62.8,0
2025-12-10T17:00:47.570170,21.4,62.8,0
2025-12-10T17:00:49.825010,21.4,62.8,1
2025-12-10T17:00:52.079600,21.4,62.8,0
2025-12-10T17:00:54.334117,21.4,62.8,0
2025-12-10T17:00:56.588767,21.4,62.8,0
2025-12-10T17:00:58.843447,21.4,62.8,1
2025-12-10T17:01:01.097712,21.4,62.8,0
2025-12-10T17:01:03.352481,21.4,62.8,0
2025-12-10T17:01:05.607035,21.4,62.8,0
2025-12-10T17:01:07.861536,21.4,62.8,0
2025-12-10T17:01:10.116319,21.4,62.8,0
2025-12-10T17:01:12.370551,21.4,62.8,0
2025-12-10T17:01:14.624692,21.4,62.9,0
2025-12-10T17:01:16.879186,21.4,62.9,0
2025-12-10T17:01:19.133693,21.4,62.9,0
2025-12-10T17:01:21.388286,21.4,62.9,0
2025-12-10T17:01:23.643053,21.4,62.9,0
2025-12-10T17:01:25.897692,21.4,62.9,0
2025-12-10T17:01:28.151711,21.4,62.9,0
2025-12-10T17:01:30.406103,21.4,62.9,0
2025-12-10T17:01:32.660487,21.4,62.9,0
2025-12-10T17:01:34.915080,21.4,62.9,0
2025-12-10T17:01:37.169756,21.4,62.8,0
2025-12-10T17:01:39.424420,21.4,62.9,0
2025-12-10T17:01:41.678934,21.3,62.8,0
2025-12-10T17:01:43.933227,21.4,62.8,0
2025-12-10T17:01:46.187877,21.4,62.9,0
2025-12-10T17:01:48.442203,21.4,62.9,0
2025-12-10T17:01:50.696928,21.4,62.9,0
2025-12-10T17:01:52.951419,21.4,62.9,0
2025-12-10T17:01:55.205930,21.4,63.0,0
2025-12-10T17:01:57.460642,21.4,62.9,0
2025-12-10T17:01:59.715184,21.4,63.0,0
2025-12-10T17:02:01.969851,21.4,62.9,0
2025-12-10T17:02:04.224636,21.4,62.9,0
2025-12-10T17:02:06.479229,21.4,63.0,0
2025-12-10T17:02:08.733709,21.4,63.0,0
2025-12-10T17:02:10.988639,21.4,63.0,0
2025-12-10T17:02:13.243261,21.4,62.9,0
2025-12-10T17:02:15.497359,21.4,62.9,0
2025-12-10T17:02:17.752173,21.4,62.9,0
2025-12-10T17:02:20.006628,21.4,62.9,0
2025-12-10T17:02:22.261080,21.4,62.9,0
2025-12-10T17:02:24.515353,21.4,62.9,0
2025-12-10T17:02:26.769721,21.4,62.9,0
2025-12-10T17:02:29.024311,21.4,62.9,0
2025-12-10T17:02:31.279070,21.4,62.9,0
2025-12-10T17:02:33.533337,21.4,62.9,0
2025-12-10T17:02:35.787953,21.4,62.9,0
2025-12-10T17:02:38.042576,21.4,62.9,0
2025-12-10T17:02:40.296962,21.4,62.8,0
2025-12-10T17:02:42.551410,21.4,62.9,0
2025-12-10T17:02:44.807128,21.4,62.8,0
2025-12-10T17:02:47.061741,21.4,62.8,0
2025-12-10T17:02:49.316367,21.4,62.9,0
2025-12-10T17:02:51.570902,21.4,62.8,0
2025-12-10T17:02:53.825628,21.4,62.8,0
2025-12-10T17:02:56.080204,21.4,62.8,0
2025-12-10T17:02:58.334935,21.4,62.8,0
2025-12-10T17:03:00.589549,21.4,62.8,0
2025-12-10T17:03:02.844229,21.4,62.8,0
2025-12-10T17:03:05.098999,21.4,62.9,0
2025-12-10T17:03:07.353474,21.4,62.9,0
2025-12-10T17:03:09.608107,21.4,62.8,0
2025-12-10T17:03:11.862979,21.4,62.9,0
2025-12-10T17:03:14.117451,21.4,62.9,0
2025-12-10T17:03:16.372046,21.4,62.8,0
2025-12-10T17:03:18.626280,21.4,62.8,0
2025-12-10T17:03:20.881046,21.4,62.9,0
2025-12-10T17:03:23.135076,21.4,62.9,0
2025-12-10T17:03:25.389383,21.4,62.9,0
2025-12-10T17:03:27.643974,21.4,62.9,0
2025-12-10T17:03:29.898641,21.3,62.8,0
2025-12-10T17:03:32.153391,21.4,62.8,0
2025-12-10T17:03:34.408004,21.4,62.8,0
2025-12-10T17:03:36.662483,21.4,62.8,0
2025-12-10T17:03:38.917007,21.4,62.8,0
2025-12-10T17:03:41.171611,21.3,62.8,0
2025-12-10T17:03:43.425861,21.4,62.9,0
2025-12-10T17:03:45.680562,21.4,62.8,1
2025-12-10T17:03:47.935250,21.4,62.9,0
2025-12-10T17:03:50.189714,21.4,62.8,0
2025-12-10T17:03:52.444555,21.4,62.8,0
2025-12-10T17:03:54.698876,21.4,62.8,0
2025-12-10T17:03:56.953499,21.4,62.7,0
2025-12-10T17:03:59.207867,21.4,62.7,0
2025-12-10T17:04:01.462503,21.4,62.7,0
2025-12-10T17:04:03.716973,21.3,62.6,0
2025-12-10T17:04:05.971624,21.4,62.7,0
2025-12-10T17:04:08.225812,21.4,62.7,0
2025-12-10T17:04:10.480442,21.4,62.7,0
2025-12-10T17:04:12.734763,21.4,62.7,0
2025-12-10T17:04:14.989050,21.4,62.7,0
2025-12-10T17:04:17.243432,21.3,62.7,0
2025-12-10T17:04:19.498196,21.4,62.7,0
2025-12-10T17:04:21.752764,21.4,62.8,0
2025-12-10T17:04:24.007060,21.4,62.7,0
2025-12-10T17:04:26.261681,21.4,62.7,0
2025-12-10T17:04:28.516210,21.4,62.7,0
2025-12-10T17:04:30.770672,21.4,62.7,0
2025-12-10T17:04:33.025310,21.4,62.8,0
2025-12-10T17:04:35.279884,21.4,62.7,0
2025-12-10T17:04:37.534288,21.4,62.8,0
2025-12-10T17:04:39.788828,21.4,62.8,0
2025-12-10T17:04:42.043438,21.4,62.8,1
2025-12-10T17:04:44.297869,21.4,62.7,0
2025-12-10T17:04:46.552580,21.4,62.7,0
2025-12-10T17:04:48.807982,21.4,62.7,0
2025-12-10T17:04:51.062283,21.4,62.7,0
2025-12-10T17:04:53.316750,21.4,62.7,0
2025-12-10T17:04:55.571299,21.4,62.7,0
2025-12-10T17:04:57.825795,21.4,62.7,0
2025-12-10T17:05:00.080561,21.4,62.7,0
2025-12-10T17:05:02.335078,21.4,62.7,0
2025-12-10T17:05:04.589151,21.4,62.7,0
2025-12-10T17:05:06.843880,21.4,62.6,0
2025-12-10T17:05:09.098216,21.4,62.7,0
2025-12-10T17:05:11.352140,21.4,62.7,0
2025-12-10T17:05:13.606460,21.4,62.6,0
2025-12-10T17:05:15.860630,21.4,62.6,0
2025-12-10T17:05:18.115155,21.3,62.5,0
2025-12-10T17:05:20.369547,21.4,62.6,0
2025-12-10T17:05:22.624190,21.4,62.6,0
2025-12-10T17:05:24.878767,21.4,62.6,0
2025-12-10T17:05:27.133151,21.4,62.6,0
2025-12-10T17:05:29.387394,21.3,62.5,0
2025-12-10T17:05:31.641876,21.4,62.5,0
2025-12-10T17:05:33.896198,21.4,62.6,0
2025-12-10T17:05:36.150670,21.3,62.5,0
2025-12-10T17:05:38.405040,21.4,62.5,0
2025-12-10T17:05:40.659240,21.4,62.6,0
2025-12-10T17:05:42.913887,21.4,62.6,0
2025-12-10T17:05:45.167799,21.4,62.6,0
2025-12-10T17:05:47.421964,21.4,62.6,0
2025-12-10T17:05:49.678369,21.3,62.5,0
2025-12-10T17:05:51.932421,21.4,62.6,0
2025-12-10T17:05:54.186911,21.4,62.6,0
2025-12-10T17:05:56.441126,21.4,62.6,0
2025-12-10T17:05:58.695656,21.4,62.6,0
2025-12-10T17:06:00.950054,21.3,62.5,0
2025-12-10T17:06:03.204041,21.4,62.6,0
2025-12-10T17:06:05.458275,21.4,62.6,0
2025-12-10T17:06:07.712538,21.4,62.6,0
2025-12-10T17:06:09.967018,21.4,62.6,0
2025-12-10T17:06:12.220922,21.3,62.6,0
2025-12-10T17:06:14.475434,21.4,62.6,0
2025-12-10T17:06:16.729799,21.4,62.6,0
2025-12-10T17:06:18.984520,21.3,62.6,0
2025-12-10T17:06:21.239255,21.4,62.7,0
2025-12-10T17:06:23.493607,21.3,62.6,0
2025-12-10T17:06:25.748178,21.4,62.7,0
2025-12-10T17:06:28.002860,21.4,62.6,0
2025-12-10T17:06:30.257192,21.4,62.7,0
2025-12-10T17:06:32.511169,21.4,62.6,0
2025-12-10T17:06:34.765421,21.4,62.7,0
2025-12-10T17:06:37.020121,21.4,62.6,0
2025-12-10T17:06:39.274179,21.4,62.6,0
2025-12-10T17:06:41.528866,21.4,62.6,0
2025-12-10T17:06:43.783458,21.4,62.7,0
2025-12-10T17:06:46.037772,21.4,62.7,0
2025-12-10T17:06:48.292586,21.4,62.7,0
2025-12-10T17:06:50.546750,21.4,62.7,0
2025-12-10T17:06:52.801222,21.4,62.7,0
2025-12-10T17:06:55.056073,21.4,62.7,0
2025-12-10T17:06:57.310566,21.4,62.7,0
2025-12-10T17:06:59.564755,21.3,62.6,0
2025-12-10T17:07:01.819528,21.4,62.6,0
2025-12-10T17:07:04.073856,21.4,62.6,0
2025-12-10T17:07:06.328418,21.4,62.6,1
2025-12-10T17:07:08.583051,21.4,62.6,0
2025-12-10T17:07:10.837580,21.4,62.6,0
2025-12-10T17:07:13.092211,21.4,62.6,0
2025-12-10T17:07:15.346631,21.4,62.6,0
2025-12-10T17:07:17.601269,21.4,62.6,0
2025-12-10T17:07:19.855886,21.3,62.5,0
2025-12-10T17:07:22.110668,21.4,62.6,0
2025-12-10T17:07:24.365201,21.4,62.6,0
2025-12-10T17:07:26.619366,21.3,62.6,0
2025-12-10T17:07:28.873866,21.4,62.6,0
2025-12-10T17:07:31.128402,21.4,62.6,0
2025-12-10T17:07:33.382581,21.4,62.6,0
2025-12-10T17:07:35.637237,21.4,62.7,0
2025-12-10T17:07:37.891849,21.3,62.6,0
2025-12-10T17:07:40.146281,21.4,62.7,0
2025-12-10T17:07:42.400611,21.4,62.7,0
2025-12-10T17:07:44.655340,21.3,62.6,0
2025-12-10T17:07:46.909615,21.4,62.7,0
2025-12-10T17:07:49.164189,21.4,62.7,0
2025-12-10T17:07:51.420778,21.4,62.7,0
2025-12-10T17:07:53.675339,21.4,62.7,0
2025-12-10T17:07:55.929910,21.4,62.7,0
2025-12-10T17:07:58.183969,21.4,62.7,0
2025-12-10T17:08:00.438117,21.3,62.7,0
2025-12-10T17:08:02.692874,21.4,62.7,0
2025-12-10T17:08:04.947645,21.4,62.7,0
2025-12-10T17:08:07.202082,21.4,62.7,0
2025-12-10T17:08:09.456797,21.4,62.7,0
2025-12-10T17:08:11.711451,21.3,62.7,0
2025-12-10T17:08:13.965825,21.4,62.7,0
2025-12-10T17:08:16.220679,21.4,62.8,0
2025-12-10T17:08:18.475327,21.4,62.8,0
2025-12-10T17:08:20.729812,21.4,62.8,0
2025-12-10T17:08:22.984623,21.4,62.8,0
2025-12-10T17:08:25.239246,21.4,62.8,0
2025-12-10T17:08:27.493358,21.3,62.7,1
2025-12-10T17:08:29.748169,21.3,62.7,0
2025-12-10T17:08:32.002771,21.4,62.8,0
2025-12-10T17:08:34.257252,21.3,62.7,0
2025-12-10T17:08:36.511926,21.4,62.8,0
2025-12-10T17:08:38.766481,21.3,62.7,0
2025-12-10T17:08:41.020702,21.3,62.7,0
2025-12-10T17:08:43.275429,21.4,62.7,0
2025-12-10T17:08:45.529828,21.4,62.8,0
2025-12-10T17:08:47.784348,21.4,62.7,0
2025-12-10T17:08:50.039251,21.3,62.7,0
2025-12-10T17:08:52.293799,21.3,62.7,0
2025-12-10T17:08:54.548400,21.4,62.7,0
2025-12-10T17:08:56.802981,21.3,62.6,0
2025-12-10T17:08:59.057573,21.4,62.6,1
2025-12-10T17:09:01.312150,21.3,62.5,0
2025-12-10T17:09:03.566863,21.3,62.5,1
2025-12-10T17:09:05.821426,21.4,62.5,0
2025-12-10T17:09:08.076021,21.3,62.5,0
2025-12-10T17:09:10.330682,21.3,62.4,0
2025-12-10T17:09:12.585146,21.4,62.5,0
2025-12-10T17:09:14.839759,21.4,62.4,0
2025-12-10T17:09:17.094267,21.4,62.4,0
2025-12-10T17:09:19.348730,21.3,62.4,0
2025-12-10T17:09:21.602783,21.3,62.4,1
2025-12-10T17:09:23.857184,21.3,62.4,0
2025-12-10T17:09:26.111795,21.3,62.4,0
2025-12-10T17:09:28.366273,21.3,62.4,0
2025-12-10T17:09:30.620972,21.3,62.4,0
2025-12-10T17:09:32.877658,21.3,62.4,0
2025-12-10T17:09:35.131740,21.3,62.4,0
2025-12-10T17:09:37.386025,21.4,62.5,0
2025-12-10T17:09:39.640247,21.4,62.5,0
2025-12-10T17:09:41.894615,21.3,62.5,1
2025-12-10T17:09:44.148917,21.4,62.5,0
2025-12-10T17:09:46.403391,21.3,62.5,0
2025-12-10T17:09:48.657710,21.3,62.4,1
2025-12-10T17:09:50.912442,21.3,62.5,0
2025-12-10T17:09:53.167061,21.3,62.5,1
2025-12-10T17:09:55.421299,21.3,62.5,0
2025-12-10T17:09:57.675985,21.3,62.5,0
2025-12-10T17:09:59.930523,21.4,62.5,0
2025-12-10T17:10:02.184893,21.3,62.5,1
2025-12-10T17:10:04.439399,21.3,62.5,0
2025-12-10T17:10:06.693445,21.3,62.5,1
2025-12-10T17:10:08.948050,21.4,62.5,0
2025-12-10T17:10:11.202723,21.3,62.5,0
2025-12-10T17:10:13.456717,21.3,62.5,0
2025-12-10T17:10:15.711261,21.3,62.5,0
2025-12-10T17:10:17.965878,21.3,62.5,1
2025-12-10T17:10:20.220538,21.3,62.5,0
2025-12-10T17:10:22.475098,21.3,62.5,1
2025-12-10T17:10:24.729740,21.3,62.5,0
2025-12-10T17:10:26.984434,21.3,62.5,0
2025-12-10T17:10:29.239018,21.3,62.5,0
2025-12-10T17:10:31.493665,21.3,62.5,0
2025-12-10T17:10:33.748346,21.4,62.6,0
2025-12-10T17:10:36.003006,21.4,62.6,1
2025-12-10T17:10:38.257800,21.3,62.5,0
2025-12-10T17:10:40.512102,21.4,62.6,1
2025-12-10T17:10:42.766589,21.3,62.5,0
2025-12-10T17:10:45.021037,21.3,62.5,0
2025-12-10T17:10:47.275632,21.3,62.6,0
2025-12-10T17:10:49.529556,21.3,62.5,0
2025-12-10T17:10:51.784357,21.3,62.6,0
2025-12-10T17:10:54.038861,21.3,62.6,0
2025-12-10T17:10:56.293154,21.3,62.6,0
2025-12-10T17:10:58.547780,21.3,62.6,0
2025-12-10T17:11:00.802194,21.3,62.6,0
2025-12-10T17:11:03.056180,21.3,62.6,1
2025-12-10T17:11:05.310759,21.4,62.6,0
2025-12-10T17:11:07.564971,21.3,62.6,0
2025-12-10T17:11:09.819510,21.3,62.6,0
2025-12-10T17:11:12.074026,21.3,62.6,1
2025-12-10T17:11:14.328262,21.4,62.7,0
2025-12-10T17:11:16.582674,21.4,62.7,0
2025-12-10T17:11:18.836940,21.3,62.6,0
2025-12-10T17:11:21.091449,21.4,62.7,0
2025-12-10T17:11:23.345376,21.3,62.6,0
2025-12-10T17:11:25.600117,21.3,62.6,0
2025-12-10T17:11:27.854747,21.3,62.6,0
2025-12-10T17:11:30.108760,21.3,62.6,0
2025-12-10T17:11:32.363552,21.3,62.6,0
2025-12-10T17:11:34.620072,21.3,62.6,0
2025-12-10T17:11:36.874536,21.3,62.6,0
2025-12-10T17:11:39.128847,21.3,62.6,0
2025-12-10T17:11:41.383467,21.4,62.7,0
2025-12-10T17:11:43.637381,21.4,62.6,0
2025-12-10T17:11:45.891648,21.4,62.7,0
2025-12-10T17:11:48.148028,21.3,62.6,0
2025-12-10T17:11:50.402507,21.3,62.6,0
2025-12-10T17:11:52.656719,21.4,62.6,0
2025-12-10T17:11:54.911268,21.3,62.6,0
2025-12-10T17:11:57.165414,21.3,62.6,0
2025-12-10T17:11:59.420310,21.3,62.6,0
2025-12-10T17:12:01.674574,21.3,62.6,0
2025-12-10T17:12:03.928667,21.3,62.6,0
2025-12-10T17:12:06.183349,21.3,62.6,0
2025-12-10T17:12:08.437558,21.3,62.6,0
2025-12-10T17:12:10.692004,21.3,62.6,0
2025-12-10T17:12:12.946441,21.3,62.6,0
2025-12-10T17:12:15.200603,21.3,62.6,0
2025-12-10T17:12:17.455218,21.3,62.6,0
2025-12-10T17:12:19.709563,21.3,62.6,0
2025-12-10T17:12:21.964316,21.3,62.6,0
2025-12-10T17:12:24.218365,21.3,62.6,0
2025-12-10T17:12:26.472643,21.3,62.6,0
2025-12-10T17:12:28.727202,21.3,62.6,0
2025-12-10T17:12:30.981688,21.3,62.6,0
2025-12-10T17:12:33.236445,21.3,62.6,0
2025-12-10T17:12:35.491051,21.3,62.6,0
2025-12-10T17:12:37.745476,21.3,62.6,0
2025-12-10T17:12:40.000169,21.3,62.6,0
2025-12-10T17:12:42.254730,21.3,62.6,0
2025-12-10T17:12:44.508881,21.3,62.6,0
2025-12-10T17:12:46.763441,21.3,62.6,0
2025-12-10T17:12:49.017695,21.4,62.7,0
2025-12-10T17:12:51.272312,21.3,62.6,0
2025-12-10T17:12:53.526792,21.3,62.6,0
2025-12-10T17:12:55.780855,21.3,62.6,0
2025-12-10T17:12:58.035048,21.3,62.6,0
2025-12-10T17:13:00.289703,21.3,62.6,0
2025-12-10T17:13:02.544297,21.3,62.6,0
2025-12-10T17:13:04.798704,21.3,62.6,0
2025-12-10T17:13:07.053101,21.3,62.5,0
2025-12-10T17:13:09.307123,21.3,62.5,1
2025-12-10T17:13:11.561484,21.3,62.5,0
2025-12-10T17:13:13.815778,21.3,62.5,0
2025-12-10T17:13:16.069829,21.3,62.5,0
2025-12-10T17:13:18.324142,21.3,62.6,0
2025-12-10T17:13:20.578592,21.3,62.5,0
2025-12-10T17:13:22.832841,21.3,62.6,0
2025-12-10T17:13:25.087040,21.4,62.6,0
2025-12-10T17:13:27.341439,21.3,62.6,0
2025-12-10T17:13:29.597594,21.3,62.6,0
2025-12-10T17:13:31.852238,21.3,62.6,0
2025-12-10T17:13:34.106770,21.3,62.6,0
2025-12-10T17:13:36.361099,21.3,62.6,0
2025-12-10T17:13:38.615481,21.3,62.6,0
2025-12-10T17:13:40.870130,21.3,62.6,0
2025-12-10T17:13:43.124389,21.3,62.6,0
2025-12-10T17:13:45.378349,21.3,62.6,0
2025-12-10T17:13:47.634132,21.3,62.5,0
2025-12-10T17:13:49.888249,21.3,62.5,0
2025-12-10T17:13:52.142448,21.3,62.5,0
2025-12-10T17:13:54.397107,21.3,62.5,0
2025-12-10T17:13:56.651620,21.3,62.5,0
2025-12-10T17:13:58.905957,21.3,62.5,0
2025-12-10T17:14:01.160240,21.3,62.4,0
2025-12-10T17:14:03.414708,21.3,62.5,0
2025-12-10T17:14:05.668598,21.3,62.4,0
2025-12-10T17:14:07.922869,21.3,62.4,0
2025-12-10T17:14:10.176849,21.3,62.3,0
2025-12-10T17:14:12.431341,21.3,62.2,0
2025-12-10T17:14:14.685624,21.3,62.1,0
2025-12-10T17:14:16.940284,21.3,62.1,0
2025-12-10T17:14:19.194586,21.3,62.0,0
2025-12-10T17:14:21.448659,21.3,62.0,0
2025-12-10T17:14:23.703098,21.3,62.0,0
2025-12-10T17:14:25.957081,21.3,62.0,0
2025-12-10T17:14:28.211788,21.3,62.0,0
2025-12-10T17:14:30.467841,21.3,62.1,0
2025-12-10T17:14:32.721809,21.3,62.1,0
2025-12-10T17:14:34.975987,21.3,62.1,0
2025-12-10T17:14:37.230724,21.3,62.0,0
2025-12-10T17:14:39.484618,21.3,62.0,0
2025-12-10T17:14:41.739172,21.3,62.1,0
2025-12-10T17:14:43.993658,21.3,62.0,0
2025-12-10T17:14:46.248227,21.3,62.0,0
2025-12-10T17:14:48.502778,21.3,62.1,0
2025-12-10T17:14:50.756769,21.3,62.1,0
2025-12-10T17:14:53.010868,21.3,62.1,0
2025-12-10T17:14:55.264967,21.3,62.1,0
2025-12-10T17:14:57.519442,21.3,62.1,0
2025-12-10T17:14:59.773390,21.3,62.1,0
2025-12-10T17:15:02.027815,21.3,62.1,0
2025-12-10T17:15:04.281799,21.3,62.1,0
2025-12-10T17:15:06.536302,21.3,62.1,0
2025-12-10T17:15:08.790783,,,0
2025-12-10T17:15:11.045198,21.3,62.1,1
2025-12-10T17:15:13.299185,21.3,62.1,0
2025-12-10T17:15:15.553426,21.3,62.1,0
2025-12-10T17:15:17.808257,21.3,62.1,0
2025-12-10T17:15:20.062418,21.3,62.1,0
2025-12-10T17:15:22.316540,21.3,62.1,0
2025-12-10T17:15:24.571120,21.3,62.1,0
2025-12-10T17:15:26.825364,21.3,62.0,0
2025-12-10T17:15:29.079577,21.3,62.0,0
2025-12-10T17:15:31.334080,21.3,62.0,0
2025-12-10T17:15:33.588160,21.3,61.9,0
2025-12-10T17:15:35.842962,21.3,61.9,0
2025-12-10T17:15:38.097374,21.3,61.8,0
2025-12-10T17:15:40.351868,21.3,61.8,0
2025-12-10T17:15:42.606533,21.3,61.8,0
2025-12-10T17:15:44.860797,21.3,61.8,0
2025-12-10T17:15:47.115307,21.3,61.8,0
2025-12-10T17:15:49.369887,21.3,61.8,0
2025-12-10T17:15:51.624517,21.3,61.8,0
2025-12-10T17:15:53.879007,21.3,61.7,0
2025-12-10T17:15:56.133631,21.3,61.7,0
2025-12-10T17:15:58.388298,21.3,61.7,0
2025-12-10T17:16:00.642768,21.3,61.6,0
2025-12-10T17:16:02.897013,21.3,61.5,0
2025-12-10T17:16:05.151565,21.3,61.4,0
2025-12-10T17:16:07.406111,21.3,61.3,0
2025-12-10T17:16:09.660439,21.3,61.3,0
2025-12-10T17:16:11.915015,21.3,61.3,0
2025-12-10T17:16:14.168909,21.3,61.3,0
2025-12-10T17:16:16.423107,21.3,61.3,0
2025-12-10T17:16:18.677441,21.3,61.4,0
2025-12-10T17:16:20.931965,21.3,61.5,0
2025-12-10T17:16:23.186562,21.3,61.5,0
2025-12-10T17:16:25.440856,21.3,61.5,0
2025-12-10T17:16:27.695328,21.3,61.6,0
2025-12-10T17:16:29.949877,21.3,61.6,0
2025-12-10T17:16:32.204294,21.3,61.6,0
2025-12-10T17:16:34.458758,21.3,61.6,0
2025-12-10T17:16:36.713430,21.3,61.5,0
2025-12-10T17:16:38.967986,21.3,61.5,0
2025-12-10T17:16:41.221908,21.3,61.5,0
2025-12-10T17:16:43.476383,21.3,61.5,0
2025-12-10T17:16:45.730722,21.3,61.5,0
2025-12-10T17:16:47.984800,21.3,61.4,0
2025-12-10T17:16:50.238898,21.3,61.3,0
2025-12-10T17:16:52.492860,21.3,61.3,0
2025-12-10T17:16:54.746786,21.3,61.2,0
2025-12-10T17:16:57.001010,21.3,61.1,0
2025-12-10T17:16:59.255561,21.3,61.1,0
2025-12-10T17:17:01.509560,21.3,61.0,0
2025-12-10T17:17:03.764558,21.3,61.0,0
2025-12-10T17:17:06.019132,21.3,60.9,0
2025-12-10T17:17:08.273108,21.3,61.0,0
2025-12-10T17:17:10.527299,21.3,60.9,0
2025-12-10T17:17:12.781911,21.3,60.9,0
2025-12-10T17:17:15.036143,21.3,61.0,0
2025-12-10T17:17:17.290251,21.2,60.9,0
2025-12-10T17:17:19.544674,21.3,60.9,0
2025-12-10T17:17:21.798609,21.3,60.9,0
2025-12-10T17:17:24.052868,21.3,60.9,0
2025-12-10T17:17:26.307352,21.3,60.9,0
2025-12-10T17:17:28.561263,21.3,60.8,0
2025-12-10T17:17:30.815462,21.3,60.8,0
2025-12-10T17:17:33.071652,21.3,60.8,0
2025-12-10T17:17:35.325618,21.3,60.8,0
2025-12-10T17:17:37.580458,21.3,60.9,0
2025-12-10T17:17:39.834934,21.3,60.8,0
2025-12-10T17:17:42.088879,21.3,60.8,0
2025-12-10T17:17:44.343590,21.3,60.8,0
2025-12-10T17:17:46.597588,21.3,60.8,0
2025-12-10T17:17:48.852250,21.3,60.8,0
2025-12-10T17:17:51.106850,21.3,60.8,0
2025-12-10T17:17:53.361152,21.3,60.9,0
2025-12-10T17:17:55.615585,21.3,60.9,0
2025-12-10T17:17:57.869859,21.3,60.8,0
2025-12-10T17:18:00.123815,21.3,60.8,0
2025-12-10T17:18:02.377730,21.3,60.8,0
2025-12-10T17:18:04.632474,21.3,60.8,0
2025-12-10T17:18:06.886552,21.3,60.8,0
2025-12-10T17:18:09.140483,21.3,60.8,0
2025-12-10T17:18:11.394966,21.3,60.8,0
2025-12-10T17:18:13.649090,21.3,60.8,0
2025-12-10T17:18:15.903073,21.3,60.8,0
2025-12-10T17:18:18.157678,21.3,60.8,0
2025-12-10T17:18:20.412364,21.3,60.8,0
2025-12-10T17:18:22.666738,21.3,60.8,0
2025-12-10T17:18:24.921013,21.3,60.8,0
2025-12-10T17:18:27.175600,21.3,60.8,0
2025-12-10T17:18:29.429685,21.3,60.8,0
2025-12-10T17:18:31.684002,21.3,60.9,0
2025-12-10T17:18:33.938661,21.3,60.9,0
2025-12-10T17:18:36.192652,21.3,60.9,0
2025-12-10T17:18:38.447165,21.2,60.8,0
2025-12-10T17:18:40.701258,21.3,60.8,0
2025-12-10T17:18:42.955848,21.3,60.8,0
2025-12-10T17:18:45.210068,21.3,60.8,0
2025-12-10T17:18:47.464497,21.3,60.8,0
2025-12-10T17:18:49.719030,21.3,60.8,0
2025-12-10T17:18:51.973231,21.2,60.8,0
2025-12-10T17:18:54.227779,21.3,60.8,0
2025-12-10T17:18:56.481843,21.3,60.9,0
2025-12-10T17:18:58.736663,21.3,60.9,0
2025-12-10T17:19:00.991325,21.3,60.9,0
2025-12-10T17:19:03.245618,21.2,60.9,0
2025-12-10T17:19:05.499780,21.3,60.8,0
2025-12-10T17:19:07.754123,21.2,60.8,0
2025-12-10T17:19:10.008143,21.3,60.7,0
2025-12-10T17:19:12.262756,21.3,60.7,1
2025-12-10T17:19:14.516833,21.2,60.7,0
2025-12-10T17:19:16.771214,21.3,60.7,0
2025-12-10T17:19:19.025846,21.3,60.7,0
2025-12-10T17:19:21.280023,21.3,60.8,0
2025-12-10T17:19:23.534282,21.2,60.8,0
2025-12-10T17:19:25.788959,21.3,60.8,0
2025-12-10T17:19:28.043276,21.3,60.9,0
2025-12-10T17:19:30.297349,21.3,60.8,0
2025-12-10T17:19:32.552050,21.3,60.8,0
2025-12-10T17:19:34.806261,21.3,60.8,0
2025-12-10T17:19:37.060201,21.3,60.7,0
2025-12-10T17:19:39.314771,21.2,60.6,0
2025-12-10T17:19:41.569033,21.3,60.6,0
2025-12-10T17:19:43.823572,21.3,60.5,0
2025-12-10T17:19:46.077766,21.3,60.6,0
2025-12-10T17:19:48.332447,21.3,60.6,0
2025-12-10T17:19:50.586446,21.2,60.7,0
2025-12-10T17:19:52.840798,21.2,60.7,0
2025-12-10T17:19:55.095449,21.2,60.8,0
2025-12-10T17:19:57.349514,21.3,60.8,0
2025-12-10T17:19:59.604286,21.2,60.8,0
2025-12-10T17:20:01.860658,21.2,60.8,0
2025-12-10T17:20:04.115095,21.2,60.7,0
2025-12-10T17:20:06.369342,21.2,60.6,0
2025-12-10T17:20:08.623905,21.3,60.5,0
2025-12-10T17:20:10.877870,21.2,60.4,0
2025-12-10T17:20:13.132495,21.2,60.3,0
2025-12-10T17:20:15.386811,21.3,60.3,0
2025-12-10T17:20:17.640724,21.2,60.2,0
2025-12-10T17:20:19.895247,21.2,60.2,0
2025-12-10T17:20:22.149797,21.3,60.3,0
2025-12-10T17:20:24.404408,21.3,60.3,0
2025-12-10T17:20:26.659104,21.2,60.3,0
2025-12-10T17:20:28.913637,21.2,60.4,0
2025-12-10T17:20:31.168094,21.2,60.5,0
2025-12-10T17:20:33.422853,21.3,60.5,0
2025-12-10T17:20:35.676967,21.3,60.5,0
2025-12-10T17:20:37.931404,21.2,60.5,0
2025-12-10T17:20:40.185677,21.2,60.5,0
2025-12-10T17:20:42.440308,21.2,60.5,0
2025-12-10T17:20:44.694790,21.2,60.5,0
2025-12-10T17:20:46.949276,21.2,60.5,0
2025-12-10T17:20:49.203844,21.2,60.5,0
2025-12-10T17:20:51.457864,21.2,60.4,0
2025-12-10T17:20:53.712072,21.2,60.4,0
2025-12-10T17:20:55.966716,21.2,60.3,0
2025-12-10T17:20:58.220877,21.2,60.2,0
2025-12-10T17:21:00.475500,21.2,60.1,0
2025-12-10T17:21:02.729563,21.2,60.0,0
2025-12-10T17:21:04.984230,21.2,60.0,0
2025-12-10T17:21:07.238846,21.2,60.0,0
2025-12-10T17:21:09.493045,21.2,59.9,0
2025-12-10T17:21:11.747253,21.2,59.9,0
2025-12-10T17:21:14.001508,21.2,59.9,1
2025-12-10T17:21:16.256158,21.2,59.9,0
2025-12-10T17:21:18.510528,21.2,60.0,0
2025-12-10T17:21:20.764665,21.2,60.0,0
2025-12-10T17:21:23.019215,21.2,59.9,0
2025-12-10T17:21:25.273235,21.2,60.0,0
2025-12-10T17:21:27.527864,21.2,60.0,0
2025-12-10T17:21:29.782349,21.2,60.0,0
2025-12-10T17:21:32.036931,21.2,60.0,0
2025-12-10T17:21:34.291709,21.2,60.0,0
2025-12-10T17:21:36.545803,21.2,60.0,0
2025-12-10T17:21:38.800393,21.2,60.0,0
2025-12-10T17:21:41.055177,21.2,60.0,0
2025-12-10T17:21:43.309614,21.2,60.0,0
2025-12-10T17:21:45.564217,21.2,60.0,0
2025-12-10T17:21:47.818757,21.2,60.0,0
2025-12-10T17:21:50.072882,21.2,60.0,0
2025-12-10T17:21:52.327313,21.2,60.0,0
2025-12-10T17:21:54.581469,21.3,60.1,0
2025-12-10T17:21:56.836272,21.3,60.1,0
2025-12-10T17:21:59.090267,21.2,60.1,0
2025-12-10T17:22:01.344785,21.2,60.1,0
2025-12-10T17:22:03.599386,21.2,60.1,0
2025-12-10T17:22:05.853602,21.3,60.2,0
2025-12-10T17:22:08.108401,21.2,60.2,0
2025-12-10T17:22:10.362432,21.3,60.2,0
2025-12-10T17:22:12.616686,21.2,60.3,0
2025-12-10T17:22:14.871019,21.2,60.2,0
2025-12-10T17:22:17.125092,21.2,60.2,0
2025-12-10T17:22:19.379561,21.2,60.2,0
2025-12-10T17:22:21.633853,21.2,60.2,0
2025-12-10T17:22:23.887886,21.2,60.2,0
2025-12-10T17:22:26.141837,21.2,60.2,0
2025-12-10T17:22:28.396687,21.2,60.2,0
2025-12-10T17:22:30.652792,21.2,60.3,0
2025-12-10T17:22:32.907157,21.2,60.3,0
2025-12-10T17:22:35.161347,21.3,60.4,0
2025-12-10T17:22:37.415927,21.2,60.4,0
2025-12-10T17:22:39.670081,21.2,60.4,0
2025-12-10T17:22:41.924488,21.2,60.4,1
2025-12-10T17:22:44.178979,21.2,60.4,0
2025-12-10T17:22:46.433179,21.2,60.4,0
2025-12-10T17:22:48.687471,21.2,60.4,0
2025-12-10T17:22:50.941617,21.2,60.4,0
2025-12-10T17:22:53.196259,21.2,60.4,0
2025-12-10T17:22:55.451034,21.2,60.4,0
2025-12-10T17:22:57.705485,21.2,60.4,0
2025-12-10T17:22:59.960147,21.2,60.5,0
2025-12-10T17:23:02.214716,21.2,60.5,0
2025-12-10T17:23:04.469057,21.2,60.4,0
2025-12-10T17:23:06.722961,21.2,60.5,0
2025-12-10T17:23:08.977315,21.2,60.5,0
2025-12-10T17:23:11.231923,21.2,60.5,0
2025-12-10T17:23:13.486003,21.2,60.5,0
2025-12-10T17:23:15.740626,21.2,60.5,0
2025-12-10T17:23:17.994820,21.2,60.5,0
2025-12-10T17:23:20.248988,21.2,60.4,0
2025-12-10T17:23:22.503720,21.2,60.5,0
2025-12-10T17:23:24.757755,21.2,60.5,0
2025-12-10T17:23:27.012044,21.2,60.5,0
2025-12-10T17:23:29.266474,21.2,60.5,0
2025-12-10T17:23:31.520727,21.2,60.5,0
2025-12-10T17:23:33.774617,21.2,60.5,0
2025-12-10T17:23:36.029066,21.2,60.5,0
2025-12-10T17:23:38.283525,21.2,60.6,0
2025-12-10T17:23:40.537470,21.2,60.6,0
2025-12-10T17:23:42.792248,21.2,60.6,0
2025-12-10T17:23:45.046715,21.2,60.6,0
2025-12-10T17:23:47.300624,21.2,60.6,0
2025-12-10T17:23:49.555273,21.2,60.6,0
2025-12-10T17:23:51.810393,21.2,60.6,0
2025-12-10T17:23:54.090313,21.2,60.6,0
2025-12-10T17:23:56.344465,21.2,60.6,0
2025-12-10T17:23:58.598844,21.2,60.6,0
2025-12-10T17:24:00.852871,21.2,60.6,0
2025-12-10T17:24:03.107127,21.2,60.6,0
2025-12-10T17:24:05.361137,21.2,60.6,0
2025-12-10T17:24:07.615223,21.2,60.6,0
2025-12-10T17:24:09.869550,21.2,60.6,0
2025-12-10T17:24:12.123774,21.2,60.6,0
2025-12-10T17:24:14.378024,21.2,60.6,0
2025-12-10T17:24:16.632292,21.2,60.6,0
2025-12-10T17:24:18.886370,21.2,60.6,0
2025-12-10T17:24:21.140673,21.2,60.7,0
2025-12-10T17:24:23.394933,21.2,60.6,0
2025-12-10T17:24:25.649226,21.2,60.7,0
2025-12-10T17:24:27.903857,21.2,60.7,0
2025-12-10T17:24:30.158061,21.2,60.7,0
2025-12-10T17:24:32.412550,21.2,60.7,0
2025-12-10T17:24:34.666514,21.2,60.7,0
2025-12-10T17:24:36.921206,21.2,60.7,0
2025-12-10T17:24:39.175853,21.2,60.7,0
2025-12-10T17:24:41.430110,21.2,60.8,0
2025-12-10T17:24:43.684831,21.2,60.8,0
2025-12-10T17:24:45.939496,21.2,60.8,0
2025-12-10T17:24:48.193495,21.2,60.8,0
2025-12-10T17:24:50.448329,21.2,60.8,0
2025-12-10T17:24:52.702792,21.2,60.8,0
2025-12-10T17:24:54.957482,21.2,60.8,0
2025-12-10T17:24:57.212292,21.2,60.8,0
2025-12-10T17:24:59.466769,21.2,60.8,0
2025-12-10T17:25:01.720687,21.2,60.9,0
2025-12-10T17:25:03.975257,21.2,60.8,0
2025-12-10T17:25:06.229476,21.2,60.9,0
2025-12-10T17:25:08.484049,21.2,60.9,0
2025-12-10T17:25:10.738536,21.2,60.9,0
2025-12-10T17:25:12.992642,21.2,60.9,0
2025-12-10T17:25:15.246654,21.2,60.9,1
2025-12-10T17:25:17.500915,21.2,60.9,0
2025-12-10T17:25:19.756499,21.2,60.9,0
2025-12-10T17:25:22.010535,21.2,60.8,0
2025-12-10T17:25:24.264731,21.2,60.9,0
2025-12-10T17:25:26.519329,21.2,60.9,0
2025-12-10T17:25:28.773783,21.2,60.9,0
2025-12-10T17:25:31.028473,21.2,60.9,0
2025-12-10T17:25:33.283066,21.3,60.9,0
2025-12-10T17:25:35.537126,21.2,60.9,0
2025-12-10T17:25:37.791544,21.2,60.9,0
2025-12-10T17:25:40.045840,21.2,60.9,0
2025-12-10T17:25:42.300432,21.2,60.9,0
2025-12-10T17:25:44.555172,21.2,60.9,0
2025-12-10T17:25:46.809494,21.2,60.9,0
2025-12-10T17:25:49.063541,21.2,60.9,0
2025-12-10T17:25:51.317869,21.2,60.9,0
2025-12-10T17:25:53.572442,21.2,60.9,0
2025-12-10T17:25:55.826620,21.2,60.9,0
2025-12-10T17:25:58.081143,21.2,60.9,0
2025-12-10T17:26:00.335656,21.2,60.9,0
2025-12-10T17:26:02.590105,21.2,60.9,0
2025-12-10T17:26:04.844625,21.2,60.9,0
2025-12-10T17:26:07.098643,21.2,60.9,0
2025-12-10T17:26:09.352625,21.2,60.9,0
2025-12-10T17:26:11.606797,21.2,60.9,0
2025-12-10T17:26:13.861061,21.2,60.9,0
2025-12-10T17:26:16.115616,21.2,60.9,0
2025-12-10T17:26:18.370124,21.2,60.9,0
2025-12-10T17:26:20.624185,21.2,60.9,0
2025-12-10T17:26:22.878182,21.2,60.9,0
2025-12-10T17:26:25.132440,21.2,60.9,0
2025-12-10T17:26:27.386965,21.2,60.9,0
2025-12-10T17:26:29.641049,21.2,60.9,0
2025-12-10T17:26:31.895676,21.2,60.9,0
2025-12-10T17:26:34.150094,21.2,60.9,0
2025-12-10T17:26:36.404301,21.2,60.8,0
2025-12-10T17:26:38.658915,21.2,60.9,0
2025-12-10T17:26:40.913022,21.2,60.9,0
2025-12-10T17:26:43.167495,21.2,60.8,0
2025-12-10T17:26:45.422074,21.2,60.9,0
2025-12-10T17:26:47.676658,21.2,60.9,0
2025-12-10T17:26:49.931241,21.2,60.8,0
2025-12-10T17:26:52.185599,21.2,60.9,0
2025-12-10T17:26:54.440283,21.2,60.9,0
2025-12-10T17:26:56.694308,21.2,60.9,0
2025-12-10T17:26:58.949085,21.2,60.9,0
2025-12-10T17:27:01.203716,21.2,60.9,0
2025-12-10T17:27:03.458128,21.2,60.9,0
2025-12-10T17:27:05.712732,21.2,60.9,0
2025-12-10T17:27:07.967298,21.2,60.9,0
2025-12-10T17:27:10.221471,21.2,60.9,0
2025-12-10T17:27:12.475626,21.2,60.9,0
2025-12-10T17:27:14.730002,21.2,60.9,0
2025-12-10T17:27:16.984063,21.2,60.9,0
2025-12-10T17:27:19.238754,21.2,60.9,0
2025-12-10T17:27:21.493353,21.2,60.9,0
2025-12-10T17:27:23.747934,21.2,60.9,0
2025-12-10T17:27:26.002747,21.2,60.9,0
2025-12-10T17:27:28.257013,21.2,60.9,0
2025-12-10T17:27:30.511597,21.2,60.9,0
2025-12-10T17:27:32.766195,21.2,60.9,0
2025-12-10T17:27:35.020855,21.2,60.9,0
2025-12-10T17:27:37.275418,21.2,60.9,0
2025-12-10T17:27:39.530097,21.2,60.9,0
2025-12-10T17:27:41.784616,21.2,60.9,0
2025-12-10T17:27:44.039141,21.2,60.9,0
2025-12-10T17:27:46.293432,21.2,60.9,0
2025-12-10T17:27:48.547645,21.2,60.9,0
2025-12-10T17:27:50.801842,21.2,60.9,0
2025-12-10T17:27:53.056638,21.2,60.9,0
2025-12-10T17:27:55.311279,21.2,60.9,0
2025-12-10T17:27:57.565491,21.2,60.9,0
2025-12-10T17:27:59.819858,21.2,60.9,0
2025-12-10T17:28:02.074464,21.2,60.9,0
2025-12-10T17:28:04.328500,21.2,60.9,0
2025-12-10T17:28:06.583212,21.2,60.9,0
2025-12-10T17:28:08.837760,21.2,60.9,0
2025-12-10T17:28:11.092397,21.2,60.9,0
2025-12-10T17:28:13.347119,21.2,60.9,0
2025-12-10T17:28:15.601263,21.2,60.9,0
2025-12-10T17:28:17.855706,21.2,60.9,0
2025-12-10T17:28:20.191344,21.2,60.9,0
2025-12-10T17:28:22.446379,21.2,60.9,0
2025-12-10T17:28:24.700639,21.2,60.9,0
2025-12-10T17:28:26.954987,21.2,60.9,0
2025-12-10T17:28:29.209296,21.2,60.9,0
2025-12-10T17:28:31.463886,21.2,60.9,0
2025-12-10T17:28:33.718257,21.2,60.9,0
2025-12-10T17:28:35.972885,21.2,60.9,0
2025-12-10T17:28:38.227071,21.2,60.9,0
2025-12-10T17:28:40.481237,21.2,60.9,0
2025-12-10T17:28:42.735709,21.2,60.9,0
2025-12-10T17:28:44.990064,21.2,60.9,0
2025-12-10T17:28:47.244370,21.2,60.9,0
2025-12-10T17:28:49.498870,21.2,60.9,0
2025-12-10T17:28:51.752892,21.2,60.9,0
2025-12-10T17:28:54.007383,21.2,60.9,0
2025-12-10T17:28:56.261584,21.2,60.9,0
2025-12-10T17:28:58.515529,21.2,60.9,0
2025-12-10T17:29:00.769842,21.2,60.9,0
2025-12-10T17:29:03.023958,21.2,60.9,0
2025-12-10T17:29:05.277902,21.2,60.9,0
2025-12-10T17:29:07.532627,21.2,60.9,0
2025-12-10T17:29:09.788832,21.2,60.9,0
2025-12-10T17:29:12.043292,21.2,60.9,0
2025-12-10T17:29:14.297911,21.2,60.9,0
2025-12-10T17:29:16.551941,21.2,60.9,0
2025-12-10T17:29:18.806244,21.2,60.8,0
2025-12-10T17:29:21.060525,21.2,60.9,0
2025-12-10T17:29:23.315120,21.2,60.9,0
2025-12-10T17:29:25.569114,21.2,60.9,0
2025-12-10T17:29:27.823816,21.2,60.9,0
2025-12-10T17:29:30.078253,21.2,60.9,0
2025-12-10T17:29:32.332688,21.2,60.9,0
2025-12-10T17:29:34.587406,21.2,60.9,0
2025-12-10T17:29:36.841845,21.2,60.9,0
2025-12-10T17:29:39.096320,21.2,60.9,0
2025-12-10T17:29:41.350477,21.2,60.9,0
2025-12-10T17:29:43.604611,21.2,60.9,0
2025-12-10T17:29:45.858752,21.2,60.9,0
2025-12-10T17:29:48.113354,21.2,60.9,0
2025-12-10T17:29:50.368031,21.2,60.9,0
2025-12-10T17:29:52.622296,21.2,60.9,0
2025-12-10T17:29:54.876566,21.2,60.9,0
2025-12-10T17:29:57.130708,21.2,60.9,0
2025-12-10T17:29:59.384771,21.2,60.9,0
2025-12-10T17:30:01.639011,21.2,60.9,0
2025-12-10T17:30:03.893128,21.2,60.9,0
2025-12-10T17:30:06.147569,21.2,60.9,0
2025-12-10T17:30:08.401984,21.2,60.9,0
2025-12-10T17:30:10.656120,21.2,60.9,0
2025-12-10T17:30:12.910416,21.2,60.9,0
2025-12-10T17:30:15.165000,21.2,60.9,0
2025-12-10T17:30:17.421168,21.2,60.9,0
2025-12-10T17:30:19.675714,21.2,60.9,0
2025-12-10T17:30:21.930062,21.2,60.9,0
2025-12-10T17:30:24.184072,21.2,60.9,0
2025-12-10T17:30:26.438280,21.2,60.9,0
2025-12-10T17:30:28.692549,21.2,60.9,0
2025-12-10T17:30:30.946975,21.2,60.9,0
2025-12-10T17:30:33.201211,21.2,60.9,0
2025-12-10T17:30:35.455879,21.2,60.9,0
2025-12-10T17:30:37.710093,21.2,60.9,0
2025-12-10T17:30:39.964286,21.2,60.9,0
2025-12-10T17:30:42.218409,21.2,60.9,0
2025-12-10T17:30:44.472874,21.2,60.9,0
2025-12-10T17:30:46.726801,21.2,60.9,0
2025-12-10T17:30:48.981061,21.2,60.9,0
2025-12-10T17:30:51.235586,21.2,60.9,0
2025-12-10T17:30:53.489825,21.2,60.9,0
2025-12-10T17:30:55.744645,21.2,60.9,0
2025-12-10T17:30:57.998948,21.2,60.9,0
2025-12-10T17:31:00.252913,21.2,60.9,0
2025-12-10T17:31:02.507055,21.2,60.9,0
2025-12-10T17:31:04.761232,21.2,60.9,0
2025-12-10T17:31:07.015694,21.2,60.9,0
2025-12-10T17:31:09.270045,21.2,60.9,0
2025-12-10T17:31:11.524327,21.2,60.9,0
2025-12-10T17:31:13.778597,21.2,60.9,0
2025-12-10T17:31:16.033022,21.2,60.9,0
2025-12-10T17:31:18.287453,21.2,60.9,1
2025-12-10T17:31:20.541678,21.1,60.8,0
2025-12-10T17:31:22.796526,21.2,60.9,0
2025-12-10T17:31:25.051119,21.2,60.9,0
2025-12-10T17:31:27.305358,21.2,60.9,0
2025-12-10T17:31:29.559553,21.2,60.9,0
2025-12-10T17:31:31.814106,21.2,60.9,0
2025-12-10T17:31:34.068194,21.2,60.9,0
2025-12-10T17:31:36.322904,21.2,60.9,0
2025-12-10T17:31:38.577260,21.2,60.9,0
2025-12-10T17:31:40.831913,21.2,60.9,0
2025-12-10T17:31:43.086412,21.2,60.9,0
2025-12-10T17:31:45.342952,21.2,60.9,0
2025-12-10T17:31:47.597447,21.2,60.9,0
2025-12-10T17:31:49.852253,21.2,60.9,1
2025-12-10T17:31:52.106689,21.2,60.9,0
2025-12-10T17:31:54.361088,21.2,60.9,0
2025-12-10T17:31:56.615391,21.2,60.9,0
2025-12-10T17:31:58.869878,21.2,60.9,0
2025-12-10T17:32:01.124199,21.2,60.9,0
2025-12-10T17:32:03.378907,21.2,60.9,0
2025-12-10T17:32:05.633255,21.2,60.9,0
2025-12-10T17:32:07.887222,21.2,60.9,0
2025-12-10T17:32:10.141430,21.2,60.9,0
2025-12-10T17:32:12.395990,21.2,60.9,0
2025-12-10T17:32:14.650098,21.2,60.9,0
2025-12-10T17:32:16.904396,21.2,60.9,0
2025-12-10T17:32:19.158938,21.2,60.9,0
2025-12-10T17:32:21.412906,21.2,60.9,0
2025-12-10T17:32:23.667714,21.2,60.9,0
2025-12-10T17:32:25.922413,21.2,60.9,0
2025-12-10T17:32:28.176887,21.2,60.9,0
2025-12-10T17:32:30.431623,21.2,60.9,0
2025-12-10T17:32:32.686210,21.2,60.9,0
2025-12-10T17:32:34.940685,21.2,60.9,0
2025-12-10T17:32:37.195197,21.2,60.9,0
2025-12-10T17:32:39.449407,21.2,60.9,0
2025-12-10T17:32:41.703892,21.2,60.9,0
2025-12-10T17:32:43.958377,21.2,60.9,0
2025-12-10T17:32:46.212579,21.2,60.9,0
2025-12-10T17:32:48.466548,21.2,60.9,0
2025-12-10T17:32:50.720673,21.2,60.9,1
2025-12-10T17:32:52.975028,21.2,60.9,0
2025-12-10T17:32:55.229107,21.2,60.9,1
2025-12-10T17:32:57.483826,21.2,60.9,0
2025-12-10T17:32:59.738243,21.2,60.9,0
2025-12-10T17:33:01.992753,21.2,60.9,0
2025-12-10T17:33:04.246887,21.2,60.9,0
2025-12-10T17:33:06.501059,21.2,60.9,1
2025-12-10T17:33:08.755534,21.2,61.0,0
2025-12-10T17:33:11.010254,21.2,60.9,0
2025-12-10T17:33:13.264403,21.2,61.0,0
2025-12-10T17:33:15.518648,21.2,61.0,0
2025-12-10T17:33:17.773057,21.2,60.9,0
2025-12-10T17:33:20.027764,21.2,60.9,0
2025-12-10T17:33:22.281976,21.2,60.9,0
2025-12-10T17:33:24.536246,21.2,60.9,1
2025-12-10T17:33:26.790450,21.2,61.0,0
2025-12-10T17:33:29.044672,21.2,61.0,1
2025-12-10T17:33:31.299052,21.2,61.0,0
2025-12-10T17:33:33.553137,21.2,61.0,0
2025-12-10T17:33:35.807499,21.2,61.0,0
2025-12-10T17:33:38.061726,21.2,61.0,0
2025-12-10T17:33:40.316358,21.2,61.0,0
2025-12-10T17:33:42.570877,21.2,61.0,0
2025-12-10T17:33:44.825643,21.2,61.0,0
2025-12-10T17:33:47.080327,21.2,61.0,0
2025-12-10T17:33:49.334564,21.2,61.0,0
2025-12-10T17:33:51.589247,21.2,61.0,0
2025-12-10T17:33:53.843965,21.2,61.0,0
2025-12-10T17:33:56.098043,21.2,61.0,0
2025-12-10T17:33:58.352249,21.2,61.0,0
2025-12-10T17:34:00.606692,21.2,61.0,0
2025-12-10T17:34:02.861154,21.2,61.0,0
2025-12-10T17:34:05.115826,21.2,61.0,1
2025-12-10T17:34:07.369951,21.2,61.1,0
2025-12-10T17:34:09.623832,21.2,61.0,0
2025-12-10T17:34:11.877985,21.2,61.0,0
2025-12-10T17:34:14.132072,21.2,61.1,0
2025-12-10T17:34:16.386027,21.2,61.0,0
2025-12-10T17:34:18.640180,21.2,61.0,0
2025-12-10T17:34:20.894639,21.2,61.1,0
2025-12-10T17:34:23.148948,21.2,61.1,0
2025-12-10T17:34:25.403552,21.2,61.1,0
2025-12-10T17:34:27.658185,21.2,61.1,0
2025-12-10T17:34:29.912715,21.2,61.1,0
2025-12-10T17:34:32.167416,21.2,61.1,0
2025-12-10T17:34:34.421575,21.2,61.1,0
2025-12-10T17:34:36.676198,21.2,61.1,0
2025-12-10T17:34:38.931050,21.2,61.1,0
2025-12-10T17:34:41.185156,21.2,61.1,0
2025-12-10T17:34:43.439201,21.2,61.1,0
2025-12-10T17:34:45.693722,21.2,61.1,0
2025-12-10T17:34:47.948488,21.2,61.1,0
2025-12-10T17:34:50.202806,21.2,61.1,0
2025-12-10T17:34:52.457474,21.2,61.0,0
2025-12-10T17:34:54.712177,21.2,61.1,0
2025-12-10T17:34:56.966616,21.2,61.1,0
2025-12-10T17:34:59.220918,21.2,61.1,0
2025-12-10T17:35:01.474882,21.2,61.1,0
2025-12-10T17:35:03.728916,21.2,61.1,0
2025-12-10T17:35:05.983437,21.2,61.1,0
2025-12-10T17:35:08.237548,21.2,61.1,0
2025-12-10T17:35:10.491928,21.2,61.1,0
2025-12-10T17:35:12.746266,21.2,61.1,0
2025-12-10T17:35:15.000407,21.2,61.1,0
2025-12-10T17:35:17.254345,21.2,61.1,0
2025-12-10T17:35:19.508970,21.2,61.1,0
2025-12-10T17:35:21.763210,21.2,61.0,0
2025-12-10T17:35:24.017533,21.2,61.1,0
2025-12-10T17:35:26.272268,21.2,61.1,0
2025-12-10T17:35:28.526767,21.2,61.1,0
2025-12-10T17:35:30.780888,21.2,61.1,0
2025-12-10T17:35:33.035629,21.2,61.1,0
2025-12-10T17:35:35.290261,21.2,61.1,0
2025-12-10T17:35:37.544394,21.2,61.1,0
2025-12-10T17:35:39.798680,21.2,61.1,0
2025-12-10T17:35:42.052799,21.2,61.1,0
2025-12-10T17:35:44.306802,21.2,61.1,0
2025-12-10T17:35:46.561133,21.2,61.1,0
2025-12-10T17:35:48.815467,21.2,61.1,0
2025-12-10T17:35:51.069635,21.2,61.1,0
2025-12-10T17:35:53.323730,21.2,61.1,0
2025-12-10T17:35:55.577784,21.2,61.1,0
2025-12-10T17:35:57.831899,21.2,61.1,0
2025-12-10T17:36:00.086601,21.2,61.1,0
2025-12-10T17:36:02.340565,21.2,61.1,0
2025-12-10T17:36:04.595001,21.2,61.1,0
2025-12-10T17:36:06.849233,21.2,61.1,0
2025-12-10T17:36:09.103844,21.2,61.1,0
2025-12-10T17:36:11.357905,21.2,61.1,0
2025-12-10T17:36:13.612731,21.2,61.1,0
2025-12-10T17:36:15.867280,21.2,61.1,0
2025-12-10T17:36:18.121563,21.2,61.1,1
2025-12-10T17:36:20.375646,21.2,61.1,0
2025-12-10T17:36:22.629984,21.2,61.1,0
2025-12-10T17:36:24.883977,21.2,61.1,1
2025-12-10T17:36:27.138374,21.2,61.1,0
2025-12-10T17:36:29.392952,21.2,61.1,0
2025-12-10T17:36:31.647523,21.2,61.1,0
2025-12-10T17:36:33.902247,21.2,61.1,0
2025-12-10T17:36:36.156477,21.2,61.1,0
2025-12-10T17:36:38.410922,21.2,61.1,0
2025-12-10T17:36:40.665089,21.2,61.1,0
2025-12-10T17:36:42.919734,21.2,61.1,0
2025-12-10T17:36:45.173877,21.2,61.1,0
2025-12-10T17:36:47.428651,21.2,61.1,0
2025-12-10T17:36:49.683123,21.2,61.1,0
2025-12-10T17:36:51.937332,21.2,61.1,0
2025-12-10T17:36:54.192147,21.2,61.1,0
2025-12-10T17:36:56.446552,21.2,61.1,0
2025-12-10T17:36:58.701078,21.2,61.1,0
2025-12-10T17:37:00.955815,21.2,61.1,0
2025-12-10T17:37:03.210029,21.2,61.1,0
2025-12-10T17:37:05.463950,21.2,61.1,0
2025-12-10T17:37:07.718418,21.2,61.1,1
2025-12-10T17:37:09.972710,21.2,61.1,0
2025-12-10T17:37:12.227142,21.2,61.1,0
2025-12-10T17:37:14.481402,21.2,61.1,0
2025-12-10T17:37:16.735938,21.2,61.1,0
2025-12-10T17:37:18.989917,21.2,61.1,0
2025-12-10T17:37:21.244146,21.2,61.1,0
2025-12-10T17:37:23.498424,21.1,61.0,0
2025-12-10T17:37:25.752328,21.1,61.0,0
2025-12-10T17:37:28.006546,21.2,61.1,0
2025-12-10T17:37:30.260787,21.2,61.1,0
2025-12-10T17:37:32.515193,21.2,61.1,0
2025-12-10T17:37:34.769763,,,0
2025-12-10T17:37:37.024390,21.2,61.1,0
2025-12-10T17:37:39.278884,21.2,61.1,0
2025-12-10T17:37:41.533021,21.2,61.0,0
2025-12-10T17:37:43.787347,21.2,61.1,0
2025-12-10T17:37:46.041509,21.2,61.1,0
2025-12-10T17:37:48.296338,21.2,61.1,0
2025-12-10T17:37:50.550907,21.2,61.1,0
2025-12-10T17:37:52.805256,21.2,61.0,0
2025-12-10T17:37:55.060146,21.2,61.1,1
2025-12-10T17:37:57.314266,21.2,61.1,0
2025-12-10T17:37:59.568234,21.2,61.1,0
2025-12-10T17:38:01.822524,21.2,61.1,0
2025-12-10T17:38:04.076789,21.2,61.1,0
2025-12-10T17:38:06.331161,21.2,61.1,1
2025-12-10T17:38:08.585342,21.2,61.1,0
2025-12-10T17:38:10.839993,21.2,61.1,0
2025-12-10T17:38:13.093942,21.2,61.1,0
2025-12-10T17:38:15.348021,21.2,61.1,0
2025-12-10T17:38:17.602304,21.2,61.1,0
2025-12-10T17:38:19.856574,21.2,61.1,0
2025-12-10T17:38:22.111102,21.2,61.1,0
2025-12-10T17:38:24.365367,21.2,61.1,0
2025-12-10T17:38:26.619836,21.2,61.1,0
2025-12-10T17:38:28.874586,21.1,61.1,0
2025-12-10T17:38:31.128754,21.2,61.1,0
2025-12-10T17:38:33.382630,21.2,61.1,0
2025-12-10T17:38:35.636885,21.2,61.1,0
2025-12-10T17:38:37.891451,21.2,61.1,0
2025-12-10T17:38:40.145515,21.2,61.1,0
2025-12-10T17:38:42.400194,21.2,61.1,0
2025-12-10T17:38:44.655914,21.2,61.1,0
2025-12-10T17:38:46.910000,21.2,61.1,0
2025-12-10T17:38:49.164389,21.2,61.1,1
2025-12-10T17:38:51.418948,21.2,61.1,0
2025-12-10T17:38:53.673045,21.2,61.1,1
2025-12-10T17:38:55.927772,21.2,61.1,0
2025-12-10T17:38:58.181961,21.2,61.1,0
2025-12-10T17:39:00.435916,21.2,61.1,0
2025-12-10T17:39:02.690205,21.2,61.1,0
2025-12-10T17:39:04.944475,21.2,61.1,1
2025-12-10T17:39:07.198934,21.1,61.0,0
2025-12-10T17:39:09.453256,21.2,61.1,0
2025-12-10T17:39:11.707875,21.2,61.1,0
2025-12-10T17:39:13.962412,21.2,61.1,0
2025-12-10T17:39:16.216801,21.1,61.0,1
2025-12-10T17:39:18.471292,21.2,61.1,0
2025-12-10T17:39:20.725495,21.2,61.1,1
2025-12-10T17:39:22.980323,21.2,61.1,0
2025-12-10T17:39:25.234559,21.2,61.1,0
2025-12-10T17:39:27.488553,21.1,61.0,0
2025-12-10T17:39:29.743262,21.1,61.0,0
2025-12-10T17:39:31.997785,21.1,61.0,1
2025-12-10T17:39:34.252359,21.2,61.1,0
2025-12-10T17:39:36.507187,21.2,61.1,0
2025-12-10T17:39:38.761558,21.2,61.1,0
2025-12-10T17:39:41.016133,21.2,61.1,0
2025-12-10T17:39:43.270782,21.2,61.1,0
2025-12-10T17:39:45.525131,21.1,61.0,0
2025-12-10T17:39:47.779554,21.2,61.1,0
2025-12-10T17:39:50.034127,21.2,61.1,0
2025-12-10T17:39:52.288339,21.2,61.1,0
2025-12-10T17:39:54.542272,21.2,61.1,0
2025-12-10T17:39:56.796508,21.1,61.0,0
2025-12-10T17:39:59.051209,21.2,61.1,0
2025-12-10T17:40:01.305115,21.1,61.0,0
2025-12-10T17:40:03.559361,21.2,61.1,0
2025-12-10T17:40:05.813969,21.2,61.1,0
2025-12-10T17:40:08.068140,21.2,61.0,0
2025-12-10T17:40:10.322646,21.2,61.1,0
2025-12-10T17:40:12.577144,21.2,61.0,0
2025-12-10T17:40:14.831633,21.2,61.0,0
2025-12-10T17:40:17.085772,21.2,61.0,1
2025-12-10T17:40:19.340261,21.1,61.0,0
2025-12-10T17:40:21.594781,21.2,61.0,1
2025-12-10T17:40:23.849395,21.2,61.1,0
2025-12-10T17:40:26.104022,21.1,61.0,0
2025-12-10T17:40:28.358209,21.2,61.0,1
2025-12-10T17:40:30.612480,21.2,61.0,0
2025-12-10T17:40:32.866983,21.2,61.0,0
2025-12-10T17:40:35.121247,21.2,61.0,1
2025-12-10T17:40:37.375988,21.2,60.9,0
2025-12-10T17:40:39.630503,21.2,60.9,0
2025-12-10T17:40:41.884807,21.1,60.9,0
2025-12-10T17:40:44.139058,21.2,60.9,0
2025-12-10T17:40:46.393701,21.1,60.9,1
2025-12-10T17:40:48.648295,21.2,60.9,0
2025-12-10T17:40:50.903094,21.1,60.9,0
2025-12-10T17:40:53.157575,21.1,60.9,0
2025-12-10T17:40:55.412154,21.2,60.9,0
2025-12-10T17:40:57.666347,21.2,60.9,0
2025-12-10T17:40:59.920929,21.1,60.9,0
2025-12-10T17:41:02.175306,21.2,60.9,0
2025-12-10T17:41:04.429932,21.1,60.8,0
2025-12-10T17:41:06.684022,21.2,60.9,1
2025-12-10T17:41:08.938653,21.1,60.8,0
2025-12-10T17:41:11.193399,21.2,60.9,0
2025-12-10T17:41:13.447983,21.1,60.8,0
2025-12-10T17:41:15.702079,21.2,60.9,0
2025-12-10T17:41:17.956678,21.1,60.8,0
2025-12-10T17:41:20.211273,21.1,60.8,0
2025-12-10T17:41:22.465708,21.1,60.8,0
2025-12-10T17:41:24.720468,21.1,60.8,0
2025-12-10T17:41:26.974617,21.1,60.8,0
2025-12-10T17:41:29.228646,21.1,60.8,1
2025-12-10T17:41:31.482938,21.2,60.9,0
2025-12-10T17:41:33.737426,21.2,60.9,1
2025-12-10T17:41:35.992071,21.1,60.8,0
2025-12-10T17:41:38.246719,21.1,60.8,0
2025-12-10T17:41:40.500929,21.2,60.9,0
2025-12-10T17:41:42.755454,21.1,60.8,0
2025-12-10T17:41:45.009911,21.2,60.9,0
2025-12-10T17:41:47.264329,21.2,60.9,0
2025-12-10T17:41:49.518774,21.1,60.8,0
2025-12-10T17:41:51.773289,21.1,60.8,0
2025-12-10T17:41:54.027930,21.1,60.8,0
2025-12-10T17:41:56.282227,21.1,60.8,0
2025-12-10T17:41:58.536852,21.2,60.9,0
2025-12-10T17:42:00.791404,21.2,60.9,0
2025-12-10T17:42:03.045966,21.1,60.8,0
2025-12-10T17:42:05.300613,21.1,60.8,0
2025-12-10T17:42:07.555149,21.1,60.8,0
2025-12-10T17:42:09.810290,21.1,60.8,0
2025-12-10T17:42:12.074528,21.2,60.9,0
2025-12-10T17:42:14.329053,21.1,60.8,1
2025-12-10T17:42:16.583604,21.2,60.9,0
2025-12-10T17:42:18.838003,21.1,60.8,0
2025-12-10T17:42:21.092517,21.2,60.9,0
2025-12-10T17:42:23.346944,21.1,60.9,0
2025-12-10T17:42:25.601430,21.1,60.8,0
2025-12-10T17:42:27.856113,21.2,60.9,0
2025-12-10T17:42:30.110387,21.2,60.9,0
2025-12-10T17:42:32.364589,21.1,60.8,1
2025-12-10T17:42:34.619131,21.1,60.8,0
2025-12-10T17:42:36.873230,21.2,60.9,0
2025-12-10T17:42:39.127866,21.1,60.8,0
2025-12-10T17:42:41.382221,21.1,60.8,1
2025-12-10T17:42:43.636473,21.2,60.9,0
2025-12-10T17:42:45.891166,21.1,60.8,0
2025-12-10T17:42:48.145277,21.1,60.8,1
2025-12-10T17:42:50.399773,21.1,60.8,0
2025-12-10T17:42:52.653884,21.2,60.9,0
2025-12-10T17:42:54.908155,21.2,60.9,0
2025-12-10T17:42:57.162455,21.2,60.9,0
2025-12-10T17:42:59.417118,21.2,60.9,0
2025-12-10T17:43:01.671672,21.2,60.9,0
2025-12-10T17:43:03.925974,21.2,60.9,1
2025-12-10T17:43:06.180400,21.1,60.9,0
2025-12-10T17:43:08.434940,21.2,60.9,0
2025-12-10T17:43:10.689018,21.2,60.9,0
2025-12-10T17:43:12.943823,21.2,60.9,0
2025-12-10T17:43:15.198167,21.2,60.9,0
2025-12-10T17:43:17.452271,21.1,60.9,1
2025-12-10T17:43:19.706812,21.2,60.9,0
2025-12-10T17:43:21.961245,21.1,60.9,0
2025-12-10T17:43:24.215828,21.1,60.9,0
2025-12-10T17:43:26.470246,21.1,60.8,0
2025-12-10T17:43:28.725830,21.1,60.9,1
2025-12-10T17:43:30.980449,21.2,60.9,0
2025-12-10T17:43:33.234790,21.1,60.9,1
2025-12-10T17:43:35.489243,21.2,60.9,0
2025-12-10T17:43:37.743713,21.2,60.9,0
2025-12-10T17:43:39.998199,21.1,60.9,0
2025-12-10T17:43:42.252471,21.1,60.9,0
2025-12-10T17:43:44.506426,21.1,60.9,1
2025-12-10T17:43:46.760544,21.2,60.9,0
2025-12-10T17:43:49.015236,21.1,60.9,1
2025-12-10T17:43:51.269425,21.1,60.8,0
2025-12-10T17:43:53.524158,21.2,60.9,0
2025-12-10T17:43:55.778483,21.1,60.9,0
2025-12-10T17:43:58.033040,21.1,60.8,0
2025-12-10T17:44:00.287610,21.1,60.8,1
2025-12-10T17:44:02.541925,21.2,60.9,0
2025-12-10T17:44:04.796443,21.1,60.8,0
2025-12-10T17:44:07.050826,21.1,60.9,1
2025-12-10T17:44:09.304837,21.1,60.8,0
2025-12-10T17:44:11.559343,21.2,60.9,0
2025-12-10T17:44:13.813722,21.2,60.9,0
2025-12-10T17:44:16.068334,21.2,60.9,1
2025-12-10T17:44:18.322709,21.1,60.8,0
2025-12-10T17:44:20.577372,21.1,60.8,1
2025-12-10T17:44:22.831750,21.2,60.9,0
2025-12-10T17:44:25.086311,21.1,60.8,0
2025-12-10T17:44:27.340477,21.1,60.9,0
2025-12-10T17:44:29.595064,21.2,60.9,0
2025-12-10T17:44:31.849605,21.1,60.8,0
2025-12-10T17:44:34.104406,21.2,60.9,0
2025-12-10T17:44:36.358994,21.1,60.9,0
2025-12-10T17:44:38.613211,21.1,60.9,1
2025-12-10T17:44:40.867988,21.1,60.8,0
2025-12-10T17:44:43.122535,21.2,60.9,0
2025-12-10T17:44:45.376604,21.2,60.9,0
2025-12-10T17:44:47.631144,21.2,60.9,0
2025-12-10T17:44:49.885642,21.2,60.9,0
2025-12-10T17:44:52.140229,21.2,60.9,0
2025-12-10T17:44:54.394393,21.1,60.8,0
2025-12-10T17:44:56.648416,21.1,60.8,1
2025-12-10T17:44:58.902837,21.1,60.8,0
2025-12-10T17:45:01.157542,21.1,60.8,0
2025-12-10T17:45:03.412173,21.2,60.9,0
2025-12-10T17:45:05.666408,21.1,60.8,0
2025-12-10T17:45:07.920706,21.1,60.8,0
2025-12-10T17:45:10.177009,21.1,60.8,0
2025-12-10T17:45:12.431038,21.1,60.8,0
2025-12-10T17:45:14.685239,21.2,60.8,0
2025-12-10T17:45:16.939387,21.1,60.8,1
2025-12-10T17:45:19.193545,21.1,60.8,0
2025-12-10T17:45:21.448265,21.1,60.8,0
2025-12-10T17:45:23.702833,21.2,60.9,0
2025-12-10T17:45:25.956891,21.2,60.9,1
2025-12-10T17:45:28.211169,21.1,60.8,0
2025-12-10T17:45:30.465424,21.1,60.8,0
2025-12-10T17:45:32.719656,21.1,60.8,0
2025-12-10T17:45:34.974287,21.1,60.8,0
2025-12-10T17:45:37.228772,21.1,60.8,0
2025-12-10T17:45:39.483225,21.1,60.8,0
2025-12-10T17:45:41.737438,,,1
2025-12-10T17:45:43.992120,21.1,60.8,0
2025-12-10T17:45:46.246471,21.2,60.8,0
2025-12-10T17:45:48.501060,21.1,60.8,1
2025-12-10T17:45:50.755613,21.2,60.8,0
2025-12-10T17:45:53.010005,21.2,60.8,0
2025-12-10T17:45:55.264481,21.1,60.8,0
2025-12-10T17:45:57.519042,21.2,60.8,0
2025-12-10T17:45:59.773516,21.2,60.8,0
2025-12-10T17:46:02.028404,21.1,60.8,0
2025-12-10T17:46:04.282786,21.2,60.8,0
2025-12-10T17:46:06.536864,21.2,60.8,0
2025-12-10T17:46:08.791017,21.2,60.8,0
2025-12-10T17:46:11.045475,21.2,60.9,0
2025-12-10T17:46:13.299590,21.2,60.8,0
2025-12-10T17:46:15.553977,21.1,60.8,0
2025-12-10T17:46:17.808858,21.2,60.8,1
2025-12-10T17:46:20.063341,21.1,60.8,0
2025-12-10T17:46:22.317479,21.1,60.8,0
2025-12-10T17:46:24.572073,21.2,60.8,0
2025-12-10T17:46:26.826453,21.2,60.8,0
2025-12-10T17:46:29.080807,21.2,60.8,0
2025-12-10T17:46:31.335497,21.2,60.8,0
2025-12-10T17:46:33.589703,21.2,60.8,0
2025-12-10T17:46:35.844546,21.1,60.8,0
2025-12-10T17:46:38.099085,21.2,60.9,0
2025-12-10T17:46:40.353580,21.2,60.8,0
2025-12-10T17:46:42.608445,21.2,60.8,0
2025-12-10T17:46:44.863178,21.2,60.9,0
2025-12-10T17:46:47.117447,21.2,60.9,0
2025-12-10T17:46:49.371796,21.2,60.9,0
2025-12-10T17:46:51.626182,21.1,60.8,0
2025-12-10T17:46:53.880455,21.2,60.9,0
2025-12-10T17:46:56.134981,21.2,60.9,0
2025-12-10T17:46:58.389314,21.2,60.9,0
2025-12-10T17:47:00.643812,21.2,60.9,0
2025-12-10T17:47:02.898206,21.2,60.9,0
2025-12-10T17:47:05.152339,21.1,60.8,0
2025-12-10T17:47:07.406871,21.1,60.9,0
2025-12-10T17:47:09.661462,21.1,60.9,0
2025-12-10T17:47:11.916225,21.2,60.9,0
2025-12-10T17:47:14.170729,21.2,60.9,0
2025-12-10T17:47:16.425053,21.2,60.9,0
2025-12-10T17:47:18.679619,21.2,60.9,0
2025-12-10T17:47:20.933756,21.1,60.8,0
2025-12-10T17:47:23.188036,21.2,60.9,0
2025-12-10T17:47:25.442394,21.2,60.9,0
2025-12-10T17:47:27.696818,21.2,60.9,0
2025-12-10T17:47:29.951071,21.2,60.9,0
2025-12-10T17:47:32.205202,21.2,60.9,0
2025-12-10T17:47:34.459776,21.2,60.9,0
2025-12-10T17:47:36.714437,21.2,60.9,0
2025-12-10T17:47:38.969032,21.2,60.9,1
2025-12-10T17:47:41.223492,21.2,61.0,0
2025-12-10T17:47:43.478230,21.1,60.9,0
2025-12-10T17:47:45.732684,21.1,60.9,0
2025-12-10T17:47:47.986794,21.2,61.0,0
2025-12-10T17:47:50.240977,21.2,61.0,0
2025-12-10T17:47:52.495595,21.2,61.0,0
2025-12-10T17:47:54.750062,21.2,61.0,0
2025-12-10T17:47:57.004747,21.2,61.0,0
2025-12-10T17:47:59.259318,21.2,61.0,0
2025-12-10T17:48:01.513650,21.2,61.0,0
2025-12-10T17:48:03.767989,21.2,60.9,0
2025-12-10T17:48:06.022577,21.2,60.9,0
2025-12-10T17:48:08.276576,21.2,60.9,0
2025-12-10T17:48:10.531161,21.1,60.9,0
2025-12-10T17:48:12.785717,21.1,60.9,1
2025-12-10T17:48:15.040324,21.2,60.9,0
2025-12-10T17:48:17.294459,21.2,60.9,1
2025-12-10T17:48:19.549122,21.1,60.9,0
2025-12-10T17:48:21.803649,21.2,60.9,0
2025-12-10T17:48:24.058439,21.2,61.0,0
2025-12-10T17:48:26.312798,21.2,60.9,0
2025-12-10T17:48:28.567402,21.1,60.9,0
2025-12-10T17:48:30.822226,21.1,60.9,1
2025-12-10T17:48:33.076858,21.1,60.9,0
2025-12-10T17:48:35.331382,21.1,60.9,0
2025-12-10T17:48:37.585883,21.2,60.9,0
2025-12-10T17:48:39.840611,21.1,60.9,0
2025-12-10T17:48:42.094766,21.1,60.9,0
2025-12-10T17:48:44.349085,21.1,60.9,0
2025-12-10T17:48:46.603080,21.1,60.9,0
2025-12-10T17:48:48.857701,21.1,60.9,0
2025-12-10T17:48:51.112323,21.1,60.9,0
2025-12-10T17:48:53.366800,21.1,60.9,0
2025-12-10T17:48:55.621197,21.2,60.9,0
2025-12-10T17:48:57.875882,21.2,60.9,1
2025-12-10T17:49:00.130045,21.1,60.9,0
2025-12-10T17:49:02.384599,21.2,61.0,0
2025-12-10T17:49:04.639311,21.2,61.0,0
2025-12-10T17:49:06.896015,21.1,60.9,0
2025-12-10T17:49:09.150602,21.2,61.0,0
2025-12-10T17:49:11.404809,21.1,60.9,0
2025-12-10T17:49:13.659448,21.1,60.9,0
2025-12-10T17:49:15.913766,21.2,61.0,0
2025-12-10T17:49:18.168012,21.1,60.9,1
2025-12-10T17:49:20.422470,21.2,61.0,0
2025-12-10T17:49:22.676538,21.2,61.0,0
2025-12-10T17:49:24.930801,21.1,61.0,0
2025-12-10T17:49:27.184829,21.2,61.0,1
2025-12-10T17:49:29.439189,21.1,60.9,0
2025-12-10T17:49:31.774874,21.2,61.0,1
2025-12-10T17:49:34.064635,21.2,61.0,0
2025-12-10T17:49:36.319123,21.2,61.1,0
2025-12-10T17:49:38.573793,21.1,61.0,1
2025-12-10T17:49:40.828276,21.2,61.0,0
2025-12-10T17:49:43.126599,21.2,61.0,1
2025-12-10T17:49:45.381312,21.1,61.0,0
2025-12-10T17:49:47.635927,21.2,61.1,1
2025-12-10T17:49:49.890421,21.2,61.1,0
2025-12-10T17:49:52.145065,21.2,61.1,0
2025-12-10T17:49:54.399175,21.2,61.1,0
2025-12-10T17:49:56.653516,21.2,61.1,0
2025-12-10T17:49:58.908419,21.2,61.1,0
2025-12-10T17:50:01.163016,21.2,61.1,1
2025-12-10T17:50:03.417559,21.2,61.1,0
2025-12-10T17:50:05.671723,21.2,61.1,1
2025-12-10T17:50:07.926361,21.1,61.1,0
2025-12-10T17:50:10.180847,21.2,61.1,0
2025-12-10T17:50:12.435584,21.2,61.1,0
2025-12-10T17:50:14.689971,21.1,61.0,0
2025-12-10T17:50:16.944346,21.2,61.1,1
2025-12-10T17:50:19.199135,21.1,61.0,0
2025-12-10T17:50:21.453641,21.2,61.1,0
2025-12-10T17:50:23.708282,21.2,61.1,0
2025-12-10T17:50:25.963033,21.2,61.1,0
2025-12-10T17:50:28.217469,21.2,61.1,0
2025-12-10T17:50:30.472018,21.2,61.1,0
2025-12-10T17:50:32.726761,21.1,61.0,0
2025-12-10T17:50:34.981473,21.2,61.1,0
2025-12-10T17:50:37.235974,21.2,61.1,0
2025-12-10T17:50:39.490665,21.1,61.0,0
2025-12-10T17:50:41.744998,21.2,61.1,0
2025-12-10T17:50:43.999545,21.2,61.1,0
2025-12-10T17:50:46.253840,21.1,61.1,0
2025-12-10T17:50:48.508306,21.1,61.1,0
2025-12-10T17:50:50.762760,21.2,61.1,1
2025-12-10T17:50:53.017468,21.1,61.1,0
2025-12-10T17:50:55.271872,21.2,61.1,1
2025-12-10T17:50:57.526034,21.2,61.1,0
2025-12-10T17:50:59.780188,21.1,61.1,0
2025-12-10T17:51:02.034767,21.2,61.2,1
2025-12-10T17:51:04.289101,21.2,61.1,0
2025-12-10T17:51:06.543819,21.1,61.1,0
2025-12-10T17:51:08.798284,21.2,61.2,1
2025-12-10T17:51:11.052943,21.2,61.2,0
2025-12-10T17:51:13.307607,21.2,61.1,0
2025-12-10T17:51:15.562071,21.2,61.2,1
2025-12-10T17:51:17.816155,21.2,61.2,0
2025-12-10T17:51:20.070920,21.2,61.2,0
2025-12-10T17:51:22.325450,21.2,61.2,1
2025-12-10T17:51:24.579585,21.1,61.1,0
2025-12-10T17:51:26.834066,21.1,61.1,0
2025-12-10T17:51:29.088548,21.2,61.2,0
2025-12-10T17:51:31.343094,21.1,61.1,0
2025-12-10T17:51:33.597303,21.2,61.2,0
2025-12-10T17:51:35.852023,21.2,61.2,0
2025-12-10T17:51:38.106546,21.2,61.2,0
2025-12-10T17:51:40.361070,21.2,61.2,0
2025-12-10T17:51:42.615594,21.2,61.1,0
2025-12-10T17:51:44.869751,21.2,61.1,0
2025-12-10T17:51:47.123965,21.2,61.1,0
2025-12-10T17:51:49.378051,21.2,61.1,0
2025-12-10T17:51:51.632184,21.2,61.1,0
2025-12-10T17:51:53.886409,21.2,61.1,0
2025-12-10T17:51:56.140369,21.2,61.1,1
2025-12-10T17:51:58.394608,21.2,61.1,0
2025-12-10T17:52:00.648889,21.2,61.1,1
2025-12-10T17:52:02.903391,21.2,61.1,0
2025-12-10T17:52:05.157349,21.2,61.1,0
2025-12-10T17:52:07.412072,21.2,61.1,0
2025-12-10T17:52:09.666602,21.2,61.1,0
2025-12-10T17:52:11.920972,21.2,61.1,0
2025-12-10T17:52:14.175573,21.2,61.1,0
2025-12-10T17:52:16.429825,21.1,61.1,0
2025-12-10T17:52:18.684431,21.2,61.1,0
2025-12-10T17:52:20.939226,21.2,61.1,0
2025-12-10T17:52:23.193689,21.2,61.1,0
2025-12-10T17:52:25.448275,21.2,61.1,0
2025-12-10T17:52:27.703080,21.2,61.1,0
2025-12-10T17:52:29.957661,21.1,61.0,0
2025-12-10T17:52:32.212284,21.1,61.1,0
2025-12-10T17:52:34.466884,21.2,61.1,0
2025-12-10T17:52:36.721286,21.2,61.1,0
2025-12-10T17:52:38.975867,21.2,61.1,1
2025-12-10T17:52:41.230337,21.2,61.1,0
2025-12-10T17:52:43.484521,21.2,61.1,0
2025-12-10T17:52:45.739034,21.2,61.1,0
2025-12-10T17:52:47.993621,21.2,61.1,0
2025-12-10T17:52:50.248283,21.2,61.1,1
2025-12-10T17:52:52.502430,21.2,61.1,0
2025-12-10T17:52:54.757112,21.2,61.1,1
2025-12-10T17:52:57.011677,21.2,61.1,0
2025-12-10T17:52:59.266175,21.1,61.1,0
2025-12-10T17:53:01.520531,21.2,61.1,0
2025-12-10T17:53:03.774897,21.2,61.1,0
2025-12-10T17:53:06.028913,21.2,61.1,1
2025-12-10T17:53:08.283484,21.2,61.2,0
2025-12-10T17:53:10.537704,21.2,61.2,0
2025-12-10T17:53:12.792229,21.2,61.2,0
2025-12-10T17:53:15.046537,21.2,61.1,0
2025-12-10T17:53:17.300610,21.2,61.1,0
2025-12-10T17:53:19.555176,21.2,61.1,0
2025-12-10T17:53:21.809804,21.2,61.2,0
2025-12-10T17:53:24.064459,21.2,61.2,0
2025-12-10T17:53:26.318916,21.2,61.2,0
2025-12-10T17:53:28.573575,21.2,61.1,0
2025-12-10T17:53:30.828328,21.2,61.1,0
2025-12-10T17:53:33.082813,21.2,61.1,0
2025-12-10T17:53:35.337545,21.2,61.2,0
2025-12-10T17:53:37.591982,21.2,61.2,0
2025-12-10T17:53:39.846465,21.2,61.1,0
2025-12-10T17:53:42.101094,21.2,61.2,0
2025-12-10T17:53:44.355496,21.2,61.1,0
2025-12-10T17:53:46.609856,21.2,61.1,0
2025-12-10T17:53:48.864662,21.2,61.1,1
2025-12-10T17:53:51.119212,21.2,61.1,0
2025-12-10T17:53:53.373245,21.2,61.1,0
2025-12-10T17:53:55.627914,21.2,61.1,0
2025-12-10T17:53:57.882451,21.2,61.1,0
2025-12-10T17:54:00.136850,21.2,61.2,0
2025-12-10T17:54:02.391644,21.1,61.1,0
2025-12-10T17:54:04.645960,21.2,61.1,0
2025-12-10T17:54:06.900582,21.2,61.1,1
2025-12-10T17:54:09.155165,21.2,61.1,0
2025-12-10T17:54:11.409521,21.2,61.1,0
2025-12-10T17:54:13.664054,21.2,61.1,0
2025-12-10T17:54:15.918935,21.2,61.1,0
2025-12-10T17:54:18.173503,21.2,61.1,1
2025-12-10T17:54:20.428055,21.2,61.1,0
2025-12-10T17:54:22.682803,21.2,61.1,1
2025-12-10T17:54:24.937382,21.2,61.2,0
2025-12-10T17:54:27.191929,21.2,61.2,0
2025-12-10T17:54:29.446402,21.2,61.1,0
2025-12-10T17:54:31.701014,21.2,61.1,0
2025-12-10T17:54:33.955632,21.2,61.2,1
2025-12-10T17:54:36.210305,21.2,61.2,0
2025-12-10T17:54:38.464733,21.2,61.1,0
2025-12-10T17:54:40.719234,21.2,61.2,0
2025-12-10T17:54:42.974005,21.2,61.2,0
2025-12-10T17:54:45.228326,21.2,61.1,1
2025-12-10T17:54:47.482418,21.2,61.2,0
2025-12-10T17:54:49.736746,21.2,61.2,0
2025-12-10T17:54:51.991455,21.2,61.1,1
2025-12-10T17:54:54.245656,21.2,61.2,0
2025-12-10T17:54:56.500341,21.2,61.2,1
2025-12-10T17:54:58.755035,21.2,61.2,0
2025-12-10T17:55:01.009353,21.1,61.1,0
2025-12-10T17:55:03.264192,21.2,61.2,0
2025-12-10T17:55:05.518857,21.2,61.2,0
2025-12-10T17:55:07.772881,21.2,61.1,0
2025-12-10T17:55:10.027664,21.2,61.2,0
2025-12-10T17:55:12.282196,21.2,61.2,0
2025-12-10T17:55:14.536706,21.2,61.1,0
2025-12-10T17:55:16.791320,21.2,61.2,1
2025-12-10T17:55:19.046007,21.1,61.1,0
2025-12-10T17:55:21.300066,21.1,61.1,0
2025-12-10T17:55:23.554814,21.2,61.1,0
2025-12-10T17:55:25.810365,21.2,61.1,0
2025-12-10T17:55:28.064918,21.2,61.1,0
2025-12-10T17:55:30.319672,21.2,61.1,1
2025-12-10T17:55:32.573869,21.2,61.1,0
2025-12-10T17:55:34.828163,21.2,61.2,0
2025-12-10T17:55:37.082868,21.2,61.2,0
2025-12-10T17:55:39.337480,21.2,61.1,0
2025-12-10T17:55:41.592063,21.2,61.2,1
2025-12-10T17:55:43.846914,21.2,61.1,0
2025-12-10T17:55:46.101412,21.2,61.2,0
2025-12-10T17:55:48.355430,21.2,61.1,0
2025-12-10T17:55:50.609818,21.1,61.1,0
2025-12-10T17:55:52.864301,21.2,61.2,1
2025-12-10T17:55:55.199752,21.2,61.2,0
2025-12-10T17:55:57.458286,21.2,61.2,0
2025-12-10T17:55:59.712571,21.2,61.1,0
2025-12-10T17:56:01.966697,21.2,61.2,0
2025-12-10T17:56:04.220821,21.2,61.2,0
2025-12-10T17:56:06.474994,21.1,61.1,0
2025-12-10T17:56:08.729402,21.2,61.2,0
2025-12-10T17:56:10.984345,21.2,61.2,1
2025-12-10T17:56:13.238919,21.2,61.2,0
2025-12-10T17:56:15.493352,21.2,61.1,1
2025-12-10T17:56:17.747535,21.2,61.2,0
2025-12-10T17:56:20.001953,21.2,61.2,0
2025-12-10T17:56:22.256299,21.2,61.1,0
2025-12-10T17:56:24.510853,21.2,61.2,0
2025-12-10T17:56:26.767346,21.2,61.2,1
2025-12-10T17:56:29.021783,21.1,61.1,0
2025-12-10T17:56:31.276619,21.2,61.2,0
2025-12-10T17:56:33.531999,21.1,61.1,0
2025-12-10T17:56:35.786485,21.2,61.2,0
2025-12-10T17:56:38.040836,21.2,61.2,0
2025-12-10T17:56:40.295377,21.1,61.1,1
2025-12-10T17:56:42.549445,21.2,61.2,0
2025-12-10T17:56:44.804203,21.2,61.1,0
2025-12-10T17:56:47.058811,21.2,61.1,0
2025-12-10T17:56:49.313231,21.2,61.2,0
2025-12-10T17:56:51.567961,21.2,61.1,1
2025-12-10T17:56:53.822606,21.2,61.2,0
2025-12-10T17:56:56.077142,21.2,61.1,0
2025-12-10T17:56:58.331883,21.2,61.1,0
2025-12-10T17:57:00.586110,21.2,61.2,0
2025-12-10T17:57:02.840742,21.2,61.2,1
2025-12-10T17:57:05.095451,21.2,61.2,0
2025-12-10T17:57:07.349622,21.2,61.2,0
2025-12-10T17:57:09.604112,21.2,61.2,1
2025-12-10T17:57:11.858947,21.2,61.1,0
2025-12-10T17:57:14.113246,21.2,61.2,0
2025-12-10T17:57:16.367747,21.2,61.2,0
2025-12-10T17:57:18.621892,21.2,61.2,0
2025-12-10T17:57:20.876448,21.2,61.3,1
2025-12-10T17:57:23.130427,21.2,61.2,0
2025-12-10T17:57:25.384645,21.2,61.3,1
2025-12-10T17:57:27.639083,21.2,61.2,0
2025-12-10T17:57:29.893534,21.2,61.3,0
2025-12-10T17:57:32.147733,21.2,61.3,0
2025-12-10T17:57:34.402227,21.2,61.3,0
2025-12-10T17:57:36.656681,21.2,61.4,1
2025-12-10T17:57:38.911589,21.2,61.4,0
2025-12-10T17:57:41.166164,21.2,61.4,0
2025-12-10T17:57:43.420449,21.2,61.4,1
2025-12-10T17:57:45.674788,21.2,61.4,0
2025-12-10T17:57:47.929034,21.2,61.3,0
2025-12-10T17:57:50.183633,21.2,61.3,0
2025-12-10T17:57:52.437787,21.2,61.4,0
2025-12-10T17:57:54.692517,21.2,61.4,0
2025-12-10T17:57:56.946894,21.2,61.4,0
2025-12-10T17:57:59.201033,21.2,61.4,1
2025-12-10T17:58:01.455599,21.2,61.4,0
2025-12-10T17:58:03.709976,21.2,61.4,1
2025-12-10T17:58:05.964188,21.2,61.4,0
2025-12-10T17:58:08.218523,21.2,61.4,0
2025-12-10T17:58:10.472738,21.2,61.4,1
2025-12-10T17:58:12.727377,21.2,61.3,0
2025-12-10T17:58:14.981609,21.2,61.3,0
2025-12-10T17:58:17.236171,21.2,61.3,0
2025-12-10T17:58:19.490300,21.2,61.2,0
2025-12-10T17:58:21.744766,21.2,61.2,0
2025-12-10T17:58:23.999373,21.2,61.2,0
2025-12-10T17:58:26.253998,21.2,61.2,1
2025-12-10T17:58:28.510263,21.2,61.2,0
2025-12-10T17:58:30.764159,21.2,61.1,0
2025-12-10T17:58:33.018679,21.2,61.1,0
2025-12-10T17:58:35.272930,21.2,61.2,0
2025-12-10T17:58:37.527411,21.2,61.2,0
2025-12-10T17:58:39.781689,21.2,61.1,0
2025-12-10T17:58:42.036453,21.2,61.2,1
2025-12-10T17:58:44.290946,21.2,61.2,0
2025-12-10T17:58:46.545051,21.2,61.2,0
2025-12-10T17:58:48.799613,21.2,61.2,0
2025-12-10T17:58:51.053654,21.2,61.2,0
2025-12-10T17:58:53.308420,21.2,61.2,1
2025-12-10T17:58:55.562831,21.2,61.2,0
2025-12-10T17:58:57.817277,21.2,61.2,0
2025-12-10T17:59:00.071410,21.2,61.2,1
2025-12-10T17:59:02.325486,21.2,61.2,0
2025-12-10T17:59:04.579471,21.2,61.2,1
2025-12-10T17:59:06.833785,21.2,61.3,0
2025-12-10T17:59:09.088395,21.2,61.2,1
2025-12-10T17:59:11.342622,21.2,61.2,0
2025-12-10T17:59:13.596897,21.2,61.3,0
2025-12-10T17:59:15.851557,21.2,61.2,0
2025-12-10T17:59:18.105712,21.2,61.3,0
2025-12-10T17:59:20.359866,21.2,61.3,1
2025-12-10T17:59:22.614238,21.2,61.3,0
2025-12-10T17:59:24.868712,21.2,61.3,0
2025-12-10T17:59:27.123459,21.2,61.2,0
2025-12-10T17:59:29.377553,21.2,61.2,0
2025-12-10T17:59:31.632053,21.2,61.3,1
2025-12-10T17:59:33.887445,21.2,61.2,0
2025-12-10T17:59:36.141730,21.2,61.2,1
2025-12-10T17:59:38.396333,21.2,61.3,0
2025-12-10T17:59:40.651103,21.2,61.2,0
2025-12-10T17:59:42.905424,21.2,61.3,1
2025-12-10T17:59:45.159979,21.2,61.3,0
2025-12-10T17:59:47.414157,21.2,61.2,0
2025-12-10T17:59:49.668711,21.2,61.3,0
2025-12-10T17:59:51.923318,21.2,61.3,0
2025-12-10T17:59:54.177890,21.2,61.3,1
2025-12-10T17:59:56.432381,21.2,61.3,0
2025-12-10T17:59:58.686876,21.2,61.3,0
2025-12-10T18:00:00.941428,21.2,61.3,0
2025-12-10T18:00:03.195876,21.2,61.3,0
2025-12-10T18:00:05.450372,21.2,61.3,1
2025-12-10T18:00:07.705076,21.2,61.3,0
2025-12-10T18:00:09.959658,21.2,61.3,0
2025-12-10T18:00:12.213865,21.2,61.3,0
2025-12-10T18:00:14.468730,21.2,61.3,0
2025-12-10T18:00:16.723254,21.2,61.3,0
2025-12-10T18:00:18.977615,21.2,61.3,0
2025-12-10T18:00:21.232447,21.2,61.3,0
2025-12-10T18:00:23.487132,21.2,61.3,0
2025-12-10T18:00:25.741194,21.2,61.3,0
2025-12-10T18:00:27.995607,21.2,61.3,0
2025-12-10T18:00:30.251526,21.2,61.3,0
2025-12-10T18:00:32.506071,21.2,61.3,0
2025-12-10T18:00:34.760399,21.2,61.3,0
2025-12-10T18:00:37.014900,21.2,61.3,0
2025-12-10T18:00:39.269359,21.2,61.3,1
2025-12-10T18:00:41.524225,21.2,61.3,0
2025-12-10T18:00:43.780619,21.2,61.3,0
2025-12-10T18:00:46.035189,21.2,61.3,0
2025-12-10T18:00:48.289623,21.2,61.3,0
2025-12-10T18:00:50.543791,21.2,61.3,0
2025-12-10T18:00:52.798278,21.2,61.3,1
2025-12-10T18:00:55.052957,21.2,61.3,0
2025-12-10T18:00:57.309325,21.2,61.2,0
2025-12-10T18:00:59.563871,21.2,61.3,0
2025-12-10T18:01:01.818639,21.2,61.2,0
2025-12-10T18:01:04.073172,21.2,61.2,0
2025-12-10T18:01:06.327260,21.2,61.3,0
2025-12-10T18:01:08.581626,21.2,61.3,0
2025-12-10T18:01:10.836337,21.2,61.2,0
2025-12-10T18:01:13.090789,21.2,61.3,0
2025-12-10T18:01:15.345413,21.1,61.2,0
2025-12-10T18:01:17.600031,21.2,61.3,1
2025-12-10T18:01:19.854422,21.2,61.2,0
2025-12-10T18:01:22.108633,21.2,61.3,0
2025-12-10T18:01:24.363221,21.2,61.3,0
2025-12-10T18:01:26.617331,21.2,61.3,0
2025-12-10T18:01:28.871711,21.2,61.3,0
2025-12-10T18:01:31.126196,21.2,61.3,1
2025-12-10T18:01:33.380694,21.2,61.2,0
2025-12-10T18:01:35.635386,21.2,61.3,0
2025-12-10T18:01:37.889903,21.2,61.2,0
2025-12-10T18:01:40.144329,21.2,61.2,0
2025-12-10T18:01:42.398982,21.2,61.2,0
2025-12-10T18:01:44.653499,21.2,61.2,0
2025-12-10T18:01:46.908117,21.2,61.2,1
2025-12-10T18:01:49.162585,21.2,61.2,0
2025-12-10T18:01:51.417147,21.2,61.2,1
2025-12-10T18:01:53.671650,21.2,61.2,0
2025-12-10T18:01:55.926065,21.2,61.2,0
2025-12-10T18:01:58.180425,21.2,61.2,0
2025-12-10T18:02:00.434521,21.2,61.2,0
2025-12-10T18:02:02.688722,21.2,61.2,1
2025-12-10T18:02:04.943326,21.2,61.1,0
2025-12-10T18:02:07.197883,21.2,61.1,0
2025-12-10T18:02:09.452619,21.2,61.2,0
2025-12-10T18:02:11.707105,21.2,61.1,0
2025-12-10T18:02:13.961546,21.2,61.2,0
2025-12-10T18:02:16.216422,21.2,61.1,0
2025-12-10T18:02:18.470890,21.2,61.1,1
2025-12-10T18:02:20.725250,21.2,61.1,0
2025-12-10T18:02:22.980017,21.2,61.1,0
2025-12-10T18:02:25.234102,21.2,61.1,0
2025-12-10T18:02:27.488222,21.2,61.1,0
2025-12-10T18:02:29.742772,21.2,61.1,0
2025-12-10T18:02:31.996975,21.2,61.1,0
2025-12-10T18:02:34.251505,21.2,61.1,0
2025-12-10T18:02:36.505684,21.2,61.1,0
2025-12-10T18:02:38.762143,21.2,61.1,0
2025-12-10T18:02:41.016543,21.2,61.1,0
2025-12-10T18:02:43.271207,21.2,61.1,1
2025-12-10T18:02:45.525546,21.2,61.0,0
2025-12-10T18:02:47.780104,21.2,61.1,1
2025-12-10T18:02:50.034331,21.2,61.1,0
2025-12-10T18:02:52.288672,21.2,61.1,0
2025-12-10T18:02:54.543137,21.2,61.1,0
2025-12-10T18:02:56.797717,21.2,61.0,0
2025-12-10T18:02:59.052430,21.2,61.1,0
2025-12-10T18:03:01.306918,21.2,61.0,0
2025-12-10T18:03:03.561196,21.2,61.1,0
2025-12-10T18:03:05.815934,21.2,61.0,0
2025-12-10T18:03:08.070137,21.2,61.1,0
2025-12-10T18:03:10.324776,21.2,61.0,0
2025-12-10T18:03:12.579314,21.2,61.1,0
2025-12-10T18:03:14.833897,21.2,61.1,0
2025-12-10T18:03:17.088228,21.2,61.1,0
2025-12-10T18:03:19.342783,21.2,61.1,0
2025-12-10T18:03:21.596847,21.2,61.1,0
2025-12-10T18:03:23.851607,21.2,61.1,0
2025-12-10T18:03:26.105946,21.2,61.1,0
2025-12-10T18:03:28.360340,21.2,61.1,0
2025-12-10T18:03:30.614934,21.2,61.1,0
2025-12-10T18:03:32.869651,21.2,61.1,0
2025-12-10T18:03:35.124011,21.2,61.1,0
2025-12-10T18:03:37.378289,21.2,61.0,0
2025-12-10T18:03:39.632518,21.2,61.1,0
2025-12-10T18:03:41.886483,21.2,61.1,0
2025-12-10T18:03:44.140861,21.2,61.1,0
2025-12-10T18:03:46.395378,21.2,61.0,0
2025-12-10T18:03:48.649746,21.2,61.0,0
2025-12-10T18:03:50.904688,21.2,61.0,0
2025-12-10T18:03:53.159149,21.2,61.0,0
2025-12-10T18:03:55.413596,21.2,61.1,0
2025-12-10T18:03:57.668113,21.2,61.1,0
2025-12-10T18:04:00.003838,21.2,61.0,0
2025-12-10T18:04:02.262496,21.2,61.0,0
2025-12-10T18:04:04.517095,21.2,61.0,0
2025-12-10T18:04:06.771590,21.2,61.0,0
2025-12-10T18:04:09.025966,21.2,61.0,0
2025-12-10T18:04:11.280588,21.2,61.0,0
2025-12-10T18:04:13.535098,21.2,61.0,0
2025-12-10T18:04:15.789320,21.2,61.0,0
2025-12-10T18:04:18.044184,21.2,61.0,0
2025-12-10T18:04:20.298790,21.2,61.0,0
2025-12-10T18:04:22.553321,21.2,61.0,0
2025-12-10T18:04:24.809203,21.2,61.0,0
2025-12-10T18:04:27.066658,21.2,61.0,0
2025-12-10T18:04:29.320656,21.2,61.0,0
2025-12-10T18:04:31.574859,21.2,61.0,0
2025-12-10T18:04:33.829462,21.2,61.0,0
2025-12-10T18:04:36.084024,21.2,60.9,0
2025-12-10T18:04:38.338767,21.2,60.9,0
2025-12-10T18:04:40.593235,21.2,60.9,0
2025-12-10T18:04:42.847797,21.2,60.9,0
2025-12-10T18:04:45.102226,21.2,60.9,0
2025-12-10T18:04:47.356850,21.2,60.9,0
2025-12-10T18:04:49.610832,21.2,61.0,0
2025-12-10T18:04:51.865565,21.2,61.0,0
2025-12-10T18:04:54.120196,21.2,61.0,0
2025-12-10T18:04:56.374627,21.2,61.0,0
2025-12-10T18:04:58.628811,21.2,61.0,1
2025-12-10T18:05:00.883456,21.2,61.0,0
2025-12-10T18:05:03.137625,21.2,61.0,0
2025-12-10T18:05:05.392410,21.2,61.0,0
2025-12-10T18:05:07.646786,21.2,61.0,0
2025-12-10T18:05:09.901100,21.2,61.0,0
2025-12-10T18:05:12.155751,21.2,61.0,0
2025-12-10T18:05:14.409884,21.2,61.0,0
2025-12-10T18:05:16.664097,21.2,61.0,0
2025-12-10T18:05:18.918663,21.2,61.0,1
2025-12-10T18:05:21.173126,21.2,61.0,0
2025-12-10T18:05:23.427710,21.2,61.0,0
2025-12-10T18:05:25.681977,21.2,61.0,1
2025-12-10T18:05:27.936559,21.2,61.1,0
2025-12-10T18:05:30.190605,21.2,61.0,0
2025-12-10T18:05:32.444838,21.2,61.0,0
2025-12-10T18:05:34.699363,21.2,61.0,0
2025-12-10T18:05:36.953512,21.2,61.0,0
2025-12-10T18:05:39.208248,21.2,61.0,0
2025-12-10T18:05:41.462850,21.2,61.1,1
2025-12-10T18:05:43.717276,21.2,61.0,0
2025-12-10T18:05:45.972061,21.2,61.0,1
2025-12-10T18:05:48.226702,21.2,61.0,0
2025-12-10T18:05:50.481124,21.2,61.0,0
2025-12-10T18:05:52.735530,21.2,61.0,1
2025-12-10T18:05:54.991959,21.2,61.0,0
2025-12-10T18:05:57.246163,21.1,60.9,1
2025-12-10T18:05:59.500661,21.2,61.0,0
2025-12-10T18:06:01.755212,21.2,61.0,0
2025-12-10T18:06:04.009602,21.2,61.0,0
2025-12-10T18:06:06.264299,21.2,61.0,0
2025-12-10T18:06:08.518828,21.2,61.0,0
2025-12-10T18:06:10.773203,21.2,61.0,0
2025-12-10T18:06:13.027908,21.2,61.0,0
2025-12-10T18:06:15.282103,21.2,60.9,0
2025-12-10T18:06:17.536009,21.2,60.9,0
2025-12-10T18:06:19.790707,21.2,60.9,0
2025-12-10T18:06:22.045297,21.2,60.9,0
2025-12-10T18:06:24.299350,21.2,60.9,0
2025-12-10T18:06:26.553564,21.2,60.9,0
2025-12-10T18:06:28.807960,21.2,60.9,0
2025-12-10T18:06:31.062493,21.2,60.8,0
2025-12-10T18:06:33.316721,21.1,60.8,0
2025-12-10T18:06:35.571297,21.2,60.9,0
2025-12-10T18:06:37.825661,21.2,60.8,0
2025-12-10T18:06:40.080469,21.2,60.9,0
2025-12-10T18:06:42.335017,21.2,60.9,0
2025-12-10T18:06:44.589548,21.2,60.9,0
2025-12-10T18:06:46.844459,21.2,60.8,0
2025-12-10T18:06:49.098438,21.2,60.9,0
2025-12-10T18:06:51.352506,21.2,60.9,0
2025-12-10T18:06:53.606659,21.2,60.9,0
2025-12-10T18:06:55.860960,21.2,60.9,0
2025-12-10T18:06:58.114953,21.2,60.9,0
2025-12-10T18:07:00.369178,21.2,60.9,0
2025-12-10T18:07:02.623737,21.2,60.9,0
2025-12-10T18:07:04.878203,21.2,60.9,0
2025-12-10T18:07:07.132722,21.2,60.9,0
2025-12-10T18:07:09.389038,21.2,60.9,0
2025-12-10T18:07:11.643478,21.2,60.9,0
2025-12-10T18:07:13.897837,21.2,61.0,0
2025-12-10T18:07:16.152224,21.2,61.0,0
2025-12-10T18:07:18.406629,21.2,61.0,0
2025-12-10T18:07:20.660947,21.2,61.0,0
2025-12-10T18:07:22.915611,21.2,61.0,0
2025-12-10T18:07:25.170048,21.2,61.0,0
2025-12-10T18:07:27.424203,21.2,61.0,0
2025-12-10T18:07:29.680517,21.2,61.0,0
2025-12-10T18:07:31.935117,21.2,61.0,0
2025-12-10T18:07:34.189847,21.2,61.0,0
2025-12-10T18:07:36.444473,21.2,61.0,1
2025-12-10T18:07:38.698502,21.2,61.0,0
2025-12-10T18:07:40.953039,21.2,61.0,0
2025-12-10T18:07:43.207165,21.2,60.9,0
2025-12-10T18:07:45.461280,21.2,60.9,0
2025-12-10T18:07:47.715461,21.2,60.9,0
2025-12-10T18:07:49.969844,21.2,60.9,0
2025-12-10T18:07:52.224396,21.2,60.9,0
2025-12-10T18:07:54.479110,21.2,60.8,0
2025-12-10T18:07:56.733548,21.2,60.9,0
2025-12-10T18:07:58.988121,21.2,60.9,0
2025-12-10T18:08:01.242318,21.2,60.9,0
2025-12-10T18:08:03.496562,21.2,60.9,0
2025-12-10T18:08:05.750563,21.2,60.9,0
2025-12-10T18:08:08.004801,21.2,60.9,0
2025-12-10T18:08:10.259345,21.1,60.9,0
2025-12-10T18:08:12.513279,21.2,60.9,0
2025-12-10T18:08:14.768144,21.2,60.9,0
2025-12-10T18:08:17.022185,21.2,60.9,0
2025-12-10T18:08:19.276614,21.2,60.9,0
2025-12-10T18:08:21.531406,21.2,60.9,0
2025-12-10T18:08:23.785409,21.2,60.9,0
2025-12-10T18:08:26.039755,21.2,60.9,0
2025-12-10T18:08:28.293948,21.2,61.0,0
2025-12-10T18:08:30.548110,21.2,61.0,0
2025-12-10T18:08:32.802017,21.2,61.0,0
2025-12-10T18:08:35.056237,21.2,61.0,0
2025-12-10T18:08:37.310587,21.2,61.0,0
2025-12-10T18:08:39.564764,21.2,61.0,0
2025-12-10T18:08:41.819491,21.2,61.0,0
2025-12-10T18:08:44.073505,21.2,61.0,0
2025-12-10T18:08:46.327402,21.2,61.0,0
2025-12-10T18:08:48.581609,21.2,61.0,0
2025-12-10T18:08:50.835821,21.2,61.0,0
2025-12-10T18:08:53.089784,21.2,61.0,0
2025-12-10T18:08:55.343892,21.2,61.0,0
2025-12-10T18:08:57.597883,21.2,61.0,0
2025-12-10T18:08:59.851947,21.2,61.0,0
2025-12-10T18:09:02.106177,21.2,61.0,0
2025-12-10T18:09:04.360241,21.2,61.0,0
2025-12-10T18:09:06.614758,21.2,61.0,0
2025-12-10T18:09:08.868892,21.2,61.0,0
2025-12-10T18:09:11.123393,21.2,61.0,0
2025-12-10T18:09:13.377443,21.2,61.0,0
2025-12-10T18:09:15.632023,21.2,61.0,0
2025-12-10T18:09:17.886550,21.2,61.0,0
2025-12-10T18:09:20.140427,21.2,61.0,0
2025-12-10T18:09:22.394608,21.2,61.0,0
2025-12-10T18:09:24.648728,21.2,61.0,0
2025-12-10T18:09:26.902743,21.2,60.9,0
2025-12-10T18:09:29.156844,21.2,61.0,0
2025-12-10T18:09:31.411448,21.2,60.9,0
2025-12-10T18:09:33.665484,21.2,60.9,1
2025-12-10T18:09:35.919947,21.2,60.9,0
2025-12-10T18:09:38.174379,21.2,60.9,0
2025-12-10T18:09:40.428771,21.2,60.9,0
2025-12-10T18:09:42.683519,21.2,60.9,0
2025-12-10T18:09:44.937996,21.1,60.9,0
2025-12-10T18:09:47.192043,21.2,60.9,0
2025-12-10T18:09:49.446674,21.2,60.9,0
2025-12-10T18:09:51.700920,21.2,60.9,0
2025-12-10T18:09:53.955196,21.2,60.9,0
2025-12-10T18:09:56.209806,21.2,61.0,0
2025-12-10T18:09:58.464491,21.2,61.0,0
2025-12-10T18:10:00.718462,21.2,61.0,0
2025-12-10T18:10:02.973803,21.2,60.9,0
2025-12-10T18:10:05.228026,21.2,60.9,0
2025-12-10T18:10:07.482170,21.1,60.9,0
2025-12-10T18:10:09.736451,21.2,61.0,0
2025-12-10T18:10:11.991049,21.2,61.0,0
2025-12-10T18:10:14.245518,21.2,61.0,0
2025-12-10T18:10:16.500372,21.2,61.0,0
2025-12-10T18:10:18.754922,21.2,61.0,0
2025-12-10T18:10:21.009299,21.1,60.9,0
2025-12-10T18:10:23.263546,21.2,60.9,0
2025-12-10T18:10:25.518173,21.2,61.0,0
2025-12-10T18:10:27.772695,21.2,60.9,0
2025-12-10T18:10:30.027489,21.2,60.9,1
2025-12-10T18:10:32.281792,21.2,60.9,0
2025-12-10T18:10:34.536573,21.2,60.9,1
2025-12-10T18:10:36.791274,21.1,60.9,0
2025-12-10T18:10:39.045838,21.2,60.9,0
2025-12-10T18:10:41.300435,21.2,60.9,0
2025-12-10T18:10:43.555134,21.2,60.9,0
2025-12-10T18:10:45.811709,21.2,60.9,0
2025-12-10T18:10:48.066230,21.2,60.9,0
2025-12-10T18:10:50.320397,21.2,60.9,0
2025-12-10T18:10:52.574971,21.2,60.9,0
2025-12-10T18:10:54.829075,21.2,60.9,0
2025-12-10T18:10:57.083330,21.2,60.9,0
2025-12-10T18:10:59.337857,21.2,60.9,0
2025-12-10T18:11:01.592404,21.2,60.9,0
2025-12-10T18:11:03.847209,21.2,60.9,1
2025-12-10T18:11:06.101505,21.2,60.9,0
2025-12-10T18:11:08.355524,21.2,60.9,0
2025-12-10T18:11:10.609774,21.2,60.9,0
2025-12-10T18:11:12.864591,21.2,60.9,1
2025-12-10T18:11:15.118953,21.1,60.9,0
2025-12-10T18:11:17.373477,21.2,60.9,0
2025-12-10T18:11:19.628130,21.2,60.9,0
2025-12-10T18:11:21.882774,21.2,60.8,0
2025-12-10T18:11:24.137226,21.2,60.8,1
2025-12-10T18:11:26.391577,21.2,60.8,0
2025-12-10T18:11:28.646084,21.2,60.8,0
2025-12-10T18:11:30.900484,21.2,60.8,0
2025-12-10T18:11:33.155050,21.2,60.8,0
2025-12-10T18:11:35.409562,21.2,60.8,0
2025-12-10T18:11:37.663856,21.2,60.8,0
2025-12-10T18:11:39.919158,21.2,60.7,0
2025-12-10T18:11:42.173578,21.2,60.8,0
2025-12-10T18:11:44.427689,21.2,60.8,0
2025-12-10T18:11:46.682125,21.2,60.8,0
2025-12-10T18:11:48.936749,21.2,60.8,0
2025-12-10T18:11:51.191407,21.2,60.8,0
2025-12-10T18:11:53.445697,21.2,60.8,0
2025-12-10T18:11:55.700193,21.2,60.8,0
2025-12-10T18:11:57.954572,21.2,60.8,1
2025-12-10T18:12:00.210203,21.2,60.8,0
2025-12-10T18:12:02.464272,21.2,60.8,0
2025-12-10T18:12:04.718494,21.2,60.8,0
2025-12-10T18:12:06.973038,21.1,60.8,0
2025-12-10T18:12:09.227543,21.2,60.8,1
2025-12-10T18:12:11.482186,21.2,60.8,0
2025-12-10T18:12:13.736461,21.2,60.8,0
2025-12-10T18:12:15.990749,21.2,60.8,0
2025-12-10T18:12:18.245111,21.2,60.8,0
2025-12-10T18:12:20.499505,21.2,60.8,0
2025-12-10T18:12:22.753978,21.2,60.8,0
2025-12-10T18:12:25.008671,21.2,60.8,1
2025-12-10T18:12:27.263262,21.2,60.8,0
2025-12-10T18:12:29.517307,21.2,60.8,0
2025-12-10T18:12:31.771554,21.2,60.8,0
2025-12-10T18:12:34.026172,21.2,60.8,0
2025-12-10T18:12:36.280183,21.2,60.8,0
2025-12-10T18:12:38.534307,21.2,60.9,0
2025-12-10T18:12:40.788482,21.2,60.9,0
2025-12-10T18:12:43.043095,21.2,60.8,0
2025-12-10T18:12:45.297670,21.2,60.9,0
2025-12-10T18:12:47.552316,21.2,60.9,0
2025-12-10T18:12:49.806722,21.2,60.9,1
2025-12-10T18:12:52.060884,21.2,60.9,0
2025-12-10T18:12:54.315478,21.2,60.9,0
2025-12-10T18:12:56.569584,21.2,60.9,1
2025-12-10T18:12:58.823927,21.2,60.9,0
2025-12-10T18:13:01.078305,21.2,60.9,0
2025-12-10T18:13:03.332374,21.2,60.9,1
2025-12-10T18:13:05.586512,21.2,60.8,0
2025-12-10T18:13:07.841104,21.2,60.9,0
2025-12-10T18:13:10.095082,21.2,60.9,0
2025-12-10T18:13:12.349217,21.2,60.9,0
2025-12-10T18:13:14.603822,21.2,60.9,1
2025-12-10T18:13:16.858424,21.2,60.9,0
2025-12-10T18:13:19.112756,21.2,60.9,0
2025-12-10T18:13:21.367009,21.2,60.9,1
2025-12-10T18:13:23.621455,21.2,60.9,0
2025-12-10T18:13:25.876203,21.2,60.9,1
2025-12-10T18:13:28.130584,21.2,60.9,0
2025-12-10T18:13:30.384791,21.2,60.9,0
2025-12-10T18:13:32.639452,21.2,60.9,0
2025-12-10T18:13:34.893525,21.2,60.9,0
2025-12-10T18:13:37.148116,21.2,60.9,1
2025-12-10T18:13:39.402808,21.2,60.9,0
2025-12-10T18:13:41.657189,21.2,60.9,0
2025-12-10T18:13:43.911265,21.2,60.9,1
2025-12-10T18:13:46.165428,21.2,60.9,0
2025-12-10T18:13:48.420024,21.2,60.9,1
2025-12-10T18:13:50.674034,21.2,60.9,0
2025-12-10T18:13:52.928501,21.2,60.9,0
2025-12-10T18:13:55.183090,21.2,60.9,1
2025-12-10T18:13:57.437513,21.2,60.9,0
2025-12-10T18:13:59.692359,21.2,60.8,0
2025-12-10T18:14:01.946478,21.2,60.9,1
2025-12-10T18:14:04.200476,21.2,60.8,0
2025-12-10T18:14:06.454612,21.2,60.8,0
2025-12-10T18:14:08.708738,21.2,60.8,0
2025-12-10T18:14:10.963260,21.2,60.8,0
2025-12-10T18:14:13.217376,21.2,60.8,0
2025-12-10T18:14:15.471928,21.2,60.8,0
2025-12-10T18:14:17.726297,21.2,60.8,0
2025-12-10T18:14:19.980475,21.2,60.8,0
2025-12-10T18:14:22.235955,21.2,60.8,0
2025-12-10T18:14:24.490346,21.2,60.8,0
2025-12-10T18:14:26.744617,21.2,60.8,1
2025-12-10T18:14:29.000241,21.2,60.8,0
2025-12-10T18:14:31.254698,21.2,60.8,0
2025-12-10T18:14:33.509193,21.1,60.8,0
2025-12-10T18:14:35.763732,21.2,60.9,0
2025-12-10T18:14:38.018148,21.2,60.9,0
2025-12-10T18:14:40.272513,21.2,60.9,1
2025-12-10T18:14:42.526958,21.2,60.9,0
2025-12-10T18:14:44.781091,21.2,60.9,0
2025-12-10T18:14:47.035714,21.2,60.9,0
2025-12-10T18:14:49.290033,21.2,60.9,1
2025-12-10T18:14:51.544470,21.2,60.9,0
2025-12-10T18:14:53.799077,21.2,60.9,0
2025-12-10T18:14:56.053674,21.2,60.9,0
2025-12-10T18:14:58.307650,21.2,60.9,0
2025-12-10T18:15:00.562038,21.2,60.9,0
2025-12-10T18:15:02.816568,21.2,60.9,0
2025-12-10T18:15:05.070948,21.2,61.0,0
2025-12-10T18:15:07.325524,21.2,60.9,0
2025-12-10T18:15:09.579995,21.2,60.9,0
2025-12-10T18:15:11.834441,21.2,60.9,0
2025-12-10T18:15:14.088586,21.2,60.9,0
2025-12-10T18:15:16.343149,21.2,61.0,0
2025-12-10T18:15:18.597666,21.2,61.0,0
2025-12-10T18:15:20.852506,21.2,61.0,0
2025-12-10T18:15:23.107101,21.2,61.0,0
2025-12-10T18:15:25.361670,21.2,61.0,0
2025-12-10T18:15:27.615966,21.2,61.0,1
2025-12-10T18:15:29.870705,21.2,61.0,0
2025-12-10T18:15:32.125235,21.2,61.0,0
2025-12-10T18:15:34.379974,21.2,61.0,1
2025-12-10T18:15:36.634580,21.2,61.1,0
2025-12-10T18:15:38.888566,21.2,61.0,0
2025-12-10T18:15:41.142813,21.2,61.1,0
2025-12-10T18:15:43.396980,21.2,61.0,0
2025-12-10T18:15:45.651037,21.2,61.0,1
2025-12-10T18:15:47.905690,21.2,61.0,0
2025-12-10T18:15:50.160394,21.2,61.0,1
2025-12-10T18:15:52.414796,21.2,61.0,0
2025-12-10T18:15:54.669186,21.2,61.0,0
2025-12-10T18:15:56.923834,21.2,61.0,0
2025-12-10T18:15:59.178162,21.2,61.0,0
2025-12-10T18:16:01.432392,21.2,61.0,1
2025-12-10T18:16:03.686935,21.2,61.0,0
2025-12-10T18:16:05.941535,21.2,60.9,0
2025-12-10T18:16:08.196305,21.2,61.0,0
2025-12-10T18:16:10.452737,21.2,60.9,0
2025-12-10T18:16:12.706798,21.2,60.9,0
2025-12-10T18:16:14.960978,21.2,60.9,0
2025-12-10T18:16:17.215343,21.2,61.0,0
2025-12-10T18:16:19.469752,21.2,61.0,0
2025-12-10T18:16:21.724535,21.2,61.0,1
2025-12-10T18:16:23.979115,21.2,61.0,0
2025-12-10T18:16:26.233629,21.2,61.0,0
2025-12-10T18:16:28.488429,21.2,61.0,0
2025-12-10T18:16:30.742983,21.2,61.0,0
2025-12-10T18:16:32.997432,21.2,61.0,0
2025-12-10T18:16:35.252250,21.2,61.1,0
2025-12-10T18:16:37.506797,21.2,61.1,0
2025-12-10T18:16:39.761244,21.2,61.1,0
2025-12-10T18:16:42.015966,21.2,61.1,0
2025-12-10T18:16:44.270604,21.2,61.1,0
2025-12-10T18:16:46.525075,21.2,61.1,0
2025-12-10T18:16:48.779665,21.2,61.1,1
2025-12-10T18:16:51.034263,21.2,61.1,0
2025-12-10T18:16:53.288323,21.2,61.1,1
2025-12-10T18:16:55.542572,21.2,61.1,0
2025-12-10T18:16:57.796713,21.2,61.1,0
2025-12-10T18:17:00.051307,21.2,61.1,1
2025-12-10T18:17:02.305659,21.2,61.1,0
2025-12-10T18:17:04.560355,21.2,61.1,0
2025-12-10T18:17:06.815033,21.2,61.1,0
2025-12-10T18:17:09.069289,21.2,61.1,0
2025-12-10T18:17:11.323855,21.2,61.1,0
2025-12-10T18:17:13.577947,21.2,61.1,0
2025-12-10T18:17:15.832341,21.2,61.1,1
2025-12-10T18:17:18.086766,21.2,61.0,0
2025-12-10T18:17:20.340973,21.2,61.0,0
2025-12-10T18:17:22.595650,21.2,61.0,0
2025-12-10T18:17:24.849918,21.2,61.0,0
2025-12-10T18:17:27.103904,21.2,61.0,0
2025-12-10T18:17:29.358451,21.2,61.0,0
2025-12-10T18:17:31.612933,21.2,61.0,1
2025-12-10T18:17:33.867508,21.2,61.0,0
2025-12-10T18:17:36.121858,21.2,61.0,0
2025-12-10T18:17:38.375919,21.2,61.1,0
2025-12-10T18:17:40.629945,21.2,61.1,0
2025-12-10T18:17:42.884237,21.2,61.0,0
2025-12-10T18:17:45.139706,21.2,61.1,0
2025-12-10T18:17:47.394175,21.2,61.1,1
2025-12-10T18:17:49.648507,21.2,61.1,0
2025-12-10T18:17:51.903039,21.2,61.1,0
2025-12-10T18:17:54.157517,21.2,61.1,0
2025-12-10T18:17:56.411707,21.2,61.1,0
2025-12-10T18:17:58.665965,21.2,61.1,0
2025-12-10T18:18:00.920444,21.2,61.1,1
2025-12-10T18:18:03.175155,21.2,61.1,0
2025-12-10T18:18:05.429397,21.2,61.1,0
2025-12-10T18:18:07.683996,21.2,61.1,0
2025-12-10T18:18:09.938862,21.2,61.2,0
2025-12-10T18:18:12.192959,21.2,61.2,0
2025-12-10T18:18:14.447517,21.2,61.2,0
2025-12-10T18:18:16.701692,21.2,61.2,1
2025-12-10T18:18:18.956436,21.2,61.2,0
2025-12-10T18:18:21.210955,21.2,61.2,0
2025-12-10T18:18:23.465711,21.2,61.2,0
2025-12-10T18:18:25.720411,21.2,61.2,0
2025-12-10T18:18:27.974885,21.2,61.2,1
2025-12-10T18:18:30.229434,21.2,61.2,0
2025-12-10T18:18:32.484105,21.2,61.2,0
2025-12-10T18:18:34.738620,21.2,61.2,0
2025-12-10T18:18:36.992979,21.2,61.2,0
2025-12-10T18:18:39.247623,21.2,61.2,1
2025-12-10T18:18:41.501830,21.2,61.2,0
2025-12-10T18:18:43.756012,21.2,61.2,1
2025-12-10T18:18:46.010716,21.2,61.2,0
2025-12-10T18:18:48.265165,21.2,61.3,0
2025-12-10T18:18:50.519910,21.2,61.3,0
2025-12-10T18:18:52.774205,21.2,61.3,0
2025-12-10T18:18:55.028764,21.2,61.3,0
2025-12-10T18:18:57.282892,21.2,61.3,0
2025-12-10T18:18:59.537343,21.2,61.3,0
2025-12-10T18:19:01.791735,21.2,61.3,0
2025-12-10T18:19:04.046286,21.2,61.3,0
2025-12-10T18:19:06.300690,21.2,61.3,1
2025-12-10T18:19:08.555282,21.2,61.3,0
2025-12-10T18:19:10.809748,21.2,61.3,0
2025-12-10T18:19:13.063755,21.2,61.3,0
2025-12-10T18:19:15.317822,21.2,61.3,0
2025-12-10T18:19:17.571945,21.2,61.3,1
2025-12-10T18:19:19.826641,21.2,61.3,0
2025-12-10T18:19:22.080954,21.2,61.3,0
2025-12-10T18:19:24.335677,21.2,61.3,0
2025-12-10T18:19:26.590042,21.2,61.3,0
2025-12-10T18:19:28.844544,21.2,61.3,1
2025-12-10T18:19:31.098783,21.2,61.3,0
2025-12-10T18:19:33.352922,21.2,61.3,1
2025-12-10T18:19:35.607008,21.2,61.3,0
2025-12-10T18:19:37.861569,21.2,61.3,0
2025-12-10T18:19:40.116263,21.2,61.3,0
2025-12-10T18:19:42.370637,21.2,61.3,0
2025-12-10T18:19:44.624952,21.2,61.3,0
2025-12-10T18:19:46.879076,21.2,61.3,0
2025-12-10T18:19:49.133096,21.2,61.3,0
2025-12-10T18:19:51.387487,21.2,61.3,0
2025-12-10T18:19:53.641630,21.2,61.3,1
2025-12-10T18:19:55.896176,21.2,61.4,0
2025-12-10T18:19:58.150757,21.2,61.3,1
2025-12-10T18:20:00.405139,21.2,61.3,0
2025-12-10T18:20:02.659186,21.2,61.3,0
2025-12-10T18:20:04.913504,21.2,61.3,0
2025-12-10T18:20:07.168148,21.2,61.3,0
2025-12-10T18:20:09.422301,21.2,61.3,1
2025-12-10T18:20:11.676525,21.2,61.3,0
2025-12-10T18:20:13.930637,21.2,61.4,1
2025-12-10T18:20:16.184620,21.2,61.3,0
2025-12-10T18:20:18.439299,21.2,61.3,0
2025-12-10T18:20:20.693465,21.2,61.3,0
2025-12-10T18:20:22.947914,21.2,61.3,0
2025-12-10T18:20:25.202085,21.2,61.3,0
2025-12-10T18:20:27.456114,21.2,61.3,1
2025-12-10T18:20:29.710126,21.2,61.3,0
2025-12-10T18:20:31.964396,21.2,61.3,1
2025-12-10T18:20:34.219053,21.2,61.3,0
2025-12-10T18:20:36.473173,21.2,61.3,1
2025-12-10T18:20:38.727844,21.2,61.3,0
2025-12-10T18:20:40.981997,21.2,61.3,0
2025-12-10T18:20:43.236406,21.2,61.3,0
2025-12-10T18:20:45.490927,21.2,61.3,0
2025-12-10T18:20:47.745488,21.2,61.3,1
2025-12-10T18:20:49.999967,21.2,61.3,0
2025-12-10T18:20:52.254405,21.2,61.3,0
2025-12-10T18:20:54.508362,21.2,61.3,0
2025-12-10T18:20:56.762920,21.2,61.3,0
2025-12-10T18:20:59.017689,21.2,61.4,0
2025-12-10T18:21:01.274343,21.2,61.3,1
2025-12-10T18:21:03.528388,21.2,61.3,0
2025-12-10T18:21:05.782827,21.2,61.3,0
2025-12-10T18:21:08.036857,21.2,61.3,0
2025-12-10T18:21:10.290927,21.2,61.3,0
2025-12-10T18:21:12.545030,21.2,61.4,1
2025-12-10T18:21:14.799249,21.2,61.3,0
2025-12-10T18:21:17.053529,21.2,61.4,0
2025-12-10T18:21:19.308368,21.2,61.3,0
2025-12-10T18:21:21.562878,21.2,61.4,0
2025-12-10T18:21:23.817006,21.2,61.4,1
2025-12-10T18:21:26.071223,21.2,61.4,0
2025-12-10T18:21:28.325226,21.2,61.4,0
2025-12-10T18:21:30.579800,21.2,61.4,0
2025-12-10T18:21:32.834277,21.2,61.4,0
2025-12-10T18:21:35.088783,21.2,61.4,0
2025-12-10T18:21:37.343240,21.2,61.4,0
2025-12-10T18:21:39.597577,21.2,61.4,0
2025-12-10T18:21:41.852317,21.2,61.4,0
2025-12-10T18:21:44.106813,21.2,61.4,1
2025-12-10T18:21:46.361378,21.2,61.4,0
2025-12-10T18:21:48.615984,21.2,61.4,0
2025-12-10T18:21:50.870076,21.2,61.3,1
2025-12-10T18:21:53.124320,21.2,61.4,0
2025-12-10T18:21:55.378653,21.2,61.3,1
2025-12-10T18:21:57.633019,21.2,61.3,0
2025-12-10T18:21:59.887249,21.2,61.3,0
2025-12-10T18:22:02.141688,21.2,61.4,0
2025-12-10T18:22:04.396220,21.2,61.4,0
2025-12-10T18:22:06.650972,21.2,61.4,1
2025-12-10T18:22:08.905413,21.2,61.4,0
2025-12-10T18:22:11.159863,21.2,61.3,1
2025-12-10T18:22:13.414277,21.2,61.4,0
2025-12-10T18:22:15.668473,21.2,61.4,0
2025-12-10T18:22:17.922977,21.2,61.4,0
2025-12-10T18:22:20.177136,21.2,61.3,0
2025-12-10T18:22:22.431681,21.2,61.4,0
2025-12-10T18:22:24.686050,21.2,61.4,0
2025-12-10T18:22:26.940803,21.2,61.4,0
2025-12-10T18:22:29.195292,21.2,61.3,0
2025-12-10T18:22:31.449453,21.2,61.4,0
2025-12-10T18:22:33.704249,21.2,61.4,0
2025-12-10T18:22:35.958391,21.2,61.4,0
2025-12-10T18:22:38.212896,21.2,61.4,0
2025-12-10T18:22:40.467606,21.2,61.4,1
2025-12-10T18:22:42.721577,21.2,61.4,0
2025-12-10T18:22:44.976222,21.2,61.4,0
2025-12-10T18:22:47.230785,21.2,61.3,1
2025-12-10T18:22:49.485120,21.2,61.4,0
2025-12-10T18:22:51.739731,21.2,61.4,0
2025-12-10T18:22:53.994443,21.2,61.4,0
2025-12-10T18:22:56.248845,21.2,61.4,0
2025-12-10T18:22:58.502979,21.2,61.4,0
2025-12-10T18:23:00.757315,21.2,61.4,0
2025-12-10T18:23:03.012039,21.2,61.4,0
2025-12-10T18:23:05.266120,21.2,61.4,0
2025-12-10T18:23:07.520767,21.2,61.4,0
2025-12-10T18:23:09.777097,21.2,61.4,0
2025-12-10T18:23:12.031652,21.2,61.3,0
2025-12-10T18:23:14.285804,21.2,61.4,0
2025-12-10T18:23:16.539839,21.2,61.4,0
2025-12-10T18:23:18.794248,21.2,61.4,0
2025-12-10T18:23:21.048774,21.2,61.4,0
2025-12-10T18:23:23.303216,21.2,61.4,0
2025-12-10T18:23:25.557383,21.2,61.4,0
2025-12-10T18:23:27.812326,21.2,61.4,0
2025-12-10T18:23:30.066457,21.2,61.4,0
2025-12-10T18:23:32.320656,21.2,61.4,0
2025-12-10T18:23:34.575334,21.2,61.4,0
2025-12-10T18:23:36.829760,21.2,61.4,0
2025-12-10T18:23:39.083712,21.2,61.4,0
2025-12-10T18:23:41.337820,21.2,61.4,0
2025-12-10T18:23:43.592335,21.2,61.4,0
2025-12-10T18:23:45.846403,21.2,61.4,0
2025-12-10T18:23:48.101086,21.2,61.4,0
2025-12-10T18:23:50.355651,21.2,61.4,0
2025-12-10T18:23:52.610100,21.2,61.4,0
2025-12-10T18:23:54.864713,21.2,61.4,0
2025-12-10T18:23:57.118703,21.2,61.4,0
2025-12-10T18:23:59.372919,21.2,61.4,0
2025-12-10T18:24:01.627128,21.2,61.4,0
2025-12-10T18:24:03.881160,21.2,61.4,0
2025-12-10T18:24:06.135589,21.2,61.4,0
2025-12-10T18:24:08.389741,21.2,61.4,0
2025-12-10T18:24:10.644321,21.2,61.4,0
2025-12-10T18:24:12.898273,21.2,61.4,0
2025-12-10T18:24:15.152432,21.2,61.4,0
2025-12-10T18:24:17.406796,21.2,61.4,0
2025-12-10T18:24:19.661244,21.2,61.4,0
2025-12-10T18:24:21.915983,21.2,61.4,0
2025-12-10T18:24:24.170381,21.2,61.4,0
2025-12-10T18:24:26.424312,21.2,61.4,0
2025-12-10T18:24:28.678505,21.2,61.3,0
2025-12-10T18:24:30.932605,21.2,61.3,0
2025-12-10T18:24:33.186556,21.2,61.3,0
2025-12-10T18:24:35.440656,21.2,61.3,0
2025-12-10T18:24:37.695129,21.2,61.3,0
2025-12-10T18:24:39.949169,21.2,61.3,0
2025-12-10T18:24:42.203932,21.2,61.2,0
2025-12-10T18:24:44.458217,21.2,61.3,0
2025-12-10T18:24:46.712140,21.2,61.2,0
2025-12-10T18:24:48.966608,21.2,61.2,0
2025-12-10T18:24:51.220596,21.2,61.2,0
2025-12-10T18:24:53.474870,21.2,61.2,0
2025-12-10T18:24:55.729231,21.2,61.2,0
2025-12-10T18:24:57.983322,21.2,61.2,0
2025-12-10T18:25:00.237289,21.2,61.3,0
2025-12-10T18:25:02.491971,21.2,61.3,0
2025-12-10T18:25:04.746090,21.2,61.3,0
2025-12-10T18:25:07.000338,21.2,61.3,0
2025-12-10T18:25:09.254832,21.2,61.3,0
2025-12-10T18:25:11.508965,21.2,61.3,0
2025-12-10T18:25:13.763449,21.2,61.3,0
2025-12-10T18:25:16.017582,21.2,61.3,0
2025-12-10T18:25:18.272164,21.2,61.3,0
2025-12-10T18:25:20.526609,21.2,61.3,0
2025-12-10T18:25:22.780786,21.2,61.3,0
2025-12-10T18:25:25.034935,21.2,61.3,0
2025-12-10T18:25:27.289009,21.2,61.3,1
2025-12-10T18:25:29.543152,21.2,61.3,0
2025-12-10T18:25:31.797765,21.2,61.3,0
2025-12-10T18:25:34.052294,21.2,61.3,0
2025-12-10T18:25:36.306991,21.2,61.3,0
2025-12-10T18:25:38.563183,21.2,61.3,0
2025-12-10T18:25:40.817717,21.2,61.3,0
2025-12-10T18:25:43.072073,21.2,61.3,0
2025-12-10T18:25:45.326490,21.2,61.3,1
2025-12-10T18:25:47.580329,21.2,61.3,0
2025-12-10T18:25:49.835079,21.2,61.3,0
2025-12-10T18:25:52.089499,21.2,61.3,0
2025-12-10T18:25:54.344144,21.2,61.3,0
2025-12-10T18:25:56.598722,21.2,61.3,0
2025-12-10T18:25:58.853391,21.2,61.3,0
2025-12-10T18:26:01.107956,21.2,61.3,0
2025-12-10T18:26:03.362287,21.2,61.3,0
2025-12-10T18:26:05.616597,21.2,61.3,0
2025-12-10T18:26:07.870652,21.2,61.3,0
2025-12-10T18:26:10.124761,21.2,61.3,0
2025-12-10T18:26:12.379144,21.2,61.3,0
2025-12-10T18:26:14.633094,21.2,61.3,0
2025-12-10T18:26:16.887790,21.2,61.3,0
2025-12-10T18:26:19.142156,21.2,61.3,1
2025-12-10T18:26:21.396655,21.2,61.3,0
2025-12-10T18:26:23.651493,21.2,61.3,0
2025-12-10T18:26:25.905638,21.2,61.3,1
2025-12-10T18:26:28.159565,21.2,61.3,0
2025-12-10T18:26:30.413747,21.2,61.3,1
2025-12-10T18:26:32.668474,21.2,61.3,0
2025-12-10T18:26:34.922689,21.2,61.3,0
2025-12-10T18:26:37.176855,21.2,61.3,0
2025-12-10T18:26:39.431538,21.2,61.3,0
2025-12-10T18:26:41.685729,21.2,61.3,1
2025-12-10T18:26:43.940331,21.2,61.2,0
2025-12-10T18:26:46.194974,21.2,61.2,0
2025-12-10T18:26:48.449560,21.2,61.1,0
2025-12-10T18:26:50.704356,21.2,61.1,0
2025-12-10T18:26:52.958479,21.2,61.1,0
2025-12-10T18:26:55.212904,21.2,61.1,0
2025-12-10T18:26:57.467594,21.2,61.1,0
2025-12-10T18:26:59.722155,21.2,61.2,0
2025-12-10T18:27:01.976738,21.2,61.2,0
2025-12-10T18:27:04.231306,21.2,61.2,0
2025-12-10T18:27:06.485681,21.2,61.3,0
2025-12-10T18:27:08.740155,21.2,61.3,1
2025-12-10T18:27:10.994715,21.2,61.3,0
2025-12-10T18:27:13.248727,21.2,61.4,0
2025-12-10T18:27:15.503188,21.2,61.4,1
2025-12-10T18:27:17.757517,21.2,61.4,0
2025-12-10T18:27:20.012242,21.2,61.4,0
2025-12-10T18:27:22.266750,21.2,61.4,0
2025-12-10T18:27:24.521172,21.2,61.5,0
2025-12-10T18:27:26.775541,21.2,61.5,0
2025-12-10T18:27:29.034093,21.2,61.5,0
2025-12-10T18:27:31.288310,21.2,61.4,0
2025-12-10T18:27:33.542835,21.2,61.5,0
2025-12-10T18:27:35.796902,21.2,61.5,1
2025-12-10T18:27:38.051556,21.2,61.4,0
2025-12-10T18:27:40.305835,21.2,61.4,0
2025-12-10T18:27:42.560414,21.2,61.4,0
2025-12-10T18:27:44.815176,21.2,61.4,0
2025-12-10T18:27:47.069775,21.2,61.4,0
2025-12-10T18:27:49.323780,21.2,61.4,0
2025-12-10T18:27:51.578410,21.2,61.4,0
2025-12-10T18:27:53.832756,21.2,61.4,0
2025-12-10T18:27:56.087311,21.2,61.4,0
2025-12-10T18:27:58.341905,21.2,61.4,0
2025-12-10T18:28:00.596330,21.2,61.4,0
2025-12-10T18:28:02.850510,21.2,61.4,0
2025-12-10T18:28:05.105081,21.2,61.4,1
2025-12-10T18:28:07.359714,21.2,61.4,0
2025-12-10T18:28:09.614072,21.2,61.4,1
2025-12-10T18:28:11.868445,21.2,61.4,0
2025-12-10T18:28:14.122514,21.2,61.4,0
2025-12-10T18:28:16.376487,21.2,61.4,0
2025-12-10T18:28:18.630754,21.2,61.4,0
2025-12-10T18:28:20.885141,21.2,61.4,0
2025-12-10T18:28:23.139469,21.2,61.4,0
2025-12-10T18:28:25.393819,21.2,61.4,1
2025-12-10T18:28:27.648407,21.2,61.4,0
2025-12-10T18:28:29.902968,21.2,61.4,0
2025-12-10T18:28:32.157102,21.2,61.4,0
2025-12-10T18:28:34.411745,21.2,61.4,0
2025-12-10T18:28:36.666240,21.2,61.4,0
2025-12-10T18:28:38.920904,21.2,61.4,0
2025-12-10T18:28:41.175526,21.2,61.4,0
2025-12-10T18:28:43.429644,21.2,61.4,0
2025-12-10T18:28:45.683914,21.2,61.4,0
2025-12-10T18:28:47.938414,21.2,61.4,0
2025-12-10T18:28:50.192896,21.2,61.4,0
2025-12-10T18:28:52.447469,21.2,61.4,1
2025-12-10T18:28:54.701661,21.2,61.4,0
2025-12-10T18:28:56.956320,21.2,61.4,0
2025-12-10T18:28:59.210468,21.2,61.4,0
2025-12-10T18:29:01.464642,21.2,61.4,0
2025-12-10T18:29:03.719181,21.2,61.4,1
2025-12-10T18:29:05.973800,21.2,61.4,0
2025-12-10T18:29:08.228468,21.2,61.4,0
2025-12-10T18:29:10.483014,21.2,61.4,0
2025-12-10T18:29:12.737235,21.2,61.4,0
2025-12-10T18:29:14.991951,21.2,61.4,0
2025-12-10T18:29:17.246071,21.2,61.4,0
2025-12-10T18:29:19.500659,21.2,61.4,1
2025-12-10T18:29:21.755289,21.2,61.4,0
2025-12-10T18:29:24.009899,21.2,61.4,0
2025-12-10T18:29:26.264529,21.2,61.4,0
2025-12-10T18:29:28.519070,21.2,61.4,0
2025-12-10T18:29:30.773590,21.2,61.4,0
2025-12-10T18:29:33.028449,21.2,61.4,1
2025-12-10T18:29:35.282952,21.2,61.4,0
2025-12-10T18:29:37.537328,21.2,61.4,0
2025-12-10T18:29:39.792164,21.2,61.4,0
2025-12-10T18:29:42.046693,21.2,61.4,0
2025-12-10T18:29:44.301205,21.2,61.4,0
2025-12-10T18:29:46.555970,21.2,61.4,0
2025-12-10T18:29:48.810695,21.2,61.4,0
2025-12-10T18:29:51.065172,21.2,61.4,0
2025-12-10T18:29:53.319565,21.2,61.4,0
2025-12-10T18:29:55.575889,21.2,61.4,1
2025-12-10T18:29:57.830322,21.2,61.3,0
2025-12-10T18:30:00.084738,21.2,61.3,1
2025-12-10T18:30:02.339207,21.2,61.3,0
2025-12-10T18:30:04.593321,21.2,61.3,0
2025-12-10T18:30:06.847998,21.2,61.3,0
2025-12-10T18:30:09.102329,21.2,61.3,1
2025-12-10T18:30:11.356758,21.2,61.3,0
2025-12-10T18:30:13.611213,21.2,61.3,1
2025-12-10T18:30:15.865693,21.2,61.3,0
2025-12-10T18:30:18.120298,21.2,61.3,0
2025-12-10T18:30:20.374774,21.2,61.3,0
2025-12-10T18:30:22.629213,21.2,61.3,0
2025-12-10T18:30:24.883730,21.2,61.3,0
2025-12-10T18:30:27.138418,21.2,61.3,0
2025-12-10T18:30:29.392846,21.2,61.3,0
2025-12-10T18:30:31.647319,21.2,61.3,0
2025-12-10T18:30:33.902037,21.2,61.4,0
2025-12-10T18:30:36.156364,21.2,61.4,0
2025-12-10T18:30:38.410469,21.2,61.4,0
2025-12-10T18:30:40.664779,21.2,61.4,1
2025-12-10T18:30:42.919345,21.2,61.4,0
2025-12-10T18:30:45.173775,21.2,61.4,0
2025-12-10T18:30:47.428532,21.2,61.4,0
2025-12-10T18:30:49.682971,21.2,61.4,0
2025-12-10T18:30:51.937485,21.2,61.4,1
2025-12-10T18:30:54.192183,21.2,61.4,0
2025-12-10T18:30:56.446562,21.2,61.4,0
2025-12-10T18:30:58.700746,21.2,61.4,0
2025-12-10T18:31:00.955362,21.2,61.4,0
2025-12-10T18:31:03.209478,21.2,61.4,0
2025-12-10T18:31:05.463382,21.2,61.4,0
2025-12-10T18:31:07.717544,21.2,61.4,1
2025-12-10T18:31:09.971704,21.2,61.4,0
2025-12-10T18:31:12.225758,21.2,61.4,0
2025-12-10T18:31:14.480461,21.2,61.4,1
2025-12-10T18:31:16.734860,21.2,61.4,0
2025-12-10T18:31:18.989433,21.2,61.4,1
2025-12-10T18:31:21.244282,21.2,61.5,0
2025-12-10T18:31:23.498844,21.2,61.5,0
2025-12-10T18:31:25.752937,21.2,61.5,1
2025-12-10T18:31:28.007219,21.2,61.5,0
2025-12-10T18:31:30.261667,21.2,61.5,0
2025-12-10T18:31:32.516128,21.2,61.5,1
2025-12-10T18:31:34.770552,21.2,61.5,0
2025-12-10T18:31:37.025110,21.2,61.5,1
2025-12-10T18:31:39.279132,21.2,61.5,0
2025-12-10T18:31:41.533460,21.2,61.5,0
2025-12-10T18:31:43.787806,21.2,61.5,0
2025-12-10T18:31:46.042266,21.2,61.5,0
2025-12-10T18:31:48.296793,21.2,61.5,0
2025-12-10T18:31:50.551011,21.2,61.4,0
2025-12-10T18:31:52.804988,21.2,61.4,1
2025-12-10T18:31:55.059468,21.2,61.4,0
2025-12-10T18:31:57.313591,21.2,61.4,0
2025-12-10T18:31:59.568096,21.2,61.4,0
2025-12-10T18:32:01.822688,21.2,61.4,0
2025-12-10T18:32:04.076719,21.2,61.4,1
2025-12-10T18:32:06.330610,21.2,61.4,0
2025-12-10T18:32:08.584715,21.2,61.5,1
2025-12-10T18:32:10.839292,21.3,61.5,0
2025-12-10T18:32:13.093479,21.2,61.5,1
2025-12-10T18:32:15.348166,21.2,61.5,0
2025-12-10T18:32:17.602473,21.2,61.5,0
2025-12-10T18:32:19.857018,21.2,61.5,0
2025-12-10T18:32:22.111132,21.2,61.5,0
2025-12-10T18:32:24.365464,21.2,61.5,1
2025-12-10T18:32:26.620004,21.3,61.5,0
2025-12-10T18:32:28.874544,21.2,61.5,1
2025-12-10T18:32:31.129147,21.2,61.5,0
2025-12-10T18:32:33.383595,21.2,61.5,0
2025-12-10T18:32:35.637931,21.2,61.5,1
2025-12-10T18:32:37.892188,21.2,61.5,0
2025-12-10T18:32:40.146691,21.2,61.6,1
2025-12-10T18:32:42.401355,21.2,61.6,0
2025-12-10T18:32:44.655975,21.2,61.6,0
2025-12-10T18:32:46.910399,21.2,61.6,0
2025-12-10T18:32:49.164866,21.2,61.6,0
2025-12-10T18:32:51.419390,21.2,61.5,1
2025-12-10T18:32:53.673719,21.2,61.6,0
2025-12-10T18:32:55.928502,21.2,61.5,1
2025-12-10T18:32:58.183005,21.2,61.6,0
2025-12-10T18:33:00.437026,21.2,61.5,1
2025-12-10T18:33:02.691248,21.2,61.5,0
2025-12-10T18:33:04.945474,21.2,61.5,0
2025-12-10T18:33:07.199949,21.2,61.5,0
2025-12-10T18:33:09.454389,21.2,61.5,0
2025-12-10T18:33:11.708349,21.2,61.5,0
2025-12-10T18:33:13.962461,21.2,61.5,0
2025-12-10T18:33:16.216714,21.2,61.5,1
2025-12-10T18:33:18.471266,21.2,61.5,0
2025-12-10T18:33:20.725265,21.2,61.5,1
2025-12-10T18:33:22.979592,21.2,61.5,0
2025-12-10T18:33:25.233791,21.2,61.5,0
2025-12-10T18:33:27.488356,21.2,61.5,0
2025-12-10T18:33:29.743079,21.2,61.5,0
2025-12-10T18:33:31.997564,21.2,61.5,1
2025-12-10T18:33:34.252175,21.2,61.5,0
2025-12-10T18:33:36.506801,21.2,61.5,0
2025-12-10T18:33:38.761235,21.2,61.5,0
2025-12-10T18:33:41.015315,21.2,61.5,0
2025-12-10T18:33:43.269578,21.2,61.5,1
2025-12-10T18:33:45.524266,21.2,61.5,0
2025-12-10T18:33:47.778679,21.2,61.4,1
2025-12-10T18:33:50.033412,21.2,61.4,0
2025-12-10T18:33:52.288006,21.2,61.4,0
2025-12-10T18:33:54.542437,21.2,61.4,0
2025-12-10T18:33:56.796690,21.2,61.4,0
2025-12-10T18:33:59.051417,21.2,61.4,1
2025-12-10T18:34:01.305929,21.3,61.5,0
2025-12-10T18:34:03.560258,21.2,61.4,1
2025-12-10T18:34:05.814868,21.2,61.4,0
2025-12-10T18:34:08.069223,21.2,61.4,0
2025-12-10T18:34:10.323439,21.2,61.4,1
2025-12-10T18:34:12.577780,21.2,61.4,0
2025-12-10T18:34:14.831856,21.2,61.4,1
2025-12-10T18:34:17.086142,21.2,61.4,0
2025-12-10T18:34:19.340764,21.2,61.5,0
2025-12-10T18:34:21.595355,21.2,61.5,0
2025-12-10T18:34:23.850149,21.2,61.4,0
2025-12-10T18:34:26.104598,21.2,61.5,1
2025-12-10T18:34:28.358702,21.2,61.4,0
2025-12-10T18:34:30.613025,21.2,61.5,0
2025-12-10T18:34:32.867442,21.2,61.5,0
2025-12-10T18:34:35.121957,21.2,61.5,0
2025-12-10T18:34:37.376497,21.2,61.5,0
2025-12-10T18:34:39.631063,21.2,61.5,0
2025-12-10T18:34:41.885637,21.2,61.5,1
2025-12-10T18:34:44.140474,21.2,61.5,0
2025-12-10T18:34:46.395078,21.2,61.5,0
2025-12-10T18:34:48.649560,21.2,61.5,1
2025-12-10T18:34:50.904339,21.3,61.6,0
2025-12-10T18:34:53.160631,21.2,61.5,1
2025-12-10T18:34:55.414610,21.3,61.5,0
2025-12-10T18:34:57.668804,21.3,61.6,0
2025-12-10T18:34:59.923282,21.2,61.5,0
2025-12-10T18:35:02.177710,21.3,61.5,0
2025-12-10T18:35:04.432555,21.3,61.5,0
2025-12-10T18:35:06.686959,21.2,61.5,0
2025-12-10T18:35:08.941197,21.2,61.5,1
2025-12-10T18:35:11.195907,21.2,61.4,0
2025-12-10T18:35:13.450436,21.2,61.5,0
2025-12-10T18:35:15.704820,21.2,61.4,0
2025-12-10T18:35:17.959643,21.3,61.5,0
2025-12-10T18:35:20.214065,21.3,61.5,1
2025-12-10T18:35:22.468052,21.2,61.4,0
2025-12-10T18:35:24.722369,21.2,61.4,1
2025-12-10T18:35:26.977027,21.3,61.5,0
2025-12-10T18:35:29.231603,21.2,61.5,0
2025-12-10T18:35:31.486270,21.2,61.5,0
2025-12-10T18:35:33.740631,21.2,61.5,0
2025-12-10T18:35:35.995293,21.3,61.5,1
2025-12-10T18:35:38.249838,21.3,61.5,0
2025-12-10T18:35:40.504483,21.3,61.5,0
2025-12-10T18:35:42.759000,21.2,61.4,0
2025-12-10T18:35:45.013690,21.2,61.4,0
2025-12-10T18:35:47.268293,21.3,61.5,0
2025-12-10T18:35:49.522897,21.2,61.4,0
2025-12-10T18:35:51.777414,21.2,61.4,0
2025-12-10T18:35:54.032103,21.3,61.5,0
2025-12-10T18:35:56.286616,21.2,61.4,0
2025-12-10T18:35:58.541386,21.2,61.4,0
2025-12-10T18:36:00.795922,21.3,61.5,0
2025-12-10T18:36:03.050493,21.3,61.4,1
2025-12-10T18:36:05.304790,21.2,61.3,0
2025-12-10T18:36:07.558744,21.3,61.4,0
2025-12-10T18:36:09.813414,21.3,61.3,1
2025-12-10T18:36:12.068296,21.3,61.3,0
2025-12-10T18:36:14.322731,21.2,61.3,1
2025-12-10T18:36:16.577305,21.3,61.3,0
2025-12-10T18:36:18.831899,21.2,61.3,0
2025-12-10T18:36:21.088396,21.3,61.3,1
2025-12-10T18:36:23.342467,21.3,61.3,0
2025-12-10T18:36:25.597092,21.2,61.3,1
2025-12-10T18:36:27.851809,21.3,61.4,0
2025-12-10T18:36:30.106276,21.2,61.3,0
2025-12-10T18:36:32.361022,21.3,61.3,0
2025-12-10T18:36:34.615120,21.2,61.3,0
2025-12-10T18:36:36.869335,21.2,61.3,0
2025-12-10T18:36:39.124028,21.2,61.3,0
2025-12-10T18:36:41.378657,21.2,61.3,0
2025-12-10T18:36:43.632918,21.3,61.4,0
2025-12-10T18:36:45.887759,21.3,61.3,0
2025-12-10T18:36:48.141800,21.3,61.3,1
2025-12-10T18:36:50.395797,21.3,61.3,0
2025-12-10T18:36:52.650032,21.3,61.3,1
2025-12-10T18:36:54.904474,21.2,61.3,0
2025-12-10T18:36:57.158944,21.3,61.3,0
2025-12-10T18:36:59.413573,21.3,61.3,0
2025-12-10T18:37:01.668147,21.3,61.4,0
2025-12-10T18:37:03.922573,21.3,61.4,1
2025-12-10T18:37:06.176915,21.3,61.4,0
2025-12-10T18:37:08.431466,21.3,61.4,1
2025-12-10T18:37:10.685867,21.3,61.4,0
2025-12-10T18:37:12.940689,21.2,61.4,0
2025-12-10T18:37:15.195067,21.3,61.5,0
2025-12-10T18:37:17.448985,21.2,61.4,0
2025-12-10T18:37:19.703709,21.3,61.5,0
2025-12-10T18:37:21.958071,21.2,61.5,0
2025-12-10T18:37:24.212166,21.2,61.5,1
2025-12-10T18:37:26.466793,21.2,61.5,0
2025-12-10T18:37:28.721010,21.3,61.5,0
2025-12-10T18:37:30.975554,21.2,61.5,1
2025-12-10T18:37:33.230117,21.3,61.5,0
2025-12-10T18:37:35.484332,21.2,61.4,0
2025-12-10T18:37:37.738850,21.2,61.4,0
2025-12-10T18:37:39.993392,21.3,61.5,0
2025-12-10T18:37:42.247972,21.2,61.4,1
2025-12-10T18:37:44.502504,21.3,61.5,0
2025-12-10T18:37:46.757064,21.3,61.5,1
2025-12-10T18:37:49.011657,21.2,61.4,0
2025-12-10T18:37:51.266223,21.3,61.5,0
2025-12-10T18:37:53.520679,21.2,61.4,1
2025-12-10T18:37:55.775094,21.3,61.5,0
2025-12-10T18:37:58.029497,21.3,61.5,1
2025-12-10T18:38:00.283582,21.3,61.5,0
2025-12-10T18:38:02.538043,21.3,61.5,0
2025-12-10T18:38:04.792593,21.3,61.5,0
2025-12-10T18:38:07.047304,21.3,61.5,0
2025-12-10T18:38:09.301364,21.3,61.4,0
2025-12-10T18:38:11.555934,21.3,61.5,0
2025-12-10T18:38:13.810676,21.3,61.5,0
2025-12-10T18:38:16.065182,21.3,61.4,1
2025-12-10T18:38:18.319758,21.3,61.4,0
2025-12-10T18:38:20.574294,21.3,61.5,1
2025-12-10T18:38:22.831107,21.3,61.5,0
2025-12-10T18:38:25.085589,21.3,61.5,0
2025-12-10T18:38:27.339720,21.3,61.4,0
2025-12-10T18:38:29.596250,21.3,61.4,0
2025-12-10T18:38:31.850841,21.3,61.5,0
2025-12-10T18:38:34.105258,21.3,61.4,0
2025-12-10T18:38:36.359815,21.3,61.5,0
2025-12-10T18:38:38.614170,21.3,61.5,0
2025-12-10T18:38:40.868973,21.3,61.4,0
2025-12-10T18:38:43.123448,21.3,61.4,0
2025-12-10T18:38:45.377857,21.3,61.5,0
2025-12-10T18:38:47.632600,21.3,61.4,0
2025-12-10T18:38:49.886842,21.3,61.5,0
2025-12-10T18:38:52.141132,21.3,61.4,0
2025-12-10T18:38:54.395797,21.3,61.4,0
2025-12-10T18:38:56.649960,21.3,61.4,0
2025-12-10T18:38:58.904403,21.3,61.4,0
2025-12-10T18:39:01.159075,21.3,61.4,0
2025-12-10T18:39:03.413437,21.3,61.5,0
2025-12-10T18:39:05.667956,21.3,61.4,0
2025-12-10T18:39:07.922639,21.2,61.4,0
2025-12-10T18:39:10.178890,21.3,61.4,0
2025-12-10T18:39:12.433259,21.3,61.4,0
2025-12-10T18:39:14.687929,21.3,61.4,0
2025-12-10T18:39:16.942584,21.3,61.4,0
2025-12-10T18:39:19.197113,21.3,61.4,0
2025-12-10T18:39:21.451854,21.3,61.4,0
2025-12-10T18:39:23.706455,21.3,61.4,0
2025-12-10T18:39:25.961028,21.3,61.4,0
2025-12-10T18:39:28.215620,21.3,61.4,0
2025-12-10T18:39:30.470064,21.3,61.4,0
2025-12-10T18:39:32.724581,21.3,61.4,0
2025-12-10T18:39:34.979410,21.3,61.4,0
2025-12-10T18:39:37.233837,21.3,61.4,0
2025-12-10T18:39:39.488406,21.3,61.4,0
2025-12-10T18:39:41.742531,21.2,61.3,0
2025-12-10T18:39:43.997115,21.3,61.4,0
2025-12-10T18:39:46.251209,21.3,61.4,0
2025-12-10T18:39:48.505362,21.3,61.4,0
2025-12-10T18:39:50.759851,21.3,61.4,0
2025-12-10T18:39:53.014274,21.3,61.4,0
2025-12-10T18:39:55.268938,21.3,61.4,0
2025-12-10T18:39:57.523471,21.3,61.4,0
2025-12-10T18:39:59.777759,21.3,61.4,0
2025-12-10T18:40:02.032543,21.3,61.4,0
2025-12-10T18:40:04.286606,21.3,61.4,0
2025-12-10T18:40:06.540698,21.3,61.4,0
2025-12-10T18:40:08.795155,21.3,61.4,0
2025-12-10T18:40:11.049723,21.3,61.4,0
2025-12-10T18:40:13.304184,21.3,61.4,0
2025-12-10T18:40:15.558810,21.3,61.4,0
2025-12-10T18:40:17.813053,21.3,61.4,0
2025-12-10T18:40:20.067630,21.2,61.4,0
2025-12-10T18:40:22.322200,21.3,61.4,0
2025-12-10T18:40:24.576609,21.3,61.4,0
2025-12-10T18:40:26.831165,21.3,61.4,0
2025-12-10T18:40:29.085282,21.3,61.4,0
2025-12-10T18:40:31.339324,21.3,61.4,0
2025-12-10T18:40:33.593514,21.3,61.5,0
2025-12-10T18:40:35.847793,21.3,61.5,0
2025-12-10T18:40:38.102025,21.3,61.4,0
2025-12-10T18:40:40.356466,21.3,61.5,0
2025-12-10T18:40:42.611171,21.3,61.4,0
2025-12-10T18:40:44.865611,21.3,61.5,0
2025-12-10T18:40:47.120189,21.3,61.5,0
2025-12-10T18:40:49.374900,21.2,61.4,0
2025-12-10T18:40:51.631614,21.3,61.5,0
2025-12-10T18:40:53.886160,21.3,61.4,0
2025-12-10T18:40:56.140795,21.3,61.4,0
2025-12-10T18:40:58.398570,21.3,61.4,0
2025-12-10T18:41:00.652646,21.2,61.3,0
2025-12-10T18:41:02.906952,21.3,61.4,0
2025-12-10T18:41:05.161399,21.3,61.4,0
2025-12-10T18:41:07.415998,21.3,61.4,0
2025-12-10T18:41:09.670696,21.3,61.4,0
2025-12-10T18:41:11.925158,21.3,61.4,0
2025-12-10T18:41:14.179631,21.2,61.3,0
2025-12-10T18:41:16.433707,21.3,61.3,0
2025-12-10T18:41:18.687940,21.3,61.3,0
2025-12-10T18:41:20.942287,21.3,61.3,0
2025-12-10T18:41:23.196977,21.3,61.3,0
2025-12-10T18:41:25.451611,21.3,61.3,0
2025-12-10T18:41:27.706131,21.3,61.3,0
2025-12-10T18:41:29.960621,21.3,61.3,0
2025-12-10T18:41:32.216892,21.3,61.3,0
2025-12-10T18:41:34.471431,21.3,61.3,0
2025-12-10T18:41:36.726045,21.3,61.3,0
2025-12-10T18:41:38.980166,21.3,61.3,0
2025-12-10T18:41:41.234156,21.3,61.3,0
2025-12-10T18:41:43.488689,21.3,61.3,0
2025-12-10T18:41:45.743215,21.3,61.3,0
2025-12-10T18:41:47.997812,21.3,61.2,0
2025-12-10T18:41:50.252626,21.3,61.3,0
2025-12-10T18:41:52.508802,21.3,61.3,0
2025-12-10T18:41:54.763370,21.3,61.3,0
2025-12-10T18:41:57.017611,21.3,61.3,0
2025-12-10T18:41:59.272225,21.3,61.3,0
2025-12-10T18:42:01.526752,21.3,61.3,0
2025-12-10T18:42:03.781445,21.3,61.3,0
2025-12-10T18:42:06.036258,21.3,61.3,0
2025-12-10T18:42:08.290769,21.3,61.3,0
2025-12-10T18:42:10.545425,21.3,61.3,0
2025-12-10T18:42:12.799871,21.3,61.3,0
2025-12-10T18:42:15.054028,21.3,61.3,0
2025-12-10T18:42:17.308243,21.3,61.3,0
2025-12-10T18:42:19.562648,21.3,61.3,0
2025-12-10T18:42:21.817143,21.3,61.3,0
2025-12-10T18:42:24.071959,21.3,61.4,0
2025-12-10T18:42:26.328654,21.3,61.4,0
2025-12-10T18:42:28.582781,21.3,61.4,0
2025-12-10T18:42:30.837460,21.3,61.3,0
2025-12-10T18:42:33.092048,21.3,61.3,0
2025-12-10T18:42:35.346606,21.3,61.3,0
2025-12-10T18:42:37.601133,21.3,61.3,0
2025-12-10T18:42:39.855511,21.3,61.3,0
2025-12-10T18:42:42.110060,21.3,61.3,0
2025-12-10T18:42:44.364719,21.3,61.3,0
2025-12-10T18:42:46.619396,21.3,61.3,0
2025-12-10T18:42:48.873932,21.3,61.3,0
2025-12-10T18:42:51.128228,21.3,61.3,0
2025-12-10T18:42:53.382863,21.3,61.3,0
2025-12-10T18:42:55.636933,21.3,61.3,0
2025-12-10T18:42:57.891647,21.3,61.3,0
2025-12-10T18:43:00.146211,21.3,61.3,0
2025-12-10T18:43:02.400737,21.3,61.3,0
2025-12-10T18:43:04.655305,21.3,61.3,0
2025-12-10T18:43:06.909536,21.3,61.3,0
2025-12-10T18:43:09.163614,21.3,61.3,0
2025-12-10T18:43:11.417918,21.3,61.3,0
2025-12-10T18:43:13.672234,21.3,61.3,0
2025-12-10T18:43:15.926604,21.3,61.3,0
2025-12-10T18:43:18.180791,21.3,61.3,0
2025-12-10T18:43:20.435331,21.3,61.3,0
2025-12-10T18:43:22.689811,21.3,61.3,0
2025-12-10T18:43:24.944701,21.3,61.3,0
2025-12-10T18:43:27.199279,21.3,61.3,0
2025-12-10T18:43:29.453402,21.3,61.3,0
2025-12-10T18:43:31.708183,21.3,61.3,0
2025-12-10T18:43:33.962816,21.3,61.3,0
2025-12-10T18:43:36.217118,21.3,61.3,0
2025-12-10T18:43:38.471875,21.3,61.3,0
2025-12-10T18:43:40.728399,21.3,61.3,0
2025-12-10T18:43:42.982808,21.3,61.3,0
2025-12-10T18:43:45.237484,21.3,61.3,0
2025-12-10T18:43:47.492099,21.3,61.3,0
2025-12-10T18:43:49.746584,21.3,61.3,0
2025-12-10T18:43:52.001180,21.3,61.3,0
2025-12-10T18:43:54.255707,21.3,61.3,1
2025-12-10T18:43:56.510288,21.3,61.3,0
2025-12-10T18:43:58.764790,21.3,61.3,0
2025-12-10T18:44:01.019218,21.3,61.3,0
2025-12-10T18:44:03.273609,21.3,61.3,0
2025-12-10T18:44:05.528430,21.3,61.3,0
2025-12-10T18:44:07.783047,21.3,61.3,0
2025-12-10T18:44:10.037468,21.3,61.3,0
2025-12-10T18:44:12.292172,21.3,61.3,0
2025-12-10T18:44:14.546691,21.3,61.3,0
2025-12-10T18:44:16.800748,21.3,61.3,1
2025-12-10T18:44:19.055184,21.3,61.2,0
2025-12-10T18:44:21.309662,21.3,61.2,0
2025-12-10T18:44:23.564237,21.3,61.2,0
2025-12-10T18:44:25.818447,21.3,61.2,0
2025-12-10T18:44:28.072766,21.3,61.2,0
2025-12-10T18:44:30.326904,21.3,61.2,0
2025-12-10T18:44:32.581164,21.3,61.2,0
2025-12-10T18:44:34.835663,21.3,61.3,0
2025-12-10T18:44:37.090098,21.3,61.3,0
2025-12-10T18:44:39.344682,21.3,61.2,0
2025-12-10T18:44:41.599140,21.3,61.2,0
2025-12-10T18:44:43.853599,21.3,61.2,0
2025-12-10T18:44:46.108451,21.2,61.2,0
2025-12-10T18:44:48.362929,21.3,61.2,1
2025-12-10T18:44:50.617326,21.3,61.2,0
2025-12-10T18:44:52.872018,21.3,61.2,0
2025-12-10T18:44:55.126622,21.3,61.2,0
2025-12-10T18:44:57.381072,21.3,61.2,0
2025-12-10T18:44:59.635155,21.3,61.2,0
2025-12-10T18:45:01.889624,21.3,61.3,0
2025-12-10T18:45:04.146369,21.3,61.2,0
2025-12-10T18:45:06.400531,21.3,61.2,1
2025-12-10T18:45:08.654804,21.3,61.2,0
2025-12-10T18:45:10.908919,21.3,61.2,0
2025-12-10T18:45:13.163002,21.3,61.2,1
2025-12-10T18:45:15.417273,21.3,61.2,0
2025-12-10T18:45:17.671373,21.3,61.2,0
2025-12-10T18:45:19.925724,21.3,61.2,0
2025-12-10T18:45:22.180370,21.3,61.2,0
2025-12-10T18:45:24.434709,21.3,61.2,0
2025-12-10T18:45:26.689295,21.3,61.2,0
2025-12-10T18:45:28.944011,21.3,61.2,0
2025-12-10T18:45:31.198584,21.3,61.2,1
2025-12-10T18:45:33.453004,21.3,61.2,0
2025-12-10T18:45:35.707643,21.3,61.2,0
2025-12-10T18:45:37.962067,21.3,61.2,0
2025-12-10T18:45:40.216280,21.3,61.2,0
2025-12-10T18:45:42.470741,21.3,61.2,0
2025-12-10T18:45:44.724711,21.3,61.2,0
2025-12-10T18:45:46.978974,21.3,61.2,0
2025-12-10T18:45:49.233185,21.3,61.2,0
2025-12-10T18:45:51.487328,21.3,61.2,1
2025-12-10T18:45:53.741544,21.3,61.2,0
2025-12-10T18:45:55.996301,21.3,61.2,1
2025-12-10T18:45:58.250708,21.3,61.2,0
2025-12-10T18:46:00.504939,21.3,61.2,0
2025-12-10T18:46:02.759584,21.3,61.2,0
2025-12-10T18:46:05.014093,21.3,61.2,0
2025-12-10T18:46:07.268758,21.3,61.2,0
2025-12-10T18:46:09.523241,21.3,61.2,0
2025-12-10T18:46:11.777672,21.3,61.2,0
2025-12-10T18:46:14.032520,21.3,61.1,0
2025-12-10T18:46:16.286970,21.3,61.1,0
2025-12-10T18:46:18.541365,21.3,61.1,0
2025-12-10T18:46:20.796059,21.3,61.2,1
2025-12-10T18:46:23.050415,21.3,61.1,0
2025-12-10T18:46:25.304398,21.3,61.2,0
2025-12-10T18:46:27.558636,21.3,61.1,0
2025-12-10T18:46:29.813174,21.3,61.2,0
2025-12-10T18:46:32.067641,21.3,61.2,0
2025-12-10T18:46:34.322238,21.3,61.2,1
2025-12-10T18:46:36.578217,21.3,61.2,0
2025-12-10T18:46:38.832746,21.3,61.2,0
2025-12-10T18:46:41.086884,21.3,61.2,0
2025-12-10T18:46:43.341203,21.3,61.2,0
2025-12-10T18:46:45.595114,21.3,61.2,0
2025-12-10T18:46:47.849507,21.3,61.1,0
2025-12-10T18:46:50.103914,21.3,61.1,0
2025-12-10T18:46:52.358349,21.3,61.1,0
2025-12-10T18:46:54.612740,21.3,61.1,0
2025-12-10T18:46:56.867233,21.3,61.1,0
2025-12-10T18:46:59.121655,21.3,61.1,0
2025-12-10T18:47:01.375849,21.3,61.1,0
2025-12-10T18:47:03.630244,21.3,61.1,0
2025-12-10T18:47:05.884323,21.3,61.1,0
2025-12-10T18:47:08.138849,21.3,61.0,1
2025-12-10T18:47:10.393309,21.3,61.1,0
2025-12-10T18:47:12.647828,21.3,61.1,1
2025-12-10T18:47:14.902458,21.3,61.1,0
2025-12-10T18:47:17.156767,21.3,61.1,0
2025-12-10T18:47:19.411214,21.3,61.1,0
2025-12-10T18:47:21.665644,21.3,61.1,0
2025-12-10T18:47:23.920328,21.3,61.1,0
2025-12-10T18:47:26.174891,21.3,61.1,0
2025-12-10T18:47:28.429158,21.3,61.1,0
2025-12-10T18:47:30.683755,21.3,61.1,0
2025-12-10T18:47:32.938307,21.3,61.1,1
2025-12-10T18:47:35.192938,21.3,61.1,0
2025-12-10T18:47:37.447540,21.3,61.1,1
2025-12-10T18:47:39.702044,21.3,61.1,0
2025-12-10T18:47:41.956749,21.3,61.1,1
2025-12-10T18:47:44.211303,21.3,61.1,0
2025-12-10T18:47:46.465389,21.3,61.1,0
2025-12-10T18:47:48.720156,21.3,61.1,0
2025-12-10T18:47:50.974728,21.3,61.2,0
2025-12-10T18:47:53.229279,21.3,61.1,0
2025-12-10T18:47:55.483773,21.3,61.2,0
2025-12-10T18:47:57.737981,21.3,61.1,0
2025-12-10T18:47:59.991996,21.3,61.1,0
2025-12-10T18:48:02.246552,21.3,61.1,0
2025-12-10T18:48:04.500604,21.3,61.1,0
2025-12-10T18:48:06.755009,21.3,61.1,0
2025-12-10T18:48:09.009781,21.3,61.1,0
2025-12-10T18:48:11.264395,21.3,61.2,1
2025-12-10T18:48:13.518382,21.3,61.2,0
2025-12-10T18:48:15.772597,21.3,61.2,0
2025-12-10T18:48:18.026873,21.3,61.2,0
2025-12-10T18:48:20.281428,21.3,61.2,0
2025-12-10T18:48:22.536256,21.3,61.2,0
2025-12-10T18:48:24.790779,21.3,61.2,0
2025-12-10T18:48:27.044964,21.3,61.2,0
2025-12-10T18:48:29.299221,21.3,61.2,0
2025-12-10T18:48:31.553482,21.3,61.2,1
2025-12-10T18:48:33.807542,21.3,61.1,0
2025-12-10T18:48:36.061928,21.3,61.1,1
2025-12-10T18:48:38.318236,21.3,61.2,0
2025-12-10T18:48:40.572176,21.3,61.1,1
2025-12-10T18:48:42.826550,21.3,61.1,0
2025-12-10T18:48:45.080856,21.3,61.1,0
2025-12-10T18:48:47.335304,21.3,61.1,0
2025-12-10T18:48:49.589728,21.3,61.1,0
2025-12-10T18:48:51.844322,21.3,61.1,1
2025-12-10T18:48:54.098447,21.3,61.1,0
2025-12-10T18:48:56.352755,21.3,61.1,0
2025-12-10T18:48:58.607204,21.3,61.1,0
2025-12-10T18:49:00.861555,21.3,61.1,0
2025-12-10T18:49:03.116287,21.3,61.1,1
2025-12-10T18:49:05.370282,21.3,61.1,0
2025-12-10T18:49:07.624195,21.3,61.1,1
2025-12-10T18:49:09.878330,21.3,61.1,0
2025-12-10T18:49:12.132568,21.3,61.1,0
2025-12-10T18:49:14.386925,21.3,61.1,1
2025-12-10T18:49:16.641034,21.3,61.1,0
2025-12-10T18:49:18.895442,21.3,61.1,0
2025-12-10T18:49:21.149593,21.3,61.1,0
2025-12-10T18:49:23.403800,21.3,61.1,0
2025-12-10T18:49:25.658064,21.3,61.1,0
2025-12-10T18:49:27.912170,21.3,61.1,1
2025-12-10T18:49:30.166838,21.3,61.1,0
2025-12-10T18:49:32.421005,21.3,61.1,0
2025-12-10T18:49:34.675492,21.3,61.1,0
2025-12-10T18:49:36.929844,21.3,61.1,0
2025-12-10T18:49:39.183924,21.3,61.1,0
2025-12-10T18:49:41.438199,21.3,61.1,0
2025-12-10T18:49:43.692701,21.3,61.1,1
2025-12-10T18:49:45.947246,21.3,61.1,0
2025-12-10T18:49:48.201704,21.3,61.1,0
2025-12-10T18:49:50.456476,21.3,61.1,0
2025-12-10T18:49:52.710965,21.3,61.1,0
2025-12-10T18:49:54.965409,21.3,61.1,0
2025-12-10T18:49:57.220219,21.3,61.1,1
2025-12-10T18:49:59.474720,21.3,61.1,0
2025-12-10T18:50:01.729165,21.3,61.1,1
2025-12-10T18:50:03.983213,21.3,61.1,0
2025-12-10T18:50:06.237371,21.3,61.1,0
2025-12-10T18:50:08.492021,21.3,61.1,0
2025-12-10T18:50:10.746587,21.3,61.1,0
2025-12-10T18:50:13.000764,21.3,61.1,0
2025-12-10T18:50:15.255530,21.3,61.0,1
2025-12-10T18:50:17.509860,21.3,61.1,0
2025-12-10T18:50:19.763891,21.3,61.1,0
2025-12-10T18:50:22.018568,21.3,61.1,0
2025-12-10T18:50:24.272819,21.3,61.1,0
2025-12-10T18:50:26.527325,21.3,61.1,0
2025-12-10T18:50:28.781526,21.3,61.1,0
2025-12-10T18:50:31.036252,21.3,61.1,1
2025-12-10T18:50:33.290665,21.3,61.1,0
2025-12-10T18:50:35.545367,21.3,61.1,0
2025-12-10T18:50:37.799601,21.3,61.1,1
2025-12-10T18:50:40.053830,21.3,61.1,0
2025-12-10T18:50:42.308156,21.3,61.1,1
2025-12-10T18:50:44.562629,21.3,61.1,0
2025-12-10T18:50:46.816923,21.3,61.1,0
2025-12-10T18:50:49.071598,21.3,61.1,0
2025-12-10T18:50:51.326027,21.3,61.1,0
2025-12-10T18:50:53.580176,21.3,61.1,0
2025-12-10T18:50:55.834900,21.3,61.1,0
2025-12-10T18:50:58.089144,21.3,61.0,0
2025-12-10T18:51:00.343508,21.3,61.1,0
2025-12-10T18:51:02.598142,21.3,61.0,1
2025-12-10T18:51:04.852614,21.3,61.1,0
2025-12-10T18:51:07.107049,21.3,61.0,0
2025-12-10T18:51:09.361304,21.3,61.1,0
2025-12-10T18:51:11.615881,21.3,61.1,0
2025-12-10T18:51:13.870074,21.3,61.1,1
2025-12-10T18:51:16.124716,21.3,61.0,0
2025-12-10T18:51:18.379352,21.3,61.1,1
2025-12-10T18:51:20.633585,21.3,61.1,0
2025-12-10T18:51:22.888463,21.3,61.1,0
2025-12-10T18:51:25.142841,21.3,61.1,1
2025-12-10T18:51:27.397223,21.3,61.0,0
2025-12-10T18:51:29.651962,21.3,61.1,1
2025-12-10T18:51:31.906684,21.3,61.1,0
2025-12-10T18:51:34.160683,21.3,61.0,0
2025-12-10T18:51:36.415475,21.3,61.0,0
2025-12-10T18:51:38.669789,21.3,61.1,0
2025-12-10T18:51:40.924503,21.3,61.0,0
2025-12-10T18:51:43.179287,21.3,61.1,0
2025-12-10T18:51:45.433322,21.3,61.0,0
2025-12-10T18:51:47.687874,21.3,61.0,0
2025-12-10T18:51:49.942582,21.3,61.0,1
2025-12-10T18:51:52.196864,21.3,61.0,0
2025-12-10T18:51:54.451286,21.3,61.0,0
2025-12-10T18:51:56.705517,21.3,61.1,1
2025-12-10T18:51:58.960211,21.3,61.1,0
2025-12-10T18:52:01.214128,21.3,61.0,0
2025-12-10T18:52:03.468533,21.3,61.1,0
2025-12-10T18:52:05.722946,21.3,61.1,0
2025-12-10T18:52:07.977059,21.3,61.0,0
2025-12-10T18:52:10.231340,21.3,61.0,0
2025-12-10T18:52:12.485943,21.3,61.1,0
2025-12-10T18:52:14.740358,21.3,61.0,0
2025-12-10T18:52:16.995139,21.3,61.0,0
2025-12-10T18:52:19.249284,21.3,61.1,0
2025-12-10T18:52:21.503815,21.3,61.1,0
2025-12-10T18:52:23.758493,21.3,61.0,1
2025-12-10T18:52:26.013137,21.3,61.1,0
2025-12-10T18:52:28.267735,21.4,61.1,0
2025-12-10T18:52:30.522380,21.3,61.1,0
2025-12-10T18:52:32.776975,21.3,61.1,0
2025-12-10T18:52:35.031476,21.3,61.0,0
2025-12-10T18:52:37.285892,21.3,61.0,0
2025-12-10T18:52:39.540516,21.3,61.0,0
2025-12-10T18:52:41.794628,21.3,60.9,0
2025-12-10T18:52:44.049092,21.3,60.9,0
2025-12-10T18:52:46.303725,21.3,60.9,0
2025-12-10T18:52:48.557949,21.3,60.9,0
2025-12-10T18:52:50.812496,21.3,60.9,1
2025-12-10T18:52:53.068851,21.3,60.9,0
2025-12-10T18:52:55.322945,21.3,60.8,1
2025-12-10T18:52:57.577285,21.3,60.7,0
2025-12-10T18:52:59.831962,21.3,60.6,0
2025-12-10T18:53:02.086408,21.4,60.6,1
2025-12-10T18:53:04.341120,21.3,60.4,0
2025-12-10T18:53:06.595739,21.3,60.3,0
2025-12-10T18:53:08.850338,21.3,60.3,0
2025-12-10T18:53:11.104559,21.3,60.2,0
2025-12-10T18:53:13.359144,21.3,60.2,0
2025-12-10T18:53:15.613357,21.3,60.2,1
2025-12-10T18:53:17.868323,21.3,60.2,0
2025-12-10T18:53:20.124712,21.3,60.2,0
2025-12-10T18:53:22.379238,21.3,60.1,0
2025-12-10T18:53:24.634018,21.3,60.2,0
2025-12-10T18:53:26.888047,21.3,60.1,0
2025-12-10T18:53:29.142641,21.3,60.1,0
2025-12-10T18:53:31.397382,21.3,60.2,1
2025-12-10T18:53:33.652012,21.3,60.2,0
2025-12-10T18:53:35.906576,21.3,60.3,0
2025-12-10T18:53:38.161346,21.3,60.3,0
2025-12-10T18:53:40.415856,21.3,60.4,0
2025-12-10T18:53:42.670440,21.3,60.4,1
2025-12-10T18:53:44.925010,21.3,60.4,0
2025-12-10T18:53:47.179709,21.3,60.4,1
2025-12-10T18:53:49.434205,21.3,60.4,0
2025-12-10T18:53:51.688617,21.3,60.4,0
2025-12-10T18:53:53.943258,21.3,60.5,1
2025-12-10T18:53:56.197766,21.3,60.5,0
2025-12-10T18:53:58.452530,21.3,60.5,0
2025-12-10T18:54:00.706699,21.3,60.5,0
2025-12-10T18:54:02.961114,21.3,60.4,0
2025-12-10T18:54:05.215939,21.4,60.4,0
2025-12-10T18:54:07.470641,21.3,60.3,0
2025-12-10T18:54:09.724853,21.3,60.2,0
2025-12-10T18:54:11.979772,21.3,60.2,1
2025-12-10T18:54:14.234215,21.3,60.2,0
2025-12-10T18:54:16.488563,21.3,60.1,0
2025-12-10T18:54:18.743359,21.3,60.2,0
2025-12-10T18:54:20.997720,21.4,60.2,0
2025-12-10T18:54:23.252251,21.3,60.1,0
2025-12-10T18:54:25.506887,21.3,60.1,0
2025-12-10T18:54:27.761146,21.3,60.1,0
2025-12-10T18:54:30.015359,21.3,60.1,0
2025-12-10T18:54:32.270121,21.3,60.1,0
2025-12-10T18:54:34.524645,21.3,60.1,0
2025-12-10T18:54:36.779169,21.3,60.1,0
2025-12-10T18:54:39.033959,21.3,60.1,0
2025-12-10T18:54:41.288023,21.3,60.2,0
2025-12-10T18:54:43.542167,21.3,60.1,0
2025-12-10T18:54:45.796790,21.3,60.2,0
2025-12-10T18:54:48.050965,21.3,60.2,0
2025-12-10T18:54:50.304961,21.3,60.1,0
2025-12-10T18:54:52.559665,21.3,60.2,0
2025-12-10T18:54:54.813998,21.3,60.2,0
2025-12-10T18:54:57.068027,21.3,60.2,0
2025-12-10T18:54:59.322568,21.3,60.2,0
2025-12-10T18:55:01.576641,21.3,60.2,0
2025-12-10T18:55:03.830968,21.3,60.2,0
2025-12-10T18:55:06.085596,21.3,60.2,0
2025-12-10T18:55:08.340258,21.3,60.2,0
2025-12-10T18:55:10.594745,21.3,60.2,0
2025-12-10T18:55:12.849532,21.3,60.2,0
2025-12-10T18:55:15.103810,21.3,60.2,0
2025-12-10T18:55:17.357980,21.3,60.2,0
2025-12-10T18:55:19.612558,21.3,60.2,0
2025-12-10T18:55:21.867257,21.3,60.2,0
2025-12-10T18:55:24.121199,21.3,60.2,0
2025-12-10T18:55:26.375427,21.3,60.2,0
2025-12-10T18:55:28.629930,21.3,60.2,0
2025-12-10T18:55:30.883935,21.3,60.3,0
2025-12-10T18:55:33.138319,21.3,60.3,0
2025-12-10T18:55:35.392789,21.3,60.3,0
2025-12-10T18:55:37.646763,21.3,60.3,0
2025-12-10T18:55:39.901547,21.3,60.3,0
2025-12-10T18:55:42.156157,21.3,60.3,0
2025-12-10T18:55:44.410410,21.3,60.3,0
2025-12-10T18:55:46.664815,21.3,60.3,1
2025-12-10T18:55:48.919318,21.3,60.3,0
2025-12-10T18:55:51.173320,21.3,60.2,1
2025-12-10T18:55:53.427980,21.3,60.2,0
2025-12-10T18:55:55.682296,21.3,60.2,0
2025-12-10T18:55:57.936883,21.3,60.2,0
2025-12-10T18:56:00.191297,21.3,60.2,0
2025-12-10T18:56:02.445325,21.3,60.1,0
2025-12-10T18:56:04.699328,21.3,60.1,0
2025-12-10T18:56:06.953804,21.3,60.1,1
2025-12-10T18:56:09.208072,21.3,60.1,0
2025-12-10T18:56:11.462177,21.3,60.1,0
2025-12-10T18:56:13.716362,21.3,60.1,0
2025-12-10T18:56:15.970541,21.3,60.1,0
2025-12-10T18:56:18.225103,21.3,60.1,0
2025-12-10T18:56:20.479859,21.3,60.1,0
2025-12-10T18:56:22.736335,21.3,60.1,0
2025-12-10T18:56:24.990893,21.3,60.1,0
2025-12-10T18:56:27.245684,21.3,60.1,1
2025-12-10T18:56:29.500383,21.3,60.1,0
2025-12-10T18:56:31.754337,21.3,60.1,1
2025-12-10T18:56:34.008890,21.3,60.1,0
2025-12-10T18:56:36.263185,21.3,60.1,0
2025-12-10T18:56:38.517251,21.3,60.1,0
2025-12-10T18:56:40.771907,21.3,60.1,0
2025-12-10T18:56:43.026198,21.3,60.2,0
2025-12-10T18:56:45.280155,21.3,60.2,0
2025-12-10T18:56:47.534296,21.3,60.2,0
2025-12-10T18:56:49.788282,21.3,60.2,0
2025-12-10T18:56:52.042391,21.3,60.2,0
2025-12-10T18:56:54.296581,21.3,60.2,0
2025-12-10T18:56:56.550968,21.3,60.2,0
2025-12-10T18:56:58.805044,21.3,60.1,0
2025-12-10T18:57:01.059298,21.3,60.1,0
2025-12-10T18:57:03.313615,21.3,60.0,0
2025-12-10T18:57:05.567524,21.3,60.0,0
2025-12-10T18:57:07.821899,21.3,60.0,0
2025-12-10T18:57:10.076285,21.3,60.0,0
2025-12-10T18:57:12.330182,21.3,59.9,1
2025-12-10T18:57:14.584566,21.3,60.0,0
2025-12-10T18:57:16.839064,21.3,60.0,1
2025-12-10T18:57:19.093274,21.3,60.0,0
2025-12-10T18:57:21.347564,21.3,60.0,0
2025-12-10T18:57:23.602184,21.3,60.0,1
2025-12-10T18:57:25.856270,21.3,60.0,0
2025-12-10T18:57:28.111002,21.3,60.0,1
2025-12-10T18:57:30.365364,21.3,60.0,0
2025-12-10T18:57:32.619894,21.3,60.0,0
2025-12-10T18:57:34.874132,21.3,60.0,0
2025-12-10T18:57:37.128325,21.3,60.0,0
2025-12-10T18:57:39.382419,21.3,60.0,0
2025-12-10T18:57:41.636729,21.3,60.0,0
2025-12-10T18:57:43.891412,21.3,60.0,0
2025-12-10T18:57:46.145803,21.3,60.0,0
2025-12-10T18:57:48.400630,21.3,60.0,0
2025-12-10T18:57:50.655197,21.3,60.0,0
2025-12-10T18:57:52.909375,21.3,60.0,1
2025-12-10T18:57:55.163569,21.3,59.9,0
2025-12-10T18:57:57.417870,21.3,60.0,0
2025-12-10T18:57:59.672335,21.3,59.9,0
2025-12-10T18:58:01.926809,21.3,59.9,0
2025-12-10T18:58:04.181292,21.3,60.0,0
2025-12-10T18:58:06.435222,21.3,59.9,0
2025-12-10T18:58:08.689382,,,0
2025-12-10T18:58:10.943583,21.3,59.9,0
2025-12-10T18:58:13.197490,21.3,59.9,0
2025-12-10T18:58:15.452216,21.3,59.9,0
2025-12-10T18:58:17.706441,21.3,59.9,0
2025-12-10T18:58:19.960676,21.3,60.0,0
2025-12-10T18:58:22.215307,21.3,59.9,0
2025-12-10T18:58:24.469547,21.3,60.0,0
2025-12-10T18:58:26.724134,21.3,60.0,0
2025-12-10T18:58:28.978875,21.3,59.9,0
2025-12-10T18:58:31.232969,21.3,60.0,0
2025-12-10T18:58:33.486884,21.3,60.0,0
2025-12-10T18:58:35.741510,21.3,59.9,0
2025-12-10T18:58:37.996109,21.3,60.0,0
2025-12-10T18:58:40.250664,21.3,60.0,0
2025-12-10T18:58:42.504949,21.3,60.0,0
2025-12-10T18:58:44.759500,21.3,60.0,1
2025-12-10T18:58:47.013828,21.3,60.0,0
2025-12-10T18:58:49.268576,21.3,60.0,0
2025-12-10T18:58:51.524252,21.3,60.0,0
2025-12-10T18:58:53.778675,21.3,60.0,0
2025-12-10T18:58:56.033023,21.3,60.0,0
2025-12-10T18:58:58.289203,21.3,60.0,0
2025-12-10T18:59:00.543757,21.3,60.0,0
2025-12-10T18:59:02.798415,21.3,60.0,0
2025-12-10T18:59:05.052908,21.3,60.0,0
2025-12-10T18:59:07.307342,21.3,60.0,0
2025-12-10T18:59:09.561585,21.3,60.0,1
2025-12-10T18:59:11.816304,21.3,60.0,0
2025-12-10T18:59:14.070757,21.3,60.0,0
2025-12-10T18:59:16.325405,21.3,60.0,0
2025-12-10T18:59:18.580012,21.3,60.0,0
2025-12-10T18:59:20.834621,21.3,60.0,0
2025-12-10T18:59:23.089395,21.3,60.0,0
2025-12-10T18:59:25.343988,21.3,60.0,0
2025-12-10T18:59:27.598364,21.3,60.0,0
2025-12-10T18:59:29.853141,21.3,59.9,0
2025-12-10T18:59:32.107174,21.3,59.8,0
2025-12-10T18:59:34.361319,21.3,59.7,0
2025-12-10T18:59:36.615547,21.3,59.6,0
2025-12-10T18:59:38.869723,21.3,59.6,0
2025-12-10T18:59:41.124311,21.3,59.5,0
2025-12-10T18:59:43.379053,21.3,59.4,0
2025-12-10T18:59:45.635565,21.3,59.4,0
2025-12-10T18:59:47.889664,21.3,59.4,0
2025-12-10T18:59:50.143872,21.3,59.5,0
2025-12-10T18:59:52.398183,21.3,59.4,0
2025-12-10T18:59:54.652635,21.3,59.4,0
2025-12-10T18:59:56.907033,21.3,59.4,0
2025-12-10T18:59:59.161468,21.3,59.4,0
2025-12-10T19:00:01.415951,21.3,59.4,0
2025-12-10T19:00:03.670696,21.3,59.4,0
2025-12-10T19:00:05.925333,21.3,59.4,0
2025-12-10T19:00:08.179292,21.3,59.4,0
2025-12-10T19:00:10.433661,21.3,59.4,0
2025-12-10T19:00:12.688301,21.3,59.4,0
2025-12-10T19:00:14.942795,21.3,59.4,0
2025-12-10T19:00:17.197511,21.3,59.4,0
2025-12-10T19:00:19.452197,21.3,59.5,0
2025-12-10T19:00:21.706587,21.3,59.5,0
2025-12-10T19:00:23.961381,21.3,59.5,0
2025-12-10T19:00:26.216014,21.3,59.6,0
2025-12-10T19:00:28.470460,21.3,59.6,0
2025-12-10T19:00:30.725089,21.3,59.6,0
2025-12-10T19:00:32.979203,21.3,59.7,0
2025-12-10T19:00:35.233256,21.3,59.7,0
2025-12-10T19:00:37.487963,21.3,59.7,0
2025-12-10T19:00:39.742485,21.3,59.7,0
2025-12-10T19:00:41.996535,21.3,59.7,0
2025-12-10T19:00:44.251025,21.4,59.8,0
2025-12-10T19:00:46.505063,21.3,59.8,0
2025-12-10T19:00:48.759049,21.3,59.8,0
2025-12-10T19:00:51.013646,21.3,59.7,0
2025-12-10T19:00:53.268145,21.3,59.8,0
2025-12-10T19:00:55.522505,21.3,59.8,0
2025-12-10T19:00:57.777080,21.3,59.8,0
2025-12-10T19:01:00.031662,21.3,59.8,0
2025-12-10T19:01:02.285636,21.3,59.8,0
2025-12-10T19:01:04.539801,21.3,59.8,0
2025-12-10T19:01:06.794224,21.3,59.8,0
2025-12-10T19:01:09.048400,21.3,59.8,0
2025-12-10T19:01:11.302977,21.3,59.8,0
2025-12-10T19:01:13.557381,21.3,59.8,0
2025-12-10T19:01:15.811996,21.3,59.8,0
2025-12-10T19:01:18.066565,21.3,59.8,0
2025-12-10T19:01:20.320965,21.3,59.8,0
2025-12-10T19:01:22.575518,21.3,59.8,0
2025-12-10T19:01:24.830304,21.3,59.8,0
2025-12-10T19:01:27.084616,21.3,59.8,0
2025-12-10T19:01:29.339109,21.3,59.8,0
2025-12-10T19:01:31.593314,21.3,59.8,0
2025-12-10T19:01:33.847983,21.3,59.8,0
2025-12-10T19:01:36.102221,21.3,59.8,0
2025-12-10T19:01:38.356883,21.3,59.8,0
2025-12-10T19:01:40.611502,21.3,59.9,0
2025-12-10T19:01:42.865950,21.3,59.8,0
2025-12-10T19:01:45.120196,21.3,59.8,0
2025-12-10T19:01:47.374526,21.3,59.8,0
2025-12-10T19:01:49.628547,21.3,59.8,0
2025-12-10T19:01:51.882743,21.3,59.8,0
2025-12-10T19:01:54.137041,21.3,59.8,0
2025-12-10T19:01:56.391369,21.3,59.8,0
2025-12-10T19:01:58.646028,21.3,59.8,0
2025-12-10T19:02:00.900424,21.3,59.8,0
2025-12-10T19:02:03.154437,21.3,59.8,1
2025-12-10T19:02:05.409675,21.3,59.7,0
2025-12-10T19:02:07.699598,21.3,59.8,0
2025-12-10T19:02:09.954200,21.3,59.8,0
2025-12-10T19:02:12.208666,21.3,59.7,0
2025-12-10T19:02:14.463127,21.3,59.7,0
2025-12-10T19:02:16.717220,21.3,59.7,0
2025-12-10T19:02:18.972134,21.3,59.6,0
2025-12-10T19:02:21.226481,21.3,59.6,0
2025-12-10T19:02:23.480818,21.3,59.6,0
2025-12-10T19:02:25.735584,21.3,59.6,0
2025-12-10T19:02:27.990228,21.3,59.6,0
2025-12-10T19:02:30.244638,21.4,59.6,0
2025-12-10T19:02:32.499398,21.3,59.5,0
2025-12-10T19:02:34.753420,21.3,59.5,0
2025-12-10T19:02:37.008114,21.3,59.5,0
2025-12-10T19:02:39.262838,21.3,59.5,0
2025-12-10T19:02:41.517248,21.3,59.5,0
2025-12-10T19:02:43.771735,21.3,59.5,0
2025-12-10T19:02:46.026586,21.4,59.5,0
2025-12-10T19:02:48.281057,21.3,59.5,0
2025-12-10T19:02:50.535616,21.3,59.5,0
2025-12-10T19:02:52.790379,21.3,59.5,0
2025-12-10T19:02:55.045031,21.3,59.5,0
2025-12-10T19:02:57.299019,21.3,59.5,0
2025-12-10T19:02:59.553813,21.3,59.5,0
2025-12-10T19:03:01.809416,21.3,59.5,0
2025-12-10T19:03:04.066571,21.4,59.6,0
2025-12-10T19:03:06.321317,21.3,59.5,0
2025-12-10T19:03:08.575428,21.3,59.5,0
2025-12-10T19:03:10.829614,21.3,59.5,0
2025-12-10T19:03:13.084386,21.3,59.5,0
2025-12-10T19:03:15.340549,21.3,59.5,0
2025-12-10T19:03:17.594815,21.3,59.5,0
2025-12-10T19:03:19.849560,21.3,59.5,0
2025-12-10T19:03:22.103887,21.3,59.5,0
2025-12-10T19:03:24.358174,21.3,59.5,0
2025-12-10T19:03:26.612892,21.3,59.5,0
2025-12-10T19:03:28.867568,21.4,59.7,0
2025-12-10T19:03:31.121859,21.3,59.6,0
2025-12-10T19:03:33.376678,21.3,59.6,0
2025-12-10T19:03:35.631187,21.3,59.6,0
2025-12-10T19:03:37.885399,21.3,59.6,0
2025-12-10T19:03:40.139799,21.3,59.6,0
2025-12-10T19:03:42.393927,21.3,59.6,0
2025-12-10T19:03:44.648066,21.3,59.7,0
2025-12-10T19:03:46.902906,21.4,59.7,0
2025-12-10T19:03:49.157357,21.3,59.7,0
2025-12-10T19:03:51.411836,21.3,59.7,0
2025-12-10T19:03:53.666250,21.3,59.7,0
2025-12-10T19:03:55.920672,21.3,59.7,0
2025-12-10T19:03:58.175145,21.3,59.6,0
2025-12-10T19:04:00.429836,21.3,59.6,0
2025-12-10T19:04:02.684351,21.3,59.6,0
2025-12-10T19:04:04.938873,21.3,59.6,1
2025-12-10T19:04:07.193223,21.3,59.6,0
2025-12-10T19:04:09.447907,21.3,59.6,0
2025-12-10T19:04:11.701974,21.3,59.7,0
2025-12-10T19:04:13.956564,21.4,59.7,0
2025-12-10T19:04:16.210985,21.4,59.7,0
2025-12-10T19:04:18.465497,21.3,59.7,0
2025-12-10T19:04:20.720297,21.3,59.7,0
2025-12-10T19:04:22.974941,21.3,59.7,0
2025-12-10T19:04:25.228884,21.3,59.7,0
2025-12-10T19:04:27.483483,21.3,59.7,0
2025-12-10T19:04:29.737762,21.3,59.7,0
2025-12-10T19:04:31.992190,21.3,59.7,0
2025-12-10T19:04:34.246957,21.3,59.7,0
2025-12-10T19:04:36.501055,21.3,59.7,0
2025-12-10T19:04:38.755006,21.3,59.7,0
2025-12-10T19:04:41.009276,21.3,59.8,0
2025-12-10T19:04:43.263466,21.3,59.7,0
2025-12-10T19:04:45.517365,21.4,59.8,0
2025-12-10T19:04:47.771729,21.3,59.7,0
2025-12-10T19:04:50.025780,21.3,59.7,0
2025-12-10T19:04:52.280240,21.4,59.8,0
2025-12-10T19:04:54.534383,21.3,59.7,0
2025-12-10T19:04:56.788421,21.3,59.7,0
2025-12-10T19:04:59.042662,21.3,59.7,0
2025-12-10T19:05:01.297207,21.3,59.7,0
2025-12-10T19:05:03.551711,21.3,59.7,0
2025-12-10T19:05:05.805728,21.4,59.8,0
2025-12-10T19:05:08.060550,21.3,59.7,0
2025-12-10T19:05:10.315073,21.3,59.7,0
2025-12-10T19:05:12.569255,21.3,59.7,0
2025-12-10T19:05:14.824024,21.3,59.7,0
2025-12-10T19:05:17.078594,21.3,59.7,0
2025-12-10T19:05:19.332612,21.3,59.7,0
2025-12-10T19:05:21.587210,21.3,59.7,0
2025-12-10T19:05:23.841768,21.3,59.7,0
2025-12-10T19:05:26.096324,21.3,59.7,0
2025-12-10T19:05:28.351070,21.3,59.7,0
2025-12-10T19:05:30.605589,21.4,59.8,0
2025-12-10T19:05:32.860282,21.3,59.7,1
2025-12-10T19:05:35.115057,21.3,59.7,0
2025-12-10T19:05:37.369177,21.3,59.7,0
2025-12-10T19:05:39.623365,21.3,59.7,0
2025-12-10T19:05:41.877789,21.3,59.7,0
2025-12-10T19:05:44.132451,21.3,59.7,0
2025-12-10T19:05:46.386939,21.3,59.7,0
2025-12-10T19:05:48.641564,21.4,59.8,0
2025-12-10T19:05:50.896265,21.3,59.7,0
2025-12-10T19:05:53.150613,21.3,59.7,0
2025-12-10T19:05:55.405193,21.3,59.7,0
2025-12-10T19:05:57.659804,21.3,59.7,0
2025-12-10T19:05:59.914158,21.4,59.8,0
2025-12-10T19:06:02.168791,21.3,59.7,0
2025-12-10T19:06:04.423235,21.3,59.7,0
2025-12-10T19:06:06.677658,21.4,59.8,0
2025-12-10T19:06:08.932559,21.4,59.8,0
2025-12-10T19:06:11.186711,21.3,59.7,0
2025-12-10T19:06:13.440775,21.3,59.7,0
2025-12-10T19:06:15.695532,21.4,59.8,0
2025-12-10T19:06:17.949999,21.4,59.8,0
2025-12-10T19:06:20.204528,21.4,59.8,0
2025-12-10T19:06:22.458873,21.3,59.7,0
2025-12-10T19:06:24.713338,21.3,59.7,0
2025-12-10T19:06:26.967823,21.3,59.7,0
2025-12-10T19:06:29.222545,21.3,59.7,0
2025-12-10T19:06:31.477045,21.4,59.8,0
2025-12-10T19:06:33.731607,21.4,59.8,0
2025-12-10T19:06:35.986181,21.3,59.8,0
2025-12-10T19:06:38.240603,21.3,59.7,0
2025-12-10T19:06:40.495008,21.4,59.8,0
2025-12-10T19:06:42.749699,21.4,59.8,0
2025-12-10T19:06:45.003996,21.3,59.7,0
2025-12-10T19:06:47.258469,21.3,59.8,0
2025-12-10T19:06:49.512782,21.4,59.8,0
2025-12-10T19:06:51.767453,21.3,59.7,0
2025-12-10T19:06:54.021563,21.3,59.8,0
2025-12-10T19:06:56.275872,21.4,59.8,0
2025-12-10T19:06:58.530105,21.3,59.8,0
2025-12-10T19:07:00.784428,21.3,59.7,0
2025-12-10T19:07:03.039163,21.4,59.8,0
2025-12-10T19:07:05.293266,21.3,59.7,0
2025-12-10T19:07:07.547759,21.4,59.8,0
2025-12-10T19:07:09.802426,21.4,59.7,0
2025-12-10T19:07:12.056621,21.3,59.6,0
2025-12-10T19:07:14.311082,21.3,59.6,0
2025-12-10T19:07:16.565633,21.3,59.6,0
2025-12-10T19:07:18.820402,21.3,59.6,0
2025-12-10T19:07:21.074900,21.3,59.6,0
2025-12-10T19:07:23.329675,21.3,59.6,0
2025-12-10T19:07:25.584343,21.3,59.6,0
2025-12-10T19:07:27.838991,21.4,59.7,0
2025-12-10T19:07:30.093685,21.3,59.6,0
2025-12-10T19:07:32.348368,21.3,59.6,0
2025-12-10T19:07:34.602362,21.4,59.7,0
2025-12-10T19:07:36.856836,21.4,59.7,0
2025-12-10T19:07:39.111371,21.3,59.6,0
2025-12-10T19:07:41.365554,21.3,59.6,0
2025-12-10T19:07:43.620420,21.3,59.6,0
2025-12-10T19:07:45.874740,21.3,59.6,0
2025-12-10T19:07:48.128909,21.3,59.6,0
2025-12-10T19:07:50.383673,21.3,59.6,0
2025-12-10T19:07:52.638114,21.4,59.7,0
2025-12-10T19:07:54.892340,21.4,59.7,0
2025-12-10T19:07:57.146866,21.3,59.7,0
                                                                                                                                                                                                                                                                                        2025-12-10T19:04:18.239798,,,0
2025-12-10T19:04:20.492427,,,0
2025-12-10T19:04:22.743419,,,0
2025-12-10T19:04:24.994323,,,0
2025-12-10T19:04:27.245366,,,0
2025-12-10T19:04:29.496100,,,0
2025-12-10T19:04:31.747085,,,0
2025-12-10T19:04:33.997793,,,1
2025-12-10T19:04:36.248484,,,0
2025-12-10T19:04:38.499378,,,0
2025-12-10T19:04:40.750152,,,0
2025-12-10T19:04:43.000862,,,0
2025-12-10T19:04:45.251559,,,1
2025-12-10T19:04:47.502282,,,0
2025-12-10T19:04:49.753062,,,0
2025-12-10T19:04:52.003830,,,0
2025-12-10T19:04:54.254491,,,0
2025-12-10T19:04:56.505165,,,0
2025-12-10T19:04:58.755927,,,1
2025-12-10T19:05:01.006628,,,0
2025-12-10T19:05:03.257361,,,0
2025-12-10T19:05:05.508045,,,0
2025-12-10T19:05:07.758806,,,0
2025-12-10T19:05:10.009678,,,0
2025-12-10T19:05:12.260404,,,0
2025-12-10T19:05:14.511089,,,0
2025-12-10T19:05:16.762041,,,0
2025-12-10T19:05:19.012778,,,1
2025-12-10T19:05:21.263466,,,0
2025-12-10T19:05:23.514402,,,0
2025-12-10T19:05:25.765239,,,0
2025-12-10T19:05:28.015925,,,0
2025-12-10T19:05:30.266889,,,0
2025-12-10T19:05:32.517620,,,0
2025-12-10T19:05:34.768360,,,0
2025-12-10T19:05:37.019231,,,0
2025-12-10T19:05:39.269963,,,0
2025-12-10T19:05:41.520636,,,0
2025-12-10T19:05:43.771570,,,0
2025-12-10T19:05:46.022317,,,0
2025-12-10T19:05:48.273021,,,1
2025-12-10T19:05:50.523890,,,0
2025-12-10T19:05:52.774716,,,0
2025-12-10T19:05:55.025403,,,0
2025-12-10T19:05:57.276308,,,0
2025-12-10T19:05:59.527103,,,0
2025-12-10T19:06:01.777869,,,0
2025-12-10T19:06:04.028744,,,0
2025-12-10T19:06:06.279749,,,0
2025-12-10T19:06:08.530440,,,0
2025-12-10T19:06:10.781433,,,0
2025-12-10T19:06:13.032167,,,0
2025-12-10T19:06:15.282879,,,0
2025-12-10T19:06:17.533776,,,0
2025-12-10T19:06:19.784587,,,0
2025-12-10T19:06:22.035267,,,0
2025-12-10T19:06:24.286159,,,0
2025-12-10T19:06:26.536904,,,0
2025-12-10T19:06:28.787677,,,0
2025-12-10T19:06:31.038571,,,1
2025-12-10T19:06:33.289385,,,0
2025-12-10T19:06:35.540079,,,0
2025-12-10T19:06:37.791082,,,0
2025-12-10T19:06:40.041811,,,0
2025-12-10T19:06:42.292495,,,0
2025-12-10T19:06:44.543432,,,0
2025-12-10T19:06:46.794257,,,0
2025-12-10T19:06:49.044928,,,0
2025-12-10T19:06:51.295817,,,0
2025-12-10T19:06:53.546551,,,0
2025-12-10T19:06:55.797309,,,0
2025-12-10T19:06:58.048212,,,0
2025-12-10T19:07:00.298970,,,0
2025-12-10T19:07:02.549657,,,0
2025-12-10T19:07:04.800644,,,0
2025-12-10T19:07:07.051387,,,0
2025-12-10T19:07:09.302075,,,0
2025-12-10T19:07:11.552965,,,0
2025-12-10T19:07:13.803781,,,0
2025-12-10T19:07:16.054461,,,0
2025-12-10T19:07:18.305379,,,0
2025-12-10T19:07:20.556123,,,0
2025-12-10T19:07:22.806890,,,0
2025-12-10T19:07:25.057767,,,0
2025-12-10T19:07:27.308518,,,0
2025-12-10T19:07:29.559205,,,0
2025-12-10T19:07:31.810193,,,0
2025-12-10T19:07:34.060945,,,0
2025-12-10T19:07:36.311633,,,0
2025-12-10T19:07:38.562537,,,0
2025-12-10T19:07:40.813413,,,0
2025-12-10T19:07:43.064084,,,0
2025-12-10T19:07:45.315033,,,0
2025-12-10T19:07:47.565875,,,0
2025-12-10T19:07:49.816587,,,0
2025-12-10T19:07:52.067474,,,0
2025-12-10T19:07:54.318222,,,0
2025-12-10T19:04:20.260500,,,0
2025-12-10T19:04:22.512708,,,0
2025-12-10T19:04:24.764178,,,0
2025-12-10T19:04:27.015021,,,0
2025-12-10T19:04:29.268589,,,0
2025-12-10T19:04:31.519512,,,0
2025-12-10T19:04:33.770440,,,0
2025-12-10T19:04:36.021807,,,0
2025-12-10T19:04:38.276799,,,0
2025-12-10T19:04:40.532530,,,0
2025-12-10T19:04:42.784406,,,0
2025-12-10T19:04:45.035165,,,0
2025-12-10T19:23:58.118782,,,0
2025-12-10T19:24:00.369555,,,0
2025-12-10T19:24:02.620257,,,0
2025-12-10T19:24:04.870943,,,0
2025-12-10T19:24:07.121635,,,0
2025-12-10T19:24:09.372406,,,0
2025-12-10T19:24:11.623092,,,0
2025-12-10T19:24:13.873820,,,0
2025-12-10T19:24:16.124526,,,0
2025-12-10T19:24:18.375281,,,0
2025-12-10T19:24:20.625946,,,0
2025-12-10T19:24:22.876632,,,0
2025-12-10T19:24:25.127337,,,0
2025-12-10T19:24:27.378352,,,0
2025-12-10T19:24:29.629222,,,0
2025-12-10T19:24:31.879861,,,0
2025-12-10T19:24:34.130748,,,0
2025-12-10T19:24:36.381586,,,0
2025-12-10T19:24:38.632236,,,0
2025-12-10T19:24:40.883112,,,0
2025-12-10T19:24:43.133831,,,0
2025-12-10T19:24:45.384559,,,0
2025-12-10T19:24:47.635418,,,0
2025-12-10T19:24:49.886132,,,0
2025-12-10T19:24:52.136818,,,0
2025-12-10T19:24:54.387791,,,0
2025-12-10T19:24:56.638512,,,0
2025-12-10T19:24:58.889215,,,0
2025-12-10T19:25:01.140059,,,0
2025-12-10T19:25:03.390853,,,0
2025-12-10T19:25:05.641524,,,0
2025-12-10T19:25:07.892387,,,0
2025-12-10T19:25:10.143117,,,0
2025-12-10T19:25:12.393854,,,0
2025-12-10T19:25:14.644769,,,0
2025-12-10T19:25:16.895488,,,0
2025-12-10T19:25:19.146168,,,0
2025-12-10T19:25:21.397138,,,0
2025-12-10T19:25:23.647863,,,0
2025-12-10T19:25:25.898539,,,0
2025-12-10T19:25:28.149413,,,0
2025-12-10T19:25:30.400209,,,0
2025-12-10T19:25:32.650903,,,0
2025-12-10T19:25:34.901786,,,0
2025-12-10T19:25:37.152515,,,0
2025-12-10T19:25:39.403283,,,0
2025-12-10T19:25:41.654147,,,0
2025-12-10T19:25:43.904910,,,0
2025-12-10T19:25:46.155609,,,0
2025-12-10T19:25:48.406618,,,0
2025-12-10T19:25:50.657349,,,0
2025-12-10T19:25:52.908034,,,0
2025-12-10T19:25:55.158905,,,0
2025-12-10T19:25:57.409705,,,0
2025-12-10T19:25:59.660379,,,0
2025-12-10T19:26:01.911245,,,0
2025-12-10T19:26:04.161984,,,0
2025-12-10T19:26:06.412762,,,0
2025-12-10T19:26:08.663620,,,0
2025-12-10T19:26:10.914357,,,0
2025-12-10T19:26:13.165044,,,0
2025-12-10T19:26:15.415995,,,0
2025-12-10T19:26:17.666724,,,0
2025-12-10T19:26:19.917405,,,0
2025-12-10T19:26:22.168284,,,0
2025-12-10T19:26:24.419078,,,0
2025-12-10T19:26:26.669749,,,0
2025-12-10T19:26:28.920622,,,0
2025-12-10T19:26:31.171404,,,0
2025-12-10T19:26:33.422149,,,0
2025-12-10T19:26:35.673084,,,0
2025-12-10T19:26:37.923812,,,0
2025-12-10T19:26:40.174493,,,0
2025-12-10T19:26:42.425434,,,0
2025-12-10T19:26:44.676398,,,0
2025-12-10T19:26:46.927105,,,0
2025-12-10T19:26:49.177979,,,0
2025-12-10T19:26:51.428809,,,0
2025-12-10T19:26:53.679481,,,0
2025-12-10T19:26:55.930347,,,0
2025-12-10T19:26:58.181126,,,0
2025-12-10T19:27:00.431860,,,0
2025-12-10T19:27:02.682740,,,0
2025-12-10T19:27:04.933472,,,0
2025-12-10T19:27:07.184152,,,0
2025-12-10T19:27:09.435103,,,0
2025-12-10T19:27:11.685826,,,0
2025-12-10T19:27:13.936487,,,0
2025-12-10T19:27:16.187363,,,0
2025-12-10T19:27:18.438169,,,0
2025-12-10T19:27:20.688854,,,0
2025-12-10T19:27:22.939734,,,0
2025-12-10T19:27:25.190463,,,0
2025-12-10T19:27:27.441210,,,0
2025-12-10T19:27:29.692059,,,0
2025-12-10T19:27:31.942777,,,0
2025-12-10T19:27:34.193442,,,0
2025-12-10T19:27:36.444393,,,0
2025-12-10T19:27:38.695118,,,0
2025-12-10T19:27:40.945790,,,0
2025-12-10T19:27:43.196661,,,0
2025-12-10T19:27:45.447504,,,0
2025-12-10T19:27:47.698170,,,0
2025-12-10T19:27:49.949071,,,0
2025-12-10T19:27:52.199812,,,0
2025-12-10T19:27:54.450550,,,0
2025-12-10T19:27:56.701402,,,0
2025-12-10T19:27:58.952138,,,0
2025-12-10T19:28:01.202802,,,0
2025-12-10T19:28:03.453727,,,0
2025-12-10T19:28:05.704451,,,0
2025-12-10T19:28:07.955122,,,0
2025-12-10T19:28:10.205994,,,0
2025-12-10T19:28:12.456798,,,0
2025-12-10T19:28:14.707480,,,0
2025-12-10T19:28:16.958333,,,0
2025-12-10T19:28:19.209107,,,0
2025-12-10T19:28:21.459836,,,0
2025-12-10T19:28:23.710714,,,0
2025-12-10T19:28:25.961494,,,0
2025-12-10T19:28:28.212172,,,0
2025-12-10T19:28:30.463131,,,0
2025-12-10T19:28:32.713864,,,0
2025-12-10T19:28:34.964549,,,0
2025-12-10T19:28:37.215449,,,0
2025-12-10T19:28:39.466280,,,0
2025-12-10T19:28:41.716951,,,0
2025-12-10T19:28:43.967833,,,0
2025-12-10T19:28:46.219205,,,0
2025-12-10T19:28:48.469890,,,0
2025-12-10T19:28:50.720849,,,0
2025-12-10T19:28:52.971587,,,0
2025-12-10T19:28:55.222382,,,0
2025-12-10T19:28:57.473298,,,0
2025-12-10T19:28:59.724042,,,0
2025-12-10T19:29:01.974747,,,0
2025-12-10T19:29:04.225761,,,0
2025-12-10T19:29:06.476535,,,0
2025-12-10T19:29:08.727202,,,0
2025-12-10T19:29:10.978097,,,0
2025-12-10T19:29:13.228953,,,0
2025-12-10T19:29:15.479654,,,0
2025-12-10T19:29:17.730545,,,0
2025-12-10T19:29:19.981292,,,0
2025-12-10T19:29:22.232069,,,0
2025-12-10T19:29:24.482986,,,0
2025-12-10T19:29:26.733720,,,0
2025-12-10T19:29:28.984399,,,0
2025-12-10T19:29:31.235444,,,0
2025-12-10T19:29:33.486208,,,0
2025-12-10T19:29:35.736906,,,0
2025-12-10T19:29:37.987828,,,0
2025-12-10T19:29:40.238662,,,0
2025-12-10T19:29:42.489368,,,0
2025-12-10T19:29:44.740263,,,0
2025-12-10T19:29:46.991117,,,0
2025-12-10T19:29:49.241907,,,0
2025-12-10T19:29:51.492876,,,0
2025-12-10T19:29:53.743606,,,0
2025-12-10T19:29:55.994299,,,0
2025-12-10T19:29:58.245290,,,0
2025-12-10T19:30:00.496042,,,0
2025-12-10T19:30:02.746718,,,0
2025-12-10T19:30:04.997600,,,0
2025-12-10T19:30:07.248506,,,0
2025-12-10T19:30:09.499196,,,0
2025-12-10T19:30:11.750093,,,0
2025-12-10T19:30:14.000878,,,0
2025-12-10T19:30:16.251647,,,0
2025-12-10T19:30:18.502580,,,0
2025-12-10T19:30:20.753316,,,0
2025-12-10T19:30:23.003999,,,0
2025-12-10T19:30:25.255015,,,0
2025-12-10T19:30:27.505787,,,0
2025-12-10T19:30:29.756461,,,0
2025-12-10T19:30:32.007380,,,0
2025-12-10T19:30:34.258216,,,0
2025-12-10T19:30:36.508945,,,0
2025-12-10T19:30:38.759851,,,0
2025-12-10T19:30:41.010585,,,0
2025-12-10T19:30:43.261353,,,0
2025-12-10T19:30:45.512278,,,0
2025-12-10T19:30:47.763042,,,0
2025-12-10T19:30:50.013737,,,0
2025-12-10T19:30:52.264765,,,0
2025-12-10T19:30:54.515527,,,0
2025-12-10T19:30:56.766211,,,0
2025-12-10T19:30:59.017148,,,0
2025-12-10T19:31:01.268001,,,0
2025-12-10T19:31:03.518699,,,0
2025-12-10T19:31:05.769610,,,0
2025-12-10T19:31:08.020353,,,0
2025-12-10T19:31:10.271127,,,0
2025-12-10T19:31:12.522037,,,0
2025-12-10T19:31:14.772817,,,0
2025-12-10T19:31:17.023506,,,0
2025-12-10T19:31:19.274517,,,0
2025-12-10T19:31:21.525264,,,0
2025-12-10T19:31:23.775961,,,0
2025-12-10T19:31:26.026854,,,0
2025-12-10T19:31:28.277687,,,0
2025-12-10T19:31:30.528385,,,0
2025-12-10T19:31:32.779268,,,0
2025-12-10T19:31:35.029998,,,0
2025-12-10T19:31:37.280812,,,0
2025-12-10T19:31:39.531719,,,0
2025-12-10T19:31:41.782463,,,0
2025-12-10T19:31:44.033149,,,0
2025-12-10T19:31:46.284121,,,0
2025-12-10T19:31:48.534855,,,0
2025-12-10T19:31:50.785553,,,0
2025-12-10T19:31:53.036439,,,0
2025-12-10T19:31:55.287263,,,0
2025-12-10T19:31:57.537940,,,0
2025-12-10T19:31:59.788889,,,0
2025-12-10T19:32:02.039616,,,0
2025-12-10T19:32:04.290379,,,0
2025-12-10T19:32:06.541296,,,0
2025-12-10T19:32:08.792035,,,1
2025-12-10T19:32:11.042714,,,0
2025-12-10T19:32:13.293675,,,0
2025-12-10T19:32:15.544423,,,0
2025-12-10T19:32:17.795114,,,0
2025-12-10T19:32:20.046002,,,0
2025-12-10T19:32:22.296856,,,0
2025-12-10T19:32:24.547567,,,0
2025-12-10T19:32:26.798521,,,0
2025-12-10T19:32:29.049347,,,0
2025-12-10T19:32:31.300123,,,0
2025-12-10T19:32:33.551015,,,0
2025-12-10T19:32:35.801780,,,0
2025-12-10T19:32:38.052455,,,0
2025-12-10T19:32:40.303416,,,0
2025-12-10T19:32:42.554159,,,0
2025-12-10T19:32:44.804865,,,0
2025-12-10T19:32:47.055752,,,0
2025-12-10T19:32:49.306581,,,0
2025-12-10T19:32:51.557269,,,0
2025-12-10T19:32:53.808160,,,0
2025-12-10T19:32:56.058892,,,0
2025-12-10T19:32:58.309662,,,0
2025-12-10T19:33:00.560565,,,0
2025-12-10T19:33:02.811323,,,0
2025-12-10T19:33:05.061997,,,0
2025-12-10T19:33:07.313039,,,0
2025-12-10T19:33:09.563786,,,0
2025-12-10T19:33:11.814473,,,0
2025-12-10T19:33:14.065382,,,0
2025-12-10T19:33:16.316204,,,0
2025-12-10T19:33:18.566889,,,0
2025-12-10T19:33:20.817770,,,0
2025-12-10T19:33:23.068511,,,0
2025-12-10T19:33:25.319278,,,0
2025-12-10T19:33:27.570185,,,0
2025-12-10T19:33:29.820952,,,0
2025-12-10T19:33:32.071633,,,0
2025-12-10T19:33:34.322634,,,0
2025-12-10T19:33:36.573377,,,0
2025-12-10T19:33:38.824066,,,0
2025-12-10T19:33:41.074946,,,0
2025-12-10T19:33:43.325770,,,0
2025-12-10T19:33:45.576448,,,0
2025-12-10T19:33:47.827340,,,0
2025-12-10T19:33:50.078089,,,0
2025-12-10T19:33:52.328873,,,0
2025-12-10T19:33:54.579761,,,0
2025-12-10T19:33:56.830501,,,0
2025-12-10T19:33:59.081184,,,0
2025-12-10T19:34:01.332162,,,0
2025-12-10T19:34:03.582922,,,0
2025-12-10T19:34:05.833611,,,0
2025-12-10T19:34:08.084489,,,0
2025-12-10T19:34:10.335325,,,0
2025-12-10T19:34:12.586002,,,0
2025-12-10T19:34:14.836972,,,0
2025-12-10T19:34:17.087703,,,0
2025-12-10T19:34:19.338472,,,0
2025-12-10T19:34:21.589394,,,0
2025-12-10T19:34:23.840143,,,0
2025-12-10T19:34:26.090818,,,1
2025-12-10T19:34:28.341811,,,0
2025-12-10T19:34:30.592562,,,0
2025-12-10T19:34:32.843253,,,0
2025-12-10T19:34:35.094162,,,0
2025-12-10T19:34:37.344988,,,0
2025-12-10T19:34:39.595689,,,0
2025-12-10T19:34:41.846603,,,0
2025-12-10T19:34:44.097343,,,0
2025-12-10T19:34:46.348116,,,0
2025-12-10T19:34:48.599027,,,0
2025-12-10T19:34:50.849782,,,0
2025-12-10T19:34:53.100455,,,0
2025-12-10T19:34:55.351425,,,0
2025-12-10T19:34:57.602185,,,0
2025-12-10T19:34:59.852896,,,0
2025-12-10T19:35:02.103795,,,0
2025-12-10T19:35:04.354622,,,0
2025-12-10T19:35:06.605310,,,0
2025-12-10T19:35:08.856202,,,0
2025-12-10T19:35:11.106943,,,0
2025-12-10T19:35:13.357710,,,0
2025-12-10T19:35:15.608604,,,0
2025-12-10T19:35:17.859426,,,0
2025-12-10T19:35:20.110100,,,0
2025-12-10T19:35:22.361118,,,0
2025-12-10T19:35:24.611892,,,0
2025-12-10T19:35:26.862573,,,0
2025-12-10T19:35:29.113489,,,0
2025-12-10T19:35:31.364319,,,0
2025-12-10T19:35:33.614995,,,0
2025-12-10T19:35:35.865883,,,0
2025-12-10T19:35:38.116608,,,0
2025-12-10T19:35:40.367366,,,0
2025-12-10T19:35:42.618255,,,0
2025-12-10T19:35:44.869032,,,0
2025-12-10T19:35:47.119718,,,0
2025-12-10T19:35:49.370717,,,0
2025-12-10T19:35:51.621473,,,0
2025-12-10T19:35:53.872159,,,0
2025-12-10T19:35:56.123041,,,0
2025-12-10T19:35:58.373869,,,0
2025-12-10T19:36:00.624545,,,0
2025-12-10T19:36:02.875462,,,0
2025-12-10T19:36:05.126191,,,0
2025-12-10T19:36:07.376963,,,0
2025-12-10T19:36:09.627833,,,0
2025-12-10T19:36:11.878753,,,0
2025-12-10T19:36:14.129420,,,0
2025-12-10T19:36:16.380410,,,0
2025-12-10T19:36:18.631155,,,0
2025-12-10T19:36:20.881834,,,0
2025-12-10T19:36:23.132840,,,0
2025-12-10T19:36:25.383665,,,0
2025-12-10T19:36:27.634339,,,0
2025-12-10T19:36:29.885268,,,0
2025-12-10T19:36:32.136015,,,0
2025-12-10T19:36:34.386768,,,0
2025-12-10T19:36:36.637634,,,0
2025-12-10T19:36:38.888369,,,0
2025-12-10T19:36:41.139028,,,0
2025-12-10T19:36:43.389977,,,0
2025-12-10T19:36:45.640734,,,0
2025-12-10T19:36:47.891416,,,0
2025-12-10T19:36:50.142305,,,0
2025-12-10T19:36:52.393127,,,0
2025-12-10T19:36:54.643799,,,0
2025-12-10T19:36:56.894674,,,0
2025-12-10T19:36:59.145405,,,0
2025-12-10T19:37:01.396153,,,0
2025-12-10T19:37:03.647040,,,0
2025-12-10T19:37:05.897776,,,0
2025-12-10T19:37:08.148451,,,0
2025-12-10T19:37:10.399403,,,0
2025-12-10T19:37:12.650133,,,0
2025-12-10T19:37:14.900849,,,0
2025-12-10T19:37:17.151701,,,0
2025-12-10T19:37:19.402495,,,0
2025-12-10T19:37:21.653195,,,0
2025-12-10T19:37:23.904070,,,0
2025-12-10T19:37:26.154797,,,0
2025-12-10T19:37:28.405550,,,0
2025-12-10T19:37:30.656424,,,0
2025-12-10T19:37:32.907150,,,0
2025-12-10T19:37:35.157825,,,0
2025-12-10T19:37:37.408810,,,0
2025-12-10T19:37:39.659547,,,0
2025-12-10T19:37:41.910223,,,0
2025-12-10T19:37:44.161139,,,0
2025-12-10T19:37:46.411940,,,0
2025-12-10T19:37:48.662609,,,0
2025-12-10T19:37:50.913485,,,0
2025-12-10T19:37:53.164206,,,0
2025-12-10T19:37:55.414942,,,0
2025-12-10T19:37:57.665798,,,0
2025-12-10T19:37:59.916531,,,0
2025-12-10T19:38:02.167199,,,0
2025-12-10T19:38:04.418133,,,0
2025-12-10T19:38:06.668878,,,0
2025-12-10T19:38:08.919556,,,0
2025-12-10T19:38:11.170437,,,0
2025-12-10T19:38:13.421248,,,0
2025-12-10T19:38:15.671930,,,0
2025-12-10T19:38:17.922795,,,0
2025-12-10T19:38:20.173521,,,0
2025-12-10T19:38:22.424272,,,0
2025-12-10T19:38:24.675131,,,0
2025-12-10T19:38:26.925877,,,0
2025-12-10T19:38:29.176555,,,0
2025-12-10T19:38:31.427512,,,0
2025-12-10T19:38:33.678246,,,0
2025-12-10T19:38:35.928953,,,0
2025-12-10T19:38:38.179834,,,0
2025-12-10T19:38:40.430637,,,0
2025-12-10T19:38:42.681324,,,0
2025-12-10T19:38:44.932249,,,0
2025-12-10T19:38:47.182976,,,0
2025-12-10T19:38:49.433713,,,0
2025-12-10T19:38:51.684786,,,0
2025-12-10T19:38:53.935527,,,0
2025-12-10T19:38:56.186201,,,0
2025-12-10T19:38:58.437152,,,0
2025-12-10T19:39:00.687885,,,0
2025-12-10T19:39:02.938573,,,0
2025-12-10T19:39:05.189473,,,0
2025-12-10T19:39:07.440270,,,0
2025-12-10T19:39:09.690941,,,0
2025-12-10T19:39:11.941818,,,0
2025-12-10T19:39:14.192540,,,0
2025-12-10T19:39:16.443277,,,0
2025-12-10T19:39:18.694145,,,0
2025-12-10T19:39:20.945066,,,0
2025-12-10T19:39:23.195732,,,0
2025-12-10T19:39:25.446657,,,0
2025-12-10T19:39:27.697380,,,0
2025-12-10T19:39:29.948056,,,0
2025-12-10T19:39:32.198926,,,0
2025-12-10T19:39:34.449723,,,0
2025-12-10T19:39:36.700379,,,0
2025-12-10T19:39:38.951242,,,0
2025-12-10T19:39:41.201966,,,0
2025-12-10T19:39:43.452697,,,0
2025-12-10T19:39:45.703601,,,0
2025-12-10T19:39:47.954343,,,0
2025-12-10T19:39:50.205029,,,0
2025-12-10T19:39:52.455957,,,0
2025-12-10T19:39:54.706689,,,0
2025-12-10T19:39:56.957370,,,0
2025-12-10T19:39:59.208246,,,0
2025-12-10T19:40:01.459039,,,0
2025-12-10T19:40:03.709718,,,0
2025-12-10T19:40:05.960590,,,0
2025-12-10T19:40:08.211380,,,0
2025-12-10T19:40:10.462111,,,0
2025-12-10T19:40:12.713060,,,0
2025-12-10T19:40:14.963786,,,0
2025-12-10T19:40:17.214456,,,0
2025-12-10T19:40:19.465412,,,0
2025-12-10T19:40:21.716144,,,0
2025-12-10T19:40:23.966819,,,0
2025-12-10T19:40:26.217690,,,0
2025-12-10T19:40:28.468497,,,0
2025-12-10T19:40:30.719187,,,0
2025-12-10T19:40:32.970191,,,0
2025-12-10T19:40:35.221068,,,0
2025-12-10T19:40:37.471735,,,0
2025-12-10T19:40:39.722598,,,0
2025-12-10T19:40:41.973344,,,0
2025-12-10T19:40:44.224109,,,0
2025-12-10T19:40:46.475026,,,0
2025-12-10T19:40:48.725753,,,0
2025-12-10T19:40:50.976423,,,0
2025-12-10T19:40:53.227387,,,0
2025-12-10T19:40:55.478131,,,0
2025-12-10T19:40:57.728815,,,0
2025-12-10T19:40:59.979710,,,0
2025-12-10T19:41:02.230521,,,0
2025-12-10T19:41:04.481192,,,0
2025-12-10T19:41:06.732052,,,0
2025-12-10T19:41:08.982776,,,0
2025-12-10T19:41:11.233531,,,0
2025-12-10T19:41:13.484401,,,0
2025-12-10T19:41:15.735125,,,0
2025-12-10T19:41:17.985792,,,0
2025-12-10T19:41:20.236792,,,0
2025-12-10T19:41:22.487543,,,0
2025-12-10T19:41:24.738210,,,0
2025-12-10T19:41:26.989150,,,0
2025-12-10T19:41:29.239956,,,0
2025-12-10T19:41:31.490633,,,0
2025-12-10T19:41:33.741498,,,0
2025-12-10T19:41:35.992238,,,0
2025-12-10T19:41:38.242980,,,0
2025-12-10T19:41:40.493839,,,0
2025-12-10T19:41:42.744563,,,0
2025-12-10T19:41:44.995231,,,0
2025-12-10T19:41:47.246174,,,0
2025-12-10T19:41:49.496931,,,0
2025-12-10T19:41:51.747611,,,0
2025-12-10T19:41:53.998469,,,0
2025-12-10T19:41:56.249309,,,0
2025-12-10T19:41:58.499983,,,0
2025-12-10T19:42:00.750876,,,0
2025-12-10T19:42:03.001608,,,0
2025-12-10T19:42:05.252367,,,0
2025-12-10T19:42:07.503253,,,0
2025-12-10T19:42:09.753985,,,0
2025-12-10T19:42:12.004651,,,0
2025-12-10T19:42:14.255633,,,0
2025-12-10T19:42:16.506346,,,0
2025-12-10T19:42:18.757032,,,0
2025-12-10T19:42:21.007895,,,0
2025-12-10T19:42:23.258717,,,0
2025-12-10T19:42:25.509384,,,0
2025-12-10T19:42:27.760255,,,0
2025-12-10T19:42:30.010989,,,0
2025-12-10T19:42:32.261766,,,0
2025-12-10T19:42:34.512668,,,0
2025-12-10T19:42:36.763466,,,0
2025-12-10T19:42:39.014137,,,0
2025-12-10T19:42:41.265155,,,0
2025-12-10T19:42:43.515892,,,0
2025-12-10T19:42:45.766560,,,0
2025-12-10T19:42:48.017429,,,0
2025-12-10T19:42:50.268512,,,0
2025-12-10T19:42:52.519190,,,0
2025-12-10T19:42:54.770069,,,0
2025-12-10T19:42:57.021061,,,0
2025-12-10T19:42:59.271832,,,0
2025-12-10T19:43:01.522697,,,0
2025-12-10T19:43:03.773463,,,0
2025-12-10T19:43:06.024133,,,0
2025-12-10T19:43:08.275091,,,0
2025-12-10T19:43:10.525835,,,0
2025-12-10T19:43:12.776495,,,0
2025-12-10T19:43:15.027362,,,0
2025-12-10T19:43:17.278186,,,0
2025-12-10T19:43:19.528892,,,0
2025-12-10T19:43:21.779761,,,0
2025-12-10T19:43:24.030490,,,0
2025-12-10T19:43:26.281320,,,0
2025-12-10T19:43:28.532186,,,0
2025-12-10T19:43:30.783197,,,0
2025-12-10T19:43:33.033865,,,0
2025-12-10T19:43:35.284884,,,0
2025-12-10T19:43:37.535603,,,0
2025-12-10T19:43:39.786285,,,0
2025-12-10T19:43:42.037169,,,0
2025-12-10T19:43:44.287990,,,0
2025-12-10T19:43:46.538674,,,0
2025-12-10T19:43:48.789561,,,0
2025-12-10T19:43:51.040286,,,0
2025-12-10T19:43:53.291037,,,0
2025-12-10T19:43:55.541904,,,0
2025-12-10T19:43:57.792639,,,0
2025-12-10T19:44:00.043352,,,0
2025-12-10T19:44:02.294316,,,0
2025-12-10T19:44:04.545054,,,0
2025-12-10T19:44:06.795724,,,0
2025-12-10T19:44:09.046601,,,0
2025-12-10T19:44:11.297416,,,0
2025-12-10T19:44:13.548085,,,0
2025-12-10T19:44:15.798954,,,0
2025-12-10T19:44:18.049670,,,0
2025-12-10T19:44:20.300424,,,0
2025-12-10T19:44:22.551310,,,0
2025-12-10T19:44:24.802060,,,0
2025-12-10T19:44:27.052756,,,0
2025-12-10T19:44:29.303720,,,0
2025-12-10T19:44:31.554474,,,0
2025-12-10T19:44:33.805191,,,0
2025-12-10T19:44:36.055883,,,0
2025-12-10T19:44:38.306668,,,0
2025-12-10T19:44:40.557349,,,0
2025-12-10T19:44:42.808388,,,0
2025-12-10T19:44:45.059126,,,0
2025-12-10T19:44:47.309896,,,0
2025-12-10T19:44:49.560821,,,1
2025-12-10T19:44:51.811569,,,0
2025-12-10T19:44:54.062261,,,0
2025-12-10T19:44:56.313243,,,0
2025-12-10T19:44:58.563983,,,0
2025-12-10T19:45:00.814682,,,0
2025-12-10T19:45:03.065583,,,0
2025-12-10T19:45:05.316409,,,0
2025-12-10T19:45:07.567085,,,0
2025-12-10T19:45:09.818000,,,0
2025-12-10T19:45:12.068765,,,0
2025-12-10T19:45:14.319519,,,0
2025-12-10T19:45:16.570375,,,0
2025-12-10T19:45:18.821128,,,0
2025-12-10T19:45:21.071801,,,0
2025-12-10T19:45:23.322794,,,0
2025-12-10T19:45:25.573525,,,0
2025-12-10T19:45:27.824190,,,0
2025-12-10T19:45:30.075061,,,0
2025-12-10T19:45:32.325877,,,0
2025-12-10T19:45:34.576552,,,0
2025-12-10T19:45:36.827415,,,0
2025-12-10T19:45:39.078153,,,0
2025-12-10T19:45:41.328935,,,0
2025-12-10T19:45:43.579823,,,0
2025-12-10T19:45:45.830557,,,0
2025-12-10T19:45:48.081235,,,0
2025-12-10T19:45:50.332211,,,0
2025-12-10T19:45:52.582934,,,0
2025-12-10T19:45:54.833601,,,0
2025-12-10T19:45:57.084485,,,0
2025-12-10T19:45:59.335301,,,0
2025-12-10T19:46:01.585960,,,0
2025-12-10T19:46:03.836881,,,0
2025-12-10T19:46:06.087615,,,0
2025-12-10T19:46:08.338365,,,0
2025-12-10T19:46:10.589278,,,0
2025-12-10T19:46:12.840009,,,0
2025-12-10T19:46:15.090686,,,0
2025-12-10T19:46:17.341637,,,0
2025-12-10T19:46:19.592358,,,0
2025-12-10T19:46:21.843031,,,0
2025-12-10T19:46:24.093907,,,0
2025-12-10T19:46:26.344742,,,0
2025-12-10T19:46:28.595406,,,0
2025-12-10T19:46:30.846338,,,0
2025-12-10T19:46:33.097129,,,0
2025-12-10T19:46:35.347902,,,0
2025-12-10T19:46:37.598818,,,0
2025-12-10T19:46:39.849619,,,0
2025-12-10T19:46:42.100340,,,0
2025-12-10T19:46:44.351316,,,0
2025-12-10T19:46:46.602104,,,0
2025-12-10T19:46:48.852825,,,0
2025-12-10T19:46:51.103725,,,0
2025-12-10T19:46:53.354567,,,0
2025-12-10T19:46:55.605328,,,0
2025-12-10T19:46:57.856216,,,0
2025-12-10T19:47:00.106999,,,0
2025-12-10T19:47:02.357776,,,0
2025-12-10T19:47:04.608685,,,0
2025-12-10T19:47:06.859461,,,0
2025-12-10T19:47:09.110134,,,0
2025-12-10T19:47:11.361142,,,0
2025-12-10T19:47:13.611899,,,0
2025-12-10T19:47:15.862574,,,0
2025-12-10T19:47:18.113474,,,0
2025-12-10T19:47:20.364282,,,0
2025-12-10T19:47:22.614960,,,0
2025-12-10T19:47:24.865816,,,0
2025-12-10T19:47:27.116558,,,0
2025-12-10T19:47:29.367316,,,0
2025-12-10T19:47:31.618197,,,0
2025-12-10T19:47:33.868938,,,0
2025-12-10T19:47:36.119615,,,0
2025-12-10T19:47:38.370578,,,0
2025-12-10T19:47:40.621302,,,0
2025-12-10T19:47:42.871969,,,0
2025-12-10T19:47:45.122840,,,0
2025-12-10T19:47:47.373659,,,0
2025-12-10T19:47:49.624334,,,0
2025-12-10T19:47:51.875210,,,0
2025-12-10T19:47:54.125946,,,0
2025-12-10T19:47:56.376693,,,0
2025-12-10T19:47:58.627598,,,0
2025-12-10T19:48:00.878326,,,0
2025-12-10T19:48:03.129040,,,0
2025-12-10T19:48:05.380000,,,0
2025-12-10T19:48:07.630731,,,0
2025-12-10T19:48:09.881390,,,0
2025-12-10T19:48:12.132283,,,0
2025-12-10T19:48:14.383096,,,0
2025-12-10T19:48:16.633774,,,0
2025-12-10T19:48:18.884651,,,0
2025-12-10T19:48:21.135421,,,0
2025-12-10T19:48:23.386173,,,0
2025-12-10T19:48:25.637092,,,0
2025-12-10T19:48:27.887814,,,0
2025-12-10T19:48:30.138503,,,0
2025-12-10T19:48:32.389498,,,0
2025-12-10T19:48:34.640313,,,0
2025-12-10T19:48:36.891090,,,0
2025-12-10T19:48:39.141991,,,0
2025-12-10T19:48:41.392815,,,0
2025-12-10T19:48:43.643491,,,0
2025-12-10T19:48:45.894364,,,0
2025-12-10T19:48:48.145130,,,0
2025-12-10T19:48:50.395870,,,0
2025-12-10T19:48:52.646736,,,0
2025-12-10T19:48:54.897465,,,0
2025-12-10T19:48:57.148139,,,0
2025-12-10T19:48:59.399093,,,0
2025-12-10T19:49:01.649822,,,0
2025-12-10T19:49:03.900493,,,0
2025-12-10T19:49:06.151393,,,0
2025-12-10T19:49:08.402183,,,0
2025-12-10T19:49:10.652878,,,0
2025-12-10T19:49:12.903760,,,0
2025-12-10T19:49:15.154498,,,0
2025-12-10T19:49:17.405260,,,0
2025-12-10T19:49:19.656127,,,0
2025-12-10T19:49:21.906846,,,0
2025-12-10T19:49:24.157527,,,0
2025-12-10T19:49:26.408468,,,0
2025-12-10T19:49:28.659189,,,0
2025-12-10T19:49:30.909858,,,0
2025-12-10T19:49:33.160782,,,0
2025-12-10T19:49:35.411586,,,0
2025-12-10T19:49:37.662257,,,0
2025-12-10T19:49:39.913124,,,0
2025-12-10T19:49:42.163855,,,0
2025-12-10T19:49:44.414588,,,0
2025-12-10T19:49:46.665460,,,0
2025-12-10T19:49:48.916212,,,0
2025-12-10T19:49:51.166939,,,0
2025-12-10T19:49:53.417936,,,0
2025-12-10T19:49:55.668682,,,0
2025-12-10T19:49:57.919378,,,0
2025-12-10T19:50:00.170249,,,0
2025-12-10T19:50:02.421077,,,0
2025-12-10T19:50:04.671752,,,0
2025-12-10T19:50:06.922636,,,0
2025-12-10T19:50:09.173402,,,0
2025-12-10T19:50:11.424156,,,0
2025-12-10T19:50:13.675032,,,0
2025-12-10T19:50:15.925756,,,0
2025-12-10T19:50:18.176433,,,0
2025-12-10T19:50:20.427377,,,0
2025-12-10T19:50:22.678108,,,0
2025-12-10T19:50:24.928797,,,0
2025-12-10T19:50:27.179672,,,0
2025-12-10T19:50:29.430468,,,0
2025-12-10T19:50:31.681161,,,0
2025-12-10T19:50:33.932061,,,0
2025-12-10T19:50:36.182818,,,0
2025-12-10T19:50:38.433576,,,0
2025-12-10T19:50:40.684463,,,0
2025-12-10T19:50:42.935197,,,0
2025-12-10T19:50:45.185877,,,0
2025-12-10T19:50:47.436903,,,0
2025-12-10T19:50:49.687651,,,0
2025-12-10T19:50:51.938342,,,0
2025-12-10T19:50:54.189252,,,0
2025-12-10T19:50:56.440070,,,0
2025-12-10T19:50:58.690767,,,0
2025-12-10T19:51:00.941666,,,0
2025-12-10T19:51:03.192425,,,0
2025-12-10T19:51:05.443181,,,0
2025-12-10T19:51:07.694106,,,0
2025-12-10T19:51:09.944866,,,0
2025-12-10T19:51:12.195555,,,0
2025-12-10T19:51:14.446518,,,0
2025-12-10T19:51:16.697275,,,0
2025-12-10T19:51:18.947958,,,0
2025-12-10T19:51:21.198846,,,0
2025-12-10T19:51:23.449666,,,0
2025-12-10T19:51:25.700350,,,0
2025-12-10T19:51:27.951223,,,0
2025-12-10T19:51:30.201962,,,0
2025-12-10T19:51:32.452755,,,0
2025-12-10T19:51:34.703689,,,0
2025-12-10T19:51:36.954728,,,0
2025-12-10T19:51:39.205517,,,0
2025-12-10T19:51:41.456488,,,0
2025-12-10T19:51:43.707249,,,0
2025-12-10T19:51:45.957923,,,0
2025-12-10T19:51:48.209038,,,0
2025-12-10T19:51:50.459865,,,0
2025-12-10T19:51:52.710521,,,0
2025-12-10T19:51:54.961431,,,0
2025-12-10T19:51:57.212205,,,0
2025-12-10T19:51:59.462977,,,0
2025-12-10T19:52:01.713877,,,0
2025-12-10T19:52:03.964663,,,0
2025-12-10T19:52:06.215371,,,0
2025-12-10T19:52:08.466346,,,0
2025-12-10T19:52:10.717111,,,0
2025-12-10T19:52:12.967810,,,0
2025-12-10T19:52:15.220169,,,0
2025-12-10T19:52:17.470971,,,0
2025-12-10T19:52:19.721651,,,0
2025-12-10T19:52:21.972560,,,0
2025-12-10T19:52:24.223416,,,0
2025-12-10T19:52:26.474131,,,0
2025-12-10T19:52:28.725056,,,0
2025-12-10T19:52:30.975850,,,0
2025-12-10T19:52:33.226636,,,0
2025-12-10T19:52:35.477602,,,0
2025-12-10T19:52:37.728343,,,0
2025-12-10T19:52:39.979046,,,0
2025-12-10T19:52:42.230004,,,0
2025-12-10T19:52:44.480757,,,0
2025-12-10T19:52:46.731420,,,0
2025-12-10T19:52:48.982290,,,0
2025-12-10T19:52:51.233118,,,0
2025-12-10T19:52:53.483785,,,0
2025-12-10T19:52:55.734653,,,0
2025-12-10T19:52:57.985399,,,0
2025-12-10T19:53:00.236138,,,0
2025-12-10T19:53:02.487041,,,0
2025-12-10T19:53:04.737760,,,0
2025-12-10T19:53:06.988425,,,0
2025-12-10T19:53:09.239374,,,0
2025-12-10T19:53:11.490116,,,0
2025-12-10T19:53:13.740787,,,0
2025-12-10T19:53:15.991661,,,0
2025-12-10T19:53:18.242459,,,0
2025-12-10T19:53:20.493138,,,0
2025-12-10T19:53:22.744028,,,0
2025-12-10T19:53:24.994751,,,0
2025-12-10T19:53:27.245490,,,0
2025-12-10T19:53:29.496388,,,0
2025-12-10T19:53:31.747116,,,0
2025-12-10T19:53:33.997794,,,0
2025-12-10T19:53:36.248776,,,0
2025-12-10T19:53:38.499534,,,0
2025-12-10T19:53:40.750203,,,0
2025-12-10T19:53:43.001107,,,0
2025-12-10T19:53:45.251902,,,0
2025-12-10T19:53:47.502600,,,0
2025-12-10T19:53:49.753455,,,0
2025-12-10T19:53:52.004216,,,0
2025-12-10T19:53:54.254997,,,0
2025-12-10T19:53:56.505909,,,0
2025-12-10T19:53:58.756635,,,0
2025-12-10T19:54:01.007309,,,0
2025-12-10T19:54:03.258282,,,0
2025-12-10T19:54:05.509093,,,0
2025-12-10T19:54:07.759771,,,0
2025-12-10T19:54:10.010644,,,1
2025-12-10T19:54:12.261450,,,0
2025-12-10T19:54:14.512154,,,0
2025-12-10T19:54:16.763024,,,0
2025-12-10T19:54:19.013769,,,0
2025-12-10T19:54:21.264530,,,0
2025-12-10T19:54:23.515403,,,0
2025-12-10T19:54:25.766264,,,0
2025-12-10T19:54:28.016947,,,0
2025-12-10T19:54:30.267889,,,0
2025-12-10T19:54:32.518640,,,0
2025-12-10T19:54:34.769308,,,0
2025-12-10T19:54:37.020219,,,0
2025-12-10T19:54:39.271038,,,0
2025-12-10T19:54:41.521724,,,0
2025-12-10T19:54:43.772597,,,0
2025-12-10T19:54:46.023408,,,0
2025-12-10T19:54:48.274153,,,0
2025-12-10T19:54:50.525094,,,0
2025-12-10T19:54:52.775827,,,0
2025-12-10T19:54:55.026512,,,0
2025-12-10T19:54:57.277515,,,0
2025-12-10T19:54:59.528280,,,0
2025-12-10T19:55:01.778963,,,0
2025-12-10T19:55:04.029859,,,0
2025-12-10T19:55:06.280759,,,0
2025-12-10T19:55:08.531487,,,0
2025-12-10T19:55:10.782418,,,0
2025-12-10T19:55:13.033322,,,0
2025-12-10T19:55:15.284101,,,0
2025-12-10T19:55:17.534993,,,0
2025-12-10T19:55:19.785736,,,0
2025-12-10T19:55:22.036414,,,0
2025-12-10T19:55:24.287358,,,0
2025-12-10T19:55:26.538109,,,0
2025-12-10T19:55:28.788799,,,0
2025-12-10T19:55:31.039679,,,0
2025-12-10T19:55:33.290621,,,0
2025-12-10T19:55:35.541296,,,0
2025-12-10T19:55:37.792173,,,0
2025-12-10T19:55:40.042913,,,0
2025-12-10T19:55:42.293660,,,0
2025-12-10T19:55:44.544535,,,0
2025-12-10T19:55:46.795270,,,0
2025-12-10T19:55:49.045940,,,0
2025-12-10T19:55:51.296943,,,0
2025-12-10T19:55:53.547688,,,0
2025-12-10T19:55:55.798360,,,0
2025-12-10T19:55:58.049275,,,0
2025-12-10T19:56:00.300080,,,0
2025-12-10T19:56:02.550776,,,0
2025-12-10T19:56:04.801646,,,0
2025-12-10T19:56:07.052405,,,0
2025-12-10T19:56:09.303147,,,0
2025-12-10T19:56:11.554010,,,0
2025-12-10T19:56:13.804747,,,0
2025-12-10T19:56:16.055425,,,0
2025-12-10T19:56:18.306382,,,0
2025-12-10T19:56:20.557146,,,0
2025-12-10T19:56:22.807865,,,0
2025-12-10T19:56:25.058795,,,0
2025-12-10T19:56:27.309626,,,0
2025-12-10T19:56:29.560339,,,0
2025-12-10T19:56:31.811219,,,0
2025-12-10T19:56:34.061958,,,0
2025-12-10T19:56:36.312699,,,0
2025-12-10T19:56:38.563681,,,0
2025-12-10T19:56:40.814410,,,0
2025-12-10T19:56:43.065119,,,0
2025-12-10T19:56:45.316106,,,0
2025-12-10T19:56:47.566858,,,0
2025-12-10T19:56:49.817532,,,0
2025-12-10T19:56:52.068447,,,0
2025-12-10T19:56:54.319276,,,0
2025-12-10T19:56:56.569972,,,0
2025-12-10T19:56:58.820928,,,0
2025-12-10T19:57:01.071659,,,0
2025-12-10T19:57:03.322428,,,0
2025-12-10T19:57:05.573368,,,0
2025-12-10T19:57:07.824106,,,0
2025-12-10T19:57:10.074798,,,0
2025-12-10T19:57:12.325779,,,0
2025-12-10T19:57:14.576540,,,0
2025-12-10T19:57:16.827215,,,0
2025-12-10T19:57:19.078119,,,0
2025-12-10T19:57:21.328972,,,0
2025-12-10T19:57:23.579671,,,0
2025-12-10T19:57:25.830560,,,0
2025-12-10T19:57:28.081305,,,0
2025-12-10T19:57:30.332069,,,0
2025-12-10T19:57:32.582998,,,0
2025-12-10T19:57:34.833733,,,0
2025-12-10T19:57:37.084419,,,0
2025-12-10T19:57:39.335411,,,0
2025-12-10T19:57:41.586156,,,0
2025-12-10T19:57:43.836852,,,0
2025-12-10T19:57:46.087747,,,0
2025-12-10T19:57:48.338567,,,0
2025-12-10T19:57:50.589275,,,0
2025-12-10T19:57:52.840177,,,0
2025-12-10T19:57:55.090926,,,0
2025-12-10T19:57:57.341691,,,0
2025-12-10T19:57:59.592601,,,0
2025-12-10T19:58:01.843371,,,0
2025-12-10T19:58:04.094067,,,0
2025-12-10T19:58:06.345082,,,0
2025-12-10T19:58:08.595824,,,0
2025-12-10T19:58:10.846506,,,0
2025-12-10T19:58:13.097424,,,0
2025-12-10T19:58:15.348252,,,0
2025-12-10T19:58:17.598942,,,0
2025-12-10T19:58:19.849836,,,0
2025-12-10T19:58:22.100586,,,0
2025-12-10T19:58:24.351350,,,0
2025-12-10T19:58:26.602263,,,1
2025-12-10T19:58:28.852993,,,0
2025-12-10T19:58:31.103679,,,0
2025-12-10T19:58:33.354650,,,0
2025-12-10T19:58:35.605418,,,0
2025-12-10T19:58:37.856096,,,0
2025-12-10T19:58:40.107011,,,0
2025-12-10T19:58:42.357839,,,0
2025-12-10T19:58:44.608530,,,0
2025-12-10T19:58:46.859422,,,0
2025-12-10T19:58:49.110176,,,0
2025-12-10T19:58:51.360960,,,0
2025-12-10T19:58:53.611877,,,0
2025-12-10T19:58:55.862615,,,0
2025-12-10T19:58:58.113311,,,0
2025-12-10T19:59:00.364283,,,0
2025-12-10T19:59:02.615043,,,0
2025-12-10T19:59:04.865714,,,0
2025-12-10T19:59:07.116599,,,0
2025-12-10T19:59:09.367482,,,0
2025-12-10T19:59:11.618176,,,0
2025-12-10T19:59:13.869121,,,0
2025-12-10T19:59:16.119871,,,0
2025-12-10T19:59:18.370637,,,0
2025-12-10T19:59:20.621525,,,0
2025-12-10T19:59:22.872268,,,0
2025-12-10T19:59:25.122982,,,0
2025-12-10T19:59:27.373961,,,0
2025-12-10T19:59:29.624702,,,0
2025-12-10T19:59:31.875408,,,0
2025-12-10T19:59:34.126287,,,0
2025-12-10T19:59:36.377123,,,0
2025-12-10T19:59:38.627838,,,0
2025-12-10T19:59:40.878738,,,0
2025-12-10T19:59:43.129487,,,0
2025-12-10T19:59:45.380243,,,0
2025-12-10T19:59:47.631165,,,0
2025-12-10T19:59:49.881886,,,0
2025-12-10T19:59:52.132574,,,0
2025-12-10T19:59:54.383559,,,0
2025-12-10T19:59:56.634307,,,0
2025-12-10T19:59:58.884974,,,0
2025-12-10T20:00:01.135843,,,0
2025-12-10T20:00:03.386673,,,0
2025-12-10T20:00:05.637364,,,0
2025-12-10T20:00:07.888261,,,0
2025-12-10T20:00:10.139011,,,0
2025-12-10T20:00:12.389768,,,0
2025-12-10T20:00:14.640664,,,0
2025-12-10T20:00:16.891509,,,0
2025-12-10T20:00:19.142200,,,0
2025-12-10T20:00:21.393157,,,0
2025-12-10T20:00:23.643907,,,0
2025-12-10T20:00:25.894579,,,0
2025-12-10T20:00:28.145482,,,0
2025-12-10T20:00:30.396302,,,0
2025-12-10T20:00:32.646999,,,0
2025-12-10T20:00:34.897894,,,0
2025-12-10T20:00:37.148644,,,0
2025-12-10T20:00:39.399431,,,0
2025-12-10T20:00:41.650332,,,0
2025-12-10T20:00:43.901379,,,0
2025-12-10T20:00:46.152083,,,0
2025-12-10T20:00:48.403050,,,0
2025-12-10T20:00:50.653807,,,0
2025-12-10T20:00:52.904513,,,0
2025-12-10T20:00:55.155404,,,0
2025-12-10T20:00:57.406520,,,0
2025-12-10T20:00:59.657226,,,0
2025-12-10T20:01:01.908107,,,0
2025-12-10T20:01:04.158870,,,0
2025-12-10T20:01:06.409628,,,0
2025-12-10T20:01:08.660516,,,0
2025-12-10T20:01:10.911264,,,0
2025-12-10T20:01:13.161957,,,0
2025-12-10T20:01:15.413014,,,0
2025-12-10T20:01:17.663765,,,0
2025-12-10T20:01:19.914437,,,0
2025-12-10T20:01:22.165339,,,0
2025-12-10T20:01:24.416160,,,0
2025-12-10T20:01:26.666855,,,0
2025-12-10T20:01:28.917730,,,0
2025-12-10T20:01:31.168489,,,0
2025-12-10T20:01:33.419237,,,0
2025-12-10T20:01:35.670133,,,0
2025-12-10T20:01:37.920890,,,0
2025-12-10T20:01:40.171582,,,0
2025-12-10T20:01:42.422577,,,0
2025-12-10T20:01:44.673315,,,0
2025-12-10T20:01:46.924000,,,0
2025-12-10T20:01:49.174873,,,0
2025-12-10T20:01:51.425701,,,0
2025-12-10T20:01:53.676376,,,0
2025-12-10T20:01:55.927277,,,0
2025-12-10T20:01:58.178014,,,0
2025-12-10T20:02:00.428791,,,0
2025-12-10T20:02:02.679687,,,0
2025-12-10T20:02:04.930707,,,0
2025-12-10T20:02:07.181390,,,0
2025-12-10T20:02:09.432365,,,0
2025-12-10T20:02:11.683141,,,0
2025-12-10T20:02:13.933828,,,0
2025-12-10T20:02:16.184811,,,0
2025-12-10T20:02:18.435644,,,0
2025-12-10T20:02:20.686386,,,0
2025-12-10T20:02:22.937341,,,0
2025-12-10T20:02:25.188111,,,0
2025-12-10T20:02:27.438887,,,0
2025-12-10T20:02:29.689767,,,0
2025-12-10T20:02:31.940537,,,0
2025-12-10T20:02:34.191229,,,0
2025-12-10T20:02:36.442196,,,0
2025-12-10T20:02:38.692989,,,0
2025-12-10T20:02:40.943787,,,0
2025-12-10T20:02:43.194716,,,0
2025-12-10T20:02:45.445543,,,0
2025-12-10T20:02:47.696313,,,0
2025-12-10T20:02:49.947241,,,0
2025-12-10T20:02:52.197990,,,0
2025-12-10T20:02:54.448797,,,0
2025-12-10T20:02:56.699666,,,0
2025-12-10T20:02:58.950424,,,0
2025-12-10T20:03:01.201121,,,0
2025-12-10T20:03:03.452082,,,0
2025-12-10T20:03:05.702863,,,0
2025-12-10T20:03:07.953590,,,1
2025-12-10T20:03:10.204463,,,0
2025-12-10T20:03:12.455286,,,0
2025-12-10T20:03:14.705972,,,0
2025-12-10T20:03:16.956902,,,0
2025-12-10T20:03:19.207668,,,0
2025-12-10T20:03:21.458442,,,0
2025-12-10T20:03:23.709344,,,0
2025-12-10T20:03:25.960256,,,0
2025-12-10T20:03:28.210941,,,0
2025-12-10T20:03:30.461928,,,0
2025-12-10T20:03:32.712672,,,0
2025-12-10T20:03:34.963408,,,0
2025-12-10T20:03:37.214285,,,0
2025-12-10T20:03:39.465145,,,0
2025-12-10T20:03:41.715834,,,0
2025-12-10T20:03:43.966733,,,0
2025-12-10T20:03:46.217478,,,0
2025-12-10T20:03:48.468248,,,0
2025-12-10T20:03:50.719118,,,0
2025-12-10T20:03:52.969942,,,0
2025-12-10T20:03:55.220788,,,0
2025-12-10T20:03:57.471671,,,0
2025-12-10T20:03:59.722421,,,0
2025-12-10T20:04:01.973126,,,0
2025-12-10T20:04:04.224127,,,0
2025-12-10T20:04:06.474898,,,0
2025-12-10T20:04:08.725577,,,0
2025-12-10T20:04:10.976472,,,0
2025-12-10T20:04:13.227348,,,0
2025-12-10T20:04:15.478053,,,0
2025-12-10T20:04:17.728968,,,0
2025-12-10T20:04:19.979717,,,0
2025-12-10T20:04:22.230498,,,0
2025-12-10T20:04:24.481397,,,0
2025-12-10T20:04:26.732138,,,0
2025-12-10T20:04:28.982818,,,0
2025-12-10T20:04:31.233838,,,0
2025-12-10T20:04:33.484581,,,0
2025-12-10T20:04:35.735264,,,0
2025-12-10T20:04:37.986157,,,0
2025-12-10T20:04:40.236986,,,0
2025-12-10T20:04:42.487770,,,0
2025-12-10T20:04:44.738671,,,0
2025-12-10T20:04:46.989499,,,0
2025-12-10T20:04:49.240279,,,0
2025-12-10T20:04:51.491188,,,0
2025-12-10T20:04:53.741939,,,0
2025-12-10T20:04:55.992635,,,0
2025-12-10T20:04:58.243590,,,0
2025-12-10T20:05:00.494336,,,0
2025-12-10T20:05:02.745050,,,0
2025-12-10T20:05:04.995955,,,0
2025-12-10T20:05:07.246944,,,0
2025-12-10T20:05:09.497663,,,0
2025-12-10T20:05:11.748551,,,0
2025-12-10T20:05:13.999289,,,0
2025-12-10T20:05:16.250046,,,0
2025-12-10T20:05:18.500997,,,0
2025-12-10T20:05:20.751735,,,0
2025-12-10T20:05:23.002492,,,0
2025-12-10T20:05:25.253468,,,0
2025-12-10T20:05:27.504350,,,0
2025-12-10T20:05:29.755027,,,0
2025-12-10T20:05:32.005901,,,0
2025-12-10T20:05:34.256747,,,0
2025-12-10T20:05:36.507430,,,0
2025-12-10T20:05:38.758286,,,0
2025-12-10T20:05:41.009022,,,0
2025-12-10T20:05:43.259782,,,0
2025-12-10T20:05:45.510647,,,0
2025-12-10T20:05:47.761367,,,0
2025-12-10T20:05:50.012036,,,0
2025-12-10T20:05:52.262973,,,0
2025-12-10T20:05:54.513731,,,1
2025-12-10T20:05:56.764426,,,0
2025-12-10T20:05:59.015320,,,0
2025-12-10T20:06:01.266145,,,0
2025-12-10T20:06:03.516857,,,0
2025-12-10T20:06:05.767720,,,0
2025-12-10T20:06:08.018455,,,0
2025-12-10T20:06:10.269225,,,0
2025-12-10T20:06:12.520091,,,0
2025-12-10T20:06:14.770835,,,0
2025-12-10T20:06:17.021503,,,0
2025-12-10T20:06:19.272438,,,0
2025-12-10T20:06:21.523164,,,0
2025-12-10T20:06:23.773832,,,0
2025-12-10T20:06:26.024685,,,0
2025-12-10T20:06:28.275536,,,0
2025-12-10T20:06:30.526230,,,0
2025-12-10T20:06:32.777117,,,0
2025-12-10T20:06:35.027854,,,0
2025-12-10T20:06:37.278639,,,0
2025-12-10T20:06:39.529518,,,0
2025-12-10T20:06:41.780247,,,0
2025-12-10T20:06:44.030991,,,0
2025-12-10T20:06:46.281961,,,0
2025-12-10T20:06:48.532754,,,0
2025-12-10T20:06:50.783470,,,0
2025-12-10T20:06:53.034404,,,0
2025-12-10T20:06:55.285257,,,0
2025-12-10T20:06:57.535981,,,0
2025-12-10T20:06:59.786917,,,0
2025-12-10T20:07:02.037702,,,0
2025-12-10T20:07:04.288481,,,0
2025-12-10T20:07:06.539386,,,0
2025-12-10T20:07:08.790124,,,0
2025-12-10T20:07:11.040840,,,0
2025-12-10T20:07:13.291801,,,0
2025-12-10T20:07:15.542568,,,0
2025-12-10T20:07:17.793260,,,0
2025-12-10T20:07:20.044169,,,0
2025-12-10T20:07:22.294992,,,0
2025-12-10T20:07:24.545686,,,0
2025-12-10T20:07:26.796600,,,0
2025-12-10T20:07:29.047403,,,0
2025-12-10T20:07:31.298176,,,0
2025-12-10T20:07:33.549118,,,0
2025-12-10T20:07:35.799852,,,0
2025-12-10T20:07:38.050546,,,0
2025-12-10T20:07:40.301520,,,0
2025-12-10T20:07:42.552273,,,0
2025-12-10T20:07:44.802949,,,0
2025-12-10T20:07:47.053859,,,0
2025-12-10T20:07:49.304687,,,0
2025-12-10T20:07:51.555421,,,0
2025-12-10T20:07:53.806292,,,0
2025-12-10T20:07:56.057070,,,0
2025-12-10T20:07:58.307839,,,0
2025-12-10T20:08:00.558743,,,0
2025-12-10T20:08:02.809478,,,0
2025-12-10T20:08:05.060172,,,0
2025-12-10T20:08:07.311129,,,0
2025-12-10T20:08:09.561874,,,0
2025-12-10T20:08:11.812557,,,0
2025-12-10T20:08:14.063439,,,0
2025-12-10T20:08:16.314273,,,0
2025-12-10T20:08:18.564981,,,0
2025-12-10T20:08:20.815876,,,0
2025-12-10T20:08:23.066638,,,0
2025-12-10T20:08:25.317408,,,0
2025-12-10T20:08:27.568292,,,0
2025-12-10T20:08:29.819190,,,0
2025-12-10T20:08:32.069883,,,0
2025-12-10T20:08:34.321009,,,0
2025-12-10T20:08:36.571854,,,0
2025-12-10T20:08:38.822538,,,0
2025-12-10T20:08:41.073435,,,0
2025-12-10T20:08:43.324274,,,1
2025-12-10T20:08:45.574974,,,0
2025-12-10T20:08:47.825852,,,0
2025-12-10T20:08:50.076639,,,0
2025-12-10T20:08:52.327435,,,0
2025-12-10T20:08:54.578422,,,0
2025-12-10T20:08:56.829218,,,0
2025-12-10T20:08:59.079925,,,0
2025-12-10T20:09:01.330717,,,0
2025-12-10T20:09:03.581435,,,0
2025-12-10T20:09:05.832332,,,0
2025-12-10T20:09:08.083092,,,0
2025-12-10T20:09:10.333868,,,0
2025-12-10T20:09:12.584554,,,0
2025-12-10T20:09:14.835233,,,0
2025-12-10T20:09:17.086150,,,0
2025-12-10T20:09:19.336988,,,0
2025-12-10T20:09:21.587714,,,0
2025-12-10T20:09:23.838606,,,0
2025-12-10T20:09:26.089381,,,0
2025-12-10T20:09:28.340158,,,0
2025-12-10T20:09:30.591072,,,0
2025-12-10T20:09:32.841831,,,0
2025-12-10T20:09:35.092556,,,0
2025-12-10T20:09:37.343522,,,0
2025-12-10T20:09:39.594298,,,0
2025-12-10T20:09:41.844962,,,0
2025-12-10T20:09:44.095836,,,0
2025-12-10T20:09:46.346664,,,0
2025-12-10T20:09:48.597372,,,0
2025-12-10T20:09:50.848247,,,0
2025-12-10T20:09:53.098989,,,0
2025-12-10T20:09:55.349767,,,0
2025-12-10T20:09:57.600692,,,0
2025-12-10T20:09:59.851518,,,0
2025-12-10T20:10:02.102210,,,0
2025-12-10T20:10:04.353181,,,0
2025-12-10T20:10:06.603938,,,0
2025-12-10T20:10:08.854613,,,0
2025-12-10T20:10:11.105494,,,0
2025-12-10T20:10:13.356315,,,0
2025-12-10T20:10:15.607010,,,0
2025-12-10T20:10:17.857882,,,0
2025-12-10T20:10:20.108633,,,0
2025-12-10T20:10:22.359413,,,0
2025-12-10T20:10:24.610288,,,0
2025-12-10T20:10:26.861049,,,0
2025-12-10T20:10:29.111730,,,0
2025-12-10T20:10:31.362694,,,0
2025-12-10T20:10:33.613445,,,0
2025-12-10T20:10:35.864145,,,0
2025-12-10T20:10:38.115021,,,0
2025-12-10T20:10:40.365842,,,0
2025-12-10T20:10:42.616536,,,0
2025-12-10T20:10:44.867418,,,0
2025-12-10T20:10:47.118179,,,0
2025-12-10T20:10:49.368953,,,0
2025-12-10T20:10:51.619823,,,0
2025-12-10T20:10:53.870560,,,0
2025-12-10T20:10:56.121247,,,0
2025-12-10T20:10:58.372193,,,0
2025-12-10T20:11:00.622938,,,0
2025-12-10T20:11:02.873616,,,0
2025-12-10T20:11:05.124521,,,0
2025-12-10T20:11:07.375334,,,0
2025-12-10T20:11:09.626000,,,0
2025-12-10T20:11:11.876904,,,0
2025-12-10T20:11:14.127634,,,0
2025-12-10T20:11:16.378381,,,0
2025-12-10T20:11:18.629245,,,0
2025-12-10T20:11:20.879967,,,0
2025-12-10T20:11:23.130644,,,0
2025-12-10T20:11:25.381597,,,0
2025-12-10T20:11:27.632317,,,0
2025-12-10T20:11:29.882991,,,0
2025-12-10T20:11:32.133835,,,0
2025-12-10T20:11:34.384644,,,0
2025-12-10T20:11:36.635352,,,0
2025-12-10T20:11:38.886215,,,0
2025-12-10T20:11:41.136949,,,0
2025-12-10T20:11:43.387716,,,0
2025-12-10T20:11:45.638562,,,0
2025-12-10T20:11:47.889413,,,0
2025-12-10T20:11:50.140129,,,1
2025-12-10T20:11:52.391085,,,0
2025-12-10T20:11:54.641823,,,0
2025-12-10T20:11:56.892543,,,0
2025-12-10T20:11:59.143426,,,0
2025-12-10T20:12:01.394390,,,0
2025-12-10T20:12:03.645089,,,0
2025-12-10T20:12:05.895969,,,0
2025-12-10T20:12:08.146691,,,0
2025-12-10T20:12:10.397441,,,0
2025-12-10T20:12:12.648292,,,0
2025-12-10T20:12:14.899034,,,0
2025-12-10T20:12:17.149752,,,0
2025-12-10T20:12:19.400776,,,0
2025-12-10T20:12:21.651535,,,0
2025-12-10T20:12:23.902265,,,0
2025-12-10T20:12:26.153169,,,0
2025-12-10T20:12:28.403987,,,0
2025-12-10T20:12:30.654673,,,0
2025-12-10T20:12:32.905559,,,0
2025-12-10T20:12:35.156297,,,0
2025-12-10T20:12:37.407062,,,0
2025-12-10T20:12:39.657953,,,0
2025-12-10T20:12:41.908700,,,0
2025-12-10T20:12:44.159406,,,0
2025-12-10T20:12:46.410403,,,0
2025-12-10T20:12:48.661157,,,0
2025-12-10T20:12:50.911899,,,0
2025-12-10T20:12:53.162824,,,0
2025-12-10T20:12:55.413665,,,0
2025-12-10T20:12:57.664398,,,0
2025-12-10T20:12:59.915321,,,0
2025-12-10T20:13:02.166102,,,0
2025-12-10T20:13:04.416898,,,0
2025-12-10T20:13:06.667800,,,0
2025-12-10T20:13:08.918580,,,0
2025-12-10T20:13:11.169282,,,0
2025-12-10T20:13:13.420245,,,0
2025-12-10T20:13:15.670987,,,0
2025-12-10T20:13:17.921727,,,0
2025-12-10T20:13:20.172625,,,0
2025-12-10T20:13:22.423529,,,0
2025-12-10T20:13:24.674230,,,0
2025-12-10T20:13:26.925149,,,0
2025-12-10T20:13:29.175875,,,0
2025-12-10T20:13:31.426654,,,0
2025-12-10T20:13:33.677561,,,0
2025-12-10T20:13:35.928313,,,0
2025-12-10T20:13:38.178987,,,0
2025-12-10T20:13:40.429952,,,0
2025-12-10T20:13:42.680699,,,0
2025-12-10T20:13:44.931422,,,1
2025-12-10T20:13:47.182313,,,0
2025-12-10T20:13:49.433179,,,0
2025-12-10T20:13:51.683861,,,0
2025-12-10T20:13:53.934748,,,0
2025-12-10T20:13:56.185493,,,0
2025-12-10T20:13:58.436276,,,0
2025-12-10T20:14:00.687173,,,0
2025-12-10T20:14:02.937974,,,0
2025-12-10T20:14:05.188672,,,0
2025-12-10T20:14:07.439673,,,0
2025-12-10T20:14:09.690415,,,0
2025-12-10T20:14:11.941138,,,0
2025-12-10T20:14:14.192045,,,0
2025-12-10T20:14:16.442864,,,0
2025-12-10T20:14:18.693543,,,0
2025-12-10T20:14:20.944436,,,0
2025-12-10T20:14:23.195178,,,0
2025-12-10T20:14:25.445945,,,0
2025-12-10T20:14:27.696928,,,0
2025-12-10T20:14:29.947673,,,0
2025-12-10T20:14:32.198351,,,0
2025-12-10T20:14:34.449340,,,0
2025-12-10T20:14:36.700069,,,0
2025-12-10T20:14:38.950764,,,0
2025-12-10T20:14:41.201630,,,0
2025-12-10T20:14:43.452457,,,0
2025-12-10T20:14:45.703137,,,0
2025-12-10T20:14:47.954150,,,0
2025-12-10T20:14:50.204933,,,0
2025-12-10T20:14:52.455671,,,0
2025-12-10T20:14:54.706522,,,0
2025-12-10T20:14:56.957258,,,0
2025-12-10T20:14:59.207933,,,0
2025-12-10T20:15:01.458871,,,0
2025-12-10T20:15:03.709609,,,0
2025-12-10T20:15:05.960300,,,0
2025-12-10T20:15:08.211153,,,0
2025-12-10T20:15:10.461948,,,0
2025-12-10T20:15:12.712612,,,0
2025-12-10T20:15:14.963472,,,0
2025-12-10T20:15:17.214194,,,0
2025-12-10T20:15:19.464942,,,0
2025-12-10T20:15:21.715792,,,0
2025-12-10T20:15:23.966530,,,0
2025-12-10T20:15:26.217214,,,0
2025-12-10T20:15:28.468127,,,0
2025-12-10T20:15:30.718849,,,0
2025-12-10T20:15:32.969521,,,1
2025-12-10T20:15:35.220466,,,0
2025-12-10T20:15:37.471232,,,0
2025-12-10T20:15:39.721927,,,0
2025-12-10T20:15:41.972879,,,0
2025-12-10T20:15:44.223697,,,0
2025-12-10T20:15:46.477438,,,0
2025-12-10T20:15:48.728317,,,0
2025-12-10T20:15:50.979052,,,0
2025-12-10T20:15:53.229816,,,0
2025-12-10T20:15:55.480782,,,0
2025-12-10T20:15:57.731512,,,0
2025-12-10T20:15:59.982215,,,0
2025-12-10T20:16:02.233170,,,0
2025-12-10T20:16:04.483911,,,0
2025-12-10T20:16:06.734606,,,0
2025-12-10T20:16:08.985465,,,0
2025-12-10T20:16:11.236265,,,0
2025-12-10T20:16:13.486955,,,0
2025-12-10T20:16:15.737815,,,0
2025-12-10T20:16:17.988565,,,0
2025-12-10T20:16:20.239313,,,0
2025-12-10T20:16:22.490177,,,0
2025-12-10T20:16:24.740905,,,0
2025-12-10T20:16:26.991593,,,0
2025-12-10T20:16:29.242527,,,0
2025-12-10T20:16:31.493285,,,0
2025-12-10T20:16:33.743964,,,0
2025-12-10T20:16:35.994826,,,0
2025-12-10T20:16:38.245625,,,0
2025-12-10T20:16:40.496291,,,0
2025-12-10T20:16:42.747138,,,0
2025-12-10T20:16:44.997868,,,0
2025-12-10T20:16:47.248639,,,0
2025-12-10T20:16:49.499529,,,0
2025-12-10T20:16:51.750265,,,0
2025-12-10T20:16:54.000958,,,0
2025-12-10T20:16:56.251925,,,0
2025-12-10T20:16:58.502692,,,0
2025-12-10T20:17:00.753364,,,0
2025-12-10T20:17:03.004253,,,0
2025-12-10T20:17:05.255095,,,0
2025-12-10T20:17:07.505834,,,0
2025-12-10T20:17:09.756767,,,0
2025-12-10T20:17:12.007540,,,0
2025-12-10T20:17:14.258320,,,0
2025-12-10T20:17:16.509222,,,0
2025-12-10T20:17:18.759958,,,0
2025-12-10T20:17:21.010647,,,0
2025-12-10T20:17:23.261633,,,0
2025-12-10T20:17:25.512388,,,0
2025-12-10T20:17:27.763073,,,0
2025-12-10T20:17:30.013971,,,0
2025-12-10T20:17:32.264828,,,0
2025-12-10T20:17:34.515529,,,0
2025-12-10T20:17:36.766394,,,0
2025-12-10T20:17:39.017168,,,0
2025-12-10T20:17:41.267946,,,0
2025-12-10T20:17:43.518883,,,0
2025-12-10T20:17:45.769626,,,0
2025-12-10T20:17:48.020325,,,0
2025-12-10T20:17:50.271293,,,0
2025-12-10T20:17:52.522051,,,0
2025-12-10T20:17:54.772753,,,0
2025-12-10T20:17:57.023654,,,0
2025-12-10T20:17:59.274489,,,0
2025-12-10T20:18:01.525203,,,0
2025-12-10T20:18:03.776114,,,0
2025-12-10T20:18:06.026867,,,0
2025-12-10T20:18:08.277650,,,0
2025-12-10T20:18:10.528547,,,0
2025-12-10T20:18:12.779272,,,0
2025-12-10T20:18:15.029981,,,0
2025-12-10T20:18:17.281062,,,0
2025-12-10T20:18:19.531812,,,0
2025-12-10T20:18:21.782483,,,0
2025-12-10T20:18:24.033388,,,0
2025-12-10T20:18:26.284216,,,0
2025-12-10T20:18:28.534911,,,0
2025-12-10T20:18:30.785773,,,0
2025-12-10T20:18:33.036514,,,0
2025-12-10T20:18:35.287289,,,0
2025-12-10T20:18:37.538204,,,0
2025-12-10T20:18:39.788962,,,0
2025-12-10T20:18:42.039653,,,0
2025-12-10T20:18:44.290597,,,1
2025-12-10T20:18:46.541343,,,0
2025-12-10T20:18:48.792033,,,0
2025-12-10T20:18:51.042935,,,0
2025-12-10T20:18:53.293768,,,0
2025-12-10T20:18:55.544561,,,0
2025-12-10T20:18:57.795470,,,0
2025-12-10T20:19:00.046235,,,0
2025-12-10T20:19:02.297034,,,0
2025-12-10T20:19:04.547929,,,0
2025-12-10T20:19:06.798705,,,0
2025-12-10T20:19:09.049566,,,0
2025-12-10T20:19:11.327657,,,0
2025-12-10T20:19:13.578408,,,0
2025-12-10T20:19:15.829110,,,0
2025-12-10T20:19:18.079993,,,0
2025-12-10T20:19:20.331112,,,0
2025-12-10T20:19:22.581809,,,0
2025-12-10T20:19:24.832750,,,0
2025-12-10T20:19:27.083508,,,0
2025-12-10T20:19:29.334292,,,0
2025-12-10T20:19:31.585237,,,0
2025-12-10T20:19:33.835976,,,0
2025-12-10T20:19:36.086674,,,1
2025-12-10T20:19:38.337648,,,0
2025-12-10T20:19:40.588407,,,0
2025-12-10T20:19:42.839121,,,0
2025-12-10T20:19:45.090093,,,0
2025-12-10T20:19:47.340950,,,0
2025-12-10T20:19:49.591630,,,0
2025-12-10T20:19:51.842570,,,1
2025-12-10T20:19:54.093328,,,0
2025-12-10T20:19:56.344103,,,0
2025-12-10T20:19:58.594978,,,0
2025-12-10T20:20:00.845728,,,0
2025-12-10T20:20:03.096429,,,0
2025-12-10T20:20:05.347403,,,0
2025-12-10T20:20:07.598181,,,0
2025-12-10T20:20:09.848919,,,0
2025-12-10T20:20:12.099817,,,0
2025-12-10T20:20:14.350646,,,0
2025-12-10T20:20:16.601318,,,0
2025-12-10T20:20:18.852218,,,0
2025-12-10T20:20:21.102990,,,0
2025-12-10T20:20:23.353762,,,0
2025-12-10T20:20:25.604641,,,0
2025-12-10T20:20:27.855445,,,0
2025-12-10T20:20:30.106127,,,0
2025-12-10T20:20:32.357146,,,0
2025-12-10T20:20:34.607894,,,0
2025-12-10T20:20:36.858577,,,0
2025-12-10T20:20:39.109476,,,0
2025-12-10T20:20:41.360300,,,0
2025-12-10T20:20:43.610978,,,0
2025-12-10T20:20:45.861877,,,0
2025-12-10T20:20:48.112623,,,0
2025-12-10T20:20:50.363750,,,0
2025-12-10T20:20:52.614424,,,1
2025-12-10T20:20:54.865250,,,0
2025-12-10T20:20:57.116034,,,0
2025-12-10T20:20:59.367024,,,0
2025-12-10T20:21:01.617914,,,0
2025-12-10T20:21:03.868598,,,0
2025-12-10T20:21:06.119487,,,0
2025-12-10T20:21:08.370351,,,0
2025-12-10T20:21:10.621068,,,0
2025-12-10T20:21:12.871792,,,0
2025-12-10T20:21:15.122488,,,0
2025-12-10T20:21:17.373459,,,0
2025-12-10T20:21:19.624194,,,0
2025-12-10T20:21:21.874869,,,0
2025-12-10T20:21:24.125734,,,0
2025-12-10T20:21:26.376558,,,0
2025-12-10T20:21:28.627225,,,0
2025-12-10T20:21:30.878100,,,0
2025-12-10T20:21:33.128875,,,0
2025-12-10T20:21:35.379630,,,0
2025-12-10T20:21:37.630501,,,0
2025-12-10T20:21:39.881249,,,0
2025-12-10T20:21:42.131907,,,1
2025-12-10T20:21:44.382876,,,0
2025-12-10T20:21:46.633633,,,0
2025-12-10T20:21:48.884312,,,0
2025-12-10T20:21:51.135172,,,0
2025-12-10T20:21:53.386120,,,0
2025-12-10T20:21:55.636817,,,0
2025-12-10T20:21:57.887736,,,0
2025-12-10T20:22:00.138493,,,0
2025-12-10T20:22:02.389260,,,0
2025-12-10T20:22:04.640128,,,0
2025-12-10T20:22:06.890874,,,0
2025-12-10T20:22:09.141533,,,0
2025-12-10T20:22:11.392495,,,0
2025-12-10T20:22:13.643268,,,0
2025-12-10T20:22:15.893948,,,0
2025-12-10T20:22:18.144850,,,0
2025-12-10T20:22:20.395671,,,0
2025-12-10T20:22:22.646360,,,0
2025-12-10T20:22:24.897301,,,0
2025-12-10T20:22:27.148105,,,0
2025-12-10T20:22:29.398871,,,0
2025-12-10T20:22:31.649831,,,0
2025-12-10T20:22:33.900583,,,0
2025-12-10T20:22:36.151262,,,0
2025-12-10T20:22:38.402243,,,0
2025-12-10T20:22:40.653043,,,0
2025-12-10T20:22:42.903755,,,0
2025-12-10T20:22:45.154655,,,0
2025-12-10T20:22:47.405500,,,0
2025-12-10T20:22:49.656202,,,0
2025-12-10T20:22:51.907187,,,0
2025-12-10T20:22:54.158112,,,0
2025-12-10T20:22:56.408896,,,0
2025-12-10T20:22:58.659803,,,0
2025-12-10T20:23:00.910570,,,0
2025-12-10T20:23:03.161510,,,0
2025-12-10T20:23:05.412511,,,0
2025-12-10T20:23:07.663293,,,0
2025-12-10T20:23:09.914049,,,0
2025-12-10T20:23:12.165027,,,0
2025-12-10T20:23:14.415859,,,0
2025-12-10T20:23:16.666574,,,0
2025-12-10T20:23:18.917499,,,0
2025-12-10T20:23:21.168268,,,0
2025-12-10T20:23:23.419046,,,0
2025-12-10T20:23:25.669981,,,0
2025-12-10T20:23:27.920795,,,0
2025-12-10T20:23:30.171488,,,0
2025-12-10T20:23:32.422461,,,0
2025-12-10T20:23:34.673221,,,0
2025-12-10T20:23:36.923915,,,0
2025-12-10T20:23:39.174805,,,0
2025-12-10T20:23:41.425624,,,0
2025-12-10T20:23:43.676321,,,0
2025-12-10T20:23:45.927213,,,0
2025-12-10T20:23:48.177966,,,0
2025-12-10T20:23:50.428751,,,0
2025-12-10T20:23:52.679635,,,0
2025-12-10T20:23:54.930397,,,0
2025-12-10T20:23:57.181098,,,0
2025-12-10T20:23:59.432066,,,0
2025-12-10T20:24:01.682802,,,0
2025-12-10T20:24:03.933499,,,0
2025-12-10T20:24:06.184402,,,0
2025-12-10T20:24:08.319265,21.0,60.4,0
2025-12-10T20:24:10.574083,21.0,60.5,0
2025-12-10T20:24:12.829077,21.0,60.5,0
2025-12-10T20:24:15.083792,21.0,60.5,0
2025-12-10T20:24:17.338397,21.0,60.6,0
2025-12-10T20:24:19.593062,21.0,60.6,0
2025-12-10T20:24:21.847785,21.0,60.6,0
2025-12-10T20:24:24.102553,21.0,60.6,0
2025-12-10T20:24:26.357502,21.0,60.6,0
2025-12-10T20:24:28.612212,21.0,60.6,0
2025-12-10T20:24:30.866823,21.0,60.6,0
2025-12-10T20:24:33.121584,21.0,60.6,0
2025-12-10T20:24:35.378233,21.0,60.6,0
2025-12-10T20:24:37.632902,21.0,60.5,0
2025-12-10T20:24:39.887730,21.0,60.5,0
2025-12-10T20:24:42.142262,21.0,60.5,0
2025-12-10T20:24:44.396958,21.0,60.5,0
2025-12-10T20:24:46.651830,21.0,60.5,0
2025-12-10T20:24:48.906577,21.0,60.5,0
2025-12-10T20:24:51.161403,21.0,60.5,0
2025-12-10T20:24:53.416296,21.0,60.5,0
2025-12-10T20:24:55.671021,21.0,60.5,0
2025-12-10T20:24:57.925627,21.0,60.5,0
2025-12-10T20:25:00.180403,21.0,60.5,0
2025-12-10T20:25:02.437240,21.0,60.5,0
2025-12-10T20:25:04.691699,21.0,60.5,0
2025-12-10T20:25:06.946519,21.0,60.5,0
2025-12-10T20:25:09.201248,21.0,60.5,0
2025-12-10T20:25:11.455992,21.0,60.4,0
2025-12-10T20:25:13.710842,21.0,60.4,0
2025-12-10T20:25:15.965451,21.0,60.5,0
2025-12-10T20:25:18.221243,21.0,60.4,0
2025-12-10T20:25:20.476071,21.0,60.4,0
2025-12-10T20:25:22.730689,21.0,60.4,0
2025-12-10T20:25:24.985259,21.0,60.4,0
2025-12-10T20:25:27.240118,21.0,60.4,0
2025-12-10T20:25:29.494730,21.0,60.4,0
2025-12-10T20:25:31.749288,21.0,60.4,0
2025-12-10T20:25:34.004089,21.0,60.4,0
2025-12-10T20:25:36.258852,21.0,60.4,0
2025-12-10T20:25:38.513397,21.0,60.4,0
2025-12-10T20:25:40.768177,21.1,60.5,0
2025-12-10T20:25:43.022773,21.0,60.4,0
2025-12-10T20:25:45.277389,21.0,60.5,0
2025-12-10T20:25:47.531999,21.0,60.5,0
2025-12-10T20:25:49.786468,21.0,60.5,0
2025-12-10T20:25:52.041056,21.0,60.5,0
2025-12-10T20:25:54.295608,21.0,60.5,0
2025-12-10T20:25:56.550214,21.0,60.5,0
2025-12-10T20:25:58.804440,21.0,60.5,0
2025-12-10T20:26:01.059168,21.0,60.5,0
2025-12-10T20:26:03.313946,21.0,60.5,0
2025-12-10T20:26:05.568591,21.0,60.5,0
2025-12-10T20:26:07.823425,21.0,60.5,0
2025-12-10T20:26:10.078114,21.0,60.5,0
2025-12-10T20:26:12.332855,21.0,60.5,0
2025-12-10T20:26:14.587715,21.0,60.5,0
2025-12-10T20:26:16.842389,21.0,60.5,0
2025-12-10T20:26:19.097095,21.0,60.5,0
2025-12-10T20:26:21.351938,21.0,60.5,0
2025-12-10T20:26:23.606553,21.0,60.5,0
2025-12-10T20:26:25.861104,21.0,60.5,0
2025-12-10T20:26:28.115915,21.0,60.5,0
2025-12-10T20:26:30.372813,21.1,60.5,0
2025-12-10T20:26:32.627140,21.0,60.5,0
2025-12-10T20:26:34.881870,21.0,60.5,0
2025-12-10T20:26:37.136490,21.0,60.5,0
2025-12-10T20:26:39.391109,21.1,60.6,0
2025-12-10T20:26:41.645859,21.1,60.6,0
2025-12-10T20:26:43.900098,21.1,60.6,0
2025-12-10T20:26:46.154611,21.1,60.6,0
2025-12-10T20:26:48.409450,21.1,60.6,0
2025-12-10T20:26:50.664034,21.0,60.5,0
2025-12-10T20:26:52.918583,21.1,60.6,0
2025-12-10T20:26:55.173243,21.1,60.6,0
2025-12-10T20:26:57.427962,21.0,60.5,0
2025-12-10T20:26:59.682375,21.1,60.5,0
2025-12-10T20:27:01.937185,21.1,60.6,0
2025-12-10T20:27:04.191769,21.1,60.5,0
2025-12-10T20:27:06.446284,21.1,60.6,0
2025-12-10T20:27:08.701121,21.1,60.6,0
2025-12-10T20:27:10.955665,21.1,60.6,0
2025-12-10T20:27:13.210155,21.0,60.5,0
2025-12-10T20:27:15.465099,21.1,60.5,0
2025-12-10T20:27:17.719694,21.1,60.5,0
2025-12-10T20:27:19.974290,21.1,60.5,0
2025-12-10T20:27:22.229141,21.1,60.5,0
2025-12-10T20:27:24.483863,21.1,60.5,0
2025-12-10T20:27:26.738476,21.0,60.5,0
2025-12-10T20:27:28.992955,21.1,60.5,0
2025-12-10T20:27:31.247670,21.0,60.5,0
2025-12-10T20:27:33.502281,21.0,60.5,0
2025-12-10T20:27:35.757156,21.1,60.6,0
2025-12-10T20:27:38.011891,21.1,60.6,0
2025-12-10T20:27:40.266420,21.0,60.5,0
2025-12-10T20:27:42.521328,21.0,60.5,0
2025-12-10T20:27:44.775996,21.1,60.6,0
2025-12-10T20:27:47.030582,21.1,60.6,0
2025-12-10T20:27:49.285490,21.0,60.5,0
2025-12-10T20:27:51.540187,21.1,60.5,0
2025-12-10T20:27:53.794719,21.1,60.5,0
2025-12-10T20:27:56.049508,21.1,60.5,0
2025-12-10T20:27:58.304119,21.1,60.5,0
2025-12-10T20:28:00.558612,21.0,60.4,0
2025-12-10T20:28:02.813434,21.1,60.5,0
2025-12-10T20:28:05.068196,21.0,60.5,0
2025-12-10T20:28:07.322822,21.1,60.5,0
2025-12-10T20:28:09.577573,21.1,60.5,0
2025-12-10T20:28:11.832304,21.0,60.4,0
2025-12-10T20:28:14.086612,21.1,60.5,0
2025-12-10T20:28:16.341157,21.1,60.6,0
2025-12-10T20:28:18.595748,21.1,60.6,0
2025-12-10T20:28:20.850081,21.1,60.6,0
2025-12-10T20:28:23.105003,21.1,60.6,0
2025-12-10T20:28:25.359779,21.1,60.8,0
2025-12-10T20:28:27.614358,21.1,61.0,0
2025-12-10T20:28:29.869245,21.0,61.1,0
2025-12-10T20:28:32.123974,21.0,61.6,0
2025-12-10T20:28:34.378687,21.0,61.7,0
2025-12-10T20:28:36.633490,21.1,61.7,0
2025-12-10T20:28:38.888138,21.1,61.7,0
2025-12-10T20:28:41.142652,21.0,61.6,0
2025-12-10T20:28:43.397548,,,0
2025-12-10T20:28:45.652311,21.1,61.4,0
2025-12-10T20:28:47.906817,21.1,61.3,0
2025-12-10T20:28:50.161663,21.0,61.2,0
2025-12-10T20:28:52.416478,21.1,61.2,0
2025-12-10T20:28:54.671042,21.1,61.1,0
2025-12-10T20:28:56.925782,21.1,61.0,0
2025-12-10T20:28:59.179952,21.1,60.9,0
2025-12-10T20:29:01.434668,21.1,60.9,0
2025-12-10T20:29:03.689384,21.1,60.8,0
2025-12-10T20:29:05.943619,21.1,60.8,0
2025-12-10T20:29:08.198157,21.1,60.8,0
2025-12-10T20:29:10.453088,21.1,60.8,0
2025-12-10T20:29:12.707727,21.0,60.7,0
2025-12-10T20:29:14.962287,21.0,60.6,0
2025-12-10T20:29:17.217119,21.0,60.6,0
2025-12-10T20:29:19.471891,21.1,60.6,0
2025-12-10T20:29:21.726287,21.0,60.6,1
2025-12-10T20:29:23.981152,21.0,60.5,0
2025-12-10T20:29:26.235976,21.1,60.6,0
2025-12-10T20:29:28.490505,21.1,60.6,0
2025-12-10T20:29:30.745230,21.0,60.5,0
2025-12-10T20:29:32.999846,21.1,60.6,0
2025-12-10T20:29:35.254112,21.1,60.5,0
2025-12-10T20:29:37.508930,21.0,60.5,0
2025-12-10T20:29:39.763650,21.0,60.5,0
2025-12-10T20:29:42.018178,21.1,60.6,0
2025-12-10T20:29:44.273156,21.0,60.5,0
2025-12-10T20:29:46.527872,21.1,60.6,0
2025-12-10T20:29:48.782079,21.1,60.6,0
2025-12-10T20:29:51.036939,21.1,60.6,0
2025-12-10T20:29:53.291575,21.1,60.6,0
2025-12-10T20:29:55.545779,21.1,60.6,0
2025-12-10T20:29:57.800554,21.1,60.5,0
2025-12-10T20:30:00.054966,21.1,60.5,0
2025-12-10T20:30:02.309201,21.0,60.5,0
2025-12-10T20:30:04.564048,21.1,60.5,0
2025-12-10T20:30:06.820751,21.1,60.5,0
2025-12-10T20:30:09.075407,21.1,60.5,0
2025-12-10T20:30:11.330193,21.1,60.5,0
2025-12-10T20:30:13.584930,21.1,60.5,0
2025-12-10T20:30:15.839555,21.1,60.5,0
2025-12-10T20:30:18.093894,21.1,60.5,0
2025-12-10T20:30:20.348697,21.1,60.5,0
2025-12-10T20:30:22.603321,21.0,60.5,1
2025-12-10T20:30:24.858043,21.0,60.5,0
2025-12-10T20:30:27.112772,21.1,60.5,0
2025-12-10T20:30:29.367425,21.1,60.5,0
2025-12-10T20:30:31.622233,21.1,60.5,0
2025-12-10T20:30:33.876791,21.0,60.5,0
2025-12-10T20:30:36.131348,21.1,60.5,0
2025-12-10T20:30:38.385974,21.1,60.5,0
2025-12-10T20:30:40.640687,21.1,60.5,0
2025-12-10T20:30:42.895274,21.1,60.4,0
2025-12-10T20:30:45.149891,21.1,60.4,0
2025-12-10T20:30:47.404599,21.1,60.4,0
2025-12-10T20:30:49.659150,21.1,60.4,0
2025-12-10T20:30:51.913880,21.1,60.4,0
2025-12-10T20:30:54.168444,21.0,60.3,0
2025-12-10T20:30:56.422625,21.1,60.4,0
2025-12-10T20:30:58.677361,21.1,60.4,0
2025-12-10T20:31:00.931956,21.1,60.4,0
2025-12-10T20:31:03.186175,21.1,60.4,0
2025-12-10T20:31:05.441139,21.1,60.4,0
2025-12-10T20:31:07.695691,21.0,60.4,0
2025-12-10T20:31:09.950220,21.1,60.4,0
2025-12-10T20:31:12.205032,21.1,60.5,0
2025-12-10T20:31:14.459786,21.1,60.5,0
2025-12-10T20:31:16.714363,21.1,60.5,0
2025-12-10T20:31:18.969254,21.1,60.5,0
2025-12-10T20:31:21.224141,21.1,60.5,0
2025-12-10T20:31:23.478696,21.1,60.5,0
2025-12-10T20:31:25.733309,21.1,60.5,0
2025-12-10T20:31:27.988044,21.1,60.5,0
2025-12-10T20:31:30.242368,21.1,60.5,0
2025-12-10T20:31:32.497200,21.1,60.5,0
2025-12-10T20:31:34.751870,21.1,60.5,0
2025-12-10T20:31:37.006367,21.1,60.5,0
2025-12-10T20:31:39.261329,21.1,60.4,0
2025-12-10T20:31:41.515940,21.1,60.4,0
2025-12-10T20:31:43.770585,21.1,60.4,0
2025-12-10T20:31:46.025409,21.1,60.4,0
2025-12-10T20:31:48.280181,21.1,60.4,0
2025-12-10T20:31:50.534780,21.1,60.4,0
2025-12-10T20:31:52.789564,21.1,60.4,0
2025-12-10T20:31:55.044286,21.1,60.4,0
2025-12-10T20:31:57.298649,21.1,60.4,0
2025-12-10T20:31:59.553429,21.1,60.5,0
2025-12-10T20:32:01.808176,21.1,60.4,0
2025-12-10T20:32:04.062532,21.1,60.4,0
2025-12-10T20:32:06.317476,21.1,60.4,0
2025-12-10T20:32:08.572222,21.1,60.4,0
2025-12-10T20:32:10.826855,21.1,60.4,0
2025-12-10T20:32:13.081724,21.1,60.4,0
2025-12-10T20:32:15.336455,21.1,60.4,0
2025-12-10T20:32:17.590959,21.1,60.4,0
2025-12-10T20:32:19.845762,21.1,60.4,0
2025-12-10T20:32:22.100537,21.1,60.4,1
2025-12-10T20:32:24.355253,21.0,60.4,0
2025-12-10T20:32:26.609578,21.1,60.4,0
2025-12-10T20:32:28.864310,21.1,60.4,0
2025-12-10T20:32:31.118716,21.1,60.4,0
2025-12-10T20:32:33.373660,21.1,60.4,0
2025-12-10T20:32:35.628356,21.1,60.4,0
2025-12-10T20:32:37.882802,21.1,60.4,0
2025-12-10T20:32:40.137562,21.1,60.4,0
2025-12-10T20:32:42.392397,21.1,60.4,0
2025-12-10T20:32:44.647059,21.1,60.5,0
2025-12-10T20:32:46.901940,21.1,60.4,0
2025-12-10T20:32:49.156689,21.1,60.5,0
2025-12-10T20:32:51.411352,21.1,60.5,0
2025-12-10T20:32:53.666162,21.1,60.5,0
2025-12-10T20:32:55.920895,21.1,60.4,0
2025-12-10T20:32:58.175550,21.1,60.4,0
2025-12-10T20:33:00.430494,21.1,60.4,0
2025-12-10T20:33:02.685167,21.1,60.4,0
2025-12-10T20:33:04.939815,21.1,60.4,0
2025-12-10T20:33:07.194549,21.1,60.4,0
2025-12-10T20:33:09.449363,21.1,60.4,0
2025-12-10T20:33:11.704015,21.1,60.5,0
2025-12-10T20:33:13.958894,21.1,60.5,0
2025-12-10T20:33:16.213528,21.1,60.5,0
2025-12-10T20:33:18.468218,21.1,60.4,0
2025-12-10T20:33:20.722931,21.1,60.4,0
2025-12-10T20:33:22.977567,21.1,60.4,0
2025-12-10T20:33:25.232254,21.1,60.4,0
2025-12-10T20:33:27.486590,21.1,60.4,0
2025-12-10T20:33:29.741179,21.0,60.4,0
2025-12-10T20:33:31.995824,21.1,60.5,0
2025-12-10T20:33:34.250741,21.1,60.5,0
2025-12-10T20:33:36.505473,21.1,60.5,0
2025-12-10T20:33:38.760126,21.1,60.5,0
2025-12-10T20:33:41.014993,21.1,60.5,0
2025-12-10T20:33:43.269718,21.1,60.5,0
2025-12-10T20:33:45.524387,21.1,60.5,0
2025-12-10T20:33:47.779136,21.1,60.5,0
2025-12-10T20:33:50.033800,21.1,60.5,0
2025-12-10T20:33:52.289018,21.0,60.4,1
2025-12-10T20:33:54.545356,21.1,60.4,0
2025-12-10T20:33:56.799985,21.1,60.4,0
2025-12-10T20:33:59.054518,21.0,60.4,0
2025-12-10T20:34:01.309425,21.1,60.4,0
2025-12-10T20:34:03.564160,21.1,60.5,0
2025-12-10T20:34:05.818804,21.1,60.5,0
2025-12-10T20:34:08.073396,21.1,60.5,0
2025-12-10T20:34:10.328203,21.1,60.5,0
2025-12-10T20:34:12.582644,21.0,60.4,0
2025-12-10T20:34:14.837383,21.1,60.5,0
2025-12-10T20:34:17.092143,21.1,60.5,0
2025-12-10T20:34:19.346572,21.1,60.5,0
2025-12-10T20:34:21.601280,21.1,60.5,1
2025-12-10T20:34:23.855960,21.1,60.5,0
2025-12-10T20:34:26.110584,21.1,60.5,0
2025-12-10T20:34:28.365497,21.0,60.4,0
2025-12-10T20:34:30.620213,21.1,60.4,0
2025-12-10T20:34:32.874811,21.1,60.5,0
2025-12-10T20:34:35.129608,21.1,60.5,0
2025-12-10T20:34:37.384394,21.1,60.5,0
2025-12-10T20:34:39.639051,21.1,60.5,0
2025-12-10T20:34:41.893328,21.1,60.4,0
2025-12-10T20:34:44.148052,21.1,60.5,0
2025-12-10T20:34:46.402739,21.1,60.5,0
2025-12-10T20:34:48.657449,21.1,60.5,0
2025-12-10T20:34:50.912162,21.1,60.5,0
2025-12-10T20:34:53.166390,21.1,60.5,0
2025-12-10T20:34:55.421341,21.1,60.5,0
2025-12-10T20:34:57.676072,21.1,60.5,0
2025-12-10T20:34:59.930614,21.0,60.4,0
2025-12-10T20:35:02.185397,21.1,60.5,0
2025-12-10T20:35:04.440064,21.1,60.5,0
2025-12-10T20:35:06.694656,21.1,60.5,0
2025-12-10T20:35:08.949382,21.1,60.5,0
2025-12-10T20:35:11.204081,21.1,60.5,0
2025-12-10T20:35:13.458717,21.1,60.5,0
2025-12-10T20:35:15.713498,21.1,60.5,0
2025-12-10T20:35:17.968199,21.1,60.5,0
2025-12-10T20:35:20.222907,21.1,60.5,0
2025-12-10T20:35:22.477199,21.1,60.4,0
2025-12-10T20:35:24.731744,21.1,60.5,0
2025-12-10T20:35:26.985841,21.1,60.5,0
2025-12-10T20:35:29.240891,21.1,60.5,0
2025-12-10T20:35:31.495603,21.1,60.5,0
2025-12-10T20:35:33.749885,21.1,60.5,0
2025-12-10T20:35:36.004653,21.0,60.4,0
2025-12-10T20:35:38.260638,21.1,60.5,0
2025-12-10T20:35:40.515278,21.1,60.5,0
2025-12-10T20:35:42.770001,21.1,60.5,0
2025-12-10T20:35:45.024758,21.1,60.5,0
2025-12-10T20:35:47.279407,21.1,60.5,0
2025-12-10T20:35:49.533611,21.1,60.5,0
2025-12-10T20:35:51.788154,21.1,60.4,0
2025-12-10T20:35:54.042758,21.1,60.4,0
2025-12-10T20:35:56.297448,21.1,60.4,0
2025-12-10T20:35:58.552131,21.1,60.4,0
2025-12-10T20:36:00.806854,21.1,60.5,0
2025-12-10T20:36:03.061571,21.1,60.5,0
2025-12-10T20:36:05.315897,21.1,60.5,0
2025-12-10T20:36:07.570762,21.1,60.5,0
2025-12-10T20:36:09.825120,21.1,60.5,0
2025-12-10T20:36:12.079521,21.1,60.5,0
2025-12-10T20:36:14.334440,21.1,60.5,0
2025-12-10T20:36:16.589187,21.1,60.5,0
2025-12-10T20:36:18.843793,21.1,60.5,0
2025-12-10T20:36:21.098648,21.1,60.5,0
2025-12-10T20:36:23.353433,21.1,60.5,0
2025-12-10T20:36:25.608108,21.0,60.4,0
2025-12-10T20:36:27.862415,21.1,60.4,0
2025-12-10T20:36:30.117182,21.1,60.5,0
2025-12-10T20:36:32.371915,21.1,60.5,0
2025-12-10T20:36:34.626787,21.0,60.4,0
2025-12-10T20:36:36.881455,21.0,60.4,0
2025-12-10T20:36:39.136024,21.1,60.4,0
2025-12-10T20:36:41.390914,21.1,60.5,0
2025-12-10T20:36:43.645521,21.1,60.4,0
2025-12-10T20:36:45.900129,21.0,60.4,0
2025-12-10T20:36:48.154911,21.0,60.4,0
2025-12-10T20:36:50.409624,21.0,60.4,0
2025-12-10T20:36:52.663901,21.1,60.4,1
2025-12-10T20:36:54.918743,21.1,60.4,0
2025-12-10T20:36:57.173380,21.1,60.4,0
2025-12-10T20:36:59.428106,21.0,60.4,0
2025-12-10T20:37:01.682894,21.1,60.4,0
2025-12-10T20:37:03.936931,21.0,60.4,0
2025-12-10T20:37:06.191553,21.0,60.4,0
2025-12-10T20:37:08.445903,21.1,60.4,0
2025-12-10T20:37:10.700596,21.1,60.4,0
2025-12-10T20:37:12.955075,21.0,60.4,0
2025-12-10T20:37:15.209881,21.0,60.4,0
2025-12-10T20:37:17.464610,21.0,60.4,0
2025-12-10T20:37:19.719096,21.1,60.4,0
2025-12-10T20:37:21.973723,21.0,60.4,1
2025-12-10T20:37:24.228354,21.0,60.4,0
2025-12-10T20:37:26.482882,21.1,60.4,0
2025-12-10T20:37:28.737542,21.1,60.4,0
2025-12-10T20:37:30.992102,21.1,60.4,0
2025-12-10T20:37:33.246520,21.0,60.4,0
2025-12-10T20:37:35.501247,21.1,60.4,0
2025-12-10T20:37:37.755852,21.1,60.5,1
2025-12-10T20:37:40.010321,21.1,60.4,0
2025-12-10T20:37:42.264808,21.0,60.4,0
2025-12-10T20:37:44.519456,21.1,60.5,0
2025-12-10T20:37:46.774028,21.1,60.5,0
2025-12-10T20:37:49.028807,21.0,60.4,0
2025-12-10T20:37:51.283039,21.1,60.5,0
2025-12-10T20:37:53.537274,21.1,60.5,0
2025-12-10T20:37:55.792014,21.1,60.5,0
2025-12-10T20:37:58.046669,21.1,60.5,0
2025-12-10T20:38:00.300751,21.0,60.5,0
2025-12-10T20:38:02.555523,21.1,60.5,0
2025-12-10T20:38:04.809860,21.1,60.5,0
2025-12-10T20:38:07.064493,21.1,60.5,0
2025-12-10T20:38:09.319214,21.1,60.5,0
2025-12-10T20:38:11.573942,21.0,60.4,0
2025-12-10T20:38:13.828598,21.1,60.5,0
2025-12-10T20:38:16.083422,21.0,60.4,0
2025-12-10T20:38:18.337984,21.1,60.5,0
2025-12-10T20:38:20.592654,21.1,60.5,0
2025-12-10T20:38:22.847471,21.1,60.4,1
2025-12-10T20:38:25.101983,21.1,60.5,0
2025-12-10T20:38:27.356740,21.0,60.4,0
2025-12-10T20:38:29.611587,21.1,60.5,0
2025-12-10T20:38:31.866274,21.1,60.5,0
2025-12-10T20:38:34.120933,21.0,60.4,0
2025-12-10T20:38:36.375916,21.1,60.5,0
2025-12-10T20:38:38.632821,21.1,60.5,0
2025-12-10T20:38:40.887380,21.1,60.4,0
2025-12-10T20:38:43.141835,21.0,60.4,0
2025-12-10T20:38:45.396627,21.0,60.4,0
2025-12-10T20:38:47.651137,21.0,60.4,0
2025-12-10T20:38:49.905492,21.0,60.4,0
2025-12-10T20:38:52.159935,21.0,60.4,0
2025-12-10T20:38:54.414645,21.1,60.4,0
2025-12-10T20:38:56.669461,21.0,60.4,0
2025-12-10T20:38:58.924200,21.1,60.5,0
2025-12-10T20:39:01.178454,21.0,60.4,0
2025-12-10T20:39:03.433381,21.1,60.4,0
2025-12-10T20:39:05.688085,21.1,60.5,0
2025-12-10T20:39:07.942700,21.1,60.4,0
2025-12-10T20:39:10.197548,21.1,60.4,0
2025-12-10T20:39:12.452294,21.0,60.4,0
2025-12-10T20:39:14.706779,21.0,60.4,0
2025-12-10T20:39:16.961555,21.1,60.4,0
2025-12-10T20:39:19.218149,21.1,60.4,0
2025-12-10T20:39:21.483453,21.0,60.4,0
2025-12-10T20:39:23.738192,21.0,60.4,0
2025-12-10T20:39:25.992881,21.1,60.5,0
2025-12-10T20:39:28.247650,21.1,60.5,0
2025-12-10T20:39:30.502495,21.0,60.4,0
2025-12-10T20:39:32.757123,21.1,60.4,0
2025-12-10T20:39:35.011669,21.1,60.4,0
2025-12-10T20:39:37.266554,21.1,60.4,0
2025-12-10T20:39:39.521168,21.1,60.4,0
2025-12-10T20:39:41.775677,21.0,60.4,0
2025-12-10T20:39:44.030329,21.0,60.4,0
2025-12-10T20:39:46.284627,21.1,60.4,0
2025-12-10T20:39:48.539176,21.1,60.4,0
2025-12-10T20:39:50.793976,21.1,60.4,0
2025-12-10T20:39:53.048584,21.0,60.4,0
2025-12-10T20:39:55.302829,21.0,60.4,0
2025-12-10T20:39:57.557644,21.0,60.4,0
2025-12-10T20:39:59.812264,21.0,60.4,0
2025-12-10T20:40:02.066911,21.0,60.4,0
2025-12-10T20:40:04.321800,21.1,60.4,0
2025-12-10T20:40:06.576472,21.0,60.4,0
2025-12-10T20:40:08.830945,21.1,60.4,0
2025-12-10T20:40:11.085695,21.1,60.4,0
2025-12-10T20:40:13.340433,21.1,60.4,0
2025-12-10T20:40:15.594709,21.1,60.5,0
2025-12-10T20:40:17.849359,21.0,60.4,0
2025-12-10T20:40:20.103969,21.1,60.4,0
2025-12-10T20:40:22.358230,21.0,60.4,1
2025-12-10T20:40:24.613004,21.1,60.5,0
2025-12-10T20:40:26.867585,21.0,60.4,0
2025-12-10T20:40:29.121643,21.1,60.5,0
2025-12-10T20:40:31.376128,21.0,60.4,0
2025-12-10T20:40:33.630669,21.0,60.4,0
2025-12-10T20:40:35.885105,21.0,60.4,0
2025-12-10T20:40:38.139914,21.0,60.4,0
2025-12-10T20:40:40.394486,21.1,60.5,0
2025-12-10T20:40:42.648735,21.1,60.4,0
2025-12-10T20:40:44.903507,21.0,60.4,0
2025-12-10T20:40:47.157951,21.0,60.4,0
2025-12-10T20:40:49.412654,21.1,60.4,0
2025-12-10T20:40:51.667502,21.1,60.4,0
2025-12-10T20:40:53.921814,21.1,60.4,0
2025-12-10T20:40:56.176481,21.1,60.4,0
2025-12-10T20:40:58.430966,21.1,60.4,0
2025-12-10T20:41:00.685548,21.0,60.4,0
2025-12-10T20:41:02.940122,21.1,60.4,0
2025-12-10T20:41:05.194679,21.1,60.4,0
2025-12-10T20:41:07.449098,21.0,60.4,0
2025-12-10T20:41:09.703650,21.0,60.4,0
2025-12-10T20:41:11.958300,21.1,60.4,0
2025-12-10T20:41:14.212971,21.0,60.4,0
2025-12-10T20:41:16.467618,21.0,60.4,0
2025-12-10T20:41:18.722062,21.0,60.4,0
2025-12-10T20:41:20.976777,21.1,60.5,0
2025-12-10T20:41:23.231422,21.1,60.5,1
2025-12-10T20:41:25.486200,21.1,60.5,0
2025-12-10T20:41:27.740908,21.0,60.4,0
2025-12-10T20:41:29.995399,21.1,60.5,0
2025-12-10T20:41:32.250320,21.0,60.4,0
2025-12-10T20:41:34.504949,21.0,60.4,0
2025-12-10T20:41:36.759427,21.1,60.5,0
2025-12-10T20:41:39.013893,21.0,60.4,0
2025-12-10T20:41:41.268573,21.1,60.5,0
2025-12-10T20:41:43.523067,21.1,60.5,0
2025-12-10T20:41:45.777845,21.1,60.5,0
2025-12-10T20:41:48.032441,21.0,60.4,0
2025-12-10T20:41:50.286576,21.1,60.5,0
2025-12-10T20:41:52.541148,21.1,60.5,0
2025-12-10T20:41:54.795759,21.1,60.5,0
2025-12-10T20:41:57.050260,21.0,60.4,0
2025-12-10T20:41:59.304779,21.0,60.4,0
2025-12-10T20:42:01.559444,21.1,60.5,0
2025-12-10T20:42:03.814060,21.1,60.5,0
2025-12-10T20:42:06.068940,21.0,60.4,0
2025-12-10T20:42:08.323697,21.1,60.4,0
2025-12-10T20:42:10.578304,21.0,60.4,0
2025-12-10T20:42:12.832822,21.1,60.4,0
2025-12-10T20:42:15.087534,21.0,60.3,0
2025-12-10T20:42:17.342235,21.1,60.3,0
2025-12-10T20:42:19.597193,21.1,60.3,0
2025-12-10T20:42:21.869188,21.0,60.3,1
2025-12-10T20:42:24.123454,21.1,60.3,0
2025-12-10T20:42:26.378353,21.1,60.3,0
2025-12-10T20:42:28.633071,21.1,60.2,0
2025-12-10T20:42:30.887601,21.0,60.2,0
2025-12-10T20:42:33.142481,21.1,60.3,0
2025-12-10T20:42:35.397004,21.0,60.2,0
2025-12-10T20:42:37.651556,21.1,60.3,0
2025-12-10T20:42:39.906300,21.1,60.3,0
2025-12-10T20:42:42.160940,21.1,60.3,0
2025-12-10T20:42:44.415608,21.0,60.2,0
2025-12-10T20:42:46.669916,21.1,60.3,0
2025-12-10T20:42:48.924376,21.0,60.2,0
2025-12-10T20:42:51.178877,21.0,60.2,0
2025-12-10T20:42:53.433718,21.0,60.2,0
2025-12-10T20:42:55.688359,21.0,60.3,0
2025-12-10T20:42:57.942584,21.0,60.3,0
2025-12-10T20:43:00.196846,21.0,60.3,0
2025-12-10T20:43:02.451599,21.1,60.3,0
2025-12-10T20:43:04.705973,21.0,60.3,0
2025-12-10T20:43:06.960889,21.0,60.3,0
2025-12-10T20:43:09.215142,21.0,60.3,0
2025-12-10T20:43:11.469788,21.0,60.3,0
2025-12-10T20:43:13.724576,21.1,60.3,0
2025-12-10T20:43:15.979284,21.0,60.3,1
2025-12-10T20:43:18.233956,21.0,60.3,0
2025-12-10T20:43:20.488770,21.0,60.3,0
2025-12-10T20:43:22.743552,21.1,60.4,0
2025-12-10T20:43:24.997990,21.0,60.3,0
2025-12-10T20:43:27.253004,21.0,60.3,0
2025-12-10T20:43:29.507581,21.1,60.3,0
2025-12-10T20:43:31.761863,21.0,60.3,0
2025-12-10T20:43:34.016629,21.1,60.3,0
2025-12-10T20:43:36.271447,21.0,60.3,0
2025-12-10T20:43:38.526104,21.0,60.3,0
2025-12-10T20:43:40.780959,21.1,60.3,0
2025-12-10T20:43:43.035494,21.0,60.3,0
2025-12-10T20:43:45.290198,21.0,60.3,0
2025-12-10T20:43:47.545095,21.1,60.4,0
2025-12-10T20:43:49.799777,21.0,60.3,0
2025-12-10T20:43:52.054333,21.0,60.3,0
2025-12-10T20:43:54.309244,21.1,60.4,0
2025-12-10T20:43:56.563906,21.1,60.4,0
2025-12-10T20:43:58.818442,21.0,60.3,0
2025-12-10T20:44:01.073371,21.0,60.3,0
2025-12-10T20:44:03.327732,21.0,60.3,0
2025-12-10T20:44:05.582227,21.0,60.3,0
2025-12-10T20:44:07.837065,21.0,60.3,0
2025-12-10T20:44:10.091775,21.1,60.4,0
2025-12-10T20:44:12.346390,21.1,60.4,0
2025-12-10T20:44:14.601185,21.1,60.4,0
2025-12-10T20:44:16.857589,21.0,60.3,0
2025-12-10T20:44:19.112162,21.0,60.3,0
2025-12-10T20:44:21.367041,21.0,60.3,0
2025-12-10T20:44:23.621614,21.0,60.3,0
2025-12-10T20:44:25.876193,21.0,60.3,0
2025-12-10T20:44:28.130777,21.1,60.4,0
2025-12-10T20:44:30.385539,21.0,60.3,0
2025-12-10T20:44:32.640171,21.0,60.3,0
2025-12-10T20:44:34.894909,21.1,60.4,0
2025-12-10T20:44:37.149398,21.1,60.4,0
2025-12-10T20:44:39.403841,21.0,60.3,0
2025-12-10T20:44:41.658553,21.1,60.3,0
2025-12-10T20:44:43.913213,21.0,60.3,0
2025-12-10T20:44:46.167738,21.1,60.4,0
2025-12-10T20:44:48.422586,21.0,60.3,0
2025-12-10T20:44:50.677270,21.0,60.3,0
2025-12-10T20:44:52.931841,21.1,60.3,0
2025-12-10T20:44:55.186529,21.0,60.3,0
2025-12-10T20:44:57.440695,21.0,60.3,0
2025-12-10T20:44:59.695329,21.0,60.3,0
2025-12-10T20:45:01.949857,21.0,60.3,0
2025-12-10T20:45:04.204524,21.0,60.3,0
2025-12-10T20:45:06.458921,21.0,60.3,0
2025-12-10T20:45:08.713698,21.0,60.3,0
2025-12-10T20:45:10.968387,21.0,60.3,0
2025-12-10T20:45:13.223523,21.0,60.3,0
2025-12-10T20:45:15.478170,21.0,60.3,0
2025-12-10T20:45:17.732810,21.0,60.3,0
2025-12-10T20:45:19.987470,21.0,60.3,0
2025-12-10T20:45:22.242267,21.0,60.3,0
2025-12-10T20:45:24.497030,21.0,60.3,0
2025-12-10T20:45:26.751656,21.1,60.4,0
2025-12-10T20:45:29.006295,21.0,60.3,0
2025-12-10T20:45:31.261006,21.1,60.4,0
2025-12-10T20:45:33.515620,21.1,60.4,0
2025-12-10T20:45:35.769975,21.1,60.4,0
2025-12-10T20:45:38.024651,21.0,60.3,0
2025-12-10T20:45:40.279409,21.0,60.3,0
2025-12-10T20:45:42.533979,21.1,60.4,0
2025-12-10T20:45:44.788652,21.0,60.3,0
2025-12-10T20:45:47.043266,21.1,60.4,0
2025-12-10T20:45:49.298138,21.0,60.3,0
2025-12-10T20:45:51.554818,21.0,60.3,0
2025-12-10T20:45:53.809401,21.0,60.3,0
2025-12-10T20:45:56.063836,21.0,60.3,0
2025-12-10T20:45:58.318560,21.0,60.3,0
2025-12-10T20:46:00.573192,21.0,60.3,0
2025-12-10T20:46:02.828049,21.0,60.3,0
2025-12-10T20:46:05.082280,21.1,60.4,0
2025-12-10T20:46:07.336951,21.0,60.3,0
2025-12-10T20:46:09.591779,21.0,60.3,0
2025-12-10T20:46:11.846418,21.0,60.3,0
2025-12-10T20:46:14.101081,21.1,60.4,0
2025-12-10T20:46:16.355985,21.1,60.4,0
2025-12-10T20:46:18.610652,21.1,60.4,1
2025-12-10T20:46:20.865280,21.1,60.4,0
2025-12-10T20:46:23.120119,21.0,60.3,0
2025-12-10T20:46:25.374569,21.0,60.3,0
2025-12-10T20:46:27.629089,21.0,60.3,0
2025-12-10T20:46:29.883946,21.1,60.4,0
2025-12-10T20:46:32.138605,21.0,60.3,0
2025-12-10T20:46:34.393287,21.1,60.4,0
2025-12-10T20:46:36.648101,21.1,60.4,0
2025-12-10T20:46:38.902802,21.1,60.4,0
2025-12-10T20:46:41.157253,21.1,60.4,0
2025-12-10T20:46:43.412115,21.0,60.4,0
2025-12-10T20:46:45.666293,21.0,60.4,0
2025-12-10T20:46:47.920910,21.1,60.4,0
2025-12-10T20:46:50.175624,21.0,60.4,0
2025-12-10T20:46:52.430283,21.0,60.4,0
2025-12-10T20:46:54.684895,21.0,60.3,0
2025-12-10T20:46:56.939765,21.1,60.4,0
2025-12-10T20:46:59.194396,21.1,60.4,0
2025-12-10T20:47:01.449066,21.1,60.4,0
2025-12-10T20:47:03.703883,21.0,60.3,0
2025-12-10T20:47:05.958567,21.1,60.4,0
2025-12-10T20:47:08.213211,21.0,60.3,0
2025-12-10T20:47:10.467723,21.1,60.4,0
2025-12-10T20:47:12.722187,21.1,60.4,0
2025-12-10T20:47:14.976800,21.1,60.4,0
2025-12-10T20:47:17.231540,21.0,60.3,0
2025-12-10T20:47:19.485785,21.1,60.4,0
2025-12-10T20:47:21.740388,21.0,60.3,0
2025-12-10T20:47:23.995158,21.1,60.4,0
2025-12-10T20:47:26.249901,21.0,60.3,0
2025-12-10T20:47:28.504498,21.0,60.3,0
2025-12-10T20:47:30.759069,21.0,60.3,0
2025-12-10T20:47:33.015914,21.0,60.3,0
2025-12-10T20:47:35.270453,21.0,60.3,0
2025-12-10T20:47:37.525302,21.0,60.3,0
2025-12-10T20:47:39.779957,21.1,60.4,0
2025-12-10T20:47:42.034311,21.0,60.3,0
2025-12-10T20:47:44.289255,21.0,60.3,0
2025-12-10T20:47:46.543900,21.0,60.3,0
2025-12-10T20:47:48.798459,21.0,60.3,1
2025-12-10T20:47:51.053022,21.0,60.3,0
2025-12-10T20:47:53.307682,21.0,60.3,0
2025-12-10T20:47:55.562046,21.0,60.2,0
2025-12-10T20:47:57.816912,21.1,60.3,0
2025-12-10T20:48:00.071584,21.0,60.2,0
2025-12-10T20:48:02.326199,21.1,60.2,0
2025-12-10T20:48:04.581112,21.1,60.2,0
2025-12-10T20:48:06.835722,21.0,60.2,0
2025-12-10T20:48:09.090088,21.1,60.3,0
2025-12-10T20:48:11.345142,21.1,60.3,0
2025-12-10T20:48:13.599609,21.1,60.3,0
2025-12-10T20:48:15.854096,21.0,60.3,0
2025-12-10T20:48:18.108985,21.0,60.3,0
2025-12-10T20:48:20.363742,21.1,60.3,0
2025-12-10T20:48:22.618256,21.1,60.3,1
2025-12-10T20:48:24.873159,21.0,60.3,0
2025-12-10T20:48:27.127840,21.0,60.3,0
2025-12-10T20:48:29.382074,21.0,60.3,0
2025-12-10T20:48:31.637003,21.1,60.3,0
2025-12-10T20:48:33.891718,21.1,60.4,0
2025-12-10T20:48:36.146133,21.0,60.3,0
2025-12-10T20:48:38.401104,21.1,60.3,0
2025-12-10T20:48:40.655759,21.0,60.3,0
2025-12-10T20:48:42.910345,21.0,60.3,0
2025-12-10T20:48:45.165157,21.1,60.3,0
2025-12-10T20:48:47.419916,21.1,60.3,0
2025-12-10T20:48:49.674470,21.0,60.3,0
2025-12-10T20:48:51.929407,21.1,60.3,0
2025-12-10T20:48:54.184118,21.0,60.3,0
2025-12-10T20:48:56.438878,21.0,60.3,0
2025-12-10T20:48:58.693583,21.0,60.3,0
2025-12-10T20:49:00.948276,21.0,60.3,0
2025-12-10T20:49:03.202875,21.0,60.2,0
2025-12-10T20:49:05.457662,21.1,60.3,0
2025-12-10T20:49:07.712396,21.1,60.3,0
2025-12-10T20:49:09.966808,21.1,60.3,0
2025-12-10T20:49:12.222454,21.0,60.2,0
2025-12-10T20:49:14.527306,21.0,60.2,0
2025-12-10T20:49:16.781943,21.1,60.3,0
2025-12-10T20:49:19.036883,21.0,60.3,0
2025-12-10T20:49:21.291644,21.0,60.3,0
2025-12-10T20:49:23.545906,21.0,60.3,0
2025-12-10T20:49:25.800822,21.0,60.3,0
2025-12-10T20:49:28.055499,21.0,60.2,0
2025-12-10T20:49:30.310234,21.0,60.2,0
2025-12-10T20:49:32.565166,21.0,60.2,0
2025-12-10T20:49:34.819870,21.0,60.2,0
2025-12-10T20:49:37.074444,21.0,60.2,0
2025-12-10T20:49:39.329381,21.0,60.2,0
2025-12-10T20:49:41.584060,21.0,60.2,0
2025-12-10T20:49:43.838720,21.0,60.2,0
2025-12-10T20:49:46.093314,21.1,60.2,0
2025-12-10T20:49:48.348032,21.1,60.3,0
2025-12-10T20:49:50.602059,21.1,60.2,0
2025-12-10T20:49:52.857013,21.0,60.2,1
2025-12-10T20:49:55.111542,21.1,60.3,0
2025-12-10T20:49:57.366079,21.1,60.3,0
2025-12-10T20:49:59.620965,21.0,60.3,0
2025-12-10T20:50:01.875674,21.0,60.3,0
2025-12-10T20:50:04.130312,21.1,60.3,0
2025-12-10T20:50:06.385460,21.0,60.3,0
2025-12-10T20:50:08.640087,21.0,60.3,0
2025-12-10T20:50:10.894419,21.0,60.3,0
2025-12-10T20:50:13.149330,21.0,60.3,0
2025-12-10T20:50:15.404101,21.0,60.3,0
2025-12-10T20:50:17.658423,21.0,60.3,1
2025-12-10T20:50:19.913309,21.1,60.3,0
2025-12-10T20:50:22.167949,21.0,60.3,0
2025-12-10T20:50:24.422518,21.0,60.3,0
2025-12-10T20:50:26.677401,21.0,60.3,0
2025-12-10T20:50:28.931860,21.1,60.4,0
2025-12-10T20:50:31.186338,21.0,60.3,0
2025-12-10T20:50:33.441261,21.0,60.3,0
2025-12-10T20:50:35.695817,21.1,60.4,0
2025-12-10T20:50:37.950147,21.1,60.4,0
2025-12-10T20:50:40.204616,21.0,60.4,0
2025-12-10T20:50:42.459334,21.0,60.3,0
2025-12-10T20:50:44.713645,21.0,60.3,1
2025-12-10T20:50:46.968348,21.0,60.3,0
2025-12-10T20:50:49.223063,21.1,60.4,0
2025-12-10T20:50:51.477416,21.0,60.3,0
2025-12-10T20:50:53.732252,21.1,60.4,0
2025-12-10T20:50:55.986636,21.0,60.3,0
2025-12-10T20:50:58.241304,21.0,60.3,0
2025-12-10T20:51:00.496086,21.0,60.3,0
2025-12-10T20:51:02.750616,21.0,60.3,0
2025-12-10T20:51:05.004840,21.1,60.4,0
2025-12-10T20:51:07.259716,21.0,60.3,0
2025-12-10T20:51:09.514375,21.1,60.4,0
2025-12-10T20:51:11.769058,21.0,60.3,0
2025-12-10T20:51:14.023448,21.0,60.3,0
2025-12-10T20:51:16.278085,21.1,60.4,0
2025-12-10T20:51:18.532789,21.0,60.4,0
2025-12-10T20:51:20.787634,21.1,60.4,0
2025-12-10T20:51:23.042024,21.1,60.4,1
2025-12-10T20:51:25.296752,21.0,60.3,0
2025-12-10T20:51:27.551581,21.1,60.4,0
2025-12-10T20:51:29.806167,21.0,60.3,0
2025-12-10T20:51:32.060831,21.1,60.4,0
2025-12-10T20:51:34.315729,21.0,60.3,0
2025-12-10T20:51:36.570394,21.0,60.3,0
2025-12-10T20:51:38.824955,21.0,60.3,0
2025-12-10T20:51:41.079687,21.0,60.3,0
2025-12-10T20:51:43.334372,21.1,60.4,0
2025-12-10T20:51:45.588936,21.0,60.3,0
2025-12-10T20:51:47.843523,21.1,60.4,0
2025-12-10T20:51:50.097974,21.1,60.4,0
2025-12-10T20:51:52.352611,21.0,60.3,0
2025-12-10T20:51:54.607224,21.0,60.3,0
2025-12-10T20:51:56.861629,21.0,60.3,0
2025-12-10T20:51:59.116277,21.0,60.3,0
2025-12-10T20:52:01.371176,21.0,60.3,0
2025-12-10T20:52:03.625844,21.0,60.3,0
2025-12-10T20:52:05.880546,21.0,60.3,0
2025-12-10T20:52:08.135324,21.1,60.4,0
2025-12-10T20:52:10.389804,21.0,60.3,0
2025-12-10T20:52:12.644374,21.0,60.3,0
2025-12-10T20:52:14.898618,21.0,60.3,0
2025-12-10T20:52:17.153230,21.1,60.4,0
2025-12-10T20:52:19.407878,21.1,60.4,0
2025-12-10T20:52:21.662222,21.0,60.3,0
2025-12-10T20:52:23.916893,21.0,60.3,0
2025-12-10T20:52:26.171327,21.0,60.3,0
2025-12-10T20:52:28.426081,21.0,60.3,0
2025-12-10T20:52:30.680733,21.1,60.4,0
2025-12-10T20:52:32.935263,21.1,60.3,0
2025-12-10T20:52:35.189977,21.1,60.3,0
2025-12-10T20:52:37.444083,21.0,60.3,0
2025-12-10T20:52:39.698631,21.0,60.3,0
2025-12-10T20:52:41.953417,21.0,60.3,0
2025-12-10T20:52:44.208033,21.1,60.4,0
2025-12-10T20:52:46.462565,21.1,60.3,0
2025-12-10T20:52:48.717273,21.0,60.3,0
2025-12-10T20:52:50.971874,21.0,60.3,0
2025-12-10T20:52:53.226406,21.0,60.3,1
2025-12-10T20:52:55.481074,21.0,60.3,0
2025-12-10T20:52:57.735713,21.1,60.4,0
2025-12-10T20:52:59.989999,21.1,60.3,0
2025-12-10T20:53:02.244943,21.0,60.3,1
2025-12-10T20:53:04.499568,21.0,60.3,0
2025-12-10T20:53:06.753903,21.1,60.4,0
2025-12-10T20:53:09.008588,21.0,60.3,0
2025-12-10T20:53:11.263282,21.1,60.4,0
2025-12-10T20:53:13.517807,21.1,60.3,0
2025-12-10T20:53:15.772597,21.0,60.3,0
2025-12-10T20:53:18.027278,21.0,60.3,0
2025-12-10T20:53:20.281957,21.0,60.3,0
2025-12-10T20:53:22.536808,21.1,60.4,1
2025-12-10T20:53:24.791407,21.0,60.3,0
2025-12-10T20:53:27.045824,21.1,60.4,0
2025-12-10T20:53:29.300480,21.0,60.3,0
2025-12-10T20:53:31.554911,21.1,60.4,0
2025-12-10T20:53:33.809504,21.1,60.4,0
2025-12-10T20:53:36.064234,21.0,60.3,0
2025-12-10T20:53:38.318848,21.0,60.3,0
2025-12-10T20:53:40.573066,21.0,60.3,0
2025-12-10T20:53:42.827799,21.1,60.3,0
2025-12-10T20:53:45.084099,21.0,60.3,0
2025-12-10T20:53:47.338726,21.0,60.3,0
2025-12-10T20:53:49.593487,21.0,60.2,0
2025-12-10T20:53:51.848133,21.1,60.3,0
2025-12-10T20:53:54.102654,21.1,60.3,0
2025-12-10T20:53:56.357474,21.1,60.3,0
2025-12-10T20:53:58.612085,21.0,60.2,0
2025-12-10T20:54:00.866679,21.1,60.2,0
2025-12-10T20:54:03.121226,21.0,60.2,0
2025-12-10T20:54:05.375914,21.0,60.2,0
2025-12-10T20:54:07.630439,21.1,60.2,0
2025-12-10T20:54:09.885238,21.0,60.2,0
2025-12-10T20:54:12.139973,21.0,60.2,0
2025-12-10T20:54:14.394242,21.0,60.1,0
2025-12-10T20:54:16.649070,21.0,60.1,0
2025-12-10T20:54:18.903696,21.0,60.1,0
2025-12-10T20:54:21.158232,21.0,60.0,0
2025-12-10T20:54:23.413133,21.0,60.0,1
2025-12-10T20:54:25.667617,21.1,60.0,0
2025-12-10T20:54:27.922194,21.1,60.0,0
2025-12-10T20:54:30.177015,21.0,60.0,0
2025-12-10T20:54:32.431716,21.0,59.9,0
2025-12-10T20:54:34.686265,21.0,59.9,0
2025-12-10T20:54:36.940982,21.0,59.9,0
2025-12-10T20:54:39.195554,21.0,60.0,0
2025-12-10T20:54:41.450182,21.1,60.0,0
2025-12-10T20:54:43.704997,21.0,60.0,0
2025-12-10T20:54:45.959636,21.0,60.0,0
2025-12-10T20:54:48.213888,21.1,60.1,0
2025-12-10T20:54:50.468284,21.0,60.0,0
2025-12-10T20:54:52.722557,21.0,60.1,1
2025-12-10T20:54:54.976855,21.0,60.0,0
2025-12-10T20:54:57.231737,21.0,60.1,0
2025-12-10T20:54:59.486323,21.0,60.0,0
2025-12-10T20:55:01.740910,21.1,60.1,0
2025-12-10T20:55:03.995695,21.0,60.1,0
2025-12-10T20:55:06.250303,21.0,60.1,0
2025-12-10T20:55:08.504883,21.0,60.1,0
2025-12-10T20:55:10.759622,21.1,60.2,0
2025-12-10T20:55:13.014250,21.0,60.1,0
2025-12-10T20:55:15.268880,21.0,60.1,0
2025-12-10T20:55:17.523672,21.0,60.2,0
2025-12-10T20:55:19.778339,21.0,60.2,0
2025-12-10T20:55:22.032964,21.0,60.2,0
2025-12-10T20:55:24.287585,21.0,60.2,0
2025-12-10T20:55:26.542168,21.1,60.2,0
2025-12-10T20:55:28.796756,21.0,60.2,0
2025-12-10T20:55:31.051544,21.1,60.2,0
2025-12-10T20:55:33.306232,21.0,60.2,0
2025-12-10T20:55:35.560794,21.0,60.2,0
2025-12-10T20:55:37.815647,21.0,60.2,0
2025-12-10T20:55:40.070189,21.0,60.2,0
2025-12-10T20:55:42.324621,21.0,60.2,0
2025-12-10T20:55:44.583384,21.1,60.3,0
2025-12-10T20:55:46.838026,21.0,60.2,0
2025-12-10T20:55:49.092354,21.0,60.2,0
2025-12-10T20:55:51.355653,21.0,60.2,0
2025-12-10T20:55:53.610376,21.1,60.3,0
2025-12-10T20:55:55.864995,21.0,60.2,0
2025-12-10T20:55:58.119823,21.1,60.3,0
2025-12-10T20:56:00.374563,21.0,60.2,0
2025-12-10T20:56:02.628979,21.0,60.3,0
2025-12-10T20:56:04.883725,21.0,60.2,0
2025-12-10T20:56:07.138255,21.1,60.3,0
2025-12-10T20:56:09.392981,21.0,60.3,0
2025-12-10T20:56:11.647587,21.0,60.2,0
2025-12-10T20:56:13.902203,21.0,60.2,0
2025-12-10T20:56:16.156864,21.0,60.2,0
2025-12-10T20:56:18.411723,21.1,60.2,0
2025-12-10T20:56:20.665927,21.0,60.1,0
2025-12-10T20:56:22.920520,21.0,60.1,0
2025-12-10T20:56:25.175038,21.0,60.0,0
2025-12-10T20:56:27.429708,21.0,60.0,0
2025-12-10T20:56:29.684240,21.1,60.1,0
2025-12-10T20:56:31.938980,21.0,60.1,0
2025-12-10T20:56:34.193641,21.1,60.1,0
2025-12-10T20:56:36.448247,21.0,60.2,0
2025-12-10T20:56:38.702910,21.0,60.2,0
2025-12-10T20:56:40.957496,21.1,60.2,0
2025-12-10T20:56:43.211872,21.0,60.2,0
2025-12-10T20:56:45.466712,21.1,60.3,0
2025-12-10T20:56:47.721183,21.0,60.2,0
2025-12-10T20:56:49.975753,21.1,60.3,0
2025-12-10T20:56:52.230563,21.0,60.2,0
2025-12-10T20:56:54.484917,21.0,60.2,0
2025-12-10T20:56:56.739409,21.0,60.2,0
2025-12-10T20:56:58.994080,21.1,60.3,0
2025-12-10T20:57:01.248943,21.0,60.2,0
2025-12-10T20:57:03.502991,21.0,60.2,0
2025-12-10T20:57:05.757680,21.0,60.2,0
2025-12-10T20:57:08.012364,21.0,60.2,0
2025-12-10T20:57:10.266998,21.0,60.2,0
2025-12-10T20:57:12.521910,21.1,60.2,0
2025-12-10T20:57:14.776494,21.0,60.2,0
2025-12-10T20:57:17.031079,21.0,60.2,0
2025-12-10T20:57:19.285617,21.1,60.2,0
2025-12-10T20:57:21.540358,21.0,60.2,0
2025-12-10T20:57:23.794691,21.1,60.2,0
2025-12-10T20:57:26.049548,21.0,60.1,0
2025-12-10T20:57:28.304273,21.0,60.1,0
2025-12-10T20:57:30.558745,21.0,60.1,0
2025-12-10T20:57:32.813456,21.0,60.1,0
2025-12-10T20:57:35.068072,21.1,60.2,1
2025-12-10T20:57:37.322492,21.1,60.2,0
2025-12-10T20:57:39.577415,21.0,60.1,0
2025-12-10T20:57:41.832100,21.1,60.2,0
2025-12-10T20:57:44.086732,21.0,60.1,0
2025-12-10T20:57:46.341583,21.1,60.2,0
2025-12-10T20:57:48.595859,21.1,60.2,0
2025-12-10T20:57:50.849998,21.0,60.1,0
2025-12-10T20:57:53.104886,21.1,60.2,0
2025-12-10T20:57:55.359644,21.0,60.1,0
2025-12-10T20:57:57.614199,21.1,60.2,0
2025-12-10T20:57:59.868612,21.0,60.1,0
2025-12-10T20:58:02.123396,21.1,60.2,1
2025-12-10T20:58:04.378060,21.0,60.2,0
2025-12-10T20:58:06.632985,21.0,60.2,0
2025-12-10T20:58:08.887614,21.0,60.2,0
2025-12-10T20:58:11.142113,21.1,60.2,0
2025-12-10T20:58:13.397086,21.0,60.2,0
2025-12-10T20:58:15.651747,21.0,60.2,0
2025-12-10T20:58:17.906255,21.1,60.2,0
2025-12-10T20:58:20.161213,21.0,60.2,0
2025-12-10T20:58:22.415943,21.0,60.2,1
2025-12-10T20:58:24.670524,21.0,60.2,0
2025-12-10T20:58:26.924963,21.0,60.2,0
2025-12-10T20:58:29.179585,21.0,60.2,0
2025-12-10T20:58:31.434266,21.0,60.2,0
2025-12-10T20:58:33.688579,21.0,60.2,0
2025-12-10T20:58:35.943297,21.1,60.2,0
2025-12-10T20:58:38.197878,21.1,60.2,0
2025-12-10T20:58:40.452819,21.0,60.2,0
2025-12-10T20:58:42.707256,21.0,60.2,0
2025-12-10T20:58:44.961843,21.0,60.2,0
2025-12-10T20:58:47.216617,21.0,60.2,0
2025-12-10T20:58:49.471408,21.0,60.2,0
2025-12-10T20:58:51.725918,21.0,60.1,0
2025-12-10T20:58:53.980621,21.0,60.2,0
2025-12-10T20:58:56.235313,21.0,60.2,0
2025-12-10T20:58:58.489830,21.0,60.2,0
2025-12-10T20:59:00.744655,21.0,60.2,0
2025-12-10T20:59:02.999391,21.0,60.2,0
2025-12-10T20:59:05.254129,21.1,60.2,0
2025-12-10T20:59:07.508598,21.0,60.2,0
2025-12-10T20:59:09.763316,21.0,60.2,0
2025-12-10T20:59:12.017861,21.0,60.1,0
2025-12-10T20:59:14.272800,21.0,60.2,0
2025-12-10T20:59:16.527453,21.0,60.2,0
2025-12-10T20:59:18.781471,21.0,60.2,0
2025-12-10T20:59:21.036287,21.0,60.2,0
2025-12-10T20:59:23.290545,21.0,60.2,0
2025-12-10T20:59:25.545156,21.1,60.2,0
2025-12-10T20:59:27.800064,21.0,60.2,0
2025-12-10T20:59:30.054574,21.0,60.2,0
2025-12-10T20:59:32.308994,21.1,60.2,0
2025-12-10T20:59:34.644610,21.1,60.2,0
2025-12-10T20:59:36.980335,21.0,60.1,0
2025-12-10T20:59:39.315929,21.0,60.1,0
2025-12-10T20:59:41.595514,21.1,60.1,0
2025-12-10T20:59:43.849761,21.0,60.1,0
2025-12-10T20:59:46.104303,21.0,60.1,0
2025-12-10T20:59:48.359029,21.0,60.1,0
2025-12-10T20:59:50.613807,21.0,60.1,0
2025-12-10T20:59:52.868457,21.0,60.1,1
2025-12-10T20:59:55.123010,21.0,60.1,0
2025-12-10T20:59:57.377757,21.0,60.1,0
2025-12-10T20:59:59.632414,21.0,60.1,0
2025-12-10T21:00:01.887244,21.0,60.1,0
2025-12-10T21:00:04.141763,21.1,60.1,0
2025-12-10T21:00:06.396535,21.0,60.1,0
2025-12-10T21:00:08.651359,21.0,60.0,0
2025-12-10T21:00:10.905913,21.0,60.0,0
2025-12-10T21:00:13.160567,21.1,60.1,0
2025-12-10T21:00:15.415496,21.0,60.1,0
2025-12-10T21:00:17.670245,21.0,60.1,0
2025-12-10T21:00:19.924920,21.0,60.1,0
2025-12-10T21:00:22.179762,21.0,60.1,0
2025-12-10T21:00:24.434292,21.0,60.1,0
2025-12-10T21:00:26.688956,21.1,60.1,0
2025-12-10T21:00:28.943771,21.1,60.1,0
2025-12-10T21:00:31.198339,21.0,60.1,0
2025-12-10T21:00:33.453052,21.0,60.1,0
2025-12-10T21:00:35.707893,21.1,60.1,0
2025-12-10T21:00:37.962275,21.1,60.2,0
2025-12-10T21:00:40.216937,21.0,60.1,0
2025-12-10T21:00:42.471774,21.0,60.2,0
2025-12-10T21:00:44.726416,21.1,60.2,1
2025-12-10T21:00:46.981119,21.0,60.2,0
2025-12-10T21:00:49.235930,21.0,60.1,0
2025-12-10T21:00:51.490192,21.1,60.2,0
2025-12-10T21:00:53.744881,21.0,60.1,1
2025-12-10T21:00:55.999613,21.0,60.2,0
2025-12-10T21:00:58.254001,21.0,60.2,0
2025-12-10T21:01:00.508411,21.0,60.1,0
2025-12-10T21:01:02.762932,21.0,60.2,0
2025-12-10T21:01:05.017377,21.1,60.2,0
2025-12-10T21:01:07.272083,21.1,60.2,0
2025-12-10T21:01:09.526789,21.1,60.2,0
2025-12-10T21:01:11.781458,21.1,60.2,0
2025-12-10T21:01:14.036095,21.0,60.1,0
2025-12-10T21:01:16.290615,21.0,60.1,0
2025-12-10T21:01:18.545201,21.0,60.1,1
2025-12-10T21:01:20.799833,21.0,60.1,0
2025-12-10T21:01:23.054662,21.0,60.1,0
2025-12-10T21:01:25.308987,21.0,60.1,0
2025-12-10T21:01:27.563566,21.1,60.2,0
2025-12-10T21:01:29.818233,21.0,60.1,0
2025-12-10T21:01:32.073036,21.1,60.2,0
2025-12-10T21:01:34.327740,21.1,60.2,0
2025-12-10T21:01:36.582563,21.0,60.2,0
2025-12-10T21:01:38.837244,21.0,60.2,0
2025-12-10T21:01:41.091883,21.0,60.2,0
2025-12-10T21:01:43.346719,21.0,60.1,0
2025-12-10T21:01:45.601417,21.0,60.0,0
2025-12-10T21:01:47.856093,21.0,59.8,0
2025-12-10T21:01:50.110918,21.0,59.7,0
2025-12-10T21:01:52.365693,21.1,59.9,0
2025-12-10T21:01:54.620320,21.0,59.9,0
2025-12-10T21:01:56.875051,21.1,60.0,0
2025-12-10T21:01:59.129741,21.0,59.9,0
2025-12-10T21:02:01.384113,21.0,60.0,0
2025-12-10T21:02:03.638888,21.0,60.0,0
2025-12-10T21:02:05.893513,21.1,60.0,0
2025-12-10T21:02:08.148130,21.1,60.0,0
2025-12-10T21:02:10.403012,21.0,59.9,0
2025-12-10T21:02:12.657744,21.1,59.9,0
2025-12-10T21:02:14.912365,21.1,59.9,0
2025-12-10T21:02:17.167193,21.0,59.8,0
2025-12-10T21:02:19.421875,21.1,59.9,0
2025-12-10T21:02:21.676548,21.0,59.8,0
2025-12-10T21:02:23.931384,21.0,59.8,0
2025-12-10T21:02:26.186077,21.0,59.7,0
2025-12-10T21:02:28.440839,21.0,59.8,0
2025-12-10T21:02:30.695684,21.0,59.8,0
2025-12-10T21:02:32.950379,21.1,59.9,0
2025-12-10T21:02:35.205086,,,0
2025-12-10T21:02:37.459923,21.1,60.0,0
2025-12-10T21:02:39.714437,21.0,59.9,0
2025-12-10T21:02:41.969076,21.0,60.0,0
2025-12-10T21:02:44.224027,21.0,60.0,0
2025-12-10T21:02:46.478238,21.0,60.0,0
2025-12-10T21:02:48.732905,21.0,60.0,0
2025-12-10T21:02:50.987612,21.0,60.0,0
2025-12-10T21:02:53.242147,21.0,60.0,1
2025-12-10T21:02:55.496546,21.0,60.0,0
2025-12-10T21:02:57.751294,21.0,60.0,0
2025-12-10T21:03:00.005974,21.0,60.0,0
2025-12-10T21:03:02.260787,21.0,60.0,0
2025-12-10T21:03:04.515501,21.0,60.0,0
2025-12-10T21:03:06.770068,21.0,60.0,0
2025-12-10T21:03:09.024690,21.0,60.0,0
2025-12-10T21:03:11.279340,21.0,60.0,0
2025-12-10T21:03:13.534016,21.0,60.1,0
2025-12-10T21:03:15.788645,21.1,60.1,0
2025-12-10T21:03:18.043232,21.0,60.0,0
2025-12-10T21:03:20.298030,21.0,60.1,0
2025-12-10T21:03:22.552699,21.0,60.1,0
2025-12-10T21:03:24.807578,21.0,60.1,1
2025-12-10T21:03:27.062332,21.0,60.1,0
2025-12-10T21:03:29.317096,21.0,60.1,0
2025-12-10T21:03:31.571998,21.1,60.2,0
2025-12-10T21:03:33.826693,21.1,60.2,0
2025-12-10T21:03:36.081285,21.1,60.2,0
2025-12-10T21:03:38.335765,21.0,60.2,0
2025-12-10T21:03:40.590325,21.1,60.2,0
2025-12-10T21:03:42.845031,21.0,60.1,0
2025-12-10T21:03:45.099839,21.1,60.2,0
2025-12-10T21:03:47.354638,21.0,60.1,0
2025-12-10T21:03:49.609073,21.0,60.1,0
2025-12-10T21:03:51.863675,21.0,60.1,0
2025-12-10T21:03:54.118403,21.0,60.1,0
2025-12-10T21:03:56.372778,21.1,60.1,0
2025-12-10T21:03:58.627562,21.0,60.1,0
2025-12-10T21:04:00.882275,21.0,60.1,0
2025-12-10T21:04:03.136622,21.0,60.1,0
2025-12-10T21:04:05.391528,21.0,60.2,0
2025-12-10T21:04:07.646221,21.1,60.2,0
2025-12-10T21:04:09.900928,21.0,60.2,0
2025-12-10T21:04:12.155798,21.0,60.2,0
2025-12-10T21:04:14.410496,21.1,60.3,0
2025-12-10T21:04:16.665208,21.0,60.2,0
2025-12-10T21:04:18.920036,21.0,60.3,0
2025-12-10T21:04:21.174663,21.0,60.3,0
2025-12-10T21:04:23.429370,21.0,60.3,1
2025-12-10T21:04:25.683768,21.0,60.3,0
2025-12-10T21:04:27.938391,21.0,60.3,0
2025-12-10T21:04:30.193065,21.0,60.3,0
2025-12-10T21:04:32.447938,21.0,60.2,0
2025-12-10T21:04:34.702169,21.0,60.2,0
2025-12-10T21:04:36.956256,21.0,60.2,0
2025-12-10T21:04:39.210592,21.0,60.2,0
2025-12-10T21:04:41.465232,21.0,60.2,0
2025-12-10T21:04:43.719777,21.0,60.2,0
2025-12-10T21:04:45.974700,21.1,60.2,0
2025-12-10T21:04:48.229438,21.0,60.1,0
2025-12-10T21:04:50.484117,21.0,60.1,1
2025-12-10T21:04:52.738745,21.0,60.0,0
2025-12-10T21:04:54.993120,21.0,60.0,0
2025-12-10T21:04:57.247782,21.0,60.0,0
2025-12-10T21:04:59.502553,21.0,60.0,0
2025-12-10T21:05:01.756807,21.0,59.9,0
2025-12-10T21:05:04.011380,21.1,59.9,0
2025-12-10T21:05:06.266071,21.0,59.8,0
2025-12-10T21:05:08.520551,21.0,59.7,0
2025-12-10T21:05:10.775100,21.0,59.7,0
2025-12-10T21:05:13.029869,21.0,59.7,0
2025-12-10T21:05:15.284161,21.0,59.7,0
2025-12-10T21:05:17.538779,21.0,59.7,0
2025-12-10T21:05:19.793288,21.1,59.7,0
2025-12-10T21:05:22.047692,21.0,59.7,0
2025-12-10T21:05:24.301742,21.0,59.7,0
2025-12-10T21:05:26.556602,21.0,59.7,0
2025-12-10T21:05:28.810824,21.0,59.7,0
2025-12-10T21:05:31.065321,21.0,59.7,0
2025-12-10T21:05:33.319875,21.0,59.8,0
2025-12-10T21:05:35.574413,21.0,59.8,1
2025-12-10T21:05:37.829123,21.0,59.8,0
2025-12-10T21:05:40.083919,21.0,59.9,0
2025-12-10T21:05:42.338136,21.0,59.8,0
2025-12-10T21:05:44.592261,21.0,59.9,0
2025-12-10T21:05:46.846410,21.0,59.9,0
2025-12-10T21:05:49.101118,21.0,59.8,0
2025-12-10T21:05:51.355819,21.0,59.8,0
2025-12-10T21:05:53.610455,21.0,59.8,0
2025-12-10T21:05:55.864728,21.0,59.8,0
2025-12-10T21:05:58.119385,21.0,59.8,0
2025-12-10T21:06:00.373897,21.0,59.7,0
2025-12-10T21:06:02.628669,21.0,59.7,0
2025-12-10T21:06:04.883239,21.0,59.7,0
2025-12-10T21:06:07.137565,21.0,59.7,0
2025-12-10T21:06:09.392346,21.0,59.7,1
2025-12-10T21:06:11.646866,21.0,59.7,0
2025-12-10T21:06:13.901150,21.0,59.7,0
2025-12-10T21:06:16.155830,21.0,59.7,0
2025-12-10T21:06:18.410513,21.0,59.7,0
2025-12-10T21:06:20.665260,21.1,59.8,0
2025-12-10T21:06:22.919962,21.0,59.7,1
2025-12-10T21:06:25.174616,21.0,59.7,0
2025-12-10T21:06:27.429478,21.0,59.7,0
2025-12-10T21:06:29.684196,21.0,59.7,0
2025-12-10T21:06:31.938285,21.0,59.7,0
2025-12-10T21:06:34.193224,21.0,59.7,0
2025-12-10T21:06:36.447967,21.0,59.7,0
2025-12-10T21:06:38.702558,21.0,59.7,0
2025-12-10T21:06:40.956921,21.0,59.8,0
2025-12-10T21:06:43.211465,21.0,59.8,0
2025-12-10T21:06:45.466161,21.0,59.7,0
2025-12-10T21:06:47.721054,21.0,59.8,0
2025-12-10T21:06:49.975632,21.0,59.8,0
2025-12-10T21:06:52.229901,21.0,59.8,0
2025-12-10T21:06:54.484702,21.0,59.8,1
2025-12-10T21:06:56.739471,21.0,59.8,0
2025-12-10T21:06:58.994047,21.0,59.8,0
2025-12-10T21:07:01.249037,21.0,59.9,0
2025-12-10T21:07:03.503747,21.0,59.9,0
2025-12-10T21:07:05.758463,21.0,59.9,1
2025-12-10T21:07:08.013385,21.0,59.9,0
2025-12-10T21:07:10.268269,21.0,59.9,0
2025-12-10T21:07:12.522925,21.0,59.9,0
2025-12-10T21:07:14.777327,21.0,59.9,0
2025-12-10T21:07:17.031991,21.0,59.9,0
2025-12-10T21:07:19.286099,21.0,59.9,0
2025-12-10T21:07:21.540993,21.0,59.9,0
2025-12-10T21:07:23.795712,21.0,59.9,0
2025-12-10T21:07:26.049794,21.0,59.8,0
2025-12-10T21:07:28.304768,21.1,59.9,0
2025-12-10T21:07:30.559448,21.0,59.7,0
2025-12-10T21:07:32.814103,21.0,59.7,0
2025-12-10T21:07:35.069025,21.0,59.7,0
2025-12-10T21:07:37.323643,21.0,59.7,0
2025-12-10T21:07:39.578238,21.0,59.7,0
2025-12-10T21:07:41.833143,21.0,59.7,0
2025-12-10T21:07:44.087550,21.0,59.7,0
2025-12-10T21:07:46.342184,21.0,59.7,0
2025-12-10T21:07:48.596667,21.0,59.7,0
2025-12-10T21:07:50.851463,21.0,59.7,0
2025-12-10T21:07:53.105968,21.0,59.7,0
2025-12-10T21:07:55.360901,21.0,59.8,0
2025-12-10T21:07:57.615631,21.0,59.8,0
2025-12-10T21:07:59.869832,21.1,59.9,0
2025-12-10T21:08:02.124831,21.0,59.8,0
2025-12-10T21:08:04.379628,21.0,59.9,0
2025-12-10T21:08:06.634180,21.0,59.9,0
2025-12-10T21:08:08.889078,21.0,59.9,0
2025-12-10T21:08:11.143257,21.0,59.9,0
2025-12-10T21:08:13.397811,21.0,59.9,0
2025-12-10T21:08:15.652629,21.0,59.9,0
2025-12-10T21:08:17.907313,21.0,59.9,0
2025-12-10T21:08:20.161976,21.1,59.9,0
2025-12-10T21:08:22.416864,21.0,59.9,0
2025-12-10T21:08:24.671526,21.0,59.9,0
2025-12-10T21:08:26.926133,21.0,59.9,0
2025-12-10T21:08:29.181105,21.1,59.9,1
2025-12-10T21:08:31.435814,21.0,59.8,0
2025-12-10T21:08:33.689926,21.0,59.8,0
2025-12-10T21:08:35.944844,21.1,59.9,0
2025-12-10T21:08:38.199563,21.0,59.8,0
2025-12-10T21:08:40.454030,21.0,59.8,0
2025-12-10T21:08:42.708915,21.0,59.7,0
2025-12-10T21:08:44.963615,21.0,59.7,0
2025-12-10T21:08:47.217773,21.0,59.7,0
2025-12-10T21:08:49.472782,21.1,59.8,0
2025-12-10T21:08:51.727475,21.0,59.8,0
2025-12-10T21:08:53.982049,21.0,59.7,1
2025-12-10T21:08:56.236849,21.1,59.8,0
2025-12-10T21:08:58.491406,21.0,59.8,0
2025-12-10T21:09:00.746036,21.0,59.7,0
2025-12-10T21:09:03.000960,21.0,59.7,0
2025-12-10T21:09:05.255665,21.0,59.7,0
2025-12-10T21:09:07.509824,21.0,59.7,0
2025-12-10T21:09:09.764672,21.0,59.7,0
2025-12-10T21:09:12.019394,21.0,59.7,0
2025-12-10T21:09:14.273628,21.0,59.7,0
2025-12-10T21:09:16.528406,21.0,59.7,0
2025-12-10T21:09:18.783063,21.0,59.7,0
2025-12-10T21:09:21.037683,21.0,59.7,0
2025-12-10T21:09:23.291982,21.0,59.7,1
2025-12-10T21:09:25.546533,21.1,59.7,0
2025-12-10T21:09:27.801164,21.1,59.7,0
2025-12-10T21:09:30.055991,21.0,59.6,0
2025-12-10T21:09:32.312946,21.0,59.7,0
2025-12-10T21:09:34.567038,21.0,59.7,0
2025-12-10T21:09:36.821816,21.1,59.7,0
2025-12-10T21:09:39.076589,21.0,59.7,0
2025-12-10T21:09:41.330962,21.0,59.7,0
2025-12-10T21:09:43.585798,21.0,59.6,0
2025-12-10T21:09:45.840549,21.0,59.6,0
2025-12-10T21:09:48.095187,21.0,59.6,0
2025-12-10T21:09:50.349760,21.1,59.7,0
2025-12-10T21:09:52.604389,21.0,59.6,0
2025-12-10T21:09:54.858781,21.0,59.6,0
2025-12-10T21:09:57.113315,21.0,59.5,0
2025-12-10T21:09:59.368081,21.0,59.4,0
2025-12-10T21:10:01.622719,21.1,59.4,0
2025-12-10T21:10:03.877140,21.1,59.4,0
2025-12-10T21:10:06.131715,21.1,59.3,0
2025-12-10T21:10:08.386137,21.0,59.2,0
2025-12-10T21:10:10.641038,21.0,59.1,0
2025-12-10T21:10:12.895285,21.0,59.1,0
2025-12-10T21:10:15.149853,21.0,59.1,0
2025-12-10T21:10:17.404854,21.0,59.1,0
2025-12-10T21:10:19.659518,21.0,59.1,0
2025-12-10T21:10:21.914111,21.0,59.1,0
2025-12-10T21:10:24.168668,21.0,59.1,1
2025-12-10T21:10:26.463370,21.1,59.2,0
2025-12-10T21:10:28.717615,21.0,59.2,0
2025-12-10T21:10:30.972311,21.0,59.2,0
2025-12-10T21:10:33.226949,21.0,59.2,0
2025-12-10T21:10:35.481601,21.0,59.2,0
2025-12-10T21:10:37.736463,21.0,59.2,0
2025-12-10T21:10:39.990793,21.0,59.2,0
2025-12-10T21:10:42.245503,21.0,59.3,0
2025-12-10T21:10:44.500136,21.0,59.3,0
2025-12-10T21:10:46.754784,21.0,59.3,0
2025-12-10T21:10:49.008960,21.0,59.2,0
2025-12-10T21:10:51.263549,21.0,59.3,0
2025-12-10T21:10:53.517936,21.0,59.3,1
2025-12-10T21:10:55.772534,21.0,59.2,0
2025-12-10T21:10:58.027154,21.1,59.3,0
2025-12-10T21:11:00.282068,21.0,59.2,0
2025-12-10T21:11:02.536646,21.0,59.1,0
2025-12-10T21:11:04.791350,21.0,59.1,0
2025-12-10T21:11:07.045895,21.0,59.1,0
2025-12-10T21:11:09.300644,21.0,59.1,0
2025-12-10T21:11:11.555219,21.0,59.1,0
2025-12-10T21:11:13.809310,21.0,59.1,0
2025-12-10T21:11:16.063849,21.0,59.1,0
2025-12-10T21:11:18.318693,21.0,59.1,0
2025-12-10T21:11:20.573265,21.0,59.1,0
2025-12-10T21:11:22.827855,21.0,59.1,1
2025-12-10T21:11:25.082409,21.0,59.1,0
2025-12-10T21:11:27.336780,21.0,59.1,0
2025-12-10T21:11:29.591300,21.0,59.1,0
2025-12-10T21:11:31.845835,21.0,59.1,1
2025-12-10T21:11:34.100430,21.0,59.1,0
2025-12-10T21:11:36.354664,21.0,59.2,0
2025-12-10T21:11:38.609429,21.0,59.2,0
2025-12-10T21:11:40.863595,21.1,59.3,0
2025-12-10T21:11:43.118122,21.0,59.3,0
2025-12-10T21:11:45.373073,21.1,59.4,0
2025-12-10T21:11:47.627657,21.0,59.4,0
2025-12-10T21:11:49.882155,21.0,59.4,0
2025-12-10T21:11:52.136780,21.0,59.4,0
2025-12-10T21:11:54.472477,21.0,59.5,0
2025-12-10T21:11:56.807983,21.1,59.6,0
2025-12-10T21:11:59.111514,21.0,59.5,0
2025-12-10T21:12:01.366209,21.0,59.5,0
2025-12-10T21:12:03.620920,21.1,59.6,0
2025-12-10T21:12:05.875736,21.0,59.5,0
2025-12-10T21:12:08.130492,21.0,59.5,0
2025-12-10T21:12:10.385215,21.1,59.6,0
2025-12-10T21:12:12.640025,21.0,59.5,0
2025-12-10T21:12:14.894632,21.0,59.5,0
2025-12-10T21:12:17.148953,21.1,59.6,0
2025-12-10T21:12:19.403809,21.0,59.6,0
2025-12-10T21:12:21.658564,21.0,59.6,0
2025-12-10T21:12:23.913068,21.0,59.6,1
2025-12-10T21:12:26.167914,21.0,59.6,0
2025-12-10T21:12:28.422701,21.0,59.5,0
2025-12-10T21:12:30.677371,21.0,59.5,0
2025-12-10T21:12:32.932038,21.1,59.6,0
2025-12-10T21:12:35.186394,21.0,59.6,0
2025-12-10T21:12:37.441151,21.0,59.6,0
2025-12-10T21:12:39.695999,21.0,59.5,0
2025-12-10T21:12:41.950633,21.0,59.5,0
2025-12-10T21:12:44.205202,21.0,59.4,0
2025-12-10T21:12:46.459545,21.0,59.3,0
2025-12-10T21:12:48.713781,21.0,59.2,0
2025-12-10T21:12:50.968502,21.0,59.0,0
2025-12-10T21:12:53.223490,21.0,59.0,0
2025-12-10T21:12:55.478264,21.0,58.9,0
2025-12-10T21:12:57.732987,21.0,58.8,0
2025-12-10T21:12:59.987790,21.0,58.7,0
2025-12-10T21:13:02.242593,21.0,58.7,0
2025-12-10T21:13:04.497256,21.0,58.7,0
2025-12-10T21:13:06.752072,21.0,58.7,0
2025-12-10T21:13:09.006669,21.1,58.7,0
2025-12-10T21:13:11.261210,21.0,58.7,0
2025-12-10T21:13:13.516097,21.0,58.7,0
2025-12-10T21:13:15.770766,21.0,58.7,0
2025-12-10T21:13:18.024902,21.0,58.7,0
2025-12-10T21:13:20.279833,21.1,58.8,0
2025-12-10T21:13:22.534486,21.1,58.8,0
2025-12-10T21:13:24.789103,21.0,58.7,0
2025-12-10T21:13:27.043939,21.1,58.8,0
2025-12-10T21:13:29.298648,21.0,58.7,0
2025-12-10T21:13:31.553133,21.0,58.7,0
2025-12-10T21:13:33.807642,21.0,58.7,0
2025-12-10T21:13:36.062285,21.0,58.8,0
2025-12-10T21:13:38.317025,21.0,58.8,0
2025-12-10T21:13:40.571887,21.1,58.8,0
2025-12-10T21:13:42.826613,21.0,58.7,0
2025-12-10T21:13:45.081270,21.0,58.8,0
2025-12-10T21:13:47.335585,21.0,58.8,0
2025-12-10T21:13:49.590306,21.0,58.8,0
2025-12-10T21:13:51.845017,21.1,59.0,0
2025-12-10T21:13:54.099838,21.0,58.9,0
2025-12-10T21:13:56.356815,21.0,58.9,0
2025-12-10T21:13:58.611477,21.0,59.0,0
2025-12-10T21:14:00.866328,21.0,59.0,0
2025-12-10T21:14:03.120869,21.0,59.1,0
2025-12-10T21:14:05.375574,21.1,59.2,0
2025-12-10T21:14:07.630329,21.0,59.2,0
2025-12-10T21:14:09.885061,21.0,59.3,0
2025-12-10T21:14:12.139737,21.1,59.4,0
2025-12-10T21:14:14.394474,21.0,59.4,0
2025-12-10T21:14:16.649106,21.1,59.5,0
2025-12-10T21:14:18.903772,21.0,59.4,0
2025-12-10T21:14:21.158577,21.0,59.5,0
2025-12-10T21:14:23.413359,21.0,59.5,1
2025-12-10T21:14:25.668014,21.1,59.5,0
2025-12-10T21:14:27.922740,21.0,59.4,0
2025-12-10T21:14:30.179429,21.0,59.4,0
2025-12-10T21:14:32.434118,21.0,59.4,0
2025-12-10T21:14:34.689025,21.1,59.5,0
2025-12-10T21:14:36.943757,21.0,59.4,0
2025-12-10T21:14:39.198317,21.0,59.4,0
2025-12-10T21:14:41.452934,21.0,59.4,0
2025-12-10T21:14:43.707638,21.0,59.5,0
2025-12-10T21:14:45.962240,21.1,59.6,0
2025-12-10T21:14:48.217070,21.0,59.5,0
2025-12-10T21:14:50.471752,21.0,59.6,0
2025-12-10T21:14:52.726121,21.0,59.6,0
2025-12-10T21:14:54.980905,21.0,59.6,0
2025-12-10T21:14:57.235650,21.0,59.6,0
2025-12-10T21:14:59.489721,21.0,59.6,0
2025-12-10T21:15:01.744586,21.0,59.6,0
2025-12-10T21:15:03.999264,21.0,59.6,0
2025-12-10T21:15:06.253750,21.0,59.6,0
2025-12-10T21:15:08.508537,21.0,59.6,0
2025-12-10T21:15:10.764817,21.1,59.7,0
2025-12-10T21:15:13.019460,21.0,59.7,0
2025-12-10T21:15:15.274349,21.0,59.7,0
2025-12-10T21:15:17.529077,21.1,59.7,0
2025-12-10T21:15:19.783728,21.0,59.7,0
2025-12-10T21:15:22.038563,21.0,59.7,0
2025-12-10T21:15:24.293290,21.0,59.7,1
2025-12-10T21:15:26.547936,21.0,59.7,0
2025-12-10T21:15:28.802703,21.0,59.7,0
2025-12-10T21:15:31.058733,21.0,59.7,0
2025-12-10T21:15:33.313497,21.0,59.7,0
2025-12-10T21:15:35.568248,21.0,59.8,0
2025-12-10T21:15:37.822869,21.0,59.8,0
2025-12-10T21:15:40.077503,21.0,59.9,0
2025-12-10T21:15:42.332366,21.0,59.9,0
2025-12-10T21:15:44.587089,21.1,59.9,0
2025-12-10T21:15:46.841713,21.0,59.9,0
2025-12-10T21:15:49.096516,21.0,59.9,0
2025-12-10T21:15:51.351261,21.0,59.9,0
2025-12-10T21:15:53.605891,21.0,59.9,1
2025-12-10T21:15:55.860356,21.0,59.9,0
2025-12-10T21:15:58.114874,21.1,60.0,0
2025-12-10T21:16:00.369246,21.0,59.9,0
2025-12-10T21:16:02.624067,21.1,60.0,0
2025-12-10T21:16:04.878819,21.0,59.9,0
2025-12-10T21:16:07.133381,21.0,59.9,0
2025-12-10T21:16:09.388329,21.0,59.8,0
2025-12-10T21:16:11.642947,21.0,59.8,1
2025-12-10T21:16:13.897538,21.0,59.8,0
2025-12-10T21:16:16.152172,21.0,59.9,0
2025-12-10T21:16:18.411221,21.0,59.8,0
2025-12-10T21:16:20.665669,21.0,59.9,0
2025-12-10T21:16:22.920007,21.0,59.8,0
2025-12-10T21:16:25.174558,21.0,59.9,0
2025-12-10T21:16:27.429207,21.0,59.9,0
2025-12-10T21:16:29.683959,21.0,59.9,0
2025-12-10T21:16:31.938624,21.1,59.9,0
2025-12-10T21:16:34.193210,21.0,59.9,0
2025-12-10T21:16:36.448066,21.0,59.9,0
2025-12-10T21:16:38.702602,21.0,59.9,0
2025-12-10T21:16:40.956960,21.0,59.9,0
2025-12-10T21:16:43.211765,21.0,59.9,0
2025-12-10T21:16:45.466454,21.1,59.9,0
2025-12-10T21:16:47.720750,21.0,59.9,0
2025-12-10T21:16:49.975618,21.0,59.9,0
2025-12-10T21:16:52.230404,21.1,60.0,0
2025-12-10T21:16:54.484696,21.0,59.9,0
2025-12-10T21:16:56.739293,21.0,59.9,0
2025-12-10T21:16:58.993976,21.0,59.9,0
2025-12-10T21:17:01.248781,21.0,59.9,0
2025-12-10T21:17:03.503498,21.1,59.9,0
2025-12-10T21:17:05.758081,21.0,59.8,0
2025-12-10T21:17:08.012786,21.1,59.9,0
2025-12-10T21:17:10.267704,21.0,59.7,0
2025-12-10T21:17:12.522208,21.0,59.8,0
2025-12-10T21:17:14.776678,21.0,59.7,0
2025-12-10T21:17:17.031449,21.1,59.8,0
2025-12-10T21:17:19.285837,21.0,59.8,0
2025-12-10T21:17:21.540493,21.0,59.7,0
2025-12-10T21:17:23.795064,21.0,59.8,1
2025-12-10T21:17:26.049703,21.0,59.8,0
2025-12-10T21:17:28.304488,21.0,59.8,0
2025-12-10T21:17:30.559000,21.0,59.8,0
2025-12-10T21:17:32.813676,21.0,59.8,0
2025-12-10T21:17:35.068278,21.1,59.9,0
2025-12-10T21:17:37.323152,21.0,59.8,0
2025-12-10T21:17:39.577874,21.0,59.9,0
2025-12-10T21:17:41.832454,21.0,59.8,0
2025-12-10T21:17:44.086989,21.0,59.8,0
2025-12-10T21:17:46.341681,21.1,59.9,0
2025-12-10T21:17:48.596336,21.0,59.9,0
2025-12-10T21:17:50.850908,21.0,59.9,0
2025-12-10T21:17:53.105505,21.0,59.9,0
2025-12-10T21:17:55.360172,21.0,59.9,0
2025-12-10T21:17:57.614936,21.0,59.9,0
2025-12-10T21:17:59.869465,21.0,59.9,0
2025-12-10T21:18:02.124011,21.0,59.9,0
2025-12-10T21:18:04.378792,21.0,59.9,0
2025-12-10T21:18:06.633358,21.0,59.9,0
2025-12-10T21:18:08.887920,21.0,59.9,0
2025-12-10T21:18:11.142230,21.0,59.9,0
2025-12-10T21:18:13.396942,21.0,59.9,0
2025-12-10T21:18:15.651233,21.1,59.9,0
2025-12-10T21:18:17.905895,21.1,59.9,0
2025-12-10T21:18:20.160033,21.1,59.9,0
2025-12-10T21:18:22.414490,21.0,59.9,0
2025-12-10T21:18:24.669276,21.0,59.9,0
2025-12-10T21:18:26.923804,21.1,59.9,0
2025-12-10T21:18:29.178121,21.0,59.9,0
2025-12-10T21:18:31.433079,21.1,59.9,0
2025-12-10T21:18:33.687350,21.0,59.9,0
2025-12-10T21:18:35.941916,21.0,59.8,0
2025-12-10T21:18:38.196646,21.0,59.9,0
2025-12-10T21:18:40.451536,21.0,59.9,0
2025-12-10T21:18:42.706217,21.1,60.0,0
2025-12-10T21:18:44.961021,21.0,59.9,0
2025-12-10T21:18:47.217697,21.1,60.0,0
2025-12-10T21:18:49.472436,21.0,59.9,0
2025-12-10T21:18:51.726905,21.0,59.9,0
2025-12-10T21:18:53.981586,21.1,59.9,1
2025-12-10T21:18:56.236195,21.0,59.9,0
2025-12-10T21:18:58.490938,21.1,60.0,0
2025-12-10T21:19:00.745471,21.1,60.0,0
2025-12-10T21:19:03.000126,21.0,59.9,0
2025-12-10T21:19:05.255040,21.0,59.9,0
2025-12-10T21:19:07.509688,21.0,59.9,0
2025-12-10T21:19:09.764363,21.1,60.0,0
2025-12-10T21:19:12.019055,21.0,59.9,0
2025-12-10T21:19:14.273820,21.0,59.9,0
2025-12-10T21:19:16.528491,21.0,59.9,0
2025-12-10T21:19:18.783281,21.0,59.9,0
2025-12-10T21:19:21.037555,21.0,59.9,0
2025-12-10T21:19:23.291858,21.0,59.9,0
2025-12-10T21:19:25.546356,21.0,59.9,0
2025-12-10T21:19:27.801087,21.1,60.0,0
2025-12-10T21:19:30.055624,21.0,59.9,0
2025-12-10T21:19:32.310419,21.0,59.9,0
2025-12-10T21:19:34.565196,21.1,60.0,0
2025-12-10T21:19:36.819909,21.0,59.9,0
2025-12-10T21:19:39.074681,21.1,60.0,0
2025-12-10T21:19:41.329079,21.1,60.0,0
2025-12-10T21:19:43.583620,21.1,60.0,0
2025-12-10T21:19:45.838266,21.0,59.9,0
2025-12-10T21:19:48.092955,21.0,59.9,0
2025-12-10T21:19:50.347586,21.1,60.0,0
2025-12-10T21:19:52.602335,21.0,59.9,0
2025-12-10T21:19:54.856993,21.1,60.0,0
2025-12-10T21:19:57.111558,21.1,60.0,0
2025-12-10T21:19:59.366076,21.0,59.9,0
2025-12-10T21:20:01.620696,21.0,59.9,0
2025-12-10T21:20:03.874983,21.0,59.9,0
2025-12-10T21:20:06.129654,21.0,59.9,0
2025-12-10T21:20:08.384471,21.0,59.9,0
2025-12-10T21:20:10.638669,21.0,59.9,0
2025-12-10T21:20:12.893442,21.0,59.9,0
2025-12-10T21:20:15.148103,21.0,59.9,0
2025-12-10T21:20:17.402693,21.0,59.9,0
2025-12-10T21:20:19.657457,21.1,60.0,0
2025-12-10T21:20:21.912143,21.0,59.9,0
2025-12-10T21:20:24.166542,21.0,59.9,1
2025-12-10T21:20:26.421128,21.0,59.9,0
2025-12-10T21:20:28.675858,21.0,59.9,0
2025-12-10T21:20:30.930455,21.0,59.9,0
2025-12-10T21:20:33.185384,21.0,59.9,0
2025-12-10T21:20:35.440080,21.0,59.9,0
2025-12-10T21:20:37.694528,21.0,59.9,0
2025-12-10T21:20:39.949453,21.0,59.9,0
2025-12-10T21:20:42.204108,21.1,60.0,0
2025-12-10T21:20:44.458672,21.1,60.0,0
2025-12-10T21:20:46.713500,21.0,59.9,0
2025-12-10T21:20:48.967908,21.0,59.9,0
2025-12-10T21:20:51.223199,21.1,60.0,0
2025-12-10T21:20:53.478029,21.1,60.0,0
2025-12-10T21:20:55.732816,21.0,59.9,0
2025-12-10T21:20:57.987443,21.0,59.9,0
2025-12-10T21:21:00.242155,21.0,59.9,0
2025-12-10T21:21:02.496889,21.0,59.9,0
2025-12-10T21:21:04.751490,21.0,59.8,0
2025-12-10T21:21:07.006367,21.0,59.8,0
2025-12-10T21:21:09.261225,21.0,59.8,0
2025-12-10T21:21:11.515553,21.0,59.9,0
2025-12-10T21:21:13.770260,21.0,59.8,0
2025-12-10T21:21:16.025045,21.1,59.9,0
2025-12-10T21:21:18.279741,21.0,59.8,0
2025-12-10T21:21:20.534550,21.0,59.9,0
2025-12-10T21:21:22.788920,21.1,59.9,0
2025-12-10T21:21:25.043592,21.0,59.9,0
2025-12-10T21:21:27.298060,21.0,59.9,0
2025-12-10T21:21:29.552789,21.0,59.8,0
2025-12-10T21:21:31.807372,21.0,59.8,0
2025-12-10T21:21:34.061955,21.0,59.8,0
2025-12-10T21:21:36.316814,21.0,59.8,0
2025-12-10T21:21:38.571411,21.0,59.8,0
2025-12-10T21:21:40.826180,21.0,59.8,0
2025-12-10T21:21:43.080945,21.0,59.8,0
2025-12-10T21:21:45.335163,21.0,59.8,0
2025-12-10T21:21:47.589924,21.0,59.8,0
2025-12-10T21:21:49.844627,21.0,59.9,0
2025-12-10T21:21:52.099163,21.0,59.9,0
2025-12-10T21:21:54.353985,21.0,59.9,0
2025-12-10T21:21:56.608486,21.1,59.9,0
2025-12-10T21:21:58.862996,21.1,60.0,0
2025-12-10T21:22:01.117526,21.0,59.9,0
2025-12-10T21:22:03.372211,21.0,59.9,0
2025-12-10T21:22:05.626701,21.0,59.9,0
2025-12-10T21:22:07.881070,21.0,59.9,0
2025-12-10T21:22:10.135716,21.1,60.0,0
2025-12-10T21:22:12.390005,21.0,59.9,0
2025-12-10T21:22:14.644805,21.0,59.9,0
2025-12-10T21:22:16.899191,21.1,59.9,0
2025-12-10T21:22:19.153341,21.0,59.9,0
2025-12-10T21:22:21.408145,21.1,60.0,0
2025-12-10T21:22:23.662465,21.0,59.8,0
2025-12-10T21:22:25.917017,21.0,59.9,0
2025-12-10T21:22:28.171779,21.1,59.9,0
2025-12-10T21:22:30.428368,21.0,59.9,0
2025-12-10T21:22:32.682621,21.0,59.9,0
2025-12-10T21:22:34.937352,21.0,59.9,1
2025-12-10T21:22:37.191964,21.1,60.0,0
2025-12-10T21:22:39.446655,21.0,59.9,0
2025-12-10T21:22:41.701142,21.1,60.0,0
2025-12-10T21:22:43.955674,21.1,59.9,0
2025-12-10T21:22:46.209762,21.0,59.9,0
2025-12-10T21:22:48.464378,21.0,59.9,0
2025-12-10T21:22:50.718714,21.0,59.9,0
2025-12-10T21:22:52.972865,21.0,59.8,0
2025-12-10T21:22:55.227673,21.0,59.8,1
2025-12-10T21:22:57.481977,21.0,59.9,0
2025-12-10T21:22:59.736520,21.0,59.8,0
2025-12-10T21:23:01.991079,21.0,59.8,0
2025-12-10T21:23:04.245526,21.0,59.8,0
2025-12-10T21:23:06.500044,21.0,59.8,0
2025-12-10T21:23:08.754478,21.0,59.8,0
2025-12-10T21:23:11.009156,21.0,59.9,0
2025-12-10T21:23:13.263757,21.0,59.8,0
2025-12-10T21:23:15.518135,21.0,59.8,0
2025-12-10T21:23:17.772759,21.0,59.8,0
2025-12-10T21:23:20.027312,21.0,59.9,0
2025-12-10T21:23:22.281680,21.1,59.9,0
2025-12-10T21:23:24.536219,21.0,59.8,0
2025-12-10T21:23:26.790774,21.1,59.9,0
2025-12-10T21:23:29.045421,21.0,59.9,0
2025-12-10T21:23:31.299633,21.0,59.9,0
2025-12-10T21:23:33.554056,21.0,59.8,0
2025-12-10T21:23:35.808878,21.0,59.9,0
2025-12-10T21:23:38.063604,21.0,59.8,0
2025-12-10T21:23:40.317944,21.0,59.8,0
2025-12-10T21:23:42.572821,21.0,59.8,0
2025-12-10T21:23:44.827520,21.1,59.9,0
2025-12-10T21:23:47.082017,21.0,59.8,0
2025-12-10T21:23:49.336782,21.1,59.9,0
2025-12-10T21:23:51.591358,21.0,59.8,0
2025-12-10T21:23:53.845885,21.0,59.8,1
2025-12-10T21:23:56.100819,21.0,59.8,0
2025-12-10T21:23:58.355589,21.0,59.8,0
2025-12-10T21:24:00.609640,21.0,59.8,0
2025-12-10T21:24:02.864500,21.0,59.8,0
2025-12-10T21:24:05.119187,21.1,59.8,0
2025-12-10T21:24:07.373882,21.0,59.7,0
2025-12-10T21:24:09.628753,21.0,59.8,0
2025-12-10T21:24:11.883486,21.0,59.7,0
2025-12-10T21:24:14.138179,21.1,59.8,0
2025-12-10T21:24:16.393148,21.0,59.7,0
2025-12-10T21:24:18.647812,21.0,59.7,0
2025-12-10T21:24:20.902250,21.0,59.7,0
2025-12-10T21:24:23.157165,21.0,59.8,0
2025-12-10T21:24:25.411912,21.0,59.8,0
2025-12-10T21:24:27.666197,21.1,59.9,0
2025-12-10T21:24:29.921071,21.1,59.9,0
2025-12-10T21:24:32.175834,21.0,59.8,0
2025-12-10T21:24:34.430345,21.0,59.8,0
2025-12-10T21:24:36.685282,21.0,59.8,0
2025-12-10T21:24:38.939957,21.0,59.8,0
2025-12-10T21:24:41.194443,21.0,59.9,0
2025-12-10T21:24:43.449095,21.0,59.9,0
2025-12-10T21:24:45.784767,21.0,59.8,0
2025-12-10T21:24:48.120213,21.0,59.8,0
2025-12-10T21:24:50.399646,21.0,59.9,0
2025-12-10T21:24:52.654194,21.0,59.9,0
2025-12-10T21:24:54.908789,21.0,59.9,0
2025-12-10T21:24:57.163579,21.0,59.8,0
2025-12-10T21:24:59.418284,21.1,59.9,0
2025-12-10T21:25:01.672971,21.0,59.9,0
2025-12-10T21:25:03.927764,21.1,59.9,0
2025-12-10T21:25:06.182306,21.0,59.8,0
2025-12-10T21:25:08.436873,21.0,59.8,0
2025-12-10T21:25:10.691691,21.0,59.8,0
2025-12-10T21:25:12.946329,21.0,59.9,0
2025-12-10T21:25:15.200959,21.0,59.9,0
2025-12-10T21:25:17.455757,21.0,59.9,0
2025-12-10T21:25:19.710423,21.0,59.9,0
2025-12-10T21:25:21.965120,21.0,59.9,0
2025-12-10T21:25:24.220882,21.0,59.9,0
2025-12-10T21:25:26.475635,21.0,59.9,0
2025-12-10T21:25:28.730097,21.0,59.9,0
2025-12-10T21:25:30.984903,21.0,59.9,0
2025-12-10T21:25:33.239696,21.0,59.9,0
2025-12-10T21:25:35.494342,21.0,59.9,0
2025-12-10T21:25:37.749232,21.0,59.8,0
2025-12-10T21:25:40.003959,21.1,59.9,0
2025-12-10T21:25:42.258652,21.0,59.8,0
2025-12-10T21:25:44.513521,21.0,59.8,0
2025-12-10T21:25:46.768254,21.0,59.9,0
2025-12-10T21:25:49.022833,21.0,59.8,0
2025-12-10T21:25:51.277374,21.0,59.8,0
2025-12-10T21:25:53.532095,21.1,59.9,0
2025-12-10T21:25:55.786728,21.0,59.8,0
2025-12-10T21:25:58.041528,21.0,59.8,0
2025-12-10T21:26:00.296352,21.0,59.9,0
2025-12-10T21:26:02.550914,21.0,59.8,0
2025-12-10T21:26:04.805744,21.0,59.9,0
2025-12-10T21:26:07.060485,21.1,59.9,0
2025-12-10T21:26:09.315215,21.0,59.9,0
2025-12-10T21:26:11.570067,21.0,59.9,0
2025-12-10T21:26:13.824808,21.0,59.9,0
2025-12-10T21:26:16.079447,21.1,59.9,0
2025-12-10T21:26:18.334408,21.0,59.9,0
2025-12-10T21:26:20.589179,21.0,59.9,0
2025-12-10T21:26:22.843865,21.0,59.9,0
2025-12-10T21:26:25.098357,21.0,59.9,1
2025-12-10T21:26:27.353172,21.0,59.9,0
2025-12-10T21:26:29.607821,21.0,59.8,0
2025-12-10T21:26:31.862678,21.0,59.9,0
2025-12-10T21:26:34.117340,21.0,59.8,0
2025-12-10T21:26:36.371722,21.0,59.8,0
2025-12-10T21:26:38.626175,21.0,59.8,0
2025-12-10T21:26:40.880955,21.0,59.9,0
2025-12-10T21:26:43.135268,21.0,59.8,0
2025-12-10T21:26:45.389885,21.0,59.9,0
2025-12-10T21:26:47.644515,21.0,59.9,0
2025-12-10T21:26:49.898666,21.0,59.9,0
2025-12-10T21:26:52.153511,21.0,59.9,0
2025-12-10T21:26:54.408333,21.0,59.9,1
2025-12-10T21:26:56.662981,21.0,59.9,0
2025-12-10T21:26:58.917681,21.0,59.9,0
2025-12-10T21:27:01.172136,21.0,59.9,0
2025-12-10T21:27:03.426810,21.0,59.9,0
2025-12-10T21:27:05.681611,21.0,59.9,0
2025-12-10T21:27:07.935862,21.0,59.9,0
2025-12-10T21:27:10.190248,21.0,59.9,0
2025-12-10T21:27:12.445155,21.0,59.8,0
2025-12-10T21:27:14.699839,21.1,59.9,0
2025-12-10T21:27:16.954406,21.0,59.8,0
2025-12-10T21:27:19.209285,21.1,59.9,0
2025-12-10T21:27:21.464088,21.0,59.9,0
2025-12-10T21:27:23.718651,21.0,59.9,1
2025-12-10T21:27:25.973430,21.0,59.9,0
2025-12-10T21:27:28.228256,21.1,59.9,0
2025-12-10T21:27:30.482879,21.0,59.8,0
2025-12-10T21:27:32.737711,21.0,59.8,0
2025-12-10T21:27:34.992462,21.0,59.7,0
2025-12-10T21:27:37.247177,21.0,59.7,0
2025-12-10T21:27:39.502003,21.0,59.7,0
2025-12-10T21:27:41.756750,21.0,59.7,0
2025-12-10T21:27:44.011450,21.0,59.7,0
2025-12-10T21:27:46.266409,21.0,59.7,0
2025-12-10T21:27:48.521194,21.0,59.7,0
2025-12-10T21:27:50.775842,21.0,59.7,0
2025-12-10T21:27:53.030716,21.0,59.7,1
2025-12-10T21:27:55.284907,21.0,59.8,0
2025-12-10T21:27:57.539558,21.0,59.8,0
2025-12-10T21:27:59.794344,21.0,59.8,0
2025-12-10T21:28:02.049059,21.0,59.8,0
2025-12-10T21:28:04.303756,21.0,59.8,0
2025-12-10T21:28:06.558492,21.0,59.8,0
2025-12-10T21:28:08.813197,21.0,59.8,0
2025-12-10T21:28:11.067770,21.1,59.9,0
2025-12-10T21:28:13.322634,21.0,59.8,0
2025-12-10T21:28:15.577339,21.0,59.8,0
2025-12-10T21:28:17.831979,21.0,59.9,0
2025-12-10T21:28:20.086767,21.0,59.8,0
2025-12-10T21:28:22.341525,21.0,59.8,0
2025-12-10T21:28:24.596156,21.0,59.8,1
2025-12-10T21:28:26.850955,21.0,59.8,0
2025-12-10T21:28:29.105625,21.0,59.8,0
2025-12-10T21:28:31.360327,21.0,59.8,0
2025-12-10T21:28:33.614685,21.0,59.8,0
2025-12-10T21:28:35.869388,21.1,59.9,0
2025-12-10T21:28:38.124020,21.0,59.8,0
2025-12-10T21:28:40.378872,21.0,59.8,0
2025-12-10T21:28:42.633505,21.1,59.8,0
2025-12-10T21:28:44.888138,21.1,59.9,0
2025-12-10T21:28:47.142954,21.0,59.8,0
2025-12-10T21:28:49.397749,21.0,59.7,0
2025-12-10T21:28:51.652433,21.0,59.8,0
2025-12-10T21:28:53.907110,21.0,59.8,1
2025-12-10T21:28:56.161707,21.0,59.8,0
2025-12-10T21:28:58.416286,21.1,59.8,0
2025-12-10T21:29:00.671154,21.0,59.8,0
2025-12-10T21:29:02.925846,21.1,59.8,1
2025-12-10T21:29:05.180500,21.0,59.8,0
2025-12-10T21:29:07.435396,21.1,59.8,0
2025-12-10T21:29:09.690086,21.1,59.8,0
2025-12-10T21:29:11.944725,21.0,59.8,0
2025-12-10T21:29:14.199244,21.0,59.7,0
2025-12-10T21:29:16.453989,21.0,59.8,0
2025-12-10T21:29:18.708613,21.0,59.7,0
2025-12-10T21:29:20.963473,21.0,59.7,0
2025-12-10T21:29:23.219282,21.0,59.7,0
2025-12-10T21:29:25.473939,21.0,59.7,0
2025-12-10T21:29:27.728902,21.0,59.7,0
2025-12-10T21:29:29.983614,21.0,59.7,0
2025-12-10T21:29:32.238297,21.0,59.7,0
2025-12-10T21:29:34.493223,21.0,59.7,0
2025-12-10T21:29:36.747867,21.0,59.8,0
2025-12-10T21:29:39.002438,21.0,59.8,0
2025-12-10T21:29:41.257364,21.0,59.8,0
2025-12-10T21:29:43.512087,21.0,59.8,0
2025-12-10T21:29:45.766696,21.0,59.7,0
2025-12-10T21:29:48.021458,21.0,59.8,0
2025-12-10T21:29:50.276270,21.1,59.9,0
2025-12-10T21:29:52.530952,21.1,59.9,0
2025-12-10T21:29:54.785730,21.0,59.8,0
2025-12-10T21:29:57.040336,21.0,59.7,0
2025-12-10T21:29:59.294477,21.0,59.8,0
2025-12-10T21:30:01.549395,21.1,59.8,0
2025-12-10T21:30:03.804097,21.0,59.7,0
2025-12-10T21:30:06.058696,21.0,59.7,0
2025-12-10T21:30:08.313636,21.0,59.7,0
2025-12-10T21:30:10.568372,21.0,59.7,0
2025-12-10T21:30:12.822914,21.0,59.6,0
2025-12-10T21:30:15.077756,21.0,59.6,0
2025-12-10T21:30:17.332544,21.0,59.7,0
2025-12-10T21:30:19.587149,21.1,59.7,0
2025-12-10T21:30:21.841749,21.0,59.7,0
2025-12-10T21:30:24.096507,21.0,59.7,0
2025-12-10T21:30:26.351176,21.0,59.7,0
2025-12-10T21:30:28.606038,21.0,59.7,0
2025-12-10T21:30:30.860730,21.0,59.7,0
2025-12-10T21:30:33.115253,21.0,59.7,0
2025-12-10T21:30:35.370112,21.0,59.7,0
2025-12-10T21:30:37.624905,21.0,59.7,0
2025-12-10T21:30:39.879241,21.0,59.7,0
2025-12-10T21:30:42.134065,21.0,59.8,0
2025-12-10T21:30:44.388430,21.1,59.9,0
2025-12-10T21:30:46.643055,21.0,59.8,0
2025-12-10T21:30:48.897298,21.0,59.7,0
2025-12-10T21:30:51.152031,21.0,59.7,0
2025-12-10T21:30:53.406463,21.1,59.8,1
2025-12-10T21:30:55.661101,21.1,59.8,0
2025-12-10T21:30:57.915791,21.0,59.7,0
2025-12-10T21:31:00.170416,21.0,59.7,0
2025-12-10T21:31:02.425383,21.0,59.8,0
2025-12-10T21:31:04.680098,21.0,59.7,0
2025-12-10T21:31:06.934732,21.0,59.7,0
2025-12-10T21:31:09.189592,21.0,59.8,0
2025-12-10T21:31:11.444344,21.0,59.8,0
2025-12-10T21:31:13.698712,21.0,59.8,0
2025-12-10T21:31:15.953515,21.1,59.9,0
2025-12-10T21:31:18.208230,21.0,59.8,0
2025-12-10T21:31:20.462902,21.0,59.8,0
2025-12-10T21:31:22.717734,21.0,59.8,0
2025-12-10T21:31:24.972387,21.0,59.8,1
2025-12-10T21:31:27.227089,21.0,59.8,0
2025-12-10T21:31:29.481884,21.0,59.8,0
2025-12-10T21:31:31.736638,21.0,59.8,0
2025-12-10T21:31:33.991280,21.0,59.8,0
2025-12-10T21:31:36.246191,21.0,59.8,0
2025-12-10T21:31:38.500896,21.0,59.8,0
2025-12-10T21:31:40.755189,21.0,59.8,0
2025-12-10T21:31:43.009909,21.0,59.8,0
2025-12-10T21:31:45.264803,21.0,59.8,0
2025-12-10T21:31:47.519447,21.0,59.8,0
2025-12-10T21:31:49.774217,21.0,59.8,0
2025-12-10T21:31:52.028943,21.0,59.8,0
2025-12-10T21:31:54.283515,21.0,59.8,0
2025-12-10T21:31:56.538412,21.1,59.9,0
2025-12-10T21:31:58.794508,21.0,59.7,0
2025-12-10T21:32:01.049116,21.0,59.7,0
2025-12-10T21:32:03.303475,21.0,59.7,0
2025-12-10T21:32:05.558192,21.0,59.7,1
2025-12-10T21:32:07.812874,21.0,59.7,0
2025-12-10T21:32:10.067740,21.0,59.7,0
2025-12-10T21:32:12.322465,21.0,59.6,0
2025-12-10T21:32:14.577065,21.0,59.6,0
2025-12-10T21:32:16.831719,21.0,59.6,0
2025-12-10T21:32:19.086400,21.0,59.6,0
2025-12-10T21:32:21.341157,21.0,59.5,0
2025-12-10T21:32:23.596064,21.0,59.5,0
2025-12-10T21:32:25.850651,21.0,59.5,0
2025-12-10T21:32:28.105267,21.0,59.5,0
2025-12-10T21:32:30.360194,21.0,59.5,0
2025-12-10T21:32:32.614680,21.0,59.6,0
2025-12-10T21:32:34.869370,21.0,59.5,0
2025-12-10T21:32:37.123957,21.0,59.5,0
2025-12-10T21:32:39.378742,21.0,59.5,0
2025-12-10T21:32:41.633328,21.0,59.5,0
2025-12-10T21:32:43.888185,21.0,59.5,0
2025-12-10T21:32:46.142679,21.1,59.6,0
2025-12-10T21:32:48.397300,21.1,59.5,0
2025-12-10T21:32:50.652203,21.0,59.5,0
2025-12-10T21:32:52.906627,21.0,59.5,0
2025-12-10T21:32:55.161118,21.0,59.5,1
2025-12-10T21:32:57.416001,21.0,59.5,0
2025-12-10T21:32:59.670554,21.0,59.6,0
2025-12-10T21:33:01.925128,21.0,59.6,0
2025-12-10T21:33:04.179886,21.0,59.6,0
2025-12-10T21:33:06.434651,21.0,59.6,0
2025-12-10T21:33:08.689335,21.0,59.6,0
2025-12-10T21:33:10.944050,21.0,59.6,0
2025-12-10T21:33:13.198779,21.0,59.6,0
2025-12-10T21:33:15.453501,21.0,59.6,0
2025-12-10T21:33:17.708418,21.0,59.5,0
2025-12-10T21:33:19.963162,21.0,59.5,0
2025-12-10T21:33:22.218537,21.0,59.4,0
2025-12-10T21:33:24.473291,21.0,59.4,1
2025-12-10T21:33:26.728010,21.0,59.4,0
2025-12-10T21:33:28.982541,21.0,59.4,0
2025-12-10T21:33:31.237393,21.0,59.4,0
2025-12-10T21:33:33.492101,21.0,59.4,0
2025-12-10T21:33:35.746536,21.0,59.4,0
2025-12-10T21:33:38.001401,21.0,59.4,0
2025-12-10T21:33:40.255990,21.0,59.3,0
2025-12-10T21:33:42.540477,21.0,59.3,0
2025-12-10T21:33:44.795379,21.0,59.3,0
2025-12-10T21:33:47.050100,21.0,59.3,0
2025-12-10T21:33:49.304856,21.0,59.4,0
2025-12-10T21:33:51.559703,21.0,59.4,0
2025-12-10T21:33:53.814338,21.0,59.4,0
2025-12-10T21:33:56.068872,21.0,59.4,0
2025-12-10T21:33:58.323798,21.1,59.4,0
2025-12-10T21:34:00.578537,21.0,59.4,0
2025-12-10T21:34:02.833113,21.0,59.3,0
2025-12-10T21:34:05.087599,21.0,59.4,0
2025-12-10T21:34:07.342196,21.0,59.4,0
2025-12-10T21:34:09.596895,21.0,59.4,0
2025-12-10T21:34:11.851715,21.0,59.4,0
2025-12-10T21:34:14.106376,21.0,59.4,0
2025-12-10T21:34:16.361168,21.0,59.4,0
2025-12-10T21:34:18.616081,21.0,59.4,0
2025-12-10T21:34:20.870823,21.0,59.4,0
2025-12-10T21:34:23.125473,21.0,59.4,0
2025-12-10T21:34:25.380408,21.0,59.4,1
2025-12-10T21:34:27.635069,21.0,59.4,0
2025-12-10T21:34:29.889712,21.0,59.3,0
2025-12-10T21:34:32.144607,21.0,59.3,0
2025-12-10T21:34:34.399511,21.0,59.3,0
2025-12-10T21:34:36.654119,21.0,59.4,0
2025-12-10T21:34:38.909047,21.0,59.3,0
2025-12-10T21:34:41.163789,21.0,59.4,0
2025-12-10T21:34:43.418489,21.0,59.4,0
2025-12-10T21:34:45.673351,21.0,59.4,0
2025-12-10T21:34:47.928061,21.0,59.4,0
2025-12-10T21:34:50.182670,21.0,59.4,0
2025-12-10T21:34:52.437552,21.1,59.5,0
2025-12-10T21:34:54.692351,21.0,59.5,0
2025-12-10T21:34:56.946558,21.0,59.5,0
2025-12-10T21:34:59.201374,21.0,59.5,0
2025-12-10T21:35:01.456152,21.0,59.6,0
2025-12-10T21:35:03.710706,21.0,59.6,0
2025-12-10T21:35:05.965522,21.0,59.6,0
2025-12-10T21:35:08.221222,21.0,59.6,0
2025-12-10T21:35:10.556659,21.0,59.6,0
2025-12-10T21:35:12.892368,21.0,59.6,0
2025-12-10T21:35:15.171398,21.0,59.6,0
2025-12-10T21:35:17.426085,21.0,59.6,0
2025-12-10T21:35:19.681033,21.0,59.6,0
2025-12-10T21:35:21.935756,21.0,59.6,0
2025-12-10T21:35:24.190145,21.0,59.6,0
2025-12-10T21:35:26.445154,21.0,59.6,0
2025-12-10T21:35:28.699832,21.0,59.6,0
2025-12-10T21:35:30.954453,21.0,59.6,0
2025-12-10T21:35:33.209358,21.0,59.6,0
2025-12-10T21:35:35.464173,21.1,59.6,0
2025-12-10T21:35:37.718780,21.0,59.6,0
2025-12-10T21:35:39.973647,21.0,59.6,0
2025-12-10T21:35:42.228478,21.0,59.6,0
2025-12-10T21:35:44.483140,21.1,59.6,0
2025-12-10T21:35:46.738079,21.0,59.5,0
2025-12-10T21:35:48.992826,21.0,59.5,0
2025-12-10T21:35:51.247579,21.0,59.5,0
2025-12-10T21:35:53.502399,21.0,59.4,0
2025-12-10T21:35:55.757147,21.0,59.4,0
2025-12-10T21:35:58.011836,21.0,59.4,0
2025-12-10T21:36:00.266781,21.0,59.4,0
2025-12-10T21:36:02.521503,21.0,59.4,0
2025-12-10T21:36:04.776124,21.0,59.4,0
2025-12-10T21:36:07.030981,21.1,59.4,0
2025-12-10T21:36:09.285773,21.1,59.4,0
2025-12-10T21:36:11.540424,21.0,59.4,0
2025-12-10T21:36:13.795241,21.0,59.3,0
2025-12-10T21:36:16.049866,21.0,59.4,0
2025-12-10T21:36:18.304278,21.1,59.4,0
2025-12-10T21:36:20.559136,21.0,59.3,0
2025-12-10T21:36:22.813874,21.0,59.4,0
2025-12-10T21:36:25.068466,21.0,59.4,0
2025-12-10T21:36:27.323422,21.0,59.4,0
2025-12-10T21:36:29.578090,21.0,59.4,0
2025-12-10T21:36:31.832802,21.0,59.4,0
2025-12-10T21:36:34.087690,21.0,59.3,0
2025-12-10T21:36:36.342482,21.0,59.4,0
2025-12-10T21:36:38.597125,21.0,59.4,0
2025-12-10T21:36:40.851941,21.0,59.3,0
2025-12-10T21:36:43.106703,21.1,59.4,0
2025-12-10T21:36:45.361455,21.0,59.4,0
2025-12-10T21:36:47.616208,21.0,59.4,0
2025-12-10T21:36:49.870916,21.0,59.4,0
2025-12-10T21:36:52.125574,21.0,59.4,0
2025-12-10T21:36:54.380596,21.0,59.4,1
2025-12-10T21:36:56.635384,21.0,59.3,0
2025-12-10T21:36:58.890037,21.0,59.3,0
2025-12-10T21:37:01.144993,21.0,59.4,0
2025-12-10T21:37:03.399763,21.0,59.4,0
2025-12-10T21:37:05.654421,21.0,59.4,0
2025-12-10T21:37:07.909348,21.1,59.4,0
2025-12-10T21:37:10.164117,21.0,59.4,0
2025-12-10T21:37:12.418529,21.0,59.4,0
2025-12-10T21:37:14.673400,21.1,59.4,0
2025-12-10T21:37:16.927721,21.0,59.4,0
2025-12-10T21:37:19.182378,21.1,59.4,0
2025-12-10T21:37:21.437361,21.0,59.4,0
2025-12-10T21:37:23.692091,21.0,59.4,0
2025-12-10T21:37:25.946756,21.1,59.4,0
2025-12-10T21:37:28.201588,21.0,59.4,0
2025-12-10T21:37:30.458461,21.1,59.4,0
2025-12-10T21:37:32.713035,21.0,59.4,0
2025-12-10T21:37:34.967799,21.0,59.4,0
2025-12-10T21:37:37.223512,21.0,59.4,0
2025-12-10T21:37:39.478197,21.0,59.4,0
2025-12-10T21:37:41.733083,21.0,59.4,0
2025-12-10T21:37:43.987827,21.0,59.4,0
2025-12-10T21:37:46.242528,21.1,59.5,0
2025-12-10T21:37:48.497408,21.1,59.6,0
2025-12-10T21:37:50.752136,21.0,59.5,0
2025-12-10T21:37:53.006762,21.0,59.5,0
2025-12-10T21:37:55.261660,21.0,59.6,1
2025-12-10T21:37:57.516405,21.1,59.6,0
2025-12-10T21:37:59.770970,21.0,59.6,0
2025-12-10T21:38:02.025811,21.0,59.6,0
2025-12-10T21:38:04.280552,21.1,59.7,0
2025-12-10T21:38:06.535097,21.1,59.7,0
2025-12-10T21:38:08.789928,21.0,59.6,0
2025-12-10T21:38:11.044549,21.1,59.7,0
2025-12-10T21:38:13.299233,21.0,59.6,0
2025-12-10T21:38:15.554091,21.0,59.6,0
2025-12-10T21:38:17.808733,21.0,59.6,0
2025-12-10T21:38:20.063408,21.0,59.6,0
2025-12-10T21:38:22.318328,21.0,59.6,0
2025-12-10T21:38:24.572968,21.0,59.6,0
2025-12-10T21:38:26.827563,21.1,59.6,0
2025-12-10T21:38:29.082345,21.0,59.5,0
2025-12-10T21:38:31.337165,21.0,59.5,0
2025-12-10T21:38:33.591772,21.0,59.4,0
2025-12-10T21:38:35.846483,21.0,59.4,0
2025-12-10T21:38:38.101257,21.0,59.4,0
2025-12-10T21:38:40.356014,21.0,59.4,0
2025-12-10T21:38:42.610897,21.1,59.4,0
2025-12-10T21:38:44.865604,21.0,59.4,0
2025-12-10T21:38:47.120290,21.0,59.4,0
2025-12-10T21:38:49.375251,21.0,59.3,0
2025-12-10T21:38:51.629909,21.0,59.3,0
2025-12-10T21:38:53.884407,21.0,59.4,0
2025-12-10T21:38:56.139148,21.0,59.4,0
2025-12-10T21:38:58.393918,21.0,59.4,0
2025-12-10T21:39:00.648595,21.0,59.4,0
2025-12-10T21:39:02.903343,21.0,59.4,0
2025-12-10T21:39:05.158068,21.0,59.4,0
2025-12-10T21:39:07.412834,21.0,59.4,0
2025-12-10T21:39:09.667758,21.0,59.4,0
2025-12-10T21:39:11.922448,21.0,59.5,0
2025-12-10T21:39:14.177082,21.0,59.5,0
2025-12-10T21:39:16.432025,21.0,59.5,0
2025-12-10T21:39:18.686657,21.0,59.5,0
2025-12-10T21:39:20.941289,21.0,59.5,0
2025-12-10T21:39:23.196094,21.0,59.6,0
2025-12-10T21:39:25.450852,21.0,59.5,1
2025-12-10T21:39:27.705491,21.0,59.5,0
2025-12-10T21:39:29.960347,21.1,59.6,0
2025-12-10T21:39:32.215039,21.0,59.6,0
2025-12-10T21:39:34.469791,21.1,59.6,0
2025-12-10T21:39:36.724614,21.1,59.6,0
2025-12-10T21:39:38.979412,21.0,59.5,0
2025-12-10T21:39:41.234099,21.0,59.5,0
2025-12-10T21:39:43.489139,21.1,59.6,0
2025-12-10T21:39:45.743890,21.0,59.6,0
2025-12-10T21:39:47.998417,21.0,59.5,0
2025-12-10T21:39:50.253339,21.0,59.5,0
2025-12-10T21:39:52.508056,21.0,59.5,0
2025-12-10T21:39:54.762692,21.0,59.5,1
2025-12-10T21:39:57.017617,21.1,59.6,0
2025-12-10T21:39:59.272367,21.0,59.4,0
2025-12-10T21:40:01.527003,21.0,59.4,0
2025-12-10T21:40:03.781844,21.0,59.4,0
2025-12-10T21:40:06.036576,21.0,59.4,0
2025-12-10T21:40:08.291309,21.0,59.4,0
2025-12-10T21:40:10.546026,21.1,59.5,0
2025-12-10T21:40:12.800793,21.1,59.5,0
2025-12-10T21:40:15.055428,21.0,59.4,0
2025-12-10T21:40:17.310380,21.0,59.4,0
2025-12-10T21:40:19.565161,21.0,59.4,0
2025-12-10T21:40:21.819808,21.0,59.4,0
2025-12-10T21:40:24.074615,21.0,59.4,0
2025-12-10T21:40:26.329396,21.0,59.4,0
2025-12-10T21:40:28.584033,21.0,59.4,0
2025-12-10T21:40:30.838973,21.0,59.4,0
2025-12-10T21:40:33.093751,21.1,59.5,0
2025-12-10T21:40:35.348496,21.1,59.5,0
2025-12-10T21:40:37.603364,21.0,59.5,0
2025-12-10T21:40:39.858067,21.0,59.4,0
2025-12-10T21:40:42.112764,21.0,59.4,1
2025-12-10T21:40:44.367756,21.0,59.4,0
2025-12-10T21:40:46.622399,21.0,59.5,0
2025-12-10T21:40:48.876966,21.0,59.4,0
2025-12-10T21:40:51.131840,21.0,59.5,0
2025-12-10T21:40:53.386664,21.0,59.5,0
2025-12-10T21:40:55.641337,21.0,59.5,0
2025-12-10T21:40:57.896244,21.0,59.5,0
2025-12-10T21:41:00.150946,21.0,59.5,0
2025-12-10T21:41:02.405648,21.0,59.5,0
2025-12-10T21:41:04.660564,21.0,59.4,0
2025-12-10T21:41:06.915268,21.0,59.4,0
2025-12-10T21:41:09.169914,21.0,59.5,0
2025-12-10T21:41:11.424565,21.1,59.5,0
2025-12-10T21:41:13.760251,21.0,59.4,0
2025-12-10T21:41:16.095733,21.0,59.4,0
2025-12-10T21:41:18.367555,21.0,59.4,0
2025-12-10T21:41:20.622230,21.0,59.4,0
2025-12-10T21:41:22.876922,21.0,59.3,0
2025-12-10T21:41:25.131806,21.0,59.4,1
2025-12-10T21:41:27.386577,21.0,59.3,0
2025-12-10T21:41:29.641136,21.0,59.3,0
2025-12-10T21:41:31.896029,21.0,59.4,0
2025-12-10T21:41:34.150679,21.0,59.4,0
2025-12-10T21:41:36.405439,21.0,59.3,0
2025-12-10T21:41:38.660279,21.0,59.3,0
2025-12-10T21:41:40.914899,21.0,59.3,0
2025-12-10T21:41:43.169543,21.0,59.3,0
2025-12-10T21:41:45.424531,21.0,59.3,0
2025-12-10T21:41:47.679202,21.0,59.2,0
2025-12-10T21:41:49.933793,21.1,59.3,0
2025-12-10T21:41:52.188652,21.0,59.3,0
2025-12-10T21:41:54.443465,21.0,59.2,0
2025-12-10T21:41:56.698115,21.0,59.3,0
2025-12-10T21:41:58.953021,21.0,59.3,0
2025-12-10T21:42:01.207747,21.0,59.2,0
2025-12-10T21:42:03.462136,21.0,59.2,0
2025-12-10T21:42:05.717011,21.0,59.2,0
2025-12-10T21:42:07.971716,21.0,59.2,0
2025-12-10T21:42:10.226193,21.0,59.2,0
2025-12-10T21:42:12.480537,21.0,59.2,0
2025-12-10T21:42:14.735132,21.0,59.2,0
2025-12-10T21:42:16.989759,21.0,59.2,0
2025-12-10T21:42:19.244581,21.0,59.2,1
2025-12-10T21:42:21.499350,21.0,59.3,0
2025-12-10T21:42:23.753974,21.0,59.3,0
2025-12-10T21:42:26.008889,21.0,59.3,0
2025-12-10T21:42:28.263708,21.0,59.3,0
2025-12-10T21:42:30.518159,21.0,59.3,0
2025-12-10T21:42:32.773069,21.0,59.3,0
2025-12-10T21:42:35.027783,21.1,59.4,1
2025-12-10T21:42:37.282232,21.0,59.3,0
2025-12-10T21:42:39.537111,21.0,59.3,0
2025-12-10T21:42:41.791753,21.0,59.4,0
2025-12-10T21:42:44.046376,21.0,59.4,0
2025-12-10T21:42:46.300692,21.0,59.3,0
2025-12-10T21:42:48.555461,21.0,59.3,0
2025-12-10T21:42:50.810083,21.0,59.3,0
2025-12-10T21:42:53.064985,21.0,59.3,0
2025-12-10T21:42:55.319780,21.0,59.3,0
2025-12-10T21:42:57.573816,21.1,59.3,0
2025-12-10T21:42:59.828380,21.1,59.3,0
2025-12-10T21:43:02.083027,21.0,59.2,0
2025-12-10T21:43:04.337735,21.1,59.3,0
2025-12-10T21:43:06.592561,21.0,59.2,0
2025-12-10T21:43:08.847274,21.0,59.2,0
2025-12-10T21:43:11.101898,21.0,59.2,0
2025-12-10T21:43:13.356890,21.0,59.2,1
2025-12-10T21:43:15.611622,21.0,59.2,0
2025-12-10T21:43:17.866179,21.0,59.2,0
2025-12-10T21:43:20.121165,21.0,59.2,0
2025-12-10T21:43:22.375932,21.0,59.2,0
2025-12-10T21:43:24.630429,21.0,59.2,1
2025-12-10T21:43:26.885308,21.0,59.2,0
2025-12-10T21:43:29.139947,21.1,59.3,0
2025-12-10T21:43:31.394340,21.0,59.2,0
2025-12-10T21:43:33.649093,21.0,59.2,0
2025-12-10T21:43:35.903706,21.0,59.1,0
2025-12-10T21:43:38.158278,21.0,59.2,0
2025-12-10T21:43:40.413276,21.0,59.1,0
2025-12-10T21:43:42.668005,21.0,59.1,0
2025-12-10T21:43:44.922604,21.1,59.3,0
2025-12-10T21:43:47.177435,21.0,59.2,0
2025-12-10T21:43:49.431992,21.0,59.1,0
2025-12-10T21:43:51.767555,21.0,59.2,0
2025-12-10T21:43:54.022374,21.0,59.2,0
2025-12-10T21:43:56.277246,21.0,59.1,0
2025-12-10T21:43:58.531804,21.0,59.2,0
2025-12-10T21:44:00.786616,21.0,59.2,0
2025-12-10T21:44:03.041244,21.1,59.3,0
2025-12-10T21:44:05.295856,21.0,59.2,0
2025-12-10T21:44:07.550696,21.0,59.2,0
2025-12-10T21:44:09.805284,21.0,59.2,0
2025-12-10T21:44:12.059847,21.0,59.2,0
2025-12-10T21:44:14.314659,21.0,59.2,0
2025-12-10T21:44:16.569261,21.0,59.2,0
2025-12-10T21:44:18.823756,21.0,59.2,0
2025-12-10T21:44:21.078565,21.0,59.2,0
2025-12-10T21:44:23.333236,21.0,59.2,0
2025-12-10T21:44:25.587902,21.1,59.3,0
2025-12-10T21:44:27.842724,21.0,59.3,0
2025-12-10T21:44:30.097473,21.0,59.3,0
2025-12-10T21:44:32.352199,21.0,59.3,0
2025-12-10T21:44:34.607032,21.0,59.3,0
2025-12-10T21:44:36.861699,21.0,59.3,0
2025-12-10T21:44:39.116317,21.0,59.3,0
2025-12-10T21:44:41.371118,21.0,59.3,0
2025-12-10T21:44:43.625747,21.1,59.3,0
2025-12-10T21:44:45.880371,21.0,59.3,0
2025-12-10T21:44:48.135230,21.1,59.4,0
2025-12-10T21:44:50.389982,21.0,59.3,0
2025-12-10T21:44:52.644462,21.1,59.3,0
2025-12-10T21:44:54.899231,21.0,59.3,0
2025-12-10T21:44:57.153884,21.0,59.2,0
2025-12-10T21:44:59.408431,21.0,59.2,0
2025-12-10T21:45:01.663251,21.0,59.3,0
2025-12-10T21:45:03.917768,21.0,59.3,0
2025-12-10T21:45:06.172296,21.0,59.3,0
2025-12-10T21:45:08.426696,21.0,59.3,0
2025-12-10T21:45:10.681362,21.0,59.3,1
2025-12-10T21:45:12.935949,21.0,59.4,0
2025-12-10T21:45:15.190695,21.0,59.3,0
2025-12-10T21:45:17.445439,21.0,59.3,0
2025-12-10T21:45:19.700054,21.1,59.4,0
2025-12-10T21:45:21.954740,21.0,59.3,0
2025-12-10T21:45:24.209316,21.0,59.3,0
2025-12-10T21:45:26.464031,21.0,59.3,0
2025-12-10T21:45:28.718846,21.0,59.3,0
2025-12-10T21:45:30.975283,21.0,59.4,0
2025-12-10T21:45:33.229913,21.0,59.4,0
2025-12-10T21:45:35.484790,21.0,59.4,0
2025-12-10T21:45:37.739546,21.0,59.4,0
2025-12-10T21:45:39.994148,21.0,59.4,0
2025-12-10T21:45:42.249157,21.0,59.4,0
2025-12-10T21:45:44.503831,21.0,59.4,0
2025-12-10T21:45:46.758454,21.0,59.4,0
2025-12-10T21:45:49.013009,21.0,59.3,0
2025-12-10T21:45:51.267575,21.0,59.3,0
2025-12-10T21:45:53.522129,21.1,59.4,0
2025-12-10T21:45:55.777083,21.0,59.3,1
2025-12-10T21:45:58.031782,21.0,59.2,0
2025-12-10T21:46:00.286324,21.0,59.2,0
2025-12-10T21:46:02.541167,21.0,59.2,0
2025-12-10T21:46:04.795829,21.0,59.2,0
2025-12-10T21:46:07.050299,21.0,59.2,0
2025-12-10T21:46:09.305118,21.0,59.2,0
2025-12-10T21:46:11.561878,21.0,59.1,0
2025-12-10T21:46:13.816471,21.0,59.2,0
2025-12-10T21:46:16.070748,21.0,59.1,0
2025-12-10T21:46:18.325433,21.0,59.1,0
2025-12-10T21:46:20.580138,21.0,59.1,0
2025-12-10T21:46:22.834964,21.0,59.2,0
2025-12-10T21:46:25.089594,21.0,59.2,1
2025-12-10T21:46:27.344185,21.0,59.2,0
2025-12-10T21:46:29.598946,21.0,59.1,0
2025-12-10T21:46:31.853557,21.0,59.2,0
2025-12-10T21:46:34.107842,21.0,59.1,0
2025-12-10T21:46:36.362727,21.0,59.1,0
2025-12-10T21:46:38.617371,21.0,59.1,0
2025-12-10T21:46:40.872028,21.0,59.1,0
2025-12-10T21:46:43.126859,21.0,59.2,0
2025-12-10T21:46:45.381571,21.0,59.1,0
2025-12-10T21:46:47.636096,21.0,59.2,0
2025-12-10T21:46:49.890967,21.0,59.2,0
2025-12-10T21:46:52.145666,21.0,59.2,0
2025-12-10T21:46:54.400410,21.0,59.1,1
2025-12-10T21:46:56.655135,21.0,59.2,0
2025-12-10T21:46:58.909794,21.0,59.1,0
2025-12-10T21:47:01.164402,21.0,59.2,0
2025-12-10T21:47:03.419329,21.0,59.2,0
2025-12-10T21:47:05.673993,21.0,59.1,0
2025-12-10T21:47:07.928664,21.0,59.1,0
2025-12-10T21:47:10.183587,21.0,59.1,0
2025-12-10T21:47:12.438370,21.0,59.1,0
2025-12-10T21:47:14.693056,21.0,59.1,0
2025-12-10T21:47:16.947937,21.0,59.1,0
2025-12-10T21:47:19.202543,21.1,59.2,0
2025-12-10T21:47:21.457246,21.0,59.1,0
2025-12-10T21:47:23.712094,21.0,59.1,0
2025-12-10T21:47:25.966751,21.0,59.2,0
2025-12-10T21:47:28.221332,21.0,59.2,0
2025-12-10T21:47:30.476209,21.0,59.2,0
2025-12-10T21:47:32.730872,21.0,59.1,0
2025-12-10T21:47:34.985416,21.0,59.2,0
2025-12-10T21:47:37.240291,21.0,59.2,0
2025-12-10T21:47:39.494980,21.0,59.3,0
2025-12-10T21:47:41.749333,21.0,59.3,0
2025-12-10T21:47:44.004154,21.0,59.3,0
2025-12-10T21:47:46.258897,21.0,59.3,0
2025-12-10T21:47:48.513575,21.0,59.4,0
2025-12-10T21:47:50.768460,21.0,59.4,0
2025-12-10T21:47:53.022991,21.0,59.4,0
2025-12-10T21:47:55.277686,21.0,59.4,1
2025-12-10T21:47:57.532534,21.0,59.4,0
2025-12-10T21:47:59.787257,21.0,59.4,0
2025-12-10T21:48:02.041864,21.0,59.4,0
2025-12-10T21:48:04.296655,21.0,59.4,0
2025-12-10T21:48:06.551393,21.0,59.4,0
2025-12-10T21:48:08.806012,21.0,59.3,0
2025-12-10T21:48:11.060937,21.0,59.3,0
2025-12-10T21:48:13.315727,21.0,59.3,0
2025-12-10T21:48:15.570335,21.0,59.3,0
2025-12-10T21:48:17.825228,21.0,59.3,0
2025-12-10T21:48:20.079905,21.0,59.2,0
2025-12-10T21:48:22.334611,21.0,59.3,0
2025-12-10T21:48:24.589452,21.0,59.3,0
2025-12-10T21:48:26.844128,21.0,59.2,0
2025-12-10T21:48:29.098773,21.0,59.2,0
2025-12-10T21:48:31.353661,21.0,59.2,0
2025-12-10T21:48:33.608173,21.0,59.2,0
2025-12-10T21:48:35.862719,21.0,59.2,0
2025-12-10T21:48:38.117585,21.0,59.1,0
2025-12-10T21:48:40.372411,21.0,59.2,0
2025-12-10T21:48:42.626730,21.0,59.2,0
2025-12-10T21:48:44.881493,21.0,59.2,0
2025-12-10T21:48:47.136288,21.0,59.2,0
2025-12-10T21:48:49.391008,21.0,59.2,0
2025-12-10T21:48:51.645795,21.0,59.2,0
2025-12-10T21:48:53.900442,21.0,59.2,0
2025-12-10T21:48:56.154921,21.0,59.3,0
2025-12-10T21:48:58.409821,21.0,59.3,0
2025-12-10T21:49:00.664564,21.0,59.2,0
2025-12-10T21:49:02.918997,21.1,59.3,0
2025-12-10T21:49:05.173877,21.0,59.3,0
2025-12-10T21:49:07.430671,21.0,59.2,0
2025-12-10T21:49:09.685323,21.0,59.2,0
2025-12-10T21:49:11.939841,21.0,59.2,0
2025-12-10T21:49:14.196653,21.0,59.2,0
2025-12-10T21:49:16.451413,21.1,59.3,0
2025-12-10T21:49:18.706290,21.1,59.3,0
2025-12-10T21:49:20.961022,21.0,59.2,0
2025-12-10T21:49:23.215667,21.0,59.2,0
2025-12-10T21:49:25.470184,21.0,59.2,1
2025-12-10T21:49:27.724939,21.0,59.2,0
2025-12-10T21:49:29.979599,21.0,59.2,0
2025-12-10T21:49:32.234037,21.0,59.2,0
2025-12-10T21:49:34.490756,21.0,59.2,0
2025-12-10T21:49:36.745064,21.0,59.3,0
2025-12-10T21:49:38.999883,21.0,59.3,0
2025-12-10T21:49:41.254437,21.1,59.4,0
2025-12-10T21:49:43.508986,21.0,59.3,0
2025-12-10T21:49:45.763772,21.0,59.3,0
2025-12-10T21:49:48.018112,21.0,59.3,0
2025-12-10T21:49:50.272781,21.0,59.3,1
2025-12-10T21:49:52.527522,21.0,59.4,0
2025-12-10T21:49:54.782008,21.0,59.4,1
2025-12-10T21:49:57.036594,21.0,59.4,0
2025-12-10T21:49:59.290892,21.0,59.4,0
2025-12-10T21:50:01.545551,21.0,59.4,0
2025-12-10T21:50:03.800251,21.0,59.4,0
2025-12-10T21:50:06.055064,21.0,59.4,0
2025-12-10T21:50:08.309887,21.0,59.4,0
2025-12-10T21:50:10.564315,21.0,59.3,0
2025-12-10T21:50:12.818949,21.1,59.4,0
2025-12-10T21:50:15.073552,21.1,59.4,0
2025-12-10T21:50:17.328331,21.0,59.3,0
2025-12-10T21:50:19.582878,21.0,59.3,0
2025-12-10T21:50:21.837514,21.0,59.3,0
2025-12-10T21:50:24.092187,21.0,59.3,0
2025-12-10T21:50:26.346819,21.0,59.3,0
2025-12-10T21:50:28.601343,21.0,59.3,0
2025-12-10T21:50:30.855970,21.0,59.3,0
2025-12-10T21:50:33.110491,21.0,59.2,0
2025-12-10T21:50:35.365273,21.1,59.3,0
2025-12-10T21:50:37.619930,21.0,59.2,0
2025-12-10T21:50:39.874458,21.0,59.2,0
2025-12-10T21:50:42.128977,21.0,59.2,0
2025-12-10T21:50:44.383688,21.0,59.1,0
2025-12-10T21:50:46.638408,21.0,59.1,1
2025-12-10T21:50:48.892864,21.1,59.2,0
2025-12-10T21:50:51.147537,21.0,59.1,0
2025-12-10T21:50:53.402339,21.0,59.1,0
2025-12-10T21:50:55.657086,21.0,59.0,0
2025-12-10T21:50:57.911703,21.0,59.1,0
2025-12-10T21:51:00.166480,21.0,59.0,1
2025-12-10T21:51:02.421283,21.0,59.0,0
2025-12-10T21:51:04.675773,21.0,59.0,0
2025-12-10T21:51:06.930594,21.0,59.1,0
2025-12-10T21:51:09.185290,21.0,59.1,0
2025-12-10T21:51:11.439928,21.0,59.1,0
2025-12-10T21:51:13.694780,21.0,59.1,0
2025-12-10T21:51:15.949527,21.0,59.3,0
2025-12-10T21:51:18.204061,21.0,59.4,0
2025-12-10T21:51:20.458990,21.0,59.4,0
2025-12-10T21:51:22.713644,21.0,59.4,0
2025-12-10T21:51:24.968195,21.0,59.4,1
2025-12-10T21:51:27.223072,21.0,59.3,0
2025-12-10T21:51:29.543419,21.0,59.4,0
2025-12-10T21:51:31.798056,21.0,59.3,0
2025-12-10T21:51:34.052993,21.0,59.3,0
2025-12-10T21:51:36.307834,21.1,59.4,0
2025-12-10T21:51:38.562475,21.0,59.4,0
2025-12-10T21:51:40.817176,21.0,59.4,0
2025-12-10T21:51:43.071523,21.0,59.5,0
2025-12-10T21:51:45.326190,21.0,59.6,0
2025-12-10T21:51:47.581055,21.0,59.6,0
2025-12-10T21:51:49.835782,21.0,59.7,1
2025-12-10T21:51:52.090282,21.0,59.7,0
2025-12-10T21:51:54.345186,21.0,59.7,0
2025-12-10T21:51:56.599897,21.0,59.8,0
2025-12-10T21:51:58.854553,21.0,59.8,0
2025-12-10T21:52:01.109315,21.0,59.7,0
2025-12-10T21:52:03.364117,21.0,59.7,0
2025-12-10T21:52:05.618689,21.0,59.7,0
2025-12-10T21:52:07.873561,21.0,59.7,0
2025-12-10T21:52:10.128326,21.0,59.7,0
2025-12-10T21:52:12.383129,21.0,59.8,0
2025-12-10T21:52:14.637886,21.0,59.8,0
2025-12-10T21:52:16.892517,21.0,59.8,0
2025-12-10T21:52:19.147104,21.0,59.8,0
2025-12-10T21:52:21.401997,21.0,59.8,0
2025-12-10T21:52:23.656699,21.0,59.9,0
2025-12-10T21:52:25.911351,21.0,59.8,0
2025-12-10T21:52:28.166191,21.0,59.8,0
2025-12-10T21:52:30.420961,21.0,59.8,0
2025-12-10T21:52:32.675556,21.0,59.7,0
2025-12-10T21:52:34.930378,21.0,59.8,0
2025-12-10T21:52:37.187159,21.1,59.8,0
2025-12-10T21:52:39.441906,21.0,59.7,0
2025-12-10T21:52:41.696837,21.0,59.7,0
2025-12-10T21:52:43.951538,21.0,59.7,0
2025-12-10T21:52:46.206137,21.0,59.7,0
2025-12-10T21:52:48.461188,21.0,59.7,0
2025-12-10T21:52:50.728956,21.0,59.7,0
2025-12-10T21:52:52.995291,21.1,59.8,0
2025-12-10T21:52:55.250116,21.0,59.7,1
2025-12-10T21:52:57.506899,21.0,59.7,0
2025-12-10T21:52:59.761553,21.0,59.7,0
2025-12-10T21:53:02.015998,21.0,59.7,0
2025-12-10T21:53:04.270768,21.0,59.7,0
2025-12-10T21:53:06.525406,21.0,59.7,0
2025-12-10T21:53:08.780284,21.0,59.6,0
2025-12-10T21:53:11.034975,21.0,59.6,0
2025-12-10T21:53:13.289667,21.0,59.6,0
2025-12-10T21:53:15.544382,21.0,59.6,0
2025-12-10T21:53:17.799038,21.0,59.6,0
2025-12-10T21:53:20.053582,21.0,59.6,0
2025-12-10T21:53:22.308327,21.0,59.6,0
2025-12-10T21:53:24.563002,21.0,59.5,0
2025-12-10T21:53:26.817605,21.0,59.4,0
2025-12-10T21:53:29.072492,21.0,59.4,0
2025-12-10T21:53:31.327150,21.0,59.4,0
2025-12-10T21:53:33.581747,21.1,59.4,0
2025-12-10T21:53:35.836662,21.0,59.3,0
2025-12-10T21:53:38.091400,21.0,59.3,0
2025-12-10T21:53:40.346087,21.0,59.3,0
2025-12-10T21:53:42.600977,21.0,59.3,0
2025-12-10T21:53:44.855698,21.0,59.3,0
2025-12-10T21:53:47.109875,21.0,59.3,0
2025-12-10T21:53:49.364799,21.0,59.3,0
2025-12-10T21:53:51.619214,21.0,59.3,0
2025-12-10T21:53:53.873860,21.0,59.3,0
2025-12-10T21:53:56.128890,21.0,59.3,0
2025-12-10T21:53:58.383722,21.0,59.4,0
2025-12-10T21:54:00.638290,21.0,59.4,0
2025-12-10T21:54:02.893153,21.0,59.4,0
2025-12-10T21:54:05.147863,21.1,59.6,0
2025-12-10T21:54:07.402584,21.0,59.5,0
2025-12-10T21:54:09.657447,21.0,59.5,0
2025-12-10T21:54:11.912157,21.0,59.6,0
2025-12-10T21:54:14.166754,21.0,59.6,0
2025-12-10T21:54:16.421698,21.0,59.6,0
2025-12-10T21:54:18.676353,21.1,59.7,0
2025-12-10T21:54:20.930998,21.0,59.6,0
2025-12-10T21:54:23.185687,21.0,59.6,0
2025-12-10T21:54:25.440332,21.0,59.6,0
2025-12-10T21:54:27.694872,21.0,59.6,0
2025-12-10T21:54:29.949622,21.0,59.6,0
2025-12-10T21:54:32.204239,21.0,59.6,0
2025-12-10T21:54:34.458890,21.0,59.5,0
2025-12-10T21:54:36.713613,21.0,59.4,0
2025-12-10T21:54:38.968266,21.0,59.4,0
2025-12-10T21:54:41.222893,21.1,59.4,0
2025-12-10T21:54:43.477682,21.0,59.3,0
2025-12-10T21:54:45.732324,21.0,59.3,0
2025-12-10T21:54:47.986982,21.0,59.3,0
2025-12-10T21:54:50.241898,21.0,59.3,0
2025-12-10T21:54:52.496551,21.0,59.3,0
2025-12-10T21:54:54.751034,21.0,59.3,0
2025-12-10T21:54:57.005609,21.0,59.3,0
2025-12-10T21:54:59.260309,21.0,59.3,0
2025-12-10T21:55:01.514827,21.0,59.3,0
2025-12-10T21:55:03.769514,21.0,59.3,1
2025-12-10T21:55:06.024104,21.0,59.2,0
2025-12-10T21:55:08.278423,21.0,59.3,0
2025-12-10T21:55:10.533201,21.0,59.2,0
2025-12-10T21:55:12.787826,21.0,59.2,0
2025-12-10T21:55:15.041981,21.0,59.2,0
2025-12-10T21:55:17.296856,21.0,59.2,0
2025-12-10T21:55:19.551558,21.0,59.2,0
2025-12-10T21:55:21.806184,21.0,59.2,0
2025-12-10T21:55:24.060998,21.0,59.2,0
2025-12-10T21:55:26.315676,21.1,59.3,1
2025-12-10T21:55:28.570249,21.0,59.2,0
2025-12-10T21:55:30.825135,21.0,59.2,0
2025-12-10T21:55:33.079862,21.0,59.3,0
2025-12-10T21:55:35.334240,21.0,59.2,0
2025-12-10T21:55:37.589038,21.0,59.2,0
2025-12-10T21:55:39.843649,21.0,59.2,0
2025-12-10T21:55:42.098156,21.0,59.3,0
2025-12-10T21:55:44.352607,21.0,59.3,0
2025-12-10T21:55:46.607281,21.0,59.3,0
2025-12-10T21:55:48.861772,21.0,59.3,1
2025-12-10T21:55:51.116559,21.0,59.3,0
2025-12-10T21:55:53.371115,21.0,59.3,0
2025-12-10T21:55:55.625691,21.0,59.3,1
2025-12-10T21:55:57.880520,21.0,59.2,0
2025-12-10T21:56:00.135112,21.0,59.2,0
2025-12-10T21:56:02.389763,21.0,59.2,0
2025-12-10T21:56:04.644512,21.0,59.2,0
2025-12-10T21:56:06.899026,21.0,59.1,0
2025-12-10T21:56:09.153541,21.0,59.1,0
2025-12-10T21:56:11.408345,21.0,59.1,0
2025-12-10T21:56:13.662921,21.0,59.1,0
2025-12-10T21:56:15.917488,21.0,59.1,0
2025-12-10T21:56:18.172243,21.0,59.1,0
2025-12-10T21:56:20.426903,21.0,59.1,0
2025-12-10T21:56:22.681465,21.0,59.1,0
2025-12-10T21:56:24.936200,21.0,59.1,0
2025-12-10T21:56:27.190924,21.0,59.1,0
2025-12-10T21:56:29.445606,21.0,59.1,0
2025-12-10T21:56:31.700434,21.0,59.1,0
2025-12-10T21:56:33.954836,21.0,59.1,0
2025-12-10T21:56:36.209362,21.1,59.2,0
2025-12-10T21:56:38.464151,21.0,59.1,0
2025-12-10T21:56:40.718683,21.0,59.1,0
2025-12-10T21:56:42.973174,21.0,59.1,0
2025-12-10T21:56:45.228008,21.0,59.1,0
2025-12-10T21:56:47.482514,21.0,59.1,0
2025-12-10T21:56:49.737064,21.0,59.1,0
2025-12-10T21:56:51.991741,21.0,59.0,0
2025-12-10T21:56:54.246319,21.0,59.0,0
2025-12-10T21:56:56.500927,21.0,59.0,0
2025-12-10T21:56:58.755697,21.0,59.0,0
2025-12-10T21:57:01.010323,21.0,59.0,0
2025-12-10T21:57:03.265134,21.0,59.0,0
2025-12-10T21:57:05.519869,21.0,59.0,0
2025-12-10T21:57:07.774498,21.0,59.0,0
2025-12-10T21:57:10.029019,21.0,59.0,0
2025-12-10T21:57:12.283920,21.0,59.0,0
2025-12-10T21:57:14.538549,21.0,59.0,0
2025-12-10T21:57:16.792912,21.0,59.0,0
2025-12-10T21:57:19.047644,21.0,59.0,0
2025-12-10T21:57:21.302358,21.0,59.0,0
2025-12-10T21:57:23.556946,21.0,59.0,0
2025-12-10T21:57:25.811652,21.0,59.1,1
2025-12-10T21:57:28.066151,21.0,59.1,0
2025-12-10T21:57:30.320815,21.0,59.1,0
2025-12-10T21:57:32.575566,21.0,59.0,0
2025-12-10T21:57:34.830216,21.0,59.0,0
2025-12-10T21:57:37.084811,21.0,59.0,0
2025-12-10T21:57:39.339696,21.0,59.0,0
2025-12-10T21:57:41.594257,21.0,59.0,0
2025-12-10T21:57:43.848819,21.0,58.9,0
2025-12-10T21:57:46.103568,21.0,58.9,0
2025-12-10T21:57:48.357784,21.0,58.9,0
2025-12-10T21:57:50.612276,21.0,58.9,0
2025-12-10T21:57:52.866615,21.0,58.9,0
2025-12-10T21:57:55.121234,21.0,58.9,1
2025-12-10T21:57:57.375862,21.0,59.0,0
2025-12-10T21:57:59.630506,21.0,59.0,0
2025-12-10T21:58:01.887242,21.0,58.9,0
2025-12-10T21:58:04.141789,21.0,58.8,0
2025-12-10T21:58:06.396590,21.0,58.8,0
2025-12-10T21:58:08.651204,21.0,58.8,0
2025-12-10T21:58:10.905666,21.0,58.8,0
2025-12-10T21:58:13.160461,21.0,58.7,0
2025-12-10T21:58:15.414784,21.0,58.7,0
2025-12-10T21:58:17.669317,21.0,58.7,0
2025-12-10T21:58:19.923987,21.0,58.7,0
2025-12-10T21:58:22.178584,21.0,58.7,0
2025-12-10T21:58:24.433240,21.0,58.7,0
2025-12-10T21:58:26.687978,21.0,58.8,1
2025-12-10T21:58:28.942518,21.0,58.8,0
2025-12-10T21:58:31.197061,21.0,58.8,0
2025-12-10T21:58:33.451848,21.0,58.9,0
2025-12-10T21:58:35.706338,21.0,58.9,0
2025-12-10T21:58:37.960912,21.0,58.9,0
2025-12-10T21:58:40.215690,21.0,58.9,0
2025-12-10T21:58:42.470270,21.0,58.9,0
2025-12-10T21:58:44.724918,21.0,58.9,0
2025-12-10T21:58:46.979658,21.0,58.8,0
2025-12-10T21:58:49.234291,21.0,58.8,0
2025-12-10T21:58:51.489041,21.0,58.9,0
2025-12-10T21:58:53.743711,21.0,58.9,0
2025-12-10T21:58:55.998293,21.0,58.9,1
2025-12-10T21:58:58.252947,21.0,58.8,0
2025-12-10T21:59:00.507681,21.0,58.7,0
2025-12-10T21:59:02.762130,21.0,58.7,0
2025-12-10T21:59:05.016537,21.0,58.7,0
2025-12-10T21:59:07.271135,21.0,58.7,0
2025-12-10T21:59:09.525836,21.0,58.7,0
2025-12-10T21:59:11.780330,21.0,58.7,0
2025-12-10T21:59:14.034884,21.0,58.7,0
2025-12-10T21:59:16.289217,21.0,58.7,0
2025-12-10T21:59:18.543800,21.0,58.7,0
2025-12-10T21:59:20.798379,21.0,58.8,0
2025-12-10T21:59:23.052976,21.0,58.8,0
2025-12-10T21:59:25.307607,21.0,58.9,1
2025-12-10T21:59:27.562311,21.0,59.0,0
2025-12-10T21:59:29.816917,21.0,59.0,0
2025-12-10T21:59:32.071520,21.0,58.9,0
2025-12-10T21:59:34.326330,21.0,58.9,0
2025-12-10T21:59:36.580957,21.0,58.9,0
2025-12-10T21:59:38.835523,21.0,58.9,0
2025-12-10T21:59:41.090287,21.0,58.8,0
2025-12-10T21:59:43.344998,21.0,58.8,0
2025-12-10T21:59:45.599513,21.0,58.8,0
2025-12-10T21:59:47.854273,21.0,58.8,0
2025-12-10T21:59:50.108979,21.0,58.7,0
2025-12-10T21:59:52.363696,21.0,58.7,0
2025-12-10T21:59:54.618413,21.0,58.7,1
2025-12-10T21:59:56.873083,21.0,58.7,0
2025-12-10T21:59:59.127694,21.0,58.8,0
2025-12-10T22:00:01.382609,21.0,58.8,0
2025-12-10T22:00:03.637312,21.0,58.8,0
2025-12-10T22:00:05.891914,21.0,58.8,0
2025-12-10T22:00:08.146783,21.0,58.8,0
2025-12-10T22:00:10.401543,21.0,58.9,0
2025-12-10T22:00:12.656176,21.0,58.9,0
2025-12-10T22:00:14.911044,21.0,58.9,0
2025-12-10T22:00:17.165710,21.0,58.9,0
2025-12-10T22:00:19.420466,21.0,58.9,0
2025-12-10T22:00:21.675276,21.0,58.9,0
2025-12-10T22:00:23.929992,21.0,58.9,0
2025-12-10T22:00:26.184639,21.0,58.9,1
2025-12-10T22:00:28.439600,21.0,58.9,0
2025-12-10T22:00:30.694012,21.0,59.0,0
2025-12-10T22:00:32.948378,21.0,59.0,0
2025-12-10T22:00:35.271539,21.0,59.0,0
2025-12-10T22:00:37.526252,21.0,59.1,0
2025-12-10T22:00:39.780966,21.0,59.1,0
2025-12-10T22:00:42.035779,21.0,59.1,0
2025-12-10T22:00:44.290603,21.0,59.1,0
2025-12-10T22:00:46.545199,21.0,59.1,0
2025-12-10T22:00:48.800097,21.0,59.1,0
2025-12-10T22:00:51.054781,21.0,59.1,0
2025-12-10T22:00:53.309559,21.0,59.1,0
2025-12-10T22:00:55.564380,21.0,59.1,1
2025-12-10T22:00:57.819075,21.0,59.1,0
2025-12-10T22:01:00.073666,21.0,59.1,0
2025-12-10T22:01:02.328628,21.0,59.1,0
2025-12-10T22:01:04.583414,21.0,59.1,0
2025-12-10T22:01:06.838046,21.0,59.1,0
2025-12-10T22:01:09.092939,21.0,59.0,0
2025-12-10T22:01:11.347704,21.0,59.0,0
2025-12-10T22:01:13.602341,21.0,58.9,0
2025-12-10T22:01:15.857219,21.0,58.9,0
2025-12-10T22:01:18.111968,21.0,58.9,0
2025-12-10T22:01:20.366693,21.0,58.9,0
2025-12-10T22:01:22.621541,21.0,58.9,0
2025-12-10T22:01:24.876314,20.9,58.9,0
2025-12-10T22:01:27.130982,21.0,59.0,0
2025-12-10T22:01:29.385899,21.0,59.0,0
2025-12-10T22:01:31.640611,21.0,59.0,0
2025-12-10T22:01:33.895165,21.0,59.1,0
2025-12-10T22:01:36.149972,21.0,59.1,0
2025-12-10T22:01:38.404826,21.0,59.0,0
2025-12-10T22:01:40.659466,21.0,59.1,0
2025-12-10T22:01:42.914196,21.0,59.1,0
2025-12-10T22:01:45.168915,21.0,59.1,0
2025-12-10T22:01:47.423613,21.0,59.1,0
2025-12-10T22:01:49.678488,21.0,59.1,0
2025-12-10T22:01:51.933223,21.0,59.1,0
2025-12-10T22:01:54.187789,21.0,59.1,0
2025-12-10T22:01:56.442730,21.0,59.1,0
2025-12-10T22:01:58.697372,21.0,59.1,0
2025-12-10T22:02:00.952049,21.0,59.1,0
2025-12-10T22:02:03.206901,21.0,59.1,0
2025-12-10T22:02:05.461729,21.0,59.1,0
2025-12-10T22:02:07.716427,21.0,59.1,0
2025-12-10T22:02:09.971243,21.0,59.1,0
2025-12-10T22:02:12.225976,21.0,59.0,0
2025-12-10T22:02:14.480636,21.0,59.1,0
2025-12-10T22:02:16.735500,21.0,59.0,0
2025-12-10T22:02:18.990190,21.0,59.0,0
2025-12-10T22:02:21.244968,21.0,59.0,0
2025-12-10T22:02:23.499865,21.0,59.0,0
2025-12-10T22:02:25.754625,21.0,59.0,1
2025-12-10T22:02:28.009319,21.0,59.0,0
2025-12-10T22:02:30.264299,21.0,59.0,0
2025-12-10T22:02:32.518781,21.0,59.1,0
2025-12-10T22:02:34.773428,21.0,59.1,0
2025-12-10T22:02:37.028276,21.0,59.1,0
2025-12-10T22:02:39.282574,21.0,59.2,0
2025-12-10T22:02:41.537266,21.0,59.2,0
2025-12-10T22:02:43.792120,21.0,59.3,0
2025-12-10T22:02:46.046819,21.0,59.3,0
2025-12-10T22:02:48.301607,21.0,59.3,0
2025-12-10T22:02:50.556439,21.0,59.3,0
2025-12-10T22:02:52.811209,21.0,59.3,0
2025-12-10T22:02:55.065907,21.0,59.4,0
2025-12-10T22:02:57.320913,21.0,59.4,0
2025-12-10T22:02:59.575627,21.0,59.4,0
2025-12-10T22:03:01.830269,21.0,59.5,0
2025-12-10T22:03:04.085142,21.0,59.5,0
2025-12-10T22:03:06.339910,21.0,59.5,0
2025-12-10T22:03:08.594567,21.0,59.5,0
2025-12-10T22:03:10.849464,21.0,59.5,0
2025-12-10T22:03:13.104229,21.0,59.5,0
2025-12-10T22:03:15.358937,21.0,59.5,0
2025-12-10T22:03:17.613792,21.0,59.5,0
2025-12-10T22:03:19.868550,21.0,59.5,0
2025-12-10T22:03:22.123203,21.0,59.5,0
2025-12-10T22:03:24.377918,21.0,59.5,0
2025-12-10T22:03:26.632578,21.0,59.5,0
2025-12-10T22:03:28.887267,21.0,59.5,0
2025-12-10T22:03:31.142162,21.0,59.5,0
2025-12-10T22:03:33.396956,21.0,59.5,0
2025-12-10T22:03:35.651435,21.0,59.5,0
2025-12-10T22:03:37.906259,21.0,59.5,0
2025-12-10T22:03:40.161060,21.0,59.5,0
2025-12-10T22:03:42.415801,21.0,59.5,0
2025-12-10T22:03:44.670349,21.0,59.5,0
2025-12-10T22:03:46.925089,21.0,59.5,0
2025-12-10T22:03:49.179784,21.0,59.5,0
2025-12-10T22:03:51.434622,21.0,59.5,0
2025-12-10T22:03:53.689331,21.0,59.4,0
2025-12-10T22:03:55.943947,21.0,59.4,1
2025-12-10T22:03:58.198488,21.0,59.4,0
2025-12-10T22:04:00.453287,21.0,59.4,0
2025-12-10T22:04:02.707960,21.0,59.4,0
2025-12-10T22:04:04.962798,21.0,59.4,0
2025-12-10T22:04:07.217460,21.0,59.4,0
2025-12-10T22:04:09.472222,21.0,59.3,0
2025-12-10T22:04:11.727028,21.0,59.3,0
2025-12-10T22:04:13.981698,21.0,59.3,0
2025-12-10T22:04:16.236503,21.0,59.2,0
2025-12-10T22:04:18.491380,21.0,59.1,0
2025-12-10T22:04:20.746093,21.0,59.1,0
2025-12-10T22:04:23.000789,20.9,59.0,0
2025-12-10T22:04:25.255749,21.0,59.1,1
2025-12-10T22:04:27.510435,21.0,59.0,0
2025-12-10T22:04:29.765044,21.0,59.1,0
2025-12-10T22:04:32.019915,21.0,59.0,0
2025-12-10T22:04:34.274753,21.0,59.0,0
2025-12-10T22:04:36.529463,21.0,59.0,0
2025-12-10T22:04:38.784260,21.0,59.1,0
2025-12-10T22:04:41.038887,21.0,59.1,0
2025-12-10T22:04:43.292976,21.0,59.1,0
2025-12-10T22:04:45.547882,21.0,59.1,0
2025-12-10T22:04:47.802646,21.0,59.1,0
2025-12-10T22:04:50.057307,21.0,59.1,0
2025-12-10T22:04:52.312306,21.0,59.1,0
2025-12-10T22:04:54.567050,21.0,59.1,0
2025-12-10T22:04:56.821699,21.0,59.1,0
2025-12-10T22:04:59.076543,21.0,59.1,0
2025-12-10T22:05:01.331370,21.0,59.1,0
2025-12-10T22:05:03.586024,21.0,59.1,0
2025-12-10T22:05:05.840620,21.0,59.1,0
2025-12-10T22:05:08.095416,21.0,59.1,0
2025-12-10T22:05:10.350171,21.0,59.0,0
2025-12-10T22:05:12.605085,21.0,59.0,0
2025-12-10T22:05:14.861899,21.0,59.0,0
2025-12-10T22:05:17.116513,21.0,58.9,0
2025-12-10T22:05:19.371304,21.0,58.9,0
2025-12-10T22:05:21.626060,21.0,58.9,0
2025-12-10T22:05:23.880766,21.0,58.9,0
2025-12-10T22:05:26.135624,21.0,58.9,0
2025-12-10T22:05:28.390229,21.0,58.9,0
2025-12-10T22:05:30.644938,21.0,58.8,0
2025-12-10T22:05:32.899775,21.0,58.8,0
2025-12-10T22:05:35.154272,21.0,58.8,0
2025-12-10T22:05:37.408983,21.0,58.8,0
2025-12-10T22:05:39.663840,21.0,58.7,0
2025-12-10T22:05:41.918205,21.0,58.7,0
2025-12-10T22:05:44.172913,21.0,58.7,0
2025-12-10T22:05:46.427783,21.0,58.7,0
2025-12-10T22:05:48.682459,21.0,58.7,0
2025-12-10T22:05:50.937116,21.0,58.7,0
2025-12-10T22:05:53.191934,21.0,58.7,0
2025-12-10T22:05:55.446579,21.0,58.7,1
2025-12-10T22:05:57.700879,21.0,58.7,0
2025-12-10T22:05:59.955647,21.0,58.7,0
2025-12-10T22:06:02.209852,21.0,58.8,0
2025-12-10T22:06:04.464468,21.0,58.8,0
2025-12-10T22:06:06.719225,21.0,58.8,0
2025-12-10T22:06:08.973956,21.0,58.8,0
2025-12-10T22:06:11.228441,21.0,58.8,0
2025-12-10T22:06:13.539233,21.0,58.8,0
2025-12-10T22:06:15.795903,21.0,58.9,0
2025-12-10T22:06:18.050436,21.0,58.8,0
2025-12-10T22:06:20.305399,21.0,58.8,0
2025-12-10T22:06:22.560194,21.0,58.9,0
2025-12-10T22:06:24.814573,21.0,58.9,0
2025-12-10T22:06:27.069469,21.0,58.9,0
2025-12-10T22:06:29.324026,21.0,59.0,0
2025-12-10T22:06:31.578647,21.0,59.0,0
2025-12-10T22:06:33.833452,21.0,59.1,0
2025-12-10T22:06:36.088114,21.0,59.1,0
2025-12-10T22:06:38.342788,21.0,59.1,0
2025-12-10T22:06:40.597626,21.0,59.2,0
2025-12-10T22:06:42.852318,21.0,59.2,0
2025-12-10T22:06:45.106965,21.0,59.3,0
2025-12-10T22:06:47.361807,21.0,59.3,0
2025-12-10T22:06:49.616561,21.0,59.3,0
2025-12-10T22:06:51.870910,21.0,59.3,1
2025-12-10T22:06:54.125708,21.0,59.3,0
2025-12-10T22:06:56.380532,21.0,59.3,0
2025-12-10T22:06:58.635041,21.0,59.3,0
2025-12-10T22:07:00.889878,21.0,59.4,0
2025-12-10T22:07:03.144623,21.0,59.4,0
2025-12-10T22:07:05.399299,21.0,59.4,0
2025-12-10T22:07:07.654209,21.0,59.3,0
2025-12-10T22:07:09.908977,21.0,59.3,0
2025-12-10T22:07:12.163584,21.0,59.3,0
2025-12-10T22:07:14.418538,21.0,59.3,0
2025-12-10T22:07:16.673178,21.0,59.3,0
2025-12-10T22:07:18.927727,21.0,59.3,0
2025-12-10T22:07:21.182407,21.0,59.3,0
2025-12-10T22:07:23.437056,21.0,59.3,0
2025-12-10T22:07:25.691728,21.0,59.3,1
2025-12-10T22:07:27.946566,21.0,59.4,0
2025-12-10T22:07:30.201226,21.0,59.3,0
2025-12-10T22:07:32.455902,21.0,59.3,0
2025-12-10T22:07:34.710728,21.0,59.3,0
2025-12-10T22:07:36.965413,21.0,59.3,0
2025-12-10T22:07:39.221265,21.0,59.3,0
2025-12-10T22:07:41.476105,21.0,59.4,0
2025-12-10T22:07:43.730539,21.0,59.4,0
2025-12-10T22:07:45.985150,21.0,59.4,0
2025-12-10T22:07:48.239858,21.0,59.4,0
2025-12-10T22:07:50.494527,21.0,59.5,0
2025-12-10T22:07:52.749101,21.0,59.5,0
2025-12-10T22:07:55.003934,21.0,59.5,0
2025-12-10T22:07:57.258724,21.0,59.6,0
2025-12-10T22:07:59.513375,21.0,59.6,0
2025-12-10T22:08:01.768228,21.0,59.6,0
2025-12-10T22:08:04.022974,21.0,59.5,0
2025-12-10T22:08:06.277731,21.0,59.5,0
2025-12-10T22:08:08.532583,21.0,59.5,0
2025-12-10T22:08:10.787381,21.0,59.5,0
2025-12-10T22:08:13.041995,21.0,59.5,0
2025-12-10T22:08:15.296333,21.0,59.5,0
2025-12-10T22:08:17.550966,21.0,59.4,0
2025-12-10T22:08:19.805593,21.0,59.4,0
2025-12-10T22:08:22.060394,21.0,59.4,0
2025-12-10T22:08:24.315056,21.0,59.4,0
2025-12-10T22:08:26.569687,21.0,59.4,1
2025-12-10T22:08:28.824546,21.0,59.4,0
2025-12-10T22:08:31.079198,21.0,59.4,0
2025-12-10T22:08:33.333822,21.0,59.4,0
2025-12-10T22:08:35.588505,21.0,59.4,0
2025-12-10T22:08:37.843199,21.0,59.4,0
                                        2025-12-10T22:05:55.571542,21.2,58.8,0
2025-12-10T22:05:57.828963,21.2,60.4,0
2025-12-10T22:06:00.087677,21.1,60.3,0
2025-12-10T22:06:02.342298,21.1,60.4,0
2025-12-10T22:06:04.599595,21.1,60.4,0
2025-12-10T22:06:06.854236,21.1,60.4,0
2025-12-10T22:06:09.110023,21.1,60.4,0
2025-12-10T22:06:11.368390,21.1,60.3,0
2025-12-10T22:06:13.704526,21.1,60.3,0
2025-12-10T22:06:15.996232,21.2,60.4,1
2025-12-10T22:06:18.250571,21.2,60.4,0
2025-12-10T22:06:20.505214,21.2,60.4,0
2025-12-10T22:06:22.759590,21.2,60.4,0
2025-12-10T22:06:25.014098,21.1,60.3,0
2025-12-10T22:06:27.268783,21.1,60.3,0
2025-12-10T22:06:29.523065,21.2,60.4,0
2025-12-10T22:11:15.975669,21.2,60.3,0
2025-12-10T22:11:18.230415,21.1,60.3,0
2025-12-10T22:11:20.485024,21.2,60.4,0
2025-12-10T22:11:22.739250,21.2,60.3,0
2025-12-10T22:11:24.993837,21.2,60.3,0
2025-12-10T22:11:27.248174,21.2,60.3,0
2025-12-10T22:11:29.502887,21.2,60.3,0
2025-12-10T22:11:31.757666,21.2,60.3,0
2025-12-10T22:11:34.011601,21.2,60.4,0
2025-12-10T22:11:36.266010,21.2,60.3,0
2025-12-10T22:11:38.520677,21.2,60.3,0
2025-12-10T22:11:40.775266,21.2,60.3,0
2025-12-10T22:11:43.030046,21.2,60.3,0
2025-12-10T22:11:45.284754,21.2,60.3,0
2025-12-10T22:11:47.538795,21.2,60.3,0
2025-12-10T22:11:49.793540,21.2,60.3,0
2025-12-10T22:11:52.048250,21.2,60.3,0
2025-12-10T22:11:54.302737,21.2,60.3,0
2025-12-10T22:11:56.557501,21.2,60.3,0
2025-12-10T22:11:58.812208,21.2,60.3,0
2025-12-10T22:12:01.066644,21.2,60.3,0
2025-12-10T22:12:03.321433,21.2,60.3,0
2025-12-10T22:12:05.576155,21.2,60.3,0
2025-12-10T22:12:07.830634,21.2,60.3,0
2025-12-10T22:12:10.085227,21.2,60.3,0
2025-12-10T22:12:12.340009,21.2,60.3,0
2025-12-10T22:12:14.594552,21.2,60.3,0
2025-12-10T22:12:16.849191,21.2,60.3,0
2025-12-10T22:12:19.103621,21.2,60.3,0
2025-12-10T22:12:21.357797,21.2,60.3,0
2025-12-10T22:12:23.612015,21.2,60.3,0
2025-12-10T22:12:25.866694,21.2,60.3,0
2025-12-10T22:12:28.121141,21.2,60.3,0
2025-12-10T22:12:30.375789,21.2,60.3,0
2025-12-10T22:12:32.630368,21.2,60.3,0
2025-12-10T22:12:34.884795,21.2,60.3,0
2025-12-10T22:12:37.139574,21.2,60.3,0
2025-12-10T22:12:39.393882,21.2,60.3,0
2025-12-10T22:12:41.648275,21.2,60.3,0
2025-12-10T22:12:43.902982,21.2,60.3,0
2025-12-10T22:12:46.157585,21.2,60.3,0
2025-12-10T22:12:48.411728,21.2,60.3,0
2025-12-10T22:12:50.666097,21.2,60.3,0
2025-12-10T22:12:52.920694,21.2,60.3,0
2025-12-10T22:12:55.175224,21.2,60.3,0
2025-12-10T22:12:57.429819,21.2,60.3,0
2025-12-10T22:12:59.683980,21.2,60.2,0
2025-12-10T22:13:01.938105,21.2,60.2,0
2025-12-10T22:13:04.192488,21.2,60.2,0
2025-12-10T22:13:06.447292,21.2,60.2,0
2025-12-10T22:13:08.701376,21.2,60.2,0
2025-12-10T22:13:10.956212,21.2,60.2,0
2025-12-10T22:13:13.210721,21.2,60.2,0
2025-12-10T22:13:15.465177,21.2,60.2,0
2025-12-10T22:13:17.719955,21.2,60.2,0
2025-12-10T22:13:19.974595,21.2,60.2,0
2025-12-10T22:13:22.228933,21.2,60.2,1
2025-12-10T22:13:24.483674,21.2,60.2,0
2025-12-10T22:13:26.738191,21.2,60.2,0
2025-12-10T22:13:28.992514,21.2,60.2,0
2025-12-10T22:13:31.247251,21.2,60.2,0
2025-12-10T22:13:33.501712,21.2,60.2,0
2025-12-10T22:13:35.756287,21.2,60.2,0
2025-12-10T22:13:38.010880,21.2,60.2,0
2025-12-10T22:13:40.265337,21.2,60.2,0
2025-12-10T22:13:42.519986,21.2,60.2,0
2025-12-10T22:13:44.774762,21.2,60.2,0
2025-12-10T22:13:47.029193,21.2,60.2,0
2025-12-10T22:13:49.283934,21.2,60.2,0
2025-12-10T22:13:51.538745,21.2,60.2,0
2025-12-10T22:13:53.793342,21.2,60.2,0
2025-12-10T22:13:56.047490,21.2,60.2,0
2025-12-10T22:13:58.302304,21.2,60.2,0
2025-12-10T22:14:00.556869,21.2,60.3,0
2025-12-10T22:14:02.811430,21.2,60.2,0
2025-12-10T22:14:05.066150,21.2,60.2,0
2025-12-10T22:14:07.320826,21.2,60.3,0
2025-12-10T22:14:09.574937,21.2,60.2,0
2025-12-10T22:14:11.829302,21.2,60.2,0
2025-12-10T22:14:14.083937,21.2,60.2,0
2025-12-10T22:14:16.338525,21.2,60.2,0
2025-12-10T22:14:18.593147,21.2,60.2,0
2025-12-10T22:14:20.847786,21.2,60.2,0
2025-12-10T22:14:23.102354,21.2,60.2,0
2025-12-10T22:14:25.357115,21.2,60.3,0
2025-12-10T22:14:27.612922,21.2,60.3,0
2025-12-10T22:14:29.867462,21.2,60.3,0
2025-12-10T22:14:32.122015,21.2,60.2,0
2025-12-10T22:14:34.376629,21.2,60.2,0
2025-12-10T22:14:36.631199,21.2,60.2,0
2025-12-10T22:14:38.885931,21.2,60.2,0
2025-12-10T22:14:41.140537,21.2,60.2,0
2025-12-10T22:14:43.394970,21.2,60.2,0
2025-12-10T22:14:45.649403,21.2,60.2,0
2025-12-10T22:14:47.904101,21.2,60.2,0
2025-12-10T22:14:50.158618,21.2,60.3,0
2025-12-10T22:14:52.412856,21.2,60.3,0
2025-12-10T22:14:54.667485,21.2,60.3,0
2025-12-10T22:14:56.922015,21.2,60.3,0
2025-12-10T22:14:59.177179,21.2,60.3,0
2025-12-10T22:15:01.431873,21.2,60.3,0
2025-12-10T22:15:03.685898,21.2,60.3,0
2025-12-10T22:15:05.940523,21.2,60.3,0
2025-12-10T22:15:08.194917,21.2,60.3,0
2025-12-10T22:15:10.449025,21.2,60.3,0
2025-12-10T22:15:12.703556,21.2,60.3,0
2025-12-10T22:15:14.957638,21.2,60.3,0
2025-12-10T22:15:17.212191,21.2,60.3,0
2025-12-10T22:15:19.466401,21.2,60.3,1
2025-12-10T22:15:21.720588,21.2,60.3,0
2025-12-10T22:15:23.974657,21.2,60.3,0
2025-12-10T22:15:26.229215,21.2,60.3,0
2025-12-10T22:15:28.483633,21.2,60.3,0
2025-12-10T22:15:30.738119,21.2,60.3,0
2025-12-10T22:15:32.992797,21.2,60.3,0
2025-12-10T22:15:35.247367,21.2,60.3,0
2025-12-10T22:15:37.501841,21.2,60.3,0
2025-12-10T22:15:39.756540,21.2,60.3,0
2025-12-10T22:15:42.011038,21.3,60.3,0
2025-12-10T22:15:44.265469,21.2,60.3,0
2025-12-10T22:15:46.520007,21.2,60.3,0
2025-12-10T22:15:48.774653,21.2,60.3,0
2025-12-10T22:15:51.029110,21.2,60.3,0
2025-12-10T22:15:53.283962,21.2,60.3,0
2025-12-10T22:15:55.538612,21.2,60.3,0
2025-12-10T22:15:57.793046,21.3,60.3,0
2025-12-10T22:16:00.047482,21.2,60.3,0
2025-12-10T22:16:02.301844,21.3,60.3,0
2025-12-10T22:16:04.556313,21.2,60.3,0
2025-12-10T22:16:06.810651,21.2,60.3,0
2025-12-10T22:16:09.065298,21.3,60.3,0
2025-12-10T22:16:11.319824,21.2,60.3,0
2025-12-10T22:16:13.574447,21.3,60.3,0
2025-12-10T22:16:15.828877,21.2,60.3,0
2025-12-10T22:16:18.083397,21.2,60.3,0
2025-12-10T22:16:20.338063,21.2,60.3,0
2025-12-10T22:16:22.592233,21.2,60.3,0
2025-12-10T22:16:24.846704,21.2,60.3,0
2025-12-10T22:16:27.101321,21.3,60.3,0
2025-12-10T22:16:29.356054,21.2,60.3,0
2025-12-10T22:16:31.610359,21.3,60.3,0
2025-12-10T22:16:33.864944,21.3,60.3,0
2025-12-10T22:16:36.119565,21.3,60.3,0
2025-12-10T22:16:38.374263,21.2,60.3,0
2025-12-10T22:16:40.628798,21.3,60.3,0
2025-12-10T22:16:42.883365,21.2,60.3,0
2025-12-10T22:16:45.137598,21.3,60.3,0
2025-12-10T22:16:47.392313,21.3,60.3,0
2025-12-10T22:16:49.646674,21.2,60.3,0
2025-12-10T22:16:51.901122,21.3,60.3,0
2025-12-10T22:16:54.155836,21.3,60.3,0
2025-12-10T22:16:56.410312,21.3,60.3,0
2025-12-10T22:16:58.664676,21.3,60.3,0
2025-12-10T22:17:00.919411,21.2,60.3,0
2025-12-10T22:17:03.173947,21.2,60.3,0
2025-12-10T22:17:05.428439,21.2,60.3,0
2025-12-10T22:17:07.683212,21.3,60.3,0
2025-12-10T22:17:09.937806,21.3,60.3,0
2025-12-10T22:17:12.192286,21.3,60.3,0
2025-12-10T22:17:14.447057,21.2,60.3,1
2025-12-10T22:17:16.701667,21.3,60.3,0
2025-12-10T22:17:18.956223,21.2,60.3,0
2025-12-10T22:17:21.211018,21.3,60.3,0
2025-12-10T22:17:23.465505,21.3,60.3,0
2025-12-10T22:17:25.720159,21.2,60.3,0
2025-12-10T22:17:27.974944,21.2,60.3,0
2025-12-10T22:17:30.229580,21.3,60.3,0
2025-12-10T22:17:32.484275,21.3,60.3,0
2025-12-10T22:17:34.739040,21.2,60.3,0
2025-12-10T22:17:36.993703,21.3,60.3,0
2025-12-10T22:17:39.248324,21.3,60.3,0
2025-12-10T22:17:41.503180,21.3,60.3,0
2025-12-10T22:17:43.757722,21.3,60.3,0
2025-12-10T22:17:46.012299,21.3,60.3,0
2025-12-10T22:17:48.266793,21.3,60.3,0
2025-12-10T22:17:50.521535,21.3,60.3,0
2025-12-10T22:17:52.776120,21.3,60.3,0
2025-12-10T22:17:55.030920,21.3,60.3,0
2025-12-10T22:17:57.285647,21.3,60.3,0
2025-12-10T22:17:59.540292,21.3,60.3,0
2025-12-10T22:18:01.794965,21.3,60.3,0
2025-12-10T22:18:04.049535,21.3,60.3,0
2025-12-10T22:18:06.304192,21.3,60.3,0
2025-12-10T22:18:08.558882,21.2,60.3,0
2025-12-10T22:18:10.813467,21.3,60.3,0
2025-12-10T22:18:13.067653,21.3,60.3,0
2025-12-10T22:18:15.322249,21.3,60.3,0
2025-12-10T22:18:17.576744,21.3,60.3,0
2025-12-10T22:18:19.831294,21.3,60.3,0
2025-12-10T22:18:22.085865,21.3,60.3,0
2025-12-10T22:18:24.339981,21.3,60.3,0
2025-12-10T22:18:26.594246,21.3,60.3,0
2025-12-10T22:18:28.848450,21.3,60.3,0
2025-12-10T22:18:31.102970,21.3,60.3,0
2025-12-10T22:18:33.357618,21.3,60.3,1
2025-12-10T22:18:35.612469,21.3,60.3,0
2025-12-10T22:18:37.867012,21.3,60.3,0
2025-12-10T22:18:40.121330,21.3,60.3,0
2025-12-10T22:18:42.376218,21.3,60.3,0
2025-12-10T22:18:44.630381,21.3,60.3,0
2025-12-10T22:18:46.884431,21.3,60.3,0
2025-12-10T22:18:49.138708,21.3,60.3,0
2025-12-10T22:18:51.393329,21.3,60.3,0
2025-12-10T22:18:53.647844,21.3,60.3,0
2025-12-10T22:18:55.902138,21.2,60.2,0
2025-12-10T22:18:58.156664,21.3,60.3,0
2025-12-10T22:19:00.411102,21.3,60.3,0
2025-12-10T22:19:02.665429,21.3,60.3,0
2025-12-10T22:19:04.920103,21.2,60.3,1
2025-12-10T22:19:07.174639,21.3,60.3,0
2025-12-10T22:19:09.429355,21.3,60.3,0
2025-12-10T22:19:11.684024,21.3,60.3,0
2025-12-10T22:19:13.938533,21.3,60.3,0
2025-12-10T22:19:16.193058,21.3,60.3,0
2025-12-10T22:19:18.447700,21.3,60.3,0
2025-12-10T22:19:20.702189,21.3,60.3,0
2025-12-10T22:19:22.956676,21.3,60.3,0
2025-12-10T22:19:25.211336,21.3,60.3,0
2025-12-10T22:19:27.465906,21.3,60.3,0
2025-12-10T22:19:29.720631,21.3,60.3,0
2025-12-10T22:19:31.975122,21.3,60.3,0
2025-12-10T22:19:34.229584,21.3,60.3,0
2025-12-10T22:19:36.484373,21.3,60.3,0
2025-12-10T22:19:38.738978,21.3,60.3,0
2025-12-10T22:19:40.993428,21.3,60.3,0
2025-12-10T22:19:43.248345,21.3,60.3,0
2025-12-10T22:19:45.503023,21.3,60.3,0
2025-12-10T22:19:47.757532,21.3,60.3,0
2025-12-10T22:19:50.012381,21.3,60.3,0
2025-12-10T22:19:52.266994,21.3,60.3,0
2025-12-10T22:19:54.521431,21.3,60.3,0
2025-12-10T22:19:56.776249,21.3,60.3,0
2025-12-10T22:19:59.030711,21.3,60.3,0
2025-12-10T22:20:01.285366,21.3,60.4,0
2025-12-10T22:20:03.540219,21.3,60.4,0
2025-12-10T22:20:05.794731,21.2,60.3,0
2025-12-10T22:20:08.048841,21.3,60.4,0
2025-12-10T22:20:10.303654,21.3,60.4,0
2025-12-10T22:20:12.558287,21.3,60.3,0
2025-12-10T22:20:14.812473,21.3,60.3,0
2025-12-10T22:20:17.067142,21.3,60.3,1
2025-12-10T22:20:19.321727,21.3,60.3,0
2025-12-10T22:20:21.576369,21.3,60.3,0
2025-12-10T22:20:23.830974,21.3,60.3,0
2025-12-10T22:20:26.085557,21.3,60.4,0
2025-12-10T22:20:28.339726,21.3,60.4,0
2025-12-10T22:20:30.594093,21.3,60.3,0
2025-12-10T22:20:32.848729,21.3,60.4,0
2025-12-10T22:20:35.102759,21.3,60.4,0
2025-12-10T22:20:37.357453,21.3,60.3,0
2025-12-10T22:20:39.613845,21.3,60.3,0
2025-12-10T22:20:41.868479,21.3,60.3,0
2025-12-10T22:20:44.123051,21.3,60.3,0
2025-12-10T22:20:46.377589,21.3,60.4,0
2025-12-10T22:20:48.632193,21.3,60.4,0
2025-12-10T22:20:50.886923,21.3,60.4,0
2025-12-10T22:20:53.141178,21.3,60.4,0
2025-12-10T22:20:55.395883,21.3,60.3,0
2025-12-10T22:20:57.650417,21.3,60.3,0
2025-12-10T22:20:59.905287,21.3,60.4,0
2025-12-10T22:21:02.159175,21.3,60.3,0
2025-12-10T22:21:04.413974,21.3,60.4,0
2025-12-10T22:21:06.668303,21.3,60.4,0
2025-12-10T22:21:08.922783,21.2,60.3,0
2025-12-10T22:21:11.177044,21.3,60.4,0
2025-12-10T22:21:13.431750,21.3,60.4,0
2025-12-10T22:21:15.686032,21.3,60.3,0
2025-12-10T22:21:17.940757,21.3,60.4,0
2025-12-10T22:21:20.195395,21.3,60.4,0
2025-12-10T22:21:22.449966,21.3,60.4,0
2025-12-10T22:21:24.704668,21.3,60.4,0
2025-12-10T22:21:26.959322,21.3,60.4,0
2025-12-10T22:21:29.213739,21.3,60.4,0
2025-12-10T22:21:31.468601,21.3,60.4,0
2025-12-10T22:21:33.722833,21.3,60.4,0
2025-12-10T22:21:35.977339,21.3,60.4,0
2025-12-10T22:21:38.232000,21.3,60.4,0
2025-12-10T22:21:40.486735,21.3,60.4,0
2025-12-10T22:21:42.741135,21.3,60.4,0
2025-12-10T22:21:44.995870,21.3,60.4,0
2025-12-10T22:21:47.250328,21.3,60.3,0
2025-12-10T22:21:49.504743,21.3,60.4,0
2025-12-10T22:21:51.759498,21.3,60.4,0
2025-12-10T22:21:54.014000,21.3,60.4,0
2025-12-10T22:21:56.268452,21.3,60.4,0
2025-12-10T22:21:58.523296,21.3,60.4,0
2025-12-10T22:22:00.777931,21.3,60.4,0
2025-12-10T22:22:03.031845,21.3,60.4,0
2025-12-10T22:22:05.286150,21.3,60.4,0
2025-12-10T22:22:07.542334,21.3,60.4,0
2025-12-10T22:22:09.796475,21.3,60.3,0
2025-12-10T22:22:12.050729,21.3,60.4,0
2025-12-10T22:22:14.304904,21.3,60.4,0
2025-12-10T22:22:16.559519,21.3,60.4,0
2025-12-10T22:22:18.814199,21.3,60.4,0
2025-12-10T22:22:21.068585,21.3,60.4,0
2025-12-10T22:22:23.323188,21.3,60.4,0
2025-12-10T22:22:25.577816,21.3,60.4,0
2025-12-10T22:22:27.832384,21.3,60.4,0
2025-12-10T22:22:30.086544,21.3,60.4,0
2025-12-10T22:22:32.340844,21.3,60.4,0
2025-12-10T22:22:34.595400,21.3,60.4,0
2025-12-10T22:22:36.849973,21.3,60.4,0
2025-12-10T22:22:39.104700,21.3,60.4,0
2025-12-10T22:22:41.359244,21.3,60.4,0
2025-12-10T22:22:43.613757,21.3,60.4,0
2025-12-10T22:22:45.868009,21.3,60.4,0
2025-12-10T22:22:48.122690,21.3,60.4,0
2025-12-10T22:22:50.377656,21.3,60.4,0
2025-12-10T22:22:52.631945,21.3,60.4,0
2025-12-10T22:22:54.886562,21.3,60.4,0
2025-12-10T22:22:57.140952,21.3,60.4,0
2025-12-10T22:22:59.395714,21.3,60.4,0
2025-12-10T22:23:01.649929,21.3,60.4,0
2025-12-10T22:23:03.904470,21.3,60.4,0
2025-12-10T22:23:06.158738,21.3,60.4,0
2025-12-10T22:23:08.412794,21.3,60.4,0
2025-12-10T22:23:10.667352,21.3,60.4,0
2025-12-10T22:23:12.922107,21.3,60.4,0
2025-12-10T22:23:15.176540,21.3,60.4,0
2025-12-10T22:23:17.431056,21.3,60.4,0
2025-12-10T22:23:19.685489,21.3,60.4,0
2025-12-10T22:23:21.940051,21.3,60.4,0
2025-12-10T22:23:24.194486,21.3,60.4,0
2025-12-10T22:23:26.449035,21.3,60.4,0
2025-12-10T22:23:28.703561,21.3,60.4,0
2025-12-10T22:23:30.957701,21.3,60.4,0
2025-12-10T22:23:33.212451,21.3,60.4,0
2025-12-10T22:23:35.466882,21.3,60.4,0
2025-12-10T22:23:37.720977,21.3,60.4,0
2025-12-10T22:23:39.975615,21.3,60.4,0
2025-12-10T22:23:42.230198,21.3,60.4,0
2025-12-10T22:23:44.484310,21.3,60.4,0
2025-12-10T22:23:46.738445,21.3,60.4,0
2025-12-10T22:23:48.992755,21.3,60.4,0
2025-12-10T22:23:51.247291,21.3,60.4,0
2025-12-10T22:23:53.501468,21.3,60.4,0
2025-12-10T22:23:55.756153,21.3,60.4,0
2025-12-10T22:23:58.010681,21.3,60.4,0
2025-12-10T22:24:00.265365,21.3,60.4,0
2025-12-10T22:24:02.520105,21.3,60.4,0
2025-12-10T22:24:04.774612,21.3,60.4,0
2025-12-10T22:24:07.029275,21.3,60.4,0
2025-12-10T22:24:09.285902,21.3,60.4,0
2025-12-10T22:24:11.539866,21.3,60.4,0
2025-12-10T22:24:13.794408,21.3,60.4,0
2025-12-10T22:24:16.048829,21.3,60.4,0
2025-12-10T22:24:18.303506,21.3,60.4,0
2025-12-10T22:24:20.557975,21.3,60.4,0
2025-12-10T22:24:22.812579,21.3,60.4,0
2025-12-10T22:24:25.066736,21.3,60.4,0
2025-12-10T22:24:27.321602,21.3,60.4,0
2025-12-10T22:24:29.575839,21.3,60.4,0
2025-12-10T22:24:31.830334,21.3,60.4,0
2025-12-10T22:24:34.084872,21.3,60.4,0
2025-12-10T22:24:36.339508,21.3,60.4,0
2025-12-10T22:24:38.593584,21.3,60.4,0
2025-12-10T22:24:40.847916,21.3,60.4,0
2025-12-10T22:24:43.102385,21.3,60.4,0
2025-12-10T22:24:45.356987,21.3,60.4,0
2025-12-10T22:24:47.611590,21.3,60.4,0
2025-12-10T22:24:49.866000,21.3,60.4,0
2025-12-10T22:24:52.120285,21.3,60.4,0
2025-12-10T22:24:54.375156,21.3,60.4,0
2025-12-10T22:24:56.629199,21.3,60.4,0
2025-12-10T22:24:58.883216,21.3,60.4,0
2025-12-10T22:25:01.138175,21.3,60.4,0
2025-12-10T22:25:03.392805,21.3,60.4,0
2025-12-10T22:25:05.647269,21.3,60.4,0
2025-12-10T22:25:07.901512,21.3,60.4,0
2025-12-10T22:25:10.156233,21.3,60.4,0
2025-12-10T22:25:12.410834,21.3,60.4,0
2025-12-10T22:25:14.665026,21.3,60.4,1
2025-12-10T22:25:16.919694,21.3,60.4,0
2025-12-10T22:25:19.174056,21.3,60.5,0
2025-12-10T22:25:21.428408,21.3,60.4,0
2025-12-10T22:25:23.682907,21.3,60.4,0
2025-12-10T22:25:25.937124,21.3,60.4,0
2025-12-10T22:25:28.191471,21.3,60.4,0
2025-12-10T22:25:30.446142,21.3,60.4,0
2025-12-10T22:25:32.700389,21.3,60.4,0
2025-12-10T22:25:34.955127,21.3,60.4,0
2025-12-10T22:25:37.209707,21.3,60.4,0
2025-12-10T22:25:39.464146,21.3,60.4,0
2025-12-10T22:25:41.799777,21.3,60.5,0
2025-12-10T22:25:44.058548,21.3,60.4,0
2025-12-10T22:25:46.313177,21.3,60.5,0
2025-12-10T22:25:48.567948,21.3,60.4,0
2025-12-10T22:25:50.822183,21.3,60.4,0
2025-12-10T22:25:53.076740,21.3,60.4,0
2025-12-10T22:25:55.331609,21.3,60.4,0
2025-12-10T22:25:57.586260,21.3,60.4,0
2025-12-10T22:25:59.840800,21.3,60.4,0
2025-12-10T22:26:02.095163,21.3,60.4,0
2025-12-10T22:26:04.349475,21.3,60.4,0
2025-12-10T22:26:06.603985,21.3,60.4,0
2025-12-10T22:26:08.858727,21.3,60.4,0
2025-12-10T22:26:11.113319,21.3,60.4,0
2025-12-10T22:26:13.368003,21.3,60.4,0
2025-12-10T22:26:15.622553,21.3,60.4,0
2025-12-10T22:26:17.877106,21.3,60.4,0
2025-12-10T22:26:20.131676,21.3,60.4,0
2025-12-10T22:26:22.386097,21.3,60.4,0
2025-12-10T22:26:24.640756,21.3,60.4,1
2025-12-10T22:26:26.895339,21.3,60.4,0
2025-12-10T22:26:29.149689,21.3,60.4,0
2025-12-10T22:26:31.404417,21.3,60.4,0
2025-12-10T22:26:33.658754,21.3,60.4,0
2025-12-10T22:26:35.913177,21.3,60.4,0
2025-12-10T22:26:38.167789,21.3,60.4,0
2025-12-10T22:26:40.422482,21.3,60.4,0
2025-12-10T22:26:42.677273,21.3,60.4,0
2025-12-10T22:26:44.931902,21.3,60.5,0
2025-12-10T22:26:47.186479,21.3,60.4,0
2025-12-10T22:26:49.441357,21.3,60.4,0
2025-12-10T22:26:51.695974,21.3,60.5,0
2025-12-10T22:26:53.950546,21.3,60.4,0
2025-12-10T22:26:56.205285,21.3,60.5,0
2025-12-10T22:26:58.460008,21.3,60.4,0
2025-12-10T22:27:00.714200,21.3,60.4,0
2025-12-10T22:27:02.968493,21.3,60.4,0
2025-12-10T22:27:05.223149,21.3,60.5,0
2025-12-10T22:27:07.477659,21.3,60.5,0
2025-12-10T22:27:09.732478,21.3,60.5,0
2025-12-10T22:27:11.987054,21.3,60.4,0
2025-12-10T22:27:14.241509,21.3,60.5,0
2025-12-10T22:27:16.496279,21.3,60.5,0
2025-12-10T22:27:18.750957,21.3,60.5,0
2025-12-10T22:27:21.005359,21.3,60.5,0
2025-12-10T22:27:23.260149,21.3,60.4,0
2025-12-10T22:27:25.514720,21.3,60.5,0
2025-12-10T22:27:27.769276,21.3,60.5,0
2025-12-10T22:27:30.023526,21.3,60.5,0
2025-12-10T22:27:32.278921,21.3,60.5,0
2025-12-10T22:27:34.533166,21.3,60.5,0
2025-12-10T22:27:36.787956,21.3,60.5,0
2025-12-10T22:27:39.042523,21.3,60.4,0
2025-12-10T22:27:41.297147,21.3,60.5,0
2025-12-10T22:27:43.551870,21.3,60.5,0
2025-12-10T22:27:45.806379,21.3,60.5,0
2025-12-10T22:27:48.060900,21.3,60.5,0
2025-12-10T22:27:50.315793,21.3,60.5,0
2025-12-10T22:27:52.570273,21.3,60.5,0
2025-12-10T22:27:54.824424,21.3,60.5,0
2025-12-10T22:27:57.079127,21.3,60.4,0
2025-12-10T22:27:59.333624,21.3,60.5,0
2025-12-10T22:28:01.588255,21.3,60.5,0
2025-12-10T22:28:03.843054,21.3,60.5,0
2025-12-10T22:28:06.097066,21.3,60.5,0
2025-12-10T22:28:08.351914,21.3,60.5,0
2025-12-10T22:28:10.606583,21.3,60.5,0
2025-12-10T22:28:12.861178,21.3,60.5,0
2025-12-10T22:28:15.115667,21.3,60.4,0
2025-12-10T22:28:17.370466,21.3,60.4,0
2025-12-10T22:28:19.625029,21.3,60.4,0
2025-12-10T22:28:21.879062,21.3,60.4,0
2025-12-10T22:28:24.133429,21.3,60.4,0
2025-12-10T22:28:26.388148,21.3,60.4,0
2025-12-10T22:28:28.642725,21.3,60.5,0
2025-12-10T22:28:30.897517,21.3,60.4,0
2025-12-10T22:28:33.152178,21.3,60.5,0
2025-12-10T22:28:35.406826,21.3,60.4,0
2025-12-10T22:28:37.661578,21.3,60.4,0
2025-12-10T22:28:39.916279,21.3,60.5,0
2025-12-10T22:28:42.170656,21.3,60.4,0
2025-12-10T22:28:44.425424,21.3,60.4,0
2025-12-10T22:28:46.680092,21.3,60.4,0
2025-12-10T22:28:48.934602,21.3,60.4,0
2025-12-10T22:28:51.189174,21.3,60.4,0
2025-12-10T22:28:53.443883,21.3,60.4,0
2025-12-10T22:28:55.698345,21.3,60.5,0
2025-12-10T22:28:57.953019,21.3,60.4,0
2025-12-10T22:29:00.207557,21.3,60.4,0
2025-12-10T22:29:02.461775,21.3,60.4,0
2025-12-10T22:29:04.716520,21.3,60.4,0
2025-12-10T22:29:06.970772,21.3,60.5,0
2025-12-10T22:29:09.224780,21.3,60.5,0
2025-12-10T22:29:11.479565,21.3,60.5,0
2025-12-10T22:29:13.734100,21.3,60.5,0
2025-12-10T22:29:15.988588,21.3,60.5,0
2025-12-10T22:29:18.243032,21.3,60.4,0
2025-12-10T22:29:20.497287,21.3,60.5,0
2025-12-10T22:29:22.751462,21.3,60.4,0
2025-12-10T22:29:25.005853,21.3,60.5,0
2025-12-10T22:29:27.260236,21.3,60.5,0
2025-12-10T22:29:29.514771,21.3,60.4,0
2025-12-10T22:29:31.769489,21.3,60.4,0
2025-12-10T22:29:34.024128,21.3,60.4,0
2025-12-10T22:29:36.279508,21.3,60.4,0
2025-12-10T22:29:38.534111,21.3,60.4,0
2025-12-10T22:29:40.788579,21.3,60.5,0
2025-12-10T22:29:43.043056,21.3,60.5,0
2025-12-10T22:29:45.297880,21.3,60.5,0
2025-12-10T22:29:47.552175,21.3,60.5,0
2025-12-10T22:29:49.806374,21.3,60.5,0
2025-12-10T22:29:52.060757,21.3,60.5,0
2025-12-10T22:29:54.315491,21.3,60.5,0
2025-12-10T22:29:56.569938,21.3,60.5,0
2025-12-10T22:29:58.824748,21.3,60.5,0
2025-12-10T22:30:01.079411,21.3,60.5,0
2025-12-10T22:30:03.333914,21.3,60.5,0
2025-12-10T22:30:05.588204,21.3,60.5,0
2025-12-10T22:30:07.842617,21.3,60.5,0
2025-12-10T22:30:10.097195,21.3,60.5,0
2025-12-10T22:30:12.351573,21.3,60.5,0
2025-12-10T22:30:14.606190,21.3,60.5,0
2025-12-10T22:30:16.860741,21.3,60.5,0
2025-12-10T22:30:19.115536,21.3,60.5,0
2025-12-10T22:30:21.370195,21.3,60.5,0
2025-12-10T22:30:23.624771,21.3,60.5,0
2025-12-10T22:30:25.879525,21.3,60.5,0
2025-12-10T22:30:28.133995,21.3,60.5,0
2025-12-10T22:30:30.388330,21.3,60.5,0
2025-12-10T22:30:32.642730,21.3,60.5,0
2025-12-10T22:30:34.897393,21.3,60.4,0
2025-12-10T22:30:37.151506,21.3,60.4,0
2025-12-10T22:30:39.406052,21.3,60.5,0
2025-12-10T22:30:41.660743,21.3,60.5,0
2025-12-10T22:30:43.915315,21.3,60.5,0
2025-12-10T22:30:46.170047,21.3,60.5,0
2025-12-10T22:30:48.424592,21.3,60.5,0
2025-12-10T22:30:50.678893,21.3,60.5,0
2025-12-10T22:30:52.933686,21.3,60.5,0
2025-12-10T22:30:55.188301,21.3,60.5,0
2025-12-10T22:30:57.442518,21.3,60.5,0
2025-12-10T22:30:59.697223,21.3,60.4,0
2025-12-10T22:31:01.951887,21.3,60.4,1
2025-12-10T22:31:04.206550,21.3,60.4,0
2025-12-10T22:31:06.461338,21.3,60.5,0
2025-12-10T22:31:08.715514,21.3,60.5,0
2025-12-10T22:31:10.969837,21.3,60.5,0
2025-12-10T22:31:13.224528,21.3,60.5,0
2025-12-10T22:31:15.479189,21.3,60.5,0
2025-12-10T22:31:17.733643,21.3,60.5,0
2025-12-10T22:31:19.988478,21.3,60.4,0
2025-12-10T22:31:22.243067,21.3,60.5,0
2025-12-10T22:31:24.497218,21.3,60.5,0
2025-12-10T22:31:26.752116,21.3,60.5,0
2025-12-10T22:31:29.006685,21.3,60.5,0
2025-12-10T22:31:31.261221,21.3,60.5,0
2025-12-10T22:31:33.516115,21.3,60.5,0
2025-12-10T22:31:35.770565,21.3,60.5,0
2025-12-10T22:31:38.024968,21.3,60.5,0
2025-12-10T22:31:40.280691,21.3,60.5,0
2025-12-10T22:31:42.618434,21.3,60.5,0
2025-12-10T22:31:44.953843,21.3,60.5,0
2025-12-10T22:31:47.289571,21.3,60.5,0
2025-12-10T22:31:49.594638,21.3,60.5,0
2025-12-10T22:31:51.849159,21.3,60.5,0
2025-12-10T22:31:54.104015,21.3,60.5,0
2025-12-10T22:31:56.358854,21.3,60.5,0
2025-12-10T22:31:58.613292,21.3,60.5,0
2025-12-10T22:32:00.867748,21.3,60.5,0
2025-12-10T22:32:03.122382,21.3,60.5,0
2025-12-10T22:32:05.377029,21.3,60.5,0
2025-12-10T22:32:07.631759,21.3,60.4,0
2025-12-10T22:32:09.886271,21.3,60.5,0
2025-12-10T22:32:12.140807,21.3,60.4,0
2025-12-10T22:32:14.395239,21.3,60.5,0
2025-12-10T22:32:16.649773,21.3,60.4,1
2025-12-10T22:32:18.904211,21.3,60.4,0
2025-12-10T22:32:21.158944,21.3,60.4,0
2025-12-10T22:32:23.415703,21.3,60.5,0
2025-12-10T22:32:25.670204,21.3,60.5,0
2025-12-10T22:32:27.924557,21.3,60.5,0
2025-12-10T22:32:30.179117,21.3,60.5,0
2025-12-10T22:32:32.433518,21.3,60.5,0
2025-12-10T22:32:34.688335,21.3,60.4,0
2025-12-10T22:32:36.942867,21.3,60.5,0
2025-12-10T22:32:39.197346,21.3,60.5,0
2025-12-10T22:32:41.452174,21.3,60.5,0
2025-12-10T22:32:43.706470,21.3,60.5,0
2025-12-10T22:32:45.960940,21.3,60.5,1
2025-12-10T22:32:48.215707,21.3,60.4,0
2025-12-10T22:32:50.472435,21.3,60.5,0
2025-12-10T22:32:52.726885,21.3,60.4,1
2025-12-10T22:32:54.981488,21.3,60.4,0
2025-12-10T22:32:57.236089,21.3,60.5,0
2025-12-10T22:32:59.490662,21.3,60.5,0
2025-12-10T22:33:01.745387,21.3,60.4,0
2025-12-10T22:33:04.001917,21.3,60.5,0
2025-12-10T22:33:06.256301,21.3,60.4,0
2025-12-10T22:33:08.510991,21.3,60.4,0
2025-12-10T22:33:10.765522,21.3,60.5,0
2025-12-10T22:33:13.020111,21.3,60.5,0
2025-12-10T22:33:15.274869,21.3,60.5,0
2025-12-10T22:33:17.529579,21.3,60.5,0
2025-12-10T22:33:19.784081,21.3,60.4,0
2025-12-10T22:33:22.038761,21.3,60.5,0
2025-12-10T22:33:24.293489,21.3,60.5,0
2025-12-10T22:33:26.548097,21.3,60.5,0
2025-12-10T22:33:28.802784,21.3,60.5,1
2025-12-10T22:33:31.057168,21.3,60.5,0
2025-12-10T22:33:33.311719,21.3,60.4,0
2025-12-10T22:33:35.566522,21.3,60.5,1
2025-12-10T22:33:37.823228,21.3,60.5,0
2025-12-10T22:33:40.077571,21.3,60.5,0
2025-12-10T22:33:42.331959,21.3,60.4,0
2025-12-10T22:33:44.586768,21.3,60.5,0
2025-12-10T22:33:46.841317,21.3,60.5,1
2025-12-10T22:33:49.096198,21.3,60.4,0
2025-12-10T22:33:51.350344,21.3,60.5,0
2025-12-10T22:33:53.604942,21.3,60.5,0
2025-12-10T22:33:55.859507,21.3,60.5,0
2025-12-10T22:33:58.113902,21.3,60.5,1
2025-12-10T22:34:00.368575,21.3,60.5,0
2025-12-10T22:34:02.623380,21.3,60.5,1
2025-12-10T22:34:04.877996,21.3,60.5,0
2025-12-10T22:34:07.132549,21.3,60.5,0
2025-12-10T22:34:09.387425,21.3,60.5,0
2025-12-10T22:34:11.645278,21.3,60.5,0
2025-12-10T22:34:13.899585,21.3,60.4,1
2025-12-10T22:34:16.154031,21.3,60.4,0
2025-12-10T22:34:18.408733,21.3,60.5,0
2025-12-10T22:34:20.663261,21.3,60.5,0
2025-12-10T22:34:22.918022,21.3,60.4,0
2025-12-10T22:34:25.172589,21.3,60.5,0
2025-12-10T22:34:27.427147,21.3,60.5,0
2025-12-10T22:34:29.681965,21.3,60.5,0
2025-12-10T22:34:31.936589,21.3,60.5,0
2025-12-10T22:34:34.191013,21.3,60.5,0
2025-12-10T22:34:36.445854,21.3,60.5,0
2025-12-10T22:34:38.702041,21.3,60.5,0
2025-12-10T22:34:40.956133,21.3,60.5,0
2025-12-10T22:34:43.210342,21.3,60.5,0
2025-12-10T22:34:45.466596,21.3,60.5,0
2025-12-10T22:34:47.721145,21.3,60.5,0
2025-12-10T22:34:49.975921,21.3,60.5,0
2025-12-10T22:34:52.230385,21.3,60.5,0
2025-12-10T22:34:54.484873,21.3,60.5,0
2025-12-10T22:34:56.739678,21.3,60.5,0
2025-12-10T22:34:58.997184,21.3,60.5,0
2025-12-10T22:35:01.251766,21.3,60.5,0
2025-12-10T22:35:03.506625,21.3,60.5,0
2025-12-10T22:35:05.761240,21.3,60.5,0
2025-12-10T22:35:08.015293,21.3,60.5,0
2025-12-10T22:35:10.269932,21.3,60.5,0
2025-12-10T22:35:12.526690,21.3,60.5,0
2025-12-10T22:35:14.780633,21.3,60.5,0
2025-12-10T22:35:17.035347,21.3,60.5,0
2025-12-10T22:35:19.290007,21.3,60.5,0
2025-12-10T22:35:21.544147,21.3,60.5,0
2025-12-10T22:35:23.798894,21.3,60.5,0
2025-12-10T22:35:26.053471,21.3,60.5,0
2025-12-10T22:35:28.308140,21.3,60.5,0
2025-12-10T22:35:30.562852,21.3,60.5,0
2025-12-10T22:35:32.819148,21.3,60.5,0
2025-12-10T22:35:35.073331,21.3,60.5,0
2025-12-10T22:35:37.328115,21.3,60.5,0
2025-12-10T22:35:39.582506,21.3,60.5,0
2025-12-10T22:35:41.836878,21.3,60.5,0
2025-12-10T22:35:44.091662,21.3,60.5,0
2025-12-10T22:35:46.346109,21.3,60.5,0
2025-12-10T22:35:48.600674,21.3,60.5,0
2025-12-10T22:35:50.855417,21.3,60.5,0
2025-12-10T22:35:53.110000,21.3,60.5,0
2025-12-10T22:35:55.363982,21.3,60.5,0
2025-12-10T22:35:57.618350,21.3,60.5,0
2025-12-10T22:35:59.873193,21.4,60.5,0
2025-12-10T22:36:02.127294,21.4,60.5,0
2025-12-10T22:36:04.382003,21.3,60.5,0
2025-12-10T22:36:06.636607,21.3,60.5,0
2025-12-10T22:36:08.890954,21.3,60.5,0
2025-12-10T22:36:11.145690,21.4,60.6,0
2025-12-10T22:36:13.400454,21.3,60.5,0
2025-12-10T22:36:15.654561,21.3,60.5,0
2025-12-10T22:36:17.908893,21.3,60.5,0
2025-12-10T22:36:20.163541,21.3,60.5,0
2025-12-10T22:36:22.417744,21.3,60.5,0
2025-12-10T22:36:24.671975,21.3,60.5,0
2025-12-10T22:36:26.926476,21.3,60.5,0
2025-12-10T22:36:29.180937,21.3,60.5,0
2025-12-10T22:36:31.435212,21.3,60.5,0
2025-12-10T22:36:33.689249,21.3,60.5,0
2025-12-10T22:36:35.943793,21.3,60.5,0
2025-12-10T22:36:38.198331,21.4,60.5,1
2025-12-10T22:36:40.452639,21.3,60.5,0
2025-12-10T22:36:42.706705,21.3,60.5,0
2025-12-10T22:36:44.960926,21.4,60.5,0
2025-12-10T22:36:47.215406,21.4,60.5,0
2025-12-10T22:36:49.469810,21.3,60.5,0
2025-12-10T22:36:51.724628,21.3,60.5,0
2025-12-10T22:36:53.979263,21.3,60.5,0
2025-12-10T22:36:56.233611,21.3,60.5,0
2025-12-10T22:36:58.487837,21.3,60.5,0
2025-12-10T22:37:00.742083,21.3,60.5,0
2025-12-10T22:37:02.996342,21.3,60.5,0
2025-12-10T22:37:05.250773,21.4,60.5,0
2025-12-10T22:37:07.504856,21.3,60.5,0
2025-12-10T22:37:09.759266,21.4,60.5,0
2025-12-10T22:37:12.013778,21.3,60.5,0
2025-12-10T22:37:14.268024,21.3,60.5,0
2025-12-10T22:37:16.522244,21.3,60.5,0
2025-12-10T22:37:18.776428,21.4,60.5,0
2025-12-10T22:37:21.030894,21.3,60.4,0
2025-12-10T22:37:23.285326,21.3,60.5,0
2025-12-10T22:37:25.539943,21.3,60.5,0
2025-12-10T22:37:27.794366,21.3,60.5,0
2025-12-10T22:37:30.048657,21.3,60.5,0
2025-12-10T22:37:32.303389,21.4,60.5,0
2025-12-10T22:37:34.557909,21.3,60.5,0
2025-12-10T22:37:36.812189,21.3,60.5,0
2025-12-10T22:37:39.066762,21.3,60.5,0
2025-12-10T22:37:41.321251,21.3,60.5,0
2025-12-10T22:37:43.575717,21.3,60.5,0
2025-12-10T22:37:45.830099,21.3,60.5,0
2025-12-10T22:37:48.084500,21.4,60.5,0
2025-12-10T22:37:50.338987,21.4,60.5,0
2025-12-10T22:37:52.593284,21.4,60.5,0
2025-12-10T22:37:54.847843,21.4,60.5,0
2025-12-10T22:37:57.102164,21.4,60.5,0
2025-12-10T22:37:59.356395,21.4,60.5,0
2025-12-10T22:38:01.610771,21.4,60.5,0
2025-12-10T22:38:03.864843,21.4,60.5,0
2025-12-10T22:38:06.119050,21.3,60.5,0
2025-12-10T22:38:08.373370,21.3,60.4,0
2025-12-10T22:38:10.627956,21.4,60.5,0
2025-12-10T22:38:12.882354,21.4,60.5,0
2025-12-10T22:38:15.136649,21.3,60.5,0
2025-12-10T22:38:17.391182,21.3,60.5,0
2025-12-10T22:38:19.645801,21.4,60.5,0
2025-12-10T22:38:21.899832,21.3,60.5,0
2025-12-10T22:38:24.153998,21.3,60.5,0
2025-12-10T22:38:26.408565,21.4,60.5,0
2025-12-10T22:38:28.662952,21.4,60.5,0
2025-12-10T22:38:30.917361,21.3,60.5,0
2025-12-10T22:38:33.171610,21.3,60.5,0
2025-12-10T22:38:35.426158,21.4,60.5,0
2025-12-10T22:38:37.680169,21.4,60.5,0
2025-12-10T22:38:39.934588,21.4,60.5,0
2025-12-10T22:38:42.270242,21.3,60.5,0
2025-12-10T22:38:44.605734,21.3,60.5,0
2025-12-10T22:38:46.941340,21.4,60.5,0
2025-12-10T22:38:49.254502,21.3,60.5,0
2025-12-10T22:38:51.509107,21.3,60.5,0
2025-12-10T22:38:53.763813,21.4,60.5,0
2025-12-10T22:38:56.018198,21.3,60.5,0
2025-12-10T22:38:58.272383,21.4,60.5,0
2025-12-10T22:39:00.526733,21.3,60.5,0
2025-12-10T22:39:02.781295,21.4,60.5,0
2025-12-10T22:39:05.035313,21.3,60.5,0
2025-12-10T22:39:07.290091,21.3,60.5,0
2025-12-10T22:39:09.544441,21.4,60.5,0
2025-12-10T22:39:11.798833,21.3,60.5,0
2025-12-10T22:39:14.053093,21.4,60.5,0
2025-12-10T22:39:16.307740,21.3,60.5,0
2025-12-10T22:39:18.561996,21.3,60.5,0
2025-12-10T22:39:20.816297,21.4,60.5,0
2025-12-10T22:39:23.070409,21.3,60.5,0
2025-12-10T22:39:25.324906,21.3,60.5,0
2025-12-10T22:39:27.579730,21.4,60.5,0
2025-12-10T22:39:29.836402,21.4,60.5,0
2025-12-10T22:39:32.090694,21.3,60.5,0
2025-12-10T22:39:34.345297,21.3,60.5,0
2025-12-10T22:39:36.599950,21.4,60.5,0
2025-12-10T22:39:38.854416,21.4,60.5,0
2025-12-10T22:39:41.108635,21.3,60.5,0
2025-12-10T22:39:43.362764,21.4,60.6,0
2025-12-10T22:39:45.617278,21.4,60.6,0
2025-12-10T22:39:47.872187,21.4,60.6,0
2025-12-10T22:39:50.126620,21.3,60.5,0
2025-12-10T22:39:52.381255,21.3,60.5,0
2025-12-10T22:39:54.636089,21.4,60.5,0
2025-12-10T22:39:56.890545,21.4,60.5,0
2025-12-10T22:39:59.145057,21.4,60.5,0
2025-12-10T22:40:01.399767,21.3,60.5,0
2025-12-10T22:40:03.654402,21.3,60.5,0
2025-12-10T22:40:05.908562,21.4,60.5,0
2025-12-10T22:40:08.163144,21.3,60.5,0
2025-12-10T22:40:10.417845,21.3,60.5,0
2025-12-10T22:40:12.671956,21.4,60.5,0
2025-12-10T22:40:14.926651,21.4,60.5,0
2025-12-10T22:40:17.181021,21.4,60.5,0
2025-12-10T22:40:19.435502,21.3,60.5,0
2025-12-10T22:40:21.689692,21.4,60.6,0
2025-12-10T22:40:23.944367,21.3,60.5,0
2025-12-10T22:40:26.198849,21.3,60.5,0
2025-12-10T22:40:28.453605,21.4,60.6,0
2025-12-10T22:40:30.708247,21.4,60.5,0
2025-12-10T22:40:32.962312,21.4,60.5,0
2025-12-10T22:40:35.216470,21.4,60.5,0
2025-12-10T22:40:37.470987,21.3,60.5,0
2025-12-10T22:40:39.725477,21.3,60.5,0
2025-12-10T22:40:41.979970,21.3,60.5,0
2025-12-10T22:40:44.315709,21.3,60.5,0
2025-12-10T22:40:46.651109,21.3,60.5,0
2025-12-10T22:40:48.962772,21.3,60.5,0
2025-12-10T22:40:51.217376,21.4,60.5,0
2025-12-10T22:40:53.472027,21.4,60.5,0
2025-12-10T22:40:55.726785,21.4,60.5,0
2025-12-10T22:40:57.980982,21.4,60.5,0
2025-12-10T22:41:00.235468,21.3,60.5,0
2025-12-10T22:41:02.489929,21.4,60.5,0
2025-12-10T22:41:04.744512,21.4,60.5,0
2025-12-10T22:41:06.999067,21.3,60.5,0
2025-12-10T22:41:09.253794,21.3,60.5,0
2025-12-10T22:41:11.508320,21.4,60.5,0
2025-12-10T22:41:13.762843,21.4,60.5,0
2025-12-10T22:41:16.017414,21.3,60.5,0
2025-12-10T22:41:18.272021,21.4,60.5,0
2025-12-10T22:41:20.526167,21.3,60.5,0
2025-12-10T22:41:22.780798,21.3,60.5,0
2025-12-10T22:41:25.035344,21.4,60.5,0
2025-12-10T22:41:27.289796,21.4,60.5,0
2025-12-10T22:41:29.544447,21.4,60.5,0
2025-12-10T22:41:31.798990,21.3,60.5,0
2025-12-10T22:41:34.053221,21.3,60.5,0
2025-12-10T22:41:36.307976,21.3,60.5,1
2025-12-10T22:41:38.562441,21.3,60.5,0
2025-12-10T22:41:40.816859,21.4,60.5,0
2025-12-10T22:41:43.071637,21.4,60.6,0
2025-12-10T22:41:45.326109,21.4,60.6,0
2025-12-10T22:41:47.580112,21.4,60.6,0
2025-12-10T22:41:49.834825,21.3,60.5,0
2025-12-10T22:41:52.089233,21.4,60.6,0
2025-12-10T22:41:54.343901,21.4,60.6,0
2025-12-10T22:41:56.598084,21.4,60.6,0
2025-12-10T22:41:58.852503,21.4,60.6,0
2025-12-10T22:42:01.106989,21.4,60.6,0
2025-12-10T22:42:03.361566,21.4,60.6,0
2025-12-10T22:42:05.616181,21.4,60.6,0
2025-12-10T22:42:07.870159,21.4,60.6,0
2025-12-10T22:42:10.124874,21.3,60.5,0
2025-12-10T22:42:12.379482,21.4,60.6,0
2025-12-10T22:42:14.633871,21.3,60.5,0
2025-12-10T22:42:16.888490,21.4,60.6,0
2025-12-10T22:42:19.143063,21.3,60.5,0
2025-12-10T22:42:21.397639,21.4,60.6,0
2025-12-10T22:42:23.652464,21.4,60.6,0
2025-12-10T22:42:25.907029,21.4,60.6,0
2025-12-10T22:42:28.161523,21.4,60.6,0
2025-12-10T22:42:30.416473,21.4,60.6,0
2025-12-10T22:42:32.670792,21.4,60.6,0
2025-12-10T22:42:34.925198,21.4,60.6,0
2025-12-10T22:42:37.179506,21.4,60.5,0
2025-12-10T22:42:39.433719,21.4,60.6,0
2025-12-10T22:42:41.688254,21.4,60.6,0
2025-12-10T22:42:43.942870,21.4,60.5,0
2025-12-10T22:42:46.199273,21.4,60.5,0
2025-12-10T22:42:48.453760,21.3,60.5,0
2025-12-10T22:42:50.708585,21.4,60.5,0
2025-12-10T22:42:52.965118,21.4,60.6,0
2025-12-10T22:42:55.219656,21.4,60.5,0
2025-12-10T22:42:57.474043,21.4,60.6,0
2025-12-10T22:42:59.728593,21.4,60.6,0
2025-12-10T22:43:01.983137,21.4,60.6,0
2025-12-10T22:43:04.237922,21.4,60.6,0
2025-12-10T22:43:06.492410,21.4,60.6,0
2025-12-10T22:43:08.746804,21.4,60.6,0
2025-12-10T22:43:11.001109,21.4,60.6,0
2025-12-10T22:43:13.255730,21.4,60.6,0
2025-12-10T22:43:15.510227,21.4,60.5,0
2025-12-10T22:43:17.764743,21.4,60.5,0
2025-12-10T22:43:20.019298,21.4,60.6,0
2025-12-10T22:43:22.273652,21.4,60.6,0
2025-12-10T22:43:24.528523,21.4,60.6,0
2025-12-10T22:43:26.783039,21.3,60.5,0
2025-12-10T22:43:29.037557,21.4,60.6,0
2025-12-10T22:43:31.292351,21.4,60.5,0
2025-12-10T22:43:33.546513,21.3,60.5,0
2025-12-10T22:43:35.800594,21.3,60.5,0
2025-12-10T22:43:38.054804,21.4,60.6,0
2025-12-10T22:43:40.309307,21.4,60.6,0
2025-12-10T22:43:42.563836,21.4,60.5,0
2025-12-10T22:43:44.818449,21.4,60.6,0
2025-12-10T22:43:47.072861,21.4,60.6,0
2025-12-10T22:43:49.327483,21.4,60.6,0
2025-12-10T22:43:51.581848,21.4,60.6,0
2025-12-10T22:43:53.836025,21.4,60.6,0
2025-12-10T22:43:56.090562,21.4,60.6,0
2025-12-10T22:43:58.345143,21.4,60.6,0
2025-12-10T22:44:00.601678,21.4,60.6,0
2025-12-10T22:44:02.856258,21.4,60.6,0
2025-12-10T22:44:05.110969,21.4,60.6,0
2025-12-10T22:44:07.365389,21.4,60.6,0
2025-12-10T22:44:09.620060,21.4,60.6,0
2025-12-10T22:44:11.874365,21.4,60.6,0
2025-12-10T22:44:14.128831,21.4,60.6,0
2025-12-10T22:44:16.383426,21.4,60.6,0
2025-12-10T22:44:18.638163,21.4,60.6,0
2025-12-10T22:44:20.892418,21.4,60.6,0
2025-12-10T22:44:23.146882,21.4,60.6,0
2025-12-10T22:44:25.401637,21.4,60.6,0
2025-12-10T22:44:27.658270,21.4,60.6,0
2025-12-10T22:44:29.912195,21.4,60.6,0
2025-12-10T22:44:32.166539,21.4,60.6,0
2025-12-10T22:44:34.421219,21.4,60.6,0
2025-12-10T22:44:36.675297,21.4,60.6,0
2025-12-10T22:44:38.929434,21.4,60.6,0
2025-12-10T22:44:41.184084,21.4,60.6,0
2025-12-10T22:44:43.438281,21.4,60.6,0
2025-12-10T22:44:45.692817,21.4,60.5,0
2025-12-10T22:44:47.947406,21.4,60.6,0
2025-12-10T22:44:50.201753,21.4,60.6,0
2025-12-10T22:44:52.456684,21.4,60.6,0
2025-12-10T22:44:54.711354,21.4,60.6,0
2025-12-10T22:44:56.965432,21.4,60.6,0
2025-12-10T22:44:59.220344,21.4,60.6,0
2025-12-10T22:45:01.475034,21.4,60.6,0
2025-12-10T22:45:03.729482,21.4,60.6,0
2025-12-10T22:45:05.984329,21.4,60.6,0
2025-12-10T22:45:08.238978,21.4,60.6,0
2025-12-10T22:45:10.493612,21.4,60.6,0
2025-12-10T22:45:12.748491,21.4,60.6,0
2025-12-10T22:45:15.002923,21.4,60.6,0
2025-12-10T22:45:17.257389,21.4,60.6,0
2025-12-10T22:45:19.512320,21.4,60.6,0
2025-12-10T22:45:21.766883,21.4,60.6,0
2025-12-10T22:45:24.021129,21.4,60.6,0
2025-12-10T22:45:26.275817,21.4,60.6,0
2025-12-10T22:45:28.530343,21.4,60.5,0
2025-12-10T22:45:30.784768,21.4,60.6,0
2025-12-10T22:45:33.038994,21.4,60.6,0
2025-12-10T22:45:35.293684,21.4,60.6,0
2025-12-10T22:45:37.548264,21.4,60.6,1
2025-12-10T22:45:39.802880,21.4,60.6,0
2025-12-10T22:45:42.057301,21.4,60.6,0
2025-12-10T22:45:44.311863,21.4,60.6,0
2025-12-10T22:45:46.566436,21.4,60.6,0
2025-12-10T22:45:48.820965,21.4,60.6,0
2025-12-10T22:45:51.075451,21.4,60.6,0
2025-12-10T22:45:53.329982,21.4,60.6,0
2025-12-10T22:45:55.584194,21.4,60.6,0
2025-12-10T22:45:57.838627,21.4,60.6,0
2025-12-10T22:46:00.092875,21.4,60.6,0
2025-12-10T22:46:02.347469,21.4,60.6,0
2025-12-10T22:46:04.601737,21.4,60.6,0
2025-12-10T22:46:06.856022,21.4,60.6,0
2025-12-10T22:46:09.110527,21.4,60.6,0
2025-12-10T22:46:11.364546,21.4,60.6,0
2025-12-10T22:46:13.619338,21.4,60.6,0
2025-12-10T22:46:15.873842,21.4,60.6,0
2025-12-10T22:46:18.127880,21.4,60.6,0
2025-12-10T22:46:20.382387,21.4,60.6,0
2025-12-10T22:46:22.636942,21.4,60.6,0
2025-12-10T22:46:24.891486,21.4,60.6,0
2025-12-10T22:46:27.146135,21.4,60.6,0
2025-12-10T22:46:29.400814,21.4,60.6,0
2025-12-10T22:46:31.655351,21.4,60.6,0
2025-12-10T22:46:33.909741,21.4,60.6,0
2025-12-10T22:46:36.164262,21.4,60.6,0
2025-12-10T22:46:38.418376,21.4,60.6,0
2025-12-10T22:46:40.673000,21.4,60.6,0
2025-12-10T22:46:42.927512,21.4,60.6,0
2025-12-10T22:46:45.181571,21.4,60.6,0
2025-12-10T22:46:47.436440,21.4,60.6,0
2025-12-10T22:46:49.690997,21.4,60.6,0
2025-12-10T22:46:51.945457,21.4,60.6,0
2025-12-10T22:46:54.200244,21.4,60.6,0
2025-12-10T22:46:56.454713,21.4,60.6,0
2025-12-10T22:46:58.709193,21.4,60.6,0
2025-12-10T22:47:00.963848,21.4,60.6,0
2025-12-10T22:47:03.218289,21.4,60.6,0
2025-12-10T22:47:05.472786,21.4,60.6,0
2025-12-10T22:47:07.727600,21.4,60.6,0
2025-12-10T22:47:09.982139,21.4,60.6,0
2025-12-10T22:47:12.236571,21.4,60.6,0
2025-12-10T22:47:14.490949,21.4,60.6,0
2025-12-10T22:47:16.745488,21.4,60.6,0
2025-12-10T22:47:18.999949,21.4,60.6,0
2025-12-10T22:47:21.254531,21.4,60.6,0
2025-12-10T22:47:23.509105,21.4,60.6,0
2025-12-10T22:47:25.763655,21.4,60.6,0
2025-12-10T22:47:28.018132,21.4,60.6,0
2025-12-10T22:47:30.272619,21.4,60.6,0
2025-12-10T22:47:32.526901,21.4,60.6,0
2025-12-10T22:47:34.781535,21.4,60.6,0
2025-12-10T22:47:37.036130,21.4,60.6,0
2025-12-10T22:47:39.290389,21.4,60.6,0
2025-12-10T22:47:41.545130,21.4,60.6,0
2025-12-10T22:47:43.799814,21.4,60.6,0
2025-12-10T22:47:46.054099,21.4,60.6,0
2025-12-10T22:47:48.308825,21.4,60.6,0
2025-12-10T22:47:50.563356,21.4,60.6,0
2025-12-10T22:47:52.817545,21.4,60.6,0
2025-12-10T22:47:55.072389,21.4,60.6,0
2025-12-10T22:47:57.327056,21.4,60.6,0
2025-12-10T22:47:59.581458,21.4,60.6,0
2025-12-10T22:48:01.836288,21.4,60.6,0
2025-12-10T22:48:04.090399,21.4,60.6,0
2025-12-10T22:48:06.344411,21.4,60.6,0
2025-12-10T22:48:08.599078,21.4,60.6,0
2025-12-10T22:48:10.853591,21.4,60.6,0
2025-12-10T22:48:13.108124,21.4,60.6,0
2025-12-10T22:48:15.362311,21.4,60.6,0
2025-12-10T22:48:17.617994,21.4,60.6,0
2025-12-10T22:48:19.872181,21.4,60.6,0
2025-12-10T22:48:22.126444,21.4,60.6,0
2025-12-10T22:48:24.380980,21.4,60.6,0
2025-12-10T22:48:26.635417,21.4,60.6,0
2025-12-10T22:48:28.890102,21.4,60.6,0
2025-12-10T22:48:31.144598,21.4,60.6,0
2025-12-10T22:48:33.398758,21.4,60.6,0
2025-12-10T22:48:35.653364,21.4,60.6,0
2025-12-10T22:48:37.908025,21.4,60.6,0
2025-12-10T22:48:40.162571,21.4,60.6,0
2025-12-10T22:48:42.417385,21.4,60.7,0
2025-12-10T22:48:44.671998,21.4,60.7,0
2025-12-10T22:48:46.926290,21.4,60.6,0
2025-12-10T22:48:49.180911,,,0
2025-12-10T22:48:51.435488,21.4,60.7,0
2025-12-10T22:48:53.689772,21.4,60.6,0
2025-12-10T22:48:55.944615,21.4,60.6,0
2025-12-10T22:48:58.199189,21.4,60.6,0
2025-12-10T22:49:00.453655,21.4,60.6,0
2025-12-10T22:49:02.707853,21.4,60.6,0
2025-12-10T22:49:04.962457,21.4,60.6,0
2025-12-10T22:49:07.217045,21.4,60.6,1
2025-12-10T22:49:09.471866,21.4,60.6,0
2025-12-10T22:49:11.726311,21.4,60.6,0
2025-12-10T22:49:13.980468,21.4,60.6,0
2025-12-10T22:49:16.235160,21.4,60.6,0
2025-12-10T22:49:18.489694,21.4,60.6,0
2025-12-10T22:49:20.744324,21.4,60.6,0
2025-12-10T22:49:22.999071,21.4,60.6,0
2025-12-10T22:49:25.253595,21.4,60.6,1
2025-12-10T22:49:27.507660,21.4,60.6,0
2025-12-10T22:49:29.762262,21.4,60.6,0
2025-12-10T22:49:32.016750,21.4,60.6,0
2025-12-10T22:49:34.271264,21.4,60.6,0
2025-12-10T22:49:36.525619,21.4,60.6,0
2025-12-10T22:49:38.780271,21.4,60.6,0
2025-12-10T22:49:41.034790,21.4,60.6,0
2025-12-10T22:49:43.289438,21.4,60.6,0
2025-12-10T22:49:45.544138,21.4,60.6,0
2025-12-10T22:49:47.798711,21.4,60.6,0
2025-12-10T22:49:50.053473,21.4,60.6,0
2025-12-10T22:49:52.308169,21.4,60.6,0
2025-12-10T22:49:54.562352,21.4,60.6,0
2025-12-10T22:49:56.816672,21.4,60.6,0
2025-12-10T22:49:59.071147,21.4,60.6,0
2025-12-10T22:50:01.325673,21.4,60.6,0
2025-12-10T22:50:03.580509,21.4,60.6,0
2025-12-10T22:50:05.834995,21.4,60.6,0
2025-12-10T22:50:08.089355,21.4,60.6,0
2025-12-10T22:50:10.344233,21.4,60.6,0
2025-12-10T22:50:12.598569,21.4,60.6,0
2025-12-10T22:50:14.853024,21.4,60.6,0
2025-12-10T22:50:17.107831,21.4,60.6,0
2025-12-10T22:50:19.361902,21.4,60.6,0
2025-12-10T22:50:21.615878,21.4,60.6,0
2025-12-10T22:50:23.870371,21.4,60.6,0
2025-12-10T22:50:26.124723,21.4,60.6,0
2025-12-10T22:50:28.379403,21.4,60.6,0
2025-12-10T22:50:30.633841,21.4,60.6,0
2025-12-10T22:50:32.888087,21.3,60.6,0
2025-12-10T22:50:35.142540,21.4,60.6,0
2025-12-10T22:50:37.397278,21.4,60.6,0
2025-12-10T22:50:39.651935,21.4,60.6,0
2025-12-10T22:50:41.906370,21.4,60.6,0
2025-12-10T22:50:44.161109,21.4,60.6,0
2025-12-10T22:50:46.415581,21.4,60.6,0
2025-12-10T22:50:48.669660,21.4,60.6,0
2025-12-10T22:50:50.924506,21.4,60.6,0
2025-12-10T22:50:53.179052,21.4,60.6,0
2025-12-10T22:50:55.433700,21.4,60.6,0
2025-12-10T22:50:57.688229,21.4,60.6,0
2025-12-10T22:50:59.942801,21.4,60.6,0
2025-12-10T22:51:02.196851,21.4,60.6,0
2025-12-10T22:51:04.451700,21.4,60.6,0
2025-12-10T22:51:06.705909,21.4,60.6,0
2025-12-10T22:51:08.960116,21.4,60.6,0
2025-12-10T22:51:11.214890,21.4,60.6,0
2025-12-10T22:51:13.469151,21.4,60.6,0
2025-12-10T22:51:15.723142,21.4,60.6,0
2025-12-10T22:51:17.977366,21.4,60.7,0
2025-12-10T22:51:20.231601,21.4,60.7,0
2025-12-10T22:51:22.485967,21.4,60.6,0
2025-12-10T22:51:24.740594,21.4,60.7,0
2025-12-10T22:51:26.995030,21.4,60.6,0
2025-12-10T22:51:29.249291,21.4,60.6,0
2025-12-10T22:51:31.504142,21.4,60.6,0
2025-12-10T22:51:33.758735,21.4,60.6,0
2025-12-10T22:51:36.013214,21.4,60.6,0
2025-12-10T22:51:38.267993,21.4,60.7,0
2025-12-10T22:51:40.522649,21.4,60.7,0
2025-12-10T22:51:42.776683,21.4,60.7,0
2025-12-10T22:51:45.031037,21.4,60.7,0
2025-12-10T22:51:47.285676,21.4,60.7,0
2025-12-10T22:51:49.540343,21.4,60.7,0
2025-12-10T22:51:51.794886,21.4,60.7,0
2025-12-10T22:51:54.130498,21.4,60.7,0
2025-12-10T22:51:56.466036,21.4,60.6,0
2025-12-10T22:51:58.720759,21.4,60.7,0
2025-12-10T22:52:00.975236,21.4,60.6,0
2025-12-10T22:52:03.229687,21.4,60.7,0
2025-12-10T22:52:05.484567,21.4,60.7,0
2025-12-10T22:52:07.740954,21.4,60.7,0
2025-12-10T22:52:09.995430,21.4,60.7,0
2025-12-10T22:52:12.250136,21.4,60.7,0
2025-12-10T22:52:14.504766,21.4,60.7,0
2025-12-10T22:52:16.759346,21.4,60.6,0
2025-12-10T22:52:19.013834,21.4,60.7,0
2025-12-10T22:52:21.268468,21.4,60.7,0
2025-12-10T22:52:23.523050,21.4,60.7,0
2025-12-10T22:52:25.777757,21.4,60.6,0
2025-12-10T22:52:28.032386,21.4,60.7,0
2025-12-10T22:52:30.287031,21.4,60.6,0
2025-12-10T22:52:32.541584,21.4,60.7,0
2025-12-10T22:52:34.798065,21.4,60.6,0
2025-12-10T22:52:37.133474,21.4,60.7,0
2025-12-10T22:52:39.469145,21.4,60.7,0
2025-12-10T22:52:41.804742,21.4,60.7,0
2025-12-10T22:52:44.140150,21.4,60.7,0
2025-12-10T22:52:46.475847,21.4,60.6,0
2025-12-10T22:52:48.804400,21.4,60.7,0
2025-12-10T22:52:51.058939,21.4,60.7,0
2025-12-10T22:52:53.313714,21.4,60.7,0
2025-12-10T22:52:55.568381,21.4,60.7,0
2025-12-10T22:52:57.822573,21.4,60.7,0
2025-12-10T22:53:00.077358,21.4,60.6,0
2025-12-10T22:53:02.332088,21.4,60.6,0
2025-12-10T22:53:04.586522,21.4,60.7,0
2025-12-10T22:53:06.841149,21.4,60.6,0
2025-12-10T22:53:09.095770,21.4,60.7,0
2025-12-10T22:53:11.349803,21.4,60.6,0
2025-12-10T22:53:13.604185,21.4,60.6,0
2025-12-10T22:53:15.858577,21.4,60.7,0
2025-12-10T22:53:18.113022,21.4,60.7,0
2025-12-10T22:53:20.367712,21.4,60.7,0
2025-12-10T22:53:22.698097,21.4,60.7,0
2025-12-10T22:53:24.952157,21.4,60.6,0
2025-12-10T22:53:27.206411,21.4,60.7,0
2025-12-10T22:53:29.460975,21.4,60.7,0
2025-12-10T22:53:31.715046,21.4,60.6,0
2025-12-10T22:53:33.969465,21.4,60.6,0
2025-12-10T22:53:36.224147,21.4,60.6,0
2025-12-10T22:53:38.478664,21.4,60.7,0
2025-12-10T22:53:40.733163,21.4,60.6,0
2025-12-10T22:53:42.987805,21.4,60.6,0
2025-12-10T22:53:45.242014,21.4,60.6,0
2025-12-10T22:53:47.496599,21.4,60.6,0
2025-12-10T22:53:49.750852,21.4,60.7,0
2025-12-10T22:53:52.005232,21.4,60.6,0
2025-12-10T22:53:54.259751,21.4,60.7,0
2025-12-10T22:53:56.595512,21.4,60.7,0
2025-12-10T22:53:58.930934,21.4,60.7,0
2025-12-10T22:54:01.266569,21.4,60.7,0
2025-12-10T22:54:03.578642,21.4,60.7,0
2025-12-10T22:54:05.832806,21.4,60.7,0
2025-12-10T22:54:08.087038,21.4,60.6,0
2025-12-10T22:54:10.341750,21.4,60.6,0
2025-12-10T22:54:12.596397,21.4,60.6,0
2025-12-10T22:54:14.851181,21.4,60.7,0
2025-12-10T22:54:17.105624,21.4,60.6,0
2025-12-10T22:54:19.359647,21.4,60.7,0
2025-12-10T22:54:21.614449,21.4,60.7,0
2025-12-10T22:54:23.868945,21.4,60.6,0
2025-12-10T22:54:26.123413,21.4,60.6,0
2025-12-10T22:54:28.378176,21.4,60.6,0
2025-12-10T22:54:30.632748,21.4,60.6,0
2025-12-10T22:54:32.886765,21.4,60.6,0
2025-12-10T22:54:35.141435,21.4,60.7,0
2025-12-10T22:54:37.396219,21.4,60.6,0
2025-12-10T22:54:39.650766,21.4,60.6,0
2025-12-10T22:54:41.905391,21.4,60.6,0
2025-12-10T22:54:44.160141,21.4,60.6,0
2025-12-10T22:54:46.414711,21.4,60.7,0
2025-12-10T22:54:48.669519,21.4,60.6,0
2025-12-10T22:54:50.924148,21.4,60.6,0
2025-12-10T22:54:53.178562,21.4,60.6,0
2025-12-10T22:54:55.433403,21.4,60.7,0
2025-12-10T22:54:57.688141,21.4,60.6,0
2025-12-10T22:54:59.942667,21.4,60.6,0
2025-12-10T22:55:02.197288,21.4,60.6,0
2025-12-10T22:55:04.451874,21.4,60.6,0
2025-12-10T22:55:06.706369,21.4,60.6,0
2025-12-10T22:55:08.960945,21.4,60.7,0
2025-12-10T22:55:11.215517,21.4,60.7,0
2025-12-10T22:55:13.469974,21.4,60.6,0
2025-12-10T22:55:15.724718,21.4,60.7,0
2025-12-10T22:55:17.979262,21.4,60.7,0
2025-12-10T22:55:20.233669,21.4,60.7,0
2025-12-10T22:55:22.488153,21.4,60.7,1
2025-12-10T22:55:24.742728,21.4,60.7,0
2025-12-10T22:55:26.997236,21.4,60.7,0
2025-12-10T22:55:29.251908,21.4,60.7,0
2025-12-10T22:55:31.506572,21.4,60.7,0
2025-12-10T22:55:33.760864,21.4,60.6,0
2025-12-10T22:55:36.015542,21.4,60.6,1
2025-12-10T22:55:38.272159,21.4,60.7,0
2025-12-10T22:55:40.526747,21.4,60.6,0
2025-12-10T22:55:42.780938,21.4,60.6,0
2025-12-10T22:55:45.035406,21.4,60.6,0
2025-12-10T22:55:47.289732,21.4,60.6,0
2025-12-10T22:55:49.544092,21.4,60.6,0
2025-12-10T22:55:51.798674,21.4,60.6,0
2025-12-10T22:55:54.053284,21.4,60.6,0
2025-12-10T22:55:56.308113,21.4,60.7,0
2025-12-10T22:55:58.562660,21.4,60.6,0
2025-12-10T22:56:00.817133,21.4,60.7,0
2025-12-10T22:56:03.071809,21.4,60.6,0
2025-12-10T22:56:05.326428,21.4,60.7,0
2025-12-10T22:56:07.580865,21.4,60.6,0
2025-12-10T22:56:09.835571,21.4,60.7,0
2025-12-10T22:56:12.090083,21.4,60.7,0
2025-12-10T22:56:14.344724,21.4,60.7,0
2025-12-10T22:56:16.599458,21.4,60.7,0
2025-12-10T22:56:18.853988,21.4,60.7,0
2025-12-10T22:56:21.108477,21.4,60.7,0
2025-12-10T22:56:23.362693,21.4,60.7,1
2025-12-10T22:56:25.617306,21.4,60.7,0
2025-12-10T22:56:27.871775,21.4,60.7,0
2025-12-10T22:56:30.126417,21.4,60.7,0
2025-12-10T22:56:32.381058,21.4,60.7,0
2025-12-10T22:56:34.635664,21.4,60.7,0
2025-12-10T22:56:36.890385,21.4,60.7,0
2025-12-10T22:56:39.144516,21.4,60.7,0
2025-12-10T22:56:41.398826,21.4,60.7,0
2025-12-10T22:56:43.653340,21.4,60.7,0
2025-12-10T22:56:45.907921,21.4,60.7,0
2025-12-10T22:56:48.162222,21.4,60.7,0
2025-12-10T22:56:50.416502,21.4,60.7,0
2025-12-10T22:56:52.672270,21.4,60.7,0
2025-12-10T22:56:54.926864,21.4,60.7,0
2025-12-10T22:56:57.181508,21.4,60.7,0
2025-12-10T22:56:59.436168,21.4,60.7,0
2025-12-10T22:57:01.690667,21.4,60.7,0
2025-12-10T22:57:03.945330,21.4,60.7,0
2025-12-10T22:57:06.199883,21.4,60.6,0
2025-12-10T22:57:08.454001,21.4,60.6,0
2025-12-10T22:57:10.708558,21.4,60.6,0
2025-12-10T22:57:12.962911,21.4,60.6,1
2025-12-10T22:57:15.217383,21.4,60.6,0
2025-12-10T22:57:17.471958,21.4,60.6,0
2025-12-10T22:57:19.726469,21.4,60.6,1
2025-12-10T22:57:21.980849,21.4,60.6,0
2025-12-10T22:57:24.235506,21.4,60.6,0
2025-12-10T22:57:26.489977,21.4,60.6,0
2025-12-10T22:57:28.744306,21.4,60.6,0
2025-12-10T22:57:30.998936,21.4,60.6,0
2025-12-10T22:57:33.253547,21.4,60.6,0
2025-12-10T22:57:35.507662,21.4,60.6,0
2025-12-10T22:57:37.762045,21.4,60.6,0
2025-12-10T22:57:40.016446,21.4,60.6,0
2025-12-10T22:57:42.270865,21.4,60.6,0
2025-12-10T22:57:44.525276,21.4,60.6,0
2025-12-10T22:57:46.779827,21.4,60.6,0
2025-12-10T22:57:49.034315,21.4,60.6,1
2025-12-10T22:57:51.289072,21.4,60.6,0
2025-12-10T22:57:53.543612,21.4,60.6,0
2025-12-10T22:57:55.798027,21.4,60.6,0
2025-12-10T22:57:58.052662,21.4,60.6,0
2025-12-10T22:58:00.306920,21.4,60.6,0
2025-12-10T22:58:02.561195,21.4,60.6,0
2025-12-10T22:58:04.815894,21.4,60.6,0
2025-12-10T22:58:07.070512,21.4,60.6,0
2025-12-10T22:58:09.325081,21.4,60.6,0
2025-12-10T22:58:11.579421,21.4,60.6,0
2025-12-10T22:58:13.833928,21.4,60.6,0
2025-12-10T22:58:16.087953,21.4,60.6,0
2025-12-10T22:58:18.342707,21.4,60.6,0
2025-12-10T22:58:20.596993,21.4,60.6,0
2025-12-10T22:58:22.851448,21.4,60.6,0
2025-12-10T22:58:25.106079,21.4,60.6,0
2025-12-10T22:58:27.360218,21.4,60.6,0
2025-12-10T22:58:29.614266,21.4,60.6,0
2025-12-10T22:58:31.868557,21.4,60.6,0
2025-12-10T22:58:34.122643,21.4,60.6,0
2025-12-10T22:58:36.377203,21.4,60.6,0
2025-12-10T22:58:38.631818,21.4,60.6,0
2025-12-10T22:58:40.888378,21.4,60.6,0
2025-12-10T22:58:43.142482,21.4,60.6,0
2025-12-10T22:58:45.397219,21.4,60.6,0
2025-12-10T22:58:47.651760,21.4,60.6,0
2025-12-10T22:58:49.906225,21.4,60.6,0
2025-12-10T22:58:52.160868,21.4,60.6,0
2025-12-10T22:58:54.415262,21.4,60.6,0
2025-12-10T22:58:56.669459,21.4,60.6,0
2025-12-10T22:58:58.924217,21.4,60.6,0
2025-12-10T22:59:01.178830,21.4,60.6,0
2025-12-10T22:59:03.433382,21.4,60.6,0
2025-12-10T22:59:05.688145,21.4,60.6,0
2025-12-10T22:59:07.942659,21.4,60.6,0
2025-12-10T22:59:10.197170,21.4,60.6,0
2025-12-10T22:59:12.451970,21.4,60.6,0
2025-12-10T22:59:14.706145,21.4,60.6,0
2025-12-10T22:59:16.960601,21.4,60.6,0
2025-12-10T22:59:19.215237,21.4,60.6,0
2025-12-10T22:59:21.469907,21.4,60.6,0
2025-12-10T22:59:23.723861,21.4,60.6,0
2025-12-10T22:59:25.978601,21.4,60.6,0
2025-12-10T22:59:28.233127,21.4,60.6,0
2025-12-10T22:59:30.487822,21.4,60.5,0
2025-12-10T22:59:32.742362,21.4,60.6,0
2025-12-10T22:59:34.996938,21.4,60.5,0
2025-12-10T22:59:37.251291,21.4,60.6,0
2025-12-10T22:59:39.506074,21.4,60.6,0
2025-12-10T22:59:41.760469,21.4,60.6,0
2025-12-10T22:59:44.014970,21.4,60.6,0
2025-12-10T22:59:46.269749,21.4,60.6,0
2025-12-10T22:59:48.524051,21.4,60.6,0
2025-12-10T22:59:50.778536,21.4,60.6,0
2025-12-10T22:59:53.033061,21.4,60.6,0
2025-12-10T22:59:55.287760,21.4,60.6,0
2025-12-10T22:59:57.542238,21.4,60.6,0
2025-12-10T22:59:59.796473,21.4,60.6,1
2025-12-10T23:00:02.051027,21.4,60.6,0
2025-12-10T23:00:04.305629,21.4,60.6,0
2025-12-10T23:00:06.560489,21.4,60.6,0
2025-12-10T23:00:08.815102,21.4,60.6,0
2025-12-10T23:00:11.069605,21.4,60.6,0
2025-12-10T23:00:13.324562,21.4,60.6,0
2025-12-10T23:00:15.580998,21.4,60.6,0
2025-12-10T23:00:17.835058,21.4,60.6,0
2025-12-10T23:00:20.089734,21.4,60.6,0
2025-12-10T23:00:22.344494,21.4,60.6,0
2025-12-10T23:00:24.599048,21.4,60.6,0
2025-12-10T23:00:26.853749,21.4,60.6,0
2025-12-10T23:00:29.108024,21.4,60.6,0
2025-12-10T23:00:31.362350,21.4,60.6,0
2025-12-10T23:00:33.616637,21.4,60.6,0
2025-12-10T23:00:35.871242,21.4,60.6,0
2025-12-10T23:00:38.125462,21.4,60.6,0
2025-12-10T23:00:40.380398,21.4,60.6,0
2025-12-10T23:00:42.635045,21.4,60.6,0
2025-12-10T23:00:44.889388,21.4,60.6,0
2025-12-10T23:00:47.144164,21.4,60.6,0
2025-12-10T23:00:49.398863,21.4,60.6,0
2025-12-10T23:00:51.653014,21.4,60.6,0
2025-12-10T23:00:53.907749,21.4,60.6,0
2025-12-10T23:00:56.162247,21.4,60.6,0
2025-12-10T23:00:58.416607,21.4,60.6,0
2025-12-10T23:01:00.671270,21.4,60.6,0
2025-12-10T23:01:02.925675,21.4,60.6,0
2025-12-10T23:01:05.179663,21.4,60.6,0
2025-12-10T23:01:07.434363,21.4,60.6,0
2025-12-10T23:01:09.688278,21.4,60.5,0
2025-12-10T23:01:11.942671,21.4,60.5,0
2025-12-10T23:01:14.197307,21.4,60.5,0
2025-12-10T23:01:16.451541,21.4,60.5,0
2025-12-10T23:01:18.705785,21.4,60.5,0
2025-12-10T23:01:20.960603,21.4,60.5,0
2025-12-10T23:01:23.215247,21.4,60.5,0
2025-12-10T23:01:25.469616,21.4,60.5,1
2025-12-10T23:01:27.724477,21.4,60.5,0
2025-12-10T23:01:29.979068,21.4,60.5,0
2025-12-10T23:01:32.233245,21.4,60.5,0
2025-12-10T23:01:34.487634,21.4,60.5,0
2025-12-10T23:01:36.742064,21.4,60.5,0
2025-12-10T23:01:38.996596,21.4,60.5,0
2025-12-10T23:01:41.251282,21.4,60.5,0
2025-12-10T23:01:43.505988,21.4,60.5,0
2025-12-10T23:01:45.760572,21.4,60.5,0
2025-12-10T23:01:48.014834,21.4,60.5,0
2025-12-10T23:01:50.269419,21.4,60.5,0
2025-12-10T23:01:52.523716,21.4,60.5,1
2025-12-10T23:01:54.778488,21.4,60.5,0
2025-12-10T23:01:57.032982,21.4,60.5,0
2025-12-10T23:01:59.287434,21.4,60.5,0
2025-12-10T23:02:01.623063,21.4,60.5,0
2025-12-10T23:02:03.934476,21.4,60.5,0
2025-12-10T23:02:06.189005,21.4,60.5,1
2025-12-10T23:02:08.443896,21.4,60.5,0
2025-12-10T23:02:10.698512,21.4,60.5,0
2025-12-10T23:02:12.953038,21.4,60.5,0
2025-12-10T23:02:15.207325,21.4,60.5,0
2025-12-10T23:02:17.462021,21.4,60.5,0
2025-12-10T23:02:19.716226,21.4,60.5,0
2025-12-10T23:02:21.970983,21.4,60.5,0
2025-12-10T23:02:24.225204,21.4,60.5,0
2025-12-10T23:02:26.479811,21.4,60.5,0
2025-12-10T23:02:28.734533,21.4,60.5,0
2025-12-10T23:02:30.988985,21.4,60.5,0
2025-12-10T23:02:33.242942,21.4,60.5,0
2025-12-10T23:02:35.497778,21.4,60.5,0
2025-12-10T23:02:37.752459,21.4,60.4,0
2025-12-10T23:02:40.006905,21.4,60.5,0
2025-12-10T23:02:42.261509,21.4,60.5,0
2025-12-10T23:02:44.516264,21.4,60.5,0
2025-12-10T23:02:46.770297,21.4,60.5,0
2025-12-10T23:02:49.024536,21.4,60.5,0
2025-12-10T23:02:51.280070,21.4,60.5,0
2025-12-10T23:02:53.615487,21.4,60.4,0
2025-12-10T23:02:55.951090,21.4,60.5,0
2025-12-10T23:02:58.286788,21.4,60.5,0
2025-12-10T23:03:00.622226,21.4,60.5,0
2025-12-10T23:03:02.957795,21.4,60.5,0
2025-12-10T23:03:05.293432,21.4,60.5,0
2025-12-10T23:03:07.586527,21.4,60.4,0
2025-12-10T23:03:09.840894,21.4,60.4,0
2025-12-10T23:03:12.095424,21.4,60.4,0
2025-12-10T23:03:14.350852,21.4,60.4,0
2025-12-10T23:03:16.605130,21.4,60.4,0
2025-12-10T23:03:18.859711,21.4,60.4,0
2025-12-10T23:03:21.114201,21.4,60.4,0
2025-12-10T23:03:23.369076,21.4,60.4,0
2025-12-10T23:03:25.623680,21.4,60.4,0
2025-12-10T23:03:27.877645,21.4,60.4,0
2025-12-10T23:03:30.131861,21.4,60.4,0
2025-12-10T23:03:32.386020,21.4,60.4,0
2025-12-10T23:03:34.640111,21.4,60.4,0
2025-12-10T23:03:36.894530,21.4,60.4,0
2025-12-10T23:03:39.148585,21.4,60.5,0
2025-12-10T23:03:41.402576,21.4,60.4,0
2025-12-10T23:03:43.656749,21.4,60.5,0
2025-12-10T23:03:45.911235,21.4,60.5,0
2025-12-10T23:03:48.165287,21.4,60.4,0
2025-12-10T23:03:50.419643,21.4,60.4,0
2025-12-10T23:03:52.673690,21.4,60.4,0
2025-12-10T23:03:54.928281,21.4,60.4,0
2025-12-10T23:03:57.182940,21.4,60.4,0
2025-12-10T23:03:59.437530,21.4,60.4,0
2025-12-10T23:04:01.692203,21.4,60.5,0
2025-12-10T23:04:03.946845,21.4,60.4,0
2025-12-10T23:04:06.201068,21.4,60.4,0
2025-12-10T23:04:08.455562,21.4,60.4,0
2025-12-10T23:04:10.709759,21.4,60.4,0
2025-12-10T23:04:12.963774,21.4,60.4,0
2025-12-10T23:04:15.217787,21.4,60.4,0
2025-12-10T23:04:17.472342,21.4,60.4,0
2025-12-10T23:04:19.726773,21.4,60.4,0
2025-12-10T23:04:21.981026,21.4,60.4,0
2025-12-10T23:04:24.235704,21.4,60.4,0
2025-12-10T23:04:26.490047,21.4,60.4,0
2025-12-10T23:04:28.744009,21.4,60.4,0
2025-12-10T23:04:30.998697,21.4,60.3,0
2025-12-10T23:04:33.253143,21.4,60.3,0
2025-12-10T23:04:35.507792,21.4,60.3,0
2025-12-10T23:04:37.762135,21.4,60.3,0
2025-12-10T23:04:40.016142,21.4,60.3,0
2025-12-10T23:04:42.270552,21.4,60.2,0
2025-12-10T23:04:44.525135,21.4,60.2,0
2025-12-10T23:04:46.860813,21.4,60.2,0
2025-12-10T23:04:49.196245,21.4,60.2,0
2025-12-10T23:04:51.531932,21.4,60.2,0
2025-12-10T23:04:53.869748,21.4,60.3,0
2025-12-10T23:04:56.205141,21.4,60.3,0
2025-12-10T23:04:58.490602,21.4,60.3,0
2025-12-10T23:05:00.745236,21.4,60.3,0
2025-12-10T23:05:02.999794,21.4,60.3,0
2025-12-10T23:05:05.254431,21.4,60.3,0
2025-12-10T23:05:07.508678,21.4,60.3,0
2025-12-10T23:05:09.762795,21.4,60.3,0
2025-12-10T23:05:12.017074,21.4,60.3,0
2025-12-10T23:05:14.271658,21.4,60.3,0
2025-12-10T23:05:16.526074,21.4,60.3,0
2025-12-10T23:05:18.780869,21.4,60.3,0
2025-12-10T23:05:21.037348,21.4,60.3,0
2025-12-10T23:05:23.291769,21.4,60.3,0
2025-12-10T23:05:25.546401,21.4,60.3,0
2025-12-10T23:05:27.800961,21.4,60.3,0
2025-12-10T23:05:30.055567,21.4,60.3,0
2025-12-10T23:05:32.310432,21.4,60.3,0
2025-12-10T23:05:34.564568,21.4,60.3,0
2025-12-10T23:05:36.818627,21.4,60.3,0
2025-12-10T23:05:39.072907,21.4,60.3,0
2025-12-10T23:05:41.327534,21.4,60.3,0
2025-12-10T23:05:43.581835,21.4,60.3,0
2025-12-10T23:05:45.836719,21.4,60.3,0
2025-12-10T23:05:48.091388,21.4,60.3,0
2025-12-10T23:05:50.346146,21.4,60.3,0
2025-12-10T23:05:52.606687,21.4,60.3,0
2025-12-10T23:05:54.860821,21.4,60.3,0
2025-12-10T23:05:57.114916,21.4,60.3,0
2025-12-10T23:05:59.369460,21.4,60.3,0
2025-12-10T23:06:01.624100,21.4,60.3,0
2025-12-10T23:06:03.878518,21.4,60.3,0
2025-12-10T23:06:06.133031,21.4,60.3,0
2025-12-10T23:06:08.387663,21.4,60.3,0
2025-12-10T23:06:10.641708,21.4,60.3,0
2025-12-10T23:06:12.896542,21.4,60.2,0
2025-12-10T23:06:15.151210,21.4,60.2,0
2025-12-10T23:06:17.405804,21.4,60.3,0
2025-12-10T23:06:19.660589,21.4,60.2,0
2025-12-10T23:06:21.915142,21.4,60.2,0
2025-12-10T23:06:24.169642,21.4,60.2,0
2025-12-10T23:06:26.424006,21.4,60.2,0
2025-12-10T23:06:28.680352,21.4,60.3,0
2025-12-10T23:06:30.934792,21.4,60.3,0
2025-12-10T23:06:33.189523,21.4,60.3,0
2025-12-10T23:06:35.444307,21.4,60.3,0
2025-12-10T23:06:37.698640,21.4,60.3,0
2025-12-10T23:06:39.953076,21.4,60.2,0
2025-12-10T23:06:42.207767,21.4,60.2,0
2025-12-10T23:06:44.462553,21.4,60.2,0
2025-12-10T23:06:46.716765,21.4,60.2,0
2025-12-10T23:06:48.971336,21.4,60.2,0
2025-12-10T23:06:51.225509,21.4,60.2,0
2025-12-10T23:06:53.480419,21.4,60.2,0
2025-12-10T23:06:55.734937,21.4,60.2,0
2025-12-10T23:06:57.989295,21.4,60.2,0
2025-12-10T23:07:00.243967,21.4,60.2,0
2025-12-10T23:07:02.498437,21.4,60.2,0
2025-12-10T23:07:04.752462,21.4,60.2,0
2025-12-10T23:07:07.007170,21.4,60.2,0
2025-12-10T23:07:09.261788,21.4,60.2,0
2025-12-10T23:07:11.516516,21.4,60.2,0
2025-12-10T23:07:13.771185,21.4,60.2,0
2025-12-10T23:07:16.025606,21.4,60.3,0
2025-12-10T23:07:18.280090,21.4,60.2,0
2025-12-10T23:07:20.534853,21.4,60.2,0
2025-12-10T23:07:22.789211,21.4,60.2,0
2025-12-10T23:07:25.043865,21.4,60.2,0
2025-12-10T23:07:27.298706,21.4,60.2,0
2025-12-10T23:07:29.553329,21.4,60.2,0
2025-12-10T23:07:31.807460,21.4,60.2,0
2025-12-10T23:07:34.061764,21.4,60.2,0
2025-12-10T23:07:36.316095,21.4,60.2,0
2025-12-10T23:07:38.570662,21.4,60.2,0
2025-12-10T23:07:40.824935,21.4,60.2,0
2025-12-10T23:07:43.079510,21.4,60.2,0
2025-12-10T23:07:45.334054,21.4,60.2,0
2025-12-10T23:07:47.588385,21.4,60.2,1
2025-12-10T23:07:49.842903,21.4,60.2,0
2025-12-10T23:07:52.096943,21.4,60.2,0
2025-12-10T23:07:54.351695,21.4,60.2,0
2025-12-10T23:07:56.606268,21.4,60.2,0
2025-12-10T23:07:58.860600,21.4,60.2,0
2025-12-10T23:08:01.115368,21.4,60.2,0
2025-12-10T23:08:03.370067,21.4,60.2,0
2025-12-10T23:08:05.624580,21.4,60.2,0
2025-12-10T23:08:07.879342,21.4,60.2,0
2025-12-10T23:08:10.134003,21.4,60.2,0
2025-12-10T23:08:12.388602,21.4,60.2,0
2025-12-10T23:08:14.643313,21.4,60.2,0
2025-12-10T23:08:16.897733,21.4,60.2,0
2025-12-10T23:08:19.152428,21.4,60.2,0
2025-12-10T23:08:21.406865,,,0
2025-12-10T23:08:23.661466,21.4,60.2,0
2025-12-10T23:08:25.916108,21.4,60.2,1
2025-12-10T23:08:28.170879,21.4,60.2,0
2025-12-10T23:08:30.425249,21.4,60.2,0
2025-12-10T23:08:32.679862,21.4,60.2,0
2025-12-10T23:08:34.934179,21.4,60.2,0
2025-12-10T23:08:37.188843,21.4,60.2,0
2025-12-10T23:08:39.443577,21.4,60.2,0
2025-12-10T23:08:41.698221,21.4,60.2,0
2025-12-10T23:08:43.952418,21.4,60.2,0
2025-12-10T23:08:46.207056,21.4,60.2,0
2025-12-10T23:08:48.461499,21.4,60.2,0
2025-12-10T23:08:50.716205,21.4,60.2,0
2025-12-10T23:08:52.970671,21.4,60.1,0
2025-12-10T23:08:55.225409,21.4,60.2,0
2025-12-10T23:08:57.480192,21.4,60.2,0
2025-12-10T23:08:59.734771,21.4,60.1,0
2025-12-10T23:09:01.989551,21.4,60.1,0
2025-12-10T23:09:04.244245,21.4,60.1,0
2025-12-10T23:09:06.498954,21.4,60.1,0
2025-12-10T23:09:08.753703,21.4,60.1,0
2025-12-10T23:09:11.008302,21.4,60.1,1
2025-12-10T23:09:13.262916,21.4,60.1,0
2025-12-10T23:09:15.517739,21.4,60.1,1
2025-12-10T23:09:17.772470,21.4,60.1,0
2025-12-10T23:09:20.027041,21.4,60.1,0
2025-12-10T23:09:22.282222,21.4,60.1,1
2025-12-10T23:09:24.538685,21.4,60.1,0
2025-12-10T23:09:26.793272,21.4,60.1,0
2025-12-10T23:09:29.048022,21.4,60.1,0
2025-12-10T23:09:31.302790,21.4,60.1,0
2025-12-10T23:09:33.557195,21.4,60.0,0
2025-12-10T23:09:35.811978,21.4,60.0,0
2025-12-10T23:09:38.066646,21.4,60.0,0
2025-12-10T23:09:40.321191,21.4,60.0,0
2025-12-10T23:09:42.575910,21.4,60.0,0
2025-12-10T23:09:44.830524,21.4,60.0,0
2025-12-10T23:09:47.084538,21.4,60.0,0
2025-12-10T23:09:49.339310,21.4,60.0,0
2025-12-10T23:09:51.593934,21.4,60.0,0
2025-12-10T23:09:53.848515,21.4,60.0,0
2025-12-10T23:09:56.103238,21.4,60.0,0
2025-12-10T23:09:58.357751,21.4,60.0,0
2025-12-10T23:10:00.612413,21.4,60.0,0
2025-12-10T23:10:02.866752,21.4,60.0,0
2025-12-10T23:10:05.121087,21.4,60.0,0
2025-12-10T23:10:07.375571,21.4,60.0,0
2025-12-10T23:10:09.630319,21.4,60.0,0
2025-12-10T23:10:11.884928,21.4,60.0,0
2025-12-10T23:10:14.139480,21.4,60.0,0
2025-12-10T23:10:16.393980,21.4,60.0,0
2025-12-10T23:10:18.648661,21.4,60.0,0
2025-12-10T23:10:20.903264,21.4,60.0,0
2025-12-10T23:10:23.157846,21.4,60.0,0
2025-12-10T23:10:25.412354,21.4,60.0,0
2025-12-10T23:10:27.666538,21.4,60.0,0
2025-12-10T23:10:29.921214,21.4,60.0,0
2025-12-10T23:10:32.175862,21.4,60.0,0
2025-12-10T23:10:34.430023,21.4,60.0,0
2025-12-10T23:10:36.684765,21.4,60.0,1
2025-12-10T23:10:38.939431,21.4,60.0,0
2025-12-10T23:10:41.193562,21.4,60.0,0
2025-12-10T23:10:43.448115,21.4,60.0,0
2025-12-10T23:10:45.702826,21.4,60.0,0
2025-12-10T23:10:47.957247,21.4,60.0,1
2025-12-10T23:10:50.212107,21.4,60.0,0
2025-12-10T23:10:52.466833,21.4,60.0,1
2025-12-10T23:10:54.720970,21.4,60.0,0
2025-12-10T23:10:56.975708,21.4,60.0,0
2025-12-10T23:10:59.230221,21.4,60.0,0
2025-12-10T23:11:01.484935,21.4,60.0,0
2025-12-10T23:11:03.739772,21.4,60.0,0
2025-12-10T23:11:05.994359,21.4,60.0,0
2025-12-10T23:11:08.248821,21.4,60.0,0
2025-12-10T23:11:10.503672,21.4,60.0,0
2025-12-10T23:11:12.758253,21.4,60.0,0
2025-12-10T23:11:15.012625,21.4,60.0,0
2025-12-10T23:11:17.267010,21.4,60.0,0
2025-12-10T23:11:19.521348,21.4,60.0,0
2025-12-10T23:11:21.775977,21.4,60.0,0
2025-12-10T23:11:24.030781,21.4,60.0,0
2025-12-10T23:11:26.285225,21.4,60.0,0
2025-12-10T23:11:28.539635,21.4,60.0,0
2025-12-10T23:11:30.794158,21.4,60.0,0
2025-12-10T23:11:33.048788,21.4,60.0,0
2025-12-10T23:11:35.302824,21.4,60.0,0
2025-12-10T23:11:37.557286,21.4,60.0,0
2025-12-10T23:11:39.811934,21.4,60.0,0
2025-12-10T23:11:42.066341,21.4,60.0,0
2025-12-10T23:11:44.321110,21.4,60.0,0
2025-12-10T23:11:46.575809,21.4,60.0,0
2025-12-10T23:11:48.830166,21.4,60.0,0
2025-12-10T23:11:51.084450,21.4,60.0,0
2025-12-10T23:11:53.339046,21.4,60.0,0
2025-12-10T23:11:55.593572,21.4,60.0,0
2025-12-10T23:11:57.848396,21.4,60.0,0
2025-12-10T23:12:00.102809,21.4,60.0,0
2025-12-10T23:12:02.357509,21.4,60.0,0
2025-12-10T23:12:04.693123,,,0
2025-12-10T23:12:06.970644,21.4,60.0,0
2025-12-10T23:12:09.224820,21.4,60.0,0
2025-12-10T23:12:11.479565,21.4,60.0,0
2025-12-10T23:12:13.733824,21.4,60.0,0
2025-12-10T23:12:15.988416,21.4,60.0,0
2025-12-10T23:12:18.243089,21.4,60.0,0
2025-12-10T23:12:20.497399,21.4,60.0,0
2025-12-10T23:12:22.751678,21.4,60.0,0
2025-12-10T23:12:25.006313,21.4,60.0,1
2025-12-10T23:12:27.260879,21.4,60.0,0
2025-12-10T23:12:29.514984,21.4,60.0,0
2025-12-10T23:12:31.769447,21.4,60.0,0
2025-12-10T23:12:34.024093,21.4,60.0,0
2025-12-10T23:12:36.279482,21.4,60.0,0
2025-12-10T23:12:38.533998,21.4,60.0,0
2025-12-10T23:12:40.788322,21.4,60.0,0
2025-12-10T23:12:43.042847,21.4,60.0,1
2025-12-10T23:12:45.297464,21.4,60.0,0
2025-12-10T23:12:47.553357,21.4,60.0,0
2025-12-10T23:12:49.807812,21.4,60.0,0
2025-12-10T23:12:52.062273,21.4,60.0,0
2025-12-10T23:12:54.317005,21.4,60.0,0
2025-12-10T23:12:56.571269,21.4,60.0,0
2025-12-10T23:12:58.825623,21.4,60.0,0
2025-12-10T23:13:01.080225,21.4,60.0,0
2025-12-10T23:13:03.334660,21.4,60.0,0
2025-12-10T23:13:05.588924,21.4,60.0,0
2025-12-10T23:13:07.843490,21.4,60.0,0
2025-12-10T23:13:10.097880,21.4,60.0,0
2025-12-10T23:13:12.352123,21.4,60.0,0
2025-12-10T23:13:14.606469,21.4,60.0,0
2025-12-10T23:13:16.860520,21.4,60.0,0
2025-12-10T23:13:19.115207,21.4,60.0,0
2025-12-10T23:13:21.369750,21.4,60.0,0
2025-12-10T23:13:23.624264,21.4,60.0,0
2025-12-10T23:13:25.878910,21.4,60.0,0
2025-12-10T23:13:28.133389,21.4,60.0,0
2025-12-10T23:13:30.387886,21.4,60.0,0
2025-12-10T23:13:32.642091,21.4,60.0,0
2025-12-10T23:13:34.896337,21.4,60.0,0
2025-12-10T23:13:37.150837,21.4,60.0,0
2025-12-10T23:13:39.405175,21.4,60.0,0
2025-12-10T23:13:41.659721,21.4,60.0,0
2025-12-10T23:13:43.913741,21.4,60.0,0
2025-12-10T23:13:46.167898,21.4,60.0,0
2025-12-10T23:13:48.422250,21.4,60.0,0
2025-12-10T23:13:50.676351,21.4,60.0,0
2025-12-10T23:13:52.931049,21.4,60.0,0
2025-12-10T23:13:55.185494,21.4,60.0,0
2025-12-10T23:13:57.440181,21.4,60.0,0
2025-12-10T23:13:59.694747,21.4,60.0,0
2025-12-10T23:14:01.948829,21.4,60.0,0
2025-12-10T23:14:04.203323,21.4,60.0,0
2025-12-10T23:14:06.457784,21.4,60.0,0
2025-12-10T23:14:08.712354,21.4,60.0,0
2025-12-10T23:14:10.966350,21.4,60.0,0
2025-12-10T23:14:13.220600,21.4,60.0,0
2025-12-10T23:14:15.474952,21.4,60.0,0
2025-12-10T23:14:17.728894,21.4,60.0,1
2025-12-10T23:14:19.983550,21.4,60.0,0
2025-12-10T23:14:22.238023,21.4,60.0,0
2025-12-10T23:14:24.492156,21.4,60.0,0
2025-12-10T23:14:26.746273,21.4,60.0,0
2025-12-10T23:14:29.000611,21.4,60.0,0
2025-12-10T23:14:31.254761,21.4,59.9,0
2025-12-10T23:14:33.509444,21.4,59.9,0
2025-12-10T23:14:35.764115,21.4,59.9,0
2025-12-10T23:14:38.018357,21.4,59.9,0
2025-12-10T23:14:40.272886,21.4,59.9,0
2025-12-10T23:14:42.527510,21.4,59.9,0
2025-12-10T23:14:44.781429,21.4,59.9,0
2025-12-10T23:14:47.036023,21.4,59.9,0
2025-12-10T23:14:49.290593,21.4,59.9,0
2025-12-10T23:14:51.544764,21.4,60.0,0
2025-12-10T23:14:53.799335,21.4,60.0,0
2025-12-10T23:14:56.053619,21.4,60.0,0
2025-12-10T23:14:58.307692,21.4,60.0,0
2025-12-10T23:15:00.562077,21.4,60.0,1
2025-12-10T23:15:02.816466,21.4,60.0,0
2025-12-10T23:15:05.070980,21.5,60.0,0
2025-12-10T23:15:07.325690,21.4,60.0,0
2025-12-10T23:15:09.580445,21.4,60.0,0
2025-12-10T23:15:11.834875,21.4,60.0,0
2025-12-10T23:15:14.089216,21.4,60.0,0
2025-12-10T23:15:16.343386,21.4,60.0,0
2025-12-10T23:15:18.597752,21.4,60.0,0
2025-12-10T23:15:20.852563,21.4,60.0,0
2025-12-10T23:15:23.107183,21.4,60.0,0
2025-12-10T23:15:25.361537,21.4,60.0,0
2025-12-10T23:15:27.616306,21.4,60.0,0
2025-12-10T23:15:29.870453,21.4,60.0,0
2025-12-10T23:15:32.124772,21.4,60.0,0
2025-12-10T23:15:34.379543,21.4,60.0,0
2025-12-10T23:15:36.633903,21.4,60.0,0
2025-12-10T23:15:38.887936,21.4,60.0,0
2025-12-10T23:15:41.142275,21.5,60.0,0
2025-12-10T23:15:43.396812,21.4,60.0,0
2025-12-10T23:15:45.651228,21.4,60.0,0
2025-12-10T23:15:47.905532,21.4,60.0,0
2025-12-10T23:15:50.160081,21.4,60.0,0
2025-12-10T23:15:52.414685,21.4,60.0,0
2025-12-10T23:15:54.669119,21.4,60.0,0
2025-12-10T23:15:56.923599,21.4,60.0,0
2025-12-10T23:15:59.177977,21.4,60.0,0
2025-12-10T23:16:01.432709,21.4,60.0,0
2025-12-10T23:16:03.687332,21.4,60.0,0
2025-12-10T23:16:05.941728,21.4,59.9,0
2025-12-10T23:16:08.196426,21.4,60.0,0
2025-12-10T23:16:10.451179,21.4,60.0,0
2025-12-10T23:16:12.705768,21.4,59.9,0
2025-12-10T23:16:14.960522,21.4,59.9,0
2025-12-10T23:16:17.215044,21.4,60.0,0
2025-12-10T23:16:19.469673,21.4,59.9,0
2025-12-10T23:16:21.724515,21.4,59.9,0
2025-12-10T23:16:23.979077,21.4,59.9,0
2025-12-10T23:16:26.233510,21.4,59.9,0
2025-12-10T23:16:28.488341,21.4,59.9,0
2025-12-10T23:16:30.742887,21.4,60.0,0
2025-12-10T23:16:32.997324,21.4,59.9,0
2025-12-10T23:16:35.252111,21.4,59.9,0
2025-12-10T23:16:37.506794,21.4,59.9,0
2025-12-10T23:16:39.760895,21.4,59.9,0
2025-12-10T23:16:42.015508,21.4,59.9,0
2025-12-10T23:16:44.270050,21.4,59.9,0
2025-12-10T23:16:46.524618,21.4,59.9,0
2025-12-10T23:16:48.779398,21.4,59.9,0
2025-12-10T23:16:51.033720,21.4,59.9,0
2025-12-10T23:16:53.287715,21.4,59.9,0
2025-12-10T23:16:55.542478,21.4,59.9,0
2025-12-10T23:16:57.796999,21.4,59.9,0
2025-12-10T23:17:00.051574,21.4,59.9,0
2025-12-10T23:17:02.306465,21.4,59.9,0
2025-12-10T23:17:04.561146,21.4,59.9,0
2025-12-10T23:17:06.815724,21.4,59.9,0
2025-12-10T23:17:09.070280,21.4,59.9,0
2025-12-10T23:17:11.325017,21.4,59.9,0
2025-12-10T23:17:13.579670,21.4,59.9,0
2025-12-10T23:17:15.834142,21.4,59.9,0
2025-12-10T23:17:18.088082,21.4,59.9,0
2025-12-10T23:17:20.342185,21.4,59.9,0
2025-12-10T23:17:22.596917,21.4,60.0,0
2025-12-10T23:17:24.851563,21.4,60.0,0
2025-12-10T23:17:27.105759,21.4,59.9,0
2025-12-10T23:17:29.360600,21.4,59.9,0
2025-12-10T23:17:31.615272,21.4,59.9,0
2025-12-10T23:17:33.869743,21.4,59.9,0
2025-12-10T23:17:36.124505,21.4,59.9,0
2025-12-10T23:17:38.379277,21.4,59.9,0
2025-12-10T23:17:40.633644,21.4,59.9,0
2025-12-10T23:17:42.888493,21.4,59.9,0
2025-12-10T23:17:45.143043,21.4,59.9,0
2025-12-10T23:17:47.397713,21.4,59.9,0
2025-12-10T23:17:49.652548,21.4,59.9,0
2025-12-10T23:17:51.907109,21.4,59.9,0
2025-12-10T23:17:54.161422,21.4,59.9,0
2025-12-10T23:17:56.416296,21.4,59.9,0
2025-12-10T23:17:58.670952,21.4,59.9,0
2025-12-10T23:18:00.925351,21.4,59.9,0
2025-12-10T23:18:03.180162,21.4,59.9,0
2025-12-10T23:18:05.434776,21.4,59.9,0
2025-12-10T23:18:07.689229,21.4,59.9,0
2025-12-10T23:18:09.943940,21.4,59.9,0
2025-12-10T23:18:12.198439,21.4,59.9,0
2025-12-10T23:18:14.452656,21.4,59.9,0
2025-12-10T23:18:16.707048,21.4,59.9,0
2025-12-10T23:18:18.961518,21.4,59.9,0
2025-12-10T23:18:21.215539,21.4,59.9,0
2025-12-10T23:18:23.470297,21.4,59.9,0
2025-12-10T23:18:25.724703,21.4,59.8,0
2025-12-10T23:18:27.979170,21.4,59.9,0
2025-12-10T23:18:30.233635,21.4,59.8,0
2025-12-10T23:18:32.488382,21.4,59.9,0
2025-12-10T23:18:34.742936,21.4,59.9,0
2025-12-10T23:18:36.997686,21.4,59.9,0
2025-12-10T23:18:39.252379,21.4,59.9,0
2025-12-10T23:18:41.506969,21.4,59.8,0
2025-12-10T23:18:43.761459,21.4,59.8,0
2025-12-10T23:18:46.016140,21.5,60.0,0
2025-12-10T23:18:48.270204,21.4,59.8,0
2025-12-10T23:18:50.524979,21.4,59.9,0
2025-12-10T23:18:52.779668,21.4,59.9,0
2025-12-10T23:18:55.034231,21.4,59.8,0
2025-12-10T23:18:57.288968,21.4,59.8,0
2025-12-10T23:18:59.543559,21.4,59.9,0
2025-12-10T23:19:01.797796,21.4,59.8,0
2025-12-10T23:19:04.052124,21.4,59.9,0
2025-12-10T23:19:06.306763,21.4,59.8,0
2025-12-10T23:19:08.561189,21.4,59.8,1
2025-12-10T23:19:10.815848,21.4,59.8,0
2025-12-10T23:19:13.070225,21.4,59.8,0
2025-12-10T23:19:15.324717,21.4,59.8,0
2025-12-10T23:19:17.579250,21.4,59.8,0
2025-12-10T23:19:19.833753,21.4,59.8,0
2025-12-10T23:19:22.088150,21.4,59.8,0
2025-12-10T23:19:24.342447,21.4,59.8,0
2025-12-10T23:19:26.596867,21.4,59.8,0
2025-12-10T23:19:28.851059,21.4,59.8,0
2025-12-10T23:19:31.105402,21.4,59.8,0
2025-12-10T23:19:33.359826,21.4,59.9,0
2025-12-10T23:19:35.614188,21.5,59.9,0
2025-12-10T23:19:37.868699,21.4,59.8,0
2025-12-10T23:19:40.123280,21.4,59.8,0
2025-12-10T23:19:42.377551,21.4,59.9,0
2025-12-10T23:19:44.632382,21.4,59.8,0
2025-12-10T23:19:46.887034,21.4,59.8,0
2025-12-10T23:19:49.141535,21.4,59.8,0
2025-12-10T23:19:51.396396,21.4,59.8,0
2025-12-10T23:19:53.651039,21.4,59.8,0
2025-12-10T23:19:55.905624,21.5,59.9,0
2025-12-10T23:19:58.160385,21.5,59.9,0
2025-12-10T23:20:00.415053,21.4,59.8,0
2025-12-10T23:20:02.669633,21.4,59.8,0
2025-12-10T23:20:04.924471,21.4,59.8,0
2025-12-10T23:20:07.179056,21.4,59.8,0
2025-12-10T23:20:09.433685,21.4,59.8,0
2025-12-10T23:20:11.688504,21.4,59.8,0
2025-12-10T23:20:13.944953,21.4,59.8,0
2025-12-10T23:20:16.199474,21.4,59.8,0
2025-12-10T23:20:18.454337,21.4,59.8,0
2025-12-10T23:20:20.708903,21.4,59.8,0
2025-12-10T23:20:22.963455,21.4,59.8,0
2025-12-10T23:20:25.218174,21.5,59.9,0
2025-12-10T23:20:27.472898,21.4,59.9,0
2025-12-10T23:20:29.727487,21.4,59.8,0
2025-12-10T23:20:31.982173,21.4,59.8,0
2025-12-10T23:20:34.236775,21.4,59.8,0
2025-12-10T23:20:36.491192,21.4,59.8,0
2025-12-10T23:20:38.745745,21.4,59.8,0
2025-12-10T23:20:41.002346,21.4,59.8,0
2025-12-10T23:20:43.256869,21.4,59.8,0
2025-12-10T23:20:45.511740,21.4,59.8,0
2025-12-10T23:20:47.766348,21.4,59.8,1
2025-12-10T23:20:50.020837,21.4,59.8,0
2025-12-10T23:20:52.275534,21.4,59.8,0
2025-12-10T23:20:54.529977,21.4,59.8,0
2025-12-10T23:20:56.784525,21.4,59.8,0
2025-12-10T23:20:59.039326,21.4,59.8,0
2025-12-10T23:21:01.293822,21.4,59.8,0
2025-12-10T23:21:03.550492,21.4,59.8,0
2025-12-10T23:21:05.805170,21.4,59.8,0
2025-12-10T23:21:08.059788,21.4,59.8,0
2025-12-10T23:21:10.314443,21.4,59.8,0
2025-12-10T23:21:12.568643,21.5,59.9,0
2025-12-10T23:21:14.823276,21.4,59.8,0
2025-12-10T23:21:17.077811,21.4,59.8,0
2025-12-10T23:21:19.332673,21.4,59.8,0
2025-12-10T23:21:21.587109,21.4,59.8,0
2025-12-10T23:21:23.841176,21.4,59.8,0
2025-12-10T23:21:26.096086,21.4,59.8,0
2025-12-10T23:21:28.350238,21.5,59.8,0
2025-12-10T23:21:30.604403,21.4,59.8,0
2025-12-10T23:21:32.859103,21.4,59.8,0
2025-12-10T23:21:35.113333,21.4,59.8,0
2025-12-10T23:21:37.367568,21.5,59.8,0
2025-12-10T23:21:39.621950,21.4,59.8,0
2025-12-10T23:21:41.876580,21.4,59.8,0
2025-12-10T23:21:44.131176,21.5,59.8,0
2025-12-10T23:21:46.385975,21.4,59.7,0
2025-12-10T23:21:48.640564,21.4,59.7,0
2025-12-10T23:21:50.894616,21.4,59.7,0
2025-12-10T23:21:53.149018,21.4,59.8,0
2025-12-10T23:21:55.403778,21.4,59.8,0
2025-12-10T23:21:57.658277,21.4,59.8,0
2025-12-10T23:21:59.912956,21.5,59.8,0
2025-12-10T23:22:02.167607,21.5,59.8,0
2025-12-10T23:22:04.422196,21.5,59.8,0
2025-12-10T23:22:06.676435,21.4,59.8,0
2025-12-10T23:22:08.931132,21.4,59.7,0
2025-12-10T23:22:11.185458,21.4,59.7,0
2025-12-10T23:22:13.440390,21.4,59.7,0
2025-12-10T23:22:15.694980,21.4,59.7,0
2025-12-10T23:22:17.949556,21.4,59.6,0
2025-12-10T23:22:20.204470,21.4,59.7,0
2025-12-10T23:22:22.459241,21.4,59.7,0
2025-12-10T23:22:24.713776,21.4,59.7,0
2025-12-10T23:22:26.968370,21.5,59.7,0
2025-12-10T23:22:29.224813,21.4,59.7,0
2025-12-10T23:22:31.479450,21.4,59.7,0
2025-12-10T23:22:33.733775,21.5,59.7,0
2025-12-10T23:22:35.988463,21.5,59.8,0
2025-12-10T23:22:38.243086,21.4,59.7,0
2025-12-10T23:22:40.497923,21.4,59.7,0
2025-12-10T23:22:42.752224,21.4,59.7,0
2025-12-10T23:22:45.006786,21.5,59.8,0
2025-12-10T23:22:47.261560,21.4,59.7,0
2025-12-10T23:22:49.516355,21.4,59.7,0
2025-12-10T23:22:51.770956,21.4,59.7,0
2025-12-10T23:22:54.025703,21.4,59.7,0
2025-12-10T23:22:56.280279,21.4,59.7,0
2025-12-10T23:22:58.534456,21.4,59.8,0
2025-12-10T23:23:00.788682,21.5,59.8,0
2025-12-10T23:23:03.043372,21.4,59.7,0
2025-12-10T23:23:05.297989,21.4,59.7,0
2025-12-10T23:23:07.552761,21.4,59.7,0
2025-12-10T23:23:09.807348,21.4,59.7,0
2025-12-10T23:23:12.061941,21.4,59.7,0
2025-12-10T23:23:14.316798,21.4,59.7,0
2025-12-10T23:23:16.571510,21.4,59.7,0
2025-12-10T23:23:18.826057,21.5,59.7,0
2025-12-10T23:23:21.080806,21.5,59.8,0
2025-12-10T23:23:23.335541,21.4,59.7,0
2025-12-10T23:23:25.589872,21.4,59.7,0
2025-12-10T23:23:27.844527,21.4,59.7,0
2025-12-10T23:23:30.099193,21.4,59.7,0
2025-12-10T23:23:32.353692,21.5,59.8,0
2025-12-10T23:23:34.608192,21.4,59.7,0
2025-12-10T23:23:36.862662,21.4,59.7,0
2025-12-10T23:23:39.117131,21.5,59.8,0
2025-12-10T23:23:41.371935,21.4,59.7,0
2025-12-10T23:23:43.626455,21.4,59.7,0
2025-12-10T23:23:45.880506,21.5,59.8,0
2025-12-10T23:23:48.134934,21.4,59.7,0
2025-12-10T23:23:50.389534,21.4,59.7,0
2025-12-10T23:23:52.644140,21.4,59.7,0
2025-12-10T23:23:54.898668,21.4,59.7,0
2025-12-10T23:23:57.153191,21.5,59.8,0
2025-12-10T23:23:59.407620,21.4,59.7,0
2025-12-10T23:24:01.662306,21.5,59.8,0
2025-12-10T23:24:03.916528,21.4,59.7,0
2025-12-10T23:24:06.171041,21.4,59.7,0
2025-12-10T23:24:08.425734,21.4,59.7,0
2025-12-10T23:24:10.680456,21.4,59.7,0
2025-12-10T23:24:12.934462,21.4,59.7,0
2025-12-10T23:24:15.188755,21.4,59.7,0
2025-12-10T23:24:17.443509,21.4,59.7,0
2025-12-10T23:24:19.697936,21.4,59.7,0
2025-12-10T23:24:21.952458,21.4,59.7,0
2025-12-10T23:24:24.206771,21.4,59.7,0
2025-12-10T23:24:26.461153,21.4,59.7,0
2025-12-10T23:24:28.715420,21.4,59.7,0
2025-12-10T23:24:30.969624,21.5,59.8,0
2025-12-10T23:24:33.224230,21.4,59.7,0
2025-12-10T23:24:35.478930,21.4,59.7,0
2025-12-10T23:24:37.733455,21.4,59.7,0
2025-12-10T23:24:39.988086,21.5,59.8,0
2025-12-10T23:24:42.242854,21.4,59.7,0
2025-12-10T23:24:44.497274,21.4,59.7,0
2025-12-10T23:24:46.751875,21.4,59.7,0
2025-12-10T23:24:49.006553,21.4,59.7,0
2025-12-10T23:24:51.263137,21.4,59.7,0
2025-12-10T23:24:53.517740,21.4,59.7,0
2025-12-10T23:24:55.772558,21.4,59.7,0
2025-12-10T23:24:58.027178,21.4,59.7,0
2025-12-10T23:25:00.281778,21.5,59.8,0
2025-12-10T23:25:02.535917,21.4,59.7,0
2025-12-10T23:25:04.790100,21.5,59.8,0
2025-12-10T23:25:07.044072,21.4,59.7,0
2025-12-10T23:25:09.298335,21.4,59.7,0
2025-12-10T23:25:11.552961,21.4,59.7,0
2025-12-10T23:25:13.807523,21.4,59.7,0
2025-12-10T23:25:16.062256,21.5,59.7,0
2025-12-10T23:25:18.316914,21.4,59.7,0
2025-12-10T23:25:20.570872,21.4,59.7,0
2025-12-10T23:25:22.825159,21.5,59.8,0
2025-12-10T23:25:25.079778,21.4,59.7,0
2025-12-10T23:25:27.334372,21.4,59.7,0
2025-12-10T23:25:29.588658,21.4,59.7,0
2025-12-10T23:25:31.843214,21.4,59.7,0
2025-12-10T23:25:34.097183,21.4,59.7,0
2025-12-10T23:25:36.351410,21.5,59.8,0
2025-12-10T23:25:38.608065,21.4,59.7,0
2025-12-10T23:25:40.862619,21.4,59.7,0
2025-12-10T23:25:43.116880,21.4,59.7,0
2025-12-10T23:25:45.371059,21.4,59.7,0
2025-12-10T23:25:47.625239,21.4,59.7,0
2025-12-10T23:25:49.879469,21.4,59.7,0
2025-12-10T23:25:52.133802,21.4,59.7,0
2025-12-10T23:25:54.388105,21.4,59.7,0
2025-12-10T23:25:56.642443,21.4,59.7,0
2025-12-10T23:25:58.896890,21.4,59.7,0
2025-12-10T23:26:01.151413,21.4,59.7,0
2025-12-10T23:26:03.405905,21.5,59.7,0
2025-12-10T23:26:05.659984,21.5,59.8,0
2025-12-10T23:26:07.914368,21.5,59.8,0
2025-12-10T23:26:10.168729,21.4,59.7,0
2025-12-10T23:26:12.423356,21.4,59.7,0
2025-12-10T23:26:14.677558,21.4,59.7,0
2025-12-10T23:26:16.932330,21.5,59.8,0
2025-12-10T23:26:19.186400,21.5,59.8,0
2025-12-10T23:26:21.440723,21.4,59.7,0
2025-12-10T23:26:23.695383,21.4,59.7,0
2025-12-10T23:26:25.952711,21.5,59.8,0
2025-12-10T23:26:28.207173,21.4,59.7,0
2025-12-10T23:26:30.462043,21.4,59.7,0
2025-12-10T23:26:32.716106,21.4,59.7,0
2025-12-10T23:26:34.970065,21.4,59.7,0
2025-12-10T23:26:37.224367,21.4,59.7,0
2025-12-10T23:26:39.478989,21.4,59.7,0
2025-12-10T23:26:41.732913,21.4,59.7,0
2025-12-10T23:26:43.987689,21.4,59.7,0
2025-12-10T23:26:46.242193,21.4,59.7,0
2025-12-10T23:26:48.496295,21.4,59.7,0
2025-12-10T23:26:50.751068,21.5,59.7,0
2025-12-10T23:26:53.007621,21.5,59.7,0
2025-12-10T23:26:55.261513,21.4,59.7,0
2025-12-10T23:26:57.515855,21.4,59.7,0
2025-12-10T23:26:59.770429,21.4,59.7,0
2025-12-10T23:27:02.024895,21.4,59.7,0
2025-12-10T23:27:04.279226,21.4,59.6,0
2025-12-10T23:27:06.533693,21.4,59.7,1
2025-12-10T23:27:08.788238,21.5,59.7,0
2025-12-10T23:27:11.042633,21.4,59.6,0
2025-12-10T23:27:13.297048,21.5,59.7,0
2025-12-10T23:27:15.551587,21.4,59.7,0
2025-12-10T23:27:17.806293,21.5,59.7,0
2025-12-10T23:27:20.060807,21.5,59.7,0
2025-12-10T23:27:22.315234,21.4,59.7,0
2025-12-10T23:27:24.569561,21.4,59.7,0
2025-12-10T23:27:26.824247,21.4,59.7,0
2025-12-10T23:27:29.078766,21.4,59.7,0
2025-12-10T23:27:31.333319,21.4,59.6,0
2025-12-10T23:27:33.587979,21.4,59.7,0
2025-12-10T23:27:35.842200,21.4,59.6,0
2025-12-10T23:27:38.096968,21.4,59.7,0
2025-12-10T23:27:40.350996,21.4,59.7,0
2025-12-10T23:27:42.605471,21.5,59.7,0
2025-12-10T23:27:44.860369,21.5,59.7,0
2025-12-10T23:27:47.114950,21.4,59.7,0
2025-12-10T23:27:49.368989,21.4,59.7,0
2025-12-10T23:27:51.623205,21.4,59.6,0
2025-12-10T23:27:53.877898,21.4,59.7,0
2025-12-10T23:27:56.132386,21.5,59.7,0
2025-12-10T23:27:58.386767,21.4,59.6,0
2025-12-10T23:28:00.643149,21.5,59.7,0
2025-12-10T23:28:02.897655,21.4,59.6,0
2025-12-10T23:28:05.152475,21.4,59.6,0
2025-12-10T23:28:07.406690,21.5,59.7,0
2025-12-10T23:28:09.661075,21.4,59.7,0
2025-12-10T23:28:11.915894,21.4,59.7,0
2025-12-10T23:28:14.170247,21.5,59.7,0
2025-12-10T23:28:16.424287,21.4,59.6,0
2025-12-10T23:28:18.678468,21.4,59.7,0
2025-12-10T23:28:20.933062,21.4,59.7,0
2025-12-10T23:28:23.187091,21.4,59.7,0
2025-12-10T23:28:25.441364,21.5,59.7,0
2025-12-10T23:28:27.696059,21.4,59.6,0
2025-12-10T23:28:29.950433,21.4,59.6,0
2025-12-10T23:28:32.205091,21.4,59.6,0
2025-12-10T23:28:34.459229,21.4,59.6,0
2025-12-10T23:28:36.713249,21.4,59.7,0
2025-12-10T23:28:38.968107,21.5,59.7,0
2025-12-10T23:28:41.222585,21.5,59.7,0
2025-12-10T23:28:43.476859,21.4,59.6,0
2025-12-10T23:28:45.731677,21.4,59.6,0
2025-12-10T23:28:47.986028,21.5,59.7,0
2025-12-10T23:28:50.240188,21.5,59.7,0
2025-12-10T23:28:52.495028,21.4,59.6,0
2025-12-10T23:28:54.749682,21.4,59.6,0
2025-12-10T23:28:57.004330,21.5,59.7,0
2025-12-10T23:28:59.259104,21.5,59.7,0
2025-12-10T23:29:01.513452,21.5,59.7,0
2025-12-10T23:29:03.768079,21.4,59.6,0
2025-12-10T23:29:06.022729,21.4,59.6,0
2025-12-10T23:29:08.277351,21.5,59.7,0
2025-12-10T23:29:10.531317,21.4,59.6,0
2025-12-10T23:29:12.785962,21.4,59.6,0
2025-12-10T23:29:15.040524,21.4,59.6,0
2025-12-10T23:29:17.294964,21.4,59.6,0
2025-12-10T23:29:19.549572,21.4,59.6,0
2025-12-10T23:29:21.804281,21.4,59.6,0
2025-12-10T23:29:24.058733,21.5,59.7,0
2025-12-10T23:29:26.313422,21.4,59.6,0
2025-12-10T23:29:28.567981,21.4,59.6,0
2025-12-10T23:29:30.822033,21.4,59.6,0
2025-12-10T23:29:33.076624,21.4,59.6,0
2025-12-10T23:29:35.331381,21.4,59.6,0
2025-12-10T23:29:37.585692,21.4,59.6,0
2025-12-10T23:29:39.840606,21.5,59.7,0
2025-12-10T23:29:42.095214,21.4,59.6,0
2025-12-10T23:29:44.349940,21.4,59.6,0
2025-12-10T23:29:46.622650,21.5,59.7,0
2025-12-10T23:29:48.877225,21.4,59.6,0
2025-12-10T23:29:51.131692,21.4,59.6,0
2025-12-10T23:29:53.386139,21.4,59.6,0
2025-12-10T23:29:55.640319,21.4,59.6,0
2025-12-10T23:29:57.894467,21.4,59.6,0
2025-12-10T23:30:00.148681,21.5,59.7,0
2025-12-10T23:30:02.403259,21.5,59.7,0
2025-12-10T23:30:04.657364,21.4,59.6,0
2025-12-10T23:30:06.912168,21.5,59.7,0
2025-12-10T23:30:09.166766,21.5,59.7,0
2025-12-10T23:30:11.421065,21.4,59.6,0
2025-12-10T23:30:13.675775,21.4,59.6,0
2025-12-10T23:30:15.929978,21.4,59.6,1
2025-12-10T23:30:18.184439,21.4,59.6,0
2025-12-10T23:30:20.439114,21.4,59.6,0
2025-12-10T23:30:22.693153,21.4,59.6,0
2025-12-10T23:30:24.947725,21.4,59.6,0
2025-12-10T23:30:27.202053,21.5,59.7,0
2025-12-10T23:30:29.456619,21.4,59.6,0
2025-12-10T23:30:31.711067,21.4,59.6,0
2025-12-10T23:30:33.965582,21.4,59.6,0
2025-12-10T23:30:36.220242,21.5,59.7,0
2025-12-10T23:30:38.474414,21.4,59.5,0
2025-12-10T23:30:40.728783,21.5,59.6,0
2025-12-10T23:30:42.983059,21.5,59.7,0
2025-12-10T23:30:45.237460,21.4,59.6,0
2025-12-10T23:30:47.492376,21.4,59.5,0
2025-12-10T23:30:49.746469,21.4,59.5,0
2025-12-10T23:30:52.000926,21.4,59.5,0
2025-12-10T23:30:54.255682,21.4,59.5,0
2025-12-10T23:30:56.509965,21.4,59.6,0
2025-12-10T23:30:58.764433,21.4,59.6,0
2025-12-10T23:31:01.019239,21.4,59.6,0
2025-12-10T23:31:03.273906,21.4,59.6,0
2025-12-10T23:31:05.528520,21.4,59.6,0
2025-12-10T23:31:07.783188,21.4,59.6,0
2025-12-10T23:31:10.037822,21.5,59.6,0
2025-12-10T23:31:12.292159,21.4,59.5,0
2025-12-10T23:31:14.546951,21.4,59.5,0
2025-12-10T23:31:16.801330,21.5,59.7,0
2025-12-10T23:31:19.055888,21.4,59.6,0
2025-12-10T23:31:21.310772,21.4,59.6,0
2025-12-10T23:31:23.565376,21.4,59.6,0
2025-12-10T23:31:25.819433,21.4,59.6,0
2025-12-10T23:31:28.074200,21.4,59.6,0
2025-12-10T23:31:30.328919,21.5,59.7,0
2025-12-10T23:31:32.583461,21.5,59.7,0
2025-12-10T23:31:34.838178,21.5,59.7,0
2025-12-10T23:31:37.092839,21.4,59.6,0
2025-12-10T23:31:39.346976,21.4,59.5,0
2025-12-10T23:31:41.601735,21.4,59.5,1
2025-12-10T23:31:43.856451,21.4,59.6,0
2025-12-10T23:31:46.110916,21.5,59.6,0
2025-12-10T23:31:48.365189,21.4,59.5,0
2025-12-10T23:31:50.621627,21.5,59.6,0
2025-12-10T23:31:52.876110,21.5,59.6,0
2025-12-10T23:31:55.130755,21.4,59.5,0
2025-12-10T23:31:57.385338,21.4,59.5,0
2025-12-10T23:31:59.639382,21.5,59.6,0
2025-12-10T23:32:01.893745,21.5,59.6,0
2025-12-10T23:32:04.148315,21.4,59.5,0
2025-12-10T23:32:06.402498,21.4,59.5,0
2025-12-10T23:32:08.656718,21.5,59.6,0
2025-12-10T23:32:10.911316,21.4,59.5,0
2025-12-10T23:32:13.165800,21.4,59.5,1
2025-12-10T23:32:15.420119,21.4,59.5,0
2025-12-10T23:32:17.674588,21.4,59.5,0
2025-12-10T23:32:19.928697,21.5,59.5,0
2025-12-10T23:32:22.183227,21.5,59.6,0
2025-12-10T23:32:24.512719,21.4,59.5,0
2025-12-10T23:32:26.767219,21.4,59.5,0
2025-12-10T23:32:29.021457,21.5,59.6,0
2025-12-10T23:32:31.275619,21.4,59.5,0
2025-12-10T23:32:33.530062,21.5,59.6,0
2025-12-10T23:32:35.784648,21.4,59.5,0
2025-12-10T23:32:38.039253,21.5,59.6,0
2025-12-10T23:32:40.293809,21.4,59.5,0
2025-12-10T23:32:42.548578,21.4,59.5,0
2025-12-10T23:32:44.802644,21.4,59.5,0
2025-12-10T23:32:47.056767,21.4,59.5,1
2025-12-10T23:32:49.311614,21.4,59.5,0
2025-12-10T23:32:51.566095,21.4,59.5,0
2025-12-10T23:32:53.820606,21.5,59.6,0
2025-12-10T23:32:56.075251,21.5,59.6,0
2025-12-10T23:32:58.329922,21.4,59.5,0
2025-12-10T23:33:00.584546,21.5,59.6,0
2025-12-10T23:33:02.839103,21.4,59.5,0
2025-12-10T23:33:05.093485,21.4,59.5,0
2025-12-10T23:33:07.347557,21.5,59.6,0
2025-12-10T23:33:09.601819,21.4,59.5,0
2025-12-10T23:33:11.856150,21.5,59.6,0
2025-12-10T23:33:14.110476,21.4,59.5,0
2025-12-10T23:33:16.364904,21.4,59.5,0
2025-12-10T23:33:18.619401,21.4,59.6,0
2025-12-10T23:33:20.873765,21.4,59.5,0
2025-12-10T23:33:23.128570,21.4,59.5,1
2025-12-10T23:33:25.383199,21.5,59.7,0
2025-12-10T23:33:27.637550,21.4,59.5,0
2025-12-10T23:33:29.892287,21.5,59.6,0
2025-12-10T23:33:32.146317,21.4,59.5,0
2025-12-10T23:33:34.400591,21.4,59.6,0
2025-12-10T23:33:36.655287,21.5,59.6,0
2025-12-10T23:33:38.909680,21.4,59.5,0
2025-12-10T23:33:41.164305,21.5,59.6,0
2025-12-10T23:33:43.419199,21.5,59.6,0
2025-12-10T23:33:45.673825,21.4,59.5,0
2025-12-10T23:33:47.928364,21.5,59.7,0
2025-12-10T23:33:50.183027,21.5,59.6,1
2025-12-10T23:33:52.437746,21.5,59.6,0
2025-12-10T23:33:54.692390,21.4,59.5,0
2025-12-10T23:33:56.946597,21.4,59.5,0
2025-12-10T23:33:59.200781,21.4,59.5,0
2025-12-10T23:34:01.455446,21.4,59.5,0
2025-12-10T23:34:03.710202,21.4,59.5,0
2025-12-10T23:34:05.964722,21.5,59.6,0
2025-12-10T23:34:08.219261,21.5,59.6,0
2025-12-10T23:34:10.474172,21.4,59.5,0
2025-12-10T23:34:12.730912,21.4,59.5,0
2025-12-10T23:34:14.985501,21.4,59.5,0
2025-12-10T23:34:17.240366,21.4,59.5,0
2025-12-10T23:34:19.495066,21.4,59.5,0
2025-12-10T23:34:21.749628,21.4,59.5,0
2025-12-10T23:34:24.003920,21.4,59.5,0
2025-12-10T23:34:26.258452,21.5,59.6,0
2025-12-10T23:34:28.512809,21.4,59.5,0
2025-12-10T23:34:30.767655,21.4,59.5,0
2025-12-10T23:34:33.022355,21.4,59.5,0
2025-12-10T23:34:35.276455,21.5,59.6,0
2025-12-10T23:34:37.531335,21.5,59.6,0
2025-12-10T23:34:39.785964,21.4,59.5,0
2025-12-10T23:34:42.040206,21.5,59.5,1
2025-12-10T23:34:44.295075,21.5,59.6,0
2025-12-10T23:34:46.549743,21.4,59.5,0
2025-12-10T23:34:48.804379,21.4,59.5,0
2025-12-10T23:34:51.059092,21.4,59.5,0
2025-12-10T23:34:53.313574,21.4,59.5,1
2025-12-10T23:34:55.567814,21.4,59.5,0
2025-12-10T23:34:57.822187,21.5,59.6,1
2025-12-10T23:35:00.078629,21.5,59.6,0
2025-12-10T23:35:02.333197,21.5,59.5,0
2025-12-10T23:35:04.587998,21.4,59.5,0
2025-12-10T23:35:06.844414,21.4,59.5,0
2025-12-10T23:35:09.099005,21.4,59.5,0
2025-12-10T23:35:11.353244,21.4,59.5,0
2025-12-10T23:35:13.607823,21.4,59.5,0
2025-12-10T23:35:15.862111,21.4,59.5,0
2025-12-10T23:35:18.116742,21.5,59.5,0
2025-12-10T23:35:20.371998,21.4,59.5,0
2025-12-10T23:35:22.686597,21.4,59.5,0
2025-12-10T23:35:24.941312,21.5,59.6,1
2025-12-10T23:35:27.195916,21.5,59.5,0
2025-12-10T23:35:29.450539,21.4,59.5,0
2025-12-10T23:35:31.704884,21.4,59.5,0
2025-12-10T23:35:33.959546,21.4,59.5,0
2025-12-10T23:35:36.214109,21.4,59.5,0
2025-12-10T23:35:38.468876,21.4,59.5,0
2025-12-10T23:35:40.723434,21.5,59.5,0
2025-12-10T23:35:42.978001,21.5,59.5,0
2025-12-10T23:35:45.232762,21.5,59.5,0
2025-12-10T23:35:47.486927,21.4,59.5,0
2025-12-10T23:35:49.741368,21.4,59.4,0
2025-12-10T23:35:51.996212,21.4,59.5,0
2025-12-10T23:35:54.250817,21.4,59.4,0
2025-12-10T23:35:56.505261,21.4,59.5,0
2025-12-10T23:35:58.759532,21.4,59.5,0
2025-12-10T23:36:01.014061,21.4,59.5,0
2025-12-10T23:36:03.268283,21.4,59.5,0
2025-12-10T23:36:05.523016,21.4,59.5,0
2025-12-10T23:36:07.777585,21.4,59.5,0
2025-12-10T23:36:10.032098,21.4,59.5,0
2025-12-10T23:36:12.286836,21.4,59.5,1
2025-12-10T23:36:14.541288,21.4,59.5,0
2025-12-10T23:36:16.795435,21.4,59.5,0
2025-12-10T23:36:19.049874,21.4,59.5,0
2025-12-10T23:36:21.304464,21.4,59.5,0
2025-12-10T23:36:23.558547,21.5,59.5,0
2025-12-10T23:36:25.812997,21.5,59.5,0
2025-12-10T23:36:28.067700,21.4,59.5,0
2025-12-10T23:36:30.322356,21.4,59.5,0
2025-12-10T23:36:32.576471,21.4,59.5,0
2025-12-10T23:36:34.831044,21.4,59.5,0
2025-12-10T23:36:37.085141,21.4,59.5,0
2025-12-10T23:36:39.339954,21.4,59.5,0
2025-12-10T23:36:41.594619,21.4,59.5,0
2025-12-10T23:36:43.848701,21.4,59.5,0
2025-12-10T23:36:46.103002,21.4,59.5,0
2025-12-10T23:36:48.357194,21.4,59.5,0
2025-12-10T23:36:50.611654,21.4,59.5,0
2025-12-10T23:36:52.866398,21.5,59.5,0
2025-12-10T23:36:55.120939,21.4,59.5,0
2025-12-10T23:36:57.375470,21.4,59.5,0
2025-12-10T23:36:59.629902,21.5,59.5,0
2025-12-10T23:37:01.884516,21.5,59.5,0
2025-12-10T23:37:04.138995,21.5,59.6,0
2025-12-10T23:37:06.393891,21.4,59.5,0
2025-12-10T23:37:08.648129,21.5,59.5,0
2025-12-10T23:37:10.902635,21.4,59.5,0
2025-12-10T23:37:13.157118,21.4,59.5,0
2025-12-10T23:37:15.411845,21.4,59.5,0
2025-12-10T23:37:17.666257,21.4,59.5,0
2025-12-10T23:37:19.921063,21.5,59.5,0
2025-12-10T23:37:22.175454,21.4,59.5,0
2025-12-10T23:37:24.430081,21.4,59.5,0
2025-12-10T23:37:26.684455,21.4,59.5,0
2025-12-10T23:37:28.938985,21.4,59.5,0
2025-12-10T23:37:31.193271,21.4,59.5,0
2025-12-10T23:37:33.448129,21.5,59.5,0
2025-12-10T23:37:35.702774,21.4,59.5,0
2025-12-10T23:37:37.957173,21.4,59.5,0
2025-12-10T23:37:40.212000,21.5,59.6,0
2025-12-10T23:37:42.466731,21.4,59.5,0
2025-12-10T23:37:44.720798,21.5,59.6,0
2025-12-10T23:37:46.975242,21.4,59.5,0
2025-12-10T23:37:49.229838,21.5,59.5,0
2025-12-10T23:37:51.484185,21.4,59.5,0
2025-12-10T23:37:53.738898,21.5,59.6,0
2025-12-10T23:37:55.993506,21.4,59.5,0
2025-12-10T23:37:58.248085,21.4,59.5,0
2025-12-10T23:38:00.502957,21.4,59.5,0
2025-12-10T23:38:02.757556,21.5,59.6,0
2025-12-10T23:38:05.011809,21.4,59.5,0
2025-12-10T23:38:07.266490,21.4,59.5,0
2025-12-10T23:38:09.521117,21.5,59.5,0
2025-12-10T23:38:11.775631,21.4,59.5,0
2025-12-10T23:38:14.030214,21.5,59.5,0
2025-12-10T23:38:16.284903,21.4,59.5,0
2025-12-10T23:38:18.539503,21.4,59.5,0
2025-12-10T23:38:20.794110,21.5,59.5,0
2025-12-10T23:38:23.048674,21.4,59.5,0
2025-12-10T23:38:25.303375,21.4,59.5,0
2025-12-10T23:38:27.558075,21.4,59.5,0
2025-12-10T23:38:29.812456,21.4,59.5,0
2025-12-10T23:38:32.066938,21.5,59.5,0
2025-12-10T23:38:34.321534,21.5,59.5,0
2025-12-10T23:38:36.576246,21.5,59.5,0
2025-12-10T23:38:38.830626,21.4,59.5,0
2025-12-10T23:38:41.085351,21.4,59.5,0
2025-12-10T23:38:43.339959,21.4,59.4,0
2025-12-10T23:38:45.594521,21.4,59.4,0
2025-12-10T23:38:47.848754,21.5,59.5,0
2025-12-10T23:38:50.103282,21.4,59.4,0
2025-12-10T23:38:52.357450,21.5,59.5,0
2025-12-10T23:38:54.612250,21.5,59.5,0
2025-12-10T23:38:56.866858,21.4,59.4,0
2025-12-10T23:38:59.121351,21.4,59.4,0
2025-12-10T23:39:01.376211,21.4,59.4,0
2025-12-10T23:39:03.630794,21.4,59.4,0
2025-12-10T23:39:05.885274,21.4,59.4,0
2025-12-10T23:39:08.140023,21.4,59.4,0
2025-12-10T23:39:10.394741,21.4,59.4,0
2025-12-10T23:39:12.649121,21.5,59.5,0
2025-12-10T23:39:14.903764,21.5,59.5,0
2025-12-10T23:39:17.158082,21.4,59.5,0
2025-12-10T23:39:19.412612,21.4,59.5,0
2025-12-10T23:39:21.667231,21.5,59.5,0
2025-12-10T23:39:23.921548,21.5,59.5,0
2025-12-10T23:39:26.176135,21.5,59.5,0
2025-12-10T23:39:28.430894,21.4,59.5,0
2025-12-10T23:39:30.685044,21.5,59.6,0
2025-12-10T23:39:32.939468,21.4,59.5,0
2025-12-10T23:39:35.194132,21.4,59.4,0
2025-12-10T23:39:37.448874,21.5,59.5,0
2025-12-10T23:39:39.703338,21.4,59.5,1
2025-12-10T23:39:41.957939,21.4,59.5,0
2025-12-10T23:39:44.214512,21.4,59.5,0
2025-12-10T23:39:46.469052,21.4,59.5,0
2025-12-10T23:39:48.723836,21.5,59.5,0
2025-12-10T23:39:50.978385,21.4,59.5,0
2025-12-10T23:39:53.232896,21.4,59.4,0
2025-12-10T23:39:55.487745,21.4,59.5,0
2025-12-10T23:39:57.742237,21.4,59.4,0
2025-12-10T23:39:59.996557,21.4,59.5,0
2025-12-10T23:40:02.250919,21.4,59.4,0
2025-12-10T23:40:04.505448,21.4,59.4,0
2025-12-10T23:40:06.760013,21.4,59.4,0
2025-12-10T23:40:09.014849,21.4,59.4,0
2025-12-10T23:40:11.269333,21.5,59.5,0
2025-12-10T23:40:13.523651,21.5,59.5,0
2025-12-10T23:40:15.778085,21.5,59.5,0
2025-12-10T23:40:18.032695,21.4,59.4,0
2025-12-10T23:40:20.287339,21.4,59.4,0
2025-12-10T23:40:22.542072,21.5,59.5,0
2025-12-10T23:40:24.796627,21.5,59.5,0
2025-12-10T23:40:27.050697,21.4,59.4,0
2025-12-10T23:40:29.305139,21.4,59.5,0
2025-12-10T23:40:31.559742,21.4,59.5,0
2025-12-10T23:40:33.814245,21.4,59.5,0
2025-12-10T23:40:36.068991,21.4,59.4,0
2025-12-10T23:40:38.323680,21.4,59.4,0
2025-12-10T23:40:40.578134,21.4,59.4,0
2025-12-10T23:40:42.832840,21.4,59.4,0
2025-12-10T23:40:45.087460,21.4,59.4,0
2025-12-10T23:40:47.341627,21.4,59.4,0
2025-12-10T23:40:49.596376,21.4,59.4,0
2025-12-10T23:40:51.850951,21.4,59.4,0
2025-12-10T23:40:54.105143,21.5,59.5,0
2025-12-10T23:40:56.359923,21.4,59.4,0
2025-12-10T23:40:58.614593,21.4,59.4,0
2025-12-10T23:41:00.869114,21.4,59.4,0
2025-12-10T23:41:03.123725,21.4,59.4,0
2025-12-10T23:41:05.378372,21.4,59.4,0
2025-12-10T23:41:07.632824,21.5,59.5,0
2025-12-10T23:41:09.887633,21.4,59.4,0
2025-12-10T23:41:12.142204,21.4,59.4,0
2025-12-10T23:41:14.396157,21.4,59.4,0
2025-12-10T23:41:16.650952,21.4,59.4,0
2025-12-10T23:41:18.905553,21.4,59.4,0
2025-12-10T23:41:21.160168,21.4,59.4,0
2025-12-10T23:41:23.415057,21.4,59.4,0
2025-12-10T23:41:25.669694,21.4,59.4,0
2025-12-10T23:41:27.924315,21.5,59.5,0
2025-12-10T23:41:30.178967,21.4,59.4,0
2025-12-10T23:41:32.433287,21.4,59.4,0
2025-12-10T23:41:34.687789,21.4,59.4,0
2025-12-10T23:41:36.942468,21.4,59.4,0
2025-12-10T23:41:39.197010,21.4,59.4,0
2025-12-10T23:41:41.451699,21.4,59.4,0
2025-12-10T23:41:43.706432,21.4,59.4,0
2025-12-10T23:41:45.961090,21.4,59.4,0
2025-12-10T23:41:48.215618,21.5,59.5,0
2025-12-10T23:41:50.470902,21.4,59.4,0
2025-12-10T23:41:52.725350,21.4,59.4,0
2025-12-10T23:41:54.979960,21.4,59.4,0
2025-12-10T23:41:57.234727,21.4,59.4,0
2025-12-10T23:41:59.489422,21.4,59.4,0
2025-12-10T23:42:01.744019,21.4,59.4,0
2025-12-10T23:42:03.998793,21.4,59.4,0
2025-12-10T23:42:06.253389,21.5,59.5,0
2025-12-10T23:42:08.507612,21.4,59.4,0
2025-12-10T23:42:10.762385,21.4,59.4,0
2025-12-10T23:42:13.016816,21.4,59.4,0
2025-12-10T23:42:15.271350,21.4,59.4,0
2025-12-10T23:42:17.525923,21.4,59.4,0
2025-12-10T23:42:19.780526,21.4,59.3,0
2025-12-10T23:42:22.035083,21.4,59.3,0
2025-12-10T23:42:24.289842,21.5,59.4,0
2025-12-10T23:42:26.544306,21.4,59.3,0
2025-12-10T23:42:28.798894,21.4,59.3,0
2025-12-10T23:42:31.053627,21.4,59.3,0
2025-12-10T23:42:33.308274,21.5,59.4,0
2025-12-10T23:42:35.562356,21.4,59.2,0
2025-12-10T23:42:37.816708,21.4,59.2,0
2025-12-10T23:42:40.071282,21.4,59.2,0
2025-12-10T23:42:42.325526,21.5,59.3,0
2025-12-10T23:42:44.580438,21.5,59.4,0
2025-12-10T23:42:46.835034,21.4,59.3,0
2025-12-10T23:42:49.089440,21.4,59.3,0
2025-12-10T23:42:51.343754,21.4,59.3,0
2025-12-10T23:42:53.597975,21.4,59.3,0
2025-12-10T23:42:55.852295,21.5,59.4,0
2025-12-10T23:42:58.106641,21.4,59.3,0
2025-12-10T23:43:00.360743,21.4,59.3,0
2025-12-10T23:43:02.614884,21.4,59.3,0
2025-12-10T23:43:04.869269,21.5,59.4,0
2025-12-10T23:43:07.123937,21.4,59.3,0
2025-12-10T23:43:09.378305,21.5,59.4,0
2025-12-10T23:43:11.632946,21.5,59.4,0
2025-12-10T23:43:13.887591,21.4,59.3,0
2025-12-10T23:43:16.141955,21.4,59.4,0
2025-12-10T23:43:18.396302,21.4,59.4,0
2025-12-10T23:43:20.650735,21.4,59.3,0
2025-12-10T23:43:22.905196,21.4,59.3,0
2025-12-10T23:43:25.159939,21.4,59.4,0
2025-12-10T23:43:27.414236,21.4,59.4,0
2025-12-10T23:43:29.668548,21.5,59.4,0
2025-12-10T23:43:31.922896,21.4,59.4,0
2025-12-10T23:43:34.177363,21.4,59.4,0
2025-12-10T23:43:36.432045,21.4,59.4,0
2025-12-10T23:43:38.686843,21.4,59.3,0
2025-12-10T23:43:40.941144,21.4,59.4,0
2025-12-10T23:43:43.195659,21.4,59.4,0
2025-12-10T23:43:45.450260,21.5,59.4,0
2025-12-10T23:43:47.704856,21.4,59.3,0
2025-12-10T23:43:49.959408,21.4,59.4,0
2025-12-10T23:43:52.213989,21.4,59.4,0
2025-12-10T23:43:54.468443,21.4,59.3,0
2025-12-10T23:43:56.722446,21.4,59.4,0
2025-12-10T23:43:58.976999,21.4,59.3,0
2025-12-10T23:44:01.231563,21.4,59.4,0
2025-12-10T23:44:03.485714,21.4,59.4,0
2025-12-10T23:44:05.740475,21.5,59.5,0
2025-12-10T23:44:07.994646,21.5,59.5,0
2025-12-10T23:44:10.249113,21.5,59.5,0
2025-12-10T23:44:12.504011,21.4,59.4,0
2025-12-10T23:44:14.758522,21.4,59.4,0
2025-12-10T23:44:17.013068,21.5,59.5,0
2025-12-10T23:44:19.267758,21.4,59.4,0
2025-12-10T23:44:21.522239,21.5,59.5,0
2025-12-10T23:44:23.776611,21.4,59.4,0
2025-12-10T23:44:26.031380,21.5,59.4,0
2025-12-10T23:44:28.286066,21.4,59.3,0
2025-12-10T23:44:30.540417,21.4,59.4,0
2025-12-10T23:44:32.795210,21.5,59.4,0
2025-12-10T23:44:35.049805,21.5,59.5,0
2025-12-10T23:44:37.304527,21.4,59.4,0
2025-12-10T23:44:39.559314,21.4,59.4,0
2025-12-10T23:44:41.813879,21.4,59.4,0
2025-12-10T23:44:44.067754,21.4,59.4,1
2025-12-10T23:44:46.322613,21.4,59.4,0
2025-12-10T23:44:48.577185,21.4,59.4,0
2025-12-10T23:44:50.831756,21.4,59.4,0
2025-12-10T23:44:53.086596,21.4,59.4,0
2025-12-10T23:44:55.340838,21.4,59.5,0
2025-12-10T23:44:57.595443,21.4,59.4,0
2025-12-10T23:44:59.850138,21.4,59.4,0
2025-12-10T23:45:02.106003,21.5,59.5,0
2025-12-10T23:45:04.359955,21.4,59.5,0
2025-12-10T23:45:06.614698,21.4,59.4,0
2025-12-10T23:45:08.869351,21.4,59.4,0
2025-12-10T23:45:11.123962,21.4,59.4,0
2025-12-10T23:45:13.378909,21.5,59.5,0
2025-12-10T23:45:15.633555,21.4,59.5,0
2025-12-10T23:45:17.888221,21.5,59.5,0
2025-12-10T23:45:20.143016,21.4,59.4,0
2025-12-10T23:45:22.397738,21.5,59.5,0
2025-12-10T23:45:24.652347,21.4,59.5,0
2025-12-10T23:45:26.906801,21.4,59.4,0
2025-12-10T23:45:29.161430,21.4,59.4,0
2025-12-10T23:45:31.416104,21.4,59.4,0
2025-12-10T23:45:33.670823,21.4,59.4,0
2025-12-10T23:45:35.925397,21.4,59.4,0
2025-12-10T23:45:38.179992,21.5,59.5,0
2025-12-10T23:45:40.434808,21.4,59.4,0
2025-12-10T23:45:42.691291,21.4,59.4,0
2025-12-10T23:45:44.945942,21.5,59.5,0
2025-12-10T23:45:47.200748,21.4,59.5,0
2025-12-10T23:45:49.455501,21.4,59.5,0
2025-12-10T23:45:51.709974,21.4,59.5,0
2025-12-10T23:45:53.964690,21.4,59.4,0
2025-12-10T23:45:56.219267,21.4,59.4,0
2025-12-10T23:45:58.473885,21.5,59.5,1
2025-12-10T23:46:00.728575,21.5,59.5,0
2025-12-10T23:46:02.982789,21.5,59.5,0
2025-12-10T23:46:05.237312,21.4,59.4,1
2025-12-10T23:46:07.492244,21.5,59.5,0
2025-12-10T23:46:09.746711,21.5,59.5,0
2025-12-10T23:46:12.001303,21.5,59.5,0
2025-12-10T23:46:14.256226,21.4,59.4,0
2025-12-10T23:46:16.510971,21.4,59.4,0
2025-12-10T23:46:18.765537,21.4,59.4,0
2025-12-10T23:46:21.020433,21.4,59.3,0
2025-12-10T23:46:23.275054,21.4,59.3,0
2025-12-10T23:46:25.529723,21.4,59.3,0
2025-12-10T23:46:27.784113,21.4,59.3,0
2025-12-10T23:46:30.038763,21.4,59.3,0
2025-12-10T23:46:32.293387,21.4,59.3,0
2025-12-10T23:46:34.548270,21.4,59.2,0
2025-12-10T23:46:36.802865,21.4,59.2,0
2025-12-10T23:46:39.057409,21.4,59.2,0
2025-12-10T23:46:41.312170,21.4,59.2,0
2025-12-10T23:46:43.566845,21.4,59.2,0
2025-12-10T23:46:45.821276,21.4,59.2,0
2025-12-10T23:46:48.076152,21.4,59.2,0
2025-12-10T23:46:50.330905,21.4,59.2,0
2025-12-10T23:46:52.585455,21.4,59.2,0
2025-12-10T23:46:54.840292,21.4,59.2,0
2025-12-10T23:46:57.094999,21.5,59.2,1
2025-12-10T23:46:59.349069,21.4,59.2,0
2025-12-10T23:47:01.603871,21.4,59.2,1
2025-12-10T23:47:03.858432,21.4,59.1,0
2025-12-10T23:47:06.113013,21.4,59.1,0
2025-12-10T23:47:08.368401,21.4,59.1,1
2025-12-10T23:47:10.623048,21.4,59.2,0
2025-12-10T23:47:12.877214,21.4,59.2,0
2025-12-10T23:47:15.132138,21.4,59.2,0
2025-12-10T23:47:17.386899,21.5,59.2,0
2025-12-10T23:47:19.641378,21.4,59.1,0
2025-12-10T23:47:21.896252,21.4,59.1,0
2025-12-10T23:47:24.150891,21.4,59.1,0
2025-12-10T23:47:26.405341,21.4,59.1,0
2025-12-10T23:47:28.660174,21.4,59.1,0
2025-12-10T23:47:30.914786,21.4,59.1,0
2025-12-10T23:47:33.169293,21.4,59.1,0
2025-12-10T23:47:35.423664,21.4,59.1,0
2025-12-10T23:47:37.678354,21.4,59.1,0
2025-12-10T23:47:39.932401,21.4,59.1,0
2025-12-10T23:47:42.187193,21.4,59.1,0
2025-12-10T23:47:44.441633,21.5,59.2,0
2025-12-10T23:47:46.695964,21.4,59.1,0
2025-12-10T23:47:48.950489,21.4,59.1,0
2025-12-10T23:47:51.205007,21.4,59.1,0
2025-12-10T23:47:53.459356,21.4,59.1,0
2025-12-10T23:47:55.713963,21.4,59.1,0
2025-12-10T23:47:57.968453,21.4,59.2,0
2025-12-10T23:48:00.223042,21.4,59.2,0
2025-12-10T23:48:02.477429,21.4,59.2,0
2025-12-10T23:48:04.732105,21.4,59.2,0
2025-12-10T23:48:06.986633,21.4,59.2,0
2025-12-10T23:48:09.240866,21.4,59.2,0
2025-12-10T23:48:11.495658,21.5,59.3,0
2025-12-10T23:48:13.750219,21.4,59.3,0
2025-12-10T23:48:16.004743,21.5,59.4,0
2025-12-10T23:48:18.259410,21.5,59.4,0
2025-12-10T23:48:20.513998,21.4,59.3,0
2025-12-10T23:48:22.768753,21.4,59.3,0
2025-12-10T23:48:25.023350,21.4,59.3,0
2025-12-10T23:48:27.278964,21.4,59.3,0
2025-12-10T23:48:29.533256,21.4,59.3,0
2025-12-10T23:48:31.787854,21.5,59.4,0
2025-12-10T23:48:34.042072,21.4,59.3,0
2025-12-10T23:48:36.296897,21.4,59.4,0
2025-12-10T23:48:38.551547,21.4,59.3,0
2025-12-10T23:48:40.805974,21.5,59.4,0
2025-12-10T23:48:43.060651,21.4,59.4,0
2025-12-10T23:48:45.315350,21.4,59.4,0
2025-12-10T23:48:47.569968,21.4,59.4,0
2025-12-10T23:48:49.824604,21.4,59.4,0
2025-12-10T23:48:52.079278,21.4,59.4,0
2025-12-10T23:48:54.333949,21.4,59.3,0
2025-12-10T23:48:56.588644,21.4,59.4,0
2025-12-10T23:48:58.843275,21.4,59.4,0
2025-12-10T23:49:01.097810,21.4,59.4,0
2025-12-10T23:49:03.352098,21.5,59.4,0
2025-12-10T23:49:05.606660,21.4,59.3,0
2025-12-10T23:49:07.861171,21.4,59.3,0
2025-12-10T23:49:10.115900,21.4,59.3,0
2025-12-10T23:49:12.370583,21.4,59.3,0
2025-12-10T23:49:14.625067,21.4,59.3,0
2025-12-10T23:49:16.879570,21.5,59.4,0
2025-12-10T23:49:19.134138,21.4,59.3,0
2025-12-10T23:49:21.388774,21.4,59.4,0
2025-12-10T23:49:23.643594,21.4,59.3,0
2025-12-10T23:49:25.898872,21.4,59.4,0
2025-12-10T23:49:28.152927,21.4,59.4,0
2025-12-10T23:49:30.407660,21.4,59.4,0
2025-12-10T23:49:32.662124,21.4,59.4,0
2025-12-10T23:49:34.916704,21.4,59.4,0
2025-12-10T23:49:37.171209,21.4,59.4,0
2025-12-10T23:49:39.425555,21.4,59.4,0
2025-12-10T23:49:41.680173,21.5,59.5,0
2025-12-10T23:49:43.934847,21.5,59.4,0
2025-12-10T23:49:46.189243,21.5,59.5,0
2025-12-10T23:49:48.443959,21.5,59.5,0
2025-12-10T23:49:50.698645,21.5,59.4,0
2025-12-10T23:49:52.953045,21.4,59.3,0
2025-12-10T23:49:55.207104,21.4,59.3,0
2025-12-10T23:49:57.461907,21.4,59.3,0
2025-12-10T23:49:59.716510,21.4,59.3,1
2025-12-10T23:50:01.970955,21.5,59.4,0
2025-12-10T23:50:04.225711,21.4,59.4,0
2025-12-10T23:50:06.480503,21.4,59.4,0
2025-12-10T23:50:08.734705,21.4,59.4,0
2025-12-10T23:50:10.989100,21.5,59.5,0
2025-12-10T23:50:13.243777,21.4,59.4,0
2025-12-10T23:50:15.498457,21.5,59.5,0
2025-12-10T23:50:17.753260,21.4,59.4,1
2025-12-10T23:50:20.007843,21.4,59.4,0
2025-12-10T23:50:22.262070,21.4,59.4,1
2025-12-10T23:50:24.516595,21.5,59.5,0
2025-12-10T23:50:26.773061,21.4,59.4,0
2025-12-10T23:50:29.027585,21.5,59.4,0
2025-12-10T23:50:31.282650,21.4,59.3,0
2025-12-10T23:50:33.536996,21.4,59.3,0
2025-12-10T23:50:35.791154,21.5,59.4,0
2025-12-10T23:50:38.045556,21.4,59.2,1
2025-12-10T23:50:40.300276,21.4,59.2,0
2025-12-10T23:50:42.555028,21.4,59.2,1
2025-12-10T23:50:44.809483,21.4,59.2,0
2025-12-10T23:50:47.063815,21.4,59.2,0
2025-12-10T23:50:49.318000,21.4,59.1,0
2025-12-10T23:50:51.572629,21.4,59.1,0
2025-12-10T23:50:53.827245,21.5,59.2,0
2025-12-10T23:50:56.081403,21.4,59.1,0
2025-12-10T23:50:58.336301,21.4,59.1,0
2025-12-10T23:51:00.590572,21.4,59.1,0
2025-12-10T23:51:02.844679,21.4,59.1,0
2025-12-10T23:51:05.098973,21.5,59.2,0
2025-12-10T23:51:07.353072,21.5,59.2,0
2025-12-10T23:51:09.607580,21.4,59.1,0
2025-12-10T23:51:11.862253,21.4,59.2,1
2025-12-10T23:51:14.116743,21.4,59.1,0
2025-12-10T23:51:16.371334,21.5,59.2,0
2025-12-10T23:51:18.626097,21.4,59.1,0
2025-12-10T23:51:20.880654,21.4,59.1,0
2025-12-10T23:51:23.135105,21.4,59.1,1
2025-12-10T23:51:25.389575,21.4,59.2,0
2025-12-10T23:51:27.644196,21.4,59.2,0
2025-12-10T23:51:29.898253,21.4,59.2,0
2025-12-10T23:51:32.152508,21.4,59.1,0
2025-12-10T23:51:34.407085,21.4,59.2,0
2025-12-10T23:51:36.661592,21.4,59.2,0
2025-12-10T23:51:38.916337,21.4,59.2,0
2025-12-10T23:51:41.170882,21.4,59.2,0
2025-12-10T23:51:43.425454,21.5,59.2,0
2025-12-10T23:51:45.679758,21.5,59.2,0
2025-12-10T23:51:47.934333,21.4,59.2,0
2025-12-10T23:51:50.188785,21.4,59.2,0
2025-12-10T23:51:52.443543,21.4,59.2,0
2025-12-10T23:51:54.698114,21.4,59.2,0
2025-12-10T23:51:56.952516,21.5,59.2,0
2025-12-10T23:51:59.206875,21.4,59.2,0
2025-12-10T23:52:01.461457,21.4,59.2,0
2025-12-10T23:52:03.715558,21.4,59.2,1
2025-12-10T23:52:05.970043,21.4,59.2,0
2025-12-10T23:52:08.224516,21.5,59.3,0
2025-12-10T23:52:10.478627,21.4,59.2,0
2025-12-10T23:52:12.733291,21.4,59.2,0
2025-12-10T23:52:14.987962,21.4,59.3,0
2025-12-10T23:52:17.242389,21.4,59.3,0
2025-12-10T23:52:19.496972,21.4,59.3,0
2025-12-10T23:52:21.751659,21.4,59.3,1
2025-12-10T23:52:24.006188,21.5,59.4,0
2025-12-10T23:52:26.260625,21.5,59.4,0
2025-12-10T23:52:28.515292,21.4,59.3,1
2025-12-10T23:52:30.769507,21.5,59.4,0
2025-12-10T23:52:33.024349,21.4,59.3,0
2025-12-10T23:52:35.278836,21.4,59.3,0
2025-12-10T23:52:37.533196,21.4,59.3,0
2025-12-10T23:52:39.788005,21.5,59.4,0
2025-12-10T23:52:42.042317,21.4,59.3,0
2025-12-10T23:52:44.296568,21.4,59.3,1
2025-12-10T23:52:46.550901,21.4,59.3,0
2025-12-10T23:52:48.805412,21.4,59.3,0
2025-12-10T23:52:51.059986,21.4,59.3,1
2025-12-10T23:52:53.314675,21.4,59.3,0
2025-12-10T23:52:55.568793,21.5,59.4,0
2025-12-10T23:52:57.822920,21.5,59.4,0
2025-12-10T23:53:00.077670,21.4,59.3,0
2025-12-10T23:53:02.332470,21.4,59.3,0
2025-12-10T23:53:04.586849,21.5,59.4,0
2025-12-10T23:53:06.841589,21.5,59.4,0
2025-12-10T23:53:09.097088,21.4,59.3,0
2025-12-10T23:53:11.351174,21.4,59.3,1
2025-12-10T23:53:13.605673,21.4,59.3,0
2025-12-10T23:53:15.860252,21.4,59.3,1
2025-12-10T23:53:18.114712,21.4,59.3,0
2025-12-10T23:53:20.369461,21.5,59.4,0
2025-12-10T23:53:22.624018,21.4,59.4,0
2025-12-10T23:53:24.878577,21.5,59.4,0
2025-12-10T23:53:27.133325,21.4,59.3,1
2025-12-10T23:53:29.388021,21.4,59.3,0
2025-12-10T23:53:31.642610,21.4,59.3,0
2025-12-10T23:53:33.897352,21.4,59.3,1
2025-12-10T23:53:36.152021,21.4,59.4,0
2025-12-10T23:53:38.406613,21.4,59.3,0
2025-12-10T23:53:40.661235,21.4,59.3,0
2025-12-10T23:53:42.915880,21.4,59.3,0
2025-12-10T23:53:45.170192,21.4,59.3,0
2025-12-10T23:53:47.425011,21.4,59.3,0
2025-12-10T23:53:49.679583,21.4,59.3,0
2025-12-10T23:53:51.934010,21.4,59.3,0
2025-12-10T23:53:54.188681,21.4,59.3,0
2025-12-10T23:53:56.443353,21.4,59.3,1
2025-12-10T23:53:58.697673,21.4,59.3,0
2025-12-10T23:54:00.952404,21.5,59.4,0
2025-12-10T23:54:03.208842,21.5,59.4,0
2025-12-10T23:54:05.463435,21.4,59.3,0
2025-12-10T23:54:07.718072,21.4,59.3,0
2025-12-10T23:54:09.972612,21.4,59.3,0
2025-12-10T23:54:12.226896,21.5,59.4,0
2025-12-10T23:54:14.481443,21.5,59.4,0
2025-12-10T23:54:16.735920,21.4,59.3,0
2025-12-10T23:54:18.990410,21.4,59.3,0
2025-12-10T23:54:21.245076,21.4,59.3,0
2025-12-10T23:54:23.499743,21.4,59.3,0
2025-12-10T23:54:25.754105,21.4,59.3,0
2025-12-10T23:54:28.008848,21.5,59.4,0
2025-12-10T23:54:30.263499,21.5,59.4,0
2025-12-10T23:54:32.518104,21.4,59.3,0
2025-12-10T23:54:34.772370,21.4,59.2,1
2025-12-10T23:54:37.027004,21.4,59.3,0
2025-12-10T23:54:39.281507,21.4,59.2,0
2025-12-10T23:54:41.536245,21.4,59.2,0
2025-12-10T23:54:43.790638,21.4,59.2,0
2025-12-10T23:54:46.045264,21.4,59.2,0
2025-12-10T23:54:48.300205,21.5,59.3,0
2025-12-10T23:54:50.554484,21.4,59.2,0
2025-12-10T23:54:52.808518,21.4,59.2,0
2025-12-10T23:54:55.063253,21.4,59.2,0
2025-12-10T23:54:57.317909,21.4,59.2,0
2025-12-10T23:54:59.572497,21.5,59.3,0
2025-12-10T23:55:01.827028,21.4,59.2,0
2025-12-10T23:55:04.081488,21.4,59.2,0
2025-12-10T23:55:06.336176,21.4,59.2,0
2025-12-10T23:55:08.590966,21.4,59.2,0
2025-12-10T23:55:10.845142,21.4,59.2,0
2025-12-10T23:55:13.099643,21.4,59.2,0
2025-12-10T23:55:15.353979,21.4,59.2,0
2025-12-10T23:55:17.610700,21.5,59.3,0
2025-12-10T23:55:19.864900,21.4,59.2,0
2025-12-10T23:55:22.119106,21.4,59.2,0
2025-12-10T23:55:24.373758,21.5,59.3,0
2025-12-10T23:55:26.628379,21.4,59.2,0
2025-12-10T23:55:28.883080,21.5,59.3,0
2025-12-10T23:55:31.137669,21.4,59.2,0
2025-12-10T23:55:33.392274,21.4,59.2,0
2025-12-10T23:55:35.646545,21.4,59.2,0
2025-12-10T23:55:37.901107,21.5,59.3,0
2025-12-10T23:55:40.155706,21.4,59.2,0
2025-12-10T23:55:42.410497,21.4,59.2,0
2025-12-10T23:55:44.664946,21.5,59.3,1
2025-12-10T23:55:46.919395,21.4,59.2,0
2025-12-10T23:55:49.174100,21.5,59.3,0
2025-12-10T23:55:51.428770,21.4,59.2,1
2025-12-10T23:55:53.683312,21.4,59.2,0
2025-12-10T23:55:55.937664,21.4,59.2,1
2025-12-10T23:55:58.192362,21.5,59.3,0
2025-12-10T23:56:00.446881,21.4,59.2,0
2025-12-10T23:56:02.701502,21.5,59.3,0
2025-12-10T23:56:04.956139,21.4,59.2,0
2025-12-10T23:56:07.210579,21.4,59.2,0
2025-12-10T23:56:09.465097,21.4,59.2,0
2025-12-10T23:56:11.721663,21.5,59.3,0
2025-12-10T23:56:13.975602,21.4,59.2,0
2025-12-10T23:56:16.230047,21.5,59.2,0
2025-12-10T23:56:18.484713,21.4,59.2,0
2025-12-10T23:56:20.739293,21.4,59.2,0
2025-12-10T23:56:22.993683,21.5,59.2,0
2025-12-10T23:56:25.248379,21.4,59.2,0
2025-12-10T23:56:27.502953,21.4,59.2,0
2025-12-10T23:56:29.757645,21.5,59.2,0
2025-12-10T23:56:32.011725,21.5,59.3,0
2025-12-10T23:56:34.266081,21.5,59.3,0
2025-12-10T23:56:36.520835,21.4,59.2,0
2025-12-10T23:56:38.775426,21.4,59.2,1
2025-12-10T23:56:41.029583,21.4,59.2,0
2025-12-10T23:56:43.284295,21.4,59.2,0
2025-12-10T23:56:45.538383,21.4,59.2,0
2025-12-10T23:56:47.792939,21.5,59.2,0
2025-12-10T23:56:50.047605,21.4,59.2,0
2025-12-10T23:56:52.302299,21.4,59.2,0
2025-12-10T23:56:54.556907,21.4,59.2,0
2025-12-10T23:56:56.811633,21.5,59.3,0
2025-12-10T23:56:59.066151,21.4,59.2,0
2025-12-10T23:57:01.320506,21.5,59.3,0
2025-12-10T23:57:03.575212,21.4,59.2,1
2025-12-10T23:57:05.829463,21.4,59.2,0
2025-12-10T23:57:08.083436,21.5,59.3,0
2025-12-10T23:57:10.337792,21.4,59.2,0
2025-12-10T23:57:12.592399,21.4,59.2,0
2025-12-10T23:57:14.846936,21.5,59.2,0
2025-12-10T23:57:17.101405,21.4,59.2,0
2025-12-10T23:57:19.357707,21.4,59.2,1
2025-12-10T23:57:21.611800,21.5,59.2,0
2025-12-10T23:57:23.866306,21.4,59.2,0
2025-12-10T23:57:26.120632,21.4,59.2,0
2025-12-10T23:57:28.375249,21.5,59.2,0
2025-12-10T23:57:30.629754,21.4,59.2,0
2025-12-10T23:57:32.886351,21.4,59.2,0
2025-12-10T23:57:35.140465,21.5,59.2,0
2025-12-10T23:57:37.395280,21.4,59.2,0
2025-12-10T23:57:39.649886,21.5,59.2,0
2025-12-10T23:57:41.904331,21.4,59.2,0
2025-12-10T23:57:44.158942,21.4,59.2,0
2025-12-10T23:57:46.413548,21.4,59.2,0
2025-12-10T23:57:48.668132,21.4,59.2,0
2025-12-10T23:57:50.922804,21.5,59.2,0
2025-12-10T23:57:53.176969,21.4,59.2,0
2025-12-10T23:57:55.431534,21.5,59.2,1
2025-12-10T23:57:57.686180,21.5,59.3,0
2025-12-10T23:57:59.940650,21.5,59.2,0
2025-12-10T23:58:02.194621,21.5,59.2,0
2025-12-10T23:58:04.448963,21.5,59.2,0
2025-12-10T23:58:06.703566,21.5,59.2,0
2025-12-10T23:58:08.957828,21.4,59.1,0
2025-12-10T23:58:11.212414,21.4,59.1,0
2025-12-10T23:58:13.466972,21.4,59.2,0
2025-12-10T23:58:15.721516,21.4,59.1,0
2025-12-10T23:58:17.976245,21.5,59.2,1
2025-12-10T23:58:20.230809,21.4,59.1,0
2025-12-10T23:58:22.485071,21.5,59.2,0
2025-12-10T23:58:24.739520,21.4,59.1,0
2025-12-10T23:58:26.994133,21.4,59.0,0
2025-12-10T23:58:29.248682,21.4,59.0,0
2025-12-10T23:58:31.503459,21.4,59.0,0
2025-12-10T23:58:33.757682,21.4,59.0,1
2025-12-10T23:58:36.011797,21.5,59.1,0
2025-12-10T23:58:38.266405,21.4,59.0,0
2025-12-10T23:58:40.521003,21.4,59.0,0
2025-12-10T23:58:42.775563,21.5,59.0,0
2025-12-10T23:58:45.030062,21.5,59.0,1
2025-12-10T23:58:47.284304,21.4,59.0,0
2025-12-10T23:58:49.538730,21.5,59.1,0
2025-12-10T23:58:51.793541,21.4,59.0,0
2025-12-10T23:58:54.048235,21.5,59.1,0
2025-12-10T23:58:56.302658,21.4,59.1,0
2025-12-10T23:58:58.556759,21.4,59.1,0
2025-12-10T23:59:00.813161,21.4,59.1,0
2025-12-10T23:59:03.067130,21.4,59.1,0
2025-12-10T23:59:05.321477,21.4,59.1,0
2025-12-10T23:59:07.576182,21.5,59.1,0
2025-12-10T23:59:09.830785,21.4,59.1,0
2025-12-10T23:59:12.085416,21.5,59.1,0
2025-12-10T23:59:14.339610,21.5,59.1,0
2025-12-10T23:59:16.593887,21.4,59.0,0
2025-12-10T23:59:18.848688,21.4,59.1,0
2025-12-10T23:59:21.103236,21.5,59.1,1
2025-12-10T23:59:23.357333,21.4,59.1,0
2025-12-10T23:59:25.612164,21.5,59.1,1
2025-12-10T23:59:27.866738,21.5,59.1,0
2025-12-10T23:59:30.121152,21.4,59.0,0
2025-12-10T23:59:32.375848,21.4,59.0,0
2025-12-10T23:59:34.630000,21.5,59.1,0
2025-12-10T23:59:36.884418,21.5,59.1,0
2025-12-10T23:59:39.139152,21.5,59.1,0
2025-12-10T23:59:41.393513,21.4,59.0,1
2025-12-10T23:59:43.648020,21.4,58.9,0
2025-12-10T23:59:45.902737,21.5,59.0,0
2025-12-10T23:59:48.157199,21.4,58.8,0
2025-12-10T23:59:50.411193,21.5,58.9,0
2025-12-10T23:59:52.665528,21.4,58.8,1
2025-12-10T23:59:54.920166,21.4,58.8,0
2025-12-10T23:59:57.174613,21.5,58.8,1
2025-12-10T23:59:59.429274,21.4,58.8,0
