timestamp,temperature_C,humidity,accel_x_m_s2,accel_y_m_s2,accel_z_m_s2
2026-01-01T17:42:22.175,20.6,54.7,0.0,-1.9221034,11.1011278
2026-01-01T17:42:24.431,18.6,47.1,0.0,-1.8828768,11.1011278
2026-01-01T17:42:26.687,18.4,46.9,0.0,-1.8828768,11.1403544
2026-01-01T17:42:28.943,18.4,47.0,0.0,-1.9221034,11.2580342
2026-01-01T17:42:31.198,18.4,47.0,-0.0392266,-1.9221034,11.061901200000001
2026-01-01T17:42:33.454,18.4,47.0,0.0,-1.9221034,11.179581
2026-01-01T17:42:35.710,18.5,47.0,0.0,-1.9221034,11.179581
2026-01-01T17:42:37.966,18.5,47.0,0.0,-1.9221034,11.1011278
2026-01-01T17:42:40.221,18.4,47.0,-0.0784532,-1.9221034,11.1403544
2026-01-01T17:42:42.477,18.4,47.0,-0.0392266,-1.9221034,11.2188076
2026-01-01T17:42:44.733,18.5,47.0,-0.0392266,-1.8436502,11.1011278
2026-01-01T17:42:46.988,18.4,47.0,0.0,-1.8828768,11.179581
2026-01-01T17:42:49.244,18.4,46.9,0.0,-1.96133,11.2188076
2026-01-01T17:42:51.500,18.5,47.0,0.0,-1.9221034,11.1403544
2026-01-01T17:42:53.755,18.4,47.0,-0.0392266,-1.96133,11.061901200000001
2026-01-01T17:42:56.011,18.4,47.0,0.0,-1.96133,11.179581
2026-01-01T17:42:58.267,18.4,46.9,-0.0392266,-1.8828768,11.0226746
2026-01-01T17:43:00.522,18.5,47.0,0.0,-1.8828768,11.1403544
2026-01-01T17:43:02.778,18.5,47.0,-0.0392266,-1.8828768,11.1011278
2026-01-01T17:43:05.034,18.5,47.0,0.0,-1.8828768,11.1403544
2026-01-01T17:43:07.289,18.5,47.0,0.0,-1.96133,11.179581
2026-01-01T17:43:09.545,18.4,47.0,0.0,-1.8828768,11.061901200000001
2026-01-01T17:43:11.801,18.4,47.0,-0.0392266,-1.9221034,11.179581
2026-01-01T17:43:14.057,18.4,46.9,-0.0392266,-1.8828768,11.1011278
2026-01-01T17:43:16.313,18.4,46.9,0.0,-1.8436502,11.179581
2026-01-01T17:43:18.568,18.5,47.0,-0.0392266,-1.8828768,11.1011278
2026-01-01T17:43:20.824,18.5,47.0,-0.0392266,-1.8828768,11.1011278
2026-01-01T17:43:23.080,18.4,46.9,-0.0392266,-1.96133,11.2972608
2026-01-01T17:43:25.335,18.4,46.9,-0.0392266,-1.9221034,11.1403544
2026-01-01T17:43:27.591,18.5,47.0,0.0,-1.9221034,11.1403544
2026-01-01T17:43:29.847,18.4,46.9,0.0,-1.8436502,11.061901200000001
2026-01-01T17:43:32.103,18.4,46.9,0.0,-1.8828768,11.179581
2026-01-01T17:43:34.359,18.4,46.9,-0.0392266,-1.8828768,11.179581
2026-01-01T17:43:36.614,18.5,47.0,-0.0392266,-1.96133,11.179581
2026-01-01T17:43:38.870,18.5,47.0,0.0,-1.8828768,11.1011278
2026-01-01T17:43:41.126,18.4,46.9,-0.0392266,-1.96133,11.1011278
2026-01-01T17:43:43.381,18.5,46.9,0.0,-1.8828768,11.1403544
2026-01-01T17:43:45.637,18.5,47.0,-0.0392266,-1.8436502,11.061901200000001
2026-01-01T17:43:47.893,18.5,47.0,-0.0392266,-1.9221034,11.2188076
2026-01-01T17:43:50.149,18.5,47.0,-0.0392266,-1.8436502,11.1011278
2026-01-01T17:43:52.404,18.5,47.0,0.0,-1.96133,11.1403544
2026-01-01T17:43:54.660,18.5,47.0,0.0,-1.9221034,11.1403544
2026-01-01T17:43:56.916,18.5,47.0,-0.0392266,-1.8828768,11.1011278
2026-01-01T17:43:59.172,18.5,47.0,0.0,-1.8828768,11.179581
2026-01-01T17:44:01.427,18.5,47.0,0.0,-1.8828768,11.1011278
2026-01-01T17:44:03.683,18.5,47.0,-0.0392266,-1.9221034,11.179581
2026-01-01T17:44:05.939,18.5,47.0,0.0,-1.9221034,11.179581
2026-01-01T17:44:08.194,18.5,47.0,0.0,-1.8828768,11.179581
2026-01-01T17:44:10.450,18.5,47.0,-0.0392266,-1.9221034,11.1403544
2026-01-01T17:44:12.706,18.5,46.9,0.0,-1.9221034,11.1403544
2026-01-01T17:44:14.962,18.5,47.0,0.0,-1.8828768,11.1403544
2026-01-01T17:44:17.217,18.5,46.9,0.0,-1.9221034,11.061901200000001
2026-01-01T17:44:19.473,18.5,46.9,0.0,-1.8828768,11.1011278
2026-01-01T17:44:21.728,18.5,46.9,-0.0392266,-1.8828768,11.179581
2026-01-01T17:44:23.984,18.5,46.9,0.0,-1.8828768,11.1403544
2026-01-01T17:44:26.240,18.5,46.9,-0.0784532,-1.9221034,11.1011278
2026-01-01T17:44:28.496,18.5,46.9,0.0,-2.0005566,11.061901200000001
2026-01-01T17:44:30.751,18.5,46.9,0.0,-1.96133,11.2188076
2026-01-01T17:44:33.007,18.5,46.9,0.0,-1.9221034,11.2188076
2026-01-01T17:44:35.263,18.5,46.9,0.0,-1.96133,11.2188076
2026-01-01T17:44:37.518,,,0.0,-1.8828768,11.061901200000001
2026-01-01T17:44:39.774,18.5,47.0,-0.0392266,-1.8828768,11.1011278
2026-01-01T17:44:42.030,18.5,47.0,0.0,-1.9221034,11.179581
2026-01-01T17:44:44.286,18.5,47.0,0.0,-1.8828768,11.1011278
2026-01-01T17:44:46.542,18.5,47.0,0.0,-1.96133,11.2188076
2026-01-01T17:44:48.797,18.5,47.0,0.0,-1.8828768,11.1403544
2026-01-01T17:44:51.053,18.5,47.0,-0.0392266,-1.8436502,11.061901200000001
2026-01-01T17:44:53.309,18.5,47.0,0.0,-1.8828768,11.061901200000001
2026-01-01T17:44:55.565,18.5,47.0,0.0,-1.8828768,11.061901200000001
2026-01-01T17:44:57.820,18.5,47.0,-0.0392266,-1.96133,11.1403544
2026-01-01T17:45:00.076,18.5,47.0,-0.0392266,-1.9221034,11.179581
2026-01-01T17:45:02.332,18.5,47.1,0.0,-1.96133,11.2188076
2026-01-01T17:45:04.588,18.5,47.1,0.0,-1.9221034,11.2188076
2026-01-01T17:45:06.843,18.5,47.1,0.0,-1.8828768,11.2188076
2026-01-01T17:45:09.099,18.5,47.1,-0.0392266,-1.9221034,11.2580342
2026-01-01T17:45:11.356,18.5,47.1,-0.0392266,-1.8828768,11.1403544
2026-01-01T17:45:13.612,18.5,47.1,-0.0392266,-1.8828768,11.1011278
2026-01-01T17:45:15.868,18.5,47.1,0.0,-1.9221034,11.1403544
2026-01-01T17:45:18.124,18.5,47.0,0.0,-1.9221034,11.1403544
2026-01-01T17:45:20.379,18.5,47.0,0.0,-1.9221034,11.1403544
2026-01-01T17:45:22.635,18.5,47.0,0.0,-1.8828768,11.1403544
2026-01-01T17:45:24.891,18.5,47.0,0.0,-1.8828768,11.0226746
2026-01-01T17:45:27.147,18.5,47.0,-0.0392266,-1.8828768,11.179581
2026-01-01T17:45:29.402,18.5,47.0,-0.0392266,-1.8828768,11.1011278
2026-01-01T17:45:31.658,18.5,47.0,-0.0392266,-1.8436502,11.061901200000001
2026-01-01T17:45:33.914,18.5,47.0,-0.0392266,-1.9221034,11.1403544
2026-01-01T17:45:36.169,18.5,47.1,0.0,-1.96133,11.2188076
2026-01-01T17:45:38.425,18.5,47.1,0.0,-1.8828768,11.179581
2026-01-01T17:45:40.681,18.5,47.1,0.0,-1.9221034,11.2580342
2026-01-01T17:45:42.936,18.5,47.1,0.0,-1.9221034,11.2188076
2026-01-01T17:45:45.192,18.5,47.1,0.0,-1.8828768,11.1011278
2026-01-01T17:45:47.448,18.5,47.1,0.0,-1.9221034,11.1403544
2026-01-01T17:45:49.703,18.5,47.1,0.0,-1.9221034,11.179581
2026-01-01T17:45:51.959,18.5,47.1,0.0,-1.9221034,11.1403544
2026-01-01T17:45:54.215,18.5,47.1,0.0,-1.96133,11.2188076
2026-01-01T17:45:56.470,18.5,47.1,0.0,-1.9221034,11.1011278
2026-01-01T17:45:58.726,18.5,47.1,0.0,-1.8828768,11.0226746
2026-01-01T17:46:00.982,18.5,47.1,-0.0392266,-1.8828768,11.1011278
2026-01-01T17:46:03.237,18.5,47.1,0.0,-1.8828768,11.061901200000001
2026-01-01T17:46:05.493,18.5,47.1,0.0,-1.8828768,11.1011278
2026-01-01T17:46:07.749,18.5,47.1,-0.0392266,-1.8828768,11.1011278
2026-01-01T17:46:10.005,18.5,47.1,-0.0392266,-1.9221034,11.179581
2026-01-01T17:46:12.260,18.5,47.0,0.0,-1.9221034,11.1011278
2026-01-01T17:46:14.516,18.5,47.0,0.0,-1.9221034,11.1403544
2026-01-01T17:46:16.772,18.5,47.0,0.0,-1.9221034,11.1403544
2026-01-01T17:46:19.027,18.5,47.0,0.0,-1.9221034,11.179581
2026-01-01T17:46:21.283,18.5,47.0,-0.0392266,-1.9221034,11.179581
2026-01-01T17:46:23.539,18.5,47.0,0.0,-1.8436502,11.061901200000001
2026-01-01T17:46:25.794,18.5,47.0,-0.0392266,-1.8828768,11.0226746
2026-01-01T17:46:28.050,18.5,47.0,0.0,-1.9221034,11.061901200000001
2026-01-01T17:46:30.306,18.5,47.0,-0.0392266,-1.8436502,11.061901200000001
2026-01-01T17:46:32.561,18.5,47.0,-0.0392266,-1.8828768,11.0226746
2026-01-01T17:46:34.817,18.5,47.0,0.0,-1.96133,11.2188076
2026-01-01T17:46:37.073,18.5,47.1,-0.0392266,-1.9221034,11.2188076
2026-01-01T17:46:39.328,18.5,47.0,-0.0392266,-1.9221034,11.1011278
2026-01-01T17:46:41.584,18.5,47.0,0.0,-1.9221034,11.1011278
2026-01-01T17:46:43.840,18.5,47.0,-0.0392266,-1.8828768,11.1011278
2026-01-01T17:46:46.095,18.5,47.0,0.0,-1.8828768,11.1011278
2026-01-01T17:46:48.351,18.5,47.0,-0.0392266,-1.8828768,11.1403544
2026-01-01T17:46:50.607,18.5,47.0,-0.0392266,-1.8828768,11.1403544
2026-01-01T17:46:52.862,18.5,47.0,0.0,-1.96133,11.2188076
2026-01-01T17:46:55.118,18.5,47.1,0.0,-1.9221034,11.0226746
2026-01-01T17:46:57.374,18.5,47.0,-0.0392266,-1.9221034,11.0226746
2026-01-01T17:46:59.629,18.5,47.0,-0.0392266,-1.8436502,11.1011278
2026-01-01T17:47:01.885,18.5,47.0,0.0,-1.9221034,11.179581
2026-01-01T17:47:04.141,18.5,47.0,0.0,-1.8828768,11.179581
2026-01-01T17:47:06.396,18.5,47.0,0.0,-1.8828768,11.179581
2026-01-01T17:47:08.652,18.5,47.1,-0.0392266,-1.96133,11.1403544
2026-01-01T17:47:10.908,18.5,47.1,0.0,-1.9221034,11.061901200000001
2026-01-01T17:47:13.163,18.5,47.1,-0.0392266,-1.8828768,11.1011278
2026-01-01T17:47:15.419,18.5,47.1,-0.0392266,-1.9221034,11.2188076
2026-01-01T17:47:17.675,18.5,47.1,0.0,-1.8828768,11.2188076
2026-01-01T17:47:19.931,18.5,47.1,0.0,-1.96133,11.2580342
2026-01-01T17:47:22.186,18.5,47.1,-0.0392266,-1.8436502,10.983448000000001
2026-01-01T17:47:24.442,18.5,47.1,-0.0784532,-1.8828768,11.1011278
2026-01-01T17:47:26.698,18.5,47.1,0.0,-1.8828768,11.1011278
2026-01-01T17:47:28.954,18.5,47.0,0.0,-1.96133,11.2188076
2026-01-01T17:47:31.209,18.5,47.0,0.0,-1.8828768,11.1403544
2026-01-01T17:47:33.465,18.5,47.1,0.0,-1.8828768,11.1011278
2026-01-01T17:47:35.721,18.5,47.1,-0.0784532,-1.8436502,11.1011278
2026-01-01T17:47:37.977,18.5,47.1,-0.0392266,-1.8828768,11.1403544
2026-01-01T17:47:40.232,18.5,47.1,0.0,-1.9221034,11.179581
2026-01-01T17:47:42.488,18.5,47.1,-0.0392266,-1.9221034,11.1011278
2026-01-01T17:47:44.744,18.5,47.1,-0.0392266,-1.8436502,11.1011278
2026-01-01T17:47:46.999,18.5,47.1,0.0,-1.8828768,11.061901200000001
2026-01-01T17:47:49.255,18.5,47.1,0.0,-1.96133,11.179581
2026-01-01T17:47:51.511,18.5,47.1,0.0,-1.8828768,11.1403544
2026-01-01T17:47:53.766,18.5,47.1,-0.0392266,-1.8436502,11.1011278
2026-01-01T17:47:56.022,18.5,47.2,0.0,-1.8828768,11.0226746
2026-01-01T17:47:58.278,18.5,47.1,-0.0392266,-1.8436502,11.1403544
2026-01-01T17:48:00.534,18.5,47.1,0.0,-1.8828768,11.1403544
2026-01-01T17:48:02.789,18.5,47.1,-0.0392266,-1.8828768,11.1011278
2026-01-01T17:48:05.045,18.5,47.0,-0.0392266,-1.8828768,11.061901200000001
2026-01-01T17:48:07.301,18.5,47.0,-0.0392266,-1.9221034,11.1011278
2026-01-01T17:48:09.556,18.5,46.9,-0.0392266,-1.9221034,11.1011278
2026-01-01T17:48:11.812,18.5,46.9,0.0,-1.9221034,11.1011278
2026-01-01T17:48:14.068,18.5,46.9,-0.0392266,-1.8828768,11.1011278
2026-01-01T17:48:16.323,18.5,46.9,0.0,-1.8828768,11.1403544
2026-01-01T17:48:18.579,18.5,46.8,-0.0392266,-1.9221034,11.179581
2026-01-01T17:48:20.835,18.5,46.8,0.0,-1.8436502,11.1011278
2026-01-01T17:48:23.090,18.5,46.8,0.0,-1.8828768,11.061901200000001
2026-01-01T17:48:25.346,18.5,46.8,0.0,-1.8828768,11.179581
2026-01-01T17:48:27.602,18.5,46.8,-0.0392266,-1.9221034,11.2188076
2026-01-01T17:48:29.858,18.5,46.8,-0.0392266,-1.9221034,11.1403544
2026-01-01T17:48:32.113,18.5,46.9,-0.0392266,-1.9221034,11.1011278
2026-01-01T17:48:34.369,18.5,46.8,0.0,-1.9221034,11.1403544
2026-01-01T17:48:36.625,18.5,46.7,0.0,-1.9221034,11.1011278
2026-01-01T17:48:38.880,18.5,46.7,-0.0392266,-1.8828768,11.1011278
2026-01-01T17:48:41.136,18.5,46.7,-0.0392266,-1.8436502,11.061901200000001
2026-01-01T17:48:43.392,18.5,46.8,-0.0392266,-1.96133,11.1403544
2026-01-01T17:48:45.647,18.5,46.8,0.0,-1.9221034,11.1403544
2026-01-01T17:48:47.903,18.5,46.8,-0.0392266,-1.8436502,11.061901200000001
2026-01-01T17:48:50.159,18.5,46.9,-0.0392266,-1.9221034,11.179581
2026-01-01T17:48:52.414,18.5,47.0,-0.0392266,-1.8828768,11.1403544
2026-01-01T17:48:54.670,18.5,47.0,0.0,-1.8828768,11.061901200000001
2026-01-01T17:48:56.926,18.5,47.0,0.0,-1.8436502,11.0226746
2026-01-01T17:48:59.182,18.5,47.0,-0.0392266,-1.9221034,11.1403544
2026-01-01T17:49:01.437,18.5,47.1,0.0,-1.8828768,11.061901200000001
2026-01-01T17:49:03.693,18.5,47.1,0.0,-1.8436502,11.1011278
2026-01-01T17:49:05.949,18.5,47.1,0.0,-1.8828768,11.1403544
2026-01-01T17:49:08.204,18.5,47.1,-0.0392266,-1.9221034,11.2188076
2026-01-01T17:49:10.460,18.5,47.2,0.0,-1.9221034,11.0226746
2026-01-01T17:49:12.716,18.5,47.1,0.0,-1.8828768,11.1403544
2026-01-01T17:49:14.971,18.5,47.1,0.0,-1.9221034,11.179581
2026-01-01T17:49:17.227,18.5,47.1,0.0,-1.9221034,11.179581
2026-01-01T17:49:19.483,18.5,47.2,0.0,-1.8044235999999998,10.983448000000001
2026-01-01T17:49:21.738,18.5,47.2,0.0,-1.8828768,11.1403544
2026-01-01T17:49:23.994,18.5,47.1,-0.0392266,-1.9221034,11.179581
2026-01-01T17:49:26.250,18.5,47.2,0.0,-1.96133,11.179581
2026-01-01T17:49:28.506,18.5,47.1,0.0,-1.8828768,11.1403544
2026-01-01T17:49:30.761,18.5,47.2,-0.0392266,-1.8828768,11.1403544
2026-01-01T17:49:33.017,18.5,47.1,-0.0392266,-1.9221034,11.179581
2026-01-01T17:49:35.273,18.5,47.2,-0.0392266,-1.96133,11.179581
2026-01-01T17:49:37.529,18.5,47.2,-0.0392266,-1.8828768,11.1011278
2026-01-01T17:49:39.784,18.5,47.2,0.0392266,-1.9221034,11.061901200000001
2026-01-01T17:49:42.040,,,0.0,-1.8828768,11.1403544
2026-01-01T17:49:44.296,18.5,47.3,-0.0392266,-1.9221034,11.179581
2026-01-01T17:49:46.551,18.5,47.4,-0.0392266,-1.9221034,11.1403544
2026-01-01T17:49:48.807,18.5,47.4,0.0,-1.8828768,11.1011278
2026-01-01T17:49:51.063,18.5,47.4,0.0,-1.8436502,11.1403544
2026-01-01T17:49:53.318,18.5,47.4,0.0,-1.9221034,11.179581
2026-01-01T17:49:55.574,18.5,47.4,0.0,-1.96133,11.179581
2026-01-01T17:49:57.830,18.5,47.5,-0.0392266,-1.8828768,11.1403544
2026-01-01T17:50:00.085,18.5,47.5,-0.0392266,-1.8436502,11.179581
2026-01-01T17:50:02.341,18.5,47.6,0.0,-1.8436502,11.1011278
2026-01-01T17:50:04.597,18.5,47.6,0.0,-1.9221034,11.2188076
2026-01-01T17:50:06.853,18.5,47.6,0.0,-1.9221034,11.1403544
2026-01-01T17:50:09.108,18.5,47.7,0.0,-1.9221034,11.179581
2026-01-01T17:50:11.364,18.5,47.7,0.0,-1.8436502,11.1011278
2026-01-01T17:50:13.620,18.5,47.7,-0.0392266,-1.9221034,11.1403544
2026-01-01T17:50:15.875,18.5,47.7,-0.0392266,-1.9221034,11.179581
2026-01-01T17:50:18.131,18.5,47.8,0.0,-1.9221034,11.179581
2026-01-01T17:50:20.386,18.5,47.7,0.0,-1.8828768,11.1011278
2026-01-01T17:50:22.642,18.5,47.6,0.0,-1.8436502,11.179581
2026-01-01T17:50:24.898,18.5,47.5,0.0,-1.9221034,11.1403544
2026-01-01T17:50:27.153,18.5,47.5,-0.0392266,-1.8828768,11.179581
2026-01-01T17:50:29.409,18.5,47.4,-0.0392266,-1.8828768,11.1011278
2026-01-01T17:50:31.665,18.5,47.4,0.0,-1.96133,11.2188076
2026-01-01T17:50:33.920,18.5,47.3,0.0,-1.96133,11.179581
2026-01-01T17:50:36.176,18.5,47.4,0.0,-1.96133,11.1403544
2026-01-01T17:50:38.432,18.5,47.4,0.0,-1.8828768,11.061901200000001
2026-01-01T17:50:40.688,18.5,47.3,0.0,-1.96133,11.2188076
2026-01-01T17:50:42.943,18.5,47.3,-0.0392266,-1.96133,11.2188076
2026-01-01T17:50:45.199,18.5,47.3,-0.0392266,-1.9221034,11.1403544
2026-01-01T17:50:47.455,18.5,47.3,-0.0392266,-1.8828768,11.1403544
2026-01-01T17:50:49.711,18.5,47.4,-0.0392266,-1.9221034,11.1011278
2026-01-01T17:50:51.966,18.5,47.4,0.0,-1.9221034,11.2188076
2026-01-01T17:50:54.222,18.5,47.3,0.0,-1.9221034,11.1403544
2026-01-01T17:50:56.478,18.5,47.3,-0.0392266,-1.9221034,11.1011278
2026-01-01T17:50:58.733,18.5,47.3,-0.0392266,-1.8828768,11.1011278
2026-01-01T17:51:00.989,18.5,47.3,-0.0392266,-1.9221034,11.179581
2026-01-01T17:51:03.245,18.5,47.4,-0.0392266,-1.9221034,11.179581
2026-01-01T17:51:05.501,18.5,47.4,0.0,-1.9221034,11.179581
2026-01-01T17:51:07.756,18.5,47.4,-0.0392266,-1.9221034,11.061901200000001
2026-01-01T17:51:10.012,18.5,47.4,0.0,-1.8436502,11.061901200000001
2026-01-01T17:51:12.268,18.5,47.4,-0.0392266,-1.8828768,11.179581
2026-01-01T17:51:14.523,18.5,47.5,-0.0392266,-1.8828768,11.1011278
2026-01-01T17:51:16.779,18.5,47.5,-0.0392266,-1.9221034,11.1403544
2026-01-01T17:51:19.035,18.5,47.5,-0.0392266,-1.8828768,11.1403544
2026-01-01T17:51:21.290,18.5,47.4,-0.0392266,-1.96133,11.1403544
2026-01-01T17:51:23.546,18.5,47.4,0.0,-1.9221034,11.1011278
2026-01-01T17:51:25.802,18.5,47.5,0.0,-1.8828768,11.061901200000001
2026-01-01T17:51:28.057,18.5,47.5,0.0,-1.96133,11.1403544
2026-01-01T17:51:30.313,18.5,47.5,0.0,-1.9221034,11.1403544
2026-01-01T17:51:32.571,18.5,47.5,0.0,-1.9221034,11.1011278
2026-01-01T17:51:34.826,18.5,47.5,-0.0392266,-1.8828768,11.1011278
2026-01-01T17:51:37.082,18.5,47.5,0.0,-1.8828768,11.1403544
2026-01-01T17:51:39.338,18.5,47.5,0.0,-1.96133,11.2188076
2026-01-01T17:51:41.593,18.5,47.4,0.0,-1.9221034,11.179581
2026-01-01T17:51:43.849,18.5,47.4,-0.0392266,-1.8828768,11.179581
2026-01-01T17:51:46.105,18.5,47.4,-0.0392266,-1.8828768,11.061901200000001
2026-01-01T17:51:48.361,18.5,47.4,0.0,-1.8828768,11.2188076
2026-01-01T17:51:50.616,18.5,47.4,0.0,-1.96133,11.1403544
2026-01-01T17:51:52.877,18.5,47.4,-0.0392266,-1.9221034,11.061901200000001
2026-01-01T17:51:55.132,18.5,47.4,0.0,-1.8828768,11.061901200000001
2026-01-01T17:51:57.393,18.5,47.5,0.0,-1.8828768,11.0226746
2026-01-01T17:51:59.653,18.5,47.4,0.0,-1.8828768,11.1011278
2026-01-01T17:52:01.908,18.5,47.4,0.0,-1.9221034,11.179581
2026-01-01T17:52:04.164,18.5,47.4,-0.0392266,-1.9221034,11.179581
2026-01-01T17:52:06.419,18.5,47.4,-0.0392266,-1.8828768,11.1011278
2026-01-01T17:52:08.675,18.5,47.4,0.0,-1.8828768,11.2188076
2026-01-01T17:52:10.931,18.5,47.4,0.0,-1.96133,11.2188076
2026-01-01T17:52:13.186,18.5,47.4,-0.0392266,-1.9221034,11.1403544
2026-01-01T17:52:15.442,18.5,47.4,0.0,-1.8828768,11.061901200000001
2026-01-01T17:52:17.698,18.5,47.5,0.0,-1.8828768,11.179581
2026-01-01T17:52:19.954,18.5,47.5,0.0,-1.8436502,11.179581
2026-01-01T17:52:22.209,18.5,47.5,0.0,-1.8436502,11.061901200000001
2026-01-01T17:52:24.465,18.5,47.5,-0.0392266,-1.8436502,11.061901200000001
2026-01-01T17:52:26.721,18.5,47.5,0.0,-1.9221034,11.1011278
2026-01-01T17:52:28.977,18.5,47.5,0.0,-1.96133,11.2188076
2026-01-01T17:52:31.232,18.5,47.5,0.0,-1.9221034,11.1011278
2026-01-01T17:52:33.488,18.5,47.6,-0.0392266,-1.8828768,11.061901200000001
2026-01-01T17:52:35.744,18.5,47.5,0.0,-1.8828768,11.1403544
2026-01-01T17:52:38.000,18.5,47.5,-0.0392266,-1.9221034,11.2188076
2026-01-01T17:52:40.255,18.5,47.5,-0.0784532,-1.8828768,11.0226746
2026-01-01T17:52:42.511,18.5,47.5,-0.0784532,-1.8828768,11.1403544
2026-01-01T17:52:44.767,18.5,47.5,-0.0392266,-1.8828768,11.179581
2026-01-01T17:52:47.022,18.5,47.6,0.0,-1.9221034,11.179581
2026-01-01T17:52:49.278,18.5,47.6,-0.0392266,-1.8828768,11.061901200000001
2026-01-01T17:52:51.534,18.5,47.6,0.0,-1.8828768,11.179581
2026-01-01T17:52:53.789,18.5,47.6,0.0,-1.9221034,11.179581
2026-01-01T17:52:56.045,18.5,47.6,0.0,-1.96133,11.1011278
2026-01-01T17:52:58.301,18.5,47.6,-0.0392266,-1.8828768,11.1011278
2026-01-01T17:53:00.558,18.5,47.6,0.0,-1.9221034,11.1403544
2026-01-01T17:53:02.813,18.5,47.6,-0.0392266,-1.9221034,11.1011278
2026-01-01T17:53:05.069,18.5,47.7,-0.0392266,-1.8828768,11.061901200000001
2026-01-01T17:53:07.325,18.5,47.7,-0.0392266,-1.8436502,11.1403544
2026-01-01T17:53:09.580,18.5,47.7,-0.0392266,-1.9221034,11.1011278
2026-01-01T17:53:11.836,18.5,47.6,0.0,-1.8828768,11.1403544
2026-01-01T17:53:14.092,18.5,47.5,0.0,-1.8436502,11.061901200000001
2026-01-01T17:53:16.348,18.5,47.5,0.0,-1.96133,11.1403544
2026-01-01T17:53:18.604,18.5,47.4,0.0,-1.96133,11.1403544
2026-01-01T17:53:20.859,18.5,47.4,0.0,-1.9221034,11.061901200000001
2026-01-01T17:53:23.115,18.5,47.3,-0.0392266,-1.9221034,11.179581
2026-01-01T17:53:25.371,18.5,47.2,-0.0392266,-1.8828768,11.2188076
2026-01-01T17:53:27.627,18.5,47.2,0.0,-1.8828768,11.1403544
2026-01-01T17:53:29.882,18.5,47.1,-0.0392266,-1.96133,11.2188076
2026-01-01T17:53:32.138,18.5,47.0,0.0,-1.9221034,11.179581
2026-01-01T17:53:34.394,18.5,46.9,0.0,-1.8828768,11.1403544
2026-01-01T17:53:36.650,18.6,46.9,0.0,-1.8828768,11.1403544
2026-01-01T17:53:38.905,18.5,46.8,0.0,-1.9221034,11.1403544
2026-01-01T17:53:41.161,18.5,46.8,-0.0392266,-1.8436502,11.1011278
2026-01-01T17:53:43.417,18.5,46.8,0.0,-1.8436502,11.1011278
2026-01-01T17:53:45.672,18.5,46.8,0.0,-1.9221034,11.179581
2026-01-01T17:53:47.928,18.5,46.8,-0.0392266,-1.8828768,11.1011278
2026-01-01T17:53:50.183,18.5,46.7,-0.0392266,-1.8828768,11.1011278
2026-01-01T17:53:52.439,18.5,46.7,0.0,-1.8828768,11.2188076
2026-01-01T17:53:54.694,18.5,46.7,0.0,-1.8436502,11.1403544
2026-01-01T17:53:56.950,18.5,46.7,-0.0392266,-1.9221034,11.179581
2026-01-01T17:53:59.206,18.5,46.7,0.0,-1.96133,11.1403544
2026-01-01T17:54:01.461,18.6,46.8,0.0,-1.8436502,11.061901200000001
2026-01-01T17:54:03.717,18.5,46.8,0.0,-1.8436502,11.1011278
2026-01-01T17:54:05.973,18.5,46.9,0.0,-1.9221034,11.179581
2026-01-01T17:54:08.228,18.6,47.0,-0.0392266,-1.8436502,11.1011278
2026-01-01T17:54:10.484,18.5,47.0,-0.0392266,-1.8828768,11.061901200000001
2026-01-01T17:54:12.740,18.6,47.1,0.0,-1.9221034,11.1403544
2026-01-01T17:54:14.996,18.5,47.2,0.0,-1.9221034,11.2188076
2026-01-01T17:54:17.251,18.5,47.1,0.0,-1.8436502,11.1011278
2026-01-01T17:54:19.507,18.5,47.0,0.0,-1.9221034,11.2188076
2026-01-01T17:54:21.762,18.5,47.0,0.0,-1.8828768,11.1011278
2026-01-01T17:54:24.018,18.5,47.0,0.0,-1.8436502,11.1011278
2026-01-01T17:54:26.274,18.5,47.1,0.0,-1.9221034,11.1403544
2026-01-01T17:54:28.530,18.5,47.1,0.0,-1.8828768,11.1011278
2026-01-01T17:54:30.785,18.5,47.1,-0.0392266,-1.8436502,11.1403544
2026-01-01T17:54:33.041,18.5,47.0,0.0,-1.8828768,11.179581
2026-01-01T17:54:35.297,18.5,47.0,-0.0392266,-1.8436502,11.1011278
2026-01-01T17:54:37.552,18.5,47.0,-0.0392266,-1.8828768,11.1403544
2026-01-01T17:54:39.808,18.5,46.9,0.0,-1.8828768,11.179581
2026-01-01T17:54:42.064,18.5,46.9,0.0,-1.8828768,11.1403544
2026-01-01T17:54:44.319,18.5,46.8,0.0,-1.96133,11.1403544
2026-01-01T17:54:46.575,18.5,46.8,0.0,-1.8828768,11.179581
2026-01-01T17:54:48.831,18.5,46.9,0.0,-1.8828768,11.061901200000001
2026-01-01T17:54:51.086,18.5,47.0,-0.0392266,-1.8828768,11.061901200000001
2026-01-01T17:54:53.342,18.6,47.1,0.0,-1.8828768,11.179581
2026-01-01T17:54:55.598,18.5,47.2,0.0,-1.8828768,11.1403544
2026-01-01T17:54:57.854,18.6,47.3,0.0,-1.8436502,11.1011278
2026-01-01T17:55:00.110,18.5,47.3,-0.0392266,-1.8828768,11.179581
2026-01-01T17:55:02.365,18.5,47.3,0.0,-1.9221034,11.179581
2026-01-01T17:55:04.621,18.5,47.4,0.0,-1.9221034,11.1011278
2026-01-01T17:55:06.877,18.5,47.4,0.0,-1.8436502,11.1403544
2026-01-01T17:55:09.133,18.5,47.4,-0.0392266,-1.9221034,11.179581
2026-01-01T17:55:11.388,18.5,47.4,0.0,-1.8828768,11.1403544
2026-01-01T17:55:13.644,18.5,47.4,0.0,-1.8828768,11.2580342
2026-01-01T17:55:15.900,18.5,47.3,0.0,-1.9221034,11.179581
2026-01-01T17:55:18.155,18.5,47.3,-0.0392266,-1.8828768,11.061901200000001
2026-01-01T17:55:20.411,18.5,47.2,-0.0392266,-1.8828768,11.1011278
2026-01-01T17:55:22.667,18.5,47.2,0.0,-1.9221034,11.2188076
2026-01-01T17:55:24.922,18.5,47.2,0.0,-1.8436502,11.1011278
2026-01-01T17:55:27.178,18.5,47.1,0.0,-1.9221034,11.1011278
2026-01-01T17:55:29.434,18.5,47.1,0.0,-1.9221034,11.179581
2026-01-01T17:55:31.690,18.5,47.0,-0.0392266,-1.8828768,11.1011278
2026-01-01T17:55:33.945,18.5,47.0,0.0,-1.8828768,11.179581
2026-01-01T17:55:36.201,18.5,47.0,0.0,-1.9221034,11.179581
2026-01-01T17:55:38.457,18.5,47.0,-0.0392266,-1.8828768,11.2188076
2026-01-01T17:55:40.712,18.5,46.9,-0.0392266,-1.9221034,11.1403544
2026-01-01T17:55:42.968,18.5,46.9,-0.0784532,-1.8828768,11.179581
2026-01-01T17:55:45.224,18.5,46.8,0.0,-1.8828768,11.179581
2026-01-01T17:55:47.479,18.5,46.7,0.0,-1.8828768,11.2188076
2026-01-01T17:55:49.735,18.5,46.5,0.0,-1.8828768,11.179581
2026-01-01T17:55:51.991,18.5,46.4,-0.0392266,-1.9221034,11.2580342
2026-01-01T17:55:54.247,18.5,46.3,0.0,-1.9221034,11.2188076
2026-01-01T17:55:56.502,18.5,46.3,0.0,-1.8828768,11.1011278
2026-01-01T17:55:58.758,18.5,46.3,0.0,-1.8828768,11.061901200000001
2026-01-01T17:56:01.014,18.5,46.3,0.0,-1.8828768,11.179581
2026-01-01T17:56:03.269,18.5,46.3,0.0,-1.9221034,11.1403544
2026-01-01T17:56:05.525,18.5,46.2,0.0,-1.8436502,11.1011278
2026-01-01T17:56:07.781,18.5,46.2,0.0,-1.8828768,11.0226746
2026-01-01T17:56:10.037,18.5,46.2,0.0,-1.8828768,11.2188076
2026-01-01T17:56:12.293,18.6,46.3,-0.0392266,-1.8828768,11.1011278
2026-01-01T17:56:14.549,18.5,46.4,-0.0392266,-1.8828768,11.1011278
2026-01-01T17:56:16.804,18.6,46.6,-0.0392266,-1.8828768,11.1403544
2026-01-01T17:56:19.059,18.6,46.8,0.0,-1.8436502,11.179581
2026-01-01T17:56:21.315,18.5,46.8,0.0,-1.8828768,11.1011278
2026-01-01T17:56:23.571,18.6,46.9,-0.0392266,-1.8436502,11.1011278
2026-01-01T17:56:25.826,18.6,47.0,-0.0784532,-1.8436502,11.1011278
2026-01-01T17:56:28.082,18.5,47.0,0.0,-1.9221034,11.2188076
2026-01-01T17:56:30.338,18.5,47.1,0.0,-1.8828768,11.1011278
2026-01-01T17:56:32.594,18.5,47.1,-0.0392266,-1.8436502,11.061901200000001
2026-01-01T17:56:34.850,18.6,47.2,0.0,-1.8828768,11.1403544
2026-01-01T17:56:37.105,18.5,47.2,-0.0392266,-1.8044235999999998,11.179581
2026-01-01T17:56:39.361,18.5,47.2,-0.0392266,-1.8828768,11.061901200000001
2026-01-01T17:56:41.616,18.5,47.2,0.0,-1.8828768,11.061901200000001
2026-01-01T17:56:43.877,18.6,47.3,-0.0392266,-1.8436502,11.061901200000001
2026-01-01T17:56:46.132,18.6,47.3,-0.0392266,-1.8828768,11.1403544
2026-01-01T17:56:48.393,18.6,47.3,0.0,-1.8436502,11.061901200000001
2026-01-01T17:56:50.653,18.5,47.3,0.0,-1.8044235999999998,11.1403544
2026-01-01T17:56:52.913,18.6,47.3,0.0,-1.8828768,11.179581
2026-01-01T17:56:55.173,18.5,47.3,0.0,-1.8828768,11.2972608
2026-01-01T17:56:57.429,18.5,47.3,0.0,-1.9221034,11.2188076
2026-01-01T17:56:59.689,18.5,47.3,0.0,-1.8828768,11.1011278
2026-01-01T17:57:01.949,18.5,47.4,0.0,-1.9221034,11.061901200000001
2026-01-01T17:57:04.204,18.5,47.4,-0.0392266,-1.8436502,11.0226746
2026-01-01T17:57:06.460,18.5,47.4,-0.0392266,-1.8828768,11.1011278
2026-01-01T17:57:08.721,18.6,47.5,0.0,-1.8828768,11.1403544
2026-01-01T17:57:10.981,18.6,47.6,0.0392266,-1.8828768,11.061901200000001
2026-01-01T17:57:13.241,18.5,47.5,0.0,-1.9221034,11.2188076
2026-01-01T17:57:15.496,18.5,47.5,0.0,-1.8828768,11.1403544
2026-01-01T17:57:17.752,18.5,47.5,0.0,-1.9221034,11.1403544
2026-01-01T17:57:20.013,18.5,47.6,-0.0392266,-1.8828768,11.1011278
2026-01-01T17:57:22.268,18.5,47.6,0.0,-1.8828768,11.1011278
2026-01-01T17:57:24.524,18.6,47.6,-0.0392266,-1.8828768,11.2188076
2026-01-01T17:57:26.779,18.6,47.6,0.0392266,-1.9221034,11.2188076
2026-01-01T17:57:29.037,18.5,47.5,0.0,-1.8828768,11.179581
2026-01-01T17:57:31.297,18.5,47.5,0.0,-1.8828768,11.1403544
2026-01-01T17:57:33.552,18.6,47.6,0.0,-1.8828768,11.1403544
2026-01-01T17:57:35.813,18.6,47.6,-0.0392266,-1.8828768,11.1403544
2026-01-01T17:57:38.069,18.5,47.6,0.0,-1.8828768,11.1403544
2026-01-01T17:57:40.324,18.5,47.6,-0.0392266,-1.8436502,11.179581
2026-01-01T17:57:42.580,18.6,47.7,0.0,-1.9221034,11.0226746
2026-01-01T17:57:44.836,18.5,47.7,0.0,-1.8436502,11.1403544
2026-01-01T17:57:47.091,18.5,47.7,0.0,-1.8828768,11.1011278
2026-01-01T17:57:49.347,18.5,47.7,0.0,-1.9221034,11.1011278
2026-01-01T17:57:51.603,18.6,47.7,0.0,-1.8436502,11.1011278
2026-01-01T17:57:53.858,18.5,47.6,-0.0392266,-1.8828768,11.1011278
2026-01-01T17:57:56.114,18.5,47.6,0.0,-1.96133,11.179581
2026-01-01T17:57:58.370,18.6,47.7,0.0,-1.8828768,11.061901200000001
2026-01-01T17:58:00.626,18.5,47.6,-0.0392266,-1.8828768,11.179581
2026-01-01T17:58:02.881,18.5,47.6,-0.0392266,-1.9221034,11.1011278
2026-01-01T17:58:05.137,18.5,47.6,0.0,-1.9221034,11.2972608
2026-01-01T17:58:07.393,18.6,47.6,-0.0392266,-1.8436502,11.1011278
2026-01-01T17:58:09.648,18.5,47.4,-0.0392266,-1.8828768,11.1011278
2026-01-01T17:58:11.904,18.5,47.4,0.0,-1.96133,11.179581
2026-01-01T17:58:14.160,18.5,47.2,0.0,-1.8436502,11.1011278
2026-01-01T17:58:16.416,18.5,47.1,0.0,-1.8828768,11.2188076
2026-01-01T17:58:18.672,18.5,47.0,-0.0392266,-1.9221034,11.179581
2026-01-01T17:58:20.927,18.5,47.1,-0.0784532,-1.9221034,11.1011278
2026-01-01T17:58:23.183,18.5,47.1,0.0,-1.8436502,11.1011278
2026-01-01T17:58:25.438,18.5,47.3,0.0,-1.9221034,11.2580342
2026-01-01T17:58:27.694,18.5,47.4,0.0,-1.8436502,11.1011278
2026-01-01T17:58:29.950,18.6,47.5,0.0,-1.8436502,11.061901200000001
2026-01-01T17:58:32.205,18.5,47.5,0.0,-1.8828768,11.1403544
2026-01-01T17:58:34.461,18.6,47.6,0.0,-1.8828768,11.2580342
2026-01-01T17:58:36.717,18.5,47.6,-0.0392266,-1.8828768,11.061901200000001
2026-01-01T17:58:38.973,18.5,47.6,-0.0392266,-1.8828768,11.1011278
2026-01-01T17:58:41.228,18.5,47.6,0.0,-1.8828768,11.2188076
2026-01-01T17:58:43.489,18.5,47.5,0.0,-1.96133,11.2188076
2026-01-01T17:58:45.744,18.5,47.4,0.0,-1.9221034,11.1403544
2026-01-01T17:58:48.000,18.6,47.4,-0.0392266,-1.8436502,11.0226746
2026-01-01T17:58:50.261,18.5,47.3,-0.0392266,-1.8828768,11.1403544
2026-01-01T17:58:52.516,18.5,47.2,0.0,-1.9221034,11.2188076
2026-01-01T17:58:54.777,18.5,47.2,0.0,-1.9221034,11.179581
2026-01-01T17:58:57.037,18.5,47.3,0.0,-1.8828768,11.061901200000001
2026-01-01T17:58:59.292,18.5,47.3,0.0,-1.8436502,11.1403544
2026-01-01T17:59:01.548,18.5,47.3,-0.0392266,-1.8828768,11.2188076
2026-01-01T17:59:03.809,18.6,47.4,0.0,-1.9221034,11.2188076
2026-01-01T17:59:06.065,18.6,47.4,0.0,-1.8436502,11.179581
2026-01-01T17:59:08.320,18.5,47.3,0.0,-1.9221034,11.061901200000001
2026-01-01T17:59:10.576,18.6,47.3,0.0,-1.9221034,11.179581
2026-01-01T17:59:12.832,18.5,47.3,0.0,-1.8828768,11.061901200000001
2026-01-01T17:59:15.088,18.5,47.2,0.0,-1.8828768,11.061901200000001
2026-01-01T17:59:17.343,18.6,47.3,0.0,-1.8828768,11.179581
2026-01-01T17:59:19.599,18.6,47.3,0.0,-1.8828768,11.1403544
2026-01-01T17:59:21.855,18.6,47.3,0.0,-1.8828768,11.1011278
2026-01-01T17:59:24.111,,,-0.0392266,-1.8828768,11.179581
2026-01-01T17:59:26.366,18.5,47.4,0.0,-1.9221034,11.2188076
2026-01-01T17:59:28.622,18.5,47.4,-0.0392266,-1.8828768,11.179581
2026-01-01T17:59:30.878,18.5,47.5,-0.0392266,-1.8436502,11.179581
2026-01-01T17:59:33.133,18.5,47.5,-0.0392266,-1.8828768,11.2188076
2026-01-01T17:59:35.389,18.5,47.6,-0.0392266,-1.9221034,11.1011278
2026-01-01T17:59:37.645,18.5,47.6,0.0,-1.8828768,11.061901200000001
2026-01-01T17:59:39.901,18.5,47.6,0.0,-1.8828768,11.2188076
2026-01-01T17:59:42.156,18.5,47.7,0.0,-1.8828768,11.1011278
2026-01-01T17:59:44.412,18.6,47.8,0.0,-1.8436502,11.1011278
2026-01-01T17:59:46.668,18.5,47.7,0.0,-1.8436502,11.1403544
2026-01-01T17:59:48.923,18.5,47.7,-0.0392266,-1.8828768,11.2188076
2026-01-01T17:59:51.179,18.5,47.8,0.0,-1.8436502,11.061901200000001
2026-01-01T17:59:53.435,18.5,47.8,0.0,-1.9221034,11.2580342
2026-01-01T17:59:55.691,18.5,47.8,-0.0392266,-1.9221034,11.179581
2026-01-01T17:59:57.946,18.5,47.8,-0.0392266,-1.9221034,11.061901200000001
2026-01-01T18:00:00.202,18.5,47.9,-0.0392266,-1.8828768,11.2580342
2026-01-01T18:00:02.458,18.5,47.9,-0.0392266,-1.9221034,11.1403544
2026-01-01T18:00:04.714,18.5,47.9,0.0,-1.8828768,11.1011278
2026-01-01T18:00:06.970,18.5,47.8,-0.0392266,-1.9221034,11.1011278
2026-01-01T18:00:09.225,18.5,47.9,-0.0392266,-1.96133,11.179581
2026-01-01T18:00:11.481,18.5,47.8,-0.0392266,-1.8436502,11.1011278
2026-01-01T18:00:13.737,18.5,47.8,-0.0392266,-1.8436502,11.1403544
2026-01-01T18:00:15.993,18.5,47.9,0.0,-1.9221034,11.2188076
2026-01-01T18:00:18.249,18.6,47.9,0.0,-1.9221034,11.2188076
2026-01-01T18:00:20.504,18.6,47.9,0.0,-1.8436502,11.179581
2026-01-01T18:00:22.760,18.5,47.8,-0.0392266,-1.8828768,11.2188076
2026-01-01T18:00:25.016,,,0.0,-1.9221034,11.1403544
2026-01-01T18:00:27.272,18.6,47.7,0.0,-1.8436502,11.1011278
2026-01-01T18:00:29.527,18.5,47.6,0.0,-1.9221034,11.2188076
2026-01-01T18:00:31.783,18.5,47.6,0.0,-1.8828768,11.1011278
2026-01-01T18:00:34.039,18.5,47.6,-0.0392266,-1.8828768,11.1403544
2026-01-01T18:00:36.294,18.5,47.6,-0.0392266,-1.8828768,11.179581
2026-01-01T18:00:38.550,18.5,47.5,0.0,-1.8828768,11.1403544
2026-01-01T18:00:40.806,18.5,47.5,-0.0392266,-1.8828768,11.1403544
2026-01-01T18:00:43.061,18.5,47.5,0.0,-1.8828768,11.1011278
2026-01-01T18:00:45.317,18.5,47.5,-0.0392266,-1.8044235999999998,11.0226746
2026-01-01T18:00:47.573,18.5,47.5,-0.0392266,-1.8828768,11.1011278
2026-01-01T18:00:49.829,18.5,47.5,0.0,-1.9221034,11.179581
2026-01-01T18:00:52.084,18.5,47.5,0.0,-1.8828768,11.1011278
2026-01-01T18:00:54.340,18.5,47.5,0.0,-1.9221034,11.179581
2026-01-01T18:00:56.595,18.5,47.5,0.0,-1.8436502,11.1403544
2026-01-01T18:00:58.851,18.5,47.5,0.0,-1.8436502,11.0226746
2026-01-01T18:01:01.107,18.6,47.5,0.0,-1.8828768,11.1011278
2026-01-01T18:01:03.362,18.6,47.5,0.0,-1.8436502,11.1403544
2026-01-01T18:01:05.618,18.5,47.4,0.0,-1.8828768,11.1403544
2026-01-01T18:01:07.874,18.6,47.3,-0.0392266,-1.9221034,11.179581
2026-01-01T18:01:10.130,18.5,47.2,0.0,-1.8436502,11.1403544
2026-01-01T18:01:12.386,18.5,47.2,0.0,-1.9221034,11.2188076
2026-01-01T18:01:14.641,18.6,47.2,-0.1569064,-1.8828768,11.061901200000001
2026-01-01T18:01:16.897,18.5,47.0,0.0,-1.8044235999999998,11.1403544
2026-01-01T18:01:19.153,18.5,47.0,0.0,-1.8828768,11.3364874
2026-01-01T18:01:21.409,18.6,47.0,0.0,-1.8436502,11.061901200000001
2026-01-01T18:01:23.664,18.6,46.9,0.0,-1.8828768,11.2188076
2026-01-01T18:01:25.920,18.6,46.9,0.0,-1.8828768,11.179581
2026-01-01T18:01:28.176,18.6,46.9,0.0,-1.8828768,11.1403544
2026-01-01T18:01:30.431,18.6,46.9,0.0,-1.8828768,11.2188076
2026-01-01T18:01:32.687,18.6,46.8,0.0,-1.8436502,11.1403544
2026-01-01T18:01:34.943,18.6,46.8,0.0,-1.8828768,11.1011278
2026-01-01T18:01:37.198,18.6,46.8,0.0,-1.8436502,11.2972608
2026-01-01T18:01:39.454,18.6,46.8,0.0,-1.8828768,11.2580342
2026-01-01T18:01:41.710,18.6,46.9,0.0,-1.8436502,11.179581
2026-01-01T18:01:43.966,18.6,46.9,0.0392266,-1.9221034,11.2188076
2026-01-01T18:01:46.222,18.6,47.0,0.0,-1.8436502,11.1403544
2026-01-01T18:01:48.478,18.5,47.0,0.0,-1.8436502,11.1403544
2026-01-01T18:01:50.733,18.6,47.0,0.0,-1.8436502,11.1403544
2026-01-01T18:01:52.989,18.6,47.1,0.0,-1.8436502,11.1011278
2026-01-01T18:01:55.245,18.6,47.1,0.0,-1.8436502,11.179581
2026-01-01T18:01:57.501,18.6,47.1,0.0,-1.8436502,11.2188076
2026-01-01T18:01:59.756,18.5,47.0,-0.0392266,-1.8828768,11.1403544
2026-01-01T18:02:02.012,18.6,47.0,0.0,-1.8828768,11.179581
2026-01-01T18:02:04.268,18.6,47.0,0.0,-1.9221034,11.1403544
2026-01-01T18:02:06.524,18.5,47.0,0.0,-1.8044235999999998,11.1011278
2026-01-01T18:02:08.779,18.5,47.0,0.0,-1.8828768,11.2580342
2026-01-01T18:02:11.035,18.6,47.0,0.0,-1.9221034,11.1403544
2026-01-01T18:02:13.291,18.6,46.9,-0.0392266,-1.8436502,11.1403544
2026-01-01T18:02:15.546,18.6,46.9,-0.0392266,-1.8828768,11.2188076
2026-01-01T18:02:17.802,18.6,46.9,0.0,-1.9221034,11.2188076
2026-01-01T18:02:20.058,18.6,46.8,0.0,-1.9221034,11.179581
2026-01-01T18:02:22.314,18.6,46.8,0.0,-1.9221034,11.2188076
2026-01-01T18:02:24.569,18.6,46.8,0.0,-1.8828768,11.061901200000001
2026-01-01T18:02:26.825,18.5,46.9,0.0,-1.8436502,11.1011278
2026-01-01T18:02:29.081,18.6,47.0,-0.0392266,-1.8828768,11.2188076
2026-01-01T18:02:31.336,18.6,47.1,0.0,-1.8044235999999998,11.179581
2026-01-01T18:02:33.592,18.6,47.2,-0.0392266,-1.8828768,11.179581
2026-01-01T18:02:35.848,18.5,47.1,0.0,-1.8828768,11.179581
2026-01-01T18:02:38.103,18.6,47.2,0.0,-1.8436502,11.1011278
2026-01-01T18:02:40.360,18.6,47.2,0.0,-1.8436502,11.179581
2026-01-01T18:02:42.621,18.5,47.1,0.0,-1.9221034,11.2188076
2026-01-01T18:02:44.881,18.6,47.1,0.0,-1.8828768,11.1011278
2026-01-01T18:02:47.141,18.6,47.1,0.0,-1.8436502,11.2188076
2026-01-01T18:02:49.401,18.6,47.0,0.0,-1.8436502,11.179581
2026-01-01T18:02:51.661,18.6,47.0,0.0,-1.9221034,11.2188076
2026-01-01T18:02:53.921,18.6,46.9,-0.0392266,-1.8436502,11.179581
2026-01-01T18:02:56.181,18.6,46.8,-0.0392266,-1.8436502,11.1403544
2026-01-01T18:02:58.436,18.6,46.7,-0.0392266,-1.9221034,11.2580342
2026-01-01T18:03:00.697,18.6,46.7,0.0,-1.8436502,11.179581
2026-01-01T18:03:02.957,18.6,46.6,-0.0392266,-1.8044235999999998,11.1403544
2026-01-01T18:03:05.212,18.5,46.5,-0.0392266,-1.8436502,11.2580342
2026-01-01T18:03:07.473,18.6,46.5,-0.0392266,-1.8044235999999998,11.179581
2026-01-01T18:03:09.733,18.6,46.5,-0.0784532,-1.8828768,11.2188076
2026-01-01T18:03:11.993,18.6,46.5,-0.0392266,-1.8044235999999998,11.061901200000001
2026-01-01T18:03:14.253,18.6,46.4,-0.0392266,-1.8828768,11.179581
2026-01-01T18:03:16.509,18.5,46.4,0.0,-1.8828768,11.2188076
2026-01-01T18:03:18.769,18.6,46.5,0.0,-1.8436502,11.1403544
2026-01-01T18:03:21.029,18.6,46.5,0.0,-1.8436502,11.1011278
2026-01-01T18:03:23.284,18.6,46.6,-0.0392266,-1.8828768,11.2580342
2026-01-01T18:03:25.545,18.6,46.6,0.0,-1.8828768,11.1011278
2026-01-01T18:03:27.805,18.6,46.7,0.0,-1.8436502,11.1403544
2026-01-01T18:03:30.065,18.6,46.7,0.0,-1.8436502,11.061901200000001
2026-01-01T18:03:32.325,18.6,46.7,0.0,-1.8436502,11.2580342
2026-01-01T18:03:34.585,18.6,46.7,-0.0392266,-1.8828768,11.2188076
2026-01-01T18:03:36.845,18.6,46.8,0.0,-1.8436502,11.061901200000001
2026-01-01T18:03:39.100,18.5,46.9,0.0,-1.9221034,11.2188076
2026-01-01T18:03:41.356,18.6,47.0,0.0,-1.8828768,11.1011278
2026-01-01T18:03:43.611,18.6,47.0,0.0,-1.8828768,11.1011278
2026-01-01T18:03:45.873,18.6,47.0,0.0,-1.8436502,11.179581
2026-01-01T18:03:48.133,18.6,47.1,0.0,-1.8828768,11.1403544
2026-01-01T18:03:50.393,18.6,47.1,-0.0392266,-1.8436502,11.1403544
2026-01-01T18:03:52.648,18.6,47.1,0.0,-1.8828768,11.179581
2026-01-01T18:03:54.909,18.6,47.0,0.0,-1.9221034,11.179581
2026-01-01T18:03:57.169,18.6,47.0,-0.0392266,-1.8044235999999998,11.1011278
2026-01-01T18:03:59.429,18.5,47.0,-0.0392266,-1.8828768,11.2188076
2026-01-01T18:04:01.684,18.5,47.0,-0.0392266,-1.8828768,11.179581
2026-01-01T18:04:03.940,18.5,47.0,0.0,-1.8436502,11.179581
2026-01-01T18:04:06.195,18.5,47.0,0.0,-1.9221034,11.2580342
2026-01-01T18:04:08.453,18.6,47.0,0.0,-1.8436502,11.1011278
2026-01-01T18:04:10.708,18.6,47.0,0.0,-1.8828768,11.1403544
2026-01-01T18:04:12.969,18.6,47.0,0.0,-1.8828768,11.2188076
2026-01-01T18:04:15.229,18.5,46.9,0.0,-1.8828768,11.179581
2026-01-01T18:04:17.484,18.6,46.9,0.0,-1.8044235999999998,11.1403544
2026-01-01T18:04:19.745,18.6,46.8,0.0,-1.8828768,11.179581
2026-01-01T18:04:22.000,18.6,46.8,0.0,-1.8044235999999998,11.1011278
2026-01-01T18:04:24.256,18.6,46.7,0.0,-1.8436502,11.179581
2026-01-01T18:04:26.512,18.6,46.7,0.0,-1.96133,11.2188076
2026-01-01T18:04:28.767,18.6,46.6,0.0,-1.8828768,11.1011278
2026-01-01T18:04:31.023,18.6,46.6,-0.0392266,-1.8828768,11.2188076
2026-01-01T18:04:33.279,18.5,46.5,-0.0392266,-1.8828768,11.1403544
2026-01-01T18:04:35.535,18.6,46.6,0.0,-1.8436502,11.1403544
2026-01-01T18:04:37.790,18.5,46.6,-0.0392266,-1.8828768,11.2188076
2026-01-01T18:04:40.046,18.5,46.7,0.0,-1.8436502,11.179581
2026-01-01T18:04:42.302,18.6,46.7,0.0,-1.8436502,11.1403544
2026-01-01T18:04:44.561,18.6,46.8,0.0,-1.8436502,11.3364874
2026-01-01T18:04:46.817,18.6,46.9,0.0,-1.8436502,11.1011278
2026-01-01T18:04:49.072,18.6,46.9,0.0,-1.8828768,11.179581
2026-01-01T18:04:51.328,18.6,47.0,0.0,-1.96133,11.2188076
2026-01-01T18:04:53.584,18.6,47.0,0.0,-1.8436502,11.1403544
2026-01-01T18:04:55.840,18.6,47.1,0.0,-1.8828768,11.2188076
2026-01-01T18:04:58.095,18.6,47.1,0.0,-1.9221034,11.179581
2026-01-01T18:05:00.351,18.6,47.1,-0.0392266,-1.8436502,11.1011278
2026-01-01T18:05:02.607,18.6,47.1,0.0,-1.9221034,11.2580342
2026-01-01T18:05:04.863,18.6,47.1,-0.0392266,-1.8436502,11.179581
2026-01-01T18:05:07.118,18.6,47.1,0.0,-1.8436502,11.2188076
2026-01-01T18:05:09.374,18.5,47.1,-0.0392266,-1.8436502,11.179581
2026-01-01T18:05:11.630,18.5,47.1,0.0,-1.8828768,11.1403544
2026-01-01T18:05:13.886,18.6,47.0,-0.0392266,-1.765197,11.179581
2026-01-01T18:05:16.141,18.6,47.0,-0.0392266,-1.8828768,11.1011278
2026-01-01T18:05:18.397,18.6,47.1,0.0,-1.8044235999999998,11.1403544
2026-01-01T18:05:20.653,18.6,47.2,0.0,-1.8436502,11.2580342
2026-01-01T18:05:22.908,18.5,47.3,0.0,-1.9221034,11.2188076
2026-01-01T18:05:25.164,18.5,47.3,0.0,-1.8436502,11.1403544
2026-01-01T18:05:27.419,18.5,47.3,0.0,-1.8828768,11.2188076
2026-01-01T18:05:29.675,18.5,47.4,0.0,-1.8044235999999998,11.1403544
2026-01-01T18:05:31.930,18.5,47.4,-0.0392266,-1.8436502,11.179581
2026-01-01T18:05:34.186,18.6,47.5,0.0,-1.8828768,11.2580342
2026-01-01T18:05:36.442,18.6,47.5,0.0,-1.8044235999999998,11.1403544
2026-01-01T18:05:38.697,18.6,47.5,0.0,-1.8828768,11.179581
2026-01-01T18:05:40.953,18.5,47.4,0.0,-1.9221034,11.2188076
2026-01-01T18:05:43.209,18.6,47.5,-0.0392266,-1.8436502,11.1011278
2026-01-01T18:05:45.465,18.6,47.6,0.0,-1.8436502,11.2188076
2026-01-01T18:05:47.720,18.5,47.5,0.0,-1.8436502,11.179581
2026-01-01T18:05:49.976,18.6,47.5,0.0,-1.8828768,11.179581
2026-01-01T18:05:52.232,18.5,47.5,0.0,-1.8828768,11.2188076
2026-01-01T18:05:54.487,18.6,47.6,0.0,-1.8436502,11.2188076
2026-01-01T18:05:56.743,18.6,47.6,0.0,-1.8436502,11.1403544
2026-01-01T18:05:58.999,18.6,47.6,-0.0392266,-1.8828768,11.2188076
2026-01-01T18:06:01.255,18.5,47.5,-0.0392266,-1.8436502,11.2188076
2026-01-01T18:06:03.510,18.6,47.6,0.0,-1.8828768,11.1011278
2026-01-01T18:06:05.766,18.5,47.5,0.0,-1.8436502,11.179581
2026-01-01T18:06:08.022,18.5,47.5,0.0,-1.8436502,11.1403544
2026-01-01T18:06:10.278,18.6,47.6,-0.0392266,-1.8436502,11.1011278
2026-01-01T18:06:12.533,18.5,47.5,0.0,-1.8828768,11.2188076
2026-01-01T18:06:14.789,18.6,47.6,0.0,-1.8436502,11.061901200000001
2026-01-01T18:06:17.044,18.5,47.5,-0.0392266,-1.8828768,11.2188076
2026-01-01T18:06:19.300,18.6,47.6,0.0,-1.8828768,11.2580342
2026-01-01T18:06:21.556,18.5,47.6,0.0,-1.8828768,11.179581
2026-01-01T18:06:23.811,18.5,47.6,-0.0392266,-1.8436502,11.179581
2026-01-01T18:06:26.067,18.5,47.6,0.0,-1.8828768,11.2188076
2026-01-01T18:06:28.323,18.6,47.7,-0.0392266,-1.8436502,11.1403544
2026-01-01T18:06:30.578,18.5,47.6,-0.0784532,-1.8436502,11.1011278
2026-01-01T18:06:32.834,18.5,47.6,0.0,-1.8436502,11.179581
2026-01-01T18:06:35.090,18.6,47.7,0.0,-1.8436502,11.1403544
2026-01-01T18:06:37.345,18.6,47.7,0.0,-1.8828768,11.1011278
2026-01-01T18:06:39.601,18.5,47.6,0.0,-1.8436502,11.2188076
2026-01-01T18:06:41.857,18.6,47.7,0.0,-1.8828768,11.2580342
2026-01-01T18:06:44.112,18.6,47.7,0.0,-1.8044235999999998,11.1011278
2026-01-01T18:06:46.368,18.6,47.7,0.0,-1.8828768,11.1403544
2026-01-01T18:06:48.623,18.5,47.7,0.0,-1.9221034,11.2580342
2026-01-01T18:06:50.879,18.5,47.7,0.0,-1.8828768,11.061901200000001
2026-01-01T18:06:53.135,18.5,47.7,0.0,-1.8828768,11.1011278
2026-01-01T18:06:55.390,18.5,47.7,-0.0392266,-1.8828768,11.2580342
2026-01-01T18:06:57.646,18.6,47.7,0.0,-1.8436502,11.1403544
2026-01-01T18:06:59.902,18.5,47.6,0.0,-1.8436502,11.2188076
2026-01-01T18:07:02.157,18.5,47.6,0.0,-1.8828768,11.2188076
2026-01-01T18:07:04.413,18.6,47.7,-0.0392266,-1.8828768,11.179581
2026-01-01T18:07:06.669,18.5,47.6,0.0,-1.8828768,11.2188076
2026-01-01T18:07:08.924,18.5,47.6,-0.0392266,-1.8828768,11.2188076
2026-01-01T18:07:11.180,18.5,47.6,0.0,-1.9221034,11.179581
2026-01-01T18:07:13.436,18.5,47.6,0.0,-1.8828768,11.1403544
2026-01-01T18:07:15.692,18.5,47.6,0.0,-1.9221034,11.2972608
2026-01-01T18:07:17.947,18.5,47.6,0.0,-1.8828768,11.2972608
2026-01-01T18:07:20.203,18.5,47.6,0.0,-1.8828768,11.1403544
2026-01-01T18:07:22.459,18.5,47.6,0.0,-1.8044235999999998,11.1403544
2026-01-01T18:07:24.715,18.5,47.6,0.0,-1.8436502,11.2188076
2026-01-01T18:07:26.970,18.5,47.6,0.0,-1.8436502,11.1403544
2026-01-01T18:07:29.226,18.5,47.6,0.0,-1.8044235999999998,11.1011278
2026-01-01T18:07:31.481,18.5,47.6,0.0,-1.8828768,11.179581
2026-01-01T18:07:33.737,18.5,47.6,0.0,-1.8828768,11.179581
2026-01-01T18:07:35.992,18.5,47.6,-0.0392266,-1.8436502,11.1011278
2026-01-01T18:07:38.248,18.5,47.6,0.0,-1.8436502,11.2188076
2026-01-01T18:07:40.504,18.5,47.6,0.0392266,-1.8828768,11.179581
2026-01-01T18:07:42.759,18.5,47.6,-0.0392266,-1.8436502,11.1403544
2026-01-01T18:07:45.015,18.5,47.6,0.0,-1.8828768,11.2580342
2026-01-01T18:07:47.270,18.5,47.6,0.0,-1.9221034,11.2188076
2026-01-01T18:07:49.526,18.5,47.6,0.0,-1.8828768,11.179581
2026-01-01T18:07:51.782,18.5,47.6,0.0,-1.8044235999999998,11.1011278
2026-01-01T18:07:54.037,18.5,47.6,-0.0392266,-1.8828768,11.2188076
2026-01-01T18:07:56.293,18.5,47.5,0.0,-1.8436502,11.179581
2026-01-01T18:07:58.549,18.5,47.5,0.0,-1.8828768,11.1011278
2026-01-01T18:08:00.804,18.5,47.5,0.0,-1.8436502,11.179581
2026-01-01T18:08:03.060,18.5,47.5,-0.0784532,-1.8436502,11.1403544
2026-01-01T18:08:05.316,18.5,47.5,0.0,-1.8436502,11.179581
2026-01-01T18:08:07.571,18.5,47.5,0.0,-1.8436502,11.2188076
2026-01-01T18:08:09.827,18.5,47.6,0.0,-1.8828768,11.2188076
2026-01-01T18:08:12.083,18.5,47.6,-0.0392266,-1.8828768,11.1403544
2026-01-01T18:08:14.339,18.5,47.6,0.0,-1.8436502,11.1403544
2026-01-01T18:08:16.594,18.5,47.6,-0.0392266,-1.8828768,11.2188076
2026-01-01T18:08:18.850,18.5,47.7,0.0,-1.9221034,11.2972608
2026-01-01T18:08:21.106,18.5,47.7,-0.0392266,-1.8436502,11.1403544
2026-01-01T18:08:23.362,18.5,47.7,0.0,-1.9221034,11.2972608
2026-01-01T18:08:25.617,18.5,47.7,0.0,-1.8828768,11.2188076
2026-01-01T18:08:27.873,18.5,47.7,0.0,-1.8044235999999998,11.1403544
2026-01-01T18:08:30.128,18.5,47.7,0.0,-1.8436502,11.179581
2026-01-01T18:08:32.384,18.5,47.7,0.0392266,-1.8828768,11.2580342
2026-01-01T18:08:34.640,18.5,47.7,0.0,-1.8044235999999998,11.179581
2026-01-01T18:08:36.895,18.5,47.7,0.0,-1.8436502,11.1403544
2026-01-01T18:08:39.151,18.5,47.7,0.0,-1.8436502,11.179581
2026-01-01T18:08:41.407,18.5,47.7,0.0392266,-1.8828768,11.2188076
2026-01-01T18:08:43.662,18.5,47.6,0.0,-1.8044235999999998,11.2188076
2026-01-01T18:08:45.918,18.5,47.7,0.0,-1.8436502,11.2188076
2026-01-01T18:08:48.174,18.5,47.7,0.0,-1.8828768,11.2580342
2026-01-01T18:08:50.429,18.5,47.7,0.0,-1.8828768,11.1403544
2026-01-01T18:08:52.685,18.5,47.6,0.0,-1.9221034,11.2188076
2026-01-01T18:08:54.941,18.5,47.6,0.0,-1.8828768,11.2188076
2026-01-01T18:08:57.196,18.5,47.7,0.0,-1.8828768,11.179581
2026-01-01T18:08:59.452,,,0.0,-1.8436502,11.179581
2026-01-01T18:09:01.707,18.5,47.7,-0.0392266,-1.8828768,11.1403544
2026-01-01T18:09:03.963,18.5,47.6,0.0,-1.8436502,11.1403544
2026-01-01T18:09:06.219,18.5,47.7,0.0,-1.8828768,11.179581
2026-01-01T18:09:08.475,18.5,47.7,0.0,-1.8828768,11.2188076
2026-01-01T18:09:10.730,18.5,47.6,0.0,-1.8436502,11.2580342
2026-01-01T18:09:12.986,18.5,47.7,0.0392266,-1.8828768,11.2188076
2026-01-01T18:09:15.242,18.5,47.7,-0.0392266,-1.8828768,11.2580342
2026-01-01T18:09:17.498,18.5,47.7,0.0,-1.8828768,11.2188076
2026-01-01T18:09:19.754,18.5,47.7,-0.0392266,-1.8828768,11.1403544
2026-01-01T18:09:22.009,18.5,47.8,0.0,-1.8044235999999998,11.179581
2026-01-01T18:09:24.265,18.5,47.8,0.0,-1.8436502,11.1403544
2026-01-01T18:09:26.521,18.5,47.8,-0.0392266,-1.8044235999999998,11.179581
2026-01-01T18:09:28.777,18.5,47.8,0.0,-1.8436502,11.1403544
2026-01-01T18:09:31.032,18.5,47.9,0.0,-1.8436502,11.2188076
2026-01-01T18:09:33.288,18.5,47.9,0.0,-1.8436502,11.1403544
2026-01-01T18:09:35.544,18.5,47.9,0.0,-1.8436502,11.179581
2026-01-01T18:09:37.800,18.5,47.9,-0.0392266,-1.9221034,11.2188076
2026-01-01T18:09:40.055,18.5,47.9,0.0,-1.9221034,11.2188076
2026-01-01T18:09:42.311,18.5,47.9,0.0,-1.8436502,11.1011278
2026-01-01T18:09:44.567,18.5,47.9,0.0,-1.9221034,11.2580342
2026-01-01T18:09:46.823,18.5,47.9,-0.0392266,-1.8436502,11.2188076
2026-01-01T18:09:49.078,18.5,47.9,0.0,-1.8436502,11.1403544
2026-01-01T18:09:51.334,18.5,47.9,0.0,-1.8828768,11.1403544
2026-01-01T18:09:53.590,18.5,47.9,0.0,-1.8828768,11.2188076
2026-01-01T18:09:55.845,18.5,47.9,0.0,-1.8828768,11.179581
2026-01-01T18:09:58.101,18.5,47.9,0.0,-1.8436502,11.1403544
2026-01-01T18:10:00.357,18.5,47.9,0.0,-1.8828768,11.1011278
2026-01-01T18:10:02.612,18.5,48.0,0.0,-1.8828768,11.2188076
2026-01-01T18:10:04.868,18.5,48.0,0.0,-1.8044235999999998,11.1403544
2026-01-01T18:10:07.124,18.5,48.0,0.0,-1.8436502,11.2188076
2026-01-01T18:10:09.380,18.5,48.1,0.0,-1.9221034,11.2580342
2026-01-01T18:10:11.635,18.5,48.1,0.0,-1.8828768,11.2972608
2026-01-01T18:10:13.891,18.5,48.2,0.0,-1.8436502,11.179581
2026-01-01T18:10:16.147,18.5,48.2,0.0,-1.8828768,11.2188076
2026-01-01T18:10:18.403,18.5,48.2,0.0,-1.8828768,11.2580342
2026-01-01T18:10:20.659,18.5,48.2,-0.0392266,-1.8828768,11.2188076
2026-01-01T18:10:22.914,18.5,48.2,0.0,-1.8044235999999998,11.1403544
2026-01-01T18:10:25.169,18.5,48.2,-0.0392266,-1.8436502,11.2972608
2026-01-01T18:10:27.425,18.5,48.2,0.0392266,-1.8828768,11.1403544
2026-01-01T18:10:29.680,18.5,48.3,0.0,-1.8044235999999998,11.179581
2026-01-01T18:10:31.936,18.5,48.3,-0.0392266,-1.8828768,11.179581
2026-01-01T18:10:34.192,18.5,48.4,0.0,-1.8828768,11.375713999999999
2026-01-01T18:10:36.447,18.5,48.4,0.0,-1.765197,11.1011278
2026-01-01T18:10:38.703,18.5,48.4,0.0,-1.8436502,11.1403544
2026-01-01T18:10:40.959,18.5,48.4,0.0,-1.9221034,11.2580342
2026-01-01T18:10:43.214,18.5,48.3,0.0,-1.8828768,11.2972608
2026-01-01T18:10:45.470,18.5,48.2,0.0,-1.8436502,11.2188076
2026-01-01T18:10:47.726,18.5,48.2,0.0,-1.9221034,11.2188076
2026-01-01T18:10:49.981,18.5,48.1,0.0,-1.8436502,11.2580342
2026-01-01T18:10:52.237,18.5,48.1,0.0,-1.8828768,11.1403544
2026-01-01T18:10:54.493,18.5,48.1,-0.0392266,-1.8436502,11.179581
2026-01-01T18:10:56.748,18.5,48.1,0.0,-1.8828768,11.2580342
2026-01-01T18:10:59.004,18.5,48.0,0.0,-1.8436502,11.1403544
2026-01-01T18:11:01.260,18.5,48.0,0.0,-1.8828768,11.1011278
2026-01-01T18:11:03.515,18.5,48.0,-0.0392266,-1.8436502,11.1403544
2026-01-01T18:11:05.771,18.5,48.0,-0.0392266,-1.8044235999999998,11.2188076
2026-01-01T18:11:08.027,18.5,48.0,0.0,-1.8044235999999998,11.1011278
2026-01-01T18:11:10.283,18.5,48.0,0.0,-1.8044235999999998,11.1403544
2026-01-01T18:11:12.538,18.5,48.0,0.0,-1.8436502,11.2188076
2026-01-01T18:11:14.794,18.5,48.0,-0.0392266,-1.9221034,11.2188076
2026-01-01T18:11:17.050,18.5,48.1,0.0,-1.8828768,11.1403544
2026-01-01T18:11:19.305,18.5,48.1,0.0,-1.8828768,11.2580342
2026-01-01T18:11:21.561,18.5,48.3,0.0,-1.8828768,11.2580342
2026-01-01T18:11:23.817,18.5,48.4,0.0,-1.8044235999999998,11.179581
2026-01-01T18:11:26.072,18.5,48.5,0.0,-1.8436502,11.179581
2026-01-01T18:11:28.328,18.5,48.6,0.0,-1.8828768,11.2188076
2026-01-01T18:11:30.584,18.5,48.5,0.0,-1.8828768,11.179581
2026-01-01T18:11:32.839,18.5,48.5,0.0,-1.8436502,11.1403544
2026-01-01T18:11:35.095,18.5,48.5,0.0,-1.8828768,11.2580342
2026-01-01T18:11:37.351,18.5,48.5,0.0,-1.8044235999999998,11.1403544
2026-01-01T18:11:39.606,18.5,48.5,0.0,-1.8044235999999998,11.1403544
2026-01-01T18:11:41.862,18.5,48.4,0.0,-1.8436502,11.179581
2026-01-01T18:11:44.117,18.5,48.3,0.0,-1.8828768,11.2580342
2026-01-01T18:11:46.373,18.5,48.2,0.0,-1.8436502,11.179581
2026-01-01T18:11:48.629,18.5,48.2,0.0,-1.8044235999999998,11.1403544
2026-01-01T18:11:50.884,18.5,48.2,0.0,-1.8044235999999998,11.2188076
2026-01-01T18:11:53.140,18.5,48.2,0.0,-1.8436502,11.2188076
2026-01-01T18:11:55.396,18.5,48.2,0.0,-1.8436502,11.2580342
2026-01-01T18:11:57.651,18.5,48.2,0.0,-1.8436502,11.179581
2026-01-01T18:11:59.907,18.5,48.2,-0.0392266,-1.8436502,11.2580342
2026-01-01T18:12:02.163,18.5,48.1,0.0,-1.8436502,11.2972608
2026-01-01T18:12:04.418,18.5,48.1,0.0,-1.8828768,11.1403544
2026-01-01T18:12:06.674,18.5,48.1,0.0,-1.8436502,11.2188076
2026-01-01T18:12:08.930,18.5,48.0,0.0,-1.8828768,11.2188076
2026-01-01T18:12:11.185,18.5,48.0,0.0,-1.8828768,11.2188076
2026-01-01T18:12:13.441,18.5,48.0,0.0,-1.8044235999999998,11.1403544
2026-01-01T18:12:15.697,18.5,48.1,0.0,-1.8436502,11.1403544
2026-01-01T18:12:17.953,18.5,48.0,0.0,-1.8828768,11.2580342
2026-01-01T18:12:20.208,18.5,48.0,0.0,-1.8436502,11.2188076
2026-01-01T18:12:22.464,18.5,48.1,0.0,-1.8436502,11.179581
2026-01-01T18:12:24.720,18.5,48.1,0.0,-1.8436502,11.179581
2026-01-01T18:12:26.975,18.5,48.1,0.0,-1.8828768,11.2972608
2026-01-01T18:12:29.231,18.5,48.1,0.0,-1.8436502,11.179581
2026-01-01T18:12:31.487,18.5,48.1,-0.0392266,-1.765197,11.179581
2026-01-01T18:12:33.742,18.5,48.2,0.0,-1.8044235999999998,11.1403544
2026-01-01T18:12:35.998,18.5,48.3,-0.0392266,-1.8436502,11.1403544
2026-01-01T18:12:38.253,18.5,48.2,0.0,-1.8436502,11.2580342
2026-01-01T18:12:40.509,18.5,48.2,0.0,-1.8828768,11.1011278
2026-01-01T18:12:42.765,18.5,48.2,0.0,-1.8044235999999998,11.2188076
2026-01-01T18:12:45.020,18.5,48.2,0.0,-1.8044235999999998,11.2188076
2026-01-01T18:12:47.276,18.5,48.1,0.0,-1.8436502,11.2580342
2026-01-01T18:12:49.532,18.5,48.2,0.0,-1.8436502,11.1403544
2026-01-01T18:12:51.787,18.5,48.2,0.0,-1.8044235999999998,11.179581
2026-01-01T18:12:54.043,18.5,48.2,-0.0392266,-1.8044235999999998,11.1011278
2026-01-01T18:12:56.299,18.5,48.2,-0.0392266,-1.8828768,11.2188076
2026-01-01T18:12:58.554,18.5,48.2,-0.0392266,-1.8044235999999998,11.179581
2026-01-01T18:13:00.810,18.5,48.3,0.0,-1.8436502,11.1403544
2026-01-01T18:13:03.066,18.5,48.3,0.0,-1.8436502,11.179581
2026-01-01T18:13:05.321,18.5,48.3,0.0,-1.8436502,11.2188076
2026-01-01T18:13:07.577,18.5,48.3,0.0,-1.8436502,11.179581
2026-01-01T18:13:09.833,18.5,48.4,-0.0392266,-1.8436502,11.179581
2026-01-01T18:13:12.088,18.5,48.4,0.0,-1.8828768,11.1403544
2026-01-01T18:13:14.343,18.5,48.4,0.0,-1.8044235999999998,11.179581
2026-01-01T18:13:16.599,18.5,48.4,-0.0392266,-1.8436502,11.1011278
2026-01-01T18:13:18.855,18.5,48.4,-0.0392266,-1.8044235999999998,11.179581
2026-01-01T18:13:21.110,18.5,48.4,0.0,-1.8436502,11.2188076
2026-01-01T18:13:23.366,18.5,48.4,0.0,-1.8044235999999998,11.2580342
2026-01-01T18:13:25.622,18.5,48.5,0.0,-1.8436502,11.2972608
2026-01-01T18:13:27.878,18.5,48.5,0.0,-1.8044235999999998,11.179581
2026-01-01T18:13:30.134,18.5,48.5,-0.0392266,-1.8044235999999998,11.2580342
2026-01-01T18:13:32.389,18.5,48.5,0.0,-1.8436502,11.2580342
2026-01-01T18:13:34.645,18.5,48.5,0.0,-1.8828768,11.2972608
2026-01-01T18:13:36.901,18.5,48.5,0.0,-1.8436502,11.1403544
2026-01-01T18:13:39.157,18.5,48.5,0.0392266,-1.8828768,11.2580342
2026-01-01T18:13:41.412,18.5,48.4,0.0,-1.8828768,11.3364874
2026-01-01T18:13:43.668,18.5,48.4,0.0,-1.8828768,11.2972608
2026-01-01T18:13:45.924,18.5,48.4,0.0,-1.8828768,11.179581
2026-01-01T18:13:48.179,18.5,48.4,0.0,-1.8044235999999998,11.2580342
2026-01-01T18:13:50.435,18.5,48.4,0.0,-1.8828768,11.2188076
2026-01-01T18:13:52.690,18.5,48.4,0.0,-1.8436502,11.179581
2026-01-01T18:13:54.946,18.5,48.4,0.0,-1.8436502,11.2188076
2026-01-01T18:13:57.202,18.5,48.3,0.0,-1.8828768,11.2580342
2026-01-01T18:13:59.458,18.5,48.3,0.0392266,-1.8828768,11.2580342
2026-01-01T18:14:01.713,18.5,48.3,0.0,-1.8436502,11.2188076
2026-01-01T18:14:03.969,18.5,48.2,0.0,-1.8436502,11.061901200000001
2026-01-01T18:14:06.224,18.5,48.2,0.0392266,-1.9221034,11.2580342
2026-01-01T18:14:08.480,18.5,48.2,-0.0392266,-1.8436502,11.179581
2026-01-01T18:14:10.736,18.5,48.2,0.0,-1.8436502,11.1403544
2026-01-01T18:14:12.991,18.5,48.2,0.0,-1.8044235999999998,11.2580342
2026-01-01T18:14:15.247,18.5,48.2,0.0,-1.8436502,11.2580342
2026-01-01T18:14:17.503,18.5,48.2,0.0,-1.8436502,11.179581
2026-01-01T18:14:19.758,18.5,48.2,-0.0392266,-1.8044235999999998,11.1011278
2026-01-01T18:14:22.014,18.5,48.2,0.0,-1.8044235999999998,11.2188076
2026-01-01T18:14:24.270,18.5,48.2,0.0,-1.8436502,11.3364874
2026-01-01T18:14:26.525,18.5,48.2,0.0,-1.8436502,11.179581
2026-01-01T18:14:28.781,18.5,48.3,0.0,-1.8436502,11.179581
2026-01-01T18:14:31.037,18.5,48.2,-0.0392266,-1.8436502,11.2972608
2026-01-01T18:14:33.295,18.5,48.2,0.0,-1.8436502,11.2580342
2026-01-01T18:14:35.550,18.5,48.2,0.0,-1.8828768,11.2188076
2026-01-01T18:14:37.806,18.5,48.2,0.0,-1.8828768,11.2188076
2026-01-01T18:14:40.061,18.5,48.2,0.0,-1.8436502,11.1403544
2026-01-01T18:14:42.321,18.5,48.2,0.0,-1.8828768,11.2580342
2026-01-01T18:14:44.576,18.5,48.2,0.0,-1.8828768,11.2972608
2026-01-01T18:14:46.837,18.5,48.2,0.0,-1.8436502,11.2580342
2026-01-01T18:14:49.097,18.5,48.2,-0.0392266,-1.8436502,11.179581
2026-01-01T18:14:51.352,18.5,48.2,-0.0392266,-1.8436502,11.1403544
2026-01-01T18:14:53.613,18.5,48.2,0.0,-1.8044235999999998,11.179581
2026-01-01T18:14:55.873,18.5,48.2,0.0,-1.8436502,11.179581
2026-01-01T18:14:58.128,18.5,48.2,-0.0392266,-1.8436502,11.3364874
2026-01-01T18:15:00.389,18.5,48.1,0.0,-1.8436502,11.2580342
2026-01-01T18:15:02.649,18.5,48.1,0.0,-1.8436502,11.3364874
2026-01-01T18:15:04.909,18.5,48.0,0.0,-1.8436502,11.2972608
2026-01-01T18:15:07.169,18.5,48.1,0.0,-1.8436502,11.179581
2026-01-01T18:15:09.429,18.5,48.1,0.0,-1.8044235999999998,11.2188076
2026-01-01T18:15:11.689,18.5,48.1,-0.0392266,-1.8044235999999998,11.2188076
2026-01-01T18:15:13.944,18.5,48.2,0.0,-1.8436502,11.2188076
2026-01-01T18:15:16.205,18.5,48.3,0.0,-1.8436502,11.2580342
2026-01-01T18:15:18.460,18.5,48.3,0.0,-1.8436502,11.2580342
2026-01-01T18:15:20.716,18.5,48.3,0.0,-1.8436502,11.179581
2026-01-01T18:15:22.977,18.5,48.4,0.0,-1.8436502,11.2188076
2026-01-01T18:15:25.232,18.5,48.4,0.0,-1.8828768,11.2580342
2026-01-01T18:15:27.493,18.5,48.5,0.0,-1.8436502,11.2972608
2026-01-01T18:15:29.753,18.5,48.5,0.0,-1.8044235999999998,11.2580342
2026-01-01T18:15:32.013,18.5,48.5,0.0,-1.8044235999999998,11.2580342
2026-01-01T18:15:34.273,18.5,48.5,0.0,-1.8828768,11.179581
2026-01-01T18:15:36.529,18.5,48.5,0.0,-1.8044235999999998,11.2972608
2026-01-01T18:15:38.789,18.5,48.5,0.0,-1.8828768,11.179581
2026-01-01T18:15:41.049,18.5,48.4,0.0,-1.8044235999999998,11.179581
2026-01-01T18:15:43.309,18.5,48.3,0.0,-1.8436502,11.2580342
2026-01-01T18:15:45.569,18.5,48.1,0.0392266,-1.8828768,11.2580342
2026-01-01T18:15:47.824,18.5,48.1,0.0,-1.8828768,11.2580342
2026-01-01T18:15:50.080,18.5,48.0,0.0,-1.8436502,11.2188076
2026-01-01T18:15:52.341,18.5,48.0,0.0,-1.8044235999999998,11.179581
2026-01-01T18:15:54.601,18.5,48.0,0.0,-1.8436502,11.2188076
2026-01-01T18:15:56.861,18.5,48.0,0.0,-1.8828768,11.179581
2026-01-01T18:15:59.116,18.5,48.0,-0.0392266,-1.8044235999999998,11.2188076
2026-01-01T18:16:01.377,18.5,48.1,0.0,-1.8828768,11.2188076
2026-01-01T18:16:03.637,18.5,48.1,0.0,-1.8436502,11.2972608
2026-01-01T18:16:05.892,18.5,48.1,0.0,-1.8436502,11.2580342
2026-01-01T18:16:08.153,18.5,48.1,0.0,-1.8436502,11.2188076
2026-01-01T18:16:10.413,18.5,48.1,0.0,-1.8044235999999998,11.1403544
2026-01-01T18:16:12.673,18.5,48.1,0.0,-1.8044235999999998,11.179581
2026-01-01T18:16:14.933,18.5,48.1,0.0,-1.765197,11.2188076
2026-01-01T18:16:17.193,18.5,48.1,0.0,-1.8044235999999998,11.2188076
2026-01-01T18:16:19.453,18.5,48.0,0.0,-1.8044235999999998,11.2580342
2026-01-01T18:16:21.713,18.5,47.9,0.0,-1.8436502,11.2580342
2026-01-01T18:16:23.973,18.6,47.9,0.0,-1.8828768,11.2972608
2026-01-01T18:16:26.228,18.5,47.8,0.0,-1.8436502,11.2580342
2026-01-01T18:16:28.489,18.5,47.8,0.0,-1.8436502,11.2580342
2026-01-01T18:16:30.749,18.5,47.7,-0.0392266,-1.8044235999999998,11.2580342
2026-01-01T18:16:33.004,18.6,47.7,0.0,-1.8436502,11.2580342
2026-01-01T18:16:35.265,18.5,47.7,0.0,-1.8436502,11.1011278
2026-01-01T18:16:37.520,18.5,47.8,0.0,-1.8436502,11.2188076
2026-01-01T18:16:39.776,18.5,47.8,0.0,-1.8436502,11.2580342
2026-01-01T18:16:42.037,18.5,47.8,0.0,-1.8436502,11.179581
2026-01-01T18:16:44.297,18.5,47.8,0.0,-1.8436502,11.179581
2026-01-01T18:16:46.552,18.5,47.8,-0.0392266,-1.8828768,11.2580342
2026-01-01T18:16:48.813,,,0.0,-1.8828768,11.2972608
2026-01-01T18:16:51.073,18.5,47.7,-0.0392266,-1.8044235999999998,11.2188076
2026-01-01T18:16:53.328,18.5,47.7,0.0,-1.8044235999999998,11.179581
2026-01-01T18:16:55.589,18.6,47.8,0.0,-1.8436502,11.3364874
2026-01-01T18:16:57.844,18.5,47.7,-0.0392266,-1.8436502,11.2188076
2026-01-01T18:17:00.105,18.5,47.8,0.0,-1.8044235999999998,11.2188076
2026-01-01T18:17:02.360,18.5,47.8,0.0,-1.8436502,11.2188076
2026-01-01T18:17:04.621,18.5,47.9,0.0,-1.8828768,11.2580342
2026-01-01T18:17:06.881,18.5,47.9,0.0,-1.8044235999999998,11.179581
2026-01-01T18:17:09.141,18.5,48.0,-0.0392266,-1.8044235999999998,11.1403544
2026-01-01T18:17:11.401,18.5,48.0,0.0,-1.8044235999999998,11.1403544
2026-01-01T18:17:13.661,18.5,48.1,0.0,-1.8828768,11.2188076
2026-01-01T18:17:15.916,18.5,48.1,0.0,-1.8044235999999998,11.2188076
2026-01-01T18:17:18.177,18.5,48.1,0.0,-1.8436502,11.2188076
2026-01-01T18:17:20.437,18.6,48.2,0.0,-1.8044235999999998,11.3364874
2026-01-01T18:17:22.692,18.6,48.3,0.0,-1.8436502,11.2972608
2026-01-01T18:17:24.953,18.5,48.2,-0.0392266,-1.8436502,11.2580342
2026-01-01T18:17:27.213,18.6,48.3,0.0,-1.8828768,11.1403544
2026-01-01T18:17:29.473,18.5,48.3,0.0,-1.8436502,11.179581
2026-01-01T18:17:31.733,18.6,48.4,-0.0392266,-1.8044235999999998,11.2188076
2026-01-01T18:17:33.988,18.6,48.4,0.0,-1.8436502,11.375713999999999
2026-01-01T18:17:36.249,18.5,48.4,0.0,-1.8044235999999998,11.2188076
2026-01-01T18:17:38.509,18.5,48.4,0.0,-1.8436502,11.2972608
2026-01-01T18:17:40.769,18.5,48.5,0.0,-1.8828768,11.2580342
2026-01-01T18:17:43.029,18.5,48.4,0.0,-1.8828768,11.2972608
2026-01-01T18:17:45.284,18.6,48.5,0.0,-1.8044235999999998,11.2580342
2026-01-01T18:17:47.540,18.5,48.5,0.0,-1.8436502,11.2972608
2026-01-01T18:17:49.795,18.6,48.6,0.0,-1.8436502,11.2580342
2026-01-01T18:17:52.057,18.5,48.5,0.0,-1.8828768,11.2972608
2026-01-01T18:17:54.317,18.5,48.5,0.0,-1.8436502,11.2580342
2026-01-01T18:17:56.572,18.6,48.5,0.0,-1.8044235999999998,11.2188076
2026-01-01T18:17:58.828,18.5,48.5,0.0,-1.8044235999999998,11.1403544
2026-01-01T18:18:01.089,18.5,48.5,0.0,-1.8828768,11.2972608
2026-01-01T18:18:03.344,18.5,48.5,0.0,-1.8436502,11.2188076
2026-01-01T18:18:05.600,18.5,48.4,0.0,-1.8436502,11.2188076
2026-01-01T18:18:07.861,18.6,48.5,-0.0392266,-1.765197,11.1011278
2026-01-01T18:18:10.121,18.5,48.5,0.0,-1.7259703999999998,11.179581
2026-01-01T18:18:12.376,18.5,48.5,0.0,-1.8044235999999998,11.2580342
2026-01-01T18:18:14.637,18.5,48.5,0.0,-1.8828768,11.2580342
2026-01-01T18:18:16.892,18.5,48.4,0.0,-1.8044235999999998,11.179581
2026-01-01T18:18:19.148,18.5,48.4,0.0392266,-1.8436502,11.2972608
2026-01-01T18:18:21.403,18.6,48.4,0.0,-1.8828768,11.3364874
2026-01-01T18:18:23.661,18.5,48.4,0.0392266,-1.8436502,11.2188076
2026-01-01T18:18:25.916,18.5,48.4,-0.0392266,-1.8044235999999998,11.179581
2026-01-01T18:18:28.177,18.5,48.4,0.0,-1.765197,11.2972608
2026-01-01T18:18:30.432,18.5,48.5,0.0,-1.8044235999999998,11.2188076
2026-01-01T18:18:32.688,18.5,48.5,0.0,-1.8044235999999998,11.2188076
2026-01-01T18:18:34.949,18.6,48.5,0.0,-1.8044235999999998,11.2580342
2026-01-01T18:18:37.209,18.5,48.4,0.0,-1.8044235999999998,11.2580342
2026-01-01T18:18:39.469,18.5,48.5,0.0,-1.8828768,11.375713999999999
2026-01-01T18:18:41.724,18.5,48.5,0.0,-1.8436502,11.179581
2026-01-01T18:18:43.980,18.5,48.5,0.0,-1.8044235999999998,11.2188076
2026-01-01T18:18:46.235,18.5,48.5,0.0,-1.8436502,11.3364874
2026-01-01T18:18:48.491,18.5,48.5,0.0392266,-1.8044235999999998,11.2188076
2026-01-01T18:18:50.747,18.5,48.6,0.0,-1.8436502,11.179581
2026-01-01T18:18:53.003,18.5,48.6,0.0,-1.8044235999999998,11.2580342
2026-01-01T18:18:55.258,18.6,48.6,0.0,-1.8436502,11.179581
2026-01-01T18:18:57.514,18.5,48.6,0.0,-1.8044235999999998,11.2580342
2026-01-01T18:18:59.770,18.5,48.6,0.0,-1.8044235999999998,11.3364874
2026-01-01T18:19:02.026,18.5,48.6,0.0392266,-1.8828768,11.3364874
2026-01-01T18:19:04.282,18.6,48.6,-0.0392266,-1.8044235999999998,11.2188076
2026-01-01T18:19:06.537,18.5,48.6,0.0,-1.8828768,11.2580342
2026-01-01T18:19:08.793,18.6,48.6,0.0,-1.8436502,11.3364874
2026-01-01T18:19:11.049,18.5,48.6,0.0,-1.8828768,11.2972608
2026-01-01T18:19:13.304,18.5,48.6,0.0,-1.8436502,11.2580342
2026-01-01T18:19:15.560,18.5,48.6,0.0,-1.8828768,11.3364874
2026-01-01T18:19:17.816,18.6,48.7,0.0392266,-1.8828768,11.2580342
2026-01-01T18:19:20.071,18.6,48.7,0.0,-1.8044235999999998,11.179581
2026-01-01T18:19:22.327,18.5,48.6,0.0392266,-1.8044235999999998,11.2188076
2026-01-01T18:19:24.583,18.5,48.6,0.0,-1.8828768,11.2580342
2026-01-01T18:19:26.838,18.5,48.6,0.0,-1.8044235999999998,11.2580342
2026-01-01T18:19:29.094,18.5,48.6,0.0392266,-1.8436502,11.2188076
2026-01-01T18:19:31.350,18.5,48.6,0.0,-1.8436502,11.2972608
2026-01-01T18:19:33.605,18.6,48.6,0.0,-1.8044235999999998,11.2580342
2026-01-01T18:19:35.861,18.5,48.6,0.0392266,-1.8828768,11.375713999999999
2026-01-01T18:19:38.117,18.6,48.7,0.0,-1.8828768,11.2972608
2026-01-01T18:19:40.372,18.6,48.6,0.0,-1.8436502,11.2188076
2026-01-01T18:19:42.628,18.5,48.6,0.0,-1.8044235999999998,11.2580342
2026-01-01T18:19:44.889,18.5,48.6,0.0392266,-1.8436502,11.2580342
2026-01-01T18:19:47.149,18.5,48.6,0.0392266,-1.8436502,11.2580342
2026-01-01T18:19:49.404,18.6,48.6,0.0392266,-1.8044235999999998,11.2580342
2026-01-01T18:19:51.660,18.5,48.6,0.0392266,-1.8044235999999998,11.2188076
2026-01-01T18:19:53.921,18.5,48.6,0.0,-1.8044235999999998,11.2580342
2026-01-01T18:19:56.181,18.5,48.6,0.0392266,-1.8436502,11.2972608
2026-01-01T18:19:58.441,18.5,48.6,0.0392266,-1.8044235999999998,11.2972608
2026-01-01T18:20:00.701,18.5,48.7,0.0,-1.8044235999999998,11.2972608
2026-01-01T18:20:02.956,18.6,48.7,0.0,-1.8436502,11.2188076
2026-01-01T18:20:05.211,18.5,48.7,0.0392266,-1.8044235999999998,11.179581
2026-01-01T18:20:07.473,18.5,48.7,0.0,-1.8828768,11.2972608
2026-01-01T18:20:09.728,18.5,48.7,-0.0392266,-1.8436502,11.2188076
2026-01-01T18:20:11.984,18.5,48.7,0.0,-1.8044235999999998,11.179581
2026-01-01T18:20:14.245,18.5,48.7,0.0,-1.8436502,11.2188076
2026-01-01T18:20:16.505,18.5,48.7,0.0,-1.8044235999999998,11.2972608
2026-01-01T18:20:18.765,18.5,48.7,0.0,-1.8436502,11.375713999999999
2026-01-01T18:20:21.025,18.5,48.7,0.0392266,-1.8828768,11.2972608
2026-01-01T18:20:23.280,18.5,48.7,0.0,-1.8436502,11.2580342
2026-01-01T18:20:25.541,18.6,48.7,0.0,-1.8044235999999998,11.2972608
2026-01-01T18:20:27.801,18.5,48.7,0.0392266,-1.8436502,11.2972608
2026-01-01T18:20:30.056,18.5,48.7,0.0,-1.8828768,11.3364874
2026-01-01T18:20:32.312,18.5,48.7,0.0,-1.8436502,11.3364874
2026-01-01T18:20:34.567,18.5,48.7,0.0,-1.8828768,11.3364874
2026-01-01T18:20:36.822,18.5,48.6,0.0,-1.8828768,11.2972608
2026-01-01T18:20:39.078,18.5,48.5,0.0392266,-1.8828768,11.2580342
2026-01-01T18:20:41.337,18.5,48.6,0.0,-1.8044235999999998,11.2580342
2026-01-01T18:20:43.592,18.5,48.5,0.0,-1.8044235999999998,11.2972608
2026-01-01T18:20:45.848,18.5,48.5,0.0392266,-1.8044235999999998,11.2972608
2026-01-01T18:20:48.109,18.5,48.5,0.0,-1.8436502,11.2580342
2026-01-01T18:20:50.369,18.5,48.6,0.0,-1.8828768,11.2188076
2026-01-01T18:20:52.629,18.5,48.5,0.0392266,-1.8436502,11.2972608
2026-01-01T18:20:54.884,18.5,48.6,0.0,-1.8828768,11.3364874
2026-01-01T18:20:57.140,18.5,48.6,0.0,-1.8436502,11.2188076
2026-01-01T18:20:59.395,18.5,48.6,0.0392266,-1.8436502,11.179581
2026-01-01T18:21:01.657,18.5,48.6,0.0,-1.8436502,11.3364874
2026-01-01T18:21:03.912,18.5,48.6,-0.0392266,-1.8436502,11.2188076
2026-01-01T18:21:06.168,18.5,48.7,0.0,-1.8436502,11.179581
2026-01-01T18:21:08.423,18.5,48.7,0.0,-1.8044235999999998,11.2188076
2026-01-01T18:21:10.681,18.5,48.6,0.0,-1.8436502,11.2972608
2026-01-01T18:21:12.941,18.6,48.6,0.0,-1.8436502,11.2580342
2026-01-01T18:21:15.196,18.5,48.6,0.0,-1.8436502,11.2188076
2026-01-01T18:21:17.452,18.5,48.6,0.0,-1.765197,11.1403544
2026-01-01T18:21:19.713,18.5,48.6,0.0,-1.8044235999999998,11.2580342
2026-01-01T18:21:21.968,18.5,48.6,0.0,-1.8436502,11.375713999999999
2026-01-01T18:21:24.229,18.5,48.6,0.0392266,-1.8436502,11.2188076
2026-01-01T18:21:26.489,18.5,48.6,0.0,-1.8044235999999998,11.179581
2026-01-01T18:21:28.749,18.5,48.6,0.0,-1.8436502,11.2188076
2026-01-01T18:21:31.004,18.5,48.6,0.0,-1.8436502,11.375713999999999
2026-01-01T18:21:33.265,18.5,48.6,0.0,-1.8436502,11.2188076
2026-01-01T18:21:35.525,18.5,48.6,0.0,-1.8828768,11.2580342
2026-01-01T18:21:37.785,18.5,48.6,0.0,-1.8828768,11.2580342
2026-01-01T18:21:40.045,18.5,48.7,0.0,-1.8436502,11.2188076
2026-01-01T18:21:42.300,18.5,48.7,0.0,-1.8044235999999998,11.179581
2026-01-01T18:21:44.556,18.5,48.7,0.0,-1.8436502,11.2188076
2026-01-01T18:21:46.817,18.5,48.7,0.0,-1.8436502,11.375713999999999
2026-01-01T18:21:49.072,18.5,48.7,0.0,-1.765197,11.2188076
2026-01-01T18:21:51.328,18.5,48.8,0.0,-1.765197,11.2580342
2026-01-01T18:21:53.583,18.5,48.8,0.0,-1.8828768,11.2972608
2026-01-01T18:21:55.839,18.5,48.8,0.0,-1.8828768,11.2188076
2026-01-01T18:21:58.097,18.5,48.8,0.0,-1.765197,11.179581
2026-01-01T18:22:00.352,18.5,48.8,0.0,-1.8044235999999998,11.2188076
2026-01-01T18:22:02.613,18.5,48.8,0.0,-1.8436502,11.3364874
2026-01-01T18:22:04.873,18.5,48.8,0.0,-1.8436502,11.2972608
2026-01-01T18:22:07.133,18.5,48.8,0.0,-1.8436502,11.375713999999999
2026-01-01T18:22:09.393,18.5,48.8,0.0,-1.8044235999999998,11.2188076
2026-01-01T18:22:11.648,18.5,48.8,0.0392266,-1.8436502,11.2580342
2026-01-01T18:22:13.904,18.5,48.7,0.0,-1.8436502,11.3364874
2026-01-01T18:22:16.160,18.5,48.7,0.0392266,-1.8436502,11.2972608
2026-01-01T18:22:18.416,18.5,48.7,0.0392266,-1.8436502,11.3364874
2026-01-01T18:22:20.672,18.5,48.7,0.0,-1.8436502,11.3364874
2026-01-01T18:22:22.927,18.5,48.7,0.0392266,-1.8436502,11.2972608
2026-01-01T18:22:25.183,18.5,48.7,0.0,-1.8044235999999998,11.2580342
2026-01-01T18:22:27.438,18.5,48.7,0.0,-1.8436502,11.179581
2026-01-01T18:22:29.694,18.5,48.7,0.0392266,-1.8828768,11.3364874
2026-01-01T18:22:31.950,18.5,48.7,0.0,-1.8436502,11.2188076
2026-01-01T18:22:34.206,18.5,48.7,0.0,-1.8436502,11.179581
2026-01-01T18:22:36.461,18.5,48.7,0.0,-1.8044235999999998,11.3364874
2026-01-01T18:22:38.717,18.5,48.7,0.0,-1.8044235999999998,11.2188076
2026-01-01T18:22:40.973,18.6,48.8,0.0,-1.8044235999999998,11.2972608
2026-01-01T18:22:43.228,18.6,48.8,0.0392266,-1.8828768,11.3364874
2026-01-01T18:22:45.484,18.5,48.8,0.0,-1.8436502,11.2580342
2026-01-01T18:22:47.740,18.5,48.8,0.0,-1.8436502,11.2972608
2026-01-01T18:22:49.996,18.5,48.8,0.0,-1.8044235999999998,11.3364874
2026-01-01T18:22:52.251,18.5,48.8,0.0392266,-1.8436502,11.2188076
2026-01-01T18:22:54.507,18.5,48.8,-0.0392266,-1.8044235999999998,11.2580342
2026-01-01T18:22:56.763,18.5,48.7,0.0392266,-1.8436502,11.2972608
2026-01-01T18:22:59.018,18.5,48.7,0.0392266,-1.8044235999999998,11.2188076
2026-01-01T18:23:01.274,18.5,48.7,0.0,-1.8044235999999998,11.2188076
2026-01-01T18:23:03.530,18.5,48.6,0.0392266,-1.8044235999999998,11.2972608
2026-01-01T18:23:05.786,18.5,48.6,0.0392266,-1.8436502,11.3364874
2026-01-01T18:23:08.042,18.6,48.6,0.0,-1.8044235999999998,11.179581
2026-01-01T18:23:10.297,18.5,48.6,0.0,-1.8044235999999998,11.2188076
2026-01-01T18:23:12.553,18.5,48.6,0.0,-1.8436502,11.2972608
2026-01-01T18:23:14.809,18.5,48.6,0.0,-1.8436502,11.2188076
2026-01-01T18:23:17.065,18.5,48.6,0.0,-1.8044235999999998,11.2580342
2026-01-01T18:23:19.320,18.6,48.6,0.0,-1.8044235999999998,11.2580342
2026-01-01T18:23:21.576,18.6,48.6,0.0,-1.8436502,11.2580342
2026-01-01T18:23:23.832,18.5,48.6,0.0,-1.8044235999999998,11.3364874
2026-01-01T18:23:26.087,18.6,48.6,0.0,-1.8828768,11.3364874
2026-01-01T18:23:28.343,18.5,48.5,0.0,-1.765197,11.2188076
2026-01-01T18:23:30.599,18.5,48.5,0.0392266,-1.8044235999999998,11.2972608
2026-01-01T18:23:32.854,18.5,48.5,0.0,-1.8436502,11.375713999999999
2026-01-01T18:23:35.110,18.5,48.5,0.0,-1.8436502,11.2580342
2026-01-01T18:23:37.366,18.5,48.5,0.0392266,-1.8436502,11.375713999999999
2026-01-01T18:23:39.621,18.5,48.4,0.0,-1.8436502,11.2188076
2026-01-01T18:23:41.877,18.6,48.4,-0.0392266,-1.8044235999999998,11.2580342
2026-01-01T18:23:44.137,18.5,48.3,0.0,-1.8044235999999998,11.2188076
2026-01-01T18:23:46.392,18.5,48.2,0.0392266,-1.8828768,11.3364874
2026-01-01T18:23:48.653,18.6,48.2,0.0,-1.8436502,11.2972608
2026-01-01T18:23:50.913,18.6,48.1,0.0392266,-1.8436502,11.2188076
2026-01-01T18:23:53.168,18.5,48.0,0.0,-1.8436502,11.2580342
2026-01-01T18:23:55.424,18.5,48.0,0.0,-1.8436502,11.2972608
2026-01-01T18:23:57.679,18.5,48.0,0.0392266,-1.8436502,11.2972608
2026-01-01T18:23:59.937,18.6,48.1,0.0,-1.8436502,11.2188076
2026-01-01T18:24:02.192,18.6,48.1,0.0,-1.765197,11.2188076
2026-01-01T18:24:04.453,18.6,48.1,0.0,-1.8044235999999998,11.2580342
2026-01-01T18:24:06.713,18.5,48.0,0.0,-1.8828768,11.3364874
2026-01-01T18:24:08.973,18.6,48.1,0.0,-1.8436502,11.2580342
2026-01-01T18:24:11.228,18.5,48.0,0.0,-1.8044235999999998,11.2580342
2026-01-01T18:24:13.489,18.5,48.1,0.0392266,-1.8828768,11.375713999999999
2026-01-01T18:24:15.744,18.5,48.1,0.0392266,-1.8436502,11.2972608
2026-01-01T18:24:18.005,18.6,48.2,0.0,-1.8436502,11.2580342
2026-01-01T18:24:20.260,18.5,48.1,0.0392266,-1.8044235999999998,11.2580342
2026-01-01T18:24:22.516,18.6,48.2,0.0392266,-1.8436502,11.2580342
2026-01-01T18:24:24.771,18.6,48.3,0.0,-1.8436502,11.2580342
2026-01-01T18:24:27.029,18.6,48.3,-0.0392266,-1.8044235999999998,11.3364874
2026-01-01T18:24:29.284,18.5,48.3,0.0,-1.8436502,11.2972608
2026-01-01T18:24:31.545,18.5,48.4,0.0392266,-1.8044235999999998,11.2972608
2026-01-01T18:24:33.805,18.6,48.4,0.0392266,-1.8828768,11.2580342
2026-01-01T18:24:36.065,18.5,48.4,0.0392266,-1.8828768,11.3364874
2026-01-01T18:24:38.325,18.5,48.4,0.0,-1.8436502,11.2188076
2026-01-01T18:24:40.585,18.5,48.5,0.0392266,-1.8044235999999998,11.2972608
2026-01-01T18:24:42.840,18.6,48.5,0.0392266,-1.9221034,11.3364874
2026-01-01T18:24:45.096,18.6,48.6,-0.0392266,-1.8044235999999998,11.179581
2026-01-01T18:24:47.351,18.6,48.6,0.0784532,-1.8044235999999998,11.2580342
2026-01-01T18:24:49.607,18.6,48.6,0.0,-1.8436502,11.375713999999999
2026-01-01T18:24:51.865,18.6,48.6,0.0,-1.8436502,11.2580342
2026-01-01T18:24:54.120,18.5,48.6,0.0,-1.8044235999999998,11.2188076
2026-01-01T18:24:56.381,18.5,48.5,0.0,-1.8044235999999998,11.2188076
2026-01-01T18:24:58.641,18.6,48.6,0.0,-1.8436502,11.2580342
2026-01-01T18:25:00.901,18.6,48.6,0.0,-1.8828768,11.2972608
2026-01-01T18:25:03.161,18.6,48.6,0.0392266,-1.8436502,11.3364874
2026-01-01T18:25:05.421,18.6,48.6,0.0,-1.8436502,11.179581
2026-01-01T18:25:07.681,18.6,48.6,0.0,-1.8044235999999998,11.2580342
2026-01-01T18:25:09.941,18.6,48.6,0.0,-1.8436502,11.2188076
2026-01-01T18:25:12.201,18.6,48.6,0.0392266,-1.8828768,11.3364874
2026-01-01T18:25:14.456,18.6,48.7,0.0392266,-1.8828768,11.2580342
2026-01-01T18:25:16.717,18.6,48.7,0.0,-1.8436502,11.2972608
2026-01-01T18:25:18.972,18.6,48.7,0.0,-1.8436502,11.3364874
2026-01-01T18:25:21.228,18.6,48.7,0.0392266,-1.8828768,11.2580342
2026-01-01T18:25:23.489,18.6,48.7,-0.0392266,-1.8436502,11.375713999999999
2026-01-01T18:25:25.749,18.6,48.7,0.0,-1.8436502,11.2188076
2026-01-01T18:25:28.009,18.6,48.7,0.0392266,-1.8828768,11.2580342
2026-01-01T18:25:30.269,18.6,48.8,0.0392266,-1.8828768,11.2972608
2026-01-01T18:25:32.529,18.6,48.8,0.0,-1.8044235999999998,11.2580342
2026-01-01T18:25:34.789,18.6,48.8,0.0,-1.8436502,11.3364874
2026-01-01T18:25:37.049,18.6,48.8,0.0,-1.8044235999999998,11.2972608
2026-01-01T18:25:39.309,18.6,48.8,0.0392266,-1.8044235999999998,11.2580342
2026-01-01T18:25:41.564,18.6,48.8,0.0,-1.8436502,11.2972608
2026-01-01T18:25:43.820,18.6,48.8,0.0,-1.8828768,11.375713999999999
2026-01-01T18:25:46.075,18.6,48.7,0.0392266,-1.8044235999999998,11.2188076
2026-01-01T18:25:48.333,18.6,48.7,0.0,-1.8044235999999998,11.2188076
2026-01-01T18:25:50.593,18.6,48.5,0.0,-1.8436502,11.2188076
2026-01-01T18:25:52.853,18.5,48.4,0.0,-1.8044235999999998,11.2972608
2026-01-01T18:25:55.113,18.5,48.3,0.0,-1.8436502,11.2972608
2026-01-01T18:25:57.373,18.6,48.2,0.0,-1.8436502,11.2972608
2026-01-01T18:25:59.628,18.5,48.1,0.0,-1.8436502,11.2972608
2026-01-01T18:26:01.889,18.6,48.1,0.0,-1.8436502,11.2188076
2026-01-01T18:26:04.144,18.6,48.0,0.0,-1.8436502,11.2188076
2026-01-01T18:26:06.405,18.6,48.0,0.0,-1.8828768,11.2580342
2026-01-01T18:26:08.660,18.5,47.9,0.0,-1.8044235999999998,11.2580342
2026-01-01T18:26:10.916,18.5,47.9,0.0392266,-1.8436502,11.2580342
2026-01-01T18:26:13.171,18.6,47.9,0.0,-1.8436502,11.2580342
2026-01-01T18:26:15.429,18.6,48.0,0.0,-1.8828768,11.2580342
2026-01-01T18:26:17.689,18.6,48.1,0.0,-1.8044235999999998,11.2580342
2026-01-01T18:26:19.944,18.6,48.1,0.0,-1.8436502,11.2580342
2026-01-01T18:26:22.205,18.6,48.2,0.0392266,-1.8828768,11.3364874
2026-01-01T18:26:24.465,18.6,48.1,0.0,-1.8436502,11.2580342
2026-01-01T18:26:26.720,18.6,48.2,0.0,-1.8044235999999998,11.2972608
2026-01-01T18:26:28.976,18.6,48.1,0.0,-1.8828768,11.3364874
2026-01-01T18:26:31.237,18.6,48.2,0.0392266,-1.8436502,11.2580342
2026-01-01T18:26:33.497,18.6,48.3,0.0,-1.8044235999999998,11.2972608
2026-01-01T18:26:35.757,18.5,48.3,0.0,-1.8436502,11.2580342
2026-01-01T18:26:38.017,18.6,48.4,0.0,-1.8436502,11.2188076
2026-01-01T18:26:40.277,18.6,48.5,0.0392266,-1.8436502,11.3364874
2026-01-01T18:26:42.537,18.6,48.5,0.0,-1.8436502,11.2972608
2026-01-01T18:26:44.797,18.6,48.6,-0.0392266,-1.8044235999999998,11.2580342
2026-01-01T18:26:47.057,18.5,48.6,0.0,-1.8828768,11.2188076
2026-01-01T18:26:49.317,18.6,48.6,0.0,-1.8436502,11.375713999999999
2026-01-01T18:26:51.577,18.6,48.6,0.0,-1.8828768,11.2972608
2026-01-01T18:26:53.837,18.5,48.6,0.0392266,-1.8828768,11.2972608
2026-01-01T18:26:56.092,18.6,48.6,0.0,-1.8436502,11.2580342
2026-01-01T18:26:58.348,18.6,48.6,0.0,-1.8044235999999998,11.2972608
2026-01-01T18:27:00.609,18.6,48.6,0.0,-1.8436502,11.414940599999998
2026-01-01T18:27:02.864,18.6,48.5,0.0392266,-1.8828768,11.2580342
2026-01-01T18:27:05.125,18.6,48.5,0.0,-1.765197,11.2188076
2026-01-01T18:27:07.385,18.6,48.5,0.0,-1.8436502,11.2580342
2026-01-01T18:27:09.645,18.6,48.5,0.0,-1.8044235999999998,11.2580342
2026-01-01T18:27:11.900,18.5,48.4,0.0,-1.8436502,11.2188076
2026-01-01T18:27:14.161,18.6,48.5,0.0,-1.765197,11.2972608
2026-01-01T18:27:16.421,18.6,48.5,0.0,-1.8044235999999998,11.179581
2026-01-01T18:27:18.681,18.6,48.5,0.0392266,-1.8436502,11.2580342
2026-01-01T18:27:20.941,18.6,48.6,0.0,-1.8044235999999998,11.2580342
2026-01-01T18:27:23.201,18.5,48.6,0.0,-1.8044235999999998,11.2188076
2026-01-01T18:27:25.456,18.6,48.6,0.0,-1.765197,11.1403544
2026-01-01T18:27:27.717,18.6,48.6,0.0,-1.8436502,11.2972608
2026-01-01T18:27:29.972,18.6,48.6,0.0,-1.8044235999999998,11.2580342
2026-01-01T18:27:32.228,18.6,48.5,0.0,-1.8436502,11.2188076
2026-01-01T18:27:34.483,18.6,48.5,0.0,-1.8436502,11.2972608
2026-01-01T18:27:36.741,18.6,48.4,0.0,-1.8436502,11.3364874
2026-01-01T18:27:39.001,18.6,48.4,0.0392266,-1.8436502,11.2580342
2026-01-01T18:27:41.261,18.6,48.4,0.0392266,-1.8044235999999998,11.2188076
2026-01-01T18:27:43.521,18.6,48.4,-0.0392266,-1.8044235999999998,11.2188076
2026-01-01T18:27:45.776,18.6,48.4,0.0392266,-1.8436502,11.2580342
2026-01-01T18:27:48.037,18.6,48.4,0.0392266,-1.8436502,11.2580342
2026-01-01T18:27:50.292,18.6,48.3,0.0,-1.8828768,11.2972608
2026-01-01T18:27:52.548,18.5,48.1,0.0,-1.8044235999999998,11.2188076
2026-01-01T18:27:54.809,18.6,48.1,0.0392266,-1.8044235999999998,11.2972608
2026-01-01T18:27:57.069,18.6,48.1,0.0,-1.8436502,11.2580342
2026-01-01T18:27:59.329,18.6,48.1,0.0,-1.8044235999999998,11.1011278
2026-01-01T18:28:01.589,18.6,48.0,0.0,-1.8044235999999998,11.2580342
2026-01-01T18:28:03.849,18.6,48.1,0.0392266,-1.8436502,11.2972608
2026-01-01T18:28:06.104,18.6,48.1,0.0392266,-1.8828768,11.2972608
2026-01-01T18:28:08.365,18.6,48.2,0.0,-1.8436502,11.3364874
2026-01-01T18:28:10.625,18.6,48.2,0.0,-1.8044235999999998,11.2580342
2026-01-01T18:28:12.880,18.6,48.1,0.0,-1.8828768,11.2580342
2026-01-01T18:28:15.141,18.6,48.2,0.0392266,-1.8044235999999998,11.2972608
2026-01-01T18:28:17.396,18.6,48.2,0.0392266,-1.8828768,11.2972608
2026-01-01T18:28:19.652,18.6,48.3,0.0,-1.8044235999999998,11.2580342
2026-01-01T18:28:21.907,18.6,48.4,0.0,-1.765197,11.2580342
2026-01-01T18:28:24.165,18.5,48.4,0.0,-1.8044235999999998,11.2188076
2026-01-01T18:28:26.425,18.6,48.5,0.0,-1.8436502,11.375713999999999
2026-01-01T18:28:28.685,18.6,48.6,0.0,-1.8436502,11.2972608
2026-01-01T18:28:30.940,18.6,48.6,0.0,-1.8044235999999998,11.2580342
2026-01-01T18:28:33.196,18.6,48.7,0.0,-1.8436502,11.375713999999999
2026-01-01T18:28:35.451,18.5,48.7,0.0392266,-1.8436502,11.2972608
2026-01-01T18:28:37.709,18.6,48.7,0.0,-1.8436502,11.2580342
2026-01-01T18:28:39.969,18.6,48.8,0.0,-1.8436502,11.2972608
2026-01-01T18:28:42.224,18.6,48.8,0.0,-1.8044235999999998,11.2580342
2026-01-01T18:28:44.485,18.6,48.7,0.0,-1.8436502,11.2972608
2026-01-01T18:28:46.740,18.5,48.7,0.0392266,-1.8436502,11.2580342
2026-01-01T18:28:49.001,18.6,48.8,0.0,-1.8044235999999998,11.2188076
2026-01-01T18:28:51.256,18.6,48.8,0.0,-1.8436502,11.2972608
2026-01-01T18:28:53.517,18.6,48.9,0.0,-1.8044235999999998,11.2188076
2026-01-01T18:28:55.777,18.6,48.9,0.0392266,-1.8436502,11.2188076
2026-01-01T18:28:58.032,18.6,48.9,0.0,-1.8044235999999998,11.2972608
2026-01-01T18:29:00.293,18.6,48.9,0.0,-1.8436502,11.2188076
2026-01-01T18:29:02.553,18.6,48.8,0.0,-1.8044235999999998,11.2972608
2026-01-01T18:29:04.813,18.5,48.8,0.0,-1.8436502,11.2580342
2026-01-01T18:29:07.073,18.6,48.8,0.0392266,-1.8828768,11.3364874
2026-01-01T18:29:09.328,18.6,48.8,0.0392266,-1.8436502,11.2188076
2026-01-01T18:29:11.589,18.6,48.8,0.0392266,-1.8044235999999998,11.2972608
2026-01-01T18:29:13.849,18.6,48.8,0.0,-1.8044235999999998,11.2580342
2026-01-01T18:29:16.109,18.6,48.8,0.0,-1.8436502,11.2580342
2026-01-01T18:29:18.364,18.6,48.8,0.0,-1.8436502,11.2188076
2026-01-01T18:29:20.620,18.6,48.7,0.0,-1.8044235999999998,11.2188076
2026-01-01T18:29:22.881,18.6,48.8,0.0392266,-1.765197,11.2188076
2026-01-01T18:29:25.141,18.6,48.8,0.0,-1.8436502,11.3364874
2026-01-01T18:29:27.401,18.6,48.8,0.0,-1.8436502,11.2972608
2026-01-01T18:29:29.656,18.6,48.8,0.0392266,-1.8436502,11.2188076
2026-01-01T18:29:31.912,18.6,48.7,0.0,-1.8044235999999998,11.2972608
2026-01-01T18:29:34.173,18.6,48.7,0.0,-1.8044235999999998,11.3364874
2026-01-01T18:29:36.433,18.6,48.7,0.0,-1.8436502,11.2580342
2026-01-01T18:29:38.693,18.6,48.7,0.0392266,-1.8436502,11.2188076
2026-01-01T18:29:40.948,18.6,48.7,0.0,-1.8044235999999998,11.2188076
2026-01-01T18:29:43.209,18.6,48.7,0.0,-1.8436502,11.2580342
2026-01-01T18:29:45.464,18.6,48.8,0.0,-1.8044235999999998,11.2188076
2026-01-01T18:29:47.720,18.6,48.8,0.0,-1.8044235999999998,11.2580342
2026-01-01T18:29:49.981,18.6,48.8,0.0392266,-1.8436502,11.2972608
2026-01-01T18:29:52.236,18.6,48.8,0.0,-1.8436502,11.179581
2026-01-01T18:29:54.492,18.6,48.9,0.0,-1.8044235999999998,11.2580342
2026-01-01T18:29:56.747,18.6,48.9,-0.0392266,-1.8436502,11.2580342
2026-01-01T18:29:59.002,18.6,48.9,0.0,-1.8828768,11.2580342
2026-01-01T18:30:01.258,18.6,48.9,0.0,-1.8044235999999998,11.2580342
2026-01-01T18:30:03.515,18.6,48.9,0.0392266,-1.8436502,11.2972608
2026-01-01T18:30:05.777,18.6,48.9,0.0,-1.8828768,11.414940599999998
2026-01-01T18:30:08.037,18.6,48.9,0.0,-1.8436502,11.2972608
2026-01-01T18:30:10.297,18.6,48.9,0.0,-1.8044235999999998,11.179581
2026-01-01T18:30:12.557,18.6,48.9,0.0392266,-1.8828768,11.2580342
2026-01-01T18:30:14.817,18.6,48.9,0.0392266,-1.8436502,11.3364874
2026-01-01T18:30:17.072,18.6,49.0,0.0,-1.8436502,11.2188076
2026-01-01T18:30:19.333,18.6,49.0,0.0392266,-1.8044235999999998,11.3364874
2026-01-01T18:30:21.588,18.6,49.2,0.0392266,-1.8436502,11.2188076
2026-01-01T18:30:23.849,18.6,49.3,0.0,-1.8436502,11.179581
2026-01-01T18:30:26.109,18.6,49.3,0.0,-1.8044235999999998,11.2188076
2026-01-01T18:30:28.369,18.6,49.3,0.0,-1.8044235999999998,11.2580342
2026-01-01T18:30:30.629,18.6,49.3,0.0,-1.8436502,11.2188076
2026-01-01T18:30:32.884,18.6,49.3,0.0,-1.8436502,11.2972608
2026-01-01T18:30:35.140,18.6,49.4,0.0,-1.8828768,11.2972608
2026-01-01T18:30:37.401,18.6,49.3,0.0,-1.8044235999999998,11.2188076
2026-01-01T18:30:39.656,18.6,49.3,0.0,-1.8828768,11.2580342
2026-01-01T18:30:41.912,18.6,49.2,0.0,-1.8436502,11.2972608
2026-01-01T18:30:44.173,18.6,49.2,0.0,-1.8436502,11.2188076
2026-01-01T18:30:46.428,18.6,49.1,0.0392266,-1.8436502,11.2188076
2026-01-01T18:30:48.689,18.6,49.1,0.0,-1.8044235999999998,11.2188076
2026-01-01T18:30:50.946,18.6,49.0,0.0,-1.765197,11.2580342
2026-01-01T18:30:53.201,18.6,49.0,0.0392266,-1.8436502,11.2972608
2026-01-01T18:30:55.461,18.6,49.0,0.0392266,-1.8436502,11.2188076
2026-01-01T18:30:57.721,18.6,49.1,0.0,-1.8436502,11.3364874
2026-01-01T18:30:59.981,18.6,49.1,0.0,-1.8044235999999998,11.179581
2026-01-01T18:31:02.241,18.6,49.2,0.0,-1.8436502,11.2580342
2026-01-01T18:31:04.496,18.6,49.2,0.0392266,-1.8436502,11.2972608
2026-01-01T18:31:06.752,18.6,49.2,0.0,-1.8044235999999998,11.2580342
2026-01-01T18:31:09.007,18.6,49.1,0.0,-1.8436502,11.2972608
2026-01-01T18:31:11.269,18.6,49.1,0.0392266,-1.8436502,11.2580342
2026-01-01T18:31:13.529,18.6,49.0,0.0392266,-1.8044235999999998,11.2580342
2026-01-01T18:31:15.789,18.6,49.0,0.0392266,-1.765197,11.2580342
2026-01-01T18:31:18.049,18.6,49.0,0.0,-1.8828768,11.2972608
2026-01-01T18:31:20.309,18.6,49.0,0.0,-1.8436502,11.2188076
2026-01-01T18:31:22.569,18.6,48.9,0.0,-1.8436502,11.3364874
2026-01-01T18:31:24.824,18.6,48.9,0.0392266,-1.8044235999999998,11.2580342
2026-01-01T18:31:27.085,18.6,48.9,0.0,-1.8044235999999998,11.2580342
2026-01-01T18:31:29.340,18.6,48.9,0.0,-1.8044235999999998,11.3364874
2026-01-01T18:31:31.601,18.6,49.0,0.0,-1.8436502,11.2580342
2026-01-01T18:31:33.856,18.6,49.0,0.0,-1.8044235999999998,11.2188076
2026-01-01T18:31:36.117,18.6,49.0,0.0,-1.8828768,11.3364874
2026-01-01T18:31:38.377,18.6,49.1,0.0392266,-1.8436502,11.2580342
2026-01-01T18:31:40.637,18.6,49.1,0.0,-1.8436502,11.2972608
2026-01-01T18:31:42.892,18.6,49.2,0.0,-1.8436502,11.2972608
2026-01-01T18:31:45.153,18.6,49.3,0.0,-1.765197,11.2580342
2026-01-01T18:31:47.408,18.6,49.2,0.0,-1.8828768,11.3364874
2026-01-01T18:31:49.669,18.6,49.0,0.0,-1.8828768,11.3364874
2026-01-01T18:31:51.929,18.6,49.0,0.0,-1.8436502,11.2580342
2026-01-01T18:31:54.189,18.6,49.0,0.0,-1.8436502,11.3364874
2026-01-01T18:31:56.449,18.6,48.9,0.0392266,-1.8436502,11.2580342
2026-01-01T18:31:58.709,18.6,48.9,0.0,-1.8044235999999998,11.2188076
2026-01-01T18:32:00.964,18.6,48.8,0.0392266,-1.9221034,11.2972608
2026-01-01T18:32:03.220,18.6,48.8,0.0,-1.8044235999999998,11.2580342
2026-01-01T18:32:05.475,18.6,48.8,0.0,-1.8436502,11.3364874
2026-01-01T18:32:07.730,18.6,48.9,0.0,-1.8044235999999998,11.3364874
2026-01-01T18:32:09.986,18.7,49.1,0.0,-1.8828768,11.2580342
2026-01-01T18:32:12.241,18.6,49.3,0.0,-1.8436502,11.2972608
2026-01-01T18:32:14.501,18.7,49.5,0.0,-1.8828768,11.2972608
2026-01-01T18:32:16.761,18.6,49.6,0.0,-1.8436502,11.2580342
2026-01-01T18:32:19.016,18.6,49.8,0.0392266,-1.8436502,11.2972608
2026-01-01T18:32:21.277,18.7,50.0,0.0,-1.8436502,11.2972608
2026-01-01T18:32:23.532,18.6,50.1,0.0,-1.8436502,11.2580342
2026-01-01T18:32:25.793,18.6,50.2,0.0,-1.8436502,11.3364874
2026-01-01T18:32:28.048,18.6,50.3,0.0,-1.8436502,11.179581
2026-01-01T18:32:30.304,18.6,50.4,0.0,-1.8436502,11.3364874
2026-01-01T18:32:32.565,18.6,50.5,0.0,-1.8436502,11.3364874
2026-01-01T18:32:34.825,18.6,50.6,0.0,-1.8436502,11.3364874
2026-01-01T18:32:37.080,18.6,50.7,0.0392266,-1.8828768,11.2580342
2026-01-01T18:32:39.336,18.6,50.8,0.0392266,-1.8044235999999998,11.2972608
2026-01-01T18:32:41.597,18.7,50.9,0.0392266,-1.8828768,11.2972608
2026-01-01T18:32:43.852,18.6,50.7,0.0392266,-1.8828768,11.3364874
2026-01-01T18:32:46.108,18.6,50.7,0.0,-1.8436502,11.2972608
2026-01-01T18:32:48.369,18.7,50.6,0.0392266,-1.8436502,11.3364874
2026-01-01T18:32:50.629,18.6,50.5,0.0,-1.8828768,11.2580342
2026-01-01T18:32:52.889,18.6,50.4,0.0392266,-1.8436502,11.2580342
2026-01-01T18:32:55.144,18.6,50.4,0.0,-1.8044235999999998,11.2188076
2026-01-01T18:32:57.400,18.6,50.4,0.0392266,-1.8436502,11.2188076
2026-01-01T18:32:59.661,18.6,50.4,0.0,-1.8436502,11.2188076
2026-01-01T18:33:01.916,18.6,50.3,0.0392266,-1.8436502,11.2580342
2026-01-01T18:33:04.172,18.7,50.3,0.0,-1.8436502,11.2188076
2026-01-01T18:33:06.428,18.6,50.2,0.0,-1.8828768,11.2972608
2026-01-01T18:33:08.683,18.6,50.1,0.0,-1.8436502,11.2580342
2026-01-01T18:33:10.939,18.6,50.1,0.0392266,-1.8436502,11.2580342
2026-01-01T18:33:13.195,18.6,50.2,0.0392266,-1.8044235999999998,11.2972608
2026-01-01T18:33:15.451,18.6,50.2,0.0392266,-1.8436502,11.3364874
2026-01-01T18:33:17.706,18.6,50.2,0.0,-1.8044235999999998,11.2188076
2026-01-01T18:33:19.962,18.7,50.3,0.0,-1.8044235999999998,11.2580342
2026-01-01T18:33:22.218,18.6,50.3,0.0,-1.8828768,11.2580342
2026-01-01T18:33:24.474,18.6,50.3,0.0392266,-1.8436502,11.2188076
2026-01-01T18:33:26.729,18.6,50.4,0.0,-1.8436502,11.2580342
2026-01-01T18:33:28.985,18.6,50.5,0.0,-1.8436502,11.2972608
2026-01-01T18:33:31.241,18.6,50.6,0.0,-1.8828768,11.2972608
2026-01-01T18:33:33.496,18.6,50.8,0.0,-1.8044235999999998,11.179581
2026-01-01T18:33:35.752,18.6,51.0,0.0392266,-1.8828768,11.2972608
2026-01-01T18:33:38.008,18.6,51.2,0.0,-1.8044235999999998,11.2972608
2026-01-01T18:33:40.263,18.6,51.2,0.0,-1.8436502,11.3364874
2026-01-01T18:33:42.519,18.6,51.2,0.0,-1.8436502,11.3364874
2026-01-01T18:33:44.775,18.6,51.3,0.0392266,-1.8828768,11.2580342
2026-01-01T18:33:47.030,18.6,51.2,0.0,-1.8828768,11.2972608
2026-01-01T18:33:49.286,18.6,51.2,0.0,-1.8044235999999998,11.2580342
2026-01-01T18:33:51.542,18.7,51.3,0.0,-1.8436502,11.2580342
2026-01-01T18:33:53.797,18.6,51.1,0.0,-1.8044235999999998,11.2188076
2026-01-01T18:33:56.053,18.7,51.2,0.0,-1.8828768,11.2972608
2026-01-01T18:33:58.309,18.7,51.2,0.0,-1.8436502,11.2580342
2026-01-01T18:34:00.564,18.6,51.1,0.0,-1.8828768,11.2580342
2026-01-01T18:34:02.820,18.6,51.1,0.0,-1.8044235999999998,11.2188076
2026-01-01T18:34:05.076,18.6,51.2,0.0392266,-1.8436502,11.2972608
2026-01-01T18:34:07.331,18.6,51.1,0.0392266,-1.8436502,11.3364874
2026-01-01T18:34:09.587,18.7,51.0,0.0392266,-1.8436502,11.2188076
2026-01-01T18:34:11.843,18.6,50.7,0.0392266,-1.8436502,11.2972608
2026-01-01T18:34:14.099,18.6,50.6,0.0,-1.8436502,11.2580342
2026-01-01T18:34:16.354,18.7,50.7,0.0392266,-1.8828768,11.3364874
2026-01-01T18:34:18.610,18.7,50.7,0.0,-1.8044235999999998,11.2580342
2026-01-01T18:34:20.866,18.6,50.6,0.0,-1.8044235999999998,11.2972608
2026-01-01T18:34:23.121,18.6,50.4,0.0,-1.8436502,11.3364874
2026-01-01T18:34:25.377,18.6,50.4,0.0,-1.8436502,11.179581
2026-01-01T18:34:27.633,18.6,50.2,0.0,-1.8436502,11.2580342
2026-01-01T18:34:29.888,18.6,50.0,0.0,-1.8436502,11.179581
2026-01-01T18:34:32.144,18.6,49.9,0.0,-1.8436502,11.2580342
2026-01-01T18:34:34.400,18.6,49.8,0.0,-1.8828768,11.2580342
2026-01-01T18:34:36.655,18.6,49.7,0.0,-1.8828768,11.1403544
2026-01-01T18:34:38.911,18.6,49.7,-0.0392266,-1.7259703999999998,11.2580342
2026-01-01T18:34:41.167,18.6,49.6,0.0,-1.765197,11.1403544
2026-01-01T18:34:43.422,18.6,49.5,0.0,-1.8828768,11.2580342
2026-01-01T18:34:45.678,18.6,49.5,0.0,-1.8044235999999998,11.2188076
2026-01-01T18:34:47.934,18.6,49.5,-0.0392266,-1.8044235999999998,11.179581
2026-01-01T18:34:50.189,18.7,49.6,0.0,-1.8436502,11.2580342
2026-01-01T18:34:52.445,18.6,49.5,0.0,-1.8436502,11.179581
2026-01-01T18:34:54.701,18.6,49.5,0.0,-1.8436502,11.2580342
2026-01-01T18:34:56.957,18.6,49.5,0.0392266,-1.8436502,11.2972608
2026-01-01T18:34:59.212,18.6,49.6,0.0,-1.8436502,11.1403544
2026-01-01T18:35:01.468,18.6,49.6,0.0,-1.8436502,11.2580342
2026-01-01T18:35:03.724,18.6,49.6,0.0,-1.8436502,11.179581
2026-01-01T18:35:05.979,18.6,49.5,0.0,-1.8436502,11.2188076
2026-01-01T18:35:08.235,18.6,49.5,0.0,-1.8436502,11.2188076
2026-01-01T18:35:10.491,18.6,49.5,-0.0392266,-1.8044235999999998,11.1403544
2026-01-01T18:35:12.747,18.7,49.5,0.0,-1.8436502,11.2580342
2026-01-01T18:35:15.003,18.7,49.5,0.0,-1.8436502,11.2580342
2026-01-01T18:35:17.258,18.7,49.4,0.0,-1.8044235999999998,11.2188076
2026-01-01T18:35:19.514,18.7,49.4,0.0392266,-1.8436502,11.179581
2026-01-01T18:35:21.770,18.6,49.4,0.0,-1.8436502,11.2580342
2026-01-01T18:35:24.026,18.6,49.4,0.0,-1.8436502,11.2188076
2026-01-01T18:35:26.281,18.7,49.4,0.0,-1.8436502,11.2188076
2026-01-01T18:35:28.537,18.7,49.4,0.0,-1.8044235999999998,11.2188076
2026-01-01T18:35:30.793,18.7,49.4,0.0,-1.8828768,11.2188076
2026-01-01T18:35:33.048,18.7,49.5,0.0,-1.8436502,11.2188076
2026-01-01T18:35:35.304,18.7,49.5,-0.0392266,-1.8044235999999998,11.2580342
2026-01-01T18:35:37.560,18.7,49.5,0.0392266,-1.8436502,11.179581
2026-01-01T18:35:39.815,18.7,49.4,0.0,-1.8044235999999998,11.2580342
2026-01-01T18:35:42.071,18.7,49.4,0.0,-1.8044235999999998,11.2580342
2026-01-01T18:35:44.327,18.7,49.4,0.0,-1.8044235999999998,11.179581
2026-01-01T18:35:46.582,18.7,49.3,0.0,-1.8044235999999998,11.2972608
2026-01-01T18:35:48.838,18.7,49.2,0.0,-1.8436502,11.179581
2026-01-01T18:35:51.094,18.7,49.2,0.0,-1.8044235999999998,11.2580342
2026-01-01T18:35:53.349,18.7,49.1,0.0,-1.8436502,11.2972608
2026-01-01T18:35:55.605,18.7,49.1,0.0,-1.765197,11.2188076
2026-01-01T18:35:57.861,18.7,49.1,0.0,-1.8436502,11.2580342
2026-01-01T18:36:00.117,18.7,49.2,0.0,-1.8436502,11.2972608
2026-01-01T18:36:02.372,18.7,49.2,0.0,-1.8436502,11.2580342
2026-01-01T18:36:04.628,18.7,49.2,0.0,-1.8436502,11.2188076
2026-01-01T18:36:06.884,,,0.0,-1.8044235999999998,11.2188076
2026-01-01T18:36:09.140,18.7,49.3,0.0,-1.8436502,11.2188076
2026-01-01T18:36:11.395,18.7,49.2,-0.0392266,-1.8828768,11.179581
2026-01-01T18:36:13.651,18.7,49.2,0.0,-1.8828768,11.2580342
2026-01-01T18:36:15.907,18.7,49.1,0.0,-1.8044235999999998,11.2580342
2026-01-01T18:36:18.163,18.7,49.2,0.0,-1.8044235999999998,11.2188076
2026-01-01T18:36:20.419,18.7,49.2,0.0,-1.8828768,11.2580342
2026-01-01T18:36:22.674,18.6,49.0,0.0,-1.8436502,11.2188076
2026-01-01T18:36:24.929,18.7,49.1,0.0,-1.765197,11.2188076
2026-01-01T18:36:27.185,18.7,49.0,0.0392266,-1.8436502,11.2580342
2026-01-01T18:36:29.441,18.7,49.0,0.0,-1.8828768,11.2580342
2026-01-01T18:36:31.697,18.7,49.0,0.0,-1.8436502,11.179581
2026-01-01T18:36:33.952,18.7,49.0,0.0,-1.8436502,11.2580342
2026-01-01T18:36:36.208,18.7,49.0,0.0,-1.8436502,11.2580342
2026-01-01T18:36:38.463,18.7,49.0,0.0,-1.765197,11.2580342
2026-01-01T18:36:40.719,18.6,48.9,0.0,-1.8436502,11.179581
2026-01-01T18:36:42.975,18.7,48.9,0.0,-1.8044235999999998,11.375713999999999
2026-01-01T18:36:45.230,18.6,48.8,0.0,-1.8828768,11.2972608
2026-01-01T18:36:47.486,18.7,48.9,0.0,-1.8044235999999998,11.2188076
2026-01-01T18:36:49.742,18.7,48.8,0.0,-1.8828768,11.2580342
2026-01-01T18:36:51.997,18.7,48.8,0.0,-1.8436502,11.2580342
2026-01-01T18:36:54.253,18.7,48.8,-0.0392266,-1.8044235999999998,11.2188076
2026-01-01T18:36:56.509,18.6,48.8,0.0392266,-1.8436502,11.2188076
2026-01-01T18:36:58.764,18.7,48.8,0.0,-1.8436502,11.2580342
2026-01-01T18:37:01.020,18.6,48.7,0.0392266,-1.8044235999999998,11.2188076
2026-01-01T18:37:03.276,18.7,48.8,0.0,-1.765197,11.2188076
2026-01-01T18:37:05.531,18.6,48.7,0.0392266,-1.8828768,11.2580342
2026-01-01T18:37:07.787,18.6,48.7,-0.0392266,-1.8436502,11.2972608
2026-01-01T18:37:10.043,18.7,48.7,0.0,-1.8044235999999998,11.179581
2026-01-01T18:37:12.299,18.6,48.6,0.0392266,-1.8044235999999998,11.1403544
2026-01-01T18:37:14.555,18.6,48.6,0.0,-1.8828768,11.2972608
2026-01-01T18:37:16.810,18.7,48.6,0.0392266,-1.8044235999999998,11.2580342
2026-01-01T18:37:19.066,18.6,48.6,0.0392266,-1.8828768,11.2580342
2026-01-01T18:37:21.322,18.7,48.6,0.0,-1.8436502,11.2188076
2026-01-01T18:37:23.578,18.7,48.6,0.0392266,-1.8044235999999998,11.2972608
2026-01-01T18:37:25.833,18.7,48.6,0.0,-1.8044235999999998,11.2188076
2026-01-01T18:37:28.089,18.7,48.6,0.0,-1.8436502,11.2972608
2026-01-01T18:37:30.345,18.7,48.6,0.0392266,-1.8436502,11.3364874
2026-01-01T18:37:32.601,18.6,48.6,0.0,-1.8436502,11.2188076
2026-01-01T18:37:34.856,18.6,48.6,0.0392266,-1.8436502,11.3364874
2026-01-01T18:37:37.112,18.7,48.7,0.0,-1.765197,11.2580342
2026-01-01T18:37:39.368,18.7,48.7,0.0,-1.765197,11.179581
2026-01-01T18:37:41.623,18.6,48.6,0.0,-1.8828768,11.2972608
2026-01-01T18:37:43.879,18.6,48.6,-0.0392266,-1.8044235999999998,11.3364874
2026-01-01T18:37:46.135,18.7,48.7,0.0,-1.8044235999999998,11.179581
2026-01-01T18:37:48.391,18.6,48.7,0.0392266,-1.8828768,11.2188076
2026-01-01T18:37:50.646,18.7,48.7,0.0392266,-1.8436502,11.2972608
2026-01-01T18:37:52.902,18.7,48.7,0.0,-1.8044235999999998,11.2580342
2026-01-01T18:37:55.158,18.7,48.7,0.0392266,-1.8436502,11.2188076
2026-01-01T18:37:57.413,18.7,48.7,0.0392266,-1.8436502,11.2972608
2026-01-01T18:37:59.669,18.6,48.6,0.0,-1.8044235999999998,11.179581
2026-01-01T18:38:01.925,18.7,48.7,0.0392266,-1.8044235999999998,11.2972608
2026-01-01T18:38:04.180,18.7,48.7,0.0,-1.8436502,11.2972608
2026-01-01T18:38:06.436,18.7,48.7,0.0392266,-1.8436502,11.2188076
2026-01-01T18:38:08.692,,,0.0,-1.8044235999999998,11.2188076
2026-01-01T18:38:10.948,18.7,48.6,0.0392266,-1.8436502,11.2972608
2026-01-01T18:38:13.203,18.6,48.5,0.0392266,-1.8436502,11.2580342
2026-01-01T18:38:15.459,18.7,48.6,0.0,-1.8044235999999998,11.2972608
2026-01-01T18:38:17.715,18.7,48.6,0.0,-1.8044235999999998,11.2580342
2026-01-01T18:38:19.971,18.7,48.6,0.0392266,-1.8044235999999998,11.2972608
2026-01-01T18:38:22.226,18.7,48.6,0.0,-1.8436502,11.2972608
2026-01-01T18:38:24.482,18.7,48.6,0.0,-1.8436502,11.2580342
2026-01-01T18:38:26.738,18.7,48.6,0.0392266,-1.8436502,11.2580342
2026-01-01T18:38:28.993,18.7,48.6,0.0,-1.8436502,11.2580342
2026-01-01T18:38:31.249,18.7,48.6,0.0,-1.8436502,11.2580342
2026-01-01T18:38:33.505,18.7,48.5,0.0392266,-1.9221034,11.2188076
2026-01-01T18:38:35.760,18.7,48.5,0.0,-1.8436502,11.2972608
2026-01-01T18:38:38.016,18.7,48.5,0.0,-1.765197,11.2972608
2026-01-01T18:38:40.271,18.7,48.5,0.0392266,-1.8436502,11.2580342
2026-01-01T18:38:42.527,18.6,48.4,0.0,-1.8828768,11.2972608
2026-01-01T18:38:44.783,18.7,48.4,0.0,-1.8044235999999998,11.2188076
2026-01-01T18:38:47.038,18.7,48.4,0.0392266,-1.8044235999999998,11.2580342
2026-01-01T18:38:49.294,18.7,48.4,0.0392266,-1.8436502,11.2188076
2026-01-01T18:38:51.550,18.7,48.4,0.0,-1.8436502,11.2580342
2026-01-01T18:38:53.805,18.7,48.4,0.0392266,-1.8436502,11.2188076
2026-01-01T18:38:56.061,18.7,48.4,0.0392266,-1.8828768,11.2580342
2026-01-01T18:38:58.317,18.7,48.4,0.0,-1.8828768,11.2188076
2026-01-01T18:39:00.572,18.7,48.4,0.0,-1.8044235999999998,11.2580342
2026-01-01T18:39:02.828,18.6,48.4,0.0392266,-1.8436502,11.2972608
2026-01-01T18:39:05.084,18.7,48.5,0.0,-1.8828768,11.2972608
2026-01-01T18:39:07.339,18.7,48.4,0.0,-1.8044235999999998,11.3364874
2026-01-01T18:39:09.595,18.7,48.4,0.0,-1.8436502,11.2580342
2026-01-01T18:39:11.851,18.6,48.3,0.0392266,-1.8436502,11.2972608
2026-01-01T18:39:14.107,18.7,48.4,0.0,-1.8044235999999998,11.2972608
2026-01-01T18:39:16.363,18.6,48.3,0.0392266,-1.765197,11.2188076
2026-01-01T18:39:18.618,18.7,48.4,0.0392266,-1.8828768,11.2972608
2026-01-01T18:39:20.874,18.7,48.4,0.0,-1.8436502,11.2580342
2026-01-01T18:39:23.130,18.7,48.4,0.0392266,-1.8044235999999998,11.2580342
2026-01-01T18:39:25.386,18.7,48.4,0.0,-1.8828768,11.3364874
2026-01-01T18:39:27.641,18.6,48.4,0.0,-1.8044235999999998,11.2188076
2026-01-01T18:39:29.897,18.7,48.4,0.0,-1.8044235999999998,11.179581
2026-01-01T18:39:32.153,18.7,48.4,0.0392266,-1.8436502,11.2580342
2026-01-01T18:39:34.408,18.7,48.4,0.0,-1.8828768,11.3364874
2026-01-01T18:39:36.664,18.7,48.4,0.0,-1.8436502,11.2972608
2026-01-01T18:39:38.919,18.7,48.4,0.0392266,-1.8044235999999998,11.2188076
2026-01-01T18:39:41.175,18.7,48.3,0.0392266,-1.8436502,11.2580342
2026-01-01T18:39:43.431,18.7,48.4,0.0,-1.765197,11.2188076
2026-01-01T18:39:45.686,18.6,48.3,0.0392266,-1.8828768,11.2972608
2026-01-01T18:39:47.942,18.7,48.4,0.0,-1.8436502,11.2580342
2026-01-01T18:39:50.197,18.7,48.3,0.0,-1.8044235999999998,11.2972608
2026-01-01T18:39:52.453,18.7,48.3,0.0,-1.8044235999999998,11.2580342
2026-01-01T18:39:54.709,18.7,48.3,0.0,-1.8828768,11.3364874
2026-01-01T18:39:56.964,18.7,48.3,0.0392266,-1.8044235999999998,11.2580342
2026-01-01T18:39:59.220,18.7,48.3,0.0,-1.8436502,11.2580342
2026-01-01T18:40:01.476,18.6,48.2,0.0,-1.8436502,11.2972608
2026-01-01T18:40:03.734,18.7,48.3,0.0,-1.8436502,11.2580342
2026-01-01T18:40:05.990,18.6,48.2,0.0,-1.8436502,11.2580342
2026-01-01T18:40:08.245,18.6,48.2,0.0,-1.8436502,11.2972608
2026-01-01T18:40:10.501,18.6,48.2,0.0,-1.8436502,11.2580342
2026-01-01T18:40:12.757,18.6,48.2,0.0,-1.8436502,11.2580342
2026-01-01T18:40:15.013,18.6,48.2,0.0,-1.8436502,11.2972608
2026-01-01T18:40:17.268,18.7,48.3,0.0,-1.8044235999999998,11.3364874
2026-01-01T18:40:19.524,18.6,48.2,0.0,-1.8436502,11.2972608
2026-01-01T18:40:21.780,18.6,48.2,0.0,-1.8044235999999998,11.2580342
2026-01-01T18:40:24.036,18.6,48.2,0.0392266,-1.8436502,11.2188076
2026-01-01T18:40:26.291,18.6,48.2,0.0392266,-1.8436502,11.2580342
2026-01-01T18:40:28.547,18.7,48.2,0.0392266,-1.8044235999999998,11.2972608
2026-01-01T18:40:30.803,18.6,48.2,0.0,-1.8436502,11.2580342
2026-01-01T18:40:33.059,18.6,48.2,0.0392266,-1.8436502,11.2188076
2026-01-01T18:40:35.314,18.6,48.3,0.0,-1.8436502,11.2972608
2026-01-01T18:40:37.570,18.6,48.3,0.0,-1.8828768,11.2580342
2026-01-01T18:40:39.826,18.7,48.4,0.0392266,-1.8436502,11.2580342
2026-01-01T18:40:42.081,18.6,48.3,-0.0392266,-1.8828768,11.2580342
2026-01-01T18:40:44.337,18.6,48.2,0.0,-1.8436502,11.2188076
2026-01-01T18:40:46.593,18.6,48.3,0.0,-1.8044235999999998,11.2972608
2026-01-01T18:40:48.848,18.6,48.2,0.0,-1.8436502,11.2188076
2026-01-01T18:40:51.104,18.7,48.3,0.0,-1.8828768,11.2972608
2026-01-01T18:40:53.360,18.6,48.2,0.0392266,-1.8436502,11.2580342
2026-01-01T18:40:55.615,18.6,48.3,0.0,-1.8436502,11.2188076
2026-01-01T18:40:57.871,18.6,48.3,0.0,-1.8044235999999998,11.2580342
2026-01-01T18:41:00.127,18.6,48.3,0.0,-1.8436502,11.2188076
2026-01-01T18:41:02.382,18.6,48.3,0.0,-1.8436502,11.2188076
2026-01-01T18:41:04.638,18.6,48.3,0.0392266,-1.8436502,11.2972608
2026-01-01T18:41:06.894,18.6,48.3,0.0,-1.8044235999999998,11.2580342
2026-01-01T18:41:09.150,18.6,48.3,0.0,-1.8436502,11.2972608
2026-01-01T18:41:11.406,18.6,48.3,0.0,-1.8436502,11.2188076
2026-01-01T18:41:13.661,18.6,48.3,-0.0392266,-1.8436502,11.2972608
2026-01-01T18:41:15.917,18.6,48.3,0.0392266,-1.8436502,11.2972608
2026-01-01T18:41:18.173,18.7,48.3,0.0,-1.8436502,11.2972608
2026-01-01T18:41:20.428,18.6,48.3,0.0392266,-1.8436502,11.2188076
2026-01-01T18:41:22.684,18.7,48.4,0.0,-1.8436502,11.2580342
2026-01-01T18:41:24.940,,,0.0,-1.8044235999999998,11.2580342
2026-01-01T18:41:27.195,18.6,48.4,0.0,-1.8044235999999998,11.2580342
2026-01-01T18:41:29.451,18.6,48.4,0.0,-1.8044235999999998,11.2580342
2026-01-01T18:41:31.707,18.6,48.4,0.0,-1.8828768,11.3364874
2026-01-01T18:41:33.963,18.6,48.3,0.0,-1.8044235999999998,11.1403544
2026-01-01T18:41:36.218,18.6,48.3,0.0,-1.8828768,11.3364874
2026-01-01T18:41:38.474,18.6,48.3,0.0,-1.765197,11.2188076
2026-01-01T18:41:40.730,18.6,48.2,0.0,-1.8044235999999998,11.2188076
2026-01-01T18:41:42.985,18.6,48.2,0.0,-1.8436502,11.3364874
2026-01-01T18:41:45.241,18.6,48.2,0.0392266,-1.8436502,11.2580342
2026-01-01T18:41:47.497,18.7,48.3,0.0392266,-1.9221034,11.2972608
2026-01-01T18:41:49.752,18.6,48.2,0.0,-1.8044235999999998,11.3364874
2026-01-01T18:41:52.008,,,0.0,-1.8436502,11.2580342
2026-01-01T18:41:54.264,18.6,48.1,0.0,-1.8436502,11.2972608
2026-01-01T18:41:56.519,18.6,48.0,0.0,-1.8436502,11.2580342
2026-01-01T18:41:58.775,18.6,48.0,0.0392266,-1.8436502,11.2972608
2026-01-01T18:42:01.031,18.6,48.0,0.0392266,-1.8044235999999998,11.179581
2026-01-01T18:42:03.286,18.6,47.9,0.0392266,-1.8828768,11.2972608
2026-01-01T18:42:05.542,18.6,48.0,0.0,-1.765197,11.2188076
2026-01-01T18:42:07.798,18.6,48.0,0.0392266,-1.8436502,11.2188076
2026-01-01T18:42:10.053,18.6,48.0,0.0,-1.8044235999999998,11.2972608
2026-01-01T18:42:12.309,18.6,48.0,0.0,-1.8436502,11.2188076
2026-01-01T18:42:14.565,18.6,48.0,0.0392266,-1.8436502,11.2972608
2026-01-01T18:42:16.820,18.7,48.1,0.0,-1.8436502,11.2972608
2026-01-01T18:42:19.076,18.6,48.1,0.0,-1.8044235999999998,11.2972608
2026-01-01T18:42:21.332,18.6,48.1,0.0,-1.8044235999999998,11.2972608
2026-01-01T18:42:23.587,18.7,48.1,0.0392266,-1.8044235999999998,11.2188076
2026-01-01T18:42:25.843,18.6,48.1,0.0,-1.8436502,11.2580342
2026-01-01T18:42:28.099,18.6,48.1,0.0,-1.8436502,11.2972608
2026-01-01T18:42:30.354,18.6,48.1,0.0,-1.8436502,11.2580342
2026-01-01T18:42:32.610,18.6,48.0,0.0,-1.8044235999999998,11.2580342
2026-01-01T18:42:34.866,18.6,48.0,0.0,-1.8436502,11.2580342
2026-01-01T18:42:37.122,18.6,47.9,0.0,-1.8436502,11.3364874
2026-01-01T18:42:39.378,18.6,48.0,0.0,-1.8436502,11.2580342
2026-01-01T18:42:41.633,18.6,47.9,0.0392266,-1.8828768,11.2580342
2026-01-01T18:42:43.889,18.6,48.0,0.0,-1.8436502,11.2580342
2026-01-01T18:42:46.145,18.6,48.0,0.0392266,-1.8828768,11.3364874
2026-01-01T18:42:48.401,18.6,48.0,0.0,-1.8436502,11.3364874
2026-01-01T18:42:50.656,18.7,48.0,0.0392266,-1.8828768,11.2972608
2026-01-01T18:42:52.912,18.6,48.0,0.0,-1.765197,11.2188076
2026-01-01T18:42:55.168,18.6,48.0,0.0,-1.8044235999999998,11.2580342
2026-01-01T18:42:57.423,18.6,47.9,0.0,-1.8044235999999998,11.2972608
2026-01-01T18:42:59.679,18.6,47.9,0.0,-1.8436502,11.179581
2026-01-01T18:43:01.935,18.6,47.9,0.0392266,-1.8436502,11.3364874
2026-01-01T18:43:04.190,18.7,47.9,0.0,-1.8044235999999998,11.2972608
2026-01-01T18:43:06.446,18.6,47.9,0.0,-1.8436502,11.2972608
2026-01-01T18:43:08.702,18.6,47.9,0.0,-1.8436502,11.2580342
2026-01-01T18:43:10.957,18.6,48.0,0.0,-1.8828768,11.2188076
2026-01-01T18:43:13.213,18.7,48.0,0.0,-1.8044235999999998,11.2580342
2026-01-01T18:43:15.469,18.6,48.0,-0.0392266,-1.8044235999999998,11.2972608
2026-01-01T18:43:17.724,18.6,48.1,0.0,-1.8436502,11.2972608
2026-01-01T18:43:19.980,18.6,48.1,0.0,-1.8044235999999998,11.2188076
2026-01-01T18:43:22.236,18.7,48.2,0.0,-1.8436502,11.3364874
2026-01-01T18:43:24.492,18.7,48.2,0.0392266,-1.8436502,11.3364874
2026-01-01T18:43:26.748,18.6,48.1,0.0,-1.8436502,11.2972608
2026-01-01T18:43:29.003,18.6,48.1,0.0,-1.8436502,11.2580342
2026-01-01T18:43:31.259,18.6,48.1,0.0,-1.8044235999999998,11.2188076
2026-01-01T18:43:33.515,18.6,48.2,0.0392266,-1.8436502,11.2972608
2026-01-01T18:43:35.770,18.7,48.3,0.0,-1.8044235999999998,11.2580342
2026-01-01T18:43:38.026,18.7,48.3,0.0392266,-1.9221034,11.3364874
2026-01-01T18:43:40.282,18.6,48.2,0.0,-1.8044235999999998,11.2580342
2026-01-01T18:43:42.537,18.6,48.3,0.0392266,-1.8044235999999998,11.2972608
2026-01-01T18:43:44.793,18.6,48.3,0.0392266,-1.8828768,11.3364874
2026-01-01T18:43:47.049,18.6,48.3,0.0,-1.8044235999999998,11.2188076
2026-01-01T18:43:49.304,18.6,48.3,0.0392266,-1.8828768,11.2580342
2026-01-01T18:43:51.560,18.7,48.3,0.0,-1.8044235999999998,11.179581
2026-01-01T18:43:53.816,18.7,48.3,0.0392266,-1.8044235999999998,11.2188076
2026-01-01T18:43:56.071,18.7,48.3,0.0,-1.8044235999999998,11.2580342
2026-01-01T18:43:58.327,18.6,48.2,0.0,-1.8044235999999998,11.2580342
2026-01-01T18:44:00.583,18.6,48.2,0.0,-1.765197,11.2580342
2026-01-01T18:44:02.839,18.6,48.3,0.0392266,-1.8044235999999998,11.2972608
2026-01-01T18:44:05.094,18.6,48.2,0.0,-1.8044235999999998,11.2580342
2026-01-01T18:44:07.350,18.7,48.3,0.0,-1.8436502,11.2580342
2026-01-01T18:44:09.606,18.6,48.2,0.0,-1.765197,11.2972608
2026-01-01T18:44:11.861,18.6,48.2,0.0392266,-1.8044235999999998,11.2580342
2026-01-01T18:44:14.117,18.6,48.2,0.0392266,-1.765197,11.179581
2026-01-01T18:44:16.373,18.6,48.3,0.0392266,-1.8436502,11.2580342
2026-01-01T18:44:18.628,18.6,48.3,0.0,-1.8044235999999998,11.2972608
2026-01-01T18:44:20.883,18.7,48.4,0.0,-1.8436502,11.2580342
2026-01-01T18:44:23.139,18.6,48.3,0.0392266,-1.8828768,11.3364874
2026-01-01T18:44:25.395,18.7,48.3,0.0,-1.8436502,11.3364874
2026-01-01T18:44:27.651,18.6,48.2,0.0,-1.8436502,11.2580342
2026-01-01T18:44:29.907,18.6,48.3,0.0,-1.8044235999999998,11.2972608
2026-01-01T18:44:32.162,18.6,48.2,0.0,-1.8828768,11.2580342
2026-01-01T18:44:34.418,18.7,48.3,0.0,-1.8044235999999998,11.2972608
2026-01-01T18:44:36.673,18.6,48.3,0.0392266,-1.8436502,11.2972608
2026-01-01T18:44:38.929,18.6,48.3,0.0,-1.8436502,11.375713999999999
2026-01-01T18:44:41.185,18.6,48.3,0.0,-1.765197,11.2188076
2026-01-01T18:44:43.441,18.6,48.3,0.0392266,-1.8044235999999998,11.2580342
2026-01-01T18:44:45.697,18.6,48.2,0.0,-1.8044235999999998,11.2188076
2026-01-01T18:44:47.952,18.6,48.3,0.0,-1.8436502,11.3364874
2026-01-01T18:44:50.208,18.6,48.2,0.0392266,-1.8044235999999998,11.2580342
2026-01-01T18:44:52.464,,,0.0392266,-1.8436502,11.2972608
2026-01-01T18:44:54.720,18.6,48.2,0.0392266,-1.8044235999999998,11.2580342
2026-01-01T18:44:56.975,18.6,48.2,0.0392266,-1.8436502,11.179581
2026-01-01T18:44:59.231,18.7,48.3,0.0,-1.8044235999999998,11.2972608
2026-01-01T18:45:01.487,18.7,48.3,0.0,-1.765197,11.2188076
2026-01-01T18:45:03.743,18.6,48.3,0.0,-1.8436502,11.2972608
2026-01-01T18:45:05.999,18.6,48.2,0.0,-1.8044235999999998,11.2188076
2026-01-01T18:45:08.254,18.6,48.2,0.0,-1.8828768,11.2188076
2026-01-01T18:45:10.510,18.6,48.1,0.0,-1.8828768,11.2188076
2026-01-01T18:45:12.766,18.6,48.1,0.0,-1.8436502,11.2580342
2026-01-01T18:45:15.022,18.6,48.0,0.0,-1.8828768,11.375713999999999
2026-01-01T18:45:17.277,18.6,48.0,0.0,-1.8044235999999998,11.2580342
2026-01-01T18:45:19.533,18.6,48.0,0.0,-1.8436502,11.2580342
2026-01-01T18:45:21.789,18.6,47.9,-0.0392266,-1.8044235999999998,11.2580342
2026-01-01T18:45:24.045,18.6,47.9,0.0392266,-1.8828768,11.2972608
2026-01-01T18:45:26.300,18.6,47.8,0.0,-1.8044235999999998,11.2972608
2026-01-01T18:45:28.556,18.6,47.8,0.0,-1.8436502,11.2188076
2026-01-01T18:45:30.812,18.6,47.8,0.0392266,-1.8044235999999998,11.2188076
2026-01-01T18:45:33.068,18.7,47.9,0.0,-1.8436502,11.2188076
2026-01-01T18:45:35.323,18.7,47.9,0.0,-1.8436502,11.2580342
2026-01-01T18:45:37.579,18.6,47.8,0.0392266,-1.765197,11.2188076
2026-01-01T18:45:39.835,18.6,47.8,0.0,-1.8044235999999998,11.2188076
2026-01-01T18:45:42.090,18.6,47.8,0.0,-1.8436502,11.2972608
2026-01-01T18:45:44.346,18.6,47.8,0.0,-1.8044235999999998,11.2188076
2026-01-01T18:45:46.602,18.7,47.9,0.0392266,-1.8828768,11.2972608
2026-01-01T18:45:48.858,18.7,48.0,0.0,-1.8436502,11.2580342
2026-01-01T18:45:51.113,18.7,48.0,0.0392266,-1.8828768,11.2580342
2026-01-01T18:45:53.369,18.6,47.9,0.0,-1.8436502,11.3364874
2026-01-01T18:45:55.625,18.7,47.9,0.0392266,-1.8436502,11.2972608
2026-01-01T18:45:57.881,18.7,47.9,0.0392266,-1.8828768,11.2580342
2026-01-01T18:46:00.137,18.7,47.9,0.0,-1.8436502,11.2972608
2026-01-01T18:46:02.392,18.7,47.9,0.0392266,-1.8828768,11.2580342
2026-01-01T18:46:04.648,18.7,48.0,0.0392266,-1.8044235999999998,11.2972608
2026-01-01T18:46:06.904,18.7,48.0,0.0,-1.8044235999999998,11.2972608
2026-01-01T18:46:09.160,18.7,48.0,0.0,-1.8436502,11.3364874
2026-01-01T18:46:11.415,18.7,48.0,0.0392266,-1.8436502,11.2188076
2026-01-01T18:46:13.671,18.7,47.9,0.0,-1.8436502,11.2972608
2026-01-01T18:46:15.927,18.7,47.9,-0.0392266,-1.8044235999999998,11.2580342
2026-01-01T18:46:18.182,18.7,47.9,0.0,-1.8044235999999998,11.2188076
2026-01-01T18:46:20.438,18.7,47.9,0.0,-1.8436502,11.2972608
2026-01-01T18:46:22.694,18.7,48.0,0.0,-1.8044235999999998,11.2188076
2026-01-01T18:46:24.950,18.7,48.0,0.0392266,-1.8828768,11.3364874
2026-01-01T18:46:27.205,18.7,48.0,0.0,-1.8436502,11.2580342
2026-01-01T18:46:29.461,18.7,48.0,0.0,-1.8044235999999998,11.2188076
2026-01-01T18:46:31.717,18.7,48.0,0.0,-1.8044235999999998,11.2972608
2026-01-01T18:46:33.973,18.7,48.0,0.0,-1.8436502,11.2580342
2026-01-01T18:46:36.228,18.7,48.0,0.0392266,-1.8436502,11.2188076
2026-01-01T18:46:38.484,18.7,48.0,0.0392266,-1.8436502,11.2972608
2026-01-01T18:46:40.740,18.7,47.9,0.0,-1.8436502,11.2188076
2026-01-01T18:46:42.995,18.7,47.9,0.0,-1.8044235999999998,11.2972608
2026-01-01T18:46:45.251,18.7,47.9,0.0,-1.8436502,11.3364874
2026-01-01T18:46:47.507,18.7,48.0,0.0,-1.8436502,11.3364874
2026-01-01T18:46:49.762,18.7,48.0,0.0392266,-1.8436502,11.3364874
2026-01-01T18:46:52.018,18.7,47.9,0.0,-1.8436502,11.2580342
2026-01-01T18:46:54.274,18.7,47.9,0.0,-1.8436502,11.2972608
2026-01-01T18:46:56.529,18.7,47.9,0.0392266,-1.8044235999999998,11.3364874
2026-01-01T18:46:58.785,18.7,47.9,0.0,-1.8044235999999998,11.2188076
2026-01-01T18:47:01.041,18.7,47.8,0.0392266,-1.8436502,11.2972608
2026-01-01T18:47:03.296,18.7,47.7,0.0,-1.8044235999999998,11.2580342
2026-01-01T18:47:05.552,18.7,47.7,0.0,-1.8044235999999998,11.179581
2026-01-01T18:47:07.808,18.7,47.7,0.0,-1.8044235999999998,11.2580342
2026-01-01T18:47:10.064,18.7,47.7,-0.0392266,-1.8436502,11.2580342
2026-01-01T18:47:12.319,18.7,47.7,0.0392266,-1.8436502,11.2580342
2026-01-01T18:47:14.575,18.7,47.7,0.0392266,-1.8044235999999998,11.2972608
2026-01-01T18:47:16.831,18.7,47.7,0.0392266,-1.8436502,11.2580342
2026-01-01T18:47:19.087,18.7,47.7,0.0,-1.8828768,11.2580342
2026-01-01T18:47:21.343,18.7,47.7,0.0392266,-1.8828768,11.2972608
2026-01-01T18:47:23.599,18.7,47.7,0.0,-1.8436502,11.3364874
2026-01-01T18:47:25.854,18.7,47.8,0.0,-1.8044235999999998,11.2972608
2026-01-01T18:47:28.110,18.7,47.8,0.0392266,-1.8044235999999998,11.3364874
2026-01-01T18:47:30.366,18.7,47.8,0.0,-1.8828768,11.2580342
2026-01-01T18:47:32.622,18.7,47.8,0.0,-1.8044235999999998,11.2972608
2026-01-01T18:47:34.878,18.7,47.8,-0.0392266,-1.8044235999999998,11.2580342
2026-01-01T18:47:37.133,18.7,47.8,0.0,-1.8044235999999998,11.2580342
2026-01-01T18:47:39.389,18.7,47.8,0.0,-1.8436502,11.2972608
2026-01-01T18:47:41.645,18.7,47.8,0.0,-1.8044235999999998,11.2580342
2026-01-01T18:47:43.900,18.7,47.8,0.0392266,-1.8436502,11.2188076
2026-01-01T18:47:46.156,18.7,47.8,0.0,-1.8828768,11.2972608
2026-01-01T18:47:48.412,18.7,47.8,0.0,-1.8044235999999998,11.2580342
2026-01-01T18:47:50.668,18.7,47.8,0.0,-1.8044235999999998,11.2972608
2026-01-01T18:47:52.923,18.7,47.8,0.0392266,-1.8044235999999998,11.2580342
2026-01-01T18:47:55.179,18.7,47.8,0.0,-1.8436502,11.2580342
2026-01-01T18:47:57.435,18.7,47.8,0.0,-1.8436502,11.2188076
2026-01-01T18:47:59.690,18.7,47.8,0.0,-1.8044235999999998,11.2580342
2026-01-01T18:48:01.946,18.7,47.8,0.0,-1.8044235999999998,11.3364874
2026-01-01T18:48:04.202,18.7,47.7,0.0,-1.8436502,11.2188076
2026-01-01T18:48:06.458,18.7,47.7,0.0,-1.8436502,11.3364874
2026-01-01T18:48:08.714,18.7,47.6,0.0,-1.8436502,11.2972608
2026-01-01T18:48:10.969,18.7,47.6,0.0,-1.8436502,11.2580342
2026-01-01T18:48:13.225,18.7,47.6,0.0392266,-1.8436502,11.3364874
2026-01-01T18:48:15.481,18.7,47.7,0.0,-1.8044235999999998,11.2580342
2026-01-01T18:48:17.737,18.7,47.7,0.0,-1.8436502,11.2580342
2026-01-01T18:48:19.992,18.7,47.6,0.0,-1.9221034,11.2580342
2026-01-01T18:48:22.248,,,0.0,-1.765197,11.2580342
2026-01-01T18:48:24.504,18.7,47.6,0.0392266,-1.8436502,11.2580342
2026-01-01T18:48:26.759,18.7,47.6,0.0392266,-1.8044235999999998,11.3364874
2026-01-01T18:48:29.015,18.7,47.6,0.0,-1.8436502,11.2580342
2026-01-01T18:48:31.271,18.7,47.6,0.0392266,-1.8436502,11.2188076
2026-01-01T18:48:33.526,18.7,47.6,0.0,-1.8436502,11.2972608
2026-01-01T18:48:35.782,18.7,47.6,0.0,-1.8436502,11.2580342
2026-01-01T18:48:38.038,18.7,47.7,0.0784532,-1.8828768,11.2972608
2026-01-01T18:48:40.293,18.7,47.7,0.0,-1.765197,11.2580342
2026-01-01T18:48:42.549,18.7,47.7,0.0392266,-1.8044235999999998,11.2580342
2026-01-01T18:48:44.805,18.7,47.8,-0.0392266,-1.8044235999999998,11.2972608
2026-01-01T18:48:47.061,18.7,47.8,0.0,-1.8044235999999998,11.2580342
2026-01-01T18:48:49.316,18.7,47.8,0.0,-1.8044235999999998,11.2188076
2026-01-01T18:48:51.572,18.7,47.8,0.0,-1.8044235999999998,11.2972608
2026-01-01T18:48:53.828,18.7,47.8,0.0,-1.8436502,11.2972608
2026-01-01T18:48:56.083,18.7,47.8,0.0,-1.8828768,11.2972608
2026-01-01T18:48:58.339,18.7,47.8,0.0,-1.8436502,11.2188076
2026-01-01T18:49:00.594,18.7,47.7,0.0392266,-1.8436502,11.2580342
2026-01-01T18:49:02.850,18.7,47.7,0.0392266,-1.8044235999999998,11.179581
2026-01-01T18:49:05.106,18.7,47.7,0.0,-1.8044235999999998,11.2580342
2026-01-01T18:49:07.362,18.7,47.7,0.0392266,-1.8044235999999998,11.2972608
2026-01-01T18:49:09.618,18.7,47.7,0.0392266,-1.8436502,11.2188076
2026-01-01T18:49:11.873,18.7,47.7,0.0392266,-1.8828768,11.2972608
2026-01-01T18:49:14.129,18.7,47.7,0.0,-1.8436502,11.2972608
2026-01-01T18:49:16.385,18.7,47.7,0.0,-1.8044235999999998,11.2972608
2026-01-01T18:49:18.641,18.7,47.7,0.0,-1.8436502,11.3364874
2026-01-01T18:49:20.896,18.7,47.7,0.0,-1.8044235999999998,11.2188076
2026-01-01T18:49:23.152,18.7,47.7,0.0392266,-1.8828768,11.2580342
2026-01-01T18:49:25.408,18.7,47.7,0.0,-1.8436502,11.3364874
2026-01-01T18:49:27.664,18.7,47.7,0.0,-1.8044235999999998,11.2580342
2026-01-01T18:49:29.920,18.7,47.7,0.0392266,-1.9221034,11.2972608
2026-01-01T18:49:32.175,18.7,47.7,0.0,-1.8044235999999998,11.2580342
2026-01-01T18:49:34.431,18.7,47.6,0.0,-1.765197,11.2972608
2026-01-01T18:49:36.687,18.7,47.7,0.0,-1.8828768,11.3364874
2026-01-01T18:49:38.943,18.7,47.7,0.0,-1.8436502,11.2580342
2026-01-01T18:49:41.198,18.7,47.7,0.0,-1.8436502,11.2188076
2026-01-01T18:49:43.454,18.7,47.7,0.0,-1.8044235999999998,11.179581
2026-01-01T18:49:45.710,18.7,47.7,0.0,-1.8436502,11.2188076
2026-01-01T18:49:47.965,18.7,47.7,0.0392266,-1.8828768,11.2972608
2026-01-01T18:49:50.221,,,0.0,-1.8044235999999998,11.2580342
2026-01-01T18:49:52.477,18.7,47.6,0.0,-1.8044235999999998,11.2972608
2026-01-01T18:49:54.733,18.7,47.7,0.0,-1.8828768,11.2972608
2026-01-01T18:49:56.988,18.7,47.7,0.0,-1.8044235999999998,11.2580342
2026-01-01T18:49:59.244,18.7,47.7,0.0392266,-1.8436502,11.2972608
2026-01-01T18:50:01.500,18.7,47.6,-0.0392266,-1.8044235999999998,11.2580342
2026-01-01T18:50:03.756,18.7,47.7,0.0,-1.8436502,11.2580342
2026-01-01T18:50:06.011,18.7,47.7,0.0,-1.8436502,11.2188076
2026-01-01T18:50:08.267,18.7,47.7,0.0392266,-1.8044235999999998,11.2972608
2026-01-01T18:50:10.523,18.7,47.8,0.0,-1.8436502,11.2580342
2026-01-01T18:50:12.779,18.7,47.8,0.0,-1.8044235999999998,11.2188076
2026-01-01T18:50:15.034,18.7,47.8,0.0,-1.8436502,11.179581
2026-01-01T18:50:17.290,18.7,47.7,0.0,-1.8044235999999998,11.2972608
2026-01-01T18:50:19.546,18.7,47.7,0.0,-1.765197,11.2580342
2026-01-01T18:50:21.801,18.7,47.7,0.0,-1.8044235999999998,11.2580342
2026-01-01T18:50:24.057,18.7,47.7,0.0,-1.8436502,11.2972608
2026-01-01T18:50:26.313,18.7,47.7,0.0392266,-1.8828768,11.2580342
2026-01-01T18:50:28.569,18.7,47.6,0.0,-1.8044235999999998,11.2580342
2026-01-01T18:50:30.824,18.7,47.6,0.0392266,-1.8828768,11.3364874
2026-01-01T18:50:33.080,18.7,47.6,0.0392266,-1.8436502,11.2972608
2026-01-01T18:50:35.336,18.7,47.6,0.0,-1.8044235999999998,11.2580342
2026-01-01T18:50:37.592,18.7,47.6,0.0392266,-1.8436502,11.2580342
2026-01-01T18:50:39.847,18.7,47.6,0.0,-1.8436502,11.2972608
2026-01-01T18:50:42.103,18.7,47.5,0.0392266,-1.8436502,11.2580342
2026-01-01T18:50:44.359,18.7,47.5,0.0,-1.8828768,11.3364874
2026-01-01T18:50:46.615,18.7,47.6,0.0,-1.765197,11.2188076
2026-01-01T18:50:48.870,18.7,47.5,0.0392266,-1.8828768,11.2972608
2026-01-01T18:50:51.126,18.7,47.5,0.0392266,-1.8044235999999998,11.1403544
2026-01-01T18:50:53.382,18.7,47.5,0.0,-1.8436502,11.2188076
2026-01-01T18:50:55.638,18.7,47.5,0.0,-1.8828768,11.2972608
2026-01-01T18:50:57.893,18.7,47.5,0.0,-1.8828768,11.2580342
2026-01-01T18:51:00.149,18.7,47.5,0.0,-1.8436502,11.2580342
2026-01-01T18:51:02.405,18.7,47.5,0.0392266,-1.8044235999999998,11.2580342
2026-01-01T18:51:04.661,18.7,47.5,0.0392266,-1.8436502,11.2972608
2026-01-01T18:51:06.916,18.7,47.6,0.0,-1.8436502,11.2972608
2026-01-01T18:51:09.172,18.6,47.5,0.0,-1.8044235999999998,11.2188076
2026-01-01T18:51:11.427,18.7,47.6,0.0,-1.8044235999999998,11.2972608
2026-01-01T18:51:13.683,18.7,47.6,0.0,-1.8044235999999998,11.2188076
2026-01-01T18:51:15.938,18.7,47.6,0.0,-1.8044235999999998,11.2580342
2026-01-01T18:51:18.194,18.7,47.5,0.0,-1.8436502,11.2188076
2026-01-01T18:51:20.450,18.7,47.5,0.0,-1.8044235999999998,11.2580342
2026-01-01T18:51:22.705,18.7,47.6,0.0,-1.8436502,11.3364874
2026-01-01T18:51:24.961,18.7,47.6,0.0,-1.765197,11.2188076
2026-01-01T18:51:27.217,18.7,47.6,0.0392266,-1.8436502,11.3364874
2026-01-01T18:51:29.472,18.7,47.6,0.0,-1.8436502,11.2972608
2026-01-01T18:51:31.728,18.6,47.6,0.0392266,-1.8828768,11.2580342
2026-01-01T18:51:33.984,18.7,47.6,0.0,-1.8044235999999998,11.2580342
2026-01-01T18:51:36.243,18.7,47.5,0.0,-1.8828768,11.2972608
2026-01-01T18:51:38.498,18.7,47.5,0.0,-1.8044235999999998,11.2972608
2026-01-01T18:51:40.754,18.7,47.5,0.0,-1.8436502,11.2972608
2026-01-01T18:51:43.013,18.7,47.5,0.0,-1.8436502,11.2972608
2026-01-01T18:51:45.273,18.7,47.5,0.0,-1.8828768,11.3364874
2026-01-01T18:51:47.528,18.7,47.5,0.0392266,-1.8436502,11.2972608
2026-01-01T18:51:49.789,18.7,47.6,0.0,-1.8436502,11.3364874
2026-01-01T18:51:52.044,18.7,47.6,0.0,-1.8044235999999998,11.2972608
2026-01-01T18:51:54.305,18.7,47.7,0.0392266,-1.8828768,11.3364874
2026-01-01T18:51:56.560,18.7,47.7,0.0,-1.8436502,11.2972608
2026-01-01T18:51:58.816,18.7,47.6,0.0,-1.8436502,11.2188076
2026-01-01T18:52:01.072,18.7,47.6,0.0,-1.8828768,11.3364874
2026-01-01T18:52:03.327,18.7,47.5,0.0392266,-1.8044235999999998,11.2580342
2026-01-01T18:52:05.583,18.7,47.5,0.0392266,-1.8044235999999998,11.2188076
2026-01-01T18:52:07.839,18.7,47.5,0.0,-1.8436502,11.3364874
2026-01-01T18:52:10.095,18.7,47.4,0.0,-1.8044235999999998,11.2188076
2026-01-01T18:52:12.350,18.7,47.3,0.0,-1.8436502,11.2972608
2026-01-01T18:52:14.606,18.7,47.2,0.0,-1.8436502,11.2972608
2026-01-01T18:52:16.862,18.7,47.2,0.0392266,-1.8828768,11.3364874
2026-01-01T18:52:19.118,18.7,47.2,0.0,-1.8044235999999998,11.2188076
2026-01-01T18:52:21.373,18.7,47.2,0.0,-1.8044235999999998,11.3364874
2026-01-01T18:52:23.629,18.7,47.3,0.0392266,-1.8436502,11.375713999999999
2026-01-01T18:52:25.885,18.7,47.3,0.0,-1.8044235999999998,11.179581
2026-01-01T18:52:28.140,18.7,47.4,0.0,-1.8044235999999998,11.2972608
2026-01-01T18:52:30.396,18.7,47.5,0.0392266,-1.8436502,11.179581
2026-01-01T18:52:32.653,18.7,47.5,0.0,-1.8044235999999998,11.375713999999999
2026-01-01T18:52:34.908,18.7,47.5,0.0,-1.765197,11.2188076
2026-01-01T18:52:37.164,18.7,47.5,0.0392266,-1.8828768,11.2580342
2026-01-01T18:52:39.420,18.7,47.5,0.0392266,-1.8436502,11.2188076
2026-01-01T18:52:41.675,18.7,47.5,0.0392266,-1.8436502,11.2972608
2026-01-01T18:52:43.931,18.7,47.4,0.0,-1.8044235999999998,11.2972608
2026-01-01T18:52:46.187,18.7,47.3,-0.0392266,-1.8828768,11.2580342
2026-01-01T18:52:48.443,18.6,47.1,0.0392266,-1.8436502,11.2580342
2026-01-01T18:52:50.699,18.7,47.0,0.0392266,-1.8828768,11.2972608
2026-01-01T18:52:52.954,18.7,46.9,0.0,-1.8436502,11.2972608
2026-01-01T18:52:55.210,18.7,46.8,0.0784532,-1.8436502,11.2188076
2026-01-01T18:52:57.466,18.7,46.7,0.0,-1.8044235999999998,11.2972608
2026-01-01T18:52:59.722,18.7,46.6,0.0392266,-1.8436502,11.3364874
2026-01-01T18:53:01.977,18.7,46.6,0.0392266,-1.8436502,11.2580342
2026-01-01T18:53:04.233,18.7,46.6,0.0,-1.765197,11.2188076
2026-01-01T18:53:06.489,18.7,46.7,0.0,-1.8828768,11.2972608
2026-01-01T18:53:08.744,18.7,46.7,0.0,-1.8044235999999998,11.2972608
2026-01-01T18:53:11.000,18.7,46.8,0.0,-1.8044235999999998,11.2580342
2026-01-01T18:53:13.256,18.7,46.9,0.0,-1.8436502,11.2972608
2026-01-01T18:53:15.511,18.7,47.0,0.0392266,-1.8828768,11.3364874
2026-01-01T18:53:17.767,18.7,47.1,0.0,-1.8044235999999998,11.2188076
2026-01-01T18:53:20.023,18.7,47.1,0.0,-1.8436502,11.2972608
2026-01-01T18:53:22.279,18.7,47.2,0.0,-1.8436502,11.2580342
2026-01-01T18:53:24.534,18.6,47.2,0.0,-1.8828768,11.2972608
2026-01-01T18:53:26.790,18.7,47.3,0.0,-1.8044235999999998,11.2188076
2026-01-01T18:53:29.046,18.7,47.3,0.0,-1.8044235999999998,11.2188076
2026-01-01T18:53:31.302,18.7,47.3,0.0392266,-1.8044235999999998,11.3364874
2026-01-01T18:53:33.557,18.7,47.3,0.0392266,-1.8436502,11.2972608
2026-01-01T18:53:35.813,18.7,47.4,0.0,-1.8044235999999998,11.2580342
2026-01-01T18:53:38.069,18.7,47.4,0.0,-1.8828768,11.2580342
2026-01-01T18:53:40.325,18.7,47.4,0.0392266,-1.8828768,11.2580342
2026-01-01T18:53:42.581,18.7,47.4,0.0,-1.8436502,11.2580342
2026-01-01T18:53:44.836,18.7,47.3,0.0,-1.8436502,11.2972608
2026-01-01T18:53:47.092,18.7,47.3,0.0,-1.8044235999999998,11.2188076
2026-01-01T18:53:49.348,18.6,47.2,0.0,-1.8044235999999998,11.3364874
2026-01-01T18:53:51.604,18.7,47.3,-0.0392266,-1.8828768,11.2580342
2026-01-01T18:53:53.860,18.7,47.3,0.0,-1.8436502,11.2188076
2026-01-01T18:53:56.115,18.7,47.3,0.0,-1.8436502,11.179581
2026-01-01T18:53:58.371,18.7,47.3,0.0392266,-1.8436502,11.3364874
2026-01-01T18:54:00.627,18.7,47.3,0.0392266,-1.8828768,11.2972608
2026-01-01T18:54:02.882,18.7,47.3,0.0,-1.8044235999999998,11.2188076
2026-01-01T18:54:05.138,18.7,47.3,0.0,-1.8044235999999998,11.2972608
2026-01-01T18:54:07.394,18.7,47.3,0.0,-1.8044235999999998,11.2580342
2026-01-01T18:54:09.649,18.7,47.3,0.0,-1.8828768,11.2972608
2026-01-01T18:54:11.905,18.7,47.3,0.0,-1.8044235999999998,11.2580342
2026-01-01T18:54:14.161,18.7,47.3,0.0,-1.8044235999999998,11.2188076
2026-01-01T18:54:16.416,18.6,47.2,0.0,-1.8436502,11.2972608
2026-01-01T18:54:18.672,18.6,47.2,0.0,-1.8044235999999998,11.179581
2026-01-01T18:54:20.928,18.7,47.3,0.0392266,-1.8436502,11.2972608
2026-01-01T18:54:23.183,18.7,47.3,0.0,-1.8044235999999998,11.2580342
2026-01-01T18:54:25.439,18.7,47.3,0.0,-1.8436502,11.3364874
2026-01-01T18:54:27.695,,,0.0,-1.8044235999999998,11.179581
2026-01-01T18:54:29.950,18.7,47.3,0.0392266,-1.8828768,11.2972608
2026-01-01T18:54:32.206,18.7,47.2,0.0,-1.8044235999999998,11.2580342
2026-01-01T18:54:34.462,18.7,47.2,0.0392266,-1.8828768,11.2972608
2026-01-01T18:54:36.718,18.7,47.2,0.0392266,-1.8044235999999998,11.2188076
2026-01-01T18:54:38.974,18.7,47.2,0.0,-1.8044235999999998,11.2580342
2026-01-01T18:54:41.229,18.7,47.1,0.0,-1.8044235999999998,11.2188076
2026-01-01T18:54:43.485,18.7,47.0,0.0,-1.8828768,11.2580342
2026-01-01T18:54:45.741,18.7,47.0,0.0,-1.8436502,11.2580342
2026-01-01T18:54:47.997,18.7,47.0,0.0,-1.8436502,11.2972608
2026-01-01T18:54:50.252,18.7,47.0,0.0,-1.8044235999999998,11.2580342
2026-01-01T18:54:52.508,18.7,47.1,0.0392266,-1.8436502,11.2580342
2026-01-01T18:54:54.764,18.7,47.1,0.0392266,-1.8044235999999998,11.2188076
2026-01-01T18:54:57.020,18.7,47.1,0.0,-1.8436502,11.2580342
2026-01-01T18:54:59.275,18.7,47.1,0.0,-1.8436502,11.2580342
2026-01-01T18:55:01.531,18.7,47.1,0.0392266,-1.8436502,11.2580342
2026-01-01T18:55:03.787,18.7,47.1,0.0,-1.765197,11.2972608
2026-01-01T18:55:06.042,18.7,47.1,0.0392266,-1.8436502,11.3364874
2026-01-01T18:55:08.298,18.6,47.0,0.0,-1.8044235999999998,11.2972608
2026-01-01T18:55:10.554,18.7,47.1,0.0,-1.8436502,11.2188076
2026-01-01T18:55:12.809,18.7,47.0,-0.0392266,-1.8044235999999998,11.2972608
2026-01-01T18:55:15.065,18.7,47.1,0.0,-1.8436502,11.2188076
2026-01-01T18:55:17.321,18.7,47.1,0.0,-1.765197,11.2972608
2026-01-01T18:55:19.576,18.6,47.1,0.0,-1.8044235999999998,11.1403544
2026-01-01T18:55:21.832,18.7,47.2,-0.0392266,-1.8436502,11.2580342
2026-01-01T18:55:24.088,18.7,47.2,0.0392266,-1.8828768,11.2188076
2026-01-01T18:55:26.343,18.7,47.2,0.0,-1.8044235999999998,11.2580342
2026-01-01T18:55:28.599,18.7,47.2,0.0,-1.8436502,11.179581
2026-01-01T18:55:30.855,18.7,47.2,0.0,-1.8044235999999998,11.2580342
2026-01-01T18:55:33.110,18.7,47.2,0.0,-1.8828768,11.2580342
2026-01-01T18:55:35.366,18.7,47.1,0.0,-1.8436502,11.1403544
2026-01-01T18:55:37.625,18.7,47.1,0.0,-1.8436502,11.2580342
2026-01-01T18:55:39.885,18.7,47.2,0.0,-1.8436502,11.2580342
2026-01-01T18:55:42.145,18.7,47.2,0.0,-1.8436502,11.2188076
2026-01-01T18:55:44.405,18.7,47.2,0.0,-1.8828768,11.2188076
2026-01-01T18:55:46.660,18.7,47.2,0.0,-1.8828768,11.2188076
2026-01-01T18:55:48.916,18.7,47.2,0.0392266,-1.8828768,11.2972608
2026-01-01T18:55:51.171,18.7,47.2,0.0,-1.8828768,11.2188076
2026-01-01T18:55:53.426,18.7,47.2,0.0,-1.8436502,11.2188076
2026-01-01T18:55:55.682,18.7,47.2,0.0,-1.8436502,11.2580342
2026-01-01T18:55:57.941,18.7,47.2,0.0,-1.8436502,11.2580342
2026-01-01T18:56:00.196,18.7,47.2,0.0392266,-1.8044235999999998,11.179581
2026-01-01T18:56:02.452,18.7,47.1,0.0,-1.8828768,11.2972608
2026-01-01T18:56:04.713,18.7,47.1,-0.0392266,-1.8436502,11.2188076
2026-01-01T18:56:06.973,18.7,47.1,0.0,-1.8044235999999998,11.2972608
2026-01-01T18:56:09.233,18.7,47.1,0.0,-1.8436502,11.2580342
2026-01-01T18:56:11.493,18.6,47.1,0.0,-1.8436502,11.2188076
2026-01-01T18:56:13.748,18.6,47.1,0.0,-1.8044235999999998,11.2188076
2026-01-01T18:56:16.009,18.7,47.1,0.0,-1.8828768,11.2972608
2026-01-01T18:56:18.269,18.7,47.2,0.0,-1.8436502,11.2580342
2026-01-01T18:56:20.524,18.7,47.2,0.0,-1.8828768,11.2188076
2026-01-01T18:56:22.780,18.7,47.2,0.0,-1.8828768,11.2580342
2026-01-01T18:56:25.036,18.7,47.2,0.0,-1.8044235999999998,11.2188076
2026-01-01T18:56:27.291,18.7,47.2,0.0,-1.8828768,11.2972608
2026-01-01T18:56:29.547,18.7,47.1,0.0,-1.8436502,11.2188076
2026-01-01T18:56:31.803,18.7,47.1,0.0,-1.8436502,11.2972608
2026-01-01T18:56:34.058,18.7,47.1,0.0,-1.8044235999999998,11.179581
2026-01-01T18:56:36.314,18.7,47.1,0.0,-1.8436502,11.2972608
2026-01-01T18:56:38.570,18.7,47.1,0.0,-1.8436502,11.2188076
2026-01-01T18:56:40.826,18.7,47.1,0.0,-1.8436502,11.2972608
2026-01-01T18:56:43.082,18.7,47.0,0.0,-1.8436502,11.2188076
2026-01-01T18:56:45.337,18.7,47.0,0.0,-1.8044235999999998,11.179581
2026-01-01T18:56:47.593,18.7,46.9,0.0,-1.8828768,11.2972608
2026-01-01T18:56:49.849,18.7,46.9,0.0,-1.8436502,11.2188076
2026-01-01T18:56:52.105,18.7,46.9,0.0,-1.8436502,11.2188076
2026-01-01T18:56:54.361,18.7,46.9,0.0,-1.8828768,11.2580342
2026-01-01T18:56:56.617,18.7,46.9,0.0,-1.8436502,11.2972608
2026-01-01T18:56:58.872,18.7,46.8,0.0,-1.8044235999999998,11.1403544
2026-01-01T18:57:01.128,18.7,46.8,0.0392266,-1.8828768,11.2972608
2026-01-01T18:57:03.384,18.7,46.9,0.0,-1.8044235999999998,11.2580342
2026-01-01T18:57:05.639,18.7,46.9,0.0392266,-1.8436502,11.2580342
2026-01-01T18:57:07.895,18.7,46.9,0.0,-1.8436502,11.2188076
2026-01-01T18:57:10.151,18.7,46.9,0.0,-1.8436502,11.2580342
2026-01-01T18:57:12.407,18.7,47.0,0.0,-1.8044235999999998,11.2188076
2026-01-01T18:57:14.662,18.7,47.0,0.0,-1.8436502,11.2580342
2026-01-01T18:57:16.918,18.7,47.0,0.0,-1.8436502,11.3364874
2026-01-01T18:57:19.174,18.7,47.0,0.0,-1.8436502,11.2580342
2026-01-01T18:57:21.429,18.7,47.0,0.0,-1.8044235999999998,11.2188076
2026-01-01T18:57:23.685,18.7,46.9,0.0,-1.8436502,11.2972608
2026-01-01T18:57:25.940,18.7,47.0,0.0,-1.8828768,11.2188076
2026-01-01T18:57:28.196,,,0.0,-1.8436502,11.2580342
2026-01-01T18:57:30.452,18.7,47.1,0.0392266,-1.8828768,11.2972608
2026-01-01T18:57:32.707,18.7,47.0,0.0392266,-1.8436502,11.2580342
2026-01-01T18:57:34.963,18.7,47.1,0.0,-1.8044235999999998,11.2580342
2026-01-01T18:57:37.219,18.7,47.1,0.0,-1.8828768,11.2972608
2026-01-01T18:57:39.474,18.7,47.1,0.0,-1.8436502,11.2188076
2026-01-01T18:57:41.730,18.7,47.0,0.0,-1.8436502,11.2188076
2026-01-01T18:57:43.986,18.7,47.1,0.0,-1.8044235999999998,11.2188076
2026-01-01T18:57:46.242,18.7,47.1,0.0,-1.8436502,11.2188076
2026-01-01T18:57:48.498,18.7,47.1,0.0392266,-1.8044235999999998,11.2580342
2026-01-01T18:57:50.753,18.7,47.1,0.0,-1.8436502,11.3364874
2026-01-01T18:57:53.009,18.7,47.1,0.0,-1.8436502,11.2580342
2026-01-01T18:57:55.265,18.7,47.2,0.0,-1.8044235999999998,11.179581
2026-01-01T18:57:57.521,18.7,47.2,0.0,-1.8828768,11.2580342
2026-01-01T18:57:59.776,18.7,47.2,0.1176798,-1.8044235999999998,11.2188076
2026-01-01T18:58:02.032,18.7,47.2,0.0392266,-1.8044235999999998,11.1403544
2026-01-01T18:58:04.288,18.7,47.2,0.0,-1.8044235999999998,11.2580342
2026-01-01T18:58:06.544,18.7,47.2,0.0,-1.8044235999999998,11.179581
2026-01-01T18:58:08.800,18.7,47.3,0.0392266,-1.8436502,11.2580342
2026-01-01T18:58:11.055,18.7,47.3,0.0,-1.8044235999999998,11.2188076
2026-01-01T18:58:13.311,18.7,47.2,0.0,-1.8044235999999998,11.2972608
2026-01-01T18:58:15.567,18.7,47.2,0.0,-1.8436502,11.2188076
2026-01-01T18:58:17.822,18.7,47.1,0.0,-1.8436502,11.2580342
2026-01-01T18:58:20.078,18.7,47.2,0.0,-1.8828768,11.2972608
2026-01-01T18:58:22.334,18.7,47.2,0.0392266,-1.8436502,11.2188076
2026-01-01T18:58:24.589,18.7,47.2,0.0,-1.8436502,11.2580342
2026-01-01T18:58:26.845,18.7,47.2,0.0,-1.8436502,11.2580342
2026-01-01T18:58:29.101,18.7,47.3,0.0392266,-1.8828768,11.2580342
2026-01-01T18:58:31.357,18.7,47.3,0.0,-1.8044235999999998,11.2580342
2026-01-01T18:58:33.612,18.7,47.3,0.0392266,-1.8436502,11.2580342
2026-01-01T18:58:35.868,18.7,47.3,0.0,-1.8044235999999998,11.2188076
2026-01-01T18:58:38.124,18.7,47.3,0.0,-1.8044235999999998,11.2188076
2026-01-01T18:58:40.380,18.7,47.3,0.0,-1.8044235999999998,11.2972608
2026-01-01T18:58:42.635,18.7,47.3,0.0,-1.8044235999999998,11.2188076
2026-01-01T18:58:44.891,18.7,47.3,0.0392266,-1.8436502,11.2580342
2026-01-01T18:58:47.147,18.7,47.3,0.0,-1.8436502,11.2580342
2026-01-01T18:58:49.403,18.7,47.3,0.0,-1.8436502,11.2972608
2026-01-01T18:58:51.658,18.7,47.3,0.0,-1.8044235999999998,11.2972608
2026-01-01T18:58:53.914,18.7,47.3,0.0,-1.8044235999999998,11.2188076
2026-01-01T18:58:56.170,18.7,47.2,0.0,-1.8828768,11.2188076
2026-01-01T18:58:58.425,18.7,47.2,0.0,-1.8436502,11.2188076
2026-01-01T18:59:00.681,18.7,47.2,0.0,-1.8436502,11.2188076
2026-01-01T18:59:02.939,18.7,47.1,0.0,-1.8436502,11.2580342
2026-01-01T18:59:05.197,18.7,47.2,0.0,-1.8436502,11.2580342
2026-01-01T18:59:07.452,18.7,47.1,0.0,-1.8044235999999998,11.2972608
2026-01-01T18:59:09.713,18.7,47.1,0.0,-1.8436502,11.2188076
2026-01-01T18:59:11.973,18.7,47.1,0.0,-1.8436502,11.2188076
2026-01-01T18:59:14.233,18.7,47.0,0.0,-1.8436502,11.1403544
2026-01-01T18:59:16.491,18.7,47.0,0.0,-1.8436502,11.2188076
2026-01-01T18:59:18.747,18.7,47.0,0.0,-1.8436502,11.179581
2026-01-01T18:59:21.005,18.7,47.0,0.0,-1.8436502,11.2972608
2026-01-01T18:59:23.260,18.7,47.1,0.0,-1.8436502,11.2188076
2026-01-01T18:59:25.521,18.7,47.1,0.0,-1.8436502,11.179581
2026-01-01T18:59:27.776,18.7,47.1,0.0,-1.8436502,11.2188076
2026-01-01T18:59:30.037,18.7,47.1,0.0,-1.8436502,11.2188076
2026-01-01T18:59:32.292,18.7,47.2,0.0,-1.8436502,11.1011278
2026-01-01T18:59:34.548,18.7,47.2,0.0,-1.8044235999999998,11.2188076
2026-01-01T18:59:36.804,18.7,47.1,0.0,-1.8436502,11.3364874
2026-01-01T18:59:39.059,18.7,47.1,0.0,-1.8044235999999998,11.179581
2026-01-01T18:59:41.314,18.7,47.1,-0.0392266,-1.8436502,11.2580342
2026-01-01T18:59:43.570,18.7,47.1,-0.0392266,-1.8436502,11.179581
2026-01-01T18:59:45.826,18.7,47.0,0.0,-1.8436502,11.2580342
2026-01-01T18:59:48.081,18.7,47.1,0.0,-1.8436502,11.2580342
2026-01-01T18:59:50.337,18.7,47.0,-0.0392266,-1.8436502,11.2188076
2026-01-01T18:59:52.593,18.7,47.0,0.0,-1.8044235999999998,11.2188076
2026-01-01T18:59:54.848,18.7,47.1,0.0,-1.8828768,11.2580342
2026-01-01T18:59:57.104,18.7,47.0,0.0,-1.8436502,11.2580342
2026-01-01T18:59:59.360,18.7,47.0,0.0392266,-1.8436502,11.2972608
2026-01-01T19:00:01.615,18.7,47.1,0.0,-1.8828768,11.2188076
2026-01-01T19:00:03.870,18.7,47.0,0.0,-1.8044235999999998,11.2188076
2026-01-01T19:00:06.129,18.7,47.0,0.0392266,-1.8828768,11.2188076
2026-01-01T19:00:08.389,18.7,47.0,0.0,-1.8436502,11.2188076
2026-01-01T19:00:10.649,18.7,47.1,0.0,-1.8436502,11.2580342
2026-01-01T19:00:12.909,18.7,47.1,0.0,-1.7259703999999998,11.179581
2026-01-01T19:00:15.164,18.7,47.1,-0.0392266,-1.8044235999999998,11.179581
2026-01-01T19:00:17.420,18.7,47.1,0.0,-1.765197,11.2188076
2026-01-01T19:00:19.681,18.7,47.1,0.0,-1.8436502,11.2972608
2026-01-01T19:00:21.941,18.7,47.1,0.0,-1.8436502,11.2972608
2026-01-01T19:00:24.201,18.7,47.0,0.0,-1.8436502,11.2188076
2026-01-01T19:00:26.461,18.7,47.0,0.0,-1.8436502,11.375713999999999
2026-01-01T19:00:28.721,18.7,47.0,0.0,-1.8044235999999998,11.2580342
2026-01-01T19:00:30.976,18.7,47.0,0.0,-1.8828768,11.3364874
2026-01-01T19:00:33.232,18.7,46.9,-0.0392266,-1.8044235999999998,11.2188076
2026-01-01T19:00:35.493,18.7,46.9,0.0,-1.8436502,11.2580342
2026-01-01T19:00:37.753,18.7,46.9,0.0,-1.8436502,11.2188076
2026-01-01T19:00:40.008,18.7,47.0,0.0,-1.765197,11.179581
2026-01-01T19:00:42.269,18.7,46.9,0.0,-1.765197,11.2188076
2026-01-01T19:00:44.529,18.7,47.0,0.0,-1.8828768,11.2188076
2026-01-01T19:00:46.789,18.7,46.9,0.0,-1.8828768,11.2972608
2026-01-01T19:00:49.044,18.7,46.9,0.0,-1.8436502,11.2580342
2026-01-01T19:00:51.300,18.7,47.0,0.0,-1.8436502,11.2972608
2026-01-01T19:00:53.556,18.7,47.0,0.0,-1.8044235999999998,11.2188076
2026-01-01T19:00:55.811,18.7,47.0,0.0,-1.8828768,11.2188076
2026-01-01T19:00:58.067,18.7,47.0,-0.0392266,-1.8436502,11.2580342
2026-01-01T19:01:00.323,18.7,47.0,0.0,-1.8436502,11.2188076
2026-01-01T19:01:02.578,18.7,47.0,0.0,-1.8828768,11.2972608
2026-01-01T19:01:04.834,18.7,47.0,0.0,-1.9221034,11.2580342
2026-01-01T19:01:07.090,18.7,47.0,0.0,-1.8044235999999998,11.2188076
2026-01-01T19:01:09.345,18.7,47.0,0.0,-1.8436502,11.2972608
2026-01-01T19:01:11.601,18.7,47.0,0.0,-1.8044235999999998,11.179581
2026-01-01T19:01:13.857,18.7,47.0,0.0,-1.8044235999999998,11.179581
2026-01-01T19:01:16.113,18.7,47.0,0.0,-1.8828768,11.2188076
2026-01-01T19:01:18.369,18.7,47.0,0.0,-1.8436502,11.2188076
2026-01-01T19:01:20.625,18.7,46.8,0.0,-1.8828768,11.2188076
2026-01-01T19:01:22.880,18.7,46.8,0.0,-1.8828768,11.2188076
2026-01-01T19:01:25.136,18.7,46.7,0.0,-1.8044235999999998,11.2580342
2026-01-01T19:01:27.392,18.7,46.8,0.0,-1.8828768,11.2580342
2026-01-01T19:01:29.647,18.7,46.8,0.0,-1.8436502,11.2188076
2026-01-01T19:01:31.903,18.7,46.8,0.0392266,-1.8436502,11.179581
2026-01-01T19:01:34.159,18.7,46.8,0.0,-1.8436502,11.2188076
2026-01-01T19:01:36.415,18.7,46.9,0.0,-1.8044235999999998,11.2188076
2026-01-01T19:01:38.671,18.7,46.7,0.0,-1.8044235999999998,11.179581
2026-01-01T19:01:40.926,18.7,46.5,0.0,-1.8044235999999998,11.2972608
2026-01-01T19:01:43.182,18.7,46.3,0.0,-1.8044235999999998,11.2580342
2026-01-01T19:01:45.438,18.7,46.3,0.0,-1.8436502,11.2580342
2026-01-01T19:01:47.693,18.7,46.3,0.0,-1.8044235999999998,11.2580342
2026-01-01T19:01:49.949,18.7,46.4,0.0,-1.8436502,11.179581
2026-01-01T19:01:52.205,18.7,46.4,0.0392266,-1.8436502,11.2580342
2026-01-01T19:01:54.460,18.7,46.5,0.0,-1.765197,11.179581
2026-01-01T19:01:56.716,18.7,46.5,0.0,-1.8828768,11.2580342
2026-01-01T19:01:58.972,18.7,46.5,0.0,-1.8436502,11.2580342
2026-01-01T19:02:01.227,18.7,46.6,0.0,-1.8436502,11.179581
2026-01-01T19:02:03.483,18.7,46.6,0.0,-1.8436502,11.2580342
2026-01-01T19:02:05.739,18.7,46.6,0.0,-1.8436502,11.179581
2026-01-01T19:02:07.995,18.7,46.7,0.0,-1.8436502,11.2188076
2026-01-01T19:02:10.250,18.7,46.7,0.0,-1.8044235999999998,11.2972608
2026-01-01T19:02:12.506,18.7,46.8,0.0,-1.8436502,11.179581
2026-01-01T19:02:14.762,18.7,46.8,0.0392266,-1.8828768,11.2580342
2026-01-01T19:02:17.017,18.7,46.8,0.0,-1.8828768,11.2188076
2026-01-01T19:02:19.273,18.7,46.9,0.0,-1.8436502,11.2188076
2026-01-01T19:02:21.529,18.7,46.8,0.0,-1.8044235999999998,11.2972608
2026-01-01T19:02:23.785,18.7,46.8,0.0,-1.8436502,11.179581
2026-01-01T19:02:26.040,18.7,46.8,0.0,-1.8436502,11.2580342
2026-01-01T19:02:28.296,18.7,46.8,0.0,-1.8436502,11.179581
2026-01-01T19:02:30.552,18.7,46.8,0.0,-1.8436502,11.2188076
2026-01-01T19:02:32.807,18.7,46.8,0.0,-1.8436502,11.2188076
2026-01-01T19:02:35.063,18.7,46.8,0.0,-1.8436502,11.2188076
2026-01-01T19:02:37.319,18.7,46.7,0.0,-1.8436502,11.2188076
2026-01-01T19:02:39.574,18.7,46.8,0.0,-1.8436502,11.179581
2026-01-01T19:02:41.830,18.7,46.8,0.0,-1.8436502,11.179581
2026-01-01T19:02:44.086,18.7,46.8,0.0,-1.8044235999999998,11.2188076
2026-01-01T19:02:46.342,18.7,46.8,0.0,-1.8436502,11.2580342
2026-01-01T19:02:48.598,18.7,46.8,0.0,-1.8436502,11.2580342
2026-01-01T19:02:50.853,18.7,46.8,0.0,-1.8044235999999998,11.2188076
2026-01-01T19:02:53.109,18.7,46.8,0.0,-1.8436502,11.2580342
2026-01-01T19:02:55.365,18.7,46.8,0.0,-1.8436502,11.1403544
2026-01-01T19:02:57.621,18.7,46.8,0.0,-1.8044235999999998,11.2188076
2026-01-01T19:02:59.877,18.7,46.8,0.0,-1.8828768,11.2580342
2026-01-01T19:03:02.132,18.7,46.8,-0.0392266,-1.8828768,11.179581
2026-01-01T19:03:04.388,18.7,46.8,0.0,-1.8828768,11.2972608
2026-01-01T19:03:06.644,18.7,46.9,0.0,-1.8828768,11.2580342
2026-01-01T19:03:08.900,18.7,46.9,0.0,-1.8436502,11.2188076
2026-01-01T19:03:11.155,18.7,46.9,0.0,-1.8436502,11.2580342
2026-01-01T19:03:13.411,18.7,46.9,0.0,-1.8044235999999998,11.2188076
2026-01-01T19:03:15.667,18.7,47.0,0.0,-1.8436502,11.2188076
2026-01-01T19:03:17.922,18.7,46.9,0.0,-1.8044235999999998,11.1403544
2026-01-01T19:03:20.178,18.7,46.9,0.0,-1.8436502,11.2580342
2026-01-01T19:03:22.434,18.7,46.9,0.0,-1.8436502,11.2580342
2026-01-01T19:03:24.689,18.7,46.9,-0.0392266,-1.8044235999999998,11.179581
2026-01-01T19:03:26.945,18.7,46.9,-0.0392266,-1.8436502,11.2580342
2026-01-01T19:03:29.201,18.7,46.9,0.0,-1.8828768,11.2188076
2026-01-01T19:03:31.457,18.7,46.9,0.0,-1.8828768,11.2188076
2026-01-01T19:03:33.713,18.7,46.9,0.0,-1.8044235999999998,11.2580342
2026-01-01T19:03:35.968,18.7,46.9,-0.0392266,-1.8436502,11.179581
2026-01-01T19:03:38.224,18.7,46.9,0.0,-1.8828768,11.2580342
2026-01-01T19:03:40.480,18.7,46.9,0.0,-1.8828768,11.2972608
2026-01-01T19:03:42.735,18.7,46.9,0.0,-1.8828768,11.2580342
2026-01-01T19:03:44.991,18.7,46.9,-0.0392266,-1.8436502,11.1403544
2026-01-01T19:03:47.247,18.7,46.9,0.0,-1.8828768,11.2580342
2026-01-01T19:03:49.503,18.7,46.9,0.0,-1.8044235999999998,11.179581
2026-01-01T19:03:51.758,18.7,46.9,0.0,-1.8828768,11.179581
2026-01-01T19:03:54.014,18.7,46.9,0.0,-1.8436502,11.2580342
2026-01-01T19:03:56.270,18.7,46.9,0.0,-1.8044235999999998,11.2188076
2026-01-01T19:03:58.525,18.7,46.9,0.0,-1.8828768,11.2580342
2026-01-01T19:04:00.781,18.7,46.9,0.0,-1.8436502,11.2580342
2026-01-01T19:04:03.037,18.7,46.9,0.0,-1.8044235999999998,11.2188076
2026-01-01T19:04:05.292,18.7,46.9,0.0,-1.8044235999999998,11.179581
2026-01-01T19:04:07.548,18.7,46.8,0.0,-1.8828768,11.2580342
2026-01-01T19:04:09.804,18.7,46.8,0.0,-1.8436502,11.2580342
2026-01-01T19:04:12.060,18.7,46.7,-0.0392266,-1.8044235999999998,11.179581
2026-01-01T19:04:14.315,18.7,46.7,0.0,-1.8436502,11.2188076
2026-01-01T19:04:16.571,18.7,46.7,0.0,-1.8436502,11.179581
2026-01-01T19:04:18.827,18.7,46.6,0.0,-1.8828768,11.2580342
2026-01-01T19:04:21.083,18.7,46.7,0.0,-1.8044235999999998,11.2188076
2026-01-01T19:04:23.339,18.7,46.7,0.0392266,-1.8828768,11.2188076
2026-01-01T19:04:25.594,18.7,46.7,0.0,-1.8044235999999998,11.1403544
2026-01-01T19:04:27.850,18.7,46.7,-0.0392266,-1.8044235999999998,11.179581
2026-01-01T19:04:30.106,18.7,46.7,0.0392266,-1.8828768,11.2188076
2026-01-01T19:04:32.362,18.7,46.7,0.0,-1.8044235999999998,11.2188076
2026-01-01T19:04:34.617,18.7,46.8,0.0,-1.8436502,11.2188076
2026-01-01T19:04:36.873,18.7,46.8,0.0,-1.8044235999999998,11.1403544
2026-01-01T19:04:39.129,18.7,46.8,0.0,-1.8044235999999998,11.2188076
2026-01-01T19:04:41.384,18.7,46.8,0.0,-1.8044235999999998,11.2188076
2026-01-01T19:04:43.640,18.7,46.8,0.0,-1.8828768,11.3364874
2026-01-01T19:04:45.896,18.7,46.8,0.0,-1.8436502,11.2580342
2026-01-01T19:04:48.152,18.7,46.7,0.0,-1.8828768,11.2580342
2026-01-01T19:04:50.407,18.7,46.7,0.0,-1.8436502,11.2580342
2026-01-01T19:04:52.663,18.7,46.6,0.0,-1.8436502,11.2580342
2026-01-01T19:04:54.919,18.7,46.7,0.0,-1.8044235999999998,11.2188076
2026-01-01T19:04:57.174,18.7,46.7,0.0,-1.8044235999999998,11.1403544
2026-01-01T19:04:59.430,18.7,46.7,0.0,-1.8828768,11.2188076
2026-01-01T19:05:01.685,18.7,46.7,0.0,-1.9221034,11.2188076
2026-01-01T19:05:03.941,18.7,46.7,0.0,-1.8044235999999998,11.2972608
2026-01-01T19:05:06.197,18.7,46.7,0.0,-1.8044235999999998,11.2580342
2026-01-01T19:05:08.453,18.7,46.7,0.0392266,-1.8436502,11.2580342
2026-01-01T19:05:10.708,18.7,46.7,0.0,-1.8044235999999998,11.179581
2026-01-01T19:05:12.964,18.7,46.7,0.0,-1.8436502,11.2188076
2026-01-01T19:05:15.220,18.7,46.6,0.0,-1.8044235999999998,11.2580342
2026-01-01T19:05:17.475,18.7,46.6,0.0,-1.8828768,11.2580342
2026-01-01T19:05:19.731,18.7,46.6,0.0,-1.8436502,11.2580342
2026-01-01T19:05:21.987,18.7,46.6,0.0,-1.8436502,11.2188076
2026-01-01T19:05:24.242,18.7,46.7,0.0,-1.8044235999999998,11.179581
2026-01-01T19:05:26.498,18.7,46.7,0.0,-1.8436502,11.2580342
2026-01-01T19:05:28.754,18.7,46.7,0.0,-1.8044235999999998,11.2188076
2026-01-01T19:05:31.009,18.7,46.7,0.0,-1.8044235999999998,11.2188076
2026-01-01T19:05:33.265,18.7,46.7,0.0,-1.8044235999999998,11.179581
2026-01-01T19:05:35.521,18.7,46.7,0.0,-1.8436502,11.2580342
2026-01-01T19:05:37.777,18.7,46.7,0.0,-1.8436502,11.2188076
2026-01-01T19:05:40.033,18.7,46.7,0.0,-1.8828768,11.2580342
2026-01-01T19:05:42.288,18.7,46.7,0.0,-1.8436502,11.2580342
2026-01-01T19:05:44.544,18.7,46.7,0.0,-1.8436502,11.2580342
2026-01-01T19:05:46.800,18.7,46.7,-0.0392266,-1.765197,11.2188076
2026-01-01T19:05:49.056,18.7,46.7,0.0,-1.8828768,11.2972608
2026-01-01T19:05:51.311,18.7,46.7,0.0,-1.8436502,11.179581
2026-01-01T19:05:53.567,18.7,46.7,0.0,-1.8828768,11.2580342
2026-01-01T19:05:55.823,18.7,46.6,0.0,-1.765197,11.179581
2026-01-01T19:05:58.078,18.7,46.6,0.0,-1.8436502,11.3364874
2026-01-01T19:06:00.334,18.7,46.6,0.0,-1.8828768,11.179581
2026-01-01T19:06:02.590,18.7,46.5,0.0,-1.8436502,11.2188076
2026-01-01T19:06:04.846,18.7,46.5,0.0,-1.8044235999999998,11.2188076
2026-01-01T19:06:07.101,18.7,46.5,0.0,-1.8828768,11.2188076
2026-01-01T19:06:09.357,18.7,46.6,0.0392266,-1.8436502,11.179581
2026-01-01T19:06:11.613,18.7,46.6,-0.0392266,-1.8436502,11.2580342
2026-01-01T19:06:13.868,18.7,46.5,0.0,-1.8044235999999998,11.2580342
2026-01-01T19:06:16.124,18.7,46.5,0.0,-1.8436502,11.2580342
2026-01-01T19:06:18.380,18.7,46.6,0.0,-1.8044235999999998,11.2188076
2026-01-01T19:06:20.635,18.7,46.6,0.0,-1.8436502,11.2188076
2026-01-01T19:06:22.891,18.7,46.6,0.0,-1.8436502,11.179581
2026-01-01T19:06:25.147,18.7,46.6,0.0,-1.8828768,11.3364874
2026-01-01T19:06:27.402,18.7,46.6,0.0,-1.8044235999999998,11.179581
2026-01-01T19:06:29.658,18.7,46.6,0.0,-1.8436502,11.2972608
2026-01-01T19:06:31.914,18.7,46.6,0.0,-1.8044235999999998,11.2580342
2026-01-01T19:06:34.170,18.7,46.6,0.0,-1.8436502,11.2188076
2026-01-01T19:06:36.425,18.7,46.6,0.0,-1.8044235999999998,11.179581
2026-01-01T19:06:38.681,18.7,46.5,0.0,-1.8436502,11.2972608
2026-01-01T19:06:40.936,18.7,46.5,0.0,-1.8044235999999998,11.179581
2026-01-01T19:06:43.192,18.7,46.5,0.0,-1.8828768,11.2580342
2026-01-01T19:06:45.448,18.7,46.4,0.0,-1.8436502,11.2188076
2026-01-01T19:06:47.704,18.7,46.5,0.0,-1.8828768,11.2580342
2026-01-01T19:06:49.960,18.6,46.4,0.0,-1.8828768,11.179581
2026-01-01T19:06:52.215,18.6,46.4,0.0,-1.9221034,11.2188076
2026-01-01T19:06:54.471,18.7,46.5,0.0,-1.8436502,11.2580342
2026-01-01T19:06:56.727,18.7,46.4,0.0,-1.8044235999999998,11.2580342
2026-01-01T19:06:58.982,18.7,46.4,0.0,-1.8828768,11.2188076
2026-01-01T19:07:01.238,18.6,46.4,0.0,-1.8436502,11.3364874
2026-01-01T19:07:03.494,18.7,46.5,0.0,-1.8044235999999998,11.179581
2026-01-01T19:07:05.749,18.7,46.5,0.0,-1.8044235999999998,11.2580342
2026-01-01T19:07:08.005,18.7,46.5,0.0,-1.8828768,11.2972608
2026-01-01T19:07:10.261,18.7,46.4,0.0,-1.8828768,11.2972608
2026-01-01T19:07:12.516,18.7,46.4,0.0,-1.8436502,11.179581
2026-01-01T19:07:14.772,18.7,46.3,0.0,-1.8044235999999998,11.2580342
2026-01-01T19:07:17.028,18.6,46.1,0.0,-1.8044235999999998,11.2580342
2026-01-01T19:07:19.284,18.7,46.1,0.0,-1.8828768,11.2580342
2026-01-01T19:07:21.539,18.6,46.0,0.0,-1.8436502,11.179581
2026-01-01T19:07:23.795,18.7,46.1,0.0,-1.8436502,11.2972608
2026-01-01T19:07:26.051,18.7,46.1,0.0,-1.8436502,11.2188076
2026-01-01T19:07:28.306,18.6,46.1,-0.0392266,-1.8044235999999998,11.2580342
2026-01-01T19:07:30.562,18.7,46.2,-0.0392266,-1.8436502,11.179581
2026-01-01T19:07:32.818,18.7,46.2,0.0,-1.8436502,11.2580342
2026-01-01T19:07:35.074,18.7,46.2,0.0,-1.8436502,11.179581
2026-01-01T19:07:37.330,18.7,46.3,0.0,-1.8436502,11.2580342
2026-01-01T19:07:39.585,18.6,46.2,0.0,-1.8436502,11.1403544
2026-01-01T19:07:41.841,18.6,46.2,0.0,-1.8436502,11.2580342
2026-01-01T19:07:44.097,18.7,46.3,0.0,-1.8436502,11.179581
2026-01-01T19:07:46.353,18.6,46.3,-0.0392266,-1.8436502,11.179581
2026-01-01T19:07:48.608,18.6,46.3,0.0,-1.765197,11.179581
2026-01-01T19:07:50.864,18.6,46.3,0.0,-1.8828768,11.2580342
2026-01-01T19:07:53.120,18.7,46.4,0.0,-1.8436502,11.179581
2026-01-01T19:07:55.376,,,0.0,-1.8044235999999998,11.2188076
2026-01-01T19:07:57.632,18.6,46.3,0.0,-1.8044235999999998,11.1011278
2026-01-01T19:07:59.887,18.7,46.4,0.0392266,-1.8436502,11.2972608
2026-01-01T19:08:02.143,18.7,46.3,0.0,-1.8044235999999998,11.2188076
2026-01-01T19:08:04.399,18.7,46.3,0.0,-1.8044235999999998,11.2580342
2026-01-01T19:08:06.655,18.6,46.3,0.0,-1.8044235999999998,11.179581
2026-01-01T19:08:08.910,18.6,46.3,0.0,-1.8828768,11.2188076
2026-01-01T19:08:11.166,18.6,46.3,-0.0392266,-1.8436502,11.2188076
2026-01-01T19:08:13.422,18.7,46.4,0.0,-1.8044235999999998,11.2188076
2026-01-01T19:08:15.677,18.7,46.4,0.0,-1.8828768,11.2188076
2026-01-01T19:08:17.933,18.7,46.4,0.0,-1.8828768,11.179581
2026-01-01T19:08:20.189,18.7,46.4,-0.0392266,-1.765197,11.1403544
2026-01-01T19:08:22.444,18.6,46.3,0.0,-1.8044235999999998,11.2580342
2026-01-01T19:08:24.700,18.7,46.3,0.0,-1.8436502,11.2188076
2026-01-01T19:08:26.956,18.6,46.3,0.0,-1.8828768,11.2580342
2026-01-01T19:08:29.211,18.7,46.4,0.0,-1.8044235999999998,11.1403544
2026-01-01T19:08:31.467,18.7,46.4,0.0,-1.8828768,11.2972608
2026-01-01T19:08:33.723,18.7,46.4,0.0,-1.8044235999999998,11.2972608
2026-01-01T19:08:35.979,18.7,46.4,0.0392266,-1.8436502,11.2188076
2026-01-01T19:08:38.235,18.7,46.4,0.0,-1.8436502,11.2188076
2026-01-01T19:08:40.491,18.7,46.4,0.0,-1.8044235999999998,11.2580342
2026-01-01T19:08:42.746,18.7,46.4,0.0,-1.8044235999999998,11.2580342
2026-01-01T19:08:45.002,18.7,46.4,0.0,-1.8828768,11.2580342
2026-01-01T19:08:47.258,18.7,46.3,0.0,-1.8044235999999998,11.2188076
2026-01-01T19:08:49.513,18.7,46.2,0.0,-1.8436502,11.2972608
2026-01-01T19:08:51.769,18.7,46.0,0.0,-1.8436502,11.2580342
2026-01-01T19:08:54.025,18.7,45.9,0.0,-1.8436502,11.2580342
2026-01-01T19:08:56.281,18.7,45.9,0.0,-1.8044235999999998,11.2188076
2026-01-01T19:08:58.536,18.7,45.6,0.0,-1.8828768,11.2580342
2026-01-01T19:09:00.792,18.7,45.6,0.0,-1.8044235999999998,11.2188076
2026-01-01T19:09:03.048,18.7,45.7,0.0,-1.8828768,11.2972608
2026-01-01T19:09:05.303,18.7,45.8,0.0,-1.8044235999999998,11.179581
2026-01-01T19:09:07.559,18.7,45.8,0.0,-1.8828768,11.2580342
2026-01-01T19:09:09.815,18.7,45.9,0.0,-1.8436502,11.2580342
2026-01-01T19:09:12.071,18.6,45.9,0.0,-1.8436502,11.2188076
2026-01-01T19:09:14.326,18.6,45.9,0.0,-1.8044235999999998,11.2580342
2026-01-01T19:09:16.582,18.7,46.0,0.0,-1.8828768,11.2972608
2026-01-01T19:09:18.838,18.7,46.0,0.0,-1.765197,11.2580342
2026-01-01T19:09:21.093,18.7,46.0,0.0,-1.8828768,11.2580342
2026-01-01T19:09:23.349,18.7,46.0,0.0,-1.8044235999999998,11.2580342
2026-01-01T19:09:25.605,18.7,46.1,0.0,-1.8828768,11.2580342
2026-01-01T19:09:27.860,18.6,46.0,0.0392266,-1.8436502,11.2580342
2026-01-01T19:09:30.116,18.6,46.1,-0.0392266,-1.8828768,11.179581
2026-01-01T19:09:32.372,,,0.0,-1.8044235999999998,11.2188076
2026-01-01T19:09:34.628,18.6,46.1,0.0392266,-1.8436502,11.2188076
2026-01-01T19:09:36.884,18.7,46.2,0.0,-1.8436502,11.2580342
2026-01-01T19:09:39.140,18.7,46.2,0.0,-1.8436502,11.2972608
2026-01-01T19:09:41.395,18.7,46.2,0.0,-1.8044235999999998,11.2188076
2026-01-01T19:09:43.651,18.7,46.2,0.0,-1.8436502,11.2188076
2026-01-01T19:09:45.907,18.6,46.1,-0.0392266,-1.8828768,11.179581
2026-01-01T19:09:48.162,18.6,46.1,-0.0392266,-1.8044235999999998,11.2580342
2026-01-01T19:09:50.418,18.7,46.1,0.0,-1.8436502,11.2188076
2026-01-01T19:09:52.674,18.7,46.0,0.0,-1.8828768,11.2580342
2026-01-01T19:09:54.930,18.6,46.0,0.0,-1.8436502,11.2188076
2026-01-01T19:09:57.185,18.6,46.0,0.0,-1.8436502,11.2580342
2026-01-01T19:09:59.441,18.6,46.0,0.0,-1.8044235999999998,11.179581
2026-01-01T19:10:01.697,18.7,46.1,0.0,-1.8436502,11.2972608
2026-01-01T19:10:03.952,18.7,46.2,0.0,-1.8436502,11.2580342
2026-01-01T19:10:06.208,18.7,46.2,0.0,-1.8044235999999998,11.179581
2026-01-01T19:10:08.464,18.6,46.1,0.0,-1.8044235999999998,11.2188076
2026-01-01T19:10:10.719,18.7,46.2,0.0,-1.8828768,11.3364874
2026-01-01T19:10:12.975,18.6,46.1,0.0,-1.8436502,11.2188076
2026-01-01T19:10:15.231,18.7,46.2,-0.0392266,-1.8436502,11.2188076
2026-01-01T19:10:17.486,18.6,46.1,-0.0392266,-1.8436502,11.2972608
2026-01-01T19:10:19.742,18.7,46.2,0.0,-1.8436502,11.2580342
2026-01-01T19:10:21.998,18.6,46.1,0.0,-1.8044235999999998,11.2188076
2026-01-01T19:10:24.254,18.7,46.2,0.0,-1.8436502,11.2580342
2026-01-01T19:10:26.509,18.6,46.1,0.0,-1.8044235999999998,11.2188076
2026-01-01T19:10:28.765,18.6,46.2,0.0,-1.8828768,11.2972608
2026-01-01T19:10:31.021,18.6,46.2,0.0,-1.8436502,11.2188076
2026-01-01T19:10:33.277,18.7,46.3,0.0,-1.8828768,11.2188076
2026-01-01T19:10:35.532,18.7,46.3,0.0,-1.8044235999999998,11.2188076
2026-01-01T19:10:37.788,18.7,46.3,-0.0392266,-1.8044235999999998,11.2188076
2026-01-01T19:10:40.044,18.7,46.3,0.0,-1.8044235999999998,11.2188076
2026-01-01T19:10:42.300,18.6,46.2,0.0,-1.8828768,11.2972608
2026-01-01T19:10:44.555,18.7,46.3,0.0,-1.8044235999999998,11.2188076
2026-01-01T19:10:46.811,18.7,46.3,0.0,-1.8436502,11.2580342
2026-01-01T19:10:49.067,18.6,46.2,0.0,-1.8436502,11.2972608
2026-01-01T19:10:51.323,18.7,46.3,0.0,-1.8828768,11.2580342
2026-01-01T19:10:53.579,18.7,46.3,0.0,-1.8436502,11.2972608
2026-01-01T19:10:55.834,18.7,46.3,0.0,-1.8436502,11.2188076
2026-01-01T19:10:58.090,18.7,46.3,0.0,-1.8828768,11.2580342
2026-01-01T19:11:00.346,18.7,46.3,0.0,-1.8436502,11.2580342
2026-01-01T19:11:02.602,18.7,46.3,0.0392266,-1.8044235999999998,11.2188076
2026-01-01T19:11:04.857,18.7,46.3,0.0,-1.8436502,11.2188076
2026-01-01T19:11:07.113,18.7,46.3,0.0,-1.8436502,11.2972608
2026-01-01T19:11:09.369,18.7,46.3,-0.0392266,-1.8436502,11.2188076
2026-01-01T19:11:11.624,18.7,46.3,0.0,-1.8044235999999998,11.2188076
2026-01-01T19:11:13.880,18.7,46.3,0.0,-1.8044235999999998,11.2188076
2026-01-01T19:11:16.136,18.7,46.3,0.0,-1.8436502,11.2580342
2026-01-01T19:11:18.392,18.7,46.3,0.0,-1.765197,11.179581
2026-01-01T19:11:20.647,18.7,46.3,0.0,-1.8436502,11.2580342
2026-01-01T19:11:22.903,18.7,46.3,0.0,-1.8828768,11.2188076
2026-01-01T19:11:25.159,18.7,46.2,0.0,-1.8436502,11.2188076
2026-01-01T19:11:27.415,18.7,46.2,0.0,-1.8436502,11.2188076
2026-01-01T19:11:29.670,18.7,46.2,0.0,-1.8828768,11.2972608
2026-01-01T19:11:31.926,18.7,46.2,0.0,-1.8436502,11.2972608
2026-01-01T19:11:34.182,18.7,46.2,0.0,-1.8044235999999998,11.179581
2026-01-01T19:11:36.438,18.6,46.1,0.0,-1.8044235999999998,11.2188076
2026-01-01T19:11:38.693,18.7,46.2,0.0,-1.8044235999999998,11.179581
2026-01-01T19:11:40.949,18.7,46.2,0.0392266,-1.8828768,11.2188076
2026-01-01T19:11:43.205,18.7,46.2,0.0,-1.8436502,11.1403544
2026-01-01T19:11:45.461,18.7,46.2,0.0,-1.8436502,11.2580342
2026-01-01T19:11:47.717,18.7,46.2,0.0,-1.8436502,11.2188076
2026-01-01T19:11:49.972,18.7,46.2,0.0,-1.8436502,11.2188076
2026-01-01T19:11:52.228,18.7,46.2,0.0,-1.8436502,11.2188076
2026-01-01T19:11:54.484,18.7,46.2,0.0,-1.8436502,11.2580342
2026-01-01T19:11:56.739,18.7,46.3,0.0,-1.8436502,11.179581
2026-01-01T19:11:58.995,18.7,46.2,0.0,-1.8436502,11.2972608
2026-01-01T19:12:01.250,18.7,46.2,0.0,-1.8436502,11.179581
2026-01-01T19:12:03.506,18.7,46.2,0.0,-1.8436502,11.2188076
2026-01-01T19:12:05.761,18.7,46.2,0.0,-1.8436502,11.2580342
2026-01-01T19:12:08.017,18.6,46.1,0.0,-1.8436502,11.179581
2026-01-01T19:12:10.273,18.6,46.2,0.0,-1.8436502,11.2972608
2026-01-01T19:12:12.528,18.7,46.2,0.0,-1.8044235999999998,11.179581
2026-01-01T19:12:14.784,18.6,46.2,0.0,-1.8436502,11.2972608
2026-01-01T19:12:17.040,18.6,46.2,0.0,-1.8436502,11.2580342
2026-01-01T19:12:19.296,18.7,46.2,0.0,-1.8436502,11.179581
2026-01-01T19:12:21.551,18.7,46.2,0.0,-1.8044235999999998,11.179581
2026-01-01T19:12:23.807,18.7,46.2,0.0,-1.8828768,11.2580342
2026-01-01T19:12:26.063,18.7,46.2,0.0,-1.8436502,11.2580342
2026-01-01T19:12:28.318,18.7,46.2,0.0,-1.8044235999999998,11.1403544
2026-01-01T19:12:30.574,18.7,46.2,0.0,-1.8436502,11.2188076
2026-01-01T19:12:32.829,18.7,46.1,0.0,-1.8436502,11.179581
2026-01-01T19:12:35.085,18.7,46.1,0.0,-1.765197,11.179581
2026-01-01T19:12:37.341,18.7,46.1,0.0,-1.8436502,11.2188076
2026-01-01T19:12:39.597,18.7,46.1,0.0,-1.9221034,11.2972608
2026-01-01T19:12:41.853,18.7,46.1,0.0,-1.8436502,11.1403544
2026-01-01T19:12:44.109,18.7,46.1,0.0,-1.8828768,11.2188076
2026-01-01T19:12:46.364,18.6,46.0,0.0,-1.8436502,11.2580342
2026-01-01T19:12:48.620,18.6,46.0,0.0,-1.8828768,11.2580342
2026-01-01T19:12:50.876,18.7,46.1,0.0,-1.8044235999999998,11.179581
2026-01-01T19:12:53.132,18.7,46.1,0.0,-1.8436502,11.2580342
2026-01-01T19:12:55.388,18.7,46.1,0.0,-1.8436502,11.2188076
2026-01-01T19:12:57.643,18.7,46.1,0.0,-1.8828768,11.2188076
2026-01-01T19:12:59.899,18.7,46.1,0.0,-1.8044235999999998,11.2580342
2026-01-01T19:13:02.155,18.6,46.0,0.0392266,-1.8436502,11.2188076
2026-01-01T19:13:04.411,18.7,46.1,0.0392266,-1.8044235999999998,11.179581
2026-01-01T19:13:06.666,18.7,46.2,0.0,-1.8044235999999998,11.1403544
2026-01-01T19:13:08.922,18.7,46.1,0.0,-1.8436502,11.2972608
2026-01-01T19:13:11.178,18.6,46.0,0.0,-1.8436502,11.2580342
2026-01-01T19:13:13.433,18.7,46.1,0.0,-1.8828768,11.2972608
2026-01-01T19:13:15.689,18.7,46.1,-0.0392266,-1.8436502,11.179581
2026-01-01T19:13:17.945,18.6,46.0,0.0,-1.8828768,11.2580342
2026-01-01T19:13:20.200,18.6,45.9,0.0,-1.8436502,11.2188076
2026-01-01T19:13:22.456,18.7,46.0,0.0,-1.8436502,11.2580342
2026-01-01T19:13:24.712,18.7,46.0,0.0,-1.8044235999999998,11.2972608
2026-01-01T19:13:26.968,18.7,46.0,0.0,-1.8828768,11.2188076
2026-01-01T19:13:29.223,18.7,46.0,-0.0392266,-1.8436502,11.2972608
2026-01-01T19:13:31.479,18.6,45.9,0.0,-1.8828768,11.179581
2026-01-01T19:13:33.735,18.6,46.0,0.0,-1.8436502,11.179581
2026-01-01T19:13:35.990,18.6,46.0,0.0,-1.8436502,11.1403544
2026-01-01T19:13:38.246,18.7,46.0,0.0,-1.8828768,11.2188076
2026-01-01T19:13:40.502,18.6,46.0,0.0,-1.8436502,11.1403544
2026-01-01T19:13:42.758,18.6,45.9,0.0,-1.8828768,11.2972608
2026-01-01T19:13:45.014,18.7,46.0,0.0,-1.8436502,11.2188076
2026-01-01T19:13:47.269,18.7,46.0,0.0,-1.8828768,11.179581
2026-01-01T19:13:49.525,18.7,46.0,0.0,-1.8044235999999998,11.1403544
2026-01-01T19:13:51.781,18.6,45.9,0.0,-1.8828768,11.2188076
2026-01-01T19:13:54.037,18.7,46.0,-0.0392266,-1.8436502,11.2580342
2026-01-01T19:13:56.292,18.6,45.9,0.0392266,-1.8828768,11.179581
2026-01-01T19:13:58.548,18.6,46.0,0.0,-1.8436502,11.2188076
2026-01-01T19:14:00.804,18.7,46.1,0.0,-1.8828768,11.2188076
2026-01-01T19:14:03.059,18.7,46.1,0.0,-1.8436502,11.2580342
2026-01-01T19:14:05.315,18.6,46.1,0.0,-1.765197,11.1403544
2026-01-01T19:14:07.571,18.6,46.0,0.0,-1.8044235999999998,11.2580342
2026-01-01T19:14:09.827,18.6,46.0,0.0,-1.8436502,11.2188076
2026-01-01T19:14:12.082,18.7,46.1,0.0,-1.8044235999999998,11.179581
2026-01-01T19:14:14.338,18.7,46.0,0.0392266,-1.8436502,11.2580342
2026-01-01T19:14:16.593,18.7,46.0,0.0,-1.8436502,11.179581
2026-01-01T19:14:18.849,18.7,46.0,0.0,-1.8828768,11.2188076
2026-01-01T19:14:21.105,18.7,46.1,0.0,-1.8044235999999998,11.2188076
2026-01-01T19:14:23.361,18.7,46.0,0.0,-1.8044235999999998,11.2580342
2026-01-01T19:14:25.616,18.7,46.0,0.0,-1.8828768,11.2188076
2026-01-01T19:14:27.872,18.7,46.0,0.0,-1.8436502,11.2188076
2026-01-01T19:14:30.128,18.7,46.0,0.0,-1.8436502,11.179581
2026-01-01T19:14:32.383,18.7,46.0,0.0392266,-1.9221034,11.2580342
2026-01-01T19:14:34.639,18.6,45.9,0.0,-1.8044235999999998,11.2188076
2026-01-01T19:14:36.895,18.7,46.0,-0.0392266,-1.8044235999999998,11.2188076
2026-01-01T19:14:39.150,18.7,46.0,0.0,-1.8436502,11.2188076
2026-01-01T19:14:41.406,18.7,46.0,0.0,-1.8044235999999998,11.179581
2026-01-01T19:14:43.662,18.7,46.0,0.0,-1.8436502,11.2188076
2026-01-01T19:14:45.918,18.7,46.0,0.0,-1.8044235999999998,11.179581
2026-01-01T19:14:48.173,18.7,46.0,0.0,-1.8044235999999998,11.2972608
2026-01-01T19:14:50.430,18.7,46.0,0.0,-1.765197,11.2188076
2026-01-01T19:14:52.685,18.7,46.0,0.0,-1.8828768,11.2580342
2026-01-01T19:14:54.941,18.7,46.1,0.0,-1.8436502,11.179581
2026-01-01T19:14:57.197,18.7,46.1,0.0,-1.8436502,11.2972608
2026-01-01T19:14:59.453,18.7,46.1,0.0,-1.8436502,11.2188076
2026-01-01T19:15:01.709,18.7,46.1,0.0,-1.8436502,11.2580342
2026-01-01T19:15:03.964,18.7,46.1,0.0,-1.8828768,11.2188076
2026-01-01T19:15:06.220,18.7,46.1,0.0,-1.8828768,11.2188076
2026-01-01T19:15:08.476,18.7,46.1,0.0,-1.8828768,11.2972608
2026-01-01T19:15:10.732,18.6,46.0,0.0,-1.8044235999999998,11.2972608
2026-01-01T19:15:12.988,18.6,46.0,0.0,-1.8436502,11.2188076
2026-01-01T19:15:15.243,18.7,46.1,0.0,-1.8436502,11.375713999999999
2026-01-01T19:15:17.499,18.7,46.1,0.0,-1.8044235999999998,11.2580342
2026-01-01T19:15:19.755,18.6,46.0,0.0,-1.8436502,11.2580342
2026-01-01T19:15:22.010,18.6,46.0,0.0,-1.8828768,11.2580342
2026-01-01T19:15:24.266,18.7,46.0,0.0,-1.8436502,11.2188076
2026-01-01T19:15:26.522,18.7,46.1,0.0,-1.8828768,11.2972608
2026-01-01T19:15:28.778,18.6,46.0,0.0,-1.8044235999999998,11.179581
2026-01-01T19:15:31.033,18.7,46.1,0.0,-1.8436502,11.179581
2026-01-01T19:15:33.289,18.7,46.1,0.0,-1.8044235999999998,11.179581
2026-01-01T19:15:35.545,18.7,46.1,0.0,-1.8828768,11.2188076
2026-01-01T19:15:37.801,18.7,46.1,0.0,-1.8044235999999998,11.2188076
2026-01-01T19:15:40.056,18.7,46.1,0.0,-1.8436502,11.2972608
2026-01-01T19:15:42.312,18.7,46.1,0.0,-1.8436502,11.179581
2026-01-01T19:15:44.568,18.7,46.1,0.0,-1.8044235999999998,11.2188076
2026-01-01T19:15:46.823,18.6,46.0,0.0,-1.8436502,11.2580342
2026-01-01T19:15:49.079,18.7,46.1,0.0,-1.8828768,11.179581
2026-01-01T19:15:51.335,18.6,46.0,0.0,-1.8044235999999998,11.179581
2026-01-01T19:15:53.590,18.7,46.0,-0.0392266,-1.8436502,11.2972608
2026-01-01T19:15:55.846,18.7,46.0,0.0,-1.8436502,11.2580342
2026-01-01T19:15:58.102,18.7,46.0,0.0,-1.8044235999999998,11.179581
2026-01-01T19:16:00.357,18.7,45.9,0.0,-1.8436502,11.2580342
2026-01-01T19:16:02.613,18.7,45.9,0.0,-1.8436502,11.2972608
2026-01-01T19:16:04.869,18.6,45.9,0.0,-1.8436502,11.179581
2026-01-01T19:16:07.124,18.6,45.7,0.0,-1.8044235999999998,11.2188076
2026-01-01T19:16:09.380,18.7,45.8,0.0,-1.8436502,11.2188076
2026-01-01T19:16:11.636,18.6,45.7,0.0392266,-1.8828768,11.2580342
2026-01-01T19:16:13.892,18.6,45.7,0.0,-1.8436502,11.2188076
2026-01-01T19:16:16.147,18.7,45.9,0.0,-1.8828768,11.2580342
2026-01-01T19:16:18.403,18.7,45.9,0.0,-1.8828768,11.179581
2026-01-01T19:16:20.659,18.6,45.9,0.0392266,-1.8436502,11.2972608
2026-01-01T19:16:22.915,18.6,45.9,0.0,-1.8044235999999998,11.179581
2026-01-01T19:16:25.171,18.6,45.9,0.0,-1.8436502,11.2188076
2026-01-01T19:16:27.426,18.7,46.0,0.0,-1.8044235999999998,11.1403544
2026-01-01T19:16:29.682,18.7,46.0,0.0392266,-1.8436502,11.179581
2026-01-01T19:16:31.937,18.6,45.8,0.0,-1.8436502,11.2188076
2026-01-01T19:16:34.193,18.6,45.8,0.0,-1.8828768,11.2580342
2026-01-01T19:16:36.448,18.6,45.8,0.0,-1.8436502,11.2580342
2026-01-01T19:16:38.704,18.6,45.8,0.0,-1.8044235999999998,11.1011278
2026-01-01T19:16:40.960,18.6,45.8,0.0392266,-1.8436502,11.2188076
2026-01-01T19:16:43.215,18.6,45.8,0.0,-1.8436502,11.2188076
2026-01-01T19:16:45.471,18.6,45.9,0.0,-1.8044235999999998,11.2580342
2026-01-01T19:16:47.727,18.6,45.9,0.0,-1.8436502,11.2188076
2026-01-01T19:16:49.982,18.6,45.9,0.0,-1.8436502,11.2188076
2026-01-01T19:16:52.238,18.6,45.9,0.0,-1.8828768,11.2580342
2026-01-01T19:16:54.494,18.6,45.9,0.0,-1.8436502,11.2580342
2026-01-01T19:16:56.749,18.6,45.9,-0.0392266,-1.8044235999999998,11.2580342
2026-01-01T19:16:59.005,18.6,45.9,0.0,-1.8828768,11.2188076
2026-01-01T19:17:01.261,18.7,45.9,0.0,-1.8828768,11.2188076
2026-01-01T19:17:03.517,18.7,45.9,-0.0392266,-1.8436502,11.179581
2026-01-01T19:17:05.773,18.7,45.9,0.0392266,-1.8828768,11.2972608
2026-01-01T19:17:08.028,18.6,45.7,0.0,-1.8436502,11.2972608
2026-01-01T19:17:10.284,18.6,45.6,0.0,-1.8044235999999998,11.2188076
2026-01-01T19:17:12.539,18.6,45.6,0.0,-1.8044235999999998,11.179581
2026-01-01T19:17:14.795,18.6,45.6,0.0,-1.8828768,11.2580342
2026-01-01T19:17:17.051,18.7,45.6,0.0,-1.8044235999999998,11.2188076
2026-01-01T19:17:19.307,18.6,45.5,-0.0392266,-1.8828768,11.3364874
2026-01-01T19:17:21.562,18.6,45.5,0.0,-1.8044235999999998,11.2972608
2026-01-01T19:17:23.818,18.6,45.6,-0.0392266,-1.8044235999999998,11.2580342
2026-01-01T19:17:26.074,18.6,45.5,-0.0392266,-1.8044235999999998,11.179581
2026-01-01T19:17:28.330,18.6,45.5,0.0392266,-1.8828768,11.2188076
2026-01-01T19:17:30.585,18.6,45.5,0.0,-1.8044235999999998,11.179581
2026-01-01T19:17:32.841,18.6,45.6,0.0,-1.8436502,11.2188076
2026-01-01T19:17:35.097,18.6,45.6,0.0,-1.8436502,11.2188076
2026-01-01T19:17:37.352,18.6,45.6,0.0392266,-1.8436502,11.2188076
2026-01-01T19:17:39.608,18.6,45.6,-0.0392266,-1.8828768,11.179581
2026-01-01T19:17:41.864,18.6,45.7,0.0,-1.8828768,11.2580342
2026-01-01T19:17:44.120,18.6,45.6,0.0,-1.8436502,11.2580342
2026-01-01T19:17:46.376,18.6,45.6,0.0,-1.8828768,11.2972608
2026-01-01T19:17:48.631,18.6,45.7,0.0,-1.8044235999999998,11.179581
2026-01-01T19:17:50.887,18.6,45.7,0.0,-1.8436502,11.2972608
2026-01-01T19:17:53.143,18.6,45.7,0.0,-1.8436502,11.179581
2026-01-01T19:17:55.398,18.6,45.7,0.0,-1.8828768,11.2188076
2026-01-01T19:17:57.654,18.6,45.7,0.0,-1.8436502,11.179581
2026-01-01T19:17:59.910,18.7,45.7,0.0,-1.8044235999999998,11.2580342
2026-01-01T19:18:02.165,18.6,45.6,0.0392266,-1.8828768,11.2580342
2026-01-01T19:18:04.421,18.6,45.6,0.0,-1.8436502,11.2580342
2026-01-01T19:18:06.676,18.6,45.6,0.0,-1.8828768,11.2580342
2026-01-01T19:18:08.932,18.6,45.6,0.0,-1.8436502,11.2188076
2026-01-01T19:18:11.187,18.7,45.7,0.0392266,-1.8044235999999998,11.2580342
2026-01-01T19:18:13.443,18.7,45.7,0.0,-1.8436502,11.2188076
2026-01-01T19:18:15.699,18.6,45.6,0.0,-1.8436502,11.2188076
2026-01-01T19:18:17.954,18.6,45.6,0.0,-1.8436502,11.2972608
2026-01-01T19:18:20.210,18.6,45.7,0.0,-1.8436502,11.2188076
2026-01-01T19:18:22.465,18.6,45.7,0.0,-1.8044235999999998,11.2188076
2026-01-01T19:18:24.721,18.6,45.7,0.0,-1.8436502,11.2972608
2026-01-01T19:18:26.977,18.6,45.6,0.0,-1.8436502,11.179581
2026-01-01T19:18:29.233,18.6,45.7,0.0,-1.8436502,11.2972608
2026-01-01T19:18:31.488,18.6,45.7,0.0,-1.8436502,11.2188076
2026-01-01T19:18:33.744,18.6,45.8,0.0,-1.8436502,11.2188076
2026-01-01T19:18:36.000,18.6,45.8,0.0,-1.8044235999999998,11.2580342
2026-01-01T19:18:38.256,18.6,45.7,0.0,-1.8828768,11.2188076
2026-01-01T19:18:40.512,18.6,45.7,0.0,-1.8436502,11.2972608
2026-01-01T19:18:42.767,18.6,45.8,0.0,-1.8044235999999998,11.2188076
2026-01-01T19:18:45.023,18.6,45.7,0.0,-1.8436502,11.2188076
2026-01-01T19:18:47.279,18.7,45.8,0.0392266,-1.8828768,11.2188076
2026-01-01T19:18:49.535,18.6,45.7,0.0,-1.8044235999999998,11.2188076
2026-01-01T19:18:51.790,18.7,45.8,0.0,-1.8044235999999998,11.2188076
2026-01-01T19:18:54.046,18.6,45.7,0.0,-1.8436502,11.2188076
2026-01-01T19:18:56.302,18.7,45.9,0.0,-1.8436502,11.2580342
2026-01-01T19:18:58.557,18.6,45.8,0.0,-1.8436502,11.3364874
2026-01-01T19:19:00.813,18.7,45.9,0.0,-1.8436502,11.2188076
2026-01-01T19:19:03.069,18.7,45.8,0.0,-1.8436502,11.2188076
2026-01-01T19:19:05.325,18.6,45.7,0.0,-1.8044235999999998,11.179581
2026-01-01T19:19:07.580,18.7,45.8,-0.0392266,-1.8436502,11.2580342
2026-01-01T19:19:09.836,18.7,45.7,0.0,-1.8436502,11.2188076
2026-01-01T19:19:12.092,18.6,45.7,0.0,-1.8436502,11.3364874
2026-01-01T19:19:14.347,18.7,45.7,0.0,-1.8436502,11.179581
2026-01-01T19:19:16.603,18.7,45.7,0.0,-1.8044235999999998,11.2188076
2026-01-01T19:19:18.859,18.7,45.6,0.0,-1.8044235999999998,11.179581
2026-01-01T19:19:21.115,18.7,45.6,0.0,-1.8436502,11.2188076
2026-01-01T19:19:23.370,18.6,45.5,0.0,-1.8436502,11.2188076
2026-01-01T19:19:25.626,18.7,45.6,0.0,-1.8828768,11.2972608
2026-01-01T19:19:27.882,,,0.0,-1.8044235999999998,11.2188076
2026-01-01T19:19:30.138,18.6,45.4,0.0,-1.8828768,11.2580342
2026-01-01T19:19:32.394,18.7,45.4,0.0,-1.8436502,11.2580342
2026-01-01T19:19:34.650,18.7,45.4,0.0,-1.8436502,11.2580342
2026-01-01T19:19:36.905,18.6,45.4,0.0,-1.8436502,11.1403544
2026-01-01T19:19:39.161,18.7,45.5,0.0,-1.8436502,11.2188076
2026-01-01T19:19:41.417,18.7,45.6,0.0,-1.8044235999999998,11.2580342
2026-01-01T19:19:43.673,18.7,45.6,0.0,-1.8436502,11.2972608
2026-01-01T19:19:45.928,18.7,45.6,0.0,-1.8044235999999998,11.2580342
2026-01-01T19:19:48.184,18.6,45.5,0.0392266,-1.8828768,11.2580342
2026-01-01T19:19:50.440,18.7,45.6,0.0,-1.8044235999999998,11.2580342
2026-01-01T19:19:52.696,18.6,45.6,0.0,-1.8044235999999998,11.179581
2026-01-01T19:19:54.951,18.7,45.7,0.0,-1.8436502,11.179581
2026-01-01T19:19:57.207,18.7,45.6,0.0,-1.8436502,11.2188076
2026-01-01T19:19:59.463,18.7,45.6,0.0,-1.8044235999999998,11.2580342
2026-01-01T19:20:01.718,18.7,45.7,0.0,-1.8828768,11.2188076
2026-01-01T19:20:03.974,18.7,45.6,0.0,-1.8436502,11.2580342
2026-01-01T19:20:06.230,18.7,45.7,0.0,-1.8828768,11.2972608
2026-01-01T19:20:08.485,18.7,45.6,0.0,-1.8044235999999998,11.2188076
2026-01-01T19:20:10.741,18.7,45.6,0.0,-1.8436502,11.2580342
2026-01-01T19:20:12.997,18.7,45.6,0.0,-1.8436502,11.179581
2026-01-01T19:20:15.252,,,0.0,-1.8828768,11.2972608
2026-01-01T19:20:17.508,18.7,45.6,0.0,-1.8436502,11.2580342
2026-01-01T19:20:19.763,18.6,45.5,0.0,-1.8436502,11.2580342
2026-01-01T19:20:22.019,18.7,45.5,0.0,-1.8436502,11.1403544
2026-01-01T19:20:24.275,18.7,45.5,0.0,-1.8436502,11.2972608
2026-01-01T19:20:26.531,18.7,45.5,-0.0392266,-1.8044235999999998,11.2188076
2026-01-01T19:20:28.786,18.7,45.5,0.0,-1.8828768,11.2580342
2026-01-01T19:20:31.042,18.7,45.5,-0.0392266,-1.8044235999999998,11.1403544
2026-01-01T19:20:33.298,18.7,45.6,0.0,-1.8828768,11.2580342
2026-01-01T19:20:35.554,18.7,45.5,-0.0392266,-1.8044235999999998,11.2188076
2026-01-01T19:20:37.810,18.6,45.5,0.0392266,-1.9221034,11.2972608
2026-01-01T19:20:40.065,18.7,45.5,0.0,-1.8436502,11.2188076
2026-01-01T19:20:42.321,18.7,45.5,0.0,-1.8436502,11.2580342
2026-01-01T19:20:44.577,18.7,45.5,0.0,-1.8044235999999998,11.2580342
2026-01-01T19:20:46.833,18.7,45.4,0.0,-1.8436502,11.1403544
2026-01-01T19:20:49.089,18.7,45.4,0.0,-1.8436502,11.179581
2026-01-01T19:20:51.344,18.7,45.4,0.0,-1.8828768,11.2188076
2026-01-01T19:20:53.600,18.7,45.4,0.0392266,-1.8436502,11.179581
2026-01-01T19:20:55.856,18.6,45.3,0.0,-1.8828768,11.2580342
2026-01-01T19:20:58.112,18.7,45.4,0.0,-1.8044235999999998,11.179581
2026-01-01T19:21:00.367,18.6,45.3,0.0,-1.8436502,11.2972608
2026-01-01T19:21:02.623,18.7,45.4,0.0,-1.8436502,11.2188076
2026-01-01T19:21:04.879,18.7,45.4,0.0392266,-1.8436502,11.2972608
2026-01-01T19:21:07.134,18.7,45.4,0.0,-1.8828768,11.1403544
2026-01-01T19:21:09.390,18.7,45.4,0.0,-1.8436502,11.2580342
2026-01-01T19:21:11.646,18.7,45.4,0.0,-1.8436502,11.2188076
2026-01-01T19:21:13.901,18.7,45.4,0.0,-1.8828768,11.2580342
2026-01-01T19:21:16.157,18.7,45.4,0.0,-1.8044235999999998,11.2188076
2026-01-01T19:21:18.413,18.7,45.4,0.0,-1.8436502,11.2188076
2026-01-01T19:21:20.669,18.7,45.4,0.0,-1.8828768,11.179581
2026-01-01T19:21:22.924,18.7,45.4,0.0,-1.8436502,11.2188076
2026-01-01T19:21:25.180,18.7,45.4,0.0,-1.8436502,11.2188076
2026-01-01T19:21:27.435,18.7,45.4,0.0,-1.8044235999999998,11.2580342
2026-01-01T19:21:29.691,18.7,45.4,0.0,-1.8436502,11.2580342
2026-01-01T19:21:31.947,18.6,45.3,0.0,-1.8436502,11.2972608
2026-01-01T19:21:34.202,18.7,45.4,0.0,-1.8436502,11.2580342
2026-01-01T19:21:36.458,18.7,45.4,0.0,-1.8436502,11.179581
2026-01-01T19:21:38.714,18.7,45.4,0.0,-1.8044235999999998,11.2972608
2026-01-01T19:21:40.970,18.7,45.4,0.0392266,-1.8044235999999998,11.2188076
2026-01-01T19:21:43.226,18.7,45.4,0.0,-1.8436502,11.2580342
2026-01-01T19:21:45.482,18.7,45.4,0.0,-1.8436502,11.1403544
2026-01-01T19:21:47.737,18.7,45.4,0.0,-1.8436502,11.2580342
2026-01-01T19:21:49.993,18.6,45.3,0.0,-1.8828768,11.2188076
2026-01-01T19:21:52.249,18.7,45.4,0.0,-1.8436502,11.2580342
2026-01-01T19:21:54.504,18.7,45.4,0.0,-1.8436502,11.2972608
2026-01-01T19:21:56.760,18.7,45.4,0.0,-1.8044235999999998,11.2188076
2026-01-01T19:21:59.016,18.7,45.4,0.0,-1.8436502,11.3364874
2026-01-01T19:22:01.272,18.7,45.4,0.0,-1.8044235999999998,11.2188076
2026-01-01T19:22:03.527,18.7,45.4,0.0,-1.8828768,11.2580342
2026-01-01T19:22:05.783,18.7,45.4,-0.0392266,-1.8044235999999998,11.2188076
2026-01-01T19:22:08.041,18.7,45.4,-0.0392266,-1.8436502,11.2580342
2026-01-01T19:22:10.296,18.7,45.4,0.0,-1.8436502,11.2188076
2026-01-01T19:22:12.553,18.7,45.4,0.0,-1.8044235999999998,11.2580342
2026-01-01T19:22:14.813,18.7,45.4,0.0,-1.8436502,11.2580342
2026-01-01T19:22:17.068,18.7,45.4,0.0,-1.8044235999999998,11.2188076
2026-01-01T19:22:19.323,18.7,45.4,0.0,-1.8044235999999998,11.2188076
2026-01-01T19:22:21.585,18.7,45.4,0.0,-1.8828768,11.2580342
2026-01-01T19:22:23.845,18.7,45.4,0.0,-1.8436502,11.179581
2026-01-01T19:22:26.105,18.7,45.4,0.0,-1.8044235999999998,11.2580342
2026-01-01T19:22:28.361,18.7,45.4,0.0,-1.8828768,11.179581
2026-01-01T19:22:30.616,18.7,45.4,0.0,-1.8828768,11.2580342
2026-01-01T19:22:32.872,18.7,45.4,0.0,-1.8436502,11.2972608
2026-01-01T19:22:35.133,18.7,45.5,0.0,-1.8828768,11.2188076
2026-01-01T19:22:37.393,18.7,45.5,0.0,-1.8436502,11.1403544
2026-01-01T19:22:39.649,18.7,45.4,0.0,-1.8044235999999998,11.179581
2026-01-01T19:22:41.904,18.7,45.4,0.0,-1.8828768,11.2188076
2026-01-01T19:22:44.160,18.7,45.4,0.0,-1.8828768,11.2972608
2026-01-01T19:22:46.416,18.7,45.4,0.0,-1.8436502,11.2580342
2026-01-01T19:22:48.672,18.7,45.4,0.0,-1.8828768,11.2188076
2026-01-01T19:22:50.927,18.7,45.4,0.0,-1.8044235999999998,11.1403544
2026-01-01T19:22:53.183,18.7,45.4,0.0392266,-1.9221034,11.2972608
2026-01-01T19:22:55.439,18.7,45.4,0.0,-1.8436502,11.2188076
2026-01-01T19:22:57.695,18.7,45.4,-0.0392266,-1.8436502,11.2188076
2026-01-01T19:22:59.950,18.7,45.4,-0.0392266,-1.8044235999999998,11.1403544
2026-01-01T19:23:02.206,18.7,45.4,0.0,-1.8828768,11.2580342
2026-01-01T19:23:04.462,18.7,45.4,-0.0392266,-1.8436502,11.179581
2026-01-01T19:23:06.717,18.7,45.4,0.0,-1.8436502,11.179581
2026-01-01T19:23:08.973,18.7,45.4,0.0,-1.8436502,11.179581
2026-01-01T19:23:11.229,18.7,45.4,0.0,-1.8436502,11.3364874
2026-01-01T19:23:13.484,18.7,45.4,0.0,-1.765197,11.179581
2026-01-01T19:23:15.740,18.7,45.4,0.0,-1.8436502,11.179581
2026-01-01T19:23:17.996,18.7,45.4,0.0,-1.8436502,11.179581
2026-01-01T19:23:20.252,18.7,45.4,0.0,-1.8436502,11.2580342
2026-01-01T19:23:22.507,18.7,45.4,0.0,-1.8044235999999998,11.179581
2026-01-01T19:23:24.763,18.7,45.5,0.0,-1.8828768,11.2188076
2026-01-01T19:23:27.019,18.7,45.5,0.0,-1.8436502,11.1403544
2026-01-01T19:23:29.274,18.7,45.5,0.0,-1.8828768,11.2188076
2026-01-01T19:23:31.530,18.7,45.5,0.0,-1.8436502,11.179581
2026-01-01T19:23:33.786,18.7,45.5,0.0,-1.8044235999999998,11.2972608
2026-01-01T19:23:36.042,18.7,45.5,0.0,-1.8436502,11.2188076
2026-01-01T19:23:38.297,18.7,45.5,0.0,-1.8828768,11.2188076
2026-01-01T19:23:40.553,18.7,45.5,-0.0392266,-1.8044235999999998,11.2188076
2026-01-01T19:23:42.809,18.7,45.5,0.0,-1.8828768,11.2580342
2026-01-01T19:23:45.065,18.7,45.5,-0.0392266,-1.8436502,11.2188076
2026-01-01T19:23:47.320,18.7,45.5,0.0,-1.9221034,11.2188076
2026-01-01T19:23:49.576,18.7,45.4,0.0,-1.8436502,11.2188076
2026-01-01T19:23:51.832,18.7,45.4,0.0,-1.8436502,11.179581
2026-01-01T19:23:54.088,18.7,45.4,-0.0392266,-1.8044235999999998,11.2580342
2026-01-01T19:23:56.343,18.7,45.4,0.0,-1.8436502,11.2188076
2026-01-01T19:23:58.599,18.7,45.4,0.0,-1.8436502,11.179581
2026-01-01T19:24:00.855,18.7,45.4,0.0,-1.8436502,11.2188076
2026-01-01T19:24:03.111,18.7,45.4,0.0,-1.8436502,11.2580342
2026-01-01T19:24:05.367,18.7,45.4,0.0,-1.8044235999999998,11.1011278
2026-01-01T19:24:07.622,18.7,45.4,0.0,-1.8436502,11.2580342
2026-01-01T19:24:09.878,18.7,45.4,0.0,-1.8044235999999998,11.2188076
2026-01-01T19:24:12.134,18.7,45.4,0.0,-1.8436502,11.2188076
2026-01-01T19:24:14.389,18.7,45.4,0.0,-1.8436502,11.2580342
2026-01-01T19:24:16.645,18.7,45.4,0.0,-1.8436502,11.2188076
2026-01-01T19:24:18.901,18.7,45.4,0.0,-1.8436502,11.2188076
2026-01-01T19:24:21.157,18.7,45.4,-0.0392266,-1.765197,11.2188076
2026-01-01T19:24:23.412,18.7,45.4,0.0,-1.8436502,11.2188076
2026-01-01T19:24:25.668,18.7,45.4,0.0,-1.8436502,11.1403544
2026-01-01T19:24:27.924,18.6,45.4,0.0,-1.8436502,11.2580342
2026-01-01T19:24:30.179,18.7,45.4,-0.0392266,-1.8436502,11.2188076
2026-01-01T19:24:32.434,18.7,45.4,-0.0392266,-1.8044235999999998,11.2188076
2026-01-01T19:24:34.690,18.7,45.4,0.0,-1.8828768,11.2972608
2026-01-01T19:24:36.946,18.7,45.4,-0.0784532,-1.8436502,11.179581
2026-01-01T19:24:39.202,18.7,45.4,0.0,-1.8044235999999998,11.2188076
2026-01-01T19:24:41.457,18.7,45.4,0.0,-1.8436502,11.2188076
2026-01-01T19:24:43.713,18.7,45.4,0.0,-1.8436502,11.2188076
2026-01-01T19:24:45.969,18.7,45.4,0.0,-1.8044235999999998,11.179581
2026-01-01T19:24:48.224,18.7,45.4,0.0392266,-1.8828768,11.2580342
2026-01-01T19:24:50.480,18.7,45.4,0.0,-1.8828768,11.2188076
2026-01-01T19:24:52.736,18.7,45.4,0.0,-1.8044235999999998,11.179581
2026-01-01T19:24:54.991,18.7,45.4,0.0,-1.8828768,11.2580342
2026-01-01T19:24:57.247,18.7,45.4,0.0,-1.8436502,11.179581
2026-01-01T19:24:59.503,18.7,45.4,0.0,-1.8828768,11.2580342
2026-01-01T19:25:01.758,18.7,45.4,0.0,-1.8828768,11.2188076
2026-01-01T19:25:04.014,18.7,45.4,0.0,-1.8436502,11.2188076
2026-01-01T19:25:06.270,18.7,45.4,-0.0392266,-1.8436502,11.2972608
2026-01-01T19:25:08.526,18.7,45.4,0.0,-1.8436502,11.1403544
2026-01-01T19:25:10.781,18.7,45.4,0.0,-1.8044235999999998,11.2188076
2026-01-01T19:25:13.037,18.7,45.4,0.0,-1.8044235999999998,11.179581
2026-01-01T19:25:15.293,18.7,45.4,0.0,-1.8828768,11.2188076
2026-01-01T19:25:17.549,18.7,45.4,0.0,-1.8436502,11.2188076
2026-01-01T19:25:19.804,18.7,45.4,-0.0392266,-1.8436502,11.2188076
2026-01-01T19:25:22.060,18.7,45.4,0.0,-1.8436502,11.2580342
2026-01-01T19:25:24.316,18.7,45.4,0.0,-1.8044235999999998,11.2188076
2026-01-01T19:25:26.571,18.7,45.4,0.0,-1.8044235999999998,11.2188076
2026-01-01T19:25:28.827,18.7,45.4,0.0,-1.9221034,11.3364874
2026-01-01T19:25:31.083,18.7,45.4,0.0,-1.8044235999999998,11.179581
2026-01-01T19:25:33.339,18.7,45.4,0.0,-1.8436502,11.179581
2026-01-01T19:25:35.594,18.7,45.4,0.0,-1.8828768,11.2972608
2026-01-01T19:25:37.850,18.7,45.4,0.0,-1.8436502,11.2188076
2026-01-01T19:25:40.106,18.7,45.4,0.0,-1.8828768,11.2972608
2026-01-01T19:25:42.361,18.7,45.4,0.0,-1.8044235999999998,11.179581
2026-01-01T19:25:44.617,18.7,45.4,0.0,-1.8044235999999998,11.179581
2026-01-01T19:25:46.873,18.7,45.4,0.0,-1.8828768,11.2580342
2026-01-01T19:25:49.128,18.7,45.4,0.0,-1.8044235999999998,11.2580342
2026-01-01T19:25:51.384,18.7,45.4,0.0,-1.8436502,11.2188076
2026-01-01T19:25:53.640,18.7,45.4,0.0,-1.8828768,11.2972608
2026-01-01T19:25:55.895,18.7,45.4,0.0,-1.8436502,11.179581
2026-01-01T19:25:58.151,18.7,45.4,0.0,-1.8436502,11.179581
2026-01-01T19:26:00.407,18.7,45.4,-0.0392266,-1.8044235999999998,11.2188076
2026-01-01T19:26:02.662,18.7,45.4,0.0,-1.8828768,11.1403544
2026-01-01T19:26:04.918,18.7,45.4,0.0,-1.8436502,11.179581
2026-01-01T19:26:07.174,18.7,45.4,-0.0392266,-1.8436502,11.2188076
2026-01-01T19:26:09.430,18.7,45.4,-0.0392266,-1.8436502,11.179581
2026-01-01T19:26:11.685,18.7,45.4,0.0,-1.8436502,11.2188076
2026-01-01T19:26:13.941,18.7,45.4,0.0,-1.8044235999999998,11.2188076
2026-01-01T19:26:16.197,18.7,45.5,0.0392266,-1.8828768,11.2188076
2026-01-01T19:26:18.453,18.7,45.4,0.0,-1.8436502,11.2188076
2026-01-01T19:26:20.708,18.7,45.4,0.0,-1.8044235999999998,11.2188076
2026-01-01T19:26:22.964,18.7,45.4,0.0,-1.8436502,11.2580342
2026-01-01T19:26:25.220,18.7,45.4,0.0,-1.8044235999999998,11.179581
2026-01-01T19:26:27.476,18.7,45.4,0.0,-1.8436502,11.2188076
2026-01-01T19:26:29.731,18.7,45.3,0.0,-1.8828768,11.2580342
2026-01-01T19:26:31.987,18.7,45.4,0.0,-1.8436502,11.2972608
2026-01-01T19:26:34.243,18.7,45.3,0.0,-1.8828768,11.179581
2026-01-01T19:26:36.498,18.7,45.4,0.0,-1.8828768,11.2188076
2026-01-01T19:26:38.754,18.7,45.4,0.0,-1.8436502,11.2188076
2026-01-01T19:26:41.010,18.7,45.4,0.0392266,-1.8828768,11.2580342
2026-01-01T19:26:43.266,18.7,45.4,-0.0392266,-1.8436502,11.2972608
2026-01-01T19:26:45.521,18.7,45.4,0.0,-1.8044235999999998,11.179581
2026-01-01T19:26:47.777,18.7,45.4,0.0,-1.8436502,11.2188076
2026-01-01T19:26:50.033,18.7,45.4,0.0,-1.8044235999999998,11.1403544
2026-01-01T19:26:52.288,18.7,45.4,0.0,-1.8828768,11.2188076
2026-01-01T19:26:54.544,18.7,45.4,0.0,-1.8828768,11.2580342
2026-01-01T19:26:56.800,18.7,45.4,0.0,-1.8436502,11.2188076
2026-01-01T19:26:59.055,18.7,45.4,0.0392266,-1.8828768,11.179581
2026-01-01T19:27:01.311,18.7,45.4,-0.0392266,-1.8044235999999998,11.2188076
2026-01-01T19:27:03.567,18.7,45.4,0.0,-1.8044235999999998,11.2188076
2026-01-01T19:27:05.823,18.7,45.4,0.0,-1.9221034,11.2580342
2026-01-01T19:27:08.079,18.7,45.4,0.0,-1.8044235999999998,11.2188076
2026-01-01T19:27:10.334,18.7,45.4,0.0,-1.8828768,11.2188076
2026-01-01T19:27:12.590,18.7,45.4,0.0,-1.8044235999999998,11.1403544
2026-01-01T19:27:14.846,18.7,45.4,0.0,-1.8436502,11.1403544
2026-01-01T19:27:17.102,18.7,45.4,0.0,-1.8044235999999998,11.2188076
2026-01-01T19:27:19.358,18.7,45.4,0.0,-1.8436502,11.179581
2026-01-01T19:27:21.617,18.7,45.4,0.0,-1.8044235999999998,11.2580342
2026-01-01T19:27:23.877,18.7,45.4,0.0,-1.8828768,11.179581
2026-01-01T19:27:26.132,18.7,45.4,0.0392266,-1.8828768,11.2580342
2026-01-01T19:27:28.388,18.7,45.4,0.0,-1.8828768,11.179581
2026-01-01T19:27:30.649,18.7,45.4,0.0,-1.8828768,11.2188076
2026-01-01T19:27:32.909,18.7,45.4,0.0,-1.8044235999999998,11.2580342
2026-01-01T19:27:35.164,18.7,45.4,0.0,-1.8044235999999998,11.179581
2026-01-01T19:27:37.420,18.7,45.4,0.0392266,-1.8828768,11.2188076
2026-01-01T19:27:39.681,18.7,45.4,0.0,-1.8436502,11.2580342
2026-01-01T19:27:41.936,18.7,45.4,0.0,-1.8828768,11.2580342
2026-01-01T19:27:44.197,18.7,45.4,-0.0392266,-1.8044235999999998,11.179581
2026-01-01T19:27:46.457,18.7,45.4,-0.0392266,-1.8436502,11.2188076
2026-01-01T19:27:48.717,18.7,45.4,0.0,-1.8044235999999998,11.2188076
2026-01-01T19:27:50.972,18.7,45.4,0.0,-1.8044235999999998,11.2188076
2026-01-01T19:27:53.227,18.7,45.4,0.0,-1.8828768,11.2972608
2026-01-01T19:27:55.483,18.7,45.2,0.0,-1.8436502,11.2580342
2026-01-01T19:27:57.741,18.7,45.0,0.0,-1.8436502,11.2188076
2026-01-01T19:28:00.001,18.7,44.8,0.0,-1.8828768,11.2972608
2026-01-01T19:28:02.258,18.7,44.7,0.0,-1.8436502,11.2580342
2026-01-01T19:28:04.514,18.7,44.6,0.0,-1.8044235999999998,11.2580342
2026-01-01T19:28:06.773,18.7,44.5,0.0,-1.8044235999999998,11.2580342
2026-01-01T19:28:09.033,18.7,44.4,0.0,-1.8044235999999998,11.179581
2026-01-01T19:28:11.288,18.7,44.4,0.0,-1.8436502,11.179581
2026-01-01T19:28:13.544,18.7,44.3,0.0,-1.8828768,11.179581
2026-01-01T19:28:15.800,,,0.0,-1.8436502,11.2580342
2026-01-01T19:28:18.056,18.7,44.2,0.0,-1.8044235999999998,11.179581
2026-01-01T19:28:20.311,18.7,44.1,0.0,-1.8436502,11.2972608
2026-01-01T19:28:22.567,18.7,44.0,0.0,-1.8436502,11.179581
2026-01-01T19:28:24.822,18.7,44.0,0.0,-1.8828768,11.2188076
2026-01-01T19:28:27.078,18.7,44.0,0.0,-1.8436502,11.2188076
2026-01-01T19:28:29.334,18.7,44.2,0.0,-1.8828768,11.2188076
2026-01-01T19:28:31.590,18.7,44.3,0.0,-1.8436502,11.1403544
2026-01-01T19:28:33.845,18.7,44.5,0.0,-1.8828768,11.2580342
2026-01-01T19:28:36.101,18.7,44.6,-0.0392266,-1.8436502,11.2188076
2026-01-01T19:28:38.357,18.7,44.7,0.0,-1.8828768,11.2580342
2026-01-01T19:28:40.612,18.7,44.7,0.0,-1.8044235999999998,11.179581
2026-01-01T19:28:42.868,18.7,44.7,0.0,-1.8436502,11.2188076
2026-01-01T19:28:45.124,18.6,44.6,0.0,-1.8436502,11.2188076
2026-01-01T19:28:47.379,18.7,44.6,0.0,-1.8436502,11.2580342
2026-01-01T19:28:49.635,18.7,44.7,0.0,-1.8436502,11.2188076
2026-01-01T19:28:51.890,18.7,44.8,0.0,-1.8044235999999998,11.179581
2026-01-01T19:28:54.146,18.6,44.8,0.0,-1.8436502,11.2972608
2026-01-01T19:28:56.402,18.6,44.9,0.0,-1.8044235999999998,11.179581
2026-01-01T19:28:58.657,18.7,45.1,0.0,-1.8828768,11.2580342
2026-01-01T19:29:00.913,18.7,45.2,0.0392266,-1.8436502,11.2188076
2026-01-01T19:29:03.169,18.7,45.3,0.0,-1.8436502,11.2580342
2026-01-01T19:29:05.424,18.7,45.4,0.0,-1.8436502,11.2580342
2026-01-01T19:29:07.680,18.7,45.4,0.0,-1.8436502,11.2580342
2026-01-01T19:29:09.936,18.7,45.4,0.0,-1.8828768,11.179581
2026-01-01T19:29:12.192,18.7,45.4,0.0,-1.8436502,11.2580342
2026-01-01T19:29:14.447,18.7,45.4,0.0,-1.8436502,11.2580342
2026-01-01T19:29:16.703,18.7,45.4,0.0,-1.8044235999999998,11.2580342
2026-01-01T19:29:18.959,18.7,45.4,0.0,-1.8436502,11.2188076
2026-01-01T19:29:21.214,18.7,45.4,0.0,-1.8044235999999998,11.179581
2026-01-01T19:29:23.470,18.7,45.4,0.0,-1.8044235999999998,11.2188076
2026-01-01T19:29:25.726,18.7,45.4,0.0,-1.8828768,11.2188076
2026-01-01T19:29:27.981,18.7,45.4,0.0,-1.8436502,11.1403544
2026-01-01T19:29:30.237,18.7,45.4,0.0392266,-1.8436502,11.2580342
2026-01-01T19:29:32.493,18.7,45.4,0.0,-1.8044235999999998,11.2188076
2026-01-01T19:29:34.748,18.7,45.4,0.0,-1.8436502,11.2972608
2026-01-01T19:29:37.004,18.7,45.4,0.0,-1.8828768,11.2188076
2026-01-01T19:29:39.260,18.7,45.4,0.0,-1.8828768,11.2972608
2026-01-01T19:29:41.516,18.7,45.4,0.0392266,-1.8828768,11.179581
2026-01-01T19:29:43.771,18.7,45.4,0.0,-1.8436502,11.2580342
2026-01-01T19:29:46.027,18.7,45.4,0.0,-1.8044235999999998,11.2188076
2026-01-01T19:29:48.282,18.7,45.4,0.0,-1.8044235999999998,11.2580342
2026-01-01T19:29:50.538,18.7,45.4,0.0,-1.8828768,11.2580342
2026-01-01T19:29:52.794,18.7,45.4,0.0,-1.8044235999999998,11.179581
2026-01-01T19:29:55.049,18.7,45.4,0.0,-1.8436502,11.179581
2026-01-01T19:29:57.305,18.7,45.4,0.0,-1.8044235999999998,11.2188076
2026-01-01T19:29:59.561,18.7,45.4,0.0,-1.8436502,11.2580342
2026-01-01T19:30:01.817,18.7,45.4,0.0,-1.8436502,11.179581
2026-01-01T19:30:04.072,18.7,45.4,0.0,-1.8828768,11.2580342
2026-01-01T19:30:06.328,18.7,45.4,0.0,-1.8044235999999998,11.179581
2026-01-01T19:30:08.584,18.7,45.4,0.0,-1.9221034,11.2580342
2026-01-01T19:30:10.840,18.7,45.4,0.0,-1.8044235999999998,11.179581
2026-01-01T19:30:13.096,18.7,45.4,0.0,-1.8044235999999998,11.2188076
2026-01-01T19:30:15.351,18.7,45.4,0.0,-1.8436502,11.2188076
2026-01-01T19:30:17.607,18.7,45.4,0.0392266,-1.8828768,11.2580342
2026-01-01T19:30:19.863,18.7,45.4,-0.0392266,-1.8436502,11.2580342
2026-01-01T19:30:22.118,18.7,45.4,0.0,-1.8828768,11.2972608
2026-01-01T19:30:24.374,18.7,45.4,0.0,-1.8436502,11.179581
2026-01-01T19:30:26.630,18.7,45.4,-0.0392266,-1.8828768,11.2972608
2026-01-01T19:30:28.885,18.7,45.4,0.0,-1.8044235999999998,11.2188076
2026-01-01T19:30:31.141,18.7,45.4,-0.0392266,-1.9221034,11.2188076
2026-01-01T19:30:33.397,18.7,45.4,0.0,-1.8828768,11.2580342
2026-01-01T19:30:35.653,18.7,45.4,0.0,-1.8828768,11.2188076
2026-01-01T19:30:37.908,,,0.0,-1.8828768,11.2580342
2026-01-01T19:30:40.164,18.7,45.4,0.0,-1.8828768,11.179581
2026-01-01T19:30:42.420,18.7,45.4,0.0,-1.8436502,11.2580342
2026-01-01T19:30:44.675,18.7,45.4,0.0,-1.8044235999999998,11.179581
2026-01-01T19:30:46.930,18.7,45.4,0.0,-1.8828768,11.2188076
2026-01-01T19:30:49.186,18.7,45.4,0.0,-1.8044235999999998,11.2188076
2026-01-01T19:30:51.441,18.7,45.4,0.0,-1.8828768,11.2580342
2026-01-01T19:30:53.697,18.7,45.4,0.0,-1.8044235999999998,11.2188076
2026-01-01T19:30:55.952,18.7,45.4,0.0,-1.8436502,11.2972608
2026-01-01T19:30:58.208,18.7,45.4,0.0,-1.8828768,11.2580342
2026-01-01T19:31:00.464,18.7,45.4,0.0,-1.8436502,11.179581
2026-01-01T19:31:02.719,18.7,45.4,0.0,-1.8828768,11.179581
2026-01-01T19:31:04.975,18.7,45.4,0.0,-1.8828768,11.2580342
2026-01-01T19:31:07.231,18.7,45.4,0.0,-1.8436502,11.2188076
2026-01-01T19:31:09.487,18.7,45.4,-0.0392266,-1.8044235999999998,11.2188076
2026-01-01T19:31:11.742,18.7,45.4,0.0,-1.8044235999999998,11.2188076
2026-01-01T19:31:13.998,18.7,45.4,0.0,-1.8828768,11.2188076
2026-01-01T19:31:16.254,18.7,45.4,0.0,-1.8436502,11.2972608
2026-01-01T19:31:18.510,18.7,45.4,0.0,-1.8436502,11.2972608
2026-01-01T19:31:20.765,18.7,45.4,0.0,-1.8436502,11.2188076
2026-01-01T19:31:23.021,18.7,45.4,0.0,-1.8044235999999998,11.179581
2026-01-01T19:31:25.277,18.7,45.4,0.0,-1.8436502,11.2580342
2026-01-01T19:31:27.533,18.7,45.4,0.0,-1.8436502,11.179581
2026-01-01T19:31:29.788,18.7,45.4,-0.0392266,-1.765197,11.179581
2026-01-01T19:31:32.044,18.7,45.4,0.0,-1.8436502,11.2580342
2026-01-01T19:31:34.300,18.7,45.4,-0.0392266,-1.8436502,11.2188076
2026-01-01T19:31:36.555,18.7,45.4,-0.0392266,-1.8828768,11.1403544
2026-01-01T19:31:38.811,18.7,45.4,0.0,-1.8436502,11.2580342
2026-01-01T19:31:41.067,18.7,45.4,0.0,-1.8436502,11.179581
2026-01-01T19:31:43.322,18.7,45.4,0.0392266,-1.8828768,11.2188076
2026-01-01T19:31:45.578,18.7,45.4,0.0,-1.8436502,11.2188076
2026-01-01T19:31:47.834,18.7,45.4,0.0,-1.8044235999999998,11.179581
2026-01-01T19:31:50.090,18.7,45.4,0.0,-1.8436502,11.2580342
2026-01-01T19:31:52.345,18.7,45.4,0.0,-1.8044235999999998,11.179581
2026-01-01T19:31:54.601,18.7,45.4,0.0,-1.8436502,11.2188076
2026-01-01T19:31:56.857,18.7,45.4,0.0,-1.8436502,11.2188076
2026-01-01T19:31:59.113,18.7,45.4,0.0,-1.8436502,11.1403544
2026-01-01T19:32:01.368,18.7,45.4,0.0,-1.8436502,11.2188076
2026-01-01T19:32:03.624,18.7,45.4,0.0,-1.8828768,11.179581
2026-01-01T19:32:05.885,18.7,45.4,0.0,-1.8436502,11.2188076
2026-01-01T19:32:08.140,18.7,45.4,0.0,-1.8436502,11.2188076
2026-01-01T19:32:10.401,18.7,45.4,0.0,-1.8828768,11.2188076
2026-01-01T19:32:12.661,18.7,45.4,0.0,-1.8044235999999998,11.179581
2026-01-01T19:32:14.921,18.7,45.4,0.0,-1.8436502,11.2580342
2026-01-01T19:32:17.176,18.7,45.4,0.0,-1.8828768,11.2580342
2026-01-01T19:32:19.431,18.7,45.4,0.0,-1.8828768,11.2580342
2026-01-01T19:32:21.693,18.7,45.4,0.0,-1.8436502,11.3364874
2026-01-01T19:32:23.953,18.7,45.4,0.0,-1.8436502,11.1403544
2026-01-01T19:32:26.213,18.7,45.4,0.0,-1.8436502,11.2580342
2026-01-01T19:32:28.468,18.7,45.4,-0.0392266,-1.8828768,11.2188076
2026-01-01T19:32:30.724,18.7,45.4,0.0,-1.8436502,11.2580342
2026-01-01T19:32:32.985,18.7,45.4,0.0,-1.8044235999999998,11.2188076
2026-01-01T19:32:35.245,18.7,45.4,0.0,-1.8436502,11.2972608
2026-01-01T19:32:37.500,18.7,45.4,0.0,-1.8828768,11.2972608
2026-01-01T19:32:39.755,18.7,45.4,0.0,-1.8436502,11.179581
2026-01-01T19:32:42.011,18.7,45.4,0.0,-1.8828768,11.2188076
2026-01-01T19:32:44.269,18.7,45.4,0.0,-1.8436502,11.2580342
2026-01-01T19:32:46.529,18.7,45.4,0.0,-1.8828768,11.2580342
2026-01-01T19:32:48.784,18.7,45.4,0.0,-1.8044235999999998,11.2188076
2026-01-01T19:32:51.045,18.7,45.4,-0.0392266,-1.8044235999999998,11.179581
2026-01-01T19:32:53.300,18.7,45.4,0.0,-1.8436502,11.2972608
2026-01-01T19:32:55.561,18.7,45.4,0.0,-1.8044235999999998,11.179581
2026-01-01T19:32:57.816,18.7,45.4,0.0,-1.8828768,11.179581
2026-01-01T19:33:00.071,18.7,45.4,0.0,-1.8044235999999998,11.2188076
2026-01-01T19:33:02.333,18.7,45.4,0.0,-1.8044235999999998,11.2188076
2026-01-01T19:33:04.588,18.7,45.4,0.0,-1.8828768,11.2972608
2026-01-01T19:33:06.843,18.7,45.1,0.0,-1.8436502,11.3364874
2026-01-01T19:33:09.099,18.7,44.9,-0.0392266,-1.8436502,11.179581
2026-01-01T19:33:11.357,18.7,44.9,0.0,-1.8436502,11.179581
2026-01-01T19:33:13.612,18.7,44.8,0.0,-1.8436502,11.179581
2026-01-01T19:33:15.873,18.7,44.8,0.0,-1.8044235999999998,11.179581
2026-01-01T19:33:18.128,18.7,44.9,0.0,-1.8044235999999998,11.2188076
2026-01-01T19:33:20.389,18.7,45.0,0.0,-1.8436502,11.2580342
2026-01-01T19:33:22.649,18.7,45.0,0.0,-1.8044235999999998,11.2188076
2026-01-01T19:33:24.909,18.7,45.1,0.0,-1.8436502,11.2188076
2026-01-01T19:33:27.165,18.7,45.1,0.0,-1.8436502,11.2188076
2026-01-01T19:33:29.425,18.7,45.1,0.0,-1.8828768,11.2188076
2026-01-01T19:33:31.685,18.7,45.2,0.0392266,-1.8436502,11.2188076
2026-01-01T19:33:33.945,18.7,45.2,0.0,-1.8044235999999998,11.179581
2026-01-01T19:33:36.205,18.7,45.2,-0.0392266,-1.8044235999999998,11.2188076
2026-01-01T19:33:38.465,18.7,45.3,0.0,-1.8828768,11.2580342
2026-01-01T19:33:40.725,18.7,45.3,-0.0392266,-1.8044235999999998,11.2580342
2026-01-01T19:33:42.985,18.7,45.3,0.0,-1.8436502,11.2580342
2026-01-01T19:33:45.245,18.7,45.3,0.0,-1.8044235999999998,11.2972608
2026-01-01T19:33:47.505,18.7,45.3,0.0,-1.8436502,11.2972608
2026-01-01T19:33:49.765,18.7,45.4,0.0,-1.8436502,11.179581
2026-01-01T19:33:52.025,18.7,45.4,0.0,-1.8828768,11.2580342
2026-01-01T19:33:54.285,18.7,45.4,0.0,-1.8436502,11.2188076
2026-01-01T19:33:56.540,18.7,45.4,0.0,-1.8044235999999998,11.2580342
2026-01-01T19:33:58.796,18.7,45.4,0.0,-1.8436502,11.2188076
2026-01-01T19:34:01.051,18.7,45.4,0.0,-1.8044235999999998,11.179581
2026-01-01T19:34:03.307,18.7,45.4,0.0,-1.8828768,11.2188076
2026-01-01T19:34:05.565,18.7,45.4,0.0,-1.8436502,11.2188076
2026-01-01T19:34:07.825,18.7,45.4,0.0,-1.8828768,11.2188076
2026-01-01T19:34:10.085,18.7,45.4,0.0,-1.8828768,11.3364874
2026-01-01T19:34:12.340,18.7,45.4,0.0,-1.8044235999999998,11.179581
2026-01-01T19:34:14.601,18.7,45.4,0.0,-1.8436502,11.2580342
2026-01-01T19:34:16.861,18.7,45.4,0.0,-1.8044235999999998,11.179581
2026-01-01T19:34:19.121,18.7,45.2,0.0,-1.8436502,11.2580342
2026-01-01T19:34:21.381,18.7,45.0,-0.0392266,-1.8044235999999998,11.179581
2026-01-01T19:34:23.636,18.7,44.9,0.0,-1.8044235999999998,11.2580342
2026-01-01T19:34:25.897,18.7,44.8,0.0,-1.8436502,11.2188076
2026-01-01T19:34:28.152,18.7,44.7,0.0,-1.8436502,11.2188076
2026-01-01T19:34:30.408,18.7,44.7,0.0392266,-1.9221034,11.2972608
2026-01-01T19:34:32.669,18.7,44.7,0.0,-1.8044235999999998,11.2188076
2026-01-01T19:34:34.924,18.7,44.7,0.0,-1.8828768,11.2580342
2026-01-01T19:34:37.179,18.7,44.6,0.0,-1.8436502,11.2188076
2026-01-01T19:34:39.435,18.7,44.6,0.0,-1.8436502,11.179581
2026-01-01T19:34:41.693,18.7,44.6,0.0,-1.8436502,11.2972608
2026-01-01T19:34:43.948,18.7,44.6,-0.0392266,-1.8044235999999998,11.1403544
2026-01-01T19:34:46.204,18.7,44.6,0.0,-1.8436502,11.2580342
2026-01-01T19:34:48.459,18.7,44.6,0.0,-1.765197,11.179581
2026-01-01T19:34:50.721,18.7,44.5,0.0392266,-1.8828768,11.2188076
2026-01-01T19:34:52.976,18.7,44.4,0.0,-1.8044235999999998,11.1403544
2026-01-01T19:34:55.237,18.7,44.3,0.0,-1.8436502,11.2580342
2026-01-01T19:34:57.497,18.7,44.2,0.0392266,-1.8436502,11.1403544
2026-01-01T19:34:59.752,18.7,44.2,0.0392266,-1.8044235999999998,11.2580342
2026-01-01T19:35:02.008,18.7,44.1,0.0,-1.8828768,11.2580342
2026-01-01T19:35:04.263,18.7,44.0,0.0,-1.8436502,11.2188076
2026-01-01T19:35:06.521,18.7,44.0,0.0,-1.8044235999999998,11.2188076
2026-01-01T19:35:08.776,18.7,43.9,0.0,-1.8436502,11.179581
2026-01-01T19:35:11.032,18.7,43.8,0.0,-1.8044235999999998,11.2580342
2026-01-01T19:35:13.293,18.7,43.8,0.0,-1.8828768,11.179581
2026-01-01T19:35:15.548,18.7,43.8,0.0392266,-1.8828768,11.2188076
2026-01-01T19:35:17.809,18.7,43.9,0.0,-1.8436502,11.2188076
2026-01-01T19:35:20.069,18.7,43.9,-0.0392266,-1.765197,11.2188076
2026-01-01T19:35:22.329,18.7,43.9,0.0,-1.8828768,11.3364874
2026-01-01T19:35:24.589,18.7,43.9,0.0,-1.8436502,11.2580342
2026-01-01T19:35:26.849,18.7,43.9,-0.0392266,-1.8436502,11.179581
2026-01-01T19:35:29.109,18.7,43.9,0.0,-1.8044235999999998,11.2580342
2026-01-01T19:35:31.364,18.7,43.9,0.0392266,-1.8436502,11.2580342
2026-01-01T19:35:33.625,18.7,43.9,0.0,-1.8436502,11.3364874
2026-01-01T19:35:35.880,18.7,43.9,0.0,-1.8044235999999998,11.2580342
2026-01-01T19:35:38.141,18.7,44.0,0.0,-1.8044235999999998,11.2188076
2026-01-01T19:35:40.401,18.7,44.1,0.0,-1.8436502,11.2580342
2026-01-01T19:35:42.656,18.7,44.2,0.0,-1.8828768,11.2580342
2026-01-01T19:35:44.917,18.7,44.3,-0.0392266,-1.8044235999999998,11.2972608
2026-01-01T19:35:47.172,18.7,44.3,0.0,-1.8436502,11.2580342
2026-01-01T19:35:49.428,18.7,44.4,0.0,-1.765197,11.179581
2026-01-01T19:35:51.683,18.7,44.5,0.0,-1.8436502,11.2580342
2026-01-01T19:35:53.941,18.7,44.5,0.0,-1.8436502,11.2188076
2026-01-01T19:35:56.201,18.7,44.6,0.0,-1.8436502,11.2580342
2026-01-01T19:35:58.461,18.7,44.6,0.0,-1.8436502,11.2580342
2026-01-01T19:36:00.721,18.7,44.5,0.0392266,-1.8436502,11.2188076
2026-01-01T19:36:02.981,18.7,44.5,0.0,-1.8436502,11.179581
2026-01-01T19:36:05.241,18.7,44.4,0.0,-1.8436502,11.2580342
2026-01-01T19:36:07.496,18.7,44.4,-0.0392266,-1.765197,11.2188076
2026-01-01T19:36:09.752,18.6,44.3,-0.0392266,-1.8044235999999998,11.2580342
2026-01-01T19:36:12.007,18.7,44.3,0.0,-1.8044235999999998,11.2580342
2026-01-01T19:36:14.262,18.7,44.3,-0.0392266,-1.8436502,11.2580342
2026-01-01T19:36:16.521,18.7,44.2,0.0,-1.8044235999999998,11.2580342
2026-01-01T19:36:18.781,18.7,44.2,0.0,-1.8828768,11.2188076
2026-01-01T19:36:21.036,18.7,44.1,0.0,-1.8436502,11.2188076
2026-01-01T19:36:23.291,18.7,44.0,0.0392266,-1.8436502,11.2580342
2026-01-01T19:36:25.547,18.7,43.9,0.0,-1.8828768,11.2188076
2026-01-01T19:36:27.805,18.7,43.9,0.0,-1.8436502,11.2580342
2026-01-01T19:36:30.065,18.7,43.8,0.0,-1.8436502,11.2188076
2026-01-01T19:36:32.320,18.7,43.8,0.0,-1.765197,11.179581
2026-01-01T19:36:34.581,18.7,43.8,0.0,-1.8436502,11.2580342
2026-01-01T19:36:36.836,18.7,43.8,0.0,-1.8436502,11.2972608
2026-01-01T19:36:39.092,18.7,43.9,0.0,-1.8828768,11.3364874
2026-01-01T19:36:41.347,18.7,44.0,0.0392266,-1.8436502,11.2972608
2026-01-01T19:36:43.603,18.7,44.1,0.0,-1.8044235999999998,11.2580342
2026-01-01T19:36:45.859,18.7,44.2,0.0,-1.8436502,11.2188076
2026-01-01T19:36:48.115,18.7,44.2,0.0,-1.8828768,11.2580342
2026-01-01T19:36:50.371,18.7,44.3,0.0392266,-1.8436502,11.1403544
2026-01-01T19:36:52.626,18.7,44.4,0.0,-1.8044235999999998,11.2188076
2026-01-01T19:36:54.882,18.7,44.5,0.0,-1.8828768,11.375713999999999
2026-01-01T19:36:57.138,18.7,44.6,0.0392266,-1.8436502,11.2580342
2026-01-01T19:36:59.393,18.7,44.7,0.0,-1.8044235999999998,11.2580342
2026-01-01T19:37:01.649,18.7,44.7,0.0,-1.8436502,11.2188076
2026-01-01T19:37:03.905,18.7,44.8,0.0392266,-1.8436502,11.2972608
2026-01-01T19:37:06.160,18.6,44.8,0.0,-1.8044235999999998,11.2580342
2026-01-01T19:37:08.416,18.7,44.8,-0.0392266,-1.8436502,11.2972608
2026-01-01T19:37:10.672,,,0.0392266,-1.8436502,11.2188076
2026-01-01T19:37:12.928,18.6,44.8,0.0,-1.8044235999999998,11.1403544
2026-01-01T19:37:15.183,18.7,45.0,0.0,-1.8044235999999998,11.2188076
2026-01-01T19:37:17.439,18.7,44.9,0.0,-1.8436502,11.2188076
2026-01-01T19:37:19.695,18.7,45.0,0.0,-1.8044235999999998,11.2188076
2026-01-01T19:37:21.950,18.7,44.9,0.0,-1.8044235999999998,11.2188076
2026-01-01T19:37:24.206,18.7,44.9,0.0,-1.8436502,11.2188076
2026-01-01T19:37:26.462,18.7,44.9,0.0,-1.8436502,11.1403544
2026-01-01T19:37:28.717,18.7,44.9,0.0,-1.8436502,11.2188076
2026-01-01T19:37:30.973,18.7,45.0,0.0,-1.8436502,11.2188076
2026-01-01T19:37:33.229,18.7,45.0,0.0,-1.8436502,11.2188076
2026-01-01T19:37:35.484,18.7,45.0,-0.0392266,-1.8436502,11.2580342
2026-01-01T19:37:37.740,18.7,45.0,0.0,-1.8828768,11.2972608
2026-01-01T19:37:39.996,18.7,45.0,0.0392266,-1.8044235999999998,11.2580342
2026-01-01T19:37:42.251,18.7,44.9,0.0,-1.8436502,11.2188076
2026-01-01T19:37:44.507,18.7,44.8,0.0,-1.8436502,11.2972608
2026-01-01T19:37:46.763,18.7,44.7,0.0,-1.8828768,11.2188076
2026-01-01T19:37:49.019,18.7,44.7,0.0,-1.8044235999999998,11.2188076
2026-01-01T19:37:51.274,18.7,44.6,0.0,-1.8044235999999998,11.3364874
2026-01-01T19:37:53.530,18.7,44.5,0.0,-1.8436502,11.1403544
2026-01-01T19:37:55.786,18.7,44.5,-0.0392266,-1.8044235999999998,11.179581
2026-01-01T19:37:58.042,18.7,44.4,0.0,-1.8436502,11.2580342
2026-01-01T19:38:00.297,18.7,44.3,0.0,-1.8436502,11.2580342
2026-01-01T19:38:02.553,18.7,44.3,0.0,-1.8436502,11.2580342
2026-01-01T19:38:04.809,18.7,44.3,0.0,-1.8436502,11.2580342
2026-01-01T19:38:07.064,18.7,44.3,0.0,-1.8436502,11.2580342
2026-01-01T19:38:09.320,18.7,44.3,0.0,-1.8436502,11.2580342
2026-01-01T19:38:11.576,18.6,44.3,0.0,-1.8436502,11.2972608
2026-01-01T19:38:13.832,18.7,44.4,0.0,-1.8436502,11.2580342
2026-01-01T19:38:16.087,18.7,44.4,-0.0392266,-1.8436502,11.1011278
2026-01-01T19:38:18.343,18.6,44.3,0.0,-1.8436502,11.2188076
2026-01-01T19:38:20.599,18.6,44.2,0.0392266,-1.8436502,11.2972608
2026-01-01T19:38:22.855,18.6,44.2,0.0,-1.8044235999999998,11.2580342
2026-01-01T19:38:25.111,18.7,44.4,0.0,-1.8436502,11.2580342
2026-01-01T19:38:27.366,18.6,44.4,0.0,-1.8044235999999998,11.2972608
2026-01-01T19:38:29.622,18.7,44.5,0.0,-1.8436502,11.3364874
2026-01-01T19:38:31.878,18.6,44.6,0.0,-1.8436502,11.2580342
2026-01-01T19:38:34.134,18.6,44.6,0.0,-1.8436502,11.2188076
2026-01-01T19:38:36.390,18.6,44.5,0.0392266,-1.8828768,11.2972608
2026-01-01T19:38:38.645,18.6,44.5,0.0,-1.8828768,11.2580342
2026-01-01T19:38:40.901,18.7,44.5,0.0,-1.765197,11.2188076
2026-01-01T19:38:43.157,18.7,44.4,0.0,-1.8828768,11.2972608
2026-01-01T19:38:45.413,18.7,44.4,0.0,-1.8828768,11.2188076
2026-01-01T19:38:47.668,18.7,44.4,0.0,-1.8436502,11.2188076
2026-01-01T19:38:49.924,18.6,44.3,0.0,-1.8436502,11.2580342
2026-01-01T19:38:52.179,,,0.0,-1.8436502,11.179581
2026-01-01T19:38:54.435,18.7,44.3,0.0,-1.8044235999999998,11.2188076
2026-01-01T19:38:56.691,18.6,44.3,0.0,-1.8436502,11.2188076
2026-01-01T19:38:58.947,18.6,44.2,0.0,-1.8828768,11.2972608
2026-01-01T19:39:01.202,18.6,44.3,0.0,-1.8436502,11.2188076
2026-01-01T19:39:03.458,18.7,44.4,-0.0392266,-1.8436502,11.2188076
2026-01-01T19:39:05.714,18.7,44.4,0.0,-1.765197,11.2580342
2026-01-01T19:39:07.969,18.6,44.3,0.0,-1.8436502,11.179581
2026-01-01T19:39:10.225,18.7,44.4,0.0,-1.8044235999999998,11.179581
2026-01-01T19:39:12.481,18.6,44.4,0.0,-1.8044235999999998,11.2580342
2026-01-01T19:39:14.736,18.7,44.5,0.0,-1.8044235999999998,11.2580342
2026-01-01T19:39:16.992,18.6,44.5,0.0,-1.765197,11.179581
2026-01-01T19:39:19.248,18.7,44.6,0.0,-1.8044235999999998,11.2580342
2026-01-01T19:39:21.503,18.6,44.6,0.0,-1.8828768,11.2972608
2026-01-01T19:39:23.759,18.6,44.7,0.0,-1.8436502,11.2188076
2026-01-01T19:39:26.015,18.6,44.8,0.0,-1.8436502,11.2972608
2026-01-01T19:39:28.271,18.6,44.8,0.0,-1.8436502,11.2580342
2026-01-01T19:39:30.526,18.6,44.9,0.0,-1.8436502,11.2580342
2026-01-01T19:39:32.782,18.6,44.9,0.0,-1.8436502,11.2580342
2026-01-01T19:39:35.041,18.6,45.0,0.0,-1.765197,11.2188076
2026-01-01T19:39:37.296,18.6,45.1,0.0,-1.8828768,11.2580342
2026-01-01T19:39:39.552,18.6,45.1,0.0,-1.8044235999999998,11.2188076
2026-01-01T19:39:41.808,18.6,45.1,0.0,-1.8044235999999998,11.2188076
2026-01-01T19:39:44.064,18.6,45.2,-0.0392266,-1.8044235999999998,11.2580342
2026-01-01T19:39:46.319,18.6,45.2,0.0,-1.8436502,11.2580342
2026-01-01T19:39:48.575,18.6,45.3,0.0,-1.8044235999999998,11.179581
2026-01-01T19:39:50.831,18.6,45.3,0.0,-1.8436502,11.2972608
2026-01-01T19:39:53.087,18.6,45.3,0.0,-1.8828768,11.2188076
2026-01-01T19:39:55.342,18.6,45.3,0.0,-1.8044235999999998,11.2188076
2026-01-01T19:39:57.598,18.6,45.3,0.0,-1.8044235999999998,11.2580342
2026-01-01T19:39:59.854,18.6,45.2,0.0,-1.8044235999999998,11.2580342
2026-01-01T19:40:02.110,18.6,45.3,0.0,-1.8828768,11.2972608
2026-01-01T19:40:04.365,18.6,45.3,-0.0392266,-1.8436502,11.2188076
2026-01-01T19:40:06.621,18.7,45.3,0.0,-1.8044235999999998,11.2188076
2026-01-01T19:40:08.877,18.6,45.2,0.0,-1.8436502,11.2188076
2026-01-01T19:40:11.132,18.6,45.2,0.0,-1.8436502,11.2972608
2026-01-01T19:40:13.388,18.6,45.3,0.0,-1.8436502,11.2188076
2026-01-01T19:40:15.644,18.6,45.3,0.0,-1.8436502,11.2188076
2026-01-01T19:40:17.900,18.6,45.3,0.0392266,-1.8436502,11.2580342
2026-01-01T19:40:20.155,18.7,45.4,0.0392266,-1.8828768,11.2188076
2026-01-01T19:40:22.411,18.7,45.4,0.0,-1.8044235999999998,11.1403544
2026-01-01T19:40:24.667,18.6,45.3,0.0,-1.8828768,11.2580342
2026-01-01T19:40:26.922,18.6,45.4,0.0,-1.8436502,11.2580342
2026-01-01T19:40:29.178,18.6,45.3,0.0,-1.8436502,11.2188076
2026-01-01T19:40:31.433,18.7,45.4,0.0,-1.765197,11.2580342
2026-01-01T19:40:33.689,18.6,45.3,0.0,-1.8436502,11.2188076
2026-01-01T19:40:35.945,18.6,45.4,0.0,-1.8436502,11.2188076
2026-01-01T19:40:38.201,18.6,45.3,0.0,-1.8044235999999998,11.179581
2026-01-01T19:40:40.456,18.6,45.3,0.0,-1.8436502,11.2580342
2026-01-01T19:40:42.712,18.7,45.4,0.0,-1.8436502,11.2188076
2026-01-01T19:40:44.967,18.7,45.4,0.0,-1.8436502,11.2580342
2026-01-01T19:40:47.229,18.6,45.4,0.0,-1.8436502,11.2188076
2026-01-01T19:40:49.489,18.6,45.3,0.0,-1.8044235999999998,11.2580342
2026-01-01T19:40:51.749,18.7,45.4,0.0,-1.8436502,11.2580342
2026-01-01T19:40:54.009,18.6,45.3,0.0,-1.8436502,11.2188076
2026-01-01T19:40:56.269,18.6,45.4,0.0,-1.8044235999999998,11.179581
2026-01-01T19:40:58.524,18.6,45.3,0.0,-1.8828768,11.2972608
2026-01-01T19:41:00.780,18.6,45.3,0.0,-1.8436502,11.2580342
2026-01-01T19:41:03.041,18.7,45.4,0.0,-1.8436502,11.2188076
2026-01-01T19:41:05.301,18.6,45.3,0.0,-1.8044235999999998,11.2188076
2026-01-01T19:41:07.561,18.6,45.3,0.0,-1.8436502,11.179581
2026-01-01T19:41:09.821,18.6,45.3,0.0392266,-1.8828768,11.2580342
2026-01-01T19:41:12.076,18.6,45.3,0.0,-1.8436502,11.2188076
2026-01-01T19:41:14.332,18.6,45.3,0.0392266,-1.8828768,11.2188076
2026-01-01T19:41:16.588,18.6,45.3,0.0,-1.8436502,11.2972608
2026-01-01T19:41:18.843,18.6,45.3,0.0,-1.8044235999999998,11.2188076
2026-01-01T19:41:21.099,18.6,45.3,0.0,-1.8044235999999998,11.2972608
2026-01-01T19:41:23.356,18.6,45.3,0.0,-1.8436502,11.2580342
2026-01-01T19:41:25.612,18.6,45.3,0.0,-1.8436502,11.2580342
2026-01-01T19:41:27.868,18.6,45.3,0.0,-1.8044235999999998,11.2188076
2026-01-01T19:41:30.123,18.6,45.3,0.0,-1.8044235999999998,11.2188076
2026-01-01T19:41:32.379,18.6,45.3,0.0,-1.8436502,11.2580342
2026-01-01T19:41:34.635,18.6,45.3,-0.0392266,-1.8044235999999998,11.2972608
2026-01-01T19:41:36.890,18.6,45.4,0.0,-1.8828768,11.2972608
2026-01-01T19:41:39.146,18.6,45.3,0.0,-1.8436502,11.2580342
2026-01-01T19:41:41.402,18.6,45.3,0.0,-1.8436502,11.1403544
2026-01-01T19:41:43.658,18.6,45.3,0.0,-1.8436502,11.2580342
2026-01-01T19:41:45.913,18.6,45.4,-0.0392266,-1.8044235999999998,11.2188076
2026-01-01T19:41:48.169,18.6,45.3,0.0,-1.8044235999999998,11.1403544
2026-01-01T19:41:50.425,18.6,45.4,0.0392266,-1.8436502,11.2972608
2026-01-01T19:41:52.680,18.6,45.3,0.0,-1.8436502,11.2188076
2026-01-01T19:41:54.936,18.6,45.3,0.0,-1.765197,11.3364874
2026-01-01T19:41:57.192,18.6,45.3,0.0,-1.8436502,11.2580342
2026-01-01T19:41:59.448,18.6,45.3,0.0,-1.8828768,11.2188076
2026-01-01T19:42:01.703,18.6,45.3,0.0,-1.8828768,11.2580342
2026-01-01T19:42:03.959,18.6,45.3,0.0,-1.8436502,11.2580342
2026-01-01T19:42:06.215,18.6,45.3,0.0,-1.765197,11.2188076
2026-01-01T19:42:08.470,18.6,45.3,0.0392266,-1.8828768,11.2580342
2026-01-01T19:42:10.726,18.6,45.3,0.0392266,-1.8436502,11.2188076
2026-01-01T19:42:12.982,18.6,45.3,0.0,-1.8044235999999998,11.2188076
2026-01-01T19:42:15.238,18.6,45.3,0.0,-1.8436502,11.2972608
2026-01-01T19:42:17.493,18.6,45.3,0.0,-1.765197,11.2188076
2026-01-01T19:42:19.749,18.6,45.3,0.0,-1.8436502,11.2972608
2026-01-01T19:42:22.005,18.6,45.3,0.0,-1.8436502,11.2580342
2026-01-01T19:42:24.261,18.6,45.4,0.0,-1.8828768,11.2188076
2026-01-01T19:42:26.516,18.6,45.3,0.0,-1.8044235999999998,11.2972608
2026-01-01T19:42:28.772,18.6,45.3,0.0,-1.8436502,11.2580342
2026-01-01T19:42:31.028,18.6,45.4,0.0,-1.8044235999999998,11.2972608
2026-01-01T19:42:33.283,18.6,45.3,0.0,-1.8436502,11.2580342
2026-01-01T19:42:35.539,18.6,45.3,0.0392266,-1.8436502,11.2972608
2026-01-01T19:42:37.795,18.6,45.3,0.0,-1.8044235999999998,11.2580342
2026-01-01T19:42:40.050,18.6,45.3,0.0,-1.8436502,11.2188076
2026-01-01T19:42:42.306,18.7,45.4,0.0392266,-1.8828768,11.2580342
2026-01-01T19:42:44.562,18.6,45.4,0.0,-1.765197,11.179581
2026-01-01T19:42:46.817,18.6,45.3,-0.0392266,-1.8436502,11.2972608
2026-01-01T19:42:49.073,18.6,45.4,0.0,-1.8436502,11.179581
2026-01-01T19:42:51.329,18.6,45.4,0.0392266,-1.8436502,11.2188076
2026-01-01T19:42:53.585,18.6,45.3,0.0,-1.8436502,11.2188076
2026-01-01T19:42:55.840,18.6,45.3,0.0,-1.8044235999999998,11.179581
2026-01-01T19:42:58.096,18.6,45.3,0.0,-1.8436502,11.2580342
2026-01-01T19:43:00.352,18.6,45.3,0.0392266,-1.8044235999999998,11.2580342
2026-01-01T19:43:02.607,18.6,45.4,0.0,-1.8044235999999998,11.2188076
2026-01-01T19:43:04.863,18.6,45.4,0.0,-1.8044235999999998,11.2188076
2026-01-01T19:43:07.119,18.6,45.3,0.0,-1.8044235999999998,11.2188076
2026-01-01T19:43:09.375,18.6,45.3,0.0,-1.8044235999999998,11.179581
2026-01-01T19:43:11.630,18.6,45.4,0.0,-1.8436502,11.2580342
2026-01-01T19:43:13.886,18.6,45.3,0.0,-1.8828768,11.2188076
2026-01-01T19:43:16.142,18.6,45.3,0.0392266,-1.8044235999999998,11.2188076
2026-01-01T19:43:18.398,18.6,45.3,0.0,-1.8436502,11.2580342
2026-01-01T19:43:20.654,18.6,45.4,0.0,-1.8044235999999998,11.2580342
2026-01-01T19:43:22.910,18.6,45.4,0.0,-1.8436502,11.2188076
2026-01-01T19:43:25.165,18.6,45.4,0.0,-1.8436502,11.179581
2026-01-01T19:43:27.421,18.6,45.3,0.0,-1.8044235999999998,11.2188076
2026-01-01T19:43:29.676,18.6,45.3,0.0392266,-1.8436502,11.2972608
2026-01-01T19:43:31.932,18.6,45.3,0.0,-1.8828768,11.2188076
2026-01-01T19:43:34.188,18.6,45.4,-0.0392266,-1.8044235999999998,11.2188076
2026-01-01T19:43:36.444,18.7,45.4,0.0392266,-1.8828768,11.179581
2026-01-01T19:43:38.699,18.6,45.4,0.0,-1.8044235999999998,11.2188076
2026-01-01T19:43:40.955,18.6,45.4,0.0,-1.765197,11.2972608
2026-01-01T19:43:43.211,18.6,45.4,0.0,-1.8828768,11.2972608
2026-01-01T19:43:45.467,18.6,45.4,0.0392266,-1.8044235999999998,11.2188076
2026-01-01T19:43:47.722,18.6,45.4,0.0,-1.8828768,11.179581
2026-01-01T19:43:49.978,18.6,45.4,0.0,-1.8828768,11.2188076
2026-01-01T19:43:52.234,18.6,45.4,0.0392266,-1.8044235999999998,11.2580342
2026-01-01T19:43:54.490,18.6,45.4,0.0,-1.8044235999999998,11.2580342
2026-01-01T19:43:56.745,18.6,45.4,0.0,-1.8828768,11.179581
2026-01-01T19:43:59.001,18.6,45.4,0.0,-1.765197,11.179581
2026-01-01T19:44:01.257,18.6,45.4,0.0,-1.8044235999999998,11.2972608
2026-01-01T19:44:03.513,18.6,45.4,0.0,-1.8044235999999998,11.2188076
2026-01-01T19:44:05.768,18.6,45.4,0.0392266,-1.8436502,11.2972608
2026-01-01T19:44:08.024,18.6,45.5,0.0,-1.8436502,11.2188076
2026-01-01T19:44:10.279,18.6,45.5,0.0,-1.8044235999999998,11.2580342
2026-01-01T19:44:12.535,18.6,45.5,0.0,-1.8828768,11.3364874
2026-01-01T19:44:14.791,18.6,45.4,0.0,-1.8436502,11.179581
2026-01-01T19:44:17.047,18.6,45.5,0.0,-1.8044235999999998,11.179581
2026-01-01T19:44:19.302,18.6,45.4,0.0,-1.8828768,11.2972608
2026-01-01T19:44:21.558,18.6,45.4,0.0,-1.765197,11.2580342
2026-01-01T19:44:23.814,18.6,45.5,0.0,-1.8044235999999998,11.2580342
2026-01-01T19:44:26.069,18.6,45.5,0.0,-1.8044235999999998,11.2188076
2026-01-01T19:44:28.325,18.6,45.5,-0.0392266,-1.8436502,11.2580342
2026-01-01T19:44:30.581,18.6,45.4,0.0,-1.8044235999999998,11.2188076
2026-01-01T19:44:32.837,18.6,45.4,0.0,-1.8436502,11.2188076
2026-01-01T19:44:35.092,18.6,45.4,0.0,-1.8044235999999998,11.179581
2026-01-01T19:44:37.348,18.6,45.4,0.0,-1.8044235999999998,11.2188076
2026-01-01T19:44:39.604,18.6,45.4,0.0,-1.8436502,11.3364874
2026-01-01T19:44:41.860,18.6,45.4,0.0,-1.8044235999999998,11.2188076
2026-01-01T19:44:44.115,18.6,45.4,0.0,-1.8436502,11.2580342
2026-01-01T19:44:46.371,18.6,45.4,0.0,-1.8436502,11.179581
2026-01-01T19:44:48.627,18.6,45.4,0.0,-1.8044235999999998,11.2580342
2026-01-01T19:44:50.882,18.6,45.4,0.0,-1.765197,11.2972608
2026-01-01T19:44:53.138,18.6,45.4,0.0,-1.8044235999999998,11.2972608
2026-01-01T19:44:55.394,18.6,45.4,0.0,-1.8436502,11.2580342
2026-01-01T19:44:57.650,18.6,45.4,0.0392266,-1.8828768,11.179581
2026-01-01T19:44:59.906,18.6,45.4,0.0,-1.765197,11.179581
2026-01-01T19:45:02.161,18.7,45.5,0.0,-1.8436502,11.2188076
2026-01-01T19:45:04.417,18.6,45.4,0.0,-1.8044235999999998,11.2188076
2026-01-01T19:45:06.673,18.6,45.4,0.0,-1.8044235999999998,11.2972608
2026-01-01T19:45:08.929,18.6,45.4,0.0,-1.8828768,11.179581
2026-01-01T19:45:11.184,18.7,45.5,0.0,-1.8044235999999998,11.2580342
2026-01-01T19:45:13.440,18.6,45.5,0.0392266,-1.8828768,11.2580342
2026-01-01T19:45:15.696,18.6,45.4,0.0,-1.8044235999999998,11.2580342
2026-01-01T19:45:17.952,18.6,45.4,0.0,-1.8044235999999998,11.2188076
2026-01-01T19:45:20.208,18.6,45.4,0.0,-1.8436502,11.179581
2026-01-01T19:45:22.463,18.6,45.4,0.0,-1.8436502,11.2188076
2026-01-01T19:45:24.719,,,0.0,-1.8436502,11.2972608
2026-01-01T19:45:26.975,18.6,45.4,0.0,-1.8436502,11.1403544
2026-01-01T19:45:29.230,18.7,45.4,0.0,-1.8044235999999998,11.2580342
2026-01-01T19:45:31.486,18.7,45.4,0.0,-1.8436502,11.2972608
2026-01-01T19:45:33.742,18.6,45.4,0.0,-1.8044235999999998,11.2580342
2026-01-01T19:45:35.998,18.6,45.4,-0.0392266,-1.8044235999999998,11.2580342
2026-01-01T19:45:38.254,18.6,45.4,0.0392266,-1.8436502,11.2188076
2026-01-01T19:45:40.510,18.6,45.4,-0.0392266,-1.8044235999999998,11.2580342
2026-01-01T19:45:42.765,18.6,45.3,0.0,-1.8436502,11.2580342
2026-01-01T19:45:45.021,18.6,45.3,0.0392266,-1.8436502,11.2188076
2026-01-01T19:45:47.277,18.6,45.4,0.0,-1.8044235999999998,11.2188076
2026-01-01T19:45:49.533,18.6,45.4,0.0,-1.8436502,11.2972608
2026-01-01T19:45:51.789,18.6,45.4,0.0,-1.8044235999999998,11.179581
2026-01-01T19:45:54.044,18.6,45.4,0.0392266,-1.8436502,11.2580342
2026-01-01T19:45:56.300,18.6,45.4,0.0,-1.8828768,11.2972608
2026-01-01T19:45:58.556,18.6,45.4,0.0,-1.8436502,11.2188076
2026-01-01T19:46:00.811,18.6,45.5,0.0,-1.8828768,11.2188076
2026-01-01T19:46:03.067,18.6,45.5,-0.0392266,-1.8044235999999998,11.2188076
2026-01-01T19:46:05.323,18.6,45.5,0.0,-1.8828768,11.2972608
2026-01-01T19:46:07.579,18.6,45.4,0.0,-1.8436502,11.2972608
2026-01-01T19:46:09.834,18.6,45.4,0.0,-1.8044235999999998,11.2580342
2026-01-01T19:46:12.090,18.6,45.4,0.0,-1.8436502,11.2580342
2026-01-01T19:46:14.346,18.6,45.4,0.0,-1.8044235999999998,11.2188076
2026-01-01T19:46:16.601,18.6,45.3,0.0,-1.8436502,11.2580342
2026-01-01T19:46:18.857,18.6,45.3,0.0392266,-1.8828768,11.2580342
2026-01-01T19:46:21.113,18.6,45.4,0.0,-1.8044235999999998,11.179581
2026-01-01T19:46:23.369,18.6,45.4,0.0392266,-1.8044235999999998,11.2580342
2026-01-01T19:46:25.624,18.6,45.3,0.0,-1.8436502,11.179581
2026-01-01T19:46:27.880,18.6,45.3,0.0,-1.8044235999999998,11.2972608
2026-01-01T19:46:30.136,18.6,45.3,0.0,-1.765197,11.2580342
2026-01-01T19:46:32.391,18.6,45.3,0.0,-1.8436502,11.2188076
2026-01-01T19:46:34.647,18.6,45.3,0.0392266,-1.8044235999999998,11.2188076
2026-01-01T19:46:36.903,18.6,45.3,-0.0392266,-1.8436502,11.2580342
2026-01-01T19:46:39.159,18.6,45.4,0.0,-1.8436502,11.2188076
2026-01-01T19:46:41.415,18.6,45.3,0.0,-1.8828768,11.2580342
2026-01-01T19:46:43.670,18.6,45.3,0.0,-1.8436502,11.179581
2026-01-01T19:46:45.926,18.6,45.3,0.0,-1.8044235999999998,11.2580342
2026-01-01T19:46:48.182,18.6,45.3,0.0392266,-1.8436502,11.2972608
2026-01-01T19:46:50.438,18.6,45.3,0.0,-1.8044235999999998,11.2188076
2026-01-01T19:46:52.694,18.6,45.3,-0.0392266,-1.8436502,11.2580342
2026-01-01T19:46:54.949,18.6,45.4,0.0,-1.9221034,11.2972608
2026-01-01T19:46:57.205,18.6,45.3,0.0,-1.8044235999999998,11.2188076
2026-01-01T19:46:59.461,18.6,45.3,0.0,-1.8044235999999998,11.2580342
2026-01-01T19:47:01.716,18.6,45.4,0.0392266,-1.8436502,11.2580342
2026-01-01T19:47:03.972,18.6,45.3,0.0,-1.8436502,11.2580342
2026-01-01T19:47:06.228,18.6,45.3,0.0,-1.8436502,11.2188076
2026-01-01T19:47:08.483,18.7,45.4,0.0,-1.8044235999999998,11.2188076
2026-01-01T19:47:10.739,18.7,45.4,0.0,-1.8044235999999998,11.2188076
2026-01-01T19:47:12.995,18.6,45.4,0.0,-1.8436502,11.2580342
2026-01-01T19:47:15.250,18.6,45.4,0.0392266,-1.8436502,11.2188076
2026-01-01T19:47:17.506,18.6,45.4,0.0,-1.8436502,11.2188076
2026-01-01T19:47:19.762,18.6,45.4,0.0,-1.765197,11.179581
2026-01-01T19:47:22.018,18.6,45.4,0.0,-1.8436502,11.2972608
2026-01-01T19:47:24.273,18.6,45.5,0.0,-1.8436502,11.2580342
2026-01-01T19:47:26.529,18.6,45.5,0.0,-1.8828768,11.179581
2026-01-01T19:47:28.785,18.6,45.5,0.0,-1.8436502,11.2580342
2026-01-01T19:47:31.040,18.6,45.5,0.0,-1.8436502,11.2580342
2026-01-01T19:47:33.296,18.6,45.5,0.0,-1.8044235999999998,11.2188076
2026-01-01T19:47:35.552,18.6,45.5,0.0392266,-1.8044235999999998,11.2188076
2026-01-01T19:47:37.807,18.6,45.5,0.0,-1.8044235999999998,11.2188076
2026-01-01T19:47:40.063,18.6,45.5,0.0,-1.8828768,11.2580342
2026-01-01T19:47:42.319,18.6,45.6,0.0,-1.8436502,11.2580342
2026-01-01T19:47:44.575,18.6,45.6,0.0,-1.8436502,11.2972608
2026-01-01T19:47:46.831,18.6,45.6,0.0,-1.8436502,11.3364874
2026-01-01T19:47:49.086,18.7,45.7,0.0,-1.8044235999999998,11.2580342
2026-01-01T19:47:51.342,18.6,45.7,0.0,-1.8044235999999998,11.2580342
2026-01-01T19:47:53.598,18.6,45.7,0.0,-1.8044235999999998,11.2188076
2026-01-01T19:47:55.853,18.6,45.7,0.0,-1.8044235999999998,11.2188076
2026-01-01T19:47:58.109,18.6,45.7,0.0392266,-1.8436502,11.2188076
2026-01-01T19:48:00.365,18.6,45.7,-0.0392266,-1.8044235999999998,11.2580342
2026-01-01T19:48:02.621,18.6,45.7,0.0,-1.8436502,11.2188076
2026-01-01T19:48:04.876,18.7,45.7,0.0,-1.8436502,11.2580342
2026-01-01T19:48:07.132,18.6,45.7,0.0,-1.8436502,11.2580342
2026-01-01T19:48:09.388,18.6,45.6,0.0,-1.9221034,11.2188076
2026-01-01T19:48:11.643,18.6,45.6,0.0,-1.8828768,11.2580342
2026-01-01T19:48:13.899,18.6,45.6,0.0,-1.8828768,11.2188076
2026-01-01T19:48:16.155,18.6,45.6,0.0,-1.8044235999999998,11.2188076
2026-01-01T19:48:18.411,18.6,45.6,0.0,-1.8828768,11.2580342
2026-01-01T19:48:20.666,18.6,45.5,0.0,-1.8044235999999998,11.2580342
2026-01-01T19:48:22.922,18.6,45.6,0.0,-1.8436502,11.2580342
2026-01-01T19:48:25.178,18.6,45.6,0.0,-1.8436502,11.179581
2026-01-01T19:48:27.433,18.6,45.6,0.0,-1.765197,11.1403544
2026-01-01T19:48:29.689,18.6,45.6,0.0,-1.8828768,11.2188076
2026-01-01T19:48:31.945,18.6,45.6,0.0,-1.8436502,11.179581
2026-01-01T19:48:34.200,18.6,45.6,0.0392266,-1.8828768,11.2580342
2026-01-01T19:48:36.456,18.6,45.6,0.0,-1.8044235999999998,11.1011278
2026-01-01T19:48:38.712,18.6,45.6,0.0,-1.8436502,11.179581
2026-01-01T19:48:40.968,18.6,45.5,-0.0392266,-1.8044235999999998,11.1403544
2026-01-01T19:48:43.224,18.6,45.5,0.0,-1.8828768,11.2580342
2026-01-01T19:48:45.479,18.6,45.5,0.0392266,-1.9221034,11.179581
2026-01-01T19:48:47.735,18.6,45.4,0.0,-1.8436502,11.2188076
2026-01-01T19:48:49.991,18.6,45.4,0.0,-1.8828768,11.179581
2026-01-01T19:48:52.247,18.7,45.5,0.0,-1.8044235999999998,11.2188076
2026-01-01T19:48:54.502,18.6,45.5,0.0,-1.8044235999999998,11.2580342
2026-01-01T19:48:56.758,18.6,45.5,0.0392266,-1.8828768,11.2188076
2026-01-01T19:48:59.014,18.6,45.6,0.0,-1.8828768,11.2188076
2026-01-01T19:49:01.270,18.6,45.6,0.0,-1.8828768,11.2972608
2026-01-01T19:49:03.525,18.6,45.6,0.0,-1.8436502,11.179581
2026-01-01T19:49:05.781,18.6,45.4,0.0,-1.8828768,11.2972608
2026-01-01T19:49:08.037,18.6,45.4,0.0,-1.8828768,11.2972608
2026-01-01T19:49:10.292,18.6,45.4,0.0,-1.8044235999999998,11.2580342
2026-01-01T19:49:12.548,18.6,45.4,0.0,-1.8828768,11.2188076
2026-01-01T19:49:14.804,18.6,45.4,-0.0392266,-1.8436502,11.179581
2026-01-01T19:49:17.059,18.6,45.5,0.0392266,-1.8044235999999998,11.2188076
2026-01-01T19:49:19.315,18.6,45.6,0.0,-1.8044235999999998,11.179581
2026-01-01T19:49:21.571,18.6,45.6,0.0,-1.8436502,11.2972608
2026-01-01T19:49:23.826,18.6,45.6,0.0,-1.8436502,11.2188076
2026-01-01T19:49:26.082,18.6,45.6,0.0,-1.8044235999999998,11.2188076
2026-01-01T19:49:28.337,18.6,45.7,0.0,-1.8436502,11.2188076
2026-01-01T19:49:30.593,18.6,45.6,-0.0392266,-1.8436502,11.2188076
2026-01-01T19:49:32.849,18.6,45.6,0.0,-1.8044235999999998,11.2188076
2026-01-01T19:49:35.105,18.6,45.6,0.0,-1.8436502,11.2580342
2026-01-01T19:49:37.360,18.6,45.7,0.0,-1.8436502,11.2188076
2026-01-01T19:49:39.616,18.6,45.7,-0.0392266,-1.8436502,11.179581
2026-01-01T19:49:41.877,18.6,45.7,0.0,-1.8436502,11.179581
2026-01-01T19:49:44.132,18.6,45.7,-0.0392266,-1.8044235999999998,11.179581
2026-01-01T19:49:46.388,18.6,45.8,0.0,-1.8828768,11.2188076
2026-01-01T19:49:48.643,18.6,45.8,0.0,-1.8828768,11.179581
2026-01-01T19:49:50.901,18.6,45.8,0.0,-1.8436502,11.2580342
2026-01-01T19:49:53.156,18.6,45.8,0.0,-1.8436502,11.2188076
2026-01-01T19:49:55.417,18.6,45.7,0.0,-1.8828768,11.179581
2026-01-01T19:49:57.677,18.6,45.7,0.0,-1.8436502,11.1403544
2026-01-01T19:49:59.932,18.6,45.7,0.0,-1.8436502,11.2188076
2026-01-01T19:50:02.193,18.6,45.7,0.0,-1.8436502,11.2580342
2026-01-01T19:50:04.453,18.7,45.8,-0.0392266,-1.765197,11.1403544
2026-01-01T19:50:06.713,18.6,45.6,0.0,-1.8436502,11.179581
2026-01-01T19:50:08.973,18.6,45.6,0.0,-1.8044235999999998,11.2972608
2026-01-01T19:50:11.233,18.6,45.6,0.0,-1.8436502,11.2188076
2026-01-01T19:50:13.493,18.6,45.6,0.0,-1.8044235999999998,11.2188076
2026-01-01T19:50:15.753,18.6,45.6,0.0,-1.8436502,11.2580342
2026-01-01T19:50:18.013,18.6,45.6,0.0,-1.8436502,11.1403544
2026-01-01T19:50:20.268,18.6,45.6,0.0,-1.8436502,11.2188076
2026-01-01T19:50:22.524,18.6,45.6,0.0,-1.8436502,11.2972608
2026-01-01T19:50:24.780,18.6,45.6,-0.0392266,-1.8436502,11.179581
2026-01-01T19:50:27.035,18.6,45.6,0.0,-1.8436502,11.2188076
2026-01-01T19:50:29.291,18.6,45.6,0.0,-1.8044235999999998,11.2580342
2026-01-01T19:50:31.547,18.6,45.6,0.0,-1.8436502,11.2188076
2026-01-01T19:50:33.802,18.6,45.7,0.0,-1.8044235999999998,11.179581
2026-01-01T19:50:36.058,18.6,45.7,-0.0392266,-1.8436502,11.179581
2026-01-01T19:50:38.314,18.6,45.7,-0.0392266,-1.8436502,11.179581
2026-01-01T19:50:40.570,18.6,45.7,0.0,-1.8436502,11.179581
2026-01-01T19:50:42.825,18.6,45.7,0.0,-1.9221034,11.2188076
2026-01-01T19:50:45.081,18.6,45.7,0.0,-1.8436502,11.2580342
2026-01-01T19:50:47.337,18.6,45.7,0.0,-1.8828768,11.179581
2026-01-01T19:50:49.593,18.7,45.9,0.0,-1.8044235999999998,11.1011278
2026-01-01T19:50:51.848,18.6,45.7,0.0,-1.8436502,11.2188076
2026-01-01T19:50:54.104,18.6,45.8,0.0,-1.8436502,11.2188076
2026-01-01T19:50:56.361,18.6,45.8,0.0,-1.8436502,11.2188076
2026-01-01T19:50:58.621,18.6,45.8,0.0,-1.8828768,11.2580342
2026-01-01T19:51:00.876,18.6,45.8,-0.0392266,-1.8436502,11.179581
2026-01-01T19:51:03.131,18.6,45.9,0.0,-1.8436502,11.2580342
2026-01-01T19:51:05.393,18.6,45.9,0.0,-1.8436502,11.2580342
2026-01-01T19:51:07.653,18.6,45.9,0.0,-1.8436502,11.179581
2026-01-01T19:51:09.908,18.6,45.9,0.0,-1.8044235999999998,11.2580342
2026-01-01T19:51:12.163,18.6,45.9,0.0,-1.8828768,11.2972608
2026-01-01T19:51:14.425,18.6,45.9,0.0,-1.8436502,11.2188076
2026-01-01T19:51:16.685,18.6,45.9,0.0,-1.8436502,11.179581
2026-01-01T19:51:18.945,18.6,45.9,-0.0392266,-1.8044235999999998,11.2972608
2026-01-01T19:51:21.205,18.6,45.9,0.0,-1.8436502,11.2188076
2026-01-01T19:51:23.465,18.6,45.9,0.0,-1.8044235999999998,11.2580342
2026-01-01T19:51:25.720,18.6,45.9,0.0,-1.8436502,11.2972608
2026-01-01T19:51:27.981,18.6,45.9,0.0,-1.8828768,11.1403544
2026-01-01T19:51:30.241,18.6,45.9,0.0,-1.8044235999999998,11.2188076
2026-01-01T19:51:32.501,18.6,45.9,0.0,-1.8436502,11.2580342
2026-01-01T19:51:34.761,18.6,45.8,0.0,-1.8436502,11.2580342
2026-01-01T19:51:37.021,18.6,45.8,0.0,-1.8436502,11.1403544
2026-01-01T19:51:39.276,18.6,45.8,0.0,-1.8828768,11.2188076
2026-01-01T19:51:41.532,18.6,43.9,0.0,-1.8436502,11.2580342
2026-01-01T19:51:43.788,18.6,45.6,0.0,-1.9221034,11.2580342
2026-01-01T19:51:46.043,18.6,45.5,-0.0392266,-1.8436502,11.179581
2026-01-01T19:51:48.299,18.6,45.5,0.0,-1.8436502,11.179581
2026-01-01T19:51:50.555,18.6,45.5,0.0,-1.8044235999999998,11.2188076
2026-01-01T19:51:52.810,18.6,45.5,0.0,-1.8828768,11.2188076
2026-01-01T19:51:55.066,18.6,45.6,0.0,-1.8828768,11.2580342
2026-01-01T19:51:57.322,18.6,45.6,0.0392266,-1.8436502,11.2188076
2026-01-01T19:51:59.578,18.6,45.6,0.0,-1.8828768,11.2580342
2026-01-01T19:52:01.833,18.6,45.6,0.0,-1.8436502,11.1403544
2026-01-01T19:52:04.089,18.6,45.6,0.0,-1.8044235999999998,11.179581
2026-01-01T19:52:06.345,18.6,45.6,-0.0392266,-1.8828768,11.2188076
2026-01-01T19:52:08.601,18.6,45.6,-0.0392266,-1.8436502,11.2972608
2026-01-01T19:52:10.856,18.6,45.6,0.0,-1.8436502,11.2188076
2026-01-01T19:52:13.112,18.6,45.6,0.0,-1.8436502,11.2188076
2026-01-01T19:52:15.368,18.6,45.6,0.0,-1.8828768,11.2580342
2026-01-01T19:52:17.624,18.6,45.7,0.0,-1.8436502,11.1011278
2026-01-01T19:52:19.879,18.6,45.7,0.0,-1.9221034,11.2188076
2026-01-01T19:52:22.135,18.6,45.7,0.0,-1.8436502,11.179581
2026-01-01T19:52:24.391,18.6,45.8,0.0,-1.8044235999999998,11.2580342
2026-01-01T19:52:26.646,18.6,45.8,0.0,-1.8828768,11.2188076
2026-01-01T19:52:28.902,18.6,45.8,0.0,-1.8044235999999998,11.1011278
2026-01-01T19:52:31.158,18.6,45.8,0.0,-1.8044235999999998,11.2188076
2026-01-01T19:52:33.414,18.6,45.9,0.0,-1.8828768,11.2188076
2026-01-01T19:52:35.669,18.6,45.9,0.0,-1.8828768,11.2188076
2026-01-01T19:52:37.925,18.6,45.9,0.0,-1.8828768,11.2188076
2026-01-01T19:52:40.181,18.6,45.9,0.0,-1.8828768,11.1403544
2026-01-01T19:52:42.436,18.6,45.9,0.0392266,-1.8828768,11.2580342
2026-01-01T19:52:44.692,18.7,46.0,0.0,-1.8828768,11.2580342
2026-01-01T19:52:46.948,18.6,45.9,0.0,-1.8828768,11.2188076
2026-01-01T19:52:49.203,18.6,45.9,0.0,-1.8828768,11.1403544
2026-01-01T19:52:51.459,18.7,46.0,-0.0392266,-1.8436502,11.2188076
2026-01-01T19:52:53.715,18.6,45.9,0.0,-1.8044235999999998,11.1403544
2026-01-01T19:52:55.971,18.6,45.9,0.0,-1.8044235999999998,11.179581
2026-01-01T19:52:58.226,18.6,45.9,0.0,-1.8436502,11.2580342
2026-01-01T19:53:00.482,18.6,45.8,0.0,-1.8828768,11.2580342
2026-01-01T19:53:02.738,18.6,45.7,0.0,-1.8436502,11.2188076
2026-01-01T19:53:04.993,18.6,45.6,0.0,-1.8436502,11.2188076
2026-01-01T19:53:07.249,18.6,45.7,0.0,-1.8436502,11.179581
2026-01-01T19:53:09.505,18.6,45.8,0.0,-1.8436502,11.2188076
2026-01-01T19:53:11.761,18.6,45.8,0.0,-1.8436502,11.179581
2026-01-01T19:53:14.016,18.6,45.9,0.0,-1.8436502,11.2188076
2026-01-01T19:53:16.272,18.6,45.9,0.0,-1.8436502,11.2972608
2026-01-01T19:53:18.528,18.6,45.9,0.0,-1.8436502,11.179581
2026-01-01T19:53:20.784,18.6,45.9,0.0,-1.8828768,11.2972608
2026-01-01T19:53:23.040,18.6,45.9,-0.0392266,-1.8436502,11.179581
2026-01-01T19:53:25.295,18.6,46.0,0.0,-1.8828768,11.2188076
2026-01-01T19:53:27.551,18.6,45.9,0.0,-1.8828768,11.2188076
2026-01-01T19:53:29.807,18.6,45.8,0.0,-1.8044235999999998,11.2188076
2026-01-01T19:53:32.063,18.6,45.8,0.0,-1.8828768,11.2580342
2026-01-01T19:53:34.318,18.6,45.8,0.0,-1.8436502,11.179581
2026-01-01T19:53:36.574,18.6,45.8,0.0,-1.8828768,11.179581
2026-01-01T19:53:38.830,18.6,45.8,0.0,-1.8044235999999998,11.179581
2026-01-01T19:53:41.085,18.6,45.9,0.0,-1.8044235999999998,11.2580342
2026-01-01T19:53:43.341,18.6,45.8,-0.0392266,-1.8436502,11.1011278
2026-01-01T19:53:45.597,18.6,45.9,-0.0392266,-1.8044235999999998,11.2580342
2026-01-01T19:53:47.852,18.6,45.9,0.0,-1.8828768,11.179581
2026-01-01T19:53:50.108,18.6,45.9,0.0,-1.8436502,11.1011278
2026-01-01T19:53:52.364,18.6,45.9,0.0,-1.8436502,11.2188076
2026-01-01T19:53:54.620,18.6,45.9,-0.0392266,-1.8044235999999998,11.2188076
2026-01-01T19:53:56.875,18.6,45.9,0.0,-1.8436502,11.179581
2026-01-01T19:53:59.131,18.6,45.9,0.0,-1.8828768,11.2580342
2026-01-01T19:54:01.386,18.6,45.9,0.0,-1.8044235999999998,11.2188076
2026-01-01T19:54:03.642,18.6,45.9,0.0392266,-1.8436502,11.2188076
2026-01-01T19:54:05.898,18.6,45.9,-0.0392266,-1.8044235999999998,11.2188076
2026-01-01T19:54:08.154,18.6,45.9,0.0,-1.8828768,11.2580342
2026-01-01T19:54:10.410,18.6,45.9,0.0,-1.8436502,11.179581
2026-01-01T19:54:12.666,18.6,45.9,0.0,-1.8828768,11.2580342
2026-01-01T19:54:14.921,18.6,45.9,0.0,-1.8436502,11.179581
2026-01-01T19:54:17.177,18.6,46.0,0.0,-1.8436502,11.179581
2026-01-01T19:54:19.432,18.6,45.9,0.0,-1.8436502,11.2580342
2026-01-01T19:54:21.688,18.6,45.9,0.0,-1.8436502,11.2580342
2026-01-01T19:54:23.943,18.6,45.8,0.0392266,-1.8436502,11.179581
2026-01-01T19:54:26.199,18.6,45.7,0.0,-1.8436502,11.2188076
2026-01-01T19:54:28.455,18.6,45.5,0.0,-1.8828768,11.2580342
2026-01-01T19:54:30.710,18.6,45.4,-0.0392266,-1.8436502,11.2188076
2026-01-01T19:54:32.966,18.6,45.3,0.0,-1.8044235999999998,11.2188076
2026-01-01T19:54:35.222,18.6,45.3,0.0,-1.8436502,11.179581
2026-01-01T19:54:37.477,18.6,45.4,0.0,-1.8828768,11.179581
2026-01-01T19:54:39.733,18.6,45.4,0.0,-1.8828768,11.2188076
2026-01-01T19:54:41.989,18.6,45.4,-0.0392266,-1.8436502,11.1403544
2026-01-01T19:54:44.244,18.6,45.4,0.0,-1.8436502,11.2580342
2026-01-01T19:54:46.500,18.6,45.5,0.0,-1.8828768,11.2188076
2026-01-01T19:54:48.756,18.6,45.6,-0.0392266,-1.8436502,11.179581
2026-01-01T19:54:51.012,18.6,45.7,0.0,-1.8828768,11.2580342
2026-01-01T19:54:53.267,18.6,45.7,0.0,-1.8436502,11.179581
2026-01-01T19:54:55.523,18.6,45.7,-0.0392266,-1.8436502,11.179581
2026-01-01T19:54:57.779,18.6,45.8,0.0,-1.8436502,11.2188076
2026-01-01T19:55:00.034,18.6,45.9,-0.0392266,-1.8044235999999998,11.179581
2026-01-01T19:55:02.290,18.6,45.9,0.0,-1.8436502,11.2580342
2026-01-01T19:55:04.546,18.6,45.9,0.0,-1.8436502,11.2188076
2026-01-01T19:55:06.802,18.6,45.9,-0.0392266,-1.8436502,11.179581
2026-01-01T19:55:09.057,18.6,45.9,0.0,-1.8828768,11.2188076
2026-01-01T19:55:11.313,18.6,45.9,0.0,-1.8044235999999998,11.2188076
2026-01-01T19:55:13.571,18.6,45.9,0.0,-1.8044235999999998,11.2188076
2026-01-01T19:55:15.826,18.6,45.9,0.0,-1.8436502,11.179581
2026-01-01T19:55:18.085,18.6,45.9,0.0,-1.8436502,11.2188076
2026-01-01T19:55:20.345,18.6,46.0,0.0,-1.8436502,11.179581
2026-01-01T19:55:22.605,18.6,46.0,0.0,-1.8436502,11.2580342
2026-01-01T19:55:24.865,18.6,46.0,0.0,-1.8828768,11.1403544
2026-01-01T19:55:27.125,18.6,46.0,0.0,-1.8044235999999998,11.179581
2026-01-01T19:55:29.385,18.7,46.1,0.0,-1.9221034,11.2188076
2026-01-01T19:55:31.645,18.6,46.0,0.0,-1.8436502,11.179581
2026-01-01T19:55:33.901,18.6,46.0,0.0,-1.8044235999999998,11.179581
2026-01-01T19:55:36.156,18.6,46.1,0.0,-1.8436502,11.2580342
2026-01-01T19:55:38.412,18.6,46.1,0.0,-1.8436502,11.2188076
2026-01-01T19:55:40.668,18.6,46.1,0.0,-1.9221034,11.2188076
2026-01-01T19:55:42.923,18.6,46.1,0.0,-1.8436502,11.179581
2026-01-01T19:55:45.179,18.7,46.2,0.0,-1.8436502,11.2580342
2026-01-01T19:55:47.435,18.6,46.1,0.0,-1.8044235999999998,11.179581
2026-01-01T19:55:49.690,18.6,46.1,0.0,-1.8436502,11.2580342
2026-01-01T19:55:51.946,18.7,46.2,0.0,-1.9221034,11.2188076
2026-01-01T19:55:54.202,18.7,46.2,0.0,-1.8828768,11.179581
2026-01-01T19:55:56.457,18.7,46.1,0.0,-1.8828768,11.179581
2026-01-01T19:55:58.713,18.6,46.0,0.0,-1.8436502,11.179581
2026-01-01T19:56:00.969,18.7,45.9,0.0392266,-1.8436502,11.2188076
2026-01-01T19:56:03.225,18.7,46.0,0.0,-1.8828768,11.2188076
2026-01-01T19:56:05.481,18.7,46.0,0.0,-1.8044235999999998,11.179581
2026-01-01T19:56:07.736,18.7,46.0,0.0,-1.8828768,11.179581
2026-01-01T19:56:09.992,18.7,46.0,0.0,-1.8044235999999998,11.2188076
2026-01-01T19:56:12.248,18.6,46.0,0.0,-1.8828768,11.2580342
2026-01-01T19:56:14.504,18.6,46.0,0.0,-1.8828768,11.1403544
2026-01-01T19:56:16.760,18.6,46.0,0.0,-1.8828768,11.179581
2026-01-01T19:56:19.015,18.7,46.1,0.0,-1.8436502,11.179581
2026-01-01T19:56:21.271,18.6,46.0,0.0,-1.8436502,11.2580342
2026-01-01T19:56:23.527,18.6,46.0,0.0,-1.8828768,11.2580342
2026-01-01T19:56:25.783,18.6,46.0,0.0,-1.8436502,11.2972608
2026-01-01T19:56:28.038,18.6,46.0,-0.0392266,-1.9221034,11.2188076
2026-01-01T19:56:30.294,18.7,46.1,0.0,-1.8436502,11.1403544
2026-01-01T19:56:32.550,18.7,46.1,0.0,-1.8828768,11.2580342
2026-01-01T19:56:34.805,18.6,46.0,0.0,-1.8436502,11.2188076
2026-01-01T19:56:37.061,18.6,45.9,-0.0392266,-1.8828768,11.2580342
2026-01-01T19:56:39.316,18.7,46.0,0.0,-1.8828768,11.2188076
2026-01-01T19:56:41.572,18.7,46.1,0.0,-1.765197,11.2580342
2026-01-01T19:56:43.828,18.6,46.0,0.0,-1.8828768,11.2972608
2026-01-01T19:56:46.084,18.7,46.1,0.0,-1.8436502,11.2972608
2026-01-01T19:56:48.339,18.6,46.0,0.0,-1.8436502,11.2972608
2026-01-01T19:56:50.595,18.6,46.0,0.0,-1.8436502,11.1403544
2026-01-01T19:56:52.851,18.6,46.0,0.0,-1.8436502,11.2188076
2026-01-01T19:56:55.106,18.7,46.1,0.0,-1.8436502,11.2580342
2026-01-01T19:56:57.362,18.7,46.1,0.0392266,-1.8828768,11.179581
2026-01-01T19:56:59.618,18.6,46.0,0.0,-1.8436502,11.1403544
2026-01-01T19:57:01.874,18.7,46.1,0.0,-1.8436502,11.2580342
2026-01-01T19:57:04.129,18.7,46.1,-0.0392266,-1.8436502,11.179581
2026-01-01T19:57:06.385,18.6,46.0,0.0,-1.8828768,11.2972608
2026-01-01T19:57:08.641,18.6,46.0,0.0,-1.8436502,11.2580342
2026-01-01T19:57:10.897,18.7,46.1,0.0,-1.8436502,11.2188076
2026-01-01T19:57:13.153,18.6,46.1,0.0,-1.8436502,11.1403544
2026-01-01T19:57:15.408,18.7,46.1,0.0,-1.8828768,11.2580342
2026-01-01T19:57:17.664,18.6,46.1,0.0,-1.8828768,11.2188076
2026-01-01T19:57:19.920,18.6,46.0,0.0,-1.8436502,11.2188076
2026-01-01T19:57:22.176,18.7,46.1,0.0,-1.8436502,11.2580342
2026-01-01T19:57:24.431,18.6,46.1,0.0,-1.8044235999999998,11.2188076
2026-01-01T19:57:26.686,18.7,46.1,0.0,-1.8828768,11.2580342
2026-01-01T19:57:28.942,,,0.0,-1.8828768,11.2188076
2026-01-01T19:57:31.198,18.7,46.2,0.0,-1.8044235999999998,11.179581
2026-01-01T19:57:33.454,18.7,46.2,0.0,-1.8436502,11.179581
2026-01-01T19:57:35.709,18.7,46.2,-0.0392266,-1.8044235999999998,11.179581
2026-01-01T19:57:37.965,18.7,46.3,0.0,-1.8436502,11.2188076
2026-01-01T19:57:40.221,18.7,46.3,0.0,-1.8436502,11.179581
2026-01-01T19:57:42.476,18.7,46.3,0.0392266,-1.8436502,11.2188076
2026-01-01T19:57:44.732,18.7,46.3,0.0,-1.8044235999999998,11.2188076
2026-01-01T19:57:46.988,18.7,46.3,0.0,-1.8436502,11.2188076
2026-01-01T19:57:49.243,18.7,46.3,0.0,-1.8436502,11.2188076
2026-01-01T19:57:51.499,18.7,46.3,0.0,-1.8828768,11.2972608
2026-01-01T19:57:53.755,18.6,46.3,0.0,-1.8436502,11.1011278
2026-01-01T19:57:56.011,18.7,46.3,0.0,-1.8436502,11.179581
2026-01-01T19:57:58.266,18.7,46.4,0.0,-1.8828768,11.179581
2026-01-01T19:58:00.522,18.7,46.4,0.0,-1.8436502,11.2188076
2026-01-01T19:58:02.778,18.7,46.4,0.0,-1.8436502,11.2972608
2026-01-01T19:58:05.034,18.6,46.3,-0.0392266,-1.8436502,11.179581
2026-01-01T19:58:07.289,18.7,46.3,0.0,-1.9221034,11.2580342
2026-01-01T19:58:09.545,18.7,46.2,0.0,-1.8436502,11.179581
2026-01-01T19:58:11.801,18.7,46.1,0.0,-1.8828768,11.179581
2026-01-01T19:58:14.057,18.7,46.1,0.0,-1.8436502,11.1403544
2026-01-01T19:58:16.313,18.7,46.1,0.0392266,-1.8828768,11.2188076
2026-01-01T19:58:18.569,18.7,46.2,0.0,-1.8044235999999998,11.1011278
2026-01-01T19:58:20.824,18.7,46.2,0.0392266,-1.9221034,11.2188076
2026-01-01T19:58:23.080,18.7,46.2,0.0,-1.8436502,11.2188076
2026-01-01T19:58:25.336,18.7,46.2,0.0392266,-1.8044235999999998,11.2188076
2026-01-01T19:58:27.591,18.7,46.3,0.0,-1.8044235999999998,11.1403544
2026-01-01T19:58:29.847,18.7,46.3,0.0,-1.8828768,11.2580342
2026-01-01T19:58:32.103,18.7,46.3,0.0,-1.8436502,11.179581
2026-01-01T19:58:34.359,18.7,46.2,-0.0392266,-1.8436502,11.2188076
2026-01-01T19:58:36.615,18.7,46.2,0.0,-1.8828768,11.2188076
2026-01-01T19:58:38.870,18.7,46.2,-0.0392266,-1.8436502,11.179581
2026-01-01T19:58:41.129,18.7,46.2,0.0,-1.8828768,11.2188076
2026-01-01T19:58:43.384,18.7,46.2,0.0,-1.8436502,11.2188076
2026-01-01T19:58:45.645,18.7,46.2,-0.0392266,-1.8044235999999998,11.179581
2026-01-01T19:58:47.905,18.7,46.2,0.0392266,-1.8828768,11.2188076
2026-01-01T19:58:50.160,18.7,46.2,0.0,-1.8436502,11.179581
2026-01-01T19:58:52.416,18.7,46.2,0.0,-1.8436502,11.2580342
2026-01-01T19:58:54.671,18.6,46.2,0.0,-1.8436502,11.2188076
2026-01-01T19:58:56.926,18.7,46.2,0.0,-1.8828768,11.2188076
2026-01-01T19:58:59.185,18.7,46.2,0.0,-1.8436502,11.2580342
2026-01-01T19:59:01.440,18.7,46.1,0.0,-1.8828768,11.2580342
2026-01-01T19:59:03.701,18.7,46.0,0.0,-1.8044235999999998,11.2188076
2026-01-01T19:59:05.956,18.7,46.0,0.0392266,-1.8436502,11.179581
2026-01-01T19:59:08.211,18.7,46.0,0.0,-1.8436502,11.2580342
2026-01-01T19:59:10.467,18.7,46.1,0.0,-1.8436502,11.179581
2026-01-01T19:59:12.725,18.7,46.1,0.0,-1.8828768,11.3364874
2026-01-01T19:59:14.980,18.7,46.1,0.0,-1.8436502,11.2580342
2026-01-01T19:59:17.235,18.7,46.1,0.0392266,-1.8828768,11.2188076
2026-01-01T19:59:19.491,18.7,46.1,0.0,-1.8436502,11.2188076
2026-01-01T19:59:21.749,18.7,46.0,0.0,-1.8044235999999998,11.2972608
2026-01-01T19:59:24.009,18.7,45.9,0.0,-1.8436502,11.2580342
2026-01-01T19:59:26.264,18.7,45.9,-0.0784532,-1.8044235999999998,11.2188076
2026-01-01T19:59:28.525,18.7,45.9,0.0,-1.8828768,11.2188076
2026-01-01T19:59:30.785,18.7,46.0,0.0392266,-1.8436502,11.2580342
2026-01-01T19:59:33.045,18.7,46.0,0.0,-1.8044235999999998,11.2188076
2026-01-01T19:59:35.300,18.7,46.1,0.0,-1.8436502,11.2580342
2026-01-01T19:59:37.561,18.7,46.1,-0.0392266,-1.8044235999999998,11.179581
2026-01-01T19:59:39.821,18.7,46.2,0.0,-1.8436502,11.2188076
2026-01-01T19:59:42.081,18.7,46.2,0.0,-1.8436502,11.1403544
2026-01-01T19:59:44.336,18.7,46.2,0.0,-1.8436502,11.2580342
2026-01-01T19:59:46.597,18.7,46.2,0.0,-1.8436502,11.2580342
2026-01-01T19:59:48.857,18.7,46.2,-0.0392266,-1.8436502,11.2580342
2026-01-01T19:59:51.112,18.7,46.2,0.0,-1.8436502,11.2188076
2026-01-01T19:59:53.373,18.7,46.2,-0.0392266,-1.8436502,11.1403544
2026-01-01T19:59:55.628,18.7,46.2,0.0,-1.8828768,11.179581
2026-01-01T19:59:57.883,18.7,46.3,0.0,-1.8436502,11.2188076
2026-01-01T20:00:00.139,18.7,46.3,-0.0392266,-1.8044235999999998,11.2972608
2026-01-01T20:00:02.395,18.7,46.3,0.0,-1.8436502,11.2972608
2026-01-01T20:00:04.651,18.7,46.3,0.0,-1.8436502,11.2580342
2026-01-01T20:00:06.907,18.7,46.3,0.0,-1.8828768,11.2972608
2026-01-01T20:00:09.162,18.7,46.3,0.0,-1.8828768,11.2188076
2026-01-01T20:00:11.418,18.7,46.3,0.0,-1.8436502,11.2188076
2026-01-01T20:00:13.674,18.7,46.3,-0.0392266,-1.8436502,11.2188076
2026-01-01T20:00:15.930,18.7,46.3,0.0,-1.8828768,11.2580342
2026-01-01T20:00:18.186,18.7,46.3,0.0,-1.8436502,11.2188076
2026-01-01T20:00:20.441,18.7,46.3,-0.0392266,-1.8044235999999998,11.1011278
2026-01-01T20:00:22.701,18.7,46.2,-0.0392266,-1.8828768,11.2580342
2026-01-01T20:00:24.961,18.7,46.2,0.0,-1.8436502,11.2188076
2026-01-01T20:00:27.221,18.7,46.2,0.0,-1.8828768,11.2188076
2026-01-01T20:00:29.481,18.7,46.1,0.0,-1.8436502,11.2188076
2026-01-01T20:00:31.741,18.6,46.1,0.0,-1.8436502,11.2972608
2026-01-01T20:00:34.001,18.7,46.2,0.0,-1.8436502,11.179581
2026-01-01T20:00:36.261,18.7,46.2,0.0,-1.8828768,11.2188076
2026-01-01T20:00:38.516,18.7,46.2,-0.0392266,-1.8828768,11.2972608
2026-01-01T20:00:40.777,18.7,46.2,0.0392266,-1.8436502,11.179581
2026-01-01T20:00:43.037,18.7,46.2,0.0,-1.8436502,11.2972608
2026-01-01T20:00:45.292,18.7,46.3,0.0,-1.8436502,11.2580342
2026-01-01T20:00:47.553,18.7,46.3,0.0,-1.8436502,11.2580342
2026-01-01T20:00:49.808,18.7,46.3,0.0,-1.8044235999999998,11.2188076
2026-01-01T20:00:52.069,18.7,46.3,0.0,-1.8436502,11.2188076
2026-01-01T20:00:54.325,18.7,46.3,0.0,-1.765197,11.2188076
2026-01-01T20:00:56.585,18.7,46.3,0.0,-1.8436502,11.2580342
2026-01-01T20:00:58.845,18.7,46.3,0.0,-1.8828768,11.2188076
2026-01-01T20:01:01.100,18.7,46.3,0.0,-1.8044235999999998,11.179581
2026-01-01T20:01:03.361,18.7,46.3,-0.0392266,-1.8436502,11.2580342
2026-01-01T20:01:05.616,18.7,46.3,0.0,-1.8436502,11.2188076
2026-01-01T20:01:07.877,18.7,46.3,0.0,-1.8436502,11.2188076
2026-01-01T20:01:10.132,18.7,46.3,0.0,-1.8044235999999998,11.2188076
2026-01-01T20:01:12.387,18.7,46.3,0.0,-1.8436502,11.2188076
2026-01-01T20:01:14.649,18.7,46.3,0.0,-1.8436502,11.2972608
2026-01-01T20:01:16.909,18.7,46.3,0.0,-1.8828768,11.2188076
2026-01-01T20:01:19.169,18.7,46.3,-0.0392266,-1.8044235999999998,11.2188076
2026-01-01T20:01:21.424,18.7,46.4,0.0,-1.8436502,11.2580342
2026-01-01T20:01:23.679,18.7,46.4,0.0,-1.8828768,11.2188076
2026-01-01T20:01:25.941,18.7,46.4,0.0,-1.8044235999999998,11.179581
2026-01-01T20:01:28.201,18.7,46.3,0.0,-1.8044235999999998,11.2188076
2026-01-01T20:01:30.461,18.6,46.3,0.0,-1.8828768,11.2972608
2026-01-01T20:01:32.721,18.7,46.3,0.0,-1.7259703999999998,11.2188076
2026-01-01T20:01:34.976,18.7,46.2,0.0,-1.8436502,11.2188076
2026-01-01T20:01:37.237,18.7,46.2,0.0,-1.8828768,11.2580342
2026-01-01T20:01:39.497,18.6,46.2,0.0,-1.8436502,11.2188076
2026-01-01T20:01:41.757,18.7,46.2,0.0,-1.8436502,11.2188076
2026-01-01T20:01:44.012,18.7,46.2,0.0,-1.8828768,11.2188076
2026-01-01T20:01:46.273,,,-0.0392266,-1.8436502,11.2188076
2026-01-01T20:01:48.532,18.7,46.3,0.0,-1.8828768,11.2972608
2026-01-01T20:01:50.793,18.7,46.2,0.0392266,-1.8044235999999998,11.179581
2026-01-01T20:01:53.048,18.7,46.1,0.0,-1.765197,11.2188076
2026-01-01T20:01:55.309,18.7,46.1,0.0,-1.8044235999999998,11.2188076
2026-01-01T20:01:57.569,18.7,46.1,0.0392266,-1.8828768,11.2580342
2026-01-01T20:01:59.829,18.7,46.1,0.0,-1.8436502,11.179581
2026-01-01T20:02:02.089,18.7,46.1,0.0,-1.8044235999999998,11.2972608
2026-01-01T20:02:04.349,18.6,46.1,0.0,-1.8044235999999998,11.2188076
2026-01-01T20:02:06.605,18.7,46.1,0.0,-1.8828768,11.179581
2026-01-01T20:02:08.860,18.7,46.1,0.0,-1.8436502,11.2580342
2026-01-01T20:02:11.116,18.7,46.2,0.0,-1.8436502,11.1403544
2026-01-01T20:02:13.372,18.7,46.2,0.0,-1.8436502,11.2188076
2026-01-01T20:02:15.628,18.7,46.2,0.0,-1.8436502,11.2188076
2026-01-01T20:02:17.883,18.7,46.1,0.0,-1.8436502,11.2580342
2026-01-01T20:02:20.139,18.6,46.1,0.0,-1.8436502,11.179581
2026-01-01T20:02:22.395,18.7,46.1,0.0,-1.8828768,11.179581
2026-01-01T20:02:24.651,18.6,46.1,0.0392266,-1.8436502,11.2580342
2026-01-01T20:02:26.906,18.7,46.2,0.0,-1.8436502,11.2188076
2026-01-01T20:02:29.162,18.7,46.2,0.0,-1.8436502,11.2580342
2026-01-01T20:02:31.418,18.6,46.1,0.0,-1.8436502,11.2188076
2026-01-01T20:02:33.674,18.6,46.1,0.0,-1.8436502,11.2188076
2026-01-01T20:02:35.929,18.6,46.0,0.0,-1.8436502,11.2972608
2026-01-01T20:02:38.185,18.6,46.0,0.0,-1.8828768,11.2580342
2026-01-01T20:02:40.440,18.7,46.1,0.0,-1.8436502,11.2188076
2026-01-01T20:02:42.696,18.7,46.1,0.0,-1.8044235999999998,11.2188076
2026-01-01T20:02:44.951,18.7,46.2,0.0,-1.8436502,11.2972608
2026-01-01T20:02:47.207,18.7,46.2,0.0,-1.8044235999999998,11.179581
2026-01-01T20:02:49.463,18.6,46.2,0.0,-1.8828768,11.2580342
2026-01-01T20:02:51.719,18.7,46.2,0.0,-1.8436502,11.179581
2026-01-01T20:02:53.974,18.7,46.2,0.0,-1.8436502,11.179581
2026-01-01T20:02:56.230,18.6,46.2,0.0,-1.8436502,11.179581
2026-01-01T20:02:58.486,18.7,46.3,-0.0392266,-1.8436502,11.179581
2026-01-01T20:03:00.741,18.7,46.3,-0.0392266,-1.8436502,11.2188076
2026-01-01T20:03:02.997,18.7,46.3,0.0,-1.8436502,11.2580342
2026-01-01T20:03:05.253,18.7,46.2,0.0,-1.8828768,11.2972608
2026-01-01T20:03:07.509,18.7,46.3,0.0,-1.8436502,11.2188076
2026-01-01T20:03:09.764,18.6,46.2,0.0,-1.8436502,11.2188076
2026-01-01T20:03:12.020,18.6,46.2,0.0,-1.8828768,11.2188076
2026-01-01T20:03:14.275,18.6,46.2,0.0,-1.8044235999999998,11.2580342
2026-01-01T20:03:16.531,18.7,46.3,0.0,-1.8436502,11.2188076
2026-01-01T20:03:18.787,18.6,46.2,0.0,-1.8828768,11.2188076
2026-01-01T20:03:21.042,18.6,46.2,0.0,-1.8436502,11.2188076
2026-01-01T20:03:23.298,18.6,46.2,0.0,-1.765197,11.1403544
2026-01-01T20:03:25.554,18.7,46.2,0.0,-1.8828768,11.2580342
2026-01-01T20:03:27.810,18.6,46.1,0.0,-1.8436502,11.179581
2026-01-01T20:03:30.065,18.6,46.1,0.0,-1.8436502,11.2188076
2026-01-01T20:03:32.321,18.7,46.1,-0.0392266,-1.8436502,11.2188076
2026-01-01T20:03:34.577,18.7,46.1,0.0,-1.8044235999999998,11.2580342
2026-01-01T20:03:36.832,18.7,46.1,0.0,-1.8828768,11.2188076
2026-01-01T20:03:39.088,18.6,46.0,0.0,-1.765197,11.179581
2026-01-01T20:03:41.349,18.7,46.0,0.0,-1.8044235999999998,11.2188076
2026-01-01T20:03:43.605,18.6,45.8,0.0,-1.8436502,11.2580342
2026-01-01T20:03:45.861,18.6,45.7,0.0,-1.8828768,11.2580342
2026-01-01T20:03:48.116,18.6,45.6,0.0,-1.8436502,11.1403544
2026-01-01T20:03:50.372,18.6,45.7,0.0,-1.8436502,11.2188076
2026-01-01T20:03:52.633,18.6,45.7,0.0,-1.8044235999999998,11.2580342
2026-01-01T20:03:54.893,18.6,45.7,0.0,-1.8436502,11.2972608
2026-01-01T20:03:57.153,18.6,45.8,0.0,-1.8044235999999998,11.2188076
2026-01-01T20:03:59.413,18.6,45.9,0.0,-1.8436502,11.2580342
2026-01-01T20:04:01.668,18.6,45.9,0.0,-1.8828768,11.2972608
2026-01-01T20:04:03.929,18.6,46.0,-0.0392266,-1.765197,11.179581
2026-01-01T20:04:06.189,18.6,46.0,0.0,-1.8436502,11.2580342
2026-01-01T20:04:08.449,18.6,46.0,0.0,-1.8828768,11.179581
2026-01-01T20:04:10.705,18.6,46.0,0.0,-1.8436502,11.2580342
2026-01-01T20:04:12.960,18.6,45.9,-0.0392266,-1.8436502,11.1403544
2026-01-01T20:04:15.215,18.6,45.9,0.0392266,-1.8436502,11.2188076
2026-01-01T20:04:17.471,18.6,45.8,0.0,-1.8044235999999998,11.2188076
2026-01-01T20:04:19.729,18.6,45.7,0.0,-1.8436502,11.2188076
2026-01-01T20:04:21.989,18.6,45.7,0.0,-1.8828768,11.2580342
2026-01-01T20:04:24.249,18.6,45.6,0.0392266,-1.8436502,11.179581
2026-01-01T20:04:26.504,18.6,45.7,-0.0392266,-1.8436502,11.2580342
2026-01-01T20:04:28.765,18.6,45.8,0.0392266,-1.8436502,11.2580342
2026-01-01T20:04:31.020,18.6,45.9,-0.0392266,-1.8044235999999998,11.179581
2026-01-01T20:04:33.281,18.6,45.9,0.0392266,-1.8436502,11.2580342
2026-01-01T20:04:35.536,18.6,45.9,0.0,-1.8044235999999998,11.2188076
2026-01-01T20:04:37.797,18.6,45.9,0.0,-1.8044235999999998,11.2188076
2026-01-01T20:04:40.052,18.6,46.0,0.0,-1.8436502,11.2580342
2026-01-01T20:04:42.313,18.6,46.0,0.0,-1.8044235999999998,11.2188076
2026-01-01T20:04:44.573,18.6,46.0,0.0,-1.8828768,11.2972608
2026-01-01T20:04:46.828,18.6,46.0,0.0,-1.765197,11.2188076
2026-01-01T20:04:49.083,18.6,45.9,0.0,-1.8436502,11.2188076
2026-01-01T20:04:51.339,18.6,45.7,0.0,-1.8436502,11.179581
2026-01-01T20:04:53.594,18.6,45.5,0.0,-1.8828768,11.2188076
2026-01-01T20:04:55.850,18.6,45.4,0.0,-1.8828768,11.2188076
2026-01-01T20:04:58.105,18.6,45.4,0.0,-1.8436502,11.2188076
2026-01-01T20:05:00.361,18.6,45.3,0.0,-1.8828768,11.2972608
2026-01-01T20:05:02.621,18.6,45.3,0.0,-1.8436502,11.179581
2026-01-01T20:05:04.881,18.6,45.3,0.0,-1.765197,11.1011278
2026-01-01T20:05:07.136,18.6,45.3,0.0,-1.8044235999999998,11.1403544
2026-01-01T20:05:09.391,18.6,45.3,0.0,-1.8828768,11.2188076
2026-01-01T20:05:11.653,18.6,45.3,0.0,-1.8436502,11.2580342
2026-01-01T20:05:13.913,18.6,45.3,0.0,-1.8044235999999998,11.179581
2026-01-01T20:05:16.173,18.6,45.3,0.0,-1.8044235999999998,11.1011278
2026-01-01T20:05:18.428,18.6,45.3,0.0,-1.8436502,11.2188076
2026-01-01T20:05:20.684,18.7,45.4,0.0,-1.8436502,11.2972608
2026-01-01T20:05:22.945,18.6,45.3,0.0,-1.8436502,11.2188076
2026-01-01T20:05:25.205,18.6,45.3,0.0,-1.8044235999999998,11.2188076
2026-01-01T20:05:27.460,18.6,45.3,0.0,-1.8436502,11.2580342
2026-01-01T20:05:29.721,,,0.0,-1.8436502,11.179581
2026-01-01T20:05:31.981,18.6,45.4,0.0,-1.8828768,11.2580342
2026-01-01T20:05:34.236,18.6,45.3,0.0392266,-1.8828768,11.2580342
2026-01-01T20:05:36.497,18.6,45.3,0.0,-1.8436502,11.179581
2026-01-01T20:05:38.752,18.6,45.4,0.0,-1.8436502,11.2188076
2026-01-01T20:05:41.008,18.6,45.3,0.0,-1.8828768,11.2188076
2026-01-01T20:05:43.269,18.6,45.3,0.0,-1.8436502,11.179581
2026-01-01T20:05:45.524,18.6,45.3,0.0,-1.8828768,11.2188076
2026-01-01T20:05:47.780,18.6,45.4,0.0,-1.8436502,11.179581
2026-01-01T20:05:50.041,18.6,45.3,0.0,-1.8044235999999998,11.179581
2026-01-01T20:05:52.301,18.6,45.4,0.0,-1.8828768,11.2188076
2026-01-01T20:05:54.556,18.6,45.3,0.0,-1.8044235999999998,11.179581
2026-01-01T20:05:56.811,18.6,45.3,0.0,-1.8436502,11.2188076
2026-01-01T20:05:59.073,18.6,45.3,0.0,-1.8436502,11.2188076
2026-01-01T20:06:01.333,18.6,45.3,0.0,-1.8436502,11.179581
2026-01-01T20:06:03.588,18.6,45.3,0.0,-1.8828768,11.2188076
2026-01-01T20:06:05.849,18.6,45.4,0.0,-1.8044235999999998,11.179581
2026-01-01T20:06:08.109,18.6,45.3,0.0,-1.8828768,11.2580342
2026-01-01T20:06:10.364,18.6,45.4,0.0,-1.8436502,11.179581
2026-01-01T20:06:12.620,18.6,45.5,0.0,-1.8436502,11.2188076
2026-01-01T20:06:14.875,18.6,45.6,0.0,-1.8828768,11.2580342
2026-01-01T20:06:17.130,18.6,45.6,0.0,-1.8828768,11.179581
2026-01-01T20:06:19.389,18.6,45.7,0.0,-1.8436502,11.2188076
2026-01-01T20:06:21.649,18.6,45.7,-0.0392266,-1.8436502,11.2188076
2026-01-01T20:06:23.909,18.7,45.9,0.0,-1.8828768,11.2580342
2026-01-01T20:06:26.169,18.6,45.9,0.0,-1.8828768,11.2580342
2026-01-01T20:06:28.424,18.6,45.9,0.0,-1.8436502,11.179581
2026-01-01T20:06:30.679,18.6,45.9,0.0,-1.8436502,11.2580342
2026-01-01T20:06:32.941,18.6,45.9,0.0,-1.9221034,11.2188076
2026-01-01T20:06:35.196,18.6,45.9,-0.0392266,-1.8436502,11.179581
2026-01-01T20:06:37.452,18.6,45.9,0.0,-1.8044235999999998,11.179581
2026-01-01T20:06:39.713,18.6,46.0,0.0,-1.9221034,11.2972608
2026-01-01T20:06:41.968,18.6,46.0,0.0,-1.8044235999999998,11.1403544
2026-01-01T20:06:44.223,18.6,46.0,0.0,-1.8044235999999998,11.2580342
2026-01-01T20:06:46.485,18.6,46.0,0.0392266,-1.8828768,11.2188076
2026-01-01T20:06:48.740,18.6,46.0,-0.0392266,-1.8828768,11.2580342
2026-01-01T20:06:51.001,18.6,45.9,-0.0392266,-1.8436502,11.1403544
2026-01-01T20:06:53.256,18.6,45.9,0.0,-1.8436502,11.179581
2026-01-01T20:06:55.517,18.6,45.9,0.0392266,-1.8436502,11.179581
2026-01-01T20:06:57.772,18.6,45.9,0.0,-1.8044235999999998,11.2188076
2026-01-01T20:07:00.028,18.6,45.9,0.0,-1.8436502,11.1011278
2026-01-01T20:07:02.283,18.6,46.0,0.0,-1.8436502,11.2580342
2026-01-01T20:07:04.541,18.6,46.0,0.0392266,-1.8436502,11.2580342
2026-01-01T20:07:06.801,18.6,46.0,0.0,-1.8436502,11.2580342
2026-01-01T20:07:09.056,18.6,46.0,0.0,-1.8436502,11.2188076
2026-01-01T20:07:11.312,,,0.0,-1.8436502,11.2188076
2026-01-01T20:07:13.568,18.6,46.0,0.0,-1.8436502,11.179581
2026-01-01T20:07:15.823,18.6,46.0,0.0,-1.8436502,11.2580342
2026-01-01T20:07:18.079,18.6,45.9,0.0,-1.8436502,11.2188076
2026-01-01T20:07:20.335,18.6,45.9,0.0,-1.8044235999999998,11.2188076
2026-01-01T20:07:22.591,18.6,46.0,0.0,-1.8828768,11.2580342
2026-01-01T20:07:24.847,18.6,46.0,0.0,-1.8828768,11.2972608
2026-01-01T20:07:27.102,18.6,46.0,0.0,-1.8044235999999998,11.179581
2026-01-01T20:07:29.358,18.6,46.0,0.0,-1.8828768,11.2580342
2026-01-01T20:07:31.614,18.6,46.0,0.0,-1.8436502,11.2580342
2026-01-01T20:07:33.870,18.6,46.0,0.0,-1.8436502,11.2972608
2026-01-01T20:07:36.125,18.6,46.0,0.0,-1.8828768,11.179581
2026-01-01T20:07:38.381,18.6,46.0,0.0,-1.8436502,11.2188076
2026-01-01T20:07:40.637,18.6,46.1,0.0,-1.8828768,11.2580342
2026-01-01T20:07:42.892,18.6,46.1,0.0,-1.8436502,11.2188076
2026-01-01T20:07:45.148,18.6,46.1,-0.0392266,-1.8436502,11.2580342
2026-01-01T20:07:47.404,18.6,46.1,0.0,-1.8436502,11.2188076
2026-01-01T20:07:49.659,18.6,46.1,0.0,-1.8436502,11.2188076
2026-01-01T20:07:51.915,18.6,46.1,0.0,-1.8436502,11.179581
2026-01-01T20:07:54.171,18.6,46.1,0.0,-1.8436502,11.2972608
2026-01-01T20:07:56.426,18.6,46.1,0.0,-1.9221034,11.2188076
2026-01-01T20:07:58.682,18.6,46.1,-0.0392266,-1.8044235999999998,11.2972608
2026-01-01T20:08:00.938,18.6,46.1,0.0,-1.8828768,11.2580342
2026-01-01T20:08:03.193,18.6,46.1,0.0,-1.8044235999999998,11.179581
2026-01-01T20:08:05.449,18.6,46.1,0.0,-1.8044235999999998,11.2188076
2026-01-01T20:08:07.705,18.6,46.0,0.0,-1.8828768,11.2580342
2026-01-01T20:08:09.960,18.6,46.0,0.0,-1.8436502,11.2580342
2026-01-01T20:08:12.216,18.6,46.0,0.0,-1.8044235999999998,11.2972608
2026-01-01T20:08:14.472,18.6,45.9,0.0,-1.8044235999999998,11.2972608
2026-01-01T20:08:16.727,18.6,45.9,0.0,-1.8044235999999998,11.179581
2026-01-01T20:08:18.983,18.6,45.8,0.0,-1.8436502,11.2188076
2026-01-01T20:08:21.239,18.6,45.7,0.0,-1.8436502,11.2972608
2026-01-01T20:08:23.495,18.7,45.7,-0.0392266,-1.8436502,11.2188076
2026-01-01T20:08:25.750,18.6,45.7,0.0,-1.8436502,11.2188076
2026-01-01T20:08:28.006,18.6,45.8,0.0,-1.8436502,11.179581
2026-01-01T20:08:30.262,18.6,45.8,0.0,-1.8436502,11.2580342
2026-01-01T20:08:32.517,18.6,45.8,0.0,-1.8436502,11.2972608
2026-01-01T20:08:34.773,18.6,45.8,0.0,-1.8828768,11.2188076
2026-01-01T20:08:37.033,18.7,45.8,0.0,-1.8436502,11.2188076
2026-01-01T20:08:39.293,18.6,45.6,0.0392266,-1.8828768,11.2188076
2026-01-01T20:08:41.553,18.6,45.6,0.0392266,-1.8828768,11.2580342
2026-01-01T20:08:43.808,18.6,45.7,0.0,-1.8044235999999998,11.2580342
2026-01-01T20:08:46.064,18.6,45.7,-0.0392266,-1.8436502,11.2972608
2026-01-01T20:08:48.319,18.6,45.7,0.0,-1.8436502,11.179581
2026-01-01T20:08:50.575,18.6,45.6,0.0,-1.8436502,11.179581
2026-01-01T20:08:52.831,18.6,45.5,-0.0392266,-1.8828768,11.2972608
2026-01-01T20:08:55.086,18.6,45.5,0.0,-1.8828768,11.179581
2026-01-01T20:08:57.342,18.6,45.4,0.0,-1.8436502,11.2188076
2026-01-01T20:08:59.598,18.6,45.4,0.0392266,-1.8436502,11.179581
2026-01-01T20:09:01.853,18.6,45.4,-0.0392266,-1.8044235999999998,11.179581
2026-01-01T20:09:04.109,18.6,45.4,0.0,-1.8436502,11.2580342
2026-01-01T20:09:06.365,18.6,45.4,0.0,-1.8044235999999998,11.179581
2026-01-01T20:09:08.621,18.6,45.3,0.0,-1.8436502,11.2972608
2026-01-01T20:09:10.876,18.6,45.3,-0.0392266,-1.8436502,11.2580342
2026-01-01T20:09:13.132,18.6,45.4,-0.0392266,-1.8044235999999998,11.2188076
2026-01-01T20:09:15.388,18.6,45.4,0.0,-1.8436502,11.2580342
2026-01-01T20:09:17.643,18.6,45.3,0.0,-1.8044235999999998,11.2188076
2026-01-01T20:09:19.899,18.6,45.3,0.0,-1.8044235999999998,11.2580342
2026-01-01T20:09:22.155,18.6,45.4,-0.0392266,-1.8436502,11.2580342
2026-01-01T20:09:24.410,18.6,45.4,0.0,-1.8436502,11.2188076
2026-01-01T20:09:26.666,18.6,45.4,0.0,-1.8436502,11.2972608
2026-01-01T20:09:28.922,18.6,45.3,-0.0392266,-1.8436502,11.2188076
2026-01-01T20:09:31.177,18.6,45.3,0.0,-1.8044235999999998,11.179581
2026-01-01T20:09:33.433,,,0.0,-1.8828768,11.2188076
2026-01-01T20:09:35.689,18.6,45.3,0.0,-1.8044235999999998,11.179581
2026-01-01T20:09:37.945,18.6,45.4,-0.0392266,-1.8436502,11.2972608
2026-01-01T20:09:40.201,18.6,45.3,0.0,-1.8828768,11.2580342
2026-01-01T20:09:42.456,18.6,45.3,0.0,-1.8436502,11.179581
2026-01-01T20:09:44.712,18.6,45.3,-0.0392266,-1.765197,11.2972608
2026-01-01T20:09:46.968,18.6,45.3,0.0,-1.8828768,11.2188076
2026-01-01T20:09:49.224,18.6,45.3,0.0392266,-1.8828768,11.2580342
2026-01-01T20:09:51.479,18.6,45.3,0.0,-1.8828768,11.179581
2026-01-01T20:09:53.735,18.6,45.3,0.0392266,-1.8436502,11.2580342
2026-01-01T20:09:55.991,18.6,45.4,0.0,-1.8828768,11.2188076
2026-01-01T20:09:58.247,18.6,45.3,-0.0392266,-1.8436502,11.2188076
2026-01-01T20:10:00.502,18.6,45.3,0.0,-1.8828768,11.2580342
2026-01-01T20:10:02.758,18.7,45.4,0.0,-1.8436502,11.1403544
2026-01-01T20:10:05.014,18.6,45.4,0.0,-1.8436502,11.1403544
2026-01-01T20:10:07.270,18.6,45.3,0.0,-1.8436502,11.179581
2026-01-01T20:10:09.525,18.6,45.3,0.0,-1.8436502,11.2188076
2026-01-01T20:10:11.781,18.6,45.4,0.0,-1.8828768,11.2188076
2026-01-01T20:10:14.037,18.6,45.7,0.0,-1.8044235999999998,11.179581
2026-01-01T20:10:16.292,18.6,45.8,-0.0392266,-1.8436502,11.2188076
2026-01-01T20:10:18.548,18.6,45.9,0.0,-1.8044235999999998,11.2580342
2026-01-01T20:10:20.804,18.6,45.9,0.0,-1.8828768,11.2580342
2026-01-01T20:10:23.059,18.6,45.8,0.0,-1.8044235999999998,11.179581
2026-01-01T20:10:25.315,18.6,45.7,0.0,-1.8436502,11.2580342
2026-01-01T20:10:27.571,18.6,45.8,0.0,-1.8436502,11.2580342
2026-01-01T20:10:29.827,18.6,45.9,0.0,-1.8436502,11.179581
2026-01-01T20:10:32.082,18.6,45.8,-0.0392266,-1.8436502,11.2188076
2026-01-01T20:10:34.338,18.6,45.7,0.0,-1.8436502,11.2188076
2026-01-01T20:10:36.594,18.6,45.5,0.0,-1.8828768,11.3364874
2026-01-01T20:10:38.849,18.6,45.6,0.0,-1.8044235999999998,11.2580342
2026-01-01T20:10:41.105,18.6,45.4,0.0,-1.8436502,11.2580342
2026-01-01T20:10:43.361,18.6,45.4,0.0,-1.8044235999999998,11.2188076
2026-01-01T20:10:45.617,18.6,45.4,0.0,-1.8436502,11.2972608
2026-01-01T20:10:47.873,18.6,45.4,0.0,-1.8828768,11.2188076
2026-01-01T20:10:50.128,18.6,45.4,0.0,-1.8436502,11.2580342
2026-01-01T20:10:52.384,18.6,45.6,0.0,-1.8436502,11.179581
2026-01-01T20:10:54.640,18.6,45.9,0.0,-1.8436502,11.2972608
2026-01-01T20:10:56.896,18.6,46.0,-0.0392266,-1.8436502,11.1403544
2026-01-01T20:10:59.151,18.6,46.1,0.0,-1.8436502,11.2188076
2026-01-01T20:11:01.407,18.6,46.2,0.0,-1.8828768,11.2188076
2026-01-01T20:11:03.663,18.6,46.3,0.0,-1.8436502,11.2188076
2026-01-01T20:11:05.918,18.6,46.3,0.0,-1.8044235999999998,11.2580342
2026-01-01T20:11:08.174,18.6,46.4,0.0,-1.8436502,11.2972608
2026-01-01T20:11:10.430,18.6,46.3,0.0,-1.8436502,11.179581
2026-01-01T20:11:12.685,18.6,46.3,-0.0392266,-1.8436502,11.2580342
2026-01-01T20:11:14.941,18.6,46.4,0.0,-1.8436502,11.2188076
2026-01-01T20:11:17.197,18.6,46.4,-0.0392266,-1.8044235999999998,11.2188076
2026-01-01T20:11:19.452,18.6,46.4,0.0,-1.8436502,11.2580342
2026-01-01T20:11:21.708,18.6,46.5,0.0,-1.8828768,11.2972608
2026-01-01T20:11:23.964,18.6,46.5,0.0,-1.9221034,11.2972608
2026-01-01T20:11:26.219,18.6,46.5,0.0,-1.8436502,11.2580342
2026-01-01T20:11:28.475,18.6,46.5,0.0,-1.8828768,11.2972608
2026-01-01T20:11:30.731,18.6,46.5,0.0,-1.8436502,11.2188076
2026-01-01T20:11:32.987,18.6,46.4,0.0,-1.8044235999999998,11.2188076
2026-01-01T20:11:35.242,18.6,46.4,0.0,-1.8436502,11.2580342
2026-01-01T20:11:37.498,18.6,46.5,0.0,-1.8436502,11.2188076
2026-01-01T20:11:39.754,18.6,46.5,0.0,-1.8044235999999998,11.2580342
2026-01-01T20:11:42.010,18.6,46.5,0.0,-1.8436502,11.2972608
2026-01-01T20:11:44.266,18.6,46.5,-0.0392266,-1.8436502,11.2188076
2026-01-01T20:11:46.521,18.7,46.6,0.0,-1.8436502,11.2580342
2026-01-01T20:11:48.777,18.6,46.6,0.0,-1.8436502,11.2580342
2026-01-01T20:11:51.033,18.7,46.7,0.0,-1.8436502,11.2188076
2026-01-01T20:11:53.289,18.6,46.6,0.0,-1.8436502,11.2188076
2026-01-01T20:11:55.545,18.7,46.7,0.0,-1.8436502,11.179581
2026-01-01T20:11:57.801,18.6,46.6,-0.0392266,-1.8044235999999998,11.2580342
2026-01-01T20:12:00.056,18.6,46.6,0.0392266,-1.8436502,11.2188076
2026-01-01T20:12:02.312,18.7,46.7,0.0,-1.8436502,11.2580342
2026-01-01T20:12:04.568,18.6,46.7,0.0,-1.8436502,11.2580342
2026-01-01T20:12:06.823,18.7,46.7,0.0,-1.8044235999999998,11.2188076
2026-01-01T20:12:09.079,18.7,46.7,0.0,-1.8436502,11.061901200000001
2026-01-01T20:12:11.335,18.7,46.7,0.0,-1.8436502,11.1403544
2026-01-01T20:12:13.590,18.7,46.7,0.0,-1.8828768,11.179581
2026-01-01T20:12:15.846,18.7,46.7,0.0,-1.8044235999999998,11.2580342
2026-01-01T20:12:18.102,18.7,46.6,0.0,-1.8436502,11.2580342
2026-01-01T20:12:20.357,18.7,46.6,0.0,-1.8044235999999998,11.2580342
2026-01-01T20:12:22.613,18.7,46.6,0.0,-1.8436502,11.2580342
2026-01-01T20:12:24.869,18.7,46.6,0.0,-1.8828768,11.2188076
2026-01-01T20:12:27.125,18.7,46.7,0.0,-1.8436502,11.2188076
2026-01-01T20:12:29.380,18.7,46.7,0.0,-1.8436502,11.2580342
2026-01-01T20:12:31.636,18.7,46.7,0.0,-1.8044235999999998,11.179581
2026-01-01T20:12:33.892,18.7,46.6,0.0,-1.8436502,11.2188076
2026-01-01T20:12:36.148,18.7,46.7,0.0,-1.8436502,11.2188076
2026-01-01T20:12:38.404,18.7,46.7,0.0,-1.8436502,11.2188076
2026-01-01T20:12:40.659,18.7,46.8,0.0,-1.8828768,11.2580342
2026-01-01T20:12:42.915,18.6,46.7,0.0,-1.8828768,11.2580342
2026-01-01T20:12:45.171,18.7,46.8,-0.0392266,-1.8044235999999998,11.1403544
2026-01-01T20:12:47.426,18.7,46.7,0.0,-1.8828768,11.2580342
2026-01-01T20:12:49.682,18.7,46.8,0.0,-1.8044235999999998,11.2188076
2026-01-01T20:12:51.937,18.7,46.7,0.0392266,-1.8436502,11.2188076
2026-01-01T20:12:54.193,18.7,46.7,0.0,-1.8828768,11.2580342
2026-01-01T20:12:56.449,18.7,46.7,0.0,-1.8436502,11.2188076
2026-01-01T20:12:58.704,18.7,46.8,0.0,-1.8828768,11.2580342
2026-01-01T20:13:00.960,18.7,46.7,-0.0392266,-1.8436502,11.2188076
2026-01-01T20:13:03.216,18.7,46.7,-0.0392266,-1.8436502,11.2188076
2026-01-01T20:13:05.472,18.7,46.7,0.0,-1.8828768,11.2188076
2026-01-01T20:13:07.727,18.7,46.7,0.0392266,-1.8436502,11.2580342
2026-01-01T20:13:09.983,18.7,46.7,0.0392266,-1.8828768,11.2972608
2026-01-01T20:13:12.238,18.7,46.7,0.0,-1.8436502,11.2188076
2026-01-01T20:13:14.494,18.7,46.7,0.0,-1.8436502,11.2580342
2026-01-01T20:13:16.750,18.7,46.7,-0.0392266,-1.8044235999999998,11.1403544
2026-01-01T20:13:19.006,18.7,46.6,0.0,-1.8436502,11.2580342
2026-01-01T20:13:21.261,18.7,46.7,0.0,-1.8828768,11.2580342
2026-01-01T20:13:23.517,18.7,46.7,0.0,-1.8044235999999998,11.2188076
2026-01-01T20:13:25.773,18.7,46.7,0.0,-1.8436502,11.179581
2026-01-01T20:13:28.028,18.7,46.7,0.0,-1.8044235999999998,11.2972608
2026-01-01T20:13:30.284,18.7,46.7,0.0,-1.8436502,11.2188076
2026-01-01T20:13:32.540,18.7,46.7,-0.0392266,-1.8044235999999998,11.179581
2026-01-01T20:13:34.796,18.7,46.7,0.0392266,-1.8044235999999998,11.2580342
2026-01-01T20:13:37.052,18.7,46.6,0.0,-1.8044235999999998,11.179581
2026-01-01T20:13:39.307,18.7,46.6,0.0,-1.8436502,11.2972608
2026-01-01T20:13:41.563,18.7,46.6,0.0,-1.8044235999999998,11.2580342
2026-01-01T20:13:43.819,18.7,46.6,0.0,-1.8436502,11.2580342
2026-01-01T20:13:46.075,18.7,46.6,0.0,-1.8044235999999998,11.179581
2026-01-01T20:13:48.330,18.7,46.6,0.0,-1.8436502,11.2580342
2026-01-01T20:13:50.586,18.7,46.7,-0.0392266,-1.8436502,11.2188076
2026-01-01T20:13:52.842,18.7,46.7,0.0,-1.8828768,11.2580342
2026-01-01T20:13:55.097,18.7,46.7,0.0,-1.8436502,11.179581
2026-01-01T20:13:57.353,18.7,46.7,0.0,-1.8436502,11.2188076
2026-01-01T20:13:59.609,18.7,46.7,0.0,-1.8436502,11.2580342
2026-01-01T20:14:01.864,18.7,46.7,0.0,-1.8436502,11.2188076
2026-01-01T20:14:04.120,18.7,46.6,-0.0392266,-1.8828768,11.2188076
2026-01-01T20:14:06.376,18.7,46.6,0.0,-1.8044235999999998,11.2188076
2026-01-01T20:14:08.632,18.7,46.6,-0.0392266,-1.8436502,11.2580342
2026-01-01T20:14:10.887,18.7,46.5,-0.0392266,-1.8436502,11.2580342
2026-01-01T20:14:13.143,18.7,46.5,0.0,-1.8828768,11.2188076
2026-01-01T20:14:15.399,18.7,46.5,0.0,-1.8044235999999998,11.2188076
2026-01-01T20:14:17.655,18.7,46.5,0.0,-1.8828768,11.2580342
2026-01-01T20:14:19.910,18.7,46.5,0.0,-1.8044235999999998,11.179581
2026-01-01T20:14:22.166,18.7,46.5,0.0392266,-1.8828768,11.2972608
2026-01-01T20:14:24.421,18.7,46.5,0.0,-1.8044235999999998,11.2188076
2026-01-01T20:14:26.677,18.7,46.5,0.0,-1.8436502,11.2188076
2026-01-01T20:14:28.933,18.7,46.5,0.0,-1.765197,11.179581
2026-01-01T20:14:31.189,,,0.0,-1.8828768,11.2580342
2026-01-01T20:14:33.444,18.7,46.3,0.0,-1.8044235999999998,11.179581
2026-01-01T20:14:35.703,18.7,46.3,0.0392266,-1.8436502,11.2580342
2026-01-01T20:14:37.959,18.7,46.3,0.0,-1.8828768,11.2188076
2026-01-01T20:14:40.214,18.7,46.4,0.0,-1.8828768,11.2188076
2026-01-01T20:14:42.470,18.7,46.3,0.0,-1.8044235999999998,11.1403544
2026-01-01T20:14:44.725,18.7,46.3,-0.0784532,-1.8044235999999998,11.2580342
2026-01-01T20:14:46.985,18.7,46.3,0.0,-1.8828768,11.2580342
2026-01-01T20:14:49.240,18.7,46.3,0.0,-1.8044235999999998,11.179581
2026-01-01T20:14:51.501,18.7,46.3,0.0,-1.8436502,11.2188076
2026-01-01T20:14:53.761,18.7,46.2,0.0,-1.765197,11.2188076
2026-01-01T20:14:56.021,18.7,46.2,0.0,-1.8044235999999998,11.2580342
2026-01-01T20:14:58.276,18.7,46.2,0.0,-1.8436502,11.2580342
2026-01-01T20:15:00.533,18.7,46.2,0.0,-1.8436502,11.1403544
2026-01-01T20:15:02.793,18.7,46.2,0.0,-1.8436502,11.2972608
2026-01-01T20:15:05.048,18.7,46.3,0.0,-1.9221034,11.2188076
2026-01-01T20:15:07.304,18.7,46.3,0.0,-1.8828768,11.2580342
2026-01-01T20:15:09.565,18.7,46.3,0.0,-1.8436502,11.2580342
2026-01-01T20:15:11.825,18.7,46.2,-0.0392266,-1.8044235999999998,11.2188076
2026-01-01T20:15:14.080,18.7,46.1,0.0,-1.8044235999999998,11.2972608
2026-01-01T20:15:16.336,18.7,45.9,0.0,-1.8436502,11.2580342
2026-01-01T20:15:18.591,18.7,45.9,0.0,-1.8828768,11.2580342
2026-01-01T20:15:20.849,18.7,45.9,0.0,-1.8436502,11.179581
2026-01-01T20:15:23.109,18.7,45.8,0.0,-1.8436502,11.179581
2026-01-01T20:15:25.369,18.7,45.7,0.0,-1.765197,11.2188076
2026-01-01T20:15:27.629,18.6,45.5,0.0,-1.8044235999999998,11.179581
2026-01-01T20:15:29.889,18.7,45.5,-0.0392266,-1.8044235999999998,11.2580342
2026-01-01T20:15:32.144,18.6,45.5,0.0,-1.8044235999999998,11.2972608
2026-01-01T20:15:34.405,18.7,45.7,0.0,-1.8436502,11.179581
2026-01-01T20:15:36.665,18.6,45.7,0.0,-1.8436502,11.2972608
2026-01-01T20:15:38.920,18.6,45.9,0.0,-1.8436502,11.2188076
2026-01-01T20:15:41.181,18.7,46.0,0.0,-1.8436502,11.179581
2026-01-01T20:15:43.441,18.6,46.0,0.0,-1.8436502,11.2580342
2026-01-01T20:15:45.696,18.7,46.1,0.0,-1.8436502,11.2188076
2026-01-01T20:15:47.957,18.6,46.1,0.0,-1.8044235999999998,11.2580342
2026-01-01T20:15:50.212,18.7,46.1,-0.0392266,-1.8436502,11.2580342
2026-01-01T20:15:52.473,18.6,46.1,-0.0392266,-1.8044235999999998,11.2580342
2026-01-01T20:15:54.728,18.6,46.0,0.0,-1.8044235999999998,11.2580342
2026-01-01T20:15:56.989,18.7,46.1,0.0,-1.8044235999999998,11.179581
2026-01-01T20:15:59.244,18.7,46.2,-0.0392266,-1.8044235999999998,11.3364874
2026-01-01T20:16:01.505,18.7,46.2,0.0392266,-1.8436502,11.2580342
2026-01-01T20:16:03.765,18.6,46.1,0.0,-1.8436502,11.2188076
2026-01-01T20:16:06.020,18.7,46.2,0.0,-1.8436502,11.2188076
2026-01-01T20:16:08.276,18.7,46.3,0.0,-1.8436502,11.2188076
2026-01-01T20:16:10.537,18.6,46.2,0.0,-1.8436502,11.2188076
2026-01-01T20:16:12.792,18.7,46.4,0.0392266,-1.8828768,11.2972608
2026-01-01T20:16:15.053,18.6,46.3,0.0,-1.8436502,11.179581
2026-01-01T20:16:17.313,18.6,46.4,0.0,-1.8436502,11.2188076
2026-01-01T20:16:19.573,18.6,46.4,0.0,-1.8436502,11.2188076
2026-01-01T20:16:21.833,18.6,46.4,0.0,-1.8044235999999998,11.1403544
2026-01-01T20:16:24.093,18.6,46.4,0.0,-1.8436502,11.2580342
2026-01-01T20:16:26.353,18.6,46.3,0.0,-1.8436502,11.2972608
2026-01-01T20:16:28.609,18.6,46.2,0.0,-1.8436502,11.2188076
2026-01-01T20:16:30.869,18.6,46.2,0.0,-1.8436502,11.2188076
2026-01-01T20:16:33.129,18.6,46.2,0.0,-1.8436502,11.2580342
2026-01-01T20:16:35.389,18.6,46.2,0.0,-1.8044235999999998,11.2188076
2026-01-01T20:16:37.649,18.6,46.3,0.0,-1.8436502,11.2972608
2026-01-01T20:16:39.904,18.6,46.3,0.0,-1.8436502,11.2188076
2026-01-01T20:16:42.165,18.6,46.3,-0.0392266,-1.8044235999999998,11.1403544
2026-01-01T20:16:44.425,18.6,46.4,0.0,-1.8436502,11.2188076
2026-01-01T20:16:46.685,18.6,46.4,0.0,-1.8828768,11.2188076
2026-01-01T20:16:48.940,18.6,46.5,-0.0392266,-1.8828768,11.2188076
2026-01-01T20:16:51.201,18.7,46.5,0.0,-1.8436502,11.2580342
2026-01-01T20:16:53.456,18.6,46.4,0.0,-1.8436502,11.2580342
2026-01-01T20:16:55.717,18.6,46.4,0.0,-1.8828768,11.2188076
2026-01-01T20:16:57.972,18.6,46.4,0.0,-1.8828768,11.179581
2026-01-01T20:17:00.233,18.6,46.3,0.0,-1.8828768,11.2188076
2026-01-01T20:17:02.489,18.6,46.3,0.0,-1.8828768,11.179581
2026-01-01T20:17:04.745,18.7,46.3,0.0,-1.8044235999999998,11.1403544
2026-01-01T20:17:07.000,18.7,46.4,0.0,-1.8436502,11.2972608
2026-01-01T20:17:09.256,18.6,46.3,0.0,-1.8436502,11.1403544
2026-01-01T20:17:11.512,18.6,46.3,0.0,-1.8436502,11.2580342
2026-01-01T20:17:13.767,18.6,46.3,0.0,-1.8436502,11.1403544
2026-01-01T20:17:16.023,18.6,46.3,0.0,-1.8436502,11.2188076
2026-01-01T20:17:18.279,18.6,46.3,0.0,-1.8436502,11.1403544
2026-01-01T20:17:20.535,18.6,46.3,0.0392266,-1.9221034,11.2580342
2026-01-01T20:17:22.790,18.6,46.3,0.0,-1.8044235999999998,11.2580342
2026-01-01T20:17:25.046,18.6,46.3,0.0,-1.8436502,11.2580342
2026-01-01T20:17:27.302,18.6,46.2,0.0,-1.8828768,11.2580342
2026-01-01T20:17:29.558,18.6,46.1,0.0,-1.8436502,11.2972608
2026-01-01T20:17:31.813,18.6,46.0,0.0,-1.8436502,11.179581
2026-01-01T20:17:34.069,18.6,46.0,0.0,-1.8436502,11.2188076
2026-01-01T20:17:36.325,18.6,46.0,0.0,-1.9221034,11.2188076
2026-01-01T20:17:38.580,18.6,46.1,0.0,-1.8436502,11.179581
2026-01-01T20:17:40.836,18.6,46.1,0.0,-1.8828768,11.2188076
2026-01-01T20:17:43.092,18.6,46.1,0.0,-1.8436502,11.179581
2026-01-01T20:17:45.347,18.6,46.2,0.0,-1.8436502,11.2580342
2026-01-01T20:17:47.603,18.6,46.2,0.0,-1.8044235999999998,11.1403544
2026-01-01T20:17:49.859,18.6,46.3,0.0,-1.8436502,11.2972608
2026-01-01T20:17:52.115,18.6,46.3,0.0,-1.8436502,11.179581
2026-01-01T20:17:54.370,18.6,46.4,0.0,-1.8436502,11.2580342
2026-01-01T20:17:56.626,18.6,46.4,0.0,-1.765197,11.179581
2026-01-01T20:17:58.882,18.6,46.4,0.0392266,-1.8828768,11.2580342
2026-01-01T20:18:01.138,18.6,46.4,0.0,-1.8044235999999998,11.2188076
2026-01-01T20:18:03.393,18.6,46.5,0.0,-1.8828768,11.2580342
2026-01-01T20:18:05.649,18.6,46.4,0.0,-1.8044235999999998,11.2188076
2026-01-01T20:18:07.905,18.6,46.4,0.0,-1.8828768,11.2580342
2026-01-01T20:18:10.161,18.6,46.3,0.0,-1.8044235999999998,11.2188076
2026-01-01T20:18:12.417,18.6,46.2,0.0,-1.8044235999999998,11.2188076
2026-01-01T20:18:14.672,18.6,46.2,-0.0392266,-1.8436502,11.2580342
2026-01-01T20:18:16.928,18.6,46.2,0.0,-1.8436502,11.2972608
2026-01-01T20:18:19.184,18.6,46.2,0.0,-1.8436502,11.2580342
2026-01-01T20:18:21.440,18.6,46.1,-0.0392266,-1.8044235999999998,11.2188076
2026-01-01T20:18:23.695,18.6,46.1,0.0,-1.8828768,11.2188076
2026-01-01T20:18:25.951,18.6,45.9,0.0,-1.8436502,11.179581
2026-01-01T20:18:28.207,18.6,45.9,0.0,-1.8828768,11.3364874
2026-01-01T20:18:30.463,18.6,45.9,0.0,-1.8436502,11.179581
2026-01-01T20:18:32.719,18.6,45.9,0.0,-1.8436502,11.2188076
2026-01-01T20:18:34.974,18.6,46.0,0.0,-1.8828768,11.2188076
2026-01-01T20:18:37.230,18.6,46.1,0.0,-1.8044235999999998,11.2580342
2026-01-01T20:18:39.486,18.6,46.1,0.0,-1.8828768,11.2580342
2026-01-01T20:18:41.742,18.6,46.1,0.0,-1.8436502,11.2580342
2026-01-01T20:18:43.997,18.6,46.1,0.0,-1.8828768,11.2972608
2026-01-01T20:18:46.253,18.6,46.2,0.0,-1.8044235999999998,11.2188076
2026-01-01T20:18:48.509,18.6,46.3,0.0,-1.8436502,11.2188076
2026-01-01T20:18:50.765,18.6,46.3,0.0,-1.8436502,11.2580342
2026-01-01T20:18:53.020,18.6,46.3,0.0,-1.8436502,11.2580342
2026-01-01T20:18:55.276,18.6,46.3,0.0,-1.8828768,11.2580342
2026-01-01T20:18:57.532,18.6,44.6,0.0,-1.8044235999999998,11.179581
2026-01-01T20:18:59.788,18.6,46.3,0.0,-1.8436502,11.2188076
2026-01-01T20:19:02.044,18.6,46.3,0.0392266,-1.8436502,11.2580342
2026-01-01T20:19:04.299,18.6,46.3,0.0,-1.8044235999999998,11.179581
2026-01-01T20:19:06.555,18.6,46.3,0.0,-1.8828768,11.2580342
2026-01-01T20:19:08.811,18.6,46.3,0.0,-1.8044235999999998,11.2188076
2026-01-01T20:19:11.067,18.6,46.2,0.0,-1.9221034,11.2188076
2026-01-01T20:19:13.322,18.6,46.1,0.0,-1.8828768,11.179581
2026-01-01T20:19:15.581,18.6,46.0,0.0,-1.8436502,11.179581
2026-01-01T20:19:17.841,18.6,46.0,0.0,-1.8828768,11.2580342
2026-01-01T20:19:20.101,18.6,45.9,0.0,-1.8044235999999998,11.179581
2026-01-01T20:19:22.361,18.6,45.9,0.0,-1.8436502,11.2580342
2026-01-01T20:19:24.621,18.6,45.9,0.0,-1.8436502,11.2972608
2026-01-01T20:19:26.876,18.6,45.9,0.0392266,-1.8828768,11.179581
2026-01-01T20:19:29.137,18.6,46.0,0.0,-1.8436502,11.2188076
2026-01-01T20:19:31.392,18.6,46.1,0.0,-1.8436502,11.2188076
2026-01-01T20:19:33.648,18.6,46.1,-0.0392266,-1.8044235999999998,11.179581
2026-01-01T20:19:35.904,18.6,46.2,0.0,-1.8044235999999998,11.2188076
2026-01-01T20:19:38.159,18.6,46.1,0.0,-1.8044235999999998,11.1403544
2026-01-01T20:19:40.415,18.6,46.1,0.0392266,-1.8436502,11.2188076
2026-01-01T20:19:42.670,18.6,46.1,0.0,-1.8436502,11.2580342
2026-01-01T20:19:44.926,18.6,46.1,0.0,-1.765197,11.2188076
2026-01-01T20:19:47.182,18.6,46.1,0.0,-1.8436502,11.179581
2026-01-01T20:19:49.438,18.6,46.1,0.0,-1.8436502,11.2580342
2026-01-01T20:19:51.694,18.6,46.2,0.0,-1.8828768,11.2972608
2026-01-01T20:19:53.950,18.7,46.2,0.0,-1.8436502,11.2188076
2026-01-01T20:19:56.205,18.6,46.2,0.0,-1.8436502,11.2580342
2026-01-01T20:19:58.461,18.6,46.2,0.0,-1.8044235999999998,11.179581
2026-01-01T20:20:00.717,18.6,46.2,0.0,-1.8436502,11.2188076
2026-01-01T20:20:02.973,18.6,46.2,0.0,-1.8828768,11.2580342
2026-01-01T20:20:05.228,18.6,46.2,0.0,-1.8436502,11.2188076
2026-01-01T20:20:07.484,18.7,46.3,0.0,-1.8828768,11.2188076
2026-01-01T20:20:09.740,18.6,46.2,0.0,-1.8436502,11.1403544
2026-01-01T20:20:11.995,18.6,46.2,0.0,-1.8044235999999998,11.2580342
2026-01-01T20:20:14.251,18.6,46.2,0.0,-1.8436502,11.2580342
2026-01-01T20:20:16.507,18.6,46.2,0.0,-1.8436502,11.2580342
2026-01-01T20:20:18.763,18.6,46.1,0.0,-1.8044235999999998,11.2188076
2026-01-01T20:20:21.018,18.6,46.1,0.0,-1.8044235999999998,11.1403544
2026-01-01T20:20:23.274,18.6,46.0,0.0,-1.8436502,11.2580342
2026-01-01T20:20:25.530,18.6,46.0,0.0392266,-1.8044235999999998,11.179581
2026-01-01T20:20:27.786,18.6,45.9,0.0,-1.8436502,11.2188076
2026-01-01T20:20:30.041,18.6,45.9,0.0,-1.8436502,11.2188076
2026-01-01T20:20:32.297,18.6,45.8,0.0,-1.8436502,11.2188076
2026-01-01T20:20:34.553,18.6,45.7,0.0392266,-1.8828768,11.2188076
2026-01-01T20:20:36.809,18.6,45.5,0.0,-1.8044235999999998,11.2188076
2026-01-01T20:20:39.065,18.6,45.5,0.0,-1.8436502,11.2188076
2026-01-01T20:20:41.320,18.6,45.4,-0.0392266,-1.8436502,11.2188076
2026-01-01T20:20:43.576,18.6,45.4,0.0,-1.8436502,11.2972608
2026-01-01T20:20:45.832,18.6,45.4,0.0392266,-1.8828768,11.2972608
2026-01-01T20:20:48.088,18.6,45.4,0.0,-1.765197,11.2188076
2026-01-01T20:20:50.343,18.6,45.4,0.0,-1.8044235999999998,11.2972608
2026-01-01T20:20:52.599,18.6,45.6,0.0392266,-1.8436502,11.179581
2026-01-01T20:20:54.855,18.6,45.7,0.0,-1.8044235999999998,11.2188076
2026-01-01T20:20:57.111,18.6,45.8,0.0,-1.8828768,11.2972608
2026-01-01T20:20:59.366,18.6,45.9,0.0392266,-1.8044235999999998,11.2188076
2026-01-01T20:21:01.622,18.6,45.9,0.0,-1.8044235999999998,11.2188076
2026-01-01T20:21:03.878,18.6,46.0,0.0,-1.8044235999999998,11.2188076
2026-01-01T20:21:06.134,18.6,45.9,0.0,-1.8044235999999998,11.2188076
2026-01-01T20:21:08.390,,,0.0,-1.8436502,11.2580342
2026-01-01T20:21:10.645,18.6,45.9,0.0,-1.8828768,11.2188076
2026-01-01T20:21:12.901,18.6,45.9,0.0,-1.8436502,11.2972608
2026-01-01T20:21:15.157,18.6,45.7,0.0,-1.8828768,11.2580342
2026-01-01T20:21:17.413,18.6,45.7,0.0,-1.8436502,11.179581
2026-01-01T20:21:19.668,18.6,45.7,0.0,-1.8436502,11.2188076
2026-01-01T20:21:21.924,18.6,45.9,0.0,-1.8044235999999998,11.2188076
2026-01-01T20:21:24.180,18.6,45.9,0.0,-1.8044235999999998,11.179581
2026-01-01T20:21:26.436,18.6,45.9,0.0,-1.8436502,11.3364874
2026-01-01T20:21:28.691,18.6,45.8,0.0,-1.8044235999999998,11.2188076
2026-01-01T20:21:30.947,18.6,45.7,0.0,-1.8436502,11.2188076
2026-01-01T20:21:33.202,18.6,45.6,0.0,-1.8436502,11.179581
2026-01-01T20:21:35.458,18.6,45.5,0.0,-1.8044235999999998,11.179581
2026-01-01T20:21:37.714,18.6,45.4,0.0392266,-1.8828768,11.2188076
2026-01-01T20:21:39.970,18.6,45.3,0.0392266,-1.8828768,11.2580342
2026-01-01T20:21:42.226,18.6,45.4,0.0392266,-1.8828768,11.2580342
2026-01-01T20:21:44.481,18.6,45.3,0.0,-1.8436502,11.2580342
2026-01-01T20:21:46.737,18.6,45.3,0.0,-1.8044235999999998,11.179581
2026-01-01T20:21:48.993,18.6,45.3,0.0,-1.8044235999999998,11.2188076
2026-01-01T20:21:51.248,18.6,45.4,0.0,-1.8044235999999998,11.2188076
2026-01-01T20:21:53.504,18.6,45.3,0.0,-1.8044235999999998,11.3364874
2026-01-01T20:21:55.760,18.6,45.3,0.0,-1.8436502,11.2580342
2026-01-01T20:21:58.016,18.6,45.3,0.0,-1.8044235999999998,11.1403544
2026-01-01T20:22:00.271,18.6,45.4,0.0,-1.8436502,11.2580342
2026-01-01T20:22:02.527,18.6,45.4,0.0392266,-1.8436502,11.179581
2026-01-01T20:22:04.783,18.6,45.4,0.0,-1.8044235999999998,11.2188076
2026-01-01T20:22:07.038,18.6,45.3,0.0,-1.8828768,11.3364874
2026-01-01T20:22:09.294,18.6,45.4,0.0,-1.8436502,11.179581
2026-01-01T20:22:11.550,18.6,45.6,0.0,-1.8436502,11.2972608
2026-01-01T20:22:13.806,18.6,45.7,0.0,-1.8044235999999998,11.2580342
2026-01-01T20:22:16.061,18.6,45.8,0.0,-1.8044235999999998,11.2188076
2026-01-01T20:22:18.317,18.6,45.8,0.0,-1.8436502,11.2580342
2026-01-01T20:22:20.573,18.6,45.8,0.0,-1.8044235999999998,11.179581
2026-01-01T20:22:22.829,18.6,45.7,0.0,-1.8436502,11.2972608
2026-01-01T20:22:25.084,18.7,45.9,0.0,-1.8828768,11.2188076
2026-01-01T20:22:27.340,18.6,45.8,0.0,-1.8436502,11.179581
2026-01-01T20:22:29.596,18.6,45.9,0.0,-1.8044235999999998,11.2580342
2026-01-01T20:22:31.851,18.6,46.0,0.0,-1.9221034,11.2580342
2026-01-01T20:22:34.107,18.6,46.0,0.0,-1.8436502,11.1403544
2026-01-01T20:22:36.363,18.6,46.0,0.0,-1.8436502,11.2972608
2026-01-01T20:22:38.619,18.6,46.0,0.0,-1.8436502,11.179581
2026-01-01T20:22:40.875,18.6,45.9,0.0,-1.8436502,11.2188076
2026-01-01T20:22:43.131,18.6,45.9,0.0,-1.8828768,11.2972608
2026-01-01T20:22:45.386,18.6,46.0,0.0,-1.8436502,11.179581
2026-01-01T20:22:47.642,18.7,46.1,0.0,-1.8436502,11.2188076
2026-01-01T20:22:49.898,18.6,46.1,0.0,-1.8436502,11.2972608
2026-01-01T20:22:52.154,18.6,46.2,-0.0392266,-1.8436502,11.2580342
2026-01-01T20:22:54.409,18.6,46.2,0.0,-1.8828768,11.2972608
2026-01-01T20:22:56.665,18.6,46.2,0.0,-1.8436502,11.179581
2026-01-01T20:22:58.921,18.6,46.3,0.0,-1.8828768,11.2580342
2026-01-01T20:23:01.177,18.6,46.3,0.0,-1.8436502,11.2580342
2026-01-01T20:23:03.432,18.6,46.4,0.0,-1.8044235999999998,11.179581
2026-01-01T20:23:05.688,18.6,46.4,0.0,-1.8436502,11.2580342
2026-01-01T20:23:07.943,18.6,46.4,0.0,-1.8044235999999998,11.2188076
2026-01-01T20:23:10.199,18.6,46.5,0.0392266,-1.8436502,11.2972608
2026-01-01T20:23:12.455,18.6,46.5,0.0,-1.8436502,11.2188076
2026-01-01T20:23:14.711,18.6,46.5,0.0,-1.8436502,11.2188076
2026-01-01T20:23:16.966,,,0.0,-1.8044235999999998,11.179581
2026-01-01T20:23:19.222,18.6,46.6,0.0,-1.8044235999999998,11.2972608
2026-01-01T20:23:21.478,18.6,46.6,0.0,-1.8436502,11.179581
2026-01-01T20:23:23.734,18.6,46.6,0.0,-1.8044235999999998,11.179581
2026-01-01T20:23:25.990,18.6,46.6,0.0,-1.8436502,11.179581
2026-01-01T20:23:28.245,18.6,46.6,0.0,-1.8436502,11.2580342
2026-01-01T20:23:30.501,18.7,46.7,0.0,-1.8828768,11.2580342
2026-01-01T20:23:32.757,18.6,46.6,0.0,-1.9221034,11.2580342
2026-01-01T20:23:35.013,18.6,46.6,0.0,-1.8828768,11.3364874
2026-01-01T20:23:37.268,18.6,46.6,0.0,-1.8436502,11.2188076
2026-01-01T20:23:39.524,18.6,46.6,0.0,-1.8044235999999998,11.2580342
2026-01-01T20:23:41.780,18.6,46.6,0.0,-1.8828768,11.3364874
2026-01-01T20:23:44.036,18.6,46.7,0.0,-1.765197,11.1403544
2026-01-01T20:23:46.292,18.6,46.7,0.0,-1.8436502,11.2972608
2026-01-01T20:23:48.547,18.6,46.7,0.0,-1.8044235999999998,11.2188076
2026-01-01T20:23:50.803,18.6,46.7,0.0,-1.8436502,11.2188076
2026-01-01T20:23:53.059,18.6,46.7,0.0,-1.8044235999999998,11.2188076
2026-01-01T20:23:55.314,18.6,46.7,-0.0392266,-1.8044235999999998,11.2580342
2026-01-01T20:23:57.570,18.6,46.7,0.0,-1.8436502,11.2580342
2026-01-01T20:23:59.826,18.6,46.7,0.0,-1.8436502,11.2188076
2026-01-01T20:24:02.082,18.6,46.7,0.0,-1.8436502,11.2972608
2026-01-01T20:24:04.337,18.6,46.7,-0.0392266,-1.8044235999999998,11.2188076
2026-01-01T20:24:06.593,18.6,46.7,0.0,-1.8828768,11.2972608
2026-01-01T20:24:08.848,18.6,46.7,0.0,-1.9221034,11.2188076
2026-01-01T20:24:11.104,18.6,46.7,0.0,-1.8436502,11.2580342
2026-01-01T20:24:13.360,18.6,46.7,0.0,-1.8436502,11.179581
2026-01-01T20:24:15.616,18.6,46.7,0.0,-1.8436502,11.2580342
2026-01-01T20:24:17.871,18.6,46.7,0.0,-1.8828768,11.2580342
2026-01-01T20:24:20.127,18.6,46.7,0.0,-1.8436502,11.2580342
2026-01-01T20:24:22.383,18.6,46.7,0.0,-1.8828768,11.2188076
2026-01-01T20:24:24.639,18.6,46.7,0.0,-1.8436502,11.179581
2026-01-01T20:24:26.895,18.6,46.7,0.0,-1.8828768,11.2972608
2026-01-01T20:24:29.150,18.6,46.7,0.0,-1.8436502,11.2580342
2026-01-01T20:24:31.406,18.6,46.7,0.0,-1.8436502,11.179581
2026-01-01T20:24:33.662,18.6,46.6,0.0,-1.8044235999999998,11.1403544
2026-01-01T20:24:35.918,18.6,46.6,0.0,-1.8828768,11.2580342
2026-01-01T20:24:38.173,18.6,46.6,-0.0392266,-1.8828768,11.2972608
2026-01-01T20:24:40.429,18.6,46.6,0.0392266,-1.8828768,11.2580342
2026-01-01T20:24:42.685,18.6,46.7,0.0392266,-1.8436502,11.2188076
2026-01-01T20:24:44.941,18.6,46.7,0.0392266,-1.8044235999999998,11.2580342
2026-01-01T20:24:47.196,18.6,46.6,0.0,-1.8044235999999998,11.2580342
2026-01-01T20:24:49.452,18.7,46.7,0.0,-1.8044235999999998,11.2188076
2026-01-01T20:24:51.708,18.6,46.6,0.0392266,-1.8436502,11.2188076
2026-01-01T20:24:53.964,18.6,46.6,0.0,-1.8436502,11.2188076
2026-01-01T20:24:56.219,18.6,46.6,0.0,-1.8436502,11.2972608
2026-01-01T20:24:58.475,18.6,46.6,0.0,-1.8828768,11.2580342
2026-01-01T20:25:00.731,18.6,46.6,-0.0392266,-1.8436502,11.2188076
2026-01-01T20:25:02.987,18.7,46.7,0.0,-1.8044235999999998,11.2580342
2026-01-01T20:25:05.243,18.7,46.7,0.0,-1.8436502,11.2188076
2026-01-01T20:25:07.498,18.6,46.6,-0.0392266,-1.8828768,11.2188076
2026-01-01T20:25:09.757,18.6,46.6,0.0392266,-1.8828768,11.2580342
2026-01-01T20:25:12.017,18.6,46.6,0.0,-1.8828768,11.2188076
2026-01-01T20:25:14.272,18.6,46.6,0.0,-1.8436502,11.3364874
2026-01-01T20:25:16.533,18.6,46.6,0.0,-1.8436502,11.2188076
2026-01-01T20:25:18.793,18.6,46.6,0.0,-1.8436502,11.1403544
2026-01-01T20:25:21.053,18.7,46.7,0.0,-1.8828768,11.2580342
2026-01-01T20:25:23.313,18.6,46.6,0.0,-1.8436502,11.179581
2026-01-01T20:25:25.568,18.6,46.6,0.0,-1.8044235999999998,11.2188076
2026-01-01T20:25:27.829,18.6,46.6,0.0,-1.8436502,11.2580342
2026-01-01T20:25:30.089,18.6,46.6,0.0,-1.8828768,11.179581
2026-01-01T20:25:32.344,18.6,46.6,0.0,-1.8436502,11.2580342
2026-01-01T20:25:34.600,18.6,46.6,0.0,-1.8436502,11.2188076
2026-01-01T20:25:36.861,18.6,46.6,0.0,-1.8044235999999998,11.1403544
2026-01-01T20:25:39.116,18.6,46.7,0.0,-1.8828768,11.2188076
2026-01-01T20:25:41.377,18.6,46.7,0.0,-1.8828768,11.179581
2026-01-01T20:25:43.637,18.6,46.7,0.0,-1.8436502,11.2188076
2026-01-01T20:25:45.892,18.6,46.7,0.0,-1.8828768,11.2972608
2026-01-01T20:25:48.147,18.6,46.6,0.0,-1.8436502,11.2188076
2026-01-01T20:25:50.403,18.6,46.6,0.0,-1.8436502,11.2188076
2026-01-01T20:25:52.658,18.6,46.6,0.0,-1.8044235999999998,11.179581
2026-01-01T20:25:54.917,18.6,46.6,0.0,-1.8436502,11.2580342
2026-01-01T20:25:57.177,18.6,46.6,0.0392266,-1.8436502,11.2188076
2026-01-01T20:25:59.432,18.6,46.6,-0.0392266,-1.8436502,11.1403544
2026-01-01T20:26:01.693,18.6,46.6,0.0,-1.8436502,11.2188076
2026-01-01T20:26:03.953,18.6,46.6,0.0,-1.8828768,11.179581
2026-01-01T20:26:06.208,18.6,46.6,-0.0392266,-1.8436502,11.179581
2026-01-01T20:26:08.463,18.6,46.6,0.0,-1.8436502,11.2580342
2026-01-01T20:26:10.719,18.6,46.6,0.0,-1.8828768,11.1403544
2026-01-01T20:26:12.977,18.6,46.6,0.0,-1.8044235999999998,11.179581
2026-01-01T20:26:15.237,18.6,46.6,0.0,-1.8436502,11.2188076
2026-01-01T20:26:17.497,18.6,46.6,0.0,-1.8828768,11.2188076
2026-01-01T20:26:19.757,18.6,46.6,0.0,-1.8436502,11.2580342
2026-01-01T20:26:22.017,18.7,46.6,0.0,-1.8436502,11.1403544
2026-01-01T20:26:24.277,18.6,46.5,0.0,-1.8044235999999998,11.179581
2026-01-01T20:26:26.532,18.6,46.5,0.0,-1.8436502,11.2580342
2026-01-01T20:26:28.787,18.6,46.5,0.0,-1.8828768,11.2580342
2026-01-01T20:26:31.043,18.6,46.5,0.0,-1.8828768,11.2580342
2026-01-01T20:26:33.298,18.6,46.5,0.0,-1.8436502,11.2188076
2026-01-01T20:26:35.557,18.6,46.5,0.0,-1.8828768,11.2580342
2026-01-01T20:26:37.812,18.6,46.4,0.0,-1.8828768,11.2188076
2026-01-01T20:26:40.073,18.6,46.3,-0.0392266,-1.8436502,11.179581
2026-01-01T20:26:42.333,18.6,46.2,0.0,-1.8436502,11.1011278
2026-01-01T20:26:44.593,18.6,46.2,0.0,-1.8828768,11.2580342
2026-01-01T20:26:46.853,18.7,46.1,0.0,-1.8828768,11.2188076
2026-01-01T20:26:49.113,18.6,46.0,-0.0392266,-1.8044235999999998,11.1403544
2026-01-01T20:26:51.369,18.6,45.9,-0.0392266,-1.8828768,11.2188076
2026-01-01T20:26:53.624,18.6,45.9,0.0,-1.8044235999999998,11.1403544
2026-01-01T20:26:55.880,18.6,45.8,-0.0392266,-1.8828768,11.2580342
2026-01-01T20:26:58.136,18.6,45.9,0.0,-1.8436502,11.2188076
2026-01-01T20:27:00.392,18.6,46.0,0.0,-1.8436502,11.2188076
2026-01-01T20:27:02.648,18.6,46.1,0.0,-1.8436502,11.179581
2026-01-01T20:27:04.903,18.6,46.1,0.0,-1.8436502,11.2580342
2026-01-01T20:27:07.159,18.6,46.2,0.0,-1.8828768,11.2580342
2026-01-01T20:27:09.415,18.6,46.2,0.0,-1.8044235999999998,11.179581
2026-01-01T20:27:11.670,18.6,46.2,0.0,-1.8828768,11.2580342
2026-01-01T20:27:13.926,18.6,46.2,0.0,-1.8436502,11.2188076
2026-01-01T20:27:16.182,18.6,46.2,0.0,-1.8436502,11.179581
2026-01-01T20:27:18.438,18.6,46.3,0.0,-1.8436502,11.2580342
2026-01-01T20:27:20.693,18.6,46.3,0.0,-1.8436502,11.2580342
2026-01-01T20:27:22.949,18.6,46.3,0.0,-1.8436502,11.179581
2026-01-01T20:27:25.205,18.6,46.4,0.0,-1.8044235999999998,11.1403544
2026-01-01T20:27:27.461,18.6,46.4,0.0,-1.8044235999999998,11.2188076
2026-01-01T20:27:29.716,18.6,46.4,-0.0392266,-1.8044235999999998,11.1403544
2026-01-01T20:27:31.972,18.6,46.3,0.0,-1.8044235999999998,11.179581
2026-01-01T20:27:34.228,18.6,46.2,0.0,-1.8436502,11.1403544
2026-01-01T20:27:36.484,18.6,46.2,0.0,-1.8044235999999998,11.179581
2026-01-01T20:27:38.739,18.6,46.2,0.0,-1.9221034,11.2188076
2026-01-01T20:27:40.995,18.6,46.2,-0.0392266,-1.8436502,11.179581
2026-01-01T20:27:43.250,18.6,46.2,0.0,-1.8436502,11.1403544
2026-01-01T20:27:45.506,18.6,46.2,0.0,-1.9221034,11.2972608
2026-01-01T20:27:47.762,18.6,46.2,0.0,-1.8828768,11.179581
2026-01-01T20:27:50.018,18.6,46.2,0.0,-1.8828768,11.2188076
2026-01-01T20:27:52.273,18.6,46.2,0.0,-1.8828768,11.179581
2026-01-01T20:27:54.529,18.6,46.3,0.0,-1.8436502,11.2972608
2026-01-01T20:27:56.789,18.6,46.3,0.0,-1.8436502,11.2188076
2026-01-01T20:27:59.049,18.6,46.3,0.0,-1.8828768,11.2580342
2026-01-01T20:28:01.309,18.6,46.3,0.0,-1.8436502,11.2188076
2026-01-01T20:28:03.569,18.6,46.2,0.0,-1.8044235999999998,11.2188076
2026-01-01T20:28:05.829,18.6,46.2,0.0,-1.8436502,11.2188076
2026-01-01T20:28:08.089,18.6,46.1,0.0,-1.8436502,11.2188076
2026-01-01T20:28:10.349,18.6,46.1,0.0,-1.8044235999999998,11.2580342
2026-01-01T20:28:12.609,18.6,46.1,0.0,-1.8436502,11.2188076
2026-01-01T20:28:14.864,18.6,46.1,0.0,-1.765197,11.179581
2026-01-01T20:28:17.125,18.6,46.1,0.0,-1.8436502,11.1403544
2026-01-01T20:28:19.385,18.6,46.1,0.0,-1.8828768,11.2580342
2026-01-01T20:28:21.640,18.6,46.2,-0.0392266,-1.8436502,11.2188076
2026-01-01T20:28:23.901,18.6,46.1,0.0,-1.8436502,11.2972608
2026-01-01T20:28:26.156,18.6,46.1,-0.0392266,-1.8436502,11.2188076
2026-01-01T20:28:28.417,18.6,46.0,0.0,-1.8436502,11.2188076
2026-01-01T20:28:30.677,18.6,46.0,0.0,-1.8436502,11.179581
2026-01-01T20:28:32.932,18.6,45.9,0.0,-1.8436502,11.2188076
2026-01-01T20:28:35.188,18.6,45.9,0.0,-1.8436502,11.2580342
2026-01-01T20:28:37.449,18.6,45.8,0.0,-1.8044235999999998,11.2580342
2026-01-01T20:28:39.704,18.6,45.8,-0.0392266,-1.8436502,11.2188076
2026-01-01T20:28:41.965,18.6,45.9,-0.0392266,-1.8828768,11.179581
2026-01-01T20:28:44.220,18.6,46.0,-0.0392266,-1.8044235999999998,11.2580342
2026-01-01T20:28:46.481,18.7,46.1,-0.0392266,-1.8044235999999998,11.2580342
2026-01-01T20:28:48.741,18.6,46.1,0.0,-1.8828768,11.2580342
2026-01-01T20:28:51.001,18.6,46.2,0.0,-1.8436502,11.179581
2026-01-01T20:28:53.256,18.6,46.2,0.0,-1.8436502,11.2580342
2026-01-01T20:28:55.517,18.7,46.3,0.0392266,-1.8828768,11.2188076
2026-01-01T20:28:57.772,18.6,46.2,0.0,-1.8436502,11.2188076
2026-01-01T20:29:00.028,18.6,46.1,0.0,-1.8044235999999998,11.2580342
2026-01-01T20:29:02.289,18.6,46.1,0.0,-1.8044235999999998,11.2188076
2026-01-01T20:29:04.544,18.6,46.1,0.0,-1.8436502,11.2188076
2026-01-01T20:29:06.805,18.6,46.1,0.0,-1.8436502,11.2580342
2026-01-01T20:29:09.065,18.6,46.1,0.0,-1.8436502,11.2580342
2026-01-01T20:29:11.320,18.6,46.2,0.0,-1.8436502,11.2188076
2026-01-01T20:29:13.576,18.6,46.2,0.0,-1.8828768,11.2580342
2026-01-01T20:29:15.831,18.6,46.3,0.0,-1.8436502,11.179581
2026-01-01T20:29:18.093,18.6,46.3,0.0,-1.8828768,11.179581
2026-01-01T20:29:20.353,18.6,46.3,0.0,-1.8436502,11.179581
2026-01-01T20:29:22.609,18.6,46.3,0.0,-1.9221034,11.2580342
2026-01-01T20:29:24.869,18.6,46.3,0.0,-1.8044235999999998,11.179581
2026-01-01T20:29:27.129,18.6,46.3,0.0,-1.8436502,11.2188076
2026-01-01T20:29:29.389,18.6,46.4,0.0,-1.8828768,11.2580342
2026-01-01T20:29:31.649,18.6,46.4,-0.0392266,-1.8436502,11.1403544
2026-01-01T20:29:33.904,18.6,46.4,0.0,-1.8436502,11.2580342
2026-01-01T20:29:36.165,18.6,46.4,0.0,-1.8436502,11.2580342
2026-01-01T20:29:38.420,18.6,46.4,0.0,-1.8828768,11.179581
2026-01-01T20:29:40.676,18.6,46.4,0.0,-1.8044235999999998,11.2580342
2026-01-01T20:29:42.932,18.6,46.4,0.0,-1.8436502,11.2188076
2026-01-01T20:29:45.187,18.6,46.4,-0.0392266,-1.8436502,11.2580342
2026-01-01T20:29:47.443,18.6,46.5,0.0,-1.8828768,11.179581
2026-01-01T20:29:49.699,18.6,46.5,0.0,-1.8828768,11.2580342
2026-01-01T20:29:51.954,18.6,46.5,0.0,-1.8436502,11.2188076
2026-01-01T20:29:54.210,18.7,46.5,0.0,-1.8436502,11.2188076
2026-01-01T20:29:56.466,18.6,46.4,0.0,-1.8436502,11.2580342
2026-01-01T20:29:58.721,18.6,46.4,0.0,-1.8044235999999998,11.2972608
2026-01-01T20:30:00.977,18.6,46.5,0.0,-1.8828768,11.179581
2026-01-01T20:30:03.233,18.6,46.5,0.0,-1.8044235999999998,11.1403544
2026-01-01T20:30:05.489,18.6,46.5,0.0,-1.8436502,11.2188076
2026-01-01T20:30:07.744,18.6,46.5,0.0,-1.8828768,11.179581
2026-01-01T20:30:10.000,18.6,46.5,-0.0392266,-1.8436502,11.2188076
2026-01-01T20:30:12.256,18.6,46.5,0.0,-1.8436502,11.2188076
2026-01-01T20:30:14.512,18.6,46.5,0.0,-1.8436502,11.2188076
2026-01-01T20:30:16.768,18.6,46.5,0.0,-1.8044235999999998,11.179581
2026-01-01T20:30:19.023,18.6,46.5,-0.0392266,-1.8044235999999998,11.1403544
2026-01-01T20:30:21.279,18.6,46.5,0.0,-1.8436502,11.2188076
2026-01-01T20:30:23.535,18.6,46.5,-0.0392266,-1.8828768,11.2580342
2026-01-01T20:30:25.791,18.6,46.5,-0.0392266,-1.8436502,11.2188076
2026-01-01T20:30:28.046,18.6,46.5,0.0,-1.8436502,11.1403544
2026-01-01T20:30:30.302,18.6,46.5,0.0,-1.8044235999999998,11.179581
2026-01-01T20:30:32.558,18.6,46.5,0.0,-1.8828768,11.179581
2026-01-01T20:30:34.813,18.6,46.5,-0.0392266,-1.8436502,11.2188076
2026-01-01T20:30:37.069,18.6,46.4,0.0,-1.8828768,11.2580342
2026-01-01T20:30:39.325,18.6,46.4,0.0,-1.8436502,11.179581
2026-01-01T20:30:41.580,18.6,46.4,0.0,-1.8436502,11.2580342
2026-01-01T20:30:43.836,18.7,46.4,0.0,-1.8436502,11.2580342
2026-01-01T20:30:46.092,18.6,46.4,0.0,-1.8436502,11.2188076
2026-01-01T20:30:48.347,18.6,46.4,0.0,-1.8044235999999998,11.2188076
2026-01-01T20:30:50.603,18.6,46.5,0.0,-1.8436502,11.179581
2026-01-01T20:30:52.859,18.6,46.5,0.0,-1.8828768,11.2188076
2026-01-01T20:30:55.114,18.6,46.5,0.0,-1.8436502,11.2580342
2026-01-01T20:30:57.370,18.6,46.5,0.0,-1.8436502,11.2972608
2026-01-01T20:30:59.626,18.6,46.5,0.0392266,-1.8436502,11.1011278
2026-01-01T20:31:01.882,18.6,46.5,0.0,-1.8828768,11.2972608
2026-01-01T20:31:04.137,18.6,46.4,0.0,-1.8436502,11.179581
2026-01-01T20:31:06.393,18.6,46.4,0.0,-1.8436502,11.179581
2026-01-01T20:31:08.653,18.6,46.3,0.0,-1.8828768,11.2188076
2026-01-01T20:31:10.908,18.6,46.3,0.0,-1.8044235999999998,11.2188076
2026-01-01T20:31:13.163,18.6,46.2,0.0,-1.8436502,11.2972608
2026-01-01T20:31:15.419,18.6,46.1,0.0,-1.8044235999999998,11.1403544
2026-01-01T20:31:17.674,18.6,46.0,0.0,-1.8828768,11.2188076
2026-01-01T20:31:19.933,18.6,45.8,0.0,-1.8828768,11.2188076
2026-01-01T20:31:22.193,18.6,45.7,0.0,-1.8436502,11.2188076
2026-01-01T20:31:24.453,18.6,45.5,0.0,-1.8436502,11.2580342
2026-01-01T20:31:26.713,18.6,45.4,0.0,-1.8436502,11.2580342
2026-01-01T20:31:28.973,18.6,45.4,0.0,-1.8044235999999998,11.1403544
2026-01-01T20:31:31.228,18.7,45.4,0.0,-1.8436502,11.2580342
2026-01-01T20:31:33.489,18.6,45.4,-0.0392266,-1.8828768,11.179581
2026-01-01T20:31:35.744,18.6,45.4,-0.0392266,-1.8436502,11.179581
2026-01-01T20:31:38.000,18.6,45.6,0.0,-1.8828768,11.2188076
2026-01-01T20:31:40.256,18.6,45.8,0.0,-1.8436502,11.179581
2026-01-01T20:31:42.511,18.6,45.9,0.0,-1.8436502,11.2188076
2026-01-01T20:31:44.767,18.6,46.0,0.0,-1.8436502,11.2580342
2026-01-01T20:31:47.023,18.6,46.1,-0.0392266,-1.8436502,11.2972608
2026-01-01T20:31:49.278,18.6,46.1,0.0,-1.8436502,11.2188076
2026-01-01T20:31:51.534,18.6,46.2,0.0,-1.8436502,11.1403544
2026-01-01T20:31:53.790,18.6,46.2,0.0,-1.8044235999999998,11.179581
2026-01-01T20:31:56.046,18.6,46.2,0.0,-1.8044235999999998,11.2188076
2026-01-01T20:31:58.301,18.6,46.2,-0.0392266,-1.8044235999999998,11.2580342
2026-01-01T20:32:00.557,18.6,46.3,0.0,-1.8436502,11.2188076
2026-01-01T20:32:02.813,18.6,46.3,0.0,-1.8044235999999998,11.1403544
2026-01-01T20:32:05.068,18.6,46.3,0.0,-1.8436502,11.2188076
2026-01-01T20:32:07.324,18.6,46.4,0.0,-1.8436502,11.2188076
2026-01-01T20:32:09.580,18.6,46.4,0.0,-1.8436502,11.1403544
2026-01-01T20:32:11.835,18.6,46.4,0.0,-1.8828768,11.2580342
2026-01-01T20:32:14.091,18.6,46.4,0.0,-1.8436502,11.2188076
2026-01-01T20:32:16.347,18.6,46.4,0.0,-1.8044235999999998,11.179581
2026-01-01T20:32:18.603,18.6,46.3,0.0,-1.8436502,11.2188076
2026-01-01T20:32:20.858,18.6,46.2,0.0,-1.8828768,11.2580342
2026-01-01T20:32:23.114,18.6,46.2,0.0,-1.8436502,11.179581
2026-01-01T20:32:25.370,18.6,46.2,0.0,-1.8436502,11.2188076
2026-01-01T20:32:27.626,18.6,46.2,0.0,-1.8436502,11.179581
2026-01-01T20:32:29.881,18.6,46.3,0.0,-1.8436502,11.2188076
2026-01-01T20:32:32.137,18.6,46.3,0.0,-1.8436502,11.2972608
2026-01-01T20:32:34.393,18.6,46.3,0.0,-1.8436502,11.3364874
2026-01-01T20:32:36.649,18.6,46.4,0.0,-1.8828768,11.2580342
2026-01-01T20:32:38.904,18.6,46.4,0.0,-1.8436502,11.179581
2026-01-01T20:32:41.160,18.6,46.3,0.0,-1.765197,11.1403544
2026-01-01T20:32:43.416,18.6,46.3,0.0,-1.8436502,11.179581
2026-01-01T20:32:45.671,18.6,46.3,0.0,-1.8436502,11.179581
2026-01-01T20:32:47.927,18.6,46.2,0.0,-1.8044235999999998,11.2580342
2026-01-01T20:32:50.183,18.6,46.1,0.0,-1.8436502,11.2580342
2026-01-01T20:32:52.438,18.6,46.1,-0.0392266,-1.8436502,11.2580342
2026-01-01T20:32:54.694,18.6,46.1,0.0,-1.8044235999999998,11.2580342
2026-01-01T20:32:56.949,18.6,46.2,0.0,-1.8044235999999998,11.179581
2026-01-01T20:32:59.205,18.6,46.2,0.0,-1.8436502,11.2580342
2026-01-01T20:33:01.461,18.6,46.2,0.0,-1.9221034,11.2580342
2026-01-01T20:33:03.716,18.6,46.2,0.0,-1.8044235999999998,11.2972608
2026-01-01T20:33:05.972,18.6,46.1,0.0,-1.8044235999999998,11.179581
2026-01-01T20:33:08.228,18.6,46.2,0.0,-1.8436502,11.2188076
2026-01-01T20:33:10.484,18.6,46.2,0.0392266,-1.8436502,11.2188076
2026-01-01T20:33:12.739,18.6,46.3,0.0,-1.8044235999999998,11.2188076
2026-01-01T20:33:14.995,18.6,46.3,0.0,-1.8436502,11.2188076
2026-01-01T20:33:17.251,18.6,46.4,0.0,-1.8828768,11.2188076
2026-01-01T20:33:19.506,18.6,46.4,0.0,-1.8044235999999998,11.2188076
2026-01-01T20:33:21.762,18.6,46.5,-0.0392266,-1.8436502,11.2580342
2026-01-01T20:33:24.018,18.6,46.5,0.0,-1.8436502,11.1403544
2026-01-01T20:33:26.273,18.6,46.5,0.0,-1.8436502,11.2580342
2026-01-01T20:33:28.529,18.6,46.5,0.0,-1.8828768,11.2580342
2026-01-01T20:33:30.785,18.6,46.5,0.0,-1.8044235999999998,11.179581
2026-01-01T20:33:33.041,18.6,46.4,0.0,-1.8828768,11.3364874
2026-01-01T20:33:35.296,18.6,46.3,0.0,-1.8828768,11.179581
2026-01-01T20:33:37.552,18.6,46.3,0.0,-1.765197,11.2188076
2026-01-01T20:33:39.808,18.6,46.3,0.0392266,-1.8044235999999998,11.2972608
2026-01-01T20:33:42.063,18.6,46.3,0.0,-1.765197,11.179581
2026-01-01T20:33:44.319,18.6,46.4,0.0,-1.9221034,11.2188076
2026-01-01T20:33:46.575,18.6,46.4,0.0,-1.8828768,11.2580342
2026-01-01T20:33:48.831,18.6,46.4,0.0,-1.8436502,11.179581
2026-01-01T20:33:51.087,18.6,46.4,0.0,-1.8828768,11.2580342
2026-01-01T20:33:53.343,18.6,46.4,0.0,-1.8044235999999998,11.2188076
2026-01-01T20:33:55.598,,,0.0392266,-1.8436502,11.2580342
2026-01-01T20:33:57.854,18.6,46.4,0.0,-1.8828768,11.2580342
2026-01-01T20:34:00.110,18.6,46.4,0.0,-1.8828768,11.2580342
2026-01-01T20:34:02.365,18.6,46.5,0.0,-1.8828768,11.2580342
2026-01-01T20:34:04.621,18.6,46.5,0.0,-1.8436502,11.179581
2026-01-01T20:34:06.877,18.6,46.5,0.0,-1.8436502,11.2188076
2026-01-01T20:34:09.133,18.6,46.5,-0.0392266,-1.8436502,11.179581
2026-01-01T20:34:11.388,18.6,46.5,0.0,-1.8828768,11.179581
2026-01-01T20:34:13.644,18.6,46.5,0.0,-1.8828768,11.2188076
2026-01-01T20:34:15.900,18.6,46.5,0.0,-1.8436502,11.2580342
2026-01-01T20:34:18.155,18.6,46.5,0.0,-1.8828768,11.2188076
2026-01-01T20:34:20.411,18.6,46.5,0.0,-1.8436502,11.179581
2026-01-01T20:34:22.667,18.6,46.5,-0.0392266,-1.8436502,11.2188076
2026-01-01T20:34:24.923,18.6,46.6,0.0,-1.8828768,11.2972608
2026-01-01T20:34:27.179,18.6,46.6,0.0,-1.8436502,11.2580342
2026-01-01T20:34:29.434,18.6,46.6,-0.0392266,-1.8436502,11.2188076
2026-01-01T20:34:31.690,18.6,46.6,0.0,-1.8828768,11.179581
2026-01-01T20:34:33.946,18.6,46.6,0.0,-1.8436502,11.2188076
2026-01-01T20:34:36.201,18.6,46.6,-0.0392266,-1.8436502,11.2972608
2026-01-01T20:34:38.457,18.6,46.6,0.0,-1.8436502,11.179581
2026-01-01T20:34:40.713,18.6,46.6,0.0,-1.765197,11.2188076
2026-01-01T20:34:42.968,18.6,46.6,0.0,-1.8044235999999998,11.2580342
2026-01-01T20:34:45.224,18.6,46.6,0.0,-1.8436502,11.2580342
2026-01-01T20:34:47.480,18.6,46.6,-0.0392266,-1.8436502,11.2972608
2026-01-01T20:34:49.735,18.6,46.6,0.0,-1.8436502,11.2580342
2026-01-01T20:34:51.991,18.6,46.6,0.0392266,-1.8044235999999998,11.1403544
2026-01-01T20:34:54.247,18.6,46.5,-0.0392266,-1.8436502,11.2972608
2026-01-01T20:34:56.502,18.6,46.5,0.0,-1.8436502,11.1403544
2026-01-01T20:34:58.758,18.6,46.5,0.0,-1.8436502,11.2188076
2026-01-01T20:35:01.014,18.6,46.5,0.0,-1.8044235999999998,11.179581
2026-01-01T20:35:03.269,18.6,46.5,0.0,-1.8044235999999998,11.2580342
2026-01-01T20:35:05.525,18.6,46.4,0.0,-1.9221034,11.2580342
2026-01-01T20:35:07.781,18.6,46.3,0.0,-1.8828768,11.3364874
2026-01-01T20:35:10.036,18.6,46.2,0.0392266,-1.8436502,11.1403544
2026-01-01T20:35:12.292,18.6,46.1,0.0,-1.8436502,11.2580342
2026-01-01T20:35:14.547,18.6,46.1,-0.0392266,-1.8436502,11.2580342
2026-01-01T20:35:16.803,18.6,46.1,0.0,-1.8044235999999998,11.2188076
2026-01-01T20:35:19.059,18.6,46.1,0.0,-1.8436502,11.375713999999999
2026-01-01T20:35:21.315,18.6,46.1,0.0,-1.8828768,11.2188076
2026-01-01T20:35:23.570,18.6,46.2,0.0,-1.8044235999999998,11.179581
2026-01-01T20:35:25.826,18.6,46.2,0.0,-1.8828768,11.2972608
2026-01-01T20:35:28.082,18.6,46.3,0.0,-1.8436502,11.2188076
2026-01-01T20:35:30.338,18.6,46.3,-0.0392266,-1.8044235999999998,11.2972608
2026-01-01T20:35:32.594,18.6,46.4,0.0,-1.8436502,11.179581
2026-01-01T20:35:34.850,18.6,46.4,0.0,-1.8436502,11.1403544
2026-01-01T20:35:37.105,18.6,46.4,0.0,-1.8828768,11.2188076
2026-01-01T20:35:39.361,18.6,46.5,0.0,-1.8436502,11.2580342
2026-01-01T20:35:41.621,18.6,46.5,0.0,-1.8044235999999998,11.179581
2026-01-01T20:35:43.881,18.6,46.6,-0.0392266,-1.8044235999999998,11.179581
2026-01-01T20:35:46.141,18.6,46.6,0.0,-1.8828768,11.2188076
2026-01-01T20:35:48.396,18.6,46.5,0.0,-1.8436502,11.2188076
2026-01-01T20:35:50.651,18.6,46.5,0.0,-1.8828768,11.2188076
2026-01-01T20:35:52.913,18.6,46.4,0.0,-1.8436502,11.2972608
2026-01-01T20:35:55.173,18.6,46.3,0.0,-1.8436502,11.2972608
2026-01-01T20:35:57.433,18.6,46.3,0.0,-1.8828768,11.2580342
2026-01-01T20:35:59.693,18.6,46.2,0.0,-1.8044235999999998,11.179581
2026-01-01T20:36:01.953,18.6,46.2,0.0392266,-1.8828768,11.2972608
2026-01-01T20:36:04.213,18.6,46.2,0.0,-1.8436502,11.2580342
2026-01-01T20:36:06.473,18.6,46.1,0.0,-1.8828768,11.2972608
2026-01-01T20:36:08.733,18.6,46.1,0.0,-1.8044235999999998,11.2188076
2026-01-01T20:36:10.988,18.6,46.1,0.0,-1.8436502,11.2580342
2026-01-01T20:36:13.249,18.6,46.0,0.0,-1.8436502,11.2972608
2026-01-01T20:36:15.504,18.6,46.0,0.0,-1.8436502,11.1403544
2026-01-01T20:36:17.765,18.6,46.0,0.0,-1.8436502,11.2188076
2026-01-01T20:36:20.020,18.6,46.0,0.0,-1.8436502,11.2580342
2026-01-01T20:36:22.281,18.6,45.9,0.0392266,-1.8436502,11.1403544
2026-01-01T20:36:24.541,18.6,45.9,0.0,-1.8044235999999998,11.2580342
2026-01-01T20:36:26.801,18.6,45.9,0.0,-1.8436502,11.2580342
2026-01-01T20:36:29.061,18.6,45.9,0.0,-1.8436502,11.179581
2026-01-01T20:36:31.321,18.6,45.9,0.0,-1.8436502,11.2188076
2026-01-01T20:36:33.576,18.6,45.9,0.0,-1.8436502,11.2580342
2026-01-01T20:36:35.831,18.6,46.0,0.0392266,-1.9221034,11.2188076
2026-01-01T20:36:38.093,18.6,46.1,-0.0392266,-1.8044235999999998,11.2580342
2026-01-01T20:36:40.353,18.6,46.2,0.0,-1.8044235999999998,11.2188076
2026-01-01T20:36:42.613,18.6,46.3,0.0,-1.8436502,11.2580342
2026-01-01T20:36:44.873,18.6,46.4,0.0,-1.8828768,11.2188076
2026-01-01T20:36:47.128,18.6,46.4,0.0,-1.8828768,11.2580342
2026-01-01T20:36:49.384,18.6,46.5,0.0392266,-1.8436502,11.2188076
2026-01-01T20:36:51.640,18.6,46.5,0.0,-1.8044235999999998,11.2188076
2026-01-01T20:36:53.896,18.6,46.5,0.0,-1.8436502,11.2188076
2026-01-01T20:36:56.152,18.6,46.5,0.0,-1.765197,11.2188076
2026-01-01T20:36:58.407,18.6,46.6,0.0,-1.8044235999999998,11.2580342
2026-01-01T20:37:00.663,18.6,46.6,0.0,-1.8436502,11.2580342
2026-01-01T20:37:02.919,18.6,46.7,0.0,-1.8044235999999998,11.179581
2026-01-01T20:37:05.174,18.6,46.7,0.0,-1.8436502,11.179581
2026-01-01T20:37:07.430,18.6,46.7,0.0,-1.8436502,11.179581
2026-01-01T20:37:09.686,18.6,46.7,0.0,-1.8436502,11.2188076
2026-01-01T20:37:11.941,18.6,46.7,0.0,-1.8436502,11.179581
2026-01-01T20:37:14.197,18.6,46.7,-0.0392266,-1.8044235999999998,11.2580342
2026-01-01T20:37:16.453,18.6,46.6,0.0392266,-1.8436502,11.179581
2026-01-01T20:37:18.708,18.6,46.6,0.0,-1.8436502,11.179581
2026-01-01T20:37:20.964,18.6,46.6,0.0,-1.8436502,11.2972608
2026-01-01T20:37:23.220,18.6,46.6,0.0,-1.8044235999999998,11.2188076
2026-01-01T20:37:25.475,18.6,46.6,0.0392266,-1.8044235999999998,11.2188076
2026-01-01T20:37:27.731,18.6,46.5,0.0392266,-1.9221034,11.2580342
2026-01-01T20:37:29.987,18.6,46.5,0.0,-1.8436502,11.2580342
2026-01-01T20:37:32.242,18.6,46.5,0.0,-1.8044235999999998,11.2188076
2026-01-01T20:37:34.498,18.6,46.4,-0.0392266,-1.8044235999999998,11.2580342
2026-01-01T20:37:36.754,18.6,46.4,0.0,-1.8436502,11.2580342
2026-01-01T20:37:39.010,18.6,46.5,0.0,-1.8436502,11.2580342
2026-01-01T20:37:41.265,18.6,46.5,0.0,-1.8436502,11.179581
2026-01-01T20:37:43.521,18.6,46.5,0.0,-1.8436502,11.179581
2026-01-01T20:37:45.777,18.6,46.5,0.0,-1.8436502,11.2188076
2026-01-01T20:37:48.032,18.6,46.5,0.0,-1.8044235999999998,11.2188076
2026-01-01T20:37:50.288,18.6,46.3,0.0392266,-1.8436502,11.2580342
2026-01-01T20:37:52.544,18.6,46.2,0.0392266,-1.8436502,11.2580342
2026-01-01T20:37:54.799,18.6,46.1,0.0,-1.8828768,11.2580342
2026-01-01T20:37:57.055,18.6,46.1,0.0,-1.8436502,11.2188076
2026-01-01T20:37:59.311,18.6,46.2,0.0,-1.8044235999999998,11.2972608
2026-01-01T20:38:01.566,18.6,46.2,0.0,-1.8044235999999998,11.179581
2026-01-01T20:38:03.822,18.6,46.3,0.0,-1.8436502,11.2580342
2026-01-01T20:38:06.078,18.6,46.4,0.0,-1.8436502,11.2188076
2026-01-01T20:38:08.334,18.6,46.4,0.0,-1.8044235999999998,11.2580342
2026-01-01T20:38:10.590,18.6,46.5,0.0,-1.8436502,11.2580342
2026-01-01T20:38:12.845,18.6,46.5,0.0,-1.8828768,11.2188076
2026-01-01T20:38:15.101,18.6,46.5,0.0,-1.8828768,11.2580342
2026-01-01T20:38:17.358,18.6,46.6,0.0,-1.8436502,11.2972608
2026-01-01T20:38:19.614,18.6,46.6,0.0,-1.8436502,11.1403544
2026-01-01T20:38:21.870,18.6,46.7,0.0,-1.8828768,11.2580342
2026-01-01T20:38:24.125,18.6,46.7,0.0,-1.8436502,11.2972608
2026-01-01T20:38:26.381,18.6,46.7,0.0,-1.8044235999999998,11.2188076
2026-01-01T20:38:28.637,18.6,46.7,0.0392266,-1.8828768,11.2580342
2026-01-01T20:38:30.892,18.6,46.7,0.0,-1.8436502,11.2580342
2026-01-01T20:38:33.148,18.6,46.8,0.0,-1.8828768,11.2972608
2026-01-01T20:38:35.404,18.6,46.8,0.0,-1.8436502,11.2580342
2026-01-01T20:38:37.659,18.6,46.7,-0.0392266,-1.8044235999999998,11.2188076
2026-01-01T20:38:39.915,18.6,46.8,0.0,-1.8044235999999998,11.2188076
2026-01-01T20:38:42.171,18.6,46.8,-0.0392266,-1.8044235999999998,11.2580342
2026-01-01T20:38:44.426,18.6,46.7,0.0,-1.8436502,11.2188076
2026-01-01T20:38:46.681,18.6,46.7,0.0,-1.8436502,11.2972608
2026-01-01T20:38:48.937,18.6,46.7,0.0,-1.8828768,11.2188076
2026-01-01T20:38:51.193,18.6,46.6,0.0,-1.8436502,11.2580342
2026-01-01T20:38:53.449,18.6,46.6,0.0,-1.8044235999999998,11.2580342
2026-01-01T20:38:55.704,18.6,46.6,0.0,-1.8436502,11.2188076
2026-01-01T20:38:57.960,18.6,46.6,0.0,-1.8436502,11.3364874
2026-01-01T20:39:00.215,18.6,46.5,0.0,-1.765197,11.179581
2026-01-01T20:39:02.471,18.6,46.5,-0.0392266,-1.8828768,11.2972608
2026-01-01T20:39:04.727,18.6,46.6,0.0392266,-1.8436502,11.2580342
2026-01-01T20:39:06.983,18.6,46.6,-0.0392266,-1.8044235999999998,11.2188076
2026-01-01T20:39:09.238,18.6,46.6,0.0,-1.8828768,11.2188076
2026-01-01T20:39:11.494,18.6,46.4,0.0,-1.8044235999999998,11.2188076
2026-01-01T20:39:13.750,18.7,46.5,0.0,-1.8044235999999998,11.2188076
2026-01-01T20:39:16.006,18.6,46.4,0.0,-1.8828768,11.2580342
2026-01-01T20:39:18.262,18.6,46.3,0.0,-1.8436502,11.2972608
2026-01-01T20:39:20.517,18.6,46.3,0.0,-1.8828768,11.2972608
2026-01-01T20:39:22.773,18.6,46.3,0.0,-1.8436502,11.2580342
2026-01-01T20:39:25.029,18.6,46.3,0.0,-1.8044235999999998,11.2580342
2026-01-01T20:39:27.284,18.6,46.4,0.0,-1.8436502,11.2580342
2026-01-01T20:39:29.540,18.6,46.4,0.0,-1.8044235999999998,11.2972608
2026-01-01T20:39:31.796,18.6,46.5,0.0,-1.8436502,11.2972608
2026-01-01T20:39:34.051,18.6,46.5,0.0,-1.8436502,11.2580342
2026-01-01T20:39:36.307,18.6,46.6,0.0,-1.8044235999999998,11.2580342
2026-01-01T20:39:38.563,18.6,46.6,0.0,-1.8828768,11.2580342
2026-01-01T20:39:40.818,18.6,46.5,0.0,-1.8436502,11.2580342
2026-01-01T20:39:43.074,18.6,46.6,0.0392266,-1.8044235999999998,11.2972608
2026-01-01T20:39:45.330,18.6,46.6,0.0,-1.8828768,11.2580342
2026-01-01T20:39:47.585,18.6,46.6,0.0,-1.8436502,11.2188076
2026-01-01T20:39:49.841,18.6,46.6,0.0,-1.8436502,11.2188076
2026-01-01T20:39:52.097,18.6,46.6,0.0,-1.8828768,11.2188076
2026-01-01T20:39:54.352,18.6,46.6,0.0,-1.8044235999999998,11.179581
2026-01-01T20:39:56.608,18.6,46.5,0.0,-1.8044235999999998,11.179581
2026-01-01T20:39:58.864,18.6,46.4,0.0,-1.8044235999999998,11.2580342
2026-01-01T20:40:01.119,18.6,46.4,0.0,-1.8436502,11.3364874
2026-01-01T20:40:03.375,18.6,46.3,0.0,-1.8436502,11.2188076
2026-01-01T20:40:05.631,18.6,46.2,0.0,-1.8044235999999998,11.2580342
2026-01-01T20:40:07.887,18.6,46.2,0.0,-1.8828768,11.2972608
2026-01-01T20:40:10.142,18.6,46.1,0.0,-1.8044235999999998,11.2188076
2026-01-01T20:40:12.398,18.6,46.1,0.0,-1.8044235999999998,11.2972608
2026-01-01T20:40:14.654,18.6,46.2,0.0,-1.8828768,11.2580342
2026-01-01T20:40:16.910,18.6,46.2,0.0,-1.8044235999999998,11.2580342
2026-01-01T20:40:19.165,18.6,46.2,0.0392266,-1.8436502,11.2972608
2026-01-01T20:40:21.421,18.6,46.3,0.0,-1.8044235999999998,11.2188076
2026-01-01T20:40:23.677,18.6,46.3,-0.0392266,-1.765197,11.179581
2026-01-01T20:40:25.933,18.6,46.3,0.0392266,-1.8828768,11.2188076
2026-01-01T20:40:28.188,18.7,46.4,-0.0392266,-1.8436502,11.2580342
2026-01-01T20:40:30.444,18.6,46.4,0.0,-1.8436502,11.2580342
2026-01-01T20:40:32.700,18.6,46.4,0.0,-1.8436502,11.2972608
2026-01-01T20:40:34.955,18.6,46.5,0.0392266,-1.8436502,11.2580342
2026-01-01T20:40:37.211,18.6,46.5,0.0,-1.8436502,11.2580342
2026-01-01T20:40:39.467,18.6,46.5,0.0392266,-1.8436502,11.2972608
2026-01-01T20:40:41.722,18.6,46.5,0.0,-1.765197,11.2188076
2026-01-01T20:40:43.978,18.6,46.5,0.0,-1.8436502,11.2972608
2026-01-01T20:40:46.234,18.6,46.5,0.0,-1.8044235999999998,11.179581
2026-01-01T20:40:48.490,18.6,46.5,0.0,-1.8044235999999998,11.2580342
2026-01-01T20:40:50.745,18.6,46.5,0.0,-1.8436502,11.2188076
2026-01-01T20:40:53.001,18.6,46.5,0.0,-1.8436502,11.2188076
2026-01-01T20:40:55.256,18.6,46.5,0.0,-1.8436502,11.2972608
2026-01-01T20:40:57.512,18.6,46.5,0.0392266,-1.8828768,11.2580342
2026-01-01T20:40:59.768,18.6,46.5,0.0,-1.8044235999999998,11.2188076
2026-01-01T20:41:02.023,18.6,46.4,-0.0392266,-1.8436502,11.2580342
2026-01-01T20:41:04.279,18.6,46.3,0.0,-1.8044235999999998,11.179581
2026-01-01T20:41:06.535,18.6,46.2,0.0392266,-1.8436502,11.2188076
2026-01-01T20:41:08.791,18.6,46.3,0.0,-1.8828768,11.2580342
2026-01-01T20:41:11.047,18.6,46.4,0.0,-1.8044235999999998,11.2188076
2026-01-01T20:41:13.302,18.6,46.4,0.0392266,-1.8044235999999998,11.2580342
2026-01-01T20:41:15.558,18.6,46.5,0.0,-1.8044235999999998,11.2188076
2026-01-01T20:41:17.814,18.6,46.5,0.0,-1.8044235999999998,11.2188076
2026-01-01T20:41:20.070,18.6,46.5,0.0,-1.8828768,11.2580342
2026-01-01T20:41:22.325,18.6,46.6,0.0,-1.8044235999999998,11.2188076
2026-01-01T20:41:24.581,18.6,46.6,0.0,-1.8828768,11.2188076
2026-01-01T20:41:26.837,,,0.0,-1.8436502,11.2188076
2026-01-01T20:41:29.092,18.6,46.6,0.0,-1.8436502,11.2972608
2026-01-01T20:41:31.348,18.6,46.6,0.0,-1.8044235999999998,11.2188076
2026-01-01T20:41:33.604,18.6,46.6,0.0,-1.8436502,11.2580342
2026-01-01T20:41:35.860,18.6,46.6,0.0,-1.8044235999999998,11.2580342
2026-01-01T20:41:38.115,18.6,46.6,0.0392266,-1.8044235999999998,11.2188076
2026-01-01T20:41:40.371,18.6,46.7,0.0,-1.8828768,11.2188076
2026-01-01T20:41:42.627,18.6,46.6,0.0,-1.8044235999999998,11.2188076
2026-01-01T20:41:44.882,18.6,46.6,0.0,-1.8044235999999998,11.2972608
2026-01-01T20:41:47.138,18.6,46.5,0.0,-1.8436502,11.3364874
2026-01-01T20:41:49.394,18.6,46.5,0.0,-1.8436502,11.2188076
2026-01-01T20:41:51.649,18.6,46.5,0.0,-1.8436502,11.2580342
2026-01-01T20:41:53.905,18.6,46.5,0.0,-1.8436502,11.2188076
2026-01-01T20:41:56.160,18.6,46.5,0.0,-1.8436502,11.2188076
2026-01-01T20:41:58.416,18.6,46.4,0.0,-1.8436502,11.2580342
2026-01-01T20:42:00.672,18.6,46.5,0.0,-1.765197,11.2580342
2026-01-01T20:42:02.927,18.6,46.5,0.0,-1.8044235999999998,11.2188076
2026-01-01T20:42:05.189,18.6,46.5,0.0,-1.8828768,11.2580342
2026-01-01T20:42:07.449,18.6,46.5,0.0,-1.8436502,11.2580342
2026-01-01T20:42:09.709,18.6,46.5,0.0,-1.8044235999999998,11.2580342
2026-01-01T20:42:11.964,18.6,46.5,0.0,-1.8436502,11.2580342
2026-01-01T20:42:14.220,18.6,46.5,0.0,-1.8436502,11.2188076
2026-01-01T20:42:16.476,18.6,46.5,0.0,-1.8828768,11.2580342
2026-01-01T20:42:18.731,18.6,46.5,0.0,-1.8436502,11.2188076
2026-01-01T20:42:20.987,18.6,46.5,0.0,-1.8436502,11.179581
2026-01-01T20:42:23.243,18.6,46.5,0.0,-1.8436502,11.2972608
2026-01-01T20:42:25.499,18.6,46.5,0.0,-1.8436502,11.2580342
2026-01-01T20:42:27.755,18.6,46.5,0.0392266,-1.8044235999999998,11.2580342
2026-01-01T20:42:30.010,18.6,46.6,0.0,-1.8436502,11.2580342
2026-01-01T20:42:32.266,18.6,46.6,0.0,-1.8044235999999998,11.2188076
2026-01-01T20:42:34.522,18.6,46.5,0.0,-1.8436502,11.2580342
2026-01-01T20:42:36.778,18.6,46.5,0.0,-1.8044235999999998,11.2580342
2026-01-01T20:42:39.033,18.6,46.5,0.0392266,-1.8436502,11.2972608
2026-01-01T20:42:41.291,18.6,46.5,0.0,-1.8436502,11.2188076
2026-01-01T20:42:43.546,18.6,46.5,0.0,-1.8436502,11.2188076
2026-01-01T20:42:45.805,18.6,46.5,0.0392266,-1.8436502,11.2580342
2026-01-01T20:42:48.065,18.6,46.5,0.0,-1.8436502,11.2580342
2026-01-01T20:42:50.325,18.6,46.5,0.0392266,-1.8436502,11.2188076
2026-01-01T20:42:52.580,18.6,46.4,0.0,-1.8436502,11.179581
2026-01-01T20:42:54.836,18.6,46.4,0.0,-1.8436502,11.3364874
2026-01-01T20:42:57.091,18.6,46.4,0.0,-1.765197,11.179581
2026-01-01T20:42:59.346,18.6,46.4,0.0,-1.7259703999999998,11.1403544
2026-01-01T20:43:01.605,18.6,46.4,0.0392266,-1.8044235999999998,11.3364874
2026-01-01T20:43:03.865,18.6,46.4,0.0,-1.8044235999999998,11.179581
2026-01-01T20:43:06.120,18.6,46.4,0.0,-1.8436502,11.3364874
2026-01-01T20:43:08.376,18.6,46.5,0.0392266,-1.8436502,11.2188076
2026-01-01T20:43:10.632,18.6,46.5,0.0,-1.8436502,11.179581
2026-01-01T20:43:12.888,18.6,46.5,0.0,-1.8436502,11.3364874
2026-01-01T20:43:15.143,18.6,46.5,0.0,-1.8436502,11.179581
2026-01-01T20:43:17.399,18.6,46.5,0.0,-1.8044235999999998,11.2580342
2026-01-01T20:43:19.655,18.6,46.6,0.0392266,-1.8436502,11.179581
2026-01-01T20:43:21.911,18.6,46.6,0.0,-1.8436502,11.2580342
2026-01-01T20:43:24.166,18.6,46.5,0.0,-1.8436502,11.2580342
2026-01-01T20:43:26.422,18.6,46.4,0.0,-1.8044235999999998,11.2188076
2026-01-01T20:43:28.678,18.6,46.4,0.0,-1.8436502,11.2580342
2026-01-01T20:43:30.934,18.6,46.4,0.0,-1.8436502,11.2188076
2026-01-01T20:43:33.189,18.6,46.4,0.0,-1.8044235999999998,11.2188076
2026-01-01T20:43:35.445,18.6,46.5,0.0,-1.8044235999999998,11.2580342
2026-01-01T20:43:37.701,18.6,46.5,0.0,-1.8828768,11.2580342
2026-01-01T20:43:39.956,18.6,46.5,0.0,-1.8436502,11.2972608
2026-01-01T20:43:42.212,18.6,46.5,-0.0392266,-1.8436502,11.2972608
2026-01-01T20:43:44.468,18.6,46.5,0.0,-1.8044235999999998,11.2188076
2026-01-01T20:43:46.724,18.6,46.5,0.0,-1.8044235999999998,11.2580342
2026-01-01T20:43:48.979,18.6,46.5,0.0392266,-1.8436502,11.2188076
2026-01-01T20:43:51.235,18.6,46.6,-0.0392266,-1.8044235999999998,11.2188076
2026-01-01T20:43:53.491,18.6,46.6,0.0,-1.8436502,11.179581
2026-01-01T20:43:55.746,18.6,46.6,0.0,-1.8044235999999998,11.2580342
2026-01-01T20:43:58.002,18.6,46.6,0.0,-1.8436502,11.2972608
2026-01-01T20:44:00.258,18.6,46.6,0.0,-1.8044235999999998,11.2188076
2026-01-01T20:44:02.514,18.6,46.7,0.0,-1.765197,11.2188076
2026-01-01T20:44:04.769,18.6,46.7,0.0,-1.8044235999999998,11.2580342
2026-01-01T20:44:07.025,18.6,46.7,0.0392266,-1.765197,11.2188076
2026-01-01T20:44:09.280,,,0.0,-1.8828768,11.2580342
2026-01-01T20:44:11.536,18.6,46.7,0.0,-1.8044235999999998,11.179581
2026-01-01T20:44:13.792,18.6,46.7,0.0,-1.8044235999999998,11.2580342
2026-01-01T20:44:16.047,18.6,46.6,0.0,-1.8044235999999998,11.2580342
2026-01-01T20:44:18.303,18.6,46.6,0.0,-1.8828768,11.2972608
2026-01-01T20:44:20.559,18.6,46.6,0.0392266,-1.8436502,11.2188076
2026-01-01T20:44:22.815,18.6,46.6,0.0,-1.8436502,11.3364874
2026-01-01T20:44:25.070,18.6,46.6,0.0392266,-1.8436502,11.2580342
2026-01-01T20:44:27.326,18.6,46.6,0.0,-1.8828768,11.2580342
2026-01-01T20:44:29.582,18.6,46.6,0.0,-1.8436502,11.2972608
2026-01-01T20:44:31.838,18.6,46.7,0.0,-1.8828768,11.2188076
2026-01-01T20:44:34.094,18.6,46.7,0.0,-1.8436502,11.2972608
2026-01-01T20:44:36.350,18.6,46.7,0.0,-1.8044235999999998,11.2580342
2026-01-01T20:44:38.605,18.6,46.8,0.0,-1.765197,11.2188076
2026-01-01T20:44:40.861,18.6,46.7,0.0,-1.8436502,11.2580342
2026-01-01T20:44:43.119,,,0.0392266,-1.8828768,11.2972608
2026-01-01T20:44:45.377,18.6,46.7,0.0,-1.765197,11.2580342
2026-01-01T20:44:47.632,18.6,46.7,0.0,-1.8044235999999998,11.2188076
2026-01-01T20:44:49.888,18.6,46.7,0.0,-1.8044235999999998,11.2580342
2026-01-01T20:44:52.143,18.6,46.6,0.0,-1.8436502,11.2972608
2026-01-01T20:44:54.398,18.6,46.6,0.0,-1.8436502,11.2188076
2026-01-01T20:44:56.654,18.6,46.6,0.0,-1.8828768,11.2580342
2026-01-01T20:44:58.909,18.6,46.6,0.0,-1.8436502,11.2580342
2026-01-01T20:45:01.165,18.6,46.6,0.0,-1.8436502,11.2188076
2026-01-01T20:45:03.420,18.6,46.6,0.0,-1.8436502,11.2972608
2026-01-01T20:45:05.676,18.6,46.6,0.0,-1.8436502,11.2188076
2026-01-01T20:45:07.937,18.6,46.6,0.0,-1.8436502,11.2580342
2026-01-01T20:45:10.192,18.6,46.6,0.0,-1.8436502,11.179581
2026-01-01T20:45:12.448,18.6,46.5,0.0,-1.8044235999999998,11.2580342
2026-01-01T20:45:14.703,18.6,46.4,0.0,-1.8436502,11.2580342
2026-01-01T20:45:16.959,18.6,46.3,0.0,-1.8828768,11.2972608
2026-01-01T20:45:19.215,18.6,46.3,0.0,-1.8828768,11.2580342
2026-01-01T20:45:21.471,18.6,46.2,0.0,-1.8436502,11.2972608
2026-01-01T20:45:23.727,18.6,46.1,-0.0392266,-1.8436502,11.2188076
2026-01-01T20:45:25.982,18.6,46.1,0.0392266,-1.8436502,11.2580342
2026-01-01T20:45:28.238,18.6,46.0,0.0,-1.8044235999999998,11.2580342
2026-01-01T20:45:30.494,18.6,46.0,0.0,-1.8436502,11.2580342
2026-01-01T20:45:32.750,18.6,45.9,0.0,-1.8044235999999998,11.2188076
2026-01-01T20:45:35.005,18.6,45.9,0.0,-1.8436502,11.2580342
2026-01-01T20:45:37.261,18.6,46.0,0.0392266,-1.8436502,11.2580342
2026-01-01T20:45:39.517,18.6,46.1,0.0,-1.8044235999999998,11.2188076
2026-01-01T20:45:41.775,18.6,46.2,0.0,-1.8436502,11.2580342
2026-01-01T20:45:44.033,18.6,46.3,0.0,-1.8436502,11.2580342
2026-01-01T20:45:46.293,18.6,46.4,0.0,-1.8436502,11.2188076
2026-01-01T20:45:48.553,18.6,46.4,0.0,-1.8436502,11.2188076
2026-01-01T20:45:50.813,18.6,46.4,0.0,-1.8828768,11.2972608
2026-01-01T20:45:53.073,18.6,46.4,0.0,-1.8436502,11.2580342
2026-01-01T20:45:55.333,18.6,46.3,0.0,-1.8436502,11.2580342
2026-01-01T20:45:57.588,18.6,46.2,0.0,-1.8436502,11.2972608
2026-01-01T20:45:59.844,18.6,46.1,0.0,-1.8044235999999998,11.179581
2026-01-01T20:46:02.099,18.6,46.1,0.0,-1.8044235999999998,11.2580342
2026-01-01T20:46:04.357,18.6,46.0,0.0392266,-1.8828768,11.2972608
2026-01-01T20:46:06.617,18.6,46.0,0.0,-1.8436502,11.1403544
2026-01-01T20:46:08.872,18.6,46.1,0.0,-1.8436502,11.2188076
2026-01-01T20:46:11.133,18.6,46.2,0.0392266,-1.8828768,11.2972608
2026-01-01T20:46:13.388,18.6,46.3,0.0,-1.8436502,11.2580342
2026-01-01T20:46:15.649,18.6,46.3,0.0,-1.8044235999999998,11.2188076
2026-01-01T20:46:17.904,18.6,46.4,0.0,-1.8436502,11.2972608
2026-01-01T20:46:20.165,18.6,46.5,0.0,-1.8436502,11.179581
2026-01-01T20:46:22.425,18.6,46.5,0.0,-1.8044235999999998,11.3364874
2026-01-01T20:46:24.685,18.6,46.6,0.0,-1.8044235999999998,11.2188076
2026-01-01T20:46:26.945,18.6,46.7,0.0392266,-1.8436502,11.2972608
2026-01-01T20:46:29.200,18.6,46.7,0.0,-1.8044235999999998,11.2580342
2026-01-01T20:46:31.461,18.6,46.7,0.0,-1.8044235999999998,11.2188076
2026-01-01T20:46:33.721,18.6,46.7,0.0,-1.8436502,11.2972608
2026-01-01T20:46:35.977,18.6,46.8,0.0,-1.8436502,11.2580342
2026-01-01T20:46:38.232,18.6,46.8,0.0,-1.8828768,11.2580342
2026-01-01T20:46:40.488,18.6,46.8,0.0,-1.8044235999999998,11.2580342
2026-01-01T20:46:42.743,18.6,46.8,0.0,-1.8436502,11.2580342
2026-01-01T20:46:44.999,18.6,46.8,0.0,-1.8436502,11.179581
2026-01-01T20:46:47.254,18.6,46.8,0.0,-1.8044235999999998,11.2188076
2026-01-01T20:46:49.513,18.6,46.8,0.0,-1.8436502,11.2580342
2026-01-01T20:46:51.773,18.6,46.8,0.0,-1.8436502,11.2972608
2026-01-01T20:46:54.033,18.6,46.8,0.0,-1.8828768,11.2972608
2026-01-01T20:46:56.288,18.6,46.9,0.0,-1.765197,11.2188076
2026-01-01T20:46:58.544,18.6,46.8,0.0,-1.8436502,11.2580342
2026-01-01T20:47:00.805,18.6,46.8,0.0,-1.8436502,11.2972608
2026-01-01T20:47:03.060,18.6,46.8,-0.0392266,-1.8436502,11.2188076
2026-01-01T20:47:05.321,18.6,46.8,-0.0392266,-1.765197,11.2188076
2026-01-01T20:47:07.581,18.6,46.8,0.0,-1.8044235999999998,11.2580342
2026-01-01T20:47:09.836,18.6,46.8,-0.0392266,-1.8044235999999998,11.2580342
2026-01-01T20:47:12.092,18.6,46.8,0.0,-1.8044235999999998,11.2188076
2026-01-01T20:47:14.353,18.6,46.7,0.0,-1.8436502,11.2972608
2026-01-01T20:47:16.613,18.6,46.7,0.0,-1.8044235999999998,11.2580342
2026-01-01T20:47:18.868,18.6,46.6,0.0,-1.8044235999999998,11.2188076
2026-01-01T20:47:21.129,18.6,46.6,0.0,-1.8044235999999998,11.2188076
2026-01-01T20:47:23.384,18.6,46.5,0.0,-1.8044235999999998,11.2580342
2026-01-01T20:47:25.640,18.6,46.5,0.0,-1.8828768,11.2972608
2026-01-01T20:47:27.901,18.6,46.4,0.0,-1.8436502,11.2580342
2026-01-01T20:47:30.156,18.6,46.3,0.0,-1.8044235999999998,11.2580342
2026-01-01T20:47:32.412,18.6,46.4,0.0392266,-1.8828768,11.2972608
2026-01-01T20:47:34.673,18.6,46.4,0.0392266,-1.8044235999999998,11.2188076
2026-01-01T20:47:36.928,18.6,46.5,0.0,-1.8436502,11.3364874
2026-01-01T20:47:39.183,18.6,46.6,0.0,-1.8436502,11.2580342
2026-01-01T20:47:41.445,18.6,46.6,-0.0392266,-1.8436502,11.2580342
2026-01-01T20:47:43.700,18.6,46.6,0.0,-1.8436502,11.2580342
2026-01-01T20:47:45.956,18.6,46.7,0.0392266,-1.8044235999999998,11.2188076
2026-01-01T20:47:48.217,18.6,46.7,0.0,-1.8436502,11.2580342
2026-01-01T20:47:50.472,18.6,46.8,0.0,-1.8436502,11.2580342
2026-01-01T20:47:52.733,18.6,46.8,0.0,-1.8044235999999998,11.2188076
2026-01-01T20:47:54.993,18.6,46.8,0.0,-1.8436502,11.2972608
2026-01-01T20:47:57.253,18.6,46.9,-0.0392266,-1.8044235999999998,11.2580342
2026-01-01T20:47:59.513,18.6,46.9,0.0,-1.8436502,11.2580342
2026-01-01T20:48:01.773,18.6,46.9,0.0,-1.8828768,11.2188076
2026-01-01T20:48:04.028,18.6,46.9,0.0,-1.8044235999999998,11.2580342
2026-01-01T20:48:06.289,18.6,46.9,0.0,-1.8436502,11.2580342
2026-01-01T20:48:08.549,18.6,47.0,0.0,-1.8044235999999998,11.2188076
2026-01-01T20:48:10.804,18.6,47.0,0.0392266,-1.8828768,11.2580342
2026-01-01T20:48:13.060,18.6,47.0,-0.0392266,-1.8436502,11.3364874
2026-01-01T20:48:15.315,18.6,47.0,0.0392266,-1.8044235999999998,11.2188076
2026-01-01T20:48:17.573,18.7,47.0,0.0,-1.8436502,11.2580342
2026-01-01T20:48:19.828,18.6,47.0,0.0,-1.8436502,11.2972608
2026-01-01T20:48:22.084,18.7,47.1,0.0,-1.8828768,11.2972608
2026-01-01T20:48:24.339,18.6,47.0,0.0,-1.8044235999999998,11.179581
2026-01-01T20:48:26.595,18.6,47.0,0.0,-1.8436502,11.2972608
2026-01-01T20:48:28.851,18.6,47.0,-0.0392266,-1.8044235999999998,11.2972608
2026-01-01T20:48:31.107,18.7,47.0,0.0,-1.8828768,11.2972608
2026-01-01T20:48:33.363,18.6,46.9,0.0,-1.8436502,11.179581
2026-01-01T20:48:35.618,18.6,46.9,0.0,-1.8436502,11.2188076
2026-01-01T20:48:37.874,18.6,46.9,-0.0392266,-1.8044235999999998,11.2580342
2026-01-01T20:48:40.130,18.6,46.9,0.0,-1.8436502,11.2188076
2026-01-01T20:48:42.386,18.7,47.0,-0.0392266,-1.8436502,11.179581
2026-01-01T20:48:44.641,18.6,46.9,0.0,-1.8436502,11.2580342
2026-01-01T20:48:46.897,18.7,47.0,0.0,-1.8436502,11.2188076
2026-01-01T20:48:49.153,18.7,47.0,0.0392266,-1.8436502,11.2188076
2026-01-01T20:48:51.408,18.6,46.9,0.0,-1.8044235999999998,11.179581
2026-01-01T20:48:53.664,18.7,47.0,0.0,-1.8828768,11.2972608
2026-01-01T20:48:55.920,18.6,46.9,0.0,-1.8044235999999998,11.2580342
2026-01-01T20:48:58.175,18.7,47.0,0.0,-1.8828768,11.2972608
2026-01-01T20:49:00.431,18.6,46.9,0.0,-1.8044235999999998,11.179581
2026-01-01T20:49:02.686,18.7,46.9,-0.0392266,-1.8436502,11.2580342
2026-01-01T20:49:04.942,18.6,46.8,0.0,-1.8044235999999998,11.2188076
2026-01-01T20:49:07.198,18.6,46.8,0.0,-1.8436502,11.2580342
2026-01-01T20:49:09.453,18.7,46.8,-0.0392266,-1.8436502,11.2580342
2026-01-01T20:49:11.709,18.7,46.8,0.0,-1.8828768,11.2188076
2026-01-01T20:49:13.965,18.6,46.7,0.0,-1.8436502,11.2188076
2026-01-01T20:49:16.221,18.7,46.8,0.0,-1.8436502,11.2972608
2026-01-01T20:49:18.476,18.7,46.8,-0.0392266,-1.8044235999999998,11.179581
2026-01-01T20:49:20.732,18.7,46.8,0.0,-1.8436502,11.2580342
2026-01-01T20:49:22.988,18.6,46.8,0.0,-1.8436502,11.2972608
2026-01-01T20:49:25.243,18.7,46.8,0.0,-1.8436502,11.179581
2026-01-01T20:49:27.499,18.6,46.8,0.0,-1.8044235999999998,11.2188076
2026-01-01T20:49:29.755,18.7,46.8,0.0,-1.8436502,11.2580342
2026-01-01T20:49:32.011,18.6,46.8,0.0,-1.8044235999999998,11.2188076
2026-01-01T20:49:34.267,18.6,46.8,0.0,-1.8436502,11.2188076
2026-01-01T20:49:36.523,18.6,46.8,0.0,-1.8436502,11.179581
2026-01-01T20:49:38.778,18.7,46.9,0.0392266,-1.9221034,11.2188076
2026-01-01T20:49:41.034,18.6,46.8,0.0,-1.8044235999999998,11.179581
2026-01-01T20:49:43.290,18.6,46.8,0.0,-1.8436502,11.2580342
2026-01-01T20:49:45.546,18.6,46.7,0.0,-1.8436502,11.2188076
2026-01-01T20:49:47.802,18.7,46.8,0.0,-1.8828768,11.2188076
2026-01-01T20:49:50.057,18.7,46.7,0.0,-1.8436502,11.2972608
2026-01-01T20:49:52.313,18.7,46.6,0.0,-1.8828768,11.2580342
2026-01-01T20:49:54.569,18.7,46.6,0.0,-1.8044235999999998,11.179581
2026-01-01T20:49:56.824,18.7,46.5,0.0,-1.8436502,11.2972608
2026-01-01T20:49:59.080,18.7,46.4,0.0,-1.8436502,11.2188076
2026-01-01T20:50:01.336,18.7,46.4,0.0,-1.8436502,11.2580342
2026-01-01T20:50:03.591,18.7,46.3,0.0,-1.8828768,11.2580342
2026-01-01T20:50:05.847,18.6,46.2,0.0,-1.8436502,11.2188076
2026-01-01T20:50:08.103,18.7,46.2,0.0,-1.8044235999999998,11.2580342
2026-01-01T20:50:10.360,18.6,46.2,0.0,-1.8436502,11.3364874
2026-01-01T20:50:12.621,18.7,46.2,0.0,-1.8044235999999998,11.2188076
2026-01-01T20:50:14.881,18.6,46.1,0.0,-1.8044235999999998,11.2580342
2026-01-01T20:50:17.141,18.6,46.1,0.0,-1.9221034,11.2580342
2026-01-01T20:50:19.396,18.6,46.1,0.0392266,-1.8436502,11.2188076
2026-01-01T20:50:21.657,18.7,46.2,0.0392266,-1.8828768,11.2972608
2026-01-01T20:50:23.913,18.7,46.2,0.0,-1.8044235999999998,11.2188076
2026-01-01T20:50:26.168,18.7,46.3,0.0,-1.8436502,11.2972608
2026-01-01T20:50:28.423,18.6,46.3,0.0,-1.8828768,11.2188076
2026-01-01T20:50:30.679,18.6,46.4,0.0392266,-1.8828768,11.2972608
2026-01-01T20:50:32.935,18.6,46.4,0.0,-1.8044235999999998,11.2188076
2026-01-01T20:50:35.191,18.6,46.5,0.0,-1.8436502,11.2188076
2026-01-01T20:50:37.446,18.6,46.5,0.0392266,-1.8828768,11.2580342
2026-01-01T20:50:39.702,18.6,46.5,0.0392266,-1.8828768,11.2972608
2026-01-01T20:50:41.958,18.7,46.5,0.0,-1.8436502,11.2188076
2026-01-01T20:50:44.214,18.6,46.5,0.0,-1.8436502,11.2188076
2026-01-01T20:50:46.470,18.6,46.4,0.0,-1.8044235999999998,11.2188076
2026-01-01T20:50:48.725,18.6,46.4,0.0,-1.8044235999999998,11.2188076
2026-01-01T20:50:50.981,18.7,46.4,0.0,-1.8828768,11.2188076
2026-01-01T20:50:53.236,18.6,46.3,0.0,-1.8044235999999998,11.179581
2026-01-01T20:50:55.492,18.6,46.4,0.0,-1.8436502,11.2580342
2026-01-01T20:50:57.748,18.6,46.4,0.0392266,-1.8436502,11.2188076
2026-01-01T20:51:00.003,18.6,46.4,0.0,-1.8436502,11.2188076
2026-01-01T20:51:02.259,18.6,46.4,0.0,-1.8436502,11.1403544
2026-01-01T20:51:04.515,18.6,46.3,-0.0392266,-1.8044235999999998,11.2580342
2026-01-01T20:51:06.770,18.6,46.2,0.0,-1.8436502,11.2580342
2026-01-01T20:51:09.026,18.6,46.2,0.0,-1.8828768,11.2188076
2026-01-01T20:51:11.282,18.6,46.2,0.0392266,-1.8828768,11.2580342
2026-01-01T20:51:13.538,18.6,46.1,0.0,-1.8436502,11.2188076
2026-01-01T20:51:15.794,18.6,46.0,0.0,-1.8436502,11.2188076
2026-01-01T20:51:18.049,18.6,46.0,0.0,-1.8044235999999998,11.179581
2026-01-01T20:51:20.305,18.6,46.0,0.0,-1.8436502,11.2972608
2026-01-01T20:51:22.561,18.6,45.9,0.0,-1.8436502,11.2188076
2026-01-01T20:51:24.816,18.7,45.9,0.0,-1.8436502,11.179581
2026-01-01T20:51:27.072,18.7,45.9,0.0,-1.8044235999999998,11.2188076
2026-01-01T20:51:29.328,18.6,45.7,-0.0392266,-1.8044235999999998,11.2580342
2026-01-01T20:51:31.583,18.6,45.6,0.0,-1.8436502,11.2580342
2026-01-01T20:51:33.838,18.6,45.5,0.0,-1.8044235999999998,11.2188076
2026-01-01T20:51:36.094,18.6,45.4,0.0,-1.8436502,11.3364874
2026-01-01T20:51:38.350,18.6,45.4,0.0,-1.8828768,11.2188076
2026-01-01T20:51:40.606,18.6,45.4,0.0,-1.8044235999999998,11.2580342
2026-01-01T20:51:42.862,18.6,45.4,0.0,-1.9221034,11.2580342
2026-01-01T20:51:45.118,18.6,45.4,0.0392266,-1.8436502,11.1403544
2026-01-01T20:51:47.373,18.6,45.4,0.0,-1.8828768,11.2972608
2026-01-01T20:51:49.629,18.6,45.5,0.0,-1.8436502,11.2580342
2026-01-01T20:51:51.885,18.6,45.7,0.0,-1.8436502,11.2580342
2026-01-01T20:51:54.141,18.6,45.8,0.0,-1.8828768,11.2188076
2026-01-01T20:51:56.397,18.6,45.9,0.0,-1.8044235999999998,11.2188076
2026-01-01T20:51:58.652,18.6,45.9,0.0,-1.8044235999999998,11.179581
2026-01-01T20:52:00.908,18.6,45.9,0.0,-1.8044235999999998,11.2580342
2026-01-01T20:52:03.164,18.6,45.9,0.0,-1.8436502,11.2188076
2026-01-01T20:52:05.420,18.6,46.0,0.0,-1.8436502,11.2580342
2026-01-01T20:52:07.676,18.6,46.1,0.0,-1.8436502,11.2580342
2026-01-01T20:52:09.931,18.6,46.2,0.0,-1.8828768,11.2188076
2026-01-01T20:52:12.187,18.6,46.3,0.0,-1.8044235999999998,11.2188076
2026-01-01T20:52:14.443,18.6,46.3,-0.0392266,-1.8436502,11.2580342
2026-01-01T20:52:16.699,18.6,46.4,0.0,-1.8436502,11.179581
2026-01-01T20:52:18.954,18.6,46.5,-0.0392266,-1.8436502,11.2188076
2026-01-01T20:52:21.210,18.6,46.6,0.0,-1.8828768,11.2972608
2026-01-01T20:52:23.466,18.6,46.6,0.0,-1.8828768,11.2188076
2026-01-01T20:52:25.721,18.6,46.7,0.0,-1.8044235999999998,11.2188076
2026-01-01T20:52:27.977,18.6,46.7,0.0,-1.8436502,11.2972608
2026-01-01T20:52:30.233,18.7,46.8,0.0,-1.8044235999999998,11.2188076
2026-01-01T20:52:32.489,18.7,46.8,0.0,-1.8044235999999998,11.2188076
2026-01-01T20:52:34.744,18.7,46.9,0.0,-1.8828768,11.179581
2026-01-01T20:52:37.000,18.7,46.9,0.0,-1.8044235999999998,11.2188076
2026-01-01T20:52:39.256,18.7,46.9,0.0,-1.8044235999999998,11.2580342
2026-01-01T20:52:41.512,18.6,46.8,0.0,-1.8828768,11.3364874
2026-01-01T20:52:43.767,18.7,46.9,-0.0392266,-1.8436502,11.179581
2026-01-01T20:52:46.023,18.7,47.0,0.0,-1.8044235999999998,11.2580342
2026-01-01T20:52:48.279,18.7,47.0,0.0,-1.8828768,11.2580342
2026-01-01T20:52:50.535,18.7,46.9,0.0,-1.8436502,11.179581
2026-01-01T20:52:52.791,18.6,46.9,0.0,-1.8436502,11.2188076
2026-01-01T20:52:55.046,18.7,47.0,0.0,-1.8436502,11.179581
2026-01-01T20:52:57.302,18.7,47.0,0.0,-1.8044235999999998,11.179581
2026-01-01T20:52:59.558,18.6,46.9,0.0,-1.8436502,11.2972608
2026-01-01T20:53:01.813,18.7,47.0,0.0,-1.8044235999999998,11.2580342
2026-01-01T20:53:04.069,18.7,47.0,0.0,-1.765197,11.2188076
2026-01-01T20:53:06.325,18.6,47.0,0.0,-1.8828768,11.2580342
2026-01-01T20:53:08.581,18.7,46.9,-0.0392266,-1.8044235999999998,11.2188076
2026-01-01T20:53:10.836,18.6,46.9,0.0,-1.8044235999999998,11.2972608
2026-01-01T20:53:13.092,18.7,46.9,0.0,-1.8044235999999998,11.2580342
2026-01-01T20:53:15.348,18.6,46.8,0.0,-1.8044235999999998,11.2580342
2026-01-01T20:53:17.604,18.7,46.8,0.0,-1.8436502,11.2188076
2026-01-01T20:53:19.859,18.7,46.9,0.0,-1.8044235999999998,11.179581
2026-01-01T20:53:22.115,18.7,46.9,0.0,-1.8828768,11.2580342
2026-01-01T20:53:24.370,18.6,46.8,0.0,-1.8828768,11.2188076
2026-01-01T20:53:26.626,18.6,46.8,0.0,-1.8044235999999998,11.2188076
2026-01-01T20:53:28.882,18.7,46.8,0.0,-1.8436502,11.2972608
2026-01-01T20:53:31.138,18.7,46.8,0.0,-1.8044235999999998,11.179581
2026-01-01T20:53:33.394,18.7,46.7,0.0,-1.8436502,11.2972608
2026-01-01T20:53:35.649,18.7,46.6,-0.0392266,-1.8436502,11.179581
2026-01-01T20:53:37.905,18.6,46.5,0.0,-1.8436502,11.2580342
2026-01-01T20:53:40.161,18.6,46.6,0.0,-1.8436502,11.2580342
2026-01-01T20:53:42.416,18.7,46.7,0.0,-1.8436502,11.2580342
2026-01-01T20:53:44.672,18.7,46.7,0.0,-1.8436502,11.2972608
2026-01-01T20:53:46.928,18.6,46.7,0.0,-1.8436502,11.2972608
2026-01-01T20:53:49.184,18.7,46.8,0.0,-1.8436502,11.2580342
2026-01-01T20:53:51.440,18.6,46.8,0.0,-1.8436502,11.179581
2026-01-01T20:53:53.695,18.6,46.8,0.0,-1.9221034,11.2580342
2026-01-01T20:53:55.951,18.6,46.8,0.0,-1.8044235999999998,11.2580342
2026-01-01T20:53:58.207,18.6,46.8,-0.0392266,-1.8436502,11.2580342
2026-01-01T20:54:00.463,18.6,46.8,0.0392266,-1.8436502,11.2580342
2026-01-01T20:54:02.719,18.6,46.9,0.0,-1.765197,11.2188076
2026-01-01T20:54:04.974,18.7,46.9,0.0,-1.8044235999999998,11.179581
2026-01-01T20:54:07.230,18.6,46.8,0.0,-1.8828768,11.2580342
2026-01-01T20:54:09.486,18.6,46.8,0.0,-1.8044235999999998,11.2580342
2026-01-01T20:54:11.741,18.7,46.9,0.0,-1.8436502,11.2580342
2026-01-01T20:54:13.997,18.6,46.9,0.0,-1.765197,11.2580342
2026-01-01T20:54:16.252,18.6,46.9,0.0,-1.8828768,11.2188076
2026-01-01T20:54:18.508,18.6,46.9,0.0,-1.8044235999999998,11.179581
2026-01-01T20:54:20.764,18.6,46.9,0.0,-1.8828768,11.2972608
2026-01-01T20:54:23.020,18.7,46.9,0.0,-1.8044235999999998,11.179581
2026-01-01T20:54:25.275,18.6,46.9,0.0,-1.8044235999999998,11.2580342
2026-01-01T20:54:27.531,18.6,46.9,0.0,-1.8436502,11.2972608
2026-01-01T20:54:29.787,18.6,47.0,0.0,-1.765197,11.2188076
2026-01-01T20:54:32.043,18.7,47.0,0.0,-1.8828768,11.2972608
2026-01-01T20:54:34.298,18.6,47.0,0.0,-1.8436502,11.179581
2026-01-01T20:54:36.554,18.7,47.1,0.0,-1.8044235999999998,11.2188076
2026-01-01T20:54:38.810,18.6,47.0,0.0,-1.8828768,11.2972608
2026-01-01T20:54:41.066,18.6,47.1,0.0,-1.8828768,11.2188076
2026-01-01T20:54:43.322,18.6,47.0,0.0,-1.8828768,11.2188076
2026-01-01T20:54:45.578,18.6,47.0,-0.0392266,-1.8436502,11.2188076
2026-01-01T20:54:47.833,18.6,47.0,0.0,-1.8436502,11.2580342
2026-01-01T20:54:50.089,18.7,47.1,0.0,-1.8436502,11.2188076
2026-01-01T20:54:52.345,18.7,47.0,0.0,-1.8044235999999998,11.3364874
2026-01-01T20:54:54.601,18.7,47.0,0.0,-1.8436502,11.2580342
2026-01-01T20:54:56.856,18.6,47.0,0.0,-1.8436502,11.179581
2026-01-01T20:54:59.112,18.6,47.0,0.0,-1.8436502,11.2972608
2026-01-01T20:55:01.368,18.6,47.0,0.0,-1.8044235999999998,11.2580342
2026-01-01T20:55:03.624,18.7,47.1,0.0,-1.8436502,11.2580342
2026-01-01T20:55:05.879,18.6,47.0,0.0,-1.8044235999999998,11.2580342
2026-01-01T20:55:08.135,18.7,47.1,0.0,-1.8044235999999998,11.2580342
2026-01-01T20:55:10.391,18.7,47.1,0.0,-1.8828768,11.2580342
2026-01-01T20:55:12.646,18.7,47.1,-0.0392266,-1.8044235999999998,11.2188076
2026-01-01T20:55:14.902,18.7,47.2,0.0,-1.8044235999999998,11.2188076
2026-01-01T20:55:17.158,18.7,47.1,0.0,-1.8828768,11.2580342
2026-01-01T20:55:19.414,18.7,47.1,0.0392266,-1.8436502,11.2972608
2026-01-01T20:55:21.669,18.6,47.1,0.0,-1.8044235999999998,11.2580342
2026-01-01T20:55:23.925,18.7,47.1,0.0,-1.8044235999999998,11.179581
2026-01-01T20:55:26.181,18.6,47.1,0.0,-1.8436502,11.2972608
2026-01-01T20:55:28.436,18.7,47.1,0.0,-1.8044235999999998,11.2580342
2026-01-01T20:55:30.691,18.7,47.0,0.0,-1.8828768,11.3364874
2026-01-01T20:55:32.947,18.7,47.0,0.0,-1.8044235999999998,11.2580342
2026-01-01T20:55:35.203,18.7,46.9,0.0392266,-1.8044235999999998,11.2580342
2026-01-01T20:55:37.459,18.6,46.8,0.0,-1.8044235999999998,11.2188076
2026-01-01T20:55:39.714,18.7,46.7,0.0,-1.8044235999999998,11.179581
2026-01-01T20:55:41.970,18.7,46.6,0.0,-1.8436502,11.3364874
2026-01-01T20:55:44.226,18.7,46.4,0.0,-1.8436502,11.179581
2026-01-01T20:55:46.482,18.6,46.2,0.0392266,-1.8436502,11.2972608
2026-01-01T20:55:48.738,18.7,46.2,0.0784532,-1.8436502,11.2188076
2026-01-01T20:55:50.993,18.7,46.1,0.0,-1.765197,11.3364874
2026-01-01T20:55:53.249,18.7,46.1,0.0,-1.8436502,11.375713999999999
2026-01-01T20:55:55.505,18.7,46.0,0.0,-1.8828768,11.2188076
2026-01-01T20:55:57.761,18.7,46.0,0.0,-1.8436502,11.179581
2026-01-01T20:56:00.017,18.6,45.9,0.0,-1.8044235999999998,11.179581
2026-01-01T20:56:02.272,18.6,45.9,0.0392266,-1.765197,11.2188076
2026-01-01T20:56:04.528,18.6,46.1,0.0,-1.8436502,11.2188076
2026-01-01T20:56:06.784,18.6,46.2,0.0,-1.8044235999999998,11.179581
2026-01-01T20:56:09.040,18.7,46.3,0.0,-1.8436502,11.2580342
2026-01-01T20:56:11.295,18.6,46.2,0.0,-1.8044235999999998,11.179581
2026-01-01T20:56:13.551,18.7,46.4,-0.0392266,-1.8436502,11.2188076
2026-01-01T20:56:15.807,18.7,46.5,0.0,-1.8828768,11.2580342
2026-01-01T20:56:18.062,18.7,46.5,-0.0392266,-1.8044235999999998,11.2188076
2026-01-01T20:56:20.318,18.6,46.6,0.0,-1.8044235999999998,11.2580342
2026-01-01T20:56:22.574,18.6,46.6,0.0,-1.8044235999999998,11.2972608
2026-01-01T20:56:24.829,18.7,46.7,0.0,-1.8436502,11.179581
2026-01-01T20:56:27.085,18.7,46.7,0.0392266,-1.8828768,11.2188076
2026-01-01T20:56:29.341,18.7,46.7,0.0,-1.765197,11.2580342
2026-01-01T20:56:31.597,18.6,46.6,0.0,-1.8044235999999998,11.2580342
2026-01-01T20:56:33.852,18.7,46.7,0.0,-1.8436502,11.179581
2026-01-01T20:56:36.108,18.7,46.7,0.0,-1.8828768,11.2580342
2026-01-01T20:56:38.364,18.6,46.6,0.0392266,-1.8436502,11.2580342
2026-01-01T20:56:40.620,18.7,46.7,0.0,-1.8044235999999998,11.2188076
2026-01-01T20:56:42.875,18.7,46.7,0.0392266,-1.765197,11.2580342
2026-01-01T20:56:45.131,18.7,46.6,0.0,-1.8436502,11.2188076
2026-01-01T20:56:47.387,18.7,46.6,0.0,-1.8044235999999998,11.2188076
2026-01-01T20:56:49.643,18.7,46.6,0.0392266,-1.8436502,11.2580342
2026-01-01T20:56:51.898,18.6,46.4,0.0,-1.8828768,11.2972608
2026-01-01T20:56:54.154,18.7,46.4,0.0,-1.765197,11.2580342
2026-01-01T20:56:56.410,18.7,46.4,0.0392266,-1.8436502,11.2972608
2026-01-01T20:56:58.665,18.7,46.4,0.0,-1.765197,11.2580342
2026-01-01T20:57:00.921,18.7,46.5,0.0,-1.8436502,11.2580342
2026-01-01T20:57:03.177,18.7,46.5,0.0,-1.8044235999999998,11.2580342
2026-01-01T20:57:05.432,18.7,46.4,0.0,-1.8044235999999998,11.2580342
2026-01-01T20:57:07.688,18.7,46.4,0.0392266,-1.8436502,11.179581
2026-01-01T20:57:09.944,18.6,46.3,0.0,-1.8436502,11.2580342
2026-01-01T20:57:12.200,18.7,46.3,0.0392266,-1.8436502,11.179581
2026-01-01T20:57:14.456,18.7,46.4,0.0,-1.8828768,11.2580342
2026-01-01T20:57:16.712,18.7,46.4,0.0,-1.8436502,11.179581
2026-01-01T20:57:18.967,18.7,46.4,0.0392266,-1.8436502,11.2972608
2026-01-01T20:57:21.223,18.6,46.4,0.0,-1.8044235999999998,11.2972608
2026-01-01T20:57:23.479,18.7,46.4,0.0,-1.8044235999999998,11.2580342
2026-01-01T20:57:25.735,18.7,46.4,0.0,-1.8436502,11.2580342
2026-01-01T20:57:27.990,18.6,46.4,0.0,-1.8436502,11.2188076
2026-01-01T20:57:30.246,18.7,46.5,0.0392266,-1.8044235999999998,11.2972608
2026-01-01T20:57:32.502,18.7,46.6,0.0,-1.8044235999999998,11.2188076
2026-01-01T20:57:34.758,18.7,46.6,0.0392266,-1.8436502,11.2580342
2026-01-01T20:57:37.013,18.7,46.7,0.0392266,-1.8828768,11.2972608
2026-01-01T20:57:39.269,18.6,46.6,0.0,-1.8436502,11.2580342
2026-01-01T20:57:41.525,18.7,46.7,0.0392266,-1.8828768,11.2580342
2026-01-01T20:57:43.780,18.7,46.7,-0.0392266,-1.8044235999999998,11.2188076
2026-01-01T20:57:46.036,18.7,46.7,0.0,-1.8436502,11.2972608
2026-01-01T20:57:48.292,18.6,46.7,0.0,-1.8436502,11.3364874
2026-01-01T20:57:50.548,18.6,46.6,0.0392266,-1.8828768,11.2580342
2026-01-01T20:57:52.803,18.7,46.7,0.0,-1.8436502,11.2580342
2026-01-01T20:57:55.059,18.6,46.6,0.0,-1.8044235999999998,11.2580342
2026-01-01T20:57:57.315,18.6,46.6,0.0392266,-1.8828768,11.375713999999999
2026-01-01T20:57:59.570,18.7,46.6,0.0392266,-1.8044235999999998,11.2580342
2026-01-01T20:58:01.826,18.7,46.4,0.0392266,-1.9221034,11.2580342
2026-01-01T20:58:04.082,18.7,46.3,0.0,-1.8044235999999998,11.2580342
2026-01-01T20:58:06.338,18.6,46.1,0.0,-1.8436502,11.2972608
2026-01-01T20:58:08.594,18.6,46.0,0.0,-1.8436502,11.2972608
2026-01-01T20:58:10.849,18.6,46.0,0.0,-1.8044235999999998,11.2972608
2026-01-01T20:58:13.105,18.6,46.0,0.0392266,-1.8436502,11.2580342
2026-01-01T20:58:15.361,18.6,46.0,0.0392266,-1.8044235999999998,11.2972608
2026-01-01T20:58:17.617,18.7,46.1,0.0,-1.8436502,11.2580342
2026-01-01T20:58:19.872,18.7,46.0,0.0,-1.8044235999999998,11.179581
2026-01-01T20:58:22.128,18.6,46.0,0.0,-1.8436502,11.2972608
2026-01-01T20:58:24.384,18.6,46.0,0.0392266,-1.8828768,11.2972608
2026-01-01T20:58:26.640,18.6,46.1,0.0,-1.8044235999999998,11.179581
2026-01-01T20:58:28.895,18.7,46.2,0.0392266,-1.8828768,11.3364874
2026-01-01T20:58:31.151,,,0.0,-1.765197,11.2972608
2026-01-01T20:58:33.407,18.7,46.1,0.0392266,-1.8436502,11.2188076
2026-01-01T20:58:35.663,18.6,46.0,0.0392266,-1.8436502,11.2188076
2026-01-01T20:58:37.919,18.7,46.2,0.0392266,-1.8044235999999998,11.2580342
2026-01-01T20:58:40.174,18.6,46.2,0.0,-1.8436502,11.2972608
2026-01-01T20:58:42.430,18.7,46.3,0.0392266,-1.8436502,11.2580342
2026-01-01T20:58:44.686,18.6,46.3,0.0,-1.8044235999999998,11.2188076
2026-01-01T20:58:46.941,18.7,46.4,0.0,-1.8436502,11.2972608
2026-01-01T20:58:49.197,18.7,46.5,0.0,-1.8044235999999998,11.2972608
2026-01-01T20:58:51.453,18.7,46.5,0.0,-1.8436502,11.2972608
2026-01-01T20:58:53.709,18.6,46.5,0.0,-1.8828768,11.2972608
2026-01-01T20:58:55.964,18.7,46.6,0.0,-1.8436502,11.2972608
2026-01-01T20:58:58.220,18.6,46.6,0.0,-1.8044235999999998,11.2972608
2026-01-01T20:59:00.476,18.7,46.7,0.0,-1.8436502,11.2580342
2026-01-01T20:59:02.731,18.6,46.7,0.0,-1.8436502,11.2580342
2026-01-01T20:59:04.987,18.7,46.8,0.0,-1.8436502,11.2580342
2026-01-01T20:59:07.242,18.6,46.7,0.0,-1.8044235999999998,11.2188076
2026-01-01T20:59:09.498,18.6,46.7,0.0,-1.765197,11.2580342
2026-01-01T20:59:11.754,18.7,46.8,0.0,-1.8828768,11.2972608
2026-01-01T20:59:14.010,18.6,46.7,0.0392266,-1.8436502,11.2972608
2026-01-01T20:59:16.266,18.7,46.8,0.0,-1.8044235999999998,11.2580342
2026-01-01T20:59:18.522,18.7,46.8,0.0392266,-1.8828768,11.2972608
2026-01-01T20:59:20.777,18.7,46.9,0.0,-1.8044235999999998,11.2972608
2026-01-01T20:59:23.033,18.7,46.9,0.0,-1.8436502,11.2972608
2026-01-01T20:59:25.289,18.7,46.9,0.0,-1.765197,11.2580342
2026-01-01T20:59:27.545,18.7,46.9,0.0,-1.8044235999999998,11.2188076
2026-01-01T20:59:29.800,18.7,46.9,0.0392266,-1.8436502,11.2972608
2026-01-01T20:59:32.056,18.7,47.0,0.0,-1.8436502,11.2972608
2026-01-01T20:59:34.312,18.7,47.0,0.0,-1.8436502,11.2188076
2026-01-01T20:59:36.568,18.7,47.0,0.0,-1.8828768,11.2972608
2026-01-01T20:59:38.824,18.7,47.0,-0.0392266,-1.8044235999999998,11.2580342
2026-01-01T20:59:41.079,18.7,47.0,0.0,-1.8436502,11.2972608
2026-01-01T20:59:43.335,18.7,47.0,0.0,-1.8828768,11.2580342
2026-01-01T20:59:45.591,18.7,47.0,0.0,-1.8436502,11.2580342
2026-01-01T20:59:47.846,18.7,47.0,0.0,-1.8436502,11.2972608
2026-01-01T20:59:50.102,18.7,47.0,0.0392266,-1.8828768,11.2972608
2026-01-01T20:59:52.358,18.7,47.0,0.0,-1.8044235999999998,11.2580342
2026-01-01T20:59:54.614,18.7,47.0,0.0392266,-1.8044235999999998,11.2972608
2026-01-01T20:59:56.869,18.7,47.0,0.0,-1.8436502,11.2188076
2026-01-01T20:59:59.125,18.7,47.0,0.0,-1.8044235999999998,11.2972608
2026-01-01T21:00:01.381,18.7,47.0,0.0,-1.8436502,11.3364874
2026-01-01T21:00:03.637,18.7,47.0,0.0,-1.8436502,11.179581
2026-01-01T21:00:05.893,18.7,47.0,0.0,-1.8436502,11.2580342
2026-01-01T21:00:08.148,18.7,47.0,0.0,-1.8436502,11.2580342
2026-01-01T21:00:10.404,18.7,47.0,0.0392266,-1.8436502,11.2188076
2026-01-01T21:00:12.660,18.7,46.8,0.0,-1.8436502,11.2188076
2026-01-01T21:00:14.915,18.7,46.7,0.0,-1.8436502,11.2188076
2026-01-01T21:00:17.171,18.7,46.5,0.0,-1.8044235999999998,11.2188076
2026-01-01T21:00:19.426,18.7,46.4,0.0,-1.8044235999999998,11.2580342
2026-01-01T21:00:21.682,18.7,46.3,0.0,-1.765197,11.2972608
2026-01-01T21:00:23.938,18.7,46.2,0.0392266,-1.8436502,11.2580342
2026-01-01T21:00:26.194,18.7,46.1,0.0,-1.8044235999999998,11.3364874
2026-01-01T21:00:28.449,18.7,46.0,0.0,-1.8436502,11.179581
2026-01-01T21:00:30.705,18.7,45.9,0.0,-1.8044235999999998,11.2188076
2026-01-01T21:00:32.961,18.7,45.8,-0.0392266,-1.8044235999999998,11.2188076
2026-01-01T21:00:35.216,18.7,45.7,0.0392266,-1.8436502,11.2188076
2026-01-01T21:00:37.472,18.7,45.6,0.0392266,-1.8436502,11.2972608
2026-01-01T21:00:39.728,18.7,45.5,0.0,-1.8436502,11.2580342
2026-01-01T21:00:41.983,18.7,45.5,0.0392266,-1.8436502,11.2972608
2026-01-01T21:00:44.239,18.7,45.4,0.0,-1.8828768,11.2972608
2026-01-01T21:00:46.495,18.6,45.4,0.0,-1.8044235999999998,11.2188076
2026-01-01T21:00:48.751,18.7,45.4,0.0,-1.8436502,11.2188076
2026-01-01T21:00:51.006,18.7,45.4,0.0,-1.8044235999999998,11.2580342
2026-01-01T21:00:53.262,18.7,45.4,0.0392266,-1.8436502,11.2972608
2026-01-01T21:00:55.518,18.7,45.4,0.0392266,-1.8436502,11.2580342
2026-01-01T21:00:57.774,18.7,45.6,0.0,-1.8044235999999998,11.2188076
2026-01-01T21:01:00.029,18.7,45.8,0.0392266,-1.8436502,11.2972608
2026-01-01T21:01:02.285,18.7,46.0,0.0,-1.8436502,11.2580342
2026-01-01T21:01:04.541,18.7,46.2,0.0,-1.8044235999999998,11.2972608
2026-01-01T21:01:06.797,18.7,46.3,0.0,-1.8436502,11.2972608
2026-01-01T21:01:09.052,18.6,46.3,0.0,-1.8436502,11.2580342
2026-01-01T21:01:11.308,18.7,46.4,0.0,-1.8044235999999998,11.179581
2026-01-01T21:01:13.564,18.7,46.4,0.0,-1.8828768,11.2188076
2026-01-01T21:01:15.819,18.7,46.5,0.0392266,-1.8436502,11.2580342
2026-01-01T21:01:18.075,18.7,46.5,0.0,-1.8044235999999998,11.2580342
2026-01-01T21:01:20.331,18.7,46.6,0.0,-1.8436502,11.2972608
2026-01-01T21:01:22.586,18.7,46.6,0.0,-1.8044235999999998,11.179581
2026-01-01T21:01:24.842,18.7,46.6,0.0,-1.8044235999999998,11.2580342
2026-01-01T21:01:27.098,18.6,46.5,0.0392266,-1.8044235999999998,11.2580342
2026-01-01T21:01:29.354,18.7,46.5,-0.0392266,-1.8044235999999998,11.2188076
2026-01-01T21:01:31.610,18.7,46.3,0.0,-1.8044235999999998,11.2580342
2026-01-01T21:01:33.866,18.7,46.2,0.0,-1.9221034,11.3364874
2026-01-01T21:01:36.121,18.6,46.0,0.0,-1.8044235999999998,11.2580342
2026-01-01T21:01:38.377,18.7,46.0,0.0392266,-1.8828768,11.2580342
2026-01-01T21:01:40.633,18.6,45.9,0.0,-1.9221034,11.2972608
2026-01-01T21:01:42.889,18.6,45.7,0.0,-1.8044235999999998,11.2580342
2026-01-01T21:01:45.144,18.7,45.9,0.0392266,-1.8044235999999998,11.2972608
2026-01-01T21:01:47.400,18.6,45.9,0.0,-1.8044235999999998,11.1403544
2026-01-01T21:01:49.656,18.7,46.1,0.0,-1.8436502,11.3364874
2026-01-01T21:01:51.911,18.6,46.2,0.0,-1.8436502,11.2972608
2026-01-01T21:01:54.167,18.7,46.4,0.0,-1.8828768,11.2188076
2026-01-01T21:01:56.422,18.7,46.4,0.0,-1.8828768,11.2188076
2026-01-01T21:01:58.678,18.6,46.4,0.0,-1.8436502,11.2188076
2026-01-01T21:02:00.934,18.6,46.5,0.0392266,-1.8436502,11.179581
2026-01-01T21:02:03.189,18.7,46.6,0.0,-1.765197,11.179581
2026-01-01T21:02:05.445,18.7,46.7,0.0392266,-1.8436502,11.3364874
2026-01-01T21:02:07.701,18.6,46.6,0.0,-1.8436502,11.2188076
2026-01-01T21:02:09.956,18.7,46.7,0.0,-1.8436502,11.2188076
2026-01-01T21:02:12.212,18.7,46.7,0.0,-1.8436502,11.2580342
2026-01-01T21:02:14.468,18.7,46.7,0.0,-1.8044235999999998,11.2580342
2026-01-01T21:02:16.724,18.7,46.8,0.0392266,-1.8828768,11.2580342
2026-01-01T21:02:18.979,18.7,46.8,0.0392266,-1.8436502,11.2188076
2026-01-01T21:02:21.235,18.6,46.7,0.0,-1.8044235999999998,11.2580342
2026-01-01T21:02:23.490,18.7,46.8,0.0,-1.8436502,11.2580342
2026-01-01T21:02:25.746,18.6,46.7,0.0,-1.8044235999999998,11.2580342
2026-01-01T21:02:28.002,18.7,46.8,0.0,-1.8044235999999998,11.2972608
2026-01-01T21:02:30.258,18.7,46.8,-0.0392266,-1.8436502,11.2580342
2026-01-01T21:02:32.514,18.7,46.8,0.0,-1.8436502,11.2188076
2026-01-01T21:02:34.769,18.7,46.7,0.0,-1.8436502,11.2188076
2026-01-01T21:02:37.025,18.7,46.7,-0.0392266,-1.8436502,11.2580342
2026-01-01T21:02:39.281,18.7,46.7,0.0392266,-1.8436502,11.2972608
2026-01-01T21:02:41.536,18.7,46.8,0.0,-1.8044235999999998,11.2188076
2026-01-01T21:02:43.792,18.7,46.8,0.0,-1.8436502,11.179581
2026-01-01T21:02:46.048,18.7,46.8,0.0,-1.765197,11.2188076
2026-01-01T21:02:48.304,18.7,46.8,0.0,-1.8436502,11.2188076
2026-01-01T21:02:50.559,18.7,46.8,0.0392266,-1.8436502,11.2580342
2026-01-01T21:02:52.815,18.7,46.8,0.0,-1.8436502,11.2972608
2026-01-01T21:02:55.071,18.7,46.8,0.0392266,-1.8436502,11.2188076
2026-01-01T21:02:57.327,18.7,46.8,-0.0392266,-1.765197,11.2580342
2026-01-01T21:02:59.582,18.7,46.8,0.0,-1.8044235999999998,11.2580342
2026-01-01T21:03:01.838,18.7,46.8,0.0,-1.8436502,11.2188076
2026-01-01T21:03:04.094,18.7,46.8,0.0,-1.8044235999999998,11.2580342
2026-01-01T21:03:06.350,18.7,46.8,0.0,-1.8436502,11.2580342
2026-01-01T21:03:08.605,18.7,46.8,0.0392266,-1.8044235999999998,11.179581
2026-01-01T21:03:10.861,18.7,46.8,0.0,-1.8436502,11.2188076
2026-01-01T21:03:13.117,18.7,46.9,0.0,-1.8436502,11.2188076
2026-01-01T21:03:15.373,18.7,46.9,0.0,-1.8436502,11.2580342
2026-01-01T21:03:17.628,18.7,46.9,0.0,-1.8436502,11.2580342
2026-01-01T21:03:19.884,18.7,46.9,0.0,-1.8436502,11.2580342
2026-01-01T21:03:22.140,18.7,46.9,0.0,-1.8436502,11.2188076
2026-01-01T21:03:24.395,18.7,46.9,0.0,-1.8044235999999998,11.375713999999999
2026-01-01T21:03:26.651,18.7,46.9,0.0,-1.8828768,11.3364874
2026-01-01T21:03:28.907,18.7,47.0,0.0,-1.8436502,11.2580342
2026-01-01T21:03:31.162,18.7,46.9,0.0392266,-1.8436502,11.2580342
2026-01-01T21:03:33.418,18.7,46.9,0.0,-1.8044235999999998,11.2188076
2026-01-01T21:03:35.674,18.7,46.9,0.0,-1.8044235999999998,11.2188076
2026-01-01T21:03:37.929,18.7,46.9,0.0,-1.8044235999999998,11.2580342
2026-01-01T21:03:40.185,18.7,46.9,0.0,-1.8828768,11.375713999999999
2026-01-01T21:03:42.440,18.7,46.9,0.0392266,-1.8436502,11.2580342
2026-01-01T21:03:44.696,18.7,46.9,0.0,-1.8044235999999998,11.2188076
2026-01-01T21:03:46.952,18.7,46.9,0.0,-1.8044235999999998,11.2972608
2026-01-01T21:03:49.208,18.7,46.9,0.0392266,-1.8436502,11.2580342
2026-01-01T21:03:51.463,18.7,46.9,0.0,-1.8436502,11.1403544
2026-01-01T21:03:53.719,18.7,46.9,0.0,-1.765197,11.2580342
2026-01-01T21:03:55.975,18.7,46.9,0.0,-1.8436502,11.2580342
2026-01-01T21:03:58.230,18.7,46.9,0.0,-1.8436502,11.2580342
2026-01-01T21:04:00.486,18.7,46.9,0.0392266,-1.8436502,11.2188076
2026-01-01T21:04:02.742,18.7,46.9,0.0,-1.8044235999999998,11.179581
2026-01-01T21:04:04.997,18.7,46.9,0.0,-1.8436502,11.2972608
2026-01-01T21:04:07.253,18.7,46.9,0.0,-1.8828768,11.2972608
2026-01-01T21:04:09.509,18.7,46.9,0.0,-1.8828768,11.2188076
2026-01-01T21:04:11.764,18.7,46.8,0.0,-1.8436502,11.179581
2026-01-01T21:04:14.020,18.7,46.8,-0.0392266,-1.8436502,11.2188076
2026-01-01T21:04:16.276,18.7,46.8,0.0,-1.8044235999999998,11.179581
2026-01-01T21:04:18.532,18.7,46.8,0.0,-1.8828768,11.2580342
2026-01-01T21:04:20.788,18.7,46.8,0.0,-1.8828768,11.2580342
2026-01-01T21:04:23.044,18.7,46.7,0.0,-1.8044235999999998,11.2972608
2026-01-01T21:04:25.299,18.7,46.7,0.0,-1.8044235999999998,11.2188076
2026-01-01T21:04:27.555,18.7,46.6,0.0,-1.8436502,11.2972608
2026-01-01T21:04:29.811,18.7,46.6,0.0,-1.8436502,11.2188076
2026-01-01T21:04:32.067,18.7,46.6,0.0,-1.8436502,11.2188076
2026-01-01T21:04:34.322,18.7,46.6,0.0,-1.8436502,11.179581
2026-01-01T21:04:36.578,18.7,46.6,0.0392266,-1.8436502,11.179581
2026-01-01T21:04:38.834,18.7,46.5,0.0,-1.8436502,11.2580342
2026-01-01T21:04:41.089,18.7,46.4,0.0,-1.8044235999999998,11.2188076
2026-01-01T21:04:43.345,18.7,46.3,0.0,-1.8828768,11.2580342
2026-01-01T21:04:45.601,18.7,46.2,0.0392266,-1.8436502,11.2972608
2026-01-01T21:04:47.857,18.7,46.2,0.0,-1.8828768,11.2188076
2026-01-01T21:04:50.112,18.7,46.1,0.0,-1.8436502,11.179581
2026-01-01T21:04:52.368,18.7,46.0,0.0392266,-1.8828768,11.2972608
2026-01-01T21:04:54.624,18.7,46.0,0.0,-1.8436502,11.2972608
2026-01-01T21:04:56.879,18.7,46.0,0.0,-1.8044235999999998,11.2580342
2026-01-01T21:04:59.135,18.7,46.0,0.0,-1.765197,11.2580342
2026-01-01T21:05:01.391,18.7,46.0,0.0392266,-1.8828768,11.2972608
2026-01-01T21:05:03.646,18.6,46.0,0.0,-1.8436502,11.2580342
2026-01-01T21:05:05.902,18.7,46.1,0.0,-1.8436502,11.2188076
2026-01-01T21:05:08.158,18.7,46.1,0.0,-1.8828768,11.2188076
2026-01-01T21:05:10.414,18.7,46.1,0.0,-1.8436502,11.2972608
2026-01-01T21:05:12.669,18.7,46.1,0.0,-1.8436502,11.2972608
2026-01-01T21:05:14.925,18.7,46.2,0.0,-1.8828768,11.2580342
2026-01-01T21:05:17.181,18.7,46.2,0.0,-1.8436502,11.2188076
2026-01-01T21:05:19.436,18.7,46.2,0.0392266,-1.8436502,11.2580342
2026-01-01T21:05:21.692,,,0.0,-1.8044235999999998,11.2580342
2026-01-01T21:05:23.948,18.7,46.3,0.0392266,-1.8828768,11.2972608
2026-01-01T21:05:26.203,18.6,46.2,0.0,-1.8436502,11.2580342
2026-01-01T21:05:28.459,18.7,46.3,0.0392266,-1.8044235999999998,11.2972608
2026-01-01T21:05:30.714,18.7,46.3,0.0,-1.8044235999999998,11.2188076
2026-01-01T21:05:32.970,18.7,46.3,0.0392266,-1.8436502,11.2972608
2026-01-01T21:05:35.226,18.7,46.3,0.0392266,-1.8436502,11.2580342
2026-01-01T21:05:37.481,18.7,46.3,0.0,-1.8436502,11.2580342
2026-01-01T21:05:39.737,18.7,46.2,0.0,-1.8044235999999998,11.179581
2026-01-01T21:05:41.993,18.7,46.0,0.0,-1.765197,11.2188076
2026-01-01T21:05:44.249,18.7,46.0,0.0,-1.8436502,11.2580342
2026-01-01T21:05:46.504,18.7,46.0,0.0,-1.8044235999999998,11.2188076
2026-01-01T21:05:48.760,18.7,46.1,0.0392266,-1.8436502,11.3364874
2026-01-01T21:05:51.016,18.7,46.1,0.0,-1.8436502,11.179581
2026-01-01T21:05:53.272,18.7,46.2,0.0,-1.8436502,11.2580342
2026-01-01T21:05:55.528,18.7,46.2,0.0,-1.8828768,11.2972608
2026-01-01T21:05:57.783,18.7,46.2,0.0,-1.8436502,11.2580342
2026-01-01T21:06:00.039,18.7,46.2,0.0392266,-1.8436502,11.2972608
2026-01-01T21:06:02.295,18.7,46.3,0.0,-1.8436502,11.2972608
2026-01-01T21:06:04.551,18.7,46.3,0.0,-1.765197,11.2580342
2026-01-01T21:06:06.807,18.7,46.3,0.0,-1.8436502,11.2972608
2026-01-01T21:06:09.062,18.7,46.2,0.0392266,-1.8044235999999998,11.179581
2026-01-01T21:06:11.318,18.7,46.1,0.0,-1.8828768,11.2972608
2026-01-01T21:06:13.574,18.7,46.1,0.0,-1.8436502,11.1403544
2026-01-01T21:06:15.830,18.7,46.2,-0.0392266,-1.8044235999999998,11.179581
2026-01-01T21:06:18.085,18.7,46.2,0.0,-1.8436502,11.2188076
2026-01-01T21:06:20.341,18.7,46.2,0.0,-1.8044235999999998,11.2972608
2026-01-01T21:06:22.597,18.7,46.2,0.0,-1.8436502,11.2972608
2026-01-01T21:06:24.852,18.7,46.3,0.0,-1.765197,11.2188076
2026-01-01T21:06:27.108,18.7,46.3,0.0392266,-1.8436502,11.2972608
2026-01-01T21:06:29.364,,,0.0,-1.8436502,11.2972608
2026-01-01T21:06:31.620,18.7,46.3,0.0,-1.8044235999999998,11.2580342
2026-01-01T21:06:33.875,18.7,46.2,0.0,-1.8044235999999998,11.2188076
2026-01-01T21:06:36.131,18.7,46.0,0.0392266,-1.8436502,11.2972608
2026-01-01T21:06:38.387,18.7,45.7,0.0,-1.8828768,11.375713999999999
2026-01-01T21:06:40.642,18.7,45.5,0.0,-1.765197,11.2188076
2026-01-01T21:06:42.898,18.7,45.7,0.0392266,-1.8828768,11.3364874
2026-01-01T21:06:45.154,18.7,45.5,0.0392266,-1.765197,11.2188076
2026-01-01T21:06:47.410,18.7,45.4,0.0,-1.8044235999999998,11.375713999999999
2026-01-01T21:06:49.665,18.6,45.3,0.0,-1.8436502,11.3364874
2026-01-01T21:06:51.921,18.7,45.4,0.0,-1.8044235999999998,11.2972608
2026-01-01T21:06:54.177,18.7,45.5,0.0392266,-1.8828768,11.2580342
2026-01-01T21:06:56.432,18.7,45.7,0.0,-1.8436502,11.2972608
2026-01-01T21:06:58.687,18.7,45.8,0.0,-1.8044235999999998,11.2188076
2026-01-01T21:07:00.943,18.7,45.7,0.0,-1.8436502,11.2188076
2026-01-01T21:07:03.199,18.7,45.8,-0.0392266,-1.8436502,11.2972608
2026-01-01T21:07:05.455,18.7,45.9,0.0,-1.8436502,11.2580342
2026-01-01T21:07:07.710,18.7,45.9,0.0392266,-1.8436502,11.2188076
2026-01-01T21:07:09.966,18.7,45.9,0.0,-1.8044235999999998,11.2188076
2026-01-01T21:07:12.222,18.7,46.0,0.0,-1.8044235999999998,11.2188076
2026-01-01T21:07:14.478,18.6,45.9,0.0,-1.8436502,11.2972608
2026-01-01T21:07:16.734,18.7,46.0,0.0,-1.8436502,11.2972608
2026-01-01T21:07:18.990,18.7,46.1,0.0,-1.8436502,11.2188076
2026-01-01T21:07:21.245,18.6,46.0,0.0,-1.8436502,11.3364874
2026-01-01T21:07:23.501,18.7,46.1,0.0392266,-1.8436502,11.2580342
2026-01-01T21:07:25.757,18.7,46.1,0.0,-1.8044235999999998,11.3364874
2026-01-01T21:07:28.013,18.7,46.2,0.0392266,-1.8436502,11.2972608
2026-01-01T21:07:30.269,18.7,46.2,0.0392266,-1.8828768,11.2972608
2026-01-01T21:07:32.525,18.7,46.1,0.0,-1.8436502,11.375713999999999
2026-01-01T21:07:34.780,18.7,46.0,0.0392266,-1.765197,11.2188076
2026-01-01T21:07:37.036,18.7,45.8,0.0392266,-1.8436502,11.2580342
2026-01-01T21:07:39.292,18.7,45.6,0.0392266,-1.8436502,11.2580342
2026-01-01T21:07:41.547,18.7,45.4,0.0,-1.8436502,11.2580342
2026-01-01T21:07:43.803,18.7,45.4,0.0392266,-1.8436502,11.2580342
2026-01-01T21:07:46.059,18.7,45.4,0.0392266,-1.8436502,11.2188076
2026-01-01T21:07:48.315,18.7,45.4,0.0,-1.8044235999999998,11.2580342
2026-01-01T21:07:50.570,18.7,45.4,0.0,-1.8044235999999998,11.2580342
2026-01-01T21:07:52.826,18.7,45.4,0.0392266,-1.8436502,11.2188076
2026-01-01T21:07:55.082,18.7,45.4,0.0,-1.8436502,11.2972608
2026-01-01T21:07:57.338,18.7,45.4,0.0392266,-1.8436502,11.2972608
2026-01-01T21:07:59.593,18.7,45.4,0.0,-1.8044235999999998,11.2580342
2026-01-01T21:08:01.849,18.6,45.3,0.0,-1.8436502,11.2972608
2026-01-01T21:08:04.105,18.7,45.4,0.0,-1.8436502,11.2972608
2026-01-01T21:08:06.361,18.7,45.4,0.0392266,-1.8044235999999998,11.2188076
2026-01-01T21:08:08.617,18.6,45.3,0.0392266,-1.8436502,11.2580342
2026-01-01T21:08:10.872,,,0.0,-1.8044235999999998,11.2972608
2026-01-01T21:08:13.128,18.7,45.4,0.0,-1.8828768,11.2972608
2026-01-01T21:08:15.384,18.6,45.4,0.0,-1.8436502,11.2972608
2026-01-01T21:08:17.640,18.7,45.6,0.0,-1.8044235999999998,11.2580342
2026-01-01T21:08:19.896,18.6,45.5,0.0,-1.8436502,11.2972608
2026-01-01T21:08:22.151,18.7,45.5,0.0,-1.8436502,11.2188076
2026-01-01T21:08:24.407,18.7,45.6,0.0392266,-1.8436502,11.2188076
2026-01-01T21:08:26.663,18.7,45.7,0.0,-1.8436502,11.2972608
2026-01-01T21:08:28.919,18.6,45.5,0.0,-1.8044235999999998,11.2972608
2026-01-01T21:08:31.174,18.6,45.3,0.0,-1.8436502,11.2972608
2026-01-01T21:08:33.430,18.6,45.3,0.0,-1.8828768,11.3364874
2026-01-01T21:08:35.686,18.6,45.3,0.0392266,-1.8828768,11.2580342
2026-01-01T21:08:37.942,18.6,45.3,0.0392266,-1.8044235999999998,11.2972608
2026-01-01T21:08:40.197,18.7,45.1,0.0392266,-1.8436502,11.2972608
2026-01-01T21:08:42.453,18.7,45.0,0.0,-1.8436502,11.2188076
2026-01-01T21:08:44.709,18.7,45.0,0.0,-1.8044235999999998,11.2580342
2026-01-01T21:08:46.964,18.7,44.9,0.0,-1.8436502,11.2580342
2026-01-01T21:08:49.220,18.7,44.8,0.0,-1.765197,11.2580342
2026-01-01T21:08:51.476,,,0.0,-1.8044235999999998,11.2972608
2026-01-01T21:08:53.732,18.6,44.6,-0.0392266,-1.8436502,11.2972608
2026-01-01T21:08:55.987,18.6,44.7,0.0392266,-1.8436502,11.2188076
2026-01-01T21:08:58.243,18.6,44.8,0.0392266,-1.8044235999999998,11.2580342
2026-01-01T21:09:00.499,,,0.0392266,-1.8044235999999998,11.2188076
2026-01-01T21:09:02.754,18.6,44.8,0.0,-1.8436502,11.2580342
2026-01-01T21:09:05.009,18.7,44.8,0.0,-1.8436502,11.2188076
2026-01-01T21:09:07.265,18.6,44.7,0.0392266,-1.8436502,11.2972608
2026-01-01T21:09:09.521,18.7,44.7,0.0392266,-1.8828768,11.2972608
2026-01-01T21:09:11.777,18.6,44.5,0.0,-1.8436502,11.2580342
2026-01-01T21:09:14.032,18.6,44.5,0.0,-1.8436502,11.2580342
2026-01-01T21:09:16.288,18.7,44.5,0.0392266,-1.8436502,11.2972608
2026-01-01T21:09:18.544,18.6,44.4,0.0,-1.8436502,11.2188076
2026-01-01T21:09:20.799,18.6,44.3,0.0,-1.765197,11.2188076
2026-01-01T21:09:23.055,18.6,44.3,0.0,-1.8044235999999998,11.2188076
2026-01-01T21:09:25.311,18.7,44.3,0.0,-1.8436502,11.2580342
2026-01-01T21:09:27.567,18.6,44.2,0.0,-1.8436502,11.2188076
2026-01-01T21:09:29.822,18.6,44.1,0.0,-1.8044235999999998,11.2972608
2026-01-01T21:09:32.078,18.6,44.1,0.0392266,-1.8828768,11.2580342
2026-01-01T21:09:34.334,18.6,44.2,0.0,-1.8044235999999998,11.2188076
2026-01-01T21:09:36.589,18.6,44.3,0.0,-1.8044235999999998,11.2580342
2026-01-01T21:09:38.845,18.6,44.3,0.0,-1.765197,11.2580342
2026-01-01T21:09:41.101,18.6,44.3,0.0392266,-1.8436502,11.2580342
2026-01-01T21:09:43.356,18.6,44.4,0.0,-1.8436502,11.2188076
2026-01-01T21:09:45.612,18.6,44.3,0.0,-1.8044235999999998,11.2188076
2026-01-01T21:09:47.868,18.6,44.4,0.0,-1.8436502,11.2188076
2026-01-01T21:09:50.123,18.6,44.4,0.0,-1.8436502,11.2972608
2026-01-01T21:09:52.379,18.6,44.5,0.0,-1.8044235999999998,11.3364874
2026-01-01T21:09:54.635,18.6,44.6,0.0,-1.8436502,11.2188076
2026-01-01T21:09:56.891,18.6,44.7,0.0,-1.8436502,11.2188076
2026-01-01T21:09:59.146,18.6,44.8,0.0,-1.8044235999999998,11.2580342
2026-01-01T21:10:01.402,18.6,45.0,0.0,-1.8436502,11.2972608
2026-01-01T21:10:03.658,18.6,45.1,0.0,-1.8436502,11.2580342
2026-01-01T21:10:05.914,18.6,45.1,0.0392266,-1.8436502,11.2580342
2026-01-01T21:10:08.169,18.6,45.0,0.0,-1.8436502,11.179581
2026-01-01T21:10:10.425,18.6,44.9,0.0,-1.8044235999999998,11.179581
2026-01-01T21:10:12.681,18.6,44.9,0.0,-1.8044235999999998,11.2580342
2026-01-01T21:10:14.937,18.6,44.8,0.0,-1.8828768,11.2580342
2026-01-01T21:10:17.192,18.6,44.8,0.0,-1.8436502,11.2580342
2026-01-01T21:10:19.448,18.6,44.7,0.0,-1.8436502,11.2580342
2026-01-01T21:10:21.704,18.6,44.6,0.0,-1.8044235999999998,11.2188076
2026-01-01T21:10:23.960,18.6,44.5,0.0,-1.8044235999999998,11.179581
2026-01-01T21:10:26.215,18.6,44.9,-0.0392266,-1.8044235999999998,11.179581
2026-01-01T21:10:28.471,18.6,45.0,0.0,-1.8436502,11.2188076
2026-01-01T21:10:30.727,18.6,45.1,0.0,-1.8044235999999998,11.2580342
2026-01-01T21:10:32.982,18.6,45.1,0.0,-1.8828768,11.2580342
2026-01-01T21:10:35.238,18.6,45.1,0.0,-1.8828768,11.2972608
2026-01-01T21:10:37.494,18.6,45.1,0.0,-1.8436502,11.2580342
2026-01-01T21:10:39.750,18.6,45.3,0.0392266,-1.8044235999999998,11.1403544
2026-01-01T21:10:42.005,18.6,45.3,0.0,-1.8436502,11.2188076
2026-01-01T21:10:44.261,18.6,45.3,0.0392266,-1.8828768,11.2580342
2026-01-01T21:10:46.517,18.6,45.4,0.0,-1.8436502,11.3364874
2026-01-01T21:10:48.772,18.6,45.4,0.0,-1.8436502,11.2580342
2026-01-01T21:10:51.028,18.6,45.3,0.0,-1.8044235999999998,11.2188076
2026-01-01T21:10:53.284,18.6,45.2,0.0,-1.8436502,11.2188076
2026-01-01T21:10:55.539,18.6,44.9,0.0,-1.8044235999999998,11.2188076
2026-01-01T21:10:57.795,18.6,44.8,0.0,-1.8436502,11.2580342
2026-01-01T21:11:00.051,18.6,44.8,0.0,-1.8436502,11.2188076
2026-01-01T21:11:02.306,18.6,44.8,0.0,-1.9221034,11.2188076
2026-01-01T21:11:04.562,18.6,44.7,0.0392266,-1.8436502,11.2188076
2026-01-01T21:11:06.818,18.6,44.6,0.0,-1.8044235999999998,11.179581
2026-01-01T21:11:09.074,18.6,44.6,0.0,-1.8044235999999998,11.2188076
2026-01-01T21:11:11.329,18.6,44.5,0.0,-1.8828768,11.3364874
2026-01-01T21:11:13.585,18.6,44.5,0.0,-1.8436502,11.2972608
2026-01-01T21:11:15.841,18.6,44.4,0.0392266,-1.8436502,11.2188076
2026-01-01T21:11:18.097,18.6,44.3,-0.0392266,-1.8436502,11.2580342
2026-01-01T21:11:20.353,18.6,44.2,0.0,-1.8044235999999998,11.179581
2026-01-01T21:11:22.608,18.6,44.0,0.0,-1.8436502,11.2580342
2026-01-01T21:11:24.864,18.6,43.9,0.0,-1.8436502,11.2580342
2026-01-01T21:11:27.120,18.6,43.9,0.0,-1.8044235999999998,11.3364874
2026-01-01T21:11:29.375,18.6,43.8,0.0,-1.8044235999999998,11.1403544
2026-01-01T21:11:31.631,18.6,43.8,0.0,-1.8436502,11.2580342
2026-01-01T21:11:33.887,18.6,43.8,0.0,-1.8436502,11.1403544
2026-01-01T21:11:36.142,18.6,43.8,-0.0392266,-1.8436502,11.179581
2026-01-01T21:11:38.398,18.6,43.8,0.0,-1.8436502,11.2580342
2026-01-01T21:11:40.654,18.6,43.8,0.0,-1.8436502,11.3364874
2026-01-01T21:11:42.910,18.6,43.8,0.0392266,-1.8828768,11.2188076
2026-01-01T21:11:45.165,18.6,43.8,0.0,-1.8828768,11.2580342
2026-01-01T21:11:47.421,18.6,43.8,0.0392266,-1.8436502,11.2188076
2026-01-01T21:11:49.676,18.6,43.8,0.0,-1.8044235999999998,11.1403544
2026-01-01T21:11:51.932,18.6,43.9,0.0,-1.8044235999999998,11.2188076
2026-01-01T21:11:54.188,18.6,43.9,0.0,-1.8044235999999998,11.2188076
2026-01-01T21:11:56.444,18.6,43.9,0.0,-1.8044235999999998,11.2580342
2026-01-01T21:11:58.699,18.6,43.9,0.0,-1.8436502,11.2188076
2026-01-01T21:12:00.955,18.6,43.9,0.0392266,-1.8436502,11.2580342
2026-01-01T21:12:03.210,18.6,43.9,0.0,-1.8828768,11.2972608
2026-01-01T21:12:05.466,18.6,44.0,0.0,-1.8044235999999998,11.2580342
2026-01-01T21:12:07.722,18.6,44.0,0.0,-1.8436502,11.2188076
2026-01-01T21:12:09.978,18.6,44.2,0.0,-1.8828768,11.179581
2026-01-01T21:12:12.234,18.6,44.2,0.0,-1.8436502,11.2188076
2026-01-01T21:12:14.490,18.6,44.1,0.0,-1.8436502,11.2188076
2026-01-01T21:12:16.745,18.6,44.1,-0.0784532,-1.8436502,11.2188076
2026-01-01T21:12:19.001,18.6,44.0,0.0,-1.8828768,11.2188076
2026-01-01T21:12:21.257,18.6,43.9,0.0,-1.8044235999999998,11.2188076
2026-01-01T21:12:23.513,18.6,43.9,0.0,-1.8044235999999998,11.2580342
2026-01-01T21:12:25.768,18.6,43.9,0.0,-1.8436502,11.2580342
2026-01-01T21:12:28.024,18.6,43.9,0.0,-1.8828768,11.2972608
2026-01-01T21:12:30.280,18.6,43.9,0.0,-1.8828768,11.2972608
2026-01-01T21:12:32.535,18.6,43.9,0.0,-1.8828768,11.179581
2026-01-01T21:12:34.791,18.6,43.9,0.0,-1.8044235999999998,11.2972608
2026-01-01T21:12:37.047,18.6,43.8,0.0,-1.8436502,11.2580342
2026-01-01T21:12:39.302,18.6,43.8,0.0,-1.8436502,11.2972608
2026-01-01T21:12:41.558,18.6,43.7,0.0,-1.8828768,11.2580342
2026-01-01T21:12:43.814,18.6,43.7,0.0,-1.8828768,11.2972608
2026-01-01T21:12:46.070,18.6,43.6,0.0,-1.8044235999999998,11.2580342
2026-01-01T21:12:48.325,18.6,43.6,0.0,-1.765197,11.179581
2026-01-01T21:12:50.581,18.6,43.6,0.0,-1.8436502,11.179581
2026-01-01T21:12:52.837,18.6,43.5,0.0,-1.8436502,11.2580342
2026-01-01T21:12:55.092,18.6,43.5,0.0392266,-1.8044235999999998,11.179581
2026-01-01T21:12:57.348,18.6,43.5,0.0392266,-1.8436502,11.2580342
2026-01-01T21:12:59.604,18.6,43.4,0.0,-1.8044235999999998,11.2188076
2026-01-01T21:13:01.860,18.6,43.4,0.0,-1.8828768,11.1403544
2026-01-01T21:13:04.115,18.6,43.4,0.0,-1.8044235999999998,11.1403544
2026-01-01T21:13:06.371,18.6,43.4,0.0,-1.8436502,11.2580342
2026-01-01T21:13:08.627,18.6,43.5,0.0,-1.8436502,11.2580342
2026-01-01T21:13:10.883,18.6,43.6,-0.0392266,-1.8044235999999998,11.2580342
2026-01-01T21:13:13.139,18.6,43.7,0.0,-1.8436502,11.2580342
2026-01-01T21:13:15.395,18.6,43.7,0.0,-1.8044235999999998,11.2188076
2026-01-01T21:13:17.650,18.6,43.6,0.0,-1.8436502,11.2580342
2026-01-01T21:13:19.906,18.6,43.5,0.0,-1.8044235999999998,11.2580342
2026-01-01T21:13:22.162,18.6,43.4,0.0,-1.8436502,11.2188076
2026-01-01T21:13:24.417,18.6,43.4,0.0,-1.765197,11.179581
2026-01-01T21:13:26.673,18.6,43.6,0.0,-1.8828768,11.2580342
2026-01-01T21:13:28.929,18.6,43.7,0.0,-1.8436502,11.2972608
2026-01-01T21:13:31.184,18.6,43.8,0.0,-1.8436502,11.2188076
2026-01-01T21:13:33.440,18.6,43.9,0.0,-1.8044235999999998,11.179581
2026-01-01T21:13:35.696,18.6,43.9,0.0,-1.8044235999999998,11.2188076
2026-01-01T21:13:37.951,18.6,43.8,0.0,-1.8436502,11.2580342
2026-01-01T21:13:40.207,18.6,43.8,0.0,-1.8436502,11.2972608
2026-01-01T21:13:42.463,18.6,43.7,0.0,-1.765197,11.2188076
2026-01-01T21:13:44.719,18.6,43.6,-0.0392266,-1.8044235999999998,11.2188076
2026-01-01T21:13:46.974,18.6,43.5,0.0,-1.8044235999999998,11.2188076
2026-01-01T21:13:49.230,18.6,43.5,0.0392266,-1.8044235999999998,11.2188076
2026-01-01T21:13:51.486,18.6,43.5,-0.0392266,-1.8044235999999998,11.2580342
2026-01-01T21:13:53.741,18.6,43.4,0.0,-1.8044235999999998,11.2188076
2026-01-01T21:13:55.997,18.6,43.4,0.0,-1.9221034,11.2972608
2026-01-01T21:13:58.253,,,0.0,-1.8044235999999998,11.2580342
2026-01-01T21:14:00.508,18.6,43.6,0.0,-1.8044235999999998,11.2580342
2026-01-01T21:14:02.764,18.6,43.6,0.0,-1.8828768,11.2972608
2026-01-01T21:14:05.020,18.6,43.7,0.0,-1.8436502,11.2580342
2026-01-01T21:14:07.276,18.6,43.8,0.0392266,-1.8436502,11.2580342
2026-01-01T21:14:09.532,18.6,43.7,0.0392266,-1.8436502,11.2580342
2026-01-01T21:14:11.787,18.6,43.5,0.0,-1.8828768,11.2972608
2026-01-01T21:14:14.043,18.6,43.5,0.0,-1.8436502,11.2580342
2026-01-01T21:14:16.299,18.6,43.4,0.0,-1.8044235999999998,11.2580342
2026-01-01T21:14:18.555,18.6,43.3,0.0,-1.8436502,11.2188076
2026-01-01T21:14:20.811,18.6,43.3,0.0,-1.8436502,11.2580342
2026-01-01T21:14:23.066,18.6,43.2,0.0392266,-1.8044235999999998,11.2580342
2026-01-01T21:14:25.322,18.6,43.2,0.0,-1.8436502,11.2972608
2026-01-01T21:14:27.578,18.6,43.1,0.0392266,-1.8436502,11.2188076
2026-01-01T21:14:29.834,18.6,43.1,0.0,-1.8828768,11.2580342
2026-01-01T21:14:32.089,18.6,43.0,0.0392266,-1.8828768,11.2972608
2026-01-01T21:14:34.345,18.6,43.0,0.0,-1.8044235999999998,11.2580342
2026-01-01T21:14:36.601,18.6,43.0,0.0392266,-1.8044235999999998,11.2188076
2026-01-01T21:14:38.857,18.6,42.9,0.0,-1.765197,11.2580342
2026-01-01T21:14:41.112,18.6,42.9,0.0,-1.765197,11.2972608
2026-01-01T21:14:43.368,18.6,42.8,0.0,-1.8044235999999998,11.2188076
2026-01-01T21:14:45.624,18.6,42.8,0.0392266,-1.8436502,11.2972608
2026-01-01T21:14:47.880,18.5,42.7,0.0392266,-1.8828768,11.3364874
2026-01-01T21:14:50.136,18.6,42.7,0.0,-1.8044235999999998,11.2580342
2026-01-01T21:14:52.391,18.6,42.7,0.0,-1.8436502,11.2972608
2026-01-01T21:14:54.647,18.6,42.7,0.0,-1.8436502,11.2972608
2026-01-01T21:14:56.903,18.6,42.7,0.0,-1.8044235999999998,11.2580342
2026-01-01T21:14:59.159,18.5,42.6,0.0,-1.8436502,11.3364874
2026-01-01T21:15:01.415,18.6,42.8,0.0392266,-1.8436502,11.2972608
2026-01-01T21:15:03.671,18.6,42.8,0.0,-1.8436502,11.2188076
2026-01-01T21:15:05.926,18.5,42.8,0.0392266,-1.8436502,11.2188076
2026-01-01T21:15:08.182,18.6,42.9,0.0,-1.8436502,11.2972608
2026-01-01T21:15:10.438,18.5,42.9,0.0392266,-1.8044235999999998,11.2580342
2026-01-01T21:15:12.694,18.5,42.9,0.0,-1.8044235999999998,11.2580342
2026-01-01T21:15:14.949,18.6,43.0,0.0392266,-1.765197,11.2580342
2026-01-01T21:15:17.205,18.5,42.9,0.0,-1.8044235999999998,11.179581
2026-01-01T21:15:19.461,18.5,43.0,0.0,-1.8044235999999998,11.2972608
2026-01-01T21:15:21.717,18.5,43.0,0.0,-1.8436502,11.2972608
2026-01-01T21:15:23.972,18.5,43.0,-0.0392266,-1.8436502,11.2188076
2026-01-01T21:15:26.228,18.6,43.1,0.0392266,-1.8044235999999998,11.375713999999999
2026-01-01T21:15:28.484,18.5,43.0,0.0,-1.8828768,11.2972608
2026-01-01T21:15:30.740,18.5,42.9,0.0,-1.8044235999999998,11.2580342
2026-01-01T21:15:32.995,18.5,42.8,0.0,-1.8436502,11.2188076
2026-01-01T21:15:35.251,18.5,42.8,0.0392266,-1.8436502,11.2972608
2026-01-01T21:15:37.507,18.5,42.7,0.0,-1.8828768,11.2188076
2026-01-01T21:15:39.763,18.5,42.6,0.0,-1.8436502,11.2972608
2026-01-01T21:15:42.018,18.6,42.6,0.0,-1.8044235999999998,11.2580342
2026-01-01T21:15:44.274,18.5,42.5,0.0,-1.8044235999999998,11.2188076
2026-01-01T21:15:46.530,18.5,42.5,0.0392266,-1.8436502,11.2188076
2026-01-01T21:15:48.786,18.5,42.5,0.0,-1.8436502,11.2972608
2026-01-01T21:15:51.042,18.5,42.4,0.0392266,-1.8436502,11.2188076
2026-01-01T21:15:53.297,18.5,42.4,0.0392266,-1.8436502,11.2580342
2026-01-01T21:15:55.553,18.5,42.4,0.0,-1.8436502,11.1403544
2026-01-01T21:15:57.809,18.5,42.4,0.0,-1.8436502,11.2188076
2026-01-01T21:16:00.065,18.5,42.3,0.0,-1.8044235999999998,11.2188076
2026-01-01T21:16:02.320,18.5,42.3,0.0,-1.8044235999999998,11.2580342
2026-01-01T21:16:04.576,18.5,42.3,0.0392266,-1.8828768,11.3364874
2026-01-01T21:16:06.832,18.5,42.5,0.0,-1.8436502,11.2580342
2026-01-01T21:16:09.088,18.5,42.5,0.0,-1.8436502,11.2972608
2026-01-01T21:16:11.343,18.5,42.5,0.0392266,-1.8436502,11.2188076
2026-01-01T21:16:13.599,18.5,42.5,0.0,-1.8436502,11.179581
2026-01-01T21:16:15.855,18.5,42.5,0.0,-1.8044235999999998,11.2188076
2026-01-01T21:16:18.111,18.5,42.5,0.0,-1.8436502,11.2972608
2026-01-01T21:16:20.366,18.5,42.7,0.0,-1.8044235999999998,11.2972608
2026-01-01T21:16:22.622,18.5,42.7,0.0392266,-1.8436502,11.2580342
2026-01-01T21:16:24.878,18.5,42.8,0.0,-1.8044235999999998,11.2188076
2026-01-01T21:16:27.134,18.5,42.8,0.0,-1.8044235999999998,11.2188076
2026-01-01T21:16:29.389,18.5,42.8,0.0,-1.8828768,11.2972608
2026-01-01T21:16:31.645,18.5,42.8,0.0,-1.8044235999999998,11.2972608
2026-01-01T21:16:33.901,18.5,42.8,0.0,-1.8044235999999998,11.2580342
2026-01-01T21:16:36.156,18.5,42.8,0.0,-1.8828768,11.3364874
2026-01-01T21:16:38.412,18.5,43.0,0.0,-1.8044235999999998,11.2188076
2026-01-01T21:16:40.668,18.5,43.1,0.0,-1.8044235999999998,11.2972608
2026-01-01T21:16:42.924,18.5,43.2,0.0,-1.8436502,11.2580342
2026-01-01T21:16:45.179,18.5,43.1,0.0,-1.8436502,11.2972608
2026-01-01T21:16:47.435,18.5,43.0,0.0392266,-1.8436502,11.2972608
2026-01-01T21:16:49.691,18.5,42.9,0.0,-1.8044235999999998,11.2972608
2026-01-01T21:16:51.946,18.5,42.7,0.0,-1.8044235999999998,11.2580342
2026-01-01T21:16:54.202,18.5,42.7,0.0,-1.8436502,11.3364874
2026-01-01T21:16:56.458,18.5,42.7,0.0,-1.8044235999999998,11.3364874
2026-01-01T21:16:58.714,18.5,42.7,0.0392266,-1.8436502,11.2972608
2026-01-01T21:17:00.970,18.5,42.7,0.0392266,-1.8436502,11.2580342
2026-01-01T21:17:03.225,18.5,42.6,0.0,-1.8436502,11.2580342
2026-01-01T21:17:05.481,18.5,42.6,0.0392266,-1.8436502,11.2580342
2026-01-01T21:17:07.736,18.5,42.7,0.0,-1.8436502,11.2972608
2026-01-01T21:17:09.992,18.5,42.7,0.0,-1.8436502,11.375713999999999
2026-01-01T21:17:12.248,18.5,42.7,0.0,-1.8044235999999998,11.2188076
2026-01-01T21:17:14.503,18.5,42.7,0.0,-1.8436502,11.2188076
2026-01-01T21:17:16.759,18.5,42.7,0.0,-1.8436502,11.2972608
2026-01-01T21:17:19.015,18.5,42.8,0.0,-1.8436502,11.2580342
2026-01-01T21:17:21.271,,,0.0,-1.8436502,11.2580342
2026-01-01T21:17:23.526,18.5,43.2,0.0,-1.8436502,11.2972608
2026-01-01T21:17:25.781,18.5,43.2,0.0,-1.8828768,11.2580342
2026-01-01T21:17:28.037,18.5,43.2,0.0,-1.8044235999999998,11.375713999999999
2026-01-01T21:17:30.293,18.5,43.1,0.0,-1.8828768,11.2580342
2026-01-01T21:17:32.548,18.5,43.0,0.0,-1.8436502,11.2580342
2026-01-01T21:17:34.804,18.5,42.9,0.0,-1.8436502,11.2580342
2026-01-01T21:17:37.060,18.5,42.8,0.0392266,-1.9221034,11.179581
2026-01-01T21:17:39.316,18.5,42.8,0.0392266,-1.8436502,11.2580342
2026-01-01T21:17:41.571,18.5,42.7,0.0,-1.8436502,11.2580342
2026-01-01T21:17:43.826,18.5,42.7,0.0,-1.8044235999999998,11.179581
2026-01-01T21:17:46.082,18.5,42.6,0.0,-1.8436502,11.2580342
2026-01-01T21:17:48.338,18.5,42.6,0.0,-1.8828768,11.2580342
2026-01-01T21:17:50.593,18.5,42.5,0.0,-1.8828768,11.2188076
2026-01-01T21:17:52.849,18.5,42.5,0.0,-1.8436502,11.2580342
2026-01-01T21:17:55.105,18.5,42.5,0.0,-1.8828768,11.179581
2026-01-01T21:17:57.361,18.5,42.5,0.0,-1.8828768,11.2188076
2026-01-01T21:17:59.616,18.5,42.5,0.0,-1.8436502,11.2580342
2026-01-01T21:18:01.872,18.5,42.5,0.0,-1.8436502,11.2580342
2026-01-01T21:18:04.128,18.5,42.4,-0.0392266,-1.8044235999999998,11.179581
2026-01-01T21:18:06.383,18.5,42.4,0.0,-1.8828768,11.2188076
2026-01-01T21:18:08.639,18.5,42.4,0.0,-1.8828768,11.2580342
2026-01-01T21:18:10.895,18.5,42.4,-0.0392266,-1.765197,11.179581
2026-01-01T21:18:13.151,18.5,42.3,0.0,-1.8044235999999998,11.179581
2026-01-01T21:18:15.406,18.5,42.3,0.0,-1.8828768,11.2580342
2026-01-01T21:18:17.662,18.5,42.3,0.0,-1.8436502,11.2188076
2026-01-01T21:18:19.918,18.5,42.3,0.0,-1.8436502,11.2188076
2026-01-01T21:18:22.174,18.5,42.3,0.0,-1.8044235999999998,11.1403544
2026-01-01T21:18:24.429,18.5,42.3,-0.0392266,-1.8436502,11.179581
2026-01-01T21:18:26.685,18.5,42.3,0.0,-1.8436502,11.2188076
2026-01-01T21:18:28.941,18.5,42.3,-0.0392266,-1.8044235999999998,11.2580342
2026-01-01T21:18:31.196,18.5,42.2,0.0,-1.8828768,11.179581
2026-01-01T21:18:33.452,18.5,42.2,0.0,-1.8828768,11.1011278
2026-01-01T21:18:35.708,18.5,42.1,0.0,-1.8828768,11.2580342
2026-01-01T21:18:37.964,18.5,42.1,0.0,-1.8436502,11.179581
2026-01-01T21:18:40.219,18.5,42.0,0.0,-1.8828768,11.2188076
2026-01-01T21:18:42.475,18.5,42.1,0.0,-1.8828768,11.2188076
2026-01-01T21:18:44.731,18.5,42.1,0.0,-1.9221034,11.2188076
2026-01-01T21:18:46.987,18.5,42.1,0.0,-1.8436502,11.179581
2026-01-01T21:18:49.242,18.5,42.2,0.0,-1.8436502,11.179581
2026-01-01T21:18:51.498,18.5,42.2,0.0,-1.8828768,11.2188076
2026-01-01T21:18:53.754,18.5,42.2,0.0,-1.8828768,11.179581
2026-01-01T21:18:56.009,18.5,42.2,0.0,-1.8436502,11.179581
2026-01-01T21:18:58.265,18.5,42.2,0.0,-1.8436502,11.1011278
2026-01-01T21:19:00.521,18.5,42.2,0.0,-1.9221034,11.179581
2026-01-01T21:19:02.776,18.5,42.1,0.0,-1.8436502,11.2580342
2026-01-01T21:19:05.032,18.5,42.1,0.0,-1.8044235999999998,11.1403544
2026-01-01T21:19:07.288,18.5,42.1,0.0,-1.8044235999999998,11.179581
2026-01-01T21:19:09.544,18.5,42.0,0.0,-1.8828768,11.2580342
2026-01-01T21:19:11.799,18.5,42.0,0.0,-1.9221034,11.2188076
2026-01-01T21:19:14.055,18.5,42.0,0.0,-1.8436502,11.1403544
2026-01-01T21:19:16.311,18.5,42.1,0.0,-1.8828768,11.1011278
2026-01-01T21:19:18.566,18.5,42.1,0.0,-1.9221034,11.179581
2026-01-01T21:19:20.822,18.5,42.1,0.0,-1.8436502,11.2580342
2026-01-01T21:19:23.078,18.5,42.1,0.0,-1.8436502,11.1403544
2026-01-01T21:19:25.334,18.5,42.0,0.0,-1.8436502,11.1403544
2026-01-01T21:19:27.589,18.5,42.0,0.0,-1.9221034,11.179581
2026-01-01T21:19:29.845,18.5,42.0,0.0,-1.8828768,11.2580342
2026-01-01T21:19:32.101,18.5,42.1,0.0,-1.8436502,11.2188076
2026-01-01T21:19:34.357,,,0.0,-1.8828768,11.2580342
2026-01-01T21:19:36.612,18.5,42.1,0.0,-1.9221034,11.2188076
2026-01-01T21:19:38.868,18.5,42.1,0.0,-1.8436502,11.179581
2026-01-01T21:19:41.124,18.5,42.1,0.0,-1.8436502,11.2188076
2026-01-01T21:19:43.379,18.5,42.2,0.0,-1.8828768,11.2188076
2026-01-01T21:19:45.635,18.4,42.2,-0.0392266,-1.8436502,11.1403544
2026-01-01T21:19:47.891,18.5,42.2,-0.0392266,-1.8436502,11.1403544
2026-01-01T21:19:50.147,18.4,42.1,0.0,-1.8436502,11.179581
2026-01-01T21:19:52.402,18.5,42.2,0.0,-1.8436502,11.2188076
2026-01-01T21:19:54.658,18.4,42.2,0.0,-1.8436502,11.179581
2026-01-01T21:19:56.914,18.5,42.2,0.0,-1.8044235999999998,11.1403544
2026-01-01T21:19:59.170,18.5,42.1,0.0,-1.8436502,11.179581
2026-01-01T21:20:01.425,18.5,42.2,0.0,-1.8828768,11.1403544
2026-01-01T21:20:03.681,18.5,42.3,-0.0392266,-1.9221034,11.2972608
2026-01-01T21:20:05.937,18.5,42.3,0.0,-1.8436502,11.179581
2026-01-01T21:20:08.193,18.4,42.2,0.0,-1.9221034,11.2580342
2026-01-01T21:20:10.448,18.4,42.4,0.0,-1.8828768,11.2580342
2026-01-01T21:20:12.704,18.5,42.6,0.0,-1.8828768,11.179581
2026-01-01T21:20:14.960,18.5,42.6,-0.0392266,-1.8436502,11.2188076
2026-01-01T21:20:17.215,18.5,42.7,0.0,-1.8828768,11.2188076
2026-01-01T21:20:19.471,18.4,42.7,0.0,-1.8436502,11.1403544
2026-01-01T21:20:21.727,18.5,42.8,0.0,-1.9221034,11.2188076
2026-01-01T21:20:23.982,18.4,42.7,0.0392266,-1.8828768,11.179581
2026-01-01T21:20:26.238,18.5,42.7,0.0,-1.8828768,11.2188076
2026-01-01T21:20:28.494,18.4,42.6,0.0,-1.8436502,11.179581
2026-01-01T21:20:30.749,18.4,42.5,0.0,-1.8436502,11.2188076
2026-01-01T21:20:33.005,18.5,42.5,0.0,-1.8436502,11.2188076
2026-01-01T21:20:35.261,18.4,42.4,0.0,-1.8436502,11.2188076
2026-01-01T21:20:37.517,18.4,42.4,0.0,-1.8044235999999998,11.1403544
2026-01-01T21:20:39.772,18.5,42.3,0.0,-1.8828768,11.2188076
2026-01-01T21:20:42.028,18.4,42.2,0.0,-1.8436502,11.2188076
2026-01-01T21:20:44.284,18.5,42.3,0.0,-1.8044235999999998,11.2188076
2026-01-01T21:20:46.540,18.4,42.2,0.0,-1.8436502,11.179581
2026-01-01T21:20:48.795,18.4,42.3,0.0,-1.8828768,11.2580342
2026-01-01T21:20:51.051,18.4,42.3,0.0,-1.8436502,11.2188076
2026-01-01T21:20:53.307,18.4,42.3,0.0,-1.8436502,11.2188076
2026-01-01T21:20:55.563,18.4,42.3,0.0,-1.8828768,11.2580342
2026-01-01T21:20:57.818,18.5,42.3,0.0,-1.8436502,11.2188076
2026-01-01T21:21:00.074,18.4,42.2,-0.0392266,-1.8044235999999998,11.2188076
2026-01-01T21:21:02.330,18.4,42.2,0.0,-1.8828768,11.2188076
2026-01-01T21:21:04.586,18.4,42.1,0.0,-1.8828768,11.2580342
2026-01-01T21:21:06.841,18.5,42.2,0.0,-1.8044235999999998,11.3364874
2026-01-01T21:21:09.097,18.5,42.1,-0.0392266,-1.8044235999999998,11.179581
2026-01-01T21:21:11.353,18.4,42.1,0.0,-1.8828768,11.2972608
2026-01-01T21:21:13.608,18.4,42.1,0.0,-1.8828768,11.2188076
2026-01-01T21:21:15.864,18.4,42.0,0.0,-1.8436502,11.2188076
2026-01-01T21:21:18.120,18.4,42.0,0.0,-1.8436502,11.179581
2026-01-01T21:21:20.376,18.4,42.0,0.0,-1.8436502,11.2972608
2026-01-01T21:21:22.632,18.4,41.9,0.0,-1.8044235999999998,11.2188076
2026-01-01T21:21:24.887,18.4,41.9,0.0,-1.8436502,11.2580342
2026-01-01T21:21:27.143,18.4,41.9,0.0392266,-1.8044235999999998,11.2580342
2026-01-01T21:21:29.399,18.4,41.8,0.0392266,-1.8436502,11.2188076
2026-01-01T21:21:31.654,18.4,41.8,0.0,-1.8436502,11.179581
2026-01-01T21:21:33.910,18.4,41.8,0.0,-1.8436502,11.2580342
2026-01-01T21:21:36.166,18.4,41.9,0.0,-1.765197,11.2188076
2026-01-01T21:21:38.422,18.4,41.9,0.0,-1.8044235999999998,11.2188076
2026-01-01T21:21:40.677,18.4,41.8,0.0392266,-1.765197,11.1403544
2026-01-01T21:21:42.933,18.4,41.8,0.0392266,-1.8436502,11.2972608
2026-01-01T21:21:45.189,18.4,41.8,0.0,-1.8044235999999998,11.179581
2026-01-01T21:21:47.444,18.4,41.7,0.0,-1.8436502,11.2972608
2026-01-01T21:21:49.700,18.5,41.8,0.0392266,-1.8044235999999998,11.2972608
2026-01-01T21:21:51.956,18.4,41.7,0.0392266,-1.8436502,11.2972608
2026-01-01T21:21:54.212,18.4,41.6,0.0,-1.8044235999999998,11.2972608
2026-01-01T21:21:56.468,18.4,41.6,0.0,-1.8828768,11.2580342
2026-01-01T21:21:58.723,18.5,41.7,0.0392266,-1.8436502,11.2580342
2026-01-01T21:22:00.979,18.4,41.6,0.0,-1.8436502,11.2580342
2026-01-01T21:22:03.235,18.4,41.7,0.0,-1.8044235999999998,11.2580342
2026-01-01T21:22:05.491,18.4,41.8,-0.0392266,-1.96133,11.375713999999999
2026-01-01T21:22:07.746,18.4,41.9,0.0,-1.8044235999999998,11.1403544
2026-01-01T21:22:10.002,18.4,41.9,0.0,-1.8828768,11.2580342
2026-01-01T21:22:12.258,18.4,41.9,-0.0392266,-1.8044235999999998,11.2972608
2026-01-01T21:22:14.513,18.4,41.9,0.0,-1.8436502,11.2188076
2026-01-01T21:22:16.769,18.4,41.9,0.0,-1.8436502,11.2188076
2026-01-01T21:22:19.025,18.4,41.9,0.0392266,-1.8044235999999998,11.2972608
2026-01-01T21:22:21.280,18.5,41.9,0.0,-1.8044235999999998,11.2188076
2026-01-01T21:22:23.536,18.4,41.9,0.0,-1.8436502,11.3364874
2026-01-01T21:22:25.792,18.4,41.9,0.0,-1.8436502,11.2972608
2026-01-01T21:22:28.047,18.4,41.8,0.0,-1.8044235999999998,11.2580342
2026-01-01T21:22:30.303,18.4,41.8,0.0,-1.8436502,11.2580342
2026-01-01T21:22:32.559,18.4,41.8,0.0,-1.8044235999999998,11.3364874
2026-01-01T21:22:34.815,18.4,41.8,0.0,-1.8436502,11.2580342
2026-01-01T21:22:37.070,18.4,41.8,0.0,-1.8044235999999998,11.2188076
2026-01-01T21:22:39.326,18.4,41.8,0.0,-1.8436502,11.3364874
2026-01-01T21:22:41.582,18.4,41.9,0.0,-1.765197,11.2188076
2026-01-01T21:22:43.838,18.4,41.9,0.0392266,-1.8828768,11.2188076
2026-01-01T21:22:46.093,18.4,41.9,0.0392266,-1.8436502,11.3364874
2026-01-01T21:22:48.349,18.5,42.0,0.0,-1.8436502,11.2580342
2026-01-01T21:22:50.605,18.4,41.9,0.0,-1.8828768,11.2972608
2026-01-01T21:22:52.860,18.4,41.8,0.0,-1.8436502,11.2580342
2026-01-01T21:22:55.116,18.4,41.8,0.0,-1.8044235999999998,11.2188076
2026-01-01T21:22:57.372,18.4,41.7,0.0,-1.8436502,11.2580342
2026-01-01T21:22:59.627,18.4,41.7,0.0392266,-1.8044235999999998,11.2580342
2026-01-01T21:23:01.883,18.4,41.7,0.0,-1.8436502,11.2580342
2026-01-01T21:23:04.139,18.4,41.6,0.0,-1.8044235999999998,11.2580342
2026-01-01T21:23:06.395,18.4,41.6,0.0,-1.8044235999999998,11.3364874
2026-01-01T21:23:08.651,18.4,41.6,0.0392266,-1.8436502,11.2580342
2026-01-01T21:23:10.906,18.4,41.6,0.0392266,-1.8436502,11.2972608
2026-01-01T21:23:13.162,18.4,41.6,0.0,-1.8828768,11.2580342
2026-01-01T21:23:15.418,18.4,41.5,0.0,-1.8436502,11.3364874
2026-01-01T21:23:17.674,18.4,41.5,0.0,-1.8436502,11.2972608
2026-01-01T21:23:19.929,18.4,41.5,0.0392266,-1.8828768,11.2580342
2026-01-01T21:23:22.185,18.4,41.5,0.0392266,-1.8044235999999998,11.2188076
2026-01-01T21:23:24.441,18.4,41.5,0.0,-1.8044235999999998,11.2972608
2026-01-01T21:23:26.697,18.4,41.5,0.0,-1.8436502,11.2580342
2026-01-01T21:23:28.952,18.4,41.5,0.0,-1.8044235999999998,11.2188076
2026-01-01T21:23:31.208,,,0.0,-1.8828768,11.2580342
2026-01-01T21:23:33.464,18.4,41.5,0.0,-1.8044235999999998,11.2972608
2026-01-01T21:23:35.719,18.4,41.5,0.0,-1.8044235999999998,11.2972608
2026-01-01T21:23:37.974,18.4,41.5,0.0,-1.8044235999999998,11.2188076
2026-01-01T21:23:40.233,18.4,41.5,0.0,-1.8436502,11.2188076
2026-01-01T21:23:42.493,18.4,41.5,0.0784532,-1.8828768,11.2188076
2026-01-01T21:23:44.749,18.4,41.5,0.0392266,-1.8436502,11.2972608
2026-01-01T21:23:47.004,18.4,41.5,0.0,-1.8044235999999998,11.3364874
2026-01-01T21:23:49.260,18.4,41.5,0.0,-1.8436502,11.179581
2026-01-01T21:23:51.516,18.4,41.5,0.0,-1.8828768,11.2972608
2026-01-01T21:23:53.771,18.4,41.5,0.0,-1.8044235999999998,11.2580342
2026-01-01T21:23:56.027,18.4,41.5,0.0,-1.8044235999999998,11.2580342
2026-01-01T21:23:58.283,18.4,41.5,0.0,-1.8828768,11.2580342
2026-01-01T21:24:00.538,18.4,41.5,0.0,-1.8436502,11.2972608
2026-01-01T21:24:02.794,18.4,41.5,-0.0392266,-1.8044235999999998,11.2188076
2026-01-01T21:24:05.050,18.4,41.5,0.0,-1.8436502,11.2580342
2026-01-01T21:24:07.306,18.4,41.5,0.0,-1.8044235999999998,11.2580342
2026-01-01T21:24:09.562,18.4,41.5,0.0,-1.765197,11.179581
2026-01-01T21:24:11.817,18.4,41.5,0.0392266,-1.8436502,11.2580342
2026-01-01T21:24:14.073,18.4,41.5,0.0,-1.765197,11.2188076
2026-01-01T21:24:16.329,18.4,41.5,0.0392266,-1.8436502,11.2580342
2026-01-01T21:24:18.585,18.4,41.5,0.0,-1.8044235999999998,11.2580342
2026-01-01T21:24:20.841,18.4,41.5,0.0,-1.8436502,11.2972608
2026-01-01T21:24:23.096,18.4,41.5,0.0,-1.8436502,11.2972608
2026-01-01T21:24:25.352,18.4,41.5,0.0,-1.8436502,11.2188076
2026-01-01T21:24:27.608,18.4,41.5,0.0392266,-1.8044235999999998,11.179581
2026-01-01T21:24:29.864,18.4,41.5,0.0,-1.8436502,11.2972608
2026-01-01T21:24:32.119,18.4,41.5,0.0,-1.8436502,11.2972608
2026-01-01T21:24:34.375,18.4,41.5,0.0,-1.8044235999999998,11.2972608
2026-01-01T21:24:36.630,18.4,41.5,0.0,-1.8436502,11.2188076
2026-01-01T21:24:38.886,18.4,41.6,0.0,-1.8436502,11.2580342
2026-01-01T21:24:41.142,18.4,41.6,0.0,-1.8044235999999998,11.2188076
2026-01-01T21:24:43.397,18.4,41.6,0.0,-1.8044235999999998,11.2188076
2026-01-01T21:24:45.653,18.4,41.6,0.0,-1.8436502,11.2580342
2026-01-01T21:24:47.909,18.4,41.5,0.0,-1.8436502,11.2580342
2026-01-01T21:24:50.166,18.4,41.5,0.0,-1.8044235999999998,11.2188076
2026-01-01T21:24:52.422,18.4,41.5,0.0,-1.8044235999999998,11.2580342
2026-01-01T21:24:54.677,18.4,41.5,0.0,-1.8436502,11.2972608
2026-01-01T21:24:56.933,18.4,41.5,0.0392266,-1.8828768,11.2580342
2026-01-01T21:24:59.189,18.4,41.5,0.0,-1.8436502,11.2972608
2026-01-01T21:25:01.445,18.4,41.5,0.0,-1.8828768,11.2580342
2026-01-01T21:25:03.700,18.4,41.5,0.0,-1.8436502,11.2972608
2026-01-01T21:25:05.956,18.4,41.5,-0.0392266,-1.8044235999999998,11.2972608
2026-01-01T21:25:08.212,18.4,41.5,0.0392266,-1.8044235999999998,11.2580342
2026-01-01T21:25:10.468,18.4,41.5,0.0,-1.9221034,11.2972608
2026-01-01T21:25:12.723,18.4,41.5,0.0,-1.8436502,11.2580342
2026-01-01T21:25:14.979,18.4,41.5,0.0392266,-1.8828768,11.2972608
2026-01-01T21:25:17.234,18.4,41.5,0.0,-1.8044235999999998,11.2972608
2026-01-01T21:25:19.490,18.4,41.4,0.0,-1.8436502,11.2188076
2026-01-01T21:25:21.746,18.4,41.5,0.0,-1.8436502,11.2580342
2026-01-01T21:25:24.002,18.4,41.5,0.0,-1.8436502,11.2188076
2026-01-01T21:25:26.257,18.4,41.5,0.0,-1.8436502,11.2972608
2026-01-01T21:25:28.513,18.4,41.5,0.0,-1.8044235999999998,11.2188076
2026-01-01T21:25:30.769,18.4,41.5,0.0,-1.8436502,11.2188076
2026-01-01T21:25:33.024,18.4,41.6,0.0,-1.8828768,11.2580342
2026-01-01T21:25:35.280,18.4,41.8,0.0,-1.8436502,11.2972608
2026-01-01T21:25:37.536,18.4,41.9,0.0,-1.8044235999999998,11.2972608
2026-01-01T21:25:39.791,18.4,41.9,0.0392266,-1.8436502,11.2580342
2026-01-01T21:25:42.047,18.4,42.0,0.0,-1.8044235999999998,11.2188076
2026-01-01T21:25:44.303,18.4,42.2,0.0,-1.8044235999999998,11.2580342
2026-01-01T21:25:46.558,18.4,42.3,0.0,-1.8044235999999998,11.2972608
2026-01-01T21:25:48.814,18.4,42.3,0.0,-1.8044235999999998,11.2580342
2026-01-01T21:25:51.070,18.4,42.2,0.0392266,-1.8436502,11.3364874
2026-01-01T21:25:53.325,18.4,42.2,0.0392266,-1.8044235999999998,11.2580342
2026-01-01T21:25:55.581,18.4,42.2,0.0,-1.8436502,11.2580342
2026-01-01T21:25:57.837,18.4,42.5,0.0,-1.8436502,11.2972608
2026-01-01T21:26:00.092,18.4,42.7,0.0,-1.8436502,11.2580342
2026-01-01T21:26:02.348,18.4,42.8,0.0392266,-1.8436502,11.2188076
2026-01-01T21:26:04.604,18.4,42.9,0.0,-1.8436502,11.2972608
2026-01-01T21:26:06.860,18.4,42.9,0.0,-1.8436502,11.2972608
2026-01-01T21:26:09.115,18.4,42.7,0.0392266,-1.8436502,11.2972608
2026-01-01T21:26:11.371,18.4,42.6,0.0,-1.8044235999999998,11.2972608
2026-01-01T21:26:13.627,18.4,42.4,0.0,-1.8436502,11.3364874
2026-01-01T21:26:15.883,18.4,42.3,0.0392266,-1.8044235999999998,11.2972608
2026-01-01T21:26:18.138,18.4,42.3,0.0392266,-1.8436502,11.2580342
2026-01-01T21:26:20.394,18.4,42.5,0.0392266,-1.8436502,11.2580342
2026-01-01T21:26:22.650,18.4,42.6,0.0392266,-1.8436502,11.2580342
2026-01-01T21:26:24.905,18.4,42.7,0.0,-1.8044235999999998,11.2580342
2026-01-01T21:26:27.161,18.4,42.8,0.0392266,-1.8828768,11.375713999999999
2026-01-01T21:26:29.417,18.4,42.8,0.0,-1.8044235999999998,11.179581
2026-01-01T21:26:31.672,18.4,42.8,0.0,-1.9221034,11.2972608
2026-01-01T21:26:33.928,18.4,42.7,0.0,-1.765197,11.2188076
2026-01-01T21:26:36.184,18.4,42.7,0.0,-1.8828768,11.1403544
2026-01-01T21:26:38.439,18.4,42.6,0.0,-1.8828768,11.2580342
2026-01-01T21:26:40.695,18.4,42.6,0.0,-1.8044235999999998,11.179581
2026-01-01T21:26:42.951,18.4,42.6,0.0,-1.8436502,11.2188076
2026-01-01T21:26:45.206,18.4,42.5,0.0,-1.8436502,11.2972608
2026-01-01T21:26:47.462,18.4,42.4,0.0,-1.8044235999999998,11.1403544
2026-01-01T21:26:49.718,18.4,42.4,0.0,-1.8044235999999998,11.2972608
2026-01-01T21:26:51.973,18.4,42.4,0.0392266,-1.8044235999999998,11.2580342
2026-01-01T21:26:54.229,18.4,42.3,0.0,-1.8436502,11.2580342
2026-01-01T21:26:56.485,18.4,42.3,0.0,-1.8044235999999998,11.2188076
2026-01-01T21:26:58.740,18.4,42.2,0.0,-1.8436502,11.2580342
2026-01-01T21:27:00.996,18.4,42.3,0.0,-1.8828768,11.2972608
2026-01-01T21:27:03.252,18.4,42.5,0.0,-1.8044235999999998,11.2580342
2026-01-01T21:27:05.507,18.4,42.6,0.0,-1.765197,11.2580342
2026-01-01T21:27:07.763,18.4,42.6,0.0392266,-1.8436502,11.2580342
2026-01-01T21:27:10.019,18.4,42.7,0.0,-1.8044235999999998,11.2188076
2026-01-01T21:27:12.275,18.4,42.6,0.0,-1.765197,11.2580342
2026-01-01T21:27:14.531,18.4,42.5,0.0392266,-1.8044235999999998,11.2580342
2026-01-01T21:27:16.786,18.4,42.3,0.0,-1.8044235999999998,11.179581
2026-01-01T21:27:19.042,18.4,42.2,0.0392266,-1.8436502,11.2972608
2026-01-01T21:27:21.298,18.4,42.1,0.0,-1.8044235999999998,11.2972608
2026-01-01T21:27:23.554,18.4,42.0,0.0,-1.8044235999999998,11.2580342
2026-01-01T21:27:25.809,18.4,41.9,0.0392266,-1.8044235999999998,11.2188076
2026-01-01T21:27:28.065,18.4,41.9,0.0,-1.765197,11.2188076
2026-01-01T21:27:30.320,18.4,42.0,0.0,-1.8436502,11.3364874
2026-01-01T21:27:32.576,18.4,42.0,0.0,-1.8044235999999998,11.2580342
2026-01-01T21:27:34.832,18.4,41.9,0.0392266,-1.8436502,11.2972608
2026-01-01T21:27:37.087,18.4,41.9,0.0392266,-1.8044235999999998,11.3364874
2026-01-01T21:27:39.343,18.4,42.0,0.0,-1.8436502,11.3364874
2026-01-01T21:27:41.599,18.4,42.1,0.0392266,-1.8436502,11.2580342
2026-01-01T21:27:43.855,18.4,42.3,0.0392266,-1.8436502,11.2580342
2026-01-01T21:27:46.110,18.4,42.4,0.0392266,-1.8436502,11.2580342
2026-01-01T21:27:48.366,,,0.0,-1.8828768,11.2972608
2026-01-01T21:27:50.622,18.4,42.4,0.0,-1.8828768,11.2580342
2026-01-01T21:27:52.877,18.4,42.3,-0.0392266,-1.8436502,11.2188076
2026-01-01T21:27:55.133,18.4,42.2,0.0,-1.8828768,11.2188076
2026-01-01T21:27:57.389,18.4,42.2,-0.0392266,-1.765197,11.179581
2026-01-01T21:27:59.644,18.4,42.2,0.0,-1.8436502,11.2580342
2026-01-01T21:28:01.900,18.4,42.1,0.0,-1.8436502,11.179581
2026-01-01T21:28:04.156,18.4,42.1,0.0,-1.8044235999999998,11.2580342
2026-01-01T21:28:06.412,18.4,42.0,0.0,-1.8828768,11.2972608
2026-01-01T21:28:08.667,18.4,42.0,0.0,-1.8436502,11.2188076
2026-01-01T21:28:10.923,18.4,41.9,0.0,-1.8044235999999998,11.2580342
2026-01-01T21:28:13.179,18.4,41.9,0.0,-1.8436502,11.2580342
2026-01-01T21:28:15.434,18.4,41.8,0.0,-1.8044235999999998,11.2580342
2026-01-01T21:28:17.690,18.4,41.9,0.0,-1.8436502,11.2188076
2026-01-01T21:28:19.945,18.4,41.9,0.0,-1.8044235999999998,11.2972608
2026-01-01T21:28:22.201,18.4,41.9,-0.0392266,-1.8044235999999998,11.2188076
2026-01-01T21:28:24.457,18.4,41.9,0.0,-1.8436502,11.1403544
2026-01-01T21:28:26.712,18.4,41.9,0.0,-1.8436502,11.2580342
2026-01-01T21:28:28.968,18.4,41.9,0.0392266,-1.8044235999999998,11.2188076
2026-01-01T21:28:31.224,18.4,41.9,0.0,-1.8828768,11.2972608
2026-01-01T21:28:33.479,18.4,41.9,0.0,-1.8044235999999998,11.179581
2026-01-01T21:28:35.735,18.4,42.1,0.0,-1.8436502,11.2972608
2026-01-01T21:28:37.991,18.4,42.2,0.0,-1.8436502,11.2580342
2026-01-01T21:28:40.247,18.4,42.2,0.0,-1.765197,11.2580342
2026-01-01T21:28:42.502,18.4,42.2,0.0,-1.8436502,11.2580342
2026-01-01T21:28:44.758,18.4,42.1,0.0,-1.8044235999999998,11.2188076
2026-01-01T21:28:47.014,18.4,42.1,0.0,-1.8436502,11.179581
2026-01-01T21:28:49.270,18.4,42.0,0.0392266,-1.8436502,11.2972608
2026-01-01T21:28:51.525,18.4,42.0,0.0,-1.765197,11.2188076
2026-01-01T21:28:53.781,18.4,42.0,0.0,-1.8828768,11.2580342
2026-01-01T21:28:56.037,18.4,41.9,0.0,-1.8436502,11.2580342
2026-01-01T21:28:58.292,18.4,41.8,0.0,-1.765197,11.179581
2026-01-01T21:29:00.548,18.4,41.8,0.0,-1.8436502,11.2972608
2026-01-01T21:29:02.804,18.4,41.8,0.0,-1.765197,11.2972608
2026-01-01T21:29:05.059,18.4,41.7,0.0,-1.8436502,11.179581
2026-01-01T21:29:07.315,18.4,41.7,0.0,-1.8436502,11.2972608
2026-01-01T21:29:09.571,18.4,41.6,0.0,-1.8044235999999998,11.2188076
2026-01-01T21:29:11.826,18.4,41.6,0.0,-1.8828768,11.2972608
2026-01-01T21:29:14.082,18.4,41.6,0.0,-1.8044235999999998,11.2580342
2026-01-01T21:29:16.338,18.4,41.7,0.0,-1.8436502,11.2188076
2026-01-01T21:29:18.594,18.4,41.8,0.0,-1.8828768,11.2972608
2026-01-01T21:29:20.849,18.4,41.9,0.0,-1.8436502,11.2972608
2026-01-01T21:29:23.105,18.4,42.1,0.0392266,-1.8436502,11.2188076
2026-01-01T21:29:25.361,18.4,42.1,0.0,-1.8436502,11.2972608
2026-01-01T21:29:27.617,18.4,42.2,0.0,-1.8436502,11.2580342
2026-01-01T21:29:29.872,18.4,42.1,0.0,-1.8436502,11.2580342
2026-01-01T21:29:32.128,18.4,42.0,0.0,-1.8436502,11.2972608
2026-01-01T21:29:34.384,18.4,41.9,0.0,-1.8044235999999998,11.179581
2026-01-01T21:29:36.639,18.4,41.9,0.0,-1.8044235999999998,11.2580342
2026-01-01T21:29:38.895,18.4,41.9,0.0,-1.8436502,11.2972608
2026-01-01T21:29:41.151,18.4,41.9,0.0,-1.8044235999999998,11.2188076
2026-01-01T21:29:43.407,18.4,41.9,0.0,-1.8044235999999998,11.2580342
2026-01-01T21:29:45.662,18.4,41.9,0.0,-1.8044235999999998,11.1403544
2026-01-01T21:29:47.918,18.4,41.9,0.0,-1.8044235999999998,11.2972608
2026-01-01T21:29:50.174,18.4,41.9,0.0,-1.8044235999999998,11.2188076
2026-01-01T21:29:52.429,18.4,41.9,0.0,-1.8436502,11.2188076
2026-01-01T21:29:54.685,18.4,41.9,0.0,-1.8044235999999998,11.2188076
2026-01-01T21:29:56.940,18.4,41.8,0.0,-1.8436502,11.2972608
2026-01-01T21:29:59.196,18.4,41.9,0.0,-1.8828768,11.2972608
2026-01-01T21:30:01.452,18.4,41.9,0.0,-1.765197,11.179581
2026-01-01T21:30:03.708,18.3,41.9,-0.0392266,-1.8044235999999998,11.179581
2026-01-01T21:30:05.963,18.4,41.9,0.0,-1.8436502,11.2580342
2026-01-01T21:30:08.219,18.4,41.9,0.0,-1.8044235999999998,11.2188076
2026-01-01T21:30:10.475,18.4,41.9,0.0,-1.8828768,11.2188076
2026-01-01T21:30:12.730,18.3,41.8,0.0,-1.765197,11.2188076
2026-01-01T21:30:14.986,18.4,41.8,0.0,-1.8828768,11.2580342
2026-01-01T21:30:17.242,18.4,41.8,0.0,-1.8828768,11.2972608
2026-01-01T21:30:19.497,18.4,41.8,0.0,-1.8044235999999998,11.2188076
2026-01-01T21:30:21.753,18.4,41.8,0.0,-1.8436502,11.2580342
2026-01-01T21:30:24.009,18.3,41.7,0.0,-1.8044235999999998,11.2580342
2026-01-01T21:30:26.265,18.4,41.7,0.0,-1.8436502,11.2580342
2026-01-01T21:30:28.520,18.4,41.7,-0.0392266,-1.8044235999999998,11.2580342
2026-01-01T21:30:30.776,,,0.0,-1.8044235999999998,11.179581
2026-01-01T21:30:33.032,18.4,41.7,0.0,-1.9221034,11.2972608
2026-01-01T21:30:35.288,18.4,41.7,0.0392266,-1.8436502,11.2972608
2026-01-01T21:30:37.543,18.4,41.9,-0.0392266,-1.8436502,11.2580342
2026-01-01T21:30:39.799,18.4,42.1,0.0,-1.8436502,11.2972608
2026-01-01T21:30:42.055,18.4,42.2,0.0,-1.8436502,11.2188076
2026-01-01T21:30:44.310,18.4,42.2,0.0,-1.8828768,11.2580342
2026-01-01T21:30:46.566,18.3,42.1,0.0,-1.8436502,11.2972608
2026-01-01T21:30:48.822,18.3,42.1,0.0,-1.8044235999999998,11.179581
2026-01-01T21:30:51.078,18.4,42.1,0.0392266,-1.8044235999999998,11.2580342
2026-01-01T21:30:53.333,18.4,42.1,0.0,-1.8436502,11.2188076
2026-01-01T21:30:55.589,18.3,42.0,0.0,-1.8044235999999998,11.1403544
2026-01-01T21:30:57.844,18.4,42.0,0.0,-1.8436502,11.2972608
2026-01-01T21:31:00.100,18.3,42.0,0.0,-1.8436502,11.179581
2026-01-01T21:31:02.356,18.4,42.1,0.0,-1.8828768,11.2972608
2026-01-01T21:31:04.611,18.3,42.2,0.0,-1.8436502,11.179581
2026-01-01T21:31:06.867,18.3,42.6,0.0,-1.8436502,11.2972608
2026-01-01T21:31:09.123,18.3,42.9,0.0,-1.8828768,11.2972608
2026-01-01T21:31:11.378,18.3,43.1,0.0,-1.8044235999999998,11.2580342
2026-01-01T21:31:13.634,18.3,43.3,0.0,-1.8436502,11.2972608
2026-01-01T21:31:15.890,18.3,43.3,0.0,-1.8044235999999998,11.2188076
2026-01-01T21:31:18.146,18.4,43.2,0.0,-1.765197,11.2972608
2026-01-01T21:31:20.401,18.4,43.0,0.0,-1.8436502,11.2580342
2026-01-01T21:31:22.656,18.4,42.8,0.0,-1.8044235999999998,11.2580342
2026-01-01T21:31:24.912,18.3,42.6,0.0,-1.8436502,11.3364874
2026-01-01T21:31:27.168,18.4,42.6,0.0392266,-1.8044235999999998,11.2580342
2026-01-01T21:31:29.424,18.4,42.4,0.0,-1.8436502,11.2580342
2026-01-01T21:31:31.680,18.3,42.2,0.0,-1.8436502,11.3364874
2026-01-01T21:31:33.935,18.3,42.2,0.0,-1.8044235999999998,11.2580342
2026-01-01T21:31:36.191,18.3,42.2,0.0392266,-1.8436502,11.2972608
2026-01-01T21:31:38.447,18.3,42.2,0.0,-1.8044235999999998,11.2188076
2026-01-01T21:31:40.703,18.3,42.2,0.0392266,-1.8436502,11.2580342
2026-01-01T21:31:42.958,18.3,42.1,0.0,-1.765197,11.2188076
2026-01-01T21:31:45.214,18.3,42.0,0.0,-1.8044235999999998,11.2188076
2026-01-01T21:31:47.470,18.4,42.2,0.0,-1.8436502,11.2972608
2026-01-01T21:31:49.725,18.4,42.5,0.0,-1.8436502,11.179581
2026-01-01T21:31:51.981,18.3,42.6,0.0392266,-1.8828768,11.2972608
2026-01-01T21:31:54.237,18.4,42.9,0.0,-1.765197,11.2188076
2026-01-01T21:31:56.493,18.3,42.9,0.0,-1.8044235999999998,11.2972608
2026-01-01T21:31:58.748,18.4,43.1,0.0,-1.8828768,11.2580342
2026-01-01T21:32:01.004,18.4,43.1,0.0,-1.8044235999999998,11.2580342
2026-01-01T21:32:03.260,18.4,43.0,0.0392266,-1.8436502,11.2580342
2026-01-01T21:32:05.515,18.4,42.9,0.0,-1.8436502,11.2580342
2026-01-01T21:32:07.771,18.4,42.8,0.0,-1.8436502,11.179581
2026-01-01T21:32:10.027,18.3,42.6,0.0,-1.8828768,11.3364874
2026-01-01T21:32:12.283,18.3,42.5,0.0392266,-1.8044235999999998,11.2580342
2026-01-01T21:32:14.538,18.3,42.4,0.0,-1.8436502,11.3364874
2026-01-01T21:32:16.794,18.4,42.5,0.0,-1.8044235999999998,11.2188076
2026-01-01T21:32:19.050,18.3,42.3,0.0392266,-1.8436502,11.2580342
2026-01-01T21:32:21.305,18.3,42.2,0.0,-1.8436502,11.2580342
2026-01-01T21:32:23.561,18.3,42.1,0.0392266,-1.8044235999999998,11.2188076
2026-01-01T21:32:25.817,18.3,42.0,0.0,-1.8436502,11.2972608
2026-01-01T21:32:28.072,18.3,41.9,0.0,-1.8044235999999998,11.2188076
2026-01-01T21:32:30.328,18.3,41.8,0.0392266,-1.8828768,11.2972608
2026-01-01T21:32:32.584,18.3,41.8,-0.0392266,-1.765197,11.2580342
2026-01-01T21:32:34.839,18.3,41.8,0.0,-1.765197,11.2188076
2026-01-01T21:32:37.095,18.4,41.9,0.0392266,-1.8436502,11.3364874
2026-01-01T21:32:39.351,18.3,41.8,0.0392266,-1.8044235999999998,11.2972608
2026-01-01T21:32:41.607,18.3,41.8,0.0392266,-1.8828768,11.3364874
2026-01-01T21:32:43.862,18.3,41.7,0.0,-1.765197,11.2188076
2026-01-01T21:32:46.118,18.3,41.6,0.0,-1.8436502,11.2580342
2026-01-01T21:32:48.374,18.3,41.6,0.0392266,-1.8436502,11.2972608
2026-01-01T21:32:50.630,18.4,41.6,0.0,-1.8044235999999998,11.2580342
2026-01-01T21:32:52.885,18.3,41.5,0.0,-1.8828768,11.179581
2026-01-01T21:32:55.141,18.3,41.5,0.0,-1.8436502,11.1403544
2026-01-01T21:32:57.397,18.3,41.5,0.0,-1.8828768,11.179581
2026-01-01T21:32:59.652,18.3,41.4,-0.0392266,-1.9221034,11.2188076
2026-01-01T21:33:01.908,18.3,41.4,0.0,-1.8436502,11.2188076
2026-01-01T21:33:04.164,18.3,41.4,0.0,-1.8436502,11.2580342
2026-01-01T21:33:06.420,18.3,41.5,0.0,-1.8436502,11.2188076
2026-01-01T21:33:08.675,18.3,41.5,0.0,-1.9221034,11.2972608
2026-01-01T21:33:10.931,18.3,41.6,0.0,-1.8828768,11.2580342
2026-01-01T21:33:13.187,18.3,41.6,0.0,-1.8436502,11.179581
2026-01-01T21:33:15.442,18.3,41.6,0.0,-1.8436502,11.179581
2026-01-01T21:33:17.698,18.3,41.7,0.0,-1.8044235999999998,11.1403544
2026-01-01T21:33:19.954,18.3,41.7,0.0,-1.8436502,11.2972608
2026-01-01T21:33:22.209,18.3,41.7,0.0,-1.8044235999999998,11.2188076
2026-01-01T21:33:24.465,18.4,41.7,0.0,-1.8436502,11.2188076
2026-01-01T21:33:26.721,18.3,41.6,0.0,-1.8436502,11.2972608
2026-01-01T21:33:28.976,18.3,41.6,0.0,-1.8828768,11.2188076
2026-01-01T21:33:31.232,18.3,41.6,0.0,-1.8436502,11.179581
2026-01-01T21:33:33.488,18.4,41.7,0.0,-1.8828768,11.2580342
2026-01-01T21:33:35.743,18.3,41.6,0.0,-1.8436502,11.2580342
2026-01-01T21:33:37.999,18.3,41.6,0.0,-1.8436502,11.2972608
2026-01-01T21:33:40.255,18.4,41.7,0.0,-1.8436502,11.2188076
2026-01-01T21:33:42.511,18.3,41.6,0.0,-1.8044235999999998,11.2972608
2026-01-01T21:33:44.766,18.4,41.7,0.0,-1.8436502,11.2580342
2026-01-01T21:33:47.022,18.3,41.6,0.0392266,-1.8828768,11.2972608
2026-01-01T21:33:49.278,18.3,41.7,0.0,-1.8044235999999998,11.2188076
2026-01-01T21:33:51.533,18.3,41.7,0.0,-1.8436502,11.2972608
2026-01-01T21:33:53.789,18.3,41.7,0.0,-1.8044235999999998,11.2188076
2026-01-01T21:33:56.045,18.3,41.7,0.0392266,-1.8436502,11.2972608
2026-01-01T21:33:58.300,18.3,41.6,0.0392266,-1.8044235999999998,11.2972608
2026-01-01T21:34:00.556,18.3,41.6,0.0392266,-1.8436502,11.2972608
2026-01-01T21:34:02.812,18.3,41.6,0.0,-1.8436502,11.2972608
2026-01-01T21:34:05.067,18.3,41.7,0.0,-1.8044235999999998,11.2972608
2026-01-01T21:34:07.323,18.3,41.6,0.0392266,-1.8436502,11.2972608
2026-01-01T21:34:09.583,18.3,41.6,-0.0392266,-1.8044235999999998,11.2580342
2026-01-01T21:34:11.838,18.3,41.6,0.0392266,-1.8828768,11.2972608
2026-01-01T21:34:14.094,18.3,41.6,0.0,-1.8436502,11.2188076
2026-01-01T21:34:16.349,18.3,41.6,0.0,-1.8828768,11.2972608
2026-01-01T21:34:18.609,18.3,41.7,0.0,-1.8044235999999998,11.2972608
2026-01-01T21:34:20.864,18.3,41.7,0.0392266,-1.8828768,11.2972608
2026-01-01T21:34:23.125,18.3,41.9,0.0,-1.8436502,11.2188076
2026-01-01T21:34:25.385,18.3,42.0,0.0392266,-1.8436502,11.3364874
2026-01-01T21:34:27.645,18.3,42.1,0.0,-1.8436502,11.2580342
2026-01-01T21:34:29.905,18.3,42.1,0.0,-1.8436502,11.3364874
2026-01-01T21:34:32.160,18.3,42.1,0.0,-1.8044235999999998,11.2580342
2026-01-01T21:34:34.421,18.3,42.1,0.0,-1.8828768,11.3364874
2026-01-01T21:34:36.676,18.3,42.1,0.0,-1.8436502,11.2580342
2026-01-01T21:34:38.937,18.3,42.1,0.0392266,-1.8828768,11.2972608
2026-01-01T21:34:41.197,18.3,41.9,0.0392266,-1.8044235999999998,11.2972608
2026-01-01T21:34:43.453,18.3,41.9,0.0,-1.8436502,11.2972608
2026-01-01T21:34:45.708,18.3,41.8,0.0,-1.8436502,11.3364874
2026-01-01T21:34:47.964,18.3,41.7,0.0,-1.8828768,11.2972608
2026-01-01T21:34:50.220,18.3,41.6,0.0392266,-1.8436502,11.3364874
2026-01-01T21:34:52.475,18.3,41.6,0.0,-1.8436502,11.2188076
2026-01-01T21:34:54.731,18.3,41.5,0.0392266,-1.8436502,11.3364874
2026-01-01T21:34:56.987,18.3,41.5,0.0,-1.8044235999999998,11.3364874
2026-01-01T21:34:59.242,18.3,41.5,0.0,-1.8044235999999998,11.2188076
2026-01-01T21:35:01.498,18.3,41.4,0.0,-1.8828768,11.2580342
2026-01-01T21:35:03.754,18.3,41.4,0.0,-1.8436502,11.2580342
2026-01-01T21:35:06.009,18.3,41.4,0.0,-1.8436502,11.2580342
2026-01-01T21:35:08.265,18.3,41.4,0.0,-1.8436502,11.2972608
2026-01-01T21:35:10.521,18.3,41.3,0.0,-1.8828768,11.2972608
2026-01-01T21:35:12.776,18.3,41.3,0.0,-1.8044235999999998,11.2972608
2026-01-01T21:35:15.032,18.3,41.3,0.0,-1.8044235999999998,11.2580342
2026-01-01T21:35:17.288,18.3,41.3,0.0,-1.8828768,11.2972608
2026-01-01T21:35:19.543,18.3,41.3,0.0,-1.8044235999999998,11.2972608
2026-01-01T21:35:21.799,18.3,41.3,0.0,-1.8436502,11.2972608
2026-01-01T21:35:24.055,18.3,41.3,0.0,-1.8436502,11.3364874
2026-01-01T21:35:26.311,18.3,41.3,0.0,-1.8828768,11.3364874
2026-01-01T21:35:28.566,18.3,41.3,0.0,-1.8828768,11.2972608
2026-01-01T21:35:30.822,18.3,41.4,0.0,-1.8436502,11.2972608
2026-01-01T21:35:33.078,18.3,41.4,0.0,-1.8044235999999998,11.2188076
2026-01-01T21:35:35.334,18.3,41.3,0.0,-1.8044235999999998,11.2972608
2026-01-01T21:35:37.590,18.3,41.4,0.0,-1.8436502,11.2580342
2026-01-01T21:35:39.845,18.3,41.4,0.0,-1.8436502,11.2972608
2026-01-01T21:35:42.101,18.3,41.3,0.0,-1.8044235999999998,11.2580342
2026-01-01T21:35:44.357,18.3,41.4,0.0,-1.8828768,11.375713999999999
2026-01-01T21:35:46.612,18.3,41.3,0.0,-1.8436502,11.2972608
2026-01-01T21:35:48.868,18.3,41.3,0.0,-1.8828768,11.2972608
2026-01-01T21:35:51.124,18.3,41.4,0.0392266,-1.8436502,11.2580342
2026-01-01T21:35:53.380,18.3,41.4,0.0,-1.8436502,11.2580342
2026-01-01T21:35:55.635,18.3,41.3,0.0,-1.8436502,11.2580342
2026-01-01T21:35:57.891,18.3,41.4,0.0,-1.8436502,11.2972608
2026-01-01T21:36:00.146,18.3,41.4,0.0,-1.8436502,11.2188076
2026-01-01T21:36:02.402,18.3,41.3,0.0,-1.8436502,11.2972608
2026-01-01T21:36:04.658,18.3,41.3,0.0392266,-1.8044235999999998,11.2580342
2026-01-01T21:36:06.914,18.3,41.2,0.0392266,-1.8436502,11.3364874
2026-01-01T21:36:09.169,18.3,41.2,0.0,-1.8044235999999998,11.2580342
2026-01-01T21:36:11.425,18.3,41.2,0.0392266,-1.8828768,11.2972608
2026-01-01T21:36:13.680,18.3,41.2,0.0,-1.8436502,11.2972608
2026-01-01T21:36:15.936,18.3,41.2,0.0,-1.8044235999999998,11.2188076
2026-01-01T21:36:18.191,18.3,41.2,0.0,-1.8436502,11.3364874
2026-01-01T21:36:20.447,18.3,41.2,0.0,-1.8436502,11.2580342
2026-01-01T21:36:22.703,18.3,41.2,0.0,-1.8436502,11.2972608
2026-01-01T21:36:24.959,18.3,41.2,0.0,-1.8436502,11.2188076
2026-01-01T21:36:27.214,18.3,41.2,0.0,-1.8828768,11.2972608
2026-01-01T21:36:29.470,18.3,41.2,0.0392266,-1.8436502,11.2972608
2026-01-01T21:36:31.726,18.3,41.2,0.0392266,-1.8436502,11.2580342
2026-01-01T21:36:33.982,18.3,41.2,0.0,-1.8044235999999998,11.3364874
2026-01-01T21:36:36.238,18.3,41.2,0.0392266,-1.8828768,11.3364874
2026-01-01T21:36:38.493,18.3,41.2,0.0,-1.8436502,11.2972608
2026-01-01T21:36:40.749,18.3,41.2,0.0392266,-1.9221034,11.2972608
2026-01-01T21:36:43.007,18.3,41.2,0.0,-1.8044235999999998,11.2580342
2026-01-01T21:36:45.265,18.3,41.2,0.0392266,-1.8436502,11.2188076
2026-01-01T21:36:47.525,18.3,41.2,0.0,-1.8044235999999998,11.2580342
2026-01-01T21:36:49.785,18.3,41.1,0.0392266,-1.9221034,11.2580342
2026-01-01T21:36:52.045,18.3,41.1,0.0,-1.8044235999999998,11.2188076
2026-01-01T21:36:54.300,18.3,41.1,0.0392266,-1.8436502,11.2972608
2026-01-01T21:36:56.556,18.3,41.0,0.0,-1.8828768,11.2580342
2026-01-01T21:36:58.812,18.3,41.0,0.0392266,-1.8044235999999998,11.2972608
2026-01-01T21:37:01.067,18.3,41.0,-0.0392266,-1.765197,11.1403544
2026-01-01T21:37:03.323,18.3,41.0,0.0392266,-1.8044235999999998,11.2580342
2026-01-01T21:37:05.579,18.3,41.0,0.0,-1.8828768,11.2580342
2026-01-01T21:37:07.835,18.3,41.0,0.0,-1.765197,11.2188076
2026-01-01T21:37:10.090,18.3,41.0,0.0392266,-1.8828768,11.3364874
2026-01-01T21:37:12.346,18.3,41.0,0.0,-1.8436502,11.2188076
2026-01-01T21:37:14.602,18.3,41.0,0.0392266,-1.8436502,11.2188076
2026-01-01T21:37:16.857,18.3,41.0,0.0,-1.8436502,11.2972608
2026-01-01T21:37:19.113,18.3,41.0,0.0,-1.8436502,11.2580342
2026-01-01T21:37:21.369,18.3,41.1,0.0,-1.8044235999999998,11.3364874
2026-01-01T21:37:23.625,18.3,41.3,0.0,-1.8436502,11.2972608
2026-01-01T21:37:25.880,18.3,41.5,0.0392266,-1.8436502,11.2972608
2026-01-01T21:37:28.136,18.3,41.5,0.0392266,-1.8044235999999998,11.2580342
2026-01-01T21:37:30.391,18.3,41.5,0.0392266,-1.8828768,11.2580342
2026-01-01T21:37:32.647,18.3,41.5,0.0392266,-1.8044235999999998,11.179581
2026-01-01T21:37:34.903,18.3,41.6,0.0,-1.8436502,11.2580342
2026-01-01T21:37:37.158,18.3,41.6,0.0,-1.8044235999999998,11.2580342
2026-01-01T21:37:39.414,18.3,41.8,0.0,-1.8044235999999998,11.2580342
2026-01-01T21:37:41.670,18.3,42.0,0.0392266,-1.8436502,11.2972608
2026-01-01T21:37:43.925,,,0.0392266,-1.8044235999999998,11.2188076
2026-01-01T21:37:46.181,18.3,42.2,0.0392266,-1.8436502,11.179581
2026-01-01T21:37:48.436,18.3,42.3,0.0,-1.8044235999999998,11.2188076
2026-01-01T21:37:50.692,18.3,42.2,0.0,-1.8436502,11.2580342
2026-01-01T21:37:52.948,18.3,42.1,0.0,-1.765197,11.2972608
2026-01-01T21:37:55.203,18.3,42.0,0.0,-1.8436502,11.3364874
2026-01-01T21:37:57.459,18.3,41.9,0.0,-1.8044235999999998,11.2188076
2026-01-01T21:37:59.715,18.3,41.9,0.0392266,-1.8436502,11.2580342
2026-01-01T21:38:01.971,18.3,41.9,0.0,-1.8044235999999998,11.2580342
2026-01-01T21:38:04.226,18.3,42.0,0.0,-1.8436502,11.2580342
2026-01-01T21:38:06.482,18.3,42.0,0.0392266,-1.8436502,11.2972608
2026-01-01T21:38:08.737,18.3,41.9,0.0,-1.8436502,11.179581
2026-01-01T21:38:10.993,18.3,42.0,0.0,-1.8436502,11.2580342
2026-01-01T21:38:13.249,18.3,42.1,0.0392266,-1.8436502,11.179581
2026-01-01T21:38:15.504,18.3,42.3,0.0,-1.8044235999999998,11.2972608
2026-01-01T21:38:17.760,18.3,42.6,0.0,-1.8436502,11.2188076
2026-01-01T21:38:20.016,18.3,42.8,0.0,-1.8436502,11.2580342
2026-01-01T21:38:22.271,18.3,43.0,0.0,-1.8044235999999998,11.2972608
2026-01-01T21:38:24.527,18.3,43.1,0.0392266,-1.8044235999999998,11.2580342
2026-01-01T21:38:26.783,18.3,43.2,0.0,-1.8044235999999998,11.179581
2026-01-01T21:38:29.039,18.3,43.1,0.0392266,-1.8436502,11.2972608
2026-01-01T21:38:31.295,18.3,43.0,0.0,-1.8436502,11.2188076
2026-01-01T21:38:33.550,18.3,42.8,0.0,-1.8436502,11.179581
2026-01-01T21:38:35.806,18.3,42.6,0.0,-1.765197,11.2580342
2026-01-01T21:38:38.062,18.3,42.7,0.0392266,-1.8436502,11.3364874
2026-01-01T21:38:40.317,18.3,42.7,0.0392266,-1.8436502,11.2972608
2026-01-01T21:38:42.573,18.3,42.6,0.0,-1.8044235999999998,11.179581
2026-01-01T21:38:44.829,18.3,42.4,0.0,-1.8436502,11.179581
2026-01-01T21:38:47.085,18.3,42.2,0.0,-1.8044235999999998,11.2188076
2026-01-01T21:38:49.340,18.3,42.1,0.0,-1.8828768,11.2972608
2026-01-01T21:38:51.596,18.3,42.0,0.0,-1.8044235999999998,11.179581
2026-01-01T21:38:53.852,18.3,41.9,0.0,-1.8436502,11.2188076
2026-01-01T21:38:56.107,18.3,41.8,0.0,-1.765197,11.2188076
2026-01-01T21:38:58.363,18.3,41.8,0.0,-1.8436502,11.179581
2026-01-01T21:39:00.619,18.3,41.7,0.0392266,-1.8828768,11.2580342
2026-01-01T21:39:02.874,18.3,41.6,0.0,-1.8436502,11.2580342
2026-01-01T21:39:05.130,18.3,41.6,0.0,-1.8436502,11.2972608
2026-01-01T21:39:07.386,18.3,41.5,0.0,-1.8044235999999998,11.2580342
2026-01-01T21:39:09.642,18.3,41.6,0.0,-1.765197,11.2972608
2026-01-01T21:39:11.897,18.3,41.6,0.0,-1.765197,11.179581
2026-01-01T21:39:14.153,18.3,41.6,0.0,-1.8436502,11.2972608
2026-01-01T21:39:16.409,18.3,41.5,0.0,-1.8044235999999998,11.2972608
2026-01-01T21:39:18.665,18.3,41.5,0.0,-1.8044235999999998,11.3364874
2026-01-01T21:39:20.921,18.3,41.4,0.0,-1.765197,11.2188076
2026-01-01T21:39:23.176,18.3,41.4,0.0392266,-1.8044235999999998,11.2188076
2026-01-01T21:39:25.432,18.3,41.4,0.1176798,-1.8436502,11.2580342
2026-01-01T21:39:27.688,18.3,41.3,0.0,-1.8436502,11.2972608
2026-01-01T21:39:29.944,18.3,41.3,0.0392266,-1.765197,11.2580342
2026-01-01T21:39:32.199,18.3,41.2,0.0,-1.8436502,11.3364874
2026-01-01T21:39:34.455,18.3,41.2,0.0,-1.8436502,11.2188076
2026-01-01T21:39:36.711,18.3,41.2,0.0392266,-1.9221034,11.2972608
2026-01-01T21:39:38.967,18.3,41.2,0.0,-1.8044235999999998,11.2188076
2026-01-01T21:39:41.222,18.3,41.2,0.0,-1.8436502,11.2972608
2026-01-01T21:39:43.478,18.3,41.2,0.0,-1.8436502,11.2972608
2026-01-01T21:39:45.733,18.3,41.2,-0.0392266,-1.8828768,11.2580342
2026-01-01T21:39:47.989,18.3,41.2,0.0,-1.8044235999999998,11.2972608
2026-01-01T21:39:50.245,18.3,41.2,0.0,-1.8828768,11.2188076
2026-01-01T21:39:52.501,,,0.0,-1.8436502,11.2972608
2026-01-01T21:39:54.756,18.3,41.2,0.0,-1.8044235999999998,11.2188076
2026-01-01T21:39:57.012,18.3,41.2,0.0,-1.8436502,11.2972608
2026-01-01T21:39:59.267,18.3,41.2,0.0,-1.765197,11.2972608
2026-01-01T21:40:01.523,18.3,41.2,0.0,-1.8436502,11.2580342
2026-01-01T21:40:03.779,18.3,41.2,0.0,-1.8044235999999998,11.2188076
2026-01-01T21:40:06.034,18.3,41.2,0.0392266,-1.8436502,11.2580342
2026-01-01T21:40:08.290,18.3,41.2,0.0392266,-1.8044235999999998,11.2580342
2026-01-01T21:40:10.546,18.3,41.1,0.0,-1.8436502,11.2972608
2026-01-01T21:40:12.801,18.3,41.1,0.0,-1.8044235999999998,11.2580342
2026-01-01T21:40:15.057,18.3,41.1,0.0,-1.8436502,11.2580342
2026-01-01T21:40:17.313,18.3,41.2,0.0,-1.8436502,11.2188076
2026-01-01T21:40:19.568,18.3,41.2,0.0,-1.8436502,11.2580342
2026-01-01T21:40:21.824,18.3,41.2,0.0,-1.8044235999999998,11.2972608
2026-01-01T21:40:24.080,18.3,41.2,0.0,-1.8436502,11.2972608
2026-01-01T21:40:26.335,18.3,41.2,0.0,-1.8044235999999998,11.2188076
2026-01-01T21:40:28.591,18.3,41.2,0.0392266,-1.8828768,11.2972608
2026-01-01T21:40:30.847,18.3,41.2,0.0,-1.765197,11.2972608
2026-01-01T21:40:33.102,18.3,41.3,0.0,-1.8436502,11.179581
2026-01-01T21:40:35.359,18.3,41.3,0.0,-1.8044235999999998,11.2188076
2026-01-01T21:40:37.617,18.3,41.3,0.0,-1.765197,11.2188076
2026-01-01T21:40:39.872,18.3,41.2,0.0392266,-1.8044235999999998,11.2580342
2026-01-01T21:40:42.133,18.3,41.2,0.0,-1.8436502,11.2972608
2026-01-01T21:40:44.393,18.3,41.2,0.0,-1.8436502,11.2580342
2026-01-01T21:40:46.653,18.3,41.3,0.0,-1.8044235999999998,11.2972608
2026-01-01T21:40:48.909,18.3,41.4,0.0392266,-1.8436502,11.2188076
2026-01-01T21:40:51.164,18.3,41.4,0.0,-1.8044235999999998,11.2580342
2026-01-01T21:40:53.420,18.3,41.5,0.0392266,-1.8436502,11.2580342
2026-01-01T21:40:55.676,18.3,41.6,0.0392266,-1.8436502,11.3364874
2026-01-01T21:40:57.932,18.3,41.6,0.0,-1.8044235999999998,11.179581
2026-01-01T21:41:00.187,18.3,41.5,0.0,-1.8828768,11.3364874
2026-01-01T21:41:02.443,18.3,41.5,0.0,-1.8436502,11.2188076
2026-01-01T21:41:04.699,18.3,41.4,0.0392266,-1.8436502,11.2972608
2026-01-01T21:41:06.955,18.3,41.4,0.0392266,-1.8436502,11.2972608
2026-01-01T21:41:09.210,18.3,41.4,0.0392266,-1.8044235999999998,11.2580342
2026-01-01T21:41:11.466,18.3,41.7,0.0392266,-1.765197,11.2580342
2026-01-01T21:41:13.722,18.3,41.8,0.0392266,-1.8436502,11.2580342
2026-01-01T21:41:15.978,18.3,42.1,0.0,-1.8044235999999998,11.2580342
2026-01-01T21:41:18.233,18.3,42.1,0.0,-1.8044235999999998,11.2972608
2026-01-01T21:41:20.489,18.3,42.0,0.0392266,-1.8044235999999998,11.2188076
2026-01-01T21:41:22.745,18.3,41.9,0.0392266,-1.8436502,11.2972608
2026-01-01T21:41:25.000,18.3,41.9,0.0,-1.8044235999999998,11.2972608
2026-01-01T21:41:27.256,18.3,42.1,0.0392266,-1.8828768,11.2972608
2026-01-01T21:41:29.512,18.3,42.4,0.0,-1.8436502,11.2972608
2026-01-01T21:41:31.767,18.3,42.6,0.0,-1.8436502,11.3364874
2026-01-01T21:41:34.023,18.3,42.8,0.0392266,-1.8436502,11.2188076
2026-01-01T21:41:36.279,18.3,43.0,0.0,-1.8436502,11.2972608
2026-01-01T21:41:38.535,18.3,43.1,0.0,-1.765197,11.2580342
2026-01-01T21:41:40.790,18.3,43.1,0.0,-1.8436502,11.3364874
2026-01-01T21:41:43.046,18.3,43.0,0.0,-1.8044235999999998,11.2580342
2026-01-01T21:41:45.301,18.3,42.9,0.0,-1.8828768,11.3364874
2026-01-01T21:41:47.557,18.3,42.8,0.0392266,-1.8828768,11.2580342
2026-01-01T21:41:49.813,18.3,42.7,0.0,-1.8044235999999998,11.2972608
2026-01-01T21:41:52.069,18.3,42.5,0.0,-1.765197,11.2188076
2026-01-01T21:41:54.324,18.3,42.3,0.0392266,-1.8436502,11.3364874
2026-01-01T21:41:56.580,18.3,42.1,0.0392266,-1.765197,11.2188076
2026-01-01T21:41:58.835,18.3,41.9,-0.0392266,-1.8044235999999998,11.2972608
2026-01-01T21:42:01.091,18.3,41.8,0.0,-1.8436502,11.2972608
2026-01-01T21:42:03.347,18.3,41.8,0.0,-1.8044235999999998,11.2580342
2026-01-01T21:42:05.603,18.3,41.8,0.0,-1.8044235999999998,11.2188076
2026-01-01T21:42:07.859,18.3,41.8,0.0,-1.8436502,11.375713999999999
2026-01-01T21:42:10.114,18.3,41.8,0.0,-1.8436502,11.2972608
2026-01-01T21:42:12.370,18.3,41.7,0.0,-1.8436502,11.2972608
2026-01-01T21:42:14.626,18.3,41.6,0.0392266,-1.8044235999999998,11.179581
2026-01-01T21:42:16.885,18.3,41.5,0.0,-1.8436502,11.2972608
2026-01-01T21:42:19.140,18.3,41.5,0.0,-1.765197,11.2972608
2026-01-01T21:42:21.396,18.3,41.4,0.0,-1.8436502,11.2972608
2026-01-01T21:42:23.652,18.3,41.6,0.0,-1.8044235999999998,11.2580342
2026-01-01T21:42:25.907,18.3,41.9,0.0,-1.8436502,11.2972608
2026-01-01T21:42:28.163,18.3,42.1,0.0,-1.8828768,11.2972608
2026-01-01T21:42:30.419,18.3,42.3,0.0,-1.8436502,11.3364874
2026-01-01T21:42:32.674,18.3,42.5,0.0,-1.8436502,11.2972608
2026-01-01T21:42:34.930,18.3,42.6,0.0,-1.8828768,11.3364874
2026-01-01T21:42:37.186,18.3,42.6,0.0,-1.8044235999999998,11.3364874
2026-01-01T21:42:39.441,18.3,42.5,0.0,-1.8436502,11.2972608
2026-01-01T21:42:41.696,18.3,42.3,0.0392266,-1.8436502,11.3364874
2026-01-01T21:42:43.952,18.3,42.2,0.0,-1.8044235999999998,11.3364874
2026-01-01T21:42:46.208,18.3,42.0,0.0,-1.8436502,11.2188076
2026-01-01T21:42:48.463,18.3,41.9,0.0392266,-1.8436502,11.2580342
2026-01-01T21:42:50.719,18.3,41.9,0.0392266,-1.8044235999999998,11.2188076
2026-01-01T21:42:52.975,18.3,41.8,0.0,-1.8436502,11.375713999999999
2026-01-01T21:42:55.230,18.3,41.8,0.0,-1.8436502,11.2188076
2026-01-01T21:42:57.486,18.3,41.7,0.0,-1.8044235999999998,11.2580342
2026-01-01T21:42:59.742,18.2,41.6,0.0,-1.8436502,11.2580342
2026-01-01T21:43:01.998,18.3,41.6,0.0,-1.8436502,11.2972608
2026-01-01T21:43:04.253,18.3,41.6,0.0392266,-1.8436502,11.2188076
2026-01-01T21:43:06.509,18.3,41.5,0.0,-1.8044235999999998,11.375713999999999
2026-01-01T21:43:08.765,18.3,41.5,0.0,-1.8436502,11.2580342
2026-01-01T21:43:11.021,18.3,41.5,0.0,-1.765197,11.2188076
2026-01-01T21:43:13.276,18.3,41.6,0.0,-1.8044235999999998,11.2580342
2026-01-01T21:43:15.532,18.3,41.9,0.0,-1.8436502,11.2580342
2026-01-01T21:43:17.788,18.3,42.2,0.0,-1.8436502,11.179581
2026-01-01T21:43:20.043,18.3,42.4,0.0392266,-1.8436502,11.2580342
2026-01-01T21:43:22.299,18.3,42.7,0.0,-1.8436502,11.2972608
2026-01-01T21:43:24.555,18.3,42.9,0.0,-1.8044235999999998,11.2580342
2026-01-01T21:43:26.810,18.3,43.0,0.0,-1.8436502,11.2580342
2026-01-01T21:43:29.066,18.3,43.1,0.0392266,-1.8044235999999998,11.2972608
2026-01-01T21:43:31.322,18.3,43.2,0.0392266,-1.8436502,11.179581
2026-01-01T21:43:33.578,18.3,43.2,0.0,-1.765197,11.2972608
2026-01-01T21:43:35.834,18.3,43.1,0.0392266,-1.8436502,11.2972608
2026-01-01T21:43:38.090,18.3,43.0,0.0,-1.8044235999999998,11.2580342
2026-01-01T21:43:40.345,18.3,42.8,0.0392266,-1.8436502,11.179581
2026-01-01T21:43:42.601,18.3,42.7,0.0,-1.8436502,11.2188076
2026-01-01T21:43:44.857,18.3,42.6,0.0,-1.8828768,11.2188076
2026-01-01T21:43:47.113,18.3,42.4,0.0,-1.8044235999999998,11.2188076
2026-01-01T21:43:49.369,18.3,42.3,0.0,-1.8436502,11.2972608
2026-01-01T21:43:51.624,18.3,42.3,0.0,-1.8044235999999998,11.179581
2026-01-01T21:43:53.880,18.3,42.2,0.0784532,-1.8436502,11.2580342
2026-01-01T21:43:56.136,18.3,42.3,0.0,-1.8436502,11.2188076
2026-01-01T21:43:58.392,18.3,42.2,0.0,-1.8828768,11.2580342
2026-01-01T21:44:00.647,18.3,42.1,-0.0392266,-1.8044235999999998,11.2580342
2026-01-01T21:44:02.903,18.3,42.0,0.0,-1.8436502,11.375713999999999
2026-01-01T21:44:05.159,18.3,41.9,0.0392266,-1.8828768,11.2972608
2026-01-01T21:44:07.414,18.3,41.8,0.0,-1.8044235999999998,11.2188076
2026-01-01T21:44:09.670,18.3,41.7,0.0,-1.8044235999999998,11.2580342
2026-01-01T21:44:11.926,18.3,41.6,0.0,-1.8436502,11.3364874
2026-01-01T21:44:14.181,18.3,41.6,0.0,-1.9221034,11.2580342
2026-01-01T21:44:16.437,18.3,41.5,0.0,-1.765197,11.2188076
2026-01-01T21:44:18.693,18.3,41.4,0.0,-1.8436502,11.2972608
2026-01-01T21:44:20.949,18.3,41.3,0.0,-1.8828768,11.2188076
2026-01-01T21:44:23.204,18.3,41.3,0.0,-1.8828768,11.2972608
2026-01-01T21:44:25.460,18.3,41.2,0.0,-1.8044235999999998,11.3364874
2026-01-01T21:44:27.716,18.3,41.1,0.0392266,-1.8436502,11.2580342
2026-01-01T21:44:29.971,18.3,41.1,0.0392266,-1.8436502,11.2580342
2026-01-01T21:44:32.227,18.3,41.1,0.0392266,-1.8828768,11.2972608
2026-01-01T21:44:34.483,18.3,41.1,0.0392266,-1.8044235999999998,11.179581
2026-01-01T21:44:36.739,18.3,41.1,0.0392266,-1.8436502,11.2972608
2026-01-01T21:44:38.994,18.3,41.1,0.0,-1.8828768,11.2580342
2026-01-01T21:44:41.250,18.3,41.1,0.0392266,-1.8436502,11.3364874
2026-01-01T21:44:43.506,18.3,41.1,0.0,-1.8044235999999998,11.2580342
2026-01-01T21:44:45.762,18.3,41.2,0.0,-1.8828768,11.2580342
2026-01-01T21:44:48.017,18.3,41.3,0.0,-1.8044235999999998,11.2188076
2026-01-01T21:44:50.273,18.3,41.5,0.0,-1.8436502,11.2972608
2026-01-01T21:44:52.529,18.3,41.8,-0.0392266,-1.8828768,11.2972608
2026-01-01T21:44:54.785,18.3,41.9,0.0,-1.8044235999999998,11.2580342
2026-01-01T21:44:57.041,18.3,41.9,0.0,-1.8828768,11.2972608
2026-01-01T21:44:59.296,18.3,41.9,0.0,-1.8044235999999998,11.2580342
2026-01-01T21:45:01.552,18.3,41.8,0.0,-1.8436502,11.2972608
2026-01-01T21:45:03.808,,,0.0,-1.8044235999999998,11.2972608
2026-01-01T21:45:06.063,18.3,41.9,0.0392266,-1.8828768,11.3364874
2026-01-01T21:45:08.319,18.3,41.8,0.0392266,-1.8436502,11.2972608
2026-01-01T21:45:10.575,18.3,41.7,0.0,-1.8044235999999998,11.2580342
2026-01-01T21:45:12.831,18.3,41.6,0.0,-1.8436502,11.2972608
2026-01-01T21:45:15.086,18.3,41.5,0.0,-1.8044235999999998,11.2972608
2026-01-01T21:45:17.342,18.3,41.5,0.0,-1.8436502,11.2580342
2026-01-01T21:45:19.598,18.3,41.4,0.0,-1.8044235999999998,11.2580342
2026-01-01T21:45:21.854,18.3,41.5,0.0,-1.8436502,11.2972608
2026-01-01T21:45:24.110,,,0.0,-1.8436502,11.2972608
2026-01-01T21:45:26.366,18.3,41.4,0.0,-1.8044235999999998,11.375713999999999
2026-01-01T21:45:28.621,18.3,41.5,0.0392266,-1.8044235999999998,11.2580342
2026-01-01T21:45:30.877,18.3,41.5,0.0,-1.8828768,11.3364874
2026-01-01T21:45:33.133,18.2,41.4,0.0392266,-1.8436502,11.2188076
2026-01-01T21:45:35.388,18.3,41.4,0.0,-1.8436502,11.2972608
2026-01-01T21:45:37.644,18.3,41.4,0.0,-1.8436502,11.3364874
2026-01-01T21:45:39.900,18.2,41.3,0.0392266,-1.8044235999999998,11.179581
2026-01-01T21:45:42.156,18.3,41.3,0.0,-1.8436502,11.2972608
2026-01-01T21:45:44.412,18.3,41.3,0.0,-1.8044235999999998,11.3364874
2026-01-01T21:45:46.667,18.3,41.3,0.0,-1.8828768,11.2580342
2026-01-01T21:45:48.923,18.3,41.6,0.0,-1.765197,11.2188076
2026-01-01T21:45:51.179,18.3,41.9,0.0,-1.8436502,11.2580342
2026-01-01T21:45:53.435,18.2,42.1,0.0,-1.765197,11.2188076
2026-01-01T21:45:55.690,18.3,42.1,0.0392266,-1.8044235999999998,11.2972608
2026-01-01T21:45:57.946,18.3,42.0,0.0392266,-1.8044235999999998,11.3364874
2026-01-01T21:46:00.202,18.2,41.8,0.0392266,-1.8828768,11.2972608
2026-01-01T21:46:02.458,18.3,41.8,0.0392266,-1.8436502,11.3364874
2026-01-01T21:46:04.713,18.3,41.7,0.0,-1.8436502,11.2188076
2026-01-01T21:46:06.969,18.3,41.6,0.0,-1.8436502,11.3364874
2026-01-01T21:46:09.226,18.2,41.5,-0.0392266,-1.8044235999999998,11.179581
2026-01-01T21:46:11.482,18.3,41.5,0.0392266,-1.8436502,11.3364874
2026-01-01T21:46:13.738,18.3,41.5,0.0392266,-1.8436502,11.2580342
2026-01-01T21:46:15.994,18.2,41.3,0.0,-1.8436502,11.3364874
2026-01-01T21:46:18.249,18.3,41.4,0.0,-1.765197,11.2972608
2026-01-01T21:46:20.505,18.2,41.2,0.0,-1.8436502,11.2188076
2026-01-01T21:46:22.761,18.2,41.1,0.0392266,-1.8828768,11.2580342
2026-01-01T21:46:25.016,18.3,41.2,0.0,-1.8044235999999998,11.2580342
2026-01-01T21:46:27.272,18.3,41.1,-0.0392266,-1.8436502,11.3364874
2026-01-01T21:46:29.528,18.3,41.1,0.0,-1.8044235999999998,11.3364874
2026-01-01T21:46:31.783,18.3,41.0,0.0,-1.8436502,11.3364874
2026-01-01T21:46:34.039,18.2,40.9,0.0,-1.765197,11.2972608
2026-01-01T21:46:36.295,18.3,41.0,0.0392266,-1.8044235999999998,11.2972608
2026-01-01T21:46:38.551,18.2,40.9,0.0,-1.8436502,11.2580342
2026-01-01T21:46:40.806,18.2,40.8,0.0392266,-1.8828768,11.375713999999999
2026-01-01T21:46:43.062,18.2,40.8,0.0392266,-1.8436502,11.2972608
2026-01-01T21:46:45.318,18.3,40.9,0.0,-1.8044235999999998,11.2188076
2026-01-01T21:46:47.573,18.2,40.8,0.0,-1.8436502,11.2972608
2026-01-01T21:46:49.829,18.3,40.8,0.0,-1.8436502,11.3364874
2026-01-01T21:46:52.085,18.2,40.7,0.0392266,-1.8436502,11.2580342
2026-01-01T21:46:54.340,18.2,40.7,0.0392266,-1.8436502,11.3364874
2026-01-01T21:46:56.596,18.2,40.8,0.0392266,-1.8044235999999998,11.2580342
2026-01-01T21:46:58.852,18.2,40.9,0.0,-1.8044235999999998,11.375713999999999
2026-01-01T21:47:01.107,18.2,40.9,0.0,-1.8436502,11.3364874
2026-01-01T21:47:03.363,18.3,41.0,0.0,-1.8436502,11.2188076
2026-01-01T21:47:05.618,18.3,41.0,0.0,-1.8436502,11.2580342
2026-01-01T21:47:07.874,18.3,41.0,0.0,-1.8436502,11.2972608
2026-01-01T21:47:10.130,18.3,41.0,0.0,-1.8044235999999998,11.2188076
2026-01-01T21:47:12.385,18.2,41.0,0.0,-1.8044235999999998,11.2188076
2026-01-01T21:47:14.641,18.2,41.0,0.0,-1.8044235999999998,11.2188076
2026-01-01T21:47:16.897,18.3,41.0,0.0,-1.8436502,11.2580342
2026-01-01T21:47:19.153,18.2,40.9,0.0,-1.8436502,11.375713999999999
2026-01-01T21:47:21.408,18.2,40.9,0.0,-1.8436502,11.2972608
2026-01-01T21:47:23.664,18.2,41.0,0.0,-1.8436502,11.2972608
2026-01-01T21:47:25.920,18.2,40.9,0.0,-1.8436502,11.2972608
2026-01-01T21:47:28.176,18.2,41.0,0.0,-1.8044235999999998,11.2580342
2026-01-01T21:47:30.431,18.2,40.9,0.0,-1.8828768,11.375713999999999
2026-01-01T21:47:32.687,18.2,40.9,0.0,-1.8436502,11.2972608
2026-01-01T21:47:34.943,18.3,41.0,0.0,-1.8828768,11.3364874
2026-01-01T21:47:37.198,18.3,41.0,0.0,-1.8436502,11.2580342
2026-01-01T21:47:39.454,18.2,41.0,0.0,-1.8436502,11.2972608
2026-01-01T21:47:41.710,18.2,41.0,0.0,-1.8828768,11.2972608
2026-01-01T21:47:43.965,18.3,41.1,0.0,-1.8044235999999998,11.3364874
2026-01-01T21:47:46.221,18.2,41.1,0.0392266,-1.8436502,11.2972608
2026-01-01T21:47:48.477,18.3,41.2,0.0,-1.8436502,11.2188076
2026-01-01T21:47:50.733,18.2,41.2,0.0392266,-1.8828768,11.2972608
2026-01-01T21:47:52.989,18.2,41.2,0.0,-1.8436502,11.2580342
2026-01-01T21:47:55.244,18.2,41.1,0.0,-1.8044235999999998,11.2972608
2026-01-01T21:47:57.500,18.3,41.1,0.0392266,-1.8436502,11.2972608
2026-01-01T21:47:59.756,18.3,41.1,0.0,-1.8436502,11.2972608
2026-01-01T21:48:02.011,18.2,41.0,0.0,-1.8044235999999998,11.2580342
2026-01-01T21:48:04.267,18.2,41.0,0.0,-1.8828768,11.2580342
2026-01-01T21:48:06.523,18.2,41.0,0.0,-1.8044235999999998,11.3364874
2026-01-01T21:48:08.778,18.2,41.0,0.0,-1.8044235999999998,11.179581
2026-01-01T21:48:11.034,18.2,40.9,0.0,-1.8436502,11.2580342
2026-01-01T21:48:13.290,18.2,40.9,0.0,-1.8436502,11.2580342
2026-01-01T21:48:15.545,18.2,40.9,-0.0392266,-1.765197,11.2580342
2026-01-01T21:48:17.801,18.3,40.9,0.0,-1.8044235999999998,11.2188076
2026-01-01T21:48:20.057,18.2,40.8,0.0,-1.8436502,11.2580342
2026-01-01T21:48:22.312,18.3,40.9,0.0392266,-1.96133,11.375713999999999
2026-01-01T21:48:24.568,18.3,40.9,0.0392266,-1.8828768,11.1403544
2026-01-01T21:48:26.824,18.3,40.9,0.0,-1.8436502,11.3364874
2026-01-01T21:48:29.079,18.3,40.9,0.0,-1.8044235999999998,11.2580342
2026-01-01T21:48:31.335,18.3,40.9,0.0,-1.8044235999999998,11.2580342
2026-01-01T21:48:33.591,18.2,40.8,0.0,-1.8436502,11.2972608
2026-01-01T21:48:35.847,18.3,40.8,0.0392266,-1.8044235999999998,11.2580342
2026-01-01T21:48:38.102,18.3,40.8,0.0,-1.8436502,11.3364874
2026-01-01T21:48:40.359,18.2,40.7,0.0,-1.8436502,11.2580342
2026-01-01T21:48:42.621,18.2,40.7,0.0,-1.8044235999999998,11.2972608
2026-01-01T21:48:44.881,18.2,40.7,0.0392266,-1.8044235999999998,11.2972608
2026-01-01T21:48:47.136,18.3,40.7,0.0392266,-1.8436502,11.2580342
2026-01-01T21:48:49.392,18.3,40.7,0.0,-1.8044235999999998,11.2580342
2026-01-01T21:48:51.653,18.2,40.6,0.0,-1.8436502,11.2580342
2026-01-01T21:48:53.913,18.2,40.6,0.0,-1.8436502,11.2972608
2026-01-01T21:48:56.173,18.2,40.6,0.0,-1.8436502,11.2188076
2026-01-01T21:48:58.433,18.2,40.6,0.0,-1.8044235999999998,11.3364874
2026-01-01T21:49:00.693,18.2,40.6,0.0392266,-1.8828768,11.3364874
2026-01-01T21:49:02.953,18.3,40.6,0.0392266,-1.765197,11.2188076
2026-01-01T21:49:05.208,18.3,40.6,0.0392266,-1.8044235999999998,11.2580342
2026-01-01T21:49:07.469,18.3,40.5,0.0392266,-1.8828768,11.3364874
2026-01-01T21:49:09.724,18.3,40.5,0.0,-1.8044235999999998,11.2580342
2026-01-01T21:49:11.985,18.3,40.5,0.0,-1.8436502,11.2972608
2026-01-01T21:49:14.240,18.3,40.5,0.0,-1.8436502,11.2972608
2026-01-01T21:49:16.497,18.3,40.5,0.0,-1.765197,11.2972608
2026-01-01T21:49:18.757,18.3,40.5,0.0,-1.8828768,11.3364874
2026-01-01T21:49:21.012,18.3,40.4,0.0,-1.8044235999999998,11.179581
2026-01-01T21:49:23.273,18.3,40.5,0.0,-1.8436502,11.2972608
2026-01-01T21:49:25.528,18.3,40.5,0.0,-1.8436502,11.2580342
2026-01-01T21:49:27.784,18.3,40.4,0.0,-1.8436502,11.2580342
2026-01-01T21:49:30.039,18.2,40.4,0.0,-1.8436502,11.2188076
2026-01-01T21:49:32.297,18.3,40.5,0.0,-1.8828768,11.2972608
2026-01-01T21:49:34.552,18.3,40.5,0.0,-1.8044235999999998,11.2188076
2026-01-01T21:49:36.808,18.2,40.4,0.0392266,-1.8828768,11.2188076
2026-01-01T21:49:39.069,18.3,40.5,0.0,-1.8828768,11.2580342
2026-01-01T21:49:41.329,18.3,40.5,-0.0392266,-1.8044235999999998,11.179581
2026-01-01T21:49:43.589,18.3,40.5,0.0392266,-1.8828768,11.2580342
2026-01-01T21:49:45.844,18.2,40.4,0.0,-1.765197,11.179581
2026-01-01T21:49:48.105,18.2,40.4,0.0,-1.8828768,11.2580342
2026-01-01T21:49:50.365,18.3,40.4,0.0,-1.765197,11.2580342
2026-01-01T21:49:52.621,18.3,40.4,0.0,-1.8436502,11.2188076
2026-01-01T21:49:54.876,18.3,40.5,0.0,-1.8044235999999998,11.2580342
2026-01-01T21:49:57.132,18.2,40.5,0.0,-1.8044235999999998,11.2188076
2026-01-01T21:49:59.388,18.2,40.5,0.0,-1.8044235999999998,11.2580342
2026-01-01T21:50:01.643,18.3,40.5,0.0392266,-1.8044235999999998,11.2972608
2026-01-01T21:50:03.899,18.2,40.5,0.0,-1.8828768,11.2580342
2026-01-01T21:50:06.155,18.2,40.5,0.0,-1.8044235999999998,11.2188076
2026-01-01T21:50:08.410,18.2,40.5,0.0,-1.8828768,11.3364874
2026-01-01T21:50:10.666,18.2,40.6,0.0,-1.765197,11.2188076
2026-01-01T21:50:12.922,18.2,40.6,0.0392266,-1.8436502,11.2972608
2026-01-01T21:50:15.178,18.3,40.6,0.0,-1.8436502,11.2580342
2026-01-01T21:50:17.434,18.3,40.6,0.0,-1.765197,11.2580342
2026-01-01T21:50:19.689,18.3,40.6,0.0,-1.8828768,11.2972608
2026-01-01T21:50:21.945,18.3,40.6,0.0392266,-1.8436502,11.3364874
2026-01-01T21:50:24.201,18.2,40.5,0.0392266,-1.8436502,11.2580342
2026-01-01T21:50:26.456,18.2,40.6,0.0,-1.8044235999999998,11.2972608
2026-01-01T21:50:28.712,18.3,40.6,0.0,-1.8044235999999998,11.2580342
2026-01-01T21:50:30.968,18.3,40.6,0.0392266,-1.8828768,11.2972608
2026-01-01T21:50:33.223,18.2,40.5,0.0,-1.8044235999999998,11.179581
2026-01-01T21:50:35.479,18.2,40.5,0.0392266,-1.765197,11.179581
2026-01-01T21:50:37.735,18.3,40.6,0.0,-1.8044235999999998,11.2972608
2026-01-01T21:50:39.990,18.3,40.5,0.0,-1.8436502,11.375713999999999
2026-01-01T21:50:42.246,18.3,40.5,0.0,-1.8436502,11.2188076
2026-01-01T21:50:44.502,18.2,40.5,0.0,-1.8044235999999998,11.2580342
2026-01-01T21:50:46.758,18.2,40.5,0.0,-1.8436502,11.375713999999999
2026-01-01T21:50:49.014,18.2,40.5,0.0392266,-1.8044235999999998,11.2188076
2026-01-01T21:50:51.270,18.2,40.5,0.0,-1.8828768,11.3364874
2026-01-01T21:50:53.525,18.2,40.6,0.0392266,-1.8436502,11.2580342
2026-01-01T21:50:55.781,18.2,40.6,0.0,-1.8044235999999998,11.2972608
2026-01-01T21:50:58.037,18.3,40.6,0.0392266,-1.8828768,11.3364874
2026-01-01T21:51:00.293,18.2,40.6,0.0,-1.8044235999999998,11.2580342
2026-01-01T21:51:02.549,18.3,40.6,0.0,-1.8044235999999998,11.2580342
2026-01-01T21:51:04.804,18.2,40.6,0.0,-1.8828768,11.3364874
2026-01-01T21:51:07.060,18.3,40.6,0.0,-1.8044235999999998,11.2972608
2026-01-01T21:51:09.316,18.2,40.5,0.0392266,-1.8436502,11.3364874
2026-01-01T21:51:11.571,18.3,40.6,0.0,-1.8436502,11.2188076
2026-01-01T21:51:13.827,18.3,40.6,0.0,-1.8436502,11.2972608
2026-01-01T21:51:16.083,18.3,40.5,0.0,-1.8436502,11.2580342
2026-01-01T21:51:18.339,18.3,40.5,0.0392266,-1.8436502,11.2972608
2026-01-01T21:51:20.594,18.3,40.6,0.0,-1.8436502,11.2972608
2026-01-01T21:51:22.850,18.3,40.6,0.0,-1.8044235999999998,11.2580342
2026-01-01T21:51:25.106,18.2,40.5,0.0392266,-1.8828768,11.3364874
2026-01-01T21:51:27.361,18.2,40.5,0.0,-1.8044235999999998,11.2188076
2026-01-01T21:51:29.617,18.3,40.6,0.0,-1.8044235999999998,11.2972608
2026-01-01T21:51:31.873,18.2,40.6,0.0,-1.8436502,11.2972608
2026-01-01T21:51:34.128,18.3,40.7,0.0,-1.8044235999999998,11.2580342
2026-01-01T21:51:36.384,18.2,40.7,0.0392266,-1.8436502,11.2580342
2026-01-01T21:51:38.640,18.3,40.7,0.0,-1.8044235999999998,11.2580342
2026-01-01T21:51:40.895,18.2,40.7,0.0,-1.8436502,11.3364874
2026-01-01T21:51:43.151,18.3,40.7,0.0392266,-1.8436502,11.2580342
2026-01-01T21:51:45.407,18.2,40.6,0.0,-1.8436502,11.2972608
2026-01-01T21:51:47.663,18.2,40.6,0.0,-1.8436502,11.2188076
2026-01-01T21:51:49.918,18.3,40.6,0.0,-1.8044235999999998,11.2188076
2026-01-01T21:51:52.174,18.3,40.6,0.0,-1.8828768,11.3364874
2026-01-01T21:51:54.430,18.2,40.5,0.0,-1.8044235999999998,11.2188076
2026-01-01T21:51:56.685,18.3,40.6,0.0,-1.8436502,11.2188076
2026-01-01T21:51:58.941,18.2,40.5,0.0392266,-1.8436502,11.179581
2026-01-01T21:52:01.197,18.2,40.4,0.0,-1.8436502,11.2972608
2026-01-01T21:52:03.453,18.2,40.5,0.0,-1.8828768,11.2972608
2026-01-01T21:52:05.709,18.2,40.5,0.0,-1.8044235999999998,11.2972608
2026-01-01T21:52:07.964,18.3,40.5,0.0,-1.8044235999999998,11.2972608
2026-01-01T21:52:10.220,18.2,40.5,0.0,-1.8436502,11.2580342
2026-01-01T21:52:12.476,18.2,40.5,0.0,-1.765197,11.2972608
2026-01-01T21:52:14.732,18.2,40.5,0.0392266,-1.8436502,11.2580342
2026-01-01T21:52:16.987,18.3,40.6,0.0,-1.8436502,11.2580342
2026-01-01T21:52:19.243,18.3,40.6,0.0,-1.8436502,11.2972608
2026-01-01T21:52:21.499,18.3,40.6,0.0,-1.8828768,11.2580342
2026-01-01T21:52:23.755,18.2,40.6,-0.0392266,-1.8044235999999998,11.2580342
2026-01-01T21:52:26.010,18.2,40.6,0.0392266,-1.8436502,11.2580342
2026-01-01T21:52:28.266,18.3,40.6,0.0,-1.765197,11.2972608
2026-01-01T21:52:30.522,18.2,40.5,0.0,-1.8436502,11.3364874
2026-01-01T21:52:32.778,18.2,40.5,0.0,-1.8436502,11.2972608
2026-01-01T21:52:35.033,18.2,40.5,0.0,-1.8436502,11.2972608
2026-01-01T21:52:37.289,,,0.0,-1.8436502,11.2972608
2026-01-01T21:52:39.545,18.2,40.5,0.0392266,-1.8436502,11.3364874
2026-01-01T21:52:41.800,18.3,40.5,-0.0392266,-1.8436502,11.375713999999999
2026-01-01T21:52:44.056,18.2,40.5,-0.0392266,-1.8436502,11.2972608
2026-01-01T21:52:46.312,18.2,40.5,0.0,-1.8436502,11.3364874
2026-01-01T21:52:48.567,18.2,40.5,0.0,-1.8436502,11.2972608
2026-01-01T21:52:50.823,18.2,40.5,0.0392266,-1.8436502,11.2972608
2026-01-01T21:52:53.079,18.3,40.5,0.0,-1.8436502,11.2188076
2026-01-01T21:52:55.334,18.3,40.4,0.0,-1.8044235999999998,11.2972608
2026-01-01T21:52:57.590,18.2,40.4,0.0,-1.8436502,11.2580342
2026-01-01T21:52:59.846,18.2,40.4,0.0,-1.8436502,11.2580342
2026-01-01T21:53:02.102,18.2,40.4,0.0392266,-1.8044235999999998,11.2972608
2026-01-01T21:53:04.358,18.2,40.4,0.0,-1.8044235999999998,11.2580342
2026-01-01T21:53:06.613,18.3,40.4,0.0392266,-1.8436502,11.3364874
2026-01-01T21:53:08.869,18.2,40.4,0.0392266,-1.8436502,11.2972608
2026-01-01T21:53:11.125,18.2,40.5,0.0392266,-1.8044235999999998,11.2580342
2026-01-01T21:53:13.381,18.3,40.6,0.0392266,-1.8828768,11.2972608
2026-01-01T21:53:15.636,18.3,40.7,0.0392266,-1.8044235999999998,11.2188076
2026-01-01T21:53:17.892,18.2,40.7,0.0,-1.765197,11.3364874
2026-01-01T21:53:20.148,18.3,40.9,0.0392266,-1.8044235999999998,11.2188076
2026-01-01T21:53:22.403,18.2,40.8,0.0,-1.8044235999999998,11.2580342
2026-01-01T21:53:24.659,18.2,40.8,0.0,-1.8436502,11.2580342
2026-01-01T21:53:26.915,18.3,40.9,0.0,-1.8044235999999998,11.2580342
2026-01-01T21:53:29.171,18.2,40.8,0.0,-1.8436502,11.375713999999999
2026-01-01T21:53:31.426,18.3,40.8,0.0,-1.8044235999999998,11.2580342
2026-01-01T21:53:33.681,18.2,40.8,0.0392266,-1.8828768,11.3364874
2026-01-01T21:53:35.937,18.2,40.8,0.0,-1.8436502,11.2580342
2026-01-01T21:53:38.193,18.2,40.9,-0.0392266,-1.765197,11.2580342
2026-01-01T21:53:40.449,18.2,41.2,0.0392266,-1.8828768,11.2972608
2026-01-01T21:53:42.704,18.2,41.5,0.0392266,-1.8436502,11.2580342
2026-01-01T21:53:44.960,18.2,41.6,0.0392266,-1.8436502,11.2580342
2026-01-01T21:53:47.216,18.2,41.6,0.0,-1.8044235999999998,11.2188076
2026-01-01T21:53:49.471,18.3,41.6,0.0,-1.8044235999999998,11.375713999999999
2026-01-01T21:53:51.727,18.2,41.4,0.0392266,-1.8436502,11.3364874
2026-01-01T21:53:53.983,18.3,41.4,0.0,-1.8436502,11.2580342
2026-01-01T21:53:56.238,18.3,41.3,0.0,-1.8044235999999998,11.414940599999998
2026-01-01T21:53:58.494,18.3,41.2,0.0,-1.765197,11.2580342
2026-01-01T21:54:00.750,18.3,41.2,0.0,-1.8436502,11.3364874
2026-01-01T21:54:03.006,18.2,41.0,0.0,-1.8044235999999998,11.2580342
2026-01-01T21:54:05.262,18.2,41.0,0.0,-1.765197,11.2580342
2026-01-01T21:54:07.517,18.2,40.9,0.0,-1.8436502,11.2972608
2026-01-01T21:54:09.773,18.2,40.9,0.0,-1.8044235999999998,11.2188076
2026-01-01T21:54:12.029,18.3,40.8,0.0,-1.8436502,11.3364874
2026-01-01T21:54:14.285,18.2,40.7,0.0,-1.8044235999999998,11.2188076
2026-01-01T21:54:16.541,18.2,40.6,0.0,-1.8044235999999998,11.2580342
2026-01-01T21:54:18.796,18.2,40.6,0.0,-1.8436502,11.3364874
2026-01-01T21:54:21.052,18.2,40.6,0.0,-1.8436502,11.2188076
2026-01-01T21:54:23.308,18.2,40.5,0.0392266,-1.8436502,11.2972608
2026-01-01T21:54:25.563,18.2,40.5,0.0,-1.8044235999999998,11.2580342
2026-01-01T21:54:27.819,18.3,40.6,0.0392266,-1.8436502,11.2580342
2026-01-01T21:54:30.075,18.3,40.5,0.0,-1.8436502,11.375713999999999
2026-01-01T21:54:32.331,18.2,40.5,0.0,-1.8436502,11.2972608
2026-01-01T21:54:34.586,18.2,40.5,0.0,-1.8436502,11.3364874
2026-01-01T21:54:36.842,18.3,40.5,0.0,-1.8044235999999998,11.2972608
2026-01-01T21:54:39.098,18.3,40.5,0.0392266,-1.8436502,11.3364874
2026-01-01T21:54:41.353,18.2,40.5,0.0,-1.8044235999999998,11.2972608
2026-01-01T21:54:43.609,18.2,40.5,-0.0392266,-1.8044235999999998,11.2972608
2026-01-01T21:54:45.865,18.2,40.6,0.0,-1.8828768,11.2972608
2026-01-01T21:54:48.120,18.2,40.6,-0.0392266,-1.8436502,11.2972608
2026-01-01T21:54:50.376,18.2,40.6,0.0,-1.8828768,11.3364874
2026-01-01T21:54:52.632,18.3,40.8,0.0,-1.8044235999999998,11.2580342
2026-01-01T21:54:54.888,18.2,40.8,0.0,-1.8436502,11.375713999999999
2026-01-01T21:54:57.143,18.3,40.8,0.0,-1.8828768,11.2580342
2026-01-01T21:54:59.399,18.2,40.7,0.0,-1.8044235999999998,11.2580342
2026-01-01T21:55:01.655,18.3,40.7,0.0,-1.8044235999999998,11.375713999999999
2026-01-01T21:55:03.911,18.2,40.7,0.0,-1.8828768,11.2580342
2026-01-01T21:55:06.166,18.2,40.7,0.0,-1.8436502,11.3364874
2026-01-01T21:55:08.422,18.2,40.7,0.0,-1.8436502,11.2972608
2026-01-01T21:55:10.677,18.2,40.6,0.0392266,-1.8044235999999998,11.2972608
2026-01-01T21:55:12.933,18.2,40.6,0.0,-1.8436502,11.2580342
2026-01-01T21:55:15.189,18.2,40.6,0.0,-1.8436502,11.179581
2026-01-01T21:55:17.445,18.2,40.6,0.0,-1.8436502,11.2972608
2026-01-01T21:55:19.700,18.2,40.6,0.0,-1.8436502,11.2188076
2026-01-01T21:55:21.956,18.2,40.5,0.0,-1.8436502,11.2580342
2026-01-01T21:55:24.212,18.2,40.5,0.0,-1.8044235999999998,11.2188076
2026-01-01T21:55:26.468,18.3,40.5,0.0,-1.765197,11.179581
2026-01-01T21:55:28.723,18.3,40.5,0.0,-1.8436502,11.2972608
2026-01-01T21:55:30.979,18.2,40.4,-0.0392266,-1.8436502,11.2972608
2026-01-01T21:55:33.235,18.2,40.4,0.0,-1.8828768,11.2580342
2026-01-01T21:55:35.491,18.2,40.4,-0.0392266,-1.8044235999999998,11.2188076
2026-01-01T21:55:37.746,18.2,40.4,-0.0392266,-1.8436502,11.2972608
2026-01-01T21:55:40.002,18.2,40.4,0.0,-1.8436502,11.2580342
2026-01-01T21:55:42.258,18.2,40.4,-0.0392266,-1.8044235999999998,11.2188076
2026-01-01T21:55:44.513,18.2,40.4,0.0,-1.8436502,11.2188076
2026-01-01T21:55:46.769,18.2,40.4,0.0,-1.8436502,11.2580342
2026-01-01T21:55:49.025,18.2,40.4,0.0,-1.8044235999999998,11.2188076
2026-01-01T21:55:51.280,18.2,40.4,0.0,-1.8436502,11.2188076
2026-01-01T21:55:53.536,18.2,40.4,0.0,-1.8436502,11.2580342
2026-01-01T21:55:55.792,18.2,40.5,0.0,-1.8044235999999998,11.2972608
2026-01-01T21:55:58.047,18.2,40.5,0.0,-1.8044235999999998,11.2580342
2026-01-01T21:56:00.303,18.2,40.5,0.0,-1.765197,11.2972608
2026-01-01T21:56:02.559,18.2,40.5,0.0392266,-1.8436502,11.2188076
2026-01-01T21:56:04.815,18.2,40.4,0.0,-1.765197,11.2188076
2026-01-01T21:56:07.070,18.2,40.4,0.0,-1.8828768,11.2972608
2026-01-01T21:56:09.326,18.2,40.5,0.0,-1.8044235999999998,11.2972608
2026-01-01T21:56:11.582,18.2,40.6,0.0,-1.765197,11.3364874
2026-01-01T21:56:13.838,18.2,40.7,0.0,-1.8436502,11.375713999999999
2026-01-01T21:56:16.094,18.2,41.0,0.0,-1.8044235999999998,11.2972608
2026-01-01T21:56:18.349,18.2,41.2,0.0,-1.8828768,11.3364874
2026-01-01T21:56:20.605,18.2,41.5,0.0,-1.8436502,11.3364874
2026-01-01T21:56:22.861,18.2,41.8,0.0392266,-1.765197,11.2580342
2026-01-01T21:56:25.116,18.2,42.0,0.0,-1.8828768,11.375713999999999
2026-01-01T21:56:27.372,18.2,42.2,0.0,-1.8828768,11.2972608
2026-01-01T21:56:29.628,18.2,42.4,0.0,-1.8044235999999998,11.2972608
2026-01-01T21:56:31.883,18.2,42.4,0.0,-1.8044235999999998,11.2580342
2026-01-01T21:56:34.139,18.2,42.3,0.0,-1.8044235999999998,11.2580342
2026-01-01T21:56:36.395,18.2,42.1,0.0,-1.8828768,11.2580342
2026-01-01T21:56:38.650,18.2,41.9,0.0,-1.8436502,11.2580342
2026-01-01T21:56:40.906,18.2,41.8,0.0,-1.8044235999999998,11.2972608
2026-01-01T21:56:43.162,18.2,41.7,0.0,-1.8436502,11.2972608
2026-01-01T21:56:45.418,18.2,41.5,0.0392266,-1.8436502,11.3364874
2026-01-01T21:56:47.674,18.2,41.5,0.0392266,-1.8436502,11.3364874
2026-01-01T21:56:49.929,18.2,41.4,0.0392266,-1.8436502,11.2580342
2026-01-01T21:56:52.185,18.2,41.3,-0.0392266,-1.8044235999999998,11.2972608
2026-01-01T21:56:54.441,18.2,41.3,0.0392266,-1.9221034,11.2188076
2026-01-01T21:56:56.697,18.2,41.3,0.0,-1.8436502,11.2580342
2026-01-01T21:56:58.952,18.2,41.3,0.0392266,-1.8828768,11.2580342
2026-01-01T21:57:01.208,18.2,41.2,0.0,-1.8044235999999998,11.2972608
2026-01-01T21:57:03.464,18.2,41.2,0.0,-1.8436502,11.2972608
2026-01-01T21:57:05.719,18.2,41.2,0.0,-1.8436502,11.3364874
2026-01-01T21:57:07.975,18.2,41.1,0.0,-1.8044235999999998,11.2188076
2026-01-01T21:57:10.231,18.2,41.1,0.0,-1.8436502,11.2580342
2026-01-01T21:57:12.487,18.2,41.0,0.0,-1.8828768,11.2580342
2026-01-01T21:57:14.743,18.2,41.0,-0.0392266,-1.8044235999999998,11.3364874
2026-01-01T21:57:16.998,18.2,41.0,0.0392266,-1.8436502,11.2580342
2026-01-01T21:57:19.254,18.2,40.9,0.0,-1.8436502,11.2580342
2026-01-01T21:57:21.510,18.2,40.9,0.0,-1.8436502,11.3364874
2026-01-01T21:57:23.765,18.2,40.9,0.0392266,-1.8436502,11.2972608
2026-01-01T21:57:26.021,18.2,40.9,0.0,-1.765197,11.2580342
2026-01-01T21:57:28.277,18.2,40.8,0.0,-1.8044235999999998,11.2972608
2026-01-01T21:57:30.532,18.2,40.8,0.0,-1.8044235999999998,11.2580342
2026-01-01T21:57:32.788,18.2,40.8,0.0,-1.8436502,11.2580342
2026-01-01T21:57:35.044,18.2,40.8,0.0392266,-1.8828768,11.2972608
2026-01-01T21:57:37.299,18.2,40.8,0.0392266,-1.8436502,11.2580342
2026-01-01T21:57:39.555,18.2,41.0,0.0,-1.8044235999999998,11.2972608
2026-01-01T21:57:41.811,18.2,41.2,0.0392266,-1.8044235999999998,11.2580342
2026-01-01T21:57:44.067,18.2,41.3,0.0,-1.8044235999999998,11.2580342
2026-01-01T21:57:46.322,18.2,41.4,0.0,-1.8436502,11.2580342
2026-01-01T21:57:48.578,18.2,41.3,0.0,-1.8436502,11.2580342
2026-01-01T21:57:50.834,18.2,41.3,0.0392266,-1.8436502,11.2580342
2026-01-01T21:57:53.089,18.2,41.2,0.0392266,-1.8828768,11.2972608
2026-01-01T21:57:55.345,18.2,41.2,0.0,-1.8436502,11.2188076
2026-01-01T21:57:57.601,18.2,41.1,0.0,-1.8436502,11.2580342
2026-01-01T21:57:59.856,18.2,41.0,0.0392266,-1.8044235999999998,11.2972608
2026-01-01T21:58:02.112,18.2,40.9,0.0,-1.8044235999999998,11.2972608
2026-01-01T21:58:04.368,18.2,40.9,0.0,-1.8436502,11.2580342
2026-01-01T21:58:06.624,18.2,40.8,0.0,-1.8436502,11.2188076
2026-01-01T21:58:08.879,18.2,40.7,0.0,-1.8436502,11.2972608
2026-01-01T21:58:11.135,18.2,40.7,0.0392266,-1.8828768,11.3364874
2026-01-01T21:58:13.391,18.2,40.6,0.0,-1.8436502,11.3364874
2026-01-01T21:58:15.647,18.2,40.6,0.0,-1.9221034,11.3364874
2026-01-01T21:58:17.902,18.2,40.6,0.0,-1.8044235999999998,11.2188076
2026-01-01T21:58:20.158,18.2,40.6,0.0392266,-1.8436502,11.375713999999999
2026-01-01T21:58:22.414,18.2,40.6,0.0,-1.8436502,11.2580342
2026-01-01T21:58:24.670,18.2,40.6,0.0392266,-1.8436502,11.2188076
2026-01-01T21:58:26.925,18.2,40.6,0.0,-1.8436502,11.2972608
2026-01-01T21:58:29.181,18.2,40.7,0.0,-1.8044235999999998,11.2188076
2026-01-01T21:58:31.436,18.2,40.7,0.0,-1.8436502,11.3364874
2026-01-01T21:58:33.692,18.2,40.7,0.0,-1.8828768,11.3364874
2026-01-01T21:58:35.948,18.2,40.8,0.0,-1.8828768,11.2580342
2026-01-01T21:58:38.203,18.2,40.8,0.0,-1.8044235999999998,11.179581
2026-01-01T21:58:40.459,18.2,40.8,0.0392266,-1.8436502,11.2972608
2026-01-01T21:58:42.715,18.2,40.8,-0.0392266,-1.8044235999999998,11.2580342
2026-01-01T21:58:44.971,18.2,40.7,0.0,-1.8436502,11.2580342
2026-01-01T21:58:47.226,18.2,40.7,0.0,-1.8436502,11.2972608
2026-01-01T21:58:49.482,18.2,40.6,0.0,-1.8044235999999998,11.2580342
2026-01-01T21:58:51.738,18.2,40.6,0.0,-1.8436502,11.2580342
2026-01-01T21:58:53.993,18.2,40.5,0.0,-1.8828768,11.2580342
2026-01-01T21:58:56.249,18.2,40.5,0.0,-1.8436502,11.3364874
2026-01-01T21:58:58.505,18.2,40.5,0.0392266,-1.8436502,11.2580342
2026-01-01T21:59:00.761,18.2,40.5,0.0,-1.765197,11.2580342
2026-01-01T21:59:03.016,18.2,40.5,0.0,-1.8044235999999998,11.2972608
2026-01-01T21:59:05.272,18.2,40.4,0.0392266,-1.8828768,11.2972608
2026-01-01T21:59:07.528,18.2,40.4,0.0,-1.8436502,11.2580342
2026-01-01T21:59:09.783,18.2,40.4,0.0,-1.8044235999999998,11.2972608
2026-01-01T21:59:12.039,18.2,40.4,0.0,-1.8828768,11.2188076
2026-01-01T21:59:14.295,18.2,40.4,0.0392266,-1.8436502,11.2972608
2026-01-01T21:59:16.551,18.2,40.4,0.0,-1.8436502,11.2972608
2026-01-01T21:59:18.806,18.2,40.4,0.0,-1.765197,11.2580342
2026-01-01T21:59:21.065,18.2,40.4,0.0,-1.8044235999999998,11.2188076
2026-01-01T21:59:23.320,18.2,40.4,0.0,-1.8828768,11.375713999999999
2026-01-01T21:59:25.576,18.2,40.4,0.0,-1.8436502,11.2580342
2026-01-01T21:59:27.837,18.2,40.4,0.0,-1.8436502,11.2972608
2026-01-01T21:59:30.092,18.2,40.4,0.0392266,-1.8828768,11.2972608
2026-01-01T21:59:32.353,18.2,40.4,0.0,-1.8828768,11.2188076
2026-01-01T21:59:34.608,18.2,40.4,0.0,-1.8044235999999998,11.2972608
2026-01-01T21:59:36.864,18.2,40.4,0.0,-1.8044235999999998,11.2972608
2026-01-01T21:59:39.125,18.2,40.4,0.0,-1.8044235999999998,11.2972608
2026-01-01T21:59:41.385,18.2,40.4,0.0,-1.8436502,11.3364874
2026-01-01T21:59:43.645,18.2,40.4,-0.0392266,-1.8044235999999998,11.2580342
2026-01-01T21:59:45.905,18.2,40.4,0.0392266,-1.8044235999999998,11.2580342
2026-01-01T21:59:48.160,18.2,40.4,0.0,-1.8436502,11.2580342
2026-01-01T21:59:50.421,18.2,40.4,0.0,-1.8044235999999998,11.2580342
2026-01-01T21:59:52.681,18.2,40.4,0.0,-1.8436502,11.2972608
2026-01-01T21:59:54.936,18.2,40.4,0.0,-1.8044235999999998,11.375713999999999
2026-01-01T21:59:57.197,18.2,40.4,0.0,-1.8436502,11.2580342
2026-01-01T21:59:59.457,18.2,40.5,-0.0392266,-1.8436502,11.2580342
2026-01-01T22:00:01.712,18.2,40.5,0.0,-1.8436502,11.375713999999999
2026-01-01T22:00:03.973,18.2,40.4,0.0,-1.8044235999999998,11.2188076
2026-01-01T22:00:06.233,18.2,40.5,0.0392266,-1.8436502,11.2972608
2026-01-01T22:00:08.488,18.2,40.5,-0.0392266,-1.8436502,11.2580342
2026-01-01T22:00:10.749,18.2,40.5,0.0,-1.8044235999999998,11.2580342
2026-01-01T22:00:13.009,18.2,40.5,0.0,-1.8436502,11.3364874
2026-01-01T22:00:15.269,18.2,40.5,0.0392266,-1.8044235999999998,11.179581
2026-01-01T22:00:17.524,18.2,40.5,0.0,-1.8436502,11.3364874
2026-01-01T22:00:19.785,18.2,40.5,0.0,-1.8828768,11.3364874
2026-01-01T22:00:22.040,18.2,40.5,0.0,-1.8436502,11.3364874
2026-01-01T22:00:24.301,18.2,40.5,0.0,-1.8436502,11.2580342
2026-01-01T22:00:26.556,18.2,40.4,-0.0392266,-1.8828768,11.2972608
2026-01-01T22:00:28.812,18.2,40.5,-0.0392266,-1.8436502,11.2580342
2026-01-01T22:00:31.068,18.2,40.5,0.0392266,-1.8436502,11.2580342
2026-01-01T22:00:33.324,18.2,40.4,0.0,-1.8436502,11.2972608
2026-01-01T22:00:35.579,18.2,40.4,0.0392266,-1.8436502,11.2580342
2026-01-01T22:00:37.835,18.2,40.4,0.0,-1.8436502,11.2580342
2026-01-01T22:00:40.091,18.2,40.4,0.0,-1.8828768,11.2972608
2026-01-01T22:00:42.347,18.2,40.4,0.0,-1.8436502,11.3364874
2026-01-01T22:00:44.603,18.2,40.4,0.0,-1.8828768,11.2972608
2026-01-01T22:00:46.859,18.2,40.4,0.0,-1.8436502,11.2580342
2026-01-01T22:00:49.114,18.2,40.4,0.0,-1.8436502,11.2972608
2026-01-01T22:00:51.370,18.2,40.4,0.0,-1.8828768,11.2972608
2026-01-01T22:00:53.626,18.2,40.4,0.0,-1.8044235999999998,11.2580342
2026-01-01T22:00:55.882,18.2,40.5,0.0392266,-1.8436502,11.2972608
2026-01-01T22:00:58.138,18.2,40.6,-0.0392266,-1.8436502,11.2188076
2026-01-01T22:01:00.393,18.2,40.6,0.0,-1.8044235999999998,11.3364874
2026-01-01T22:01:02.649,18.2,40.6,0.0,-1.8436502,11.2188076
2026-01-01T22:01:04.905,18.2,40.7,0.0,-1.8436502,11.2580342
2026-01-01T22:01:07.160,18.2,40.7,0.0392266,-1.8436502,11.454167199999999
2026-01-01T22:01:09.416,18.2,40.7,0.0,-1.8828768,11.2188076
2026-01-01T22:01:11.672,18.2,40.8,0.0,-1.8044235999999998,11.2188076
2026-01-01T22:01:13.928,18.2,40.8,0.0,-1.8436502,11.2188076
2026-01-01T22:01:16.183,18.2,40.8,0.0,-1.8044235999999998,11.2972608
2026-01-01T22:01:18.439,18.2,40.8,0.0,-1.8436502,11.2580342
2026-01-01T22:01:20.695,18.2,40.7,0.0,-1.8436502,11.2972608
2026-01-01T22:01:22.950,18.2,40.7,0.0,-1.8044235999999998,11.3364874
2026-01-01T22:01:25.206,,,0.0,-1.8828768,11.2188076
2026-01-01T22:01:27.462,18.2,40.7,0.0392266,-1.9221034,11.2972608
2026-01-01T22:01:29.718,18.2,40.6,0.0,-1.8044235999999998,11.2188076
2026-01-01T22:01:31.973,18.2,40.6,0.0,-1.8044235999999998,11.2972608
2026-01-01T22:01:34.229,18.2,40.6,0.0392266,-1.8828768,11.2972608
2026-01-01T22:01:36.484,18.2,40.6,0.0,-1.8436502,11.3364874
2026-01-01T22:01:38.740,18.2,40.6,0.0392266,-1.8436502,11.2972608
2026-01-01T22:01:40.996,18.2,40.7,0.0,-1.8828768,11.3364874
2026-01-01T22:01:43.252,18.2,40.7,0.0,-1.8828768,11.2972608
2026-01-01T22:01:45.508,18.2,40.7,0.0,-1.8436502,11.2188076
2026-01-01T22:01:47.763,18.2,40.8,0.0,-1.8436502,11.2972608
2026-01-01T22:01:50.019,18.2,40.9,0.0,-1.8436502,11.2972608
2026-01-01T22:01:52.274,18.2,41.0,0.0,-1.8044235999999998,11.2580342
2026-01-01T22:01:54.530,18.2,41.1,0.0,-1.8436502,11.3364874
2026-01-01T22:01:56.786,18.2,41.1,0.0392266,-1.8436502,11.2188076
2026-01-01T22:01:59.042,18.2,41.1,0.0392266,-1.8044235999999998,11.2580342
2026-01-01T22:02:01.297,18.2,41.1,0.0,-1.8044235999999998,11.2972608
2026-01-01T22:02:03.553,18.2,41.1,0.0,-1.8436502,11.3364874
2026-01-01T22:02:05.809,18.2,41.1,0.0,-1.8828768,11.3364874
2026-01-01T22:02:08.064,18.2,41.2,0.0,-1.8436502,11.2188076
2026-01-01T22:02:10.320,18.2,41.2,0.0392266,-1.8828768,11.3364874
2026-01-01T22:02:12.576,18.2,41.2,0.0,-1.8436502,11.2188076
2026-01-01T22:02:14.831,18.2,41.2,0.0392266,-1.8828768,11.2972608
2026-01-01T22:02:17.087,18.2,41.2,0.0,-1.8436502,11.2580342
2026-01-01T22:02:19.343,18.2,41.2,-0.0392266,-1.8044235999999998,11.3364874
2026-01-01T22:02:21.599,18.2,41.2,0.0,-1.8436502,11.2972608
2026-01-01T22:02:23.854,18.2,41.2,0.0,-1.8044235999999998,11.2972608
2026-01-01T22:02:26.110,18.2,41.2,0.0,-1.8436502,11.2188076
2026-01-01T22:02:28.366,18.2,41.2,0.0392266,-1.8436502,11.2580342
2026-01-01T22:02:30.621,18.2,41.2,0.0,-1.8828768,11.2972608
2026-01-01T22:02:32.877,18.2,41.1,0.0392266,-1.8436502,11.2972608
2026-01-01T22:02:35.133,18.2,41.1,0.0392266,-1.8436502,11.2972608
2026-01-01T22:02:37.389,18.2,41.1,0.0392266,-1.8828768,11.2972608
2026-01-01T22:02:39.645,18.2,41.1,0.0,-1.8828768,11.2580342
2026-01-01T22:02:41.900,18.2,41.1,-0.0392266,-1.8436502,11.2972608
2026-01-01T22:02:44.156,18.2,41.2,-0.0392266,-1.8044235999999998,11.3364874
2026-01-01T22:02:46.412,18.2,41.3,0.0,-1.8436502,11.2580342
2026-01-01T22:02:48.668,18.2,41.3,0.0,-1.8436502,11.2972608
2026-01-01T22:02:50.923,18.2,41.4,0.0,-1.8436502,11.2188076
2026-01-01T22:02:53.179,18.2,41.5,0.0392266,-1.8044235999999998,11.2972608
2026-01-01T22:02:55.435,18.2,41.6,0.0392266,-1.8828768,11.2972608
2026-01-01T22:02:57.690,18.2,41.7,0.0,-1.8044235999999998,11.2580342
2026-01-01T22:02:59.946,18.2,41.9,0.0,-1.8044235999999998,11.3364874
2026-01-01T22:03:02.202,18.2,42.0,0.0392266,-1.8436502,11.2972608
2026-01-01T22:03:04.458,18.2,42.1,0.0,-1.8044235999999998,11.2972608
2026-01-01T22:03:06.713,18.2,42.1,0.0,-1.8828768,11.2972608
2026-01-01T22:03:08.969,18.2,42.1,0.0392266,-1.8828768,11.2580342
2026-01-01T22:03:11.225,18.2,42.1,0.0,-1.8044235999999998,11.3364874
2026-01-01T22:03:13.481,18.2,42.1,0.0,-1.765197,11.2580342
2026-01-01T22:03:15.736,18.2,42.0,0.0392266,-1.8436502,11.2972608
2026-01-01T22:03:17.992,18.2,42.2,-0.0392266,-1.8044235999999998,11.2580342
2026-01-01T22:03:20.247,18.2,42.7,0.0,-1.8436502,11.2580342
2026-01-01T22:03:22.503,18.2,42.9,0.0,-1.8436502,11.179581
2026-01-01T22:03:24.759,18.2,42.9,0.0,-1.8828768,11.2580342
2026-01-01T22:03:27.015,18.2,43.0,0.0,-1.8044235999999998,11.2580342
2026-01-01T22:03:29.270,18.2,43.0,0.0,-1.8828768,11.3364874
2026-01-01T22:03:31.526,18.2,43.0,-0.0392266,-1.8044235999999998,11.2188076
2026-01-01T22:03:33.782,18.2,43.1,0.0,-1.8828768,11.3364874
2026-01-01T22:03:36.037,18.2,43.4,0.0,-1.8436502,11.3364874
2026-01-01T22:03:38.293,18.2,43.6,0.0,-1.8828768,11.2972608
2026-01-01T22:03:40.549,18.2,43.8,0.0,-1.8828768,11.2972608
2026-01-01T22:03:42.805,18.2,43.8,0.0,-1.8436502,11.2972608
2026-01-01T22:03:45.060,18.2,43.8,-0.0392266,-1.8436502,11.2972608
2026-01-01T22:03:47.316,18.2,43.7,0.0,-1.8436502,11.2972608
2026-01-01T22:03:49.572,18.3,43.7,0.0392266,-1.8436502,11.2972608
2026-01-01T22:03:51.828,18.2,43.4,0.0,-1.8436502,11.2580342
2026-01-01T22:03:54.084,18.2,43.2,0.0,-1.8828768,11.375713999999999
2026-01-01T22:03:56.339,18.2,43.1,-0.0392266,-1.8436502,11.2972608
2026-01-01T22:03:58.595,18.2,42.9,0.0392266,-1.8828768,11.3364874
2026-01-01T22:04:00.851,18.2,42.8,0.0,-1.8436502,11.3364874
2026-01-01T22:04:03.106,18.2,42.7,0.0,-1.8044235999999998,11.2972608
2026-01-01T22:04:05.362,18.2,42.5,0.0,-1.8436502,11.2972608
2026-01-01T22:04:07.618,18.2,42.4,0.0,-1.8436502,11.2972608
2026-01-01T22:04:09.873,18.2,42.3,0.0,-1.8436502,11.2972608
2026-01-01T22:04:12.129,18.2,42.2,0.1176798,-1.8436502,11.2972608
2026-01-01T22:04:14.385,18.3,42.2,0.0,-1.8828768,11.375713999999999
2026-01-01T22:04:16.640,18.2,42.0,0.0,-1.8044235999999998,11.2188076
2026-01-01T22:04:18.896,18.3,42.0,0.0,-1.8436502,11.2972608
2026-01-01T22:04:21.152,18.2,41.9,0.0,-1.8044235999999998,11.2580342
2026-01-01T22:04:23.407,18.3,42.0,0.0,-1.8436502,11.375713999999999
2026-01-01T22:04:25.663,18.2,41.9,0.0,-1.765197,11.2580342
2026-01-01T22:04:27.919,,,0.0,-1.8436502,11.2188076
2026-01-01T22:04:30.175,18.2,41.8,0.0,-1.8436502,11.2972608
2026-01-01T22:04:32.430,18.3,41.8,0.0392266,-1.8044235999999998,11.2188076
2026-01-01T22:04:34.685,18.2,41.7,-0.0392266,-1.8044235999999998,11.2580342
2026-01-01T22:04:36.941,18.2,41.8,0.0392266,-1.8436502,11.2972608
2026-01-01T22:04:39.197,18.2,41.9,0.0392266,-1.8828768,11.375713999999999
2026-01-01T22:04:41.453,18.2,42.0,0.0,-1.8044235999999998,11.2188076
2026-01-01T22:04:43.709,18.2,42.2,0.0,-1.8436502,11.3364874
2026-01-01T22:04:45.964,18.3,42.3,0.0,-1.8044235999999998,11.2188076
2026-01-01T22:04:48.220,18.2,42.3,0.0,-1.8436502,11.375713999999999
2026-01-01T22:04:50.476,18.3,42.5,0.0,-1.8044235999999998,11.2580342
2026-01-01T22:04:52.731,18.3,42.5,0.0,-1.8436502,11.2972608
2026-01-01T22:04:54.987,18.3,42.4,0.0392266,-1.8436502,11.2580342
2026-01-01T22:04:57.243,18.2,42.3,0.0,-1.8044235999999998,11.2188076
2026-01-01T22:04:59.499,18.2,42.2,0.0392266,-1.8436502,11.2580342
2026-01-01T22:05:01.754,18.2,42.1,0.0,-1.8044235999999998,11.2580342
2026-01-01T22:05:04.010,18.3,42.1,0.0,-1.8436502,11.3364874
2026-01-01T22:05:06.266,18.2,42.2,0.0,-1.765197,11.2580342
2026-01-01T22:05:08.522,18.2,42.4,0.0,-1.8828768,11.3364874
2026-01-01T22:05:10.777,18.3,42.4,0.0,-1.8044235999999998,11.2580342
2026-01-01T22:05:13.033,18.3,42.3,0.0,-1.8436502,11.3364874
2026-01-01T22:05:15.289,18.2,42.1,-0.0392266,-1.8044235999999998,11.2580342
2026-01-01T22:05:17.544,18.3,42.0,0.0,-1.8828768,11.2972608
2026-01-01T22:05:19.800,18.2,41.8,0.0392266,-1.8436502,11.3364874
2026-01-01T22:05:22.056,18.2,41.7,0.0,-1.8436502,11.2972608
2026-01-01T22:05:24.312,18.2,41.6,0.0392266,-1.8436502,11.3364874
2026-01-01T22:05:26.567,18.2,41.5,0.0392266,-1.8828768,11.3364874
2026-01-01T22:05:28.823,18.2,41.4,0.0,-1.765197,11.2188076
2026-01-01T22:05:31.079,18.2,41.4,-0.0392266,-1.8436502,11.2188076
2026-01-01T22:05:33.334,18.3,41.4,0.0,-1.8436502,11.3364874
2026-01-01T22:05:35.590,18.3,41.3,0.0,-1.8436502,11.2580342
2026-01-01T22:05:37.846,18.2,41.1,0.0392266,-1.9221034,11.375713999999999
2026-01-01T22:05:40.102,18.2,41.1,0.0,-1.8436502,11.2580342
2026-01-01T22:05:42.359,18.2,41.1,0.0392266,-1.8436502,11.2972608
2026-01-01T22:05:44.614,18.2,41.1,0.0,-1.765197,11.2188076
2026-01-01T22:05:46.870,18.2,41.2,0.0392266,-1.8828768,11.2972608
2026-01-01T22:05:49.126,18.2,41.3,0.0,-1.8828768,11.2972608
2026-01-01T22:05:51.382,18.3,41.6,-0.0392266,-1.8436502,11.3364874
2026-01-01T22:05:53.641,18.2,41.8,0.0392266,-1.9221034,11.2580342
2026-01-01T22:05:55.901,18.2,42.1,0.0,-1.765197,11.2580342
2026-01-01T22:05:58.161,18.3,42.3,0.0,-1.8828768,11.2972608
2026-01-01T22:06:00.416,18.3,42.4,0.0,-1.8436502,11.2972608
2026-01-01T22:06:02.672,18.3,42.6,0.0,-1.8828768,11.2972608
2026-01-01T22:06:04.927,18.3,42.8,0.0,-1.8044235999999998,11.2580342
2026-01-01T22:06:07.182,18.2,42.8,0.0,-1.8436502,11.2972608
2026-01-01T22:06:09.441,18.3,43.0,0.0,-1.8436502,11.3364874
2026-01-01T22:06:11.701,18.2,43.0,0.0,-1.8436502,11.2972608
2026-01-01T22:06:13.956,18.3,43.1,0.0,-1.8436502,11.2972608
2026-01-01T22:06:16.212,18.2,43.1,0.0,-1.8436502,11.2972608
2026-01-01T22:06:18.468,18.2,43.2,0.0,-1.8436502,11.2188076
2026-01-01T22:06:20.724,18.3,43.1,0.0,-1.8828768,11.3364874
2026-01-01T22:06:22.979,18.3,43.0,0.0,-1.765197,11.2580342
2026-01-01T22:06:25.235,18.3,42.9,0.0,-1.8828768,11.3364874
2026-01-01T22:06:27.491,18.3,42.8,0.0,-1.8044235999999998,11.2972608
2026-01-01T22:06:29.747,18.3,42.7,0.0392266,-1.8436502,11.2972608
2026-01-01T22:06:32.002,18.2,42.5,0.0392266,-1.8436502,11.2972608
2026-01-01T22:06:34.258,18.3,42.6,0.0,-1.8436502,11.2972608
2026-01-01T22:06:36.514,18.3,42.6,0.0392266,-1.8828768,11.2972608
2026-01-01T22:06:38.770,18.2,42.5,0.0,-1.8828768,11.2972608
2026-01-01T22:06:41.025,18.2,42.5,0.0392266,-1.8436502,11.2580342
2026-01-01T22:06:43.281,18.3,42.6,0.0392266,-1.8828768,11.2580342
2026-01-01T22:06:45.537,18.2,42.6,0.0,-1.8436502,11.2188076
2026-01-01T22:06:47.792,18.3,42.6,0.0,-1.8044235999999998,11.2972608
2026-01-01T22:06:50.048,18.2,42.5,0.0,-1.8436502,11.2972608
2026-01-01T22:06:52.304,18.3,42.5,0.0392266,-1.8828768,11.2972608
2026-01-01T22:06:54.560,18.3,42.5,0.0,-1.765197,11.2580342
2026-01-01T22:06:56.815,18.3,42.4,0.0392266,-1.8828768,11.2972608
2026-01-01T22:06:59.071,18.2,42.5,0.0,-1.8436502,11.2972608
2026-01-01T22:07:01.327,18.3,42.6,0.0,-1.8828768,11.2580342
2026-01-01T22:07:03.582,18.3,42.6,0.0,-1.8436502,11.2972608
2026-01-01T22:07:05.838,18.3,42.8,0.0392266,-1.8828768,11.3364874
2026-01-01T22:07:08.094,18.3,42.9,0.0,-1.9221034,11.2580342
2026-01-01T22:07:10.350,18.3,43.1,0.0392266,-1.8436502,11.2188076
2026-01-01T22:07:12.605,18.3,43.2,0.0392266,-1.8436502,11.3364874
2026-01-01T22:07:14.861,18.3,43.3,0.0,-1.8436502,11.179581
2026-01-01T22:07:17.117,18.3,43.3,0.0,-1.8436502,11.2972608
2026-01-01T22:07:19.372,18.2,43.3,0.0,-1.8436502,11.2580342
2026-01-01T22:07:21.628,18.3,43.3,0.0392266,-1.8436502,11.2188076
2026-01-01T22:07:23.884,18.3,43.4,0.0,-1.8436502,11.2972608
2026-01-01T22:07:26.139,18.3,43.4,0.0,-1.8044235999999998,11.2580342
2026-01-01T22:07:28.395,18.2,43.3,0.0392266,-1.8436502,11.2972608
2026-01-01T22:07:30.651,18.3,43.4,-0.0392266,-1.8436502,11.2580342
2026-01-01T22:07:32.906,18.3,43.4,0.0,-1.8436502,11.2972608
2026-01-01T22:07:35.162,18.2,43.4,0.0392266,-1.8436502,11.2972608
2026-01-01T22:07:37.418,18.3,43.4,0.0,-1.8436502,11.2972608
2026-01-01T22:07:39.674,18.3,43.3,0.0392266,-1.8828768,11.2972608
2026-01-01T22:07:41.929,18.3,43.3,0.0,-1.8436502,11.2972608
2026-01-01T22:07:44.185,18.3,43.2,0.0,-1.8436502,11.2972608
2026-01-01T22:07:46.441,18.3,43.1,0.0392266,-1.8436502,11.2188076
2026-01-01T22:07:48.697,18.3,43.1,0.0,-1.8828768,11.2188076
2026-01-01T22:07:50.952,18.3,43.2,0.0,-1.8436502,11.2580342
2026-01-01T22:07:53.208,18.3,43.2,0.0,-1.8436502,11.2972608
2026-01-01T22:07:55.464,18.3,43.2,0.0,-1.8436502,11.2580342
2026-01-01T22:07:57.719,18.2,43.2,0.0392266,-1.8828768,11.2972608
2026-01-01T22:07:59.975,18.3,43.3,0.0,-1.8044235999999998,11.3364874
2026-01-01T22:08:02.231,18.3,43.4,-0.0392266,-1.8044235999999998,11.3364874
2026-01-01T22:08:04.487,18.3,43.6,0.0,-1.8044235999999998,11.179581
2026-01-01T22:08:06.743,18.3,43.7,0.0,-1.8828768,11.3364874
2026-01-01T22:08:08.998,18.3,43.9,0.0,-1.8044235999999998,11.2580342
2026-01-01T22:08:11.254,18.3,44.1,0.0,-1.8436502,11.2972608
2026-01-01T22:08:13.510,18.3,44.2,0.0,-1.8828768,11.3364874
2026-01-01T22:08:15.765,18.3,44.4,0.0392266,-1.9221034,11.2972608
2026-01-01T22:08:18.021,18.3,44.5,0.0,-1.8044235999999998,11.2972608
2026-01-01T22:08:20.277,18.3,44.6,0.0,-1.8436502,11.2188076
2026-01-01T22:08:22.532,18.3,44.7,0.0,-1.8828768,11.2972608
2026-01-01T22:08:24.788,18.3,44.9,0.0,-1.8044235999999998,11.2972608
2026-01-01T22:08:27.044,18.3,45.1,0.0,-1.8828768,11.3364874
2026-01-01T22:08:29.299,18.3,45.2,0.0,-1.8436502,11.2972608
2026-01-01T22:08:31.555,18.3,45.2,0.0,-1.8044235999999998,11.2972608
2026-01-01T22:08:33.811,18.3,45.2,0.0,-1.8436502,11.2972608
2026-01-01T22:08:36.066,18.3,45.2,0.0,-1.8436502,11.3364874
2026-01-01T22:08:38.322,18.3,45.2,0.0,-1.8828768,11.2580342
2026-01-01T22:08:40.577,18.3,45.5,0.0392266,-1.8828768,11.3364874
2026-01-01T22:08:42.833,18.3,45.7,0.0,-1.8436502,11.2972608
2026-01-01T22:08:45.089,18.3,46.0,0.0,-1.8044235999999998,11.2188076
2026-01-01T22:08:47.345,18.3,46.3,0.0,-1.8828768,11.2972608
2026-01-01T22:08:49.600,18.3,46.5,0.0,-1.8044235999999998,11.2188076
2026-01-01T22:08:51.856,18.3,46.7,0.0,-1.8828768,11.2580342
2026-01-01T22:08:54.112,18.3,46.9,0.0,-1.8436502,11.2972608
2026-01-01T22:08:56.367,18.3,47.0,0.0,-1.8828768,11.3364874
2026-01-01T22:08:58.623,18.3,47.1,0.0,-1.8436502,11.3364874
2026-01-01T22:09:00.879,18.3,47.3,0.0,-1.8436502,11.3364874
2026-01-01T22:09:03.135,18.3,47.5,0.0,-1.8828768,11.2580342
2026-01-01T22:09:05.391,18.3,47.6,0.0,-1.8828768,11.3364874
2026-01-01T22:09:07.646,18.4,47.8,0.0392266,-1.8828768,11.2972608
2026-01-01T22:09:09.902,18.3,47.8,0.0,-1.8436502,11.2972608
2026-01-01T22:09:12.158,18.3,48.0,0.0,-1.8044235999999998,11.2972608
2026-01-01T22:09:14.414,18.3,48.1,0.0392266,-1.8044235999999998,11.2188076
2026-01-01T22:09:16.670,18.3,48.3,0.0392266,-1.8436502,11.3364874
2026-01-01T22:09:18.925,18.4,48.5,0.0,-1.8436502,11.3364874
2026-01-01T22:09:21.181,18.3,48.5,0.0,-1.8436502,11.3364874
2026-01-01T22:09:23.437,18.3,48.6,0.0392266,-1.8828768,11.2972608
2026-01-01T22:09:25.693,18.3,48.8,0.0392266,-1.8436502,11.2188076
2026-01-01T22:09:27.948,18.4,48.9,0.0,-1.8044235999999998,11.2580342
2026-01-01T22:09:30.204,18.4,49.0,0.0,-1.8044235999999998,11.2580342
2026-01-01T22:09:32.460,18.4,49.2,-0.0392266,-1.8436502,11.2188076
2026-01-01T22:09:34.715,18.4,49.3,0.0,-1.8436502,11.2972608
2026-01-01T22:09:36.971,18.4,49.5,0.0,-1.8828768,11.3364874
2026-01-01T22:09:39.227,18.4,49.6,0.0392266,-1.8828768,11.3364874
2026-01-01T22:09:41.483,18.4,49.6,0.0,-1.8828768,11.2580342
2026-01-01T22:09:43.738,18.4,49.5,0.0392266,-1.8828768,11.2580342
2026-01-01T22:09:45.994,18.4,49.4,0.0392266,-1.8436502,11.2188076
2026-01-01T22:09:48.250,18.4,49.3,0.0,-1.8044235999999998,11.375713999999999
2026-01-01T22:09:50.505,18.4,49.5,0.0,-1.8436502,11.3364874
2026-01-01T22:09:52.761,18.4,49.7,0.0,-1.8828768,11.2972608
2026-01-01T22:09:55.017,18.4,49.8,0.0392266,-1.8436502,11.2580342
2026-01-01T22:09:57.272,18.4,49.7,0.0,-1.8436502,11.2188076
2026-01-01T22:09:59.528,18.4,49.7,0.0,-1.8436502,11.2972608
2026-01-01T22:10:01.784,18.4,49.6,0.0,-1.8436502,11.179581
2026-01-01T22:10:04.040,18.4,49.6,0.0,-1.8436502,11.2188076
2026-01-01T22:10:06.295,18.4,49.8,0.0,-1.8436502,11.2580342
2026-01-01T22:10:08.551,18.4,49.9,0.0,-1.8828768,11.2188076
2026-01-01T22:10:10.807,18.4,50.1,0.0,-1.8044235999999998,11.3364874
2026-01-01T22:10:13.063,18.4,50.2,0.0,-1.8828768,11.2972608
2026-01-01T22:10:15.318,18.4,50.2,0.0,-1.8436502,11.2188076
2026-01-01T22:10:17.577,18.4,50.0,0.0392266,-1.8436502,11.2972608
2026-01-01T22:10:19.837,18.4,49.6,-0.0392266,-1.8044235999999998,11.2972608
2026-01-01T22:10:22.097,18.5,49.2,0.0,-1.8828768,11.2188076
2026-01-01T22:10:24.357,18.4,48.9,0.0,-1.8828768,11.2972608
2026-01-01T22:10:26.612,18.4,48.8,0.0,-1.8436502,11.2972608
2026-01-01T22:10:28.868,18.4,48.6,0.0,-1.8828768,11.2972608
2026-01-01T22:10:31.129,18.4,48.3,0.0,-1.8436502,11.3364874
2026-01-01T22:10:33.389,18.4,48.2,0.0,-1.8044235999999998,11.2580342
2026-01-01T22:10:35.644,18.4,48.2,0.0,-1.8436502,11.2972608
2026-01-01T22:10:37.905,18.4,48.2,0.0,-1.8828768,11.2972608
2026-01-01T22:10:40.165,18.4,48.2,0.0,-1.8436502,11.2972608
2026-01-01T22:10:42.425,18.4,47.9,-0.0392266,-1.8044235999999998,11.2580342
2026-01-01T22:10:44.685,18.4,47.7,0.0,-1.8828768,11.2188076
2026-01-01T22:10:46.940,18.5,47.6,0.0,-1.8436502,11.2580342
2026-01-01T22:10:49.201,18.5,47.5,0.0392266,-1.8436502,11.2972608
2026-01-01T22:10:51.456,18.4,47.5,0.0,-1.8436502,11.2972608
2026-01-01T22:10:53.712,18.5,47.6,0.0392266,-1.8828768,11.2580342
2026-01-01T22:10:55.967,18.5,47.7,0.0,-1.8436502,11.2580342
2026-01-01T22:10:58.222,18.5,47.9,0.0,-1.8044235999999998,11.2580342
2026-01-01T22:11:00.481,18.4,48.2,0.0,-1.8436502,11.2580342
2026-01-01T22:11:02.737,18.4,48.6,0.0,-1.8436502,11.3364874
2026-01-01T22:11:04.992,18.4,48.9,0.0,-1.8436502,11.2580342
2026-01-01T22:11:07.248,18.4,49.0,-0.0392266,-1.8436502,11.2972608
2026-01-01T22:11:09.509,18.5,49.3,0.0,-1.8828768,11.3364874
2026-01-01T22:11:11.769,18.4,49.3,0.0,-1.8436502,11.2580342
2026-01-01T22:11:14.029,18.4,49.4,0.0,-1.765197,11.2972608
2026-01-01T22:11:16.289,18.4,49.6,0.0,-1.8044235999999998,11.2972608
2026-01-01T22:11:18.544,18.5,49.8,0.0392266,-1.8436502,11.2580342
2026-01-01T22:11:20.800,18.5,50.0,0.0,-1.8044235999999998,11.3364874
2026-01-01T22:11:23.061,18.5,50.2,0.0392266,-1.8828768,11.3364874
2026-01-01T22:11:25.316,18.4,50.2,0.0,-1.8436502,11.2580342
2026-01-01T22:11:27.572,18.5,50.5,0.0,-1.8436502,11.2972608
2026-01-01T22:11:29.833,18.5,50.7,0.0,-1.8044235999999998,11.2972608
2026-01-01T22:11:32.088,18.5,50.7,0.0392266,-1.8436502,11.3364874
2026-01-01T22:11:34.349,18.4,50.5,0.0,-1.8436502,11.3364874
2026-01-01T22:11:36.609,18.5,50.5,0.0,-1.8044235999999998,11.2580342
2026-01-01T22:11:38.864,18.5,50.5,0.0392266,-1.8828768,11.2972608
2026-01-01T22:11:41.120,18.5,50.5,0.0,-1.8436502,11.2972608
2026-01-01T22:11:43.381,18.5,50.6,0.0392266,-1.8828768,11.2580342
2026-01-01T22:11:45.641,18.5,50.8,0.0,-1.8828768,11.2972608
2026-01-01T22:11:47.896,18.5,51.1,-0.0392266,-1.8436502,11.2972608
2026-01-01T22:11:50.152,18.5,51.5,0.0,-1.8436502,11.2972608
2026-01-01T22:11:52.407,18.5,52.1,0.0,-1.8828768,11.2188076
2026-01-01T22:11:54.665,18.5,52.5,0.0392266,-1.8828768,11.375713999999999
2026-01-01T22:11:56.925,18.5,52.8,0.0,-1.765197,11.2188076
2026-01-01T22:11:59.185,18.5,53.0,0.0392266,-1.8436502,11.2972608
2026-01-01T22:12:01.440,18.5,52.9,0.0,-1.8044235999999998,11.2972608
2026-01-01T22:12:03.701,18.5,53.0,0.0,-1.8828768,11.2972608
2026-01-01T22:12:05.956,18.5,53.1,0.0,-1.8828768,11.2580342
2026-01-01T22:12:08.212,18.5,53.0,0.0,-1.8044235999999998,11.2972608
2026-01-01T22:12:10.467,18.5,52.7,0.0,-1.8436502,11.2580342
2026-01-01T22:12:12.725,18.5,52.6,0.0,-1.8436502,11.375713999999999
2026-01-01T22:12:14.985,18.5,52.5,0.0,-1.8436502,11.2972608
2026-01-01T22:12:17.240,18.5,52.7,0.0392266,-1.8828768,11.3364874
2026-01-01T22:12:19.496,18.5,52.7,0.0392266,-1.8436502,11.2972608
2026-01-01T22:12:21.752,18.5,52.9,-0.0392266,-1.8436502,11.2972608
2026-01-01T22:12:24.008,18.5,53.1,0.0,-1.8436502,11.2580342
2026-01-01T22:12:26.263,18.5,53.3,0.0392266,-1.9221034,11.2580342
2026-01-01T22:12:28.519,18.5,53.5,0.0,-1.8436502,11.3364874
2026-01-01T22:12:30.775,18.5,53.5,0.0,-1.8044235999999998,11.179581
2026-01-01T22:12:33.031,18.5,53.6,0.0392266,-1.8828768,11.2972608
2026-01-01T22:12:35.286,18.5,53.7,0.0392266,-1.8828768,11.2972608
2026-01-01T22:12:37.542,18.5,53.6,0.0,-1.8044235999999998,11.2972608
2026-01-01T22:12:39.798,18.5,53.5,0.0392266,-1.8828768,11.3364874
2026-01-01T22:12:42.053,18.5,53.3,0.0392266,-1.8828768,11.2188076
2026-01-01T22:12:44.309,18.5,53.3,0.0392266,-1.8436502,11.2580342
2026-01-01T22:12:46.565,18.5,53.2,0.0,-1.8436502,11.2188076
2026-01-01T22:12:48.821,18.5,53.0,0.0,-1.8436502,11.2580342
2026-01-01T22:12:51.076,18.5,52.9,0.0392266,-1.8828768,11.2972608
2026-01-01T22:12:53.332,18.5,52.8,0.0392266,-1.8044235999999998,11.2580342
2026-01-01T22:12:55.588,18.5,52.8,0.0392266,-1.8828768,11.2580342
2026-01-01T22:12:57.843,,,0.0392266,-1.8436502,11.3364874
2026-01-01T22:13:00.099,18.5,52.3,0.0,-1.6867438000000001,11.2188076
2026-01-01T22:13:02.355,18.5,52.2,0.0,-1.8044235999999998,11.2972608
2026-01-01T22:13:04.611,18.5,52.2,0.0,-1.765197,11.179581
2026-01-01T22:13:06.867,18.5,52.1,0.0392266,-1.8436502,11.2972608
2026-01-01T22:13:09.122,18.5,52.1,0.0392266,-1.8828768,11.2580342
2026-01-01T22:13:11.378,18.5,51.9,0.0,-1.8436502,11.2580342
2026-01-01T22:13:13.637,18.5,51.7,0.0,-1.8044235999999998,11.2188076
2026-01-01T22:13:15.892,18.5,51.6,0.0392266,-1.8044235999999998,11.2580342
2026-01-01T22:13:18.148,18.5,51.5,0.0392266,-1.8436502,11.3364874
2026-01-01T22:13:20.403,18.5,51.5,0.0,-1.8436502,11.2580342
2026-01-01T22:13:22.659,18.6,51.6,0.0,-1.8436502,11.2580342
2026-01-01T22:13:24.915,18.6,51.6,0.0,-1.8828768,11.2972608
2026-01-01T22:13:27.170,18.6,51.6,0.0,-1.8828768,11.3364874
2026-01-01T22:13:29.426,18.6,51.6,0.0,-1.8044235999999998,11.2188076
2026-01-01T22:13:31.682,18.6,51.7,0.0,-1.8436502,11.2972608
2026-01-01T22:13:33.937,18.6,51.9,-0.0392266,-1.765197,11.2188076
2026-01-01T22:13:36.193,18.6,52.2,0.0392266,-1.8436502,11.2188076
2026-01-01T22:13:38.448,18.6,52.4,0.0,-1.8436502,11.2580342
2026-01-01T22:13:40.704,18.6,52.6,0.0,-1.8436502,11.2580342
2026-01-01T22:13:42.960,18.6,52.8,-0.0392266,-1.8044235999999998,11.2188076
2026-01-01T22:13:45.215,18.6,53.1,0.0,-1.8436502,11.2580342
2026-01-01T22:13:47.471,18.6,53.5,0.0,-1.8436502,11.2972608
2026-01-01T22:13:49.727,18.6,53.6,0.0392266,-1.8044235999999998,11.2580342
2026-01-01T22:13:51.982,18.6,53.9,0.0,-1.8436502,11.2580342
2026-01-01T22:13:54.238,18.6,54.2,-0.0392266,-1.765197,11.2580342
2026-01-01T22:13:56.494,18.6,54.4,0.0,-1.8044235999999998,11.179581
2026-01-01T22:13:58.749,18.6,54.6,0.0,-1.8044235999999998,11.2972608
2026-01-01T22:14:01.005,18.6,54.8,0.0392266,-1.8828768,11.2972608
2026-01-01T22:14:03.261,18.6,55.0,0.0,-1.8828768,11.2972608
2026-01-01T22:14:05.516,18.6,55.2,0.0,-1.8044235999999998,11.2972608
2026-01-01T22:14:07.772,18.6,55.4,0.0,-1.8436502,11.375713999999999
2026-01-01T22:14:10.028,18.6,55.6,-0.0392266,-1.8436502,11.2972608
2026-01-01T22:14:12.284,18.6,55.7,0.0,-1.8044235999999998,11.2188076
2026-01-01T22:14:14.540,18.6,55.9,0.0392266,-1.8828768,11.3364874
2026-01-01T22:14:16.795,18.6,56.1,0.0392266,-1.8828768,11.2972608
2026-01-01T22:14:19.051,18.6,56.3,0.0392266,-1.8828768,11.2972608
2026-01-01T22:14:21.307,18.6,56.3,0.0,-1.8436502,11.2580342
2026-01-01T22:14:23.563,18.6,56.4,0.0392266,-1.8436502,11.2580342
2026-01-01T22:14:25.818,18.6,56.3,0.0,-1.8436502,11.2972608
2026-01-01T22:14:28.074,18.6,55.7,0.0392266,-1.8044235999999998,11.2972608
2026-01-01T22:14:30.330,18.6,55.1,0.0392266,-1.8436502,11.2972608
2026-01-01T22:14:32.586,18.6,54.6,0.0,-1.8044235999999998,11.2188076
2026-01-01T22:14:34.841,18.6,54.3,0.0392266,-1.8436502,11.2972608
2026-01-01T22:14:37.099,18.6,54.3,0.0,-1.8436502,11.2972608
2026-01-01T22:14:39.354,18.6,54.5,0.0,-1.8044235999999998,11.2580342
2026-01-01T22:14:41.613,18.6,54.5,0.0,-1.8436502,11.2580342
2026-01-01T22:14:43.873,18.6,54.3,0.0392266,-1.8044235999999998,11.2188076
2026-01-01T22:14:46.128,18.6,53.8,0.0392266,-1.8044235999999998,11.2188076
2026-01-01T22:14:48.384,18.6,53.4,0.0392266,-1.8044235999999998,11.2580342
2026-01-01T22:14:50.645,18.6,53.0,0.0,-1.8436502,11.2972608
2026-01-01T22:14:52.900,18.6,52.8,0.0392266,-1.8044235999999998,11.2188076
2026-01-01T22:14:55.161,18.6,52.8,0.0392266,-1.8436502,11.2972608
2026-01-01T22:14:57.421,18.6,52.9,0.0392266,-1.8436502,11.2972608
2026-01-01T22:14:59.681,18.6,52.9,0.0,-1.8436502,11.2580342
2026-01-01T22:15:01.941,18.6,52.9,0.0,-1.8044235999999998,11.179581
2026-01-01T22:15:04.196,18.6,52.9,0.0392266,-1.8436502,11.2188076
2026-01-01T22:15:06.457,18.6,52.8,0.0392266,-1.8436502,11.2972608
2026-01-01T22:15:08.712,18.6,52.6,0.0,-1.8044235999999998,11.2972608
2026-01-01T22:15:10.973,18.6,52.5,0.0,-1.8436502,11.2580342
2026-01-01T22:15:13.228,18.6,52.6,0.0,-1.8436502,11.2580342
2026-01-01T22:15:15.489,18.6,52.2,0.0,-1.8828768,11.2972608
2026-01-01T22:15:17.749,18.6,51.9,0.0392266,-1.8436502,11.2972608
2026-01-01T22:15:20.009,18.6,52.0,0.0,-1.8436502,11.2972608
2026-01-01T22:15:22.266,18.6,52.5,0.0,-1.8044235999999998,11.2580342
2026-01-01T22:15:24.525,18.6,52.6,0.0,-1.8828768,11.2580342
2026-01-01T22:15:26.780,18.6,52.6,0.0,-1.8828768,11.375713999999999
2026-01-01T22:15:29.041,18.6,52.5,0.0,-1.8044235999999998,11.2972608
2026-01-01T22:15:31.301,18.7,52.4,0.0,-1.8436502,11.3364874
2026-01-01T22:15:33.561,18.6,52.2,0.0392266,-1.8828768,11.2580342
2026-01-01T22:15:35.816,18.6,52.2,0.0,-1.8436502,11.2580342
2026-01-01T22:15:38.077,18.6,52.3,0.0392266,-1.8828768,11.2580342
2026-01-01T22:15:40.332,18.6,52.5,0.0,-1.8044235999999998,11.2580342
2026-01-01T22:15:42.593,18.6,52.6,0.0392266,-1.8044235999999998,11.2188076
2026-01-01T22:15:44.848,18.6,52.8,0.0,-1.8436502,11.2972608
2026-01-01T22:15:47.104,18.6,53.0,0.0392266,-1.8828768,11.2972608
2026-01-01T22:15:49.365,18.6,53.2,0.0,-1.8436502,11.2580342
2026-01-01T22:15:51.625,18.6,53.2,0.0,-1.8044235999999998,11.2188076
2026-01-01T22:15:53.880,18.7,53.2,0.0392266,-1.8436502,11.2972608
2026-01-01T22:15:56.141,18.6,53.1,0.0,-1.8436502,11.2972608
2026-01-01T22:15:58.396,18.6,53.0,0.0,-1.8044235999999998,11.2580342
2026-01-01T22:16:00.652,18.6,52.8,0.0392266,-1.8436502,11.2188076
2026-01-01T22:16:02.913,18.6,52.7,0.0,-1.8044235999999998,11.2580342
2026-01-01T22:16:05.173,18.6,52.6,0.0,-1.8436502,11.2580342
2026-01-01T22:16:07.433,18.7,52.5,0.0392266,-1.8436502,11.2188076
2026-01-01T22:16:09.693,18.6,52.3,-0.0392266,-1.8436502,11.2972608
2026-01-01T22:16:11.948,18.7,52.3,0.0,-1.8436502,11.3364874
2026-01-01T22:16:14.209,18.6,52.1,0.0,-1.8436502,11.3364874
2026-01-01T22:16:16.464,18.7,52.1,0.0,-1.8436502,11.2972608
2026-01-01T22:16:18.720,18.7,52.2,0.0392266,-1.8436502,11.2972608
2026-01-01T22:16:20.981,18.6,52.2,0.0,-1.8044235999999998,11.414940599999998
2026-01-01T22:16:23.241,18.7,52.5,0.0392266,-1.765197,11.2580342
2026-01-01T22:16:25.496,18.6,52.5,0.0,-1.8436502,11.2972608
2026-01-01T22:16:27.757,18.7,52.6,0.0,-1.8436502,11.2580342
2026-01-01T22:16:30.012,18.7,52.5,0.0392266,-1.8828768,11.3364874
2026-01-01T22:16:32.273,18.7,52.3,0.0,-1.8436502,11.2580342
2026-01-01T22:16:34.528,18.7,52.2,0.0,-1.8436502,11.2972608
2026-01-01T22:16:36.789,18.7,52.2,0.0,-1.8436502,11.2188076
2026-01-01T22:16:39.049,18.7,52.2,0.0392266,-1.8436502,11.2580342
2026-01-01T22:16:41.309,18.7,52.0,0.0,-1.8436502,11.2580342
2026-01-01T22:16:43.569,18.7,51.9,-0.0392266,-1.8436502,11.2580342
2026-01-01T22:16:45.829,18.7,51.7,0.0,-1.8436502,11.2972608
2026-01-01T22:16:48.084,18.6,51.5,0.0392266,-1.8436502,11.2972608
2026-01-01T22:16:50.345,18.7,51.4,0.0,-1.8436502,11.2580342
2026-01-01T22:16:52.605,18.7,51.3,0.0,-1.8044235999999998,11.2188076
2026-01-01T22:16:54.865,18.7,51.2,0.0,-1.8436502,11.3364874
2026-01-01T22:16:57.125,18.7,51.1,0.0,-1.8436502,11.2972608
2026-01-01T22:16:59.380,18.7,51.1,0.0,-1.8044235999999998,11.2972608
2026-01-01T22:17:01.636,18.7,51.0,0.0392266,-1.8436502,11.2580342
2026-01-01T22:17:03.891,18.7,50.9,0.0392266,-1.8436502,11.2580342
2026-01-01T22:17:06.147,18.7,50.6,0.0392266,-1.8436502,11.2972608
2026-01-01T22:17:08.403,18.7,50.5,0.0,-1.8436502,11.2188076
2026-01-01T22:17:10.659,18.7,50.2,0.0392266,-1.8828768,11.2972608
2026-01-01T22:17:12.914,18.7,50.0,0.0,-1.8828768,11.2580342
2026-01-01T22:17:15.170,18.7,49.8,0.0392266,-1.8828768,11.3364874
2026-01-01T22:17:17.426,18.7,49.7,0.0392266,-1.8044235999999998,11.2972608
2026-01-01T22:17:19.682,18.7,49.6,0.0,-1.8044235999999998,11.179581
2026-01-01T22:17:21.938,18.7,49.5,0.0,-1.8436502,11.2580342
2026-01-01T22:17:24.193,18.7,49.3,0.0,-1.8436502,11.375713999999999
2026-01-01T22:17:26.449,18.7,49.2,0.0392266,-1.8436502,11.2188076
2026-01-01T22:17:28.705,18.7,49.1,0.0392266,-1.8436502,11.2972608
2026-01-01T22:17:30.960,18.7,49.0,0.0,-1.8436502,11.2580342
2026-01-01T22:17:33.216,18.7,48.9,0.0,-1.8436502,11.3364874
2026-01-01T22:17:35.472,18.7,48.9,0.0392266,-1.8436502,11.2580342
2026-01-01T22:17:37.727,18.7,48.8,0.0,-1.8436502,11.2972608
2026-01-01T22:17:39.983,18.7,48.8,0.0392266,-1.8044235999999998,11.2580342
2026-01-01T22:17:42.239,18.7,48.7,0.0392266,-1.8436502,11.3364874
2026-01-01T22:17:44.494,18.7,48.7,0.0,-1.8044235999999998,11.2188076
2026-01-01T22:17:46.750,18.7,48.7,0.0,-1.9221034,11.3364874
2026-01-01T22:17:49.006,18.7,48.7,0.0,-1.8436502,11.2580342
2026-01-01T22:17:51.261,18.7,48.7,0.0,-1.8436502,11.2972608
2026-01-01T22:17:53.517,18.7,48.8,0.0,-1.8044235999999998,11.3364874
2026-01-01T22:17:55.773,18.7,48.8,0.0,-1.8436502,11.3364874
2026-01-01T22:17:58.028,18.7,48.9,0.0,-1.8436502,11.2972608
2026-01-01T22:18:00.284,18.7,48.9,0.0392266,-1.8436502,11.2580342
2026-01-01T22:18:02.540,18.7,48.9,0.0,-1.8044235999999998,11.3364874
2026-01-01T22:18:04.795,18.7,49.0,0.0,-1.8044235999999998,11.2188076
2026-01-01T22:18:07.051,18.7,49.1,0.0,-1.8044235999999998,11.2188076
2026-01-01T22:18:09.307,18.7,49.2,0.0,-1.8828768,11.3364874
2026-01-01T22:18:11.562,18.7,49.3,0.0392266,-1.8828768,11.2972608
2026-01-01T22:18:13.818,18.7,49.3,0.0,-1.8436502,11.3364874
2026-01-01T22:18:16.074,18.7,49.4,0.0392266,-1.8436502,11.2188076
2026-01-01T22:18:18.330,18.7,49.4,0.0,-1.8044235999999998,11.2188076
2026-01-01T22:18:20.585,18.7,49.4,0.0,-1.8828768,11.2972608
2026-01-01T22:18:22.841,18.7,49.4,0.0,-1.8436502,11.2972608
2026-01-01T22:18:25.097,18.7,49.4,0.0,-1.8436502,11.3364874
2026-01-01T22:18:27.353,18.7,49.4,0.0392266,-1.8828768,11.2972608
2026-01-01T22:18:29.609,18.7,49.4,0.0392266,-1.8436502,11.2580342
2026-01-01T22:18:31.864,18.7,49.3,0.0392266,-1.8436502,11.2972608
2026-01-01T22:18:34.120,18.7,49.1,0.0392266,-1.9221034,11.3364874
2026-01-01T22:18:36.376,18.7,49.0,0.0,-1.8436502,11.2188076
2026-01-01T22:18:38.632,18.7,49.0,0.0,-1.8436502,11.3364874
2026-01-01T22:18:40.887,18.7,48.9,0.0,-1.8436502,11.2580342
2026-01-01T22:18:43.143,18.7,48.8,0.0,-1.8436502,11.2188076
2026-01-01T22:18:45.399,18.7,48.7,0.0392266,-1.8436502,11.3364874
2026-01-01T22:18:47.654,18.7,48.6,0.0,-1.8436502,11.3364874
2026-01-01T22:18:49.910,18.7,48.5,0.0,-1.8436502,11.2580342
2026-01-01T22:18:52.166,18.7,48.5,0.0,-1.8436502,11.179581
2026-01-01T22:18:54.421,18.7,48.4,0.0392266,-1.8828768,11.2972608
2026-01-01T22:18:56.677,18.7,48.4,0.0,-1.8828768,11.2972608
2026-01-01T22:18:58.933,18.7,48.3,0.0,-1.8436502,11.2188076
2026-01-01T22:19:01.188,18.7,48.3,-0.0392266,-1.8044235999999998,11.2188076
2026-01-01T22:19:03.444,18.7,48.3,0.0,-1.8044235999999998,11.2188076
2026-01-01T22:19:05.699,18.7,48.2,0.0,-1.8828768,11.2972608
2026-01-01T22:19:07.955,18.7,48.2,0.0,-1.8828768,11.2972608
2026-01-01T22:19:10.210,18.7,48.2,0.0,-1.8044235999999998,11.2188076
2026-01-01T22:19:12.466,18.7,48.3,0.0392266,-1.8828768,11.2580342
2026-01-01T22:19:14.722,18.7,48.3,0.0392266,-1.8044235999999998,11.2188076
2026-01-01T22:19:16.978,18.7,48.3,0.0,-1.8436502,11.3364874
2026-01-01T22:19:19.233,18.7,48.3,0.0,-1.8828768,11.3364874
2026-01-01T22:19:21.489,18.7,48.3,0.0,-1.8436502,11.3364874
2026-01-01T22:19:23.744,18.7,48.3,0.0,-1.8436502,11.2188076
2026-01-01T22:19:26.000,18.7,48.4,0.0,-1.8828768,11.2580342
2026-01-01T22:19:28.256,18.7,48.3,0.0,-1.8436502,11.2580342
2026-01-01T22:19:30.511,18.7,48.3,0.0,-1.8828768,11.2188076
2026-01-01T22:19:32.771,18.7,48.3,0.0,-1.8828768,11.2972608
2026-01-01T22:19:35.026,18.7,48.2,0.0,-1.8828768,11.2972608
2026-01-01T22:19:37.282,18.7,48.2,0.0,-1.8044235999999998,11.2580342
2026-01-01T22:19:39.537,18.7,48.2,0.0,-1.8436502,11.2188076
2026-01-01T22:19:41.793,18.7,48.2,0.0,-1.8044235999999998,11.2580342
2026-01-01T22:19:44.053,18.7,48.2,0.0,-1.8044235999999998,11.2580342
2026-01-01T22:19:46.313,18.7,48.2,0.0,-1.8828768,11.2580342
2026-01-01T22:19:48.568,18.7,48.2,0.0392266,-1.8044235999999998,11.2188076
2026-01-01T22:19:50.829,18.7,48.1,0.0,-1.8828768,11.2188076
2026-01-01T22:19:53.089,18.7,48.1,0.0,-1.8436502,11.2580342
2026-01-01T22:19:55.344,18.7,48.0,0.0,-1.8436502,11.2580342
2026-01-01T22:19:57.605,18.7,48.0,0.0392266,-1.8436502,11.3364874
2026-01-01T22:19:59.865,18.7,47.9,0.0,-1.8044235999999998,11.2188076
2026-01-01T22:20:02.120,18.7,47.9,0.0,-1.7259703999999998,11.2580342
2026-01-01T22:20:04.376,18.7,47.9,0.0392266,-1.9221034,11.2972608
2026-01-01T22:20:06.631,18.7,47.9,0.0,-1.8044235999999998,11.2972608
2026-01-01T22:20:08.889,18.7,47.9,0.0,-1.8436502,11.2580342
2026-01-01T22:20:11.149,18.7,47.9,0.0392266,-1.8436502,11.3364874
2026-01-01T22:20:13.409,18.7,48.0,0.0,-1.765197,11.2580342
2026-01-01T22:20:15.664,18.7,48.0,0.0,-1.8044235999999998,11.2972608
2026-01-01T22:20:17.920,18.7,48.0,0.0,-1.8436502,11.2580342
2026-01-01T22:20:20.181,18.7,48.0,0.0,-1.8436502,11.2972608
2026-01-01T22:20:22.441,18.7,48.0,0.0,-1.8436502,11.3364874
2026-01-01T22:20:24.696,18.7,47.9,0.0,-1.8044235999999998,11.2188076
2026-01-01T22:20:26.957,18.7,47.9,0.0,-1.8436502,11.2580342
2026-01-01T22:20:29.217,18.7,47.8,0.0,-1.8436502,11.2580342
2026-01-01T22:20:31.477,18.7,47.7,0.0,-1.8436502,11.2580342
2026-01-01T22:20:33.737,18.7,47.7,0.0392266,-1.8436502,11.3364874
2026-01-01T22:20:35.992,18.7,47.6,0.0,-1.8436502,11.2188076
2026-01-01T22:20:38.248,18.7,47.5,0.0,-1.8828768,11.3364874
2026-01-01T22:20:40.509,18.7,47.4,0.0,-1.765197,11.2188076
2026-01-01T22:20:42.769,18.7,47.4,0.0,-1.8044235999999998,11.2580342
2026-01-01T22:20:45.029,18.7,47.4,0.0392266,-1.8436502,11.2580342
2026-01-01T22:20:47.289,18.7,47.5,0.0392266,-1.8828768,11.2972608
2026-01-01T22:20:49.544,18.7,47.5,0.0,-1.8044235999999998,11.2580342
2026-01-01T22:20:51.800,18.7,47.5,0.0,-1.8828768,11.2580342
2026-01-01T22:20:54.055,18.7,47.5,0.0392266,-1.8436502,11.2972608
2026-01-01T22:20:56.310,18.7,47.5,0.0,-1.8828768,11.2580342
2026-01-01T22:20:58.569,18.7,47.5,0.0392266,-1.8828768,11.3364874
2026-01-01T22:21:00.824,18.7,47.6,0.0,-1.8436502,11.2580342
2026-01-01T22:21:03.085,18.7,47.6,0.0,-1.765197,11.2972608
2026-01-01T22:21:05.345,18.7,47.7,0.0,-1.8828768,11.2972608
2026-01-01T22:21:07.605,18.7,47.7,0.0,-1.8436502,11.2188076
2026-01-01T22:21:09.865,18.7,47.7,0.0392266,-1.8828768,11.2580342
2026-01-01T22:21:12.125,18.7,47.7,0.0392266,-1.8828768,11.2580342
2026-01-01T22:21:14.385,18.7,47.6,0.0,-1.9221034,11.2188076
2026-01-01T22:21:16.640,18.7,47.6,0.0,-1.8044235999999998,11.3364874
2026-01-01T22:21:18.896,18.7,47.6,0.0,-1.8436502,11.2972608
2026-01-01T22:21:21.157,18.7,47.6,-0.0392266,-1.8044235999999998,11.2188076
2026-01-01T22:21:23.417,18.7,47.5,0.0,-1.8436502,11.2972608
2026-01-01T22:21:25.672,18.7,47.5,0.0,-1.765197,11.2188076
2026-01-01T22:21:27.928,18.7,47.5,0.0392266,-1.8436502,11.2972608
2026-01-01T22:21:30.189,18.7,47.6,0.0,-1.8044235999999998,11.2580342
2026-01-01T22:21:32.449,18.7,47.7,0.0,-1.8828768,11.2972608
2026-01-01T22:21:34.709,18.7,47.7,0.0,-1.8436502,11.2580342
2026-01-01T22:21:36.964,18.7,47.7,0.0392266,-1.8436502,11.3364874
2026-01-01T22:21:39.220,18.7,47.7,0.0,-1.8044235999999998,11.2580342
2026-01-01T22:21:41.475,18.7,47.6,0.0392266,-1.8828768,11.2580342
2026-01-01T22:21:43.730,18.7,47.5,0.0,-1.8044235999999998,11.2580342
2026-01-01T22:21:45.986,18.7,47.5,0.0,-1.8044235999999998,11.2972608
2026-01-01T22:21:48.245,18.7,47.4,0.0,-1.8436502,11.2580342
2026-01-01T22:21:50.500,18.7,47.5,0.0,-1.8828768,11.2580342
2026-01-01T22:21:52.761,18.7,47.5,0.0,-1.8436502,11.2580342
2026-01-01T22:21:55.021,18.7,47.6,0.0,-1.8044235999999998,11.2972608
2026-01-01T22:21:57.276,18.7,47.6,0.0,-1.8436502,11.2972608
2026-01-01T22:21:59.537,18.7,47.6,0.0392266,-1.8044235999999998,11.2972608
2026-01-01T22:22:01.793,18.7,47.6,0.0392266,-1.8436502,11.2972608
2026-01-01T22:22:04.048,18.7,47.6,0.0392266,-1.8044235999999998,11.2188076
2026-01-01T22:22:06.304,18.7,47.5,0.0392266,-1.8044235999999998,11.2972608
2026-01-01T22:22:08.560,18.7,47.5,0.0,-1.8828768,11.2972608
2026-01-01T22:22:10.815,18.6,47.3,0.0392266,-1.8436502,11.3364874
2026-01-01T22:22:13.071,18.7,47.3,0.0,-1.8044235999999998,11.2580342
2026-01-01T22:22:15.327,18.7,47.1,0.0,-1.8044235999999998,11.2580342
2026-01-01T22:22:17.583,18.7,47.0,0.0392266,-1.8436502,11.2188076
2026-01-01T22:22:19.838,18.7,47.0,0.0,-1.8044235999999998,11.2580342
2026-01-01T22:22:22.094,18.7,47.0,0.0,-1.8828768,11.2972608
2026-01-01T22:22:24.350,18.7,47.0,-0.0392266,-1.8044235999999998,11.2580342
2026-01-01T22:22:26.606,18.7,47.1,0.0392266,-1.8828768,11.3364874
2026-01-01T22:22:28.861,18.7,47.3,0.0,-1.8044235999999998,11.2972608
2026-01-01T22:22:31.117,18.7,47.4,0.0392266,-1.8436502,11.2580342
2026-01-01T22:22:33.373,18.7,47.5,0.0,-1.8044235999999998,11.2972608
2026-01-01T22:22:35.628,18.7,47.5,0.0392266,-1.8044235999999998,11.2580342
2026-01-01T22:22:37.884,18.7,47.5,0.0,-1.8436502,11.2580342
2026-01-01T22:22:40.140,,,0.0,-1.8436502,11.2580342
2026-01-01T22:22:42.396,18.7,47.5,0.0392266,-1.8436502,11.2972608
2026-01-01T22:22:44.651,18.7,47.5,0.0,-1.8436502,11.3364874
2026-01-01T22:22:46.907,18.7,47.5,0.0,-1.8044235999999998,11.2580342
2026-01-01T22:22:49.163,18.7,47.5,0.0,-1.765197,11.2972608
2026-01-01T22:22:51.419,18.7,47.5,0.0392266,-1.8436502,11.2580342
2026-01-01T22:22:53.674,18.7,47.5,0.0,-1.8436502,11.2188076
2026-01-01T22:22:55.930,18.7,47.5,0.0392266,-1.8436502,11.2580342
2026-01-01T22:22:58.186,18.7,47.3,0.0,-1.8436502,11.2188076
2026-01-01T22:23:00.441,,,0.0,-1.8436502,11.2972608
2026-01-01T22:23:02.697,18.7,47.0,0.0,-1.8828768,11.2972608
2026-01-01T22:23:04.952,18.7,46.9,0.0,-1.8436502,11.3364874
2026-01-01T22:23:07.208,18.7,46.8,0.0,-1.8436502,11.2972608
2026-01-01T22:23:09.464,18.7,46.8,0.0,-1.8044235999999998,11.2188076
2026-01-01T22:23:11.720,18.7,46.8,0.0392266,-1.8828768,11.375713999999999
2026-01-01T22:23:13.975,18.7,46.9,0.0,-1.8436502,11.2580342
2026-01-01T22:23:16.231,18.7,47.0,0.0392266,-1.8828768,11.2972608
2026-01-01T22:23:18.487,18.7,47.0,0.0,-1.8044235999999998,11.2972608
2026-01-01T22:23:20.743,18.7,47.0,0.0,-1.8436502,11.2972608
2026-01-01T22:23:22.999,18.7,47.1,0.0,-1.8044235999999998,11.2188076
2026-01-01T22:23:25.254,18.7,47.1,0.0,-1.8044235999999998,11.2972608
2026-01-01T22:23:27.510,18.7,47.0,0.0,-1.8828768,11.2972608
2026-01-01T22:23:29.766,18.7,47.1,0.0,-1.8044235999999998,11.2580342
2026-01-01T22:23:32.021,18.7,47.2,0.0,-1.8436502,11.2580342
2026-01-01T22:23:34.277,18.7,47.1,0.0392266,-1.8436502,11.2580342
2026-01-01T22:23:36.533,18.7,47.0,0.0,-1.8436502,11.2580342
2026-01-01T22:23:38.788,18.7,46.9,0.0,-1.8436502,11.179581
2026-01-01T22:23:41.044,18.7,46.8,0.0,-1.8044235999999998,11.2972608
2026-01-01T22:23:43.299,18.7,46.8,0.0392266,-1.8436502,11.2972608
2026-01-01T22:23:45.555,18.7,46.8,-0.0392266,-1.8436502,11.2580342
2026-01-01T22:23:47.811,18.7,46.8,0.0392266,-1.8828768,11.2580342
2026-01-01T22:23:50.066,18.7,46.8,0.0,-1.8044235999999998,11.2972608
2026-01-01T22:23:52.322,18.7,46.7,0.0392266,-1.8044235999999998,11.3364874
2026-01-01T22:23:54.578,18.7,46.6,0.0,-1.8828768,11.2972608
2026-01-01T22:23:56.833,18.7,46.6,0.0,-1.8044235999999998,11.2972608
2026-01-01T22:23:59.088,18.7,46.5,0.0,-1.8436502,11.2972608
2026-01-01T22:24:01.344,18.7,46.5,0.0,-1.8044235999999998,11.2188076
2026-01-01T22:24:03.600,18.7,46.5,0.0,-1.8828768,11.3364874
2026-01-01T22:24:05.856,18.7,46.5,0.0,-1.8044235999999998,11.2580342
2026-01-01T22:24:08.111,18.6,46.4,0.0,-1.8828768,11.2972608
2026-01-01T22:24:10.367,18.7,46.5,0.0,-1.8436502,11.2188076
2026-01-01T22:24:12.623,18.7,46.6,-0.0392266,-1.8044235999999998,11.2580342
2026-01-01T22:24:14.879,18.7,46.6,0.0,-1.8044235999999998,11.2972608
2026-01-01T22:24:17.135,18.7,46.6,0.0,-1.765197,11.2188076
2026-01-01T22:24:19.391,18.7,46.6,0.0,-1.8828768,11.3364874
2026-01-01T22:24:21.646,18.7,46.6,0.0,-1.8828768,11.3364874
2026-01-01T22:24:23.902,18.7,46.5,0.0,-1.8436502,11.3364874
2026-01-01T22:24:26.158,18.7,46.4,0.0392266,-1.8044235999999998,11.2188076
2026-01-01T22:24:28.414,18.7,46.4,0.0392266,-1.8044235999999998,11.2580342
2026-01-01T22:24:30.669,18.7,46.4,0.0,-1.8436502,11.3364874
2026-01-01T22:24:32.925,18.7,46.2,0.0,-1.765197,11.2580342
2026-01-01T22:24:35.181,18.7,46.1,0.0392266,-1.8828768,11.3364874
2026-01-01T22:24:37.437,18.7,45.9,0.0,-1.8436502,11.3364874
2026-01-01T22:24:39.692,18.7,45.7,0.0,-1.8044235999999998,11.2580342
2026-01-01T22:24:41.948,18.7,45.5,0.0,-1.8436502,11.2580342
2026-01-01T22:24:44.204,18.7,45.5,0.0392266,-1.8436502,11.2972608
2026-01-01T22:24:46.459,18.7,45.4,0.0392266,-1.8436502,11.2972608
2026-01-01T22:24:48.715,18.7,45.4,0.0,-1.8436502,11.2580342
2026-01-01T22:24:50.971,18.7,45.4,0.0392266,-1.8436502,11.2580342
2026-01-01T22:24:53.226,18.7,45.4,0.0392266,-1.8436502,11.2580342
2026-01-01T22:24:55.482,18.7,45.4,0.0392266,-1.8044235999999998,11.2188076
2026-01-01T22:24:57.738,18.7,45.6,0.0,-1.8044235999999998,11.2580342
2026-01-01T22:24:59.994,18.7,45.8,0.0,-1.765197,11.2188076
2026-01-01T22:25:02.249,18.7,45.9,0.0,-1.8436502,11.2972608
2026-01-01T22:25:04.505,18.7,45.9,0.0,-1.8044235999999998,11.2972608
2026-01-01T22:25:06.761,,,0.0,-1.8044235999999998,11.2580342
2026-01-01T22:25:09.017,18.7,46.1,0.0392266,-1.8436502,11.2580342
2026-01-01T22:25:11.272,18.7,46.1,0.0392266,-1.8436502,11.2580342
2026-01-01T22:25:13.528,18.7,46.0,0.0,-1.8436502,11.2972608
2026-01-01T22:25:15.784,18.6,45.9,0.0392266,-1.8436502,11.3364874
2026-01-01T22:25:18.040,18.7,45.9,0.0,-1.765197,11.2972608
2026-01-01T22:25:20.295,18.7,45.6,0.0392266,-1.8828768,11.2580342
2026-01-01T22:25:22.551,18.7,45.4,0.0,-1.8828768,11.2972608
2026-01-01T22:25:24.807,18.7,45.4,0.0,-1.8044235999999998,11.2580342
2026-01-01T22:25:27.062,18.7,45.4,0.0,-1.8436502,11.2188076
2026-01-01T22:25:29.318,18.7,45.4,0.0,-1.8044235999999998,11.2580342
2026-01-01T22:25:31.574,18.7,45.4,0.0,-1.8436502,11.2972608
2026-01-01T22:25:33.830,18.7,45.4,0.0,-1.8436502,11.2580342
2026-01-01T22:25:36.086,18.7,45.4,0.0,-1.8828768,11.2972608
2026-01-01T22:25:38.341,18.6,45.3,0.0392266,-1.8044235999999998,11.2972608
2026-01-01T22:25:40.597,18.7,45.4,0.0392266,-1.8828768,11.3364874
2026-01-01T22:25:42.853,18.6,45.3,0.0,-1.8044235999999998,11.2972608
2026-01-01T22:25:45.108,18.6,45.3,0.0,-1.8044235999999998,11.2580342
2026-01-01T22:25:47.364,18.6,45.4,0.0,-1.8828768,11.2972608
2026-01-01T22:25:49.620,18.6,45.4,0.0,-1.8044235999999998,11.2580342
2026-01-01T22:25:51.875,18.7,45.7,0.0,-1.8436502,11.2188076
2026-01-01T22:25:54.131,18.6,45.8,0.0,-1.9221034,11.2972608
2026-01-01T22:25:56.387,18.6,45.8,0.0,-1.8044235999999998,11.2580342
2026-01-01T22:25:58.642,18.7,45.8,0.0,-1.8436502,11.3364874
2026-01-01T22:26:00.898,18.6,45.6,0.0392266,-1.8828768,11.2580342
2026-01-01T22:26:03.154,18.7,45.6,0.0,-1.8044235999999998,11.2188076
2026-01-01T22:26:05.410,18.7,45.4,0.0392266,-1.8436502,11.3364874
2026-01-01T22:26:07.665,18.6,45.3,0.0,-1.8436502,11.2188076
2026-01-01T22:26:09.921,18.7,45.4,0.0,-1.8044235999999998,11.2580342
2026-01-01T22:26:12.179,18.6,45.3,0.0,-1.8436502,11.2580342
2026-01-01T22:26:14.437,18.6,45.3,0.0392266,-1.8436502,11.3364874
2026-01-01T22:26:16.697,18.6,45.4,0.0392266,-1.8828768,11.2972608
2026-01-01T22:26:18.952,18.6,45.4,0.0392266,-1.8044235999999998,11.2188076
2026-01-01T22:26:21.213,18.6,45.3,0.0,-1.8436502,11.2580342
2026-01-01T22:26:23.469,18.6,45.3,0.0,-1.8436502,11.3364874
2026-01-01T22:26:25.725,18.6,45.2,0.0,-1.8436502,11.2188076
2026-01-01T22:26:27.980,18.6,45.2,0.0392266,-1.8436502,11.3364874
2026-01-01T22:26:30.236,18.6,45.0,0.0392266,-1.8828768,11.2580342
2026-01-01T22:26:32.492,18.6,44.9,0.0,-1.8044235999999998,11.2580342
2026-01-01T22:26:34.748,18.6,44.9,0.0,-1.8044235999999998,11.2580342
2026-01-01T22:26:37.004,18.7,45.0,0.0392266,-1.8436502,11.2580342
2026-01-01T22:26:39.259,18.6,44.9,0.0,-1.8044235999999998,11.2188076
2026-01-01T22:26:41.515,18.6,44.8,0.0,-1.8436502,11.2580342
2026-01-01T22:26:43.771,18.7,44.8,0.0,-1.8828768,11.2972608
2026-01-01T22:26:46.026,18.6,44.8,0.0,-1.8828768,11.3364874
2026-01-01T22:26:48.282,18.6,44.8,0.0,-1.8044235999999998,11.2580342
2026-01-01T22:26:50.538,18.6,44.9,0.0,-1.8828768,11.2580342
2026-01-01T22:26:52.793,18.6,45.0,0.0392266,-1.8436502,11.2580342
2026-01-01T22:26:55.049,18.6,45.0,0.0,-1.8436502,11.2580342
2026-01-01T22:26:57.305,18.6,45.3,0.0,-1.8828768,11.2188076
2026-01-01T22:26:59.561,18.6,45.3,0.0392266,-1.8436502,11.179581
2026-01-01T22:27:01.816,18.6,45.2,0.0,-1.8436502,11.2972608
2026-01-01T22:27:04.072,18.6,45.3,0.0,-1.8436502,11.2972608
2026-01-01T22:27:06.328,18.6,45.3,0.0392266,-1.8828768,11.2188076
2026-01-01T22:27:08.587,18.6,45.1,0.0,-1.765197,11.2580342
2026-01-01T22:27:10.842,18.6,45.0,0.0,-1.8436502,11.2972608
2026-01-01T22:27:13.098,18.6,44.9,0.0392266,-1.8828768,11.3364874
2026-01-01T22:27:15.353,18.6,45.0,0.0,-1.8436502,11.2188076
2026-01-01T22:27:17.613,18.6,45.2,0.0,-1.8044235999999998,11.2580342
2026-01-01T22:27:19.873,18.6,45.3,0.0,-1.8436502,11.2972608
2026-01-01T22:27:22.128,18.6,45.2,0.0,-1.8044235999999998,11.2972608
2026-01-01T22:27:24.385,18.6,45.1,0.0,-1.8044235999999998,11.3364874
2026-01-01T22:27:26.640,18.6,45.0,0.0,-1.8436502,11.2972608
2026-01-01T22:27:28.896,18.6,44.8,0.0,-1.765197,11.2580342
2026-01-01T22:27:31.157,18.6,44.8,0.0,-1.8436502,11.3364874
2026-01-01T22:27:33.412,18.6,44.8,0.0,-1.8044235999999998,11.2188076
2026-01-01T22:27:35.673,18.6,44.7,0.0,-1.8436502,11.2580342
2026-01-01T22:27:37.929,18.6,44.7,0.0,-1.8044235999999998,11.2188076
2026-01-01T22:27:40.189,18.6,44.7,-0.0392266,-1.8436502,11.3364874
2026-01-01T22:27:42.449,18.6,44.8,0.0,-1.8436502,11.3364874
2026-01-01T22:27:44.709,18.6,44.9,0.0,-1.8436502,11.2972608
2026-01-01T22:27:46.969,18.6,44.9,0.0,-1.8436502,11.2580342
2026-01-01T22:27:49.224,18.6,45.0,0.0392266,-1.8436502,11.3364874
2026-01-01T22:27:51.480,18.6,45.1,0.0,-1.8436502,11.2972608
2026-01-01T22:27:53.735,18.6,45.0,0.0392266,-1.8044235999999998,11.2580342
2026-01-01T22:27:55.990,18.6,44.9,0.0,-1.8044235999999998,11.3364874
2026-01-01T22:27:58.249,18.6,44.9,0.0392266,-1.8436502,11.2580342
2026-01-01T22:28:00.509,18.6,44.9,0.0,-1.8436502,11.2972608
2026-01-01T22:28:02.764,18.6,44.8,-0.0392266,-1.8044235999999998,11.2972608
2026-01-01T22:28:05.025,18.6,44.8,0.0,-1.8436502,11.375713999999999
2026-01-01T22:28:07.285,18.6,44.9,0.0392266,-1.8828768,11.375713999999999
2026-01-01T22:28:09.540,18.6,44.9,0.0,-1.8436502,11.3364874
2026-01-01T22:28:11.801,18.6,44.8,0.0392266,-1.8436502,11.2580342
2026-01-01T22:28:14.056,18.6,45.0,0.0392266,-1.8828768,11.2188076
2026-01-01T22:28:16.311,18.6,45.1,0.0,-1.8436502,11.3364874
2026-01-01T22:28:18.567,18.6,45.1,0.0,-1.8044235999999998,11.2580342
2026-01-01T22:28:20.822,18.6,45.0,-0.0392266,-1.765197,11.2972608
2026-01-01T22:28:23.081,18.6,44.9,0.0392266,-1.8436502,11.2972608
2026-01-01T22:28:25.337,18.6,44.8,0.0,-1.8436502,11.2972608
2026-01-01T22:28:27.592,18.6,44.8,0.0392266,-1.8436502,11.3364874
2026-01-01T22:28:29.853,18.6,44.7,0.0392266,-1.8828768,11.2972608
2026-01-01T22:28:32.108,18.6,44.6,0.0,-1.765197,11.2580342
2026-01-01T22:28:34.364,18.6,44.6,0.0,-1.765197,11.2580342
2026-01-01T22:28:36.625,18.6,44.6,0.0,-1.8044235999999998,11.3364874
2026-01-01T22:28:38.885,18.6,44.6,0.0,-1.8828768,11.3364874
2026-01-01T22:28:41.140,18.6,44.5,0.0392266,-1.8828768,11.2580342
2026-01-01T22:28:43.395,18.6,44.6,0.0,-1.8044235999999998,11.2188076
2026-01-01T22:28:45.651,18.6,44.6,0.0392266,-1.8828768,11.2972608
2026-01-01T22:28:47.909,18.6,44.6,0.0,-1.8044235999999998,11.2972608
2026-01-01T22:28:50.169,18.6,44.7,0.0,-1.8828768,11.3364874
2026-01-01T22:28:52.429,18.6,44.7,0.0,-1.8436502,11.2580342
2026-01-01T22:28:54.689,18.6,44.8,0.0392266,-1.8436502,11.179581
2026-01-01T22:28:56.949,18.6,44.9,0.0,-1.8044235999999998,11.2580342
2026-01-01T22:28:59.209,18.6,45.0,0.0,-1.8044235999999998,11.3364874
2026-01-01T22:29:01.464,18.6,45.1,0.0,-1.8436502,11.3364874
2026-01-01T22:29:03.725,18.6,45.1,0.0,-1.8436502,11.2580342
2026-01-01T22:29:05.980,18.6,45.1,0.0,-1.8436502,11.2188076
2026-01-01T22:29:08.241,18.6,45.3,0.0392266,-1.8044235999999998,11.2972608
2026-01-01T22:29:10.496,18.6,45.3,0.0,-1.8436502,11.3364874
2026-01-01T22:29:12.757,18.6,45.3,0.0392266,-1.8044235999999998,11.179581
2026-01-01T22:29:15.017,18.6,45.3,0.0,-1.8436502,11.2580342
2026-01-01T22:29:17.277,18.6,45.3,0.0,-1.8436502,11.2972608
2026-01-01T22:29:19.537,18.6,45.1,0.0,-1.8828768,11.2972608
2026-01-01T22:29:21.797,18.6,44.9,0.0,-1.8436502,11.2188076
2026-01-01T22:29:24.057,18.6,45.0,0.0,-1.8436502,11.2972608
2026-01-01T22:29:26.317,18.6,45.1,0.0,-1.8436502,11.3364874
2026-01-01T22:29:28.577,18.6,45.2,0.0,-1.8436502,11.2972608
2026-01-01T22:29:30.832,18.6,45.3,0.0,-1.8044235999999998,11.2580342
2026-01-01T22:29:33.093,18.6,45.3,0.0,-1.8044235999999998,11.2580342
2026-01-01T22:29:35.348,18.6,45.3,0.0,-1.8436502,11.2580342
2026-01-01T22:29:37.609,18.6,45.3,0.0,-1.8436502,11.2580342
2026-01-01T22:29:39.869,18.6,45.4,0.0,-1.8044235999999998,11.2972608
2026-01-01T22:29:42.124,18.6,45.3,0.0392266,-1.8436502,11.2972608
2026-01-01T22:29:44.385,18.6,45.3,0.0392266,-1.8828768,11.2972608
2026-01-01T22:29:46.645,18.6,45.3,0.0,-1.8436502,11.2580342
2026-01-01T22:29:48.900,18.6,45.0,0.0392266,-1.8044235999999998,11.2972608
2026-01-01T22:29:51.155,18.6,44.9,-0.0392266,-1.8044235999999998,11.2188076
2026-01-01T22:29:53.417,18.6,44.8,0.0,-1.8044235999999998,11.2972608
2026-01-01T22:29:55.672,18.6,44.8,0.0392266,-1.8436502,11.2188076
2026-01-01T22:29:57.927,18.6,44.8,0.0,-1.8828768,11.2972608
2026-01-01T22:30:00.189,18.6,44.8,0.0,-1.8044235999999998,11.179581
2026-01-01T22:30:02.449,18.6,44.8,0.0,-1.8044235999999998,11.2188076
2026-01-01T22:30:04.709,18.6,44.7,0.0,-1.8044235999999998,11.2972608
2026-01-01T22:30:06.965,18.6,44.7,0.0392266,-1.8436502,11.3364874
2026-01-01T22:30:09.225,18.6,44.7,0.0392266,-1.8436502,11.3364874
2026-01-01T22:30:11.481,18.6,44.7,0.0,-1.8436502,11.2580342
2026-01-01T22:30:13.737,18.6,44.6,0.0,-1.8436502,11.2580342
2026-01-01T22:30:15.992,18.6,44.6,0.0,-1.8828768,11.375713999999999
2026-01-01T22:30:18.248,18.6,44.6,0.0392266,-1.8436502,11.2580342
2026-01-01T22:30:20.504,18.6,44.7,0.0392266,-1.8044235999999998,11.2188076
2026-01-01T22:30:22.760,18.6,44.7,0.0392266,-1.8828768,11.3364874
2026-01-01T22:30:25.015,18.6,44.7,0.0,-1.8828768,11.2972608
2026-01-01T22:30:27.271,18.6,44.7,0.0,-1.8044235999999998,11.2972608
2026-01-01T22:30:29.527,18.6,44.7,-0.0784532,-1.8044235999999998,11.2188076
2026-01-01T22:30:31.783,18.6,44.7,0.0,-1.8436502,11.3364874
2026-01-01T22:30:34.038,18.6,44.7,0.0,-1.8436502,11.2580342
2026-01-01T22:30:36.294,18.6,44.6,0.0,-1.8828768,11.2972608
2026-01-01T22:30:38.550,18.6,44.6,0.0,-1.8044235999999998,11.2580342
2026-01-01T22:30:40.805,18.6,44.5,0.0,-1.8436502,11.2580342
2026-01-01T22:30:43.061,18.6,44.5,0.0,-1.8044235999999998,11.2188076
2026-01-01T22:30:45.317,18.6,44.5,0.0,-1.765197,11.179581
2026-01-01T22:30:47.572,18.6,44.5,0.0,-1.8436502,11.2580342
2026-01-01T22:30:49.827,18.6,44.4,0.0392266,-1.8436502,11.2188076
2026-01-01T22:30:52.083,18.6,44.4,0.0,-1.765197,11.2580342
2026-01-01T22:30:54.338,18.6,44.3,0.0,-1.8436502,11.3364874
2026-01-01T22:30:56.594,18.6,44.3,0.0,-1.8436502,11.3364874
2026-01-01T22:30:58.850,18.6,44.3,0.0,-1.8044235999999998,11.2580342
2026-01-01T22:31:01.106,18.6,44.3,0.0,-1.8044235999999998,11.2972608
2026-01-01T22:31:03.361,18.6,44.3,0.0,-1.8828768,11.414940599999998
2026-01-01T22:31:05.619,18.6,44.3,0.0392266,-1.8436502,11.2972608
2026-01-01T22:31:07.874,18.6,44.2,0.0392266,-1.8436502,11.179581
2026-01-01T22:31:10.130,18.6,44.1,0.0,-1.8436502,11.3364874
2026-01-01T22:31:12.386,18.6,44.2,0.0392266,-1.8828768,11.2972608
2026-01-01T22:31:14.642,18.6,44.2,0.0392266,-1.8436502,11.2580342
2026-01-01T22:31:16.897,18.6,44.3,0.0392266,-1.8044235999999998,11.2188076
2026-01-01T22:31:19.153,18.6,44.2,0.0392266,-1.8828768,11.3364874
2026-01-01T22:31:21.409,18.6,44.3,0.0392266,-1.8044235999999998,11.2188076
2026-01-01T22:31:23.664,18.6,44.2,0.0392266,-1.765197,11.2580342
2026-01-01T22:31:25.920,18.6,44.2,0.0,-1.8436502,11.2580342
2026-01-01T22:31:28.176,18.6,44.3,0.0392266,-1.8828768,11.2972608
2026-01-01T22:31:30.432,18.6,44.4,0.0,-1.765197,11.2972608
2026-01-01T22:31:32.688,18.6,44.4,0.0,-1.8436502,11.2188076
2026-01-01T22:31:34.943,18.6,44.4,0.0,-1.8436502,11.2580342
2026-01-01T22:31:37.199,18.6,44.3,0.0392266,-1.8828768,11.2580342
2026-01-01T22:31:39.455,18.6,44.3,0.0,-1.8044235999999998,11.2188076
2026-01-01T22:31:41.710,18.6,44.2,0.0,-1.8044235999999998,11.2972608
2026-01-01T22:31:43.966,18.6,44.2,0.0,-1.8828768,11.2580342
2026-01-01T22:31:46.222,18.6,44.3,0.0392266,-1.8436502,11.2580342
2026-01-01T22:31:48.478,18.6,44.5,0.0,-1.8436502,11.2580342
2026-01-01T22:31:50.733,18.6,44.5,0.0392266,-1.8436502,11.2580342
2026-01-01T22:31:52.989,18.6,44.5,0.0,-1.8044235999999998,11.2972608
2026-01-01T22:31:55.244,18.6,44.5,0.0,-1.765197,11.2580342
2026-01-01T22:31:57.500,18.6,44.4,0.0,-1.765197,11.2580342
2026-01-01T22:31:59.761,18.6,44.4,0.0392266,-1.8044235999999998,11.2972608
2026-01-01T22:32:02.016,18.6,44.3,0.0,-1.8044235999999998,11.2580342
2026-01-01T22:32:04.277,18.6,44.3,0.0,-1.8044235999999998,11.2188076
2026-01-01T22:32:06.533,18.6,44.3,0.0,-1.8436502,11.2580342
2026-01-01T22:32:08.789,18.6,44.4,0.0,-1.8436502,11.2580342
2026-01-01T22:32:11.044,18.6,44.5,-0.0392266,-1.8044235999999998,11.2580342
2026-01-01T22:32:13.300,18.6,44.6,0.0,-1.8044235999999998,11.2188076
2026-01-01T22:32:15.556,18.6,44.7,0.0392266,-1.8436502,11.2580342
2026-01-01T22:32:17.812,18.6,44.7,0.0,-1.8436502,11.2580342
2026-01-01T22:32:20.067,18.6,44.7,0.0,-1.8436502,11.2972608
2026-01-01T22:32:22.323,18.6,44.6,0.0,-1.8436502,11.3364874
2026-01-01T22:32:24.579,18.6,44.6,0.0,-1.8436502,11.2188076
2026-01-01T22:32:26.835,18.6,44.5,0.0392266,-1.8436502,11.2188076
2026-01-01T22:32:29.090,18.6,44.4,0.0,-1.8436502,11.375713999999999
2026-01-01T22:32:31.346,18.6,44.3,0.0,-1.8828768,11.3364874
2026-01-01T22:32:33.602,18.6,44.3,0.0392266,-1.8044235999999998,11.2972608
2026-01-01T22:32:35.857,18.6,44.2,0.0,-1.8044235999999998,11.2188076
2026-01-01T22:32:38.113,18.6,44.1,0.0392266,-1.8436502,11.2580342
2026-01-01T22:32:40.369,18.6,44.1,0.0,-1.8044235999999998,11.2188076
2026-01-01T22:32:42.625,18.6,44.0,0.0,-1.8044235999999998,11.2188076
2026-01-01T22:32:44.880,18.6,44.0,0.0392266,-1.8436502,11.2580342
2026-01-01T22:32:47.136,18.6,44.0,0.0,-1.765197,11.2188076
2026-01-01T22:32:49.392,18.6,44.2,0.0,-1.8044235999999998,11.2972608
2026-01-01T22:32:51.647,18.6,44.3,0.0,-1.8436502,11.3364874
2026-01-01T22:32:53.903,,,0.0,-1.8436502,11.3364874
2026-01-01T22:32:56.159,18.6,44.3,0.0,-1.8436502,11.2972608
2026-01-01T22:32:58.415,18.6,44.3,0.0,-1.8828768,11.3364874
2026-01-01T22:33:00.671,18.6,44.2,0.0,-1.8436502,11.2188076
2026-01-01T22:33:02.926,18.6,44.1,0.0,-1.8828768,11.179581
2026-01-01T22:33:05.182,18.6,44.0,-0.0392266,-1.8044235999999998,11.2972608
2026-01-01T22:33:07.438,18.6,44.0,0.0,-1.8436502,11.2188076
2026-01-01T22:33:09.694,18.6,43.9,0.0,-1.8044235999999998,11.2580342
2026-01-01T22:33:11.949,18.6,43.9,0.0,-1.8044235999999998,11.2188076
2026-01-01T22:33:14.205,,,0.0,-1.8436502,11.375713999999999
2026-01-01T22:33:16.461,18.6,43.8,0.0,-1.8044235999999998,11.2188076
2026-01-01T22:33:18.716,18.6,43.8,0.0392266,-1.8044235999999998,11.2972608
2026-01-01T22:33:20.972,,,0.0,-1.8828768,11.2580342
2026-01-01T22:33:23.228,18.6,43.8,0.0392266,-1.8436502,11.2972608
2026-01-01T22:33:25.483,18.6,43.7,0.0,-1.8436502,11.2972608
2026-01-01T22:33:27.739,18.6,43.7,0.0,-1.8044235999999998,11.2580342
2026-01-01T22:33:29.995,18.6,43.7,0.0392266,-1.8828768,11.2580342
2026-01-01T22:33:32.250,18.6,43.7,0.0,-1.8436502,11.3364874
2026-01-01T22:33:34.506,18.6,43.7,0.0,-1.8436502,11.3364874
2026-01-01T22:33:36.762,18.6,43.8,0.0392266,-1.8436502,11.3364874
2026-01-01T22:33:39.018,18.6,43.8,0.0392266,-1.8436502,11.3364874
2026-01-01T22:33:41.274,18.6,43.8,0.0,-1.8436502,11.2188076
2026-01-01T22:33:43.529,18.6,43.9,0.0392266,-1.8828768,11.3364874
2026-01-01T22:33:45.785,18.6,43.9,0.0392266,-1.8436502,11.2580342
2026-01-01T22:33:48.041,18.6,43.9,0.0,-1.8044235999999998,11.2972608
2026-01-01T22:33:50.297,18.6,43.8,0.0,-1.765197,11.2580342
2026-01-01T22:33:52.552,18.6,43.8,0.0,-1.8436502,11.2972608
2026-01-01T22:33:54.808,18.6,43.8,0.0,-1.8436502,11.2580342
2026-01-01T22:33:57.064,18.6,43.8,-0.0392266,-1.8044235999999998,11.2188076
2026-01-01T22:33:59.320,18.6,43.8,0.0,-1.8436502,11.2972608
2026-01-01T22:34:01.576,18.6,43.9,0.0,-1.8436502,11.2580342
2026-01-01T22:34:03.831,18.6,44.0,0.0,-1.8436502,11.2188076
2026-01-01T22:34:06.087,18.6,44.0,0.0,-1.8436502,11.2972608
2026-01-01T22:34:08.342,18.6,44.0,0.0392266,-1.8044235999999998,11.2972608
2026-01-01T22:34:10.598,18.6,44.0,0.0,-1.8436502,11.2188076
2026-01-01T22:34:12.854,18.6,43.9,0.0,-1.8436502,11.2972608
2026-01-01T22:34:15.109,18.6,43.9,0.0,-1.8044235999999998,11.2580342
2026-01-01T22:34:17.365,18.6,43.9,0.0392266,-1.8828768,11.2580342
2026-01-01T22:34:19.621,18.6,43.8,0.0,-1.8044235999999998,11.2972608
2026-01-01T22:34:21.877,18.6,43.7,0.0,-1.8436502,11.375713999999999
2026-01-01T22:34:24.132,18.6,43.7,0.0,-1.8436502,11.375713999999999
2026-01-01T22:34:26.388,18.6,43.8,0.0392266,-1.8436502,11.2580342
2026-01-01T22:34:28.644,18.6,43.7,0.0,-1.8044235999999998,11.2580342
2026-01-01T22:34:30.899,18.6,43.7,0.0,-1.8828768,11.2972608
2026-01-01T22:34:33.155,18.6,43.7,0.0,-1.8828768,11.2580342
2026-01-01T22:34:35.411,18.6,43.6,0.0,-1.8044235999999998,11.2580342
2026-01-01T22:34:37.666,18.6,43.6,-0.0392266,-1.8436502,11.2972608
2026-01-01T22:34:39.922,18.6,43.5,0.0,-1.8044235999999998,11.2972608
2026-01-01T22:34:42.178,18.6,43.5,0.0392266,-1.8044235999999998,11.2188076
2026-01-01T22:34:44.433,18.6,43.5,0.0,-1.8044235999999998,11.2580342
2026-01-01T22:34:46.693,18.6,43.4,0.0392266,-1.8044235999999998,11.2972608
2026-01-01T22:34:48.948,18.6,43.5,0.0,-1.8436502,11.2972608
2026-01-01T22:34:51.209,18.6,43.5,0.0392266,-1.8828768,11.2580342
2026-01-01T22:34:53.464,18.6,43.6,0.0,-1.8436502,11.2188076
2026-01-01T22:34:55.725,18.6,43.6,0.0,-1.8436502,11.2972608
2026-01-01T22:34:57.981,18.6,43.6,0.0,-1.8044235999999998,11.3364874
2026-01-01T22:35:00.237,18.6,43.6,0.0392266,-1.8436502,11.2580342
2026-01-01T22:35:02.493,18.6,43.6,0.0,-1.8436502,11.2972608
2026-01-01T22:35:04.748,18.6,43.6,0.0,-1.8044235999999998,11.2972608
2026-01-01T22:35:07.004,18.6,43.6,0.0392266,-1.8828768,11.3364874
2026-01-01T22:35:09.260,18.6,43.5,0.0392266,-1.8436502,11.2580342
2026-01-01T22:35:11.515,18.6,43.5,-0.0392266,-1.8044235999999998,11.2972608
2026-01-01T22:35:13.771,18.6,43.6,0.0,-1.8828768,11.2972608
2026-01-01T22:35:16.027,18.6,43.5,0.0392266,-1.8436502,11.2580342
2026-01-01T22:35:18.282,18.6,43.5,0.0,-1.8044235999999998,11.2580342
2026-01-01T22:35:20.538,18.6,43.5,0.0392266,-1.8828768,11.2972608
2026-01-01T22:35:22.794,18.6,43.5,0.0392266,-1.8436502,11.2972608
2026-01-01T22:35:25.049,18.6,43.5,0.0,-1.8044235999999998,11.2972608
2026-01-01T22:35:27.305,18.6,43.5,0.0392266,-1.8044235999999998,11.2580342
2026-01-01T22:35:29.561,18.6,43.5,0.0,-1.8044235999999998,11.2580342
2026-01-01T22:35:31.816,18.6,43.6,0.0,-1.8044235999999998,11.2972608
2026-01-01T22:35:34.072,18.6,43.6,0.0392266,-1.8044235999999998,11.2188076
2026-01-01T22:35:36.328,18.6,43.6,0.0,-1.8044235999999998,11.2972608
2026-01-01T22:35:38.584,18.6,43.7,0.0,-1.8044235999999998,11.2580342
2026-01-01T22:35:40.839,18.6,43.6,0.0,-1.8044235999999998,11.2580342
2026-01-01T22:35:43.095,18.6,43.6,0.0,-1.8044235999999998,11.3364874
2026-01-01T22:35:45.351,18.6,43.6,0.0392266,-1.8436502,11.2580342
2026-01-01T22:35:47.607,18.6,43.6,0.0,-1.8436502,11.2580342
2026-01-01T22:35:49.863,18.6,43.5,0.0,-1.8436502,11.2188076
2026-01-01T22:35:52.118,18.6,43.5,0.0,-1.765197,11.2188076
2026-01-01T22:35:54.377,18.6,43.5,0.0392266,-1.8436502,11.2580342
2026-01-01T22:35:56.632,,,0.0,-1.8436502,11.2972608
2026-01-01T22:35:58.888,18.6,43.5,0.0,-1.8044235999999998,11.2580342
2026-01-01T22:36:01.143,18.6,43.4,0.0,-1.8828768,11.2972608
2026-01-01T22:36:03.399,18.6,43.4,0.0,-1.8828768,11.2972608
2026-01-01T22:36:05.655,18.6,43.4,0.0,-1.8436502,11.2580342
2026-01-01T22:36:07.910,18.6,43.3,0.0392266,-1.8436502,11.179581
2026-01-01T22:36:10.166,18.6,43.3,0.0,-1.8044235999999998,11.2580342
2026-01-01T22:36:12.422,18.6,43.3,0.0,-1.8436502,11.2188076
2026-01-01T22:36:14.681,18.6,43.3,0.0392266,-1.8828768,11.2188076
2026-01-01T22:36:16.941,18.6,43.3,0.0,-1.8436502,11.2580342
2026-01-01T22:36:19.197,18.6,43.3,0.0,-1.8436502,11.2188076
2026-01-01T22:36:21.457,18.6,43.3,0.0,-1.8436502,11.2188076
2026-01-01T22:36:23.717,18.6,43.3,0.0,-1.8828768,11.2972608
2026-01-01T22:36:25.977,18.6,43.3,0.0,-1.8436502,11.2580342
2026-01-01T22:36:28.232,18.6,43.3,0.0,-1.8436502,11.2580342
2026-01-01T22:36:30.493,18.6,43.2,0.0,-1.8044235999999998,11.179581
2026-01-01T22:36:32.753,18.6,43.2,0.0,-1.8436502,11.2972608
2026-01-01T22:36:35.008,18.6,43.2,0.0392266,-1.8828768,11.2972608
2026-01-01T22:36:37.264,18.6,43.2,0.0,-1.8436502,11.2580342
2026-01-01T22:36:39.525,18.6,43.3,0.0392266,-1.8436502,11.179581
2026-01-01T22:36:41.785,18.6,43.3,0.0,-1.8436502,11.2580342
2026-01-01T22:36:44.045,18.6,43.4,-0.0392266,-1.8436502,11.1403544
2026-01-01T22:36:46.305,18.6,43.4,0.0,-1.8436502,11.2580342
2026-01-01T22:36:48.560,18.6,43.4,0.0,-1.8436502,11.2188076
2026-01-01T22:36:50.816,18.6,43.4,0.0,-1.8044235999999998,11.2580342
2026-01-01T22:36:53.077,18.6,43.4,0.0,-1.8044235999999998,11.2188076
2026-01-01T22:36:55.337,18.6,43.4,0.0,-1.8436502,11.2972608
2026-01-01T22:36:57.592,18.6,43.4,0.0392266,-1.8436502,11.2580342
2026-01-01T22:36:59.848,18.6,43.4,0.0,-1.765197,11.2972608
2026-01-01T22:37:02.103,18.6,43.5,0.0,-1.765197,11.2580342
2026-01-01T22:37:04.360,18.6,43.7,0.0,-1.8828768,11.2188076
2026-01-01T22:37:06.616,18.6,44.0,0.0,-1.8044235999999998,11.2188076
2026-01-01T22:37:08.871,18.6,44.1,-0.0392266,-1.8436502,11.2188076
2026-01-01T22:37:11.126,18.6,44.1,0.0,-1.8044235999999998,11.2580342
2026-01-01T22:37:13.382,18.6,44.0,0.0,-1.8436502,11.3364874
2026-01-01T22:37:15.641,18.6,44.0,0.0,-1.8044235999999998,11.179581
2026-01-01T22:37:17.896,18.6,43.9,0.0,-1.8044235999999998,11.2580342
2026-01-01T22:37:20.157,18.6,43.8,0.0,-1.8436502,11.2580342
2026-01-01T22:37:22.417,18.6,43.8,0.0,-1.8044235999999998,11.2580342
2026-01-01T22:37:24.672,18.6,43.7,0.0392266,-1.8436502,11.2188076
2026-01-01T22:37:26.933,18.6,43.7,0.0,-1.8044235999999998,11.2972608
2026-01-01T22:37:29.188,18.6,43.6,0.0392266,-1.8044235999999998,11.2972608
2026-01-01T22:37:31.444,18.6,43.8,0.0,-1.8436502,11.375713999999999
2026-01-01T22:37:33.701,18.6,43.9,0.0,-1.8436502,11.2972608
2026-01-01T22:37:35.961,18.6,43.9,0.0,-1.8436502,11.2580342
2026-01-01T22:37:38.221,18.6,43.9,0.0,-1.8436502,11.2972608
2026-01-01T22:37:40.481,18.6,43.9,0.0,-1.8044235999999998,11.2972608
2026-01-01T22:37:42.741,18.6,43.9,0.0,-1.8044235999999998,11.2972608
2026-01-01T22:37:45.001,18.6,43.8,0.0,-1.8436502,11.2972608
2026-01-01T22:37:47.256,18.6,43.8,0.0,-1.8436502,11.2972608
2026-01-01T22:37:49.512,18.6,43.7,0.1176798,-1.8828768,11.2972608
2026-01-01T22:37:51.767,18.6,43.7,0.0,-1.8436502,11.2188076
2026-01-01T22:37:54.023,18.6,43.7,0.0,-1.8436502,11.2188076
2026-01-01T22:37:56.281,18.6,43.7,0.0,-1.8436502,11.2580342
2026-01-01T22:37:58.536,18.6,43.8,0.0,-1.8044235999999998,11.2580342
2026-01-01T22:38:00.793,18.6,43.8,0.0,-1.765197,11.2580342
2026-01-01T22:38:03.053,18.6,43.8,0.0,-1.8436502,11.2972608
2026-01-01T22:38:05.313,18.6,43.9,0.0,-1.8044235999999998,11.2188076
2026-01-01T22:38:07.568,18.6,43.9,0.0,-1.8044235999999998,11.2188076
2026-01-01T22:38:09.824,18.6,44.0,0.0,-1.8044235999999998,11.2188076
2026-01-01T22:38:12.079,18.6,44.2,0.0,-1.8436502,11.2580342
2026-01-01T22:38:14.335,18.6,44.5,0.0,-1.8436502,11.3364874
2026-01-01T22:38:16.590,18.6,44.8,0.0,-1.8828768,11.2188076
2026-01-01T22:38:18.849,18.6,45.3,0.0,-1.8436502,11.2580342
2026-01-01T22:38:21.109,18.6,45.3,0.0,-1.8044235999999998,11.2188076
2026-01-01T22:38:23.364,18.6,45.3,0.0,-1.8436502,11.2188076
2026-01-01T22:38:25.620,18.6,45.5,0.0392266,-1.8436502,11.2188076
2026-01-01T22:38:27.875,18.6,45.7,0.0,-1.8044235999999998,11.2580342
2026-01-01T22:38:30.133,18.7,45.9,0.0,-1.8044235999999998,11.2580342
2026-01-01T22:38:32.393,18.6,46.0,0.0,-1.8044235999999998,11.2188076
2026-01-01T22:38:34.653,18.6,46.3,0.0,-1.8436502,11.3364874
2026-01-01T22:38:36.908,18.7,46.6,0.0,-1.8436502,11.2580342
2026-01-01T22:38:39.169,18.7,46.8,0.0,-1.8044235999999998,11.2580342
2026-01-01T22:38:41.429,18.7,46.9,0.0,-1.8044235999999998,11.179581
2026-01-01T22:38:43.689,18.6,47.0,0.0,-1.8044235999999998,11.2580342
2026-01-01T22:38:45.944,18.7,47.0,0.0,-1.8436502,11.2580342
2026-01-01T22:38:48.205,18.7,46.9,0.0,-1.8436502,11.2580342
2026-01-01T22:38:50.465,18.6,46.7,0.0,-1.765197,11.2188076
2026-01-01T22:38:52.720,18.7,46.6,0.0,-1.8828768,11.2972608
2026-01-01T22:38:54.976,18.7,46.4,-0.0392266,-1.8436502,11.2972608
2026-01-01T22:38:57.237,18.7,46.3,0.0,-1.8436502,11.2188076
2026-01-01T22:38:59.497,18.7,46.1,0.0,-1.8436502,11.2580342
2026-01-01T22:39:01.753,18.7,45.9,0.0,-1.8436502,11.2188076
2026-01-01T22:39:04.008,18.7,45.6,0.0392266,-1.8436502,11.2580342
2026-01-01T22:39:06.264,18.7,45.4,0.0,-1.8044235999999998,11.179581
2026-01-01T22:39:08.520,18.7,45.4,0.0,-1.8044235999999998,11.2188076
2026-01-01T22:39:10.775,18.7,45.4,0.0,-1.8436502,11.2580342
2026-01-01T22:39:13.031,18.7,45.4,0.0,-1.8436502,11.2580342
2026-01-01T22:39:15.287,18.7,45.4,0.0,-1.8044235999999998,11.3364874
2026-01-01T22:39:17.543,18.7,45.5,0.0392266,-1.8436502,11.2580342
2026-01-01T22:39:19.798,18.7,45.9,-0.0392266,-1.8044235999999998,11.2580342
2026-01-01T22:39:22.054,18.7,46.0,0.0,-1.8828768,11.2580342
2026-01-01T22:39:24.310,18.7,46.1,0.0,-1.8044235999999998,11.2188076
2026-01-01T22:39:26.566,18.7,46.1,0.0,-1.8044235999999998,11.179581
2026-01-01T22:39:28.821,18.7,45.9,0.0392266,-1.8436502,11.2580342
2026-01-01T22:39:31.077,18.7,45.5,0.0,-1.8044235999999998,11.2188076
2026-01-01T22:39:33.333,18.7,45.4,0.0,-1.8044235999999998,11.1403544
2026-01-01T22:39:35.589,18.7,45.4,0.0,-1.8828768,11.2972608
2026-01-01T22:39:37.844,18.7,45.0,0.0,-1.8436502,11.2188076
2026-01-01T22:39:40.100,18.7,44.8,0.0,-1.8044235999999998,11.2580342
2026-01-01T22:39:42.357,18.7,44.6,0.0,-1.8436502,11.2580342
2026-01-01T22:39:44.613,18.7,44.5,0.0,-1.8436502,11.1403544
2026-01-01T22:39:46.868,18.7,44.4,0.0,-1.8044235999999998,11.2188076
2026-01-01T22:39:49.124,18.7,44.2,0.0392266,-1.8436502,11.2972608
2026-01-01T22:39:51.380,18.7,44.2,0.0,-1.8436502,11.2188076
2026-01-01T22:39:53.635,18.7,44.2,0.0,-1.8436502,11.179581
2026-01-01T22:39:55.890,18.7,44.1,0.0,-1.8436502,11.2580342
2026-01-01T22:39:58.146,18.7,44.2,0.0,-1.8044235999999998,11.2580342
2026-01-01T22:40:00.402,18.7,44.2,0.0,-1.8044235999999998,11.2580342
2026-01-01T22:40:02.657,18.7,44.3,0.1176798,-1.8828768,11.2972608
2026-01-01T22:40:04.913,18.7,44.3,0.0,-1.8436502,11.2188076
2026-01-01T22:40:07.169,18.6,44.3,0.0,-1.8436502,11.2188076
2026-01-01T22:40:09.424,18.7,44.5,0.0392266,-1.8436502,11.2188076
2026-01-01T22:40:11.680,18.7,44.7,0.0,-1.8436502,11.179581
2026-01-01T22:40:13.936,,,0.0392266,-1.8436502,11.2188076
2026-01-01T22:40:16.191,18.6,44.6,0.0,-1.8436502,11.2580342
2026-01-01T22:40:18.447,18.6,44.6,0.0392266,-1.765197,11.179581
2026-01-01T22:40:20.703,18.7,44.6,0.0,-1.8828768,11.2972608
2026-01-01T22:40:22.958,18.7,44.6,0.0,-1.8436502,11.2580342
2026-01-01T22:40:25.214,18.7,44.5,0.0,-1.8044235999999998,11.2188076
2026-01-01T22:40:27.470,18.7,44.4,-0.0392266,-1.8436502,11.2580342
2026-01-01T22:40:29.726,18.7,44.3,0.0,-1.8044235999999998,11.179581
2026-01-01T22:40:31.982,18.7,44.2,-0.0392266,-1.8044235999999998,11.1403544
2026-01-01T22:40:34.237,18.7,44.1,0.0,-1.8828768,11.2188076
2026-01-01T22:40:36.493,18.6,44.0,0.0392266,-1.8436502,11.2972608
2026-01-01T22:40:38.749,18.7,44.0,0.0392266,-1.8436502,11.2188076
2026-01-01T22:40:41.005,18.7,44.0,0.0,-1.8044235999999998,11.2580342
2026-01-01T22:40:43.261,18.7,43.9,0.0,-1.8436502,11.2188076
2026-01-01T22:40:45.517,18.7,43.8,0.0,-1.8828768,11.2188076
2026-01-01T22:40:47.772,18.7,43.9,0.0,-1.765197,11.179581
2026-01-01T22:40:50.028,18.6,43.8,0.0,-1.8828768,11.2580342
2026-01-01T22:40:52.284,18.6,43.7,0.0,-1.8044235999999998,11.2580342
2026-01-01T22:40:54.540,18.7,43.8,0.0,-1.8044235999999998,11.2580342
2026-01-01T22:40:56.795,18.6,43.7,0.0,-1.8436502,11.3364874
2026-01-01T22:40:59.051,18.7,43.8,0.0,-1.8044235999999998,11.2188076
2026-01-01T22:41:01.307,18.7,43.9,0.0,-1.8044235999999998,11.2580342
2026-01-01T22:41:03.562,18.7,43.9,0.0392266,-1.8436502,11.2972608
2026-01-01T22:41:05.818,18.7,43.9,0.0392266,-1.8436502,11.2188076
2026-01-01T22:41:08.074,18.7,43.8,0.0,-1.8044235999999998,11.2972608
2026-01-01T22:41:10.330,18.6,43.6,0.0392266,-1.8436502,11.2580342
2026-01-01T22:41:12.585,18.7,43.6,0.0392266,-1.8828768,11.2580342
2026-01-01T22:41:14.841,18.7,43.5,-0.0392266,-1.8044235999999998,11.179581
2026-01-01T22:41:17.097,18.7,43.5,0.0,-1.8044235999999998,11.2580342
2026-01-01T22:41:19.352,18.7,43.4,0.0,-1.8436502,11.2580342
2026-01-01T22:41:21.608,18.6,43.3,0.0392266,-1.8436502,11.2188076
2026-01-01T22:41:23.864,18.6,43.3,0.0,-1.8044235999999998,11.1403544
2026-01-01T22:41:26.119,18.7,43.3,-0.0392266,-1.8436502,11.2188076
2026-01-01T22:41:28.375,18.6,43.3,0.0,-1.8436502,11.2580342
2026-01-01T22:41:30.631,18.7,43.4,0.0,-1.8436502,11.2580342
2026-01-01T22:41:32.887,18.7,43.4,0.0,-1.8436502,11.2972608
2026-01-01T22:41:35.142,18.6,43.4,0.0,-1.8436502,11.2580342
2026-01-01T22:41:37.398,18.6,43.5,0.0,-1.8044235999999998,11.2580342
2026-01-01T22:41:39.657,18.6,43.6,0.0,-1.8436502,11.2188076
2026-01-01T22:41:41.912,18.6,43.6,0.0,-1.8436502,11.2188076
2026-01-01T22:41:44.173,18.6,43.7,0.0,-1.8044235999999998,11.2188076
2026-01-01T22:41:46.428,18.6,43.7,0.0392266,-1.8828768,11.2580342
2026-01-01T22:41:48.689,18.6,43.8,0.0,-1.8044235999999998,11.2580342
2026-01-01T22:41:50.949,18.7,43.9,0.0392266,-1.8436502,11.2972608
2026-01-01T22:41:53.209,18.6,43.8,0.0,-1.8044235999999998,11.2972608
2026-01-01T22:41:55.469,18.7,43.9,0.0,-1.8044235999999998,11.179581
2026-01-01T22:41:57.729,18.6,43.9,0.0,-1.8044235999999998,11.2188076
2026-01-01T22:41:59.984,18.6,43.9,0.0,-1.8436502,11.2580342
2026-01-01T22:42:02.245,18.6,43.9,0.0392266,-1.8436502,11.2972608
2026-01-01T22:42:04.500,18.6,43.9,0.0,-1.8044235999999998,11.2188076
2026-01-01T22:42:06.761,18.6,43.9,0.0,-1.8044235999999998,11.2188076
2026-01-01T22:42:09.021,18.6,43.9,0.0,-1.8044235999999998,11.2188076
2026-01-01T22:42:11.281,18.6,43.9,0.0,-1.8436502,11.2580342
2026-01-01T22:42:13.536,18.7,44.0,0.0,-1.8436502,11.2188076
2026-01-01T22:42:15.797,18.6,44.0,0.0,-1.8436502,11.2580342
2026-01-01T22:42:18.057,18.6,44.0,0.0,-1.8828768,11.179581
2026-01-01T22:42:20.317,18.7,44.0,0.0,-1.8436502,11.2188076
2026-01-01T22:42:22.577,18.7,43.9,0.0392266,-1.8436502,11.2188076
2026-01-01T22:42:24.837,18.6,43.8,0.0,-1.8436502,11.2972608
2026-01-01T22:42:27.092,18.6,43.7,0.0,-1.8436502,11.2580342
2026-01-01T22:42:29.353,18.6,43.7,0.0,-1.8044235999999998,11.2580342
2026-01-01T22:42:31.613,18.7,43.7,0.0392266,-1.8436502,11.2580342
2026-01-01T22:42:33.868,18.6,43.6,0.0,-1.8436502,11.2972608
2026-01-01T22:42:36.124,18.6,43.6,0.0,-1.8436502,11.2580342
2026-01-01T22:42:38.381,18.7,43.7,-0.0392266,-1.8044235999999998,11.179581
2026-01-01T22:42:40.641,18.6,43.7,0.0,-1.8436502,11.2972608
2026-01-01T22:42:42.896,18.7,43.9,0.0,-1.8436502,11.2188076
2026-01-01T22:42:45.152,18.6,43.9,0.0,-1.8044235999999998,11.2188076
2026-01-01T22:42:47.408,18.6,43.9,0.0,-1.8044235999999998,11.2972608
2026-01-01T22:42:49.663,18.6,44.0,0.0392266,-1.8436502,11.2580342
2026-01-01T22:42:51.919,18.6,44.0,0.0,-1.8044235999999998,11.2580342
2026-01-01T22:42:54.174,18.6,44.0,0.0,-1.8436502,11.3364874
2026-01-01T22:42:56.430,18.7,44.1,0.0,-1.8436502,11.2188076
2026-01-01T22:42:58.686,18.6,44.0,0.0,-1.8044235999999998,11.2188076
2026-01-01T22:43:00.941,18.6,44.0,0.0,-1.8436502,11.2972608
2026-01-01T22:43:03.197,18.6,44.0,0.0,-1.8828768,11.2188076
2026-01-01T22:43:05.453,18.7,44.0,0.0,-1.8436502,11.2580342
2026-01-01T22:43:07.708,18.7,44.1,0.0,-1.8436502,11.2972608
2026-01-01T22:43:09.964,18.6,44.0,0.0,-1.9221034,11.2972608
2026-01-01T22:43:12.220,18.7,44.1,0.0,-1.8044235999999998,11.2580342
2026-01-01T22:43:14.475,18.6,44.0,0.0,-1.8044235999999998,11.2580342
2026-01-01T22:43:16.731,18.7,44.1,0.0,-1.9221034,11.2972608
2026-01-01T22:43:18.987,18.7,44.1,0.0,-1.8044235999999998,11.2188076
2026-01-01T22:43:21.242,18.7,44.0,0.0,-1.765197,11.2972608
2026-01-01T22:43:23.498,18.7,44.0,0.0392266,-1.8436502,11.2188076
2026-01-01T22:43:25.754,18.6,44.0,0.0,-1.8044235999999998,11.1403544
2026-01-01T22:43:28.009,18.7,44.0,0.0392266,-1.8828768,11.2580342
2026-01-01T22:43:30.265,18.7,44.0,0.0,-1.8044235999999998,11.2580342
2026-01-01T22:43:32.521,18.6,43.9,0.0,-1.8044235999999998,11.2188076
2026-01-01T22:43:34.776,18.7,44.0,0.0,-1.8828768,11.2188076
2026-01-01T22:43:37.032,18.6,43.9,0.0,-1.8044235999999998,11.2188076
2026-01-01T22:43:39.288,18.7,44.0,0.0,-1.8044235999999998,11.2972608
2026-01-01T22:43:41.543,18.7,43.9,0.0392266,-1.8436502,11.2580342
2026-01-01T22:43:43.799,18.7,43.9,0.0,-1.8436502,11.2580342
2026-01-01T22:43:46.055,18.7,43.9,0.0,-1.8044235999999998,11.2580342
2026-01-01T22:43:48.311,18.7,43.9,0.0,-1.8044235999999998,11.2188076
2026-01-01T22:43:50.567,18.7,43.8,-0.0392266,-1.8044235999999998,11.179581
2026-01-01T22:43:52.822,18.7,43.9,0.0392266,-1.8044235999999998,11.179581
2026-01-01T22:43:55.078,18.7,43.9,0.0,-1.8044235999999998,11.179581
2026-01-01T22:43:57.334,18.7,44.0,0.0,-1.9221034,11.2972608
2026-01-01T22:43:59.590,18.7,44.2,0.0,-1.8436502,11.1403544
2026-01-01T22:44:01.845,18.7,44.4,0.0,-1.8436502,11.2580342
2026-01-01T22:44:04.101,18.7,44.5,0.0,-1.8044235999999998,11.1403544
2026-01-01T22:44:06.358,18.7,44.6,0.0,-1.8436502,11.2580342
2026-01-01T22:44:08.617,18.7,44.7,0.0392266,-1.8044235999999998,11.2580342
2026-01-01T22:44:10.872,18.7,44.7,0.0,-1.8044235999999998,11.2188076
2026-01-01T22:44:13.128,18.7,44.6,0.0,-1.8436502,11.2580342
2026-01-01T22:44:15.389,18.7,44.4,0.0392266,-1.8828768,11.2580342
2026-01-01T22:44:17.649,18.7,44.3,-0.0392266,-1.8436502,11.179581
2026-01-01T22:44:19.909,18.7,44.2,0.0,-1.8436502,11.2580342
2026-01-01T22:44:22.169,18.7,44.0,0.0392266,-1.8436502,11.2972608
2026-01-01T22:44:24.424,18.7,44.0,0.0392266,-1.8436502,11.179581
2026-01-01T22:44:26.680,18.7,43.9,0.0,-1.8828768,11.3364874
2026-01-01T22:44:28.935,18.7,43.9,0.0,-1.8044235999999998,11.179581
2026-01-01T22:44:31.191,18.7,43.9,0.0,-1.8828768,11.2972608
2026-01-01T22:44:33.446,18.7,44.1,0.0392266,-1.8436502,11.179581
2026-01-01T22:44:35.702,18.7,44.3,-0.0392266,-1.8436502,11.2972608
2026-01-01T22:44:37.958,18.7,44.5,0.0,-1.8044235999999998,11.1011278
2026-01-01T22:44:40.213,18.7,44.6,0.0,-1.8436502,11.2580342
2026-01-01T22:44:42.469,18.7,44.6,0.0,-1.8436502,11.179581
2026-01-01T22:44:44.725,,,0.0,-1.8044235999999998,11.1403544
2026-01-01T22:44:46.981,18.7,44.4,0.0392266,-1.8436502,11.2188076
2026-01-01T22:44:49.237,18.7,44.2,0.0,-1.8044235999999998,11.2580342
2026-01-01T22:44:51.493,18.7,44.1,0.0,-1.8044235999999998,11.2580342
2026-01-01T22:44:53.748,18.7,44.2,0.0,-1.8828768,11.2580342
2026-01-01T22:44:56.004,18.7,44.2,0.0392266,-1.8828768,11.2972608
2026-01-01T22:44:58.259,18.7,44.2,0.0,-1.8436502,11.2188076
2026-01-01T22:45:00.515,18.7,44.2,0.0,-1.765197,11.2188076
2026-01-01T22:45:02.771,18.7,44.2,0.0,-1.8828768,11.2188076
2026-01-01T22:45:05.027,18.7,44.2,0.0,-1.8044235999999998,11.2972608
2026-01-01T22:45:07.282,18.7,44.2,0.0,-1.8828768,11.2188076
2026-01-01T22:45:09.538,18.7,44.0,0.0,-1.8436502,11.179581
2026-01-01T22:45:11.794,18.7,44.0,0.0,-1.8044235999999998,11.2188076
2026-01-01T22:45:14.049,18.7,43.9,0.0,-1.8436502,11.2188076
2026-01-01T22:45:16.305,18.7,43.8,0.0,-1.8044235999999998,11.2580342
2026-01-01T22:45:18.561,18.7,43.7,0.0,-1.8044235999999998,11.2580342
2026-01-01T22:45:20.817,18.7,43.7,0.0,-1.8044235999999998,11.2580342
2026-01-01T22:45:23.072,18.7,43.6,0.0,-1.8436502,11.2580342
2026-01-01T22:45:25.328,18.7,43.6,0.0,-1.8436502,11.2580342
2026-01-01T22:45:27.584,18.7,43.6,0.0,-1.8044235999999998,11.2580342
2026-01-01T22:45:29.840,18.7,43.6,0.0,-1.8044235999999998,11.2188076
2026-01-01T22:45:32.096,18.7,43.6,0.0,-1.8044235999999998,11.2188076
2026-01-01T22:45:34.351,18.7,43.8,0.0,-1.8044235999999998,11.2188076
2026-01-01T22:45:36.607,18.7,43.9,0.0,-1.9221034,11.2972608
2026-01-01T22:45:38.863,18.7,44.0,0.0,-1.8436502,11.2188076
2026-01-01T22:45:41.119,18.7,44.2,0.0,-1.8436502,11.2972608
2026-01-01T22:45:43.375,18.7,44.3,0.0,-1.8044235999999998,11.2972608
2026-01-01T22:45:45.630,18.7,44.4,0.0,-1.8044235999999998,11.2580342
2026-01-01T22:45:47.886,18.7,44.4,0.0,-1.8828768,11.2188076
2026-01-01T22:45:50.142,18.7,44.4,0.0,-1.8828768,11.2972608
2026-01-01T22:45:52.398,18.7,44.4,0.0392266,-1.8436502,11.179581
2026-01-01T22:45:54.654,18.7,44.3,0.0,-1.8436502,11.2188076
2026-01-01T22:45:56.909,18.7,44.2,0.0,-1.8436502,11.2188076
2026-01-01T22:45:59.165,18.7,44.2,0.0,-1.8044235999999998,11.2580342
2026-01-01T22:46:01.421,18.7,44.2,0.0,-1.8436502,11.2580342
2026-01-01T22:46:03.677,18.7,44.2,0.0,-1.8436502,11.2188076
2026-01-01T22:46:05.932,18.7,44.2,0.0392266,-1.8436502,11.2972608
2026-01-01T22:46:08.188,18.7,44.2,0.0,-1.8044235999999998,11.2972608
2026-01-01T22:46:10.444,18.7,44.2,0.0392266,-1.8436502,11.2972608
2026-01-01T22:46:12.700,18.7,44.2,0.0392266,-1.8044235999999998,11.2580342
2026-01-01T22:46:14.955,18.7,44.2,0.0,-1.8044235999999998,11.2188076
2026-01-01T22:46:17.211,18.7,44.2,0.0,-1.765197,11.2580342
2026-01-01T22:46:19.467,18.7,44.1,0.0,-1.8436502,11.2972608
2026-01-01T22:46:21.723,18.7,44.2,0.0,-1.8044235999999998,11.2188076
2026-01-01T22:46:23.978,18.7,44.1,0.0,-1.8436502,11.2188076
2026-01-01T22:46:26.234,18.7,44.1,0.0,-1.8044235999999998,11.179581
2026-01-01T22:46:28.490,18.7,44.1,0.0,-1.8828768,11.2580342
2026-01-01T22:46:30.745,18.7,44.0,0.0,-1.8044235999999998,11.179581
2026-01-01T22:46:33.001,18.7,44.0,0.0,-1.8436502,11.2580342
2026-01-01T22:46:35.257,18.7,44.0,0.0,-1.8436502,11.2188076
2026-01-01T22:46:37.513,18.7,44.0,0.0,-1.8044235999999998,11.2580342
2026-01-01T22:46:39.768,18.7,44.0,0.0,-1.8044235999999998,11.2188076
2026-01-01T22:46:42.024,18.7,44.0,0.0,-1.8044235999999998,11.2580342
2026-01-01T22:46:44.280,18.7,44.0,0.0,-1.8436502,11.179581
2026-01-01T22:46:46.536,18.7,44.0,0.0,-1.8828768,11.179581
2026-01-01T22:46:48.791,18.7,44.1,0.0,-1.8044235999999998,11.2188076
2026-01-01T22:46:51.047,18.7,44.3,-0.0392266,-1.8044235999999998,11.179581
2026-01-01T22:46:53.303,18.7,44.3,0.0,-1.8436502,11.2972608
2026-01-01T22:46:55.559,18.7,44.3,0.0,-1.8044235999999998,11.2188076
2026-01-01T22:46:57.814,18.7,44.3,0.0,-1.8828768,11.3364874
2026-01-01T22:47:00.070,18.7,44.2,0.0,-1.8436502,11.2580342
2026-01-01T22:47:02.325,18.7,44.2,0.0,-1.8436502,11.2188076
2026-01-01T22:47:04.581,18.7,44.1,0.0,-1.8044235999999998,11.2188076
2026-01-01T22:47:06.836,18.7,44.1,0.0,-1.8828768,11.2972608
2026-01-01T22:47:09.097,18.7,44.0,0.0,-1.8044235999999998,11.2188076
2026-01-01T22:47:11.352,18.7,44.0,0.0,-1.8436502,11.2188076
2026-01-01T22:47:13.607,18.7,44.1,0.0,-1.8436502,11.2972608
2026-01-01T22:47:15.869,18.7,44.3,0.0,-1.8436502,11.2188076
2026-01-01T22:47:18.124,18.7,44.4,0.0,-1.8044235999999998,11.2580342
2026-01-01T22:47:20.385,18.7,44.4,0.0,-1.8436502,11.179581
2026-01-01T22:47:22.645,18.7,44.6,0.0,-1.8044235999999998,11.2580342
2026-01-01T22:47:24.905,18.7,44.7,0.0,-1.8828768,11.3364874
2026-01-01T22:47:27.160,18.7,44.9,0.0,-1.8436502,11.179581
2026-01-01T22:47:29.421,18.7,44.9,0.0,-1.8828768,11.179581
2026-01-01T22:47:31.676,18.7,45.0,0.0,-1.8436502,11.179581
2026-01-01T22:47:33.937,18.7,44.9,0.0,-1.8044235999999998,11.2972608
2026-01-01T22:47:36.192,18.7,44.7,0.0,-1.8044235999999998,11.2188076
2026-01-01T22:47:38.448,18.7,44.6,0.0,-1.765197,11.2580342
2026-01-01T22:47:40.709,18.7,44.4,0.0,-1.8436502,11.2580342
2026-01-01T22:47:42.969,18.7,44.3,0.0392266,-1.8436502,11.2188076
2026-01-01T22:47:45.229,18.7,44.2,-0.0392266,-1.8044235999999998,11.2580342
2026-01-01T22:47:47.489,18.7,44.2,0.0,-1.8436502,11.2972608
2026-01-01T22:47:49.749,18.7,44.2,0.0,-1.8436502,11.2580342
2026-01-01T22:47:52.004,18.7,44.2,0.0,-1.8436502,11.2188076
2026-01-01T22:47:54.265,18.7,44.1,0.0,-1.8436502,11.2580342
2026-01-01T22:47:56.525,18.7,44.0,0.0,-1.8436502,11.2188076
2026-01-01T22:47:58.785,18.7,44.0,0.0,-1.8436502,11.2580342
2026-01-01T22:48:01.045,18.7,44.0,0.0392266,-1.8828768,11.2972608
2026-01-01T22:48:03.300,18.7,44.0,0.0,-1.8436502,11.2580342
2026-01-01T22:48:05.555,18.7,44.0,0.0,-1.8436502,11.3364874
2026-01-01T22:48:07.811,18.7,43.9,0.0,-1.8436502,11.2972608
2026-01-01T22:48:10.069,18.7,43.9,0.0392266,-1.8436502,11.179581
2026-01-01T22:48:12.329,18.7,43.8,0.0,-1.8044235999999998,11.2188076
2026-01-01T22:48:14.589,18.7,43.8,0.0,-1.8044235999999998,11.2188076
2026-01-01T22:48:16.849,18.7,43.8,0.0,-1.8044235999999998,11.2580342
2026-01-01T22:48:19.109,18.7,43.8,0.0,-1.765197,11.2188076
2026-01-01T22:48:21.364,18.7,43.8,0.0,-1.8044235999999998,11.2188076
2026-01-01T22:48:23.625,18.7,43.7,0.0,-1.8044235999999998,11.2580342
2026-01-01T22:48:25.880,18.7,43.7,0.0,-1.8044235999999998,11.2188076
2026-01-01T22:48:28.141,18.7,43.7,0.0,-1.8828768,11.2188076
2026-01-01T22:48:30.396,18.7,43.7,0.0392266,-1.8828768,11.2580342
2026-01-01T22:48:32.657,18.7,43.7,0.0,-1.8436502,11.2972608
2026-01-01T22:48:34.912,18.7,43.7,0.0,-1.8044235999999998,11.179581
2026-01-01T22:48:37.173,18.7,43.7,0.0,-1.8828768,11.2972608
2026-01-01T22:48:39.428,18.7,43.7,0.0,-1.8828768,11.2580342
2026-01-01T22:48:41.684,18.7,43.7,0.0,-1.765197,11.2580342
2026-01-01T22:48:43.939,18.7,43.7,0.0,-1.8436502,11.2188076
2026-01-01T22:48:46.195,18.7,43.7,0.0,-1.8436502,11.2580342
2026-01-01T22:48:48.453,18.7,43.6,0.0392266,-1.8044235999999998,11.2580342
2026-01-01T22:48:50.713,18.7,43.7,0.0,-1.8436502,11.2972608
2026-01-01T22:48:52.973,18.7,43.7,0.0,-1.8828768,11.2972608
2026-01-01T22:48:55.229,18.7,43.7,0.0,-1.8436502,11.1011278
2026-01-01T22:48:57.484,18.7,43.7,0.0,-1.8436502,11.2972608
2026-01-01T22:48:59.740,18.7,43.7,0.0,-1.8828768,11.2188076
2026-01-01T22:49:01.996,18.7,43.7,0.0392266,-1.8828768,11.2580342
2026-01-01T22:49:04.252,18.7,43.7,0.0,-1.8436502,11.2188076
2026-01-01T22:49:06.508,18.7,43.7,0.0,-1.8044235999999998,11.2188076
2026-01-01T22:49:08.763,18.7,43.7,0.0392266,-1.8436502,11.2972608
2026-01-01T22:49:11.019,18.7,43.7,0.0392266,-1.8828768,11.2972608
2026-01-01T22:49:13.275,18.7,43.7,0.0392266,-1.8828768,11.2580342
2026-01-01T22:49:15.530,18.7,43.6,0.0,-1.8044235999999998,11.179581
2026-01-01T22:49:17.786,18.7,43.5,0.0,-1.9221034,11.2972608
2026-01-01T22:49:20.042,18.7,43.5,0.0,-1.8044235999999998,11.2580342
2026-01-01T22:49:22.297,18.7,43.4,0.0,-1.8436502,11.2972608
2026-01-01T22:49:24.553,18.7,43.4,0.0,-1.8044235999999998,11.2580342
2026-01-01T22:49:26.809,18.7,43.4,0.0,-1.8044235999999998,11.3364874
2026-01-01T22:49:29.065,18.7,43.5,0.0392266,-1.8044235999999998,11.2580342
2026-01-01T22:49:31.320,18.7,43.5,0.0,-1.8828768,11.2972608
2026-01-01T22:49:33.576,18.7,43.5,0.0,-1.8828768,11.2188076
2026-01-01T22:49:35.832,18.7,43.6,0.0,-1.8044235999999998,11.2580342
2026-01-01T22:49:38.088,18.7,43.6,0.0,-1.8436502,11.2188076
2026-01-01T22:49:40.344,18.7,43.6,0.0,-1.8436502,11.2972608
2026-01-01T22:49:42.599,18.7,43.6,0.0,-1.8436502,11.2188076
2026-01-01T22:49:44.855,18.7,43.5,0.0,-1.8436502,11.2188076
2026-01-01T22:49:47.111,18.7,43.4,0.0,-1.8436502,11.2972608
2026-01-01T22:49:49.367,18.7,43.4,0.0,-1.8436502,11.2188076
2026-01-01T22:49:51.623,18.7,43.3,0.0,-1.8828768,11.3364874
2026-01-01T22:49:53.879,,,0.0392266,-1.8044235999999998,11.179581
2026-01-01T22:49:56.134,18.7,43.2,0.0,-1.8436502,11.2972608
2026-01-01T22:49:58.390,18.7,43.2,0.0,-1.8044235999999998,11.2188076
2026-01-01T22:50:00.646,18.7,43.2,0.0,-1.8044235999999998,11.2580342
2026-01-01T22:50:02.901,18.7,43.3,0.0,-1.8044235999999998,11.179581
2026-01-01T22:50:05.157,18.7,43.4,0.0,-1.8828768,11.2188076
2026-01-01T22:50:07.413,18.7,43.5,0.0,-1.8436502,11.2580342
2026-01-01T22:50:09.668,18.7,43.4,0.0,-1.8436502,11.2188076
2026-01-01T22:50:11.924,18.7,43.3,0.0,-1.8044235999999998,11.179581
2026-01-01T22:50:14.180,18.7,43.2,0.0,-1.8044235999999998,11.2580342
2026-01-01T22:50:16.435,18.7,43.0,0.0,-1.8436502,11.2188076
2026-01-01T22:50:18.690,18.7,42.9,0.0,-1.8044235999999998,11.2188076
2026-01-01T22:50:20.946,18.7,42.8,0.0392266,-1.8828768,11.2972608
2026-01-01T22:50:23.202,18.7,42.8,0.0,-1.8044235999999998,11.2580342
2026-01-01T22:50:25.458,18.7,42.7,0.0,-1.8436502,11.2580342
2026-01-01T22:50:27.714,18.7,42.7,0.0,-1.8436502,11.2972608
2026-01-01T22:50:29.969,18.7,42.6,0.0,-1.8828768,11.2580342
2026-01-01T22:50:32.225,18.7,42.6,0.0,-1.8436502,11.1403544
2026-01-01T22:50:34.481,18.7,42.5,0.0,-1.8044235999999998,11.2188076
2026-01-01T22:50:36.737,18.7,42.5,0.0,-1.8828768,11.2580342
2026-01-01T22:50:38.992,18.7,42.5,0.0,-1.8436502,11.2972608
2026-01-01T22:50:41.248,18.7,42.6,0.0,-1.8436502,11.2580342
2026-01-01T22:50:43.504,18.7,42.6,0.0,-1.8436502,11.2188076
2026-01-01T22:50:45.759,18.7,42.7,-0.0392266,-1.8044235999999998,11.2188076
2026-01-01T22:50:48.015,18.7,42.8,0.0,-1.765197,11.2188076
2026-01-01T22:50:50.271,18.7,42.8,-0.0392266,-1.8044235999999998,11.2972608
2026-01-01T22:50:52.527,18.7,42.9,0.0392266,-1.8436502,11.2580342
2026-01-01T22:50:54.783,18.7,43.0,0.0,-1.8436502,11.2580342
2026-01-01T22:50:57.038,18.7,43.0,0.0,-1.8044235999999998,11.2580342
2026-01-01T22:50:59.294,18.7,43.1,0.0,-1.8044235999999998,11.179581
2026-01-01T22:51:01.550,18.7,43.1,0.0392266,-1.8828768,11.2580342
2026-01-01T22:51:03.806,18.7,43.2,0.0,-1.8436502,11.2580342
2026-01-01T22:51:06.061,18.7,43.2,0.0,-1.8044235999999998,11.2580342
2026-01-01T22:51:08.317,18.6,43.2,0.0392266,-1.8828768,11.2580342
2026-01-01T22:51:10.573,18.7,43.3,0.0,-1.765197,11.2580342
2026-01-01T22:51:12.828,18.7,43.2,0.0,-1.8436502,11.2580342
2026-01-01T22:51:15.084,18.7,43.2,0.0,-1.8044235999999998,11.2188076
2026-01-01T22:51:17.340,18.7,43.1,0.0,-1.8436502,11.2580342
2026-01-01T22:51:19.596,18.7,43.0,0.0,-1.8436502,11.2188076
2026-01-01T22:51:21.851,18.7,42.9,0.0,-1.8436502,11.2188076
2026-01-01T22:51:24.107,18.7,42.9,0.0,-1.8044235999999998,11.2580342
2026-01-01T22:51:26.363,18.7,42.8,0.0,-1.8436502,11.179581
2026-01-01T22:51:28.619,18.7,42.8,0.0,-1.8828768,11.2580342
2026-01-01T22:51:30.874,18.7,42.8,0.0392266,-1.8828768,11.179581
2026-01-01T22:51:33.130,18.7,42.8,0.0,-1.8044235999999998,11.2188076
2026-01-01T22:51:35.386,18.7,42.8,0.0,-1.8828768,11.2580342
2026-01-01T22:51:37.645,18.7,42.7,0.0,-1.8436502,11.2188076
2026-01-01T22:51:39.900,18.7,42.7,0.0,-1.8044235999999998,11.2580342
2026-01-01T22:51:42.155,18.7,42.7,0.0392266,-1.9221034,11.2188076
2026-01-01T22:51:44.417,18.7,42.6,-0.0392266,-1.8436502,11.2188076
2026-01-01T22:51:46.672,18.7,42.6,0.0,-1.8436502,11.2580342
2026-01-01T22:51:48.933,18.7,42.6,0.0,-1.8436502,11.2580342
2026-01-01T22:51:51.193,18.7,42.5,0.0,-1.8044235999999998,11.2580342
2026-01-01T22:51:53.453,18.7,42.5,-0.0392266,-1.8044235999999998,11.2188076
2026-01-01T22:51:55.713,18.6,42.5,0.0,-1.8044235999999998,11.2188076
2026-01-01T22:51:57.968,18.7,42.6,0.0,-1.8436502,11.2580342
2026-01-01T22:52:00.224,18.7,42.6,0.0,-1.8044235999999998,11.2580342
2026-01-01T22:52:02.485,,,0.0,-1.8436502,11.2188076
2026-01-01T22:52:04.745,18.7,42.6,0.0,-1.8044235999999998,11.2188076
2026-01-01T22:52:07.000,18.7,42.5,0.0,-1.8044235999999998,11.179581
2026-01-01T22:52:09.261,18.7,42.5,0.0,-1.8436502,11.2580342
2026-01-01T22:52:11.521,18.7,42.5,0.0,-1.8436502,11.2580342
2026-01-01T22:52:13.776,18.7,42.5,0.0,-1.8436502,11.2188076
2026-01-01T22:52:16.037,18.7,42.5,0.0,-1.8828768,11.2972608
2026-01-01T22:52:18.292,18.7,42.6,0.0,-1.8436502,11.375713999999999
2026-01-01T22:52:20.553,18.7,42.6,0.0,-1.8436502,11.2972608
2026-01-01T22:52:22.808,18.7,42.6,0.0,-1.8828768,11.2972608
2026-01-01T22:52:25.069,18.7,42.6,0.0,-1.8436502,11.179581
2026-01-01T22:52:27.324,18.7,42.5,0.0,-1.8436502,11.2972608
2026-01-01T22:52:29.585,18.7,42.5,0.0,-1.8828768,11.2580342
2026-01-01T22:52:31.845,18.7,42.7,0.0,-1.8044235999999998,11.2188076
2026-01-01T22:52:34.105,18.7,42.8,0.0,-1.8828768,11.2580342
2026-01-01T22:52:36.365,18.7,42.9,0.0,-1.8436502,11.2972608
2026-01-01T22:52:38.625,18.7,43.2,0.0392266,-1.8436502,11.2580342
2026-01-01T22:52:40.885,18.7,43.4,0.0,-1.8044235999999998,11.2580342
2026-01-01T22:52:43.145,18.7,43.5,0.0,-1.8828768,11.2580342
2026-01-01T22:52:45.405,18.7,43.5,-0.0392266,-1.765197,11.2188076
2026-01-01T22:52:47.660,18.7,43.4,0.0,-1.8436502,11.2580342
2026-01-01T22:52:49.916,18.7,43.2,0.0,-1.8044235999999998,11.2972608
2026-01-01T22:52:52.177,18.7,43.1,0.0,-1.8436502,11.2188076
2026-01-01T22:52:54.432,18.7,43.0,0.0,-1.8436502,11.3364874
2026-01-01T22:52:56.693,18.7,42.8,-0.0392266,-1.8436502,11.2972608
2026-01-01T22:52:58.948,18.7,42.8,0.0392266,-1.8436502,11.2188076
2026-01-01T22:53:01.204,18.7,42.8,0.0,-1.8044235999999998,11.2188076
2026-01-01T22:53:03.459,18.7,42.7,0.0392266,-1.8436502,11.2580342
2026-01-01T22:53:05.721,18.7,42.7,0.0,-1.8436502,11.2188076
2026-01-01T22:53:07.981,18.7,42.6,0.0,-1.8044235999999998,11.2188076
2026-01-01T22:53:10.236,18.7,42.5,0.0,-1.8436502,11.2972608
2026-01-01T22:53:12.497,18.7,42.5,0.0,-1.8436502,11.2972608
2026-01-01T22:53:14.757,18.7,42.5,0.0,-1.8044235999999998,11.2188076
2026-01-01T22:53:17.017,18.7,42.5,0.0,-1.8044235999999998,11.179581
2026-01-01T22:53:19.272,18.7,42.6,0.0,-1.8044235999999998,11.2972608
2026-01-01T22:53:21.533,18.6,42.5,0.0,-1.8044235999999998,11.2188076
2026-01-01T22:53:23.793,18.7,42.6,0.0392266,-1.8828768,11.2972608
2026-01-01T22:53:26.053,18.7,42.6,0.0,-1.8828768,11.2580342
2026-01-01T22:53:28.313,18.7,42.7,0.0,-1.8044235999999998,11.2188076
2026-01-01T22:53:30.573,18.6,42.7,0.0,-1.8828768,11.3364874
2026-01-01T22:53:32.833,18.7,42.7,0.0,-1.8436502,11.2580342
2026-01-01T22:53:35.088,18.7,42.7,0.0,-1.8044235999999998,11.2580342
2026-01-01T22:53:37.343,18.6,42.7,0.0,-1.8828768,11.2580342
2026-01-01T22:53:39.599,18.7,42.8,0.0,-1.8436502,11.179581
2026-01-01T22:53:41.857,18.7,42.9,0.0,-1.8436502,11.2580342
2026-01-01T22:53:44.112,18.7,42.9,0.0,-1.8436502,11.2188076
2026-01-01T22:53:46.373,18.7,42.9,0.0392266,-1.8828768,11.3364874
2026-01-01T22:53:48.633,18.7,42.9,0.0,-1.8044235999999998,11.2188076
2026-01-01T22:53:50.893,18.7,43.0,0.0,-1.8436502,11.2580342
2026-01-01T22:53:53.153,18.7,43.0,0.0,-1.8044235999999998,11.2580342
2026-01-01T22:53:55.408,18.7,43.0,0.0,-1.8436502,11.2580342
2026-01-01T22:53:57.669,18.7,43.0,0.0,-1.8436502,11.2972608
2026-01-01T22:53:59.929,18.7,43.1,0.0,-1.8436502,11.179581
2026-01-01T22:54:02.184,18.7,43.0,0.0,-1.765197,11.179581
2026-01-01T22:54:04.445,18.7,43.0,0.0,-1.8436502,11.2188076
2026-01-01T22:54:06.705,18.7,42.9,0.0,-1.8828768,11.2188076
2026-01-01T22:54:08.965,18.7,42.7,0.0,-1.8044235999999998,11.2188076
2026-01-01T22:54:11.225,18.7,42.7,0.0,-1.8436502,11.2972608
2026-01-01T22:54:13.480,18.7,42.6,0.0,-1.8436502,11.2972608
2026-01-01T22:54:15.736,18.7,42.5,0.0392266,-1.8436502,11.2580342
2026-01-01T22:54:17.997,18.7,42.4,0.0,-1.8436502,11.2972608
2026-01-01T22:54:20.257,18.7,42.3,0.0,-1.8044235999999998,11.2972608
2026-01-01T22:54:22.517,18.7,42.4,0.0,-1.8044235999999998,11.2580342
2026-01-01T22:54:24.777,18.7,42.4,0.0,-1.8436502,11.2580342
2026-01-01T22:54:27.032,18.7,42.5,-0.0392266,-1.8044235999999998,11.2580342
2026-01-01T22:54:29.288,18.7,42.6,0.0392266,-1.8044235999999998,11.2580342
2026-01-01T22:54:31.549,18.7,42.7,0.0392266,-1.8044235999999998,11.179581
2026-01-01T22:54:33.809,18.7,42.7,0.0,-1.8436502,11.2580342
2026-01-01T22:54:36.069,18.6,42.6,0.0,-1.8828768,11.2972608
2026-01-01T22:54:38.329,18.7,42.7,0.0,-1.8044235999999998,11.179581
2026-01-01T22:54:40.589,18.7,42.6,-0.0392266,-1.8044235999999998,11.2188076
2026-01-01T22:54:42.844,18.7,42.6,0.0,-1.8436502,11.2580342
2026-01-01T22:54:45.105,18.7,42.5,0.0,-1.8436502,11.2580342
2026-01-01T22:54:47.365,18.7,42.5,0.0,-1.8044235999999998,11.179581
2026-01-01T22:54:49.625,18.6,42.4,0.0,-1.8828768,11.179581
2026-01-01T22:54:51.885,18.7,42.4,0.0,-1.8044235999999998,11.2580342
2026-01-01T22:54:54.145,18.6,42.4,0.0,-1.765197,11.2580342
2026-01-01T22:54:56.405,18.7,42.5,0.0,-1.8436502,11.3364874
2026-01-01T22:54:58.660,18.7,42.5,0.0,-1.8044235999999998,11.2580342
2026-01-01T22:55:00.916,18.7,42.5,0.0392266,-1.8044235999999998,11.2188076
2026-01-01T22:55:03.177,18.7,42.5,0.0,-1.8044235999999998,11.2972608
2026-01-01T22:55:05.437,18.7,42.6,0.0,-1.8044235999999998,11.2972608
2026-01-01T22:55:07.697,18.6,42.5,0.0,-1.8044235999999998,11.2580342
2026-01-01T22:55:09.952,18.6,42.5,0.0,-1.8436502,11.2972608
2026-01-01T22:55:12.207,18.7,42.6,0.0392266,-1.765197,11.2188076
2026-01-01T22:55:14.469,18.7,42.6,0.0,-1.8044235999999998,11.2580342
2026-01-01T22:55:16.729,18.7,42.5,0.0,-1.8436502,11.179581
2026-01-01T22:55:18.989,18.7,42.6,0.0,-1.8436502,11.2580342
2026-01-01T22:55:21.249,18.7,42.6,0.0,-1.8044235999999998,11.2188076
2026-01-01T22:55:23.504,18.7,42.5,0.0,-1.8436502,11.2580342
2026-01-01T22:55:25.765,18.7,42.5,0.0,-1.8436502,11.2580342
2026-01-01T22:55:28.020,18.7,42.5,0.0,-1.8828768,11.2972608
2026-01-01T22:55:30.276,18.7,42.5,0.0,-1.8436502,11.2580342
2026-01-01T22:55:32.531,18.7,42.5,0.0,-1.8044235999999998,11.2972608
2026-01-01T22:55:34.793,18.7,42.4,0.0,-1.8828768,11.2580342
2026-01-01T22:55:37.048,18.7,42.4,0.0,-1.8436502,11.2188076
2026-01-01T22:55:39.309,18.6,42.3,0.0392266,-1.8044235999999998,11.2580342
2026-01-01T22:55:41.564,18.6,42.3,0.0392266,-1.8828768,11.2972608
2026-01-01T22:55:43.820,18.7,42.3,0.0,-1.8436502,11.2580342
2026-01-01T22:55:46.081,18.7,42.3,0.0,-1.8436502,11.2188076
2026-01-01T22:55:48.341,18.7,42.3,0.0392266,-1.8828768,11.2972608
2026-01-01T22:55:50.596,18.7,42.3,0.0,-1.8044235999999998,11.2972608
2026-01-01T22:55:52.857,18.7,42.3,0.0,-1.8436502,11.2580342
2026-01-01T22:55:55.112,18.7,42.3,0.0,-1.8436502,11.2188076
2026-01-01T22:55:57.373,18.7,42.3,0.0,-1.8044235999999998,11.179581
2026-01-01T22:55:59.633,18.7,42.3,0.0,-1.8044235999999998,11.2580342
2026-01-01T22:56:01.893,18.7,42.3,0.0,-1.8436502,11.2580342
2026-01-01T22:56:04.153,18.7,42.3,0.0,-1.8044235999999998,11.2188076
2026-01-01T22:56:06.413,18.7,42.3,0.0,-1.8044235999999998,11.2580342
2026-01-01T22:56:08.669,18.7,42.4,0.0392266,-1.8436502,11.2972608
2026-01-01T22:56:10.929,18.7,42.3,0.0,-1.8436502,11.2580342
2026-01-01T22:56:13.184,18.6,42.3,0.0,-1.8436502,11.2188076
2026-01-01T22:56:15.445,18.7,42.4,0.0,-1.8044235999999998,11.2580342
2026-01-01T22:56:17.705,18.7,42.4,0.0,-1.8044235999999998,11.2580342
2026-01-01T22:56:19.965,18.6,42.4,0.0,-1.8044235999999998,11.2188076
2026-01-01T22:56:22.225,18.7,42.6,0.0,-1.8044235999999998,11.2972608
2026-01-01T22:56:24.485,18.7,42.6,0.0,-1.8044235999999998,11.2188076
2026-01-01T22:56:26.740,18.7,42.5,0.0,-1.8044235999999998,11.2188076
2026-01-01T22:56:29.001,18.7,42.5,0.0,-1.8436502,11.2580342
2026-01-01T22:56:31.256,18.7,42.4,0.0,-1.8436502,11.2972608
2026-01-01T22:56:33.517,18.6,42.3,0.0,-1.8436502,11.2972608
2026-01-01T22:56:35.777,18.7,42.3,0.0,-1.8436502,11.2188076
2026-01-01T22:56:38.037,18.7,42.3,-0.0392266,-1.8044235999999998,11.179581
2026-01-01T22:56:40.297,18.7,42.3,0.0,-1.8436502,11.2188076
2026-01-01T22:56:42.552,18.7,42.3,0.0,-1.8436502,11.2580342
2026-01-01T22:56:44.813,18.7,42.2,0.0392266,-1.8828768,11.3364874
2026-01-01T22:56:47.073,18.6,42.1,0.0,-1.8044235999999998,11.2972608
2026-01-01T22:56:49.333,18.7,42.1,0.0,-1.8436502,11.2188076
2026-01-01T22:56:51.588,18.7,42.1,0.0,-1.8044235999999998,11.2188076
2026-01-01T22:56:53.849,18.7,42.0,0.0,-1.8044235999999998,11.179581
2026-01-01T22:56:56.104,18.6,41.9,0.0,-1.8044235999999998,11.2580342
2026-01-01T22:56:58.360,18.7,42.0,0.0392266,-1.8436502,11.2580342
2026-01-01T22:57:00.621,18.7,42.1,0.0392266,-1.8436502,11.2972608
2026-01-01T22:57:02.876,18.7,42.3,0.0,-1.8044235999999998,11.179581
2026-01-01T22:57:05.132,18.7,42.4,0.0,-1.8436502,11.2188076
2026-01-01T22:57:07.393,18.7,42.5,0.0,-1.8436502,11.2580342
2026-01-01T22:57:09.649,18.7,42.6,0.0392266,-1.8828768,11.2972608
2026-01-01T22:57:11.904,18.7,42.7,0.0,-1.8436502,11.2188076
2026-01-01T22:57:14.165,18.7,42.7,0.0,-1.765197,11.2188076
2026-01-01T22:57:16.425,18.7,42.8,0.0,-1.8828768,11.2972608
2026-01-01T22:57:18.685,18.7,42.8,0.0,-1.8828768,11.2188076
2026-01-01T22:57:20.945,18.7,42.8,0.0,-1.8828768,11.2188076
2026-01-01T22:57:23.205,18.7,42.9,0.0,-1.8436502,11.2188076
2026-01-01T22:57:25.465,18.7,42.9,0.0,-1.8436502,11.2188076
2026-01-01T22:57:27.720,18.7,42.9,0.0,-1.8436502,11.2580342
2026-01-01T22:57:29.976,18.7,42.9,0.0,-1.8044235999999998,11.2580342
2026-01-01T22:57:32.231,18.7,42.8,0.0,-1.8436502,11.2580342
2026-01-01T22:57:34.487,18.7,42.8,0.0,-1.8044235999999998,11.179581
2026-01-01T22:57:36.742,18.7,42.8,0.0,-1.8436502,11.2972608
2026-01-01T22:57:38.997,18.7,42.8,0.0392266,-1.8436502,11.375713999999999
2026-01-01T22:57:41.257,18.7,42.8,0.0,-1.8436502,11.2972608
2026-01-01T22:57:43.517,18.7,42.8,0.0,-1.8044235999999998,11.3364874
2026-01-01T22:57:45.777,18.7,42.8,0.0,-1.8044235999999998,11.2580342
2026-01-01T22:57:48.037,18.7,42.7,0.0,-1.8044235999999998,11.2580342
2026-01-01T22:57:50.297,18.7,42.7,0.0,-1.8828768,11.2972608
2026-01-01T22:57:52.557,18.7,42.7,0.0,-1.8828768,11.2972608
2026-01-01T22:57:54.817,18.6,42.6,0.0,-1.8828768,11.2972608
2026-01-01T22:57:57.077,18.7,42.7,0.0,-1.765197,11.2188076
2026-01-01T22:57:59.337,18.7,42.7,0.0,-1.8436502,11.2972608
2026-01-01T22:58:01.592,18.7,42.7,0.0,-1.8436502,11.2972608
2026-01-01T22:58:03.848,18.7,42.8,0.0,-1.8436502,11.2188076
2026-01-01T22:58:06.109,18.7,42.8,0.0392266,-1.8436502,11.2972608
2026-01-01T22:58:08.369,18.6,42.7,0.0,-1.8436502,11.2188076
2026-01-01T22:58:10.629,18.7,42.8,0.0,-1.8436502,11.2188076
2026-01-01T22:58:12.885,18.7,42.9,0.0,-1.9221034,11.2188076
2026-01-01T22:58:15.140,18.7,42.8,0.0,-1.8044235999999998,11.179581
2026-01-01T22:58:17.396,18.6,42.9,0.0,-1.8436502,11.2580342
2026-01-01T22:58:19.652,18.7,43.1,0.0,-1.8828768,11.2580342
2026-01-01T22:58:21.908,18.7,43.2,0.0,-1.8044235999999998,11.2580342
2026-01-01T22:58:24.163,18.7,43.2,0.0392266,-1.8436502,11.2972608
2026-01-01T22:58:26.419,18.6,43.1,0.0392266,-1.8436502,11.2188076
2026-01-01T22:58:28.675,18.6,43.0,0.0,-1.8044235999999998,11.2188076
2026-01-01T22:58:30.930,18.7,43.1,0.0,-1.8044235999999998,11.2188076
2026-01-01T22:58:33.186,18.7,43.1,0.0,-1.8044235999999998,11.2580342
2026-01-01T22:58:35.441,18.7,43.1,0.0,-1.8436502,11.2580342
2026-01-01T22:58:37.697,18.6,43.0,0.0392266,-1.8044235999999998,11.2580342
2026-01-01T22:58:39.952,18.7,43.1,0.0,-1.8828768,11.2972608
2026-01-01T22:58:42.208,18.7,43.1,-0.0392266,-1.8436502,11.2972608
2026-01-01T22:58:44.464,18.6,43.0,0.0,-1.8044235999999998,11.2188076
2026-01-01T22:58:46.719,18.7,43.1,0.0,-1.8044235999999998,11.179581
2026-01-01T22:58:48.975,18.7,43.1,-0.0392266,-1.8044235999999998,11.2188076
2026-01-01T22:58:51.231,18.7,43.1,0.0,-1.8044235999999998,11.2580342
2026-01-01T22:58:53.486,18.7,43.1,0.0392266,-1.8436502,11.2972608
2026-01-01T22:58:55.742,18.7,43.1,0.0,-1.8044235999999998,11.2580342
2026-01-01T22:58:57.998,18.7,43.1,0.0392266,-1.8436502,11.2580342
2026-01-01T22:59:00.253,18.7,43.1,0.0,-1.8436502,11.2188076
2026-01-01T22:59:02.509,18.7,43.1,0.0,-1.8436502,11.3364874
2026-01-01T22:59:04.765,18.7,43.1,0.0392266,-1.8436502,11.2188076
2026-01-01T22:59:07.021,18.7,43.1,0.0392266,-1.8436502,11.3364874
2026-01-01T22:59:09.276,18.7,43.1,0.0392266,-1.8436502,11.2972608
2026-01-01T22:59:11.532,18.7,43.1,0.0,-1.8044235999999998,11.2972608
2026-01-01T22:59:13.788,18.7,43.1,0.0,-1.8044235999999998,11.2188076
2026-01-01T22:59:16.044,18.7,43.0,0.0,-1.8436502,11.2580342
2026-01-01T22:59:18.299,18.7,43.0,0.0392266,-1.8828768,11.2580342
2026-01-01T22:59:20.555,18.7,43.0,0.0,-1.8436502,11.2188076
2026-01-01T22:59:22.811,18.6,42.9,0.0392266,-1.8436502,11.2972608
2026-01-01T22:59:25.067,18.7,42.9,0.0392266,-1.8436502,11.2972608
2026-01-01T22:59:27.322,18.6,42.8,0.0392266,-1.8436502,11.2972608
2026-01-01T22:59:29.578,18.7,42.9,0.0,-1.8436502,11.2580342
2026-01-01T22:59:31.834,18.7,42.9,0.0392266,-1.8436502,11.2580342
2026-01-01T22:59:34.089,18.7,42.9,0.0392266,-1.8436502,11.2580342
2026-01-01T22:59:36.345,18.7,43.0,0.0,-1.8436502,11.2580342
2026-01-01T22:59:38.601,18.7,43.0,0.0392266,-1.8436502,11.2972608
2026-01-01T22:59:40.856,18.7,42.9,0.0,-1.8436502,11.2580342
2026-01-01T22:59:43.112,18.7,42.8,-0.0392266,-1.765197,11.2972608
2026-01-01T22:59:45.368,18.7,42.7,0.0,-1.8436502,11.2188076
2026-01-01T22:59:47.623,18.7,42.6,0.0,-1.8436502,11.2188076
2026-01-01T22:59:49.879,18.7,42.6,0.0,-1.8436502,11.2580342
2026-01-01T22:59:52.135,18.7,42.6,0.0,-1.8044235999999998,11.2580342
2026-01-01T22:59:54.391,18.7,42.5,0.0,-1.8436502,11.2188076
2026-01-01T22:59:56.646,18.7,42.5,0.0,-1.8828768,11.2580342
2026-01-01T22:59:58.902,18.7,42.4,0.0,-1.8436502,11.2580342
2026-01-01T23:00:01.158,18.7,42.4,0.0392266,-1.8436502,11.2580342
2026-01-01T23:00:03.414,18.7,42.3,0.0,-1.8044235999999998,11.2972608
2026-01-01T23:00:05.669,18.7,42.5,0.0,-1.8044235999999998,11.2580342
2026-01-01T23:00:07.925,18.7,42.4,0.0,-1.8828768,11.2188076
2026-01-01T23:00:10.181,18.7,42.5,0.0,-1.8044235999999998,11.2972608
2026-01-01T23:00:12.436,18.7,42.6,0.0,-1.8436502,11.2972608
2026-01-01T23:00:14.692,18.7,42.7,0.0,-1.8044235999999998,11.2972608
2026-01-01T23:00:16.948,18.7,42.7,0.0,-1.8436502,11.2972608
2026-01-01T23:00:19.203,18.7,42.8,0.0,-1.8044235999999998,11.2580342
2026-01-01T23:00:21.459,18.7,42.8,0.0,-1.8436502,11.2972608
2026-01-01T23:00:23.715,18.7,43.0,0.0,-1.8436502,11.2188076
2026-01-01T23:00:25.971,18.7,43.1,0.0392266,-1.8828768,11.3364874
2026-01-01T23:00:28.226,18.7,43.2,0.0,-1.8044235999999998,11.2580342
2026-01-01T23:00:30.482,18.7,43.2,0.0,-1.8436502,11.2580342
2026-01-01T23:00:32.738,18.7,43.4,0.0,-1.8044235999999998,11.2188076
2026-01-01T23:00:34.994,18.7,43.4,0.0,-1.8436502,11.3364874
2026-01-01T23:00:37.250,18.7,43.4,0.0,-1.8436502,11.2580342
2026-01-01T23:00:39.505,18.7,43.4,-0.0392266,-1.8044235999999998,11.2188076
2026-01-01T23:00:41.761,18.7,43.4,0.0,-1.8436502,11.2972608
2026-01-01T23:00:44.017,18.7,43.3,0.0,-1.8436502,11.3364874
2026-01-01T23:00:46.272,18.7,43.3,0.0392266,-1.8828768,11.2972608
2026-01-01T23:00:48.528,18.7,43.2,0.0,-1.8044235999999998,11.2580342
2026-01-01T23:00:50.784,18.7,43.1,0.0,-1.8828768,11.2580342
2026-01-01T23:00:53.039,18.7,43.0,0.0392266,-1.8436502,11.2188076
2026-01-01T23:00:55.295,18.7,43.0,0.0,-1.8436502,11.2972608
2026-01-01T23:00:57.551,18.7,42.9,0.0,-1.8436502,11.179581
2026-01-01T23:00:59.806,18.7,42.8,0.0,-1.8828768,11.2580342
2026-01-01T23:01:02.062,18.7,42.8,0.0,-1.8044235999999998,11.2580342
2026-01-01T23:01:04.318,18.7,42.7,0.0,-1.8436502,11.2972608
2026-01-01T23:01:06.574,18.7,42.7,0.0,-1.8436502,11.179581
2026-01-01T23:01:08.829,18.7,42.7,0.0392266,-1.8828768,11.2188076
2026-01-01T23:01:11.085,18.7,42.7,0.0,-1.8436502,11.2188076
2026-01-01T23:01:13.341,18.7,42.8,0.0,-1.8436502,11.179581
2026-01-01T23:01:15.597,18.7,42.8,0.0392266,-1.8044235999999998,11.2580342
2026-01-01T23:01:17.852,18.7,42.8,0.0392266,-1.765197,11.2188076
2026-01-01T23:01:20.113,18.7,42.8,0.0392266,-1.8828768,11.2972608
2026-01-01T23:01:22.373,18.7,42.8,0.0,-1.8044235999999998,11.2188076
2026-01-01T23:01:24.633,18.7,42.8,0.0,-1.8044235999999998,11.2188076
2026-01-01T23:01:26.893,18.7,42.8,0.0,-1.8436502,11.2972608
2026-01-01T23:01:29.148,18.7,42.8,0.0,-1.8436502,11.2972608
2026-01-01T23:01:31.409,18.7,42.8,0.0,-1.8436502,11.2188076
2026-01-01T23:01:33.664,18.7,42.8,0.0392266,-1.8044235999999998,11.2188076
2026-01-01T23:01:35.925,18.7,42.8,0.0,-1.8044235999999998,11.2580342
2026-01-01T23:01:38.180,18.7,42.8,0.0,-1.8436502,11.3364874
2026-01-01T23:01:40.436,18.7,42.8,0.0,-1.8828768,11.2972608
2026-01-01T23:01:42.691,18.7,42.8,0.0,-1.8436502,11.2188076
2026-01-01T23:01:44.947,18.7,42.8,0.0392266,-1.8436502,11.2188076
2026-01-01T23:01:47.203,18.7,42.8,0.0,-1.8044235999999998,11.2972608
2026-01-01T23:01:49.458,18.7,42.9,0.0,-1.8436502,11.2188076
2026-01-01T23:01:51.714,18.7,42.9,0.0,-1.8828768,11.2188076
2026-01-01T23:01:53.969,18.7,43.0,0.0,-1.8436502,11.2580342
2026-01-01T23:01:56.225,18.7,43.0,0.0,-1.8044235999999998,11.2580342
2026-01-01T23:01:58.481,18.7,43.0,0.0,-1.8436502,11.2580342
2026-01-01T23:02:00.736,18.7,43.0,0.0,-1.8436502,11.2580342
2026-01-01T23:02:02.992,18.7,43.0,0.0,-1.8828768,11.3364874
2026-01-01T23:02:05.247,18.7,43.0,0.0,-1.8044235999999998,11.2580342
2026-01-01T23:02:07.503,18.7,43.0,0.0,-1.8436502,11.2580342
2026-01-01T23:02:09.759,18.7,43.0,0.0,-1.8828768,11.2580342
2026-01-01T23:02:12.015,18.7,43.0,0.0392266,-1.8828768,11.2972608
2026-01-01T23:02:14.271,18.7,43.0,0.0392266,-1.8044235999999998,11.179581
2026-01-01T23:02:16.526,18.7,43.0,0.0,-1.8436502,11.2580342
2026-01-01T23:02:18.782,18.7,43.0,0.0,-1.8436502,11.2972608
2026-01-01T23:02:21.038,18.7,43.0,0.0,-1.8828768,11.2580342
2026-01-01T23:02:23.293,18.7,43.0,0.0392266,-1.8828768,11.2188076
2026-01-01T23:02:25.549,18.7,43.0,0.0,-1.8044235999999998,11.2580342
2026-01-01T23:02:27.805,18.7,42.9,0.0392266,-1.8436502,11.2972608
2026-01-01T23:02:30.060,18.7,42.9,0.0,-1.8044235999999998,11.2580342
2026-01-01T23:02:32.316,18.7,42.9,0.0392266,-1.8436502,11.2972608
2026-01-01T23:02:34.572,18.7,42.9,0.0,-1.8044235999999998,11.2580342
2026-01-01T23:02:36.828,18.7,43.0,0.0,-1.8044235999999998,11.2580342
2026-01-01T23:02:39.083,18.7,42.9,0.0,-1.8044235999999998,11.2972608
2026-01-01T23:02:41.339,18.7,42.9,0.0,-1.8436502,11.2188076
2026-01-01T23:02:43.595,18.7,42.9,0.0,-1.8436502,11.2580342
2026-01-01T23:02:45.851,18.7,43.0,0.0,-1.8436502,11.2580342
2026-01-01T23:02:48.106,18.7,43.0,0.0,-1.8044235999999998,11.2972608
2026-01-01T23:02:50.362,18.7,43.0,0.0392266,-1.8828768,11.2972608
2026-01-01T23:02:52.618,18.7,43.1,0.0,-1.8436502,11.2580342
2026-01-01T23:02:54.873,18.7,43.1,0.0,-1.8044235999999998,11.2580342
2026-01-01T23:02:57.129,18.7,43.2,0.0,-1.8044235999999998,11.2580342
2026-01-01T23:02:59.385,18.7,43.3,0.0,-1.8436502,11.2188076
2026-01-01T23:03:01.640,18.7,43.4,0.0,-1.765197,11.2188076
2026-01-01T23:03:03.896,18.7,43.4,0.0,-1.8436502,11.2580342
2026-01-01T23:03:06.152,18.7,43.4,0.0392266,-1.8436502,11.2580342
2026-01-01T23:03:08.408,18.7,43.3,0.0392266,-1.8436502,11.2580342
2026-01-01T23:03:10.663,18.7,43.3,0.0,-1.8044235999999998,11.2972608
2026-01-01T23:03:12.919,18.7,43.2,0.0,-1.8044235999999998,11.2580342
2026-01-01T23:03:15.175,18.7,43.1,0.0,-1.8044235999999998,11.2580342
2026-01-01T23:03:17.431,18.7,43.1,0.0,-1.765197,11.179581
2026-01-01T23:03:19.686,18.7,43.0,0.0,-1.8436502,11.2580342
2026-01-01T23:03:21.942,18.7,43.0,0.0,-1.8436502,11.2188076
2026-01-01T23:03:24.198,18.7,42.9,0.0,-1.8436502,11.2580342
2026-01-01T23:03:26.454,18.7,42.9,0.0,-1.8436502,11.3364874
2026-01-01T23:03:28.709,18.7,42.8,0.0392266,-1.8436502,11.3364874
2026-01-01T23:03:30.965,18.7,42.8,0.0392266,-1.8436502,11.2972608
2026-01-01T23:03:33.221,18.7,42.8,0.0,-1.8044235999999998,11.2972608
2026-01-01T23:03:35.476,18.7,42.8,0.0,-1.8436502,11.2580342
2026-01-01T23:03:37.732,18.7,42.8,0.0,-1.8436502,11.2188076
2026-01-01T23:03:39.988,18.7,42.8,0.0392266,-1.8828768,11.2580342
2026-01-01T23:03:42.243,18.7,42.8,0.0,-1.8436502,11.2580342
2026-01-01T23:03:44.499,18.7,42.8,0.0,-1.9221034,11.2972608
2026-01-01T23:03:46.757,,,0.0,-1.8044235999999998,11.2188076
2026-01-01T23:03:49.017,18.7,42.8,0.0,-1.9221034,11.3364874
2026-01-01T23:03:51.277,18.7,42.8,0.0,-1.8044235999999998,11.179581
2026-01-01T23:03:53.537,18.7,42.8,0.0,-1.8436502,11.375713999999999
2026-01-01T23:03:55.792,18.7,42.8,0.0,-1.8044235999999998,11.2188076
2026-01-01T23:03:58.048,18.7,42.8,0.0,-1.8828768,11.2972608
2026-01-01T23:04:00.309,,,0.0,-1.8436502,11.179581
2026-01-01T23:04:02.569,18.7,43.1,0.0,-1.8044235999999998,11.2972608
2026-01-01T23:04:04.829,18.7,43.3,0.0,-1.8044235999999998,11.179581
2026-01-01T23:04:07.089,18.7,43.3,0.0392266,-1.8436502,11.2580342
2026-01-01T23:04:09.349,18.7,43.3,0.0392266,-1.8436502,11.2580342
2026-01-01T23:04:11.604,18.7,43.3,0.0,-1.8044235999999998,11.2972608
2026-01-01T23:04:13.860,18.8,43.5,0.0392266,-1.8436502,11.2188076
2026-01-01T23:04:16.121,18.7,43.6,0.0392266,-1.8044235999999998,11.2188076
2026-01-01T23:04:18.376,18.7,43.7,0.0,-1.8044235999999998,11.179581
2026-01-01T23:04:20.631,18.8,43.8,0.0392266,-1.8436502,11.3364874
2026-01-01T23:04:22.893,18.8,43.9,0.0,-1.8044235999999998,11.2580342
2026-01-01T23:04:25.153,18.8,44.0,0.0,-1.8436502,11.2188076
2026-01-01T23:04:27.409,18.8,44.1,0.0,-1.8436502,11.375713999999999
2026-01-01T23:04:29.664,18.7,44.2,0.0392266,-1.8828768,11.2580342
2026-01-01T23:04:31.920,18.7,44.2,0.0,-1.8436502,11.179581
2026-01-01T23:04:34.176,,,0.0,-1.8828768,11.3364874
2026-01-01T23:04:36.431,18.8,44.1,0.0392266,-1.8436502,11.2580342
2026-01-01T23:04:38.687,18.8,44.1,0.0,-1.765197,11.2188076
2026-01-01T23:04:40.943,18.8,44.0,0.0,-1.8044235999999998,11.2580342
2026-01-01T23:04:43.199,18.8,43.9,0.0,-1.8436502,11.2580342
2026-01-01T23:04:45.454,18.8,43.8,0.0392266,-1.8436502,11.2188076
2026-01-01T23:04:47.710,18.7,43.6,-0.0392266,-1.8044235999999998,11.179581
2026-01-01T23:04:49.966,18.8,43.6,0.0,-1.8436502,11.2972608
2026-01-01T23:04:52.221,18.8,43.6,0.0,-1.8828768,11.2580342
2026-01-01T23:04:54.477,18.7,43.5,0.0,-1.8044235999999998,11.2972608
2026-01-01T23:04:56.733,18.8,43.5,0.0392266,-1.8828768,11.2580342
2026-01-01T23:04:58.989,18.7,43.4,0.0,-1.8044235999999998,11.179581
2026-01-01T23:05:01.245,18.7,43.4,0.0392266,-1.8436502,11.3364874
2026-01-01T23:05:03.500,18.8,43.4,0.0,-1.8044235999999998,11.2972608
2026-01-01T23:05:05.756,18.7,43.3,0.0,-1.8044235999999998,11.2188076
2026-01-01T23:05:08.012,18.7,43.3,0.0392266,-1.8044235999999998,11.2972608
2026-01-01T23:05:10.267,18.8,43.4,0.0,-1.8828768,11.2972608
2026-01-01T23:05:12.523,18.7,43.3,0.0392266,-1.8436502,11.3364874
2026-01-01T23:05:14.779,18.7,43.3,0.0392266,-1.8044235999999998,11.1403544
2026-01-01T23:05:17.035,18.7,43.4,0.0784532,-1.8828768,11.2580342
2026-01-01T23:05:19.290,18.7,43.4,0.0,-1.8044235999999998,11.2580342
2026-01-01T23:05:21.546,18.8,43.4,-0.0392266,-1.8044235999999998,11.2580342
2026-01-01T23:05:23.802,18.7,43.4,0.0,-1.8436502,11.414940599999998
2026-01-01T23:05:26.058,18.8,43.4,0.0,-1.8436502,11.2972608
2026-01-01T23:05:28.314,18.7,43.4,0.0,-1.8044235999999998,11.2580342
2026-01-01T23:05:30.569,18.7,43.4,0.0,-1.8436502,11.2972608
2026-01-01T23:05:32.825,18.7,43.3,0.0,-1.8436502,11.2580342
2026-01-01T23:05:35.081,18.7,43.3,0.0,-1.8436502,11.2972608
2026-01-01T23:05:37.337,18.7,43.3,0.0,-1.8436502,11.2580342
2026-01-01T23:05:39.592,18.7,43.3,0.0,-1.8436502,11.2972608
2026-01-01T23:05:41.848,18.8,43.3,0.0,-1.8436502,11.2972608
2026-01-01T23:05:44.104,18.7,43.2,0.0392266,-1.8828768,11.3364874
2026-01-01T23:05:46.360,18.7,43.2,0.0392266,-1.8828768,11.2972608
2026-01-01T23:05:48.616,18.7,43.4,0.0392266,-1.8044235999999998,11.2580342
2026-01-01T23:05:50.877,18.7,43.6,0.0,-1.8436502,11.2972608
2026-01-01T23:05:53.137,18.7,43.8,0.0,-1.8436502,11.2580342
2026-01-01T23:05:55.397,18.7,43.8,0.0,-1.8044235999999998,11.2580342
2026-01-01T23:05:57.657,18.7,43.8,0.0,-1.8436502,11.2972608
2026-01-01T23:05:59.912,18.7,43.8,-0.0392266,-1.8044235999999998,11.2188076
2026-01-01T23:06:02.173,18.7,43.8,0.0392266,-1.8436502,11.2972608
2026-01-01T23:06:04.433,18.7,43.8,0.0,-1.8044235999999998,11.2188076
2026-01-01T23:06:06.693,18.8,43.9,0.0392266,-1.8436502,11.2580342
2026-01-01T23:06:08.953,18.8,44.0,0.0392266,-1.8436502,11.2188076
2026-01-01T23:06:11.208,18.7,44.0,0.0,-1.8436502,11.3364874
2026-01-01T23:06:13.469,18.8,44.2,0.0392266,-1.8436502,11.179581
2026-01-01T23:06:15.724,18.7,44.3,0.0,-1.8436502,11.2188076
2026-01-01T23:06:17.985,18.7,44.4,0.0,-1.8044235999999998,11.2580342
2026-01-01T23:06:20.240,18.8,44.5,0.0392266,-1.8436502,11.2188076
2026-01-01T23:06:22.501,18.7,44.5,0.0392266,-1.8436502,11.2580342
2026-01-01T23:06:24.756,18.7,44.6,0.0,-1.8044235999999998,11.2580342
2026-01-01T23:06:27.012,18.7,44.7,0.0,-1.8044235999999998,11.2580342
2026-01-01T23:06:29.267,18.8,44.8,0.0392266,-1.8828768,11.2972608
2026-01-01T23:06:31.523,18.7,44.8,0.0,-1.8436502,11.2580342
2026-01-01T23:06:33.778,18.8,44.6,0.0,-1.8436502,11.2580342
2026-01-01T23:06:36.037,18.8,44.5,0.0392266,-1.8436502,11.2580342
2026-01-01T23:06:38.292,18.7,44.2,0.0392266,-1.8436502,11.2972608
2026-01-01T23:06:40.553,18.8,44.0,0.0,-1.8044235999999998,11.2972608
2026-01-01T23:06:42.808,18.8,43.9,0.0,-1.8828768,11.2188076
2026-01-01T23:06:45.069,18.8,43.7,0.0392266,-1.8436502,11.2580342
2026-01-01T23:06:47.329,18.8,43.6,0.0,-1.8436502,11.2580342
2026-01-01T23:06:49.589,18.7,43.4,0.0,-1.8436502,11.2580342
2026-01-01T23:06:51.849,18.8,43.4,0.0,-1.8436502,11.2972608
2026-01-01T23:06:54.104,18.7,43.3,0.0,-1.765197,11.2580342
2026-01-01T23:06:56.360,18.7,43.2,0.0,-1.8436502,11.2580342
2026-01-01T23:06:58.621,18.8,43.2,0.0,-1.8044235999999998,11.1403544
2026-01-01T23:07:00.876,18.7,43.2,0.0,-1.8436502,11.3364874
2026-01-01T23:07:03.137,18.7,43.2,0.0,-1.8828768,11.2972608
2026-01-01T23:07:05.397,18.8,43.4,0.0,-1.8436502,11.2972608
2026-01-01T23:07:07.657,18.7,43.5,0.0392266,-1.8828768,11.2580342
2026-01-01T23:07:09.917,18.8,43.6,0.0,-1.8044235999999998,11.2188076
2026-01-01T23:07:12.177,18.8,43.6,0.0392266,-1.8828768,11.2580342
2026-01-01T23:07:14.437,18.8,43.6,0.0,-1.765197,11.2188076
2026-01-01T23:07:16.697,18.8,43.6,0.0,-1.8436502,11.2580342
2026-01-01T23:07:18.952,18.8,43.6,0.0,-1.8044235999999998,11.2580342
2026-01-01T23:07:21.213,18.8,43.5,0.0,-1.8436502,11.2580342
2026-01-01T23:07:23.468,18.8,43.5,0.0,-1.8044235999999998,11.2580342
2026-01-01T23:07:25.724,18.8,43.5,0.0392266,-1.8044235999999998,11.2188076
2026-01-01T23:07:27.979,18.8,43.4,0.0392266,-1.8828768,11.3364874
2026-01-01T23:07:30.234,18.7,43.3,0.0,-1.8044235999999998,11.2580342
2026-01-01T23:07:32.493,18.8,43.3,0.0,-1.8436502,11.3364874
2026-01-01T23:07:34.753,18.7,43.2,0.0,-1.8044235999999998,11.179581
2026-01-01T23:07:37.013,18.8,43.2,0.0,-1.8436502,11.179581
2026-01-01T23:07:39.273,18.8,43.1,0.0392266,-1.8828768,11.2972608
2026-01-01T23:07:41.533,18.8,43.1,0.0,-1.8436502,11.2188076
2026-01-01T23:07:43.793,18.8,43.1,0.0392266,-1.8436502,11.3364874
2026-01-01T23:07:46.053,18.8,43.1,0.0,-1.8044235999999998,11.2972608
2026-01-01T23:07:48.308,18.8,43.1,0.0392266,-1.8436502,11.2972608
2026-01-01T23:07:50.564,18.8,43.0,0.0392266,-1.8436502,11.2188076
2026-01-01T23:07:52.825,18.8,43.1,0.0,-1.8044235999999998,11.2580342
2026-01-01T23:07:55.085,18.8,43.0,0.0,-1.8436502,11.179581
2026-01-01T23:07:57.345,18.7,43.0,0.0,-1.8044235999999998,11.2972608
2026-01-01T23:07:59.605,18.8,43.0,0.0,-1.8044235999999998,11.2972608
2026-01-01T23:08:01.865,18.8,43.0,0.0,-1.8436502,11.2580342
2026-01-01T23:08:04.125,18.8,43.1,0.0392266,-1.8436502,11.2580342
2026-01-01T23:08:06.385,18.8,43.1,-0.0392266,-1.8044235999999998,11.2972608
2026-01-01T23:08:08.640,18.8,43.1,0.0,-1.8828768,11.2580342
2026-01-01T23:08:10.897,18.8,43.1,0.0,-1.765197,11.2580342
2026-01-01T23:08:13.157,18.7,43.1,0.0392266,-1.8828768,11.2972608
2026-01-01T23:08:15.412,18.8,43.1,0.0,-1.8436502,11.3364874
2026-01-01T23:08:17.668,18.8,43.2,0.0392266,-1.8436502,11.2188076
2026-01-01T23:08:19.923,18.8,43.4,0.0,-1.8436502,11.2972608
2026-01-01T23:08:22.178,18.8,43.6,0.0,-1.8436502,11.2580342
2026-01-01T23:08:24.437,18.8,43.7,0.0,-1.8828768,11.2972608
2026-01-01T23:08:26.697,18.8,43.9,0.0,-1.8436502,11.2580342
2026-01-01T23:08:28.952,18.8,43.9,0.0,-1.8436502,11.2580342
2026-01-01T23:08:31.213,18.8,43.9,0.0,-1.8436502,11.2188076
2026-01-01T23:08:33.473,18.8,43.8,0.0392266,-1.8044235999999998,11.179581
2026-01-01T23:08:35.733,18.7,43.7,0.0392266,-1.8436502,11.2580342
2026-01-01T23:08:37.989,18.7,43.7,0.0,-1.8436502,11.2580342
2026-01-01T23:08:40.244,18.7,43.7,0.0,-1.8044235999999998,11.2972608
2026-01-01T23:08:42.500,18.8,43.6,0.0,-1.8044235999999998,11.2580342
2026-01-01T23:08:44.755,18.7,43.5,-0.0392266,-1.8828768,11.2972608
2026-01-01T23:08:47.011,18.8,43.5,0.0392266,-1.8436502,11.2972608
2026-01-01T23:08:49.266,18.8,43.4,0.0,-1.8436502,11.2188076
2026-01-01T23:08:51.522,18.8,43.3,0.0392266,-1.8828768,11.2972608
2026-01-01T23:08:53.778,18.8,43.3,0.0,-1.8436502,11.2580342
2026-01-01T23:08:56.034,18.7,43.2,0.0,-1.8436502,11.2580342
2026-01-01T23:08:58.289,18.8,43.2,0.0,-1.8436502,11.2580342
2026-01-01T23:09:00.545,18.7,43.2,0.0392266,-1.8436502,11.2188076
2026-01-01T23:09:02.801,18.8,43.2,0.0,-1.8828768,11.2972608
2026-01-01T23:09:05.057,18.8,43.3,0.0392266,-1.8436502,11.2188076
2026-01-01T23:09:07.312,18.7,43.2,0.0392266,-1.8436502,11.2580342
2026-01-01T23:09:09.567,18.8,43.3,0.0,-1.8436502,11.3364874
2026-01-01T23:09:11.823,18.8,43.3,0.0392266,-1.8044235999999998,11.2580342
2026-01-01T23:09:14.079,18.8,43.4,0.0,-1.8436502,11.2188076
2026-01-01T23:09:16.335,18.8,43.3,0.0392266,-1.8436502,11.2188076
2026-01-01T23:09:18.591,18.8,43.4,0.0,-1.8044235999999998,11.2580342
2026-01-01T23:09:20.846,18.7,43.3,0.0,-1.8436502,11.2972608
2026-01-01T23:09:23.102,18.8,43.4,0.0,-1.8828768,11.375713999999999
2026-01-01T23:09:25.358,18.8,43.4,0.0392266,-1.8436502,11.2188076
2026-01-01T23:09:27.614,18.8,43.5,0.0,-1.8828768,11.3364874
2026-01-01T23:09:29.869,18.8,43.6,0.0,-1.8044235999999998,11.2188076
2026-01-01T23:09:32.125,18.8,43.6,0.0,-1.8828768,11.2972608
2026-01-01T23:09:34.381,18.8,43.6,0.0392266,-1.8828768,11.2972608
2026-01-01T23:09:36.636,18.8,43.6,0.0,-1.8044235999999998,11.2188076
2026-01-01T23:09:38.892,18.8,43.6,0.0392266,-1.9221034,11.2972608
2026-01-01T23:09:41.148,18.7,43.5,0.0,-1.8436502,11.2188076
2026-01-01T23:09:43.403,18.8,43.6,0.0392266,-1.8044235999999998,11.2188076
2026-01-01T23:09:45.659,18.8,43.8,0.0392266,-1.8044235999999998,11.2580342
2026-01-01T23:09:47.915,18.8,44.0,0.0,-1.8044235999999998,11.2580342
2026-01-01T23:09:50.170,18.8,44.1,0.0392266,-1.8436502,11.2188076
2026-01-01T23:09:52.426,18.8,44.2,0.0392266,-1.8436502,11.2972608
2026-01-01T23:09:54.682,18.7,44.2,0.0392266,-1.8436502,11.2972608
2026-01-01T23:09:56.937,18.8,44.3,0.0,-1.8436502,11.179581
2026-01-01T23:09:59.193,18.8,44.3,0.0,-1.8044235999999998,11.2580342
2026-01-01T23:10:01.449,18.8,44.2,0.0,-1.8436502,11.2580342
2026-01-01T23:10:03.704,18.7,44.2,-0.0392266,-1.765197,11.3364874
2026-01-01T23:10:05.960,18.7,44.0,0.0,-1.8436502,11.2188076
2026-01-01T23:10:08.216,18.8,44.0,0.0392266,-1.8828768,11.2188076
2026-01-01T23:10:10.471,18.8,44.0,0.0,-1.8044235999999998,11.2188076
2026-01-01T23:10:12.727,18.8,43.9,0.0,-1.8436502,11.2580342
2026-01-01T23:10:14.983,18.7,43.8,0.0,-1.8828768,11.2580342
2026-01-01T23:10:17.239,18.7,43.7,0.0,-1.8044235999999998,11.2188076
2026-01-01T23:10:19.495,18.8,43.7,0.0392266,-1.8436502,11.2972608
2026-01-01T23:10:21.750,18.8,43.8,0.0392266,-1.8828768,11.3364874
2026-01-01T23:10:24.006,18.8,43.8,0.0,-1.8044235999999998,11.2580342
2026-01-01T23:10:26.262,18.7,43.8,0.0392266,-1.8828768,11.2972608
2026-01-01T23:10:28.517,18.8,43.8,0.0,-1.765197,11.2580342
2026-01-01T23:10:30.773,18.8,43.8,0.0,-1.8044235999999998,11.2188076
2026-01-01T23:10:33.029,18.7,43.7,0.0,-1.8436502,11.2972608
2026-01-01T23:10:35.284,18.8,43.8,0.0,-1.8436502,11.2188076
2026-01-01T23:10:37.540,18.8,43.8,0.0,-1.8436502,11.2580342
2026-01-01T23:10:39.795,18.8,43.9,0.0392266,-1.8828768,11.2972608
2026-01-01T23:10:42.051,18.8,43.9,0.0,-1.8044235999999998,11.2972608
2026-01-01T23:10:44.307,18.8,43.8,0.0392266,-1.8436502,11.179581
2026-01-01T23:10:46.562,18.8,43.8,0.0,-1.8436502,11.2580342
2026-01-01T23:10:48.818,18.8,43.8,0.0,-1.8044235999999998,11.2580342
2026-01-01T23:10:51.073,18.8,43.7,0.0392266,-1.8436502,11.1403544
2026-01-01T23:10:53.329,18.8,43.7,0.0392266,-1.8436502,11.2972608
2026-01-01T23:10:55.585,18.8,43.7,0.0392266,-1.8044235999999998,11.3364874
2026-01-01T23:10:57.840,18.8,43.7,0.0,-1.8044235999999998,11.2188076
2026-01-01T23:11:00.096,18.8,43.7,0.0392266,-1.8436502,11.2580342
2026-01-01T23:11:02.352,18.7,43.6,0.0,-1.8044235999999998,11.2580342
2026-01-01T23:11:04.607,18.8,43.7,-0.0392266,-1.8044235999999998,11.2580342
2026-01-01T23:11:06.863,18.8,43.7,0.0392266,-1.8828768,11.2580342
2026-01-01T23:11:09.119,18.8,43.7,0.0392266,-1.8436502,11.3364874
2026-01-01T23:11:11.374,18.8,43.7,0.0392266,-1.8044235999999998,11.2188076
2026-01-01T23:11:13.630,18.8,43.7,0.0,-1.8044235999999998,11.2580342
2026-01-01T23:11:15.886,18.8,43.7,0.0,-1.8044235999999998,11.2580342
2026-01-01T23:11:18.142,18.8,43.7,0.0,-1.8436502,11.2972608
2026-01-01T23:11:20.398,18.8,43.6,0.0392266,-1.8044235999999998,11.2580342
2026-01-01T23:11:22.653,18.8,43.6,0.0,-1.8828768,11.2580342
2026-01-01T23:11:24.909,18.8,43.7,0.0,-1.8436502,11.2580342
2026-01-01T23:11:27.165,18.8,43.8,-0.0392266,-1.8044235999999998,11.2580342
2026-01-01T23:11:29.420,18.8,43.9,0.0,-1.8436502,11.3364874
2026-01-01T23:11:31.676,18.8,43.9,0.0,-1.8044235999999998,11.2972608
2026-01-01T23:11:33.932,18.8,43.9,0.0392266,-1.8436502,11.2972608
2026-01-01T23:11:36.187,18.8,43.9,0.0,-1.8044235999999998,11.2580342
2026-01-01T23:11:38.443,18.8,43.9,0.0392266,-1.8436502,11.2580342
2026-01-01T23:11:40.699,18.8,43.8,0.0392266,-1.8828768,11.3364874
2026-01-01T23:11:42.954,18.8,43.8,0.0,-1.8044235999999998,11.2972608
2026-01-01T23:11:45.210,18.8,43.8,0.0,-1.8828768,11.2580342
2026-01-01T23:11:47.466,18.8,43.7,0.0392266,-1.8044235999999998,11.2580342
2026-01-01T23:11:49.721,18.8,43.7,0.0392266,-1.8436502,11.2972608
2026-01-01T23:11:51.977,18.8,43.7,0.0392266,-1.8044235999999998,11.2580342
2026-01-01T23:11:54.233,18.8,43.7,0.0392266,-1.8436502,11.2580342
2026-01-01T23:11:56.488,18.8,43.7,0.0392266,-1.8436502,11.3364874
2026-01-01T23:11:58.744,18.8,43.7,0.0,-1.8436502,11.2972608
2026-01-01T23:12:01.000,18.8,43.7,0.0,-1.8436502,11.2188076
2026-01-01T23:12:03.255,18.8,43.7,0.0,-1.8436502,11.2972608
2026-01-01T23:12:05.511,18.8,43.7,0.0,-1.8044235999999998,11.2972608
2026-01-01T23:12:07.767,18.8,43.7,0.0,-1.8436502,11.2580342
2026-01-01T23:12:10.022,18.8,43.7,0.0392266,-1.8436502,11.2580342
2026-01-01T23:12:12.281,18.8,43.6,0.0392266,-1.9221034,11.2580342
2026-01-01T23:12:14.541,18.8,43.6,0.0,-1.8044235999999998,11.2580342
2026-01-01T23:12:16.801,18.8,43.6,0.0392266,-1.8436502,11.2580342
2026-01-01T23:12:19.056,18.8,43.6,0.0,-1.8436502,11.2972608
2026-01-01T23:12:21.317,18.8,43.6,0.0,-1.8436502,11.2580342
2026-01-01T23:12:23.577,18.8,43.6,0.0,-1.8044235999999998,11.2188076
2026-01-01T23:12:25.837,18.8,43.6,0.0,-1.8436502,11.2580342
2026-01-01T23:12:28.092,18.8,43.6,0.0,-1.8044235999999998,11.2972608
2026-01-01T23:12:30.348,18.8,43.6,0.0,-1.8436502,11.2188076
2026-01-01T23:12:32.609,18.8,43.6,0.0784532,-1.8436502,11.2580342
2026-01-01T23:12:34.869,18.8,43.5,0.0,-1.8044235999999998,11.3364874
2026-01-01T23:12:37.129,18.8,43.5,0.0392266,-1.8436502,11.2188076
2026-01-01T23:12:39.384,18.8,43.5,0.0392266,-1.8828768,11.2188076
2026-01-01T23:12:41.645,18.8,43.5,0.0,-1.8436502,11.2972608
2026-01-01T23:12:43.900,18.8,43.5,0.0,-1.8044235999999998,11.2580342
2026-01-01T23:12:46.161,18.8,43.5,0.0392266,-1.8828768,11.2188076
2026-01-01T23:12:48.421,18.8,43.6,0.0,-1.8044235999999998,11.2972608
2026-01-01T23:12:50.677,18.8,43.6,-0.0392266,-1.8436502,11.2972608
2026-01-01T23:12:52.932,18.8,43.6,0.0392266,-1.8436502,11.2580342
2026-01-01T23:12:55.188,18.8,43.7,0.0392266,-1.8436502,11.375713999999999
2026-01-01T23:12:57.444,18.8,43.8,0.0392266,-1.8436502,11.2188076
2026-01-01T23:12:59.699,18.8,43.9,0.0,-1.8044235999999998,11.2972608
2026-01-01T23:13:01.955,18.8,44.0,0.0,-1.765197,11.179581
2026-01-01T23:13:04.211,18.8,44.0,0.0,-1.8044235999999998,11.179581
2026-01-01T23:13:06.466,18.8,44.1,0.0392266,-1.8828768,11.2972608
2026-01-01T23:13:08.722,18.8,44.1,0.0,-1.8044235999999998,11.2972608
2026-01-01T23:13:10.978,18.8,44.1,0.0,-1.8436502,11.2972608
2026-01-01T23:13:13.233,18.8,44.0,0.0,-1.8828768,11.2580342
2026-01-01T23:13:15.489,18.8,44.0,0.0392266,-1.8436502,11.2972608
2026-01-01T23:13:17.745,18.8,44.0,0.0392266,-1.8436502,11.2972608
2026-01-01T23:13:20.000,18.8,44.0,0.0392266,-1.8044235999999998,11.2972608
2026-01-01T23:13:22.256,18.8,44.0,0.0392266,-1.8436502,11.2972608
2026-01-01T23:13:24.512,18.8,44.0,0.0,-1.8436502,11.2580342
2026-01-01T23:13:26.767,18.8,43.9,0.0392266,-1.8436502,11.2580342
2026-01-01T23:13:29.023,18.8,43.9,0.0,-1.8436502,11.3364874
2026-01-01T23:13:31.279,18.8,43.9,0.0,-1.8436502,11.2188076
2026-01-01T23:13:33.535,18.8,43.8,0.0,-1.8044235999999998,11.2972608
2026-01-01T23:13:35.790,18.8,43.8,0.0392266,-1.8436502,11.2188076
2026-01-01T23:13:38.046,18.8,43.8,0.0,-1.8044235999999998,11.3364874
2026-01-01T23:13:40.302,18.8,43.8,0.0,-1.8436502,11.2580342
2026-01-01T23:13:42.557,18.8,43.8,0.0392266,-1.8044235999999998,11.3364874
2026-01-01T23:13:44.813,18.8,43.8,0.0,-1.8044235999999998,11.2188076
2026-01-01T23:13:47.069,18.8,43.8,0.0392266,-1.8828768,11.2580342
2026-01-01T23:13:49.325,18.8,43.8,0.0392266,-1.8436502,11.3364874
2026-01-01T23:13:51.580,18.8,43.7,0.0,-1.8436502,11.2580342
2026-01-01T23:13:53.836,18.8,43.7,0.0392266,-1.8436502,11.2580342
2026-01-01T23:13:56.092,18.8,43.7,0.0,-1.8828768,11.2972608
2026-01-01T23:13:58.347,18.8,43.7,0.0392266,-1.8436502,11.2972608
2026-01-01T23:14:00.603,18.8,43.6,0.0,-1.8044235999999998,11.2580342
2026-01-01T23:14:02.859,18.8,43.6,0.0,-1.8044235999999998,11.2188076
2026-01-01T23:14:05.114,18.8,43.6,0.0,-1.8044235999999998,11.2188076
2026-01-01T23:14:07.370,18.8,43.6,0.0,-1.8436502,11.2580342
2026-01-01T23:14:09.626,18.8,43.6,0.0392266,-1.8828768,11.2972608
2026-01-01T23:14:11.882,18.8,43.7,0.0,-1.8436502,11.2972608
2026-01-01T23:14:14.137,18.8,43.8,0.0,-1.8044235999999998,11.2580342
2026-01-01T23:14:16.393,18.8,43.9,0.0,-1.8044235999999998,11.2580342
2026-01-01T23:14:18.649,18.8,43.9,0.0392266,-1.8436502,11.2188076
2026-01-01T23:14:20.905,18.8,43.9,0.0392266,-1.8044235999999998,11.2972608
2026-01-01T23:14:23.161,18.8,44.0,0.0392266,-1.8436502,11.3364874
2026-01-01T23:14:25.417,18.8,44.0,0.0,-1.8436502,11.2188076
2026-01-01T23:14:27.672,18.8,44.0,0.0392266,-1.8436502,11.2188076
2026-01-01T23:14:29.928,18.8,44.2,0.0,-1.8044235999999998,11.2580342
2026-01-01T23:14:32.184,18.8,44.3,0.0392266,-1.8828768,11.3364874
2026-01-01T23:14:34.439,18.8,44.4,0.0,-1.8436502,11.2580342
2026-01-01T23:14:36.695,18.8,44.5,0.0,-1.8044235999999998,11.2188076
2026-01-01T23:14:38.951,18.8,44.5,0.0,-1.765197,11.2188076
2026-01-01T23:14:41.207,18.8,44.6,0.0,-1.8044235999999998,11.2188076
2026-01-01T23:14:43.462,18.8,44.5,0.0392266,-1.8828768,11.2972608
2026-01-01T23:14:45.718,18.8,44.5,0.0,-1.8044235999999998,11.2580342
2026-01-01T23:14:47.974,18.8,44.5,0.0,-1.8044235999999998,11.2972608
2026-01-01T23:14:50.230,18.8,44.4,0.0,-1.8044235999999998,11.2188076
2026-01-01T23:14:52.486,18.8,44.3,0.0392266,-1.8828768,11.2580342
2026-01-01T23:14:54.741,18.8,44.3,0.0,-1.8436502,11.2972608
2026-01-01T23:14:56.997,18.8,44.4,0.0392266,-1.8044235999999998,11.2580342
2026-01-01T23:14:59.253,18.8,44.5,0.0,-1.8436502,11.2188076
2026-01-01T23:15:01.509,18.8,44.5,0.0392266,-1.8044235999999998,11.2188076
2026-01-01T23:15:03.765,18.8,44.6,0.0,-1.8436502,11.2580342
2026-01-01T23:15:06.020,18.8,44.6,0.0392266,-1.8044235999999998,11.2188076
2026-01-01T23:15:08.276,18.8,44.6,0.0,-1.8828768,11.2972608
2026-01-01T23:15:10.532,18.8,44.6,0.0,-1.8436502,11.2972608
2026-01-01T23:15:12.787,18.8,44.7,0.0392266,-1.8436502,11.2972608
2026-01-01T23:15:15.043,18.8,44.6,0.0,-1.8828768,11.2580342
2026-01-01T23:15:17.299,18.8,44.5,-0.0392266,-1.8436502,11.2972608
2026-01-01T23:15:19.555,18.8,44.4,0.0,-1.765197,11.2188076
2026-01-01T23:15:21.810,18.8,44.4,0.0392266,-1.8044235999999998,11.2580342
2026-01-01T23:15:24.066,18.8,44.4,0.0,-1.8436502,11.3364874
2026-01-01T23:15:26.322,18.8,44.4,0.0,-1.8436502,11.2580342
2026-01-01T23:15:28.577,18.8,44.4,0.0392266,-1.8436502,11.2972608
2026-01-01T23:15:30.833,18.8,44.5,0.0,-1.8436502,11.2188076
2026-01-01T23:15:33.089,18.8,44.5,0.0,-1.8044235999999998,11.3364874
2026-01-01T23:15:35.344,18.8,44.5,0.0,-1.8044235999999998,11.2972608
2026-01-01T23:15:37.600,18.8,44.4,0.0392266,-1.8436502,11.2972608
2026-01-01T23:15:39.856,18.8,44.4,0.0392266,-1.8828768,11.2972608
2026-01-01T23:15:42.112,18.8,44.4,0.0,-1.8044235999999998,11.3364874
2026-01-01T23:15:44.367,18.8,44.3,0.0,-1.8436502,11.2580342
2026-01-01T23:15:46.623,18.8,44.3,0.0392266,-1.8044235999999998,11.2580342
2026-01-01T23:15:48.879,18.8,44.3,0.0392266,-1.8044235999999998,11.2972608
2026-01-01T23:15:51.134,18.8,44.3,0.0,-1.8044235999999998,11.375713999999999
2026-01-01T23:15:53.390,18.8,44.3,0.0,-1.8044235999999998,11.2972608
2026-01-01T23:15:55.646,18.8,44.2,0.0,-1.8436502,11.2580342
2026-01-01T23:15:57.901,18.8,44.3,0.0,-1.8044235999999998,11.2580342
2026-01-01T23:16:00.157,18.8,44.4,0.0,-1.8044235999999998,11.1403544
2026-01-01T23:16:02.413,18.8,44.5,0.0,-1.8044235999999998,11.2188076
2026-01-01T23:16:04.669,18.8,44.5,0.0392266,-1.8044235999999998,11.2188076
2026-01-01T23:16:06.924,18.8,44.6,0.0,-1.8436502,11.2972608
2026-01-01T23:16:09.180,18.8,44.6,0.0,-1.8436502,11.2580342
2026-01-01T23:16:11.435,18.8,44.7,0.0,-1.765197,11.2580342
2026-01-01T23:16:13.691,18.8,44.6,0.0,-1.8436502,11.2188076
2026-01-01T23:16:15.947,18.8,44.6,0.0,-1.8828768,11.179581
2026-01-01T23:16:18.202,18.8,44.5,0.0,-1.8044235999999998,11.179581
2026-01-01T23:16:20.458,18.8,44.5,0.0,-1.8436502,11.2972608
2026-01-01T23:16:22.714,18.8,44.5,0.0,-1.8828768,11.2580342
2026-01-01T23:16:24.970,18.8,44.5,0.0,-1.8044235999999998,11.179581
2026-01-01T23:16:27.225,18.8,44.5,0.0,-1.8044235999999998,11.2188076
2026-01-01T23:16:29.481,18.8,44.4,0.0,-1.8436502,11.2188076
2026-01-01T23:16:31.737,18.8,44.4,0.0,-1.8436502,11.2972608
2026-01-01T23:16:33.993,18.8,44.4,0.0,-1.8828768,11.2580342
2026-01-01T23:16:36.248,18.8,44.4,0.0,-1.8436502,11.2580342
2026-01-01T23:16:38.504,18.8,44.3,0.0,-1.8436502,11.2580342
2026-01-01T23:16:40.760,18.9,44.3,-0.0392266,-1.8044235999999998,11.2580342
2026-01-01T23:16:43.016,18.8,44.2,0.0,-1.8044235999999998,11.2188076
2026-01-01T23:16:45.271,18.8,44.1,0.0,-1.8436502,11.2188076
2026-01-01T23:16:47.527,18.8,44.1,0.0,-1.8436502,11.2580342
2026-01-01T23:16:49.783,18.8,44.0,0.0,-1.8828768,11.2580342
2026-01-01T23:16:52.039,18.8,44.0,-0.0392266,-1.8044235999999998,11.2188076
2026-01-01T23:16:54.294,18.8,44.0,0.0,-1.8436502,11.179581
2026-01-01T23:16:56.550,18.9,44.0,0.0,-1.8828768,11.2580342
2026-01-01T23:16:58.806,18.8,43.9,0.0,-1.8436502,11.3364874
2026-01-01T23:17:01.061,18.8,44.0,0.0392266,-1.8436502,11.2580342
2026-01-01T23:17:03.317,18.8,43.9,0.0,-1.8828768,11.2580342
2026-01-01T23:17:05.573,18.8,44.0,0.0,-1.8436502,11.2188076
2026-01-01T23:17:07.829,18.8,43.9,0.0,-1.8044235999999998,11.2188076
2026-01-01T23:17:10.084,18.8,43.9,0.0392266,-1.8436502,11.179581
2026-01-01T23:17:12.340,,,0.0,-1.8044235999999998,11.2972608
2026-01-01T23:17:14.596,18.9,43.9,0.0392266,-1.8828768,11.2972608
2026-01-01T23:17:16.851,18.8,43.8,0.0,-1.8828768,11.2972608
2026-01-01T23:17:19.107,18.8,43.8,0.0,-1.8044235999999998,11.2580342
2026-01-01T23:17:21.363,18.8,43.8,-0.0392266,-1.8436502,11.2972608
2026-01-01T23:17:23.618,18.9,43.8,0.0,-1.8044235999999998,11.2188076
2026-01-01T23:17:25.874,18.8,43.8,0.0,-1.8436502,11.2188076
2026-01-01T23:17:28.130,18.8,43.9,0.0392266,-1.8828768,11.2580342
2026-01-01T23:17:30.385,18.8,43.9,-0.0392266,-1.8436502,11.2580342
2026-01-01T23:17:32.641,18.8,44.0,0.0392266,-1.8828768,11.2580342
2026-01-01T23:17:34.897,18.8,44.0,0.0,-1.8436502,11.2580342
2026-01-01T23:17:37.152,18.8,44.1,-0.0392266,-1.8436502,11.3364874
2026-01-01T23:17:39.408,18.8,44.1,0.0,-1.8436502,11.1403544
2026-01-01T23:17:41.664,18.9,44.2,0.0,-1.8436502,11.2188076
2026-01-01T23:17:43.920,18.8,44.2,0.0,-1.8828768,11.179581
2026-01-01T23:17:46.175,18.8,44.2,0.0,-1.8828768,11.2972608
2026-01-01T23:17:48.431,18.8,44.2,0.0,-1.8436502,11.2580342
2026-01-01T23:17:50.686,18.8,44.2,0.0,-1.8044235999999998,11.2188076
2026-01-01T23:17:52.942,18.8,44.2,0.0,-1.8044235999999998,11.1403544
2026-01-01T23:17:55.198,18.8,44.1,0.0,-1.8044235999999998,11.2188076
2026-01-01T23:17:57.453,18.8,44.1,0.0,-1.8044235999999998,11.2188076
2026-01-01T23:17:59.709,18.8,44.1,0.0,-1.8436502,11.2580342
2026-01-01T23:18:01.965,18.8,44.1,0.0,-1.8828768,11.2972608
2026-01-01T23:18:04.220,18.8,44.1,0.0,-1.8436502,11.2580342
2026-01-01T23:18:06.476,18.8,44.0,-0.0392266,-1.8436502,11.3364874
2026-01-01T23:18:08.732,18.8,44.0,-0.0392266,-1.8436502,11.2580342
2026-01-01T23:18:10.987,18.8,43.9,0.0,-1.8044235999999998,11.2188076
2026-01-01T23:18:13.243,18.9,43.9,0.0,-1.8828768,11.2580342
2026-01-01T23:18:15.499,18.8,43.9,0.0,-1.8828768,11.2188076
2026-01-01T23:18:17.754,18.8,44.0,0.0392266,-1.8436502,11.2580342
2026-01-01T23:18:20.010,18.8,44.2,0.0392266,-1.8436502,11.2580342
2026-01-01T23:18:22.266,18.8,44.3,0.0,-1.8044235999999998,11.2188076
2026-01-01T23:18:24.521,18.8,44.3,0.0,-1.8436502,11.2188076
2026-01-01T23:18:26.777,18.8,44.3,0.0,-1.8436502,11.179581
2026-01-01T23:18:29.033,18.8,44.3,0.0,-1.8436502,11.2580342
2026-01-01T23:18:31.288,18.8,44.3,0.0392266,-1.8436502,11.2188076
2026-01-01T23:18:33.544,18.9,44.2,0.0392266,-1.8828768,11.2580342
2026-01-01T23:18:35.800,18.8,44.1,0.0,-1.8044235999999998,11.2188076
2026-01-01T23:18:38.056,18.8,44.0,0.0,-1.8044235999999998,11.179581
2026-01-01T23:18:40.311,18.8,43.9,0.0,-1.8436502,11.2972608
2026-01-01T23:18:42.567,18.8,43.9,0.0,-1.8828768,11.2580342
2026-01-01T23:18:44.822,18.8,44.1,0.0,-1.8044235999999998,11.2188076
2026-01-01T23:18:47.078,18.8,44.3,-0.0392266,-1.8828768,11.2188076
2026-01-01T23:18:49.334,18.9,44.4,-0.0392266,-1.765197,11.2188076
2026-01-01T23:18:51.590,18.8,44.4,0.0,-1.8044235999999998,11.2188076
2026-01-01T23:18:53.845,18.9,44.6,0.0,-1.8828768,11.2580342
2026-01-01T23:18:56.101,18.8,44.6,0.0,-1.8436502,11.2188076
2026-01-01T23:18:58.358,18.8,44.7,0.0,-1.8828768,11.2580342
2026-01-01T23:19:00.614,18.8,44.8,0.0,-1.8044235999999998,11.179581
2026-01-01T23:19:02.870,18.8,44.8,0.0,-1.8044235999999998,11.1403544
2026-01-01T23:19:05.126,18.8,44.8,0.0,-1.8436502,11.2972608
2026-01-01T23:19:07.381,18.9,45.0,0.0,-1.8828768,11.2188076
2026-01-01T23:19:09.641,18.8,45.0,-0.0392266,-1.8436502,11.179581
2026-01-01T23:19:11.901,18.9,45.1,0.0,-1.8436502,11.179581
2026-01-01T23:19:14.156,18.8,45.2,0.0,-1.8828768,11.2972608
2026-01-01T23:19:16.417,18.8,45.4,0.0,-1.8828768,11.2972608
2026-01-01T23:19:18.672,18.8,45.3,0.0,-1.8044235999999998,11.2580342
2026-01-01T23:19:20.933,18.8,45.3,0.0,-1.8436502,11.2972608
2026-01-01T23:19:23.193,18.8,45.1,0.0,-1.8436502,11.2580342
2026-01-01T23:19:25.453,18.8,44.9,0.0,-1.8436502,11.179581
2026-01-01T23:19:27.713,18.8,44.8,0.0392266,-1.8436502,11.2580342
2026-01-01T23:19:29.973,18.9,44.7,0.0,-1.8436502,11.2972608
2026-01-01T23:19:32.233,18.8,44.6,-0.0392266,-1.8044235999999998,11.2188076
2026-01-01T23:19:34.493,18.8,44.5,0.0,-1.8436502,11.2580342
2026-01-01T23:19:36.748,18.8,44.6,0.0,-1.8436502,11.2580342
2026-01-01T23:19:39.009,18.8,44.7,0.0,-1.8044235999999998,11.2580342
2026-01-01T23:19:41.269,18.8,44.7,0.0,-1.8436502,11.2580342
2026-01-01T23:19:43.524,18.9,44.8,0.0,-1.8436502,11.2188076
2026-01-01T23:19:45.780,18.9,44.7,0.0,-1.8828768,11.2580342
2026-01-01T23:19:48.035,18.9,44.7,0.0392266,-1.8828768,11.2972608
2026-01-01T23:19:50.297,18.8,44.6,0.0392266,-1.8044235999999998,11.2580342
2026-01-01T23:19:52.557,18.8,44.5,0.0,-1.8436502,11.2188076
2026-01-01T23:19:54.813,18.8,44.4,0.0,-1.8436502,11.2188076
2026-01-01T23:19:57.068,18.8,44.3,0.0,-1.8436502,11.2972608
2026-01-01T23:19:59.324,18.8,44.2,0.0,-1.8436502,11.2580342
2026-01-01T23:20:01.580,18.8,44.1,0.0,-1.8044235999999998,11.179581
2026-01-01T23:20:03.836,18.8,44.0,0.0392266,-1.8436502,11.2188076
2026-01-01T23:20:06.091,18.9,44.1,0.0,-1.8436502,11.2188076
2026-01-01T23:20:08.347,18.8,44.2,0.0,-1.8436502,11.2188076
2026-01-01T23:20:10.603,18.9,44.4,0.0,-1.8436502,11.2188076
2026-01-01T23:20:12.858,18.8,44.4,0.0,-1.8044235999999998,11.2188076
2026-01-01T23:20:15.114,18.9,44.6,0.0392266,-1.8828768,11.2972608
2026-01-01T23:20:17.370,18.8,44.7,-0.0392266,-1.8436502,11.2972608
2026-01-01T23:20:19.626,18.9,44.9,0.0392266,-1.8828768,11.2580342
2026-01-01T23:20:21.882,18.8,44.9,-0.0392266,-1.8436502,11.2188076
2026-01-01T23:20:24.137,18.8,45.0,0.0,-1.8436502,11.2580342
2026-01-01T23:20:26.393,18.8,44.9,0.0,-1.8436502,11.2972608
2026-01-01T23:20:28.649,18.9,45.0,0.0392266,-1.8436502,11.2580342
2026-01-01T23:20:30.905,18.9,44.9,0.0,-1.8436502,11.2188076
2026-01-01T23:20:33.160,18.8,44.9,0.0392266,-1.8436502,11.2580342
2026-01-01T23:20:35.416,18.8,44.9,0.0,-1.8436502,11.2580342
2026-01-01T23:20:37.672,18.8,44.7,-0.0392266,-1.8436502,11.2580342
2026-01-01T23:20:39.927,18.8,44.6,0.0,-1.8044235999999998,11.2188076
2026-01-01T23:20:42.183,18.8,44.5,0.0,-1.8436502,11.179581
2026-01-01T23:20:44.439,18.8,44.4,0.0,-1.8436502,11.2188076
2026-01-01T23:20:46.694,18.9,44.3,0.0,-1.8044235999999998,11.2188076
2026-01-01T23:20:48.950,18.9,44.2,0.0,-1.8044235999999998,11.179581
2026-01-01T23:20:51.206,18.8,44.0,0.0392266,-1.8436502,11.2580342
2026-01-01T23:20:53.461,18.8,44.0,0.0392266,-1.8044235999999998,11.2188076
2026-01-01T23:20:55.717,18.8,44.0,0.0,-1.8436502,11.179581
2026-01-01T23:20:57.973,18.9,44.1,0.0,-1.8436502,11.179581
2026-01-01T23:21:00.228,18.9,44.2,0.0,-1.8044235999999998,11.179581
2026-01-01T23:21:02.484,18.9,44.3,0.0,-1.8436502,11.2972608
2026-01-01T23:21:04.740,18.8,44.4,-0.0392266,-1.8828768,11.2972608
2026-01-01T23:21:06.995,18.8,44.5,0.0,-1.8044235999999998,11.2188076
2026-01-01T23:21:09.251,18.8,44.5,0.0,-1.9221034,11.2580342
2026-01-01T23:21:11.507,18.9,44.7,0.0392266,-1.8828768,11.2580342
2026-01-01T23:21:13.763,18.8,44.6,-0.0392266,-1.8044235999999998,11.179581
2026-01-01T23:21:16.018,18.8,44.6,0.0,-1.8828768,11.2188076
2026-01-01T23:21:18.274,18.8,44.6,-0.0392266,-1.8436502,11.2972608
2026-01-01T23:21:20.529,18.8,44.7,0.0,-1.8828768,11.2580342
2026-01-01T23:21:22.785,18.8,44.6,0.0,-1.8436502,11.179581
2026-01-01T23:21:25.041,18.9,44.5,0.0,-1.8828768,11.2972608
2026-01-01T23:21:27.296,18.9,44.4,0.0,-1.8828768,11.2188076
2026-01-01T23:21:29.552,18.8,44.3,0.0,-1.8828768,11.2972608
2026-01-01T23:21:31.808,18.9,44.2,0.0,-1.8436502,11.2188076
2026-01-01T23:21:34.064,18.8,44.2,0.0,-1.8044235999999998,11.2972608
2026-01-01T23:21:36.320,18.8,44.2,0.0,-1.8436502,11.2188076
2026-01-01T23:21:38.575,18.8,44.3,0.0,-1.8044235999999998,11.179581
2026-01-01T23:21:40.831,18.8,44.5,0.0,-1.8436502,11.2580342
2026-01-01T23:21:43.087,18.9,44.7,0.0392266,-1.8044235999999998,11.2188076
2026-01-01T23:21:45.343,18.8,44.7,-0.0392266,-1.8044235999999998,11.2188076
2026-01-01T23:21:47.598,18.9,44.8,0.0,-1.8436502,11.2580342
2026-01-01T23:21:49.854,18.8,44.7,0.0,-1.765197,11.2188076
2026-01-01T23:21:52.110,18.9,44.8,-0.0392266,-1.8044235999999998,11.2580342
2026-01-01T23:21:54.366,18.8,44.7,0.0,-1.8436502,11.1403544
2026-01-01T23:21:56.621,18.8,44.6,0.0,-1.8436502,11.2580342
2026-01-01T23:21:58.877,18.8,44.5,0.0,-1.8436502,11.2972608
2026-01-01T23:22:01.133,18.8,44.4,0.0392266,-1.8436502,11.2188076
2026-01-01T23:22:03.389,18.8,44.3,0.0,-1.8436502,11.2972608
2026-01-01T23:22:05.644,18.8,44.3,0.0,-1.8436502,11.2188076
2026-01-01T23:22:07.900,18.8,44.2,0.0,-1.8044235999999998,11.2972608
2026-01-01T23:22:10.156,18.9,44.3,0.0,-1.8436502,11.179581
2026-01-01T23:22:12.411,18.9,44.2,0.0,-1.8436502,11.3364874
2026-01-01T23:22:14.667,18.8,44.2,0.0,-1.8828768,11.2580342
2026-01-01T23:22:16.923,18.8,44.1,0.0,-1.8044235999999998,11.2188076
2026-01-01T23:22:19.178,18.9,44.2,0.0,-1.8828768,11.2580342
2026-01-01T23:22:21.434,18.8,44.2,0.0,-1.8828768,11.2580342
2026-01-01T23:22:23.690,18.8,44.1,0.0,-1.8436502,11.2972608
2026-01-01T23:22:25.945,18.9,44.3,0.0,-1.8436502,11.179581
2026-01-01T23:22:28.201,18.8,44.2,0.0,-1.8436502,11.179581
2026-01-01T23:22:30.457,18.9,44.3,0.0,-1.8436502,11.2972608
2026-01-01T23:22:32.712,18.8,44.1,0.0,-1.8044235999999998,11.2580342
2026-01-01T23:22:34.968,18.8,44.0,0.0392266,-1.8436502,11.2580342
2026-01-01T23:22:37.224,18.8,44.0,0.0,-1.8828768,11.2972608
2026-01-01T23:22:39.480,18.9,44.0,0.0,-1.8436502,11.179581
2026-01-01T23:22:41.735,18.8,43.8,0.0,-1.8436502,11.179581
2026-01-01T23:22:43.991,18.8,43.8,0.0,-1.8436502,11.2580342
2026-01-01T23:22:46.247,18.8,43.8,0.0,-1.8436502,11.2188076
2026-01-01T23:22:48.503,18.8,43.8,0.0,-1.8044235999999998,11.2188076
2026-01-01T23:22:50.759,18.8,43.7,0.0,-1.8436502,11.2972608
2026-01-01T23:22:53.014,18.8,43.7,0.0,-1.8828768,11.2580342
2026-01-01T23:22:55.270,18.9,43.8,0.0,-1.8436502,11.179581
2026-01-01T23:22:57.526,18.8,43.7,0.0,-1.8436502,11.2580342
2026-01-01T23:22:59.782,18.9,43.7,0.0,-1.8436502,11.2580342
2026-01-01T23:23:02.037,18.8,43.6,-0.0392266,-1.8436502,11.2580342
2026-01-01T23:23:04.293,18.8,43.6,0.0,-1.8044235999999998,11.2580342
2026-01-01T23:23:06.548,18.9,43.6,0.0,-1.765197,11.2188076
2026-01-01T23:23:08.804,18.8,43.6,0.0,-1.8044235999999998,11.2580342
2026-01-01T23:23:11.060,18.8,43.6,-0.0392266,-1.8436502,11.2188076
2026-01-01T23:23:13.315,18.9,43.7,0.0,-1.8436502,11.2188076
2026-01-01T23:23:15.571,18.8,43.7,0.0,-1.8436502,11.2188076
2026-01-01T23:23:17.827,18.8,43.7,0.0,-1.8044235999999998,11.2580342
2026-01-01T23:23:20.082,18.8,43.7,0.0,-1.8436502,11.179581
2026-01-01T23:23:22.338,18.8,43.7,0.0,-1.8044235999999998,11.2188076
2026-01-01T23:23:24.594,18.8,43.7,0.0,-1.8828768,11.2188076
2026-01-01T23:23:26.849,18.8,43.7,0.0,-1.8436502,11.2188076
2026-01-01T23:23:29.105,18.8,43.7,0.0,-1.8828768,11.2972608
2026-01-01T23:23:31.361,18.8,43.7,0.0,-1.8436502,11.2188076
2026-01-01T23:23:33.616,18.8,43.7,0.0,-1.8044235999999998,11.2972608
2026-01-01T23:23:35.872,18.8,43.6,-0.0392266,-1.8044235999999998,11.179581
2026-01-01T23:23:38.128,18.8,43.7,0.0,-1.8436502,11.179581
2026-01-01T23:23:40.384,18.8,43.7,0.0392266,-1.8436502,11.2188076
2026-01-01T23:23:42.640,18.8,43.7,0.0,-1.765197,11.1403544
2026-01-01T23:23:44.895,18.9,43.7,0.0,-1.8436502,11.179581
2026-01-01T23:23:47.151,18.8,43.7,0.0,-1.8044235999999998,11.1403544
2026-01-01T23:23:49.407,18.9,43.7,0.0,-1.8436502,11.2188076
2026-01-01T23:23:51.662,18.8,43.7,0.0,-1.8436502,11.179581
2026-01-01T23:23:53.918,18.9,43.7,0.0,-1.8044235999999998,11.2188076
2026-01-01T23:23:56.174,18.8,43.7,0.0392266,-1.8436502,11.2188076
2026-01-01T23:23:58.430,18.8,43.7,-0.0392266,-1.8436502,11.2580342
2026-01-01T23:24:00.685,18.8,43.7,-0.0392266,-1.8044235999999998,11.2188076
2026-01-01T23:24:02.941,18.8,43.7,0.0,-1.8436502,11.2188076
2026-01-01T23:24:05.197,18.9,43.8,0.0392266,-1.8436502,11.2972608
2026-01-01T23:24:07.452,18.8,43.8,-0.0392266,-1.8044235999999998,11.2188076
2026-01-01T23:24:09.708,18.8,43.8,0.0,-1.8044235999999998,11.2188076
2026-01-01T23:24:11.964,18.8,43.9,0.0,-1.8828768,11.2972608
2026-01-01T23:24:14.219,18.8,43.9,0.0,-1.8436502,11.179581
2026-01-01T23:24:16.475,18.9,44.0,0.0,-1.8044235999999998,11.179581
2026-01-01T23:24:18.730,18.8,43.9,0.0,-1.8828768,11.2188076
2026-01-01T23:24:20.989,18.8,43.9,0.0,-1.8044235999999998,11.2188076
2026-01-01T23:24:23.249,18.8,43.8,0.0,-1.8436502,11.2580342
2026-01-01T23:24:25.509,18.8,43.8,-0.0392266,-1.8044235999999998,11.2188076
2026-01-01T23:24:27.769,18.8,43.8,0.0,-1.8436502,11.179581
2026-01-01T23:24:30.029,18.9,43.8,0.0,-1.8436502,11.2188076
2026-01-01T23:24:32.289,18.8,43.8,0.0,-1.8044235999999998,11.1403544
2026-01-01T23:24:34.544,18.8,43.8,0.0,-1.8436502,11.2580342
2026-01-01T23:24:36.805,18.9,43.8,-0.0392266,-1.8044235999999998,11.2580342
2026-01-01T23:24:39.065,18.8,43.7,0.0,-1.8044235999999998,11.1403544
2026-01-01T23:24:41.325,18.8,43.7,0.0,-1.8828768,11.2580342
2026-01-01T23:24:43.580,18.8,43.7,0.0,-1.8044235999999998,11.2580342
2026-01-01T23:24:45.836,18.8,43.8,0.0,-1.8436502,11.1403544
2026-01-01T23:24:48.091,18.8,43.9,0.0,-1.8436502,11.2188076
2026-01-01T23:24:50.347,18.8,44.0,0.0,-1.8044235999999998,11.2188076
2026-01-01T23:24:52.603,18.8,44.2,0.0,-1.8436502,11.179581
2026-01-01T23:24:54.859,18.8,44.4,0.0,-1.8436502,11.179581
2026-01-01T23:24:57.115,18.9,44.6,0.0,-1.8044235999999998,11.2972608
2026-01-01T23:24:59.370,18.8,44.6,0.0,-1.8044235999999998,11.2188076
2026-01-01T23:25:01.629,18.8,44.8,0.0,-1.8828768,11.2972608
2026-01-01T23:25:03.889,18.8,44.9,0.0,-1.8828768,11.2580342
2026-01-01T23:25:06.149,18.8,44.9,0.0,-1.8436502,11.2188076
2026-01-01T23:25:08.409,18.8,44.9,0.0,-1.8828768,11.2580342
2026-01-01T23:25:10.669,18.8,45.0,0.0,-1.8436502,11.2188076
2026-01-01T23:25:12.924,18.9,45.2,0.0,-1.8436502,11.2188076
2026-01-01T23:25:15.185,18.9,45.5,0.0,-1.8044235999999998,11.2188076
2026-01-01T23:25:17.445,18.8,45.5,0.0,-1.8436502,11.179581
2026-01-01T23:25:19.700,18.8,45.5,0.0,-1.8436502,11.2580342
2026-01-01T23:25:21.961,18.8,45.9,0.0,-1.8436502,11.2188076
2026-01-01T23:25:24.216,18.8,46.0,0.0,-1.8436502,11.2580342
2026-01-01T23:25:26.472,18.9,46.2,-0.0392266,-1.8044235999999998,11.2188076
2026-01-01T23:25:28.727,18.8,46.2,0.0,-1.8436502,11.2188076
2026-01-01T23:25:30.983,18.9,46.3,0.0,-1.8828768,11.2580342
2026-01-01T23:25:33.241,18.9,46.4,0.0,-1.765197,11.179581
2026-01-01T23:25:35.496,18.9,46.6,0.0,-1.8436502,11.2188076
2026-01-01T23:25:37.757,18.9,46.7,0.0,-1.8828768,11.2580342
2026-01-01T23:25:40.012,18.8,46.7,0.0,-1.8828768,11.2188076
2026-01-01T23:25:42.268,18.9,46.7,0.0,-1.8436502,11.179581
2026-01-01T23:25:44.529,18.9,46.8,0.0392266,-1.8436502,11.179581
2026-01-01T23:25:46.784,18.9,46.8,0.0,-1.8828768,11.2188076
2026-01-01T23:25:49.045,18.9,46.8,0.0,-1.8436502,11.2580342
2026-01-01T23:25:51.300,18.9,46.8,0.0,-1.8436502,11.179581
2026-01-01T23:25:53.561,18.9,46.7,0.0,-1.8044235999999998,11.2580342
2026-01-01T23:25:55.816,18.9,46.7,0.0,-1.8044235999999998,11.2580342
2026-01-01T23:25:58.077,18.9,46.7,0.0,-1.8436502,11.2188076
2026-01-01T23:26:00.332,18.9,46.7,0.0,-1.8436502,11.2188076
2026-01-01T23:26:02.593,18.9,46.7,0.0,-1.8828768,11.179581
2026-01-01T23:26:04.853,18.9,46.7,0.0,-1.8044235999999998,11.2188076
2026-01-01T23:26:07.113,18.9,46.7,0.0,-1.8828768,11.2580342
2026-01-01T23:26:09.368,18.9,46.8,0.0,-1.8828768,11.2972608
2026-01-01T23:26:11.627,18.9,46.8,0.0,-1.8044235999999998,11.179581
2026-01-01T23:26:13.885,18.9,46.8,0.0,-1.765197,11.1011278
2026-01-01T23:26:16.145,18.9,46.8,0.0,-1.8828768,11.2188076
2026-01-01T23:26:18.405,18.9,46.9,0.0,-1.8436502,11.2972608
2026-01-01T23:26:20.661,18.9,47.0,0.0,-1.8044235999999998,11.2580342
2026-01-01T23:26:22.916,18.9,47.0,-0.0392266,-1.8044235999999998,11.2188076
2026-01-01T23:26:25.177,18.9,47.0,0.0392266,-1.8828768,11.2580342
2026-01-01T23:26:27.437,18.9,47.0,0.0,-1.8436502,11.2188076
2026-01-01T23:26:29.697,18.9,47.0,0.0,-1.8044235999999998,11.2188076
2026-01-01T23:26:31.957,18.9,46.9,0.0392266,-1.8436502,11.2188076
2026-01-01T23:26:34.217,18.9,46.9,0.0,-1.8436502,11.2580342
2026-01-01T23:26:36.472,18.9,46.9,-0.0392266,-1.8828768,11.179581
2026-01-01T23:26:38.728,18.9,46.9,0.0,-1.8436502,11.2188076
2026-01-01T23:26:40.989,18.9,46.9,0.0,-1.8828768,11.2188076
2026-01-01T23:26:43.249,18.9,46.9,0.0,-1.8436502,11.2188076
2026-01-01T23:26:45.504,18.9,46.8,0.0392266,-1.9221034,11.2972608
2026-01-01T23:26:47.760,18.9,46.7,0.0,-1.8436502,11.179581
2026-01-01T23:26:50.015,18.9,46.6,0.0,-1.8828768,11.179581
2026-01-01T23:26:52.277,18.9,46.7,0.0,-1.8436502,11.2188076
2026-01-01T23:26:54.537,18.9,45.7,0.0,-1.8436502,11.2580342
2026-01-01T23:26:56.792,18.9,46.7,0.0,-1.8436502,11.2188076
2026-01-01T23:26:59.048,18.9,46.7,0.0,-1.8828768,11.2972608
2026-01-01T23:27:01.303,18.9,46.6,-0.0392266,-1.8436502,11.2188076
2026-01-01T23:27:03.561,18.9,46.6,0.0,-1.8044235999999998,11.179581
2026-01-01T23:27:05.821,18.9,46.6,0.0,-1.8436502,11.2580342
2026-01-01T23:27:08.081,18.9,46.6,0.0,-1.8436502,11.2580342
2026-01-01T23:27:10.336,18.9,46.6,-0.0392266,-1.8828768,11.2580342
2026-01-01T23:27:12.592,18.9,46.7,0.0,-1.8828768,11.2972608
2026-01-01T23:27:14.848,19.0,46.7,0.0,-1.8436502,11.1403544
2026-01-01T23:27:17.104,18.9,46.7,0.0,-1.8436502,11.2580342
2026-01-01T23:27:19.361,18.9,46.7,0.0,-1.8436502,11.2580342
2026-01-01T23:27:21.616,18.9,46.7,0.0,-1.8044235999999998,11.179581
2026-01-01T23:27:23.872,18.9,46.8,0.0,-1.8044235999999998,11.1403544
2026-01-01T23:27:26.128,18.9,46.8,0.0,-1.8044235999999998,11.2188076
2026-01-01T23:27:28.383,18.9,46.7,0.0,-1.8436502,11.2580342
2026-01-01T23:27:30.639,18.9,46.6,0.0,-1.8436502,11.179581
2026-01-01T23:27:32.895,18.9,46.4,0.0,-1.8828768,11.2580342
2026-01-01T23:27:35.151,18.9,46.4,-0.0392266,-1.8044235999999998,11.1403544
2026-01-01T23:27:37.406,18.9,46.4,0.0,-1.8436502,11.179581
2026-01-01T23:27:39.662,18.9,46.3,0.0,-1.8436502,11.2188076
2026-01-01T23:27:41.918,19.0,46.3,0.0,-1.8044235999999998,11.1403544
2026-01-01T23:27:44.174,19.0,46.2,0.0,-1.8436502,11.2188076
2026-01-01T23:27:46.429,19.0,46.2,0.0,-1.8828768,11.179581
2026-01-01T23:27:48.685,19.0,46.1,0.0,-1.8044235999999998,11.179581
2026-01-01T23:27:50.941,19.0,46.0,0.0,-1.8044235999999998,11.1403544
2026-01-01T23:27:53.197,19.0,46.0,0.0392266,-1.8828768,11.2580342
2026-01-01T23:27:55.453,18.9,46.1,0.0,-1.8044235999999998,11.2580342
2026-01-01T23:27:57.708,19.0,46.2,0.0,-1.8436502,11.2580342
2026-01-01T23:27:59.964,18.9,46.3,-0.0392266,-1.8044235999999998,11.179581
2026-01-01T23:28:02.220,19.0,46.4,0.0,-1.8044235999999998,11.1403544
2026-01-01T23:28:04.476,19.0,46.5,-0.0392266,-1.8436502,11.1403544
2026-01-01T23:28:06.732,19.0,46.4,0.0,-1.8436502,11.2580342
2026-01-01T23:28:08.987,19.0,46.3,0.0,-1.8436502,11.179581
2026-01-01T23:28:11.243,19.0,46.4,0.0,-1.8436502,11.179581
2026-01-01T23:28:13.499,19.0,46.4,-0.0392266,-1.8436502,11.1403544
2026-01-01T23:28:15.754,19.0,46.4,-0.0392266,-1.8436502,11.2188076
2026-01-01T23:28:18.010,19.0,46.5,0.0,-1.8436502,11.179581
2026-01-01T23:28:20.266,19.0,46.5,0.0,-1.8436502,11.2580342
2026-01-01T23:28:22.522,19.0,46.4,0.0,-1.8436502,11.2188076
2026-01-01T23:28:24.777,19.0,46.3,0.0,-1.8044235999999998,11.2580342
2026-01-01T23:28:27.033,19.0,46.3,0.0,-1.8828768,11.2580342
2026-01-01T23:28:29.289,19.0,46.2,0.0,-1.8828768,11.2580342
2026-01-01T23:28:31.544,19.0,46.3,0.0,-1.8044235999999998,11.2580342
2026-01-01T23:28:33.800,19.0,46.3,0.0,-1.8828768,11.2188076
2026-01-01T23:28:36.056,19.0,46.3,0.0,-1.8436502,11.2188076
2026-01-01T23:28:38.311,19.0,46.4,0.0,-1.8044235999999998,11.179581
2026-01-01T23:28:40.567,19.0,46.3,0.0,-1.8436502,11.179581
2026-01-01T23:28:42.823,19.0,46.2,0.0,-1.8436502,11.179581
2026-01-01T23:28:45.079,19.0,46.2,-0.0392266,-1.8828768,11.2972608
2026-01-01T23:28:47.334,19.0,46.1,0.0,-1.8436502,11.2580342
2026-01-01T23:28:49.590,19.0,46.2,0.0,-1.8436502,11.2580342
2026-01-01T23:28:51.846,19.0,46.2,-0.0392266,-1.8044235999999998,11.179581
2026-01-01T23:28:54.102,,,0.0,-1.8828768,11.2580342
2026-01-01T23:28:56.359,19.0,46.1,0.0,-1.8828768,11.2580342
2026-01-01T23:28:58.614,19.0,45.9,0.0,-1.8436502,11.2580342
2026-01-01T23:29:00.870,19.0,45.6,0.0,-1.8436502,11.2188076
2026-01-01T23:29:03.126,19.0,45.6,-0.0392266,-1.8044235999999998,11.179581
2026-01-01T23:29:05.381,19.0,45.6,0.0,-1.8436502,11.179581
2026-01-01T23:29:07.637,19.0,45.6,0.0,-1.8436502,11.2580342
2026-01-01T23:29:09.893,19.0,45.5,0.0,-1.8436502,11.179581
2026-01-01T23:29:12.149,19.0,45.4,0.0,-1.8436502,11.2188076
2026-01-01T23:29:14.405,19.0,45.4,0.0,-1.8828768,11.2580342
2026-01-01T23:29:16.660,19.0,45.3,0.0,-1.8436502,11.2188076
2026-01-01T23:29:18.916,19.0,45.3,0.0,-1.8828768,11.2188076
2026-01-01T23:29:21.172,19.0,45.4,0.0,-1.9221034,11.2188076
2026-01-01T23:29:23.427,19.0,45.6,0.0,-1.8436502,11.2188076
2026-01-01T23:29:25.683,19.0,45.6,0.0,-1.8436502,11.2188076
2026-01-01T23:29:27.939,19.0,45.6,0.0,-1.765197,11.2188076
2026-01-01T23:29:30.194,19.0,45.6,0.0,-1.8436502,11.2188076
2026-01-01T23:29:32.450,19.0,45.6,0.0,-1.8828768,11.2972608
2026-01-01T23:29:34.705,19.0,45.6,0.0,-1.8436502,11.179581
2026-01-01T23:29:36.961,19.0,45.6,0.0,-1.8436502,11.179581
2026-01-01T23:29:39.217,19.0,45.6,-0.0392266,-1.8436502,11.2188076
2026-01-01T23:29:41.472,19.0,45.6,0.0,-1.8436502,11.2188076
2026-01-01T23:29:43.728,19.0,45.6,0.0,-1.8436502,11.2580342
2026-01-01T23:29:45.984,19.0,45.6,0.0,-1.8436502,11.2188076
2026-01-01T23:29:48.240,19.0,45.6,0.0,-1.8828768,11.2580342
2026-01-01T23:29:50.495,19.0,45.6,0.0,-1.8828768,11.2188076
2026-01-01T23:29:52.751,19.0,45.6,-0.0392266,-1.8828768,11.2580342
2026-01-01T23:29:55.007,19.0,45.6,0.0,-1.8436502,11.2188076
2026-01-01T23:29:57.262,19.0,45.6,0.0,-1.8436502,11.179581
2026-01-01T23:29:59.518,19.0,45.9,-0.0392266,-1.8436502,11.2188076
2026-01-01T23:30:01.774,19.0,46.0,0.0,-1.8436502,11.179581
2026-01-01T23:30:04.030,19.0,46.0,0.0,-1.8436502,11.2188076
2026-01-01T23:30:06.285,19.0,46.1,0.0,-1.8436502,11.2188076
2026-01-01T23:30:08.541,19.0,46.2,0.0,-1.8436502,11.179581
2026-01-01T23:30:10.796,19.0,46.1,0.0,-1.8828768,11.2580342
2026-01-01T23:30:13.052,19.0,46.0,0.0,-1.8828768,11.2188076
2026-01-01T23:30:15.308,19.0,46.0,-0.0392266,-1.8436502,11.2580342
2026-01-01T23:30:17.563,19.0,45.9,0.0,-1.8044235999999998,11.1403544
2026-01-01T23:30:19.819,19.0,45.8,-0.0392266,-1.8044235999999998,11.2188076
2026-01-01T23:30:22.075,19.0,45.6,0.0,-1.765197,11.2188076
2026-01-01T23:30:24.330,19.0,45.6,0.0,-1.8828768,11.2188076
2026-01-01T23:30:26.586,19.0,45.6,0.0,-1.8436502,11.2580342
2026-01-01T23:30:28.842,19.0,45.8,0.0,-1.8436502,11.2188076
2026-01-01T23:30:31.098,19.0,45.9,0.0,-1.8436502,11.2188076
2026-01-01T23:30:33.353,19.0,46.0,0.0,-1.8828768,11.2580342
2026-01-01T23:30:35.609,19.0,46.1,-0.0392266,-1.8828768,11.2188076
2026-01-01T23:30:37.865,19.0,46.2,0.0,-1.8436502,11.2188076
2026-01-01T23:30:40.120,19.0,46.2,0.0,-1.8436502,11.2188076
2026-01-01T23:30:42.376,19.0,46.2,-0.0392266,-1.8436502,11.2580342
2026-01-01T23:30:44.632,19.0,46.3,0.0,-1.9221034,11.2580342
2026-01-01T23:30:46.888,19.0,46.3,0.0,-1.8436502,11.2580342
2026-01-01T23:30:49.144,19.0,46.3,-0.0392266,-1.8828768,11.2188076
2026-01-01T23:30:51.399,19.0,46.3,0.0,-1.8436502,11.179581
2026-01-01T23:30:53.655,19.0,46.3,0.0,-1.8828768,11.179581
2026-01-01T23:30:55.911,19.0,46.4,-0.0392266,-1.8436502,11.2188076
2026-01-01T23:30:58.167,19.0,46.4,0.0,-1.8436502,11.2188076
2026-01-01T23:31:00.422,19.0,46.4,0.0,-1.8436502,11.179581
2026-01-01T23:31:02.678,19.0,46.4,0.0,-1.8436502,11.2580342
2026-01-01T23:31:04.934,19.0,46.4,0.0,-1.8828768,11.2188076
2026-01-01T23:31:07.189,19.0,46.4,0.0,-1.8828768,11.179581
2026-01-01T23:31:09.445,19.0,46.4,0.0,-1.8828768,11.179581
2026-01-01T23:31:11.701,19.0,46.4,0.0,-1.8436502,11.179581
2026-01-01T23:31:13.956,19.0,46.3,0.0,-1.8044235999999998,11.1403544
2026-01-01T23:31:16.212,19.0,46.3,0.0,-1.8828768,11.2580342
2026-01-01T23:31:18.468,19.0,46.4,0.0,-1.8828768,11.2580342
2026-01-01T23:31:20.724,19.0,46.4,-0.0392266,-1.8436502,11.2972608
2026-01-01T23:31:22.979,19.0,46.4,0.0,-1.8828768,11.2188076
2026-01-01T23:31:25.234,19.0,46.4,0.0,-1.8436502,11.1403544
2026-01-01T23:31:27.490,19.0,46.4,0.0,-1.8436502,11.1403544
2026-01-01T23:31:29.746,19.0,46.4,0.0,-1.8436502,11.2188076
2026-01-01T23:31:32.002,19.0,46.4,0.0,-1.8044235999999998,11.179581
2026-01-01T23:31:34.258,19.0,46.3,0.0,-1.8828768,11.1403544
2026-01-01T23:31:36.514,19.0,46.3,0.0,-1.8044235999999998,11.2188076
2026-01-01T23:31:38.769,19.0,46.3,0.0,-1.8436502,11.2188076
2026-01-01T23:31:41.025,19.0,46.3,0.0,-1.8436502,11.2580342
2026-01-01T23:31:43.280,19.0,46.3,0.0,-1.8828768,11.2188076
2026-01-01T23:31:45.536,19.0,46.3,-0.0392266,-1.8044235999999998,11.2580342
2026-01-01T23:31:47.792,19.0,46.3,0.0,-1.8828768,11.2188076
2026-01-01T23:31:50.048,19.0,46.3,0.0,-1.8828768,11.179581
2026-01-01T23:31:52.303,19.0,46.2,0.0,-1.8436502,11.1403544
2026-01-01T23:31:54.559,19.0,46.3,0.0,-1.8044235999999998,11.179581
2026-01-01T23:31:56.815,19.0,46.3,-0.0392266,-1.8044235999999998,11.2188076
2026-01-01T23:31:59.070,19.0,46.1,0.0,-1.8828768,11.179581
2026-01-01T23:32:01.326,19.0,46.0,0.0,-1.8436502,11.2188076
2026-01-01T23:32:03.582,19.0,46.0,0.0,-1.8044235999999998,11.2188076
2026-01-01T23:32:05.838,19.0,46.0,0.0,-1.8436502,11.2580342
2026-01-01T23:32:08.093,19.0,46.0,0.0,-1.8436502,11.2188076
2026-01-01T23:32:10.349,19.0,46.0,0.0,-1.8044235999999998,11.2188076
2026-01-01T23:32:12.604,19.0,46.0,0.0392266,-1.8828768,11.2188076
2026-01-01T23:32:14.860,19.0,46.1,0.0392266,-1.8436502,11.2580342
2026-01-01T23:32:17.116,19.0,46.1,0.0,-1.8436502,11.179581
2026-01-01T23:32:19.372,19.0,46.1,0.0,-1.8436502,11.2580342
2026-01-01T23:32:21.627,19.0,46.1,0.0392266,-1.8828768,11.2188076
2026-01-01T23:32:23.883,19.0,46.1,0.0,-1.8436502,11.2188076
2026-01-01T23:32:26.139,19.0,46.1,0.0,-1.8436502,11.2580342
2026-01-01T23:32:28.395,19.0,46.1,0.0,-1.8436502,11.179581
2026-01-01T23:32:30.651,19.0,46.1,0.0392266,-1.8436502,11.2188076
2026-01-01T23:32:32.906,19.0,46.1,0.0,-1.8436502,11.179581
2026-01-01T23:32:35.162,19.0,46.1,0.0,-1.8436502,11.179581
2026-01-01T23:32:37.418,19.0,46.1,0.0392266,-1.8436502,11.2188076
2026-01-01T23:32:39.674,19.0,46.1,0.0,-1.8044235999999998,11.179581
2026-01-01T23:32:41.929,19.0,46.0,0.0392266,-1.8436502,11.2188076
2026-01-01T23:32:44.185,19.0,46.0,0.0,-1.8828768,11.2972608
2026-01-01T23:32:46.441,19.0,46.0,0.0,-1.8828768,11.2580342
2026-01-01T23:32:48.696,19.0,45.9,0.0,-1.8436502,11.2972608
2026-01-01T23:32:50.952,19.0,45.8,0.0,-1.8828768,11.2580342
2026-01-01T23:32:53.208,19.0,45.6,0.0,-1.8436502,11.2580342
2026-01-01T23:32:55.463,19.0,45.6,0.0,-1.8436502,11.2188076
2026-01-01T23:32:57.719,19.0,45.6,-0.0392266,-1.8044235999999998,11.2188076
2026-01-01T23:32:59.975,19.0,45.6,0.0392266,-1.8828768,11.2188076
2026-01-01T23:33:02.230,19.0,45.6,0.0,-1.8828768,11.2972608
2026-01-01T23:33:04.486,19.0,45.6,0.0,-1.8436502,11.179581
2026-01-01T23:33:06.742,19.0,45.6,0.0,-1.8436502,11.1403544
2026-01-01T23:33:08.997,19.0,45.6,0.0,-1.8436502,11.179581
2026-01-01T23:33:11.253,19.0,45.6,0.0,-1.8436502,11.179581
2026-01-01T23:33:13.509,19.0,45.6,-0.0392266,-1.8828768,11.2972608
2026-01-01T23:33:15.765,19.0,45.5,0.0,-1.8436502,11.179581
2026-01-01T23:33:18.020,19.0,45.4,0.0,-1.8436502,11.2188076
2026-01-01T23:33:20.276,19.0,45.3,0.0,-1.8436502,11.2972608
2026-01-01T23:33:22.532,19.0,45.2,-0.0392266,-1.8436502,11.179581
2026-01-01T23:33:24.788,19.0,45.1,0.0,-1.8436502,11.2188076
2026-01-01T23:33:27.044,19.0,45.0,0.0,-1.8828768,11.2580342
2026-01-01T23:33:29.299,19.0,44.9,0.0,-1.8044235999999998,11.2580342
2026-01-01T23:33:31.555,19.0,44.9,0.0392266,-1.8436502,11.2188076
2026-01-01T23:33:33.810,19.0,44.8,0.0,-1.8436502,11.2188076
2026-01-01T23:33:36.066,19.0,44.7,0.0,-1.8436502,11.2580342
2026-01-01T23:33:38.322,19.0,44.6,0.0,-1.8828768,11.2580342
2026-01-01T23:33:40.578,19.0,44.5,0.0,-1.8828768,11.179581
2026-01-01T23:33:42.833,19.0,44.5,0.0,-1.8044235999999998,11.179581
2026-01-01T23:33:45.089,19.0,44.4,0.0,-1.8436502,11.1403544
2026-01-01T23:33:47.345,19.0,44.3,0.0392266,-1.8436502,11.1011278
2026-01-01T23:33:49.601,19.0,44.3,0.0,-1.8436502,11.2580342
2026-01-01T23:33:51.857,19.0,44.2,0.0,-1.8436502,11.2580342
2026-01-01T23:33:54.112,19.0,44.2,0.0,-1.8436502,11.1403544
2026-01-01T23:33:56.368,19.0,44.1,0.0,-1.8828768,11.2188076
2026-01-01T23:33:58.624,,,0.0,-1.8828768,11.2188076
2026-01-01T23:34:00.880,19.0,44.2,0.0,-1.8828768,11.2580342
2026-01-01T23:34:03.135,19.0,44.2,0.0,-1.8828768,11.2580342
2026-01-01T23:34:05.391,19.0,44.3,-0.0392266,-1.8436502,11.179581
2026-01-01T23:34:07.647,19.0,44.3,0.0,-1.8044235999999998,11.2188076
2026-01-01T23:34:09.902,19.0,44.4,0.0,-1.8436502,11.179581
2026-01-01T23:34:12.158,19.0,44.5,0.0,-1.8828768,11.2580342
2026-01-01T23:34:14.414,19.0,44.5,0.0,-1.9221034,11.2580342
2026-01-01T23:34:16.670,19.0,44.6,0.0,-1.8044235999999998,11.3364874
2026-01-01T23:34:18.925,19.0,44.6,0.0,-1.8828768,11.2188076
2026-01-01T23:34:21.181,19.0,44.5,0.0,-1.8436502,11.2580342
2026-01-01T23:34:23.437,19.0,44.5,0.0,-1.8044235999999998,11.2580342
2026-01-01T23:34:25.692,19.0,44.4,0.0,-1.8044235999999998,11.2188076
2026-01-01T23:34:27.948,19.0,44.3,0.0,-1.8436502,11.1403544
2026-01-01T23:34:30.204,19.0,44.3,-0.0392266,-1.8436502,11.179581
2026-01-01T23:34:32.459,19.0,44.2,0.0,-1.8436502,11.1403544
2026-01-01T23:34:34.715,19.0,44.2,0.0,-1.8044235999999998,11.2188076
2026-01-01T23:34:36.971,19.0,44.2,-0.0392266,-1.8436502,11.2188076
2026-01-01T23:34:39.227,19.0,44.1,0.0,-1.8436502,11.2188076
2026-01-01T23:34:41.482,19.0,44.0,0.0,-1.9221034,11.2580342
2026-01-01T23:34:43.738,19.0,44.0,-0.0392266,-1.8436502,11.2580342
2026-01-01T23:34:45.994,19.0,43.9,0.0,-1.8436502,11.2188076
2026-01-01T23:34:48.249,19.0,43.9,0.0,-1.8436502,11.2580342
2026-01-01T23:34:50.505,19.0,43.8,0.0,-1.8436502,11.2188076
2026-01-01T23:34:52.761,19.0,43.7,-0.0392266,-1.8044235999999998,11.179581
2026-01-01T23:34:55.021,19.0,43.6,0.0,-1.8828768,11.2580342
2026-01-01T23:34:57.281,19.0,43.6,0.0,-1.8436502,11.2580342
2026-01-01T23:34:59.536,19.0,43.5,0.0,-1.8436502,11.2188076
2026-01-01T23:35:01.797,19.0,43.5,0.0,-1.8044235999999998,11.2188076
2026-01-01T23:35:04.057,19.0,43.5,0.0392266,-1.8436502,11.2188076
2026-01-01T23:35:06.312,19.0,43.5,0.0,-1.8828768,11.179581
2026-01-01T23:35:08.568,19.0,43.5,0.0,-1.8436502,11.2188076
2026-01-01T23:35:10.829,19.0,43.5,0.0,-1.8044235999999998,11.179581
2026-01-01T23:35:13.084,19.0,43.5,0.0,-1.8436502,11.1403544
2026-01-01T23:35:15.340,19.0,43.4,0.0,-1.8436502,11.1403544
2026-01-01T23:35:17.601,19.0,43.4,0.0392266,-1.8436502,11.179581
2026-01-01T23:35:19.861,19.0,43.4,0.0,-1.8828768,11.2972608
2026-01-01T23:35:22.121,19.0,43.4,0.0,-1.8436502,11.179581
2026-01-01T23:35:24.381,19.0,43.4,0.0,-1.8828768,11.2188076
2026-01-01T23:35:26.641,19.0,43.4,0.0,-1.8436502,11.2580342
2026-01-01T23:35:28.901,19.0,43.3,0.0784532,-1.8828768,11.179581
2026-01-01T23:35:31.161,19.0,43.3,0.0,-1.8436502,11.2580342
2026-01-01T23:35:33.421,19.0,43.3,0.0,-1.8828768,11.2580342
2026-01-01T23:35:35.677,19.0,43.5,0.0392266,-1.8436502,11.2188076
2026-01-01T23:35:37.932,19.0,43.7,0.0,-1.8436502,11.2188076
2026-01-01T23:35:40.188,19.0,43.7,0.0,-1.8436502,11.1403544
2026-01-01T23:35:42.443,19.0,43.7,0.0,-1.8828768,11.2972608
2026-01-01T23:35:44.705,19.0,43.7,0.0,-1.8436502,11.2580342
2026-01-01T23:35:46.960,19.0,43.7,0.0,-1.8044235999999998,11.2188076
2026-01-01T23:35:49.221,19.0,43.7,0.0,-1.8436502,11.2188076
2026-01-01T23:35:51.476,19.0,43.6,0.0,-1.8436502,11.2972608
2026-01-01T23:35:53.737,18.9,43.5,0.0,-1.8436502,11.1403544
2026-01-01T23:35:55.997,19.0,43.6,0.0,-1.8828768,11.2188076
2026-01-01T23:35:58.252,18.9,43.5,0.0,-1.8828768,11.179581
2026-01-01T23:36:00.508,19.0,43.6,0.0,-1.8436502,11.2188076
2026-01-01T23:36:02.769,18.9,43.5,-0.0392266,-1.8044235999999998,11.179581
2026-01-01T23:36:05.025,18.9,43.4,0.0392266,-1.8436502,11.179581
2026-01-01T23:36:07.280,18.9,43.4,0.0,-1.8436502,11.179581
2026-01-01T23:36:09.536,18.9,43.3,-0.0392266,-1.8436502,11.2188076
2026-01-01T23:36:11.791,18.9,43.3,0.0,-1.8436502,11.179581
2026-01-01T23:36:14.047,18.9,43.3,0.0,-1.8828768,11.2188076
2026-01-01T23:36:16.303,19.0,43.3,0.0,-1.8436502,11.2580342
2026-01-01T23:36:18.559,18.9,43.2,0.0,-1.8436502,11.2188076
2026-01-01T23:36:20.815,18.9,43.2,0.0392266,-1.8436502,11.179581
2026-01-01T23:36:23.071,18.9,43.1,0.0,-1.8828768,11.2580342
2026-01-01T23:36:25.326,18.9,43.1,-0.0392266,-1.8436502,11.2580342
2026-01-01T23:36:27.582,18.9,43.1,0.0,-1.8044235999999998,11.2188076
2026-01-01T23:36:29.838,18.9,43.1,0.0,-1.8436502,11.2188076
2026-01-01T23:36:32.093,18.9,43.1,0.0,-1.8436502,11.2188076
2026-01-01T23:36:34.349,18.9,43.1,0.0,-1.765197,11.2188076
2026-01-01T23:36:36.605,18.9,43.1,0.0,-1.8828768,11.179581
2026-01-01T23:36:38.861,18.9,43.1,0.0,-1.8436502,11.2580342
2026-01-01T23:36:41.116,18.9,43.1,0.0,-1.9221034,11.2188076
2026-01-01T23:36:43.372,19.0,43.2,-0.0392266,-1.8044235999999998,11.2972608
2026-01-01T23:36:45.628,18.9,43.2,0.0,-1.8044235999999998,11.2580342
2026-01-01T23:36:47.883,18.9,43.2,0.0,-1.8436502,11.2188076
2026-01-01T23:36:50.139,18.9,43.2,0.0,-1.8044235999999998,11.2580342
2026-01-01T23:36:52.395,18.9,43.2,0.0,-1.8044235999999998,11.2188076
2026-01-01T23:36:54.651,18.9,43.2,0.0,-1.8044235999999998,11.2188076
2026-01-01T23:36:56.906,18.9,43.2,0.0,-1.8436502,11.2972608
2026-01-01T23:36:59.162,18.9,43.2,0.0,-1.8828768,11.2188076
2026-01-01T23:37:01.418,18.9,43.1,0.0,-1.765197,11.1403544
2026-01-01T23:37:03.674,18.9,43.1,0.0392266,-1.8436502,11.2580342
2026-01-01T23:37:05.929,18.9,43.1,0.0,-1.8044235999999998,11.2580342
2026-01-01T23:37:08.185,18.9,43.1,0.0,-1.8828768,11.2188076
2026-01-01T23:37:10.441,18.9,43.1,0.0,-1.8436502,11.2580342
2026-01-01T23:37:12.697,18.9,43.1,0.0,-1.8828768,11.2188076
2026-01-01T23:37:14.952,18.9,43.1,0.0,-1.8828768,11.2188076
2026-01-01T23:37:17.208,18.9,43.1,-0.0392266,-1.8828768,11.1403544
2026-01-01T23:37:19.464,18.9,43.0,0.0392266,-1.8828768,11.179581
2026-01-01T23:37:21.719,18.9,43.1,0.0,-1.8436502,11.2580342
2026-01-01T23:37:23.975,18.9,43.0,0.0,-1.8436502,11.1403544
2026-01-01T23:37:26.230,18.9,43.0,0.0,-1.8436502,11.2188076
2026-01-01T23:37:28.486,18.9,43.0,0.0,-1.8436502,11.2188076
2026-01-01T23:37:30.742,18.9,43.0,0.0,-1.8828768,11.2188076
2026-01-01T23:37:32.998,18.9,43.0,0.0,-1.8436502,11.1403544
2026-01-01T23:37:35.253,18.9,42.9,0.0,-1.8436502,11.2580342
2026-01-01T23:37:37.509,18.9,42.9,0.0,-1.8436502,11.2580342
2026-01-01T23:37:39.764,18.9,42.9,0.0,-1.8436502,11.2188076
2026-01-01T23:37:42.020,18.9,42.9,0.0,-1.8436502,11.2972608
2026-01-01T23:37:44.276,18.9,42.9,0.0,-1.9221034,11.2580342
2026-01-01T23:37:46.532,18.9,42.9,0.0,-1.8044235999999998,11.2188076
2026-01-01T23:37:48.787,18.9,42.9,0.0,-1.8828768,11.2580342
2026-01-01T23:37:51.043,18.9,42.9,0.0392266,-1.8828768,11.179581
2026-01-01T23:37:53.299,18.9,42.9,0.0,-1.8436502,11.2580342
2026-01-01T23:37:55.555,18.9,42.8,0.0,-1.8044235999999998,11.2188076
2026-01-01T23:37:57.810,18.9,42.9,0.0,-1.8436502,11.1403544
2026-01-01T23:38:00.066,18.9,42.8,0.0,-1.8828768,11.2580342
2026-01-01T23:38:02.322,18.9,42.8,-0.0392266,-1.8436502,11.179581
2026-01-01T23:38:04.578,18.9,42.8,0.0,-1.8436502,11.2580342
2026-01-01T23:38:06.833,18.9,42.8,0.0,-1.8828768,11.2972608
2026-01-01T23:38:09.089,18.9,42.8,0.0,-1.8436502,11.179581
2026-01-01T23:38:11.344,18.9,42.8,0.0,-1.8044235999999998,11.2580342
2026-01-01T23:38:13.600,18.9,42.8,0.0,-1.8436502,11.2188076
2026-01-01T23:38:15.856,18.9,42.8,0.0,-1.8436502,11.179581
2026-01-01T23:38:18.112,18.9,42.8,0.0,-1.8044235999999998,11.179581
2026-01-01T23:38:20.367,18.9,42.7,0.0,-1.8828768,11.2580342
2026-01-01T23:38:22.623,18.9,42.7,0.0,-1.8436502,11.2188076
2026-01-01T23:38:24.879,18.9,42.7,0.0,-1.8044235999999998,11.2188076
2026-01-01T23:38:27.134,18.9,42.7,0.0,-1.8828768,11.2580342
2026-01-01T23:38:29.390,18.9,42.7,0.0,-1.8436502,11.2580342
2026-01-01T23:38:31.646,18.9,42.6,0.0,-1.8436502,11.1011278
2026-01-01T23:38:33.902,18.9,42.6,0.0,-1.8436502,11.2188076
2026-01-01T23:38:36.158,18.9,42.5,0.0,-1.8436502,11.2188076
2026-01-01T23:38:38.413,18.9,42.5,0.0,-1.8436502,11.2188076
2026-01-01T23:38:40.669,18.9,42.5,0.0,-1.8436502,11.179581
2026-01-01T23:38:42.925,18.9,42.4,0.0,-1.8436502,11.179581
2026-01-01T23:38:45.180,18.9,42.4,0.0,-1.8436502,11.2580342
2026-01-01T23:38:47.435,18.9,42.5,0.0,-1.8436502,11.2188076
2026-01-01T23:38:49.691,18.9,42.5,0.0,-1.8044235999999998,11.2580342
2026-01-01T23:38:51.947,18.9,42.5,0.0,-1.8436502,11.2580342
2026-01-01T23:38:54.203,18.9,42.5,0.0,-1.8436502,11.1011278
2026-01-01T23:38:56.459,18.9,42.5,0.0,-1.8044235999999998,11.2188076
2026-01-01T23:38:58.714,18.9,42.6,0.0,-1.8828768,11.179581
2026-01-01T23:39:00.970,18.9,42.6,0.0,-1.8044235999999998,11.2188076
2026-01-01T23:39:03.226,18.9,42.6,-0.0392266,-1.8828768,11.2580342
2026-01-01T23:39:05.481,18.9,42.6,0.0,-1.8044235999999998,11.2188076
2026-01-01T23:39:07.737,18.9,42.7,0.0,-1.8436502,11.2188076
2026-01-01T23:39:09.993,18.9,42.7,0.0,-1.8436502,11.2580342
2026-01-01T23:39:12.248,18.9,42.7,0.0,-1.8436502,11.179581
2026-01-01T23:39:14.504,18.9,42.7,0.0392266,-1.8828768,11.2188076
2026-01-01T23:39:16.760,18.9,42.7,-0.0392266,-1.8436502,11.2972608
2026-01-01T23:39:19.016,18.9,42.8,0.0,-1.8436502,11.2188076
2026-01-01T23:39:21.271,18.9,42.7,0.0,-1.8828768,11.179581
2026-01-01T23:39:23.527,18.9,42.8,0.0,-1.8828768,11.2188076
2026-01-01T23:39:25.783,18.9,42.8,0.0,-1.8436502,11.2188076
2026-01-01T23:39:28.039,18.9,42.7,0.0,-1.8828768,11.2580342
2026-01-01T23:39:30.295,18.9,42.7,0.0,-1.8828768,11.2580342
2026-01-01T23:39:32.551,18.9,42.7,0.0,-1.8436502,11.179581
2026-01-01T23:39:34.806,18.9,42.8,0.0,-1.8828768,11.2580342
2026-01-01T23:39:37.062,18.9,42.7,0.0,-1.8828768,11.2188076
2026-01-01T23:39:39.318,18.9,42.7,0.0,-1.8436502,11.2580342
2026-01-01T23:39:41.574,18.9,42.7,0.0392266,-1.8828768,11.2188076
2026-01-01T23:39:43.829,18.9,42.7,0.0,-1.8044235999999998,11.1403544
2026-01-01T23:39:46.085,18.9,42.6,0.0,-1.8436502,11.2188076
2026-01-01T23:39:48.341,18.9,42.6,0.0392266,-1.8044235999999998,11.2580342
2026-01-01T23:39:50.597,18.9,42.5,0.0,-1.8436502,11.2188076
2026-01-01T23:39:52.852,18.9,42.5,0.0,-1.8044235999999998,11.179581
2026-01-01T23:39:55.108,18.9,42.5,0.0,-1.8044235999999998,11.2580342
2026-01-01T23:39:57.364,18.9,42.5,0.0,-1.8044235999999998,11.1011278
2026-01-01T23:39:59.619,18.9,42.3,0.0,-1.8436502,11.179581
2026-01-01T23:40:01.875,18.9,42.3,0.0,-1.8436502,11.179581
2026-01-01T23:40:04.131,18.9,42.3,-0.0392266,-1.8044235999999998,11.2188076
2026-01-01T23:40:06.387,18.9,42.2,-0.0392266,-1.8828768,11.2188076
2026-01-01T23:40:08.642,18.9,42.1,0.0,-1.8436502,11.2580342
2026-01-01T23:40:10.898,18.9,42.1,0.0,-1.8436502,11.2188076
2026-01-01T23:40:13.154,18.9,42.1,0.0,-1.8044235999999998,11.2972608
2026-01-01T23:40:15.409,18.9,42.1,0.0,-1.8828768,11.2188076
2026-01-01T23:40:17.665,18.9,42.1,0.0,-1.8436502,11.2188076
2026-01-01T23:40:19.921,18.9,42.2,0.0,-1.8828768,11.2972608
2026-01-01T23:40:22.177,18.9,42.2,0.0,-1.8436502,11.2972608
2026-01-01T23:40:24.432,18.9,42.2,0.0,-1.8828768,11.2188076
2026-01-01T23:40:26.688,18.9,42.2,0.0,-1.8436502,11.2188076
2026-01-01T23:40:28.944,18.9,42.3,0.0,-1.8436502,11.2580342
2026-01-01T23:40:31.199,18.9,42.2,-0.0392266,-1.8436502,11.2188076
2026-01-01T23:40:33.455,18.9,42.3,0.0,-1.8436502,11.2188076
2026-01-01T23:40:35.711,18.9,42.2,0.0,-1.8828768,11.2580342
2026-01-01T23:40:37.967,18.9,42.3,0.0,-1.8436502,11.2580342
2026-01-01T23:40:40.222,18.9,42.3,0.0,-1.8828768,11.2972608
2026-01-01T23:40:42.478,18.9,42.2,0.0,-1.8044235999999998,11.179581
2026-01-01T23:40:44.734,18.9,42.2,0.0,-1.8436502,11.2188076
2026-01-01T23:40:46.990,18.9,42.2,0.0,-1.8436502,11.2972608
2026-01-01T23:40:49.246,18.9,42.2,0.0,-1.8828768,11.2972608
2026-01-01T23:40:51.501,18.9,42.2,-0.0392266,-1.8044235999999998,11.2580342
2026-01-01T23:40:53.757,18.9,42.2,0.0,-1.8436502,11.2580342
2026-01-01T23:40:56.013,18.9,42.2,0.0,-1.8436502,11.2188076
2026-01-01T23:40:58.269,18.9,42.2,0.0,-1.8044235999999998,11.2188076
2026-01-01T23:41:00.524,18.9,42.2,0.0,-1.8436502,11.2188076
2026-01-01T23:41:02.780,18.9,42.2,0.0,-1.8828768,11.2188076
2026-01-01T23:41:05.036,18.9,42.2,0.0,-1.8436502,11.2188076
2026-01-01T23:41:07.291,18.9,42.3,0.0,-1.8828768,11.2580342
2026-01-01T23:41:09.547,18.9,42.5,0.0,-1.8436502,11.2580342
2026-01-01T23:41:11.803,18.9,42.7,0.0,-1.8436502,11.2580342
2026-01-01T23:41:14.058,18.9,42.9,0.0,-1.8436502,11.2580342
2026-01-01T23:41:16.314,18.9,43.1,0.0,-1.8044235999999998,11.2188076
2026-01-01T23:41:18.570,18.9,43.2,0.0,-1.8828768,11.2188076
2026-01-01T23:41:20.826,18.9,43.1,0.0,-1.8436502,11.2188076
2026-01-01T23:41:23.082,18.9,43.0,0.0,-1.8436502,11.2188076
2026-01-01T23:41:25.337,18.9,42.9,0.0392266,-1.8828768,11.179581
2026-01-01T23:41:27.593,18.9,42.8,0.0,-1.8436502,11.2580342
2026-01-01T23:41:29.849,18.9,42.7,0.0,-1.8436502,11.2188076
2026-01-01T23:41:32.105,18.9,42.6,0.0,-1.8436502,11.2188076
2026-01-01T23:41:34.361,18.9,42.5,0.0,-1.8436502,11.2188076
2026-01-01T23:41:36.617,18.9,42.4,0.0,-1.8436502,11.179581
2026-01-01T23:41:38.873,18.9,42.3,0.0392266,-1.8828768,11.179581
2026-01-01T23:41:41.128,18.9,42.2,0.0,-1.8828768,11.2580342
2026-01-01T23:41:43.384,18.9,42.2,0.0,-1.8828768,11.2188076
2026-01-01T23:41:45.640,18.9,42.1,0.0,-1.8044235999999998,11.179581
2026-01-01T23:41:47.896,18.9,42.1,0.0,-1.8436502,11.2972608
2026-01-01T23:41:50.152,18.9,42.0,0.0,-1.8828768,11.2972608
2026-01-01T23:41:52.407,18.9,42.0,0.0392266,-1.8828768,11.2580342
2026-01-01T23:41:54.663,18.9,42.0,0.0,-1.8436502,11.1403544
2026-01-01T23:41:56.919,18.9,42.0,0.0392266,-1.8828768,11.2580342
2026-01-01T23:41:59.175,18.9,42.0,-0.0392266,-1.8436502,11.2580342
2026-01-01T23:42:01.431,18.9,42.1,0.0,-1.8044235999999998,11.2188076
2026-01-01T23:42:03.687,18.9,42.1,0.0,-1.8436502,11.3364874
2026-01-01T23:42:05.942,18.9,42.2,0.0,-1.8436502,11.2188076
2026-01-01T23:42:08.198,18.9,42.2,0.0,-1.8436502,11.179581
2026-01-01T23:42:10.454,18.9,42.1,0.0,-1.8436502,11.2188076
2026-01-01T23:42:12.709,18.9,42.1,-0.0392266,-1.8436502,11.2580342
2026-01-01T23:42:14.965,18.9,42.1,0.0,-1.8044235999999998,11.2580342
2026-01-01T23:42:17.221,18.9,42.2,0.0,-1.8828768,11.2972608
2026-01-01T23:42:19.477,18.9,42.5,0.0392266,-1.8436502,11.2188076
2026-01-01T23:42:21.732,18.9,42.6,0.0,-1.8828768,11.179581
2026-01-01T23:42:23.988,,,0.0,-1.8436502,11.2972608
2026-01-01T23:42:26.244,18.9,43.0,0.0,-1.8436502,11.179581
2026-01-01T23:42:28.500,18.9,43.1,0.0,-1.8044235999999998,11.2580342
2026-01-01T23:42:30.756,18.9,43.2,0.0,-1.8044235999999998,11.2580342
2026-01-01T23:42:33.011,18.9,43.2,0.0,-1.8436502,11.179581
2026-01-01T23:42:35.267,18.9,43.2,-0.0392266,-1.8044235999999998,11.2580342
2026-01-01T23:42:37.523,18.9,43.0,0.0,-1.8436502,11.2580342
2026-01-01T23:42:39.778,18.9,42.9,0.0392266,-1.8436502,11.2188076
2026-01-01T23:42:42.034,18.9,42.8,0.0,-1.8436502,11.2188076
2026-01-01T23:42:44.290,18.9,42.7,0.0,-1.8044235999999998,11.2972608
2026-01-01T23:42:46.546,18.9,42.6,0.0,-1.8828768,11.3364874
2026-01-01T23:42:48.801,18.9,42.5,0.0,-1.8436502,11.2188076
2026-01-01T23:42:51.057,18.9,42.4,0.0,-1.8828768,11.2972608
2026-01-01T23:42:53.313,18.9,42.3,0.0,-1.8044235999999998,11.2188076
2026-01-01T23:42:55.569,18.9,42.2,-0.0392266,-1.8044235999999998,11.2188076
2026-01-01T23:42:57.825,18.9,42.2,0.0,-1.8436502,11.2580342
2026-01-01T23:43:00.080,18.9,42.1,0.0,-1.8828768,11.2972608
2026-01-01T23:43:02.336,18.9,42.1,0.0,-1.8436502,11.2188076
2026-01-01T23:43:04.592,,,0.0,-1.8828768,11.2972608
2026-01-01T23:43:06.847,18.9,42.1,-0.0392266,-1.8044235999999998,11.2188076
2026-01-01T23:43:09.103,18.9,42.3,0.0392266,-1.8436502,11.2188076
2026-01-01T23:43:11.359,18.9,42.3,0.0,-1.8044235999999998,11.2580342
2026-01-01T23:43:13.615,18.9,42.3,0.0,-1.8828768,11.2188076
2026-01-01T23:43:15.870,18.9,42.3,0.0392266,-1.8436502,11.1403544
2026-01-01T23:43:18.126,,,0.0,-1.8044235999999998,11.179581
2026-01-01T23:43:20.382,18.9,42.5,-0.0392266,-1.8436502,11.2188076
2026-01-01T23:43:22.637,18.9,42.5,0.0392266,-1.8436502,11.179581
2026-01-01T23:43:24.893,18.9,42.4,0.0,-1.8044235999999998,11.2188076
2026-01-01T23:43:27.149,18.9,42.4,0.0,-1.8044235999999998,11.3364874
2026-01-01T23:43:29.404,18.9,42.3,0.0,-1.8436502,11.179581
2026-01-01T23:43:31.660,18.9,42.3,0.0,-1.8436502,11.179581
2026-01-01T23:43:33.916,18.9,42.2,0.0,-1.8436502,11.2580342
2026-01-01T23:43:36.171,18.9,42.2,0.0,-1.8828768,11.179581
2026-01-01T23:43:38.427,18.9,42.1,0.0392266,-1.8436502,11.2188076
2026-01-01T23:43:40.683,18.9,42.0,0.0,-1.8044235999999998,11.2188076
2026-01-01T23:43:42.939,18.9,42.0,0.0,-1.8828768,11.2580342
2026-01-01T23:43:45.194,18.9,42.0,0.0,-1.8436502,11.2188076
2026-01-01T23:43:47.450,18.9,41.9,0.0,-1.8436502,11.2580342
2026-01-01T23:43:49.706,18.9,41.9,0.0,-1.8044235999999998,11.2188076
2026-01-01T23:43:51.962,18.9,41.9,0.0,-1.8828768,11.2972608
2026-01-01T23:43:54.217,18.9,41.9,0.0,-1.8436502,11.2580342
2026-01-01T23:43:56.473,18.9,41.9,0.0,-1.765197,11.1403544
2026-01-01T23:43:58.729,18.9,41.9,0.0,-1.8828768,11.3364874
2026-01-01T23:44:00.984,18.9,41.9,0.0,-1.8436502,11.2188076
2026-01-01T23:44:03.240,18.9,42.0,0.0,-1.8436502,11.2188076
2026-01-01T23:44:05.496,18.9,42.0,0.0,-1.8436502,11.2580342
2026-01-01T23:44:07.752,18.9,42.2,0.0,-1.8044235999999998,11.2188076
2026-01-01T23:44:10.007,18.9,42.5,0.0392266,-1.8436502,11.2580342
2026-01-01T23:44:12.263,18.9,42.5,0.0,-1.8436502,11.2188076
2026-01-01T23:44:14.519,18.9,42.6,0.0392266,-1.9221034,11.2972608
2026-01-01T23:44:16.775,18.9,42.6,0.0,-1.8044235999999998,11.2580342
2026-01-01T23:44:19.031,18.9,42.8,0.0,-1.8828768,11.2188076
2026-01-01T23:44:21.286,18.9,43.0,0.0,-1.8436502,11.2188076
2026-01-01T23:44:23.542,18.9,43.2,0.0,-1.8828768,11.2188076
2026-01-01T23:44:25.798,18.9,43.5,0.0,-1.8828768,11.2580342
2026-01-01T23:44:28.054,18.9,43.7,0.0,-1.8828768,11.2188076
2026-01-01T23:44:30.309,18.9,43.8,0.0,-1.8828768,11.2580342
2026-01-01T23:44:32.565,18.9,43.9,-0.0392266,-1.8436502,11.2188076
2026-01-01T23:44:34.821,18.9,43.9,0.0,-1.8436502,11.2188076
2026-01-01T23:44:37.078,18.9,44.0,-0.0392266,-1.8044235999999998,11.2188076
2026-01-01T23:44:39.334,18.9,44.1,0.0,-1.8436502,11.2972608
2026-01-01T23:44:41.589,18.9,44.2,0.0,-1.8044235999999998,11.2188076
2026-01-01T23:44:43.849,18.9,44.3,0.0,-1.8044235999999998,11.2188076
2026-01-01T23:44:46.104,18.9,44.5,0.0,-1.8828768,11.2188076
2026-01-01T23:44:48.360,18.9,44.6,0.0,-1.8436502,11.2188076
2026-01-01T23:44:50.616,18.9,44.8,0.0,-1.8436502,11.2188076
2026-01-01T23:44:52.872,18.9,44.9,0.0,-1.8436502,11.2188076
2026-01-01T23:44:55.127,18.9,45.0,0.0,-1.8436502,11.2972608
2026-01-01T23:44:57.383,18.9,45.0,0.0,-1.8436502,11.2188076
2026-01-01T23:44:59.639,18.9,45.1,0.0,-1.8044235999999998,11.1403544
2026-01-01T23:45:01.895,18.9,45.2,0.0,-1.8044235999999998,11.2188076
2026-01-01T23:45:04.151,18.9,45.4,0.0,-1.8436502,11.179581
2026-01-01T23:45:06.407,18.9,45.4,0.0,-1.8436502,11.2972608
2026-01-01T23:45:08.662,18.9,45.4,0.0,-1.8828768,11.2188076
2026-01-01T23:45:10.918,18.9,45.4,0.0392266,-1.8828768,11.179581
2026-01-01T23:45:13.174,18.9,45.2,0.0,-1.8828768,11.2188076
2026-01-01T23:45:15.429,18.9,45.2,0.0,-1.8436502,11.2580342
2026-01-01T23:45:17.685,18.9,45.2,0.0,-1.8436502,11.2188076
2026-01-01T23:45:19.941,18.9,45.4,0.0,-1.8044235999999998,11.2188076
2026-01-01T23:45:22.196,18.9,45.5,0.0,-1.8044235999999998,11.179581
2026-01-01T23:45:24.452,18.9,45.5,0.0,-1.9221034,11.2188076
2026-01-01T23:45:26.707,18.9,45.5,0.0,-1.8436502,11.179581
2026-01-01T23:45:28.963,18.9,45.5,0.0,-1.8436502,11.2188076
2026-01-01T23:45:31.219,18.9,45.5,0.0,-1.8044235999999998,11.2580342
2026-01-01T23:45:33.475,19.0,45.6,0.0,-1.8436502,11.2580342
2026-01-01T23:45:35.730,18.9,45.5,0.0,-1.8828768,11.2580342
2026-01-01T23:45:37.986,18.9,45.5,0.0,-1.8436502,11.2580342
2026-01-01T23:45:40.242,18.9,45.5,0.0,-1.8436502,11.2188076
2026-01-01T23:45:42.497,18.9,45.5,0.0,-1.8436502,11.2580342
2026-01-01T23:45:44.753,19.0,45.6,0.0,-1.8436502,11.2580342
2026-01-01T23:45:47.009,19.0,45.6,0.0,-1.8436502,11.2972608
2026-01-01T23:45:49.265,18.9,45.5,0.0,-1.8436502,11.2188076
2026-01-01T23:45:51.520,18.9,45.5,0.0,-1.8436502,11.2580342
2026-01-01T23:45:53.776,18.9,45.5,0.0,-1.8436502,11.2972608
2026-01-01T23:45:56.032,19.0,45.6,0.0,-1.8044235999999998,11.2972608
2026-01-01T23:45:58.287,19.0,45.6,0.0,-1.8044235999999998,11.2580342
2026-01-01T23:46:00.543,18.9,45.5,0.0,-1.8436502,11.2972608
2026-01-01T23:46:02.799,18.9,45.5,0.0392266,-1.8436502,11.2188076
2026-01-01T23:46:05.055,18.9,45.5,0.0,-1.8436502,11.2188076
2026-01-01T23:46:07.311,18.9,45.5,-0.0392266,-1.8044235999999998,11.179581
2026-01-01T23:46:09.566,18.9,45.5,0.0,-1.8436502,11.179581
2026-01-01T23:46:11.822,18.9,45.5,0.0392266,-1.8044235999999998,11.2188076
2026-01-01T23:46:14.078,19.0,45.6,0.0,-1.8436502,11.2580342
2026-01-01T23:46:16.334,19.0,45.6,0.0,-1.8436502,11.179581
2026-01-01T23:46:18.589,19.0,45.6,0.0,-1.8436502,11.2580342
2026-01-01T23:46:20.845,19.0,45.6,0.0,-1.8828768,11.2580342
2026-01-01T23:46:23.101,19.0,45.6,0.0,-1.8044235999999998,11.2188076
2026-01-01T23:46:25.356,18.9,45.5,0.0,-1.8436502,11.2188076
2026-01-01T23:46:27.612,18.9,45.5,0.0392266,-1.8828768,11.2188076
2026-01-01T23:46:29.868,19.0,45.6,0.0,-1.8828768,11.2580342
2026-01-01T23:46:32.124,19.0,45.6,0.0,-1.8436502,11.2580342
2026-01-01T23:46:34.379,19.0,45.6,0.0,-1.8044235999999998,11.179581
2026-01-01T23:46:36.635,19.0,45.6,0.0,-1.8044235999999998,11.2580342
2026-01-01T23:46:38.891,19.0,45.6,0.0,-1.8436502,11.2188076
2026-01-01T23:46:41.147,18.9,45.5,0.0,-1.8436502,11.2580342
2026-01-01T23:46:43.402,19.0,45.6,0.0,-1.8828768,11.3364874
2026-01-01T23:46:45.658,19.0,45.6,-0.0392266,-1.8044235999999998,11.2580342
2026-01-01T23:46:47.914,19.0,45.6,-0.0392266,-1.8044235999999998,11.179581
2026-01-01T23:46:50.170,19.0,45.6,0.0,-1.8044235999999998,11.179581
2026-01-01T23:46:52.425,19.0,45.6,0.0,-1.8044235999999998,11.2188076
2026-01-01T23:46:54.681,19.0,45.5,0.0,-1.8436502,11.3364874
2026-01-01T23:46:56.937,19.0,45.3,0.0,-1.8436502,11.2972608
2026-01-01T23:46:59.193,19.0,45.4,0.0,-1.8436502,11.2580342
2026-01-01T23:47:01.449,19.0,45.4,0.0,-1.8436502,11.2972608
2026-01-01T23:47:03.704,19.0,45.5,0.0,-1.8436502,11.2188076
2026-01-01T23:47:05.960,19.0,45.4,0.0392266,-1.8044235999999998,11.2580342
2026-01-01T23:47:08.216,19.0,45.4,0.0,-1.8828768,11.2972608
2026-01-01T23:47:10.472,19.0,45.5,0.0,-1.8044235999999998,11.2580342
2026-01-01T23:47:12.728,19.0,45.4,0.0,-1.8828768,11.2188076
2026-01-01T23:47:14.983,19.0,45.4,0.0,-1.8436502,11.179581
2026-01-01T23:47:17.239,19.0,45.4,0.0,-1.8828768,11.2972608
2026-01-01T23:47:19.495,19.0,45.5,0.0,-1.8044235999999998,11.2188076
2026-01-01T23:47:21.751,19.0,45.4,0.0,-1.8828768,11.2972608
2026-01-01T23:47:24.006,19.0,45.5,0.0,-1.8044235999999998,11.2580342
2026-01-01T23:47:26.262,19.0,45.5,0.0,-1.8044235999999998,11.179581
2026-01-01T23:47:28.518,19.0,45.5,0.0,-1.8828768,11.1403544
2026-01-01T23:47:30.774,19.0,45.4,0.0392266,-1.8436502,11.2188076
2026-01-01T23:47:33.029,19.0,45.4,0.0,-1.8436502,11.2580342
2026-01-01T23:47:35.285,19.0,45.4,0.0,-1.8828768,11.2972608
2026-01-01T23:47:37.541,19.0,45.4,0.0,-1.8828768,11.2972608
2026-01-01T23:47:39.796,19.0,45.4,0.0,-1.8044235999999998,11.179581
2026-01-01T23:47:42.052,19.0,45.4,0.0,-1.8436502,11.2580342
2026-01-01T23:47:44.308,19.0,45.5,0.0,-1.8828768,11.179581
2026-01-01T23:47:46.564,19.0,45.5,0.0,-1.8044235999999998,11.2188076
2026-01-01T23:47:48.819,19.0,45.3,0.0,-1.8436502,11.2188076
2026-01-01T23:47:51.075,19.0,45.3,0.0,-1.8436502,11.1403544
2026-01-01T23:47:53.331,19.0,45.2,0.0,-1.8436502,11.2188076
2026-01-01T23:47:55.587,19.0,45.1,0.0,-1.8044235999999998,11.179581
2026-01-01T23:47:57.842,19.0,45.1,0.0,-1.8436502,11.2580342
2026-01-01T23:48:00.098,19.0,45.1,0.0,-1.8044235999999998,11.2188076
2026-01-01T23:48:02.354,19.0,45.0,0.0,-1.8828768,11.2188076
2026-01-01T23:48:04.609,19.0,45.0,0.0,-1.8044235999999998,11.2188076
2026-01-01T23:48:06.865,19.0,45.0,0.0392266,-1.8044235999999998,11.2188076
2026-01-01T23:48:09.121,19.0,45.1,0.0,-1.8828768,11.2580342
2026-01-01T23:48:11.377,19.0,45.1,0.0,-1.8828768,11.179581
2026-01-01T23:48:13.632,19.0,45.1,0.0392266,-1.8436502,11.2188076
2026-01-01T23:48:15.888,19.0,45.0,0.0,-1.8044235999999998,11.1011278
2026-01-01T23:48:18.144,19.0,45.1,0.0,-1.8044235999999998,11.1403544
2026-01-01T23:48:20.400,19.0,45.1,0.0392266,-1.8044235999999998,11.179581
2026-01-01T23:48:22.655,19.0,45.1,0.0,-1.8436502,11.2972608
2026-01-01T23:48:24.911,19.0,45.1,0.0,-1.8436502,11.2188076
2026-01-01T23:48:27.167,19.0,45.1,0.0,-1.8436502,11.179581
2026-01-01T23:48:29.423,19.0,45.1,0.0,-1.8436502,11.179581
2026-01-01T23:48:31.678,19.0,45.0,-0.0392266,-1.8044235999999998,11.2580342
2026-01-01T23:48:33.934,19.0,45.1,0.0,-1.8828768,11.2188076
2026-01-01T23:48:36.190,19.0,45.1,0.0,-1.8436502,11.2580342
2026-01-01T23:48:38.445,19.0,45.1,0.0,-1.8436502,11.2972608
2026-01-01T23:48:40.701,19.0,45.1,0.0,-1.8828768,11.2188076
2026-01-01T23:48:42.957,19.0,45.1,0.0,-1.8436502,11.2580342
2026-01-01T23:48:45.212,19.0,45.1,0.0,-1.8044235999999998,11.2580342
2026-01-01T23:48:47.468,19.0,45.1,0.0,-1.8436502,11.2188076
2026-01-01T23:48:49.724,19.0,45.1,0.0,-1.8044235999999998,11.2188076
2026-01-01T23:48:51.979,19.0,45.1,0.0,-1.8436502,11.179581
2026-01-01T23:48:54.235,19.0,45.1,0.0,-1.8828768,11.2188076
2026-01-01T23:48:56.491,19.0,45.1,0.0,-1.8828768,11.2188076
2026-01-01T23:48:58.747,19.0,45.0,0.0,-1.8436502,11.3364874
2026-01-01T23:49:01.002,19.0,45.0,0.0,-1.8044235999999998,11.2188076
2026-01-01T23:49:03.258,19.0,45.0,0.0,-1.8044235999999998,11.1403544
2026-01-01T23:49:05.514,19.0,45.0,0.0392266,-1.8044235999999998,11.179581
2026-01-01T23:49:07.770,19.0,45.0,0.0,-1.8044235999999998,11.179581
2026-01-01T23:49:10.026,19.0,45.0,0.0,-1.8436502,11.2580342
2026-01-01T23:49:12.281,19.0,45.0,0.0,-1.8436502,11.2580342
2026-01-01T23:49:14.537,19.0,45.0,0.0,-1.8044235999999998,11.2580342
2026-01-01T23:49:16.793,19.0,45.0,-0.0392266,-1.8828768,11.2580342
2026-01-01T23:49:19.049,19.0,45.0,0.0,-1.8436502,11.2188076
2026-01-01T23:49:21.305,19.0,44.9,0.0,-1.8436502,11.2580342
2026-01-01T23:49:23.560,19.0,44.9,0.0,-1.8436502,11.2580342
2026-01-01T23:49:25.816,19.0,44.9,-0.0392266,-1.8828768,11.2580342
2026-01-01T23:49:28.072,19.0,44.9,0.0,-1.8436502,11.2580342
2026-01-01T23:49:30.328,19.0,44.9,0.0,-1.8828768,11.2188076
2026-01-01T23:49:32.584,19.0,44.8,0.0,-1.8044235999999998,11.2580342
2026-01-01T23:49:34.839,19.0,44.8,0.0,-1.765197,11.2188076
2026-01-01T23:49:37.095,19.0,44.9,0.0,-1.8436502,11.2580342
2026-01-01T23:49:39.351,19.0,44.9,0.0,-1.8044235999999998,11.2188076
2026-01-01T23:49:41.606,19.0,44.9,0.0,-1.8828768,11.2188076
2026-01-01T23:49:43.862,19.0,44.9,-0.0392266,-1.8044235999999998,11.1403544
2026-01-01T23:49:46.118,19.0,44.9,0.0,-1.8436502,11.2972608
2026-01-01T23:49:48.374,19.0,44.9,0.0,-1.8828768,11.2188076
2026-01-01T23:49:50.629,19.0,44.9,0.0,-1.8436502,11.2188076
2026-01-01T23:49:52.885,19.0,44.9,0.0,-1.8828768,11.2580342
2026-01-01T23:49:55.141,19.0,44.8,0.0,-1.8436502,11.2188076
2026-01-01T23:49:57.396,19.0,44.9,-0.0392266,-1.8436502,11.2188076
2026-01-01T23:49:59.652,19.0,44.8,0.0,-1.8436502,11.2188076
2026-01-01T23:50:01.908,19.0,44.8,0.0,-1.8436502,11.2188076
2026-01-01T23:50:04.164,19.0,44.9,0.0,-1.8044235999999998,11.2580342
2026-01-01T23:50:06.419,19.0,44.9,0.0,-1.8436502,11.1403544
2026-01-01T23:50:08.675,19.0,44.8,0.0,-1.8436502,11.3364874
2026-01-01T23:50:10.931,,,0.0,-1.8436502,11.2580342
2026-01-01T23:50:13.187,19.0,44.8,0.0,-1.8436502,11.2972608
2026-01-01T23:50:15.443,19.0,44.8,0.0,-1.8828768,11.2580342
2026-01-01T23:50:17.698,19.0,44.7,0.0,-1.8436502,11.2972608
2026-01-01T23:50:19.954,19.0,44.7,0.0,-1.8828768,11.2580342
2026-01-01T23:50:22.210,19.0,44.7,0.0,-1.8436502,11.2580342
2026-01-01T23:50:24.466,19.0,44.8,0.0,-1.8044235999999998,11.2580342
2026-01-01T23:50:26.721,19.0,44.8,-0.0392266,-1.8828768,11.2972608
2026-01-01T23:50:28.977,19.0,44.8,-0.0392266,-1.765197,11.179581
2026-01-01T23:50:31.233,19.0,44.8,0.0,-1.8044235999999998,11.1403544
2026-01-01T23:50:33.488,19.0,44.7,0.0,-1.8436502,11.2188076
2026-01-01T23:50:35.744,19.0,44.6,0.0,-1.8436502,11.2188076
2026-01-01T23:50:38.000,19.0,44.6,0.0,-1.8828768,11.2188076
2026-01-01T23:50:40.255,19.0,44.5,0.0,-1.8828768,11.3364874
2026-01-01T23:50:42.511,19.0,44.5,0.0392266,-1.8828768,11.2188076
2026-01-01T23:50:44.767,19.0,44.5,0.0,-1.8828768,11.2580342
2026-01-01T23:50:47.023,19.0,44.5,0.0,-1.8828768,11.2188076
2026-01-01T23:50:49.278,19.0,44.5,0.0,-1.8828768,11.2972608
2026-01-01T23:50:51.534,19.0,44.6,0.0,-1.8828768,11.2580342
2026-01-01T23:50:53.790,19.0,44.5,0.0392266,-1.8436502,11.2580342
2026-01-01T23:50:56.045,19.0,44.5,0.0392266,-1.8436502,11.2972608
2026-01-01T23:50:58.301,19.0,44.5,0.0,-1.8436502,11.2972608
2026-01-01T23:51:00.557,19.0,44.6,0.0,-1.8044235999999998,11.2580342
2026-01-01T23:51:02.816,19.0,44.6,0.0,-1.8436502,11.2580342
2026-01-01T23:51:05.077,19.0,44.6,0.0,-1.8436502,11.2972608
2026-01-01T23:51:07.337,19.0,44.6,0.0,-1.8436502,11.2580342
2026-01-01T23:51:09.597,19.0,44.6,0.0,-1.8436502,11.2188076
2026-01-01T23:51:11.857,19.0,44.5,0.0,-1.8044235999999998,11.2188076
2026-01-01T23:51:14.117,19.0,44.4,0.0,-1.765197,11.179581
2026-01-01T23:51:16.372,19.0,44.4,0.0,-1.8828768,11.179581
2026-01-01T23:51:18.633,19.0,44.4,0.0392266,-1.8436502,11.2188076
2026-01-01T23:51:20.888,19.0,44.4,0.0,-1.8436502,11.2188076
2026-01-01T23:51:23.144,19.0,44.5,0.0,-1.8828768,11.2188076
2026-01-01T23:51:25.405,19.0,44.5,0.0,-1.8044235999999998,11.2188076
2026-01-01T23:51:27.665,19.0,44.5,0.0,-1.8044235999999998,11.2188076
2026-01-01T23:51:29.925,19.0,44.5,-0.0392266,-1.8044235999999998,11.2188076
2026-01-01T23:51:32.180,19.0,44.5,0.0,-1.8044235999999998,11.2972608
2026-01-01T23:51:34.436,19.0,44.5,0.0,-1.8044235999999998,11.2188076
2026-01-01T23:51:36.694,19.0,44.5,0.0,-1.8044235999999998,11.179581
2026-01-01T23:51:38.953,19.0,44.5,-0.0392266,-1.8436502,11.2972608
2026-01-01T23:51:41.208,19.0,44.5,0.0392266,-1.8436502,11.2972608
2026-01-01T23:51:43.464,19.0,44.5,0.0392266,-1.8044235999999998,11.2188076
2026-01-01T23:51:45.719,19.0,44.5,0.0,-1.8436502,11.2580342
2026-01-01T23:51:47.981,19.0,44.6,0.0392266,-1.8828768,11.2580342
2026-01-01T23:51:50.236,19.0,44.6,0.0,-1.8436502,11.2580342
2026-01-01T23:51:52.497,19.0,44.6,0.0,-1.8436502,11.179581
2026-01-01T23:51:54.752,19.0,44.6,0.0,-1.8044235999999998,11.2188076
2026-01-01T23:51:57.008,19.0,44.6,0.0,-1.8828768,11.2580342
2026-01-01T23:51:59.263,19.0,44.6,0.0,-1.8436502,11.2188076
2026-01-01T23:52:01.525,19.0,44.6,0.0,-1.8436502,11.1403544
2026-01-01T23:52:03.780,19.0,44.6,0.0,-1.8436502,11.2188076
2026-01-01T23:52:06.041,19.0,44.6,0.0,-1.8828768,11.179581
2026-01-01T23:52:08.301,19.0,44.5,0.0,-1.8436502,11.2972608
2026-01-01T23:52:10.556,19.0,44.5,0.0,-1.8436502,11.2580342
2026-01-01T23:52:12.812,19.0,44.5,0.0,-1.8436502,11.2580342
2026-01-01T23:52:15.067,19.0,44.4,0.0,-1.8436502,11.2580342
2026-01-01T23:52:17.325,19.0,44.4,0.0,-1.8436502,11.2188076
2026-01-01T23:52:19.585,19.0,44.4,0.0392266,-1.8828768,11.2188076
2026-01-01T23:52:21.840,19.0,44.4,0.0392266,-1.8828768,11.1403544
2026-01-01T23:52:24.096,19.0,44.4,0.0,-1.8436502,11.2188076
2026-01-01T23:52:26.357,19.0,44.4,0.0,-1.8436502,11.2188076
2026-01-01T23:52:28.617,19.0,44.4,0.0,-1.8436502,11.2580342
2026-01-01T23:52:30.877,19.0,44.4,0.0392266,-1.8044235999999998,11.2188076
2026-01-01T23:52:33.137,19.0,44.4,-0.0392266,-1.8436502,11.2580342
2026-01-01T23:52:35.397,19.0,44.5,0.0,-1.8044235999999998,11.179581
2026-01-01T23:52:37.652,19.0,44.4,0.0,-1.8436502,11.2188076
2026-01-01T23:52:39.908,19.0,44.4,-0.0392266,-1.8044235999999998,11.179581
2026-01-01T23:52:42.163,19.0,44.3,0.0,-1.8044235999999998,11.2580342
2026-01-01T23:52:44.421,19.0,44.4,-0.0392266,-1.8044235999999998,11.2188076
2026-01-01T23:52:46.681,19.0,44.4,0.0,-1.8436502,11.2580342
2026-01-01T23:52:48.941,19.0,44.3,0.0,-1.8436502,11.2972608
2026-01-01T23:52:51.196,19.0,44.3,0.0,-1.8828768,11.2972608
2026-01-01T23:52:53.451,19.0,44.4,0.0,-1.8436502,11.2188076
2026-01-01T23:52:55.713,19.0,44.4,0.0,-1.8044235999999998,11.2972608
2026-01-01T23:52:57.968,19.0,44.3,-0.0392266,-1.8436502,11.2580342
2026-01-01T23:53:00.224,19.0,44.4,0.0,-1.8436502,11.2580342
2026-01-01T23:53:02.480,19.0,44.4,0.0,-1.8828768,11.2188076
2026-01-01T23:53:04.736,19.0,44.4,0.0,-1.8828768,11.2580342
2026-01-01T23:53:06.991,19.0,44.4,0.0,-1.8436502,11.2972608
2026-01-01T23:53:09.247,19.0,44.4,0.0,-1.8044235999999998,11.2188076
2026-01-01T23:53:11.503,19.0,44.4,0.0,-1.8436502,11.2972608
2026-01-01T23:53:13.759,19.0,44.3,0.0,-1.8436502,11.2580342
2026-01-01T23:53:16.014,19.0,44.3,0.0,-1.8436502,11.3364874
2026-01-01T23:53:18.270,19.0,44.4,-0.0392266,-1.8828768,11.2972608
2026-01-01T23:53:20.526,19.0,44.4,0.0,-1.8436502,11.2580342
2026-01-01T23:53:22.782,19.0,44.4,0.0,-1.8436502,11.2580342
2026-01-01T23:53:25.037,19.1,44.4,0.0,-1.8436502,11.2580342
2026-01-01T23:53:27.293,19.0,44.4,0.0,-1.8436502,11.179581
2026-01-01T23:53:29.549,19.0,44.4,0.0,-1.8828768,11.2580342
2026-01-01T23:53:31.804,19.0,44.3,0.0,-1.8436502,11.2580342
2026-01-01T23:53:34.060,19.0,44.2,0.0,-1.8436502,11.2188076
2026-01-01T23:53:36.316,19.0,44.2,0.0,-1.8044235999999998,11.2188076
2026-01-01T23:53:38.572,19.0,44.2,0.0,-1.8436502,11.2580342
2026-01-01T23:53:40.827,19.0,44.2,0.0,-1.8828768,11.2972608
2026-01-01T23:53:43.083,19.0,44.1,0.0,-1.8828768,11.3364874
2026-01-01T23:53:45.339,19.1,44.2,0.0,-1.8436502,11.2188076
2026-01-01T23:53:47.595,19.0,44.2,0.0,-1.8436502,11.2188076
2026-01-01T23:53:49.851,19.0,44.1,0.0392266,-1.8436502,11.2188076
2026-01-01T23:53:52.106,19.0,44.1,0.0,-1.8044235999999998,11.2580342
2026-01-01T23:53:54.362,19.0,44.1,0.0,-1.8436502,11.2188076
2026-01-01T23:53:56.618,19.1,44.2,0.0,-1.8044235999999998,11.179581
2026-01-01T23:53:58.874,19.0,44.1,0.0,-1.8044235999999998,11.2580342
2026-01-01T23:54:01.129,19.0,44.1,0.0,-1.8828768,11.2188076
2026-01-01T23:54:03.385,19.0,44.1,0.0392266,-1.8436502,11.2188076
2026-01-01T23:54:05.641,19.0,44.2,0.0,-1.8828768,11.2972608
2026-01-01T23:54:07.897,19.0,44.2,0.0392266,-1.8436502,11.2580342
2026-01-01T23:54:10.152,19.0,44.2,0.0,-1.8436502,11.2972608
2026-01-01T23:54:12.408,19.0,44.2,0.0,-1.8828768,11.2972608
2026-01-01T23:54:14.664,19.0,44.2,0.0,-1.8436502,11.2972608
2026-01-01T23:54:16.919,19.0,44.2,0.0,-1.8044235999999998,11.179581
2026-01-01T23:54:19.175,19.1,44.2,0.0,-1.8436502,11.2580342
2026-01-01T23:54:21.431,19.0,44.2,-0.0392266,-1.8044235999999998,11.1403544
2026-01-01T23:54:23.687,19.0,44.2,0.0,-1.8436502,11.179581
2026-01-01T23:54:25.942,19.0,44.1,0.0,-1.8436502,11.2580342
2026-01-01T23:54:28.198,19.0,44.1,0.0,-1.8436502,11.2188076
2026-01-01T23:54:30.454,19.1,44.2,0.0,-1.8436502,11.2188076
2026-01-01T23:54:32.709,19.0,44.1,0.0,-1.8436502,11.2580342
2026-01-01T23:54:34.965,19.0,44.1,0.0,-1.8436502,11.2972608
2026-01-01T23:54:37.220,19.0,44.1,0.0392266,-1.8436502,11.2580342
2026-01-01T23:54:39.476,19.0,44.1,0.0392266,-1.8436502,11.2580342
2026-01-01T23:54:41.732,19.0,44.1,0.0,-1.8436502,11.2972608
2026-01-01T23:54:43.988,19.0,44.1,0.0,-1.8828768,11.2580342
2026-01-01T23:54:46.243,19.0,44.1,0.0392266,-1.8436502,11.2580342
2026-01-01T23:54:48.499,19.0,44.1,0.0,-1.8044235999999998,11.2188076
2026-01-01T23:54:50.755,19.0,44.1,0.0,-1.8044235999999998,11.1403544
2026-01-01T23:54:53.011,19.0,44.1,0.0,-1.765197,11.2580342
2026-01-01T23:54:55.266,19.0,44.1,0.0,-1.8044235999999998,11.2188076
2026-01-01T23:54:57.522,19.0,44.1,0.0,-1.8436502,11.2188076
2026-01-01T23:54:59.778,19.1,44.2,0.0,-1.8828768,11.3364874
2026-01-01T23:55:02.034,19.0,44.1,0.0392266,-1.8436502,11.2580342
2026-01-01T23:55:04.289,19.1,44.1,0.0392266,-1.8436502,11.2972608
2026-01-01T23:55:06.545,19.1,44.1,0.0,-1.8436502,11.2580342
2026-01-01T23:55:08.801,19.0,44.0,0.0,-1.8828768,11.2188076
2026-01-01T23:55:11.056,19.1,44.1,0.0392266,-1.8828768,11.2580342
2026-01-01T23:55:13.312,19.0,44.0,0.0392266,-1.8436502,11.2580342
2026-01-01T23:55:15.568,19.0,44.0,0.0392266,-1.8044235999999998,11.2580342
2026-01-01T23:55:17.823,19.0,44.0,0.0,-1.8436502,11.2188076
2026-01-01T23:55:20.079,19.0,44.0,0.0,-1.8436502,11.2580342
2026-01-01T23:55:22.335,19.0,44.0,0.0,-1.8436502,11.2580342
2026-01-01T23:55:24.590,19.1,44.0,0.0,-1.8044235999999998,11.179581
2026-01-01T23:55:26.846,19.0,44.0,0.0,-1.8436502,11.2972608
2026-01-01T23:55:29.102,19.0,44.0,0.0,-1.8436502,11.2188076
2026-01-01T23:55:31.358,19.0,44.0,0.0,-1.8828768,11.2972608
2026-01-01T23:55:33.614,19.0,44.0,0.0,-1.8436502,11.2972608
2026-01-01T23:55:35.870,19.0,44.0,0.0,-1.8436502,11.2972608
2026-01-01T23:55:38.125,19.1,44.1,0.0,-1.8436502,11.2972608
2026-01-01T23:55:40.381,19.0,44.0,0.0392266,-1.8436502,11.2580342
2026-01-01T23:55:42.637,19.0,44.0,0.0,-1.8044235999999998,11.179581
2026-01-01T23:55:44.893,19.0,44.1,0.0,-1.8436502,11.179581
2026-01-01T23:55:47.148,19.0,44.1,0.0392266,-1.765197,11.2188076
2026-01-01T23:55:49.404,19.0,44.1,0.0,-1.8436502,11.179581
2026-01-01T23:55:51.660,19.0,44.0,0.0,-1.8436502,11.2188076
2026-01-01T23:55:53.916,19.0,44.0,0.0,-1.8436502,11.3364874
2026-01-01T23:55:56.171,19.0,44.0,0.0,-1.8044235999999998,11.3364874
2026-01-01T23:55:58.427,19.0,44.0,0.0,-1.8044235999999998,11.2188076
2026-01-01T23:56:00.683,19.0,44.0,0.0392266,-1.8436502,11.2188076
2026-01-01T23:56:02.939,19.0,44.0,0.0,-1.8044235999999998,11.2580342
2026-01-01T23:56:05.195,19.0,44.0,0.0,-1.8436502,11.2188076
2026-01-01T23:56:07.450,19.1,44.0,0.0392266,-1.8436502,11.2580342
2026-01-01T23:56:09.706,19.0,44.0,0.0392266,-1.8828768,11.2580342
2026-01-01T23:56:11.962,19.1,44.1,0.0392266,-1.8436502,11.2972608
2026-01-01T23:56:14.218,19.0,44.0,0.0,-1.8044235999999998,11.2972608
2026-01-01T23:56:16.473,19.0,44.0,0.0,-1.8828768,11.2972608
2026-01-01T23:56:18.729,19.0,44.0,0.0392266,-1.8436502,11.2188076
2026-01-01T23:56:20.985,19.0,44.0,0.0392266,-1.8436502,11.2972608
2026-01-01T23:56:23.241,19.1,44.0,0.0392266,-1.8828768,11.3364874
2026-01-01T23:56:25.497,19.0,43.9,0.0,-1.8828768,11.3364874
2026-01-01T23:56:27.752,19.0,43.8,-0.0392266,-1.8044235999999998,11.2580342
2026-01-01T23:56:30.008,19.0,43.8,0.0392266,-1.8828768,11.3364874
2026-01-01T23:56:32.263,19.0,43.8,0.0,-1.8436502,11.2580342
2026-01-01T23:56:34.518,19.0,43.8,0.0392266,-1.8828768,11.2972608
2026-01-01T23:56:36.777,19.0,43.8,0.0,-1.8044235999999998,11.3364874
2026-01-01T23:56:39.037,19.0,43.8,0.0392266,-1.8436502,11.3364874
2026-01-01T23:56:41.292,19.0,43.8,0.0392266,-1.8828768,11.2188076
2026-01-01T23:56:43.548,19.1,43.9,0.0,-1.8436502,11.2188076
2026-01-01T23:56:45.804,19.1,43.9,0.0392266,-1.8436502,11.2580342
2026-01-01T23:56:48.060,19.0,43.8,0.0,-1.8044235999999998,11.2972608
2026-01-01T23:56:50.316,19.0,43.8,0.0392266,-1.765197,11.2580342
2026-01-01T23:56:52.572,19.0,43.9,0.0,-1.8436502,11.2972608
2026-01-01T23:56:54.827,19.0,43.9,0.0,-1.8044235999999998,11.3364874
2026-01-01T23:56:57.083,19.1,43.9,0.0,-1.8436502,11.2580342
2026-01-01T23:56:59.339,19.0,43.9,0.0392266,-1.8828768,11.2972608
2026-01-01T23:57:01.594,19.0,43.9,0.0,-1.8828768,11.2580342
2026-01-01T23:57:03.850,19.1,43.9,0.0,-1.8828768,11.2972608
2026-01-01T23:57:06.106,19.0,43.8,0.0,-1.8828768,11.2188076
2026-01-01T23:57:08.362,19.1,43.9,0.0,-1.8436502,11.2972608
2026-01-01T23:57:10.617,19.0,43.8,0.0,-1.8828768,11.2972608
2026-01-01T23:57:12.873,19.0,43.8,0.0392266,-1.8044235999999998,11.2188076
2026-01-01T23:57:15.129,19.0,43.7,0.0,-1.8436502,11.2188076
2026-01-01T23:57:17.385,19.0,43.7,0.0392266,-1.8828768,11.2580342
2026-01-01T23:57:19.640,19.1,43.8,0.0392266,-1.8828768,11.2188076
2026-01-01T23:57:21.896,19.0,43.7,0.0,-1.8044235999999998,11.179581
2026-01-01T23:57:24.152,19.0,43.7,0.0,-1.8436502,11.2580342
2026-01-01T23:57:26.407,19.0,43.7,0.0,-1.8436502,11.2580342
2026-01-01T23:57:28.663,19.0,43.7,0.0,-1.8436502,11.179581
2026-01-01T23:57:30.918,19.0,43.7,0.0,-1.8436502,11.2580342
2026-01-01T23:57:33.174,19.1,43.8,0.0,-1.8436502,11.2188076
2026-01-01T23:57:35.430,19.0,43.7,0.0,-1.8436502,11.2580342
2026-01-01T23:57:37.686,19.0,43.8,-0.0392266,-1.8436502,11.2972608
2026-01-01T23:57:39.941,19.1,43.8,0.0,-1.765197,11.2188076
2026-01-01T23:57:42.197,19.0,43.7,0.0,-1.8436502,11.2972608
2026-01-01T23:57:44.453,19.0,43.7,0.0392266,-1.8436502,11.2580342
2026-01-01T23:57:46.708,19.0,43.7,0.0,-1.8044235999999998,11.2972608
2026-01-01T23:57:48.964,19.1,43.8,0.0,-1.8436502,11.2188076
2026-01-01T23:57:51.220,19.0,43.7,0.0392266,-1.8828768,11.2580342
2026-01-01T23:57:53.475,19.0,43.8,0.0,-1.8044235999999998,11.2972608
2026-01-01T23:57:55.731,19.0,43.8,0.0,-1.8436502,11.2188076
2026-01-01T23:57:57.987,19.0,43.8,0.0,-1.8436502,11.2188076
2026-01-01T23:58:00.243,19.0,43.8,0.0,-1.8044235999999998,11.2188076
2026-01-01T23:58:02.498,19.0,43.8,0.0,-1.8044235999999998,11.2188076
2026-01-01T23:58:04.754,19.0,43.8,0.0392266,-1.8828768,11.2580342
2026-01-01T23:58:07.010,19.0,43.8,0.0,-1.8044235999999998,11.2188076
2026-01-01T23:58:09.265,19.1,43.9,0.0,-1.8044235999999998,11.2188076
2026-01-01T23:58:11.521,19.0,43.8,0.0,-1.8436502,11.2188076
2026-01-01T23:58:13.777,19.0,43.8,0.0392266,-1.8044235999999998,11.2580342
2026-01-01T23:58:16.033,19.0,43.8,0.0,-1.8436502,11.2580342
2026-01-01T23:58:18.288,19.0,43.8,0.0392266,-1.8436502,11.2188076
2026-01-01T23:58:20.544,19.0,43.8,0.0,-1.8044235999999998,11.2188076
2026-01-01T23:58:22.800,19.0,43.8,0.0,-1.8436502,11.2580342
2026-01-01T23:58:25.055,19.1,43.9,0.0,-1.8436502,11.2972608
2026-01-01T23:58:27.311,19.0,43.8,0.0,-1.8436502,11.2580342
2026-01-01T23:58:29.567,19.0,43.8,0.0,-1.8044235999999998,11.2188076
2026-01-01T23:58:31.822,19.0,43.8,0.0392266,-1.8436502,11.2972608
2026-01-01T23:58:34.078,19.0,43.8,0.0392266,-1.8436502,11.2972608
2026-01-01T23:58:36.334,19.0,43.8,0.0,-1.8436502,11.2580342
2026-01-01T23:58:38.590,19.0,43.8,0.0,-1.8828768,11.2188076
2026-01-01T23:58:40.846,19.0,43.7,0.0,-1.8044235999999998,11.2188076
2026-01-01T23:58:43.101,19.0,43.7,0.0,-1.8436502,11.2188076
2026-01-01T23:58:45.358,19.0,43.7,0.0392266,-1.8436502,11.2580342
2026-01-01T23:58:47.613,19.0,43.7,0.0,-1.8044235999999998,11.2972608
2026-01-01T23:58:49.869,19.0,43.7,0.0392266,-1.8436502,11.2580342
2026-01-01T23:58:52.125,19.0,43.7,0.0,-1.8436502,11.2972608
2026-01-01T23:58:54.381,19.0,43.7,0.0,-1.8044235999999998,11.2580342
2026-01-01T23:58:56.636,19.0,43.7,0.0,-1.8436502,11.179581
2026-01-01T23:58:58.892,19.0,43.7,0.0,-1.8436502,11.2580342
2026-01-01T23:59:01.148,19.0,43.7,0.0,-1.8436502,11.2972608
2026-01-01T23:59:03.403,19.0,43.7,0.0,-1.8828768,11.2580342
2026-01-01T23:59:05.659,19.0,43.6,0.0,-1.8436502,11.2972608
2026-01-01T23:59:07.915,19.0,43.7,0.0392266,-1.8436502,11.2580342
2026-01-01T23:59:10.170,19.0,43.6,0.0,-1.8828768,11.2972608
2026-01-01T23:59:12.426,19.0,43.7,0.0,-1.8436502,11.2972608
2026-01-01T23:59:14.682,19.0,43.6,0.0392266,-1.8828768,11.2972608
2026-01-01T23:59:16.937,19.0,43.6,0.0392266,-1.8436502,11.2972608
2026-01-01T23:59:19.193,19.0,43.6,0.0392266,-1.8436502,11.2972608
2026-01-01T23:59:21.449,19.0,43.6,0.0,-1.8436502,11.2972608
2026-01-01T23:59:23.705,19.0,43.6,0.0392266,-1.8436502,11.2580342
2026-01-01T23:59:25.960,19.0,43.6,0.0,-1.8436502,11.2972608
2026-01-01T23:59:28.216,19.0,43.6,0.0,-1.8044235999999998,11.2188076
2026-01-01T23:59:30.472,19.0,43.6,0.0392266,-1.8436502,11.2580342
2026-01-01T23:59:32.728,19.0,43.6,0.0,-1.8044235999999998,11.2580342
2026-01-01T23:59:34.983,19.0,43.7,0.0392266,-1.8044235999999998,11.2188076
2026-01-01T23:59:37.238,19.0,43.6,0.0392266,-1.8436502,11.2580342
2026-01-01T23:59:39.494,19.0,43.6,-0.0392266,-1.8436502,11.2580342
2026-01-01T23:59:41.750,19.0,43.6,0.0,-1.8436502,11.2188076
2026-01-01T23:59:44.006,19.0,43.6,0.0,-1.8044235999999998,11.179581
2026-01-01T23:59:46.262,19.0,43.5,0.0,-1.8044235999999998,11.2580342
2026-01-01T23:59:48.518,19.0,43.5,0.0,-1.8828768,11.179581
2026-01-01T23:59:50.773,19.0,43.6,0.0,-1.8436502,11.375713999999999
2026-01-01T23:59:53.029,19.0,43.6,0.0,-1.8436502,11.2580342
2026-01-01T23:59:55.284,19.0,43.6,0.0392266,-1.8436502,11.2580342
2026-01-01T23:59:57.540,19.0,43.6,0.0392266,-1.8828768,11.2580342
2026-01-01T23:59:59.796,19.0,43.7,0.0392266,-1.8044235999999998,11.2580342
