timestamp,temperature_C,humidity,mq_raw,mq_gas_detected,anomaly_flag,anomaly_type,anomaly_source
2025-12-11T00:00:00.251,19.8,57.1,1,,,0,none,none
2025-12-11T00:00:02.505,19.8,57.2,1,,,0,none,none
2025-12-11T00:00:04.761,19.9,57.1,1,,,0,none,none
2025-12-11T00:00:07.016,19.8,57.0,1,,,0,none,none
2025-12-11T00:00:09.270,19.8,56.9,1,,,0,none,none
2025-12-11T00:00:11.525,19.8,56.9,1,,,0,none,none
2025-12-11T00:00:13.780,19.8,56.8,1,,,0,none,none
2025-12-11T00:00:16.035,19.8,56.9,1,,,0,none,none
2025-12-11T00:00:18.289,19.8,56.9,1,,,0,none,none
2025-12-11T00:00:20.544,19.8,56.9,1,,,0,none,none
2025-12-11T00:00:22.803,19.8,56.8,1,,,0,none,none
2025-12-11T00:00:25.058,19.8,56.6,1,,,0,none,none
2025-12-11T00:00:27.313,19.8,56.4,1,,,0,none,none
2025-12-11T00:00:29.571,19.8,56.2,1,,,0,none,none
2025-12-11T00:00:31.826,19.8,56.4,1,,,0,none,none
2025-12-11T00:00:34.083,19.8,56.6,1,,,0,none,none
2025-12-11T00:00:36.338,19.8,56.8,1,,,0,none,none
2025-12-11T00:00:38.593,19.9,57.0,1,,,0,none,none
2025-12-11T00:00:40.847,19.8,56.9,1,,,0,none,none
2025-12-11T00:00:43.107,19.8,56.9,1,,,0,none,none
2025-12-11T00:00:45.362,19.8,56.8,1,,,0,none,none
2025-12-11T00:00:47.616,19.8,56.8,1,,,0,none,none
2025-12-11T00:00:49.875,19.8,56.8,1,,,0,none,none
2025-12-11T00:00:52.130,19.8,56.8,1,,,0,none,none
2025-12-11T00:00:54.385,19.8,56.9,1,,,0,none,none
2025-12-11T00:00:56.643,19.8,57.0,1,,,0,none,none
2025-12-11T00:00:58.898,19.8,57.1,1,,,0,none,none
2025-12-11T00:01:01.153,19.8,57.1,1,,,0,none,none
2025-12-11T00:01:03.407,19.8,57.2,1,,,0,none,none
2025-12-11T00:01:05.664,19.8,57.2,1,,,0,none,none
2025-12-11T00:01:07.918,19.8,57.1,1,,,0,none,none
2025-12-11T00:01:10.173,19.8,57.2,1,,,0,none,none
2025-12-11T00:01:12.427,19.8,57.1,1,,,0,none,none
2025-12-11T00:01:14.683,19.8,56.9,1,,,0,none,none
2025-12-11T00:01:16.943,19.9,57.0,1,,,0,none,none
2025-12-11T00:01:19.204,19.8,56.9,1,,,0,none,none
2025-12-11T00:01:21.458,19.8,56.9,1,,,0,none,none
2025-12-11T00:01:23.715,19.9,57.0,1,,,0,none,none
2025-12-11T00:01:25.970,19.8,57.0,1,,,0,none,none
2025-12-11T00:01:28.227,19.8,57.0,1,,,0,none,none
2025-12-11T00:01:30.487,19.8,57.0,1,,,0,none,none
2025-12-11T00:01:32.748,19.8,56.8,1,,,0,none,none
2025-12-11T00:01:35.003,19.8,56.7,1,,,0,none,none
2025-12-11T00:01:37.258,19.8,56.6,1,,,0,none,none
2025-12-11T00:01:39.513,19.9,56.8,1,,,0,none,none
2025-12-11T00:01:41.767,19.8,56.9,1,,,0,none,none
2025-12-11T00:01:44.022,19.8,56.9,1,,,0,none,none
2025-12-11T00:01:46.280,19.8,56.7,1,,,0,none,none
2025-12-11T00:01:48.534,19.8,56.5,1,,,0,none,none
2025-12-11T00:01:50.788,19.8,56.4,1,,,0,none,none
2025-12-11T00:01:53.048,,,1,,,0,none,none
2025-12-11T00:01:55.302,19.8,56.6,1,,,0,none,none
2025-12-11T00:01:57.557,19.8,56.6,1,,,0,none,none
2025-12-11T00:01:59.811,19.8,56.8,1,,,0,none,none
2025-12-11T00:02:02.066,19.8,56.7,1,,,0,none,none
2025-12-11T00:02:04.323,19.8,56.5,1,,,0,none,none
2025-12-11T00:02:06.578,19.8,56.6,1,,,0,none,none
2025-12-11T00:02:08.835,19.8,56.5,1,,,0,none,none
2025-12-11T00:02:11.090,19.8,56.4,1,,,0,none,none
2025-12-11T00:02:13.344,19.8,56.3,1,,,0,none,none
2025-12-11T00:02:15.603,19.8,56.5,1,,,0,none,none
2025-12-11T00:02:17.858,19.8,56.6,1,,,0,none,none
2025-12-11T00:02:20.113,19.8,56.7,1,,,0,none,none
2025-12-11T00:02:22.367,19.9,56.8,1,,,0,none,none
2025-12-11T00:02:24.622,19.8,56.9,1,,,0,none,none
2025-12-11T00:02:26.876,19.8,56.9,1,,,0,none,none
2025-12-11T00:02:29.135,19.8,56.7,1,,,0,none,none
2025-12-11T00:02:31.390,19.8,56.7,1,,,0,none,none
2025-12-11T00:02:33.648,19.8,56.7,1,,,0,none,none
2025-12-11T00:02:35.902,19.8,56.9,1,,,0,none,none
2025-12-11T00:02:38.159,19.8,56.8,1,,,0,none,none
2025-12-11T00:02:40.414,19.9,56.7,1,,,0,none,none
2025-12-11T00:02:42.668,19.9,56.7,1,,,0,none,none
2025-12-11T00:02:44.927,19.8,56.6,1,,,0,none,none
2025-12-11T00:02:47.182,19.8,56.6,1,,,0,none,none
2025-12-11T00:02:49.439,19.8,56.3,1,,,0,none,none
2025-12-11T00:02:51.699,19.8,56.3,1,,,0,none,none
2025-12-11T00:02:53.954,19.8,56.2,1,,,0,none,none
2025-12-11T00:02:56.211,19.8,56.2,1,,,0,none,none
2025-12-11T00:02:58.471,19.8,56.1,1,,,0,none,none
2025-12-11T00:03:00.726,19.8,56.1,1,,,0,none,none
2025-12-11T00:03:02.983,19.8,56.2,1,,,0,none,none
2025-12-11T00:03:05.238,19.8,56.2,1,,,0,none,none
2025-12-11T00:03:07.492,19.8,56.3,1,,,0,none,none
2025-12-11T00:03:09.751,19.8,56.2,1,,,0,none,none
2025-12-11T00:03:12.006,19.8,56.0,1,,,0,none,none
2025-12-11T00:03:14.261,19.8,56.2,1,,,0,none,none
2025-12-11T00:03:16.515,19.8,56.2,1,,,0,none,none
2025-12-11T00:03:18.775,19.8,56.1,1,,,0,none,none
2025-12-11T00:03:21.030,19.9,56.2,1,,,0,none,none
2025-12-11T00:03:23.284,19.8,56.2,1,,,0,none,none
2025-12-11T00:03:25.539,19.8,56.3,1,,,0,none,none
2025-12-11T00:03:27.794,19.8,56.5,1,,,0,none,none
2025-12-11T00:03:30.051,19.8,56.4,1,,,0,none,none
2025-12-11T00:03:32.311,19.8,56.3,1,,,0,none,none
2025-12-11T00:03:34.572,19.8,56.1,1,,,0,none,none
2025-12-11T00:03:36.831,19.8,56.1,1,,,0,none,none
2025-12-11T00:03:39.091,19.8,56.2,1,,,0,none,none
2025-12-11T00:03:41.346,19.8,56.3,1,,,0,none,none
2025-12-11T00:03:43.600,19.8,56.5,1,,,0,none,none
2025-12-11T00:03:45.855,19.8,56.6,1,,,0,none,none
2025-12-11T00:03:48.110,19.8,56.7,1,,,0,none,none
2025-12-11T00:03:50.364,19.8,56.7,1,,,0,none,none
2025-12-11T00:03:52.619,19.8,56.6,1,,,0,none,none
2025-12-11T00:03:54.873,19.8,56.5,1,,,0,none,none
2025-12-11T00:03:57.128,19.8,56.4,1,,,0,none,none
2025-12-11T00:03:59.387,19.8,56.5,1,,,0,none,none
2025-12-11T00:04:01.642,19.8,56.5,1,,,0,none,none
2025-12-11T00:04:03.899,19.8,56.4,1,,,0,none,none
2025-12-11T00:04:06.159,19.8,56.3,1,,,0,none,none
2025-12-11T00:04:08.414,19.8,56.2,1,,,0,none,none
2025-12-11T00:04:10.671,19.8,56.4,1,,,0,none,none
2025-12-11T00:04:12.926,19.8,56.2,1,,,0,none,none
2025-12-11T00:04:15.181,19.8,56.2,1,,,0,none,none
2025-12-11T00:04:17.435,19.8,56.1,1,,,0,none,none
2025-12-11T00:04:19.689,19.8,56.2,1,,,0,none,none
2025-12-11T00:04:21.948,19.8,56.4,1,,,0,none,none
2025-12-11T00:04:24.202,19.8,56.4,1,,,0,none,none
2025-12-11T00:04:26.457,19.8,56.2,1,,,0,none,none
2025-12-11T00:04:28.711,19.8,56.4,1,,,0,none,none
2025-12-11T00:04:30.967,19.8,56.5,1,,,0,none,none
2025-12-11T00:04:33.222,19.8,56.6,1,,,0,none,none
2025-12-11T00:04:35.476,19.8,56.7,1,,,0,none,none
2025-12-11T00:04:37.731,19.8,56.9,1,,,0,none,none
2025-12-11T00:04:39.986,19.8,56.8,1,,,0,none,none
2025-12-11T00:04:42.240,19.8,56.4,1,,,0,none,none
2025-12-11T00:04:44.495,19.8,56.4,1,,,0,none,none
2025-12-11T00:04:46.749,19.8,56.4,1,,,0,none,none
2025-12-11T00:04:49.004,19.8,56.5,1,,,0,none,none
2025-12-11T00:04:51.259,19.8,56.6,1,,,0,none,none
2025-12-11T00:04:53.514,19.8,56.7,1,,,0,none,none
2025-12-11T00:04:55.769,,,1,,,0,none,none
2025-12-11T00:04:58.024,19.8,56.8,1,,,0,none,none
2025-12-11T00:05:00.279,19.8,56.8,1,,,0,none,none
2025-12-11T00:05:02.534,19.8,56.8,1,,,0,none,none
2025-12-11T00:05:04.789,19.8,56.6,1,,,0,none,none
2025-12-11T00:05:07.044,19.8,56.7,1,,,0,none,none
2025-12-11T00:05:09.299,19.8,56.7,1,,,0,none,none
2025-12-11T00:05:11.553,19.8,56.6,1,,,0,none,none
2025-12-11T00:05:13.808,19.8,56.7,1,,,0,none,none
2025-12-11T00:05:16.063,19.8,56.8,1,,,0,none,none
2025-12-11T00:05:18.318,19.8,57.0,1,,,0,none,none
2025-12-11T00:05:20.573,19.8,57.0,1,,,0,none,none
2025-12-11T00:05:22.828,19.8,57.0,1,,,0,none,none
2025-12-11T00:05:25.083,19.8,56.9,1,,,0,none,none
2025-12-11T00:05:27.338,19.8,56.9,1,,,0,none,none
2025-12-11T00:05:29.593,19.8,56.9,1,,,0,none,none
2025-12-11T00:05:31.848,19.8,56.8,1,,,0,none,none
2025-12-11T00:05:34.102,19.8,56.9,1,,,0,none,none
2025-12-11T00:05:36.357,19.8,57.0,1,,,0,none,none
2025-12-11T00:05:38.611,19.8,56.9,1,,,0,none,none
2025-12-11T00:05:40.866,19.8,56.9,1,,,0,none,none
2025-12-11T00:05:43.121,19.8,57.0,1,,,0,none,none
2025-12-11T00:05:45.379,19.8,57.0,1,,,0,none,none
2025-12-11T00:05:47.634,19.8,57.1,1,,,0,none,none
2025-12-11T00:05:49.888,19.8,57.2,1,,,0,none,none
2025-12-11T00:05:52.148,19.8,57.2,1,,,0,none,none
2025-12-11T00:05:54.402,19.8,57.1,1,,,0,none,none
2025-12-11T00:05:56.657,19.8,56.9,1,,,0,none,none
2025-12-11T00:05:58.912,19.8,56.8,1,,,0,none,none
2025-12-11T00:06:01.167,19.8,56.8,1,,,0,none,none
2025-12-11T00:06:03.422,19.8,56.8,1,,,0,none,none
2025-12-11T00:06:05.677,19.8,56.6,1,,,0,none,none
2025-12-11T00:06:07.932,19.8,56.4,1,,,0,none,none
2025-12-11T00:06:10.187,19.8,56.3,1,,,0,none,none
2025-12-11T00:06:12.442,19.8,56.4,1,,,0,none,none
2025-12-11T00:06:14.697,19.8,56.5,1,,,0,none,none
2025-12-11T00:06:16.952,19.8,56.3,1,,,0,none,none
2025-12-11T00:06:19.207,19.8,56.3,1,,,0,none,none
2025-12-11T00:06:21.461,19.8,56.1,1,,,0,none,none
2025-12-11T00:06:23.716,19.8,56.2,1,,,0,none,none
2025-12-11T00:06:25.971,19.8,56.2,1,,,0,none,none
2025-12-11T00:06:28.226,19.8,56.4,1,,,0,none,none
2025-12-11T00:06:30.481,19.8,56.6,1,,,0,none,none
2025-12-11T00:06:32.736,19.8,56.8,1,,,0,none,none
2025-12-11T00:06:34.994,19.8,56.8,1,,,0,none,none
2025-12-11T00:06:37.252,19.8,56.9,1,,,0,none,none
2025-12-11T00:06:39.506,19.8,57.0,1,,,0,none,none
2025-12-11T00:06:41.763,19.8,56.8,1,,,0,none,none
2025-12-11T00:06:44.024,19.8,56.8,1,,,0,none,none
2025-12-11T00:06:46.284,19.8,56.9,1,,,0,none,none
2025-12-11T00:06:48.538,19.8,56.9,1,,,0,none,none
2025-12-11T00:06:50.793,19.8,56.9,1,,,0,none,none
2025-12-11T00:06:53.048,19.8,56.9,1,,,0,none,none
2025-12-11T00:06:55.303,19.8,56.8,1,,,0,none,none
2025-12-11T00:06:57.558,19.8,56.6,1,,,0,none,none
2025-12-11T00:06:59.813,19.8,56.6,1,,,0,none,none
2025-12-11T00:07:02.068,19.8,56.7,1,,,0,none,none
2025-12-11T00:07:04.323,19.8,56.6,1,,,0,none,none
2025-12-11T00:07:06.578,19.8,56.6,1,,,0,none,none
2025-12-11T00:07:08.832,19.8,56.6,1,,,0,none,none
2025-12-11T00:07:11.087,19.8,56.7,1,,,0,none,none
2025-12-11T00:07:13.342,19.8,56.8,1,,,0,none,none
2025-12-11T00:07:15.597,19.8,56.8,1,,,0,none,none
2025-12-11T00:07:17.852,19.8,56.8,1,,,0,none,none
2025-12-11T00:07:20.107,19.8,56.6,1,,,0,none,none
2025-12-11T00:07:22.362,19.8,56.6,1,,,0,none,none
2025-12-11T00:07:24.617,19.8,56.6,1,,,0,none,none
2025-12-11T00:07:26.872,19.8,56.7,1,,,0,none,none
2025-12-11T00:07:29.127,19.8,56.8,1,,,0,none,none
2025-12-11T00:07:31.381,19.8,57.0,1,,,0,none,none
2025-12-11T00:07:33.636,19.8,57.0,1,,,0,none,none
2025-12-11T00:07:35.891,19.8,56.9,1,,,0,none,none
2025-12-11T00:07:38.146,19.8,57.0,1,,,0,none,none
2025-12-11T00:07:40.401,19.8,57.1,1,,,0,none,none
2025-12-11T00:07:42.656,19.8,57.0,1,,,0,none,none
2025-12-11T00:07:44.911,19.8,57.1,1,,,0,none,none
2025-12-11T00:07:47.166,19.8,57.2,1,,,0,none,none
2025-12-11T00:07:49.421,19.8,57.2,1,,,0,none,none
2025-12-11T00:07:51.676,19.8,57.2,1,,,0,none,none
2025-12-11T00:07:53.931,19.8,57.1,1,,,0,none,none
2025-12-11T00:07:56.185,19.8,57.1,1,,,0,none,none
2025-12-11T00:07:58.440,19.8,57.1,1,,,0,none,none
2025-12-11T00:08:00.695,19.8,57.1,1,,,0,none,none
2025-12-11T00:08:02.950,19.8,57.1,1,,,0,none,none
2025-12-11T00:08:05.205,19.8,57.1,1,,,0,none,none
2025-12-11T00:08:07.460,19.8,57.2,1,,,0,none,none
2025-12-11T00:08:09.714,19.8,57.2,1,,,0,none,none
2025-12-11T00:08:11.969,19.8,57.1,1,,,0,none,none
2025-12-11T00:08:14.224,19.8,57.1,1,,,0,none,none
2025-12-11T00:08:16.479,19.8,57.1,1,,,0,none,none
2025-12-11T00:08:18.734,19.8,57.1,1,,,0,none,none
2025-12-11T00:08:20.989,19.8,56.9,1,,,0,none,none
2025-12-11T00:08:23.244,19.8,56.7,1,,,0,none,none
2025-12-11T00:08:25.499,19.8,56.5,1,,,0,none,none
2025-12-11T00:08:27.754,19.8,56.4,1,,,0,none,none
2025-12-11T00:08:30.009,19.8,56.5,1,,,0,none,none
2025-12-11T00:08:32.264,19.8,56.6,1,,,0,none,none
2025-12-11T00:08:34.519,19.8,56.5,1,,,0,none,none
2025-12-11T00:08:36.773,19.8,56.6,1,,,0,none,none
2025-12-11T00:08:39.028,19.8,56.8,1,,,0,none,none
2025-12-11T00:08:41.287,19.8,56.8,1,,,0,none,none
2025-12-11T00:08:43.547,19.8,56.6,1,,,0,none,none
2025-12-11T00:08:45.807,19.8,56.5,1,,,0,none,none
2025-12-11T00:08:48.067,19.8,56.6,1,,,0,none,none
2025-12-11T00:08:50.322,19.8,56.4,1,,,0,none,none
2025-12-11T00:08:52.580,19.8,56.6,1,,,0,none,none
2025-12-11T00:08:54.834,19.8,56.5,1,,,0,none,none
2025-12-11T00:08:57.089,19.8,56.5,1,,,0,none,none
2025-12-11T00:08:59.343,19.8,56.5,1,,,0,none,none
2025-12-11T00:09:01.598,19.8,56.7,1,,,0,none,none
2025-12-11T00:09:03.852,19.8,56.8,1,,,0,none,none
2025-12-11T00:09:06.112,19.8,56.8,1,,,0,none,none
2025-12-11T00:09:08.366,19.8,56.8,1,,,0,none,none
2025-12-11T00:09:10.623,19.8,56.9,1,,,0,none,none
2025-12-11T00:09:12.878,19.8,56.8,1,,,0,none,none
2025-12-11T00:09:15.133,19.8,56.8,1,,,0,none,none
2025-12-11T00:09:17.387,19.8,56.9,1,,,0,none,none
2025-12-11T00:09:19.642,19.8,56.9,1,,,0,none,none
2025-12-11T00:09:21.896,19.8,57.0,1,,,0,none,none
2025-12-11T00:09:24.151,19.8,57.0,1,,,0,none,none
2025-12-11T00:09:26.405,19.8,57.0,1,,,0,none,none
2025-12-11T00:09:28.663,19.8,57.0,1,,,0,none,none
2025-12-11T00:09:30.918,19.8,57.0,1,,,0,none,none
2025-12-11T00:09:33.173,,,1,,,0,none,none
2025-12-11T00:09:35.427,19.8,57.0,1,,,0,none,none
2025-12-11T00:09:37.681,19.8,56.9,1,,,0,none,none
2025-12-11T00:09:39.936,19.8,56.8,1,,,0,none,none
2025-12-11T00:09:42.191,19.8,56.6,1,,,0,none,none
2025-12-11T00:09:44.447,19.8,56.6,1,,,0,none,none
2025-12-11T00:09:46.702,19.8,56.6,1,,,0,none,none
2025-12-11T00:09:48.957,19.8,56.5,1,,,0,none,none
2025-12-11T00:09:51.211,19.8,56.6,1,,,0,none,none
2025-12-11T00:09:53.466,19.8,56.7,1,,,0,none,none
2025-12-11T00:09:55.720,19.8,56.8,1,,,0,none,none
2025-12-11T00:09:57.979,19.8,56.8,1,,,0,none,none
2025-12-11T00:10:00.234,19.8,56.9,1,,,0,none,none
2025-12-11T00:10:02.491,19.8,56.6,1,,,0,none,none
2025-12-11T00:10:04.746,19.8,56.5,1,,,0,none,none
2025-12-11T00:10:07.004,19.8,56.5,1,,,0,none,none
2025-12-11T00:10:09.258,19.8,56.5,1,,,0,none,none
2025-12-11T00:10:11.513,19.8,56.5,1,,,0,none,none
2025-12-11T00:10:13.767,19.8,56.4,1,,,0,none,none
2025-12-11T00:10:16.022,19.8,56.5,1,,,0,none,none
2025-12-11T00:10:18.276,19.8,56.4,1,,,0,none,none
2025-12-11T00:10:20.535,19.8,56.4,1,,,0,none,none
2025-12-11T00:10:22.796,,,1,,,0,none,none
2025-12-11T00:10:25.050,19.8,56.6,1,,,0,none,none
2025-12-11T00:10:27.305,19.8,56.5,1,,,0,none,none
2025-12-11T00:10:29.560,19.8,56.4,1,,,0,none,none
2025-12-11T00:10:31.815,19.8,56.4,1,,,0,none,none
2025-12-11T00:10:34.070,19.8,56.3,1,,,0,none,none
2025-12-11T00:10:36.324,19.8,56.2,1,,,0,none,none
2025-12-11T00:10:38.579,19.8,56.2,1,,,0,none,none
2025-12-11T00:10:40.834,19.8,56.2,1,,,0,none,none
2025-12-11T00:10:43.089,19.8,56.3,1,,,0,none,none
2025-12-11T00:10:45.344,19.8,56.2,1,,,0,none,none
2025-12-11T00:10:47.599,19.8,56.3,1,,,0,none,none
2025-12-11T00:10:49.854,19.8,56.4,1,,,0,none,none
2025-12-11T00:10:52.108,19.8,56.4,1,,,0,none,none
2025-12-11T00:10:54.363,19.8,56.6,1,,,0,none,none
2025-12-11T00:10:56.618,19.8,56.7,1,,,0,none,none
2025-12-11T00:10:58.873,19.8,56.8,1,,,0,none,none
2025-12-11T00:11:01.128,19.8,56.7,1,,,0,none,none
2025-12-11T00:11:03.383,19.8,56.6,1,,,0,none,none
2025-12-11T00:11:05.638,19.8,56.6,1,,,0,none,none
2025-12-11T00:11:07.893,19.8,56.5,1,,,0,none,none
2025-12-11T00:11:10.147,19.8,56.4,1,,,0,none,none
2025-12-11T00:11:12.402,19.8,56.4,1,,,0,none,none
2025-12-11T00:11:14.657,19.8,56.4,1,,,0,none,none
2025-12-11T00:11:16.912,19.8,56.4,1,,,0,none,none
2025-12-11T00:11:19.167,19.8,56.2,1,,,0,none,none
2025-12-11T00:11:21.422,19.8,56.2,1,,,0,none,none
2025-12-11T00:11:23.677,19.8,56.2,1,,,0,none,none
2025-12-11T00:11:25.932,19.8,56.2,1,,,0,none,none
2025-12-11T00:11:28.186,19.8,56.1,1,,,0,none,none
2025-12-11T00:11:30.441,19.8,56.1,1,,,0,none,none
2025-12-11T00:11:32.696,19.8,56.3,1,,,0,none,none
2025-12-11T00:11:34.951,19.8,56.5,1,,,0,none,none
2025-12-11T00:11:37.206,19.8,56.6,1,,,0,none,none
2025-12-11T00:11:39.461,19.8,56.7,1,,,0,none,none
2025-12-11T00:11:41.716,,,1,,,0,none,none
2025-12-11T00:11:43.971,19.8,56.5,1,,,0,none,none
2025-12-11T00:11:46.225,19.8,56.4,1,,,0,none,none
2025-12-11T00:11:48.480,19.8,56.3,1,,,0,none,none
2025-12-11T00:11:50.735,19.8,56.4,1,,,0,none,none
2025-12-11T00:11:52.990,19.8,56.5,1,,,0,none,none
2025-12-11T00:11:55.245,19.8,56.5,1,,,0,none,none
2025-12-11T00:11:57.500,19.8,56.5,1,,,0,none,none
2025-12-11T00:11:59.755,19.8,56.6,1,,,0,none,none
2025-12-11T00:12:02.010,19.8,56.7,1,,,0,none,none
2025-12-11T00:12:04.265,19.8,56.6,1,,,0,none,none
2025-12-11T00:12:06.519,19.8,56.4,1,,,0,none,none
2025-12-11T00:12:08.774,19.8,56.4,1,,,0,none,none
2025-12-11T00:12:11.029,19.8,56.5,1,,,0,none,none
2025-12-11T00:12:13.284,19.8,56.5,1,,,0,none,none
2025-12-11T00:12:15.539,19.8,56.6,1,,,0,none,none
2025-12-11T00:12:17.794,19.8,56.8,1,,,0,none,none
2025-12-11T00:12:20.049,19.8,56.8,1,,,0,none,none
2025-12-11T00:12:22.304,19.8,56.9,1,,,0,none,none
2025-12-11T00:12:24.558,19.8,57.0,1,,,0,none,none
2025-12-11T00:12:26.813,19.8,57.0,1,,,0,none,none
2025-12-11T00:12:29.068,19.8,57.0,1,,,0,none,none
2025-12-11T00:12:31.322,19.8,57.0,1,,,0,none,none
2025-12-11T00:12:33.577,19.8,57.0,1,,,0,none,none
2025-12-11T00:12:35.836,19.8,57.0,1,,,0,none,none
2025-12-11T00:12:38.095,19.8,57.0,1,,,0,none,none
2025-12-11T00:12:40.355,19.8,56.9,1,,,0,none,none
2025-12-11T00:12:42.610,19.8,56.7,1,,,0,none,none
2025-12-11T00:12:44.865,19.8,56.6,1,,,0,none,none
2025-12-11T00:12:47.123,19.8,56.5,1,,,0,none,none
2025-12-11T00:12:49.378,19.8,56.3,1,,,0,none,none
2025-12-11T00:12:51.635,19.8,56.2,1,,,0,none,none
2025-12-11T00:12:53.890,19.8,56.2,1,,,0,none,none
2025-12-11T00:12:56.148,,,1,,,0,none,none
2025-12-11T00:12:58.402,19.8,56.5,1,,,0,none,none
2025-12-11T00:13:00.657,19.8,56.4,1,,,0,none,none
2025-12-11T00:13:02.912,19.8,56.4,1,,,0,none,none
2025-12-11T00:13:05.171,19.8,56.4,1,,,0,none,none
2025-12-11T00:13:07.426,19.8,56.3,1,,,0,none,none
2025-12-11T00:13:09.684,,,1,,,0,none,none
2025-12-11T00:13:11.943,19.8,56.4,1,,,0,none,none
2025-12-11T00:13:14.198,19.8,56.5,1,,,0,none,none
2025-12-11T00:13:16.452,19.8,56.6,1,,,0,none,none
2025-12-11T00:13:18.711,19.8,56.6,1,,,0,none,none
2025-12-11T00:13:20.971,19.8,56.7,1,,,0,none,none
2025-12-11T00:13:23.226,19.8,56.8,1,,,0,none,none
2025-12-11T00:13:25.480,19.8,56.8,1,,,0,none,none
2025-12-11T00:13:27.735,19.8,56.8,1,,,0,none,none
2025-12-11T00:13:29.996,19.8,56.9,1,,,0,none,none
2025-12-11T00:13:32.250,19.8,56.8,1,,,0,none,none
2025-12-11T00:13:34.505,19.8,56.8,1,,,0,none,none
2025-12-11T00:13:36.759,19.8,56.8,1,,,0,none,none
2025-12-11T00:13:39.019,19.8,57.0,1,,,0,none,none
2025-12-11T00:13:41.274,19.8,57.0,1,,,0,none,none
2025-12-11T00:13:43.529,19.8,57.1,1,,,0,none,none
2025-12-11T00:13:45.787,19.8,57.2,1,,,0,none,none
2025-12-11T00:13:48.042,19.8,57.1,1,,,0,none,none
2025-12-11T00:13:50.296,19.8,56.8,1,,,0,none,none
2025-12-11T00:13:52.551,19.8,56.9,1,,,0,none,none
2025-12-11T00:13:54.805,19.8,57.0,1,,,0,none,none
2025-12-11T00:13:57.060,19.8,56.9,1,,,0,none,none
2025-12-11T00:13:59.315,19.8,56.9,1,,,0,none,none
2025-12-11T00:14:01.569,19.8,57.0,1,,,0,none,none
2025-12-11T00:14:03.824,19.8,56.9,1,,,0,none,none
2025-12-11T00:14:06.078,19.8,56.8,1,,,0,none,none
2025-12-11T00:14:08.333,19.8,56.9,1,,,0,none,none
2025-12-11T00:14:10.592,19.8,56.9,1,,,0,none,none
2025-12-11T00:14:12.851,19.8,56.8,1,,,0,none,none
2025-12-11T00:14:15.106,19.8,56.7,1,,,0,none,none
2025-12-11T00:14:17.361,19.8,56.7,1,,,0,none,none
2025-12-11T00:14:19.615,19.8,56.7,1,,,0,none,none
2025-12-11T00:14:21.870,19.8,56.7,1,,,0,none,none
2025-12-11T00:14:24.128,19.8,56.6,1,,,0,none,none
2025-12-11T00:14:26.387,19.8,56.8,1,,,0,none,none
2025-12-11T00:14:28.642,19.8,57.0,1,,,0,none,none
2025-12-11T00:14:30.900,19.8,57.0,1,,,0,none,none
2025-12-11T00:14:33.154,19.8,57.0,1,,,0,none,none
2025-12-11T00:14:35.409,19.8,57.0,1,,,0,none,none
2025-12-11T00:14:37.663,19.8,57.1,1,,,0,none,none
2025-12-11T00:14:39.923,19.8,57.0,1,,,0,none,none
2025-12-11T00:14:42.178,19.8,56.9,1,,,0,none,none
2025-12-11T00:14:44.432,19.8,56.8,1,,,0,none,none
2025-12-11T00:14:46.691,19.8,56.8,1,,,0,none,none
2025-12-11T00:14:48.946,19.8,56.9,1,,,0,none,none
2025-12-11T00:14:51.204,19.8,56.9,1,,,0,none,none
2025-12-11T00:14:53.458,19.8,57.0,1,,,0,none,none
2025-12-11T00:14:55.712,19.8,57.0,1,,,0,none,none
2025-12-11T00:14:57.967,19.8,57.0,1,,,0,none,none
2025-12-11T00:15:00.222,19.8,57.1,1,,,0,none,none
2025-12-11T00:15:02.479,19.8,57.2,1,,,0,none,none
2025-12-11T00:15:04.740,19.8,57.2,1,,,0,none,none
2025-12-11T00:15:06.994,19.8,57.0,1,,,0,none,none
2025-12-11T00:15:09.251,19.8,57.2,1,,,0,none,none
2025-12-11T00:15:11.506,19.8,57.3,1,,,0,none,none
2025-12-11T00:15:13.763,19.8,57.3,1,,,0,none,none
2025-12-11T00:15:16.018,19.8,57.2,1,,,0,none,none
2025-12-11T00:15:18.273,19.8,57.1,1,,,0,none,none
2025-12-11T00:15:20.531,19.8,56.9,1,,,0,none,none
2025-12-11T00:15:22.786,19.8,56.9,1,,,0,none,none
2025-12-11T00:15:25.044,19.8,56.8,1,,,0,none,none
2025-12-11T00:15:27.298,19.8,56.7,1,,,0,none,none
2025-12-11T00:15:29.553,19.8,56.8,1,,,0,none,none
2025-12-11T00:15:31.812,19.8,56.8,1,,,0,none,none
2025-12-11T00:15:34.066,19.8,56.8,1,,,0,none,none
2025-12-11T00:15:36.321,19.8,56.7,1,,,0,none,none
2025-12-11T00:15:38.580,19.8,56.6,1,,,0,none,none
2025-12-11T00:15:40.839,19.8,56.6,1,,,0,none,none
2025-12-11T00:15:43.094,19.8,56.6,1,,,0,none,none
2025-12-11T00:15:45.349,19.8,56.6,1,,,0,none,none
2025-12-11T00:15:47.603,19.8,56.6,1,,,0,none,none
2025-12-11T00:15:49.858,19.8,56.6,1,,,0,none,none
2025-12-11T00:15:52.112,19.8,56.6,1,,,0,none,none
2025-12-11T00:15:54.371,19.8,56.7,1,,,0,none,none
2025-12-11T00:15:56.626,19.7,56.7,1,,,0,none,none
2025-12-11T00:15:58.884,19.8,56.9,1,,,0,none,none
2025-12-11T00:16:01.143,19.8,56.9,1,,,0,none,none
2025-12-11T00:16:03.398,19.8,57.0,1,,,0,none,none
2025-12-11T00:16:05.652,19.8,57.0,1,,,0,none,none
2025-12-11T00:16:07.907,19.8,56.8,1,,,0,none,none
2025-12-11T00:16:10.162,19.8,56.7,1,,,0,none,none
2025-12-11T00:16:12.420,19.8,56.9,1,,,0,none,none
2025-12-11T00:16:14.679,19.8,56.8,1,,,0,none,none
2025-12-11T00:16:16.934,19.8,56.9,1,,,0,none,none
2025-12-11T00:16:19.189,19.8,57.2,1,,,0,none,none
2025-12-11T00:16:21.447,19.8,57.2,1,,,0,none,none
2025-12-11T00:16:23.702,19.8,57.0,1,,,0,none,none
2025-12-11T00:16:25.957,19.8,56.8,1,,,0,none,none
2025-12-11T00:16:28.215,19.8,57.0,1,,,0,none,none
2025-12-11T00:16:30.470,19.7,57.0,1,,,0,none,none
2025-12-11T00:16:32.725,19.8,56.9,1,,,0,none,none
2025-12-11T00:16:34.983,19.7,56.8,1,,,0,none,none
2025-12-11T00:16:37.238,19.8,57.0,1,,,0,none,none
2025-12-11T00:16:39.493,19.8,57.0,1,,,0,none,none
2025-12-11T00:16:41.751,19.8,56.9,1,,,0,none,none
2025-12-11T00:16:44.006,19.8,57.0,1,,,0,none,none
2025-12-11T00:16:46.264,19.8,56.9,1,,,0,none,none
2025-12-11T00:16:48.518,19.8,56.7,1,,,0,none,none
2025-12-11T00:16:50.773,19.8,56.9,1,,,0,none,none
2025-12-11T00:16:53.027,19.8,57.1,1,,,0,none,none
2025-12-11T00:16:55.287,19.8,57.2,1,,,0,none,none
2025-12-11T00:16:57.542,19.8,57.2,1,,,0,none,none
2025-12-11T00:16:59.797,19.8,57.0,1,,,0,none,none
2025-12-11T00:17:02.051,19.8,56.8,1,,,0,none,none
2025-12-11T00:17:04.306,19.8,56.6,1,,,0,none,none
2025-12-11T00:17:06.560,19.8,56.6,1,,,0,none,none
2025-12-11T00:17:08.819,19.8,56.7,1,,,0,none,none
2025-12-11T00:17:11.074,19.8,56.7,1,,,0,none,none
2025-12-11T00:17:13.332,19.8,56.8,1,,,0,none,none
2025-12-11T00:17:15.591,19.8,56.9,1,,,0,none,none
2025-12-11T00:17:17.847,19.8,57.0,1,,,0,none,none
2025-12-11T00:17:20.108,19.8,57.0,1,,,0,none,none
2025-12-11T00:17:22.367,19.8,57.1,1,,,0,none,none
2025-12-11T00:17:24.622,19.8,57.0,1,,,0,none,none
2025-12-11T00:17:26.880,19.8,57.0,1,,,0,none,none
2025-12-11T00:17:29.134,19.8,57.0,1,,,0,none,none
2025-12-11T00:17:31.389,19.8,57.1,1,,,0,none,none
2025-12-11T00:17:33.643,19.8,57.0,1,,,0,none,none
2025-12-11T00:17:35.898,19.8,56.8,1,,,0,none,none
2025-12-11T00:17:38.152,19.8,56.7,1,,,0,none,none
2025-12-11T00:17:40.407,19.8,56.8,1,,,0,none,none
2025-12-11T00:17:42.667,19.8,56.8,1,,,0,none,none
2025-12-11T00:17:44.927,19.8,56.9,1,,,0,none,none
2025-12-11T00:17:47.188,19.8,57.0,1,,,0,none,none
2025-12-11T00:17:49.447,19.8,56.9,1,,,0,none,none
2025-12-11T00:17:51.702,19.8,57.1,1,,,0,none,none
2025-12-11T00:17:53.957,19.8,57.2,1,,,0,none,none
2025-12-11T00:17:56.211,19.8,56.9,1,,,0,none,none
2025-12-11T00:17:58.466,19.8,56.9,1,,,0,none,none
2025-12-11T00:18:00.720,19.8,56.7,1,,,0,none,none
2025-12-11T00:18:02.975,19.8,56.8,1,,,0,none,none
2025-12-11T00:18:05.231,19.8,56.8,1,,,0,none,none
2025-12-11T00:18:07.486,19.8,57.0,1,,,0,none,none
2025-12-11T00:18:09.743,19.8,57.1,1,,,0,none,none
2025-12-11T00:18:11.998,19.8,57.1,1,,,0,none,none
2025-12-11T00:18:14.253,19.8,57.2,1,,,0,none,none
2025-12-11T00:18:16.511,19.8,57.2,1,,,0,none,none
2025-12-11T00:18:18.766,19.8,57.0,1,,,0,none,none
2025-12-11T00:18:21.021,19.8,57.1,1,,,0,none,none
2025-12-11T00:18:23.279,19.8,57.1,1,,,0,none,none
2025-12-11T00:18:25.539,19.8,57.0,1,,,0,none,none
2025-12-11T00:18:27.800,19.8,56.9,1,,,0,none,none
2025-12-11T00:18:30.059,19.8,56.9,1,,,0,none,none
2025-12-11T00:18:32.319,19.8,57.0,1,,,0,none,none
2025-12-11T00:18:34.574,19.8,57.0,1,,,0,none,none
2025-12-11T00:18:36.831,19.8,57.1,1,,,0,none,none
2025-12-11T00:18:39.086,19.8,57.0,1,,,0,none,none
2025-12-11T00:18:41.344,19.8,57.1,1,,,0,none,none
2025-12-11T00:18:43.604,19.8,56.9,1,,,0,none,none
2025-12-11T00:18:45.858,19.8,57.0,1,,,0,none,none
2025-12-11T00:18:48.113,19.8,57.0,1,,,0,none,none
2025-12-11T00:18:50.368,19.8,57.0,1,,,0,none,none
2025-12-11T00:18:52.623,19.8,57.1,1,,,0,none,none
2025-12-11T00:18:54.878,19.8,57.2,1,,,0,none,none
2025-12-11T00:18:57.133,19.8,57.2,1,,,0,none,none
2025-12-11T00:18:59.388,19.8,57.1,1,,,0,none,none
2025-12-11T00:19:01.643,19.8,57.1,1,,,0,none,none
2025-12-11T00:19:03.898,19.8,57.2,1,,,0,none,none
2025-12-11T00:19:06.153,19.8,57.3,1,,,0,none,none
2025-12-11T00:19:08.408,19.8,57.5,1,,,0,none,none
2025-12-11T00:19:10.663,19.8,57.5,1,,,0,none,none
2025-12-11T00:19:12.917,19.8,57.4,1,,,0,none,none
2025-12-11T00:19:15.172,19.8,57.3,1,,,0,none,none
2025-12-11T00:19:17.427,19.8,57.0,1,,,0,none,none
2025-12-11T00:19:19.682,19.8,56.8,1,,,0,none,none
2025-12-11T00:19:21.937,19.8,56.8,1,,,0,none,none
2025-12-11T00:19:24.192,19.8,56.9,1,,,0,none,none
2025-12-11T00:19:26.447,19.8,57.0,1,,,0,none,none
2025-12-11T00:19:28.702,19.8,57.2,1,,,0,none,none
2025-12-11T00:19:30.957,19.8,57.3,1,,,0,none,none
2025-12-11T00:19:33.212,19.8,57.2,1,,,0,none,none
2025-12-11T00:19:35.467,19.8,57.1,1,,,0,none,none
2025-12-11T00:19:37.722,19.8,57.1,1,,,0,none,none
2025-12-11T00:19:39.976,19.8,57.0,1,,,0,none,none
2025-12-11T00:19:42.232,19.8,57.0,1,,,0,none,none
2025-12-11T00:19:44.486,19.8,57.0,1,,,0,none,none
2025-12-11T00:19:46.741,19.8,57.0,1,,,0,none,none
2025-12-11T00:19:48.996,19.8,56.9,1,,,0,none,none
2025-12-11T00:19:51.251,19.8,57.1,1,,,0,none,none
2025-12-11T00:19:53.506,19.8,56.9,1,,,0,none,none
2025-12-11T00:19:55.761,19.8,56.8,1,,,0,none,none
2025-12-11T00:19:58.016,19.8,56.8,1,,,0,none,none
2025-12-11T00:20:00.271,,,1,,,0,none,none
2025-12-11T00:20:02.526,19.8,56.8,1,,,0,none,none
2025-12-11T00:20:04.780,19.8,56.8,1,,,0,none,none
2025-12-11T00:20:07.035,19.8,56.8,1,,,0,none,none
2025-12-11T00:20:09.290,19.8,56.5,1,,,0,none,none
2025-12-11T00:20:11.547,19.8,56.5,1,,,0,none,none
2025-12-11T00:20:13.807,19.8,56.6,1,,,0,none,none
2025-12-11T00:20:16.062,19.8,56.4,1,,,0,none,none
2025-12-11T00:20:18.317,19.8,56.4,1,,,0,none,none
2025-12-11T00:20:20.572,19.8,56.3,1,,,0,none,none
2025-12-11T00:20:22.827,19.8,56.2,1,,,0,none,none
2025-12-11T00:20:25.082,19.8,56.2,1,,,0,none,none
2025-12-11T00:20:27.337,19.7,56.3,1,,,0,none,none
2025-12-11T00:20:29.592,19.8,56.4,1,,,0,none,none
2025-12-11T00:20:31.847,19.8,56.5,1,,,0,none,none
2025-12-11T00:20:34.107,19.8,56.5,1,,,0,none,none
2025-12-11T00:20:36.362,19.8,56.7,1,,,0,none,none
2025-12-11T00:20:38.619,19.8,56.8,1,,,0,none,none
2025-12-11T00:20:40.874,19.8,56.8,1,,,0,none,none
2025-12-11T00:20:43.129,19.8,56.8,1,,,0,none,none
2025-12-11T00:20:45.383,19.8,56.9,1,,,0,none,none
2025-12-11T00:20:47.643,19.8,57.0,1,,,0,none,none
2025-12-11T00:20:49.898,19.8,57.1,1,,,0,none,none
2025-12-11T00:20:52.155,19.8,57.1,1,,,0,none,none
2025-12-11T00:20:54.410,19.8,57.1,1,,,0,none,none
2025-12-11T00:20:56.664,19.8,57.1,1,,,0,none,none
2025-12-11T00:20:58.919,19.8,57.2,1,,,0,none,none
2025-12-11T00:21:01.175,19.8,57.2,1,,,0,none,none
2025-12-11T00:21:03.430,19.8,57.3,1,,,0,none,none
2025-12-11T00:21:05.687,19.8,57.4,1,,,0,none,none
2025-12-11T00:21:07.942,19.8,57.4,1,,,0,none,none
2025-12-11T00:21:10.197,19.8,57.2,1,,,0,none,none
2025-12-11T00:21:12.451,19.8,57.1,1,,,0,none,none
2025-12-11T00:21:14.706,19.8,57.0,1,,,0,none,none
2025-12-11T00:21:16.960,19.8,57.1,1,,,0,none,none
2025-12-11T00:21:19.215,19.8,57.3,1,,,0,none,none
2025-12-11T00:21:21.475,19.8,57.3,1,,,0,none,none
2025-12-11T00:21:23.730,19.8,57.2,1,,,0,none,none
2025-12-11T00:21:25.985,19.8,57.2,1,,,0,none,none
2025-12-11T00:21:28.239,19.7,57.2,1,,,0,none,none
2025-12-11T00:21:30.494,19.8,57.3,1,,,0,none,none
2025-12-11T00:21:32.748,19.8,57.2,1,,,0,none,none
2025-12-11T00:21:35.003,19.8,57.3,1,,,0,none,none
2025-12-11T00:21:37.257,19.8,57.4,1,,,0,none,none
2025-12-11T00:21:39.515,19.8,57.2,1,,,0,none,none
2025-12-11T00:21:41.770,19.8,57.1,1,,,0,none,none
2025-12-11T00:21:44.025,19.8,56.9,1,,,0,none,none
2025-12-11T00:21:46.279,19.8,57.0,1,,,0,none,none
2025-12-11T00:21:48.534,19.8,57.0,1,,,0,none,none
2025-12-11T00:21:50.788,19.8,57.1,1,,,0,none,none
2025-12-11T00:21:53.047,19.8,57.1,1,,,0,none,none
2025-12-11T00:21:55.302,19.7,57.1,1,,,0,none,none
2025-12-11T00:21:57.557,19.8,57.3,1,,,0,none,none
2025-12-11T00:21:59.815,19.8,57.4,1,,,0,none,none
2025-12-11T00:22:02.075,19.8,57.5,1,,,0,none,none
2025-12-11T00:22:04.330,19.8,57.8,1,,,0,none,none
2025-12-11T00:22:06.587,19.8,57.6,1,,,0,none,none
2025-12-11T00:22:08.842,19.8,57.6,1,,,0,none,none
2025-12-11T00:22:11.097,19.8,57.6,1,,,0,none,none
2025-12-11T00:22:13.355,19.8,57.6,1,,,0,none,none
2025-12-11T00:22:15.610,19.8,57.5,1,,,0,none,none
2025-12-11T00:22:17.865,19.8,57.4,1,,,0,none,none
2025-12-11T00:22:20.119,19.8,57.5,1,,,0,none,none
2025-12-11T00:22:22.373,19.8,57.4,1,,,0,none,none
2025-12-11T00:22:24.628,19.8,57.3,1,,,0,none,none
2025-12-11T00:22:26.883,19.8,57.2,1,,,0,none,none
2025-12-11T00:22:29.143,19.8,57.2,1,,,0,none,none
2025-12-11T00:22:31.398,19.8,57.1,1,,,0,none,none
2025-12-11T00:22:33.655,19.8,57.2,1,,,0,none,none
2025-12-11T00:22:35.911,19.8,57.2,1,,,0,none,none
2025-12-11T00:22:38.166,19.8,57.2,1,,,0,none,none
2025-12-11T00:22:40.423,19.8,57.1,1,,,0,none,none
2025-12-11T00:22:42.678,19.8,57.2,1,,,0,none,none
2025-12-11T00:22:44.933,19.8,57.3,1,,,0,none,none
2025-12-11T00:22:47.187,19.8,57.4,1,,,0,none,none
2025-12-11T00:22:49.442,19.8,57.3,1,,,0,none,none
2025-12-11T00:22:51.696,19.8,57.2,1,,,0,none,none
2025-12-11T00:22:53.951,19.8,57.2,1,,,0,none,none
2025-12-11T00:22:56.205,19.8,57.1,1,,,0,none,none
2025-12-11T00:22:58.460,19.8,57.2,1,,,0,none,none
2025-12-11T00:23:00.715,19.8,57.2,1,,,0,none,none
2025-12-11T00:23:02.970,19.8,57.1,1,,,0,none,none
2025-12-11T00:23:05.225,19.8,57.1,1,,,0,none,none
2025-12-11T00:23:07.480,19.8,57.0,1,,,0,none,none
2025-12-11T00:23:09.735,19.8,57.0,1,,,0,none,none
2025-12-11T00:23:11.990,19.8,57.2,1,,,0,none,none
2025-12-11T00:23:14.245,19.8,57.2,1,,,0,none,none
2025-12-11T00:23:16.500,19.8,57.2,1,,,0,none,none
2025-12-11T00:23:18.755,19.8,57.0,1,,,0,none,none
2025-12-11T00:23:21.010,19.8,57.0,1,,,0,none,none
2025-12-11T00:23:23.265,19.8,57.0,1,,,0,none,none
2025-12-11T00:23:25.520,19.8,57.2,1,,,0,none,none
2025-12-11T00:23:27.775,19.8,57.1,1,,,0,none,none
2025-12-11T00:23:30.030,19.8,57.2,1,,,0,none,none
2025-12-11T00:23:32.288,19.8,57.4,1,,,0,none,none
2025-12-11T00:23:34.542,19.8,57.5,1,,,0,none,none
2025-12-11T00:23:36.799,19.8,57.4,1,,,0,none,none
2025-12-11T00:23:39.054,19.8,57.3,1,,,0,none,none
2025-12-11T00:23:41.309,19.8,57.2,1,,,0,none,none
2025-12-11T00:23:43.567,19.8,57.2,1,,,0,none,none
2025-12-11T00:23:45.822,19.8,57.1,1,,,0,none,none
2025-12-11T00:23:48.077,19.8,56.9,1,,,0,none,none
2025-12-11T00:23:50.331,19.8,57.0,1,,,0,none,none
2025-12-11T00:23:52.592,19.8,57.0,1,,,0,none,none
2025-12-11T00:23:54.846,19.8,57.1,1,,,0,none,none
2025-12-11T00:23:57.103,19.8,57.2,1,,,0,none,none
2025-12-11T00:23:59.358,19.8,57.2,1,,,0,none,none
2025-12-11T00:24:01.615,,,1,,,0,none,none
2025-12-11T00:24:03.870,19.8,57.3,1,,,0,none,none
2025-12-11T00:24:06.125,19.8,57.2,1,,,0,none,none
2025-12-11T00:24:08.383,19.8,57.1,1,,,0,none,none
2025-12-11T00:24:10.638,19.8,56.9,1,,,0,none,none
2025-12-11T00:24:12.893,19.8,56.7,1,,,0,none,none
2025-12-11T00:24:15.151,19.8,56.6,1,,,0,none,none
2025-12-11T00:24:17.411,19.8,56.7,1,,,0,none,none
2025-12-11T00:24:19.672,19.8,56.8,1,,,0,none,none
2025-12-11T00:24:21.926,19.8,57.0,1,,,0,none,none
2025-12-11T00:24:24.183,19.8,57.0,1,,,0,none,none
2025-12-11T00:24:26.444,19.8,56.9,1,,,0,none,none
2025-12-11T00:24:28.698,19.8,57.0,1,,,0,none,none
2025-12-11T00:24:30.953,19.8,57.2,1,,,0,none,none
2025-12-11T00:24:33.207,19.8,57.2,1,,,0,none,none
2025-12-11T00:24:35.463,19.8,57.1,1,,,0,none,none
2025-12-11T00:24:37.718,19.8,57.0,1,,,0,none,none
2025-12-11T00:24:39.973,19.8,57.0,1,,,0,none,none
2025-12-11T00:24:42.231,19.8,57.2,1,,,0,none,none
2025-12-11T00:24:44.486,19.8,57.3,1,,,0,none,none
2025-12-11T00:24:46.740,19.8,57.3,1,,,0,none,none
2025-12-11T00:24:48.995,19.8,57.3,1,,,0,none,none
2025-12-11T00:24:51.255,19.8,57.3,1,,,0,none,none
2025-12-11T00:24:53.510,19.8,57.2,1,,,0,none,none
2025-12-11T00:24:55.765,19.8,57.2,1,,,0,none,none
2025-12-11T00:24:58.020,19.8,57.1,1,,,0,none,none
2025-12-11T00:25:00.275,19.8,57.2,1,,,0,none,none
2025-12-11T00:25:02.530,19.8,57.3,1,,,0,none,none
2025-12-11T00:25:04.785,19.8,57.4,1,,,0,none,none
2025-12-11T00:25:07.040,19.8,57.3,1,,,0,none,none
2025-12-11T00:25:09.295,19.8,57.2,1,,,0,none,none
2025-12-11T00:25:11.550,19.8,57.3,1,,,0,none,none
2025-12-11T00:25:13.805,19.8,57.2,1,,,0,none,none
2025-12-11T00:25:16.060,19.8,57.2,1,,,0,none,none
2025-12-11T00:25:18.315,19.8,57.2,1,,,0,none,none
2025-12-11T00:25:20.570,19.8,57.2,1,,,0,none,none
2025-12-11T00:25:22.824,19.8,57.1,1,,,0,none,none
2025-12-11T00:25:25.079,19.8,57.1,1,,,0,none,none
2025-12-11T00:25:27.334,19.8,57.0,1,,,0,none,none
2025-12-11T00:25:29.591,19.8,57.0,1,,,0,none,none
2025-12-11T00:25:31.846,19.8,57.2,1,,,0,none,none
2025-12-11T00:25:34.101,19.8,57.0,1,,,0,none,none
2025-12-11T00:25:36.359,19.8,57.1,1,,,0,none,none
2025-12-11T00:25:38.614,19.8,57.1,1,,,0,none,none
2025-12-11T00:25:40.869,19.8,57.0,1,,,0,none,none
2025-12-11T00:25:43.123,19.8,57.0,1,,,0,none,none
2025-12-11T00:25:45.378,19.8,56.9,1,,,0,none,none
2025-12-11T00:25:47.632,19.8,57.0,1,,,0,none,none
2025-12-11T00:25:49.891,19.8,56.9,1,,,0,none,none
2025-12-11T00:25:52.146,19.8,56.9,1,,,0,none,none
2025-12-11T00:25:54.404,19.8,57.0,1,,,0,none,none
2025-12-11T00:25:56.658,19.8,57.0,1,,,0,none,none
2025-12-11T00:25:58.913,19.8,56.9,1,,,0,none,none
2025-12-11T00:26:01.172,19.8,56.9,1,,,0,none,none
2025-12-11T00:26:03.426,19.8,57.0,1,,,0,none,none
2025-12-11T00:26:05.681,19.8,57.0,1,,,0,none,none
2025-12-11T00:26:07.935,19.8,57.2,1,,,0,none,none
2025-12-11T00:26:10.195,19.8,57.4,1,,,0,none,none
2025-12-11T00:26:12.450,19.8,57.4,1,,,0,none,none
2025-12-11T00:26:14.705,19.8,57.5,1,,,0,none,none
2025-12-11T00:26:16.959,19.8,57.6,1,,,0,none,none
2025-12-11T00:26:19.214,19.8,57.6,1,,,0,none,none
2025-12-11T00:26:21.468,19.8,57.6,1,,,0,none,none
2025-12-11T00:26:23.723,19.8,57.6,1,,,0,none,none
2025-12-11T00:26:25.977,19.8,57.4,1,,,0,none,none
2025-12-11T00:26:28.232,19.8,57.4,1,,,0,none,none
2025-12-11T00:26:30.486,19.8,57.3,1,,,0,none,none
2025-12-11T00:26:32.741,19.8,57.0,1,,,0,none,none
2025-12-11T00:26:34.996,19.8,57.0,1,,,0,none,none
2025-12-11T00:26:37.250,19.8,57.1,1,,,0,none,none
2025-12-11T00:26:39.505,19.8,56.9,1,,,0,none,none
2025-12-11T00:26:41.759,19.8,56.9,1,,,0,none,none
2025-12-11T00:26:44.014,19.8,57.0,1,,,0,none,none
2025-12-11T00:26:46.268,19.8,57.2,1,,,0,none,none
2025-12-11T00:26:48.523,19.8,57.3,1,,,0,none,none
2025-12-11T00:26:50.777,19.8,57.4,1,,,0,none,none
2025-12-11T00:26:53.032,19.8,57.2,1,,,0,none,none
2025-12-11T00:26:55.287,19.8,57.3,1,,,0,none,none
2025-12-11T00:26:57.543,19.8,57.3,1,,,0,none,none
2025-12-11T00:26:59.798,19.8,57.2,1,,,0,none,none
2025-12-11T00:27:02.056,19.8,57.3,1,,,0,none,none
2025-12-11T00:27:04.315,19.8,57.1,1,,,0,none,none
2025-12-11T00:27:06.570,19.8,56.9,1,,,0,none,none
2025-12-11T00:27:08.824,19.8,56.8,1,,,0,none,none
2025-12-11T00:27:11.079,19.8,56.9,1,,,0,none,none
2025-12-11T00:27:13.339,19.8,56.9,1,,,0,none,none
2025-12-11T00:27:15.600,19.8,56.8,1,,,0,none,none
2025-12-11T00:27:17.859,19.8,56.9,1,,,0,none,none
2025-12-11T00:27:20.119,19.8,57.0,1,,,0,none,none
2025-12-11T00:27:22.380,19.8,57.0,1,,,0,none,none
2025-12-11T00:27:24.634,19.8,57.1,1,,,0,none,none
2025-12-11T00:27:26.891,19.8,57.2,1,,,0,none,none
2025-12-11T00:27:29.146,19.8,57.3,1,,,0,none,none
2025-12-11T00:27:31.403,19.8,57.3,1,,,0,none,none
2025-12-11T00:27:33.663,19.8,57.3,1,,,0,none,none
2025-12-11T00:27:35.918,19.8,57.3,1,,,0,none,none
2025-12-11T00:27:38.173,19.8,57.2,1,,,0,none,none
2025-12-11T00:27:40.427,19.7,57.1,1,,,0,none,none
2025-12-11T00:27:42.682,19.8,56.9,1,,,0,none,none
2025-12-11T00:27:44.940,19.8,56.8,1,,,0,none,none
2025-12-11T00:27:47.194,19.8,56.9,1,,,0,none,none
2025-12-11T00:27:49.452,19.8,56.9,1,,,0,none,none
2025-12-11T00:27:51.706,19.8,57.0,1,,,0,none,none
2025-12-11T00:27:53.961,19.8,57.1,1,,,0,none,none
2025-12-11T00:27:56.220,19.8,57.1,1,,,0,none,none
2025-12-11T00:27:58.474,19.8,57.2,1,,,0,none,none
2025-12-11T00:28:00.731,19.8,57.2,1,,,0,none,none
2025-12-11T00:28:02.986,19.8,57.2,1,,,0,none,none
2025-12-11T00:28:05.241,19.8,57.0,1,,,0,none,none
2025-12-11T00:28:07.495,19.8,57.0,1,,,0,none,none
2025-12-11T00:28:09.750,19.8,57.0,1,,,0,none,none
2025-12-11T00:28:12.008,19.8,57.1,1,,,0,none,none
2025-12-11T00:28:14.267,19.8,57.2,1,,,0,none,none
2025-12-11T00:28:16.528,19.8,57.2,1,,,0,none,none
2025-12-11T00:28:18.787,19.8,57.2,1,,,0,none,none
2025-12-11T00:28:21.042,19.8,57.2,1,,,0,none,none
2025-12-11T00:28:23.297,19.8,57.0,1,,,0,none,none
2025-12-11T00:28:25.555,19.8,57.0,1,,,0,none,none
2025-12-11T00:28:27.810,19.8,56.9,1,,,0,none,none
2025-12-11T00:28:30.065,19.7,56.8,1,,,0,none,none
2025-12-11T00:28:32.323,19.8,56.9,1,,,0,none,none
2025-12-11T00:28:34.578,19.8,57.0,1,,,0,none,none
2025-12-11T00:28:36.833,19.8,57.0,1,,,0,none,none
2025-12-11T00:28:39.088,19.8,56.9,1,,,0,none,none
2025-12-11T00:28:41.342,19.8,57.0,1,,,0,none,none
2025-12-11T00:28:43.597,19.8,56.9,1,,,0,none,none
2025-12-11T00:28:45.851,19.8,57.0,1,,,0,none,none
2025-12-11T00:28:48.106,19.8,57.0,1,,,0,none,none
2025-12-11T00:28:50.361,19.8,57.2,1,,,0,none,none
2025-12-11T00:28:52.619,19.8,57.3,1,,,0,none,none
2025-12-11T00:28:54.874,19.8,57.3,1,,,0,none,none
2025-12-11T00:28:57.129,19.7,57.3,1,,,0,none,none
2025-12-11T00:28:59.387,19.8,57.3,1,,,0,none,none
2025-12-11T00:29:01.642,19.8,57.1,1,,,0,none,none
2025-12-11T00:29:03.900,19.8,57.2,1,,,0,none,none
2025-12-11T00:29:06.154,19.8,57.2,1,,,0,none,none
2025-12-11T00:29:08.411,19.8,57.2,1,,,0,none,none
2025-12-11T00:29:10.672,19.8,57.2,1,,,0,none,none
2025-12-11T00:29:12.931,19.8,57.2,1,,,0,none,none
2025-12-11T00:29:15.191,19.8,57.1,1,,,0,none,none
2025-12-11T00:29:17.452,19.8,57.2,1,,,0,none,none
2025-12-11T00:29:19.711,19.8,57.3,1,,,0,none,none
2025-12-11T00:29:21.971,19.8,57.3,1,,,0,none,none
2025-12-11T00:29:24.226,19.8,57.4,1,,,0,none,none
2025-12-11T00:29:26.481,19.8,57.4,1,,,0,none,none
2025-12-11T00:29:28.735,19.8,57.3,1,,,0,none,none
2025-12-11T00:29:30.990,19.8,57.2,1,,,0,none,none
2025-12-11T00:29:33.248,19.8,57.3,1,,,0,none,none
2025-12-11T00:29:35.503,19.8,57.3,1,,,0,none,none
2025-12-11T00:29:37.758,19.8,57.2,1,,,0,none,none
2025-12-11T00:29:40.013,19.8,57.2,1,,,0,none,none
2025-12-11T00:29:42.268,19.8,57.2,1,,,0,none,none
2025-12-11T00:29:44.523,19.8,57.1,1,,,0,none,none
2025-12-11T00:29:46.778,19.8,57.0,1,,,0,none,none
2025-12-11T00:29:49.033,19.8,57.2,1,,,0,none,none
2025-12-11T00:29:51.288,19.7,57.2,1,,,0,none,none
2025-12-11T00:29:53.543,19.8,57.3,1,,,0,none,none
2025-12-11T00:29:55.798,19.8,57.1,1,,,0,none,none
2025-12-11T00:29:58.053,19.8,57.0,1,,,0,none,none
2025-12-11T00:30:00.308,19.8,56.9,1,,,0,none,none
2025-12-11T00:30:02.562,19.8,57.1,1,,,0,none,none
2025-12-11T00:30:04.818,19.8,57.2,1,,,0,none,none
2025-12-11T00:30:07.072,19.8,57.0,1,,,0,none,none
2025-12-11T00:30:09.331,19.8,57.1,1,,,0,none,none
2025-12-11T00:30:11.586,19.8,57.2,1,,,0,none,none
2025-12-11T00:30:13.841,19.8,57.3,1,,,0,none,none
2025-12-11T00:30:16.095,19.8,57.3,1,,,0,none,none
2025-12-11T00:30:18.350,19.8,57.3,1,,,0,none,none
2025-12-11T00:30:20.604,19.8,57.3,1,,,0,none,none
2025-12-11T00:30:22.863,19.8,57.1,1,,,0,none,none
2025-12-11T00:30:25.124,19.8,56.9,1,,,0,none,none
2025-12-11T00:30:27.378,19.8,57.0,1,,,0,none,none
2025-12-11T00:30:29.633,19.8,56.9,1,,,0,none,none
2025-12-11T00:30:31.892,19.8,56.9,1,,,0,none,none
2025-12-11T00:30:34.151,19.8,57.0,1,,,0,none,none
2025-12-11T00:30:36.406,19.8,57.0,1,,,0,none,none
2025-12-11T00:30:38.664,19.8,57.2,1,,,0,none,none
2025-12-11T00:30:40.918,19.8,57.1,1,,,0,none,none
2025-12-11T00:30:43.173,19.8,57.2,1,,,0,none,none
2025-12-11T00:30:45.427,19.8,57.2,1,,,0,none,none
2025-12-11T00:30:47.687,19.8,57.2,1,,,0,none,none
2025-12-11T00:30:49.947,19.8,57.2,1,,,0,none,none
2025-12-11T00:30:52.208,19.8,57.3,1,,,0,none,none
2025-12-11T00:30:54.467,19.8,57.3,1,,,0,none,none
2025-12-11T00:30:56.722,19.8,57.4,1,,,0,none,none
2025-12-11T00:30:58.980,19.8,57.4,1,,,0,none,none
2025-12-11T00:31:01.234,19.8,57.4,1,,,0,none,none
2025-12-11T00:31:03.489,19.8,57.3,1,,,0,none,none
2025-12-11T00:31:05.743,19.8,57.4,1,,,0,none,none
2025-12-11T00:31:07.998,19.8,57.2,1,,,0,none,none
2025-12-11T00:31:10.252,19.8,57.2,1,,,0,none,none
2025-12-11T00:31:12.507,19.8,57.2,1,,,0,none,none
2025-12-11T00:31:14.762,19.8,57.0,1,,,0,none,none
2025-12-11T00:31:17.016,19.8,57.0,1,,,0,none,none
2025-12-11T00:31:19.271,19.8,56.9,1,,,0,none,none
2025-12-11T00:31:21.526,19.8,56.8,1,,,0,none,none
2025-12-11T00:31:23.780,19.8,56.7,1,,,0,none,none
2025-12-11T00:31:26.035,19.8,56.6,1,,,0,none,none
2025-12-11T00:31:28.290,19.8,56.5,1,,,0,none,none
2025-12-11T00:31:30.545,19.8,56.5,1,,,0,none,none
2025-12-11T00:31:32.800,19.8,56.6,1,,,0,none,none
2025-12-11T00:31:35.055,19.8,56.7,1,,,0,none,none
2025-12-11T00:31:37.310,19.8,56.8,1,,,0,none,none
2025-12-11T00:31:39.565,19.8,56.7,1,,,0,none,none
2025-12-11T00:31:41.820,19.8,56.7,1,,,0,none,none
2025-12-11T00:31:44.074,19.8,56.7,1,,,0,none,none
2025-12-11T00:31:46.329,19.8,56.9,1,,,0,none,none
2025-12-11T00:31:48.584,19.8,56.8,1,,,0,none,none
2025-12-11T00:31:50.839,19.7,56.6,1,,,0,none,none
2025-12-11T00:31:53.094,19.8,56.6,1,,,0,none,none
2025-12-11T00:31:55.349,19.8,56.6,1,,,0,none,none
2025-12-11T00:31:57.604,19.8,56.6,1,,,0,none,none
2025-12-11T00:31:59.858,19.8,56.8,1,,,0,none,none
2025-12-11T00:32:02.113,19.8,56.7,1,,,0,none,none
2025-12-11T00:32:04.368,19.8,56.7,1,,,0,none,none
2025-12-11T00:32:06.623,19.8,56.8,1,,,0,none,none
2025-12-11T00:32:08.878,19.8,56.9,1,,,0,none,none
2025-12-11T00:32:11.133,19.8,56.8,1,,,0,none,none
2025-12-11T00:32:13.388,19.8,56.7,1,,,0,none,none
2025-12-11T00:32:15.643,19.8,56.6,1,,,0,none,none
2025-12-11T00:32:17.898,19.8,56.6,1,,,0,none,none
2025-12-11T00:32:20.153,19.8,56.6,1,,,0,none,none
2025-12-11T00:32:22.408,19.8,56.6,1,,,0,none,none
2025-12-11T00:32:24.662,19.8,56.7,1,,,0,none,none
2025-12-11T00:32:26.917,19.8,56.9,1,,,0,none,none
2025-12-11T00:32:29.172,19.8,56.7,1,,,0,none,none
2025-12-11T00:32:31.427,19.8,56.8,1,,,0,none,none
2025-12-11T00:32:33.682,19.7,56.7,1,,,0,none,none
2025-12-11T00:32:35.937,19.8,56.7,1,,,0,none,none
2025-12-11T00:32:38.191,19.8,56.6,1,,,0,none,none
2025-12-11T00:32:40.446,19.8,56.6,1,,,0,none,none
2025-12-11T00:32:42.701,19.8,56.7,1,,,0,none,none
2025-12-11T00:32:44.956,19.8,56.7,1,,,0,none,none
2025-12-11T00:32:47.211,19.8,56.8,1,,,0,none,none
2025-12-11T00:32:49.466,19.8,56.9,1,,,0,none,none
2025-12-11T00:32:51.721,19.8,56.9,1,,,0,none,none
2025-12-11T00:32:53.976,19.8,56.9,1,,,0,none,none
2025-12-11T00:32:56.231,19.8,56.9,1,,,0,none,none
2025-12-11T00:32:58.486,19.8,56.8,1,,,0,none,none
2025-12-11T00:33:00.741,19.8,56.9,1,,,0,none,none
2025-12-11T00:33:02.996,19.8,57.0,1,,,0,none,none
2025-12-11T00:33:05.250,19.8,57.1,1,,,0,none,none
2025-12-11T00:33:07.505,19.8,57.2,1,,,0,none,none
2025-12-11T00:33:09.760,19.8,57.1,1,,,0,none,none
2025-12-11T00:33:12.015,19.8,57.1,1,,,0,none,none
2025-12-11T00:33:14.270,19.8,57.0,1,,,0,none,none
2025-12-11T00:33:16.525,19.8,56.9,1,,,0,none,none
2025-12-11T00:33:18.780,19.8,56.7,1,,,0,none,none
2025-12-11T00:33:21.035,19.8,56.7,1,,,0,none,none
2025-12-11T00:33:23.290,19.8,56.7,1,,,0,none,none
2025-12-11T00:33:25.545,19.8,56.6,1,,,0,none,none
2025-12-11T00:33:27.800,19.8,56.6,1,,,0,none,none
2025-12-11T00:33:30.055,19.8,56.7,1,,,0,none,none
2025-12-11T00:33:32.309,19.8,56.6,1,,,0,none,none
2025-12-11T00:33:34.564,19.8,56.7,1,,,0,none,none
2025-12-11T00:33:36.819,19.8,56.7,1,,,0,none,none
2025-12-11T00:33:39.074,19.8,56.7,1,,,0,none,none
2025-12-11T00:33:41.329,19.8,56.8,1,,,0,none,none
2025-12-11T00:33:43.584,19.8,56.7,1,,,0,none,none
2025-12-11T00:33:45.839,19.8,56.6,1,,,0,none,none
2025-12-11T00:33:48.094,19.8,56.6,1,,,0,none,none
2025-12-11T00:33:50.349,19.8,56.6,1,,,0,none,none
2025-12-11T00:33:52.604,19.8,56.6,1,,,0,none,none
2025-12-11T00:33:54.859,19.8,56.6,1,,,0,none,none
2025-12-11T00:33:57.113,19.8,56.6,1,,,0,none,none
2025-12-11T00:33:59.368,19.8,56.6,1,,,0,none,none
2025-12-11T00:34:01.623,19.8,56.4,1,,,0,none,none
2025-12-11T00:34:03.878,19.8,56.2,1,,,0,none,none
2025-12-11T00:34:06.133,19.8,56.2,1,,,0,none,none
2025-12-11T00:34:08.388,,,1,,,0,none,none
2025-12-11T00:34:10.643,19.7,56.6,1,,,0,none,none
2025-12-11T00:34:12.898,19.8,56.7,1,,,0,none,none
2025-12-11T00:34:15.153,19.8,56.8,1,,,0,none,none
2025-12-11T00:34:17.408,19.8,56.6,1,,,0,none,none
2025-12-11T00:34:19.663,19.8,56.6,1,,,0,none,none
2025-12-11T00:34:21.918,19.8,56.6,1,,,0,none,none
2025-12-11T00:34:24.172,19.8,56.5,1,,,0,none,none
2025-12-11T00:34:26.427,19.8,56.6,1,,,0,none,none
2025-12-11T00:34:28.682,19.8,56.5,1,,,0,none,none
2025-12-11T00:34:30.937,19.7,56.6,1,,,0,none,none
2025-12-11T00:34:33.192,19.8,56.5,1,,,0,none,none
2025-12-11T00:34:35.447,19.8,56.3,1,,,0,none,none
2025-12-11T00:34:37.702,19.8,56.2,1,,,0,none,none
2025-12-11T00:34:39.957,19.7,56.2,1,,,0,none,none
2025-12-11T00:34:42.212,19.8,56.4,1,,,0,none,none
2025-12-11T00:34:44.466,19.8,56.5,1,,,0,none,none
2025-12-11T00:34:46.721,19.8,56.5,1,,,0,none,none
2025-12-11T00:34:48.977,19.7,56.6,1,,,0,none,none
2025-12-11T00:34:51.231,19.8,56.5,1,,,0,none,none
2025-12-11T00:34:53.486,19.8,56.5,1,,,0,none,none
2025-12-11T00:34:55.741,19.8,56.6,1,,,0,none,none
2025-12-11T00:34:57.996,19.8,56.7,1,,,0,none,none
2025-12-11T00:35:00.251,19.8,56.6,1,,,0,none,none
2025-12-11T00:35:02.506,19.7,56.7,1,,,0,none,none
2025-12-11T00:35:04.761,19.8,56.6,1,,,0,none,none
2025-12-11T00:35:07.016,19.8,56.6,1,,,0,none,none
2025-12-11T00:35:09.271,19.8,56.7,1,,,0,none,none
2025-12-11T00:35:11.526,19.8,56.8,1,,,0,none,none
2025-12-11T00:35:13.781,19.8,56.8,1,,,0,none,none
2025-12-11T00:35:16.036,19.7,56.7,1,,,0,none,none
2025-12-11T00:35:18.291,19.8,56.8,1,,,0,none,none
2025-12-11T00:35:20.546,19.8,56.6,1,,,0,none,none
2025-12-11T00:35:22.801,19.8,56.6,1,,,0,none,none
2025-12-11T00:35:25.056,19.8,56.6,1,,,0,none,none
2025-12-11T00:35:27.311,19.8,56.4,1,,,0,none,none
2025-12-11T00:35:29.566,19.8,56.5,1,,,0,none,none
2025-12-11T00:35:31.821,19.8,56.5,1,,,0,none,none
2025-12-11T00:35:34.076,19.7,56.5,1,,,0,none,none
2025-12-11T00:35:36.331,19.8,56.7,1,,,0,none,none
2025-12-11T00:35:38.586,19.8,56.7,1,,,0,none,none
2025-12-11T00:35:40.841,19.8,56.8,1,,,0,none,none
2025-12-11T00:35:43.096,19.8,56.8,1,,,0,none,none
2025-12-11T00:35:45.351,19.8,56.7,1,,,0,none,none
2025-12-11T00:35:47.606,19.8,56.6,1,,,0,none,none
2025-12-11T00:35:49.861,19.8,56.5,1,,,0,none,none
2025-12-11T00:35:52.116,19.7,56.5,1,,,0,none,none
2025-12-11T00:35:54.370,19.8,56.6,1,,,0,none,none
2025-12-11T00:35:56.626,19.7,56.4,1,,,0,none,none
2025-12-11T00:35:58.880,19.7,56.3,1,,,0,none,none
2025-12-11T00:36:01.135,19.7,56.4,1,,,0,none,none
2025-12-11T00:36:03.389,19.8,56.5,1,,,0,none,none
2025-12-11T00:36:05.644,19.8,56.5,1,,,0,none,none
2025-12-11T00:36:07.898,19.8,56.5,1,,,0,none,none
2025-12-11T00:36:10.153,19.8,56.6,1,,,0,none,none
2025-12-11T00:36:12.411,19.8,56.6,1,,,0,none,none
2025-12-11T00:36:14.666,19.7,56.7,1,,,0,none,none
2025-12-11T00:36:16.924,19.8,56.7,1,,,0,none,none
2025-12-11T00:36:19.178,19.8,56.5,1,,,0,none,none
2025-12-11T00:36:21.433,19.8,56.3,1,,,0,none,none
2025-12-11T00:36:23.687,19.8,56.2,1,,,0,none,none
2025-12-11T00:36:25.942,19.7,56.2,1,,,0,none,none
2025-12-11T00:36:28.199,19.8,56.4,1,,,0,none,none
2025-12-11T00:36:30.454,19.7,56.2,1,,,0,none,none
2025-12-11T00:36:32.709,19.7,56.3,1,,,0,none,none
2025-12-11T00:36:34.963,19.7,56.4,1,,,0,none,none
2025-12-11T00:36:37.218,19.8,56.5,1,,,0,none,none
2025-12-11T00:36:39.472,19.7,56.5,1,,,0,none,none
2025-12-11T00:36:41.727,19.7,56.4,1,,,0,none,none
2025-12-11T00:36:43.982,19.8,56.6,1,,,0,none,none
2025-12-11T00:36:46.236,19.7,56.3,1,,,0,none,none
2025-12-11T00:36:48.495,19.8,56.5,1,,,0,none,none
2025-12-11T00:36:50.750,19.7,56.4,1,,,0,none,none
2025-12-11T00:36:53.007,19.7,56.3,1,,,0,none,none
2025-12-11T00:36:55.267,19.7,56.2,1,,,0,none,none
2025-12-11T00:36:57.522,19.8,56.2,1,,,0,none,none
2025-12-11T00:36:59.777,19.7,56.1,1,,,0,none,none
2025-12-11T00:37:52.792,19.8,56.2,0,,,0,none,none
2025-12-11T00:37:55.047,19.8,57.1,0,,,0,none,none
2025-12-11T00:37:57.301,19.7,57.0,0,,,0,none,none
2025-12-11T00:37:59.556,19.7,56.9,0,,,0,none,none
2025-12-11T00:38:01.811,19.7,57.0,0,,,0,none,none
2025-12-11T00:38:04.066,19.7,57.0,0,,,0,none,none
2025-12-11T00:38:06.321,19.7,56.9,0,,,0,none,none
2025-12-11T00:38:08.576,19.7,56.8,0,,,0,none,none
2025-12-11T00:38:10.831,19.7,56.8,0,,,0,none,none
2025-12-11T00:38:13.086,19.7,56.9,0,,,0,none,none
2025-12-11T00:38:15.341,19.7,57.0,0,,,0,none,none
2025-12-11T00:38:17.596,19.7,57.0,0,,,0,none,none
2025-12-11T00:38:19.851,19.7,57.0,0,,,0,none,none
2025-12-11T00:38:22.106,19.7,57.0,0,,,0,none,none
2025-12-11T00:38:24.361,19.7,57.0,0,,,0,none,none
2025-12-11T00:38:26.616,19.7,57.0,0,,,0,none,none
2025-12-11T00:38:28.871,19.7,57.0,0,,,0,none,none
2025-12-11T00:38:31.126,19.7,56.9,0,,,0,none,none
2025-12-11T00:38:33.381,19.7,56.9,0,,,0,none,none
2025-12-11T00:38:35.636,19.7,56.8,0,,,0,none,none
2025-12-11T00:38:37.895,19.7,56.7,0,,,0,none,none
2025-12-11T00:38:40.156,19.7,56.4,0,,,0,none,none
2025-12-11T00:38:42.410,19.7,56.3,0,,,0,none,none
2025-12-11T00:38:44.665,19.7,56.2,0,,,0,none,none
2025-12-11T00:38:46.919,19.7,56.1,0,,,0,none,none
2025-12-11T00:38:49.175,19.7,55.9,0,,,0,none,none
2025-12-11T00:38:51.430,19.7,55.9,0,,,0,none,none
2025-12-11T00:38:53.685,19.7,56.0,0,,,0,none,none
2025-12-11T00:38:55.939,19.7,55.9,0,,,0,none,none
2025-12-11T00:38:58.194,19.7,56.1,0,,,0,none,none
2025-12-11T00:39:00.449,19.7,56.1,0,,,0,none,none
2025-12-11T00:39:02.704,19.7,56.2,0,,,0,none,none
2025-12-11T00:39:04.959,19.7,56.3,0,,,0,none,none
2025-12-11T00:39:07.214,19.7,56.3,0,,,0,none,none
2025-12-11T00:39:09.469,19.7,56.4,0,,,0,none,none
2025-12-11T00:39:11.724,19.7,56.7,0,,,0,none,none
2025-12-11T00:39:13.979,19.7,56.7,0,,,0,none,none
2025-12-11T00:39:16.236,19.7,56.8,0,,,0,none,none
2025-12-11T00:39:18.490,19.7,56.8,0,,,0,none,none
2025-12-11T00:39:20.745,19.7,56.8,0,,,0,none,none
2025-12-11T00:39:23.000,19.7,56.9,0,,,0,none,none
2025-12-11T00:39:25.255,19.7,56.8,0,,,0,none,none
2025-12-11T00:39:27.510,19.7,56.6,0,,,0,none,none
2025-12-11T00:39:29.765,19.7,56.5,0,,,0,none,none
2025-12-11T00:39:32.020,19.7,56.5,0,,,0,none,none
2025-12-11T00:39:34.275,19.7,56.6,0,,,0,none,none
2025-12-11T00:39:36.530,19.7,56.4,0,,,0,none,none
2025-12-11T00:39:38.785,19.7,56.4,0,,,0,none,none
2025-12-11T00:39:41.040,19.7,56.3,0,,,0,none,none
2025-12-11T00:39:43.295,19.7,56.4,0,,,0,none,none
2025-12-11T00:39:45.550,19.7,56.5,0,,,0,none,none
2025-12-11T00:39:47.805,19.7,56.4,0,,,0,none,none
2025-12-11T00:39:50.060,19.7,56.3,0,,,0,none,none
2025-12-11T00:39:52.315,19.7,56.4,0,,,0,none,none
2025-12-11T00:39:54.570,19.7,56.4,0,,,0,none,none
2025-12-11T00:39:56.825,19.7,56.6,0,,,0,none,none
2025-12-11T00:39:59.080,19.7,56.6,0,,,0,none,none
2025-12-11T00:40:01.335,19.7,56.5,0,,,0,none,none
2025-12-11T00:40:03.590,19.7,56.4,0,,,0,none,none
2025-12-11T00:40:05.844,19.7,56.5,0,,,0,none,none
2025-12-11T00:40:08.099,19.7,56.4,0,,,0,none,none
2025-12-11T00:40:10.354,19.7,56.4,0,,,0,none,none
2025-12-11T00:40:12.609,19.7,56.3,0,,,0,none,none
2025-12-11T00:40:14.864,19.7,56.4,0,,,0,none,none
2025-12-11T00:40:17.119,19.7,56.5,0,,,0,none,none
2025-12-11T00:40:19.373,19.7,56.7,0,,,0,none,none
2025-12-11T00:40:21.628,19.7,56.7,0,,,0,none,none
2025-12-11T00:40:23.883,19.7,56.6,0,,,0,none,none
2025-12-11T00:40:26.138,19.7,56.4,0,,,0,none,none
2025-12-11T00:40:28.393,19.7,56.2,0,,,0,none,none
2025-12-11T00:40:30.648,19.7,56.0,0,,,0,none,none
2025-12-11T00:40:32.903,19.7,55.9,0,,,0,none,none
2025-12-11T00:40:35.158,19.7,55.9,0,,,0,none,none
2025-12-11T00:40:37.413,19.7,56.0,0,,,0,none,none
2025-12-11T00:40:39.667,19.7,56.1,0,,,0,none,none
2025-12-11T00:40:41.928,19.7,56.3,0,,,0,none,none
2025-12-11T00:40:44.187,19.7,56.4,0,,,0,none,none
2025-12-11T00:40:46.442,19.7,56.5,0,,,0,none,none
2025-12-11T00:40:48.700,19.7,56.4,0,,,0,none,none
2025-12-11T00:40:50.954,19.7,56.3,0,,,0,none,none
2025-12-11T00:40:53.209,19.7,56.4,0,,,0,none,none
2025-12-11T00:40:55.463,19.7,56.3,0,,,0,none,none
2025-12-11T00:40:57.718,19.7,56.0,0,,,0,none,none
2025-12-11T00:40:59.975,19.7,56.0,0,,,0,none,none
2025-12-11T00:41:02.236,19.7,56.1,0,,,0,none,none
2025-12-11T00:41:04.495,19.7,56.3,0,,,0,none,none
2025-12-11T00:41:06.755,19.7,56.5,0,,,0,none,none
2025-12-11T00:41:09.010,19.7,56.6,0,,,0,none,none
2025-12-11T00:41:11.265,19.7,56.6,0,,,0,none,none
2025-12-11T00:41:13.519,19.7,56.4,0,,,0,none,none
2025-12-11T00:41:15.780,19.7,56.4,0,,,0,none,none
2025-12-11T00:41:18.036,19.7,56.5,0,,,0,none,none
2025-12-11T00:41:20.295,19.7,56.4,0,,,0,none,none
2025-12-11T00:41:22.550,19.7,56.3,0,,,0,none,none
2025-12-11T00:41:24.807,19.7,56.4,0,,,0,none,none
2025-12-11T00:41:27.062,19.7,56.3,0,,,0,none,none
2025-12-11T00:41:29.317,19.7,56.5,0,,,0,none,none
2025-12-11T00:41:31.575,19.7,56.6,0,,,0,none,none
2025-12-11T00:41:33.830,19.7,56.6,0,,,0,none,none
2025-12-11T00:41:36.085,19.7,56.6,0,,,0,none,none
2025-12-11T00:41:38.339,19.7,56.6,0,,,0,none,none
2025-12-11T00:41:40.594,19.7,56.7,0,,,0,none,none
2025-12-11T00:44:30.831,19.7,56.7,0,,,0,none,none
2025-12-11T00:44:33.086,19.7,57.0,0,,,0,none,none
2025-12-11T00:44:35.341,19.7,57.1,0,,,0,none,none
2025-12-11T00:44:37.596,19.7,57.1,0,,,0,none,none
2025-12-11T00:44:39.850,19.7,57.1,0,,,0,none,none
2025-12-11T00:44:42.105,19.7,57.1,0,,,0,none,none
2025-12-11T00:44:44.360,19.7,57.2,0,,,0,none,none
2025-12-11T00:44:46.615,19.7,57.2,0,,,0,none,none
2025-12-11T00:44:48.870,19.7,57.0,0,,,0,none,none
2025-12-11T00:44:51.125,19.7,57.1,0,,,0,none,none
2025-12-11T00:44:53.379,19.7,56.9,0,,,0,none,none
2025-12-11T00:44:55.634,19.7,57.0,0,,,0,none,none
2025-12-11T00:44:57.889,19.7,56.8,0,,,0,none,none
2025-12-11T00:45:00.144,19.7,56.8,0,,,0,none,none
2025-12-11T00:45:02.399,19.7,56.9,0,,,0,none,none
2025-12-11T00:45:04.653,19.7,57.0,0,,,0,none,none
2025-12-11T00:45:06.908,19.7,57.1,0,,,0,none,none
2025-12-11T00:45:09.163,19.7,57.0,0,,,0,none,none
2025-12-11T00:45:11.418,19.7,56.9,0,,,0,none,none
2025-12-11T00:45:13.672,19.7,57.0,0,,,0,none,none
2025-12-11T00:45:15.927,19.7,57.1,0,,,0,none,none
2025-12-11T00:45:18.182,19.7,57.1,0,,,0,none,none
2025-12-11T00:45:20.437,19.7,57.0,0,,,0,none,none
2025-12-11T00:45:22.692,19.7,56.9,0,,,0,none,none
2025-12-11T00:45:24.947,19.7,57.1,0,,,0,none,none
2025-12-11T00:45:27.201,19.7,57.1,0,,,0,none,none
2025-12-11T00:45:29.456,19.7,57.1,0,,,0,none,none
2025-12-11T00:45:31.711,19.7,57.1,0,,,0,none,none
2025-12-11T00:45:33.966,19.7,57.1,0,,,0,none,none
2025-12-11T00:45:36.221,19.7,57.1,0,,,0,none,none
2025-12-11T00:45:38.476,19.7,57.2,0,,,0,none,none
2025-12-11T00:45:40.730,19.7,57.2,0,,,0,none,none
2025-12-11T00:45:42.986,19.7,57.3,0,,,0,none,none
2025-12-11T00:45:45.240,19.7,57.2,0,,,0,none,none
2025-12-11T00:45:47.495,19.7,57.1,0,,,0,none,none
2025-12-11T00:45:49.750,19.7,57.2,0,,,0,none,none
2025-12-11T00:45:52.005,19.7,57.2,0,,,0,none,none
2025-12-11T00:45:54.260,19.7,57.1,0,,,0,none,none
2025-12-11T00:45:56.515,19.7,56.9,0,,,0,none,none
2025-12-11T00:45:58.769,19.7,56.8,0,,,0,none,none
2025-12-11T00:46:01.024,19.7,56.7,0,,,0,none,none
2025-12-11T00:46:03.279,,,0,,,0,none,none
2025-12-11T00:46:05.534,19.7,56.8,0,,,0,none,none
2025-12-11T00:46:07.789,19.7,56.9,0,,,0,none,none
2025-12-11T00:46:10.044,19.7,56.9,0,,,0,none,none
2025-12-11T00:46:12.299,19.7,57.0,0,,,0,none,none
2025-12-11T00:46:14.553,19.7,57.0,0,,,0,none,none
2025-12-11T00:46:16.808,19.7,56.8,0,,,0,none,none
2025-12-11T00:46:19.063,19.7,56.6,0,,,0,none,none
2025-12-11T00:46:21.318,19.7,56.5,0,,,0,none,none
2025-12-11T00:46:23.573,19.8,56.3,0,,,0,none,none
2025-12-11T00:46:25.827,19.7,56.1,0,,,0,none,none
2025-12-11T00:46:28.082,19.7,56.1,0,,,0,none,none
2025-12-11T00:46:30.337,19.7,56.2,0,,,0,none,none
2025-12-11T00:46:32.592,19.7,56.1,0,,,0,none,none
2025-12-11T00:46:34.847,19.7,56.1,0,,,0,none,none
2025-12-11T00:46:37.102,19.7,56.2,0,,,0,none,none
2025-12-11T00:46:39.356,19.7,56.3,0,,,0,none,none
2025-12-11T00:46:41.611,19.7,56.3,0,,,0,none,none
2025-12-11T00:46:43.865,19.7,56.3,0,,,0,none,none
2025-12-11T00:46:46.123,19.7,56.4,0,,,0,none,none
2025-12-11T00:46:48.383,19.7,56.5,0,,,0,none,none
2025-12-11T00:46:50.643,19.7,56.5,0,,,0,none,none
2025-12-11T00:46:52.899,19.7,56.4,0,,,0,none,none
2025-12-11T00:46:55.154,19.7,56.2,0,,,0,none,none
2025-12-11T00:46:57.408,19.7,56.2,0,,,0,none,none
2025-12-11T00:46:59.667,19.7,56.4,0,,,0,none,none
2025-12-11T00:47:01.927,19.7,56.6,0,,,0,none,none
2025-12-11T00:47:04.182,19.7,56.6,0,,,0,none,none
2025-12-11T00:47:06.439,19.7,56.6,0,,,0,none,none
2025-12-11T00:47:08.694,19.7,56.6,0,,,0,none,none
2025-12-11T00:47:10.949,19.7,56.5,0,,,0,none,none
2025-12-11T00:47:13.204,19.7,56.6,0,,,0,none,none
2025-12-11T00:47:15.458,19.7,56.5,0,,,0,none,none
2025-12-11T00:47:17.713,19.7,56.6,0,,,0,none,none
2025-12-11T00:47:19.968,19.7,56.6,0,,,0,none,none
                                     2025-12-11T00:47:01.038,,,1,,,0,none,none
2025-12-11T00:47:03.297,19.5,59.9,1,,,0,none,none
2025-12-11T00:47:05.552,19.5,60.0,1,,,0,none,none
2025-12-11T00:47:07.807,19.5,60.1,1,,,0,none,none
2025-12-11T00:47:10.061,19.5,60.0,0,,,0,none,none
2025-12-11T00:47:12.324,19.5,60.0,0,,,0,none,none
2025-12-11T00:47:14.582,19.5,59.8,0,,,0,none,none
2025-12-11T00:47:16.836,19.5,59.7,0,,,0,none,none
2025-12-11T00:47:19.091,19.5,59.7,0,,,0,none,none
2025-12-11T00:47:21.350,19.5,59.6,0,,,0,none,none
2025-12-11T00:47:23.610,19.6,59.4,0,,,0,none,none
2025-12-11T00:47:25.870,19.6,59.3,0,,,0,none,none
2025-12-11T07:53:49.459,19.6,59.3,0,,,0,none,none
2025-12-11T07:53:51.719,19.6,59.7,0,,,0,none,none
2025-12-11T07:53:53.979,19.6,59.8,0,,,0,none,none
2025-12-11T07:53:56.234,19.6,60.2,0,,,0,none,none
2025-12-11T07:53:58.488,19.7,60.3,0,,,0,none,none
2025-12-11T07:54:00.742,19.7,60.7,0,,,0,none,none
2025-12-11T07:54:03.001,19.7,61.0,0,,,0,none,none
2025-12-11T07:54:05.255,19.7,61.3,0,,,0,none,none
2025-12-11T07:54:07.515,19.7,61.5,0,,,0,none,none
2025-12-11T07:54:09.775,19.8,61.6,0,,,0,none,none
2025-12-11T07:54:12.035,19.7,61.1,0,,,0,none,none
2025-12-11T07:54:14.291,19.8,60.9,0,,,0,none,none
2025-12-11T07:54:16.546,19.8,60.9,0,,,0,none,none
2025-12-11T07:54:18.800,19.8,60.8,0,,,0,none,none
2025-12-11T07:54:21.055,19.8,60.7,0,,,0,none,none
2025-12-11T07:54:23.309,,,0,,,0,none,none
2025-12-11T07:54:25.567,19.8,60.8,0,,,0,none,none
2025-12-11T07:54:27.827,19.9,61.0,0,,,0,none,none
2025-12-11T07:54:30.082,19.9,61.2,0,,,0,none,none
2025-12-11T07:54:32.339,19.9,61.8,0,,,0,none,none
2025-12-11T07:54:34.599,19.9,61.8,0,,,0,none,none
2025-12-11T07:54:36.859,19.9,61.4,0,,,0,none,none
2025-12-11T07:54:39.114,19.9,61.4,0,,,0,none,none
2025-12-11T07:54:41.371,20.0,61.3,0,,,0,none,none
2025-12-11T07:54:43.631,20.0,61.1,0,,,0,none,none
2025-12-11T07:54:45.891,20.0,61.0,0,,,0,none,none
2025-12-11T07:54:48.151,20.0,60.8,0,,,0,none,none
2025-12-11T07:54:50.411,20.0,60.7,0,,,0,none,none
2025-12-11T07:54:52.666,20.0,60.7,0,,,0,none,none
2025-12-11T07:54:54.923,20.0,60.6,0,,,0,none,none
2025-12-11T07:54:57.183,20.0,60.5,0,,,0,none,none
2025-12-11T07:54:59.443,20.0,60.4,0,,,0,none,none
2025-12-11T07:55:01.703,20.0,60.4,0,,,0,none,none
2025-12-11T07:55:03.963,20.0,60.4,0,,,0,none,none
2025-12-11T07:55:06.218,20.0,60.4,0,,,0,none,none
2025-12-11T07:55:08.475,20.1,60.5,0,,,0,none,none
2025-12-11T07:55:10.730,20.0,60.7,0,,,0,none,none
2025-12-11T07:55:12.984,20.1,61.5,0,,,0,none,none
2025-12-11T07:55:15.243,20.1,61.2,0,,,0,none,none
2025-12-11T07:55:17.503,20.1,60.7,0,,,0,none,none
2025-12-11T07:55:19.763,20.1,60.5,0,,,0,none,none
2025-12-11T07:55:22.023,20.1,60.8,0,,,0,none,none
2025-12-11T07:55:24.279,20.1,61.1,0,,,0,none,none
2025-12-11T07:55:26.534,20.1,61.3,0,,,0,none,none
2025-12-11T07:55:28.791,20.1,61.2,0,,,0,none,none
2025-12-11T07:55:31.046,20.1,60.8,0,,,0,none,none
2025-12-11T07:55:33.303,20.1,60.5,0,,,0,none,none
2025-12-11T07:55:35.563,20.1,60.5,0,,,0,none,none
2025-12-11T07:55:37.818,20.2,60.5,0,,,0,none,none
2025-12-11T07:55:40.072,20.2,60.6,0,,,0,none,none
2025-12-11T07:55:42.327,20.2,61.1,0,,,0,none,none
2025-12-11T07:55:44.582,20.2,61.5,0,,,0,none,none
2025-12-11T07:55:46.839,20.2,61.7,0,,,0,none,none
2025-12-11T07:55:49.099,20.2,61.7,0,,,0,none,none
2025-12-11T07:55:51.359,20.2,61.6,0,,,0,none,none
2025-12-11T07:55:53.619,20.2,61.2,0,,,0,none,none
2025-12-11T07:55:55.879,20.2,61.0,0,,,0,none,none
2025-12-11T07:55:58.139,20.2,61.3,0,,,0,none,none
2025-12-11T07:56:00.399,20.2,61.6,0,,,0,none,none
2025-12-11T07:56:02.659,20.2,62.0,0,,,0,none,none
2025-12-11T07:56:04.919,20.2,62.3,0,,,0,none,none
2025-12-11T07:56:07.179,20.2,62.4,0,,,0,none,none
2025-12-11T07:56:09.439,20.2,62.5,0,,,0,none,none
2025-12-11T07:56:11.694,20.2,62.6,0,,,0,none,none
2025-12-11T07:56:13.951,20.2,62.6,0,,,0,none,none
2025-12-11T07:56:16.206,20.2,62.5,0,,,0,none,none
2025-12-11T07:56:18.463,20.2,62.4,0,,,0,none,none
2025-12-11T07:56:20.718,20.2,61.9,0,,,0,none,none
2025-12-11T07:56:22.972,20.2,61.5,0,,,0,none,none
2025-12-11T07:56:25.231,20.2,61.6,0,,,0,none,none
2025-12-11T07:56:27.491,20.2,61.9,0,,,0,none,none
2025-12-11T07:56:29.751,20.2,62.2,0,,,0,none,none
2025-12-11T07:56:32.006,20.2,62.0,0,,,0,none,none
2025-12-11T07:56:34.263,20.2,61.8,0,,,0,none,none
2025-12-11T07:56:36.518,20.2,61.7,0,,,0,none,none
2025-12-11T07:56:38.772,20.2,61.8,0,,,0,none,none
2025-12-11T07:56:41.031,20.2,61.8,0,,,0,none,none
2025-12-11T07:56:43.286,20.2,61.8,0,,,0,none,none
2025-12-11T07:56:45.540,20.2,61.7,0,,,0,none,none
2025-12-11T07:56:47.799,20.2,61.5,0,,,0,none,none
2025-12-11T07:56:50.054,20.2,61.3,0,,,0,none,none
2025-12-11T07:56:52.308,20.2,61.0,0,,,0,none,none
2025-12-11T07:56:54.563,20.2,60.6,0,,,0,none,none
2025-12-11T07:56:56.817,20.2,60.5,0,,,0,none,none
2025-12-11T07:56:59.072,20.2,60.4,0,,,0,none,none
2025-12-11T07:57:01.331,20.1,60.0,0,,,0,none,none
2025-12-11T07:57:03.586,20.2,59.7,0,,,0,none,none
2025-12-11T07:57:05.843,20.2,59.4,0,,,0,none,none
2025-12-11T07:57:08.103,20.2,59.1,0,,,0,none,none
2025-12-11T07:57:10.359,20.1,58.8,0,,,0,none,none
2025-12-11T07:57:12.614,20.2,58.6,0,,,0,none,none
2025-12-11T07:57:14.868,20.2,58.3,0,,,0,none,none
2025-12-11T07:57:17.127,20.2,58.2,0,,,0,none,none
2025-12-11T07:57:19.382,20.1,58.2,0,,,0,none,none
2025-12-11T07:57:21.637,20.2,58.4,0,,,0,none,none
2025-12-11T07:57:23.892,20.1,58.3,0,,,0,none,none
2025-12-11T07:57:26.147,20.1,58.2,0,,,0,none,none
2025-12-11T07:57:28.402,20.1,58.3,0,,,0,none,none
2025-12-11T07:57:30.656,20.1,58.5,0,,,0,none,none
2025-12-11T07:57:32.911,20.1,58.7,0,,,0,none,none
2025-12-11T07:57:35.166,20.1,59.2,0,,,0,none,none
2025-12-11T07:57:37.423,20.1,59.4,0,,,0,none,none
2025-12-11T07:57:39.678,20.1,59.5,0,,,0,none,none
2025-12-11T07:57:41.935,,,0,,,0,none,none
2025-12-11T07:57:44.192,20.1,59.6,0,,,0,none,none
2025-12-11T07:57:46.446,20.1,59.6,0,,,0,none,none
2025-12-11T07:57:48.701,20.1,59.4,0,,,0,none,none
2025-12-11T07:57:50.956,20.1,59.4,0,,,0,none,none
2025-12-11T07:57:53.211,20.1,59.3,0,,,0,none,none
2025-12-11T07:57:55.466,20.1,59.3,0,,,0,none,none
2025-12-11T07:57:57.720,20.1,59.6,0,,,0,none,none
2025-12-11T07:57:59.975,20.1,59.6,0,,,0,none,none
2025-12-11T07:58:02.230,20.1,59.6,0,,,0,none,none
2025-12-11T07:58:04.485,20.1,59.7,0,,,0,none,none
2025-12-11T07:58:06.739,20.1,59.8,0,,,0,none,none
2025-12-11T07:58:08.994,20.1,59.8,0,,,0,none,none
2025-12-11T07:58:11.249,20.1,59.8,0,,,0,none,none
2025-12-11T07:58:13.504,20.1,59.7,0,,,0,none,none
2025-12-11T07:58:15.758,20.1,59.6,0,,,0,none,none
2025-12-11T07:58:18.013,20.1,59.5,0,,,0,none,none
2025-12-11T07:58:20.268,20.1,59.4,0,,,0,none,none
2025-12-11T07:58:22.523,20.1,59.5,0,,,0,none,none
2025-12-11T07:58:24.778,20.1,59.5,0,,,0,none,none
2025-12-11T07:58:27.032,20.0,59.4,0,,,0,none,none
2025-12-11T07:58:29.287,20.1,59.4,0,,,0,none,none
2025-12-11T07:58:31.542,20.1,59.4,0,,,0,none,none
2025-12-11T07:58:33.797,20.1,59.3,0,,,0,none,none
2025-12-11T07:58:36.052,20.0,59.1,0,,,0,none,none
2025-12-11T07:58:38.306,20.0,59.0,0,,,0,none,none
2025-12-11T07:58:40.561,20.0,58.9,0,,,0,none,none
2025-12-11T07:58:42.816,20.0,58.9,0,,,0,none,none
2025-12-11T07:58:45.071,20.0,58.9,0,,,0,none,none
2025-12-11T07:58:47.331,20.0,58.9,0,,,0,none,none
2025-12-11T07:58:49.586,20.0,58.9,0,,,0,none,none
2025-12-11T07:58:51.843,20.0,58.9,0,,,0,none,none
2025-12-11T07:58:54.098,20.0,58.7,0,,,0,none,none
2025-12-11T07:58:56.352,20.0,58.6,0,,,0,none,none
2025-12-11T07:58:58.611,20.0,58.4,0,,,0,none,none
2025-12-11T07:59:00.871,20.0,58.5,0,,,0,none,none
2025-12-11T07:59:03.132,20.0,58.6,0,,,0,none,none
2025-12-11T07:59:05.391,20.0,58.9,0,,,0,none,none
2025-12-11T07:59:07.646,20.0,59.1,0,,,0,none,none
2025-12-11T07:59:09.900,20.0,59.1,0,,,0,none,none
2025-12-11T07:59:12.159,20.0,59.0,0,,,0,none,none
2025-12-11T07:59:14.419,20.0,59.0,0,,,0,none,none
2025-12-11T07:59:16.679,20.0,58.9,0,,,0,none,none
2025-12-11T07:59:18.939,20.0,58.8,0,,,0,none,none
2025-12-11T07:59:21.199,20.0,58.7,0,,,0,none,none
2025-12-11T07:59:23.454,20.0,58.6,0,,,0,none,none
2025-12-11T07:59:25.708,20.0,58.5,0,,,0,none,none
2025-12-11T07:59:27.963,20.0,58.6,0,,,0,none,none
2025-12-11T07:59:30.217,20.0,58.5,0,,,0,none,none
2025-12-11T07:59:32.472,20.0,58.5,0,,,0,none,none
2025-12-11T07:59:34.731,19.9,58.3,0,,,0,none,none
2025-12-11T07:59:36.986,20.0,58.5,0,,,0,none,none
2025-12-11T07:59:39.243,20.0,58.5,0,,,0,none,none
2025-12-11T07:59:41.503,20.0,58.6,0,,,0,none,none
2025-12-11T07:59:43.763,20.0,58.8,0,,,0,none,none
2025-12-11T07:59:46.023,20.0,59.0,0,,,0,none,none
2025-12-11T07:59:48.278,20.0,59.2,0,,,0,none,none
2025-12-11T07:59:50.532,20.0,59.5,0,,,0,none,none
2025-12-11T07:59:52.791,19.9,59.4,0,,,0,none,none
2025-12-11T07:59:55.046,19.9,59.2,0,,,0,none,none
2025-12-11T07:59:57.300,19.9,59.1,0,,,0,none,none
2025-12-11T07:59:59.559,20.0,58.9,0,,,0,none,none
2025-12-11T08:00:01.819,20.0,58.8,0,,,0,none,none
2025-12-11T08:00:04.079,19.9,58.9,0,,,0,none,none
2025-12-11T08:00:06.335,19.9,59.1,0,,,0,none,none
2025-12-11T08:00:08.590,19.9,59.4,0,,,0,none,none
2025-12-11T08:00:10.847,19.9,59.7,0,,,0,none,none
2025-12-11T08:00:13.107,19.9,59.7,0,,,0,none,none
2025-12-11T08:00:15.367,19.9,59.6,0,,,0,none,none
2025-12-11T08:00:17.622,19.9,59.5,0,,,0,none,none
2025-12-11T08:00:19.879,19.9,59.3,0,,,0,none,none
2025-12-11T08:00:22.139,19.9,59.2,0,,,0,none,none
2025-12-11T08:00:24.394,19.9,59.1,0,,,0,none,none
2025-12-11T08:00:26.651,19.9,58.9,0,,,0,none,none
2025-12-11T08:00:28.911,19.9,59.0,0,,,0,none,none
2025-12-11T08:00:31.166,19.9,59.1,0,,,0,none,none
2025-12-11T08:00:33.420,19.9,59.1,0,,,0,none,none
2025-12-11T08:00:35.675,19.9,59.2,0,,,0,none,none
2025-12-11T08:00:37.929,19.9,59.4,0,,,0,none,none
2025-12-11T08:00:40.187,19.9,59.3,0,,,0,none,none
2025-12-11T08:00:42.447,19.9,59.0,0,,,0,none,none
2025-12-11T08:00:44.707,19.9,58.8,0,,,0,none,none
2025-12-11T08:00:46.967,19.8,58.8,0,,,0,none,none
2025-12-11T08:00:49.222,19.8,58.7,0,,,0,none,none
2025-12-11T08:00:51.476,19.9,58.7,0,,,0,none,none
2025-12-11T08:00:53.735,19.9,58.6,0,,,0,none,none
2025-12-11T08:00:55.990,19.9,58.4,0,,,0,none,none
2025-12-11T08:00:58.244,19.8,58.4,0,,,0,none,none
2025-12-11T08:01:00.503,19.9,58.6,0,,,0,none,none
2025-12-11T08:01:02.758,19.8,58.5,0,,,0,none,none
2025-12-11T08:01:05.013,19.8,58.6,0,,,0,none,none
2025-12-11T08:01:07.267,19.8,58.6,0,,,0,none,none
2025-12-11T08:01:09.522,19.8,58.6,0,,,0,none,none
2025-12-11T08:01:11.777,19.8,59.0,0,,,0,none,none
2025-12-11T08:01:14.032,19.8,59.1,0,,,0,none,none
2025-12-11T08:01:16.286,19.8,59.1,0,,,0,none,none
2025-12-11T08:01:18.541,19.8,58.9,0,,,0,none,none
2025-12-11T08:01:20.796,19.8,58.8,0,,,0,none,none
2025-12-11T08:01:23.051,19.8,58.6,0,,,0,none,none
2025-12-11T08:01:25.306,19.8,58.6,0,,,0,none,none
2025-12-11T08:01:27.560,19.8,58.6,0,,,0,none,none
2025-12-11T08:01:29.815,19.8,58.6,0,,,0,none,none
2025-12-11T08:01:32.070,19.8,58.6,0,,,0,none,none
2025-12-11T08:01:34.325,19.8,58.9,0,,,0,none,none
2025-12-11T08:01:36.580,19.8,59.0,0,,,0,none,none
2025-12-11T08:01:38.835,19.8,59.0,0,,,0,none,none
2025-12-11T08:01:41.089,19.8,59.1,0,,,0,none,none
2025-12-11T08:01:43.344,19.8,59.4,0,,,0,none,none
2025-12-11T08:01:45.599,19.8,59.6,0,,,0,none,none
2025-12-11T08:01:47.854,19.8,59.7,0,,,0,none,none
2025-12-11T08:01:50.108,19.8,59.8,0,,,0,none,none
2025-12-11T08:01:52.363,19.8,60.0,0,,,0,none,none
2025-12-11T08:01:54.618,19.8,60.2,0,,,0,none,none
2025-12-11T08:01:56.872,19.8,60.3,0,,,0,none,none
2025-12-11T08:01:59.127,19.7,60.3,0,,,0,none,none
2025-12-11T08:02:01.382,19.7,60.3,0,,,0,none,none
2025-12-11T08:02:03.637,19.7,60.2,0,,,0,none,none
2025-12-11T08:02:05.892,19.7,60.1,0,,,0,none,none
2025-12-11T08:02:08.147,19.7,59.8,0,,,0,none,none
2025-12-11T08:02:10.401,19.7,59.5,0,,,0,none,none
2025-12-11T08:02:12.656,19.7,59.5,0,,,0,none,none
2025-12-11T08:02:14.911,19.8,59.6,0,,,0,none,none
2025-12-11T08:02:17.166,19.7,59.5,0,,,0,none,none
2025-12-11T08:02:19.420,19.7,59.6,0,,,0,none,none
2025-12-11T08:02:21.675,19.8,59.6,0,,,0,none,none
2025-12-11T08:02:23.930,19.7,59.5,0,,,0,none,none
2025-12-11T08:02:26.185,19.8,59.6,0,,,0,none,none
2025-12-11T08:02:28.439,19.7,59.4,0,,,0,none,none
2025-12-11T08:02:30.694,19.7,59.4,0,,,0,none,none
2025-12-11T08:02:32.949,19.7,59.4,0,,,0,none,none
2025-12-11T08:02:35.204,19.7,59.3,0,,,0,none,none
2025-12-11T08:02:37.458,19.7,59.5,0,,,0,none,none
2025-12-11T08:02:39.713,19.7,59.6,0,,,0,none,none
2025-12-11T08:02:41.968,19.7,59.7,0,,,0,none,none
2025-12-11T08:02:44.223,19.7,59.9,0,,,0,none,none
2025-12-11T08:02:46.478,19.7,59.9,0,,,0,none,none
2025-12-11T08:02:48.732,19.7,59.9,0,,,0,none,none
2025-12-11T08:02:50.987,19.7,59.9,0,,,0,none,none
2025-12-11T08:02:53.242,19.7,59.9,0,,,0,none,none
2025-12-11T08:02:55.497,19.7,59.9,0,,,0,none,none
2025-12-11T08:02:57.751,19.7,59.8,0,,,0,none,none
2025-12-11T08:03:00.006,19.7,59.9,0,,,0,none,none
2025-12-11T08:03:02.261,19.7,60.0,0,,,0,none,none
2025-12-11T08:03:04.516,19.7,60.0,0,,,0,none,none
2025-12-11T08:03:06.770,19.7,60.2,0,,,0,none,none
2025-12-11T08:03:09.025,19.7,60.3,0,,,0,none,none
2025-12-11T08:03:11.280,19.7,60.3,0,,,0,none,none
2025-12-11T08:03:13.535,19.7,60.3,0,,,0,none,none
2025-12-11T08:03:15.790,19.7,60.4,0,,,0,none,none
2025-12-11T08:03:18.044,19.7,60.4,0,,,0,none,none
2025-12-11T08:03:20.299,19.7,60.4,0,,,0,none,none
2025-12-11T08:03:22.554,19.7,60.3,0,,,0,none,none
2025-12-11T08:03:24.808,19.7,60.3,0,,,0,none,none
2025-12-11T08:03:27.063,19.7,60.3,0,,,0,none,none
2025-12-11T08:03:29.318,19.7,60.3,0,,,0,none,none
2025-12-11T08:03:31.572,19.7,60.3,0,,,0,none,none
2025-12-11T08:03:33.827,19.6,60.2,0,,,0,none,none
2025-12-11T08:03:36.082,19.7,60.3,0,,,0,none,none
2025-12-11T08:03:38.337,19.6,60.1,0,,,0,none,none
2025-12-11T08:03:40.591,19.7,60.1,0,,,0,none,none
2025-12-11T08:03:42.846,19.7,60.1,0,,,0,none,none
2025-12-11T08:03:45.101,19.6,59.9,0,,,0,none,none
2025-12-11T08:03:47.355,19.7,60.0,0,,,0,none,none
2025-12-11T08:03:49.615,19.6,60.0,0,,,0,none,none
2025-12-11T08:03:51.875,19.6,60.0,0,,,0,none,none
2025-12-11T08:03:54.135,19.6,59.9,0,,,0,none,none
2025-12-11T08:03:56.395,19.7,59.8,0,,,0,none,none
2025-12-11T08:03:58.649,19.6,59.7,0,,,0,none,none
2025-12-11T08:04:00.904,19.6,59.7,0,,,0,none,none
2025-12-11T08:04:03.163,19.6,59.6,0,,,0,none,none
2025-12-11T08:04:05.423,19.6,59.5,0,,,0,none,none
2025-12-11T08:04:07.683,19.6,59.5,0,,,0,none,none
2025-12-11T08:04:09.943,19.6,59.6,0,,,0,none,none
2025-12-11T08:04:12.203,19.6,59.5,0,,,0,none,none
2025-12-11T08:04:14.458,19.6,59.6,0,,,0,none,none
2025-12-11T08:04:16.712,19.6,59.8,0,,,0,none,none
2025-12-11T08:04:18.967,19.6,60.0,0,,,0,none,none
2025-12-11T08:04:21.223,19.6,60.1,0,,,0,none,none
2025-12-11T08:04:23.483,19.6,60.1,0,,,0,none,none
2025-12-11T08:04:25.743,19.6,60.1,0,,,0,none,none
2025-12-11T08:04:27.998,19.6,60.1,0,,,0,none,none
2025-12-11T08:04:30.252,19.6,60.0,0,,,0,none,none
2025-12-11T08:04:32.511,19.6,59.8,0,,,0,none,none
2025-12-11T08:04:34.771,19.6,59.9,0,,,0,none,none
2025-12-11T08:04:37.026,19.6,60.0,0,,,0,none,none
2025-12-11T08:04:39.280,19.6,60.2,0,,,0,none,none
2025-12-11T08:04:41.539,19.6,60.1,0,,,0,none,none
2025-12-11T08:04:43.799,19.6,59.8,0,,,0,none,none
2025-12-11T08:04:46.059,19.6,59.7,0,,,0,none,none
2025-12-11T08:04:48.314,19.6,59.8,0,,,0,none,none
2025-12-11T08:04:50.568,19.6,59.8,0,,,0,none,none
2025-12-11T08:04:52.823,19.6,60.0,0,,,0,none,none
2025-12-11T08:04:55.079,19.6,60.0,0,,,0,none,none
2025-12-11T08:04:57.335,19.6,60.0,0,,,0,none,none
2025-12-11T08:04:59.595,19.6,60.0,0,,,0,none,none
2025-12-11T08:05:01.855,19.6,59.9,0,,,0,none,none
2025-12-11T08:05:04.113,19.6,59.7,0,,,0,none,none
2025-12-11T08:05:06.371,19.6,59.7,0,,,0,none,none
2025-12-11T08:05:08.626,19.6,59.7,0,,,0,none,none
2025-12-11T08:05:10.883,19.6,59.6,0,,,0,none,none
2025-12-11T08:05:13.138,19.6,59.5,0,,,0,none,none
2025-12-11T08:05:15.392,19.6,59.5,0,,,0,none,none
2025-12-11T08:05:17.647,19.6,59.4,0,,,0,none,none
2025-12-11T08:05:19.903,19.6,59.3,0,,,0,none,none
2025-12-11T08:05:22.163,19.6,59.4,0,,,0,none,none
2025-12-11T08:05:24.423,19.6,59.5,0,,,0,none,none
2025-12-11T08:05:26.683,19.6,59.5,0,,,0,none,none
2025-12-11T08:05:28.938,19.6,59.4,0,,,0,none,none
2025-12-11T08:05:31.195,19.6,59.2,0,,,0,none,none
2025-12-11T08:05:33.455,19.6,59.2,0,,,0,none,none
2025-12-11T08:05:35.715,19.6,59.3,0,,,0,none,none
2025-12-11T08:05:37.975,19.6,59.3,0,,,0,none,none
2025-12-11T08:05:40.235,19.6,59.3,0,,,0,none,none
2025-12-11T08:05:42.495,19.6,59.2,0,,,0,none,none
2025-12-11T08:05:44.755,19.6,59.1,0,,,0,none,none
2025-12-11T08:05:47.015,19.6,59.0,0,,,0,none,none
2025-12-11T08:05:49.271,19.6,58.9,0,,,0,none,none
2025-12-11T08:05:51.531,19.6,58.9,0,,,0,none,none
2025-12-11T08:05:53.791,19.6,58.9,0,,,0,none,none
2025-12-11T08:05:56.046,19.6,58.9,0,,,0,none,none
2025-12-11T08:05:58.300,19.6,58.9,0,,,0,none,none
2025-12-11T08:06:00.559,19.6,58.9,0,,,0,none,none
2025-12-11T08:06:02.814,19.6,59.1,0,,,0,none,none
2025-12-11T08:06:05.071,19.6,59.2,0,,,0,none,none
2025-12-11T08:06:07.331,19.6,59.1,0,,,0,none,none
2025-12-11T08:06:09.591,19.6,59.1,0,,,0,none,none
2025-12-11T08:06:11.851,19.6,59.1,0,,,0,none,none
2025-12-11T08:06:14.106,19.6,59.1,0,,,0,none,none
2025-12-11T08:06:16.360,19.6,59.0,0,,,0,none,none
2025-12-11T08:06:18.615,19.6,59.0,0,,,0,none,none
2025-12-11T08:06:20.869,19.6,59.1,0,,,0,none,none
2025-12-11T08:06:23.127,19.6,59.2,0,,,0,none,none
2025-12-11T08:06:25.387,19.6,59.3,0,,,0,none,none
2025-12-11T08:06:27.642,19.6,59.3,0,,,0,none,none
2025-12-11T08:06:29.896,19.6,59.2,0,,,0,none,none
2025-12-11T08:06:32.155,19.6,59.2,0,,,0,none,none
2025-12-11T08:06:34.410,19.6,59.2,0,,,0,none,none
2025-12-11T08:06:36.667,19.6,59.3,0,,,0,none,none
2025-12-11T08:06:38.922,19.6,59.4,0,,,0,none,none
2025-12-11T08:06:41.176,19.6,59.6,0,,,0,none,none
2025-12-11T08:06:43.435,19.6,59.8,0,,,0,none,none
2025-12-11T08:06:45.690,19.6,59.8,0,,,0,none,none
2025-12-11T08:06:47.947,19.6,59.9,0,,,0,none,none
2025-12-11T08:06:50.207,19.6,60.0,0,,,0,none,none
2025-12-11T08:06:52.467,19.6,60.0,0,,,0,none,none
2025-12-11T08:06:54.727,19.5,59.9,0,,,0,none,none
2025-12-11T08:06:56.987,19.6,60.0,0,,,0,none,none
2025-12-11T08:06:59.242,19.5,59.8,0,,,0,none,none
2025-12-11T08:07:01.499,19.5,59.9,0,,,0,none,none
2025-12-11T08:07:03.759,19.5,59.8,0,,,0,none,none
2025-12-11T08:07:06.019,19.5,59.8,0,,,0,none,none
2025-12-11T08:07:08.279,19.6,59.8,0,,,0,none,none
2025-12-11T08:07:10.539,19.5,59.8,0,,,0,none,none
2025-12-11T08:07:12.799,19.5,59.8,0,,,0,none,none
2025-12-11T08:07:15.059,19.5,59.7,0,,,0,none,none
2025-12-11T08:07:17.314,19.5,59.6,0,,,0,none,none
2025-12-11T08:07:19.571,19.5,59.6,0,,,0,none,none
2025-12-11T08:07:21.831,19.5,59.7,0,,,0,none,none
2025-12-11T08:07:24.091,19.6,59.8,0,,,0,none,none
2025-12-11T08:07:26.346,19.5,59.7,0,,,0,none,none
2025-12-11T08:07:28.600,19.6,59.6,0,,,0,none,none
2025-12-11T08:07:30.859,19.5,59.4,0,,,0,none,none
2025-12-11T08:07:33.119,19.5,59.3,0,,,0,none,none
2025-12-11T08:07:35.379,19.5,59.3,0,,,0,none,none
2025-12-11T08:07:37.634,19.6,59.4,0,,,0,none,none
2025-12-11T08:07:39.888,19.5,59.4,0,,,0,none,none
2025-12-11T08:07:42.143,19.5,59.6,0,,,0,none,none
2025-12-11T08:07:44.399,19.5,59.7,0,,,0,none,none
2025-12-11T08:07:46.659,19.5,59.8,0,,,0,none,none
2025-12-11T08:07:48.914,19.5,59.8,0,,,0,none,none
2025-12-11T08:07:51.169,19.6,60.0,0,,,0,none,none
2025-12-11T08:07:53.424,19.5,59.8,0,,,0,none,none
2025-12-11T08:07:55.678,19.5,59.9,0,,,0,none,none
2025-12-11T08:07:57.933,19.5,59.9,0,,,0,none,none
2025-12-11T08:08:00.188,19.5,59.9,0,,,0,none,none
2025-12-11T08:08:02.442,19.5,59.8,0,,,0,none,none
2025-12-11T08:08:04.697,19.5,59.7,0,,,0,none,none
2025-12-11T08:08:06.952,19.5,59.5,0,,,0,none,none
2025-12-11T08:08:09.207,19.5,59.4,0,,,0,none,none
2025-12-11T08:08:11.462,19.5,59.4,0,,,0,none,none
2025-12-11T08:08:13.717,19.5,59.4,0,,,0,none,none
2025-12-11T08:08:15.971,19.5,59.3,0,,,0,none,none
2025-12-11T08:08:18.226,19.5,59.3,0,,,0,none,none
2025-12-11T08:08:20.481,19.5,59.3,0,,,0,none,none
2025-12-11T08:08:22.736,19.5,59.4,0,,,0,none,none
2025-12-11T08:08:24.990,19.5,59.7,0,,,0,none,none
2025-12-11T08:08:27.245,19.5,60.0,0,,,0,none,none
2025-12-11T08:08:29.500,19.5,60.1,0,,,0,none,none
2025-12-11T08:08:31.754,19.5,60.3,0,,,0,none,none
2025-12-11T08:08:34.009,19.6,60.1,0,,,0,none,none
2025-12-11T08:08:36.264,19.5,60.1,0,,,0,none,none
2025-12-11T08:08:38.519,19.5,60.0,0,,,0,none,none
2025-12-11T08:08:40.774,19.5,60.0,0,,,0,none,none
2025-12-11T08:08:43.029,19.5,60.0,0,,,0,none,none
2025-12-11T08:08:45.284,19.5,60.0,0,,,0,none,none
2025-12-11T08:08:47.538,19.5,60.0,0,,,0,none,none
2025-12-11T08:08:49.793,19.5,59.7,0,,,0,none,none
2025-12-11T08:08:52.048,19.5,59.5,0,,,0,none,none
2025-12-11T08:08:54.302,19.5,59.4,0,,,0,none,none
2025-12-11T08:08:56.557,19.5,59.3,0,,,0,none,none
2025-12-11T08:08:58.812,19.5,59.3,0,,,0,none,none
2025-12-11T08:09:01.067,19.5,59.3,0,,,0,none,none
2025-12-11T08:09:03.322,19.5,59.2,0,,,0,none,none
2025-12-11T08:09:05.577,19.5,59.2,0,,,0,none,none
2025-12-11T08:09:07.831,19.5,59.3,0,,,0,none,none
2025-12-11T08:09:10.086,19.5,59.3,0,,,0,none,none
2025-12-11T08:09:12.341,19.5,59.4,0,,,0,none,none
2025-12-11T08:09:14.596,19.5,59.4,0,,,0,none,none
2025-12-11T08:09:16.851,19.5,59.5,0,,,0,none,none
2025-12-11T08:09:19.105,19.5,59.4,0,,,0,none,none
2025-12-11T08:09:21.360,19.5,59.4,0,,,0,none,none
2025-12-11T08:09:23.615,19.5,59.4,0,,,0,none,none
2025-12-11T08:09:25.870,19.5,59.2,0,,,0,none,none
2025-12-11T08:09:28.125,19.6,59.2,0,,,0,none,none
2025-12-11T08:09:30.380,19.5,59.0,0,,,0,none,none
2025-12-11T08:09:32.634,19.5,59.1,0,,,0,none,none
2025-12-11T08:09:34.889,19.5,59.1,0,,,0,none,none
2025-12-11T08:09:37.144,19.5,59.0,0,,,0,none,none
2025-12-11T08:09:39.399,19.5,59.0,0,,,0,none,none
2025-12-11T08:09:41.653,19.5,59.0,0,,,0,none,none
2025-12-11T08:09:43.908,19.5,59.1,0,,,0,none,none
2025-12-11T08:09:46.163,19.4,59.0,0,,,0,none,none
2025-12-11T08:09:48.418,19.5,59.0,0,,,0,none,none
2025-12-11T08:09:50.673,19.5,59.0,0,,,0,none,none
2025-12-11T08:09:52.928,19.5,59.0,0,,,0,none,none
2025-12-11T08:09:55.182,19.5,58.9,0,,,0,none,none
2025-12-11T08:09:57.437,19.5,58.9,0,,,0,none,none
2025-12-11T08:09:59.692,19.5,58.8,0,,,0,none,none
2025-12-11T08:10:01.947,19.5,58.8,0,,,0,none,none
2025-12-11T08:10:04.202,19.5,58.8,0,,,0,none,none
2025-12-11T08:10:06.456,19.5,58.8,0,,,0,none,none
2025-12-11T08:10:08.711,19.5,58.9,0,,,0,none,none
2025-12-11T08:10:10.966,19.5,59.0,0,,,0,none,none
2025-12-11T08:10:13.221,19.5,59.2,0,,,0,none,none
2025-12-11T08:10:15.476,19.5,59.3,0,,,0,none,none
2025-12-11T08:10:17.731,19.5,59.3,0,,,0,none,none
2025-12-11T08:10:19.985,19.5,59.2,0,,,0,none,none
2025-12-11T08:10:22.240,19.5,59.0,0,,,0,none,none
2025-12-11T08:10:24.495,19.5,59.0,0,,,0,none,none
2025-12-11T08:10:26.750,19.5,59.0,0,,,0,none,none
2025-12-11T08:10:29.004,19.5,59.0,0,,,0,none,none
2025-12-11T08:10:31.259,19.5,59.0,0,,,0,none,none
2025-12-11T08:10:33.514,19.5,59.0,0,,,0,none,none
2025-12-11T08:10:35.769,19.4,58.8,0,,,0,none,none
2025-12-11T08:10:38.024,19.5,58.8,0,,,0,none,none
2025-12-11T08:10:40.279,19.5,58.8,0,,,0,none,none
2025-12-11T08:10:42.533,19.5,58.8,0,,,0,none,none
2025-12-11T08:10:44.788,19.5,58.9,0,,,0,none,none
2025-12-11T08:10:47.043,19.5,58.9,0,,,0,none,none
2025-12-11T08:10:49.298,19.5,58.8,0,,,0,none,none
2025-12-11T08:10:51.552,19.5,58.8,0,,,0,none,none
2025-12-11T08:10:53.807,19.5,58.8,0,,,0,none,none
2025-12-11T08:10:56.062,19.4,58.8,0,,,0,none,none
2025-12-11T08:10:58.317,19.5,59.0,0,,,0,none,none
2025-12-11T08:11:00.572,19.4,59.0,0,,,0,none,none
2025-12-11T08:11:02.826,19.4,58.9,0,,,0,none,none
2025-12-11T08:11:05.081,,,0,,,0,none,none
2025-12-11T08:11:07.336,19.4,58.9,0,,,0,none,none
2025-12-11T08:11:09.591,19.4,58.8,0,,,0,none,none
2025-12-11T08:11:11.846,19.4,58.8,0,,,0,none,none
2025-12-11T08:11:14.100,19.5,58.9,0,,,0,none,none
2025-12-11T08:11:16.355,19.4,58.8,0,,,0,none,none
2025-12-11T08:11:18.610,19.4,58.7,0,,,0,none,none
2025-12-11T08:11:20.865,19.4,58.6,0,,,0,none,none
2025-12-11T08:11:23.120,19.4,58.5,0,,,0,none,none
2025-12-11T08:11:25.374,19.5,58.6,0,,,0,none,none
2025-12-11T08:11:27.629,19.4,58.5,0,,,0,none,none
2025-12-11T08:11:29.884,19.4,58.6,0,,,0,none,none
2025-12-11T08:11:32.139,19.4,58.6,0,,,0,none,none
2025-12-11T08:11:34.393,19.4,58.7,0,,,0,none,none
2025-12-11T08:11:36.648,19.4,58.8,0,,,0,none,none
2025-12-11T08:11:38.903,19.4,58.7,0,,,0,none,none
2025-12-11T08:11:41.158,19.4,58.7,0,,,0,none,none
2025-12-11T08:11:43.413,19.4,58.7,0,,,0,none,none
2025-12-11T08:11:45.667,19.4,58.7,0,,,0,none,none
2025-12-11T08:11:47.922,19.4,58.7,0,,,0,none,none
2025-12-11T08:11:50.177,19.4,58.6,0,,,0,none,none
2025-12-11T08:11:52.432,19.4,58.7,0,,,0,none,none
2025-12-11T08:11:54.687,19.4,58.6,0,,,0,none,none
2025-12-11T08:11:56.941,19.4,58.6,0,,,0,none,none
2025-12-11T08:11:59.196,19.4,58.8,0,,,0,none,none
2025-12-11T08:12:01.451,19.4,58.9,0,,,0,none,none
2025-12-11T08:12:03.706,19.4,59.0,0,,,0,none,none
2025-12-11T08:12:05.961,19.4,59.1,0,,,0,none,none
2025-12-11T08:12:08.216,19.4,59.1,0,,,0,none,none
2025-12-11T08:12:10.471,19.4,59.1,0,,,0,none,none
2025-12-11T08:12:12.725,19.4,59.1,0,,,0,none,none
2025-12-11T08:12:14.980,19.4,59.1,0,,,0,none,none
2025-12-11T08:12:17.235,19.4,59.1,0,,,0,none,none
2025-12-11T08:12:19.490,19.4,59.0,0,,,0,none,none
2025-12-11T08:12:21.745,19.4,58.9,0,,,0,none,none
2025-12-11T08:12:24.000,19.4,58.9,0,,,0,none,none
2025-12-11T08:12:26.255,19.4,58.9,0,,,0,none,none
2025-12-11T08:12:28.509,19.4,58.7,0,,,0,none,none
2025-12-11T08:12:30.764,19.4,58.7,0,,,0,none,none
2025-12-11T08:12:33.019,19.4,58.6,0,,,0,none,none
2025-12-11T08:12:35.274,19.4,58.8,0,,,0,none,none
2025-12-11T08:12:37.528,19.4,58.8,0,,,0,none,none
2025-12-11T08:12:39.783,19.4,58.9,0,,,0,none,none
2025-12-11T08:12:42.038,19.4,59.0,0,,,0,none,none
2025-12-11T08:12:44.293,19.4,59.0,0,,,0,none,none
2025-12-11T08:12:46.548,19.4,59.0,0,,,0,none,none
2025-12-11T08:12:48.803,19.4,59.0,0,,,0,none,none
2025-12-11T08:12:51.057,19.4,59.0,0,,,0,none,none
2025-12-11T08:12:53.312,19.4,59.0,0,,,0,none,none
2025-12-11T08:12:55.567,19.4,59.0,0,,,0,none,none
2025-12-11T08:12:57.822,19.4,58.9,0,,,0,none,none
2025-12-11T08:13:00.077,19.4,58.8,0,,,0,none,none
2025-12-11T08:13:02.331,19.4,58.8,0,,,0,none,none
2025-12-11T08:13:04.586,19.4,58.7,0,,,0,none,none
2025-12-11T08:13:06.841,19.4,58.6,0,,,0,none,none
2025-12-11T08:13:09.095,19.4,58.6,0,,,0,none,none
2025-12-11T08:13:11.350,19.4,58.5,0,,,0,none,none
2025-12-11T08:13:13.605,19.4,58.5,0,,,0,none,none
2025-12-11T08:13:15.860,19.4,58.4,0,,,0,none,none
2025-12-11T08:13:18.115,19.4,58.4,0,,,0,none,none
2025-12-11T08:13:20.369,19.4,58.4,0,,,0,none,none
2025-12-11T08:13:22.624,19.4,58.4,0,,,0,none,none
2025-12-11T08:13:24.879,19.4,58.4,0,,,0,none,none
2025-12-11T08:13:27.134,19.4,58.6,0,,,0,none,none
2025-12-11T08:13:29.388,19.4,58.6,0,,,0,none,none
2025-12-11T08:13:31.643,19.4,58.7,0,,,0,none,none
2025-12-11T08:13:33.898,19.4,58.6,0,,,0,none,none
2025-12-11T08:13:36.153,19.4,58.6,0,,,0,none,none
2025-12-11T08:13:38.407,19.4,58.8,0,,,0,none,none
2025-12-11T08:13:40.662,19.4,58.8,0,,,0,none,none
2025-12-11T08:13:42.917,19.4,58.8,0,,,0,none,none
2025-12-11T08:13:45.172,19.4,58.8,0,,,0,none,none
2025-12-11T08:13:47.427,19.4,58.7,0,,,0,none,none
2025-12-11T08:13:49.682,19.4,58.7,0,,,0,none,none
2025-12-11T08:13:51.936,19.4,58.7,0,,,0,none,none
2025-12-11T08:13:54.191,19.4,58.7,0,,,0,none,none
2025-12-11T08:13:56.446,19.4,58.7,0,,,0,none,none
2025-12-11T08:13:58.701,19.4,58.7,0,,,0,none,none
2025-12-11T08:14:00.956,19.4,58.8,0,,,0,none,none
2025-12-11T08:14:03.210,19.4,58.9,0,,,0,none,none
2025-12-11T08:14:05.465,19.4,59.0,0,,,0,none,none
2025-12-11T08:14:07.720,19.4,59.0,0,,,0,none,none
2025-12-11T08:14:09.975,19.4,59.0,0,,,0,none,none
2025-12-11T08:14:12.230,19.4,59.1,0,,,0,none,none
2025-12-11T08:14:14.485,19.4,59.0,0,,,0,none,none
2025-12-11T08:14:16.739,19.4,59.0,0,,,0,none,none
2025-12-11T08:14:18.994,19.4,59.0,0,,,0,none,none
2025-12-11T08:14:21.249,19.4,59.0,0,,,0,none,none
2025-12-11T08:14:23.504,19.4,59.1,0,,,0,none,none
2025-12-11T08:14:25.759,19.4,59.0,0,,,0,none,none
2025-12-11T08:14:28.014,19.4,59.0,0,,,0,none,none
2025-12-11T08:14:30.268,19.4,59.0,0,,,0,none,none
2025-12-11T08:14:32.523,19.4,59.0,0,,,0,none,none
2025-12-11T08:14:34.778,19.4,59.0,0,,,0,none,none
2025-12-11T08:14:37.032,19.4,59.1,0,,,0,none,none
2025-12-11T08:14:39.287,19.4,59.0,0,,,0,none,none
2025-12-11T08:14:41.547,19.4,59.1,0,,,0,none,none
2025-12-11T08:14:43.803,19.4,59.1,0,,,0,none,none
2025-12-11T08:14:46.063,19.4,59.1,0,,,0,none,none
2025-12-11T08:14:48.323,19.4,59.1,0,,,0,none,none
2025-12-11T08:14:50.583,19.4,59.2,0,,,0,none,none
2025-12-11T08:14:52.843,19.4,59.2,0,,,0,none,none
2025-12-11T08:14:55.103,19.4,59.2,0,,,0,none,none
2025-12-11T08:14:57.363,19.4,59.2,0,,,0,none,none
2025-12-11T08:14:59.623,19.3,59.0,0,,,0,none,none
2025-12-11T08:15:01.883,19.4,59.0,0,,,0,none,none
2025-12-11T08:15:04.138,19.4,58.9,0,,,0,none,none
2025-12-11T08:15:06.395,19.4,58.9,0,,,0,none,none
2025-12-11T08:15:08.655,19.4,58.8,0,,,0,none,none
2025-12-11T08:15:10.915,,,0,,,0,none,none
2025-12-11T08:15:13.169,19.4,58.7,0,,,0,none,none
2025-12-11T08:15:15.427,19.4,58.6,0,,,0,none,none
2025-12-11T08:15:17.687,19.4,58.7,0,,,0,none,none
2025-12-11T08:15:19.947,19.4,58.6,0,,,0,none,none
2025-12-11T08:15:22.202,19.4,58.6,0,,,0,none,none
2025-12-11T08:15:24.459,19.4,58.6,0,,,0,none,none
2025-12-11T08:15:26.719,19.4,58.6,0,,,0,none,none
2025-12-11T08:15:28.974,19.4,58.6,0,,,0,none,none
2025-12-11T08:15:31.231,19.4,58.7,0,,,0,none,none
2025-12-11T08:15:33.486,19.4,58.8,0,,,0,none,none
2025-12-11T08:15:35.743,19.4,58.8,0,,,0,none,none
2025-12-11T08:15:38.003,19.4,58.8,0,,,0,none,none
2025-12-11T08:15:40.263,19.4,58.8,0,,,0,none,none
2025-12-11T08:15:42.523,19.4,58.9,0,,,0,none,none
2025-12-11T08:15:44.783,19.4,58.8,0,,,0,none,none
2025-12-11T08:15:47.038,19.4,58.8,0,,,0,none,none
2025-12-11T08:15:49.292,19.4,58.7,0,,,0,none,none
2025-12-11T08:15:51.546,19.4,58.8,0,,,0,none,none
2025-12-11T08:15:53.803,19.4,58.8,0,,,0,none,none
2025-12-11T08:15:56.063,19.4,58.9,0,,,0,none,none
2025-12-11T08:15:58.318,19.4,59.0,0,,,0,none,none
2025-12-11T08:16:00.575,19.4,59.0,0,,,0,none,none
2025-12-11T08:16:02.835,19.4,58.9,0,,,0,none,none
2025-12-11T08:16:05.095,19.4,58.9,0,,,0,none,none
2025-12-11T08:16:07.355,19.4,59.0,0,,,0,none,none
2025-12-11T08:16:09.615,19.4,58.9,0,,,0,none,none
2025-12-11T08:16:11.870,19.4,59.0,0,,,0,none,none
2025-12-11T08:16:14.127,19.4,59.1,0,,,0,none,none
2025-12-11T08:16:16.387,19.4,59.1,0,,,0,none,none
2025-12-11T08:16:18.642,19.4,59.0,0,,,0,none,none
2025-12-11T08:16:20.901,19.4,59.1,0,,,0,none,none
2025-12-11T08:16:23.156,19.4,59.0,0,,,0,none,none
2025-12-11T08:16:25.410,19.4,59.0,0,,,0,none,none
2025-12-11T08:16:27.670,19.4,59.0,0,,,0,none,none
2025-12-11T08:16:29.924,19.4,58.9,0,,,0,none,none
2025-12-11T08:16:32.183,19.4,58.9,0,,,0,none,none
2025-12-11T08:16:34.438,19.4,58.9,0,,,0,none,none
2025-12-11T08:16:36.693,19.3,58.8,0,,,0,none,none
2025-12-11T08:16:38.948,19.4,58.8,0,,,0,none,none
2025-12-11T08:16:41.203,19.4,58.8,0,,,0,none,none
2025-12-11T08:16:43.458,19.4,58.7,0,,,0,none,none
2025-12-11T08:16:45.712,19.4,58.7,0,,,0,none,none
2025-12-11T08:16:47.967,19.4,58.7,0,,,0,none,none
2025-12-11T08:16:50.222,19.3,58.6,0,,,0,none,none
2025-12-11T08:16:52.477,19.4,58.6,0,,,0,none,none
2025-12-11T08:16:54.732,,,0,,,0,none,none
2025-12-11T08:16:56.986,19.3,58.6,0,,,0,none,none
2025-12-11T08:16:59.241,19.4,58.6,0,,,0,none,none
2025-12-11T08:17:01.496,19.4,58.6,0,,,0,none,none
2025-12-11T08:17:03.751,19.4,58.6,0,,,0,none,none
2025-12-11T08:17:06.006,19.3,58.6,0,,,0,none,none
2025-12-11T08:17:08.263,19.4,58.7,0,,,0,none,none
2025-12-11T08:17:10.519,19.4,58.7,0,,,0,none,none
2025-12-11T08:17:12.774,19.4,58.8,0,,,0,none,none
2025-12-11T08:17:15.028,19.4,58.7,0,,,0,none,none
2025-12-11T08:17:17.283,19.4,58.8,0,,,0,none,none
2025-12-11T08:17:19.539,19.4,58.7,0,,,0,none,none
2025-12-11T08:17:21.794,19.3,58.6,0,,,0,none,none
2025-12-11T08:17:24.051,19.3,58.5,0,,,0,none,none
2025-12-11T08:17:26.311,19.4,58.6,0,,,0,none,none
2025-12-11T08:17:28.571,19.4,58.6,0,,,0,none,none
2025-12-11T08:17:30.831,19.4,58.6,0,,,0,none,none
2025-12-11T08:17:33.086,19.3,58.6,0,,,0,none,none
2025-12-11T08:17:35.343,19.4,58.7,0,,,0,none,none
2025-12-11T08:17:37.603,19.4,58.8,0,,,0,none,none
2025-12-11T08:17:39.863,19.3,58.8,0,,,0,none,none
2025-12-11T08:17:42.118,19.3,58.8,0,,,0,none,none
2025-12-11T08:17:44.375,19.4,58.9,0,,,0,none,none
2025-12-11T08:17:46.635,19.4,59.0,0,,,0,none,none
2025-12-11T08:17:48.890,19.4,59.0,0,,,0,none,none
2025-12-11T08:17:51.145,19.4,59.0,0,,,0,none,none
2025-12-11T08:17:53.400,19.4,59.0,0,,,0,none,none
2025-12-11T08:17:55.655,19.3,58.9,0,,,0,none,none
2025-12-11T08:17:57.909,19.3,58.9,0,,,0,none,none
2025-12-11T08:18:00.164,19.3,58.9,0,,,0,none,none
2025-12-11T08:18:02.419,19.3,58.9,0,,,0,none,none
2025-12-11T08:18:04.674,19.3,58.9,0,,,0,none,none
2025-12-11T08:18:06.929,19.4,59.0,0,,,0,none,none
2025-12-11T08:18:09.183,19.3,58.9,0,,,0,none,none
2025-12-11T08:18:11.438,19.3,58.9,0,,,0,none,none
2025-12-11T08:18:13.693,19.4,59.0,0,,,0,none,none
2025-12-11T08:18:15.948,19.4,59.0,0,,,0,none,none
2025-12-11T08:18:18.205,19.3,58.9,0,,,0,none,none
2025-12-11T08:18:20.460,19.3,58.8,0,,,0,none,none
2025-12-11T08:18:22.719,19.3,58.8,0,,,0,none,none
2025-12-11T08:18:24.979,,,0,,,0,none,none
2025-12-11T08:18:27.239,19.3,58.8,0,,,0,none,none
2025-12-11T08:18:29.499,19.4,58.9,0,,,0,none,none
2025-12-11T08:18:31.759,19.3,58.8,0,,,0,none,none
2025-12-11T08:18:34.014,19.4,58.9,0,,,0,none,none
2025-12-11T08:18:36.268,19.3,58.7,0,,,0,none,none
2025-12-11T08:18:38.523,19.3,58.6,0,,,0,none,none
2025-12-11T08:18:40.777,19.3,58.5,0,,,0,none,none
2025-12-11T08:18:43.035,19.4,58.6,0,,,0,none,none
2025-12-11T08:18:45.295,19.4,58.7,0,,,0,none,none
2025-12-11T08:18:47.550,19.4,58.7,0,,,0,none,none
2025-12-11T08:18:49.804,19.3,58.6,0,,,0,none,none
2025-12-11T08:18:52.061,19.3,58.7,0,,,0,none,none
2025-12-11T08:18:54.321,19.4,58.9,0,,,0,none,none
2025-12-11T08:18:56.579,19.3,58.9,0,,,0,none,none
2025-12-11T08:18:58.839,19.4,58.9,0,,,0,none,none
2025-12-11T08:19:01.099,19.3,58.9,0,,,0,none,none
2025-12-11T08:19:03.354,19.4,59.0,0,,,0,none,none
2025-12-11T08:19:05.608,19.3,58.9,0,,,0,none,none
2025-12-11T08:19:07.867,19.3,58.8,0,,,0,none,none
2025-12-11T08:19:10.122,19.4,58.8,0,,,0,none,none
2025-12-11T08:19:12.379,19.3,58.9,0,,,0,none,none
2025-12-11T08:19:14.639,19.3,58.9,0,,,0,none,none
2025-12-11T08:19:16.899,19.3,58.8,0,,,0,none,none
2025-12-11T08:19:19.159,19.3,58.9,0,,,0,none,none
2025-12-11T08:19:21.419,19.3,58.9,0,,,0,none,none
2025-12-11T08:19:23.679,19.3,58.9,0,,,0,none,none
2025-12-11T08:19:25.939,19.3,58.9,0,,,0,none,none
2025-12-11T08:19:28.199,19.4,59.0,0,,,0,none,none
2025-12-11T08:19:30.459,19.3,59.0,0,,,0,none,none
2025-12-11T08:19:32.719,19.3,59.0,0,,,0,none,none
2025-12-11T08:19:34.973,19.3,59.1,0,,,0,none,none
2025-12-11T08:19:37.231,19.3,59.0,0,,,0,none,none
2025-12-11T08:19:39.491,19.3,59.0,0,,,0,none,none
2025-12-11T08:19:41.745,19.3,58.9,0,,,0,none,none
2025-12-11T08:19:44.003,19.3,58.9,0,,,0,none,none
2025-12-11T08:19:46.263,19.3,58.8,0,,,0,none,none
2025-12-11T08:19:48.517,19.3,58.6,0,,,0,none,none
2025-12-11T08:19:50.772,19.3,58.7,0,,,0,none,none
2025-12-11T08:19:53.031,19.3,58.7,0,,,0,none,none
2025-12-11T08:19:55.291,19.3,58.6,0,,,0,none,none
2025-12-11T08:19:57.551,19.3,58.6,0,,,0,none,none
2025-12-11T08:19:59.811,19.3,58.5,0,,,0,none,none
2025-12-11T08:20:02.071,19.3,58.6,0,,,0,none,none
2025-12-11T08:20:04.326,19.3,58.8,0,,,0,none,none
2025-12-11T08:20:06.580,19.3,58.8,0,,,0,none,none
2025-12-11T08:20:08.834,19.3,58.7,0,,,0,none,none
2025-12-11T08:20:11.089,19.3,58.7,0,,,0,none,none
2025-12-11T08:20:13.347,19.3,58.8,0,,,0,none,none
2025-12-11T08:20:15.601,19.4,58.8,0,,,0,none,none
2025-12-11T08:20:17.859,19.3,58.7,0,,,0,none,none
2025-12-11T08:20:20.119,19.4,58.8,0,,,0,none,none
2025-12-11T08:20:22.373,19.3,58.7,0,,,0,none,none
2025-12-11T08:20:24.631,19.3,58.6,0,,,0,none,none
2025-12-11T08:20:26.891,19.3,58.5,0,,,0,none,none
2025-12-11T08:20:29.151,19.3,58.5,0,,,0,none,none
2025-12-11T08:20:31.411,19.3,58.6,0,,,0,none,none
2025-12-11T08:20:33.671,19.3,58.6,0,,,0,none,none
2025-12-11T08:20:35.931,19.3,58.6,0,,,0,none,none
2025-12-11T08:20:38.191,19.3,58.6,0,,,0,none,none
2025-12-11T08:20:40.446,19.3,58.7,0,,,0,none,none
2025-12-11T08:20:42.703,19.3,58.6,0,,,0,none,none
2025-12-11T08:20:44.963,19.3,58.8,0,,,0,none,none
2025-12-11T08:20:47.223,19.3,58.8,0,,,0,none,none
2025-12-11T08:20:49.483,19.3,58.8,0,,,0,none,none
2025-12-11T08:20:51.743,19.3,58.7,0,,,0,none,none
2025-12-11T08:20:54.003,19.3,58.7,0,,,0,none,none
2025-12-11T08:20:56.258,19.3,58.6,0,,,0,none,none
2025-12-11T08:20:58.512,19.3,58.5,0,,,0,none,none
2025-12-11T08:21:00.771,19.3,58.6,0,,,0,none,none
2025-12-11T08:21:03.026,19.3,58.5,0,,,0,none,none
2025-12-11T08:21:05.283,19.3,58.5,0,,,0,none,none
2025-12-11T08:21:07.543,19.3,58.4,0,,,0,none,none
2025-12-11T08:21:09.797,19.3,58.4,0,,,0,none,none
2025-12-11T08:21:12.052,19.3,58.3,0,,,0,none,none
2025-12-11T08:21:14.311,19.3,58.4,0,,,0,none,none
2025-12-11T08:21:16.565,19.3,58.4,0,,,0,none,none
2025-12-11T08:21:18.820,19.3,58.4,0,,,0,none,none
2025-12-11T08:21:21.079,19.3,58.4,0,,,0,none,none
2025-12-11T08:21:23.339,19.3,58.4,0,,,0,none,none
2025-12-11T08:21:25.599,19.3,58.4,0,,,0,none,none
2025-12-11T08:21:27.859,19.3,58.5,0,,,0,none,none
2025-12-11T08:21:30.114,19.3,58.5,0,,,0,none,none
2025-12-11T08:21:32.371,19.3,58.6,0,,,0,none,none
2025-12-11T08:21:34.626,19.3,58.6,0,,,0,none,none
2025-12-11T08:21:36.883,19.3,58.6,0,,,0,none,none
2025-12-11T08:21:39.143,19.3,58.6,0,,,0,none,none
2025-12-11T08:21:41.399,19.3,58.6,0,,,0,none,none
2025-12-11T08:21:43.659,19.3,58.6,0,,,0,none,none
2025-12-11T08:21:45.914,19.3,58.6,0,,,0,none,none
2025-12-11T08:21:48.168,19.3,58.6,0,,,0,none,none
2025-12-11T08:21:50.427,19.3,58.6,0,,,0,none,none
2025-12-11T08:21:52.682,19.3,58.6,0,,,0,none,none
2025-12-11T08:21:54.937,19.3,58.6,0,,,0,none,none
2025-12-11T08:21:57.192,19.4,58.6,0,,,0,none,none
2025-12-11T08:21:59.447,19.3,58.6,0,,,0,none,none
2025-12-11T08:22:01.701,19.3,58.6,0,,,0,none,none
2025-12-11T08:22:03.956,19.3,58.6,0,,,0,none,none
2025-12-11T08:22:06.211,19.3,58.6,0,,,0,none,none
2025-12-11T08:22:08.466,19.3,58.6,0,,,0,none,none
2025-12-11T08:22:10.721,19.3,58.6,0,,,0,none,none
2025-12-11T08:22:12.975,19.3,58.6,0,,,0,none,none
2025-12-11T08:22:15.230,19.3,58.7,0,,,0,none,none
2025-12-11T08:22:17.485,19.3,58.6,0,,,0,none,none
2025-12-11T08:22:19.739,19.3,58.7,0,,,0,none,none
2025-12-11T08:22:21.994,19.3,58.6,0,,,0,none,none
2025-12-11T08:22:24.249,19.3,58.6,0,,,0,none,none
2025-12-11T08:22:26.504,19.3,58.6,0,,,0,none,none
2025-12-11T08:22:28.759,19.3,58.5,0,,,0,none,none
2025-12-11T08:22:31.013,19.3,58.6,0,,,0,none,none
2025-12-11T08:22:33.268,19.3,58.7,0,,,0,none,none
2025-12-11T08:22:35.523,19.3,58.8,0,,,0,none,none
2025-12-11T08:22:37.778,19.4,58.8,0,,,0,none,none
2025-12-11T08:22:40.033,19.3,58.6,0,,,0,none,none
2025-12-11T08:22:42.288,19.3,58.5,0,,,0,none,none
2025-12-11T08:22:44.542,19.3,58.5,0,,,0,none,none
2025-12-11T08:22:46.797,19.3,58.5,0,,,0,none,none
2025-12-11T08:22:49.052,19.3,58.4,0,,,0,none,none
2025-12-11T08:22:51.307,19.3,58.4,0,,,0,none,none
2025-12-11T08:22:53.562,19.3,58.3,0,,,0,none,none
2025-12-11T08:22:55.817,19.4,58.3,0,,,0,none,none
2025-12-11T08:22:58.071,19.3,58.3,0,,,0,none,none
2025-12-11T08:23:00.326,19.4,58.4,0,,,0,none,none
2025-12-11T08:23:02.580,19.3,58.3,0,,,0,none,none
2025-12-11T08:23:04.835,19.3,58.4,0,,,0,none,none
2025-12-11T08:23:07.090,19.3,58.4,0,,,0,none,none
2025-12-11T08:23:09.345,19.3,58.4,0,,,0,none,none
2025-12-11T08:23:11.600,19.4,58.5,0,,,0,none,none
2025-12-11T08:23:13.854,19.3,58.5,0,,,0,none,none
2025-12-11T08:23:16.109,19.4,58.6,0,,,0,none,none
2025-12-11T08:23:18.364,19.3,58.4,0,,,0,none,none
2025-12-11T08:23:20.619,19.3,58.5,0,,,0,none,none
2025-12-11T08:23:22.874,19.3,58.5,0,,,0,none,none
2025-12-11T08:23:25.129,19.3,58.4,0,,,0,none,none
2025-12-11T08:23:27.383,19.3,58.4,0,,,0,none,none
2025-12-11T08:23:29.638,19.3,58.2,0,,,0,none,none
2025-12-11T08:23:31.893,19.3,58.1,0,,,0,none,none
2025-12-11T08:23:34.148,19.3,58.1,0,,,0,none,none
2025-12-11T08:23:36.403,19.3,58.1,0,,,0,none,none
2025-12-11T08:23:38.657,19.3,58.0,0,,,0,none,none
2025-12-11T08:23:40.912,19.3,58.1,0,,,0,none,none
2025-12-11T08:23:43.167,19.4,58.1,0,,,0,none,none
2025-12-11T08:23:45.422,19.3,58.0,0,,,0,none,none
2025-12-11T08:23:47.677,19.4,58.1,0,,,0,none,none
2025-12-11T08:23:49.931,19.3,58.1,0,,,0,none,none
2025-12-11T08:23:52.186,19.3,58.1,0,,,0,none,none
2025-12-11T08:23:54.441,19.4,58.2,0,,,0,none,none
2025-12-11T08:23:56.696,19.4,58.2,0,,,0,none,none
2025-12-11T08:23:58.951,19.3,58.1,0,,,0,none,none
2025-12-11T08:24:01.206,19.3,58.2,0,,,0,none,none
2025-12-11T08:24:03.460,19.3,58.1,0,,,0,none,none
2025-12-11T08:24:05.715,19.3,58.0,0,,,0,none,none
2025-12-11T08:24:07.970,19.3,58.0,0,,,0,none,none
2025-12-11T08:24:10.225,19.3,58.0,0,,,0,none,none
2025-12-11T08:24:12.479,19.3,58.0,0,,,0,none,none
2025-12-11T08:24:14.734,19.3,58.1,0,,,0,none,none
2025-12-11T08:24:16.989,19.3,58.1,0,,,0,none,none
2025-12-11T08:24:19.244,19.3,58.0,0,,,0,none,none
2025-12-11T08:24:21.499,19.3,58.0,0,,,0,none,none
2025-12-11T08:24:23.753,19.3,58.0,0,,,0,none,none
2025-12-11T08:24:26.008,19.3,58.1,0,,,0,none,none
2025-12-11T08:24:28.263,19.3,58.1,0,,,0,none,none
2025-12-11T08:24:30.518,19.3,58.2,0,,,0,none,none
2025-12-11T08:24:32.772,19.3,58.2,0,,,0,none,none
2025-12-11T08:24:35.028,19.3,58.3,0,,,0,none,none
2025-12-11T08:24:37.282,19.3,58.4,0,,,0,none,none
2025-12-11T08:24:39.537,19.3,58.4,0,,,0,none,none
2025-12-11T08:24:41.792,19.3,58.4,0,,,0,none,none
2025-12-11T08:24:44.047,19.3,58.4,0,,,0,none,none
2025-12-11T08:24:46.301,19.3,58.5,0,,,0,none,none
2025-12-11T08:24:48.556,19.3,58.5,0,,,0,none,none
2025-12-11T08:24:50.811,,,0,,,0,none,none
2025-12-11T08:24:53.066,19.3,58.4,0,,,0,none,none
2025-12-11T08:24:55.321,19.3,58.3,0,,,0,none,none
2025-12-11T08:24:57.575,19.3,58.3,0,,,0,none,none
2025-12-11T08:24:59.830,19.3,58.2,0,,,0,none,none
2025-12-11T08:25:02.085,19.3,58.2,0,,,0,none,none
2025-12-11T08:25:04.340,19.3,58.1,0,,,0,none,none
2025-12-11T08:25:06.595,19.3,58.1,0,,,0,none,none
2025-12-11T08:25:08.849,19.3,58.1,0,,,0,none,none
2025-12-11T08:25:11.104,19.3,58.1,0,,,0,none,none
2025-12-11T08:25:13.359,19.3,58.2,0,,,0,none,none
2025-12-11T08:25:15.614,19.3,58.3,0,,,0,none,none
2025-12-11T08:25:17.869,19.3,58.4,0,,,0,none,none
2025-12-11T08:25:20.124,19.3,58.3,0,,,0,none,none
2025-12-11T08:25:22.378,19.3,58.3,0,,,0,none,none
2025-12-11T08:25:24.633,19.3,58.2,0,,,0,none,none
2025-12-11T08:25:26.888,19.3,58.1,0,,,0,none,none
2025-12-11T08:25:29.143,19.3,58.1,0,,,0,none,none
2025-12-11T08:25:31.398,19.3,58.1,0,,,0,none,none
2025-12-11T08:25:33.652,19.3,58.1,0,,,0,none,none
2025-12-11T08:25:35.907,19.3,58.0,0,,,0,none,none
2025-12-11T08:25:38.162,19.3,58.1,0,,,0,none,none
2025-12-11T08:25:40.417,19.3,58.1,0,,,0,none,none
2025-12-11T08:25:42.672,19.3,58.2,0,,,0,none,none
2025-12-11T08:25:44.926,19.3,58.2,0,,,0,none,none
2025-12-11T08:25:47.181,19.3,58.5,0,,,0,none,none
2025-12-11T08:25:49.436,19.3,58.7,0,,,0,none,none
2025-12-11T08:25:51.691,19.4,59.0,0,,,0,none,none
2025-12-11T08:25:53.945,19.3,59.0,0,,,0,none,none
2025-12-11T08:25:56.200,19.3,59.1,0,,,0,none,none
2025-12-11T08:25:58.455,19.3,59.2,0,,,0,none,none
2025-12-11T08:26:00.710,19.3,59.4,0,,,0,none,none
2025-12-11T08:26:02.965,19.3,59.5,0,,,0,none,none
2025-12-11T08:26:05.220,19.3,60.0,0,,,0,none,none
2025-12-11T08:26:07.474,19.4,60.0,0,,,0,none,none
2025-12-11T08:26:09.729,19.3,59.9,0,,,0,none,none
2025-12-11T08:26:11.984,19.3,59.8,0,,,0,none,none
2025-12-11T08:26:14.239,19.4,59.8,0,,,0,none,none
2025-12-11T08:26:16.494,19.4,59.8,0,,,0,none,none
2025-12-11T08:26:18.748,19.4,59.8,0,,,0,none,none
2025-12-11T08:26:21.003,19.4,59.8,0,,,0,none,none
2025-12-11T08:26:23.258,19.4,59.8,0,,,0,none,none
2025-12-11T08:26:25.513,19.4,59.8,0,,,0,none,none
2025-12-11T08:26:27.768,19.4,59.8,0,,,0,none,none
2025-12-11T08:26:30.023,19.4,59.8,0,,,0,none,none
2025-12-11T08:26:32.277,19.4,59.8,0,,,0,none,none
2025-12-11T08:26:34.532,19.4,59.7,0,,,0,none,none
2025-12-11T08:26:36.787,19.4,59.6,0,,,0,none,none
2025-12-11T08:26:39.042,19.4,59.6,0,,,0,none,none
2025-12-11T08:26:41.297,19.5,59.6,0,,,0,none,none
2025-12-11T08:26:43.551,19.5,59.5,0,,,0,none,none
2025-12-11T08:26:45.806,19.5,59.5,0,,,0,none,none
2025-12-11T08:26:48.061,19.5,59.4,0,,,0,none,none
2025-12-11T08:26:50.316,19.5,59.4,0,,,0,none,none
2025-12-11T08:26:52.571,19.5,59.5,0,,,0,none,none
2025-12-11T08:26:54.825,19.5,59.4,0,,,0,none,none
2025-12-11T08:26:57.080,19.5,59.4,0,,,0,none,none
2025-12-11T08:26:59.335,19.5,59.5,0,,,0,none,none
2025-12-11T08:27:01.590,19.5,59.5,0,,,0,none,none
2025-12-11T08:27:03.844,19.5,59.4,0,,,0,none,none
2025-12-11T08:27:06.099,19.5,59.2,0,,,0,none,none
2025-12-11T08:27:08.354,19.5,59.0,0,,,0,none,none
2025-12-11T08:27:10.609,19.5,58.9,0,,,0,none,none
2025-12-11T08:27:12.864,19.5,58.8,0,,,0,none,none
2025-12-11T08:27:15.119,19.5,58.7,0,,,0,none,none
2025-12-11T08:27:17.373,19.5,58.7,0,,,0,none,none
2025-12-11T08:27:19.628,19.5,58.6,0,,,0,none,none
2025-12-11T08:27:21.883,19.5,58.6,0,,,0,none,none
2025-12-11T08:27:24.138,19.5,58.6,0,,,0,none,none
2025-12-11T08:27:26.393,19.6,58.6,0,,,0,none,none
2025-12-11T08:27:28.647,19.6,58.7,0,,,0,none,none
2025-12-11T08:27:30.902,19.6,58.6,0,,,0,none,none
2025-12-11T08:27:33.157,19.6,58.6,0,,,0,none,none
2025-12-11T08:27:35.411,19.6,58.7,0,,,0,none,none
2025-12-11T08:27:37.666,19.6,58.8,0,,,0,none,none
2025-12-11T08:27:39.921,19.6,58.8,0,,,0,none,none
2025-12-11T08:27:42.175,19.6,58.7,0,,,0,none,none
2025-12-11T08:27:44.430,19.6,58.8,0,,,0,none,none
2025-12-11T08:27:46.685,19.6,58.8,0,,,0,none,none
2025-12-11T08:27:48.940,19.6,58.8,0,,,0,none,none
2025-12-11T08:27:51.195,19.6,58.8,0,,,0,none,none
2025-12-11T08:27:53.449,19.6,58.9,0,,,0,none,none
2025-12-11T08:27:55.704,19.6,58.9,0,,,0,none,none
2025-12-11T08:27:57.959,19.6,58.9,0,,,0,none,none
2025-12-11T08:28:00.214,19.6,58.9,0,,,0,none,none
2025-12-11T08:28:02.469,19.6,58.8,0,,,0,none,none
2025-12-11T08:28:04.723,19.6,58.8,0,,,0,none,none
2025-12-11T08:28:06.978,19.6,58.9,0,,,0,none,none
2025-12-11T08:28:09.233,19.6,58.9,0,,,0,none,none
2025-12-11T08:28:11.488,19.6,58.9,0,,,0,none,none
2025-12-11T08:28:13.743,19.6,58.9,0,,,0,none,none
2025-12-11T08:28:15.997,19.6,59.1,0,,,0,none,none
2025-12-11T08:28:18.252,19.6,59.3,0,,,0,none,none
2025-12-11T08:28:20.507,19.6,59.3,0,,,0,none,none
2025-12-11T08:28:22.761,19.6,59.3,0,,,0,none,none
2025-12-11T08:28:25.016,19.6,59.4,0,,,0,none,none
2025-12-11T08:28:27.271,19.6,59.4,0,,,0,none,none
2025-12-11T08:28:29.526,19.6,59.5,0,,,0,none,none
2025-12-11T08:28:31.781,19.6,59.6,0,,,0,none,none
2025-12-11T08:28:34.036,19.6,59.6,0,,,0,none,none
2025-12-11T08:28:36.291,19.6,59.6,0,,,0,none,none
2025-12-11T08:28:38.545,19.6,59.6,0,,,0,none,none
2025-12-11T08:28:40.800,19.6,59.4,0,,,0,none,none
2025-12-11T08:28:43.055,19.6,59.3,0,,,0,none,none
2025-12-11T08:28:45.310,19.6,59.3,0,,,0,none,none
2025-12-11T08:28:47.565,19.6,59.2,0,,,0,none,none
2025-12-11T08:28:49.819,19.6,59.2,0,,,0,none,none
2025-12-11T08:28:52.074,19.6,59.2,0,,,0,none,none
2025-12-11T08:28:54.329,19.6,59.3,0,,,0,none,none
2025-12-11T08:28:56.584,19.6,59.3,0,,,0,none,none
2025-12-11T08:28:58.839,19.6,59.3,0,,,0,none,none
2025-12-11T08:29:01.093,19.6,59.2,0,,,0,none,none
2025-12-11T08:29:03.348,19.6,59.0,0,,,0,none,none
2025-12-11T08:29:05.603,19.6,59.0,0,,,0,none,none
2025-12-11T08:29:07.858,19.6,58.9,0,,,0,none,none
2025-12-11T08:29:10.113,19.6,58.9,0,,,0,none,none
2025-12-11T08:29:12.367,19.6,58.8,0,,,0,none,none
2025-12-11T08:29:14.622,19.6,58.9,0,,,0,none,none
2025-12-11T08:29:16.877,19.6,58.9,0,,,0,none,none
2025-12-11T08:29:19.131,19.6,58.9,0,,,0,none,none
2025-12-11T08:29:21.386,19.6,58.9,0,,,0,none,none
2025-12-11T08:29:23.641,19.6,58.9,0,,,0,none,none
2025-12-11T08:29:25.896,19.6,58.9,0,,,0,none,none
2025-12-11T08:29:28.150,19.6,58.9,0,,,0,none,none
2025-12-11T08:29:30.405,19.6,58.8,0,,,0,none,none
2025-12-11T08:29:32.660,19.6,58.8,0,,,0,none,none
2025-12-11T08:29:34.915,19.6,58.7,0,,,0,none,none
2025-12-11T08:29:37.170,19.6,58.6,0,,,0,none,none
2025-12-11T08:29:39.424,19.6,58.6,0,,,0,none,none
2025-12-11T08:29:41.679,19.6,58.8,0,,,0,none,none
2025-12-11T08:29:43.934,19.6,58.8,0,,,0,none,none
2025-12-11T08:29:46.189,19.6,58.9,0,,,0,none,none
2025-12-11T08:29:48.444,19.6,58.8,0,,,0,none,none
2025-12-11T08:29:50.698,19.6,58.8,0,,,0,none,none
2025-12-11T08:29:52.953,19.6,58.6,0,,,0,none,none
2025-12-11T08:29:55.208,19.6,58.5,0,,,0,none,none
2025-12-11T08:29:57.463,19.6,58.4,0,,,0,none,none
2025-12-11T08:29:59.718,19.5,58.2,0,,,0,none,none
2025-12-11T08:30:01.972,19.6,58.4,0,,,0,none,none
2025-12-11T08:30:04.227,19.6,58.4,0,,,0,none,none
2025-12-11T08:30:06.482,19.6,58.4,0,,,0,none,none
2025-12-11T08:30:08.737,19.6,58.4,0,,,0,none,none
2025-12-11T08:30:10.991,19.6,58.3,0,,,0,none,none
2025-12-11T08:30:13.246,19.6,58.3,0,,,0,none,none
2025-12-11T08:30:15.501,19.6,58.3,0,,,0,none,none
2025-12-11T08:30:17.755,19.6,58.4,0,,,0,none,none
2025-12-11T08:30:20.010,19.6,58.4,0,,,0,none,none
2025-12-11T08:30:22.265,19.6,58.4,0,,,0,none,none
2025-12-11T08:30:24.520,19.5,58.4,0,,,0,none,none
2025-12-11T08:30:26.775,19.6,58.5,0,,,0,none,none
2025-12-11T08:30:29.030,19.6,58.4,0,,,0,none,none
2025-12-11T08:30:31.284,19.6,58.5,0,,,0,none,none
2025-12-11T08:30:33.539,19.6,58.4,0,,,0,none,none
2025-12-11T08:30:35.794,19.6,58.4,0,,,0,none,none
2025-12-11T08:30:38.049,19.6,58.3,0,,,0,none,none
2025-12-11T08:30:40.304,19.6,58.3,0,,,0,none,none
2025-12-11T08:30:42.559,19.5,58.3,0,,,0,none,none
2025-12-11T08:30:44.813,19.6,58.3,0,,,0,none,none
2025-12-11T08:30:47.067,19.6,58.4,0,,,0,none,none
2025-12-11T08:30:49.322,19.5,58.5,0,,,0,none,none
2025-12-11T08:30:51.577,19.5,58.4,0,,,0,none,none
2025-12-11T08:30:53.832,19.5,58.4,0,,,0,none,none
2025-12-11T08:30:56.087,19.5,58.4,0,,,0,none,none
2025-12-11T08:30:58.341,19.5,58.3,0,,,0,none,none
2025-12-11T08:31:00.596,19.5,58.2,0,,,0,none,none
2025-12-11T08:31:02.851,19.5,58.2,0,,,0,none,none
2025-12-11T08:31:05.106,19.5,58.1,0,,,0,none,none
2025-12-11T08:31:07.361,19.5,58.1,0,,,0,none,none
2025-12-11T08:31:09.616,19.5,58.1,0,,,0,none,none
2025-12-11T08:31:11.870,19.5,58.1,0,,,0,none,none
2025-12-11T08:31:14.125,19.5,58.0,0,,,0,none,none
2025-12-11T08:31:16.380,19.5,58.0,0,,,0,none,none
2025-12-11T08:31:18.635,19.5,58.0,0,,,0,none,none
2025-12-11T08:31:20.890,19.5,58.1,0,,,0,none,none
2025-12-11T08:31:23.144,19.5,58.2,0,,,0,none,none
2025-12-11T08:31:25.399,19.5,58.2,0,,,0,none,none
2025-12-11T08:31:27.654,19.5,58.2,0,,,0,none,none
2025-12-11T08:31:29.909,19.5,58.2,0,,,0,none,none
2025-12-11T08:31:32.164,19.5,58.4,0,,,0,none,none
2025-12-11T08:31:34.418,19.5,58.4,0,,,0,none,none
2025-12-11T08:31:36.673,19.6,58.6,0,,,0,none,none
2025-12-11T08:31:38.928,19.5,58.4,0,,,0,none,none
2025-12-11T08:31:41.183,19.5,58.4,0,,,0,none,none
2025-12-11T08:31:43.437,19.5,58.4,0,,,0,none,none
2025-12-11T08:31:45.692,19.5,58.4,0,,,0,none,none
2025-12-11T08:31:47.947,19.5,58.4,0,,,0,none,none
2025-12-11T08:31:50.202,19.5,58.4,0,,,0,none,none
2025-12-11T08:31:52.456,19.5,58.4,0,,,0,none,none
2025-12-11T08:31:54.711,19.4,58.3,0,,,0,none,none
2025-12-11T08:31:56.966,19.5,58.2,0,,,0,none,none
2025-12-11T08:31:59.221,19.5,58.2,0,,,0,none,none
2025-12-11T08:32:01.476,19.5,58.2,0,,,0,none,none
2025-12-11T08:32:03.731,19.5,58.2,0,,,0,none,none
2025-12-11T08:32:05.985,19.5,58.2,0,,,0,none,none
2025-12-11T08:32:08.240,19.5,58.1,0,,,0,none,none
2025-12-11T08:32:10.495,19.5,58.1,0,,,0,none,none
2025-12-11T08:32:12.750,19.5,58.1,0,,,0,none,none
2025-12-11T08:32:15.004,19.5,58.1,0,,,0,none,none
2025-12-11T08:32:17.259,19.5,58.2,0,,,0,none,none
2025-12-11T08:32:19.514,19.5,58.1,0,,,0,none,none
2025-12-11T08:32:21.769,19.5,58.1,0,,,0,none,none
2025-12-11T08:32:24.024,19.5,58.2,0,,,0,none,none
2025-12-11T08:32:26.278,19.5,58.2,0,,,0,none,none
2025-12-11T08:32:28.533,19.5,58.1,0,,,0,none,none
2025-12-11T08:32:30.788,19.5,58.1,0,,,0,none,none
2025-12-11T08:32:33.043,19.5,58.1,0,,,0,none,none
2025-12-11T08:32:35.298,19.5,58.1,0,,,0,none,none
2025-12-11T08:32:37.553,19.5,58.1,0,,,0,none,none
2025-12-11T08:32:39.807,19.5,58.1,0,,,0,none,none
2025-12-11T08:32:42.062,19.5,58.1,0,,,0,none,none
2025-12-11T08:32:44.316,19.5,58.1,0,,,0,none,none
2025-12-11T08:32:46.571,19.5,58.1,0,,,0,none,none
2025-12-11T08:32:48.826,19.5,58.1,0,,,0,none,none
2025-12-11T08:32:51.080,19.5,58.1,0,,,0,none,none
2025-12-11T08:32:53.339,19.5,58.1,0,,,0,none,none
2025-12-11T08:32:55.599,19.5,58.1,0,,,0,none,none
2025-12-11T08:32:57.859,19.5,58.2,0,,,0,none,none
2025-12-11T08:33:00.114,19.4,58.1,0,,,0,none,none
2025-12-11T08:33:02.368,19.5,58.2,0,,,0,none,none
2025-12-11T08:33:04.627,19.5,58.2,0,,,0,none,none
2025-12-11T08:33:06.881,19.4,58.2,0,,,0,none,none
2025-12-11T08:33:09.139,19.5,58.2,0,,,0,none,none
2025-12-11T08:33:11.394,19.4,58.1,0,,,0,none,none
2025-12-11T08:33:13.648,19.4,58.2,0,,,0,none,none
2025-12-11T08:33:15.907,19.4,58.2,0,,,0,none,none
2025-12-11T08:33:18.162,19.4,58.2,0,,,0,none,none
2025-12-11T08:33:20.419,19.4,58.2,0,,,0,none,none
2025-12-11T08:33:22.679,19.4,58.2,0,,,0,none,none
2025-12-11T08:33:24.934,19.4,58.2,0,,,0,none,none
2025-12-11T08:33:27.188,19.4,58.3,0,,,0,none,none
2025-12-11T08:33:29.447,19.4,58.3,0,,,0,none,none
2025-12-11T08:33:31.702,19.4,58.2,0,,,0,none,none
2025-12-11T08:33:33.959,19.4,58.2,0,,,0,none,none
2025-12-11T08:33:36.214,19.4,58.3,0,,,0,none,none
2025-12-11T08:33:38.468,19.5,58.5,0,,,0,none,none
2025-12-11T08:33:40.722,19.4,58.4,0,,,0,none,none
2025-12-11T08:33:42.979,19.4,58.5,0,,,0,none,none
2025-12-11T08:33:45.234,19.4,58.6,0,,,0,none,none
2025-12-11T08:33:47.491,19.4,58.7,0,,,0,none,none
2025-12-11T08:33:49.751,19.4,58.7,0,,,0,none,none
2025-12-11T08:33:52.011,19.4,58.8,0,,,0,none,none
2025-12-11T08:33:54.266,19.4,58.9,0,,,0,none,none
2025-12-11T08:33:56.523,19.4,58.8,0,,,0,none,none
2025-12-11T08:33:58.778,19.4,58.8,0,,,0,none,none
2025-12-11T08:34:01.032,19.4,58.7,0,,,0,none,none
2025-12-11T08:34:03.287,19.4,58.6,0,,,0,none,none
2025-12-11T08:34:05.547,19.4,58.7,0,,,0,none,none
2025-12-11T08:34:07.807,19.4,58.7,0,,,0,none,none
2025-12-11T08:34:10.067,19.4,58.8,0,,,0,none,none
2025-12-11T08:34:12.327,19.4,58.7,0,,,0,none,none
2025-12-11T08:34:14.587,19.4,58.7,0,,,0,none,none
2025-12-11T08:34:16.847,19.4,58.7,0,,,0,none,none
2025-12-11T08:34:19.107,19.4,58.6,0,,,0,none,none
2025-12-11T08:34:21.362,19.4,58.5,0,,,0,none,none
2025-12-11T08:34:23.616,19.4,58.5,0,,,0,none,none
2025-12-11T08:34:25.875,19.4,58.4,0,,,0,none,none
2025-12-11T08:34:28.130,19.4,58.3,0,,,0,none,none
2025-12-11T08:34:30.384,19.4,58.4,0,,,0,none,none
2025-12-11T08:34:32.639,19.4,58.6,0,,,0,none,none
2025-12-11T08:34:34.895,19.4,58.6,0,,,0,none,none
2025-12-11T08:34:37.155,19.4,58.7,0,,,0,none,none
2025-12-11T08:34:39.415,19.4,58.7,0,,,0,none,none
2025-12-11T08:34:41.669,19.4,58.8,0,,,0,none,none
2025-12-11T08:34:43.924,19.4,58.7,0,,,0,none,none
2025-12-11T08:34:46.179,19.4,58.8,0,,,0,none,none
2025-12-11T08:34:48.434,19.4,58.9,0,,,0,none,none
2025-12-11T08:34:50.688,19.4,58.9,0,,,0,none,none
2025-12-11T08:34:52.947,19.4,59.0,0,,,0,none,none
2025-12-11T08:34:55.207,19.4,59.0,0,,,0,none,none
2025-12-11T08:34:57.462,19.4,59.0,0,,,0,none,none
2025-12-11T08:34:59.716,19.4,59.1,0,,,0,none,none
2025-12-11T08:35:01.975,19.4,59.0,0,,,0,none,none
2025-12-11T08:35:04.235,19.4,58.8,0,,,0,none,none
2025-12-11T08:35:06.495,19.4,58.8,0,,,0,none,none
2025-12-11T08:35:08.755,19.4,58.7,0,,,0,none,none
2025-12-11T08:35:11.010,19.3,58.7,0,,,0,none,none
2025-12-11T08:35:13.267,19.4,58.8,0,,,0,none,none
2025-12-11T08:35:15.527,19.4,58.7,0,,,0,none,none
2025-12-11T08:35:17.782,19.4,58.7,0,,,0,none,none
2025-12-11T08:35:20.039,19.4,58.6,0,,,0,none,none
2025-12-11T08:35:22.299,19.4,58.6,0,,,0,none,none
2025-12-11T08:35:24.559,19.4,58.6,0,,,0,none,none
2025-12-11T08:35:26.819,19.4,58.7,0,,,0,none,none
2025-12-11T08:35:29.074,19.4,58.8,0,,,0,none,none
2025-12-11T08:35:31.331,19.4,58.8,0,,,0,none,none
2025-12-11T08:35:33.589,19.4,58.8,0,,,0,none,none
2025-12-11T08:35:35.847,19.4,58.8,0,,,0,none,none
2025-12-11T08:35:38.107,19.4,58.7,0,,,0,none,none
2025-12-11T08:35:40.367,19.4,58.7,0,,,0,none,none
2025-12-11T08:35:42.621,19.3,58.6,0,,,0,none,none
2025-12-11T08:35:44.879,19.4,58.6,0,,,0,none,none
2025-12-11T08:35:47.135,19.4,58.6,0,,,0,none,none
2025-12-11T08:35:49.390,19.4,58.6,0,,,0,none,none
2025-12-11T08:35:51.644,19.4,58.7,0,,,0,none,none
2025-12-11T08:35:53.899,19.4,58.8,0,,,0,none,none
2025-12-11T08:35:56.153,19.4,58.8,0,,,0,none,none
2025-12-11T08:35:58.411,19.4,58.8,0,,,0,none,none
2025-12-11T08:36:00.666,19.4,58.8,0,,,0,none,none
2025-12-11T08:36:02.923,19.3,58.8,0,,,0,none,none
2025-12-11T08:36:05.178,19.4,58.9,0,,,0,none,none
2025-12-11T08:36:07.435,19.4,58.8,0,,,0,none,none
2025-12-11T08:36:09.695,19.4,58.8,0,,,0,none,none
2025-12-11T08:36:11.955,19.4,58.7,0,,,0,none,none
2025-12-11T08:36:14.215,19.3,58.6,0,,,0,none,none
2025-12-11T08:36:16.470,19.3,58.5,0,,,0,none,none
2025-12-11T08:36:18.727,19.3,58.5,0,,,0,none,none
2025-12-11T08:36:20.987,19.4,58.6,0,,,0,none,none
2025-12-11T08:36:23.247,19.4,58.7,0,,,0,none,none
2025-12-11T08:36:25.502,19.3,58.7,0,,,0,none,none
2025-12-11T08:36:27.759,19.4,58.8,0,,,0,none,none
2025-12-11T08:36:30.014,19.3,58.8,0,,,0,none,none
2025-12-11T08:36:32.271,19.4,58.8,0,,,0,none,none
2025-12-11T08:36:34.531,19.4,58.8,0,,,0,none,none
2025-12-11T08:36:36.785,19.3,58.8,0,,,0,none,none
2025-12-11T08:36:39.040,19.4,58.8,0,,,0,none,none
2025-12-11T08:36:41.299,19.3,58.8,0,,,0,none,none
2025-12-11T08:36:43.553,19.3,58.7,0,,,0,none,none
2025-12-11T08:36:45.808,19.3,58.7,0,,,0,none,none
2025-12-11T08:36:48.063,19.3,58.8,0,,,0,none,none
2025-12-11T08:36:50.319,19.3,58.8,0,,,0,none,none
2025-12-11T08:36:52.574,19.3,58.8,0,,,0,none,none
2025-12-11T08:36:54.831,19.3,58.8,0,,,0,none,none
2025-12-11T08:36:57.086,19.3,58.9,0,,,0,none,none
2025-12-11T08:36:59.341,19.4,59.0,0,,,0,none,none
2025-12-11T08:37:01.596,19.3,58.8,0,,,0,none,none
2025-12-11T08:37:03.851,19.3,58.8,0,,,0,none,none
2025-12-11T08:37:06.106,19.3,58.8,0,,,0,none,none
2025-12-11T08:37:08.360,19.3,58.7,0,,,0,none,none
2025-12-11T08:37:10.615,19.3,58.6,0,,,0,none,none
2025-12-11T08:37:12.870,19.3,58.6,0,,,0,none,none
2025-12-11T08:37:15.125,19.4,58.7,0,,,0,none,none
2025-12-11T08:37:17.380,19.3,58.7,0,,,0,none,none
2025-12-11T08:37:19.634,19.3,58.8,0,,,0,none,none
2025-12-11T08:37:21.889,19.3,58.8,0,,,0,none,none
2025-12-11T08:37:24.144,19.3,58.9,0,,,0,none,none
2025-12-11T08:37:26.399,19.3,59.0,0,,,0,none,none
2025-12-11T08:37:28.654,19.3,59.0,0,,,0,none,none
2025-12-11T08:37:30.908,19.3,59.0,0,,,0,none,none
2025-12-11T08:37:33.163,19.3,58.9,0,,,0,none,none
2025-12-11T08:37:35.423,19.3,58.9,0,,,0,none,none
2025-12-11T08:37:37.677,19.3,58.9,0,,,0,none,none
2025-12-11T08:37:39.935,19.3,58.8,0,,,0,none,none
2025-12-11T08:37:42.195,19.3,58.7,0,,,0,none,none
2025-12-11T08:37:44.450,19.3,58.6,0,,,0,none,none
2025-12-11T08:37:46.707,19.3,58.6,0,,,0,none,none
2025-12-11T08:37:48.967,19.3,58.6,0,,,0,none,none
2025-12-11T08:37:51.227,19.3,58.5,0,,,0,none,none
2025-12-11T08:37:53.487,19.3,58.5,0,,,0,none,none
2025-12-11T08:37:55.747,19.3,58.5,0,,,0,none,none
2025-12-11T08:37:58.003,19.3,58.5,0,,,0,none,none
2025-12-11T08:38:00.259,19.3,58.5,0,,,0,none,none
2025-12-11T08:38:02.514,19.3,58.6,0,,,0,none,none
2025-12-11T08:38:04.771,19.3,58.5,0,,,0,none,none
2025-12-11T08:38:07.026,19.3,58.6,0,,,0,none,none
2025-12-11T08:38:09.281,19.3,58.6,0,,,0,none,none
2025-12-11T08:38:11.536,19.3,58.6,0,,,0,none,none
2025-12-11T08:38:13.791,19.3,58.6,0,,,0,none,none
2025-12-11T08:38:16.045,19.3,58.7,0,,,0,none,none
2025-12-11T08:38:18.300,19.3,58.7,0,,,0,none,none
2025-12-11T08:38:20.555,19.3,58.6,0,,,0,none,none
2025-12-11T08:38:22.810,19.3,58.6,0,,,0,none,none
2025-12-11T08:38:25.064,19.3,58.7,0,,,0,none,none
2025-12-11T08:38:27.319,19.3,58.8,0,,,0,none,none
2025-12-11T08:38:29.574,19.3,58.9,0,,,0,none,none
2025-12-11T08:38:31.829,19.3,58.9,0,,,0,none,none
2025-12-11T08:38:34.084,19.3,58.8,0,,,0,none,none
2025-12-11T08:38:36.338,19.3,58.7,0,,,0,none,none
2025-12-11T08:38:38.593,19.3,58.6,0,,,0,none,none
2025-12-11T08:38:40.848,19.3,58.6,0,,,0,none,none
2025-12-11T08:38:43.102,19.3,58.5,0,,,0,none,none
2025-12-11T08:38:45.357,19.3,58.6,0,,,0,none,none
2025-12-11T08:38:47.612,19.3,58.7,0,,,0,none,none
2025-12-11T08:38:49.867,19.3,58.7,0,,,0,none,none
2025-12-11T08:38:52.122,19.3,58.8,0,,,0,none,none
2025-12-11T08:38:54.376,19.3,58.8,0,,,0,none,none
2025-12-11T08:38:56.631,19.3,58.9,0,,,0,none,none
2025-12-11T08:38:58.886,19.3,58.9,0,,,0,none,none
2025-12-11T08:39:01.141,19.3,59.0,0,,,0,none,none
2025-12-11T08:39:03.396,19.3,59.0,0,,,0,none,none
2025-12-11T08:39:05.650,19.3,59.0,0,,,0,none,none
2025-12-11T08:39:07.905,19.3,58.9,0,,,0,none,none
2025-12-11T08:39:10.160,19.3,58.9,0,,,0,none,none
2025-12-11T08:39:12.415,19.3,58.9,0,,,0,none,none
2025-12-11T08:39:14.670,19.3,58.9,0,,,0,none,none
2025-12-11T08:39:16.924,19.3,58.9,0,,,0,none,none
2025-12-11T08:39:19.179,19.3,58.9,0,,,0,none,none
2025-12-11T08:39:21.434,19.3,58.9,0,,,0,none,none
2025-12-11T08:39:23.689,19.3,59.0,0,,,0,none,none
2025-12-11T08:39:25.944,19.3,59.0,0,,,0,none,none
2025-12-11T08:39:28.198,19.3,59.0,0,,,0,none,none
2025-12-11T08:39:30.453,19.3,59.0,0,,,0,none,none
2025-12-11T08:39:32.708,19.3,59.0,0,,,0,none,none
2025-12-11T08:39:34.963,19.3,59.1,0,,,0,none,none
2025-12-11T08:39:37.218,19.3,59.2,0,,,0,none,none
2025-12-11T08:39:39.472,19.3,59.2,0,,,0,none,none
2025-12-11T08:39:41.727,19.3,59.1,0,,,0,none,none
2025-12-11T08:39:43.982,19.3,59.1,0,,,0,none,none
2025-12-11T08:39:46.236,19.3,59.0,0,,,0,none,none
2025-12-11T08:39:48.491,19.3,59.0,0,,,0,none,none
2025-12-11T08:39:50.746,19.3,59.0,0,,,0,none,none
2025-12-11T08:39:53.001,19.3,58.9,0,,,0,none,none
2025-12-11T08:39:55.256,19.3,58.9,0,,,0,none,none
2025-12-11T08:39:57.510,19.3,59.0,0,,,0,none,none
2025-12-11T08:39:59.765,19.3,59.0,0,,,0,none,none
2025-12-11T08:40:02.020,19.3,59.0,0,,,0,none,none
2025-12-11T08:40:04.275,19.3,59.1,0,,,0,none,none
2025-12-11T08:40:06.529,19.3,59.1,0,,,0,none,none
2025-12-11T08:40:08.784,19.3,59.1,0,,,0,none,none
2025-12-11T08:40:11.039,19.3,59.1,0,,,0,none,none
2025-12-11T08:40:13.294,19.3,59.2,0,,,0,none,none
2025-12-11T08:40:15.548,19.3,59.3,0,,,0,none,none
2025-12-11T08:40:17.803,19.3,59.3,0,,,0,none,none
2025-12-11T08:40:20.058,19.3,59.3,0,,,0,none,none
2025-12-11T08:40:22.313,19.3,59.3,0,,,0,none,none
2025-12-11T08:40:24.568,19.3,59.3,0,,,0,none,none
2025-12-11T08:40:26.822,19.3,59.3,0,,,0,none,none
2025-12-11T08:40:29.077,19.3,59.3,0,,,0,none,none
2025-12-11T08:40:31.332,19.3,59.3,0,,,0,none,none
2025-12-11T08:40:33.587,19.3,59.3,0,,,0,none,none
2025-12-11T08:40:35.842,19.3,59.3,0,,,0,none,none
2025-12-11T08:40:38.096,19.3,59.3,0,,,0,none,none
2025-12-11T08:40:40.351,19.3,59.2,0,,,0,none,none
2025-12-11T08:40:42.606,19.3,59.2,0,,,0,none,none
2025-12-11T08:40:44.860,19.3,59.2,0,,,0,none,none
2025-12-11T08:40:47.115,19.3,59.2,0,,,0,none,none
2025-12-11T08:40:49.370,19.3,59.1,0,,,0,none,none
2025-12-11T08:40:51.625,19.3,59.2,0,,,0,none,none
2025-12-11T08:40:53.879,19.3,59.1,0,,,0,none,none
2025-12-11T08:40:56.134,19.3,59.1,0,,,0,none,none
2025-12-11T08:40:58.389,19.3,59.2,0,,,0,none,none
2025-12-11T08:41:00.644,19.3,59.2,0,,,0,none,none
2025-12-11T08:41:02.899,19.3,59.2,0,,,0,none,none
2025-12-11T08:41:05.153,19.3,59.2,0,,,0,none,none
2025-12-11T08:41:07.408,19.3,59.2,0,,,0,none,none
2025-12-11T08:41:09.663,19.3,59.2,0,,,0,none,none
2025-12-11T08:41:11.918,19.3,59.2,0,,,0,none,none
2025-12-11T08:41:14.172,19.3,59.3,0,,,0,none,none
2025-12-11T08:41:16.427,19.3,59.3,0,,,0,none,none
2025-12-11T08:41:18.682,19.3,59.3,0,,,0,none,none
2025-12-11T08:41:20.937,19.3,59.4,0,,,0,none,none
2025-12-11T08:41:23.192,19.3,59.4,0,,,0,none,none
2025-12-11T08:41:25.446,19.3,59.4,0,,,0,none,none
2025-12-11T08:41:27.701,19.3,59.4,0,,,0,none,none
2025-12-11T08:41:29.956,19.3,59.4,0,,,0,none,none
2025-12-11T08:41:32.211,19.3,59.4,0,,,0,none,none
2025-12-11T08:41:34.465,19.3,59.5,0,,,0,none,none
2025-12-11T08:41:36.720,19.3,59.6,0,,,0,none,none
2025-12-11T08:41:38.975,19.3,59.5,0,,,0,none,none
2025-12-11T08:41:41.230,19.3,59.4,0,,,0,none,none
2025-12-11T08:41:43.485,19.3,59.5,0,,,0,none,none
2025-12-11T08:41:45.739,19.3,59.5,0,,,0,none,none
2025-12-11T08:41:47.994,19.4,59.5,0,,,0,none,none
2025-12-11T08:41:50.249,19.4,59.5,0,,,0,none,none
2025-12-11T08:41:52.504,19.3,59.4,0,,,0,none,none
2025-12-11T08:41:54.758,19.3,59.3,0,,,0,none,none
2025-12-11T08:41:57.013,19.3,59.3,0,,,0,none,none
2025-12-11T08:41:59.268,19.3,59.2,0,,,0,none,none
2025-12-11T08:42:01.523,19.3,59.2,0,,,0,none,none
2025-12-11T08:42:03.777,19.3,59.3,0,,,0,none,none
2025-12-11T08:42:06.032,19.3,59.3,0,,,0,none,none
2025-12-11T08:42:08.291,19.3,59.4,0,,,0,none,none
2025-12-11T08:42:10.552,19.3,59.4,0,,,0,none,none
2025-12-11T08:42:12.806,19.3,59.4,0,,,0,none,none
2025-12-11T08:42:15.061,19.3,59.4,0,,,0,none,none
2025-12-11T08:42:17.316,19.3,59.3,0,,,0,none,none
2025-12-11T08:42:19.571,19.3,59.3,0,,,0,none,none
2025-12-11T08:42:21.826,19.3,59.3,0,,,0,none,none
2025-12-11T08:42:24.081,19.3,59.3,0,,,0,none,none
2025-12-11T08:42:26.335,19.3,59.2,0,,,0,none,none
2025-12-11T08:42:28.590,19.3,59.1,0,,,0,none,none
2025-12-11T08:42:30.845,19.3,59.0,0,,,0,none,none
2025-12-11T08:42:33.099,19.3,59.0,0,,,0,none,none
2025-12-11T08:42:35.354,19.3,59.0,0,,,0,none,none
2025-12-11T08:42:37.609,19.3,59.0,0,,,0,none,none
2025-12-11T08:42:39.864,19.3,59.0,0,,,0,none,none
2025-12-11T08:42:42.118,19.3,59.0,0,,,0,none,none
2025-12-11T08:42:44.373,19.3,59.0,0,,,0,none,none
2025-12-11T08:42:46.628,19.3,59.0,0,,,0,none,none
2025-12-11T08:42:48.883,19.3,59.0,0,,,0,none,none
2025-12-11T08:42:51.138,19.3,59.0,0,,,0,none,none
2025-12-11T08:42:53.393,19.3,59.0,0,,,0,none,none
2025-12-11T08:42:55.647,19.3,59.2,0,,,0,none,none
2025-12-11T08:42:57.902,19.3,59.3,0,,,0,none,none
2025-12-11T08:43:00.157,19.3,59.3,0,,,0,none,none
2025-12-11T08:43:02.412,19.3,59.2,0,,,0,none,none
2025-12-11T08:43:04.667,19.3,59.3,0,,,0,none,none
2025-12-11T08:43:06.921,19.3,59.3,0,,,0,none,none
2025-12-11T08:43:09.176,19.3,59.3,0,,,0,none,none
2025-12-11T08:43:11.431,19.3,59.3,0,,,0,none,none
2025-12-11T08:43:13.686,19.3,59.4,0,,,0,none,none
2025-12-11T08:43:15.940,19.3,59.4,0,,,0,none,none
2025-12-11T08:43:18.195,19.3,59.4,0,,,0,none,none
2025-12-11T08:43:20.450,19.3,59.4,0,,,0,none,none
2025-12-11T08:43:22.705,19.3,59.4,0,,,0,none,none
2025-12-11T08:43:24.959,19.3,59.2,0,,,0,none,none
2025-12-11T08:43:27.214,19.3,59.2,0,,,0,none,none
2025-12-11T08:43:29.471,19.3,59.3,0,,,0,none,none
2025-12-11T08:43:31.726,19.3,59.3,0,,,0,none,none
2025-12-11T08:43:33.980,19.3,59.3,0,,,0,none,none
2025-12-11T08:43:36.234,19.3,59.3,0,,,0,none,none
2025-12-11T08:43:38.489,19.3,59.3,0,,,0,none,none
2025-12-11T08:43:40.747,19.3,59.3,0,,,0,none,none
2025-12-11T08:43:43.007,19.3,59.3,0,,,0,none,none
2025-12-11T08:43:45.267,19.3,59.3,0,,,0,none,none
2025-12-11T08:43:47.527,19.3,59.3,0,,,0,none,none
2025-12-11T08:43:49.787,19.3,59.2,0,,,0,none,none
2025-12-11T08:43:52.047,19.3,59.2,0,,,0,none,none
2025-12-11T08:43:54.302,19.3,59.2,0,,,0,none,none
2025-12-11T08:43:56.556,19.3,59.2,0,,,0,none,none
2025-12-11T08:43:58.815,19.3,59.2,0,,,0,none,none
2025-12-11T08:44:01.070,19.3,59.3,0,,,0,none,none
2025-12-11T08:44:03.324,19.3,59.3,0,,,0,none,none
2025-12-11T08:44:05.583,19.3,59.2,0,,,0,none,none
2025-12-11T08:44:07.838,19.3,59.3,0,,,0,none,none
2025-12-11T08:44:10.095,19.3,59.3,0,,,0,none,none
2025-12-11T08:44:12.355,19.3,59.2,0,,,0,none,none
2025-12-11T08:44:14.615,19.3,59.2,0,,,0,none,none
2025-12-11T08:44:16.869,19.3,59.1,0,,,0,none,none
2025-12-11T08:44:19.124,19.3,59.0,0,,,0,none,none
2025-12-11T08:44:21.383,19.3,59.0,0,,,0,none,none
2025-12-11T08:44:23.643,19.3,58.9,0,,,0,none,none
2025-12-11T08:44:25.903,19.4,59.0,0,,,0,none,none
2025-12-11T08:44:28.159,19.3,59.0,0,,,0,none,none
2025-12-11T08:44:30.419,19.3,59.2,0,,,0,none,none
2025-12-11T08:44:32.679,19.3,59.2,0,,,0,none,none
2025-12-11T08:44:34.939,19.3,59.3,0,,,0,none,none
2025-12-11T08:44:37.194,19.3,59.3,0,,,0,none,none
2025-12-11T08:44:39.451,19.3,59.3,0,,,0,none,none
2025-12-11T08:44:41.706,19.3,59.3,0,,,0,none,none
2025-12-11T08:44:43.960,19.3,59.2,0,,,0,none,none
2025-12-11T08:44:46.215,19.3,59.2,0,,,0,none,none
2025-12-11T08:44:48.469,19.3,59.1,0,,,0,none,none
2025-12-11T08:44:50.723,19.3,59.1,0,,,0,none,none
2025-12-11T08:44:52.978,19.3,59.2,0,,,0,none,none
2025-12-11T08:44:55.232,19.3,59.1,0,,,0,none,none
2025-12-11T08:44:57.487,19.3,59.2,0,,,0,none,none
2025-12-11T08:44:59.741,19.3,59.2,0,,,0,none,none
2025-12-11T08:45:02.001,19.3,59.2,0,,,0,none,none
2025-12-11T08:45:04.259,19.3,59.2,0,,,0,none,none
2025-12-11T08:45:06.514,19.3,59.3,0,,,0,none,none
2025-12-11T08:45:08.768,19.3,59.3,0,,,0,none,none
2025-12-11T08:45:11.023,19.3,59.3,0,,,0,none,none
2025-12-11T08:45:13.277,19.3,59.3,0,,,0,none,none
2025-12-11T08:45:15.532,19.3,59.4,0,,,0,none,none
2025-12-11T08:45:17.791,19.3,59.3,0,,,0,none,none
2025-12-11T08:45:20.046,19.3,59.3,0,,,0,none,none
2025-12-11T08:45:22.303,19.3,59.3,0,,,0,none,none
2025-12-11T08:45:24.563,19.3,59.2,0,,,0,none,none
2025-12-11T08:45:26.818,19.3,59.2,0,,,0,none,none
2025-12-11T08:45:29.072,19.3,59.2,0,,,0,none,none
2025-12-11T08:45:31.326,19.3,59.2,0,,,0,none,none
2025-12-11T08:45:33.583,19.3,59.2,0,,,0,none,none
2025-12-11T08:45:35.838,19.3,59.2,0,,,0,none,none
2025-12-11T08:45:38.095,19.3,59.0,0,,,0,none,none
2025-12-11T08:45:40.355,19.3,59.1,0,,,0,none,none
2025-12-11T08:45:42.615,19.3,59.2,0,,,0,none,none
2025-12-11T08:45:44.869,19.3,59.2,0,,,0,none,none
2025-12-11T08:45:47.124,19.3,59.2,0,,,0,none,none
2025-12-11T08:45:49.383,19.3,59.2,0,,,0,none,none
2025-12-11T08:45:51.643,19.3,59.3,0,,,0,none,none
2025-12-11T08:45:53.898,19.3,59.3,0,,,0,none,none
2025-12-11T08:45:56.155,19.3,59.3,0,,,0,none,none
2025-12-11T08:45:58.414,19.3,59.3,0,,,0,none,none
2025-12-11T08:46:00.671,19.3,59.3,0,,,0,none,none
2025-12-11T08:46:02.931,19.3,59.3,0,,,0,none,none
2025-12-11T08:46:05.186,19.3,59.2,0,,,0,none,none
2025-12-11T08:46:07.440,19.3,59.3,0,,,0,none,none
2025-12-11T08:46:09.695,19.3,59.3,0,,,0,none,none
2025-12-11T08:46:11.949,19.3,59.2,0,,,0,none,none
2025-12-11T08:46:14.207,19.3,59.2,0,,,0,none,none
2025-12-11T08:46:16.467,19.3,59.1,0,,,0,none,none
2025-12-11T08:46:18.727,19.3,59.1,0,,,0,none,none
2025-12-11T08:46:20.987,19.3,59.1,0,,,0,none,none
2025-12-11T08:46:23.247,19.3,59.1,0,,,0,none,none
2025-12-11T08:46:25.507,19.3,59.0,0,,,0,none,none
2025-12-11T08:46:27.767,19.3,59.0,0,,,0,none,none
2025-12-11T08:46:30.027,19.3,58.9,0,,,0,none,none
2025-12-11T08:46:32.282,19.3,58.9,0,,,0,none,none
2025-12-11T08:46:34.539,19.3,58.8,0,,,0,none,none
2025-12-11T08:46:36.799,19.3,58.9,0,,,0,none,none
2025-12-11T08:46:39.054,19.3,58.8,0,,,0,none,none
2025-12-11T08:46:41.311,19.3,58.8,0,,,0,none,none
2025-12-11T08:46:43.566,19.3,58.8,0,,,0,none,none
2025-12-11T08:46:45.820,19.3,58.8,0,,,0,none,none
2025-12-11T08:46:48.079,19.3,58.9,0,,,0,none,none
2025-12-11T08:46:50.339,19.3,59.0,0,,,0,none,none
2025-12-11T08:46:52.593,19.3,59.1,0,,,0,none,none
2025-12-11T08:46:54.848,19.3,59.0,0,,,0,none,none
2025-12-11T08:46:57.103,19.3,59.0,0,,,0,none,none
2025-12-11T08:46:59.359,19.3,59.1,0,,,0,none,none
2025-12-11T08:47:01.619,19.3,59.1,0,,,0,none,none
2025-12-11T08:47:03.879,19.3,59.1,0,,,0,none,none
2025-12-11T08:47:06.134,19.3,59.0,0,,,0,none,none
2025-12-11T08:47:08.388,19.3,59.1,0,,,0,none,none
2025-12-11T08:47:10.643,19.3,59.1,0,,,0,none,none
2025-12-11T08:47:12.899,19.3,59.1,0,,,0,none,none
2025-12-11T08:47:15.154,19.3,59.1,0,,,0,none,none
2025-12-11T08:47:17.408,19.3,59.2,0,,,0,none,none
2025-12-11T08:47:19.663,19.3,59.2,0,,,0,none,none
2025-12-11T08:47:21.917,19.3,59.3,0,,,0,none,none
2025-12-11T08:47:24.172,19.3,59.3,0,,,0,none,none
2025-12-11T08:47:26.431,19.3,59.4,0,,,0,none,none
2025-12-11T08:47:28.686,19.3,59.3,0,,,0,none,none
2025-12-11T08:47:30.940,19.3,59.2,0,,,0,none,none
2025-12-11T08:47:33.199,19.3,59.1,0,,,0,none,none
2025-12-11T08:47:35.459,19.3,59.0,0,,,0,none,none
2025-12-11T08:47:37.719,19.3,59.0,0,,,0,none,none
2025-12-11T08:47:39.979,19.3,59.0,0,,,0,none,none
2025-12-11T08:47:42.234,19.3,59.0,0,,,0,none,none
2025-12-11T08:47:44.488,19.3,59.0,0,,,0,none,none
2025-12-11T08:47:46.747,19.3,59.0,0,,,0,none,none
2025-12-11T08:47:49.007,19.3,59.0,0,,,0,none,none
2025-12-11T08:47:51.267,19.3,58.9,0,,,0,none,none
2025-12-11T08:47:53.527,19.3,58.9,0,,,0,none,none
2025-12-11T08:47:55.787,19.3,58.9,0,,,0,none,none
2025-12-11T08:47:58.042,19.3,58.8,0,,,0,none,none
2025-12-11T08:48:00.299,19.3,58.8,0,,,0,none,none
2025-12-11T08:48:02.554,19.3,58.8,0,,,0,none,none
2025-12-11T08:48:04.811,19.3,58.9,0,,,0,none,none
2025-12-11T08:48:07.071,19.3,58.9,0,,,0,none,none
2025-12-11T08:48:09.326,19.3,58.9,0,,,0,none,none
2025-12-11T08:48:11.581,19.3,58.8,0,,,0,none,none
2025-12-11T08:48:13.835,19.3,58.8,0,,,0,none,none
2025-12-11T08:48:16.090,19.3,58.8,0,,,0,none,none
2025-12-11T08:48:18.345,19.3,58.8,0,,,0,none,none
2025-12-11T08:48:20.600,19.3,58.9,0,,,0,none,none
2025-12-11T08:48:22.854,19.3,58.9,0,,,0,none,none
2025-12-11T08:48:25.109,19.3,59.0,0,,,0,none,none
2025-12-11T08:48:27.364,19.3,59.2,0,,,0,none,none
2025-12-11T08:48:29.619,19.3,59.2,0,,,0,none,none
2025-12-11T08:48:31.873,19.3,59.1,0,,,0,none,none
2025-12-11T08:48:34.128,19.3,59.1,0,,,0,none,none
2025-12-11T08:48:36.383,19.3,59.2,0,,,0,none,none
2025-12-11T08:48:38.638,19.2,59.2,0,,,0,none,none
2025-12-11T08:48:40.892,19.3,59.2,0,,,0,none,none
2025-12-11T08:48:43.147,19.3,59.2,0,,,0,none,none
2025-12-11T08:48:45.402,19.3,59.2,0,,,0,none,none
2025-12-11T08:48:47.657,19.3,59.3,0,,,0,none,none
2025-12-11T08:48:49.912,19.3,59.3,0,,,0,none,none
2025-12-11T08:48:52.166,19.3,59.3,0,,,0,none,none
2025-12-11T08:48:54.421,19.3,59.3,0,,,0,none,none
2025-12-11T08:48:56.676,19.3,59.4,0,,,0,none,none
2025-12-11T08:48:58.931,19.3,59.4,0,,,0,none,none
2025-12-11T08:49:01.185,19.3,59.5,0,,,0,none,none
2025-12-11T08:49:03.440,19.3,59.4,0,,,0,none,none
2025-12-11T08:49:05.694,19.3,59.4,0,,,0,none,none
2025-12-11T08:49:07.949,19.3,59.5,0,,,0,none,none
2025-12-11T08:49:10.204,19.3,59.6,0,,,0,none,none
2025-12-11T08:49:12.459,19.3,59.5,0,,,0,none,none
2025-12-11T08:49:14.713,19.3,59.4,0,,,0,none,none
2025-12-11T08:49:16.968,19.3,59.5,0,,,0,none,none
2025-12-11T08:49:19.223,19.3,59.4,0,,,0,none,none
2025-12-11T08:49:21.478,19.3,59.4,0,,,0,none,none
2025-12-11T08:49:23.733,19.3,59.4,0,,,0,none,none
2025-12-11T08:49:25.987,19.3,59.6,0,,,0,none,none
2025-12-11T08:49:28.242,19.3,59.6,0,,,0,none,none
2025-12-11T08:49:30.497,19.3,59.7,0,,,0,none,none
2025-12-11T08:49:32.751,19.3,59.6,0,,,0,none,none
2025-12-11T08:49:35.006,19.3,59.5,0,,,0,none,none
2025-12-11T08:49:37.261,19.3,59.4,0,,,0,none,none
2025-12-11T08:49:39.516,19.3,59.3,0,,,0,none,none
2025-12-11T08:49:41.770,19.3,59.3,0,,,0,none,none
2025-12-11T08:49:44.025,19.3,59.4,0,,,0,none,none
2025-12-11T08:49:46.280,19.3,59.4,0,,,0,none,none
2025-12-11T08:49:48.535,19.3,59.4,0,,,0,none,none
2025-12-11T08:49:50.789,19.3,59.5,0,,,0,none,none
2025-12-11T08:49:53.044,19.3,59.6,0,,,0,none,none
2025-12-11T08:49:55.299,19.3,59.6,0,,,0,none,none
2025-12-11T08:49:57.554,19.3,59.6,0,,,0,none,none
2025-12-11T08:49:59.809,19.3,59.6,0,,,0,none,none
2025-12-11T08:50:02.063,19.3,59.7,0,,,0,none,none
2025-12-11T08:50:04.317,19.3,59.6,0,,,0,none,none
2025-12-11T08:50:06.572,19.3,59.6,0,,,0,none,none
2025-12-11T08:50:08.826,19.3,59.6,0,,,0,none,none
2025-12-11T08:50:11.081,19.3,59.6,0,,,0,none,none
2025-12-11T08:50:13.336,19.3,59.6,0,,,0,none,none
2025-12-11T08:50:15.590,19.3,59.5,0,,,0,none,none
2025-12-11T08:50:17.845,19.3,59.5,0,,,0,none,none
2025-12-11T08:50:20.100,19.3,59.4,0,,,0,none,none
2025-12-11T08:50:22.354,19.3,59.4,0,,,0,none,none
2025-12-11T08:50:24.609,19.3,59.4,0,,,0,none,none
2025-12-11T08:50:26.864,19.2,59.3,0,,,0,none,none
2025-12-11T08:50:29.119,19.3,59.3,0,,,0,none,none
2025-12-11T08:50:31.373,19.3,59.3,0,,,0,none,none
2025-12-11T08:50:33.628,19.3,59.3,0,,,0,none,none
2025-12-11T08:50:35.883,19.3,59.3,0,,,0,none,none
2025-12-11T08:50:38.138,19.2,59.2,0,,,0,none,none
2025-12-11T08:50:40.392,19.3,59.3,0,,,0,none,none
2025-12-11T08:50:42.647,19.3,59.4,0,,,0,none,none
2025-12-11T08:50:44.902,19.3,59.4,0,,,0,none,none
2025-12-11T08:50:47.157,19.3,59.5,0,,,0,none,none
2025-12-11T08:50:49.411,19.3,59.5,0,,,0,none,none
2025-12-11T08:50:51.666,19.3,59.5,0,,,0,none,none
2025-12-11T08:50:53.921,19.3,59.4,0,,,0,none,none
2025-12-11T08:50:56.175,19.2,59.4,0,,,0,none,none
2025-12-11T08:50:58.430,19.3,59.4,0,,,0,none,none
2025-12-11T08:51:00.685,19.3,59.5,0,,,0,none,none
2025-12-11T08:51:02.940,19.3,59.5,0,,,0,none,none
2025-12-11T08:51:05.195,19.3,59.4,0,,,0,none,none
2025-12-11T08:51:07.449,19.3,59.6,0,,,0,none,none
2025-12-11T08:51:09.704,19.3,59.5,0,,,0,none,none
2025-12-11T08:51:11.959,19.3,59.5,0,,,0,none,none
2025-12-11T08:51:14.213,19.3,59.6,0,,,0,none,none
2025-12-11T08:51:16.468,19.3,59.4,0,,,0,none,none
2025-12-11T08:51:18.723,19.3,59.3,0,,,0,none,none
2025-12-11T08:51:20.978,19.3,59.4,0,,,0,none,none
2025-12-11T08:51:23.233,19.3,59.4,0,,,0,none,none
2025-12-11T08:51:25.487,19.3,59.4,0,,,0,none,none
2025-12-11T08:51:27.742,19.3,59.3,0,,,0,none,none
2025-12-11T08:51:29.997,19.3,59.3,0,,,0,none,none
2025-12-11T08:51:32.251,19.3,59.3,0,,,0,none,none
2025-12-11T08:51:34.506,19.3,59.2,0,,,0,none,none
2025-12-11T08:51:36.761,19.3,59.2,0,,,0,none,none
2025-12-11T08:51:39.016,19.3,59.2,0,,,0,none,none
2025-12-11T08:51:41.270,19.2,59.1,0,,,0,none,none
2025-12-11T08:51:43.525,19.3,59.1,0,,,0,none,none
2025-12-11T08:51:45.780,19.3,59.1,0,,,0,none,none
2025-12-11T08:51:48.035,19.3,59.1,0,,,0,none,none
2025-12-11T08:51:50.290,19.3,59.0,0,,,0,none,none
2025-12-11T08:51:52.545,19.3,59.1,0,,,0,none,none
2025-12-11T08:51:54.799,19.3,59.1,0,,,0,none,none
2025-12-11T08:51:57.054,19.3,59.2,0,,,0,none,none
2025-12-11T08:51:59.309,19.3,59.3,0,,,0,none,none
2025-12-11T08:52:01.564,19.3,59.2,0,,,0,none,none
2025-12-11T08:52:03.818,19.3,59.2,0,,,0,none,none
2025-12-11T08:52:06.073,19.3,59.3,0,,,0,none,none
2025-12-11T08:52:08.328,19.3,59.3,0,,,0,none,none
2025-12-11T08:52:10.582,19.2,59.3,0,,,0,none,none
2025-12-11T08:52:12.837,19.3,59.3,0,,,0,none,none
2025-12-11T08:52:15.092,19.3,59.3,0,,,0,none,none
2025-12-11T08:52:17.347,19.3,59.3,0,,,0,none,none
2025-12-11T08:52:19.602,19.3,59.3,0,,,0,none,none
2025-12-11T08:52:21.856,19.3,59.3,0,,,0,none,none
2025-12-11T08:52:24.111,19.2,59.3,0,,,0,none,none
2025-12-11T08:52:26.366,19.3,59.4,0,,,0,none,none
2025-12-11T08:52:28.621,19.3,59.3,0,,,0,none,none
2025-12-11T08:52:30.876,19.3,59.4,0,,,0,none,none
2025-12-11T08:52:33.131,19.3,59.4,0,,,0,none,none
2025-12-11T08:52:35.385,19.3,59.4,0,,,0,none,none
2025-12-11T08:52:37.640,19.3,59.4,0,,,0,none,none
2025-12-11T08:52:39.895,19.3,59.4,0,,,0,none,none
2025-12-11T08:52:42.150,19.3,59.5,0,,,0,none,none
2025-12-11T08:52:44.405,19.3,59.6,0,,,0,none,none
2025-12-11T08:52:46.659,19.2,59.5,0,,,0,none,none
2025-12-11T08:52:48.914,19.3,59.5,0,,,0,none,none
2025-12-11T08:52:51.169,19.2,59.5,0,,,0,none,none
2025-12-11T08:52:53.424,19.3,59.6,0,,,0,none,none
2025-12-11T08:52:55.679,19.3,59.5,0,,,0,none,none
2025-12-11T08:52:57.933,19.3,59.5,0,,,0,none,none
2025-12-11T08:53:00.188,19.3,59.4,0,,,0,none,none
2025-12-11T08:53:02.443,19.3,59.4,0,,,0,none,none
2025-12-11T08:53:04.698,19.2,59.4,0,,,0,none,none
2025-12-11T08:53:06.953,19.3,59.4,0,,,0,none,none
2025-12-11T08:53:09.207,19.3,59.3,0,,,0,none,none
2025-12-11T08:53:11.462,19.3,59.2,0,,,0,none,none
2025-12-11T08:53:13.717,19.3,59.2,0,,,0,none,none
2025-12-11T08:53:15.972,19.3,59.2,0,,,0,none,none
2025-12-11T08:53:18.227,19.2,59.0,0,,,0,none,none
2025-12-11T08:53:20.482,19.3,59.1,0,,,0,none,none
2025-12-11T08:53:22.736,19.2,59.1,0,,,0,none,none
2025-12-11T08:53:24.991,19.2,59.2,0,,,0,none,none
2025-12-11T08:53:27.246,19.2,59.2,0,,,0,none,none
2025-12-11T08:53:29.501,19.2,59.3,0,,,0,none,none
2025-12-11T08:53:31.755,19.2,59.3,0,,,0,none,none
2025-12-11T08:53:34.010,,,0,,,0,none,none
2025-12-11T08:53:36.265,19.3,59.3,0,,,0,none,none
2025-12-11T08:53:38.520,19.2,59.3,0,,,0,none,none
2025-12-11T08:53:40.775,19.3,59.3,0,,,0,none,none
2025-12-11T08:53:43.030,19.2,59.3,0,,,0,none,none
2025-12-11T08:53:45.284,19.3,59.3,0,,,0,none,none
2025-12-11T08:53:47.539,19.3,59.3,0,,,0,none,none
2025-12-11T08:53:49.794,19.2,59.3,0,,,0,none,none
2025-12-11T08:53:52.049,19.3,59.4,0,,,0,none,none
2025-12-11T08:53:54.304,19.2,59.4,0,,,0,none,none
2025-12-11T08:53:56.559,19.2,59.5,0,,,0,none,none
2025-12-11T08:53:58.813,19.2,59.5,0,,,0,none,none
2025-12-11T08:54:01.067,19.2,59.5,0,,,0,none,none
2025-12-11T08:54:03.322,19.2,59.4,0,,,0,none,none
2025-12-11T08:54:05.577,19.2,59.4,0,,,0,none,none
2025-12-11T08:54:07.832,19.3,59.4,0,,,0,none,none
2025-12-11T08:54:10.086,19.2,59.3,0,,,0,none,none
2025-12-11T08:54:12.341,19.3,59.3,0,,,0,none,none
2025-12-11T08:54:14.596,19.3,59.3,0,,,0,none,none
2025-12-11T08:54:16.850,19.2,59.3,0,,,0,none,none
2025-12-11T08:54:19.105,19.2,59.3,0,,,0,none,none
2025-12-11T08:54:21.360,19.2,59.3,0,,,0,none,none
2025-12-11T08:54:23.615,19.2,59.4,0,,,0,none,none
2025-12-11T08:54:25.869,19.2,59.4,0,,,0,none,none
2025-12-11T08:54:28.124,19.2,59.4,0,,,0,none,none
2025-12-11T08:54:30.379,19.2,59.4,0,,,0,none,none
2025-12-11T08:54:32.634,19.2,59.4,0,,,0,none,none
2025-12-11T08:54:34.889,19.2,59.4,0,,,0,none,none
2025-12-11T08:54:37.144,19.3,59.5,0,,,0,none,none
2025-12-11T08:54:39.398,19.2,59.5,0,,,0,none,none
2025-12-11T08:54:41.653,19.2,59.4,0,,,0,none,none
2025-12-11T08:54:43.908,19.2,59.3,0,,,0,none,none
2025-12-11T08:54:46.163,19.2,59.2,0,,,0,none,none
2025-12-11T08:54:48.418,19.3,59.3,0,,,0,none,none
2025-12-11T08:54:50.672,19.2,59.3,0,,,0,none,none
2025-12-11T08:54:52.927,19.3,59.3,0,,,0,none,none
2025-12-11T08:54:55.182,19.2,59.2,0,,,0,none,none
2025-12-11T08:54:57.436,19.2,59.2,0,,,0,none,none
2025-12-11T08:54:59.691,19.2,59.3,0,,,0,none,none
2025-12-11T08:55:01.946,19.2,59.3,0,,,0,none,none
2025-12-11T08:55:04.201,19.2,59.3,0,,,0,none,none
2025-12-11T08:55:06.455,19.2,59.2,0,,,0,none,none
2025-12-11T08:55:08.710,19.2,59.2,0,,,0,none,none
2025-12-11T08:55:10.965,19.2,59.2,0,,,0,none,none
2025-12-11T08:55:13.220,19.3,59.3,0,,,0,none,none
2025-12-11T08:55:15.475,19.2,59.2,0,,,0,none,none
2025-12-11T08:55:17.729,19.2,59.2,0,,,0,none,none
2025-12-11T08:55:19.984,19.3,59.3,0,,,0,none,none
2025-12-11T08:55:22.239,19.2,59.2,0,,,0,none,none
2025-12-11T08:55:24.494,19.2,59.2,0,,,0,none,none
2025-12-11T08:55:26.748,19.3,59.3,0,,,0,none,none
2025-12-11T08:55:29.004,19.3,59.3,0,,,0,none,none
2025-12-11T08:55:31.258,19.3,59.2,0,,,0,none,none
2025-12-11T08:55:33.513,19.2,59.1,0,,,0,none,none
2025-12-11T08:55:35.768,19.2,59.2,0,,,0,none,none
2025-12-11T08:55:38.023,19.2,59.2,0,,,0,none,none
2025-12-11T08:55:40.277,19.2,59.2,0,,,0,none,none
2025-12-11T08:55:42.532,19.2,59.2,0,,,0,none,none
2025-12-11T08:55:44.787,19.2,59.1,0,,,0,none,none
2025-12-11T08:55:47.042,19.2,59.2,0,,,0,none,none
2025-12-11T08:55:49.297,19.2,59.2,0,,,0,none,none
2025-12-11T08:55:51.551,19.2,59.2,0,,,0,none,none
2025-12-11T08:55:53.806,19.3,59.3,0,,,0,none,none
2025-12-11T08:55:56.061,19.2,59.2,0,,,0,none,none
2025-12-11T08:55:58.316,19.2,59.1,0,,,0,none,none
2025-12-11T08:56:00.570,19.2,59.1,0,,,0,none,none
2025-12-11T08:56:02.825,19.2,59.0,0,,,0,none,none
2025-12-11T08:56:05.080,19.2,59.1,0,,,0,none,none
2025-12-11T08:56:07.335,19.2,59.1,0,,,0,none,none
2025-12-11T08:56:09.590,19.2,59.2,0,,,0,none,none
2025-12-11T08:56:11.844,19.2,59.2,0,,,0,none,none
2025-12-11T08:56:14.099,19.2,59.2,0,,,0,none,none
2025-12-11T08:56:16.354,19.2,59.2,0,,,0,none,none
2025-12-11T08:56:18.609,19.2,59.2,0,,,0,none,none
2025-12-11T08:56:20.863,19.2,59.2,0,,,0,none,none
2025-12-11T08:56:23.118,19.2,59.2,0,,,0,none,none
2025-12-11T08:56:25.373,19.2,59.3,0,,,0,none,none
2025-12-11T08:56:27.628,19.2,59.3,0,,,0,none,none
2025-12-11T08:56:29.883,19.2,59.3,0,,,0,none,none
2025-12-11T08:56:32.137,19.2,59.4,0,,,0,none,none
2025-12-11T08:56:34.392,19.2,59.4,0,,,0,none,none
2025-12-11T08:56:36.647,19.2,59.3,0,,,0,none,none
2025-12-11T08:56:38.902,19.2,59.3,0,,,0,none,none
2025-12-11T08:56:41.157,19.2,59.2,0,,,0,none,none
2025-12-11T08:56:43.411,19.2,59.2,0,,,0,none,none
2025-12-11T08:56:45.666,19.3,59.3,0,,,0,none,none
2025-12-11T08:56:47.921,19.2,59.2,0,,,0,none,none
2025-12-11T08:56:50.176,19.2,59.2,0,,,0,none,none
2025-12-11T08:56:52.430,19.2,59.2,0,,,0,none,none
2025-12-11T08:56:54.685,19.3,59.3,0,,,0,none,none
2025-12-11T08:56:56.939,19.2,59.2,0,,,0,none,none
2025-12-11T08:56:59.194,19.2,59.2,0,,,0,none,none
2025-12-11T08:57:01.449,19.2,59.1,0,,,0,none,none
2025-12-11T08:57:03.704,19.3,59.2,0,,,0,none,none
2025-12-11T08:57:05.959,19.2,59.1,0,,,0,none,none
2025-12-11T08:57:08.213,19.2,59.2,0,,,0,none,none
2025-12-11T08:57:10.468,19.2,59.3,0,,,0,none,none
2025-12-11T08:57:12.723,19.2,59.3,0,,,0,none,none
2025-12-11T08:57:14.978,19.2,59.3,0,,,0,none,none
2025-12-11T08:57:17.233,19.2,59.3,0,,,0,none,none
2025-12-11T08:57:19.488,19.2,59.2,0,,,0,none,none
2025-12-11T08:57:21.742,19.3,59.2,0,,,0,none,none
2025-12-11T08:57:23.997,19.2,59.1,0,,,0,none,none
2025-12-11T08:57:26.252,19.2,59.2,0,,,0,none,none
2025-12-11T08:57:28.507,19.2,59.2,0,,,0,none,none
2025-12-11T08:57:30.762,19.2,59.3,0,,,0,none,none
2025-12-11T08:57:33.016,19.2,59.4,0,,,0,none,none
2025-12-11T08:57:35.271,19.2,59.4,0,,,0,none,none
2025-12-11T08:57:37.526,19.3,59.4,0,,,0,none,none
2025-12-11T08:57:39.781,19.2,59.4,0,,,0,none,none
2025-12-11T08:57:42.036,19.2,59.4,0,,,0,none,none
2025-12-11T08:57:44.290,19.2,59.3,0,,,0,none,none
2025-12-11T08:57:46.545,19.3,59.4,0,,,0,none,none
2025-12-11T08:57:48.800,19.2,59.4,0,,,0,none,none
2025-12-11T08:57:51.055,19.2,59.4,0,,,0,none,none
2025-12-11T08:57:53.309,19.2,59.4,0,,,0,none,none
2025-12-11T08:57:55.564,19.2,59.4,0,,,0,none,none
2025-12-11T08:57:57.819,19.2,59.4,0,,,0,none,none
2025-12-11T08:58:00.074,19.2,59.4,0,,,0,none,none
2025-12-11T08:58:02.328,19.2,59.4,0,,,0,none,none
2025-12-11T08:58:04.583,19.2,59.4,0,,,0,none,none
2025-12-11T08:58:06.838,19.2,59.4,0,,,0,none,none
2025-12-11T08:58:09.093,19.2,59.3,0,,,0,none,none
2025-12-11T08:58:11.348,19.2,59.3,0,,,0,none,none
2025-12-11T08:58:13.603,19.3,59.3,0,,,0,none,none
2025-12-11T08:58:15.857,19.2,59.2,0,,,0,none,none
2025-12-11T08:58:18.112,19.2,59.2,0,,,0,none,none
2025-12-11T08:58:20.367,19.2,59.2,0,,,0,none,none
2025-12-11T08:58:22.622,19.3,59.2,0,,,0,none,none
2025-12-11T08:58:24.877,19.3,59.1,0,,,0,none,none
2025-12-11T08:58:27.131,19.2,59.0,0,,,0,none,none
2025-12-11T08:58:29.386,19.2,59.0,0,,,0,none,none
2025-12-11T08:58:31.641,19.3,59.1,0,,,0,none,none
2025-12-11T08:58:33.896,19.2,59.1,0,,,0,none,none
2025-12-11T08:58:36.151,19.2,59.1,0,,,0,none,none
2025-12-11T08:58:38.406,19.2,59.2,0,,,0,none,none
2025-12-11T08:58:40.660,19.3,59.3,0,,,0,none,none
2025-12-11T08:58:42.915,19.2,59.3,0,,,0,none,none
2025-12-11T08:58:45.170,19.2,59.4,0,,,0,none,none
2025-12-11T08:58:47.425,19.3,59.6,0,,,0,none,none
2025-12-11T08:58:49.680,19.3,59.7,0,,,0,none,none
2025-12-11T08:58:51.934,19.2,59.7,0,,,0,none,none
2025-12-11T08:58:54.189,19.2,59.8,0,,,0,none,none
2025-12-11T08:58:56.444,19.2,59.8,0,,,0,none,none
2025-12-11T08:58:58.699,19.3,59.8,0,,,0,none,none
2025-12-11T08:59:00.953,19.3,59.8,0,,,0,none,none
2025-12-11T08:59:03.208,19.3,59.8,0,,,0,none,none
2025-12-11T08:59:05.463,19.3,59.6,0,,,0,none,none
2025-12-11T08:59:07.718,19.3,59.6,0,,,0,none,none
2025-12-11T08:59:09.973,19.3,59.5,0,,,0,none,none
2025-12-11T08:59:12.228,19.3,59.4,0,,,0,none,none
2025-12-11T08:59:14.482,19.3,59.3,0,,,0,none,none
2025-12-11T08:59:16.737,19.3,59.4,0,,,0,none,none
2025-12-11T08:59:18.992,19.3,59.3,0,,,0,none,none
2025-12-11T08:59:21.247,19.3,59.3,0,,,0,none,none
2025-12-11T08:59:23.501,19.3,59.4,0,,,0,none,none
2025-12-11T08:59:25.756,19.2,59.4,0,,,0,none,none
2025-12-11T08:59:28.011,19.3,59.4,0,,,0,none,none
2025-12-11T08:59:30.266,19.3,59.4,0,,,0,none,none
2025-12-11T08:59:32.521,19.3,59.3,0,,,0,none,none
2025-12-11T08:59:34.776,19.2,59.2,0,,,0,none,none
2025-12-11T08:59:37.030,19.2,59.2,0,,,0,none,none
2025-12-11T08:59:39.285,19.3,59.1,0,,,0,none,none
2025-12-11T08:59:41.540,19.3,59.3,0,,,0,none,none
2025-12-11T08:59:43.795,19.2,59.2,0,,,0,none,none
2025-12-11T08:59:46.050,19.2,59.3,0,,,0,none,none
2025-12-11T08:59:48.305,19.3,59.4,0,,,0,none,none
2025-12-11T08:59:50.559,19.2,59.3,0,,,0,none,none
2025-12-11T08:59:52.814,19.3,59.4,0,,,0,none,none
2025-12-11T08:59:55.068,19.2,59.5,0,,,0,none,none
2025-12-11T08:59:57.323,19.3,59.6,0,,,0,none,none
2025-12-11T08:59:59.578,19.3,59.6,0,,,0,none,none
2025-12-11T09:00:01.833,19.3,59.7,0,,,0,none,none
2025-12-11T09:00:04.087,19.3,59.6,0,,,0,none,none
2025-12-11T09:00:06.342,19.2,59.5,0,,,0,none,none
2025-12-11T09:00:08.597,19.3,59.4,0,,,0,none,none
2025-12-11T09:00:10.852,19.3,59.3,0,,,0,none,none
2025-12-11T09:00:13.107,19.3,59.3,0,,,0,none,none
2025-12-11T09:00:15.361,19.2,59.2,0,,,0,none,none
2025-12-11T09:00:17.616,19.3,59.2,0,,,0,none,none
2025-12-11T09:00:19.871,19.3,59.1,0,,,0,none,none
2025-12-11T09:00:22.126,19.3,59.1,0,,,0,none,none
2025-12-11T09:00:24.381,19.3,59.1,0,,,0,none,none
2025-12-11T09:00:26.635,19.3,59.1,0,,,0,none,none
2025-12-11T09:00:28.890,19.3,59.1,0,,,0,none,none
2025-12-11T09:00:31.145,19.3,59.1,0,,,0,none,none
2025-12-11T09:00:33.400,19.3,59.1,0,,,0,none,none
2025-12-11T09:00:35.655,19.3,59.1,0,,,0,none,none
2025-12-11T09:00:37.910,19.2,59.0,0,,,0,none,none
2025-12-11T09:00:40.164,19.3,59.1,0,,,0,none,none
2025-12-11T09:00:42.419,19.3,59.2,0,,,0,none,none
2025-12-11T09:00:44.674,19.3,59.2,0,,,0,none,none
2025-12-11T09:00:46.929,19.3,59.2,0,,,0,none,none
2025-12-11T09:00:49.183,19.2,59.1,0,,,0,none,none
2025-12-11T09:00:51.438,19.3,59.3,0,,,0,none,none
2025-12-11T09:00:53.693,19.3,59.4,0,,,0,none,none
2025-12-11T09:00:55.948,19.2,59.4,0,,,0,none,none
2025-12-11T09:00:58.203,19.3,59.4,0,,,0,none,none
2025-12-11T09:01:00.457,19.3,59.4,0,,,0,none,none
2025-12-11T09:01:02.712,19.3,59.4,0,,,0,none,none
2025-12-11T09:01:04.967,19.3,59.4,0,,,0,none,none
2025-12-11T09:01:07.222,19.3,59.3,0,,,0,none,none
2025-12-11T09:01:09.477,19.3,59.3,0,,,0,none,none
2025-12-11T09:01:11.731,19.2,59.3,0,,,0,none,none
2025-12-11T09:01:13.986,19.3,59.3,0,,,0,none,none
2025-12-11T09:01:16.241,19.3,59.3,0,,,0,none,none
2025-12-11T09:01:18.496,19.2,59.4,0,,,0,none,none
2025-12-11T09:01:20.751,19.2,59.4,0,,,0,none,none
2025-12-11T09:01:23.006,19.2,59.4,0,,,0,none,none
2025-12-11T09:01:25.260,19.2,59.5,0,,,0,none,none
2025-12-11T09:01:27.515,19.3,59.6,0,,,0,none,none
2025-12-11T09:01:29.770,19.3,59.5,0,,,0,none,none
2025-12-11T09:01:32.025,19.3,59.4,0,,,0,none,none
2025-12-11T09:01:34.279,19.2,59.3,0,,,0,none,none
2025-12-11T09:01:36.534,19.2,59.4,0,,,0,none,none
2025-12-11T09:01:38.789,19.2,59.3,0,,,0,none,none
2025-12-11T09:01:41.044,19.2,59.3,0,,,0,none,none
2025-12-11T09:01:43.299,19.2,59.4,0,,,0,none,none
2025-12-11T09:01:45.553,19.2,59.4,0,,,0,none,none
2025-12-11T09:01:47.808,19.2,59.4,0,,,0,none,none
2025-12-11T09:01:50.063,19.2,59.2,0,,,0,none,none
2025-12-11T09:01:52.318,19.2,59.2,0,,,0,none,none
2025-12-11T09:01:54.573,19.2,59.3,0,,,0,none,none
2025-12-11T09:01:56.827,19.2,59.4,0,,,0,none,none
2025-12-11T09:01:59.082,19.2,59.4,0,,,0,none,none
2025-12-11T09:02:01.337,19.2,59.5,0,,,0,none,none
2025-12-11T09:02:03.592,19.2,59.6,0,,,0,none,none
2025-12-11T09:02:05.846,19.2,59.6,0,,,0,none,none
2025-12-11T09:02:08.101,19.2,59.6,0,,,0,none,none
2025-12-11T09:02:10.356,19.2,59.5,0,,,0,none,none
2025-12-11T09:02:12.611,19.2,59.5,0,,,0,none,none
2025-12-11T09:02:14.866,19.2,59.4,0,,,0,none,none
2025-12-11T09:02:17.120,19.2,59.3,0,,,0,none,none
2025-12-11T09:02:19.375,19.2,59.3,0,,,0,none,none
2025-12-11T09:02:21.630,19.2,59.3,0,,,0,none,none
2025-12-11T09:02:23.885,19.2,59.3,0,,,0,none,none
2025-12-11T09:02:26.139,19.2,59.2,0,,,0,none,none
2025-12-11T09:02:28.394,19.3,59.3,0,,,0,none,none
2025-12-11T09:02:30.649,19.2,59.3,0,,,0,none,none
2025-12-11T09:02:32.904,19.2,59.2,0,,,0,none,none
2025-12-11T09:02:35.159,19.2,59.2,0,,,0,none,none
2025-12-11T09:02:37.413,19.2,59.2,0,,,0,none,none
2025-12-11T09:02:39.668,19.2,59.2,0,,,0,none,none
2025-12-11T09:02:41.923,19.2,59.2,0,,,0,none,none
2025-12-11T09:02:44.178,19.2,59.2,0,,,0,none,none
2025-12-11T09:02:46.432,19.2,59.3,0,,,0,none,none
2025-12-11T09:02:48.687,19.2,59.3,0,,,0,none,none
2025-12-11T09:02:50.942,19.2,59.2,0,,,0,none,none
2025-12-11T09:02:53.197,19.2,59.2,0,,,0,none,none
2025-12-11T09:02:55.452,19.2,59.2,0,,,0,none,none
2025-12-11T09:02:57.707,19.2,59.2,0,,,0,none,none
2025-12-11T09:02:59.961,19.2,59.2,0,,,0,none,none
2025-12-11T09:03:02.216,19.2,59.3,0,,,0,none,none
2025-12-11T09:03:04.471,19.2,59.2,0,,,0,none,none
2025-12-11T09:03:06.726,19.2,59.2,0,,,0,none,none
2025-12-11T09:03:08.981,19.2,59.2,0,,,0,none,none
2025-12-11T09:03:11.236,19.2,59.2,0,,,0,none,none
2025-12-11T09:03:13.490,19.2,59.1,0,,,0,none,none
2025-12-11T09:03:15.745,19.2,59.1,0,,,0,none,none
2025-12-11T09:03:18.001,19.2,59.1,0,,,0,none,none
2025-12-11T09:03:20.256,19.2,59.1,0,,,0,none,none
2025-12-11T09:03:22.511,19.2,59.2,0,,,0,none,none
2025-12-11T09:03:24.766,19.2,59.1,0,,,0,none,none
2025-12-11T09:03:27.021,19.2,59.1,0,,,0,none,none
2025-12-11T09:03:29.275,19.2,59.1,0,,,0,none,none
2025-12-11T09:03:31.530,19.2,59.2,0,,,0,none,none
2025-12-11T09:03:33.785,19.2,59.1,0,,,0,none,none
2025-12-11T09:03:36.040,19.2,59.1,0,,,0,none,none
2025-12-11T09:03:38.295,19.2,59.2,0,,,0,none,none
2025-12-11T09:03:40.549,19.2,59.2,0,,,0,none,none
2025-12-11T09:03:42.804,19.2,59.3,0,,,0,none,none
2025-12-11T09:03:45.059,19.2,59.4,0,,,0,none,none
2025-12-11T09:03:47.314,19.2,59.4,0,,,0,none,none
2025-12-11T09:03:49.569,19.2,59.4,0,,,0,none,none
2025-12-11T09:03:51.824,19.2,59.3,0,,,0,none,none
2025-12-11T09:03:54.078,19.2,59.3,0,,,0,none,none
2025-12-11T09:03:56.333,19.2,59.3,0,,,0,none,none
2025-12-11T09:03:58.588,19.2,59.3,0,,,0,none,none
2025-12-11T09:04:00.843,19.2,59.3,0,,,0,none,none
2025-12-11T09:04:03.097,19.2,59.2,0,,,0,none,none
2025-12-11T09:04:05.352,19.2,59.2,0,,,0,none,none
2025-12-11T09:04:07.607,19.2,59.2,0,,,0,none,none
2025-12-11T09:04:09.862,19.2,59.2,0,,,0,none,none
2025-12-11T09:04:12.116,19.2,59.2,0,,,0,none,none
2025-12-11T09:04:14.371,19.2,59.2,0,,,0,none,none
2025-12-11T09:04:16.626,19.2,59.2,0,,,0,none,none
2025-12-11T09:04:18.881,19.2,59.2,0,,,0,none,none
2025-12-11T09:04:21.136,19.2,59.2,0,,,0,none,none
2025-12-11T09:04:23.390,19.2,59.1,0,,,0,none,none
2025-12-11T09:04:25.645,19.2,59.1,0,,,0,none,none
2025-12-11T09:04:27.900,19.2,59.1,0,,,0,none,none
2025-12-11T09:04:30.155,19.2,59.1,0,,,0,none,none
2025-12-11T09:04:32.410,19.2,59.1,0,,,0,none,none
2025-12-11T09:04:34.664,19.2,59.1,0,,,0,none,none
2025-12-11T09:04:36.919,19.2,59.2,0,,,0,none,none
2025-12-11T09:04:39.174,19.2,59.2,0,,,0,none,none
2025-12-11T09:04:41.429,19.2,59.1,0,,,0,none,none
2025-12-11T09:04:43.684,19.2,59.2,0,,,0,none,none
2025-12-11T09:04:45.939,19.2,59.2,0,,,0,none,none
2025-12-11T09:04:48.193,19.2,59.2,0,,,0,none,none
2025-12-11T09:04:50.451,19.2,59.2,0,,,0,none,none
2025-12-11T09:04:52.711,19.2,59.1,0,,,0,none,none
2025-12-11T09:04:54.971,19.2,59.2,0,,,0,none,none
2025-12-11T09:04:57.226,19.2,59.2,0,,,0,none,none
2025-12-11T09:04:59.480,19.2,59.2,0,,,0,none,none
2025-12-11T09:05:01.739,19.2,59.2,0,,,0,none,none
2025-12-11T09:05:03.994,19.2,59.2,0,,,0,none,none
2025-12-11T09:05:06.249,19.2,59.2,0,,,0,none,none
2025-12-11T09:05:08.503,19.2,59.2,0,,,0,none,none
2025-12-11T09:05:10.758,19.2,59.2,0,,,0,none,none
2025-12-11T09:05:13.015,19.2,59.2,0,,,0,none,none
2025-12-11T09:05:15.275,19.2,59.2,0,,,0,none,none
2025-12-11T09:05:17.535,19.2,59.2,0,,,0,none,none
2025-12-11T09:05:19.795,19.2,59.4,0,,,0,none,none
2025-12-11T09:05:22.049,19.2,59.4,0,,,0,none,none
2025-12-11T09:05:24.307,19.2,59.4,0,,,0,none,none
2025-12-11T09:05:26.562,19.2,59.4,0,,,0,none,none
2025-12-11T09:05:28.819,19.2,59.4,0,,,0,none,none
2025-12-11T09:05:31.074,19.2,59.4,0,,,0,none,none
2025-12-11T09:05:33.328,19.2,59.4,0,,,0,none,none
2025-12-11T09:05:35.583,19.2,59.4,0,,,0,none,none
2025-12-11T09:05:37.839,19.2,59.4,0,,,0,none,none
2025-12-11T09:05:40.094,19.2,59.4,0,,,0,none,none
2025-12-11T09:05:42.351,19.2,59.4,0,,,0,none,none
2025-12-11T09:05:44.606,19.2,59.4,0,,,0,none,none
2025-12-11T09:05:46.863,19.2,59.4,0,,,0,none,none
2025-12-11T09:05:49.123,19.2,59.4,0,,,0,none,none
2025-12-11T09:05:51.378,19.2,59.4,0,,,0,none,none
2025-12-11T09:05:53.632,19.2,59.4,0,,,0,none,none
2025-12-11T09:05:55.886,19.2,59.4,0,,,0,none,none
2025-12-11T09:05:58.141,19.2,59.3,0,,,0,none,none
2025-12-11T09:06:00.399,19.2,59.3,0,,,0,none,none
2025-12-11T09:06:02.653,19.2,59.2,0,,,0,none,none
2025-12-11T09:06:04.911,19.2,59.2,0,,,0,none,none
2025-12-11T09:06:07.171,19.2,59.3,0,,,0,none,none
2025-12-11T09:06:09.431,19.2,59.3,0,,,0,none,none
2025-12-11T09:06:11.691,19.2,59.4,0,,,0,none,none
2025-12-11T09:06:13.946,19.2,59.4,0,,,0,none,none
2025-12-11T09:06:16.203,19.2,59.4,0,,,0,none,none
2025-12-11T09:06:18.463,19.2,59.4,0,,,0,none,none
2025-12-11T09:06:20.723,19.2,59.5,0,,,0,none,none
2025-12-11T09:06:22.983,19.1,59.4,0,,,0,none,none
2025-12-11T09:06:25.243,19.2,59.4,0,,,0,none,none
2025-12-11T09:06:27.503,19.2,59.5,0,,,0,none,none
2025-12-11T09:06:29.757,19.2,59.6,0,,,0,none,none
2025-12-11T09:06:32.012,19.2,59.5,0,,,0,none,none
2025-12-11T09:06:34.270,19.2,59.5,0,,,0,none,none
2025-12-11T09:06:36.527,19.2,59.5,0,,,0,none,none
2025-12-11T09:06:38.782,19.2,59.5,0,,,0,none,none
2025-12-11T09:06:41.036,19.2,59.6,0,,,0,none,none
2025-12-11T09:06:43.291,19.2,59.6,0,,,0,none,none
2025-12-11T09:06:45.545,19.2,59.6,0,,,0,none,none
2025-12-11T09:06:47.800,19.2,59.6,0,,,0,none,none
2025-12-11T09:06:50.054,19.2,59.7,0,,,0,none,none
2025-12-11T09:06:52.311,19.2,59.6,0,,,0,none,none
2025-12-11T09:06:54.571,19.2,59.6,0,,,0,none,none
2025-12-11T09:06:56.826,19.2,59.6,0,,,0,none,none
2025-12-11T09:06:59.083,19.2,59.6,0,,,0,none,none
2025-12-11T09:07:01.343,19.2,59.6,0,,,0,none,none
2025-12-11T09:07:03.603,19.2,59.6,0,,,0,none,none
2025-12-11T09:07:05.863,19.2,59.5,0,,,0,none,none
2025-12-11T09:07:08.123,19.2,59.5,0,,,0,none,none
2025-12-11T09:07:10.383,19.2,59.5,0,,,0,none,none
2025-12-11T09:07:12.643,19.2,59.5,0,,,0,none,none
2025-12-11T09:07:14.903,19.2,59.5,0,,,0,none,none
2025-12-11T09:07:17.158,19.2,59.5,0,,,0,none,none
2025-12-11T09:07:19.412,19.1,59.4,0,,,0,none,none
2025-12-11T09:07:21.666,19.2,59.4,0,,,0,none,none
2025-12-11T09:07:23.921,19.2,59.4,0,,,0,none,none
2025-12-11T09:07:26.179,19.2,59.4,0,,,0,none,none
2025-12-11T09:07:28.439,19.2,59.4,0,,,0,none,none
2025-12-11T09:07:30.699,19.2,59.5,0,,,0,none,none
2025-12-11T09:07:32.959,19.3,59.6,0,,,0,none,none
2025-12-11T09:07:35.219,19.3,59.7,0,,,0,none,none
2025-12-11T09:07:37.473,19.3,59.8,0,,,0,none,none
2025-12-11T09:07:39.731,19.3,59.8,0,,,0,none,none
2025-12-11T09:07:41.991,19.3,59.9,0,,,0,none,none
2025-12-11T09:07:44.246,19.3,59.9,0,,,0,none,none
2025-12-11T09:07:46.503,19.3,60.0,0,,,0,none,none
2025-12-11T09:07:48.763,19.3,60.0,0,,,0,none,none
2025-12-11T09:07:51.023,19.3,59.9,0,,,0,none,none
2025-12-11T09:07:53.283,19.3,59.9,0,,,0,none,none
2025-12-11T09:07:55.543,19.3,59.9,0,,,0,none,none
2025-12-11T09:07:57.797,19.3,59.8,0,,,0,none,none
2025-12-11T09:08:00.055,19.3,59.7,0,,,0,none,none
2025-12-11T09:08:02.315,19.3,59.7,0,,,0,none,none
2025-12-11T09:08:04.575,19.4,59.7,0,,,0,none,none
2025-12-11T09:08:06.835,19.4,59.7,0,,,0,none,none
2025-12-11T09:08:09.095,19.4,59.6,0,,,0,none,none
2025-12-11T09:08:11.355,19.4,59.7,0,,,0,none,none
2025-12-11T09:08:13.615,19.4,59.7,0,,,0,none,none
2025-12-11T09:08:15.875,19.4,59.8,0,,,0,none,none
2025-12-11T09:08:18.130,19.4,59.8,0,,,0,none,none
2025-12-11T09:08:20.384,19.4,59.8,0,,,0,none,none
2025-12-11T09:08:22.643,19.4,59.9,0,,,0,none,none
2025-12-11T09:08:24.897,19.4,59.9,0,,,0,none,none
2025-12-11T09:08:27.152,19.4,60.0,0,,,0,none,none
2025-12-11T09:08:29.411,19.5,60.1,0,,,0,none,none
2025-12-11T09:08:31.671,19.5,60.1,0,,,0,none,none
2025-12-11T09:08:33.926,19.5,60.2,0,,,0,none,none
2025-12-11T09:08:36.183,19.5,60.2,0,,,0,none,none
2025-12-11T09:08:38.443,19.5,60.3,0,,,0,none,none
2025-12-11T09:08:40.703,19.5,60.3,0,,,0,none,none
2025-12-11T09:08:42.963,19.5,60.3,0,,,0,none,none
2025-12-11T09:08:45.218,19.5,60.4,0,,,0,none,none
2025-12-11T09:08:47.475,19.5,60.4,0,,,0,none,none
2025-12-11T09:08:49.730,19.5,60.4,0,,,0,none,none
2025-12-11T09:08:51.987,19.5,60.4,0,,,0,none,none
2025-12-11T09:08:54.242,19.6,60.5,0,,,0,none,none
2025-12-11T09:08:56.496,19.6,60.6,0,,,0,none,none
2025-12-11T09:08:58.755,19.6,60.6,0,,,0,none,none
2025-12-11T09:09:01.015,19.6,60.5,0,,,0,none,none
2025-12-11T09:09:03.275,19.6,60.4,0,,,0,none,none
2025-12-11T09:09:05.535,19.6,60.4,0,,,0,none,none
2025-12-11T09:09:07.795,19.6,60.3,0,,,0,none,none
2025-12-11T09:09:10.055,19.6,60.3,0,,,0,none,none
2025-12-11T09:09:12.310,19.7,60.3,0,,,0,none,none
2025-12-11T09:09:14.564,19.7,60.3,0,,,0,none,none
2025-12-11T09:09:16.823,19.7,60.3,0,,,0,none,none
2025-12-11T09:09:19.078,19.7,60.3,0,,,0,none,none
2025-12-11T09:09:21.335,19.7,60.5,0,,,0,none,none
2025-12-11T09:09:23.590,19.7,60.5,0,,,0,none,none
2025-12-11T09:09:25.844,19.7,60.5,0,,,0,none,none
2025-12-11T09:09:28.103,19.8,60.5,0,,,0,none,none
2025-12-11T09:09:30.363,19.8,60.3,0,,,0,none,none
2025-12-11T09:09:32.623,19.8,60.3,0,,,0,none,none
2025-12-11T09:09:34.883,19.8,60.2,0,,,0,none,none
2025-12-11T09:09:37.143,19.8,60.2,0,,,0,none,none
2025-12-11T09:09:39.398,19.8,60.1,0,,,0,none,none
2025-12-11T09:09:41.655,19.8,59.8,0,,,0,none,none
2025-12-11T09:09:43.915,19.9,59.6,0,,,0,none,none
2025-12-11T09:09:46.170,19.9,59.3,0,,,0,none,none
2025-12-11T09:09:48.427,19.9,59.1,0,,,0,none,none
2025-12-11T09:09:50.687,19.9,59.0,0,,,0,none,none
2025-12-11T09:09:52.941,19.9,59.0,0,,,0,none,none
2025-12-11T09:09:55.199,19.9,59.0,0,,,0,none,none
2025-12-11T09:09:57.459,19.9,59.0,0,,,0,none,none
2025-12-11T09:09:59.719,20.0,59.0,0,,,0,none,none
2025-12-11T09:10:01.974,20.0,58.9,0,,,0,none,none
2025-12-11T09:10:04.231,20.0,59.1,1,,,0,none,none
2025-12-11T09:10:06.491,20.0,59.3,1,,,0,none,none
2025-12-11T09:10:08.751,20.0,59.3,1,,,0,none,none
2025-12-11T09:10:11.011,20.0,59.3,1,,,0,none,none
2025-12-11T09:10:13.271,20.1,59.2,0,,,0,none,none
2025-12-11T09:10:15.531,20.1,59.0,0,,,0,none,none
2025-12-11T09:10:17.791,20.1,58.9,0,,,0,none,none
2025-12-11T09:10:20.051,20.1,59.0,0,,,0,none,none
2025-12-11T09:10:22.306,20.1,59.5,0,,,0,none,none
2025-12-11T09:10:24.563,20.1,59.6,0,,,0,none,none
2025-12-11T09:10:26.823,20.2,59.8,0,,,0,none,none
2025-12-11T09:10:29.083,20.2,59.7,0,,,0,none,none
2025-12-11T09:10:31.343,20.2,59.7,0,,,0,none,none
2025-12-11T09:10:33.597,20.2,59.8,0,,,0,none,none
2025-12-11T09:10:35.852,20.2,59.6,0,,,0,none,none
2025-12-11T09:10:38.111,20.2,59.5,0,,,0,none,none
2025-12-11T09:10:40.371,20.2,59.5,0,,,0,none,none
2025-12-11T09:10:42.631,20.3,60.0,0,,,0,none,none
2025-12-11T09:10:44.886,20.3,60.5,0,,,0,none,none
2025-12-11T09:10:47.143,20.3,60.7,0,,,0,none,none
2025-12-11T09:10:49.403,20.3,61.1,0,,,0,none,none
2025-12-11T09:10:51.663,20.3,61.6,0,,,0,none,none
2025-12-11T09:10:53.923,20.3,61.9,0,,,0,none,none
2025-12-11T09:10:56.183,20.3,62.1,0,,,0,none,none
2025-12-11T09:10:58.443,20.3,62.0,0,,,0,none,none
2025-12-11T09:11:00.703,20.3,62.0,0,,,0,none,none
2025-12-11T09:11:02.963,20.3,61.8,0,,,0,none,none
2025-12-11T09:11:05.219,20.3,61.6,0,,,0,none,none
2025-12-11T09:11:07.479,20.3,61.4,0,,,0,none,none
2025-12-11T09:11:09.734,20.4,61.3,0,,,0,none,none
2025-12-11T09:11:11.991,20.4,61.3,0,,,0,none,none
2025-12-11T09:11:14.251,20.4,61.1,0,,,0,none,none
2025-12-11T09:11:16.511,20.4,61.2,0,,,0,none,none
2025-12-11T09:11:18.771,20.4,61.3,0,,,0,none,none
2025-12-11T09:11:21.026,20.4,61.6,0,,,0,none,none
2025-12-11T09:11:23.280,20.4,61.2,0,,,0,none,none
2025-12-11T09:11:25.535,20.4,61.0,0,,,0,none,none
2025-12-11T09:11:27.790,20.4,61.3,0,,,0,none,none
2025-12-11T09:11:30.044,20.5,61.4,0,,,0,none,none
2025-12-11T09:11:32.299,20.5,61.2,0,,,0,none,none
2025-12-11T09:11:34.559,20.5,61.6,0,,,0,none,none
2025-12-11T09:11:36.819,20.5,61.6,0,,,0,none,none
2025-12-11T09:11:39.079,20.5,61.1,0,,,0,none,none
2025-12-11T09:11:41.334,20.5,61.0,0,,,0,none,none
2025-12-11T09:11:43.588,20.5,60.9,0,,,0,none,none
2025-12-11T09:11:45.843,20.5,61.5,0,,,0,none,none
2025-12-11T09:11:48.098,20.5,61.7,0,,,0,none,none
2025-12-11T09:11:50.353,20.5,61.9,0,,,0,none,none
2025-12-11T09:11:52.607,20.5,62.0,0,,,0,none,none
2025-12-11T09:11:54.862,20.6,62.0,0,,,0,none,none
2025-12-11T09:11:57.117,20.6,61.9,0,,,0,none,none
2025-12-11T09:11:59.372,20.6,62.0,0,,,0,none,none
2025-12-11T09:12:01.626,20.6,61.6,0,,,0,none,none
2025-12-11T09:12:03.881,20.6,61.2,0,,,0,none,none
2025-12-11T09:12:06.136,20.6,61.4,0,,,0,none,none
2025-12-11T09:12:08.391,20.6,61.7,0,,,0,none,none
2025-12-11T09:12:10.646,20.7,61.6,0,,,0,none,none
2025-12-11T09:12:12.900,20.7,61.3,0,,,0,none,none
2025-12-11T09:12:15.155,20.7,61.2,0,,,0,none,none
2025-12-11T09:12:17.410,20.7,61.3,0,,,0,none,none
2025-12-11T09:12:19.664,20.7,61.3,0,,,0,none,none
2025-12-11T09:12:21.919,20.7,61.3,0,,,0,none,none
2025-12-11T09:12:24.174,20.7,61.4,0,,,0,none,none
2025-12-11T09:12:26.428,20.7,61.1,0,,,0,none,none
2025-12-11T09:12:28.683,20.7,61.0,0,,,0,none,none
2025-12-11T09:12:30.938,20.7,60.8,0,,,0,none,none
2025-12-11T09:12:33.193,20.7,60.8,0,,,0,none,none
2025-12-11T09:12:35.447,20.7,60.8,0,,,0,none,none
2025-12-11T09:12:37.702,20.7,60.7,0,,,0,none,none
2025-12-11T09:12:39.957,20.8,60.8,0,,,0,none,none
2025-12-11T09:12:42.211,20.8,60.6,0,,,0,none,none
2025-12-11T09:12:44.466,20.7,60.3,0,,,0,none,none
2025-12-11T09:12:46.721,20.8,60.7,0,,,0,none,none
2025-12-11T09:12:48.975,20.8,60.6,0,,,0,none,none
2025-12-11T09:12:51.230,20.8,60.4,0,,,0,none,none
2025-12-11T09:12:53.485,20.8,60.4,0,,,0,none,none
2025-12-11T09:12:55.740,20.8,60.5,0,,,0,none,none
2025-12-11T09:12:57.994,20.8,60.6,0,,,0,none,none
2025-12-11T09:13:00.249,20.9,60.9,0,,,0,none,none
2025-12-11T09:13:02.504,20.8,61.0,0,,,0,none,none
2025-12-11T09:13:04.759,20.9,60.9,0,,,0,none,none
2025-12-11T09:13:07.013,20.9,60.8,0,,,0,none,none
2025-12-11T09:13:09.268,20.9,60.6,0,,,0,none,none
2025-12-11T09:13:11.523,20.9,60.7,0,,,0,none,none
2025-12-11T09:13:13.778,20.9,60.4,0,,,0,none,none
2025-12-11T09:13:16.032,20.9,60.0,0,,,0,none,none
2025-12-11T09:13:18.287,20.9,59.8,0,,,0,none,none
2025-12-11T09:13:20.542,20.9,59.5,0,,,0,none,none
2025-12-11T09:13:22.796,20.9,59.5,0,,,0,none,none
2025-12-11T09:13:25.051,20.9,59.5,0,,,0,none,none
2025-12-11T09:13:27.306,20.9,59.4,0,,,0,none,none
2025-12-11T09:13:29.561,20.9,59.5,0,,,0,none,none
2025-12-11T09:13:31.816,20.9,59.8,0,,,0,none,none
2025-12-11T09:13:34.070,20.9,60.2,0,,,0,none,none
2025-12-11T09:13:36.324,20.9,60.0,0,,,0,none,none
2025-12-11T09:13:38.579,20.9,60.2,0,,,0,none,none
2025-12-11T09:13:40.834,20.9,60.5,0,,,0,none,none
2025-12-11T09:13:43.088,20.9,60.7,0,,,0,none,none
2025-12-11T09:13:45.343,20.9,60.6,0,,,0,none,none
2025-12-11T09:13:47.598,21.0,60.7,0,,,0,none,none
2025-12-11T09:13:49.852,20.9,60.7,0,,,0,none,none
2025-12-11T09:13:52.107,20.9,60.6,0,,,0,none,none
2025-12-11T09:13:54.362,20.9,60.7,0,,,0,none,none
2025-12-11T09:13:56.616,20.9,60.6,0,,,0,none,none
2025-12-11T09:13:58.871,21.0,60.9,0,,,0,none,none
2025-12-11T09:14:01.126,20.9,60.9,0,,,0,none,none
2025-12-11T09:14:03.381,21.0,60.9,0,,,0,none,none
2025-12-11T09:14:05.636,21.0,60.8,0,,,0,none,none
2025-12-11T09:14:07.890,20.9,60.4,0,,,0,none,none
2025-12-11T09:14:10.145,21.0,60.2,0,,,0,none,none
2025-12-11T09:14:12.400,21.0,60.3,0,,,0,none,none
2025-12-11T09:14:14.654,21.0,60.4,0,,,0,none,none
2025-12-11T09:14:16.909,21.0,60.5,0,,,0,none,none
2025-12-11T09:14:19.164,21.0,60.6,0,,,0,none,none
2025-12-11T09:14:21.419,21.0,60.5,0,,,0,none,none
2025-12-11T09:14:23.673,21.0,60.3,0,,,0,none,none
2025-12-11T09:14:25.928,21.0,60.6,0,,,0,none,none
2025-12-11T09:14:28.183,21.0,60.2,0,,,0,none,none
2025-12-11T09:14:30.437,21.0,60.0,0,,,0,none,none
2025-12-11T09:14:32.692,21.0,59.7,0,,,0,none,none
2025-12-11T09:14:34.947,21.0,59.6,0,,,0,none,none
2025-12-11T09:14:37.201,21.0,59.4,0,,,0,none,none
2025-12-11T09:14:39.456,21.1,59.3,0,,,0,none,none
2025-12-11T09:14:41.711,21.1,59.1,0,,,0,none,none
2025-12-11T09:14:43.966,21.0,58.9,0,,,0,none,none
2025-12-11T09:14:46.220,21.0,58.8,0,,,0,none,none
2025-12-11T09:14:48.475,21.0,58.8,0,,,0,none,none
2025-12-11T09:14:50.730,21.1,58.9,0,,,0,none,none
2025-12-11T09:14:52.985,,,0,,,0,none,none
2025-12-11T09:14:55.239,21.1,58.6,0,,,0,none,none
2025-12-11T09:14:57.494,21.1,58.5,0,,,0,none,none
2025-12-11T09:14:59.749,21.1,58.5,0,,,0,none,none
2025-12-11T09:15:02.004,21.0,58.3,0,,,0,none,none
2025-12-11T09:15:04.258,21.1,58.3,0,,,0,none,none
2025-12-11T09:15:06.513,21.1,58.2,0,,,0,none,none
2025-12-11T09:15:08.768,21.1,58.2,0,,,0,none,none
2025-12-11T09:15:11.022,21.1,58.2,0,,,0,none,none
2025-12-11T09:15:13.277,21.1,58.1,0,,,0,none,none
2025-12-11T09:15:15.532,21.1,58.0,0,,,0,none,none
2025-12-11T09:15:17.789,21.1,57.9,0,,,0,none,none
2025-12-11T09:15:20.044,21.1,57.9,0,,,0,none,none
2025-12-11T09:15:22.303,21.1,58.0,0,,,0,none,none
2025-12-11T09:15:24.557,21.1,58.2,0,,,0,none,none
2025-12-11T09:15:26.812,21.1,58.4,0,,,0,none,none
2025-12-11T09:15:29.071,21.1,58.7,0,,,0,none,none
2025-12-11T09:15:31.326,21.1,59.2,0,,,0,none,none
2025-12-11T09:15:33.580,21.1,59.4,0,,,0,none,none
2025-12-11T09:15:35.834,21.1,59.9,0,,,0,none,none
2025-12-11T09:15:38.089,21.1,60.2,0,,,0,none,none
2025-12-11T09:15:40.343,21.1,60.0,0,,,0,none,none
2025-12-11T09:15:42.603,21.1,59.7,0,,,0,none,none
2025-12-11T09:15:44.863,21.1,59.6,0,,,0,none,none
2025-12-11T09:15:47.118,21.1,59.7,0,,,0,none,none
2025-12-11T09:15:49.372,21.1,60.0,0,,,0,none,none
2025-12-11T09:15:51.631,21.1,60.2,0,,,0,none,none
2025-12-11T09:15:53.886,21.1,60.3,0,,,0,none,none
2025-12-11T09:15:56.143,21.1,60.4,0,,,0,none,none
2025-12-11T09:15:58.403,21.1,60.5,0,,,0,none,none
2025-12-11T09:16:00.658,21.2,60.6,0,,,0,none,none
2025-12-11T09:16:02.915,21.2,60.9,0,,,0,none,none
2025-12-11T09:16:05.171,21.2,61.0,0,,,0,none,none
2025-12-11T09:16:07.431,21.2,60.9,0,,,0,none,none
2025-12-11T09:16:09.686,21.2,60.9,0,,,0,none,none
2025-12-11T09:16:11.943,21.2,60.8,0,,,0,none,none
2025-12-11T09:16:14.198,21.2,60.7,0,,,0,none,none
2025-12-11T09:16:16.455,21.2,60.5,0,,,0,none,none
2025-12-11T09:16:18.715,21.2,60.2,0,,,0,none,none
2025-12-11T09:16:20.975,21.2,59.9,0,,,0,none,none
2025-12-11T09:16:23.231,21.2,59.7,0,,,0,none,none
2025-12-11T09:16:25.486,21.2,59.5,0,,,0,none,none
2025-12-11T09:16:27.740,21.2,59.3,0,,,0,none,none
2025-12-11T09:16:29.999,21.2,59.2,0,,,0,none,none
2025-12-11T09:16:32.254,21.2,59.1,0,,,0,none,none
2025-12-11T09:16:34.511,21.2,59.0,0,,,0,none,none
2025-12-11T09:16:36.766,21.2,59.0,0,,,0,none,none
2025-12-11T09:16:39.023,21.2,59.0,0,,,0,none,none
2025-12-11T09:16:41.278,21.2,59.2,0,,,0,none,none
2025-12-11T09:16:43.532,21.3,59.4,0,,,0,none,none
2025-12-11T09:16:45.791,21.2,59.9,0,,,0,none,none
2025-12-11T09:16:48.046,21.3,59.8,0,,,0,none,none
2025-12-11T09:16:50.300,21.2,59.7,0,,,0,none,none
2025-12-11T09:16:52.559,21.3,59.7,0,,,0,none,none
2025-12-11T09:16:54.819,21.3,59.6,0,,,0,none,none
2025-12-11T09:16:57.079,21.3,60.3,0,,,0,none,none
2025-12-11T09:16:59.334,21.3,60.9,0,,,0,none,none
2025-12-11T09:17:01.588,21.3,60.8,0,,,0,none,none
2025-12-11T09:17:03.847,21.3,61.1,0,,,0,none,none
2025-12-11T09:17:06.107,21.3,61.4,0,,,0,none,none
2025-12-11T09:17:08.363,21.3,61.1,0,,,0,none,none
2025-12-11T09:17:10.623,21.3,60.9,0,,,0,none,none
2025-12-11T09:17:12.883,21.3,60.5,0,,,0,none,none
2025-12-11T09:17:15.138,21.3,60.2,0,,,0,none,none
2025-12-11T09:17:17.392,21.3,59.9,0,,,0,none,none
2025-12-11T09:17:19.651,21.3,59.8,0,,,0,none,none
2025-12-11T09:17:21.911,21.3,59.5,0,,,0,none,none
2025-12-11T09:17:24.166,21.3,59.2,0,,,0,none,none
2025-12-11T09:17:26.423,21.3,59.1,0,,,0,none,none
2025-12-11T09:17:28.678,21.3,59.3,0,,,0,none,none
2025-12-11T09:17:30.932,21.3,59.7,0,,,0,none,none
2025-12-11T09:17:33.187,21.3,59.9,0,,,0,none,none
2025-12-11T09:17:35.441,21.3,60.0,0,,,0,none,none
2025-12-11T09:17:37.699,21.3,59.9,0,,,0,none,none
2025-12-11T09:17:39.959,21.3,59.7,0,,,0,none,none
2025-12-11T09:17:42.219,21.3,59.7,0,,,0,none,none
2025-12-11T09:17:44.475,21.3,59.8,0,,,0,none,none
2025-12-11T09:17:46.735,21.3,60.8,0,,,0,none,none
2025-12-11T09:17:48.990,21.3,61.1,0,,,0,none,none
2025-12-11T09:17:51.244,21.3,61.5,0,,,0,none,none
2025-12-11T09:17:53.499,21.3,62.0,0,,,0,none,none
2025-12-11T09:17:55.754,21.3,62.2,0,,,0,none,none
2025-12-11T09:17:58.008,21.3,62.0,0,,,0,none,none
2025-12-11T09:18:00.267,21.3,61.6,0,,,0,none,none
2025-12-11T09:18:02.527,21.3,61.5,0,,,0,none,none
2025-12-11T09:18:04.787,21.4,62.0,0,,,0,none,none
2025-12-11T09:18:07.042,21.4,61.9,0,,,0,none,none
2025-12-11T09:18:09.296,21.4,61.7,0,,,0,none,none
2025-12-11T09:18:11.555,21.4,61.7,0,,,0,none,none
2025-12-11T09:18:13.815,21.3,61.7,0,,,0,none,none
2025-12-11T09:18:16.075,21.4,61.4,0,,,0,none,none
2025-12-11T09:18:18.335,21.4,61.2,0,,,0,none,none
2025-12-11T09:18:20.595,21.4,60.9,0,,,0,none,none
2025-12-11T09:18:22.855,21.4,60.6,0,,,0,none,none
2025-12-11T09:18:25.115,21.4,60.7,0,,,0,none,none
2025-12-11T09:18:27.370,21.4,61.1,0,,,0,none,none
2025-12-11T09:18:29.627,21.4,61.2,0,,,0,none,none
2025-12-11T09:18:31.887,21.4,61.7,0,,,0,none,none
2025-12-11T09:18:34.147,21.4,61.6,0,,,0,none,none
2025-12-11T09:18:36.402,21.4,61.1,0,,,0,none,none
2025-12-11T09:18:38.656,21.4,60.6,0,,,0,none,none
2025-12-11T09:18:40.910,21.4,60.2,0,,,0,none,none
2025-12-11T09:18:43.167,21.4,60.0,0,,,0,none,none
2025-12-11T09:18:45.427,21.4,59.7,0,,,0,none,none
2025-12-11T09:18:47.687,21.4,59.4,0,,,0,none,none
2025-12-11T09:18:49.942,21.4,59.1,0,,,0,none,none
2025-12-11T09:18:52.199,21.4,58.9,0,,,0,none,none
2025-12-11T09:18:54.454,21.4,58.7,0,,,0,none,none
2025-12-11T09:18:56.711,21.4,58.5,0,,,0,none,none
2025-12-11T09:18:58.971,21.4,58.3,0,,,0,none,none
2025-12-11T09:19:01.226,21.4,58.2,0,,,0,none,none
2025-12-11T09:19:03.483,21.4,58.0,0,,,0,none,none
2025-12-11T09:19:05.743,21.4,58.0,0,,,0,none,none
2025-12-11T09:19:08.003,21.4,58.4,0,,,0,none,none
2025-12-11T09:19:10.258,21.4,58.5,0,,,0,none,none
2025-12-11T09:19:12.515,21.4,58.6,0,,,0,none,none
2025-12-11T09:19:14.775,21.4,59.1,0,,,0,none,none
2025-12-11T09:19:17.030,21.4,59.2,0,,,0,none,none
2025-12-11T09:19:19.287,21.4,59.8,0,,,0,none,none
2025-12-11T09:19:21.547,21.4,59.9,0,,,0,none,none
2025-12-11T09:19:23.807,21.4,59.9,0,,,0,none,none
2025-12-11T09:19:26.067,21.4,59.6,0,,,0,none,none
2025-12-11T09:19:28.321,21.4,59.4,0,,,0,none,none
2025-12-11T09:19:30.576,21.4,59.0,0,,,0,none,none
2025-12-11T09:19:32.835,21.4,58.7,0,,,0,none,none
2025-12-11T09:19:35.089,21.4,58.6,0,,,0,none,none
2025-12-11T09:19:37.347,21.4,58.4,0,,,0,none,none
2025-12-11T09:19:39.607,21.4,58.8,0,,,0,none,none
2025-12-11T09:19:41.867,21.4,58.7,0,,,0,none,none
2025-12-11T09:19:44.127,21.4,58.5,0,,,0,none,none
2025-12-11T09:19:46.387,21.4,58.8,0,,,0,none,none
2025-12-11T09:19:48.641,21.4,58.9,0,,,0,none,none
2025-12-11T09:19:50.899,21.4,58.8,0,,,0,none,none
2025-12-11T09:19:53.154,21.4,58.5,0,,,0,none,none
2025-12-11T09:19:55.408,21.4,58.3,0,,,0,none,none
2025-12-11T09:19:57.663,21.4,58.3,0,,,0,none,none
2025-12-11T09:19:59.923,21.5,58.1,0,,,0,none,none
2025-12-11T09:20:02.179,21.4,58.0,0,,,0,none,none
2025-12-11T09:20:04.434,21.4,58.0,0,,,0,none,none
2025-12-11T09:20:06.691,21.4,58.5,0,,,0,none,none
2025-12-11T09:20:08.945,21.4,59.2,0,,,0,none,none
2025-12-11T09:20:11.203,21.4,59.8,0,,,0,none,none
2025-12-11T09:20:13.459,21.4,59.6,0,,,0,none,none
2025-12-11T09:20:15.713,21.5,59.6,0,,,0,none,none
2025-12-11T09:20:17.968,21.4,59.5,0,,,0,none,none
2025-12-11T09:20:20.222,21.5,60.0,0,,,0,none,none
2025-12-11T09:20:22.477,21.5,60.2,0,,,0,none,none
2025-12-11T09:20:24.733,21.5,60.4,0,,,0,none,none
2025-12-11T09:20:26.988,21.5,60.3,0,,,0,none,none
2025-12-11T09:20:29.242,21.5,60.6,0,,,0,none,none
2025-12-11T09:20:31.497,21.5,60.1,0,,,0,none,none
2025-12-11T09:20:33.752,21.5,59.7,0,,,0,none,none
2025-12-11T09:20:36.006,21.5,59.3,0,,,0,none,none
2025-12-11T09:20:38.261,21.5,58.9,0,,,0,none,none
2025-12-11T09:20:40.516,21.5,58.6,0,,,0,none,none
2025-12-11T09:20:42.770,,,0,,,0,none,none
2025-12-11T09:20:45.025,21.5,59.4,0,,,0,none,none
2025-12-11T09:20:47.280,21.5,59.3,0,,,0,none,none
2025-12-11T09:20:49.535,21.5,59.0,0,,,0,none,none
2025-12-11T09:20:51.789,21.5,58.6,0,,,0,none,none
2025-12-11T09:20:54.044,21.5,58.3,0,,,0,none,none
2025-12-11T09:20:56.299,21.5,58.1,0,,,0,none,none
2025-12-11T09:20:58.553,21.5,58.0,0,,,0,none,none
2025-12-11T09:21:00.808,21.5,57.9,0,,,0,none,none
2025-12-11T09:21:03.063,21.5,57.9,0,,,0,none,none
2025-12-11T09:21:05.319,21.5,58.2,0,,,0,none,none
2025-12-11T09:21:07.574,21.5,58.1,0,,,0,none,none
2025-12-11T09:21:09.831,21.5,58.0,0,,,0,none,none
2025-12-11T09:21:12.091,21.5,57.8,0,,,0,none,none
2025-12-11T09:21:14.351,21.5,57.7,0,,,0,none,none
2025-12-11T09:21:16.611,21.5,57.7,0,,,0,none,none
2025-12-11T09:21:18.867,21.5,57.7,0,,,0,none,none
2025-12-11T09:21:21.122,21.5,57.6,0,,,0,none,none
2025-12-11T09:21:23.379,21.5,57.4,0,,,0,none,none
2025-12-11T09:21:25.639,21.6,57.5,0,,,0,none,none
2025-12-11T09:21:27.899,21.6,57.7,0,,,0,none,none
2025-12-11T09:21:30.154,21.5,58.0,0,,,0,none,none
2025-12-11T09:21:32.411,21.5,58.1,0,,,0,none,none
2025-12-11T09:21:34.666,21.5,58.1,0,,,0,none,none
2025-12-11T09:21:36.923,,,0,,,0,none,none
2025-12-11T09:21:39.178,21.6,58.1,0,,,0,none,none
2025-12-11T09:21:41.432,21.5,57.9,0,,,0,none,none
2025-12-11T09:21:43.691,21.6,57.8,0,,,0,none,none
2025-12-11T09:21:45.951,21.6,57.8,0,,,0,none,none
2025-12-11T09:21:48.206,21.6,58.0,0,,,0,none,none
2025-12-11T09:21:50.460,21.6,58.4,0,,,0,none,none
2025-12-11T09:21:52.715,21.6,59.0,0,,,0,none,none
2025-12-11T09:21:54.975,21.6,59.3,0,,,0,none,none
2025-12-11T09:21:57.235,21.6,58.9,0,,,0,none,none
2025-12-11T09:21:59.490,21.6,58.6,0,,,0,none,none
2025-12-11T09:22:01.747,21.6,58.4,0,,,0,none,none
2025-12-11T09:22:04.002,21.6,58.2,0,,,0,none,none
2025-12-11T09:22:06.256,21.6,58.2,0,,,0,none,none
2025-12-11T09:22:08.511,21.6,58.1,0,,,0,none,none
2025-12-11T09:22:10.767,21.6,58.1,0,,,0,none,none
2025-12-11T09:22:13.022,21.6,58.9,0,,,0,none,none
2025-12-11T09:22:15.279,21.6,58.8,0,,,0,none,none
2025-12-11T09:22:17.534,21.6,58.5,0,,,0,none,none
2025-12-11T09:22:19.791,21.6,58.2,0,,,0,none,none
2025-12-11T09:22:22.051,21.6,58.1,0,,,0,none,none
2025-12-11T09:22:24.306,21.7,58.0,0,,,0,none,none
2025-12-11T09:22:26.563,21.7,58.2,0,,,0,none,none
2025-12-11T09:22:28.823,21.7,58.4,0,,,0,none,none
2025-12-11T09:22:31.078,21.7,58.7,0,,,0,none,none
2025-12-11T09:22:33.333,21.7,59.0,0,,,0,none,none
2025-12-11T09:22:35.588,21.7,58.8,0,,,0,none,none
2025-12-11T09:22:37.842,21.7,59.1,0,,,0,none,none
2025-12-11T09:22:40.098,21.7,59.3,0,,,0,none,none
2025-12-11T09:22:42.352,21.7,59.1,0,,,0,none,none
2025-12-11T09:22:44.607,21.7,59.0,0,,,0,none,none
2025-12-11T09:22:46.862,21.7,58.7,0,,,0,none,none
2025-12-11T09:22:49.116,21.7,58.5,0,,,0,none,none
2025-12-11T09:22:51.371,21.7,58.5,0,,,0,none,none
2025-12-11T09:22:53.626,21.7,58.4,0,,,0,none,none
2025-12-11T09:22:55.881,21.7,58.3,0,,,0,none,none
2025-12-11T09:22:58.135,21.7,58.6,0,,,0,none,none
2025-12-11T09:23:00.390,21.7,59.1,0,,,0,none,none
2025-12-11T09:23:02.645,21.7,60.3,0,,,0,none,none
2025-12-11T09:23:04.900,21.7,61.3,0,,,0,none,none
2025-12-11T09:23:07.155,21.8,61.6,0,,,0,none,none
2025-12-11T09:23:09.410,21.8,61.5,0,,,0,none,none
2025-12-11T09:23:11.664,21.8,61.6,0,,,0,none,none
2025-12-11T09:23:13.919,21.7,61.3,0,,,0,none,none
2025-12-11T09:23:16.174,21.8,61.2,0,,,0,none,none
2025-12-11T09:23:18.429,21.8,61.1,0,,,0,none,none
2025-12-11T09:23:20.684,21.8,61.0,0,,,0,none,none
2025-12-11T09:23:22.938,21.8,60.6,0,,,0,none,none
2025-12-11T09:23:25.193,21.8,60.3,0,,,0,none,none
2025-12-11T09:23:27.448,21.8,60.0,0,,,0,none,none
2025-12-11T09:23:29.703,21.8,59.7,0,,,0,none,none
2025-12-11T09:23:31.957,21.8,59.6,0,,,0,none,none
2025-12-11T09:23:34.212,21.8,59.4,0,,,0,none,none
2025-12-11T09:23:36.467,21.8,59.2,0,,,0,none,none
2025-12-11T09:23:38.722,21.8,59.3,0,,,0,none,none
2025-12-11T09:23:40.977,21.8,59.3,0,,,0,none,none
2025-12-11T09:23:43.231,21.8,59.2,0,,,0,none,none
2025-12-11T09:23:45.486,21.8,59.3,0,,,0,none,none
2025-12-11T09:23:47.741,21.8,59.5,0,,,0,none,none
2025-12-11T09:23:49.996,21.8,59.6,0,,,0,none,none
2025-12-11T09:23:52.250,21.8,59.2,0,,,0,none,none
2025-12-11T09:23:54.505,21.8,58.8,0,,,0,none,none
2025-12-11T09:23:56.760,21.8,58.6,0,,,0,none,none
2025-12-11T09:23:59.015,21.8,58.4,0,,,0,none,none
2025-12-11T09:24:01.270,21.8,58.1,0,,,0,none,none
2025-12-11T09:24:03.525,21.9,58.0,0,,,0,none,none
2025-12-11T09:24:05.779,21.9,57.9,0,,,0,none,none
2025-12-11T09:24:08.034,21.9,58.3,0,,,0,none,none
2025-12-11T09:24:10.289,21.8,58.5,0,,,0,none,none
2025-12-11T09:24:12.544,21.8,59.2,0,,,0,none,none
2025-12-11T09:24:14.799,21.9,59.9,0,,,0,none,none
2025-12-11T09:24:17.053,21.9,60.0,0,,,0,none,none
2025-12-11T09:24:19.308,21.9,59.5,0,,,0,none,none
2025-12-11T09:24:21.563,21.9,59.1,0,,,0,none,none
2025-12-11T09:24:23.818,21.9,58.8,0,,,0,none,none
2025-12-11T09:24:26.072,21.9,58.8,0,,,0,none,none
2025-12-11T09:24:28.327,21.9,59.6,0,,,0,none,none
2025-12-11T09:24:30.582,21.9,60.5,0,,,0,none,none
2025-12-11T09:24:32.836,21.9,61.0,0,,,0,none,none
2025-12-11T09:24:35.091,21.9,60.5,0,,,0,none,none
2025-12-11T09:24:37.346,21.9,60.1,0,,,0,none,none
2025-12-11T09:24:39.600,21.9,59.9,0,,,0,none,none
2025-12-11T09:24:41.855,21.9,59.6,0,,,0,none,none
2025-12-11T09:24:44.110,21.9,59.8,0,,,0,none,none
2025-12-11T09:24:46.364,21.9,60.0,0,,,0,none,none
2025-12-11T09:24:48.619,21.9,60.3,0,,,0,none,none
2025-12-11T09:24:50.874,21.9,60.0,0,,,0,none,none
2025-12-11T09:24:53.128,21.9,59.4,0,,,0,none,none
2025-12-11T09:24:55.383,21.9,59.3,0,,,0,none,none
2025-12-11T09:24:57.638,21.9,59.3,0,,,0,none,none
2025-12-11T09:24:59.893,21.9,59.4,0,,,0,none,none
2025-12-11T09:25:02.147,21.9,59.5,0,,,0,none,none
2025-12-11T09:25:04.402,21.9,59.6,0,,,0,none,none
2025-12-11T09:25:06.657,21.9,59.7,0,,,0,none,none
2025-12-11T09:25:08.911,,,0,,,0,none,none
2025-12-11T09:25:11.166,21.9,59.8,0,,,0,none,none
2025-12-11T09:25:13.421,21.8,59.7,0,,,0,none,none
2025-12-11T09:25:15.676,21.9,59.6,0,,,0,none,none
2025-12-11T09:25:17.930,21.9,59.5,0,,,0,none,none
2025-12-11T09:25:20.185,21.8,59.3,0,,,0,none,none
2025-12-11T09:25:22.440,,,0,,,0,none,none
2025-12-11T09:25:24.694,21.8,59.3,0,,,0,none,none
2025-12-11T09:25:26.949,21.8,59.3,0,,,0,none,none
2025-12-11T09:25:29.204,21.8,59.3,0,,,0,none,none
2025-12-11T09:25:31.459,21.8,59.3,0,,,0,none,none
2025-12-11T09:25:33.713,21.8,59.2,0,,,0,none,none
2025-12-11T09:25:35.968,21.8,59.1,0,,,0,none,none
2025-12-11T09:25:38.223,21.8,58.9,0,,,0,none,none
2025-12-11T09:25:40.477,21.8,58.8,0,,,0,none,none
2025-12-11T09:25:42.732,21.8,58.6,0,,,0,none,none
2025-12-11T09:25:44.987,21.8,58.5,0,,,0,none,none
2025-12-11T09:25:47.241,21.8,58.5,0,,,0,none,none
2025-12-11T09:25:49.496,21.8,58.6,0,,,0,none,none
2025-12-11T09:25:51.751,21.8,58.9,0,,,0,none,none
2025-12-11T09:25:54.005,21.8,59.3,0,,,0,none,none
2025-12-11T09:25:56.260,21.8,59.8,0,,,0,none,none
2025-12-11T09:25:58.515,21.8,60.2,0,,,0,none,none
2025-12-11T09:26:00.770,21.7,60.4,0,,,0,none,none
2025-12-11T09:26:03.024,21.8,60.6,0,,,0,none,none
2025-12-11T09:26:05.279,21.8,60.7,0,,,0,none,none
2025-12-11T09:26:07.534,21.8,60.4,0,,,0,none,none
2025-12-11T09:26:09.788,21.8,60.1,0,,,0,none,none
2025-12-11T09:26:12.043,21.7,59.7,0,,,0,none,none
2025-12-11T09:26:14.298,21.7,59.4,0,,,0,none,none
2025-12-11T09:26:16.553,21.7,59.2,0,,,0,none,none
2025-12-11T09:26:18.807,21.7,59.1,0,,,0,none,none
2025-12-11T09:26:21.062,21.7,59.0,0,,,0,none,none
2025-12-11T09:26:23.317,21.7,59.0,0,,,0,none,none
2025-12-11T09:26:25.571,21.8,59.0,0,,,0,none,none
2025-12-11T09:26:27.826,21.7,58.8,0,,,0,none,none
2025-12-11T09:26:30.081,21.7,58.7,0,,,0,none,none
2025-12-11T09:26:32.335,21.7,58.8,0,,,0,none,none
2025-12-11T09:26:34.590,21.7,58.7,0,,,0,none,none
2025-12-11T09:26:36.845,21.7,58.7,0,,,0,none,none
2025-12-11T09:26:39.099,21.7,58.6,0,,,0,none,none
2025-12-11T09:26:41.354,21.7,58.6,0,,,0,none,none
2025-12-11T09:26:43.609,21.7,58.7,0,,,0,none,none
2025-12-11T09:26:45.863,21.7,58.8,0,,,0,none,none
2025-12-11T09:26:48.118,21.7,58.9,0,,,0,none,none
2025-12-11T09:26:50.373,21.7,58.9,0,,,0,none,none
2025-12-11T09:26:52.628,21.7,59.1,0,,,0,none,none
2025-12-11T09:26:54.882,21.7,59.3,0,,,0,none,none
2025-12-11T09:26:57.137,21.7,59.6,0,,,0,none,none
2025-12-11T09:26:59.392,21.7,59.9,0,,,0,none,none
2025-12-11T09:27:01.646,21.6,60.0,0,,,0,none,none
2025-12-11T09:27:03.901,21.6,60.0,0,,,0,none,none
2025-12-11T09:27:06.156,21.6,60.1,0,,,0,none,none
2025-12-11T09:27:08.411,21.6,60.3,0,,,0,none,none
2025-12-11T09:27:10.665,21.6,60.5,0,,,0,none,none
2025-12-11T09:27:12.920,,,0,,,0,none,none
2025-12-11T09:27:15.175,21.6,60.6,0,,,0,none,none
2025-12-11T09:27:17.430,21.6,60.5,0,,,0,none,none
2025-12-11T09:27:19.684,21.6,60.6,0,,,0,none,none
2025-12-11T09:27:21.939,21.6,60.8,0,,,0,none,none
2025-12-11T09:27:24.194,21.6,61.0,0,,,0,none,none
2025-12-11T09:27:26.448,21.6,61.2,0,,,0,none,none
2025-12-11T09:27:28.703,21.6,61.3,0,,,0,none,none
2025-12-11T09:27:30.958,21.6,61.4,0,,,0,none,none
2025-12-11T09:27:33.213,21.6,61.6,0,,,0,none,none
2025-12-11T09:27:35.467,21.6,61.7,0,,,0,none,none
2025-12-11T09:27:37.722,21.6,61.6,0,,,0,none,none
2025-12-11T09:27:39.977,21.6,61.5,0,,,0,none,none
2025-12-11T09:27:42.231,21.6,61.4,0,,,0,none,none
2025-12-11T09:27:44.486,21.6,61.3,0,,,0,none,none
2025-12-11T09:27:46.741,21.6,61.2,0,,,0,none,none
2025-12-11T09:27:48.995,21.6,61.2,0,,,0,none,none
2025-12-11T09:27:51.250,21.5,61.0,0,,,0,none,none
2025-12-11T09:27:53.505,21.5,60.8,0,,,0,none,none
2025-12-11T09:27:55.759,21.5,60.6,0,,,0,none,none
2025-12-11T09:27:58.019,21.5,60.5,0,,,0,none,none
2025-12-11T09:28:00.279,21.5,60.4,0,,,0,none,none
2025-12-11T09:28:02.533,21.5,60.3,0,,,0,none,none
2025-12-11T09:28:04.788,21.5,60.3,0,,,0,none,none
2025-12-11T09:28:07.047,21.5,60.2,0,,,0,none,none
2025-12-11T09:28:09.302,21.5,60.2,0,,,0,none,none
2025-12-11T09:28:11.559,21.5,60.0,0,,,0,none,none
2025-12-11T09:28:13.819,21.5,59.9,0,,,0,none,none
2025-12-11T09:28:16.074,21.5,59.8,0,,,0,none,none
2025-12-11T09:28:18.331,21.5,59.8,0,,,0,none,none
2025-12-11T09:28:20.587,21.5,60.0,0,,,0,none,none
2025-12-11T09:28:22.842,21.4,60.0,0,,,0,none,none
2025-12-11T09:28:25.096,21.4,60.0,0,,,0,none,none
2025-12-11T09:28:27.355,21.4,59.9,0,,,0,none,none
2025-12-11T09:28:29.609,21.4,59.9,0,,,0,none,none
2025-12-11T09:28:31.864,21.4,59.8,0,,,0,none,none
2025-12-11T09:28:34.119,21.4,59.8,0,,,0,none,none
2025-12-11T09:28:36.374,21.4,59.8,0,,,0,none,none
2025-12-11T09:28:38.631,21.4,59.7,0,,,0,none,none
2025-12-11T09:28:40.891,21.4,59.8,0,,,0,none,none
2025-12-11T09:28:43.146,21.4,59.8,0,,,0,none,none
2025-12-11T09:28:45.400,21.4,59.8,0,,,0,none,none
2025-12-11T09:28:47.655,21.4,59.8,0,,,0,none,none
2025-12-11T09:28:49.909,21.4,59.8,0,,,0,none,none
2025-12-11T09:28:52.167,,,0,,,0,none,none
2025-12-11T09:28:54.427,21.3,59.9,0,,,0,none,none
2025-12-11T09:28:56.682,21.4,59.9,0,,,0,none,none
2025-12-11T09:28:58.936,21.4,60.1,0,,,0,none,none
2025-12-11T09:29:01.195,21.3,60.1,0,,,0,none,none
2025-12-11T09:29:03.450,21.3,60.2,0,,,0,none,none
2025-12-11T09:29:05.704,21.3,60.2,0,,,0,none,none
2025-12-11T09:29:07.958,21.3,60.2,0,,,0,none,none
2025-12-11T09:29:10.213,21.3,60.2,0,,,0,none,none
2025-12-11T09:29:12.467,21.3,60.1,0,,,0,none,none
2025-12-11T09:29:14.722,21.3,60.1,0,,,0,none,none
2025-12-11T09:29:16.979,21.3,60.1,0,,,0,none,none
2025-12-11T09:29:19.234,21.3,60.1,0,,,0,none,none
2025-12-11T09:29:21.491,21.3,60.1,0,,,0,none,none
2025-12-11T09:29:23.745,21.3,60.1,0,,,0,none,none
2025-12-11T09:29:26.003,21.3,59.9,0,,,0,none,none
2025-12-11T09:29:28.263,21.3,59.7,0,,,0,none,none
2025-12-11T09:29:30.517,21.3,59.6,0,,,0,none,none
2025-12-11T09:29:32.772,21.3,59.7,0,,,0,none,none
2025-12-11T09:29:35.027,21.2,59.8,0,,,0,none,none
2025-12-11T09:29:37.283,21.2,59.9,0,,,0,none,none
2025-12-11T09:29:39.543,21.3,60.0,0,,,0,none,none
2025-12-11T09:29:41.798,21.3,60.0,0,,,0,none,none
2025-12-11T09:29:44.055,21.2,60.1,0,,,0,none,none
2025-12-11T09:29:46.315,21.3,60.2,0,,,0,none,none
2025-12-11T09:29:48.570,21.3,60.3,0,,,0,none,none
2025-12-11T09:29:50.827,21.3,60.4,0,,,0,none,none
2025-12-11T09:29:53.087,21.3,60.5,0,,,0,none,none
2025-12-11T09:29:55.342,21.2,60.5,0,,,0,none,none
2025-12-11T09:29:57.599,21.2,60.6,0,,,0,none,none
2025-12-11T09:29:59.854,21.2,60.6,0,,,0,none,none
2025-12-11T09:30:02.108,21.2,60.7,0,,,0,none,none
2025-12-11T09:30:04.363,21.2,60.6,0,,,0,none,none
2025-12-11T09:30:06.619,21.2,60.4,0,,,0,none,none
2025-12-11T09:30:08.875,21.2,60.5,0,,,0,none,none
2025-12-11T09:30:11.130,21.2,60.7,0,,,0,none,none
2025-12-11T09:30:13.384,21.2,60.8,0,,,0,none,none
2025-12-11T09:30:15.643,21.2,60.7,0,,,0,none,none
2025-12-11T09:30:17.897,21.2,60.5,0,,,0,none,none
2025-12-11T09:30:20.152,21.2,60.5,0,,,0,none,none
2025-12-11T09:30:22.407,21.1,60.5,0,,,0,none,none
2025-12-11T09:30:24.661,21.2,60.6,0,,,0,none,none
2025-12-11T09:30:26.916,21.2,60.7,0,,,0,none,none
2025-12-11T09:30:29.175,21.2,60.7,0,,,0,none,none
2025-12-11T09:30:31.430,21.1,60.6,0,,,0,none,none
2025-12-11T09:30:33.685,21.1,60.6,0,,,0,none,none
2025-12-11T09:30:35.939,21.1,60.5,0,,,0,none,none
2025-12-11T09:30:38.194,21.1,60.6,0,,,0,none,none
2025-12-11T09:30:40.449,21.1,60.6,0,,,0,none,none
2025-12-11T09:30:42.703,21.1,60.7,0,,,0,none,none
2025-12-11T09:30:44.958,21.1,60.7,0,,,0,none,none
2025-12-11T09:30:47.213,21.1,60.8,0,,,0,none,none
2025-12-11T09:30:49.468,21.1,60.8,0,,,0,none,none
2025-12-11T09:30:51.722,21.1,60.9,0,,,0,none,none
2025-12-11T09:30:53.977,21.1,60.9,0,,,0,none,none
2025-12-11T09:30:56.232,21.1,60.9,0,,,0,none,none
2025-12-11T09:30:58.486,21.1,60.9,0,,,0,none,none
2025-12-11T09:31:00.741,21.1,60.9,0,,,0,none,none
2025-12-11T09:31:02.996,21.1,60.9,0,,,0,none,none
2025-12-11T09:31:05.251,21.1,60.8,0,,,0,none,none
2025-12-11T09:31:07.506,21.1,60.8,0,,,0,none,none
2025-12-11T09:31:09.760,21.1,60.9,0,,,0,none,none
2025-12-11T09:31:12.015,21.1,60.8,0,,,0,none,none
2025-12-11T09:31:14.270,21.1,60.8,0,,,0,none,none
2025-12-11T09:31:16.524,21.1,60.8,0,,,0,none,none
2025-12-11T09:31:18.779,21.0,60.6,0,,,0,none,none
2025-12-11T09:31:21.034,21.1,60.7,0,,,0,none,none
2025-12-11T09:31:23.289,21.1,60.7,0,,,0,none,none
2025-12-11T09:31:25.544,21.1,60.7,0,,,0,none,none
2025-12-11T09:31:27.798,21.1,60.6,0,,,0,none,none
2025-12-11T09:31:30.053,21.1,60.4,0,,,0,none,none
2025-12-11T09:31:32.308,21.1,60.3,0,,,0,none,none
2025-12-11T09:31:34.563,21.1,60.3,0,,,0,none,none
2025-12-11T09:31:36.817,21.0,60.4,0,,,0,none,none
2025-12-11T09:31:39.072,21.0,60.3,0,,,0,none,none
2025-12-11T09:31:41.327,21.0,60.3,0,,,0,none,none
2025-12-11T09:31:43.582,21.0,60.2,0,,,0,none,none
2025-12-11T09:31:45.836,21.0,60.1,0,,,0,none,none
2025-12-11T09:31:48.091,21.0,60.1,0,,,0,none,none
2025-12-11T09:31:50.346,21.0,60.2,0,,,0,none,none
2025-12-11T09:31:52.600,21.0,60.1,0,,,0,none,none
2025-12-11T09:31:54.855,21.0,60.2,0,,,0,none,none
2025-12-11T09:31:57.110,21.0,60.2,0,,,0,none,none
2025-12-11T09:31:59.364,21.0,60.3,0,,,0,none,none
2025-12-11T09:32:01.619,21.0,60.2,0,,,0,none,none
2025-12-11T09:32:03.874,21.0,60.3,0,,,0,none,none
2025-12-11T09:32:06.128,21.0,60.4,0,,,0,none,none
2025-12-11T09:32:08.383,21.0,60.5,0,,,0,none,none
2025-12-11T09:32:10.638,21.0,60.6,0,,,0,none,none
2025-12-11T09:32:12.892,21.0,60.7,0,,,0,none,none
2025-12-11T09:32:15.147,21.0,60.8,0,,,0,none,none
2025-12-11T09:32:17.402,21.0,60.8,0,,,0,none,none
2025-12-11T09:32:19.657,21.0,60.9,0,,,0,none,none
2025-12-11T09:32:21.912,21.0,60.9,0,,,0,none,none
2025-12-11T09:32:24.166,21.0,60.9,0,,,0,none,none
2025-12-11T09:32:26.421,21.0,60.9,0,,,0,none,none
2025-12-11T09:32:28.676,21.0,60.9,0,,,0,none,none
2025-12-11T09:32:30.931,21.0,60.9,0,,,0,none,none
2025-12-11T09:32:33.186,21.0,60.9,0,,,0,none,none
2025-12-11T09:32:35.440,20.9,60.9,0,,,0,none,none
2025-12-11T09:32:37.695,20.9,60.9,0,,,0,none,none
2025-12-11T09:32:39.950,21.0,60.9,0,,,0,none,none
2025-12-11T09:32:42.205,21.0,60.9,0,,,0,none,none
2025-12-11T09:32:44.460,21.0,60.8,0,,,0,none,none
2025-12-11T09:32:46.714,21.0,60.8,0,,,0,none,none
2025-12-11T09:32:48.969,20.9,60.6,0,,,0,none,none
2025-12-11T09:32:51.224,20.9,60.6,0,,,0,none,none
2025-12-11T09:32:53.479,20.9,60.7,0,,,0,none,none
2025-12-11T09:32:55.734,20.9,60.8,0,,,0,none,none
2025-12-11T09:32:57.988,20.9,60.8,0,,,0,none,none
2025-12-11T09:33:00.243,20.9,60.9,0,,,0,none,none
2025-12-11T09:33:02.498,20.9,60.8,0,,,0,none,none
2025-12-11T09:33:04.753,20.9,60.8,0,,,0,none,none
2025-12-11T09:33:07.008,20.9,60.8,0,,,0,none,none
2025-12-11T09:33:09.262,20.9,60.7,0,,,0,none,none
2025-12-11T09:33:11.517,20.9,60.7,0,,,0,none,none
2025-12-11T09:33:13.772,20.9,60.7,0,,,0,none,none
2025-12-11T09:33:16.027,,,0,,,0,none,none
2025-12-11T09:33:18.281,20.9,60.8,0,,,0,none,none
2025-12-11T09:33:20.536,20.9,60.7,0,,,0,none,none
2025-12-11T09:33:22.791,20.9,60.8,0,,,0,none,none
2025-12-11T09:33:25.046,20.9,60.9,0,,,0,none,none
2025-12-11T09:33:27.300,20.9,60.9,0,,,0,none,none
2025-12-11T09:33:29.555,20.9,60.9,0,,,0,none,none
2025-12-11T09:33:31.810,20.9,60.9,0,,,0,none,none
2025-12-11T09:33:34.064,20.9,61.0,0,,,0,none,none
2025-12-11T09:33:36.319,20.9,61.0,0,,,0,none,none
2025-12-11T09:33:38.574,20.9,60.9,0,,,0,none,none
2025-12-11T09:33:40.828,20.9,60.9,0,,,0,none,none
2025-12-11T09:33:43.083,20.9,60.9,0,,,0,none,none
2025-12-11T09:33:45.338,20.9,60.9,0,,,0,none,none
2025-12-11T09:33:47.593,20.9,60.8,0,,,0,none,none
2025-12-11T09:33:49.847,20.9,60.9,0,,,0,none,none
2025-12-11T09:33:52.102,20.9,60.9,0,,,0,none,none
2025-12-11T09:33:54.357,20.9,60.9,0,,,0,none,none
2025-12-11T09:33:56.612,20.9,60.8,0,,,0,none,none
2025-12-11T09:33:58.867,20.9,60.9,0,,,0,none,none
2025-12-11T09:34:01.121,20.9,60.9,0,,,0,none,none
2025-12-11T09:34:03.376,20.9,60.9,0,,,0,none,none
2025-12-11T09:34:05.631,20.9,60.9,0,,,0,none,none
2025-12-11T09:34:07.886,20.9,60.9,0,,,0,none,none
2025-12-11T09:34:10.141,20.9,60.9,0,,,0,none,none
2025-12-11T09:34:12.395,20.9,60.9,0,,,0,none,none
2025-12-11T09:34:14.650,20.9,60.9,0,,,0,none,none
2025-12-11T09:34:16.905,20.9,60.8,0,,,0,none,none
2025-12-11T09:34:19.160,20.9,60.8,0,,,0,none,none
2025-12-11T09:34:21.414,20.9,60.8,0,,,0,none,none
2025-12-11T09:34:23.669,20.9,60.9,0,,,0,none,none
2025-12-11T09:34:25.924,20.9,60.8,0,,,0,none,none
2025-12-11T09:34:28.179,20.9,60.6,0,,,0,none,none
2025-12-11T09:34:30.434,20.9,60.6,0,,,0,none,none
2025-12-11T09:34:32.688,20.9,60.6,0,,,0,none,none
2025-12-11T09:34:34.943,20.9,60.7,0,,,0,none,none
2025-12-11T09:34:37.198,20.9,60.7,0,,,0,none,none
2025-12-11T09:34:39.453,20.9,60.8,0,,,0,none,none
2025-12-11T09:34:41.708,20.9,60.7,0,,,0,none,none
2025-12-11T09:34:43.962,20.9,60.7,0,,,0,none,none
2025-12-11T09:34:46.217,20.8,60.6,0,,,0,none,none
2025-12-11T09:34:48.472,20.9,60.6,0,,,0,none,none
2025-12-11T09:34:50.727,20.8,60.6,0,,,0,none,none
2025-12-11T09:34:52.981,20.8,60.5,0,,,0,none,none
2025-12-11T09:34:55.236,20.8,60.5,0,,,0,none,none
2025-12-11T09:34:57.491,20.8,60.5,0,,,0,none,none
2025-12-11T09:34:59.746,20.9,60.5,0,,,0,none,none
2025-12-11T09:35:02.001,20.8,60.4,0,,,0,none,none
2025-12-11T09:35:04.256,20.8,60.4,0,,,0,none,none
2025-12-11T09:35:06.510,20.9,60.5,0,,,0,none,none
2025-12-11T09:35:08.767,20.8,60.6,0,,,0,none,none
2025-12-11T09:35:11.027,20.8,60.5,0,,,0,none,none
2025-12-11T09:35:13.283,20.8,60.4,0,,,0,none,none
2025-12-11T09:35:15.538,20.8,60.2,0,,,0,none,none
2025-12-11T09:35:17.792,20.8,60.3,0,,,0,none,none
2025-12-11T09:35:20.047,20.8,60.2,0,,,0,none,none
2025-12-11T09:35:22.303,20.8,60.3,0,,,0,none,none
2025-12-11T09:35:24.558,20.8,60.2,0,,,0,none,none
2025-12-11T09:35:26.815,20.8,60.3,0,,,0,none,none
2025-12-11T09:35:29.070,20.8,60.3,0,,,0,none,none
2025-12-11T09:35:31.327,20.8,60.3,0,,,0,none,none
2025-12-11T09:35:33.587,20.8,60.3,0,,,0,none,none
2025-12-11T09:35:35.847,20.8,60.1,0,,,0,none,none
2025-12-11T09:35:38.102,20.8,60.1,0,,,0,none,none
2025-12-11T09:35:40.359,20.8,60.2,0,,,0,none,none
2025-12-11T09:35:42.614,20.8,60.2,0,,,0,none,none
2025-12-11T09:35:44.868,20.8,60.2,0,,,0,none,none
2025-12-11T09:35:47.127,20.8,60.2,0,,,0,none,none
2025-12-11T09:35:49.382,20.8,60.2,0,,,0,none,none
2025-12-11T09:35:51.639,20.8,60.3,0,,,0,none,none
2025-12-11T09:35:53.899,20.8,60.3,0,,,0,none,none
2025-12-11T09:35:56.159,20.8,60.3,0,,,0,none,none
2025-12-11T09:35:58.419,20.8,60.2,0,,,0,none,none
2025-12-11T09:36:00.675,20.8,60.2,0,,,0,none,none
2025-12-11T09:36:02.935,20.8,60.1,0,,,0,none,none
2025-12-11T09:36:05.195,20.8,60.1,0,,,0,none,none
2025-12-11T09:36:07.451,20.7,60.0,0,,,0,none,none
2025-12-11T09:36:09.706,20.7,59.9,0,,,0,none,none
2025-12-11T09:36:11.960,20.8,59.9,0,,,0,none,none
2025-12-11T09:36:14.219,20.7,59.8,0,,,0,none,none
2025-12-11T09:36:16.479,20.7,59.8,0,,,0,none,none
2025-12-11T09:36:18.734,20.7,59.8,0,,,0,none,none
2025-12-11T09:36:20.988,20.7,59.8,0,,,0,none,none
2025-12-11T09:36:23.243,20.7,59.8,0,,,0,none,none
2025-12-11T09:36:25.499,20.7,59.9,0,,,0,none,none
2025-12-11T09:36:27.755,20.7,59.9,0,,,0,none,none
2025-12-11T09:36:30.015,20.7,60.0,0,,,0,none,none
2025-12-11T09:36:32.270,20.7,60.2,0,,,0,none,none
2025-12-11T09:36:34.527,20.7,60.3,0,,,0,none,none
2025-12-11T09:36:36.787,20.7,60.2,0,,,0,none,none
2025-12-11T09:36:39.042,20.7,60.1,0,,,0,none,none
2025-12-11T09:36:41.299,20.7,60.0,0,,,0,none,none
2025-12-11T09:36:43.554,20.7,59.9,0,,,0,none,none
2025-12-11T09:36:45.811,20.7,60.0,0,,,0,none,none
2025-12-11T09:36:48.071,20.8,60.1,0,,,0,none,none
2025-12-11T09:36:50.331,20.7,60.0,0,,,0,none,none
2025-12-11T09:36:52.586,20.6,60.1,0,,,0,none,none
2025-12-11T09:36:54.843,20.7,60.1,0,,,0,none,none
2025-12-11T09:36:57.103,20.7,60.2,0,,,0,none,none
2025-12-11T09:36:59.358,20.7,60.2,0,,,0,none,none
2025-12-11T09:37:01.612,20.7,60.2,0,,,0,none,none
2025-12-11T09:37:03.867,20.7,60.1,0,,,0,none,none
2025-12-11T09:37:06.123,20.7,60.1,0,,,0,none,none
2025-12-11T09:37:08.378,20.7,60.1,0,,,0,none,none
2025-12-11T09:37:10.635,20.7,60.1,0,,,0,none,none
2025-12-11T09:37:12.895,20.7,60.0,0,,,0,none,none
2025-12-11T09:37:15.151,20.7,60.0,0,,,0,none,none
2025-12-11T09:37:17.411,20.7,59.9,0,,,0,none,none
2025-12-11T09:37:19.666,20.7,59.9,0,,,0,none,none
2025-12-11T09:37:21.920,20.7,59.9,0,,,0,none,none
2025-12-11T09:37:24.179,20.7,60.1,0,,,0,none,none
2025-12-11T09:37:26.434,20.7,60.2,0,,,0,none,none
2025-12-11T09:37:28.691,20.7,60.3,0,,,0,none,none
2025-12-11T09:37:30.951,20.7,60.4,0,,,0,none,none
2025-12-11T09:37:33.206,20.7,60.5,0,,,0,none,none
2025-12-11T09:37:35.463,20.7,60.4,0,,,0,none,none
2025-12-11T09:37:37.718,20.7,60.4,0,,,0,none,none
2025-12-11T09:37:39.972,20.7,60.3,0,,,0,none,none
2025-12-11T09:37:42.227,20.7,60.3,0,,,0,none,none
2025-12-11T09:37:44.483,20.7,60.4,0,,,0,none,none
2025-12-11T09:37:46.738,20.7,60.3,0,,,0,none,none
2025-12-11T09:37:48.992,20.7,60.2,0,,,0,none,none
2025-12-11T09:37:51.247,20.7,60.1,0,,,0,none,none
2025-12-11T09:37:53.501,20.7,60.0,0,,,0,none,none
2025-12-11T09:37:55.756,20.7,59.9,0,,,0,none,none
2025-12-11T09:37:58.015,20.7,59.8,0,,,0,none,none
2025-12-11T09:38:00.270,20.7,59.9,0,,,0,none,none
2025-12-11T09:38:02.527,20.7,60.0,0,,,0,none,none
2025-12-11T09:38:04.787,20.7,60.1,0,,,0,none,none
2025-12-11T09:38:07.047,20.7,60.3,0,,,0,none,none
2025-12-11T09:38:09.302,20.7,60.3,0,,,0,none,none
2025-12-11T09:38:11.556,20.7,60.3,0,,,0,none,none
2025-12-11T09:38:13.811,20.7,60.1,0,,,0,none,none
2025-12-11T09:38:16.071,20.7,60.1,0,,,0,none,none
2025-12-11T09:38:18.331,20.7,59.9,0,,,0,none,none
2025-12-11T09:38:20.586,20.7,59.8,0,,,0,none,none
2025-12-11T09:38:22.843,20.7,59.7,0,,,0,none,none
2025-12-11T09:38:25.103,20.7,59.6,0,,,0,none,none
2025-12-11T09:38:27.363,20.7,59.8,0,,,0,none,none
2025-12-11T09:38:29.618,20.7,60.0,0,,,0,none,none
2025-12-11T09:38:31.872,20.7,60.1,0,,,0,none,none
2025-12-11T09:38:34.127,,,0,,,0,none,none
2025-12-11T09:38:36.382,20.7,60.2,0,,,0,none,none
2025-12-11T09:38:38.637,20.7,60.1,0,,,0,none,none
2025-12-11T09:38:40.892,20.7,60.1,0,,,0,none,none
2025-12-11T09:38:43.147,20.7,60.3,0,,,0,none,none
2025-12-11T09:38:45.401,20.7,60.3,0,,,0,none,none
2025-12-11T09:38:47.656,20.7,60.1,0,,,0,none,none
2025-12-11T09:38:49.911,20.7,59.9,0,,,0,none,none
2025-12-11T09:38:52.165,20.7,60.0,0,,,0,none,none
2025-12-11T09:38:54.420,20.7,60.0,0,,,0,none,none
2025-12-11T09:38:56.675,20.7,60.0,0,,,0,none,none
2025-12-11T09:38:58.929,20.7,59.9,0,,,0,none,none
2025-12-11T09:39:01.184,20.7,59.7,0,,,0,none,none
2025-12-11T09:39:03.439,20.7,59.6,0,,,0,none,none
2025-12-11T09:39:05.694,20.7,59.4,0,,,0,none,none
2025-12-11T09:39:07.948,20.7,59.5,0,,,0,none,none
2025-12-11T09:39:10.203,20.6,59.4,0,,,0,none,none
2025-12-11T09:39:12.458,20.7,59.4,0,,,0,none,none
2025-12-11T09:39:14.712,20.7,59.4,0,,,0,none,none
2025-12-11T09:39:16.967,20.7,59.4,0,,,0,none,none
2025-12-11T09:39:19.222,20.6,59.4,0,,,0,none,none
2025-12-11T09:39:21.477,20.7,59.6,0,,,0,none,none
2025-12-11T09:39:23.731,20.6,59.6,0,,,0,none,none
2025-12-11T09:39:25.986,20.6,59.6,0,,,0,none,none
2025-12-11T09:39:28.241,20.6,59.7,0,,,0,none,none
2025-12-11T09:39:30.495,20.7,60.0,0,,,0,none,none
2025-12-11T09:39:32.750,20.6,59.9,0,,,0,none,none
2025-12-11T09:39:35.005,20.7,59.8,0,,,0,none,none
2025-12-11T09:39:37.259,20.7,59.7,0,,,0,none,none
2025-12-11T09:39:39.514,20.7,59.7,0,,,0,none,none
2025-12-11T09:39:41.769,20.6,59.6,0,,,0,none,none
2025-12-11T09:39:44.024,20.6,59.5,0,,,0,none,none
2025-12-11T09:39:46.279,20.6,59.4,0,,,0,none,none
2025-12-11T09:39:48.533,20.6,59.4,0,,,0,none,none
2025-12-11T09:39:50.788,20.6,59.6,0,,,0,none,none
2025-12-11T09:39:53.043,20.6,59.6,0,,,0,none,none
2025-12-11T09:39:55.298,20.6,59.5,0,,,0,none,none
2025-12-11T09:39:57.553,20.6,59.6,0,,,0,none,none
2025-12-11T09:39:59.807,20.6,59.7,0,,,0,none,none
2025-12-11T09:40:02.062,20.6,59.8,0,,,0,none,none
2025-12-11T09:40:04.319,20.6,60.0,0,,,0,none,none
2025-12-11T09:40:06.574,20.7,60.3,0,,,0,none,none
2025-12-11T09:40:08.831,20.6,60.5,0,,,0,none,none
2025-12-11T09:40:11.086,20.6,60.6,0,,,0,none,none
2025-12-11T09:40:13.343,20.6,60.6,0,,,0,none,none
2025-12-11T09:40:15.603,20.6,60.6,0,,,0,none,none
2025-12-11T09:40:17.859,20.6,60.4,0,,,0,none,none
2025-12-11T09:40:20.114,20.6,60.4,0,,,0,none,none
2025-12-11T09:40:22.369,20.6,60.4,0,,,0,none,none
2025-12-11T09:40:24.624,20.7,60.4,0,,,0,none,none
2025-12-11T09:40:26.879,20.6,60.1,0,,,0,none,none
2025-12-11T09:40:29.133,20.6,60.1,0,,,0,none,none
2025-12-11T09:40:31.388,20.6,60.1,0,,,0,none,none
2025-12-11T09:40:33.643,20.6,60.1,0,,,0,none,none
2025-12-11T09:40:35.898,20.6,60.1,0,,,0,none,none
2025-12-11T09:40:38.153,20.6,60.2,0,,,0,none,none
2025-12-11T09:40:40.407,20.6,60.3,0,,,0,none,none
2025-12-11T09:40:42.662,20.6,60.2,0,,,0,none,none
2025-12-11T09:40:44.917,20.6,60.2,0,,,0,none,none
2025-12-11T09:40:47.172,20.6,58.6,0,,,0,none,none
2025-12-11T09:40:49.427,20.6,60.2,0,,,0,none,none
2025-12-11T09:40:51.681,20.6,60.3,0,,,0,none,none
2025-12-11T09:40:53.936,20.6,60.3,0,,,0,none,none
2025-12-11T09:40:56.191,20.6,60.3,0,,,0,none,none
2025-12-11T09:40:58.446,20.6,60.2,0,,,0,none,none
2025-12-11T09:41:00.700,20.6,60.0,0,,,0,none,none
2025-12-11T09:41:02.955,20.6,59.9,0,,,0,none,none
2025-12-11T09:41:05.209,20.6,59.7,0,,,0,none,none
2025-12-11T09:41:07.464,20.6,59.6,0,,,0,none,none
2025-12-11T09:41:09.719,20.6,59.5,0,,,0,none,none
2025-12-11T09:41:11.974,20.6,59.4,0,,,0,none,none
2025-12-11T09:41:14.229,20.6,59.5,0,,,0,none,none
2025-12-11T09:41:16.484,20.6,59.6,0,,,0,none,none
2025-12-11T09:41:18.738,20.6,59.4,0,,,0,none,none
2025-12-11T09:41:20.993,20.6,59.2,0,,,0,none,none
2025-12-11T09:41:23.248,20.6,59.2,0,,,0,none,none
2025-12-11T09:41:25.503,20.6,59.0,0,,,0,none,none
2025-12-11T09:41:27.757,20.6,58.9,0,,,0,none,none
2025-12-11T09:41:30.013,20.6,59.0,0,,,0,none,none
2025-12-11T09:41:32.267,20.6,59.1,0,,,0,none,none
2025-12-11T09:41:34.522,20.6,59.2,0,,,0,none,none
2025-12-11T09:41:36.777,20.6,59.3,0,,,0,none,none
2025-12-11T09:41:39.032,20.6,59.4,0,,,0,none,none
2025-12-11T09:41:41.286,20.6,59.4,0,,,0,none,none
2025-12-11T09:41:43.541,20.6,59.4,0,,,0,none,none
2025-12-11T09:41:45.796,20.6,59.6,0,,,0,none,none
2025-12-11T09:41:48.051,20.6,59.7,0,,,0,none,none
2025-12-11T09:41:50.306,20.6,59.7,0,,,0,none,none
2025-12-11T09:41:52.560,20.6,59.7,0,,,0,none,none
2025-12-11T09:41:54.815,20.6,59.7,0,,,0,none,none
2025-12-11T09:41:57.070,20.6,59.7,0,,,0,none,none
2025-12-11T09:41:59.325,20.6,59.5,0,,,0,none,none
2025-12-11T09:42:01.583,20.6,59.5,0,,,0,none,none
2025-12-11T09:42:03.838,20.6,59.6,0,,,0,none,none
2025-12-11T09:42:06.095,20.5,59.6,0,,,0,none,none
2025-12-11T09:42:08.350,20.6,59.7,0,,,0,none,none
2025-12-11T09:42:10.607,20.6,59.7,0,,,0,none,none
2025-12-11T09:42:12.863,20.5,59.6,0,,,0,none,none
2025-12-11T09:42:15.123,20.5,59.6,0,,,0,none,none
2025-12-11T09:42:17.378,20.5,59.6,0,,,0,none,none
2025-12-11T09:42:19.632,20.5,59.7,0,,,0,none,none
2025-12-11T09:42:21.887,20.5,59.7,0,,,0,none,none
2025-12-11T09:42:24.141,20.5,59.6,0,,,0,none,none
2025-12-11T09:42:26.399,20.5,59.3,0,,,0,none,none
2025-12-11T09:42:28.659,20.5,59.3,0,,,0,none,none
2025-12-11T09:42:30.919,20.5,59.3,0,,,0,none,none
2025-12-11T09:42:33.174,20.6,59.4,0,,,0,none,none
2025-12-11T09:42:35.431,20.5,59.4,0,,,0,none,none
2025-12-11T09:42:37.686,20.5,59.4,0,,,0,none,none
2025-12-11T09:42:39.943,20.5,59.4,0,,,0,none,none
2025-12-11T09:42:42.198,20.6,59.3,0,,,0,none,none
2025-12-11T09:42:44.452,20.5,59.1,0,,,0,none,none
2025-12-11T09:42:46.711,20.5,59.0,0,,,0,none,none
2025-12-11T09:42:48.965,20.5,59.1,0,,,0,none,none
2025-12-11T09:42:51.220,20.5,59.1,0,,,0,none,none
2025-12-11T09:42:53.479,20.6,59.3,0,,,0,none,none
2025-12-11T09:42:55.734,20.5,59.4,0,,,0,none,none
2025-12-11T09:42:57.991,20.5,59.7,0,,,0,none,none
2025-12-11T09:43:00.247,20.6,60.0,0,,,0,none,none
2025-12-11T09:43:02.502,20.5,60.0,0,,,0,none,none
2025-12-11T09:43:04.756,20.5,60.0,0,,,0,none,none
2025-12-11T09:43:07.015,20.5,60.2,0,,,0,none,none
2025-12-11T09:43:09.275,20.5,60.3,0,,,0,none,none
2025-12-11T09:43:11.535,20.5,60.3,0,,,0,none,none
2025-12-11T09:43:13.795,20.5,60.3,0,,,0,none,none
2025-12-11T09:43:16.055,20.5,60.1,0,,,0,none,none
2025-12-11T09:43:18.315,20.5,60.0,0,,,0,none,none
2025-12-11T09:43:20.575,20.6,60.0,0,,,0,none,none
2025-12-11T09:43:22.835,20.5,59.8,0,,,0,none,none
2025-12-11T09:43:25.095,20.5,59.8,0,,,0,none,none
2025-12-11T09:43:27.350,20.5,59.8,0,,,0,none,none
2025-12-11T09:43:29.604,20.5,59.9,0,,,0,none,none
2025-12-11T09:43:31.863,20.6,59.9,0,,,0,none,none
2025-12-11T09:43:34.123,20.5,59.9,0,,,0,none,none
2025-12-11T09:43:36.378,20.5,60.0,0,,,0,none,none
2025-12-11T09:43:38.635,20.5,60.2,0,,,0,none,none
2025-12-11T09:43:40.895,20.5,60.3,0,,,0,none,none
2025-12-11T09:43:43.150,20.5,60.3,0,,,0,none,none
2025-12-11T09:43:45.404,20.5,60.2,0,,,0,none,none
2025-12-11T09:43:47.659,20.5,60.0,0,,,0,none,none
2025-12-11T09:43:49.915,20.5,59.8,0,,,0,none,none
2025-12-11T09:43:52.175,20.5,59.7,0,,,0,none,none
2025-12-11T09:43:54.430,20.5,59.6,0,,,0,none,none
2025-12-11T09:43:56.687,20.5,59.7,0,,,0,none,none
2025-12-11T09:43:58.942,20.5,59.7,0,,,0,none,none
2025-12-11T09:44:01.199,20.5,59.7,0,,,0,none,none
2025-12-11T09:44:03.459,20.5,59.7,0,,,0,none,none
2025-12-11T09:44:05.719,20.5,59.9,0,,,0,none,none
2025-12-11T09:44:07.979,20.5,60.0,0,,,0,none,none
2025-12-11T09:44:10.235,20.6,60.1,0,,,0,none,none
2025-12-11T09:44:12.495,20.5,59.9,0,,,0,none,none
2025-12-11T09:44:14.755,20.5,60.0,0,,,0,none,none
2025-12-11T09:44:17.015,20.5,60.0,0,,,0,none,none
2025-12-11T09:44:19.275,20.5,59.9,0,,,0,none,none
2025-12-11T09:44:21.535,20.5,59.8,0,,,0,none,none
2025-12-11T09:44:23.789,20.5,59.9,0,,,0,none,none
2025-12-11T09:44:26.044,20.5,59.8,0,,,0,none,none
2025-12-11T09:44:28.303,20.5,59.6,0,,,0,none,none
2025-12-11T09:44:30.563,20.5,59.6,0,,,0,none,none
2025-12-11T09:44:32.823,20.5,59.5,0,,,0,none,none
2025-12-11T09:44:35.078,20.5,59.4,0,,,0,none,none
2025-12-11T09:44:37.332,20.5,59.3,0,,,0,none,none
2025-12-11T09:44:39.591,20.5,59.2,0,,,0,none,none
2025-12-11T09:44:41.851,20.5,59.2,0,,,0,none,none
2025-12-11T09:44:44.106,20.5,59.0,0,,,0,none,none
2025-12-11T09:44:46.360,20.5,59.0,0,,,0,none,none
2025-12-11T09:44:48.619,20.5,59.3,0,,,0,none,none
2025-12-11T09:44:50.879,20.5,59.3,0,,,0,none,none
2025-12-11T09:44:53.139,20.5,59.4,0,,,0,none,none
2025-12-11T09:44:55.399,20.5,59.2,0,,,0,none,none
2025-12-11T09:44:57.659,20.5,59.0,0,,,0,none,none
2025-12-11T09:44:59.919,20.5,58.8,0,,,0,none,none
2025-12-11T09:45:02.179,20.5,58.7,0,,,0,none,none
2025-12-11T09:45:04.439,20.5,58.6,0,,,0,none,none
2025-12-11T09:45:06.694,20.5,58.6,0,,,0,none,none
2025-12-11T09:45:08.948,20.5,58.6,0,,,0,none,none
2025-12-11T09:45:11.207,20.5,58.5,0,,,0,none,none
2025-12-11T09:45:13.467,20.5,58.5,0,,,0,none,none
2025-12-11T09:45:15.727,20.5,58.6,0,,,0,none,none
2025-12-11T09:45:17.987,20.5,58.7,0,,,0,none,none
2025-12-11T09:45:20.247,20.5,58.9,0,,,0,none,none
2025-12-11T09:45:22.502,20.5,59.0,0,,,0,none,none
2025-12-11T09:45:24.756,20.5,59.1,0,,,0,none,none
2025-12-11T09:45:27.015,20.5,59.2,0,,,0,none,none
2025-12-11T09:45:29.270,20.5,59.3,0,,,0,none,none
2025-12-11T09:45:31.527,20.5,59.3,0,,,0,none,none
2025-12-11T09:45:33.782,20.5,59.4,0,,,0,none,none
2025-12-11T09:45:36.039,20.5,59.4,0,,,0,none,none
2025-12-11T09:45:38.294,20.5,59.3,0,,,0,none,none
2025-12-11T09:45:40.548,20.5,59.2,0,,,0,none,none
2025-12-11T09:45:42.807,20.5,59.2,0,,,0,none,none
2025-12-11T09:45:45.062,20.5,59.1,0,,,0,none,none
2025-12-11T09:45:47.319,20.5,59.2,0,,,0,none,none
2025-12-11T09:45:49.579,20.5,59.3,0,,,0,none,none
2025-12-11T09:45:51.833,20.5,59.3,0,,,0,none,none
2025-12-11T09:45:54.088,20.5,59.3,0,,,0,none,none
2025-12-11T09:45:56.347,20.5,59.2,0,,,0,none,none
2025-12-11T09:45:58.602,20.5,59.2,0,,,0,none,none
2025-12-11T09:46:00.859,20.5,59.2,0,,,0,none,none
2025-12-11T09:46:03.114,20.5,59.2,0,,,0,none,none
2025-12-11T09:46:05.371,20.5,59.3,0,,,0,none,none
2025-12-11T09:46:07.626,20.5,59.2,0,,,0,none,none
2025-12-11T09:46:09.883,20.5,59.0,0,,,0,none,none
2025-12-11T09:46:12.138,20.5,59.1,0,,,0,none,none
2025-12-11T09:46:14.395,20.5,59.3,0,,,0,none,none
2025-12-11T09:46:16.655,20.5,59.6,0,,,0,none,none
2025-12-11T09:46:18.915,20.5,60.0,0,,,0,none,none
2025-12-11T09:46:21.170,20.5,60.3,0,,,0,none,none
2025-12-11T09:46:23.424,20.5,60.5,0,,,0,none,none
2025-12-11T09:46:25.683,20.5,60.7,0,,,0,none,none
2025-12-11T09:46:27.938,20.5,60.7,0,,,0,none,none
2025-12-11T09:46:30.192,20.5,60.7,0,,,0,none,none
2025-12-11T09:46:32.451,20.5,60.7,0,,,0,none,none
2025-12-11T09:46:34.711,20.5,60.7,0,,,0,none,none
2025-12-11T09:46:36.966,20.5,60.7,0,,,0,none,none
2025-12-11T09:46:39.220,20.5,60.6,0,,,0,none,none
2025-12-11T09:46:41.479,20.5,60.6,0,,,0,none,none
2025-12-11T09:46:43.739,20.5,60.6,0,,,0,none,none
2025-12-11T09:46:45.999,20.5,60.6,0,,,0,none,none
2025-12-11T09:46:48.259,20.5,60.6,0,,,0,none,none
2025-12-11T09:46:50.519,20.5,60.5,0,,,0,none,none
2025-12-11T09:46:52.773,20.5,60.4,0,,,0,none,none
2025-12-11T09:46:55.028,20.5,60.3,0,,,0,none,none
2025-12-11T09:46:57.283,20.5,60.1,0,,,0,none,none
2025-12-11T09:46:59.537,20.5,60.0,0,,,0,none,none
2025-12-11T09:47:01.795,20.5,60.0,0,,,0,none,none
2025-12-11T09:47:04.050,20.5,60.0,0,,,0,none,none
2025-12-11T09:47:06.304,20.5,60.0,0,,,0,none,none
2025-12-11T09:47:08.563,20.5,59.8,0,,,0,none,none
2025-12-11T09:47:10.818,20.5,59.7,0,,,0,none,none
2025-12-11T09:47:13.075,20.5,59.7,0,,,0,none,none
2025-12-11T09:47:15.335,20.5,59.7,0,,,0,none,none
2025-12-11T09:47:17.590,20.5,59.7,0,,,0,none,none
2025-12-11T09:47:19.847,20.5,59.7,0,,,0,none,none
2025-12-11T09:47:22.107,20.5,59.8,0,,,0,none,none
2025-12-11T09:47:24.362,20.4,59.9,0,,,0,none,none
2025-12-11T09:47:26.616,20.5,60.0,0,,,0,none,none
2025-12-11T09:47:28.875,20.5,60.1,0,,,0,none,none
2025-12-11T09:47:31.130,20.5,60.0,0,,,0,none,none
2025-12-11T09:47:33.387,20.5,60.1,0,,,0,none,none
2025-12-11T09:47:35.647,20.5,60.1,0,,,0,none,none
2025-12-11T09:47:37.907,20.5,60.1,0,,,0,none,none
2025-12-11T09:47:40.167,20.5,60.1,0,,,0,none,none
2025-12-11T09:47:42.422,20.5,60.2,0,,,0,none,none
2025-12-11T09:47:44.676,20.4,60.2,0,,,0,none,none
2025-12-11T09:47:46.930,20.5,60.3,0,,,0,none,none
2025-12-11T09:47:49.185,20.5,60.4,0,,,0,none,none
2025-12-11T09:47:51.443,20.5,60.4,0,,,0,none,none
2025-12-11T09:47:53.703,20.5,60.3,0,,,0,none,none
2025-12-11T09:47:55.958,20.5,60.3,0,,,0,none,none
2025-12-11T09:47:58.212,20.5,60.3,0,,,0,none,none
2025-12-11T09:48:00.471,20.4,60.3,0,,,0,none,none
2025-12-11T09:48:02.726,20.5,60.4,0,,,0,none,none
2025-12-11T09:48:04.983,20.5,60.4,0,,,0,none,none
2025-12-11T09:48:07.243,20.5,60.4,0,,,0,none,none
2025-12-11T09:48:09.498,20.5,60.4,0,,,0,none,none
2025-12-11T09:48:11.755,20.4,60.4,0,,,0,none,none
2025-12-11T09:48:14.015,20.5,60.6,0,,,0,none,none
2025-12-11T09:48:16.275,20.4,60.6,0,,,0,none,none
2025-12-11T09:48:18.535,20.5,60.7,0,,,0,none,none
2025-12-11T09:48:20.795,20.5,60.6,0,,,0,none,none
2025-12-11T09:48:23.050,20.5,60.5,0,,,0,none,none
2025-12-11T09:48:25.304,20.5,60.3,0,,,0,none,none
2025-12-11T09:48:27.559,20.5,60.4,0,,,0,none,none
2025-12-11T09:48:29.819,20.5,60.3,0,,,0,none,none
2025-12-11T09:48:32.079,20.5,60.3,0,,,0,none,none
2025-12-11T09:48:34.334,20.5,60.2,0,,,0,none,none
2025-12-11T09:48:36.588,20.5,60.0,0,,,0,none,none
2025-12-11T09:48:38.847,20.5,60.0,0,,,0,none,none
2025-12-11T09:48:41.107,20.5,60.1,0,,,0,none,none
2025-12-11T09:48:43.367,20.5,60.1,0,,,0,none,none
2025-12-11T09:48:45.622,20.4,60.2,0,,,0,none,none
2025-12-11T09:48:47.876,20.4,60.3,0,,,0,none,none
2025-12-11T09:48:50.135,20.5,60.4,0,,,0,none,none
2025-12-11T09:48:52.390,20.4,60.3,0,,,0,none,none
2025-12-11T09:48:54.647,20.5,60.2,0,,,0,none,none
2025-12-11T09:48:56.907,20.5,60.2,0,,,0,none,none
2025-12-11T09:48:59.162,20.5,60.1,0,,,0,none,none
2025-12-11T09:49:01.419,20.5,60.1,0,,,0,none,none
2025-12-11T09:49:03.674,20.5,60.1,0,,,0,none,none
2025-12-11T09:49:05.931,20.4,60.1,0,,,0,none,none
2025-12-11T09:49:08.187,20.5,60.1,0,,,0,none,none
2025-12-11T09:49:10.447,20.5,60.2,0,,,0,none,none
2025-12-11T09:49:12.702,20.5,60.2,0,,,0,none,none
2025-12-11T09:49:14.959,20.5,60.2,0,,,0,none,none
2025-12-11T09:49:17.214,20.4,60.2,0,,,0,none,none
2025-12-11T09:49:19.471,20.4,60.2,0,,,0,none,none
2025-12-11T09:49:21.726,20.4,60.3,0,,,0,none,none
2025-12-11T09:49:23.983,20.5,60.4,0,,,0,none,none
2025-12-11T09:49:26.239,20.5,60.5,0,,,0,none,none
2025-12-11T09:49:28.494,20.4,60.6,0,,,0,none,none
2025-12-11T09:49:30.748,20.5,60.6,0,,,0,none,none
2025-12-11T09:49:33.007,20.5,60.3,0,,,0,none,none
2025-12-11T09:49:35.267,20.5,60.1,0,,,0,none,none
2025-12-11T09:49:37.522,20.4,60.1,0,,,0,none,none
2025-12-11T09:49:39.776,20.5,60.2,0,,,0,none,none
2025-12-11T09:49:42.031,20.5,60.2,0,,,0,none,none
2025-12-11T09:49:44.287,20.5,60.2,0,,,0,none,none
2025-12-11T09:49:46.542,20.4,60.1,0,,,0,none,none
2025-12-11T09:49:48.799,20.5,60.1,0,,,0,none,none
2025-12-11T09:49:51.054,20.5,60.1,0,,,0,none,none
2025-12-11T09:49:53.311,20.5,60.1,0,,,0,none,none
2025-12-11T09:49:55.566,20.4,60.2,0,,,0,none,none
2025-12-11T09:49:57.823,20.5,60.2,0,,,0,none,none
2025-12-11T09:50:00.083,20.4,60.2,0,,,0,none,none
2025-12-11T09:50:02.343,20.4,60.1,0,,,0,none,none
2025-12-11T09:50:04.603,20.5,60.1,0,,,0,none,none
2025-12-11T09:50:06.863,20.5,60.0,0,,,0,none,none
2025-12-11T09:50:09.119,20.4,59.9,0,,,0,none,none
2025-12-11T09:50:11.379,20.4,59.7,0,,,0,none,none
2025-12-11T09:50:13.639,20.4,59.6,0,,,0,none,none
2025-12-11T09:50:15.894,20.4,59.4,0,,,0,none,none
2025-12-11T09:50:18.148,20.4,59.4,0,,,0,none,none
2025-12-11T09:50:20.403,20.5,59.5,0,,,0,none,none
2025-12-11T09:50:22.659,20.4,59.4,0,,,0,none,none
2025-12-11T09:50:24.919,20.4,59.5,0,,,0,none,none
2025-12-11T09:50:27.179,20.4,59.5,0,,,0,none,none
2025-12-11T09:50:29.439,20.4,59.6,0,,,0,none,none
2025-12-11T09:50:31.699,20.5,59.7,0,,,0,none,none
2025-12-11T09:50:33.959,20.4,59.7,0,,,0,none,none
2025-12-11T09:50:36.214,20.4,59.8,0,,,0,none,none
2025-12-11T09:50:38.468,20.4,59.8,0,,,0,none,none
2025-12-11T09:50:40.722,20.4,59.9,0,,,0,none,none
2025-12-11T09:50:42.979,20.4,59.8,0,,,0,none,none
2025-12-11T09:50:45.239,20.4,59.9,0,,,0,none,none
2025-12-11T09:50:47.499,20.4,60.0,0,,,0,none,none
2025-12-11T09:50:49.755,20.4,60.1,0,,,0,none,none
2025-12-11T09:50:52.015,20.4,60.0,0,,,0,none,none
2025-12-11T09:50:54.270,20.4,59.9,0,,,0,none,none
2025-12-11T09:50:56.524,20.4,59.8,0,,,0,none,none
2025-12-11T09:50:58.783,20.4,59.8,0,,,0,none,none
2025-12-11T09:51:01.043,20.4,59.9,0,,,0,none,none
2025-12-11T09:51:03.303,20.5,59.9,0,,,0,none,none
2025-12-11T09:51:05.563,20.4,59.8,0,,,0,none,none
2025-12-11T09:51:07.823,20.4,59.8,0,,,0,none,none
2025-12-11T09:51:10.078,20.4,59.9,0,,,0,none,none
2025-12-11T09:51:12.335,20.4,59.9,0,,,0,none,none
2025-12-11T09:51:14.590,20.4,59.9,0,,,0,none,none
2025-12-11T09:51:16.844,20.4,59.8,0,,,0,none,none
2025-12-11T09:51:19.099,20.4,59.6,0,,,0,none,none
2025-12-11T09:51:21.359,20.4,59.7,0,,,0,none,none
2025-12-11T09:51:23.619,20.4,59.8,0,,,0,none,none
2025-12-11T09:51:25.874,20.4,60.0,0,,,0,none,none
2025-12-11T09:51:28.131,20.4,60.1,0,,,0,none,none
2025-12-11T09:51:30.391,20.4,60.2,0,,,0,none,none
2025-12-11T09:51:32.651,20.4,60.1,0,,,0,none,none
2025-12-11T09:51:34.906,20.4,60.1,0,,,0,none,none
2025-12-11T09:51:37.160,20.4,60.1,0,,,0,none,none
2025-12-11T09:51:39.419,20.4,60.0,0,,,0,none,none
2025-12-11T09:51:41.675,20.4,60.0,0,,,0,none,none
2025-12-11T09:51:43.930,20.4,60.0,0,,,0,none,none
2025-12-11T09:51:46.187,20.4,59.9,0,,,0,none,none
2025-12-11T09:51:48.447,20.4,59.9,0,,,0,none,none
2025-12-11T09:51:50.707,20.4,59.9,0,,,0,none,none
2025-12-11T09:51:52.967,20.4,59.8,0,,,0,none,none
2025-12-11T09:51:55.227,20.4,59.9,0,,,0,none,none
2025-12-11T09:51:57.487,20.4,59.9,0,,,0,none,none
2025-12-11T09:51:59.742,20.4,59.8,0,,,0,none,none
2025-12-11T09:52:01.999,20.4,59.7,0,,,0,none,none
2025-12-11T09:52:04.259,20.4,59.7,0,,,0,none,none
2025-12-11T09:52:06.519,20.4,59.8,0,,,0,none,none
2025-12-11T09:52:08.774,20.4,59.8,0,,,0,none,none
2025-12-11T09:52:11.028,20.4,59.8,0,,,0,none,none
2025-12-11T09:52:13.287,20.4,59.7,0,,,0,none,none
2025-12-11T09:52:15.542,20.4,59.8,0,,,0,none,none
2025-12-11T09:52:17.796,20.4,59.8,0,,,0,none,none
2025-12-11T09:52:20.051,20.4,60.0,0,,,0,none,none
2025-12-11T09:52:22.311,20.4,60.1,0,,,0,none,none
2025-12-11T09:52:24.567,20.4,60.2,0,,,0,none,none
2025-12-11T09:52:26.822,20.4,60.3,0,,,0,none,none
2025-12-11T09:52:29.079,20.4,60.4,0,,,0,none,none
2025-12-11T09:52:31.334,20.4,60.3,0,,,0,none,none
2025-12-11T09:52:33.588,20.4,60.3,0,,,0,none,none
2025-12-11T09:52:35.842,20.4,60.6,0,,,0,none,none
2025-12-11T09:52:38.097,20.4,60.6,0,,,0,none,none
2025-12-11T09:52:40.355,20.4,60.8,0,,,0,none,none
2025-12-11T09:52:42.615,20.4,61.0,0,,,0,none,none
2025-12-11T09:52:44.875,20.4,61.1,0,,,0,none,none
2025-12-11T09:52:47.131,20.4,61.2,0,,,0,none,none
2025-12-11T09:52:49.391,20.5,61.4,0,,,0,none,none
2025-12-11T09:52:51.645,20.5,61.6,0,,,0,none,none
2025-12-11T09:52:53.903,20.5,61.7,0,,,0,none,none
2025-12-11T09:52:56.163,20.5,61.7,0,,,0,none,none
2025-12-11T09:52:58.423,20.5,61.8,0,,,0,none,none
2025-12-11T09:53:00.683,20.5,61.8,0,,,0,none,none
2025-12-11T09:53:02.938,20.5,61.8,0,,,0,none,none
2025-12-11T09:53:05.195,20.5,61.8,0,,,0,none,none
2025-12-11T09:53:07.450,20.5,61.7,0,,,0,none,none
2025-12-11T09:53:09.704,20.5,61.7,0,,,0,none,none
2025-12-11T09:53:11.963,20.5,61.7,0,,,0,none,none
2025-12-11T09:53:14.223,20.6,61.7,0,,,0,none,none
2025-12-11T09:53:16.478,20.6,61.8,0,,,0,none,none
2025-12-11T09:53:18.735,20.6,61.9,0,,,0,none,none
2025-12-11T09:53:20.990,20.6,62.0,0,,,0,none,none
2025-12-11T09:53:23.247,20.6,62.1,0,,,0,none,none
2025-12-11T09:53:25.502,20.6,62.3,0,,,0,none,none
2025-12-11T09:53:27.759,20.6,62.4,0,,,0,none,none
2025-12-11T09:53:30.014,20.6,62.4,0,,,0,none,none
2025-12-11T09:53:32.271,20.6,62.4,0,,,0,none,none
2025-12-11T09:53:34.531,20.6,62.4,0,,,0,none,none
2025-12-11T09:53:36.791,20.7,62.3,0,,,0,none,none
2025-12-11T09:53:39.046,20.7,62.2,0,,,0,none,none
2025-12-11T09:53:41.300,20.7,62.2,0,,,0,none,none
2025-12-11T09:53:43.559,20.7,62.2,0,,,0,none,none
2025-12-11T09:53:45.819,20.7,62.1,0,,,0,none,none
2025-12-11T09:53:48.079,,,0,,,0,none,none
2025-12-11T09:53:50.334,20.7,61.9,0,,,0,none,none
2025-12-11T09:53:52.588,20.7,61.8,0,,,0,none,none
2025-12-11T09:53:54.843,20.7,61.8,0,,,0,none,none
2025-12-11T09:53:57.099,20.8,61.7,0,,,0,none,none
2025-12-11T09:53:59.359,20.7,61.7,0,,,0,none,none
2025-12-11T09:54:01.619,20.8,62.0,0,,,0,none,none
2025-12-11T09:54:03.879,20.8,62.1,0,,,0,none,none
2025-12-11T09:54:06.139,20.8,62.4,0,,,0,none,none
2025-12-11T09:54:08.394,20.8,62.6,0,,,0,none,none
2025-12-11T09:54:10.651,20.8,62.8,0,,,0,none,none
2025-12-11T09:54:12.906,20.8,62.9,0,,,0,none,none
2025-12-11T09:54:15.163,20.8,63.1,0,,,0,none,none
2025-12-11T09:54:17.423,20.8,63.1,0,,,0,none,none
2025-12-11T09:54:19.683,20.9,63.0,0,,,0,none,none
2025-12-11T09:54:21.938,20.8,63.0,0,,,0,none,none
2025-12-11T09:54:24.192,20.9,62.8,0,,,0,none,none
2025-12-11T09:54:26.451,20.9,62.9,0,,,0,none,none
2025-12-11T09:54:28.706,20.9,62.9,0,,,0,none,none
2025-12-11T09:54:30.960,20.9,63.0,0,,,0,none,none
2025-12-11T09:54:33.215,20.9,63.0,0,,,0,none,none
2025-12-11T09:54:35.470,20.9,63.4,0,,,0,none,none
2025-12-11T09:54:37.725,20.9,63.6,0,,,0,none,none
2025-12-11T09:54:39.980,20.9,63.8,0,,,0,none,none
2025-12-11T09:54:42.235,21.0,63.9,0,,,0,none,none
2025-12-11T09:54:44.489,21.0,63.7,0,,,0,none,none
2025-12-11T09:54:46.744,21.0,63.6,0,,,0,none,none
2025-12-11T09:54:48.999,21.0,63.4,0,,,0,none,none
2025-12-11T09:54:51.254,21.0,63.1,0,,,0,none,none
2025-12-11T09:54:53.508,21.0,63.1,0,,,0,none,none
2025-12-11T09:54:55.763,21.0,63.1,0,,,0,none,none
2025-12-11T09:54:58.018,21.0,63.2,0,,,0,none,none
2025-12-11T09:55:00.273,21.0,63.4,0,,,0,none,none
2025-12-11T09:55:02.528,21.0,63.7,0,,,0,none,none
2025-12-11T09:55:04.783,21.1,63.8,0,,,0,none,none
2025-12-11T09:55:07.037,21.1,64.0,0,,,0,none,none
2025-12-11T09:55:09.292,21.0,64.2,0,,,0,none,none
2025-12-11T09:55:11.547,21.1,64.4,0,,,0,none,none
2025-12-11T09:55:13.801,21.1,64.5,0,,,0,none,none
2025-12-11T09:55:16.056,21.1,64.5,0,,,0,none,none
2025-12-11T09:55:18.311,21.1,64.3,0,,,0,none,none
2025-12-11T09:55:20.566,21.1,63.8,0,,,0,none,none
2025-12-11T09:55:22.821,21.1,63.4,0,,,0,none,none
2025-12-11T09:55:25.075,21.1,63.1,0,,,0,none,none
2025-12-11T09:55:27.330,21.1,62.8,0,,,0,none,none
2025-12-11T09:55:29.585,21.1,62.6,0,,,0,none,none
2025-12-11T09:55:31.840,21.1,62.4,0,,,0,none,none
2025-12-11T09:55:34.095,21.1,62.4,0,,,0,none,none
2025-12-11T09:55:36.349,21.1,62.7,0,,,0,none,none
2025-12-11T09:55:38.604,21.1,62.8,0,,,0,none,none
2025-12-11T09:55:40.859,21.1,62.6,0,,,0,none,none
2025-12-11T09:55:43.114,21.1,62.4,0,,,0,none,none
2025-12-11T09:55:45.369,21.1,62.0,0,,,0,none,none
2025-12-11T09:55:47.623,21.1,61.7,0,,,0,none,none
2025-12-11T09:55:49.878,21.1,61.6,0,,,0,none,none
2025-12-11T09:55:52.133,21.2,62.0,0,,,0,none,none
2025-12-11T09:55:54.388,21.2,62.4,0,,,0,none,none
2025-12-11T09:55:56.643,21.2,62.3,0,,,0,none,none
2025-12-11T09:55:58.897,21.2,62.2,0,,,0,none,none
2025-12-11T09:56:01.152,21.2,62.0,0,,,0,none,none
2025-12-11T09:56:03.407,21.2,61.7,0,,,0,none,none
2025-12-11T09:56:05.662,21.2,61.6,0,,,0,none,none
2025-12-11T09:56:07.917,21.2,61.8,0,,,0,none,none
2025-12-11T09:56:10.171,21.2,61.9,0,,,0,none,none
2025-12-11T09:56:12.426,21.2,61.8,0,,,0,none,none
2025-12-11T09:56:14.681,21.2,61.6,0,,,0,none,none
2025-12-11T09:56:16.936,21.2,61.5,0,,,0,none,none
2025-12-11T09:56:19.191,21.2,61.4,0,,,0,none,none
2025-12-11T09:56:21.445,21.2,61.2,0,,,0,none,none
2025-12-11T09:56:23.700,21.2,61.2,0,,,0,none,none
2025-12-11T09:56:25.955,21.2,61.1,0,,,0,none,none
2025-12-11T09:56:28.210,21.2,61.6,0,,,0,none,none
2025-12-11T09:56:30.465,21.2,62.3,0,,,0,none,none
2025-12-11T09:56:32.719,21.2,63.1,0,,,0,none,none
2025-12-11T09:56:34.974,21.2,63.7,0,,,0,none,none
2025-12-11T09:56:37.229,21.2,64.4,0,,,0,none,none
2025-12-11T09:56:39.484,21.2,64.5,0,,,0,none,none
2025-12-11T09:56:41.739,21.2,64.7,0,,,0,none,none
2025-12-11T09:56:43.993,21.2,64.7,0,,,0,none,none
2025-12-11T09:56:46.248,21.2,64.6,0,,,0,none,none
2025-12-11T09:56:48.503,21.2,64.5,0,,,0,none,none
2025-12-11T09:56:50.758,21.2,64.4,0,,,0,none,none
2025-12-11T09:56:53.013,21.2,64.3,0,,,0,none,none
2025-12-11T09:56:55.267,21.1,64.2,0,,,0,none,none
2025-12-11T09:56:57.522,21.2,64.2,0,,,0,none,none
2025-12-11T09:56:59.777,21.2,63.9,0,,,0,none,none
2025-12-11T09:57:02.032,21.2,63.6,0,,,0,none,none
2025-12-11T09:57:04.286,21.2,63.4,0,,,0,none,none
2025-12-11T09:57:06.541,21.2,63.3,0,,,0,none,none
2025-12-11T09:57:08.796,21.2,63.5,0,,,0,none,none
2025-12-11T09:57:11.050,21.2,63.7,0,,,0,none,none
2025-12-11T09:57:13.305,21.2,63.9,0,,,0,none,none
2025-12-11T09:57:15.560,21.2,63.8,0,,,0,none,none
2025-12-11T09:57:17.815,21.2,63.9,0,,,0,none,none
2025-12-11T09:57:20.069,21.2,63.9,0,,,0,none,none
2025-12-11T09:57:22.324,21.2,64.0,0,,,0,none,none
2025-12-11T09:57:24.579,21.2,64.1,0,,,0,none,none
2025-12-11T09:57:26.833,21.2,64.0,0,,,0,none,none
2025-12-11T09:57:29.088,21.2,63.8,0,,,0,none,none
2025-12-11T09:57:31.343,21.2,63.5,0,,,0,none,none
2025-12-11T09:57:33.597,21.2,63.2,0,,,0,none,none
2025-12-11T09:57:35.852,21.1,62.8,0,,,0,none,none
2025-12-11T09:57:38.107,,,0,,,0,none,none
2025-12-11T09:57:40.362,21.1,62.4,0,,,0,none,none
2025-12-11T09:57:42.616,21.1,62.4,0,,,0,none,none
2025-12-11T09:57:44.871,21.1,62.5,0,,,0,none,none
2025-12-11T09:57:47.126,21.1,62.6,0,,,0,none,none
2025-12-11T09:57:49.380,21.1,62.6,0,,,0,none,none
2025-12-11T09:57:51.635,21.1,62.6,0,,,0,none,none
2025-12-11T09:57:53.890,21.1,62.6,0,,,0,none,none
2025-12-11T09:57:56.144,21.1,62.5,0,,,0,none,none
2025-12-11T09:57:58.399,21.1,62.4,0,,,0,none,none
2025-12-11T09:58:00.654,21.1,62.3,0,,,0,none,none
2025-12-11T09:58:02.908,21.1,62.2,0,,,0,none,none
2025-12-11T09:58:05.163,21.1,62.2,0,,,0,none,none
2025-12-11T09:58:07.417,21.1,62.1,0,,,0,none,none
2025-12-11T09:58:09.672,21.1,61.9,0,,,0,none,none
2025-12-11T09:58:11.927,21.1,61.8,0,,,0,none,none
2025-12-11T09:58:14.181,21.1,61.8,0,,,0,none,none
2025-12-11T09:58:16.436,21.1,61.7,0,,,0,none,none
2025-12-11T09:58:18.691,21.1,61.7,0,,,0,none,none
2025-12-11T09:58:20.945,21.1,61.8,0,,,0,none,none
2025-12-11T09:58:23.200,21.1,61.8,0,,,0,none,none
2025-12-11T09:58:25.455,21.1,61.9,0,,,0,none,none
2025-12-11T09:58:27.710,21.1,62.0,0,,,0,none,none
2025-12-11T09:58:29.964,21.1,62.1,0,,,0,none,none
2025-12-11T09:58:32.219,21.0,62.1,0,,,0,none,none
2025-12-11T09:58:34.474,21.0,62.1,0,,,0,none,none
2025-12-11T09:58:36.728,21.1,62.2,0,,,0,none,none
2025-12-11T09:58:38.983,21.0,62.1,0,,,0,none,none
2025-12-11T09:58:41.238,21.0,62.2,0,,,0,none,none
2025-12-11T09:58:43.492,21.0,62.2,0,,,0,none,none
2025-12-11T09:58:45.747,21.0,62.3,0,,,0,none,none
2025-12-11T09:58:48.004,21.0,62.4,0,,,0,none,none
2025-12-11T09:58:50.263,21.0,62.5,0,,,0,none,none
2025-12-11T09:58:52.523,21.0,62.5,0,,,0,none,none
2025-12-11T09:58:54.783,21.0,62.4,0,,,0,none,none
2025-12-11T09:58:57.043,21.0,62.4,0,,,0,none,none
2025-12-11T09:58:59.298,21.0,62.5,0,,,0,none,none
2025-12-11T09:59:01.555,21.0,62.4,0,,,0,none,none
2025-12-11T09:59:03.810,21.0,62.4,0,,,0,none,none
2025-12-11T09:59:06.064,21.0,62.5,0,,,0,none,none
2025-12-11T09:59:08.319,21.0,62.6,0,,,0,none,none
2025-12-11T09:59:10.574,21.0,62.6,0,,,0,none,none
2025-12-11T09:59:12.828,21.0,62.6,0,,,0,none,none
2025-12-11T09:59:15.083,21.0,62.6,0,,,0,none,none
2025-12-11T09:59:17.337,21.0,62.5,0,,,0,none,none
2025-12-11T09:59:19.592,21.0,62.4,0,,,0,none,none
2025-12-11T09:59:21.847,21.0,62.4,0,,,0,none,none
2025-12-11T09:59:24.102,21.0,62.4,0,,,0,none,none
2025-12-11T09:59:26.356,21.0,62.4,0,,,0,none,none
2025-12-11T09:59:28.611,21.0,62.4,0,,,0,none,none
2025-12-11T09:59:30.866,21.0,62.3,0,,,0,none,none
2025-12-11T09:59:33.120,21.0,62.3,0,,,0,none,none
2025-12-11T09:59:35.375,21.0,62.2,0,,,0,none,none
2025-12-11T09:59:37.630,21.0,62.2,0,,,0,none,none
2025-12-11T09:59:39.884,21.0,62.3,0,,,0,none,none
2025-12-11T09:59:42.139,21.0,62.4,0,,,0,none,none
2025-12-11T09:59:44.394,21.0,62.4,0,,,0,none,none
2025-12-11T09:59:46.648,21.0,62.4,0,,,0,none,none
2025-12-11T09:59:48.903,21.0,62.4,0,,,0,none,none
2025-12-11T09:59:51.158,20.9,62.3,0,,,0,none,none
2025-12-11T09:59:53.413,21.0,62.2,0,,,0,none,none
2025-12-11T09:59:55.668,20.9,61.9,0,,,0,none,none
2025-12-11T09:59:57.922,20.9,61.9,0,,,0,none,none
2025-12-11T10:00:00.177,21.0,61.9,0,,,0,none,none
2025-12-11T10:00:02.432,20.9,61.9,0,,,0,none,none
2025-12-11T10:00:04.687,21.0,62.0,0,,,0,none,none
2025-12-11T10:00:06.942,20.9,62.0,0,,,0,none,none
2025-12-11T10:00:09.196,21.0,62.0,0,,,0,none,none
2025-12-11T10:00:11.451,20.9,62.0,0,,,0,none,none
2025-12-11T10:00:13.706,21.0,62.2,0,,,0,none,none
2025-12-11T10:00:15.961,20.9,62.1,0,,,0,none,none
2025-12-11T10:00:18.216,20.9,62.1,0,,,0,none,none
2025-12-11T10:00:20.470,20.9,62.0,0,,,0,none,none
2025-12-11T10:00:22.725,20.9,62.0,0,,,0,none,none
2025-12-11T10:00:24.980,20.9,62.0,0,,,0,none,none
2025-12-11T10:00:27.235,20.9,62.0,0,,,0,none,none
2025-12-11T10:00:29.490,20.9,61.9,0,,,0,none,none
2025-12-11T10:00:31.744,20.9,61.9,0,,,0,none,none
2025-12-11T10:00:33.999,20.9,61.8,0,,,0,none,none
2025-12-11T10:00:36.254,20.9,61.8,0,,,0,none,none
2025-12-11T10:00:38.509,20.9,61.8,0,,,0,none,none
2025-12-11T10:00:40.764,,,0,,,0,none,none
2025-12-11T10:00:43.018,20.9,62.0,0,,,0,none,none
2025-12-11T10:00:45.273,20.9,62.0,0,,,0,none,none
2025-12-11T10:00:47.528,20.9,62.1,0,,,0,none,none
2025-12-11T10:00:49.783,20.9,62.2,0,,,0,none,none
2025-12-11T10:00:52.038,20.9,62.2,0,,,0,none,none
2025-12-11T10:00:54.292,20.9,62.1,0,,,0,none,none
2025-12-11T10:00:56.547,20.9,62.0,0,,,0,none,none
2025-12-11T10:00:58.801,20.9,62.0,0,,,0,none,none
2025-12-11T10:01:01.056,20.9,62.1,0,,,0,none,none
2025-12-11T10:01:03.311,20.9,62.1,0,,,0,none,none
2025-12-11T10:01:05.566,20.9,62.1,0,,,0,none,none
2025-12-11T10:01:07.821,20.9,62.1,0,,,0,none,none
2025-12-11T10:01:10.075,20.9,62.0,0,,,0,none,none
2025-12-11T10:01:12.330,20.9,62.0,0,,,0,none,none
2025-12-11T10:01:14.584,20.9,62.0,0,,,0,none,none
2025-12-11T10:01:16.839,20.9,62.0,0,,,0,none,none
2025-12-11T10:01:19.094,20.9,61.9,0,,,0,none,none
2025-12-11T10:01:21.349,20.9,61.8,0,,,0,none,none
2025-12-11T10:01:23.604,20.9,61.9,0,,,0,none,none
2025-12-11T10:01:25.858,20.9,61.7,0,,,0,none,none
2025-12-11T10:01:28.113,20.9,61.6,0,,,0,none,none
2025-12-11T10:01:30.368,20.9,61.3,0,,,0,none,none
2025-12-11T10:01:32.623,20.9,61.2,0,,,0,none,none
2025-12-11T10:01:34.878,20.9,61.0,0,,,0,none,none
2025-12-11T10:01:37.132,20.9,60.9,0,,,0,none,none
2025-12-11T10:01:39.387,20.9,60.8,0,,,0,none,none
2025-12-11T10:01:41.642,20.9,60.8,0,,,0,none,none
2025-12-11T10:01:43.896,20.9,60.9,0,,,0,none,none
2025-12-11T10:01:46.151,20.9,61.1,0,,,0,none,none
2025-12-11T10:01:48.405,20.9,61.2,0,,,0,none,none
2025-12-11T10:01:50.660,20.9,61.3,0,,,0,none,none
2025-12-11T10:01:52.914,20.9,61.1,0,,,0,none,none
2025-12-11T10:01:55.169,20.9,61.0,0,,,0,none,none
2025-12-11T10:01:57.427,20.8,60.8,0,,,0,none,none
2025-12-11T10:01:59.681,20.8,60.8,0,,,0,none,none
2025-12-11T10:02:01.939,20.8,60.8,0,,,0,none,none
2025-12-11T10:02:04.199,20.8,60.8,0,,,0,none,none
2025-12-11T10:02:06.453,20.9,60.9,0,,,0,none,none
2025-12-11T10:02:08.708,20.9,60.9,0,,,0,none,none
2025-12-11T10:02:10.962,20.8,60.8,0,,,0,none,none
2025-12-11T10:02:13.217,20.8,60.8,0,,,0,none,none
2025-12-11T10:02:15.475,20.8,60.9,0,,,0,none,none
2025-12-11T10:02:17.735,20.8,60.9,0,,,0,none,none
2025-12-11T10:02:19.989,20.8,60.9,0,,,0,none,none
2025-12-11T10:02:22.247,20.8,60.8,0,,,0,none,none
2025-12-11T10:02:24.503,20.8,60.8,0,,,0,none,none
2025-12-11T10:02:26.757,20.8,60.8,0,,,0,none,none
2025-12-11T10:02:29.012,20.8,60.9,0,,,0,none,none
2025-12-11T10:02:31.271,20.8,61.0,0,,,0,none,none
2025-12-11T10:02:33.531,20.8,61.0,0,,,0,none,none
2025-12-11T10:02:35.791,20.8,61.1,0,,,0,none,none
2025-12-11T10:02:38.051,20.8,61.1,0,,,0,none,none
2025-12-11T10:02:40.311,20.8,60.9,0,,,0,none,none
2025-12-11T10:02:42.566,20.8,61.0,0,,,0,none,none
2025-12-11T10:02:44.823,20.8,61.0,0,,,0,none,none
2025-12-11T10:02:47.078,20.8,61.0,0,,,0,none,none
2025-12-11T10:02:49.332,20.8,60.9,0,,,0,none,none
2025-12-11T10:02:51.591,20.8,60.8,0,,,0,none,none
2025-12-11T10:02:53.851,20.8,60.9,0,,,0,none,none
2025-12-11T10:02:56.111,20.8,60.8,0,,,0,none,none
2025-12-11T10:02:58.371,20.8,60.8,0,,,0,none,none
2025-12-11T10:03:00.625,20.8,60.9,0,,,0,none,none
2025-12-11T10:03:02.880,,,0,,,0,none,none
2025-12-11T10:03:05.134,20.8,60.8,0,,,0,none,none
2025-12-11T10:03:07.391,20.8,60.8,0,,,0,none,none
2025-12-11T10:03:09.651,20.8,60.8,0,,,0,none,none
2025-12-11T10:03:11.907,20.8,60.8,0,,,0,none,none
2025-12-11T10:03:14.167,20.8,60.8,0,,,0,none,none
2025-12-11T10:03:16.427,20.8,60.9,0,,,0,none,none
2025-12-11T10:03:18.682,20.8,61.0,0,,,0,none,none
2025-12-11T10:03:20.939,20.8,61.0,0,,,0,none,none
2025-12-11T10:03:23.194,,,0,,,0,none,none
2025-12-11T10:03:25.448,20.8,61.0,0,,,0,none,none
2025-12-11T10:03:27.703,20.8,61.1,0,,,0,none,none
2025-12-11T10:03:29.958,20.8,61.1,0,,,0,none,none
2025-12-11T10:03:32.212,20.8,61.2,0,,,0,none,none
2025-12-11T10:03:34.467,20.7,61.2,0,,,0,none,none
2025-12-11T10:03:36.722,20.8,61.3,0,,,0,none,none
2025-12-11T10:03:38.976,20.7,61.3,0,,,0,none,none
2025-12-11T10:03:41.231,20.8,61.4,0,,,0,none,none
2025-12-11T10:03:43.486,20.8,61.4,0,,,0,none,none
2025-12-11T10:03:45.741,20.7,61.4,0,,,0,none,none
2025-12-11T10:03:47.995,20.8,61.5,0,,,0,none,none
2025-12-11T10:03:50.250,20.7,61.3,0,,,0,none,none
2025-12-11T10:03:52.505,20.7,61.1,0,,,0,none,none
2025-12-11T10:03:54.759,20.7,61.0,0,,,0,none,none
2025-12-11T10:03:57.014,20.7,61.2,0,,,0,none,none
2025-12-11T10:03:59.269,20.8,61.3,0,,,0,none,none
2025-12-11T10:04:01.523,20.7,61.3,0,,,0,none,none
2025-12-11T10:04:03.778,20.8,61.3,0,,,0,none,none
2025-12-11T10:04:06.033,20.8,61.4,0,,,0,none,none
2025-12-11T10:04:08.287,20.7,61.3,0,,,0,none,none
2025-12-11T10:04:10.542,20.8,61.3,0,,,0,none,none
2025-12-11T10:04:12.797,20.7,61.3,0,,,0,none,none
2025-12-11T10:04:15.051,20.7,61.3,0,,,0,none,none
2025-12-11T10:04:17.306,20.7,61.1,0,,,0,none,none
2025-12-11T10:04:19.561,20.7,61.0,0,,,0,none,none
2025-12-11T10:04:21.815,20.7,61.0,0,,,0,none,none
2025-12-11T10:04:24.070,20.8,61.0,0,,,0,none,none
2025-12-11T10:04:26.325,20.7,61.0,0,,,0,none,none
2025-12-11T10:04:28.579,20.7,61.0,0,,,0,none,none
2025-12-11T10:04:30.837,20.7,61.0,0,,,0,none,none
2025-12-11T10:04:33.092,20.7,61.0,0,,,0,none,none
2025-12-11T10:04:35.351,20.7,61.0,0,,,0,none,none
2025-12-11T10:04:37.606,20.7,61.1,0,,,0,none,none
2025-12-11T10:04:39.860,20.7,61.1,0,,,0,none,none
2025-12-11T10:04:42.119,20.7,61.0,0,,,0,none,none
2025-12-11T10:04:44.374,20.7,61.0,0,,,0,none,none
2025-12-11T10:04:46.631,20.7,60.9,0,,,0,none,none
2025-12-11T10:04:48.891,20.7,61.0,0,,,0,none,none
2025-12-11T10:04:51.146,20.7,61.0,0,,,0,none,none
2025-12-11T10:04:53.403,20.7,61.0,0,,,0,none,none
2025-12-11T10:04:55.663,20.7,61.0,0,,,0,none,none
2025-12-11T10:04:57.923,20.7,60.8,0,,,0,none,none
2025-12-11T10:05:00.183,20.7,60.8,0,,,0,none,none
2025-12-11T10:05:02.443,20.7,60.8,0,,,0,none,none
2025-12-11T10:05:04.698,20.7,60.8,0,,,0,none,none
2025-12-11T10:05:06.952,20.7,60.9,0,,,0,none,none
2025-12-11T10:05:09.211,20.7,61.0,0,,,0,none,none
2025-12-11T10:05:11.471,20.7,61.0,0,,,0,none,none
2025-12-11T10:05:13.726,20.7,61.1,0,,,0,none,none
2025-12-11T10:05:15.980,20.7,61.2,0,,,0,none,none
2025-12-11T10:05:18.235,20.7,61.3,0,,,0,none,none
2025-12-11T10:05:20.490,20.7,61.4,0,,,0,none,none
2025-12-11T10:05:22.747,20.7,61.3,0,,,0,none,none
2025-12-11T10:05:25.002,20.7,61.3,0,,,0,none,none
2025-12-11T10:05:27.259,20.7,61.3,0,,,0,none,none
2025-12-11T10:05:29.519,20.7,61.3,0,,,0,none,none
2025-12-11T10:05:31.779,20.7,61.3,0,,,0,none,none
2025-12-11T10:05:34.034,20.7,61.1,0,,,0,none,none
2025-12-11T10:05:36.291,20.7,61.0,0,,,0,none,none
2025-12-11T10:05:38.551,20.7,61.0,0,,,0,none,none
2025-12-11T10:05:40.806,20.7,61.0,0,,,0,none,none
2025-12-11T10:05:43.060,20.7,61.0,0,,,0,none,none
2025-12-11T10:05:45.315,20.7,61.0,0,,,0,none,none
2025-12-11T10:05:47.575,20.7,61.0,0,,,0,none,none
2025-12-11T10:05:49.835,20.7,60.9,0,,,0,none,none
2025-12-11T10:05:52.090,20.7,61.0,0,,,0,none,none
2025-12-11T10:05:54.347,20.7,61.0,0,,,0,none,none
2025-12-11T10:05:56.602,20.7,61.0,0,,,0,none,none
2025-12-11T10:05:58.859,20.7,60.9,0,,,0,none,none
2025-12-11T10:06:01.114,20.7,61.0,0,,,0,none,none
2025-12-11T10:06:03.368,20.7,61.0,0,,,0,none,none
2025-12-11T10:06:05.627,20.7,61.0,0,,,0,none,none
2025-12-11T10:06:07.882,20.7,61.0,0,,,0,none,none
2025-12-11T10:06:10.136,20.7,60.9,0,,,0,none,none
2025-12-11T10:06:12.395,20.7,60.8,0,,,0,none,none
2025-12-11T10:06:14.655,20.7,60.8,0,,,0,none,none
2025-12-11T10:06:16.915,20.7,60.8,0,,,0,none,none
2025-12-11T10:06:19.170,20.7,60.9,0,,,0,none,none
2025-12-11T10:06:21.424,20.7,60.9,0,,,0,none,none
2025-12-11T10:06:23.683,20.7,61.0,0,,,0,none,none
2025-12-11T10:06:25.943,20.7,61.0,0,,,0,none,none
2025-12-11T10:06:28.199,20.7,61.0,0,,,0,none,none
2025-12-11T10:06:30.459,20.7,61.0,0,,,0,none,none
2025-12-11T10:06:32.714,20.7,61.0,0,,,0,none,none
2025-12-11T10:06:34.971,20.7,61.0,0,,,0,none,none
2025-12-11T10:06:37.231,20.7,60.9,0,,,0,none,none
2025-12-11T10:06:39.486,20.7,60.9,0,,,0,none,none
2025-12-11T10:06:41.743,20.7,61.0,0,,,0,none,none
2025-12-11T10:06:43.998,20.7,61.0,0,,,0,none,none
2025-12-11T10:06:46.255,20.7,60.9,0,,,0,none,none
2025-12-11T10:06:48.515,20.7,60.8,0,,,0,none,none
2025-12-11T10:06:50.775,20.7,60.8,0,,,0,none,none
2025-12-11T10:06:53.035,20.7,60.8,0,,,0,none,none
2025-12-11T10:06:55.290,20.6,60.7,0,,,0,none,none
2025-12-11T10:06:57.544,20.7,60.8,0,,,0,none,none
2025-12-11T10:06:59.803,20.7,60.8,0,,,0,none,none
2025-12-11T10:07:02.063,20.7,60.8,0,,,0,none,none
2025-12-11T10:07:04.323,20.7,60.8,0,,,0,none,none
2025-12-11T10:07:06.578,20.7,60.8,0,,,0,none,none
2025-12-11T10:07:08.832,20.6,60.8,0,,,0,none,none
2025-12-11T10:07:11.086,20.7,60.8,0,,,0,none,none
2025-12-11T10:07:13.343,20.7,60.8,0,,,0,none,none
2025-12-11T10:07:15.603,20.7,60.8,0,,,0,none,none
2025-12-11T10:07:17.863,20.7,60.8,0,,,0,none,none
2025-12-11T10:07:20.118,20.7,60.9,0,,,0,none,none
2025-12-11T10:07:22.375,20.7,60.9,0,,,0,none,none
2025-12-11T10:07:24.635,20.6,60.9,0,,,0,none,none
2025-12-11T10:07:26.895,20.6,60.9,0,,,0,none,none
2025-12-11T10:07:29.155,20.7,61.0,0,,,0,none,none
2025-12-11T10:07:31.415,20.7,61.0,0,,,0,none,none
2025-12-11T10:07:33.675,20.7,61.1,0,,,0,none,none
2025-12-11T10:07:35.930,20.7,61.1,0,,,0,none,none
2025-12-11T10:07:38.187,20.7,61.1,0,,,0,none,none
2025-12-11T10:07:40.442,20.7,61.1,0,,,0,none,none
2025-12-11T10:07:42.697,20.7,61.2,0,,,0,none,none
2025-12-11T10:07:44.951,20.7,61.2,0,,,0,none,none
2025-12-11T10:07:47.206,20.7,61.3,0,,,0,none,none
2025-12-11T10:07:49.461,20.7,61.4,0,,,0,none,none
2025-12-11T10:07:51.716,20.7,61.5,0,,,0,none,none
2025-12-11T10:07:53.970,20.7,61.6,0,,,0,none,none
2025-12-11T10:07:56.225,20.7,61.7,0,,,0,none,none
2025-12-11T10:07:58.483,20.7,61.6,0,,,0,none,none
2025-12-11T10:08:00.743,20.7,61.4,0,,,0,none,none
2025-12-11T10:08:03.003,20.7,61.2,0,,,0,none,none
2025-12-11T10:08:05.258,20.7,61.2,0,,,0,none,none
2025-12-11T10:08:07.515,20.7,61.1,0,,,0,none,none
2025-12-11T10:08:09.775,20.7,61.1,0,,,0,none,none
2025-12-11T10:08:12.035,20.7,61.1,0,,,0,none,none
2025-12-11T10:08:14.295,20.7,61.1,0,,,0,none,none
2025-12-11T10:08:16.550,20.7,61.1,0,,,0,none,none
2025-12-11T10:08:18.804,20.7,61.1,0,,,0,none,none
2025-12-11T10:08:21.059,20.7,61.1,0,,,0,none,none
2025-12-11T10:08:23.315,20.7,61.0,0,,,0,none,none
2025-12-11T10:08:25.575,20.7,61.0,0,,,0,none,none
2025-12-11T10:08:27.830,20.7,61.0,0,,,0,none,none
2025-12-11T10:08:30.084,20.7,61.0,0,,,0,none,none
2025-12-11T10:08:32.339,20.7,61.1,0,,,0,none,none
2025-12-11T10:08:34.593,20.7,61.3,0,,,0,none,none
2025-12-11T10:08:36.848,20.6,61.3,0,,,0,none,none
2025-12-11T10:08:39.103,20.6,61.3,0,,,0,none,none
2025-12-11T10:08:41.357,20.7,61.4,0,,,0,none,none
2025-12-11T10:08:43.612,20.7,61.4,0,,,0,none,none
2025-12-11T10:08:45.867,20.7,61.4,0,,,0,none,none
2025-12-11T10:08:48.122,20.6,61.3,0,,,0,none,none
2025-12-11T10:08:50.376,20.6,61.3,0,,,0,none,none
2025-12-11T10:08:52.631,20.7,61.2,0,,,0,none,none
2025-12-11T10:08:54.886,20.6,61.0,0,,,0,none,none
2025-12-11T10:08:57.141,20.7,61.1,0,,,0,none,none
2025-12-11T10:08:59.395,20.6,61.1,0,,,0,none,none
2025-12-11T10:09:01.650,20.6,61.0,0,,,0,none,none
2025-12-11T10:09:03.905,20.6,61.0,0,,,0,none,none
2025-12-11T10:09:06.160,20.6,60.9,0,,,0,none,none
2025-12-11T10:09:08.415,20.6,60.9,0,,,0,none,none
2025-12-11T10:09:10.669,20.6,61.0,0,,,0,none,none
2025-12-11T10:09:12.924,20.6,61.0,0,,,0,none,none
2025-12-11T10:09:15.179,20.6,61.2,0,,,0,none,none
2025-12-11T10:09:17.434,20.6,61.5,0,,,0,none,none
2025-12-11T10:09:19.688,20.6,61.8,0,,,0,none,none
2025-12-11T10:09:21.943,20.6,62.0,0,,,0,none,none
2025-12-11T10:09:24.198,20.6,62.3,0,,,0,none,none
2025-12-11T10:09:26.453,20.7,62.5,0,,,0,none,none
2025-12-11T10:09:28.708,20.6,62.4,0,,,0,none,none
2025-12-11T10:09:30.962,20.6,62.4,0,,,0,none,none
2025-12-11T10:09:33.217,20.6,62.6,0,,,0,none,none
2025-12-11T10:09:35.472,20.6,62.5,0,,,0,none,none
2025-12-11T10:09:37.727,20.6,62.5,0,,,0,none,none
2025-12-11T10:09:39.982,20.7,62.6,0,,,0,none,none
2025-12-11T10:09:42.237,20.6,62.6,0,,,0,none,none
2025-12-11T10:09:44.491,20.7,62.6,0,,,0,none,none
2025-12-11T10:09:46.746,20.7,62.6,0,,,0,none,none
2025-12-11T10:09:49.001,20.7,62.5,0,,,0,none,none
2025-12-11T10:09:51.256,20.6,62.3,0,,,0,none,none
2025-12-11T10:09:53.511,20.6,62.1,0,,,0,none,none
2025-12-11T10:09:55.765,20.6,62.0,0,,,0,none,none
2025-12-11T10:09:58.020,20.6,62.1,0,,,0,none,none
2025-12-11T10:10:00.275,20.6,62.2,0,,,0,none,none
2025-12-11T10:10:02.530,20.6,62.2,0,,,0,none,none
2025-12-11T10:10:04.785,20.6,62.3,0,,,0,none,none
2025-12-11T10:10:07.039,20.6,62.3,0,,,0,none,none
2025-12-11T10:10:09.294,20.6,62.4,0,,,0,none,none
2025-12-11T10:10:11.549,20.6,62.3,0,,,0,none,none
2025-12-11T10:10:13.804,20.6,62.4,0,,,0,none,none
2025-12-11T10:10:16.059,,,0,,,0,none,none
2025-12-11T10:10:18.313,20.6,62.4,0,,,0,none,none
2025-12-11T10:10:20.568,20.6,62.4,0,,,0,none,none
2025-12-11T10:10:22.823,20.6,62.4,0,,,0,none,none
2025-12-11T10:10:25.078,20.6,62.5,0,,,0,none,none
2025-12-11T10:10:27.333,20.6,62.5,0,,,0,none,none
2025-12-11T10:10:29.587,20.7,62.7,0,,,0,none,none
2025-12-11T10:10:31.842,20.7,62.8,0,,,0,none,none
2025-12-11T10:10:34.097,20.7,62.8,0,,,0,none,none
2025-12-11T10:10:36.352,20.7,62.8,0,,,0,none,none
2025-12-11T10:10:38.607,20.7,62.9,0,,,0,none,none
2025-12-11T10:10:40.861,20.7,62.7,0,,,0,none,none
2025-12-11T10:10:43.116,20.7,62.5,0,,,0,none,none
2025-12-11T10:10:45.371,20.7,62.4,0,,,0,none,none
2025-12-11T10:10:47.626,20.7,62.2,0,,,0,none,none
2025-12-11T10:10:49.881,20.6,62.1,0,,,0,none,none
2025-12-11T10:10:52.135,20.7,62.1,0,,,0,none,none
2025-12-11T10:10:54.390,20.7,62.0,0,,,0,none,none
2025-12-11T10:10:56.645,20.7,61.9,0,,,0,none,none
2025-12-11T10:10:58.900,20.7,61.9,0,,,0,none,none
2025-12-11T10:11:01.154,20.7,61.9,0,,,0,none,none
2025-12-11T10:11:03.409,20.6,61.9,0,,,0,none,none
2025-12-11T10:11:05.664,20.6,61.8,0,,,0,none,none
2025-12-11T10:11:07.919,20.6,61.7,0,,,0,none,none
2025-12-11T10:11:10.173,20.6,61.7,0,,,0,none,none
2025-12-11T10:11:12.428,20.6,61.7,0,,,0,none,none
                                                                                                                                                                                                                                                                                                                                                                                  2025-12-11T10:09:58.708,,,1,,,0,none,none
2025-12-11T10:10:00.966,20.3,58.4,1,,,0,none,none
2025-12-11T10:10:03.227,20.2,58.7,1,,,0,none,none
2025-12-11T10:10:05.485,20.2,59.0,1,,,0,none,none
2025-12-11T10:10:07.741,20.2,59.0,1,,,0,none,none
2025-12-11T10:10:09.999,20.2,59.4,1,,,0,none,none
2025-12-11T10:10:12.254,20.2,59.9,1,,,0,none,none
2025-12-11T10:10:14.509,20.2,60.2,0,,,0,none,none
2025-12-11T10:10:16.764,20.2,60.4,0,,,0,none,none
2025-12-11T10:10:19.018,20.2,60.4,0,,,0,none,none
2025-12-11T10:10:21.273,20.2,60.3,0,,,0,none,none
2025-12-11T10:10:23.528,20.3,60.1,0,,,0,none,none
2025-12-11T23:01:25.480,20.3,59.6,0,,,0,none,none
2025-12-11T23:01:27.735,20.3,59.2,0,,,0,none,none
2025-12-11T23:01:29.989,20.3,58.6,0,,,0,none,none
2025-12-11T23:01:32.244,20.3,58.5,0,,,0,none,none
2025-12-11T23:01:34.499,20.3,58.3,0,,,0,none,none
2025-12-11T23:01:36.753,20.3,58.0,0,,,0,none,none
2025-12-11T23:01:39.008,20.3,57.6,0,,,0,none,none
2025-12-11T23:01:41.263,20.3,57.3,0,,,0,none,none
2025-12-11T23:01:43.518,20.3,57.0,0,,,0,none,none
2025-12-11T23:01:45.772,20.3,56.6,0,,,0,none,none
2025-12-11T23:01:48.027,20.3,56.6,0,,,0,none,none
2025-12-11T23:01:50.287,20.3,57.1,0,,,0,none,none
2025-12-11T23:01:52.542,20.3,57.2,0,,,0,none,none
2025-12-11T23:01:54.799,20.3,57.4,0,,,0,none,none
2025-12-11T23:01:57.054,20.3,57.6,0,,,0,none,none
2025-12-11T23:01:59.308,20.3,57.8,0,,,0,none,none
2025-12-11T23:02:01.567,20.3,57.8,0,,,0,none,none
2025-12-11T23:02:03.827,20.3,57.8,0,,,0,none,none
2025-12-11T23:02:06.087,20.3,57.8,0,,,0,none,none
2025-12-11T23:02:08.347,20.3,57.9,0,,,0,none,none
2025-12-11T23:02:10.602,20.3,58.0,0,,,0,none,none
2025-12-11T23:02:12.857,20.2,58.0,0,,,0,none,none
2025-12-11T23:02:15.112,20.2,57.9,0,,,0,none,none
2025-12-11T23:02:17.366,20.2,57.7,0,,,0,none,none
2025-12-11T23:02:19.621,20.3,57.8,0,,,0,none,none
2025-12-11T23:02:21.876,20.3,58.2,0,,,0,none,none
2025-12-11T23:02:24.131,20.3,58.2,0,,,0,none,none
2025-12-11T23:02:26.386,20.3,58.0,0,,,0,none,none
2025-12-11T23:02:28.641,20.3,57.8,0,,,0,none,none
2025-12-11T23:02:30.895,20.3,57.6,0,,,0,none,none
2025-12-11T23:02:33.150,20.2,57.4,0,,,0,none,none
2025-12-11T23:02:35.405,20.3,57.2,0,,,0,none,none
2025-12-11T23:02:37.660,20.2,56.9,0,,,0,none,none
2025-12-11T23:02:39.915,20.3,56.9,0,,,0,none,none
2025-12-11T23:02:42.169,20.2,56.8,0,,,0,none,none
2025-12-11T23:02:44.424,20.2,56.6,0,,,0,none,none
2025-12-11T23:02:46.679,20.2,56.7,0,,,0,none,none
2025-12-11T23:02:48.934,20.2,56.7,0,,,0,none,none
2025-12-11T23:02:51.188,20.2,56.7,0,,,0,none,none
2025-12-11T23:02:53.443,20.2,56.6,0,,,0,none,none
2025-12-11T23:02:55.698,20.2,56.4,0,,,0,none,none
2025-12-11T23:02:57.953,20.2,56.2,0,,,0,none,none
2025-12-11T23:03:00.207,20.2,56.3,0,,,0,none,none
2025-12-11T23:03:02.462,20.2,56.4,0,,,0,none,none
2025-12-11T23:03:04.717,20.2,56.5,0,,,0,none,none
2025-12-11T23:03:06.972,20.2,56.7,0,,,0,none,none
2025-12-11T23:03:09.227,20.2,57.0,0,,,0,none,none
2025-12-11T23:03:11.481,20.2,57.1,0,,,0,none,none
2025-12-11T23:03:13.736,20.2,57.1,0,,,0,none,none
2025-12-11T23:03:15.991,20.2,56.8,0,,,0,none,none
2025-12-11T23:03:18.245,20.2,56.5,0,,,0,none,none
2025-12-11T23:03:20.500,20.2,56.1,0,,,0,none,none
2025-12-11T23:03:22.755,20.2,55.9,0,,,0,none,none
2025-12-11T23:03:25.009,20.2,55.7,0,,,0,none,none
2025-12-11T23:03:27.264,20.2,55.6,0,,,0,none,none
2025-12-11T23:03:29.519,20.2,55.6,0,,,0,none,none
2025-12-11T23:03:31.774,20.2,55.8,0,,,0,none,none
2025-12-11T23:03:34.028,20.2,55.9,0,,,0,none,none
2025-12-11T23:03:36.283,20.2,56.0,0,,,0,none,none
2025-12-11T23:03:38.538,20.2,55.8,0,,,0,none,none
2025-12-11T23:03:40.792,20.2,55.9,0,,,0,none,none
2025-12-11T23:03:43.047,20.2,56.0,0,,,0,none,none
2025-12-11T23:03:45.302,20.2,55.9,0,,,0,none,none
2025-12-11T23:03:47.557,20.2,55.9,0,,,0,none,none
2025-12-11T23:03:49.811,20.2,55.9,0,,,0,none,none
2025-12-11T23:03:52.066,20.2,55.6,0,,,0,none,none
2025-12-11T23:03:54.321,20.1,55.3,0,,,0,none,none
2025-12-11T23:03:56.576,20.2,55.4,0,,,0,none,none
2025-12-11T23:03:58.830,20.2,55.5,0,,,0,none,none
2025-12-11T23:04:01.085,20.2,55.5,0,,,0,none,none
2025-12-11T23:04:03.340,20.1,55.4,0,,,0,none,none
2025-12-11T23:04:05.594,20.1,55.4,0,,,0,none,none
2025-12-11T23:04:07.849,20.1,55.5,0,,,0,none,none
2025-12-11T23:04:10.104,20.1,55.4,0,,,0,none,none
2025-12-11T23:04:12.358,20.1,55.3,0,,,0,none,none
2025-12-11T23:04:14.613,20.1,55.5,0,,,0,none,none
2025-12-11T23:04:16.868,20.1,55.4,0,,,0,none,none
2025-12-11T23:04:19.122,20.1,55.3,0,,,0,none,none
2025-12-11T23:04:21.377,20.2,55.5,0,,,0,none,none
2025-12-11T23:04:23.632,20.1,55.6,0,,,0,none,none
2025-12-11T23:04:25.886,20.1,55.8,0,,,0,none,none
2025-12-11T23:04:28.141,20.1,55.8,0,,,0,none,none
2025-12-11T23:04:30.396,20.1,56.0,0,,,0,none,none
2025-12-11T23:04:32.651,20.1,56.1,0,,,0,none,none
2025-12-11T23:04:34.905,20.1,55.8,0,,,0,none,none
2025-12-11T23:04:37.160,20.1,55.7,0,,,0,none,none
2025-12-11T23:04:39.415,20.1,55.5,0,,,0,none,none
2025-12-11T23:04:41.669,20.1,55.5,0,,,0,none,none
2025-12-11T23:04:43.924,20.1,55.4,0,,,0,none,none
2025-12-11T23:04:46.179,20.1,55.5,0,,,0,none,none
2025-12-11T23:04:48.434,20.1,55.5,0,,,0,none,none
2025-12-11T23:04:50.688,20.1,55.5,0,,,0,none,none
2025-12-11T23:04:52.943,20.1,55.7,0,,,0,none,none
2025-12-11T23:04:55.198,20.1,55.7,0,,,0,none,none
2025-12-11T23:04:57.452,20.1,55.5,0,,,0,none,none
2025-12-11T23:04:59.707,20.1,55.4,0,,,0,none,none
2025-12-11T23:05:01.961,20.1,55.2,0,,,0,none,none
2025-12-11T23:05:04.216,20.1,55.2,0,,,0,none,none
2025-12-11T23:05:06.471,20.1,55.2,0,,,0,none,none
2025-12-11T23:05:08.726,20.1,55.0,0,,,0,none,none
2025-12-11T23:05:10.981,20.1,55.1,0,,,0,none,none
2025-12-11T23:05:13.235,20.1,55.0,0,,,0,none,none
2025-12-11T23:05:15.490,20.1,54.9,0,,,0,none,none
2025-12-11T23:05:17.745,20.1,54.9,0,,,0,none,none
2025-12-11T23:05:19.999,20.1,54.9,0,,,0,none,none
2025-12-11T23:05:22.254,20.1,55.1,0,,,0,none,none
2025-12-11T23:05:24.509,20.1,55.3,0,,,0,none,none
2025-12-11T23:05:26.764,20.1,55.4,0,,,0,none,none
2025-12-11T23:05:29.019,20.1,55.4,0,,,0,none,none
2025-12-11T23:05:31.274,20.0,55.4,0,,,0,none,none
2025-12-11T23:05:33.528,20.1,55.5,0,,,0,none,none
2025-12-11T23:05:35.783,20.0,55.3,0,,,0,none,none
2025-12-11T23:05:38.038,20.0,55.2,0,,,0,none,none
2025-12-11T23:05:40.293,20.0,55.4,0,,,0,none,none
2025-12-11T23:05:42.548,20.0,55.4,0,,,0,none,none
2025-12-11T23:05:44.803,20.0,55.5,0,,,0,none,none
2025-12-11T23:05:47.057,20.0,55.6,0,,,0,none,none
2025-12-11T23:05:49.312,20.0,55.7,0,,,0,none,none
2025-12-11T23:05:51.571,20.0,55.7,0,,,0,none,none
2025-12-11T23:05:53.825,20.0,55.8,0,,,0,none,none
2025-12-11T23:05:56.083,20.0,55.7,0,,,0,none,none
2025-12-11T23:05:58.343,20.0,55.7,0,,,0,none,none
2025-12-11T23:06:00.597,20.0,55.7,0,,,0,none,none
2025-12-11T23:06:02.852,20.0,55.8,0,,,0,none,none
2025-12-11T23:06:05.107,20.0,56.0,0,,,0,none,none
2025-12-11T23:06:07.361,20.0,56.1,0,,,0,none,none
2025-12-11T23:06:09.616,20.0,56.0,0,,,0,none,none
2025-12-11T23:06:11.871,20.0,55.7,0,,,0,none,none
2025-12-11T23:06:14.126,20.0,55.6,0,,,0,none,none
2025-12-11T23:06:16.381,20.0,55.3,0,,,0,none,none
2025-12-11T23:06:18.636,20.0,55.5,0,,,0,none,none
2025-12-11T23:06:20.890,20.0,55.7,0,,,0,none,none
2025-12-11T23:06:23.145,20.0,56.1,0,,,0,none,none
2025-12-11T23:06:25.403,20.0,56.2,0,,,0,none,none
2025-12-11T23:06:27.663,20.0,56.0,0,,,0,none,none
2025-12-11T23:06:29.918,20.0,55.8,0,,,0,none,none
2025-12-11T23:06:32.172,20.0,56.0,0,,,0,none,none
2025-12-11T23:06:34.427,20.0,55.9,0,,,0,none,none
2025-12-11T23:06:36.687,20.0,55.7,0,,,0,none,none
2025-12-11T23:06:38.947,20.0,55.6,0,,,0,none,none
2025-12-11T23:06:41.207,20.0,55.5,0,,,0,none,none
2025-12-11T23:06:43.467,20.0,55.4,0,,,0,none,none
2025-12-11T23:06:45.722,19.9,55.2,0,,,0,none,none
2025-12-11T23:06:47.976,20.0,55.4,0,,,0,none,none
2025-12-11T23:06:50.231,19.9,55.4,0,,,0,none,none
2025-12-11T23:06:52.486,20.0,55.5,0,,,0,none,none
2025-12-11T23:06:54.741,19.9,55.5,0,,,0,none,none
2025-12-11T23:06:56.996,19.9,55.5,0,,,0,none,none
2025-12-11T23:06:59.251,20.0,55.5,0,,,0,none,none
2025-12-11T23:07:01.505,19.9,55.6,0,,,0,none,none
2025-12-11T23:07:03.760,19.9,55.6,0,,,0,none,none
2025-12-11T23:07:06.015,19.9,55.6,0,,,0,none,none
2025-12-11T23:07:08.270,19.9,55.8,0,,,0,none,none
2025-12-11T23:07:10.525,19.9,55.8,0,,,0,none,none
2025-12-11T23:07:12.779,19.9,55.9,0,,,0,none,none
2025-12-11T23:07:15.034,19.9,55.8,0,,,0,none,none
2025-12-11T23:07:17.289,19.9,55.8,0,,,0,none,none
2025-12-11T23:07:19.544,19.9,55.9,0,,,0,none,none
2025-12-11T23:07:21.799,19.9,55.8,0,,,0,none,none
2025-12-11T23:07:24.054,19.9,55.9,0,,,0,none,none
2025-12-11T23:07:26.308,19.9,55.6,0,,,0,none,none
2025-12-11T23:07:28.563,19.9,55.4,0,,,0,none,none
2025-12-11T23:07:30.818,19.9,55.2,0,,,0,none,none
2025-12-11T23:07:33.073,19.9,55.3,0,,,0,none,none
2025-12-11T23:07:35.327,19.9,55.3,0,,,0,none,none
2025-12-11T23:07:37.582,19.9,55.2,0,,,0,none,none
2025-12-11T23:07:39.837,19.9,55.1,0,,,0,none,none
2025-12-11T23:07:42.092,19.9,55.2,0,,,0,none,none
2025-12-11T23:07:44.346,19.9,55.2,0,,,0,none,none
2025-12-11T23:07:46.601,19.9,55.0,0,,,0,none,none
2025-12-11T23:07:48.856,19.9,54.9,0,,,0,none,none
2025-12-11T23:07:51.111,19.9,55.0,0,,,0,none,none
2025-12-11T23:07:53.366,19.9,55.2,0,,,0,none,none
2025-12-11T23:07:55.620,19.9,55.2,0,,,0,none,none
2025-12-11T23:07:57.875,19.9,55.1,0,,,0,none,none
2025-12-11T23:08:00.130,19.8,55.1,0,,,0,none,none
2025-12-11T23:08:02.385,19.9,55.1,0,,,0,none,none
2025-12-11T23:08:04.640,19.8,55.1,0,,,0,none,none
2025-12-11T23:08:06.894,19.9,55.1,0,,,0,none,none
2025-12-11T23:08:09.149,19.9,55.2,0,,,0,none,none
2025-12-11T23:08:11.404,19.9,55.5,0,,,0,none,none
2025-12-11T23:08:13.658,19.8,55.6,0,,,0,none,none
2025-12-11T23:08:15.913,19.8,55.6,0,,,0,none,none
2025-12-11T23:08:18.168,19.8,55.5,0,,,0,none,none
2025-12-11T23:08:20.423,19.9,55.5,0,,,0,none,none
2025-12-11T23:08:22.677,19.9,55.4,0,,,0,none,none
2025-12-11T23:08:24.932,19.8,55.1,0,,,0,none,none
2025-12-11T23:08:27.187,19.8,54.9,0,,,0,none,none
2025-12-11T23:08:29.442,19.8,54.8,0,,,0,none,none
2025-12-11T23:08:31.697,19.8,54.9,0,,,0,none,none
2025-12-11T23:08:33.952,19.8,55.2,0,,,0,none,none
2025-12-11T23:08:36.206,19.8,55.4,0,,,0,none,none
2025-12-11T23:08:38.461,19.8,55.5,0,,,0,none,none
2025-12-11T23:08:40.716,19.8,55.7,0,,,0,none,none
2025-12-11T23:08:42.971,19.8,55.7,0,,,0,none,none
2025-12-11T23:08:45.226,19.8,55.9,0,,,0,none,none
2025-12-11T23:08:47.481,19.8,55.9,0,,,0,none,none
2025-12-11T23:08:49.735,19.8,56.0,0,,,0,none,none
2025-12-11T23:08:51.990,19.8,56.0,0,,,0,none,none
2025-12-11T23:08:54.245,19.8,55.6,0,,,0,none,none
2025-12-11T23:08:56.500,19.8,55.6,0,,,0,none,none
2025-12-11T23:08:58.755,19.8,55.5,0,,,0,none,none
2025-12-11T23:09:01.010,19.8,55.3,0,,,0,none,none
2025-12-11T23:09:03.264,19.8,55.1,0,,,0,none,none
2025-12-11T23:09:05.519,19.8,55.3,0,,,0,none,none
2025-12-11T23:09:07.774,19.8,55.3,0,,,0,none,none
2025-12-11T23:09:10.029,19.8,55.4,0,,,0,none,none
2025-12-11T23:09:12.284,19.8,55.6,0,,,0,none,none
2025-12-11T23:09:14.538,19.8,55.7,0,,,0,none,none
2025-12-11T23:09:16.793,19.8,55.7,0,,,0,none,none
2025-12-11T23:09:19.048,,,0,,,0,none,none
2025-12-11T23:09:21.303,19.8,55.9,0,,,0,none,none
2025-12-11T23:09:23.558,19.8,56.1,0,,,0,none,none
2025-12-11T23:09:25.813,19.8,56.2,0,,,0,none,none
2025-12-11T23:09:28.067,19.8,56.3,0,,,0,none,none
2025-12-11T23:09:30.322,19.8,56.1,0,,,0,none,none
2025-12-11T23:09:32.577,19.8,55.7,0,,,0,none,none
2025-12-11T23:09:34.832,19.8,55.6,0,,,0,none,none
2025-12-11T23:09:37.087,19.8,55.6,0,,,0,none,none
2025-12-11T23:09:39.342,19.8,55.8,0,,,0,none,none
2025-12-11T23:09:41.596,19.8,55.7,0,,,0,none,none
2025-12-11T23:09:43.851,19.8,56.0,0,,,0,none,none
2025-12-11T23:09:46.106,19.8,56.0,0,,,0,none,none
2025-12-11T23:09:48.361,19.8,55.8,0,,,0,none,none
2025-12-11T23:09:50.616,19.8,55.8,0,,,0,none,none
2025-12-11T23:09:52.870,19.8,55.9,0,,,0,none,none
2025-12-11T23:09:55.125,19.8,56.0,0,,,0,none,none
2025-12-11T23:09:57.380,19.8,56.0,0,,,0,none,none
2025-12-11T23:09:59.635,19.8,55.9,0,,,0,none,none
2025-12-11T23:10:01.890,19.8,56.0,0,,,0,none,none
2025-12-11T23:10:04.144,19.8,56.1,0,,,0,none,none
2025-12-11T23:10:06.399,19.8,56.1,0,,,0,none,none
2025-12-11T23:10:08.654,19.8,56.1,0,,,0,none,none
2025-12-11T23:10:10.909,19.8,56.2,0,,,0,none,none
2025-12-11T23:10:13.164,19.8,56.1,0,,,0,none,none
2025-12-11T23:10:15.419,19.8,56.1,0,,,0,none,none
2025-12-11T23:10:17.673,19.8,56.1,0,,,0,none,none
2025-12-11T23:10:19.928,19.8,56.1,0,,,0,none,none
2025-12-11T23:10:22.183,19.8,56.0,0,,,0,none,none
2025-12-11T23:10:24.438,19.8,55.8,0,,,0,none,none
2025-12-11T23:10:26.693,19.8,55.7,0,,,0,none,none
2025-12-11T23:10:28.948,19.8,55.7,0,,,0,none,none
2025-12-11T23:10:31.202,19.8,55.7,0,,,0,none,none
2025-12-11T23:10:33.457,19.8,55.6,0,,,0,none,none
2025-12-11T23:10:35.712,19.8,55.6,0,,,0,none,none
2025-12-11T23:10:37.967,19.8,55.6,0,,,0,none,none
2025-12-11T23:10:40.222,19.8,55.6,0,,,0,none,none
2025-12-11T23:10:42.476,19.8,55.5,0,,,0,none,none
2025-12-11T23:10:44.731,19.8,55.5,0,,,0,none,none
2025-12-11T23:10:46.986,19.8,55.5,0,,,0,none,none
2025-12-11T23:10:49.241,19.8,55.5,0,,,0,none,none
2025-12-11T23:10:51.496,19.8,55.5,0,,,0,none,none
2025-12-11T23:10:53.750,19.8,55.4,0,,,0,none,none
2025-12-11T23:10:56.005,19.8,55.5,0,,,0,none,none
2025-12-11T23:10:58.260,19.8,55.4,0,,,0,none,none
2025-12-11T23:11:00.515,19.8,55.2,0,,,0,none,none
2025-12-11T23:11:02.769,19.8,55.0,0,,,0,none,none
2025-12-11T23:11:05.024,19.8,55.1,0,,,0,none,none
2025-12-11T23:11:07.279,19.8,55.1,0,,,0,none,none
2025-12-11T23:11:09.534,19.8,55.0,0,,,0,none,none
2025-12-11T23:11:11.788,19.8,55.1,0,,,0,none,none
2025-12-11T23:11:14.043,19.8,55.1,0,,,0,none,none
2025-12-11T23:11:16.298,19.8,55.0,0,,,0,none,none
2025-12-11T23:11:18.552,19.8,54.8,0,,,0,none,none
2025-12-11T23:11:20.807,19.8,54.8,0,,,0,none,none
2025-12-11T23:11:23.062,19.8,54.6,0,,,0,none,none
2025-12-11T23:11:25.317,19.8,54.5,0,,,0,none,none
2025-12-11T23:11:27.572,19.8,54.6,0,,,0,none,none
2025-12-11T23:11:29.827,19.8,54.6,0,,,0,none,none
2025-12-11T23:11:32.081,19.8,54.5,0,,,0,none,none
2025-12-11T23:11:34.336,19.8,54.3,0,,,0,none,none
2025-12-11T23:11:36.591,19.8,54.4,0,,,0,none,none
2025-12-11T23:11:38.846,19.8,54.3,0,,,0,none,none
2025-12-11T23:11:41.101,19.8,54.2,0,,,0,none,none
2025-12-11T23:11:43.356,19.8,54.3,0,,,0,none,none
2025-12-11T23:11:45.610,19.8,54.5,0,,,0,none,none
2025-12-11T23:11:47.865,19.8,54.6,0,,,0,none,none
2025-12-11T23:11:50.120,19.8,54.8,0,,,0,none,none
2025-12-11T23:11:52.375,19.8,54.8,0,,,0,none,none
2025-12-11T23:11:54.630,19.8,54.7,0,,,0,none,none
2025-12-11T23:11:56.884,19.8,54.6,0,,,0,none,none
2025-12-11T23:11:59.139,19.8,54.6,0,,,0,none,none
2025-12-11T23:12:01.394,19.8,54.6,0,,,0,none,none
2025-12-11T23:12:03.649,19.8,54.6,0,,,0,none,none
2025-12-11T23:12:05.904,19.8,54.6,0,,,0,none,none
2025-12-11T23:12:08.159,19.8,54.6,0,,,0,none,none
2025-12-11T23:12:10.413,19.8,54.7,0,,,0,none,none
2025-12-11T23:12:12.668,19.7,54.6,0,,,0,none,none
2025-12-11T23:12:14.923,19.8,54.6,0,,,0,none,none
2025-12-11T23:12:17.178,19.8,54.7,0,,,0,none,none
2025-12-11T23:12:19.433,19.8,54.6,0,,,0,none,none
2025-12-11T23:12:21.688,19.8,54.5,0,,,0,none,none
2025-12-11T23:12:23.942,19.7,54.3,0,,,0,none,none
2025-12-11T23:12:26.197,19.8,54.2,0,,,0,none,none
2025-12-11T23:12:28.452,19.8,54.1,0,,,0,none,none
2025-12-11T23:12:30.707,19.7,53.9,0,,,0,none,none
2025-12-11T23:12:32.961,19.7,53.8,0,,,0,none,none
2025-12-11T23:12:35.216,19.7,53.9,0,,,0,none,none
2025-12-11T23:12:37.471,19.7,53.9,0,,,0,none,none
2025-12-11T23:12:39.726,19.7,53.9,0,,,0,none,none
2025-12-11T23:12:41.981,19.7,54.0,0,,,0,none,none
2025-12-11T23:12:44.236,19.7,53.9,0,,,0,none,none
2025-12-11T23:12:46.491,19.8,54.0,0,,,0,none,none
2025-12-11T23:12:48.745,19.8,53.9,0,,,0,none,none
2025-12-11T23:12:51.000,19.8,54.0,0,,,0,none,none
2025-12-11T23:12:53.255,19.7,54.0,0,,,0,none,none
2025-12-11T23:12:55.510,19.8,54.2,0,,,0,none,none
2025-12-11T23:12:57.765,19.8,54.1,0,,,0,none,none
2025-12-11T23:13:00.020,19.7,54.0,0,,,0,none,none
2025-12-11T23:13:02.275,19.7,54.0,0,,,0,none,none
2025-12-11T23:13:04.529,19.7,54.1,0,,,0,none,none
2025-12-11T23:13:06.784,19.8,54.2,0,,,0,none,none
2025-12-11T23:13:09.039,19.7,54.0,0,,,0,none,none
2025-12-11T23:13:11.294,19.8,54.2,0,,,0,none,none
2025-12-11T23:13:13.549,19.7,54.1,0,,,0,none,none
2025-12-11T23:13:15.803,19.8,54.0,0,,,0,none,none
2025-12-11T23:13:18.058,19.7,53.8,0,,,0,none,none
2025-12-11T23:13:20.313,19.8,53.7,0,,,0,none,none
2025-12-11T23:13:22.568,19.7,53.7,0,,,0,none,none
2025-12-11T23:13:24.823,19.8,54.0,0,,,0,none,none
2025-12-11T23:13:27.077,19.7,53.9,0,,,0,none,none
2025-12-11T23:13:29.332,19.7,53.9,0,,,0,none,none
2025-12-11T23:13:31.587,19.7,53.9,0,,,0,none,none
2025-12-11T23:13:33.841,19.7,54.0,0,,,0,none,none
2025-12-11T23:13:36.096,19.7,54.0,0,,,0,none,none
2025-12-11T23:13:38.351,19.7,54.0,0,,,0,none,none
2025-12-11T23:13:40.606,19.7,54.2,0,,,0,none,none
2025-12-11T23:13:42.860,19.7,54.2,0,,,0,none,none
2025-12-11T23:13:45.115,19.7,54.2,0,,,0,none,none
2025-12-11T23:13:47.369,19.7,54.3,0,,,0,none,none
2025-12-11T23:13:49.624,19.7,54.2,0,,,0,none,none
2025-12-11T23:13:51.879,19.7,54.0,0,,,0,none,none
2025-12-11T23:13:54.134,19.7,54.0,0,,,0,none,none
2025-12-11T23:13:56.389,19.7,54.0,0,,,0,none,none
2025-12-11T23:13:58.643,19.7,53.9,0,,,0,none,none
2025-12-11T23:14:00.898,19.7,53.9,0,,,0,none,none
2025-12-11T23:14:03.153,19.7,53.9,0,,,0,none,none
2025-12-11T23:14:05.408,19.7,53.9,0,,,0,none,none
2025-12-11T23:14:07.663,19.7,54.0,0,,,0,none,none
2025-12-11T23:14:09.918,19.7,53.9,0,,,0,none,none
2025-12-11T23:14:12.172,19.7,53.8,0,,,0,none,none
2025-12-11T23:14:14.427,19.7,53.7,0,,,0,none,none
2025-12-11T23:14:16.682,19.7,53.5,0,,,0,none,none
2025-12-11T23:14:18.937,19.7,53.5,0,,,0,none,none
2025-12-11T23:14:21.191,19.7,53.4,0,,,0,none,none
2025-12-11T23:14:23.451,19.7,53.3,0,,,0,none,none
2025-12-11T23:14:25.711,19.7,53.3,0,,,0,none,none
2025-12-11T23:14:27.971,19.7,53.4,0,,,0,none,none
2025-12-11T23:14:30.226,19.7,53.4,0,,,0,none,none
2025-12-11T23:14:32.483,19.7,53.4,0,,,0,none,none
2025-12-11T23:14:34.743,19.7,53.5,0,,,0,none,none
2025-12-11T23:14:36.998,19.7,53.5,0,,,0,none,none
2025-12-11T23:14:39.252,19.7,53.5,0,,,0,none,none
2025-12-11T23:14:41.511,19.7,53.5,0,,,0,none,none
2025-12-11T23:14:43.771,19.7,53.6,0,,,0,none,none
2025-12-11T23:14:46.031,19.7,53.7,0,,,0,none,none
2025-12-11T23:14:48.285,19.7,53.8,0,,,0,none,none
2025-12-11T23:14:50.540,19.7,53.8,0,,,0,none,none
2025-12-11T23:14:52.799,19.7,53.9,0,,,0,none,none
2025-12-11T23:14:55.053,19.7,53.9,0,,,0,none,none
2025-12-11T23:14:57.308,19.7,53.9,0,,,0,none,none
2025-12-11T23:14:59.567,19.7,53.9,0,,,0,none,none
2025-12-11T23:15:01.821,19.7,54.0,0,,,0,none,none
2025-12-11T23:15:04.076,19.7,54.0,0,,,0,none,none
2025-12-11T23:15:06.331,19.7,53.9,0,,,0,none,none
2025-12-11T23:15:08.587,19.7,53.7,0,,,0,none,none
2025-12-11T23:15:10.842,19.7,53.6,0,,,0,none,none
2025-12-11T23:15:13.099,19.7,53.6,0,,,0,none,none
2025-12-11T23:15:15.359,19.7,53.5,0,,,0,none,none
2025-12-11T23:15:17.619,19.7,53.5,0,,,0,none,none
2025-12-11T23:15:19.879,19.7,53.5,0,,,0,none,none
2025-12-11T23:15:22.133,19.7,53.5,0,,,0,none,none
2025-12-11T23:15:24.391,19.7,53.4,0,,,0,none,none
2025-12-11T23:15:26.651,19.7,53.4,0,,,0,none,none
2025-12-11T23:15:28.911,19.7,53.3,0,,,0,none,none
2025-12-11T23:15:31.171,19.7,53.2,0,,,0,none,none
2025-12-11T23:15:33.426,19.7,53.3,0,,,0,none,none
2025-12-11T23:15:35.683,19.7,53.5,0,,,0,none,none
2025-12-11T23:15:37.943,19.7,53.5,0,,,0,none,none
2025-12-11T23:15:40.199,19.7,53.5,0,,,0,none,none
2025-12-11T23:15:42.459,19.7,53.5,0,,,0,none,none
2025-12-11T23:15:44.719,19.7,53.5,0,,,0,none,none
2025-12-11T23:15:46.979,19.7,53.5,0,,,0,none,none
2025-12-11T23:15:49.233,19.7,53.4,0,,,0,none,none
2025-12-11T23:15:51.491,,,0,,,0,none,none
2025-12-11T23:15:53.751,19.7,53.4,0,,,0,none,none
2025-12-11T23:15:56.005,19.7,53.4,0,,,0,none,none
2025-12-11T23:15:58.260,19.7,53.5,0,,,0,none,none
2025-12-11T23:16:00.519,19.7,53.4,0,,,0,none,none
2025-12-11T23:16:02.773,19.7,53.4,0,,,0,none,none
2025-12-11T23:16:05.028,19.7,53.1,0,,,0,none,none
2025-12-11T23:16:07.287,19.7,53.1,0,,,0,none,none
2025-12-11T23:16:09.541,19.7,53.2,0,,,0,none,none
2025-12-11T23:16:11.796,19.7,53.3,0,,,0,none,none
2025-12-11T23:16:14.051,19.7,53.4,0,,,0,none,none
2025-12-11T23:16:16.305,19.7,53.3,0,,,0,none,none
2025-12-11T23:16:18.563,19.7,53.4,0,,,0,none,none
2025-12-11T23:16:20.823,19.7,53.4,0,,,0,none,none
2025-12-11T23:16:23.077,19.7,53.3,0,,,0,none,none
2025-12-11T23:16:25.335,19.7,53.3,0,,,0,none,none
2025-12-11T23:16:27.595,19.7,53.2,0,,,0,none,none
2025-12-11T23:16:29.849,19.7,53.3,0,,,0,none,none
2025-12-11T23:16:32.107,19.7,53.3,0,,,0,none,none
2025-12-11T23:16:34.363,19.7,53.4,0,,,0,none,none
2025-12-11T23:16:36.619,19.7,53.5,0,,,0,none,none
2025-12-11T23:16:38.879,19.7,53.5,0,,,0,none,none
2025-12-11T23:16:41.139,19.7,53.5,0,,,0,none,none
2025-12-11T23:16:43.399,19.7,53.4,0,,,0,none,none
2025-12-11T23:16:45.659,19.7,53.4,0,,,0,none,none
2025-12-11T23:16:47.919,19.7,53.3,0,,,0,none,none
2025-12-11T23:16:50.174,19.7,53.4,0,,,0,none,none
2025-12-11T23:16:52.429,19.7,53.4,0,,,0,none,none
2025-12-11T23:16:54.684,19.7,53.4,0,,,0,none,none
2025-12-11T23:16:56.938,19.7,53.4,0,,,0,none,none
2025-12-11T23:16:59.193,19.7,53.3,0,,,0,none,none
2025-12-11T23:17:01.448,19.7,53.2,0,,,0,none,none
2025-12-11T23:17:03.702,19.7,53.2,0,,,0,none,none
2025-12-11T23:17:05.957,19.7,53.2,0,,,0,none,none
2025-12-11T23:17:08.212,19.7,53.1,0,,,0,none,none
2025-12-11T23:17:10.467,19.7,53.2,0,,,0,none,none
2025-12-11T23:17:12.722,19.7,53.4,0,,,0,none,none
2025-12-11T23:17:14.976,19.7,53.4,0,,,0,none,none
2025-12-11T23:17:17.235,19.7,53.4,0,,,0,none,none
2025-12-11T23:17:19.495,19.7,53.3,0,,,0,none,none
2025-12-11T23:17:21.755,19.7,53.3,0,,,0,none,none
2025-12-11T23:17:24.009,19.7,53.3,0,,,0,none,none
2025-12-11T23:17:26.267,19.7,53.4,0,,,0,none,none
2025-12-11T23:17:28.527,19.7,53.4,0,,,0,none,none
2025-12-11T23:17:30.787,19.7,53.4,0,,,0,none,none
2025-12-11T23:17:33.042,19.7,53.5,0,,,0,none,none
2025-12-11T23:17:35.296,19.7,53.5,0,,,0,none,none
2025-12-11T23:17:37.555,19.7,53.5,0,,,0,none,none
2025-12-11T23:17:39.815,19.7,53.4,0,,,0,none,none
2025-12-11T23:17:42.070,19.7,53.5,0,,,0,none,none
2025-12-11T23:17:44.324,19.7,53.4,0,,,0,none,none
2025-12-11T23:17:46.579,19.7,53.4,0,,,0,none,none
2025-12-11T23:17:48.839,19.7,53.4,0,,,0,none,none
2025-12-11T23:17:51.093,19.7,53.4,0,,,0,none,none
2025-12-11T23:17:53.351,19.7,53.3,0,,,0,none,none
2025-12-11T23:17:55.606,19.7,53.4,0,,,0,none,none
2025-12-11T23:17:57.860,19.7,53.3,0,,,0,none,none
2025-12-11T23:18:00.115,19.7,53.2,0,,,0,none,none
2025-12-11T23:18:02.375,19.7,53.3,0,,,0,none,none
2025-12-11T23:18:04.630,19.7,53.3,0,,,0,none,none
2025-12-11T23:18:06.885,19.7,53.2,0,,,0,none,none
2025-12-11T23:18:09.140,19.7,53.3,0,,,0,none,none
2025-12-11T23:18:11.394,19.7,53.4,0,,,0,none,none
2025-12-11T23:18:13.649,19.7,53.3,0,,,0,none,none
2025-12-11T23:18:15.904,19.7,53.2,0,,,0,none,none
2025-12-11T23:18:18.159,19.7,53.2,0,,,0,none,none
2025-12-11T23:18:20.413,19.7,53.2,0,,,0,none,none
2025-12-11T23:18:22.668,19.7,53.1,0,,,0,none,none
2025-12-11T23:18:24.923,19.7,53.1,0,,,0,none,none
2025-12-11T23:18:27.178,19.7,53.1,0,,,0,none,none
2025-12-11T23:18:29.433,19.7,53.1,0,,,0,none,none
2025-12-11T23:18:31.688,19.7,53.2,0,,,0,none,none
2025-12-11T23:18:33.942,19.7,53.2,0,,,0,none,none
2025-12-11T23:18:36.197,19.7,53.2,0,,,0,none,none
2025-12-11T23:18:38.452,19.7,53.2,0,,,0,none,none
2025-12-11T23:18:40.707,19.7,53.1,0,,,0,none,none
2025-12-11T23:18:42.962,19.7,53.1,0,,,0,none,none
2025-12-11T23:18:45.216,19.7,53.1,0,,,0,none,none
2025-12-11T23:18:47.471,19.7,53.0,0,,,0,none,none
2025-12-11T23:18:49.726,19.7,53.0,0,,,0,none,none
2025-12-11T23:18:51.981,19.7,53.0,0,,,0,none,none
2025-12-11T23:18:54.235,19.7,52.9,0,,,0,none,none
2025-12-11T23:18:56.490,19.7,52.9,0,,,0,none,none
2025-12-11T23:18:58.745,19.7,53.1,0,,,0,none,none
2025-12-11T23:19:01.000,19.7,53.0,0,,,0,none,none
2025-12-11T23:19:03.255,19.7,53.0,0,,,0,none,none
2025-12-11T23:19:05.509,19.7,53.1,0,,,0,none,none
2025-12-11T23:19:07.764,19.7,53.1,0,,,0,none,none
2025-12-11T23:19:10.019,19.7,53.1,0,,,0,none,none
2025-12-11T23:19:12.279,19.7,53.1,0,,,0,none,none
2025-12-11T23:19:14.539,19.6,52.9,0,,,0,none,none
2025-12-11T23:19:16.799,19.7,52.9,0,,,0,none,none
2025-12-11T23:19:19.059,19.7,52.9,0,,,0,none,none
2025-12-11T23:19:21.319,19.7,52.8,0,,,0,none,none
2025-12-11T23:19:23.579,19.7,52.9,0,,,0,none,none
2025-12-11T23:19:25.833,19.6,52.9,0,,,0,none,none
2025-12-11T23:19:28.091,19.7,52.9,0,,,0,none,none
2025-12-11T23:19:30.346,19.6,52.8,0,,,0,none,none
2025-12-11T23:19:32.603,19.7,52.7,0,,,0,none,none
2025-12-11T23:19:34.863,19.6,52.8,0,,,0,none,none
2025-12-11T23:19:37.123,19.6,53.0,0,,,0,none,none
2025-12-11T23:19:39.377,19.7,53.1,0,,,0,none,none
2025-12-11T23:19:41.635,19.6,53.1,0,,,0,none,none
2025-12-11T23:19:43.895,19.6,53.1,0,,,0,none,none
2025-12-11T23:19:46.149,19.6,53.1,0,,,0,none,none
2025-12-11T23:19:48.407,19.6,53.1,0,,,0,none,none
2025-12-11T23:19:50.667,19.6,53.0,0,,,0,none,none
2025-12-11T23:19:52.921,19.6,53.1,0,,,0,none,none
2025-12-11T23:19:55.176,19.6,53.2,0,,,0,none,none
2025-12-11T23:19:57.435,19.6,53.5,0,,,0,none,none
2025-12-11T23:19:59.689,19.6,53.5,0,,,0,none,none
2025-12-11T23:20:01.944,19.6,53.5,0,,,0,none,none
2025-12-11T23:20:04.199,19.7,53.4,0,,,0,none,none
2025-12-11T23:20:06.454,19.6,53.3,0,,,0,none,none
2025-12-11T23:20:08.711,19.6,53.4,0,,,0,none,none
2025-12-11T23:20:10.971,19.6,53.4,0,,,0,none,none
2025-12-11T23:20:13.231,19.6,53.5,0,,,0,none,none
2025-12-11T23:20:15.486,19.6,53.4,0,,,0,none,none
2025-12-11T23:20:17.743,19.6,53.4,0,,,0,none,none
2025-12-11T23:20:19.997,19.6,53.3,0,,,0,none,none
2025-12-11T23:20:22.255,19.6,53.4,0,,,0,none,none
2025-12-11T23:20:24.510,19.6,53.5,0,,,0,none,none
2025-12-11T23:20:26.767,19.6,53.6,0,,,0,none,none
2025-12-11T23:20:29.027,19.6,53.5,0,,,0,none,none
2025-12-11T23:20:31.287,19.6,53.6,0,,,0,none,none
2025-12-11T23:20:33.541,19.6,53.6,0,,,0,none,none
2025-12-11T23:20:35.799,19.6,53.5,0,,,0,none,none
2025-12-11T23:20:38.059,19.6,53.4,0,,,0,none,none
2025-12-11T23:20:40.319,19.6,53.3,0,,,0,none,none
2025-12-11T23:20:42.579,19.6,53.2,0,,,0,none,none
2025-12-11T23:20:44.839,19.6,53.1,0,,,0,none,none
2025-12-11T23:20:47.099,19.6,53.1,0,,,0,none,none
2025-12-11T23:20:49.359,19.6,53.0,0,,,0,none,none
2025-12-11T23:20:51.619,19.6,53.1,0,,,0,none,none
2025-12-11T23:20:53.873,19.6,53.1,0,,,0,none,none
2025-12-11T23:20:56.131,19.6,53.2,0,,,0,none,none
2025-12-11T23:20:58.391,19.6,53.2,0,,,0,none,none
2025-12-11T23:21:00.645,19.6,53.1,0,,,0,none,none
2025-12-11T23:21:02.903,19.6,53.0,0,,,0,none,none
2025-12-11T23:21:05.158,19.6,53.0,0,,,0,none,none
2025-12-11T23:21:07.412,19.6,52.9,0,,,0,none,none
2025-12-11T23:21:09.667,19.6,53.0,0,,,0,none,none
2025-12-11T23:21:11.927,19.6,53.1,0,,,0,none,none
2025-12-11T23:21:14.182,19.6,53.2,0,,,0,none,none
2025-12-11T23:21:16.439,19.6,53.1,0,,,0,none,none
2025-12-11T23:21:18.694,19.6,53.2,0,,,0,none,none
2025-12-11T23:21:20.948,19.6,53.1,0,,,0,none,none
2025-12-11T23:21:23.203,19.6,53.0,0,,,0,none,none
2025-12-11T23:21:25.457,19.6,53.0,0,,,0,none,none
2025-12-11T23:21:27.715,19.6,53.0,0,,,0,none,none
2025-12-11T23:21:29.970,19.6,53.1,0,,,0,none,none
2025-12-11T23:21:32.224,19.6,53.1,0,,,0,none,none
2025-12-11T23:21:34.483,19.6,53.3,0,,,0,none,none
2025-12-11T23:21:36.738,19.6,53.4,0,,,0,none,none
2025-12-11T23:21:38.995,19.6,53.3,0,,,0,none,none
2025-12-11T23:21:41.255,19.6,53.6,0,,,0,none,none
2025-12-11T23:21:43.515,19.6,53.6,0,,,0,none,none
2025-12-11T23:21:45.775,19.6,53.5,0,,,0,none,none
2025-12-11T23:21:48.035,19.6,53.3,0,,,0,none,none
2025-12-11T23:21:50.290,19.6,53.3,0,,,0,none,none
2025-12-11T23:21:52.547,19.6,53.4,0,,,0,none,none
2025-12-11T23:21:54.807,19.6,53.5,0,,,0,none,none
2025-12-11T23:21:57.062,19.6,53.4,0,,,0,none,none
2025-12-11T23:21:59.319,19.6,53.2,0,,,0,none,none
2025-12-11T23:22:01.573,19.6,53.2,0,,,0,none,none
2025-12-11T23:22:03.828,19.6,53.2,0,,,0,none,none
2025-12-11T23:22:06.087,19.6,53.2,0,,,0,none,none
2025-12-11T23:22:08.347,19.6,53.2,0,,,0,none,none
2025-12-11T23:22:10.602,19.6,53.0,0,,,0,none,none
2025-12-11T23:22:12.859,19.6,53.0,0,,,0,none,none
2025-12-11T23:22:15.119,19.6,52.9,0,,,0,none,none
2025-12-11T23:22:17.379,19.6,52.8,0,,,0,none,none
2025-12-11T23:22:19.639,19.6,52.8,0,,,0,none,none
2025-12-11T23:22:21.899,19.6,52.9,0,,,0,none,none
2025-12-11T23:22:24.159,19.6,53.0,0,,,0,none,none
2025-12-11T23:22:26.414,19.6,53.0,0,,,0,none,none
2025-12-11T23:22:28.671,19.6,53.0,0,,,0,none,none
2025-12-11T23:22:30.926,19.6,52.8,0,,,0,none,none
2025-12-11T23:22:33.183,19.6,52.9,0,,,0,none,none
2025-12-11T23:22:35.438,19.6,53.0,0,,,0,none,none
2025-12-11T23:22:37.692,19.6,53.0,0,,,0,none,none
2025-12-11T23:22:39.951,19.6,52.9,0,,,0,none,none
2025-12-11T23:22:42.211,19.6,53.0,0,,,0,none,none
2025-12-11T23:22:44.466,19.6,53.1,0,,,0,none,none
2025-12-11T23:22:46.723,19.6,53.3,0,,,0,none,none
2025-12-11T23:22:48.983,19.6,53.3,0,,,0,none,none
2025-12-11T23:22:51.238,19.6,53.2,0,,,0,none,none
2025-12-11T23:22:53.495,19.6,53.0,0,,,0,none,none
2025-12-11T23:22:55.755,19.6,53.0,0,,,0,none,none
2025-12-11T23:22:58.017,19.6,53.1,0,,,0,none,none
2025-12-11T23:23:00.275,19.6,53.0,0,,,0,none,none
2025-12-11T23:23:02.529,19.6,52.9,0,,,0,none,none
2025-12-11T23:23:04.787,19.6,52.9,0,,,0,none,none
2025-12-11T23:23:07.042,19.6,53.0,0,,,0,none,none
2025-12-11T23:23:09.296,19.6,53.0,0,,,0,none,none
2025-12-11T23:23:11.555,19.6,53.1,0,,,0,none,none
2025-12-11T23:23:13.810,19.6,53.1,0,,,0,none,none
2025-12-11T23:23:16.067,19.6,53.0,0,,,0,none,none
2025-12-11T23:23:18.327,19.6,53.1,0,,,0,none,none
2025-12-11T23:23:20.587,19.6,53.0,0,,,0,none,none
2025-12-11T23:23:22.841,19.6,53.2,0,,,0,none,none
2025-12-11T23:23:25.099,19.6,53.2,0,,,0,none,none
2025-12-11T23:23:27.354,19.6,53.0,0,,,0,none,none
2025-12-11T23:23:29.611,19.6,53.0,0,,,0,none,none
2025-12-11T23:23:31.866,19.6,53.0,0,,,0,none,none
2025-12-11T23:23:34.123,19.6,53.0,0,,,0,none,none
2025-12-11T23:23:36.378,19.6,53.1,0,,,0,none,none
2025-12-11T23:23:38.632,19.6,53.2,0,,,0,none,none
2025-12-11T23:23:40.891,19.6,53.2,0,,,0,none,none
2025-12-11T23:23:43.151,19.6,53.1,0,,,0,none,none
2025-12-11T23:23:45.411,19.6,53.0,0,,,0,none,none
2025-12-11T23:23:47.666,19.6,52.9,0,,,0,none,none
2025-12-11T23:23:49.920,19.6,52.9,0,,,0,none,none
2025-12-11T23:23:52.179,19.6,52.9,0,,,0,none,none
2025-12-11T23:23:54.439,19.6,53.0,0,,,0,none,none
2025-12-11T23:23:56.699,19.6,52.9,0,,,0,none,none
2025-12-11T23:23:58.959,19.6,53.0,0,,,0,none,none
2025-12-11T23:24:01.219,19.6,53.1,0,,,0,none,none
2025-12-11T23:24:03.474,19.6,53.2,0,,,0,none,none
2025-12-11T23:24:05.728,19.6,53.1,0,,,0,none,none
2025-12-11T23:24:07.983,19.6,53.2,0,,,0,none,none
2025-12-11T23:24:10.239,19.6,53.2,0,,,0,none,none
2025-12-11T23:24:12.499,19.6,53.2,0,,,0,none,none
2025-12-11T23:24:14.759,19.6,53.2,0,,,0,none,none
2025-12-11T23:24:17.019,19.6,53.4,0,,,0,none,none
2025-12-11T23:24:19.279,19.6,53.4,0,,,0,none,none
2025-12-11T23:24:21.539,19.6,53.4,0,,,0,none,none
2025-12-11T23:24:23.793,19.6,53.3,0,,,0,none,none
2025-12-11T23:24:26.048,19.6,53.2,0,,,0,none,none
2025-12-11T23:24:28.303,19.6,53.1,0,,,0,none,none
2025-12-11T23:24:30.557,19.6,53.1,0,,,0,none,none
2025-12-11T23:24:32.812,19.6,53.1,0,,,0,none,none
2025-12-11T23:24:35.071,19.6,53.0,0,,,0,none,none
2025-12-11T23:24:37.325,19.6,53.0,0,,,0,none,none
2025-12-11T23:24:39.580,19.6,53.0,0,,,0,none,none
2025-12-11T23:24:41.839,19.6,53.0,0,,,0,none,none
2025-12-11T23:24:44.093,19.6,53.0,0,,,0,none,none
2025-12-11T23:24:46.351,19.6,52.9,0,,,0,none,none
2025-12-11T23:24:48.611,19.6,52.9,0,,,0,none,none
2025-12-11T23:24:50.871,19.6,53.0,0,,,0,none,none
2025-12-11T23:24:53.131,19.6,53.3,0,,,0,none,none
2025-12-11T23:24:55.391,19.6,53.3,0,,,0,none,none
2025-12-11T23:24:57.646,19.6,53.2,0,,,0,none,none
2025-12-11T23:24:59.900,19.6,53.2,0,,,0,none,none
2025-12-11T23:25:02.155,19.6,53.2,0,,,0,none,none
2025-12-11T23:25:04.410,19.6,53.3,0,,,0,none,none
2025-12-11T23:25:06.665,19.6,53.3,0,,,0,none,none
2025-12-11T23:25:08.920,19.6,53.4,0,,,0,none,none
2025-12-11T23:25:11.175,19.6,53.5,0,,,0,none,none
2025-12-11T23:25:13.429,19.6,53.6,0,,,0,none,none
2025-12-11T23:25:15.684,19.6,53.6,0,,,0,none,none
2025-12-11T23:25:17.939,19.6,53.5,0,,,0,none,none
2025-12-11T23:25:20.194,19.6,53.5,0,,,0,none,none
2025-12-11T23:25:22.449,19.6,53.3,0,,,0,none,none
2025-12-11T23:25:24.703,19.6,53.3,0,,,0,none,none
2025-12-11T23:25:26.958,19.6,53.2,0,,,0,none,none
2025-12-11T23:25:29.213,19.6,53.2,0,,,0,none,none
2025-12-11T23:25:31.467,19.6,53.1,0,,,0,none,none
2025-12-11T23:25:33.722,19.6,52.9,0,,,0,none,none
2025-12-11T23:25:35.977,19.6,52.9,0,,,0,none,none
2025-12-11T23:25:38.232,19.6,52.8,0,,,0,none,none
2025-12-11T23:25:40.487,19.6,52.9,0,,,0,none,none
2025-12-11T23:25:42.741,19.6,52.9,0,,,0,none,none
2025-12-11T23:25:44.996,19.6,53.1,0,,,0,none,none
2025-12-11T23:25:47.251,19.6,53.2,0,,,0,none,none
2025-12-11T23:25:49.506,19.6,53.3,0,,,0,none,none
2025-12-11T23:25:51.760,19.6,53.2,0,,,0,none,none
2025-12-11T23:25:54.016,19.6,53.1,0,,,0,none,none
2025-12-11T23:25:56.275,19.6,53.0,0,,,0,none,none
2025-12-11T23:25:58.535,19.6,52.8,0,,,0,none,none
2025-12-11T23:26:00.795,19.6,52.8,0,,,0,none,none
2025-12-11T23:26:03.055,19.6,52.8,0,,,0,none,none
2025-12-11T23:26:05.310,19.6,52.8,0,,,0,none,none
2025-12-11T23:26:07.564,19.6,52.8,0,,,0,none,none
2025-12-11T23:26:09.819,19.6,52.8,0,,,0,none,none
2025-12-11T23:26:12.079,19.6,52.7,0,,,0,none,none
2025-12-11T23:26:14.339,19.6,52.7,0,,,0,none,none
2025-12-11T23:26:16.599,19.6,52.8,0,,,0,none,none
2025-12-11T23:26:18.853,19.6,52.7,0,,,0,none,none
2025-12-11T23:26:21.111,19.6,52.7,0,,,0,none,none
2025-12-11T23:26:23.371,19.6,52.8,0,,,0,none,none
2025-12-11T23:26:25.625,19.5,52.6,0,,,0,none,none
2025-12-11T23:26:27.883,19.6,52.7,0,,,0,none,none
2025-12-11T23:26:30.141,19.5,52.6,0,,,0,none,none
2025-12-11T23:26:32.395,19.6,52.8,0,,,0,none,none
2025-12-11T23:26:34.650,19.6,52.6,0,,,0,none,none
2025-12-11T23:26:36.904,19.6,52.8,0,,,0,none,none
2025-12-11T23:26:39.159,19.6,52.9,0,,,0,none,none
2025-12-11T23:26:41.414,19.6,53.1,0,,,0,none,none
2025-12-11T23:26:43.671,19.6,53.2,0,,,0,none,none
2025-12-11T23:26:45.931,19.6,53.3,0,,,0,none,none
2025-12-11T23:26:48.191,19.6,53.2,0,,,0,none,none
2025-12-11T23:26:50.451,19.6,53.0,0,,,0,none,none
2025-12-11T23:26:52.711,19.6,53.0,0,,,0,none,none
2025-12-11T23:26:54.971,19.5,53.0,0,,,0,none,none
2025-12-11T23:26:57.231,19.6,53.1,0,,,0,none,none
2025-12-11T23:26:59.485,19.6,53.0,0,,,0,none,none
2025-12-11T23:27:01.743,19.6,53.0,0,,,0,none,none
2025-12-11T23:27:04.003,19.6,53.1,0,,,0,none,none
2025-12-11T23:27:06.257,19.5,53.0,0,,,0,none,none
2025-12-11T23:27:08.515,19.6,53.0,0,,,0,none,none
2025-12-11T23:27:10.775,19.6,53.0,0,,,0,none,none
2025-12-11T23:27:13.030,19.5,52.9,0,,,0,none,none
2025-12-11T23:27:15.284,19.5,53.0,0,,,0,none,none
2025-12-11T23:27:17.543,19.6,53.1,0,,,0,none,none
2025-12-11T23:27:19.803,19.6,53.2,0,,,0,none,none
2025-12-11T23:27:22.063,19.6,53.1,0,,,0,none,none
2025-12-11T23:27:24.323,19.6,53.1,0,,,0,none,none
2025-12-11T23:27:26.577,19.6,53.1,0,,,0,none,none
2025-12-11T23:27:28.835,19.5,52.9,0,,,0,none,none
2025-12-11T23:27:31.095,19.5,52.8,0,,,0,none,none
2025-12-11T23:27:33.355,19.6,52.9,0,,,0,none,none
2025-12-11T23:27:35.615,19.6,52.8,0,,,0,none,none
2025-12-11T23:27:37.875,19.5,52.7,0,,,0,none,none
2025-12-11T23:27:40.135,19.5,52.6,0,,,0,none,none
2025-12-11T23:27:42.390,19.6,52.8,0,,,0,none,none
2025-12-11T23:27:44.647,19.5,53.0,0,,,0,none,none
2025-12-11T23:27:46.907,19.5,53.0,0,,,0,none,none
2025-12-11T23:27:49.162,19.5,53.1,0,,,0,none,none
2025-12-11T23:27:51.419,19.6,53.2,0,,,0,none,none
2025-12-11T23:27:53.679,19.5,53.0,0,,,0,none,none
2025-12-11T23:27:55.934,19.5,53.0,0,,,0,none,none
2025-12-11T23:27:58.191,19.5,52.9,0,,,0,none,none
2025-12-11T23:28:00.446,19.5,52.9,0,,,0,none,none
2025-12-11T23:28:02.700,19.5,52.8,0,,,0,none,none
2025-12-11T23:28:04.955,19.5,52.8,0,,,0,none,none
2025-12-11T23:28:07.209,19.5,52.8,0,,,0,none,none
2025-12-11T23:28:09.464,19.6,52.9,0,,,0,none,none
2025-12-11T23:28:11.723,19.5,52.8,0,,,0,none,none
2025-12-11T23:28:13.977,19.6,52.9,0,,,0,none,none
2025-12-11T23:28:16.235,19.6,53.0,0,,,0,none,none
2025-12-11T23:28:18.495,19.5,53.0,0,,,0,none,none
2025-12-11T23:28:20.749,19.5,52.9,0,,,0,none,none
2025-12-11T23:28:23.004,19.5,52.9,0,,,0,none,none
2025-12-11T23:28:25.260,19.5,52.8,0,,,0,none,none
2025-12-11T23:28:27.515,19.5,52.8,0,,,0,none,none
2025-12-11T23:28:29.769,,,0,,,0,none,none
2025-12-11T23:28:32.024,19.5,52.6,0,,,0,none,none
2025-12-11T23:28:34.279,19.5,52.6,0,,,0,none,none
2025-12-11T23:28:36.534,19.5,52.6,0,,,0,none,none
2025-12-11T23:28:38.788,19.5,52.6,0,,,0,none,none
2025-12-11T23:28:41.043,19.5,52.5,0,,,0,none,none
2025-12-11T23:28:43.298,19.5,52.6,0,,,0,none,none
2025-12-11T23:28:45.552,19.5,52.6,0,,,0,none,none
2025-12-11T23:28:47.807,19.5,52.6,0,,,0,none,none
2025-12-11T23:28:50.062,19.5,52.5,0,,,0,none,none
2025-12-11T23:28:52.317,19.5,52.5,0,,,0,none,none
2025-12-11T23:28:54.571,19.5,52.6,0,,,0,none,none
2025-12-11T23:28:56.826,19.5,52.6,0,,,0,none,none
2025-12-11T23:28:59.080,19.5,52.6,0,,,0,none,none
2025-12-11T23:29:01.335,19.5,52.6,0,,,0,none,none
2025-12-11T23:29:03.590,19.5,52.7,0,,,0,none,none
2025-12-11T23:29:05.844,19.5,52.7,0,,,0,none,none
2025-12-11T23:29:08.099,19.5,52.7,0,,,0,none,none
2025-12-11T23:29:10.354,19.5,52.7,0,,,0,none,none
2025-12-11T23:29:12.608,19.5,52.6,0,,,0,none,none
2025-12-11T23:29:14.863,19.5,52.5,0,,,0,none,none
2025-12-11T23:29:17.118,19.5,52.6,0,,,0,none,none
2025-12-11T23:29:19.373,19.5,52.6,0,,,0,none,none
2025-12-11T23:29:21.627,19.5,52.7,0,,,0,none,none
2025-12-11T23:29:23.882,19.5,52.7,0,,,0,none,none
2025-12-11T23:29:26.137,19.5,52.6,0,,,0,none,none
2025-12-11T23:29:28.391,19.5,52.7,0,,,0,none,none
2025-12-11T23:29:30.646,19.5,52.7,0,,,0,none,none
2025-12-11T23:29:32.901,19.5,52.8,0,,,0,none,none
2025-12-11T23:29:35.155,19.5,52.8,0,,,0,none,none
2025-12-11T23:29:37.410,19.5,52.8,0,,,0,none,none
2025-12-11T23:29:39.665,19.5,52.9,0,,,0,none,none
2025-12-11T23:29:41.919,19.5,53.0,0,,,0,none,none
2025-12-11T23:29:44.174,19.5,53.0,0,,,0,none,none
2025-12-11T23:29:46.429,19.5,52.9,0,,,0,none,none
2025-12-11T23:29:48.683,19.5,52.8,0,,,0,none,none
2025-12-11T23:29:50.938,19.5,52.9,0,,,0,none,none
2025-12-11T23:29:53.193,19.5,52.9,0,,,0,none,none
2025-12-11T23:29:55.448,19.5,53.0,0,,,0,none,none
2025-12-11T23:29:57.702,19.5,53.0,0,,,0,none,none
2025-12-11T23:29:59.957,19.5,52.9,0,,,0,none,none
2025-12-11T23:30:02.212,19.5,52.9,0,,,0,none,none
2025-12-11T23:30:04.467,19.5,52.8,0,,,0,none,none
2025-12-11T23:30:06.721,19.5,52.8,0,,,0,none,none
2025-12-11T23:30:08.976,19.5,52.8,0,,,0,none,none
2025-12-11T23:30:11.231,19.5,52.6,0,,,0,none,none
2025-12-11T23:30:13.485,19.5,52.6,0,,,0,none,none
2025-12-11T23:30:15.740,19.5,52.6,0,,,0,none,none
2025-12-11T23:30:17.994,19.5,52.6,0,,,0,none,none
2025-12-11T23:30:20.249,19.5,52.6,0,,,0,none,none
2025-12-11T23:30:22.504,19.5,52.7,0,,,0,none,none
2025-12-11T23:30:24.758,19.5,52.7,0,,,0,none,none
2025-12-11T23:30:27.013,19.5,52.6,0,,,0,none,none
2025-12-11T23:30:29.268,19.5,52.5,0,,,0,none,none
2025-12-11T23:30:31.522,19.5,52.4,0,,,0,none,none
2025-12-11T23:30:33.777,19.5,52.4,0,,,0,none,none
2025-12-11T23:30:36.032,19.5,52.6,0,,,0,none,none
2025-12-11T23:30:38.287,19.5,52.8,0,,,0,none,none
2025-12-11T23:30:40.541,19.5,52.8,0,,,0,none,none
2025-12-11T23:30:42.796,19.5,52.8,0,,,0,none,none
2025-12-11T23:30:45.051,19.5,52.8,0,,,0,none,none
2025-12-11T23:30:47.305,19.5,52.8,0,,,0,none,none
2025-12-11T23:30:49.560,19.5,52.9,0,,,0,none,none
2025-12-11T23:30:51.815,19.5,52.8,0,,,0,none,none
2025-12-11T23:30:54.069,19.5,52.8,0,,,0,none,none
2025-12-11T23:30:56.324,19.5,52.8,0,,,0,none,none
2025-12-11T23:30:58.578,19.5,52.7,0,,,0,none,none
2025-12-11T23:31:00.832,19.5,52.7,0,,,0,none,none
2025-12-11T23:31:03.087,19.5,52.6,0,,,0,none,none
2025-12-11T23:31:05.342,19.5,52.8,0,,,0,none,none
2025-12-11T23:31:07.596,19.5,53.0,0,,,0,none,none
2025-12-11T23:31:09.851,19.5,53.0,0,,,0,none,none
2025-12-11T23:31:12.106,19.5,53.0,0,,,0,none,none
2025-12-11T23:31:14.360,19.5,53.0,0,,,0,none,none
2025-12-11T23:31:16.615,19.5,53.0,0,,,0,none,none
2025-12-11T23:31:18.870,19.5,52.9,0,,,0,none,none
2025-12-11T23:31:21.125,19.5,52.9,0,,,0,none,none
2025-12-11T23:31:23.379,19.5,52.8,0,,,0,none,none
2025-12-11T23:31:25.634,19.5,52.7,0,,,0,none,none
2025-12-11T23:31:27.888,19.5,52.7,0,,,0,none,none
2025-12-11T23:31:30.143,19.5,52.7,0,,,0,none,none
2025-12-11T23:31:32.398,19.5,52.8,0,,,0,none,none
2025-12-11T23:31:34.652,19.5,52.9,0,,,0,none,none
2025-12-11T23:31:36.907,19.5,52.9,0,,,0,none,none
2025-12-11T23:31:39.162,19.5,53.0,0,,,0,none,none
2025-12-11T23:31:41.416,19.5,53.0,0,,,0,none,none
2025-12-11T23:31:43.671,19.5,53.0,0,,,0,none,none
2025-12-11T23:31:45.926,19.5,53.1,0,,,0,none,none
2025-12-11T23:31:48.181,19.5,53.0,0,,,0,none,none
2025-12-11T23:31:50.435,19.5,52.9,0,,,0,none,none
2025-12-11T23:31:52.690,19.5,52.9,0,,,0,none,none
2025-12-11T23:31:54.944,19.5,52.7,0,,,0,none,none
2025-12-11T23:31:57.199,19.5,52.7,0,,,0,none,none
2025-12-11T23:31:59.454,19.5,52.9,0,,,0,none,none
2025-12-11T23:32:01.709,19.5,53.0,0,,,0,none,none
2025-12-11T23:32:03.963,19.5,53.0,0,,,0,none,none
2025-12-11T23:32:06.218,19.5,53.2,0,,,0,none,none
2025-12-11T23:32:08.473,19.5,53.1,0,,,0,none,none
2025-12-11T23:32:10.727,19.5,52.9,0,,,0,none,none
2025-12-11T23:32:12.982,19.5,52.8,0,,,0,none,none
2025-12-11T23:32:15.237,19.5,52.9,0,,,0,none,none
2025-12-11T23:32:17.491,19.5,52.8,0,,,0,none,none
2025-12-11T23:32:19.746,19.5,52.9,0,,,0,none,none
2025-12-11T23:32:22.000,19.5,52.9,0,,,0,none,none
2025-12-11T23:32:24.259,19.5,52.9,0,,,0,none,none
2025-12-11T23:32:26.519,19.5,52.8,0,,,0,none,none
2025-12-11T23:32:28.779,19.5,52.8,0,,,0,none,none
2025-12-11T23:32:31.039,19.5,52.8,0,,,0,none,none
2025-12-11T23:32:33.299,19.5,52.8,0,,,0,none,none
2025-12-11T23:32:35.559,19.5,52.8,0,,,0,none,none
2025-12-11T23:32:37.819,19.5,52.8,0,,,0,none,none
2025-12-11T23:32:40.079,19.5,52.9,0,,,0,none,none
2025-12-11T23:32:42.334,19.5,52.9,0,,,0,none,none
2025-12-11T23:32:44.588,19.5,52.8,0,,,0,none,none
2025-12-11T23:32:46.847,19.5,52.8,0,,,0,none,none
2025-12-11T23:32:49.107,19.5,52.8,0,,,0,none,none
2025-12-11T23:32:51.361,19.5,52.8,0,,,0,none,none
2025-12-11T23:32:53.619,19.5,52.9,0,,,0,none,none
2025-12-11T23:32:55.874,19.5,53.1,0,,,0,none,none
2025-12-11T23:32:58.131,19.5,53.2,0,,,0,none,none
2025-12-11T23:33:00.386,19.5,53.3,0,,,0,none,none
2025-12-11T23:33:02.640,19.5,53.2,0,,,0,none,none
2025-12-11T23:33:04.894,19.5,53.2,0,,,0,none,none
2025-12-11T23:33:07.155,19.5,53.0,0,,,0,none,none
2025-12-11T23:33:09.415,19.5,52.9,0,,,0,none,none
2025-12-11T23:33:11.669,19.5,52.8,0,,,0,none,none
2025-12-11T23:33:13.927,19.5,52.7,0,,,0,none,none
2025-12-11T23:33:16.187,19.5,52.8,0,,,0,none,none
2025-12-11T23:33:18.441,19.5,52.8,0,,,0,none,none
2025-12-11T23:33:20.696,19.5,52.9,0,,,0,none,none
2025-12-11T23:33:22.955,19.5,53.0,0,,,0,none,none
2025-12-11T23:33:25.215,19.5,53.0,0,,,0,none,none
2025-12-11T23:33:27.475,19.5,53.0,0,,,0,none,none
2025-12-11T23:33:29.730,19.5,53.1,0,,,0,none,none
2025-12-11T23:33:31.987,19.5,53.0,0,,,0,none,none
2025-12-11T23:33:34.242,19.5,52.9,0,,,0,none,none
2025-12-11T23:33:36.499,19.5,53.0,0,,,0,none,none
2025-12-11T23:33:38.759,19.5,52.9,0,,,0,none,none
2025-12-11T23:33:41.014,19.5,52.9,0,,,0,none,none
2025-12-11T23:33:43.276,19.5,53.1,0,,,0,none,none
2025-12-11T23:33:45.535,19.5,53.1,0,,,0,none,none
2025-12-11T23:33:47.795,19.5,53.0,0,,,0,none,none
2025-12-11T23:33:50.055,19.5,53.0,0,,,0,none,none
2025-12-11T23:33:52.315,19.5,53.0,0,,,0,none,none
2025-12-11T23:33:54.570,19.5,52.9,0,,,0,none,none
2025-12-11T23:33:56.824,19.5,53.0,0,,,0,none,none
2025-12-11T23:33:59.079,19.5,53.1,0,,,0,none,none
2025-12-11T23:34:01.333,,,0,,,0,none,none
2025-12-11T23:34:03.588,19.5,53.1,0,,,0,none,none
2025-12-11T23:34:05.842,19.5,53.0,0,,,0,none,none
2025-12-11T23:34:08.099,19.5,53.0,0,,,0,none,none
2025-12-11T23:34:10.359,19.5,52.9,0,,,0,none,none
2025-12-11T23:34:12.613,19.5,52.8,0,,,0,none,none
2025-12-11T23:34:14.871,19.5,52.7,0,,,0,none,none
2025-12-11T23:34:17.126,19.5,52.8,0,,,0,none,none
2025-12-11T23:34:19.380,19.5,52.8,0,,,0,none,none
2025-12-11T23:34:21.635,19.5,52.7,0,,,0,none,none
2025-12-11T23:34:23.889,19.5,52.6,0,,,0,none,none
2025-12-11T23:34:26.147,19.5,52.5,0,,,0,none,none
2025-12-11T23:34:28.402,19.5,52.5,0,,,0,none,none
2025-12-11T23:34:30.656,19.5,52.4,0,,,0,none,none
2025-12-11T23:34:32.915,19.5,52.3,0,,,0,none,none
2025-12-11T23:34:35.170,19.5,52.2,0,,,0,none,none
2025-12-11T23:34:37.427,19.5,52.4,0,,,0,none,none
2025-12-11T23:34:39.687,19.5,52.3,0,,,0,none,none
2025-12-11T23:34:41.942,19.5,52.5,0,,,0,none,none
2025-12-11T23:34:44.199,19.5,52.7,0,,,0,none,none
2025-12-11T23:34:46.453,19.5,52.8,0,,,0,none,none
2025-12-11T23:34:48.708,19.5,52.8,0,,,0,none,none
2025-12-11T23:34:50.963,19.5,52.8,0,,,0,none,none
2025-12-11T23:34:53.223,19.5,52.7,0,,,0,none,none
2025-12-11T23:34:55.483,19.5,52.8,0,,,0,none,none
2025-12-11T23:34:57.743,19.5,52.9,0,,,0,none,none
2025-12-11T23:35:00.003,19.5,52.9,0,,,0,none,none
2025-12-11T23:35:02.263,19.5,53.0,0,,,0,none,none
2025-12-11T23:35:04.523,19.5,52.9,0,,,0,none,none
2025-12-11T23:35:06.783,19.5,52.8,0,,,0,none,none
2025-12-11T23:35:09.038,19.5,52.7,0,,,0,none,none
2025-12-11T23:35:11.295,19.5,52.5,0,,,0,none,none
2025-12-11T23:35:13.555,19.5,52.6,0,,,0,none,none
2025-12-11T23:35:15.815,19.5,52.5,0,,,0,none,none
2025-12-11T23:35:18.070,19.5,52.5,0,,,0,none,none
2025-12-11T23:35:20.327,19.5,52.5,0,,,0,none,none
2025-12-11T23:35:22.587,19.5,52.5,0,,,0,none,none
2025-12-11T23:35:24.847,19.5,52.4,0,,,0,none,none
2025-12-11T23:35:27.101,19.5,52.4,0,,,0,none,none
2025-12-11T23:35:29.359,19.5,52.4,0,,,0,none,none
2025-12-11T23:35:31.619,19.5,52.4,0,,,0,none,none
2025-12-11T23:35:33.873,19.5,52.5,0,,,0,none,none
2025-12-11T23:35:36.131,19.5,52.6,0,,,0,none,none
2025-12-11T23:35:38.391,19.5,52.7,0,,,0,none,none
2025-12-11T23:35:40.651,19.5,52.6,0,,,0,none,none
2025-12-11T23:35:42.906,19.5,52.4,0,,,0,none,none
2025-12-11T23:35:45.163,19.5,52.5,0,,,0,none,none
2025-12-11T23:35:47.423,19.5,52.5,0,,,0,none,none
2025-12-11T23:35:49.683,19.5,52.7,0,,,0,none,none
2025-12-11T23:35:51.943,19.5,52.8,0,,,0,none,none
2025-12-11T23:35:54.197,19.5,53.0,0,,,0,none,none
2025-12-11T23:35:56.455,19.5,53.0,0,,,0,none,none
2025-12-11T23:35:58.715,19.5,52.9,0,,,0,none,none
2025-12-11T23:36:00.975,19.5,52.8,0,,,0,none,none
2025-12-11T23:36:03.230,19.4,52.7,0,,,0,none,none
2025-12-11T23:36:05.484,19.5,52.7,0,,,0,none,none
2025-12-11T23:36:07.743,19.5,52.8,0,,,0,none,none
2025-12-11T23:36:10.003,19.5,52.6,0,,,0,none,none
2025-12-11T23:36:12.263,19.5,52.7,0,,,0,none,none
2025-12-11T23:36:14.523,19.5,52.8,0,,,0,none,none
2025-12-11T23:36:16.783,19.5,52.7,0,,,0,none,none
2025-12-11T23:36:19.038,19.5,52.8,0,,,0,none,none
2025-12-11T23:36:21.292,19.5,52.6,0,,,0,none,none
2025-12-11T23:36:23.547,19.5,52.5,0,,,0,none,none
2025-12-11T23:36:25.801,19.5,52.6,0,,,0,none,none
2025-12-11T23:36:28.059,19.5,52.6,0,,,0,none,none
2025-12-11T23:36:30.314,,,0,,,0,none,none
2025-12-11T23:36:32.568,19.5,52.8,0,,,0,none,none
2025-12-11T23:36:34.827,19.5,52.8,0,,,0,none,none
2025-12-11T23:36:37.082,19.5,52.8,0,,,0,none,none
2025-12-11T23:36:39.336,19.5,52.7,0,,,0,none,none
2025-12-11T23:36:41.591,19.5,52.7,0,,,0,none,none
2025-12-11T23:36:43.846,19.5,52.7,0,,,0,none,none
2025-12-11T23:36:46.103,19.5,52.6,0,,,0,none,none
2025-12-11T23:36:48.357,19.5,52.5,0,,,0,none,none
2025-12-11T23:36:50.612,19.5,52.5,0,,,0,none,none
2025-12-11T23:36:52.871,19.5,52.6,0,,,0,none,none
2025-12-11T23:36:55.125,19.5,52.5,0,,,0,none,none
2025-12-11T23:36:57.380,19.5,52.6,0,,,0,none,none
2025-12-11T23:36:59.634,19.5,52.8,0,,,0,none,none
2025-12-11T23:37:01.895,19.5,52.9,0,,,0,none,none
2025-12-11T23:37:04.150,19.5,52.9,0,,,0,none,none
2025-12-11T23:37:06.404,19.5,52.8,0,,,0,none,none
2025-12-11T23:37:08.658,19.5,52.8,0,,,0,none,none
2025-12-11T23:37:10.913,19.5,52.8,0,,,0,none,none
2025-12-11T23:37:13.171,19.5,53.0,0,,,0,none,none
2025-12-11T23:37:15.426,19.4,52.9,0,,,0,none,none
2025-12-11T23:37:17.683,19.5,52.9,0,,,0,none,none
2025-12-11T23:37:19.943,19.5,52.8,0,,,0,none,none
2025-12-11T23:37:22.199,19.5,52.8,0,,,0,none,none
2025-12-11T23:37:24.459,19.5,52.8,0,,,0,none,none
2025-12-11T23:37:26.719,19.5,52.9,0,,,0,none,none
2025-12-11T23:37:28.973,19.5,52.9,0,,,0,none,none
2025-12-11T23:37:31.228,19.5,52.9,0,,,0,none,none
2025-12-11T23:37:33.482,19.5,53.0,0,,,0,none,none
2025-12-11T23:37:35.743,19.5,53.2,0,,,0,none,none
2025-12-11T23:37:37.998,19.5,53.1,0,,,0,none,none
2025-12-11T23:37:40.252,19.5,52.9,0,,,0,none,none
2025-12-11T23:37:42.506,19.5,52.9,0,,,0,none,none
2025-12-11T23:37:44.763,19.5,52.9,0,,,0,none,none
2025-12-11T23:37:47.023,19.5,53.0,0,,,0,none,none
2025-12-11T23:37:49.283,19.5,52.8,0,,,0,none,none
2025-12-11T23:37:51.543,19.5,52.9,0,,,0,none,none
2025-12-11T23:37:53.803,19.5,53.0,0,,,0,none,none
2025-12-11T23:37:56.057,19.5,53.1,0,,,0,none,none
2025-12-11T23:37:58.312,19.5,53.4,0,,,0,none,none
2025-12-11T23:38:00.571,19.5,53.5,0,,,0,none,none
2025-12-11T23:38:02.831,19.5,53.4,0,,,0,none,none
2025-12-11T23:38:05.086,19.5,53.3,0,,,0,none,none
2025-12-11T23:38:07.343,19.5,53.2,0,,,0,none,none
2025-12-11T23:38:09.597,19.5,53.1,0,,,0,none,none
2025-12-11T23:38:11.855,19.5,53.0,0,,,0,none,none
2025-12-11T23:38:14.115,19.5,53.1,0,,,0,none,none
2025-12-11T23:38:16.375,19.5,53.0,0,,,0,none,none
2025-12-11T23:38:18.629,19.5,52.9,0,,,0,none,none
2025-12-11T23:38:20.887,19.5,52.9,0,,,0,none,none
2025-12-11T23:38:23.147,19.5,53.0,0,,,0,none,none
2025-12-11T23:38:25.402,19.5,53.0,0,,,0,none,none
2025-12-11T23:38:27.659,19.5,53.1,0,,,0,none,none
2025-12-11T23:38:29.916,19.5,53.0,0,,,0,none,none
2025-12-11T23:38:32.175,19.5,52.9,0,,,0,none,none
2025-12-11T23:38:34.430,19.5,52.9,0,,,0,none,none
2025-12-11T23:38:36.684,19.5,52.8,0,,,0,none,none
2025-12-11T23:38:38.943,19.5,52.8,0,,,0,none,none
2025-12-11T23:38:41.198,19.5,52.9,0,,,0,none,none
2025-12-11T23:38:43.452,19.5,52.8,0,,,0,none,none
2025-12-11T23:38:45.707,19.5,52.7,0,,,0,none,none
2025-12-11T23:38:47.967,19.5,52.7,0,,,0,none,none
2025-12-11T23:38:50.221,19.5,52.7,0,,,0,none,none
2025-12-11T23:38:52.476,19.5,52.6,0,,,0,none,none
2025-12-11T23:38:54.735,19.5,52.5,0,,,0,none,none
2025-12-11T23:38:56.995,19.5,52.4,0,,,0,none,none
2025-12-11T23:38:59.255,19.5,52.4,0,,,0,none,none
2025-12-11T23:39:01.515,19.5,52.4,0,,,0,none,none
2025-12-11T23:39:03.769,19.5,52.4,0,,,0,none,none
2025-12-11T23:39:06.024,19.5,52.4,0,,,0,none,none
2025-12-11T23:39:08.283,19.5,52.4,0,,,0,none,none
2025-12-11T23:39:10.537,19.5,52.4,0,,,0,none,none
2025-12-11T23:39:12.792,19.5,52.5,0,,,0,none,none
2025-12-11T23:39:15.047,19.5,52.6,0,,,0,none,none
2025-12-11T23:39:17.307,19.5,52.7,0,,,0,none,none
2025-12-11T23:39:19.567,19.5,52.6,0,,,0,none,none
2025-12-11T23:39:21.822,19.5,52.6,0,,,0,none,none
2025-12-11T23:39:24.076,19.5,52.6,0,,,0,none,none
2025-12-11T23:39:26.331,19.5,52.6,0,,,0,none,none
2025-12-11T23:39:28.585,19.5,52.6,0,,,0,none,none
2025-12-11T23:39:30.843,19.5,52.6,0,,,0,none,none
2025-12-11T23:39:33.098,19.5,52.6,0,,,0,none,none
2025-12-11T23:39:35.352,19.5,52.6,0,,,0,none,none
2025-12-11T23:39:37.611,19.5,52.8,0,,,0,none,none
2025-12-11T23:39:39.865,19.5,52.8,0,,,0,none,none
2025-12-11T23:39:42.123,19.5,52.6,0,,,0,none,none
2025-12-11T23:39:44.377,19.5,52.8,0,,,0,none,none
2025-12-11T23:39:46.635,19.5,52.8,0,,,0,none,none
2025-12-11T23:39:48.895,19.5,52.7,0,,,0,none,none
2025-12-11T23:39:51.150,19.5,52.7,0,,,0,none,none
2025-12-11T23:39:53.407,19.5,52.6,0,,,0,none,none
2025-12-11T23:39:55.667,19.5,52.6,0,,,0,none,none
2025-12-11T23:39:57.927,19.5,52.4,0,,,0,none,none
2025-12-11T23:40:00.182,,,0,,,0,none,none
2025-12-11T23:40:02.439,19.5,52.4,0,,,0,none,none
2025-12-11T23:40:04.693,19.5,52.5,0,,,0,none,none
2025-12-11T23:40:06.951,19.5,52.4,0,,,0,none,none
2025-12-11T23:40:09.211,19.5,52.4,0,,,0,none,none
2025-12-11T23:40:11.465,19.5,52.3,0,,,0,none,none
2025-12-11T23:40:13.723,19.5,52.4,0,,,0,none,none
2025-12-11T23:40:15.978,19.5,52.5,0,,,0,none,none
2025-12-11T23:40:18.235,19.5,52.6,0,,,0,none,none
2025-12-11T23:40:20.490,19.5,52.8,0,,,0,none,none
2025-12-11T23:40:22.747,19.5,52.7,0,,,0,none,none
2025-12-11T23:40:25.001,19.5,52.6,0,,,0,none,none
2025-12-11T23:40:27.259,19.5,52.5,0,,,0,none,none
2025-12-11T23:40:29.519,19.4,52.4,0,,,0,none,none
2025-12-11T23:40:31.779,19.5,52.5,0,,,0,none,none
2025-12-11T23:40:34.039,19.5,52.4,0,,,0,none,none
2025-12-11T23:40:36.294,19.5,52.4,0,,,0,none,none
2025-12-11T23:40:38.548,19.5,52.4,0,,,0,none,none
2025-12-11T23:40:40.807,19.5,52.4,0,,,0,none,none
2025-12-11T23:40:43.062,19.5,52.4,0,,,0,none,none
2025-12-11T23:40:45.316,19.5,52.4,0,,,0,none,none
2025-12-11T23:40:47.575,19.4,52.3,0,,,0,none,none
2025-12-11T23:40:49.835,19.5,52.4,0,,,0,none,none
2025-12-11T23:40:52.095,19.5,52.5,0,,,0,none,none
2025-12-11T23:40:54.355,19.5,52.6,0,,,0,none,none
2025-12-11T23:40:56.615,19.5,52.7,0,,,0,none,none
2025-12-11T23:40:58.875,19.5,52.6,0,,,0,none,none
2025-12-11T23:41:01.135,19.5,52.6,0,,,0,none,none
2025-12-11T23:41:03.390,19.5,52.7,0,,,0,none,none
2025-12-11T23:41:05.644,19.5,52.7,0,,,0,none,none
2025-12-11T23:41:07.903,19.5,52.6,0,,,0,none,none
2025-12-11T23:41:10.158,19.5,52.5,0,,,0,none,none
2025-12-11T23:41:12.413,19.5,52.5,0,,,0,none,none
2025-12-11T23:41:14.668,19.5,52.4,0,,,0,none,none
2025-12-11T23:41:16.922,19.5,52.4,0,,,0,none,none
2025-12-11T23:41:19.177,19.5,52.5,0,,,0,none,none
2025-12-11T23:41:21.432,19.5,52.5,0,,,0,none,none
2025-12-11T23:41:23.687,19.5,52.5,0,,,0,none,none
2025-12-11T23:41:25.941,19.5,52.5,0,,,0,none,none
2025-12-11T23:41:28.196,19.4,52.5,0,,,0,none,none
2025-12-11T23:41:30.451,19.5,52.6,0,,,0,none,none
2025-12-11T23:41:32.706,19.4,52.6,0,,,0,none,none
2025-12-11T23:41:34.960,19.5,52.6,0,,,0,none,none
2025-12-11T23:41:37.215,19.5,52.6,0,,,0,none,none
2025-12-11T23:41:39.470,19.5,52.4,0,,,0,none,none
2025-12-11T23:41:41.725,19.5,52.4,0,,,0,none,none
2025-12-11T23:41:43.980,19.5,52.3,0,,,0,none,none
2025-12-11T23:41:46.234,19.5,52.2,0,,,0,none,none
2025-12-11T23:41:48.489,19.4,52.1,0,,,0,none,none
2025-12-11T23:41:50.744,19.5,52.1,0,,,0,none,none
2025-12-11T23:41:52.998,19.5,52.2,0,,,0,none,none
2025-12-11T23:41:55.253,19.5,52.3,0,,,0,none,none
2025-12-11T23:41:57.508,19.5,52.3,0,,,0,none,none
2025-12-11T23:41:59.763,19.5,52.2,0,,,0,none,none
2025-12-11T23:42:02.018,19.5,52.2,0,,,0,none,none
2025-12-11T23:42:04.272,19.5,52.2,0,,,0,none,none
2025-12-11T23:42:06.527,19.5,52.3,0,,,0,none,none
2025-12-11T23:42:08.782,19.5,52.3,0,,,0,none,none
2025-12-11T23:42:11.037,19.5,52.4,0,,,0,none,none
2025-12-11T23:42:13.291,19.5,52.3,0,,,0,none,none
2025-12-11T23:42:15.546,19.4,52.3,0,,,0,none,none
2025-12-11T23:42:17.801,19.5,52.3,0,,,0,none,none
2025-12-11T23:42:20.056,19.5,52.4,0,,,0,none,none
2025-12-11T23:42:22.310,19.5,52.4,0,,,0,none,none
2025-12-11T23:42:24.565,19.5,52.4,0,,,0,none,none
2025-12-11T23:42:26.820,19.5,52.3,0,,,0,none,none
2025-12-11T23:42:29.075,19.5,52.2,0,,,0,none,none
2025-12-11T23:42:31.330,19.5,52.4,0,,,0,none,none
2025-12-11T23:42:33.584,19.5,52.5,0,,,0,none,none
2025-12-11T23:42:35.839,19.5,52.4,0,,,0,none,none
2025-12-11T23:42:38.093,19.5,52.5,0,,,0,none,none
2025-12-11T23:42:40.348,19.5,52.7,0,,,0,none,none
2025-12-11T23:42:42.603,19.5,52.6,0,,,0,none,none
2025-12-11T23:42:44.857,19.4,52.5,0,,,0,none,none
2025-12-11T23:42:47.112,19.4,52.6,0,,,0,none,none
2025-12-11T23:42:49.367,19.5,52.6,0,,,0,none,none
2025-12-11T23:42:51.621,19.4,52.6,0,,,0,none,none
2025-12-11T23:42:53.876,19.5,52.6,0,,,0,none,none
2025-12-11T23:42:56.131,19.5,52.5,0,,,0,none,none
2025-12-11T23:42:58.385,19.5,52.6,0,,,0,none,none
2025-12-11T23:43:00.640,19.5,52.6,0,,,0,none,none
2025-12-11T23:43:02.895,19.5,52.7,0,,,0,none,none
2025-12-11T23:43:05.150,19.4,52.5,0,,,0,none,none
2025-12-11T23:43:07.404,19.4,52.3,0,,,0,none,none
2025-12-11T23:43:09.659,19.4,52.2,0,,,0,none,none
2025-12-11T23:43:11.914,19.4,52.2,0,,,0,none,none
2025-12-11T23:43:14.168,19.5,52.3,0,,,0,none,none
2025-12-11T23:43:16.423,19.5,52.4,0,,,0,none,none
2025-12-11T23:43:18.678,19.5,52.3,0,,,0,none,none
2025-12-11T23:43:20.932,19.5,52.3,0,,,0,none,none
2025-12-11T23:43:23.187,19.5,52.3,0,,,0,none,none
2025-12-11T23:43:25.441,19.5,52.2,0,,,0,none,none
2025-12-11T23:43:27.696,19.5,52.2,0,,,0,none,none
2025-12-11T23:43:29.951,19.5,52.2,0,,,0,none,none
2025-12-11T23:43:32.206,19.5,52.3,0,,,0,none,none
2025-12-11T23:43:34.460,19.5,52.4,0,,,0,none,none
2025-12-11T23:43:36.715,19.4,52.3,0,,,0,none,none
2025-12-11T23:43:38.970,19.4,52.4,0,,,0,none,none
2025-12-11T23:43:41.224,19.4,52.4,0,,,0,none,none
2025-12-11T23:43:43.479,19.5,52.5,0,,,0,none,none
2025-12-11T23:43:45.734,19.5,52.5,0,,,0,none,none
2025-12-11T23:43:47.988,19.4,52.5,0,,,0,none,none
2025-12-11T23:43:50.243,19.5,52.5,0,,,0,none,none
2025-12-11T23:43:52.498,19.4,52.6,0,,,0,none,none
2025-12-11T23:43:54.753,19.4,52.5,0,,,0,none,none
2025-12-11T23:43:57.008,19.5,52.5,0,,,0,none,none
2025-12-11T23:43:59.262,19.5,52.5,0,,,0,none,none
2025-12-11T23:44:01.517,19.5,52.6,0,,,0,none,none
2025-12-11T23:44:03.772,19.5,52.5,0,,,0,none,none
2025-12-11T23:44:06.027,19.5,52.7,0,,,0,none,none
2025-12-11T23:44:08.280,19.4,52.6,0,,,0,none,none
2025-12-11T23:44:10.535,19.5,52.5,0,,,0,none,none
2025-12-11T23:44:12.790,19.5,52.5,0,,,0,none,none
2025-12-11T23:44:15.045,19.4,52.5,0,,,0,none,none
2025-12-11T23:44:17.299,19.5,52.5,0,,,0,none,none
2025-12-11T23:44:19.554,19.5,52.5,0,,,0,none,none
2025-12-11T23:44:21.809,19.5,52.5,0,,,0,none,none
2025-12-11T23:44:24.064,19.5,52.4,0,,,0,none,none
2025-12-11T23:44:26.319,19.5,52.2,0,,,0,none,none
2025-12-11T23:44:28.573,19.5,52.1,0,,,0,none,none
2025-12-11T23:44:30.828,19.4,52.2,0,,,0,none,none
2025-12-11T23:44:33.083,19.5,52.2,0,,,0,none,none
2025-12-11T23:44:35.343,19.5,52.2,0,,,0,none,none
2025-12-11T23:44:37.598,19.5,52.3,0,,,0,none,none
2025-12-11T23:44:39.852,19.5,52.4,0,,,0,none,none
2025-12-11T23:44:42.106,19.4,52.3,0,,,0,none,none
2025-12-11T23:44:44.361,19.5,52.4,0,,,0,none,none
2025-12-11T23:44:46.619,19.5,52.4,0,,,0,none,none
2025-12-11T23:44:48.879,19.5,52.4,0,,,0,none,none
2025-12-11T23:44:51.134,19.4,52.3,0,,,0,none,none
2025-12-11T23:44:53.388,19.4,52.3,0,,,0,none,none
2025-12-11T23:44:55.647,19.4,52.2,0,,,0,none,none
2025-12-11T23:44:57.907,19.5,52.4,0,,,0,none,none
2025-12-11T23:45:00.163,19.4,52.3,0,,,0,none,none
2025-12-11T23:45:02.423,19.4,52.4,0,,,0,none,none
2025-12-11T23:45:04.683,19.5,52.4,0,,,0,none,none
2025-12-11T23:45:06.943,19.4,52.3,0,,,0,none,none
2025-12-11T23:45:09.203,19.4,52.4,0,,,0,none,none
2025-12-11T23:45:11.463,19.5,52.4,0,,,0,none,none
2025-12-11T23:45:13.723,19.4,52.4,0,,,0,none,none
2025-12-11T23:45:15.977,19.5,52.5,0,,,0,none,none
2025-12-11T23:45:18.232,19.4,52.5,0,,,0,none,none
2025-12-11T23:45:20.487,19.4,52.6,0,,,0,none,none
2025-12-11T23:45:22.741,19.4,52.8,0,,,0,none,none
2025-12-11T23:45:24.999,19.4,52.6,0,,,0,none,none
2025-12-11T23:45:27.259,19.4,52.6,0,,,0,none,none
2025-12-11T23:45:29.513,19.4,52.6,0,,,0,none,none
2025-12-11T23:45:31.771,19.4,52.6,0,,,0,none,none
2025-12-11T23:45:34.026,19.5,52.7,0,,,0,none,none
2025-12-11T23:45:36.280,19.4,52.6,0,,,0,none,none
2025-12-11T23:45:38.539,19.5,52.5,0,,,0,none,none
2025-12-11T23:45:40.794,19.4,52.5,0,,,0,none,none
2025-12-11T23:45:43.048,19.4,52.6,0,,,0,none,none
2025-12-11T23:45:45.307,19.5,52.7,0,,,0,none,none
2025-12-11T23:45:47.567,19.5,52.7,0,,,0,none,none
2025-12-11T23:45:49.827,19.4,52.5,0,,,0,none,none
2025-12-11T23:45:52.087,19.4,52.4,0,,,0,none,none
2025-12-11T23:45:54.342,19.4,52.3,0,,,0,none,none
2025-12-11T23:45:56.596,19.5,52.3,0,,,0,none,none
2025-12-11T23:45:58.855,19.4,52.3,0,,,0,none,none
2025-12-11T23:46:01.110,19.5,52.2,0,,,0,none,none
2025-12-11T23:46:03.367,19.5,52.2,0,,,0,none,none
2025-12-11T23:46:05.627,19.4,52.3,0,,,0,none,none
2025-12-11T23:46:07.887,19.4,52.3,0,,,0,none,none
2025-12-11T23:46:10.141,19.4,52.3,0,,,0,none,none
2025-12-11T23:46:12.396,19.4,52.4,0,,,0,none,none
2025-12-11T23:46:14.650,19.4,52.4,0,,,0,none,none
2025-12-11T23:46:16.911,19.4,52.4,0,,,0,none,none
2025-12-11T23:46:19.166,19.5,52.4,0,,,0,none,none
2025-12-11T23:46:21.423,19.5,52.4,0,,,0,none,none
2025-12-11T23:46:23.683,19.4,52.3,0,,,0,none,none
2025-12-11T23:46:25.943,19.5,52.5,0,,,0,none,none
2025-12-11T23:46:28.203,19.4,52.5,0,,,0,none,none
2025-12-11T23:46:30.457,19.5,52.6,0,,,0,none,none
2025-12-11T23:46:32.712,19.4,52.6,0,,,0,none,none
2025-12-11T23:46:34.971,19.5,52.6,0,,,0,none,none
2025-12-11T23:46:37.225,19.4,52.4,0,,,0,none,none
2025-12-11T23:46:39.480,19.4,52.4,0,,,0,none,none
2025-12-11T23:46:41.739,19.5,52.5,0,,,0,none,none
2025-12-11T23:46:43.999,19.4,52.4,0,,,0,none,none
2025-12-11T23:46:46.254,19.4,52.4,0,,,0,none,none
2025-12-11T23:46:48.508,19.4,52.4,0,,,0,none,none
2025-12-11T23:46:50.762,19.5,52.5,0,,,0,none,none
2025-12-11T23:46:53.017,19.4,52.5,0,,,0,none,none
2025-12-11T23:46:55.275,19.4,52.4,0,,,0,none,none
2025-12-11T23:46:57.529,19.4,52.4,0,,,0,none,none
2025-12-11T23:46:59.784,19.4,52.4,0,,,0,none,none
2025-12-11T23:47:02.043,19.4,52.4,0,,,0,none,none
2025-12-11T23:47:04.297,19.4,52.3,0,,,0,none,none
2025-12-11T23:47:06.555,19.5,52.5,0,,,0,none,none
2025-12-11T23:47:08.815,19.5,52.6,0,,,0,none,none
2025-12-11T23:47:11.075,19.5,52.5,0,,,0,none,none
2025-12-11T23:47:13.330,19.5,52.5,0,,,0,none,none
2025-12-11T23:47:15.587,19.4,52.3,0,,,0,none,none
2025-12-11T23:47:17.847,19.4,52.4,0,,,0,none,none
2025-12-11T23:47:20.102,19.4,52.4,0,,,0,none,none
2025-12-11T23:47:22.359,19.4,52.3,0,,,0,none,none
2025-12-11T23:47:24.613,19.4,52.2,0,,,0,none,none
2025-12-11T23:47:26.871,19.5,52.2,0,,,0,none,none
2025-12-11T23:47:29.131,19.5,52.2,0,,,0,none,none
2025-12-11T23:47:31.385,19.4,52.3,0,,,0,none,none
2025-12-11T23:47:33.643,19.5,52.5,0,,,0,none,none
2025-12-11T23:47:35.898,19.4,52.5,0,,,0,none,none
2025-12-11T23:47:38.152,19.4,52.4,0,,,0,none,none
2025-12-11T23:47:40.411,19.4,52.4,0,,,0,none,none
2025-12-11T23:47:42.671,19.5,52.4,0,,,0,none,none
2025-12-11T23:47:44.925,19.4,52.3,0,,,0,none,none
2025-12-11T23:47:47.180,19.4,52.2,0,,,0,none,none
2025-12-11T23:47:49.435,19.5,52.3,0,,,0,none,none
2025-12-11T23:47:51.689,19.5,52.3,0,,,0,none,none
2025-12-11T23:47:53.944,19.5,52.3,0,,,0,none,none
2025-12-11T23:47:56.199,19.5,52.4,0,,,0,none,none
2025-12-11T23:47:58.453,19.4,52.2,0,,,0,none,none
2025-12-11T23:48:00.708,19.5,52.2,0,,,0,none,none
2025-12-11T23:48:02.963,19.4,52.3,0,,,0,none,none
2025-12-11T23:48:05.217,19.4,52.2,0,,,0,none,none
2025-12-11T23:48:07.472,19.5,52.2,0,,,0,none,none
2025-12-11T23:48:09.727,19.4,52.2,0,,,0,none,none
2025-12-11T23:48:11.981,19.4,52.2,0,,,0,none,none
2025-12-11T23:48:14.236,19.4,52.3,0,,,0,none,none
2025-12-11T23:48:16.491,19.4,52.3,0,,,0,none,none
2025-12-11T23:48:18.746,19.4,52.3,0,,,0,none,none
2025-12-11T23:48:21.001,19.4,52.3,0,,,0,none,none
2025-12-11T23:48:23.255,19.4,52.3,0,,,0,none,none
2025-12-11T23:48:25.510,19.4,52.3,0,,,0,none,none
2025-12-11T23:48:27.765,19.4,52.3,0,,,0,none,none
2025-12-11T23:48:30.019,19.4,52.2,0,,,0,none,none
2025-12-11T23:48:32.274,19.4,52.2,0,,,0,none,none
2025-12-11T23:48:34.529,19.4,52.1,0,,,0,none,none
2025-12-11T23:48:36.783,19.4,52.0,0,,,0,none,none
2025-12-11T23:48:39.038,19.4,52.0,0,,,0,none,none
2025-12-11T23:48:41.293,19.4,52.0,0,,,0,none,none
2025-12-11T23:48:43.547,19.4,51.9,0,,,0,none,none
2025-12-11T23:48:45.802,19.4,51.9,0,,,0,none,none
2025-12-11T23:48:48.057,19.4,51.9,0,,,0,none,none
2025-12-11T23:48:50.312,19.4,52.0,0,,,0,none,none
2025-12-11T23:48:52.566,19.4,52.2,0,,,0,none,none
2025-12-11T23:48:54.821,19.4,52.4,0,,,0,none,none
2025-12-11T23:48:57.076,19.4,52.4,0,,,0,none,none
2025-12-11T23:48:59.331,19.4,52.4,0,,,0,none,none
2025-12-11T23:49:01.586,19.4,52.4,0,,,0,none,none
2025-12-11T23:49:03.840,19.4,52.4,0,,,0,none,none
2025-12-11T23:49:06.095,19.4,52.4,0,,,0,none,none
2025-12-11T23:49:08.350,19.4,52.3,0,,,0,none,none
2025-12-11T23:49:10.604,19.4,52.4,0,,,0,none,none
2025-12-11T23:49:12.859,19.4,52.4,0,,,0,none,none
2025-12-11T23:49:15.114,19.4,52.3,0,,,0,none,none
2025-12-11T23:49:17.369,19.4,52.5,0,,,0,none,none
2025-12-11T23:49:19.623,19.4,52.5,0,,,0,none,none
2025-12-11T23:49:21.878,19.4,52.5,0,,,0,none,none
2025-12-11T23:49:24.133,19.4,52.4,0,,,0,none,none
2025-12-11T23:49:26.388,19.4,52.4,0,,,0,none,none
2025-12-11T23:49:28.643,19.4,52.4,0,,,0,none,none
2025-12-11T23:49:30.897,19.4,52.4,0,,,0,none,none
2025-12-11T23:49:33.152,19.4,52.3,0,,,0,none,none
2025-12-11T23:49:35.407,19.4,52.4,0,,,0,none,none
2025-12-11T23:49:37.662,19.4,52.4,0,,,0,none,none
2025-12-11T23:49:39.916,19.4,52.3,0,,,0,none,none
2025-12-11T23:49:42.171,19.4,52.2,0,,,0,none,none
2025-12-11T23:49:44.426,19.4,52.3,0,,,0,none,none
2025-12-11T23:49:46.681,19.4,52.3,0,,,0,none,none
2025-12-11T23:49:48.936,19.4,52.2,0,,,0,none,none
2025-12-11T23:49:51.190,19.4,52.2,0,,,0,none,none
2025-12-11T23:49:53.445,19.4,52.2,0,,,0,none,none
2025-12-11T23:49:55.700,19.4,52.3,0,,,0,none,none
2025-12-11T23:49:57.955,19.4,52.4,0,,,0,none,none
2025-12-11T23:50:00.209,19.4,52.4,0,,,0,none,none
2025-12-11T23:50:02.464,19.4,52.6,0,,,0,none,none
2025-12-11T23:50:04.719,19.4,52.6,0,,,0,none,none
2025-12-11T23:50:06.974,19.4,52.5,0,,,0,none,none
2025-12-11T23:50:09.229,19.4,52.4,0,,,0,none,none
2025-12-11T23:50:11.483,19.4,52.4,0,,,0,none,none
2025-12-11T23:50:13.738,19.4,52.4,0,,,0,none,none
2025-12-11T23:50:15.993,19.4,52.4,0,,,0,none,none
2025-12-11T23:50:18.248,19.4,52.3,0,,,0,none,none
2025-12-11T23:50:20.502,19.4,52.2,0,,,0,none,none
2025-12-11T23:50:22.757,19.4,52.2,0,,,0,none,none
2025-12-11T23:50:25.012,19.4,52.1,0,,,0,none,none
2025-12-11T23:50:27.267,19.4,52.0,0,,,0,none,none
2025-12-11T23:50:29.522,19.4,52.0,0,,,0,none,none
2025-12-11T23:50:31.776,19.4,52.0,0,,,0,none,none
2025-12-11T23:50:34.031,19.4,52.0,0,,,0,none,none
2025-12-11T23:50:36.286,19.4,52.1,0,,,0,none,none
2025-12-11T23:50:38.541,19.4,52.3,0,,,0,none,none
2025-12-11T23:50:40.795,19.4,52.2,0,,,0,none,none
2025-12-11T23:50:43.050,19.4,52.3,0,,,0,none,none
2025-12-11T23:50:45.305,19.4,52.4,0,,,0,none,none
2025-12-11T23:50:47.560,19.4,52.3,0,,,0,none,none
2025-12-11T23:50:49.814,19.4,52.3,0,,,0,none,none
2025-12-11T23:50:52.069,19.4,52.4,0,,,0,none,none
2025-12-11T23:50:54.324,19.4,52.5,0,,,0,none,none
2025-12-11T23:50:56.579,19.4,52.4,0,,,0,none,none
2025-12-11T23:50:58.833,19.4,52.3,0,,,0,none,none
2025-12-11T23:51:01.088,19.4,52.3,0,,,0,none,none
2025-12-11T23:51:03.343,19.4,52.3,0,,,0,none,none
2025-12-11T23:51:05.597,19.4,52.3,0,,,0,none,none
2025-12-11T23:51:07.852,19.4,52.3,0,,,0,none,none
2025-12-11T23:51:10.107,19.3,52.2,0,,,0,none,none
2025-12-11T23:51:12.361,19.4,52.4,0,,,0,none,none
2025-12-11T23:51:14.616,19.4,52.4,0,,,0,none,none
2025-12-11T23:51:16.871,19.4,52.5,0,,,0,none,none
2025-12-11T23:51:19.125,19.4,52.6,0,,,0,none,none
2025-12-11T23:51:21.380,19.4,52.6,0,,,0,none,none
2025-12-11T23:51:23.635,19.4,52.5,0,,,0,none,none
2025-12-11T23:51:25.889,19.4,52.5,0,,,0,none,none
2025-12-11T23:51:28.144,19.4,52.5,0,,,0,none,none
2025-12-11T23:51:30.399,19.3,52.3,0,,,0,none,none
2025-12-11T23:51:32.653,19.4,52.3,0,,,0,none,none
2025-12-11T23:51:34.908,19.4,52.4,0,,,0,none,none
2025-12-11T23:51:37.163,19.4,52.4,0,,,0,none,none
2025-12-11T23:51:39.417,19.4,52.4,0,,,0,none,none
2025-12-11T23:51:41.672,19.4,52.5,0,,,0,none,none
2025-12-11T23:51:43.927,19.3,52.4,0,,,0,none,none
2025-12-11T23:51:46.182,19.4,52.4,0,,,0,none,none
2025-12-11T23:51:48.436,19.4,52.3,0,,,0,none,none
2025-12-11T23:51:50.691,19.3,52.4,0,,,0,none,none
2025-12-11T23:51:52.946,19.4,52.3,0,,,0,none,none
2025-12-11T23:51:55.201,19.4,52.3,0,,,0,none,none
2025-12-11T23:51:57.456,,,0,,,0,none,none
2025-12-11T23:51:59.710,19.4,52.3,0,,,0,none,none
2025-12-11T23:52:01.965,19.3,52.3,0,,,0,none,none
2025-12-11T23:52:04.220,19.4,52.4,0,,,0,none,none
2025-12-11T23:52:06.475,19.4,52.5,0,,,0,none,none
2025-12-11T23:52:08.729,19.4,52.6,0,,,0,none,none
2025-12-11T23:52:10.984,19.4,52.7,0,,,0,none,none
2025-12-11T23:52:13.239,19.4,52.6,0,,,0,none,none
2025-12-11T23:52:15.494,19.4,52.6,0,,,0,none,none
2025-12-11T23:52:17.749,19.4,52.7,0,,,0,none,none
2025-12-11T23:52:20.003,19.4,52.6,0,,,0,none,none
2025-12-11T23:52:22.258,19.4,52.6,0,,,0,none,none
2025-12-11T23:52:24.513,19.4,52.6,0,,,0,none,none
2025-12-11T23:52:26.767,19.3,52.6,0,,,0,none,none
2025-12-11T23:52:29.022,19.3,52.6,0,,,0,none,none
2025-12-11T23:52:31.277,19.3,52.5,0,,,0,none,none
2025-12-11T23:52:33.532,19.4,52.5,0,,,0,none,none
2025-12-11T23:52:35.787,19.3,52.4,0,,,0,none,none
2025-12-11T23:52:38.041,19.3,52.4,0,,,0,none,none
2025-12-11T23:52:40.296,19.4,52.4,0,,,0,none,none
2025-12-11T23:52:42.551,19.4,52.5,0,,,0,none,none
2025-12-11T23:52:44.806,19.3,52.4,0,,,0,none,none
2025-12-11T23:52:47.060,19.4,52.6,0,,,0,none,none
2025-12-11T23:52:49.315,19.4,52.6,0,,,0,none,none
2025-12-11T23:52:51.570,19.3,52.6,0,,,0,none,none
2025-12-11T23:52:53.824,19.3,52.5,0,,,0,none,none
2025-12-11T23:52:56.079,19.3,52.5,0,,,0,none,none
2025-12-11T23:52:58.334,19.3,52.4,0,,,0,none,none
2025-12-11T23:53:00.588,19.4,52.5,0,,,0,none,none
2025-12-11T23:53:02.843,19.4,52.5,0,,,0,none,none
2025-12-11T23:53:05.098,19.3,52.5,0,,,0,none,none
2025-12-11T23:53:07.352,19.4,52.6,0,,,0,none,none
2025-12-11T23:53:09.607,19.4,52.7,0,,,0,none,none
2025-12-11T23:53:11.862,19.4,52.6,0,,,0,none,none
2025-12-11T23:53:14.116,19.4,52.5,0,,,0,none,none
2025-12-11T23:53:16.371,19.4,52.4,0,,,0,none,none
2025-12-11T23:53:18.626,19.4,52.4,0,,,0,none,none
2025-12-11T23:53:20.880,19.4,52.4,0,,,0,none,none
2025-12-11T23:53:23.135,19.4,52.4,0,,,0,none,none
2025-12-11T23:53:25.390,19.4,52.5,0,,,0,none,none
2025-12-11T23:53:27.644,19.3,52.5,0,,,0,none,none
2025-12-11T23:53:29.899,19.4,52.6,0,,,0,none,none
2025-12-11T23:53:32.154,19.4,52.5,0,,,0,none,none
2025-12-11T23:53:34.408,19.3,52.4,0,,,0,none,none
2025-12-11T23:53:36.663,19.4,52.6,0,,,0,none,none
2025-12-11T23:53:38.918,19.3,52.7,0,,,0,none,none
2025-12-11T23:53:41.172,19.4,52.7,0,,,0,none,none
2025-12-11T23:53:43.427,19.4,52.6,0,,,0,none,none
2025-12-11T23:53:45.682,19.3,52.4,0,,,0,none,none
2025-12-11T23:53:47.936,19.3,52.5,0,,,0,none,none
2025-12-11T23:53:50.191,19.4,52.5,0,,,0,none,none
2025-12-11T23:53:52.445,19.4,52.6,0,,,0,none,none
2025-12-11T23:53:54.700,19.3,52.5,0,,,0,none,none
2025-12-11T23:53:56.955,19.4,52.6,0,,,0,none,none
2025-12-11T23:53:59.210,19.4,52.6,0,,,0,none,none
2025-12-11T23:54:01.464,19.4,52.6,0,,,0,none,none
2025-12-11T23:54:03.719,19.4,52.4,0,,,0,none,none
2025-12-11T23:54:05.974,19.4,52.5,0,,,0,none,none
2025-12-11T23:54:08.229,19.4,52.5,0,,,0,none,none
2025-12-11T23:54:10.483,19.3,52.4,0,,,0,none,none
2025-12-11T23:54:12.738,19.4,52.4,0,,,0,none,none
2025-12-11T23:54:14.993,19.4,52.4,0,,,0,none,none
2025-12-11T23:54:17.248,19.4,52.5,0,,,0,none,none
2025-12-11T23:54:19.502,19.4,52.4,0,,,0,none,none
2025-12-11T23:54:21.757,19.4,52.5,0,,,0,none,none
2025-12-11T23:54:24.012,19.3,52.5,0,,,0,none,none
2025-12-11T23:54:26.267,19.3,52.5,0,,,0,none,none
2025-12-11T23:54:28.521,19.4,52.6,0,,,0,none,none
2025-12-11T23:54:30.776,19.4,52.6,0,,,0,none,none
2025-12-11T23:54:33.031,19.4,52.6,0,,,0,none,none
2025-12-11T23:54:35.286,19.4,52.6,0,,,0,none,none
2025-12-11T23:54:37.540,19.3,52.5,0,,,0,none,none
2025-12-11T23:54:39.795,19.4,52.7,0,,,0,none,none
2025-12-11T23:54:42.050,19.4,52.7,0,,,0,none,none
2025-12-11T23:54:44.305,19.3,52.6,0,,,0,none,none
2025-12-11T23:54:46.559,19.4,52.6,0,,,0,none,none
2025-12-11T23:54:48.814,19.3,52.5,0,,,0,none,none
2025-12-11T23:54:51.069,19.3,52.4,0,,,0,none,none
2025-12-11T23:54:53.324,19.4,52.4,0,,,0,none,none
2025-12-11T23:54:55.578,19.4,52.4,0,,,0,none,none
2025-12-11T23:54:57.833,19.4,52.5,0,,,0,none,none
2025-12-11T23:55:00.088,19.4,52.6,0,,,0,none,none
2025-12-11T23:55:02.343,19.4,52.6,0,,,0,none,none
2025-12-11T23:55:04.597,19.3,52.5,0,,,0,none,none
2025-12-11T23:55:06.852,19.3,52.5,0,,,0,none,none
2025-12-11T23:55:09.107,19.4,52.5,0,,,0,none,none
2025-12-11T23:55:11.361,19.4,52.4,0,,,0,none,none
2025-12-11T23:55:13.616,19.3,52.4,0,,,0,none,none
2025-12-11T23:55:15.871,19.4,52.4,0,,,0,none,none
2025-12-11T23:55:18.126,19.4,52.4,0,,,0,none,none
2025-12-11T23:55:20.380,19.3,52.3,0,,,0,none,none
2025-12-11T23:55:22.635,19.4,52.3,0,,,0,none,none
2025-12-11T23:55:24.890,19.4,52.4,0,,,0,none,none
2025-12-11T23:55:27.145,19.4,52.4,0,,,0,none,none
2025-12-11T23:55:29.400,19.4,52.6,0,,,0,none,none
2025-12-11T23:55:31.654,19.4,52.6,0,,,0,none,none
2025-12-11T23:55:33.909,19.3,52.5,0,,,0,none,none
2025-12-11T23:55:36.164,19.4,52.6,0,,,0,none,none
2025-12-11T23:55:38.419,19.4,52.5,0,,,0,none,none
2025-12-11T23:55:40.673,19.4,52.4,0,,,0,none,none
2025-12-11T23:55:42.928,19.3,52.4,0,,,0,none,none
2025-12-11T23:55:45.183,19.4,52.4,0,,,0,none,none
2025-12-11T23:55:47.437,19.4,52.4,0,,,0,none,none
2025-12-11T23:55:49.692,19.4,52.4,0,,,0,none,none
2025-12-11T23:55:51.947,19.4,52.3,0,,,0,none,none
2025-12-11T23:55:54.201,19.4,52.3,0,,,0,none,none
2025-12-11T23:55:56.456,19.4,52.3,0,,,0,none,none
2025-12-11T23:55:58.711,19.4,52.3,0,,,0,none,none
2025-12-11T23:56:00.966,19.3,52.3,0,,,0,none,none
2025-12-11T23:56:03.220,19.4,52.3,0,,,0,none,none
2025-12-11T23:56:05.475,19.3,52.2,0,,,0,none,none
2025-12-11T23:56:07.730,19.3,52.3,0,,,0,none,none
2025-12-11T23:56:09.985,19.3,52.4,0,,,0,none,none
2025-12-11T23:56:12.239,19.4,52.6,0,,,0,none,none
2025-12-11T23:56:14.494,19.4,52.7,0,,,0,none,none
2025-12-11T23:56:16.749,19.4,52.7,0,,,0,none,none
2025-12-11T23:56:19.004,19.4,52.6,0,,,0,none,none
2025-12-11T23:56:21.259,,,0,,,0,none,none
2025-12-11T23:56:23.513,19.4,52.5,0,,,0,none,none
2025-12-11T23:56:25.768,19.4,52.4,0,,,0,none,none
2025-12-11T23:56:28.023,19.3,52.4,0,,,0,none,none
2025-12-11T23:56:30.277,19.4,52.5,0,,,0,none,none
2025-12-11T23:56:32.532,19.3,52.4,0,,,0,none,none
2025-12-11T23:56:34.787,19.3,52.5,0,,,0,none,none
2025-12-11T23:56:37.042,19.4,52.6,0,,,0,none,none
2025-12-11T23:56:39.296,19.4,52.6,0,,,0,none,none
2025-12-11T23:56:41.551,19.4,52.6,0,,,0,none,none
2025-12-11T23:56:43.806,19.4,52.5,0,,,0,none,none
2025-12-11T23:56:46.061,19.4,52.6,0,,,0,none,none
2025-12-11T23:56:48.315,19.4,52.6,0,,,0,none,none
2025-12-11T23:56:50.570,19.3,52.5,0,,,0,none,none
2025-12-11T23:56:52.825,19.4,52.5,0,,,0,none,none
2025-12-11T23:56:55.079,19.4,52.4,0,,,0,none,none
2025-12-11T23:56:57.334,19.4,52.3,0,,,0,none,none
2025-12-11T23:56:59.589,19.3,52.1,0,,,0,none,none
2025-12-11T23:57:01.844,,,0,,,0,none,none
2025-12-11T23:57:04.099,19.3,52.2,0,,,0,none,none
2025-12-11T23:57:06.353,19.4,52.3,0,,,0,none,none
2025-12-11T23:57:08.608,19.4,52.2,0,,,0,none,none
2025-12-11T23:57:10.863,19.3,52.2,0,,,0,none,none
2025-12-11T23:57:13.117,19.4,52.4,0,,,0,none,none
2025-12-11T23:57:15.372,19.4,52.4,0,,,0,none,none
2025-12-11T23:57:17.627,19.4,52.5,0,,,0,none,none
2025-12-11T23:57:19.882,19.4,52.3,0,,,0,none,none
2025-12-11T23:57:22.137,19.3,52.2,0,,,0,none,none
2025-12-11T23:57:24.391,19.4,52.2,0,,,0,none,none
2025-12-11T23:57:26.646,19.4,52.3,0,,,0,none,none
2025-12-11T23:57:28.901,19.4,52.3,0,,,0,none,none
2025-12-11T23:57:31.156,19.4,52.3,0,,,0,none,none
2025-12-11T23:57:33.410,19.3,52.3,0,,,0,none,none
2025-12-11T23:57:35.665,19.3,52.3,0,,,0,none,none
2025-12-11T23:57:37.920,19.4,52.4,0,,,0,none,none
2025-12-11T23:57:40.175,19.3,52.3,0,,,0,none,none
2025-12-11T23:57:42.429,19.4,52.4,0,,,0,none,none
2025-12-11T23:57:44.684,19.3,52.3,0,,,0,none,none
2025-12-11T23:57:46.939,19.4,52.4,0,,,0,none,none
2025-12-11T23:57:49.194,19.4,52.5,0,,,0,none,none
2025-12-11T23:57:51.448,19.4,52.5,0,,,0,none,none
2025-12-11T23:57:53.703,19.4,52.4,0,,,0,none,none
2025-12-11T23:57:55.958,19.4,52.6,0,,,0,none,none
2025-12-11T23:57:58.213,19.3,52.4,0,,,0,none,none
2025-12-11T23:58:00.468,19.4,52.4,0,,,0,none,none
2025-12-11T23:58:02.722,19.4,52.4,0,,,0,none,none
2025-12-11T23:58:04.977,19.4,52.5,0,,,0,none,none
2025-12-11T23:58:07.232,19.4,52.5,0,,,0,none,none
2025-12-11T23:58:09.487,19.3,52.4,0,,,0,none,none
2025-12-11T23:58:11.742,19.4,52.5,0,,,0,none,none
2025-12-11T23:58:13.996,19.3,52.4,0,,,0,none,none
2025-12-11T23:58:16.251,19.4,52.4,0,,,0,none,none
2025-12-11T23:58:18.506,19.4,52.4,0,,,0,none,none
2025-12-11T23:58:20.760,19.4,52.4,0,,,0,none,none
2025-12-11T23:58:23.015,19.3,52.3,0,,,0,none,none
2025-12-11T23:58:25.270,19.4,52.3,0,,,0,none,none
2025-12-11T23:58:27.525,19.4,52.3,0,,,0,none,none
2025-12-11T23:58:29.780,19.3,52.3,0,,,0,none,none
2025-12-11T23:58:32.035,19.4,52.4,0,,,0,none,none
2025-12-11T23:58:34.289,19.3,52.5,0,,,0,none,none
2025-12-11T23:58:36.544,19.4,52.5,0,,,0,none,none
2025-12-11T23:58:38.799,19.4,52.6,0,,,0,none,none
2025-12-11T23:58:41.053,19.4,52.6,0,,,0,none,none
2025-12-11T23:58:43.308,19.3,52.6,0,,,0,none,none
2025-12-11T23:58:45.563,19.3,52.6,0,,,0,none,none
2025-12-11T23:58:47.818,19.3,52.5,0,,,0,none,none
2025-12-11T23:58:50.073,19.4,52.6,0,,,0,none,none
2025-12-11T23:58:52.327,19.4,52.7,0,,,0,none,none
2025-12-11T23:58:54.582,19.4,52.6,0,,,0,none,none
2025-12-11T23:58:56.837,19.4,52.6,0,,,0,none,none
2025-12-11T23:58:59.091,19.3,52.5,0,,,0,none,none
2025-12-11T23:59:01.346,19.3,52.4,0,,,0,none,none
2025-12-11T23:59:03.601,19.3,52.4,0,,,0,none,none
2025-12-11T23:59:05.856,19.4,52.5,0,,,0,none,none
2025-12-11T23:59:08.110,19.4,52.6,0,,,0,none,none
2025-12-11T23:59:10.365,19.4,52.6,0,,,0,none,none
2025-12-11T23:59:12.620,19.4,52.5,0,,,0,none,none
2025-12-11T23:59:14.875,19.4,52.3,0,,,0,none,none
2025-12-11T23:59:17.129,19.4,52.3,0,,,0,none,none
2025-12-11T23:59:19.384,19.4,52.3,0,,,0,none,none
2025-12-11T23:59:21.639,19.4,52.4,0,,,0,none,none
2025-12-11T23:59:23.894,19.4,52.4,0,,,0,none,none
2025-12-11T23:59:26.148,19.4,52.4,0,,,0,none,none
2025-12-11T23:59:28.403,19.4,52.4,0,,,0,none,none
2025-12-11T23:59:30.658,19.4,52.4,0,,,0,none,none
2025-12-11T23:59:32.917,19.4,52.3,0,,,0,none,none
2025-12-11T23:59:35.172,19.3,52.1,0,,,0,none,none
2025-12-11T23:59:37.427,19.4,52.2,0,,,0,none,none
2025-12-11T23:59:39.681,19.4,52.2,0,,,0,none,none
2025-12-11T23:59:41.936,19.4,52.3,0,,,0,none,none
2025-12-11T23:59:44.191,19.4,52.3,0,,,0,none,none
2025-12-11T23:59:46.446,19.4,52.2,0,,,0,none,none
2025-12-11T23:59:48.700,19.4,52.3,0,,,0,none,none
2025-12-11T23:59:50.955,19.3,52.4,0,,,0,none,none
2025-12-11T23:59:53.210,19.3,52.3,0,,,0,none,none
2025-12-11T23:59:55.465,19.4,52.2,0,,,0,none,none
2025-12-11T23:59:57.720,19.4,52.2,0,,,0,none,none
2025-12-11T23:59:59.974,19.4,52.2,0,,,0,none,none
